t: \f1._0868_ = 1'1
Final constraint equation: \f1._0868_ = 1'1
Imported 3392 cells to SAT database.
Import proof-constraint: \trig = 1'0
Final proof equation: \trig = 1'0
Import show expression: \clk
Import show expression: \rst
Import show expression: \x
Import show expression: \y

Solving problem with 15382 variables and 39074 clauses..
SAT proof finished - model found: FAIL!

   ______                   ___       ___       _ _            _ _ 
  (_____ \                 / __)     / __)     (_) |          | | |
   _____) )___ ___   ___ _| |__    _| |__ _____ _| | _____  __| | |
  |  ____/ ___) _ \ / _ (_   __)  (_   __|____ | | || ___ |/ _  |_|
  | |   | |  | |_| | |_| || |       | |  / ___ | | || ____( (_| |_ 
  |_|   |_|   \___/ \___/ |_|       |_|  \_____|_|\_)_____)\____|_|


  Signal Name             Dec       Hex                                 Bin
  --------------- ----------- --------- -----------------------------------
  \clk                      0         0                                   0
  \rst                      0         0                                   0
  \x              -1811939232  94000060    10010100000000000000000001100000
  \y                        1         1                                   1
VIBEICTDF _392__C STF

247. Executing SAT pass (solving SAT problems in the circuit).
Using SAT solver `kissat`.

Setting up SAT problem:
Import set-constraint: \f1._392__C = 1'1
Final constraint equation: \f1._392__C = 1'1
Imported 3392 cells to SAT database.
Import proof-constraint: \trig = 1'0
Final proof equation: \trig = 1'0
Import show expression: \clk
Import show expression: \rst
Import show expression: \x
Import show expression: \y

Solving problem with 15382 variables and 39074 clauses..
SAT proof finished - model found: FAIL!

   ______                   ___       ___       _ _            _ _ 
  (_____ \                 / __)     / __)     (_) |          | | |
   _____) )___ ___   ___ _| |__    _| |__ _____ _| | _____  __| | |
  |  ____/ ___) _ \ / _ (_   __)  (_   __|____ | | || ___ |/ _  |_|
  | |   | |  | |_| | |_| || |       | |  / ___ | | || ____( (_| |_ 
  |_|   |_|   \___/ \___/ |_|       |_|  \_____|_|\_)_____)\____|_|


  Signal Name             Dec       Hex                                 Bin
  --------------- ----------- --------- -----------------------------------
  \clk                      1         1                                   1
  \rst                      0         0                                   0
  \x               2013265920  78000000    01111000000000000000000000000000
  \y                        1         1                                   1
VIBEICTDF _225__C STR

248. Executing SAT pass (solving SAT problems in the circuit).
Using SAT solver `kissat`.

Setting up SAT problem:
Import set-constraint: \f1._225__C = 1'0
Final constraint equation: \f1._225__C = 1'0
Imported 3392 cells to SAT database.
Import proof-constraint: \trig = 1'0
Final proof equation: \trig = 1'0
Import show expression: \clk
Import show expression: \rst
Import show expression: \x
Import show expression: \y

Solving problem with 15383 variables and 39077 clauses..
SAT proof finished - no model found: SUCCESS!

                  /$$$$$$      /$$$$$$$$     /$$$$$$$    
                 /$$__  $$    | $$_____/    | $$__  $$   
                | $$  \ $$    | $$          | $$  \ $$   
                | $$  | $$    | $$$$$       | $$  | $$   
                | $$  | $$    | $$__/       | $$  | $$   
                | $$/$$ $$    | $$          | $$  | $$   
                |  $$$$$$/ /$$| $$$$$$$$ /$$| $$$$$$$//$$
                 \____ $$$|__/|________/|__/|_______/|__/
                       \__/                              

VIBEICTDF _0739_ STR

249. Executing SAT pass (solving SAT problems in the circuit).
Using SAT solver `kissat`.

Setting up SAT problem:
Import set-constraint: \f1._0739_ = 1'0
Final constraint equation: \f1._0739_ = 1'0
Imported 3392 cells to SAT database.
Import proof-constraint: \trig = 1'0
Final proof equation: \trig = 1'0
Import show expression: \clk
Import show expression: \rst
Import show expression: \x
Import show expression: \y

Solving problem with 15383 variables and 39077 clauses..
SAT proof finished - model found: FAIL!

   ______                   ___       ___       _ _            _ _ 
  (_____ \                 / __)     / __)     (_) |          | | |
   _____) )___ ___   ___ _| |__    _| |__ _____ _| | _____  __| | |
  |  ____/ ___) _ \ / _ (_   __)  (_   __|____ | | || ___ |/ _  |_|
  | |   | |  | |_| | |_| || |       | |  / ___ | | || ____( (_| |_ 
  |_|   |_|   \___/ \___/ |_|       |_|  \_____|_|\_)_____)\____|_|


  Signal Name             Dec       Hex                                 Bin
  --------------- ----------- --------- -----------------------------------
  \clk                      1         1                                   1
  \rst                      0         0                                   0
  \x               2080382976  7c002000    01111100000000000010000000000000
  \y                        1         1                                   1
VIBEICTDF _353__B STR

250. Executing SAT pass (solving SAT problems in the circuit).
Using SAT solver `kissat`.

Setting up SAT problem:
Import set-constraint: \f1._353__B = 1'0
Final constraint equation: \f1._353__B = 1'0
Imported 3392 cells to SAT database.
Import proof-constraint: \trig = 1'0
Final proof equation: \trig = 1'0
Import show expression: \clk
Import show expression: \rst
Import show expression: \x
Import show expression: \y

Solving problem with 15383 variables and 39077 clauses..
SAT proof finished - no model found: SUCCESS!

                  /$$$$$$      /$$$$$$$$     /$$$$$$$    
                 /$$__  $$    | $$_____/    | $$__  $$   
                | $$  \ $$    | $$          | $$  \ $$   
                | $$  | $$    | $$$$$       | $$  | $$   
                | $$  | $$    | $$__/       | $$  | $$   
                | $$/$$ $$    | $$          | $$  | $$   
                |  $$$$$$/ /$$| $$$$$$$$ /$$| $$$$$$$//$$
                 \____ $$$|__/|________/|__/|_______/|__/
                       \__/                              

VIBEICTDF _1256_ STF

251. Executing SAT pass (solving SAT problems in the circuit).
Using SAT solver `kissat`.

Setting up SAT problem:
Import set-constraint: \f1._1256_ = 1'1
Final constraint equation: \f1._1256_ = 1'1
Imported 3392 cells to SAT database.
Import proof-constraint: \trig = 1'0
Final proof equation: \trig = 1'0
Import show expression: \clk
Import show expression: \rst
Import show expression: \x
Import show expression: \y

Solving problem with 15382 variables and 39074 clauses..
SAT proof finished - model found: FAIL!

   ______                   ___       ___       _ _            _ _ 
  (_____ \                 / __)     / __)     (_) |          | | |
   _____) )___ ___   ___ _| |__    _| |__ _____ _| | _____  __| | |
  |  ____/ ___) _ \ / _ (_   __)  (_   __|____ | | || ___ |/ _  |_|
  | |   | |  | |_| | |_| || |       | |  / ___ | | || ____( (_| |_ 
  |_|   |_|   \___/ \___/ |_|       |_|  \_____|_|\_)_____)\____|_|


  Signal Name             Dec       Hex                                 Bin
  --------------- ----------- --------- -----------------------------------
  \clk                      1         1                                   1
  \rst                      0         0                                   0
  \x              -1879048193  8fffffff    10001111111111111111111111111111
  \y                        0         0                                   0
VIBEICTDF _0998_ STR

252. Executing SAT pass (solving SAT problems in the circuit).
Using SAT solver `kissat`.

Setting up SAT problem:
Import set-constraint: \f1._0998_ = 1'0
Final constraint equation: \f1._0998_ = 1'0
Imported 3392 cells to SAT database.
Import proof-constraint: \trig = 1'0
Final proof equation: \trig = 1'0
Import show expression: \clk
Import show expression: \rst
Import show expression: \x
Import show expression: \y

Solving problem with 15383 variables and 39077 clauses..
SAT proof finished - model found: FAIL!

   ______                   ___       ___       _ _            _ _ 
  (_____ \                 / __)     / __)     (_) |          | | |
   _____) )___ ___   ___ _| |__    _| |__ _____ _| | _____  __| | |
  |  ____/ ___) _ \ / _ (_   __)  (_   __|____ | | || ___ |/ _  |_|
  | |   | |  | |_| | |_| || |       | |  / ___ | | || ____( (_| |_ 
  |_|   |_|   \___/ \___/ |_|       |_|  \_____|_|\_)_____)\____|_|


  Signal Name             Dec       Hex                                 Bin
  --------------- ----------- --------- -----------------------------------
  \clk                      0         0                                   0
  \rst                      0         0                                   0
  \x                       -1  ffffffff    11111111111111111111111111111111
  \y                        1         1                                   1
VIBEICTDF _419__B STR

253. Executing SAT pass (solving SAT problems in the circuit).
Using SAT solver `kissat`.

Setting up SAT problem:
Import set-constraint: \f1._419__B = 1'0
Final constraint equation: \f1._419__B = 1'0
Imported 3392 cells to SAT database.
Import proof-constraint: \trig = 1'0
Final proof equation: \trig = 1'0
Import show expression: \clk
Import show expression: \rst
Import show expression: \x
Import show expression: \y

Solving problem with 15383 variables and 39077 clauses..
SAT proof finished - no model found: SUCCESS!

                  /$$$$$$      /$$$$$$$$     /$$$$$$$    
                 /$$__  $$    | $$_____/    | $$__  $$   
                | $$  \ $$    | $$          | $$  \ $$   
                | $$  | $$    | $$$$$       | $$  | $$   
                | $$  | $$    | $$__/       | $$  | $$   
                | $$/$$ $$    | $$          | $$  | $$   
                |  $$$$$$/ /$$| $$$$$$$$ /$$| $$$$$$$//$$
                 \____ $$$|__/|________/|__/|_______/|__/
                       \__/                              

VIBEICTDF _267__A STF

254. Executing SAT pass (solving SAT problems in the circuit).
Using SAT solver `kissat`.

Setting up SAT problem:
Import set-constraint: \f1._267__A = 1'1
Final constraint equation: \f1._267__A = 1'1
Imported 3392 cells to SAT database.
Import proof-constraint: \trig = 1'0
Final proof equation: \trig = 1'0
Import show expression: \clk
Import show expression: \rst
Import show expression: \x
Import show expression: \y

Solving problem with 15383 variables and 39077 clauses..
SAT proof finished - no model found: SUCCESS!

                  /$$$$$$      /$$$$$$$$     /$$$$$$$    
                 /$$__  $$    | $$_____/    | $$__  $$   
                | $$  \ $$    | $$          | $$  \ $$   
                | $$  | $$    | $$$$$       | $$  | $$   
                | $$  | $$    | $$__/       | $$  | $$   
                | $$/$$ $$    | $$          | $$  | $$   
                |  $$$$$$/ /$$| $$$$$$$$ /$$| $$$$$$$//$$
                 \____ $$$|__/|________/|__/|_______/|__/
                       \__/                              

VIBEICTDF _0529_ STR

255. Executing SAT pass (solving SAT problems in the circuit).
Using SAT solver `kissat`.

Setting up SAT problem:
Import set-constraint: \f1._0529_ = 1'0
Final constraint equation: \f1._0529_ = 1'0
Imported 3392 cells to SAT database.
Import proof-constraint: \trig = 1'0
Final proof equation: \trig = 1'0
Import show expression: \clk
Import show expression: \rst
Import show expression: \x
Import show expression: \y

Solving problem with 15383 variables and 39077 clauses..
SAT proof finished - model found: FAIL!

   ______                   ___       ___       _ _            _ _ 
  (_____ \                 / __)     / __)     (_) |          | | |
   _____) )___ ___   ___ _| |__    _| |__ _____ _| | _____  __| | |
  |  ____/ ___) _ \ / _ (_   __)  (_   __|____ | | || ___ |/ _  |_|
  | |   | |  | |_| | |_| || |       | |  / ___ | | || ____( (_| |_ 
  |_|   |_|   \___/ \___/ |_|       |_|  \_____|_|\_)_____)\____|_|


  Signal Name             Dec       Hex                                 Bin
  --------------- ----------- --------- -----------------------------------
  \clk                      1         1                                   1
  \rst                      0         0                                   0
  \x               2013265921  78000001    01111000000000000000000000000001
  \y                        0         0                                   0
VIBEICTDF _283__B STR

256. Executing SAT pass (solving SAT problems in the circuit).
Using SAT solver `kissat`.

Setting up SAT problem:
Import set-constraint: \f1._283__B = 1'0
Final constraint equation: \f1._283__B = 1'0
Imported 3392 cells to SAT database.
Import proof-constraint: \trig = 1'0
Final proof equation: \trig = 1'0
Import show expression: \clk
Import show expression: \rst
Import show expression: \x
Import show expression: \y

Solving problem with 15382 variables and 39074 clauses..
SAT proof finished - model found: FAIL!

   ______                   ___       ___       _ _            _ _ 
  (_____ \                 / __)     / __)     (_) |          | | |
   _____) )___ ___   ___ _| |__    _| |__ _____ _| | _____  __| | |
  |  ____/ ___) _ \ / _ (_   __)  (_   __|____ | | || ___ |/ _  |_|
  | |   | |  | |_| | |_| || |       | |  / ___ | | || ____( (_| |_ 
  |_|   |_|   \___/ \___/ |_|       |_|  \_____|_|\_)_____)\____|_|


  Signal Name             Dec       Hex                                 Bin
  --------------- ----------- --------- -----------------------------------
  \clk                      1         1                                   1
  \rst                      0         0                                   0
  \x              -1879048193  8fffffff    10001111111111111111111111111111
  \y                        0         0                                   0
VIBEICTDF _1046_ STF

257. Executing SAT pass (solving SAT problems in the circuit).
Using SAT solver `kissat`.

Setting up SAT problem:
Import set-constraint: \f1._1046_ = 1'1
Final constraint equation: \f1._1046_ = 1'1
Imported 3392 cells to SAT database.
Import proof-constraint: \trig = 1'0
Final proof equation: \trig = 1'0
Import show expression: \clk
Import show expression: \rst
Import show expression: \x
Import show expression: \y

Solving problem with 15382 variables and 39074 clauses..
SAT proof finished - model found: FAIL!

   ______                   ___       ___       _ _            _ _ 
  (_____ \                 / __)     / __)     (_) |          | | |
   _____) )___ ___   ___ _| |__    _| |__ _____ _| | _____  __| | |
  |  ____/ ___) _ \ / _ (_   __)  (_   __|____ | | || ___ |/ _  |_|
  | |   | |  | |_| | |_| || |       | |  / ___ | | || ____( (_| |_ 
  |_|   |_|   \___/ \___/ |_|       |_|  \_____|_|\_)_____)\____|_|


  Signal Name             Dec       Hex                                 Bin
  --------------- ----------- --------- -----------------------------------
  \clk                      1         1                                   1
  \rst                      0         0                                   0
  \x              -1879048193  8fffffff    10001111111111111111111111111111
  \y                        0         0                                   0
VIBEICTDF _432__C1 STF

258. Executing SAT pass (solving SAT problems in the circuit).
Using SAT solver `kissat`.

Setting up SAT problem:
Import set-constraint: \f1._432__C1 = 1'1
Final constraint equation: \f1._432__C1 = 1'1
Imported 3392 cells to SAT database.
Import proof-constraint: \trig = 1'0
Final proof equation: \trig = 1'0
Import show expression: \clk
Import show expression: \rst
Import show expression: \x
Import show expression: \y

Solving problem with 15383 variables and 39077 clauses..
SAT proof finished - no model found: SUCCESS!

                  /$$$$$$      /$$$$$$$$     /$$$$$$$    
                 /$$__  $$    | $$_____/    | $$__  $$   
                | $$  \ $$    | $$          | $$  \ $$   
                | $$  | $$    | $$$$$       | $$  | $$   
                | $$  | $$    | $$__/       | $$  | $$   
                | $$/$$ $$    | $$          | $$  | $$   
                |  $$$$$$/ /$$| $$$$$$$$ /$$| $$$$$$$//$$
                 \____ $$$|__/|________/|__/|_______/|__/
                       \__/                              

VIBEICTDF _0787_ STF

259. Executing SAT pass (solving SAT problems in the circuit).
Using SAT solver `kissat`.

Setting up SAT problem:
Import set-constraint: \f1._0787_ = 1'1
Final constraint equation: \f1._0787_ = 1'1
Imported 3392 cells to SAT database.
Import proof-constraint: \trig = 1'0
Final proof equation: \trig = 1'0
Import show expression: \clk
Import show expression: \rst
Import show expression: \x
Import show expression: \y

Solving problem with 15382 variables and 39074 clauses..
SAT proof finished - model found: FAIL!

   ______                   ___       ___       _ _            _ _ 
  (_____ \                 / __)     / __)     (_) |          | | |
   _____) )___ ___   ___ _| |__    _| |__ _____ _| | _____  __| | |
  |  ____/ ___) _ \ / _ (_   __)  (_   __|____ | | || ___ |/ _  |_|
  | |   | |  | |_| | |_| || |       | |  / ___ | | || ____( (_| |_ 
  |_|   |_|   \___/ \___/ |_|       |_|  \_____|_|\_)_____)\____|_|


  Signal Name             Dec       Hex                                 Bin
  --------------- ----------- --------- -----------------------------------
  \clk                      0         0                                   0
  \rst                      0         0                                   0
  \x               -738194432  d4000c00    11010100000000000000110000000000
  \y                        1         1                                   1
VIBEICTDF _369__B STF

260. Executing SAT pass (solving SAT problems in the circuit).
Using SAT solver `kissat`.

Setting up SAT problem:
Import set-constraint: \f1._369__B = 1'1
Final constraint equation: \f1._369__B = 1'1
Imported 3392 cells to SAT database.
Import proof-constraint: \trig = 1'0
Final proof equation: \trig = 1'0
Import show expression: \clk
Import show expression: \rst
Import show expression: \x
Import show expression: \y

Solving problem with 15383 variables and 39077 clauses..
SAT proof finished - no model found: SUCCESS!

                  /$$$$$$      /$$$$$$$$     /$$$$$$$    
                 /$$__  $$    | $$_____/    | $$__  $$   
                | $$  \ $$    | $$          | $$  \ $$   
                | $$  | $$    | $$$$$       | $$  | $$   
                | $$  | $$    | $$__/       | $$  | $$   
                | $$/$$ $$    | $$          | $$  | $$   
                |  $$$$$$/ /$$| $$$$$$$$ /$$| $$$$$$$//$$
                 \____ $$$|__/|________/|__/|_______/|__/
                       \__/                              

VIBEICTDF _1305_ STR

261. Executing SAT pass (solving SAT problems in the circuit).
Using SAT solver `kissat`.

Setting up SAT problem:
Import set-constraint: \f1._1305_ = 1'0
Final constraint equation: \f1._1305_ = 1'0
Imported 3392 cells to SAT database.
Import proof-constraint: \trig = 1'0
Final proof equation: \trig = 1'0
Import show expression: \clk
Import show expression: \rst
Import show expression: \x
Import show expression: \y

Solving problem with 15383 variables and 39077 clauses..
SAT proof finished - model found: FAIL!

   ______                   ___       ___       _ _            _ _ 
  (_____ \                 / __)     / __)     (_) |          | | |
   _____) )___ ___   ___ _| |__    _| |__ _____ _| | _____  __| | |
  |  ____/ ___) _ \ / _ (_   __)  (_   __|____ | | || ___ |/ _  |_|
  | |   | |  | |_| | |_| || |       | |  / ___ | | || ____( (_| |_ 
  |_|   |_|   \___/ \___/ |_|       |_|  \_____|_|\_)_____)\____|_|


  Signal Name             Dec       Hex                                 Bin
  --------------- ----------- --------- -----------------------------------
  \clk                      0         0                                   0
  \rst                      0         0                                   0
  \x               2013265932  7800000c    01111000000000000000000000001100
  \y                        0         0                                   0
VIBEICTDF _0658_ STF

262. Executing SAT pass (solving SAT problems in the circuit).
Using SAT solver `kissat`.

Setting up SAT problem:
Import set-constraint: \f1._0658_ = 1'1
Final constraint equation: \f1._0658_ = 1'1
Imported 3392 cells to SAT database.
Import proof-constraint: \trig = 1'0
Final proof equation: \trig = 1'0
Import show expression: \clk
Import show expression: \rst
Import show expression: \x
Import show expression: \y

Solving problem with 15384 variables and 39078 clauses..
SAT proof finished - model found: FAIL!

   ______                   ___       ___       _ _            _ _ 
  (_____ \                 / __)     / __)     (_) |          | | |
   _____) )___ ___   ___ _| |__    _| |__ _____ _| | _____  __| | |
  |  ____/ ___) _ \ / _ (_   __)  (_   __|____ | | || ___ |/ _  |_|
  | |   | |  | |_| | |_| || |       | |  / ___ | | || ____( (_| |_ 
  |_|   |_|   \___/ \___/ |_|       |_|  \_____|_|\_)_____)\____|_|


  Signal Name             Dec       Hex                                 Bin
  --------------- ----------- --------- -----------------------------------
  \clk                      0         0                                   0
  \rst                      0         0                                   0
  \x               2014052352  780c0000    01111000000011000000000000000000
  \y                        0         0                                   0
VIBEICTDF _326__B STR

263. Executing SAT pass (solving SAT problems in the circuit).
Using SAT solver `kissat`.

Setting up SAT problem:
Import set-constraint: \f1._326__B = 1'0
Final constraint equation: \f1._326__B = 1'0
Imported 3392 cells to SAT database.
Import proof-constraint: \trig = 1'0
Final proof equation: \trig = 1'0
Import show expression: \clk
Import show expression: \rst
Import show expression: \x
Import show expression: \y

Solving problem with 15382 variables and 39074 clauses..
SAT proof finished - model found: FAIL!

   ______                   ___       ___       _ _            _ _ 
  (_____ \                 / __)     / __)     (_) |          | | |
   _____) )___ ___   ___ _| |__    _| |__ _____ _| | _____  __| | |
  |  ____/ ___) _ \ / _ (_   __)  (_   __|____ | | || ___ |/ _  |_|
  | |   | |  | |_| | |_| || |       | |  / ___ | | || ____( (_| |_ 
  |_|   |_|   \___/ \___/ |_|       |_|  \_____|_|\_)_____)\____|_|


  Signal Name             Dec       Hex                                 Bin
  --------------- ----------- --------- -----------------------------------
  \clk                      1         1                                   1
  \rst                      0         0                                   0
  \x              -1879048193  8fffffff    10001111111111111111111111111111
  \y                        0         0                                   0
VIBEICTDF _1176_ STR

264. Executing SAT pass (solving SAT problems in the circuit).
Using SAT solver `kissat`.

Setting up SAT problem:
Import set-constraint: \f1._1176_ = 1'0
Final constraint equation: \f1._1176_ = 1'0
Imported 3392 cells to SAT database.
Import proof-constraint: \trig = 1'0
Final proof equation: \trig = 1'0
Import show expression: \clk
Import show expression: \rst
Import show expression: \x
Import show expression: \y

Solving problem with 15383 variables and 39077 clauses..
SAT proof finished - model found: FAIL!

   ______                   ___       ___       _ _            _ _ 
  (_____ \                 / __)     / __)     (_) |          | | |
   _____) )___ ___   ___ _| |__    _| |__ _____ _| | _____  __| | |
  |  ____/ ___) _ \ / _ (_   __)  (_   __|____ | | || ___ |/ _  |_|
  | |   | |  | |_| | |_| || |       | |  / ___ | | || ____( (_| |_ 
  |_|   |_|   \___/ \___/ |_|       |_|  \_____|_|\_)_____)\____|_|


  Signal Name             Dec       Hex                                 Bin
  --------------- ----------- --------- -----------------------------------
  \clk                      0         0                                   0
  \rst                      0         0                                   0
  \x               2013278208  78003000    01111000000000000011000000000000
  \y                        0         0                                   0
VIBEICTDF _0917_ STR

265. Executing SAT pass (solving SAT problems in the circuit).
Using SAT solver `kissat`.

Setting up SAT problem:
Import set-constraint: \f1._0917_ = 1'0
Final constraint equation: \f1._0917_ = 1'0
Imported 3392 cells to SAT database.
Import proof-constraint: \trig = 1'0
Final proof equation: \trig = 1'0
Import show expression: \clk
Import show expression: \rst
Import show expression: \x
Import show expression: \y

Solving problem with 15383 variables and 39077 clauses..
SAT proof finished - model found: FAIL!

   ______                   ___       ___       _ _            _ _ 
  (_____ \                 / __)     / __)     (_) |          | | |
   _____) )___ ___   ___ _| |__    _| |__ _____ _| | _____  __| | |
  |  ____/ ___) _ \ / _ (_   __)  (_   __|____ | | || ___ |/ _  |_|
  | |   | |  | |_| | |_| || |       | |  / ___ | | || ____( (_| |_ 
  |_|   |_|   \___/ \___/ |_|       |_|  \_____|_|\_)_____)\____|_|


  Signal Name             Dec       Hex                                 Bin
  --------------- ----------- --------- -----------------------------------
  \clk                      1         1                                   1
  \rst                      0         0                                   0
  \x               2080374785  7c000001    01111100000000000000000000000001
  \y                        0         0                                   0
VIBEICTDF _403__A1 STR

266. Executing SAT pass (solving SAT problems in the circuit).
Using SAT solver `kissat`.

Setting up SAT problem:
Import set-constraint: \f1._403__A1 = 1'0
Final constraint equation: \f1._403__A1 = 1'0
Imported 3392 cells to SAT database.
Import proof-constraint: \trig = 1'0
Final proof equation: \trig = 1'0
Import show expression: \clk
Import show expression: \rst
Import show expression: \x
Import show expression: \y

Solving problem with 15383 variables and 39077 clauses..
SAT proof finished - no model found: SUCCESS!

                  /$$$$$$      /$$$$$$$$     /$$$$$$$    
                 /$$__  $$    | $$_____/    | $$__  $$   
                | $$  \ $$    | $$          | $$  \ $$   
                | $$  | $$    | $$$$$       | $$  | $$   
                | $$  | $$    | $$__/       | $$  | $$   
                | $$/$$ $$    | $$          | $$  | $$   
                |  $$$$$$/ /$$| $$$$$$$$ /$$| $$$$$$$//$$
                 \____ $$$|__/|________/|__/|_______/|__/
                       \__/                              

VIBEICTDF _240__A STF

267. Executing SAT pass (solving SAT problems in the circuit).
Using SAT solver `kissat`.

Setting up SAT problem:
Import set-constraint: \f1._240__A = 1'1
Final constraint equation: \f1._240__A = 1'1
Imported 3392 cells to SAT database.
Import proof-constraint: \trig = 1'0
Final proof equation: \trig = 1'0
Import show expression: \clk
Import show expression: \rst
Import show expression: \x
Import show expression: \y

Solving problem with 15383 variables and 39077 clauses..
SAT proof finished - no model found: SUCCESS!

                  /$$$$$$      /$$$$$$$$     /$$$$$$$    
                 /$$__  $$    | $$_____/    | $$__  $$   
                | $$  \ $$    | $$          | $$  \ $$   
                | $$  | $$    | $$$$$       | $$  | $$   
                | $$  | $$    | $$__/       | $$  | $$   
                | $$/$$ $$    | $$          | $$  | $$   
                |  $$$$$$/ /$$| $$$$$$$$ /$$| $$$$$$$//$$
                 \____ $$$|__/|________/|__/|_______/|__/
                       \__/                              

VIBEICTDF _0593_ STF

268. Executing SAT pass (solving SAT problems in the circuit).
Using SAT solver `kissat`.

Setting up SAT problem:
Import set-constraint: \f1._0593_ = 1'1
Final constraint equation: \f1._0593_ = 1'1
Imported 3392 cells to SAT database.
Import proof-constraint: \trig = 1'0
Final proof equation: \trig = 1'0
Import show expression: \clk
Import show expression: \rst
Import show expression: \x
Import show expression: \y

Solving problem with 15384 variables and 39078 clauses..
SAT proof finished - model found: FAIL!

   ______                   ___       ___       _ _            _ _ 
  (_____ \                 / __)     / __)     (_) |          | | |
   _____) )___ ___   ___ _| |__    _| |__ _____ _| | _____  __| | |
  |  ____/ ___) _ \ / _ (_   __)  (_   __|____ | | || ___ |/ _  |_|
  | |   | |  | |_| | |_| || |       | |  / ___ | | || ____( (_| |_ 
  |_|   |_|   \___/ \___/ |_|       |_|  \_____|_|\_)_____)\____|_|


  Signal Name             Dec       Hex                                 Bin
  --------------- ----------- --------- -----------------------------------
  \clk                      0         0                                   0
  \rst                      0         0                                   0
  \x               2025848832  78c00000    01111000110000000000000000000000
  \y                        0         0                                   0
VIBEICTDF _304__Y STF

269. Executing SAT pass (solving SAT problems in the circuit).
Using SAT solver `kissat`.

Setting up SAT problem:
Import set-constraint: \f1._304__Y = 1'1
Final constraint equation: \f1._304__Y = 1'1
Imported 3392 cells to SAT database.
Import proof-constraint: \trig = 1'0
Final proof equation: \trig = 1'0
Import show expression: \clk
Import show expression: \rst
Import show expression: \x
Import show expression: \y

Solving problem with 15383 variables and 39077 clauses..
SAT proof finished - no model found: SUCCESS!

                  /$$$$$$      /$$$$$$$$     /$$$$$$$    
                 /$$__  $$    | $$_____/    | $$__  $$   
                | $$  \ $$    | $$          | $$  \ $$   
                | $$  | $$    | $$$$$       | $$  | $$   
                | $$  | $$    | $$__/       | $$  | $$   
                | $$/$$ $$    | $$          | $$  | $$   
                |  $$$$$$/ /$$| $$$$$$$$ /$$| $$$$$$$//$$
                 \____ $$$|__/|________/|__/|_______/|__/
                       \__/                              

VIBEICTDF _1111_ STR

270. Executing SAT pass (solving SAT problems in the circuit).
Using SAT solver `kissat`.

Setting up SAT problem:
Import set-constraint: \f1._1111_ = 1'0
Final constraint equation: \f1._1111_ = 1'0
Imported 3392 cells to SAT database.
Import proof-constraint: \trig = 1'0
Final proof equation: \trig = 1'0
Import show expression: \clk
Import show expression: \rst
Import show expression: \x
Import show expression: \y

Solving problem with 15383 variables and 39077 clauses..
SAT proof finished - model found: FAIL!

   ______                   ___       ___       _ _            _ _ 
  (_____ \                 / __)     / __)     (_) |          | | |
   _____) )___ ___   ___ _| |__    _| |__ _____ _| | _____  __| | |
  |  ____/ ___) _ \ / _ (_   __)  (_   __|____ | | || ___ |/ _  |_|
  | |   | |  | |_| | |_| || |       | |  / ___ | | || ____( (_| |_ 
  |_|   |_|   \___/ \___/ |_|       |_|  \_____|_|\_)_____)\____|_|


  Signal Name             Dec       Hex                                 Bin
  --------------- ----------- --------- -----------------------------------
  \clk                      0         0                                   0
  \rst                      0         0                                   0
  \x               2014838784  78180000    01111000000110000000000000000000
  \y                        0         0                                   0
VIBEICTDF _0852_ STF

271. Executing SAT pass (solving SAT problems in the circuit).
Using SAT solver `kissat`.

Setting up SAT problem:
Import set-constraint: \f1._0852_ = 1'1
Final constraint equation: \f1._0852_ = 1'1
Imported 3392 cells to SAT database.
Import proof-constraint: \trig = 1'0
Final proof equation: \trig = 1'0
Import show expression: \clk
Import show expression: \rst
Import show expression: \x
Import show expression: \y

Solving problem with 15382 variables and 39074 clauses..
SAT proof finished - model found: FAIL!

   ______                   ___       ___       _ _            _ _ 
  (_____ \                 / __)     / __)     (_) |          | | |
   _____) )___ ___   ___ _| |__    _| |__ _____ _| | _____  __| | |
  |  ____/ ___) _ \ / _ (_   __)  (_   __|____ | | || ___ |/ _  |_|
  | |   | |  | |_| | |_| || |       | |  / ___ | | || ____( (_| |_ 
  |_|   |_|   \___/ \___/ |_|       |_|  \_____|_|\_)_____)\____|_|


  Signal Name             Dec       Hex                                 Bin
  --------------- ----------- --------- -----------------------------------
  \clk                      0         0                                   0
  \rst                      0         0                                   0
  \x              -1275068224  b40000c0    10110100000000000000000011000000
  \y                        1         1                                   1
VIBEICTDF _388__B STR

272. Executing SAT pass (solving SAT problems in the circuit).
Using SAT solver `kissat`.

Setting up SAT problem:
Import set-constraint: \f1._388__B = 1'0
Final constraint equation: \f1._388__B = 1'0
Imported 3392 cells to SAT database.
Import proof-constraint: \trig = 1'0
Final proof equation: \trig = 1'0
Import show expression: \clk
Import show expression: \rst
Import show expression: \x
Import show expression: \y

Solving problem with 15383 variables and 39077 clauses..
SAT proof finished - no model found: SUCCESS!

                  /$$$$$$      /$$$$$$$$     /$$$$$$$    
                 /$$__  $$    | $$_____/    | $$__  $$   
                | $$  \ $$    | $$          | $$  \ $$   
                | $$  | $$    | $$$$$       | $$  | $$   
                | $$  | $$    | $$__/       | $$  | $$   
                | $$/$$ $$    | $$          | $$  | $$   
                |  $$$$$$/ /$$| $$$$$$$$ /$$| $$$$$$$//$$
                 \____ $$$|__/|________/|__/|_______/|__/
                       \__/                              

VIBEICTDF _1370_ STR

273. Executing SAT pass (solving SAT problems in the circuit).
Using SAT solver `kissat`.

Setting up SAT problem:
Import set-constraint: \f1._1370_ = 1'0
Final constraint equation: \f1._1370_ = 1'0
Imported 3392 cells to SAT database.
Import proof-constraint: \trig = 1'0
Final proof equation: \trig = 1'0
Import show expression: \clk
Import show expression: \rst
Import show expression: \x
Import show expression: \y

Solving problem with 15382 variables and 39074 clauses..
SAT proof finished - model found: FAIL!

   ______                   ___       ___       _ _            _ _ 
  (_____ \                 / __)     / __)     (_) |          | | |
   _____) )___ ___   ___ _| |__    _| |__ _____ _| | _____  __| | |
  |  ____/ ___) _ \ / _ (_   __)  (_   __|____ | | || ___ |/ _  |_|
  | |   | |  | |_| | |_| || |       | |  / ___ | | || ____( (_| |_ 
  |_|   |_|   \___/ \___/ |_|       |_|  \_____|_|\_)_____)\____|_|


  Signal Name             Dec       Hex                                 Bin
  --------------- ----------- --------- -----------------------------------
  \clk                      1         1                                   1
  \rst                      0         0                                   0
  \x               2080374785  7c000001    01111100000000000000000000000001
  \y                        0         0                                   0
VIBEICTDF _0723_ STR

274. Executing SAT pass (solving SAT problems in the circuit).
Using SAT solver `kissat`.

Setting up SAT problem:
Import set-constraint: \f1._0723_ = 1'0
Final constraint equation: \f1._0723_ = 1'0
Imported 3392 cells to SAT database.
Import proof-constraint: \trig = 1'0
Final proof equation: \trig = 1'0
Import show expression: \clk
Import show expression: \rst
Import show expression: \x
Import show expression: \y

Solving problem with 15383 variables and 39077 clauses..
SAT proof finished - model found: FAIL!

   ______                   ___       ___       _ _            _ _ 
  (_____ \                 / __)     / __)     (_) |          | | |
   _____) )___ ___   ___ _| |__    _| |__ _____ _| | _____  __| | |
  |  ____/ ___) _ \ / _ (_   __)  (_   __|____ | | || ___ |/ _  |_|
  | |   | |  | |_| | |_| || |       | |  / ___ | | || ____( (_| |_ 
  |_|   |_|   \___/ \___/ |_|       |_|  \_____|_|\_)_____)\____|_|


  Signal Name             Dec       Hex                                 Bin
  --------------- ----------- --------- -----------------------------------
  \clk                      1         1                                   1
  \rst                      0         0                                   0
  \x               2080391168  7c004000    01111100000000000100000000000000
  \y                        1         1                                   1
VIBEICTDF _348__A STR

275. Executing SAT pass (solving SAT problems in the circuit).
Using SAT solver `kissat`.

Setting up SAT problem:
Import set-constraint: \f1._348__A = 1'0
Final constraint equation: \f1._348__A = 1'0
Imported 3392 cells to SAT database.
Import proof-constraint: \trig = 1'0
Final proof equation: \trig = 1'0
Import show expression: \clk
Import show expression: \rst
Import show expression: \x
Import show expression: \y

Solving problem with 15383 variables and 39077 clauses..
SAT proof finished - no model found: SUCCESS!

                  /$$$$$$      /$$$$$$$$     /$$$$$$$    
                 /$$__  $$    | $$_____/    | $$__  $$   
                | $$  \ $$    | $$          | $$  \ $$   
                | $$  | $$    | $$$$$       | $$  | $$   
                | $$  | $$    | $$__/       | $$  | $$   
                | $$/$$ $$    | $$          | $$  | $$   
                |  $$$$$$/ /$$| $$$$$$$$ /$$| $$$$$$$//$$
                 \____ $$$|__/|________/|__/|_______/|__/
                       \__/                              

VIBEICTDF _1240_ STF

276. Executing SAT pass (solving SAT problems in the circuit).
Using SAT solver `kissat`.

Setting up SAT problem:
Import set-constraint: \f1._1240_ = 1'1
Final constraint equation: \f1._1240_ = 1'1
Imported 3392 cells to SAT database.
Import proof-constraint: \trig = 1'0
Final proof equation: \trig = 1'0
Import show expression: \clk
Import show expression: \rst
Import show expression: \x
Import show expression: \y

Solving problem with 15384 variables and 39078 clauses..
SAT proof finished - model found: FAIL!

   ______                   ___       ___       _ _            _ _ 
  (_____ \                 / __)     / __)     (_) |          | | |
   _____) )___ ___   ___ _| |__    _| |__ _____ _| | _____  __| | |
  |  ____/ ___) _ \ / _ (_   __)  (_   __|____ | | || ___ |/ _  |_|
  | |   | |  | |_| | |_| || |       | |  / ___ | | || ____( (_| |_ 
  |_|   |_|   \___/ \___/ |_|       |_|  \_____|_|\_)_____)\____|_|


  Signal Name             Dec       Hex                                 Bin
  --------------- ----------- --------- -----------------------------------
  \clk                      1         1                                   1
  \rst                      0         0                                   0
  \x                       65        41    00000000000000000000000001000001
  \y                        0         0                                   0
VIBEICTDF _0981_ STF

277. Executing SAT pass (solving SAT problems in the circuit).
Using SAT solver `kissat`.

Setting up SAT problem:
Import set-constraint: \f1._0981_ = 1'1
Final constraint equation: \f1._0981_ = 1'1
Imported 3392 cells to SAT database.
Import proof-constraint: \trig = 1'0
Final proof equation: \trig = 1'0
Import show expression: \clk
Import show expression: \rst
Import show expression: \x
Import show expression: \y

Solving problem with 15382 variables and 39074 clauses..
SAT proof finished - model found: FAIL!

   ______                   ___       ___       _ _            _ _ 
  (_____ \                 / __)     / __)     (_) |          | | |
   _____) )___ ___   ___ _| |__    _| |__ _____ _| | _____  __| | |
  |  ____/ ___) _ \ / _ (_   __)  (_   __|____ | | || ___ |/ _  |_|
  | |   | |  | |_| | |_| || |       | |  / ___ | | || ____( (_| |_ 
  |_|   |_|   \___/ \___/ |_|       |_|  \_____|_|\_)_____)\____|_|


  Signal Name             Dec       Hex                                 Bin
  --------------- ----------- --------- -----------------------------------
  \clk                      1         1                                   1
  \rst                      0         0                                   0
  \x               -268435456  f0000000    11110000000000000000000000000000
  \y                        1         1                                   1
VIBEICTDF _415__Y STF

278. Executing SAT pass (solving SAT problems in the circuit).
Using SAT solver `kissat`.

Setting up SAT problem:
Import set-constraint: \f1._415__Y = 1'1
Final constraint equation: \f1._415__Y = 1'1
Imported 3392 cells to SAT database.
Import proof-constraint: \trig = 1'0
Final proof equation: \trig = 1'0
Import show expression: \clk
Import show expression: \rst
Import show expression: \x
Import show expression: \y

Solving problem with 15383 variables and 39077 clauses..
SAT proof finished - no model found: SUCCESS!

                  /$$$$$$      /$$$$$$$$     /$$$$$$$    
                 /$$__  $$    | $$_____/    | $$__  $$   
                | $$  \ $$    | $$          | $$  \ $$   
                | $$  | $$    | $$$$$       | $$  | $$   
                | $$  | $$    | $$__/       | $$  | $$   
                | $$/$$ $$    | $$          | $$  | $$   
                |  $$$$$$/ /$$| $$$$$$$$ /$$| $$$$$$$//$$
                 \____ $$$|__/|________/|__/|_______/|__/
                       \__/                              

VIBEICTDF _261__Y STR

279. Executing SAT pass (solving SAT problems in the circuit).
Using SAT solver `kissat`.

Setting up SAT problem:
Import set-constraint: \f1._261__Y = 1'0
Final constraint equation: \f1._261__Y = 1'0
Imported 3392 cells to SAT database.
Import proof-constraint: \trig = 1'0
Final proof equation: \trig = 1'0
Import show expression: \clk
Import show expression: \rst
Import show expression: \x
Import show expression: \y

Solving problem with 15383 variables and 39077 clauses..
SAT proof finished - no model found: SUCCESS!

                  /$$$$$$      /$$$$$$$$     /$$$$$$$    
                 /$$__  $$    | $$_____/    | $$__  $$   
                | $$  \ $$    | $$          | $$  \ $$   
                | $$  | $$    | $$$$$       | $$  | $$   
                | $$  | $$    | $$__/       | $$  | $$   
                | $$/$$ $$    | $$          | $$  | $$   
                |  $$$$$$/ /$$| $$$$$$$$ /$$| $$$$$$$//$$
                 \____ $$$|__/|________/|__/|_______/|__/
                       \__/                              

VIBEICTDF _0561_ STF

280. Executing SAT pass (solving SAT problems in the circuit).
Using SAT solver `kissat`.

Setting up SAT problem:
Import set-constraint: \f1._0561_ = 1'1
Final constraint equation: \f1._0561_ = 1'1
Imported 3392 cells to SAT database.
Import proof-constraint: \trig = 1'0
Final proof equation: \trig = 1'0
Import show expression: \clk
Import show expression: \rst
Import show expression: \x
Import show expression: \y

Solving problem with 15384 variables and 39078 clauses..
SAT proof finished - model found: FAIL!

   ______                   ___       ___       _ _            _ _ 
  (_____ \                 / __)     / __)     (_) |          | | |
   _____) )___ ___   ___ _| |__    _| |__ _____ _| | _____  __| | |
  |  ____/ ___) _ \ / _ (_   __)  (_   __|____ | | || ___ |/ _  |_|
  | |   | |  | |_| | |_| || |       | |  / ___ | | || ____( (_| |_ 
  |_|   |_|   \___/ \___/ |_|       |_|  \_____|_|\_)_____)\____|_|


  Signal Name             Dec       Hex                                 Bin
  --------------- ----------- --------- -----------------------------------
  \clk                      0         0                                   0
  \rst                      0         0                                   0
  \x               2063597568  7b000000    01111011000000000000000000000000
  \y                        0         0                                   0
VIBEICTDF _294__A STR

281. Executing SAT pass (solving SAT problems in the circuit).
Using SAT solver `kissat`.

Setting up SAT problem:
Import set-constraint: \f1._294__A = 1'0
Final constraint equation: \f1._294__A = 1'0
Imported 3392 cells to SAT database.
Import proof-constraint: \trig = 1'0
Final proof equation: \trig = 1'0
Import show expression: \clk
Import show expression: \rst
Import show expression: \x
Import show expression: \y

Solving problem with 15383 variables and 39077 clauses..
SAT proof finished - no model found: SUCCESS!

                  /$$$$$$      /$$$$$$$$     /$$$$$$$    
                 /$$__  $$    | $$_____/    | $$__  $$   
                | $$  \ $$    | $$          | $$  \ $$   
                | $$  | $$    | $$$$$       | $$  | $$   
                | $$  | $$    | $$__/       | $$  | $$   
                | $$/$$ $$    | $$          | $$  | $$   
                |  $$$$$$/ /$$| $$$$$$$$ /$$| $$$$$$$//$$
                 \____ $$$|__/|________/|__/|_______/|__/
                       \__/                              

VIBEICTDF _1078_ STF

282. Executing SAT pass (solving SAT problems in the circuit).
Using SAT solver `kissat`.

Setting up SAT problem:
Import set-constraint: \f1._1078_ = 1'1
Final constraint equation: \f1._1078_ = 1'1
Imported 3392 cells to SAT database.
Import proof-constraint: \trig = 1'0
Final proof equation: \trig = 1'0
Import show expression: \clk
Import show expression: \rst
Import show expression: \x
Import show expression: \y

Solving problem with 15382 variables and 39074 clauses..
SAT proof finished - no model found: SUCCESS!

                  /$$$$$$      /$$$$$$$$     /$$$$$$$    
                 /$$__  $$    | $$_____/    | $$__  $$   
                | $$  \ $$    | $$          | $$  \ $$   
                | $$  | $$    | $$$$$       | $$  | $$   
                | $$  | $$    | $$__/       | $$  | $$   
                | $$/$$ $$    | $$          | $$  | $$   
                |  $$$$$$/ /$$| $$$$$$$$ /$$| $$$$$$$//$$
                 \____ $$$|__/|________/|__/|_______/|__/
                       \__/                              

VIBEICTDF _441__A STF

283. Executing SAT pass (solving SAT problems in the circuit).
Using SAT solver `kissat`.

Setting up SAT problem:
Import set-constraint: \f1._441__A = 1'1
Final constraint equation: \f1._441__A = 1'1
Imported 3392 cells to SAT database.
Import proof-constraint: \trig = 1'0
Final proof equation: \trig = 1'0
Import show expression: \clk
Import show expression: \rst
Import show expression: \x
Import show expression: \y

Solving problem with 15383 variables and 39077 clauses..
SAT proof finished - no model found: SUCCESS!

                  /$$$$$$      /$$$$$$$$     /$$$$$$$    
                 /$$__  $$    | $$_____/    | $$__  $$   
                | $$  \ $$    | $$          | $$  \ $$   
                | $$  | $$    | $$$$$       | $$  | $$   
                | $$  | $$    | $$__/       | $$  | $$   
                | $$/$$ $$    | $$          | $$  | $$   
                |  $$$$$$/ /$$| $$$$$$$$ /$$| $$$$$$$//$$
                 \____ $$$|__/|________/|__/|_______/|__/
                       \__/                              

VIBEICTDF _0820_ STR

284. Executing SAT pass (solving SAT problems in the circuit).
Using SAT solver `kissat`.

Setting up SAT problem:
Import set-constraint: \f1._0820_ = 1'0
Final constraint equation: \f1._0820_ = 1'0
Imported 3392 cells to SAT database.
Import proof-constraint: \trig = 1'0
Final proof equation: \trig = 1'0
Import show expression: \clk
Import show expression: \rst
Import show expression: \x
Import show expression: \y

Solving problem with 15383 variables and 39077 clauses..
SAT proof finished - model found: FAIL!

   ______                   ___       ___       _ _            _ _ 
  (_____ \                 / __)     / __)     (_) |          | | |
   _____) )___ ___   ___ _| |__    _| |__ _____ _| | _____  __| | |
  |  ____/ ___) _ \ / _ (_   __)  (_   __|____ | | || ___ |/ _  |_|
  | |   | |  | |_| | |_| || |       | |  / ___ | | || ____( (_| |_ 
  |_|   |_|   \___/ \___/ |_|       |_|  \_____|_|\_)_____)\____|_|


  Signal Name             Dec       Hex                                 Bin
  --------------- ----------- --------- -----------------------------------
  \clk                      1         1                                   1
  \rst                      0         0                                   0
  \x               2080375040  7c000100    01111100000000000000000100000000
  \y                        1         1                                   1
VIBEICTDF _380__B STR

285. Executing SAT pass (solving SAT problems in the circuit).
Using SAT solver `kissat`.

Setting up SAT problem:
Import set-constraint: \f1._380__B = 1'0
Final constraint equation: \f1._380__B = 1'0
Imported 3392 cells to SAT database.
Import proof-constraint: \trig = 1'0
Final proof equation: \trig = 1'0
Import show expression: \clk
Import show expression: \rst
Import show expression: \x
Import show expression: \y

Solving problem with 15382 variables and 39074 clauses..
SAT proof finished - model found: FAIL!

   ______                   ___       ___       _ _            _ _ 
  (_____ \                 / __)     / __)     (_) |          | | |
   _____) )___ ___   ___ _| |__    _| |__ _____ _| | _____  __| | |
  |  ____/ ___) _ \ / _ (_   __)  (_   __|____ | | || ___ |/ _  |_|
  | |   | |  | |_| | |_| || |       | |  / ___ | | || ____( (_| |_ 
  |_|   |_|   \___/ \___/ |_|       |_|  \_____|_|\_)_____)\____|_|


  Signal Name             Dec       Hex                                 Bin
  --------------- ----------- --------- -----------------------------------
  \clk                      1         1                                   1
  \rst                      0         0                                   0
  \x              -1879048193  8fffffff    10001111111111111111111111111111
  \y                        0         0                                   0
VIBEICTDF _1337_ STF

286. Executing SAT pass (solving SAT problems in the circuit).
Using SAT solver `kissat`.

Setting up SAT problem:
Import set-constraint: \f1._1337_ = 1'1
Final constraint equation: \f1._1337_ = 1'1
Imported 3392 cells to SAT database.
Import proof-constraint: \trig = 1'0
Final proof equation: \trig = 1'0
Import show expression: \clk
Import show expression: \rst
Import show expression: \x
Import show expression: \y

Solving problem with 15382 variables and 39074 clauses..
SAT proof finished - model found: FAIL!

   ______                   ___       ___       _ _            _ _ 
  (_____ \                 / __)     / __)     (_) |          | | |
   _____) )___ ___   ___ _| |__    _| |__ _____ _| | _____  __| | |
  |  ____/ ___) _ \ / _ (_   __)  (_   __|____ | | || ___ |/ _  |_|
  | |   | |  | |_| | |_| || |       | |  / ___ | | || ____( (_| |_ 
  |_|   |_|   \___/ \___/ |_|       |_|  \_____|_|\_)_____)\____|_|


  Signal Name             Dec       Hex                                 Bin
  --------------- ----------- --------- -----------------------------------
  \clk                      1         1                                   1
  \rst                      0         0                                   0
  \x               1006632961  3c000001    00111100000000000000000000000001
  \y                        0         0                                   0
VIBEICTDF _0690_ STF

287. Executing SAT pass (solving SAT problems in the circuit).
Using SAT solver `kissat`.

Setting up SAT problem:
Import set-constraint: \f1._0690_ = 1'1
Final constraint equation: \f1._0690_ = 1'1
Imported 3392 cells to SAT database.
Import proof-constraint: \trig = 1'0
Final proof equation: \trig = 1'0
Import show expression: \clk
Import show expression: \rst
Import show expression: \x
Import show expression: \y

Solving problem with 15384 variables and 39078 clauses..
SAT proof finished - model found: FAIL!

   ______                   ___       ___       _ _            _ _ 
  (_____ \                 / __)     / __)     (_) |          | | |
   _____) )___ ___   ___ _| |__    _| |__ _____ _| | _____  __| | |
  |  ____/ ___) _ \ / _ (_   __)  (_   __|____ | | || ___ |/ _  |_|
  | |   | |  | |_| | |_| || |       | |  / ___ | | || ____( (_| |_ 
  |_|   |_|   \___/ \___/ |_|       |_|  \_____|_|\_)_____)\____|_|


  Signal Name             Dec       Hex                                 Bin
  --------------- ----------- --------- -----------------------------------
  \clk                      0         0                                   0
  \rst                      0         0                                   0
  \x               2013462528  78030000    01111000000000110000000000000000
  \y                        0         0                                   0
VIBEICTDF _337__A STF

288. Executing SAT pass (solving SAT problems in the circuit).
Using SAT solver `kissat`.

Setting up SAT problem:
Import set-constraint: \f1._337__A = 1'1
Final constraint equation: \f1._337__A = 1'1
Imported 3392 cells to SAT database.
Import proof-constraint: \trig = 1'0
Final proof equation: \trig = 1'0
Import show expression: \clk
Import show expression: \rst
Import show expression: \x
Import show expression: \y

Solving problem with 15380 variables and 39068 clauses..
SAT proof finished - model found: FAIL!

   ______                   ___       ___       _ _            _ _ 
  (_____ \                 / __)     / __)     (_) |          | | |
   _____) )___ ___   ___ _| |__    _| |__ _____ _| | _____  __| | |
  |  ____/ ___) _ \ / _ (_   __)  (_   __|____ | | || ___ |/ _  |_|
  | |   | |  | |_| | |_| || |       | |  / ___ | | || ____( (_| |_ 
  |_|   |_|   \___/ \___/ |_|       |_|  \_____|_|\_)_____)\____|_|


  Signal Name             Dec       Hex                                 Bin
  --------------- ----------- --------- -----------------------------------
  \clk                      0         0                                   0
  \rst                      0         0                                   0
  \x              -1946156800  8c000100    10001100000000000000000100000000
  \y                        1         1                                   1
VIBEICTDF _1208_ STR

289. Executing SAT pass (solving SAT problems in the circuit).
Using SAT solver `kissat`.

Setting up SAT problem:
Import set-constraint: \f1._1208_ = 1'0
Final constraint equation: \f1._1208_ = 1'0
Imported 3392 cells to SAT database.
Import proof-constraint: \trig = 1'0
Final proof equation: \trig = 1'0
Import show expression: \clk
Import show expression: \rst
Import show expression: \x
Import show expression: \y

Solving problem with 15383 variables and 39077 clauses..
SAT proof finished - no model found: SUCCESS!

                  /$$$$$$      /$$$$$$$$     /$$$$$$$    
                 /$$__  $$    | $$_____/    | $$__  $$   
                | $$  \ $$    | $$          | $$  \ $$   
                | $$  | $$    | $$$$$       | $$  | $$   
                | $$  | $$    | $$__/       | $$  | $$   
                | $$/$$ $$    | $$          | $$  | $$   
                |  $$$$$$/ /$$| $$$$$$$$ /$$| $$$$$$$//$$
                 \____ $$$|__/|________/|__/|_______/|__/
                       \__/                              

VIBEICTDF _0949_ STF

290. Executing SAT pass (solving SAT problems in the circuit).
Using SAT solver `kissat`.

Setting up SAT problem:
Import set-constraint: \f1._0949_ = 1'1
Final constraint equation: \f1._0949_ = 1'1
Imported 3392 cells to SAT database.
Import proof-constraint: \trig = 1'0
Final proof equation: \trig = 1'0
Import show expression: \clk
Import show expression: \rst
Import show expression: \x
Import show expression: \y

Solving problem with 15382 variables and 39074 clauses..
SAT proof finished - model found: FAIL!

   ______                   ___       ___       _ _            _ _ 
  (_____ \                 / __)     / __)     (_) |          | | |
   _____) )___ ___   ___ _| |__    _| |__ _____ _| | _____  __| | |
  |  ____/ ___) _ \ / _ (_   __)  (_   __|____ | | || ___ |/ _  |_|
  | |   | |  | |_| | |_| || |       | |  / ___ | | || ____( (_| |_ 
  |_|   |_|   \___/ \___/ |_|       |_|  \_____|_|\_)_____)\____|_|


  Signal Name             Dec       Hex                                 Bin
  --------------- ----------- --------- -----------------------------------
  \clk                      1         1                                   1
  \rst                      0         0                                   0
  \x               -268435457  efffffff    11101111111111111111111111111111
  \y                        1         1                                   1
VIBEICTDF _409__B1 STF

291. Executing SAT pass (solving SAT problems in the circuit).
Using SAT solver `kissat`.

Setting up SAT problem:
Import set-constraint: \f1._409__B1 = 1'1
Final constraint equation: \f1._409__B1 = 1'1
Imported 3392 cells to SAT database.
Import proof-constraint: \trig = 1'0
Final proof equation: \trig = 1'0
Import show expression: \clk
Import show expression: \rst
Import show expression: \x
Import show expression: \y

Solving problem with 15381 variables and 39071 clauses..
SAT proof finished - model found: FAIL!

   ______                   ___       ___       _ _            _ _ 
  (_____ \                 / __)     / __)     (_) |          | | |
   _____) )___ ___   ___ _| |__    _| |__ _____ _| | _____  __| | |
  |  ____/ ___) _ \ / _ (_   __)  (_   __|____ | | || ___ |/ _  |_|
  | |   | |  | |_| | |_| || |       | |  / ___ | | || ____( (_| |_ 
  |_|   |_|   \___/ \___/ |_|       |_|  \_____|_|\_)_____)\____|_|


  Signal Name             Dec       Hex                                 Bin
  --------------- ----------- --------- -----------------------------------
  \clk                      1         1                                   1
  \rst                      0         0                                   0
  \x               2013278208  78003000    01111000000000000011000000000000
  \y                        1         1                                   1
VIBEICTDF _251__A STR

292. Executing SAT pass (solving SAT problems in the circuit).
Using SAT solver `kissat`.

Setting up SAT problem:
Import set-constraint: \f1._251__A = 1'0
Final constraint equation: \f1._251__A = 1'0
Imported 3392 cells to SAT database.
Import proof-constraint: \trig = 1'0
Final proof equation: \trig = 1'0
Import show expression: \clk
Import show expression: \rst
Import show expression: \x
Import show expression: \y

Solving problem with 15383 variables and 39077 clauses..
SAT proof finished - no model found: SUCCESS!

                  /$$$$$$      /$$$$$$$$     /$$$$$$$    
                 /$$__  $$    | $$_____/    | $$__  $$   
                | $$  \ $$    | $$          | $$  \ $$   
                | $$  | $$    | $$$$$       | $$  | $$   
                | $$  | $$    | $$__/       | $$  | $$   
                | $$/$$ $$    | $$          | $$  | $$   
                |  $$$$$$/ /$$| $$$$$$$$ /$$| $$$$$$$//$$
                 \____ $$$|__/|________/|__/|_______/|__/
                       \__/                              

VIBEICTDF _0626_ STR

293. Executing SAT pass (solving SAT problems in the circuit).
Using SAT solver `kissat`.

Setting up SAT problem:
Import set-constraint: \f1._0626_ = 1'0
Final constraint equation: \f1._0626_ = 1'0
Imported 3392 cells to SAT database.
Import proof-constraint: \trig = 1'0
Final proof equation: \trig = 1'0
Import show expression: \clk
Import show expression: \rst
Import show expression: \x
Import show expression: \y

Solving problem with 15382 variables and 39074 clauses..
SAT proof finished - model found: FAIL!

   ______                   ___       ___       _ _            _ _ 
  (_____ \                 / __)     / __)     (_) |          | | |
   _____) )___ ___   ___ _| |__    _| |__ _____ _| | _____  __| | |
  |  ____/ ___) _ \ / _ (_   __)  (_   __|____ | | || ___ |/ _  |_|
  | |   | |  | |_| | |_| || |       | |  / ___ | | || ____( (_| |_ 
  |_|   |_|   \___/ \___/ |_|       |_|  \_____|_|\_)_____)\____|_|


  Signal Name             Dec       Hex                                 Bin
  --------------- ----------- --------- -----------------------------------
  \clk                      1         1                                   1
  \rst                      0         0                                   0
  \x              -1879048193  8fffffff    10001111111111111111111111111111
  \y                        0         0                                   0
VIBEICTDF _315__Y STR

294. Executing SAT pass (solving SAT problems in the circuit).
Using SAT solver `kissat`.

Setting up SAT problem:
Import set-constraint: \f1._315__Y = 1'0
Final constraint equation: \f1._315__Y = 1'0
Imported 3392 cells to SAT database.
Import proof-constraint: \trig = 1'0
Final proof equation: \trig = 1'0
Import show expression: \clk
Import show expression: \rst
Import show expression: \x
Import show expression: \y

Solving problem with 15383 variables and 39077 clauses..
SAT proof finished - no model found: SUCCESS!

                  /$$$$$$      /$$$$$$$$     /$$$$$$$    
                 /$$__  $$    | $$_____/    | $$__  $$   
                | $$  \ $$    | $$          | $$  \ $$   
                | $$  | $$    | $$$$$       | $$  | $$   
                | $$  | $$    | $$__/       | $$  | $$   
                | $$/$$ $$    | $$          | $$  | $$   
                |  $$$$$$/ /$$| $$$$$$$$ /$$| $$$$$$$//$$
                 \____ $$$|__/|________/|__/|_______/|__/
                       \__/                              

VIBEICTDF _1143_ STF

295. Executing SAT pass (solving SAT problems in the circuit).
Using SAT solver `kissat`.

Setting up SAT problem:
Import set-constraint: \f1._1143_ = 1'1
Final constraint equation: \f1._1143_ = 1'1
Imported 3392 cells to SAT database.
Import proof-constraint: \trig = 1'0
Final proof equation: \trig = 1'0
Import show expression: \clk
Import show expression: \rst
Import show expression: \x
Import show expression: \y

Solving problem with 15382 variables and 39074 clauses..
SAT proof finished - model found: FAIL!

   ______                   ___       ___       _ _            _ _ 
  (_____ \                 / __)     / __)     (_) |          | | |
   _____) )___ ___   ___ _| |__    _| |__ _____ _| | _____  __| | |
  |  ____/ ___) _ \ / _ (_   __)  (_   __|____ | | || ___ |/ _  |_|
  | |   | |  | |_| | |_| || |       | |  / ___ | | || ____( (_| |_ 
  |_|   |_|   \___/ \___/ |_|       |_|  \_____|_|\_)_____)\____|_|


  Signal Name             Dec       Hex                                 Bin
  --------------- ----------- --------- -----------------------------------
  \clk                      1         1                                   1
  \rst                      0         0                                   0
  \x                    32769      8001    00000000000000001000000000000001
  \y                        0         0                                   0
VIBEICTDF _0884_ STF

296. Executing SAT pass (solving SAT problems in the circuit).
Using SAT solver `kissat`.

Setting up SAT problem:
Import set-constraint: \f1._0884_ = 1'1
Final constraint equation: \f1._0884_ = 1'1
Imported 3392 cells to SAT database.
Import proof-constraint: \trig = 1'0
Final proof equation: \trig = 1'0
Import show expression: \clk
Import show expression: \rst
Import show expression: \x
Import show expression: \y

Solving problem with 15382 variables and 39074 clauses..
SAT proof finished - model found: FAIL!

   ______                   ___       ___       _ _            _ _ 
  (_____ \                 / __)     / __)     (_) |          | | |
   _____) )___ ___   ___ _| |__    _| |__ _____ _| | _____  __| | |
  |  ____/ ___) _ \ / _ (_   __)  (_   __|____ | | || ___ |/ _  |_|
  | |   | |  | |_| | |_| || |       | |  / ___ | | || ____( (_| |_ 
  |_|   |_|   \___/ \___/ |_|       |_|  \_____|_|\_)_____)\____|_|


  Signal Name             Dec       Hex                                 Bin
  --------------- ----------- --------- -----------------------------------
  \clk                      0         0                                   0
  \rst                      0         0                                   0
  \x               -738197456  d4000030    11010100000000000000000000110000
  \y                        1         1                                   1
VIBEICTDF _396__B1 STF

297. Executing SAT pass (solving SAT problems in the circuit).
Using SAT solver `kissat`.

Setting up SAT problem:
Import set-constraint: \f1._396__B1 = 1'1
Final constraint equation: \f1._396__B1 = 1'1
Imported 3392 cells to SAT database.
Import proof-constraint: \trig = 1'0
Final proof equation: \trig = 1'0
Import show expression: \clk
Import show expression: \rst
Import show expression: \x
Import show expression: \y

Solving problem with 15381 variables and 39071 clauses..
SAT proof finished - model found: FAIL!

   ______                   ___       ___       _ _            _ _ 
  (_____ \                 / __)     / __)     (_) |          | | |
   _____) )___ ___   ___ _| |__    _| |__ _____ _| | _____  __| | |
  |  ____/ ___) _ \ / _ (_   __)  (_   __|____ | | || ___ |/ _  |_|
  | |   | |  | |_| | |_| || |       | |  / ___ | | || ____( (_| |_ 
  |_|   |_|   \___/ \___/ |_|       |_|  \_____|_|\_)_____)\____|_|


  Signal Name             Dec       Hex                                 Bin
  --------------- ----------- --------- -----------------------------------
  \clk                      1         1                                   1
  \rst                      0         0                                   0
  \x               2113929216  7e000000    01111110000000000000000000000000
  \y                        1         1                                   1
VIBEICTDF _229__X STR

298. Executing SAT pass (solving SAT problems in the circuit).
Using SAT solver `kissat`.

Setting up SAT problem:
Import set-constraint: \f1._229__X = 1'0
Final constraint equation: \f1._229__X = 1'0
Imported 3392 cells to SAT database.
Import proof-constraint: \trig = 1'0
Final proof equation: \trig = 1'0
Import show expression: \clk
Import show expression: \rst
Import show expression: \x
Import show expression: \y

Solving problem with 15383 variables and 39077 clauses..
SAT proof finished - no model found: SUCCESS!

                  /$$$$$$      /$$$$$$$$     /$$$$$$$    
                 /$$__  $$    | $$_____/    | $$__  $$   
                | $$  \ $$    | $$          | $$  \ $$   
                | $$  | $$    | $$$$$       | $$  | $$   
                | $$  | $$    | $$__/       | $$  | $$   
                | $$/$$ $$    | $$          | $$  | $$   
                |  $$$$$$/ /$$| $$$$$$$$ /$$| $$$$$$$//$$
                 \____ $$$|__/|________/|__/|_______/|__/
                       \__/                              

VIBEICTDF _0755_ STF

299. Executing SAT pass (solving SAT problems in the circuit).
Using SAT solver `kissat`.

Setting up SAT problem:
Import set-constraint: \f1._0755_ = 1'1
Final constraint equation: \f1._0755_ = 1'1
Imported 3392 cells to SAT database.
Import proof-constraint: \trig = 1'0
Final proof equation: \trig = 1'0
Import show expression: \clk
Import show expression: \rst
Import show expression: \x
Import show expression: \y

Solving problem with 15382 variables and 39074 clauses..
SAT proof finished - model found: FAIL!

   ______                   ___       ___       _ _            _ _ 
  (_____ \                 / __)     / __)     (_) |          | | |
   _____) )___ ___   ___ _| |__    _| |__ _____ _| | _____  __| | |
  |  ____/ ___) _ \ / _ (_   __)  (_   __|____ | | || ___ |/ _  |_|
  | |   | |  | |_| | |_| || |       | |  / ___ | | || ____( (_| |_ 
  |_|   |_|   \___/ \___/ |_|       |_|  \_____|_|\_)_____)\____|_|


  Signal Name             Dec       Hex                                 Bin
  --------------- ----------- --------- -----------------------------------
  \clk                      0         0                                   0
  \rst                      0         0                                   0
  \x               -738185216  d4003000    11010100000000000011000000000000
  \y                        1         1                                   1
VIBEICTDF _358__Y STR

300. Executing SAT pass (solving SAT problems in the circuit).
Using SAT solver `kissat`.

Setting up SAT problem:
Import set-constraint: \f1._358__Y = 1'0
Final constraint equation: \f1._358__Y = 1'0
Imported 3392 cells to SAT database.
Import proof-constraint: \trig = 1'0
Final proof equation: \trig = 1'0
Import show expression: \clk
Import show expression: \rst
Import show expression: \x
Import show expression: \y

Solving problem with 15383 variables and 39077 clauses..
SAT proof finished - no model found: SUCCESS!

                  /$$$$$$      /$$$$$$$$     /$$$$$$$    
                 /$$__  $$    | $$_____/    | $$__  $$   
                | $$  \ $$    | $$          | $$  \ $$   
                | $$  | $$    | $$$$$       | $$  | $$   
                | $$  | $$    | $$__/       | $$  | $$   
                | $$/$$ $$    | $$          | $$  | $$   
                |  $$$$$$/ /$$| $$$$$$$$ /$$| $$$$$$$//$$
                 \____ $$$|__/|________/|__/|_______/|__/
                       \__/                              

VIBEICTDF _1273_ STR

301. Executing SAT pass (solving SAT problems in the circuit).
Using SAT solver `kissat`.

Setting up SAT problem:
Import set-constraint: \f1._1273_ = 1'0
Final constraint equation: \f1._1273_ = 1'0
Imported 3392 cells to SAT database.
Import proof-constraint: \trig = 1'0
Final proof equation: \trig = 1'0
Import show expression: \clk
Import show expression: \rst
Import show expression: \x
Import show expression: \y

Solving problem with 15383 variables and 39077 clauses..
SAT proof finished - no model found: SUCCESS!

                  /$$$$$$      /$$$$$$$$     /$$$$$$$    
                 /$$__  $$    | $$_____/    | $$__  $$   
                | $$  \ $$    | $$          | $$  \ $$   
                | $$  | $$    | $$$$$       | $$  | $$   
                | $$  | $$    | $$__/       | $$  | $$   
                | $$/$$ $$    | $$          | $$  | $$   
                |  $$$$$$/ /$$| $$$$$$$$ /$$| $$$$$$$//$$
                 \____ $$$|__/|________/|__/|_______/|__/
                       \__/                              

VIBEICTDF _1014_ STR

302. Executing SAT pass (solving SAT problems in the circuit).
Using SAT solver `kissat`.

Setting up SAT problem:
Import set-constraint: \f1._1014_ = 1'0
Final constraint equation: \f1._1014_ = 1'0
Imported 3392 cells to SAT database.
Import proof-constraint: \trig = 1'0
Final proof equation: \trig = 1'0
Import show expression: \clk
Import show expression: \rst
Import show expression: \x
Import show expression: \y

Solving problem with 15382 variables and 39074 clauses..
SAT proof finished - model found: FAIL!

   ______                   ___       ___       _ _            _ _ 
  (_____ \                 / __)     / __)     (_) |          | | |
   _____) )___ ___   ___ _| |__    _| |__ _____ _| | _____  __| | |
  |  ____/ ___) _ \ / _ (_   __)  (_   __|____ | | || ___ |/ _  |_|
  | |   | |  | |_| | |_| || |       | |  / ___ | | || ____( (_| |_ 
  |_|   |_|   \___/ \___/ |_|       |_|  \_____|_|\_)_____)\____|_|


  Signal Name             Dec       Hex                                 Bin
  --------------- ----------- --------- -----------------------------------
  \clk                      1         1                                   1
  \rst                      0         0                                   0
  \x                335544320  14000000    00010100000000000000000000000000
  \y                        1         1                                   1
VIBEICTDF _423__Y STR

303. Executing SAT pass (solving SAT problems in the circuit).
Using SAT solver `kissat`.

Setting up SAT problem:
Import set-constraint: \f1._423__Y = 1'0
Final constraint equation: \f1._423__Y = 1'0
Imported 3392 cells to SAT database.
Import proof-constraint: \trig = 1'0
Final proof equation: \trig = 1'0
Import show expression: \clk
Import show expression: \rst
Import show expression: \x
Import show expression: \y

Solving problem with 15383 variables and 39077 clauses..
SAT proof finished - no model found: SUCCESS!

                  /$$$$$$      /$$$$$$$$     /$$$$$$$    
                 /$$__  $$    | $$_____/    | $$__  $$   
                | $$  \ $$    | $$          | $$  \ $$   
                | $$  | $$    | $$$$$       | $$  | $$   
                | $$  | $$    | $$__/       | $$  | $$   
                | $$/$$ $$    | $$          | $$  | $$   
                |  $$$$$$/ /$$| $$$$$$$$ /$$| $$$$$$$//$$
                 \____ $$$|__/|________/|__/|_______/|__/
                       \__/                              

VIBEICTDF _272__B STF

304. Executing SAT pass (solving SAT problems in the circuit).
Using SAT solver `kissat`.

Setting up SAT problem:
Import set-constraint: \f1._272__B = 1'1
Final constraint equation: \f1._272__B = 1'1
Imported 3392 cells to SAT database.
Import proof-constraint: \trig = 1'0
Final proof equation: \trig = 1'0
Import show expression: \clk
Import show expression: \rst
Import show expression: \x
Import show expression: \y

Solving problem with 15382 variables and 39074 clauses..
SAT proof finished - model found: FAIL!

   ______                   ___       ___       _ _            _ _ 
  (_____ \                 / __)     / __)     (_) |          | | |
   _____) )___ ___   ___ _| |__    _| |__ _____ _| | _____  __| | |
  |  ____/ ___) _ \ / _ (_   __)  (_   __|____ | | || ___ |/ _  |_|
  | |   | |  | |_| | |_| || |       | |  / ___ | | || ____( (_| |_ 
  |_|   |_|   \___/ \___/ |_|       |_|  \_____|_|\_)_____)\____|_|


  Signal Name             Dec       Hex                                 Bin
  --------------- ----------- --------- -----------------------------------
  \clk                      1         1                                   1
  \rst                      0         0                                   0
  \x               2081423361  7c100001    01111100000100000000000000000001
  \y                        0         0                                   0
VIBEICTDF _0521_ STR

305. Executing SAT pass (solving SAT problems in the circuit).
Using SAT solver `kissat`.

Setting up SAT problem:
Import set-constraint: \f1._0521_ = 1'0
Final constraint equation: \f1._0521_ = 1'0
Imported 3392 cells to SAT database.
Import proof-constraint: \trig = 1'0
Final proof equation: \trig = 1'0
Import show expression: \clk
Import show expression: \rst
Import show expression: \x
Import show expression: \y

Solving problem with 15382 variables and 39074 clauses..
SAT proof finished - model found: FAIL!

   ______                   ___       ___       _ _            _ _ 
  (_____ \                 / __)     / __)     (_) |          | | |
   _____) )___ ___   ___ _| |__    _| |__ _____ _| | _____  __| | |
  |  ____/ ___) _ \ / _ (_   __)  (_   __|____ | | || ___ |/ _  |_|
  | |   | |  | |_| | |_| || |       | |  / ___ | | || ____( (_| |_ 
  |_|   |_|   \___/ \___/ |_|       |_|  \_____|_|\_)_____)\____|_|


  Signal Name             Dec       Hex                                 Bin
  --------------- ----------- --------- -----------------------------------
  \clk                      1         1                                   1
  \rst                      0         0                                   0
  \x              -1879048193  8fffffff    10001111111111111111111111111111
  \y                        0         0                                   0
VIBEICTDF _280__Y STR

306. Executing SAT pass (solving SAT problems in the circuit).
Using SAT solver `kissat`.

Setting up SAT problem:
Import set-constraint: \f1._280__Y = 1'0
Final constraint equation: \f1._280__Y = 1'0
Imported 3392 cells to SAT database.
Import proof-constraint: \trig = 1'0
Final proof equation: \trig = 1'0
Import show expression: \clk
Import show expression: \rst
Import show expression: \x
Import show expression: \y

Solving problem with 15383 variables and 39077 clauses..
SAT proof finished - no model found: SUCCESS!

                  /$$$$$$      /$$$$$$$$     /$$$$$$$    
                 /$$__  $$    | $$_____/    | $$__  $$   
                | $$  \ $$    | $$          | $$  \ $$   
                | $$  | $$    | $$$$$       | $$  | $$   
                | $$  | $$    | $$__/       | $$  | $$   
                | $$/$$ $$    | $$          | $$  | $$   
                |  $$$$$$/ /$$| $$$$$$$$ /$$| $$$$$$$//$$
                 \____ $$$|__/|________/|__/|_______/|__/
                       \__/                              

VIBEICTDF _1038_ STF

307. Executing SAT pass (solving SAT problems in the circuit).
Using SAT solver `kissat`.

Setting up SAT problem:
Import set-constraint: \f1._1038_ = 1'1
Final constraint equation: \f1._1038_ = 1'1
Imported 3392 cells to SAT database.
Import proof-constraint: \trig = 1'0
Final proof equation: \trig = 1'0
Import show expression: \clk
Import show expression: \rst
Import show expression: \x
Import show expression: \y

Solving problem with 15382 variables and 39074 clauses..
SAT proof finished - model found: FAIL!

   ______                   ___       ___       _ _            _ _ 
  (_____ \                 / __)     / __)     (_) |          | | |
   _____) )___ ___   ___ _| |__    _| |__ _____ _| | _____  __| | |
  |  ____/ ___) _ \ / _ (_   __)  (_   __|____ | | || ___ |/ _  |_|
  | |   | |  | |_| | |_| || |       | |  / ___ | | || ____( (_| |_ 
  |_|   |_|   \___/ \___/ |_|       |_|  \_____|_|\_)_____)\____|_|


  Signal Name             Dec       Hex                                 Bin
  --------------- ----------- --------- -----------------------------------
  \clk                      1         1                                   1
  \rst                      0         0                                   0
  \x                738197504  2c000000    00101100000000000000000000000000
  \y                        1         1                                   1
VIBEICTDF _431__A1 STR

308. Executing SAT pass (solving SAT problems in the circuit).
Using SAT solver `kissat`.

Setting up SAT problem:
Import set-constraint: \f1._431__A1 = 1'0
Final constraint equation: \f1._431__A1 = 1'0
Imported 3392 cells to SAT database.
Import proof-constraint: \trig = 1'0
Final proof equation: \trig = 1'0
Import show expression: \clk
Import show expression: \rst
Import show expression: \x
Import show expression: \y

Solving problem with 15383 variables and 39077 clauses..
SAT proof finished - no model found: SUCCESS!

                  /$$$$$$      /$$$$$$$$     /$$$$$$$    
                 /$$__  $$    | $$_____/    | $$__  $$   
                | $$  \ $$    | $$          | $$  \ $$   
                | $$  | $$    | $$$$$       | $$  | $$   
                | $$  | $$    | $$__/       | $$  | $$   
                | $$/$$ $$    | $$          | $$  | $$   
                |  $$$$$$/ /$$| $$$$$$$$ /$$| $$$$$$$//$$
                 \____ $$$|__/|________/|__/|_______/|__/
                       \__/                              

VIBEICTDF _0779_ STF

309. Executing SAT pass (solving SAT problems in the circuit).
Using SAT solver `kissat`.

Setting up SAT problem:
Import set-constraint: \f1._0779_ = 1'1
Final constraint equation: \f1._0779_ = 1'1
Imported 3392 cells to SAT database.
Import proof-constraint: \trig = 1'0
Final proof equation: \trig = 1'0
Import show expression: \clk
Import show expression: \rst
Import show expression: \x
Import show expression: \y

Solving problem with 15384 variables and 39078 clauses..
SAT proof finished - model found: FAIL!

   ______                   ___       ___       _ _            _ _ 
  (_____ \                 / __)     / __)     (_) |          | | |
   _____) )___ ___   ___ _| |__    _| |__ _____ _| | _____  __| | |
  |  ____/ ___) _ \ / _ (_   __)  (_   __|____ | | || ___ |/ _  |_|
  | |   | |  | |_| | |_| || |       | |  / ___ | | || ____( (_| |_ 
  |_|   |_|   \___/ \___/ |_|       |_|  \_____|_|\_)_____)\____|_|


  Signal Name             Dec       Hex                                 Bin
  --------------- ----------- --------- -----------------------------------
  \clk                      1         1                                   1
  \rst                      0         0                                   0
  \x                     2049       801    00000000000000000000100000000001
  \y                        0         0                                   0
VIBEICTDF _366__Y STF

310. Executing SAT pass (solving SAT problems in the circuit).
Using SAT solver `kissat`.

Setting up SAT problem:
Import set-constraint: \f1._366__Y = 1'1
Final constraint equation: \f1._366__Y = 1'1
Imported 3392 cells to SAT database.
Import proof-constraint: \trig = 1'0
Final proof equation: \trig = 1'0
Import show expression: \clk
Import show expression: \rst
Import show expression: \x
Import show expression: \y

Solving problem with 15383 variables and 39077 clauses..
SAT proof finished - no model found: SUCCESS!

                  /$$$$$$      /$$$$$$$$     /$$$$$$$    
                 /$$__  $$    | $$_____/    | $$__  $$   
                | $$  \ $$    | $$          | $$  \ $$   
                | $$  | $$    | $$$$$       | $$  | $$   
                | $$  | $$    | $$__/       | $$  | $$   
                | $$/$$ $$    | $$          | $$  | $$   
                |  $$$$$$/ /$$| $$$$$$$$ /$$| $$$$$$$//$$
                 \____ $$$|__/|________/|__/|_______/|__/
                       \__/                              

VIBEICTDF _1297_ STR

311. Executing SAT pass (solving SAT problems in the circuit).
Using SAT solver `kissat`.

Setting up SAT problem:
Import set-constraint: \f1._1297_ = 1'0
Final constraint equation: \f1._1297_ = 1'0
Imported 3392 cells to SAT database.
Import proof-constraint: \trig = 1'0
Final proof equation: \trig = 1'0
Import show expression: \clk
Import show expression: \rst
Import show expression: \x
Import show expression: \y

Solving problem with 15382 variables and 39074 clauses..
SAT proof finished - model found: FAIL!

   ______                   ___       ___       _ _            _ _ 
  (_____ \                 / __)     / __)     (_) |          | | |
   _____) )___ ___   ___ _| |__    _| |__ _____ _| | _____  __| | |
  |  ____/ ___) _ \ / _ (_   __)  (_   __|____ | | || ___ |/ _  |_|
  | |   | |  | |_| | |_| || |       | |  / ___ | | || ____( (_| |_ 
  |_|   |_|   \___/ \___/ |_|       |_|  \_____|_|\_)_____)\____|_|


  Signal Name             Dec       Hex                                 Bin
  --------------- ----------- --------- -----------------------------------
  \clk                      0         0                                   0
  \rst                      0         0                                   0
  \x               1006632961  3c000001    00111100000000000000000000000001
  \y                        1         1                                   1
VIBEICTDF _0650_ STR

312. Executing SAT pass (solving SAT problems in the circuit).
Using SAT solver `kissat`.

Setting up SAT problem:
Import set-constraint: \f1._0650_ = 1'0
Final constraint equation: \f1._0650_ = 1'0
Imported 3392 cells to SAT database.
Import proof-constraint: \trig = 1'0
Final proof equation: \trig = 1'0
Import show expression: \clk
Import show expression: \rst
Import show expression: \x
Import show expression: \y

Solving problem with 15383 variables and 39077 clauses..
SAT proof finished - model found: FAIL!

   ______                   ___       ___       _ _            _ _ 
  (_____ \                 / __)     / __)     (_) |          | | |
   _____) )___ ___   ___ _| |__    _| |__ _____ _| | _____  __| | |
  |  ____/ ___) _ \ / _ (_   __)  (_   __|____ | | || ___ |/ _  |_|
  | |   | |  | |_| | |_| || |       | |  / ___ | | || ____( (_| |_ 
  |_|   |_|   \___/ \___/ |_|       |_|  \_____|_|\_)_____)\____|_|


  Signal Name             Dec       Hex                                 Bin
  --------------- ----------- --------- -----------------------------------
  \clk                      0         0                                   0
  \rst                      0         0                                   0
  \x                470286336  1c080000    00011100000010000000000000000000
  \y                        1         1                                   1
VIBEICTDF _323__Y STR

313. Executing SAT pass (solving SAT problems in the circuit).
Using SAT solver `kissat`.

Setting up SAT problem:
Import set-constraint: \f1._323__Y = 1'0
Final constraint equation: \f1._323__Y = 1'0
Imported 3392 cells to SAT database.
Import proof-constraint: \trig = 1'0
Final proof equation: \trig = 1'0
Import show expression: \clk
Import show expression: \rst
Import show expression: \x
Import show expression: \y

Solving problem with 15383 variables and 39077 clauses..
SAT proof finished - no model found: SUCCESS!

                  /$$$$$$      /$$$$$$$$     /$$$$$$$    
                 /$$__  $$    | $$_____/    | $$__  $$   
                | $$  \ $$    | $$          | $$  \ $$   
                | $$  | $$    | $$$$$       | $$  | $$   
                | $$  | $$    | $$__/       | $$  | $$   
                | $$/$$ $$    | $$          | $$  | $$   
                |  $$$$$$/ /$$| $$$$$$$$ /$$| $$$$$$$//$$
                 \____ $$$|__/|________/|__/|_______/|__/
                       \__/                              

VIBEICTDF _1167_ STF

314. Executing SAT pass (solving SAT problems in the circuit).
Using SAT solver `kissat`.

Setting up SAT problem:
Import set-constraint: \f1._1167_ = 1'1
Final constraint equation: \f1._1167_ = 1'1
Imported 3392 cells to SAT database.
Import proof-constraint: \trig = 1'0
Final proof equation: \trig = 1'0
Import show expression: \clk
Import show expression: \rst
Import show expression: \x
Import show expression: \y

Solving problem with 15382 variables and 39074 clauses..
SAT proof finished - no model found: SUCCESS!

                  /$$$$$$      /$$$$$$$$     /$$$$$$$    
                 /$$__  $$    | $$_____/    | $$__  $$   
                | $$  \ $$    | $$          | $$  \ $$   
                | $$  | $$    | $$$$$       | $$  | $$   
                | $$  | $$    | $$__/       | $$  | $$   
                | $$/$$ $$    | $$          | $$  | $$   
                |  $$$$$$/ /$$| $$$$$$$$ /$$| $$$$$$$//$$
                 \____ $$$|__/|________/|__/|_______/|__/
                       \__/                              

VIBEICTDF _0909_ STR

315. Executing SAT pass (solving SAT problems in the circuit).
Using SAT solver `kissat`.

Setting up SAT problem:
Import set-constraint: \f1._0909_ = 1'0
Final constraint equation: \f1._0909_ = 1'0
Imported 3392 cells to SAT database.
Import proof-constraint: \trig = 1'0
Final proof equation: \trig = 1'0
Import show expression: \clk
Import show expression: \rst
Import show expression: \x
Import show expression: \y

Solving problem with 15383 variables and 39077 clauses..
SAT proof finished - no model found: SUCCESS!

                  /$$$$$$      /$$$$$$$$     /$$$$$$$    
                 /$$__  $$    | $$_____/    | $$__  $$   
                | $$  \ $$    | $$          | $$  \ $$   
                | $$  | $$    | $$$$$       | $$  | $$   
                | $$  | $$    | $$__/       | $$  | $$   
                | $$/$$ $$    | $$          | $$  | $$   
                |  $$$$$$/ /$$| $$$$$$$$ /$$| $$$$$$$//$$
                 \____ $$$|__/|________/|__/|_______/|__/
                       \__/                              

VIBEICTDF _401__B1 STR

316. Executing SAT pass (solving SAT problems in the circuit).
Using SAT solver `kissat`.

Setting up SAT problem:
Import set-constraint: \f1._401__B1 = 1'0
Final constraint equation: \f1._401__B1 = 1'0
Imported 3392 cells to SAT database.
Import proof-constraint: \trig = 1'0
Final proof equation: \trig = 1'0
Import show expression: \clk
Import show expression: \rst
Import show expression: \x
Import show expression: \y

Solving problem with 15381 variables and 39071 clauses..
SAT proof finished - model found: FAIL!

   ______                   ___       ___       _ _            _ _ 
  (_____ \                 / __)     / __)     (_) |          | | |
   _____) )___ ___   ___ _| |__    _| |__ _____ _| | _____  __| | |
  |  ____/ ___) _ \ / _ (_   __)  (_   __|____ | | || ___ |/ _  |_|
  | |   | |  | |_| | |_| || |       | |  / ___ | | || ____( (_| |_ 
  |_|   |_|   \___/ \___/ |_|       |_|  \_____|_|\_)_____)\____|_|


  Signal Name             Dec       Hex                                 Bin
  --------------- ----------- --------- -----------------------------------
  \clk                      1         1                                   1
  \rst                      0         0                                   0
  \x               2081423360  7c100000    01111100000100000000000000000000
  \y                        1         1                                   1
VIBEICTDF _237__B STF

317. Executing SAT pass (solving SAT problems in the circuit).
Using SAT solver `kissat`.

Setting up SAT problem:
Import set-constraint: \f1._237__B = 1'1
Final constraint equation: \f1._237__B = 1'1
Imported 3392 cells to SAT database.
Import proof-constraint: \trig = 1'0
Final proof equation: \trig = 1'0
Import show expression: \clk
Import show expression: \rst
Import show expression: \x
Import show expression: \y

Solving problem with 15383 variables and 39077 clauses..
SAT proof finished - no model found: SUCCESS!

                  /$$$$$$      /$$$$$$$$     /$$$$$$$    
                 /$$__  $$    | $$_____/    | $$__  $$   
                | $$  \ $$    | $$          | $$  \ $$   
                | $$  | $$    | $$$$$       | $$  | $$   
                | $$  | $$    | $$__/       | $$  | $$   
                | $$/$$ $$    | $$          | $$  | $$   
                |  $$$$$$/ /$$| $$$$$$$$ /$$| $$$$$$$//$$
                 \____ $$$|__/|________/|__/|_______/|__/
                       \__/                              

VIBEICTDF _0585_ STF

318. Executing SAT pass (solving SAT problems in the circuit).
Using SAT solver `kissat`.

Setting up SAT problem:
Import set-constraint: \f1._0585_ = 1'1
Final constraint equation: \f1._0585_ = 1'1
Imported 3392 cells to SAT database.
Import proof-constraint: \trig = 1'0
Final proof equation: \trig = 1'0
Import show expression: \clk
Import show expression: \rst
Import show expression: \x
Import show expression: \y

Solving problem with 15382 variables and 39074 clauses..
SAT proof finished - model found: FAIL!

   ______                   ___       ___       _ _            _ _ 
  (_____ \                 / __)     / __)     (_) |          | | |
   _____) )___ ___   ___ _| |__    _| |__ _____ _| | _____  __| | |
  |  ____/ ___) _ \ / _ (_   __)  (_   __|____ | | || ___ |/ _  |_|
  | |   | |  | |_| | |_| || |       | |  / ___ | | || ____( (_| |_ 
  |_|   |_|   \___/ \___/ |_|       |_|  \_____|_|\_)_____)\____|_|


  Signal Name             Dec       Hex                                 Bin
  --------------- ----------- --------- -----------------------------------
  \clk                      1         1                                   1
  \rst                      0         0                                   0
  \x                  8388609    800001    00000000100000000000000000000001
  \y                        0         0                                   0
VIBEICTDF _302__A STF

319. Executing SAT pass (solving SAT problems in the circuit).
Using SAT solver `kissat`.

Setting up SAT problem:
Import set-constraint: \f1._302__A = 1'1
Final constraint equation: \f1._302__A = 1'1
Imported 3392 cells to SAT database.
Import proof-constraint: \trig = 1'0
Final proof equation: \trig = 1'0
Import show expression: \clk
Import show expression: \rst
Import show expression: \x
Import show expression: \y

Solving problem with 15383 variables and 39077 clauses..
SAT proof finished - no model found: SUCCESS!

                  /$$$$$$      /$$$$$$$$     /$$$$$$$    
                 /$$__  $$    | $$_____/    | $$__  $$   
                | $$  \ $$    | $$          | $$  \ $$   
                | $$  | $$    | $$$$$       | $$  | $$   
                | $$  | $$    | $$__/       | $$  | $$   
                | $$/$$ $$    | $$          | $$  | $$   
                |  $$$$$$/ /$$| $$$$$$$$ /$$| $$$$$$$//$$
                 \____ $$$|__/|________/|__/|_______/|__/
                       \__/                              

VIBEICTDF _1103_ STR

320. Executing SAT pass (solving SAT problems in the circuit).
Using SAT solver `kissat`.

Setting up SAT problem:
Import set-constraint: \f1._1103_ = 1'0
Final constraint equation: \f1._1103_ = 1'0
Imported 3392 cells to SAT database.
Import proof-constraint: \trig = 1'0
Final proof equation: \trig = 1'0
Import show expression: \clk
Import show expression: \rst
Import show expression: \x
Import show expression: \y

Solving problem with 15383 variables and 39077 clauses..
SAT proof finished - model found: FAIL!

   ______                   ___       ___       _ _            _ _ 
  (_____ \                 / __)     / __)     (_) |          | | |
   _____) )___ ___   ___ _| |__    _| |__ _____ _| | _____  __| | |
  |  ____/ ___) _ \ / _ (_   __)  (_   __|____ | | || ___ |/ _  |_|
  | |   | |  | |_| | |_| || |       | |  / ___ | | || ____( (_| |_ 
  |_|   |_|   \___/ \___/ |_|       |_|  \_____|_|\_)_____)\____|_|


  Signal Name             Dec       Hex                                 Bin
  --------------- ----------- --------- -----------------------------------
  \clk                      0         0                                   0
  \rst                      0         0                                   0
  \x                201850880   c080000    00001100000010000000000000000000
  \y                        1         1                                   1
VIBEICTDF _0844_ STF

321. Executing SAT pass (solving SAT problems in the circuit).
Using SAT solver `kissat`.

Setting up SAT problem:
Import set-constraint: \f1._0844_ = 1'1
Final constraint equation: \f1._0844_ = 1'1
Imported 3392 cells to SAT database.
Import proof-constraint: \trig = 1'0
Final proof equation: \trig = 1'0
Import show expression: \clk
Import show expression: \rst
Import show expression: \x
Import show expression: \y

Solving problem with 15384 variables and 39078 clauses..
SAT proof finished - model found: FAIL!

   ______                   ___       ___       _ _            _ _ 
  (_____ \                 / __)     / __)     (_) |          | | |
   _____) )___ ___   ___ _| |__    _| |__ _____ _| | _____  __| | |
  |  ____/ ___) _ \ / _ (_   __)  (_   __|____ | | || ___ |/ _  |_|
  | |   | |  | |_| | |_| || |       | |  / ___ | | || ____( (_| |_ 
  |_|   |_|   \___/ \___/ |_|       |_|  \_____|_|\_)_____)\____|_|


  Signal Name             Dec       Hex                                 Bin
  --------------- ----------- --------- -----------------------------------
  \clk                      1         1                                   1
  \rst                      0         0                                   0
  \x               2013266176  78000100    01111000000000000000000100000000
  \y                        0         0                                   0
VIBEICTDF _386__C STR

322. Executing SAT pass (solving SAT problems in the circuit).
Using SAT solver `kissat`.

Setting up SAT problem:
Import set-constraint: \f1._386__C = 1'0
Final constraint equation: \f1._386__C = 1'0
Imported 3392 cells to SAT database.
Import proof-constraint: \trig = 1'0
Final proof equation: \trig = 1'0
Import show expression: \clk
Import show expression: \rst
Import show expression: \x
Import show expression: \y

Solving problem with 15382 variables and 39074 clauses..
SAT proof finished - model found: FAIL!

   ______                   ___       ___       _ _            _ _ 
  (_____ \                 / __)     / __)     (_) |          | | |
   _____) )___ ___   ___ _| |__    _| |__ _____ _| | _____  __| | |
  |  ____/ ___) _ \ / _ (_   __)  (_   __|____ | | || ___ |/ _  |_|
  | |   | |  | |_| | |_| || |       | |  / ___ | | || ____( (_| |_ 
  |_|   |_|   \___/ \___/ |_|       |_|  \_____|_|\_)_____)\____|_|


  Signal Name             Dec       Hex                                 Bin
  --------------- ----------- --------- -----------------------------------
  \clk                      1         1                                   1
  \rst                      0         0                                   0
  \x               -268435456  f0000000    11110000000000000000000000000000
  \y                        1         1                                   1
VIBEICTDF _1361_ STF

323. Executing SAT pass (solving SAT problems in the circuit).
Using SAT solver `kissat`.

Setting up SAT problem:
Import set-constraint: \f1._1361_ = 1'1
Final constraint equation: \f1._1361_ = 1'1
Imported 3392 cells to SAT database.
Import proof-constraint: \trig = 1'0
Final proof equation: \trig = 1'0
Import show expression: \clk
Import show expression: \rst
Import show expression: \x
Import show expression: \y

Solving problem with 15382 variables and 39074 clauses..
SAT proof finished - model found: FAIL!

   ______                   ___       ___       _ _            _ _ 
  (_____ \                 / __)     / __)     (_) |          | | |
   _____) )___ ___   ___ _| |__    _| |__ _____ _| | _____  __| | |
  |  ____/ ___) _ \ / _ (_   __)  (_   __|____ | | || ___ |/ _  |_|
  | |   | |  | |_| | |_| || |       | |  / ___ | | || ____( (_| |_ 
  |_|   |_|   \___/ \___/ |_|       |_|  \_____|_|\_)_____)\____|_|


  Signal Name             Dec       Hex                                 Bin
  --------------- ----------- --------- -----------------------------------
  \clk                      1         1                                   1
  \rst                      0         0                                   0
  \x                536870913  20000001    00100000000000000000000000000001
  \y                        0         0                                   0
VIBEICTDF _0715_ STR

324. Executing SAT pass (solving SAT problems in the circuit).
Using SAT solver `kissat`.

Setting up SAT problem:
Import set-constraint: \f1._0715_ = 1'0
Final constraint equation: \f1._0715_ = 1'0
Imported 3392 cells to SAT database.
Import proof-constraint: \trig = 1'0
Final proof equation: \trig = 1'0
Import show expression: \clk
Import show expression: \rst
Import show expression: \x
Import show expression: \y

Solving problem with 15382 variables and 39074 clauses..
SAT proof finished - model found: FAIL!

   ______                   ___       ___       _ _            _ _ 
  (_____ \                 / __)     / __)     (_) |          | | |
   _____) )___ ___   ___ _| |__    _| |__ _____ _| | _____  __| | |
  |  ____/ ___) _ \ / _ (_   __)  (_   __|____ | | || ___ |/ _  |_|
  | |   | |  | |_| | |_| || |       | |  / ___ | | || ____( (_| |_ 
  |_|   |_|   \___/ \___/ |_|       |_|  \_____|_|\_)_____)\____|_|


  Signal Name             Dec       Hex                                 Bin
  --------------- ----------- --------- -----------------------------------
  \clk                      1         1                                   1
  \rst                      0         0                                   0
  \x                469794816  1c008000    00011100000000001000000000000000
  \y                        1         1                                   1
VIBEICTDF _345__B STR

325. Executing SAT pass (solving SAT problems in the circuit).
Using SAT solver `kissat`.

Setting up SAT problem:
Import set-constraint: \f1._345__B = 1'0
Final constraint equation: \f1._345__B = 1'0
Imported 3392 cells to SAT database.
Import proof-constraint: \trig = 1'0
Final proof equation: \trig = 1'0
Import show expression: \clk
Import show expression: \rst
Import show expression: \x
Import show expression: \y

Solving problem with 15383 variables and 39077 clauses..
SAT proof finished - no model found: SUCCESS!

                  /$$$$$$      /$$$$$$$$     /$$$$$$$    
                 /$$__  $$    | $$_____/    | $$__  $$   
                | $$  \ $$    | $$          | $$  \ $$   
                | $$  | $$    | $$$$$       | $$  | $$   
                | $$  | $$    | $$__/       | $$  | $$   
                | $$/$$ $$    | $$          | $$  | $$   
                |  $$$$$$/ /$$| $$$$$$$$ /$$| $$$$$$$//$$
                 \____ $$$|__/|________/|__/|_______/|__/
                       \__/                              

VIBEICTDF _1232_ STF

326. Executing SAT pass (solving SAT problems in the circuit).
Using SAT solver `kissat`.

Setting up SAT problem:
Import set-constraint: \f1._1232_ = 1'1
Final constraint equation: \f1._1232_ = 1'1
Imported 3392 cells to SAT database.
Import proof-constraint: \trig = 1'0
Final proof equation: \trig = 1'0
Import show expression: \clk
Import show expression: \rst
Import show expression: \x
Import show expression: \y

Solving problem with 15384 variables and 39078 clauses..
SAT proof finished - model found: FAIL!

   ______                   ___       ___       _ _            _ _ 
  (_____ \                 / __)     / __)     (_) |          | | |
   _____) )___ ___   ___ _| |__    _| |__ _____ _| | _____  __| | |
  |  ____/ ___) _ \ / _ (_   __)  (_   __|____ | | || ___ |/ _  |_|
  | |   | |  | |_| | |_| || |       | |  / ___ | | || ____( (_| |_ 
  |_|   |_|   \___/ \___/ |_|       |_|  \_____|_|\_)_____)\____|_|


  Signal Name             Dec       Hex                                 Bin
  --------------- ----------- --------- -----------------------------------
  \clk                      1         1                                   1
  \rst                      0         0                                   0
  \x              -1879048193  8fffffff    10001111111111111111111111111111
  \y                        0         0                                   0
VIBEICTDF _0973_ STF

327. Executing SAT pass (solving SAT problems in the circuit).
Using SAT solver `kissat`.

Setting up SAT problem:
Import set-constraint: \f1._0973_ = 1'1
Final constraint equation: \f1._0973_ = 1'1
Imported 3392 cells to SAT database.
Import proof-constraint: \trig = 1'0
Final proof equation: \trig = 1'0
Import show expression: \clk
Import show expression: \rst
Import show expression: \x
Import show expression: \y

Solving problem with 15384 variables and 39078 clauses..
SAT proof finished - no model found: SUCCESS!

                  /$$$$$$      /$$$$$$$$     /$$$$$$$    
                 /$$__  $$    | $$_____/    | $$__  $$   
                | $$  \ $$    | $$          | $$  \ $$   
                | $$  | $$    | $$$$$       | $$  | $$   
                | $$  | $$    | $$__/       | $$  | $$   
                | $$/$$ $$    | $$          | $$  | $$   
                |  $$$$$$/ /$$| $$$$$$$$ /$$| $$$$$$$//$$
                 \____ $$$|__/|________/|__/|_______/|__/
                       \__/                              

VIBEICTDF _414__A2 STF

328. Executing SAT pass (solving SAT problems in the circuit).
Using SAT solver `kissat`.

Setting up SAT problem:
Import set-constraint: \f1._414__A2 = 1'1
Final constraint equation: \f1._414__A2 = 1'1
Imported 3392 cells to SAT database.
Import proof-constraint: \trig = 1'0
Final proof equation: \trig = 1'0
Import show expression: \clk
Import show expression: \rst
Import show expression: \x
Import show expression: \y

Solving problem with 15382 variables and 39074 clauses..
SAT proof finished - model found: FAIL!

   ______                   ___       ___       _ _            _ _ 
  (_____ \                 / __)     / __)     (_) |          | | |
   _____) )___ ___   ___ _| |__    _| |__ _____ _| | _____  __| | |
  |  ____/ ___) _ \ / _ (_   __)  (_   __|____ | | || ___ |/ _  |_|
  | |   | |  | |_| | |_| || |       | |  / ___ | | || ____( (_| |_ 
  |_|   |_|   \___/ \___/ |_|       |_|  \_____|_|\_)_____)\____|_|


  Signal Name             Dec       Hex                                 Bin
  --------------- ----------- --------- -----------------------------------
  \clk                      0         0                                   0
  \rst                      0         0                                   0
  \x               2013266304  78000180    01111000000000000000000110000000
  \y                        0         0                                   0
VIBEICTDF _259__A STR

329. Executing SAT pass (solving SAT problems in the circuit).
Using SAT solver `kissat`.

Setting up SAT problem:
Import set-constraint: \f1._259__A = 1'0
Final constraint equation: \f1._259__A = 1'0
Imported 3392 cells to SAT database.
Import proof-constraint: \trig = 1'0
Final proof equation: \trig = 1'0
Import show expression: \clk
Import show expression: \rst
Import show expression: \x
Import show expression: \y

Solving problem with 15381 variables and 39071 clauses..
SAT proof finished - model found: FAIL!

   ______                   ___       ___       _ _            _ _ 
  (_____ \                 / __)     / __)     (_) |          | | |
   _____) )___ ___   ___ _| |__    _| |__ _____ _| | _____  __| | |
  |  ____/ ___) _ \ / _ (_   __)  (_   __|____ | | || ___ |/ _  |_|
  | |   | |  | |_| | |_| || |       | |  / ___ | | || ____( (_| |_ 
  |_|   |_|   \___/ \___/ |_|       |_|  \_____|_|\_)_____)\____|_|


  Signal Name             Dec       Hex                                 Bin
  --------------- ----------- --------- -----------------------------------
  \clk                      1         1                                   1
  \rst                      0         0                                   0
  \x                  2097153    200001    00000000001000000000000000000001
  \y                        0         0                                   0
VIBEICTDF _0553_ STR

330. Executing SAT pass (solving SAT problems in the circuit).
Using SAT solver `kissat`.

Setting up SAT problem:
Import set-constraint: \f1._0553_ = 1'0
Final constraint equation: \f1._0553_ = 1'0
Imported 3392 cells to SAT database.
Import proof-constraint: \trig = 1'0
Final proof equation: \trig = 1'0
Import show expression: \clk
Import show expression: \rst
Import show expression: \x
Import show expression: \y

Solving problem with 15383 variables and 39077 clauses..
SAT proof finished - model found: FAIL!

   ______                   ___       ___       _ _            _ _ 
  (_____ \                 / __)     / __)     (_) |          | | |
   _____) )___ ___   ___ _| |__    _| |__ _____ _| | _____  __| | |
  |  ____/ ___) _ \ / _ (_   __)  (_   __|____ | | || ___ |/ _  |_|
  | |   | |  | |_| | |_| || |       | |  / ___ | | || ____( (_| |_ 
  |_|   |_|   \___/ \___/ |_|       |_|  \_____|_|\_)_____)\____|_|


  Signal Name             Dec       Hex                                 Bin
  --------------- ----------- --------- -----------------------------------
  \clk                      1         1                                   1
  \rst                      0         0                                   0
  \x               1912602624  72000000    01110010000000000000000000000000
  \y                        1         1                                   1
VIBEICTDF _291__B STR

331. Executing SAT pass (solving SAT problems in the circuit).
Using SAT solver `kissat`.

Setting up SAT problem:
Import set-constraint: \f1._291__B = 1'0
Final constraint equation: \f1._291__B = 1'0
Imported 3392 cells to SAT database.
Import proof-constraint: \trig = 1'0
Final proof equation: \trig = 1'0
Import show expression: \clk
Import show expression: \rst
Import show expression: \x
Import show expression: \y

Solving problem with 15383 variables and 39077 clauses..
SAT proof finished - no model found: SUCCESS!

                  /$$$$$$      /$$$$$$$$     /$$$$$$$    
                 /$$__  $$    | $$_____/    | $$__  $$   
                | $$  \ $$    | $$          | $$  \ $$   
                | $$  | $$    | $$$$$       | $$  | $$   
                | $$  | $$    | $$__/       | $$  | $$   
                | $$/$$ $$    | $$          | $$  | $$   
                |  $$$$$$/ /$$| $$$$$$$$ /$$| $$$$$$$//$$
                 \____ $$$|__/|________/|__/|_______/|__/
                       \__/                              

VIBEICTDF _1070_ STF

332. Executing SAT pass (solving SAT problems in the circuit).
Using SAT solver `kissat`.

Setting up SAT problem:
Import set-constraint: \f1._1070_ = 1'1
Final constraint equation: \f1._1070_ = 1'1
Imported 3392 cells to SAT database.
Import proof-constraint: \trig = 1'0
Final proof equation: \trig = 1'0
Import show expression: \clk
Import show expression: \rst
Import show expression: \x
Import show expression: \y

Solving problem with 15384 variables and 39078 clauses..
SAT proof finished - model found: FAIL!

   ______                   ___       ___       _ _            _ _ 
  (_____ \                 / __)     / __)     (_) |          | | |
   _____) )___ ___   ___ _| |__    _| |__ _____ _| | _____  __| | |
  |  ____/ ___) _ \ / _ (_   __)  (_   __|____ | | || ___ |/ _  |_|
  | |   | |  | |_| | |_| || |       | |  / ___ | | || ____( (_| |_ 
  |_|   |_|   \___/ \___/ |_|       |_|  \_____|_|\_)_____)\____|_|


  Signal Name             Dec       Hex                                 Bin
  --------------- ----------- --------- -----------------------------------
  \clk                      1         1                                   1
  \rst                      0         0                                   0
  \x                  8388609    800001    00000000100000000000000000000001
  \y                        0         0                                   0
VIBEICTDF _439__A STF

333. Executing SAT pass (solving SAT problems in the circuit).
Using SAT solver `kissat`.

Setting up SAT problem:
Import set-constraint: \f1._439__A = 1'1
Final constraint equation: \f1._439__A = 1'1
Imported 3392 cells to SAT database.
Import proof-constraint: \trig = 1'0
Final proof equation: \trig = 1'0
Import show expression: \clk
Import show expression: \rst
Import show expression: \x
Import show expression: \y

Solving problem with 15383 variables and 39077 clauses..
SAT proof finished - no model found: SUCCESS!

                  /$$$$$$      /$$$$$$$$     /$$$$$$$    
                 /$$__  $$    | $$_____/    | $$__  $$   
                | $$  \ $$    | $$          | $$  \ $$   
                | $$  | $$    | $$$$$       | $$  | $$   
                | $$  | $$    | $$__/       | $$  | $$   
                | $$/$$ $$    | $$          | $$  | $$   
                |  $$$$$$/ /$$| $$$$$$$$ /$$| $$$$$$$//$$
                 \____ $$$|__/|________/|__/|_______/|__/
                       \__/                              

VIBEICTDF _0812_ STR

334. Executing SAT pass (solving SAT problems in the circuit).
Using SAT solver `kissat`.

Setting up SAT problem:
Import set-constraint: \f1._0812_ = 1'0
Final constraint equation: \f1._0812_ = 1'0
Imported 3392 cells to SAT database.
Import proof-constraint: \trig = 1'0
Final proof equation: \trig = 1'0
Import show expression: \clk
Import show expression: \rst
Import show expression: \x
Import show expression: \y

Solving problem with 15382 variables and 39074 clauses..
SAT proof finished - model found: FAIL!

   ______                   ___       ___       _ _            _ _ 
  (_____ \                 / __)     / __)     (_) |          | | |
   _____) )___ ___   ___ _| |__    _| |__ _____ _| | _____  __| | |
  |  ____/ ___) _ \ / _ (_   __)  (_   __|____ | | || ___ |/ _  |_|
  | |   | |  | |_| | |_| || |       | |  / ___ | | || ____( (_| |_ 
  |_|   |_|   \___/ \___/ |_|       |_|  \_____|_|\_)_____)\____|_|


  Signal Name             Dec       Hex                                 Bin
  --------------- ----------- --------- -----------------------------------
  \clk                      1         1                                   1
  \rst                      0         0                                   0
  \x              -1879048193  8fffffff    10001111111111111111111111111111
  \y                        0         0                                   0
VIBEICTDF _377__Y STR

335. Executing SAT pass (solving SAT problems in the circuit).
Using SAT solver `kissat`.

Setting up SAT problem:
Import set-constraint: \f1._377__Y = 1'0
Final constraint equation: \f1._377__Y = 1'0
Imported 3392 cells to SAT database.
Import proof-constraint: \trig = 1'0
Final proof equation: \trig = 1'0
Import show expression: \clk
Import show expression: \rst
Import show expression: \x
Import show expression: \y

Solving problem with 15383 variables and 39077 clauses..
SAT proof finished - no model found: SUCCESS!

                  /$$$$$$      /$$$$$$$$     /$$$$$$$    
                 /$$__  $$    | $$_____/    | $$__  $$   
                | $$  \ $$    | $$          | $$  \ $$   
                | $$  | $$    | $$$$$       | $$  | $$   
                | $$  | $$    | $$__/       | $$  | $$   
                | $$/$$ $$    | $$          | $$  | $$   
                |  $$$$$$/ /$$| $$$$$$$$ /$$| $$$$$$$//$$
                 \____ $$$|__/|________/|__/|_______/|__/
                       \__/                              

VIBEICTDF _1329_ STF

336. Executing SAT pass (solving SAT problems in the circuit).
Using SAT solver `kissat`.

Setting up SAT problem:
Import set-constraint: \f1._1329_ = 1'1
Final constraint equation: \f1._1329_ = 1'1
Imported 3392 cells to SAT database.
Import proof-constraint: \trig = 1'0
Final proof equation: \trig = 1'0
Import show expression: \clk
Import show expression: \rst
Import show expression: \x
Import show expression: \y

Solving problem with 15384 variables and 39078 clauses..
SAT proof finished - model found: FAIL!

   ______                   ___       ___       _ _            _ _ 
  (_____ \                 / __)     / __)     (_) |          | | |
   _____) )___ ___   ___ _| |__    _| |__ _____ _| | _____  __| | |
  |  ____/ ___) _ \ / _ (_   __)  (_   __|____ | | || ___ |/ _  |_|
  | |   | |  | |_| | |_| || |       | |  / ___ | | || ____( (_| |_ 
  |_|   |_|   \___/ \___/ |_|       |_|  \_____|_|\_)_____)\____|_|


  Signal Name             Dec       Hex                                 Bin
  --------------- ----------- --------- -----------------------------------
  \clk                      1         1                                   1
  \rst                      0         0                                   0
  \x                        1         1    00000000000000000000000000000001
  \y                        0         0                                   0
VIBEICTDF _0682_ STF

337. Executing SAT pass (solving SAT problems in the circuit).
Using SAT solver `kissat`.

Setting up SAT problem:
Import set-constraint: \f1._0682_ = 1'1
Final constraint equation: \f1._0682_ = 1'1
Imported 3392 cells to SAT database.
Import proof-constraint: \trig = 1'0
Final proof equation: \trig = 1'0
Import show expression: \clk
Import show expression: \rst
Import show expression: \x
Import show expression: \y

Solving problem with 15382 variables and 39074 clauses..
SAT proof finished - model found: FAIL!

   ______                   ___       ___       _ _            _ _ 
  (_____ \                 / __)     / __)     (_) |          | | |
   _____) )___ ___   ___ _| |__    _| |__ _____ _| | _____  __| | |
  |  ____/ ___) _ \ / _ (_   __)  (_   __|____ | | || ___ |/ _  |_|
  | |   | |  | |_| | |_| || |       | |  / ___ | | || ____( (_| |_ 
  |_|   |_|   \___/ \___/ |_|       |_|  \_____|_|\_)_____)\____|_|


  Signal Name             Dec       Hex                                 Bin
  --------------- ----------- --------- -----------------------------------
  \clk                      0         0                                   0
  \rst                      0         0                                   0
  \x               -402259968  e8060000    11101000000001100000000000000000
  \y                        1         1                                   1
VIBEICTDF _334__B STF

338. Executing SAT pass (solving SAT problems in the circuit).
Using SAT solver `kissat`.

Setting up SAT problem:
Import set-constraint: \f1._334__B = 1'1
Final constraint equation: \f1._334__B = 1'1
Imported 3392 cells to SAT database.
Import proof-constraint: \trig = 1'0
Final proof equation: \trig = 1'0
Import show expression: \clk
Import show expression: \rst
Import show expression: \x
Import show expression: \y

Solving problem with 15383 variables and 39077 clauses..
SAT proof finished - no model found: SUCCESS!

                  /$$$$$$      /$$$$$$$$     /$$$$$$$    
                 /$$__  $$    | $$_____/    | $$__  $$   
                | $$  \ $$    | $$          | $$  \ $$   
                | $$  | $$    | $$$$$       | $$  | $$   
                | $$  | $$    | $$__/       | $$  | $$   
                | $$/$$ $$    | $$          | $$  | $$   
                |  $$$$$$/ /$$| $$$$$$$$ /$$| $$$$$$$//$$
                 \____ $$$|__/|________/|__/|_______/|__/
                       \__/                              

VIBEICTDF _1200_ STR

339. Executing SAT pass (solving SAT problems in the circuit).
Using SAT solver `kissat`.

Setting up SAT problem:
Import set-constraint: \f1._1200_ = 1'0
Final constraint equation: \f1._1200_ = 1'0
Imported 3392 cells to SAT database.
Import proof-constraint: \trig = 1'0
Final proof equation: \trig = 1'0
Import show expression: \clk
Import show expression: \rst
Import show expression: \x
Import show expression: \y

Solving problem with 15382 variables and 39074 clauses..
SAT proof finished - model found: FAIL!

   ______                   ___       ___       _ _            _ _ 
  (_____ \                 / __)     / __)     (_) |          | | |
   _____) )___ ___   ___ _| |__    _| |__ _____ _| | _____  __| | |
  |  ____/ ___) _ \ / _ (_   __)  (_   __|____ | | || ___ |/ _  |_|
  | |   | |  | |_| | |_| || |       | |  / ___ | | || ____( (_| |_ 
  |_|   |_|   \___/ \___/ |_|       |_|  \_____|_|\_)_____)\____|_|


  Signal Name             Dec       Hex                                 Bin
  --------------- ----------- --------- -----------------------------------
  \clk                      0         0                                   0
  \rst                      0         0                                   0
  \x              -1811936256  94000c00    10010100000000000000110000000000
  \y                        1         1                                   1
VIBEICTDF _0941_ STF

340. Executing SAT pass (solving SAT problems in the circuit).
Using SAT solver `kissat`.

Setting up SAT problem:
Import set-constraint: \f1._0941_ = 1'1
Final constraint equation: \f1._0941_ = 1'1
Imported 3392 cells to SAT database.
Import proof-constraint: \trig = 1'0
Final proof equation: \trig = 1'0
Import show expression: \clk
Import show expression: \rst
Import show expression: \x
Import show expression: \y

Solving problem with 15382 variables and 39074 clauses..
SAT proof finished - no model found: SUCCESS!

                  /$$$$$$      /$$$$$$$$     /$$$$$$$    
                 /$$__  $$    | $$_____/    | $$__  $$   
                | $$  \ $$    | $$          | $$  \ $$   
                | $$  | $$    | $$$$$       | $$  | $$   
                | $$  | $$    | $$__/       | $$  | $$   
                | $$/$$ $$    | $$          | $$  | $$   
                |  $$$$$$/ /$$| $$$$$$$$ /$$| $$$$$$$//$$
                 \____ $$$|__/|________/|__/|_______/|__/
                       \__/                              

VIBEICTDF _407__Y STR

341. Executing SAT pass (solving SAT problems in the circuit).
Using SAT solver `kissat`.

Setting up SAT problem:
Import set-constraint: \f1._407__Y = 1'0
Final constraint equation: \f1._407__Y = 1'0
Imported 3392 cells to SAT database.
Import proof-constraint: \trig = 1'0
Final proof equation: \trig = 1'0
Import show expression: \clk
Import show expression: \rst
Import show expression: \x
Import show expression: \y

Solving problem with 15383 variables and 39077 clauses..
SAT proof finished - no model found: SUCCESS!

                  /$$$$$$      /$$$$$$$$     /$$$$$$$    
                 /$$__  $$    | $$_____/    | $$__  $$   
                | $$  \ $$    | $$          | $$  \ $$   
                | $$  | $$    | $$$$$       | $$  | $$   
                | $$  | $$    | $$__/       | $$  | $$   
                | $$/$$ $$    | $$          | $$  | $$   
                |  $$$$$$/ /$$| $$$$$$$$ /$$| $$$$$$$//$$
                 \____ $$$|__/|________/|__/|_______/|__/
                       \__/                              

VIBEICTDF _248__A STF

342. Executing SAT pass (solving SAT problems in the circuit).
Using SAT solver `kissat`.

Setting up SAT problem:
Import set-constraint: \f1._248__A = 1'1
Final constraint equation: \f1._248__A = 1'1
Imported 3392 cells to SAT database.
Import proof-constraint: \trig = 1'0
Final proof equation: \trig = 1'0
Import show expression: \clk
Import show expression: \rst
Import show expression: \x
Import show expression: \y

Solving problem with 15383 variables and 39077 clauses..
SAT proof finished - no model found: SUCCESS!

                  /$$$$$$      /$$$$$$$$     /$$$$$$$    
                 /$$__  $$    | $$_____/    | $$__  $$   
                | $$  \ $$    | $$          | $$  \ $$   
                | $$  | $$    | $$$$$       | $$  | $$   
                | $$  | $$    | $$__/       | $$  | $$   
                | $$/$$ $$    | $$          | $$  | $$   
                |  $$$$$$/ /$$| $$$$$$$$ /$$| $$$$$$$//$$
                 \____ $$$|__/|________/|__/|_______/|__/
                       \__/                              

VIBEICTDF _0618_ STR

343. Executing SAT pass (solving SAT problems in the circuit).
Using SAT solver `kissat`.

Setting up SAT problem:
Import set-constraint: \f1._0618_ = 1'0
Final constraint equation: \f1._0618_ = 1'0
Imported 3392 cells to SAT database.
Import proof-constraint: \trig = 1'0
Final proof equation: \trig = 1'0
Import show expression: \clk
Import show expression: \rst
Import show expression: \x
Import show expression: \y

Solving problem with 15383 variables and 39077 clauses..
SAT proof finished - model found: FAIL!

   ______                   ___       ___       _ _            _ _ 
  (_____ \                 / __)     / __)     (_) |          | | |
   _____) )___ ___   ___ _| |__    _| |__ _____ _| | _____  __| | |
  |  ____/ ___) _ \ / _ (_   __)  (_   __|____ | | || ___ |/ _  |_|
  | |   | |  | |_| | |_| || |       | |  / ___ | | || ____( (_| |_ 
  |_|   |_|   \___/ \___/ |_|       |_|  \_____|_|\_)_____)\____|_|


  Signal Name             Dec       Hex                                 Bin
  --------------- ----------- --------- -----------------------------------
  \clk                      0         0                                   0
  \rst                      0         0                                   0
  \x                471859200  1c200000    00011100001000000000000000000000
  \y                        1         1                                   1
VIBEICTDF _313__A STR

344. Executing SAT pass (solving SAT problems in the circuit).
Using SAT solver `kissat`.

Setting up SAT problem:
Import set-constraint: \f1._313__A = 1'0
Final constraint equation: \f1._313__A = 1'0
Imported 3392 cells to SAT database.
Import proof-constraint: \trig = 1'0
Final proof equation: \trig = 1'0
Import show expression: \clk
Import show expression: \rst
Import show expression: \x
Import show expression: \y

Solving problem with 15381 variables and 39071 clauses..
SAT proof finished - model found: FAIL!

   ______                   ___       ___       _ _            _ _ 
  (_____ \                 / __)     / __)     (_) |          | | |
   _____) )___ ___   ___ _| |__    _| |__ _____ _| | _____  __| | |
  |  ____/ ___) _ \ / _ (_   __)  (_   __|____ | | || ___ |/ _  |_|
  | |   | |  | |_| | |_| || |       | |  / ___ | | || ____( (_| |_ 
  |_|   |_|   \___/ \___/ |_|       |_|  \_____|_|\_)_____)\____|_|


  Signal Name             Dec       Hex                                 Bin
  --------------- ----------- --------- -----------------------------------
  \clk                      1         1                                   1
  \rst                      0         0                                   0
  \x                     4097      1001    00000000000000000001000000000001
  \y                        0         0                                   0
VIBEICTDF _1135_ STF

345. Executing SAT pass (solving SAT problems in the circuit).
Using SAT solver `kissat`.

Setting up SAT problem:
Import set-constraint: \f1._1135_ = 1'1
Final constraint equation: \f1._1135_ = 1'1
Imported 3392 cells to SAT database.
Import proof-constraint: \trig = 1'0
Final proof equation: \trig = 1'0
Import show expression: \clk
Import show expression: \rst
Import show expression: \x
Import show expression: \y

Solving problem with 15382 variables and 39074 clauses..
SAT proof finished - no model found: SUCCESS!

                  /$$$$$$      /$$$$$$$$     /$$$$$$$    
                 /$$__  $$    | $$_____/    | $$__  $$   
                | $$  \ $$    | $$          | $$  \ $$   
                | $$  | $$    | $$$$$       | $$  | $$   
                | $$  | $$    | $$__/       | $$  | $$   
                | $$/$$ $$    | $$          | $$  | $$   
                |  $$$$$$/ /$$| $$$$$$$$ /$$| $$$$$$$//$$
                 \____ $$$|__/|________/|__/|_______/|__/
                       \__/                              

VIBEICTDF _0876_ STF

346. Executing SAT pass (solving SAT problems in the circuit).
Using SAT solver `kissat`.

Setting up SAT problem:
Import set-constraint: \f1._0876_ = 1'1
Final constraint equation: \f1._0876_ = 1'1
Imported 3392 cells to SAT database.
Import proof-constraint: \trig = 1'0
Final proof equation: \trig = 1'0
Import show expression: \clk
Import show expression: \rst
Import show expression: \x
Import show expression: \y

Solving problem with 15384 variables and 39078 clauses..
SAT proof finished - model found: FAIL!

   ______                   ___       ___       _ _            _ _ 
  (_____ \                 / __)     / __)     (_) |          | | |
   _____) )___ ___   ___ _| |__    _| |__ _____ _| | _____  __| | |
  |  ____/ ___) _ \ / _ (_   __)  (_   __|____ | | || ___ |/ _  |_|
  | |   | |  | |_| | |_| || |       | |  / ___ | | || ____( (_| |_ 
  |_|   |_|   \___/ \___/ |_|       |_|  \_____|_|\_)_____)\____|_|


  Signal Name             Dec       Hex                                 Bin
  --------------- ----------- --------- -----------------------------------
  \clk                      1         1                                   1
  \rst                      0         0                                   0
  \x               2013265984  78000040    01111000000000000000000001000000
  \y                        0         0                                   0
VIBEICTDF _394__B STF

347. Executing SAT pass (solving SAT problems in the circuit).
Using SAT solver `kissat`.

Setting up SAT problem:
Import set-constraint: \f1._394__B = 1'1
Final constraint equation: \f1._394__B = 1'1
Imported 3392 cells to SAT database.
Import proof-constraint: \trig = 1'0
Final proof equation: \trig = 1'0
Import show expression: \clk
Import show expression: \rst
Import show expression: \x
Import show expression: \y

Solving problem with 15383 variables and 39077 clauses..
SAT proof finished - no model found: SUCCESS!

                  /$$$$$$      /$$$$$$$$     /$$$$$$$    
                 /$$__  $$    | $$_____/    | $$__  $$   
                | $$  \ $$    | $$          | $$  \ $$   
                | $$  | $$    | $$$$$       | $$  | $$   
                | $$  | $$    | $$__/       | $$  | $$   
                | $$/$$ $$    | $$          | $$  | $$   
                |  $$$$$$/ /$$| $$$$$$$$ /$$| $$$$$$$//$$
                 \____ $$$|__/|________/|__/|_______/|__/
                       \__/                              

VIBEICTDF _227__X STR

348. Executing SAT pass (solving SAT problems in the circuit).
Using SAT solver `kissat`.

Setting up SAT problem:
Import set-constraint: \f1._227__X = 1'0
Final constraint equation: \f1._227__X = 1'0
Imported 3392 cells to SAT database.
Import proof-constraint: \trig = 1'0
Final proof equation: \trig = 1'0
Import show expression: \clk
Import show expression: \rst
Import show expression: \x
Import show expression: \y

Solving problem with 15383 variables and 39077 clauses..
SAT proof finished - no model found: SUCCESS!

                  /$$$$$$      /$$$$$$$$     /$$$$$$$    
                 /$$__  $$    | $$_____/    | $$__  $$   
                | $$  \ $$    | $$          | $$  \ $$   
                | $$  | $$    | $$$$$       | $$  | $$   
                | $$  | $$    | $$__/       | $$  | $$   
                | $$/$$ $$    | $$          | $$  | $$   
                |  $$$$$$/ /$$| $$$$$$$$ /$$| $$$$$$$//$$
                 \____ $$$|__/|________/|__/|_______/|__/
                       \__/                              

VIBEICTDF _0747_ STF

349. Executing SAT pass (solving SAT problems in the circuit).
Using SAT solver `kissat`.

Setting up SAT problem:
Import set-constraint: \f1._0747_ = 1'1
Final constraint equation: \f1._0747_ = 1'1
Imported 3392 cells to SAT database.
Import proof-constraint: \trig = 1'0
Final proof equation: \trig = 1'0
Import show expression: \clk
Import show expression: \rst
Import show expression: \x
Import show expression: \y

Solving problem with 15384 variables and 39078 clauses..
SAT proof finished - model found: FAIL!

   ______                   ___       ___       _ _            _ _ 
  (_____ \                 / __)     / __)     (_) |          | | |
   _____) )___ ___   ___ _| |__    _| |__ _____ _| | _____  __| | |
  |  ____/ ___) _ \ / _ (_   __)  (_   __|____ | | || ___ |/ _  |_|
  | |   | |  | |_| | |_| || |       | |  / ___ | | || ____( (_| |_ 
  |_|   |_|   \___/ \___/ |_|       |_|  \_____|_|\_)_____)\____|_|


  Signal Name             Dec       Hex                                 Bin
  --------------- ----------- --------- -----------------------------------
  \clk                      1         1                                   1
  \rst                      0         0                                   0
  \x                     8193      2001    00000000000000000010000000000001
  \y                        0         0                                   0
VIBEICTDF _356__A STR

350. Executing SAT pass (solving SAT problems in the circuit).
Using SAT solver `kissat`.

Setting up SAT problem:
Import set-constraint: \f1._356__A = 1'0
Final constraint equation: \f1._356__A = 1'0
Imported 3392 cells to SAT database.
Import proof-constraint: \trig = 1'0
Final proof equation: \trig = 1'0
Import show expression: \clk
Import show expression: \rst
Import show expression: \x
Import show expression: \y

Solving problem with 15383 variables and 39077 clauses..
SAT proof finished - no model found: SUCCESS!

                  /$$$$$$      /$$$$$$$$     /$$$$$$$    
                 /$$__  $$    | $$_____/    | $$__  $$   
                | $$  \ $$    | $$          | $$  \ $$   
                | $$  | $$    | $$$$$       | $$  | $$   
                | $$  | $$    | $$__/       | $$  | $$   
                | $$/$$ $$    | $$          | $$  | $$   
                |  $$$$$$/ /$$| $$$$$$$$ /$$| $$$$$$$//$$
                 \____ $$$|__/|________/|__/|_______/|__/
                       \__/                              

VIBEICTDF _1264_ STF

351. Executing SAT pass (solving SAT problems in the circuit).
Using SAT solver `kissat`.

Setting up SAT problem:
Import set-constraint: \f1._1264_ = 1'1
Final constraint equation: \f1._1264_ = 1'1
Imported 3392 cells to SAT database.
Import proof-constraint: \trig = 1'0
Final proof equation: \trig = 1'0
Import show expression: \clk
Import show expression: \rst
Import show expression: \x
Import show expression: \y

Solving problem with 15382 variables and 39074 clauses..
SAT proof finished - model found: FAIL!

   ______                   ___       ___       _ _            _ _ 
  (_____ \                 / __)     / __)     (_) |          | | |
   _____) )___ ___   ___ _| |__    _| |__ _____ _| | _____  __| | |
  |  ____/ ___) _ \ / _ (_   __)  (_   __|____ | | || ___ |/ _  |_|
  | |   | |  | |_| | |_| || |       | |  / ___ | | || ____( (_| |_ 
  |_|   |_|   \___/ \___/ |_|       |_|  \_____|_|\_)_____)\____|_|


  Signal Name             Dec       Hex                                 Bin
  --------------- ----------- --------- -----------------------------------
  \clk                      1         1                                   1
  \rst                      0         0                                   0
  \x               2080374792  7c000008    01111100000000000000000000001000
  \y                        1         1                                   1
VIBEICTDF _1006_ STR

352. Executing SAT pass (solving SAT problems in the circuit).
Using SAT solver `kissat`.

Setting up SAT problem:
Import set-constraint: \f1._1006_ = 1'0
Final constraint equation: \f1._1006_ = 1'0
Imported 3392 cells to SAT database.
Import proof-constraint: \trig = 1'0
Final proof equation: \trig = 1'0
Import show expression: \clk
Import show expression: \rst
Import show expression: \x
Import show expression: \y

Solving problem with 15383 variables and 39077 clauses..
SAT proof finished - model found: FAIL!

   ______                   ___       ___       _ _            _ _ 
  (_____ \                 / __)     / __)     (_) |          | | |
   _____) )___ ___   ___ _| |__    _| |__ _____ _| | _____  __| | |
  |  ____/ ___) _ \ / _ (_   __)  (_   __|____ | | || ___ |/ _  |_|
  | |   | |  | |_| | |_| || |       | |  / ___ | | || ____( (_| |_ 
  |_|   |_|   \___/ \___/ |_|       |_|  \_____|_|\_)_____)\____|_|


  Signal Name             Dec       Hex                                 Bin
  --------------- ----------- --------- -----------------------------------
  \clk                      1         1                                   1
  \rst                      0         0                                   0
  \x              -1879048193  8fffffff    10001111111111111111111111111111
  \y                        0         0                                   0
VIBEICTDF _421__B STR

353. Executing SAT pass (solving SAT problems in the circuit).
Using SAT solver `kissat`.

Setting up SAT problem:
Import set-constraint: \f1._421__B = 1'0
Final constraint equation: \f1._421__B = 1'0
Imported 3392 cells to SAT database.
Import proof-constraint: \trig = 1'0
Final proof equation: \trig = 1'0
Import show expression: \clk
Import show expression: \rst
Import show expression: \x
Import show expression: \y

Solving problem with 15382 variables and 39074 clauses..
SAT proof finished - no model found: SUCCESS!

                  /$$$$$$      /$$$$$$$$     /$$$$$$$    
                 /$$__  $$    | $$_____/    | $$__  $$   
                | $$  \ $$    | $$          | $$  \ $$   
                | $$  | $$    | $$$$$       | $$  | $$   
                | $$  | $$    | $$__/       | $$  | $$   
                | $$/$$ $$    | $$          | $$  | $$   
                |  $$$$$$/ /$$| $$$$$$$$ /$$| $$$$$$$//$$
                 \____ $$$|__/|________/|__/|_______/|__/
                       \__/                              

VIBEICTDF _269__Y STF

354. Executing SAT pass (solving SAT problems in the circuit).
Using SAT solver `kissat`.

Setting up SAT problem:
Import set-constraint: \f1._269__Y = 1'1
Final constraint equation: \f1._269__Y = 1'1
Imported 3392 cells to SAT database.
Import proof-constraint: \trig = 1'0
Final proof equation: \trig = 1'0
Import show expression: \clk
Import show expression: \rst
Import show expression: \x
Import show expression: \y

Solving problem with 15383 variables and 39077 clauses..
SAT proof finished - no model found: SUCCESS!

                  /$$$$$$      /$$$$$$$$     /$$$$$$$    
                 /$$__  $$    | $$_____/    | $$__  $$   
                | $$  \ $$    | $$          | $$  \ $$   
                | $$  | $$    | $$$$$       | $$  | $$   
                | $$  | $$    | $$__/       | $$  | $$   
                | $$/$$ $$    | $$          | $$  | $$   
                |  $$$$$$/ /$$| $$$$$$$$ /$$| $$$$$$$//$$
                 \____ $$$|__/|________/|__/|_______/|__/
                       \__/                              

VIBEICTDF _0537_ STR

355. Executing SAT pass (solving SAT problems in the circuit).
Using SAT solver `kissat`.

Setting up SAT problem:
Import set-constraint: \f1._0537_ = 1'0
Final constraint equation: \f1._0537_ = 1'0
Imported 3392 cells to SAT database.
Import proof-constraint: \trig = 1'0
Final proof equation: \trig = 1'0
Import show expression: \clk
Import show expression: \rst
Import show expression: \x
Import show expression: \y

Solving problem with 15382 variables and 39074 clauses..
SAT proof finished - model found: FAIL!

   ______                   ___       ___       _ _            _ _ 
  (_____ \                 / __)     / __)     (_) |          | | |
   _____) )___ ___   ___ _| |__    _| |__ _____ _| | _____  __| | |
  |  ____/ ___) _ \ / _ (_   __)  (_   __|____ | | || ___ |/ _  |_|
  | |   | |  | |_| | |_| || |       | |  / ___ | | || ____( (_| |_ 
  |_|   |_|   \___/ \___/ |_|       |_|  \_____|_|\_)_____)\____|_|


  Signal Name             Dec       Hex                                 Bin
  --------------- ----------- --------- -----------------------------------
  \clk                      1         1                                   1
  \rst                      0         0                                   0
  \x               -671088640  d8000000    11011000000000000000000000000000
  \y                        1         1                                   1
VIBEICTDF _286__A STR

356. Executing SAT pass (solving SAT problems in the circuit).
Using SAT solver `kissat`.

Setting up SAT problem:
Import set-constraint: \f1._286__A = 1'0
Final constraint equation: \f1._286__A = 1'0
Imported 3392 cells to SAT database.
Import proof-constraint: \trig = 1'0
Final proof equation: \trig = 1'0
Import show expression: \clk
Import show expression: \rst
Import show expression: \x
Import show expression: \y

Solving problem with 15383 variables and 39077 clauses..
SAT proof finished - no model found: SUCCESS!

                  /$$$$$$      /$$$$$$$$     /$$$$$$$    
                 /$$__  $$    | $$_____/    | $$__  $$   
                | $$  \ $$    | $$          | $$  \ $$   
                | $$  | $$    | $$$$$       | $$  | $$   
                | $$  | $$    | $$__/       | $$  | $$   
                | $$/$$ $$    | $$          | $$  | $$   
                |  $$$$$$/ /$$| $$$$$$$$ /$$| $$$$$$$//$$
                 \____ $$$|__/|________/|__/|_______/|__/
                       \__/                              

VIBEICTDF _1054_ STF

357. Executing SAT pass (solving SAT problems in the circuit).
Using SAT solver `kissat`.

Setting up SAT problem:
Import set-constraint: \f1._1054_ = 1'1
Final constraint equation: \f1._1054_ = 1'1
Imported 3392 cells to SAT database.
Import proof-constraint: \trig = 1'0
Final proof equation: \trig = 1'0
Import show expression: \clk
Import show expression: \rst
Import show expression: \x
Import show expression: \y

Solving problem with 15382 variables and 39074 clauses..
SAT proof finished - model found: FAIL!

   ______                   ___       ___       _ _            _ _ 
  (_____ \                 / __)     / __)     (_) |          | | |
   _____) )___ ___   ___ _| |__    _| |__ _____ _| | _____  __| | |
  |  ____/ ___) _ \ / _ (_   __)  (_   __|____ | | || ___ |/ _  |_|
  | |   | |  | |_| | |_| || |       | |  / ___ | | || ____( (_| |_ 
  |_|   |_|   \___/ \___/ |_|       |_|  \_____|_|\_)_____)\____|_|


  Signal Name             Dec       Hex                                 Bin
  --------------- ----------- --------- -----------------------------------
  \clk                      1         1                                   1
  \rst                      0         0                                   0
  \x               -251658240  f1000000    11110001000000000000000000000000
  \y                        1         1                                   1
VIBEICTDF _434__Y STF

358. Executing SAT pass (solving SAT problems in the circuit).
Using SAT solver `kissat`.

Setting up SAT problem:
Import set-constraint: \f1._434__Y = 1'1
Final constraint equation: \f1._434__Y = 1'1
Imported 3392 cells to SAT database.
Import proof-constraint: \trig = 1'0
Final proof equation: \trig = 1'0
Import show expression: \clk
Import show expression: \rst
Import show expression: \x
Import show expression: \y

Solving problem with 15383 variables and 39077 clauses..
SAT proof finished - no model found: SUCCESS!

                  /$$$$$$      /$$$$$$$$     /$$$$$$$    
                 /$$__  $$    | $$_____/    | $$__  $$   
                | $$  \ $$    | $$          | $$  \ $$   
                | $$  | $$    | $$$$$       | $$  | $$   
                | $$  | $$    | $$__/       | $$  | $$   
                | $$/$$ $$    | $$          | $$  | $$   
                |  $$$$$$/ /$$| $$$$$$$$ /$$| $$$$$$$//$$
                 \____ $$$|__/|________/|__/|_______/|__/
                       \__/                              

VIBEICTDF _0796_ STR

359. Executing SAT pass (solving SAT problems in the circuit).
Using SAT solver `kissat`.

Setting up SAT problem:
Import set-constraint: \f1._0796_ = 1'0
Final constraint equation: \f1._0796_ = 1'0
Imported 3392 cells to SAT database.
Import proof-constraint: \trig = 1'0
Final proof equation: \trig = 1'0
Import show expression: \clk
Import show expression: \rst
Import show expression: \x
Import show expression: \y

Solving problem with 15382 variables and 39074 clauses..
SAT proof finished - model found: FAIL!

   ______                   ___       ___       _ _            _ _ 
  (_____ \                 / __)     / __)     (_) |          | | |
   _____) )___ ___   ___ _| |__    _| |__ _____ _| | _____  __| | |
  |  ____/ ___) _ \ / _ (_   __)  (_   __|____ | | || ___ |/ _  |_|
  | |   | |  | |_| | |_| || |       | |  / ___ | | || ____( (_| |_ 
  |_|   |_|   \___/ \___/ |_|       |_|  \_____|_|\_)_____)\____|_|


  Signal Name             Dec       Hex                                 Bin
  --------------- ----------- --------- -----------------------------------
  \clk                      1         1                                   1
  \rst                      0         0                                   0
  \x              -1879048193  8fffffff    10001111111111111111111111111111
  \y                        0         0                                   0
VIBEICTDF _372__A STF

360. Executing SAT pass (solving SAT problems in the circuit).
Using SAT solver `kissat`.

Setting up SAT problem:
Import set-constraint: \f1._372__A = 1'1
Final constraint equation: \f1._372__A = 1'1
Imported 3392 cells to SAT database.
Import proof-constraint: \trig = 1'0
Final proof equation: \trig = 1'0
Import show expression: \clk
Import show expression: \rst
Import show expression: \x
Import show expression: \y

Solving problem with 15383 variables and 39077 clauses..
SAT proof finished - no model found: SUCCESS!

                  /$$$$$$      /$$$$$$$$     /$$$$$$$    
                 /$$__  $$    | $$_____/    | $$__  $$   
                | $$  \ $$    | $$          | $$  \ $$   
                | $$  | $$    | $$$$$       | $$  | $$   
                | $$  | $$    | $$__/       | $$  | $$   
                | $$/$$ $$    | $$          | $$  | $$   
                |  $$$$$$/ /$$| $$$$$$$$ /$$| $$$$$$$//$$
                 \____ $$$|__/|________/|__/|_______/|__/
                       \__/                              

VIBEICTDF _1313_ STR

361. Executing SAT pass (solving SAT problems in the circuit).
Using SAT solver `kissat`.

Setting up SAT problem:
Import set-constraint: \f1._1313_ = 1'0
Final constraint equation: \f1._1313_ = 1'0
Imported 3392 cells to SAT database.
Import proof-constraint: \trig = 1'0
Final proof equation: \trig = 1'0
Import show expression: \clk
Import show expression: \rst
Import show expression: \x
Import show expression: \y

Solving problem with 15383 variables and 39077 clauses..
SAT proof finished - model found: FAIL!

   ______                   ___       ___       _ _            _ _ 
  (_____ \                 / __)     / __)     (_) |          | | |
   _____) )___ ___   ___ _| |__    _| |__ _____ _| | _____  __| | |
  |  ____/ ___) _ \ / _ (_   __)  (_   __|____ | | || ___ |/ _  |_|
  | |   | |  | |_| | |_| || |       | |  / ___ | | || ____( (_| |_ 
  |_|   |_|   \___/ \___/ |_|       |_|  \_____|_|\_)_____)\____|_|


  Signal Name             Dec       Hex                                 Bin
  --------------- ----------- --------- -----------------------------------
  \clk                      1         1                                   1
  \rst                      0         0                                   0
  \x               -134217722  f8000006    11111000000000000000000000000110
  \y                        1         1                                   1
VIBEICTDF _0666_ STF

362. Executing SAT pass (solving SAT problems in the circuit).
Using SAT solver `kissat`.

Setting up SAT problem:
Import set-constraint: \f1._0666_ = 1'1
Final constraint equation: \f1._0666_ = 1'1
Imported 3392 cells to SAT database.
Import proof-constraint: \trig = 1'0
Final proof equation: \trig = 1'0
Import show expression: \clk
Import show expression: \rst
Import show expression: \x
Import show expression: \y

Solving problem with 15382 variables and 39074 clauses..
SAT proof finished - model found: FAIL!

   ______                   ___       ___       _ _            _ _ 
  (_____ \                 / __)     / __)     (_) |          | | |
   _____) )___ ___   ___ _| |__    _| |__ _____ _| | _____  __| | |
  |  ____/ ___) _ \ / _ (_   __)  (_   __|____ | | || ___ |/ _  |_|
  | |   | |  | |_| | |_| || |       | |  / ___ | | || ____( (_| |_ 
  |_|   |_|   \___/ \___/ |_|       |_|  \_____|_|\_)_____)\____|_|


  Signal Name             Dec       Hex                                 Bin
  --------------- ----------- --------- -----------------------------------
  \clk                      0         0                                   0
  \rst                      0         0                                   0
  \x              -1274281984  b40c0000    10110100000011000000000000000000
  \y                        1         1                                   1
VIBEICTDF _329__A STF

363. Executing SAT pass (solving SAT problems in the circuit).
Using SAT solver `kissat`.

Setting up SAT problem:
Import set-constraint: \f1._329__A = 1'1
Final constraint equation: \f1._329__A = 1'1
Imported 3392 cells to SAT database.
Import proof-constraint: \trig = 1'0
Final proof equation: \trig = 1'0
Import show expression: \clk
Import show expression: \rst
Import show expression: \x
Import show expression: \y

Solving problem with 15383 variables and 39077 clauses..
SAT proof finished - no model found: SUCCESS!

                  /$$$$$$      /$$$$$$$$     /$$$$$$$    
                 /$$__  $$    | $$_____/    | $$__  $$   
                | $$  \ $$    | $$          | $$  \ $$   
                | $$  | $$    | $$$$$       | $$  | $$   
                | $$  | $$    | $$__/       | $$  | $$   
                | $$/$$ $$    | $$          | $$  | $$   
                |  $$$$$$/ /$$| $$$$$$$$ /$$| $$$$$$$//$$
                 \____ $$$|__/|________/|__/|_______/|__/
                       \__/                              

VIBEICTDF _1184_ STR

364. Executing SAT pass (solving SAT problems in the circuit).
Using SAT solver `kissat`.

Setting up SAT problem:
Import set-constraint: \f1._1184_ = 1'0
Final constraint equation: \f1._1184_ = 1'0
Imported 3392 cells to SAT database.
Import proof-constraint: \trig = 1'0
Final proof equation: \trig = 1'0
Import show expression: \clk
Import show expression: \rst
Import show expression: \x
Import show expression: \y

Solving problem with 15383 variables and 39077 clauses..
SAT proof finished - model found: FAIL!

   ______                   ___       ___       _ _            _ _ 
  (_____ \                 / __)     / __)     (_) |          | | |
   _____) )___ ___   ___ _| |__    _| |__ _____ _| | _____  __| | |
  |  ____/ ___) _ \ / _ (_   __)  (_   __|____ | | || ___ |/ _  |_|
  | |   | |  | |_| | |_| || |       | |  / ___ | | || ____( (_| |_ 
  |_|   |_|   \___/ \___/ |_|       |_|  \_____|_|\_)_____)\____|_|


  Signal Name             Dec       Hex                                 Bin
  --------------- ----------- --------- -----------------------------------
  \clk                      1         1                                   1
  \rst                      0         0                                   0
  \x               -134211584  f8001800    11111000000000000001100000000000
  \y                        1         1                                   1
VIBEICTDF _0925_ STR

365. Executing SAT pass (solving SAT problems in the circuit).
Using SAT solver `kissat`.

Setting up SAT problem:
Import set-constraint: \f1._0925_ = 1'0
Final constraint equation: \f1._0925_ = 1'0
Imported 3392 cells to SAT database.
Import proof-constraint: \trig = 1'0
Final proof equation: \trig = 1'0
Import show expression: \clk
Import show expression: \rst
Import show expression: \x
Import show expression: \y

Solving problem with 15383 variables and 39077 clauses..
SAT proof finished - no model found: SUCCESS!

                  /$$$$$$      /$$$$$$$$     /$$$$$$$    
                 /$$__  $$    | $$_____/    | $$__  $$   
                | $$  \ $$    | $$          | $$  \ $$   
                | $$  | $$    | $$$$$       | $$  | $$   
                | $$  | $$    | $$__/       | $$  | $$   
                | $$/$$ $$    | $$          | $$  | $$   
                |  $$$$$$/ /$$| $$$$$$$$ /$$| $$$$$$$//$$
                 \____ $$$|__/|________/|__/|_______/|__/
                       \__/                              

VIBEICTDF _404__C1 STR

366. Executing SAT pass (solving SAT problems in the circuit).
Using SAT solver `kissat`.

Setting up SAT problem:
Import set-constraint: \f1._404__C1 = 1'0
Final constraint equation: \f1._404__C1 = 1'0
Imported 3392 cells to SAT database.
Import proof-constraint: \trig = 1'0
Final proof equation: \trig = 1'0
Import show expression: \clk
Import show expression: \rst
Import show expression: \x
Import show expression: \y

Solving problem with 15383 variables and 39077 clauses..
SAT proof finished - no model found: SUCCESS!

                  /$$$$$$      /$$$$$$$$     /$$$$$$$    
                 /$$__  $$    | $$_____/    | $$__  $$   
                | $$  \ $$    | $$          | $$  \ $$   
                | $$  | $$    | $$$$$       | $$  | $$   
                | $$  | $$    | $$__/       | $$  | $$   
                | $$/$$ $$    | $$          | $$  | $$   
                |  $$$$$$/ /$$| $$$$$$$$ /$$| $$$$$$$//$$
                 \____ $$$|__/|________/|__/|_______/|__/
                       \__/                              

VIBEICTDF _242__Y STF

367. Executing SAT pass (solving SAT problems in the circuit).
Using SAT solver `kissat`.

Setting up SAT problem:
Import set-constraint: \f1._242__Y = 1'1
Final constraint equation: \f1._242__Y = 1'1
Imported 3392 cells to SAT database.
Import proof-constraint: \trig = 1'0
Final proof equation: \trig = 1'0
Import show expression: \clk
Import show expression: \rst
Import show expression: \x
Import show expression: \y

Solving problem with 15383 variables and 39077 clauses..
SAT proof finished - no model found: SUCCESS!

                  /$$$$$$      /$$$$$$$$     /$$$$$$$    
                 /$$__  $$    | $$_____/    | $$__  $$   
                | $$  \ $$    | $$          | $$  \ $$   
                | $$  | $$    | $$$$$       | $$  | $$   
                | $$  | $$    | $$__/       | $$  | $$   
                | $$/$$ $$    | $$          | $$  | $$   
                |  $$$$$$/ /$$| $$$$$$$$ /$$| $$$$$$$//$$
                 \____ $$$|__/|________/|__/|_______/|__/
                       \__/                              

VIBEICTDF _0601_ STF

368. Executing SAT pass (solving SAT problems in the circuit).
Using SAT solver `kissat`.

Setting up SAT problem:
Import set-constraint: \f1._0601_ = 1'1
Final constraint equation: \f1._0601_ = 1'1
Imported 3392 cells to SAT database.
Import proof-constraint: \trig = 1'0
Final proof equation: \trig = 1'0
Import show expression: \clk
Import show expression: \rst
Import show expression: \x
Import show expression: \y

Solving problem with 15382 variables and 39074 clauses..
SAT proof finished - model found: FAIL!

   ______                   ___       ___       _ _            _ _ 
  (_____ \                 / __)     / __)     (_) |          | | |
   _____) )___ ___   ___ _| |__    _| |__ _____ _| | _____  __| | |
  |  ____/ ___) _ \ / _ (_   __)  (_   __|____ | | || ___ |/ _  |_|
  | |   | |  | |_| | |_| || |       | |  / ___ | | || ____( (_| |_ 
  |_|   |_|   \___/ \___/ |_|       |_|  \_____|_|\_)_____)\____|_|


  Signal Name             Dec       Hex                                 Bin
  --------------- ----------- --------- -----------------------------------
  \clk                      1         1                                   1
  \rst                      0         0                                   0
  \x                  4194305    400001    00000000010000000000000000000001
  \y                        0         0                                   0
VIBEICTDF _307__B STF

369. Executing SAT pass (solving SAT problems in the circuit).
Using SAT solver `kissat`.

Setting up SAT problem:
Import set-constraint: \f1._307__B = 1'1
Final constraint equation: \f1._307__B = 1'1
Imported 3392 cells to SAT database.
Import proof-constraint: \trig = 1'0
Final proof equation: \trig = 1'0
Import show expression: \clk
Import show expression: \rst
Import show expression: \x
Import show expression: \y

Solving problem with 15381 variables and 39071 clauses..
SAT proof finished - model found: FAIL!

   ______                   ___       ___       _ _            _ _ 
  (_____ \                 / __)     / __)     (_) |          | | |
   _____) )___ ___   ___ _| |__    _| |__ _____ _| | _____  __| | |
  |  ____/ ___) _ \ / _ (_   __)  (_   __|____ | | || ___ |/ _  |_|
  | |   | |  | |_| | |_| || |       | |  / ___ | | || ____( (_| |_ 
  |_|   |_|   \___/ \___/ |_|       |_|  \_____|_|\_)_____)\____|_|


  Signal Name             Dec       Hex                                 Bin
  --------------- ----------- --------- -----------------------------------
  \clk                      0         0                                   0
  \rst                      0         0                                   0
  \x               2013282304  78004000    01111000000000000100000000000000
  \y                        0         0                                   0
VIBEICTDF _1119_ STR

370. Executing SAT pass (solving SAT problems in the circuit).
Using SAT solver `kissat`.

Setting up SAT problem:
Import set-constraint: \f1._1119_ = 1'0
Final constraint equation: \f1._1119_ = 1'0
Imported 3392 cells to SAT database.
Import proof-constraint: \trig = 1'0
Final proof equation: \trig = 1'0
Import show expression: \clk
Import show expression: \rst
Import show expression: \x
Import show expression: \y

Solving problem with 15383 variables and 39077 clauses..
SAT proof finished - model found: FAIL!

   ______                   ___       ___       _ _            _ _ 
  (_____ \                 / __)     / __)     (_) |          | | |
   _____) )___ ___   ___ _| |__    _| |__ _____ _| | _____  __| | |
  |  ____/ ___) _ \ / _ (_   __)  (_   __|____ | | || ___ |/ _  |_|
  | |   | |  | |_| | |_| || |       | |  / ___ | | || ____( (_| |_ 
  |_|   |_|   \___/ \___/ |_|       |_|  \_____|_|\_)_____)\____|_|


  Signal Name             Dec       Hex                                 Bin
  --------------- ----------- --------- -----------------------------------
  \clk                      0         0                                   0
  \rst                      0         0                                   0
  \x              -1811152896  940c0000    10010100000011000000000000000000
  \y                        1         1                                   1
VIBEICTDF _0860_ STF

371. Executing SAT pass (solving SAT problems in the circuit).
Using SAT solver `kissat`.

Setting up SAT problem:
Import set-constraint: \f1._0860_ = 1'1
Final constraint equation: \f1._0860_ = 1'1
Imported 3392 cells to SAT database.
Import proof-constraint: \trig = 1'0
Final proof equation: \trig = 1'0
Import show expression: \clk
Import show expression: \rst
Import show expression: \x
Import show expression: \y

Solving problem with 15384 variables and 39078 clauses..
SAT proof finished - model found: FAIL!

   ______                   ___       ___       _ _            _ _ 
  (_____ \                 / __)     / __)     (_) |          | | |
   _____) )___ ___   ___ _| |__    _| |__ _____ _| | _____  __| | |
  |  ____/ ___) _ \ / _ (_   __)  (_   __|____ | | || ___ |/ _  |_|
  | |   | |  | |_| | |_| || |       | |  / ___ | | || ____( (_| |_ 
  |_|   |_|   \___/ \___/ |_|       |_|  \_____|_|\_)_____)\____|_|


  Signal Name             Dec       Hex                                 Bin
  --------------- ----------- --------- -----------------------------------
  \clk                      1         1                                   1
  \rst                      0         0                                   0
  \x               2013266048  78000080    01111000000000000000000010000000
  \y                        0         0                                   0
VIBEICTDF _390__B1 STF

372. Executing SAT pass (solving SAT problems in the circuit).
Using SAT solver `kissat`.

Setting up SAT problem:
Import set-constraint: \f1._390__B1 = 1'1
Final constraint equation: \f1._390__B1 = 1'1
Imported 3392 cells to SAT database.
Import proof-constraint: \trig = 1'0
Final proof equation: \trig = 1'0
Import show expression: \clk
Import show expression: \rst
Import show expression: \x
Import show expression: \y

Solving problem with 15383 variables and 39077 clauses..
SAT proof finished - no model found: SUCCESS!

                  /$$$$$$      /$$$$$$$$     /$$$$$$$    
                 /$$__  $$    | $$_____/    | $$__  $$   
                | $$  \ $$    | $$          | $$  \ $$   
                | $$  | $$    | $$$$$       | $$  | $$   
                | $$  | $$    | $$__/       | $$  | $$   
                | $$/$$ $$    | $$          | $$  | $$   
                |  $$$$$$/ /$$| $$$$$$$$ /$$| $$$$$$$//$$
                 \____ $$$|__/|________/|__/|_______/|__/
                       \__/                              

VIBEICTDF _223__B STR

373. Executing SAT pass (solving SAT problems in the circuit).
Using SAT solver `kissat`.

Setting up SAT problem:
Import set-constraint: \f1._223__B = 1'0
Final constraint equation: \f1._223__B = 1'0
Imported 3392 cells to SAT database.
Import proof-constraint: \trig = 1'0
Final proof equation: \trig = 1'0
Import show expression: \clk
Import show expression: \rst
Import show expression: \x
Import show expression: \y

Solving problem with 15383 variables and 39077 clauses..
SAT proof finished - no model found: SUCCESS!

                  /$$$$$$      /$$$$$$$$     /$$$$$$$    
                 /$$__  $$    | $$_____/    | $$__  $$   
                | $$  \ $$    | $$          | $$  \ $$   
                | $$  | $$    | $$$$$       | $$  | $$   
                | $$  | $$    | $$__/       | $$  | $$   
                | $$/$$ $$    | $$          | $$  | $$   
                |  $$$$$$/ /$$| $$$$$$$$ /$$| $$$$$$$//$$
                 \____ $$$|__/|________/|__/|_______/|__/
                       \__/                              

VIBEICTDF _0731_ STR

374. Executing SAT pass (solving SAT problems in the circuit).
Using SAT solver `kissat`.

Setting up SAT problem:
Import set-constraint: \f1._0731_ = 1'0
Final constraint equation: \f1._0731_ = 1'0
Imported 3392 cells to SAT database.
Import proof-constraint: \trig = 1'0
Final proof equation: \trig = 1'0
Import show expression: \clk
Import show expression: \rst
Import show expression: \x
Import show expression: \y

Solving problem with 15382 variables and 39074 clauses..
SAT proof finished - model found: FAIL!

   ______                   ___       ___       _ _            _ _ 
  (_____ \                 / __)     / __)     (_) |          | | |
   _____) )___ ___   ___ _| |__    _| |__ _____ _| | _____  __| | |
  |  ____/ ___) _ \ / _ (_   __)  (_   __|____ | | || ___ |/ _  |_|
  | |   | |  | |_| | |_| || |       | |  / ___ | | || ____( (_| |_ 
  |_|   |_|   \___/ \___/ |_|       |_|  \_____|_|\_)_____)\____|_|


  Signal Name             Dec       Hex                                 Bin
  --------------- ----------- --------- -----------------------------------
  \clk                      1         1                                   1
  \rst                      0         0                                   0
  \x               -738148352  d400c000    11010100000000001100000000000000
  \y                        1         1                                   1
VIBEICTDF _350__Y STR

375. Executing SAT pass (solving SAT problems in the circuit).
Using SAT solver `kissat`.

Setting up SAT problem:
Import set-constraint: \f1._350__Y = 1'0
Final constraint equation: \f1._350__Y = 1'0
Imported 3392 cells to SAT database.
Import proof-constraint: \trig = 1'0
Final proof equation: \trig = 1'0
Import show expression: \clk
Import show expression: \rst
Import show expression: \x
Import show expression: \y

Solving problem with 15383 variables and 39077 clauses..
SAT proof finished - no model found: SUCCESS!

                  /$$$$$$      /$$$$$$$$     /$$$$$$$    
                 /$$__  $$    | $$_____/    | $$__  $$   
                | $$  \ $$    | $$          | $$  \ $$   
                | $$  | $$    | $$$$$       | $$  | $$   
                | $$  | $$    | $$__/       | $$  | $$   
                | $$/$$ $$    | $$          | $$  | $$   
                |  $$$$$$/ /$$| $$$$$$$$ /$$| $$$$$$$//$$
                 \____ $$$|__/|________/|__/|_______/|__/
                       \__/                              

VIBEICTDF _1248_ STF

376. Executing SAT pass (solving SAT problems in the circuit).
Using SAT solver `kissat`.

Setting up SAT problem:
Import set-constraint: \f1._1248_ = 1'1
Final constraint equation: \f1._1248_ = 1'1
Imported 3392 cells to SAT database.
Import proof-constraint: \trig = 1'0
Final proof equation: \trig = 1'0
Import show expression: \clk
Import show expression: \rst
Import show expression: \x
Import show expression: \y

Solving problem with 15382 variables and 39074 clauses..
SAT proof finished - no model found: SUCCESS!

                  /$$$$$$      /$$$$$$$$     /$$$$$$$    
                 /$$__  $$    | $$_____/    | $$__  $$   
                | $$  \ $$    | $$          | $$  \ $$   
                | $$  | $$    | $$$$$       | $$  | $$   
                | $$  | $$    | $$__/       | $$  | $$   
                | $$/$$ $$    | $$          | $$  | $$   
                |  $$$$$$/ /$$| $$$$$$$$ /$$| $$$$$$$//$$
                 \____ $$$|__/|________/|__/|_______/|__/
                       \__/                              

VIBEICTDF _0990_ STR

377. Executing SAT pass (solving SAT problems in the circuit).
Using SAT solver `kissat`.

Setting up SAT problem:
Import set-constraint: \f1._0990_ = 1'0
Final constraint equation: \f1._0990_ = 1'0
Imported 3392 cells to SAT database.
Import proof-constraint: \trig = 1'0
Final proof equation: \trig = 1'0
Import show expression: \clk
Import show expression: \rst
Import show expression: \x
Import show expression: \y

Solving problem with 15383 variables and 39077 clauses..
SAT proof finished - model found: FAIL!

   ______                   ___       ___       _ _            _ _ 
  (_____ \                 / __)     / __)     (_) |          | | |
   _____) )___ ___   ___ _| |__    _| |__ _____ _| | _____  __| | |
  |  ____/ ___) _ \ / _ (_   __)  (_   __|____ | | || ___ |/ _  |_|
  | |   | |  | |_| | |_| || |       | |  / ___ | | || ____( (_| |_ 
  |_|   |_|   \___/ \___/ |_|       |_|  \_____|_|\_)_____)\____|_|


  Signal Name             Dec       Hex                                 Bin
  --------------- ----------- --------- -----------------------------------
  \clk                      1         1                                   1
  \rst                      0         0                                   0
  \x              -2013265920  88000000    10001000000000000000000000000000
  \y                        1         1                                   1
VIBEICTDF _417__B1 STF

378. Executing SAT pass (solving SAT problems in the circuit).
Using SAT solver `kissat`.

Setting up SAT problem:
Import set-constraint: \f1._417__B1 = 1'1
Final constraint equation: \f1._417__B1 = 1'1
Imported 3392 cells to SAT database.
Import proof-constraint: \trig = 1'0
Final proof equation: \trig = 1'0
Import show expression: \clk
Import show expression: \rst
Import show expression: \x
Import show expression: \y

Solving problem with 15381 variables and 39071 clauses..
SAT proof finished - model found: FAIL!

   ______                   ___       ___       _ _            _ _ 
  (_____ \                 / __)     / __)     (_) |          | | |
   _____) )___ ___   ___ _| |__    _| |__ _____ _| | _____  __| | |
  |  ____/ ___) _ \ / _ (_   __)  (_   __|____ | | || ___ |/ _  |_|
  | |   | |  | |_| | |_| || |       | |  / ___ | | || ____( (_| |_ 
  |_|   |_|   \___/ \___/ |_|       |_|  \_____|_|\_)_____)\____|_|


  Signal Name             Dec       Hex                                 Bin
  --------------- ----------- --------- -----------------------------------
  \clk                      1         1                                   1
  \rst                      0         0                                   0
  \x               2013265968  78000030    01111000000000000000000000110000
  \y                        1         1                                   1
VIBEICTDF _264__B STR

379. Executing SAT pass (solving SAT problems in the circuit).
Using SAT solver `kissat`.

Setting up SAT problem:
Import set-constraint: \f1._264__B = 1'0
Final constraint equation: \f1._264__B = 1'0
Imported 3392 cells to SAT database.
Import proof-constraint: \trig = 1'0
Final proof equation: \trig = 1'0
Import show expression: \clk
Import show expression: \rst
Import show expression: \x
Import show expression: \y

Solving problem with 15383 variables and 39077 clauses..
SAT proof finished - no model found: SUCCESS!

                  /$$$$$$      /$$$$$$$$     /$$$$$$$    
                 /$$__  $$    | $$_____/    | $$__  $$   
                | $$  \ $$    | $$          | $$  \ $$   
                | $$  | $$    | $$$$$       | $$  | $$   
                | $$  | $$    | $$__/       | $$  | $$   
                | $$/$$ $$    | $$          | $$  | $$   
                |  $$$$$$/ /$$| $$$$$$$$ /$$| $$$$$$$//$$
                 \____ $$$|__/|________/|__/|_______/|__/
                       \__/                              

VIBEICTDF _0569_ STF

380. Executing SAT pass (solving SAT problems in the circuit).
Using SAT solver `kissat`.

Setting up SAT problem:
Import set-constraint: \f1._0569_ = 1'1
Final constraint equation: \f1._0569_ = 1'1
Imported 3392 cells to SAT database.
Import proof-constraint: \trig = 1'0
Final proof equation: \trig = 1'0
Import show expression: \clk
Import show expression: \rst
Import show expression: \x
Import show expression: \y

Solving problem with 15382 variables and 39074 clauses..
SAT proof finished - model found: FAIL!

   ______                   ___       ___       _ _            _ _ 
  (_____ \                 / __)     / __)     (_) |          | | |
   _____) )___ ___   ___ _| |__    _| |__ _____ _| | _____  __| | |
  |  ____/ ___) _ \ / _ (_   __)  (_   __|____ | | || ___ |/ _  |_|
  | |   | |  | |_| | |_| || |       | |  / ___ | | || ____( (_| |_ 
  |_|   |_|   \___/ \___/ |_|       |_|  \_____|_|\_)_____)\____|_|


  Signal Name             Dec       Hex                                 Bin
  --------------- ----------- --------- -----------------------------------
  \clk                      1         1                                   1
  \rst                      0         0                                   0
  \x                 16777217   1000001    00000001000000000000000000000001
  \y                        0         0                                   0
VIBEICTDF _296__Y STF

381. Executing SAT pass (solving SAT problems in the circuit).
Using SAT solver `kissat`.

Setting up SAT problem:
Import set-constraint: \f1._296__Y = 1'1
Final constraint equation: \f1._296__Y = 1'1
Imported 3392 cells to SAT database.
Import proof-constraint: \trig = 1'0
Final proof equation: \trig = 1'0
Import show expression: \clk
Import show expression: \rst
Import show expression: \x
Import show expression: \y

Solving problem with 15383 variables and 39077 clauses..
SAT proof finished - no model found: SUCCESS!

                  /$$$$$$      /$$$$$$$$     /$$$$$$$    
                 /$$__  $$    | $$_____/    | $$__  $$   
                | $$  \ $$    | $$          | $$  \ $$   
                | $$  | $$    | $$$$$       | $$  | $$   
                | $$  | $$    | $$__/       | $$  | $$   
                | $$/$$ $$    | $$          | $$  | $$   
                |  $$$$$$/ /$$| $$$$$$$$ /$$| $$$$$$$//$$
                 \____ $$$|__/|________/|__/|_______/|__/
                       \__/                              

VIBEICTDF _1087_ STR

382. Executing SAT pass (solving SAT problems in the circuit).
Using SAT solver `kissat`.

Setting up SAT problem:
Import set-constraint: \f1._1087_ = 1'0
Final constraint equation: \f1._1087_ = 1'0
Imported 3392 cells to SAT database.
Import proof-constraint: \trig = 1'0
Final proof equation: \trig = 1'0
Import show expression: \clk
Import show expression: \rst
Import show expression: \x
Import show expression: \y

Solving problem with 15383 variables and 39077 clauses..
SAT proof finished - no model found: SUCCESS!

                  /$$$$$$      /$$$$$$$$     /$$$$$$$    
                 /$$__  $$    | $$_____/    | $$__  $$   
                | $$  \ $$    | $$          | $$  \ $$   
                | $$  | $$    | $$$$$       | $$  | $$   
                | $$  | $$    | $$__/       | $$  | $$   
                | $$/$$ $$    | $$          | $$  | $$   
                |  $$$$$$/ /$$| $$$$$$$$ /$$| $$$$$$$//$$
                 \____ $$$|__/|________/|__/|_______/|__/
                       \__/                              

VIBEICTDF _443__B STF

383. Executing SAT pass (solving SAT problems in the circuit).
Using SAT solver `kissat`.

Setting up SAT problem:
Import set-constraint: \f1._443__B = 1'1
Final constraint equation: \f1._443__B = 1'1
Imported 3392 cells to SAT database.
Import proof-constraint: \trig = 1'0
Final proof equation: \trig = 1'0
Import show expression: \clk
Import show expression: \rst
Import show expression: \x
Import show expression: \y

Solving problem with 15383 variables and 39077 clauses..
SAT proof finished - no model found: SUCCESS!

                  /$$$$$$      /$$$$$$$$     /$$$$$$$    
                 /$$__  $$    | $$_____/    | $$__  $$   
                | $$  \ $$    | $$          | $$  \ $$   
                | $$  | $$    | $$$$$       | $$  | $$   
                | $$  | $$    | $$__/       | $$  | $$   
                | $$/$$ $$    | $$          | $$  | $$   
                |  $$$$$$/ /$$| $$$$$$$$ /$$| $$$$$$$//$$
                 \____ $$$|__/|________/|__/|_______/|__/
                       \__/                              

VIBEICTDF _0828_ STR

384. Executing SAT pass (solving SAT problems in the circuit).
Using SAT solver `kissat`.

Setting up SAT problem:
Import set-constraint: \f1._0828_ = 1'0
Final constraint equation: \f1._0828_ = 1'0
Imported 3392 cells to SAT database.
Import proof-constraint: \trig = 1'0
Final proof equation: \trig = 1'0
Import show expression: \clk
Import show expression: \rst
Import show expression: \x
Import show expression: \y

Solving problem with 15382 variables and 39074 clauses..
SAT proof finished - model found: FAIL!

   ______                   ___       ___       _ _            _ _ 
  (_____ \                 / __)     / __)     (_) |          | | |
   _____) )___ ___   ___ _| |__    _| |__ _____ _| | _____  __| | |
  |  ____/ ___) _ \ / _ (_   __)  (_   __|____ | | || ___ |/ _  |_|
  | |   | |  | |_| | |_| || |       | |  / ___ | | || ____( (_| |_ 
  |_|   |_|   \___/ \___/ |_|       |_|  \_____|_|\_)_____)\____|_|


  Signal Name             Dec       Hex                                 Bin
  --------------- ----------- --------- -----------------------------------
  \clk                      1         1                                   1
  \rst                      0         0                                   0
  \x              -1879048193  8fffffff    10001111111111111111111111111111
  \y                        0         0                                   0
VIBEICTDF _382__B STR

385. Executing SAT pass (solving SAT problems in the circuit).
Using SAT solver `kissat`.

Setting up SAT problem:
Import set-constraint: \f1._382__B = 1'0
Final constraint equation: \f1._382__B = 1'0
Imported 3392 cells to SAT database.
Import proof-constraint: \trig = 1'0
Final proof equation: \trig = 1'0
Import show expression: \clk
Import show expression: \rst
Import show expression: \x
Import show expression: \y

Solving problem with 15383 variables and 39077 clauses..
SAT proof finished - no model found: SUCCESS!

                  /$$$$$$      /$$$$$$$$     /$$$$$$$    
                 /$$__  $$    | $$_____/    | $$__  $$   
                | $$  \ $$    | $$          | $$  \ $$   
                | $$  | $$    | $$$$$       | $$  | $$   
                | $$  | $$    | $$__/       | $$  | $$   
                | $$/$$ $$    | $$          | $$  | $$   
                |  $$$$$$/ /$$| $$$$$$$$ /$$| $$$$$$$//$$
                 \____ $$$|__/|________/|__/|_______/|__/
                       \__/                              

VIBEICTDF _1345_ STF

386. Executing SAT pass (solving SAT problems in the circuit).
Using SAT solver `kissat`.

Setting up SAT problem:
Import set-constraint: \f1._1345_ = 1'1
Final constraint equation: \f1._1345_ = 1'1
Imported 3392 cells to SAT database.
Import proof-constraint: \trig = 1'0
Final proof equation: \trig = 1'0
Import show expression: \clk
Import show expression: \rst
Import show expression: \x
Import show expression: \y

Solving problem with 15382 variables and 39074 clauses..
SAT proof finished - model found: FAIL!

   ______                   ___       ___       _ _            _ _ 
  (_____ \                 / __)     / __)     (_) |          | | |
   _____) )___ ___   ___ _| |__    _| |__ _____ _| | _____  __| | |
  |  ____/ ___) _ \ / _ (_   __)  (_   __|____ | | || ___ |/ _  |_|
  | |   | |  | |_| | |_| || |       | |  / ___ | | || ____( (_| |_ 
  |_|   |_|   \___/ \___/ |_|       |_|  \_____|_|\_)_____)\____|_|


  Signal Name             Dec       Hex                                 Bin
  --------------- ----------- --------- -----------------------------------
  \clk                      1         1                                   1
  \rst                      0         0                                   0
  \x               -939524096  c8000000    11001000000000000000000000000000
  \y                        1         1                                   1
VIBEICTDF _0698_ STF

387. Executing SAT pass (solving SAT problems in the circuit).
Using SAT solver `kissat`.

Setting up SAT problem:
Import set-constraint: \f1._0698_ = 1'1
Final constraint equation: \f1._0698_ = 1'1
Imported 3392 cells to SAT database.
Import proof-constraint: \trig = 1'0
Final proof equation: \trig = 1'0
Import show expression: \clk
Import show expression: \rst
Import show expression: \x
Import show expression: \y

Solving problem with 15382 variables and 39074 clauses..
SAT proof finished - model found: FAIL!

   ______                   ___       ___       _ _            _ _ 
  (_____ \                 / __)     / __)     (_) |          | | |
   _____) )___ ___   ___ _| |__    _| |__ _____ _| | _____  __| | |
  |  ____/ ___) _ \ / _ (_   __)  (_   __|____ | | || ___ |/ _  |_|
  | |   | |  | |_| | |_| || |       | |  / ___ | | || ____( (_| |_ 
  |_|   |_|   \___/ \___/ |_|       |_|  \_____|_|\_)_____)\____|_|


  Signal Name             Dec       Hex                                 Bin
  --------------- ----------- --------- -----------------------------------
  \clk                      0         0                                   0
  \rst                      0         0                                   0
  \x              -1476198400  a8030000    10101000000000110000000000000000
  \y                        1         1                                   1
VIBEICTDF _339__Y STF

388. Executing SAT pass (solving SAT problems in the circuit).
Using SAT solver `kissat`.

Setting up SAT problem:
Import set-constraint: \f1._339__Y = 1'1
Final constraint equation: \f1._339__Y = 1'1
Imported 3392 cells to SAT database.
Import proof-constraint: \trig = 1'0
Final proof equation: \trig = 1'0
Import show expression: \clk
Import show expression: \rst
Import show expression: \x
Import show expression: \y

Solving problem with 15383 variables and 39077 clauses..
SAT proof finished - no model found: SUCCESS!

                  /$$$$$$      /$$$$$$$$     /$$$$$$$    
                 /$$__  $$    | $$_____/    | $$__  $$   
                | $$  \ $$    | $$          | $$  \ $$   
                | $$  | $$    | $$$$$       | $$  | $$   
                | $$  | $$    | $$__/       | $$  | $$   
                | $$/$$ $$    | $$          | $$  | $$   
                |  $$$$$$/ /$$| $$$$$$$$ /$$| $$$$$$$//$$
                 \____ $$$|__/|________/|__/|_______/|__/
                       \__/                              

VIBEICTDF _1216_ STR

389. Executing SAT pass (solving SAT problems in the circuit).
Using SAT solver `kissat`.

Setting up SAT problem:
Import set-constraint: \f1._1216_ = 1'0
Final constraint equation: \f1._1216_ = 1'0
Imported 3392 cells to SAT database.
Import proof-constraint: \trig = 1'0
Final proof equation: \trig = 1'0
Import show expression: \clk
Import show expression: \rst
Import show expression: \x
Import show expression: \y

Solving problem with 15383 variables and 39077 clauses..
SAT proof finished - model found: FAIL!

   ______                   ___       ___       _ _            _ _ 
  (_____ \                 / __)     / __)     (_) |          | | |
   _____) )___ ___   ___ _| |__    _| |__ _____ _| | _____  __| | |
  |  ____/ ___) _ \ / _ (_   __)  (_   __|____ | | || ___ |/ _  |_|
  | |   | |  | |_| | |_| || |       | |  / ___ | | || ____( (_| |_ 
  |_|   |_|   \___/ \___/ |_|       |_|  \_____|_|\_)_____)\____|_|


  Signal Name             Dec       Hex                                 Bin
  --------------- ----------- --------- -----------------------------------
  \clk                      0         0                                   0
  \rst                      0         0                                   0
  \x               2013266688  78000300    01111000000000000000001100000000
  \y                        0         0                                   0
VIBEICTDF _0957_ STF

390. Executing SAT pass (solving SAT problems in the circuit).
Using SAT solver `kissat`.

Setting up SAT problem:
Import set-constraint: \f1._0957_ = 1'1
Final constraint equation: \f1._0957_ = 1'1
Imported 3392 cells to SAT database.
Import proof-constraint: \trig = 1'0
Final proof equation: \trig = 1'0
Import show expression: \clk
Import show expression: \rst
Import show expression: \x
Import show expression: \y

Solving problem with 15382 variables and 39074 clauses..
SAT proof finished - model found: FAIL!

   ______                   ___       ___       _ _            _ _ 
  (_____ \                 / __)     / __)     (_) |          | | |
   _____) )___ ___   ___ _| |__    _| |__ _____ _| | _____  __| | |
  |  ____/ ___) _ \ / _ (_   __)  (_   __|____ | | || ___ |/ _  |_|
  | |   | |  | |_| | |_| || |       | |  / ___ | | || ____( (_| |_ 
  |_|   |_|   \___/ \___/ |_|       |_|  \_____|_|\_)_____)\____|_|


  Signal Name             Dec       Hex                                 Bin
  --------------- ----------- --------- -----------------------------------
  \clk                      1         1                                   1
  \rst                      0         0                                   0
  \x              -1006632960  c4000000    11000100000000000000000000000000
  \y                        1         1                                   1
VIBEICTDF _411__A1 STF

391. Executing SAT pass (solving SAT problems in the circuit).
Using SAT solver `kissat`.

Setting up SAT problem:
Import set-constraint: \f1._411__A1 = 1'1
Final constraint equation: \f1._411__A1 = 1'1
Imported 3392 cells to SAT database.
Import proof-constraint: \trig = 1'0
Final proof equation: \trig = 1'0
Import show expression: \clk
Import show expression: \rst
Import show expression: \x
Import show expression: \y

Solving problem with 15383 variables and 39077 clauses..
SAT proof finished - no model found: SUCCESS!

                  /$$$$$$      /$$$$$$$$     /$$$$$$$    
                 /$$__  $$    | $$_____/    | $$__  $$   
                | $$  \ $$    | $$          | $$  \ $$   
                | $$  | $$    | $$$$$       | $$  | $$   
                | $$  | $$    | $$__/       | $$  | $$   
                | $$/$$ $$    | $$          | $$  | $$   
                |  $$$$$$/ /$$| $$$$$$$$ /$$| $$$$$$$//$$
                 \____ $$$|__/|________/|__/|_______/|__/
                       \__/                              

VIBEICTDF _253__Y STR

392. Executing SAT pass (solving SAT problems in the circuit).
Using SAT solver `kissat`.

Setting up SAT problem:
Import set-constraint: \f1._253__Y = 1'0
Final constraint equation: \f1._253__Y = 1'0
Imported 3392 cells to SAT database.
Import proof-constraint: \trig = 1'0
Final proof equation: \trig = 1'0
Import show expression: \clk
Import show expression: \rst
Import show expression: \x
Import show expression: \y

Solving problem with 15383 variables and 39077 clauses..
SAT proof finished - no model found: SUCCESS!

                  /$$$$$$      /$$$$$$$$     /$$$$$$$    
                 /$$__  $$    | $$_____/    | $$__  $$   
                | $$  \ $$    | $$          | $$  \ $$   
                | $$  | $$    | $$$$$       | $$  | $$   
                | $$  | $$    | $$__/       | $$  | $$   
                | $$/$$ $$    | $$          | $$  | $$   
                |  $$$$$$/ /$$| $$$$$$$$ /$$| $$$$$$$//$$
                 \____ $$$|__/|________/|__/|_______/|__/
                       \__/                              

VIBEICTDF _0634_ STR

393. Executing SAT pass (solving SAT problems in the circuit).
Using SAT solver `kissat`.

Setting up SAT problem:
Import set-constraint: \f1._0634_ = 1'0
Final constraint equation: \f1._0634_ = 1'0
Imported 3392 cells to SAT database.
Import proof-constraint: \trig = 1'0
Final proof equation: \trig = 1'0
Import show expression: \clk
Import show expression: \rst
Import show expression: \x
Import show expression: \y

Solving problem with 15383 variables and 39077 clauses..
SAT proof finished - model found: FAIL!

   ______                   ___       ___       _ _            _ _ 
  (_____ \                 / __)     / __)     (_) |          | | |
   _____) )___ ___   ___ _| |__    _| |__ _____ _| | _____  __| | |
  |  ____/ ___) _ \ / _ (_   __)  (_   __|____ | | || ___ |/ _  |_|
  | |   | |  | |_| | |_| || |       | |  / ___ | | || ____( (_| |_ 
  |_|   |_|   \___/ \___/ |_|       |_|  \_____|_|\_)_____)\____|_|


  Signal Name             Dec       Hex                                 Bin
  --------------- ----------- --------- -----------------------------------
  \clk                      0         0                                   0
  \rst                      0         0                                   0
  \x                470810624  1c100000    00011100000100000000000000000000
  \y                        1         1                                   1
VIBEICTDF _318__B STR

394. Executing SAT pass (solving SAT problems in the circuit).
Using SAT solver `kissat`.

Setting up SAT problem:
Import set-constraint: \f1._318__B = 1'0
Final constraint equation: \f1._318__B = 1'0
Imported 3392 cells to SAT database.
Import proof-constraint: \trig = 1'0
Final proof equation: \trig = 1'0
Import show expression: \clk
Import show expression: \rst
Import show expression: \x
Import show expression: \y

Solving problem with 15383 variables and 39077 clauses..
SAT proof finished - no model found: SUCCESS!

                  /$$$$$$      /$$$$$$$$     /$$$$$$$    
                 /$$__  $$    | $$_____/    | $$__  $$   
                | $$  \ $$    | $$          | $$  \ $$   
                | $$  | $$    | $$$$$       | $$  | $$   
                | $$  | $$    | $$__/       | $$  | $$   
                | $$/$$ $$    | $$          | $$  | $$   
                |  $$$$$$/ /$$| $$$$$$$$ /$$| $$$$$$$//$$
                 \____ $$$|__/|________/|__/|_______/|__/
                       \__/                              

VIBEICTDF _1151_ STF

395. Executing SAT pass (solving SAT problems in the circuit).
Using SAT solver `kissat`.

Setting up SAT problem:
Import set-constraint: \f1._1151_ = 1'1
Final constraint equation: \f1._1151_ = 1'1
Imported 3392 cells to SAT database.
Import proof-constraint: \trig = 1'0
Final proof equation: \trig = 1'0
Import show expression: \clk
Import show expression: \rst
Import show expression: \x
Import show expression: \y

Solving problem with 15382 variables and 39074 clauses..
SAT proof finished - model found: FAIL!

   ______                   ___       ___       _ _            _ _ 
  (_____ \                 / __)     / __)     (_) |          | | |
   _____) )___ ___   ___ _| |__    _| |__ _____ _| | _____  __| | |
  |  ____/ ___) _ \ / _ (_   __)  (_   __|____ | | || ___ |/ _  |_|
  | |   | |  | |_| | |_| || |       | |  / ___ | | || ____( (_| |_ 
  |_|   |_|   \___/ \___/ |_|       |_|  \_____|_|\_)_____)\____|_|


  Signal Name             Dec       Hex                                 Bin
  --------------- ----------- --------- -----------------------------------
  \clk                      1         1                                   1
  \rst                      0         0                                   0
  \x              -1879048193  8fffffff    10001111111111111111111111111111
  \y                        0         0                                   0
VIBEICTDF _0893_ STR

396. Executing SAT pass (solving SAT problems in the circuit).
Using SAT solver `kissat`.

Setting up SAT problem:
Import set-constraint: \f1._0893_ = 1'0
Final constraint equation: \f1._0893_ = 1'0
Imported 3392 cells to SAT database.
Import proof-constraint: \trig = 1'0
Final proof equation: \trig = 1'0
Import show expression: \clk
Import show expression: \rst
Import show expression: \x
Import show expression: \y

Solving problem with 15383 variables and 39077 clauses..
SAT proof finished - no model found: SUCCESS!

                  /$$$$$$      /$$$$$$$$     /$$$$$$$    
                 /$$__  $$    | $$_____/    | $$__  $$   
                | $$  \ $$    | $$          | $$  \ $$   
                | $$  | $$    | $$$$$       | $$  | $$   
                | $$  | $$    | $$__/       | $$  | $$   
                | $$/$$ $$    | $$          | $$  | $$   
                |  $$$$$$/ /$$| $$$$$$$$ /$$| $$$$$$$//$$
                 \____ $$$|__/|________/|__/|_______/|__/
                       \__/                              

VIBEICTDF _398__A1 STF

397. Executing SAT pass (solving SAT problems in the circuit).
Using SAT solver `kissat`.

Setting up SAT problem:
Import set-constraint: \f1._398__A1 = 1'1
Final constraint equation: \f1._398__A1 = 1'1
Imported 3392 cells to SAT database.
Import proof-constraint: \trig = 1'0
Final proof equation: \trig = 1'0
Import show expression: \clk
Import show expression: \rst
Import show expression: \x
Import show expression: \y

Solving problem with 15383 variables and 39077 clauses..
SAT proof finished - no model found: SUCCESS!

                  /$$$$$$      /$$$$$$$$     /$$$$$$$    
                 /$$__  $$    | $$_____/    | $$__  $$   
                | $$  \ $$    | $$          | $$  \ $$   
                | $$  | $$    | $$$$$       | $$  | $$   
                | $$  | $$    | $$__/       | $$  | $$   
                | $$/$$ $$    | $$          | $$  | $$   
                |  $$$$$$/ /$$| $$$$$$$$ /$$| $$$$$$$//$$
                 \____ $$$|__/|________/|__/|_______/|__/
                       \__/                              

VIBEICTDF _232__A STR

398. Executing SAT pass (solving SAT problems in the circuit).
Using SAT solver `kissat`.

Setting up SAT problem:
Import set-constraint: \f1._232__A = 1'0
Final constraint equation: \f1._232__A = 1'0
Imported 3392 cells to SAT database.
Import proof-constraint: \trig = 1'0
Final proof equation: \trig = 1'0
Import show expression: \clk
Import show expression: \rst
Import show expression: \x
Import show expression: \y

Solving problem with 15383 variables and 39077 clauses..
SAT proof finished - no model found: SUCCESS!

                  /$$$$$$      /$$$$$$$$     /$$$$$$$    
                 /$$__  $$    | $$_____/    | $$__  $$   
                | $$  \ $$    | $$          | $$  \ $$   
                | $$  | $$    | $$$$$       | $$  | $$   
                | $$  | $$    | $$__/       | $$  | $$   
                | $$/$$ $$    | $$          | $$  | $$   
                |  $$$$$$/ /$$| $$$$$$$$ /$$| $$$$$$$//$$
                 \____ $$$|__/|________/|__/|_______/|__/
                       \__/                              

VIBEICTDF _0763_ STF

399. Executing SAT pass (solving SAT problems in the circuit).
Using SAT solver `kissat`.

Setting up SAT problem:
Import set-constraint: \f1._0763_ = 1'1
Final constraint equation: \f1._0763_ = 1'1
Imported 3392 cells to SAT database.
Import proof-constraint: \trig = 1'0
Final proof equation: \trig = 1'0
Import show expression: \clk
Import show expression: \rst
Import show expression: \x
Import show expression: \y

Solving problem with 15384 variables and 39078 clauses..
SAT proof finished - model found: FAIL!

   ______                   ___       ___       _ _            _ _ 
  (_____ \                 / __)     / __)     (_) |          | | |
   _____) )___ ___   ___ _| |__    _| |__ _____ _| | _____  __| | |
  |  ____/ ___) _ \ / _ (_   __)  (_   __|____ | | || ___ |/ _  |_|
  | |   | |  | |_| | |_| || |       | |  / ___ | | || ____( (_| |_ 
  |_|   |_|   \___/ \___/ |_|       |_|  \_____|_|\_)_____)\____|_|


  Signal Name             Dec       Hex                                 Bin
  --------------- ----------- --------- -----------------------------------
  \clk                      1         1                                   1
  \rst                      0         0                                   0
  \x                     4097      1001    00000000000000000001000000000001
  \y                        0         0                                   0
VIBEICTDF _361__B STF

400. Executing SAT pass (solving SAT problems in the circuit).
Using SAT solver `kissat`.

Setting up SAT problem:
Import set-constraint: \f1._361__B = 1'1
Final constraint equation: \f1._361__B = 1'1
Imported 3392 cells to SAT database.
Import proof-constraint: \trig = 1'0
Final proof equation: \trig = 1'0
Import show expression: \clk
Import show expression: \rst
Import show expression: \x
Import show expression: \y

Solving problem with 15381 variables and 39071 clauses..
SAT proof finished - model found: FAIL!

   ______                   ___       ___       _ _            _ _ 
  (_____ \                 / __)     / __)     (_) |          | | |
   _____) )___ ___   ___ _| |__    _| |__ _____ _| | _____  __| | |
  |  ____/ ___) _ \ / _ (_   __)  (_   __|____ | | || ___ |/ _  |_|
  | |   | |  | |_| | |_| || |       | |  / ___ | | || ____( (_| |_ 
  |_|   |_|   \___/ \___/ |_|       |_|  \_____|_|\_)_____)\____|_|


  Signal Name             Dec       Hex                                 Bin
  --------------- ----------- --------- -----------------------------------
  \clk                      1         1                                   1
  \rst                      0         0                                   0
  \x               2080374817  7c000021    01111100000000000000000000100001
  \y                        0         0                                   0
VIBEICTDF _1281_ STR

401. Executing SAT pass (solving SAT problems in the circuit).
Using SAT solver `kissat`.

Setting up SAT problem:
Import set-constraint: \f1._1281_ = 1'0
Final constraint equation: \f1._1281_ = 1'0
Imported 3392 cells to SAT database.
Import proof-constraint: \trig = 1'0
Final proof equation: \trig = 1'0
Import show expression: \clk
Import show expression: \rst
Import show expression: \x
Import show expression: \y

Solving problem with 15383 variables and 39077 clauses..
SAT proof finished - model found: FAIL!

   ______                   ___       ___       _ _            _ _ 
  (_____ \                 / __)     / __)     (_) |          | | |
   _____) )___ ___   ___ _| |__    _| |__ _____ _| | _____  __| | |
  |  ____/ ___) _ \ / _ (_   __)  (_   __|____ | | || ___ |/ _  |_|
  | |   | |  | |_| | |_| || |       | |  / ___ | | || ____( (_| |_ 
  |_|   |_|   \___/ \___/ |_|       |_|  \_____|_|\_)_____)\____|_|


  Signal Name             Dec       Hex                                 Bin
  --------------- ----------- --------- -----------------------------------
  \clk                      1         1                                   1
  \rst                      0         0                                   0
  \x              -2147483647  80000001    10000000000000000000000000000001
  \y                        0         0                                   0
VIBEICTDF _1022_ STR

402. Executing SAT pass (solving SAT problems in the circuit).
Using SAT solver `kissat`.

Setting up SAT problem:
Import set-constraint: \f1._1022_ = 1'0
Final constraint equation: \f1._1022_ = 1'0
Imported 3392 cells to SAT database.
Import proof-constraint: \trig = 1'0
Final proof equation: \trig = 1'0
Import show expression: \clk
Import show expression: \rst
Import show expression: \x
Import show expression: \y

Solving problem with 15383 variables and 39077 clauses..
SAT proof finished - model found: FAIL!

   ______                   ___       ___       _ _            _ _ 
  (_____ \                 / __)     / __)     (_) |          | | |
   _____) )___ ___   ___ _| |__    _| |__ _____ _| | _____  __| | |
  |  ____/ ___) _ \ / _ (_   __)  (_   __|____ | | || ___ |/ _  |_|
  | |   | |  | |_| | |_| || |       | |  / ___ | | || ____( (_| |_ 
  |_|   |_|   \___/ \___/ |_|       |_|  \_____|_|\_)_____)\____|_|


  Signal Name             Dec       Hex                                 Bin
  --------------- ----------- --------- -----------------------------------
  \clk                      1         1                                   1
  \rst                      0         0                                   0
  \x                402653184  18000000    00011000000000000000000000000000
  \y                        1         1                                   1
VIBEICTDF _426__B STR

403. Executing SAT pass (solving SAT problems in the circuit).
Using SAT solver `kissat`.

Setting up SAT problem:
Import set-constraint: \f1._426__B = 1'0
Final constraint equation: \f1._426__B = 1'0
Imported 3392 cells to SAT database.
Import proof-constraint: \trig = 1'0
Final proof equation: \trig = 1'0
Import show expression: \clk
Import show expression: \rst
Import show expression: \x
Import show expression: \y

Solving problem with 15383 variables and 39077 clauses..
SAT proof finished - no model found: SUCCESS!

                  /$$$$$$      /$$$$$$$$     /$$$$$$$    
                 /$$__  $$    | $$_____/    | $$__  $$   
                | $$  \ $$    | $$          | $$  \ $$   
                | $$  | $$    | $$$$$       | $$  | $$   
                | $$  | $$    | $$__/       | $$  | $$   
                | $$/$$ $$    | $$          | $$  | $$   
                |  $$$$$$/ /$$| $$$$$$$$ /$$| $$$$$$$//$$
                 \____ $$$|__/|________/|__/|_______/|__/
                       \__/                              

VIBEICTDF _275__A STF

404. Executing SAT pass (solving SAT problems in the circuit).
Using SAT solver `kissat`.

Setting up SAT problem:
Import set-constraint: \f1._275__A = 1'1
Final constraint equation: \f1._275__A = 1'1
Imported 3392 cells to SAT database.
Import proof-constraint: \trig = 1'0
Final proof equation: \trig = 1'0
Import show expression: \clk
Import show expression: \rst
Import show expression: \x
Import show expression: \y

Solving problem with 15383 variables and 39077 clauses..
SAT proof finished - no model found: SUCCESS!

                  /$$$$$$      /$$$$$$$$     /$$$$$$$    
                 /$$__  $$    | $$_____/    | $$__  $$   
                | $$  \ $$    | $$          | $$  \ $$   
                | $$  | $$    | $$$$$       | $$  | $$   
                | $$  | $$    | $$__/       | $$  | $$   
                | $$/$$ $$    | $$          | $$  | $$   
                |  $$$$$$/ /$$| $$$$$$$$ /$$| $$$$$$$//$$
                 \____ $$$|__/|________/|__/|_______/|__/
                       \__/                              

End of script. Logfile hash: 40b0d6ba22, time: 28.66s, user: 16.74s, system: 1.01s, MEM: 50.95 MB peak
Yosys 0.68+ (git sha1 15ccb6841, Release, GNU /usr/bin/c++ 13.3.0) [github.com/vibeic/yosys at HEAD]
Time spent: 85% 400x sat (23 sec), 12% 401x design (3 sec), ...

