
Cell sky130_fd_sc_hd__mux4_2 (0) disconnected node: A0
Cell sky130_fd_sc_hd__mux4_2 (0) disconnected node: A1
Cell sky130_fd_sc_hd__mux4_2 (0) disconnected node: A2
Cell sky130_fd_sc_hd__mux4_2 (0) disconnected node: A3
Cell sky130_fd_sc_hd__mux4_2 (0) disconnected node: S0
Cell sky130_fd_sc_hd__mux4_2 (0) disconnected node: S1
Cell sky130_fd_sc_hd__mux4_2 (0) disconnected node: VGND
Cell sky130_fd_sc_hd__mux4_2 (0) disconnected node: VNB
Cell sky130_fd_sc_hd__mux4_2 (0) disconnected node: VPB
Cell sky130_fd_sc_hd__mux4_2 (0) disconnected node: VPWR
Cell sky130_fd_sc_hd__mux4_2 (0) disconnected node: X
Warning: Equate pins:  cell sky130_fd_sc_hd__mux4_2 is a placeholder, treated as a black box.

Subcircuit pins:
Circuit 1: sky130_fd_sc_hd__mux4_2         |Circuit 2: sky130_fd_sc_hd__mux4_2         
-------------------------------------------|-------------------------------------------
A0                                         |A0                                         
A1                                         |A1                                         
A2                                         |A2                                         
A3                                         |A3                                         
S0                                         |S0                                         
S1                                         |S1                                         
X                                          |X                                          
VGND                                       |(no matching pin)                          
VNB                                        |(no matching pin)                          
VPB                                        |(no matching pin)                          
VPWR                                       |(no matching pin)                          
---------------------------------------------------------------------------------------
Cell pin lists are equivalent.
Device classes sky130_fd_sc_hd__mux4_2 and sky130_fd_sc_hd__mux4_2 are equivalent.

Cell sky130_fd_sc_hd__o21ai_0 (0) disconnected node: A1
Cell sky130_fd_sc_hd__o21ai_0 (0) disconnected node: A2
Cell sky130_fd_sc_hd__o21ai_0 (0) disconnected node: B1
Cell sky130_fd_sc_hd__o21ai_0 (0) disconnected node: VGND
Cell sky130_fd_sc_hd__o21ai_0 (0) disconnected node: VNB
Cell sky130_fd_sc_hd__o21ai_0 (0) disconnected node: VPB
Cell sky130_fd_sc_hd__o21ai_0 (0) disconnected node: VPWR
Cell sky130_fd_sc_hd__o21ai_0 (0) disconnected node: Y
Warning: Equate pins:  cell sky130_fd_sc_hd__o21ai_0 is a placeholder, treated as a black box.

Subcircuit pins:
Circuit 1: sky130_fd_sc_hd__o21ai_0        |Circuit 2: sky130_fd_sc_hd__o21ai_0        
-------------------------------------------|-------------------------------------------
A1                                         |A1                                         
A2                                         |A2                                         
B1                                         |B1                                         
Y                                          |Y                                          
VGND                                       |(no matching pin)                          
VNB                                        |(no matching pin)                          
VPB                                        |(no matching pin)                          
VPWR                                       |(no matching pin)                          
---------------------------------------------------------------------------------------
Cell pin lists are equivalent.
Device classes sky130_fd_sc_hd__o21ai_0 and sky130_fd_sc_hd__o21ai_0 are equivalent.

Cell sky130_fd_sc_hd__nor2_1 (0) disconnected node: A
Cell sky130_fd_sc_hd__nor2_1 (0) disconnected node: B
Cell sky130_fd_sc_hd__nor2_1 (0) disconnected node: VGND
Cell sky130_fd_sc_hd__nor2_1 (0) disconnected node: VNB
Cell sky130_fd_sc_hd__nor2_1 (0) disconnected node: VPB
Cell sky130_fd_sc_hd__nor2_1 (0) disconnected node: VPWR
Cell sky130_fd_sc_hd__nor2_1 (0) disconnected node: Y
Warning: Equate pins:  cell sky130_fd_sc_hd__nor2_1 is a placeholder, treated as a black box.

Subcircuit pins:
Circuit 1: sky130_fd_sc_hd__nor2_1         |Circuit 2: sky130_fd_sc_hd__nor2_1         
-------------------------------------------|-------------------------------------------
A                                          |A                                          
B                                          |B                                          
Y                                          |Y                                          
VGND                                       |(no matching pin)                          
VNB                                        |(no matching pin)                          
VPB                                        |(no matching pin)                          
VPWR                                       |(no matching pin)                          
---------------------------------------------------------------------------------------
Cell pin lists are equivalent.
Device classes sky130_fd_sc_hd__nor2_1 and sky130_fd_sc_hd__nor2_1 are equivalent.

Cell sky130_fd_sc_hd__nand2_1 (0) disconnected node: A
Cell sky130_fd_sc_hd__nand2_1 (0) disconnected node: B
Cell sky130_fd_sc_hd__nand2_1 (0) disconnected node: VGND
Cell sky130_fd_sc_hd__nand2_1 (0) disconnected node: VNB
Cell sky130_fd_sc_hd__nand2_1 (0) disconnected node: VPB
Cell sky130_fd_sc_hd__nand2_1 (0) disconnected node: VPWR
Cell sky130_fd_sc_hd__nand2_1 (0) disconnected node: Y
Warning: Equate pins:  cell sky130_fd_sc_hd__nand2_1 is a placeholder, treated as a black box.

Subcircuit pins:
Circuit 1: sky130_fd_sc_hd__nand2_1        |Circuit 2: sky130_fd_sc_hd__nand2_1        
-------------------------------------------|-------------------------------------------
A                                          |A                                          
B                                          |B                                          
Y                                          |Y                                          
VGND                                       |(no matching pin)                          
VNB                                        |(no matching pin)                          
VPB                                        |(no matching pin)                          
VPWR                                       |(no matching pin)                          
---------------------------------------------------------------------------------------
Cell pin lists are equivalent.
Device classes sky130_fd_sc_hd__nand2_1 and sky130_fd_sc_hd__nand2_1 are equivalent.

Cell sky130_fd_sc_hd__a21oi_1 (0) disconnected node: A1
Cell sky130_fd_sc_hd__a21oi_1 (0) disconnected node: A2
Cell sky130_fd_sc_hd__a21oi_1 (0) disconnected node: B1
Cell sky130_fd_sc_hd__a21oi_1 (0) disconnected node: VGND
Cell sky130_fd_sc_hd__a21oi_1 (0) disconnected node: VNB
Cell sky130_fd_sc_hd__a21oi_1 (0) disconnected node: VPB
Cell sky130_fd_sc_hd__a21oi_1 (0) disconnected node: VPWR
Cell sky130_fd_sc_hd__a21oi_1 (0) disconnected node: Y
Warning: Equate pins:  cell sky130_fd_sc_hd__a21oi_1 is a placeholder, treated as a black box.

Subcircuit pins:
Circuit 1: sky130_fd_sc_hd__a21oi_1        |Circuit 2: sky130_fd_sc_hd__a21oi_1        
-------------------------------------------|-------------------------------------------
A1                                         |A1                                         
A2                                         |A2                                         
B1                                         |B1                                         
Y                                          |Y                                          
VGND                                       |(no matching pin)                          
VNB                                        |(no matching pin)                          
VPB                                        |(no matching pin)                          
VPWR                                       |(no matching pin)                          
---------------------------------------------------------------------------------------
Cell pin lists are equivalent.
Device classes sky130_fd_sc_hd__a21oi_1 and sky130_fd_sc_hd__a21oi_1 are equivalent.

Cell sky130_fd_sc_hd__a31oi_1 (0) disconnected node: A1
Cell sky130_fd_sc_hd__a31oi_1 (0) disconnected node: A2
Cell sky130_fd_sc_hd__a31oi_1 (0) disconnected node: A3
Cell sky130_fd_sc_hd__a31oi_1 (0) disconnected node: B1
Cell sky130_fd_sc_hd__a31oi_1 (0) disconnected node: VGND
Cell sky130_fd_sc_hd__a31oi_1 (0) disconnected node: VNB
Cell sky130_fd_sc_hd__a31oi_1 (0) disconnected node: VPB
Cell sky130_fd_sc_hd__a31oi_1 (0) disconnected node: VPWR
Cell sky130_fd_sc_hd__a31oi_1 (0) disconnected node: Y
Warning: Equate pins:  cell sky130_fd_sc_hd__a31oi_1 is a placeholder, treated as a black box.

Subcircuit pins:
Circuit 1: sky130_fd_sc_hd__a31oi_1        |Circuit 2: sky130_fd_sc_hd__a31oi_1        
-------------------------------------------|-------------------------------------------
A1                                         |A1                                         
A2                                         |A2                                         
A3                                         |A3                                         
B1                                         |B1                                         
Y                                          |Y                                          
VGND                                       |(no matching pin)                          
VNB                                        |(no matching pin)                          
VPB                                        |(no matching pin)                          
VPWR                                       |(no matching pin)                          
---------------------------------------------------------------------------------------
Cell pin lists are equivalent.
Device classes sky130_fd_sc_hd__a31oi_1 and sky130_fd_sc_hd__a31oi_1 are equivalent.

Cell sky130_fd_sc_hd__mux2i_1 (0) disconnected node: A0
Cell sky130_fd_sc_hd__mux2i_1 (0) disconnected node: A1
Cell sky130_fd_sc_hd__mux2i_1 (0) disconnected node: S
Cell sky130_fd_sc_hd__mux2i_1 (0) disconnected node: VGND
Cell sky130_fd_sc_hd__mux2i_1 (0) disconnected node: VNB
Cell sky130_fd_sc_hd__mux2i_1 (0) disconnected node: VPB
Cell sky130_fd_sc_hd__mux2i_1 (0) disconnected node: VPWR
Cell sky130_fd_sc_hd__mux2i_1 (0) disconnected node: Y
Warning: Equate pins:  cell sky130_fd_sc_hd__mux2i_1 is a placeholder, treated as a black box.

Subcircuit pins:
Circuit 1: sky130_fd_sc_hd__mux2i_1        |Circuit 2: sky130_fd_sc_hd__mux2i_1        
-------------------------------------------|-------------------------------------------
A0                                         |A0                                         
A1                                         |A1                                         
S                                          |S                                          
Y                                          |Y                                          
VGND                                       |(no matching pin)                          
VNB                                        |(no matching pin)                          
VPB                                        |(no matching pin)                          
VPWR                                       |(no matching pin)                          
---------------------------------------------------------------------------------------
Cell pin lists are equivalent.
Device classes sky130_fd_sc_hd__mux2i_1 and sky130_fd_sc_hd__mux2i_1 are equivalent.

Cell sky130_fd_sc_hd__edfxtp_1 (0) disconnected node: CLK
Cell sky130_fd_sc_hd__edfxtp_1 (0) disconnected node: D
Cell sky130_fd_sc_hd__edfxtp_1 (0) disconnected node: DE
Cell sky130_fd_sc_hd__edfxtp_1 (0) disconnected node: VGND
Cell sky130_fd_sc_hd__edfxtp_1 (0) disconnected node: VNB
Cell sky130_fd_sc_hd__edfxtp_1 (0) disconnected node: VPB
Cell sky130_fd_sc_hd__edfxtp_1 (0) disconnected node: VPWR
Cell sky130_fd_sc_hd__edfxtp_1 (0) disconnected node: Q
Warning: Equate pins:  cell sky130_fd_sc_hd__edfxtp_1 is a placeholder, treated as a black box.

Subcircuit pins:
Circuit 1: sky130_fd_sc_hd__edfxtp_1       |Circuit 2: sky130_fd_sc_hd__edfxtp_1       
-------------------------------------------|-------------------------------------------
CLK                                        |CLK                                        
D                                          |D                                          
DE                                         |DE                                         
Q                                          |Q                                          
VGND                                       |(no matching pin)                          
VNB                                        |(no matching pin)                          
VPB                                        |(no matching pin)                          
VPWR                                       |(no matching pin)                          
---------------------------------------------------------------------------------------
Cell pin lists are equivalent.
Device classes sky130_fd_sc_hd__edfxtp_1 and sky130_fd_sc_hd__edfxtp_1 are equivalent.

Cell sky130_fd_sc_hd__o21ai_2 (0) disconnected node: A1
Cell sky130_fd_sc_hd__o21ai_2 (0) disconnected node: A2
Cell sky130_fd_sc_hd__o21ai_2 (0) disconnected node: B1
Cell sky130_fd_sc_hd__o21ai_2 (0) disconnected node: VGND
Cell sky130_fd_sc_hd__o21ai_2 (0) disconnected node: VNB
Cell sky130_fd_sc_hd__o21ai_2 (0) disconnected node: VPB
Cell sky130_fd_sc_hd__o21ai_2 (0) disconnected node: VPWR
Cell sky130_fd_sc_hd__o21ai_2 (0) disconnected node: Y
Warning: Equate pins:  cell sky130_fd_sc_hd__o21ai_2 is a placeholder, treated as a black box.

Subcircuit pins:
Circuit 1: sky130_fd_sc_hd__o21ai_2        |Circuit 2: sky130_fd_sc_hd__o21ai_2        
-------------------------------------------|-------------------------------------------
A1                                         |A1                                         
A2                                         |A2                                         
B1                                         |B1                                         
Y                                          |Y                                          
VGND                                       |(no matching pin)                          
VNB                                        |(no matching pin)                          
VPB                                        |(no matching pin)                          
VPWR                                       |(no matching pin)                          
---------------------------------------------------------------------------------------
Cell pin lists are equivalent.
Device classes sky130_fd_sc_hd__o21ai_2 and sky130_fd_sc_hd__o21ai_2 are equivalent.

Cell sky130_fd_sc_hd__buf_6 (0) disconnected node: A
Cell sky130_fd_sc_hd__buf_6 (0) disconnected node: VGND
Cell sky130_fd_sc_hd__buf_6 (0) disconnected node: VNB
Cell sky130_fd_sc_hd__buf_6 (0) disconnected node: VPB
Cell sky130_fd_sc_hd__buf_6 (0) disconnected node: VPWR
Cell sky130_fd_sc_hd__buf_6 (0) disconnected node: X
Warning: Equate pins:  cell sky130_fd_sc_hd__buf_6 is a placeholder, treated as a black box.

Subcircuit pins:
Circuit 1: sky130_fd_sc_hd__buf_6          |Circuit 2: sky130_fd_sc_hd__buf_6          
-------------------------------------------|-------------------------------------------
A                                          |A                                          
X                                          |X                                          
VGND                                       |(no matching pin)                          
VNB                                        |(no matching pin)                          
VPB                                        |(no matching pin)                          
VPWR                                       |(no matching pin)                          
---------------------------------------------------------------------------------------
Cell pin lists are equivalent.
Device classes sky130_fd_sc_hd__buf_6 and sky130_fd_sc_hd__buf_6 are equivalent.

Cell sky130_fd_sc_hd__xnor2_1 (0) disconnected node: A
Cell sky130_fd_sc_hd__xnor2_1 (0) disconnected node: B
Cell sky130_fd_sc_hd__xnor2_1 (0) disconnected node: VGND
Cell sky130_fd_sc_hd__xnor2_1 (0) disconnected node: VNB
Cell sky130_fd_sc_hd__xnor2_1 (0) disconnected node: VPB
Cell sky130_fd_sc_hd__xnor2_1 (0) disconnected node: VPWR
Cell sky130_fd_sc_hd__xnor2_1 (0) disconnected node: Y
Warning: Equate pins:  cell sky130_fd_sc_hd__xnor2_1 is a placeholder, treated as a black box.

Subcircuit pins:
Circuit 1: sky130_fd_sc_hd__xnor2_1        |Circuit 2: sky130_fd_sc_hd__xnor2_1        
-------------------------------------------|-------------------------------------------
A                                          |A                                          
B                                          |B                                          
Y                                          |Y                                          
VGND                                       |(no matching pin)                          
VNB                                        |(no matching pin)                          
VPB                                        |(no matching pin)                          
VPWR                                       |(no matching pin)                          
---------------------------------------------------------------------------------------
Cell pin lists are equivalent.
Device classes sky130_fd_sc_hd__xnor2_1 and sky130_fd_sc_hd__xnor2_1 are equivalent.

Cell sky130_fd_sc_hd__o211a_1 (0) disconnected node: A1
Cell sky130_fd_sc_hd__o211a_1 (0) disconnected node: A2
Cell sky130_fd_sc_hd__o211a_1 (0) disconnected node: B1
Cell sky130_fd_sc_hd__o211a_1 (0) disconnected node: C1
Cell sky130_fd_sc_hd__o211a_1 (0) disconnected node: VGND
Cell sky130_fd_sc_hd__o211a_1 (0) disconnected node: VNB
Cell sky130_fd_sc_hd__o211a_1 (0) disconnected node: VPB
Cell sky130_fd_sc_hd__o211a_1 (0) disconnected node: VPWR
Cell sky130_fd_sc_hd__o211a_1 (0) disconnected node: X
Warning: Equate pins:  cell sky130_fd_sc_hd__o211a_1 is a placeholder, treated as a black box.

Subcircuit pins:
Circuit 1: sky130_fd_sc_hd__o211a_1        |Circuit 2: sky130_fd_sc_hd__o211a_1        
-------------------------------------------|-------------------------------------------
A1                                         |A1                                         
A2                                         |A2                                         
B1                                         |B1                                         
C1                                         |C1                                         
X                                          |X                                          
VGND                                       |(no matching pin)                          
VNB                                        |(no matching pin)                          
VPB                                        |(no matching pin)                          
VPWR                                       |(no matching pin)                          
---------------------------------------------------------------------------------------
Cell pin lists are equivalent.
Device classes sky130_fd_sc_hd__o211a_1 and sky130_fd_sc_hd__o211a_1 are equivalent.

Cell sky130_fd_sc_hd__xor2_1 (0) disconnected node: A
Cell sky130_fd_sc_hd__xor2_1 (0) disconnected node: B
Cell sky130_fd_sc_hd__xor2_1 (0) disconnected node: VGND
Cell sky130_fd_sc_hd__xor2_1 (0) disconnected node: VNB
Cell sky130_fd_sc_hd__xor2_1 (0) disconnected node: VPB
Cell sky130_fd_sc_hd__xor2_1 (0) disconnected node: VPWR
Cell sky130_fd_sc_hd__xor2_1 (0) disconnected node: X
Warning: Equate pins:  cell sky130_fd_sc_hd__xor2_1 is a placeholder, treated as a black box.

Subcircuit pins:
Circuit 1: sky130_fd_sc_hd__xor2_1         |Circuit 2: sky130_fd_sc_hd__xor2_1         
-------------------------------------------|-------------------------------------------
A                                          |A                                          
B                                          |B                                          
X                                          |X                                          
VGND                                       |(no matching pin)                          
VNB                                        |(no matching pin)                          
VPB                                        |(no matching pin)                          
VPWR                                       |(no matching pin)                          
---------------------------------------------------------------------------------------
Cell pin lists are equivalent.
Device classes sky130_fd_sc_hd__xor2_1 and sky130_fd_sc_hd__xor2_1 are equivalent.

Cell sky130_fd_sc_hd__nor2b_1 (0) disconnected node: A
Cell sky130_fd_sc_hd__nor2b_1 (0) disconnected node: B_N
Cell sky130_fd_sc_hd__nor2b_1 (0) disconnected node: VGND
Cell sky130_fd_sc_hd__nor2b_1 (0) disconnected node: VNB
Cell sky130_fd_sc_hd__nor2b_1 (0) disconnected node: VPB
Cell sky130_fd_sc_hd__nor2b_1 (0) disconnected node: VPWR
Cell sky130_fd_sc_hd__nor2b_1 (0) disconnected node: Y
Warning: Equate pins:  cell sky130_fd_sc_hd__nor2b_1 is a placeholder, treated as a black box.

Subcircuit pins:
Circuit 1: sky130_fd_sc_hd__nor2b_1        |Circuit 2: sky130_fd_sc_hd__nor2b_1        
-------------------------------------------|-------------------------------------------
A                                          |A                                          
B_N                                        |B_N                                        
Y                                          |Y                                          
VGND                                       |(no matching pin)                          
VNB                                        |(no matching pin)                          
VPB                                        |(no matching pin)                          
VPWR                                       |(no matching pin)                          
---------------------------------------------------------------------------------------
Cell pin lists are equivalent.
Device classes sky130_fd_sc_hd__nor2b_1 and sky130_fd_sc_hd__nor2b_1 are equivalent.

Cell sky130_fd_sc_hd__conb_1 (0) disconnected node: VGND
Cell sky130_fd_sc_hd__conb_1 (0) disconnected node: VNB
Cell sky130_fd_sc_hd__conb_1 (0) disconnected node: VPB
Cell sky130_fd_sc_hd__conb_1 (0) disconnected node: VPWR
Cell sky130_fd_sc_hd__conb_1 (0) disconnected node: HI
Cell sky130_fd_sc_hd__conb_1 (0) disconnected node: LO
Warning: Equate pins:  cell sky130_fd_sc_hd__conb_1 is a placeholder, treated as a black box.

Subcircuit pins:
Circuit 1: sky130_fd_sc_hd__conb_1         |Circuit 2: sky130_fd_sc_hd__conb_1         
-------------------------------------------|-------------------------------------------
LO                                         |LO                                         
VGND                                       |(no matching pin)                          
VNB                                        |(no matching pin)                          
VPB                                        |(no matching pin)                          
VPWR                                       |(no matching pin)                          
HI                                         |(no matching pin)                          
---------------------------------------------------------------------------------------
Cell pin lists are equivalent.
Device classes sky130_fd_sc_hd__conb_1 and sky130_fd_sc_hd__conb_1 are equivalent.

Cell sky130_fd_sc_hd__nor2_2 (0) disconnected node: A
Cell sky130_fd_sc_hd__nor2_2 (0) disconnected node: B
Cell sky130_fd_sc_hd__nor2_2 (0) disconnected node: VGND
Cell sky130_fd_sc_hd__nor2_2 (0) disconnected node: VNB
Cell sky130_fd_sc_hd__nor2_2 (0) disconnected node: VPB
Cell sky130_fd_sc_hd__nor2_2 (0) disconnected node: VPWR
Cell sky130_fd_sc_hd__nor2_2 (0) disconnected node: Y
Warning: Equate pins:  cell sky130_fd_sc_hd__nor2_2 is a placeholder, treated as a black box.

Subcircuit pins:
Circuit 1: sky130_fd_sc_hd__nor2_2         |Circuit 2: sky130_fd_sc_hd__nor2_2         
-------------------------------------------|-------------------------------------------
A                                          |A                                          
B                                          |B                                          
Y                                          |Y                                          
VGND                                       |(no matching pin)                          
VNB                                        |(no matching pin)                          
VPB                                        |(no matching pin)                          
VPWR                                       |(no matching pin)                          
---------------------------------------------------------------------------------------
Cell pin lists are equivalent.
Device classes sky130_fd_sc_hd__nor2_2 and sky130_fd_sc_hd__nor2_2 are equivalent.

Cell sky130_fd_sc_hd__nor3_1 (0) disconnected node: A
Cell sky130_fd_sc_hd__nor3_1 (0) disconnected node: B
Cell sky130_fd_sc_hd__nor3_1 (0) disconnected node: C
Cell sky130_fd_sc_hd__nor3_1 (0) disconnected node: VGND
Cell sky130_fd_sc_hd__nor3_1 (0) disconnected node: VNB
Cell sky130_fd_sc_hd__nor3_1 (0) disconnected node: VPB
Cell sky130_fd_sc_hd__nor3_1 (0) disconnected node: VPWR
Cell sky130_fd_sc_hd__nor3_1 (0) disconnected node: Y
Warning: Equate pins:  cell sky130_fd_sc_hd__nor3_1 is a placeholder, treated as a black box.

Subcircuit pins:
Circuit 1: sky130_fd_sc_hd__nor3_1         |Circuit 2: sky130_fd_sc_hd__nor3_1         
-------------------------------------------|-------------------------------------------
A                                          |A                                          
B                                          |B                                          
C                                          |C                                          
Y                                          |Y                                          
VGND                                       |(no matching pin)                          
VNB                                        |(no matching pin)                          
VPB                                        |(no matching pin)                          
VPWR                                       |(no matching pin)                          
---------------------------------------------------------------------------------------
Cell pin lists are equivalent.
Device classes sky130_fd_sc_hd__nor3_1 and sky130_fd_sc_hd__nor3_1 are equivalent.

Cell sky130_fd_sc_hd__o211ai_1 (0) disconnected node: A1
Cell sky130_fd_sc_hd__o211ai_1 (0) disconnected node: A2
Cell sky130_fd_sc_hd__o211ai_1 (0) disconnected node: B1
Cell sky130_fd_sc_hd__o211ai_1 (0) disconnected node: C1
Cell sky130_fd_sc_hd__o211ai_1 (0) disconnected node: VGND
Cell sky130_fd_sc_hd__o211ai_1 (0) disconnected node: VNB
Cell sky130_fd_sc_hd__o211ai_1 (0) disconnected node: VPB
Cell sky130_fd_sc_hd__o211ai_1 (0) disconnected node: VPWR
Cell sky130_fd_sc_hd__o211ai_1 (0) disconnected node: Y
Warning: Equate pins:  cell sky130_fd_sc_hd__o211ai_1 is a placeholder, treated as a black box.

Subcircuit pins:
Circuit 1: sky130_fd_sc_hd__o211ai_1       |Circuit 2: sky130_fd_sc_hd__o211ai_1       
-------------------------------------------|-------------------------------------------
A1                                         |A1                                         
A2                                         |A2                                         
B1                                         |B1                                         
C1                                         |C1                                         
Y                                          |Y                                          
VGND                                       |(no matching pin)                          
VNB                                        |(no matching pin)                          
VPB                                        |(no matching pin)                          
VPWR                                       |(no matching pin)                          
---------------------------------------------------------------------------------------
Cell pin lists are equivalent.
Device classes sky130_fd_sc_hd__o211ai_1 and sky130_fd_sc_hd__o211ai_1 are equivalent.

Cell sky130_fd_sc_hd__clkinv_1 (0) disconnected node: A
Cell sky130_fd_sc_hd__clkinv_1 (0) disconnected node: VGND
Cell sky130_fd_sc_hd__clkinv_1 (0) disconnected node: VNB
Cell sky130_fd_sc_hd__clkinv_1 (0) disconnected node: VPB
Cell sky130_fd_sc_hd__clkinv_1 (0) disconnected node: VPWR
Cell sky130_fd_sc_hd__clkinv_1 (0) disconnected node: Y
Warning: Equate pins:  cell sky130_fd_sc_hd__clkinv_1 is a placeholder, treated as a black box.

Subcircuit pins:
Circuit 1: sky130_fd_sc_hd__clkinv_1       |Circuit 2: sky130_fd_sc_hd__clkinv_1       
-------------------------------------------|-------------------------------------------
A                                          |A                                          
Y                                          |Y                                          
VGND                                       |(no matching pin)                          
VNB                                        |(no matching pin)                          
VPB                                        |(no matching pin)                          
VPWR                                       |(no matching pin)                          
---------------------------------------------------------------------------------------
Cell pin lists are equivalent.
Device classes sky130_fd_sc_hd__clkinv_1 and sky130_fd_sc_hd__clkinv_1 are equivalent.

Cell sky130_fd_sc_hd__and2_0 (0) disconnected node: A
Cell sky130_fd_sc_hd__and2_0 (0) disconnected node: B
Cell sky130_fd_sc_hd__and2_0 (0) disconnected node: VGND
Cell sky130_fd_sc_hd__and2_0 (0) disconnected node: VNB
Cell sky130_fd_sc_hd__and2_0 (0) disconnected node: VPB
Cell sky130_fd_sc_hd__and2_0 (0) disconnected node: VPWR
Cell sky130_fd_sc_hd__and2_0 (0) disconnected node: X
Warning: Equate pins:  cell sky130_fd_sc_hd__and2_0 is a placeholder, treated as a black box.

Subcircuit pins:
Circuit 1: sky130_fd_sc_hd__and2_0         |Circuit 2: sky130_fd_sc_hd__and2_0         
-------------------------------------------|-------------------------------------------
A                                          |A                                          
B                                          |B                                          
X                                          |X                                          
VGND                                       |(no matching pin)                          
VNB                                        |(no matching pin)                          
VPB                                        |(no matching pin)                          
VPWR                                       |(no matching pin)                          
---------------------------------------------------------------------------------------
Cell pin lists are equivalent.
Device classes sky130_fd_sc_hd__and2_0 and sky130_fd_sc_hd__and2_0 are equivalent.

Cell sky130_fd_sc_hd__nand3_1 (0) disconnected node: A
Cell sky130_fd_sc_hd__nand3_1 (0) disconnected node: B
Cell sky130_fd_sc_hd__nand3_1 (0) disconnected node: C
Cell sky130_fd_sc_hd__nand3_1 (0) disconnected node: VGND
Cell sky130_fd_sc_hd__nand3_1 (0) disconnected node: VNB
Cell sky130_fd_sc_hd__nand3_1 (0) disconnected node: VPB
Cell sky130_fd_sc_hd__nand3_1 (0) disconnected node: VPWR
Cell sky130_fd_sc_hd__nand3_1 (0) disconnected node: Y
Warning: Equate pins:  cell sky130_fd_sc_hd__nand3_1 is a placeholder, treated as a black box.

Subcircuit pins:
Circuit 1: sky130_fd_sc_hd__nand3_1        |Circuit 2: sky130_fd_sc_hd__nand3_1        
-------------------------------------------|-------------------------------------------
A                                          |A                                          
B                                          |B                                          
C                                          |C                                          
Y                                          |Y                                          
VGND                                       |(no matching pin)                          
VNB                                        |(no matching pin)                          
VPB                                        |(no matching pin)                          
VPWR                                       |(no matching pin)                          
---------------------------------------------------------------------------------------
Cell pin lists are equivalent.
Device classes sky130_fd_sc_hd__nand3_1 and sky130_fd_sc_hd__nand3_1 are equivalent.

Cell sky130_fd_sc_hd__dfxtp_1 (0) disconnected node: CLK
Cell sky130_fd_sc_hd__dfxtp_1 (0) disconnected node: D
Cell sky130_fd_sc_hd__dfxtp_1 (0) disconnected node: VGND
Cell sky130_fd_sc_hd__dfxtp_1 (0) disconnected node: VNB
Cell sky130_fd_sc_hd__dfxtp_1 (0) disconnected node: VPB
Cell sky130_fd_sc_hd__dfxtp_1 (0) disconnected node: VPWR
Cell sky130_fd_sc_hd__dfxtp_1 (0) disconnected node: Q
Warning: Equate pins:  cell sky130_fd_sc_hd__dfxtp_1 is a placeholder, treated as a black box.

Subcircuit pins:
Circuit 1: sky130_fd_sc_hd__dfxtp_1        |Circuit 2: sky130_fd_sc_hd__dfxtp_1        
-------------------------------------------|-------------------------------------------
CLK                                        |CLK                                        
D                                          |D                                          
Q                                          |Q                                          
VGND                                       |(no matching pin)                          
VNB                                        |(no matching pin)                          
VPB                                        |(no matching pin)                          
VPWR                                       |(no matching pin)                          
---------------------------------------------------------------------------------------
Cell pin lists are equivalent.
Device classes sky130_fd_sc_hd__dfxtp_1 and sky130_fd_sc_hd__dfxtp_1 are equivalent.

Cell sky130_fd_sc_hd__a211oi_1 (0) disconnected node: A1
Cell sky130_fd_sc_hd__a211oi_1 (0) disconnected node: A2
Cell sky130_fd_sc_hd__a211oi_1 (0) disconnected node: B1
Cell sky130_fd_sc_hd__a211oi_1 (0) disconnected node: C1
Cell sky130_fd_sc_hd__a211oi_1 (0) disconnected node: VGND
Cell sky130_fd_sc_hd__a211oi_1 (0) disconnected node: VNB
Cell sky130_fd_sc_hd__a211oi_1 (0) disconnected node: VPB
Cell sky130_fd_sc_hd__a211oi_1 (0) disconnected node: VPWR
Cell sky130_fd_sc_hd__a211oi_1 (0) disconnected node: Y
Warning: Equate pins:  cell sky130_fd_sc_hd__a211oi_1 is a placeholder, treated as a black box.

Subcircuit pins:
Circuit 1: sky130_fd_sc_hd__a211oi_1       |Circuit 2: sky130_fd_sc_hd__a211oi_1       
-------------------------------------------|-------------------------------------------
A1                                         |A1                                         
A2                                         |A2                                         
B1                                         |B1                                         
C1                                         |C1                                         
Y                                          |Y                                          
VGND                                       |(no matching pin)                          
VNB                                        |(no matching pin)                          
VPB                                        |(no matching pin)                          
VPWR                                       |(no matching pin)                          
---------------------------------------------------------------------------------------
Cell pin lists are equivalent.
Device classes sky130_fd_sc_hd__a211oi_1 and sky130_fd_sc_hd__a211oi_1 are equivalent.

Cell sky130_fd_sc_hd__lpflow_isobufsrc_1 (0) disconnected node: A
Cell sky130_fd_sc_hd__lpflow_isobufsrc_1 (0) disconnected node: SLEEP
Cell sky130_fd_sc_hd__lpflow_isobufsrc_1 (0) disconnected node: VGND
Cell sky130_fd_sc_hd__lpflow_isobufsrc_1 (0) disconnected node: VNB
Cell sky130_fd_sc_hd__lpflow_isobufsrc_1 (0) disconnected node: VPB
Cell sky130_fd_sc_hd__lpflow_isobufsrc_1 (0) disconnected node: VPWR
Cell sky130_fd_sc_hd__lpflow_isobufsrc_1 (0) disconnected node: X
Warning: Equate pins:  cell sky130_fd_sc_hd__lpflow_isobufsrc_1 is a placeholder, treated as a black box.

Subcircuit pins:
Circuit 1: sky130_fd_sc_hd__lpflow_isobufs |Circuit 2: sky130_fd_sc_hd__lpflow_isobufs 
-------------------------------------------|-------------------------------------------
A                                          |A                                          
SLEEP                                      |SLEEP                                      
X                                          |X                                          
VGND                                       |(no matching pin)                          
VNB                                        |(no matching pin)                          
VPB                                        |(no matching pin)                          
VPWR                                       |(no matching pin)                          
---------------------------------------------------------------------------------------
Cell pin lists are equivalent.
Device classes sky130_fd_sc_hd__lpflow_isobufsrc_1 and sky130_fd_sc_hd__lpflow_isobufsrc_1 are equivalent.

Cell sky130_fd_sc_hd__nor4_1 (0) disconnected node: A
Cell sky130_fd_sc_hd__nor4_1 (0) disconnected node: B
Cell sky130_fd_sc_hd__nor4_1 (0) disconnected node: C
Cell sky130_fd_sc_hd__nor4_1 (0) disconnected node: D
Cell sky130_fd_sc_hd__nor4_1 (0) disconnected node: VGND
Cell sky130_fd_sc_hd__nor4_1 (0) disconnected node: VNB
Cell sky130_fd_sc_hd__nor4_1 (0) disconnected node: VPB
Cell sky130_fd_sc_hd__nor4_1 (0) disconnected node: VPWR
Cell sky130_fd_sc_hd__nor4_1 (0) disconnected node: Y
Warning: Equate pins:  cell sky130_fd_sc_hd__nor4_1 is a placeholder, treated as a black box.

Subcircuit pins:
Circuit 1: sky130_fd_sc_hd__nor4_1         |Circuit 2: sky130_fd_sc_hd__nor4_1         
-------------------------------------------|-------------------------------------------
A                                          |A                                          
B                                          |B                                          
C                                          |C                                          
D                                          |D                                          
Y                                          |Y                                          
VGND                                       |(no matching pin)                          
VNB                                        |(no matching pin)                          
VPB                                        |(no matching pin)                          
VPWR                                       |(no matching pin)                          
---------------------------------------------------------------------------------------
Cell pin lists are equivalent.
Device classes sky130_fd_sc_hd__nor4_1 and sky130_fd_sc_hd__nor4_1 are equivalent.

Cell sky130_fd_sc_hd__dfxtp_4 (0) disconnected node: CLK
Cell sky130_fd_sc_hd__dfxtp_4 (0) disconnected node: D
Cell sky130_fd_sc_hd__dfxtp_4 (0) disconnected node: VGND
Cell sky130_fd_sc_hd__dfxtp_4 (0) disconnected node: VNB
Cell sky130_fd_sc_hd__dfxtp_4 (0) disconnected node: VPB
Cell sky130_fd_sc_hd__dfxtp_4 (0) disconnected node: VPWR
Cell sky130_fd_sc_hd__dfxtp_4 (0) disconnected node: Q
Warning: Equate pins:  cell sky130_fd_sc_hd__dfxtp_4 is a placeholder, treated as a black box.

Subcircuit pins:
Circuit 1: sky130_fd_sc_hd__dfxtp_4        |Circuit 2: sky130_fd_sc_hd__dfxtp_4        
-------------------------------------------|-------------------------------------------
CLK                                        |CLK                                        
D                                          |D                                          
Q                                          |Q                                          
VGND                                       |(no matching pin)                          
VNB                                        |(no matching pin)                          
VPB                                        |(no matching pin)                          
VPWR                                       |(no matching pin)                          
---------------------------------------------------------------------------------------
Cell pin lists are equivalent.
Device classes sky130_fd_sc_hd__dfxtp_4 and sky130_fd_sc_hd__dfxtp_4 are equivalent.

Cell sky130_fd_sc_hd__buf_12 (0) disconnected node: A
Cell sky130_fd_sc_hd__buf_12 (0) disconnected node: VGND
Cell sky130_fd_sc_hd__buf_12 (0) disconnected node: VNB
Cell sky130_fd_sc_hd__buf_12 (0) disconnected node: VPB
Cell sky130_fd_sc_hd__buf_12 (0) disconnected node: VPWR
Cell sky130_fd_sc_hd__buf_12 (0) disconnected node: X
Warning: Equate pins:  cell sky130_fd_sc_hd__buf_12 is a placeholder, treated as a black box.

Subcircuit pins:
Circuit 1: sky130_fd_sc_hd__buf_12         |Circuit 2: sky130_fd_sc_hd__buf_12         
-------------------------------------------|-------------------------------------------
A                                          |A                                          
X                                          |X                                          
VGND                                       |(no matching pin)                          
VNB                                        |(no matching pin)                          
VPB                                        |(no matching pin)                          
VPWR                                       |(no matching pin)                          
---------------------------------------------------------------------------------------
Cell pin lists are equivalent.
Device classes sky130_fd_sc_hd__buf_12 and sky130_fd_sc_hd__buf_12 are equivalent.

Cell sky130_fd_sc_hd__o221ai_1 (0) disconnected node: A1
Cell sky130_fd_sc_hd__o221ai_1 (0) disconnected node: A2
Cell sky130_fd_sc_hd__o221ai_1 (0) disconnected node: B1
Cell sky130_fd_sc_hd__o221ai_1 (0) disconnected node: B2
Cell sky130_fd_sc_hd__o221ai_1 (0) disconnected node: C1
Cell sky130_fd_sc_hd__o221ai_1 (0) disconnected node: VGND
Cell sky130_fd_sc_hd__o221ai_1 (0) disconnected node: VNB
Cell sky130_fd_sc_hd__o221ai_1 (0) disconnected node: VPB
Cell sky130_fd_sc_hd__o221ai_1 (0) disconnected node: VPWR
Cell sky130_fd_sc_hd__o221ai_1 (0) disconnected node: Y
Warning: Equate pins:  cell sky130_fd_sc_hd__o221ai_1 is a placeholder, treated as a black box.

Subcircuit pins:
Circuit 1: sky130_fd_sc_hd__o221ai_1       |Circuit 2: sky130_fd_sc_hd__o221ai_1       
-------------------------------------------|-------------------------------------------
A1                                         |A1                                         
A2                                         |A2                                         
B1                                         |B1                                         
B2                                         |B2                                         
C1                                         |C1                                         
Y                                          |Y                                          
VGND                                       |(no matching pin)                          
VNB                                        |(no matching pin)                          
VPB                                        |(no matching pin)                          
VPWR                                       |(no matching pin)                          
---------------------------------------------------------------------------------------
Cell pin lists are equivalent.
Device classes sky130_fd_sc_hd__o221ai_1 and sky130_fd_sc_hd__o221ai_1 are equivalent.

Cell sky130_fd_sc_hd__nand2_2 (0) disconnected node: A
Cell sky130_fd_sc_hd__nand2_2 (0) disconnected node: B
Cell sky130_fd_sc_hd__nand2_2 (0) disconnected node: VGND
Cell sky130_fd_sc_hd__nand2_2 (0) disconnected node: VNB
Cell sky130_fd_sc_hd__nand2_2 (0) disconnected node: VPB
Cell sky130_fd_sc_hd__nand2_2 (0) disconnected node: VPWR
Cell sky130_fd_sc_hd__nand2_2 (0) disconnected node: Y
Warning: Equate pins:  cell sky130_fd_sc_hd__nand2_2 is a placeholder, treated as a black box.

Subcircuit pins:
Circuit 1: sky130_fd_sc_hd__nand2_2        |Circuit 2: sky130_fd_sc_hd__nand2_2        
-------------------------------------------|-------------------------------------------
A                                          |A                                          
B                                          |B                                          
Y                                          |Y                                          
VGND                                       |(no matching pin)                          
VNB                                        |(no matching pin)                          
VPB                                        |(no matching pin)                          
VPWR                                       |(no matching pin)                          
---------------------------------------------------------------------------------------
Cell pin lists are equivalent.
Device classes sky130_fd_sc_hd__nand2_2 and sky130_fd_sc_hd__nand2_2 are equivalent.

Cell sky130_fd_sc_hd__a21oi_4 (0) disconnected node: A1
Cell sky130_fd_sc_hd__a21oi_4 (0) disconnected node: A2
Cell sky130_fd_sc_hd__a21oi_4 (0) disconnected node: B1
Cell sky130_fd_sc_hd__a21oi_4 (0) disconnected node: VGND
Cell sky130_fd_sc_hd__a21oi_4 (0) disconnected node: VNB
Cell sky130_fd_sc_hd__a21oi_4 (0) disconnected node: VPB
Cell sky130_fd_sc_hd__a21oi_4 (0) disconnected node: VPWR
Cell sky130_fd_sc_hd__a21oi_4 (0) disconnected node: Y
Warning: Equate pins:  cell sky130_fd_sc_hd__a21oi_4 is a placeholder, treated as a black box.

Subcircuit pins:
Circuit 1: sky130_fd_sc_hd__a21oi_4        |Circuit 2: sky130_fd_sc_hd__a21oi_4        
-------------------------------------------|-------------------------------------------
A1                                         |A1                                         
A2                                         |A2                                         
B1                                         |B1                                         
Y                                          |Y                                          
VGND                                       |(no matching pin)                          
VNB                                        |(no matching pin)                          
VPB                                        |(no matching pin)                          
VPWR                                       |(no matching pin)                          
---------------------------------------------------------------------------------------
Cell pin lists are equivalent.
Device classes sky130_fd_sc_hd__a21oi_4 and sky130_fd_sc_hd__a21oi_4 are equivalent.

Cell sky130_fd_sc_hd__o32ai_1 (0) disconnected node: A1
Cell sky130_fd_sc_hd__o32ai_1 (0) disconnected node: A2
Cell sky130_fd_sc_hd__o32ai_1 (0) disconnected node: A3
Cell sky130_fd_sc_hd__o32ai_1 (0) disconnected node: B1
Cell sky130_fd_sc_hd__o32ai_1 (0) disconnected node: B2
Cell sky130_fd_sc_hd__o32ai_1 (0) disconnected node: VGND
Cell sky130_fd_sc_hd__o32ai_1 (0) disconnected node: VNB
Cell sky130_fd_sc_hd__o32ai_1 (0) disconnected node: VPB
Cell sky130_fd_sc_hd__o32ai_1 (0) disconnected node: VPWR
Cell sky130_fd_sc_hd__o32ai_1 (0) disconnected node: Y
Warning: Equate pins:  cell sky130_fd_sc_hd__o32ai_1 is a placeholder, treated as a black box.

Subcircuit pins:
Circuit 1: sky130_fd_sc_hd__o32ai_1        |Circuit 2: sky130_fd_sc_hd__o32ai_1        
-------------------------------------------|-------------------------------------------
A1                                         |A1                                         
A2                                         |A2                                         
A3                                         |A3                                         
B1                                         |B1                                         
B2                                         |B2                                         
Y                                          |Y                                          
VGND                                       |(no matching pin)                          
VNB                                        |(no matching pin)                          
VPB                                        |(no matching pin)                          
VPWR                                       |(no matching pin)                          
---------------------------------------------------------------------------------------
Cell pin lists are equivalent.
Device classes sky130_fd_sc_hd__o32ai_1 and sky130_fd_sc_hd__o32ai_1 are equivalent.

Cell sky130_fd_sc_hd__a32oi_1 (0) disconnected node: A1
Cell sky130_fd_sc_hd__a32oi_1 (0) disconnected node: A2
Cell sky130_fd_sc_hd__a32oi_1 (0) disconnected node: A3
Cell sky130_fd_sc_hd__a32oi_1 (0) disconnected node: B1
Cell sky130_fd_sc_hd__a32oi_1 (0) disconnected node: B2
Cell sky130_fd_sc_hd__a32oi_1 (0) disconnected node: VGND
Cell sky130_fd_sc_hd__a32oi_1 (0) disconnected node: VNB
Cell sky130_fd_sc_hd__a32oi_1 (0) disconnected node: VPB
Cell sky130_fd_sc_hd__a32oi_1 (0) disconnected node: VPWR
Cell sky130_fd_sc_hd__a32oi_1 (0) disconnected node: Y
Warning: Equate pins:  cell sky130_fd_sc_hd__a32oi_1 is a placeholder, treated as a black box.

Subcircuit pins:
Circuit 1: sky130_fd_sc_hd__a32oi_1        |Circuit 2: sky130_fd_sc_hd__a32oi_1        
-------------------------------------------|-------------------------------------------
A1                                         |A1                                         
A2                                         |A2                                         
A3                                         |A3                                         
B1                                         |B1                                         
B2                                         |B2                                         
Y                                          |Y                                          
VGND                                       |(no matching pin)                          
VNB                                        |(no matching pin)                          
VPB                                        |(no matching pin)                          
VPWR                                       |(no matching pin)                          
---------------------------------------------------------------------------------------
Cell pin lists are equivalent.
Device classes sky130_fd_sc_hd__a32oi_1 and sky130_fd_sc_hd__a32oi_1 are equivalent.

Cell sky130_fd_sc_hd__diode_2 (0) disconnected node: DIODE
Cell sky130_fd_sc_hd__diode_2 (0) disconnected node: VGND
Cell sky130_fd_sc_hd__diode_2 (0) disconnected node: VNB
Cell sky130_fd_sc_hd__diode_2 (0) disconnected node: VPB
Cell sky130_fd_sc_hd__diode_2 (0) disconnected node: VPWR
Warning: Equate pins:  cell sky130_fd_sc_hd__diode_2 is a placeholder, treated as a black box.

Subcircuit pins:
Circuit 1: sky130_fd_sc_hd__diode_2        |Circuit 2: sky130_fd_sc_hd__diode_2        
-------------------------------------------|-------------------------------------------
DIODE                                      |DIODE                                      
VGND                                       |(no matching pin)                          
VNB                                        |(no matching pin)                          
VPB                                        |(no matching pin)                          
VPWR                                       |(no matching pin)                          
---------------------------------------------------------------------------------------
Cell pin lists are equivalent.
Device classes sky130_fd_sc_hd__diode_2 and sky130_fd_sc_hd__diode_2 are equivalent.

Cell sky130_fd_sc_hd__lpflow_inputiso1p_1 (0) disconnected node: A
Cell sky130_fd_sc_hd__lpflow_inputiso1p_1 (0) disconnected node: SLEEP
Cell sky130_fd_sc_hd__lpflow_inputiso1p_1 (0) disconnected node: VGND
Cell sky130_fd_sc_hd__lpflow_inputiso1p_1 (0) disconnected node: VNB
Cell sky130_fd_sc_hd__lpflow_inputiso1p_1 (0) disconnected node: VPB
Cell sky130_fd_sc_hd__lpflow_inputiso1p_1 (0) disconnected node: VPWR
Cell sky130_fd_sc_hd__lpflow_inputiso1p_1 (0) disconnected node: X
Warning: Equate pins:  cell sky130_fd_sc_hd__lpflow_inputiso1p_1 is a placeholder, treated as a black box.

Subcircuit pins:
Circuit 1: sky130_fd_sc_hd__lpflow_inputis |Circuit 2: sky130_fd_sc_hd__lpflow_inputis 
-------------------------------------------|-------------------------------------------
A                                          |A                                          
SLEEP                                      |SLEEP                                      
X                                          |X                                          
VGND                                       |(no matching pin)                          
VNB                                        |(no matching pin)                          
VPB                                        |(no matching pin)                          
VPWR                                       |(no matching pin)                          
---------------------------------------------------------------------------------------
Cell pin lists are equivalent.
Device classes sky130_fd_sc_hd__lpflow_inputiso1p_1 and sky130_fd_sc_hd__lpflow_inputiso1p_1 are equivalent.

Cell sky130_fd_sc_hd__o221a_1 (0) disconnected node: A1
Cell sky130_fd_sc_hd__o221a_1 (0) disconnected node: A2
Cell sky130_fd_sc_hd__o221a_1 (0) disconnected node: B1
Cell sky130_fd_sc_hd__o221a_1 (0) disconnected node: B2
Cell sky130_fd_sc_hd__o221a_1 (0) disconnected node: C1
Cell sky130_fd_sc_hd__o221a_1 (0) disconnected node: VGND
Cell sky130_fd_sc_hd__o221a_1 (0) disconnected node: VNB
Cell sky130_fd_sc_hd__o221a_1 (0) disconnected node: VPB
Cell sky130_fd_sc_hd__o221a_1 (0) disconnected node: VPWR
Cell sky130_fd_sc_hd__o221a_1 (0) disconnected node: X
Warning: Equate pins:  cell sky130_fd_sc_hd__o221a_1 is a placeholder, treated as a black box.

Subcircuit pins:
Circuit 1: sky130_fd_sc_hd__o221a_1        |Circuit 2: sky130_fd_sc_hd__o221a_1        
-------------------------------------------|-------------------------------------------
A1                                         |A1                                         
A2                                         |A2                                         
B1                                         |B1                                         
B2                                         |B2                                         
C1                                         |C1                                         
X                                          |X                                          
VGND                                       |(no matching pin)                          
VNB                                        |(no matching pin)                          
VPB                                        |(no matching pin)                          
VPWR                                       |(no matching pin)                          
---------------------------------------------------------------------------------------
Cell pin lists are equivalent.
Device classes sky130_fd_sc_hd__o221a_1 and sky130_fd_sc_hd__o221a_1 are equivalent.

Cell sky130_fd_sc_hd__nand2b_1 (0) disconnected node: A_N
Cell sky130_fd_sc_hd__nand2b_1 (0) disconnected node: B
Cell sky130_fd_sc_hd__nand2b_1 (0) disconnected node: VGND
Cell sky130_fd_sc_hd__nand2b_1 (0) disconnected node: VNB
Cell sky130_fd_sc_hd__nand2b_1 (0) disconnected node: VPB
Cell sky130_fd_sc_hd__nand2b_1 (0) disconnected node: VPWR
Cell sky130_fd_sc_hd__nand2b_1 (0) disconnected node: Y
Warning: Equate pins:  cell sky130_fd_sc_hd__nand2b_1 is a placeholder, treated as a black box.

Subcircuit pins:
Circuit 1: sky130_fd_sc_hd__nand2b_1       |Circuit 2: sky130_fd_sc_hd__nand2b_1       
-------------------------------------------|-------------------------------------------
A_N                                        |A_N                                        
B                                          |B                                          
Y                                          |Y                                          
VGND                                       |(no matching pin)                          
VNB                                        |(no matching pin)                          
VPB                                        |(no matching pin)                          
VPWR                                       |(no matching pin)                          
---------------------------------------------------------------------------------------
Cell pin lists are equivalent.
Device classes sky130_fd_sc_hd__nand2b_1 and sky130_fd_sc_hd__nand2b_1 are equivalent.

Cell sky130_fd_sc_hd__o21a_1 (0) disconnected node: A1
Cell sky130_fd_sc_hd__o21a_1 (0) disconnected node: A2
Cell sky130_fd_sc_hd__o21a_1 (0) disconnected node: B1
Cell sky130_fd_sc_hd__o21a_1 (0) disconnected node: VGND
Cell sky130_fd_sc_hd__o21a_1 (0) disconnected node: VNB
Cell sky130_fd_sc_hd__o21a_1 (0) disconnected node: VPB
Cell sky130_fd_sc_hd__o21a_1 (0) disconnected node: VPWR
Cell sky130_fd_sc_hd__o21a_1 (0) disconnected node: X
Warning: Equate pins:  cell sky130_fd_sc_hd__o21a_1 is a placeholder, treated as a black box.

Subcircuit pins:
Circuit 1: sky130_fd_sc_hd__o21a_1         |Circuit 2: sky130_fd_sc_hd__o21a_1         
-------------------------------------------|-------------------------------------------
A1                                         |A1                                         
A2                                         |A2                                         
B1                                         |B1                                         
X                                          |X                                          
VGND                                       |(no matching pin)                          
VNB                                        |(no matching pin)                          
VPB                                        |(no matching pin)                          
VPWR                                       |(no matching pin)                          
---------------------------------------------------------------------------------------
Cell pin lists are equivalent.
Device classes sky130_fd_sc_hd__o21a_1 and sky130_fd_sc_hd__o21a_1 are equivalent.

Cell sky130_fd_sc_hd__o311a_1 (0) disconnected node: A1
Cell sky130_fd_sc_hd__o311a_1 (0) disconnected node: A2
Cell sky130_fd_sc_hd__o311a_1 (0) disconnected node: A3
Cell sky130_fd_sc_hd__o311a_1 (0) disconnected node: B1
Cell sky130_fd_sc_hd__o311a_1 (0) disconnected node: C1
Cell sky130_fd_sc_hd__o311a_1 (0) disconnected node: VGND
Cell sky130_fd_sc_hd__o311a_1 (0) disconnected node: VNB
Cell sky130_fd_sc_hd__o311a_1 (0) disconnected node: VPB
Cell sky130_fd_sc_hd__o311a_1 (0) disconnected node: VPWR
Cell sky130_fd_sc_hd__o311a_1 (0) disconnected node: X
Warning: Equate pins:  cell sky130_fd_sc_hd__o311a_1 is a placeholder, treated as a black box.

Subcircuit pins:
Circuit 1: sky130_fd_sc_hd__o311a_1        |Circuit 2: sky130_fd_sc_hd__o311a_1        
-------------------------------------------|-------------------------------------------
A1                                         |A1                                         
A2                                         |A2                                         
A3                                         |A3                                         
B1                                         |B1                                         
C1                                         |C1                                         
X                                          |X                                          
VGND                                       |(no matching pin)                          
VNB                                        |(no matching pin)                          
VPB                                        |(no matching pin)                          
VPWR                                       |(no matching pin)                          
---------------------------------------------------------------------------------------
Cell pin lists are equivalent.
Device classes sky130_fd_sc_hd__o311a_1 and sky130_fd_sc_hd__o311a_1 are equivalent.

Cell sky130_fd_sc_hd__and3_1 (0) disconnected node: A
Cell sky130_fd_sc_hd__and3_1 (0) disconnected node: B
Cell sky130_fd_sc_hd__and3_1 (0) disconnected node: C
Cell sky130_fd_sc_hd__and3_1 (0) disconnected node: VGND
Cell sky130_fd_sc_hd__and3_1 (0) disconnected node: VNB
Cell sky130_fd_sc_hd__and3_1 (0) disconnected node: VPB
Cell sky130_fd_sc_hd__and3_1 (0) disconnected node: VPWR
Cell sky130_fd_sc_hd__and3_1 (0) disconnected node: X
Warning: Equate pins:  cell sky130_fd_sc_hd__and3_1 is a placeholder, treated as a black box.

Subcircuit pins:
Circuit 1: sky130_fd_sc_hd__and3_1         |Circuit 2: sky130_fd_sc_hd__and3_1         
-------------------------------------------|-------------------------------------------
A                                          |A                                          
B                                          |B                                          
C                                          |C                                          
X                                          |X                                          
VGND                                       |(no matching pin)                          
VNB                                        |(no matching pin)                          
VPB                                        |(no matching pin)                          
VPWR                                       |(no matching pin)                          
---------------------------------------------------------------------------------------
Cell pin lists are equivalent.
Device classes sky130_fd_sc_hd__and3_1 and sky130_fd_sc_hd__and3_1 are equivalent.

Cell sky130_fd_sc_hd__and3b_1 (0) disconnected node: A_N
Cell sky130_fd_sc_hd__and3b_1 (0) disconnected node: B
Cell sky130_fd_sc_hd__and3b_1 (0) disconnected node: C
Cell sky130_fd_sc_hd__and3b_1 (0) disconnected node: VGND
Cell sky130_fd_sc_hd__and3b_1 (0) disconnected node: VNB
Cell sky130_fd_sc_hd__and3b_1 (0) disconnected node: VPB
Cell sky130_fd_sc_hd__and3b_1 (0) disconnected node: VPWR
Cell sky130_fd_sc_hd__and3b_1 (0) disconnected node: X
Warning: Equate pins:  cell sky130_fd_sc_hd__and3b_1 is a placeholder, treated as a black box.

Subcircuit pins:
Circuit 1: sky130_fd_sc_hd__and3b_1        |Circuit 2: sky130_fd_sc_hd__and3b_1        
-------------------------------------------|-------------------------------------------
A_N                                        |A_N                                        
B                                          |B                                          
C                                          |C                                          
X                                          |X                                          
VGND                                       |(no matching pin)                          
VNB                                        |(no matching pin)                          
VPB                                        |(no matching pin)                          
VPWR                                       |(no matching pin)                          
---------------------------------------------------------------------------------------
Cell pin lists are equivalent.
Device classes sky130_fd_sc_hd__and3b_1 and sky130_fd_sc_hd__and3b_1 are equivalent.

Cell sky130_fd_sc_hd__a21o_1 (0) disconnected node: A1
Cell sky130_fd_sc_hd__a21o_1 (0) disconnected node: A2
Cell sky130_fd_sc_hd__a21o_1 (0) disconnected node: B1
Cell sky130_fd_sc_hd__a21o_1 (0) disconnected node: VGND
Cell sky130_fd_sc_hd__a21o_1 (0) disconnected node: VNB
Cell sky130_fd_sc_hd__a21o_1 (0) disconnected node: VPB
Cell sky130_fd_sc_hd__a21o_1 (0) disconnected node: VPWR
Cell sky130_fd_sc_hd__a21o_1 (0) disconnected node: X
Warning: Equate pins:  cell sky130_fd_sc_hd__a21o_1 is a placeholder, treated as a black box.

Subcircuit pins:
Circuit 1: sky130_fd_sc_hd__a21o_1         |Circuit 2: sky130_fd_sc_hd__a21o_1         
-------------------------------------------|-------------------------------------------
A1                                         |A1                                         
A2                                         |A2                                         
B1                                         |B1                                         
X                                          |X                                          
VGND                                       |(no matching pin)                          
VNB                                        |(no matching pin)                          
VPB                                        |(no matching pin)                          
VPWR                                       |(no matching pin)                          
---------------------------------------------------------------------------------------
Cell pin lists are equivalent.
Device classes sky130_fd_sc_hd__a21o_1 and sky130_fd_sc_hd__a21o_1 are equivalent.

Cell sky130_fd_sc_hd__a221oi_1 (0) disconnected node: A1
Cell sky130_fd_sc_hd__a221oi_1 (0) disconnected node: A2
Cell sky130_fd_sc_hd__a221oi_1 (0) disconnected node: B1
Cell sky130_fd_sc_hd__a221oi_1 (0) disconnected node: B2
Cell sky130_fd_sc_hd__a221oi_1 (0) disconnected node: C1
Cell sky130_fd_sc_hd__a221oi_1 (0) disconnected node: VGND
Cell sky130_fd_sc_hd__a221oi_1 (0) disconnected node: VNB
Cell sky130_fd_sc_hd__a221oi_1 (0) disconnected node: VPB
Cell sky130_fd_sc_hd__a221oi_1 (0) disconnected node: VPWR
Cell sky130_fd_sc_hd__a221oi_1 (0) disconnected node: Y
Warning: Equate pins:  cell sky130_fd_sc_hd__a221oi_1 is a placeholder, treated as a black box.

Subcircuit pins:
Circuit 1: sky130_fd_sc_hd__a221oi_1       |Circuit 2: sky130_fd_sc_hd__a221oi_1       
-------------------------------------------|-------------------------------------------
A1                                         |A1                                         
A2                                         |A2                                         
B1                                         |B1                                         
B2                                         |B2                                         
C1                                         |C1                                         
Y                                          |Y                                          
VGND                                       |(no matching pin)                          
VNB                                        |(no matching pin)                          
VPB                                        |(no matching pin)                          
VPWR                                       |(no matching pin)                          
---------------------------------------------------------------------------------------
Cell pin lists are equivalent.
Device classes sky130_fd_sc_hd__a221oi_1 and sky130_fd_sc_hd__a221oi_1 are equivalent.

Cell sky130_fd_sc_hd__nand2b_2 (0) disconnected node: A_N
Cell sky130_fd_sc_hd__nand2b_2 (0) disconnected node: B
Cell sky130_fd_sc_hd__nand2b_2 (0) disconnected node: VGND
Cell sky130_fd_sc_hd__nand2b_2 (0) disconnected node: VNB
Cell sky130_fd_sc_hd__nand2b_2 (0) disconnected node: VPB
Cell sky130_fd_sc_hd__nand2b_2 (0) disconnected node: VPWR
Cell sky130_fd_sc_hd__nand2b_2 (0) disconnected node: Y
Warning: Equate pins:  cell sky130_fd_sc_hd__nand2b_2 is a placeholder, treated as a black box.

Subcircuit pins:
Circuit 1: sky130_fd_sc_hd__nand2b_2       |Circuit 2: sky130_fd_sc_hd__nand2b_2       
-------------------------------------------|-------------------------------------------
A_N                                        |A_N                                        
B                                          |B                                          
Y                                          |Y                                          
VGND                                       |(no matching pin)                          
VNB                                        |(no matching pin)                          
VPB                                        |(no matching pin)                          
VPWR                                       |(no matching pin)                          
---------------------------------------------------------------------------------------
Cell pin lists are equivalent.
Device classes sky130_fd_sc_hd__nand2b_2 and sky130_fd_sc_hd__nand2b_2 are equivalent.

Cell sky130_fd_sc_hd__a222oi_1 (0) disconnected node: A1
Cell sky130_fd_sc_hd__a222oi_1 (0) disconnected node: A2
Cell sky130_fd_sc_hd__a222oi_1 (0) disconnected node: B1
Cell sky130_fd_sc_hd__a222oi_1 (0) disconnected node: B2
Cell sky130_fd_sc_hd__a222oi_1 (0) disconnected node: C1
Cell sky130_fd_sc_hd__a222oi_1 (0) disconnected node: C2
Cell sky130_fd_sc_hd__a222oi_1 (0) disconnected node: VGND
Cell sky130_fd_sc_hd__a222oi_1 (0) disconnected node: VNB
Cell sky130_fd_sc_hd__a222oi_1 (0) disconnected node: VPB
Cell sky130_fd_sc_hd__a222oi_1 (0) disconnected node: VPWR
Cell sky130_fd_sc_hd__a222oi_1 (0) disconnected node: Y
Warning: Equate pins:  cell sky130_fd_sc_hd__a222oi_1 is a placeholder, treated as a black box.

Subcircuit pins:
Circuit 1: sky130_fd_sc_hd__a222oi_1       |Circuit 2: sky130_fd_sc_hd__a222oi_1       
-------------------------------------------|-------------------------------------------
A1                                         |A1                                         
A2                                         |A2                                         
B1                                         |B1                                         
B2                                         |B2                                         
C1                                         |C1                                         
C2                                         |C2                                         
Y                                          |Y                                          
VGND                                       |(no matching pin)                          
VNB                                        |(no matching pin)                          
VPB                                        |(no matching pin)                          
VPWR                                       |(no matching pin)                          
---------------------------------------------------------------------------------------
Cell pin lists are equivalent.
Device classes sky130_fd_sc_hd__a222oi_1 and sky130_fd_sc_hd__a222oi_1 are equivalent.

Cell sky130_fd_sc_hd__nand4_1 (0) disconnected node: A
Cell sky130_fd_sc_hd__nand4_1 (0) disconnected node: B
Cell sky130_fd_sc_hd__nand4_1 (0) disconnected node: C
Cell sky130_fd_sc_hd__nand4_1 (0) disconnected node: D
Cell sky130_fd_sc_hd__nand4_1 (0) disconnected node: VGND
Cell sky130_fd_sc_hd__nand4_1 (0) disconnected node: VNB
Cell sky130_fd_sc_hd__nand4_1 (0) disconnected node: VPB
Cell sky130_fd_sc_hd__nand4_1 (0) disconnected node: VPWR
Cell sky130_fd_sc_hd__nand4_1 (0) disconnected node: Y
Warning: Equate pins:  cell sky130_fd_sc_hd__nand4_1 is a placeholder, treated as a black box.

Subcircuit pins:
Circuit 1: sky130_fd_sc_hd__nand4_1        |Circuit 2: sky130_fd_sc_hd__nand4_1        
-------------------------------------------|-------------------------------------------
A                                          |A                                          
B                                          |B                                          
C                                          |C                                          
D                                          |D                                          
Y                                          |Y                                          
VGND                                       |(no matching pin)                          
VNB                                        |(no matching pin)                          
VPB                                        |(no matching pin)                          
VPWR                                       |(no matching pin)                          
---------------------------------------------------------------------------------------
Cell pin lists are equivalent.
Device classes sky130_fd_sc_hd__nand4_1 and sky130_fd_sc_hd__nand4_1 are equivalent.

Cell sky130_fd_sc_hd__o311ai_0 (0) disconnected node: A1
Cell sky130_fd_sc_hd__o311ai_0 (0) disconnected node: A2
Cell sky130_fd_sc_hd__o311ai_0 (0) disconnected node: A3
Cell sky130_fd_sc_hd__o311ai_0 (0) disconnected node: B1
Cell sky130_fd_sc_hd__o311ai_0 (0) disconnected node: C1
Cell sky130_fd_sc_hd__o311ai_0 (0) disconnected node: VGND
Cell sky130_fd_sc_hd__o311ai_0 (0) disconnected node: VNB
Cell sky130_fd_sc_hd__o311ai_0 (0) disconnected node: VPB
Cell sky130_fd_sc_hd__o311ai_0 (0) disconnected node: VPWR
Cell sky130_fd_sc_hd__o311ai_0 (0) disconnected node: Y
Warning: Equate pins:  cell sky130_fd_sc_hd__o311ai_0 is a placeholder, treated as a black box.

Subcircuit pins:
Circuit 1: sky130_fd_sc_hd__o311ai_0       |Circuit 2: sky130_fd_sc_hd__o311ai_0       
-------------------------------------------|-------------------------------------------
A1                                         |A1                                         
A2                                         |A2                                         
A3                                         |A3                                         
B1                                         |B1                                         
C1                                         |C1                                         
Y                                          |Y                                          
VGND                                       |(no matching pin)                          
VNB                                        |(no matching pin)                          
VPB                                        |(no matching pin)                          
VPWR                                       |(no matching pin)                          
---------------------------------------------------------------------------------------
Cell pin lists are equivalent.
Device classes sky130_fd_sc_hd__o311ai_0 and sky130_fd_sc_hd__o311ai_0 are equivalent.

Cell sky130_fd_sc_hd__mux2_1 (0) disconnected node: A0
Cell sky130_fd_sc_hd__mux2_1 (0) disconnected node: A1
Cell sky130_fd_sc_hd__mux2_1 (0) disconnected node: S
Cell sky130_fd_sc_hd__mux2_1 (0) disconnected node: VGND
Cell sky130_fd_sc_hd__mux2_1 (0) disconnected node: VNB
Cell sky130_fd_sc_hd__mux2_1 (0) disconnected node: VPB
Cell sky130_fd_sc_hd__mux2_1 (0) disconnected node: VPWR
Cell sky130_fd_sc_hd__mux2_1 (0) disconnected node: X
Warning: Equate pins:  cell sky130_fd_sc_hd__mux2_1 is a placeholder, treated as a black box.

Subcircuit pins:
Circuit 1: sky130_fd_sc_hd__mux2_1         |Circuit 2: sky130_fd_sc_hd__mux2_1         
-------------------------------------------|-------------------------------------------
A0                                         |A0                                         
A1                                         |A1                                         
S                                          |S                                          
X                                          |X                                          
VGND                                       |(no matching pin)                          
VNB                                        |(no matching pin)                          
VPB                                        |(no matching pin)                          
VPWR                                       |(no matching pin)                          
---------------------------------------------------------------------------------------
Cell pin lists are equivalent.
Device classes sky130_fd_sc_hd__mux2_1 and sky130_fd_sc_hd__mux2_1 are equivalent.

Cell sky130_fd_sc_hd__a311oi_1 (0) disconnected node: A1
Cell sky130_fd_sc_hd__a311oi_1 (0) disconnected node: A2
Cell sky130_fd_sc_hd__a311oi_1 (0) disconnected node: A3
Cell sky130_fd_sc_hd__a311oi_1 (0) disconnected node: B1
Cell sky130_fd_sc_hd__a311oi_1 (0) disconnected node: C1
Cell sky130_fd_sc_hd__a311oi_1 (0) disconnected node: VGND
Cell sky130_fd_sc_hd__a311oi_1 (0) disconnected node: VNB
Cell sky130_fd_sc_hd__a311oi_1 (0) disconnected node: VPB
Cell sky130_fd_sc_hd__a311oi_1 (0) disconnected node: VPWR
Cell sky130_fd_sc_hd__a311oi_1 (0) disconnected node: Y
Warning: Equate pins:  cell sky130_fd_sc_hd__a311oi_1 is a placeholder, treated as a black box.

Subcircuit pins:
Circuit 1: sky130_fd_sc_hd__a311oi_1       |Circuit 2: sky130_fd_sc_hd__a311oi_1       
-------------------------------------------|-------------------------------------------
A1                                         |A1                                         
A2                                         |A2                                         
A3                                         |A3                                         
B1                                         |B1                                         
C1                                         |C1                                         
Y                                          |Y                                          
VGND                                       |(no matching pin)                          
VNB                                        |(no matching pin)                          
VPB                                        |(no matching pin)                          
VPWR                                       |(no matching pin)                          
---------------------------------------------------------------------------------------
Cell pin lists are equivalent.
Device classes sky130_fd_sc_hd__a311oi_1 and sky130_fd_sc_hd__a311oi_1 are equivalent.

Cell sky130_fd_sc_hd__o22ai_1 (0) disconnected node: A1
Cell sky130_fd_sc_hd__o22ai_1 (0) disconnected node: A2
Cell sky130_fd_sc_hd__o22ai_1 (0) disconnected node: B1
Cell sky130_fd_sc_hd__o22ai_1 (0) disconnected node: B2
Cell sky130_fd_sc_hd__o22ai_1 (0) disconnected node: VGND
Cell sky130_fd_sc_hd__o22ai_1 (0) disconnected node: VNB
Cell sky130_fd_sc_hd__o22ai_1 (0) disconnected node: VPB
Cell sky130_fd_sc_hd__o22ai_1 (0) disconnected node: VPWR
Cell sky130_fd_sc_hd__o22ai_1 (0) disconnected node: Y
Warning: Equate pins:  cell sky130_fd_sc_hd__o22ai_1 is a placeholder, treated as a black box.

Subcircuit pins:
Circuit 1: sky130_fd_sc_hd__o22ai_1        |Circuit 2: sky130_fd_sc_hd__o22ai_1        
-------------------------------------------|-------------------------------------------
A1                                         |A1                                         
A2                                         |A2                                         
B1                                         |B1                                         
B2                                         |B2                                         
Y                                          |Y                                          
VGND                                       |(no matching pin)                          
VNB                                        |(no matching pin)                          
VPB                                        |(no matching pin)                          
VPWR                                       |(no matching pin)                          
---------------------------------------------------------------------------------------
Cell pin lists are equivalent.
Device classes sky130_fd_sc_hd__o22ai_1 and sky130_fd_sc_hd__o22ai_1 are equivalent.

Cell sky130_fd_sc_hd__a21boi_0 (0) disconnected node: A1
Cell sky130_fd_sc_hd__a21boi_0 (0) disconnected node: A2
Cell sky130_fd_sc_hd__a21boi_0 (0) disconnected node: B1_N
Cell sky130_fd_sc_hd__a21boi_0 (0) disconnected node: VGND
Cell sky130_fd_sc_hd__a21boi_0 (0) disconnected node: VNB
Cell sky130_fd_sc_hd__a21boi_0 (0) disconnected node: VPB
Cell sky130_fd_sc_hd__a21boi_0 (0) disconnected node: VPWR
Cell sky130_fd_sc_hd__a21boi_0 (0) disconnected node: Y
Warning: Equate pins:  cell sky130_fd_sc_hd__a21boi_0 is a placeholder, treated as a black box.

Subcircuit pins:
Circuit 1: sky130_fd_sc_hd__a21boi_0       |Circuit 2: sky130_fd_sc_hd__a21boi_0       
-------------------------------------------|-------------------------------------------
A1                                         |A1                                         
A2                                         |A2                                         
B1_N                                       |B1_N                                       
Y                                          |Y                                          
VGND                                       |(no matching pin)                          
VNB                                        |(no matching pin)                          
VPB                                        |(no matching pin)                          
VPWR                                       |(no matching pin)                          
---------------------------------------------------------------------------------------
Cell pin lists are equivalent.
Device classes sky130_fd_sc_hd__a21boi_0 and sky130_fd_sc_hd__a21boi_0 are equivalent.

Cell sky130_fd_sc_hd__o21bai_1 (0) disconnected node: A1
Cell sky130_fd_sc_hd__o21bai_1 (0) disconnected node: A2
Cell sky130_fd_sc_hd__o21bai_1 (0) disconnected node: B1_N
Cell sky130_fd_sc_hd__o21bai_1 (0) disconnected node: VGND
Cell sky130_fd_sc_hd__o21bai_1 (0) disconnected node: VNB
Cell sky130_fd_sc_hd__o21bai_1 (0) disconnected node: VPB
Cell sky130_fd_sc_hd__o21bai_1 (0) disconnected node: VPWR
Cell sky130_fd_sc_hd__o21bai_1 (0) disconnected node: Y
Warning: Equate pins:  cell sky130_fd_sc_hd__o21bai_1 is a placeholder, treated as a black box.

Subcircuit pins:
Circuit 1: sky130_fd_sc_hd__o21bai_1       |Circuit 2: sky130_fd_sc_hd__o21bai_1       
-------------------------------------------|-------------------------------------------
A1                                         |A1                                         
A2                                         |A2                                         
B1_N                                       |B1_N                                       
Y                                          |Y                                          
VGND                                       |(no matching pin)                          
VNB                                        |(no matching pin)                          
VPB                                        |(no matching pin)                          
VPWR                                       |(no matching pin)                          
---------------------------------------------------------------------------------------
Cell pin lists are equivalent.
Device classes sky130_fd_sc_hd__o21bai_1 and sky130_fd_sc_hd__o21bai_1 are equivalent.

Cell sky130_fd_sc_hd__or3_1 (0) disconnected node: A
Cell sky130_fd_sc_hd__or3_1 (0) disconnected node: B
Cell sky130_fd_sc_hd__or3_1 (0) disconnected node: C
Cell sky130_fd_sc_hd__or3_1 (0) disconnected node: VGND
Cell sky130_fd_sc_hd__or3_1 (0) disconnected node: VNB
Cell sky130_fd_sc_hd__or3_1 (0) disconnected node: VPB
Cell sky130_fd_sc_hd__or3_1 (0) disconnected node: VPWR
Cell sky130_fd_sc_hd__or3_1 (0) disconnected node: X
Warning: Equate pins:  cell sky130_fd_sc_hd__or3_1 is a placeholder, treated as a black box.

Subcircuit pins:
Circuit 1: sky130_fd_sc_hd__or3_1          |Circuit 2: sky130_fd_sc_hd__or3_1          
-------------------------------------------|-------------------------------------------
A                                          |A                                          
B                                          |B                                          
C                                          |C                                          
X                                          |X                                          
VGND                                       |(no matching pin)                          
VNB                                        |(no matching pin)                          
VPB                                        |(no matching pin)                          
VPWR                                       |(no matching pin)                          
---------------------------------------------------------------------------------------
Cell pin lists are equivalent.
Device classes sky130_fd_sc_hd__or3_1 and sky130_fd_sc_hd__or3_1 are equivalent.

Cell sky130_fd_sc_hd__nor3_2 (0) disconnected node: A
Cell sky130_fd_sc_hd__nor3_2 (0) disconnected node: B
Cell sky130_fd_sc_hd__nor3_2 (0) disconnected node: C
Cell sky130_fd_sc_hd__nor3_2 (0) disconnected node: VGND
Cell sky130_fd_sc_hd__nor3_2 (0) disconnected node: VNB
Cell sky130_fd_sc_hd__nor3_2 (0) disconnected node: VPB
Cell sky130_fd_sc_hd__nor3_2 (0) disconnected node: VPWR
Cell sky130_fd_sc_hd__nor3_2 (0) disconnected node: Y
Warning: Equate pins:  cell sky130_fd_sc_hd__nor3_2 is a placeholder, treated as a black box.

Subcircuit pins:
Circuit 1: sky130_fd_sc_hd__nor3_2         |Circuit 2: sky130_fd_sc_hd__nor3_2         
-------------------------------------------|-------------------------------------------
A                                          |A                                          
B                                          |B                                          
C                                          |C                                          
Y                                          |Y                                          
VGND                                       |(no matching pin)                          
VNB                                        |(no matching pin)                          
VPB                                        |(no matching pin)                          
VPWR                                       |(no matching pin)                          
---------------------------------------------------------------------------------------
Cell pin lists are equivalent.
Device classes sky130_fd_sc_hd__nor3_2 and sky130_fd_sc_hd__nor3_2 are equivalent.

Cell sky130_fd_sc_hd__buf_4 (0) disconnected node: A
Cell sky130_fd_sc_hd__buf_4 (0) disconnected node: VGND
Cell sky130_fd_sc_hd__buf_4 (0) disconnected node: VNB
Cell sky130_fd_sc_hd__buf_4 (0) disconnected node: VPB
Cell sky130_fd_sc_hd__buf_4 (0) disconnected node: VPWR
Cell sky130_fd_sc_hd__buf_4 (0) disconnected node: X
Warning: Equate pins:  cell sky130_fd_sc_hd__buf_4 is a placeholder, treated as a black box.

Subcircuit pins:
Circuit 1: sky130_fd_sc_hd__buf_4          |Circuit 2: sky130_fd_sc_hd__buf_4          
-------------------------------------------|-------------------------------------------
A                                          |A                                          
X                                          |X                                          
VGND                                       |(no matching pin)                          
VNB                                        |(no matching pin)                          
VPB                                        |(no matching pin)                          
VPWR                                       |(no matching pin)                          
---------------------------------------------------------------------------------------
Cell pin lists are equivalent.
Device classes sky130_fd_sc_hd__buf_4 and sky130_fd_sc_hd__buf_4 are equivalent.

Cell sky130_fd_sc_hd__buf_8 (0) disconnected node: A
Cell sky130_fd_sc_hd__buf_8 (0) disconnected node: VGND
Cell sky130_fd_sc_hd__buf_8 (0) disconnected node: VNB
Cell sky130_fd_sc_hd__buf_8 (0) disconnected node: VPB
Cell sky130_fd_sc_hd__buf_8 (0) disconnected node: VPWR
Cell sky130_fd_sc_hd__buf_8 (0) disconnected node: X
Warning: Equate pins:  cell sky130_fd_sc_hd__buf_8 is a placeholder, treated as a black box.

Subcircuit pins:
Circuit 1: sky130_fd_sc_hd__buf_8          |Circuit 2: sky130_fd_sc_hd__buf_8          
-------------------------------------------|-------------------------------------------
A                                          |A                                          
X                                          |X                                          
VGND                                       |(no matching pin)                          
VNB                                        |(no matching pin)                          
VPB                                        |(no matching pin)                          
VPWR                                       |(no matching pin)                          
---------------------------------------------------------------------------------------
Cell pin lists are equivalent.
Device classes sky130_fd_sc_hd__buf_8 and sky130_fd_sc_hd__buf_8 are equivalent.

Cell sky130_fd_sc_hd__maj3_1 (0) disconnected node: A
Cell sky130_fd_sc_hd__maj3_1 (0) disconnected node: B
Cell sky130_fd_sc_hd__maj3_1 (0) disconnected node: C
Cell sky130_fd_sc_hd__maj3_1 (0) disconnected node: VGND
Cell sky130_fd_sc_hd__maj3_1 (0) disconnected node: VNB
Cell sky130_fd_sc_hd__maj3_1 (0) disconnected node: VPB
Cell sky130_fd_sc_hd__maj3_1 (0) disconnected node: VPWR
Cell sky130_fd_sc_hd__maj3_1 (0) disconnected node: X
Warning: Equate pins:  cell sky130_fd_sc_hd__maj3_1 is a placeholder, treated as a black box.

Subcircuit pins:
Circuit 1: sky130_fd_sc_hd__maj3_1         |Circuit 2: sky130_fd_sc_hd__maj3_1         
-------------------------------------------|-------------------------------------------
A                                          |A                                          
B                                          |B                                          
C                                          |C                                          
X                                          |X                                          
VGND                                       |(no matching pin)                          
VNB                                        |(no matching pin)                          
VPB                                        |(no matching pin)                          
VPWR                                       |(no matching pin)                          
---------------------------------------------------------------------------------------
Cell pin lists are equivalent.
Device classes sky130_fd_sc_hd__maj3_1 and sky130_fd_sc_hd__maj3_1 are equivalent.

Cell sky130_fd_sc_hd__a211o_1 (0) disconnected node: A1
Cell sky130_fd_sc_hd__a211o_1 (0) disconnected node: A2
Cell sky130_fd_sc_hd__a211o_1 (0) disconnected node: B1
Cell sky130_fd_sc_hd__a211o_1 (0) disconnected node: C1
Cell sky130_fd_sc_hd__a211o_1 (0) disconnected node: VGND
Cell sky130_fd_sc_hd__a211o_1 (0) disconnected node: VNB
Cell sky130_fd_sc_hd__a211o_1 (0) disconnected node: VPB
Cell sky130_fd_sc_hd__a211o_1 (0) disconnected node: VPWR
Cell sky130_fd_sc_hd__a211o_1 (0) disconnected node: X
Warning: Equate pins:  cell sky130_fd_sc_hd__a211o_1 is a placeholder, treated as a black box.

Subcircuit pins:
Circuit 1: sky130_fd_sc_hd__a211o_1        |Circuit 2: sky130_fd_sc_hd__a211o_1        
-------------------------------------------|-------------------------------------------
A1                                         |A1                                         
A2                                         |A2                                         
B1                                         |B1                                         
C1                                         |C1                                         
X                                          |X                                          
VGND                                       |(no matching pin)                          
VNB                                        |(no matching pin)                          
VPB                                        |(no matching pin)                          
VPWR                                       |(no matching pin)                          
---------------------------------------------------------------------------------------
Cell pin lists are equivalent.
Device classes sky130_fd_sc_hd__a211o_1 and sky130_fd_sc_hd__a211o_1 are equivalent.

Cell sky130_fd_sc_hd__a2bb2oi_1 (0) disconnected node: A1_N
Cell sky130_fd_sc_hd__a2bb2oi_1 (0) disconnected node: A2_N
Cell sky130_fd_sc_hd__a2bb2oi_1 (0) disconnected node: B1
Cell sky130_fd_sc_hd__a2bb2oi_1 (0) disconnected node: B2
Cell sky130_fd_sc_hd__a2bb2oi_1 (0) disconnected node: VGND
Cell sky130_fd_sc_hd__a2bb2oi_1 (0) disconnected node: VNB
Cell sky130_fd_sc_hd__a2bb2oi_1 (0) disconnected node: VPB
Cell sky130_fd_sc_hd__a2bb2oi_1 (0) disconnected node: VPWR
Cell sky130_fd_sc_hd__a2bb2oi_1 (0) disconnected node: Y
Warning: Equate pins:  cell sky130_fd_sc_hd__a2bb2oi_1 is a placeholder, treated as a black box.

Subcircuit pins:
Circuit 1: sky130_fd_sc_hd__a2bb2oi_1      |Circuit 2: sky130_fd_sc_hd__a2bb2oi_1      
-------------------------------------------|-------------------------------------------
A1_N                                       |A1_N                                       
A2_N                                       |A2_N                                       
B1                                         |B1                                         
B2                                         |B2                                         
Y                                          |Y                                          
VGND                                       |(no matching pin)                          
VNB                                        |(no matching pin)                          
VPB                                        |(no matching pin)                          
VPWR                                       |(no matching pin)                          
---------------------------------------------------------------------------------------
Cell pin lists are equivalent.
Device classes sky130_fd_sc_hd__a2bb2oi_1 and sky130_fd_sc_hd__a2bb2oi_1 are equivalent.

Cell sky130_fd_sc_hd__a22oi_1 (0) disconnected node: A1
Cell sky130_fd_sc_hd__a22oi_1 (0) disconnected node: A2
Cell sky130_fd_sc_hd__a22oi_1 (0) disconnected node: B1
Cell sky130_fd_sc_hd__a22oi_1 (0) disconnected node: B2
Cell sky130_fd_sc_hd__a22oi_1 (0) disconnected node: VGND
Cell sky130_fd_sc_hd__a22oi_1 (0) disconnected node: VNB
Cell sky130_fd_sc_hd__a22oi_1 (0) disconnected node: VPB
Cell sky130_fd_sc_hd__a22oi_1 (0) disconnected node: VPWR
Cell sky130_fd_sc_hd__a22oi_1 (0) disconnected node: Y
Warning: Equate pins:  cell sky130_fd_sc_hd__a22oi_1 is a placeholder, treated as a black box.

Subcircuit pins:
Circuit 1: sky130_fd_sc_hd__a22oi_1        |Circuit 2: sky130_fd_sc_hd__a22oi_1        
-------------------------------------------|-------------------------------------------
A1                                         |A1                                         
A2                                         |A2                                         
B1                                         |B1                                         
B2                                         |B2                                         
Y                                          |Y                                          
VGND                                       |(no matching pin)                          
VNB                                        |(no matching pin)                          
VPB                                        |(no matching pin)                          
VPWR                                       |(no matching pin)                          
---------------------------------------------------------------------------------------
Cell pin lists are equivalent.
Device classes sky130_fd_sc_hd__a22oi_1 and sky130_fd_sc_hd__a22oi_1 are equivalent.

Cell sky130_fd_sc_hd__a2111oi_0 (0) disconnected node: A1
Cell sky130_fd_sc_hd__a2111oi_0 (0) disconnected node: A2
Cell sky130_fd_sc_hd__a2111oi_0 (0) disconnected node: B1
Cell sky130_fd_sc_hd__a2111oi_0 (0) disconnected node: C1
Cell sky130_fd_sc_hd__a2111oi_0 (0) disconnected node: D1
Cell sky130_fd_sc_hd__a2111oi_0 (0) disconnected node: VGND
Cell sky130_fd_sc_hd__a2111oi_0 (0) disconnected node: VNB
Cell sky130_fd_sc_hd__a2111oi_0 (0) disconnected node: VPB
Cell sky130_fd_sc_hd__a2111oi_0 (0) disconnected node: VPWR
Cell sky130_fd_sc_hd__a2111oi_0 (0) disconnected node: Y
Warning: Equate pins:  cell sky130_fd_sc_hd__a2111oi_0 is a placeholder, treated as a black box.

Subcircuit pins:
Circuit 1: sky130_fd_sc_hd__a2111oi_0      |Circuit 2: sky130_fd_sc_hd__a2111oi_0      
-------------------------------------------|-------------------------------------------
A1                                         |A1                                         
A2                                         |A2                                         
B1                                         |B1                                         
C1                                         |C1                                         
D1                                         |D1                                         
Y                                          |Y                                          
VGND                                       |(no matching pin)                          
VNB                                        |(no matching pin)                          
VPB                                        |(no matching pin)                          
VPWR                                       |(no matching pin)                          
---------------------------------------------------------------------------------------
Cell pin lists are equivalent.
Device classes sky130_fd_sc_hd__a2111oi_0 and sky130_fd_sc_hd__a2111oi_0 are equivalent.

Cell sky130_fd_sc_hd__and2_1 (0) disconnected node: A
Cell sky130_fd_sc_hd__and2_1 (0) disconnected node: B
Cell sky130_fd_sc_hd__and2_1 (0) disconnected node: VGND
Cell sky130_fd_sc_hd__and2_1 (0) disconnected node: VNB
Cell sky130_fd_sc_hd__and2_1 (0) disconnected node: VPB
Cell sky130_fd_sc_hd__and2_1 (0) disconnected node: VPWR
Cell sky130_fd_sc_hd__and2_1 (0) disconnected node: X
Warning: Equate pins:  cell sky130_fd_sc_hd__and2_1 is a placeholder, treated as a black box.

Subcircuit pins:
Circuit 1: sky130_fd_sc_hd__and2_1         |Circuit 2: sky130_fd_sc_hd__and2_1         
-------------------------------------------|-------------------------------------------
A                                          |A                                          
B                                          |B                                          
X                                          |X                                          
VGND                                       |(no matching pin)                          
VNB                                        |(no matching pin)                          
VPB                                        |(no matching pin)                          
VPWR                                       |(no matching pin)                          
---------------------------------------------------------------------------------------
Cell pin lists are equivalent.
Device classes sky130_fd_sc_hd__and2_1 and sky130_fd_sc_hd__and2_1 are equivalent.

Cell sky130_fd_sc_hd__a21bo_1 (0) disconnected node: A1
Cell sky130_fd_sc_hd__a21bo_1 (0) disconnected node: A2
Cell sky130_fd_sc_hd__a21bo_1 (0) disconnected node: B1_N
Cell sky130_fd_sc_hd__a21bo_1 (0) disconnected node: VGND
Cell sky130_fd_sc_hd__a21bo_1 (0) disconnected node: VNB
Cell sky130_fd_sc_hd__a21bo_1 (0) disconnected node: VPB
Cell sky130_fd_sc_hd__a21bo_1 (0) disconnected node: VPWR
Cell sky130_fd_sc_hd__a21bo_1 (0) disconnected node: X
Warning: Equate pins:  cell sky130_fd_sc_hd__a21bo_1 is a placeholder, treated as a black box.

Subcircuit pins:
Circuit 1: sky130_fd_sc_hd__a21bo_1        |Circuit 2: sky130_fd_sc_hd__a21bo_1        
-------------------------------------------|-------------------------------------------
A1                                         |A1                                         
A2                                         |A2                                         
B1_N                                       |B1_N                                       
X                                          |X                                          
VGND                                       |(no matching pin)                          
VNB                                        |(no matching pin)                          
VPB                                        |(no matching pin)                          
VPWR                                       |(no matching pin)                          
---------------------------------------------------------------------------------------
Cell pin lists are equivalent.
Device classes sky130_fd_sc_hd__a21bo_1 and sky130_fd_sc_hd__a21bo_1 are equivalent.

Cell sky130_fd_sc_hd__clkbuf_16 (0) disconnected node: A
Cell sky130_fd_sc_hd__clkbuf_16 (0) disconnected node: VGND
Cell sky130_fd_sc_hd__clkbuf_16 (0) disconnected node: VNB
Cell sky130_fd_sc_hd__clkbuf_16 (0) disconnected node: VPB
Cell sky130_fd_sc_hd__clkbuf_16 (0) disconnected node: VPWR
Cell sky130_fd_sc_hd__clkbuf_16 (0) disconnected node: X
Warning: Equate pins:  cell sky130_fd_sc_hd__clkbuf_16 is a placeholder, treated as a black box.

Subcircuit pins:
Circuit 1: sky130_fd_sc_hd__clkbuf_16      |Circuit 2: sky130_fd_sc_hd__clkbuf_16      
-------------------------------------------|-------------------------------------------
A                                          |A                                          
X                                          |X                                          
VGND                                       |(no matching pin)                          
VNB                                        |(no matching pin)                          
VPB                                        |(no matching pin)                          
VPWR                                       |(no matching pin)                          
---------------------------------------------------------------------------------------
Cell pin lists are equivalent.
Device classes sky130_fd_sc_hd__clkbuf_16 and sky130_fd_sc_hd__clkbuf_16 are equivalent.

Cell sky130_fd_sc_hd__a2bb2oi_4 (0) disconnected node: A1_N
Cell sky130_fd_sc_hd__a2bb2oi_4 (0) disconnected node: A2_N
Cell sky130_fd_sc_hd__a2bb2oi_4 (0) disconnected node: B1
Cell sky130_fd_sc_hd__a2bb2oi_4 (0) disconnected node: B2
Cell sky130_fd_sc_hd__a2bb2oi_4 (0) disconnected node: VGND
Cell sky130_fd_sc_hd__a2bb2oi_4 (0) disconnected node: VNB
Cell sky130_fd_sc_hd__a2bb2oi_4 (0) disconnected node: VPB
Cell sky130_fd_sc_hd__a2bb2oi_4 (0) disconnected node: VPWR
Cell sky130_fd_sc_hd__a2bb2oi_4 (0) disconnected node: Y
Warning: Equate pins:  cell sky130_fd_sc_hd__a2bb2oi_4 is a placeholder, treated as a black box.

Subcircuit pins:
Circuit 1: sky130_fd_sc_hd__a2bb2oi_4      |Circuit 2: sky130_fd_sc_hd__a2bb2oi_4      
-------------------------------------------|-------------------------------------------
A1_N                                       |A1_N                                       
A2_N                                       |A2_N                                       
B1                                         |B1                                         
B2                                         |B2                                         
Y                                          |Y                                          
VGND                                       |(no matching pin)                          
VNB                                        |(no matching pin)                          
VPB                                        |(no matching pin)                          
VPWR                                       |(no matching pin)                          
---------------------------------------------------------------------------------------
Cell pin lists are equivalent.
Device classes sky130_fd_sc_hd__a2bb2oi_4 and sky130_fd_sc_hd__a2bb2oi_4 are equivalent.

Cell sky130_fd_sc_hd__a22o_1 (0) disconnected node: A1
Cell sky130_fd_sc_hd__a22o_1 (0) disconnected node: A2
Cell sky130_fd_sc_hd__a22o_1 (0) disconnected node: B1
Cell sky130_fd_sc_hd__a22o_1 (0) disconnected node: B2
Cell sky130_fd_sc_hd__a22o_1 (0) disconnected node: VGND
Cell sky130_fd_sc_hd__a22o_1 (0) disconnected node: VNB
Cell sky130_fd_sc_hd__a22o_1 (0) disconnected node: VPB
Cell sky130_fd_sc_hd__a22o_1 (0) disconnected node: VPWR
Cell sky130_fd_sc_hd__a22o_1 (0) disconnected node: X
Warning: Equate pins:  cell sky130_fd_sc_hd__a22o_1 is a placeholder, treated as a black box.

Subcircuit pins:
Circuit 1: sky130_fd_sc_hd__a22o_1         |Circuit 2: sky130_fd_sc_hd__a22o_1         
-------------------------------------------|-------------------------------------------
A1                                         |A1                                         
A2                                         |A2                                         
B1                                         |B1                                         
B2                                         |B2                                         
X                                          |X                                          
VGND                                       |(no matching pin)                          
VNB                                        |(no matching pin)                          
VPB                                        |(no matching pin)                          
VPWR                                       |(no matching pin)                          
---------------------------------------------------------------------------------------
Cell pin lists are equivalent.
Device classes sky130_fd_sc_hd__a22o_1 and sky130_fd_sc_hd__a22o_1 are equivalent.

Cell sky130_fd_sc_hd__a221o_1 (0) disconnected node: A1
Cell sky130_fd_sc_hd__a221o_1 (0) disconnected node: A2
Cell sky130_fd_sc_hd__a221o_1 (0) disconnected node: B1
Cell sky130_fd_sc_hd__a221o_1 (0) disconnected node: B2
Cell sky130_fd_sc_hd__a221o_1 (0) disconnected node: C1
Cell sky130_fd_sc_hd__a221o_1 (0) disconnected node: VGND
Cell sky130_fd_sc_hd__a221o_1 (0) disconnected node: VNB
Cell sky130_fd_sc_hd__a221o_1 (0) disconnected node: VPB
Cell sky130_fd_sc_hd__a221o_1 (0) disconnected node: VPWR
Cell sky130_fd_sc_hd__a221o_1 (0) disconnected node: X
Warning: Equate pins:  cell sky130_fd_sc_hd__a221o_1 is a placeholder, treated as a black box.

Subcircuit pins:
Circuit 1: sky130_fd_sc_hd__a221o_1        |Circuit 2: sky130_fd_sc_hd__a221o_1        
-------------------------------------------|-------------------------------------------
A1                                         |A1                                         
A2                                         |A2                                         
B1                                         |B1                                         
B2                                         |B2                                         
C1                                         |C1                                         
X                                          |X                                          
VGND                                       |(no matching pin)                          
VNB                                        |(no matching pin)                          
VPB                                        |(no matching pin)                          
VPWR                                       |(no matching pin)                          
---------------------------------------------------------------------------------------
Cell pin lists are equivalent.
Device classes sky130_fd_sc_hd__a221o_1 and sky130_fd_sc_hd__a221o_1 are equivalent.

Cell sky130_fd_sc_hd__o22a_1 (0) disconnected node: A1
Cell sky130_fd_sc_hd__o22a_1 (0) disconnected node: A2
Cell sky130_fd_sc_hd__o22a_1 (0) disconnected node: B1
Cell sky130_fd_sc_hd__o22a_1 (0) disconnected node: B2
Cell sky130_fd_sc_hd__o22a_1 (0) disconnected node: VGND
Cell sky130_fd_sc_hd__o22a_1 (0) disconnected node: VNB
Cell sky130_fd_sc_hd__o22a_1 (0) disconnected node: VPB
Cell sky130_fd_sc_hd__o22a_1 (0) disconnected node: VPWR
Cell sky130_fd_sc_hd__o22a_1 (0) disconnected node: X
Warning: Equate pins:  cell sky130_fd_sc_hd__o22a_1 is a placeholder, treated as a black box.

Subcircuit pins:
Circuit 1: sky130_fd_sc_hd__o22a_1         |Circuit 2: sky130_fd_sc_hd__o22a_1         
-------------------------------------------|-------------------------------------------
A1                                         |A1                                         
A2                                         |A2                                         
B1                                         |B1                                         
B2                                         |B2                                         
X                                          |X                                          
VGND                                       |(no matching pin)                          
VNB                                        |(no matching pin)                          
VPB                                        |(no matching pin)                          
VPWR                                       |(no matching pin)                          
---------------------------------------------------------------------------------------
Cell pin lists are equivalent.
Device classes sky130_fd_sc_hd__o22a_1 and sky130_fd_sc_hd__o22a_1 are equivalent.

Cell sky130_fd_sc_hd__o31ai_1 (0) disconnected node: A1
Cell sky130_fd_sc_hd__o31ai_1 (0) disconnected node: A2
Cell sky130_fd_sc_hd__o31ai_1 (0) disconnected node: A3
Cell sky130_fd_sc_hd__o31ai_1 (0) disconnected node: B1
Cell sky130_fd_sc_hd__o31ai_1 (0) disconnected node: VGND
Cell sky130_fd_sc_hd__o31ai_1 (0) disconnected node: VNB
Cell sky130_fd_sc_hd__o31ai_1 (0) disconnected node: VPB
Cell sky130_fd_sc_hd__o31ai_1 (0) disconnected node: VPWR
Cell sky130_fd_sc_hd__o31ai_1 (0) disconnected node: Y
Warning: Equate pins:  cell sky130_fd_sc_hd__o31ai_1 is a placeholder, treated as a black box.

Subcircuit pins:
Circuit 1: sky130_fd_sc_hd__o31ai_1        |Circuit 2: sky130_fd_sc_hd__o31ai_1        
-------------------------------------------|-------------------------------------------
A1                                         |A1                                         
A2                                         |A2                                         
A3                                         |A3                                         
B1                                         |B1                                         
Y                                          |Y                                          
VGND                                       |(no matching pin)                          
VNB                                        |(no matching pin)                          
VPB                                        |(no matching pin)                          
VPWR                                       |(no matching pin)                          
---------------------------------------------------------------------------------------
Cell pin lists are equivalent.
Device classes sky130_fd_sc_hd__o31ai_1 and sky130_fd_sc_hd__o31ai_1 are equivalent.

Cell sky130_fd_sc_hd__a31o_1 (0) disconnected node: A1
Cell sky130_fd_sc_hd__a31o_1 (0) disconnected node: A2
Cell sky130_fd_sc_hd__a31o_1 (0) disconnected node: A3
Cell sky130_fd_sc_hd__a31o_1 (0) disconnected node: B1
Cell sky130_fd_sc_hd__a31o_1 (0) disconnected node: VGND
Cell sky130_fd_sc_hd__a31o_1 (0) disconnected node: VNB
Cell sky130_fd_sc_hd__a31o_1 (0) disconnected node: VPB
Cell sky130_fd_sc_hd__a31o_1 (0) disconnected node: VPWR
Cell sky130_fd_sc_hd__a31o_1 (0) disconnected node: X
Warning: Equate pins:  cell sky130_fd_sc_hd__a31o_1 is a placeholder, treated as a black box.

Subcircuit pins:
Circuit 1: sky130_fd_sc_hd__a31o_1         |Circuit 2: sky130_fd_sc_hd__a31o_1         
-------------------------------------------|-------------------------------------------
A1                                         |A1                                         
A2                                         |A2                                         
A3                                         |A3                                         
B1                                         |B1                                         
X                                          |X                                          
VGND                                       |(no matching pin)                          
VNB                                        |(no matching pin)                          
VPB                                        |(no matching pin)                          
VPWR                                       |(no matching pin)                          
---------------------------------------------------------------------------------------
Cell pin lists are equivalent.
Device classes sky130_fd_sc_hd__a31o_1 and sky130_fd_sc_hd__a31o_1 are equivalent.

Cell sky130_fd_sc_hd__a21o_2 (0) disconnected node: A1
Cell sky130_fd_sc_hd__a21o_2 (0) disconnected node: A2
Cell sky130_fd_sc_hd__a21o_2 (0) disconnected node: B1
Cell sky130_fd_sc_hd__a21o_2 (0) disconnected node: VGND
Cell sky130_fd_sc_hd__a21o_2 (0) disconnected node: VNB
Cell sky130_fd_sc_hd__a21o_2 (0) disconnected node: VPB
Cell sky130_fd_sc_hd__a21o_2 (0) disconnected node: VPWR
Cell sky130_fd_sc_hd__a21o_2 (0) disconnected node: X
Warning: Equate pins:  cell sky130_fd_sc_hd__a21o_2 is a placeholder, treated as a black box.

Subcircuit pins:
Circuit 1: sky130_fd_sc_hd__a21o_2         |Circuit 2: sky130_fd_sc_hd__a21o_2         
-------------------------------------------|-------------------------------------------
A1                                         |A1                                         
A2                                         |A2                                         
B1                                         |B1                                         
X                                          |X                                          
VGND                                       |(no matching pin)                          
VNB                                        |(no matching pin)                          
VPB                                        |(no matching pin)                          
VPWR                                       |(no matching pin)                          
---------------------------------------------------------------------------------------
Cell pin lists are equivalent.
Device classes sky130_fd_sc_hd__a21o_2 and sky130_fd_sc_hd__a21o_2 are equivalent.

Cell sky130_fd_sc_hd__a2111o_1 (0) disconnected node: A1
Cell sky130_fd_sc_hd__a2111o_1 (0) disconnected node: A2
Cell sky130_fd_sc_hd__a2111o_1 (0) disconnected node: B1
Cell sky130_fd_sc_hd__a2111o_1 (0) disconnected node: C1
Cell sky130_fd_sc_hd__a2111o_1 (0) disconnected node: D1
Cell sky130_fd_sc_hd__a2111o_1 (0) disconnected node: VGND
Cell sky130_fd_sc_hd__a2111o_1 (0) disconnected node: VNB
Cell sky130_fd_sc_hd__a2111o_1 (0) disconnected node: VPB
Cell sky130_fd_sc_hd__a2111o_1 (0) disconnected node: VPWR
Cell sky130_fd_sc_hd__a2111o_1 (0) disconnected node: X
Warning: Equate pins:  cell sky130_fd_sc_hd__a2111o_1 is a placeholder, treated as a black box.

Subcircuit pins:
Circuit 1: sky130_fd_sc_hd__a2111o_1       |Circuit 2: sky130_fd_sc_hd__a2111o_1       
-------------------------------------------|-------------------------------------------
A1                                         |A1                                         
A2                                         |A2                                         
B1                                         |B1                                         
C1                                         |C1                                         
D1                                         |D1                                         
X                                          |X                                          
VGND                                       |(no matching pin)                          
VNB                                        |(no matching pin)                          
VPB                                        |(no matching pin)                          
VPWR                                       |(no matching pin)                          
---------------------------------------------------------------------------------------
Cell pin lists are equivalent.
Device classes sky130_fd_sc_hd__a2111o_1 and sky130_fd_sc_hd__a2111o_1 are equivalent.

Cell sky130_fd_sc_hd__nor2b_2 (0) disconnected node: A
Cell sky130_fd_sc_hd__nor2b_2 (0) disconnected node: B_N
Cell sky130_fd_sc_hd__nor2b_2 (0) disconnected node: VGND
Cell sky130_fd_sc_hd__nor2b_2 (0) disconnected node: VNB
Cell sky130_fd_sc_hd__nor2b_2 (0) disconnected node: VPB
Cell sky130_fd_sc_hd__nor2b_2 (0) disconnected node: VPWR
Cell sky130_fd_sc_hd__nor2b_2 (0) disconnected node: Y
Warning: Equate pins:  cell sky130_fd_sc_hd__nor2b_2 is a placeholder, treated as a black box.

Subcircuit pins:
Circuit 1: sky130_fd_sc_hd__nor2b_2        |Circuit 2: sky130_fd_sc_hd__nor2b_2        
-------------------------------------------|-------------------------------------------
A                                          |A                                          
B_N                                        |B_N                                        
Y                                          |Y                                          
VGND                                       |(no matching pin)                          
VNB                                        |(no matching pin)                          
VPB                                        |(no matching pin)                          
VPWR                                       |(no matching pin)                          
---------------------------------------------------------------------------------------
Cell pin lists are equivalent.
Device classes sky130_fd_sc_hd__nor2b_2 and sky130_fd_sc_hd__nor2b_2 are equivalent.

Cell sky130_fd_sc_hd__o2bb2ai_1 (0) disconnected node: A1_N
Cell sky130_fd_sc_hd__o2bb2ai_1 (0) disconnected node: A2_N
Cell sky130_fd_sc_hd__o2bb2ai_1 (0) disconnected node: B1
Cell sky130_fd_sc_hd__o2bb2ai_1 (0) disconnected node: B2
Cell sky130_fd_sc_hd__o2bb2ai_1 (0) disconnected node: VGND
Cell sky130_fd_sc_hd__o2bb2ai_1 (0) disconnected node: VNB
Cell sky130_fd_sc_hd__o2bb2ai_1 (0) disconnected node: VPB
Cell sky130_fd_sc_hd__o2bb2ai_1 (0) disconnected node: VPWR
Cell sky130_fd_sc_hd__o2bb2ai_1 (0) disconnected node: Y
Warning: Equate pins:  cell sky130_fd_sc_hd__o2bb2ai_1 is a placeholder, treated as a black box.

Subcircuit pins:
Circuit 1: sky130_fd_sc_hd__o2bb2ai_1      |Circuit 2: sky130_fd_sc_hd__o2bb2ai_1      
-------------------------------------------|-------------------------------------------
A1_N                                       |A1_N                                       
A2_N                                       |A2_N                                       
B1                                         |B1                                         
B2                                         |B2                                         
Y                                          |Y                                          
VGND                                       |(no matching pin)                          
VNB                                        |(no matching pin)                          
VPB                                        |(no matching pin)                          
VPWR                                       |(no matching pin)                          
---------------------------------------------------------------------------------------
Cell pin lists are equivalent.
Device classes sky130_fd_sc_hd__o2bb2ai_1 and sky130_fd_sc_hd__o2bb2ai_1 are equivalent.

Cell sky130_fd_sc_hd__nand3_2 (0) disconnected node: A
Cell sky130_fd_sc_hd__nand3_2 (0) disconnected node: B
Cell sky130_fd_sc_hd__nand3_2 (0) disconnected node: C
Cell sky130_fd_sc_hd__nand3_2 (0) disconnected node: VGND
Cell sky130_fd_sc_hd__nand3_2 (0) disconnected node: VNB
Cell sky130_fd_sc_hd__nand3_2 (0) disconnected node: VPB
Cell sky130_fd_sc_hd__nand3_2 (0) disconnected node: VPWR
Cell sky130_fd_sc_hd__nand3_2 (0) disconnected node: Y
Warning: Equate pins:  cell sky130_fd_sc_hd__nand3_2 is a placeholder, treated as a black box.

Subcircuit pins:
Circuit 1: sky130_fd_sc_hd__nand3_2        |Circuit 2: sky130_fd_sc_hd__nand3_2        
-------------------------------------------|-------------------------------------------
A                                          |A                                          
B                                          |B                                          
C                                          |C                                          
Y                                          |Y                                          
VGND                                       |(no matching pin)                          
VNB                                        |(no matching pin)                          
VPB                                        |(no matching pin)                          
VPWR                                       |(no matching pin)                          
---------------------------------------------------------------------------------------
Cell pin lists are equivalent.
Device classes sky130_fd_sc_hd__nand3_2 and sky130_fd_sc_hd__nand3_2 are equivalent.

Cell sky130_fd_sc_hd__dfxtp_2 (0) disconnected node: CLK
Cell sky130_fd_sc_hd__dfxtp_2 (0) disconnected node: D
Cell sky130_fd_sc_hd__dfxtp_2 (0) disconnected node: VGND
Cell sky130_fd_sc_hd__dfxtp_2 (0) disconnected node: VNB
Cell sky130_fd_sc_hd__dfxtp_2 (0) disconnected node: VPB
Cell sky130_fd_sc_hd__dfxtp_2 (0) disconnected node: VPWR
Cell sky130_fd_sc_hd__dfxtp_2 (0) disconnected node: Q
Warning: Equate pins:  cell sky130_fd_sc_hd__dfxtp_2 is a placeholder, treated as a black box.

Subcircuit pins:
Circuit 1: sky130_fd_sc_hd__dfxtp_2        |Circuit 2: sky130_fd_sc_hd__dfxtp_2        
-------------------------------------------|-------------------------------------------
CLK                                        |CLK                                        
D                                          |D                                          
Q                                          |Q                                          
VGND                                       |(no matching pin)                          
VNB                                        |(no matching pin)                          
VPB                                        |(no matching pin)                          
VPWR                                       |(no matching pin)                          
---------------------------------------------------------------------------------------
Cell pin lists are equivalent.
Device classes sky130_fd_sc_hd__dfxtp_2 and sky130_fd_sc_hd__dfxtp_2 are equivalent.

Cell sky130_fd_sc_hd__and3_2 (0) disconnected node: A
Cell sky130_fd_sc_hd__and3_2 (0) disconnected node: B
Cell sky130_fd_sc_hd__and3_2 (0) disconnected node: C
Cell sky130_fd_sc_hd__and3_2 (0) disconnected node: VGND
Cell sky130_fd_sc_hd__and3_2 (0) disconnected node: VNB
Cell sky130_fd_sc_hd__and3_2 (0) disconnected node: VPB
Cell sky130_fd_sc_hd__and3_2 (0) disconnected node: VPWR
Cell sky130_fd_sc_hd__and3_2 (0) disconnected node: X
Warning: Equate pins:  cell sky130_fd_sc_hd__and3_2 is a placeholder, treated as a black box.

Subcircuit pins:
Circuit 1: sky130_fd_sc_hd__and3_2         |Circuit 2: sky130_fd_sc_hd__and3_2         
-------------------------------------------|-------------------------------------------
A                                          |A                                          
B                                          |B                                          
C                                          |C                                          
X                                          |X                                          
VGND                                       |(no matching pin)                          
VNB                                        |(no matching pin)                          
VPB                                        |(no matching pin)                          
VPWR                                       |(no matching pin)                          
---------------------------------------------------------------------------------------
Cell pin lists are equivalent.
Device classes sky130_fd_sc_hd__and3_2 and sky130_fd_sc_hd__and3_2 are equivalent.

Cell sky130_fd_sc_hd__o31a_1 (0) disconnected node: A1
Cell sky130_fd_sc_hd__o31a_1 (0) disconnected node: A2
Cell sky130_fd_sc_hd__o31a_1 (0) disconnected node: A3
Cell sky130_fd_sc_hd__o31a_1 (0) disconnected node: B1
Cell sky130_fd_sc_hd__o31a_1 (0) disconnected node: VGND
Cell sky130_fd_sc_hd__o31a_1 (0) disconnected node: VNB
Cell sky130_fd_sc_hd__o31a_1 (0) disconnected node: VPB
Cell sky130_fd_sc_hd__o31a_1 (0) disconnected node: VPWR
Cell sky130_fd_sc_hd__o31a_1 (0) disconnected node: X
Warning: Equate pins:  cell sky130_fd_sc_hd__o31a_1 is a placeholder, treated as a black box.

Subcircuit pins:
Circuit 1: sky130_fd_sc_hd__o31a_1         |Circuit 2: sky130_fd_sc_hd__o31a_1         
-------------------------------------------|-------------------------------------------
A1                                         |A1                                         
A2                                         |A2                                         
A3                                         |A3                                         
B1                                         |B1                                         
X                                          |X                                          
VGND                                       |(no matching pin)                          
VNB                                        |(no matching pin)                          
VPB                                        |(no matching pin)                          
VPWR                                       |(no matching pin)                          
---------------------------------------------------------------------------------------
Cell pin lists are equivalent.
Device classes sky130_fd_sc_hd__o31a_1 and sky130_fd_sc_hd__o31a_1 are equivalent.

Cell sky130_fd_sc_hd__a22oi_2 (0) disconnected node: A1
Cell sky130_fd_sc_hd__a22oi_2 (0) disconnected node: A2
Cell sky130_fd_sc_hd__a22oi_2 (0) disconnected node: B1
Cell sky130_fd_sc_hd__a22oi_2 (0) disconnected node: B2
Cell sky130_fd_sc_hd__a22oi_2 (0) disconnected node: VGND
Cell sky130_fd_sc_hd__a22oi_2 (0) disconnected node: VNB
Cell sky130_fd_sc_hd__a22oi_2 (0) disconnected node: VPB
Cell sky130_fd_sc_hd__a22oi_2 (0) disconnected node: VPWR
Cell sky130_fd_sc_hd__a22oi_2 (0) disconnected node: Y
Warning: Equate pins:  cell sky130_fd_sc_hd__a22oi_2 is a placeholder, treated as a black box.

Subcircuit pins:
Circuit 1: sky130_fd_sc_hd__a22oi_2        |Circuit 2: sky130_fd_sc_hd__a22oi_2        
-------------------------------------------|-------------------------------------------
A1                                         |A1                                         
A2                                         |A2                                         
B1                                         |B1                                         
B2                                         |B2                                         
Y                                          |Y                                          
VGND                                       |(no matching pin)                          
VNB                                        |(no matching pin)                          
VPB                                        |(no matching pin)                          
VPWR                                       |(no matching pin)                          
---------------------------------------------------------------------------------------
Cell pin lists are equivalent.
Device classes sky130_fd_sc_hd__a22oi_2 and sky130_fd_sc_hd__a22oi_2 are equivalent.

Cell sky130_fd_sc_hd__a41oi_1 (0) disconnected node: A1
Cell sky130_fd_sc_hd__a41oi_1 (0) disconnected node: A2
Cell sky130_fd_sc_hd__a41oi_1 (0) disconnected node: A3
Cell sky130_fd_sc_hd__a41oi_1 (0) disconnected node: A4
Cell sky130_fd_sc_hd__a41oi_1 (0) disconnected node: B1
Cell sky130_fd_sc_hd__a41oi_1 (0) disconnected node: VGND
Cell sky130_fd_sc_hd__a41oi_1 (0) disconnected node: VNB
Cell sky130_fd_sc_hd__a41oi_1 (0) disconnected node: VPB
Cell sky130_fd_sc_hd__a41oi_1 (0) disconnected node: VPWR
Cell sky130_fd_sc_hd__a41oi_1 (0) disconnected node: Y
Warning: Equate pins:  cell sky130_fd_sc_hd__a41oi_1 is a placeholder, treated as a black box.

Subcircuit pins:
Circuit 1: sky130_fd_sc_hd__a41oi_1        |Circuit 2: sky130_fd_sc_hd__a41oi_1        
-------------------------------------------|-------------------------------------------
A1                                         |A1                                         
A2                                         |A2                                         
A3                                         |A3                                         
A4                                         |A4                                         
B1                                         |B1                                         
Y                                          |Y                                          
VGND                                       |(no matching pin)                          
VNB                                        |(no matching pin)                          
VPB                                        |(no matching pin)                          
VPWR                                       |(no matching pin)                          
---------------------------------------------------------------------------------------
Cell pin lists are equivalent.
Device classes sky130_fd_sc_hd__a41oi_1 and sky130_fd_sc_hd__a41oi_1 are equivalent.

Cell sky130_fd_sc_hd__a41o_1 (0) disconnected node: A1
Cell sky130_fd_sc_hd__a41o_1 (0) disconnected node: A2
Cell sky130_fd_sc_hd__a41o_1 (0) disconnected node: A3
Cell sky130_fd_sc_hd__a41o_1 (0) disconnected node: A4
Cell sky130_fd_sc_hd__a41o_1 (0) disconnected node: B1
Cell sky130_fd_sc_hd__a41o_1 (0) disconnected node: VGND
Cell sky130_fd_sc_hd__a41o_1 (0) disconnected node: VNB
Cell sky130_fd_sc_hd__a41o_1 (0) disconnected node: VPB
Cell sky130_fd_sc_hd__a41o_1 (0) disconnected node: VPWR
Cell sky130_fd_sc_hd__a41o_1 (0) disconnected node: X
Warning: Equate pins:  cell sky130_fd_sc_hd__a41o_1 is a placeholder, treated as a black box.

Subcircuit pins:
Circuit 1: sky130_fd_sc_hd__a41o_1         |Circuit 2: sky130_fd_sc_hd__a41o_1         
-------------------------------------------|-------------------------------------------
A1                                         |A1                                         
A2                                         |A2                                         
A3                                         |A3                                         
A4                                         |A4                                         
B1                                         |B1                                         
X                                          |X                                          
VGND                                       |(no matching pin)                          
VNB                                        |(no matching pin)                          
VPB                                        |(no matching pin)                          
VPWR                                       |(no matching pin)                          
---------------------------------------------------------------------------------------
Cell pin lists are equivalent.
Device classes sky130_fd_sc_hd__a41o_1 and sky130_fd_sc_hd__a41o_1 are equivalent.

Cell sky130_fd_sc_hd__a32o_1 (0) disconnected node: A1
Cell sky130_fd_sc_hd__a32o_1 (0) disconnected node: A2
Cell sky130_fd_sc_hd__a32o_1 (0) disconnected node: A3
Cell sky130_fd_sc_hd__a32o_1 (0) disconnected node: B1
Cell sky130_fd_sc_hd__a32o_1 (0) disconnected node: B2
Cell sky130_fd_sc_hd__a32o_1 (0) disconnected node: VGND
Cell sky130_fd_sc_hd__a32o_1 (0) disconnected node: VNB
Cell sky130_fd_sc_hd__a32o_1 (0) disconnected node: VPB
Cell sky130_fd_sc_hd__a32o_1 (0) disconnected node: VPWR
Cell sky130_fd_sc_hd__a32o_1 (0) disconnected node: X
Warning: Equate pins:  cell sky130_fd_sc_hd__a32o_1 is a placeholder, treated as a black box.

Subcircuit pins:
Circuit 1: sky130_fd_sc_hd__a32o_1         |Circuit 2: sky130_fd_sc_hd__a32o_1         
-------------------------------------------|-------------------------------------------
A1                                         |A1                                         
A2                                         |A2                                         
A3                                         |A3                                         
B1                                         |B1                                         
B2                                         |B2                                         
X                                          |X                                          
VGND                                       |(no matching pin)                          
VNB                                        |(no matching pin)                          
VPB                                        |(no matching pin)                          
VPWR                                       |(no matching pin)                          
---------------------------------------------------------------------------------------
Cell pin lists are equivalent.
Device classes sky130_fd_sc_hd__a32o_1 and sky130_fd_sc_hd__a32o_1 are equivalent.

Cell sky130_fd_sc_hd__clkbuf_2 (0) disconnected node: A
Cell sky130_fd_sc_hd__clkbuf_2 (0) disconnected node: VGND
Cell sky130_fd_sc_hd__clkbuf_2 (0) disconnected node: VNB
Cell sky130_fd_sc_hd__clkbuf_2 (0) disconnected node: VPB
Cell sky130_fd_sc_hd__clkbuf_2 (0) disconnected node: VPWR
Cell sky130_fd_sc_hd__clkbuf_2 (0) disconnected node: X
Warning: Equate pins:  cell sky130_fd_sc_hd__clkbuf_2 is a placeholder, treated as a black box.

Subcircuit pins:
Circuit 1: sky130_fd_sc_hd__clkbuf_2       |Circuit 2: sky130_fd_sc_hd__clkbuf_2       
-------------------------------------------|-------------------------------------------
A                                          |A                                          
X                                          |X                                          
VGND                                       |(no matching pin)                          
VNB                                        |(no matching pin)                          
VPB                                        |(no matching pin)                          
VPWR                                       |(no matching pin)                          
---------------------------------------------------------------------------------------
Cell pin lists are equivalent.
Device classes sky130_fd_sc_hd__clkbuf_2 and sky130_fd_sc_hd__clkbuf_2 are equivalent.

Cell sky130_fd_sc_hd__nand3b_1 (0) disconnected node: A_N
Cell sky130_fd_sc_hd__nand3b_1 (0) disconnected node: B
Cell sky130_fd_sc_hd__nand3b_1 (0) disconnected node: C
Cell sky130_fd_sc_hd__nand3b_1 (0) disconnected node: VGND
Cell sky130_fd_sc_hd__nand3b_1 (0) disconnected node: VNB
Cell sky130_fd_sc_hd__nand3b_1 (0) disconnected node: VPB
Cell sky130_fd_sc_hd__nand3b_1 (0) disconnected node: VPWR
Cell sky130_fd_sc_hd__nand3b_1 (0) disconnected node: Y
Warning: Equate pins:  cell sky130_fd_sc_hd__nand3b_1 is a placeholder, treated as a black box.

Subcircuit pins:
Circuit 1: sky130_fd_sc_hd__nand3b_1       |Circuit 2: sky130_fd_sc_hd__nand3b_1       
-------------------------------------------|-------------------------------------------
A_N                                        |A_N                                        
B                                          |B                                          
C                                          |C                                          
Y                                          |Y                                          
VGND                                       |(no matching pin)                          
VNB                                        |(no matching pin)                          
VPB                                        |(no matching pin)                          
VPWR                                       |(no matching pin)                          
---------------------------------------------------------------------------------------
Cell pin lists are equivalent.
Device classes sky130_fd_sc_hd__nand3b_1 and sky130_fd_sc_hd__nand3b_1 are equivalent.

Cell sky130_fd_sc_hd__a21oi_2 (0) disconnected node: A1
Cell sky130_fd_sc_hd__a21oi_2 (0) disconnected node: A2
Cell sky130_fd_sc_hd__a21oi_2 (0) disconnected node: B1
Cell sky130_fd_sc_hd__a21oi_2 (0) disconnected node: VGND
Cell sky130_fd_sc_hd__a21oi_2 (0) disconnected node: VNB
Cell sky130_fd_sc_hd__a21oi_2 (0) disconnected node: VPB
Cell sky130_fd_sc_hd__a21oi_2 (0) disconnected node: VPWR
Cell sky130_fd_sc_hd__a21oi_2 (0) disconnected node: Y
Warning: Equate pins:  cell sky130_fd_sc_hd__a21oi_2 is a placeholder, treated as a black box.

Subcircuit pins:
Circuit 1: sky130_fd_sc_hd__a21oi_2        |Circuit 2: sky130_fd_sc_hd__a21oi_2        
-------------------------------------------|-------------------------------------------
A1                                         |A1                                         
A2                                         |A2                                         
B1                                         |B1                                         
Y                                          |Y                                          
VGND                                       |(no matching pin)                          
VNB                                        |(no matching pin)                          
VPB                                        |(no matching pin)                          
VPWR                                       |(no matching pin)                          
---------------------------------------------------------------------------------------
Cell pin lists are equivalent.
Device classes sky130_fd_sc_hd__a21oi_2 and sky130_fd_sc_hd__a21oi_2 are equivalent.

Cell sky130_fd_sc_hd__inv_4 (0) disconnected node: A
Cell sky130_fd_sc_hd__inv_4 (0) disconnected node: VGND
Cell sky130_fd_sc_hd__inv_4 (0) disconnected node: VNB
Cell sky130_fd_sc_hd__inv_4 (0) disconnected node: VPB
Cell sky130_fd_sc_hd__inv_4 (0) disconnected node: VPWR
Cell sky130_fd_sc_hd__inv_4 (0) disconnected node: Y
Warning: Equate pins:  cell sky130_fd_sc_hd__inv_4 is a placeholder, treated as a black box.

Subcircuit pins:
Circuit 1: sky130_fd_sc_hd__inv_4          |Circuit 2: sky130_fd_sc_hd__inv_4          
-------------------------------------------|-------------------------------------------
A                                          |A                                          
Y                                          |Y                                          
VGND                                       |(no matching pin)                          
VNB                                        |(no matching pin)                          
VPB                                        |(no matching pin)                          
VPWR                                       |(no matching pin)                          
---------------------------------------------------------------------------------------
Cell pin lists are equivalent.
Device classes sky130_fd_sc_hd__inv_4 and sky130_fd_sc_hd__inv_4 are equivalent.

Cell sky130_fd_sc_hd__a311o_1 (0) disconnected node: A1
Cell sky130_fd_sc_hd__a311o_1 (0) disconnected node: A2
Cell sky130_fd_sc_hd__a311o_1 (0) disconnected node: A3
Cell sky130_fd_sc_hd__a311o_1 (0) disconnected node: B1
Cell sky130_fd_sc_hd__a311o_1 (0) disconnected node: C1
Cell sky130_fd_sc_hd__a311o_1 (0) disconnected node: VGND
Cell sky130_fd_sc_hd__a311o_1 (0) disconnected node: VNB
Cell sky130_fd_sc_hd__a311o_1 (0) disconnected node: VPB
Cell sky130_fd_sc_hd__a311o_1 (0) disconnected node: VPWR
Cell sky130_fd_sc_hd__a311o_1 (0) disconnected node: X
Warning: Equate pins:  cell sky130_fd_sc_hd__a311o_1 is a placeholder, treated as a black box.

Subcircuit pins:
Circuit 1: sky130_fd_sc_hd__a311o_1        |Circuit 2: sky130_fd_sc_hd__a311o_1        
-------------------------------------------|-------------------------------------------
A1                                         |A1                                         
A2                                         |A2                                         
A3                                         |A3                                         
B1                                         |B1                                         
C1                                         |C1                                         
X                                          |X                                          
VGND                                       |(no matching pin)                          
VNB                                        |(no matching pin)                          
VPB                                        |(no matching pin)                          
VPWR                                       |(no matching pin)                          
---------------------------------------------------------------------------------------
Cell pin lists are equivalent.
Device classes sky130_fd_sc_hd__a311o_1 and sky130_fd_sc_hd__a311o_1 are equivalent.

Cell sky130_fd_sc_hd__nand4b_1 (0) disconnected node: A_N
Cell sky130_fd_sc_hd__nand4b_1 (0) disconnected node: B
Cell sky130_fd_sc_hd__nand4b_1 (0) disconnected node: C
Cell sky130_fd_sc_hd__nand4b_1 (0) disconnected node: D
Cell sky130_fd_sc_hd__nand4b_1 (0) disconnected node: VGND
Cell sky130_fd_sc_hd__nand4b_1 (0) disconnected node: VNB
Cell sky130_fd_sc_hd__nand4b_1 (0) disconnected node: VPB
Cell sky130_fd_sc_hd__nand4b_1 (0) disconnected node: VPWR
Cell sky130_fd_sc_hd__nand4b_1 (0) disconnected node: Y
Warning: Equate pins:  cell sky130_fd_sc_hd__nand4b_1 is a placeholder, treated as a black box.

Subcircuit pins:
Circuit 1: sky130_fd_sc_hd__nand4b_1       |Circuit 2: sky130_fd_sc_hd__nand4b_1       
-------------------------------------------|-------------------------------------------
A_N                                        |A_N                                        
B                                          |B                                          
C                                          |C                                          
D                                          |D                                          
Y                                          |Y                                          
VGND                                       |(no matching pin)                          
VNB                                        |(no matching pin)                          
VPB                                        |(no matching pin)                          
VPWR                                       |(no matching pin)                          
---------------------------------------------------------------------------------------
Cell pin lists are equivalent.
Device classes sky130_fd_sc_hd__nand4b_1 and sky130_fd_sc_hd__nand4b_1 are equivalent.

Cell sky130_fd_sc_hd__o41ai_1 (0) disconnected node: A1
Cell sky130_fd_sc_hd__o41ai_1 (0) disconnected node: A2
Cell sky130_fd_sc_hd__o41ai_1 (0) disconnected node: A3
Cell sky130_fd_sc_hd__o41ai_1 (0) disconnected node: A4
Cell sky130_fd_sc_hd__o41ai_1 (0) disconnected node: B1
Cell sky130_fd_sc_hd__o41ai_1 (0) disconnected node: VGND
Cell sky130_fd_sc_hd__o41ai_1 (0) disconnected node: VNB
Cell sky130_fd_sc_hd__o41ai_1 (0) disconnected node: VPB
Cell sky130_fd_sc_hd__o41ai_1 (0) disconnected node: VPWR
Cell sky130_fd_sc_hd__o41ai_1 (0) disconnected node: Y
Warning: Equate pins:  cell sky130_fd_sc_hd__o41ai_1 is a placeholder, treated as a black box.

Subcircuit pins:
Circuit 1: sky130_fd_sc_hd__o41ai_1        |Circuit 2: sky130_fd_sc_hd__o41ai_1        
-------------------------------------------|-------------------------------------------
A1                                         |A1                                         
A2                                         |A2                                         
A3                                         |A3                                         
A4                                         |A4                                         
B1                                         |B1                                         
Y                                          |Y                                          
VGND                                       |(no matching pin)                          
VNB                                        |(no matching pin)                          
VPB                                        |(no matching pin)                          
VPWR                                       |(no matching pin)                          
---------------------------------------------------------------------------------------
Cell pin lists are equivalent.
Device classes sky130_fd_sc_hd__o41ai_1 and sky130_fd_sc_hd__o41ai_1 are equivalent.

Cell sky130_fd_sc_hd__clkbuf_4 (0) disconnected node: A
Cell sky130_fd_sc_hd__clkbuf_4 (0) disconnected node: VGND
Cell sky130_fd_sc_hd__clkbuf_4 (0) disconnected node: VNB
Cell sky130_fd_sc_hd__clkbuf_4 (0) disconnected node: VPB
Cell sky130_fd_sc_hd__clkbuf_4 (0) disconnected node: VPWR
Cell sky130_fd_sc_hd__clkbuf_4 (0) disconnected node: X
Warning: Equate pins:  cell sky130_fd_sc_hd__clkbuf_4 is a placeholder, treated as a black box.

Subcircuit pins:
Circuit 1: sky130_fd_sc_hd__clkbuf_4       |Circuit 2: sky130_fd_sc_hd__clkbuf_4       
-------------------------------------------|-------------------------------------------
A                                          |A                                          
X                                          |X                                          
VGND                                       |(no matching pin)                          
VNB                                        |(no matching pin)                          
VPB                                        |(no matching pin)                          
VPWR                                       |(no matching pin)                          
---------------------------------------------------------------------------------------
Cell pin lists are equivalent.
Device classes sky130_fd_sc_hd__clkbuf_4 and sky130_fd_sc_hd__clkbuf_4 are equivalent.

Cell sky130_fd_sc_hd__nor3b_2 (0) disconnected node: A
Cell sky130_fd_sc_hd__nor3b_2 (0) disconnected node: B
Cell sky130_fd_sc_hd__nor3b_2 (0) disconnected node: C_N
Cell sky130_fd_sc_hd__nor3b_2 (0) disconnected node: VGND
Cell sky130_fd_sc_hd__nor3b_2 (0) disconnected node: VNB
Cell sky130_fd_sc_hd__nor3b_2 (0) disconnected node: VPB
Cell sky130_fd_sc_hd__nor3b_2 (0) disconnected node: VPWR
Cell sky130_fd_sc_hd__nor3b_2 (0) disconnected node: Y
Warning: Equate pins:  cell sky130_fd_sc_hd__nor3b_2 is a placeholder, treated as a black box.

Subcircuit pins:
Circuit 1: sky130_fd_sc_hd__nor3b_2        |Circuit 2: sky130_fd_sc_hd__nor3b_2        
-------------------------------------------|-------------------------------------------
A                                          |A                                          
B                                          |B                                          
C_N                                        |C_N                                        
Y                                          |Y                                          
VGND                                       |(no matching pin)                          
VNB                                        |(no matching pin)                          
VPB                                        |(no matching pin)                          
VPWR                                       |(no matching pin)                          
---------------------------------------------------------------------------------------
Cell pin lists are equivalent.
Device classes sky130_fd_sc_hd__nor3b_2 and sky130_fd_sc_hd__nor3b_2 are equivalent.

Cell sky130_fd_sc_hd__o2111ai_1 (0) disconnected node: A1
Cell sky130_fd_sc_hd__o2111ai_1 (0) disconnected node: A2
Cell sky130_fd_sc_hd__o2111ai_1 (0) disconnected node: B1
Cell sky130_fd_sc_hd__o2111ai_1 (0) disconnected node: C1
Cell sky130_fd_sc_hd__o2111ai_1 (0) disconnected node: D1
Cell sky130_fd_sc_hd__o2111ai_1 (0) disconnected node: VGND
Cell sky130_fd_sc_hd__o2111ai_1 (0) disconnected node: VNB
Cell sky130_fd_sc_hd__o2111ai_1 (0) disconnected node: VPB
Cell sky130_fd_sc_hd__o2111ai_1 (0) disconnected node: VPWR
Cell sky130_fd_sc_hd__o2111ai_1 (0) disconnected node: Y
Warning: Equate pins:  cell sky130_fd_sc_hd__o2111ai_1 is a placeholder, treated as a black box.

Subcircuit pins:
Circuit 1: sky130_fd_sc_hd__o2111ai_1      |Circuit 2: sky130_fd_sc_hd__o2111ai_1      
-------------------------------------------|-------------------------------------------
A1                                         |A1                                         
A2                                         |A2                                         
B1                                         |B1                                         
C1                                         |C1                                         
D1                                         |D1                                         
Y                                          |Y                                          
VGND                                       |(no matching pin)                          
VNB                                        |(no matching pin)                          
VPB                                        |(no matching pin)                          
VPWR                                       |(no matching pin)                          
---------------------------------------------------------------------------------------
Cell pin lists are equivalent.
Device classes sky130_fd_sc_hd__o2111ai_1 and sky130_fd_sc_hd__o2111ai_1 are equivalent.

Cell sky130_fd_sc_hd__nor4_2 (0) disconnected node: A
Cell sky130_fd_sc_hd__nor4_2 (0) disconnected node: B
Cell sky130_fd_sc_hd__nor4_2 (0) disconnected node: C
Cell sky130_fd_sc_hd__nor4_2 (0) disconnected node: D
Cell sky130_fd_sc_hd__nor4_2 (0) disconnected node: VGND
Cell sky130_fd_sc_hd__nor4_2 (0) disconnected node: VNB
Cell sky130_fd_sc_hd__nor4_2 (0) disconnected node: VPB
Cell sky130_fd_sc_hd__nor4_2 (0) disconnected node: VPWR
Cell sky130_fd_sc_hd__nor4_2 (0) disconnected node: Y
Warning: Equate pins:  cell sky130_fd_sc_hd__nor4_2 is a placeholder, treated as a black box.

Subcircuit pins:
Circuit 1: sky130_fd_sc_hd__nor4_2         |Circuit 2: sky130_fd_sc_hd__nor4_2         
-------------------------------------------|-------------------------------------------
A                                          |A                                          
B                                          |B                                          
C                                          |C                                          
D                                          |D                                          
Y                                          |Y                                          
VGND                                       |(no matching pin)                          
VNB                                        |(no matching pin)                          
VPB                                        |(no matching pin)                          
VPWR                                       |(no matching pin)                          
---------------------------------------------------------------------------------------
Cell pin lists are equivalent.
Device classes sky130_fd_sc_hd__nor4_2 and sky130_fd_sc_hd__nor4_2 are equivalent.

Cell sky130_fd_sc_hd__nor3b_1 (0) disconnected node: A
Cell sky130_fd_sc_hd__nor3b_1 (0) disconnected node: B
Cell sky130_fd_sc_hd__nor3b_1 (0) disconnected node: C_N
Cell sky130_fd_sc_hd__nor3b_1 (0) disconnected node: VGND
Cell sky130_fd_sc_hd__nor3b_1 (0) disconnected node: VNB
Cell sky130_fd_sc_hd__nor3b_1 (0) disconnected node: VPB
Cell sky130_fd_sc_hd__nor3b_1 (0) disconnected node: VPWR
Cell sky130_fd_sc_hd__nor3b_1 (0) disconnected node: Y
Warning: Equate pins:  cell sky130_fd_sc_hd__nor3b_1 is a placeholder, treated as a black box.

Subcircuit pins:
Circuit 1: sky130_fd_sc_hd__nor3b_1        |Circuit 2: sky130_fd_sc_hd__nor3b_1        
-------------------------------------------|-------------------------------------------
A                                          |A                                          
B                                          |B                                          
C_N                                        |C_N                                        
Y                                          |Y                                          
VGND                                       |(no matching pin)                          
VNB                                        |(no matching pin)                          
VPB                                        |(no matching pin)                          
VPWR                                       |(no matching pin)                          
---------------------------------------------------------------------------------------
Cell pin lists are equivalent.
Device classes sky130_fd_sc_hd__nor3b_1 and sky130_fd_sc_hd__nor3b_1 are equivalent.

Cell sky130_fd_sc_hd__o22ai_2 (0) disconnected node: A1
Cell sky130_fd_sc_hd__o22ai_2 (0) disconnected node: A2
Cell sky130_fd_sc_hd__o22ai_2 (0) disconnected node: B1
Cell sky130_fd_sc_hd__o22ai_2 (0) disconnected node: B2
Cell sky130_fd_sc_hd__o22ai_2 (0) disconnected node: VGND
Cell sky130_fd_sc_hd__o22ai_2 (0) disconnected node: VNB
Cell sky130_fd_sc_hd__o22ai_2 (0) disconnected node: VPB
Cell sky130_fd_sc_hd__o22ai_2 (0) disconnected node: VPWR
Cell sky130_fd_sc_hd__o22ai_2 (0) disconnected node: Y
Warning: Equate pins:  cell sky130_fd_sc_hd__o22ai_2 is a placeholder, treated as a black box.

Subcircuit pins:
Circuit 1: sky130_fd_sc_hd__o22ai_2        |Circuit 2: sky130_fd_sc_hd__o22ai_2        
-------------------------------------------|-------------------------------------------
A1                                         |A1                                         
A2                                         |A2                                         
B1                                         |B1                                         
B2                                         |B2                                         
Y                                          |Y                                          
VGND                                       |(no matching pin)                          
VNB                                        |(no matching pin)                          
VPB                                        |(no matching pin)                          
VPWR                                       |(no matching pin)                          
---------------------------------------------------------------------------------------
Cell pin lists are equivalent.
Device classes sky130_fd_sc_hd__o22ai_2 and sky130_fd_sc_hd__o22ai_2 are equivalent.

Cell sky130_fd_sc_hd__and4b_1 (0) disconnected node: A_N
Cell sky130_fd_sc_hd__and4b_1 (0) disconnected node: B
Cell sky130_fd_sc_hd__and4b_1 (0) disconnected node: C
Cell sky130_fd_sc_hd__and4b_1 (0) disconnected node: D
Cell sky130_fd_sc_hd__and4b_1 (0) disconnected node: VGND
Cell sky130_fd_sc_hd__and4b_1 (0) disconnected node: VNB
Cell sky130_fd_sc_hd__and4b_1 (0) disconnected node: VPB
Cell sky130_fd_sc_hd__and4b_1 (0) disconnected node: VPWR
Cell sky130_fd_sc_hd__and4b_1 (0) disconnected node: X
Warning: Equate pins:  cell sky130_fd_sc_hd__and4b_1 is a placeholder, treated as a black box.

Subcircuit pins:
Circuit 1: sky130_fd_sc_hd__and4b_1        |Circuit 2: sky130_fd_sc_hd__and4b_1        
-------------------------------------------|-------------------------------------------
A_N                                        |A_N                                        
B                                          |B                                          
C                                          |C                                          
D                                          |D                                          
X                                          |X                                          
VGND                                       |(no matching pin)                          
VNB                                        |(no matching pin)                          
VPB                                        |(no matching pin)                          
VPWR                                       |(no matching pin)                          
---------------------------------------------------------------------------------------
Cell pin lists are equivalent.
Device classes sky130_fd_sc_hd__and4b_1 and sky130_fd_sc_hd__and4b_1 are equivalent.

Cell sky130_fd_sc_hd__nor2_4 (0) disconnected node: A
Cell sky130_fd_sc_hd__nor2_4 (0) disconnected node: B
Cell sky130_fd_sc_hd__nor2_4 (0) disconnected node: VGND
Cell sky130_fd_sc_hd__nor2_4 (0) disconnected node: VNB
Cell sky130_fd_sc_hd__nor2_4 (0) disconnected node: VPB
Cell sky130_fd_sc_hd__nor2_4 (0) disconnected node: VPWR
Cell sky130_fd_sc_hd__nor2_4 (0) disconnected node: Y
Warning: Equate pins:  cell sky130_fd_sc_hd__nor2_4 is a placeholder, treated as a black box.

Subcircuit pins:
Circuit 1: sky130_fd_sc_hd__nor2_4         |Circuit 2: sky130_fd_sc_hd__nor2_4         
-------------------------------------------|-------------------------------------------
A                                          |A                                          
B                                          |B                                          
Y                                          |Y                                          
VGND                                       |(no matching pin)                          
VNB                                        |(no matching pin)                          
VPB                                        |(no matching pin)                          
VPWR                                       |(no matching pin)                          
---------------------------------------------------------------------------------------
Cell pin lists are equivalent.
Device classes sky130_fd_sc_hd__nor2_4 and sky130_fd_sc_hd__nor2_4 are equivalent.

Cell sky130_fd_sc_hd__o21ba_1 (0) disconnected node: A1
Cell sky130_fd_sc_hd__o21ba_1 (0) disconnected node: A2
Cell sky130_fd_sc_hd__o21ba_1 (0) disconnected node: B1_N
Cell sky130_fd_sc_hd__o21ba_1 (0) disconnected node: VGND
Cell sky130_fd_sc_hd__o21ba_1 (0) disconnected node: VNB
Cell sky130_fd_sc_hd__o21ba_1 (0) disconnected node: VPB
Cell sky130_fd_sc_hd__o21ba_1 (0) disconnected node: VPWR
Cell sky130_fd_sc_hd__o21ba_1 (0) disconnected node: X
Warning: Equate pins:  cell sky130_fd_sc_hd__o21ba_1 is a placeholder, treated as a black box.

Subcircuit pins:
Circuit 1: sky130_fd_sc_hd__o21ba_1        |Circuit 2: sky130_fd_sc_hd__o21ba_1        
-------------------------------------------|-------------------------------------------
A1                                         |A1                                         
A2                                         |A2                                         
B1_N                                       |B1_N                                       
X                                          |X                                          
VGND                                       |(no matching pin)                          
VNB                                        |(no matching pin)                          
VPB                                        |(no matching pin)                          
VPWR                                       |(no matching pin)                          
---------------------------------------------------------------------------------------
Cell pin lists are equivalent.
Device classes sky130_fd_sc_hd__o21ba_1 and sky130_fd_sc_hd__o21ba_1 are equivalent.

Cell chip_top (0) disconnected node: i_clk
Cell chip_top (0) disconnected node: i_gpio
Cell chip_top (1) disconnected node: i_gpio
Class chip_top (0):  Merged 3 parallel devices.
Class chip_top (1):  Merged 3 parallel devices.
Cell chip_top (0) disconnected node: i_clk
Cell chip_top (0) disconnected node: i_gpio
Cell chip_top (1) disconnected node: i_gpio
Subcircuit summary:
Circuit 1: chip_top                        |Circuit 2: chip_top                        
-------------------------------------------|-------------------------------------------
sky130_fd_sc_hd__mux4_2 (520)              |sky130_fd_sc_hd__mux4_2 (520)              
sky130_fd_sc_hd__o21ai_0 (439)             |sky130_fd_sc_hd__o21ai_0 (439)             
sky130_fd_sc_hd__nor2_1 (1506)             |sky130_fd_sc_hd__nor2_1 (1506)             
sky130_fd_sc_hd__nand2_1 (550)             |sky130_fd_sc_hd__nand2_1 (550)             
sky130_fd_sc_hd__a21oi_1 (535)             |sky130_fd_sc_hd__a21oi_1 (535)             
sky130_fd_sc_hd__a31oi_1 (41)              |sky130_fd_sc_hd__a31oi_1 (41)              
sky130_fd_sc_hd__mux2i_1 (135)             |sky130_fd_sc_hd__mux2i_1 (135)             
sky130_fd_sc_hd__edfxtp_1 (1024)           |sky130_fd_sc_hd__edfxtp_1 (1024)           
sky130_fd_sc_hd__o21ai_2 (3)               |sky130_fd_sc_hd__o21ai_2 (3)               
sky130_fd_sc_hd__buf_6 (11)                |sky130_fd_sc_hd__buf_6 (11)                
sky130_fd_sc_hd__xnor2_1 (111)             |sky130_fd_sc_hd__xnor2_1 (111)             
sky130_fd_sc_hd__o211a_1 (6)               |sky130_fd_sc_hd__o211a_1 (6)               
sky130_fd_sc_hd__xor2_1 (53)               |sky130_fd_sc_hd__xor2_1 (53)               
sky130_fd_sc_hd__nor2b_1 (8)               |sky130_fd_sc_hd__nor2b_1 (8)               
sky130_fd_sc_hd__conb_1 (33)               |sky130_fd_sc_hd__conb_1 (33)               
sky130_fd_sc_hd__nor2_2 (27)               |sky130_fd_sc_hd__nor2_2 (27)               
sky130_fd_sc_hd__nor3_1 (84)               |sky130_fd_sc_hd__nor3_1 (84)               
sky130_fd_sc_hd__o211ai_1 (60)             |sky130_fd_sc_hd__o211ai_1 (60)             
sky130_fd_sc_hd__clkinv_1 (85)             |sky130_fd_sc_hd__clkinv_1 (85)             
sky130_fd_sc_hd__and2_0 (49)               |sky130_fd_sc_hd__and2_0 (49)               
sky130_fd_sc_hd__nand3_1 (95)              |sky130_fd_sc_hd__nand3_1 (95)              
sky130_fd_sc_hd__dfxtp_1 (269)             |sky130_fd_sc_hd__dfxtp_1 (269)             
sky130_fd_sc_hd__a211oi_1 (111)            |sky130_fd_sc_hd__a211oi_1 (111)            
sky130_fd_sc_hd__lpflow_isobufsrc_1 (59)   |sky130_fd_sc_hd__lpflow_isobufsrc_1 (59)   
sky130_fd_sc_hd__nor4_1 (23)               |sky130_fd_sc_hd__nor4_1 (23)               
sky130_fd_sc_hd__dfxtp_4 (8)               |sky130_fd_sc_hd__dfxtp_4 (8)               
sky130_fd_sc_hd__buf_12 (85)               |sky130_fd_sc_hd__buf_12 (85)               
sky130_fd_sc_hd__o221ai_1 (95)             |sky130_fd_sc_hd__o221ai_1 (95)             
sky130_fd_sc_hd__nand2_2 (49)              |sky130_fd_sc_hd__nand2_2 (49)              
sky130_fd_sc_hd__a21oi_4 (18)              |sky130_fd_sc_hd__a21oi_4 (18)              
sky130_fd_sc_hd__o32ai_1 (2)               |sky130_fd_sc_hd__o32ai_1 (2)               
sky130_fd_sc_hd__a32oi_1 (4)               |sky130_fd_sc_hd__a32oi_1 (4)               
sky130_fd_sc_hd__diode_2 (6->3)            |sky130_fd_sc_hd__diode_2 (6->3)            
sky130_fd_sc_hd__lpflow_inputiso1p_1 (44)  |sky130_fd_sc_hd__lpflow_inputiso1p_1 (44)  
sky130_fd_sc_hd__o221a_1 (5)               |sky130_fd_sc_hd__o221a_1 (5)               
sky130_fd_sc_hd__nand2b_1 (44)             |sky130_fd_sc_hd__nand2b_1 (44)             
sky130_fd_sc_hd__o21a_1 (12)               |sky130_fd_sc_hd__o21a_1 (12)               
sky130_fd_sc_hd__o311a_1 (5)               |sky130_fd_sc_hd__o311a_1 (5)               
sky130_fd_sc_hd__and3_1 (28)               |sky130_fd_sc_hd__and3_1 (28)               
sky130_fd_sc_hd__and3b_1 (2)               |sky130_fd_sc_hd__and3b_1 (2)               
sky130_fd_sc_hd__a21o_1 (19)               |sky130_fd_sc_hd__a21o_1 (19)               
sky130_fd_sc_hd__a221oi_1 (24)             |sky130_fd_sc_hd__a221oi_1 (24)             
sky130_fd_sc_hd__nand2b_2 (31)             |sky130_fd_sc_hd__nand2b_2 (31)             
sky130_fd_sc_hd__a222oi_1 (8)              |sky130_fd_sc_hd__a222oi_1 (8)              
sky130_fd_sc_hd__nand4_1 (17)              |sky130_fd_sc_hd__nand4_1 (17)              
sky130_fd_sc_hd__o311ai_0 (13)             |sky130_fd_sc_hd__o311ai_0 (13)             
sky130_fd_sc_hd__mux2_1 (17)               |sky130_fd_sc_hd__mux2_1 (17)               
sky130_fd_sc_hd__a311oi_1 (20)             |sky130_fd_sc_hd__a311oi_1 (20)             
sky130_fd_sc_hd__o22ai_1 (26)              |sky130_fd_sc_hd__o22ai_1 (26)              
sky130_fd_sc_hd__a21boi_0 (9)              |sky130_fd_sc_hd__a21boi_0 (9)              
sky130_fd_sc_hd__o21bai_1 (4)              |sky130_fd_sc_hd__o21bai_1 (4)              
sky130_fd_sc_hd__or3_1 (31)                |sky130_fd_sc_hd__or3_1 (31)                
sky130_fd_sc_hd__nor3_2 (8)                |sky130_fd_sc_hd__nor3_2 (8)                
sky130_fd_sc_hd__buf_4 (2)                 |sky130_fd_sc_hd__buf_4 (2)                 
sky130_fd_sc_hd__buf_8 (15)                |sky130_fd_sc_hd__buf_8 (15)                
sky130_fd_sc_hd__maj3_1 (22)               |sky130_fd_sc_hd__maj3_1 (22)               
sky130_fd_sc_hd__a211o_1 (11)              |sky130_fd_sc_hd__a211o_1 (11)              
sky130_fd_sc_hd__a2bb2oi_1 (1)             |sky130_fd_sc_hd__a2bb2oi_1 (1)             
sky130_fd_sc_hd__a22oi_1 (13)              |sky130_fd_sc_hd__a22oi_1 (13)              
sky130_fd_sc_hd__a2111oi_0 (14)            |sky130_fd_sc_hd__a2111oi_0 (14)            
sky130_fd_sc_hd__and2_1 (1)                |sky130_fd_sc_hd__and2_1 (1)                
sky130_fd_sc_hd__a21bo_1 (2)               |sky130_fd_sc_hd__a21bo_1 (2)               
sky130_fd_sc_hd__clkbuf_16 (2)             |sky130_fd_sc_hd__clkbuf_16 (2)             
sky130_fd_sc_hd__a2bb2oi_4 (2)             |sky130_fd_sc_hd__a2bb2oi_4 (2)             
sky130_fd_sc_hd__a22o_1 (25)               |sky130_fd_sc_hd__a22o_1 (25)               
sky130_fd_sc_hd__a221o_1 (6)               |sky130_fd_sc_hd__a221o_1 (6)               
sky130_fd_sc_hd__o22a_1 (3)                |sky130_fd_sc_hd__o22a_1 (3)                
sky130_fd_sc_hd__o31ai_1 (14)              |sky130_fd_sc_hd__o31ai_1 (14)              
sky130_fd_sc_hd__a31o_1 (4)                |sky130_fd_sc_hd__a31o_1 (4)                
sky130_fd_sc_hd__a21o_2 (1)                |sky130_fd_sc_hd__a21o_2 (1)                
sky130_fd_sc_hd__a2111o_1 (1)              |sky130_fd_sc_hd__a2111o_1 (1)              
sky130_fd_sc_hd__nor2b_2 (1)               |sky130_fd_sc_hd__nor2b_2 (1)               
sky130_fd_sc_hd__o2bb2ai_1 (4)             |sky130_fd_sc_hd__o2bb2ai_1 (4)             
sky130_fd_sc_hd__nand3_2 (2)               |sky130_fd_sc_hd__nand3_2 (2)               
sky130_fd_sc_hd__dfxtp_2 (3)               |sky130_fd_sc_hd__dfxtp_2 (3)               
sky130_fd_sc_hd__and3_2 (1)                |sky130_fd_sc_hd__and3_2 (1)                
sky130_fd_sc_hd__o31a_1 (4)                |sky130_fd_sc_hd__o31a_1 (4)                
sky130_fd_sc_hd__a22oi_2 (1)               |sky130_fd_sc_hd__a22oi_2 (1)               
sky130_fd_sc_hd__a41oi_1 (2)               |sky130_fd_sc_hd__a41oi_1 (2)               
sky130_fd_sc_hd__a41o_1 (1)                |sky130_fd_sc_hd__a41o_1 (1)                
sky130_fd_sc_hd__a32o_1 (1)                |sky130_fd_sc_hd__a32o_1 (1)                
sky130_fd_sc_hd__clkbuf_2 (1)              |sky130_fd_sc_hd__clkbuf_2 (1)              
sky130_fd_sc_hd__nand3b_1 (5)              |sky130_fd_sc_hd__nand3b_1 (5)              
sky130_fd_sc_hd__a21oi_2 (15)              |sky130_fd_sc_hd__a21oi_2 (15)              
sky130_fd_sc_hd__inv_4 (2)                 |sky130_fd_sc_hd__inv_4 (2)                 
sky130_fd_sc_hd__a311o_1 (2)               |sky130_fd_sc_hd__a311o_1 (2)               
sky130_fd_sc_hd__nand4b_1 (2)              |sky130_fd_sc_hd__nand4b_1 (2)              
sky130_fd_sc_hd__o41ai_1 (6)               |sky130_fd_sc_hd__o41ai_1 (6)               
sky130_fd_sc_hd__clkbuf_4 (2)              |sky130_fd_sc_hd__clkbuf_4 (2)              
sky130_fd_sc_hd__nor3b_2 (1)               |sky130_fd_sc_hd__nor3b_2 (1)               
sky130_fd_sc_hd__o2111ai_1 (3)             |sky130_fd_sc_hd__o2111ai_1 (3)             
sky130_fd_sc_hd__nor4_2 (1)                |sky130_fd_sc_hd__nor4_2 (1)                
sky130_fd_sc_hd__nor3b_1 (1)               |sky130_fd_sc_hd__nor3b_1 (1)               
sky130_fd_sc_hd__o22ai_2 (1)               |sky130_fd_sc_hd__o22ai_2 (1)               
sky130_fd_sc_hd__and4b_1 (1)               |sky130_fd_sc_hd__and4b_1 (1)               
sky130_fd_sc_hd__nor2_4 (2)                |sky130_fd_sc_hd__nor2_4 (2)                
sky130_fd_sc_hd__o21ba_1 (1)               |sky130_fd_sc_hd__o21ba_1 (1)               
Number of devices: 6673                    |Number of devices: 6673                    
Number of nets: 6819                       |Number of nets: 6819                       
---------------------------------------------------------------------------------------
Resolving symmetries by property value.
Resolving symmetries by pin name.
Resolving symmetries by net name.
Netlists match with 13 symmetries.

Subcircuit pins:
Circuit 1: chip_top                        |Circuit 2: chip_top                        
-------------------------------------------|-------------------------------------------
i_sram_rdata[5]                            |i_sram_rdata[5]                            
i_sram_rdata[1]                            |i_sram_rdata[1]                            
i_sram_rdata[2]                            |i_sram_rdata[2]                            
i_sram_rdata[3]                            |i_sram_rdata[3]                            
i_sram_rdata[4]                            |i_sram_rdata[4]                            
i_sram_rdata[0]                            |i_sram_rdata[0]                            
i_sram_rdata[6]                            |i_sram_rdata[6]                            
i_sram_rdata[7]                            |i_sram_rdata[7]                            
i_sram_data[5]                             |i_sram_data[5]                             
i_sram_data[1]                             |i_sram_data[1]                             
i_sram_data[2]                             |i_sram_data[2]                             
i_sram_data[3]                             |i_sram_data[3]                             
i_sram_data[4]                             |i_sram_data[4]                             
i_sram_data[0]                             |i_sram_data[0]                             
i_sram_data[6]                             |i_sram_data[6]                             
i_sram_data[7]                             |i_sram_data[7]                             
i_rst                                      |i_rst                                      
o_gpio                                     |o_gpio                                     
o_sram_we                                  |o_sram_we                                  
o_sram_cyc                                 |o_sram_cyc                                 
o_sram_data[2]                             |o_sram_data[2]                             
o_sram_addr[0]                             |o_sram_addr[0]                             
o_sram_addr[1]                             |o_sram_addr[1]                             
o_sram_addr[5]                             |o_sram_addr[5]                             
o_sram_addr[6]                             |o_sram_addr[6]                             
o_sram_addr[3]                             |o_sram_addr[3]                             
o_sram_addr[7]                             |o_sram_addr[7]                             
o_sram_addr[8]                             |o_sram_addr[8]                             
o_sram_addr[9]                             |o_sram_addr[9]                             
o_sram_data[4]                             |o_sram_data[4]                             
o_sram_data[0]                             |o_sram_data[0]                             
o_sram_data[6]                             |o_sram_data[6]                             
o_sram_data[1]                             |o_sram_data[1]                             
o_sram_data[7]                             |o_sram_data[7]                             
o_sram_data[5]                             |o_sram_data[5]                             
o_sram_data[3]                             |o_sram_data[3]                             
o_sram_addr[2]                             |o_sram_addr[2]                             
o_sram_addr[4]                             |o_sram_addr[4]                             
i_gpio                                     |i_gpio                                     
(no pin, node is wire117/A)                |i_clk                                      
(no pin, node is o_sram_data[7])           |o_sram_wdata[7]                            
(no pin, node is o_sram_data[6])           |o_sram_wdata[6]                            
(no pin, node is o_sram_data[5])           |o_sram_wdata[5]                            
(no pin, node is o_sram_data[4])           |o_sram_wdata[4]                            
(no pin, node is o_sram_data[3])           |o_sram_wdata[3]                            
(no pin, node is o_sram_data[2])           |o_sram_wdata[2]                            
(no pin, node is o_sram_data[1])           |o_sram_wdata[1]                            
(no pin, node is o_sram_data[0])           |o_sram_wdata[0]                            
i_clk                                      |(no matching pin)                          
---------------------------------------------------------------------------------------
Cell pin lists for chip_top and chip_top altered to match.
Device classes chip_top and chip_top are equivalent.

Final result: Top level cell failed pin matching.
