Node0 Layer,Node0 X location,Node0 Y location,Node1 Layer,Node1 X location,Node1 Y location,Current
met1,12.6500,176.8000,met1,14.9500,176.8000,1.695e-08
met1,14.0300,40.8000,met1,16.1000,40.8000,1.695e-08
met1,14.0300,291.0400,met1,20.7000,291.0400,2.064e-06
met1,14.4900,269.2800,met1,17.2500,269.2800,1.696e-08
met1,14.4900,388.9600,met1,21.1600,388.9600,1.695e-08
met1,14.4900,432.4800,met1,21.1600,432.4800,1.695e-08
met1,14.9500,19.0400,met1,20.4700,19.0400,1.429e-06
met1,14.9500,29.9200,met1,22.7700,29.9200,2.076e-06
met1,14.9500,46.2400,met1,24.1500,46.2400,1.701e-08
met1,14.9500,57.1200,met1,21.8500,57.1200,2.076e-06
met1,14.9500,73.4400,met1,21.1600,73.4400,1.696e-08
met1,14.9500,78.8800,met1,24.1500,78.8800,3.395e-08
met1,14.9500,84.3200,met1,18.4000,84.3200,1.695e-08
met1,14.9500,95.2000,met1,19.3200,95.2000,1.695e-08
met1,14.9500,106.0800,met1,17.0200,106.0800,1.698e-08
met1,14.9500,111.5200,met1,22.7700,111.5200,1.700e-08
met1,14.9500,127.8400,met1,19.0900,127.8400,1.703e-08
met1,14.9500,138.7200,met1,24.1500,138.7200,1.700e-08
met1,14.9500,144.1600,met1,23.4600,144.1600,1.428e-06
met1,14.9500,165.9200,met1,20.0100,165.9200,1.700e-08
met1,14.9500,176.8000,met1,18.4000,176.8000,3.391e-08
met1,14.9500,187.6800,met1,24.1500,187.6800,2.064e-06
met1,14.9500,204.0000,met1,17.0200,204.0000,1.700e-08
met1,14.9500,220.3200,met1,20.9300,220.3200,1.695e-08
met1,14.9500,231.2000,met1,17.0200,231.2000,1.698e-08
met1,14.9500,242.0800,met1,18.4000,242.0800,1.695e-08
met1,14.9500,258.4000,met1,24.1500,258.4000,2.063e-06
met1,14.9500,274.7200,met1,19.0900,274.7200,2.064e-06
met1,14.9500,285.6000,met1,24.1500,285.6000,1.698e-08
met1,14.9500,307.3600,met1,24.1500,307.3600,2.063e-06
met1,14.9500,323.6800,met1,24.1500,323.6800,2.063e-06
met1,14.9500,334.5600,met1,17.0200,334.5600,1.700e-08
met1,14.9500,350.8800,met1,23.4600,350.8800,2.063e-06
met1,14.9500,361.7600,met1,18.4000,361.7600,1.700e-08
met1,14.9500,383.5200,met1,20.9300,383.5200,1.700e-08
met1,14.9500,394.4000,met1,20.0100,394.4000,2.062e-06
met1,14.9500,399.8400,met1,18.4000,399.8400,1.701e-08
met1,14.9500,410.7200,met1,22.7700,410.7200,2.062e-06
met1,14.9500,416.1600,met1,19.5500,416.1600,1.700e-08
met1,14.9500,427.0400,met1,17.9400,427.0400,1.700e-08
met1,14.9500,448.8000,met1,20.0100,448.8000,1.700e-08
met1,14.9500,454.2400,met1,17.9400,454.2400,1.695e-08
met1,15.6400,122.4000,met1,24.1500,122.4000,1.411e-06
met1,15.6400,171.3600,met1,24.1500,171.3600,1.414e-06
met1,15.6400,225.7600,met1,17.7100,225.7600,1.414e-06
met1,15.6400,318.2400,met1,19.5500,318.2400,1.414e-06
met1,15.6400,367.2000,met1,19.0900,367.2000,2.045e-06
met1,16.1000,40.8000,met1,20.7000,40.8000,2.072e-06
met1,16.1000,247.5200,met1,24.1500,247.5200,2.047e-06
met1,16.1000,378.0800,met1,24.1500,378.0800,3.456e-06
met1,16.5600,68.0000,met1,18.4000,68.0000,2.055e-06
met1,16.5600,100.6400,met1,24.1500,100.6400,1.411e-06
met1,16.5600,133.2800,met1,18.8600,133.2800,2.059e-06
met1,16.5600,160.4800,met1,24.1500,160.4800,3.460e-06
met1,16.5600,443.3600,met1,23.6900,443.3600,3.457e-06
met1,16.7900,345.4400,met1,24.1500,345.4400,1.695e-08
met1,16.7900,459.6800,met1,23.2300,459.6800,2.061e-06
met1,17.0200,13.6000,met1,24.1500,13.6000,2.043e-06
met1,17.0200,106.0800,met1,19.5500,106.0800,2.059e-06
met1,17.0200,149.6000,met1,20.0100,149.6000,2.056e-06
met1,17.0200,198.5600,met1,24.1500,198.5600,1.414e-06
met1,17.0200,204.0000,met1,20.0100,204.0000,2.064e-06
met1,17.0200,231.2000,met1,19.5500,231.2000,2.084e-06
met1,17.0200,280.1600,met1,23.0000,280.1600,2.047e-06
met1,17.0200,301.9200,met1,22.7700,301.9200,1.414e-06
met1,17.0200,334.5600,met1,24.1500,334.5600,2.081e-06
met1,17.0200,340.0000,met1,21.8500,340.0000,1.414e-06
met1,17.2500,269.2800,met1,21.1600,269.2800,3.391e-08
met1,17.4800,214.8800,met1,24.1500,214.8800,3.481e-06
met1,17.4800,252.9600,met1,22.7700,252.9600,1.414e-06
met1,17.4800,465.1200,met1,24.1500,465.1200,3.457e-06
met1,17.7100,225.7600,met1,24.1500,225.7600,1.431e-06
met1,17.9400,51.6800,met1,21.6200,51.6800,2.043e-06
met1,17.9400,116.9600,met1,21.1600,116.9600,2.059e-06
met1,17.9400,421.6000,met1,24.1500,421.6000,2.045e-06
met1,17.9400,427.0400,met1,24.1500,427.0400,2.061e-06
met1,17.9400,454.2400,met1,24.1500,454.2400,1.430e-06
met1,18.1700,193.1200,met1,24.1500,193.1200,2.883e-07
met1,18.4000,35.3600,met1,21.8500,35.3600,1.412e-06
met1,18.4000,68.0000,met1,24.1500,68.0000,3.467e-06
met1,18.4000,84.3200,met1,24.1500,84.3200,2.076e-06
met1,18.4000,89.7600,met1,24.1500,89.7600,2.055e-06
met1,18.4000,176.8000,met1,24.1500,176.8000,2.101e-06
met1,18.4000,182.2400,met1,24.1500,182.2400,2.067e-06
met1,18.4000,242.0800,met1,24.1500,242.0800,1.704e-06
met1,18.4000,361.7600,met1,23.2300,361.7600,1.431e-06
met1,18.4000,399.8400,met1,24.1500,399.8400,1.429e-06
met1,18.4000,405.2800,met1,24.1500,405.2800,2.044e-06
met1,18.8600,133.2800,met1,24.1500,133.2800,4.102e-06
met1,19.0900,127.8400,met1,24.1500,127.8400,2.884e-07
met1,19.0900,274.7200,met1,23.2300,274.7200,2.335e-06
met1,19.0900,367.2000,met1,24.1500,367.2000,2.316e-06
met1,19.3200,95.2000,met1,24.1500,95.2000,2.059e-06
met1,19.5500,24.4800,met1,24.1500,24.4800,2.713e-07
met1,19.5500,106.0800,met1,24.1500,106.0800,2.331e-06
met1,19.5500,231.2000,met1,24.1500,231.2000,2.355e-06
met1,19.5500,296.4800,met1,24.1500,296.4800,2.713e-07
met1,19.5500,318.2400,met1,24.1500,318.2400,1.431e-06
met1,19.5500,416.1600,met1,24.1500,416.1600,2.883e-07
met1,20.0100,149.6000,met1,24.1500,149.6000,2.328e-06
met1,20.0100,165.9200,met1,24.1500,165.9200,2.883e-07
met1,20.0100,204.0000,met1,24.1500,204.0000,2.335e-06
met1,20.0100,394.4000,met1,24.1500,394.4000,2.333e-06
met1,20.0100,448.8000,met1,24.1500,448.8000,2.883e-07
met1,20.4700,19.0400,met1,24.1500,19.0400,1.700e-06
met1,20.7000,40.8000,met1,24.1500,40.8000,3.484e-06
met1,20.7000,291.0400,met1,24.1500,291.0400,4.110e-06
met1,20.9300,220.3200,met1,23.0000,220.3200,2.883e-07
met1,20.9300,329.1200,met1,23.9200,329.1200,2.713e-07
met1,20.9300,383.5200,met1,23.4600,383.5200,2.883e-07
met1,21.1600,73.4400,met1,24.1500,73.4400,2.060e-06
met1,21.1600,116.9600,met1,24.1500,116.9600,3.470e-06
met1,21.1600,269.2800,met1,24.1500,269.2800,2.088e-06
met1,21.1600,388.9600,met1,24.1500,388.9600,2.061e-06
met1,21.1600,432.4800,met1,24.1500,432.4800,2.061e-06
met1,21.3900,312.8000,met1,24.1500,312.8000,2.713e-07
met1,21.6200,51.6800,met1,24.1500,51.6800,3.454e-06
met1,21.8500,35.3600,met1,24.1500,35.3600,1.683e-06
met1,21.8500,57.1200,met1,23.6900,57.1200,2.348e-06
met1,21.8500,340.0000,met1,24.1500,340.0000,1.685e-06
met1,21.8500,470.5600,met1,24.1500,470.5600,2.713e-07
met1,22.7700,29.9200,met1,29.9000,29.9200,2.093e-06
met1,22.7700,111.5200,met1,32.2000,111.5200,2.883e-07
met1,22.7700,209.4400,met1,29.9000,209.4400,1.700e-08
met1,22.7700,252.9600,met1,29.9000,252.9600,1.431e-06
met1,22.7700,301.9200,met1,34.2700,301.9200,1.431e-06
met1,22.7700,372.6400,met1,35.6500,372.6400,1.700e-08
met1,22.7700,410.7200,met1,28.0600,410.7200,2.079e-06
met1,23.0000,220.3200,met1,37.9500,220.3200,2.355e-06
met1,23.0000,280.1600,met1,29.6700,280.1600,3.461e-06
met1,23.2300,274.7200,met1,30.1300,274.7200,2.606e-06
met1,23.2300,361.7600,met1,29.9000,361.7600,1.448e-06
met1,23.2300,459.6800,met1,29.9000,459.6800,2.333e-06
met1,23.4600,144.1600,met1,34.7300,144.1600,2.840e-06
met1,23.4600,350.8800,met1,26.4500,350.8800,4.115e-06
met1,23.4600,383.5200,met1,36.5700,383.5200,1.701e-06
met1,23.6900,57.1200,met1,28.2900,57.1200,2.619e-06
met1,23.6900,443.3600,met1,30.3600,443.3600,3.474e-06
met1,23.9200,329.1200,met1,30.5900,329.1200,2.325e-06
met1,24.1500,13.6000,met1,28.0600,13.6000,2.043e-06
met1,24.1500,19.0400,met1,32.2000,19.0400,1.717e-06
met1,24.1500,24.4800,met1,35.1900,24.4800,2.713e-07
met1,24.1500,35.3600,met1,34.9600,35.3600,1.683e-06
met1,24.1500,40.8000,met1,26.4500,40.8000,3.484e-06
met1,24.1500,46.2400,met1,36.3400,46.2400,1.701e-08
met1,24.1500,51.6800,met1,31.5100,51.6800,3.454e-06
met1,24.1500,62.5600,met1,37.9500,62.5600,2.822e-13
met1,24.1500,68.0000,met1,31.0500,68.0000,3.738e-06
met1,24.1500,73.4400,met1,29.9000,73.4400,2.060e-06
met1,24.1500,78.8800,met1,31.9700,78.8800,3.395e-08
met1,24.1500,84.3200,met1,26.4500,84.3200,2.076e-06
met1,24.1500,89.7600,met1,27.3700,89.7600,2.055e-06
met1,24.1500,95.2000,met1,31.2800,95.2000,2.059e-06
met1,24.1500,100.6400,met1,26.9100,100.6400,1.411e-06
met1,24.1500,106.0800,met1,27.1400,106.0800,2.331e-06
met1,24.1500,116.9600,met1,35.1900,116.9600,3.470e-06
met1,24.1500,122.4000,met1,27.8300,122.4000,1.411e-06
met1,24.1500,127.8400,met1,33.1200,127.8400,2.884e-07
met1,24.1500,133.2800,met1,26.4500,133.2800,4.119e-06
met1,24.1500,138.7200,met1,32.2000,138.7200,1.700e-08
met1,24.1500,149.6000,met1,29.9000,149.6000,2.344e-06
met1,24.1500,155.0400,met1,32.2000,155.0400,6.811e-14
met1,24.1500,160.4800,met1,28.5200,160.4800,3.477e-06
met1,24.1500,165.9200,met1,30.5900,165.9200,2.883e-07
met1,24.1500,171.3600,met1,26.2200,171.3600,1.414e-06
met1,24.1500,176.8000,met1,31.5100,176.8000,2.101e-06
met1,24.1500,182.2400,met1,26.9100,182.2400,2.067e-06
met1,24.1500,187.6800,met1,36.5700,187.6800,4.131e-06
met1,24.1500,193.1200,met1,30.5900,193.1200,2.883e-07
met1,24.1500,198.5600,met1,34.0400,198.5600,1.414e-06
met1,24.1500,204.0000,met1,29.4400,204.0000,2.335e-06
met1,24.1500,214.8800,met1,35.6500,214.8800,3.498e-06
met1,24.1500,225.7600,met1,27.8300,225.7600,1.431e-06
met1,24.1500,231.2000,met1,29.9000,231.2000,2.355e-06
met1,24.1500,236.6400,met1,33.8100,236.6400,1.698e-08
met1,24.1500,242.0800,met1,29.9000,242.0800,1.704e-06
met1,24.1500,247.5200,met1,33.3500,247.5200,2.047e-06
met1,24.1500,258.4000,met1,32.2000,258.4000,2.334e-06
met1,24.1500,263.8400,met1,36.5700,263.8400,1.414e-06
met1,24.1500,269.2800,met1,29.6700,269.2800,2.088e-06
met1,24.1500,285.6000,met1,32.2000,285.6000,1.698e-08
met1,24.1500,291.0400,met1,28.2900,291.0400,4.110e-06
met1,24.1500,296.4800,met1,29.4400,296.4800,2.713e-07
met1,24.1500,307.3600,met1,29.9000,307.3600,3.477e-06
met1,24.1500,312.8000,met1,37.9500,312.8000,2.325e-06
met1,24.1500,318.2400,met1,31.0500,318.2400,1.431e-06
met1,24.1500,323.6800,met1,36.8000,323.6800,3.477e-06
met1,24.1500,334.5600,met1,34.9600,334.5600,2.081e-06
met1,24.1500,340.0000,met1,36.1100,340.0000,1.685e-06
met1,24.1500,345.4400,met1,29.2100,345.4400,1.431e-06
met1,24.1500,356.3200,met1,34.2700,356.3200,7.271e-14
met1,24.1500,367.2000,met1,28.9800,367.2000,2.316e-06
met1,24.1500,378.0800,met1,29.2100,378.0800,3.456e-06
met1,24.1500,388.9600,met1,28.7500,388.9600,2.061e-06
met1,24.1500,394.4000,met1,29.6700,394.4000,2.333e-06
met1,24.1500,399.8400,met1,37.9500,399.8400,1.429e-06
met1,24.1500,405.2800,met1,26.4500,405.2800,2.044e-06
met1,24.1500,416.1600,met1,37.9500,416.1600,2.883e-07
met1,24.1500,421.6000,met1,26.4500,421.6000,3.457e-06
met1,24.1500,427.0400,met1,26.4500,427.0400,3.474e-06
met1,24.1500,432.4800,met1,29.6700,432.4800,2.061e-06
met1,24.1500,437.9200,met1,34.9600,437.9200,2.757e-13
met1,24.1500,448.8000,met1,35.6500,448.8000,2.883e-07
met1,24.1500,454.2400,met1,29.2100,454.2400,1.430e-06
met1,24.1500,465.1200,met1,28.2900,465.1200,3.457e-06
met1,24.1500,470.5600,met1,30.3600,470.5600,2.713e-07
met1,26.2200,171.3600,met1,35.4200,171.3600,3.101e-06
met1,26.4500,40.8000,met1,31.7400,40.8000,3.501e-06
met1,26.4500,84.3200,met1,35.1900,84.3200,3.759e-06
met1,26.4500,133.2800,met1,32.2000,133.2800,4.390e-06
met1,26.4500,350.8800,met1,31.0500,350.8800,4.386e-06
met1,26.4500,405.2800,met1,28.5200,405.2800,2.315e-06
met1,26.4500,421.6000,met1,32.4300,421.6000,3.729e-06
met1,26.4500,427.0400,met1,32.4300,427.0400,3.745e-06
met1,26.9100,100.6400,met1,29.9000,100.6400,1.683e-06
met1,26.9100,182.2400,met1,28.9800,182.2400,2.338e-06
met1,27.1400,106.0800,met1,37.9500,106.0800,3.742e-06
met1,27.3700,89.7600,met1,37.9500,89.7600,2.327e-06
met1,27.8300,122.4000,met1,30.8200,122.4000,1.428e-06
met1,27.8300,225.7600,met1,31.9700,225.7600,1.702e-06
met1,28.0600,13.6000,met1,35.6500,13.6000,4.086e-06
met1,28.0600,410.7200,met1,32.4300,410.7200,4.123e-06
met1,28.2900,57.1200,met1,32.2000,57.1200,2.636e-06
met1,28.2900,291.0400,met1,32.8900,291.0400,4.381e-06
met1,28.2900,465.1200,met1,34.9600,465.1200,3.474e-06
met1,28.5200,160.4800,met1,37.9500,160.4800,5.523e-06
met1,28.5200,405.2800,met1,35.1900,405.2800,3.728e-06
met1,28.7500,388.9600,met1,32.2000,388.9600,2.332e-06
met1,28.9800,182.2400,met1,34.9600,182.2400,3.754e-06
met1,28.9800,367.2000,met1,37.9500,367.2000,4.360e-06
met1,29.2100,345.4400,met1,35.8800,345.4400,1.448e-06
met1,29.2100,378.0800,met1,32.2000,378.0800,3.473e-06
met1,29.2100,454.2400,met1,32.2000,454.2400,1.447e-06
met1,29.4400,204.0000,met1,36.1100,204.0000,4.382e-06
met1,29.4400,296.4800,met1,37.9500,296.4800,1.685e-06
met1,29.6700,269.2800,met1,32.2000,269.2800,2.359e-06
met1,29.6700,280.1600,met1,37.9500,280.1600,3.478e-06
met1,29.6700,394.4000,met1,32.2000,394.4000,2.350e-06
met1,29.6700,432.4800,met1,37.9500,432.4800,2.333e-06
met1,29.9000,29.9200,met1,37.9500,29.9200,4.153e-06
met1,29.9000,73.4400,met1,37.9500,73.4400,3.471e-06
met1,29.9000,100.6400,met1,36.1100,100.6400,3.094e-06
met1,29.9000,149.6000,met1,37.9500,149.6000,4.401e-06
met1,29.9000,209.4400,met1,35.1900,209.4400,2.084e-06
met1,29.9000,231.2000,met1,37.9500,231.2000,3.771e-06
met1,29.9000,242.0800,met1,32.2000,242.0800,3.751e-06
met1,29.9000,252.9600,met1,36.1100,252.9600,3.477e-06
met1,29.9000,307.3600,met1,36.1100,307.3600,5.531e-06
met1,29.9000,361.7600,met1,32.2000,361.7600,3.493e-06
met1,29.9000,459.6800,met1,37.9500,459.6800,3.745e-06
met1,30.1300,274.7200,met1,34.9600,274.7200,2.623e-06
met1,30.3600,443.3600,met1,35.4200,443.3600,5.518e-06
met1,30.3600,470.5600,met1,37.9500,470.5600,1.684e-06
met1,30.5900,165.9200,met1,34.2700,165.9200,3.054e-07
met1,30.5900,193.1200,met1,37.9500,193.1200,1.975e-06
met1,30.5900,329.1200,met1,37.9500,329.1200,2.614e-06
met1,30.8200,122.4000,met1,37.9500,122.4000,3.481e-06
met1,31.0500,68.0000,met1,37.9500,68.0000,5.810e-06
met1,31.0500,318.2400,met1,35.6500,318.2400,1.702e-06
met1,31.0500,350.8800,met1,34.9600,350.8800,4.658e-06
met1,31.2800,95.2000,met1,37.9500,95.2000,3.471e-06
met1,31.5100,51.6800,met1,36.8000,51.6800,3.471e-06
met1,31.5100,176.8000,met1,37.9500,176.8000,2.118e-06
met1,31.7400,40.8000,met1,36.5700,40.8000,5.556e-06
met1,31.9700,78.8800,met1,37.9500,78.8800,1.717e-06
met1,31.9700,225.7600,met1,37.2600,225.7600,1.719e-06
met1,32.2000,19.0400,met1,37.9500,19.0400,4.540e-06
met1,32.2000,57.1200,met1,37.9500,57.1200,4.695e-06
met1,32.2000,111.5200,met1,35.1900,111.5200,1.700e-06
met1,32.2000,133.2800,met1,35.6500,133.2800,6.449e-06
met1,32.2000,138.7200,met1,37.9500,138.7200,1.428e-06
met1,32.2000,155.0400,met1,36.5700,155.0400,1.414e-06
met1,32.2000,242.0800,met1,37.9500,242.0800,5.165e-06
met1,32.2000,258.4000,met1,37.9500,258.4000,3.748e-06
met1,32.2000,269.2800,met1,37.9500,269.2800,3.773e-06
met1,32.2000,285.6000,met1,37.9500,285.6000,2.071e-06
met1,32.2000,361.7600,met1,36.5700,361.7600,4.905e-06
met1,32.2000,378.0800,met1,37.9500,378.0800,5.517e-06
met1,32.2000,388.9600,met1,37.9500,388.9600,3.745e-06
met1,32.2000,394.4000,met1,37.9500,394.4000,4.394e-06
met1,32.2000,454.2400,met1,37.9500,454.2400,3.491e-06
met1,32.4300,410.7200,met1,37.9500,410.7200,4.394e-06
met1,32.4300,421.6000,met1,36.8000,421.6000,3.746e-06
met1,32.4300,427.0400,met1,37.9500,427.0400,3.762e-06
met1,32.8900,291.0400,met1,37.9500,291.0400,4.398e-06
met1,33.1200,127.8400,met1,37.9500,127.8400,1.700e-06
met1,33.3500,247.5200,met1,37.9500,247.5200,2.318e-06
met1,33.8100,236.6400,met1,37.9500,236.6400,3.053e-07
met1,34.0400,198.5600,met1,37.9500,198.5600,2.828e-06
met1,34.2700,165.9200,met1,37.9500,165.9200,5.767e-07
met1,34.2700,301.9200,met1,37.9500,301.9200,1.702e-06
met1,34.2700,356.3200,met1,37.9500,356.3200,2.713e-07
met1,34.7300,144.1600,met1,37.7200,144.1600,3.111e-06
met1,34.9600,35.3600,met1,37.9500,35.3600,3.095e-06
met1,34.9600,182.2400,met1,37.9500,182.2400,5.821e-06
met1,34.9600,274.7200,met1,37.9500,274.7200,4.678e-06
met1,34.9600,334.5600,met1,37.9500,334.5600,3.495e-06
met1,34.9600,350.8800,met1,37.9500,350.8800,6.072e-06
met1,34.9600,437.9200,met1,37.9500,437.9200,1.413e-06
met1,34.9600,465.1200,met1,37.9500,465.1200,5.518e-06
met1,35.1900,24.4800,met1,37.9500,24.4800,5.427e-07
met1,35.1900,84.3200,met1,37.9500,84.3200,3.776e-06
met1,35.1900,111.5200,met1,37.9500,111.5200,1.717e-06
met1,35.1900,116.9600,met1,37.9500,116.9600,3.742e-06
met1,35.1900,209.4400,met1,37.9500,209.4400,2.101e-06
met1,35.1900,405.2800,met1,37.9500,405.2800,3.745e-06
met1,35.4200,171.3600,met1,37.9500,171.3600,5.148e-06
met1,35.4200,443.3600,met1,37.9500,443.3600,6.930e-06
met1,35.6500,13.6000,met1,37.9500,13.6000,4.357e-06
met1,35.6500,133.2800,met1,37.9500,133.2800,6.721e-06
met1,35.6500,214.8800,met1,37.9500,214.8800,5.185e-06
met1,35.6500,318.2400,met1,37.9500,318.2400,1.719e-06
met1,35.6500,372.6400,met1,37.7200,372.6400,2.883e-07
met1,35.6500,448.8000,met1,37.9500,448.8000,5.597e-07
met1,35.8800,345.4400,met1,37.9500,345.4400,3.502e-06
met1,36.1100,100.6400,met1,37.9500,100.6400,3.111e-06
met1,36.1100,204.0000,met1,37.9500,204.0000,4.654e-06
met1,36.1100,252.9600,met1,37.9500,252.9600,3.494e-06
met1,36.1100,307.3600,met1,37.9500,307.3600,5.548e-06
met1,36.1100,340.0000,met1,37.9500,340.0000,1.702e-06
met1,36.3400,46.2400,met1,38.1200,46.2400,1.429e-06
met1,36.5700,40.8000,met1,41.6300,40.8000,2.394e-06
met1,36.5700,40.8000,met2,38.1200,40.8000,8.221e-06
met1,36.5700,155.0400,met1,45.3100,155.0400,4.224e-07
met1,36.5700,155.0400,met2,38.1200,155.0400,1.853e-06
met1,36.5700,187.6800,met1,41.8600,187.6800,2.221e-06
met1,36.5700,187.6800,met2,38.1200,187.6800,6.369e-06
met1,36.5700,263.8400,met1,41.8600,263.8400,2.987e-06
met1,36.5700,263.8400,met2,38.1200,263.8400,4.418e-06
met1,36.5700,361.7600,met1,43.2400,361.7600,1.674e-06
met1,36.5700,361.7600,met2,38.1200,361.7600,6.596e-06
met1,36.5700,383.5200,met1,44.1600,383.5200,2.825e-06
met1,36.5700,383.5200,met2,38.1200,383.5200,4.543e-06
met1,36.8000,51.6800,met1,43.0100,51.6800,2.544e-06
met1,36.8000,51.6800,met2,38.1200,51.6800,8.059e-06
met1,36.8000,323.6800,met1,50.6000,323.6800,1.608e-07
met1,36.8000,323.6800,met2,38.1200,323.6800,4.730e-06
met1,36.8000,421.6000,met1,41.1700,421.6000,2.651e-06
met1,36.8000,421.6000,met2,38.1200,421.6000,8.441e-06
met1,37.2600,225.7600,met1,44.8500,225.7600,3.058e-07
met1,37.2600,225.7600,met2,38.1200,225.7600,4.092e-06
met1,37.7200,144.1600,met1,48.7600,144.1600,1.309e-06
met1,37.7200,144.1600,met2,38.1200,144.1600,5.831e-06
met1,37.7200,372.6400,met1,48.7600,372.6400,1.746e-06
met1,37.7200,372.6400,met2,38.1200,372.6400,3.447e-06
met1,37.9500,13.6000,met1,41.1700,13.6000,2.067e-06
met1,37.9500,13.6000,met2,38.1200,13.6000,6.424e-06
met1,37.9500,19.0400,met1,45.0800,19.0400,3.686e-06
met1,37.9500,19.0400,met2,38.1200,19.0400,8.226e-06
met1,37.9500,24.4800,met1,51.7500,24.4800,2.877e-06
met1,37.9500,24.4800,met2,38.1200,24.4800,3.420e-06
met1,37.9500,29.9200,met1,43.2400,29.9200,3.189e-06
met1,37.9500,29.9200,met2,38.1200,29.9200,7.359e-06
met1,37.9500,35.3600,met1,48.7600,35.3600,4.209e-06
met1,37.9500,35.3600,met2,38.1200,35.3600,7.304e-06
met1,37.9500,57.1200,met1,40.2500,57.1200,2.233e-06
met1,37.9500,57.1200,met2,38.1200,57.1200,6.928e-06
met1,37.9500,62.5600,met1,51.7500,62.5600,3.220e-06
met1,37.9500,62.5600,met2,38.1200,62.5600,3.220e-06
met1,37.9500,68.0000,met1,42.0900,68.0000,1.453e-06
met1,37.9500,68.0000,met2,38.1200,68.0000,8.675e-06
met1,37.9500,73.4400,met1,42.7800,73.4400,3.226e-06
met1,37.9500,73.4400,met2,38.1200,73.4400,6.697e-06
met1,37.9500,78.8800,met1,41.1700,78.8800,3.918e-06
met1,37.9500,78.8800,met2,38.1200,78.8800,5.635e-06
met1,37.9500,84.3200,met1,49.4500,84.3200,1.017e-06
met1,37.9500,84.3200,met2,38.1200,84.3200,4.793e-06
met1,37.9500,89.7600,met1,43.9300,89.7600,2.026e-06
met1,37.9500,89.7600,met2,38.1200,89.7600,6.395e-06
met1,37.9500,95.2000,met1,42.7800,95.2000,3.180e-06
met1,37.9500,95.2000,met2,38.1200,95.2000,6.651e-06
met1,37.9500,100.6400,met1,40.9400,100.6400,3.329e-06
met1,37.9500,100.6400,met2,38.1200,100.6400,6.440e-06
met1,37.9500,106.0800,met1,45.5400,106.0800,2.129e-06
met1,37.9500,106.0800,met2,38.1200,106.0800,5.871e-06
met1,37.9500,111.5200,met1,41.8600,111.5200,3.487e-06
met1,37.9500,111.5200,met2,38.1200,111.5200,5.204e-06
met1,37.9500,116.9600,met1,51.7500,116.9600,2.014e-06
met1,37.9500,116.9600,met2,38.1200,116.9600,5.756e-06
met1,37.9500,122.4000,met1,40.2500,122.4000,2.480e-06
met1,37.9500,122.4000,met2,38.1200,122.4000,5.961e-06
met1,37.9500,127.8400,met1,44.1600,127.8400,1.780e-06
met1,37.9500,127.8400,met2,38.1200,127.8400,3.479e-06
met1,37.9500,133.2800,met1,41.1700,133.2800,2.135e-06
met1,37.9500,133.2800,met2,38.1200,133.2800,8.855e-06
met1,37.9500,138.7200,met1,45.0800,138.7200,2.019e-06
met1,37.9500,138.7200,met2,38.1200,138.7200,3.447e-06
met1,37.9500,149.6000,met1,47.1500,149.6000,1.611e-06
met1,37.9500,149.6000,met2,38.1200,149.6000,6.011e-06
met1,37.9500,160.4800,met1,40.9400,160.4800,2.309e-06
met1,37.9500,160.4800,met2,38.1200,160.4800,7.833e-06
met1,37.9500,165.9200,met1,44.6200,165.9200,2.133e-06
met1,37.9500,165.9200,met2,38.1200,165.9200,2.710e-06
met1,37.9500,171.3600,met1,40.2500,171.3600,1.848e-07
met1,37.9500,171.3600,met2,38.1200,171.3600,4.963e-06
met1,37.9500,176.8000,met1,40.0200,176.8000,2.948e-06
met1,37.9500,176.8000,met2,38.1200,176.8000,5.066e-06
met1,37.9500,182.2400,met1,46.0000,182.2400,1.354e-07
met1,37.9500,182.2400,met2,38.1200,182.2400,5.956e-06
met1,37.9500,193.1200,met1,42.0900,193.1200,2.501e-06
met1,37.9500,193.1200,met2,38.1200,193.1200,4.477e-06
met1,37.9500,198.5600,met1,51.7500,198.5600,7.225e-07
met1,37.9500,198.5600,met2,38.1200,198.5600,2.105e-06
met1,37.9500,204.0000,met1,46.2300,204.0000,8.981e-07
met1,37.9500,204.0000,met2,38.1200,204.0000,5.552e-06
met1,37.9500,209.4400,met1,41.8600,209.4400,3.078e-06
met1,37.9500,209.4400,met2,38.1200,209.4400,5.179e-06
met1,37.9500,214.8800,met1,51.7500,214.8800,7.536e-08
met1,37.9500,214.8800,met2,38.1200,214.8800,5.260e-06
met1,37.9500,220.3200,met1,47.6100,220.3200,5.436e-07
met1,37.9500,220.3200,met2,38.1200,220.3200,4.313e-06
met1,37.9500,231.2000,met1,51.7500,231.2000,5.006e-08
met1,37.9500,231.2000,met2,38.1200,231.2000,3.721e-06
met1,37.9500,236.6400,met1,41.8600,236.6400,3.390e-06
met1,37.9500,236.6400,met2,38.1200,236.6400,3.695e-06
met1,37.9500,242.0800,met1,50.3700,242.0800,2.440e-07
met1,37.9500,242.0800,met2,38.1200,242.0800,4.921e-06
met1,37.9500,247.5200,met1,44.6200,247.5200,1.645e-06
met1,37.9500,247.5200,met2,38.1200,247.5200,3.980e-06
met1,37.9500,252.9600,met1,40.9400,252.9600,1.322e-06
met1,37.9500,252.9600,met2,38.1200,252.9600,4.816e-06
met1,37.9500,258.4000,met1,46.0000,258.4000,5.526e-07
met1,37.9500,258.4000,met2,38.1200,258.4000,4.301e-06
met1,37.9500,269.2800,met1,51.7500,269.2800,8.021e-07
met1,37.9500,269.2800,met2,38.1200,269.2800,2.971e-06
met1,37.9500,274.7200,met1,44.3900,274.7200,8.449e-07
met1,37.9500,274.7200,met2,38.1200,274.7200,5.522e-06
met1,37.9500,280.1600,met1,40.2500,280.1600,9.999e-07
met1,37.9500,280.1600,met2,38.1200,280.1600,4.478e-06
met1,37.9500,285.6000,met1,39.7900,285.6000,5.926e-07
met1,37.9500,285.6000,met2,38.1200,285.6000,2.664e-06
met1,37.9500,291.0400,met1,41.1700,291.0400,1.229e-08
met1,37.9500,291.0400,met2,38.1200,291.0400,5.825e-06
met1,37.9500,296.4800,met1,51.7500,296.4800,3.885e-07
met1,37.9500,296.4800,met2,38.1200,296.4800,3.351e-06
met1,37.9500,301.9200,met1,46.2300,301.9200,5.413e-07
met1,37.9500,301.9200,met2,38.1200,301.9200,2.575e-06
met1,37.9500,307.3600,met1,40.9400,307.3600,2.380e-06
met1,37.9500,307.3600,met2,38.1200,307.3600,7.928e-06
met1,37.9500,312.8000,met1,51.7500,312.8000,1.622e-06
met1,37.9500,312.8000,met2,38.1200,312.8000,7.038e-07
met1,37.9500,318.2400,met1,40.4800,318.2400,2.155e-06
met1,37.9500,318.2400,met2,38.1200,318.2400,3.874e-06
met1,37.9500,329.1200,met1,43.0100,329.1200,6.416e-07
met1,37.9500,329.1200,met2,38.1200,329.1200,4.026e-06
met1,37.9500,334.5600,met1,46.0000,334.5600,5.113e-07
met1,37.9500,334.5600,met2,38.1200,334.5600,4.006e-06
met1,37.9500,340.0000,met1,40.9400,340.0000,1.037e-06
met1,37.9500,340.0000,met2,38.1200,340.0000,2.739e-06
met1,37.9500,345.4400,met1,46.6900,345.4400,4.875e-07
met1,37.9500,345.4400,met2,38.1200,345.4400,3.989e-06
met1,37.9500,350.8800,met1,42.5500,350.8800,4.058e-07
met1,37.9500,350.8800,met2,38.1200,350.8800,5.666e-06
met1,37.9500,356.3200,met1,47.3800,356.3200,3.152e-07
met1,37.9500,356.3200,met2,38.1200,356.3200,5.865e-07
met1,37.9500,367.2000,met1,43.9300,367.2000,5.092e-07
met1,37.9500,367.2000,met2,38.1200,367.2000,3.851e-06
met1,37.9500,378.0800,met1,41.1700,378.0800,1.449e-06
met1,37.9500,378.0800,met2,38.1200,378.0800,4.068e-06
met1,37.9500,388.9600,met1,43.2400,388.9600,4.589e-07
met1,37.9500,388.9600,met2,38.1200,388.9600,4.204e-06
met1,37.9500,394.4000,met1,40.7100,394.4000,2.741e-06
met1,37.9500,394.4000,met2,38.1200,394.4000,7.406e-06
met1,37.9500,399.8400,met1,43.2400,399.8400,6.531e-07
met1,37.9500,399.8400,met2,38.1200,399.8400,2.083e-06
met1,37.9500,405.2800,met1,45.3100,405.2800,1.020e-06
met1,37.9500,405.2800,met2,38.1200,405.2800,4.765e-06
met1,37.9500,410.7200,met1,40.0200,410.7200,2.808e-06
met1,37.9500,410.7200,met2,38.1200,410.7200,7.202e-06
met1,37.9500,416.1600,met1,51.7500,416.1600,6.399e-07
met1,37.9500,416.1600,met2,38.1200,416.1600,1.061e-06
met1,37.9500,427.0400,met1,45.3100,427.0400,2.036e-07
met1,37.9500,427.0400,met2,38.1200,427.0400,3.558e-06
met1,37.9500,432.4800,met1,42.5500,432.4800,1.347e-06
met1,37.9500,432.4800,met2,38.1200,432.4800,5.724e-06
met1,37.9500,437.9200,met1,46.0000,437.9200,1.485e-06
met1,37.9500,437.9200,met2,38.1200,437.9200,2.897e-06
met1,37.9500,443.3600,met1,46.6900,443.3600,1.227e-06
met1,37.9500,443.3600,met2,38.1200,443.3600,8.157e-06
met1,37.9500,448.8000,met1,43.0100,448.8000,6.043e-07
met1,37.9500,448.8000,met2,38.1200,448.8000,1.164e-06
met1,37.9500,454.2400,met1,43.7000,454.2400,2.154e-06
met1,37.9500,454.2400,met2,38.1200,454.2400,5.916e-06
met1,37.9500,459.6800,met1,50.3700,459.6800,8.662e-07
met1,37.9500,459.6800,met2,38.1200,459.6800,4.611e-06
met1,37.9500,465.1200,met1,40.2500,465.1200,2.092e-06
met1,37.9500,465.1200,met2,38.1200,465.1200,7.610e-06
met1,37.9500,470.5600,met1,44.6200,470.5600,1.519e-06
met1,37.9500,470.5600,met2,38.1200,470.5600,3.203e-06
met1,38.1200,46.2400,met1,51.7500,46.2400,2.388e-06
met1,38.1200,46.2400,met2,38.1200,46.2400,3.817e-06
met1,39.7900,285.6000,met1,48.7600,285.6000,3.213e-07
met1,40.0200,176.8000,met1,43.4700,176.8000,1.534e-06
met1,40.0200,410.7200,met1,42.0900,410.7200,7.633e-07
met1,40.2500,57.1200,met1,42.7800,57.1200,1.961e-06
met1,40.2500,122.4000,met1,45.0800,122.4000,2.463e-06
met1,40.2500,171.3600,met1,51.7500,171.3600,4.562e-07
met1,40.2500,280.1600,met1,48.7600,280.1600,7.286e-07
met1,40.2500,465.1200,met1,43.4700,465.1200,1.821e-06
met1,40.4800,318.2400,met1,45.3100,318.2400,1.010e-07
met1,40.7100,394.4000,met1,47.3800,394.4000,2.724e-06
met1,40.9400,100.6400,met1,45.7700,100.6400,1.286e-06
met1,40.9400,160.4800,met1,48.0700,160.4800,2.633e-07
met1,40.9400,252.9600,met1,48.5300,252.9600,7.321e-07
met1,40.9400,307.3600,met1,48.5300,307.3600,3.263e-07
met1,40.9400,340.0000,met1,51.7500,340.0000,1.010e-06
met1,41.1700,13.6000,met1,45.7700,13.6000,2.050e-06
met1,41.1700,78.8800,met1,46.0000,78.8800,3.901e-06
met1,41.1700,133.2800,met1,46.2300,133.2800,2.118e-06
met1,41.1700,291.0400,met1,45.7700,291.0400,2.590e-07
met1,41.1700,378.0800,met1,51.7500,378.0800,1.721e-06
met1,41.1700,421.6000,met1,46.2300,421.6000,2.379e-06
met1,41.6300,40.8000,met1,43.7000,40.8000,2.377e-06
met1,41.8600,111.5200,met1,49.4500,111.5200,1.432e-06
met1,41.8600,187.6800,met1,50.1400,187.6800,1.746e-07
met1,41.8600,209.4400,met1,48.3000,209.4400,1.011e-06
met1,41.8600,236.6400,met1,45.0800,236.6400,1.343e-06
met1,41.8600,263.8400,met1,46.6900,263.8400,9.332e-07
met1,42.0900,68.0000,met1,46.6900,68.0000,1.182e-06
met1,42.0900,193.1200,met1,46.0000,193.1200,2.484e-06
met1,42.0900,410.7200,met1,49.6800,410.7200,4.920e-07
met1,42.5500,350.8800,met1,50.1400,350.8800,6.771e-07
met1,42.5500,432.4800,met1,50.6000,432.4800,1.076e-06
met1,42.7800,57.1200,met1,51.7500,57.1200,5.496e-07
met1,42.7800,73.4400,met1,49.4500,73.4400,1.814e-06
met1,42.7800,95.2000,met1,49.4500,95.2000,1.769e-06
met1,43.0100,51.6800,met1,48.5300,51.6800,2.273e-06
met1,43.0100,329.1200,met1,51.7500,329.1200,9.129e-07
met1,43.0100,448.8000,met1,51.7500,448.8000,5.874e-07
met1,43.2400,29.9200,met1,48.7600,29.9200,1.130e-06
met1,43.2400,361.7600,met1,51.0600,361.7600,3.698e-07
met1,43.2400,388.9600,met1,51.7500,388.9600,1.586e-06
met1,43.2400,399.8400,met1,51.7500,399.8400,7.597e-07
met1,43.4700,176.8000,met1,48.0700,176.8000,1.263e-06
met1,43.4700,465.1200,met1,47.8400,465.1200,1.804e-06
met1,43.7000,40.8000,met1,51.7500,40.8000,3.217e-07
met1,43.7000,454.2400,met1,46.0000,454.2400,7.415e-07
met1,43.9300,89.7600,met1,51.7500,89.7600,1.755e-06
met1,43.9300,367.2000,met1,51.7500,367.2000,5.261e-07
met1,44.1600,127.8400,met1,51.7500,127.8400,3.678e-07
met1,44.1600,383.5200,met1,46.6900,383.5200,1.412e-06
met1,44.3900,274.7200,met1,49.4500,274.7200,5.860e-07
met1,44.6200,165.9200,met1,51.7500,165.9200,7.192e-07
met1,44.6200,247.5200,met1,50.1400,247.5200,4.015e-07
met1,44.6200,470.5600,met1,51.7500,470.5600,1.065e-07
met1,44.8500,225.7600,met1,46.9200,225.7600,3.444e-08
met1,45.0800,19.0400,met1,51.5200,19.0400,1.643e-06
met1,45.0800,122.4000,met1,49.4500,122.4000,3.937e-07
met1,45.0800,138.7200,met1,48.5300,138.7200,2.429e-08
met1,45.0800,236.6400,met1,49.4500,236.6400,7.056e-08
met1,45.3100,155.0400,met1,51.7500,155.0400,1.511e-07
met1,45.3100,318.2400,met1,48.5300,318.2400,1.703e-07
met1,45.3100,405.2800,met1,51.7500,405.2800,1.003e-06
met1,45.3100,427.0400,met1,51.7500,427.0400,2.206e-07
met1,45.5400,106.0800,met1,51.7500,106.0800,7.170e-07
met1,45.7700,13.6000,met1,49.4500,13.6000,2.033e-06
met1,45.7700,100.6400,met1,49.9100,100.6400,1.015e-06
met1,45.7700,291.0400,met1,48.7600,291.0400,2.760e-07
met1,46.0000,78.8800,met1,50.6000,78.8800,1.858e-06
met1,46.0000,182.2400,met1,51.7500,182.2400,1.280e-06
met1,46.0000,193.1200,met1,48.0700,193.1200,4.177e-07
met1,46.0000,258.4000,met1,51.7500,258.4000,8.613e-07
met1,46.0000,334.5600,met1,51.7500,334.5600,9.195e-07
met1,46.0000,437.9200,met1,51.7500,437.9200,7.209e-08
met1,46.0000,454.2400,met1,51.7500,454.2400,1.303e-06
met1,46.2300,133.2800,met1,51.7500,133.2800,5.765e-08
met1,46.2300,204.0000,met1,51.7500,204.0000,8.812e-07
met1,46.2300,301.9200,met1,51.7500,301.9200,5.583e-07
met1,46.2300,421.6000,met1,48.7600,421.6000,2.362e-06
met1,46.6900,68.0000,met1,51.7500,68.0000,1.165e-06
met1,46.6900,263.8400,met1,49.4500,263.8400,9.162e-07
met1,46.6900,345.4400,met1,51.7500,345.4400,1.993e-07
met1,46.6900,383.5200,met1,51.7500,383.5200,1.141e-06
met1,46.6900,443.3600,met1,51.7500,443.3600,8.340e-07
met1,46.9200,225.7600,met1,51.7500,225.7600,1.381e-06
met1,47.1500,149.6000,met1,49.2200,149.6000,1.594e-06
met1,47.3800,356.3200,met1,51.7500,356.3200,1.098e-06
met1,47.3800,394.4000,met1,49.4500,394.4000,6.796e-07
met1,47.6100,220.3200,met1,50.3700,220.3200,5.267e-07
met1,47.8400,465.1200,met1,51.7500,465.1200,2.405e-07
met1,48.0700,160.4800,met1,51.7500,160.4800,2.463e-07
met1,48.0700,176.8000,met1,51.7500,176.8000,1.246e-06
met1,48.0700,193.1200,met1,51.7500,193.1200,1.463e-07
met1,48.3000,209.4400,met1,51.7500,209.4400,6.758e-07
met1,48.5300,51.6800,met1,51.7500,51.6800,2.256e-06
met1,48.5300,138.7200,met1,51.7500,138.7200,2.956e-07
met1,48.5300,252.9600,met1,51.7500,252.9600,1.003e-06
met1,48.5300,307.3600,met1,51.7500,307.3600,1.359e-06
met1,48.5300,318.2400,met1,51.7500,318.2400,1.873e-07
met1,48.7600,29.9200,met1,51.7500,29.9200,2.819e-07
met1,48.7600,35.3600,met1,51.7500,35.3600,2.526e-06
met1,48.7600,144.1600,met1,51.7500,144.1600,7.440e-07
met1,48.7600,280.1600,met1,51.7500,280.1600,1.318e-06
met1,48.7600,285.6000,met1,51.7500,285.6000,1.093e-06
met1,48.7600,291.0400,met1,51.7500,291.0400,2.322e-06
met1,48.7600,372.6400,met1,51.7500,372.6400,2.986e-07
met1,48.7600,421.6000,met1,51.7500,421.6000,3.178e-07
met1,49.2200,149.6000,met1,51.7500,149.6000,1.797e-07
met1,49.4500,13.6000,met1,51.7500,13.6000,1.761e-06
met1,49.4500,73.4400,met1,51.7500,73.4400,1.797e-06
met1,49.4500,84.3200,met1,51.7500,84.3200,7.456e-07
met1,49.4500,95.2000,met1,51.7500,95.2000,1.752e-06
met1,49.4500,111.5200,met1,51.7500,111.5200,1.161e-06
met1,49.4500,122.4000,met1,51.7500,122.4000,1.224e-07
met1,49.4500,236.6400,met1,51.7500,236.6400,3.419e-07
met1,49.4500,263.8400,met1,51.7500,263.8400,6.449e-07
met1,49.4500,274.7200,met1,51.7500,274.7200,8.574e-07
met1,49.4500,394.4000,met1,51.7500,394.4000,4.082e-07
met1,49.6800,410.7200,met1,51.7500,410.7200,9.206e-07
met1,49.9100,100.6400,met1,51.7500,100.6400,9.978e-07
met1,50.1400,187.6800,met1,65.3200,187.6800,1.239e-06
met1,50.1400,247.5200,met1,56.8100,247.5200,1.815e-06
met1,50.1400,350.8800,met1,58.1900,350.8800,2.090e-06
met1,50.3700,220.3200,met1,54.9700,220.3200,5.097e-07
met1,50.3700,242.0800,met1,59.8000,242.0800,5.154e-07
met1,50.3700,459.6800,met1,57.9600,459.6800,8.492e-07
met1,50.6000,78.8800,met1,60.0300,78.8800,4.466e-07
met1,50.6000,323.6800,met1,58.1900,323.6800,1.575e-06
met1,50.6000,432.4800,met1,59.5700,432.4800,9.682e-07
met1,51.0600,361.7600,met1,54.0500,361.7600,1.782e-06
met1,51.5200,19.0400,met1,58.1900,19.0400,3.997e-07
met1,51.7500,13.6000,met1,58.8800,13.6000,1.761e-06
met1,51.7500,24.4800,met1,53.5900,24.4800,2.877e-06
met1,51.7500,29.9200,met1,63.2500,29.9200,2.819e-07
met1,51.7500,35.3600,met1,59.8000,35.3600,2.526e-06
met1,51.7500,40.8000,met1,54.0500,40.8000,3.217e-07
met1,51.7500,46.2400,met1,65.5500,46.2400,9.767e-07
met1,51.7500,51.6800,met1,55.2000,51.6800,2.256e-06
met1,51.7500,57.1200,met1,58.6500,57.1200,5.496e-07
met1,51.7500,62.5600,met1,64.4000,62.5600,1.161e-06
met1,51.7500,68.0000,met1,58.8800,68.0000,1.165e-06
met1,51.7500,73.4400,met1,54.2800,73.4400,1.797e-06
met1,51.7500,84.3200,met1,65.5500,84.3200,7.456e-07
met1,51.7500,89.7600,met1,57.9600,89.7600,1.755e-06
met1,51.7500,95.2000,met1,57.7300,95.2000,2.915e-07
met1,51.7500,100.6400,met1,56.5800,100.6400,9.978e-07
met1,51.7500,106.0800,met1,59.1100,106.0800,6.999e-07
met1,51.7500,111.5200,met1,57.5000,111.5200,1.161e-06
met1,51.7500,116.9600,met1,53.8200,116.9600,2.014e-06
met1,51.7500,122.4000,met1,58.8800,122.4000,1.224e-07
met1,51.7500,127.8400,met1,61.8700,127.8400,3.678e-07
met1,51.7500,133.2800,met1,56.3500,133.2800,5.765e-08
met1,51.7500,138.7200,met1,53.5900,138.7200,2.956e-07
met1,51.7500,144.1600,met1,59.8000,144.1600,7.440e-07
met1,51.7500,149.6000,met1,54.9700,149.6000,1.797e-07
met1,51.7500,155.0400,met1,55.2000,155.0400,1.511e-07
met1,51.7500,160.4800,met1,59.1100,160.4800,1.800e-06
met1,51.7500,165.9200,met1,54.9700,165.9200,7.192e-07
met1,51.7500,171.3600,met1,56.5800,171.3600,4.562e-07
met1,51.7500,176.8000,met1,54.7400,176.8000,1.246e-06
met1,51.7500,182.2400,met1,58.6500,182.2400,1.280e-06
met1,51.7500,193.1200,met1,54.0500,193.1200,1.463e-07
met1,51.7500,198.5600,met1,65.5500,198.5600,7.225e-07
met1,51.7500,204.0000,met1,60.4900,204.0000,1.186e-06
met1,51.7500,209.4400,met1,58.8800,209.4400,6.758e-07
met1,51.7500,214.8800,met1,63.2500,214.8800,1.991e-06
met1,51.7500,225.7600,met1,65.5500,225.7600,1.381e-06
met1,51.7500,231.2000,met1,56.3500,231.2000,5.006e-08
met1,51.7500,236.6400,met1,56.1200,236.6400,3.419e-07
met1,51.7500,252.9600,met1,58.1900,252.9600,1.003e-06
met1,51.7500,258.4000,met1,61.4100,258.4000,2.275e-06
met1,51.7500,263.8400,met1,60.9500,263.8400,1.402e-06
met1,51.7500,269.2800,met1,65.5500,269.2800,8.021e-07
met1,51.7500,274.7200,met1,56.8100,274.7200,8.574e-07
met1,51.7500,280.1600,met1,61.1800,280.1600,1.318e-06
met1,51.7500,285.6000,met1,64.1700,285.6000,1.093e-06
met1,51.7500,291.0400,met1,55.8900,291.0400,2.322e-06
met1,51.7500,296.4800,met1,62.1000,296.4800,3.885e-07
met1,51.7500,301.9200,met1,59.5700,301.9200,2.605e-06
met1,51.7500,307.3600,met1,59.8000,307.3600,1.359e-06
met1,51.7500,312.8000,met1,57.7300,312.8000,1.622e-06
met1,51.7500,318.2400,met1,60.4900,318.2400,2.234e-06
met1,51.7500,329.1200,met1,65.5500,329.1200,2.959e-06
met1,51.7500,334.5600,met1,56.8100,334.5600,9.195e-07
met1,51.7500,340.0000,met1,64.4000,340.0000,1.010e-06
met1,51.7500,345.4400,met1,60.4900,345.4400,1.847e-06
met1,51.7500,356.3200,met1,59.5700,356.3200,1.098e-06
met1,51.7500,367.2000,met1,54.9700,367.2000,5.431e-07
met1,51.7500,372.6400,met1,60.7200,372.6400,2.986e-07
met1,51.7500,378.0800,met1,54.5100,378.0800,1.721e-06
met1,51.7500,383.5200,met1,54.2800,383.5200,1.141e-06
met1,51.7500,388.9600,met1,57.2700,388.9600,1.586e-06
met1,51.7500,394.4000,met1,57.5000,394.4000,4.082e-07
met1,51.7500,399.8400,met1,65.5500,399.8400,7.597e-07
met1,51.7500,405.2800,met1,59.1100,405.2800,1.041e-06
met1,51.7500,410.7200,met1,56.3500,410.7200,9.206e-07
met1,51.7500,416.1600,met1,58.1900,416.1600,6.399e-07
met1,51.7500,421.6000,met1,54.0500,421.6000,3.178e-07
met1,51.7500,427.0400,met1,65.5500,427.0400,1.633e-06
met1,51.7500,437.9200,met1,54.0500,437.9200,7.209e-08
met1,51.7500,443.3600,met1,56.3500,443.3600,8.340e-07
met1,51.7500,448.8000,met1,64.8600,448.8000,5.874e-07
met1,51.7500,454.2400,met1,54.0500,454.2400,1.303e-06
met1,51.7500,465.1200,met1,54.0500,465.1200,2.405e-07
met1,51.7500,470.5600,met1,57.9600,470.5600,1.065e-07
met1,53.5900,24.4800,met1,58.8800,24.4800,2.860e-06
met1,53.5900,138.7200,met1,63.2500,138.7200,3.126e-07
met1,53.8200,116.9600,met1,62.3300,116.9600,2.884e-08
met1,54.0500,40.8000,met1,57.2700,40.8000,1.361e-06
met1,54.0500,193.1200,met1,57.0400,193.1200,1.250e-07
met1,54.0500,361.7600,met1,64.4000,361.7600,2.054e-06
met1,54.0500,421.6000,met1,59.8000,421.6000,4.646e-08
met1,54.0500,437.9200,met1,61.6400,437.9200,1.992e-07
met1,54.0500,454.2400,met1,63.2500,454.2400,1.574e-06
met1,54.0500,465.1200,met1,57.7300,465.1200,5.118e-07
met1,54.2800,73.4400,met1,61.8700,73.4400,2.580e-07
met1,54.2800,383.5200,met1,57.9600,383.5200,2.717e-07
met1,54.5100,378.0800,met1,65.5500,378.0800,1.738e-06
met1,54.7400,176.8000,met1,62.3300,176.8000,8.011e-07
met1,54.9700,149.6000,met1,59.1100,149.6000,9.162e-08
met1,54.9700,165.9200,met1,62.5600,165.9200,4.479e-07
met1,54.9700,220.3200,met1,58.8800,220.3200,2.384e-07
met1,54.9700,367.2000,met1,58.8800,367.2000,8.144e-07
met1,55.2000,51.6800,met1,59.1100,51.6800,2.133e-07
met1,55.2000,155.0400,met1,65.5500,155.0400,1.263e-06
met1,55.8900,291.0400,met1,59.1100,291.0400,2.594e-06
met1,56.1200,236.6400,met1,65.3200,236.6400,1.757e-06
met1,56.3500,133.2800,met1,58.8800,133.2800,2.137e-07
met1,56.3500,231.2000,met1,59.8000,231.2000,6.701e-08
met1,56.3500,410.7200,met1,63.9400,410.7200,1.192e-06
met1,56.3500,443.3600,met1,58.8800,443.3600,1.105e-06
met1,56.5800,100.6400,met1,60.9500,100.6400,1.045e-06
met1,56.5800,171.3600,met1,65.5500,171.3600,1.870e-06
met1,56.8100,247.5200,met1,65.5500,247.5200,1.832e-06
met1,56.8100,274.7200,met1,65.5500,274.7200,2.288e-06
met1,56.8100,334.5600,met1,59.8000,334.5600,1.191e-06
met1,57.0400,193.1200,met1,60.4900,193.1200,1.540e-06
met1,57.2700,40.8000,met1,65.5500,40.8000,1.378e-06
met1,57.2700,388.9600,met1,65.5500,388.9600,1.603e-06
met1,57.5000,111.5200,met1,65.5500,111.5200,8.824e-07
met1,57.5000,394.4000,met1,59.8000,394.4000,1.004e-06
met1,57.7300,95.2000,met1,65.5500,95.2000,5.628e-07
met1,57.7300,312.8000,met1,65.5500,312.8000,1.893e-06
met1,57.7300,465.1200,met1,59.8000,465.1200,5.288e-07
met1,57.9600,89.7600,met1,65.5500,89.7600,3.261e-07
met1,57.9600,383.5200,met1,62.7900,383.5200,2.316e-06
met1,57.9600,459.6800,met1,65.5500,459.6800,1.195e-06
met1,57.9600,470.5600,met1,65.5500,470.5600,1.306e-06
met1,58.1900,19.0400,met1,65.5500,19.0400,6.710e-07
met1,58.1900,252.9600,met1,63.4800,252.9600,1.020e-06
met1,58.1900,323.6800,met1,62.5600,323.6800,1.846e-06
met1,58.1900,350.8800,met1,63.0200,350.8800,2.361e-06
met1,58.1900,416.1600,met1,65.5500,416.1600,6.568e-07
met1,58.6500,57.1200,met1,65.5500,57.1200,2.783e-07
met1,58.6500,182.2400,met1,65.3200,182.2400,1.297e-06
met1,58.8800,13.6000,met1,65.5500,13.6000,3.500e-07
met1,58.8800,24.4800,met1,64.6300,24.4800,8.175e-07
met1,58.8800,68.0000,met1,65.0900,68.0000,5.182e-07
met1,58.8800,122.4000,met1,65.5500,122.4000,1.561e-06
met1,58.8800,133.2800,met1,65.5500,133.2800,2.257e-06
met1,58.8800,209.4400,met1,65.5500,209.4400,2.091e-06
met1,58.8800,220.3200,met1,64.1700,220.3200,1.828e-06
met1,58.8800,367.2000,met1,65.5500,367.2000,2.227e-06
met1,58.8800,443.3600,met1,65.5500,443.3600,2.518e-06
met1,59.1100,51.6800,met1,65.5500,51.6800,1.963e-07
met1,59.1100,106.0800,met1,65.5500,106.0800,6.829e-07
met1,59.1100,149.6000,met1,62.5600,149.6000,1.086e-07
met1,59.1100,160.4800,met1,65.5500,160.4800,1.817e-06
met1,59.1100,291.0400,met1,65.5500,291.0400,4.025e-06
met1,59.1100,405.2800,met1,63.4800,405.2800,1.058e-06
met1,59.5700,301.9200,met1,65.5500,301.9200,2.622e-06
met1,59.5700,356.3200,met1,65.5500,356.3200,1.114e-06
met1,59.5700,432.4800,met1,64.4000,432.4800,9.852e-07
met1,59.8000,35.3600,met1,62.5600,35.3600,4.837e-07
met1,59.8000,144.1600,met1,65.5500,144.1600,2.156e-06
met1,59.8000,231.2000,met1,65.5500,231.2000,2.114e-06
met1,59.8000,242.0800,met1,65.5500,242.0800,2.561e-06
met1,59.8000,307.3600,met1,62.5600,307.3600,2.773e-06
met1,59.8000,334.5600,met1,65.5500,334.5600,2.622e-06
met1,59.8000,394.4000,met1,65.5500,394.4000,3.049e-06
met1,59.8000,421.6000,met1,62.5600,421.6000,1.998e-06
met1,59.8000,465.1200,met1,65.5500,465.1200,2.589e-06
met1,60.0300,78.8800,met1,64.4000,78.8800,4.296e-07
met1,60.4900,193.1200,met1,65.5500,193.1200,1.557e-06
met1,60.4900,204.0000,met1,64.1700,204.0000,2.871e-06
met1,60.4900,318.2400,met1,63.0200,318.2400,2.251e-06
met1,60.4900,345.4400,met1,65.5500,345.4400,1.864e-06
met1,60.7200,372.6400,met1,65.5500,372.6400,2.343e-06
met1,60.9500,100.6400,met1,65.5500,100.6400,1.317e-06
met1,60.9500,263.8400,met1,65.5500,263.8400,3.087e-06
met1,61.1800,280.1600,met1,63.2500,280.1600,3.364e-06
met1,61.4100,258.4000,met1,65.5500,258.4000,2.292e-06
met1,61.6400,437.9200,met1,65.5500,437.9200,1.612e-06
met1,61.8700,73.4400,met1,65.5500,73.4400,5.293e-07
met1,61.8700,127.8400,met1,65.5500,127.8400,3.509e-07
met1,62.1000,296.4800,met1,65.5500,296.4800,2.435e-06
met1,62.3300,116.9600,met1,64.1700,116.9600,3.002e-07
met1,62.3300,176.8000,met1,65.5500,176.8000,2.486e-06
met1,62.5600,35.3600,met1,65.5500,35.3600,9.277e-07
met1,62.5600,149.6000,met1,65.5500,149.6000,2.165e-06
met1,62.5600,165.9200,met1,65.5500,165.9200,1.598e-06
met1,62.5600,307.3600,met1,65.5500,307.3600,4.819e-06
met1,62.5600,323.6800,met1,65.5500,323.6800,3.892e-06
met1,62.5600,421.6000,met1,65.5500,421.6000,3.410e-06
met1,62.7900,383.5200,met1,65.5500,383.5200,2.588e-06
met1,63.0200,318.2400,met1,65.5500,318.2400,3.665e-06
met1,63.0200,350.8800,met1,65.5500,350.8800,3.775e-06
met1,63.2500,29.9200,met1,65.5500,29.9200,5.532e-07
met1,63.2500,138.7200,met1,65.5500,138.7200,6.009e-07
met1,63.2500,214.8800,met1,65.5500,214.8800,2.263e-06
met1,63.2500,280.1600,met1,65.5500,280.1600,3.635e-06
met1,63.2500,454.2400,met1,65.5500,454.2400,1.845e-06
met1,63.4800,252.9600,met1,65.5500,252.9600,3.075e-06
met1,63.4800,405.2800,met1,65.5500,405.2800,2.470e-06
met1,63.9400,410.7200,met1,71.5300,410.7200,3.248e-06
met1,64.1700,116.9600,met1,70.3800,116.9600,3.172e-07
met1,64.1700,204.0000,met1,72.4500,204.0000,2.888e-06
met1,64.1700,220.3200,met1,69.9200,220.3200,1.845e-06
met1,64.1700,285.6000,met1,71.7600,285.6000,1.110e-06
met1,64.4000,62.5600,met1,71.0700,62.5600,2.505e-07
met1,64.4000,78.8800,met1,69.6900,78.8800,1.613e-06
met1,64.4000,340.0000,met1,78.1200,340.0000,3.056e-06
met1,64.4000,361.7600,met1,71.9900,361.7600,4.098e-06
met1,64.4000,432.4800,met1,69.6900,432.4800,3.046e-06
met1,64.6300,24.4800,met1,71.3000,24.4800,8.005e-07
met1,64.8600,448.8000,met1,74.7500,448.8000,8.252e-07
met1,65.0900,68.0000,met1,71.7600,68.0000,5.352e-07
met1,65.3200,182.2400,met1,74.2900,182.2400,3.364e-06
met1,65.3200,187.6800,met1,76.3600,187.6800,3.286e-06
met1,65.3200,236.6400,met1,73.3700,236.6400,3.171e-06
met1,65.5500,13.6000,met1,71.3000,13.6000,3.500e-07
met1,65.5500,19.0400,met1,74.9800,19.0400,6.880e-07
met1,65.5500,29.9200,met1,77.0500,29.9200,5.532e-07
met1,65.5500,35.3600,met1,67.8500,35.3600,9.277e-07
met1,65.5500,40.8000,met1,77.0500,40.8000,1.378e-06
met1,65.5500,46.2400,met1,70.6100,46.2400,9.767e-07
met1,65.5500,51.6800,met1,71.3000,51.6800,1.846e-06
met1,65.5500,57.1200,met1,68.7700,57.1200,2.783e-07
met1,65.5500,73.4400,met1,77.0500,73.4400,5.293e-07
met1,65.5500,84.3200,met1,69.4600,84.3200,7.456e-07
met1,65.5500,89.7600,met1,71.0700,89.7600,1.716e-06
met1,65.5500,95.2000,met1,71.3000,95.2000,5.628e-07
met1,65.5500,100.6400,met1,78.1200,100.6400,1.317e-06
met1,65.5500,106.0800,met1,73.3700,106.0800,1.359e-06
met1,65.5500,111.5200,met1,72.6800,111.5200,8.824e-07
met1,65.5500,122.4000,met1,75.6700,122.4000,1.561e-06
met1,65.5500,127.8400,met1,68.5400,127.8400,3.509e-07
met1,65.5500,133.2800,met1,71.3000,133.2800,2.257e-06
met1,65.5500,138.7200,met1,70.3800,138.7200,6.009e-07
met1,65.5500,144.1600,met1,68.3100,144.1600,2.156e-06
met1,65.5500,149.6000,met1,68.7700,149.6000,2.165e-06
met1,65.5500,155.0400,met1,78.1200,155.0400,1.263e-06
met1,65.5500,160.4800,met1,68.0800,160.4800,1.817e-06
met1,65.5500,165.9200,met1,68.7700,165.9200,1.598e-06
met1,65.5500,171.3600,met1,78.1200,171.3600,1.870e-06
met1,65.5500,176.8000,met1,70.6100,176.8000,2.486e-06
met1,65.5500,193.1200,met1,68.0800,193.1200,1.557e-06
met1,65.5500,198.5600,met1,71.9900,198.5600,7.225e-07
met1,65.5500,209.4400,met1,69.9200,209.4400,2.091e-06
met1,65.5500,214.8800,met1,73.6000,214.8800,2.263e-06
met1,65.5500,225.7600,met1,67.6200,225.7600,1.381e-06
met1,65.5500,231.2000,met1,67.8500,231.2000,2.114e-06
met1,65.5500,242.0800,met1,67.8500,242.0800,2.561e-06
met1,65.5500,247.5200,met1,74.7500,247.5200,3.246e-06
met1,65.5500,252.9600,met1,71.0700,252.9600,3.075e-06
met1,65.5500,258.4000,met1,72.4500,258.4000,2.292e-06
met1,65.5500,263.8400,met1,71.0700,263.8400,3.087e-06
met1,65.5500,269.2800,met1,71.5300,269.2800,2.848e-06
met1,65.5500,274.7200,met1,69.9200,274.7200,2.288e-06
met1,65.5500,280.1600,met1,72.6800,280.1600,3.635e-06
met1,65.5500,291.0400,met1,67.8500,291.0400,4.025e-06
met1,65.5500,296.4800,met1,73.1400,296.4800,2.435e-06
met1,65.5500,301.9200,met1,72.4500,301.9200,2.622e-06
met1,65.5500,307.3600,met1,69.6900,307.3600,4.819e-06
met1,65.5500,312.8000,met1,78.1200,312.8000,1.893e-06
met1,65.5500,318.2400,met1,70.1500,318.2400,3.665e-06
met1,65.5500,323.6800,met1,73.6000,323.6800,3.892e-06
met1,65.5500,329.1200,met1,73.8300,329.1200,2.959e-06
met1,65.5500,334.5600,met1,69.2300,334.5600,2.622e-06
met1,65.5500,345.4400,met1,69.2300,345.4400,3.910e-06
met1,65.5500,350.8800,met1,78.1200,350.8800,3.775e-06
met1,65.5500,356.3200,met1,73.1400,356.3200,1.131e-06
met1,65.5500,367.2000,met1,67.6200,367.2000,2.227e-06
met1,65.5500,372.6400,met1,68.3100,372.6400,2.343e-06
met1,65.5500,378.0800,met1,67.8500,378.0800,1.738e-06
met1,65.5500,383.5200,met1,69.0000,383.5200,2.588e-06
met1,65.5500,388.9600,met1,71.9900,388.9600,1.603e-06
met1,65.5500,394.4000,met1,67.8500,394.4000,3.049e-06
met1,65.5500,399.8400,met1,78.1200,399.8400,7.597e-07
met1,65.5500,405.2800,met1,67.3900,405.2800,2.470e-06
met1,65.5500,416.1600,met1,78.1200,416.1600,6.738e-07
met1,65.5500,421.6000,met1,72.6800,421.6000,3.410e-06
met1,65.5500,427.0400,met1,69.6900,427.0400,1.633e-06
met1,65.5500,437.9200,met1,73.6000,437.9200,1.612e-06
met1,65.5500,443.3600,met1,71.3000,443.3600,2.535e-06
met1,65.5500,454.2400,met1,71.3000,454.2400,1.845e-06
met1,65.5500,459.6800,met1,73.6000,459.6800,1.212e-06
met1,65.5500,465.1200,met1,67.8500,465.1200,2.589e-06
met1,65.5500,470.5600,met1,72.6800,470.5600,1.306e-06
met1,67.3900,405.2800,met1,74.0600,405.2800,2.487e-06
met1,67.6200,225.7600,met1,77.9700,225.7600,2.797e-06
met1,67.6200,367.2000,met1,78.1200,367.2000,3.640e-06
met1,67.8500,35.3600,met1,71.0700,35.3600,1.199e-06
met1,67.8500,231.2000,met1,76.8200,231.2000,2.385e-06
met1,67.8500,242.0800,met1,78.1200,242.0800,2.833e-06
met1,67.8500,291.0400,met1,74.7500,291.0400,4.296e-06
met1,67.8500,378.0800,met1,78.1200,378.0800,1.755e-06
met1,67.8500,394.4000,met1,70.8400,394.4000,3.320e-06
met1,67.8500,465.1200,met1,74.2900,465.1200,2.861e-06
met1,68.0800,160.4800,met1,78.1200,160.4800,3.502e-06
met1,68.0800,193.1200,met1,74.9800,193.1200,2.971e-06
met1,68.3100,144.1600,met1,78.1200,144.1600,2.173e-06
met1,68.3100,372.6400,met1,75.9000,372.6400,2.631e-06
met1,68.5400,127.8400,met1,74.2900,127.8400,1.691e-06
met1,68.7700,57.1200,met1,76.3600,57.1200,6.941e-09
met1,68.7700,149.6000,met1,73.6000,149.6000,2.436e-06
met1,68.7700,165.9200,met1,73.6000,165.9200,1.615e-06
met1,69.0000,383.5200,met1,73.1400,383.5200,4.000e-06
met1,69.2300,334.5600,met1,73.6000,334.5600,2.893e-06
met1,69.2300,345.4400,met1,76.8200,345.4400,4.181e-06
met1,69.4600,84.3200,met1,78.1200,84.3200,6.659e-07
met1,69.6900,78.8800,met1,73.3700,78.8800,1.884e-06
met1,69.6900,307.3600,met1,73.6000,307.3600,5.090e-06
met1,69.6900,427.0400,met1,78.1200,427.0400,1.904e-06
met1,69.6900,432.4800,met1,74.2900,432.4800,3.317e-06
met1,69.9200,209.4400,met1,74.2900,209.4400,4.138e-06
met1,69.9200,220.3200,met1,77.7400,220.3200,3.912e-06
met1,69.9200,274.7200,met1,78.1200,274.7200,3.702e-06
met1,70.1500,318.2400,met1,73.3700,318.2400,3.936e-06
met1,70.3800,116.9600,met1,75.9000,116.9600,2.359e-06
met1,70.3800,138.7200,met1,76.5900,138.7200,2.653e-06
met1,70.6100,46.2400,met1,75.9000,46.2400,9.598e-07
met1,70.6100,176.8000,met1,73.6000,176.8000,2.758e-06
met1,70.8400,394.4000,met1,76.3600,394.4000,4.733e-06
met1,71.0700,35.3600,met1,73.6000,35.3600,1.216e-06
met1,71.0700,62.5600,met1,78.1200,62.5600,2.675e-07
met1,71.0700,89.7600,met1,74.2900,89.7600,1.987e-06
met1,71.0700,252.9600,met1,77.9700,252.9600,3.346e-06
met1,71.0700,263.8400,met1,73.6000,263.8400,3.358e-06
met1,71.3000,13.6000,met1,78.1200,13.6000,1.702e-06
met1,71.3000,24.4800,met1,77.2800,24.4800,1.242e-06
met1,71.3000,51.6800,met1,78.1200,51.6800,3.258e-06
met1,71.3000,95.2000,met1,78.1200,95.2000,1.974e-06
met1,71.3000,133.2800,met1,77.5100,133.2800,3.668e-06
met1,71.3000,443.3600,met1,77.9700,443.3600,4.596e-06
met1,71.3000,454.2400,met1,78.1200,454.2400,3.258e-06
met1,71.5300,269.2800,met1,78.1200,269.2800,2.865e-06
met1,71.5300,410.7200,met1,76.1300,410.7200,3.520e-06
met1,71.7600,68.0000,met1,78.1200,68.0000,2.578e-06
met1,71.7600,285.6000,met1,77.0500,285.6000,3.164e-06
met1,71.9900,198.5600,met1,78.1200,198.5600,7.394e-07
met1,71.9900,361.7600,met1,77.9700,361.7600,4.370e-06
met1,71.9900,388.9600,met1,78.1200,388.9600,1.620e-06
met1,72.4500,204.0000,met1,78.1200,204.0000,2.905e-06
met1,72.4500,258.4000,met1,76.8200,258.4000,2.309e-06
met1,72.4500,301.9200,met1,78.1200,301.9200,2.639e-06
met1,72.6800,111.5200,met1,78.1200,111.5200,2.294e-06
met1,72.6800,280.1600,met1,78.1200,280.1600,5.049e-06
met1,72.6800,421.6000,met1,78.1200,421.6000,6.867e-06
met1,72.6800,470.5600,met1,78.1200,470.5600,2.719e-06
met1,73.1400,296.4800,met1,78.1200,296.4800,3.849e-06
met1,73.1400,356.3200,met1,77.2800,356.3200,3.188e-06
met1,73.1400,383.5200,met1,77.0500,383.5200,6.044e-06
met1,73.3700,78.8800,met1,78.1200,78.8800,1.901e-06
met1,73.3700,106.0800,met1,78.1200,106.0800,3.042e-06
met1,73.3700,236.6400,met1,78.1200,236.6400,3.188e-06
met1,73.3700,318.2400,met1,77.7400,318.2400,3.953e-06
met1,73.6000,35.3600,met1,78.1200,35.3600,3.275e-06
met1,73.6000,149.6000,met1,76.8200,149.6000,4.482e-06
met1,73.6000,165.9200,met1,78.1200,165.9200,3.662e-06
met1,73.6000,176.8000,met1,78.1200,176.8000,4.173e-06
met1,73.6000,214.8800,met1,76.1300,214.8800,3.677e-06
met1,73.6000,263.8400,met1,78.1200,263.8400,4.772e-06
met1,73.6000,307.3600,met1,77.2800,307.3600,6.504e-06
met1,73.6000,323.6800,met1,78.1200,323.6800,5.306e-06
met1,73.6000,334.5600,met1,78.1200,334.5600,4.307e-06
met1,73.6000,437.9200,met1,78.1200,437.9200,3.025e-06
met1,73.6000,459.6800,met1,78.1200,459.6800,3.256e-06
met1,73.8300,329.1200,met1,78.1200,329.1200,2.976e-06
met1,74.0600,405.2800,met1,77.0500,405.2800,4.532e-06
met1,74.2900,89.7600,met1,78.1200,89.7600,2.004e-06
met1,74.2900,127.8400,met1,77.9700,127.8400,1.963e-06
met1,74.2900,182.2400,met1,78.1200,182.2400,3.381e-06
met1,74.2900,209.4400,met1,78.1200,209.4400,4.410e-06
met1,74.2900,432.4800,met1,78.1200,432.4800,3.334e-06
met1,74.2900,465.1200,met1,78.1200,465.1200,2.878e-06
met1,74.7500,247.5200,met1,78.1200,247.5200,3.263e-06
met1,74.7500,291.0400,met1,78.1200,291.0400,4.313e-06
met1,74.7500,448.8000,met1,78.1200,448.8000,1.097e-06
met1,74.9800,19.0400,met1,78.1200,19.0400,2.371e-06
met1,74.9800,193.1200,met1,78.1200,193.1200,5.309e-06
met1,75.6700,122.4000,met1,78.1200,122.4000,1.832e-06
met1,75.9000,46.2400,met1,78.1200,46.2400,1.096e-06
met1,75.9000,116.9600,met1,78.1200,116.9600,3.770e-06
met1,75.9000,372.6400,met1,78.1200,372.6400,4.676e-06
met1,76.1300,214.8800,met1,78.1200,214.8800,3.948e-06
met1,76.1300,410.7200,met1,78.1200,410.7200,3.537e-06
met1,76.3600,57.1200,met1,78.1200,57.1200,2.036e-06
met1,76.3600,187.6800,met1,78.1200,187.6800,4.700e-06
met1,76.3600,394.4000,met1,78.1200,394.4000,6.777e-06
met1,76.5900,138.7200,met1,79.3500,138.7200,9.486e-07
met1,76.5900,138.7200,met2,78.1200,138.7200,3.873e-06
met1,76.8200,149.6000,met1,79.3500,149.6000,1.169e-07
met1,76.8200,149.6000,met2,78.1200,149.6000,6.013e-06
met1,76.8200,231.2000,met1,79.3500,231.2000,4.403e-08
met1,76.8200,231.2000,met2,78.1200,231.2000,4.476e-06
met1,76.8200,258.4000,met1,79.3500,258.4000,3.169e-07
met1,76.8200,258.4000,met2,78.1200,258.4000,4.038e-06
met1,76.8200,345.4400,met1,79.3500,345.4400,1.471e-06
met1,76.8200,345.4400,met2,78.1200,345.4400,4.142e-06
met1,77.0500,29.9200,met1,79.3500,29.9200,6.059e-06
met1,77.0500,29.9200,met2,78.1200,29.9200,6.883e-06
met1,77.0500,40.8000,met1,79.3500,40.8000,4.057e-06
met1,77.0500,40.8000,met2,78.1200,40.8000,5.706e-06
met1,77.0500,73.4400,met1,79.3500,73.4400,5.362e-06
met1,77.0500,73.4400,met2,78.1200,73.4400,8.205e-06
met1,77.0500,285.6000,met1,79.3500,285.6000,1.818e-06
met1,77.0500,285.6000,met2,78.1200,285.6000,5.253e-06
met1,77.0500,383.5200,met1,79.3500,383.5200,4.428e-07
met1,77.0500,383.5200,met2,78.1200,383.5200,5.873e-06
met1,77.0500,405.2800,met1,79.3500,405.2800,8.849e-07
met1,77.0500,405.2800,met2,78.1200,405.2800,5.688e-06
met1,77.2800,24.4800,met1,79.3500,24.4800,5.109e-06
met1,77.2800,24.4800,met2,78.1200,24.4800,7.763e-06
met1,77.2800,307.3600,met1,79.3500,307.3600,2.465e-06
met1,77.2800,307.3600,met2,78.1200,307.3600,6.085e-06
met1,77.2800,356.3200,met1,79.3500,356.3200,1.528e-06
met1,77.2800,356.3200,met2,78.1200,356.3200,3.073e-06
met1,77.5100,133.2800,met1,79.3500,133.2800,3.054e-06
met1,77.5100,133.2800,met2,78.1200,133.2800,6.739e-06
met1,77.7400,220.3200,met1,82.1100,220.3200,5.186e-07
met1,77.7400,220.3200,met2,78.1200,220.3200,4.809e-06
met1,77.7400,318.2400,met1,82.5700,318.2400,2.293e-06
met1,77.7400,318.2400,met2,78.1200,318.2400,3.706e-06
met1,77.9700,127.8400,met1,85.1000,127.8400,2.545e-06
met1,77.9700,127.8400,met2,78.1200,127.8400,4.525e-06
met1,77.9700,225.7600,met1,85.1000,225.7600,4.385e-07
met1,77.9700,225.7600,met2,78.1200,225.7600,3.252e-06
met1,77.9700,252.9600,met1,86.0200,252.9600,5.605e-07
met1,77.9700,252.9600,met2,78.1200,252.9600,3.923e-06
met1,77.9700,361.7600,met1,85.1000,361.7600,7.951e-07
met1,77.9700,361.7600,met2,78.1200,361.7600,5.182e-06
met1,77.9700,443.3600,met1,84.1800,443.3600,4.740e-06
met1,77.9700,443.3600,met2,78.1200,443.3600,9.353e-06
met1,78.1200,13.6000,met1,82.5700,13.6000,5.959e-06
met1,78.1200,13.6000,met2,78.1200,13.6000,7.661e-06
met1,78.1200,19.0400,met1,83.0300,19.0400,5.410e-06
met1,78.1200,19.0400,met2,78.1200,19.0400,7.781e-06
met1,78.1200,35.3600,met1,81.6500,35.3600,6.096e-06
met1,78.1200,35.3600,met2,78.1200,35.3600,1.078e-05
met1,78.1200,46.2400,met1,83.4900,46.2400,6.481e-06
met1,78.1200,46.2400,met2,78.1200,46.2400,7.577e-06
met1,78.1200,51.6800,met1,83.7200,51.6800,4.483e-06
met1,78.1200,51.6800,met2,78.1200,51.6800,7.741e-06
met1,78.1200,57.1200,met1,92.4600,57.1200,5.117e-06
met1,78.1200,57.1200,met2,78.1200,57.1200,7.153e-06
met1,78.1200,62.5600,met1,85.7900,62.5600,6.663e-06
met1,78.1200,62.5600,met2,78.1200,62.5600,7.202e-06
met1,78.1200,68.0000,met1,93.1500,68.0000,3.614e-06
met1,78.1200,68.0000,met2,78.1200,68.0000,7.604e-06
met1,78.1200,78.8800,met1,81.8800,78.8800,5.048e-06
met1,78.1200,78.8800,met2,78.1200,78.8800,6.949e-06
met1,78.1200,84.3200,met1,87.1700,84.3200,5.374e-06
met1,78.1200,84.3200,met2,78.1200,84.3200,6.040e-06
met1,78.1200,89.7600,met1,86.4800,89.7600,5.187e-06
met1,78.1200,89.7600,met2,78.1200,89.7600,7.208e-06
met1,78.1200,95.2000,met1,90.1600,95.2000,2.850e-06
met1,78.1200,95.2000,met2,78.1200,95.2000,6.867e-06
met1,78.1200,100.6400,met1,83.0300,100.6400,4.637e-06
met1,78.1200,100.6400,met2,78.1200,100.6400,5.954e-06
met1,78.1200,106.0800,met1,81.1900,106.0800,2.984e-06
met1,78.1200,106.0800,met2,78.1200,106.0800,6.026e-06
met1,78.1200,111.5200,met1,90.1600,111.5200,3.482e-06
met1,78.1200,111.5200,met2,78.1200,111.5200,5.776e-06
met1,78.1200,116.9600,met1,80.7300,116.9600,2.702e-06
met1,78.1200,116.9600,met2,78.1200,116.9600,6.473e-06
met1,78.1200,122.4000,met1,91.5400,122.4000,3.471e-06
met1,78.1200,122.4000,met2,78.1200,122.4000,5.303e-06
met1,78.1200,144.1600,met1,86.4800,144.1600,2.186e-06
met1,78.1200,144.1600,met2,78.1200,144.1600,4.358e-06
met1,78.1200,155.0400,met1,81.4200,155.0400,5.978e-07
met1,78.1200,155.0400,met2,78.1200,155.0400,1.861e-06
met1,78.1200,160.4800,met1,84.4100,160.4800,1.582e-06
met1,78.1200,160.4800,met2,78.1200,160.4800,5.084e-06
met1,78.1200,165.9200,met1,80.9600,165.9200,1.078e-06
met1,78.1200,165.9200,met2,78.1200,165.9200,4.740e-06
met1,78.1200,171.3600,met1,84.1800,171.3600,1.554e-06
met1,78.1200,171.3600,met2,78.1200,171.3600,3.424e-06
met1,78.1200,176.8000,met1,83.9500,176.8000,4.940e-07
met1,78.1200,176.8000,met2,78.1200,176.8000,5.746e-06
met1,78.1200,182.2400,met1,88.0900,182.2400,3.337e-07
met1,78.1200,182.2400,met2,78.1200,182.2400,3.047e-06
met1,78.1200,187.6800,met1,89.2400,187.6800,5.244e-07
met1,78.1200,187.6800,met2,78.1200,187.6800,5.225e-06
met1,78.1200,193.1200,met1,82.5700,193.1200,2.257e-07
met1,78.1200,193.1200,met2,78.1200,193.1200,5.084e-06
met1,78.1200,198.5600,met1,82.1100,198.5600,2.408e-06
met1,78.1200,198.5600,met2,78.1200,198.5600,3.148e-06
met1,78.1200,204.0000,met1,86.7100,204.0000,1.190e-07
met1,78.1200,204.0000,met2,78.1200,204.0000,4.833e-06
met1,78.1200,209.4400,met1,82.5700,209.4400,4.660e-07
met1,78.1200,209.4400,met2,78.1200,209.4400,4.876e-06
met1,78.1200,214.8800,met1,87.4000,214.8800,4.036e-07
met1,78.1200,214.8800,met2,78.1200,214.8800,3.544e-06
met1,78.1200,236.6400,met1,80.9600,236.6400,1.118e-06
met1,78.1200,236.6400,met2,78.1200,236.6400,4.306e-06
met1,78.1200,242.0800,met1,86.2500,242.0800,6.703e-07
met1,78.1200,242.0800,met2,78.1200,242.0800,4.209e-06
met1,78.1200,247.5200,met1,88.3200,247.5200,4.977e-08
met1,78.1200,247.5200,met2,78.1200,247.5200,3.214e-06
met1,78.1200,263.8400,met1,80.2700,263.8400,2.746e-07
met1,78.1200,263.8400,met2,78.1200,263.8400,5.047e-06
met1,78.1200,269.2800,met1,87.4000,269.2800,4.659e-08
met1,78.1200,269.2800,met2,78.1200,269.2800,2.912e-06
met1,78.1200,274.7200,met1,82.5700,274.7200,7.736e-07
met1,78.1200,274.7200,met2,78.1200,274.7200,4.975e-06
met1,78.1200,280.1600,met1,83.4900,280.1600,2.052e-06
met1,78.1200,280.1600,met2,78.1200,280.1600,2.998e-06
met1,78.1200,291.0400,met1,93.1500,291.0400,2.345e-06
met1,78.1200,291.0400,met2,78.1200,291.0400,1.968e-06
met1,78.1200,296.4800,met1,87.1700,296.4800,1.183e-06
met1,78.1200,296.4800,met2,78.1200,296.4800,4.712e-06
met1,78.1200,301.9200,met1,87.4000,301.9200,6.041e-07
met1,78.1200,301.9200,met2,78.1200,301.9200,2.034e-06
met1,78.1200,312.8000,met1,87.4000,312.8000,8.694e-07
met1,78.1200,312.8000,met2,78.1200,312.8000,1.024e-06
met1,78.1200,323.6800,met1,83.4900,323.6800,2.040e-06
met1,78.1200,323.6800,met2,78.1200,323.6800,3.266e-06
met1,78.1200,329.1200,met1,87.4000,329.1200,5.455e-07
met1,78.1200,329.1200,met2,78.1200,329.1200,2.431e-06
met1,78.1200,334.5600,met1,83.0300,334.5600,1.847e-06
met1,78.1200,334.5600,met2,78.1200,334.5600,4.506e-06
met1,78.1200,340.0000,met1,82.3400,340.0000,3.705e-07
met1,78.1200,340.0000,met2,78.1200,340.0000,3.426e-06
met1,78.1200,350.8800,met1,84.4100,350.8800,9.408e-07
met1,78.1200,350.8800,met2,78.1200,350.8800,3.106e-06
met1,78.1200,367.2000,met1,93.1500,367.2000,2.360e-06
met1,78.1200,367.2000,met2,78.1200,367.2000,2.692e-06
met1,78.1200,372.6400,met1,87.4000,372.6400,9.552e-07
met1,78.1200,372.6400,met2,78.1200,372.6400,5.631e-06
met1,78.1200,378.0800,met1,83.4900,378.0800,6.028e-07
met1,78.1200,378.0800,met2,78.1200,378.0800,2.357e-06
met1,78.1200,388.9600,met1,88.7800,388.9600,1.778e-06
met1,78.1200,388.9600,met2,78.1200,388.9600,3.398e-06
met1,78.1200,394.4000,met1,83.9500,394.4000,3.867e-07
met1,78.1200,394.4000,met2,78.1200,394.4000,7.164e-06
met1,78.1200,399.8400,met1,84.4100,399.8400,3.419e-06
met1,78.1200,399.8400,met2,78.1200,399.8400,4.179e-06
met1,78.1200,410.7200,met1,82.8000,410.7200,3.594e-06
met1,78.1200,410.7200,met2,78.1200,410.7200,7.131e-06
met1,78.1200,416.1600,met1,88.5500,416.1600,3.269e-06
met1,78.1200,416.1600,met2,78.1200,416.1600,3.943e-06
met1,78.1200,421.6000,met1,80.2700,421.6000,3.061e-06
met1,78.1200,421.6000,met2,78.1200,421.6000,9.928e-06
met1,78.1200,427.0400,met1,83.9500,427.0400,3.550e-06
met1,78.1200,427.0400,met2,78.1200,427.0400,5.454e-06
met1,78.1200,432.4800,met1,80.9600,432.4800,5.610e-06
met1,78.1200,432.4800,met2,78.1200,432.4800,8.944e-06
met1,78.1200,437.9200,met1,90.1600,437.9200,6.138e-06
met1,78.1200,437.9200,met2,78.1200,437.9200,9.163e-06
met1,78.1200,448.8000,met1,80.5000,448.8000,6.905e-06
met1,78.1200,448.8000,met2,78.1200,448.8000,8.001e-06
met1,78.1200,454.2400,met1,85.1000,454.2400,3.742e-06
met1,78.1200,454.2400,met2,78.1200,454.2400,7.000e-06
met1,78.1200,459.6800,met1,81.6500,459.6800,5.109e-06
met1,78.1200,459.6800,met2,78.1200,459.6800,8.366e-06
met1,78.1200,465.1200,met1,91.7700,465.1200,4.181e-06
met1,78.1200,465.1200,met2,78.1200,465.1200,9.120e-06
met1,78.1200,470.5600,met1,82.5700,470.5600,3.201e-06
met1,78.1200,470.5600,met2,78.1200,470.5600,5.920e-06
met1,79.3500,24.4800,met1,87.4000,24.4800,5.109e-06
met1,79.3500,29.9200,met1,92.4600,29.9200,6.059e-06
met1,79.3500,40.8000,met1,93.1500,40.8000,4.057e-06
met1,79.3500,73.4400,met1,86.2500,73.4400,5.362e-06
met1,79.3500,133.2800,met1,82.3400,133.2800,3.054e-06
met1,79.3500,138.7200,met1,90.1600,138.7200,9.486e-07
met1,79.3500,149.6000,met1,81.6500,149.6000,1.169e-07
met1,79.3500,231.2000,met1,89.4700,231.2000,4.403e-08
met1,79.3500,258.4000,met1,84.4100,258.4000,3.169e-07
met1,79.3500,285.6000,met1,85.1000,285.6000,1.818e-06
met1,79.3500,307.3600,met1,82.1100,307.3600,2.465e-06
met1,79.3500,345.4400,met1,86.7100,345.4400,1.471e-06
met1,79.3500,356.3200,met1,87.1700,356.3200,1.528e-06
met1,79.3500,383.5200,met1,83.4900,383.5200,4.428e-07
met1,79.3500,405.2800,met1,85.1000,405.2800,8.849e-07
met1,80.2700,263.8400,met1,86.9400,263.8400,2.577e-07
met1,80.2700,421.6000,met1,85.1000,421.6000,2.790e-06
met1,80.5000,448.8000,met1,88.5500,448.8000,5.492e-06
met1,80.7300,116.9600,met1,86.9400,116.9600,2.685e-06
met1,80.9600,165.9200,met1,93.1500,165.9200,6.071e-07
met1,80.9600,236.6400,met1,93.1500,236.6400,5.676e-07
met1,80.9600,432.4800,met1,85.3300,432.4800,3.550e-06
met1,81.1900,106.0800,met1,88.0900,106.0800,2.967e-06
met1,81.4200,155.0400,met1,93.1500,155.0400,8.162e-07
met1,81.6500,35.3600,met1,88.3200,35.3600,6.078e-06
met1,81.6500,149.6000,met1,91.3100,149.6000,1.545e-07
met1,81.6500,459.6800,met1,84.4100,459.6800,4.838e-06
met1,81.8800,78.8800,met1,93.1500,78.8800,3.365e-06
met1,82.1100,198.5600,met1,88.7800,198.5600,2.391e-06
met1,82.1100,220.3200,met1,88.7800,220.3200,5.355e-07
met1,82.1100,307.3600,met1,85.7900,307.3600,2.736e-06
met1,82.3400,133.2800,met1,89.9300,133.2800,1.011e-06
met1,82.3400,340.0000,met1,92.0000,340.0000,1.676e-06
met1,82.5700,13.6000,met1,86.4800,13.6000,5.942e-06
met1,82.5700,193.1200,met1,86.0200,193.1200,4.970e-07
met1,82.5700,209.4400,met1,90.1600,209.4400,1.947e-07
met1,82.5700,274.7200,met1,88.5500,274.7200,1.045e-06
met1,82.5700,318.2400,met1,93.1500,318.2400,2.564e-06
met1,82.5700,470.5600,met1,90.1600,470.5600,2.930e-06
met1,82.8000,410.7200,met1,89.4700,410.7200,1.550e-06
met1,83.0300,19.0400,met1,90.8500,19.0400,5.393e-06
met1,83.0300,100.6400,met1,93.1500,100.6400,2.323e-06
met1,83.0300,334.5600,met1,93.1500,334.5600,2.118e-06
met1,83.4900,46.2400,met1,90.1600,46.2400,6.193e-06
met1,83.4900,280.1600,met1,89.9300,280.1600,2.069e-06
met1,83.4900,323.6800,met1,90.1600,323.6800,2.057e-06
met1,83.4900,378.0800,met1,86.7100,378.0800,3.315e-07
met1,83.4900,383.5200,met1,93.1500,383.5200,1.873e-06
met1,83.7200,51.6800,met1,87.1700,51.6800,3.072e-06
met1,83.9500,176.8000,met1,92.9200,176.8000,7.653e-07
met1,83.9500,394.4000,met1,88.3200,394.4000,1.154e-07
met1,83.9500,427.0400,met1,90.6200,427.0400,3.533e-06
met1,84.1800,171.3600,met1,87.6300,171.3600,1.386e-07
met1,84.1800,443.3600,met1,93.1500,443.3600,2.679e-06
met1,84.4100,160.4800,met1,88.3200,160.4800,1.565e-06
met1,84.4100,258.4000,met1,91.5400,258.4000,5.883e-07
met1,84.4100,350.8800,met1,91.0800,350.8800,9.578e-07
met1,84.4100,399.8400,met1,87.4000,399.8400,3.402e-06
met1,84.4100,459.6800,met1,89.2400,459.6800,4.821e-06
met1,85.1000,127.8400,met1,92.6900,127.8400,4.924e-07
met1,85.1000,225.7600,met1,90.8500,225.7600,1.628e-06
met1,85.1000,285.6000,met1,93.1500,285.6000,1.643e-06
met1,85.1000,361.7600,met1,91.7700,361.7600,1.249e-06
met1,85.1000,405.2800,met1,93.1500,405.2800,5.279e-07
met1,85.1000,421.6000,met1,93.1500,421.6000,1.377e-06
met1,85.1000,454.2400,met1,93.1500,454.2400,2.330e-06
met1,85.3300,432.4800,met1,88.0900,432.4800,3.278e-06
met1,85.7900,62.5600,met1,93.1500,62.5600,4.603e-06
met1,85.7900,307.3600,met1,91.0800,307.3600,2.753e-06
met1,86.0200,193.1200,met1,93.1500,193.1200,1.912e-06
met1,86.0200,252.9600,met1,93.1500,252.9600,1.494e-06
met1,86.2500,73.4400,met1,90.6200,73.4400,5.345e-06
met1,86.2500,242.0800,met1,92.0000,242.0800,9.416e-07
met1,86.4800,13.6000,met1,93.1500,13.6000,3.890e-06
met1,86.4800,89.7600,met1,93.1500,89.7600,3.144e-06
met1,86.4800,144.1600,met1,93.1500,144.1600,5.004e-07
met1,86.7100,204.0000,met1,93.1500,204.0000,1.360e-07
met1,86.7100,345.4400,met1,93.1500,345.4400,1.742e-06
met1,86.7100,378.0800,met1,93.1500,378.0800,3.145e-07
met1,86.9400,116.9600,met1,93.1500,116.9600,6.422e-07
met1,86.9400,263.8400,met1,93.1500,263.8400,1.797e-06
met1,87.1700,51.6800,met1,93.1500,51.6800,3.055e-06
met1,87.1700,84.3200,met1,93.1500,84.3200,5.357e-06
met1,87.1700,296.4800,met1,92.0000,296.4800,1.454e-06
met1,87.1700,356.3200,met1,90.6200,356.3200,1.800e-06
met1,87.4000,24.4800,met1,93.1500,24.4800,3.066e-06
met1,87.4000,214.8800,met1,93.1500,214.8800,1.818e-06
met1,87.4000,269.2800,met1,93.1500,269.2800,1.367e-06
met1,87.4000,301.9200,met1,93.1500,301.9200,2.018e-06
met1,87.4000,312.8000,met1,93.1500,312.8000,2.283e-06
met1,87.4000,329.1200,met1,89.4700,329.1200,1.959e-06
met1,87.4000,372.6400,met1,90.6200,372.6400,4.572e-07
met1,87.4000,399.8400,met1,93.1500,399.8400,1.359e-06
met1,87.6300,171.3600,met1,93.1500,171.3600,1.216e-07
met1,88.0900,106.0800,met1,90.3900,106.0800,2.695e-06
met1,88.0900,182.2400,met1,93.1500,182.2400,3.506e-07
met1,88.0900,432.4800,met1,93.1500,432.4800,3.261e-06
met1,88.3200,35.3600,met1,93.1500,35.3600,4.019e-06
met1,88.3200,160.4800,met1,93.1500,160.4800,4.812e-07
met1,88.3200,247.5200,met1,93.1500,247.5200,1.464e-06
met1,88.3200,394.4000,met1,93.1500,394.4000,1.297e-06
met1,88.5500,274.7200,met1,93.1500,274.7200,1.062e-06
met1,88.5500,416.1600,met1,93.1500,416.1600,2.998e-06
met1,88.5500,448.8000,met1,92.9200,448.8000,5.221e-06
met1,88.7800,198.5600,met1,93.1500,198.5600,3.443e-07
met1,88.7800,220.3200,met1,93.1500,220.3200,2.602e-06
met1,88.7800,388.9600,met1,90.8500,388.9600,2.651e-07
met1,89.2400,187.6800,met1,93.1500,187.6800,1.542e-06
met1,89.2400,459.6800,met1,93.1500,459.6800,2.506e-06
met1,89.4700,231.2000,met1,93.1500,231.2000,2.679e-08
met1,89.4700,329.1200,met1,93.1500,329.1200,1.976e-06
met1,89.4700,410.7200,met1,93.1500,410.7200,1.533e-06
met1,89.9300,133.2800,met1,93.1500,133.2800,9.945e-07
met1,89.9300,280.1600,met1,93.1500,280.1600,2.357e-06
met1,90.1600,46.2400,met1,93.1500,46.2400,4.137e-06
met1,90.1600,95.2000,met1,93.1500,95.2000,1.167e-06
met1,90.1600,111.5200,met1,93.1500,111.5200,2.070e-06
met1,90.1600,138.7200,met1,93.1500,138.7200,4.631e-07
met1,90.1600,209.4400,met1,93.1500,209.4400,1.872e-06
met1,90.1600,323.6800,met1,93.1500,323.6800,4.118e-06
met1,90.1600,437.9200,met1,93.1500,437.9200,4.079e-06
met1,90.1600,470.5600,met1,93.1500,470.5600,1.517e-06
met1,90.3900,106.0800,met1,93.1500,106.0800,2.679e-06
met1,90.6200,73.4400,met1,93.1500,73.4400,3.302e-06
met1,90.6200,356.3200,met1,93.1500,356.3200,3.212e-06
met1,90.6200,372.6400,met1,93.1500,372.6400,2.501e-06
met1,90.6200,427.0400,met1,93.1500,427.0400,1.477e-06
met1,90.8500,19.0400,met1,92.9200,19.0400,5.121e-06
met1,90.8500,225.7600,met1,93.1500,225.7600,1.900e-06
met1,90.8500,388.9600,met1,93.1500,388.9600,5.365e-07
met1,91.0800,307.3600,met1,93.1500,307.3600,4.812e-06
met1,91.0800,350.8800,met1,93.1500,350.8800,3.004e-06
met1,91.3100,149.6000,met1,93.1500,149.6000,1.715e-07
met1,91.5400,122.4000,met1,98.2100,122.4000,2.059e-06
met1,91.5400,258.4000,met1,95.4500,258.4000,2.002e-06
met1,91.7700,361.7600,met1,97.7500,361.7600,1.266e-06
met1,91.7700,465.1200,met1,98.4400,465.1200,4.164e-06
met1,92.0000,242.0800,met1,104.4200,242.0800,2.357e-06
met1,92.0000,296.4800,met1,97.7500,296.4800,2.868e-06
met1,92.0000,340.0000,met1,102.3500,340.0000,3.090e-06
met1,92.4600,29.9200,met1,95.4500,29.9200,4.647e-06
met1,92.4600,57.1200,met1,97.2900,57.1200,3.064e-06
met1,92.6900,127.8400,met1,103.9600,127.8400,2.210e-07
met1,92.9200,19.0400,met1,104.8800,19.0400,3.710e-06
met1,92.9200,176.8000,met1,106.9500,176.8000,2.812e-06
met1,92.9200,448.8000,met1,101.2000,448.8000,3.808e-06
met1,93.1500,13.6000,met1,99.1300,13.6000,3.890e-06
met1,93.1500,24.4800,met1,94.9900,24.4800,3.066e-06
met1,93.1500,35.3600,met1,101.2000,35.3600,4.019e-06
met1,93.1500,40.8000,met1,96.3700,40.8000,2.645e-06
met1,93.1500,46.2400,met1,99.1300,46.2400,4.137e-06
met1,93.1500,51.6800,met1,106.9500,51.6800,3.055e-06
met1,93.1500,62.5600,met1,95.9100,62.5600,4.603e-06
met1,93.1500,68.0000,met1,95.6800,68.0000,3.614e-06
met1,93.1500,73.4400,met1,97.2900,73.4400,3.302e-06
met1,93.1500,78.8800,met1,98.9000,78.8800,3.365e-06
met1,93.1500,84.3200,met1,102.3500,84.3200,3.302e-06
met1,93.1500,89.7600,met1,99.8200,89.7600,3.127e-06
met1,93.1500,95.2000,met1,104.6500,95.2000,1.167e-06
met1,93.1500,100.6400,met1,100.9700,100.6400,2.323e-06
met1,93.1500,106.0800,met1,95.6800,106.0800,2.679e-06
met1,93.1500,111.5200,met1,106.2600,111.5200,2.070e-06
met1,93.1500,116.9600,met1,101.8900,116.9600,3.709e-07
met1,93.1500,133.2800,met1,96.6000,133.2800,9.945e-07
met1,93.1500,138.7200,met1,101.4300,138.7200,4.631e-07
met1,93.1500,144.1600,met1,96.6000,144.1600,5.004e-07
met1,93.1500,149.6000,met1,101.8900,149.6000,2.218e-06
met1,93.1500,155.0400,met1,101.4300,155.0400,8.162e-07
met1,93.1500,160.4800,met1,95.4500,160.4800,4.812e-07
met1,93.1500,165.9200,met1,102.3500,165.9200,2.021e-06
met1,93.1500,171.3600,met1,97.2900,171.3600,1.216e-07
met1,93.1500,182.2400,met1,96.6000,182.2400,3.506e-07
met1,93.1500,187.6800,met1,100.2800,187.6800,1.542e-06
met1,93.1500,193.1200,met1,95.4500,193.1200,1.912e-06
met1,93.1500,198.5600,met1,95.4500,198.5600,3.443e-07
met1,93.1500,204.0000,met1,95.6800,204.0000,1.360e-07
met1,93.1500,209.4400,met1,101.2000,209.4400,1.872e-06
met1,93.1500,214.8800,met1,105.8000,214.8800,1.818e-06
met1,93.1500,220.3200,met1,96.3700,220.3200,2.602e-06
met1,93.1500,225.7600,met1,98.9000,225.7600,1.900e-06
met1,93.1500,231.2000,met1,97.5200,231.2000,2.679e-08
met1,93.1500,236.6400,met1,102.3500,236.6400,2.634e-06
met1,93.1500,247.5200,met1,96.8300,247.5200,1.464e-06
met1,93.1500,252.9600,met1,101.2000,252.9600,1.765e-06
met1,93.1500,263.8400,met1,96.1400,263.8400,1.797e-06
met1,93.1500,269.2800,met1,99.5900,269.2800,1.367e-06
met1,93.1500,274.7200,met1,95.2200,274.7200,1.062e-06
met1,93.1500,280.1600,met1,105.3400,280.1600,2.357e-06
met1,93.1500,285.6000,met1,96.1400,285.6000,1.643e-06
met1,93.1500,291.0400,met1,102.3500,291.0400,3.759e-06
met1,93.1500,301.9200,met1,95.4500,301.9200,2.018e-06
met1,93.1500,307.3600,met1,106.9500,307.3600,4.812e-06
met1,93.1500,312.8000,met1,100.5100,312.8000,2.283e-06
met1,93.1500,318.2400,met1,102.8100,318.2400,3.978e-06
met1,93.1500,323.6800,met1,97.7500,323.6800,4.118e-06
met1,93.1500,329.1200,met1,97.9800,329.1200,1.976e-06
met1,93.1500,334.5600,met1,95.2200,334.5600,2.118e-06
met1,93.1500,345.4400,met1,97.2900,345.4400,1.742e-06
met1,93.1500,350.8800,met1,96.3700,350.8800,3.004e-06
met1,93.1500,356.3200,met1,105.3400,356.3200,3.212e-06
met1,93.1500,367.2000,met1,106.9500,367.2000,2.360e-06
met1,93.1500,372.6400,met1,95.4500,372.6400,2.501e-06
met1,93.1500,378.0800,met1,100.2800,378.0800,3.145e-07
met1,93.1500,383.5200,met1,99.3600,383.5200,1.873e-06
met1,93.1500,388.9600,met1,99.1300,388.9600,5.365e-07
met1,93.1500,394.4000,met1,105.5700,394.4000,1.297e-06
met1,93.1500,399.8400,met1,95.4500,399.8400,1.359e-06
met1,93.1500,405.2800,met1,98.6700,405.2800,5.279e-07
met1,93.1500,410.7200,met1,101.4300,410.7200,1.204e-07
met1,93.1500,416.1600,met1,102.3500,416.1600,9.540e-07
met1,93.1500,421.6000,met1,100.9700,421.6000,1.377e-06
met1,93.1500,427.0400,met1,98.2100,427.0400,1.477e-06
met1,93.1500,432.4800,met1,97.2900,432.4800,3.261e-06
met1,93.1500,437.9200,met1,101.2000,437.9200,4.079e-06
met1,93.1500,443.3600,met1,106.9500,443.3600,2.679e-06
met1,93.1500,454.2400,met1,97.2900,454.2400,2.330e-06
met1,93.1500,459.6800,met1,98.9000,459.6800,2.506e-06
met1,93.1500,470.5600,met1,106.9500,470.5600,1.517e-06
met1,94.9900,24.4800,met1,99.5900,24.4800,2.795e-06
met1,95.2200,274.7200,met1,105.8000,274.7200,3.108e-06
met1,95.2200,334.5600,met1,106.2600,334.5600,4.165e-06
met1,95.4500,29.9200,met1,99.1300,29.9200,4.376e-06
met1,95.4500,160.4800,met1,99.3600,160.4800,7.525e-07
met1,95.4500,193.1200,met1,106.9500,193.1200,2.184e-06
met1,95.4500,198.5600,met1,100.2800,198.5600,3.273e-07
met1,95.4500,258.4000,met1,100.9700,258.4000,2.274e-06
met1,95.4500,301.9200,met1,99.5900,301.9200,2.289e-06
met1,95.4500,372.6400,met1,99.5900,372.6400,2.772e-06
met1,95.4500,399.8400,met1,98.9000,399.8400,1.088e-06
met1,95.6800,68.0000,met1,104.1900,68.0000,2.202e-06
met1,95.6800,106.0800,met1,99.5900,106.0800,6.355e-07
met1,95.6800,204.0000,met1,100.0500,204.0000,1.550e-06
met1,95.9100,62.5600,met1,106.9500,62.5600,2.918e-06
met1,96.1400,263.8400,met1,106.9500,263.8400,3.210e-06
met1,96.1400,285.6000,met1,100.0500,285.6000,3.689e-06
met1,96.3700,40.8000,met1,106.9500,40.8000,2.374e-06
met1,96.3700,220.3200,met1,100.0500,220.3200,2.874e-06
met1,96.3700,350.8800,met1,106.9500,350.8800,3.275e-06
met1,96.6000,133.2800,met1,99.1300,133.2800,1.058e-06
met1,96.6000,144.1600,met1,98.6700,144.1600,9.113e-07
met1,96.6000,182.2400,met1,99.1300,182.2400,1.765e-06
met1,96.8300,247.5200,met1,103.5000,247.5200,1.481e-06
met1,97.2900,57.1200,met1,103.7300,57.1200,2.793e-06
met1,97.2900,73.4400,met1,104.6500,73.4400,3.031e-06
met1,97.2900,171.3600,met1,106.2600,171.3600,1.498e-07
met1,97.2900,345.4400,met1,100.7400,345.4400,1.759e-06
met1,97.2900,432.4800,met1,100.5100,432.4800,1.832e-06
met1,97.2900,454.2400,met1,104.6500,454.2400,2.313e-06
met1,97.5200,231.2000,met1,104.1900,231.2000,1.387e-06
met1,97.7500,296.4800,met1,104.4200,296.4800,2.885e-06
met1,97.7500,323.6800,met1,106.9500,323.6800,4.390e-06
met1,97.7500,361.7600,met1,106.9500,361.7600,3.343e-06
met1,97.9800,329.1200,met1,101.8900,329.1200,3.390e-06
met1,98.2100,122.4000,met1,102.1200,122.4000,2.042e-06
met1,98.2100,427.0400,met1,106.9500,427.0400,1.205e-06
met1,98.4400,465.1200,met1,103.9600,465.1200,2.103e-06
met1,98.6700,144.1600,met1,106.2600,144.1600,1.183e-06
met1,98.6700,405.2800,met1,106.9500,405.2800,5.449e-07
met1,98.9000,78.8800,met1,106.9500,78.8800,1.952e-06
met1,98.9000,225.7600,met1,106.9500,225.7600,3.315e-06
met1,98.9000,399.8400,met1,103.0400,399.8400,3.248e-07
met1,98.9000,459.6800,met1,103.2700,459.6800,1.093e-06
met1,99.1300,13.6000,met1,101.2000,13.6000,3.873e-06
met1,99.1300,29.9200,met1,106.9500,29.9200,4.359e-06
met1,99.1300,46.2400,met1,101.2000,46.2400,4.120e-06
met1,99.1300,133.2800,met1,105.8000,133.2800,1.075e-06
met1,99.1300,182.2400,met1,105.5700,182.2400,2.036e-06
met1,99.1300,388.9600,met1,101.2000,388.9600,5.535e-07
met1,99.3600,160.4800,met1,106.2600,160.4800,2.166e-06
met1,99.3600,383.5200,met1,106.9500,383.5200,3.285e-06
met1,99.5900,24.4800,met1,106.9500,24.4800,2.778e-06
met1,99.5900,106.0800,met1,106.9500,106.0800,3.642e-07
met1,99.5900,269.2800,met1,102.3500,269.2800,1.639e-06
met1,99.5900,301.9200,met1,104.4200,301.9200,2.306e-06
met1,99.5900,372.6400,met1,104.4200,372.6400,2.789e-06
met1,99.8200,89.7600,met1,105.8000,89.7600,1.073e-06
met1,100.0500,204.0000,met1,105.5700,204.0000,1.821e-06
met1,100.0500,220.3200,met1,106.9500,220.3200,2.891e-06
met1,100.0500,285.6000,met1,106.9500,285.6000,3.960e-06
met1,100.2800,187.6800,met1,106.9500,187.6800,2.975e-06
met1,100.2800,198.5600,met1,104.6500,198.5600,1.720e-06
met1,100.2800,378.0800,met1,106.9500,378.0800,1.098e-06
met1,100.5100,312.8000,met1,104.8800,312.8000,2.300e-06
met1,100.5100,432.4800,met1,106.9500,432.4800,1.560e-06
met1,100.7400,345.4400,met1,103.9600,345.4400,3.173e-06
met1,100.9700,100.6400,met1,104.4200,100.6400,2.306e-06
met1,100.9700,258.4000,met1,103.9600,258.4000,2.291e-06
met1,100.9700,421.6000,met1,106.9500,421.6000,1.360e-06
met1,101.2000,13.6000,met1,106.9500,13.6000,1.818e-06
met1,101.2000,35.3600,met1,106.9500,35.3600,1.957e-06
met1,101.2000,46.2400,met1,106.9500,46.2400,2.062e-06
met1,101.2000,209.4400,met1,106.2600,209.4400,3.287e-06
met1,101.2000,252.9600,met1,106.9500,252.9600,3.179e-06
met1,101.2000,388.9600,met1,106.9500,388.9600,2.607e-06
met1,101.2000,437.9200,met1,103.9600,437.9200,2.035e-06
met1,101.2000,448.8000,met1,106.9500,448.8000,1.738e-06
met1,101.4300,138.7200,met1,106.9500,138.7200,7.344e-07
met1,101.4300,155.0400,met1,106.9500,155.0400,8.331e-07
met1,101.4300,410.7200,met1,106.9500,410.7200,1.034e-07
met1,101.8900,116.9600,met1,106.9500,116.9600,3.539e-07
met1,101.8900,149.6000,met1,106.9500,149.6000,2.235e-06
met1,101.8900,329.1200,met1,104.6500,329.1200,3.662e-06
met1,102.1200,122.4000,met1,106.9500,122.4000,5.824e-09
met1,102.3500,84.3200,met1,106.9500,84.3200,1.618e-06
met1,102.3500,165.9200,met1,106.9500,165.9200,2.038e-06
met1,102.3500,236.6400,met1,105.5700,236.6400,2.906e-06
met1,102.3500,269.2800,met1,106.9500,269.2800,1.656e-06
met1,102.3500,291.0400,met1,106.9500,291.0400,3.776e-06
met1,102.3500,340.0000,met1,106.9500,340.0000,3.107e-06
met1,102.3500,416.1600,met1,105.3400,416.1600,6.827e-07
met1,102.8100,318.2400,met1,106.9500,318.2400,3.995e-06
met1,103.0400,399.8400,met1,106.9500,399.8400,2.378e-06
met1,103.2700,459.6800,met1,106.4900,459.6800,8.217e-07
met1,103.5000,247.5200,met1,106.9500,247.5200,3.528e-06
met1,103.7300,57.1200,met1,106.9500,57.1200,2.776e-06
met1,103.9600,127.8400,met1,106.9500,127.8400,1.195e-06
met1,103.9600,258.4000,met1,106.9500,258.4000,4.338e-06
met1,103.9600,345.4400,met1,106.9500,345.4400,5.232e-06
met1,103.9600,437.9200,met1,106.9500,437.9200,6.224e-07
met1,103.9600,465.1200,met1,106.9500,465.1200,6.910e-07
met1,104.1900,68.0000,met1,106.9500,68.0000,2.185e-06
met1,104.1900,231.2000,met1,106.9500,231.2000,1.404e-06
met1,104.4200,100.6400,met1,106.9500,100.6400,2.614e-07
met1,104.4200,242.0800,met1,106.9500,242.0800,3.774e-06
met1,104.4200,296.4800,met1,106.9500,296.4800,4.933e-06
met1,104.4200,301.9200,met1,106.9500,301.9200,4.354e-06
met1,104.4200,372.6400,met1,106.9500,372.6400,4.833e-06
met1,104.6500,73.4400,met1,106.9500,73.4400,3.014e-06
met1,104.6500,95.2000,met1,106.9500,95.2000,8.960e-07
met1,104.6500,198.5600,met1,106.9500,198.5600,1.991e-06
met1,104.6500,329.1200,met1,106.9500,329.1200,3.679e-06
met1,104.6500,454.2400,met1,106.9500,454.2400,2.041e-06
met1,104.8800,19.0400,met1,106.9500,19.0400,1.664e-06
met1,104.8800,312.8000,met1,106.9500,312.8000,4.348e-06
met1,105.3400,280.1600,met1,117.7600,280.1600,3.771e-06
met1,105.3400,356.3200,met1,118.1200,356.3200,5.256e-06
met1,105.3400,416.1600,met1,115.6900,416.1600,7.288e-07
met1,105.5700,182.2400,met1,112.7000,182.2400,2.053e-06
met1,105.5700,204.0000,met1,110.8600,204.0000,1.838e-06
met1,105.5700,236.6400,met1,112.2400,236.6400,2.923e-06
met1,105.5700,394.4000,met1,112.7000,394.4000,1.314e-06
met1,105.8000,89.7600,met1,112.4700,89.7600,3.397e-07
met1,105.8000,133.2800,met1,117.3000,133.2800,3.124e-06
met1,105.8000,214.8800,met1,118.1200,214.8800,3.884e-06
met1,105.8000,274.7200,met1,112.9300,274.7200,4.522e-06
met1,106.2600,111.5200,met1,113.8500,111.5200,2.558e-08
met1,106.2600,144.1600,met1,118.1200,144.1600,3.239e-06
met1,106.2600,160.4800,met1,111.0900,160.4800,4.213e-06
met1,106.2600,171.3600,met1,113.8500,171.3600,2.197e-06
met1,106.2600,209.4400,met1,115.6900,209.4400,4.701e-06
met1,106.2600,334.5600,met1,118.1200,334.5600,5.578e-06
met1,106.4900,459.6800,met1,113.1600,459.6800,8.047e-07
met1,106.9500,13.6000,met1,109.4800,13.6000,1.818e-06
met1,106.9500,19.0400,met1,109.7100,19.0400,1.664e-06
met1,106.9500,24.4800,met1,110.1700,24.4800,2.778e-06
met1,106.9500,29.9200,met1,109.4800,29.9200,4.359e-06
met1,106.9500,35.3600,met1,109.2500,35.3600,5.438e-07
met1,106.9500,40.8000,met1,118.1200,40.8000,2.374e-06
met1,106.9500,46.2400,met1,109.7100,46.2400,2.062e-06
met1,106.9500,51.6800,met1,118.1200,51.6800,1.000e-06
met1,106.9500,57.1200,met1,110.4000,57.1200,2.776e-06
met1,106.9500,62.5600,met1,118.1200,62.5600,8.731e-07
met1,106.9500,68.0000,met1,113.8500,68.0000,2.185e-06
met1,106.9500,73.4400,met1,111.3200,73.4400,3.014e-06
met1,106.9500,78.8800,met1,118.1200,78.8800,1.952e-06
met1,106.9500,84.3200,met1,115.0000,84.3200,1.618e-06
met1,106.9500,95.2000,met1,115.0000,95.2000,8.960e-07
met1,106.9500,100.6400,met1,111.0900,100.6400,2.614e-07
met1,106.9500,106.0800,met1,109.7100,106.0800,1.049e-06
met1,106.9500,116.9600,met1,113.1600,116.9600,3.539e-07
met1,106.9500,122.4000,met1,109.7100,122.4000,5.824e-09
met1,106.9500,127.8400,met1,115.0000,127.8400,1.195e-06
met1,106.9500,138.7200,met1,109.9400,138.7200,7.344e-07
met1,106.9500,149.6000,met1,111.5500,149.6000,2.235e-06
met1,106.9500,155.0400,met1,112.7000,155.0400,8.331e-07
met1,106.9500,165.9200,met1,109.9400,165.9200,2.038e-06
met1,106.9500,176.8000,met1,114.0800,176.8000,2.812e-06
met1,106.9500,187.6800,met1,118.1200,187.6800,5.041e-06
met1,106.9500,193.1200,met1,111.0900,193.1200,2.184e-06
met1,106.9500,198.5600,met1,118.1200,198.5600,1.991e-06
met1,106.9500,220.3200,met1,111.5500,220.3200,2.891e-06
met1,106.9500,225.7600,met1,114.7700,225.7600,3.315e-06
met1,106.9500,231.2000,met1,116.1500,231.2000,3.471e-06
met1,106.9500,242.0800,met1,117.9900,242.0800,3.774e-06
met1,106.9500,247.5200,met1,114.5400,247.5200,3.528e-06
met1,106.9500,252.9600,met1,109.2500,252.9600,3.179e-06
met1,106.9500,258.4000,met1,115.0000,258.4000,4.338e-06
met1,106.9500,263.8400,met1,109.7100,263.8400,3.210e-06
met1,106.9500,269.2800,met1,115.6900,269.2800,3.702e-06
met1,106.9500,285.6000,met1,112.4700,285.6000,6.006e-06
met1,106.9500,291.0400,met1,118.1200,291.0400,3.776e-06
met1,106.9500,296.4800,met1,109.2500,296.4800,4.933e-06
met1,106.9500,301.9200,met1,109.2500,301.9200,4.354e-06
met1,106.9500,307.3600,met1,115.2300,307.3600,4.812e-06
met1,106.9500,312.8000,met1,112.4700,312.8000,4.348e-06
met1,106.9500,318.2400,met1,115.6900,318.2400,6.043e-06
met1,106.9500,323.6800,met1,112.4700,323.6800,4.390e-06
met1,106.9500,329.1200,met1,109.4800,329.1200,3.679e-06
met1,106.9500,340.0000,met1,115.6900,340.0000,5.154e-06
met1,106.9500,345.4400,met1,113.3900,345.4400,5.232e-06
met1,106.9500,350.8800,met1,109.2500,350.8800,3.275e-06
met1,106.9500,361.7600,met1,109.2500,361.7600,4.759e-06
met1,106.9500,367.2000,met1,116.8400,367.2000,2.360e-06
met1,106.9500,372.6400,met1,112.0100,372.6400,4.833e-06
met1,106.9500,378.0800,met1,113.6200,378.0800,1.369e-06
met1,106.9500,383.5200,met1,118.1200,383.5200,3.285e-06
met1,106.9500,388.9600,met1,109.2500,388.9600,2.607e-06
met1,106.9500,399.8400,met1,110.6300,399.8400,2.378e-06
met1,106.9500,405.2800,met1,114.3100,405.2800,5.449e-07
met1,106.9500,410.7200,met1,115.6900,410.7200,1.938e-06
met1,106.9500,421.6000,met1,115.2300,421.6000,6.946e-07
met1,106.9500,427.0400,met1,115.4600,427.0400,1.205e-06
met1,106.9500,432.4800,met1,114.0800,432.4800,1.560e-06
met1,106.9500,437.9200,met1,108.7900,437.9200,6.224e-07
met1,106.9500,443.3600,met1,118.1200,443.3600,6.212e-07
met1,106.9500,448.8000,met1,112.7000,448.8000,1.738e-06
met1,106.9500,454.2400,met1,116.6100,454.2400,2.041e-06
met1,106.9500,465.1200,met1,109.2500,465.1200,6.910e-07
met1,106.9500,470.5600,met1,118.1200,470.5600,1.517e-06
met1,108.7900,437.9200,met1,111.5500,437.9200,6.054e-07
met1,109.2500,35.3600,met1,115.2300,35.3600,2.725e-07
met1,109.2500,252.9600,met1,118.1200,252.9600,3.450e-06
met1,109.2500,296.4800,met1,113.8500,296.4800,5.204e-06
met1,109.2500,301.9200,met1,117.7600,301.9200,4.626e-06
met1,109.2500,350.8800,met1,118.1200,350.8800,4.959e-06
met1,109.2500,361.7600,met1,112.9300,361.7600,5.030e-06
met1,109.2500,388.9600,met1,117.0700,388.9600,2.878e-06
met1,109.2500,465.1200,met1,115.0000,465.1200,6.740e-07
met1,109.4800,13.6000,met1,116.1500,13.6000,4.048e-07
met1,109.4800,29.9200,met1,117.0700,29.9200,2.946e-06
met1,109.4800,329.1200,met1,114.3100,329.1200,5.725e-06
met1,109.7100,19.0400,met1,117.0700,19.0400,1.393e-06
met1,109.7100,46.2400,met1,114.7700,46.2400,3.779e-07
met1,109.7100,106.0800,met1,118.1200,106.0800,1.320e-06
met1,109.7100,122.4000,met1,116.6100,122.4000,2.772e-07
met1,109.7100,263.8400,met1,118.1200,263.8400,3.482e-06
met1,109.9400,138.7200,met1,118.1200,138.7200,2.421e-06
met1,109.9400,165.9200,met1,118.1200,165.9200,3.452e-06
met1,110.1700,24.4800,met1,118.1200,24.4800,2.506e-06
met1,110.4000,57.1200,met1,117.0700,57.1200,1.092e-06
met1,110.6300,399.8400,met1,113.1600,399.8400,2.649e-06
met1,110.8600,204.0000,met1,116.6100,204.0000,3.885e-06
met1,111.0900,100.6400,met1,118.1200,100.6400,2.444e-07
met1,111.0900,160.4800,met1,118.1200,160.4800,4.484e-06
met1,111.0900,193.1200,met1,113.1600,193.1200,2.455e-06
met1,111.3200,73.4400,met1,114.5400,73.4400,9.691e-07
met1,111.5500,149.6000,met1,116.1500,149.6000,2.506e-06
met1,111.5500,220.3200,met1,115.0000,220.3200,3.162e-06
met1,111.5500,437.9200,met1,115.4600,437.9200,3.341e-07
met1,112.0100,372.6400,met1,118.1200,372.6400,4.850e-06
met1,112.2400,236.6400,met1,118.1200,236.6400,4.981e-06
met1,112.4700,89.7600,met1,118.1200,89.7600,3.566e-07
met1,112.4700,285.6000,met1,115.2300,285.6000,6.277e-06
met1,112.4700,312.8000,met1,117.7600,312.8000,4.620e-06
met1,112.4700,323.6800,met1,118.1200,323.6800,4.407e-06
met1,112.7000,155.0400,met1,118.1200,155.0400,2.247e-06
met1,112.7000,182.2400,met1,117.9900,182.2400,4.120e-06
met1,112.7000,394.4000,met1,118.1200,394.4000,3.365e-06
met1,112.7000,448.8000,met1,118.1200,448.8000,3.264e-07
met1,112.9300,274.7200,met1,118.1200,274.7200,4.794e-06
met1,112.9300,361.7600,met1,115.2300,361.7600,5.047e-06
met1,113.1600,116.9600,met1,118.1200,116.9600,1.062e-06
met1,113.1600,193.1200,met1,118.1200,193.1200,3.870e-06
met1,113.1600,399.8400,met1,118.1200,399.8400,4.065e-06
met1,113.1600,459.6800,met1,118.1200,459.6800,1.254e-06
met1,113.3900,345.4400,met1,118.1200,345.4400,5.249e-06
met1,113.6200,378.0800,met1,118.1200,378.0800,4.823e-06
met1,113.8500,68.0000,met1,117.5300,68.0000,1.914e-06
met1,113.8500,111.5200,met1,117.9900,111.5200,2.457e-07
met1,113.8500,171.3600,met1,118.1200,171.3600,2.468e-06
met1,113.8500,296.4800,met1,118.1200,296.4800,5.221e-06
met1,114.0800,176.8000,met1,118.1200,176.8000,4.228e-06
met1,114.0800,432.4800,met1,118.1200,432.4800,1.489e-07
met1,114.3100,329.1200,met1,118.1200,329.1200,5.996e-06
met1,114.3100,405.2800,met1,118.1200,405.2800,5.619e-07
met1,114.5400,73.4400,met1,118.1200,73.4400,4.439e-07
met1,114.5400,247.5200,met1,118.1200,247.5200,4.947e-06
met1,114.7700,46.2400,met1,117.5300,46.2400,3.609e-07
met1,114.7700,225.7600,met1,118.1200,225.7600,3.332e-06
met1,115.0000,84.3200,met1,118.1200,84.3200,4.396e-07
met1,115.0000,95.2000,met1,118.1200,95.2000,1.158e-06
met1,115.0000,127.8400,met1,117.7600,127.8400,2.610e-06
met1,115.0000,220.3200,met1,118.1200,220.3200,4.579e-06
met1,115.0000,258.4000,met1,118.1200,258.4000,5.756e-06
met1,115.0000,465.1200,met1,118.1200,465.1200,1.369e-06
met1,115.2300,35.3600,met1,118.1200,35.3600,2.555e-07
met1,115.2300,285.6000,met1,118.1200,285.6000,6.294e-06
met1,115.2300,307.3600,met1,118.1200,307.3600,4.829e-06
met1,115.2300,361.7600,met1,118.1200,361.7600,5.319e-06
met1,115.2300,421.6000,met1,117.3000,421.6000,9.660e-07
met1,115.4600,427.0400,met1,118.1200,427.0400,2.062e-07
met1,115.4600,437.9200,met1,118.1200,437.9200,1.708e-06
met1,115.6900,209.4400,met1,118.1200,209.4400,4.718e-06
met1,115.6900,269.2800,met1,118.1200,269.2800,3.719e-06
met1,115.6900,318.2400,met1,118.1200,318.2400,6.314e-06
met1,115.6900,340.0000,met1,117.7600,340.0000,5.426e-06
met1,115.6900,410.7200,met1,118.1200,410.7200,2.210e-06
met1,115.6900,416.1600,met1,117.7600,416.1600,7.458e-07
met1,116.1500,13.6000,met1,118.1200,13.6000,3.878e-07
met1,116.1500,149.6000,met1,118.1200,149.6000,2.523e-06
met1,116.1500,231.2000,met1,118.1200,231.2000,3.742e-06
met1,116.6100,122.4000,met1,118.6800,122.4000,9.118e-06
met1,116.6100,122.4000,met2,118.1200,122.4000,9.432e-06
met1,116.6100,204.0000,met1,118.4500,204.0000,2.648e-06
met1,116.6100,204.0000,met2,118.1200,204.0000,6.550e-06
met1,116.6100,454.2400,met1,120.7500,454.2400,4.641e-06
met1,116.6100,454.2400,met2,118.1200,454.2400,2.871e-06
met1,116.8400,367.2000,met1,120.7500,367.2000,1.208e-06
met1,116.8400,367.2000,met2,118.1200,367.2000,2.568e-06
met1,117.0700,19.0400,met1,120.7500,19.0400,6.216e-06
met1,117.0700,19.0400,met2,118.1200,19.0400,6.895e-06
met1,117.0700,29.9200,met1,119.3700,29.9200,1.331e-05
met1,117.0700,29.9200,met2,118.1200,29.9200,1.038e-05
met1,117.0700,57.1200,met1,120.7500,57.1200,7.064e-06
met1,117.0700,57.1200,met2,118.1200,57.1200,5.989e-06
met1,117.0700,388.9600,met1,120.7500,388.9600,5.280e-07
met1,117.0700,388.9600,met2,118.1200,388.9600,4.037e-06
met1,117.3000,133.2800,met1,120.7500,133.2800,5.554e-07
met1,117.3000,133.2800,met2,118.1200,133.2800,4.898e-06
met1,117.3000,421.6000,met1,120.7500,421.6000,2.647e-06
met1,117.3000,421.6000,met2,118.1200,421.6000,5.664e-06
met1,117.5300,46.2400,met1,120.7500,46.2400,7.357e-06
met1,117.5300,46.2400,met2,118.1200,46.2400,7.013e-06
met1,117.5300,68.0000,met1,120.7500,68.0000,5.954e-06
met1,117.5300,68.0000,met2,118.1200,68.0000,4.311e-06
met1,117.7600,127.8400,met1,120.7500,127.8400,9.859e-07
met1,117.7600,127.8400,met2,118.1200,127.8400,3.613e-06
met1,117.7600,280.1600,met1,120.7500,280.1600,2.289e-06
met1,117.7600,280.1600,met2,118.1200,280.1600,2.897e-06
met1,117.7600,301.9200,met1,120.7500,301.9200,2.334e-06
met1,117.7600,301.9200,met2,118.1200,301.9200,4.355e-06
met1,117.7600,312.8000,met1,120.7500,312.8000,2.646e-06
met1,117.7600,312.8000,met2,118.1200,312.8000,4.034e-06
met1,117.7600,340.0000,met1,120.7500,340.0000,2.504e-06
met1,117.7600,340.0000,met2,118.1200,340.0000,4.342e-06
met1,117.7600,416.1600,met1,120.7500,416.1600,6.286e-07
met1,117.7600,416.1600,met2,118.1200,416.1600,2.786e-06
met1,117.9900,111.5200,met1,120.7500,111.5200,7.983e-06
met1,117.9900,111.5200,met2,118.1200,111.5200,8.263e-06
met1,117.9900,182.2400,met1,120.7500,182.2400,1.265e-06
met1,117.9900,182.2400,met2,118.1200,182.2400,2.872e-06
met1,117.9900,242.0800,met1,120.7500,242.0800,4.855e-07
met1,117.9900,242.0800,met2,118.1200,242.0800,3.560e-06
met1,118.1200,13.6000,met1,120.7500,13.6000,5.659e-06
met1,118.1200,13.6000,met2,118.1200,13.6000,5.272e-06
met1,118.1200,24.4800,met1,120.7500,24.4800,8.698e-06
met1,118.1200,24.4800,met2,118.1200,24.4800,6.192e-06
met1,118.1200,35.3600,met1,120.7500,35.3600,8.242e-06
met1,118.1200,35.3600,met2,118.1200,35.3600,7.986e-06
met1,118.1200,40.8000,met1,120.7500,40.8000,5.480e-06
met1,118.1200,40.8000,met2,118.1200,40.8000,3.106e-06
met1,118.1200,51.6800,met1,120.7500,51.6800,5.014e-06
met1,118.1200,51.6800,met2,118.1200,51.6800,4.014e-06
met1,118.1200,62.5600,met1,120.7500,62.5600,7.708e-06
met1,118.1200,62.5600,met2,118.1200,62.5600,6.835e-06
met1,118.1200,73.4400,met1,120.7500,73.4400,7.100e-06
met1,118.1200,73.4400,met2,118.1200,73.4400,7.544e-06
met1,118.1200,78.8800,met1,120.7500,78.8800,4.098e-06
met1,118.1200,78.8800,met2,118.1200,78.8800,3.560e-06
met1,118.1200,84.3200,met1,120.7500,84.3200,5.711e-06
met1,118.1200,84.3200,met2,118.1200,84.3200,6.151e-06
met1,118.1200,89.7600,met1,120.7500,89.7600,4.551e-06
met1,118.1200,89.7600,met2,118.1200,89.7600,4.907e-06
met1,118.1200,95.2000,met1,120.7500,95.2000,2.091e-06
met1,118.1200,95.2000,met2,118.1200,95.2000,3.249e-06
met1,118.1200,100.6400,met1,120.7500,100.6400,4.297e-06
met1,118.1200,100.6400,met2,118.1200,100.6400,5.737e-06
met1,118.1200,106.0800,met1,120.7500,106.0800,2.511e-06
met1,118.1200,106.0800,met2,118.1200,106.0800,3.831e-06
met1,118.1200,116.9600,met1,120.7500,116.9600,4.934e-06
met1,118.1200,116.9600,met2,118.1200,116.9600,5.995e-06
met1,118.1200,138.7200,met1,120.7500,138.7200,4.480e-07
met1,118.1200,138.7200,met2,118.1200,138.7200,2.886e-06
met1,118.1200,144.1600,met1,120.7500,144.1600,3.443e-07
met1,118.1200,144.1600,met2,118.1200,144.1600,3.583e-06
met1,118.1200,149.6000,met1,120.0600,149.6000,3.561e-07
met1,118.1200,149.6000,met2,118.1200,149.6000,2.879e-06
met1,118.1200,155.0400,met1,120.7500,155.0400,5.187e-07
met1,118.1200,155.0400,met2,118.1200,155.0400,1.728e-06
met1,118.1200,160.4800,met1,120.7500,160.4800,1.053e-06
met1,118.1200,160.4800,met2,118.1200,160.4800,3.431e-06
met1,118.1200,165.9200,met1,120.7500,165.9200,8.519e-07
met1,118.1200,165.9200,met2,118.1200,165.9200,2.633e-06
met1,118.1200,171.3600,met1,120.7500,171.3600,4.093e-06
met1,118.1200,171.3600,met2,118.1200,171.3600,6.599e-06
met1,118.1200,176.8000,met1,120.7500,176.8000,1.899e-06
met1,118.1200,176.8000,met2,118.1200,176.8000,2.600e-06
met1,118.1200,187.6800,met1,120.7500,187.6800,2.353e-06
met1,118.1200,187.6800,met2,118.1200,187.6800,2.706e-06
met1,118.1200,193.1200,met1,120.7500,193.1200,2.852e-07
met1,118.1200,193.1200,met2,118.1200,193.1200,3.585e-06
met1,118.1200,198.5600,met1,120.2900,198.5600,7.197e-06
met1,118.1200,198.5600,met2,118.1200,198.5600,9.188e-06
met1,118.1200,209.4400,met1,120.7500,209.4400,1.562e-06
met1,118.1200,209.4400,met2,118.1200,209.4400,3.156e-06
met1,118.1200,214.8800,met1,120.7500,214.8800,1.310e-06
met1,118.1200,214.8800,met2,118.1200,214.8800,2.574e-06
met1,118.1200,220.3200,met1,120.7500,220.3200,2.872e-06
met1,118.1200,220.3200,met2,118.1200,220.3200,3.123e-06
met1,118.1200,225.7600,met1,120.7500,225.7600,7.500e-07
met1,118.1200,225.7600,met2,118.1200,225.7600,2.631e-06
met1,118.1200,231.2000,met1,120.7500,231.2000,3.574e-06
met1,118.1200,231.2000,met2,118.1200,231.2000,7.316e-06
met1,118.1200,236.6400,met1,120.0600,236.6400,1.009e-06
met1,118.1200,236.6400,met2,118.1200,236.6400,3.972e-06
met1,118.1200,247.5200,met1,120.7500,247.5200,1.030e-06
met1,118.1200,247.5200,met2,118.1200,247.5200,3.917e-06
met1,118.1200,252.9600,met1,120.7500,252.9600,2.645e-07
met1,118.1200,252.9600,met2,118.1200,252.9600,5.134e-06
met1,118.1200,258.4000,met1,120.7500,258.4000,2.535e-06
met1,118.1200,258.4000,met2,118.1200,258.4000,3.221e-06
met1,118.1200,263.8400,met1,120.7500,263.8400,8.279e-07
met1,118.1200,263.8400,met2,118.1200,263.8400,5.725e-06
met1,118.1200,269.2800,met1,120.7500,269.2800,1.878e-06
met1,118.1200,269.2800,met2,118.1200,269.2800,5.597e-06
met1,118.1200,274.7200,met1,120.5200,274.7200,3.931e-07
met1,118.1200,274.7200,met2,118.1200,274.7200,4.400e-06
met1,118.1200,285.6000,met1,120.7500,285.6000,1.244e-06
met1,118.1200,285.6000,met2,118.1200,285.6000,5.050e-06
met1,118.1200,291.0400,met1,120.7500,291.0400,4.445e-06
met1,118.1200,291.0400,met2,118.1200,291.0400,7.466e-07
met1,118.1200,296.4800,met1,120.7500,296.4800,2.113e-06
met1,118.1200,296.4800,met2,118.1200,296.4800,4.528e-06
met1,118.1200,307.3600,met1,120.7500,307.3600,3.641e-06
met1,118.1200,307.3600,met2,118.1200,307.3600,2.608e-06
met1,118.1200,318.2400,met1,120.7500,318.2400,4.626e-06
met1,118.1200,318.2400,met2,118.1200,318.2400,1.688e-06
met1,118.1200,323.6800,met1,120.7500,323.6800,3.975e-06
met1,118.1200,323.6800,met2,118.1200,323.6800,2.480e-06
met1,118.1200,329.1200,met1,120.7500,329.1200,1.971e-06
met1,118.1200,329.1200,met2,118.1200,329.1200,4.025e-06
met1,118.1200,334.5600,met1,120.7500,334.5600,4.146e-06
met1,118.1200,334.5600,met2,118.1200,334.5600,2.848e-06
met1,118.1200,345.4400,met1,120.7500,345.4400,3.231e-06
met1,118.1200,345.4400,met2,118.1200,345.4400,4.079e-06
met1,118.1200,350.8800,met1,120.7500,350.8800,1.368e-06
met1,118.1200,350.8800,met2,118.1200,350.8800,3.591e-06
met1,118.1200,356.3200,met1,120.7500,356.3200,4.166e-06
met1,118.1200,356.3200,met2,118.1200,356.3200,1.090e-06
met1,118.1200,361.7600,met1,120.7500,361.7600,1.640e-06
met1,118.1200,361.7600,met2,118.1200,361.7600,5.727e-06
met1,118.1200,372.6400,met1,120.7500,372.6400,1.080e-06
met1,118.1200,372.6400,met2,118.1200,372.6400,3.770e-06
met1,118.1200,378.0800,met1,120.7500,378.0800,9.157e-07
met1,118.1200,378.0800,met2,118.1200,378.0800,5.739e-06
met1,118.1200,383.5200,met1,120.7500,383.5200,1.676e-06
met1,118.1200,383.5200,met2,118.1200,383.5200,1.609e-06
met1,118.1200,394.4000,met1,120.7500,394.4000,1.373e-06
met1,118.1200,394.4000,met2,118.1200,394.4000,4.738e-06
met1,118.1200,399.8400,met1,120.7500,399.8400,4.278e-07
met1,118.1200,399.8400,met2,118.1200,399.8400,4.493e-06
met1,118.1200,405.2800,met1,120.7500,405.2800,2.383e-06
met1,118.1200,405.2800,met2,118.1200,405.2800,2.945e-06
met1,118.1200,410.7200,met1,120.7500,410.7200,2.695e-07
met1,118.1200,410.7200,met2,118.1200,410.7200,4.521e-06
met1,118.1200,427.0400,met1,120.7500,427.0400,1.689e-06
met1,118.1200,427.0400,met2,118.1200,427.0400,1.895e-06
met1,118.1200,432.4800,met1,120.7500,432.4800,4.925e-06
met1,118.1200,432.4800,met2,118.1200,432.4800,4.777e-06
met1,118.1200,437.9200,met1,120.7500,437.9200,2.959e-06
met1,118.1200,437.9200,met2,118.1200,437.9200,4.668e-06
met1,118.1200,443.3600,met1,120.7500,443.3600,4.006e-06
met1,118.1200,443.3600,met2,118.1200,443.3600,3.385e-06
met1,118.1200,448.8000,met1,120.0600,448.8000,7.316e-06
met1,118.1200,448.8000,met2,118.1200,448.8000,6.989e-06
met1,118.1200,459.6800,met1,120.7500,459.6800,2.367e-06
met1,118.1200,459.6800,met2,118.1200,459.6800,3.892e-06
met1,118.1200,465.1200,met1,120.5200,465.1200,5.136e-06
met1,118.1200,465.1200,met2,118.1200,465.1200,6.504e-06
met1,118.1200,470.5600,met1,120.7500,470.5600,3.012e-06
met1,118.1200,470.5600,met2,118.1200,470.5600,1.495e-06
met1,118.4500,204.0000,met1,120.7500,204.0000,2.376e-06
met1,118.6800,122.4000,met1,120.7500,122.4000,7.044e-06
met1,119.3700,29.9200,met1,122.8200,29.9200,7.190e-06
met1,120.0600,149.6000,met1,127.6500,149.6000,1.705e-06
met1,120.0600,236.6400,met1,127.6500,236.6400,3.076e-06
met1,120.0600,448.8000,met1,126.7300,448.8000,5.900e-06
met1,120.2900,198.5600,met1,128.8000,198.5600,3.739e-06
met1,120.5200,274.7200,met1,123.5100,274.7200,2.441e-06
met1,120.5200,465.1200,met1,125.3500,465.1200,3.724e-06
met1,120.7500,13.6000,met1,129.0300,13.6000,5.659e-06
met1,120.7500,19.0400,met1,128.8000,19.0400,6.216e-06
met1,120.7500,24.4800,met1,123.2800,24.4800,8.698e-06
met1,120.7500,35.3600,met1,134.5500,35.3600,6.197e-06
met1,120.7500,40.8000,met1,130.4100,40.8000,5.480e-06
met1,120.7500,46.2400,met1,131.5600,46.2400,5.312e-06
met1,120.7500,51.6800,met1,128.1100,51.6800,5.014e-06
met1,120.7500,57.1200,met1,126.9600,57.1200,7.064e-06
met1,120.7500,62.5600,met1,127.8800,62.5600,5.650e-06
met1,120.7500,68.0000,met1,134.5500,68.0000,5.954e-06
met1,120.7500,73.4400,met1,125.5800,73.4400,7.083e-06
met1,120.7500,78.8800,met1,129.9500,78.8800,4.098e-06
met1,120.7500,84.3200,met1,123.0500,84.3200,5.711e-06
met1,120.7500,89.7600,met1,123.2800,89.7600,4.551e-06
met1,120.7500,95.2000,met1,134.5500,95.2000,2.091e-06
met1,120.7500,100.6400,met1,125.8100,100.6400,4.297e-06
met1,120.7500,106.0800,met1,130.4100,106.0800,2.459e-06
met1,120.7500,111.5200,met1,123.9700,111.5200,7.983e-06
met1,120.7500,116.9600,met1,126.5000,116.9600,5.258e-07
met1,120.7500,122.4000,met1,129.0300,122.4000,7.044e-06
met1,120.7500,127.8400,met1,123.9700,127.8400,9.859e-07
met1,120.7500,133.2800,met1,134.5500,133.2800,5.554e-07
met1,120.7500,138.7200,met1,132.0200,138.7200,4.480e-07
met1,120.7500,144.1600,met1,124.6600,144.1600,3.443e-07
met1,120.7500,155.0400,met1,126.5000,155.0400,5.187e-07
met1,120.7500,160.4800,met1,122.8200,160.4800,2.469e-06
met1,120.7500,165.9200,met1,122.8200,165.9200,8.519e-07
met1,120.7500,171.3600,met1,126.7300,171.3600,2.910e-06
met1,120.7500,176.8000,met1,126.5000,176.8000,1.899e-06
met1,120.7500,182.2400,met1,124.2000,182.2400,1.265e-06
met1,120.7500,187.6800,met1,134.3200,187.6800,2.353e-06
met1,120.7500,193.1200,met1,126.5000,193.1200,2.334e-06
met1,120.7500,204.0000,met1,123.2800,204.0000,2.376e-06
met1,120.7500,209.4400,met1,126.7300,209.4400,3.631e-06
met1,120.7500,214.8800,met1,127.4200,214.8800,1.327e-06
met1,120.7500,220.3200,met1,133.6300,220.3200,2.872e-06
met1,120.7500,225.7600,met1,124.2000,225.7600,7.500e-07
met1,120.7500,231.2000,met1,122.5900,231.2000,3.574e-06
met1,120.7500,242.0800,met1,123.0500,242.0800,4.855e-07
met1,120.7500,247.5200,met1,125.1200,247.5200,1.030e-06
met1,120.7500,252.9600,met1,124.8900,252.9600,2.645e-07
met1,120.7500,258.4000,met1,125.5800,258.4000,2.535e-06
met1,120.7500,263.8400,met1,123.5100,263.8400,8.279e-07
met1,120.7500,269.2800,met1,123.9700,269.2800,1.878e-06
met1,120.7500,280.1600,met1,131.5600,280.1600,2.289e-06
met1,120.7500,285.6000,met1,125.8100,285.6000,3.294e-06
met1,120.7500,291.0400,met1,134.5500,291.0400,4.445e-06
met1,120.7500,296.4800,met1,127.6500,296.4800,2.113e-06
met1,120.7500,301.9200,met1,124.8900,301.9200,2.334e-06
met1,120.7500,307.3600,met1,134.3200,307.3600,3.641e-06
met1,120.7500,312.8000,met1,127.1900,312.8000,2.646e-06
met1,120.7500,318.2400,met1,130.4100,318.2400,4.626e-06
met1,120.7500,323.6800,met1,124.4300,323.6800,3.975e-06
met1,120.7500,329.1200,met1,128.8000,329.1200,1.971e-06
met1,120.7500,334.5600,met1,124.8900,334.5600,4.146e-06
met1,120.7500,340.0000,met1,128.8000,340.0000,2.504e-06
met1,120.7500,345.4400,met1,125.8100,345.4400,3.231e-06
met1,120.7500,350.8800,met1,127.8800,350.8800,1.385e-06
met1,120.7500,356.3200,met1,133.1700,356.3200,4.166e-06
met1,120.7500,361.7600,met1,123.0500,361.7600,1.640e-06
met1,120.7500,367.2000,met1,123.9700,367.2000,1.208e-06
met1,120.7500,372.6400,met1,123.9700,372.6400,1.080e-06
met1,120.7500,378.0800,met1,126.5000,378.0800,9.157e-07
met1,120.7500,383.5200,met1,132.2500,383.5200,1.947e-06
met1,120.7500,388.9600,met1,130.4100,388.9600,5.280e-07
met1,120.7500,394.4000,met1,126.0400,394.4000,1.373e-06
met1,120.7500,399.8400,met1,129.9500,399.8400,4.108e-07
met1,120.7500,405.2800,met1,123.9700,405.2800,2.383e-06
met1,120.7500,410.7200,met1,130.4100,410.7200,2.695e-07
met1,120.7500,416.1600,met1,129.4900,416.1600,6.286e-07
met1,120.7500,421.6000,met1,123.9700,421.6000,2.647e-06
met1,120.7500,427.0400,met1,134.5500,427.0400,1.689e-06
met1,120.7500,432.4800,met1,123.5100,432.4800,4.925e-06
met1,120.7500,437.9200,met1,126.5000,437.9200,2.959e-06
met1,120.7500,443.3600,met1,123.0500,443.3600,4.006e-06
met1,120.7500,454.2400,met1,122.5900,454.2400,4.641e-06
met1,120.7500,459.6800,met1,126.5000,459.6800,2.367e-06
met1,120.7500,470.5600,met1,128.8000,470.5600,3.012e-06
met1,122.5900,231.2000,met1,124.4300,231.2000,3.537e-06
met1,122.5900,454.2400,met1,126.9600,454.2400,4.624e-06
met1,122.8200,29.9200,met1,131.7900,29.9200,5.136e-06
met1,122.8200,160.4800,met1,132.4800,160.4800,2.516e-06
met1,122.8200,165.9200,met1,131.1000,165.9200,2.900e-06
met1,123.0500,84.3200,met1,131.5600,84.3200,5.440e-06
met1,123.0500,242.0800,met1,132.0200,242.0800,5.380e-07
met1,123.0500,361.7600,met1,129.7200,361.7600,1.657e-06
met1,123.0500,443.3600,met1,132.0200,443.3600,3.735e-06
met1,123.2800,24.4800,met1,126.5000,24.4800,6.636e-06
met1,123.2800,89.7600,met1,126.2700,89.7600,3.137e-06
met1,123.2800,204.0000,met1,129.0300,204.0000,3.077e-07
met1,123.5100,263.8400,met1,128.1100,263.8400,7.808e-07
met1,123.5100,274.7200,met1,127.1900,274.7200,2.712e-06
met1,123.5100,432.4800,met1,127.8800,432.4800,4.908e-06
met1,123.9700,111.5200,met1,134.3200,111.5200,1.017e-07
met1,123.9700,127.8400,met1,127.6500,127.8400,7.146e-07
met1,123.9700,269.2800,met1,126.7300,269.2800,2.847e-06
met1,123.9700,367.2000,met1,127.8800,367.2000,1.479e-06
met1,123.9700,372.6400,met1,134.5500,372.6400,1.097e-06
met1,123.9700,405.2800,met1,126.5000,405.2800,2.112e-06
met1,123.9700,421.6000,met1,128.3400,421.6000,2.375e-06
met1,124.2000,182.2400,met1,131.3300,182.2400,3.333e-06
met1,124.2000,225.7600,met1,128.3400,225.7600,7.668e-07
met1,124.4300,231.2000,met1,134.5500,231.2000,3.466e-06
met1,124.4300,323.6800,met1,127.6500,323.6800,4.246e-06
met1,124.6600,144.1600,met1,129.9500,144.1600,1.769e-06
met1,124.8900,252.9600,met1,134.5500,252.9600,4.507e-06
met1,124.8900,301.9200,met1,128.8000,301.9200,2.605e-06
met1,124.8900,334.5600,met1,134.5500,334.5600,4.163e-06
met1,125.1200,247.5200,met1,133.4000,247.5200,3.148e-06
met1,125.3500,465.1200,met1,131.3300,465.1200,3.453e-06
met1,125.5800,73.4400,met1,131.5600,73.4400,4.973e-06
met1,125.5800,258.4000,met1,131.1000,258.4000,2.573e-06
met1,125.8100,100.6400,met1,129.2600,100.6400,4.280e-06
met1,125.8100,285.6000,met1,134.5500,285.6000,3.565e-06
met1,125.8100,345.4400,met1,134.5500,345.4400,4.918e-06
met1,126.0400,394.4000,met1,134.5500,394.4000,6.782e-07
met1,126.2700,89.7600,met1,130.4100,89.7600,3.120e-06
met1,126.5000,24.4800,met1,131.7900,24.4800,4.591e-06
met1,126.5000,116.9600,met1,129.2600,116.9600,5.766e-07
met1,126.5000,155.0400,met1,131.3300,155.0400,1.935e-06
met1,126.5000,176.8000,met1,134.0900,176.8000,3.316e-06
met1,126.5000,193.1200,met1,129.9500,193.1200,3.750e-06
met1,126.5000,378.0800,met1,134.5500,378.0800,2.538e-06
met1,126.5000,405.2800,met1,134.5500,405.2800,7.007e-07
met1,126.5000,437.9200,met1,133.1700,437.9200,1.548e-06
met1,126.5000,459.6800,met1,132.2500,459.6800,9.552e-07
met1,126.7300,171.3600,met1,132.7100,171.3600,3.181e-06
met1,126.7300,209.4400,met1,132.2500,209.4400,3.902e-06
met1,126.7300,269.2800,met1,133.8600,269.2800,2.881e-06
met1,126.7300,448.8000,met1,134.5500,448.8000,7.073e-08
met1,126.9600,57.1200,met1,129.9500,57.1200,5.651e-06
met1,126.9600,454.2400,met1,134.5500,454.2400,2.572e-06
met1,127.1900,274.7200,met1,131.1000,274.7200,2.729e-06
met1,127.1900,312.8000,met1,134.5500,312.8000,4.333e-06
met1,127.4200,214.8800,met1,134.5500,214.8800,3.396e-06
met1,127.6500,127.8400,met1,133.8600,127.8400,6.976e-07
met1,127.6500,149.6000,met1,134.5500,149.6000,1.976e-06
met1,127.6500,236.6400,met1,130.1800,236.6400,3.348e-06
met1,127.6500,296.4800,met1,131.5600,296.4800,2.130e-06
met1,127.6500,323.6800,met1,134.5500,323.6800,4.263e-06
met1,127.8800,62.5600,met1,134.5500,62.5600,3.966e-06
met1,127.8800,350.8800,met1,133.6300,350.8800,3.449e-06
met1,127.8800,367.2000,met1,134.5500,367.2000,2.895e-06
met1,127.8800,432.4800,met1,133.1700,432.4800,2.866e-06
met1,128.1100,51.6800,met1,134.5500,51.6800,4.743e-06
met1,128.1100,263.8400,met1,133.4000,263.8400,3.946e-06
met1,128.3400,225.7600,met1,131.5600,225.7600,2.827e-06
met1,128.3400,421.6000,met1,134.5500,421.6000,9.595e-07
met1,128.8000,19.0400,met1,132.9400,19.0400,4.803e-06
met1,128.8000,198.5600,met1,134.5500,198.5600,5.155e-06
met1,128.8000,301.9200,met1,134.5500,301.9200,4.021e-06
met1,128.8000,329.1200,met1,132.0200,329.1200,3.387e-06
met1,128.8000,340.0000,met1,134.5500,340.0000,4.553e-06
met1,128.8000,470.5600,met1,134.5500,470.5600,1.600e-06
met1,129.0300,13.6000,met1,134.5500,13.6000,5.388e-06
met1,129.0300,122.4000,met1,133.1700,122.4000,7.009e-06
met1,129.0300,204.0000,met1,132.7100,204.0000,3.640e-08
met1,129.2600,100.6400,met1,132.2500,100.6400,2.170e-06
met1,129.2600,116.9600,met1,134.5500,116.9600,5.936e-07
met1,129.4900,416.1600,met1,131.3300,416.1600,6.116e-07
met1,129.7200,361.7600,met1,134.5500,361.7600,3.705e-06
met1,129.9500,57.1200,met1,134.5500,57.1200,5.634e-06
met1,129.9500,78.8800,met1,134.5500,78.8800,3.776e-06
met1,129.9500,144.1600,met1,134.5500,144.1600,2.091e-06
met1,129.9500,193.1200,met1,134.5500,193.1200,4.021e-06
met1,129.9500,399.8400,met1,134.5500,399.8400,1.225e-07
met1,130.1800,236.6400,met1,134.5500,236.6400,4.763e-06
met1,130.4100,40.8000,met1,134.5500,40.8000,5.208e-06
met1,130.4100,89.7600,met1,132.2500,89.7600,3.115e-06
met1,130.4100,106.0800,met1,134.5500,106.0800,2.302e-06
met1,130.4100,318.2400,met1,134.5500,318.2400,4.643e-06
met1,130.4100,388.9600,met1,134.5500,388.9600,5.450e-07
met1,130.4100,410.7200,met1,134.5500,410.7200,2.525e-07
met1,131.1000,165.9200,met1,132.9400,165.9200,2.915e-06
met1,131.1000,258.4000,met1,134.5500,258.4000,4.621e-06
met1,131.1000,274.7200,met1,134.5500,274.7200,4.145e-06
met1,131.3300,155.0400,met1,134.5500,155.0400,2.021e-06
met1,131.3300,182.2400,met1,134.5500,182.2400,3.605e-06
met1,131.3300,416.1600,met1,134.5500,416.1600,5.946e-07
met1,131.3300,465.1200,met1,134.5500,465.1200,3.436e-06
met1,131.5600,46.2400,met1,134.5500,46.2400,3.899e-06
met1,131.5600,73.4400,met1,134.5500,73.4400,3.541e-06
met1,131.5600,84.3200,met1,134.5500,84.3200,3.330e-06
met1,131.5600,225.7600,met1,134.5500,225.7600,4.242e-06
met1,131.5600,280.1600,met1,134.5500,280.1600,3.709e-06
met1,131.5600,296.4800,met1,134.5500,296.4800,4.178e-06
met1,131.7900,24.4800,met1,134.5500,24.4800,4.320e-06
met1,131.7900,29.9200,met1,134.5500,29.9200,3.451e-06
met1,132.0200,138.7200,met1,134.5500,138.7200,9.691e-07
met1,132.0200,242.0800,met1,134.5500,242.0800,9.089e-07
met1,132.0200,329.1200,met1,134.5500,329.1200,5.435e-06
met1,132.0200,443.3600,met1,134.5500,443.3600,1.412e-06
met1,132.2500,89.7600,met1,134.5500,89.7600,3.101e-06
met1,132.2500,100.6400,met1,134.5500,100.6400,2.164e-06
met1,132.2500,209.4400,met1,134.5500,209.4400,4.173e-06
met1,132.2500,383.5200,met1,134.5500,383.5200,2.218e-06
met1,132.2500,459.6800,met1,134.5500,459.6800,6.839e-07
met1,132.4800,160.4800,met1,134.5500,160.4800,2.607e-06
met1,132.7100,171.3600,met1,134.5500,171.3600,3.220e-06
met1,132.7100,204.0000,met1,134.5500,204.0000,5.679e-06
met1,132.9400,19.0400,met1,148.3500,19.0400,3.390e-06
met1,132.9400,165.9200,met1,135.4700,165.9200,2.932e-06
met1,133.1700,122.4000,met1,143.9800,122.4000,5.060e-06
met1,133.1700,356.3200,met1,145.1300,356.3200,4.184e-06
met1,133.1700,432.4800,met1,138.9200,432.4800,2.849e-06
met1,133.1700,437.9200,met1,142.1400,437.9200,1.276e-06
met1,133.4000,247.5200,met1,141.9100,247.5200,4.562e-06
met1,133.4000,263.8400,met1,139.8400,263.8400,3.963e-06
met1,133.6300,220.3200,met1,139.6100,220.3200,3.143e-06
met1,133.6300,350.8800,met1,135.9300,350.8800,3.720e-06
met1,133.8600,127.8400,met1,136.3900,127.8400,1.362e-06
met1,133.8600,269.2800,met1,143.7500,269.2800,4.930e-06
met1,134.0900,176.8000,met1,136.1600,176.8000,3.320e-06
met1,134.3200,111.5200,met1,148.3500,111.5200,2.124e-06
met1,134.3200,187.6800,met1,138.6900,187.6800,3.770e-06
met1,134.3200,307.3600,met1,144.6700,307.3600,5.705e-06
met1,134.5500,13.6000,met1,138.6900,13.6000,5.388e-06
met1,134.5500,24.4800,met1,146.9700,24.4800,4.320e-06
met1,134.5500,29.9200,met1,142.6000,29.9200,3.434e-06
met1,134.5500,35.3600,met1,141.4500,35.3600,4.784e-06
met1,134.5500,40.8000,met1,136.8500,40.8000,5.208e-06
met1,134.5500,46.2400,met1,137.7700,46.2400,3.899e-06
met1,134.5500,51.6800,met1,144.2100,51.6800,4.743e-06
met1,134.5500,57.1200,met1,136.6200,57.1200,5.634e-06
met1,134.5500,62.5600,met1,139.8400,62.5600,3.966e-06
met1,134.5500,68.0000,met1,140.9900,68.0000,3.908e-06
met1,134.5500,73.4400,met1,139.6100,73.4400,3.541e-06
met1,134.5500,78.8800,met1,148.3500,78.8800,3.776e-06
met1,134.5500,84.3200,met1,138.2300,84.3200,3.330e-06
met1,134.5500,89.7600,met1,137.3100,89.7600,3.101e-06
met1,134.5500,95.2000,met1,139.1500,95.2000,2.091e-06
met1,134.5500,100.6400,met1,140.3000,100.6400,2.147e-06
met1,134.5500,106.0800,met1,136.6200,106.0800,2.302e-06
met1,134.5500,116.9600,met1,140.9900,116.9600,7.003e-07
met1,134.5500,133.2800,met1,146.2800,133.2800,1.974e-06
met1,134.5500,138.7200,met1,136.8500,138.7200,9.691e-07
met1,134.5500,144.1600,met1,144.4400,144.1600,2.091e-06
met1,134.5500,149.6000,met1,138.6900,149.6000,1.976e-06
met1,134.5500,155.0400,met1,137.0800,155.0400,2.120e-06
met1,134.5500,160.4800,met1,136.3900,160.4800,2.653e-06
met1,134.5500,171.3600,met1,138.2300,171.3600,3.250e-06
met1,134.5500,182.2400,met1,136.3900,182.2400,3.605e-06
met1,134.5500,193.1200,met1,139.8400,193.1200,4.021e-06
met1,134.5500,198.5600,met1,137.3100,198.5600,5.155e-06
met1,134.5500,204.0000,met1,136.6200,204.0000,5.679e-06
met1,134.5500,209.4400,met1,142.3700,209.4400,4.173e-06
met1,134.5500,214.8800,met1,136.6200,214.8800,3.396e-06
met1,134.5500,225.7600,met1,148.3500,225.7600,4.242e-06
met1,134.5500,231.2000,met1,137.7700,231.2000,3.466e-06
met1,134.5500,236.6400,met1,136.3900,236.6400,4.763e-06
met1,134.5500,242.0800,met1,136.3900,242.0800,9.089e-07
met1,134.5500,252.9600,met1,141.4500,252.9600,4.507e-06
met1,134.5500,258.4000,met1,138.6900,258.4000,4.621e-06
met1,134.5500,274.7200,met1,138.6900,274.7200,4.145e-06
met1,134.5500,280.1600,met1,142.6000,280.1600,3.709e-06
met1,134.5500,285.6000,met1,136.6200,285.6000,3.565e-06
met1,134.5500,291.0400,met1,148.3500,291.0400,4.445e-06
met1,134.5500,296.4800,met1,140.0700,296.4800,4.178e-06
met1,134.5500,301.9200,met1,137.3100,301.9200,4.021e-06
met1,134.5500,312.8000,met1,137.5400,312.8000,4.333e-06
met1,134.5500,318.2400,met1,146.7400,318.2400,4.643e-06
met1,134.5500,323.6800,met1,141.6800,323.6800,4.263e-06
met1,134.5500,329.1200,met1,136.8500,329.1200,5.435e-06
met1,134.5500,334.5600,met1,139.8400,334.5600,4.163e-06
met1,134.5500,340.0000,met1,136.8500,340.0000,4.553e-06
met1,134.5500,345.4400,met1,138.4600,345.4400,4.918e-06
met1,134.5500,361.7600,met1,140.3000,361.7600,3.705e-06
met1,134.5500,367.2000,met1,136.8500,367.2000,2.895e-06
met1,134.5500,372.6400,met1,141.2200,372.6400,1.097e-06
met1,134.5500,378.0800,met1,136.3900,378.0800,2.538e-06
met1,134.5500,383.5200,met1,148.3500,383.5200,2.218e-06
met1,134.5500,388.9600,met1,137.0800,388.9600,5.450e-07
met1,134.5500,394.4000,met1,144.6700,394.4000,2.094e-06
met1,134.5500,399.8400,met1,136.6200,399.8400,1.225e-07
met1,134.5500,405.2800,met1,145.5900,405.2800,1.354e-06
met1,134.5500,410.7200,met1,137.5400,410.7200,2.525e-07
met1,134.5500,416.1600,met1,146.0500,416.1600,5.946e-07
met1,134.5500,421.6000,met1,142.8300,421.6000,1.096e-06
met1,134.5500,427.0400,met1,144.4400,427.0400,1.689e-06
met1,134.5500,443.3600,met1,145.1300,443.3600,1.412e-06
met1,134.5500,448.8000,met1,143.7500,448.8000,7.073e-08
met1,134.5500,454.2400,met1,138.0000,454.2400,2.572e-06
met1,134.5500,459.6800,met1,142.8300,459.6800,6.839e-07
met1,134.5500,465.1200,met1,143.7500,465.1200,1.393e-06
met1,134.5500,470.5600,met1,145.3600,470.5600,1.600e-06
met1,135.4700,165.9200,met1,137.3100,165.9200,2.959e-06
met1,135.9300,350.8800,met1,142.6000,350.8800,3.737e-06
met1,136.1600,176.8000,met1,147.2000,176.8000,3.328e-06
met1,136.3900,127.8400,met1,143.2900,127.8400,1.373e-06
met1,136.3900,160.4800,met1,139.8400,160.4800,2.710e-06
met1,136.3900,182.2400,met1,138.6900,182.2400,3.608e-06
met1,136.3900,236.6400,met1,139.1500,236.6400,4.780e-06
met1,136.3900,242.0800,met1,142.8300,242.0800,6.546e-06
met1,136.3900,378.0800,met1,138.4600,378.0800,2.555e-06
met1,136.6200,57.1200,met1,141.6800,57.1200,3.524e-06
met1,136.6200,106.0800,met1,140.3000,106.0800,7.291e-07
met1,136.6200,204.0000,met1,145.8200,204.0000,7.096e-06
met1,136.6200,214.8800,met1,146.0500,214.8800,4.813e-06
met1,136.6200,285.6000,met1,140.0700,285.6000,4.982e-06
met1,136.6200,399.8400,met1,144.2100,399.8400,1.932e-06
met1,136.8500,40.8000,met1,148.3500,40.8000,4.937e-06
met1,136.8500,138.7200,met1,145.1300,138.7200,1.240e-06
met1,136.8500,329.1200,met1,139.6100,329.1200,5.706e-06
met1,136.8500,340.0000,met1,141.9100,340.0000,4.825e-06
met1,136.8500,367.2000,met1,143.2900,367.2000,3.166e-06
met1,137.0800,155.0400,met1,138.9200,155.0400,2.215e-06
met1,137.0800,388.9600,met1,144.6700,388.9600,2.600e-06
met1,137.3100,89.7600,met1,142.1400,89.7600,2.940e-06
met1,137.3100,165.9200,met1,148.3500,165.9200,2.976e-06
met1,137.3100,198.5600,met1,139.1500,198.5600,5.157e-06
met1,137.3100,301.9200,met1,141.6800,301.9200,4.292e-06
met1,137.5400,312.8000,met1,140.0700,312.8000,5.753e-06
met1,137.5400,410.7200,met1,143.2900,410.7200,1.802e-06
met1,137.7700,46.2400,met1,142.6000,46.2400,3.882e-06
met1,137.7700,231.2000,met1,141.6800,231.2000,3.483e-06
met1,138.0000,454.2400,met1,146.7400,454.2400,1.156e-06
met1,138.2300,84.3200,met1,142.6000,84.3200,3.313e-06
met1,138.2300,171.3600,met1,140.5300,171.3600,3.306e-06
met1,138.4600,345.4400,met1,146.0500,345.4400,6.334e-06
met1,138.4600,378.0800,met1,146.0500,378.0800,3.966e-06
met1,138.6900,13.6000,met1,142.6000,13.6000,5.371e-06
met1,138.6900,149.6000,met1,140.5300,149.6000,2.059e-06
met1,138.6900,182.2400,met1,144.2100,182.2400,3.628e-06
met1,138.6900,187.6800,met1,140.9900,187.6800,3.778e-06
met1,138.6900,258.4000,met1,143.5200,258.4000,4.892e-06
met1,138.6900,274.7200,met1,142.6000,274.7200,4.416e-06
met1,138.9200,155.0400,met1,146.5100,155.0400,2.268e-06
met1,138.9200,432.4800,met1,146.9700,432.4800,6.057e-07
met1,139.1500,95.2000,met1,148.3500,95.2000,2.078e-06
met1,139.1500,198.5600,met1,145.8200,198.5600,5.163e-06
met1,139.1500,236.6400,met1,144.6700,236.6400,4.792e-06
met1,139.6100,73.4400,met1,142.6000,73.4400,3.270e-06
met1,139.6100,220.3200,met1,142.6000,220.3200,3.160e-06
met1,139.6100,329.1200,met1,144.4400,329.1200,5.723e-06
met1,139.8400,62.5600,met1,148.3500,62.5600,3.800e-06
met1,139.8400,160.4800,met1,146.5100,160.4800,2.789e-06
met1,139.8400,193.1200,met1,141.9100,193.1200,4.029e-06
met1,139.8400,263.8400,met1,141.6800,263.8400,6.011e-06
met1,139.8400,334.5600,met1,148.3500,334.5600,5.583e-06
met1,140.0700,285.6000,met1,148.3500,285.6000,4.999e-06
met1,140.0700,296.4800,met1,142.6000,296.4800,4.195e-06
met1,140.0700,312.8000,met1,148.3500,312.8000,6.025e-06
met1,140.3000,100.6400,met1,142.6000,100.6400,9.883e-08
met1,140.3000,106.0800,met1,142.8300,106.0800,5.632e-07
met1,140.3000,361.7600,met1,148.3500,361.7600,7.169e-06
met1,140.5300,149.6000,met1,144.6700,149.6000,2.113e-06
met1,140.5300,171.3600,met1,148.3500,171.3600,3.314e-06
met1,140.9900,68.0000,met1,147.6600,68.0000,3.891e-06
met1,140.9900,116.9600,met1,148.3500,116.9600,9.717e-07
met1,140.9900,187.6800,met1,143.5200,187.6800,3.828e-06
met1,141.2200,372.6400,met1,148.3500,372.6400,3.145e-06
met1,141.4500,35.3600,met1,145.8200,35.3600,4.767e-06
met1,141.4500,252.9600,met1,146.2800,252.9600,4.524e-06
met1,141.6800,57.1200,met1,148.3500,57.1200,1.953e-06
met1,141.6800,231.2000,met1,147.6600,231.2000,5.561e-06
met1,141.6800,263.8400,met1,148.3500,263.8400,7.427e-06
met1,141.6800,301.9200,met1,148.3500,301.9200,5.708e-06
met1,141.6800,323.6800,met1,148.3500,323.6800,5.679e-06
met1,141.9100,193.1200,met1,148.3500,193.1200,4.053e-06
met1,141.9100,247.5200,met1,148.3500,247.5200,4.573e-06
met1,141.9100,340.0000,met1,145.3600,340.0000,4.842e-06
met1,142.1400,89.7600,met1,145.3600,89.7600,2.774e-06
met1,142.1400,437.9200,met1,145.5900,437.9200,1.400e-07
met1,142.3700,209.4400,met1,144.2100,209.4400,4.175e-06
met1,142.6000,13.6000,met1,148.3500,13.6000,3.326e-06
met1,142.6000,29.9200,met1,147.4300,29.9200,1.324e-06
met1,142.6000,46.2400,met1,148.3500,46.2400,1.837e-06
met1,142.6000,73.4400,met1,147.8900,73.4400,1.853e-06
met1,142.6000,84.3200,met1,148.3500,84.3200,1.267e-06
met1,142.6000,100.6400,met1,148.3500,100.6400,1.318e-06
met1,142.6000,220.3200,met1,144.9000,220.3200,5.238e-06
met1,142.6000,274.7200,met1,148.3500,274.7200,5.836e-06
met1,142.6000,280.1600,met1,148.3500,280.1600,5.789e-06
met1,142.6000,296.4800,met1,148.3500,296.4800,6.244e-06
met1,142.6000,350.8800,met1,148.3500,350.8800,5.786e-06
met1,142.8300,106.0800,met1,146.0500,106.0800,5.576e-07
met1,142.8300,242.0800,met1,146.0500,242.0800,6.559e-06
met1,142.8300,421.6000,met1,148.3500,421.6000,1.367e-06
met1,142.8300,459.6800,met1,148.3500,459.6800,6.669e-07
met1,143.2900,127.8400,met1,146.0500,127.8400,1.386e-06
met1,143.2900,367.2000,met1,148.3500,367.2000,3.183e-06
met1,143.2900,410.7200,met1,148.3500,410.7200,2.073e-06
met1,143.5200,187.6800,met1,146.0500,187.6800,3.838e-06
met1,143.5200,258.4000,met1,148.3500,258.4000,4.929e-06
met1,143.7500,269.2800,met1,148.3500,269.2800,5.202e-06
met1,143.7500,448.8000,met1,148.3500,448.8000,5.371e-08
met1,143.7500,465.1200,met1,148.3500,465.1200,9.215e-07
met1,143.9800,122.4000,met1,146.5100,122.4000,6.479e-06
met1,144.2100,51.6800,met1,146.9700,51.6800,4.471e-06
met1,144.2100,182.2400,met1,146.0500,182.2400,3.648e-06
met1,144.2100,209.4400,met1,146.9700,209.4400,4.182e-06
met1,144.2100,399.8400,met1,148.1200,399.8400,2.203e-06
met1,144.4400,144.1600,met1,146.2800,144.1600,2.193e-06
met1,144.4400,329.1200,met1,148.3500,329.1200,7.771e-06
met1,144.4400,427.0400,met1,148.3500,427.0400,2.773e-07
met1,144.6700,149.6000,met1,146.9700,149.6000,2.121e-06
met1,144.6700,236.6400,met1,148.3500,236.6400,5.064e-06
met1,144.6700,307.3600,met1,148.3500,307.3600,5.722e-06
met1,144.6700,388.9600,met1,148.3500,388.9600,2.871e-06
met1,144.6700,394.4000,met1,148.3500,394.4000,2.111e-06
met1,144.9000,220.3200,met1,147.4300,220.3200,5.246e-06
met1,145.1300,138.7200,met1,146.9700,138.7200,1.263e-06
met1,145.1300,356.3200,met1,147.6600,356.3200,4.455e-06
met1,145.1300,443.3600,met1,148.3500,443.3600,1.395e-06
met1,145.3600,89.7600,met1,148.3500,89.7600,1.359e-06
met1,145.3600,340.0000,met1,148.3500,340.0000,6.890e-06
met1,145.3600,470.5600,met1,148.3500,470.5600,1.883e-07
met1,145.5900,405.2800,met1,148.3500,405.2800,1.371e-06
met1,145.5900,437.9200,met1,148.3500,437.9200,4.113e-07
met1,145.8200,35.3600,met1,148.3500,35.3600,2.657e-06
met1,145.8200,198.5600,met1,148.3500,198.5600,6.582e-06
met1,145.8200,204.0000,met1,148.3500,204.0000,7.104e-06
met1,146.0500,106.0800,met1,148.3500,106.0800,2.863e-07
met1,146.0500,127.8400,met1,148.3500,127.8400,1.476e-06
met1,146.0500,182.2400,met1,148.3500,182.2400,3.655e-06
met1,146.0500,187.6800,met1,148.3500,187.6800,3.839e-06
met1,146.0500,214.8800,met1,148.3500,214.8800,4.816e-06
met1,146.0500,242.0800,met1,148.3500,242.0800,6.572e-06
met1,146.0500,345.4400,met1,148.3500,345.4400,6.605e-06
met1,146.0500,378.0800,met1,148.3500,378.0800,4.237e-06
met1,146.0500,416.1600,met1,147.8900,416.1600,3.233e-07
met1,146.2800,133.2800,met1,148.3500,133.2800,2.093e-06
met1,146.2800,144.1600,met1,148.3500,144.1600,2.208e-06
met1,146.2800,252.9600,met1,148.3500,252.9600,6.601e-06
met1,146.5100,122.4000,met1,148.3500,122.4000,6.492e-06
met1,146.5100,155.0400,met1,148.3500,155.0400,2.351e-06
met1,146.5100,160.4800,met1,148.3500,160.4800,2.849e-06
met1,146.7400,318.2400,met1,158.1200,318.2400,6.059e-06
met1,146.7400,454.2400,met1,154.7900,454.2400,2.556e-07
met1,146.9700,24.4800,met1,154.1000,24.4800,2.888e-06
met1,146.9700,51.6800,met1,151.8000,51.6800,4.454e-06
met1,146.9700,138.7200,met1,148.8100,138.7200,1.308e-06
met1,146.9700,149.6000,met1,156.1700,149.6000,2.146e-06
met1,146.9700,209.4400,met1,153.6400,209.4400,4.202e-06
met1,146.9700,432.4800,met1,153.6400,432.4800,6.227e-07
met1,147.2000,176.8000,met1,149.2700,176.8000,3.336e-06
met1,147.4300,29.9200,met1,158.1200,29.9200,1.002e-06
met1,147.4300,220.3200,met1,150.6500,220.3200,5.252e-06
met1,147.6600,68.0000,met1,158.1200,68.0000,1.782e-06
met1,147.6600,231.2000,met1,153.4100,231.2000,7.639e-06
met1,147.6600,356.3200,met1,158.1200,356.3200,5.871e-06
met1,147.8900,73.4400,met1,154.3300,73.4400,1.836e-06
met1,147.8900,416.1600,met1,154.5600,416.1600,3.063e-07
met1,148.1200,399.8400,met1,158.1200,399.8400,3.615e-06
met1,148.3500,13.6000,met1,151.1100,13.6000,3.326e-06
met1,148.3500,19.0400,met1,154.1000,19.0400,3.390e-06
met1,148.3500,35.3600,met1,152.4900,35.3600,2.657e-06
met1,148.3500,40.8000,met1,150.1900,40.8000,4.771e-06
met1,148.3500,46.2400,met1,158.1200,46.2400,1.837e-06
met1,148.3500,57.1200,met1,152.7200,57.1200,1.953e-06
met1,148.3500,62.5600,met1,154.1000,62.5600,3.783e-06
met1,148.3500,78.8800,met1,158.1200,78.8800,3.776e-06
met1,148.3500,84.3200,met1,154.1000,84.3200,1.267e-06
met1,148.3500,89.7600,met1,152.9500,89.7600,1.359e-06
met1,148.3500,95.2000,met1,154.3300,95.2000,2.078e-06
met1,148.3500,100.6400,met1,155.2500,100.6400,1.324e-06
met1,148.3500,106.0800,met1,158.1200,106.0800,1.132e-06
met1,148.3500,111.5200,met1,153.4100,111.5200,2.124e-06
met1,148.3500,116.9600,met1,156.1700,116.9600,9.717e-07
met1,148.3500,122.4000,met1,154.3300,122.4000,6.492e-06
met1,148.3500,127.8400,met1,151.1100,127.8400,1.485e-06
met1,148.3500,133.2800,met1,150.1900,133.2800,2.114e-06
met1,148.3500,144.1600,met1,150.6500,144.1600,2.228e-06
met1,148.3500,155.0400,met1,151.3400,155.0400,2.393e-06
met1,148.3500,160.4800,met1,150.1900,160.4800,2.856e-06
met1,148.3500,165.9200,met1,155.2500,165.9200,2.976e-06
met1,148.3500,171.3600,met1,154.1000,171.3600,3.314e-06
met1,148.3500,182.2400,met1,157.5500,182.2400,3.655e-06
met1,148.3500,187.6800,met1,155.0200,187.6800,3.839e-06
met1,148.3500,193.1200,met1,152.4900,193.1200,4.053e-06
met1,148.3500,198.5600,met1,155.7100,198.5600,6.582e-06
met1,148.3500,204.0000,met1,156.1700,204.0000,7.104e-06
met1,148.3500,214.8800,met1,152.0300,214.8800,4.816e-06
met1,148.3500,225.7600,met1,151.1100,225.7600,4.242e-06
met1,148.3500,236.6400,met1,156.6300,236.6400,5.064e-06
met1,148.3500,242.0800,met1,154.5600,242.0800,6.572e-06
met1,148.3500,247.5200,met1,150.4200,247.5200,4.573e-06
met1,148.3500,252.9600,met1,158.1200,252.9600,6.601e-06
met1,148.3500,258.4000,met1,152.4900,258.4000,4.935e-06
met1,148.3500,263.8400,met1,158.1200,263.8400,7.427e-06
met1,148.3500,269.2800,met1,151.3400,269.2800,5.202e-06
met1,148.3500,274.7200,met1,158.1200,274.7200,5.836e-06
met1,148.3500,280.1600,met1,150.6500,280.1600,5.801e-06
met1,148.3500,285.6000,met1,150.4200,285.6000,4.999e-06
met1,148.3500,291.0400,met1,158.1200,291.0400,4.445e-06
met1,148.3500,296.4800,met1,150.6500,296.4800,6.244e-06
met1,148.3500,301.9200,met1,152.7200,301.9200,5.708e-06
met1,148.3500,307.3600,met1,158.1200,307.3600,5.722e-06
met1,148.3500,312.8000,met1,153.8700,312.8000,8.073e-06
met1,148.3500,323.6800,met1,151.1100,323.6800,5.679e-06
met1,148.3500,329.1200,met1,152.0300,329.1200,7.771e-06
met1,148.3500,334.5600,met1,155.2500,334.5600,5.583e-06
met1,148.3500,340.0000,met1,152.9500,340.0000,6.890e-06
met1,148.3500,345.4400,met1,154.7900,345.4400,6.605e-06
met1,148.3500,350.8800,met1,154.1000,350.8800,5.786e-06
met1,148.3500,361.7600,met1,156.8600,361.7600,7.169e-06
met1,148.3500,367.2000,met1,154.3300,367.2000,5.233e-06
met1,148.3500,372.6400,met1,158.1200,372.6400,3.145e-06
met1,148.3500,378.0800,met1,156.1700,378.0800,5.653e-06
met1,148.3500,383.5200,met1,151.3400,383.5200,2.218e-06
met1,148.3500,388.9600,met1,156.6300,388.9600,4.282e-06
met1,148.3500,394.4000,met1,151.3400,394.4000,2.111e-06
met1,148.3500,405.2800,met1,151.3400,405.2800,1.371e-06
met1,148.3500,410.7200,met1,158.1200,410.7200,2.073e-06
met1,148.3500,421.6000,met1,158.1200,421.6000,2.779e-06
met1,148.3500,427.0400,met1,155.4800,427.0400,2.773e-07
met1,148.3500,437.9200,met1,158.1200,437.9200,4.113e-07
met1,148.3500,443.3600,met1,150.8800,443.3600,1.395e-06
met1,148.3500,448.8000,met1,158.1200,448.8000,2.005e-06
met1,148.3500,459.6800,met1,154.3300,459.6800,6.669e-07
met1,148.3500,465.1200,met1,152.0300,465.1200,9.215e-07
met1,148.3500,470.5600,met1,158.1200,470.5600,1.883e-07
met1,148.8100,138.7200,met1,157.5500,138.7200,1.400e-06
met1,149.2700,176.8000,met1,158.1200,176.8000,3.337e-06
met1,150.1900,40.8000,met1,155.4800,40.8000,4.615e-06
met1,150.1900,133.2800,met1,158.1200,133.2800,2.146e-06
met1,150.1900,160.4800,met1,157.7800,160.4800,2.883e-06
met1,150.4200,247.5200,met1,154.7900,247.5200,6.260e-06
met1,150.4200,285.6000,met1,157.7800,285.6000,6.423e-06
met1,150.6500,144.1600,met1,158.1200,144.1600,2.235e-06
met1,150.6500,220.3200,met1,156.6300,220.3200,5.274e-06
met1,150.6500,280.1600,met1,158.1200,280.1600,6.073e-06
met1,150.6500,296.4800,met1,154.3300,296.4800,6.515e-06
met1,150.8800,443.3600,met1,155.2500,443.3600,6.639e-07
met1,151.1100,13.6000,met1,156.6300,13.6000,3.054e-06
met1,151.1100,127.8400,met1,154.1000,127.8400,1.530e-06
met1,151.1100,225.7600,met1,158.1200,225.7600,4.513e-06
met1,151.1100,323.6800,met1,154.5600,323.6800,5.696e-06
met1,151.3400,155.0400,met1,156.1700,155.0400,2.458e-06
met1,151.3400,269.2800,met1,154.1000,269.2800,7.255e-06
met1,151.3400,383.5200,met1,158.1200,383.5200,3.634e-06
met1,151.3400,394.4000,met1,158.1200,394.4000,4.169e-06
met1,151.3400,405.2800,met1,156.1700,405.2800,3.428e-06
met1,151.8000,51.6800,met1,158.1200,51.6800,3.038e-06
met1,152.0300,214.8800,met1,153.8700,214.8800,4.818e-06
met1,152.0300,329.1200,met1,158.1200,329.1200,8.043e-06
met1,152.0300,465.1200,met1,156.4000,465.1200,1.193e-06
met1,152.4900,35.3600,met1,155.0200,35.3600,2.640e-06
met1,152.4900,193.1200,met1,154.7900,193.1200,4.062e-06
met1,152.4900,258.4000,met1,155.9400,258.4000,4.946e-06
met1,152.7200,57.1200,met1,158.1200,57.1200,1.566e-07
met1,152.7200,301.9200,met1,158.1200,301.9200,7.124e-06
met1,152.9500,89.7600,met1,155.7100,89.7600,1.088e-06
met1,152.9500,340.0000,met1,156.4000,340.0000,7.161e-06
met1,153.4100,111.5200,met1,156.6300,111.5200,2.132e-06
met1,153.4100,231.2000,met1,155.7100,231.2000,7.911e-06
met1,153.6400,209.4400,met1,155.7100,209.4400,4.218e-06
met1,153.6400,432.4800,met1,158.1200,432.4800,2.681e-06
met1,153.8700,214.8800,met1,158.1200,214.8800,4.822e-06
met1,153.8700,312.8000,met1,158.0100,312.8000,8.344e-06
met1,154.1000,19.0400,met1,158.1200,19.0400,1.972e-06
met1,154.1000,24.4800,met1,158.1200,24.4800,7.782e-07
met1,154.1000,62.5600,met1,158.1200,62.5600,1.673e-06
met1,154.1000,84.3200,met1,158.1200,84.3200,1.516e-07
met1,154.1000,127.8400,met1,157.3200,127.8400,1.597e-06
met1,154.1000,171.3600,met1,158.1200,171.3600,6.150e-06
met1,154.1000,269.2800,met1,158.1200,269.2800,8.669e-06
met1,154.1000,350.8800,met1,158.1200,350.8800,7.201e-06
met1,154.3300,73.4400,met1,156.4000,73.4400,3.653e-07
met1,154.3300,95.2000,met1,157.5500,95.2000,2.073e-06
met1,154.3300,122.4000,met1,157.5500,122.4000,6.535e-06
met1,154.3300,296.4800,met1,158.1200,296.4800,7.952e-06
met1,154.3300,367.2000,met1,158.1200,367.2000,5.504e-06
met1,154.3300,459.6800,met1,158.1200,459.6800,6.499e-07
met1,154.5600,242.0800,met1,157.5500,242.0800,6.594e-06
met1,154.5600,323.6800,met1,157.7800,323.6800,7.112e-06
met1,154.5600,416.1600,met1,158.1200,416.1600,1.736e-06
met1,154.7900,193.1200,met1,157.3200,193.1200,4.165e-06
met1,154.7900,247.5200,met1,158.0100,247.5200,6.265e-06
met1,154.7900,345.4400,met1,158.1200,345.4400,6.622e-06
met1,154.7900,454.2400,met1,158.0100,454.2400,5.269e-07
met1,155.0200,35.3600,met1,158.1200,35.3600,5.945e-07
met1,155.0200,187.6800,met1,157.5500,187.6800,3.939e-06
met1,155.2500,100.6400,met1,158.0100,100.6400,1.337e-06
met1,155.2500,165.9200,met1,157.3200,165.9200,2.988e-06
met1,155.2500,334.5600,met1,158.1200,334.5600,5.600e-06
met1,155.2500,443.3600,met1,158.1200,443.3600,9.352e-07
met1,155.4800,40.8000,met1,158.1200,40.8000,3.201e-06
met1,155.4800,427.0400,met1,157.5500,427.0400,1.135e-06
met1,155.7100,89.7600,met1,158.1200,89.7600,1.072e-06
met1,155.7100,198.5600,met1,158.1200,198.5600,6.618e-06
met1,155.7100,209.4400,met1,157.7800,209.4400,4.233e-06
met1,155.7100,231.2000,met1,158.1200,231.2000,7.928e-06
met1,155.9400,258.4000,met1,158.1200,258.4000,4.954e-06
met1,156.1700,116.9600,met1,158.1200,116.9600,1.069e-06
met1,156.1700,149.6000,met1,158.1200,149.6000,2.213e-06
met1,156.1700,155.0400,met1,158.1200,155.0400,2.479e-06
met1,156.1700,204.0000,met1,158.1200,204.0000,7.117e-06
met1,156.1700,378.0800,met1,158.1200,378.0800,5.670e-06
met1,156.1700,405.2800,met1,158.1200,405.2800,3.700e-06
met1,156.4000,73.4400,met1,158.1200,73.4400,5.312e-07
met1,156.4000,340.0000,met1,158.1200,340.0000,8.577e-06
met1,156.4000,465.1200,met1,158.1200,465.1200,2.605e-06
met1,156.6300,13.6000,met1,162.1500,13.6000,6.457e-06
met1,156.6300,13.6000,met2,158.1200,13.6000,3.420e-06
met1,156.6300,111.5200,met1,159.8500,111.5200,2.572e-06
met1,156.6300,111.5200,met2,158.1200,111.5200,4.828e-06
met1,156.6300,220.3200,met1,158.4700,220.3200,3.199e-06
met1,156.6300,220.3200,met2,158.1200,220.3200,2.091e-06
met1,156.6300,236.6400,met1,159.8500,236.6400,3.585e-06
met1,156.6300,236.6400,met2,158.1200,236.6400,1.484e-06
met1,156.6300,388.9600,met1,162.1500,388.9600,5.148e-09
met1,156.6300,388.9600,met2,158.1200,388.9600,4.294e-06
met1,156.8600,361.7600,met1,162.1500,361.7600,3.153e-06
met1,156.8600,361.7600,met2,158.1200,361.7600,5.454e-06
met1,157.3200,127.8400,met1,162.1500,127.8400,9.931e-07
met1,157.3200,127.8400,met2,158.1200,127.8400,2.673e-06
met1,157.3200,165.9200,met1,159.6200,165.9200,2.184e-06
met1,157.3200,165.9200,met2,158.1200,165.9200,8.148e-07
met1,157.3200,193.1200,met1,160.3100,193.1200,2.439e-06
met1,157.3200,193.1200,met2,158.1200,193.1200,1.803e-06
met1,157.5500,95.2000,met1,162.1500,95.2000,3.359e-06
met1,157.5500,95.2000,met2,158.1200,95.2000,1.303e-06
met1,157.5500,122.4000,met1,159.3900,122.4000,4.544e-07
met1,157.5500,122.4000,met2,158.1200,122.4000,7.014e-06
met1,157.5500,138.7200,met1,160.7700,138.7200,2.431e-06
met1,157.5500,138.7200,met2,158.1200,138.7200,3.850e-06
met1,157.5500,182.2400,met1,160.7700,182.2400,2.534e-06
met1,157.5500,182.2400,met2,158.1200,182.2400,1.204e-06
met1,157.5500,187.6800,met1,161.0000,187.6800,2.428e-06
met1,157.5500,187.6800,met2,158.1200,187.6800,1.553e-06
met1,157.5500,242.0800,met1,162.1500,242.0800,3.728e-06
met1,157.5500,242.0800,met2,158.1200,242.0800,2.879e-06
met1,157.5500,427.0400,met1,162.1500,427.0400,1.646e-06
met1,157.5500,427.0400,met2,158.1200,427.0400,3.051e-06
met1,157.7800,160.4800,met1,159.8500,160.4800,1.976e-06
met1,157.7800,160.4800,met2,158.1200,160.4800,9.160e-07
met1,157.7800,209.4400,met1,162.1500,209.4400,3.269e-06
met1,157.7800,209.4400,met2,158.1200,209.4400,9.747e-07
met1,157.7800,285.6000,met1,160.3100,285.6000,1.591e-06
met1,157.7800,285.6000,met2,158.1200,285.6000,4.842e-06
met1,157.7800,323.6800,met1,162.1500,323.6800,3.949e-06
met1,157.7800,323.6800,met2,158.1200,323.6800,5.213e-06
met1,158.0100,100.6400,met1,159.8500,100.6400,1.707e-06
met1,158.0100,100.6400,met2,158.1200,100.6400,3.058e-06
met1,158.0100,247.5200,met1,160.3100,247.5200,3.446e-06
met1,158.0100,247.5200,met2,158.1200,247.5200,2.825e-06
met1,158.0100,312.8000,met1,162.1500,312.8000,3.815e-06
met1,158.0100,312.8000,met2,158.1200,312.8000,4.547e-06
met1,158.0100,454.2400,met1,162.1500,454.2400,4.316e-06
met1,158.0100,454.2400,met2,158.1200,454.2400,4.860e-06
met1,158.1200,19.0400,met1,162.1500,19.0400,6.153e-06
met1,158.1200,19.0400,met2,158.1200,19.0400,4.180e-06
met1,158.1200,24.4800,met1,160.5400,24.4800,4.556e-06
met1,158.1200,24.4800,met2,158.1200,24.4800,3.934e-06
met1,158.1200,29.9200,met1,162.1500,29.9200,6.303e-06
met1,158.1200,29.9200,met2,158.1200,29.9200,5.301e-06
met1,158.1200,35.3600,met1,162.1500,35.3600,5.918e-06
met1,158.1200,35.3600,met2,158.1200,35.3600,5.324e-06
met1,158.1200,40.8000,met1,162.1500,40.8000,5.710e-06
met1,158.1200,40.8000,met2,158.1200,40.8000,2.510e-06
met1,158.1200,46.2400,met1,159.8500,46.2400,4.409e-06
met1,158.1200,46.2400,met2,158.1200,46.2400,2.572e-06
met1,158.1200,51.6800,met1,162.1500,51.6800,5.854e-06
met1,158.1200,51.6800,met2,158.1200,51.6800,2.816e-06
met1,158.1200,57.1200,met1,160.7700,57.1200,3.287e-06
met1,158.1200,57.1200,met2,158.1200,57.1200,3.610e-06
met1,158.1200,62.5600,met1,160.3100,62.5600,7.054e-06
met1,158.1200,62.5600,met2,158.1200,62.5600,5.381e-06
met1,158.1200,68.0000,met1,161.0000,68.0000,3.699e-06
met1,158.1200,68.0000,met2,158.1200,68.0000,3.332e-06
met1,158.1200,73.4400,met1,162.1500,73.4400,3.196e-06
met1,158.1200,73.4400,met2,158.1200,73.4400,3.727e-06
met1,158.1200,78.8800,met1,159.8500,78.8800,4.869e-06
met1,158.1200,78.8800,met2,158.1200,78.8800,1.093e-06
met1,158.1200,84.3200,met1,161.2300,84.3200,3.304e-06
met1,158.1200,84.3200,met2,158.1200,84.3200,3.455e-06
met1,158.1200,89.7600,met1,160.3100,89.7600,3.979e-06
met1,158.1200,89.7600,met2,158.1200,89.7600,2.907e-06
met1,158.1200,106.0800,met1,160.7700,106.0800,1.065e-06
met1,158.1200,106.0800,met2,158.1200,106.0800,2.198e-06
met1,158.1200,116.9600,met1,160.5400,116.9600,1.606e-06
met1,158.1200,116.9600,met2,158.1200,116.9600,2.675e-06
met1,158.1200,133.2800,met1,162.1500,133.2800,6.025e-07
met1,158.1200,133.2800,met2,158.1200,133.2800,1.544e-06
met1,158.1200,144.1600,met1,162.1500,144.1600,7.594e-07
met1,158.1200,144.1600,met2,158.1200,144.1600,1.483e-06
met1,158.1200,149.6000,met1,162.1500,149.6000,1.249e-06
met1,158.1200,149.6000,met2,158.1200,149.6000,1.028e-06
met1,158.1200,155.0400,met1,160.5400,155.0400,1.661e-06
met1,158.1200,155.0400,met2,158.1200,155.0400,8.339e-07
met1,158.1200,171.3600,met1,162.1500,171.3600,1.983e-06
met1,158.1200,171.3600,met2,158.1200,171.3600,4.167e-06
met1,158.1200,176.8000,met1,162.1500,176.8000,2.460e-06
met1,158.1200,176.8000,met2,158.1200,176.8000,8.778e-07
met1,158.1200,198.5600,met1,159.8500,198.5600,3.594e-06
met1,158.1200,198.5600,met2,158.1200,198.5600,3.051e-06
met1,158.1200,204.0000,met1,160.0800,204.0000,3.337e-06
met1,158.1200,204.0000,met2,158.1200,204.0000,3.780e-06
met1,158.1200,214.8800,met1,162.1500,214.8800,3.481e-06
met1,158.1200,214.8800,met2,158.1200,214.8800,1.341e-06
met1,158.1200,225.7600,met1,162.1500,225.7600,1.313e-06
met1,158.1200,225.7600,met2,158.1200,225.7600,3.200e-06
met1,158.1200,231.2000,met1,161.4600,231.2000,1.968e-06
met1,158.1200,231.2000,met2,158.1200,231.2000,5.959e-06
met1,158.1200,252.9600,met1,159.8500,252.9600,3.629e-06
met1,158.1200,252.9600,met2,158.1200,252.9600,2.972e-06
met1,158.1200,258.4000,met1,161.6900,258.4000,2.780e-06
met1,158.1200,258.4000,met2,158.1200,258.4000,2.180e-06
met1,158.1200,263.8400,met1,162.1500,263.8400,3.337e-06
met1,158.1200,263.8400,met2,158.1200,263.8400,4.091e-06
met1,158.1200,269.2800,met1,161.6900,269.2800,3.818e-06
met1,158.1200,269.2800,met2,158.1200,269.2800,5.122e-06
met1,158.1200,274.7200,met1,161.0000,274.7200,2.648e-06
met1,158.1200,274.7200,met2,158.1200,274.7200,3.194e-06
met1,158.1200,280.1600,met1,160.7700,280.1600,3.193e-06
met1,158.1200,280.1600,met2,158.1200,280.1600,2.880e-06
met1,158.1200,291.0400,met1,159.8500,291.0400,3.408e-06
met1,158.1200,291.0400,met2,158.1200,291.0400,1.037e-06
met1,158.1200,296.4800,met1,162.1500,296.4800,2.428e-06
met1,158.1200,296.4800,met2,158.1200,296.4800,5.524e-06
met1,158.1200,301.9200,met1,162.1500,301.9200,3.166e-06
met1,158.1200,301.9200,met2,158.1200,301.9200,6.014e-06
met1,158.1200,307.3600,met1,162.1500,307.3600,1.836e-06
met1,158.1200,307.3600,met2,158.1200,307.3600,3.886e-06
met1,158.1200,318.2400,met1,160.0800,318.2400,1.587e-06
met1,158.1200,318.2400,met2,158.1200,318.2400,4.472e-06
met1,158.1200,329.1200,met1,162.1500,329.1200,3.353e-06
met1,158.1200,329.1200,met2,158.1200,329.1200,4.690e-06
met1,158.1200,334.5600,met1,162.1500,334.5600,2.962e-06
met1,158.1200,334.5600,met2,158.1200,334.5600,4.688e-06
met1,158.1200,340.0000,met1,162.1500,340.0000,3.295e-06
met1,158.1200,340.0000,met2,158.1200,340.0000,5.282e-06
met1,158.1200,345.4400,met1,162.1500,345.4400,3.746e-06
met1,158.1200,345.4400,met2,158.1200,345.4400,2.876e-06
met1,158.1200,350.8800,met1,162.1500,350.8800,2.041e-06
met1,158.1200,350.8800,met2,158.1200,350.8800,7.209e-06
met1,158.1200,356.3200,met1,159.8500,356.3200,3.697e-06
met1,158.1200,356.3200,met2,158.1200,356.3200,2.174e-06
met1,158.1200,367.2000,met1,162.1500,367.2000,6.141e-07
met1,158.1200,367.2000,met2,158.1200,367.2000,4.890e-06
met1,158.1200,372.6400,met1,161.4600,372.6400,5.939e-06
met1,158.1200,372.6400,met2,158.1200,372.6400,9.084e-06
met1,158.1200,378.0800,met1,162.1500,378.0800,3.177e-07
met1,158.1200,378.0800,met2,158.1200,378.0800,5.369e-06
met1,158.1200,383.5200,met1,162.1500,383.5200,1.756e-06
met1,158.1200,383.5200,met2,158.1200,383.5200,1.878e-06
met1,158.1200,394.4000,met1,161.4600,394.4000,6.231e-07
met1,158.1200,394.4000,met2,158.1200,394.4000,5.063e-06
met1,158.1200,399.8400,met1,162.1500,399.8400,1.506e-07
met1,158.1200,399.8400,met2,158.1200,399.8400,3.765e-06
met1,158.1200,405.2800,met1,162.1500,405.2800,1.508e-07
met1,158.1200,405.2800,met2,158.1200,405.2800,3.851e-06
met1,158.1200,410.7200,met1,162.1500,410.7200,4.077e-07
met1,158.1200,410.7200,met2,158.1200,410.7200,2.481e-06
met1,158.1200,416.1600,met1,162.1500,416.1600,2.070e-06
met1,158.1200,416.1600,met2,158.1200,416.1600,4.076e-06
met1,158.1200,421.6000,met1,160.7700,421.6000,2.679e-07
met1,158.1200,421.6000,met2,158.1200,421.6000,3.047e-06
met1,158.1200,432.4800,met1,160.7700,432.4800,2.934e-06
met1,158.1200,432.4800,met2,158.1200,432.4800,5.616e-06
met1,158.1200,437.9200,met1,161.9200,437.9200,1.741e-06
met1,158.1200,437.9200,met2,158.1200,437.9200,2.153e-06
met1,158.1200,443.3600,met1,162.1500,443.3600,3.370e-06
met1,158.1200,443.3600,met2,158.1200,443.3600,4.322e-06
met1,158.1200,448.8000,met1,160.5400,448.8000,2.230e-06
met1,158.1200,448.8000,met2,158.1200,448.8000,4.235e-06
met1,158.1200,459.6800,met1,162.1500,459.6800,2.670e-06
met1,158.1200,459.6800,met2,158.1200,459.6800,2.020e-06
met1,158.1200,465.1200,met1,162.1500,465.1200,1.474e-06
met1,158.1200,465.1200,met2,158.1200,465.1200,6.138e-06
met1,158.1200,470.5600,met1,162.1500,470.5600,1.671e-06
met1,158.1200,470.5600,met2,158.1200,470.5600,1.483e-06
met1,158.4700,220.3200,met1,160.3100,220.3200,3.203e-06
met1,159.3900,122.4000,met1,161.9200,122.4000,4.277e-07
met1,159.6200,165.9200,met1,162.1500,165.9200,2.191e-06
met1,159.8500,46.2400,met1,162.1500,46.2400,4.392e-06
met1,159.8500,78.8800,met1,162.1500,78.8800,4.598e-06
met1,159.8500,100.6400,met1,162.1500,100.6400,1.676e-06
met1,159.8500,111.5200,met1,161.6900,111.5200,2.557e-06
met1,159.8500,160.4800,met1,162.1500,160.4800,1.991e-06
met1,159.8500,198.5600,met1,162.1500,198.5600,3.629e-06
met1,159.8500,236.6400,met1,162.1500,236.6400,3.602e-06
met1,159.8500,252.9600,met1,162.1500,252.9600,3.631e-06
met1,159.8500,291.0400,met1,162.1500,291.0400,3.409e-06
met1,159.8500,356.3200,met1,162.1500,356.3200,3.968e-06
met1,160.0800,204.0000,met1,162.1500,204.0000,3.378e-06
met1,160.0800,318.2400,met1,162.1500,318.2400,3.003e-06
met1,160.3100,62.5600,met1,162.1500,62.5600,6.898e-06
met1,160.3100,89.7600,met1,162.1500,89.7600,3.969e-06
met1,160.3100,193.1200,met1,162.1500,193.1200,2.462e-06
met1,160.3100,220.3200,met1,162.1500,220.3200,3.213e-06
met1,160.3100,247.5200,met1,162.1500,247.5200,3.468e-06
met1,160.3100,285.6000,met1,162.1500,285.6000,1.605e-06
met1,160.5400,24.4800,met1,175.0300,24.4800,4.391e-06
met1,160.5400,116.9600,met1,163.0700,116.9600,1.580e-06
met1,160.5400,155.0400,met1,163.3000,155.0400,1.672e-06
met1,160.5400,448.8000,met1,175.7200,448.8000,8.186e-07
met1,160.7700,57.1200,met1,174.5700,57.1200,3.114e-06
met1,160.7700,106.0800,met1,163.0700,106.0800,1.043e-06
met1,160.7700,138.7200,met1,164.9100,138.7200,2.414e-06
met1,160.7700,182.2400,met1,163.9900,182.2400,2.627e-06
met1,160.7700,280.1600,met1,163.5300,280.1600,3.197e-06
met1,160.7700,421.6000,met1,175.9500,421.6000,2.509e-07
met1,160.7700,432.4800,met1,166.5200,432.4800,2.917e-06
met1,161.0000,68.0000,met1,174.3400,68.0000,3.533e-06
met1,161.0000,187.6800,met1,163.3000,187.6800,2.441e-06
met1,161.0000,274.7200,met1,163.7600,274.7200,2.669e-06
met1,161.2300,84.3200,met1,166.2900,84.3200,3.298e-06
met1,161.4600,231.2000,met1,167.6700,231.2000,4.046e-06
met1,161.4600,372.6400,met1,168.1300,372.6400,3.866e-06
met1,161.4600,394.4000,met1,165.3700,394.4000,7.884e-07
met1,161.6900,111.5200,met1,164.9100,111.5200,2.552e-06
met1,161.6900,258.4000,met1,168.5900,258.4000,2.807e-06
met1,161.6900,269.2800,met1,163.5300,269.2800,3.828e-06
met1,161.9200,122.4000,met1,174.8000,122.4000,4.258e-07
met1,161.9200,437.9200,met1,175.9500,437.9200,3.299e-07
met1,162.1500,13.6000,met1,167.6700,13.6000,4.412e-06
met1,162.1500,19.0400,met1,168.3600,19.0400,4.738e-06
met1,162.1500,29.9200,met1,164.9100,29.9200,6.303e-06
met1,162.1500,35.3600,met1,164.4500,35.3600,5.918e-06
met1,162.1500,40.8000,met1,171.1200,40.8000,5.710e-06
met1,162.1500,46.2400,met1,166.5200,46.2400,4.392e-06
met1,162.1500,51.6800,met1,164.6800,51.6800,5.854e-06
met1,162.1500,62.5600,met1,166.0600,62.5600,6.898e-06
met1,162.1500,73.4400,met1,164.6800,73.4400,3.196e-06
met1,162.1500,78.8800,met1,175.2600,78.8800,4.598e-06
met1,162.1500,89.7600,met1,175.9500,89.7600,1.856e-06
met1,162.1500,95.2000,met1,167.6700,95.2000,3.359e-06
met1,162.1500,100.6400,met1,170.8900,100.6400,1.676e-06
met1,162.1500,127.8400,met1,163.9900,127.8400,9.931e-07
met1,162.1500,133.2800,met1,166.2900,133.2800,6.025e-07
met1,162.1500,144.1600,met1,171.3500,144.1600,7.594e-07
met1,162.1500,149.6000,met1,167.2100,149.6000,1.279e-06
met1,162.1500,160.4800,met1,169.9700,160.4800,1.991e-06
met1,162.1500,165.9200,met1,165.3700,165.9200,2.193e-06
met1,162.1500,171.3600,met1,170.2000,171.3600,1.983e-06
met1,162.1500,176.8000,met1,172.7300,176.8000,2.465e-06
met1,162.1500,193.1200,met1,167.2100,193.1200,2.462e-06
met1,162.1500,198.5600,met1,168.5900,198.5600,3.629e-06
met1,162.1500,204.0000,met1,167.6700,204.0000,3.378e-06
met1,162.1500,209.4400,met1,168.3600,209.4400,3.269e-06
met1,162.1500,214.8800,met1,163.9900,214.8800,3.483e-06
met1,162.1500,220.3200,met1,174.5700,220.3200,3.213e-06
met1,162.1500,225.7600,met1,167.2100,225.7600,1.313e-06
met1,162.1500,236.6400,met1,163.9900,236.6400,3.602e-06
met1,162.1500,242.0800,met1,169.0500,242.0800,3.728e-06
met1,162.1500,247.5200,met1,170.4300,247.5200,3.499e-06
met1,162.1500,252.9600,met1,167.6700,252.9600,3.631e-06
met1,162.1500,263.8400,met1,166.5200,263.8400,3.337e-06
met1,162.1500,285.6000,met1,164.2200,285.6000,1.605e-06
met1,162.1500,291.0400,met1,168.1300,291.0400,3.409e-06
met1,162.1500,296.4800,met1,169.7400,296.4800,2.428e-06
met1,162.1500,301.9200,met1,164.4500,301.9200,3.166e-06
met1,162.1500,307.3600,met1,163.9900,307.3600,1.836e-06
met1,162.1500,312.8000,met1,164.6800,312.8000,3.815e-06
met1,162.1500,318.2400,met1,168.1300,318.2400,3.003e-06
met1,162.1500,323.6800,met1,165.3700,323.6800,3.949e-06
met1,162.1500,329.1200,met1,170.2000,329.1200,3.370e-06
met1,162.1500,334.5600,met1,164.9100,334.5600,2.962e-06
met1,162.1500,340.0000,met1,165.8300,340.0000,3.295e-06
met1,162.1500,345.4400,met1,166.2900,345.4400,3.746e-06
met1,162.1500,350.8800,met1,167.9000,350.8800,2.041e-06
met1,162.1500,356.3200,met1,175.9500,356.3200,3.968e-06
met1,162.1500,361.7600,met1,170.2000,361.7600,3.153e-06
met1,162.1500,367.2000,met1,166.7500,367.2000,2.693e-06
met1,162.1500,378.0800,met1,166.2900,378.0800,2.391e-06
met1,162.1500,383.5200,met1,175.9500,383.5200,1.756e-06
met1,162.1500,388.9600,met1,169.9700,388.9600,2.048e-06
met1,162.1500,399.8400,met1,170.2000,399.8400,1.506e-07
met1,162.1500,405.2800,met1,166.2900,405.2800,1.261e-06
met1,162.1500,410.7200,met1,175.9500,410.7200,1.004e-06
met1,162.1500,416.1600,met1,166.0600,416.1600,2.070e-06
met1,162.1500,427.0400,met1,165.1400,427.0400,1.646e-06
met1,162.1500,443.3600,met1,165.1400,443.3600,3.370e-06
met1,162.1500,454.2400,met1,164.6800,454.2400,4.316e-06
met1,162.1500,459.6800,met1,169.5100,459.6800,2.670e-06
met1,162.1500,465.1200,met1,164.4500,465.1200,1.474e-06
met1,162.1500,470.5600,met1,169.7400,470.5600,1.671e-06
met1,163.0700,106.0800,met1,165.8300,106.0800,1.035e-06
met1,163.0700,116.9600,met1,165.3700,116.9600,1.568e-06
met1,163.3000,155.0400,met1,168.1300,155.0400,1.682e-06
met1,163.3000,187.6800,met1,171.5800,187.6800,2.456e-06
met1,163.5300,269.2800,met1,169.5100,269.2800,3.836e-06
met1,163.5300,280.1600,met1,165.3700,280.1600,3.201e-06
met1,163.7600,274.7200,met1,165.8300,274.7200,2.682e-06
met1,163.9900,127.8400,met1,167.2100,127.8400,9.875e-07
met1,163.9900,182.2400,met1,165.8300,182.2400,2.738e-06
met1,163.9900,214.8800,met1,166.2900,214.8800,3.507e-06
met1,163.9900,236.6400,met1,169.9700,236.6400,3.615e-06
met1,163.9900,307.3600,met1,168.8200,307.3600,1.853e-06
met1,164.2200,285.6000,met1,167.6700,285.6000,3.025e-06
met1,164.4500,35.3600,met1,175.9500,35.3600,4.231e-06
met1,164.4500,301.9200,met1,173.6500,301.9200,3.437e-06
met1,164.4500,465.1200,met1,169.0500,465.1200,1.203e-06
met1,164.6800,51.6800,met1,171.3500,51.6800,4.439e-06
met1,164.6800,73.4400,met1,171.3500,73.4400,1.776e-06
met1,164.6800,312.8000,met1,175.9500,312.8000,5.863e-06
met1,164.6800,454.2400,met1,172.7300,454.2400,2.274e-06
met1,164.9100,29.9200,met1,171.5800,29.9200,6.286e-06
met1,164.9100,111.5200,met1,172.5000,111.5200,2.544e-06
met1,164.9100,138.7200,met1,171.3500,138.7200,2.910e-07
met1,164.9100,334.5600,met1,170.2000,334.5600,3.234e-06
met1,165.1400,427.0400,met1,172.7300,427.0400,2.341e-07
met1,165.1400,443.3600,met1,169.9700,443.3600,1.327e-06
met1,165.3700,116.9600,met1,175.9500,116.9600,1.480e-06
met1,165.3700,165.9200,met1,167.4400,165.9200,2.203e-06
met1,165.3700,280.1600,met1,170.4300,280.1600,3.204e-06
met1,165.3700,323.6800,met1,175.9500,323.6800,4.220e-06
met1,165.3700,394.4000,met1,172.9600,394.4000,1.060e-06
met1,165.8300,106.0800,met1,170.4300,106.0800,1.017e-06
met1,165.8300,182.2400,met1,170.2000,182.2400,2.751e-06
met1,165.8300,274.7200,met1,175.9500,274.7200,2.688e-06
met1,165.8300,340.0000,met1,172.5000,340.0000,3.312e-06
met1,166.0600,62.5600,met1,167.9000,62.5600,5.484e-06
met1,166.0600,416.1600,met1,172.2700,416.1600,2.727e-08
met1,166.2900,84.3200,met1,170.2000,84.3200,3.281e-06
met1,166.2900,133.2800,met1,169.5100,133.2800,6.129e-07
met1,166.2900,214.8800,met1,174.1100,214.8800,3.517e-06
met1,166.2900,345.4400,met1,175.9500,345.4400,3.763e-06
met1,166.2900,378.0800,met1,171.3500,378.0800,2.663e-06
met1,166.2900,405.2800,met1,173.6500,405.2800,1.278e-06
met1,166.5200,46.2400,met1,168.5900,46.2400,2.347e-06
met1,166.5200,263.8400,met1,173.1900,263.8400,3.360e-06
met1,166.5200,432.4800,met1,175.9500,432.4800,8.750e-07
met1,166.7500,367.2000,met1,169.5100,367.2000,2.965e-06
met1,167.2100,127.8400,met1,169.0500,127.8400,9.819e-07
met1,167.2100,149.6000,met1,169.0500,149.6000,1.284e-06
met1,167.2100,193.1200,met1,169.9700,193.1200,2.484e-06
met1,167.2100,225.7600,met1,170.2000,225.7600,1.330e-06
met1,167.4400,165.9200,met1,169.7400,165.9200,2.210e-06
met1,167.6700,13.6000,met1,174.5700,13.6000,4.140e-06
met1,167.6700,95.2000,met1,169.9700,95.2000,3.202e-06
met1,167.6700,204.0000,met1,173.1900,204.0000,3.446e-06
met1,167.6700,231.2000,met1,171.3500,231.2000,4.323e-06
met1,167.6700,252.9600,met1,170.8900,252.9600,3.644e-06
met1,167.6700,285.6000,met1,175.2600,285.6000,3.038e-06
met1,167.9000,62.5600,met1,173.6500,62.5600,3.438e-06
met1,167.9000,350.8800,met1,170.2000,350.8800,3.457e-06
met1,168.1300,155.0400,met1,170.4300,155.0400,1.705e-06
met1,168.1300,291.0400,met1,175.9500,291.0400,3.415e-06
met1,168.1300,318.2400,met1,175.7200,318.2400,3.274e-06
met1,168.1300,372.6400,met1,175.9500,372.6400,6.474e-06
met1,168.3600,19.0400,met1,175.9500,19.0400,3.322e-06
met1,168.3600,209.4400,met1,173.8800,209.4400,3.289e-06
met1,168.5900,46.2400,met1,175.9500,46.2400,2.330e-06
met1,168.5900,198.5600,met1,170.8900,198.5600,3.734e-06
met1,168.5900,258.4000,met1,175.9500,258.4000,2.813e-06
met1,168.8200,307.3600,met1,175.9500,307.3600,3.932e-06
met1,169.0500,127.8400,met1,172.2700,127.8400,9.763e-07
met1,169.0500,149.6000,met1,171.8100,149.6000,1.299e-06
met1,169.0500,242.0800,met1,175.9500,242.0800,3.732e-06
met1,169.0500,465.1200,met1,175.7200,465.1200,1.186e-06
met1,169.5100,133.2800,met1,175.9500,133.2800,6.234e-07
met1,169.5100,269.2800,met1,172.2700,269.2800,3.842e-06
met1,169.5100,367.2000,met1,174.3400,367.2000,2.982e-06
met1,169.5100,459.6800,met1,175.9500,459.6800,2.398e-06
met1,169.7400,165.9200,met1,175.9500,165.9200,2.217e-06
met1,169.7400,296.4800,met1,175.9500,296.4800,3.860e-06
met1,169.7400,470.5600,met1,175.9500,470.5600,2.600e-07
met1,169.9700,95.2000,met1,172.5000,95.2000,3.197e-06
met1,169.9700,160.4800,met1,172.0400,160.4800,1.998e-06
met1,169.9700,193.1200,met1,173.1900,193.1200,2.506e-06
met1,169.9700,236.6400,met1,172.7300,236.6400,3.643e-06
met1,169.9700,388.9600,met1,175.9500,388.9600,2.065e-06
met1,169.9700,443.3600,met1,172.2700,443.3600,1.056e-06
met1,170.2000,84.3200,met1,175.0300,84.3200,1.227e-06
met1,170.2000,171.3600,met1,175.9500,171.3600,3.401e-06
met1,170.2000,182.2400,met1,172.2700,182.2400,2.824e-06
met1,170.2000,225.7600,met1,175.4900,225.7600,3.408e-06
met1,170.2000,329.1200,met1,175.9500,329.1200,5.449e-06
met1,170.2000,334.5600,met1,175.9500,334.5600,4.652e-06
met1,170.2000,350.8800,met1,175.9500,350.8800,5.513e-06
met1,170.2000,361.7600,met1,175.9500,361.7600,4.571e-06
met1,170.2000,399.8400,met1,175.9500,399.8400,1.893e-06
met1,170.4300,106.0800,met1,175.9500,106.0800,1.001e-06
met1,170.4300,155.0400,met1,173.8800,155.0400,1.743e-06
met1,170.4300,247.5200,met1,174.1100,247.5200,3.504e-06
met1,170.4300,280.1600,met1,175.9500,280.1600,3.221e-06
met1,170.8900,100.6400,met1,172.9600,100.6400,1.670e-06
met1,170.8900,198.5600,met1,173.4200,198.5600,3.780e-06
met1,170.8900,252.9600,met1,174.1100,252.9600,3.661e-06
met1,171.1200,40.8000,met1,174.8000,40.8000,3.572e-06
met1,171.3500,51.6800,met1,175.9500,51.6800,4.168e-06
met1,171.3500,73.4400,met1,175.9500,73.4400,1.759e-06
met1,171.3500,138.7200,met1,174.5700,138.7200,3.122e-08
met1,171.3500,144.1600,met1,175.9500,144.1600,7.669e-07
met1,171.3500,231.2000,met1,175.9500,231.2000,4.336e-06
met1,171.3500,378.0800,met1,173.8800,378.0800,2.934e-06
met1,171.5800,29.9200,met1,175.9500,29.9200,4.176e-06
met1,171.5800,187.6800,met1,175.9500,187.6800,2.481e-06
met1,171.8100,149.6000,met1,175.9500,149.6000,1.424e-06
met1,172.0400,160.4800,met1,175.9500,160.4800,2.007e-06
met1,172.2700,127.8400,met1,175.9500,127.8400,9.658e-07
met1,172.2700,182.2400,met1,174.1100,182.2400,2.839e-06
met1,172.2700,269.2800,met1,174.5700,269.2800,3.862e-06
met1,172.2700,416.1600,met1,175.9500,416.1600,2.611e-07
met1,172.2700,443.3600,met1,175.9500,443.3600,1.039e-06
met1,172.5000,95.2000,met1,175.9500,95.2000,3.031e-06
met1,172.5000,111.5200,met1,175.9500,111.5200,4.843e-07
met1,172.5000,340.0000,met1,175.9500,340.0000,5.391e-06
met1,172.7300,176.8000,met1,175.9500,176.8000,2.526e-06
met1,172.7300,236.6400,met1,175.9500,236.6400,3.648e-06
met1,172.7300,427.0400,met1,175.9500,427.0400,3.719e-08
met1,172.7300,454.2400,met1,175.7200,454.2400,2.257e-06
met1,172.9600,100.6400,met1,175.9500,100.6400,2.534e-07
met1,172.9600,394.4000,met1,175.9500,394.4000,2.471e-06
met1,173.1900,193.1200,met1,175.9500,193.1200,2.537e-06
met1,173.1900,204.0000,met1,175.9500,204.0000,3.537e-06
met1,173.1900,263.8400,met1,175.0300,263.8400,3.367e-06
met1,173.4200,198.5600,met1,175.4900,198.5600,3.820e-06
met1,173.6500,62.5600,met1,175.9500,62.5600,3.167e-06
met1,173.6500,301.9200,met1,175.9500,301.9200,3.709e-06
met1,173.6500,405.2800,met1,175.9500,405.2800,1.549e-06
met1,173.8800,155.0400,met1,175.9500,155.0400,1.753e-06
met1,173.8800,209.4400,met1,175.9500,209.4400,3.336e-06
met1,173.8800,378.0800,met1,175.9500,378.0800,4.348e-06
met1,174.1100,182.2400,met1,175.9500,182.2400,2.883e-06
met1,174.1100,214.8800,met1,175.9500,214.8800,3.537e-06
met1,174.1100,247.5200,met1,175.9500,247.5200,3.516e-06
met1,174.1100,252.9600,met1,175.9500,252.9600,3.666e-06
met1,174.3400,68.0000,met1,182.1600,68.0000,2.113e-06
met1,174.3400,367.2000,met1,189.7500,367.2000,5.055e-06
met1,174.5700,13.6000,met1,181.7000,13.6000,4.123e-06
met1,174.5700,57.1200,met1,180.5500,57.1200,1.679e-06
met1,174.5700,138.7200,met1,179.8600,138.7200,4.817e-08
met1,174.5700,220.3200,met1,176.4100,220.3200,3.216e-06
met1,174.5700,269.2800,met1,176.8700,269.2800,3.873e-06
met1,174.8000,40.8000,met1,177.3300,40.8000,3.424e-06
met1,174.8000,122.4000,met1,182.8500,122.4000,9.912e-07
met1,175.0300,24.4800,met1,179.4000,24.4800,4.234e-06
met1,175.0300,84.3200,met1,186.7600,84.3200,1.217e-06
met1,175.0300,263.8400,met1,178.7100,263.8400,3.379e-06
met1,175.2600,78.8800,met1,180.0900,78.8800,2.485e-06
met1,175.2600,285.6000,met1,179.6300,285.6000,5.114e-06
met1,175.4900,198.5600,met1,180.0900,198.5600,3.867e-06
met1,175.4900,225.7600,met1,178.2500,225.7600,3.425e-06
met1,175.7200,318.2400,met1,182.1600,318.2400,4.690e-06
met1,175.7200,448.8000,met1,189.7500,448.8000,5.928e-07
met1,175.7200,454.2400,met1,183.7700,454.2400,8.452e-07
met1,175.7200,465.1200,met1,180.5500,465.1200,8.728e-07
met1,175.9500,19.0400,met1,182.1600,19.0400,3.322e-06
met1,175.9500,29.9200,met1,178.0200,29.9200,4.176e-06
met1,175.9500,35.3600,met1,177.7900,35.3600,4.231e-06
met1,175.9500,46.2400,met1,189.7500,46.2400,2.330e-06
met1,175.9500,51.6800,met1,184.0000,51.6800,4.168e-06
met1,175.9500,62.5600,met1,179.4000,62.5600,3.167e-06
met1,175.9500,73.4400,met1,181.0100,73.4400,1.759e-06
met1,175.9500,89.7600,met1,178.2500,89.7600,1.856e-06
met1,175.9500,95.2000,met1,178.0200,95.2000,3.031e-06
met1,175.9500,100.6400,met1,181.9300,100.6400,2.534e-07
met1,175.9500,106.0800,met1,178.7100,106.0800,1.001e-06
met1,175.9500,111.5200,met1,179.1700,111.5200,4.843e-07
met1,175.9500,116.9600,met1,179.4000,116.9600,1.480e-06
met1,175.9500,127.8400,met1,183.0800,127.8400,9.488e-07
met1,175.9500,133.2800,met1,180.5500,133.2800,6.234e-07
met1,175.9500,144.1600,met1,185.3800,144.1600,7.669e-07
met1,175.9500,149.6000,met1,182.3900,149.6000,1.424e-06
met1,175.9500,155.0400,met1,178.7100,155.0400,1.765e-06
met1,175.9500,160.4800,met1,181.0100,160.4800,2.007e-06
met1,175.9500,165.9200,met1,178.0200,165.9200,2.223e-06
met1,175.9500,171.3600,met1,178.9400,171.3600,3.403e-06
met1,175.9500,176.8000,met1,182.6200,176.8000,2.526e-06
met1,175.9500,182.2400,met1,178.4800,182.2400,2.883e-06
met1,175.9500,187.6800,met1,189.7500,187.6800,2.481e-06
met1,175.9500,193.1200,met1,181.7000,193.1200,2.537e-06
met1,175.9500,204.0000,met1,181.9300,204.0000,3.557e-06
met1,175.9500,209.4400,met1,182.8500,209.4400,3.336e-06
met1,175.9500,214.8800,met1,182.3900,214.8800,3.539e-06
met1,175.9500,231.2000,met1,180.5500,231.2000,4.336e-06
met1,175.9500,236.6400,met1,179.1700,236.6400,3.657e-06
met1,175.9500,242.0800,met1,178.4800,242.0800,3.741e-06
met1,175.9500,247.5200,met1,177.7900,247.5200,3.516e-06
met1,175.9500,252.9600,met1,177.7900,252.9600,3.666e-06
met1,175.9500,258.4000,met1,178.7100,258.4000,2.813e-06
met1,175.9500,274.7200,met1,182.6200,274.7200,2.705e-06
met1,175.9500,280.1600,met1,182.1600,280.1600,3.221e-06
met1,175.9500,291.0400,met1,179.6300,291.0400,3.415e-06
met1,175.9500,296.4800,met1,180.5500,296.4800,5.922e-06
met1,175.9500,301.9200,met1,184.0000,301.9200,3.709e-06
met1,175.9500,307.3600,met1,183.3100,307.3600,5.351e-06
met1,175.9500,312.8000,met1,189.7500,312.8000,5.880e-06
met1,175.9500,323.6800,met1,178.0200,323.6800,4.220e-06
met1,175.9500,329.1200,met1,180.0900,329.1200,5.449e-06
met1,175.9500,334.5600,met1,184.0000,334.5600,4.924e-06
met1,175.9500,340.0000,met1,183.5400,340.0000,5.391e-06
met1,175.9500,345.4400,met1,184.0000,345.4400,3.780e-06
met1,175.9500,350.8800,met1,178.2500,350.8800,5.513e-06
met1,175.9500,356.3200,met1,188.6000,356.3200,3.968e-06
met1,175.9500,361.7600,met1,181.7000,361.7600,4.571e-06
met1,175.9500,372.6400,met1,178.7100,372.6400,6.474e-06
met1,175.9500,378.0800,met1,181.7000,378.0800,4.348e-06
met1,175.9500,383.5200,met1,184.2300,383.5200,1.756e-06
met1,175.9500,388.9600,met1,181.0100,388.9600,4.107e-06
met1,175.9500,394.4000,met1,184.0000,394.4000,2.471e-06
met1,175.9500,399.8400,met1,180.0900,399.8400,1.893e-06
met1,175.9500,405.2800,met1,189.7500,405.2800,2.965e-06
met1,175.9500,410.7200,met1,183.7700,410.7200,1.004e-06
met1,175.9500,416.1600,met1,178.9400,416.1600,2.611e-07
met1,175.9500,421.6000,met1,184.2300,421.6000,1.161e-06
met1,175.9500,427.0400,met1,183.7700,427.0400,1.466e-06
met1,175.9500,432.4800,met1,178.4800,432.4800,8.750e-07
met1,175.9500,437.9200,met1,189.7500,437.9200,3.299e-07
met1,175.9500,443.3600,met1,180.5500,443.3600,1.003e-06
met1,175.9500,459.6800,met1,178.9400,459.6800,2.398e-06
met1,175.9500,470.5600,met1,184.0000,470.5600,2.600e-07
met1,176.4100,220.3200,met1,178.4800,220.3200,3.220e-06
met1,176.8700,269.2800,met1,181.4700,269.2800,3.882e-06
met1,177.3300,40.8000,met1,182.1600,40.8000,3.303e-06
met1,177.7900,35.3600,met1,183.0800,35.3600,4.214e-06
met1,177.7900,247.5200,met1,184.6900,247.5200,3.528e-06
met1,177.7900,252.9600,met1,182.8500,252.9600,3.683e-06
met1,178.0200,29.9200,met1,185.6100,29.9200,4.010e-06
met1,178.0200,95.2000,met1,180.0900,95.2000,1.611e-06
met1,178.0200,165.9200,met1,180.5500,165.9200,2.229e-06
met1,178.0200,323.6800,met1,188.3700,323.6800,5.909e-06
met1,178.2500,89.7600,met1,189.7500,89.7600,1.579e-06
met1,178.2500,225.7600,met1,182.1600,225.7600,3.696e-06
met1,178.2500,350.8800,met1,180.3200,350.8800,5.784e-06
met1,178.4800,182.2400,met1,180.5500,182.2400,2.893e-06
met1,178.4800,220.3200,met1,187.4500,220.3200,3.228e-06
met1,178.4800,242.0800,met1,187.9100,242.0800,3.752e-06
met1,178.4800,432.4800,met1,186.0700,432.4800,1.167e-06
met1,178.7100,106.0800,met1,189.7500,106.0800,9.835e-07
met1,178.7100,155.0400,met1,180.5500,155.0400,1.770e-06
met1,178.7100,258.4000,met1,189.0600,258.4000,2.824e-06
met1,178.7100,263.8400,met1,183.3100,263.8400,3.384e-06
met1,178.7100,372.6400,met1,182.3900,372.6400,6.746e-06
met1,178.9400,171.3600,met1,185.6100,171.3600,3.410e-06
met1,178.9400,416.1600,met1,186.3000,416.1600,2.304e-06
met1,178.9400,459.6800,met1,184.2300,459.6800,3.559e-07
met1,179.1700,111.5200,met1,183.5400,111.5200,2.130e-07
met1,179.1700,236.6400,met1,181.0100,236.6400,3.663e-06
met1,179.4000,24.4800,met1,189.5200,24.4800,2.820e-06
met1,179.4000,62.5600,met1,186.7600,62.5600,8.976e-07
met1,179.4000,116.9600,met1,187.4500,116.9600,5.951e-08
met1,179.6300,285.6000,met1,189.7500,285.6000,5.386e-06
met1,179.6300,291.0400,met1,187.9100,291.0400,3.422e-06
met1,179.8600,138.7200,met1,186.9900,138.7200,2.317e-06
met1,180.0900,78.8800,met1,182.1600,78.8800,2.468e-06
met1,180.0900,95.2000,met1,188.3700,95.2000,1.600e-06
met1,180.0900,198.5600,met1,182.1600,198.5600,3.889e-06
met1,180.0900,329.1200,met1,189.7500,329.1200,5.466e-06
met1,180.0900,399.8400,met1,184.9200,399.8400,1.910e-06
met1,180.3200,350.8800,met1,188.3700,350.8800,7.200e-06
met1,180.5500,57.1200,met1,189.7500,57.1200,1.662e-06
met1,180.5500,133.2800,met1,187.4500,133.2800,6.290e-07
met1,180.5500,155.0400,met1,182.8500,155.0400,1.796e-06
met1,180.5500,165.9200,met1,182.6200,165.9200,2.240e-06
met1,180.5500,182.2400,met1,182.3900,182.2400,2.913e-06
met1,180.5500,231.2000,met1,189.7500,231.2000,4.344e-06
met1,180.5500,296.4800,met1,184.2300,296.4800,6.194e-06
met1,180.5500,443.3600,met1,184.6900,443.3600,1.275e-06
met1,180.5500,465.1200,met1,186.9900,465.1200,1.144e-06
met1,181.0100,73.4400,met1,189.7500,73.4400,1.603e-06
met1,181.0100,160.4800,met1,189.7500,160.4800,2.015e-06
met1,181.0100,236.6400,met1,184.2300,236.6400,3.669e-06
met1,181.0100,388.9600,met1,189.7500,388.9600,4.379e-06
met1,181.4700,269.2800,met1,189.7500,269.2800,3.888e-06
met1,181.7000,13.6000,met1,188.8300,13.6000,2.078e-06
met1,181.7000,193.1200,met1,189.7500,193.1200,3.954e-06
met1,181.7000,361.7600,met1,185.6100,361.7600,5.991e-06
met1,181.7000,378.0800,met1,189.7500,378.0800,5.762e-06
met1,181.9300,100.6400,met1,184.6900,100.6400,2.429e-07
met1,181.9300,204.0000,met1,184.2300,204.0000,3.606e-06
met1,182.1600,19.0400,met1,189.7500,19.0400,1.633e-06
met1,182.1600,40.8000,met1,187.9100,40.8000,1.890e-06
met1,182.1600,68.0000,met1,184.6900,68.0000,1.947e-06
met1,182.1600,78.8800,met1,186.7600,78.8800,2.302e-06
met1,182.1600,198.5600,met1,184.2300,198.5600,3.948e-06
met1,182.1600,225.7600,met1,188.8300,225.7600,5.774e-06
met1,182.1600,280.1600,met1,189.7500,280.1600,4.638e-06
met1,182.1600,318.2400,met1,186.5300,318.2400,6.746e-06
met1,182.3900,149.6000,met1,187.9100,149.6000,1.546e-06
met1,182.3900,182.2400,met1,184.2300,182.2400,2.954e-06
met1,182.3900,214.8800,met1,189.7500,214.8800,3.565e-06
met1,182.3900,372.6400,met1,186.7600,372.6400,6.763e-06
met1,182.6200,165.9200,met1,185.1500,165.9200,2.249e-06
met1,182.6200,176.8000,met1,186.9900,176.8000,2.586e-06
met1,182.6200,274.7200,met1,189.7500,274.7200,4.782e-06
met1,182.8500,122.4000,met1,189.7500,122.4000,9.986e-07
met1,182.8500,155.0400,met1,184.9200,155.0400,1.826e-06
met1,182.8500,209.4400,met1,189.7500,209.4400,3.398e-06
met1,182.8500,252.9600,met1,186.0700,252.9600,3.696e-06
met1,183.0800,35.3600,met1,189.7500,35.3600,2.168e-06
met1,183.0800,127.8400,met1,187.2200,127.8400,1.111e-06
met1,183.3100,263.8400,met1,189.7500,263.8400,3.413e-06
met1,183.3100,307.3600,met1,187.4500,307.3600,5.368e-06
met1,183.5400,111.5200,met1,189.7500,111.5200,1.900e-06
met1,183.5400,340.0000,met1,189.7500,340.0000,6.809e-06
met1,183.7700,410.7200,met1,189.0600,410.7200,1.021e-06
met1,183.7700,427.0400,met1,189.7500,427.0400,1.483e-06
met1,183.7700,454.2400,met1,189.7500,454.2400,1.223e-06
met1,184.0000,51.6800,met1,189.7500,51.6800,6.403e-07
met1,184.0000,301.9200,met1,186.7600,301.9200,5.122e-06
met1,184.0000,334.5600,met1,189.7500,334.5600,7.003e-06
met1,184.0000,345.4400,met1,189.7500,345.4400,5.845e-06
met1,184.0000,394.4000,met1,189.7500,394.4000,3.883e-06
met1,184.0000,470.5600,met1,189.7500,470.5600,1.151e-06
met1,184.2300,182.2400,met1,187.6800,182.2400,2.966e-06
met1,184.2300,198.5600,met1,186.5300,198.5600,3.971e-06
met1,184.2300,204.0000,met1,186.7600,204.0000,3.652e-06
met1,184.2300,236.6400,met1,186.0700,236.6400,3.672e-06
met1,184.2300,296.4800,met1,189.7500,296.4800,6.208e-06
met1,184.2300,383.5200,met1,186.7600,383.5200,1.773e-06
met1,184.2300,421.6000,met1,189.7500,421.6000,1.432e-06
met1,184.2300,459.6800,met1,189.7500,459.6800,8.460e-08
met1,184.6900,68.0000,met1,189.7500,68.0000,1.930e-06
met1,184.6900,100.6400,met1,189.7500,100.6400,2.260e-07
met1,184.6900,247.5200,met1,187.9100,247.5200,3.540e-06
met1,184.6900,443.3600,met1,188.1400,443.3600,1.292e-06
met1,184.9200,155.0400,met1,188.3700,155.0400,1.841e-06
met1,184.9200,399.8400,met1,187.4500,399.8400,3.961e-06
met1,185.1500,165.9200,met1,187.2200,165.9200,2.255e-06
met1,185.3800,144.1600,met1,189.7500,144.1600,9.327e-07
met1,185.6100,29.9200,met1,189.7500,29.9200,3.993e-06
met1,185.6100,171.3600,met1,187.4500,171.3600,3.412e-06
met1,185.6100,361.7600,met1,189.7500,361.7600,6.008e-06
met1,186.0700,236.6400,met1,187.9100,236.6400,3.696e-06
met1,186.0700,252.9600,met1,188.8300,252.9600,3.702e-06
met1,186.0700,432.4800,met1,188.1400,432.4800,1.439e-06
met1,186.3000,416.1600,met1,189.7500,416.1600,3.715e-06
met1,186.5300,198.5600,met1,189.7500,198.5600,4.003e-06
met1,186.5300,318.2400,met1,189.7500,318.2400,7.017e-06
met1,186.7600,62.5600,met1,189.7500,62.5600,5.168e-07
met1,186.7600,78.8800,met1,189.7500,78.8800,2.540e-07
met1,186.7600,84.3200,met1,189.7500,84.3200,2.000e-07
met1,186.7600,204.0000,met1,188.8300,204.0000,3.713e-06
met1,186.7600,301.9200,met1,189.7500,301.9200,7.184e-06
met1,186.7600,372.6400,met1,189.7500,372.6400,8.836e-06
met1,186.7600,383.5200,met1,189.7500,383.5200,3.818e-06
met1,186.9900,138.7200,met1,189.7500,138.7200,3.745e-06
met1,186.9900,176.8000,met1,189.7500,176.8000,2.646e-06
met1,186.9900,465.1200,met1,189.7500,465.1200,1.161e-06
met1,187.2200,127.8400,met1,189.7500,127.8400,2.531e-06
met1,187.2200,165.9200,met1,189.5200,165.9200,2.270e-06
met1,187.4500,116.9600,met1,189.7500,116.9600,5.392e-08
met1,187.4500,133.2800,met1,189.7500,133.2800,9.003e-07
met1,187.4500,171.3600,met1,189.7500,171.3600,3.416e-06
met1,187.4500,220.3200,met1,189.7500,220.3200,3.499e-06
met1,187.4500,307.3600,met1,189.7500,307.3600,5.639e-06
met1,187.4500,399.8400,met1,189.7500,399.8400,4.232e-06
met1,187.6800,182.2400,met1,189.7500,182.2400,2.981e-06
met1,187.9100,40.8000,met1,189.7500,40.8000,1.618e-06
met1,187.9100,149.6000,met1,189.7500,149.6000,1.558e-06
met1,187.9100,236.6400,met1,189.7500,236.6400,3.706e-06
met1,187.9100,242.0800,met1,189.7500,242.0800,3.765e-06
met1,187.9100,247.5200,met1,189.7500,247.5200,3.545e-06
met1,187.9100,291.0400,met1,189.7500,291.0400,3.446e-06
met1,188.1400,432.4800,met1,192.5100,432.4800,2.850e-06
met1,188.1400,443.3600,met1,195.7300,443.3600,2.703e-06
met1,188.3700,95.2000,met1,195.9600,95.2000,4.765e-07
met1,188.3700,155.0400,met1,190.9000,155.0400,1.856e-06
met1,188.3700,323.6800,met1,191.8200,323.6800,5.926e-06
met1,188.3700,350.8800,met1,195.5000,350.8800,7.471e-06
met1,188.6000,356.3200,met1,195.9600,356.3200,6.047e-06
met1,188.8300,13.6000,met1,195.5000,13.6000,2.061e-06
met1,188.8300,204.0000,met1,191.5900,204.0000,3.798e-06
met1,188.8300,225.7600,met1,191.8200,225.7600,5.776e-06
met1,188.8300,252.9600,met1,191.5900,252.9600,3.705e-06
met1,189.0600,258.4000,met1,198.1200,258.4000,4.901e-06
met1,189.0600,410.7200,met1,198.1200,410.7200,3.071e-06
met1,189.5200,24.4800,met1,192.5100,24.4800,5.439e-07
met1,189.5200,165.9200,met1,195.7300,165.9200,2.284e-06
met1,189.7500,19.0400,met1,195.5000,19.0400,1.633e-06
met1,189.7500,29.9200,met1,195.2700,29.9200,3.993e-06
met1,189.7500,35.3600,met1,198.0300,35.3600,7.518e-07
met1,189.7500,40.8000,met1,192.5100,40.8000,1.618e-06
met1,189.7500,46.2400,met1,196.8800,46.2400,2.330e-06
met1,189.7500,51.6800,met1,195.0400,51.6800,4.840e-07
met1,189.7500,57.1200,met1,198.1200,57.1200,1.496e-06
met1,189.7500,62.5600,met1,194.8100,62.5600,5.168e-07
met1,189.7500,68.0000,met1,194.3500,68.0000,1.152e-07
met1,189.7500,73.4400,met1,197.8000,73.4400,1.603e-06
met1,189.7500,78.8800,met1,196.1900,78.8800,2.540e-07
met1,189.7500,84.3200,met1,192.0500,84.3200,2.000e-07
met1,189.7500,89.7600,met1,198.1200,89.7600,1.587e-07
met1,189.7500,100.6400,met1,192.2800,100.6400,2.260e-07
met1,189.7500,106.0800,met1,193.8900,106.0800,9.835e-07
met1,189.7500,111.5200,met1,192.5100,111.5200,2.066e-06
met1,189.7500,116.9600,met1,194.3500,116.9600,5.392e-08
met1,189.7500,122.4000,met1,195.5000,122.4000,9.986e-07
met1,189.7500,127.8400,met1,197.5700,127.8400,2.548e-06
met1,189.7500,133.2800,met1,198.1200,133.2800,9.003e-07
met1,189.7500,138.7200,met1,194.8100,138.7200,3.745e-06
met1,189.7500,144.1600,met1,192.0500,144.1600,9.327e-07
met1,189.7500,149.6000,met1,192.0500,149.6000,1.558e-06
met1,189.7500,160.4800,met1,192.2800,160.4800,2.024e-06
met1,189.7500,171.3600,met1,196.1900,171.3600,3.416e-06
met1,189.7500,176.8000,met1,192.2800,176.8000,2.646e-06
met1,189.7500,182.2400,met1,191.8200,182.2400,2.996e-06
met1,189.7500,187.6800,met1,198.1200,187.6800,3.905e-06
met1,189.7500,193.1200,met1,195.9600,193.1200,3.954e-06
met1,189.7500,198.5600,met1,197.1100,198.5600,4.003e-06
met1,189.7500,209.4400,met1,192.0500,209.4400,3.424e-06
met1,189.7500,214.8800,met1,194.8100,214.8800,3.565e-06
met1,189.7500,220.3200,met1,192.5100,220.3200,3.512e-06
met1,189.7500,231.2000,met1,193.8900,231.2000,4.344e-06
met1,189.7500,236.6400,met1,191.5900,236.6400,3.706e-06
met1,189.7500,242.0800,met1,196.6500,242.0800,3.765e-06
met1,189.7500,247.5200,met1,191.5900,247.5200,3.565e-06
met1,189.7500,263.8400,met1,192.9700,263.8400,3.413e-06
met1,189.7500,269.2800,met1,198.1200,269.2800,5.303e-06
met1,189.7500,274.7200,met1,195.7300,274.7200,5.053e-06
met1,189.7500,280.1600,met1,193.4300,280.1600,4.638e-06
met1,189.7500,285.6000,met1,191.5900,285.6000,5.386e-06
met1,189.7500,291.0400,met1,194.3500,291.0400,3.463e-06
met1,189.7500,296.4800,met1,192.0500,296.4800,6.208e-06
met1,189.7500,301.9200,met1,198.1200,301.9200,7.184e-06
met1,189.7500,307.3600,met1,196.4200,307.3600,5.656e-06
met1,189.7500,312.8000,met1,198.1200,312.8000,5.880e-06
met1,189.7500,318.2400,met1,194.5800,318.2400,7.017e-06
met1,189.7500,329.1200,met1,191.8200,329.1200,5.466e-06
met1,189.7500,334.5600,met1,194.3500,334.5600,7.003e-06
met1,189.7500,340.0000,met1,198.1200,340.0000,6.809e-06
met1,189.7500,345.4400,met1,197.3400,345.4400,5.862e-06
met1,189.7500,361.7600,met1,192.5100,361.7600,6.008e-06
met1,189.7500,367.2000,met1,192.2800,367.2000,5.055e-06
met1,189.7500,372.6400,met1,194.8100,372.6400,8.836e-06
met1,189.7500,378.0800,met1,198.1200,378.0800,5.762e-06
met1,189.7500,383.5200,met1,193.4300,383.5200,3.818e-06
met1,189.7500,388.9600,met1,192.9700,388.9600,4.379e-06
met1,189.7500,394.4000,met1,194.5800,394.4000,3.883e-06
met1,189.7500,399.8400,met1,191.5900,399.8400,4.232e-06
met1,189.7500,405.2800,met1,198.1200,405.2800,2.965e-06
met1,189.7500,416.1600,met1,192.5100,416.1600,3.715e-06
met1,189.7500,421.6000,met1,192.5100,421.6000,1.432e-06
met1,189.7500,427.0400,met1,198.1200,427.0400,3.533e-06
met1,189.7500,437.9200,met1,196.6500,437.9200,1.720e-06
met1,189.7500,448.8000,met1,198.1200,448.8000,5.928e-07
met1,189.7500,454.2400,met1,193.4300,454.2400,1.223e-06
met1,189.7500,459.6800,met1,198.1200,459.6800,8.460e-08
met1,189.7500,465.1200,met1,195.5000,465.1200,1.161e-06
met1,189.7500,470.5600,met1,198.1200,470.5600,1.151e-06
met1,190.9000,155.0400,met1,192.7400,155.0400,1.867e-06
met1,191.5900,204.0000,met1,197.3400,204.0000,3.813e-06
met1,191.5900,236.6400,met1,193.8900,236.6400,3.711e-06
met1,191.5900,247.5200,met1,194.3500,247.5200,3.571e-06
met1,191.5900,252.9600,met1,193.6600,252.9600,3.710e-06
met1,191.5900,285.6000,met1,194.3500,285.6000,5.416e-06
met1,191.5900,399.8400,met1,196.8800,399.8400,4.249e-06
met1,191.8200,182.2400,met1,198.1200,182.2400,3.049e-06
met1,191.8200,225.7600,met1,194.1200,225.7600,5.783e-06
met1,191.8200,323.6800,met1,198.1200,323.6800,7.341e-06
met1,191.8200,329.1200,met1,198.1200,329.1200,6.885e-06
met1,192.0500,84.3200,met1,197.5700,84.3200,4.714e-07
met1,192.0500,144.1600,met1,198.1200,144.1600,9.402e-07
met1,192.0500,149.6000,met1,198.1200,149.6000,1.618e-06
met1,192.0500,209.4400,met1,197.1100,209.4400,3.486e-06
met1,192.0500,296.4800,met1,194.3500,296.4800,6.211e-06
met1,192.2800,100.6400,met1,198.1200,100.6400,1.191e-06
met1,192.2800,160.4800,met1,198.1200,160.4800,2.034e-06
met1,192.2800,176.8000,met1,197.5700,176.8000,2.705e-06
met1,192.2800,367.2000,met1,198.1200,367.2000,6.488e-06
met1,192.5100,24.4800,met1,198.1200,24.4800,3.876e-07
met1,192.5100,40.8000,met1,198.1200,40.8000,1.601e-06
met1,192.5100,111.5200,met1,198.1200,111.5200,2.222e-06
met1,192.5100,220.3200,met1,198.1200,220.3200,3.525e-06
met1,192.5100,361.7600,met1,198.1200,361.7600,6.279e-06
met1,192.5100,416.1600,met1,197.3400,416.1600,3.986e-06
met1,192.5100,421.6000,met1,198.1200,421.6000,1.449e-06
met1,192.5100,432.4800,met1,198.1200,432.4800,3.121e-06
met1,192.7400,155.0400,met1,195.7300,155.0400,1.956e-06
met1,192.9700,263.8400,met1,195.5000,263.8400,3.684e-06
met1,192.9700,388.9600,met1,198.1200,388.9600,4.396e-06
met1,193.4300,280.1600,met1,195.7300,280.1600,4.642e-06
met1,193.4300,383.5200,met1,197.8000,383.5200,4.090e-06
met1,193.4300,454.2400,met1,195.5000,454.2400,1.495e-06
met1,193.6600,252.9600,met1,198.1200,252.9600,3.718e-06
met1,193.8900,106.0800,met1,197.5700,106.0800,7.080e-07
met1,193.8900,231.2000,met1,198.1200,231.2000,4.376e-06
met1,193.8900,236.6400,met1,196.1900,236.6400,3.719e-06
met1,194.1200,225.7600,met1,198.1200,225.7600,5.790e-06
met1,194.3500,68.0000,met1,198.1200,68.0000,3.865e-07
met1,194.3500,116.9600,met1,197.8000,116.9600,3.697e-08
met1,194.3500,247.5200,met1,198.0300,247.5200,3.582e-06
met1,194.3500,285.6000,met1,198.1200,285.6000,5.420e-06
met1,194.3500,291.0400,met1,197.8000,291.0400,3.479e-06
met1,194.3500,296.4800,met1,198.1200,296.4800,6.228e-06
met1,194.3500,334.5600,met1,198.1200,334.5600,7.274e-06
met1,194.5800,318.2400,met1,198.1200,318.2400,9.082e-06
met1,194.5800,394.4000,met1,198.1200,394.4000,5.294e-06
met1,194.8100,62.5600,met1,197.8000,62.5600,5.338e-07
met1,194.8100,138.7200,met1,197.1100,138.7200,3.762e-06
met1,194.8100,214.8800,met1,198.1200,214.8800,3.592e-06
met1,194.8100,372.6400,met1,197.8000,372.6400,9.107e-06
met1,195.0400,51.6800,met1,198.1200,51.6800,9.305e-07
met1,195.2700,29.9200,met1,198.1200,29.9200,6.364e-06
met1,195.5000,13.6000,met1,198.1200,13.6000,1.525e-08
met1,195.5000,19.0400,met1,198.1200,19.0400,2.181e-07
met1,195.5000,122.4000,met1,198.1200,122.4000,3.112e-06
met1,195.5000,263.8400,met1,198.1200,263.8400,5.099e-06
met1,195.5000,350.8800,met1,198.1200,350.8800,8.887e-06
met1,195.5000,454.2400,met1,198.1200,454.2400,2.910e-06
met1,195.5000,465.1200,met1,198.1200,465.1200,4.623e-06
met1,195.7300,155.0400,met1,198.1200,155.0400,1.974e-06
met1,195.7300,165.9200,met1,197.8000,165.9200,2.297e-06
met1,195.7300,274.7200,met1,198.1200,274.7200,5.069e-06
met1,195.7300,280.1600,met1,198.1200,280.1600,4.656e-06
met1,195.7300,443.3600,met1,198.1200,443.3600,2.974e-06
met1,195.9600,95.2000,met1,198.1200,95.2000,2.589e-06
met1,195.9600,193.1200,met1,198.1200,193.1200,3.962e-06
met1,195.9600,356.3200,met1,198.1200,356.3200,7.466e-06
met1,196.1900,78.8800,met1,198.1200,78.8800,2.370e-07
met1,196.1900,171.3600,met1,198.0300,171.3600,3.419e-06
met1,196.1900,236.6400,met1,198.0300,236.6400,3.731e-06
met1,196.4200,307.3600,met1,203.5500,307.3600,3.721e-07
met1,196.4200,307.3600,met2,198.1200,307.3600,8.745e-06
met1,196.6500,242.0800,met1,203.5500,242.0800,1.224e-06
met1,196.6500,242.0800,met2,198.1200,242.0800,2.542e-06
met1,196.6500,437.9200,met1,203.3200,437.9200,7.752e-07
met1,196.6500,437.9200,met2,198.1200,437.9200,2.513e-06
met1,196.8800,46.2400,met1,203.5500,46.2400,1.401e-06
met1,196.8800,46.2400,met2,198.1200,46.2400,1.117e-06
met1,196.8800,399.8400,met1,203.5500,399.8400,2.213e-06
met1,196.8800,399.8400,met2,198.1200,399.8400,4.096e-06
met1,197.1100,138.7200,met1,200.3300,138.7200,8.093e-09
met1,197.1100,138.7200,met2,198.1200,138.7200,3.787e-06
met1,197.1100,198.5600,met1,198.9500,198.5600,3.420e-06
met1,197.1100,198.5600,met2,198.1200,198.5600,5.851e-07
met1,197.1100,209.4400,met1,198.9500,209.4400,2.535e-06
met1,197.1100,209.4400,met2,198.1200,209.4400,9.616e-07
met1,197.3400,204.0000,met1,199.6400,204.0000,1.200e-06
met1,197.3400,204.0000,met2,198.1200,204.0000,2.644e-06
met1,197.3400,345.4400,met1,203.5500,345.4400,9.031e-07
met1,197.3400,345.4400,met2,198.1200,345.4400,7.023e-06
met1,197.3400,416.1600,met1,203.5500,416.1600,1.233e-06
met1,197.3400,416.1600,met2,198.1200,416.1600,4.165e-06
met1,197.5700,84.3200,met1,203.5500,84.3200,5.869e-07
met1,197.5700,84.3200,met2,198.1200,84.3200,1.074e-06
met1,197.5700,106.0800,met1,200.3300,106.0800,1.797e-06
met1,197.5700,106.0800,met2,198.1200,106.0800,2.522e-06
met1,197.5700,127.8400,met1,201.0200,127.8400,8.305e-07
met1,197.5700,127.8400,met2,198.1200,127.8400,3.535e-06
met1,197.5700,176.8000,met1,201.4800,176.8000,2.011e-06
met1,197.5700,176.8000,met2,198.1200,176.8000,7.545e-07
met1,197.8000,62.5600,met1,203.5500,62.5600,2.593e-06
met1,197.8000,62.5600,met2,198.1200,62.5600,5.236e-06
met1,197.8000,73.4400,met1,203.5500,73.4400,1.913e-06
met1,197.8000,73.4400,met2,198.1200,73.4400,1.728e-06
met1,197.8000,116.9600,met1,203.5500,116.9600,3.400e-06
met1,197.8000,116.9600,met2,198.1200,116.9600,5.431e-06
met1,197.8000,165.9200,met1,200.7900,165.9200,2.155e-06
met1,197.8000,165.9200,met2,198.1200,165.9200,1.486e-07
met1,197.8000,291.0400,met1,203.5500,291.0400,5.796e-07
met1,197.8000,291.0400,met2,198.1200,291.0400,4.976e-06
met1,197.8000,372.6400,met1,203.5500,372.6400,2.663e-06
met1,197.8000,372.6400,met2,198.1200,372.6400,7.858e-06
met1,197.8000,383.5200,met1,202.8600,383.5200,1.049e-06
met1,197.8000,383.5200,met2,198.1200,383.5200,5.100e-06
met1,198.0300,35.3600,met1,203.5500,35.3600,6.268e-06
met1,198.0300,35.3600,met2,198.1200,35.3600,5.533e-06
met1,198.0300,171.3600,met1,203.5500,171.3600,1.902e-06
met1,198.0300,171.3600,met2,198.1200,171.3600,1.520e-06
met1,198.0300,236.6400,met1,200.7900,236.6400,3.194e-06
met1,198.0300,236.6400,met2,198.1200,236.6400,5.513e-07
met1,198.0300,247.5200,met1,203.5500,247.5200,4.928e-07
met1,198.0300,247.5200,met2,198.1200,247.5200,3.107e-06
met1,198.1200,13.6000,met1,200.7900,13.6000,4.529e-06
met1,198.1200,13.6000,met2,198.1200,13.6000,4.514e-06
met1,198.1200,19.0400,met1,202.8600,19.0400,3.144e-06
met1,198.1200,19.0400,met2,198.1200,19.0400,2.926e-06
met1,198.1200,24.4800,met1,203.5500,24.4800,3.365e-06
met1,198.1200,24.4800,met2,198.1200,24.4800,2.977e-06
met1,198.1200,29.9200,met1,201.9400,29.9200,1.610e-06
met1,198.1200,29.9200,met2,198.1200,29.9200,7.974e-06
met1,198.1200,40.8000,met1,200.5600,40.8000,5.156e-06
met1,198.1200,40.8000,met2,198.1200,40.8000,3.554e-06
met1,198.1200,51.6800,met1,201.7100,51.6800,2.371e-06
met1,198.1200,51.6800,met2,198.1200,51.6800,3.573e-06
met1,198.1200,57.1200,met1,203.5500,57.1200,3.023e-06
met1,198.1200,57.1200,met2,198.1200,57.1200,1.527e-06
met1,198.1200,68.0000,met1,201.9400,68.0000,1.580e-06
met1,198.1200,68.0000,met2,198.1200,68.0000,1.966e-06
met1,198.1200,78.8800,met1,202.8600,78.8800,2.915e-06
met1,198.1200,78.8800,met2,198.1200,78.8800,2.678e-06
met1,198.1200,89.7600,met1,201.2500,89.7600,2.825e-06
met1,198.1200,89.7600,met2,198.1200,89.7600,2.666e-06
met1,198.1200,95.2000,met1,201.0200,95.2000,5.106e-07
met1,198.1200,95.2000,met2,198.1200,95.2000,3.100e-06
met1,198.1200,100.6400,met1,203.5500,100.6400,7.751e-08
met1,198.1200,100.6400,met2,198.1200,100.6400,1.114e-06
met1,198.1200,111.5200,met1,203.5500,111.5200,2.297e-06
met1,198.1200,111.5200,met2,198.1200,111.5200,4.519e-06
met1,198.1200,122.4000,met1,202.4000,122.4000,2.259e-06
met1,198.1200,122.4000,met2,198.1200,122.4000,5.370e-06
met1,198.1200,133.2800,met1,203.5500,133.2800,3.291e-07
met1,198.1200,133.2800,met2,198.1200,133.2800,1.229e-06
met1,198.1200,144.1600,met1,200.1000,144.1600,1.704e-06
met1,198.1200,144.1600,met2,198.1200,144.1600,2.644e-06
met1,198.1200,149.6000,met1,203.5500,149.6000,8.298e-07
met1,198.1200,149.6000,met2,198.1200,149.6000,7.886e-07
met1,198.1200,155.0400,met1,203.5500,155.0400,1.759e-06
met1,198.1200,155.0400,met2,198.1200,155.0400,2.297e-07
met1,198.1200,160.4800,met1,200.7900,160.4800,1.741e-06
met1,198.1200,160.4800,met2,198.1200,160.4800,2.931e-07
met1,198.1200,182.2400,met1,200.3300,182.2400,2.835e-06
met1,198.1200,182.2400,met2,198.1200,182.2400,2.351e-07
met1,198.1200,187.6800,met1,199.8700,187.6800,2.305e-06
met1,198.1200,187.6800,met2,198.1200,187.6800,1.600e-06
met1,198.1200,193.1200,met1,200.5600,193.1200,2.856e-06
met1,198.1200,193.1200,met2,198.1200,193.1200,1.120e-06
met1,198.1200,214.8800,met1,201.7100,214.8800,2.974e-06
met1,198.1200,214.8800,met2,198.1200,214.8800,6.400e-07
met1,198.1200,220.3200,met1,200.1000,220.3200,1.422e-06
met1,198.1200,220.3200,met2,198.1200,220.3200,2.126e-06
met1,198.1200,225.7600,met1,203.5500,225.7600,3.641e-06
met1,198.1200,225.7600,met2,198.1200,225.7600,2.149e-06
met1,198.1200,231.2000,met1,203.0900,231.2000,6.748e-07
met1,198.1200,231.2000,met2,198.1200,231.2000,3.712e-06
met1,198.1200,252.9600,met1,203.3200,252.9600,9.829e-07
met1,198.1200,252.9600,met2,198.1200,252.9600,2.752e-06
met1,198.1200,258.4000,met1,202.1700,258.4000,1.307e-06
met1,198.1200,258.4000,met2,198.1200,258.4000,3.594e-06
met1,198.1200,263.8400,met1,203.5500,263.8400,3.160e-07
met1,198.1200,263.8400,met2,198.1200,263.8400,4.783e-06
met1,198.1200,269.2800,met1,203.5500,269.2800,1.892e-06
met1,198.1200,269.2800,met2,198.1200,269.2800,3.411e-06
met1,198.1200,274.7200,met1,202.1700,274.7200,1.095e-06
met1,198.1200,274.7200,met2,198.1200,274.7200,4.009e-06
met1,198.1200,280.1600,met1,201.7100,280.1600,1.064e-06
met1,198.1200,280.1600,met2,198.1200,280.1600,3.596e-06
met1,198.1200,285.6000,met1,203.5500,285.6000,4.843e-07
met1,198.1200,285.6000,met2,198.1200,285.6000,4.936e-06
met1,198.1200,296.4800,met1,203.5500,296.4800,9.221e-07
met1,198.1200,296.4800,met2,198.1200,296.4800,5.306e-06
met1,198.1200,301.9200,met1,203.5500,301.9200,3.456e-08
met1,198.1200,301.9200,met2,198.1200,301.9200,7.149e-06
met1,198.1200,312.8000,met1,203.5500,312.8000,1.206e-06
met1,198.1200,312.8000,met2,198.1200,312.8000,4.674e-06
met1,198.1200,318.2400,met1,201.2500,318.2400,8.851e-07
met1,198.1200,318.2400,met2,198.1200,318.2400,8.197e-06
met1,198.1200,323.6800,met1,203.5500,323.6800,4.101e-07
met1,198.1200,323.6800,met2,198.1200,323.6800,7.203e-06
met1,198.1200,329.1200,met1,203.3200,329.1200,1.738e-07
met1,198.1200,329.1200,met2,198.1200,329.1200,7.059e-06
met1,198.1200,334.5600,met1,203.5500,334.5600,7.747e-07
met1,198.1200,334.5600,met2,198.1200,334.5600,6.516e-06
met1,198.1200,340.0000,met1,202.4000,340.0000,2.560e-07
met1,198.1200,340.0000,met2,198.1200,340.0000,6.553e-06
met1,198.1200,350.8800,met1,203.0900,350.8800,1.808e-06
met1,198.1200,350.8800,met2,198.1200,350.8800,7.079e-06
met1,198.1200,356.3200,met1,203.5500,356.3200,1.612e-06
met1,198.1200,356.3200,met2,198.1200,356.3200,5.854e-06
met1,198.1200,361.7600,met1,201.2500,361.7600,3.743e-07
met1,198.1200,361.7600,met2,198.1200,361.7600,5.905e-06
met1,198.1200,367.2000,met1,203.5500,367.2000,2.190e-06
met1,198.1200,367.2000,met2,198.1200,367.2000,6.371e-06
met1,198.1200,378.0800,met1,203.5500,378.0800,1.950e-06
met1,198.1200,378.0800,met2,198.1200,378.0800,3.812e-06
met1,198.1200,388.9600,met1,203.5500,388.9600,1.651e-06
met1,198.1200,388.9600,met2,198.1200,388.9600,2.745e-06
met1,198.1200,394.4000,met1,203.3200,394.4000,7.940e-07
met1,198.1200,394.4000,met2,198.1200,394.4000,4.500e-06
met1,198.1200,405.2800,met1,203.5500,405.2800,6.016e-07
met1,198.1200,405.2800,met2,198.1200,405.2800,2.380e-06
met1,198.1200,410.7200,met1,203.3200,410.7200,2.339e-07
met1,198.1200,410.7200,met2,198.1200,410.7200,2.837e-06
met1,198.1200,421.6000,met1,203.5500,421.6000,4.138e-07
met1,198.1200,421.6000,met2,198.1200,421.6000,3.922e-06
met1,198.1200,427.0400,met1,203.5500,427.0400,1.768e-06
met1,198.1200,427.0400,met2,198.1200,427.0400,1.765e-06
met1,198.1200,432.4800,met1,200.1000,432.4800,2.930e-06
met1,198.1200,432.4800,met2,198.1200,432.4800,6.051e-06
met1,198.1200,443.3600,met1,200.5600,443.3600,4.743e-07
met1,198.1200,443.3600,met2,198.1200,443.3600,3.466e-06
met1,198.1200,448.8000,met1,200.5600,448.8000,3.496e-06
met1,198.1200,448.8000,met2,198.1200,448.8000,4.088e-06
met1,198.1200,454.2400,met1,203.5500,454.2400,4.839e-06
met1,198.1200,454.2400,met2,198.1200,454.2400,7.749e-06
met1,198.1200,459.6800,met1,199.8700,459.6800,6.649e-06
met1,198.1200,459.6800,met2,198.1200,459.6800,6.564e-06
met1,198.1200,465.1200,met1,203.0900,465.1200,4.902e-07
met1,198.1200,465.1200,met2,198.1200,465.1200,4.133e-06
met1,198.1200,470.5600,met1,203.5500,470.5600,1.073e-07
met1,198.1200,470.5600,met2,198.1200,470.5600,1.259e-06
met1,198.9500,198.5600,met1,203.5500,198.5600,3.424e-06
met1,198.9500,209.4400,met1,201.7100,209.4400,2.628e-06
met1,199.6400,204.0000,met1,203.5500,204.0000,1.283e-06
met1,199.8700,187.6800,met1,203.5500,187.6800,2.313e-06
met1,199.8700,459.6800,met1,202.1700,459.6800,5.412e-07
met1,200.1000,144.1600,met1,203.5500,144.1600,4.075e-07
met1,200.1000,220.3200,met1,203.5500,220.3200,1.441e-06
met1,200.1000,432.4800,met1,203.5500,432.4800,1.518e-06
met1,200.3300,106.0800,met1,203.5500,106.0800,1.789e-06
met1,200.3300,138.7200,met1,202.4000,138.7200,6.146e-10
met1,200.3300,182.2400,met1,202.1700,182.2400,2.850e-06
met1,200.5600,40.8000,met1,203.5500,40.8000,3.046e-06
met1,200.5600,193.1200,met1,203.5500,193.1200,2.869e-06
met1,200.5600,443.3600,met1,203.5500,443.3600,9.372e-07
met1,200.5600,448.8000,met1,203.5500,448.8000,1.437e-06
met1,200.7900,13.6000,met1,203.5500,13.6000,4.258e-06
met1,200.7900,160.4800,met1,203.3200,160.4800,1.759e-06
met1,200.7900,165.9200,met1,203.5500,165.9200,2.170e-06
met1,200.7900,236.6400,met1,203.5500,236.6400,3.198e-06
met1,201.0200,95.2000,met1,203.5500,95.2000,3.447e-07
met1,201.0200,127.8400,met1,203.5500,127.8400,6.646e-07
met1,201.2500,89.7600,met1,203.0900,89.7600,2.668e-06
met1,201.2500,318.2400,met1,203.5500,318.2400,9.021e-07
met1,201.2500,361.7600,met1,203.5500,361.7600,6.457e-07
met1,201.4800,176.8000,met1,203.5500,176.8000,2.100e-06
met1,201.7100,51.6800,met1,203.5500,51.6800,2.354e-06
met1,201.7100,209.4400,met1,203.5500,209.4400,2.676e-06
met1,201.7100,214.8800,met1,203.5500,214.8800,3.078e-06
met1,201.7100,280.1600,met1,203.5500,280.1600,1.109e-06
met1,201.9400,29.9200,met1,207.6900,29.9200,4.994e-07
met1,201.9400,68.0000,met1,208.3800,68.0000,1.414e-06
met1,202.1700,182.2400,met1,207.6900,182.2400,2.855e-06
met1,202.1700,258.4000,met1,209.0700,258.4000,1.323e-06
met1,202.1700,274.7200,met1,208.1500,274.7200,1.130e-06
met1,202.1700,459.6800,met1,207.0000,459.6800,5.241e-07
met1,202.4000,122.4000,met1,207.6900,122.4000,8.417e-07
met1,202.4000,138.7200,met1,207.6900,138.7200,2.111e-06
met1,202.4000,340.0000,met1,215.9700,340.0000,2.307e-06
met1,202.8600,19.0400,met1,215.0500,19.0400,1.726e-06
met1,202.8600,78.8800,met1,207.2300,78.8800,8.053e-07
met1,202.8600,383.5200,met1,217.3500,383.5200,2.460e-06
met1,203.0900,89.7600,met1,209.7600,89.7600,2.651e-06
met1,203.0900,231.2000,met1,207.6900,231.2000,6.917e-07
met1,203.0900,350.8800,met1,210.4500,350.8800,2.080e-06
met1,203.0900,465.1200,met1,212.2900,465.1200,7.615e-07
met1,203.3200,160.4800,met1,205.3900,160.4800,1.770e-06
met1,203.3200,252.9600,met1,212.5200,252.9600,3.060e-06
met1,203.3200,329.1200,met1,209.3000,329.1200,1.239e-06
met1,203.3200,394.4000,met1,205.8500,394.4000,2.205e-06
met1,203.3200,410.7200,met1,217.3500,410.7200,2.279e-06
met1,203.3200,437.9200,met1,212.2900,437.9200,1.284e-06
met1,203.5500,13.6000,met1,211.6000,13.6000,4.241e-06
met1,203.5500,24.4800,met1,206.0800,24.4800,3.365e-06
met1,203.5500,35.3600,met1,205.8500,35.3600,6.268e-06
met1,203.5500,40.8000,met1,206.7700,40.8000,3.046e-06
met1,203.5500,46.2400,met1,208.1500,46.2400,1.401e-06
met1,203.5500,51.6800,met1,210.9100,51.6800,2.354e-06
met1,203.5500,57.1200,met1,212.5200,57.1200,9.133e-07
met1,203.5500,62.5600,met1,207.2300,62.5600,2.436e-06
met1,203.5500,73.4400,met1,215.7400,73.4400,1.913e-06
met1,203.5500,84.3200,met1,205.3900,84.3200,5.869e-07
met1,203.5500,95.2000,met1,207.0000,95.2000,3.447e-07
met1,203.5500,100.6400,met1,208.1500,100.6400,7.751e-08
met1,203.5500,106.0800,met1,207.6900,106.0800,1.789e-06
met1,203.5500,111.5200,met1,210.6800,111.5200,1.840e-07
met1,203.5500,116.9600,met1,205.8500,116.9600,3.400e-06
met1,203.5500,127.8400,met1,211.3700,127.8400,7.555e-07
met1,203.5500,133.2800,met1,215.2800,133.2800,3.291e-07
met1,203.5500,144.1600,met1,206.3100,144.1600,4.075e-07
met1,203.5500,149.6000,met1,211.6000,149.6000,8.298e-07
met1,203.5500,155.0400,met1,206.0800,155.0400,1.759e-06
met1,203.5500,165.9200,met1,209.9900,165.9200,2.170e-06
met1,203.5500,171.3600,met1,209.0700,171.3600,1.902e-06
met1,203.5500,176.8000,met1,206.7700,176.8000,2.112e-06
met1,203.5500,187.6800,met1,208.6100,187.6800,2.313e-06
met1,203.5500,193.1200,met1,207.0000,193.1200,2.869e-06
met1,203.5500,198.5600,met1,208.6100,198.5600,3.424e-06
met1,203.5500,204.0000,met1,211.6000,204.0000,1.283e-06
met1,203.5500,209.4400,met1,217.1200,209.4400,2.737e-06
met1,203.5500,214.8800,met1,205.3900,214.8800,3.078e-06
met1,203.5500,220.3200,met1,208.6100,220.3200,1.491e-06
met1,203.5500,225.7600,met1,213.6700,225.7600,3.641e-06
met1,203.5500,236.6400,met1,215.0500,236.6400,3.198e-06
met1,203.5500,242.0800,met1,210.2200,242.0800,1.241e-06
met1,203.5500,247.5200,met1,209.5300,247.5200,2.569e-06
met1,203.5500,263.8400,met1,206.5400,263.8400,3.160e-07
met1,203.5500,269.2800,met1,217.3500,269.2800,3.306e-06
met1,203.5500,280.1600,met1,209.3000,280.1600,1.109e-06
met1,203.5500,285.6000,met1,206.3100,285.6000,4.843e-07
met1,203.5500,291.0400,met1,215.0500,291.0400,8.509e-07
met1,203.5500,296.4800,met1,215.0500,296.4800,2.340e-06
met1,203.5500,301.9200,met1,209.7600,301.9200,5.159e-08
met1,203.5500,307.3600,met1,208.6100,307.3600,6.434e-07
met1,203.5500,312.8000,met1,217.3500,312.8000,1.206e-06
met1,203.5500,318.2400,met1,209.5300,318.2400,9.021e-07
met1,203.5500,323.6800,met1,206.0800,323.6800,4.101e-07
met1,203.5500,334.5600,met1,206.7700,334.5600,7.747e-07
met1,203.5500,345.4400,met1,216.4300,345.4400,2.319e-06
met1,203.5500,356.3200,met1,215.5100,356.3200,1.612e-06
met1,203.5500,361.7600,met1,215.0500,361.7600,2.059e-06
met1,203.5500,367.2000,met1,217.3500,367.2000,2.190e-06
met1,203.5500,372.6400,met1,209.3000,372.6400,2.663e-06
met1,203.5500,378.0800,met1,209.5300,378.0800,1.950e-06
met1,203.5500,388.9600,met1,215.5100,388.9600,1.922e-06
met1,203.5500,399.8400,met1,215.0500,399.8400,2.213e-06
met1,203.5500,405.2800,met1,207.9200,405.2800,6.016e-07
met1,203.5500,416.1600,met1,205.8500,416.1600,1.233e-06
met1,203.5500,421.6000,met1,209.3000,421.6000,4.138e-07
met1,203.5500,427.0400,met1,217.3500,427.0400,1.768e-06
met1,203.5500,432.4800,met1,206.7700,432.4800,1.518e-06
met1,203.5500,443.3600,met1,208.6100,443.3600,9.372e-07
met1,203.5500,448.8000,met1,211.6000,448.8000,1.437e-06
met1,203.5500,454.2400,met1,210.4500,454.2400,4.839e-06
met1,203.5500,470.5600,met1,205.6200,470.5600,1.073e-07
met1,205.3900,84.3200,met1,217.3500,84.3200,5.813e-07
met1,205.3900,160.4800,met1,208.6100,160.4800,1.799e-06
met1,205.3900,214.8800,met1,208.6100,214.8800,3.157e-06
met1,205.6200,470.5600,met1,217.3500,470.5600,1.304e-06
met1,205.8500,35.3600,met1,211.6000,35.3600,1.779e-06
met1,205.8500,116.9600,met1,213.6700,116.9600,3.129e-06
met1,205.8500,394.4000,met1,216.8900,394.4000,2.477e-06
met1,205.8500,416.1600,met1,217.1200,416.1600,1.521e-06
met1,206.0800,24.4800,met1,211.6000,24.4800,3.043e-06
met1,206.0800,155.0400,met1,211.8300,155.0400,1.879e-06
met1,206.0800,323.6800,met1,217.3500,323.6800,2.472e-06
met1,206.3100,144.1600,met1,215.0500,144.1600,7.296e-07
met1,206.3100,285.6000,met1,211.1400,285.6000,5.013e-07
met1,206.5400,263.8400,met1,209.5300,263.8400,2.378e-06
met1,206.7700,40.8000,met1,211.6000,40.8000,2.889e-06
met1,206.7700,176.8000,met1,209.3000,176.8000,2.172e-06
met1,206.7700,334.5600,met1,209.3000,334.5600,1.046e-06
met1,206.7700,432.4800,met1,211.6000,432.4800,1.247e-06
met1,207.0000,95.2000,met1,214.5900,95.2000,1.072e-06
met1,207.0000,193.1200,met1,209.3000,193.1200,2.884e-06
met1,207.0000,459.6800,met1,210.9100,459.6800,1.535e-06
met1,207.2300,62.5600,met1,211.6000,62.5600,2.419e-06
met1,207.2300,78.8800,met1,210.4500,78.8800,4.831e-07
met1,207.6900,29.9200,met1,217.3500,29.9200,5.164e-07
met1,207.6900,106.0800,met1,211.6000,106.0800,1.633e-06
met1,207.6900,122.4000,met1,214.3600,122.4000,8.247e-07
met1,207.6900,138.7200,met1,209.5300,138.7200,2.433e-06
met1,207.6900,182.2400,met1,209.7600,182.2400,2.861e-06
met1,207.6900,231.2000,met1,209.7600,231.2000,7.087e-07
met1,207.9200,405.2800,met1,216.8900,405.2800,2.289e-06
met1,208.1500,46.2400,met1,217.3500,46.2400,1.384e-06
met1,208.1500,100.6400,met1,217.3500,100.6400,9.446e-08
met1,208.1500,274.7200,met1,214.8200,274.7200,1.147e-06
met1,208.3800,68.0000,met1,215.9700,68.0000,5.042e-10
met1,208.6100,160.4800,met1,210.4500,160.4800,1.822e-06
met1,208.6100,187.6800,met1,211.8300,187.6800,2.335e-06
met1,208.6100,198.5600,met1,210.4500,198.5600,3.426e-06
met1,208.6100,214.8800,met1,217.3500,214.8800,3.236e-06
met1,208.6100,220.3200,met1,212.5200,220.3200,1.567e-06
met1,208.6100,307.3600,met1,215.2800,307.3600,6.604e-07
met1,208.6100,443.3600,met1,211.8300,443.3600,1.208e-06
met1,209.0700,171.3600,met1,211.8300,171.3600,1.978e-06
met1,209.0700,258.4000,met1,211.8300,258.4000,1.595e-06
met1,209.3000,176.8000,met1,211.1400,176.8000,2.182e-06
met1,209.3000,193.1200,met1,211.8300,193.1200,2.898e-06
met1,209.3000,280.1600,met1,215.0500,280.1600,2.525e-06
met1,209.3000,329.1200,met1,217.3500,329.1200,2.657e-06
met1,209.3000,334.5600,met1,217.3500,334.5600,2.464e-06
met1,209.3000,372.6400,met1,217.3500,372.6400,2.663e-06
met1,209.3000,421.6000,met1,211.6000,421.6000,9.976e-07
met1,209.5300,138.7200,met1,217.3500,138.7200,2.444e-06
met1,209.5300,247.5200,met1,217.3500,247.5200,2.841e-06
met1,209.5300,263.8400,met1,217.1200,263.8400,2.650e-06
met1,209.5300,318.2400,met1,217.3500,318.2400,2.587e-06
met1,209.5300,378.0800,met1,212.9800,378.0800,1.950e-06
met1,209.7600,89.7600,met1,216.2000,89.7600,5.917e-07
met1,209.7600,182.2400,met1,211.8300,182.2400,2.870e-06
met1,209.7600,231.2000,met1,214.3600,231.2000,2.787e-06
met1,209.7600,301.9200,met1,217.3500,301.9200,2.100e-06
met1,209.9900,165.9200,met1,212.7500,165.9200,2.188e-06
met1,210.2200,242.0800,met1,214.1300,242.0800,3.318e-06
met1,210.4500,78.8800,met1,215.2800,78.8800,4.662e-07
met1,210.4500,160.4800,met1,212.5200,160.4800,1.838e-06
met1,210.4500,198.5600,met1,217.3500,198.5600,3.431e-06
met1,210.4500,350.8800,met1,214.3600,350.8800,2.080e-06
met1,210.4500,454.2400,met1,217.3500,454.2400,1.269e-06
met1,210.6800,111.5200,met1,216.6600,111.5200,1.814e-08
met1,210.9100,51.6800,met1,217.1200,51.6800,1.405e-07
met1,210.9100,459.6800,met1,215.9700,459.6800,1.552e-06
met1,211.1400,176.8000,met1,217.3500,176.8000,2.193e-06
met1,211.1400,285.6000,met1,217.3500,285.6000,2.578e-06
met1,211.3700,127.8400,met1,216.6600,127.8400,7.725e-07
met1,211.6000,13.6000,met1,217.1200,13.6000,2.195e-06
met1,211.6000,24.4800,met1,216.8900,24.4800,1.628e-06
met1,211.6000,35.3600,met1,217.1200,35.3600,2.781e-07
met1,211.6000,40.8000,met1,216.4300,40.8000,1.475e-06
met1,211.6000,62.5600,met1,217.3500,62.5600,3.624e-07
met1,211.6000,106.0800,met1,213.9000,106.0800,4.271e-07
met1,211.6000,149.6000,met1,217.3500,149.6000,2.245e-06
met1,211.6000,204.0000,met1,216.6600,204.0000,2.699e-06
met1,211.6000,421.6000,met1,216.8900,421.6000,3.057e-06
met1,211.6000,432.4800,met1,214.3600,432.4800,1.647e-07
met1,211.6000,448.8000,met1,215.2800,448.8000,2.508e-08
met1,211.8300,155.0400,met1,217.3500,155.0400,1.884e-06
met1,211.8300,171.3600,met1,217.3500,171.3600,2.067e-06
met1,211.8300,182.2400,met1,217.3500,182.2400,2.885e-06
met1,211.8300,187.6800,met1,213.6700,187.6800,2.339e-06
met1,211.8300,193.1200,met1,217.3500,193.1200,2.904e-06
met1,211.8300,258.4000,met1,217.3500,258.4000,1.611e-06
met1,211.8300,443.3600,met1,217.3500,443.3600,1.225e-06
met1,212.2900,437.9200,met1,217.3500,437.9200,1.301e-06
met1,212.2900,465.1200,met1,216.6600,465.1200,1.033e-06
met1,212.5200,57.1200,met1,217.3500,57.1200,7.474e-07
met1,212.5200,160.4800,met1,215.2800,160.4800,1.957e-06
met1,212.5200,220.3200,met1,215.9700,220.3200,3.690e-06
met1,212.5200,252.9600,met1,217.3500,252.9600,4.475e-06
met1,212.7500,165.9200,met1,217.3500,165.9200,2.217e-06
met1,212.9800,378.0800,met1,215.5100,378.0800,1.950e-06
met1,213.6700,116.9600,met1,215.5100,116.9600,3.025e-06
met1,213.6700,187.6800,met1,217.3500,187.6800,2.341e-06
met1,213.6700,225.7600,met1,217.3500,225.7600,3.912e-06
met1,213.9000,106.0800,met1,217.3500,106.0800,1.845e-06
met1,214.1300,242.0800,met1,217.3500,242.0800,3.589e-06
met1,214.3600,122.4000,met1,217.3500,122.4000,1.234e-06
met1,214.3600,231.2000,met1,217.3500,231.2000,4.865e-06
met1,214.3600,350.8800,met1,216.4300,350.8800,2.080e-06
met1,214.3600,432.4800,met1,217.3500,432.4800,2.224e-06
met1,214.5900,95.2000,met1,217.3500,95.2000,1.343e-06
met1,214.8200,274.7200,met1,217.3500,274.7200,3.224e-06
met1,215.0500,19.0400,met1,217.3500,19.0400,1.455e-06
met1,215.0500,144.1600,met1,217.3500,144.1600,2.420e-06
met1,215.0500,236.6400,met1,217.3500,236.6400,3.469e-06
met1,215.0500,280.1600,met1,217.3500,280.1600,2.796e-06
met1,215.0500,291.0400,met1,217.3500,291.0400,2.539e-06
met1,215.0500,296.4800,met1,217.3500,296.4800,2.611e-06
met1,215.0500,361.7600,met1,217.3500,361.7600,2.059e-06
met1,215.0500,399.8400,met1,217.3500,399.8400,2.213e-06
met1,215.2800,78.8800,met1,217.3500,78.8800,9.483e-07
met1,215.2800,133.2800,met1,217.3500,133.2800,1.087e-06
met1,215.2800,160.4800,met1,217.3500,160.4800,1.968e-06
met1,215.2800,307.3600,met1,217.3500,307.3600,2.737e-06
met1,215.2800,448.8000,met1,217.3500,448.8000,2.034e-06
met1,215.5100,116.9600,met1,217.3500,116.9600,3.655e-07
met1,215.5100,356.3200,met1,217.3500,356.3200,1.612e-06
met1,215.5100,378.0800,met1,217.3500,378.0800,1.950e-06
met1,215.5100,388.9600,met1,217.3500,388.9600,1.922e-06
met1,215.7400,73.4400,met1,227.2400,73.4400,1.436e-07
met1,215.9700,68.0000,met1,228.1600,68.0000,2.718e-07
met1,215.9700,220.3200,met1,221.9500,220.3200,3.723e-06
met1,215.9700,340.0000,met1,219.1900,340.0000,2.307e-06
met1,215.9700,459.6800,met1,230.4600,459.6800,3.628e-06
met1,216.2000,89.7600,met1,226.7800,89.7600,8.283e-07
met1,216.4300,40.8000,met1,224.9400,40.8000,1.204e-06
met1,216.4300,345.4400,met1,218.2700,345.4400,2.319e-06
met1,216.4300,350.8800,met1,227.0100,350.8800,2.080e-06
met1,216.6600,111.5200,met1,231.1500,111.5200,1.403e-06
met1,216.6600,127.8400,met1,227.9300,127.8400,2.831e-06
met1,216.6600,204.0000,met1,226.0900,204.0000,4.117e-06
met1,216.6600,465.1200,met1,224.2500,465.1200,2.444e-06
met1,216.8900,24.4800,met1,226.7800,24.4800,3.751e-07
met1,216.8900,394.4000,met1,228.6200,394.4000,2.477e-06
met1,216.8900,405.2800,met1,220.1100,405.2800,2.289e-06
met1,216.8900,421.6000,met1,226.5500,421.6000,3.328e-06
met1,217.1200,13.6000,met1,227.2400,13.6000,7.788e-07
met1,217.1200,35.3600,met1,224.0200,35.3600,1.696e-06
met1,217.1200,51.6800,met1,220.1100,51.6800,1.274e-06
met1,217.1200,209.4400,met1,226.5500,209.4400,4.153e-06
met1,217.1200,263.8400,met1,222.8700,263.8400,4.063e-06
met1,217.1200,416.1600,met1,224.2500,416.1600,2.932e-06
met1,217.3500,19.0400,met1,226.0900,19.0400,1.455e-06
met1,217.3500,29.9200,met1,222.6400,29.9200,5.164e-07
met1,217.3500,46.2400,met1,227.2400,46.2400,1.384e-06
met1,217.3500,57.1200,met1,223.1000,57.1200,7.474e-07
met1,217.3500,62.5600,met1,228.3900,62.5600,1.055e-06
met1,217.3500,78.8800,met1,220.1100,78.8800,9.483e-07
met1,217.3500,84.3200,met1,219.4200,84.3200,5.813e-07
met1,217.3500,95.2000,met1,224.7100,95.2000,1.343e-06
met1,217.3500,100.6400,met1,227.7000,100.6400,9.446e-08
met1,217.3500,106.0800,met1,221.4900,106.0800,1.845e-06
met1,217.3500,116.9600,met1,219.6500,116.9600,3.655e-07
met1,217.3500,122.4000,met1,221.4900,122.4000,1.234e-06
met1,217.3500,133.2800,met1,222.8700,133.2800,1.087e-06
met1,217.3500,138.7200,met1,226.0900,138.7200,2.444e-06
met1,217.3500,144.1600,met1,226.7800,144.1600,2.420e-06
met1,217.3500,149.6000,met1,223.5600,149.6000,2.245e-06
met1,217.3500,155.0400,met1,225.8600,155.0400,1.884e-06
met1,217.3500,160.4800,met1,226.3200,160.4800,1.968e-06
met1,217.3500,165.9200,met1,223.5600,165.9200,2.217e-06
met1,217.3500,171.3600,met1,223.5600,171.3600,2.067e-06
met1,217.3500,176.8000,met1,224.9400,176.8000,2.193e-06
met1,217.3500,182.2400,met1,223.3300,182.2400,2.885e-06
met1,217.3500,187.6800,met1,219.8800,187.6800,2.341e-06
met1,217.3500,193.1200,met1,226.7800,193.1200,2.904e-06
met1,217.3500,198.5600,met1,224.4800,198.5600,3.431e-06
met1,217.3500,214.8800,met1,227.2400,214.8800,3.236e-06
met1,217.3500,225.7600,met1,228.3900,225.7600,3.912e-06
met1,217.3500,231.2000,met1,228.1600,231.2000,4.865e-06
met1,217.3500,236.6400,met1,219.1900,236.6400,3.469e-06
met1,217.3500,242.0800,met1,223.1000,242.0800,3.589e-06
met1,217.3500,247.5200,met1,221.0300,247.5200,2.841e-06
met1,217.3500,252.9600,met1,231.1500,252.9600,4.475e-06
met1,217.3500,258.4000,met1,224.4800,258.4000,3.674e-06
met1,217.3500,269.2800,met1,229.3100,269.2800,3.306e-06
met1,217.3500,274.7200,met1,223.1000,274.7200,3.224e-06
met1,217.3500,280.1600,met1,227.7000,280.1600,2.796e-06
met1,217.3500,285.6000,met1,219.4200,285.6000,2.578e-06
met1,217.3500,291.0400,met1,222.1800,291.0400,2.539e-06
met1,217.3500,296.4800,met1,231.1500,296.4800,2.611e-06
met1,217.3500,301.9200,met1,225.4000,301.9200,2.100e-06
met1,217.3500,307.3600,met1,222.8700,307.3600,2.737e-06
met1,217.3500,312.8000,met1,221.2600,312.8000,1.206e-06
met1,217.3500,318.2400,met1,220.5700,318.2400,2.587e-06
met1,217.3500,323.6800,met1,222.8700,323.6800,2.472e-06
met1,217.3500,329.1200,met1,221.4900,329.1200,2.657e-06
met1,217.3500,334.5600,met1,219.4200,334.5600,2.464e-06
met1,217.3500,356.3200,met1,226.7800,356.3200,1.612e-06
met1,217.3500,361.7600,met1,219.4200,361.7600,2.059e-06
met1,217.3500,367.2000,met1,220.3400,367.2000,2.190e-06
met1,217.3500,372.6400,met1,224.7100,372.6400,2.663e-06
met1,217.3500,378.0800,met1,222.4100,378.0800,1.950e-06
met1,217.3500,383.5200,met1,226.5500,383.5200,2.460e-06
met1,217.3500,388.9600,met1,222.4100,388.9600,1.922e-06
met1,217.3500,399.8400,met1,221.7200,399.8400,2.213e-06
met1,217.3500,410.7200,met1,227.4700,410.7200,2.279e-06
met1,217.3500,427.0400,met1,231.1500,427.0400,1.768e-06
met1,217.3500,432.4800,met1,221.9500,432.4800,2.224e-06
met1,217.3500,437.9200,met1,221.4900,437.9200,1.301e-06
met1,217.3500,443.3600,met1,225.4000,443.3600,1.225e-06
met1,217.3500,448.8000,met1,220.1100,448.8000,2.034e-06
met1,217.3500,454.2400,met1,225.4000,454.2400,5.210e-06
met1,217.3500,470.5600,met1,227.2400,470.5600,1.304e-06
met1,218.2700,345.4400,met1,225.6300,345.4400,2.319e-06
met1,219.1900,236.6400,met1,231.1500,236.6400,3.616e-06
met1,219.1900,340.0000,met1,231.1500,340.0000,2.307e-06
met1,219.4200,84.3200,met1,226.7800,84.3200,8.402e-07
met1,219.4200,285.6000,met1,228.3900,285.6000,3.994e-06
met1,219.4200,334.5600,met1,226.7800,334.5600,2.464e-06
met1,219.4200,361.7600,met1,231.1500,361.7600,2.059e-06
met1,219.6500,116.9600,met1,224.2500,116.9600,2.256e-06
met1,219.8800,187.6800,met1,224.9400,187.6800,3.757e-06
met1,220.1100,51.6800,met1,227.9300,51.6800,1.545e-06
met1,220.1100,78.8800,met1,231.1500,78.8800,1.220e-06
met1,220.1100,405.2800,met1,228.3900,405.2800,2.289e-06
met1,220.1100,448.8000,met1,222.4100,448.8000,2.305e-06
met1,220.3400,367.2000,met1,230.0000,367.2000,2.190e-06
met1,220.5700,318.2400,met1,224.0200,318.2400,2.587e-06
met1,221.0300,247.5200,met1,224.0200,247.5200,2.874e-06
met1,221.2600,312.8000,met1,231.1500,312.8000,2.312e-06
met1,221.4900,106.0800,met1,226.7800,106.0800,2.117e-06
met1,221.4900,122.4000,met1,225.8600,122.4000,4.636e-06
met1,221.4900,329.1200,met1,223.7900,329.1200,2.657e-06
met1,221.4900,437.9200,met1,231.1500,437.9200,1.572e-06
met1,221.7200,399.8400,met1,226.5500,399.8400,2.213e-06
met1,221.9500,220.3200,met1,229.7700,220.3200,5.413e-06
met1,221.9500,432.4800,met1,225.4000,432.4800,2.241e-06
met1,222.1800,291.0400,met1,228.8500,291.0400,3.645e-06
met1,222.4100,378.0800,met1,230.0000,378.0800,1.950e-06
met1,222.4100,388.9600,met1,225.4000,388.9600,1.922e-06
met1,222.4100,448.8000,met1,227.7000,448.8000,2.322e-06
met1,222.6400,29.9200,met1,224.4800,29.9200,5.529e-07
met1,222.8700,133.2800,met1,231.1500,133.2800,2.777e-06
met1,222.8700,263.8400,met1,227.7000,263.8400,4.334e-06
met1,222.8700,307.3600,met1,231.1500,307.3600,4.423e-06
met1,222.8700,323.6800,met1,225.6300,323.6800,2.472e-06
met1,223.1000,57.1200,met1,228.1600,57.1200,6.703e-07
met1,223.1000,242.0800,met1,231.1500,242.0800,5.005e-06
met1,223.1000,274.7200,met1,229.3100,274.7200,4.642e-06
met1,223.3300,182.2400,met1,225.8600,182.2400,2.886e-06
met1,223.5600,149.6000,met1,226.0900,149.6000,2.250e-06
met1,223.5600,165.9200,met1,225.8600,165.9200,2.234e-06
met1,223.5600,171.3600,met1,226.0900,171.3600,3.193e-06
met1,223.7900,329.1200,met1,230.2300,329.1200,2.657e-06
met1,224.0200,35.3600,met1,227.9300,35.3600,1.699e-06
met1,224.0200,247.5200,met1,227.9300,247.5200,4.966e-06
met1,224.0200,318.2400,met1,230.9200,318.2400,2.587e-06
met1,224.2500,116.9600,met1,226.7800,116.9600,3.491e-06
met1,224.2500,416.1600,met1,228.6200,416.1600,2.932e-06
met1,224.2500,465.1200,met1,230.6900,465.1200,2.716e-06
met1,224.4800,29.9200,met1,227.0100,29.9200,5.601e-07
met1,224.4800,198.5600,met1,226.3200,198.5600,3.454e-06
met1,224.4800,258.4000,met1,231.1500,258.4000,5.087e-06
met1,224.7100,95.2000,met1,227.2400,95.2000,1.348e-06
met1,224.7100,372.6400,met1,230.4600,372.6400,2.663e-06
met1,224.9400,40.8000,met1,231.1500,40.8000,6.483e-08
met1,224.9400,176.8000,met1,227.7000,176.8000,3.369e-06
met1,224.9400,187.6800,met1,227.7000,187.6800,3.780e-06
met1,225.4000,301.9200,met1,227.9300,301.9200,3.206e-06
met1,225.4000,388.9600,met1,230.0000,388.9600,1.922e-06
met1,225.4000,432.4800,met1,228.6200,432.4800,3.652e-06
met1,225.4000,443.3600,met1,231.1500,443.3600,2.637e-06
met1,225.4000,454.2400,met1,231.1500,454.2400,7.255e-06
met1,225.6300,323.6800,met1,231.1500,323.6800,2.472e-06
met1,225.6300,345.4400,met1,230.9200,345.4400,2.319e-06
met1,225.8600,122.4000,met1,227.9300,122.4000,4.639e-06
met1,225.8600,155.0400,met1,229.7700,155.0400,1.884e-06
met1,225.8600,165.9200,met1,227.9300,165.9200,2.249e-06
met1,225.8600,182.2400,met1,231.1500,182.2400,2.898e-06
met1,226.0900,19.0400,met1,231.1500,19.0400,3.295e-07
met1,226.0900,138.7200,met1,228.3900,138.7200,2.448e-06
met1,226.0900,149.6000,met1,229.3100,149.6000,2.252e-06
met1,226.0900,171.3600,met1,231.1500,171.3600,3.196e-06
met1,226.0900,204.0000,met1,231.1500,204.0000,5.262e-06
met1,226.3200,160.4800,met1,228.3900,160.4800,1.978e-06
met1,226.3200,198.5600,met1,229.0800,198.5600,3.462e-06
met1,226.5500,209.4400,met1,231.1500,209.4400,4.203e-06
met1,226.5500,383.5200,met1,231.1500,383.5200,2.460e-06
met1,226.5500,399.8400,met1,228.3900,399.8400,2.213e-06
met1,226.5500,421.6000,met1,231.1500,421.6000,3.328e-06
met1,226.7800,24.4800,met1,229.7700,24.4800,1.574e-07
met1,226.7800,84.3200,met1,229.0800,84.3200,8.570e-07
met1,226.7800,89.7600,met1,231.1500,89.7600,1.974e-06
met1,226.7800,106.0800,met1,229.3100,106.0800,2.164e-06
met1,226.7800,116.9600,met1,228.8500,116.9600,3.495e-06
met1,226.7800,144.1600,met1,229.3100,144.1600,3.563e-06
met1,226.7800,193.1200,met1,228.8500,193.1200,4.034e-06
met1,226.7800,334.5600,met1,229.5400,334.5600,2.464e-06
met1,226.7800,356.3200,met1,230.0000,356.3200,1.612e-06
met1,227.0100,29.9200,met1,231.1500,29.9200,9.515e-07
met1,227.0100,350.8800,met1,231.1500,350.8800,2.080e-06
met1,227.2400,13.6000,met1,231.1500,13.6000,3.311e-07
met1,227.2400,46.2400,met1,229.0800,46.2400,2.523e-07
met1,227.2400,73.4400,met1,229.7700,73.4400,1.292e-06
met1,227.2400,95.2000,met1,229.5400,95.2000,1.348e-06
met1,227.2400,214.8800,met1,229.5400,214.8800,4.364e-06
met1,227.2400,470.5600,met1,231.1500,470.5600,2.716e-06
met1,227.4700,410.7200,met1,231.1500,410.7200,2.279e-06
met1,227.7000,100.6400,met1,231.1500,100.6400,1.211e-06
met1,227.7000,176.8000,met1,230.0000,176.8000,3.382e-06
met1,227.7000,187.6800,met1,231.1500,187.6800,3.789e-06
met1,227.7000,263.8400,met1,231.1500,263.8400,4.336e-06
met1,227.7000,280.1600,met1,230.0000,280.1600,2.800e-06
met1,227.7000,448.8000,met1,231.1500,448.8000,4.367e-06
met1,227.9300,35.3600,met1,231.1500,35.3600,1.953e-06
met1,227.9300,51.6800,met1,231.1500,51.6800,1.549e-06
met1,227.9300,122.4000,met1,230.2300,122.4000,4.645e-06
met1,227.9300,127.8400,met1,231.1500,127.8400,2.834e-06
met1,227.9300,165.9200,met1,231.1500,165.9200,2.265e-06
met1,227.9300,247.5200,met1,231.1500,247.5200,5.237e-06
met1,227.9300,301.9200,met1,231.1500,301.9200,3.206e-06
met1,228.1600,57.1200,met1,230.0000,57.1200,6.735e-07
met1,228.1600,68.0000,met1,231.1500,68.0000,2.796e-07
met1,228.1600,231.2000,met1,230.0000,231.2000,6.041e-06
met1,228.3900,62.5600,met1,231.1500,62.5600,2.201e-06
met1,228.3900,138.7200,met1,231.1500,138.7200,2.457e-06
met1,228.3900,160.4800,met1,231.1500,160.4800,1.992e-06
met1,228.3900,225.7600,met1,231.1500,225.7600,3.927e-06
met1,228.3900,285.6000,met1,231.1500,285.6000,3.994e-06
met1,228.3900,399.8400,met1,231.1500,399.8400,2.213e-06
met1,228.3900,405.2800,met1,231.1500,405.2800,2.289e-06
met1,228.6200,394.4000,met1,231.1500,394.4000,2.477e-06
met1,228.6200,416.1600,met1,231.1500,416.1600,2.932e-06
met1,228.6200,432.4800,met1,231.1500,432.4800,5.697e-06
met1,228.8500,116.9600,met1,231.1500,116.9600,3.603e-06
met1,228.8500,193.1200,met1,231.1500,193.1200,4.042e-06
met1,228.8500,291.0400,met1,231.1500,291.0400,4.778e-06
met1,229.0800,46.2400,met1,231.1500,46.2400,2.042e-07
met1,229.0800,84.3200,met1,231.1500,84.3200,8.719e-07
met1,229.0800,198.5600,met1,231.1500,198.5600,3.474e-06
met1,229.3100,106.0800,met1,231.1500,106.0800,2.185e-06
met1,229.3100,144.1600,met1,231.1500,144.1600,3.580e-06
met1,229.3100,149.6000,met1,231.1500,149.6000,2.272e-06
met1,229.3100,269.2800,met1,231.1500,269.2800,3.329e-06
met1,229.3100,274.7200,met1,231.1500,274.7200,4.670e-06
met1,229.5400,95.2000,met1,234.6000,95.2000,1.349e-06
met1,229.5400,214.8800,met1,232.7600,214.8800,4.412e-06
met1,229.5400,334.5600,met1,238.1200,334.5600,2.464e-06
met1,229.7700,24.4800,met1,238.1200,24.4800,1.217e-07
met1,229.7700,73.4400,met1,233.2200,73.4400,1.306e-06
met1,229.7700,155.0400,met1,232.3000,155.0400,1.895e-06
met1,229.7700,220.3200,met1,234.6000,220.3200,5.416e-06
met1,230.0000,57.1200,met1,232.9900,57.1200,6.773e-07
met1,230.0000,176.8000,met1,232.3000,176.8000,3.402e-06
met1,230.0000,231.2000,met1,234.1400,231.2000,6.050e-06
met1,230.0000,280.1600,met1,232.7600,280.1600,2.803e-06
met1,230.0000,356.3200,met1,238.0500,356.3200,1.612e-06
met1,230.0000,367.2000,met1,232.5300,367.2000,2.190e-06
met1,230.0000,378.0800,met1,232.5300,378.0800,1.950e-06
met1,230.0000,388.9600,met1,238.1200,388.9600,1.922e-06
met1,230.2300,122.4000,met1,232.9900,122.4000,4.656e-06
met1,230.2300,329.1200,met1,232.7600,329.1200,2.657e-06
met1,230.4600,372.6400,met1,232.5300,372.6400,2.663e-06
met1,230.4600,459.6800,met1,238.1200,459.6800,5.044e-06
met1,230.6900,465.1200,met1,238.1200,465.1200,2.987e-06
met1,230.9200,318.2400,met1,238.1200,318.2400,2.587e-06
met1,230.9200,345.4400,met1,236.9000,345.4400,2.319e-06
met1,231.1500,13.6000,met1,238.0500,13.6000,3.311e-07
met1,231.1500,19.0400,met1,236.6700,19.0400,3.289e-07
met1,231.1500,29.9200,met1,233.4500,29.9200,1.025e-06
met1,231.1500,35.3600,met1,235.2900,35.3600,1.953e-06
met1,231.1500,40.8000,met1,236.2100,40.8000,6.483e-08
met1,231.1500,46.2400,met1,233.6800,46.2400,2.042e-07
met1,231.1500,51.6800,met1,236.6700,51.6800,1.550e-06
met1,231.1500,62.5600,met1,232.9900,62.5600,2.201e-06
met1,231.1500,68.0000,met1,238.1200,68.0000,2.796e-07
met1,231.1500,78.8800,met1,238.1200,78.8800,1.220e-06
met1,231.1500,84.3200,met1,233.4500,84.3200,8.811e-07
met1,231.1500,89.7600,met1,234.3700,89.7600,1.974e-06
met1,231.1500,100.6400,met1,238.1200,100.6400,1.211e-06
met1,231.1500,106.0800,met1,233.2200,106.0800,2.197e-06
met1,231.1500,111.5200,met1,238.1200,111.5200,2.534e-06
met1,231.1500,116.9600,met1,234.1400,116.9600,5.579e-06
met1,231.1500,127.8400,met1,236.2100,127.8400,2.834e-06
met1,231.1500,133.2800,met1,235.7500,133.2800,2.777e-06
met1,231.1500,138.7200,met1,238.1200,138.7200,2.462e-06
met1,231.1500,144.1600,met1,233.4500,144.1600,3.589e-06
met1,231.1500,149.6000,met1,236.4400,149.6000,2.272e-06
met1,231.1500,160.4800,met1,233.4500,160.4800,2.022e-06
met1,231.1500,165.9200,met1,238.1200,165.9200,2.265e-06
met1,231.1500,171.3600,met1,236.2100,171.3600,3.196e-06
met1,231.1500,182.2400,met1,238.1200,182.2400,2.898e-06
met1,231.1500,187.6800,met1,233.9100,187.6800,3.789e-06
met1,231.1500,193.1200,met1,237.1300,193.1200,4.042e-06
met1,231.1500,198.5600,met1,238.1200,198.5600,3.474e-06
met1,231.1500,204.0000,met1,234.1400,204.0000,5.262e-06
met1,231.1500,209.4400,met1,238.0500,209.4400,4.218e-06
met1,231.1500,225.7600,met1,238.1200,225.7600,3.927e-06
met1,231.1500,236.6400,met1,232.9900,236.6400,3.633e-06
met1,231.1500,242.0800,met1,232.9900,242.0800,5.052e-06
met1,231.1500,247.5200,met1,238.1200,247.5200,5.237e-06
met1,231.1500,252.9600,met1,236.4400,252.9600,4.475e-06
met1,231.1500,258.4000,met1,234.8300,258.4000,5.087e-06
met1,231.1500,263.8400,met1,237.1300,263.8400,5.473e-06
met1,231.1500,269.2800,met1,238.1200,269.2800,3.352e-06
met1,231.1500,274.7200,met1,233.9100,274.7200,4.679e-06
met1,231.1500,285.6000,met1,233.9100,285.6000,3.994e-06
met1,231.1500,291.0400,met1,234.1400,291.0400,4.781e-06
met1,231.1500,296.4800,met1,237.3600,296.4800,2.611e-06
met1,231.1500,301.9200,met1,235.9800,301.9200,4.312e-06
met1,231.1500,307.3600,met1,238.1200,307.3600,4.423e-06
met1,231.1500,312.8000,met1,233.9100,312.8000,2.312e-06
met1,231.1500,323.6800,met1,238.1200,323.6800,2.472e-06
met1,231.1500,340.0000,met1,232.9900,340.0000,2.307e-06
met1,231.1500,350.8800,met1,237.3600,350.8800,2.080e-06
met1,231.1500,361.7600,met1,238.1200,361.7600,2.059e-06
met1,231.1500,383.5200,met1,238.1200,383.5200,2.460e-06
met1,231.1500,394.4000,met1,236.2100,394.4000,2.477e-06
met1,231.1500,399.8400,met1,238.1200,399.8400,2.213e-06
met1,231.1500,405.2800,met1,233.2200,405.2800,2.289e-06
met1,231.1500,410.7200,met1,238.1200,410.7200,2.279e-06
met1,231.1500,416.1600,met1,238.1200,416.1600,2.932e-06
met1,231.1500,421.6000,met1,237.3600,421.6000,3.328e-06
met1,231.1500,427.0400,met1,235.0600,427.0400,1.768e-06
met1,231.1500,432.4800,met1,233.4500,432.4800,5.697e-06
met1,231.1500,437.9200,met1,236.9000,437.9200,1.572e-06
met1,231.1500,443.3600,met1,238.1200,443.3600,2.637e-06
met1,231.1500,448.8000,met1,235.2900,448.8000,4.367e-06
met1,231.1500,454.2400,met1,238.0500,454.2400,7.255e-06
met1,231.1500,470.5600,met1,238.1200,470.5600,2.716e-06
met1,232.3000,155.0400,met1,238.1200,155.0400,1.942e-06
met1,232.3000,176.8000,met1,234.1400,176.8000,3.408e-06
met1,232.5300,367.2000,met1,238.1200,367.2000,2.190e-06
met1,232.5300,372.6400,met1,234.8300,372.6400,2.663e-06
met1,232.5300,378.0800,met1,238.1200,378.0800,1.950e-06
met1,232.7600,214.8800,met1,234.6000,214.8800,4.412e-06
met1,232.7600,280.1600,met1,238.1200,280.1600,3.933e-06
met1,232.7600,329.1200,met1,235.9800,329.1200,2.657e-06
met1,232.9900,57.1200,met1,238.1200,57.1200,6.937e-07
met1,232.9900,62.5600,met1,237.3600,62.5600,2.228e-06
met1,232.9900,122.4000,met1,238.1200,122.4000,4.660e-06
met1,232.9900,236.6400,met1,235.5200,236.6400,3.669e-06
met1,232.9900,242.0800,met1,235.9800,242.0800,5.054e-06
met1,232.9900,340.0000,met1,237.3600,340.0000,2.307e-06
met1,233.2200,73.4400,met1,237.3600,73.4400,1.316e-06
met1,233.2200,106.0800,met1,237.5900,106.0800,2.198e-06
met1,233.2200,405.2800,met1,238.1200,405.2800,2.289e-06
met1,233.4500,29.9200,met1,238.0500,29.9200,1.365e-06
met1,233.4500,84.3200,met1,237.3600,84.3200,9.317e-07
met1,233.4500,144.1600,met1,238.1200,144.1600,3.593e-06
met1,233.4500,160.4800,met1,237.8200,160.4800,2.024e-06
met1,233.4500,432.4800,met1,238.1200,432.4800,5.968e-06
met1,233.6800,46.2400,met1,235.5200,46.2400,1.893e-07
met1,233.9100,187.6800,met1,236.2100,187.6800,3.795e-06
met1,233.9100,274.7200,met1,238.1200,274.7200,4.684e-06
met1,233.9100,285.6000,met1,238.1200,285.6000,4.004e-06
met1,233.9100,312.8000,met1,237.8200,312.8000,2.312e-06
met1,234.1400,116.9600,met1,236.6700,116.9600,6.069e-06
met1,234.1400,176.8000,met1,236.6700,176.8000,3.416e-06
met1,234.1400,204.0000,met1,238.1200,204.0000,5.263e-06
met1,234.1400,231.2000,met1,238.1200,231.2000,6.050e-06
met1,234.1400,291.0400,met1,236.4400,291.0400,4.783e-06
met1,234.3700,89.7600,met1,237.5900,89.7600,1.993e-06
met1,234.6000,95.2000,met1,238.1200,95.2000,1.353e-06
met1,234.6000,214.8800,met1,236.9000,214.8800,4.413e-06
met1,234.6000,220.3200,met1,236.4400,220.3200,5.431e-06
met1,234.8300,258.4000,met1,238.1200,258.4000,5.088e-06
met1,234.8300,372.6400,met1,238.1200,372.6400,2.663e-06
met1,235.0600,427.0400,met1,237.3600,427.0400,1.768e-06
met1,235.2900,35.3600,met1,238.1200,35.3600,2.029e-06
met1,235.2900,448.8000,met1,238.1200,448.8000,4.639e-06
met1,235.5200,46.2400,met1,238.1200,46.2400,1.663e-07
met1,235.5200,236.6400,met1,238.1200,236.6400,3.689e-06
met1,235.7500,133.2800,met1,238.1200,133.2800,2.781e-06
met1,235.9800,242.0800,met1,238.1200,242.0800,6.177e-06
met1,235.9800,301.9200,met1,238.1200,301.9200,5.419e-06
met1,235.9800,329.1200,met1,237.8200,329.1200,2.657e-06
met1,236.2100,40.8000,met1,238.1200,40.8000,5.573e-08
met1,236.2100,127.8400,met1,238.1200,127.8400,2.883e-06
met1,236.2100,171.3600,met1,238.1200,171.3600,3.245e-06
met1,236.2100,187.6800,met1,238.0500,187.6800,3.816e-06
met1,236.2100,394.4000,met1,238.1200,394.4000,2.477e-06
met1,236.4400,149.6000,met1,239.2000,149.6000,8.680e-07
met1,236.4400,149.6000,met2,238.1200,149.6000,1.408e-06
met1,236.4400,220.3200,met1,240.3500,220.3200,3.000e-06
met1,236.4400,220.3200,met2,238.1200,220.3200,2.446e-06
met1,236.4400,252.9600,met1,242.4200,252.9600,3.014e-06
met1,236.4400,252.9600,met2,238.1200,252.9600,1.491e-06
met1,236.4400,291.0400,met1,240.8100,291.0400,2.501e-07
met1,236.4400,291.0400,met2,238.1200,291.0400,4.537e-06
met1,236.6700,19.0400,met1,238.5100,19.0400,4.014e-06
met1,236.6700,19.0400,met2,238.1200,19.0400,3.711e-06
met1,236.6700,51.6800,met1,242.4200,51.6800,7.804e-07
met1,236.6700,51.6800,met2,238.1200,51.6800,7.851e-07
met1,236.6700,116.9600,met1,240.3500,116.9600,3.155e-07
met1,236.6700,116.9600,met2,238.1200,116.9600,7.751e-06
met1,236.6700,176.8000,met1,239.2000,176.8000,2.071e-06
met1,236.6700,176.8000,met2,238.1200,176.8000,1.396e-06
met1,236.9000,214.8800,met1,242.4200,214.8800,3.589e-06
met1,236.9000,214.8800,met2,238.1200,214.8800,8.429e-07
met1,236.9000,345.4400,met1,242.4200,345.4400,1.450e-06
met1,236.9000,345.4400,met2,238.1200,345.4400,3.769e-06
met1,236.9000,437.9200,met1,242.4200,437.9200,2.463e-07
met1,236.9000,437.9200,met2,238.1200,437.9200,3.241e-06
met1,237.1300,193.1200,met1,241.0400,193.1200,2.771e-06
met1,237.1300,193.1200,met2,238.1200,193.1200,1.276e-06
met1,237.1300,263.8400,met1,240.5800,263.8400,1.111e-06
met1,237.1300,263.8400,met2,238.1200,263.8400,4.365e-06
met1,237.3600,62.5600,met1,242.4200,62.5600,1.321e-06
met1,237.3600,62.5600,met2,238.1200,62.5600,3.562e-06
met1,237.3600,73.4400,met1,239.2000,73.4400,6.573e-07
met1,237.3600,73.4400,met2,238.1200,73.4400,1.982e-06
met1,237.3600,84.3200,met1,242.4200,84.3200,8.004e-07
met1,237.3600,84.3200,met2,238.1200,84.3200,1.390e-07
met1,237.3600,296.4800,met1,242.4200,296.4800,6.068e-07
met1,237.3600,296.4800,met2,238.1200,296.4800,4.345e-06
met1,237.3600,340.0000,met1,242.4200,340.0000,1.340e-06
met1,237.3600,340.0000,met2,238.1200,340.0000,3.646e-06
met1,237.3600,350.8800,met1,240.1200,350.8800,1.585e-06
met1,237.3600,350.8800,met2,238.1200,350.8800,3.665e-06
met1,237.3600,421.6000,met1,242.4200,421.6000,1.302e-06
met1,237.3600,421.6000,met2,238.1200,421.6000,2.026e-06
met1,237.3600,427.0400,met1,242.4200,427.0400,1.009e-06
met1,237.3600,427.0400,met2,238.1200,427.0400,7.591e-07
met1,237.5900,89.7600,met1,239.6600,89.7600,1.279e-06
met1,237.5900,89.7600,met2,238.1200,89.7600,3.286e-06
met1,237.5900,106.0800,met1,239.6600,106.0800,3.925e-08
met1,237.5900,106.0800,met2,238.1200,106.0800,2.158e-06
met1,237.8200,160.4800,met1,241.2700,160.4800,1.958e-06
met1,237.8200,160.4800,met2,238.1200,160.4800,1.187e-06
met1,237.8200,312.8000,met1,240.1200,312.8000,1.219e-06
met1,237.8200,312.8000,met2,238.1200,312.8000,3.531e-06
met1,237.8200,329.1200,met1,240.3500,329.1200,1.373e-06
met1,237.8200,329.1200,met2,238.1200,329.1200,4.030e-06
met1,238.0500,13.6000,met1,239.8900,13.6000,6.652e-06
met1,238.0500,13.6000,met2,238.1200,13.6000,7.035e-06
met1,238.0500,29.9200,met1,240.5800,29.9200,2.980e-07
met1,238.0500,29.9200,met2,238.1200,29.9200,1.745e-06
met1,238.0500,187.6800,met1,240.3500,187.6800,2.248e-06
met1,238.0500,187.6800,met2,238.1200,187.6800,1.587e-06
met1,238.0500,209.4400,met1,242.4200,209.4400,3.820e-06
met1,238.0500,209.4400,met2,238.1200,209.4400,4.010e-07
met1,238.0500,356.3200,met1,242.4200,356.3200,1.781e-06
met1,238.0500,356.3200,met2,238.1200,356.3200,3.393e-06
met1,238.0500,454.2400,met1,240.5800,454.2400,1.828e-06
met1,238.0500,454.2400,met2,238.1200,454.2400,5.442e-06
met1,238.1200,24.4800,met1,241.5000,24.4800,4.256e-06
met1,238.1200,24.4800,met2,238.1200,24.4800,4.156e-06
met1,238.1200,35.3600,met1,240.5800,35.3600,1.037e-06
met1,238.1200,35.3600,met2,238.1200,35.3600,3.066e-06
met1,238.1200,40.8000,met1,242.4200,40.8000,5.884e-06
met1,238.1200,40.8000,met2,238.1200,40.8000,5.893e-06
met1,238.1200,46.2400,met1,241.0400,46.2400,2.186e-06
met1,238.1200,46.2400,met2,238.1200,46.2400,2.041e-06
met1,238.1200,57.1200,met1,242.4200,57.1200,5.107e-07
met1,238.1200,57.1200,met2,238.1200,57.1200,1.204e-06
met1,238.1200,68.0000,met1,240.5800,68.0000,6.858e-07
met1,238.1200,68.0000,met2,238.1200,68.0000,9.675e-07
met1,238.1200,78.8800,met1,241.0400,78.8800,5.441e-07
met1,238.1200,78.8800,met2,238.1200,78.8800,6.755e-07
met1,238.1200,95.2000,met1,242.4200,95.2000,9.727e-07
met1,238.1200,95.2000,met2,238.1200,95.2000,3.800e-07
met1,238.1200,100.6400,met1,242.4200,100.6400,8.417e-08
met1,238.1200,100.6400,met2,238.1200,100.6400,1.127e-06
met1,238.1200,111.5200,met1,240.3500,111.5200,2.352e-06
met1,238.1200,111.5200,met2,238.1200,111.5200,4.886e-06
met1,238.1200,122.4000,met1,242.4200,122.4000,1.667e-06
met1,238.1200,122.4000,met2,238.1200,122.4000,2.993e-06
met1,238.1200,127.8400,met1,242.4200,127.8400,9.924e-07
met1,238.1200,127.8400,met2,238.1200,127.8400,1.890e-06
met1,238.1200,133.2800,met1,241.7300,133.2800,4.614e-07
met1,238.1200,133.2800,met2,238.1200,133.2800,2.337e-06
met1,238.1200,138.7200,met1,241.0400,138.7200,9.519e-07
met1,238.1200,138.7200,met2,238.1200,138.7200,1.510e-06
met1,238.1200,144.1600,met1,241.2700,144.1600,1.583e-06
met1,238.1200,144.1600,met2,238.1200,144.1600,2.020e-06
met1,238.1200,155.0400,met1,242.4200,155.0400,1.301e-06
met1,238.1200,155.0400,met2,238.1200,155.0400,6.403e-07
met1,238.1200,165.9200,met1,242.4200,165.9200,1.898e-06
met1,238.1200,165.9200,met2,238.1200,165.9200,3.671e-07
met1,238.1200,171.3600,met1,242.4200,171.3600,2.759e-06
met1,238.1200,171.3600,met2,238.1200,171.3600,1.609e-06
met1,238.1200,182.2400,met1,242.4200,182.2400,2.967e-06
met1,238.1200,182.2400,met2,238.1200,182.2400,5.893e-08
met1,238.1200,198.5600,met1,240.8100,198.5600,3.719e-06
met1,238.1200,198.5600,met2,238.1200,198.5600,1.973e-07
met1,238.1200,204.0000,met1,240.5800,204.0000,2.547e-06
met1,238.1200,204.0000,met2,238.1200,204.0000,2.717e-06
met1,238.1200,225.7600,met1,241.7300,225.7600,3.091e-06
met1,238.1200,225.7600,met2,238.1200,225.7600,8.554e-07
met1,238.1200,231.2000,met1,242.4200,231.2000,3.155e-06
met1,238.1200,231.2000,met2,238.1200,231.2000,2.896e-06
met1,238.1200,236.6400,met1,242.1900,236.6400,2.890e-06
met1,238.1200,236.6400,met2,238.1200,236.6400,7.989e-07
met1,238.1200,242.0800,met1,242.4200,242.0800,4.005e-06
met1,238.1200,242.0800,met2,238.1200,242.0800,2.172e-06
met1,238.1200,247.5200,met1,241.0400,247.5200,2.154e-06
met1,238.1200,247.5200,met2,238.1200,247.5200,3.084e-06
met1,238.1200,258.4000,met1,241.0400,258.4000,1.554e-06
met1,238.1200,258.4000,met2,238.1200,258.4000,3.534e-06
met1,238.1200,269.2800,met1,242.4200,269.2800,1.192e-06
met1,238.1200,269.2800,met2,238.1200,269.2800,2.160e-06
met1,238.1200,274.7200,met1,241.7300,274.7200,1.600e-06
met1,238.1200,274.7200,met2,238.1200,274.7200,3.085e-06
met1,238.1200,280.1600,met1,242.4200,280.1600,6.405e-08
met1,238.1200,280.1600,met2,238.1200,280.1600,3.869e-06
met1,238.1200,285.6000,met1,240.5800,285.6000,8.882e-08
met1,238.1200,285.6000,met2,238.1200,285.6000,4.092e-06
met1,238.1200,301.9200,met1,242.4200,301.9200,6.215e-07
met1,238.1200,301.9200,met2,238.1200,301.9200,6.040e-06
met1,238.1200,307.3600,met1,242.4200,307.3600,9.663e-07
met1,238.1200,307.3600,met2,238.1200,307.3600,5.390e-06
met1,238.1200,318.2400,met1,242.4200,318.2400,1.580e-06
met1,238.1200,318.2400,met2,238.1200,318.2400,4.167e-06
met1,238.1200,323.6800,met1,242.4200,323.6800,1.382e-06
met1,238.1200,323.6800,met2,238.1200,323.6800,3.854e-06
met1,238.1200,334.5600,met1,241.5000,334.5600,1.335e-06
met1,238.1200,334.5600,met2,238.1200,334.5600,3.798e-06
met1,238.1200,361.7600,met1,242.4200,361.7600,1.318e-06
met1,238.1200,361.7600,met2,238.1200,361.7600,3.377e-06
met1,238.1200,367.2000,met1,241.2700,367.2000,1.004e-06
met1,238.1200,367.2000,met2,238.1200,367.2000,3.194e-06
met1,238.1200,372.6400,met1,241.7300,372.6400,5.786e-07
met1,238.1200,372.6400,met2,238.1200,372.6400,3.241e-06
met1,238.1200,378.0800,met1,242.4200,378.0800,4.287e-07
met1,238.1200,378.0800,met2,238.1200,378.0800,2.379e-06
met1,238.1200,383.5200,met1,242.4200,383.5200,3.654e-08
met1,238.1200,383.5200,met2,238.1200,383.5200,2.423e-06
met1,238.1200,388.9600,met1,242.4200,388.9600,1.927e-07
met1,238.1200,388.9600,met2,238.1200,388.9600,1.729e-06
met1,238.1200,394.4000,met1,241.2700,394.4000,4.799e-07
met1,238.1200,394.4000,met2,238.1200,394.4000,1.997e-06
met1,238.1200,399.8400,met1,242.4200,399.8400,5.977e-07
met1,238.1200,399.8400,met2,238.1200,399.8400,1.615e-06
met1,238.1200,405.2800,met1,241.0400,405.2800,7.367e-07
met1,238.1200,405.2800,met2,238.1200,405.2800,1.552e-06
met1,238.1200,410.7200,met1,240.3500,410.7200,8.382e-07
met1,238.1200,410.7200,met2,238.1200,410.7200,1.441e-06
met1,238.1200,416.1600,met1,242.4200,416.1600,1.137e-06
met1,238.1200,416.1600,met2,238.1200,416.1600,1.795e-06
met1,238.1200,432.4800,met1,242.4200,432.4800,1.439e-06
met1,238.1200,432.4800,met2,238.1200,432.4800,4.529e-06
met1,238.1200,443.3600,met1,242.4200,443.3600,1.120e-07
met1,238.1200,443.3600,met2,238.1200,443.3600,2.749e-06
met1,238.1200,448.8000,met1,239.8900,448.8000,1.584e-07
met1,238.1200,448.8000,met2,238.1200,448.8000,4.797e-06
met1,238.1200,459.6800,met1,242.4200,459.6800,1.267e-06
met1,238.1200,459.6800,met2,238.1200,459.6800,3.778e-06
met1,238.1200,465.1200,met1,241.0400,465.1200,1.042e-06
met1,238.1200,465.1200,met2,238.1200,465.1200,3.123e-06
met1,238.1200,470.5600,met1,242.4200,470.5600,9.756e-07
met1,238.1200,470.5600,met2,238.1200,470.5600,1.744e-06
met1,238.5100,19.0400,met1,241.0400,19.0400,3.419e-06
met1,239.2000,73.4400,met1,241.5000,73.4400,6.399e-07
met1,239.2000,149.6000,met1,241.0400,149.6000,8.696e-07
met1,239.2000,176.8000,met1,242.4200,176.8000,2.078e-06
met1,239.6600,89.7600,met1,242.4200,89.7600,1.528e-07
met1,239.6600,106.0800,met1,242.1900,106.0800,4.159e-08
met1,239.8900,13.6000,met1,242.4200,13.6000,6.600e-06
met1,239.8900,448.8000,met1,242.4200,448.8000,1.008e-06
met1,240.1200,312.8000,met1,242.4200,312.8000,1.219e-06
met1,240.1200,350.8800,met1,242.4200,350.8800,1.585e-06
met1,240.3500,111.5200,met1,242.4200,111.5200,1.347e-06
met1,240.3500,116.9600,met1,242.4200,116.9600,3.236e-07
met1,240.3500,187.6800,met1,242.4200,187.6800,2.248e-06
met1,240.3500,220.3200,met1,242.4200,220.3200,4.140e-06
met1,240.3500,329.1200,met1,242.4200,329.1200,1.373e-06
met1,240.3500,410.7200,met1,242.4200,410.7200,8.382e-07
met1,240.5800,29.9200,met1,242.4200,29.9200,2.238e-07
met1,240.5800,35.3600,met1,242.4200,35.3600,8.645e-08
met1,240.5800,68.0000,met1,242.4200,68.0000,6.387e-07
met1,240.5800,204.0000,met1,242.4200,204.0000,3.673e-06
met1,240.5800,263.8400,met1,242.4200,263.8400,1.123e-06
met1,240.5800,285.6000,met1,242.4200,285.6000,9.254e-07
met1,240.5800,454.2400,met1,242.4200,454.2400,1.864e-06
met1,240.8100,198.5600,met1,242.8800,198.5600,3.722e-06
met1,240.8100,291.0400,met1,244.9500,291.0400,2.558e-07
met1,241.0400,19.0400,met1,242.8800,19.0400,2.551e-06
met1,241.0400,46.2400,met1,244.9500,46.2400,1.053e-06
met1,241.0400,78.8800,met1,244.9500,78.8800,5.551e-07
met1,241.0400,138.7200,met1,244.9500,138.7200,2.111e-06
met1,241.0400,149.6000,met1,244.9500,149.6000,2.001e-06
met1,241.0400,193.1200,met1,244.9500,193.1200,2.781e-06
met1,241.0400,247.5200,met1,244.9500,247.5200,3.260e-06
met1,241.0400,258.4000,met1,244.9500,258.4000,2.661e-06
met1,241.0400,405.2800,met1,244.9500,405.2800,7.367e-07
met1,241.0400,465.1200,met1,244.9500,465.1200,1.042e-06
met1,241.2700,144.1600,met1,244.9500,144.1600,1.589e-06
met1,241.2700,160.4800,met1,244.2600,160.4800,1.961e-06
met1,241.2700,367.2000,met1,244.9500,367.2000,1.004e-06
met1,241.2700,394.4000,met1,244.0300,394.4000,4.799e-07
met1,241.5000,24.4800,met1,244.0300,24.4800,3.979e-06
met1,241.5000,73.4400,met1,243.8000,73.4400,6.323e-07
met1,241.5000,334.5600,met1,243.5700,334.5600,1.335e-06
met1,241.7300,133.2800,met1,244.0300,133.2800,4.906e-07
met1,241.7300,225.7600,met1,244.9500,225.7600,3.103e-06
met1,241.7300,274.7200,met1,243.8000,274.7200,1.600e-06
met1,241.7300,372.6400,met1,244.9500,372.6400,5.786e-07
met1,242.1900,106.0800,met1,244.9500,106.0800,5.030e-08
met1,242.1900,236.6400,met1,244.9500,236.6400,2.905e-06
met1,242.4200,13.6000,met1,244.4900,13.6000,6.584e-06
met1,242.4200,29.9200,met1,244.7200,29.9200,2.378e-07
met1,242.4200,35.3600,met1,244.9500,35.3600,8.645e-08
met1,242.4200,40.8000,met1,244.9500,40.8000,5.884e-06
met1,242.4200,51.6800,met1,244.9500,51.6800,7.804e-07
met1,242.4200,57.1200,met1,244.9500,57.1200,5.107e-07
met1,242.4200,62.5600,met1,244.9500,62.5600,1.131e-07
met1,242.4200,68.0000,met1,244.9500,68.0000,4.871e-07
met1,242.4200,84.3200,met1,244.9500,84.3200,8.004e-07
met1,242.4200,89.7600,met1,244.9500,89.7600,1.528e-07
met1,242.4200,95.2000,met1,244.9500,95.2000,9.727e-07
met1,242.4200,100.6400,met1,244.9500,100.6400,8.731e-08
met1,242.4200,111.5200,met1,244.9500,111.5200,2.543e-06
met1,242.4200,116.9600,met1,244.9500,116.9600,3.258e-06
met1,242.4200,122.4000,met1,244.9500,122.4000,1.667e-06
met1,242.4200,127.8400,met1,244.9500,127.8400,2.128e-06
met1,242.4200,155.0400,met1,244.9500,155.0400,1.307e-06
met1,242.4200,165.9200,met1,244.9500,165.9200,1.898e-06
met1,242.4200,171.3600,met1,244.9500,171.3600,2.759e-06
met1,242.4200,176.8000,met1,244.9500,176.8000,2.078e-06
met1,242.4200,182.2400,met1,244.9500,182.2400,2.967e-06
met1,242.4200,187.6800,met1,244.9500,187.6800,2.274e-06
met1,242.4200,204.0000,met1,244.9500,204.0000,3.686e-06
met1,242.4200,209.4400,met1,244.9500,209.4400,3.853e-06
met1,242.4200,214.8800,met1,244.9500,214.8800,3.589e-06
met1,242.4200,220.3200,met1,244.9500,220.3200,4.140e-06
met1,242.4200,231.2000,met1,244.9500,231.2000,3.155e-06
met1,242.4200,242.0800,met1,244.9500,242.0800,4.005e-06
met1,242.4200,252.9600,met1,244.9500,252.9600,3.016e-06
met1,242.4200,263.8400,met1,244.9500,263.8400,1.127e-06
met1,242.4200,269.2800,met1,244.9500,269.2800,2.299e-06
met1,242.4200,280.1600,met1,244.9500,280.1600,6.861e-08
met1,242.4200,285.6000,met1,244.9500,285.6000,9.254e-07
met1,242.4200,296.4800,met1,244.9500,296.4800,6.068e-07
met1,242.4200,301.9200,met1,244.9500,301.9200,6.215e-07
met1,242.4200,307.3600,met1,244.9500,307.3600,9.663e-07
met1,242.4200,312.8000,met1,244.9500,312.8000,1.219e-06
met1,242.4200,318.2400,met1,244.9500,318.2400,1.580e-06
met1,242.4200,323.6800,met1,244.9500,323.6800,1.382e-06
met1,242.4200,329.1200,met1,244.9500,329.1200,1.373e-06
met1,242.4200,340.0000,met1,244.9500,340.0000,1.340e-06
met1,242.4200,345.4400,met1,244.9500,345.4400,1.450e-06
met1,242.4200,350.8800,met1,244.9500,350.8800,1.585e-06
met1,242.4200,356.3200,met1,244.9500,356.3200,1.781e-06
met1,242.4200,361.7600,met1,244.9500,361.7600,1.318e-06
met1,242.4200,378.0800,met1,244.9500,378.0800,4.287e-07
met1,242.4200,383.5200,met1,244.9500,383.5200,3.654e-08
met1,242.4200,388.9600,met1,244.9500,388.9600,1.927e-07
met1,242.4200,399.8400,met1,244.9500,399.8400,5.977e-07
met1,242.4200,410.7200,met1,244.9500,410.7200,8.382e-07
met1,242.4200,416.1600,met1,244.9500,416.1600,1.137e-06
met1,242.4200,421.6000,met1,244.9500,421.6000,1.302e-06
met1,242.4200,427.0400,met1,244.9500,427.0400,1.009e-06
met1,242.4200,432.4800,met1,244.9500,432.4800,1.439e-06
met1,242.4200,437.9200,met1,244.9500,437.9200,2.424e-07
met1,242.4200,443.3600,met1,244.9500,443.3600,1.291e-06
met1,242.4200,448.8000,met1,244.9500,448.8000,1.008e-06
met1,242.4200,454.2400,met1,244.9500,454.2400,1.871e-06
met1,242.4200,459.6800,met1,244.9500,459.6800,1.267e-06
met1,242.4200,470.5600,met1,244.9500,470.5600,9.756e-07
met1,242.8800,19.0400,met1,244.9500,19.0400,6.270e-07
met1,242.8800,198.5600,met1,244.9500,198.5600,3.722e-06
met1,243.5700,334.5600,met1,246.3300,334.5600,1.335e-06
met1,243.8000,73.4400,met1,249.5500,73.4400,5.046e-07
met1,243.8000,274.7200,met1,247.4800,274.7200,1.611e-06
met1,244.0300,24.4800,met1,253.9200,24.4800,3.952e-06
met1,244.0300,133.2800,met1,245.8700,133.2800,4.933e-07
met1,244.0300,394.4000,met1,246.1000,394.4000,4.799e-07
met1,244.2600,160.4800,met1,254.6100,160.4800,1.998e-06
met1,244.4900,13.6000,met1,254.1500,13.6000,6.325e-06
met1,244.7200,29.9200,met1,249.3200,29.9200,4.102e-07
met1,244.9500,19.0400,met1,251.3900,19.0400,6.016e-07
met1,244.9500,35.3600,met1,258.7500,35.3600,8.645e-08
met1,244.9500,40.8000,met1,247.9400,40.8000,5.884e-06
met1,244.9500,46.2400,met1,247.9400,46.2400,1.053e-06
met1,244.9500,51.6800,met1,246.7900,51.6800,7.804e-07
met1,244.9500,57.1200,met1,251.1600,57.1200,5.107e-07
met1,244.9500,62.5600,met1,250.7000,62.5600,1.534e-06
met1,244.9500,68.0000,met1,257.1400,68.0000,4.871e-07
met1,244.9500,78.8800,met1,248.6300,78.8800,5.551e-07
met1,244.9500,84.3200,met1,250.7000,84.3200,8.485e-07
met1,244.9500,89.7600,met1,246.7900,89.7600,1.528e-07
met1,244.9500,95.2000,met1,258.7500,95.2000,9.727e-07
met1,244.9500,100.6400,met1,247.9400,100.6400,1.221e-06
met1,244.9500,106.0800,met1,249.3200,106.0800,4.737e-07
met1,244.9500,111.5200,met1,250.7000,111.5200,2.543e-06
met1,244.9500,116.9600,met1,247.2500,116.9600,3.258e-06
met1,244.9500,122.4000,met1,249.5500,122.4000,1.667e-06
met1,244.9500,127.8400,met1,255.7600,127.8400,2.128e-06
met1,244.9500,138.7200,met1,251.6200,138.7200,2.111e-06
met1,244.9500,144.1600,met1,250.4700,144.1600,1.589e-06
met1,244.9500,149.6000,met1,247.0200,149.6000,2.001e-06
met1,244.9500,155.0400,met1,247.2500,155.0400,1.310e-06
met1,244.9500,165.9200,met1,248.8600,165.9200,1.898e-06
met1,244.9500,171.3600,met1,247.4800,171.3600,2.759e-06
met1,244.9500,176.8000,met1,249.3200,176.8000,2.078e-06
met1,244.9500,182.2400,met1,247.2500,182.2400,2.967e-06
met1,244.9500,187.6800,met1,248.4000,187.6800,2.274e-06
met1,244.9500,193.1200,met1,254.3800,193.1200,2.781e-06
met1,244.9500,198.5600,met1,251.1600,198.5600,3.722e-06
met1,244.9500,204.0000,met1,249.3200,204.0000,3.686e-06
met1,244.9500,209.4400,met1,248.6300,209.4400,3.853e-06
met1,244.9500,214.8800,met1,255.3000,214.8800,3.589e-06
met1,244.9500,220.3200,met1,249.3200,220.3200,4.140e-06
met1,244.9500,225.7600,met1,252.7700,225.7600,3.103e-06
met1,244.9500,231.2000,met1,249.7800,231.2000,3.164e-06
met1,244.9500,236.6400,met1,254.3800,236.6400,4.082e-06
met1,244.9500,242.0800,met1,256.4500,242.0800,4.005e-06
met1,244.9500,247.5200,met1,252.0800,247.5200,3.260e-06
met1,244.9500,252.9600,met1,248.8600,252.9600,3.016e-06
met1,244.9500,258.4000,met1,250.2400,258.4000,2.661e-06
met1,244.9500,263.8400,met1,247.0200,263.8400,1.127e-06
met1,244.9500,269.2800,met1,258.5200,269.2800,2.299e-06
met1,244.9500,280.1600,met1,246.7900,280.1600,7.219e-08
met1,244.9500,285.6000,met1,257.6000,285.6000,9.254e-07
met1,244.9500,291.0400,met1,246.7900,291.0400,3.034e-07
met1,244.9500,296.4800,met1,246.7900,296.4800,6.064e-07
met1,244.9500,301.9200,met1,246.7900,301.9200,6.215e-07
met1,244.9500,307.3600,met1,247.0200,307.3600,9.663e-07
met1,244.9500,312.8000,met1,247.9400,312.8000,1.219e-06
met1,244.9500,318.2400,met1,253.0000,318.2400,1.580e-06
met1,244.9500,323.6800,met1,255.5300,323.6800,1.382e-06
met1,244.9500,329.1200,met1,254.6100,329.1200,1.373e-06
met1,244.9500,340.0000,met1,258.7500,340.0000,1.340e-06
met1,244.9500,345.4400,met1,248.1700,345.4400,1.450e-06
met1,244.9500,350.8800,met1,258.7500,350.8800,1.585e-06
met1,244.9500,356.3200,met1,248.8600,356.3200,1.781e-06
met1,244.9500,361.7600,met1,250.0100,361.7600,1.318e-06
met1,244.9500,367.2000,met1,249.7800,367.2000,1.004e-06
met1,244.9500,372.6400,met1,247.7100,372.6400,5.786e-07
met1,244.9500,378.0800,met1,248.1700,378.0800,4.287e-07
met1,244.9500,383.5200,met1,257.8300,383.5200,3.654e-08
met1,244.9500,388.9600,met1,246.7900,388.9600,1.927e-07
met1,244.9500,399.8400,met1,250.9300,399.8400,5.977e-07
met1,244.9500,405.2800,met1,257.3700,405.2800,7.367e-07
met1,244.9500,410.7200,met1,252.0800,410.7200,8.382e-07
met1,244.9500,416.1600,met1,258.7500,416.1600,1.137e-06
met1,244.9500,421.6000,met1,251.8500,421.6000,1.302e-06
met1,244.9500,427.0400,met1,252.5400,427.0400,1.009e-06
met1,244.9500,432.4800,met1,252.3100,432.4800,1.439e-06
met1,244.9500,437.9200,met1,247.4800,437.9200,8.688e-07
met1,244.9500,443.3600,met1,254.6100,443.3600,1.291e-06
met1,244.9500,448.8000,met1,258.5200,448.8000,1.008e-06
met1,244.9500,454.2400,met1,247.0200,454.2400,1.871e-06
met1,244.9500,459.6800,met1,248.4000,459.6800,1.272e-06
met1,244.9500,465.1200,met1,249.3200,465.1200,2.153e-06
met1,244.9500,470.5600,met1,252.5400,470.5600,9.795e-07
met1,245.8700,133.2800,met1,251.1600,133.2800,4.960e-07
met1,246.1000,394.4000,met1,257.8300,394.4000,4.799e-07
met1,246.3300,334.5600,met1,253.4600,334.5600,1.335e-06
met1,246.7900,51.6800,met1,253.2300,51.6800,7.968e-07
met1,246.7900,89.7600,met1,248.8600,89.7600,1.499e-07
met1,246.7900,280.1600,met1,249.0900,280.1600,7.897e-08
met1,246.7900,291.0400,met1,248.6300,291.0400,3.034e-07
met1,246.7900,296.4800,met1,248.8600,296.4800,5.998e-07
met1,246.7900,301.9200,met1,249.3200,301.9200,6.215e-07
met1,246.7900,388.9600,met1,254.6100,388.9600,1.927e-07
met1,247.0200,149.6000,met1,256.6800,149.6000,2.014e-06
met1,247.0200,263.8400,met1,252.0800,263.8400,1.142e-06
met1,247.0200,307.3600,met1,258.7500,307.3600,9.663e-07
met1,247.0200,454.2400,met1,249.3200,454.2400,1.871e-06
met1,247.2500,116.9600,met1,256.6800,116.9600,3.295e-06
met1,247.2500,155.0400,met1,252.7700,155.0400,1.326e-06
met1,247.2500,182.2400,met1,250.7000,182.2400,2.990e-06
met1,247.4800,171.3600,met1,249.7800,171.3600,2.762e-06
met1,247.4800,274.7200,met1,250.9300,274.7200,2.037e-06
met1,247.4800,437.9200,met1,250.4700,437.9200,8.688e-07
met1,247.7100,372.6400,met1,250.9300,372.6400,5.786e-07
met1,247.9400,40.8000,met1,253.9200,40.8000,1.534e-06
met1,247.9400,46.2400,met1,251.1600,46.2400,8.344e-07
met1,247.9400,100.6400,met1,251.8500,100.6400,1.268e-06
met1,247.9400,312.8000,met1,258.7500,312.8000,1.219e-06
met1,248.1700,345.4400,met1,252.3100,345.4400,1.450e-06
met1,248.1700,378.0800,met1,257.6000,378.0800,4.287e-07
met1,248.4000,187.6800,met1,258.7500,187.6800,3.381e-06
met1,248.4000,459.6800,met1,250.2400,459.6800,1.275e-06
met1,248.6300,78.8800,met1,250.9300,78.8800,5.724e-07
met1,248.6300,209.4400,met1,250.9300,209.4400,3.854e-06
met1,248.6300,291.0400,met1,250.7000,291.0400,3.206e-07
met1,248.8600,89.7600,met1,251.1600,89.7600,9.949e-07
met1,248.8600,165.9200,met1,251.1600,165.9200,1.899e-06
met1,248.8600,252.9600,met1,258.7500,252.9600,3.043e-06
met1,248.8600,296.4800,met1,251.6200,296.4800,5.349e-07
met1,248.8600,356.3200,met1,251.8500,356.3200,1.781e-06
met1,249.0900,280.1600,met1,253.4600,280.1600,1.038e-07
met1,249.3200,29.9200,met1,251.1600,29.9200,4.643e-07
met1,249.3200,106.0800,met1,253.9200,106.0800,4.832e-07
met1,249.3200,176.8000,met1,255.7600,176.8000,3.209e-06
met1,249.3200,204.0000,met1,254.3800,204.0000,3.696e-06
met1,249.3200,220.3200,met1,255.0700,220.3200,4.173e-06
met1,249.3200,301.9200,met1,251.1600,301.9200,6.169e-07
met1,249.3200,454.2400,met1,252.0800,454.2400,1.871e-06
met1,249.3200,465.1200,met1,253.2300,465.1200,2.154e-06
met1,249.5500,73.4400,met1,251.6200,73.4400,5.188e-07
met1,249.5500,122.4000,met1,253.6900,122.4000,1.697e-06
met1,249.7800,171.3600,met1,254.8400,171.3600,2.809e-06
met1,249.7800,231.2000,met1,252.5400,231.2000,3.178e-06
met1,249.7800,367.2000,met1,257.3700,367.2000,1.004e-06
met1,250.0100,361.7600,met1,257.3700,361.7600,1.318e-06
met1,250.2400,258.4000,met1,252.7700,258.4000,2.677e-06
met1,250.2400,459.6800,met1,256.6800,459.6800,2.386e-06
met1,250.4700,144.1600,met1,254.3800,144.1600,1.604e-06
met1,250.4700,437.9200,met1,252.7700,437.9200,8.690e-07
met1,250.7000,62.5600,met1,253.6900,62.5600,1.574e-06
met1,250.7000,84.3200,met1,252.7700,84.3200,8.487e-07
met1,250.7000,111.5200,met1,258.7500,111.5200,2.681e-06
met1,250.7000,182.2400,met1,253.2300,182.2400,3.014e-06
met1,250.7000,291.0400,met1,258.7500,291.0400,3.312e-07
met1,250.9300,78.8800,met1,256.9100,78.8800,5.804e-07
met1,250.9300,209.4400,met1,253.4600,209.4400,3.875e-06
met1,250.9300,274.7200,met1,258.7500,274.7200,2.047e-06
met1,250.9300,372.6400,met1,252.7700,372.6400,5.786e-07
met1,250.9300,399.8400,met1,254.3800,399.8400,5.977e-07
met1,251.1600,29.9200,met1,258.7500,29.9200,5.679e-07
met1,251.1600,46.2400,met1,253.9200,46.2400,8.344e-07
met1,251.1600,57.1200,met1,256.9100,57.1200,6.621e-07
met1,251.1600,89.7600,met1,254.3800,89.7600,9.959e-07
met1,251.1600,133.2800,met1,253.2300,133.2800,5.034e-07
met1,251.1600,165.9200,met1,253.4600,165.9200,1.906e-06
met1,251.1600,198.5600,met1,256.4500,198.5600,3.723e-06
met1,251.1600,301.9200,met1,258.7500,301.9200,4.895e-07
met1,251.3900,19.0400,met1,253.6900,19.0400,1.541e-06
met1,251.6200,73.4400,met1,255.3000,73.4400,5.191e-07
met1,251.6200,138.7200,met1,254.8400,138.7200,2.126e-06
met1,251.6200,296.4800,met1,258.7500,296.4800,5.387e-07
met1,251.8500,100.6400,met1,256.4500,100.6400,1.282e-06
met1,251.8500,356.3200,met1,258.7500,356.3200,1.781e-06
met1,251.8500,421.6000,met1,256.9100,421.6000,1.302e-06
met1,252.0800,247.5200,met1,258.7500,247.5200,3.366e-06
met1,252.0800,263.8400,met1,255.7600,263.8400,2.274e-06
met1,252.0800,410.7200,met1,258.2900,410.7200,8.382e-07
met1,252.0800,454.2400,met1,258.7500,454.2400,1.872e-06
met1,252.3100,345.4400,met1,255.5300,345.4400,1.450e-06
met1,252.3100,432.4800,met1,254.1500,432.4800,1.439e-06
met1,252.5400,231.2000,met1,256.2200,231.2000,3.195e-06
met1,252.5400,427.0400,met1,258.7500,427.0400,1.009e-06
met1,252.5400,470.5600,met1,258.7500,470.5600,9.795e-07
met1,252.7700,84.3200,met1,255.3000,84.3200,8.609e-07
met1,252.7700,155.0400,met1,255.5300,155.0400,1.378e-06
met1,252.7700,225.7600,met1,254.8400,225.7600,3.106e-06
met1,252.7700,258.4000,met1,258.7500,258.4000,2.691e-06
met1,252.7700,372.6400,met1,256.9100,372.6400,5.786e-07
met1,252.7700,437.9200,met1,255.0700,437.9200,8.792e-07
met1,253.0000,318.2400,met1,257.8300,318.2400,1.580e-06
met1,253.2300,51.6800,met1,256.2200,51.6800,8.008e-07
met1,253.2300,133.2800,met1,255.7600,133.2800,5.143e-07
met1,253.2300,182.2400,met1,255.5300,182.2400,3.099e-06
met1,253.2300,465.1200,met1,258.7500,465.1200,2.154e-06
met1,253.4600,165.9200,met1,256.2200,165.9200,1.930e-06
met1,253.4600,209.4400,met1,256.9100,209.4400,3.942e-06
met1,253.4600,280.1600,met1,257.1400,280.1600,1.227e-06
met1,253.4600,334.5600,met1,255.9900,334.5600,1.335e-06
met1,253.6900,19.0400,met1,256.6800,19.0400,2.076e-06
met1,253.6900,62.5600,met1,256.6800,62.5600,1.601e-06
met1,253.6900,122.4000,met1,258.0600,122.4000,1.732e-06
met1,253.9200,24.4800,met1,255.7600,24.4800,3.933e-06
met1,253.9200,40.8000,met1,258.7500,40.8000,2.644e-06
met1,253.9200,46.2400,met1,256.9100,46.2400,8.345e-07
met1,253.9200,106.0800,met1,258.7500,106.0800,1.630e-06
met1,254.1500,13.6000,met1,256.9100,13.6000,5.600e-06
met1,254.1500,432.4800,met1,256.2200,432.4800,1.453e-06
met1,254.3800,89.7600,met1,256.6800,89.7600,1.009e-06
met1,254.3800,144.1600,met1,258.7500,144.1600,2.780e-06
met1,254.3800,193.1200,met1,256.9100,193.1200,2.796e-06
met1,254.3800,204.0000,met1,257.3700,204.0000,4.828e-06
met1,254.3800,236.6400,met1,258.7500,236.6400,4.210e-06
met1,254.3800,399.8400,met1,256.9100,399.8400,5.977e-07
met1,254.6100,160.4800,met1,258.7500,160.4800,2.032e-06
met1,254.6100,329.1200,met1,258.7500,329.1200,1.373e-06
met1,254.6100,388.9600,met1,258.0600,388.9600,1.927e-07
met1,254.6100,443.3600,met1,257.8300,443.3600,1.291e-06
met1,254.8400,138.7200,met1,257.3700,138.7200,2.134e-06
met1,254.8400,171.3600,met1,257.8300,171.3600,2.824e-06
met1,254.8400,225.7600,met1,257.1400,225.7600,3.118e-06
met1,255.0700,220.3200,met1,258.7500,220.3200,4.255e-06
met1,255.0700,437.9200,met1,258.5200,437.9200,8.992e-07
met1,255.3000,73.4400,met1,257.3700,73.4400,5.672e-07
met1,255.3000,84.3200,met1,258.7500,84.3200,9.552e-07
met1,255.3000,214.8800,met1,258.7500,214.8800,3.612e-06
met1,255.5300,155.0400,met1,257.3700,155.0400,1.397e-06
met1,255.5300,182.2400,met1,258.7500,182.2400,3.150e-06
met1,255.5300,323.6800,met1,258.7500,323.6800,1.382e-06
met1,255.5300,345.4400,met1,258.7500,345.4400,1.450e-06
met1,255.7600,24.4800,met1,257.6000,24.4800,3.894e-06
met1,255.7600,127.8400,met1,258.7500,127.8400,2.176e-06
met1,255.7600,133.2800,met1,258.7500,133.2800,2.100e-06
met1,255.7600,176.8000,met1,258.7500,176.8000,3.323e-06
met1,255.7600,263.8400,met1,257.6000,263.8400,2.285e-06
met1,255.9900,334.5600,met1,258.7500,334.5600,1.335e-06
met1,256.2200,51.6800,met1,258.2900,51.6800,8.059e-07
met1,256.2200,165.9200,met1,258.7500,165.9200,3.084e-06
met1,256.2200,231.2000,met1,258.7500,231.2000,3.211e-06
met1,256.2200,432.4800,met1,258.7500,432.4800,1.467e-06
met1,256.4500,100.6400,met1,258.7500,100.6400,1.290e-06
met1,256.4500,198.5600,met1,258.7500,198.5600,3.736e-06
met1,256.4500,242.0800,met1,258.7500,242.0800,4.011e-06
met1,256.6800,19.0400,met1,258.7500,19.0400,2.156e-06
met1,256.6800,62.5600,met1,258.7500,62.5600,1.608e-06
met1,256.6800,89.7600,met1,258.7500,89.7600,2.162e-06
met1,256.6800,116.9600,met1,258.7500,116.9600,3.332e-06
met1,256.6800,149.6000,met1,258.7500,149.6000,2.053e-06
met1,256.6800,459.6800,met1,258.7500,459.6800,2.387e-06
met1,256.9100,13.6000,met1,258.7500,13.6000,4.835e-06
met1,256.9100,46.2400,met1,258.7500,46.2400,8.525e-07
met1,256.9100,57.1200,met1,258.7500,57.1200,7.327e-07
met1,256.9100,78.8800,met1,258.7500,78.8800,5.833e-07
met1,256.9100,193.1200,met1,258.7500,193.1200,2.825e-06
met1,256.9100,209.4400,met1,258.7500,209.4400,4.001e-06
met1,256.9100,372.6400,met1,258.7500,372.6400,5.786e-07
met1,256.9100,399.8400,met1,258.7500,399.8400,5.977e-07
met1,256.9100,421.6000,met1,258.7500,421.6000,1.302e-06
met1,257.1400,68.0000,met1,266.8000,68.0000,4.961e-07
met1,257.1400,225.7600,met1,265.8800,225.7600,3.164e-06
met1,257.1400,280.1600,met1,260.8200,280.1600,1.237e-06
met1,257.3700,73.4400,met1,267.7200,73.4400,1.724e-06
met1,257.3700,138.7200,met1,259.6700,138.7200,2.165e-06
met1,257.3700,155.0400,met1,266.1100,155.0400,1.462e-06
met1,257.3700,204.0000,met1,259.9000,204.0000,4.844e-06
met1,257.3700,361.7600,met1,260.5900,361.7600,1.318e-06
met1,257.3700,367.2000,met1,270.7100,367.2000,1.004e-06
met1,257.3700,405.2800,met1,269.1000,405.2800,7.367e-07
met1,257.6000,24.4800,met1,264.5000,24.4800,3.890e-06
met1,257.6000,263.8400,met1,262.4300,263.8400,2.292e-06
met1,257.6000,285.6000,met1,259.9000,285.6000,9.257e-07
met1,257.6000,378.0800,met1,259.9000,378.0800,4.287e-07
met1,257.8300,171.3600,met1,268.1800,171.3600,2.840e-06
met1,257.8300,318.2400,met1,269.3300,318.2400,1.580e-06
met1,257.8300,383.5200,met1,270.4800,383.5200,3.655e-08
met1,257.8300,394.4000,met1,272.5500,394.4000,4.799e-07
met1,257.8300,443.3600,met1,270.4800,443.3600,1.852e-06
met1,258.0600,122.4000,met1,263.8100,122.4000,1.870e-06
met1,258.0600,388.9600,met1,259.9000,388.9600,1.927e-07
met1,258.2900,51.6800,met1,268.1800,51.6800,8.152e-07
met1,258.2900,410.7200,met1,260.8200,410.7200,8.382e-07
met1,258.5200,269.2800,met1,261.0500,269.2800,2.345e-06
met1,258.5200,437.9200,met1,270.0200,437.9200,2.031e-06
met1,258.5200,448.8000,met1,264.7300,448.8000,1.540e-06
met1,258.7500,13.6000,met1,263.3500,13.6000,4.835e-06
met1,258.7500,19.0400,met1,262.4300,19.0400,2.196e-06
met1,258.7500,29.9200,met1,260.5900,29.9200,5.679e-07
met1,258.7500,35.3600,met1,261.2800,35.3600,8.645e-08
met1,258.7500,40.8000,met1,261.5100,40.8000,2.644e-06
met1,258.7500,46.2400,met1,260.8200,46.2400,8.525e-07
met1,258.7500,57.1200,met1,261.7400,57.1200,7.327e-07
met1,258.7500,62.5600,met1,265.1900,62.5600,1.608e-06
met1,258.7500,78.8800,met1,261.2800,78.8800,5.850e-07
met1,258.7500,84.3200,met1,271.4000,84.3200,9.609e-07
met1,258.7500,89.7600,met1,260.5900,89.7600,2.162e-06
met1,258.7500,95.2000,met1,271.1700,95.2000,1.034e-06
met1,258.7500,100.6400,met1,261.5100,100.6400,1.290e-06
met1,258.7500,106.0800,met1,264.2700,106.0800,1.667e-06
met1,258.7500,111.5200,met1,262.4300,111.5200,2.681e-06
met1,258.7500,116.9600,met1,262.6600,116.9600,3.427e-06
met1,258.7500,127.8400,met1,268.4100,127.8400,2.176e-06
met1,258.7500,133.2800,met1,263.5800,133.2800,2.100e-06
met1,258.7500,144.1600,met1,263.3500,144.1600,2.780e-06
met1,258.7500,149.6000,met1,260.5900,149.6000,2.160e-06
met1,258.7500,160.4800,met1,264.2700,160.4800,2.032e-06
met1,258.7500,165.9200,met1,261.5100,165.9200,3.090e-06
met1,258.7500,176.8000,met1,261.5100,176.8000,3.323e-06
met1,258.7500,182.2400,met1,270.0200,182.2400,3.150e-06
met1,258.7500,187.6800,met1,261.7400,187.6800,3.390e-06
met1,258.7500,193.1200,met1,260.5900,193.1200,2.825e-06
met1,258.7500,198.5600,met1,268.8700,198.5600,3.736e-06
met1,258.7500,209.4400,met1,262.8900,209.4400,4.001e-06
met1,258.7500,214.8800,met1,264.9600,214.8800,3.612e-06
met1,258.7500,220.3200,met1,266.5700,220.3200,4.255e-06
met1,258.7500,231.2000,met1,260.5900,231.2000,4.334e-06
met1,258.7500,236.6400,met1,268.4100,236.6400,4.210e-06
met1,258.7500,242.0800,met1,262.6600,242.0800,4.011e-06
met1,258.7500,247.5200,met1,263.1200,247.5200,3.382e-06
met1,258.7500,252.9600,met1,262.8900,252.9600,3.060e-06
met1,258.7500,258.4000,met1,269.5600,258.4000,2.693e-06
met1,258.7500,274.7200,met1,262.4300,274.7200,2.047e-06
met1,258.7500,291.0400,met1,261.2800,291.0400,3.576e-07
met1,258.7500,296.4800,met1,262.4300,296.4800,5.387e-07
met1,258.7500,301.9200,met1,262.2000,301.9200,4.895e-07
met1,258.7500,307.3600,met1,261.2800,307.3600,9.663e-07
met1,258.7500,312.8000,met1,261.5100,312.8000,1.219e-06
met1,258.7500,323.6800,met1,262.4300,323.6800,1.382e-06
met1,258.7500,329.1200,met1,266.1100,329.1200,1.373e-06
met1,258.7500,334.5600,met1,264.5000,334.5600,1.335e-06
met1,258.7500,340.0000,met1,261.7400,340.0000,1.340e-06
met1,258.7500,345.4400,met1,265.1900,345.4400,1.450e-06
met1,258.7500,350.8800,met1,271.4000,350.8800,1.585e-06
met1,258.7500,356.3200,met1,261.7400,356.3200,1.781e-06
met1,258.7500,372.6400,met1,261.7400,372.6400,5.786e-07
met1,258.7500,399.8400,met1,263.3500,399.8400,5.977e-07
met1,258.7500,416.1600,met1,263.1200,416.1600,1.137e-06
met1,258.7500,421.6000,met1,263.1200,421.6000,1.302e-06
met1,258.7500,427.0400,met1,272.5500,427.0400,1.009e-06
met1,258.7500,432.4800,met1,261.7400,432.4800,1.467e-06
met1,258.7500,454.2400,met1,262.6600,454.2400,1.872e-06
met1,258.7500,459.6800,met1,261.0500,459.6800,2.403e-06
met1,258.7500,465.1200,met1,261.9700,465.1200,2.154e-06
met1,258.7500,470.5600,met1,261.7400,470.5600,9.795e-07
met1,259.6700,138.7200,met1,270.2500,138.7200,2.175e-06
met1,259.9000,204.0000,met1,262.6600,204.0000,4.952e-06
met1,259.9000,285.6000,met1,261.7400,285.6000,9.267e-07
met1,259.9000,378.0800,met1,269.3300,378.0800,4.287e-07
met1,259.9000,388.9600,met1,269.7900,388.9600,1.927e-07
met1,260.5900,29.9200,met1,266.8000,29.9200,5.719e-07
met1,260.5900,89.7600,met1,268.4100,89.7600,2.857e-06
met1,260.5900,149.6000,met1,263.1200,149.6000,2.237e-06
met1,260.5900,193.1200,met1,263.1200,193.1200,2.841e-06
met1,260.5900,231.2000,met1,271.6300,231.2000,4.348e-06
met1,260.5900,361.7600,met1,265.1900,361.7600,1.318e-06
met1,260.8200,46.2400,met1,265.6500,46.2400,8.528e-07
met1,260.8200,280.1600,met1,262.8900,280.1600,2.364e-06
met1,260.8200,410.7200,met1,272.5500,410.7200,8.382e-07
met1,261.0500,269.2800,met1,272.5500,269.2800,2.367e-06
met1,261.0500,459.6800,met1,265.1900,459.6800,2.423e-06
met1,261.2800,35.3600,met1,265.8800,35.3600,1.196e-06
met1,261.2800,78.8800,met1,263.1200,78.8800,5.905e-07
met1,261.2800,291.0400,met1,263.1200,291.0400,3.654e-07
met1,261.2800,307.3600,met1,263.5800,307.3600,1.401e-07
met1,261.5100,40.8000,met1,270.9400,40.8000,4.102e-06
met1,261.5100,100.6400,met1,265.6500,100.6400,1.337e-06
met1,261.5100,165.9200,met1,272.5500,165.9200,3.095e-06
met1,261.5100,176.8000,met1,265.1900,176.8000,3.434e-06
met1,261.5100,312.8000,met1,272.5500,312.8000,1.219e-06
met1,261.7400,57.1200,met1,266.1100,57.1200,7.808e-07
met1,261.7400,187.6800,met1,272.5500,187.6800,3.393e-06
met1,261.7400,285.6000,met1,264.7300,285.6000,9.410e-07
met1,261.7400,340.0000,met1,272.5500,340.0000,1.340e-06
met1,261.7400,356.3200,met1,271.6300,356.3200,1.781e-06
met1,261.7400,372.6400,met1,268.1800,372.6400,5.786e-07
met1,261.7400,432.4800,met1,265.6500,432.4800,1.515e-06
met1,261.7400,470.5600,met1,272.5500,470.5600,2.111e-06
met1,261.9700,465.1200,met1,264.2700,465.1200,2.195e-06
met1,262.2000,301.9200,met1,266.8000,301.9200,4.897e-07
met1,262.4300,19.0400,met1,272.0900,19.0400,2.231e-06
met1,262.4300,111.5200,met1,265.1900,111.5200,2.691e-06
met1,262.4300,263.8400,met1,265.8800,263.8400,3.432e-06
met1,262.4300,274.7200,met1,265.6500,274.7200,2.057e-06
met1,262.4300,296.4800,met1,272.5500,296.4800,5.387e-07
met1,262.4300,323.6800,met1,265.8800,323.6800,1.356e-06
met1,262.6600,116.9600,met1,272.5500,116.9600,3.547e-06
met1,262.6600,204.0000,met1,268.4100,204.0000,4.968e-06
met1,262.6600,242.0800,met1,266.1100,242.0800,4.023e-06
met1,262.6600,454.2400,met1,267.7200,454.2400,3.003e-06
met1,262.8900,209.4400,met1,271.1700,209.4400,4.289e-06
met1,262.8900,252.9600,met1,272.5500,252.9600,3.098e-06
met1,262.8900,280.1600,met1,268.1800,280.1600,2.377e-06
met1,263.1200,78.8800,met1,265.6500,78.8800,6.413e-07
met1,263.1200,149.6000,met1,266.5700,149.6000,2.257e-06
met1,263.1200,193.1200,met1,269.1000,193.1200,3.981e-06
met1,263.1200,247.5200,met1,265.6500,247.5200,3.508e-06
met1,263.1200,291.0400,met1,272.5500,291.0400,1.472e-06
met1,263.1200,416.1600,met1,264.9600,416.1600,1.137e-06
met1,263.1200,421.6000,met1,265.4200,421.6000,1.302e-06
met1,263.3500,13.6000,met1,266.1100,13.6000,4.766e-06
met1,263.3500,144.1600,met1,272.5500,144.1600,2.881e-06
met1,263.3500,399.8400,met1,266.3400,399.8400,5.977e-07
met1,263.5800,133.2800,met1,267.2600,133.2800,2.110e-06
met1,263.5800,307.3600,met1,272.5500,307.3600,1.402e-07
met1,263.8100,122.4000,met1,267.0300,122.4000,1.976e-06
met1,264.2700,106.0800,met1,268.6400,106.0800,2.005e-06
met1,264.2700,160.4800,met1,266.8000,160.4800,2.631e-06
met1,264.2700,465.1200,met1,266.1100,465.1200,2.210e-06
met1,264.5000,24.4800,met1,266.3400,24.4800,3.867e-06
met1,264.5000,334.5600,met1,272.5500,334.5600,1.335e-06
met1,264.7300,285.6000,met1,272.5500,285.6000,9.412e-07
met1,264.7300,448.8000,met1,269.3300,448.8000,2.655e-06
met1,264.9600,214.8800,met1,269.5600,214.8800,3.621e-06
met1,264.9600,416.1600,met1,269.1000,416.1600,1.137e-06
met1,265.1900,62.5600,met1,268.4100,62.5600,1.611e-06
met1,265.1900,111.5200,met1,272.5500,111.5200,2.882e-06
met1,265.1900,176.8000,met1,268.8700,176.8000,3.628e-06
met1,265.1900,345.4400,met1,267.7200,345.4400,1.450e-06
met1,265.1900,361.7600,met1,267.9500,361.7600,1.318e-06
met1,265.1900,459.6800,met1,272.5500,459.6800,2.444e-06
met1,265.4200,421.6000,met1,272.5500,421.6000,1.302e-06
met1,265.6500,46.2400,met1,269.3300,46.2400,8.567e-07
met1,265.6500,78.8800,met1,267.4900,78.8800,6.413e-07
met1,265.6500,100.6400,met1,268.6400,100.6400,2.456e-06
met1,265.6500,247.5200,met1,272.5500,247.5200,3.630e-06
met1,265.6500,274.7200,met1,272.5500,274.7200,2.140e-06
met1,265.6500,432.4800,met1,270.9400,432.4800,2.649e-06
met1,265.8800,35.3600,met1,267.7200,35.3600,1.196e-06
met1,265.8800,225.7600,met1,270.0200,225.7600,4.486e-06
met1,265.8800,263.8400,met1,272.5500,263.8400,4.318e-06
met1,265.8800,323.6800,met1,270.0200,323.6800,1.356e-06
met1,266.1100,13.6000,met1,271.4000,13.6000,1.193e-05
met1,266.1100,57.1200,met1,272.5500,57.1200,1.938e-06
met1,266.1100,155.0400,met1,269.1000,155.0400,2.943e-06
met1,266.1100,242.0800,met1,269.3300,242.0800,4.120e-06
met1,266.1100,329.1200,met1,267.9500,329.1200,1.373e-06
met1,266.1100,465.1200,met1,270.2500,465.1200,2.218e-06
met1,266.3400,24.4800,met1,268.8700,24.4800,3.825e-06
met1,266.3400,399.8400,met1,270.0200,399.8400,5.977e-07
met1,266.5700,149.6000,met1,272.5500,149.6000,2.457e-06
met1,266.5700,220.3200,met1,268.6400,220.3200,4.336e-06
met1,266.8000,29.9200,met1,268.6400,29.9200,5.785e-07
met1,266.8000,68.0000,met1,270.7100,68.0000,1.671e-06
met1,266.8000,160.4800,met1,269.7900,160.4800,3.661e-06
met1,266.8000,301.9200,met1,272.5500,301.9200,1.596e-06
met1,267.0300,122.4000,met1,271.6300,122.4000,2.172e-06
met1,267.2600,133.2800,met1,270.7100,133.2800,3.319e-06
met1,267.4900,78.8800,met1,271.4000,78.8800,7.135e-07
met1,267.7200,35.3600,met1,269.5600,35.3600,1.212e-06
met1,267.7200,73.4400,met1,270.4800,73.4400,1.728e-06
met1,267.7200,345.4400,met1,272.5500,345.4400,1.450e-06
met1,267.7200,454.2400,met1,270.4800,454.2400,3.003e-06
met1,267.9500,329.1200,met1,272.5500,329.1200,1.373e-06
met1,267.9500,361.7600,met1,270.0200,361.7600,1.318e-06
met1,268.1800,51.6800,met1,270.7100,51.6800,8.252e-07
met1,268.1800,171.3600,met1,270.2500,171.3600,2.850e-06
met1,268.1800,280.1600,met1,272.5500,280.1600,3.483e-06
met1,268.1800,372.6400,met1,271.4000,372.6400,5.786e-07
met1,268.4100,62.5600,met1,271.4000,62.5600,1.624e-06
met1,268.4100,89.7600,met1,271.1700,89.7600,2.870e-06
met1,268.4100,127.8400,met1,272.5500,127.8400,2.210e-06
met1,268.4100,204.0000,met1,270.7100,204.0000,4.985e-06
met1,268.4100,236.6400,met1,272.5500,236.6400,4.308e-06
met1,268.6400,29.9200,met1,271.6300,29.9200,5.876e-07
met1,268.6400,100.6400,met1,271.4000,100.6400,2.503e-06
met1,268.6400,106.0800,met1,271.1700,106.0800,3.131e-06
met1,268.6400,220.3200,met1,270.7100,220.3200,4.339e-06
met1,268.8700,24.4800,met1,270.9400,24.4800,1.009e-05
met1,268.8700,176.8000,met1,272.0900,176.8000,3.661e-06
met1,268.8700,198.5600,met1,270.7100,198.5600,3.748e-06
met1,269.1000,155.0400,met1,271.4000,155.0400,2.957e-06
met1,269.1000,193.1200,met1,272.5500,193.1200,4.944e-06
met1,269.1000,405.2800,met1,270.9400,405.2800,7.367e-07
met1,269.1000,416.1600,met1,272.5500,416.1600,1.137e-06
met1,269.3300,46.2400,met1,272.5500,46.2400,2.000e-06
met1,269.3300,242.0800,met1,272.5500,242.0800,4.211e-06
met1,269.3300,318.2400,met1,272.5500,318.2400,1.580e-06
met1,269.3300,378.0800,met1,271.6300,378.0800,4.287e-07
met1,269.3300,448.8000,met1,271.6300,448.8000,2.666e-06
met1,269.5600,35.3600,met1,271.4000,35.3600,1.215e-06
met1,269.5600,214.8800,met1,272.5500,214.8800,4.765e-06
met1,269.5600,258.4000,met1,271.6300,258.4000,3.884e-06
met1,269.7900,160.4800,met1,272.5500,160.4800,3.669e-06
met1,269.7900,388.9600,met1,271.6300,388.9600,1.927e-07
met1,270.0200,182.2400,met1,272.5500,182.2400,3.220e-06
met1,270.0200,225.7600,met1,272.5500,225.7600,5.724e-06
met1,270.0200,323.6800,met1,272.5500,323.6800,1.356e-06
met1,270.0200,361.7600,met1,272.5500,361.7600,1.318e-06
met1,270.0200,399.8400,met1,272.3200,399.8400,5.977e-07
met1,270.0200,437.9200,met1,272.5500,437.9200,2.031e-06
met1,270.2500,138.7200,met1,272.5500,138.7200,2.232e-06
met1,270.2500,171.3600,met1,272.5500,171.3600,2.854e-06
met1,270.2500,465.1200,met1,272.5500,465.1200,2.493e-06
met1,270.4800,73.4400,met1,272.5500,73.4400,1.728e-06
met1,270.4800,383.5200,met1,272.5500,383.5200,3.656e-08
met1,270.4800,443.3600,met1,272.5500,443.3600,2.714e-06
met1,270.4800,454.2400,met1,272.5500,454.2400,3.003e-06
met1,270.7100,51.6800,met1,272.5500,51.6800,8.417e-07
met1,270.7100,68.0000,met1,272.5500,68.0000,1.677e-06
met1,270.7100,133.2800,met1,272.5500,133.2800,3.335e-06
met1,270.7100,198.5600,met1,272.5500,198.5600,3.764e-06
met1,270.7100,204.0000,met1,272.5500,204.0000,5.024e-06
met1,270.7100,220.3200,met1,272.5500,220.3200,4.353e-06
met1,270.7100,367.2000,met1,272.5500,367.2000,1.004e-06
met1,270.9400,24.4800,met1,276.0000,24.4800,1.015e-05
met1,270.9400,40.8000,met1,278.1200,40.8000,4.112e-06
met1,270.9400,405.2800,met1,274.1600,405.2800,7.367e-07
met1,270.9400,432.4800,met1,278.1200,432.4800,2.650e-06
met1,271.1700,89.7600,met1,275.0800,89.7600,3.088e-06
met1,271.1700,95.2000,met1,278.1200,95.2000,1.112e-06
met1,271.1700,106.0800,met1,273.7000,106.0800,3.148e-06
met1,271.1700,209.4400,met1,278.1200,209.4400,4.294e-06
met1,271.4000,13.6000,met1,278.1200,13.6000,1.196e-05
met1,271.4000,35.3600,met1,278.1200,35.3600,1.273e-06
met1,271.4000,62.5600,met1,278.1200,62.5600,1.643e-06
met1,271.4000,78.8800,met1,273.2400,78.8800,7.204e-07
met1,271.4000,84.3200,met1,278.1200,84.3200,9.613e-07
met1,271.4000,100.6400,met1,274.1600,100.6400,2.503e-06
met1,271.4000,155.0400,met1,278.1200,155.0400,4.088e-06
met1,271.4000,350.8800,met1,273.2400,350.8800,1.585e-06
met1,271.4000,372.6400,met1,274.3900,372.6400,5.523e-07
met1,271.6300,29.9200,met1,276.4600,29.9200,5.905e-07
met1,271.6300,122.4000,met1,275.5400,122.4000,2.176e-06
met1,271.6300,231.2000,met1,274.1600,231.2000,5.459e-06
met1,271.6300,258.4000,met1,274.1600,258.4000,3.900e-06
met1,271.6300,356.3200,met1,274.1600,356.3200,1.781e-06
met1,271.6300,378.0800,met1,278.1200,378.0800,4.287e-07
met1,271.6300,388.9600,met1,278.1200,388.9600,1.927e-07
met1,271.6300,448.8000,met1,277.8400,448.8000,2.673e-06
met1,272.0900,19.0400,met1,274.1600,19.0400,2.302e-06
met1,272.0900,176.8000,met1,274.8500,176.8000,3.699e-06
met1,272.3200,399.8400,met1,278.1200,399.8400,5.977e-07
met1,272.5500,46.2400,met1,278.1200,46.2400,2.000e-06
met1,272.5500,51.6800,met1,274.3900,51.6800,8.417e-07
met1,272.5500,57.1200,met1,276.2300,57.1200,1.938e-06
met1,272.5500,68.0000,met1,278.1200,68.0000,1.677e-06
met1,272.5500,73.4400,met1,278.1200,73.4400,1.728e-06
met1,272.5500,111.5200,met1,275.3100,111.5200,2.911e-06
met1,272.5500,116.9600,met1,277.1500,116.9600,3.547e-06
met1,272.5500,127.8400,met1,276.0000,127.8400,2.210e-06
met1,272.5500,133.2800,met1,276.9200,133.2800,3.342e-06
met1,272.5500,138.7200,met1,274.3900,138.7200,2.232e-06
met1,272.5500,144.1600,met1,274.3900,144.1600,2.882e-06
met1,272.5500,149.6000,met1,276.2300,149.6000,2.457e-06
met1,272.5500,160.4800,met1,274.6200,160.4800,3.669e-06
met1,272.5500,165.9200,met1,278.1200,165.9200,3.095e-06
met1,272.5500,171.3600,met1,278.1200,171.3600,3.986e-06
met1,272.5500,182.2400,met1,278.0700,182.2400,3.220e-06
met1,272.5500,187.6800,met1,274.6200,187.6800,5.146e-06
met1,272.5500,193.1200,met1,274.6200,193.1200,4.944e-06
met1,272.5500,198.5600,met1,278.1200,198.5600,3.805e-06
met1,272.5500,204.0000,met1,276.0000,204.0000,5.035e-06
met1,272.5500,214.8800,met1,274.3900,214.8800,4.778e-06
met1,272.5500,220.3200,met1,274.3900,220.3200,4.353e-06
met1,272.5500,225.7600,met1,276.0000,225.7600,5.724e-06
met1,272.5500,236.6400,met1,278.1200,236.6400,4.308e-06
met1,272.5500,242.0800,met1,274.6200,242.0800,4.211e-06
met1,272.5500,247.5200,met1,275.5400,247.5200,3.630e-06
met1,272.5500,252.9600,met1,278.1200,252.9600,3.098e-06
met1,272.5500,263.8400,met1,276.0000,263.8400,4.325e-06
met1,272.5500,269.2800,met1,277.1500,269.2800,2.367e-06
met1,272.5500,274.7200,met1,275.5400,274.7200,2.140e-06
met1,272.5500,280.1600,met1,274.3900,280.1600,3.483e-06
met1,272.5500,285.6000,met1,278.1200,285.6000,2.678e-06
met1,272.5500,291.0400,met1,274.6200,291.0400,1.472e-06
met1,272.5500,296.4800,met1,275.3100,296.4800,1.650e-06
met1,272.5500,301.9200,met1,274.8500,301.9200,1.596e-06
met1,272.5500,307.3600,met1,278.1200,307.3600,1.247e-06
met1,272.5500,312.8000,met1,276.4600,312.8000,1.219e-06
met1,272.5500,318.2400,met1,278.1200,318.2400,1.580e-06
met1,272.5500,323.6800,met1,274.3900,323.6800,1.356e-06
met1,272.5500,329.1200,met1,275.0800,329.1200,1.373e-06
met1,272.5500,334.5600,met1,278.1200,334.5600,1.335e-06
met1,272.5500,340.0000,met1,274.8500,340.0000,1.340e-06
met1,272.5500,345.4400,met1,278.1200,345.4400,1.450e-06
met1,272.5500,361.7600,met1,278.1200,361.7600,1.318e-06
met1,272.5500,367.2000,met1,278.1200,367.2000,1.004e-06
met1,272.5500,383.5200,met1,278.1200,383.5200,3.656e-08
met1,272.5500,394.4000,met1,274.3900,394.4000,4.799e-07
met1,272.5500,410.7200,met1,278.1200,410.7200,8.382e-07
met1,272.5500,416.1600,met1,274.6200,416.1600,1.137e-06
met1,272.5500,421.6000,met1,276.6900,421.6000,1.302e-06
met1,272.5500,427.0400,met1,278.1200,427.0400,1.009e-06
met1,272.5500,437.9200,met1,274.3900,437.9200,3.163e-06
met1,272.5500,443.3600,met1,276.2300,443.3600,2.729e-06
met1,272.5500,454.2400,met1,278.1200,454.2400,3.012e-06
met1,272.5500,459.6800,met1,278.1200,459.6800,2.444e-06
met1,272.5500,465.1200,met1,274.3900,465.1200,2.493e-06
met1,272.5500,470.5600,met1,276.4600,470.5600,2.111e-06
met1,273.2400,78.8800,met1,278.1200,78.8800,1.830e-06
met1,273.2400,350.8800,met1,276.4600,350.8800,1.585e-06
met1,273.7000,106.0800,met1,276.6900,106.0800,3.193e-06
met1,274.1600,19.0400,met1,276.4600,19.0400,2.326e-06
met1,274.1600,100.6400,met1,277.6100,100.6400,2.510e-06
met1,274.1600,231.2000,met1,277.1500,231.2000,5.460e-06
met1,274.1600,258.4000,met1,276.9200,258.4000,4.865e-06
met1,274.1600,356.3200,met1,278.1200,356.3200,1.781e-06
met1,274.1600,405.2800,met1,278.1200,405.2800,7.368e-07
met1,274.3900,51.6800,met1,277.8400,51.6800,8.571e-07
met1,274.3900,138.7200,met1,278.1200,138.7200,2.236e-06
met1,274.3900,144.1600,met1,276.4600,144.1600,2.954e-06
met1,274.3900,214.8800,met1,276.4600,214.8800,4.789e-06
met1,274.3900,220.3200,met1,278.1200,220.3200,4.360e-06
met1,274.3900,280.1600,met1,277.8400,280.1600,3.510e-06
met1,274.3900,323.6800,met1,278.1200,323.6800,1.356e-06
met1,274.3900,372.6400,met1,278.1200,372.6400,5.522e-07
met1,274.3900,394.4000,met1,278.1200,394.4000,4.799e-07
met1,274.3900,437.9200,met1,277.8400,437.9200,3.197e-06
met1,274.3900,465.1200,met1,276.4600,465.1200,2.497e-06
met1,274.6200,160.4800,met1,276.9200,160.4800,3.689e-06
met1,274.6200,187.6800,met1,278.1200,187.6800,6.084e-06
met1,274.6200,193.1200,met1,278.1200,193.1200,5.351e-06
met1,274.6200,242.0800,met1,277.3800,242.0800,4.214e-06
met1,274.6200,291.0400,met1,277.1500,291.0400,2.354e-06
met1,274.6200,416.1600,met1,276.6900,416.1600,1.137e-06
met1,274.8500,176.8000,met1,278.1200,176.8000,3.699e-06
met1,274.8500,301.9200,met1,277.3800,301.9200,1.596e-06
met1,274.8500,340.0000,met1,278.1200,340.0000,1.340e-06
met1,275.0800,89.7600,met1,278.1200,89.7600,3.100e-06
met1,275.0800,329.1200,met1,278.1200,329.1200,1.373e-06
met1,275.3100,111.5200,met1,278.1200,111.5200,2.916e-06
met1,275.3100,296.4800,met1,277.1500,296.4800,1.650e-06
met1,275.5400,122.4000,met1,278.1200,122.4000,3.314e-06
met1,275.5400,247.5200,met1,278.0700,247.5200,4.767e-06
met1,275.5400,274.7200,met1,278.1200,274.7200,3.247e-06
met1,276.0000,24.4800,met1,278.1200,24.4800,1.018e-05
met1,276.0000,127.8400,met1,278.1200,127.8400,2.214e-06
met1,276.0000,204.0000,met1,278.1200,204.0000,5.056e-06
met1,276.0000,225.7600,met1,278.1200,225.7600,5.724e-06
met1,276.0000,263.8400,met1,278.1200,263.8400,4.325e-06
met1,276.2300,57.1200,met1,278.1200,57.1200,1.942e-06
met1,276.2300,149.6000,met1,278.1200,149.6000,2.575e-06
met1,276.2300,443.3600,met1,278.1200,443.3600,2.750e-06
met1,276.4600,19.0400,met1,279.4500,19.0400,8.135e-07
met1,276.4600,19.0400,met2,278.1200,19.0400,1.525e-06
met1,276.4600,29.9200,met1,281.5200,29.9200,7.840e-07
met1,276.4600,29.9200,met2,278.1200,29.9200,9.374e-07
met1,276.4600,144.1600,met1,279.2200,144.1600,1.219e-06
met1,276.4600,144.1600,met2,278.1200,144.1600,1.751e-06
met1,276.4600,214.8800,met1,279.2200,214.8800,3.050e-06
met1,276.4600,214.8800,met2,278.1200,214.8800,1.754e-06
met1,276.4600,312.8000,met1,278.3000,312.8000,1.535e-06
met1,276.4600,312.8000,met2,278.1200,312.8000,1.427e-06
met1,276.4600,350.8800,met1,280.8300,350.8800,1.776e-06
met1,276.4600,350.8800,met2,278.1200,350.8800,1.915e-07
met1,276.4600,465.1200,met1,279.6800,465.1200,8.056e-07
met1,276.4600,465.1200,met2,278.1200,465.1200,1.692e-06
met1,276.4600,470.5600,met1,281.0600,470.5600,6.256e-07
met1,276.4600,470.5600,met2,278.1200,470.5600,2.597e-06
met1,276.6900,106.0800,met1,280.6000,106.0800,7.584e-07
met1,276.6900,106.0800,met2,278.1200,106.0800,2.439e-06
met1,276.6900,416.1600,met1,279.2200,416.1600,4.017e-07
met1,276.6900,416.1600,met2,278.1200,416.1600,7.356e-07
met1,276.6900,421.6000,met1,279.4500,421.6000,5.651e-07
met1,276.6900,421.6000,met2,278.1200,421.6000,7.368e-07
met1,276.9200,133.2800,met1,279.2200,133.2800,8.580e-07
met1,276.9200,133.2800,met2,278.1200,133.2800,3.636e-06
met1,276.9200,160.4800,met1,280.1400,160.4800,2.051e-06
met1,276.9200,160.4800,met2,278.1200,160.4800,1.667e-06
met1,276.9200,258.4000,met1,279.2200,258.4000,1.745e-06
met1,276.9200,258.4000,met2,278.1200,258.4000,3.125e-06
met1,277.1500,116.9600,met1,280.8300,116.9600,1.169e-06
met1,277.1500,116.9600,met2,278.1200,116.9600,2.430e-06
met1,277.1500,231.2000,met1,280.1400,231.2000,2.099e-06
met1,277.1500,231.2000,met2,278.1200,231.2000,3.369e-06
met1,277.1500,269.2800,met1,286.3500,269.2800,6.131e-07
met1,277.1500,269.2800,met2,278.1200,269.2800,1.763e-06
met1,277.1500,291.0400,met1,284.0500,291.0400,7.396e-07
met1,277.1500,291.0400,met2,278.1200,291.0400,3.094e-06
met1,277.1500,296.4800,met1,278.9900,296.4800,1.132e-06
met1,277.1500,296.4800,met2,278.1200,296.4800,2.787e-06
met1,277.3800,242.0800,met1,280.1400,242.0800,3.548e-06
met1,277.3800,242.0800,met2,278.1200,242.0800,6.910e-07
met1,277.3800,301.9200,met1,286.3500,301.9200,5.979e-07
met1,277.3800,301.9200,met2,278.1200,301.9200,2.198e-06
met1,277.6100,100.6400,met1,280.1400,100.6400,1.695e-06
met1,277.6100,100.6400,met2,278.1200,100.6400,8.172e-07
met1,277.8400,51.6800,met1,280.8300,51.6800,1.141e-06
met1,277.8400,51.6800,met2,278.1200,51.6800,2.711e-07
met1,277.8400,280.1600,met1,282.9000,280.1600,1.568e-06
met1,277.8400,280.1600,met2,278.1200,280.1600,2.910e-06
met1,277.8400,437.9200,met1,280.3700,437.9200,5.373e-07
met1,277.8400,437.9200,met2,278.1200,437.9200,2.675e-06
met1,277.8400,448.8000,met1,282.4400,448.8000,1.559e-06
met1,277.8400,448.8000,met2,278.1200,448.8000,4.279e-06
met1,278.0700,182.2400,met1,282.4400,182.2400,2.225e-06
met1,278.0700,182.2400,met2,278.1200,182.2400,1.001e-06
met1,278.0700,247.5200,met1,279.9100,247.5200,2.060e-06
met1,278.0700,247.5200,met2,278.1200,247.5200,2.722e-06
met1,278.1200,13.6000,met1,284.7400,13.6000,2.468e-06
met1,278.1200,13.6000,met2,278.1200,13.6000,9.493e-06
met1,278.1200,24.4800,met1,281.2900,24.4800,2.655e-06
met1,278.1200,24.4800,met2,278.1200,24.4800,7.565e-06
met1,278.1200,35.3600,met1,281.9800,35.3600,8.288e-07
met1,278.1200,35.3600,met2,278.1200,35.3600,2.108e-06
met1,278.1200,40.8000,met1,286.3500,40.8000,6.310e-07
met1,278.1200,40.8000,met2,278.1200,40.8000,3.481e-06
met1,278.1200,46.2400,met1,281.9800,46.2400,2.392e-07
met1,278.1200,46.2400,met2,278.1200,46.2400,1.761e-06
met1,278.1200,57.1200,met1,280.8300,57.1200,9.216e-07
met1,278.1200,57.1200,met2,278.1200,57.1200,1.025e-06
met1,278.1200,62.5600,met1,281.5200,62.5600,3.190e-08
met1,278.1200,62.5600,met2,278.1200,62.5600,1.729e-06
met1,278.1200,68.0000,met1,280.3700,68.0000,5.184e-07
met1,278.1200,68.0000,met2,278.1200,68.0000,1.158e-06
met1,278.1200,73.4400,met1,281.2900,73.4400,4.481e-07
met1,278.1200,73.4400,met2,278.1200,73.4400,1.280e-06
met1,278.1200,78.8800,met1,283.5900,78.8800,8.707e-07
met1,278.1200,78.8800,met2,278.1200,78.8800,9.694e-07
met1,278.1200,84.3200,met1,280.3700,84.3200,6.399e-07
met1,278.1200,84.3200,met2,278.1200,84.3200,3.214e-07
met1,278.1200,89.7600,met1,284.5100,89.7600,1.779e-06
met1,278.1200,89.7600,met2,278.1200,89.7600,1.321e-06
met1,278.1200,95.2000,met1,284.5100,95.2000,8.954e-08
met1,278.1200,95.2000,met2,278.1200,95.2000,1.202e-06
met1,278.1200,111.5200,met1,286.3500,111.5200,5.945e-07
met1,278.1200,111.5200,met2,278.1200,111.5200,2.321e-06
met1,278.1200,122.4000,met1,280.1400,122.4000,9.846e-07
met1,278.1200,122.4000,met2,278.1200,122.4000,2.329e-06
met1,278.1200,127.8400,met1,286.3500,127.8400,1.007e-06
met1,278.1200,127.8400,met2,278.1200,127.8400,1.207e-06
met1,278.1200,138.7200,met1,283.8200,138.7200,8.116e-07
met1,278.1200,138.7200,met2,278.1200,138.7200,1.424e-06
met1,278.1200,149.6000,met1,285.2000,149.6000,7.554e-07
met1,278.1200,149.6000,met2,278.1200,149.6000,1.824e-06
met1,278.1200,155.0400,met1,285.2000,155.0400,2.202e-06
met1,278.1200,155.0400,met2,278.1200,155.0400,1.886e-06
met1,278.1200,165.9200,met1,282.2100,165.9200,2.014e-06
met1,278.1200,165.9200,met2,278.1200,165.9200,1.091e-06
met1,278.1200,171.3600,met1,282.9000,171.3600,2.493e-06
met1,278.1200,171.3600,met2,278.1200,171.3600,1.497e-06
met1,278.1200,176.8000,met1,286.3500,176.8000,2.311e-06
met1,278.1200,176.8000,met2,278.1200,176.8000,1.388e-06
met1,278.1200,187.6800,met1,280.8300,187.6800,3.891e-06
met1,278.1200,187.6800,met2,278.1200,187.6800,2.194e-06
met1,278.1200,193.1200,met1,286.3500,193.1200,3.063e-06
met1,278.1200,193.1200,met2,278.1200,193.1200,2.288e-06
met1,278.1200,198.5600,met1,284.2800,198.5600,3.849e-06
met1,278.1200,198.5600,met2,278.1200,198.5600,1.084e-06
met1,278.1200,204.0000,met1,280.6000,204.0000,3.629e-06
met1,278.1200,204.0000,met2,278.1200,204.0000,1.436e-06
met1,278.1200,209.4400,met1,285.2000,209.4400,4.020e-06
met1,278.1200,209.4400,met2,278.1200,209.4400,2.745e-07
met1,278.1200,220.3200,met1,283.5900,220.3200,3.221e-06
met1,278.1200,220.3200,met2,278.1200,220.3200,1.140e-06
met1,278.1200,225.7600,met1,282.9000,225.7600,4.284e-06
met1,278.1200,225.7600,met2,278.1200,225.7600,1.441e-06
met1,278.1200,236.6400,met1,286.3500,236.6400,3.877e-06
met1,278.1200,236.6400,met2,278.1200,236.6400,4.312e-07
met1,278.1200,252.9600,met1,286.3500,252.9600,2.276e-06
met1,278.1200,252.9600,met2,278.1200,252.9600,8.217e-07
met1,278.1200,263.8400,met1,281.5200,263.8400,9.325e-07
met1,278.1200,263.8400,met2,278.1200,263.8400,3.393e-06
met1,278.1200,274.7200,met1,280.3700,274.7200,1.472e-06
met1,278.1200,274.7200,met2,278.1200,274.7200,1.776e-06
met1,278.1200,285.6000,met1,282.9000,285.6000,4.254e-07
met1,278.1200,285.6000,met2,278.1200,285.6000,3.104e-06
met1,278.1200,307.3600,met1,281.0600,307.3600,1.116e-06
met1,278.1200,307.3600,met2,278.1200,307.3600,2.363e-06
met1,278.1200,318.2400,met1,286.1200,318.2400,2.726e-06
met1,278.1200,318.2400,met2,278.1200,318.2400,1.146e-06
met1,278.1200,323.6800,met1,281.7500,323.6800,1.803e-06
met1,278.1200,323.6800,met2,278.1200,323.6800,4.474e-07
met1,278.1200,329.1200,met1,284.5100,329.1200,2.282e-06
met1,278.1200,329.1200,met2,278.1200,329.1200,9.091e-07
met1,278.1200,334.5600,met1,283.5900,334.5600,1.863e-06
met1,278.1200,334.5600,met2,278.1200,334.5600,5.280e-07
met1,278.1200,340.0000,met1,285.2000,340.0000,1.683e-06
met1,278.1200,340.0000,met2,278.1200,340.0000,3.433e-07
met1,278.1200,345.4400,met1,286.3500,345.4400,2.077e-06
met1,278.1200,345.4400,met2,278.1200,345.4400,6.270e-07
met1,278.1200,356.3200,met1,282.6700,356.3200,1.880e-06
met1,278.1200,356.3200,met2,278.1200,356.3200,9.839e-08
met1,278.1200,361.7600,met1,284.9700,361.7600,1.585e-06
met1,278.1200,361.7600,met2,278.1200,361.7600,2.668e-07
met1,278.1200,367.2000,met1,284.0500,367.2000,1.692e-06
met1,278.1200,367.2000,met2,278.1200,367.2000,6.880e-07
met1,278.1200,372.6400,met1,284.9700,372.6400,1.274e-06
met1,278.1200,372.6400,met2,278.1200,372.6400,7.222e-07
met1,278.1200,378.0800,met1,283.5900,378.0800,1.258e-06
met1,278.1200,378.0800,met2,278.1200,378.0800,8.290e-07
met1,278.1200,383.5200,met1,285.4300,383.5200,4.328e-07
met1,278.1200,383.5200,met2,278.1200,383.5200,4.693e-07
met1,278.1200,388.9600,met1,281.2900,388.9600,2.943e-07
met1,278.1200,388.9600,met2,278.1200,388.9600,4.870e-07
met1,278.1200,394.4000,met1,283.1300,394.4000,3.857e-07
met1,278.1200,394.4000,met2,278.1200,394.4000,8.657e-07
met1,278.1200,399.8400,met1,286.3500,399.8400,1.242e-07
met1,278.1200,399.8400,met2,278.1200,399.8400,7.219e-07
met1,278.1200,405.2800,met1,282.2100,405.2800,2.072e-08
met1,278.1200,405.2800,met2,278.1200,405.2800,7.575e-07
met1,278.1200,410.7200,met1,285.4300,410.7200,7.473e-09
met1,278.1200,410.7200,met2,278.1200,410.7200,8.457e-07
met1,278.1200,427.0400,met1,286.3500,427.0400,1.080e-07
met1,278.1200,427.0400,met2,278.1200,427.0400,9.012e-07
met1,278.1200,432.4800,met1,280.6000,432.4800,7.438e-07
met1,278.1200,432.4800,met2,278.1200,432.4800,1.906e-06
met1,278.1200,443.3600,met1,286.3500,443.3600,9.676e-07
met1,278.1200,443.3600,met2,278.1200,443.3600,1.782e-06
met1,278.1200,454.2400,met1,280.8300,454.2400,8.097e-07
met1,278.1200,454.2400,met2,278.1200,454.2400,2.333e-06
met1,278.1200,459.6800,met1,283.5900,459.6800,6.612e-07
met1,278.1200,459.6800,met2,278.1200,459.6800,1.782e-06
met1,278.3000,312.8000,met1,280.6000,312.8000,1.534e-06
met1,278.9900,296.4800,met1,281.5200,296.4800,1.129e-06
met1,279.2200,133.2800,met1,282.9000,133.2800,1.333e-06
met1,279.2200,144.1600,met1,286.3500,144.1600,2.365e-06
met1,279.2200,214.8800,met1,281.2900,214.8800,3.051e-06
met1,279.2200,258.4000,met1,281.9800,258.4000,1.771e-06
met1,279.2200,416.1600,met1,286.3500,416.1600,4.017e-07
met1,279.4500,19.0400,met1,284.2800,19.0400,8.381e-07
met1,279.4500,421.6000,met1,282.2100,421.6000,5.651e-07
met1,279.6800,465.1200,met1,283.1300,465.1200,8.472e-07
met1,279.9100,247.5200,met1,284.2800,247.5200,2.079e-06
met1,280.1400,100.6400,met1,282.2100,100.6400,1.710e-06
met1,280.1400,122.4000,met1,281.9800,122.4000,1.998e-06
met1,280.1400,160.4800,met1,282.9000,160.4800,2.057e-06
met1,280.1400,231.2000,met1,283.8200,231.2000,2.102e-06
met1,280.1400,242.0800,met1,285.2000,242.0800,3.571e-06
met1,280.3700,68.0000,met1,282.2100,68.0000,5.204e-07
met1,280.3700,84.3200,met1,284.5100,84.3200,6.448e-07
met1,280.3700,274.7200,met1,284.0500,274.7200,1.473e-06
met1,280.3700,437.9200,met1,286.3500,437.9200,5.373e-07
met1,280.6000,106.0800,met1,286.3500,106.0800,1.908e-06
met1,280.6000,204.0000,met1,286.3500,204.0000,3.644e-06
met1,280.6000,312.8000,met1,282.6700,312.8000,1.533e-06
met1,280.6000,432.4800,met1,285.4300,432.4800,7.546e-07
met1,280.8300,51.6800,met1,284.2800,51.6800,1.146e-06
met1,280.8300,57.1200,met1,286.3500,57.1200,9.268e-07
met1,280.8300,116.9600,met1,283.1300,116.9600,2.315e-06
met1,280.8300,187.6800,met1,283.8200,187.6800,3.911e-06
met1,280.8300,350.8800,met1,284.0500,350.8800,1.776e-06
met1,280.8300,454.2400,met1,282.6700,454.2400,8.127e-07
met1,281.0600,307.3600,met1,282.9000,307.3600,1.116e-06
met1,281.0600,470.5600,met1,286.3500,470.5600,6.256e-07
met1,281.2900,24.4800,met1,284.7400,24.4800,2.670e-06
met1,281.2900,73.4400,met1,285.2000,73.4400,4.729e-07
met1,281.2900,214.8800,met1,284.2800,214.8800,3.130e-06
met1,281.2900,388.9600,met1,286.3500,388.9600,2.943e-07
met1,281.5200,29.9200,met1,283.8200,29.9200,7.941e-07
met1,281.5200,62.5600,met1,284.2800,62.5600,1.236e-06
met1,281.5200,263.8400,met1,286.3500,263.8400,2.039e-06
met1,281.5200,296.4800,met1,284.2800,296.4800,6.121e-09
met1,281.7500,323.6800,met1,284.5100,323.6800,1.803e-06
met1,281.9800,35.3600,met1,286.3500,35.3600,8.284e-07
met1,281.9800,46.2400,met1,284.5100,46.2400,2.492e-07
met1,281.9800,122.4000,met1,284.7400,122.4000,2.008e-06
met1,281.9800,258.4000,met1,284.2800,258.4000,1.780e-06
met1,282.2100,68.0000,met1,285.4300,68.0000,5.229e-07
met1,282.2100,100.6400,met1,285.4300,100.6400,1.724e-06
met1,282.2100,165.9200,met1,284.5100,165.9200,2.024e-06
met1,282.2100,405.2800,met1,284.0500,405.2800,2.072e-08
met1,282.2100,421.6000,met1,286.3500,421.6000,5.651e-07
met1,282.4400,182.2400,met1,284.2800,182.2400,3.360e-06
met1,282.4400,448.8000,met1,285.8900,448.8000,4.149e-07
met1,282.6700,312.8000,met1,285.4300,312.8000,1.529e-06
met1,282.6700,356.3200,met1,284.9700,356.3200,1.880e-06
met1,282.6700,454.2400,met1,286.3500,454.2400,9.184e-07
met1,282.9000,133.2800,met1,286.3500,133.2800,2.679e-06
met1,282.9000,160.4800,met1,285.2000,160.4800,2.067e-06
met1,282.9000,171.3600,met1,284.9700,171.3600,2.549e-06
met1,282.9000,225.7600,met1,286.3500,225.7600,4.284e-06
met1,282.9000,280.1600,met1,285.4300,280.1600,1.569e-06
met1,282.9000,285.6000,met1,286.3500,285.6000,3.778e-07
met1,282.9000,307.3600,met1,286.3500,307.3600,1.116e-06
met1,283.1300,116.9600,met1,286.3500,116.9600,2.319e-06
met1,283.1300,394.4000,met1,285.6600,394.4000,3.593e-07
met1,283.1300,465.1200,met1,285.4300,465.1200,8.545e-07
met1,283.5900,78.8800,met1,286.3500,78.8800,8.768e-07
met1,283.5900,220.3200,met1,286.3500,220.3200,3.262e-06
met1,283.5900,334.5600,met1,285.4300,334.5600,1.863e-06
met1,283.5900,378.0800,met1,286.3500,378.0800,1.258e-06
met1,283.5900,459.6800,met1,286.3500,459.6800,6.777e-07
met1,283.8200,29.9200,met1,286.3500,29.9200,7.993e-07
met1,283.8200,138.7200,met1,286.3500,138.7200,8.210e-07
met1,283.8200,187.6800,met1,286.3500,187.6800,3.931e-06
met1,283.8200,231.2000,met1,286.3500,231.2000,3.210e-06
met1,284.0500,274.7200,met1,286.3500,274.7200,1.501e-06
met1,284.0500,291.0400,met1,286.3500,291.0400,7.353e-07
met1,284.0500,350.8800,met1,286.3500,350.8800,1.776e-06
met1,284.0500,367.2000,met1,286.3500,367.2000,1.692e-06
met1,284.0500,405.2800,met1,286.3500,405.2800,2.072e-08
met1,284.2800,19.0400,met1,286.3500,19.0400,1.977e-06
met1,284.2800,51.6800,met1,286.3500,51.6800,1.159e-06
met1,284.2800,62.5600,met1,286.3500,62.5600,1.249e-06
met1,284.2800,182.2400,met1,286.3500,182.2400,3.369e-06
met1,284.2800,198.5600,met1,286.3500,198.5600,3.861e-06
met1,284.2800,214.8800,met1,286.3500,214.8800,3.136e-06
met1,284.2800,247.5200,met1,286.3500,247.5200,2.091e-06
met1,284.2800,258.4000,met1,286.3500,258.4000,1.781e-06
met1,284.2800,296.4800,met1,286.1200,296.4800,5.362e-08
met1,284.5100,46.2400,met1,286.3500,46.2400,1.399e-06
met1,284.5100,84.3200,met1,286.3500,84.3200,6.521e-07
met1,284.5100,89.7600,met1,286.3500,89.7600,1.813e-06
met1,284.5100,95.2000,met1,286.3500,95.2000,1.047e-06
met1,284.5100,165.9200,met1,286.3500,165.9200,2.118e-06
met1,284.5100,323.6800,met1,286.3500,323.6800,1.803e-06
met1,284.5100,329.1200,met1,286.3500,329.1200,2.282e-06
met1,284.7400,13.6000,met1,294.6300,13.6000,2.497e-06
met1,284.7400,24.4800,met1,289.1100,24.4800,2.696e-06
met1,284.7400,122.4000,met1,295.5500,122.4000,2.018e-06
met1,284.9700,171.3600,met1,287.0400,171.3600,2.550e-06
met1,284.9700,356.3200,met1,295.5500,356.3200,1.880e-06
met1,284.9700,361.7600,met1,287.5000,361.7600,1.585e-06
met1,284.9700,372.6400,met1,287.5000,372.6400,1.274e-06
met1,285.2000,73.4400,met1,296.4700,73.4400,2.028e-06
met1,285.2000,149.6000,met1,287.7300,149.6000,1.887e-06
met1,285.2000,155.0400,met1,292.3300,155.0400,2.203e-06
met1,285.2000,160.4800,met1,295.7800,160.4800,2.071e-06
met1,285.2000,209.4400,met1,287.5000,209.4400,4.021e-06
met1,285.2000,242.0800,met1,287.7300,242.0800,3.572e-06
met1,285.2000,340.0000,met1,287.5000,340.0000,1.683e-06
met1,285.4300,68.0000,met1,293.9400,68.0000,5.324e-07
met1,285.4300,100.6400,met1,297.1600,100.6400,1.732e-06
met1,285.4300,280.1600,met1,294.4000,280.1600,1.572e-06
met1,285.4300,312.8000,met1,287.9600,312.8000,1.518e-06
met1,285.4300,334.5600,met1,300.1500,334.5600,1.863e-06
met1,285.4300,383.5200,met1,287.5000,383.5200,4.328e-07
met1,285.4300,410.7200,met1,300.1500,410.7200,7.472e-09
met1,285.4300,432.4800,met1,288.4200,432.4800,7.585e-07
met1,285.4300,465.1200,met1,293.9400,465.1200,8.678e-07
met1,285.6600,394.4000,met1,288.6500,394.4000,3.593e-07
met1,285.8900,448.8000,met1,290.9500,448.8000,7.408e-07
met1,286.1200,296.4800,met1,292.5600,296.4800,6.431e-08
met1,286.1200,318.2400,met1,300.1500,318.2400,1.615e-06
met1,286.3500,19.0400,met1,292.5600,19.0400,1.987e-06
met1,286.3500,29.9200,met1,296.2400,29.9200,7.993e-07
met1,286.3500,35.3600,met1,288.4200,35.3600,3.026e-07
met1,286.3500,40.8000,met1,290.0300,40.8000,6.310e-07
met1,286.3500,46.2400,met1,291.1800,46.2400,1.403e-06
met1,286.3500,51.6800,met1,288.1900,51.6800,1.159e-06
met1,286.3500,57.1200,met1,293.4800,57.1200,9.268e-07
met1,286.3500,62.5600,met1,294.8600,62.5600,1.249e-06
met1,286.3500,78.8800,met1,288.1900,78.8800,8.804e-07
met1,286.3500,84.3200,met1,290.7200,84.3200,6.522e-07
met1,286.3500,89.7600,met1,289.3400,89.7600,1.840e-06
met1,286.3500,95.2000,met1,288.6500,95.2000,1.047e-06
met1,286.3500,106.0800,met1,290.0300,106.0800,1.955e-06
met1,286.3500,111.5200,met1,288.1900,111.5200,5.945e-07
met1,286.3500,116.9600,met1,298.0800,116.9600,2.319e-06
met1,286.3500,127.8400,met1,288.1900,127.8400,1.007e-06
met1,286.3500,133.2800,met1,288.8800,133.2800,2.679e-06
met1,286.3500,138.7200,met1,288.4200,138.7200,8.242e-07
met1,286.3500,144.1600,met1,291.1800,144.1600,2.365e-06
met1,286.3500,165.9200,met1,294.6300,165.9200,2.158e-06
met1,286.3500,176.8000,met1,292.1000,176.8000,2.358e-06
met1,286.3500,182.2400,met1,298.3100,182.2400,3.369e-06
met1,286.3500,187.6800,met1,289.1100,187.6800,3.955e-06
met1,286.3500,193.1200,met1,288.8800,193.1200,3.063e-06
met1,286.3500,198.5600,met1,288.1900,198.5600,3.861e-06
met1,286.3500,204.0000,met1,288.1900,204.0000,3.644e-06
met1,286.3500,214.8800,met1,289.5700,214.8800,3.180e-06
met1,286.3500,220.3200,met1,288.4200,220.3200,3.262e-06
met1,286.3500,225.7600,met1,294.1700,225.7600,4.284e-06
met1,286.3500,231.2000,met1,289.5700,231.2000,3.210e-06
met1,286.3500,236.6400,met1,292.3300,236.6400,3.877e-06
met1,286.3500,247.5200,met1,288.1900,247.5200,2.091e-06
met1,286.3500,252.9600,met1,288.1900,252.9600,2.276e-06
met1,286.3500,258.4000,met1,288.8800,258.4000,1.783e-06
met1,286.3500,263.8400,met1,291.6400,263.8400,2.039e-06
met1,286.3500,269.2800,met1,294.4000,269.2800,6.131e-07
met1,286.3500,274.7200,met1,291.1800,274.7200,1.523e-06
met1,286.3500,285.6000,met1,288.4200,285.6000,7.614e-07
met1,286.3500,291.0400,met1,292.5600,291.0400,7.353e-07
met1,286.3500,301.9200,met1,295.0900,301.9200,5.979e-07
met1,286.3500,307.3600,met1,288.8800,307.3600,1.106e-06
met1,286.3500,323.6800,met1,296.9300,323.6800,1.803e-06
met1,286.3500,329.1200,met1,288.6500,329.1200,2.282e-06
met1,286.3500,345.4400,met1,298.7700,345.4400,2.077e-06
met1,286.3500,350.8800,met1,291.1800,350.8800,1.776e-06
met1,286.3500,367.2000,met1,288.4200,367.2000,1.692e-06
met1,286.3500,378.0800,met1,298.0800,378.0800,1.258e-06
met1,286.3500,388.9600,met1,296.2400,388.9600,2.943e-07
met1,286.3500,399.8400,met1,300.1500,399.8400,1.242e-07
met1,286.3500,405.2800,met1,296.4700,405.2800,2.072e-08
met1,286.3500,416.1600,met1,290.0300,416.1600,4.017e-07
met1,286.3500,421.6000,met1,289.8000,421.6000,5.651e-07
met1,286.3500,427.0400,met1,300.1500,427.0400,1.080e-07
met1,286.3500,437.9200,met1,292.1000,437.9200,1.648e-06
met1,286.3500,443.3600,met1,289.5700,443.3600,9.676e-07
met1,286.3500,454.2400,met1,297.1600,454.2400,9.184e-07
met1,286.3500,459.6800,met1,293.9400,459.6800,1.826e-06
met1,286.3500,470.5600,met1,295.0900,470.5600,6.256e-07
met1,287.0400,171.3600,met1,300.1500,171.3600,2.556e-06
met1,287.5000,209.4400,met1,291.8700,209.4400,4.097e-06
met1,287.5000,340.0000,met1,289.3400,340.0000,1.683e-06
met1,287.5000,361.7600,met1,296.0100,361.7600,1.585e-06
met1,287.5000,372.6400,met1,297.8500,372.6400,1.274e-06
met1,287.5000,383.5200,met1,289.5700,383.5200,4.328e-07
met1,287.7300,149.6000,met1,290.7200,149.6000,1.893e-06
met1,287.7300,242.0800,met1,300.1500,242.0800,3.623e-06
met1,287.9600,312.8000,met1,292.7900,312.8000,1.517e-06
met1,288.1900,51.6800,met1,291.6400,51.6800,1.175e-06
met1,288.1900,78.8800,met1,295.3200,78.8800,9.106e-07
met1,288.1900,111.5200,met1,294.6300,111.5200,1.722e-06
met1,288.1900,127.8400,met1,294.8600,127.8400,1.013e-06
met1,288.1900,198.5600,met1,293.9400,198.5600,3.862e-06
met1,288.1900,204.0000,met1,291.6400,204.0000,3.743e-06
met1,288.1900,247.5200,met1,290.7200,247.5200,3.307e-06
met1,288.1900,252.9600,met1,299.9200,252.9600,2.352e-06
met1,288.4200,35.3600,met1,292.1000,35.3600,3.137e-07
met1,288.4200,138.7200,met1,293.0200,138.7200,1.974e-06
met1,288.4200,220.3200,met1,293.0200,220.3200,3.309e-06
met1,288.4200,285.6000,met1,290.9500,285.6000,8.079e-07
met1,288.4200,367.2000,met1,299.4600,367.2000,1.692e-06
met1,288.4200,432.4800,met1,291.1800,432.4800,7.585e-07
met1,288.6500,95.2000,met1,291.1800,95.2000,1.093e-06
met1,288.6500,329.1200,met1,290.9500,329.1200,2.282e-06
met1,288.6500,394.4000,met1,299.0000,394.4000,3.593e-07
met1,288.8800,133.2800,met1,300.1500,133.2800,2.704e-06
met1,288.8800,193.1200,met1,294.4000,193.1200,4.212e-06
met1,288.8800,258.4000,met1,292.1000,258.4000,2.840e-06
met1,288.8800,307.3600,met1,295.5500,307.3600,5.908e-07
met1,289.1100,24.4800,met1,291.6400,24.4800,2.702e-06
met1,289.1100,187.6800,met1,300.1500,187.6800,3.962e-06
met1,289.3400,89.7600,met1,300.1500,89.7600,1.847e-06
met1,289.3400,340.0000,met1,291.1800,340.0000,1.683e-06
met1,289.5700,214.8800,met1,300.1500,214.8800,3.182e-06
met1,289.5700,231.2000,met1,291.4100,231.2000,3.261e-06
met1,289.5700,383.5200,met1,300.1500,383.5200,4.328e-07
met1,289.5700,443.3600,met1,292.1000,443.3600,9.715e-07
met1,289.8000,421.6000,met1,300.1500,421.6000,5.651e-07
met1,290.0300,40.8000,met1,300.1500,40.8000,2.053e-06
met1,290.0300,106.0800,met1,295.5500,106.0800,1.971e-06
met1,290.0300,416.1600,met1,292.1000,416.1600,4.017e-07
met1,290.7200,84.3200,met1,293.9400,84.3200,6.592e-07
met1,290.7200,149.6000,met1,294.1700,149.6000,1.906e-06
met1,290.7200,247.5200,met1,299.2300,247.5200,3.307e-06
met1,290.9500,285.6000,met1,293.2500,285.6000,8.179e-07
met1,290.9500,329.1200,met1,298.5400,329.1200,2.282e-06
met1,290.9500,448.8000,met1,300.1500,448.8000,2.362e-06
met1,291.1800,46.2400,met1,294.1700,46.2400,1.416e-06
met1,291.1800,95.2000,met1,293.0200,95.2000,1.100e-06
met1,291.1800,144.1600,met1,299.2300,144.1600,2.381e-06
met1,291.1800,274.7200,met1,293.2500,274.7200,1.523e-06
met1,291.1800,340.0000,met1,299.4600,340.0000,1.683e-06
met1,291.1800,350.8800,met1,293.0200,350.8800,1.776e-06
met1,291.1800,432.4800,met1,294.4000,432.4800,7.687e-07
met1,291.4100,231.2000,met1,293.2500,231.2000,3.261e-06
met1,291.6400,24.4800,met1,293.9400,24.4800,2.712e-06
met1,291.6400,51.6800,met1,299.2300,51.6800,1.189e-06
met1,291.6400,204.0000,met1,296.2400,204.0000,3.791e-06
met1,291.6400,263.8400,met1,300.1500,263.8400,3.177e-06
met1,291.8700,209.4400,met1,300.1500,209.4400,4.100e-06
met1,292.1000,35.3600,met1,300.1500,35.3600,1.350e-06
met1,292.1000,176.8000,met1,299.2300,176.8000,3.500e-06
met1,292.1000,258.4000,met1,297.1600,258.4000,2.887e-06
met1,292.1000,416.1600,met1,299.2300,416.1600,4.017e-07
met1,292.1000,437.9200,met1,293.9400,437.9200,1.655e-06
met1,292.1000,443.3600,met1,296.2400,443.3600,1.005e-06
met1,292.3300,155.0400,met1,295.5500,155.0400,2.219e-06
met1,292.3300,236.6400,met1,294.6300,236.6400,3.879e-06
met1,292.5600,19.0400,met1,294.8600,19.0400,1.999e-06
met1,292.5600,291.0400,met1,297.1600,291.0400,3.999e-07
met1,292.5600,296.4800,met1,300.1500,296.4800,7.228e-08
met1,292.7900,312.8000,met1,296.0100,312.8000,1.516e-06
met1,293.0200,95.2000,met1,294.8600,95.2000,1.115e-06
met1,293.0200,138.7200,met1,296.7000,138.7200,2.014e-06
met1,293.0200,220.3200,met1,299.0000,220.3200,4.450e-06
met1,293.0200,350.8800,met1,300.1500,350.8800,1.776e-06
met1,293.2500,231.2000,met1,295.7800,231.2000,4.394e-06
met1,293.2500,274.7200,met1,296.2400,274.7200,1.538e-06
met1,293.2500,285.6000,met1,295.0900,285.6000,8.201e-07
met1,293.4800,57.1200,met1,297.1600,57.1200,2.037e-06
met1,293.9400,24.4800,met1,295.7800,24.4800,2.715e-06
met1,293.9400,68.0000,met1,296.4700,68.0000,1.666e-06
met1,293.9400,84.3200,met1,296.4700,84.3200,6.592e-07
met1,293.9400,198.5600,met1,297.3900,198.5600,3.891e-06
met1,293.9400,437.9200,met1,300.1500,437.9200,1.655e-06
met1,293.9400,459.6800,met1,300.1500,459.6800,1.851e-06
met1,293.9400,465.1200,met1,296.2400,465.1200,8.678e-07
met1,294.1700,46.2400,met1,297.6200,46.2400,1.428e-06
met1,294.1700,149.6000,met1,296.7000,149.6000,1.915e-06
met1,294.1700,225.7600,met1,300.1500,225.7600,4.293e-06
met1,294.4000,193.1200,met1,297.8500,193.1200,4.213e-06
met1,294.4000,269.2800,met1,299.0000,269.2800,6.221e-07
met1,294.4000,280.1600,met1,300.1500,280.1600,1.579e-06
met1,294.4000,432.4800,met1,298.5400,432.4800,7.801e-07
met1,294.6300,13.6000,met1,300.1500,13.6000,3.636e-06
met1,294.6300,111.5200,met1,297.3900,111.5200,1.729e-06
met1,294.6300,165.9200,met1,300.1500,165.9200,3.290e-06
met1,294.6300,236.6400,met1,297.6200,236.6400,3.902e-06
met1,294.8600,19.0400,met1,297.3900,19.0400,2.011e-06
met1,294.8600,62.5600,met1,300.1500,62.5600,1.259e-06
met1,294.8600,95.2000,met1,297.1600,95.2000,1.116e-06
met1,294.8600,127.8400,met1,297.3900,127.8400,2.187e-06
met1,295.0900,285.6000,met1,300.1500,285.6000,8.251e-07
met1,295.0900,301.9200,met1,297.1600,301.9200,5.766e-07
met1,295.0900,470.5600,met1,300.1500,470.5600,1.741e-06
met1,295.3200,78.8800,met1,300.1500,78.8800,9.110e-07
met1,295.5500,106.0800,met1,297.3900,106.0800,1.976e-06
met1,295.5500,122.4000,met1,299.0000,122.4000,2.034e-06
met1,295.5500,155.0400,met1,297.8500,155.0400,2.235e-06
met1,295.5500,307.3600,met1,300.1500,307.3600,5.908e-07
met1,295.5500,356.3200,met1,298.3100,356.3200,1.880e-06
met1,295.7800,24.4800,met1,298.0800,24.4800,2.717e-06
met1,295.7800,160.4800,met1,298.3100,160.4800,2.117e-06
met1,295.7800,231.2000,met1,297.8500,231.2000,4.406e-06
met1,296.0100,312.8000,met1,298.3100,312.8000,1.515e-06
met1,296.0100,361.7600,met1,300.1500,361.7600,1.585e-06
met1,296.2400,29.9200,met1,300.1500,29.9200,1.931e-06
met1,296.2400,204.0000,met1,300.1500,204.0000,4.930e-06
met1,296.2400,274.7200,met1,299.2300,274.7200,1.580e-06
met1,296.2400,388.9600,met1,298.0800,388.9600,2.943e-07
met1,296.2400,443.3600,met1,298.0800,443.3600,1.005e-06
met1,296.2400,465.1200,met1,298.5400,465.1200,8.684e-07
met1,296.4700,68.0000,met1,299.2300,68.0000,1.681e-06
met1,296.4700,73.4400,met1,300.1500,73.4400,2.042e-06
met1,296.4700,84.3200,met1,300.1500,84.3200,1.774e-06
met1,296.4700,405.2800,met1,298.3100,405.2800,2.071e-08
met1,296.7000,138.7200,met1,299.0000,138.7200,2.015e-06
met1,296.7000,149.6000,met1,299.4600,149.6000,1.925e-06
met1,296.9300,323.6800,met1,300.1500,323.6800,1.803e-06
met1,297.1600,57.1200,met1,300.1500,57.1200,2.037e-06
met1,297.1600,95.2000,met1,299.9200,95.2000,1.164e-06
met1,297.1600,100.6400,met1,300.1500,100.6400,1.732e-06
met1,297.1600,258.4000,met1,299.2300,258.4000,2.934e-06
met1,297.1600,291.0400,met1,299.0000,291.0400,4.084e-07
met1,297.1600,301.9200,met1,299.2300,301.9200,5.793e-07
met1,297.1600,454.2400,met1,299.2300,454.2400,9.285e-07
met1,297.3900,19.0400,met1,300.1500,19.0400,2.043e-06
met1,297.3900,106.0800,met1,299.4600,106.0800,1.980e-06
met1,297.3900,111.5200,met1,300.1500,111.5200,1.735e-06
met1,297.3900,127.8400,met1,299.6900,127.8400,2.187e-06
met1,297.3900,198.5600,met1,300.1500,198.5600,3.908e-06
met1,297.6200,46.2400,met1,300.1500,46.2400,1.429e-06
met1,297.6200,236.6400,met1,300.1500,236.6400,3.910e-06
met1,297.8500,155.0400,met1,300.1500,155.0400,2.239e-06
met1,297.8500,193.1200,met1,300.1500,193.1200,4.227e-06
met1,297.8500,231.2000,met1,300.1500,231.2000,4.411e-06
met1,297.8500,372.6400,met1,300.1500,372.6400,1.274e-06
met1,298.0800,24.4800,met1,300.1500,24.4800,2.729e-06
met1,298.0800,116.9600,met1,300.1500,116.9600,2.319e-06
met1,298.0800,378.0800,met1,299.9200,378.0800,1.258e-06
met1,298.0800,388.9600,met1,300.1500,388.9600,2.943e-07
met1,298.0800,443.3600,met1,299.9200,443.3600,1.005e-06
met1,298.3100,160.4800,met1,300.1500,160.4800,2.121e-06
met1,298.3100,182.2400,met1,300.1500,182.2400,3.377e-06
met1,298.3100,312.8000,met1,300.1500,312.8000,4.036e-07
met1,298.3100,356.3200,met1,300.1500,356.3200,1.880e-06
met1,298.3100,405.2800,met1,300.1500,405.2800,2.071e-08
met1,298.5400,329.1200,met1,301.3000,329.1200,2.282e-06
met1,298.5400,432.4800,met1,303.6000,432.4800,7.892e-07
met1,298.5400,465.1200,met1,301.3000,465.1200,8.684e-07
met1,298.7700,345.4400,met1,313.9500,345.4400,2.077e-06
met1,299.0000,122.4000,met1,308.4300,122.4000,2.034e-06
met1,299.0000,138.7200,met1,301.3000,138.7200,2.062e-06
met1,299.0000,220.3200,met1,301.3000,220.3200,4.453e-06
met1,299.0000,269.2800,met1,302.6800,269.2800,1.752e-06
met1,299.0000,291.0400,met1,304.0600,291.0400,4.175e-07
met1,299.0000,394.4000,met1,301.7600,394.4000,3.593e-07
met1,299.2300,51.6800,met1,301.7600,51.6800,1.212e-06
met1,299.2300,68.0000,met1,301.0700,68.0000,1.698e-06
met1,299.2300,144.1600,met1,309.8100,144.1600,2.384e-06
met1,299.2300,176.8000,met1,301.3000,176.8000,3.504e-06
met1,299.2300,247.5200,met1,302.2200,247.5200,3.310e-06
met1,299.2300,258.4000,met1,301.0700,258.4000,2.936e-06
met1,299.2300,274.7200,met1,304.5200,274.7200,1.594e-06
met1,299.2300,301.9200,met1,301.5300,301.9200,5.833e-07
met1,299.2300,416.1600,met1,302.9100,416.1600,4.017e-07
met1,299.2300,454.2400,met1,301.7600,454.2400,9.326e-07
met1,299.4600,106.0800,met1,304.5200,106.0800,1.980e-06
met1,299.4600,149.6000,met1,307.2800,149.6000,3.057e-06
met1,299.4600,340.0000,met1,301.5300,340.0000,1.683e-06
met1,299.4600,367.2000,met1,301.9900,367.2000,1.692e-06
met1,299.6900,127.8400,met1,301.9900,127.8400,2.194e-06
met1,299.9200,95.2000,met1,305.6700,95.2000,2.294e-06
met1,299.9200,252.9600,met1,303.6000,252.9600,3.473e-06
met1,299.9200,378.0800,met1,307.7400,378.0800,1.258e-06
met1,299.9200,443.3600,met1,301.9900,443.3600,1.006e-06
met1,300.1500,13.6000,met1,307.9700,13.6000,3.636e-06
met1,300.1500,19.0400,met1,306.3600,19.0400,2.053e-06
met1,300.1500,24.4800,met1,307.2800,24.4800,2.729e-06
met1,300.1500,29.9200,met1,307.9700,29.9200,1.931e-06
met1,300.1500,35.3600,met1,302.2200,35.3600,1.350e-06
met1,300.1500,40.8000,met1,305.4400,40.8000,2.067e-06
met1,300.1500,46.2400,met1,304.0600,46.2400,1.429e-06
met1,300.1500,57.1200,met1,302.2200,57.1200,2.053e-06
met1,300.1500,62.5600,met1,302.4500,62.5600,1.259e-06
met1,300.1500,73.4400,met1,313.4900,73.4400,2.043e-06
met1,300.1500,78.8800,met1,303.1400,78.8800,2.088e-06
met1,300.1500,84.3200,met1,303.1400,84.3200,1.777e-06
met1,300.1500,89.7600,met1,303.8300,89.7600,1.847e-06
met1,300.1500,100.6400,met1,313.0300,100.6400,1.735e-06
met1,300.1500,111.5200,met1,310.2700,111.5200,2.845e-06
met1,300.1500,116.9600,met1,311.4200,116.9600,2.324e-06
met1,300.1500,133.2800,met1,305.4400,133.2800,2.704e-06
met1,300.1500,155.0400,met1,304.9800,155.0400,2.239e-06
met1,300.1500,160.4800,met1,305.6700,160.4800,2.138e-06
met1,300.1500,165.9200,met1,302.2200,165.9200,3.304e-06
met1,300.1500,171.3600,met1,311.4200,171.3600,3.663e-06
met1,300.1500,182.2400,met1,302.2200,182.2400,3.377e-06
met1,300.1500,187.6800,met1,302.4500,187.6800,3.962e-06
met1,300.1500,193.1200,met1,305.2100,193.1200,4.241e-06
met1,300.1500,198.5600,met1,304.0600,198.5600,3.908e-06
met1,300.1500,204.0000,met1,302.9100,204.0000,4.933e-06
met1,300.1500,209.4400,met1,305.2100,209.4400,4.100e-06
met1,300.1500,214.8800,met1,302.6800,214.8800,4.313e-06
met1,300.1500,225.7600,met1,302.4500,225.7600,4.293e-06
met1,300.1500,231.2000,met1,306.3600,231.2000,4.420e-06
met1,300.1500,236.6400,met1,308.8900,236.6400,3.910e-06
met1,300.1500,242.0800,met1,306.8200,242.0800,3.670e-06
met1,300.1500,263.8400,met1,304.2900,263.8400,3.177e-06
met1,300.1500,280.1600,met1,301.9900,280.1600,1.579e-06
met1,300.1500,285.6000,met1,303.6000,285.6000,8.251e-07
met1,300.1500,296.4800,met1,307.2800,296.4800,7.228e-08
met1,300.1500,307.3600,met1,302.9100,307.3600,5.447e-07
met1,300.1500,312.8000,met1,303.3700,312.8000,4.036e-07
met1,300.1500,318.2400,met1,313.9500,318.2400,5.036e-07
met1,300.1500,323.6800,met1,310.0400,323.6800,1.803e-06
met1,300.1500,334.5600,met1,313.2600,334.5600,1.863e-06
met1,300.1500,350.8800,met1,313.9500,350.8800,1.776e-06
met1,300.1500,356.3200,met1,302.4500,356.3200,1.880e-06
met1,300.1500,361.7600,met1,305.9000,361.7600,1.585e-06
met1,300.1500,372.6400,met1,307.2800,372.6400,1.274e-06
met1,300.1500,383.5200,met1,313.9500,383.5200,4.328e-07
met1,300.1500,388.9600,met1,313.9500,388.9600,2.943e-07
met1,300.1500,399.8400,met1,302.9100,399.8400,1.242e-07
met1,300.1500,405.2800,met1,310.0400,405.2800,2.071e-08
met1,300.1500,410.7200,met1,307.2800,410.7200,7.472e-09
met1,300.1500,421.6000,met1,303.1400,421.6000,5.742e-07
met1,300.1500,427.0400,met1,302.6800,427.0400,1.223e-06
met1,300.1500,437.9200,met1,311.8800,437.9200,1.663e-06
met1,300.1500,448.8000,met1,310.9600,448.8000,2.365e-06
met1,300.1500,459.6800,met1,303.6000,459.6800,1.851e-06
met1,300.1500,470.5600,met1,313.9500,470.5600,1.741e-06
met1,301.0700,68.0000,met1,303.6000,68.0000,1.727e-06
met1,301.0700,258.4000,met1,303.3700,258.4000,2.948e-06
met1,301.3000,138.7200,met1,303.6000,138.7200,2.062e-06
met1,301.3000,176.8000,met1,309.5800,176.8000,3.504e-06
met1,301.3000,220.3200,met1,303.8300,220.3200,4.462e-06
met1,301.3000,329.1200,met1,307.7400,329.1200,2.282e-06
met1,301.3000,465.1200,met1,304.0600,465.1200,8.716e-07
met1,301.5300,301.9200,met1,310.2700,301.9200,5.843e-07
met1,301.5300,340.0000,met1,303.8300,340.0000,1.683e-06
met1,301.7600,51.6800,met1,313.9500,51.6800,1.216e-06
met1,301.7600,394.4000,met1,310.0400,394.4000,3.593e-07
met1,301.7600,454.2400,met1,308.2000,454.2400,2.082e-06
met1,301.9900,127.8400,met1,304.9800,127.8400,2.207e-06
met1,301.9900,280.1600,met1,304.7500,280.1600,1.606e-06
met1,301.9900,367.2000,met1,312.1100,367.2000,1.692e-06
met1,301.9900,443.3600,met1,305.4400,443.3600,1.017e-06
met1,302.2200,35.3600,met1,305.4400,35.3600,2.465e-06
met1,302.2200,57.1200,met1,304.9800,57.1200,2.053e-06
met1,302.2200,165.9200,met1,304.9800,165.9200,3.304e-06
met1,302.2200,182.2400,met1,305.4400,182.2400,3.377e-06
met1,302.2200,247.5200,met1,304.0600,247.5200,3.319e-06
met1,302.4500,62.5600,met1,308.8900,62.5600,1.260e-06
met1,302.4500,187.6800,met1,313.9500,187.6800,3.982e-06
met1,302.4500,225.7600,met1,305.9000,225.7600,4.343e-06
met1,302.4500,356.3200,met1,305.2100,356.3200,1.880e-06
met1,302.6800,214.8800,met1,305.2100,214.8800,4.325e-06
met1,302.6800,269.2800,met1,304.9800,269.2800,1.763e-06
met1,302.6800,427.0400,met1,304.5200,427.0400,1.234e-06
met1,302.9100,204.0000,met1,313.4900,204.0000,4.943e-06
met1,302.9100,307.3600,met1,305.6700,307.3600,5.314e-07
met1,302.9100,399.8400,met1,310.0400,399.8400,1.242e-07
met1,302.9100,416.1600,met1,305.4400,416.1600,4.060e-07
met1,303.1400,78.8800,met1,311.4200,78.8800,2.089e-06
met1,303.1400,84.3200,met1,312.8000,84.3200,1.783e-06
met1,303.1400,421.6000,met1,305.6700,421.6000,5.784e-07
met1,303.3700,258.4000,met1,306.1300,258.4000,2.980e-06
met1,303.3700,312.8000,met1,313.9500,312.8000,4.036e-07
met1,303.6000,68.0000,met1,310.9600,68.0000,1.737e-06
met1,303.6000,138.7200,met1,307.9700,138.7200,3.193e-06
met1,303.6000,252.9600,met1,306.1300,252.9600,3.482e-06
met1,303.6000,285.6000,met1,306.1300,285.6000,1.932e-06
met1,303.6000,432.4800,met1,305.4400,432.4800,7.998e-07
met1,303.6000,459.6800,met1,311.4200,459.6800,1.851e-06
met1,303.8300,89.7600,met1,305.9000,89.7600,1.854e-06
met1,303.8300,220.3200,met1,313.9500,220.3200,4.499e-06
met1,303.8300,340.0000,met1,313.9500,340.0000,1.683e-06
met1,304.0600,46.2400,met1,309.8100,46.2400,2.561e-06
met1,304.0600,198.5600,met1,313.0300,198.5600,5.031e-06
met1,304.0600,247.5200,met1,310.2700,247.5200,4.455e-06
met1,304.0600,291.0400,met1,305.9000,291.0400,1.539e-06
met1,304.0600,465.1200,met1,306.1300,465.1200,8.720e-07
met1,304.2900,263.8400,met1,313.9500,263.8400,3.183e-06
met1,304.5200,106.0800,met1,306.5900,106.0800,1.993e-06
met1,304.5200,274.7200,met1,313.9500,274.7200,1.595e-06
met1,304.5200,427.0400,met1,312.8000,427.0400,1.237e-06
met1,304.7500,280.1600,met1,312.8000,280.1600,1.616e-06
met1,304.9800,57.1200,met1,307.2800,57.1200,2.063e-06
met1,304.9800,127.8400,met1,307.2800,127.8400,2.207e-06
met1,304.9800,155.0400,met1,308.2000,155.0400,2.255e-06
met1,304.9800,165.9200,met1,309.1200,165.9200,3.314e-06
met1,304.9800,269.2800,met1,313.0300,269.2800,2.895e-06
met1,305.2100,193.1200,met1,307.9700,193.1200,5.380e-06
met1,305.2100,209.4400,met1,307.2800,209.4400,4.107e-06
met1,305.2100,214.8800,met1,307.0500,214.8800,4.333e-06
met1,305.2100,356.3200,met1,307.2800,356.3200,1.880e-06
met1,305.4400,35.3600,met1,307.9700,35.3600,2.472e-06
met1,305.4400,40.8000,met1,313.9500,40.8000,2.067e-06
met1,305.4400,133.2800,met1,307.5100,133.2800,2.704e-06
met1,305.4400,182.2400,met1,307.7400,182.2400,3.378e-06
met1,305.4400,416.1600,met1,307.2800,416.1600,4.060e-07
met1,305.4400,432.4800,met1,310.0400,432.4800,8.473e-07
met1,305.4400,443.3600,met1,310.5000,443.3600,1.026e-06
met1,305.6700,95.2000,met1,307.9700,95.2000,2.330e-06
met1,305.6700,160.4800,met1,310.0400,160.4800,2.151e-06
met1,305.6700,307.3600,met1,312.3400,307.3600,5.314e-07
met1,305.6700,421.6000,met1,307.9700,421.6000,5.886e-07
met1,305.9000,89.7600,met1,312.8000,89.7600,1.868e-06
met1,305.9000,225.7600,met1,308.6600,225.7600,4.354e-06
met1,305.9000,291.0400,met1,309.8100,291.0400,1.587e-06
met1,305.9000,361.7600,met1,312.1100,361.7600,1.585e-06
met1,306.1300,252.9600,met1,313.9500,252.9600,3.487e-06
met1,306.1300,258.4000,met1,313.9500,258.4000,2.991e-06
met1,306.1300,285.6000,met1,308.8900,285.6000,1.932e-06
met1,306.1300,465.1200,met1,312.8000,465.1200,1.988e-06
met1,306.3600,19.0400,met1,308.2000,19.0400,2.053e-06
met1,306.3600,231.2000,met1,311.6500,231.2000,5.550e-06
met1,306.5900,106.0800,met1,308.6600,106.0800,1.993e-06
met1,306.8200,242.0800,met1,311.8800,242.0800,3.671e-06
met1,307.0500,214.8800,met1,308.8900,214.8800,4.340e-06
met1,307.2800,24.4800,met1,309.1200,24.4800,2.733e-06
met1,307.2800,57.1200,met1,309.1200,57.1200,2.110e-06
met1,307.2800,127.8400,met1,313.9500,127.8400,3.317e-06
met1,307.2800,149.6000,met1,313.9500,149.6000,3.060e-06
met1,307.2800,209.4400,met1,309.5800,209.4400,4.107e-06
met1,307.2800,296.4800,met1,313.9500,296.4800,1.207e-06
met1,307.2800,356.3200,met1,313.9500,356.3200,1.880e-06
met1,307.2800,372.6400,met1,313.9500,372.6400,1.633e-07
met1,307.2800,410.7200,met1,313.9500,410.7200,1.123e-06
met1,307.2800,416.1600,met1,313.9500,416.1600,4.535e-07
met1,307.5100,133.2800,met1,313.9500,133.2800,2.709e-06
met1,307.7400,182.2400,met1,311.6500,182.2400,3.381e-06
met1,307.7400,329.1200,met1,310.0400,329.1200,1.171e-06
met1,307.7400,378.0800,met1,309.5800,378.0800,1.466e-07
met1,307.9700,13.6000,met1,313.9500,13.6000,4.749e-06
met1,307.9700,29.9200,met1,310.2700,29.9200,1.941e-06
met1,307.9700,35.3600,met1,310.2700,35.3600,2.479e-06
met1,307.9700,95.2000,met1,311.8800,95.2000,2.494e-06
met1,307.9700,138.7200,met1,311.8800,138.7200,3.205e-06
met1,307.9700,193.1200,met1,310.2700,193.1200,5.393e-06
met1,307.9700,421.6000,met1,313.9500,421.6000,5.920e-07
met1,308.2000,19.0400,met1,310.7300,19.0400,2.060e-06
met1,308.2000,155.0400,met1,310.5000,155.0400,2.256e-06
met1,308.2000,454.2400,met1,311.6500,454.2400,2.092e-06
met1,308.4300,122.4000,met1,312.3400,122.4000,2.038e-06
met1,308.6600,106.0800,met1,311.1900,106.0800,2.042e-06
met1,308.6600,225.7600,met1,310.9600,225.7600,4.373e-06
met1,308.8900,62.5600,met1,313.9500,62.5600,2.396e-06
met1,308.8900,214.8800,met1,313.9500,214.8800,5.483e-06
met1,308.8900,236.6400,met1,313.9500,236.6400,4.066e-06
met1,308.8900,285.6000,met1,312.3400,285.6000,1.936e-06
met1,309.1200,24.4800,met1,310.9600,24.4800,3.874e-06
met1,309.1200,57.1200,met1,311.8800,57.1200,2.121e-06
met1,309.1200,165.9200,met1,312.3400,165.9200,3.331e-06
met1,309.5800,176.8000,met1,311.8800,176.8000,3.504e-06
met1,309.5800,209.4400,met1,312.1100,209.4400,4.124e-06
met1,309.5800,378.0800,met1,312.1100,378.0800,1.444e-07
met1,309.8100,46.2400,met1,312.1100,46.2400,2.564e-06
met1,309.8100,144.1600,met1,312.1100,144.1600,2.384e-06
met1,309.8100,291.0400,met1,312.8000,291.0400,1.603e-06
met1,310.0400,160.4800,met1,313.9500,160.4800,3.295e-06
met1,310.0400,323.6800,met1,313.9500,323.6800,6.921e-07
met1,310.0400,329.1200,met1,313.9500,329.1200,5.994e-08
met1,310.0400,394.4000,met1,313.9500,394.4000,7.518e-07
met1,310.0400,399.8400,met1,313.9500,399.8400,9.870e-07
met1,310.0400,405.2800,met1,313.9500,405.2800,1.090e-06
met1,310.0400,432.4800,met1,313.9500,432.4800,1.980e-06
met1,310.2700,29.9200,met1,313.9500,29.9200,1.944e-06
met1,310.2700,35.3600,met1,312.3400,35.3600,2.479e-06
met1,310.2700,111.5200,met1,313.9500,111.5200,2.990e-06
met1,310.2700,193.1200,met1,312.3400,193.1200,5.405e-06
met1,310.2700,247.5200,met1,313.4900,247.5200,4.479e-06
met1,310.2700,301.9200,met1,313.9500,301.9200,5.923e-07
met1,310.5000,155.0400,met1,313.9500,155.0400,3.387e-06
met1,310.5000,443.3600,met1,312.8000,443.3600,1.041e-06
met1,310.7300,19.0400,met1,313.9500,19.0400,2.093e-06
met1,310.9600,24.4800,met1,312.8000,24.4800,3.884e-06
met1,310.9600,68.0000,met1,312.8000,68.0000,1.737e-06
met1,310.9600,225.7600,met1,313.9500,225.7600,4.387e-06
met1,310.9600,448.8000,met1,313.9500,448.8000,2.390e-06
met1,311.1900,106.0800,met1,313.9500,106.0800,2.051e-06
met1,311.4200,78.8800,met1,313.9500,78.8800,2.137e-06
met1,311.4200,116.9600,met1,313.9500,116.9600,2.334e-06
met1,311.4200,171.3600,met1,313.9500,171.3600,3.677e-06
met1,311.4200,459.6800,met1,313.9500,459.6800,1.851e-06
met1,311.6500,182.2400,met1,313.9500,182.2400,4.493e-06
met1,311.6500,231.2000,met1,313.9500,231.2000,5.586e-06
met1,311.6500,454.2400,met1,313.9500,454.2400,2.108e-06
met1,311.8800,57.1200,met1,313.9500,57.1200,2.121e-06
met1,311.8800,95.2000,met1,313.9500,95.2000,2.520e-06
met1,311.8800,138.7200,met1,313.9500,138.7200,3.219e-06
met1,311.8800,176.8000,met1,313.9500,176.8000,3.505e-06
met1,311.8800,242.0800,met1,313.9500,242.0800,3.690e-06
met1,311.8800,437.9200,met1,313.9500,437.9200,1.711e-06
met1,312.1100,46.2400,met1,313.9500,46.2400,2.585e-06
met1,312.1100,144.1600,met1,313.9500,144.1600,2.560e-06
met1,312.1100,209.4400,met1,313.9500,209.4400,4.159e-06
met1,312.1100,361.7600,met1,313.9500,361.7600,1.571e-06
met1,312.1100,367.2000,met1,313.9500,367.2000,5.610e-07
met1,312.1100,378.0800,met1,313.9500,378.0800,1.367e-07
met1,312.3400,35.3600,met1,315.1000,35.3600,2.494e-06
met1,312.3400,122.4000,met1,317.4000,122.4000,3.185e-06
met1,312.3400,165.9200,met1,314.8700,165.9200,3.338e-06
met1,312.3400,193.1200,met1,314.8700,193.1200,5.420e-06
met1,312.3400,285.6000,met1,318.1200,285.6000,1.936e-06
met1,312.3400,307.3600,met1,317.4000,307.3600,5.797e-07
met1,312.8000,24.4800,met1,318.1200,24.4800,3.932e-06
met1,312.8000,68.0000,met1,315.5600,68.0000,1.740e-06
met1,312.8000,84.3200,met1,315.1000,84.3200,2.914e-06
met1,312.8000,89.7600,met1,318.1200,89.7600,1.877e-06
met1,312.8000,280.1600,met1,318.1200,280.1600,1.616e-06
met1,312.8000,291.0400,met1,318.1200,291.0400,2.747e-06
met1,312.8000,427.0400,met1,315.7900,427.0400,1.237e-06
met1,312.8000,443.3600,met1,318.1200,443.3600,2.174e-06
met1,312.8000,465.1200,met1,316.0200,465.1200,1.992e-06
met1,313.0300,100.6400,met1,315.5600,100.6400,1.907e-06
met1,313.0300,198.5600,met1,318.1200,198.5600,5.075e-06
met1,313.0300,269.2800,met1,315.3300,269.2800,2.923e-06
met1,313.2600,334.5600,met1,317.8600,334.5600,7.516e-07
met1,313.4900,73.4400,met1,316.7100,73.4400,2.050e-06
met1,313.4900,204.0000,met1,316.0200,204.0000,5.068e-06
met1,313.4900,247.5200,met1,316.7100,247.5200,4.605e-06
met1,313.9500,13.6000,met1,318.1200,13.6000,4.749e-06
met1,313.9500,19.0400,met1,318.1200,19.0400,2.093e-06
met1,313.9500,29.9200,met1,318.1200,29.9200,1.944e-06
met1,313.9500,40.8000,met1,318.1200,40.8000,2.081e-06
met1,313.9500,46.2400,met1,315.7900,46.2400,2.585e-06
met1,313.9500,51.6800,met1,316.4800,51.6800,1.216e-06
met1,313.9500,57.1200,met1,318.1200,57.1200,2.121e-06
met1,313.9500,62.5600,met1,318.1200,62.5600,2.396e-06
met1,313.9500,78.8800,met1,315.7900,78.8800,2.137e-06
met1,313.9500,95.2000,met1,316.9400,95.2000,2.673e-06
met1,313.9500,106.0800,met1,318.1200,106.0800,2.051e-06
met1,313.9500,111.5200,met1,315.7900,111.5200,3.014e-06
met1,313.9500,116.9600,met1,316.7100,116.9600,2.334e-06
met1,313.9500,127.8400,met1,316.7100,127.8400,3.327e-06
met1,313.9500,133.2800,met1,317.1700,133.2800,2.709e-06
met1,313.9500,138.7200,met1,318.1200,138.7200,3.219e-06
met1,313.9500,144.1600,met1,317.6300,144.1600,2.569e-06
met1,313.9500,149.6000,met1,317.4000,149.6000,3.096e-06
met1,313.9500,155.0400,met1,318.1200,155.0400,3.387e-06
met1,313.9500,160.4800,met1,318.1200,160.4800,3.295e-06
met1,313.9500,171.3600,met1,315.7900,171.3600,3.713e-06
met1,313.9500,176.8000,met1,317.8600,176.8000,3.505e-06
met1,313.9500,182.2400,met1,318.1200,182.2400,4.493e-06
met1,313.9500,187.6800,met1,318.1200,187.6800,3.982e-06
met1,313.9500,209.4400,met1,317.6300,209.4400,4.292e-06
met1,313.9500,214.8800,met1,318.1200,214.8800,5.483e-06
met1,313.9500,220.3200,met1,316.4800,220.3200,4.499e-06
met1,313.9500,225.7600,met1,316.4800,225.7600,4.387e-06
met1,313.9500,231.2000,met1,318.1200,231.2000,5.586e-06
met1,313.9500,236.6400,met1,315.7900,236.6400,4.066e-06
met1,313.9500,242.0800,met1,316.7100,242.0800,3.718e-06
met1,313.9500,252.9600,met1,316.4800,252.9600,3.487e-06
met1,313.9500,258.4000,met1,316.2500,258.4000,2.996e-06
met1,313.9500,263.8400,met1,316.4800,263.8400,3.183e-06
met1,313.9500,274.7200,met1,316.2500,274.7200,1.595e-06
met1,313.9500,296.4800,met1,318.1200,296.4800,2.238e-06
met1,313.9500,301.9200,met1,318.1200,301.9200,5.923e-07
met1,313.9500,312.8000,met1,318.1200,312.8000,7.075e-07
met1,313.9500,318.2400,met1,318.1200,318.2400,5.036e-07
met1,313.9500,323.6800,met1,317.8600,323.6800,6.921e-07
met1,313.9500,329.1200,met1,318.1200,329.1200,5.994e-08
met1,313.9500,340.0000,met1,318.1200,340.0000,1.683e-06
met1,313.9500,345.4400,met1,318.1200,345.4400,9.662e-07
met1,313.9500,350.8800,met1,316.4800,350.8800,1.776e-06
met1,313.9500,356.3200,met1,318.1200,356.3200,1.880e-06
met1,313.9500,361.7600,met1,318.1200,361.7600,1.571e-06
met1,313.9500,367.2000,met1,317.8600,367.2000,5.610e-07
met1,313.9500,372.6400,met1,318.1200,372.6400,1.633e-07
met1,313.9500,378.0800,met1,318.1200,378.0800,1.367e-07
met1,313.9500,383.5200,met1,318.1200,383.5200,4.242e-07
met1,313.9500,388.9600,met1,317.6300,388.9600,2.781e-07
met1,313.9500,394.4000,met1,318.1200,394.4000,7.955e-07
met1,313.9500,399.8400,met1,317.4000,399.8400,9.870e-07
met1,313.9500,405.2800,met1,318.1200,405.2800,1.090e-06
met1,313.9500,410.7200,met1,316.0200,410.7200,1.123e-06
met1,313.9500,416.1600,met1,316.4800,416.1600,4.564e-07
met1,313.9500,421.6000,met1,317.4000,421.6000,5.920e-07
met1,313.9500,432.4800,met1,316.0200,432.4800,1.980e-06
met1,313.9500,437.9200,met1,318.1200,437.9200,1.711e-06
met1,313.9500,448.8000,met1,317.8600,448.8000,2.390e-06
met1,313.9500,454.2400,met1,317.4000,454.2400,2.113e-06
met1,313.9500,459.6800,met1,316.4800,459.6800,1.860e-06
met1,313.9500,470.5600,met1,318.1200,470.5600,2.852e-06
met1,314.8700,165.9200,met1,318.1200,165.9200,3.350e-06
met1,314.8700,193.1200,met1,318.1200,193.1200,5.420e-06
met1,315.1000,35.3600,met1,317.6300,35.3600,2.509e-06
met1,315.1000,84.3200,met1,316.9400,84.3200,2.922e-06
met1,315.3300,269.2800,met1,317.6300,269.2800,2.929e-06
met1,315.5600,68.0000,met1,317.8600,68.0000,1.740e-06
met1,315.5600,100.6400,met1,318.1200,100.6400,1.954e-06
met1,315.7900,46.2400,met1,318.1200,46.2400,2.617e-06
met1,315.7900,78.8800,met1,317.8600,78.8800,2.158e-06
met1,315.7900,111.5200,met1,318.1200,111.5200,3.127e-06
met1,315.7900,171.3600,met1,318.1200,171.3600,3.853e-06
met1,315.7900,236.6400,met1,318.1200,236.6400,4.197e-06
met1,315.7900,427.0400,met1,317.8600,427.0400,1.271e-06
met1,316.0200,204.0000,met1,318.1200,204.0000,5.089e-06
met1,316.0200,410.7200,met1,318.1200,410.7200,1.171e-06
met1,316.0200,432.4800,met1,318.1200,432.4800,1.994e-06
met1,316.0200,465.1200,met1,318.1200,465.1200,2.008e-06
met1,316.2500,258.4000,met1,318.1200,258.4000,4.138e-06
met1,316.2500,274.7200,met1,318.1200,274.7200,1.687e-06
met1,316.4800,51.6800,met1,318.5500,51.6800,1.359e-06
met1,316.4800,51.6800,met2,318.1200,51.6800,9.910e-07
met1,316.4800,220.3200,met1,319.7000,220.3200,1.756e-07
met1,316.4800,220.3200,met2,318.1200,220.3200,4.678e-06
met1,316.4800,225.7600,met1,318.7800,225.7600,6.731e-07
met1,316.4800,225.7600,met2,318.1200,225.7600,3.714e-06
met1,316.4800,252.9600,met1,318.7800,252.9600,4.212e-07
met1,316.4800,252.9600,met2,318.1200,252.9600,3.074e-06
met1,316.4800,263.8400,met1,318.3200,263.8400,4.631e-07
met1,316.4800,263.8400,met2,318.1200,263.8400,2.733e-06
met1,316.4800,350.8800,met1,323.3800,350.8800,1.226e-06
met1,316.4800,350.8800,met2,318.1200,350.8800,5.612e-07
met1,316.4800,416.1600,met1,325.9100,416.1600,6.292e-07
met1,316.4800,416.1600,met2,318.1200,416.1600,9.828e-07
met1,316.4800,459.6800,met1,324.0700,459.6800,1.222e-06
met1,316.4800,459.6800,met2,318.1200,459.6800,6.416e-07
met1,316.7100,73.4400,met1,323.3800,73.4400,1.447e-06
met1,316.7100,73.4400,met2,318.1200,73.4400,6.108e-07
met1,316.7100,116.9600,met1,327.7500,116.9600,1.225e-06
met1,316.7100,116.9600,met2,318.1200,116.9600,1.111e-06
met1,316.7100,127.8400,met1,324.3000,127.8400,1.504e-06
met1,316.7100,127.8400,met2,318.1200,127.8400,1.864e-06
met1,316.7100,242.0800,met1,327.7500,242.0800,3.765e-07
met1,316.7100,242.0800,met2,318.1200,242.0800,3.346e-06
met1,316.7100,247.5200,met1,319.4700,247.5200,3.034e-08
met1,316.7100,247.5200,met2,318.1200,247.5200,4.622e-06
met1,316.9400,84.3200,met1,327.7500,84.3200,1.647e-06
met1,316.9400,84.3200,met2,318.1200,84.3200,1.312e-06
met1,316.9400,95.2000,met1,326.1400,95.2000,1.724e-06
met1,316.9400,95.2000,met2,318.1200,95.2000,2.103e-06
met1,317.1700,133.2800,met1,319.0100,133.2800,4.174e-07
met1,317.1700,133.2800,met2,318.1200,133.2800,2.306e-06
met1,317.4000,122.4000,met1,323.6100,122.4000,1.364e-06
met1,317.4000,122.4000,met2,318.1200,122.4000,1.838e-06
met1,317.4000,149.6000,met1,321.3100,149.6000,4.291e-07
met1,317.4000,149.6000,met2,318.1200,149.6000,2.689e-06
met1,317.4000,307.3600,met1,319.9300,307.3600,1.778e-06
met1,317.4000,307.3600,met2,318.1200,307.3600,2.358e-06
met1,317.4000,399.8400,met1,319.4700,399.8400,3.938e-07
met1,317.4000,399.8400,met2,318.1200,399.8400,5.956e-07
met1,317.4000,421.6000,met1,320.8500,421.6000,2.693e-07
met1,317.4000,421.6000,met2,318.1200,421.6000,8.787e-07
met1,317.4000,454.2400,met1,324.7600,454.2400,3.187e-07
met1,317.4000,454.2400,met2,318.1200,454.2400,1.795e-06
met1,317.6300,35.3600,met1,322.4600,35.3600,1.137e-06
met1,317.6300,35.3600,met2,318.1200,35.3600,3.203e-06
met1,317.6300,144.1600,met1,325.2200,144.1600,1.260e-06
met1,317.6300,144.1600,met2,318.1200,144.1600,1.469e-06
met1,317.6300,209.4400,met1,327.7500,209.4400,6.690e-07
met1,317.6300,209.4400,met2,318.1200,209.4400,3.720e-06
met1,317.6300,269.2800,met1,320.1600,269.2800,6.184e-07
met1,317.6300,269.2800,met2,318.1200,269.2800,3.558e-06
met1,317.6300,388.9600,met1,321.0800,388.9600,5.495e-07
met1,317.6300,388.9600,met2,318.1200,388.9600,3.450e-07
met1,317.8600,68.0000,met1,323.8400,68.0000,6.620e-07
met1,317.8600,68.0000,met2,318.1200,68.0000,2.188e-06
met1,317.8600,78.8800,met1,323.8400,78.8800,7.531e-07
met1,317.8600,78.8800,met2,318.1200,78.8800,1.405e-06
met1,317.8600,176.8000,met1,321.3100,176.8000,1.176e-07
met1,317.8600,176.8000,met2,318.1200,176.8000,3.793e-06
met1,317.8600,323.6800,met1,320.1600,323.6800,7.030e-07
met1,317.8600,323.6800,met2,318.1200,323.6800,1.122e-06
met1,317.8600,334.5600,met1,326.1400,334.5600,8.538e-07
met1,317.8600,334.5600,met2,318.1200,334.5600,1.213e-06
met1,317.8600,367.2000,met1,322.9200,367.2000,1.090e-06
met1,317.8600,367.2000,met2,318.1200,367.2000,1.674e-06
met1,317.8600,427.0400,met1,320.1600,427.0400,8.722e-07
met1,317.8600,427.0400,met2,318.1200,427.0400,1.541e-06
met1,317.8600,448.8000,met1,326.6000,448.8000,5.965e-07
met1,317.8600,448.8000,met2,318.1200,448.8000,3.117e-06
met1,318.1200,13.6000,met1,324.5300,13.6000,1.212e-06
met1,318.1200,13.6000,met2,318.1200,13.6000,3.537e-06
met1,318.1200,19.0400,met1,322.0000,19.0400,6.615e-07
met1,318.1200,19.0400,met2,318.1200,19.0400,1.431e-06
met1,318.1200,24.4800,met1,321.5400,24.4800,1.191e-06
met1,318.1200,24.4800,met2,318.1200,24.4800,2.741e-06
met1,318.1200,29.9200,met1,327.7500,29.9200,4.023e-07
met1,318.1200,29.9200,met2,318.1200,29.9200,1.541e-06
met1,318.1200,40.8000,met1,326.6000,40.8000,7.014e-07
met1,318.1200,40.8000,met2,318.1200,40.8000,2.782e-06
met1,318.1200,46.2400,met1,324.5300,46.2400,1.544e-06
met1,318.1200,46.2400,met2,318.1200,46.2400,1.084e-06
met1,318.1200,57.1200,met1,320.1600,57.1200,1.723e-06
met1,318.1200,57.1200,met2,318.1200,57.1200,3.982e-07
met1,318.1200,62.5600,met1,320.3900,62.5600,3.812e-07
met1,318.1200,62.5600,met2,318.1200,62.5600,2.015e-06
met1,318.1200,89.7600,met1,324.0700,89.7600,1.400e-06
met1,318.1200,89.7600,met2,318.1200,89.7600,4.767e-07
met1,318.1200,100.6400,met1,325.9100,100.6400,1.325e-06
met1,318.1200,100.6400,met2,318.1200,100.6400,6.287e-07
met1,318.1200,106.0800,met1,323.3800,106.0800,2.696e-07
met1,318.1200,106.0800,met2,318.1200,106.0800,1.829e-06
met1,318.1200,111.5200,met1,321.3100,111.5200,1.540e-06
met1,318.1200,111.5200,met2,318.1200,111.5200,1.700e-06
met1,318.1200,138.7200,met1,322.4600,138.7200,1.426e-06
met1,318.1200,138.7200,met2,318.1200,138.7200,1.802e-06
met1,318.1200,155.0400,met1,322.0000,155.0400,1.281e-06
met1,318.1200,155.0400,met2,318.1200,155.0400,2.106e-06
met1,318.1200,160.4800,met1,320.3900,160.4800,2.209e-07
met1,318.1200,160.4800,met2,318.1200,160.4800,3.121e-06
met1,318.1200,165.9200,met1,321.7700,165.9200,1.310e-06
met1,318.1200,165.9200,met2,318.1200,165.9200,2.040e-06
met1,318.1200,171.3600,met1,324.7600,171.3600,1.183e-06
met1,318.1200,171.3600,met2,318.1200,171.3600,2.670e-06
met1,318.1200,182.2400,met1,327.7500,182.2400,1.111e-06
met1,318.1200,182.2400,met2,318.1200,182.2400,3.382e-06
met1,318.1200,187.6800,met1,320.6200,187.6800,5.848e-08
met1,318.1200,187.6800,met2,318.1200,187.6800,4.041e-06
met1,318.1200,193.1200,met1,319.9300,193.1200,9.336e-07
met1,318.1200,193.1200,met2,318.1200,193.1200,4.486e-06
met1,318.1200,198.5600,met1,322.4600,198.5600,4.888e-08
met1,318.1200,198.5600,met2,318.1200,198.5600,5.124e-06
met1,318.1200,204.0000,met1,322.2300,204.0000,8.887e-07
met1,318.1200,204.0000,met2,318.1200,204.0000,4.203e-06
met1,318.1200,214.8800,met1,325.9100,214.8800,8.282e-07
met1,318.1200,214.8800,met2,318.1200,214.8800,4.654e-06
met1,318.1200,231.2000,met1,322.9200,231.2000,9.887e-08
met1,318.1200,231.2000,met2,318.1200,231.2000,5.487e-06
met1,318.1200,236.6400,met1,321.5400,236.6400,4.310e-07
met1,318.1200,236.6400,met2,318.1200,236.6400,3.768e-06
met1,318.1200,258.4000,met1,327.7500,258.4000,6.231e-07
met1,318.1200,258.4000,met2,318.1200,258.4000,3.515e-06
met1,318.1200,274.7200,met1,320.1600,274.7200,7.578e-08
met1,318.1200,274.7200,met2,318.1200,274.7200,1.766e-06
met1,318.1200,280.1600,met1,320.6200,280.1600,1.802e-07
met1,318.1200,280.1600,met2,318.1200,280.1600,1.436e-06
met1,318.1200,285.6000,met1,323.8400,285.6000,7.848e-07
met1,318.1200,285.6000,met2,318.1200,285.6000,2.769e-06
met1,318.1200,291.0400,met1,325.9100,291.0400,3.067e-07
met1,318.1200,291.0400,met2,318.1200,291.0400,3.054e-06
met1,318.1200,296.4800,met1,321.0800,296.4800,1.237e-07
met1,318.1200,296.4800,met2,318.1200,296.4800,2.115e-06
met1,318.1200,301.9200,met1,320.6200,301.9200,5.982e-07
met1,318.1200,301.9200,met2,318.1200,301.9200,1.190e-06
met1,318.1200,312.8000,met1,319.9300,312.8000,6.455e-07
met1,318.1200,312.8000,met2,318.1200,312.8000,1.353e-06
met1,318.1200,318.2400,met1,321.5400,318.2400,1.745e-06
met1,318.1200,318.2400,met2,318.1200,318.2400,1.244e-06
met1,318.1200,329.1200,met1,327.7500,329.1200,2.098e-06
met1,318.1200,329.1200,met2,318.1200,329.1200,2.038e-06
met1,318.1200,340.0000,met1,327.7500,340.0000,1.225e-06
met1,318.1200,340.0000,met2,318.1200,340.0000,6.534e-07
met1,318.1200,345.4400,met1,320.8500,345.4400,1.710e-06
met1,318.1200,345.4400,met2,318.1200,345.4400,1.855e-06
met1,318.1200,356.3200,met1,325.9100,356.3200,1.548e-06
met1,318.1200,356.3200,met2,318.1200,356.3200,7.798e-07
met1,318.1200,361.7600,met1,326.6000,361.7600,1.083e-06
met1,318.1200,361.7600,met2,318.1200,361.7600,6.233e-07
met1,318.1200,372.6400,met1,326.3700,372.6400,6.375e-07
met1,318.1200,372.6400,met2,318.1200,372.6400,4.742e-07
met1,318.1200,378.0800,met1,323.8400,378.0800,1.626e-06
met1,318.1200,378.0800,met2,318.1200,378.0800,1.489e-06
met1,318.1200,383.5200,met1,321.3100,383.5200,3.820e-07
met1,318.1200,383.5200,met2,318.1200,383.5200,4.208e-08
met1,318.1200,394.4000,met1,321.7700,394.4000,2.370e-07
met1,318.1200,394.4000,met2,318.1200,394.4000,1.033e-06
met1,318.1200,405.2800,met1,321.5400,405.2800,3.808e-07
met1,318.1200,405.2800,met2,318.1200,405.2800,7.097e-07
met1,318.1200,410.7200,met1,323.8400,410.7200,2.035e-07
met1,318.1200,410.7200,met2,318.1200,410.7200,9.675e-07
met1,318.1200,432.4800,met1,323.1500,432.4800,4.804e-07
met1,318.1200,432.4800,met2,318.1200,432.4800,1.514e-06
met1,318.1200,437.9200,met1,323.8400,437.9200,4.814e-07
met1,318.1200,437.9200,met2,318.1200,437.9200,1.229e-06
met1,318.1200,443.3600,met1,323.6100,443.3600,4.839e-07
met1,318.1200,443.3600,met2,318.1200,443.3600,1.690e-06
met1,318.1200,465.1200,met1,320.1600,465.1200,2.507e-07
met1,318.1200,465.1200,met2,318.1200,465.1200,1.757e-06
met1,318.1200,470.5600,met1,324.5300,470.5600,8.544e-07
met1,318.1200,470.5600,met2,318.1200,470.5600,1.997e-06
met1,318.3200,263.8400,met1,327.7500,263.8400,4.725e-07
met1,318.5500,51.6800,met1,325.9100,51.6800,1.364e-06
met1,318.7800,225.7600,met1,322.6900,225.7600,6.984e-07
met1,318.7800,252.9600,met1,321.5400,252.9600,4.698e-07
met1,319.0100,133.2800,met1,321.7700,133.2800,4.389e-07
met1,319.4700,247.5200,met1,323.3800,247.5200,3.436e-08
met1,319.4700,399.8400,met1,324.9900,399.8400,3.938e-07
met1,319.7000,220.3200,met1,322.4600,220.3200,9.891e-07
met1,319.9300,193.1200,met1,323.1500,193.1200,9.506e-07
met1,319.9300,307.3600,met1,322.0000,307.3600,1.775e-06
met1,319.9300,312.8000,met1,325.6800,312.8000,6.431e-07
met1,320.1600,57.1200,met1,327.7500,57.1200,1.724e-06
met1,320.1600,269.2800,met1,327.7500,269.2800,5.173e-07
met1,320.1600,274.7200,met1,322.0000,274.7200,5.293e-08
met1,320.1600,323.6800,met1,323.1500,323.6800,7.006e-07
met1,320.1600,427.0400,met1,327.7500,427.0400,8.871e-07
met1,320.1600,465.1200,met1,323.8400,465.1200,2.703e-07
met1,320.3900,62.5600,met1,324.3000,62.5600,4.314e-07
met1,320.3900,160.4800,met1,322.6900,160.4800,2.210e-07
met1,320.6200,187.6800,met1,322.9200,187.6800,1.217e-08
met1,320.6200,280.1600,met1,327.7500,280.1600,1.833e-07
met1,320.6200,301.9200,met1,327.7500,301.9200,5.981e-07
met1,320.8500,345.4400,met1,326.1400,345.4400,1.705e-06
met1,320.8500,421.6000,met1,327.7500,421.6000,2.539e-07
met1,321.0800,296.4800,met1,323.3800,296.4800,1.262e-07
met1,321.0800,388.9600,met1,323.1500,388.9600,5.478e-07
met1,321.3100,111.5200,met1,327.7500,111.5200,1.547e-06
met1,321.3100,149.6000,met1,323.8400,149.6000,5.717e-07
met1,321.3100,176.8000,met1,324.0700,176.8000,1.528e-08
met1,321.3100,383.5200,met1,327.7500,383.5200,3.779e-07
met1,321.5400,24.4800,met1,323.3800,24.4800,1.191e-06
met1,321.5400,236.6400,met1,327.7500,236.6400,5.042e-07
met1,321.5400,252.9600,met1,327.7500,252.9600,4.931e-07
met1,321.5400,318.2400,met1,327.7500,318.2400,1.732e-06
met1,321.5400,405.2800,met1,323.8400,405.2800,3.844e-07
met1,321.7700,133.2800,met1,327.0600,133.2800,4.554e-07
met1,321.7700,165.9200,met1,323.8400,165.9200,1.313e-06
met1,321.7700,394.4000,met1,324.5300,394.4000,1.652e-07
met1,322.0000,19.0400,met1,323.8400,19.0400,7.122e-07
met1,322.0000,155.0400,met1,324.3000,155.0400,1.281e-06
met1,322.0000,274.7200,met1,327.7500,274.7200,5.196e-08
met1,322.0000,307.3600,met1,324.9900,307.3600,1.756e-06
met1,322.2300,204.0000,met1,327.7500,204.0000,9.600e-07
met1,322.4600,35.3600,met1,325.9100,35.3600,1.137e-06
met1,322.4600,138.7200,met1,324.3000,138.7200,1.429e-06
met1,322.4600,198.5600,met1,327.0600,198.5600,3.470e-08
met1,322.4600,220.3200,met1,327.7500,220.3200,9.985e-07
met1,322.6900,160.4800,met1,325.9100,160.4800,1.364e-06
met1,322.6900,225.7600,met1,324.9900,225.7600,7.338e-07
met1,322.9200,187.6800,met1,324.9900,187.6800,1.112e-06
met1,322.9200,231.2000,met1,327.5200,231.2000,9.984e-08
met1,322.9200,367.2000,met1,325.2200,367.2000,1.086e-06
met1,323.1500,193.1200,met1,325.6800,193.1200,1.001e-06
met1,323.1500,323.6800,met1,326.3700,323.6800,6.952e-07
met1,323.1500,388.9600,met1,324.9900,388.9600,5.244e-07
met1,323.1500,432.4800,met1,327.5200,432.4800,5.309e-07
met1,323.3800,24.4800,met1,325.9100,24.4800,2.301e-06
met1,323.3800,73.4400,met1,327.7500,73.4400,1.447e-06
met1,323.3800,106.0800,met1,327.7500,106.0800,1.414e-06
met1,323.3800,247.5200,met1,327.7500,247.5200,8.208e-08
met1,323.3800,296.4800,met1,325.4500,296.4800,1.334e-07
met1,323.3800,350.8800,met1,327.7500,350.8800,1.226e-06
met1,323.6100,122.4000,met1,325.9100,122.4000,1.380e-06
met1,323.6100,443.3600,met1,326.6000,443.3600,4.878e-07
met1,323.8400,19.0400,met1,325.6800,19.0400,7.365e-07
met1,323.8400,68.0000,met1,327.7500,68.0000,1.807e-06
met1,323.8400,78.8800,met1,326.6000,78.8800,7.603e-07
met1,323.8400,149.6000,met1,325.6800,149.6000,6.192e-07
met1,323.8400,165.9200,met1,327.0600,165.9200,1.321e-06
met1,323.8400,285.6000,met1,327.7500,285.6000,3.528e-07
met1,323.8400,378.0800,met1,327.7500,378.0800,5.149e-07
met1,323.8400,405.2800,met1,326.1400,405.2800,4.005e-07
met1,323.8400,410.7200,met1,327.2900,410.7200,2.722e-07
met1,323.8400,437.9200,met1,326.1400,437.9200,1.621e-06
met1,323.8400,465.1200,met1,327.7500,465.1200,1.401e-06
met1,324.0700,89.7600,met1,327.5200,89.7600,1.515e-06
met1,324.0700,176.8000,met1,327.7500,176.8000,2.882e-08
met1,324.0700,459.6800,met1,325.9100,459.6800,1.228e-06
met1,324.3000,62.5600,met1,327.7500,62.5600,4.316e-07
met1,324.3000,127.8400,met1,327.7500,127.8400,1.507e-06
met1,324.3000,138.7200,met1,326.1400,138.7200,1.446e-06
met1,324.3000,155.0400,met1,327.7500,155.0400,1.291e-06
met1,324.5300,13.6000,met1,327.7500,13.6000,2.348e-06
met1,324.5300,46.2400,met1,327.7500,46.2400,1.547e-06
met1,324.5300,394.4000,met1,327.7500,394.4000,1.608e-07
met1,324.5300,470.5600,met1,327.7500,470.5600,8.618e-07
met1,324.7600,171.3600,met1,327.7500,171.3600,1.192e-06
met1,324.7600,454.2400,met1,326.6000,454.2400,3.307e-07
met1,324.9900,187.6800,met1,327.7500,187.6800,1.114e-06
met1,324.9900,225.7600,met1,327.7500,225.7600,7.406e-07
met1,324.9900,307.3600,met1,327.7500,307.3600,1.744e-06
met1,324.9900,388.9600,met1,327.7500,388.9600,4.829e-07
met1,324.9900,399.8400,met1,327.7500,399.8400,4.122e-07
met1,325.2200,144.1600,met1,327.7500,144.1600,1.264e-06
met1,325.2200,367.2000,met1,327.5200,367.2000,1.086e-06
met1,325.4500,296.4800,met1,327.7500,296.4800,1.485e-07
met1,325.6800,19.0400,met1,327.7500,19.0400,7.471e-07
met1,325.6800,149.6000,met1,327.7500,149.6000,6.194e-07
met1,325.6800,193.1200,met1,327.7500,193.1200,1.010e-06
met1,325.6800,312.8000,met1,327.7500,312.8000,6.265e-07
met1,325.9100,24.4800,met1,327.7500,24.4800,2.311e-06
met1,325.9100,35.3600,met1,327.7500,35.3600,1.698e-06
met1,325.9100,51.6800,met1,327.7500,51.6800,1.379e-06
met1,325.9100,100.6400,met1,327.7500,100.6400,1.474e-06
met1,325.9100,122.4000,met1,327.7500,122.4000,1.393e-06
met1,325.9100,160.4800,met1,327.7500,160.4800,1.374e-06
met1,325.9100,214.8800,met1,327.7500,214.8800,8.596e-07
met1,325.9100,291.0400,met1,327.7500,291.0400,2.999e-07
met1,325.9100,356.3200,met1,327.7500,356.3200,1.548e-06
met1,325.9100,416.1600,met1,327.7500,416.1600,7.099e-07
met1,325.9100,459.6800,met1,327.7500,459.6800,1.348e-06
met1,326.1400,95.2000,met1,329.1300,95.2000,1.725e-06
met1,326.1400,138.7200,met1,328.9000,138.7200,1.461e-06
met1,326.1400,334.5600,met1,328.9000,334.5600,8.489e-07
met1,326.1400,345.4400,met1,329.3600,345.4400,5.904e-07
met1,326.1400,405.2800,met1,328.6700,405.2800,4.159e-07
met1,326.1400,437.9200,met1,328.6700,437.9200,1.632e-06
met1,326.3700,323.6800,met1,329.8200,323.6800,6.831e-07
met1,326.3700,372.6400,met1,330.0500,372.6400,6.338e-07
met1,326.6000,40.8000,met1,333.0400,40.8000,4.082e-07
met1,326.6000,78.8800,met1,329.3600,78.8800,8.078e-07
met1,326.6000,361.7600,met1,337.4100,361.7600,1.081e-06
met1,326.6000,443.3600,met1,328.9000,443.3600,1.604e-06
met1,326.6000,448.8000,met1,336.9500,448.8000,5.965e-07
met1,326.6000,454.2400,met1,330.5100,454.2400,4.844e-07
met1,327.0600,133.2800,met1,333.0400,133.2800,1.583e-06
met1,327.0600,165.9200,met1,331.4300,165.9200,1.321e-06
met1,327.0600,198.5600,met1,336.9500,198.5600,1.109e-06
met1,327.2900,410.7200,met1,332.1200,410.7200,3.578e-07
met1,327.5200,89.7600,met1,329.5900,89.7600,1.537e-06
met1,327.5200,231.2000,met1,334.6500,231.2000,1.243e-06
met1,327.5200,367.2000,met1,329.3600,367.2000,1.075e-06
met1,327.5200,432.4800,met1,337.8700,432.4800,5.320e-07
met1,327.7500,13.6000,met1,337.6400,13.6000,2.348e-06
met1,327.7500,19.0400,met1,335.5700,19.0400,7.475e-07
met1,327.7500,24.4800,met1,330.7400,24.4800,2.314e-06
met1,327.7500,29.9200,met1,337.6400,29.9200,4.023e-07
met1,327.7500,35.3600,met1,338.3300,35.3600,1.758e-06
met1,327.7500,46.2400,met1,329.8200,46.2400,1.554e-06
met1,327.7500,51.6800,met1,330.7400,51.6800,1.389e-06
met1,327.7500,57.1200,met1,331.2000,57.1200,1.724e-06
met1,327.7500,62.5600,met1,331.6600,62.5600,4.449e-07
met1,327.7500,68.0000,met1,329.5900,68.0000,1.807e-06
met1,327.7500,73.4400,met1,332.8100,73.4400,1.447e-06
met1,327.7500,84.3200,met1,340.1700,84.3200,1.647e-06
met1,327.7500,100.6400,met1,329.5900,100.6400,1.474e-06
met1,327.7500,106.0800,met1,330.0500,106.0800,1.453e-06
met1,327.7500,111.5200,met1,330.9700,111.5200,1.547e-06
met1,327.7500,116.9600,met1,330.0500,116.9600,1.225e-06
met1,327.7500,122.4000,met1,329.8200,122.4000,1.400e-06
met1,327.7500,127.8400,met1,334.6500,127.8400,1.507e-06
met1,327.7500,144.1600,met1,337.6400,144.1600,1.264e-06
met1,327.7500,149.6000,met1,331.6600,149.6000,6.194e-07
met1,327.7500,155.0400,met1,333.0400,155.0400,1.291e-06
met1,327.7500,160.4800,met1,336.9500,160.4800,1.381e-06
met1,327.7500,171.3600,met1,339.9400,171.3600,1.192e-06
met1,327.7500,176.8000,met1,329.8200,176.8000,7.616e-08
met1,327.7500,182.2400,met1,339.7100,182.2400,1.111e-06
met1,327.7500,187.6800,met1,330.5100,187.6800,1.114e-06
met1,327.7500,193.1200,met1,332.5800,193.1200,1.010e-06
met1,327.7500,204.0000,met1,333.7300,204.0000,9.600e-07
met1,327.7500,209.4400,met1,330.0500,209.4400,6.690e-07
met1,327.7500,214.8800,met1,329.5900,214.8800,8.596e-07
met1,327.7500,220.3200,met1,331.4300,220.3200,9.985e-07
met1,327.7500,225.7600,met1,334.1900,225.7600,7.406e-07
met1,327.7500,236.6400,met1,335.1100,236.6400,5.042e-07
met1,327.7500,242.0800,met1,334.1900,242.0800,3.765e-07
met1,327.7500,247.5200,met1,332.3500,247.5200,1.220e-06
met1,327.7500,252.9600,met1,336.4900,252.9600,4.931e-07
met1,327.7500,258.4000,met1,330.9700,258.4000,6.231e-07
met1,327.7500,263.8400,met1,334.1900,263.8400,5.096e-07
met1,327.7500,269.2800,met1,330.0500,269.2800,5.173e-07
met1,327.7500,274.7200,met1,333.2700,274.7200,5.196e-08
met1,327.7500,280.1600,met1,330.0500,280.1600,1.833e-07
met1,327.7500,285.6000,met1,330.7400,285.6000,3.528e-07
met1,327.7500,291.0400,met1,330.5100,291.0400,2.999e-07
met1,327.7500,296.4800,met1,334.1900,296.4800,1.485e-07
met1,327.7500,301.9200,met1,329.5900,301.9200,5.981e-07
met1,327.7500,307.3600,met1,329.5900,307.3600,1.744e-06
met1,327.7500,312.8000,met1,334.4200,312.8000,6.265e-07
met1,327.7500,318.2400,met1,330.5100,318.2400,1.732e-06
met1,327.7500,329.1200,met1,335.3400,329.1200,9.871e-07
met1,327.7500,340.0000,met1,332.1200,340.0000,1.217e-06
met1,327.7500,350.8800,met1,336.0300,350.8800,1.226e-06
met1,327.7500,356.3200,met1,330.0500,356.3200,1.540e-06
met1,327.7500,378.0800,met1,330.2800,378.0800,5.149e-07
met1,327.7500,383.5200,met1,332.1200,383.5200,3.779e-07
met1,327.7500,388.9600,met1,335.5700,388.9600,4.759e-07
met1,327.7500,394.4000,met1,332.8100,394.4000,1.608e-07
met1,327.7500,399.8400,met1,334.6500,399.8400,4.122e-07
met1,327.7500,416.1600,met1,330.0500,416.1600,7.099e-07
met1,327.7500,421.6000,met1,330.5100,421.6000,2.539e-07
met1,327.7500,427.0400,met1,329.8200,427.0400,8.871e-07
met1,327.7500,459.6800,met1,341.5500,459.6800,1.348e-06
met1,327.7500,465.1200,met1,330.0500,465.1200,1.401e-06
met1,327.7500,470.5600,met1,336.2600,470.5600,8.618e-07
met1,328.6700,405.2800,met1,331.8900,405.2800,4.277e-07
met1,328.6700,437.9200,met1,337.4100,437.9200,1.695e-06
met1,328.9000,138.7200,met1,335.5700,138.7200,1.470e-06
met1,328.9000,334.5600,met1,330.7400,334.5600,8.485e-07
met1,328.9000,443.3600,met1,330.7400,443.3600,1.604e-06
met1,329.1300,95.2000,met1,335.1100,95.2000,1.725e-06
met1,329.3600,78.8800,met1,334.1900,78.8800,1.949e-06
met1,329.3600,345.4400,met1,331.8900,345.4400,5.830e-07
met1,329.3600,367.2000,met1,331.2000,367.2000,1.073e-06
met1,329.5900,68.0000,met1,332.8100,68.0000,1.924e-06
met1,329.5900,89.7600,met1,333.5000,89.7600,1.761e-06
met1,329.5900,100.6400,met1,333.5000,100.6400,1.597e-06
met1,329.5900,214.8800,met1,339.7100,214.8800,9.282e-07
met1,329.5900,301.9200,met1,331.6600,301.9200,5.862e-07
met1,329.5900,307.3600,met1,335.3400,307.3600,1.697e-06
met1,329.8200,46.2400,met1,339.2500,46.2400,1.554e-06
met1,329.8200,122.4000,met1,332.3500,122.4000,1.430e-06
met1,329.8200,176.8000,met1,333.0400,176.8000,1.218e-06
met1,329.8200,323.6800,met1,331.8900,323.6800,6.603e-07
met1,329.8200,427.0400,met1,332.5800,427.0400,8.990e-07
met1,330.0500,106.0800,met1,332.5800,106.0800,1.604e-06
met1,330.0500,116.9600,met1,332.8100,116.9600,1.337e-06
met1,330.0500,209.4400,met1,333.7300,209.4400,7.394e-07
met1,330.0500,269.2800,met1,332.1200,269.2800,5.173e-07
met1,330.0500,280.1600,met1,333.2700,280.1600,1.862e-07
met1,330.0500,356.3200,met1,334.8800,356.3200,1.533e-06
met1,330.0500,372.6400,met1,336.7200,372.6400,6.273e-07
met1,330.0500,416.1600,met1,333.2700,416.1600,8.635e-07
met1,330.0500,465.1200,met1,333.7300,465.1200,1.417e-06
met1,330.2800,378.0800,met1,332.5800,378.0800,5.147e-07
met1,330.5100,187.6800,met1,332.8100,187.6800,1.151e-06
met1,330.5100,291.0400,met1,333.7300,291.0400,2.644e-07
met1,330.5100,318.2400,met1,335.3400,318.2400,1.719e-06
met1,330.5100,421.6000,met1,337.6400,421.6000,9.289e-07
met1,330.5100,454.2400,met1,336.9500,454.2400,1.629e-06
met1,330.7400,24.4800,met1,339.0200,24.4800,2.321e-06
met1,330.7400,51.6800,met1,333.2700,51.6800,1.389e-06
met1,330.7400,285.6000,met1,333.5000,285.6000,3.618e-07
met1,330.7400,334.5600,met1,337.4100,334.5600,8.453e-07
met1,330.7400,443.3600,met1,339.9400,443.3600,1.608e-06
met1,330.9700,111.5200,met1,336.9500,111.5200,1.584e-06
met1,330.9700,258.4000,met1,334.1900,258.4000,6.754e-07
met1,331.2000,57.1200,met1,339.7100,57.1200,1.753e-06
met1,331.2000,367.2000,met1,335.1100,367.2000,1.066e-06
met1,331.4300,165.9200,met1,333.7300,165.9200,1.326e-06
met1,331.4300,220.3200,met1,335.5700,220.3200,1.033e-06
met1,331.6600,62.5600,met1,333.5000,62.5600,1.577e-06
met1,331.6600,149.6000,met1,338.1000,149.6000,1.760e-06
met1,331.6600,301.9200,met1,333.9600,301.9200,5.729e-07
met1,331.8900,323.6800,met1,341.5500,323.6800,5.914e-07
met1,331.8900,345.4400,met1,336.0300,345.4400,5.775e-07
met1,331.8900,405.2800,met1,338.1000,405.2800,4.752e-07
met1,332.1200,269.2800,met1,339.0200,269.2800,5.460e-07
met1,332.1200,340.0000,met1,340.6300,340.0000,1.205e-06
met1,332.1200,383.5200,met1,333.9600,383.5200,3.755e-07
met1,332.1200,410.7200,met1,335.3400,410.7200,3.854e-07
met1,332.3500,122.4000,met1,336.0300,122.4000,1.441e-06
met1,332.3500,247.5200,met1,334.1900,247.5200,1.224e-06
met1,332.5800,106.0800,met1,334.8800,106.0800,1.611e-06
met1,332.5800,193.1200,met1,337.6400,193.1200,1.013e-06
met1,332.5800,378.0800,met1,334.6500,378.0800,5.122e-07
met1,332.5800,427.0400,met1,337.6400,427.0400,9.097e-07
met1,332.8100,68.0000,met1,341.5500,68.0000,2.058e-06
met1,332.8100,73.4400,met1,337.8700,73.4400,1.794e-06
met1,332.8100,116.9600,met1,336.9500,116.9600,1.354e-06
met1,332.8100,187.6800,met1,336.0300,187.6800,1.166e-06
met1,332.8100,394.4000,met1,334.8800,394.4000,1.608e-07
met1,333.0400,40.8000,met1,335.5700,40.8000,1.731e-06
met1,333.0400,133.2800,met1,335.3400,133.2800,1.591e-06
met1,333.0400,155.0400,met1,335.3400,155.0400,1.295e-06
met1,333.0400,176.8000,met1,338.3300,176.8000,1.220e-06
met1,333.2700,51.6800,met1,340.4000,51.6800,1.389e-06
met1,333.2700,274.7200,met1,339.7100,274.7200,2.513e-10
met1,333.2700,280.1600,met1,336.0300,280.1600,1.942e-07
met1,333.2700,416.1600,met1,336.4900,416.1600,9.406e-07
met1,333.5000,62.5600,met1,339.0200,62.5600,1.591e-06
met1,333.5000,89.7600,met1,336.2600,89.7600,1.777e-06
met1,333.5000,100.6400,met1,341.5500,100.6400,1.639e-06
met1,333.5000,285.6000,met1,336.9500,285.6000,3.664e-07
met1,333.7300,165.9200,met1,335.8000,165.9200,1.331e-06
met1,333.7300,204.0000,met1,336.4900,204.0000,9.749e-07
met1,333.7300,209.4400,met1,337.1800,209.4400,7.543e-07
met1,333.7300,291.0400,met1,336.7200,291.0400,2.495e-07
met1,333.7300,465.1200,met1,336.0300,465.1200,1.421e-06
met1,333.9600,301.9200,met1,341.5500,301.9200,5.488e-07
met1,333.9600,383.5200,met1,341.5500,383.5200,3.616e-07
met1,334.1900,78.8800,met1,336.7200,78.8800,1.953e-06
met1,334.1900,225.7600,met1,341.5500,225.7600,7.780e-07
met1,334.1900,242.0800,met1,336.9500,242.0800,4.136e-07
met1,334.1900,247.5200,met1,338.3300,247.5200,1.259e-06
met1,334.1900,258.4000,met1,340.1700,258.4000,6.903e-07
met1,334.1900,263.8400,met1,337.6400,263.8400,5.245e-07
met1,334.1900,296.4800,met1,341.5500,296.4800,2.081e-07
met1,334.4200,312.8000,met1,337.6400,312.8000,6.117e-07
met1,334.6500,127.8400,met1,337.6400,127.8400,1.516e-06
met1,334.6500,231.2000,met1,337.8700,231.2000,1.291e-06
met1,334.6500,378.0800,met1,337.8700,378.0800,4.656e-07
met1,334.6500,399.8400,met1,336.9500,399.8400,4.130e-07
met1,334.8800,106.0800,met1,336.7200,106.0800,1.654e-06
met1,334.8800,356.3200,met1,339.4800,356.3200,4.031e-07
met1,334.8800,394.4000,met1,339.4800,394.4000,1.523e-07
met1,335.1100,95.2000,met1,337.4100,95.2000,1.732e-06
met1,335.1100,236.6400,met1,338.3300,236.6400,5.389e-07
met1,335.1100,367.2000,met1,338.3300,367.2000,1.053e-06
met1,335.3400,133.2800,met1,337.8700,133.2800,1.594e-06
met1,335.3400,155.0400,met1,337.4100,155.0400,1.295e-06
met1,335.3400,307.3600,met1,339.9400,307.3600,5.220e-07
met1,335.3400,318.2400,met1,341.5500,318.2400,5.353e-07
met1,335.3400,329.1200,met1,337.8700,329.1200,9.871e-07
met1,335.3400,410.7200,met1,338.7900,410.7200,4.031e-07
met1,335.5700,19.0400,met1,338.5600,19.0400,7.533e-07
met1,335.5700,40.8000,met1,337.6400,40.8000,1.731e-06
met1,335.5700,138.7200,met1,337.6400,138.7200,1.472e-06
met1,335.5700,220.3200,met1,340.4000,220.3200,1.063e-06
met1,335.5700,388.9600,met1,338.7900,388.9600,4.706e-07
met1,335.8000,165.9200,met1,341.5500,165.9200,1.331e-06
met1,336.0300,122.4000,met1,338.3300,122.4000,1.461e-06
met1,336.0300,187.6800,met1,339.2500,187.6800,1.203e-06
met1,336.0300,280.1600,met1,339.2500,280.1600,2.017e-07
met1,336.0300,345.4400,met1,339.0200,345.4400,5.681e-07
met1,336.0300,350.8800,met1,341.5500,350.8800,1.192e-06
met1,336.0300,465.1200,met1,338.3300,465.1200,1.441e-06
met1,336.2600,89.7600,met1,338.5600,89.7600,1.779e-06
met1,336.2600,470.5600,met1,341.5500,470.5600,1.993e-06
met1,336.4900,204.0000,met1,338.3300,204.0000,9.898e-07
met1,336.4900,252.9600,met1,341.5500,252.9600,5.228e-07
met1,336.4900,416.1600,met1,341.5500,416.1600,1.116e-06
met1,336.7200,78.8800,met1,338.5600,78.8800,1.964e-06
met1,336.7200,106.0800,met1,339.0200,106.0800,1.665e-06
met1,336.7200,291.0400,met1,338.5600,291.0400,2.285e-07
met1,336.7200,372.6400,met1,338.7900,372.6400,6.209e-07
met1,336.9500,111.5200,met1,341.5500,111.5200,1.702e-06
met1,336.9500,116.9600,met1,341.5500,116.9600,1.424e-06
met1,336.9500,160.4800,met1,340.8600,160.4800,1.399e-06
met1,336.9500,198.5600,met1,339.0200,198.5600,1.109e-06
met1,336.9500,242.0800,met1,340.4000,242.0800,4.286e-07
met1,336.9500,285.6000,met1,339.7100,285.6000,3.790e-07
met1,336.9500,399.8400,met1,340.6300,399.8400,4.313e-07
met1,336.9500,448.8000,met1,339.4800,448.8000,7.375e-07
met1,336.9500,454.2400,met1,341.5500,454.2400,1.658e-06
met1,337.1800,209.4400,met1,339.2500,209.4400,7.544e-07
met1,337.4100,95.2000,met1,341.5500,95.2000,1.877e-06
met1,337.4100,155.0400,met1,341.5500,155.0400,1.332e-06
met1,337.4100,334.5600,met1,339.7100,334.5600,8.414e-07
met1,337.4100,361.7600,met1,341.5500,361.7600,1.046e-06
met1,337.4100,437.9200,met1,339.7100,437.9200,1.698e-06
met1,337.6400,13.6000,met1,339.7100,13.6000,2.358e-06
met1,337.6400,29.9200,met1,340.4000,29.9200,1.576e-06
met1,337.6400,40.8000,met1,340.4000,40.8000,2.897e-06
met1,337.6400,127.8400,met1,340.1700,127.8400,1.521e-06
met1,337.6400,138.7200,met1,340.1700,138.7200,1.481e-06
met1,337.6400,144.1600,met1,339.7100,144.1600,1.268e-06
met1,337.6400,193.1200,met1,339.4800,193.1200,1.016e-06
met1,337.6400,263.8400,met1,339.7100,263.8400,5.274e-07
met1,337.6400,312.8000,met1,340.4000,312.8000,6.010e-07
met1,337.6400,421.6000,met1,340.4000,421.6000,9.381e-07
met1,337.6400,427.0400,met1,341.5500,427.0400,9.572e-07
met1,337.8700,73.4400,met1,340.6300,73.4400,1.803e-06
met1,337.8700,133.2800,met1,341.5500,133.2800,1.613e-06
met1,337.8700,231.2000,met1,341.5500,231.2000,1.340e-06
met1,337.8700,329.1200,met1,340.4000,329.1200,9.870e-07
met1,337.8700,378.0800,met1,341.5500,378.0800,4.360e-07
met1,337.8700,432.4800,met1,341.5500,432.4800,1.678e-06
met1,338.1000,149.6000,met1,341.5500,149.6000,1.792e-06
met1,338.1000,405.2800,met1,340.6300,405.2800,4.887e-07
met1,338.3300,35.3600,met1,340.6300,35.3600,1.761e-06
met1,338.3300,122.4000,met1,340.8600,122.4000,1.511e-06
met1,338.3300,176.8000,met1,341.5500,176.8000,1.260e-06
met1,338.3300,204.0000,met1,341.5500,204.0000,1.051e-06
met1,338.3300,236.6400,met1,341.5500,236.6400,5.893e-07
met1,338.3300,247.5200,met1,341.5500,247.5200,1.274e-06
met1,338.3300,367.2000,met1,341.5500,367.2000,1.002e-06
met1,338.3300,465.1200,met1,341.5500,465.1200,1.496e-06
met1,338.5600,19.0400,met1,340.4000,19.0400,7.533e-07
met1,338.5600,78.8800,met1,341.5500,78.8800,3.096e-06
met1,338.5600,89.7600,met1,341.5500,89.7600,1.795e-06
met1,338.5600,291.0400,met1,341.5500,291.0400,2.156e-07
met1,338.7900,372.6400,met1,341.5500,372.6400,5.866e-07
met1,338.7900,388.9600,met1,341.5500,388.9600,4.475e-07
met1,338.7900,410.7200,met1,341.5500,410.7200,4.673e-07
met1,339.0200,24.4800,met1,341.5500,24.4800,2.334e-06
met1,339.0200,62.5600,met1,341.5500,62.5600,2.769e-06
met1,339.0200,106.0800,met1,341.5500,106.0800,1.844e-06
met1,339.0200,198.5600,met1,341.5500,198.5600,1.114e-06
met1,339.0200,269.2800,met1,341.5500,269.2800,5.464e-07
met1,339.0200,345.4400,met1,341.5500,345.4400,5.363e-07
met1,339.2500,46.2400,met1,341.5500,46.2400,1.574e-06
met1,339.2500,187.6800,met1,341.5500,187.6800,1.228e-06
met1,339.2500,209.4400,met1,341.5500,209.4400,7.621e-07
met1,339.2500,280.1600,met1,341.5500,280.1600,2.369e-07
met1,339.4800,193.1200,met1,341.5500,193.1200,1.019e-06
met1,339.4800,356.3200,met1,341.3200,356.3200,3.953e-07
met1,339.4800,394.4000,met1,341.5500,394.4000,1.154e-07
met1,339.4800,448.8000,met1,341.5500,448.8000,1.393e-06
met1,339.7100,13.6000,met1,341.5500,13.6000,2.358e-06
met1,339.7100,57.1200,met1,341.5500,57.1200,1.757e-06
met1,339.7100,144.1600,met1,341.5500,144.1600,1.277e-06
met1,339.7100,182.2400,met1,341.5500,182.2400,1.160e-06
met1,339.7100,214.8800,met1,341.5500,214.8800,9.431e-07
met1,339.7100,263.8400,met1,341.5500,263.8400,5.371e-07
met1,339.7100,274.7200,met1,341.5500,274.7200,1.467e-08
met1,339.7100,285.6000,met1,341.5500,285.6000,3.878e-07
met1,339.7100,334.5600,met1,341.5500,334.5600,8.414e-07
met1,339.7100,437.9200,met1,341.5500,437.9200,1.717e-06
met1,339.9400,171.3600,met1,342.9300,171.3600,1.199e-06
met1,339.9400,307.3600,met1,343.3900,307.3600,5.129e-07
met1,339.9400,443.3600,met1,342.2400,443.3600,1.613e-06
met1,340.1700,84.3200,met1,343.1600,84.3200,1.663e-06
met1,340.1700,127.8400,met1,342.7000,127.8400,1.547e-06
met1,340.1700,138.7200,met1,342.7000,138.7200,1.487e-06
met1,340.1700,258.4000,met1,343.3900,258.4000,7.052e-07
met1,340.4000,19.0400,met1,342.4700,19.0400,1.861e-06
met1,340.4000,29.9200,met1,349.8300,29.9200,1.586e-06
met1,340.4000,40.8000,met1,343.6200,40.8000,2.912e-06
met1,340.4000,51.6800,met1,346.8400,51.6800,1.390e-06
met1,340.4000,220.3200,met1,342.9300,220.3200,1.069e-06
met1,340.4000,242.0800,met1,343.1600,242.0800,4.314e-07
met1,340.4000,312.8000,met1,355.3500,312.8000,5.904e-07
met1,340.4000,329.1200,met1,343.1600,329.1200,1.241e-07
met1,340.4000,421.6000,met1,342.4700,421.6000,9.418e-07
met1,340.6300,35.3600,met1,346.3800,35.3600,1.786e-06
met1,340.6300,73.4400,met1,343.6200,73.4400,1.820e-06
met1,340.6300,340.0000,met1,344.0800,340.0000,1.191e-06
met1,340.6300,399.8400,met1,348.9100,399.8400,4.477e-07
met1,340.6300,405.2800,met1,345.4600,405.2800,5.348e-07
met1,340.8600,122.4000,met1,345.2300,122.4000,1.527e-06
met1,340.8600,160.4800,met1,344.3100,160.4800,1.404e-06
met1,341.3200,356.3200,met1,343.1600,356.3200,3.805e-07
met1,341.5500,13.6000,met1,350.0600,13.6000,2.362e-06
met1,341.5500,24.4800,met1,355.3500,24.4800,2.334e-06
met1,341.5500,46.2400,met1,353.9700,46.2400,1.589e-06
met1,341.5500,57.1200,met1,343.8500,57.1200,1.765e-06
met1,341.5500,62.5600,met1,349.1400,62.5600,2.769e-06
met1,341.5500,68.0000,met1,343.6200,68.0000,2.058e-06
met1,341.5500,78.8800,met1,355.3500,78.8800,3.096e-06
met1,341.5500,89.7600,met1,350.5200,89.7600,1.795e-06
met1,341.5500,95.2000,met1,343.3900,95.2000,1.877e-06
met1,341.5500,100.6400,met1,347.5300,100.6400,1.987e-06
met1,341.5500,106.0800,met1,353.2800,106.0800,1.844e-06
met1,341.5500,111.5200,met1,347.9900,111.5200,1.702e-06
met1,341.5500,116.9600,met1,343.3900,116.9600,1.424e-06
met1,341.5500,133.2800,met1,350.9800,133.2800,1.613e-06
met1,341.5500,144.1600,met1,343.3900,144.1600,1.277e-06
met1,341.5500,149.6000,met1,344.0800,149.6000,1.792e-06
met1,341.5500,155.0400,met1,343.3900,155.0400,1.332e-06
met1,341.5500,165.9200,met1,344.7700,165.9200,1.331e-06
met1,341.5500,176.8000,met1,343.8500,176.8000,1.260e-06
met1,341.5500,182.2400,met1,352.1300,182.2400,1.160e-06
met1,341.5500,187.6800,met1,343.8500,187.6800,1.233e-06
met1,341.5500,193.1200,met1,344.3100,193.1200,1.019e-06
met1,341.5500,198.5600,met1,353.5100,198.5600,1.119e-06
met1,341.5500,204.0000,met1,344.0800,204.0000,1.051e-06
met1,341.5500,209.4400,met1,345.2300,209.4400,7.621e-07
met1,341.5500,214.8800,met1,343.3900,214.8800,9.805e-07
met1,341.5500,225.7600,met1,346.6100,225.7600,7.834e-07
met1,341.5500,231.2000,met1,347.3000,231.2000,1.340e-06
met1,341.5500,236.6400,met1,352.1300,236.6400,6.042e-07
met1,341.5500,247.5200,met1,344.3100,247.5200,1.281e-06
met1,341.5500,252.9600,met1,344.3100,252.9600,5.228e-07
met1,341.5500,263.8400,met1,343.6200,263.8400,5.455e-07
met1,341.5500,269.2800,met1,345.9200,269.2800,5.464e-07
met1,341.5500,274.7200,met1,351.2100,274.7200,1.467e-08
met1,341.5500,280.1600,met1,350.2900,280.1600,2.798e-07
met1,341.5500,285.6000,met1,347.0700,285.6000,3.878e-07
met1,341.5500,291.0400,met1,343.8500,291.0400,1.660e-07
met1,341.5500,296.4800,met1,345.6900,296.4800,2.081e-07
met1,341.5500,301.9200,met1,345.0000,301.9200,5.451e-07
met1,341.5500,318.2400,met1,344.7700,318.2400,5.261e-07
met1,341.5500,323.6800,met1,346.8400,323.6800,5.914e-07
met1,341.5500,334.5600,met1,343.6200,334.5600,8.414e-07
met1,341.5500,345.4400,met1,344.0800,345.4400,4.822e-07
met1,341.5500,350.8800,met1,345.2300,350.8800,1.185e-06
met1,341.5500,361.7600,met1,346.3800,361.7600,1.046e-06
met1,341.5500,367.2000,met1,349.6000,367.2000,1.002e-06
met1,341.5500,372.6400,met1,347.7600,372.6400,5.866e-07
met1,341.5500,378.0800,met1,345.4600,378.0800,3.914e-07
met1,341.5500,383.5200,met1,344.7700,383.5200,3.616e-07
met1,341.5500,388.9600,met1,349.1400,388.9600,4.475e-07
met1,341.5500,394.4000,met1,343.3900,394.4000,1.154e-07
met1,341.5500,410.7200,met1,343.3900,410.7200,4.673e-07
met1,341.5500,416.1600,met1,343.3900,416.1600,1.116e-06
met1,341.5500,427.0400,met1,345.4600,427.0400,9.572e-07
met1,341.5500,432.4800,met1,354.2000,432.4800,1.678e-06
met1,341.5500,437.9200,met1,343.3900,437.9200,1.717e-06
met1,341.5500,448.8000,met1,348.6800,448.8000,1.397e-06
met1,341.5500,454.2400,met1,355.3500,454.2400,2.765e-06
met1,341.5500,459.6800,met1,345.4600,459.6800,1.358e-06
met1,341.5500,465.1200,met1,343.3900,465.1200,1.496e-06
met1,341.5500,470.5600,met1,355.3500,470.5600,2.034e-06
met1,342.2400,443.3600,met1,344.0800,443.3600,1.616e-06
met1,342.4700,19.0400,met1,346.6100,19.0400,1.868e-06
met1,342.4700,421.6000,met1,345.9200,421.6000,9.527e-07
met1,342.7000,127.8400,met1,350.2900,127.8400,1.621e-06
met1,342.7000,138.7200,met1,345.2300,138.7200,1.521e-06
met1,342.9300,171.3600,met1,347.9900,171.3600,1.245e-06
met1,342.9300,220.3200,met1,355.3500,220.3200,1.077e-06
met1,343.1600,84.3200,met1,345.9200,84.3200,1.710e-06
met1,343.1600,242.0800,met1,345.2300,242.0800,4.388e-07
met1,343.1600,329.1200,met1,355.1200,329.1200,1.246e-07
met1,343.1600,356.3200,met1,345.9200,356.3200,3.795e-07
met1,343.3900,95.2000,met1,346.8400,95.2000,2.026e-06
met1,343.3900,116.9600,met1,346.8400,116.9600,1.488e-06
met1,343.3900,144.1600,met1,347.5300,144.1600,1.292e-06
met1,343.3900,155.0400,met1,348.6800,155.0400,1.348e-06
met1,343.3900,214.8800,met1,346.6100,214.8800,9.954e-07
met1,343.3900,258.4000,met1,345.6900,258.4000,7.511e-07
met1,343.3900,307.3600,met1,347.7600,307.3600,5.979e-07
met1,343.3900,394.4000,met1,353.0500,394.4000,5.759e-08
met1,343.3900,410.7200,met1,347.3000,410.7200,5.574e-07
met1,343.3900,416.1600,met1,355.3500,416.1600,1.126e-06
met1,343.3900,437.9200,met1,349.3700,437.9200,1.741e-06
met1,343.3900,465.1200,met1,353.7400,465.1200,2.641e-06
met1,343.6200,40.8000,met1,355.3500,40.8000,2.936e-06
met1,343.6200,68.0000,met1,347.7600,68.0000,2.058e-06
met1,343.6200,73.4400,met1,348.4500,73.4400,1.847e-06
met1,343.6200,263.8400,met1,349.3700,263.8400,5.570e-07
met1,343.6200,334.5600,met1,348.9100,334.5600,8.414e-07
met1,343.8500,57.1200,met1,346.1500,57.1200,1.765e-06
met1,343.8500,176.8000,met1,354.2000,176.8000,1.273e-06
met1,343.8500,187.6800,met1,347.3000,187.6800,1.246e-06
met1,343.8500,291.0400,met1,345.9200,291.0400,1.433e-07
met1,344.0800,149.6000,met1,347.5300,149.6000,1.817e-06
met1,344.0800,204.0000,met1,346.6100,204.0000,1.061e-06
met1,344.0800,340.0000,met1,355.3500,340.0000,6.093e-08
met1,344.0800,345.4400,met1,354.6600,345.4400,4.663e-07
met1,344.0800,443.3600,met1,348.2200,443.3600,1.625e-06
met1,344.3100,160.4800,met1,346.1500,160.4800,1.421e-06
met1,344.3100,193.1200,met1,346.6100,193.1200,1.030e-06
met1,344.3100,247.5200,met1,347.3000,247.5200,1.307e-06
met1,344.3100,252.9600,met1,350.7500,252.9600,5.244e-07
met1,344.7700,165.9200,met1,351.2100,165.9200,1.333e-06
met1,344.7700,318.2400,met1,347.0700,318.2400,5.261e-07
met1,344.7700,383.5200,met1,348.2200,383.5200,3.575e-07
met1,345.0000,301.9200,met1,347.7600,301.9200,5.451e-07
met1,345.2300,122.4000,met1,348.6800,122.4000,1.598e-06
met1,345.2300,138.7200,met1,355.3500,138.7200,1.571e-06
met1,345.2300,209.4400,met1,347.9900,209.4400,7.973e-07
met1,345.2300,242.0800,met1,348.4500,242.0800,4.474e-07
met1,345.2300,350.8800,met1,348.6800,350.8800,1.150e-06
met1,345.4600,378.0800,met1,351.6700,378.0800,7.820e-07
met1,345.4600,405.2800,met1,349.8300,405.2800,6.158e-07
met1,345.4600,427.0400,met1,355.3500,427.0400,2.064e-06
met1,345.4600,459.6800,met1,352.8200,459.6800,1.360e-06
met1,345.6900,258.4000,met1,351.2100,258.4000,8.028e-07
met1,345.6900,296.4800,met1,353.2800,296.4800,2.120e-07
met1,345.9200,84.3200,met1,354.2000,84.3200,2.852e-06
met1,345.9200,269.2800,met1,350.5200,269.2800,6.217e-07
met1,345.9200,291.0400,met1,349.1400,291.0400,9.634e-07
met1,345.9200,356.3200,met1,354.2000,356.3200,3.283e-07
met1,345.9200,421.6000,met1,347.7600,421.6000,9.755e-07
met1,346.1500,57.1200,met1,349.1400,57.1200,1.820e-06
met1,346.1500,160.4800,met1,349.1400,160.4800,1.490e-06
met1,346.3800,35.3600,met1,350.9800,35.3600,1.833e-06
met1,346.3800,361.7600,met1,355.3500,361.7600,8.268e-08
met1,346.6100,19.0400,met1,348.6800,19.0400,1.874e-06
met1,346.6100,193.1200,met1,355.3500,193.1200,1.041e-06
met1,346.6100,204.0000,met1,349.3700,204.0000,1.073e-06
met1,346.6100,214.8800,met1,353.2800,214.8800,1.010e-06
met1,346.6100,225.7600,met1,349.8300,225.7600,7.953e-07
met1,346.8400,51.6800,met1,352.3600,51.6800,2.521e-06
met1,346.8400,95.2000,met1,352.1300,95.2000,2.044e-06
met1,346.8400,116.9600,met1,349.8300,116.9600,1.515e-06
met1,346.8400,323.6800,met1,348.6800,323.6800,5.914e-07
met1,347.0700,285.6000,met1,351.4400,285.6000,4.492e-07
met1,347.0700,318.2400,met1,349.6000,318.2400,5.149e-07
met1,347.3000,187.6800,met1,352.3600,187.6800,1.320e-06
met1,347.3000,231.2000,met1,350.7500,231.2000,1.366e-06
met1,347.3000,247.5200,met1,353.9700,247.5200,1.353e-06
met1,347.3000,410.7200,met1,350.7500,410.7200,6.018e-07
met1,347.5300,100.6400,met1,349.8300,100.6400,2.014e-06
met1,347.5300,144.1600,met1,350.2900,144.1600,1.314e-06
met1,347.5300,149.6000,met1,354.8900,149.6000,1.867e-06
met1,347.7600,68.0000,met1,350.0600,68.0000,3.236e-06
met1,347.7600,301.9200,met1,355.3500,301.9200,5.384e-07
met1,347.7600,307.3600,met1,349.8300,307.3600,1.467e-06
met1,347.7600,372.6400,met1,350.2900,372.6400,5.770e-07
met1,347.7600,421.6000,met1,354.4300,421.6000,9.755e-07
met1,347.9900,111.5200,met1,349.8300,111.5200,1.790e-06
met1,347.9900,171.3600,met1,351.2100,171.3600,1.293e-06
met1,347.9900,209.4400,met1,355.3500,209.4400,8.251e-07
met1,348.2200,383.5200,met1,352.1300,383.5200,3.565e-07
met1,348.2200,443.3600,met1,355.3500,443.3600,2.509e-06
met1,348.4500,73.4400,met1,355.3500,73.4400,1.849e-06
met1,348.4500,242.0800,met1,354.2000,242.0800,4.870e-07
met1,348.6800,19.0400,met1,350.5200,19.0400,1.877e-06
met1,348.6800,122.4000,met1,352.1300,122.4000,1.634e-06
met1,348.6800,155.0400,met1,352.1300,155.0400,1.373e-06
met1,348.6800,323.6800,met1,350.5200,323.6800,5.876e-07
met1,348.6800,350.8800,met1,352.3600,350.8800,1.139e-06
met1,348.6800,448.8000,met1,350.5200,448.8000,2.358e-06
met1,348.9100,334.5600,met1,352.5900,334.5600,8.198e-07
met1,348.9100,399.8400,met1,355.3500,399.8400,5.128e-07
met1,349.1400,57.1200,met1,351.6700,57.1200,1.850e-06
met1,349.1400,62.5600,met1,355.3500,62.5600,2.770e-06
met1,349.1400,160.4800,met1,353.5100,160.4800,1.503e-06
met1,349.1400,291.0400,met1,351.9000,291.0400,9.634e-07
met1,349.1400,388.9600,met1,355.3500,388.9600,7.137e-07
met1,349.3700,204.0000,met1,352.1300,204.0000,1.124e-06
met1,349.3700,263.8400,met1,355.3500,263.8400,6.260e-07
met1,349.3700,437.9200,met1,352.1300,437.9200,1.745e-06
met1,349.6000,318.2400,met1,352.3600,318.2400,5.094e-07
met1,349.6000,367.2000,met1,351.9000,367.2000,1.735e-07
met1,349.8300,29.9200,met1,351.9000,29.9200,2.465e-06
met1,349.8300,100.6400,met1,355.3500,100.6400,2.025e-06
met1,349.8300,111.5200,met1,352.1300,111.5200,1.952e-06
met1,349.8300,116.9600,met1,352.1300,116.9600,1.592e-06
met1,349.8300,225.7600,met1,354.4300,225.7600,8.211e-07
met1,349.8300,307.3600,met1,352.3600,307.3600,1.477e-06
met1,349.8300,405.2800,met1,353.2800,405.2800,6.862e-07
met1,350.0600,13.6000,met1,355.3500,13.6000,2.372e-06
met1,350.0600,68.0000,met1,355.3500,68.0000,3.236e-06
met1,350.2900,127.8400,met1,353.5100,127.8400,1.681e-06
met1,350.2900,144.1600,met1,354.2000,144.1600,1.395e-06
met1,350.2900,280.1600,met1,353.5100,280.1600,3.577e-07
met1,350.2900,372.6400,met1,355.3500,372.6400,5.731e-07
met1,350.5200,19.0400,met1,355.3500,19.0400,3.008e-06
met1,350.5200,89.7600,met1,353.7400,89.7600,1.800e-06
met1,350.5200,269.2800,met1,355.3500,269.2800,1.801e-06
met1,350.5200,323.6800,met1,355.3500,323.6800,5.770e-07
met1,350.5200,448.8000,met1,352.8200,448.8000,3.302e-06
met1,350.7500,231.2000,met1,355.3500,231.2000,1.397e-06
met1,350.7500,252.9600,met1,355.3500,252.9600,6.058e-07
met1,350.7500,410.7200,met1,353.9700,410.7200,6.886e-07
met1,350.9800,35.3600,met1,355.3500,35.3600,2.962e-06
met1,350.9800,133.2800,met1,353.9700,133.2800,1.632e-06
met1,351.2100,165.9200,met1,354.2000,165.9200,1.358e-06
met1,351.2100,171.3600,met1,355.3500,171.3600,1.360e-06
met1,351.2100,258.4000,met1,353.0500,258.4000,8.397e-07
met1,351.2100,274.7200,met1,355.3500,274.7200,1.898e-08
met1,351.4400,285.6000,met1,355.3500,285.6000,4.904e-07
met1,351.6700,57.1200,met1,355.3500,57.1200,1.850e-06
met1,351.6700,378.0800,met1,353.5100,378.0800,7.898e-07
met1,351.9000,29.9200,met1,353.7400,29.9200,2.476e-06
met1,351.9000,291.0400,met1,353.7400,291.0400,9.734e-07
met1,351.9000,367.2000,met1,355.3500,367.2000,1.737e-07
met1,352.1300,95.2000,met1,355.3500,95.2000,2.237e-06
met1,352.1300,111.5200,met1,354.4300,111.5200,1.981e-06
met1,352.1300,116.9600,met1,355.3500,116.9600,1.670e-06
met1,352.1300,122.4000,met1,354.4300,122.4000,1.645e-06
met1,352.1300,155.0400,met1,355.3500,155.0400,1.404e-06
met1,352.1300,182.2400,met1,355.3500,182.2400,1.291e-06
met1,352.1300,204.0000,met1,353.9700,204.0000,1.166e-06
met1,352.1300,236.6400,met1,355.3500,236.6400,6.558e-07
met1,352.1300,383.5200,met1,354.2000,383.5200,3.265e-07
met1,352.1300,437.9200,met1,353.9700,437.9200,1.761e-06
met1,352.3600,51.6800,met1,354.4300,51.6800,2.533e-06
met1,352.3600,187.6800,met1,355.3500,187.6800,1.338e-06
met1,352.3600,307.3600,met1,355.3500,307.3600,1.485e-06
met1,352.3600,318.2400,met1,354.6600,318.2400,5.094e-07
met1,352.3600,350.8800,met1,354.4300,350.8800,1.082e-06
met1,352.5900,334.5600,met1,355.3500,334.5600,7.656e-07
met1,352.8200,448.8000,met1,355.3500,448.8000,3.954e-06
met1,352.8200,459.6800,met1,355.3500,459.6800,2.524e-06
met1,353.0500,258.4000,met1,354.8900,258.4000,8.760e-07
met1,353.0500,394.4000,met1,355.3500,394.4000,5.267e-08
met1,353.2800,106.0800,met1,355.3500,106.0800,1.949e-06
met1,353.2800,214.8800,met1,355.3500,214.8800,1.011e-06
met1,353.2800,296.4800,met1,355.3500,296.4800,2.160e-07
met1,353.2800,405.2800,met1,355.1200,405.2800,6.999e-07
met1,353.5100,127.8400,met1,355.3500,127.8400,1.752e-06
met1,353.5100,160.4800,met1,355.3500,160.4800,1.530e-06
met1,353.5100,198.5600,met1,355.3500,198.5600,1.175e-06
met1,353.5100,280.1600,met1,355.3500,280.1600,5.850e-07
met1,353.5100,378.0800,met1,355.3500,378.0800,7.995e-07
met1,353.7400,29.9200,met1,356.2700,29.9200,2.485e-06
met1,353.7400,89.7600,met1,355.8100,89.7600,1.811e-06
met1,353.7400,291.0400,met1,358.1200,291.0400,9.877e-07
met1,353.7400,465.1200,met1,356.7300,465.1200,2.649e-06
met1,353.9700,46.2400,met1,357.1900,46.2400,1.599e-06
met1,353.9700,133.2800,met1,357.1900,133.2800,1.711e-06
met1,353.9700,204.0000,met1,358.1100,204.0000,1.179e-06
met1,353.9700,247.5200,met1,356.7300,247.5200,1.459e-06
met1,353.9700,410.7200,met1,357.4200,410.7200,9.451e-07
met1,353.9700,437.9200,met1,356.0400,437.9200,1.767e-06
met1,354.2000,84.3200,met1,357.6500,84.3200,2.853e-06
met1,354.2000,144.1600,met1,356.2700,144.1600,1.417e-06
met1,354.2000,165.9200,met1,356.5000,165.9200,1.373e-06
met1,354.2000,176.8000,met1,356.2700,176.8000,2.423e-06
met1,354.2000,242.0800,met1,356.5000,242.0800,5.343e-07
met1,354.2000,356.3200,met1,358.1200,356.3200,3.281e-07
met1,354.2000,383.5200,met1,356.9600,383.5200,3.256e-07
met1,354.2000,432.4800,met1,358.1200,432.4800,2.784e-06
met1,354.4300,51.6800,met1,358.1200,51.6800,2.536e-06
met1,354.4300,111.5200,met1,358.1200,111.5200,2.035e-06
met1,354.4300,122.4000,met1,357.1900,122.4000,1.765e-06
met1,354.4300,225.7600,met1,357.4200,225.7600,8.833e-07
met1,354.4300,350.8800,met1,356.5000,350.8800,1.058e-06
met1,354.4300,421.6000,met1,356.5000,421.6000,2.120e-06
met1,354.6600,318.2400,met1,358.1200,318.2400,5.989e-07
met1,354.6600,345.4400,met1,358.1200,345.4400,6.640e-07
met1,354.8900,149.6000,met1,356.7300,149.6000,1.891e-06
met1,354.8900,258.4000,met1,357.6500,258.4000,9.304e-07
met1,355.1200,329.1200,met1,358.1200,329.1200,1.256e-06
met1,355.1200,405.2800,met1,358.1100,405.2800,7.400e-07
met1,355.3500,13.6000,met1,358.1200,13.6000,2.372e-06
met1,355.3500,19.0400,met1,357.6500,19.0400,3.008e-06
met1,355.3500,24.4800,met1,358.1200,24.4800,2.334e-06
met1,355.3500,35.3600,met1,357.1900,35.3600,2.962e-06
met1,355.3500,40.8000,met1,358.1100,40.8000,2.936e-06
met1,355.3500,57.1200,met1,358.1200,57.1200,1.850e-06
met1,355.3500,62.5600,met1,357.8800,62.5600,2.770e-06
met1,355.3500,68.0000,met1,358.1200,68.0000,3.236e-06
met1,355.3500,73.4400,met1,358.1200,73.4400,2.977e-06
met1,355.3500,78.8800,met1,357.1900,78.8800,3.096e-06
met1,355.3500,95.2000,met1,358.1200,95.2000,2.237e-06
met1,355.3500,100.6400,met1,358.1200,100.6400,2.025e-06
met1,355.3500,106.0800,met1,358.1200,106.0800,2.139e-06
met1,355.3500,116.9600,met1,358.1200,116.9600,1.756e-06
met1,355.3500,127.8400,met1,358.1100,127.8400,1.763e-06
met1,355.3500,138.7200,met1,357.6500,138.7200,1.571e-06
met1,355.3500,155.0400,met1,358.1200,155.0400,1.487e-06
met1,355.3500,160.4800,met1,357.8800,160.4800,1.579e-06
met1,355.3500,171.3600,met1,358.1200,171.3600,1.360e-06
met1,355.3500,182.2400,met1,358.1200,182.2400,1.291e-06
met1,355.3500,187.6800,met1,357.1900,187.6800,1.385e-06
met1,355.3500,193.1200,met1,358.1200,193.1200,1.041e-06
met1,355.3500,198.5600,met1,357.4200,198.5600,1.175e-06
met1,355.3500,209.4400,met1,358.1200,209.4400,8.251e-07
met1,355.3500,214.8800,met1,357.8800,214.8800,1.011e-06
met1,355.3500,220.3200,met1,357.6500,220.3200,1.142e-06
met1,355.3500,231.2000,met1,358.1200,231.2000,1.397e-06
met1,355.3500,236.6400,met1,358.1200,236.6400,6.558e-07
met1,355.3500,252.9600,met1,358.1200,252.9600,6.074e-07
met1,355.3500,263.8400,met1,358.1200,263.8400,6.260e-07
met1,355.3500,269.2800,met1,358.1200,269.2800,1.812e-06
met1,355.3500,274.7200,met1,357.4200,274.7200,1.149e-06
met1,355.3500,280.1600,met1,358.1100,280.1600,6.324e-07
met1,355.3500,285.6000,met1,358.1200,285.6000,4.904e-07
met1,355.3500,296.4800,met1,358.1200,296.4800,2.251e-07
met1,355.3500,301.9200,met1,358.1200,301.9200,5.384e-07
met1,355.3500,307.3600,met1,358.1200,307.3600,1.485e-06
met1,355.3500,312.8000,met1,358.1200,312.8000,5.847e-07
met1,355.3500,323.6800,met1,358.1200,323.6800,5.770e-07
met1,355.3500,334.5600,met1,358.1100,334.5600,7.422e-07
met1,355.3500,340.0000,met1,357.4200,340.0000,6.093e-08
met1,355.3500,361.7600,met1,358.1200,361.7600,8.268e-08
met1,355.3500,367.2000,met1,358.1200,367.2000,1.747e-07
met1,355.3500,372.6400,met1,358.1200,372.6400,5.731e-07
met1,355.3500,378.0800,met1,358.1200,378.0800,8.150e-07
met1,355.3500,388.9600,met1,358.1200,388.9600,7.137e-07
met1,355.3500,394.4000,met1,358.1200,394.4000,5.267e-08
met1,355.3500,399.8400,met1,358.1200,399.8400,5.128e-07
met1,355.3500,416.1600,met1,358.1200,416.1600,1.126e-06
met1,355.3500,427.0400,met1,357.8800,427.0400,2.064e-06
met1,355.3500,443.3600,met1,357.8800,443.3600,2.509e-06
met1,355.3500,448.8000,met1,358.1200,448.8000,3.954e-06
met1,355.3500,454.2400,met1,358.1200,454.2400,2.765e-06
met1,355.3500,459.6800,met1,357.1900,459.6800,2.524e-06
met1,355.3500,470.5600,met1,358.1200,470.5600,2.034e-06
met1,355.8100,89.7600,met1,358.1200,89.7600,2.183e-06
met1,356.0400,437.9200,met1,357.8800,437.9200,1.774e-06
met1,356.2700,29.9200,met1,358.1200,29.9200,2.496e-06
met1,356.2700,144.1600,met1,358.1200,144.1600,1.579e-06
met1,356.2700,176.8000,met1,358.1200,176.8000,2.437e-06
met1,356.5000,165.9200,met1,369.1500,165.9200,3.873e-08
met1,356.5000,165.9200,met2,358.1200,165.9200,1.462e-06
met1,356.5000,242.0800,met1,363.4000,242.0800,1.538e-06
met1,356.5000,242.0800,met2,358.1200,242.0800,3.206e-06
met1,356.5000,350.8800,met1,359.2600,350.8800,3.016e-06
met1,356.5000,350.8800,met2,358.1200,350.8800,1.959e-06
met1,356.5000,421.6000,met1,359.7200,421.6000,9.133e-08
met1,356.5000,421.6000,met2,358.1200,421.6000,2.228e-06
met1,356.7300,149.6000,met1,358.5700,149.6000,6.695e-07
met1,356.7300,149.6000,met2,358.1200,149.6000,2.566e-06
met1,356.7300,247.5200,met1,359.4900,247.5200,9.389e-07
met1,356.7300,247.5200,met2,358.1200,247.5200,2.469e-06
met1,356.7300,465.1200,met1,359.2600,465.1200,1.385e-06
met1,356.7300,465.1200,met2,358.1200,465.1200,1.292e-06
met1,356.9600,383.5200,met1,369.1500,383.5200,9.917e-07
met1,356.9600,383.5200,met2,358.1200,383.5200,6.858e-07
met1,357.1900,35.3600,met1,359.9500,35.3600,1.778e-06
met1,357.1900,35.3600,met2,358.1200,35.3600,2.365e-06
met1,357.1900,46.2400,met1,359.2600,46.2400,9.567e-08
met1,357.1900,46.2400,met2,358.1200,46.2400,1.710e-06
met1,357.1900,78.8800,met1,360.1800,78.8800,2.071e-06
met1,357.1900,78.8800,met2,358.1200,78.8800,1.066e-06
met1,357.1900,122.4000,met1,360.4100,122.4000,5.976e-08
met1,357.1900,122.4000,met2,358.1200,122.4000,1.920e-06
met1,357.1900,133.2800,met1,367.3100,133.2800,9.409e-07
met1,357.1900,133.2800,met2,358.1200,133.2800,2.725e-06
met1,357.1900,187.6800,met1,359.9500,187.6800,1.497e-06
met1,357.1900,187.6800,met2,358.1200,187.6800,2.955e-06
met1,357.1900,459.6800,met1,360.4100,459.6800,1.816e-06
met1,357.1900,459.6800,met2,358.1200,459.6800,7.357e-07
met1,357.4200,198.5600,met1,361.5600,198.5600,1.414e-06
met1,357.4200,198.5600,met2,358.1200,198.5600,3.769e-06
met1,357.4200,225.7600,met1,361.1000,225.7600,1.681e-06
met1,357.4200,225.7600,met2,358.1200,225.7600,2.598e-06
met1,357.4200,274.7200,met1,360.1800,274.7200,1.601e-06
met1,357.4200,274.7200,met2,358.1200,274.7200,2.760e-06
met1,357.4200,340.0000,met1,369.1500,340.0000,7.337e-07
met1,357.4200,340.0000,met2,358.1200,340.0000,6.852e-07
met1,357.4200,410.7200,met1,360.8700,410.7200,6.046e-07
met1,357.4200,410.7200,met2,358.1200,410.7200,1.607e-06
met1,357.6500,19.0400,met1,359.4900,19.0400,5.594e-07
met1,357.6500,19.0400,met2,358.1200,19.0400,2.465e-06
met1,357.6500,84.3200,met1,369.1500,84.3200,1.921e-06
met1,357.6500,84.3200,met2,358.1200,84.3200,1.003e-06
met1,357.6500,138.7200,met1,360.8700,138.7200,2.222e-07
met1,357.6500,138.7200,met2,358.1200,138.7200,1.452e-06
met1,357.6500,220.3200,met1,359.4900,220.3200,1.812e-06
met1,357.6500,220.3200,met2,358.1200,220.3200,2.959e-06
met1,357.6500,258.4000,met1,365.4700,258.4000,1.239e-06
met1,357.6500,258.4000,met2,358.1200,258.4000,2.316e-06
met1,357.8800,62.5600,met1,361.7900,62.5600,1.497e-06
met1,357.8800,62.5600,met2,358.1200,62.5600,2.462e-06
met1,357.8800,160.4800,met1,360.8700,160.4800,1.100e-06
met1,357.8800,160.4800,met2,358.1200,160.4800,2.782e-06
met1,357.8800,214.8800,met1,369.1500,214.8800,1.094e-06
met1,357.8800,214.8800,met2,358.1200,214.8800,3.217e-06
met1,357.8800,427.0400,met1,359.9500,427.0400,1.192e-06
met1,357.8800,427.0400,met2,358.1200,427.0400,8.724e-07
met1,357.8800,437.9200,met1,363.6300,437.9200,9.451e-07
met1,357.8800,437.9200,met2,358.1200,437.9200,8.341e-07
met1,357.8800,443.3600,met1,360.6400,443.3600,1.326e-06
met1,357.8800,443.3600,met2,358.1200,443.3600,1.187e-06
met1,358.1100,40.8000,met1,367.3100,40.8000,4.262e-08
met1,358.1100,40.8000,met2,358.1200,40.8000,2.894e-06
met1,358.1100,127.8400,met1,369.1500,127.8400,5.513e-07
met1,358.1100,127.8400,met2,358.1200,127.8400,1.261e-06
met1,358.1100,204.0000,met1,369.1500,204.0000,1.113e-06
met1,358.1100,204.0000,met2,358.1200,204.0000,2.296e-06
met1,358.1100,280.1600,met1,361.1000,280.1600,4.572e-07
met1,358.1100,280.1600,met2,358.1200,280.1600,1.093e-06
met1,358.1100,334.5600,met1,360.4100,334.5600,2.165e-06
met1,358.1100,334.5600,met2,358.1200,334.5600,1.423e-06
met1,358.1100,405.2800,met1,363.1700,405.2800,3.391e-07
met1,358.1100,405.2800,met2,358.1200,405.2800,4.879e-07
met1,358.1200,13.6000,met1,361.3300,13.6000,7.214e-07
met1,358.1200,13.6000,met2,358.1200,13.6000,1.651e-06
met1,358.1200,24.4800,met1,362.0200,24.4800,1.653e-06
met1,358.1200,24.4800,met2,358.1200,24.4800,6.807e-07
met1,358.1200,29.9200,met1,364.0900,29.9200,7.300e-07
met1,358.1200,29.9200,met2,358.1200,29.9200,3.234e-06
met1,358.1200,51.6800,met1,359.9500,51.6800,1.614e-06
met1,358.1200,51.6800,met2,358.1200,51.6800,9.225e-07
met1,358.1200,57.1200,met1,361.1000,57.1200,1.348e-06
met1,358.1200,57.1200,met2,358.1200,57.1200,5.028e-07
met1,358.1200,68.0000,met1,362.7100,68.0000,1.864e-06
met1,358.1200,68.0000,met2,358.1200,68.0000,1.374e-06
met1,358.1200,73.4400,met1,360.8700,73.4400,1.768e-06
met1,358.1200,73.4400,met2,358.1200,73.4400,1.209e-06
met1,358.1200,89.7600,met1,362.4800,89.7600,1.040e-06
met1,358.1200,89.7600,met2,358.1200,89.7600,1.143e-06
met1,358.1200,95.2000,met1,364.7800,95.2000,8.075e-07
met1,358.1200,95.2000,met2,358.1200,95.2000,1.607e-06
met1,358.1200,100.6400,met1,360.6400,100.6400,1.254e-06
met1,358.1200,100.6400,met2,358.1200,100.6400,7.704e-07
met1,358.1200,106.0800,met1,361.5600,106.0800,2.101e-07
met1,358.1200,106.0800,met2,358.1200,106.0800,2.357e-06
met1,358.1200,111.5200,met1,367.0800,111.5200,6.652e-07
met1,358.1200,111.5200,met2,358.1200,111.5200,1.369e-06
met1,358.1200,116.9600,met1,365.0100,116.9600,5.157e-07
met1,358.1200,116.9600,met2,358.1200,116.9600,1.474e-06
met1,358.1200,144.1600,met1,359.9500,144.1600,9.343e-10
met1,358.1200,144.1600,met2,358.1200,144.1600,1.578e-06
met1,358.1200,155.0400,met1,368.0000,155.0400,3.367e-07
met1,358.1200,155.0400,met2,358.1200,155.0400,1.824e-06
met1,358.1200,171.3600,met1,361.3300,171.3600,5.933e-07
met1,358.1200,171.3600,met2,358.1200,171.3600,1.953e-06
met1,358.1200,176.8000,met1,361.7900,176.8000,1.233e-06
met1,358.1200,176.8000,met2,358.1200,176.8000,3.670e-06
met1,358.1200,182.2400,met1,369.1500,182.2400,9.914e-07
met1,358.1200,182.2400,met2,358.1200,182.2400,2.282e-06
met1,358.1200,193.1200,met1,360.8700,193.1200,1.988e-06
met1,358.1200,193.1200,met2,358.1200,193.1200,3.030e-06
met1,358.1200,209.4400,met1,359.9500,209.4400,2.123e-06
met1,358.1200,209.4400,met2,358.1200,209.4400,2.949e-06
met1,358.1200,231.2000,met1,360.4100,231.2000,1.715e-06
met1,358.1200,231.2000,met2,358.1200,231.2000,3.112e-06
met1,358.1200,236.6400,met1,360.4100,236.6400,2.278e-06
met1,358.1200,236.6400,met2,358.1200,236.6400,2.934e-06
met1,358.1200,252.9600,met1,365.2400,252.9600,1.984e-06
met1,358.1200,252.9600,met2,358.1200,252.9600,2.591e-06
met1,358.1200,263.8400,met1,361.3300,263.8400,1.425e-06
met1,358.1200,263.8400,met2,358.1200,263.8400,2.052e-06
met1,358.1200,269.2800,met1,365.2400,269.2800,2.682e-07
met1,358.1200,269.2800,met2,358.1200,269.2800,2.089e-06
met1,358.1200,285.6000,met1,364.7800,285.6000,1.648e-06
met1,358.1200,285.6000,met2,358.1200,285.6000,2.139e-06
met1,358.1200,291.0400,met1,361.7900,291.0400,1.410e-06
met1,358.1200,291.0400,met2,358.1200,291.0400,2.398e-06
met1,358.1200,296.4800,met1,361.5600,296.4800,3.971e-07
met1,358.1200,296.4800,met2,358.1200,296.4800,6.820e-07
met1,358.1200,301.9200,met1,360.6400,301.9200,2.663e-06
met1,358.1200,301.9200,met2,358.1200,301.9200,2.128e-06
met1,358.1200,307.3600,met1,360.8700,307.3600,7.478e-07
met1,358.1200,307.3600,met2,358.1200,307.3600,2.233e-06
met1,358.1200,312.8000,met1,360.6400,312.8000,1.949e-06
met1,358.1200,312.8000,met2,358.1200,312.8000,1.364e-06
met1,358.1200,318.2400,met1,363.4000,318.2400,1.437e-06
met1,358.1200,318.2400,met2,358.1200,318.2400,2.036e-06
met1,358.1200,323.6800,met1,360.8700,323.6800,1.194e-06
met1,358.1200,323.6800,met2,358.1200,323.6800,6.174e-07
met1,358.1200,329.1200,met1,369.1500,329.1200,4.277e-07
met1,358.1200,329.1200,met2,358.1200,329.1200,1.684e-06
met1,358.1200,345.4400,met1,364.3200,345.4400,5.720e-07
met1,358.1200,345.4400,met2,358.1200,345.4400,1.236e-06
met1,358.1200,356.3200,met1,369.1500,356.3200,1.158e-06
met1,358.1200,356.3200,met2,358.1200,356.3200,8.363e-07
met1,358.1200,361.7600,met1,362.2500,361.7600,5.987e-07
met1,358.1200,361.7600,met2,358.1200,361.7600,6.814e-07
met1,358.1200,367.2000,met1,360.6400,367.2000,2.307e-06
met1,358.1200,367.2000,met2,358.1200,367.2000,2.482e-06
met1,358.1200,372.6400,met1,359.9500,372.6400,1.646e-06
met1,358.1200,372.6400,met2,358.1200,372.6400,1.073e-06
met1,358.1200,378.0800,met1,364.3200,378.0800,3.738e-07
met1,358.1200,378.0800,met2,358.1200,378.0800,1.189e-06
met1,358.1200,388.9600,met1,362.7100,388.9600,4.359e-07
met1,358.1200,388.9600,met2,358.1200,388.9600,1.150e-06
met1,358.1200,394.4000,met1,362.7100,394.4000,1.058e-06
met1,358.1200,394.4000,met2,358.1200,394.4000,2.112e-06
met1,358.1200,399.8400,met1,369.1500,399.8400,4.727e-07
met1,358.1200,399.8400,met2,358.1200,399.8400,4.330e-08
met1,358.1200,416.1600,met1,367.0800,416.1600,9.153e-07
met1,358.1200,416.1600,met2,358.1200,416.1600,2.104e-07
met1,358.1200,432.4800,met1,365.2400,432.4800,1.073e-06
met1,358.1200,432.4800,met2,358.1200,432.4800,1.712e-06
met1,358.1200,448.8000,met1,360.6400,448.8000,8.423e-07
met1,358.1200,448.8000,met2,358.1200,448.8000,3.112e-06
met1,358.1200,454.2400,met1,360.8700,454.2400,1.879e-06
met1,358.1200,454.2400,met2,358.1200,454.2400,8.863e-07
met1,358.1200,470.5600,met1,369.1500,470.5600,1.132e-06
met1,358.1200,470.5600,met2,358.1200,470.5600,2.029e-06
met1,358.5700,149.6000,met1,368.4600,149.6000,5.769e-07
met1,359.2600,46.2400,met1,361.1000,46.2400,1.012e-06
met1,359.2600,350.8800,met1,361.7900,350.8800,2.975e-06
met1,359.2600,465.1200,met1,367.3100,465.1200,1.421e-06
met1,359.4900,19.0400,met1,362.0200,19.0400,5.675e-07
met1,359.4900,220.3200,met1,367.5400,220.3200,1.634e-06
met1,359.4900,247.5200,met1,367.7700,247.5200,7.674e-07
met1,359.7200,421.6000,met1,363.1700,421.6000,6.491e-08
met1,359.9500,35.3600,met1,369.1500,35.3600,1.782e-06
met1,359.9500,51.6800,met1,369.1500,51.6800,1.614e-06
met1,359.9500,144.1600,met1,369.1500,144.1600,3.058e-07
met1,359.9500,187.6800,met1,366.3900,187.6800,1.312e-06
met1,359.9500,209.4400,met1,361.7900,209.4400,2.123e-06
met1,359.9500,372.6400,met1,362.4800,372.6400,1.612e-06
met1,359.9500,427.0400,met1,363.8600,427.0400,1.204e-06
met1,360.1800,78.8800,met1,362.2500,78.8800,2.086e-06
met1,360.1800,274.7200,met1,362.2500,274.7200,1.590e-06
met1,360.4100,122.4000,met1,368.2300,122.4000,1.128e-07
met1,360.4100,231.2000,met1,366.1600,231.2000,1.709e-06
met1,360.4100,236.6400,met1,363.1700,236.6400,2.272e-06
met1,360.4100,334.5600,met1,364.7800,334.5600,2.159e-06
met1,360.4100,459.6800,met1,369.1500,459.6800,1.816e-06
met1,360.6400,100.6400,met1,363.8600,100.6400,1.263e-06
met1,360.6400,301.9200,met1,369.1500,301.9200,1.533e-06
met1,360.6400,312.8000,met1,362.9400,312.8000,1.939e-06
met1,360.6400,367.2000,met1,363.1700,367.2000,1.162e-06
met1,360.6400,443.3600,met1,369.1500,443.3600,1.335e-06
met1,360.6400,448.8000,met1,363.8600,448.8000,2.029e-06
met1,360.8700,73.4400,met1,363.1700,73.4400,1.800e-06
met1,360.8700,138.7200,met1,364.0900,138.7200,4.889e-07
met1,360.8700,160.4800,met1,368.0000,160.4800,9.151e-07
met1,360.8700,193.1200,met1,363.4000,193.1200,1.979e-06
met1,360.8700,307.3600,met1,367.0800,307.3600,7.179e-07
met1,360.8700,323.6800,met1,364.3200,323.6800,1.131e-06
met1,360.8700,410.7200,met1,363.1700,410.7200,4.054e-07
met1,360.8700,454.2400,met1,364.5500,454.2400,1.893e-06
met1,361.1000,46.2400,met1,368.0000,46.2400,1.018e-06
met1,361.1000,57.1200,met1,367.5400,57.1200,1.357e-06
met1,361.1000,225.7600,met1,366.8500,225.7600,1.677e-06
met1,361.1000,280.1600,met1,367.5400,280.1600,4.569e-07
met1,361.3300,13.6000,met1,363.6300,13.6000,7.302e-07
met1,361.3300,171.3600,met1,363.4000,171.3600,5.933e-07
met1,361.3300,263.8400,met1,365.7000,263.8400,1.412e-06
met1,361.5600,106.0800,met1,369.1500,106.0800,9.195e-07
met1,361.5600,198.5600,met1,364.3200,198.5600,1.414e-06
met1,361.5600,296.4800,met1,369.1500,296.4800,3.867e-07
met1,361.7900,62.5600,met1,365.4700,62.5600,1.515e-06
met1,361.7900,176.8000,met1,364.3200,176.8000,1.223e-06
met1,361.7900,209.4400,met1,363.8600,209.4400,2.123e-06
met1,361.7900,291.0400,met1,364.3200,291.0400,1.397e-06
met1,361.7900,350.8800,met1,364.7800,350.8800,2.952e-06
met1,362.0200,19.0400,met1,364.3200,19.0400,5.802e-07
met1,362.0200,24.4800,met1,364.3200,24.4800,1.654e-06
met1,362.2500,78.8800,met1,369.1500,78.8800,2.087e-06
met1,362.2500,274.7200,met1,365.4700,274.7200,1.571e-06
met1,362.2500,361.7600,met1,369.1500,361.7600,5.982e-07
met1,362.4800,89.7600,met1,368.0000,89.7600,2.180e-06
met1,362.4800,372.6400,met1,365.7000,372.6400,1.597e-06
met1,362.7100,68.0000,met1,369.1500,68.0000,1.953e-06
met1,362.7100,388.9600,met1,364.7800,388.9600,4.359e-07
met1,362.7100,394.4000,met1,365.2400,394.4000,1.042e-06
met1,362.9400,312.8000,met1,364.7800,312.8000,1.912e-06
met1,363.1700,73.4400,met1,365.2400,73.4400,1.823e-06
met1,363.1700,236.6400,met1,365.7000,236.6400,2.255e-06
met1,363.1700,367.2000,met1,365.9300,367.2000,1.145e-06
met1,363.1700,405.2800,met1,365.4700,405.2800,3.416e-07
met1,363.1700,410.7200,met1,369.1500,410.7200,3.814e-07
met1,363.1700,421.6000,met1,366.3900,421.6000,4.484e-08
met1,363.4000,171.3600,met1,366.1600,171.3600,5.557e-07
met1,363.4000,193.1200,met1,366.6200,193.1200,1.964e-06
met1,363.4000,242.0800,met1,369.1500,242.0800,1.527e-06
met1,363.4000,318.2400,met1,367.5400,318.2400,3.099e-07
met1,363.6300,13.6000,met1,366.1600,13.6000,7.467e-07
met1,363.6300,437.9200,met1,367.5400,437.9200,9.962e-07
met1,363.8600,100.6400,met1,368.0000,100.6400,1.690e-06
met1,363.8600,209.4400,met1,368.0000,209.4400,2.123e-06
met1,363.8600,427.0400,met1,369.1500,427.0400,1.215e-06
met1,363.8600,448.8000,met1,366.8500,448.8000,2.040e-06
met1,364.0900,29.9200,met1,369.1500,29.9200,3.808e-07
met1,364.0900,138.7200,met1,366.6200,138.7200,4.898e-07
met1,364.3200,19.0400,met1,366.1600,19.0400,1.721e-06
met1,364.3200,24.4800,met1,369.1500,24.4800,1.654e-06
met1,364.3200,176.8000,met1,366.3900,176.8000,1.216e-06
met1,364.3200,198.5600,met1,366.1600,198.5600,1.414e-06
met1,364.3200,291.0400,met1,366.1600,291.0400,1.396e-06
met1,364.3200,323.6800,met1,369.1500,323.6800,1.040e-06
met1,364.3200,345.4400,met1,368.6900,345.4400,5.644e-07
met1,364.3200,378.0800,met1,366.6200,378.0800,3.631e-07
met1,364.5500,454.2400,met1,366.3900,454.2400,1.898e-06
met1,364.7800,95.2000,met1,367.3100,95.2000,8.109e-07
met1,364.7800,285.6000,met1,369.1500,285.6000,1.632e-06
met1,364.7800,312.8000,met1,367.3100,312.8000,1.905e-06
met1,364.7800,334.5600,met1,367.0800,334.5600,1.015e-06
met1,364.7800,350.8800,met1,368.6900,350.8800,1.786e-06
met1,364.7800,388.9600,met1,367.7700,388.9600,4.259e-07
met1,365.0100,116.9600,met1,368.4600,116.9600,5.358e-07
met1,365.2400,73.4400,met1,369.1500,73.4400,1.841e-06
met1,365.2400,252.9600,met1,369.1500,252.9600,8.082e-07
met1,365.2400,269.2800,met1,369.1500,269.2800,2.681e-07
met1,365.2400,394.4000,met1,367.5400,394.4000,1.041e-06
met1,365.2400,432.4800,met1,369.1500,432.4800,2.201e-06
met1,365.4700,62.5600,met1,368.2300,62.5600,1.643e-06
met1,365.4700,258.4000,met1,368.0000,258.4000,1.231e-06
met1,365.4700,274.7200,met1,368.0000,274.7200,1.560e-06
met1,365.4700,405.2800,met1,368.0000,405.2800,4.374e-07
met1,365.7000,236.6400,met1,367.5400,236.6400,2.252e-06
met1,365.7000,263.8400,met1,368.2300,263.8400,1.412e-06
met1,365.7000,372.6400,met1,369.1500,372.6400,9.799e-08
met1,365.9300,367.2000,met1,368.6900,367.2000,1.125e-06
met1,366.1600,13.6000,met1,369.1500,13.6000,7.570e-07
met1,366.1600,19.0400,met1,369.1500,19.0400,1.730e-06
met1,366.1600,171.3600,met1,369.1500,171.3600,5.557e-07
met1,366.1600,198.5600,met1,369.1500,198.5600,1.394e-06
met1,366.1600,231.2000,met1,368.0000,231.2000,1.703e-06
met1,366.1600,291.0400,met1,369.1500,291.0400,2.639e-07
met1,366.3900,176.8000,met1,369.1500,176.8000,1.212e-06
met1,366.3900,187.6800,met1,369.1500,187.6800,1.308e-06
met1,366.3900,421.6000,met1,369.1500,421.6000,1.863e-08
met1,366.3900,454.2400,met1,369.1500,454.2400,2.060e-06
met1,366.6200,138.7200,met1,369.1500,138.7200,5.358e-07
met1,366.6200,193.1200,met1,368.9200,193.1200,1.964e-06
met1,366.6200,378.0800,met1,369.1500,378.0800,3.524e-07
met1,366.8500,225.7600,met1,369.1500,225.7600,1.672e-06
met1,366.8500,448.8000,met1,369.1500,448.8000,2.159e-06
met1,367.0800,111.5200,met1,369.1500,111.5200,6.838e-07
met1,367.0800,307.3600,met1,369.1500,307.3600,5.909e-07
met1,367.0800,334.5600,met1,368.9200,334.5600,1.013e-06
met1,367.0800,416.1600,met1,369.1500,416.1600,9.210e-07
met1,367.3100,40.8000,met1,369.1500,40.8000,1.410e-06
met1,367.3100,95.2000,met1,369.1500,95.2000,8.210e-07
met1,367.3100,133.2800,met1,369.1500,133.2800,2.256e-07
met1,367.3100,312.8000,met1,369.1500,312.8000,1.855e-06
met1,367.3100,465.1200,met1,369.1500,465.1200,1.430e-06
met1,367.5400,57.1200,met1,371.2200,57.1200,1.366e-06
met1,367.5400,220.3200,met1,373.0600,220.3200,1.634e-06
met1,367.5400,236.6400,met1,372.6000,236.6400,2.248e-06
met1,367.5400,280.1600,met1,370.0700,280.1600,4.568e-07
met1,367.5400,318.2400,met1,370.7600,318.2400,2.974e-07
met1,367.5400,394.4000,met1,373.0600,394.4000,1.041e-06
met1,367.5400,437.9200,met1,370.9900,437.9200,9.975e-07
met1,367.7700,247.5200,met1,371.2200,247.5200,7.618e-07
met1,367.7700,388.9600,met1,370.0700,388.9600,4.229e-07
met1,368.0000,46.2400,met1,371.9100,46.2400,2.153e-06
met1,368.0000,89.7600,met1,373.7500,89.7600,2.180e-06
met1,368.0000,100.6400,met1,371.4500,100.6400,1.690e-06
met1,368.0000,155.0400,met1,370.7600,155.0400,3.331e-07
met1,368.0000,160.4800,met1,369.8400,160.4800,9.135e-07
met1,368.0000,209.4400,met1,371.6800,209.4400,2.123e-06
met1,368.0000,231.2000,met1,379.7300,231.2000,1.703e-06
met1,368.0000,258.4000,met1,377.4300,258.4000,1.221e-06
met1,368.0000,274.7200,met1,373.5200,274.7200,1.553e-06
met1,368.0000,405.2800,met1,370.3000,405.2800,4.390e-07
met1,368.2300,62.5600,met1,379.0400,62.5600,2.777e-06
met1,368.2300,122.4000,met1,370.3000,122.4000,1.256e-06
met1,368.2300,263.8400,met1,373.0600,263.8400,1.411e-06
met1,368.4600,116.9600,met1,373.2900,116.9600,5.483e-07
met1,368.4600,149.6000,met1,379.0400,149.6000,5.575e-07
met1,368.6900,345.4400,met1,372.1400,345.4400,5.045e-07
met1,368.6900,350.8800,met1,372.1400,350.8800,1.782e-06
met1,368.6900,367.2000,met1,371.6800,367.2000,1.119e-06
met1,368.9200,193.1200,met1,373.7500,193.1200,8.552e-07
met1,368.9200,334.5600,met1,374.6700,334.5600,1.009e-06
met1,369.1500,13.6000,met1,376.5100,13.6000,7.570e-07
met1,369.1500,19.0400,met1,373.7500,19.0400,1.730e-06
met1,369.1500,24.4800,met1,376.7400,24.4800,1.654e-06
met1,369.1500,29.9200,met1,372.3700,29.9200,3.808e-07
met1,369.1500,35.3600,met1,375.3600,35.3600,1.782e-06
met1,369.1500,40.8000,met1,379.5000,40.8000,1.410e-06
met1,369.1500,51.6800,met1,371.4500,51.6800,1.619e-06
met1,369.1500,68.0000,met1,382.9500,68.0000,1.953e-06
met1,369.1500,73.4400,met1,374.2100,73.4400,1.841e-06
met1,369.1500,78.8800,met1,371.6800,78.8800,2.087e-06
met1,369.1500,84.3200,met1,373.5200,84.3200,1.921e-06
met1,369.1500,95.2000,met1,380.4200,95.2000,1.929e-06
met1,369.1500,106.0800,met1,372.1400,106.0800,9.244e-07
met1,369.1500,111.5200,met1,371.6800,111.5200,6.894e-07
met1,369.1500,127.8400,met1,378.8100,127.8400,5.513e-07
met1,369.1500,133.2800,met1,379.0400,133.2800,2.373e-07
met1,369.1500,138.7200,met1,370.9900,138.7200,5.358e-07
met1,369.1500,144.1600,met1,371.6800,144.1600,3.531e-07
met1,369.1500,165.9200,met1,376.7400,165.9200,3.873e-08
met1,369.1500,171.3600,met1,382.9500,171.3600,5.453e-07
met1,369.1500,176.8000,met1,373.7500,176.8000,1.032e-07
met1,369.1500,182.2400,met1,376.7400,182.2400,9.914e-07
met1,369.1500,187.6800,met1,373.5200,187.6800,1.308e-06
met1,369.1500,198.5600,met1,371.6800,198.5600,1.390e-06
met1,369.1500,204.0000,met1,382.9500,204.0000,1.113e-06
met1,369.1500,214.8800,met1,371.2200,214.8800,1.094e-06
met1,369.1500,225.7600,met1,380.4200,225.7600,1.672e-06
met1,369.1500,242.0800,met1,372.8300,242.0800,1.527e-06
met1,369.1500,252.9600,met1,376.7400,252.9600,7.931e-07
met1,369.1500,269.2800,met1,380.6500,269.2800,2.642e-07
met1,369.1500,285.6000,met1,372.1400,285.6000,1.632e-06
met1,369.1500,291.0400,met1,373.2900,291.0400,2.569e-07
met1,369.1500,296.4800,met1,375.8200,296.4800,3.867e-07
met1,369.1500,301.9200,met1,370.9900,301.9200,1.533e-06
met1,369.1500,307.3600,met1,376.2800,307.3600,3.833e-07
met1,369.1500,312.8000,met1,371.4500,312.8000,1.855e-06
met1,369.1500,323.6800,met1,373.2900,323.6800,1.040e-06
met1,369.1500,329.1200,met1,372.3700,329.1200,4.277e-07
met1,369.1500,340.0000,met1,376.5100,340.0000,7.337e-07
met1,369.1500,356.3200,met1,381.8000,356.3200,1.158e-06
met1,369.1500,361.7600,met1,372.1400,361.7600,5.982e-07
met1,369.1500,372.6400,met1,380.6500,372.6400,9.799e-08
met1,369.1500,378.0800,met1,371.9100,378.0800,3.524e-07
met1,369.1500,383.5200,met1,371.6800,383.5200,9.917e-07
met1,369.1500,399.8400,met1,381.3400,399.8400,4.727e-07
met1,369.1500,410.7200,met1,374.9000,410.7200,7.471e-07
met1,369.1500,416.1600,met1,382.9500,416.1600,9.260e-07
met1,369.1500,421.6000,met1,371.6800,421.6000,9.129e-09
met1,369.1500,427.0400,met1,370.9900,427.0400,1.215e-06
met1,369.1500,432.4800,met1,382.9500,432.4800,2.201e-06
met1,369.1500,443.3600,met1,372.1400,443.3600,1.335e-06
met1,369.1500,448.8000,met1,377.4300,448.8000,2.159e-06
met1,369.1500,454.2400,met1,376.9700,454.2400,2.060e-06
met1,369.1500,459.6800,met1,371.2200,459.6800,1.816e-06
met1,369.1500,465.1200,met1,371.9100,465.1200,1.440e-06
met1,369.1500,470.5600,met1,373.5200,470.5600,1.132e-06
met1,369.8400,160.4800,met1,374.2100,160.4800,2.236e-07
met1,370.0700,280.1600,met1,382.9500,280.1600,4.530e-07
met1,370.0700,388.9600,met1,373.5200,388.9600,4.190e-07
met1,370.3000,122.4000,met1,373.5200,122.4000,1.272e-06
met1,370.3000,405.2800,met1,375.3600,405.2800,4.426e-07
met1,370.7600,155.0400,met1,379.5000,155.0400,3.231e-07
met1,370.7600,318.2400,met1,373.5200,318.2400,2.253e-07
met1,370.9900,138.7200,met1,380.4200,138.7200,5.658e-07
met1,370.9900,301.9200,met1,373.5200,301.9200,1.528e-06
met1,370.9900,427.0400,met1,376.9700,427.0400,1.235e-06
met1,370.9900,437.9200,met1,373.5200,437.9200,1.110e-06
met1,371.2200,57.1200,met1,373.9800,57.1200,1.380e-06
met1,371.2200,214.8800,met1,373.7500,214.8800,1.091e-06
met1,371.2200,247.5200,met1,374.4400,247.5200,7.464e-07
met1,371.2200,459.6800,met1,380.4200,459.6800,1.855e-06
met1,371.4500,51.6800,met1,373.5200,51.6800,1.628e-06
met1,371.4500,100.6400,met1,373.9800,100.6400,1.698e-06
met1,371.4500,312.8000,met1,373.2900,312.8000,1.847e-06
met1,371.6800,78.8800,met1,375.1300,78.8800,3.195e-06
met1,371.6800,111.5200,met1,381.1100,111.5200,1.822e-06
met1,371.6800,144.1600,met1,373.5200,144.1600,3.541e-07
met1,371.6800,198.5600,met1,373.5200,198.5600,1.379e-06
met1,371.6800,209.4400,met1,376.7400,209.4400,2.119e-06
met1,371.6800,367.2000,met1,373.9800,367.2000,1.109e-06
met1,371.6800,383.5200,met1,374.4400,383.5200,1.384e-07
met1,371.6800,421.6000,met1,377.2000,421.6000,1.123e-06
met1,371.9100,46.2400,met1,374.4400,46.2400,2.173e-06
met1,371.9100,378.0800,met1,376.0500,378.0800,3.474e-07
met1,371.9100,465.1200,met1,374.2100,465.1200,1.488e-06
met1,372.1400,106.0800,met1,381.8000,106.0800,9.340e-07
met1,372.1400,285.6000,met1,374.6700,285.6000,1.600e-06
met1,372.1400,345.4400,met1,375.5900,345.4400,4.379e-07
met1,372.1400,350.8800,met1,377.6600,350.8800,6.496e-07
met1,372.1400,361.7600,met1,374.2100,361.7600,5.946e-07
met1,372.1400,443.3600,met1,382.0300,443.3600,2.464e-06
met1,372.3700,29.9200,met1,376.5100,29.9200,3.943e-07
met1,372.3700,329.1200,met1,376.2800,329.1200,3.708e-07
met1,372.6000,236.6400,met1,382.9500,236.6400,1.139e-06
met1,372.8300,242.0800,met1,375.3600,242.0800,1.519e-06
met1,373.0600,220.3200,met1,377.6600,220.3200,5.247e-07
met1,373.0600,263.8400,met1,380.1900,263.8400,3.029e-07
met1,373.0600,394.4000,met1,379.9600,394.4000,6.561e-08
met1,373.2900,116.9600,met1,381.8000,116.9600,5.532e-07
met1,373.2900,291.0400,met1,376.0500,291.0400,2.403e-07
met1,373.2900,312.8000,met1,377.8900,312.8000,1.842e-06
met1,373.2900,323.6800,met1,375.5900,323.6800,9.946e-07
met1,373.5200,51.6800,met1,381.5700,51.6800,1.643e-06
met1,373.5200,84.3200,met1,375.8200,84.3200,1.921e-06
met1,373.5200,122.4000,met1,375.5900,122.4000,1.272e-06
met1,373.5200,144.1600,met1,377.2000,144.1600,3.543e-07
met1,373.5200,187.6800,met1,375.8200,187.6800,1.298e-07
met1,373.5200,198.5600,met1,378.5800,198.5600,1.364e-06
met1,373.5200,274.7200,met1,380.4200,274.7200,4.448e-07
met1,373.5200,301.9200,met1,375.8200,301.9200,1.528e-06
met1,373.5200,318.2400,met1,376.0500,318.2400,2.075e-07
met1,373.5200,388.9600,met1,376.2800,388.9600,4.089e-07
met1,373.5200,437.9200,met1,375.3600,437.9200,1.170e-06
met1,373.5200,470.5600,met1,382.9500,470.5600,2.263e-06
met1,373.7500,19.0400,met1,377.8900,19.0400,1.753e-06
met1,373.7500,89.7600,met1,377.6600,89.7600,2.180e-06
met1,373.7500,176.8000,met1,376.9700,176.8000,8.182e-08
met1,373.7500,193.1200,met1,378.3500,193.1200,8.350e-07
met1,373.7500,214.8800,met1,377.4300,214.8800,1.091e-06
met1,373.9800,57.1200,met1,376.7400,57.1200,1.381e-06
met1,373.9800,100.6400,met1,377.4300,100.6400,1.705e-06
met1,373.9800,367.2000,met1,381.1100,367.2000,2.334e-08
met1,374.2100,73.4400,met1,377.2000,73.4400,1.860e-06
met1,374.2100,160.4800,met1,376.5100,160.4800,2.277e-07
met1,374.2100,361.7600,met1,378.3500,361.7600,4.958e-07
met1,374.2100,465.1200,met1,377.2000,465.1200,1.498e-06
met1,374.4400,46.2400,met1,379.2700,46.2400,2.196e-06
met1,374.4400,247.5200,met1,376.2800,247.5200,7.426e-07
met1,374.4400,383.5200,met1,378.1200,383.5200,1.491e-07
met1,374.6700,285.6000,met1,377.8900,285.6000,1.579e-06
met1,374.6700,334.5600,met1,376.5100,334.5600,9.757e-07
met1,374.9000,410.7200,met1,377.4300,410.7200,7.572e-07
met1,375.1300,78.8800,met1,377.6600,78.8800,3.195e-06
met1,375.3600,35.3600,met1,377.2000,35.3600,1.789e-06
met1,375.3600,242.0800,met1,377.6600,242.0800,1.513e-06
met1,375.3600,405.2800,met1,377.8900,405.2800,4.558e-07
met1,375.3600,437.9200,met1,377.2000,437.9200,1.185e-06
met1,375.5900,122.4000,met1,379.2700,122.4000,1.279e-06
met1,375.5900,323.6800,met1,382.9500,323.6800,7.920e-07
met1,375.5900,345.4400,met1,380.6500,345.4400,3.550e-07
met1,375.8200,84.3200,met1,382.2600,84.3200,1.924e-06
met1,375.8200,187.6800,met1,382.9500,187.6800,1.296e-07
met1,375.8200,296.4800,met1,378.3500,296.4800,3.834e-07
met1,375.8200,301.9200,met1,379.2700,301.9200,4.191e-07
met1,376.0500,291.0400,met1,382.9500,291.0400,2.400e-07
met1,376.0500,318.2400,met1,379.0400,318.2400,1.829e-07
met1,376.0500,378.0800,met1,380.1900,378.0800,2.634e-07
met1,376.2800,247.5200,met1,378.8100,247.5200,7.425e-07
met1,376.2800,307.3600,met1,382.9500,307.3600,3.833e-07
met1,376.2800,329.1200,met1,379.7300,329.1200,3.322e-07
met1,376.2800,388.9600,met1,378.1200,388.9600,4.053e-07
met1,376.5100,13.6000,met1,382.2600,13.6000,7.617e-07
met1,376.5100,29.9200,met1,379.2700,29.9200,1.517e-06
met1,376.5100,160.4800,met1,378.8100,160.4800,2.429e-07
met1,376.5100,334.5600,met1,378.8100,334.5600,9.715e-07
met1,376.5100,340.0000,met1,382.9500,340.0000,6.516e-07
met1,376.7400,24.4800,met1,382.9500,24.4800,1.654e-06
met1,376.7400,57.1200,met1,379.9600,57.1200,1.395e-06
met1,376.7400,165.9200,met1,379.9600,165.9200,3.530e-10
met1,376.7400,182.2400,met1,379.5000,182.2400,9.411e-07
met1,376.7400,209.4400,met1,381.1100,209.4400,1.010e-06
met1,376.7400,252.9600,met1,379.9600,252.9600,7.458e-07
met1,376.9700,176.8000,met1,379.2700,176.8000,6.032e-08
met1,376.9700,427.0400,met1,379.5000,427.0400,1.238e-06
met1,376.9700,454.2400,met1,379.2700,454.2400,2.075e-06
met1,377.2000,35.3600,met1,379.0400,35.3600,1.789e-06
met1,377.2000,73.4400,met1,379.0400,73.4400,1.861e-06
met1,377.2000,144.1600,met1,379.9600,144.1600,3.559e-07
met1,377.2000,421.6000,met1,382.9500,421.6000,2.298e-06
met1,377.2000,437.9200,met1,381.3400,437.9200,1.192e-06
met1,377.2000,465.1200,met1,379.5000,465.1200,1.508e-06
met1,377.4300,100.6400,met1,380.1900,100.6400,1.740e-06
met1,377.4300,214.8800,met1,380.8800,214.8800,1.058e-06
met1,377.4300,258.4000,met1,382.9500,258.4000,8.654e-08
met1,377.4300,410.7200,met1,382.7200,410.7200,7.758e-07
met1,377.4300,448.8000,met1,382.9500,448.8000,2.189e-06
met1,377.6600,78.8800,met1,382.9500,78.8800,3.195e-06
met1,377.6600,89.7600,met1,382.9500,89.7600,2.225e-06
met1,377.6600,220.3200,met1,381.1100,220.3200,5.247e-07
met1,377.6600,242.0800,met1,380.6500,242.0800,1.513e-06
met1,377.6600,350.8800,met1,380.4200,350.8800,6.486e-07
met1,377.8900,19.0400,met1,380.4200,19.0400,1.797e-06
met1,377.8900,285.6000,met1,380.4200,285.6000,1.545e-06
met1,377.8900,312.8000,met1,382.2600,312.8000,1.842e-06
met1,377.8900,405.2800,met1,381.1100,405.2800,4.710e-07
met1,378.1200,383.5200,met1,380.8800,383.5200,1.583e-07
met1,378.1200,388.9600,met1,382.9500,388.9600,7.251e-07
met1,378.3500,193.1200,met1,381.3400,193.1200,8.178e-07
met1,378.3500,296.4800,met1,381.5700,296.4800,3.834e-07
met1,378.3500,361.7600,met1,382.0300,361.7600,3.120e-07
met1,378.5800,198.5600,met1,382.9500,198.5600,2.311e-07
met1,378.8100,127.8400,met1,381.1100,127.8400,5.553e-07
met1,378.8100,160.4800,met1,381.3400,160.4800,2.755e-07
met1,378.8100,247.5200,met1,382.9500,247.5200,7.387e-07
met1,378.8100,334.5600,met1,382.0300,334.5600,7.943e-07
met1,379.0400,35.3600,met1,382.9500,35.3600,1.798e-06
met1,379.0400,62.5600,met1,382.9500,62.5600,2.778e-06
met1,379.0400,73.4400,met1,381.5700,73.4400,2.969e-06
met1,379.0400,133.2800,met1,382.9500,133.2800,1.381e-06
met1,379.0400,149.6000,met1,382.9500,149.6000,1.689e-06
met1,379.0400,318.2400,met1,381.5700,318.2400,1.632e-07
met1,379.2700,29.9200,met1,381.3400,29.9200,1.517e-06
met1,379.2700,46.2400,met1,382.9500,46.2400,2.210e-06
met1,379.2700,122.4000,met1,381.8000,122.4000,1.330e-06
met1,379.2700,176.8000,met1,382.9500,176.8000,4.521e-08
met1,379.2700,301.9200,met1,381.5700,301.9200,4.191e-07
met1,379.2700,454.2400,met1,382.9500,454.2400,2.369e-06
met1,379.5000,40.8000,met1,382.9500,40.8000,2.586e-06
met1,379.5000,155.0400,met1,382.9500,155.0400,3.128e-07
met1,379.5000,182.2400,met1,382.9500,182.2400,8.921e-07
met1,379.5000,427.0400,met1,382.9500,427.0400,1.324e-06
met1,379.5000,465.1200,met1,381.5700,465.1200,1.510e-06
met1,379.7300,231.2000,met1,382.9500,231.2000,2.386e-07
met1,379.7300,329.1200,met1,382.4900,329.1200,2.996e-07
met1,379.9600,57.1200,met1,382.0300,57.1200,2.526e-06
met1,379.9600,144.1600,met1,382.7200,144.1600,3.756e-07
met1,379.9600,165.9200,met1,382.9500,165.9200,1.300e-08
met1,379.9600,252.9600,met1,381.8000,252.9600,7.351e-07
met1,379.9600,394.4000,met1,382.9500,394.4000,1.180e-07
met1,380.1900,100.6400,met1,382.9500,100.6400,1.770e-06
met1,380.1900,263.8400,met1,382.9500,263.8400,2.669e-07
met1,380.1900,378.0800,met1,382.9500,378.0800,2.504e-07
met1,380.4200,19.0400,met1,382.9500,19.0400,1.818e-06
met1,380.4200,95.2000,met1,382.9500,95.2000,1.942e-06
met1,380.4200,138.7200,met1,382.9500,138.7200,6.065e-07
met1,380.4200,225.7600,met1,382.9500,225.7600,4.941e-07
met1,380.4200,274.7200,met1,382.9500,274.7200,3.944e-07
met1,380.4200,285.6000,met1,382.9500,285.6000,4.133e-07
met1,380.4200,350.8800,met1,382.7200,350.8800,5.970e-07
met1,380.4200,459.6800,met1,382.9500,459.6800,1.859e-06
met1,380.6500,242.0800,met1,382.9500,242.0800,3.691e-07
met1,380.6500,269.2800,met1,382.4900,269.2800,2.606e-07
met1,380.6500,345.4400,met1,382.9500,345.4400,3.349e-07
met1,380.6500,372.6400,met1,382.9500,372.6400,2.226e-09
met1,380.8800,214.8800,met1,382.9500,214.8800,1.054e-06
met1,380.8800,383.5200,met1,382.9500,383.5200,1.592e-07
met1,381.1100,111.5200,met1,382.9500,111.5200,1.856e-06
met1,381.1100,127.8400,met1,382.9500,127.8400,5.649e-07
met1,381.1100,209.4400,met1,382.9500,209.4400,9.951e-07
met1,381.1100,220.3200,met1,382.9500,220.3200,5.247e-07
met1,381.1100,367.2000,met1,382.9500,367.2000,1.032e-07
met1,381.1100,405.2800,met1,382.9500,405.2800,4.873e-07
met1,381.3400,29.9200,met1,389.3900,29.9200,1.521e-06
met1,381.3400,160.4800,met1,388.9300,160.4800,1.420e-06
met1,381.3400,193.1200,met1,383.8700,193.1200,8.178e-07
met1,381.3400,399.8400,met1,389.3900,399.8400,5.065e-07
met1,381.3400,437.9200,met1,386.1700,437.9200,2.366e-06
met1,381.5700,51.6800,met1,384.7900,51.6800,1.648e-06
met1,381.5700,73.4400,met1,386.4000,73.4400,2.974e-06
met1,381.5700,296.4800,met1,384.5600,296.4800,3.834e-07
met1,381.5700,301.9200,met1,383.8700,301.9200,4.191e-07
met1,381.5700,318.2400,met1,391.2300,318.2400,1.592e-07
met1,381.5700,465.1200,met1,390.7700,465.1200,2.644e-06
met1,381.8000,106.0800,met1,385.0200,106.0800,2.065e-06
met1,381.8000,116.9600,met1,384.1000,116.9600,1.683e-06
met1,381.8000,122.4000,met1,391.4600,122.4000,1.341e-06
met1,381.8000,252.9600,met1,384.5600,252.9600,7.260e-07
met1,381.8000,356.3200,met1,384.1000,356.3200,1.132e-06
met1,382.0300,57.1200,met1,383.8700,57.1200,2.539e-06
met1,382.0300,334.5600,met1,385.0200,334.5600,7.904e-07
met1,382.0300,361.7600,met1,396.7500,361.7600,3.076e-07
met1,382.0300,443.3600,met1,384.7900,443.3600,2.467e-06
met1,382.2600,13.6000,met1,392.3800,13.6000,1.896e-06
met1,382.2600,84.3200,met1,385.2500,84.3200,1.971e-06
met1,382.2600,312.8000,met1,387.5500,312.8000,7.119e-07
met1,382.4900,269.2800,met1,385.2500,269.2800,2.604e-07
met1,382.4900,329.1200,met1,384.7900,329.1200,2.996e-07
met1,382.7200,144.1600,met1,389.3900,144.1600,3.849e-07
met1,382.7200,350.8800,met1,385.2500,350.8800,5.822e-07
met1,382.7200,410.7200,met1,387.3200,410.7200,7.774e-07
met1,382.9500,19.0400,met1,388.7000,19.0400,1.822e-06
met1,382.9500,24.4800,met1,393.7600,24.4800,1.654e-06
met1,382.9500,35.3600,met1,392.6100,35.3600,1.798e-06
met1,382.9500,40.8000,met1,388.2400,40.8000,2.586e-06
met1,382.9500,46.2400,met1,385.0200,46.2400,2.210e-06
met1,382.9500,62.5600,met1,388.7000,62.5600,2.778e-06
met1,382.9500,68.0000,met1,390.0800,68.0000,1.953e-06
met1,382.9500,78.8800,met1,389.1600,78.8800,3.195e-06
met1,382.9500,89.7600,met1,396.7500,89.7600,2.225e-06
met1,382.9500,95.2000,met1,388.9300,95.2000,3.086e-06
met1,382.9500,100.6400,met1,390.5400,100.6400,1.770e-06
met1,382.9500,111.5200,met1,384.7900,111.5200,1.869e-06
met1,382.9500,127.8400,met1,393.3000,127.8400,5.649e-07
met1,382.9500,133.2800,met1,396.7500,133.2800,2.258e-06
met1,382.9500,138.7200,met1,392.3800,138.7200,6.065e-07
met1,382.9500,149.6000,met1,391.9200,149.6000,1.689e-06
met1,382.9500,155.0400,met1,386.8600,155.0400,3.128e-07
met1,382.9500,165.9200,met1,389.1600,165.9200,1.300e-08
met1,382.9500,171.3600,met1,389.3900,171.3600,5.453e-07
met1,382.9500,176.8000,met1,396.7500,176.8000,1.087e-06
met1,382.9500,182.2400,met1,388.9300,182.2400,8.921e-07
met1,382.9500,187.6800,met1,390.5400,187.6800,1.296e-07
met1,382.9500,198.5600,met1,396.7500,198.5600,2.310e-07
met1,382.9500,204.0000,met1,385.4800,204.0000,1.113e-06
met1,382.9500,209.4400,met1,392.1500,209.4400,9.951e-07
met1,382.9500,214.8800,met1,385.0200,214.8800,1.054e-06
met1,382.9500,220.3200,met1,385.9400,220.3200,5.244e-07
met1,382.9500,225.7600,met1,386.1700,225.7600,4.904e-07
met1,382.9500,231.2000,met1,394.9100,231.2000,2.386e-07
met1,382.9500,236.6400,met1,386.1700,236.6400,1.139e-06
met1,382.9500,242.0800,met1,387.7800,242.0800,3.691e-07
met1,382.9500,247.5200,met1,386.6300,247.5200,7.387e-07
met1,382.9500,258.4000,met1,396.7500,258.4000,8.654e-08
met1,382.9500,263.8400,met1,384.7900,263.8400,2.669e-07
met1,382.9500,274.7200,met1,385.0200,274.7200,7.334e-07
met1,382.9500,280.1600,met1,396.7500,280.1600,4.530e-07
met1,382.9500,285.6000,met1,385.7100,285.6000,4.133e-07
met1,382.9500,291.0400,met1,392.8400,291.0400,2.400e-07
met1,382.9500,307.3600,met1,392.8400,307.3600,3.833e-07
met1,382.9500,323.6800,met1,390.0800,323.6800,7.920e-07
met1,382.9500,340.0000,met1,392.1500,340.0000,6.516e-07
met1,382.9500,345.4400,met1,386.4000,345.4400,2.894e-07
met1,382.9500,367.2000,met1,385.2500,367.2000,1.032e-07
met1,382.9500,372.6400,met1,386.4000,372.6400,2.613e-08
met1,382.9500,378.0800,met1,384.7900,378.0800,2.504e-07
met1,382.9500,383.5200,met1,384.7900,383.5200,1.592e-07
met1,382.9500,388.9600,met1,396.7500,388.9600,7.251e-07
met1,382.9500,394.4000,met1,384.7900,394.4000,1.332e-07
met1,382.9500,405.2800,met1,388.0100,405.2800,5.783e-07
met1,382.9500,416.1600,met1,385.4800,416.1600,9.260e-07
met1,382.9500,421.6000,met1,396.7500,421.6000,2.299e-06
met1,382.9500,427.0400,met1,385.4800,427.0400,1.350e-06
met1,382.9500,432.4800,met1,392.8400,432.4800,2.201e-06
met1,382.9500,448.8000,met1,385.2500,448.8000,3.316e-06
met1,382.9500,454.2400,met1,394.9100,454.2400,2.369e-06
met1,382.9500,459.6800,met1,395.6000,459.6800,1.859e-06
met1,382.9500,470.5600,met1,391.9200,470.5600,2.263e-06
met1,383.8700,57.1200,met1,391.9200,57.1200,2.546e-06
met1,383.8700,193.1200,met1,385.9400,193.1200,8.178e-07
met1,383.8700,301.9200,met1,388.2400,301.9200,4.152e-07
met1,384.1000,116.9600,met1,386.4000,116.9600,1.684e-06
met1,384.1000,356.3200,met1,391.6900,356.3200,1.056e-06
met1,384.5600,252.9600,met1,387.3200,252.9600,7.157e-07
met1,384.5600,296.4800,met1,386.8600,296.4800,3.829e-07
met1,384.7900,51.6800,met1,390.5400,51.6800,1.668e-06
met1,384.7900,111.5200,met1,388.0100,111.5200,1.904e-06
met1,384.7900,263.8400,met1,386.8600,263.8400,2.520e-07
met1,384.7900,329.1200,met1,396.7500,329.1200,2.900e-07
met1,384.7900,378.0800,met1,388.4700,378.0800,2.013e-07
met1,384.7900,383.5200,met1,388.2400,383.5200,1.731e-07
met1,384.7900,394.4000,met1,386.6300,394.4000,1.740e-07
met1,384.7900,443.3600,met1,388.2400,443.3600,2.490e-06
met1,385.0200,46.2400,met1,387.5500,46.2400,2.236e-06
met1,385.0200,106.0800,met1,396.7500,106.0800,2.079e-06
met1,385.0200,214.8800,met1,386.8600,214.8800,1.054e-06
met1,385.0200,274.7200,met1,386.8600,274.7200,7.425e-07
met1,385.0200,334.5600,met1,387.7800,334.5600,7.803e-07
met1,385.2500,84.3200,met1,388.2400,84.3200,3.104e-06
met1,385.2500,269.2800,met1,387.5500,269.2800,2.482e-07
met1,385.2500,350.8800,met1,391.9200,350.8800,5.831e-07
met1,385.2500,367.2000,met1,387.5500,367.2000,1.520e-07
met1,385.2500,448.8000,met1,392.1500,448.8000,3.350e-06
met1,385.4800,204.0000,met1,388.4700,204.0000,1.113e-06
met1,385.4800,416.1600,met1,387.3200,416.1600,9.295e-07
met1,385.4800,427.0400,met1,387.7800,427.0400,1.366e-06
met1,385.7100,285.6000,met1,390.3100,285.6000,8.964e-07
met1,385.9400,193.1200,met1,389.3900,193.1200,2.986e-07
met1,385.9400,220.3200,met1,387.7800,220.3200,5.163e-07
met1,386.1700,225.7600,met1,389.3900,225.7600,4.676e-07
met1,386.1700,236.6400,met1,391.6900,236.6400,3.769e-07
met1,386.1700,437.9200,met1,388.0100,437.9200,2.374e-06
met1,386.4000,73.4400,met1,390.7700,73.4400,2.987e-06
met1,386.4000,116.9600,met1,393.5300,116.9600,1.684e-06
met1,386.4000,345.4400,met1,396.7500,345.4400,2.827e-07
met1,386.4000,372.6400,met1,391.0000,372.6400,1.275e-07
met1,386.6300,247.5200,met1,389.1600,247.5200,7.235e-07
met1,386.6300,394.4000,met1,390.0800,394.4000,1.837e-07
met1,386.8600,155.0400,met1,390.7700,155.0400,3.042e-07
met1,386.8600,214.8800,met1,396.7500,214.8800,5.556e-08
met1,386.8600,263.8400,met1,392.8400,263.8400,2.443e-07
met1,386.8600,274.7200,met1,393.5300,274.7200,7.531e-07
met1,386.8600,296.4800,met1,393.7600,296.4800,3.829e-07
met1,387.3200,252.9600,met1,389.1600,252.9600,7.120e-07
met1,387.3200,410.7200,met1,395.8300,410.7200,1.916e-06
met1,387.3200,416.1600,met1,390.3100,416.1600,9.469e-07
met1,387.5500,46.2400,met1,391.9200,46.2400,2.264e-06
met1,387.5500,269.2800,met1,389.6200,269.2800,2.408e-07
met1,387.5500,312.8000,met1,389.6200,312.8000,7.080e-07
met1,387.5500,367.2000,met1,389.8500,367.2000,1.559e-07
met1,387.7800,220.3200,met1,390.0800,220.3200,5.153e-07
met1,387.7800,242.0800,met1,396.7500,242.0800,5.085e-07
met1,387.7800,334.5600,met1,391.2300,334.5600,3.540e-07
met1,387.7800,427.0400,met1,390.3100,427.0400,1.381e-06
met1,388.0100,111.5200,met1,394.9100,111.5200,1.919e-06
met1,388.0100,405.2800,met1,390.3100,405.2800,5.783e-07
met1,388.0100,437.9200,met1,390.5400,437.9200,2.406e-06
met1,388.2400,40.8000,met1,391.0000,40.8000,2.589e-06
met1,388.2400,84.3200,met1,390.3100,84.3200,3.104e-06
met1,388.2400,301.9200,met1,395.6000,301.9200,6.931e-07
met1,388.2400,383.5200,met1,392.1500,383.5200,1.732e-07
met1,388.2400,443.3600,met1,390.5400,443.3600,2.498e-06
met1,388.4700,204.0000,met1,393.0700,204.0000,1.113e-06
met1,388.4700,378.0800,met1,391.4600,378.0800,2.001e-07
met1,388.7000,19.0400,met1,391.0000,19.0400,1.826e-06
met1,388.7000,62.5600,met1,391.9200,62.5600,2.828e-06
met1,388.9300,95.2000,met1,391.2300,95.2000,3.086e-06
met1,388.9300,160.4800,met1,391.6900,160.4800,1.436e-06
met1,388.9300,182.2400,met1,392.3800,182.2400,7.770e-07
met1,389.1600,78.8800,met1,391.9200,78.8800,3.196e-06
met1,389.1600,165.9200,met1,391.0000,165.9200,6.030e-08
met1,389.1600,247.5200,met1,391.0000,247.5200,7.234e-07
met1,389.1600,252.9600,met1,391.0000,252.9600,7.014e-07
met1,389.3900,29.9200,met1,391.9200,29.9200,2.995e-06
met1,389.3900,144.1600,met1,393.7600,144.1600,4.146e-07
met1,389.3900,171.3600,met1,396.7500,171.3600,5.859e-07
met1,389.3900,193.1200,met1,392.1500,193.1200,3.204e-07
met1,389.3900,225.7600,met1,392.3800,225.7600,4.416e-07
met1,389.3900,399.8400,met1,393.7600,399.8400,5.104e-07
met1,389.6200,269.2800,met1,396.7500,269.2800,2.408e-07
met1,389.6200,312.8000,met1,391.6900,312.8000,3.999e-07
met1,389.8500,367.2000,met1,392.3800,367.2000,1.656e-07
met1,390.0800,68.0000,met1,392.8400,68.0000,3.082e-06
met1,390.0800,220.3200,met1,393.5300,220.3200,5.087e-07
met1,390.0800,323.6800,met1,392.8400,323.6800,3.199e-07
met1,390.0800,394.4000,met1,391.9200,394.4000,1.938e-07
met1,390.3100,84.3200,met1,393.0700,84.3200,3.118e-06
met1,390.3100,285.6000,met1,394.4500,285.6000,2.009e-06
met1,390.3100,405.2800,met1,393.0700,405.2800,5.879e-07
met1,390.3100,416.1600,met1,393.5300,416.1600,9.621e-07
met1,390.3100,427.0400,met1,396.7500,427.0400,1.415e-06
met1,390.5400,51.6800,met1,393.3000,51.6800,1.668e-06
met1,390.5400,100.6400,met1,393.3000,100.6400,1.770e-06
met1,390.5400,187.6800,met1,395.8300,187.6800,7.381e-07
met1,390.5400,437.9200,met1,396.7500,437.9200,2.406e-06
met1,390.5400,443.3600,met1,396.7500,443.3600,2.520e-06
met1,390.7700,73.4400,met1,394.2200,73.4400,3.038e-06
met1,390.7700,155.0400,met1,393.9900,155.0400,8.591e-07
met1,390.7700,465.1200,met1,394.9100,465.1200,2.647e-06
met1,391.0000,19.0400,met1,393.5300,19.0400,1.837e-06
met1,391.0000,40.8000,met1,392.8400,40.8000,2.594e-06
met1,391.0000,165.9200,met1,396.7500,165.9200,6.153e-08
met1,391.0000,247.5200,met1,396.7500,247.5200,7.234e-07
met1,391.0000,252.9600,met1,395.6000,252.9600,4.069e-07
met1,391.0000,372.6400,met1,393.7600,372.6400,1.376e-07
met1,391.2300,95.2000,met1,393.3000,95.2000,3.096e-06
met1,391.2300,318.2400,met1,393.3000,318.2400,1.592e-07
met1,391.2300,334.5600,met1,394.4500,334.5600,3.540e-07
met1,391.4600,122.4000,met1,395.1400,122.4000,2.519e-06
met1,391.4600,378.0800,met1,393.9900,378.0800,2.001e-07
met1,391.6900,160.4800,met1,393.7600,160.4800,1.444e-06
met1,391.6900,236.6400,met1,394.9100,236.6400,3.764e-07
met1,391.6900,312.8000,met1,394.2200,312.8000,4.111e-07
met1,391.6900,356.3200,met1,396.7500,356.3200,7.330e-07
met1,391.9200,29.9200,met1,396.0600,29.9200,4.139e-06
met1,391.9200,46.2400,met1,394.2200,46.2400,2.275e-06
met1,391.9200,57.1200,met1,394.4500,57.1200,2.555e-06
met1,391.9200,62.5600,met1,396.7500,62.5600,2.839e-06
met1,391.9200,78.8800,met1,394.4500,78.8800,3.210e-06
met1,391.9200,149.6000,met1,396.7500,149.6000,1.695e-06
met1,391.9200,350.8800,met1,394.4500,350.8800,1.653e-06
met1,391.9200,394.4000,met1,395.1400,394.4000,1.325e-06
met1,391.9200,470.5600,met1,396.7500,470.5600,3.370e-06
met1,392.1500,193.1200,met1,396.7500,193.1200,3.239e-07
met1,392.1500,209.4400,met1,394.4500,209.4400,1.401e-07
met1,392.1500,340.0000,met1,395.1400,340.0000,6.477e-07
met1,392.1500,383.5200,met1,394.2200,383.5200,1.771e-07
met1,392.1500,448.8000,met1,394.6800,448.8000,3.350e-06
met1,392.3800,13.6000,met1,396.7500,13.6000,3.029e-06
met1,392.3800,138.7200,met1,394.6800,138.7200,6.065e-07
met1,392.3800,182.2400,met1,395.1400,182.2400,2.788e-07
met1,392.3800,225.7600,met1,396.0600,225.7600,4.341e-07
met1,392.3800,367.2000,met1,396.7500,367.2000,1.297e-06
met1,392.6100,35.3600,met1,395.6000,35.3600,1.833e-06
met1,392.8400,40.8000,met1,396.7500,40.8000,3.727e-06
met1,392.8400,68.0000,met1,396.7500,68.0000,4.212e-06
met1,392.8400,263.8400,met1,396.7500,263.8400,8.640e-07
met1,392.8400,291.0400,met1,395.3700,291.0400,2.400e-07
met1,392.8400,307.3600,met1,396.7500,307.3600,3.832e-07
met1,392.8400,323.6800,met1,395.1400,323.6800,3.199e-07
met1,392.8400,432.4800,met1,396.7500,432.4800,3.331e-06
met1,393.0700,84.3200,met1,396.7500,84.3200,3.145e-06
met1,393.0700,204.0000,met1,395.6000,204.0000,1.079e-06
met1,393.0700,405.2800,met1,395.6000,405.2800,5.919e-07
met1,393.3000,51.6800,met1,396.7500,51.6800,1.678e-06
met1,393.3000,95.2000,met1,396.7500,95.2000,3.119e-06
met1,393.3000,100.6400,met1,395.1400,100.6400,1.777e-06
met1,393.3000,127.8400,met1,396.7500,127.8400,6.122e-07
met1,393.3000,318.2400,met1,396.7500,318.2400,4.930e-07
met1,393.5300,19.0400,met1,396.7500,19.0400,1.843e-06
met1,393.5300,116.9600,met1,395.3700,116.9600,1.700e-06
met1,393.5300,220.3200,met1,396.7500,220.3200,4.745e-07
met1,393.5300,274.7200,met1,395.3700,274.7200,7.604e-07
met1,393.5300,416.1600,met1,395.8300,416.1600,9.785e-07
met1,393.7600,24.4800,met1,396.7500,24.4800,1.664e-06
met1,393.7600,144.1600,met1,396.7500,144.1600,1.543e-06
met1,393.7600,160.4800,met1,395.6000,160.4800,1.459e-06
met1,393.7600,296.4800,met1,396.7500,296.4800,3.326e-07
met1,393.7600,372.6400,met1,396.7500,372.6400,1.213e-06
met1,393.7600,399.8400,met1,396.7500,399.8400,5.206e-07
met1,393.9900,155.0400,met1,395.8300,155.0400,8.703e-07
met1,393.9900,378.0800,met1,396.7500,378.0800,6.668e-07
met1,394.2200,46.2400,met1,396.7500,46.2400,2.285e-06
met1,394.2200,73.4400,met1,396.7500,73.4400,3.038e-06
met1,394.2200,312.8000,met1,396.0600,312.8000,4.232e-07
met1,394.2200,383.5200,met1,396.7500,383.5200,1.284e-06
met1,394.4500,57.1200,met1,396.7500,57.1200,2.571e-06
met1,394.4500,78.8800,met1,396.7500,78.8800,3.226e-06
met1,394.4500,209.4400,met1,396.7500,209.4400,1.633e-07
met1,394.4500,285.6000,met1,396.7500,285.6000,2.022e-06
met1,394.4500,334.5600,met1,396.7500,334.5600,3.540e-07
met1,394.4500,350.8800,met1,396.7500,350.8800,2.521e-06
met1,394.6800,138.7200,met1,396.7500,138.7200,6.442e-07
met1,394.6800,448.8000,met1,396.7500,448.8000,3.398e-06
met1,394.9100,111.5200,met1,396.7500,111.5200,1.944e-06
met1,394.9100,231.2000,met1,396.7500,231.2000,2.036e-07
met1,394.9100,236.6400,met1,396.7500,236.6400,7.764e-07
met1,394.9100,454.2400,met1,396.7500,454.2400,2.417e-06
met1,394.9100,465.1200,met1,396.7500,465.1200,2.658e-06
met1,395.1400,100.6400,met1,398.1200,100.6400,1.777e-06
met1,395.1400,122.4000,met1,398.1200,122.4000,2.520e-06
met1,395.1400,182.2400,met1,398.1200,182.2400,2.953e-07
met1,395.1400,323.6800,met1,398.1200,323.6800,3.275e-07
met1,395.1400,340.0000,met1,397.9000,340.0000,4.608e-07
met1,395.1400,394.4000,met1,397.6700,394.4000,2.003e-06
met1,395.3700,116.9600,met1,397.4400,116.9600,1.709e-06
met1,395.3700,274.7200,met1,398.1200,274.7200,7.781e-07
met1,395.3700,291.0400,met1,397.9000,291.0400,2.324e-07
met1,395.6000,35.3600,met1,398.1200,35.3600,1.863e-06
met1,395.6000,160.4800,met1,398.1200,160.4800,1.466e-06
met1,395.6000,204.0000,met1,397.9000,204.0000,1.062e-06
met1,395.6000,252.9600,met1,397.6700,252.9600,4.543e-07
met1,395.6000,301.9200,met1,398.1200,301.9200,1.838e-06
met1,395.6000,405.2800,met1,398.1200,405.2800,1.723e-06
met1,395.6000,459.6800,met1,397.9000,459.6800,1.877e-06
met1,395.8300,155.0400,met1,398.1200,155.0400,8.751e-07
met1,395.8300,187.6800,met1,398.1200,187.6800,7.424e-07
met1,395.8300,410.7200,met1,398.1200,410.7200,1.916e-06
met1,395.8300,416.1600,met1,398.1200,416.1600,9.824e-07
met1,396.0600,29.9200,met1,398.1200,29.9200,4.153e-06
met1,396.0600,225.7600,met1,398.1200,225.7600,6.979e-07
met1,396.0600,312.8000,met1,397.9000,312.8000,4.270e-07
met1,396.7500,13.6000,met1,406.1800,13.6000,3.305e-07
met1,396.7500,13.6000,met2,398.1200,13.6000,2.772e-06
met1,396.7500,19.0400,met1,403.8800,19.0400,6.879e-07
met1,396.7500,19.0400,met2,398.1200,19.0400,2.531e-06
met1,396.7500,24.4800,met1,398.8200,24.4800,1.060e-06
met1,396.7500,24.4800,met2,398.1200,24.4800,6.046e-07
met1,396.7500,40.8000,met1,406.6400,40.8000,5.593e-07
met1,396.7500,40.8000,met2,398.1200,40.8000,3.168e-06
met1,396.7500,46.2400,met1,408.4800,46.2400,4.411e-07
met1,396.7500,46.2400,met2,398.1200,46.2400,1.844e-06
met1,396.7500,51.6800,met1,399.2800,51.6800,7.313e-07
met1,396.7500,51.6800,met2,398.1200,51.6800,2.413e-06
met1,396.7500,57.1200,met1,406.6400,57.1200,9.622e-07
met1,396.7500,57.1200,met2,398.1200,57.1200,1.608e-06
met1,396.7500,62.5600,met1,401.5800,62.5600,9.582e-07
met1,396.7500,62.5600,met2,398.1200,62.5600,1.881e-06
met1,396.7500,68.0000,met1,399.9700,68.0000,1.983e-06
met1,396.7500,68.0000,met2,398.1200,68.0000,2.230e-06
met1,396.7500,73.4400,met1,408.9400,73.4400,7.857e-07
met1,396.7500,73.4400,met2,398.1200,73.4400,2.252e-06
met1,396.7500,78.8800,met1,398.5900,78.8800,2.330e-06
met1,396.7500,78.8800,met2,398.1200,78.8800,8.964e-07
met1,396.7500,84.3200,met1,400.2000,84.3200,1.176e-06
met1,396.7500,84.3200,met2,398.1200,84.3200,1.981e-06
met1,396.7500,89.7600,met1,407.1000,89.7600,1.301e-07
met1,396.7500,89.7600,met2,398.1200,89.7600,2.095e-06
met1,396.7500,95.2000,met1,406.4100,95.2000,2.357e-06
met1,396.7500,95.2000,met2,398.1200,95.2000,1.873e-06
met1,396.7500,106.0800,met1,398.5900,106.0800,1.804e-06
met1,396.7500,106.0800,met2,398.1200,106.0800,3.883e-06
met1,396.7500,111.5200,met1,398.8200,111.5200,4.703e-07
met1,396.7500,111.5200,met2,398.1200,111.5200,1.474e-06
met1,396.7500,127.8400,met1,404.3400,127.8400,1.115e-06
met1,396.7500,127.8400,met2,398.1200,127.8400,2.874e-06
met1,396.7500,133.2800,met1,407.7900,133.2800,7.466e-07
met1,396.7500,133.2800,met2,398.1200,133.2800,3.005e-06
met1,396.7500,138.7200,met1,399.9700,138.7200,1.431e-06
met1,396.7500,138.7200,met2,398.1200,138.7200,2.088e-06
met1,396.7500,144.1600,met1,399.5100,144.1600,6.513e-07
met1,396.7500,144.1600,met2,398.1200,144.1600,2.199e-06
met1,396.7500,149.6000,met1,408.9400,149.6000,1.589e-07
met1,396.7500,149.6000,met2,398.1200,149.6000,1.536e-06
met1,396.7500,165.9200,met1,399.2800,165.9200,1.284e-06
met1,396.7500,165.9200,met2,398.1200,165.9200,1.346e-06
met1,396.7500,171.3600,met1,401.1200,171.3600,1.745e-06
met1,396.7500,171.3600,met2,398.1200,171.3600,2.335e-06
met1,396.7500,176.8000,met1,403.6500,176.8000,8.488e-07
met1,396.7500,176.8000,met2,398.1200,176.8000,1.936e-06
met1,396.7500,193.1200,met1,399.5100,193.1200,1.536e-06
met1,396.7500,193.1200,met2,398.1200,193.1200,1.908e-06
met1,396.7500,198.5600,met1,407.3300,198.5600,8.884e-07
met1,396.7500,198.5600,met2,398.1200,198.5600,1.803e-06
met1,396.7500,209.4400,met1,398.8200,209.4400,3.065e-06
met1,396.7500,209.4400,met2,398.1200,209.4400,3.244e-06
met1,396.7500,214.8800,met1,409.6300,214.8800,1.210e-06
met1,396.7500,214.8800,met2,398.1200,214.8800,1.265e-06
met1,396.7500,220.3200,met1,401.1200,220.3200,2.152e-06
met1,396.7500,220.3200,met2,398.1200,220.3200,1.677e-06
met1,396.7500,231.2000,met1,398.5900,231.2000,2.106e-06
met1,396.7500,231.2000,met2,398.1200,231.2000,1.903e-06
met1,396.7500,236.6400,met1,398.8200,236.6400,1.646e-06
met1,396.7500,236.6400,met2,398.1200,236.6400,2.423e-06
met1,396.7500,242.0800,met1,401.3500,242.0800,1.361e-06
met1,396.7500,242.0800,met2,398.1200,242.0800,1.885e-06
met1,396.7500,247.5200,met1,399.7400,247.5200,2.031e-06
met1,396.7500,247.5200,met2,398.1200,247.5200,1.308e-06
met1,396.7500,258.4000,met1,402.9600,258.4000,7.318e-07
met1,396.7500,258.4000,met2,398.1200,258.4000,1.786e-06
met1,396.7500,263.8400,met1,400.8900,263.8400,8.523e-07
met1,396.7500,263.8400,met2,398.1200,263.8400,1.716e-06
met1,396.7500,269.2800,met1,410.5500,269.2800,1.142e-06
met1,396.7500,269.2800,met2,398.1200,269.2800,9.013e-07
met1,396.7500,280.1600,met1,399.0500,280.1600,1.433e-06
met1,396.7500,280.1600,met2,398.1200,280.1600,9.808e-07
met1,396.7500,285.6000,met1,399.0500,285.6000,2.864e-07
met1,396.7500,285.6000,met2,398.1200,285.6000,2.309e-06
met1,396.7500,296.4800,met1,399.7400,296.4800,4.107e-07
met1,396.7500,296.4800,met2,398.1200,296.4800,7.814e-08
met1,396.7500,307.3600,met1,401.1200,307.3600,2.165e-06
met1,396.7500,307.3600,met2,398.1200,307.3600,1.790e-06
met1,396.7500,318.2400,met1,410.5500,318.2400,3.942e-07
met1,396.7500,318.2400,met2,398.1200,318.2400,8.872e-07
met1,396.7500,329.1200,met1,398.8200,329.1200,1.085e-06
met1,396.7500,329.1200,met2,398.1200,329.1200,7.951e-07
met1,396.7500,334.5600,met1,404.8000,334.5600,2.053e-06
met1,396.7500,334.5600,met2,398.1200,334.5600,2.411e-06
met1,396.7500,345.4400,met1,400.6600,345.4400,1.010e-06
met1,396.7500,345.4400,met2,398.1200,345.4400,7.278e-07
met1,396.7500,350.8800,met1,399.7400,350.8800,6.297e-07
met1,396.7500,350.8800,met2,398.1200,350.8800,3.150e-06
met1,396.7500,356.3200,met1,399.0500,356.3200,1.644e-06
met1,396.7500,356.3200,met2,398.1200,356.3200,2.377e-06
met1,396.7500,361.7600,met1,399.5100,361.7600,1.227e-06
met1,396.7500,361.7600,met2,398.1200,361.7600,9.238e-07
met1,396.7500,367.2000,met1,404.3400,367.2000,1.460e-06
met1,396.7500,367.2000,met2,398.1200,367.2000,2.757e-06
met1,396.7500,372.6400,met1,405.4900,372.6400,1.133e-07
met1,396.7500,372.6400,met2,398.1200,372.6400,1.327e-06
met1,396.7500,378.0800,met1,400.6600,378.0800,1.193e-06
met1,396.7500,378.0800,met2,398.1200,378.0800,1.860e-06
met1,396.7500,383.5200,met1,404.1100,383.5200,4.622e-07
met1,396.7500,383.5200,met2,398.1200,383.5200,1.746e-06
met1,396.7500,388.9600,met1,398.5900,388.9600,7.624e-07
met1,396.7500,388.9600,met2,398.1200,388.9600,1.488e-06
met1,396.7500,399.8400,met1,405.9500,399.8400,1.994e-07
met1,396.7500,399.8400,met2,398.1200,399.8400,3.211e-07
met1,396.7500,421.6000,met1,400.6600,421.6000,1.481e-06
met1,396.7500,421.6000,met2,398.1200,421.6000,2.683e-06
met1,396.7500,427.0400,met1,404.3400,427.0400,5.532e-07
met1,396.7500,427.0400,met2,398.1200,427.0400,2.294e-06
met1,396.7500,432.4800,met1,402.9600,432.4800,2.307e-06
met1,396.7500,432.4800,met2,398.1200,432.4800,1.024e-06
met1,396.7500,437.9200,met1,399.2800,437.9200,6.961e-07
met1,396.7500,437.9200,met2,398.1200,437.9200,3.102e-06
met1,396.7500,443.3600,met1,399.0500,443.3600,9.598e-07
met1,396.7500,443.3600,met2,398.1200,443.3600,1.560e-06
met1,396.7500,448.8000,met1,398.5900,448.8000,1.512e-06
met1,396.7500,448.8000,met2,398.1200,448.8000,1.886e-06
met1,396.7500,454.2400,met1,405.0300,454.2400,1.729e-06
met1,396.7500,454.2400,met2,398.1200,454.2400,7.886e-07
met1,396.7500,465.1200,met1,400.4300,465.1200,8.824e-07
met1,396.7500,465.1200,met2,398.1200,465.1200,1.776e-06
met1,396.7500,470.5600,met1,410.5500,470.5600,8.046e-07
met1,396.7500,470.5600,met2,398.1200,470.5600,2.565e-06
met1,397.4400,116.9600,met1,400.2000,116.9600,8.265e-07
met1,397.4400,116.9600,met2,398.1200,116.9600,2.557e-06
met1,397.6700,252.9600,met1,409.6300,252.9600,1.573e-06
met1,397.6700,252.9600,met2,398.1200,252.9600,2.030e-06
met1,397.6700,394.4000,met1,399.9700,394.4000,1.201e-06
met1,397.6700,394.4000,met2,398.1200,394.4000,3.922e-06
met1,397.9000,204.0000,met1,399.7400,204.0000,2.546e-06
met1,397.9000,204.0000,met2,398.1200,204.0000,1.498e-06
met1,397.9000,291.0400,met1,402.0400,291.0400,2.516e-06
met1,397.9000,291.0400,met2,398.1200,291.0400,2.293e-06
met1,397.9000,312.8000,met1,401.5800,312.8000,3.259e-06
met1,397.9000,312.8000,met2,398.1200,312.8000,3.685e-06
met1,397.9000,340.0000,met1,410.5500,340.0000,5.362e-07
met1,397.9000,340.0000,met2,398.1200,340.0000,9.970e-07
met1,397.9000,459.6800,met1,399.7400,459.6800,4.939e-07
met1,397.9000,459.6800,met2,398.1200,459.6800,1.395e-06
met1,398.1200,29.9200,met1,402.2700,29.9200,1.216e-07
met1,398.1200,29.9200,met2,398.1200,29.9200,4.290e-06
met1,398.1200,35.3600,met1,409.8600,35.3600,3.336e-07
met1,398.1200,35.3600,met2,398.1200,35.3600,1.530e-06
met1,398.1200,100.6400,met1,403.8800,100.6400,4.381e-07
met1,398.1200,100.6400,met2,398.1200,100.6400,1.339e-06
met1,398.1200,122.4000,met1,407.3300,122.4000,9.781e-07
met1,398.1200,122.4000,met2,398.1200,122.4000,1.541e-06
met1,398.1200,155.0400,met1,405.0300,155.0400,1.594e-06
met1,398.1200,155.0400,met2,398.1200,155.0400,3.612e-06
met1,398.1200,160.4800,met1,404.8000,160.4800,4.229e-07
met1,398.1200,160.4800,met2,398.1200,160.4800,1.889e-06
met1,398.1200,182.2400,met1,400.4300,182.2400,2.460e-06
met1,398.1200,182.2400,met2,398.1200,182.2400,2.775e-06
met1,398.1200,187.6800,met1,403.8800,187.6800,6.670e-07
met1,398.1200,187.6800,met2,398.1200,187.6800,1.409e-06
met1,398.1200,225.7600,met1,404.5700,225.7600,1.183e-06
met1,398.1200,225.7600,met2,398.1200,225.7600,1.881e-06
met1,398.1200,274.7200,met1,400.6600,274.7200,1.954e-06
met1,398.1200,274.7200,met2,398.1200,274.7200,2.753e-06
met1,398.1200,301.9200,met1,400.6600,301.9200,6.405e-07
met1,398.1200,301.9200,met2,398.1200,301.9200,2.481e-06
met1,398.1200,323.6800,met1,400.8900,323.6800,7.352e-07
met1,398.1200,323.6800,met2,398.1200,323.6800,1.063e-06
met1,398.1200,405.2800,met1,407.1000,405.2800,5.248e-07
met1,398.1200,405.2800,met2,398.1200,405.2800,1.198e-06
met1,398.1200,410.7200,met1,406.1800,410.7200,4.835e-07
met1,398.1200,410.7200,met2,398.1200,410.7200,2.409e-06
met1,398.1200,416.1600,met1,406.4100,416.1600,1.063e-06
met1,398.1200,416.1600,met2,398.1200,416.1600,1.061e-06
met1,398.5900,78.8800,met1,408.4800,78.8800,2.364e-06
met1,398.5900,106.0800,met1,406.1800,106.0800,1.463e-07
met1,398.5900,231.2000,met1,410.5500,231.2000,2.091e-06
met1,398.5900,388.9600,met1,403.8800,388.9600,3.641e-07
met1,398.5900,448.8000,met1,407.1000,448.8000,1.783e-06
met1,398.8200,24.4800,met1,402.0400,24.4800,1.061e-06
met1,398.8200,111.5200,met1,410.5500,111.5200,4.913e-07
met1,398.8200,209.4400,met1,402.2700,209.4400,2.507e-06
met1,398.8200,236.6400,met1,401.1200,236.6400,1.610e-06
met1,398.8200,329.1200,met1,402.0400,329.1200,1.052e-06
met1,399.0500,280.1600,met1,402.5000,280.1600,1.423e-06
met1,399.0500,285.6000,met1,403.6500,285.6000,2.829e-07
met1,399.0500,356.3200,met1,401.3500,356.3200,1.628e-06
met1,399.0500,443.3600,met1,410.3200,443.3600,9.959e-07
met1,399.2800,51.6800,met1,406.1800,51.6800,3.763e-07
met1,399.2800,165.9200,met1,403.1900,165.9200,4.192e-07
met1,399.2800,437.9200,met1,403.8800,437.9200,3.375e-07
met1,399.5100,144.1600,met1,410.5500,144.1600,6.512e-07
met1,399.5100,193.1200,met1,404.8000,193.1200,1.534e-06
met1,399.5100,361.7600,met1,401.3500,361.7600,1.202e-06
met1,399.7400,204.0000,met1,404.8000,204.0000,2.531e-06
met1,399.7400,247.5200,met1,402.2700,247.5200,8.410e-07
met1,399.7400,296.4800,met1,407.3300,296.4800,4.002e-07
met1,399.7400,350.8800,met1,403.6500,350.8800,5.135e-07
met1,399.7400,459.6800,met1,407.7900,459.6800,5.412e-07
met1,399.9700,68.0000,met1,404.5700,68.0000,2.043e-06
met1,399.9700,138.7200,met1,402.0400,138.7200,1.431e-06
met1,399.9700,394.4000,met1,401.8100,394.4000,1.196e-06
met1,400.2000,84.3200,met1,408.0200,84.3200,2.306e-06
met1,400.2000,116.9600,met1,406.6400,116.9600,7.845e-07
met1,400.4300,182.2400,met1,403.6500,182.2400,2.443e-06
met1,400.4300,465.1200,met1,405.2600,465.1200,2.028e-06
met1,400.6600,274.7200,met1,403.6500,274.7200,8.456e-07
met1,400.6600,301.9200,met1,402.5000,301.9200,5.932e-07
met1,400.6600,345.4400,met1,405.2600,345.4400,9.631e-07
met1,400.6600,378.0800,met1,403.1900,378.0800,1.193e-06
met1,400.6600,421.6000,met1,408.4800,421.6000,1.882e-06
met1,400.8900,263.8400,met1,405.7200,263.8400,8.523e-07
met1,400.8900,323.6800,met1,408.7100,323.6800,6.932e-07
met1,401.1200,171.3600,met1,402.9600,171.3600,6.367e-07
met1,401.1200,220.3200,met1,406.4100,220.3200,1.187e-06
met1,401.1200,236.6400,met1,407.1000,236.6400,1.594e-06
met1,401.1200,307.3600,met1,410.5500,307.3600,1.022e-06
met1,401.3500,242.0800,met1,404.3400,242.0800,1.358e-06
met1,401.3500,356.3200,met1,403.6500,356.3200,1.618e-06
met1,401.3500,361.7600,met1,403.4200,361.7600,1.193e-06
met1,401.5800,62.5600,met1,404.1100,62.5600,9.731e-07
met1,401.5800,312.8000,met1,403.4200,312.8000,2.097e-06
met1,401.8100,394.4000,met1,404.5700,394.4000,1.190e-06
met1,402.0400,24.4800,met1,403.8800,24.4800,1.061e-06
met1,402.0400,138.7200,met1,404.1100,138.7200,1.431e-06
met1,402.0400,291.0400,met1,409.1700,291.0400,1.635e-06
met1,402.0400,329.1200,met1,410.5500,329.1200,5.880e-07
met1,402.2700,29.9200,met1,404.3400,29.9200,1.187e-07
met1,402.2700,209.4400,met1,406.1800,209.4400,2.379e-06
met1,402.2700,247.5200,met1,408.7100,247.5200,8.261e-07
met1,402.5000,280.1600,met1,410.5500,280.1600,1.423e-06
met1,402.5000,301.9200,met1,407.7900,301.9200,5.826e-07
met1,402.9600,171.3600,met1,404.8000,171.3600,6.365e-07
met1,402.9600,258.4000,met1,406.8700,258.4000,6.752e-07
met1,402.9600,432.4800,met1,406.4100,432.4800,2.357e-06
met1,403.1900,165.9200,met1,405.0300,165.9200,4.192e-07
met1,403.1900,378.0800,met1,405.2600,378.0800,1.171e-06
met1,403.4200,312.8000,met1,408.7100,312.8000,7.534e-07
met1,403.4200,361.7600,met1,406.6400,361.7600,1.183e-06
met1,403.6500,176.8000,met1,410.5500,176.8000,8.416e-07
met1,403.6500,182.2400,met1,406.4100,182.2400,1.275e-06
met1,403.6500,274.7200,met1,409.6300,274.7200,8.417e-07
met1,403.6500,285.6000,met1,410.5500,285.6000,6.317e-08
met1,403.6500,350.8800,met1,410.5500,350.8800,5.187e-07
met1,403.6500,356.3200,met1,409.6300,356.3200,1.615e-06
met1,403.8800,19.0400,met1,405.7200,19.0400,6.750e-07
met1,403.8800,24.4800,met1,406.8700,24.4800,1.112e-06
met1,403.8800,100.6400,met1,408.4800,100.6400,1.604e-06
met1,403.8800,187.6800,met1,406.1800,187.6800,6.538e-07
met1,403.8800,388.9600,met1,410.5500,388.9600,3.641e-07
met1,403.8800,437.9200,met1,410.5500,437.9200,1.477e-06
met1,404.1100,62.5600,met1,406.6400,62.5600,9.960e-07
met1,404.1100,138.7200,met1,406.6400,138.7200,1.427e-06
met1,404.1100,383.5200,met1,407.1000,383.5200,4.566e-07
met1,404.3400,29.9200,met1,410.5500,29.9200,1.010e-06
met1,404.3400,127.8400,met1,407.7900,127.8400,1.105e-06
met1,404.3400,242.0800,met1,408.7100,242.0800,1.358e-06
met1,404.3400,367.2000,met1,410.3200,367.2000,2.735e-07
met1,404.3400,427.0400,met1,406.4100,427.0400,5.666e-07
met1,404.5700,68.0000,met1,407.1000,68.0000,3.194e-06
met1,404.5700,225.7600,met1,409.1700,225.7600,1.131e-06
met1,404.5700,394.4000,met1,407.1000,394.4000,1.182e-06
met1,404.8000,160.4800,met1,410.5500,160.4800,4.138e-07
met1,404.8000,171.3600,met1,406.8700,171.3600,6.299e-07
met1,404.8000,193.1200,met1,408.2500,193.1200,1.533e-06
met1,404.8000,204.0000,met1,406.6400,204.0000,2.530e-06
met1,404.8000,334.5600,met1,407.7900,334.5600,1.388e-06
met1,405.0300,155.0400,met1,408.4800,155.0400,3.810e-07
met1,405.0300,165.9200,met1,407.3300,165.9200,4.156e-07
met1,405.0300,454.2400,met1,407.7900,454.2400,1.734e-06
met1,405.2600,345.4400,met1,408.7100,345.4400,9.629e-07
met1,405.2600,378.0800,met1,407.1000,378.0800,1.164e-06
met1,405.2600,465.1200,met1,409.8600,465.1200,2.048e-06
met1,405.4900,372.6400,met1,408.4800,372.6400,1.103e-07
met1,405.7200,19.0400,met1,408.2500,19.0400,6.634e-07
met1,405.7200,263.8400,met1,410.5500,263.8400,8.353e-07
met1,405.9500,399.8400,met1,410.5500,399.8400,2.033e-07
met1,406.1800,13.6000,met1,410.5500,13.6000,1.461e-06
met1,406.1800,51.6800,met1,409.4000,51.6800,4.236e-07
met1,406.1800,106.0800,met1,408.9400,106.0800,1.140e-07
met1,406.1800,187.6800,met1,410.0900,187.6800,6.403e-07
met1,406.1800,209.4400,met1,410.5500,209.4400,1.150e-06
met1,406.1800,410.7200,met1,409.6300,410.7200,6.575e-07
met1,406.4100,95.2000,met1,410.5500,95.2000,2.393e-06
met1,406.4100,182.2400,met1,410.5500,182.2400,1.262e-06
met1,406.4100,220.3200,met1,410.5500,220.3200,1.172e-06
met1,406.4100,416.1600,met1,410.5500,416.1600,1.073e-06
met1,406.4100,427.0400,met1,409.4000,427.0400,5.912e-07
met1,406.4100,432.4800,met1,410.5500,432.4800,2.373e-06
met1,406.6400,40.8000,met1,410.5500,40.8000,1.725e-06
met1,406.6400,57.1200,met1,410.5500,57.1200,2.107e-06
met1,406.6400,62.5600,met1,409.4000,62.5600,1.004e-06
met1,406.6400,116.9600,met1,410.5500,116.9600,3.437e-07
met1,406.6400,138.7200,met1,410.5500,138.7200,3.176e-07
met1,406.6400,204.0000,met1,408.7100,204.0000,1.341e-06
met1,406.6400,361.7600,met1,410.5500,361.7600,5.446e-08
met1,406.8700,24.4800,met1,410.5500,24.4800,1.118e-06
met1,406.8700,171.3600,met1,410.5500,171.3600,6.243e-07
met1,406.8700,258.4000,met1,410.3200,258.4000,6.124e-07
met1,407.1000,68.0000,met1,410.5500,68.0000,3.201e-06
met1,407.1000,89.7600,met1,408.9400,89.7600,5.880e-07
met1,407.1000,236.6400,met1,410.0900,236.6400,5.482e-07
met1,407.1000,378.0800,met1,408.9400,378.0800,1.164e-06
met1,407.1000,383.5200,met1,410.5500,383.5200,4.527e-07
met1,407.1000,394.4000,met1,408.9400,394.4000,6.857e-08
met1,407.1000,405.2800,met1,410.5500,405.2800,5.752e-07
met1,407.1000,448.8000,met1,409.4000,448.8000,1.788e-06
met1,407.3300,122.4000,met1,410.5500,122.4000,9.872e-07
met1,407.3300,165.9200,met1,410.5500,165.9200,4.156e-07
met1,407.3300,198.5600,met1,409.1700,198.5600,8.855e-07
met1,407.3300,296.4800,met1,409.1700,296.4800,3.974e-07
met1,407.7900,127.8400,met1,409.8600,127.8400,1.083e-06
met1,407.7900,133.2800,met1,410.5500,133.2800,1.303e-06
met1,407.7900,301.9200,met1,410.5500,301.9200,5.331e-07
met1,407.7900,334.5600,met1,410.5500,334.5600,2.755e-07
met1,407.7900,454.2400,met1,410.5500,454.2400,1.735e-06
met1,407.7900,459.6800,met1,410.5500,459.6800,5.915e-07
met1,408.0200,84.3200,met1,410.5500,84.3200,3.466e-06
met1,408.2500,19.0400,met1,410.5500,19.0400,6.386e-07
met1,408.2500,193.1200,met1,410.5500,193.1200,1.420e-06
met1,408.4800,46.2400,met1,410.5500,46.2400,4.733e-07
met1,408.4800,78.8800,met1,410.5500,78.8800,3.700e-06
met1,408.4800,100.6400,met1,410.5500,100.6400,1.627e-06
met1,408.4800,155.0400,met1,410.5500,155.0400,3.770e-07
met1,408.4800,372.6400,met1,410.5500,372.6400,1.012e-07
met1,408.4800,421.6000,met1,410.5500,421.6000,1.895e-06
met1,408.7100,204.0000,met1,410.5500,204.0000,1.341e-06
met1,408.7100,242.0800,met1,410.5500,242.0800,1.316e-06
met1,408.7100,247.5200,met1,410.5500,247.5200,8.112e-07
met1,408.7100,312.8000,met1,410.5500,312.8000,4.096e-07
met1,408.7100,323.6800,met1,410.5500,323.6800,6.161e-07
met1,408.7100,345.4400,met1,410.5500,345.4400,8.571e-07
met1,408.9400,73.4400,met1,412.8500,73.4400,1.804e-06
met1,408.9400,89.7600,met1,414.4600,89.7600,1.243e-06
met1,408.9400,106.0800,met1,415.6100,106.0800,1.074e-07
met1,408.9400,149.6000,met1,411.2400,149.6000,2.173e-07
met1,408.9400,378.0800,met1,416.3000,378.0800,5.379e-08
met1,408.9400,394.4000,met1,411.7000,394.4000,6.850e-08
met1,409.1700,198.5600,met1,411.4700,198.5600,8.064e-07
met1,409.1700,225.7600,met1,412.3900,225.7600,1.116e-06
met1,409.1700,291.0400,met1,411.4700,291.0400,1.392e-06
met1,409.1700,296.4800,met1,411.4700,296.4800,3.871e-07
met1,409.4000,51.6800,met1,412.1600,51.6800,4.246e-07
met1,409.4000,62.5600,met1,420.9000,62.5600,2.324e-06
met1,409.4000,427.0400,met1,411.2400,427.0400,6.015e-07
met1,409.4000,448.8000,met1,413.3100,448.8000,1.820e-06
met1,409.6300,214.8800,met1,412.8500,214.8800,1.195e-06
met1,409.6300,252.9600,met1,412.6200,252.9600,1.569e-06
met1,409.6300,274.7200,met1,414.4600,274.7200,8.379e-07
met1,409.6300,356.3200,met1,414.4600,356.3200,1.611e-06
met1,409.6300,410.7200,met1,411.7000,410.7200,6.651e-07
met1,409.8600,35.3600,met1,412.3900,35.3600,3.339e-07
met1,409.8600,127.8400,met1,411.7000,127.8400,1.083e-06
met1,409.8600,465.1200,met1,412.3900,465.1200,2.053e-06
met1,410.0900,187.6800,met1,424.3500,187.6800,6.319e-07
met1,410.0900,236.6400,met1,412.1600,236.6400,4.667e-07
met1,410.3200,258.4000,met1,419.5200,258.4000,6.032e-07
met1,410.3200,367.2000,met1,414.6900,367.2000,2.630e-07
met1,410.3200,443.3600,met1,412.3900,443.3600,1.143e-06
met1,410.5500,13.6000,met1,416.0700,13.6000,1.461e-06
met1,410.5500,19.0400,met1,414.6900,19.0400,6.223e-07
met1,410.5500,24.4800,met1,424.3500,24.4800,1.118e-06
met1,410.5500,29.9200,met1,415.6100,29.9200,1.020e-06
met1,410.5500,40.8000,met1,424.3500,40.8000,1.747e-06
met1,410.5500,46.2400,met1,413.5400,46.2400,4.881e-07
met1,410.5500,57.1200,met1,417.6800,57.1200,2.108e-06
met1,410.5500,68.0000,met1,417.2200,68.0000,3.201e-06
met1,410.5500,78.8800,met1,412.3900,78.8800,3.700e-06
met1,410.5500,84.3200,met1,413.7700,84.3200,3.514e-06
met1,410.5500,95.2000,met1,415.3800,95.2000,2.393e-06
met1,410.5500,100.6400,met1,414.0000,100.6400,1.642e-06
met1,410.5500,111.5200,met1,415.3800,111.5200,4.913e-07
met1,410.5500,116.9600,met1,418.3700,116.9600,3.437e-07
met1,410.5500,122.4000,met1,413.3100,122.4000,9.872e-07
met1,410.5500,133.2800,met1,424.3500,133.2800,1.303e-06
met1,410.5500,138.7200,met1,415.6100,138.7200,9.089e-07
met1,410.5500,144.1600,met1,412.8500,144.1600,6.512e-07
met1,410.5500,155.0400,met1,412.3900,155.0400,3.033e-07
met1,410.5500,160.4800,met1,412.3900,160.4800,4.138e-07
met1,410.5500,165.9200,met1,415.6100,165.9200,4.156e-07
met1,410.5500,171.3600,met1,415.8400,171.3600,6.243e-07
met1,410.5500,176.8000,met1,415.6100,176.8000,8.416e-07
met1,410.5500,182.2400,met1,416.7600,182.2400,1.262e-06
met1,410.5500,193.1200,met1,412.3900,193.1200,1.414e-06
met1,410.5500,204.0000,met1,417.9100,204.0000,1.341e-06
met1,410.5500,209.4400,met1,416.9900,209.4400,1.150e-06
met1,410.5500,220.3200,met1,412.3900,220.3200,1.170e-06
met1,410.5500,231.2000,met1,415.6100,231.2000,2.076e-06
met1,410.5500,242.0800,met1,412.3900,242.0800,1.312e-06
met1,410.5500,247.5200,met1,413.3100,247.5200,8.112e-07
met1,410.5500,263.8400,met1,412.8500,263.8400,7.523e-07
met1,410.5500,269.2800,met1,413.5400,269.2800,1.142e-06
met1,410.5500,280.1600,met1,413.3100,280.1600,1.423e-06
met1,410.5500,285.6000,met1,423.4300,285.6000,9.668e-08
met1,410.5500,301.9200,met1,412.3900,301.9200,4.885e-07
met1,410.5500,307.3600,met1,419.5200,307.3600,1.016e-06
met1,410.5500,312.8000,met1,413.7700,312.8000,4.096e-07
met1,410.5500,318.2400,met1,416.3000,318.2400,3.896e-07
met1,410.5500,323.6800,met1,413.3100,323.6800,4.976e-07
met1,410.5500,329.1200,met1,412.3900,329.1200,4.909e-07
met1,410.5500,334.5600,met1,412.3900,334.5600,2.755e-07
met1,410.5500,340.0000,met1,413.7700,340.0000,5.293e-07
met1,410.5500,345.4400,met1,412.3900,345.4400,8.571e-07
met1,410.5500,350.8800,met1,413.3100,350.8800,5.288e-07
met1,410.5500,361.7600,met1,418.8300,361.7600,5.446e-08
met1,410.5500,372.6400,met1,418.6000,372.6400,1.012e-07
met1,410.5500,383.5200,met1,414.2300,383.5200,4.527e-07
met1,410.5500,388.9600,met1,416.3000,388.9600,3.641e-07
met1,410.5500,399.8400,met1,420.4400,399.8400,2.033e-07
met1,410.5500,405.2800,met1,412.6200,405.2800,5.752e-07
met1,410.5500,416.1600,met1,420.2100,416.1600,1.073e-06
met1,410.5500,421.6000,met1,418.6000,421.6000,1.899e-06
met1,410.5500,432.4800,met1,413.7700,432.4800,2.373e-06
met1,410.5500,437.9200,met1,413.0800,437.9200,2.757e-06
met1,410.5500,454.2400,met1,419.2900,454.2400,1.735e-06
met1,410.5500,459.6800,met1,420.4400,459.6800,1.731e-06
met1,410.5500,470.5600,met1,414.4600,470.5600,8.046e-07
met1,411.2400,149.6000,met1,424.3500,149.6000,2.311e-07
met1,411.2400,427.0400,met1,414.4600,427.0400,6.116e-07
met1,411.4700,198.5600,met1,421.5900,198.5600,7.723e-07
met1,411.4700,291.0400,met1,417.6800,291.0400,1.392e-06
met1,411.4700,296.4800,met1,413.3100,296.4800,3.775e-07
met1,411.7000,127.8400,met1,414.9200,127.8400,1.015e-06
met1,411.7000,394.4000,met1,415.6100,394.4000,6.199e-08
met1,411.7000,410.7200,met1,414.0000,410.7200,6.757e-07
met1,412.1600,51.6800,met1,414.4600,51.6800,1.958e-06
met1,412.1600,236.6400,met1,422.5100,236.6400,4.622e-07
met1,412.3900,35.3600,met1,415.3800,35.3600,3.415e-07
met1,412.3900,78.8800,met1,417.6800,78.8800,3.710e-06
met1,412.3900,155.0400,met1,419.2900,155.0400,2.571e-07
met1,412.3900,160.4800,met1,415.3800,160.4800,4.088e-07
met1,412.3900,193.1200,met1,414.2300,193.1200,1.343e-06
met1,412.3900,220.3200,met1,416.9900,220.3200,1.118e-06
met1,412.3900,225.7600,met1,417.4500,225.7600,1.081e-06
met1,412.3900,242.0800,met1,415.6100,242.0800,1.210e-06
met1,412.3900,301.9200,met1,419.5200,301.9200,2.843e-07
met1,412.3900,329.1200,met1,415.3800,329.1200,4.853e-07
met1,412.3900,334.5600,met1,414.9200,334.5600,2.692e-07
met1,412.3900,345.4400,met1,415.1500,345.4400,7.123e-07
met1,412.3900,443.3600,met1,419.5200,443.3600,1.172e-06
met1,412.3900,465.1200,met1,414.4600,465.1200,2.076e-06
met1,412.6200,252.9600,met1,414.4600,252.9600,1.569e-06
met1,412.6200,405.2800,met1,414.4600,405.2800,5.752e-07
met1,412.8500,73.4400,met1,415.3800,73.4400,1.822e-06
met1,412.8500,144.1600,met1,417.6800,144.1600,6.455e-07
met1,412.8500,214.8800,met1,422.5100,214.8800,1.126e-06
met1,412.8500,263.8400,met1,418.8300,263.8400,7.523e-07
met1,413.0800,437.9200,met1,418.3700,437.9200,3.796e-06
met1,413.3100,122.4000,met1,415.1500,122.4000,9.910e-07
met1,413.3100,247.5200,met1,416.3000,247.5200,8.039e-07
met1,413.3100,280.1600,met1,418.1400,280.1600,3.110e-07
met1,413.3100,296.4800,met1,421.1300,296.4800,3.126e-07
met1,413.3100,323.6800,met1,424.3500,323.6800,4.922e-07
met1,413.3100,350.8800,met1,416.5300,350.8800,5.385e-07
met1,413.3100,448.8000,met1,418.3700,448.8000,1.938e-06
met1,413.5400,46.2400,met1,421.5900,46.2400,9.617e-07
met1,413.5400,269.2800,met1,415.6100,269.2800,1.142e-06
met1,413.7700,84.3200,met1,417.6800,84.3200,3.517e-06
met1,413.7700,312.8000,met1,416.0700,312.8000,4.449e-07
met1,413.7700,340.0000,met1,424.3500,340.0000,5.245e-07
met1,413.7700,432.4800,met1,417.6800,432.4800,2.377e-06
met1,414.0000,100.6400,met1,416.9900,100.6400,1.690e-06
met1,414.0000,410.7200,met1,415.8400,410.7200,6.849e-07
met1,414.2300,193.1200,met1,421.1300,193.1200,1.242e-06
met1,414.2300,383.5200,met1,419.5200,383.5200,4.488e-07
met1,414.4600,51.6800,met1,424.3500,51.6800,3.118e-06
met1,414.4600,89.7600,met1,420.2100,89.7600,2.386e-06
met1,414.4600,252.9600,met1,417.6800,252.9600,4.442e-07
met1,414.4600,274.7200,met1,423.2000,274.7200,2.705e-07
met1,414.4600,356.3200,met1,419.7500,356.3200,4.776e-07
met1,414.4600,405.2800,met1,416.3000,405.2800,5.752e-07
met1,414.4600,427.0400,met1,421.1300,427.0400,1.741e-06
met1,414.4600,465.1200,met1,418.1400,465.1200,2.105e-06
met1,414.4600,470.5600,met1,424.3500,470.5600,1.936e-06
met1,414.6900,19.0400,met1,419.5200,19.0400,6.126e-07
met1,414.6900,367.2000,met1,418.1400,367.2000,1.573e-07
met1,414.9200,127.8400,met1,417.2200,127.8400,1.009e-06
met1,414.9200,334.5600,met1,420.4400,334.5600,2.538e-07
met1,415.1500,122.4000,met1,417.4500,122.4000,1.152e-06
met1,415.1500,345.4400,met1,423.2000,345.4400,6.983e-07
met1,415.3800,35.3600,met1,418.1400,35.3600,3.482e-07
met1,415.3800,73.4400,met1,417.2200,73.4400,1.829e-06
met1,415.3800,95.2000,met1,417.4500,95.2000,2.403e-06
met1,415.3800,111.5200,met1,422.0500,111.5200,2.053e-06
met1,415.3800,160.4800,met1,417.9100,160.4800,4.022e-07
met1,415.3800,329.1200,met1,418.1400,329.1200,4.786e-07
met1,415.6100,29.9200,met1,419.9800,29.9200,1.023e-06
met1,415.6100,106.0800,met1,421.8200,106.0800,2.004e-06
met1,415.6100,138.7200,met1,418.3700,138.7200,1.012e-06
met1,415.6100,165.9200,met1,418.6000,165.9200,3.814e-07
met1,415.6100,176.8000,met1,418.6000,176.8000,8.377e-07
met1,415.6100,231.2000,met1,418.6000,231.2000,2.064e-06
met1,415.6100,242.0800,met1,422.7400,242.0800,1.173e-06
met1,415.6100,269.2800,met1,418.1400,269.2800,1.142e-06
met1,415.6100,394.4000,met1,420.2100,394.4000,1.092e-06
met1,415.8400,171.3600,met1,420.6700,171.3600,5.431e-07
met1,415.8400,410.7200,met1,417.6800,410.7200,6.886e-07
met1,416.0700,13.6000,met1,422.7400,13.6000,1.476e-06
met1,416.0700,312.8000,met1,417.9100,312.8000,4.531e-07
met1,416.3000,247.5200,met1,424.3500,247.5200,8.034e-07
met1,416.3000,318.2400,met1,418.1400,318.2400,3.821e-07
met1,416.3000,378.0800,met1,418.8300,378.0800,5.371e-08
met1,416.3000,388.9600,met1,419.9800,388.9600,4.115e-07
met1,416.3000,405.2800,met1,424.3500,405.2800,5.858e-07
met1,416.5300,350.8800,met1,419.0600,350.8800,5.537e-07
met1,416.7600,182.2400,met1,421.3600,182.2400,1.521e-07
met1,416.9900,100.6400,met1,424.3500,100.6400,1.693e-06
met1,416.9900,209.4400,met1,418.8300,209.4400,3.751e-08
met1,416.9900,220.3200,met1,422.5100,220.3200,1.103e-06
met1,417.2200,68.0000,met1,422.5100,68.0000,3.201e-06
met1,417.2200,73.4400,met1,424.3500,73.4400,2.936e-06
met1,417.2200,127.8400,met1,422.2800,127.8400,1.003e-07
met1,417.4500,95.2000,met1,424.3500,95.2000,2.512e-06
met1,417.4500,122.4000,met1,424.3500,122.4000,1.154e-06
met1,417.4500,225.7600,met1,419.5200,225.7600,1.067e-06
met1,417.6800,57.1200,met1,420.4400,57.1200,2.287e-06
met1,417.6800,78.8800,met1,420.4400,78.8800,3.783e-06
met1,417.6800,84.3200,met1,424.3500,84.3200,3.581e-06
met1,417.6800,144.1600,met1,422.9700,144.1600,4.869e-07
met1,417.6800,252.9600,met1,419.7500,252.9600,4.442e-07
met1,417.6800,291.0400,met1,421.1300,291.0400,1.392e-06
met1,417.6800,410.7200,met1,424.3500,410.7200,1.795e-06
met1,417.6800,432.4800,met1,419.7500,432.4800,2.378e-06
met1,417.9100,160.4800,met1,419.7500,160.4800,3.821e-07
met1,417.9100,204.0000,met1,421.5900,204.0000,1.341e-06
met1,417.9100,312.8000,met1,420.4400,312.8000,4.652e-07
met1,418.1400,35.3600,met1,419.9800,35.3600,3.482e-07
met1,418.1400,269.2800,met1,421.3600,269.2800,1.141e-06
met1,418.1400,280.1600,met1,422.0500,280.1600,3.109e-07
met1,418.1400,318.2400,met1,424.3500,318.2400,3.735e-07
met1,418.1400,329.1200,met1,421.1300,329.1200,4.785e-07
met1,418.1400,367.2000,met1,420.6700,367.2000,9.878e-07
met1,418.1400,465.1200,met1,420.6700,465.1200,2.114e-06
met1,418.3700,116.9600,met1,422.2800,116.9600,4.787e-07
met1,418.3700,138.7200,met1,420.9000,138.7200,1.066e-06
met1,418.3700,437.9200,met1,421.1300,437.9200,3.937e-06
met1,418.3700,448.8000,met1,421.1300,448.8000,1.946e-06
met1,418.6000,165.9200,met1,420.4400,165.9200,3.739e-07
met1,418.6000,176.8000,met1,420.6700,176.8000,8.377e-07
met1,418.6000,231.2000,met1,424.3500,231.2000,9.247e-07
met1,418.6000,372.6400,met1,421.8200,372.6400,9.044e-08
met1,418.6000,421.6000,met1,420.9000,421.6000,1.905e-06
met1,418.8300,209.4400,met1,420.9000,209.4400,2.894e-08
met1,418.8300,263.8400,met1,422.7400,263.8400,6.871e-07
met1,418.8300,361.7600,met1,423.4300,361.7600,6.459e-08
met1,418.8300,378.0800,met1,421.5900,378.0800,3.985e-08
met1,419.0600,350.8800,met1,422.7400,350.8800,5.661e-07
met1,419.2900,155.0400,met1,423.2000,155.0400,9.245e-07
met1,419.2900,454.2400,met1,424.3500,454.2400,1.838e-06
met1,419.5200,19.0400,met1,423.4300,19.0400,5.213e-07
met1,419.5200,225.7600,met1,422.0500,225.7600,1.033e-06
met1,419.5200,258.4000,met1,424.3500,258.4000,6.028e-07
met1,419.5200,301.9200,met1,424.3500,301.9200,2.369e-07
met1,419.5200,307.3600,met1,421.8200,307.3600,1.164e-07
met1,419.5200,383.5200,met1,424.3500,383.5200,6.580e-07
met1,419.5200,443.3600,met1,422.2800,443.3600,1.178e-06
met1,419.7500,160.4800,met1,421.8200,160.4800,3.362e-07
met1,419.7500,252.9600,met1,421.8200,252.9600,4.293e-07
met1,419.7500,356.3200,met1,424.3500,356.3200,4.612e-07
met1,419.7500,432.4800,met1,424.3500,432.4800,2.378e-06
met1,419.9800,29.9200,met1,424.3500,29.9200,2.131e-06
met1,419.9800,35.3600,met1,421.8200,35.3600,3.573e-07
met1,419.9800,388.9600,met1,421.8200,388.9600,4.115e-07
met1,420.2100,89.7600,met1,424.3500,89.7600,2.522e-06
met1,420.2100,394.4000,met1,422.9700,394.4000,1.202e-06
met1,420.2100,416.1600,met1,422.9700,416.1600,1.238e-06
met1,420.4400,57.1200,met1,422.5100,57.1200,2.383e-06
met1,420.4400,78.8800,met1,424.3500,78.8800,3.797e-06
met1,420.4400,165.9200,met1,424.3500,165.9200,3.591e-07
met1,420.4400,312.8000,met1,424.3500,312.8000,4.719e-07
met1,420.4400,334.5600,met1,424.3500,334.5600,8.737e-07
met1,420.4400,399.8400,met1,422.2800,399.8400,2.125e-07
met1,420.4400,459.6800,met1,423.2000,459.6800,2.918e-06
met1,420.6700,171.3600,met1,424.3500,171.3600,5.581e-07
met1,420.6700,176.8000,met1,424.3500,176.8000,7.970e-07
met1,420.6700,367.2000,met1,424.3500,367.2000,9.935e-07
met1,420.6700,465.1200,met1,424.3500,465.1200,2.117e-06
met1,420.9000,62.5600,met1,422.9700,62.5600,2.460e-06
met1,420.9000,138.7200,met1,423.4300,138.7200,1.139e-06
met1,420.9000,209.4400,met1,422.9700,209.4400,2.871e-08
met1,420.9000,421.6000,met1,423.4300,421.6000,1.911e-06
met1,421.1300,193.1200,met1,423.4300,193.1200,1.189e-06
met1,421.1300,291.0400,met1,423.4300,291.0400,1.382e-06
met1,421.1300,296.4800,met1,424.3500,296.4800,3.050e-07
met1,421.1300,329.1200,met1,423.4300,329.1200,4.785e-07
met1,421.1300,427.0400,met1,424.3500,427.0400,1.828e-06
met1,421.1300,437.9200,met1,423.8900,437.9200,4.054e-06
met1,421.1300,448.8000,met1,424.3500,448.8000,1.951e-06
met1,421.3600,182.2400,met1,424.3500,182.2400,1.441e-07
met1,421.3600,269.2800,met1,423.2000,269.2800,1.137e-06
met1,421.5900,46.2400,met1,423.4300,46.2400,9.742e-07
met1,421.5900,198.5600,met1,424.3500,198.5600,7.367e-07
met1,421.5900,204.0000,met1,423.6600,204.0000,1.327e-06
met1,421.5900,378.0800,met1,424.3500,378.0800,2.410e-08
met1,421.8200,35.3600,met1,424.3500,35.3600,3.610e-07
met1,421.8200,106.0800,met1,424.3500,106.0800,3.224e-06
met1,421.8200,160.4800,met1,424.3500,160.4800,2.701e-07
met1,421.8200,252.9600,met1,424.3500,252.9600,4.272e-07
met1,421.8200,307.3600,met1,424.3500,307.3600,1.167e-07
met1,421.8200,372.6400,met1,423.6600,372.6400,8.132e-08
met1,421.8200,388.9600,met1,424.3500,388.9600,4.181e-07
met1,422.0500,111.5200,met1,424.3500,111.5200,2.074e-06
met1,422.0500,225.7600,met1,424.3500,225.7600,1.018e-06
met1,422.0500,280.1600,met1,424.3500,280.1600,3.009e-07
met1,422.2800,116.9600,met1,424.3500,116.9600,5.485e-07
met1,422.2800,127.8400,met1,424.3500,127.8400,1.334e-06
met1,422.2800,399.8400,met1,424.1200,399.8400,2.153e-07
met1,422.2800,443.3600,met1,424.3500,443.3600,1.178e-06
met1,422.5100,57.1200,met1,424.3500,57.1200,2.385e-06
met1,422.5100,68.0000,met1,424.3500,68.0000,3.205e-06
met1,422.5100,214.8800,met1,424.3500,214.8800,1.096e-06
met1,422.5100,220.3200,met1,424.3500,220.3200,1.092e-06
met1,422.5100,236.6400,met1,424.3500,236.6400,4.473e-07
met1,422.7400,13.6000,met1,433.5500,13.6000,1.486e-06
met1,422.7400,242.0800,met1,426.1900,242.0800,1.058e-06
met1,422.7400,263.8400,met1,432.6300,263.8400,6.871e-07
met1,422.7400,350.8800,met1,426.6500,350.8800,5.761e-07
met1,422.9700,62.5600,met1,430.1000,62.5600,2.543e-06
met1,422.9700,144.1600,met1,428.2600,144.1600,5.020e-07
met1,422.9700,209.4400,met1,425.0400,209.4400,2.264e-08
met1,422.9700,394.4000,met1,425.2700,394.4000,1.281e-06
met1,422.9700,416.1600,met1,425.2700,416.1600,1.328e-06
met1,423.2000,155.0400,met1,432.6300,155.0400,9.248e-07
met1,423.2000,269.2800,met1,435.1600,269.2800,2.854e-08
met1,423.2000,274.7200,met1,433.0900,274.7200,2.772e-07
met1,423.2000,345.4400,met1,425.5000,345.4400,4.370e-07
met1,423.2000,459.6800,met1,426.8800,459.6800,2.918e-06
met1,423.4300,19.0400,met1,425.2700,19.0400,5.271e-07
met1,423.4300,46.2400,met1,425.5000,46.2400,2.120e-06
met1,423.4300,138.7200,met1,425.5000,138.7200,1.140e-06
met1,423.4300,193.1200,met1,426.1900,193.1200,1.179e-06
met1,423.4300,285.6000,met1,438.1200,285.6000,9.668e-08
met1,423.4300,291.0400,met1,425.5000,291.0400,2.701e-07
met1,423.4300,329.1200,met1,425.9600,329.1200,4.652e-07
met1,423.4300,361.7600,met1,431.0200,361.7600,1.943e-07
met1,423.4300,421.6000,met1,428.0300,421.6000,1.989e-06
met1,423.6600,204.0000,met1,425.5000,204.0000,1.323e-06
met1,423.6600,372.6400,met1,438.1200,372.6400,7.054e-08
met1,423.8900,437.9200,met1,428.4900,437.9200,4.064e-06
met1,424.1200,399.8400,met1,429.1800,399.8400,2.985e-07
met1,424.3500,24.4800,met1,426.6500,24.4800,1.118e-06
met1,424.3500,29.9200,met1,428.7200,29.9200,2.691e-06
met1,424.3500,35.3600,met1,428.2600,35.3600,9.086e-07
met1,424.3500,40.8000,met1,428.4900,40.8000,1.747e-06
met1,424.3500,51.6800,met1,438.1200,51.6800,3.118e-06
met1,424.3500,57.1200,met1,430.3300,57.1200,2.393e-06
met1,424.3500,68.0000,met1,430.3300,68.0000,3.205e-06
met1,424.3500,73.4400,met1,428.4900,73.4400,2.936e-06
met1,424.3500,78.8800,met1,431.2500,78.8800,3.797e-06
met1,424.3500,84.3200,met1,428.0300,84.3200,3.581e-06
met1,424.3500,89.7600,met1,426.4200,89.7600,2.534e-06
met1,424.3500,95.2000,met1,438.1200,95.2000,2.512e-06
met1,424.3500,100.6400,met1,428.4900,100.6400,1.693e-06
met1,424.3500,106.0800,met1,430.7900,106.0800,3.224e-06
met1,424.3500,111.5200,met1,427.3400,111.5200,2.078e-06
met1,424.3500,116.9600,met1,427.3400,116.9600,5.542e-07
met1,424.3500,122.4000,met1,429.8700,122.4000,1.154e-06
met1,424.3500,127.8400,met1,429.1800,127.8400,1.334e-06
met1,424.3500,133.2800,met1,432.6300,133.2800,1.303e-06
met1,424.3500,149.6000,met1,437.0000,149.6000,2.311e-07
met1,424.3500,160.4800,met1,428.0300,160.4800,2.701e-07
met1,424.3500,165.9200,met1,438.1200,165.9200,3.591e-07
met1,424.3500,171.3600,met1,427.1100,171.3600,5.581e-07
met1,424.3500,176.8000,met1,426.8800,176.8000,7.970e-07
met1,424.3500,182.2400,met1,426.1900,182.2400,1.441e-07
met1,424.3500,187.6800,met1,427.5700,187.6800,6.170e-07
met1,424.3500,198.5600,met1,431.2500,198.5600,7.367e-07
met1,424.3500,214.8800,met1,426.1900,214.8800,1.096e-06
met1,424.3500,220.3200,met1,432.8600,220.3200,1.075e-06
met1,424.3500,225.7600,met1,427.1100,225.7600,1.003e-06
met1,424.3500,231.2000,met1,431.7100,231.2000,9.247e-07
met1,424.3500,236.6400,met1,426.1900,236.6400,4.473e-07
met1,424.3500,247.5200,met1,428.0300,247.5200,8.034e-07
met1,424.3500,252.9600,met1,426.1900,252.9600,4.272e-07
met1,424.3500,258.4000,met1,426.4200,258.4000,6.028e-07
met1,424.3500,280.1600,met1,427.5700,280.1600,2.933e-07
met1,424.3500,296.4800,met1,438.1200,296.4800,3.050e-07
met1,424.3500,301.9200,met1,430.7900,301.9200,2.369e-07
met1,424.3500,307.3600,met1,428.2600,307.3600,1.167e-07
met1,424.3500,312.8000,met1,432.6300,312.8000,4.719e-07
met1,424.3500,318.2400,met1,426.6500,318.2400,3.735e-07
met1,424.3500,323.6800,met1,427.3400,323.6800,4.922e-07
met1,424.3500,334.5600,met1,438.1200,334.5600,8.901e-07
met1,424.3500,340.0000,met1,432.8600,340.0000,5.245e-07
met1,424.3500,356.3200,met1,434.2400,356.3200,5.851e-07
met1,424.3500,367.2000,met1,427.5700,367.2000,9.935e-07
met1,424.3500,378.0800,met1,427.8000,378.0800,2.410e-08
met1,424.3500,383.5200,met1,433.3200,383.5200,6.580e-07
met1,424.3500,388.9600,met1,431.7100,388.9600,4.181e-07
met1,424.3500,405.2800,met1,427.1100,405.2800,6.018e-07
met1,424.3500,410.7200,met1,438.1200,410.7200,1.796e-06
met1,424.3500,427.0400,met1,426.6500,427.0400,3.063e-06
met1,424.3500,432.4800,met1,426.1900,432.4800,2.378e-06
met1,424.3500,443.3600,met1,426.1900,443.3600,1.178e-06
met1,424.3500,448.8000,met1,435.1600,448.8000,3.092e-06
met1,424.3500,454.2400,met1,430.1000,454.2400,1.838e-06
met1,424.3500,465.1200,met1,426.4200,465.1200,2.117e-06
met1,424.3500,470.5600,met1,428.7200,470.5600,1.936e-06
met1,425.0400,209.4400,met1,430.7900,209.4400,2.264e-08
met1,425.2700,19.0400,met1,427.1100,19.0400,1.660e-06
met1,425.2700,394.4000,met1,429.6400,394.4000,1.370e-06
met1,425.2700,416.1600,met1,428.4900,416.1600,1.380e-06
met1,425.5000,46.2400,met1,427.3400,46.2400,2.167e-06
met1,425.5000,138.7200,met1,427.8000,138.7200,1.156e-06
met1,425.5000,204.0000,met1,429.6400,204.0000,1.323e-06
met1,425.5000,291.0400,met1,427.3400,291.0400,2.634e-07
met1,425.5000,345.4400,met1,436.5400,345.4400,4.386e-07
met1,425.9600,329.1200,met1,428.9500,329.1200,4.504e-07
met1,426.1900,182.2400,met1,430.5600,182.2400,1.292e-07
met1,426.1900,193.1200,met1,433.0900,193.1200,1.130e-06
met1,426.1900,214.8800,met1,436.0800,214.8800,9.528e-07
met1,426.1900,236.6400,met1,436.7700,236.6400,4.323e-07
met1,426.1900,242.0800,met1,429.4100,242.0800,1.010e-06
met1,426.1900,252.9600,met1,429.6400,252.9600,4.221e-07
met1,426.1900,432.4800,met1,434.0100,432.4800,2.511e-06
met1,426.1900,443.3600,met1,430.5600,443.3600,1.188e-06
met1,426.4200,89.7600,met1,428.7200,89.7600,2.559e-06
met1,426.4200,258.4000,met1,429.8700,258.4000,5.555e-07
met1,426.4200,465.1200,met1,429.8700,465.1200,2.150e-06
met1,426.6500,24.4800,met1,438.1200,24.4800,1.118e-06
met1,426.6500,318.2400,met1,430.1000,318.2400,3.696e-07
met1,426.6500,350.8800,met1,430.7900,350.8800,5.792e-07
met1,426.6500,427.0400,met1,431.7100,427.0400,3.063e-06
met1,426.8800,176.8000,met1,429.8700,176.8000,7.948e-07
met1,426.8800,459.6800,met1,429.4100,459.6800,2.919e-06
met1,427.1100,19.0400,met1,429.8700,19.0400,1.666e-06
met1,427.1100,171.3600,met1,429.4100,171.3600,5.952e-07
met1,427.1100,225.7600,met1,429.8700,225.7600,9.957e-07
met1,427.1100,405.2800,met1,428.9500,405.2800,6.102e-07
met1,427.3400,46.2400,met1,429.8700,46.2400,2.173e-06
met1,427.3400,111.5200,met1,434.4700,111.5200,2.082e-06
met1,427.3400,116.9600,met1,438.1200,116.9600,1.697e-06
met1,427.3400,291.0400,met1,429.4100,291.0400,2.633e-07
met1,427.3400,323.6800,met1,430.3300,323.6800,6.225e-07
met1,427.5700,187.6800,met1,435.6200,187.6800,4.401e-07
met1,427.5700,280.1600,met1,431.0200,280.1600,2.709e-07
met1,427.5700,367.2000,met1,429.4100,367.2000,1.015e-06
met1,427.8000,138.7200,met1,430.5600,138.7200,1.204e-06
met1,427.8000,378.0800,met1,434.2400,378.0800,1.309e-06
met1,428.0300,84.3200,met1,431.2500,84.3200,3.602e-06
met1,428.0300,160.4800,met1,430.5600,160.4800,6.957e-07
met1,428.0300,247.5200,met1,436.3100,247.5200,7.885e-07
met1,428.0300,421.6000,met1,433.7800,421.6000,1.989e-06
met1,428.2600,35.3600,met1,438.1200,35.3600,1.778e-06
met1,428.2600,144.1600,met1,435.3900,144.1600,1.637e-06
met1,428.2600,307.3600,met1,430.3300,307.3600,5.806e-07
met1,428.4900,40.8000,met1,432.6300,40.8000,1.752e-06
met1,428.4900,73.4400,met1,431.0200,73.4400,2.971e-06
met1,428.4900,100.6400,met1,430.7900,100.6400,1.700e-06
met1,428.4900,416.1600,met1,432.4000,416.1600,1.527e-06
met1,428.4900,437.9200,met1,436.7700,437.9200,4.072e-06
met1,428.7200,29.9200,met1,434.0100,29.9200,2.704e-06
met1,428.7200,89.7600,met1,432.1700,89.7600,3.725e-06
met1,428.7200,470.5600,met1,438.1200,470.5600,3.066e-06
met1,428.9500,329.1200,met1,436.3100,329.1200,4.449e-07
met1,428.9500,405.2800,met1,432.8600,405.2800,6.317e-07
met1,429.1800,127.8400,met1,431.4800,127.8400,2.464e-06
met1,429.1800,399.8400,met1,432.4000,399.8400,3.073e-07
met1,429.4100,171.3600,met1,432.1700,171.3600,6.256e-07
met1,429.4100,242.0800,met1,438.1200,242.0800,8.579e-07
met1,429.4100,291.0400,met1,431.9400,291.0400,2.469e-07
met1,429.4100,367.2000,met1,433.3200,367.2000,1.195e-06
met1,429.4100,459.6800,met1,438.1200,459.6800,2.919e-06
met1,429.6400,204.0000,met1,434.0100,204.0000,1.314e-06
met1,429.6400,252.9600,met1,436.3100,252.9600,7.192e-07
met1,429.6400,394.4000,met1,432.1700,394.4000,2.397e-06
met1,429.8700,19.0400,met1,432.8600,19.0400,1.682e-06
met1,429.8700,46.2400,met1,433.3200,46.2400,2.196e-06
met1,429.8700,122.4000,met1,433.5500,122.4000,1.188e-06
met1,429.8700,176.8000,met1,435.8500,176.8000,7.799e-07
met1,429.8700,225.7600,met1,432.1700,225.7600,9.067e-07
met1,429.8700,258.4000,met1,433.5500,258.4000,5.420e-07
met1,429.8700,465.1200,met1,432.1700,465.1200,2.199e-06
met1,430.1000,62.5600,met1,433.7800,62.5600,2.543e-06
met1,430.1000,318.2400,met1,435.6200,318.2400,3.629e-07
met1,430.1000,454.2400,met1,438.1200,454.2400,1.853e-06
met1,430.3300,57.1200,met1,434.4700,57.1200,2.410e-06
met1,430.3300,68.0000,met1,433.5500,68.0000,3.205e-06
met1,430.3300,307.3600,met1,432.6300,307.3600,5.806e-07
met1,430.3300,323.6800,met1,432.8600,323.6800,6.303e-07
met1,430.5600,138.7200,met1,438.1200,138.7200,1.204e-06
met1,430.5600,160.4800,met1,437.0000,160.4800,7.370e-07
met1,430.5600,182.2400,met1,434.9300,182.2400,8.342e-07
met1,430.5600,443.3600,met1,434.2400,443.3600,3.667e-06
met1,430.7900,100.6400,met1,433.3200,100.6400,1.709e-06
met1,430.7900,106.0800,met1,433.5500,106.0800,3.255e-06
met1,430.7900,209.4400,met1,432.8600,209.4400,1.388e-07
met1,430.7900,301.9200,met1,433.3200,301.9200,2.232e-07
met1,430.7900,350.8800,met1,433.0900,350.8800,5.831e-07
met1,431.0200,73.4400,met1,435.3900,73.4400,4.114e-06
met1,431.0200,280.1600,met1,438.1200,280.1600,2.561e-07
met1,431.0200,361.7600,met1,434.4700,361.7600,2.173e-07
met1,431.2500,78.8800,met1,438.1200,78.8800,3.817e-06
met1,431.2500,84.3200,met1,438.1200,84.3200,3.617e-06
met1,431.2500,198.5600,met1,434.4700,198.5600,7.217e-07
met1,431.4800,127.8400,met1,433.5500,127.8400,2.493e-06
met1,431.7100,231.2000,met1,433.5500,231.2000,8.893e-07
met1,431.7100,388.9600,met1,435.8500,388.9600,5.979e-07
met1,431.7100,427.0400,met1,434.9300,427.0400,3.063e-06
met1,431.9400,291.0400,met1,437.0000,291.0400,8.860e-07
met1,432.1700,89.7600,met1,437.0000,89.7600,3.741e-06
met1,432.1700,171.3600,met1,434.2400,171.3600,8.127e-07
met1,432.1700,225.7600,met1,434.0100,225.7600,8.114e-07
met1,432.1700,394.4000,met1,434.2400,394.4000,2.539e-06
met1,432.1700,465.1200,met1,438.1200,465.1200,2.206e-06
met1,432.4000,399.8400,met1,435.8500,399.8400,3.176e-07
met1,432.4000,416.1600,met1,434.7000,416.1600,1.632e-06
met1,432.6300,40.8000,met1,436.5400,40.8000,1.756e-06
met1,432.6300,133.2800,met1,438.1200,133.2800,1.308e-06
met1,432.6300,155.0400,met1,435.8500,155.0400,1.159e-06
met1,432.6300,263.8400,met1,435.1600,263.8400,6.777e-07
met1,432.6300,307.3600,met1,434.7000,307.3600,1.697e-06
met1,432.6300,312.8000,met1,438.1200,312.8000,4.758e-07
met1,432.8600,19.0400,met1,434.7000,19.0400,2.796e-06
met1,432.8600,209.4400,met1,434.7000,209.4400,1.531e-07
met1,432.8600,220.3200,met1,438.1200,220.3200,1.058e-06
met1,432.8600,323.6800,met1,438.1200,323.6800,6.303e-07
met1,432.8600,340.0000,met1,436.3100,340.0000,3.638e-07
met1,432.8600,405.2800,met1,434.9300,405.2800,6.544e-07
met1,433.0900,193.1200,met1,435.8500,193.1200,1.095e-06
met1,433.0900,274.7200,met1,435.1600,274.7200,3.485e-07
met1,433.0900,350.8800,met1,435.3900,350.8800,5.928e-07
met1,433.3200,46.2400,met1,436.0800,46.2400,2.203e-06
met1,433.3200,100.6400,met1,437.0000,100.6400,2.871e-06
met1,433.3200,301.9200,met1,435.1600,301.9200,2.165e-07
met1,433.3200,367.2000,met1,436.5400,367.2000,1.208e-06
met1,433.3200,383.5200,met1,438.1200,383.5200,6.600e-07
met1,433.5500,13.6000,met1,438.1200,13.6000,1.490e-06
met1,433.5500,68.0000,met1,438.1200,68.0000,3.212e-06
met1,433.5500,106.0800,met1,438.1200,106.0800,3.278e-06
met1,433.5500,122.4000,met1,435.3900,122.4000,1.202e-06
met1,433.5500,127.8400,met1,435.3900,127.8400,2.509e-06
met1,433.5500,231.2000,met1,438.1200,231.2000,8.744e-07
met1,433.5500,258.4000,met1,436.3100,258.4000,4.017e-07
met1,433.7800,62.5600,met1,436.0800,62.5600,2.550e-06
met1,433.7800,421.6000,met1,436.0800,421.6000,2.000e-06
met1,434.0100,29.9200,met1,436.5400,29.9200,2.739e-06
met1,434.0100,204.0000,met1,438.1200,204.0000,1.242e-06
met1,434.0100,225.7600,met1,436.3100,225.7600,7.122e-07
met1,434.0100,432.4800,met1,436.3100,432.4800,2.565e-06
met1,434.2400,171.3600,met1,436.5400,171.3600,8.293e-07
met1,434.2400,356.3200,met1,438.1200,356.3200,1.694e-06
met1,434.2400,378.0800,met1,438.1200,378.0800,2.473e-06
met1,434.2400,394.4000,met1,438.1200,394.4000,2.564e-06
met1,434.2400,443.3600,met1,436.0800,443.3600,3.671e-06
met1,434.4700,57.1200,met1,436.5400,57.1200,2.413e-06
met1,434.4700,111.5200,met1,437.4600,111.5200,2.094e-06
met1,434.4700,198.5600,met1,438.1200,198.5600,6.504e-07
met1,434.4700,361.7600,met1,438.1200,361.7600,4.290e-07
met1,434.7000,19.0400,met1,436.5400,19.0400,2.796e-06
met1,434.7000,209.4400,met1,438.1200,209.4400,1.550e-07
met1,434.7000,307.3600,met1,438.1200,307.3600,1.697e-06
met1,434.7000,416.1600,met1,437.6900,416.1600,1.732e-06
met1,434.9300,182.2400,met1,438.1200,182.2400,8.588e-07
met1,434.9300,405.2800,met1,438.1200,405.2800,6.585e-07
met1,434.9300,427.0400,met1,437.9200,427.0400,3.071e-06
met1,435.1600,263.8400,met1,438.1200,263.8400,5.065e-07
met1,435.1600,269.2800,met1,437.6900,269.2800,2.688e-08
met1,435.1600,274.7200,met1,438.1200,274.7200,3.506e-07
met1,435.1600,301.9200,met1,438.1200,301.9200,2.165e-07
met1,435.1600,448.8000,met1,437.0000,448.8000,3.102e-06
met1,435.3900,73.4400,met1,438.1200,73.4400,4.144e-06
met1,435.3900,122.4000,met1,438.1200,122.4000,1.208e-06
met1,435.3900,127.8400,met1,438.1200,127.8400,2.516e-06
met1,435.3900,144.1600,met1,437.6900,144.1600,1.675e-06
met1,435.3900,350.8800,met1,438.1200,350.8800,6.013e-07
met1,435.6200,187.6800,met1,438.1200,187.6800,3.620e-07
met1,435.6200,318.2400,met1,438.1200,318.2400,3.538e-07
met1,435.8500,155.0400,met1,438.1200,155.0400,1.215e-06
met1,435.8500,176.8000,met1,438.1200,176.8000,7.749e-07
met1,435.8500,193.1200,met1,438.1200,193.1200,1.065e-06
met1,435.8500,388.9600,met1,438.1200,388.9600,6.692e-07
met1,435.8500,399.8400,met1,438.1200,399.8400,3.465e-07
met1,436.0800,46.2400,met1,438.1200,46.2400,2.203e-06
met1,436.0800,62.5600,met1,438.1200,62.5600,2.550e-06
met1,436.0800,214.8800,met1,438.1200,214.8800,8.616e-07
met1,436.0800,421.6000,met1,438.1200,421.6000,2.083e-06
met1,436.0800,443.3600,met1,438.1200,443.3600,4.778e-06
met1,436.3100,225.7600,met1,438.1200,225.7600,7.119e-07
met1,436.3100,247.5200,met1,438.1200,247.5200,7.736e-07
met1,436.3100,252.9600,met1,438.1200,252.9600,7.524e-07
met1,436.3100,258.4000,met1,438.1200,258.4000,3.622e-07
met1,436.3100,329.1200,met1,438.1200,329.1200,4.154e-07
met1,436.3100,340.0000,met1,438.1200,340.0000,3.343e-07
met1,436.3100,432.4800,met1,438.1200,432.4800,2.624e-06
met1,436.5400,19.0400,met1,439.3000,19.0400,3.535e-06
met1,436.5400,19.0400,met2,438.1200,19.0400,6.335e-06
met1,436.5400,29.9200,met1,439.7600,29.9200,1.203e-06
met1,436.5400,29.9200,met2,438.1200,29.9200,3.953e-06
met1,436.5400,40.8000,met1,441.6000,40.8000,1.191e-06
met1,436.5400,40.8000,met2,438.1200,40.8000,4.055e-06
met1,436.5400,57.1200,met1,441.1400,57.1200,5.692e-07
met1,436.5400,57.1200,met2,438.1200,57.1200,4.090e-06
met1,436.5400,171.3600,met1,438.3800,171.3600,7.320e-08
met1,436.5400,171.3600,met2,438.1200,171.3600,9.497e-07
met1,436.5400,345.4400,met1,439.3000,345.4400,1.166e-06
met1,436.5400,345.4400,met2,438.1200,345.4400,1.605e-06
met1,436.5400,367.2000,met1,442.7500,367.2000,1.215e-06
met1,436.5400,367.2000,met2,438.1200,367.2000,2.436e-06
met1,436.7700,236.6400,met1,439.9900,236.6400,1.406e-07
met1,436.7700,236.6400,met2,438.1200,236.6400,2.700e-07
met1,436.7700,437.9200,met1,440.4500,437.9200,1.239e-06
met1,436.7700,437.9200,met2,438.1200,437.9200,5.371e-06
met1,437.0000,89.7600,met1,442.0600,89.7600,3.560e-06
met1,437.0000,89.7600,met2,438.1200,89.7600,7.302e-06
met1,437.0000,100.6400,met1,439.7600,100.6400,1.445e-06
met1,437.0000,100.6400,met2,438.1200,100.6400,4.330e-06
met1,437.0000,149.6000,met1,439.9900,149.6000,1.342e-06
met1,437.0000,149.6000,met2,438.1200,149.6000,1.584e-06
met1,437.0000,160.4800,met1,439.3000,160.4800,1.227e-06
met1,437.0000,160.4800,met2,438.1200,160.4800,1.974e-06
met1,437.0000,291.0400,met1,439.9900,291.0400,3.461e-06
met1,437.0000,291.0400,met2,438.1200,291.0400,4.413e-06
met1,437.0000,448.8000,met1,451.9500,448.8000,1.223e-06
met1,437.0000,448.8000,met2,438.1200,448.8000,4.339e-06
met1,437.4600,111.5200,met1,439.7600,111.5200,7.535e-08
met1,437.4600,111.5200,met2,438.1200,111.5200,2.183e-06
met1,437.6900,144.1600,met1,440.2200,144.1600,1.202e-06
met1,437.6900,144.1600,met2,438.1200,144.1600,2.930e-06
met1,437.6900,269.2800,met1,439.7600,269.2800,1.389e-06
met1,437.6900,269.2800,met2,438.1200,269.2800,1.457e-06
met1,437.6900,416.1600,met1,442.5200,416.1600,1.268e-06
met1,437.6900,416.1600,met2,438.1200,416.1600,3.141e-06
met1,437.9200,427.0400,met1,440.2200,427.0400,2.243e-06
met1,437.9200,427.0400,met2,438.1200,427.0400,5.314e-06
met1,438.1200,13.6000,met1,446.4300,13.6000,1.169e-06
met1,438.1200,13.6000,met2,438.1200,13.6000,2.669e-06
met1,438.1200,24.4800,met1,448.7300,24.4800,4.779e-08
met1,438.1200,24.4800,met2,438.1200,24.4800,1.169e-06
met1,438.1200,35.3600,met1,445.5100,35.3600,2.398e-06
met1,438.1200,35.3600,met2,438.1200,35.3600,4.175e-06
met1,438.1200,46.2400,met1,442.5200,46.2400,2.450e-06
met1,438.1200,46.2400,met2,438.1200,46.2400,4.653e-06
met1,438.1200,51.6800,met1,444.1300,51.6800,1.056e-07
met1,438.1200,51.6800,met2,438.1200,51.6800,3.223e-06
met1,438.1200,62.5600,met1,444.1300,62.5600,2.747e-06
met1,438.1200,62.5600,met2,438.1200,62.5600,5.296e-06
met1,438.1200,68.0000,met1,447.3500,68.0000,3.360e-08
met1,438.1200,68.0000,met2,438.1200,68.0000,3.246e-06
met1,438.1200,73.4400,met1,441.8300,73.4400,3.709e-06
met1,438.1200,73.4400,met2,438.1200,73.4400,7.854e-06
met1,438.1200,78.8800,met1,443.6700,78.8800,2.394e-07
met1,438.1200,78.8800,met2,438.1200,78.8800,4.057e-06
met1,438.1200,84.3200,met1,442.0600,84.3200,2.451e-07
met1,438.1200,84.3200,met2,438.1200,84.3200,3.912e-06
met1,438.1200,95.2000,met1,447.1200,95.2000,2.113e-07
met1,438.1200,95.2000,met2,438.1200,95.2000,2.723e-06
met1,438.1200,106.0800,met1,448.5000,106.0800,2.275e-06
met1,438.1200,106.0800,met2,438.1200,106.0800,5.553e-06
met1,438.1200,116.9600,met1,439.9900,116.9600,3.679e-06
met1,438.1200,116.9600,met2,438.1200,116.9600,5.376e-06
met1,438.1200,122.4000,met1,444.3600,122.4000,2.482e-08
met1,438.1200,122.4000,met2,438.1200,122.4000,1.233e-06
met1,438.1200,127.8400,met1,442.5200,127.8400,2.663e-06
met1,438.1200,127.8400,met2,438.1200,127.8400,5.179e-06
met1,438.1200,133.2800,met1,443.6700,133.2800,1.255e-06
met1,438.1200,133.2800,met2,438.1200,133.2800,2.563e-06
met1,438.1200,138.7200,met1,440.9100,138.7200,1.402e-06
met1,438.1200,138.7200,met2,438.1200,138.7200,2.635e-06
met1,438.1200,155.0400,met1,442.9800,155.0400,2.376e-06
met1,438.1200,155.0400,met2,438.1200,155.0400,3.604e-06
met1,438.1200,165.9200,met1,442.7500,165.9200,2.418e-06
met1,438.1200,165.9200,met2,438.1200,165.9200,2.059e-06
met1,438.1200,176.8000,met1,442.0600,176.8000,3.560e-06
met1,438.1200,176.8000,met2,438.1200,176.8000,2.785e-06
met1,438.1200,182.2400,met1,440.6800,182.2400,1.182e-06
met1,438.1200,182.2400,met2,438.1200,182.2400,2.098e-06
met1,438.1200,187.6800,met1,446.6600,187.6800,1.052e-07
met1,438.1200,187.6800,met2,438.1200,187.6800,2.569e-07
met1,438.1200,193.1200,met1,445.0500,193.1200,3.503e-06
met1,438.1200,193.1200,met2,438.1200,193.1200,2.438e-06
met1,438.1200,198.5600,met1,439.9900,198.5600,4.097e-08
met1,438.1200,198.5600,met2,438.1200,198.5600,6.095e-07
met1,438.1200,204.0000,met1,442.0600,204.0000,3.535e-06
met1,438.1200,204.0000,met2,438.1200,204.0000,2.292e-06
met1,438.1200,209.4400,met1,440.4500,209.4400,1.252e-06
met1,438.1200,209.4400,met2,438.1200,209.4400,1.407e-06
met1,438.1200,214.8800,met1,439.9900,214.8800,1.267e-06
met1,438.1200,214.8800,met2,438.1200,214.8800,4.053e-07
met1,438.1200,220.3200,met1,448.0400,220.3200,2.360e-06
met1,438.1200,220.3200,met2,438.1200,220.3200,1.302e-06
met1,438.1200,225.7600,met1,440.4500,225.7600,1.210e-06
met1,438.1200,225.7600,met2,438.1200,225.7600,4.984e-07
met1,438.1200,231.2000,met1,450.1100,231.2000,2.350e-06
met1,438.1200,231.2000,met2,438.1200,231.2000,2.608e-06
met1,438.1200,242.0800,met1,446.2000,242.0800,2.397e-06
met1,438.1200,242.0800,met2,438.1200,242.0800,1.576e-06
met1,438.1200,247.5200,met1,439.9900,247.5200,1.320e-06
met1,438.1200,247.5200,met2,438.1200,247.5200,5.464e-07
met1,438.1200,252.9600,met1,441.3700,252.9600,6.628e-08
met1,438.1200,252.9600,met2,438.1200,252.9600,8.186e-07
met1,438.1200,258.4000,met1,444.5900,258.4000,1.223e-06
met1,438.1200,258.4000,met2,438.1200,258.4000,8.610e-07
met1,438.1200,263.8400,met1,439.9900,263.8400,2.320e-06
met1,438.1200,263.8400,met2,438.1200,263.8400,1.824e-06
met1,438.1200,274.7200,met1,441.3700,274.7200,2.086e-07
met1,438.1200,274.7200,met2,438.1200,274.7200,1.700e-06
met1,438.1200,280.1600,met1,442.5200,280.1600,2.338e-06
met1,438.1200,280.1600,met2,438.1200,280.1600,2.082e-06
met1,438.1200,285.6000,met1,440.9100,285.6000,2.479e-07
met1,438.1200,285.6000,met2,438.1200,285.6000,3.502e-07
met1,438.1200,296.4800,met1,441.1400,296.4800,8.481e-08
met1,438.1200,296.4800,met2,438.1200,296.4800,2.111e-07
met1,438.1200,301.9200,met1,442.2900,301.9200,2.550e-06
met1,438.1200,301.9200,met2,438.1200,301.9200,2.333e-06
met1,438.1200,307.3600,met1,440.9100,307.3600,1.372e-07
met1,438.1200,307.3600,met2,438.1200,307.3600,1.835e-06
met1,438.1200,312.8000,met1,443.2100,312.8000,2.465e-06
met1,438.1200,312.8000,met2,438.1200,312.8000,2.941e-06
met1,438.1200,318.2400,met1,441.1400,318.2400,1.485e-06
met1,438.1200,318.2400,met2,438.1200,318.2400,1.142e-06
met1,438.1200,323.6800,met1,440.9100,323.6800,1.943e-07
met1,438.1200,323.6800,met2,438.1200,323.6800,8.247e-07
met1,438.1200,329.1200,met1,451.2600,329.1200,2.292e-06
met1,438.1200,329.1200,met2,438.1200,329.1200,1.940e-06
met1,438.1200,334.5600,met1,441.8300,334.5600,1.263e-06
met1,438.1200,334.5600,met2,438.1200,334.5600,2.177e-06
met1,438.1200,340.0000,met1,440.4500,340.0000,2.408e-06
met1,438.1200,340.0000,met2,438.1200,340.0000,2.073e-06
met1,438.1200,350.8800,met1,440.9100,350.8800,5.570e-08
met1,438.1200,350.8800,met2,438.1200,350.8800,6.608e-07
met1,438.1200,356.3200,met1,445.0500,356.3200,2.305e-06
met1,438.1200,356.3200,met2,438.1200,356.3200,3.999e-06
met1,438.1200,361.7600,met1,441.1400,361.7600,1.185e-06
met1,438.1200,361.7600,met2,438.1200,361.7600,1.618e-06
met1,438.1200,372.6400,met1,441.6000,372.6400,2.320e-06
met1,438.1200,372.6400,met2,438.1200,372.6400,2.269e-06
met1,438.1200,378.0800,met1,440.2200,378.0800,6.796e-08
met1,438.1200,378.0800,met2,438.1200,378.0800,2.541e-06
met1,438.1200,383.5200,met1,451.9500,383.5200,2.311e-06
met1,438.1200,383.5200,met2,438.1200,383.5200,2.971e-06
met1,438.1200,388.9600,met1,440.2200,388.9600,1.208e-06
met1,438.1200,388.9600,met2,438.1200,388.9600,1.877e-06
met1,438.1200,394.4000,met1,442.7500,394.4000,1.162e-06
met1,438.1200,394.4000,met2,438.1200,394.4000,3.726e-06
met1,438.1200,399.8400,met1,444.3600,399.8400,2.392e-06
met1,438.1200,399.8400,met2,438.1200,399.8400,2.739e-06
met1,438.1200,405.2800,met1,441.8300,405.2800,1.563e-06
met1,438.1200,405.2800,met2,438.1200,405.2800,3.350e-06
met1,438.1200,410.7200,met1,451.0300,410.7200,2.270e-06
met1,438.1200,410.7200,met2,438.1200,410.7200,4.066e-06
met1,438.1200,421.6000,met1,442.5200,421.6000,1.232e-06
met1,438.1200,421.6000,met2,438.1200,421.6000,3.315e-06
met1,438.1200,432.4800,met1,442.2900,432.4800,4.475e-08
met1,438.1200,432.4800,met2,438.1200,432.4800,2.668e-06
met1,438.1200,443.3600,met1,442.5200,443.3600,2.301e-06
met1,438.1200,443.3600,met2,438.1200,443.3600,7.078e-06
met1,438.1200,454.2400,met1,440.2200,454.2400,2.316e-06
met1,438.1200,454.2400,met2,438.1200,454.2400,4.183e-06
met1,438.1200,459.6800,met1,440.4500,459.6800,1.237e-06
met1,438.1200,459.6800,met2,438.1200,459.6800,4.156e-06
met1,438.1200,465.1200,met1,440.2200,465.1200,1.330e-06
met1,438.1200,465.1200,met2,438.1200,465.1200,3.537e-06
met1,438.1200,470.5600,met1,445.2800,470.5600,2.302e-06
met1,438.1200,470.5600,met2,438.1200,470.5600,5.368e-06
met1,438.3800,171.3600,met1,442.7500,171.3600,7.161e-08
met1,439.3000,19.0400,met1,446.6600,19.0400,3.526e-06
met1,439.3000,160.4800,met1,443.9000,160.4800,1.213e-06
met1,439.3000,345.4400,met1,442.9800,345.4400,1.157e-06
met1,439.7600,29.9200,met1,448.5000,29.9200,6.010e-08
met1,439.7600,100.6400,met1,442.0600,100.6400,1.430e-06
met1,439.7600,111.5200,met1,450.3400,111.5200,7.462e-08
met1,439.7600,269.2800,met1,442.2900,269.2800,1.377e-06
met1,439.9900,116.9600,met1,442.0600,116.9600,3.666e-06
met1,439.9900,149.6000,met1,442.9800,149.6000,1.157e-06
met1,439.9900,198.5600,met1,445.0500,198.5600,2.605e-08
met1,439.9900,214.8800,met1,442.7500,214.8800,1.252e-06
met1,439.9900,236.6400,met1,442.2900,236.6400,3.273e-08
met1,439.9900,247.5200,met1,443.2100,247.5200,1.290e-06
met1,439.9900,263.8400,met1,442.7500,263.8400,2.284e-06
met1,439.9900,291.0400,met1,444.8200,291.0400,3.448e-06
met1,440.2200,144.1600,met1,442.0600,144.1600,1.183e-06
met1,440.2200,378.0800,met1,443.9000,378.0800,3.656e-08
met1,440.2200,388.9600,met1,442.5200,388.9600,1.199e-06
met1,440.2200,427.0400,met1,445.7400,427.0400,2.243e-06
met1,440.2200,454.2400,met1,442.5200,454.2400,2.300e-06
met1,440.2200,465.1200,met1,443.4400,465.1200,1.261e-06
met1,440.4500,209.4400,met1,443.2100,209.4400,1.186e-06
met1,440.4500,225.7600,met1,444.8200,225.7600,1.160e-06
met1,440.4500,340.0000,met1,442.7500,340.0000,2.322e-06
met1,440.4500,437.9200,met1,443.6700,437.9200,1.227e-06
met1,440.4500,459.6800,met1,451.9500,459.6800,8.728e-08
met1,440.6800,182.2400,met1,443.4400,182.2400,1.168e-06
met1,440.9100,138.7200,met1,450.3400,138.7200,1.238e-06
met1,440.9100,285.6000,met1,442.7500,285.6000,2.295e-07
met1,440.9100,307.3600,met1,443.6700,307.3600,9.711e-08
met1,440.9100,323.6800,met1,442.7500,323.6800,9.826e-08
met1,440.9100,350.8800,met1,448.5000,350.8800,5.550e-08
met1,441.1400,57.1200,met1,444.1300,57.1200,5.654e-07
met1,441.1400,296.4800,met1,451.9500,296.4800,3.448e-08
met1,441.1400,318.2400,met1,443.2100,318.2400,1.326e-06
met1,441.1400,361.7600,met1,450.8000,361.7600,1.183e-06
met1,441.3700,252.9600,met1,444.5900,252.9600,5.135e-08
met1,441.3700,274.7200,met1,444.1300,274.7200,7.396e-08
met1,441.6000,40.8000,met1,447.1200,40.8000,1.188e-06
met1,441.6000,372.6400,met1,449.8800,372.6400,2.292e-06
met1,441.8300,73.4400,met1,443.6700,73.4400,3.585e-06
met1,441.8300,334.5600,met1,448.5000,334.5600,1.116e-06
met1,441.8300,405.2800,met1,445.7400,405.2800,1.558e-06
met1,442.0600,84.3200,met1,448.2700,84.3200,2.449e-07
met1,442.0600,89.7600,met1,448.2700,89.7600,2.431e-06
met1,442.0600,100.6400,met1,445.2800,100.6400,1.429e-06
met1,442.0600,116.9600,met1,445.0500,116.9600,2.534e-06
met1,442.0600,144.1600,met1,451.0300,144.1600,1.170e-06
met1,442.0600,176.8000,met1,447.3500,176.8000,2.418e-06
met1,442.0600,204.0000,met1,451.7200,204.0000,2.395e-06
met1,442.2900,236.6400,met1,446.8900,236.6400,1.130e-08
met1,442.2900,269.2800,met1,447.3500,269.2800,1.195e-06
met1,442.2900,301.9200,met1,444.5900,301.9200,2.367e-06
met1,442.2900,432.4800,met1,451.9500,432.4800,4.085e-08
met1,442.5200,46.2400,met1,444.5900,46.2400,2.441e-06
met1,442.5200,127.8400,met1,444.5900,127.8400,2.500e-06
met1,442.5200,280.1600,met1,445.0500,280.1600,2.319e-06
met1,442.5200,388.9600,met1,446.6600,388.9600,6.159e-08
met1,442.5200,416.1600,met1,445.7400,416.1600,1.255e-06
met1,442.5200,421.6000,met1,446.8900,421.6000,1.217e-06
met1,442.5200,443.3600,met1,446.8900,443.3600,1.161e-06
met1,442.5200,454.2400,met1,444.5900,454.2400,2.299e-06
met1,442.7500,165.9200,met1,450.8000,165.9200,2.382e-06
met1,442.7500,171.3600,met1,445.9700,171.3600,5.674e-08
met1,442.7500,214.8800,met1,446.6600,214.8800,1.242e-06
met1,442.7500,263.8400,met1,449.8800,263.8400,2.276e-06
met1,442.7500,285.6000,met1,450.3400,285.6000,4.222e-08
met1,442.7500,323.6800,met1,451.9500,323.6800,3.748e-08
met1,442.7500,340.0000,met1,444.5900,340.0000,2.275e-06
met1,442.7500,367.2000,met1,445.2800,367.2000,1.210e-06
met1,442.7500,394.4000,met1,444.5900,394.4000,1.162e-06
met1,442.9800,149.6000,met1,451.9500,149.6000,1.153e-06
met1,442.9800,155.0400,met1,445.9700,155.0400,2.365e-06
met1,442.9800,345.4400,met1,446.2000,345.4400,1.109e-06
met1,443.2100,209.4400,met1,445.5100,209.4400,1.177e-06
met1,443.2100,247.5200,met1,451.9500,247.5200,1.219e-06
met1,443.2100,312.8000,met1,451.9500,312.8000,2.338e-06
met1,443.2100,318.2400,met1,445.0500,318.2400,1.281e-06
met1,443.4400,182.2400,met1,451.9500,182.2400,3.416e-08
met1,443.4400,465.1200,met1,445.2800,465.1200,1.252e-06
met1,443.6700,73.4400,met1,448.0400,73.4400,3.570e-06
met1,443.6700,78.8800,met1,445.7400,78.8800,2.365e-07
met1,443.6700,133.2800,met1,448.0400,133.2800,1.236e-06
met1,443.6700,307.3600,met1,445.9700,307.3600,5.014e-08
met1,443.6700,437.9200,met1,445.7400,437.9200,1.227e-06
met1,443.9000,160.4800,met1,450.8000,160.4800,7.861e-08
met1,443.9000,378.0800,met1,450.3400,378.0800,2.492e-08
met1,444.1300,51.6800,met1,446.8900,51.6800,2.725e-08
met1,444.1300,57.1200,met1,446.8900,57.1200,2.554e-07
met1,444.1300,62.5600,met1,447.3500,62.5600,2.726e-06
met1,444.1300,274.7200,met1,450.8000,274.7200,4.415e-08
met1,444.3600,122.4000,met1,451.9500,122.4000,3.618e-09
met1,444.3600,399.8400,met1,446.2000,399.8400,2.383e-06
met1,444.5900,46.2400,met1,446.4300,46.2400,2.308e-06
met1,444.5900,127.8400,met1,446.8900,127.8400,2.374e-06
met1,444.5900,252.9600,met1,451.9500,252.9600,1.388e-08
met1,444.5900,258.4000,met1,447.1200,258.4000,1.219e-06
met1,444.5900,301.9200,met1,449.8800,301.9200,2.354e-06
met1,444.5900,340.0000,met1,446.6600,340.0000,2.272e-06
met1,444.5900,394.4000,met1,447.5800,394.4000,1.158e-06
met1,444.5900,454.2400,met1,451.9500,454.2400,2.287e-06
met1,444.8200,225.7600,met1,451.9500,225.7600,1.980e-08
met1,444.8200,291.0400,met1,450.8000,291.0400,2.308e-06
met1,445.0500,116.9600,met1,447.3500,116.9600,2.504e-06
met1,445.0500,193.1200,met1,449.8800,193.1200,3.466e-06
met1,445.0500,198.5600,met1,451.9500,198.5600,1.112e-08
met1,445.0500,280.1600,met1,448.9600,280.1600,2.308e-06
met1,445.0500,318.2400,met1,448.0400,318.2400,1.176e-06
met1,445.0500,356.3200,met1,449.4200,356.3200,2.302e-06
met1,445.2800,100.6400,met1,447.3500,100.6400,1.382e-06
met1,445.2800,367.2000,met1,447.5800,367.2000,1.162e-06
met1,445.2800,465.1200,met1,451.9500,465.1200,1.238e-06
met1,445.2800,470.5600,met1,451.9500,470.5600,1.168e-06
met1,445.5100,35.3600,met1,447.8100,35.3600,2.386e-06
met1,445.5100,209.4400,met1,451.9500,209.4400,3.925e-08
met1,445.7400,78.8800,met1,448.7300,78.8800,2.310e-07
met1,445.7400,405.2800,met1,450.5700,405.2800,3.390e-09
met1,445.7400,416.1600,met1,448.0400,416.1600,1.240e-06
met1,445.7400,427.0400,met1,449.1900,427.0400,1.136e-06
met1,445.7400,437.9200,met1,448.9600,437.9200,1.227e-06
met1,445.9700,155.0400,met1,448.0400,155.0400,2.360e-06
met1,445.9700,171.3600,met1,451.9500,171.3600,2.131e-08
met1,445.9700,307.3600,met1,448.0400,307.3600,4.986e-08
met1,446.2000,242.0800,met1,449.4200,242.0800,2.381e-06
met1,446.2000,345.4400,met1,451.9500,345.4400,1.109e-06
met1,446.2000,399.8400,met1,451.9500,399.8400,2.377e-06
met1,446.4300,13.6000,met1,448.7300,13.6000,1.134e-06
met1,446.4300,46.2400,met1,451.9500,46.2400,2.302e-06
met1,446.6600,19.0400,met1,448.7300,19.0400,2.395e-06
met1,446.6600,187.6800,met1,448.5000,187.6800,9.514e-08
met1,446.6600,214.8800,met1,448.9600,214.8800,1.240e-06
met1,446.6600,340.0000,met1,451.9500,340.0000,1.129e-06
met1,446.6600,388.9600,met1,450.1100,388.9600,6.149e-08
met1,446.8900,51.6800,met1,451.9500,51.6800,1.146e-08
met1,446.8900,57.1200,met1,449.1900,57.1200,2.485e-07
met1,446.8900,127.8400,met1,448.7300,127.8400,1.233e-06
met1,446.8900,236.6400,met1,449.8800,236.6400,4.311e-09
met1,446.8900,421.6000,met1,451.9500,421.6000,1.209e-06
met1,446.8900,443.3600,met1,449.8800,443.3600,1.157e-06
met1,447.1200,40.8000,met1,451.9500,40.8000,2.464e-12
met1,447.1200,95.2000,met1,451.9500,95.2000,5.257e-13
met1,447.1200,258.4000,met1,448.9600,258.4000,1.208e-06
met1,447.3500,62.5600,met1,451.9500,62.5600,2.501e-06
met1,447.3500,68.0000,met1,451.9500,68.0000,1.365e-09
met1,447.3500,100.6400,met1,451.9500,100.6400,1.211e-06
met1,447.3500,116.9600,met1,449.8800,116.9600,2.334e-06
met1,447.3500,176.8000,met1,450.8000,176.8000,2.403e-06
met1,447.3500,269.2800,met1,451.9500,269.2800,1.190e-06
met1,447.5800,367.2000,met1,451.9500,367.2000,2.177e-08
met1,447.5800,394.4000,met1,450.5700,394.4000,5.136e-08
met1,447.8100,35.3600,met1,451.9500,35.3600,2.342e-06
met1,448.0400,73.4400,met1,451.9500,73.4400,2.409e-06
met1,448.0400,133.2800,met1,451.9500,133.2800,1.189e-06
met1,448.0400,155.0400,met1,451.9500,155.0400,1.171e-06
met1,448.0400,220.3200,met1,451.9500,220.3200,1.224e-06
met1,448.0400,307.3600,met1,451.4900,307.3600,4.315e-08
met1,448.0400,318.2400,met1,451.9500,318.2400,3.670e-08
met1,448.0400,416.1600,met1,451.7200,416.1600,9.823e-08
met1,448.2700,84.3200,met1,450.5700,84.3200,8.502e-08
met1,448.2700,89.7600,met1,450.5700,89.7600,2.381e-06
met1,448.5000,29.9200,met1,451.0300,29.9200,5.340e-08
met1,448.5000,106.0800,met1,451.9500,106.0800,1.136e-06
met1,448.5000,187.6800,met1,450.3400,187.6800,9.109e-08
met1,448.5000,334.5600,met1,450.8000,334.5600,1.116e-06
met1,448.5000,350.8800,met1,451.9500,350.8800,8.154e-09
met1,448.7300,13.6000,met1,451.9500,13.6000,1.133e-06
met1,448.7300,19.0400,met1,451.0300,19.0400,2.380e-06
met1,448.7300,24.4800,met1,451.9500,24.4800,1.244e-08
met1,448.7300,78.8800,met1,451.9500,78.8800,2.079e-08
met1,448.7300,127.8400,met1,451.9500,127.8400,1.231e-06
met1,448.9600,214.8800,met1,451.9500,214.8800,1.230e-06
met1,448.9600,258.4000,met1,451.2600,258.4000,1.151e-06
met1,448.9600,280.1600,met1,451.9500,280.1600,2.308e-06
met1,448.9600,437.9200,met1,451.9500,437.9200,1.217e-06
met1,449.1900,57.1200,met1,451.9500,57.1200,7.023e-08
met1,449.1900,427.0400,met1,451.9500,427.0400,1.119e-06
met1,449.4200,242.0800,met1,451.9500,242.0800,1.248e-06
met1,449.4200,356.3200,met1,451.9500,356.3200,1.172e-06
met1,449.8800,116.9600,met1,451.9500,116.9600,2.333e-06
met1,449.8800,193.1200,met1,451.9500,193.1200,2.335e-06
met1,449.8800,236.6400,met1,451.9500,236.6400,3.883e-09
met1,449.8800,263.8400,met1,451.9500,263.8400,1.145e-06
met1,449.8800,301.9200,met1,451.7200,301.9200,2.349e-06
met1,449.8800,372.6400,met1,451.9500,372.6400,2.285e-06
met1,449.8800,443.3600,met1,451.9500,443.3600,5.025e-08
met1,450.1100,231.2000,met1,451.9500,231.2000,2.346e-06
met1,450.1100,388.9600,met1,451.9500,388.9600,4.464e-08
met1,450.3400,111.5200,met1,453.5600,111.5200,7.404e-08
met1,450.3400,138.7200,met1,452.6400,138.7200,1.237e-06
met1,450.3400,187.6800,met1,453.3300,187.6800,8.949e-08
met1,450.3400,285.6000,met1,454.0200,285.6000,2.638e-08
met1,450.3400,378.0800,met1,453.1000,378.0800,9.096e-09
met1,450.5700,84.3200,met1,455.8600,84.3200,8.474e-08
met1,450.5700,89.7600,met1,452.6400,89.7600,2.359e-06
met1,450.5700,394.4000,met1,453.1000,394.4000,4.279e-08
met1,450.5700,405.2800,met1,459.7700,405.2800,3.159e-09
met1,450.8000,160.4800,met1,458.1600,160.4800,7.818e-08
met1,450.8000,165.9200,met1,453.5600,165.9200,2.335e-06
met1,450.8000,176.8000,met1,453.5600,176.8000,2.399e-06
met1,450.8000,274.7200,met1,453.5600,274.7200,4.053e-08
met1,450.8000,291.0400,met1,455.4000,291.0400,2.305e-06
met1,450.8000,334.5600,met1,453.5600,334.5600,1.112e-06
met1,450.8000,361.7600,met1,453.3300,361.7600,1.182e-06
met1,451.0300,19.0400,met1,453.1000,19.0400,2.364e-06
met1,451.0300,29.9200,met1,453.5600,29.9200,4.638e-08
met1,451.0300,144.1600,met1,455.1700,144.1600,1.157e-06
met1,451.0300,410.7200,met1,454.9400,410.7200,2.267e-06
met1,451.2600,258.4000,met1,455.4000,258.4000,1.147e-06
met1,451.2600,329.1200,met1,453.3300,329.1200,2.291e-06
met1,451.4900,307.3600,met1,455.1700,307.3600,2.284e-08
met1,451.7200,204.0000,met1,454.0200,204.0000,2.395e-06
met1,451.7200,301.9200,met1,455.8600,301.9200,2.333e-06
met1,451.7200,416.1600,met1,460.9200,416.1600,5.088e-08
met1,451.9500,13.6000,met1,464.1400,13.6000,1.133e-06
met1,451.9500,24.4800,met1,465.2900,24.4800,1.218e-08
met1,451.9500,35.3600,met1,454.7100,35.3600,1.196e-06
met1,451.9500,40.8000,met1,465.7500,40.8000,2.459e-12
met1,451.9500,46.2400,met1,457.2400,46.2400,2.301e-06
met1,451.9500,51.6800,met1,456.3200,51.6800,1.146e-08
met1,451.9500,57.1200,met1,460.0000,57.1200,6.113e-08
met1,451.9500,62.5600,met1,454.4800,62.5600,2.341e-06
met1,451.9500,68.0000,met1,462.7600,68.0000,1.365e-09
met1,451.9500,73.4400,met1,457.7000,73.4400,2.395e-06
met1,451.9500,78.8800,met1,459.0800,78.8800,2.079e-08
met1,451.9500,95.2000,met1,465.7500,95.2000,4.092e-13
met1,451.9500,100.6400,met1,454.2500,100.6400,1.211e-06
met1,451.9500,106.0800,met1,456.7800,106.0800,1.136e-06
met1,451.9500,116.9600,met1,454.4800,116.9600,2.330e-06
met1,451.9500,122.4000,met1,458.1600,122.4000,3.618e-09
met1,451.9500,127.8400,met1,457.2400,127.8400,1.231e-06
met1,451.9500,133.2800,met1,459.3100,133.2800,1.189e-06
met1,451.9500,149.6000,met1,465.5200,149.6000,1.153e-06
met1,451.9500,155.0400,met1,455.1700,155.0400,1.171e-06
met1,451.9500,171.3600,met1,463.4500,171.3600,1.747e-08
met1,451.9500,182.2400,met1,465.7500,182.2400,3.416e-08
met1,451.9500,193.1200,met1,457.9300,193.1200,2.335e-06
met1,451.9500,198.5600,met1,465.7500,198.5600,4.094e-09
met1,451.9500,209.4400,met1,454.7100,209.4400,3.925e-08
met1,451.9500,214.8800,met1,454.0200,214.8800,1.224e-06
met1,451.9500,220.3200,met1,458.8500,220.3200,1.224e-06
met1,451.9500,225.7600,met1,455.8600,225.7600,9.101e-09
met1,451.9500,231.2000,met1,454.0200,231.2000,2.346e-06
met1,451.9500,236.6400,met1,465.7500,236.6400,3.883e-09
met1,451.9500,242.0800,met1,455.1700,242.0800,1.248e-06
met1,451.9500,247.5200,met1,463.9100,247.5200,1.219e-06
met1,451.9500,252.9600,met1,454.0200,252.9600,1.389e-08
met1,451.9500,263.8400,met1,459.5400,263.8400,1.145e-06
met1,451.9500,269.2800,met1,457.7000,269.2800,1.190e-06
met1,451.9500,280.1600,met1,455.4000,280.1600,2.302e-06
met1,451.9500,296.4800,met1,462.3000,296.4800,3.448e-08
met1,451.9500,312.8000,met1,453.7900,312.8000,2.338e-06
met1,451.9500,318.2400,met1,463.9100,318.2400,3.670e-08
met1,451.9500,323.6800,met1,458.1600,323.6800,3.748e-08
met1,451.9500,340.0000,met1,456.0900,340.0000,1.129e-06
met1,451.9500,345.4400,met1,455.8600,345.4400,1.109e-06
met1,451.9500,350.8800,met1,455.1700,350.8800,8.154e-09
met1,451.9500,356.3200,met1,454.0200,356.3200,1.172e-06
met1,451.9500,367.2000,met1,459.0800,367.2000,2.177e-08
met1,451.9500,372.6400,met1,456.0900,372.6400,2.285e-06
met1,451.9500,383.5200,met1,456.3200,383.5200,2.311e-06
met1,451.9500,388.9600,met1,463.9100,388.9600,3.857e-08
met1,451.9500,399.8400,met1,454.0200,399.8400,2.377e-06
met1,451.9500,421.6000,met1,454.9400,421.6000,1.204e-06
met1,451.9500,427.0400,met1,455.4000,427.0400,1.119e-06
met1,451.9500,432.4800,met1,457.0100,432.4800,4.085e-08
met1,451.9500,437.9200,met1,453.7900,437.9200,1.216e-06
met1,451.9500,443.3600,met1,461.8400,443.3600,5.025e-08
met1,451.9500,448.8000,met1,455.6300,448.8000,1.223e-06
met1,451.9500,454.2400,met1,454.7100,454.2400,2.287e-06
met1,451.9500,459.6800,met1,454.0200,459.6800,8.728e-08
met1,451.9500,465.1200,met1,454.0200,465.1200,1.238e-06
met1,451.9500,470.5600,met1,457.2400,470.5600,1.168e-06
met1,452.6400,89.7600,met1,456.0900,89.7600,2.352e-06
met1,452.6400,138.7200,met1,456.5500,138.7200,9.058e-08
met1,453.1000,19.0400,met1,454.9400,19.0400,2.363e-06
met1,453.1000,378.0800,met1,454.9400,378.0800,5.478e-09
met1,453.1000,394.4000,met1,464.1400,394.4000,4.255e-08
met1,453.3300,187.6800,met1,456.7800,187.6800,8.374e-08
met1,453.3300,329.1200,met1,455.4000,329.1200,2.273e-06
met1,453.3300,361.7600,met1,455.8600,361.7600,1.148e-06
met1,453.5600,29.9200,met1,462.5300,29.9200,4.567e-08
met1,453.5600,111.5200,met1,456.0900,111.5200,6.399e-08
met1,453.5600,165.9200,met1,455.8600,165.9200,2.335e-06
met1,453.5600,176.8000,met1,455.4000,176.8000,2.352e-06
met1,453.5600,274.7200,met1,465.2900,274.7200,3.046e-08
met1,453.5600,334.5600,met1,458.8500,334.5600,3.880e-09
met1,453.7900,312.8000,met1,456.7800,312.8000,2.332e-06
met1,453.7900,437.9200,met1,461.3800,437.9200,1.200e-06
met1,454.0200,204.0000,met1,455.8600,204.0000,2.374e-06
met1,454.0200,214.8800,met1,458.6200,214.8800,1.224e-06
met1,454.0200,231.2000,met1,458.3900,231.2000,1.169e-06
met1,454.0200,252.9600,met1,457.9300,252.9600,9.905e-09
met1,454.0200,285.6000,met1,461.1500,285.6000,2.478e-08
met1,454.0200,356.3200,met1,458.6200,356.3200,1.137e-06
met1,454.0200,399.8400,met1,458.6200,399.8400,2.376e-06
met1,454.0200,459.6800,met1,465.7500,459.6800,3.246e-08
met1,454.0200,465.1200,met1,455.8600,465.1200,1.235e-06
met1,454.2500,100.6400,met1,457.7000,100.6400,1.160e-06
met1,454.4800,62.5600,met1,457.2400,62.5600,2.331e-06
met1,454.4800,116.9600,met1,456.7800,116.9600,2.328e-06
met1,454.7100,35.3600,met1,463.4500,35.3600,1.183e-06
met1,454.7100,209.4400,met1,462.9900,209.4400,2.596e-08
met1,454.7100,454.2400,met1,464.6000,454.2400,1.145e-06
met1,454.9400,19.0400,met1,457.2400,19.0400,2.312e-06
met1,454.9400,378.0800,met1,465.7500,378.0800,3.879e-09
met1,454.9400,410.7200,met1,462.3000,410.7200,1.128e-06
met1,454.9400,421.6000,met1,462.0700,421.6000,1.204e-06
met1,455.1700,144.1600,met1,458.1600,144.1600,1.789e-08
met1,455.1700,155.0400,met1,458.6200,155.0400,1.158e-06
met1,455.1700,242.0800,met1,458.3900,242.0800,1.188e-06
met1,455.1700,307.3600,met1,464.8300,307.3600,1.581e-08
met1,455.1700,350.8800,met1,457.2400,350.8800,3.254e-09
met1,455.4000,176.8000,met1,462.0700,176.8000,1.219e-06
met1,455.4000,258.4000,met1,459.5400,258.4000,3.900e-08
met1,455.4000,280.1600,met1,463.9100,280.1600,1.169e-06
met1,455.4000,291.0400,met1,460.9200,291.0400,1.175e-06
met1,455.4000,329.1200,met1,457.2400,329.1200,2.273e-06
met1,455.4000,427.0400,met1,465.7500,427.0400,1.222e-08
met1,455.6300,448.8000,met1,461.8400,448.8000,1.180e-06
met1,455.8600,84.3200,met1,459.0800,84.3200,3.745e-08
met1,455.8600,165.9200,met1,461.3800,165.9200,1.204e-06
met1,455.8600,204.0000,met1,461.1500,204.0000,1.245e-06
met1,455.8600,225.7600,met1,465.7500,225.7600,2.591e-13
met1,455.8600,301.9200,met1,459.7700,301.9200,1.205e-06
met1,455.8600,345.4400,met1,460.9200,345.4400,1.108e-06
met1,455.8600,361.7600,met1,458.1600,361.7600,1.050e-08
met1,455.8600,465.1200,met1,457.7000,465.1200,1.209e-06
met1,456.0900,89.7600,met1,462.9900,89.7600,1.217e-06
met1,456.0900,111.5200,met1,465.5200,111.5200,5.824e-08
met1,456.0900,340.0000,met1,460.2300,340.0000,1.129e-06
met1,456.0900,372.6400,met1,459.0800,372.6400,2.272e-06
met1,456.3200,51.6800,met1,463.6800,51.6800,7.852e-09
met1,456.3200,383.5200,met1,461.3800,383.5200,1.182e-06
met1,456.5500,138.7200,met1,458.8500,138.7200,5.642e-08
met1,456.7800,106.0800,met1,462.3000,106.0800,7.040e-09
met1,456.7800,116.9600,met1,462.5300,116.9600,1.199e-06
met1,456.7800,187.6800,met1,460.9200,187.6800,3.642e-08
met1,456.7800,312.8000,met1,463.4500,312.8000,1.173e-06
met1,457.0100,432.4800,met1,459.0800,432.4800,3.595e-08
met1,457.2400,19.0400,met1,462.0700,19.0400,1.183e-06
met1,457.2400,46.2400,met1,460.2300,46.2400,1.160e-06
met1,457.2400,62.5600,met1,461.8400,62.5600,2.280e-06
met1,457.2400,127.8400,met1,461.8400,127.8400,1.219e-06
met1,457.2400,329.1200,met1,462.5300,329.1200,1.127e-06
met1,457.2400,350.8800,met1,465.7500,350.8800,2.202e-11
met1,457.2400,470.5600,met1,465.7500,470.5600,3.415e-08
met1,457.7000,73.4400,met1,459.5400,73.4400,2.345e-06
met1,457.7000,100.6400,met1,461.6100,100.6400,1.149e-06
met1,457.7000,269.2800,met1,459.5400,269.2800,1.139e-06
met1,457.7000,465.1200,met1,459.5400,465.1200,1.181e-06
met1,457.9300,193.1200,met1,463.9100,193.1200,1.202e-06
met1,457.9300,252.9600,met1,465.7500,252.9600,6.821e-13
met1,458.1600,122.4000,met1,465.7500,122.4000,9.706e-14
met1,458.1600,144.1600,met1,465.7500,144.1600,3.319e-09
met1,458.1600,160.4800,met1,460.6900,160.4800,6.180e-08
met1,458.1600,323.6800,met1,464.8300,323.6800,2.289e-08
met1,458.1600,361.7600,met1,465.7500,361.7600,3.879e-09
met1,458.3900,231.2000,met1,461.1500,231.2000,1.164e-06
met1,458.3900,242.0800,met1,460.4600,242.0800,5.405e-08
met1,458.6200,155.0400,met1,461.6100,155.0400,1.075e-08
met1,458.6200,214.8800,met1,460.9200,214.8800,4.570e-08
met1,458.6200,356.3200,met1,461.8400,356.3200,1.109e-06
met1,458.6200,399.8400,met1,460.9200,399.8400,2.329e-06
met1,458.8500,138.7200,met1,460.6900,138.7200,4.943e-08
met1,458.8500,220.3200,met1,463.6800,220.3200,1.220e-06
met1,458.8500,334.5600,met1,465.7500,334.5600,3.880e-09
met1,459.0800,78.8800,met1,462.9900,78.8800,2.052e-08
met1,459.0800,84.3200,met1,462.3000,84.3200,3.720e-08
met1,459.0800,367.2000,met1,465.7500,367.2000,6.949e-09
met1,459.0800,372.6400,met1,464.8300,372.6400,1.124e-06
met1,459.0800,432.4800,met1,465.5200,432.4800,3.552e-08
met1,459.3100,133.2800,met1,465.7500,133.2800,1.183e-06
met1,459.5400,73.4400,met1,462.3000,73.4400,1.215e-06
met1,459.5400,258.4000,met1,461.6100,258.4000,3.873e-08
met1,459.5400,263.8400,met1,461.3800,263.8400,1.135e-06
met1,459.5400,269.2800,met1,465.7500,269.2800,7.730e-09
met1,459.5400,465.1200,met1,464.8300,465.1200,1.171e-06
met1,459.7700,301.9200,met1,461.6100,301.9200,1.192e-06
met1,459.7700,405.2800,met1,461.8400,405.2800,2.578e-10
met1,460.0000,57.1200,met1,465.5200,57.1200,6.070e-08
met1,460.2300,46.2400,met1,464.3700,46.2400,1.155e-06
met1,460.2300,340.0000,met1,463.4500,340.0000,1.129e-06
met1,460.4600,242.0800,met1,463.6800,242.0800,5.379e-08
met1,460.6900,138.7200,met1,462.9900,138.7200,1.694e-08
met1,460.6900,160.4800,met1,465.7500,160.4800,4.169e-08
met1,460.9200,187.6800,met1,463.2200,187.6800,3.616e-08
met1,460.9200,214.8800,met1,463.6800,214.8800,4.544e-08
met1,460.9200,291.0400,met1,463.4500,291.0400,1.163e-06
met1,460.9200,345.4400,met1,465.7500,345.4400,2.870e-12
met1,460.9200,399.8400,met1,463.9100,399.8400,1.200e-06
met1,460.9200,416.1600,met1,463.9100,416.1600,4.177e-08
met1,461.1500,204.0000,met1,463.2200,204.0000,1.232e-06
met1,461.1500,231.2000,met1,463.9100,231.2000,1.157e-06
met1,461.1500,285.6000,met1,465.7500,285.6000,9.604e-09
met1,461.3800,165.9200,met1,463.4500,165.9200,1.178e-06
met1,461.3800,263.8400,met1,464.1400,263.8400,1.125e-06
met1,461.3800,383.5200,met1,465.2900,383.5200,1.141e-06
met1,461.3800,437.9200,met1,463.9100,437.9200,1.188e-06
met1,461.6100,100.6400,met1,463.9100,100.6400,1.139e-06
met1,461.6100,155.0400,met1,463.9100,155.0400,1.072e-08
met1,461.6100,258.4000,met1,465.7500,258.4000,3.050e-08
met1,461.6100,301.9200,met1,463.9100,301.9200,1.176e-06
met1,461.8400,62.5600,met1,465.7500,62.5600,1.140e-06
met1,461.8400,127.8400,met1,464.8300,127.8400,8.528e-08
met1,461.8400,356.3200,met1,464.1400,356.3200,1.109e-06
met1,461.8400,405.2800,met1,465.7500,405.2800,5.626e-14
met1,461.8400,443.3600,met1,465.7500,443.3600,5.604e-14
met1,461.8400,448.8000,met1,465.7500,448.8000,5.142e-08
met1,462.0700,19.0400,met1,464.6000,19.0400,1.168e-06
met1,462.0700,176.8000,met1,464.6000,176.8000,1.162e-06
met1,462.0700,421.6000,met1,465.7500,421.6000,1.168e-06
met1,462.3000,73.4400,met1,464.8300,73.4400,1.203e-06
met1,462.3000,84.3200,met1,464.8300,84.3200,3.623e-08
met1,462.3000,106.0800,met1,465.7500,106.0800,6.635e-09
met1,462.3000,296.4800,met1,465.7500,296.4800,1.668e-08
met1,462.3000,410.7200,met1,465.0600,410.7200,1.117e-06
met1,462.5300,29.9200,met1,464.3700,29.9200,4.563e-08
met1,462.5300,116.9600,met1,464.3700,116.9600,1.183e-06
met1,462.5300,329.1200,met1,464.3700,329.1200,1.127e-06
met1,462.7600,68.0000,met1,465.7500,68.0000,3.945e-10
met1,462.9900,78.8800,met1,465.7500,78.8800,6.210e-14
met1,462.9900,89.7600,met1,465.7500,89.7600,1.178e-06
met1,462.9900,138.7200,met1,464.8300,138.7200,1.654e-08
met1,462.9900,209.4400,met1,465.7500,209.4400,1.016e-08
met1,463.2200,187.6800,met1,465.7500,187.6800,2.275e-08
met1,463.2200,204.0000,met1,465.7500,204.0000,1.154e-06
met1,463.4500,35.3600,met1,465.7500,35.3600,1.155e-06
met1,463.4500,165.9200,met1,465.7500,165.9200,1.148e-06
met1,463.4500,171.3600,met1,465.7500,171.3600,7.906e-10
met1,463.4500,291.0400,met1,465.7500,291.0400,1.147e-06
met1,463.4500,312.8000,met1,465.7500,312.8000,1.140e-06
met1,463.4500,340.0000,met1,465.2900,340.0000,1.113e-06
met1,463.6800,51.6800,met1,465.7500,51.6800,7.168e-09
met1,463.6800,214.8800,met1,465.7500,214.8800,4.447e-08
met1,463.6800,220.3200,met1,465.7500,220.3200,1.174e-06
met1,463.6800,242.0800,met1,465.7500,242.0800,5.282e-08
met1,463.9100,100.6400,met1,465.7500,100.6400,1.115e-06
met1,463.9100,155.0400,met1,465.7500,155.0400,8.292e-10
met1,463.9100,193.1200,met1,465.7500,193.1200,1.166e-06
met1,463.9100,231.2000,met1,465.7500,231.2000,1.116e-06
met1,463.9100,247.5200,met1,465.7500,247.5200,1.204e-06
met1,463.9100,280.1600,met1,465.7500,280.1600,1.142e-06
met1,463.9100,301.9200,met1,465.7500,301.9200,1.151e-06
met1,463.9100,318.2400,met1,465.7500,318.2400,3.190e-08
met1,463.9100,388.9600,met1,465.7500,388.9600,1.408e-08
met1,463.9100,399.8400,met1,465.7500,399.8400,1.180e-06
met1,463.9100,416.1600,met1,465.7500,416.1600,1.894e-08
met1,463.9100,437.9200,met1,465.7500,437.9200,1.167e-06
met1,464.1400,13.6000,met1,468.5100,13.6000,3.320e-09
met1,464.1400,263.8400,met1,467.5900,263.8400,1.125e-06
met1,464.1400,356.3200,met1,469.6600,356.3200,1.108e-06
met1,464.1400,394.4000,met1,467.3600,394.4000,4.158e-08
met1,464.3700,29.9200,met1,467.5900,29.9200,2.291e-08
met1,464.3700,46.2400,met1,467.5900,46.2400,1.145e-06
met1,464.3700,116.9600,met1,466.9000,116.9600,1.170e-06
met1,464.3700,329.1200,met1,467.8200,329.1200,1.115e-06
met1,464.6000,19.0400,met1,467.8200,19.0400,1.111e-06
met1,464.6000,176.8000,met1,467.5900,176.8000,1.147e-06
met1,464.6000,454.2400,met1,468.2800,454.2400,1.144e-06
met1,464.8300,73.4400,met1,467.5900,73.4400,1.181e-06
met1,464.8300,84.3200,met1,466.6700,84.3200,1.572e-08
met1,464.8300,127.8400,met1,467.1300,127.8400,8.138e-08
met1,464.8300,323.6800,met1,467.1300,323.6800,2.289e-08
met1,464.8300,372.6400,met1,469.4300,372.6400,1.114e-06
met1,464.8300,465.1200,met1,467.8200,465.1200,1.171e-06
met1,465.0600,410.7200,met1,466.9000,410.7200,1.111e-06
met1,465.2900,24.4800,met1,467.3600,24.4800,6.632e-09
met1,465.2900,274.7200,met1,467.5900,274.7200,2.653e-08
met1,465.2900,340.0000,met1,467.3600,340.0000,1.109e-06
met1,465.2900,383.5200,met1,467.5900,383.5200,1.141e-06
met1,465.5200,111.5200,met1,468.0500,111.5200,4.300e-08
met1,465.5200,149.6000,met1,468.0500,149.6000,1.147e-06
met1,465.5200,432.4800,met1,468.5100,432.4800,3.416e-08
met1,465.7500,35.3600,met1,469.2000,35.3600,1.143e-06
met1,465.7500,40.8000,met1,469.2000,40.8000,2.373e-12
met1,465.7500,51.6800,met1,468.2800,51.6800,3.848e-09
met1,465.7500,62.5600,met1,469.6600,62.5600,1.129e-06
met1,465.7500,68.0000,met1,467.5900,68.0000,3.944e-10
met1,465.7500,89.7600,met1,469.4300,89.7600,1.143e-06
met1,465.7500,100.6400,met1,468.7400,100.6400,1.111e-06
met1,465.7500,106.0800,met1,468.7400,106.0800,1.294e-12
met1,465.7500,133.2800,met1,468.0500,133.2800,1.144e-06
met1,465.7500,144.1600,met1,468.5100,144.1600,3.319e-09
met1,465.7500,155.0400,met1,467.8200,155.0400,8.274e-10
met1,465.7500,160.4800,met1,468.5100,160.4800,3.415e-08
met1,465.7500,165.9200,met1,467.8200,165.9200,1.147e-06
met1,465.7500,182.2400,met1,468.0500,182.2400,3.417e-08
met1,465.7500,187.6800,met1,468.0500,187.6800,1.553e-08
met1,465.7500,193.1200,met1,467.5900,193.1200,1.166e-06
met1,465.7500,198.5600,met1,468.5100,198.5600,4.094e-09
met1,465.7500,204.0000,met1,467.8200,204.0000,1.154e-06
met1,465.7500,209.4400,met1,469.2000,209.4400,1.016e-08
met1,465.7500,214.8800,met1,467.8200,214.8800,2.144e-08
met1,465.7500,220.3200,met1,468.0500,220.3200,1.174e-06
met1,465.7500,231.2000,met1,468.7400,231.2000,1.109e-06
met1,465.7500,236.6400,met1,468.2800,236.6400,2.453e-12
met1,465.7500,242.0800,met1,468.2800,242.0800,1.608e-08
met1,465.7500,247.5200,met1,467.8200,247.5200,1.204e-06
met1,465.7500,258.4000,met1,468.0500,258.4000,3.050e-08
met1,465.7500,269.2800,met1,468.5100,269.2800,3.956e-09
met1,465.7500,280.1600,met1,468.9700,280.1600,1.142e-06
met1,465.7500,291.0400,met1,468.2800,291.0400,1.143e-06
met1,465.7500,296.4800,met1,468.9700,296.4800,4.094e-09
met1,465.7500,301.9200,met1,468.7400,301.9200,1.141e-06
met1,465.7500,312.8000,met1,468.0500,312.8000,1.140e-06
met1,465.7500,318.2400,met1,468.7400,318.2400,1.408e-08
met1,465.7500,334.5600,met1,468.0500,334.5600,3.879e-09
met1,465.7500,345.4400,met1,468.7400,345.4400,2.903e-12
met1,465.7500,350.8800,met1,467.5900,350.8800,2.011e-11
met1,465.7500,361.7600,met1,468.9700,361.7600,3.879e-09
met1,465.7500,367.2000,met1,467.8200,367.2000,6.683e-09
met1,465.7500,378.0800,met1,468.5100,378.0800,3.879e-09
met1,465.7500,388.9600,met1,468.7400,388.9600,1.014e-08
met1,465.7500,399.8400,met1,469.6600,399.8400,1.145e-06
met1,465.7500,416.1600,met1,467.8200,416.1600,1.887e-08
met1,465.7500,421.6000,met1,468.0500,421.6000,1.168e-06
met1,465.7500,427.0400,met1,467.8200,427.0400,1.222e-08
met1,465.7500,437.9200,met1,468.0500,437.9200,1.167e-06
met1,465.7500,448.8000,met1,468.2800,448.8000,4.098e-09
met1,465.7500,459.6800,met1,468.5100,459.6800,3.222e-08
met1,465.7500,470.5600,met1,467.5900,470.5600,3.415e-08
met1,466.9000,116.9600,met1,469.2000,116.9600,1.157e-06
met1,466.9000,410.7200,met1,468.7400,410.7200,1.107e-06
met1,467.1300,127.8400,met1,468.9700,127.8400,6.140e-08
met1,467.1300,323.6800,met1,469.6600,323.6800,7.056e-11
met1,467.3600,340.0000,met1,469.6600,340.0000,1.108e-06
met1,467.3600,394.4000,met1,469.2000,394.4000,1.416e-08
met1,467.5900,29.9200,met1,469.8900,29.9200,4.061e-09
met1,467.5900,46.2400,met1,469.6600,46.2400,1.114e-06
met1,467.5900,73.4400,met1,469.6600,73.4400,1.166e-06
met1,467.5900,193.1200,met1,469.6600,193.1200,1.132e-06
met1,467.5900,263.8400,met1,469.6600,263.8400,1.115e-06
met1,467.5900,274.7200,met1,470.1200,274.7200,1.015e-08
met1,467.5900,350.8800,met1,469.4300,350.8800,5.753e-12
met1,467.5900,383.5200,met1,469.6600,383.5200,1.131e-06
met1,467.5900,470.5600,met1,471.2700,470.5600,2.221e-12
met1,467.8200,19.0400,met1,469.6600,19.0400,1.108e-06
met1,467.8200,165.9200,met1,469.6600,165.9200,1.132e-06
met1,467.8200,204.0000,met1,469.6600,204.0000,1.142e-06
met1,467.8200,247.5200,met1,471.2700,247.5200,3.417e-08
met1,467.8200,329.1200,met1,469.6600,329.1200,1.108e-06
met1,467.8200,367.2000,met1,471.0400,367.2000,2.793e-12
met1,467.8200,465.1200,met1,471.2700,465.1200,1.515e-08
met1,468.0500,111.5200,met1,470.5800,111.5200,1.029e-08
met1,468.0500,149.6000,met1,470.5800,149.6000,6.746e-11
met1,468.0500,187.6800,met1,470.3500,187.6800,3.110e-13
met1,468.0500,220.3200,met1,470.5800,220.3200,7.547e-09
met1,468.0500,312.8000,met1,470.3500,312.8000,1.305e-12
met1,468.0500,437.9200,met1,470.5800,437.9200,2.206e-08
met1,468.2800,51.6800,met1,470.1200,51.6800,7.401e-11
met1,468.5100,269.2800,met1,471.0400,269.2800,2.356e-12
met1,468.5100,459.6800,met1,470.8100,459.6800,1.171e-08
met1,468.9700,127.8400,met1,471.2700,127.8400,1.116e-08
met1,468.9700,280.1600,met1,471.2700,280.1600,7.385e-13
met1,469.4300,350.8800,met1,471.9600,350.8800,3.118e-12
met1,469.6600,19.0400,met1,471.5000,19.0400,1.979e-12
met1,470.5800,149.6000,met1,472.4200,149.6000,3.112e-12
met2,38.1200,13.6000,met3,38.1200,13.6000,6.424e-06
met2,38.1200,19.0400,met3,38.1200,19.0400,8.226e-06
met2,38.1200,24.4800,met3,38.1200,24.4800,3.420e-06
met2,38.1200,29.9200,met3,38.1200,29.9200,7.359e-06
met2,38.1200,35.3600,met3,38.1200,35.3600,7.304e-06
met2,38.1200,40.8000,met3,38.1200,40.8000,8.221e-06
met2,38.1200,46.2400,met3,38.1200,46.2400,3.817e-06
met2,38.1200,51.6800,met3,38.1200,51.6800,8.059e-06
met2,38.1200,57.1200,met3,38.1200,57.1200,6.928e-06
met2,38.1200,62.5600,met3,38.1200,62.5600,3.220e-06
met2,38.1200,68.0000,met3,38.1200,68.0000,8.675e-06
met2,38.1200,73.4400,met3,38.1200,73.4400,6.697e-06
met2,38.1200,78.8800,met3,38.1200,78.8800,5.635e-06
met2,38.1200,84.3200,met3,38.1200,84.3200,4.793e-06
met2,38.1200,89.7600,met3,38.1200,89.7600,6.395e-06
met2,38.1200,95.2000,met3,38.1200,95.2000,6.651e-06
met2,38.1200,100.6400,met3,38.1200,100.6400,6.440e-06
met2,38.1200,106.0800,met3,38.1200,106.0800,5.871e-06
met2,38.1200,111.5200,met3,38.1200,111.5200,5.204e-06
met2,38.1200,116.9600,met3,38.1200,116.9600,5.756e-06
met2,38.1200,122.4000,met3,38.1200,122.4000,5.961e-06
met2,38.1200,127.8400,met3,38.1200,127.8400,3.479e-06
met2,38.1200,133.2800,met3,38.1200,133.2800,8.855e-06
met2,38.1200,138.7200,met3,38.1200,138.7200,3.447e-06
met2,38.1200,144.1600,met3,38.1200,144.1600,5.831e-06
met2,38.1200,149.6000,met3,38.1200,149.6000,6.011e-06
met2,38.1200,155.0400,met3,38.1200,155.0400,1.853e-06
met2,38.1200,160.4800,met3,38.1200,160.4800,7.833e-06
met2,38.1200,165.9200,met3,38.1200,165.9200,2.710e-06
met2,38.1200,171.3600,met3,38.1200,171.3600,4.963e-06
met2,38.1200,176.8000,met3,38.1200,176.8000,5.066e-06
met2,38.1200,182.2400,met3,38.1200,182.2400,5.956e-06
met2,38.1200,187.6800,met3,38.1200,187.6800,6.369e-06
met2,38.1200,193.1200,met3,38.1200,193.1200,4.477e-06
met2,38.1200,198.5600,met3,38.1200,198.5600,2.105e-06
met2,38.1200,204.0000,met3,38.1200,204.0000,5.552e-06
met2,38.1200,209.4400,met3,38.1200,209.4400,5.179e-06
met2,38.1200,214.8800,met3,38.1200,214.8800,5.260e-06
met2,38.1200,220.3200,met3,38.1200,220.3200,4.313e-06
met2,38.1200,225.7600,met3,38.1200,225.7600,4.092e-06
met2,38.1200,231.2000,met3,38.1200,231.2000,3.721e-06
met2,38.1200,236.6400,met3,38.1200,236.6400,3.695e-06
met2,38.1200,242.0800,met3,38.1200,242.0800,4.921e-06
met2,38.1200,247.5200,met3,38.1200,247.5200,3.980e-06
met2,38.1200,252.9600,met3,38.1200,252.9600,4.816e-06
met2,38.1200,258.4000,met3,38.1200,258.4000,4.301e-06
met2,38.1200,263.8400,met3,38.1200,263.8400,4.418e-06
met2,38.1200,269.2800,met3,38.1200,269.2800,2.971e-06
met2,38.1200,274.7200,met3,38.1200,274.7200,5.522e-06
met2,38.1200,280.1600,met3,38.1200,280.1600,4.478e-06
met2,38.1200,285.6000,met3,38.1200,285.6000,2.664e-06
met2,38.1200,291.0400,met3,38.1200,291.0400,5.825e-06
met2,38.1200,296.4800,met3,38.1200,296.4800,3.351e-06
met2,38.1200,301.9200,met3,38.1200,301.9200,2.575e-06
met2,38.1200,307.3600,met3,38.1200,307.3600,7.928e-06
met2,38.1200,312.8000,met3,38.1200,312.8000,7.038e-07
met2,38.1200,318.2400,met3,38.1200,318.2400,3.874e-06
met2,38.1200,323.6800,met3,38.1200,323.6800,4.730e-06
met2,38.1200,329.1200,met3,38.1200,329.1200,4.026e-06
met2,38.1200,334.5600,met3,38.1200,334.5600,4.006e-06
met2,38.1200,340.0000,met3,38.1200,340.0000,2.739e-06
met2,38.1200,345.4400,met3,38.1200,345.4400,3.989e-06
met2,38.1200,350.8800,met3,38.1200,350.8800,5.666e-06
met2,38.1200,356.3200,met3,38.1200,356.3200,5.865e-07
met2,38.1200,361.7600,met3,38.1200,361.7600,6.596e-06
met2,38.1200,367.2000,met3,38.1200,367.2000,3.851e-06
met2,38.1200,372.6400,met3,38.1200,372.6400,3.447e-06
met2,38.1200,378.0800,met3,38.1200,378.0800,4.068e-06
met2,38.1200,383.5200,met3,38.1200,383.5200,4.543e-06
met2,38.1200,388.9600,met3,38.1200,388.9600,4.204e-06
met2,38.1200,394.4000,met3,38.1200,394.4000,7.406e-06
met2,38.1200,399.8400,met3,38.1200,399.8400,2.083e-06
met2,38.1200,405.2800,met3,38.1200,405.2800,4.765e-06
met2,38.1200,410.7200,met3,38.1200,410.7200,7.202e-06
met2,38.1200,416.1600,met3,38.1200,416.1600,1.061e-06
met2,38.1200,421.6000,met3,38.1200,421.6000,8.441e-06
met2,38.1200,427.0400,met3,38.1200,427.0400,3.558e-06
met2,38.1200,432.4800,met3,38.1200,432.4800,5.724e-06
met2,38.1200,437.9200,met3,38.1200,437.9200,2.897e-06
met2,38.1200,443.3600,met3,38.1200,443.3600,8.157e-06
met2,38.1200,448.8000,met3,38.1200,448.8000,1.164e-06
met2,38.1200,454.2400,met3,38.1200,454.2400,5.916e-06
met2,38.1200,459.6800,met3,38.1200,459.6800,4.611e-06
met2,38.1200,465.1200,met3,38.1200,465.1200,7.610e-06
met2,38.1200,470.5600,met3,38.1200,470.5600,3.203e-06
met2,78.1200,13.6000,met3,78.1200,13.6000,7.661e-06
met2,78.1200,19.0400,met3,78.1200,19.0400,7.781e-06
met2,78.1200,24.4800,met3,78.1200,24.4800,7.763e-06
met2,78.1200,29.9200,met3,78.1200,29.9200,6.883e-06
met2,78.1200,35.3600,met3,78.1200,35.3600,1.078e-05
met2,78.1200,40.8000,met3,78.1200,40.8000,5.706e-06
met2,78.1200,46.2400,met3,78.1200,46.2400,7.577e-06
met2,78.1200,51.6800,met3,78.1200,51.6800,7.741e-06
met2,78.1200,57.1200,met3,78.1200,57.1200,7.153e-06
met2,78.1200,62.5600,met3,78.1200,62.5600,7.202e-06
met2,78.1200,68.0000,met3,78.1200,68.0000,7.604e-06
met2,78.1200,73.4400,met3,78.1200,73.4400,8.205e-06
met2,78.1200,78.8800,met3,78.1200,78.8800,6.949e-06
met2,78.1200,84.3200,met3,78.1200,84.3200,6.040e-06
met2,78.1200,89.7600,met3,78.1200,89.7600,7.208e-06
met2,78.1200,95.2000,met3,78.1200,95.2000,6.867e-06
met2,78.1200,100.6400,met3,78.1200,100.6400,5.954e-06
met2,78.1200,106.0800,met3,78.1200,106.0800,6.026e-06
met2,78.1200,111.5200,met3,78.1200,111.5200,5.776e-06
met2,78.1200,116.9600,met3,78.1200,116.9600,6.473e-06
met2,78.1200,122.4000,met3,78.1200,122.4000,5.303e-06
met2,78.1200,127.8400,met3,78.1200,127.8400,4.525e-06
met2,78.1200,133.2800,met3,78.1200,133.2800,6.739e-06
met2,78.1200,138.7200,met3,78.1200,138.7200,3.873e-06
met2,78.1200,144.1600,met3,78.1200,144.1600,4.358e-06
met2,78.1200,149.6000,met3,78.1200,149.6000,6.013e-06
met2,78.1200,155.0400,met3,78.1200,155.0400,1.861e-06
met2,78.1200,160.4800,met3,78.1200,160.4800,5.084e-06
met2,78.1200,165.9200,met3,78.1200,165.9200,4.740e-06
met2,78.1200,171.3600,met3,78.1200,171.3600,3.424e-06
met2,78.1200,176.8000,met3,78.1200,176.8000,5.746e-06
met2,78.1200,182.2400,met3,78.1200,182.2400,3.047e-06
met2,78.1200,187.6800,met3,78.1200,187.6800,5.225e-06
met2,78.1200,193.1200,met3,78.1200,193.1200,5.084e-06
met2,78.1200,198.5600,met3,78.1200,198.5600,3.148e-06
met2,78.1200,204.0000,met3,78.1200,204.0000,4.833e-06
met2,78.1200,209.4400,met3,78.1200,209.4400,4.876e-06
met2,78.1200,214.8800,met3,78.1200,214.8800,3.544e-06
met2,78.1200,220.3200,met3,78.1200,220.3200,4.809e-06
met2,78.1200,225.7600,met3,78.1200,225.7600,3.252e-06
met2,78.1200,231.2000,met3,78.1200,231.2000,4.476e-06
met2,78.1200,236.6400,met3,78.1200,236.6400,4.306e-06
met2,78.1200,242.0800,met3,78.1200,242.0800,4.209e-06
met2,78.1200,247.5200,met3,78.1200,247.5200,3.214e-06
met2,78.1200,252.9600,met3,78.1200,252.9600,3.923e-06
met2,78.1200,258.4000,met3,78.1200,258.4000,4.038e-06
met2,78.1200,263.8400,met3,78.1200,263.8400,5.047e-06
met2,78.1200,269.2800,met3,78.1200,269.2800,2.912e-06
met2,78.1200,274.7200,met3,78.1200,274.7200,4.975e-06
met2,78.1200,280.1600,met3,78.1200,280.1600,2.998e-06
met2,78.1200,285.6000,met3,78.1200,285.6000,5.253e-06
met2,78.1200,291.0400,met3,78.1200,291.0400,1.968e-06
met2,78.1200,296.4800,met3,78.1200,296.4800,4.712e-06
met2,78.1200,301.9200,met3,78.1200,301.9200,2.034e-06
met2,78.1200,307.3600,met3,78.1200,307.3600,6.085e-06
met2,78.1200,312.8000,met3,78.1200,312.8000,1.024e-06
met2,78.1200,318.2400,met3,78.1200,318.2400,3.706e-06
met2,78.1200,323.6800,met3,78.1200,323.6800,3.266e-06
met2,78.1200,329.1200,met3,78.1200,329.1200,2.431e-06
met2,78.1200,334.5600,met3,78.1200,334.5600,4.506e-06
met2,78.1200,340.0000,met3,78.1200,340.0000,3.426e-06
met2,78.1200,345.4400,met3,78.1200,345.4400,4.142e-06
met2,78.1200,350.8800,met3,78.1200,350.8800,3.106e-06
met2,78.1200,356.3200,met3,78.1200,356.3200,3.073e-06
met2,78.1200,361.7600,met3,78.1200,361.7600,5.182e-06
met2,78.1200,367.2000,met3,78.1200,367.2000,2.692e-06
met2,78.1200,372.6400,met3,78.1200,372.6400,5.631e-06
met2,78.1200,378.0800,met3,78.1200,378.0800,2.357e-06
met2,78.1200,383.5200,met3,78.1200,383.5200,5.873e-06
met2,78.1200,388.9600,met3,78.1200,388.9600,3.398e-06
met2,78.1200,394.4000,met3,78.1200,394.4000,7.164e-06
met2,78.1200,399.8400,met3,78.1200,399.8400,4.179e-06
met2,78.1200,405.2800,met3,78.1200,405.2800,5.688e-06
met2,78.1200,410.7200,met3,78.1200,410.7200,7.131e-06
met2,78.1200,416.1600,met3,78.1200,416.1600,3.943e-06
met2,78.1200,421.6000,met3,78.1200,421.6000,9.928e-06
met2,78.1200,427.0400,met3,78.1200,427.0400,5.454e-06
met2,78.1200,432.4800,met3,78.1200,432.4800,8.944e-06
met2,78.1200,437.9200,met3,78.1200,437.9200,9.163e-06
met2,78.1200,443.3600,met3,78.1200,443.3600,9.353e-06
met2,78.1200,448.8000,met3,78.1200,448.8000,8.001e-06
met2,78.1200,454.2400,met3,78.1200,454.2400,7.000e-06
met2,78.1200,459.6800,met3,78.1200,459.6800,8.366e-06
met2,78.1200,465.1200,met3,78.1200,465.1200,9.120e-06
met2,78.1200,470.5600,met3,78.1200,470.5600,5.920e-06
met2,118.1200,13.6000,met3,118.1200,13.6000,5.272e-06
met2,118.1200,19.0400,met3,118.1200,19.0400,6.895e-06
met2,118.1200,24.4800,met3,118.1200,24.4800,6.192e-06
met2,118.1200,29.9200,met3,118.1200,29.9200,1.038e-05
met2,118.1200,35.3600,met3,118.1200,35.3600,7.986e-06
met2,118.1200,40.8000,met3,118.1200,40.8000,3.106e-06
met2,118.1200,46.2400,met3,118.1200,46.2400,7.013e-06
met2,118.1200,51.6800,met3,118.1200,51.6800,4.014e-06
met2,118.1200,57.1200,met3,118.1200,57.1200,5.989e-06
met2,118.1200,62.5600,met3,118.1200,62.5600,6.835e-06
met2,118.1200,68.0000,met3,118.1200,68.0000,4.311e-06
met2,118.1200,73.4400,met3,118.1200,73.4400,7.544e-06
met2,118.1200,78.8800,met3,118.1200,78.8800,3.560e-06
met2,118.1200,84.3200,met3,118.1200,84.3200,6.151e-06
met2,118.1200,89.7600,met3,118.1200,89.7600,4.907e-06
met2,118.1200,95.2000,met3,118.1200,95.2000,3.249e-06
met2,118.1200,100.6400,met3,118.1200,100.6400,5.737e-06
met2,118.1200,106.0800,met3,118.1200,106.0800,3.831e-06
met2,118.1200,111.5200,met3,118.1200,111.5200,8.263e-06
met2,118.1200,116.9600,met3,118.1200,116.9600,5.995e-06
met2,118.1200,122.4000,met3,118.1200,122.4000,9.432e-06
met2,118.1200,127.8400,met3,118.1200,127.8400,3.613e-06
met2,118.1200,133.2800,met3,118.1200,133.2800,4.898e-06
met2,118.1200,138.7200,met3,118.1200,138.7200,2.886e-06
met2,118.1200,144.1600,met3,118.1200,144.1600,3.583e-06
met2,118.1200,149.6000,met3,118.1200,149.6000,2.879e-06
met2,118.1200,155.0400,met3,118.1200,155.0400,1.728e-06
met2,118.1200,160.4800,met3,118.1200,160.4800,3.431e-06
met2,118.1200,165.9200,met3,118.1200,165.9200,2.633e-06
met2,118.1200,171.3600,met3,118.1200,171.3600,6.599e-06
met2,118.1200,176.8000,met3,118.1200,176.8000,2.600e-06
met2,118.1200,182.2400,met3,118.1200,182.2400,2.872e-06
met2,118.1200,187.6800,met3,118.1200,187.6800,2.706e-06
met2,118.1200,193.1200,met3,118.1200,193.1200,3.585e-06
met2,118.1200,198.5600,met3,118.1200,198.5600,9.188e-06
met2,118.1200,204.0000,met3,118.1200,204.0000,6.550e-06
met2,118.1200,209.4400,met3,118.1200,209.4400,3.156e-06
met2,118.1200,214.8800,met3,118.1200,214.8800,2.574e-06
met2,118.1200,220.3200,met3,118.1200,220.3200,3.123e-06
met2,118.1200,225.7600,met3,118.1200,225.7600,2.631e-06
met2,118.1200,231.2000,met3,118.1200,231.2000,7.316e-06
met2,118.1200,236.6400,met3,118.1200,236.6400,3.972e-06
met2,118.1200,242.0800,met3,118.1200,242.0800,3.560e-06
met2,118.1200,247.5200,met3,118.1200,247.5200,3.917e-06
met2,118.1200,252.9600,met3,118.1200,252.9600,5.134e-06
met2,118.1200,258.4000,met3,118.1200,258.4000,3.221e-06
met2,118.1200,263.8400,met3,118.1200,263.8400,5.725e-06
met2,118.1200,269.2800,met3,118.1200,269.2800,5.597e-06
met2,118.1200,274.7200,met3,118.1200,274.7200,4.400e-06
met2,118.1200,280.1600,met3,118.1200,280.1600,2.897e-06
met2,118.1200,285.6000,met3,118.1200,285.6000,5.050e-06
met2,118.1200,291.0400,met3,118.1200,291.0400,7.466e-07
met2,118.1200,296.4800,met3,118.1200,296.4800,4.528e-06
met2,118.1200,301.9200,met3,118.1200,301.9200,4.355e-06
met2,118.1200,307.3600,met3,118.1200,307.3600,2.608e-06
met2,118.1200,312.8000,met3,118.1200,312.8000,4.034e-06
met2,118.1200,318.2400,met3,118.1200,318.2400,1.688e-06
met2,118.1200,323.6800,met3,118.1200,323.6800,2.480e-06
met2,118.1200,329.1200,met3,118.1200,329.1200,4.025e-06
met2,118.1200,334.5600,met3,118.1200,334.5600,2.848e-06
met2,118.1200,340.0000,met3,118.1200,340.0000,4.342e-06
met2,118.1200,345.4400,met3,118.1200,345.4400,4.079e-06
met2,118.1200,350.8800,met3,118.1200,350.8800,3.591e-06
met2,118.1200,356.3200,met3,118.1200,356.3200,1.090e-06
met2,118.1200,361.7600,met3,118.1200,361.7600,5.727e-06
met2,118.1200,367.2000,met3,118.1200,367.2000,2.568e-06
met2,118.1200,372.6400,met3,118.1200,372.6400,3.770e-06
met2,118.1200,378.0800,met3,118.1200,378.0800,5.739e-06
met2,118.1200,383.5200,met3,118.1200,383.5200,1.609e-06
met2,118.1200,388.9600,met3,118.1200,388.9600,4.037e-06
met2,118.1200,394.4000,met3,118.1200,394.4000,4.738e-06
met2,118.1200,399.8400,met3,118.1200,399.8400,4.493e-06
met2,118.1200,405.2800,met3,118.1200,405.2800,2.945e-06
met2,118.1200,410.7200,met3,118.1200,410.7200,4.521e-06
met2,118.1200,416.1600,met3,118.1200,416.1600,2.786e-06
met2,118.1200,421.6000,met3,118.1200,421.6000,5.664e-06
met2,118.1200,427.0400,met3,118.1200,427.0400,1.895e-06
met2,118.1200,432.4800,met3,118.1200,432.4800,4.777e-06
met2,118.1200,437.9200,met3,118.1200,437.9200,4.668e-06
met2,118.1200,443.3600,met3,118.1200,443.3600,3.385e-06
met2,118.1200,448.8000,met3,118.1200,448.8000,6.989e-06
met2,118.1200,454.2400,met3,118.1200,454.2400,2.871e-06
met2,118.1200,459.6800,met3,118.1200,459.6800,3.892e-06
met2,118.1200,465.1200,met3,118.1200,465.1200,6.504e-06
met2,118.1200,470.5600,met3,118.1200,470.5600,1.495e-06
met2,158.1200,13.6000,met3,158.1200,13.6000,3.420e-06
met2,158.1200,19.0400,met3,158.1200,19.0400,4.180e-06
met2,158.1200,24.4800,met3,158.1200,24.4800,3.934e-06
met2,158.1200,29.9200,met3,158.1200,29.9200,5.301e-06
met2,158.1200,35.3600,met3,158.1200,35.3600,5.324e-06
met2,158.1200,40.8000,met3,158.1200,40.8000,2.510e-06
met2,158.1200,46.2400,met3,158.1200,46.2400,2.572e-06
met2,158.1200,51.6800,met3,158.1200,51.6800,2.816e-06
met2,158.1200,57.1200,met3,158.1200,57.1200,3.610e-06
met2,158.1200,62.5600,met3,158.1200,62.5600,5.381e-06
met2,158.1200,68.0000,met3,158.1200,68.0000,3.332e-06
met2,158.1200,73.4400,met3,158.1200,73.4400,3.727e-06
met2,158.1200,78.8800,met3,158.1200,78.8800,1.093e-06
met2,158.1200,84.3200,met3,158.1200,84.3200,3.455e-06
met2,158.1200,89.7600,met3,158.1200,89.7600,2.907e-06
met2,158.1200,95.2000,met3,158.1200,95.2000,1.303e-06
met2,158.1200,100.6400,met3,158.1200,100.6400,3.058e-06
met2,158.1200,106.0800,met3,158.1200,106.0800,2.198e-06
met2,158.1200,111.5200,met3,158.1200,111.5200,4.828e-06
met2,158.1200,116.9600,met3,158.1200,116.9600,2.675e-06
met2,158.1200,122.4000,met3,158.1200,122.4000,7.014e-06
met2,158.1200,127.8400,met3,158.1200,127.8400,2.673e-06
met2,158.1200,133.2800,met3,158.1200,133.2800,1.544e-06
met2,158.1200,138.7200,met3,158.1200,138.7200,3.850e-06
met2,158.1200,144.1600,met3,158.1200,144.1600,1.483e-06
met2,158.1200,149.6000,met3,158.1200,149.6000,1.028e-06
met2,158.1200,155.0400,met3,158.1200,155.0400,8.339e-07
met2,158.1200,160.4800,met3,158.1200,160.4800,9.160e-07
met2,158.1200,165.9200,met3,158.1200,165.9200,8.148e-07
met2,158.1200,171.3600,met3,158.1200,171.3600,4.167e-06
met2,158.1200,176.8000,met3,158.1200,176.8000,8.778e-07
met2,158.1200,182.2400,met3,158.1200,182.2400,1.204e-06
met2,158.1200,187.6800,met3,158.1200,187.6800,1.553e-06
met2,158.1200,193.1200,met3,158.1200,193.1200,1.803e-06
met2,158.1200,198.5600,met3,158.1200,198.5600,3.051e-06
met2,158.1200,204.0000,met3,158.1200,204.0000,3.780e-06
met2,158.1200,209.4400,met3,158.1200,209.4400,9.747e-07
met2,158.1200,214.8800,met3,158.1200,214.8800,1.341e-06
met2,158.1200,220.3200,met3,158.1200,220.3200,2.091e-06
met2,158.1200,225.7600,met3,158.1200,225.7600,3.200e-06
met2,158.1200,231.2000,met3,158.1200,231.2000,5.959e-06
met2,158.1200,236.6400,met3,158.1200,236.6400,1.484e-06
met2,158.1200,242.0800,met3,158.1200,242.0800,2.879e-06
met2,158.1200,247.5200,met3,158.1200,247.5200,2.825e-06
met2,158.1200,252.9600,met3,158.1200,252.9600,2.972e-06
met2,158.1200,258.4000,met3,158.1200,258.4000,2.180e-06
met2,158.1200,263.8400,met3,158.1200,263.8400,4.091e-06
met2,158.1200,269.2800,met3,158.1200,269.2800,5.122e-06
met2,158.1200,274.7200,met3,158.1200,274.7200,3.194e-06
met2,158.1200,280.1600,met3,158.1200,280.1600,2.880e-06
met2,158.1200,285.6000,met3,158.1200,285.6000,4.842e-06
met2,158.1200,291.0400,met3,158.1200,291.0400,1.037e-06
met2,158.1200,296.4800,met3,158.1200,296.4800,5.524e-06
met2,158.1200,301.9200,met3,158.1200,301.9200,6.014e-06
met2,158.1200,307.3600,met3,158.1200,307.3600,3.886e-06
met2,158.1200,312.8000,met3,158.1200,312.8000,4.547e-06
met2,158.1200,318.2400,met3,158.1200,318.2400,4.472e-06
met2,158.1200,323.6800,met3,158.1200,323.6800,5.213e-06
met2,158.1200,329.1200,met3,158.1200,329.1200,4.690e-06
met2,158.1200,334.5600,met3,158.1200,334.5600,4.688e-06
met2,158.1200,340.0000,met3,158.1200,340.0000,5.282e-06
met2,158.1200,345.4400,met3,158.1200,345.4400,2.876e-06
met2,158.1200,350.8800,met3,158.1200,350.8800,7.209e-06
met2,158.1200,356.3200,met3,158.1200,356.3200,2.174e-06
met2,158.1200,361.7600,met3,158.1200,361.7600,5.454e-06
met2,158.1200,367.2000,met3,158.1200,367.2000,4.890e-06
met2,158.1200,372.6400,met3,158.1200,372.6400,9.084e-06
met2,158.1200,378.0800,met3,158.1200,378.0800,5.369e-06
met2,158.1200,383.5200,met3,158.1200,383.5200,1.878e-06
met2,158.1200,388.9600,met3,158.1200,388.9600,4.294e-06
met2,158.1200,394.4000,met3,158.1200,394.4000,5.063e-06
met2,158.1200,399.8400,met3,158.1200,399.8400,3.765e-06
met2,158.1200,405.2800,met3,158.1200,405.2800,3.851e-06
met2,158.1200,410.7200,met3,158.1200,410.7200,2.481e-06
met2,158.1200,416.1600,met3,158.1200,416.1600,4.076e-06
met2,158.1200,421.6000,met3,158.1200,421.6000,3.047e-06
met2,158.1200,427.0400,met3,158.1200,427.0400,3.051e-06
met2,158.1200,432.4800,met3,158.1200,432.4800,5.616e-06
met2,158.1200,437.9200,met3,158.1200,437.9200,2.153e-06
met2,158.1200,443.3600,met3,158.1200,443.3600,4.322e-06
met2,158.1200,448.8000,met3,158.1200,448.8000,4.235e-06
met2,158.1200,454.2400,met3,158.1200,454.2400,4.860e-06
met2,158.1200,459.6800,met3,158.1200,459.6800,2.020e-06
met2,158.1200,465.1200,met3,158.1200,465.1200,6.138e-06
met2,158.1200,470.5600,met3,158.1200,470.5600,1.483e-06
met2,198.1200,13.6000,met3,198.1200,13.6000,4.514e-06
met2,198.1200,19.0400,met3,198.1200,19.0400,2.926e-06
met2,198.1200,24.4800,met3,198.1200,24.4800,2.977e-06
met2,198.1200,29.9200,met3,198.1200,29.9200,7.974e-06
met2,198.1200,35.3600,met3,198.1200,35.3600,5.533e-06
met2,198.1200,40.8000,met3,198.1200,40.8000,3.554e-06
met2,198.1200,46.2400,met3,198.1200,46.2400,1.117e-06
met2,198.1200,51.6800,met3,198.1200,51.6800,3.573e-06
met2,198.1200,57.1200,met3,198.1200,57.1200,1.527e-06
met2,198.1200,62.5600,met3,198.1200,62.5600,5.236e-06
met2,198.1200,68.0000,met3,198.1200,68.0000,1.966e-06
met2,198.1200,73.4400,met3,198.1200,73.4400,1.728e-06
met2,198.1200,78.8800,met3,198.1200,78.8800,2.678e-06
met2,198.1200,84.3200,met3,198.1200,84.3200,1.074e-06
met2,198.1200,89.7600,met3,198.1200,89.7600,2.666e-06
met2,198.1200,95.2000,met3,198.1200,95.2000,3.100e-06
met2,198.1200,100.6400,met3,198.1200,100.6400,1.114e-06
met2,198.1200,106.0800,met3,198.1200,106.0800,2.522e-06
met2,198.1200,111.5200,met3,198.1200,111.5200,4.519e-06
met2,198.1200,116.9600,met3,198.1200,116.9600,5.431e-06
met2,198.1200,122.4000,met3,198.1200,122.4000,5.370e-06
met2,198.1200,127.8400,met3,198.1200,127.8400,3.535e-06
met2,198.1200,133.2800,met3,198.1200,133.2800,1.229e-06
met2,198.1200,138.7200,met3,198.1200,138.7200,3.787e-06
met2,198.1200,144.1600,met3,198.1200,144.1600,2.644e-06
met2,198.1200,149.6000,met3,198.1200,149.6000,7.886e-07
met2,198.1200,155.0400,met3,198.1200,155.0400,2.297e-07
met2,198.1200,160.4800,met3,198.1200,160.4800,2.931e-07
met2,198.1200,165.9200,met3,198.1200,165.9200,1.486e-07
met2,198.1200,171.3600,met3,198.1200,171.3600,1.520e-06
met2,198.1200,176.8000,met3,198.1200,176.8000,7.545e-07
met2,198.1200,182.2400,met3,198.1200,182.2400,2.351e-07
met2,198.1200,187.6800,met3,198.1200,187.6800,1.600e-06
met2,198.1200,193.1200,met3,198.1200,193.1200,1.120e-06
met2,198.1200,198.5600,met3,198.1200,198.5600,5.851e-07
met2,198.1200,204.0000,met3,198.1200,204.0000,2.644e-06
met2,198.1200,209.4400,met3,198.1200,209.4400,9.616e-07
met2,198.1200,214.8800,met3,198.1200,214.8800,6.400e-07
met2,198.1200,220.3200,met3,198.1200,220.3200,2.126e-06
met2,198.1200,225.7600,met3,198.1200,225.7600,2.149e-06
met2,198.1200,231.2000,met3,198.1200,231.2000,3.712e-06
met2,198.1200,236.6400,met3,198.1200,236.6400,5.513e-07
met2,198.1200,242.0800,met3,198.1200,242.0800,2.542e-06
met2,198.1200,247.5200,met3,198.1200,247.5200,3.107e-06
met2,198.1200,252.9600,met3,198.1200,252.9600,2.752e-06
met2,198.1200,258.4000,met3,198.1200,258.4000,3.594e-06
met2,198.1200,263.8400,met3,198.1200,263.8400,4.783e-06
met2,198.1200,269.2800,met3,198.1200,269.2800,3.411e-06
met2,198.1200,274.7200,met3,198.1200,274.7200,4.009e-06
met2,198.1200,280.1600,met3,198.1200,280.1600,3.596e-06
met2,198.1200,285.6000,met3,198.1200,285.6000,4.936e-06
met2,198.1200,291.0400,met3,198.1200,291.0400,4.976e-06
met2,198.1200,296.4800,met3,198.1200,296.4800,5.306e-06
met2,198.1200,301.9200,met3,198.1200,301.9200,7.149e-06
met2,198.1200,307.3600,met3,198.1200,307.3600,8.745e-06
met2,198.1200,312.8000,met3,198.1200,312.8000,4.674e-06
met2,198.1200,318.2400,met3,198.1200,318.2400,8.197e-06
met2,198.1200,323.6800,met3,198.1200,323.6800,7.203e-06
met2,198.1200,329.1200,met3,198.1200,329.1200,7.059e-06
met2,198.1200,334.5600,met3,198.1200,334.5600,6.516e-06
met2,198.1200,340.0000,met3,198.1200,340.0000,6.553e-06
met2,198.1200,345.4400,met3,198.1200,345.4400,7.023e-06
met2,198.1200,350.8800,met3,198.1200,350.8800,7.079e-06
met2,198.1200,356.3200,met3,198.1200,356.3200,5.854e-06
met2,198.1200,361.7600,met3,198.1200,361.7600,5.905e-06
met2,198.1200,367.2000,met3,198.1200,367.2000,6.371e-06
met2,198.1200,372.6400,met3,198.1200,372.6400,7.858e-06
met2,198.1200,378.0800,met3,198.1200,378.0800,3.812e-06
met2,198.1200,383.5200,met3,198.1200,383.5200,5.100e-06
met2,198.1200,388.9600,met3,198.1200,388.9600,2.745e-06
met2,198.1200,394.4000,met3,198.1200,394.4000,4.500e-06
met2,198.1200,399.8400,met3,198.1200,399.8400,4.096e-06
met2,198.1200,405.2800,met3,198.1200,405.2800,2.380e-06
met2,198.1200,410.7200,met3,198.1200,410.7200,2.837e-06
met2,198.1200,416.1600,met3,198.1200,416.1600,4.165e-06
met2,198.1200,421.6000,met3,198.1200,421.6000,3.922e-06
met2,198.1200,427.0400,met3,198.1200,427.0400,1.765e-06
met2,198.1200,432.4800,met3,198.1200,432.4800,6.051e-06
met2,198.1200,437.9200,met3,198.1200,437.9200,2.513e-06
met2,198.1200,443.3600,met3,198.1200,443.3600,3.466e-06
met2,198.1200,448.8000,met3,198.1200,448.8000,4.088e-06
met2,198.1200,454.2400,met3,198.1200,454.2400,7.749e-06
met2,198.1200,459.6800,met3,198.1200,459.6800,6.564e-06
met2,198.1200,465.1200,met3,198.1200,465.1200,4.133e-06
met2,198.1200,470.5600,met3,198.1200,470.5600,1.259e-06
met2,238.1200,13.6000,met3,238.1200,13.6000,7.035e-06
met2,238.1200,19.0400,met3,238.1200,19.0400,3.711e-06
met2,238.1200,24.4800,met3,238.1200,24.4800,4.156e-06
met2,238.1200,29.9200,met3,238.1200,29.9200,1.745e-06
met2,238.1200,35.3600,met3,238.1200,35.3600,3.066e-06
met2,238.1200,40.8000,met3,238.1200,40.8000,5.893e-06
met2,238.1200,46.2400,met3,238.1200,46.2400,2.041e-06
met2,238.1200,51.6800,met3,238.1200,51.6800,7.851e-07
met2,238.1200,57.1200,met3,238.1200,57.1200,1.204e-06
met2,238.1200,62.5600,met3,238.1200,62.5600,3.562e-06
met2,238.1200,68.0000,met3,238.1200,68.0000,9.675e-07
met2,238.1200,73.4400,met3,238.1200,73.4400,1.982e-06
met2,238.1200,78.8800,met3,238.1200,78.8800,6.755e-07
met2,238.1200,84.3200,met3,238.1200,84.3200,1.390e-07
met2,238.1200,89.7600,met3,238.1200,89.7600,3.286e-06
met2,238.1200,95.2000,met3,238.1200,95.2000,3.800e-07
met2,238.1200,100.6400,met3,238.1200,100.6400,1.127e-06
met2,238.1200,106.0800,met3,238.1200,106.0800,2.158e-06
met2,238.1200,111.5200,met3,238.1200,111.5200,4.886e-06
met2,238.1200,116.9600,met3,238.1200,116.9600,7.751e-06
met2,238.1200,122.4000,met3,238.1200,122.4000,2.993e-06
met2,238.1200,127.8400,met3,238.1200,127.8400,1.890e-06
met2,238.1200,133.2800,met3,238.1200,133.2800,2.337e-06
met2,238.1200,138.7200,met3,238.1200,138.7200,1.510e-06
met2,238.1200,144.1600,met3,238.1200,144.1600,2.020e-06
met2,238.1200,149.6000,met3,238.1200,149.6000,1.408e-06
met2,238.1200,155.0400,met3,238.1200,155.0400,6.403e-07
met2,238.1200,160.4800,met3,238.1200,160.4800,1.187e-06
met2,238.1200,165.9200,met3,238.1200,165.9200,3.671e-07
met2,238.1200,171.3600,met3,238.1200,171.3600,1.609e-06
met2,238.1200,176.8000,met3,238.1200,176.8000,1.396e-06
met2,238.1200,182.2400,met3,238.1200,182.2400,5.893e-08
met2,238.1200,187.6800,met3,238.1200,187.6800,1.587e-06
met2,238.1200,193.1200,met3,238.1200,193.1200,1.276e-06
met2,238.1200,198.5600,met3,238.1200,198.5600,1.973e-07
met2,238.1200,204.0000,met3,238.1200,204.0000,2.717e-06
met2,238.1200,209.4400,met3,238.1200,209.4400,4.010e-07
met2,238.1200,214.8800,met3,238.1200,214.8800,8.429e-07
met2,238.1200,220.3200,met3,238.1200,220.3200,2.446e-06
met2,238.1200,225.7600,met3,238.1200,225.7600,8.554e-07
met2,238.1200,231.2000,met3,238.1200,231.2000,2.896e-06
met2,238.1200,236.6400,met3,238.1200,236.6400,7.989e-07
met2,238.1200,242.0800,met3,238.1200,242.0800,2.172e-06
met2,238.1200,247.5200,met3,238.1200,247.5200,3.084e-06
met2,238.1200,252.9600,met3,238.1200,252.9600,1.491e-06
met2,238.1200,258.4000,met3,238.1200,258.4000,3.534e-06
met2,238.1200,263.8400,met3,238.1200,263.8400,4.365e-06
met2,238.1200,269.2800,met3,238.1200,269.2800,2.160e-06
met2,238.1200,274.7200,met3,238.1200,274.7200,3.085e-06
met2,238.1200,280.1600,met3,238.1200,280.1600,3.869e-06
met2,238.1200,285.6000,met3,238.1200,285.6000,4.092e-06
met2,238.1200,291.0400,met3,238.1200,291.0400,4.537e-06
met2,238.1200,296.4800,met3,238.1200,296.4800,4.345e-06
met2,238.1200,301.9200,met3,238.1200,301.9200,6.040e-06
met2,238.1200,307.3600,met3,238.1200,307.3600,5.390e-06
met2,238.1200,312.8000,met3,238.1200,312.8000,3.531e-06
met2,238.1200,318.2400,met3,238.1200,318.2400,4.167e-06
met2,238.1200,323.6800,met3,238.1200,323.6800,3.854e-06
met2,238.1200,329.1200,met3,238.1200,329.1200,4.030e-06
met2,238.1200,334.5600,met3,238.1200,334.5600,3.798e-06
met2,238.1200,340.0000,met3,238.1200,340.0000,3.646e-06
met2,238.1200,345.4400,met3,238.1200,345.4400,3.769e-06
met2,238.1200,350.8800,met3,238.1200,350.8800,3.665e-06
met2,238.1200,356.3200,met3,238.1200,356.3200,3.393e-06
met2,238.1200,361.7600,met3,238.1200,361.7600,3.377e-06
met2,238.1200,367.2000,met3,238.1200,367.2000,3.194e-06
met2,238.1200,372.6400,met3,238.1200,372.6400,3.241e-06
met2,238.1200,378.0800,met3,238.1200,378.0800,2.379e-06
met2,238.1200,383.5200,met3,238.1200,383.5200,2.423e-06
met2,238.1200,388.9600,met3,238.1200,388.9600,1.729e-06
met2,238.1200,394.4000,met3,238.1200,394.4000,1.997e-06
met2,238.1200,399.8400,met3,238.1200,399.8400,1.615e-06
met2,238.1200,405.2800,met3,238.1200,405.2800,1.552e-06
met2,238.1200,410.7200,met3,238.1200,410.7200,1.441e-06
met2,238.1200,416.1600,met3,238.1200,416.1600,1.795e-06
met2,238.1200,421.6000,met3,238.1200,421.6000,2.026e-06
met2,238.1200,427.0400,met3,238.1200,427.0400,7.591e-07
met2,238.1200,432.4800,met3,238.1200,432.4800,4.529e-06
met2,238.1200,437.9200,met3,238.1200,437.9200,3.241e-06
met2,238.1200,443.3600,met3,238.1200,443.3600,2.749e-06
met2,238.1200,448.8000,met3,238.1200,448.8000,4.797e-06
met2,238.1200,454.2400,met3,238.1200,454.2400,5.442e-06
met2,238.1200,459.6800,met3,238.1200,459.6800,3.778e-06
met2,238.1200,465.1200,met3,238.1200,465.1200,3.123e-06
met2,238.1200,470.5600,met3,238.1200,470.5600,1.744e-06
met2,278.1200,13.6000,met3,278.1200,13.6000,9.493e-06
met2,278.1200,19.0400,met3,278.1200,19.0400,1.525e-06
met2,278.1200,24.4800,met3,278.1200,24.4800,7.565e-06
met2,278.1200,29.9200,met3,278.1200,29.9200,9.374e-07
met2,278.1200,35.3600,met3,278.1200,35.3600,2.108e-06
met2,278.1200,40.8000,met3,278.1200,40.8000,3.481e-06
met2,278.1200,46.2400,met3,278.1200,46.2400,1.761e-06
met2,278.1200,51.6800,met3,278.1200,51.6800,2.711e-07
met2,278.1200,57.1200,met3,278.1200,57.1200,1.025e-06
met2,278.1200,62.5600,met3,278.1200,62.5600,1.729e-06
met2,278.1200,68.0000,met3,278.1200,68.0000,1.158e-06
met2,278.1200,73.4400,met3,278.1200,73.4400,1.280e-06
met2,278.1200,78.8800,met3,278.1200,78.8800,9.694e-07
met2,278.1200,84.3200,met3,278.1200,84.3200,3.214e-07
met2,278.1200,89.7600,met3,278.1200,89.7600,1.321e-06
met2,278.1200,95.2000,met3,278.1200,95.2000,1.202e-06
met2,278.1200,100.6400,met3,278.1200,100.6400,8.172e-07
met2,278.1200,106.0800,met3,278.1200,106.0800,2.439e-06
met2,278.1200,111.5200,met3,278.1200,111.5200,2.321e-06
met2,278.1200,116.9600,met3,278.1200,116.9600,2.430e-06
met2,278.1200,122.4000,met3,278.1200,122.4000,2.329e-06
met2,278.1200,127.8400,met3,278.1200,127.8400,1.207e-06
met2,278.1200,133.2800,met3,278.1200,133.2800,3.636e-06
met2,278.1200,138.7200,met3,278.1200,138.7200,1.424e-06
met2,278.1200,144.1600,met3,278.1200,144.1600,1.751e-06
met2,278.1200,149.6000,met3,278.1200,149.6000,1.824e-06
met2,278.1200,155.0400,met3,278.1200,155.0400,1.886e-06
met2,278.1200,160.4800,met3,278.1200,160.4800,1.667e-06
met2,278.1200,165.9200,met3,278.1200,165.9200,1.091e-06
met2,278.1200,171.3600,met3,278.1200,171.3600,1.497e-06
met2,278.1200,176.8000,met3,278.1200,176.8000,1.388e-06
met2,278.1200,182.2400,met3,278.1200,182.2400,1.001e-06
met2,278.1200,187.6800,met3,278.1200,187.6800,2.194e-06
met2,278.1200,193.1200,met3,278.1200,193.1200,2.288e-06
met2,278.1200,198.5600,met3,278.1200,198.5600,1.084e-06
met2,278.1200,204.0000,met3,278.1200,204.0000,1.436e-06
met2,278.1200,209.4400,met3,278.1200,209.4400,2.745e-07
met2,278.1200,214.8800,met3,278.1200,214.8800,1.754e-06
met2,278.1200,220.3200,met3,278.1200,220.3200,1.140e-06
met2,278.1200,225.7600,met3,278.1200,225.7600,1.441e-06
met2,278.1200,231.2000,met3,278.1200,231.2000,3.369e-06
met2,278.1200,236.6400,met3,278.1200,236.6400,4.312e-07
met2,278.1200,242.0800,met3,278.1200,242.0800,6.910e-07
met2,278.1200,247.5200,met3,278.1200,247.5200,2.722e-06
met2,278.1200,252.9600,met3,278.1200,252.9600,8.217e-07
met2,278.1200,258.4000,met3,278.1200,258.4000,3.125e-06
met2,278.1200,263.8400,met3,278.1200,263.8400,3.393e-06
met2,278.1200,269.2800,met3,278.1200,269.2800,1.763e-06
met2,278.1200,274.7200,met3,278.1200,274.7200,1.776e-06
met2,278.1200,280.1600,met3,278.1200,280.1600,2.910e-06
met2,278.1200,285.6000,met3,278.1200,285.6000,3.104e-06
met2,278.1200,291.0400,met3,278.1200,291.0400,3.094e-06
met2,278.1200,296.4800,met3,278.1200,296.4800,2.787e-06
met2,278.1200,301.9200,met3,278.1200,301.9200,2.198e-06
met2,278.1200,307.3600,met3,278.1200,307.3600,2.363e-06
met2,278.1200,312.8000,met3,278.1200,312.8000,1.427e-06
met2,278.1200,318.2400,met3,278.1200,318.2400,1.146e-06
met2,278.1200,323.6800,met3,278.1200,323.6800,4.474e-07
met2,278.1200,329.1200,met3,278.1200,329.1200,9.091e-07
met2,278.1200,334.5600,met3,278.1200,334.5600,5.280e-07
met2,278.1200,340.0000,met3,278.1200,340.0000,3.433e-07
met2,278.1200,345.4400,met3,278.1200,345.4400,6.270e-07
met2,278.1200,350.8800,met3,278.1200,350.8800,1.915e-07
met2,278.1200,356.3200,met3,278.1200,356.3200,9.839e-08
met2,278.1200,361.7600,met3,278.1200,361.7600,2.668e-07
met2,278.1200,367.2000,met3,278.1200,367.2000,6.880e-07
met2,278.1200,372.6400,met3,278.1200,372.6400,7.222e-07
met2,278.1200,378.0800,met3,278.1200,378.0800,8.290e-07
met2,278.1200,383.5200,met3,278.1200,383.5200,4.693e-07
met2,278.1200,388.9600,met3,278.1200,388.9600,4.870e-07
met2,278.1200,394.4000,met3,278.1200,394.4000,8.657e-07
met2,278.1200,399.8400,met3,278.1200,399.8400,7.219e-07
met2,278.1200,405.2800,met3,278.1200,405.2800,7.575e-07
met2,278.1200,410.7200,met3,278.1200,410.7200,8.457e-07
met2,278.1200,416.1600,met3,278.1200,416.1600,7.356e-07
met2,278.1200,421.6000,met3,278.1200,421.6000,7.368e-07
met2,278.1200,427.0400,met3,278.1200,427.0400,9.012e-07
met2,278.1200,432.4800,met3,278.1200,432.4800,1.906e-06
met2,278.1200,437.9200,met3,278.1200,437.9200,2.675e-06
met2,278.1200,443.3600,met3,278.1200,443.3600,1.782e-06
met2,278.1200,448.8000,met3,278.1200,448.8000,4.279e-06
met2,278.1200,454.2400,met3,278.1200,454.2400,2.333e-06
met2,278.1200,459.6800,met3,278.1200,459.6800,1.782e-06
met2,278.1200,465.1200,met3,278.1200,465.1200,1.692e-06
met2,278.1200,470.5600,met3,278.1200,470.5600,2.597e-06
met2,318.1200,13.6000,met3,318.1200,13.6000,3.537e-06
met2,318.1200,19.0400,met3,318.1200,19.0400,1.431e-06
met2,318.1200,24.4800,met3,318.1200,24.4800,2.741e-06
met2,318.1200,29.9200,met3,318.1200,29.9200,1.541e-06
met2,318.1200,35.3600,met3,318.1200,35.3600,3.203e-06
met2,318.1200,40.8000,met3,318.1200,40.8000,2.782e-06
met2,318.1200,46.2400,met3,318.1200,46.2400,1.084e-06
met2,318.1200,51.6800,met3,318.1200,51.6800,9.910e-07
met2,318.1200,57.1200,met3,318.1200,57.1200,3.982e-07
met2,318.1200,62.5600,met3,318.1200,62.5600,2.015e-06
met2,318.1200,68.0000,met3,318.1200,68.0000,2.188e-06
met2,318.1200,73.4400,met3,318.1200,73.4400,6.108e-07
met2,318.1200,78.8800,met3,318.1200,78.8800,1.405e-06
met2,318.1200,84.3200,met3,318.1200,84.3200,1.312e-06
met2,318.1200,89.7600,met3,318.1200,89.7600,4.767e-07
met2,318.1200,95.2000,met3,318.1200,95.2000,2.103e-06
met2,318.1200,100.6400,met3,318.1200,100.6400,6.287e-07
met2,318.1200,106.0800,met3,318.1200,106.0800,1.829e-06
met2,318.1200,111.5200,met3,318.1200,111.5200,1.700e-06
met2,318.1200,116.9600,met3,318.1200,116.9600,1.111e-06
met2,318.1200,122.4000,met3,318.1200,122.4000,1.838e-06
met2,318.1200,127.8400,met3,318.1200,127.8400,1.864e-06
met2,318.1200,133.2800,met3,318.1200,133.2800,2.306e-06
met2,318.1200,138.7200,met3,318.1200,138.7200,1.802e-06
met2,318.1200,144.1600,met3,318.1200,144.1600,1.469e-06
met2,318.1200,149.6000,met3,318.1200,149.6000,2.689e-06
met2,318.1200,155.0400,met3,318.1200,155.0400,2.106e-06
met2,318.1200,160.4800,met3,318.1200,160.4800,3.121e-06
met2,318.1200,165.9200,met3,318.1200,165.9200,2.040e-06
met2,318.1200,171.3600,met3,318.1200,171.3600,2.670e-06
met2,318.1200,176.8000,met3,318.1200,176.8000,3.793e-06
met2,318.1200,182.2400,met3,318.1200,182.2400,3.382e-06
met2,318.1200,187.6800,met3,318.1200,187.6800,4.041e-06
met2,318.1200,193.1200,met3,318.1200,193.1200,4.486e-06
met2,318.1200,198.5600,met3,318.1200,198.5600,5.124e-06
met2,318.1200,204.0000,met3,318.1200,204.0000,4.203e-06
met2,318.1200,209.4400,met3,318.1200,209.4400,3.720e-06
met2,318.1200,214.8800,met3,318.1200,214.8800,4.654e-06
met2,318.1200,220.3200,met3,318.1200,220.3200,4.678e-06
met2,318.1200,225.7600,met3,318.1200,225.7600,3.714e-06
met2,318.1200,231.2000,met3,318.1200,231.2000,5.487e-06
met2,318.1200,236.6400,met3,318.1200,236.6400,3.768e-06
met2,318.1200,242.0800,met3,318.1200,242.0800,3.346e-06
met2,318.1200,247.5200,met3,318.1200,247.5200,4.622e-06
met2,318.1200,252.9600,met3,318.1200,252.9600,3.074e-06
met2,318.1200,258.4000,met3,318.1200,258.4000,3.515e-06
met2,318.1200,263.8400,met3,318.1200,263.8400,2.733e-06
met2,318.1200,269.2800,met3,318.1200,269.2800,3.558e-06
met2,318.1200,274.7200,met3,318.1200,274.7200,1.766e-06
met2,318.1200,280.1600,met3,318.1200,280.1600,1.436e-06
met2,318.1200,285.6000,met3,318.1200,285.6000,2.769e-06
met2,318.1200,291.0400,met3,318.1200,291.0400,3.054e-06
met2,318.1200,296.4800,met3,318.1200,296.4800,2.115e-06
met2,318.1200,301.9200,met3,318.1200,301.9200,1.190e-06
met2,318.1200,307.3600,met3,318.1200,307.3600,2.358e-06
met2,318.1200,312.8000,met3,318.1200,312.8000,1.353e-06
met2,318.1200,318.2400,met3,318.1200,318.2400,1.244e-06
met2,318.1200,323.6800,met3,318.1200,323.6800,1.122e-06
met2,318.1200,329.1200,met3,318.1200,329.1200,2.038e-06
met2,318.1200,334.5600,met3,318.1200,334.5600,1.213e-06
met2,318.1200,340.0000,met3,318.1200,340.0000,6.534e-07
met2,318.1200,345.4400,met3,318.1200,345.4400,1.855e-06
met2,318.1200,350.8800,met3,318.1200,350.8800,5.612e-07
met2,318.1200,356.3200,met3,318.1200,356.3200,7.798e-07
met2,318.1200,361.7600,met3,318.1200,361.7600,6.233e-07
met2,318.1200,367.2000,met3,318.1200,367.2000,1.674e-06
met2,318.1200,372.6400,met3,318.1200,372.6400,4.742e-07
met2,318.1200,378.0800,met3,318.1200,378.0800,1.489e-06
met2,318.1200,383.5200,met3,318.1200,383.5200,4.208e-08
met2,318.1200,388.9600,met3,318.1200,388.9600,3.450e-07
met2,318.1200,394.4000,met3,318.1200,394.4000,1.033e-06
met2,318.1200,399.8400,met3,318.1200,399.8400,5.956e-07
met2,318.1200,405.2800,met3,318.1200,405.2800,7.097e-07
met2,318.1200,410.7200,met3,318.1200,410.7200,9.675e-07
met2,318.1200,416.1600,met3,318.1200,416.1600,9.828e-07
met2,318.1200,421.6000,met3,318.1200,421.6000,8.787e-07
met2,318.1200,427.0400,met3,318.1200,427.0400,1.541e-06
met2,318.1200,432.4800,met3,318.1200,432.4800,1.514e-06
met2,318.1200,437.9200,met3,318.1200,437.9200,1.229e-06
met2,318.1200,443.3600,met3,318.1200,443.3600,1.690e-06
met2,318.1200,448.8000,met3,318.1200,448.8000,3.117e-06
met2,318.1200,454.2400,met3,318.1200,454.2400,1.795e-06
met2,318.1200,459.6800,met3,318.1200,459.6800,6.416e-07
met2,318.1200,465.1200,met3,318.1200,465.1200,1.757e-06
met2,318.1200,470.5600,met3,318.1200,470.5600,1.997e-06
met2,358.1200,13.6000,met3,358.1200,13.6000,1.651e-06
met2,358.1200,19.0400,met3,358.1200,19.0400,2.465e-06
met2,358.1200,24.4800,met3,358.1200,24.4800,6.807e-07
met2,358.1200,29.9200,met3,358.1200,29.9200,3.234e-06
met2,358.1200,35.3600,met3,358.1200,35.3600,2.365e-06
met2,358.1200,40.8000,met3,358.1200,40.8000,2.894e-06
met2,358.1200,46.2400,met3,358.1200,46.2400,1.710e-06
met2,358.1200,51.6800,met3,358.1200,51.6800,9.225e-07
met2,358.1200,57.1200,met3,358.1200,57.1200,5.028e-07
met2,358.1200,62.5600,met3,358.1200,62.5600,2.462e-06
met2,358.1200,68.0000,met3,358.1200,68.0000,1.374e-06
met2,358.1200,73.4400,met3,358.1200,73.4400,1.209e-06
met2,358.1200,78.8800,met3,358.1200,78.8800,1.066e-06
met2,358.1200,84.3200,met3,358.1200,84.3200,1.003e-06
met2,358.1200,89.7600,met3,358.1200,89.7600,1.143e-06
met2,358.1200,95.2000,met3,358.1200,95.2000,1.607e-06
met2,358.1200,100.6400,met3,358.1200,100.6400,7.704e-07
met2,358.1200,106.0800,met3,358.1200,106.0800,2.357e-06
met2,358.1200,111.5200,met3,358.1200,111.5200,1.369e-06
met2,358.1200,116.9600,met3,358.1200,116.9600,1.474e-06
met2,358.1200,122.4000,met3,358.1200,122.4000,1.920e-06
met2,358.1200,127.8400,met3,358.1200,127.8400,1.261e-06
met2,358.1200,133.2800,met3,358.1200,133.2800,2.725e-06
met2,358.1200,138.7200,met3,358.1200,138.7200,1.452e-06
met2,358.1200,144.1600,met3,358.1200,144.1600,1.578e-06
met2,358.1200,149.6000,met3,358.1200,149.6000,2.566e-06
met2,358.1200,155.0400,met3,358.1200,155.0400,1.824e-06
met2,358.1200,160.4800,met3,358.1200,160.4800,2.782e-06
met2,358.1200,165.9200,met3,358.1200,165.9200,1.462e-06
met2,358.1200,171.3600,met3,358.1200,171.3600,1.953e-06
met2,358.1200,176.8000,met3,358.1200,176.8000,3.670e-06
met2,358.1200,182.2400,met3,358.1200,182.2400,2.282e-06
met2,358.1200,187.6800,met3,358.1200,187.6800,2.955e-06
met2,358.1200,193.1200,met3,358.1200,193.1200,3.030e-06
met2,358.1200,198.5600,met3,358.1200,198.5600,3.769e-06
met2,358.1200,204.0000,met3,358.1200,204.0000,2.296e-06
met2,358.1200,209.4400,met3,358.1200,209.4400,2.949e-06
met2,358.1200,214.8800,met3,358.1200,214.8800,3.217e-06
met2,358.1200,220.3200,met3,358.1200,220.3200,2.959e-06
met2,358.1200,225.7600,met3,358.1200,225.7600,2.598e-06
met2,358.1200,231.2000,met3,358.1200,231.2000,3.112e-06
met2,358.1200,236.6400,met3,358.1200,236.6400,2.934e-06
met2,358.1200,242.0800,met3,358.1200,242.0800,3.206e-06
met2,358.1200,247.5200,met3,358.1200,247.5200,2.469e-06
met2,358.1200,252.9600,met3,358.1200,252.9600,2.591e-06
met2,358.1200,258.4000,met3,358.1200,258.4000,2.316e-06
met2,358.1200,263.8400,met3,358.1200,263.8400,2.052e-06
met2,358.1200,269.2800,met3,358.1200,269.2800,2.089e-06
met2,358.1200,274.7200,met3,358.1200,274.7200,2.760e-06
met2,358.1200,280.1600,met3,358.1200,280.1600,1.093e-06
met2,358.1200,285.6000,met3,358.1200,285.6000,2.139e-06
met2,358.1200,291.0400,met3,358.1200,291.0400,2.398e-06
met2,358.1200,296.4800,met3,358.1200,296.4800,6.820e-07
met2,358.1200,301.9200,met3,358.1200,301.9200,2.128e-06
met2,358.1200,307.3600,met3,358.1200,307.3600,2.233e-06
met2,358.1200,312.8000,met3,358.1200,312.8000,1.364e-06
met2,358.1200,318.2400,met3,358.1200,318.2400,2.036e-06
met2,358.1200,323.6800,met3,358.1200,323.6800,6.174e-07
met2,358.1200,329.1200,met3,358.1200,329.1200,1.684e-06
met2,358.1200,334.5600,met3,358.1200,334.5600,1.423e-06
met2,358.1200,340.0000,met3,358.1200,340.0000,6.852e-07
met2,358.1200,345.4400,met3,358.1200,345.4400,1.236e-06
met2,358.1200,350.8800,met3,358.1200,350.8800,1.959e-06
met2,358.1200,356.3200,met3,358.1200,356.3200,8.363e-07
met2,358.1200,361.7600,met3,358.1200,361.7600,6.814e-07
met2,358.1200,367.2000,met3,358.1200,367.2000,2.482e-06
met2,358.1200,372.6400,met3,358.1200,372.6400,1.073e-06
met2,358.1200,378.0800,met3,358.1200,378.0800,1.189e-06
met2,358.1200,383.5200,met3,358.1200,383.5200,6.858e-07
met2,358.1200,388.9600,met3,358.1200,388.9600,1.150e-06
met2,358.1200,394.4000,met3,358.1200,394.4000,2.112e-06
met2,358.1200,399.8400,met3,358.1200,399.8400,4.330e-08
met2,358.1200,405.2800,met3,358.1200,405.2800,4.879e-07
met2,358.1200,410.7200,met3,358.1200,410.7200,1.607e-06
met2,358.1200,416.1600,met3,358.1200,416.1600,2.104e-07
met2,358.1200,421.6000,met3,358.1200,421.6000,2.228e-06
met2,358.1200,427.0400,met3,358.1200,427.0400,8.724e-07
met2,358.1200,432.4800,met3,358.1200,432.4800,1.712e-06
met2,358.1200,437.9200,met3,358.1200,437.9200,8.341e-07
met2,358.1200,443.3600,met3,358.1200,443.3600,1.187e-06
met2,358.1200,448.8000,met3,358.1200,448.8000,3.112e-06
met2,358.1200,454.2400,met3,358.1200,454.2400,8.863e-07
met2,358.1200,459.6800,met3,358.1200,459.6800,7.357e-07
met2,358.1200,465.1200,met3,358.1200,465.1200,1.292e-06
met2,358.1200,470.5600,met3,358.1200,470.5600,2.029e-06
met2,398.1200,13.6000,met3,398.1200,13.6000,2.772e-06
met2,398.1200,19.0400,met3,398.1200,19.0400,2.531e-06
met2,398.1200,24.4800,met3,398.1200,24.4800,6.046e-07
met2,398.1200,29.9200,met3,398.1200,29.9200,4.290e-06
met2,398.1200,35.3600,met3,398.1200,35.3600,1.530e-06
met2,398.1200,40.8000,met3,398.1200,40.8000,3.168e-06
met2,398.1200,46.2400,met3,398.1200,46.2400,1.844e-06
met2,398.1200,51.6800,met3,398.1200,51.6800,2.413e-06
met2,398.1200,57.1200,met3,398.1200,57.1200,1.608e-06
met2,398.1200,62.5600,met3,398.1200,62.5600,1.881e-06
met2,398.1200,68.0000,met3,398.1200,68.0000,2.230e-06
met2,398.1200,73.4400,met3,398.1200,73.4400,2.252e-06
met2,398.1200,78.8800,met3,398.1200,78.8800,8.964e-07
met2,398.1200,84.3200,met3,398.1200,84.3200,1.981e-06
met2,398.1200,89.7600,met3,398.1200,89.7600,2.095e-06
met2,398.1200,95.2000,met3,398.1200,95.2000,1.873e-06
met2,398.1200,100.6400,met3,398.1200,100.6400,1.339e-06
met2,398.1200,106.0800,met3,398.1200,106.0800,3.883e-06
met2,398.1200,111.5200,met3,398.1200,111.5200,1.474e-06
met2,398.1200,116.9600,met3,398.1200,116.9600,2.557e-06
met2,398.1200,122.4000,met3,398.1200,122.4000,1.541e-06
met2,398.1200,127.8400,met3,398.1200,127.8400,2.874e-06
met2,398.1200,133.2800,met3,398.1200,133.2800,3.005e-06
met2,398.1200,138.7200,met3,398.1200,138.7200,2.088e-06
met2,398.1200,144.1600,met3,398.1200,144.1600,2.199e-06
met2,398.1200,149.6000,met3,398.1200,149.6000,1.536e-06
met2,398.1200,155.0400,met3,398.1200,155.0400,3.612e-06
met2,398.1200,160.4800,met3,398.1200,160.4800,1.889e-06
met2,398.1200,165.9200,met3,398.1200,165.9200,1.346e-06
met2,398.1200,171.3600,met3,398.1200,171.3600,2.335e-06
met2,398.1200,176.8000,met3,398.1200,176.8000,1.936e-06
met2,398.1200,182.2400,met3,398.1200,182.2400,2.775e-06
met2,398.1200,187.6800,met3,398.1200,187.6800,1.409e-06
met2,398.1200,193.1200,met3,398.1200,193.1200,1.908e-06
met2,398.1200,198.5600,met3,398.1200,198.5600,1.803e-06
met2,398.1200,204.0000,met3,398.1200,204.0000,1.498e-06
met2,398.1200,209.4400,met3,398.1200,209.4400,3.244e-06
met2,398.1200,214.8800,met3,398.1200,214.8800,1.265e-06
met2,398.1200,220.3200,met3,398.1200,220.3200,1.677e-06
met2,398.1200,225.7600,met3,398.1200,225.7600,1.881e-06
met2,398.1200,231.2000,met3,398.1200,231.2000,1.903e-06
met2,398.1200,236.6400,met3,398.1200,236.6400,2.423e-06
met2,398.1200,242.0800,met3,398.1200,242.0800,1.885e-06
met2,398.1200,247.5200,met3,398.1200,247.5200,1.308e-06
met2,398.1200,252.9600,met3,398.1200,252.9600,2.030e-06
met2,398.1200,258.4000,met3,398.1200,258.4000,1.786e-06
met2,398.1200,263.8400,met3,398.1200,263.8400,1.716e-06
met2,398.1200,269.2800,met3,398.1200,269.2800,9.013e-07
met2,398.1200,274.7200,met3,398.1200,274.7200,2.753e-06
met2,398.1200,280.1600,met3,398.1200,280.1600,9.808e-07
met2,398.1200,285.6000,met3,398.1200,285.6000,2.309e-06
met2,398.1200,291.0400,met3,398.1200,291.0400,2.293e-06
met2,398.1200,296.4800,met3,398.1200,296.4800,7.814e-08
met2,398.1200,301.9200,met3,398.1200,301.9200,2.481e-06
met2,398.1200,307.3600,met3,398.1200,307.3600,1.790e-06
met2,398.1200,312.8000,met3,398.1200,312.8000,3.685e-06
met2,398.1200,318.2400,met3,398.1200,318.2400,8.872e-07
met2,398.1200,323.6800,met3,398.1200,323.6800,1.063e-06
met2,398.1200,329.1200,met3,398.1200,329.1200,7.951e-07
met2,398.1200,334.5600,met3,398.1200,334.5600,2.411e-06
met2,398.1200,340.0000,met3,398.1200,340.0000,9.970e-07
met2,398.1200,345.4400,met3,398.1200,345.4400,7.278e-07
met2,398.1200,350.8800,met3,398.1200,350.8800,3.150e-06
met2,398.1200,356.3200,met3,398.1200,356.3200,2.377e-06
met2,398.1200,361.7600,met3,398.1200,361.7600,9.238e-07
met2,398.1200,367.2000,met3,398.1200,367.2000,2.757e-06
met2,398.1200,372.6400,met3,398.1200,372.6400,1.327e-06
met2,398.1200,378.0800,met3,398.1200,378.0800,1.860e-06
met2,398.1200,383.5200,met3,398.1200,383.5200,1.746e-06
met2,398.1200,388.9600,met3,398.1200,388.9600,1.488e-06
met2,398.1200,394.4000,met3,398.1200,394.4000,3.922e-06
met2,398.1200,399.8400,met3,398.1200,399.8400,3.211e-07
met2,398.1200,405.2800,met3,398.1200,405.2800,1.198e-06
met2,398.1200,410.7200,met3,398.1200,410.7200,2.409e-06
met2,398.1200,416.1600,met3,398.1200,416.1600,1.061e-06
met2,398.1200,421.6000,met3,398.1200,421.6000,2.683e-06
met2,398.1200,427.0400,met3,398.1200,427.0400,2.294e-06
met2,398.1200,432.4800,met3,398.1200,432.4800,1.024e-06
met2,398.1200,437.9200,met3,398.1200,437.9200,3.102e-06
met2,398.1200,443.3600,met3,398.1200,443.3600,1.560e-06
met2,398.1200,448.8000,met3,398.1200,448.8000,1.886e-06
met2,398.1200,454.2400,met3,398.1200,454.2400,7.886e-07
met2,398.1200,459.6800,met3,398.1200,459.6800,1.395e-06
met2,398.1200,465.1200,met3,398.1200,465.1200,1.776e-06
met2,398.1200,470.5600,met3,398.1200,470.5600,2.565e-06
met2,438.1200,13.6000,met3,438.1200,13.6000,2.669e-06
met2,438.1200,19.0400,met3,438.1200,19.0400,6.335e-06
met2,438.1200,24.4800,met3,438.1200,24.4800,1.169e-06
met2,438.1200,29.9200,met3,438.1200,29.9200,3.953e-06
met2,438.1200,35.3600,met3,438.1200,35.3600,4.175e-06
met2,438.1200,40.8000,met3,438.1200,40.8000,4.055e-06
met2,438.1200,46.2400,met3,438.1200,46.2400,4.653e-06
met2,438.1200,51.6800,met3,438.1200,51.6800,3.223e-06
met2,438.1200,57.1200,met3,438.1200,57.1200,4.090e-06
met2,438.1200,62.5600,met3,438.1200,62.5600,5.296e-06
met2,438.1200,68.0000,met3,438.1200,68.0000,3.246e-06
met2,438.1200,73.4400,met3,438.1200,73.4400,7.854e-06
met2,438.1200,78.8800,met3,438.1200,78.8800,4.057e-06
met2,438.1200,84.3200,met3,438.1200,84.3200,3.912e-06
met2,438.1200,89.7600,met3,438.1200,89.7600,7.302e-06
met2,438.1200,95.2000,met3,438.1200,95.2000,2.723e-06
met2,438.1200,100.6400,met3,438.1200,100.6400,4.330e-06
met2,438.1200,106.0800,met3,438.1200,106.0800,5.553e-06
met2,438.1200,111.5200,met3,438.1200,111.5200,2.183e-06
met2,438.1200,116.9600,met3,438.1200,116.9600,5.376e-06
met2,438.1200,122.4000,met3,438.1200,122.4000,1.233e-06
met2,438.1200,127.8400,met3,438.1200,127.8400,5.179e-06
met2,438.1200,133.2800,met3,438.1200,133.2800,2.563e-06
met2,438.1200,138.7200,met3,438.1200,138.7200,2.635e-06
met2,438.1200,144.1600,met3,438.1200,144.1600,2.930e-06
met2,438.1200,149.6000,met3,438.1200,149.6000,1.584e-06
met2,438.1200,155.0400,met3,438.1200,155.0400,3.604e-06
met2,438.1200,160.4800,met3,438.1200,160.4800,1.974e-06
met2,438.1200,165.9200,met3,438.1200,165.9200,2.059e-06
met2,438.1200,171.3600,met3,438.1200,171.3600,9.497e-07
met2,438.1200,176.8000,met3,438.1200,176.8000,2.785e-06
met2,438.1200,182.2400,met3,438.1200,182.2400,2.098e-06
met2,438.1200,187.6800,met3,438.1200,187.6800,2.569e-07
met2,438.1200,193.1200,met3,438.1200,193.1200,2.438e-06
met2,438.1200,198.5600,met3,438.1200,198.5600,6.095e-07
met2,438.1200,204.0000,met3,438.1200,204.0000,2.292e-06
met2,438.1200,209.4400,met3,438.1200,209.4400,1.407e-06
met2,438.1200,214.8800,met3,438.1200,214.8800,4.053e-07
met2,438.1200,220.3200,met3,438.1200,220.3200,1.302e-06
met2,438.1200,225.7600,met3,438.1200,225.7600,4.984e-07
met2,438.1200,231.2000,met3,438.1200,231.2000,2.608e-06
met2,438.1200,236.6400,met3,438.1200,236.6400,2.700e-07
met2,438.1200,242.0800,met3,438.1200,242.0800,1.576e-06
met2,438.1200,247.5200,met3,438.1200,247.5200,5.464e-07
met2,438.1200,252.9600,met3,438.1200,252.9600,8.186e-07
met2,438.1200,258.4000,met3,438.1200,258.4000,8.610e-07
met2,438.1200,263.8400,met3,438.1200,263.8400,1.824e-06
met2,438.1200,269.2800,met3,438.1200,269.2800,1.457e-06
met2,438.1200,274.7200,met3,438.1200,274.7200,1.700e-06
met2,438.1200,280.1600,met3,438.1200,280.1600,2.082e-06
met2,438.1200,285.6000,met3,438.1200,285.6000,3.502e-07
met2,438.1200,291.0400,met3,438.1200,291.0400,4.413e-06
met2,438.1200,296.4800,met3,438.1200,296.4800,2.111e-07
met2,438.1200,301.9200,met3,438.1200,301.9200,2.333e-06
met2,438.1200,307.3600,met3,438.1200,307.3600,1.835e-06
met2,438.1200,312.8000,met3,438.1200,312.8000,2.941e-06
met2,438.1200,318.2400,met3,438.1200,318.2400,1.142e-06
met2,438.1200,323.6800,met3,438.1200,323.6800,8.247e-07
met2,438.1200,329.1200,met3,438.1200,329.1200,1.940e-06
met2,438.1200,334.5600,met3,438.1200,334.5600,2.177e-06
met2,438.1200,340.0000,met3,438.1200,340.0000,2.073e-06
met2,438.1200,345.4400,met3,438.1200,345.4400,1.605e-06
met2,438.1200,350.8800,met3,438.1200,350.8800,6.608e-07
met2,438.1200,356.3200,met3,438.1200,356.3200,3.999e-06
met2,438.1200,361.7600,met3,438.1200,361.7600,1.618e-06
met2,438.1200,367.2000,met3,438.1200,367.2000,2.436e-06
met2,438.1200,372.6400,met3,438.1200,372.6400,2.269e-06
met2,438.1200,378.0800,met3,438.1200,378.0800,2.541e-06
met2,438.1200,383.5200,met3,438.1200,383.5200,2.971e-06
met2,438.1200,388.9600,met3,438.1200,388.9600,1.877e-06
met2,438.1200,394.4000,met3,438.1200,394.4000,3.726e-06
met2,438.1200,399.8400,met3,438.1200,399.8400,2.739e-06
met2,438.1200,405.2800,met3,438.1200,405.2800,3.350e-06
met2,438.1200,410.7200,met3,438.1200,410.7200,4.066e-06
met2,438.1200,416.1600,met3,438.1200,416.1600,3.141e-06
met2,438.1200,421.6000,met3,438.1200,421.6000,3.315e-06
met2,438.1200,427.0400,met3,438.1200,427.0400,5.314e-06
met2,438.1200,432.4800,met3,438.1200,432.4800,2.668e-06
met2,438.1200,437.9200,met3,438.1200,437.9200,5.371e-06
met2,438.1200,443.3600,met3,438.1200,443.3600,7.078e-06
met2,438.1200,448.8000,met3,438.1200,448.8000,4.339e-06
met2,438.1200,454.2400,met3,438.1200,454.2400,4.183e-06
met2,438.1200,459.6800,met3,438.1200,459.6800,4.156e-06
met2,438.1200,465.1200,met3,438.1200,465.1200,3.537e-06
met2,438.1200,470.5600,met3,438.1200,470.5600,5.368e-06
met3,38.1200,13.6000,met4,38.1200,13.6000,6.424e-06
met3,38.1200,19.0400,met4,38.1200,19.0400,8.226e-06
met3,38.1200,24.4800,met4,38.1200,24.4800,3.420e-06
met3,38.1200,29.9200,met4,38.1200,29.9200,7.359e-06
met3,38.1200,35.3600,met4,38.1200,35.3600,7.304e-06
met3,38.1200,40.8000,met4,38.1200,40.8000,8.221e-06
met3,38.1200,46.2400,met4,38.1200,46.2400,3.817e-06
met3,38.1200,51.6800,met4,38.1200,51.6800,8.059e-06
met3,38.1200,57.1200,met4,38.1200,57.1200,6.928e-06
met3,38.1200,62.5600,met4,38.1200,62.5600,3.220e-06
met3,38.1200,68.0000,met4,38.1200,68.0000,8.675e-06
met3,38.1200,73.4400,met4,38.1200,73.4400,6.697e-06
met3,38.1200,78.8800,met4,38.1200,78.8800,5.635e-06
met3,38.1200,84.3200,met4,38.1200,84.3200,4.793e-06
met3,38.1200,89.7600,met4,38.1200,89.7600,6.395e-06
met3,38.1200,95.2000,met4,38.1200,95.2000,6.651e-06
met3,38.1200,100.6400,met4,38.1200,100.6400,6.440e-06
met3,38.1200,106.0800,met4,38.1200,106.0800,5.871e-06
met3,38.1200,111.5200,met4,38.1200,111.5200,5.204e-06
met3,38.1200,116.9600,met4,38.1200,116.9600,5.756e-06
met3,38.1200,122.4000,met4,38.1200,122.4000,5.961e-06
met3,38.1200,127.8400,met4,38.1200,127.8400,3.479e-06
met3,38.1200,133.2800,met4,38.1200,133.2800,8.855e-06
met3,38.1200,138.7200,met4,38.1200,138.7200,3.447e-06
met3,38.1200,144.1600,met4,38.1200,144.1600,5.831e-06
met3,38.1200,149.6000,met4,38.1200,149.6000,6.011e-06
met3,38.1200,155.0400,met4,38.1200,155.0400,1.853e-06
met3,38.1200,160.4800,met4,38.1200,160.4800,7.833e-06
met3,38.1200,165.9200,met4,38.1200,165.9200,2.710e-06
met3,38.1200,171.3600,met4,38.1200,171.3600,4.963e-06
met3,38.1200,176.8000,met4,38.1200,176.8000,5.066e-06
met3,38.1200,182.2400,met4,38.1200,182.2400,5.956e-06
met3,38.1200,187.6800,met4,38.1200,187.6800,6.369e-06
met3,38.1200,193.1200,met4,38.1200,193.1200,4.477e-06
met3,38.1200,198.5600,met4,38.1200,198.5600,2.105e-06
met3,38.1200,204.0000,met4,38.1200,204.0000,5.552e-06
met3,38.1200,209.4400,met4,38.1200,209.4400,5.179e-06
met3,38.1200,214.8800,met4,38.1200,214.8800,5.260e-06
met3,38.1200,220.3200,met4,38.1200,220.3200,4.313e-06
met3,38.1200,225.7600,met4,38.1200,225.7600,4.092e-06
met3,38.1200,231.2000,met4,38.1200,231.2000,3.721e-06
met3,38.1200,236.6400,met4,38.1200,236.6400,3.695e-06
met3,38.1200,242.0800,met4,38.1200,242.0800,4.921e-06
met3,38.1200,247.5200,met4,38.1200,247.5200,3.980e-06
met3,38.1200,252.9600,met4,38.1200,252.9600,4.816e-06
met3,38.1200,258.4000,met4,38.1200,258.4000,4.301e-06
met3,38.1200,263.8400,met4,38.1200,263.8400,4.418e-06
met3,38.1200,269.2800,met4,38.1200,269.2800,2.971e-06
met3,38.1200,274.7200,met4,38.1200,274.7200,5.522e-06
met3,38.1200,280.1600,met4,38.1200,280.1600,4.478e-06
met3,38.1200,285.6000,met4,38.1200,285.6000,2.664e-06
met3,38.1200,291.0400,met4,38.1200,291.0400,5.825e-06
met3,38.1200,296.4800,met4,38.1200,296.4800,3.351e-06
met3,38.1200,301.9200,met4,38.1200,301.9200,2.575e-06
met3,38.1200,307.3600,met4,38.1200,307.3600,7.928e-06
met3,38.1200,312.8000,met4,38.1200,312.8000,7.038e-07
met3,38.1200,318.2400,met4,38.1200,318.2400,3.874e-06
met3,38.1200,323.6800,met4,38.1200,323.6800,4.730e-06
met3,38.1200,329.1200,met4,38.1200,329.1200,4.026e-06
met3,38.1200,334.5600,met4,38.1200,334.5600,4.006e-06
met3,38.1200,340.0000,met4,38.1200,340.0000,2.739e-06
met3,38.1200,345.4400,met4,38.1200,345.4400,3.989e-06
met3,38.1200,350.8800,met4,38.1200,350.8800,5.666e-06
met3,38.1200,356.3200,met4,38.1200,356.3200,5.865e-07
met3,38.1200,361.7600,met4,38.1200,361.7600,6.596e-06
met3,38.1200,367.2000,met4,38.1200,367.2000,3.851e-06
met3,38.1200,372.6400,met4,38.1200,372.6400,3.447e-06
met3,38.1200,378.0800,met4,38.1200,378.0800,4.068e-06
met3,38.1200,383.5200,met4,38.1200,383.5200,4.543e-06
met3,38.1200,388.9600,met4,38.1200,388.9600,4.204e-06
met3,38.1200,394.4000,met4,38.1200,394.4000,7.406e-06
met3,38.1200,399.8400,met4,38.1200,399.8400,2.083e-06
met3,38.1200,405.2800,met4,38.1200,405.2800,4.765e-06
met3,38.1200,410.7200,met4,38.1200,410.7200,7.202e-06
met3,38.1200,416.1600,met4,38.1200,416.1600,1.061e-06
met3,38.1200,421.6000,met4,38.1200,421.6000,8.441e-06
met3,38.1200,427.0400,met4,38.1200,427.0400,3.558e-06
met3,38.1200,432.4800,met4,38.1200,432.4800,5.724e-06
met3,38.1200,437.9200,met4,38.1200,437.9200,2.897e-06
met3,38.1200,443.3600,met4,38.1200,443.3600,8.157e-06
met3,38.1200,448.8000,met4,38.1200,448.8000,1.164e-06
met3,38.1200,454.2400,met4,38.1200,454.2400,5.916e-06
met3,38.1200,459.6800,met4,38.1200,459.6800,4.611e-06
met3,38.1200,465.1200,met4,38.1200,465.1200,7.610e-06
met3,38.1200,470.5600,met4,38.1200,470.5600,3.203e-06
met3,78.1200,13.6000,met4,78.1200,13.6000,7.661e-06
met3,78.1200,19.0400,met4,78.1200,19.0400,7.781e-06
met3,78.1200,24.4800,met4,78.1200,24.4800,7.763e-06
met3,78.1200,29.9200,met4,78.1200,29.9200,6.883e-06
met3,78.1200,35.3600,met4,78.1200,35.3600,1.078e-05
met3,78.1200,40.8000,met4,78.1200,40.8000,5.706e-06
met3,78.1200,46.2400,met4,78.1200,46.2400,7.577e-06
met3,78.1200,51.6800,met4,78.1200,51.6800,7.741e-06
met3,78.1200,57.1200,met4,78.1200,57.1200,7.153e-06
met3,78.1200,62.5600,met4,78.1200,62.5600,7.202e-06
met3,78.1200,68.0000,met4,78.1200,68.0000,7.604e-06
met3,78.1200,73.4400,met4,78.1200,73.4400,8.205e-06
met3,78.1200,78.8800,met4,78.1200,78.8800,6.949e-06
met3,78.1200,84.3200,met4,78.1200,84.3200,6.040e-06
met3,78.1200,89.7600,met4,78.1200,89.7600,7.208e-06
met3,78.1200,95.2000,met4,78.1200,95.2000,6.867e-06
met3,78.1200,100.6400,met4,78.1200,100.6400,5.954e-06
met3,78.1200,106.0800,met4,78.1200,106.0800,6.026e-06
met3,78.1200,111.5200,met4,78.1200,111.5200,5.776e-06
met3,78.1200,116.9600,met4,78.1200,116.9600,6.473e-06
met3,78.1200,122.4000,met4,78.1200,122.4000,5.303e-06
met3,78.1200,127.8400,met4,78.1200,127.8400,4.525e-06
met3,78.1200,133.2800,met4,78.1200,133.2800,6.739e-06
met3,78.1200,138.7200,met4,78.1200,138.7200,3.873e-06
met3,78.1200,144.1600,met4,78.1200,144.1600,4.358e-06
met3,78.1200,149.6000,met4,78.1200,149.6000,6.013e-06
met3,78.1200,155.0400,met4,78.1200,155.0400,1.861e-06
met3,78.1200,160.4800,met4,78.1200,160.4800,5.084e-06
met3,78.1200,165.9200,met4,78.1200,165.9200,4.740e-06
met3,78.1200,171.3600,met4,78.1200,171.3600,3.424e-06
met3,78.1200,176.8000,met4,78.1200,176.8000,5.746e-06
met3,78.1200,182.2400,met4,78.1200,182.2400,3.047e-06
met3,78.1200,187.6800,met4,78.1200,187.6800,5.225e-06
met3,78.1200,193.1200,met4,78.1200,193.1200,5.084e-06
met3,78.1200,198.5600,met4,78.1200,198.5600,3.148e-06
met3,78.1200,204.0000,met4,78.1200,204.0000,4.833e-06
met3,78.1200,209.4400,met4,78.1200,209.4400,4.876e-06
met3,78.1200,214.8800,met4,78.1200,214.8800,3.544e-06
met3,78.1200,220.3200,met4,78.1200,220.3200,4.809e-06
met3,78.1200,225.7600,met4,78.1200,225.7600,3.252e-06
met3,78.1200,231.2000,met4,78.1200,231.2000,4.476e-06
met3,78.1200,236.6400,met4,78.1200,236.6400,4.306e-06
met3,78.1200,242.0800,met4,78.1200,242.0800,4.209e-06
met3,78.1200,247.5200,met4,78.1200,247.5200,3.214e-06
met3,78.1200,252.9600,met4,78.1200,252.9600,3.923e-06
met3,78.1200,258.4000,met4,78.1200,258.4000,4.038e-06
met3,78.1200,263.8400,met4,78.1200,263.8400,5.047e-06
met3,78.1200,269.2800,met4,78.1200,269.2800,2.912e-06
met3,78.1200,274.7200,met4,78.1200,274.7200,4.975e-06
met3,78.1200,280.1600,met4,78.1200,280.1600,2.998e-06
met3,78.1200,285.6000,met4,78.1200,285.6000,5.253e-06
met3,78.1200,291.0400,met4,78.1200,291.0400,1.968e-06
met3,78.1200,296.4800,met4,78.1200,296.4800,4.712e-06
met3,78.1200,301.9200,met4,78.1200,301.9200,2.034e-06
met3,78.1200,307.3600,met4,78.1200,307.3600,6.085e-06
met3,78.1200,312.8000,met4,78.1200,312.8000,1.024e-06
met3,78.1200,318.2400,met4,78.1200,318.2400,3.706e-06
met3,78.1200,323.6800,met4,78.1200,323.6800,3.266e-06
met3,78.1200,329.1200,met4,78.1200,329.1200,2.431e-06
met3,78.1200,334.5600,met4,78.1200,334.5600,4.506e-06
met3,78.1200,340.0000,met4,78.1200,340.0000,3.426e-06
met3,78.1200,345.4400,met4,78.1200,345.4400,4.142e-06
met3,78.1200,350.8800,met4,78.1200,350.8800,3.106e-06
met3,78.1200,356.3200,met4,78.1200,356.3200,3.073e-06
met3,78.1200,361.7600,met4,78.1200,361.7600,5.182e-06
met3,78.1200,367.2000,met4,78.1200,367.2000,2.692e-06
met3,78.1200,372.6400,met4,78.1200,372.6400,5.631e-06
met3,78.1200,378.0800,met4,78.1200,378.0800,2.357e-06
met3,78.1200,383.5200,met4,78.1200,383.5200,5.873e-06
met3,78.1200,388.9600,met4,78.1200,388.9600,3.398e-06
met3,78.1200,394.4000,met4,78.1200,394.4000,7.164e-06
met3,78.1200,399.8400,met4,78.1200,399.8400,4.179e-06
met3,78.1200,405.2800,met4,78.1200,405.2800,5.688e-06
met3,78.1200,410.7200,met4,78.1200,410.7200,7.131e-06
met3,78.1200,416.1600,met4,78.1200,416.1600,3.943e-06
met3,78.1200,421.6000,met4,78.1200,421.6000,9.928e-06
met3,78.1200,427.0400,met4,78.1200,427.0400,5.454e-06
met3,78.1200,432.4800,met4,78.1200,432.4800,8.944e-06
met3,78.1200,437.9200,met4,78.1200,437.9200,9.163e-06
met3,78.1200,443.3600,met4,78.1200,443.3600,9.353e-06
met3,78.1200,448.8000,met4,78.1200,448.8000,8.001e-06
met3,78.1200,454.2400,met4,78.1200,454.2400,7.000e-06
met3,78.1200,459.6800,met4,78.1200,459.6800,8.366e-06
met3,78.1200,465.1200,met4,78.1200,465.1200,9.120e-06
met3,78.1200,470.5600,met4,78.1200,470.5600,5.920e-06
met3,118.1200,13.6000,met4,118.1200,13.6000,5.272e-06
met3,118.1200,19.0400,met4,118.1200,19.0400,6.895e-06
met3,118.1200,24.4800,met4,118.1200,24.4800,6.192e-06
met3,118.1200,29.9200,met4,118.1200,29.9200,1.038e-05
met3,118.1200,35.3600,met4,118.1200,35.3600,7.986e-06
met3,118.1200,40.8000,met4,118.1200,40.8000,3.106e-06
met3,118.1200,46.2400,met4,118.1200,46.2400,7.013e-06
met3,118.1200,51.6800,met4,118.1200,51.6800,4.014e-06
met3,118.1200,57.1200,met4,118.1200,57.1200,5.989e-06
met3,118.1200,62.5600,met4,118.1200,62.5600,6.835e-06
met3,118.1200,68.0000,met4,118.1200,68.0000,4.311e-06
met3,118.1200,73.4400,met4,118.1200,73.4400,7.544e-06
met3,118.1200,78.8800,met4,118.1200,78.8800,3.560e-06
met3,118.1200,84.3200,met4,118.1200,84.3200,6.151e-06
met3,118.1200,89.7600,met4,118.1200,89.7600,4.907e-06
met3,118.1200,95.2000,met4,118.1200,95.2000,3.249e-06
met3,118.1200,100.6400,met4,118.1200,100.6400,5.737e-06
met3,118.1200,106.0800,met4,118.1200,106.0800,3.831e-06
met3,118.1200,111.5200,met4,118.1200,111.5200,8.263e-06
met3,118.1200,116.9600,met4,118.1200,116.9600,5.995e-06
met3,118.1200,122.4000,met4,118.1200,122.4000,9.432e-06
met3,118.1200,127.8400,met4,118.1200,127.8400,3.613e-06
met3,118.1200,133.2800,met4,118.1200,133.2800,4.898e-06
met3,118.1200,138.7200,met4,118.1200,138.7200,2.886e-06
met3,118.1200,144.1600,met4,118.1200,144.1600,3.583e-06
met3,118.1200,149.6000,met4,118.1200,149.6000,2.879e-06
met3,118.1200,155.0400,met4,118.1200,155.0400,1.728e-06
met3,118.1200,160.4800,met4,118.1200,160.4800,3.431e-06
met3,118.1200,165.9200,met4,118.1200,165.9200,2.633e-06
met3,118.1200,171.3600,met4,118.1200,171.3600,6.599e-06
met3,118.1200,176.8000,met4,118.1200,176.8000,2.600e-06
met3,118.1200,182.2400,met4,118.1200,182.2400,2.872e-06
met3,118.1200,187.6800,met4,118.1200,187.6800,2.706e-06
met3,118.1200,193.1200,met4,118.1200,193.1200,3.585e-06
met3,118.1200,198.5600,met4,118.1200,198.5600,9.188e-06
met3,118.1200,204.0000,met4,118.1200,204.0000,6.550e-06
met3,118.1200,209.4400,met4,118.1200,209.4400,3.156e-06
met3,118.1200,214.8800,met4,118.1200,214.8800,2.574e-06
met3,118.1200,220.3200,met4,118.1200,220.3200,3.123e-06
met3,118.1200,225.7600,met4,118.1200,225.7600,2.631e-06
met3,118.1200,231.2000,met4,118.1200,231.2000,7.316e-06
met3,118.1200,236.6400,met4,118.1200,236.6400,3.972e-06
met3,118.1200,242.0800,met4,118.1200,242.0800,3.560e-06
met3,118.1200,247.5200,met4,118.1200,247.5200,3.917e-06
met3,118.1200,252.9600,met4,118.1200,252.9600,5.134e-06
met3,118.1200,258.4000,met4,118.1200,258.4000,3.221e-06
met3,118.1200,263.8400,met4,118.1200,263.8400,5.725e-06
met3,118.1200,269.2800,met4,118.1200,269.2800,5.597e-06
met3,118.1200,274.7200,met4,118.1200,274.7200,4.400e-06
met3,118.1200,280.1600,met4,118.1200,280.1600,2.897e-06
met3,118.1200,285.6000,met4,118.1200,285.6000,5.050e-06
met3,118.1200,291.0400,met4,118.1200,291.0400,7.466e-07
met3,118.1200,296.4800,met4,118.1200,296.4800,4.528e-06
met3,118.1200,301.9200,met4,118.1200,301.9200,4.355e-06
met3,118.1200,307.3600,met4,118.1200,307.3600,2.608e-06
met3,118.1200,312.8000,met4,118.1200,312.8000,4.034e-06
met3,118.1200,318.2400,met4,118.1200,318.2400,1.688e-06
met3,118.1200,323.6800,met4,118.1200,323.6800,2.480e-06
met3,118.1200,329.1200,met4,118.1200,329.1200,4.025e-06
met3,118.1200,334.5600,met4,118.1200,334.5600,2.848e-06
met3,118.1200,340.0000,met4,118.1200,340.0000,4.342e-06
met3,118.1200,345.4400,met4,118.1200,345.4400,4.079e-06
met3,118.1200,350.8800,met4,118.1200,350.8800,3.591e-06
met3,118.1200,356.3200,met4,118.1200,356.3200,1.090e-06
met3,118.1200,361.7600,met4,118.1200,361.7600,5.727e-06
met3,118.1200,367.2000,met4,118.1200,367.2000,2.568e-06
met3,118.1200,372.6400,met4,118.1200,372.6400,3.770e-06
met3,118.1200,378.0800,met4,118.1200,378.0800,5.739e-06
met3,118.1200,383.5200,met4,118.1200,383.5200,1.609e-06
met3,118.1200,388.9600,met4,118.1200,388.9600,4.037e-06
met3,118.1200,394.4000,met4,118.1200,394.4000,4.738e-06
met3,118.1200,399.8400,met4,118.1200,399.8400,4.493e-06
met3,118.1200,405.2800,met4,118.1200,405.2800,2.945e-06
met3,118.1200,410.7200,met4,118.1200,410.7200,4.521e-06
met3,118.1200,416.1600,met4,118.1200,416.1600,2.786e-06
met3,118.1200,421.6000,met4,118.1200,421.6000,5.664e-06
met3,118.1200,427.0400,met4,118.1200,427.0400,1.895e-06
met3,118.1200,432.4800,met4,118.1200,432.4800,4.777e-06
met3,118.1200,437.9200,met4,118.1200,437.9200,4.668e-06
met3,118.1200,443.3600,met4,118.1200,443.3600,3.385e-06
met3,118.1200,448.8000,met4,118.1200,448.8000,6.989e-06
met3,118.1200,454.2400,met4,118.1200,454.2400,2.871e-06
met3,118.1200,459.6800,met4,118.1200,459.6800,3.892e-06
met3,118.1200,465.1200,met4,118.1200,465.1200,6.504e-06
met3,118.1200,470.5600,met4,118.1200,470.5600,1.495e-06
met3,158.1200,13.6000,met4,158.1200,13.6000,3.420e-06
met3,158.1200,19.0400,met4,158.1200,19.0400,4.180e-06
met3,158.1200,24.4800,met4,158.1200,24.4800,3.934e-06
met3,158.1200,29.9200,met4,158.1200,29.9200,5.301e-06
met3,158.1200,35.3600,met4,158.1200,35.3600,5.324e-06
met3,158.1200,40.8000,met4,158.1200,40.8000,2.510e-06
met3,158.1200,46.2400,met4,158.1200,46.2400,2.572e-06
met3,158.1200,51.6800,met4,158.1200,51.6800,2.816e-06
met3,158.1200,57.1200,met4,158.1200,57.1200,3.610e-06
met3,158.1200,62.5600,met4,158.1200,62.5600,5.381e-06
met3,158.1200,68.0000,met4,158.1200,68.0000,3.332e-06
met3,158.1200,73.4400,met4,158.1200,73.4400,3.727e-06
met3,158.1200,78.8800,met4,158.1200,78.8800,1.093e-06
met3,158.1200,84.3200,met4,158.1200,84.3200,3.455e-06
met3,158.1200,89.7600,met4,158.1200,89.7600,2.907e-06
met3,158.1200,95.2000,met4,158.1200,95.2000,1.303e-06
met3,158.1200,100.6400,met4,158.1200,100.6400,3.058e-06
met3,158.1200,106.0800,met4,158.1200,106.0800,2.198e-06
met3,158.1200,111.5200,met4,158.1200,111.5200,4.828e-06
met3,158.1200,116.9600,met4,158.1200,116.9600,2.675e-06
met3,158.1200,122.4000,met4,158.1200,122.4000,7.014e-06
met3,158.1200,127.8400,met4,158.1200,127.8400,2.673e-06
met3,158.1200,133.2800,met4,158.1200,133.2800,1.544e-06
met3,158.1200,138.7200,met4,158.1200,138.7200,3.850e-06
met3,158.1200,144.1600,met4,158.1200,144.1600,1.483e-06
met3,158.1200,149.6000,met4,158.1200,149.6000,1.028e-06
met3,158.1200,155.0400,met4,158.1200,155.0400,8.339e-07
met3,158.1200,160.4800,met4,158.1200,160.4800,9.160e-07
met3,158.1200,165.9200,met4,158.1200,165.9200,8.148e-07
met3,158.1200,171.3600,met4,158.1200,171.3600,4.167e-06
met3,158.1200,176.8000,met4,158.1200,176.8000,8.778e-07
met3,158.1200,182.2400,met4,158.1200,182.2400,1.204e-06
met3,158.1200,187.6800,met4,158.1200,187.6800,1.553e-06
met3,158.1200,193.1200,met4,158.1200,193.1200,1.803e-06
met3,158.1200,198.5600,met4,158.1200,198.5600,3.051e-06
met3,158.1200,204.0000,met4,158.1200,204.0000,3.780e-06
met3,158.1200,209.4400,met4,158.1200,209.4400,9.747e-07
met3,158.1200,214.8800,met4,158.1200,214.8800,1.341e-06
met3,158.1200,220.3200,met4,158.1200,220.3200,2.091e-06
met3,158.1200,225.7600,met4,158.1200,225.7600,3.200e-06
met3,158.1200,231.2000,met4,158.1200,231.2000,5.959e-06
met3,158.1200,236.6400,met4,158.1200,236.6400,1.484e-06
met3,158.1200,242.0800,met4,158.1200,242.0800,2.879e-06
met3,158.1200,247.5200,met4,158.1200,247.5200,2.825e-06
met3,158.1200,252.9600,met4,158.1200,252.9600,2.972e-06
met3,158.1200,258.4000,met4,158.1200,258.4000,2.180e-06
met3,158.1200,263.8400,met4,158.1200,263.8400,4.091e-06
met3,158.1200,269.2800,met4,158.1200,269.2800,5.122e-06
met3,158.1200,274.7200,met4,158.1200,274.7200,3.194e-06
met3,158.1200,280.1600,met4,158.1200,280.1600,2.880e-06
met3,158.1200,285.6000,met4,158.1200,285.6000,4.842e-06
met3,158.1200,291.0400,met4,158.1200,291.0400,1.037e-06
met3,158.1200,296.4800,met4,158.1200,296.4800,5.524e-06
met3,158.1200,301.9200,met4,158.1200,301.9200,6.014e-06
met3,158.1200,307.3600,met4,158.1200,307.3600,3.886e-06
met3,158.1200,312.8000,met4,158.1200,312.8000,4.547e-06
met3,158.1200,318.2400,met4,158.1200,318.2400,4.472e-06
met3,158.1200,323.6800,met4,158.1200,323.6800,5.213e-06
met3,158.1200,329.1200,met4,158.1200,329.1200,4.690e-06
met3,158.1200,334.5600,met4,158.1200,334.5600,4.688e-06
met3,158.1200,340.0000,met4,158.1200,340.0000,5.282e-06
met3,158.1200,345.4400,met4,158.1200,345.4400,2.876e-06
met3,158.1200,350.8800,met4,158.1200,350.8800,7.209e-06
met3,158.1200,356.3200,met4,158.1200,356.3200,2.174e-06
met3,158.1200,361.7600,met4,158.1200,361.7600,5.454e-06
met3,158.1200,367.2000,met4,158.1200,367.2000,4.890e-06
met3,158.1200,372.6400,met4,158.1200,372.6400,9.084e-06
met3,158.1200,378.0800,met4,158.1200,378.0800,5.369e-06
met3,158.1200,383.5200,met4,158.1200,383.5200,1.878e-06
met3,158.1200,388.9600,met4,158.1200,388.9600,4.294e-06
met3,158.1200,394.4000,met4,158.1200,394.4000,5.063e-06
met3,158.1200,399.8400,met4,158.1200,399.8400,3.765e-06
met3,158.1200,405.2800,met4,158.1200,405.2800,3.851e-06
met3,158.1200,410.7200,met4,158.1200,410.7200,2.481e-06
met3,158.1200,416.1600,met4,158.1200,416.1600,4.076e-06
met3,158.1200,421.6000,met4,158.1200,421.6000,3.047e-06
met3,158.1200,427.0400,met4,158.1200,427.0400,3.051e-06
met3,158.1200,432.4800,met4,158.1200,432.4800,5.616e-06
met3,158.1200,437.9200,met4,158.1200,437.9200,2.153e-06
met3,158.1200,443.3600,met4,158.1200,443.3600,4.322e-06
met3,158.1200,448.8000,met4,158.1200,448.8000,4.235e-06
met3,158.1200,454.2400,met4,158.1200,454.2400,4.860e-06
met3,158.1200,459.6800,met4,158.1200,459.6800,2.020e-06
met3,158.1200,465.1200,met4,158.1200,465.1200,6.138e-06
met3,158.1200,470.5600,met4,158.1200,470.5600,1.483e-06
met3,198.1200,13.6000,met4,198.1200,13.6000,4.514e-06
met3,198.1200,19.0400,met4,198.1200,19.0400,2.926e-06
met3,198.1200,24.4800,met4,198.1200,24.4800,2.977e-06
met3,198.1200,29.9200,met4,198.1200,29.9200,7.974e-06
met3,198.1200,35.3600,met4,198.1200,35.3600,5.533e-06
met3,198.1200,40.8000,met4,198.1200,40.8000,3.554e-06
met3,198.1200,46.2400,met4,198.1200,46.2400,1.117e-06
met3,198.1200,51.6800,met4,198.1200,51.6800,3.573e-06
met3,198.1200,57.1200,met4,198.1200,57.1200,1.527e-06
met3,198.1200,62.5600,met4,198.1200,62.5600,5.236e-06
met3,198.1200,68.0000,met4,198.1200,68.0000,1.966e-06
met3,198.1200,73.4400,met4,198.1200,73.4400,1.728e-06
met3,198.1200,78.8800,met4,198.1200,78.8800,2.678e-06
met3,198.1200,84.3200,met4,198.1200,84.3200,1.074e-06
met3,198.1200,89.7600,met4,198.1200,89.7600,2.666e-06
met3,198.1200,95.2000,met4,198.1200,95.2000,3.100e-06
met3,198.1200,100.6400,met4,198.1200,100.6400,1.114e-06
met3,198.1200,106.0800,met4,198.1200,106.0800,2.522e-06
met3,198.1200,111.5200,met4,198.1200,111.5200,4.519e-06
met3,198.1200,116.9600,met4,198.1200,116.9600,5.431e-06
met3,198.1200,122.4000,met4,198.1200,122.4000,5.370e-06
met3,198.1200,127.8400,met4,198.1200,127.8400,3.535e-06
met3,198.1200,133.2800,met4,198.1200,133.2800,1.229e-06
met3,198.1200,138.7200,met4,198.1200,138.7200,3.787e-06
met3,198.1200,144.1600,met4,198.1200,144.1600,2.644e-06
met3,198.1200,149.6000,met4,198.1200,149.6000,7.886e-07
met3,198.1200,155.0400,met4,198.1200,155.0400,2.297e-07
met3,198.1200,160.4800,met4,198.1200,160.4800,2.931e-07
met3,198.1200,165.9200,met4,198.1200,165.9200,1.486e-07
met3,198.1200,171.3600,met4,198.1200,171.3600,1.520e-06
met3,198.1200,176.8000,met4,198.1200,176.8000,7.545e-07
met3,198.1200,182.2400,met4,198.1200,182.2400,2.351e-07
met3,198.1200,187.6800,met4,198.1200,187.6800,1.600e-06
met3,198.1200,193.1200,met4,198.1200,193.1200,1.120e-06
met3,198.1200,198.5600,met4,198.1200,198.5600,5.851e-07
met3,198.1200,204.0000,met4,198.1200,204.0000,2.644e-06
met3,198.1200,209.4400,met4,198.1200,209.4400,9.616e-07
met3,198.1200,214.8800,met4,198.1200,214.8800,6.400e-07
met3,198.1200,220.3200,met4,198.1200,220.3200,2.126e-06
met3,198.1200,225.7600,met4,198.1200,225.7600,2.149e-06
met3,198.1200,231.2000,met4,198.1200,231.2000,3.712e-06
met3,198.1200,236.6400,met4,198.1200,236.6400,5.513e-07
met3,198.1200,242.0800,met4,198.1200,242.0800,2.542e-06
met3,198.1200,247.5200,met4,198.1200,247.5200,3.107e-06
met3,198.1200,252.9600,met4,198.1200,252.9600,2.752e-06
met3,198.1200,258.4000,met4,198.1200,258.4000,3.594e-06
met3,198.1200,263.8400,met4,198.1200,263.8400,4.783e-06
met3,198.1200,269.2800,met4,198.1200,269.2800,3.411e-06
met3,198.1200,274.7200,met4,198.1200,274.7200,4.009e-06
met3,198.1200,280.1600,met4,198.1200,280.1600,3.596e-06
met3,198.1200,285.6000,met4,198.1200,285.6000,4.936e-06
met3,198.1200,291.0400,met4,198.1200,291.0400,4.976e-06
met3,198.1200,296.4800,met4,198.1200,296.4800,5.306e-06
met3,198.1200,301.9200,met4,198.1200,301.9200,7.149e-06
met3,198.1200,307.3600,met4,198.1200,307.3600,8.745e-06
met3,198.1200,312.8000,met4,198.1200,312.8000,4.674e-06
met3,198.1200,318.2400,met4,198.1200,318.2400,8.197e-06
met3,198.1200,323.6800,met4,198.1200,323.6800,7.203e-06
met3,198.1200,329.1200,met4,198.1200,329.1200,7.059e-06
met3,198.1200,334.5600,met4,198.1200,334.5600,6.516e-06
met3,198.1200,340.0000,met4,198.1200,340.0000,6.553e-06
met3,198.1200,345.4400,met4,198.1200,345.4400,7.023e-06
met3,198.1200,350.8800,met4,198.1200,350.8800,7.079e-06
met3,198.1200,356.3200,met4,198.1200,356.3200,5.854e-06
met3,198.1200,361.7600,met4,198.1200,361.7600,5.905e-06
met3,198.1200,367.2000,met4,198.1200,367.2000,6.371e-06
met3,198.1200,372.6400,met4,198.1200,372.6400,7.858e-06
met3,198.1200,378.0800,met4,198.1200,378.0800,3.812e-06
met3,198.1200,383.5200,met4,198.1200,383.5200,5.100e-06
met3,198.1200,388.9600,met4,198.1200,388.9600,2.745e-06
met3,198.1200,394.4000,met4,198.1200,394.4000,4.500e-06
met3,198.1200,399.8400,met4,198.1200,399.8400,4.096e-06
met3,198.1200,405.2800,met4,198.1200,405.2800,2.380e-06
met3,198.1200,410.7200,met4,198.1200,410.7200,2.837e-06
met3,198.1200,416.1600,met4,198.1200,416.1600,4.165e-06
met3,198.1200,421.6000,met4,198.1200,421.6000,3.922e-06
met3,198.1200,427.0400,met4,198.1200,427.0400,1.765e-06
met3,198.1200,432.4800,met4,198.1200,432.4800,6.051e-06
met3,198.1200,437.9200,met4,198.1200,437.9200,2.513e-06
met3,198.1200,443.3600,met4,198.1200,443.3600,3.466e-06
met3,198.1200,448.8000,met4,198.1200,448.8000,4.088e-06
met3,198.1200,454.2400,met4,198.1200,454.2400,7.749e-06
met3,198.1200,459.6800,met4,198.1200,459.6800,6.564e-06
met3,198.1200,465.1200,met4,198.1200,465.1200,4.133e-06
met3,198.1200,470.5600,met4,198.1200,470.5600,1.259e-06
met3,238.1200,13.6000,met4,238.1200,13.6000,7.035e-06
met3,238.1200,19.0400,met4,238.1200,19.0400,3.711e-06
met3,238.1200,24.4800,met4,238.1200,24.4800,4.156e-06
met3,238.1200,29.9200,met4,238.1200,29.9200,1.745e-06
met3,238.1200,35.3600,met4,238.1200,35.3600,3.066e-06
met3,238.1200,40.8000,met4,238.1200,40.8000,5.893e-06
met3,238.1200,46.2400,met4,238.1200,46.2400,2.041e-06
met3,238.1200,51.6800,met4,238.1200,51.6800,7.851e-07
met3,238.1200,57.1200,met4,238.1200,57.1200,1.204e-06
met3,238.1200,62.5600,met4,238.1200,62.5600,3.562e-06
met3,238.1200,68.0000,met4,238.1200,68.0000,9.675e-07
met3,238.1200,73.4400,met4,238.1200,73.4400,1.982e-06
met3,238.1200,78.8800,met4,238.1200,78.8800,6.755e-07
met3,238.1200,84.3200,met4,238.1200,84.3200,1.390e-07
met3,238.1200,89.7600,met4,238.1200,89.7600,3.286e-06
met3,238.1200,95.2000,met4,238.1200,95.2000,3.800e-07
met3,238.1200,100.6400,met4,238.1200,100.6400,1.127e-06
met3,238.1200,106.0800,met4,238.1200,106.0800,2.158e-06
met3,238.1200,111.5200,met4,238.1200,111.5200,4.886e-06
met3,238.1200,116.9600,met4,238.1200,116.9600,7.751e-06
met3,238.1200,122.4000,met4,238.1200,122.4000,2.993e-06
met3,238.1200,127.8400,met4,238.1200,127.8400,1.890e-06
met3,238.1200,133.2800,met4,238.1200,133.2800,2.337e-06
met3,238.1200,138.7200,met4,238.1200,138.7200,1.510e-06
met3,238.1200,144.1600,met4,238.1200,144.1600,2.020e-06
met3,238.1200,149.6000,met4,238.1200,149.6000,1.408e-06
met3,238.1200,155.0400,met4,238.1200,155.0400,6.403e-07
met3,238.1200,160.4800,met4,238.1200,160.4800,1.187e-06
met3,238.1200,165.9200,met4,238.1200,165.9200,3.671e-07
met3,238.1200,171.3600,met4,238.1200,171.3600,1.609e-06
met3,238.1200,176.8000,met4,238.1200,176.8000,1.396e-06
met3,238.1200,182.2400,met4,238.1200,182.2400,5.893e-08
met3,238.1200,187.6800,met4,238.1200,187.6800,1.587e-06
met3,238.1200,193.1200,met4,238.1200,193.1200,1.276e-06
met3,238.1200,198.5600,met4,238.1200,198.5600,1.973e-07
met3,238.1200,204.0000,met4,238.1200,204.0000,2.717e-06
met3,238.1200,209.4400,met4,238.1200,209.4400,4.010e-07
met3,238.1200,214.8800,met4,238.1200,214.8800,8.429e-07
met3,238.1200,220.3200,met4,238.1200,220.3200,2.446e-06
met3,238.1200,225.7600,met4,238.1200,225.7600,8.554e-07
met3,238.1200,231.2000,met4,238.1200,231.2000,2.896e-06
met3,238.1200,236.6400,met4,238.1200,236.6400,7.989e-07
met3,238.1200,242.0800,met4,238.1200,242.0800,2.172e-06
met3,238.1200,247.5200,met4,238.1200,247.5200,3.084e-06
met3,238.1200,252.9600,met4,238.1200,252.9600,1.491e-06
met3,238.1200,258.4000,met4,238.1200,258.4000,3.534e-06
met3,238.1200,263.8400,met4,238.1200,263.8400,4.365e-06
met3,238.1200,269.2800,met4,238.1200,269.2800,2.160e-06
met3,238.1200,274.7200,met4,238.1200,274.7200,3.085e-06
met3,238.1200,280.1600,met4,238.1200,280.1600,3.869e-06
met3,238.1200,285.6000,met4,238.1200,285.6000,4.092e-06
met3,238.1200,291.0400,met4,238.1200,291.0400,4.537e-06
met3,238.1200,296.4800,met4,238.1200,296.4800,4.345e-06
met3,238.1200,301.9200,met4,238.1200,301.9200,6.040e-06
met3,238.1200,307.3600,met4,238.1200,307.3600,5.390e-06
met3,238.1200,312.8000,met4,238.1200,312.8000,3.531e-06
met3,238.1200,318.2400,met4,238.1200,318.2400,4.167e-06
met3,238.1200,323.6800,met4,238.1200,323.6800,3.854e-06
met3,238.1200,329.1200,met4,238.1200,329.1200,4.030e-06
met3,238.1200,334.5600,met4,238.1200,334.5600,3.798e-06
met3,238.1200,340.0000,met4,238.1200,340.0000,3.646e-06
met3,238.1200,345.4400,met4,238.1200,345.4400,3.769e-06
met3,238.1200,350.8800,met4,238.1200,350.8800,3.665e-06
met3,238.1200,356.3200,met4,238.1200,356.3200,3.393e-06
met3,238.1200,361.7600,met4,238.1200,361.7600,3.377e-06
met3,238.1200,367.2000,met4,238.1200,367.2000,3.194e-06
met3,238.1200,372.6400,met4,238.1200,372.6400,3.241e-06
met3,238.1200,378.0800,met4,238.1200,378.0800,2.379e-06
met3,238.1200,383.5200,met4,238.1200,383.5200,2.423e-06
met3,238.1200,388.9600,met4,238.1200,388.9600,1.729e-06
met3,238.1200,394.4000,met4,238.1200,394.4000,1.997e-06
met3,238.1200,399.8400,met4,238.1200,399.8400,1.615e-06
met3,238.1200,405.2800,met4,238.1200,405.2800,1.552e-06
met3,238.1200,410.7200,met4,238.1200,410.7200,1.441e-06
met3,238.1200,416.1600,met4,238.1200,416.1600,1.795e-06
met3,238.1200,421.6000,met4,238.1200,421.6000,2.026e-06
met3,238.1200,427.0400,met4,238.1200,427.0400,7.591e-07
met3,238.1200,432.4800,met4,238.1200,432.4800,4.529e-06
met3,238.1200,437.9200,met4,238.1200,437.9200,3.241e-06
met3,238.1200,443.3600,met4,238.1200,443.3600,2.749e-06
met3,238.1200,448.8000,met4,238.1200,448.8000,4.797e-06
met3,238.1200,454.2400,met4,238.1200,454.2400,5.442e-06
met3,238.1200,459.6800,met4,238.1200,459.6800,3.778e-06
met3,238.1200,465.1200,met4,238.1200,465.1200,3.123e-06
met3,238.1200,470.5600,met4,238.1200,470.5600,1.744e-06
met3,278.1200,13.6000,met4,278.1200,13.6000,9.493e-06
met3,278.1200,19.0400,met4,278.1200,19.0400,1.525e-06
met3,278.1200,24.4800,met4,278.1200,24.4800,7.565e-06
met3,278.1200,29.9200,met4,278.1200,29.9200,9.374e-07
met3,278.1200,35.3600,met4,278.1200,35.3600,2.108e-06
met3,278.1200,40.8000,met4,278.1200,40.8000,3.481e-06
met3,278.1200,46.2400,met4,278.1200,46.2400,1.761e-06
met3,278.1200,51.6800,met4,278.1200,51.6800,2.711e-07
met3,278.1200,57.1200,met4,278.1200,57.1200,1.025e-06
met3,278.1200,62.5600,met4,278.1200,62.5600,1.729e-06
met3,278.1200,68.0000,met4,278.1200,68.0000,1.158e-06
met3,278.1200,73.4400,met4,278.1200,73.4400,1.280e-06
met3,278.1200,78.8800,met4,278.1200,78.8800,9.694e-07
met3,278.1200,84.3200,met4,278.1200,84.3200,3.214e-07
met3,278.1200,89.7600,met4,278.1200,89.7600,1.321e-06
met3,278.1200,95.2000,met4,278.1200,95.2000,1.202e-06
met3,278.1200,100.6400,met4,278.1200,100.6400,8.172e-07
met3,278.1200,106.0800,met4,278.1200,106.0800,2.439e-06
met3,278.1200,111.5200,met4,278.1200,111.5200,2.321e-06
met3,278.1200,116.9600,met4,278.1200,116.9600,2.430e-06
met3,278.1200,122.4000,met4,278.1200,122.4000,2.329e-06
met3,278.1200,127.8400,met4,278.1200,127.8400,1.207e-06
met3,278.1200,133.2800,met4,278.1200,133.2800,3.636e-06
met3,278.1200,138.7200,met4,278.1200,138.7200,1.424e-06
met3,278.1200,144.1600,met4,278.1200,144.1600,1.751e-06
met3,278.1200,149.6000,met4,278.1200,149.6000,1.824e-06
met3,278.1200,155.0400,met4,278.1200,155.0400,1.886e-06
met3,278.1200,160.4800,met4,278.1200,160.4800,1.667e-06
met3,278.1200,165.9200,met4,278.1200,165.9200,1.091e-06
met3,278.1200,171.3600,met4,278.1200,171.3600,1.497e-06
met3,278.1200,176.8000,met4,278.1200,176.8000,1.388e-06
met3,278.1200,182.2400,met4,278.1200,182.2400,1.001e-06
met3,278.1200,187.6800,met4,278.1200,187.6800,2.194e-06
met3,278.1200,193.1200,met4,278.1200,193.1200,2.288e-06
met3,278.1200,198.5600,met4,278.1200,198.5600,1.084e-06
met3,278.1200,204.0000,met4,278.1200,204.0000,1.436e-06
met3,278.1200,209.4400,met4,278.1200,209.4400,2.745e-07
met3,278.1200,214.8800,met4,278.1200,214.8800,1.754e-06
met3,278.1200,220.3200,met4,278.1200,220.3200,1.140e-06
met3,278.1200,225.7600,met4,278.1200,225.7600,1.441e-06
met3,278.1200,231.2000,met4,278.1200,231.2000,3.369e-06
met3,278.1200,236.6400,met4,278.1200,236.6400,4.312e-07
met3,278.1200,242.0800,met4,278.1200,242.0800,6.910e-07
met3,278.1200,247.5200,met4,278.1200,247.5200,2.722e-06
met3,278.1200,252.9600,met4,278.1200,252.9600,8.217e-07
met3,278.1200,258.4000,met4,278.1200,258.4000,3.125e-06
met3,278.1200,263.8400,met4,278.1200,263.8400,3.393e-06
met3,278.1200,269.2800,met4,278.1200,269.2800,1.763e-06
met3,278.1200,274.7200,met4,278.1200,274.7200,1.776e-06
met3,278.1200,280.1600,met4,278.1200,280.1600,2.910e-06
met3,278.1200,285.6000,met4,278.1200,285.6000,3.104e-06
met3,278.1200,291.0400,met4,278.1200,291.0400,3.094e-06
met3,278.1200,296.4800,met4,278.1200,296.4800,2.787e-06
met3,278.1200,301.9200,met4,278.1200,301.9200,2.198e-06
met3,278.1200,307.3600,met4,278.1200,307.3600,2.363e-06
met3,278.1200,312.8000,met4,278.1200,312.8000,1.427e-06
met3,278.1200,318.2400,met4,278.1200,318.2400,1.146e-06
met3,278.1200,323.6800,met4,278.1200,323.6800,4.474e-07
met3,278.1200,329.1200,met4,278.1200,329.1200,9.091e-07
met3,278.1200,334.5600,met4,278.1200,334.5600,5.280e-07
met3,278.1200,340.0000,met4,278.1200,340.0000,3.433e-07
met3,278.1200,345.4400,met4,278.1200,345.4400,6.270e-07
met3,278.1200,350.8800,met4,278.1200,350.8800,1.915e-07
met3,278.1200,356.3200,met4,278.1200,356.3200,9.839e-08
met3,278.1200,361.7600,met4,278.1200,361.7600,2.668e-07
met3,278.1200,367.2000,met4,278.1200,367.2000,6.880e-07
met3,278.1200,372.6400,met4,278.1200,372.6400,7.222e-07
met3,278.1200,378.0800,met4,278.1200,378.0800,8.290e-07
met3,278.1200,383.5200,met4,278.1200,383.5200,4.693e-07
met3,278.1200,388.9600,met4,278.1200,388.9600,4.870e-07
met3,278.1200,394.4000,met4,278.1200,394.4000,8.657e-07
met3,278.1200,399.8400,met4,278.1200,399.8400,7.219e-07
met3,278.1200,405.2800,met4,278.1200,405.2800,7.575e-07
met3,278.1200,410.7200,met4,278.1200,410.7200,8.457e-07
met3,278.1200,416.1600,met4,278.1200,416.1600,7.356e-07
met3,278.1200,421.6000,met4,278.1200,421.6000,7.368e-07
met3,278.1200,427.0400,met4,278.1200,427.0400,9.012e-07
met3,278.1200,432.4800,met4,278.1200,432.4800,1.906e-06
met3,278.1200,437.9200,met4,278.1200,437.9200,2.675e-06
met3,278.1200,443.3600,met4,278.1200,443.3600,1.782e-06
met3,278.1200,448.8000,met4,278.1200,448.8000,4.279e-06
met3,278.1200,454.2400,met4,278.1200,454.2400,2.333e-06
met3,278.1200,459.6800,met4,278.1200,459.6800,1.782e-06
met3,278.1200,465.1200,met4,278.1200,465.1200,1.692e-06
met3,278.1200,470.5600,met4,278.1200,470.5600,2.597e-06
met3,318.1200,13.6000,met4,318.1200,13.6000,3.537e-06
met3,318.1200,19.0400,met4,318.1200,19.0400,1.431e-06
met3,318.1200,24.4800,met4,318.1200,24.4800,2.741e-06
met3,318.1200,29.9200,met4,318.1200,29.9200,1.541e-06
met3,318.1200,35.3600,met4,318.1200,35.3600,3.203e-06
met3,318.1200,40.8000,met4,318.1200,40.8000,2.782e-06
met3,318.1200,46.2400,met4,318.1200,46.2400,1.084e-06
met3,318.1200,51.6800,met4,318.1200,51.6800,9.910e-07
met3,318.1200,57.1200,met4,318.1200,57.1200,3.982e-07
met3,318.1200,62.5600,met4,318.1200,62.5600,2.015e-06
met3,318.1200,68.0000,met4,318.1200,68.0000,2.188e-06
met3,318.1200,73.4400,met4,318.1200,73.4400,6.108e-07
met3,318.1200,78.8800,met4,318.1200,78.8800,1.405e-06
met3,318.1200,84.3200,met4,318.1200,84.3200,1.312e-06
met3,318.1200,89.7600,met4,318.1200,89.7600,4.767e-07
met3,318.1200,95.2000,met4,318.1200,95.2000,2.103e-06
met3,318.1200,100.6400,met4,318.1200,100.6400,6.287e-07
met3,318.1200,106.0800,met4,318.1200,106.0800,1.829e-06
met3,318.1200,111.5200,met4,318.1200,111.5200,1.700e-06
met3,318.1200,116.9600,met4,318.1200,116.9600,1.111e-06
met3,318.1200,122.4000,met4,318.1200,122.4000,1.838e-06
met3,318.1200,127.8400,met4,318.1200,127.8400,1.864e-06
met3,318.1200,133.2800,met4,318.1200,133.2800,2.306e-06
met3,318.1200,138.7200,met4,318.1200,138.7200,1.802e-06
met3,318.1200,144.1600,met4,318.1200,144.1600,1.469e-06
met3,318.1200,149.6000,met4,318.1200,149.6000,2.689e-06
met3,318.1200,155.0400,met4,318.1200,155.0400,2.106e-06
met3,318.1200,160.4800,met4,318.1200,160.4800,3.121e-06
met3,318.1200,165.9200,met4,318.1200,165.9200,2.040e-06
met3,318.1200,171.3600,met4,318.1200,171.3600,2.670e-06
met3,318.1200,176.8000,met4,318.1200,176.8000,3.793e-06
met3,318.1200,182.2400,met4,318.1200,182.2400,3.382e-06
met3,318.1200,187.6800,met4,318.1200,187.6800,4.041e-06
met3,318.1200,193.1200,met4,318.1200,193.1200,4.486e-06
met3,318.1200,198.5600,met4,318.1200,198.5600,5.124e-06
met3,318.1200,204.0000,met4,318.1200,204.0000,4.203e-06
met3,318.1200,209.4400,met4,318.1200,209.4400,3.720e-06
met3,318.1200,214.8800,met4,318.1200,214.8800,4.654e-06
met3,318.1200,220.3200,met4,318.1200,220.3200,4.678e-06
met3,318.1200,225.7600,met4,318.1200,225.7600,3.714e-06
met3,318.1200,231.2000,met4,318.1200,231.2000,5.487e-06
met3,318.1200,236.6400,met4,318.1200,236.6400,3.768e-06
met3,318.1200,242.0800,met4,318.1200,242.0800,3.346e-06
met3,318.1200,247.5200,met4,318.1200,247.5200,4.622e-06
met3,318.1200,252.9600,met4,318.1200,252.9600,3.074e-06
met3,318.1200,258.4000,met4,318.1200,258.4000,3.515e-06
met3,318.1200,263.8400,met4,318.1200,263.8400,2.733e-06
met3,318.1200,269.2800,met4,318.1200,269.2800,3.558e-06
met3,318.1200,274.7200,met4,318.1200,274.7200,1.766e-06
met3,318.1200,280.1600,met4,318.1200,280.1600,1.436e-06
met3,318.1200,285.6000,met4,318.1200,285.6000,2.769e-06
met3,318.1200,291.0400,met4,318.1200,291.0400,3.054e-06
met3,318.1200,296.4800,met4,318.1200,296.4800,2.115e-06
met3,318.1200,301.9200,met4,318.1200,301.9200,1.190e-06
met3,318.1200,307.3600,met4,318.1200,307.3600,2.358e-06
met3,318.1200,312.8000,met4,318.1200,312.8000,1.353e-06
met3,318.1200,318.2400,met4,318.1200,318.2400,1.244e-06
met3,318.1200,323.6800,met4,318.1200,323.6800,1.122e-06
met3,318.1200,329.1200,met4,318.1200,329.1200,2.038e-06
met3,318.1200,334.5600,met4,318.1200,334.5600,1.213e-06
met3,318.1200,340.0000,met4,318.1200,340.0000,6.534e-07
met3,318.1200,345.4400,met4,318.1200,345.4400,1.855e-06
met3,318.1200,350.8800,met4,318.1200,350.8800,5.612e-07
met3,318.1200,356.3200,met4,318.1200,356.3200,7.798e-07
met3,318.1200,361.7600,met4,318.1200,361.7600,6.233e-07
met3,318.1200,367.2000,met4,318.1200,367.2000,1.674e-06
met3,318.1200,372.6400,met4,318.1200,372.6400,4.742e-07
met3,318.1200,378.0800,met4,318.1200,378.0800,1.489e-06
met3,318.1200,383.5200,met4,318.1200,383.5200,4.208e-08
met3,318.1200,388.9600,met4,318.1200,388.9600,3.450e-07
met3,318.1200,394.4000,met4,318.1200,394.4000,1.033e-06
met3,318.1200,399.8400,met4,318.1200,399.8400,5.956e-07
met3,318.1200,405.2800,met4,318.1200,405.2800,7.097e-07
met3,318.1200,410.7200,met4,318.1200,410.7200,9.675e-07
met3,318.1200,416.1600,met4,318.1200,416.1600,9.828e-07
met3,318.1200,421.6000,met4,318.1200,421.6000,8.787e-07
met3,318.1200,427.0400,met4,318.1200,427.0400,1.541e-06
met3,318.1200,432.4800,met4,318.1200,432.4800,1.514e-06
met3,318.1200,437.9200,met4,318.1200,437.9200,1.229e-06
met3,318.1200,443.3600,met4,318.1200,443.3600,1.690e-06
met3,318.1200,448.8000,met4,318.1200,448.8000,3.117e-06
met3,318.1200,454.2400,met4,318.1200,454.2400,1.795e-06
met3,318.1200,459.6800,met4,318.1200,459.6800,6.416e-07
met3,318.1200,465.1200,met4,318.1200,465.1200,1.757e-06
met3,318.1200,470.5600,met4,318.1200,470.5600,1.997e-06
met3,358.1200,13.6000,met4,358.1200,13.6000,1.651e-06
met3,358.1200,19.0400,met4,358.1200,19.0400,2.465e-06
met3,358.1200,24.4800,met4,358.1200,24.4800,6.807e-07
met3,358.1200,29.9200,met4,358.1200,29.9200,3.234e-06
met3,358.1200,35.3600,met4,358.1200,35.3600,2.365e-06
met3,358.1200,40.8000,met4,358.1200,40.8000,2.894e-06
met3,358.1200,46.2400,met4,358.1200,46.2400,1.710e-06
met3,358.1200,51.6800,met4,358.1200,51.6800,9.225e-07
met3,358.1200,57.1200,met4,358.1200,57.1200,5.028e-07
met3,358.1200,62.5600,met4,358.1200,62.5600,2.462e-06
met3,358.1200,68.0000,met4,358.1200,68.0000,1.374e-06
met3,358.1200,73.4400,met4,358.1200,73.4400,1.209e-06
met3,358.1200,78.8800,met4,358.1200,78.8800,1.066e-06
met3,358.1200,84.3200,met4,358.1200,84.3200,1.003e-06
met3,358.1200,89.7600,met4,358.1200,89.7600,1.143e-06
met3,358.1200,95.2000,met4,358.1200,95.2000,1.607e-06
met3,358.1200,100.6400,met4,358.1200,100.6400,7.704e-07
met3,358.1200,106.0800,met4,358.1200,106.0800,2.357e-06
met3,358.1200,111.5200,met4,358.1200,111.5200,1.369e-06
met3,358.1200,116.9600,met4,358.1200,116.9600,1.474e-06
met3,358.1200,122.4000,met4,358.1200,122.4000,1.920e-06
met3,358.1200,127.8400,met4,358.1200,127.8400,1.261e-06
met3,358.1200,133.2800,met4,358.1200,133.2800,2.725e-06
met3,358.1200,138.7200,met4,358.1200,138.7200,1.452e-06
met3,358.1200,144.1600,met4,358.1200,144.1600,1.578e-06
met3,358.1200,149.6000,met4,358.1200,149.6000,2.566e-06
met3,358.1200,155.0400,met4,358.1200,155.0400,1.824e-06
met3,358.1200,160.4800,met4,358.1200,160.4800,2.782e-06
met3,358.1200,165.9200,met4,358.1200,165.9200,1.462e-06
met3,358.1200,171.3600,met4,358.1200,171.3600,1.953e-06
met3,358.1200,176.8000,met4,358.1200,176.8000,3.670e-06
met3,358.1200,182.2400,met4,358.1200,182.2400,2.282e-06
met3,358.1200,187.6800,met4,358.1200,187.6800,2.955e-06
met3,358.1200,193.1200,met4,358.1200,193.1200,3.030e-06
met3,358.1200,198.5600,met4,358.1200,198.5600,3.769e-06
met3,358.1200,204.0000,met4,358.1200,204.0000,2.296e-06
met3,358.1200,209.4400,met4,358.1200,209.4400,2.949e-06
met3,358.1200,214.8800,met4,358.1200,214.8800,3.217e-06
met3,358.1200,220.3200,met4,358.1200,220.3200,2.959e-06
met3,358.1200,225.7600,met4,358.1200,225.7600,2.598e-06
met3,358.1200,231.2000,met4,358.1200,231.2000,3.112e-06
met3,358.1200,236.6400,met4,358.1200,236.6400,2.934e-06
met3,358.1200,242.0800,met4,358.1200,242.0800,3.206e-06
met3,358.1200,247.5200,met4,358.1200,247.5200,2.469e-06
met3,358.1200,252.9600,met4,358.1200,252.9600,2.591e-06
met3,358.1200,258.4000,met4,358.1200,258.4000,2.316e-06
met3,358.1200,263.8400,met4,358.1200,263.8400,2.052e-06
met3,358.1200,269.2800,met4,358.1200,269.2800,2.089e-06
met3,358.1200,274.7200,met4,358.1200,274.7200,2.760e-06
met3,358.1200,280.1600,met4,358.1200,280.1600,1.093e-06
met3,358.1200,285.6000,met4,358.1200,285.6000,2.139e-06
met3,358.1200,291.0400,met4,358.1200,291.0400,2.398e-06
met3,358.1200,296.4800,met4,358.1200,296.4800,6.820e-07
met3,358.1200,301.9200,met4,358.1200,301.9200,2.128e-06
met3,358.1200,307.3600,met4,358.1200,307.3600,2.233e-06
met3,358.1200,312.8000,met4,358.1200,312.8000,1.364e-06
met3,358.1200,318.2400,met4,358.1200,318.2400,2.036e-06
met3,358.1200,323.6800,met4,358.1200,323.6800,6.174e-07
met3,358.1200,329.1200,met4,358.1200,329.1200,1.684e-06
met3,358.1200,334.5600,met4,358.1200,334.5600,1.423e-06
met3,358.1200,340.0000,met4,358.1200,340.0000,6.852e-07
met3,358.1200,345.4400,met4,358.1200,345.4400,1.236e-06
met3,358.1200,350.8800,met4,358.1200,350.8800,1.959e-06
met3,358.1200,356.3200,met4,358.1200,356.3200,8.363e-07
met3,358.1200,361.7600,met4,358.1200,361.7600,6.814e-07
met3,358.1200,367.2000,met4,358.1200,367.2000,2.482e-06
met3,358.1200,372.6400,met4,358.1200,372.6400,1.073e-06
met3,358.1200,378.0800,met4,358.1200,378.0800,1.189e-06
met3,358.1200,383.5200,met4,358.1200,383.5200,6.858e-07
met3,358.1200,388.9600,met4,358.1200,388.9600,1.150e-06
met3,358.1200,394.4000,met4,358.1200,394.4000,2.112e-06
met3,358.1200,399.8400,met4,358.1200,399.8400,4.330e-08
met3,358.1200,405.2800,met4,358.1200,405.2800,4.879e-07
met3,358.1200,410.7200,met4,358.1200,410.7200,1.607e-06
met3,358.1200,416.1600,met4,358.1200,416.1600,2.104e-07
met3,358.1200,421.6000,met4,358.1200,421.6000,2.228e-06
met3,358.1200,427.0400,met4,358.1200,427.0400,8.724e-07
met3,358.1200,432.4800,met4,358.1200,432.4800,1.712e-06
met3,358.1200,437.9200,met4,358.1200,437.9200,8.341e-07
met3,358.1200,443.3600,met4,358.1200,443.3600,1.187e-06
met3,358.1200,448.8000,met4,358.1200,448.8000,3.112e-06
met3,358.1200,454.2400,met4,358.1200,454.2400,8.863e-07
met3,358.1200,459.6800,met4,358.1200,459.6800,7.357e-07
met3,358.1200,465.1200,met4,358.1200,465.1200,1.292e-06
met3,358.1200,470.5600,met4,358.1200,470.5600,2.029e-06
met3,398.1200,13.6000,met4,398.1200,13.6000,2.772e-06
met3,398.1200,19.0400,met4,398.1200,19.0400,2.531e-06
met3,398.1200,24.4800,met4,398.1200,24.4800,6.046e-07
met3,398.1200,29.9200,met4,398.1200,29.9200,4.290e-06
met3,398.1200,35.3600,met4,398.1200,35.3600,1.530e-06
met3,398.1200,40.8000,met4,398.1200,40.8000,3.168e-06
met3,398.1200,46.2400,met4,398.1200,46.2400,1.844e-06
met3,398.1200,51.6800,met4,398.1200,51.6800,2.413e-06
met3,398.1200,57.1200,met4,398.1200,57.1200,1.608e-06
met3,398.1200,62.5600,met4,398.1200,62.5600,1.881e-06
met3,398.1200,68.0000,met4,398.1200,68.0000,2.230e-06
met3,398.1200,73.4400,met4,398.1200,73.4400,2.252e-06
met3,398.1200,78.8800,met4,398.1200,78.8800,8.964e-07
met3,398.1200,84.3200,met4,398.1200,84.3200,1.981e-06
met3,398.1200,89.7600,met4,398.1200,89.7600,2.095e-06
met3,398.1200,95.2000,met4,398.1200,95.2000,1.873e-06
met3,398.1200,100.6400,met4,398.1200,100.6400,1.339e-06
met3,398.1200,106.0800,met4,398.1200,106.0800,3.883e-06
met3,398.1200,111.5200,met4,398.1200,111.5200,1.474e-06
met3,398.1200,116.9600,met4,398.1200,116.9600,2.557e-06
met3,398.1200,122.4000,met4,398.1200,122.4000,1.541e-06
met3,398.1200,127.8400,met4,398.1200,127.8400,2.874e-06
met3,398.1200,133.2800,met4,398.1200,133.2800,3.005e-06
met3,398.1200,138.7200,met4,398.1200,138.7200,2.088e-06
met3,398.1200,144.1600,met4,398.1200,144.1600,2.199e-06
met3,398.1200,149.6000,met4,398.1200,149.6000,1.536e-06
met3,398.1200,155.0400,met4,398.1200,155.0400,3.612e-06
met3,398.1200,160.4800,met4,398.1200,160.4800,1.889e-06
met3,398.1200,165.9200,met4,398.1200,165.9200,1.346e-06
met3,398.1200,171.3600,met4,398.1200,171.3600,2.335e-06
met3,398.1200,176.8000,met4,398.1200,176.8000,1.936e-06
met3,398.1200,182.2400,met4,398.1200,182.2400,2.775e-06
met3,398.1200,187.6800,met4,398.1200,187.6800,1.409e-06
met3,398.1200,193.1200,met4,398.1200,193.1200,1.908e-06
met3,398.1200,198.5600,met4,398.1200,198.5600,1.803e-06
met3,398.1200,204.0000,met4,398.1200,204.0000,1.498e-06
met3,398.1200,209.4400,met4,398.1200,209.4400,3.244e-06
met3,398.1200,214.8800,met4,398.1200,214.8800,1.265e-06
met3,398.1200,220.3200,met4,398.1200,220.3200,1.677e-06
met3,398.1200,225.7600,met4,398.1200,225.7600,1.881e-06
met3,398.1200,231.2000,met4,398.1200,231.2000,1.903e-06
met3,398.1200,236.6400,met4,398.1200,236.6400,2.423e-06
met3,398.1200,242.0800,met4,398.1200,242.0800,1.885e-06
met3,398.1200,247.5200,met4,398.1200,247.5200,1.308e-06
met3,398.1200,252.9600,met4,398.1200,252.9600,2.030e-06
met3,398.1200,258.4000,met4,398.1200,258.4000,1.786e-06
met3,398.1200,263.8400,met4,398.1200,263.8400,1.716e-06
met3,398.1200,269.2800,met4,398.1200,269.2800,9.013e-07
met3,398.1200,274.7200,met4,398.1200,274.7200,2.753e-06
met3,398.1200,280.1600,met4,398.1200,280.1600,9.808e-07
met3,398.1200,285.6000,met4,398.1200,285.6000,2.309e-06
met3,398.1200,291.0400,met4,398.1200,291.0400,2.293e-06
met3,398.1200,296.4800,met4,398.1200,296.4800,7.814e-08
met3,398.1200,301.9200,met4,398.1200,301.9200,2.481e-06
met3,398.1200,307.3600,met4,398.1200,307.3600,1.790e-06
met3,398.1200,312.8000,met4,398.1200,312.8000,3.685e-06
met3,398.1200,318.2400,met4,398.1200,318.2400,8.872e-07
met3,398.1200,323.6800,met4,398.1200,323.6800,1.063e-06
met3,398.1200,329.1200,met4,398.1200,329.1200,7.951e-07
met3,398.1200,334.5600,met4,398.1200,334.5600,2.411e-06
met3,398.1200,340.0000,met4,398.1200,340.0000,9.970e-07
met3,398.1200,345.4400,met4,398.1200,345.4400,7.278e-07
met3,398.1200,350.8800,met4,398.1200,350.8800,3.150e-06
met3,398.1200,356.3200,met4,398.1200,356.3200,2.377e-06
met3,398.1200,361.7600,met4,398.1200,361.7600,9.238e-07
met3,398.1200,367.2000,met4,398.1200,367.2000,2.757e-06
met3,398.1200,372.6400,met4,398.1200,372.6400,1.327e-06
met3,398.1200,378.0800,met4,398.1200,378.0800,1.860e-06
met3,398.1200,383.5200,met4,398.1200,383.5200,1.746e-06
met3,398.1200,388.9600,met4,398.1200,388.9600,1.488e-06
met3,398.1200,394.4000,met4,398.1200,394.4000,3.922e-06
met3,398.1200,399.8400,met4,398.1200,399.8400,3.211e-07
met3,398.1200,405.2800,met4,398.1200,405.2800,1.198e-06
met3,398.1200,410.7200,met4,398.1200,410.7200,2.409e-06
met3,398.1200,416.1600,met4,398.1200,416.1600,1.061e-06
met3,398.1200,421.6000,met4,398.1200,421.6000,2.683e-06
met3,398.1200,427.0400,met4,398.1200,427.0400,2.294e-06
met3,398.1200,432.4800,met4,398.1200,432.4800,1.024e-06
met3,398.1200,437.9200,met4,398.1200,437.9200,3.102e-06
met3,398.1200,443.3600,met4,398.1200,443.3600,1.560e-06
met3,398.1200,448.8000,met4,398.1200,448.8000,1.886e-06
met3,398.1200,454.2400,met4,398.1200,454.2400,7.886e-07
met3,398.1200,459.6800,met4,398.1200,459.6800,1.395e-06
met3,398.1200,465.1200,met4,398.1200,465.1200,1.776e-06
met3,398.1200,470.5600,met4,398.1200,470.5600,2.565e-06
met3,438.1200,13.6000,met4,438.1200,13.6000,2.669e-06
met3,438.1200,19.0400,met4,438.1200,19.0400,6.335e-06
met3,438.1200,24.4800,met4,438.1200,24.4800,1.169e-06
met3,438.1200,29.9200,met4,438.1200,29.9200,3.953e-06
met3,438.1200,35.3600,met4,438.1200,35.3600,4.175e-06
met3,438.1200,40.8000,met4,438.1200,40.8000,4.055e-06
met3,438.1200,46.2400,met4,438.1200,46.2400,4.653e-06
met3,438.1200,51.6800,met4,438.1200,51.6800,3.223e-06
met3,438.1200,57.1200,met4,438.1200,57.1200,4.090e-06
met3,438.1200,62.5600,met4,438.1200,62.5600,5.296e-06
met3,438.1200,68.0000,met4,438.1200,68.0000,3.246e-06
met3,438.1200,73.4400,met4,438.1200,73.4400,7.854e-06
met3,438.1200,78.8800,met4,438.1200,78.8800,4.057e-06
met3,438.1200,84.3200,met4,438.1200,84.3200,3.912e-06
met3,438.1200,89.7600,met4,438.1200,89.7600,7.302e-06
met3,438.1200,95.2000,met4,438.1200,95.2000,2.723e-06
met3,438.1200,100.6400,met4,438.1200,100.6400,4.330e-06
met3,438.1200,106.0800,met4,438.1200,106.0800,5.553e-06
met3,438.1200,111.5200,met4,438.1200,111.5200,2.183e-06
met3,438.1200,116.9600,met4,438.1200,116.9600,5.376e-06
met3,438.1200,122.4000,met4,438.1200,122.4000,1.233e-06
met3,438.1200,127.8400,met4,438.1200,127.8400,5.179e-06
met3,438.1200,133.2800,met4,438.1200,133.2800,2.563e-06
met3,438.1200,138.7200,met4,438.1200,138.7200,2.635e-06
met3,438.1200,144.1600,met4,438.1200,144.1600,2.930e-06
met3,438.1200,149.6000,met4,438.1200,149.6000,1.584e-06
met3,438.1200,155.0400,met4,438.1200,155.0400,3.604e-06
met3,438.1200,160.4800,met4,438.1200,160.4800,1.974e-06
met3,438.1200,165.9200,met4,438.1200,165.9200,2.059e-06
met3,438.1200,171.3600,met4,438.1200,171.3600,9.497e-07
met3,438.1200,176.8000,met4,438.1200,176.8000,2.785e-06
met3,438.1200,182.2400,met4,438.1200,182.2400,2.098e-06
met3,438.1200,187.6800,met4,438.1200,187.6800,2.569e-07
met3,438.1200,193.1200,met4,438.1200,193.1200,2.438e-06
met3,438.1200,198.5600,met4,438.1200,198.5600,6.095e-07
met3,438.1200,204.0000,met4,438.1200,204.0000,2.292e-06
met3,438.1200,209.4400,met4,438.1200,209.4400,1.407e-06
met3,438.1200,214.8800,met4,438.1200,214.8800,4.053e-07
met3,438.1200,220.3200,met4,438.1200,220.3200,1.302e-06
met3,438.1200,225.7600,met4,438.1200,225.7600,4.984e-07
met3,438.1200,231.2000,met4,438.1200,231.2000,2.608e-06
met3,438.1200,236.6400,met4,438.1200,236.6400,2.700e-07
met3,438.1200,242.0800,met4,438.1200,242.0800,1.576e-06
met3,438.1200,247.5200,met4,438.1200,247.5200,5.464e-07
met3,438.1200,252.9600,met4,438.1200,252.9600,8.186e-07
met3,438.1200,258.4000,met4,438.1200,258.4000,8.610e-07
met3,438.1200,263.8400,met4,438.1200,263.8400,1.824e-06
met3,438.1200,269.2800,met4,438.1200,269.2800,1.457e-06
met3,438.1200,274.7200,met4,438.1200,274.7200,1.700e-06
met3,438.1200,280.1600,met4,438.1200,280.1600,2.082e-06
met3,438.1200,285.6000,met4,438.1200,285.6000,3.502e-07
met3,438.1200,291.0400,met4,438.1200,291.0400,4.413e-06
met3,438.1200,296.4800,met4,438.1200,296.4800,2.111e-07
met3,438.1200,301.9200,met4,438.1200,301.9200,2.333e-06
met3,438.1200,307.3600,met4,438.1200,307.3600,1.835e-06
met3,438.1200,312.8000,met4,438.1200,312.8000,2.941e-06
met3,438.1200,318.2400,met4,438.1200,318.2400,1.142e-06
met3,438.1200,323.6800,met4,438.1200,323.6800,8.247e-07
met3,438.1200,329.1200,met4,438.1200,329.1200,1.940e-06
met3,438.1200,334.5600,met4,438.1200,334.5600,2.177e-06
met3,438.1200,340.0000,met4,438.1200,340.0000,2.073e-06
met3,438.1200,345.4400,met4,438.1200,345.4400,1.605e-06
met3,438.1200,350.8800,met4,438.1200,350.8800,6.608e-07
met3,438.1200,356.3200,met4,438.1200,356.3200,3.999e-06
met3,438.1200,361.7600,met4,438.1200,361.7600,1.618e-06
met3,438.1200,367.2000,met4,438.1200,367.2000,2.436e-06
met3,438.1200,372.6400,met4,438.1200,372.6400,2.269e-06
met3,438.1200,378.0800,met4,438.1200,378.0800,2.541e-06
met3,438.1200,383.5200,met4,438.1200,383.5200,2.971e-06
met3,438.1200,388.9600,met4,438.1200,388.9600,1.877e-06
met3,438.1200,394.4000,met4,438.1200,394.4000,3.726e-06
met3,438.1200,399.8400,met4,438.1200,399.8400,2.739e-06
met3,438.1200,405.2800,met4,438.1200,405.2800,3.350e-06
met3,438.1200,410.7200,met4,438.1200,410.7200,4.066e-06
met3,438.1200,416.1600,met4,438.1200,416.1600,3.141e-06
met3,438.1200,421.6000,met4,438.1200,421.6000,3.315e-06
met3,438.1200,427.0400,met4,438.1200,427.0400,5.314e-06
met3,438.1200,432.4800,met4,438.1200,432.4800,2.668e-06
met3,438.1200,437.9200,met4,438.1200,437.9200,5.371e-06
met3,438.1200,443.3600,met4,438.1200,443.3600,7.078e-06
met3,438.1200,448.8000,met4,438.1200,448.8000,4.339e-06
met3,438.1200,454.2400,met4,438.1200,454.2400,4.183e-06
met3,438.1200,459.6800,met4,438.1200,459.6800,4.156e-06
met3,438.1200,465.1200,met4,438.1200,465.1200,3.537e-06
met3,438.1200,470.5600,met4,438.1200,470.5600,5.368e-06
met4,38.1200,13.6000,met4,38.1200,19.0400,6.424e-06
met4,38.1200,19.0400,met4,38.1200,24.4800,1.465e-05
met4,38.1200,24.4800,met4,38.1200,29.9200,1.807e-05
met4,38.1200,29.9200,met4,38.1200,35.3600,2.543e-05
met4,38.1200,35.3600,met4,38.1200,40.8000,3.937e-05
met4,38.1200,35.3600,met5,38.1200,38.8800,7.211e-05
met4,38.1200,40.8000,met4,38.1200,46.2400,3.115e-05
met4,38.1200,46.2400,met4,38.1200,51.6800,2.734e-05
met4,38.1200,51.6800,met4,38.1200,57.1200,1.928e-05
met4,38.1200,57.1200,met4,38.1200,62.5600,1.235e-05
met4,38.1200,62.5600,met4,38.1200,68.0000,9.130e-06
met4,38.1200,68.0000,met4,38.1200,73.4400,4.551e-07
met4,38.1200,73.4400,met4,38.1200,78.8800,6.242e-06
met4,38.1200,78.8800,met4,38.1200,84.3200,1.161e-04
met4,38.1200,78.8800,met5,38.1200,78.8800,1.280e-04
met4,38.1200,84.3200,met4,38.1200,89.7600,1.113e-04
met4,38.1200,89.7600,met4,38.1200,95.2000,1.049e-04
met4,38.1200,95.2000,met4,38.1200,100.6400,9.825e-05
met4,38.1200,100.6400,met4,38.1200,106.0800,9.181e-05
met4,38.1200,106.0800,met4,38.1200,111.5200,8.594e-05
met4,38.1200,111.5200,met4,38.1200,116.9600,8.074e-05
met4,38.1200,116.9600,met4,38.1200,122.4000,7.283e-05
met4,38.1200,116.9600,met5,38.1200,118.8800,2.153e-06
met4,38.1200,122.4000,met4,38.1200,127.8400,6.687e-05
met4,38.1200,127.8400,met4,38.1200,133.2800,6.339e-05
met4,38.1200,133.2800,met4,38.1200,138.7200,5.453e-05
met4,38.1200,138.7200,met4,38.1200,144.1600,5.108e-05
met4,38.1200,144.1600,met4,38.1200,149.6000,4.525e-05
met4,38.1200,149.6000,met4,38.1200,155.0400,3.924e-05
met4,38.1200,155.0400,met4,38.1200,160.4800,4.513e-05
met4,38.1200,155.0400,met5,38.1200,158.8800,7.744e-06
met4,38.1200,160.4800,met4,38.1200,165.9200,3.730e-05
met4,38.1200,165.9200,met4,38.1200,171.3600,3.459e-05
met4,38.1200,171.3600,met4,38.1200,176.8000,2.963e-05
met4,38.1200,176.8000,met4,38.1200,182.2400,2.456e-05
met4,38.1200,182.2400,met4,38.1200,187.6800,1.861e-05
met4,38.1200,187.6800,met4,38.1200,193.1200,1.224e-05
met4,38.1200,193.1200,met4,38.1200,198.5600,7.759e-06
met4,38.1200,198.5600,met4,38.1200,204.0000,1.922e-05
met4,38.1200,198.5600,met5,38.1200,198.8800,1.357e-05
met4,38.1200,204.0000,met4,38.1200,209.4400,1.367e-05
met4,38.1200,209.4400,met4,38.1200,214.8800,8.492e-06
met4,38.1200,214.8800,met4,38.1200,220.3200,3.232e-06
met4,38.1200,220.3200,met4,38.1200,225.7600,1.081e-06
met4,38.1200,225.7600,met4,38.1200,231.2000,5.172e-06
met4,38.1200,231.2000,met4,38.1200,236.6400,8.893e-06
met4,38.1200,236.6400,met4,38.1200,242.0800,3.800e-06
met4,38.1200,236.6400,met5,38.1200,238.8800,1.639e-05
met4,38.1200,242.0800,met4,38.1200,247.5200,1.121e-06
met4,38.1200,247.5200,met4,38.1200,252.9600,5.101e-06
met4,38.1200,252.9600,met4,38.1200,258.4000,9.917e-06
met4,38.1200,258.4000,met4,38.1200,263.8400,1.422e-05
met4,38.1200,263.8400,met4,38.1200,269.2800,1.864e-05
met4,38.1200,269.2800,met4,38.1200,274.7200,2.161e-05
met4,38.1200,274.7200,met4,38.1200,280.1600,7.529e-06
met4,38.1200,274.7200,met5,38.1200,278.8800,1.960e-05
met4,38.1200,280.1600,met4,38.1200,285.6000,1.201e-05
met4,38.1200,285.6000,met4,38.1200,291.0400,1.467e-05
met4,38.1200,291.0400,met4,38.1200,296.4800,2.049e-05
met4,38.1200,296.4800,met4,38.1200,301.9200,2.385e-05
met4,38.1200,301.9200,met4,38.1200,307.3600,2.642e-05
met4,38.1200,307.3600,met4,38.1200,312.8000,3.435e-05
met4,38.1200,312.8000,met4,38.1200,318.2400,3.505e-05
met4,38.1200,318.2400,met4,38.1200,323.6800,1.061e-05
met4,38.1200,318.2400,met5,38.1200,318.8800,2.831e-05
met4,38.1200,323.6800,met4,38.1200,329.1200,1.534e-05
met4,38.1200,329.1200,met4,38.1200,334.5600,1.937e-05
met4,38.1200,334.5600,met4,38.1200,340.0000,2.337e-05
met4,38.1200,340.0000,met4,38.1200,345.4400,2.611e-05
met4,38.1200,345.4400,met4,38.1200,350.8800,3.010e-05
met4,38.1200,350.8800,met4,38.1200,356.3200,3.577e-05
met4,38.1200,356.3200,met4,38.1200,361.7600,1.223e-05
met4,38.1200,356.3200,met5,38.1200,358.8800,2.413e-05
met4,38.1200,361.7600,met4,38.1200,367.2000,1.883e-05
met4,38.1200,367.2000,met4,38.1200,372.6400,2.268e-05
met4,38.1200,372.6400,met4,38.1200,378.0800,2.612e-05
met4,38.1200,378.0800,met4,38.1200,383.5200,3.019e-05
met4,38.1200,383.5200,met4,38.1200,388.9600,3.473e-05
met4,38.1200,388.9600,met4,38.1200,394.4000,3.894e-05
met4,38.1200,394.4000,met4,38.1200,399.8400,3.578e-05
met4,38.1200,394.4000,met5,38.1200,398.8800,1.057e-05
met4,38.1200,399.8400,met4,38.1200,405.2800,3.786e-05
met4,38.1200,405.2800,met4,38.1200,410.7200,4.262e-05
met4,38.1200,410.7200,met4,38.1200,416.1600,4.983e-05
met4,38.1200,416.1600,met4,38.1200,421.6000,5.089e-05
met4,38.1200,421.6000,met4,38.1200,427.0400,5.933e-05
met4,38.1200,427.0400,met4,38.1200,432.4800,6.289e-05
met4,38.1200,432.4800,met4,38.1200,437.9200,6.861e-05
met4,38.1200,437.9200,met4,38.1200,443.3600,3.066e-05
met4,38.1200,437.9200,met5,38.1200,438.8800,1.022e-04
met4,38.1200,443.3600,met4,38.1200,448.8000,2.250e-05
met4,38.1200,448.8000,met4,38.1200,454.2400,2.134e-05
met4,38.1200,454.2400,met4,38.1200,459.6800,1.542e-05
met4,38.1200,459.6800,met4,38.1200,465.1200,1.081e-05
met4,38.1200,465.1200,met4,38.1200,470.5600,3.203e-06
met4,78.1200,13.6000,met4,78.1200,19.0400,7.661e-06
met4,78.1200,19.0400,met4,78.1200,24.4800,1.544e-05
met4,78.1200,24.4800,met4,78.1200,29.9200,2.320e-05
met4,78.1200,29.9200,met4,78.1200,35.3600,3.009e-05
met4,78.1200,35.3600,met4,78.1200,40.8000,4.034e-05
met4,78.1200,35.3600,met5,78.1200,38.8800,8.121e-05
met4,78.1200,40.8000,met4,78.1200,46.2400,3.463e-05
met4,78.1200,46.2400,met4,78.1200,51.6800,2.706e-05
met4,78.1200,51.6800,met4,78.1200,57.1200,1.931e-05
met4,78.1200,57.1200,met4,78.1200,62.5600,1.216e-05
met4,78.1200,62.5600,met4,78.1200,68.0000,4.960e-06
met4,78.1200,68.0000,met4,78.1200,73.4400,2.644e-06
met4,78.1200,73.4400,met4,78.1200,78.8800,1.085e-05
met4,78.1200,78.8800,met4,78.1200,84.3200,1.160e-04
met4,78.1200,78.8800,met5,78.1200,78.8800,1.338e-04
met4,78.1200,84.3200,met4,78.1200,89.7600,1.099e-04
met4,78.1200,89.7600,met4,78.1200,95.2000,1.027e-04
met4,78.1200,95.2000,met4,78.1200,100.6400,9.585e-05
met4,78.1200,100.6400,met4,78.1200,106.0800,8.989e-05
met4,78.1200,106.0800,met4,78.1200,111.5200,8.387e-05
met4,78.1200,111.5200,met4,78.1200,116.9600,7.809e-05
met4,78.1200,116.9600,met4,78.1200,122.4000,6.587e-05
met4,78.1200,116.9600,met5,78.1200,118.8800,5.752e-06
met4,78.1200,122.4000,met4,78.1200,127.8400,6.056e-05
met4,78.1200,127.8400,met4,78.1200,133.2800,5.604e-05
met4,78.1200,133.2800,met4,78.1200,138.7200,4.930e-05
met4,78.1200,138.7200,met4,78.1200,144.1600,4.543e-05
met4,78.1200,144.1600,met4,78.1200,149.6000,4.107e-05
met4,78.1200,149.6000,met4,78.1200,155.0400,3.505e-05
met4,78.1200,155.0400,met4,78.1200,160.4800,3.913e-05
met4,78.1200,155.0400,met5,78.1200,158.8800,5.931e-06
met4,78.1200,160.4800,met4,78.1200,165.9200,3.404e-05
met4,78.1200,165.9200,met4,78.1200,171.3600,2.930e-05
met4,78.1200,171.3600,met4,78.1200,176.8000,2.588e-05
met4,78.1200,176.8000,met4,78.1200,182.2400,2.013e-05
met4,78.1200,182.2400,met4,78.1200,187.6800,1.708e-05
met4,78.1200,187.6800,met4,78.1200,193.1200,1.186e-05
met4,78.1200,193.1200,met4,78.1200,198.5600,6.775e-06
met4,78.1200,198.5600,met4,78.1200,204.0000,1.553e-05
met4,78.1200,198.5600,met5,78.1200,198.8800,1.191e-05
met4,78.1200,204.0000,met4,78.1200,209.4400,1.070e-05
met4,78.1200,209.4400,met4,78.1200,214.8800,5.825e-06
met4,78.1200,214.8800,met4,78.1200,220.3200,2.280e-06
met4,78.1200,220.3200,met4,78.1200,225.7600,2.529e-06
met4,78.1200,225.7600,met4,78.1200,231.2000,5.781e-06
met4,78.1200,231.2000,met4,78.1200,236.6400,1.026e-05
met4,78.1200,236.6400,met4,78.1200,242.0800,3.137e-07
met4,78.1200,236.6400,met5,78.1200,238.8800,1.425e-05
met4,78.1200,242.0800,met4,78.1200,247.5200,4.522e-06
met4,78.1200,247.5200,met4,78.1200,252.9600,7.736e-06
met4,78.1200,252.9600,met4,78.1200,258.4000,1.166e-05
met4,78.1200,258.4000,met4,78.1200,263.8400,1.570e-05
met4,78.1200,263.8400,met4,78.1200,269.2800,2.074e-05
met4,78.1200,269.2800,met4,78.1200,274.7200,2.366e-05
met4,78.1200,274.7200,met4,78.1200,280.1600,1.252e-05
met4,78.1200,274.7200,met5,78.1200,278.8800,1.612e-05
met4,78.1200,280.1600,met4,78.1200,285.6000,1.551e-05
met4,78.1200,285.6000,met4,78.1200,291.0400,2.077e-05
met4,78.1200,291.0400,met4,78.1200,296.4800,2.273e-05
met4,78.1200,296.4800,met4,78.1200,301.9200,2.745e-05
met4,78.1200,301.9200,met4,78.1200,307.3600,2.948e-05
met4,78.1200,307.3600,met4,78.1200,312.8000,3.557e-05
met4,78.1200,312.8000,met4,78.1200,318.2400,3.659e-05
met4,78.1200,318.2400,met4,78.1200,323.6800,1.017e-05
met4,78.1200,318.2400,met5,78.1200,318.8800,3.013e-05
met4,78.1200,323.6800,met4,78.1200,329.1200,1.343e-05
met4,78.1200,329.1200,met4,78.1200,334.5600,1.586e-05
met4,78.1200,334.5600,met4,78.1200,340.0000,2.037e-05
met4,78.1200,340.0000,met4,78.1200,345.4400,2.380e-05
met4,78.1200,345.4400,met4,78.1200,350.8800,2.794e-05
met4,78.1200,350.8800,met4,78.1200,356.3200,3.104e-05
met4,78.1200,356.3200,met4,78.1200,361.7600,8.425e-06
met4,78.1200,356.3200,met5,78.1200,358.8800,2.569e-05
met4,78.1200,361.7600,met4,78.1200,367.2000,1.361e-05
met4,78.1200,367.2000,met4,78.1200,372.6400,1.630e-05
met4,78.1200,372.6400,met4,78.1200,378.0800,2.193e-05
met4,78.1200,378.0800,met4,78.1200,383.5200,2.429e-05
met4,78.1200,383.5200,met4,78.1200,388.9600,3.016e-05
met4,78.1200,388.9600,met4,78.1200,394.4000,3.356e-05
met4,78.1200,394.4000,met4,78.1200,399.8400,3.910e-05
met4,78.1200,394.4000,met5,78.1200,398.8800,1.618e-06
met4,78.1200,399.8400,met4,78.1200,405.2800,4.328e-05
met4,78.1200,405.2800,met4,78.1200,410.7200,4.897e-05
met4,78.1200,410.7200,met4,78.1200,416.1600,5.610e-05
met4,78.1200,416.1600,met4,78.1200,421.6000,6.004e-05
met4,78.1200,421.6000,met4,78.1200,427.0400,6.997e-05
met4,78.1200,427.0400,met4,78.1200,432.4800,7.543e-05
met4,78.1200,432.4800,met4,78.1200,437.9200,8.437e-05
met4,78.1200,437.9200,met4,78.1200,443.3600,4.776e-05
met4,78.1200,437.9200,met5,78.1200,438.8800,1.413e-04
met4,78.1200,443.3600,met4,78.1200,448.8000,3.841e-05
met4,78.1200,448.8000,met4,78.1200,454.2400,3.041e-05
met4,78.1200,454.2400,met4,78.1200,459.6800,2.341e-05
met4,78.1200,459.6800,met4,78.1200,465.1200,1.504e-05
met4,78.1200,465.1200,met4,78.1200,470.5600,5.920e-06
met4,118.1200,13.6000,met4,118.1200,19.0400,5.272e-06
met4,118.1200,19.0400,met4,118.1200,24.4800,1.217e-05
met4,118.1200,24.4800,met4,118.1200,29.9200,1.836e-05
met4,118.1200,29.9200,met4,118.1200,35.3600,2.874e-05
met4,118.1200,35.3600,met4,118.1200,40.8000,3.185e-05
met4,118.1200,35.3600,met5,118.1200,38.8800,6.858e-05
met4,118.1200,40.8000,met4,118.1200,46.2400,2.874e-05
met4,118.1200,46.2400,met4,118.1200,51.6800,2.173e-05
met4,118.1200,51.6800,met4,118.1200,57.1200,1.772e-05
met4,118.1200,57.1200,met4,118.1200,62.5600,1.173e-05
met4,118.1200,62.5600,met4,118.1200,68.0000,4.892e-06
met4,118.1200,68.0000,met4,118.1200,73.4400,5.801e-07
met4,118.1200,73.4400,met4,118.1200,78.8800,6.964e-06
met4,118.1200,78.8800,met4,118.1200,84.3200,8.563e-05
met4,118.1200,78.8800,met5,118.1200,78.8800,9.615e-05
met4,118.1200,84.3200,met4,118.1200,89.7600,7.948e-05
met4,118.1200,89.7600,met4,118.1200,95.2000,7.457e-05
met4,118.1200,95.2000,met4,118.1200,100.6400,7.132e-05
met4,118.1200,100.6400,met4,118.1200,106.0800,6.558e-05
met4,118.1200,106.0800,met4,118.1200,111.5200,6.175e-05
met4,118.1200,111.5200,met4,118.1200,116.9600,5.349e-05
met4,118.1200,116.9600,met4,118.1200,122.4000,5.053e-05
met4,118.1200,116.9600,met5,118.1200,118.8800,3.037e-06
met4,118.1200,122.4000,met4,118.1200,127.8400,4.110e-05
met4,118.1200,127.8400,met4,118.1200,133.2800,3.749e-05
met4,118.1200,133.2800,met4,118.1200,138.7200,3.259e-05
met4,118.1200,138.7200,met4,118.1200,144.1600,2.970e-05
met4,118.1200,144.1600,met4,118.1200,149.6000,2.612e-05
met4,118.1200,149.6000,met4,118.1200,155.0400,2.324e-05
met4,118.1200,155.0400,met4,118.1200,160.4800,2.937e-05
met4,118.1200,155.0400,met5,118.1200,158.8800,7.858e-06
met4,118.1200,160.4800,met4,118.1200,165.9200,2.594e-05
met4,118.1200,165.9200,met4,118.1200,171.3600,2.331e-05
met4,118.1200,171.3600,met4,118.1200,176.8000,1.671e-05
met4,118.1200,176.8000,met4,118.1200,182.2400,1.411e-05
met4,118.1200,182.2400,met4,118.1200,187.6800,1.123e-05
met4,118.1200,187.6800,met4,118.1200,193.1200,8.529e-06
met4,118.1200,193.1200,met4,118.1200,198.5600,4.944e-06
met4,118.1200,198.5600,met4,118.1200,204.0000,1.066e-05
met4,118.1200,198.5600,met5,118.1200,198.8800,1.491e-05
met4,118.1200,204.0000,met4,118.1200,209.4400,4.112e-06
met4,118.1200,209.4400,met4,118.1200,214.8800,9.555e-07
met4,118.1200,214.8800,met4,118.1200,220.3200,1.619e-06
met4,118.1200,220.3200,met4,118.1200,225.7600,4.741e-06
met4,118.1200,225.7600,met4,118.1200,231.2000,7.372e-06
met4,118.1200,231.2000,met4,118.1200,236.6400,1.469e-05
met4,118.1200,236.6400,met4,118.1200,242.0800,3.698e-06
met4,118.1200,236.6400,met5,118.1200,238.8800,1.496e-05
met4,118.1200,242.0800,met4,118.1200,247.5200,7.258e-06
met4,118.1200,247.5200,met4,118.1200,252.9600,1.117e-05
met4,118.1200,252.9600,met4,118.1200,258.4000,1.631e-05
met4,118.1200,258.4000,met4,118.1200,263.8400,1.953e-05
met4,118.1200,263.8400,met4,118.1200,269.2800,2.525e-05
met4,118.1200,269.2800,met4,118.1200,274.7200,3.085e-05
met4,118.1200,274.7200,met4,118.1200,280.1600,2.141e-05
met4,118.1200,274.7200,met5,118.1200,278.8800,1.384e-05
met4,118.1200,280.1600,met4,118.1200,285.6000,2.430e-05
met4,118.1200,285.6000,met4,118.1200,291.0400,2.935e-05
met4,118.1200,291.0400,met4,118.1200,296.4800,3.010e-05
met4,118.1200,296.4800,met4,118.1200,301.9200,3.463e-05
met4,118.1200,301.9200,met4,118.1200,307.3600,3.898e-05
met4,118.1200,307.3600,met4,118.1200,312.8000,4.159e-05
met4,118.1200,312.8000,met4,118.1200,318.2400,4.563e-05
met4,118.1200,318.2400,met4,118.1200,323.6800,4.336e-06
met4,118.1200,318.2400,met5,118.1200,318.8800,4.298e-05
met4,118.1200,323.6800,met4,118.1200,329.1200,6.816e-06
met4,118.1200,329.1200,met4,118.1200,334.5600,1.084e-05
met4,118.1200,334.5600,met4,118.1200,340.0000,1.369e-05
met4,118.1200,340.0000,met4,118.1200,345.4400,1.803e-05
met4,118.1200,345.4400,met4,118.1200,350.8800,2.211e-05
met4,118.1200,350.8800,met4,118.1200,356.3200,2.570e-05
met4,118.1200,356.3200,met4,118.1200,361.7600,1.286e-05
met4,118.1200,356.3200,met5,118.1200,358.8800,3.965e-05
met4,118.1200,361.7600,met4,118.1200,367.2000,7.131e-06
met4,118.1200,367.2000,met4,118.1200,372.6400,4.563e-06
met4,118.1200,372.6400,met4,118.1200,378.0800,7.924e-07
met4,118.1200,378.0800,met4,118.1200,383.5200,4.946e-06
met4,118.1200,383.5200,met4,118.1200,388.9600,6.555e-06
met4,118.1200,388.9600,met4,118.1200,394.4000,1.059e-05
met4,118.1200,394.4000,met4,118.1200,399.8400,6.601e-06
met4,118.1200,394.4000,met5,118.1200,398.8800,8.730e-06
met4,118.1200,399.8400,met4,118.1200,405.2800,1.109e-05
met4,118.1200,405.2800,met4,118.1200,410.7200,1.404e-05
met4,118.1200,410.7200,met4,118.1200,416.1600,1.856e-05
met4,118.1200,416.1600,met4,118.1200,421.6000,2.135e-05
met4,118.1200,421.6000,met4,118.1200,427.0400,2.701e-05
met4,118.1200,427.0400,met4,118.1200,432.4800,2.891e-05
met4,118.1200,432.4800,met4,118.1200,437.9200,3.368e-05
met4,118.1200,437.9200,met4,118.1200,443.3600,2.514e-05
met4,118.1200,437.9200,met5,118.1200,438.8800,6.349e-05
met4,118.1200,443.3600,met4,118.1200,448.8000,2.175e-05
met4,118.1200,448.8000,met4,118.1200,454.2400,1.476e-05
met4,118.1200,454.2400,met4,118.1200,459.6800,1.189e-05
met4,118.1200,459.6800,met4,118.1200,465.1200,7.999e-06
met4,118.1200,465.1200,met4,118.1200,470.5600,1.495e-06
met4,158.1200,13.6000,met4,158.1200,19.0400,3.420e-06
met4,158.1200,19.0400,met4,158.1200,24.4800,7.601e-06
met4,158.1200,24.4800,met4,158.1200,29.9200,1.154e-05
met4,158.1200,29.9200,met4,158.1200,35.3600,1.684e-05
met4,158.1200,35.3600,met4,158.1200,40.8000,1.779e-05
met4,158.1200,35.3600,met5,158.1200,38.8800,3.995e-05
met4,158.1200,40.8000,met4,158.1200,46.2400,1.528e-05
met4,158.1200,46.2400,met4,158.1200,51.6800,1.271e-05
met4,158.1200,51.6800,met4,158.1200,57.1200,9.892e-06
met4,158.1200,57.1200,met4,158.1200,62.5600,6.283e-06
met4,158.1200,62.5600,met4,158.1200,68.0000,9.017e-07
met4,158.1200,68.0000,met4,158.1200,73.4400,2.430e-06
met4,158.1200,73.4400,met4,158.1200,78.8800,6.158e-06
met4,158.1200,78.8800,met4,158.1200,84.3200,4.085e-05
met4,158.1200,78.8800,met5,158.1200,78.8800,4.810e-05
met4,158.1200,84.3200,met4,158.1200,89.7600,3.740e-05
met4,158.1200,89.7600,met4,158.1200,95.2000,3.449e-05
met4,158.1200,95.2000,met4,158.1200,100.6400,3.319e-05
met4,158.1200,100.6400,met4,158.1200,106.0800,3.013e-05
met4,158.1200,106.0800,met4,158.1200,111.5200,2.793e-05
met4,158.1200,111.5200,met4,158.1200,116.9600,2.310e-05
met4,158.1200,116.9600,met4,158.1200,122.4000,2.605e-05
met4,158.1200,116.9600,met5,158.1200,118.8800,5.624e-06
met4,158.1200,122.4000,met4,158.1200,127.8400,1.904e-05
met4,158.1200,127.8400,met4,158.1200,133.2800,1.637e-05
met4,158.1200,133.2800,met4,158.1200,138.7200,1.482e-05
met4,158.1200,138.7200,met4,158.1200,144.1600,1.097e-05
met4,158.1200,144.1600,met4,158.1200,149.6000,9.490e-06
met4,158.1200,149.6000,met4,158.1200,155.0400,8.462e-06
met4,158.1200,155.0400,met4,158.1200,160.4800,1.056e-05
met4,158.1200,155.0400,met5,158.1200,158.8800,2.935e-06
met4,158.1200,160.4800,met4,158.1200,165.9200,9.648e-06
met4,158.1200,165.9200,met4,158.1200,171.3600,8.833e-06
met4,158.1200,171.3600,met4,158.1200,176.8000,4.666e-06
met4,158.1200,176.8000,met4,158.1200,182.2400,3.788e-06
met4,158.1200,182.2400,met4,158.1200,187.6800,2.585e-06
met4,158.1200,187.6800,met4,158.1200,193.1200,1.032e-06
met4,158.1200,193.1200,met4,158.1200,198.5600,7.708e-07
met4,158.1200,198.5600,met4,158.1200,204.0000,2.056e-06
met4,158.1200,198.5600,met5,158.1200,198.8800,5.877e-06
met4,158.1200,204.0000,met4,158.1200,209.4400,1.724e-06
met4,158.1200,209.4400,met4,158.1200,214.8800,2.699e-06
met4,158.1200,214.8800,met4,158.1200,220.3200,4.040e-06
met4,158.1200,220.3200,met4,158.1200,225.7600,6.131e-06
met4,158.1200,225.7600,met4,158.1200,231.2000,9.332e-06
met4,158.1200,231.2000,met4,158.1200,236.6400,1.529e-05
met4,158.1200,236.6400,met4,158.1200,242.0800,1.134e-05
met4,158.1200,236.6400,met5,158.1200,238.8800,5.433e-06
met4,158.1200,242.0800,met4,158.1200,247.5200,1.422e-05
met4,158.1200,247.5200,met4,158.1200,252.9600,1.705e-05
met4,158.1200,252.9600,met4,158.1200,258.4000,2.002e-05
met4,158.1200,258.4000,met4,158.1200,263.8400,2.220e-05
met4,158.1200,263.8400,met4,158.1200,269.2800,2.629e-05
met4,158.1200,269.2800,met4,158.1200,274.7200,3.141e-05
met4,158.1200,274.7200,met4,158.1200,280.1600,3.483e-05
met4,158.1200,274.7200,met5,158.1200,278.8800,2.275e-07
met4,158.1200,280.1600,met4,158.1200,285.6000,3.771e-05
met4,158.1200,285.6000,met4,158.1200,291.0400,4.256e-05
met4,158.1200,291.0400,met4,158.1200,296.4800,4.359e-05
met4,158.1200,296.4800,met4,158.1200,301.9200,4.912e-05
met4,158.1200,301.9200,met4,158.1200,307.3600,5.513e-05
met4,158.1200,307.3600,met4,158.1200,312.8000,5.902e-05
met4,158.1200,312.8000,met4,158.1200,318.2400,6.356e-05
met4,158.1200,318.2400,met4,158.1200,323.6800,7.842e-06
met4,158.1200,318.2400,met5,158.1200,318.8800,7.588e-05
met4,158.1200,323.6800,met4,158.1200,329.1200,2.629e-06
met4,158.1200,329.1200,met4,158.1200,334.5600,2.060e-06
met4,158.1200,334.5600,met4,158.1200,340.0000,6.748e-06
met4,158.1200,340.0000,met4,158.1200,345.4400,1.203e-05
met4,158.1200,345.4400,met4,158.1200,350.8800,1.491e-05
met4,158.1200,350.8800,met4,158.1200,356.3200,2.212e-05
met4,158.1200,356.3200,met4,158.1200,361.7600,4.861e-05
met4,158.1200,356.3200,met5,158.1200,358.8800,7.290e-05
met4,158.1200,361.7600,met4,158.1200,367.2000,4.315e-05
met4,158.1200,367.2000,met4,158.1200,372.6400,3.826e-05
met4,158.1200,372.6400,met4,158.1200,378.0800,2.918e-05
met4,158.1200,378.0800,met4,158.1200,383.5200,2.381e-05
met4,158.1200,383.5200,met4,158.1200,388.9600,2.193e-05
met4,158.1200,388.9600,met4,158.1200,394.4000,1.764e-05
met4,158.1200,394.4000,met4,158.1200,399.8400,1.825e-05
met4,158.1200,394.4000,met5,158.1200,398.8800,5.678e-06
met4,158.1200,399.8400,met4,158.1200,405.2800,1.449e-05
met4,158.1200,405.2800,met4,158.1200,410.7200,1.064e-05
met4,158.1200,410.7200,met4,158.1200,416.1600,8.155e-06
met4,158.1200,416.1600,met4,158.1200,421.6000,4.079e-06
met4,158.1200,421.6000,met4,158.1200,427.0400,1.032e-06
met4,158.1200,427.0400,met4,158.1200,432.4800,2.020e-06
met4,158.1200,432.4800,met4,158.1200,437.9200,7.635e-06
met4,158.1200,437.9200,met4,158.1200,443.3600,2.306e-05
met4,158.1200,437.9200,met5,158.1200,438.8800,3.284e-05
met4,158.1200,443.3600,met4,158.1200,448.8000,1.874e-05
met4,158.1200,448.8000,met4,158.1200,454.2400,1.450e-05
met4,158.1200,454.2400,met4,158.1200,459.6800,9.640e-06
met4,158.1200,459.6800,met4,158.1200,465.1200,7.621e-06
met4,158.1200,465.1200,met4,158.1200,470.5600,1.483e-06
met4,198.1200,13.6000,met4,198.1200,19.0400,4.514e-06
met4,198.1200,19.0400,met4,198.1200,24.4800,7.440e-06
met4,198.1200,24.4800,met4,198.1200,29.9200,1.042e-05
met4,198.1200,29.9200,met4,198.1200,35.3600,1.839e-05
met4,198.1200,35.3600,met4,198.1200,40.8000,8.086e-06
met4,198.1200,35.3600,met5,198.1200,38.8800,3.201e-05
met4,198.1200,40.8000,met4,198.1200,46.2400,4.532e-06
met4,198.1200,46.2400,met4,198.1200,51.6800,3.415e-06
met4,198.1200,51.6800,met4,198.1200,57.1200,1.581e-07
met4,198.1200,57.1200,met4,198.1200,62.5600,1.685e-06
met4,198.1200,62.5600,met4,198.1200,68.0000,6.921e-06
met4,198.1200,68.0000,met4,198.1200,73.4400,8.888e-06
met4,198.1200,73.4400,met4,198.1200,78.8800,1.062e-05
met4,198.1200,78.8800,met4,198.1200,84.3200,1.832e-05
met4,198.1200,78.8800,met5,198.1200,78.8800,3.161e-05
met4,198.1200,84.3200,met4,198.1200,89.7600,1.725e-05
met4,198.1200,89.7600,met4,198.1200,95.2000,1.458e-05
met4,198.1200,95.2000,met4,198.1200,100.6400,1.148e-05
met4,198.1200,100.6400,met4,198.1200,106.0800,1.037e-05
met4,198.1200,106.0800,met4,198.1200,111.5200,7.845e-06
met4,198.1200,111.5200,met4,198.1200,116.9600,3.326e-06
met4,198.1200,116.9600,met4,198.1200,122.4000,8.817e-06
met4,198.1200,116.9600,met5,198.1200,118.8800,1.092e-05
met4,198.1200,122.4000,met4,198.1200,127.8400,3.447e-06
met4,198.1200,127.8400,met4,198.1200,133.2800,8.821e-08
met4,198.1200,133.2800,met4,198.1200,138.7200,1.318e-06
met4,198.1200,138.7200,met4,198.1200,144.1600,5.104e-06
met4,198.1200,144.1600,met4,198.1200,149.6000,7.749e-06
met4,198.1200,149.6000,met4,198.1200,155.0400,8.537e-06
met4,198.1200,155.0400,met4,198.1200,160.4800,4.747e-06
met4,198.1200,155.0400,met5,198.1200,158.8800,4.020e-06
met4,198.1200,160.4800,met4,198.1200,165.9200,5.040e-06
met4,198.1200,165.9200,met4,198.1200,171.3600,5.188e-06
met4,198.1200,171.3600,met4,198.1200,176.8000,6.709e-06
met4,198.1200,176.8000,met4,198.1200,182.2400,7.463e-06
met4,198.1200,182.2400,met4,198.1200,187.6800,7.698e-06
met4,198.1200,187.6800,met4,198.1200,193.1200,9.299e-06
met4,198.1200,193.1200,met4,198.1200,198.5600,1.042e-05
met4,198.1200,198.5600,met4,198.1200,204.0000,3.940e-06
met4,198.1200,198.5600,met5,198.1200,198.8800,7.064e-06
met4,198.1200,204.0000,met4,198.1200,209.4400,6.584e-06
met4,198.1200,209.4400,met4,198.1200,214.8800,7.545e-06
met4,198.1200,214.8800,met4,198.1200,220.3200,8.185e-06
met4,198.1200,220.3200,met4,198.1200,225.7600,1.031e-05
met4,198.1200,225.7600,met4,198.1200,231.2000,1.246e-05
met4,198.1200,231.2000,met4,198.1200,236.6400,1.617e-05
met4,198.1200,236.6400,met4,198.1200,242.0800,1.294e-05
met4,198.1200,236.6400,met5,198.1200,238.8800,3.785e-06
met4,198.1200,242.0800,met4,198.1200,247.5200,1.548e-05
met4,198.1200,247.5200,met4,198.1200,252.9600,1.859e-05
met4,198.1200,252.9600,met4,198.1200,258.4000,2.134e-05
met4,198.1200,258.4000,met4,198.1200,263.8400,2.493e-05
met4,198.1200,263.8400,met4,198.1200,269.2800,2.972e-05
met4,198.1200,269.2800,met4,198.1200,274.7200,3.313e-05
met4,198.1200,274.7200,met4,198.1200,280.1600,4.792e-05
met4,198.1200,274.7200,met5,198.1200,278.8800,1.078e-05
met4,198.1200,280.1600,met4,198.1200,285.6000,5.152e-05
met4,198.1200,285.6000,met4,198.1200,291.0400,5.645e-05
met4,198.1200,291.0400,met4,198.1200,296.4800,6.143e-05
met4,198.1200,296.4800,met4,198.1200,301.9200,6.673e-05
met4,198.1200,301.9200,met4,198.1200,307.3600,7.388e-05
met4,198.1200,307.3600,met4,198.1200,312.8000,8.263e-05
met4,198.1200,312.8000,met4,198.1200,318.2400,8.730e-05
met4,198.1200,318.2400,met4,198.1200,323.6800,1.860e-05
met4,198.1200,318.2400,met5,198.1200,318.8800,1.141e-04
met4,198.1200,323.6800,met4,198.1200,329.1200,1.140e-05
met4,198.1200,329.1200,met4,198.1200,334.5600,4.340e-06
met4,198.1200,334.5600,met4,198.1200,340.0000,2.176e-06
met4,198.1200,340.0000,met4,198.1200,345.4400,8.729e-06
met4,198.1200,345.4400,met4,198.1200,350.8800,1.575e-05
met4,198.1200,350.8800,met4,198.1200,356.3200,2.283e-05
met4,198.1200,356.3200,met4,198.1200,361.7600,7.905e-05
met4,198.1200,356.3200,met5,198.1200,358.8800,1.077e-04
met4,198.1200,361.7600,met4,198.1200,367.2000,7.314e-05
met4,198.1200,367.2000,met4,198.1200,372.6400,6.677e-05
met4,198.1200,372.6400,met4,198.1200,378.0800,5.891e-05
met4,198.1200,378.0800,met4,198.1200,383.5200,5.510e-05
met4,198.1200,383.5200,met4,198.1200,388.9600,5.000e-05
met4,198.1200,388.9600,met4,198.1200,394.4000,4.725e-05
met4,198.1200,394.4000,met4,198.1200,399.8400,3.627e-05
met4,198.1200,394.4000,met5,198.1200,398.8800,6.484e-06
met4,198.1200,399.8400,met4,198.1200,405.2800,3.217e-05
met4,198.1200,405.2800,met4,198.1200,410.7200,2.979e-05
met4,198.1200,410.7200,met4,198.1200,416.1600,2.696e-05
met4,198.1200,416.1600,met4,198.1200,421.6000,2.279e-05
met4,198.1200,421.6000,met4,198.1200,427.0400,1.887e-05
met4,198.1200,427.0400,met4,198.1200,432.4800,1.710e-05
met4,198.1200,432.4800,met4,198.1200,437.9200,1.105e-05
met4,198.1200,437.9200,met4,198.1200,443.3600,2.726e-05
met4,198.1200,437.9200,met5,198.1200,438.8800,1.872e-05
met4,198.1200,443.3600,met4,198.1200,448.8000,2.379e-05
met4,198.1200,448.8000,met4,198.1200,454.2400,1.970e-05
met4,198.1200,454.2400,met4,198.1200,459.6800,1.196e-05
met4,198.1200,459.6800,met4,198.1200,465.1200,5.391e-06
met4,198.1200,465.1200,met4,198.1200,470.5600,1.259e-06
met4,238.1200,13.6000,met4,238.1200,19.0400,7.035e-06
met4,238.1200,19.0400,met4,238.1200,24.4800,1.075e-05
met4,238.1200,24.4800,met4,238.1200,29.9200,1.490e-05
met4,238.1200,29.9200,met4,238.1200,35.3600,1.665e-05
met4,238.1200,35.3600,met4,238.1200,40.8000,2.108e-06
met4,238.1200,35.3600,met5,238.1200,38.8800,2.182e-05
met4,238.1200,40.8000,met4,238.1200,46.2400,3.785e-06
met4,238.1200,46.2400,met4,238.1200,51.6800,5.825e-06
met4,238.1200,51.6800,met4,238.1200,57.1200,6.610e-06
met4,238.1200,57.1200,met4,238.1200,62.5600,7.815e-06
met4,238.1200,62.5600,met4,238.1200,68.0000,1.138e-05
met4,238.1200,68.0000,met4,238.1200,73.4400,1.234e-05
met4,238.1200,73.4400,met4,238.1200,78.8800,1.433e-05
met4,238.1200,78.8800,met4,238.1200,84.3200,5.021e-06
met4,238.1200,78.8800,met5,238.1200,78.8800,2.002e-05
met4,238.1200,84.3200,met4,238.1200,89.7600,4.882e-06
met4,238.1200,89.7600,met4,238.1200,95.2000,1.596e-06
met4,238.1200,95.2000,met4,238.1200,100.6400,1.216e-06
met4,238.1200,100.6400,met4,238.1200,106.0800,8.921e-08
met4,238.1200,106.0800,met4,238.1200,111.5200,2.069e-06
met4,238.1200,111.5200,met4,238.1200,116.9600,6.955e-06
met4,238.1200,116.9600,met4,238.1200,122.4000,5.242e-06
met4,238.1200,116.9600,met5,238.1200,118.8800,9.463e-06
met4,238.1200,122.4000,met4,238.1200,127.8400,8.235e-06
met4,238.1200,127.8400,met4,238.1200,133.2800,1.013e-05
met4,238.1200,133.2800,met4,238.1200,138.7200,1.246e-05
met4,238.1200,138.7200,met4,238.1200,144.1600,1.397e-05
met4,238.1200,144.1600,met4,238.1200,149.6000,1.599e-05
met4,238.1200,149.6000,met4,238.1200,155.0400,1.740e-05
met4,238.1200,155.0400,met4,238.1200,160.4800,1.462e-05
met4,238.1200,155.0400,met5,238.1200,158.8800,3.425e-06
met4,238.1200,160.4800,met4,238.1200,165.9200,1.580e-05
met4,238.1200,165.9200,met4,238.1200,171.3600,1.617e-05
met4,238.1200,171.3600,met4,238.1200,176.8000,1.778e-05
met4,238.1200,176.8000,met4,238.1200,182.2400,1.918e-05
met4,238.1200,182.2400,met4,238.1200,187.6800,1.912e-05
met4,238.1200,187.6800,met4,238.1200,193.1200,2.070e-05
met4,238.1200,193.1200,met4,238.1200,198.5600,2.198e-05
met4,238.1200,198.5600,met4,238.1200,204.0000,6.088e-06
met4,238.1200,198.5600,met5,238.1200,198.8800,1.569e-05
met4,238.1200,204.0000,met4,238.1200,209.4400,8.805e-06
met4,238.1200,209.4400,met4,238.1200,214.8800,9.206e-06
met4,238.1200,214.8800,met4,238.1200,220.3200,1.005e-05
met4,238.1200,220.3200,met4,238.1200,225.7600,1.250e-05
met4,238.1200,225.7600,met4,238.1200,231.2000,1.335e-05
met4,238.1200,231.2000,met4,238.1200,236.6400,1.625e-05
met4,238.1200,236.6400,met4,238.1200,242.0800,6.469e-06
met4,238.1200,236.6400,met5,238.1200,238.8800,1.058e-05
met4,238.1200,242.0800,met4,238.1200,247.5200,8.640e-06
met4,238.1200,247.5200,met4,238.1200,252.9600,1.172e-05
met4,238.1200,252.9600,met4,238.1200,258.4000,1.321e-05
met4,238.1200,258.4000,met4,238.1200,263.8400,1.675e-05
met4,238.1200,263.8400,met4,238.1200,269.2800,2.111e-05
met4,238.1200,269.2800,met4,238.1200,274.7200,2.327e-05
met4,238.1200,274.7200,met4,238.1200,280.1600,3.774e-05
met4,238.1200,274.7200,met5,238.1200,278.8800,1.138e-05
met4,238.1200,280.1600,met4,238.1200,285.6000,4.161e-05
met4,238.1200,285.6000,met4,238.1200,291.0400,4.570e-05
met4,238.1200,291.0400,met4,238.1200,296.4800,5.024e-05
met4,238.1200,296.4800,met4,238.1200,301.9200,5.458e-05
met4,238.1200,301.9200,met4,238.1200,307.3600,6.062e-05
met4,238.1200,307.3600,met4,238.1200,312.8000,6.601e-05
met4,238.1200,312.8000,met4,238.1200,318.2400,6.954e-05
met4,238.1200,318.2400,met4,238.1200,323.6800,1.032e-05
met4,238.1200,318.2400,met5,238.1200,318.8800,8.403e-05
met4,238.1200,323.6800,met4,238.1200,329.1200,6.463e-06
met4,238.1200,329.1200,met4,238.1200,334.5600,2.433e-06
met4,238.1200,334.5600,met4,238.1200,340.0000,1.366e-06
met4,238.1200,340.0000,met4,238.1200,345.4400,5.012e-06
met4,238.1200,345.4400,met4,238.1200,350.8800,8.781e-06
met4,238.1200,350.8800,met4,238.1200,356.3200,1.245e-05
met4,238.1200,356.3200,met4,238.1200,361.7600,6.466e-05
met4,238.1200,356.3200,met5,238.1200,358.8800,8.050e-05
met4,238.1200,361.7600,met4,238.1200,367.2000,6.128e-05
met4,238.1200,367.2000,met4,238.1200,372.6400,5.809e-05
met4,238.1200,372.6400,met4,238.1200,378.0800,5.485e-05
met4,238.1200,378.0800,met4,238.1200,383.5200,5.247e-05
met4,238.1200,383.5200,met4,238.1200,388.9600,5.005e-05
met4,238.1200,388.9600,met4,238.1200,394.4000,4.832e-05
met4,238.1200,394.4000,met4,238.1200,399.8400,3.328e-05
met4,238.1200,394.4000,met5,238.1200,398.8800,1.304e-05
met4,238.1200,399.8400,met4,238.1200,405.2800,3.166e-05
met4,238.1200,405.2800,met4,238.1200,410.7200,3.011e-05
met4,238.1200,410.7200,met4,238.1200,416.1600,2.867e-05
met4,238.1200,416.1600,met4,238.1200,421.6000,2.687e-05
met4,238.1200,421.6000,met4,238.1200,427.0400,2.485e-05
met4,238.1200,427.0400,met4,238.1200,432.4800,2.409e-05
met4,238.1200,432.4800,met4,238.1200,437.9200,1.956e-05
met4,238.1200,437.9200,met4,238.1200,443.3600,2.163e-05
met4,238.1200,437.9200,met5,238.1200,438.8800,5.317e-06
met4,238.1200,443.3600,met4,238.1200,448.8000,1.888e-05
met4,238.1200,448.8000,met4,238.1200,454.2400,1.409e-05
met4,238.1200,454.2400,met4,238.1200,459.6800,8.645e-06
met4,238.1200,459.6800,met4,238.1200,465.1200,4.867e-06
met4,238.1200,465.1200,met4,238.1200,470.5600,1.744e-06
met4,278.1200,13.6000,met4,278.1200,19.0400,9.493e-06
met4,278.1200,19.0400,met4,278.1200,24.4800,1.102e-05
met4,278.1200,24.4800,met4,278.1200,29.9200,1.858e-05
met4,278.1200,29.9200,met4,278.1200,35.3600,1.952e-05
met4,278.1200,35.3600,met4,278.1200,40.8000,6.300e-06
met4,278.1200,35.3600,met5,278.1200,38.8800,1.533e-05
met4,278.1200,40.8000,met4,278.1200,46.2400,9.782e-06
met4,278.1200,46.2400,met4,278.1200,51.6800,1.154e-05
met4,278.1200,51.6800,met4,278.1200,57.1200,1.127e-05
met4,278.1200,57.1200,met4,278.1200,62.5600,1.230e-05
met4,278.1200,62.5600,met4,278.1200,68.0000,1.403e-05
met4,278.1200,68.0000,met4,278.1200,73.4400,1.518e-05
met4,278.1200,73.4400,met4,278.1200,78.8800,1.646e-05
met4,278.1200,78.8800,met4,278.1200,84.3200,4.112e-06
met4,278.1200,78.8800,met5,278.1200,78.8800,1.332e-05
met4,278.1200,84.3200,met4,278.1200,89.7600,4.434e-06
met4,278.1200,89.7600,met4,278.1200,95.2000,5.755e-06
met4,278.1200,95.2000,met4,278.1200,100.6400,6.957e-06
met4,278.1200,100.6400,met4,278.1200,106.0800,7.774e-06
met4,278.1200,106.0800,met4,278.1200,111.5200,1.021e-05
met4,278.1200,111.5200,met4,278.1200,116.9600,1.253e-05
met4,278.1200,116.9600,met4,278.1200,122.4000,1.185e-05
met4,278.1200,116.9600,met5,278.1200,118.8800,3.112e-06
met4,278.1200,122.4000,met4,278.1200,127.8400,1.418e-05
met4,278.1200,127.8400,met4,278.1200,133.2800,1.539e-05
met4,278.1200,133.2800,met4,278.1200,138.7200,1.902e-05
met4,278.1200,138.7200,met4,278.1200,144.1600,2.045e-05
met4,278.1200,144.1600,met4,278.1200,149.6000,2.220e-05
met4,278.1200,149.6000,met4,278.1200,155.0400,2.402e-05
met4,278.1200,155.0400,met4,278.1200,160.4800,2.701e-05
met4,278.1200,155.0400,met5,278.1200,158.8800,1.102e-06
met4,278.1200,160.4800,met4,278.1200,165.9200,2.868e-05
met4,278.1200,165.9200,met4,278.1200,171.3600,2.977e-05
met4,278.1200,171.3600,met4,278.1200,176.8000,3.127e-05
met4,278.1200,176.8000,met4,278.1200,182.2400,3.266e-05
met4,278.1200,182.2400,met4,278.1200,187.6800,3.366e-05
met4,278.1200,187.6800,met4,278.1200,193.1200,3.585e-05
met4,278.1200,193.1200,met4,278.1200,198.5600,3.814e-05
met4,278.1200,198.5600,met4,278.1200,204.0000,5.460e-06
met4,278.1200,198.5600,met5,278.1200,198.8800,3.376e-05
met4,278.1200,204.0000,met4,278.1200,209.4400,6.896e-06
met4,278.1200,209.4400,met4,278.1200,214.8800,7.170e-06
met4,278.1200,214.8800,met4,278.1200,220.3200,8.924e-06
met4,278.1200,220.3200,met4,278.1200,225.7600,1.006e-05
met4,278.1200,225.7600,met4,278.1200,231.2000,1.150e-05
met4,278.1200,231.2000,met4,278.1200,236.6400,1.487e-05
met4,278.1200,236.6400,met4,278.1200,242.0800,1.133e-05
met4,278.1200,236.6400,met5,278.1200,238.8800,2.663e-05
met4,278.1200,242.0800,met4,278.1200,247.5200,1.064e-05
met4,278.1200,247.5200,met4,278.1200,252.9600,7.915e-06
met4,278.1200,252.9600,met4,278.1200,258.4000,7.093e-06
met4,278.1200,258.4000,met4,278.1200,263.8400,3.968e-06
met4,278.1200,263.8400,met4,278.1200,269.2800,5.759e-07
met4,278.1200,269.2800,met4,278.1200,274.7200,1.187e-06
met4,278.1200,274.7200,met4,278.1200,280.1600,1.045e-05
met4,278.1200,274.7200,met5,278.1200,278.8800,7.483e-06
met4,278.1200,280.1600,met4,278.1200,285.6000,1.336e-05
met4,278.1200,285.6000,met4,278.1200,291.0400,1.646e-05
met4,278.1200,291.0400,met4,278.1200,296.4800,1.955e-05
met4,278.1200,296.4800,met4,278.1200,301.9200,2.234e-05
met4,278.1200,301.9200,met4,278.1200,307.3600,2.454e-05
met4,278.1200,307.3600,met4,278.1200,312.8000,2.690e-05
met4,278.1200,312.8000,met4,278.1200,318.2400,2.833e-05
met4,278.1200,318.2400,met4,278.1200,323.6800,3.030e-06
met4,278.1200,318.2400,met5,278.1200,318.8800,3.250e-05
met4,278.1200,323.6800,met4,278.1200,329.1200,2.582e-06
met4,278.1200,329.1200,met4,278.1200,334.5600,1.673e-06
met4,278.1200,334.5600,met4,278.1200,340.0000,1.145e-06
met4,278.1200,340.0000,met4,278.1200,345.4400,8.018e-07
met4,278.1200,345.4400,met4,278.1200,350.8800,1.747e-07
met4,278.1200,350.8800,met4,278.1200,356.3200,1.675e-08
met4,278.1200,356.3200,met4,278.1200,361.7600,3.124e-05
met4,278.1200,356.3200,met5,278.1200,358.8800,3.135e-05
met4,278.1200,361.7600,met4,278.1200,367.2000,3.097e-05
met4,278.1200,367.2000,met4,278.1200,372.6400,3.029e-05
met4,278.1200,372.6400,met4,278.1200,378.0800,2.956e-05
met4,278.1200,378.0800,met4,278.1200,383.5200,2.873e-05
met4,278.1200,383.5200,met4,278.1200,388.9600,2.826e-05
met4,278.1200,388.9600,met4,278.1200,394.4000,2.778e-05
met4,278.1200,394.4000,met4,278.1200,399.8400,2.172e-05
met4,278.1200,394.4000,met5,278.1200,398.8800,5.193e-06
met4,278.1200,399.8400,met4,278.1200,405.2800,2.100e-05
met4,278.1200,405.2800,met4,278.1200,410.7200,2.024e-05
met4,278.1200,410.7200,met4,278.1200,416.1600,1.939e-05
met4,278.1200,416.1600,met4,278.1200,421.6000,1.866e-05
met4,278.1200,421.6000,met4,278.1200,427.0400,1.792e-05
met4,278.1200,427.0400,met4,278.1200,432.4800,1.702e-05
met4,278.1200,432.4800,met4,278.1200,437.9200,1.511e-05
met4,278.1200,437.9200,met4,278.1200,443.3600,1.447e-05
met4,278.1200,437.9200,met5,278.1200,438.8800,2.027e-06
met4,278.1200,443.3600,met4,278.1200,448.8000,1.268e-05
met4,278.1200,448.8000,met4,278.1200,454.2400,8.404e-06
met4,278.1200,454.2400,met4,278.1200,459.6800,6.071e-06
met4,278.1200,459.6800,met4,278.1200,465.1200,4.289e-06
met4,278.1200,465.1200,met4,278.1200,470.5600,2.597e-06
met4,318.1200,13.6000,met4,318.1200,19.0400,3.537e-06
met4,318.1200,19.0400,met4,318.1200,24.4800,4.969e-06
met4,318.1200,24.4800,met4,318.1200,29.9200,7.710e-06
met4,318.1200,29.9200,met4,318.1200,35.3600,9.251e-06
met4,318.1200,35.3600,met4,318.1200,40.8000,7.392e-06
met4,318.1200,35.3600,met5,318.1200,38.8800,5.061e-06
met4,318.1200,40.8000,met4,318.1200,46.2400,1.017e-05
met4,318.1200,46.2400,met4,318.1200,51.6800,1.126e-05
met4,318.1200,51.6800,met4,318.1200,57.1200,1.225e-05
met4,318.1200,57.1200,met4,318.1200,62.5600,1.265e-05
met4,318.1200,62.5600,met4,318.1200,68.0000,1.466e-05
met4,318.1200,68.0000,met4,318.1200,73.4400,1.685e-05
met4,318.1200,73.4400,met4,318.1200,78.8800,1.746e-05
met4,318.1200,78.8800,met4,318.1200,84.3200,6.728e-06
met4,318.1200,78.8800,met5,318.1200,78.8800,1.214e-05
met4,318.1200,84.3200,met4,318.1200,89.7600,8.040e-06
met4,318.1200,89.7600,met4,318.1200,95.2000,8.517e-06
met4,318.1200,95.2000,met4,318.1200,100.6400,1.062e-05
met4,318.1200,100.6400,met4,318.1200,106.0800,1.125e-05
met4,318.1200,106.0800,met4,318.1200,111.5200,1.308e-05
met4,318.1200,111.5200,met4,318.1200,116.9600,1.478e-05
met4,318.1200,116.9600,met4,318.1200,122.4000,1.831e-05
met4,318.1200,116.9600,met5,318.1200,118.8800,2.423e-06
met4,318.1200,122.4000,met4,318.1200,127.8400,2.015e-05
met4,318.1200,127.8400,met4,318.1200,133.2800,2.201e-05
met4,318.1200,133.2800,met4,318.1200,138.7200,2.432e-05
met4,318.1200,138.7200,met4,318.1200,144.1600,2.612e-05
met4,318.1200,144.1600,met4,318.1200,149.6000,2.759e-05
met4,318.1200,149.6000,met4,318.1200,155.0400,3.028e-05
met4,318.1200,155.0400,met4,318.1200,160.4800,4.425e-05
met4,318.1200,155.0400,met5,318.1200,158.8800,1.186e-05
met4,318.1200,160.4800,met4,318.1200,165.9200,4.737e-05
met4,318.1200,165.9200,met4,318.1200,171.3600,4.941e-05
met4,318.1200,171.3600,met4,318.1200,176.8000,5.208e-05
met4,318.1200,176.8000,met4,318.1200,182.2400,5.588e-05
met4,318.1200,182.2400,met4,318.1200,187.6800,5.926e-05
met4,318.1200,187.6800,met4,318.1200,193.1200,6.330e-05
met4,318.1200,193.1200,met4,318.1200,198.5600,6.778e-05
met4,318.1200,198.5600,met4,318.1200,204.0000,8.367e-06
met4,318.1200,198.5600,met5,318.1200,198.8800,8.128e-05
met4,318.1200,204.0000,met4,318.1200,209.4400,4.164e-06
met4,318.1200,209.4400,met4,318.1200,214.8800,4.432e-07
met4,318.1200,214.8800,met4,318.1200,220.3200,4.211e-06
met4,318.1200,220.3200,met4,318.1200,225.7600,8.889e-06
met4,318.1200,225.7600,met4,318.1200,231.2000,1.260e-05
met4,318.1200,231.2000,met4,318.1200,236.6400,1.809e-05
met4,318.1200,236.6400,met4,318.1200,242.0800,4.646e-05
met4,318.1200,236.6400,met5,318.1200,238.8800,6.831e-05
met4,318.1200,242.0800,met4,318.1200,247.5200,4.311e-05
met4,318.1200,247.5200,met4,318.1200,252.9600,3.849e-05
met4,318.1200,252.9600,met4,318.1200,258.4000,3.541e-05
met4,318.1200,258.4000,met4,318.1200,263.8400,3.190e-05
met4,318.1200,263.8400,met4,318.1200,269.2800,2.917e-05
met4,318.1200,269.2800,met4,318.1200,274.7200,2.561e-05
met4,318.1200,274.7200,met4,318.1200,280.1600,1.064e-05
met4,318.1200,274.7200,met5,318.1200,278.8800,1.320e-05
met4,318.1200,280.1600,met4,318.1200,285.6000,9.203e-06
met4,318.1200,285.6000,met4,318.1200,291.0400,6.435e-06
met4,318.1200,291.0400,met4,318.1200,296.4800,3.381e-06
met4,318.1200,296.4800,met4,318.1200,301.9200,1.266e-06
met4,318.1200,301.9200,met4,318.1200,307.3600,7.551e-08
met4,318.1200,307.3600,met4,318.1200,312.8000,2.282e-06
met4,318.1200,312.8000,met4,318.1200,318.2400,3.635e-06
met4,318.1200,318.2400,met4,318.1200,323.6800,9.029e-06
met4,318.1200,318.2400,met5,318.1200,318.8800,1.391e-05
met4,318.1200,323.6800,met4,318.1200,329.1200,7.907e-06
met4,318.1200,329.1200,met4,318.1200,334.5600,5.868e-06
met4,318.1200,334.5600,met4,318.1200,340.0000,4.655e-06
met4,318.1200,340.0000,met4,318.1200,345.4400,4.002e-06
met4,318.1200,345.4400,met4,318.1200,350.8800,2.147e-06
met4,318.1200,350.8800,met4,318.1200,356.3200,1.586e-06
met4,318.1200,356.3200,met4,318.1200,361.7600,1.716e-05
met4,318.1200,356.3200,met5,318.1200,358.8800,1.636e-05
met4,318.1200,361.7600,met4,318.1200,367.2000,1.654e-05
met4,318.1200,367.2000,met4,318.1200,372.6400,1.487e-05
met4,318.1200,372.6400,met4,318.1200,378.0800,1.439e-05
met4,318.1200,378.0800,met4,318.1200,383.5200,1.290e-05
met4,318.1200,383.5200,met4,318.1200,388.9600,1.294e-05
met4,318.1200,388.9600,met4,318.1200,394.4000,1.260e-05
met4,318.1200,394.4000,met4,318.1200,399.8400,1.241e-05
met4,318.1200,394.4000,met5,318.1200,398.8800,8.412e-07
met4,318.1200,399.8400,met4,318.1200,405.2800,1.181e-05
met4,318.1200,405.2800,met4,318.1200,410.7200,1.110e-05
met4,318.1200,410.7200,met4,318.1200,416.1600,1.014e-05
met4,318.1200,416.1600,met4,318.1200,421.6000,9.153e-06
met4,318.1200,421.6000,met4,318.1200,427.0400,8.274e-06
met4,318.1200,427.0400,met4,318.1200,432.4800,6.734e-06
met4,318.1200,432.4800,met4,318.1200,437.9200,5.220e-06
met4,318.1200,437.9200,met4,318.1200,443.3600,1.100e-05
met4,318.1200,437.9200,met5,318.1200,438.8800,7.007e-06
met4,318.1200,443.3600,met4,318.1200,448.8000,9.307e-06
met4,318.1200,448.8000,met4,318.1200,454.2400,6.191e-06
met4,318.1200,454.2400,met4,318.1200,459.6800,4.396e-06
met4,318.1200,459.6800,met4,318.1200,465.1200,3.755e-06
met4,318.1200,465.1200,met4,318.1200,470.5600,1.997e-06
met4,358.1200,13.6000,met4,358.1200,19.0400,1.651e-06
met4,358.1200,19.0400,met4,358.1200,24.4800,4.115e-06
met4,358.1200,24.4800,met4,358.1200,29.9200,4.796e-06
met4,358.1200,29.9200,met4,358.1200,35.3600,8.030e-06
met4,358.1200,35.3600,met4,358.1200,40.8000,1.028e-05
met4,358.1200,35.3600,met5,358.1200,38.8800,1.176e-07
met4,358.1200,40.8000,met4,358.1200,46.2400,1.317e-05
met4,358.1200,46.2400,met4,358.1200,51.6800,1.488e-05
met4,358.1200,51.6800,met4,358.1200,57.1200,1.580e-05
met4,358.1200,57.1200,met4,358.1200,62.5600,1.631e-05
met4,358.1200,62.5600,met4,358.1200,68.0000,1.877e-05
met4,358.1200,68.0000,met4,358.1200,73.4400,2.014e-05
met4,358.1200,73.4400,met4,358.1200,78.8800,2.135e-05
met4,358.1200,78.8800,met4,358.1200,84.3200,2.191e-06
met4,358.1200,78.8800,met5,358.1200,78.8800,2.023e-05
met4,358.1200,84.3200,met4,358.1200,89.7600,3.194e-06
met4,358.1200,89.7600,met4,358.1200,95.2000,4.337e-06
met4,358.1200,95.2000,met4,358.1200,100.6400,5.944e-06
met4,358.1200,100.6400,met4,358.1200,106.0800,6.714e-06
met4,358.1200,106.0800,met4,358.1200,111.5200,9.071e-06
met4,358.1200,111.5200,met4,358.1200,116.9600,1.044e-05
met4,358.1200,116.9600,met4,358.1200,122.4000,1.589e-05
met4,358.1200,116.9600,met5,358.1200,118.8800,3.979e-06
met4,358.1200,122.4000,met4,358.1200,127.8400,1.781e-05
met4,358.1200,127.8400,met4,358.1200,133.2800,1.907e-05
met4,358.1200,133.2800,met4,358.1200,138.7200,2.180e-05
met4,358.1200,138.7200,met4,358.1200,144.1600,2.325e-05
met4,358.1200,144.1600,met4,358.1200,149.6000,2.483e-05
met4,358.1200,149.6000,met4,358.1200,155.0400,2.740e-05
met4,358.1200,155.0400,met4,358.1200,160.4800,4.017e-05
met4,358.1200,155.0400,met5,358.1200,158.8800,1.095e-05
met4,358.1200,160.4800,met4,358.1200,165.9200,4.295e-05
met4,358.1200,165.9200,met4,358.1200,171.3600,4.441e-05
met4,358.1200,171.3600,met4,358.1200,176.8000,4.637e-05
met4,358.1200,176.8000,met4,358.1200,182.2400,5.004e-05
met4,358.1200,182.2400,met4,358.1200,187.6800,5.232e-05
met4,358.1200,187.6800,met4,358.1200,193.1200,5.527e-05
met4,358.1200,193.1200,met4,358.1200,198.5600,5.830e-05
met4,358.1200,198.5600,met4,358.1200,204.0000,5.408e-06
met4,358.1200,198.5600,met5,358.1200,198.8800,6.748e-05
met4,358.1200,204.0000,met4,358.1200,209.4400,3.113e-06
met4,358.1200,209.4400,met4,358.1200,214.8800,1.640e-07
met4,358.1200,214.8800,met4,358.1200,220.3200,3.053e-06
met4,358.1200,220.3200,met4,358.1200,225.7600,6.012e-06
met4,358.1200,225.7600,met4,358.1200,231.2000,8.610e-06
met4,358.1200,231.2000,met4,358.1200,236.6400,1.172e-05
met4,358.1200,236.6400,met4,358.1200,242.0800,4.411e-05
met4,358.1200,236.6400,met5,358.1200,238.8800,5.877e-05
met4,358.1200,242.0800,met4,358.1200,247.5200,4.091e-05
met4,358.1200,247.5200,met4,358.1200,252.9600,3.844e-05
met4,358.1200,252.9600,met4,358.1200,258.4000,3.585e-05
met4,358.1200,258.4000,met4,358.1200,263.8400,3.353e-05
met4,358.1200,263.8400,met4,358.1200,269.2800,3.148e-05
met4,358.1200,269.2800,met4,358.1200,274.7200,2.939e-05
met4,358.1200,274.7200,met4,358.1200,280.1600,1.755e-05
met4,358.1200,274.7200,met5,358.1200,278.8800,9.087e-06
met4,358.1200,280.1600,met4,358.1200,285.6000,1.645e-05
met4,358.1200,285.6000,met4,358.1200,291.0400,1.431e-05
met4,358.1200,291.0400,met4,358.1200,296.4800,1.192e-05
met4,358.1200,296.4800,met4,358.1200,301.9200,1.123e-05
met4,358.1200,301.9200,met4,358.1200,307.3600,9.106e-06
met4,358.1200,307.3600,met4,358.1200,312.8000,6.873e-06
met4,358.1200,312.8000,met4,358.1200,318.2400,5.509e-06
met4,358.1200,318.2400,met4,358.1200,323.6800,9.363e-06
met4,358.1200,318.2400,met5,358.1200,318.8800,5.890e-06
met4,358.1200,323.6800,met4,358.1200,329.1200,8.745e-06
met4,358.1200,329.1200,met4,358.1200,334.5600,7.061e-06
met4,358.1200,334.5600,met4,358.1200,340.0000,5.638e-06
met4,358.1200,340.0000,met4,358.1200,345.4400,4.953e-06
met4,358.1200,345.4400,met4,358.1200,350.8800,3.717e-06
met4,358.1200,350.8800,met4,358.1200,356.3200,1.758e-06
met4,358.1200,356.3200,met4,358.1200,361.7600,9.139e-06
met4,358.1200,356.3200,met5,358.1200,358.8800,8.216e-06
met4,358.1200,361.7600,met4,358.1200,367.2000,8.457e-06
met4,358.1200,367.2000,met4,358.1200,372.6400,5.975e-06
met4,358.1200,372.6400,met4,358.1200,378.0800,4.903e-06
met4,358.1200,378.0800,met4,358.1200,383.5200,3.714e-06
met4,358.1200,383.5200,met4,358.1200,388.9600,3.028e-06
met4,358.1200,388.9600,met4,358.1200,394.4000,1.878e-06
met4,358.1200,394.4000,met4,358.1200,399.8400,1.697e-06
met4,358.1200,394.4000,met5,358.1200,398.8800,1.931e-06
met4,358.1200,399.8400,met4,358.1200,405.2800,1.654e-06
met4,358.1200,405.2800,met4,358.1200,410.7200,1.166e-06
met4,358.1200,410.7200,met4,358.1200,416.1600,4.414e-07
met4,358.1200,416.1600,met4,358.1200,421.6000,6.518e-07
met4,358.1200,421.6000,met4,358.1200,427.0400,2.879e-06
met4,358.1200,427.0400,met4,358.1200,432.4800,3.752e-06
met4,358.1200,432.4800,met4,358.1200,437.9200,5.463e-06
met4,358.1200,437.9200,met4,358.1200,443.3600,9.242e-06
met4,358.1200,437.9200,met5,358.1200,438.8800,1.554e-05
met4,358.1200,443.3600,met4,358.1200,448.8000,8.054e-06
met4,358.1200,448.8000,met4,358.1200,454.2400,4.943e-06
met4,358.1200,454.2400,met4,358.1200,459.6800,4.057e-06
met4,358.1200,459.6800,met4,358.1200,465.1200,3.321e-06
met4,358.1200,465.1200,met4,358.1200,470.5600,2.029e-06
met4,398.1200,13.6000,met4,398.1200,19.0400,2.772e-06
met4,398.1200,19.0400,met4,398.1200,24.4800,5.303e-06
met4,398.1200,24.4800,met4,398.1200,29.9200,5.907e-06
met4,398.1200,29.9200,met4,398.1200,35.3600,1.020e-05
met4,398.1200,35.3600,met4,398.1200,40.8000,1.720e-05
met4,398.1200,35.3600,met5,398.1200,38.8800,5.468e-06
met4,398.1200,40.8000,met4,398.1200,46.2400,2.036e-05
met4,398.1200,46.2400,met4,398.1200,51.6800,2.221e-05
met4,398.1200,51.6800,met4,398.1200,57.1200,2.462e-05
met4,398.1200,57.1200,met4,398.1200,62.5600,2.623e-05
met4,398.1200,62.5600,met4,398.1200,68.0000,2.811e-05
met4,398.1200,68.0000,met4,398.1200,73.4400,3.034e-05
met4,398.1200,73.4400,met4,398.1200,78.8800,3.259e-05
met4,398.1200,78.8800,met4,398.1200,84.3200,1.384e-05
met4,398.1200,78.8800,met5,398.1200,78.8800,4.732e-05
met4,398.1200,84.3200,met4,398.1200,89.7600,1.186e-05
met4,398.1200,89.7600,met4,398.1200,95.2000,9.760e-06
met4,398.1200,95.2000,met4,398.1200,100.6400,7.887e-06
met4,398.1200,100.6400,met4,398.1200,106.0800,6.548e-06
met4,398.1200,106.0800,met4,398.1200,111.5200,2.665e-06
met4,398.1200,111.5200,met4,398.1200,116.9600,1.192e-06
met4,398.1200,116.9600,met4,398.1200,122.4000,6.148e-06
met4,398.1200,116.9600,met5,398.1200,118.8800,4.783e-06
met4,398.1200,122.4000,met4,398.1200,127.8400,7.690e-06
met4,398.1200,127.8400,met4,398.1200,133.2800,1.056e-05
met4,398.1200,133.2800,met4,398.1200,138.7200,1.357e-05
met4,398.1200,138.7200,met4,398.1200,144.1600,1.566e-05
met4,398.1200,144.1600,met4,398.1200,149.6000,1.786e-05
met4,398.1200,149.6000,met4,398.1200,155.0400,1.939e-05
met4,398.1200,155.0400,met4,398.1200,160.4800,2.835e-05
met4,398.1200,155.0400,met5,398.1200,158.8800,5.347e-06
met4,398.1200,160.4800,met4,398.1200,165.9200,3.024e-05
met4,398.1200,165.9200,met4,398.1200,171.3600,3.159e-05
met4,398.1200,171.3600,met4,398.1200,176.8000,3.392e-05
met4,398.1200,176.8000,met4,398.1200,182.2400,3.586e-05
met4,398.1200,182.2400,met4,398.1200,187.6800,3.863e-05
met4,398.1200,187.6800,met4,398.1200,193.1200,4.004e-05
met4,398.1200,193.1200,met4,398.1200,198.5600,4.195e-05
met4,398.1200,198.5600,met4,398.1200,204.0000,3.311e-06
met4,398.1200,198.5600,met5,398.1200,198.8800,4.706e-05
met4,398.1200,204.0000,met4,398.1200,209.4400,1.812e-06
met4,398.1200,209.4400,met4,398.1200,214.8800,1.431e-06
met4,398.1200,214.8800,met4,398.1200,220.3200,2.697e-06
met4,398.1200,220.3200,met4,398.1200,225.7600,4.374e-06
met4,398.1200,225.7600,met4,398.1200,231.2000,6.255e-06
met4,398.1200,231.2000,met4,398.1200,236.6400,8.158e-06
met4,398.1200,236.6400,met4,398.1200,242.0800,3.269e-05
met4,398.1200,236.6400,met5,398.1200,238.8800,4.327e-05
met4,398.1200,242.0800,met4,398.1200,247.5200,3.080e-05
met4,398.1200,247.5200,met4,398.1200,252.9600,2.950e-05
met4,398.1200,252.9600,met4,398.1200,258.4000,2.747e-05
met4,398.1200,258.4000,met4,398.1200,263.8400,2.568e-05
met4,398.1200,263.8400,met4,398.1200,269.2800,2.396e-05
met4,398.1200,269.2800,met4,398.1200,274.7200,2.306e-05
met4,398.1200,274.7200,met4,398.1200,280.1600,1.866e-05
met4,398.1200,274.7200,met5,398.1200,278.8800,1.646e-06
met4,398.1200,280.1600,met4,398.1200,285.6000,1.768e-05
met4,398.1200,285.6000,met4,398.1200,291.0400,1.537e-05
met4,398.1200,291.0400,met4,398.1200,296.4800,1.308e-05
met4,398.1200,296.4800,met4,398.1200,301.9200,1.300e-05
met4,398.1200,301.9200,met4,398.1200,307.3600,1.052e-05
met4,398.1200,307.3600,met4,398.1200,312.8000,8.732e-06
met4,398.1200,312.8000,met4,398.1200,318.2400,5.046e-06
met4,398.1200,318.2400,met4,398.1200,323.6800,8.744e-06
met4,398.1200,318.2400,met5,398.1200,318.8800,4.585e-06
met4,398.1200,323.6800,met4,398.1200,329.1200,7.680e-06
met4,398.1200,329.1200,met4,398.1200,334.5600,6.885e-06
met4,398.1200,334.5600,met4,398.1200,340.0000,4.474e-06
met4,398.1200,340.0000,met4,398.1200,345.4400,3.477e-06
met4,398.1200,345.4400,met4,398.1200,350.8800,2.749e-06
met4,398.1200,350.8800,met4,398.1200,356.3200,4.009e-07
met4,398.1200,356.3200,met4,398.1200,361.7600,2.626e-06
met4,398.1200,356.3200,met5,398.1200,358.8800,5.404e-06
met4,398.1200,361.7600,met4,398.1200,367.2000,1.702e-06
met4,398.1200,367.2000,met4,398.1200,372.6400,1.055e-06
met4,398.1200,372.6400,met4,398.1200,378.0800,2.382e-06
met4,398.1200,378.0800,met4,398.1200,383.5200,4.242e-06
met4,398.1200,383.5200,met4,398.1200,388.9600,5.988e-06
met4,398.1200,388.9600,met4,398.1200,394.4000,7.475e-06
met4,398.1200,394.4000,met4,398.1200,399.8400,1.046e-05
met4,398.1200,394.4000,met5,398.1200,398.8800,9.383e-07
met4,398.1200,399.8400,met4,398.1200,405.2800,1.078e-05
met4,398.1200,405.2800,met4,398.1200,410.7200,1.198e-05
met4,398.1200,410.7200,met4,398.1200,416.1600,1.439e-05
met4,398.1200,416.1600,met4,398.1200,421.6000,1.545e-05
met4,398.1200,421.6000,met4,398.1200,427.0400,1.813e-05
met4,398.1200,427.0400,met4,398.1200,432.4800,2.042e-05
met4,398.1200,432.4800,met4,398.1200,437.9200,2.145e-05
met4,398.1200,437.9200,met4,398.1200,443.3600,9.972e-06
met4,398.1200,437.9200,met5,398.1200,438.8800,3.452e-05
met4,398.1200,443.3600,met4,398.1200,448.8000,8.412e-06
met4,398.1200,448.8000,met4,398.1200,454.2400,6.525e-06
met4,398.1200,454.2400,met4,398.1200,459.6800,5.737e-06
met4,398.1200,459.6800,met4,398.1200,465.1200,4.341e-06
met4,398.1200,465.1200,met4,398.1200,470.5600,2.565e-06
met4,438.1200,13.6000,met4,438.1200,19.0400,2.669e-06
met4,438.1200,19.0400,met4,438.1200,24.4800,9.004e-06
met4,438.1200,24.4800,met4,438.1200,29.9200,1.017e-05
met4,438.1200,29.9200,met4,438.1200,35.3600,1.413e-05
met4,438.1200,35.3600,met4,438.1200,40.8000,3.367e-05
met4,438.1200,35.3600,met5,438.1200,38.8800,1.537e-05
met4,438.1200,40.8000,met4,438.1200,46.2400,3.773e-05
met4,438.1200,46.2400,met4,438.1200,51.6800,4.238e-05
met4,438.1200,51.6800,met4,438.1200,57.1200,4.560e-05
met4,438.1200,57.1200,met4,438.1200,62.5600,4.969e-05
met4,438.1200,62.5600,met4,438.1200,68.0000,5.499e-05
met4,438.1200,68.0000,met4,438.1200,73.4400,5.824e-05
met4,438.1200,73.4400,met4,438.1200,78.8800,6.609e-05
met4,438.1200,78.8800,met4,438.1200,84.3200,5.025e-05
met4,438.1200,78.8800,met5,438.1200,78.8800,1.204e-04
met4,438.1200,84.3200,met4,438.1200,89.7600,4.634e-05
met4,438.1200,89.7600,met4,438.1200,95.2000,3.904e-05
met4,438.1200,95.2000,met4,438.1200,100.6400,3.631e-05
met4,438.1200,100.6400,met4,438.1200,106.0800,3.198e-05
met4,438.1200,106.0800,met4,438.1200,111.5200,2.643e-05
met4,438.1200,111.5200,met4,438.1200,116.9600,2.425e-05
met4,438.1200,116.9600,met4,438.1200,122.4000,5.801e-06
met4,438.1200,116.9600,met5,438.1200,118.8800,1.307e-05
met4,438.1200,122.4000,met4,438.1200,127.8400,4.568e-06
met4,438.1200,127.8400,met4,438.1200,133.2800,6.107e-07
met4,438.1200,133.2800,met4,438.1200,138.7200,3.174e-06
met4,438.1200,138.7200,met4,438.1200,144.1600,5.809e-06
met4,438.1200,144.1600,met4,438.1200,149.6000,8.739e-06
met4,438.1200,149.6000,met4,438.1200,155.0400,1.032e-05
met4,438.1200,155.0400,met4,438.1200,160.4800,1.657e-05
met4,438.1200,155.0400,met5,438.1200,158.8800,2.648e-06
met4,438.1200,160.4800,met4,438.1200,165.9200,1.855e-05
met4,438.1200,165.9200,met4,438.1200,171.3600,2.061e-05
met4,438.1200,171.3600,met4,438.1200,176.8000,2.156e-05
met4,438.1200,176.8000,met4,438.1200,182.2400,2.434e-05
met4,438.1200,182.2400,met4,438.1200,187.6800,2.644e-05
met4,438.1200,187.6800,met4,438.1200,193.1200,2.618e-05
met4,438.1200,193.1200,met4,438.1200,198.5600,2.862e-05
met4,438.1200,198.5600,met4,438.1200,204.0000,1.859e-06
met4,438.1200,198.5600,met5,438.1200,198.8800,2.987e-05
met4,438.1200,204.0000,met4,438.1200,209.4400,4.334e-07
met4,438.1200,209.4400,met4,438.1200,214.8800,1.840e-06
met4,438.1200,214.8800,met4,438.1200,220.3200,2.245e-06
met4,438.1200,220.3200,met4,438.1200,225.7600,3.547e-06
met4,438.1200,225.7600,met4,438.1200,231.2000,4.045e-06
met4,438.1200,231.2000,met4,438.1200,236.6400,6.653e-06
met4,438.1200,236.6400,met4,438.1200,242.0800,2.230e-05
met4,438.1200,236.6400,met5,438.1200,238.8800,2.868e-05
met4,438.1200,242.0800,met4,438.1200,247.5200,2.072e-05
met4,438.1200,247.5200,met4,438.1200,252.9600,2.018e-05
met4,438.1200,252.9600,met4,438.1200,258.4000,1.936e-05
met4,438.1200,258.4000,met4,438.1200,263.8400,1.850e-05
met4,438.1200,263.8400,met4,438.1200,269.2800,1.667e-05
met4,438.1200,269.2800,met4,438.1200,274.7200,1.522e-05
met4,438.1200,274.7200,met4,438.1200,280.1600,1.776e-05
met4,438.1200,274.7200,met5,438.1200,278.8800,4.250e-06
met4,438.1200,280.1600,met4,438.1200,285.6000,1.568e-05
met4,438.1200,285.6000,met4,438.1200,291.0400,1.533e-05
met4,438.1200,291.0400,met4,438.1200,296.4800,1.092e-05
met4,438.1200,296.4800,met4,438.1200,301.9200,1.113e-05
met4,438.1200,301.9200,met4,438.1200,307.3600,8.798e-06
met4,438.1200,307.3600,met4,438.1200,312.8000,6.963e-06
met4,438.1200,312.8000,met4,438.1200,318.2400,4.022e-06
met4,438.1200,318.2400,met4,438.1200,323.6800,7.617e-06
met4,438.1200,318.2400,met5,438.1200,318.8800,4.736e-06
met4,438.1200,323.6800,met4,438.1200,329.1200,6.792e-06
met4,438.1200,329.1200,met4,438.1200,334.5600,4.852e-06
met4,438.1200,334.5600,met4,438.1200,340.0000,2.675e-06
met4,438.1200,340.0000,met4,438.1200,345.4400,6.014e-07
met4,438.1200,345.4400,met4,438.1200,350.8800,1.003e-06
met4,438.1200,350.8800,met4,438.1200,356.3200,1.664e-06
met4,438.1200,356.3200,met4,438.1200,361.7600,2.651e-06
met4,438.1200,356.3200,met5,438.1200,358.8800,3.011e-06
met4,438.1200,361.7600,met4,438.1200,367.2000,4.269e-06
met4,438.1200,367.2000,met4,438.1200,372.6400,6.705e-06
met4,438.1200,372.6400,met4,438.1200,378.0800,8.974e-06
met4,438.1200,378.0800,met4,438.1200,383.5200,1.152e-05
met4,438.1200,383.5200,met4,438.1200,388.9600,1.449e-05
met4,438.1200,388.9600,met4,438.1200,394.4000,1.636e-05
met4,438.1200,394.4000,met4,438.1200,399.8400,2.567e-05
met4,438.1200,394.4000,met5,438.1200,398.8800,5.585e-06
met4,438.1200,399.8400,met4,438.1200,405.2800,2.841e-05
met4,438.1200,405.2800,met4,438.1200,410.7200,3.176e-05
met4,438.1200,410.7200,met4,438.1200,416.1600,3.583e-05
met4,438.1200,416.1600,met4,438.1200,421.6000,3.897e-05
met4,438.1200,421.6000,met4,438.1200,427.0400,4.229e-05
met4,438.1200,427.0400,met4,438.1200,432.4800,4.760e-05
met4,438.1200,432.4800,met4,438.1200,437.9200,5.027e-05
met4,438.1200,437.9200,met4,438.1200,443.3600,2.866e-05
met4,438.1200,437.9200,met5,438.1200,438.8800,8.430e-05
met4,438.1200,443.3600,met4,438.1200,448.8000,2.158e-05
met4,438.1200,448.8000,met4,438.1200,454.2400,1.724e-05
met4,438.1200,454.2400,met4,438.1200,459.6800,1.306e-05
met4,438.1200,459.6800,met4,438.1200,465.1200,8.905e-06
met4,438.1200,465.1200,met4,438.1200,470.5600,5.368e-06
met5,38.1200,38.8800,met5,52.3200,38.8800,6.145e-15
met5,38.1200,78.8800,met5,52.3200,78.8800,1.053e-14
met5,38.1200,118.8800,met5,52.3200,118.8800,2.153e-06
met5,38.1200,158.8800,met5,52.3200,158.8800,7.744e-06
met5,38.1200,198.8800,met5,52.3200,198.8800,1.357e-05
met5,38.1200,238.8800,met5,52.3200,238.8800,1.639e-05
met5,38.1200,278.8800,met5,52.3200,278.8800,1.960e-05
met5,38.1200,318.8800,met5,52.3200,318.8800,2.831e-05
met5,38.1200,358.8800,met5,52.3200,358.8800,2.413e-05
met5,38.1200,398.8800,met5,52.3200,398.8800,1.057e-05
met5,38.1200,438.8800,met5,52.3200,438.8800,1.022e-04
met5,52.3200,38.8800,met5,62.3200,38.8800,0.000e+00
met5,52.3200,78.8800,met5,62.3200,78.8800,0.000e+00
met5,52.3200,118.8800,met5,62.3200,118.8800,2.153e-06
met5,52.3200,158.8800,met5,62.3200,158.8800,7.744e-06
met5,52.3200,198.8800,met5,62.3200,198.8800,1.357e-05
met5,52.3200,238.8800,met5,62.3200,238.8800,1.639e-05
met5,52.3200,278.8800,met5,62.3200,278.8800,1.960e-05
met5,52.3200,318.8800,met5,62.3200,318.8800,2.831e-05
met5,52.3200,358.8800,met5,62.3200,358.8800,2.413e-05
met5,52.3200,398.8800,met5,62.3200,398.8800,1.057e-05
met5,52.3200,438.8800,met5,62.3200,438.8800,1.022e-04
met5,62.3200,38.8800,met5,72.3200,38.8800,0.000e+00
met5,62.3200,78.8800,met5,72.3200,78.8800,0.000e+00
met5,62.3200,118.8800,met5,72.3200,118.8800,2.153e-06
met5,62.3200,158.8800,met5,72.3200,158.8800,7.744e-06
met5,62.3200,198.8800,met5,72.3200,198.8800,1.357e-05
met5,62.3200,238.8800,met5,72.3200,238.8800,1.639e-05
met5,62.3200,278.8800,met5,72.3200,278.8800,1.960e-05
met5,62.3200,318.8800,met5,72.3200,318.8800,2.831e-05
met5,62.3200,358.8800,met5,72.3200,358.8800,2.413e-05
met5,62.3200,398.8800,met5,72.3200,398.8800,1.057e-05
met5,62.3200,438.8800,met5,72.3200,438.8800,1.022e-04
met5,72.3200,38.8800,met5,78.1200,38.8800,6.448e-15
met5,72.3200,78.8800,met5,78.1200,78.8800,1.075e-14
met5,72.3200,118.8800,met5,78.1200,118.8800,2.153e-06
met5,72.3200,158.8800,met5,78.1200,158.8800,7.744e-06
met5,72.3200,198.8800,met5,78.1200,198.8800,1.357e-05
met5,72.3200,238.8800,met5,78.1200,238.8800,1.639e-05
met5,72.3200,278.8800,met5,78.1200,278.8800,1.960e-05
met5,72.3200,318.8800,met5,78.1200,318.8800,2.831e-05
met5,72.3200,358.8800,met5,78.1200,358.8800,2.413e-05
met5,72.3200,398.8800,met5,78.1200,398.8800,1.057e-05
met5,72.3200,438.8800,met5,78.1200,438.8800,2.453e-04
met5,78.1200,38.8800,met5,92.3200,38.8800,2.634e-15
met5,78.1200,78.8800,met5,92.3200,78.8800,4.389e-15
met5,78.1200,118.8800,met5,92.3200,118.8800,7.905e-06
met5,78.1200,158.8800,met5,92.3200,158.8800,1.368e-05
met5,78.1200,198.8800,met5,92.3200,198.8800,2.547e-05
met5,78.1200,238.8800,met5,92.3200,238.8800,3.064e-05
met5,78.1200,278.8800,met5,92.3200,278.8800,3.572e-05
met5,78.1200,318.8800,met5,92.3200,318.8800,5.844e-05
met5,78.1200,358.8800,met5,92.3200,358.8800,4.982e-05
met5,78.1200,398.8800,met5,92.3200,398.8800,1.219e-05
met5,78.1200,438.8800,met5,92.3200,438.8800,1.040e-04
met5,92.3200,38.8800,met5,102.3200,38.8800,1.621e-14
met5,92.3200,78.8800,met5,102.3200,78.8800,8.726e-15
met5,92.3200,118.8800,met5,102.3200,118.8800,7.905e-06
met5,92.3200,158.8800,met5,102.3200,158.8800,1.368e-05
met5,92.3200,198.8800,met5,102.3200,198.8800,2.547e-05
met5,92.3200,238.8800,met5,102.3200,238.8800,3.064e-05
met5,92.3200,278.8800,met5,102.3200,278.8800,3.572e-05
met5,92.3200,318.8800,met5,102.3200,318.8800,5.844e-05
met5,92.3200,358.8800,met5,102.3200,358.8800,4.982e-05
met5,92.3200,398.8800,met5,102.3200,398.8800,1.219e-05
met5,92.3200,438.8800,met5,102.3200,438.8800,1.040e-04
met5,102.3200,38.8800,met5,112.3200,38.8800,1.620e-04
met5,102.3200,78.8800,met5,112.3200,78.8800,1.874e-04
met5,102.3200,118.8800,met5,112.3200,118.8800,7.905e-06
met5,102.3200,158.8800,met5,112.3200,158.8800,1.368e-05
met5,102.3200,198.8800,met5,112.3200,198.8800,2.547e-05
met5,102.3200,238.8800,met5,112.3200,238.8800,3.064e-05
met5,102.3200,278.8800,met5,112.3200,278.8800,3.572e-05
met5,102.3200,318.8800,met5,112.3200,318.8800,5.844e-05
met5,102.3200,358.8800,met5,112.3200,358.8800,4.982e-05
met5,102.3200,398.8800,met5,112.3200,398.8800,1.219e-05
met5,102.3200,438.8800,met5,112.3200,438.8800,1.040e-04
met5,112.3200,38.8800,met5,118.1200,38.8800,1.620e-04
met5,112.3200,78.8800,met5,118.1200,78.8800,1.874e-04
met5,112.3200,118.8800,met5,118.1200,118.8800,7.905e-06
met5,112.3200,158.8800,met5,118.1200,158.8800,1.368e-05
met5,112.3200,198.8800,met5,118.1200,198.8800,2.547e-05
met5,112.3200,238.8800,met5,118.1200,238.8800,3.064e-05
met5,112.3200,278.8800,met5,118.1200,278.8800,3.572e-05
met5,112.3200,318.8800,met5,118.1200,318.8800,5.844e-05
met5,112.3200,358.8800,met5,118.1200,358.8800,4.982e-05
met5,112.3200,398.8800,met5,118.1200,398.8800,1.219e-05
met5,112.3200,438.8800,met5,118.1200,438.8800,1.040e-04
met5,118.1200,38.8800,met5,132.3200,38.8800,9.345e-05
met5,118.1200,78.8800,met5,132.3200,78.8800,9.125e-05
met5,118.1200,118.8800,met5,132.3200,118.8800,4.868e-06
met5,118.1200,158.8800,met5,132.3200,158.8800,2.153e-05
met5,118.1200,198.8800,met5,132.3200,198.8800,4.038e-05
met5,118.1200,238.8800,met5,132.3200,238.8800,4.560e-05
met5,118.1200,278.8800,met5,132.3200,278.8800,4.956e-05
met5,118.1200,318.8800,met5,132.3200,318.8800,1.014e-04
met5,118.1200,358.8800,met5,132.3200,358.8800,8.947e-05
met5,118.1200,398.8800,met5,132.3200,398.8800,2.092e-05
met5,118.1200,438.8800,met5,132.3200,438.8800,4.050e-05
met5,132.3200,38.8800,met5,142.3200,38.8800,9.345e-05
met5,132.3200,78.8800,met5,142.3200,78.8800,9.125e-05
met5,132.3200,118.8800,met5,142.3200,118.8800,4.868e-06
met5,132.3200,158.8800,met5,142.3200,158.8800,2.153e-05
met5,132.3200,198.8800,met5,142.3200,198.8800,4.038e-05
met5,132.3200,238.8800,met5,142.3200,238.8800,4.560e-05
met5,132.3200,278.8800,met5,142.3200,278.8800,4.956e-05
met5,132.3200,318.8800,met5,142.3200,318.8800,1.014e-04
met5,132.3200,358.8800,met5,142.3200,358.8800,8.947e-05
met5,132.3200,398.8800,met5,142.3200,398.8800,2.092e-05
met5,132.3200,438.8800,met5,142.3200,438.8800,4.050e-05
met5,142.3200,38.8800,met5,152.3200,38.8800,9.345e-05
met5,142.3200,78.8800,met5,152.3200,78.8800,9.125e-05
met5,142.3200,118.8800,met5,152.3200,118.8800,4.868e-06
met5,142.3200,158.8800,met5,152.3200,158.8800,2.153e-05
met5,142.3200,198.8800,met5,152.3200,198.8800,4.038e-05
met5,142.3200,238.8800,met5,152.3200,238.8800,4.560e-05
met5,142.3200,278.8800,met5,152.3200,278.8800,4.956e-05
met5,142.3200,318.8800,met5,152.3200,318.8800,1.014e-04
met5,142.3200,358.8800,met5,152.3200,358.8800,8.947e-05
met5,142.3200,398.8800,met5,152.3200,398.8800,2.092e-05
met5,142.3200,438.8800,met5,152.3200,438.8800,4.050e-05
met5,152.3200,38.8800,met5,158.1200,38.8800,9.345e-05
met5,152.3200,78.8800,met5,158.1200,78.8800,9.125e-05
met5,152.3200,118.8800,met5,158.1200,118.8800,4.868e-06
met5,152.3200,158.8800,met5,158.1200,158.8800,2.153e-05
met5,152.3200,198.8800,met5,158.1200,198.8800,4.038e-05
met5,152.3200,238.8800,met5,158.1200,238.8800,4.560e-05
met5,152.3200,278.8800,met5,158.1200,278.8800,4.956e-05
met5,152.3200,318.8800,met5,158.1200,318.8800,1.014e-04
met5,152.3200,358.8800,met5,158.1200,358.8800,8.947e-05
met5,152.3200,398.8800,met5,158.1200,398.8800,2.092e-05
met5,152.3200,438.8800,met5,158.1200,438.8800,4.050e-05
met5,158.1200,38.8800,met5,172.3200,38.8800,5.350e-05
met5,158.1200,78.8800,met5,172.3200,78.8800,4.314e-05
met5,158.1200,118.8800,met5,172.3200,118.8800,7.565e-07
met5,158.1200,158.8800,met5,172.3200,158.8800,2.447e-05
met5,158.1200,198.8800,met5,172.3200,198.8800,4.626e-05
met5,158.1200,238.8800,met5,172.3200,238.8800,5.103e-05
met5,158.1200,278.8800,met5,172.3200,278.8800,4.933e-05
met5,158.1200,318.8800,met5,172.3200,318.8800,1.773e-04
met5,158.1200,358.8800,met5,172.3200,358.8800,1.624e-04
met5,158.1200,398.8800,met5,172.3200,398.8800,2.659e-05
met5,158.1200,438.8800,met5,172.3200,438.8800,7.653e-06
met5,172.3200,38.8800,met5,182.3200,38.8800,5.350e-05
met5,172.3200,78.8800,met5,182.3200,78.8800,4.314e-05
met5,172.3200,118.8800,met5,182.3200,118.8800,7.565e-07
met5,172.3200,158.8800,met5,182.3200,158.8800,2.447e-05
met5,172.3200,198.8800,met5,182.3200,198.8800,4.626e-05
met5,172.3200,238.8800,met5,182.3200,238.8800,5.103e-05
met5,172.3200,278.8800,met5,182.3200,278.8800,4.933e-05
met5,172.3200,318.8800,met5,182.3200,318.8800,1.773e-04
met5,172.3200,358.8800,met5,182.3200,358.8800,1.624e-04
met5,172.3200,398.8800,met5,182.3200,398.8800,2.659e-05
met5,172.3200,438.8800,met5,182.3200,438.8800,7.653e-06
met5,182.3200,38.8800,met5,192.3200,38.8800,5.350e-05
met5,182.3200,78.8800,met5,192.3200,78.8800,4.314e-05
met5,182.3200,118.8800,met5,192.3200,118.8800,7.565e-07
met5,182.3200,158.8800,met5,192.3200,158.8800,2.447e-05
met5,182.3200,198.8800,met5,192.3200,198.8800,4.626e-05
met5,182.3200,238.8800,met5,192.3200,238.8800,5.103e-05
met5,182.3200,278.8800,met5,192.3200,278.8800,4.933e-05
met5,182.3200,318.8800,met5,192.3200,318.8800,3.490e-14
met5,182.3200,358.8800,met5,192.3200,358.8800,7.479e-15
met5,182.3200,398.8800,met5,192.3200,398.8800,2.659e-05
met5,182.3200,438.8800,met5,192.3200,438.8800,7.653e-06
met5,192.3200,38.8800,met5,198.1200,38.8800,5.350e-05
met5,192.3200,78.8800,met5,198.1200,78.8800,4.314e-05
met5,192.3200,118.8800,met5,198.1200,118.8800,7.565e-07
met5,192.3200,158.8800,met5,198.1200,158.8800,2.447e-05
met5,192.3200,198.8800,met5,198.1200,198.8800,4.626e-05
met5,192.3200,238.8800,met5,198.1200,238.8800,5.103e-05
met5,192.3200,278.8800,met5,198.1200,278.8800,4.933e-05
met5,192.3200,318.8800,met5,198.1200,318.8800,1.934e-14
met5,192.3200,358.8800,met5,198.1200,358.8800,8.597e-15
met5,192.3200,398.8800,met5,198.1200,398.8800,2.659e-05
met5,192.3200,438.8800,met5,198.1200,438.8800,7.653e-06
met5,198.1200,38.8800,met5,212.3200,38.8800,2.149e-05
met5,198.1200,78.8800,met5,212.3200,78.8800,1.153e-05
met5,198.1200,118.8800,met5,212.3200,118.8800,1.168e-05
met5,198.1200,158.8800,met5,212.3200,158.8800,2.849e-05
met5,198.1200,198.8800,met5,212.3200,198.8800,5.332e-05
met5,198.1200,238.8800,met5,212.3200,238.8800,5.482e-05
met5,198.1200,278.8800,met5,212.3200,278.8800,3.855e-05
met5,198.1200,318.8800,met5,212.3200,318.8800,7.901e-15
met5,198.1200,358.8800,met5,212.3200,358.8800,3.511e-15
met5,198.1200,398.8800,met5,212.3200,398.8800,2.011e-05
met5,198.1200,438.8800,met5,212.3200,438.8800,1.106e-05
met5,212.3200,38.8800,met5,222.3200,38.8800,2.149e-05
met5,212.3200,78.8800,met5,222.3200,78.8800,1.153e-05
met5,212.3200,118.8800,met5,222.3200,118.8800,1.168e-05
met5,212.3200,158.8800,met5,222.3200,158.8800,2.849e-05
met5,212.3200,198.8800,met5,222.3200,198.8800,5.332e-05
met5,212.3200,238.8800,met5,222.3200,238.8800,5.482e-05
met5,212.3200,278.8800,met5,222.3200,278.8800,3.855e-05
met5,212.3200,318.8800,met5,222.3200,318.8800,0.000e+00
met5,212.3200,358.8800,met5,222.3200,358.8800,0.000e+00
met5,212.3200,398.8800,met5,222.3200,398.8800,2.011e-05
met5,212.3200,438.8800,met5,222.3200,438.8800,1.106e-05
met5,222.3200,38.8800,met5,232.3200,38.8800,2.149e-05
met5,222.3200,78.8800,met5,232.3200,78.8800,1.153e-05
met5,222.3200,118.8800,met5,232.3200,118.8800,1.168e-05
met5,222.3200,158.8800,met5,232.3200,158.8800,2.849e-05
met5,222.3200,198.8800,met5,232.3200,198.8800,5.332e-05
met5,222.3200,238.8800,met5,232.3200,238.8800,5.482e-05
met5,222.3200,278.8800,met5,232.3200,278.8800,3.855e-05
met5,222.3200,318.8800,met5,232.3200,318.8800,0.000e+00
met5,222.3200,358.8800,met5,232.3200,358.8800,0.000e+00
met5,222.3200,398.8800,met5,232.3200,398.8800,2.011e-05
met5,222.3200,438.8800,met5,232.3200,438.8800,1.106e-05
met5,232.3200,38.8800,met5,238.1200,38.8800,2.149e-05
met5,232.3200,78.8800,met5,238.1200,78.8800,1.153e-05
met5,232.3200,118.8800,met5,238.1200,118.8800,1.168e-05
met5,232.3200,158.8800,met5,238.1200,158.8800,2.849e-05
met5,232.3200,198.8800,met5,238.1200,198.8800,5.332e-05
met5,232.3200,238.8800,met5,238.1200,238.8800,5.482e-05
met5,232.3200,278.8800,met5,238.1200,278.8800,3.855e-05
met5,232.3200,318.8800,met5,238.1200,318.8800,3.869e-14
met5,232.3200,358.8800,met5,238.1200,358.8800,3.869e-14
met5,232.3200,398.8800,met5,238.1200,398.8800,2.011e-05
met5,232.3200,438.8800,met5,238.1200,438.8800,1.106e-05
met5,238.1200,38.8800,met5,252.3200,38.8800,3.318e-07
met5,238.1200,78.8800,met5,252.3200,78.8800,8.493e-06
met5,238.1200,118.8800,met5,252.3200,118.8800,2.114e-05
met5,238.1200,158.8800,met5,252.3200,158.8800,3.191e-05
met5,238.1200,198.8800,met5,252.3200,198.8800,6.901e-05
met5,238.1200,238.8800,met5,252.3200,238.8800,6.539e-05
met5,238.1200,278.8800,met5,252.3200,278.8800,2.717e-05
met5,238.1200,318.8800,met5,252.3200,318.8800,6.162e-05
met5,238.1200,358.8800,met5,252.3200,358.8800,6.434e-05
met5,238.1200,398.8800,met5,252.3200,398.8800,7.068e-06
met5,238.1200,438.8800,met5,252.3200,438.8800,1.638e-05
met5,252.3200,38.8800,met5,262.3200,38.8800,3.318e-07
met5,252.3200,78.8800,met5,262.3200,78.8800,8.493e-06
met5,252.3200,118.8800,met5,262.3200,118.8800,2.114e-05
met5,252.3200,158.8800,met5,262.3200,158.8800,3.191e-05
met5,252.3200,198.8800,met5,262.3200,198.8800,6.901e-05
met5,252.3200,238.8800,met5,262.3200,238.8800,6.539e-05
met5,252.3200,278.8800,met5,262.3200,278.8800,2.717e-05
met5,252.3200,318.8800,met5,262.3200,318.8800,6.162e-05
met5,252.3200,358.8800,met5,262.3200,358.8800,6.434e-05
met5,252.3200,398.8800,met5,262.3200,398.8800,7.068e-06
met5,252.3200,438.8800,met5,262.3200,438.8800,1.638e-05
met5,262.3200,38.8800,met5,272.3200,38.8800,3.318e-07
met5,262.3200,78.8800,met5,272.3200,78.8800,8.493e-06
met5,262.3200,118.8800,met5,272.3200,118.8800,2.114e-05
met5,262.3200,158.8800,met5,272.3200,158.8800,3.191e-05
met5,262.3200,198.8800,met5,272.3200,198.8800,6.901e-05
met5,262.3200,238.8800,met5,272.3200,238.8800,6.539e-05
met5,262.3200,278.8800,met5,272.3200,278.8800,2.717e-05
met5,262.3200,318.8800,met5,272.3200,318.8800,6.162e-05
met5,262.3200,358.8800,met5,272.3200,358.8800,6.434e-05
met5,262.3200,398.8800,met5,272.3200,398.8800,7.068e-06
met5,262.3200,438.8800,met5,272.3200,438.8800,1.638e-05
met5,272.3200,38.8800,met5,278.1200,38.8800,3.318e-07
met5,272.3200,78.8800,met5,278.1200,78.8800,8.493e-06
met5,272.3200,118.8800,met5,278.1200,118.8800,2.114e-05
met5,272.3200,158.8800,met5,278.1200,158.8800,3.191e-05
met5,272.3200,198.8800,met5,278.1200,198.8800,6.901e-05
met5,272.3200,238.8800,met5,278.1200,238.8800,6.539e-05
met5,272.3200,278.8800,met5,278.1200,278.8800,2.717e-05
met5,272.3200,318.8800,met5,278.1200,318.8800,6.162e-05
met5,272.3200,358.8800,met5,278.1200,358.8800,6.434e-05
met5,272.3200,398.8800,met5,278.1200,398.8800,7.068e-06
met5,272.3200,438.8800,met5,278.1200,438.8800,1.638e-05
met5,278.1200,38.8800,met5,292.3200,38.8800,1.566e-05
met5,278.1200,78.8800,met5,292.3200,78.8800,2.181e-05
met5,278.1200,118.8800,met5,292.3200,118.8800,2.425e-05
met5,278.1200,158.8800,met5,292.3200,158.8800,3.081e-05
met5,278.1200,198.8800,met5,292.3200,198.8800,1.028e-04
met5,278.1200,238.8800,met5,292.3200,238.8800,9.203e-05
met5,278.1200,278.8800,met5,292.3200,278.8800,1.969e-05
met5,278.1200,318.8800,met5,292.3200,318.8800,2.912e-05
met5,278.1200,358.8800,met5,292.3200,358.8800,3.299e-05
met5,278.1200,398.8800,met5,292.3200,398.8800,1.875e-06
met5,278.1200,438.8800,met5,292.3200,438.8800,1.841e-05
met5,292.3200,38.8800,met5,302.3200,38.8800,1.566e-05
met5,292.3200,78.8800,met5,302.3200,78.8800,2.181e-05
met5,292.3200,118.8800,met5,302.3200,118.8800,2.425e-05
met5,292.3200,158.8800,met5,302.3200,158.8800,3.081e-05
met5,292.3200,198.8800,met5,302.3200,198.8800,1.028e-04
met5,292.3200,238.8800,met5,302.3200,238.8800,9.203e-05
met5,292.3200,278.8800,met5,302.3200,278.8800,1.969e-05
met5,292.3200,318.8800,met5,302.3200,318.8800,2.912e-05
met5,292.3200,358.8800,met5,302.3200,358.8800,3.299e-05
met5,292.3200,398.8800,met5,302.3200,398.8800,1.875e-06
met5,292.3200,438.8800,met5,302.3200,438.8800,1.841e-05
met5,302.3200,38.8800,met5,312.3200,38.8800,1.566e-05
met5,302.3200,78.8800,met5,312.3200,78.8800,2.181e-05
met5,302.3200,118.8800,met5,312.3200,118.8800,2.425e-05
met5,302.3200,158.8800,met5,312.3200,158.8800,3.081e-05
met5,302.3200,198.8800,met5,312.3200,198.8800,1.028e-04
met5,302.3200,238.8800,met5,312.3200,238.8800,9.203e-05
met5,302.3200,278.8800,met5,312.3200,278.8800,1.969e-05
met5,302.3200,318.8800,met5,312.3200,318.8800,2.912e-05
met5,302.3200,358.8800,met5,312.3200,358.8800,3.299e-05
met5,302.3200,398.8800,met5,312.3200,398.8800,1.875e-06
met5,302.3200,438.8800,met5,312.3200,438.8800,1.841e-05
met5,312.3200,38.8800,met5,318.1200,38.8800,1.566e-05
met5,312.3200,78.8800,met5,318.1200,78.8800,2.181e-05
met5,312.3200,118.8800,met5,318.1200,118.8800,2.425e-05
met5,312.3200,158.8800,met5,318.1200,158.8800,3.081e-05
met5,312.3200,198.8800,met5,318.1200,198.8800,1.028e-04
met5,312.3200,238.8800,met5,318.1200,238.8800,9.203e-05
met5,312.3200,278.8800,met5,318.1200,278.8800,1.969e-05
met5,312.3200,318.8800,met5,318.1200,318.8800,2.912e-05
met5,312.3200,358.8800,met5,318.1200,358.8800,3.299e-05
met5,312.3200,398.8800,met5,318.1200,398.8800,1.875e-06
met5,312.3200,438.8800,met5,318.1200,438.8800,1.841e-05
met5,318.1200,38.8800,met5,332.3200,38.8800,2.072e-05
met5,318.1200,78.8800,met5,332.3200,78.8800,3.395e-05
met5,318.1200,118.8800,met5,332.3200,118.8800,2.183e-05
met5,318.1200,158.8800,met5,332.3200,158.8800,1.895e-05
met5,318.1200,198.8800,met5,332.3200,198.8800,2.546e-14
met5,318.1200,238.8800,met5,332.3200,238.8800,1.844e-14
met5,318.1200,278.8800,met5,332.3200,278.8800,6.484e-06
met5,318.1200,318.8800,met5,332.3200,318.8800,1.521e-05
met5,318.1200,358.8800,met5,332.3200,358.8800,1.663e-05
met5,318.1200,398.8800,met5,332.3200,398.8800,2.716e-06
met5,318.1200,438.8800,met5,332.3200,438.8800,2.542e-05
met5,332.3200,38.8800,met5,342.3200,38.8800,2.072e-05
met5,332.3200,78.8800,met5,342.3200,78.8800,3.395e-05
met5,332.3200,118.8800,met5,342.3200,118.8800,2.183e-05
met5,332.3200,158.8800,met5,342.3200,158.8800,1.895e-05
met5,332.3200,198.8800,met5,342.3200,198.8800,0.000e+00
met5,332.3200,238.8800,met5,342.3200,238.8800,0.000e+00
met5,332.3200,278.8800,met5,342.3200,278.8800,6.484e-06
met5,332.3200,318.8800,met5,342.3200,318.8800,1.521e-05
met5,332.3200,358.8800,met5,342.3200,358.8800,1.663e-05
met5,332.3200,398.8800,met5,342.3200,398.8800,2.716e-06
met5,332.3200,438.8800,met5,342.3200,438.8800,2.542e-05
met5,342.3200,38.8800,met5,352.3200,38.8800,2.072e-05
met5,342.3200,78.8800,met5,352.3200,78.8800,3.395e-05
met5,342.3200,118.8800,met5,352.3200,118.8800,2.183e-05
met5,342.3200,158.8800,met5,352.3200,158.8800,1.895e-05
met5,342.3200,198.8800,met5,352.3200,198.8800,0.000e+00
met5,342.3200,238.8800,met5,352.3200,238.8800,0.000e+00
met5,342.3200,278.8800,met5,352.3200,278.8800,6.484e-06
met5,342.3200,318.8800,met5,352.3200,318.8800,1.521e-05
met5,342.3200,358.8800,met5,352.3200,358.8800,1.663e-05
met5,342.3200,398.8800,met5,352.3200,398.8800,2.716e-06
met5,342.3200,438.8800,met5,352.3200,438.8800,2.542e-05
met5,352.3200,38.8800,met5,358.1200,38.8800,2.072e-05
met5,352.3200,78.8800,met5,358.1200,78.8800,3.395e-05
met5,352.3200,118.8800,met5,358.1200,118.8800,2.183e-05
met5,352.3200,158.8800,met5,358.1200,158.8800,1.895e-05
met5,352.3200,198.8800,met5,358.1200,198.8800,1.290e-14
met5,352.3200,238.8800,met5,358.1200,238.8800,5.588e-14
met5,352.3200,278.8800,met5,358.1200,278.8800,6.484e-06
met5,352.3200,318.8800,met5,358.1200,318.8800,1.521e-05
met5,352.3200,358.8800,met5,358.1200,358.8800,1.663e-05
met5,352.3200,398.8800,met5,358.1200,398.8800,2.716e-06
met5,352.3200,438.8800,met5,358.1200,438.8800,2.542e-05
met5,358.1200,38.8800,met5,372.3200,38.8800,2.084e-05
met5,358.1200,78.8800,met5,372.3200,78.8800,5.418e-05
met5,358.1200,118.8800,met5,372.3200,118.8800,1.785e-05
met5,358.1200,158.8800,met5,372.3200,158.8800,7.995e-06
met5,358.1200,198.8800,met5,372.3200,198.8800,5.267e-15
met5,358.1200,238.8800,met5,372.3200,238.8800,2.282e-14
met5,358.1200,278.8800,met5,372.3200,278.8800,2.604e-06
met5,358.1200,318.8800,met5,372.3200,318.8800,9.321e-06
met5,358.1200,358.8800,met5,372.3200,358.8800,8.415e-06
met5,358.1200,398.8800,met5,372.3200,398.8800,4.646e-06
met5,358.1200,438.8800,met5,372.3200,438.8800,4.095e-05
met5,372.3200,38.8800,met5,382.3200,38.8800,2.084e-05
met5,372.3200,78.8800,met5,382.3200,78.8800,5.418e-05
met5,372.3200,118.8800,met5,382.3200,118.8800,1.785e-05
met5,372.3200,158.8800,met5,382.3200,158.8800,7.995e-06
met5,372.3200,198.8800,met5,382.3200,198.8800,3.366e-14
met5,372.3200,238.8800,met5,382.3200,238.8800,2.368e-14
met5,372.3200,278.8800,met5,382.3200,278.8800,2.604e-06
met5,372.3200,318.8800,met5,382.3200,318.8800,9.321e-06
met5,372.3200,358.8800,met5,382.3200,358.8800,8.415e-06
met5,372.3200,398.8800,met5,382.3200,398.8800,4.646e-06
met5,372.3200,438.8800,met5,382.3200,438.8800,4.095e-05
met5,382.3200,38.8800,met5,392.3200,38.8800,2.084e-05
met5,382.3200,78.8800,met5,392.3200,78.8800,5.418e-05
met5,382.3200,118.8800,met5,392.3200,118.8800,1.785e-05
met5,382.3200,158.8800,met5,392.3200,158.8800,7.995e-06
met5,382.3200,198.8800,met5,392.3200,198.8800,7.693e-05
met5,382.3200,238.8800,met5,392.3200,238.8800,7.195e-05
met5,382.3200,278.8800,met5,392.3200,278.8800,2.604e-06
met5,382.3200,318.8800,met5,392.3200,318.8800,9.321e-06
met5,382.3200,358.8800,met5,392.3200,358.8800,8.415e-06
met5,382.3200,398.8800,met5,392.3200,398.8800,4.646e-06
met5,382.3200,438.8800,met5,392.3200,438.8800,4.095e-05
met5,392.3200,38.8800,met5,398.1200,38.8800,2.084e-05
met5,392.3200,78.8800,met5,398.1200,78.8800,5.418e-05
met5,392.3200,118.8800,met5,398.1200,118.8800,1.785e-05
met5,392.3200,158.8800,met5,398.1200,158.8800,7.995e-06
met5,392.3200,198.8800,met5,398.1200,198.8800,7.693e-05
met5,392.3200,238.8800,met5,398.1200,238.8800,7.195e-05
met5,392.3200,278.8800,met5,398.1200,278.8800,2.604e-06
met5,392.3200,318.8800,met5,398.1200,318.8800,9.321e-06
met5,392.3200,358.8800,met5,398.1200,358.8800,8.415e-06
met5,392.3200,398.8800,met5,398.1200,398.8800,4.646e-06
met5,392.3200,438.8800,met5,398.1200,438.8800,4.095e-05
met5,398.1200,38.8800,met5,412.3200,38.8800,1.537e-05
met5,398.1200,78.8800,met5,412.3200,78.8800,1.015e-04
met5,398.1200,118.8800,met5,412.3200,118.8800,1.307e-05
met5,398.1200,158.8800,met5,412.3200,158.8800,2.648e-06
met5,398.1200,198.8800,met5,412.3200,198.8800,2.987e-05
met5,398.1200,238.8800,met5,412.3200,238.8800,2.868e-05
met5,398.1200,278.8800,met5,412.3200,278.8800,4.250e-06
met5,398.1200,318.8800,met5,412.3200,318.8800,4.736e-06
met5,398.1200,358.8800,met5,412.3200,358.8800,3.011e-06
met5,398.1200,398.8800,met5,412.3200,398.8800,5.585e-06
met5,398.1200,438.8800,met5,412.3200,438.8800,7.548e-05
met5,412.3200,38.8800,met5,422.3200,38.8800,1.537e-05
met5,412.3200,78.8800,met5,422.3200,78.8800,1.015e-04
met5,412.3200,118.8800,met5,422.3200,118.8800,1.307e-05
met5,412.3200,158.8800,met5,422.3200,158.8800,2.648e-06
met5,412.3200,198.8800,met5,422.3200,198.8800,2.987e-05
met5,412.3200,238.8800,met5,422.3200,238.8800,2.868e-05
met5,412.3200,278.8800,met5,422.3200,278.8800,4.250e-06
met5,412.3200,318.8800,met5,422.3200,318.8800,4.736e-06
met5,412.3200,358.8800,met5,422.3200,358.8800,3.011e-06
met5,412.3200,398.8800,met5,422.3200,398.8800,5.585e-06
met5,412.3200,438.8800,met5,422.3200,438.8800,7.548e-05
met5,422.3200,38.8800,met5,432.3200,38.8800,1.537e-05
met5,422.3200,78.8800,met5,432.3200,78.8800,1.015e-04
met5,422.3200,118.8800,met5,432.3200,118.8800,1.307e-05
met5,422.3200,158.8800,met5,432.3200,158.8800,2.648e-06
met5,422.3200,198.8800,met5,432.3200,198.8800,2.987e-05
met5,422.3200,238.8800,met5,432.3200,238.8800,2.868e-05
met5,422.3200,278.8800,met5,432.3200,278.8800,4.250e-06
met5,422.3200,318.8800,met5,432.3200,318.8800,4.736e-06
met5,422.3200,358.8800,met5,432.3200,358.8800,3.011e-06
met5,422.3200,398.8800,met5,432.3200,398.8800,5.585e-06
met5,422.3200,438.8800,met5,432.3200,438.8800,7.548e-05
met5,432.3200,38.8800,met5,438.1200,38.8800,1.537e-05
met5,432.3200,78.8800,met5,438.1200,78.8800,1.015e-04
met5,432.3200,118.8800,met5,438.1200,118.8800,1.307e-05
met5,432.3200,158.8800,met5,438.1200,158.8800,2.648e-06
met5,432.3200,198.8800,met5,438.1200,198.8800,2.987e-05
met5,432.3200,238.8800,met5,438.1200,238.8800,2.868e-05
met5,432.3200,278.8800,met5,438.1200,278.8800,4.250e-06
met5,432.3200,318.8800,met5,438.1200,318.8800,4.736e-06
met5,432.3200,358.8800,met5,438.1200,358.8800,3.011e-06
met5,432.3200,398.8800,met5,438.1200,398.8800,5.585e-06
met5,432.3200,438.8800,met5,438.1200,438.8800,7.548e-05
