
 /----------------------------------------------------------------------------\
 |  yosys -- Yosys Open SYnthesis Suite                                       |
 |  Copyright (C) 2012 - 2026  Claire Xenia Wolf <claire@yosyshq.com>         |
 |  Distributed under an ISC-like license, type "license" to see terms        |
 \----------------------------------------------------------------------------/
 Yosys 0.67+ (git sha1 715cea078, Release, GNU /usr/bin/c++ 13.3.0) [github.com/vibeic/yosys at HEAD]

-- Executing script file `/home/reyerchu/_c_car15_run/reports/lec_equiv.ys' --

1. Executing Verilog-2005 frontend: /home/reyerchu/_c_car15_run/phase2/stage1/rtl/defines.v
Parsing SystemVerilog input from `/home/reyerchu/_c_car15_run/phase2/stage1/rtl/defines.v' to AST representation.
Successfully finished Verilog frontend.

2. Executing Verilog-2005 frontend: /home/reyerchu/_c_car15_run/phase2/stage1/rtl/user_defines.v
Parsing SystemVerilog input from `/home/reyerchu/_c_car15_run/phase2/stage1/rtl/user_defines.v' to AST representation.
Successfully finished Verilog frontend.

3. Executing Verilog-2005 frontend: /home/reyerchu/_c_car15_run/phase2/stage1/rtl/user_proj_example.v
Parsing SystemVerilog input from `/home/reyerchu/_c_car15_run/phase2/stage1/rtl/user_proj_example.v' to AST representation.
Generating RTLIL representation for module `\user_proj_example'.
Generating RTLIL representation for module `\counter'.
Successfully finished Verilog frontend.

4. Executing Verilog-2005 frontend: /home/reyerchu/_c_car15_run/phase2/stage1/rtl/user_project_wrapper.v
Parsing SystemVerilog input from `/home/reyerchu/_c_car15_run/phase2/stage1/rtl/user_project_wrapper.v' to AST representation.
Generating RTLIL representation for module `\user_project_wrapper'.
Successfully finished Verilog frontend.
Renaming module \user_project_wrapper to \user_project_wrapper__rtl.

5. Executing Verilog-2005 frontend: /home/reyerchu/_c_car15_run/reports/lec_scan_gold_wrapper.v
Parsing SystemVerilog input from `/home/reyerchu/_c_car15_run/reports/lec_scan_gold_wrapper.v' to AST representation.
Generating RTLIL representation for module `\user_project_wrapper'.
Successfully finished Verilog frontend.

6. Executing PREP pass.

6.1. Executing HIERARCHY pass (managing design hierarchy).

6.1.1. Analyzing design hierarchy..
Top module:  \user_project_wrapper
Used module:     \user_project_wrapper__rtl
Used module:         \user_proj_example
Used module:             \counter
Parameter \BITS = 16

6.1.2. Executing AST frontend in derive mode using pre-parsed AST for module `\counter'.
Parameter \BITS = 16
Generating RTLIL representation for module `$paramod\counter\BITS=s32'00000000000000000000000000010000'.

6.1.3. Analyzing design hierarchy..
Top module:  \user_project_wrapper
Used module:     \user_project_wrapper__rtl
Used module:         \user_proj_example
Used module:             $paramod\counter\BITS=s32'00000000000000000000000000010000

6.1.4. Analyzing design hierarchy..
Top module:  \user_project_wrapper
Used module:     \user_project_wrapper__rtl
Used module:         \user_proj_example
Used module:             $paramod\counter\BITS=s32'00000000000000000000000000010000
Removing unused module `\counter'.
Removed 1 unused modules.

6.2. Executing PROC pass (convert processes to netlists).

6.2.1. Executing PROC_CLEAN pass (remove empty switches from decision trees).
Cleaned up 0 empty switches.

6.2.2. Executing PROC_RMDEAD pass (remove dead branches from decision trees).
Marked 2 switch rules as full_case in process $proc$/home/reyerchu/_c_car15_run/phase2/stage1/rtl/user_proj_example.v:135$18 in module $paramod\counter\BITS=s32'00000000000000000000000000010000.
Removed a total of 0 dead cases.

6.2.3. Executing PROC_PRUNE pass (remove redundant assignments in processes).
Removed 1 redundant assignment.
Promoted 0 assignments to connections.

6.2.4. Executing PROC_INIT pass (extract init attributes).

6.2.5. Executing PROC_ARST pass (detect async resets in processes).

6.2.6. Executing PROC_ROM pass (convert switches to ROMs).
Converted 0 switches.
<suppressed ~6 debug messages>

6.2.7. Executing PROC_MUX pass (convert decision trees to multiplexers).
Creating decoders for process `$paramod\counter\BITS=s32'00000000000000000000000000010000.$proc$/home/reyerchu/_c_car15_run/phase2/stage1/rtl/user_proj_example.v:135$18'.
     1/4: $0\count[15:0] [15:8]
     2/4: $0\count[15:0] [7:0]
     3/4: $0\ready[0:0]
     4/4: $0\rdata[15:0]

6.2.8. Executing PROC_DLATCH pass (convert process syncs to latches).

6.2.9. Executing PROC_DFF pass (convert process syncs to FFs).
Creating register for signal `$paramod\counter\BITS=s32'00000000000000000000000000010000.\rdata' using process `$paramod\counter\BITS=s32'00000000000000000000000000010000.$proc$/home/reyerchu/_c_car15_run/phase2/stage1/rtl/user_proj_example.v:135$18'.
  created $dff cell `$procdff$62' with positive edge clock.
Creating register for signal `$paramod\counter\BITS=s32'00000000000000000000000000010000.\count' using process `$paramod\counter\BITS=s32'00000000000000000000000000010000.$proc$/home/reyerchu/_c_car15_run/phase2/stage1/rtl/user_proj_example.v:135$18'.
  created $dff cell `$procdff$63' with positive edge clock.
Creating register for signal `$paramod\counter\BITS=s32'00000000000000000000000000010000.\ready' using process `$paramod\counter\BITS=s32'00000000000000000000000000010000.$proc$/home/reyerchu/_c_car15_run/phase2/stage1/rtl/user_proj_example.v:135$18'.
  created $dff cell `$procdff$64' with positive edge clock.

6.2.10. Executing PROC_MEMWR pass (convert process memory writes to cells).

6.2.11. Executing PROC_CLEAN pass (remove empty switches from decision trees).
Found and cleaned up 6 empty switches in `$paramod\counter\BITS=s32'00000000000000000000000000010000.$proc$/home/reyerchu/_c_car15_run/phase2/stage1/rtl/user_proj_example.v:135$18'.
Removing empty process `$paramod\counter\BITS=s32'00000000000000000000000000010000.$proc$/home/reyerchu/_c_car15_run/phase2/stage1/rtl/user_proj_example.v:135$18'.
Cleaned up 6 empty switches.

6.2.12. Executing OPT_EXPR pass (perform const folding).
Optimizing module user_project_wrapper.
Optimizing module user_project_wrapper__rtl.
Optimizing module $paramod\counter\BITS=s32'00000000000000000000000000010000.
<suppressed ~2 debug messages>
Optimizing module user_proj_example.
<suppressed ~2 debug messages>

6.3. Executing FUTURE pass.

6.4. Executing OPT_EXPR pass (perform const folding).
Optimizing module user_project_wrapper.
Optimizing module user_project_wrapper__rtl.
Optimizing module $paramod\counter\BITS=s32'00000000000000000000000000010000.
Optimizing module user_proj_example.

6.5. Executing OPT_CLEAN pass (remove unused cells and wires).
Finding unused cells or wires in module \user_project_wrapper..
Finding unused cells or wires in module \user_project_wrapper__rtl..
Finding unused cells or wires in module $paramod\counter\BITS=s32'00000000000000000000000000010000..
Finding unused cells or wires in module \user_proj_example..
Removed 3 unused cells and 26 unused wires.
<suppressed ~5 debug messages>

6.6. Executing CHECK pass (checking for obvious problems).
Checking module user_project_wrapper...
Checking module user_project_wrapper__rtl...
Warning: Wire user_project_wrapper__rtl.\io_out [29] is used but has no driver.
Warning: Wire user_project_wrapper__rtl.\io_out [28] is used but has no driver.
Warning: Wire user_project_wrapper__rtl.\io_out [27] is used but has no driver.
Warning: Wire user_project_wrapper__rtl.\io_out [26] is used but has no driver.
Warning: Wire user_project_wrapper__rtl.\io_out [25] is used but has no driver.
Warning: Wire user_project_wrapper__rtl.\io_out [24] is used but has no driver.
Warning: Wire user_project_wrapper__rtl.\io_out [23] is used but has no driver.
Warning: Wire user_project_wrapper__rtl.\io_out [22] is used but has no driver.
Warning: Wire user_project_wrapper__rtl.\io_out [21] is used but has no driver.
Warning: Wire user_project_wrapper__rtl.\io_out [20] is used but has no driver.
Warning: Wire user_project_wrapper__rtl.\io_out [19] is used but has no driver.
Warning: Wire user_project_wrapper__rtl.\io_out [18] is used but has no driver.
Warning: Wire user_project_wrapper__rtl.\io_out [17] is used but has no driver.
Warning: Wire user_project_wrapper__rtl.\io_out [16] is used but has no driver.
Warning: Wire user_project_wrapper__rtl.\io_out [15] is used but has no driver.
Warning: Wire user_project_wrapper__rtl.\io_out [14] is used but has no driver.
Warning: Wire user_project_wrapper__rtl.\io_out [13] is used but has no driver.
Warning: Wire user_project_wrapper__rtl.\io_out [12] is used but has no driver.
Warning: Wire user_project_wrapper__rtl.\io_out [11] is used but has no driver.
Warning: Wire user_project_wrapper__rtl.\io_out [10] is used but has no driver.
Warning: Wire user_project_wrapper__rtl.\io_out [9] is used but has no driver.
Warning: Wire user_project_wrapper__rtl.\io_out [8] is used but has no driver.
Warning: Wire user_project_wrapper__rtl.\io_oeb [29] is used but has no driver.
Warning: Wire user_project_wrapper__rtl.\io_oeb [28] is used but has no driver.
Warning: Wire user_project_wrapper__rtl.\io_oeb [27] is used but has no driver.
Warning: Wire user_project_wrapper__rtl.\io_oeb [26] is used but has no driver.
Warning: Wire user_project_wrapper__rtl.\io_oeb [25] is used but has no driver.
Warning: Wire user_project_wrapper__rtl.\io_oeb [24] is used but has no driver.
Warning: Wire user_project_wrapper__rtl.\io_oeb [23] is used but has no driver.
Warning: Wire user_project_wrapper__rtl.\io_oeb [22] is used but has no driver.
Warning: Wire user_project_wrapper__rtl.\io_oeb [21] is used but has no driver.
Warning: Wire user_project_wrapper__rtl.\io_oeb [20] is used but has no driver.
Warning: Wire user_project_wrapper__rtl.\io_oeb [19] is used but has no driver.
Warning: Wire user_project_wrapper__rtl.\io_oeb [18] is used but has no driver.
Warning: Wire user_project_wrapper__rtl.\io_oeb [17] is used but has no driver.
Warning: Wire user_project_wrapper__rtl.\io_oeb [16] is used but has no driver.
Warning: Wire user_project_wrapper__rtl.\io_oeb [15] is used but has no driver.
Warning: Wire user_project_wrapper__rtl.\io_oeb [14] is used but has no driver.
Warning: Wire user_project_wrapper__rtl.\io_oeb [13] is used but has no driver.
Warning: Wire user_project_wrapper__rtl.\io_oeb [12] is used but has no driver.
Warning: Wire user_project_wrapper__rtl.\io_oeb [11] is used but has no driver.
Warning: Wire user_project_wrapper__rtl.\io_oeb [10] is used but has no driver.
Warning: Wire user_project_wrapper__rtl.\io_oeb [9] is used but has no driver.
Warning: Wire user_project_wrapper__rtl.\io_oeb [8] is used but has no driver.
Checking module $paramod\counter\BITS=s32'00000000000000000000000000010000...
Checking module user_proj_example...
Found and reported 44 problems.

6.7. Executing OPT pass (performing simple optimizations).

6.7.1. Executing OPT_EXPR pass (perform const folding).
Optimizing module user_project_wrapper.
Optimizing module user_project_wrapper__rtl.
Optimizing module $paramod\counter\BITS=s32'00000000000000000000000000010000.
Optimizing module user_proj_example.

6.7.2. Executing OPT_MERGE pass (detect identical cells).
Finding identical cells in module `\user_project_wrapper'.
Computing hashes of 1 cells of `\user_project_wrapper'.
Finding duplicate cells in `\user_project_wrapper'.
Finding identical cells in module `\user_project_wrapper__rtl'.
Computing hashes of 1 cells of `\user_project_wrapper__rtl'.
Finding duplicate cells in `\user_project_wrapper__rtl'.
Finding identical cells in module `$paramod\counter\BITS=s32'00000000000000000000000000010000'.
Computing hashes of 23 cells of `$paramod\counter\BITS=s32'00000000000000000000000000010000'.
Finding duplicate cells in `$paramod\counter\BITS=s32'00000000000000000000000000010000'.
Computing hashes of 22 cells of `$paramod\counter\BITS=s32'00000000000000000000000000010000'.
Finding duplicate cells in `$paramod\counter\BITS=s32'00000000000000000000000000010000'.
<suppressed ~3 debug messages>
Finding identical cells in module `\user_proj_example'.
Computing hashes of 8 cells of `\user_proj_example'.
Finding duplicate cells in `\user_proj_example'.
Removed a total of 1 cells.

6.7.3. Executing OPT_MUXTREE pass (detect dead branches in mux trees).
Running muxtree optimizer on module \user_project_wrapper..
  Creating internal representation of mux trees.
  No muxes found in this module.
Running muxtree optimizer on module \user_project_wrapper__rtl..
  Creating internal representation of mux trees.
  No muxes found in this module.
Running muxtree optimizer on module $paramod\counter\BITS=s32'00000000000000000000000000010000..
  Creating internal representation of mux trees.
  Evaluating internal representation of mux trees.
  Analyzing evaluation results.
Running muxtree optimizer on module \user_proj_example..
  Creating internal representation of mux trees.
  Evaluating internal representation of mux trees.
  Analyzing evaluation results.
Removed 0 multiplexer ports.
<suppressed ~28 debug messages>

6.7.4. Executing OPT_REDUCE pass (consolidate $*mux and $reduce_* inputs).
  Optimizing cells in module \user_project_wrapper.
  Optimizing cells in module \user_project_wrapper__rtl.
  Optimizing cells in module $paramod\counter\BITS=s32'00000000000000000000000000010000.
  Optimizing cells in module \user_proj_example.
Performed a total of 0 changes.

6.7.5. Executing OPT_MERGE pass (detect identical cells).
Finding identical cells in module `\user_project_wrapper'.
Computing hashes of 1 cells of `\user_project_wrapper'.
Finding duplicate cells in `\user_project_wrapper'.
Finding identical cells in module `\user_project_wrapper__rtl'.
Computing hashes of 1 cells of `\user_project_wrapper__rtl'.
Finding duplicate cells in `\user_project_wrapper__rtl'.
Finding identical cells in module `$paramod\counter\BITS=s32'00000000000000000000000000010000'.
Computing hashes of 22 cells of `$paramod\counter\BITS=s32'00000000000000000000000000010000'.
Finding duplicate cells in `$paramod\counter\BITS=s32'00000000000000000000000000010000'.
Finding identical cells in module `\user_proj_example'.
Computing hashes of 8 cells of `\user_proj_example'.
Finding duplicate cells in `\user_proj_example'.
Removed a total of 0 cells.

6.7.6. Executing OPT_CLEAN pass (remove unused cells and wires).
Finding unused cells or wires in module \user_project_wrapper..
Finding unused cells or wires in module \user_project_wrapper__rtl..
Finding unused cells or wires in module $paramod\counter\BITS=s32'00000000000000000000000000010000..
Finding unused cells or wires in module \user_proj_example..
Removed 0 unused cells and 1 unused wires.
<suppressed ~1 debug messages>

6.7.7. Executing OPT_EXPR pass (perform const folding).
Optimizing module user_project_wrapper.
Optimizing module user_project_wrapper__rtl.
Optimizing module $paramod\counter\BITS=s32'00000000000000000000000000010000.
Optimizing module user_proj_example.

6.7.8. Rerunning OPT passes. (Maybe there is more to do..)

6.7.9. Executing OPT_MUXTREE pass (detect dead branches in mux trees).
Running muxtree optimizer on module \user_project_wrapper..
  Creating internal representation of mux trees.
  No muxes found in this module.
Running muxtree optimizer on module \user_project_wrapper__rtl..
  Creating internal representation of mux trees.
  No muxes found in this module.
Running muxtree optimizer on module $paramod\counter\BITS=s32'00000000000000000000000000010000..
  Creating internal representation of mux trees.
  Evaluating internal representation of mux trees.
  Analyzing evaluation results.
Running muxtree optimizer on module \user_proj_example..
  Creating internal representation of mux trees.
  Evaluating internal representation of mux trees.
  Analyzing evaluation results.
Removed 0 multiplexer ports.
<suppressed ~28 debug messages>

6.7.10. Executing OPT_REDUCE pass (consolidate $*mux and $reduce_* inputs).
  Optimizing cells in module \user_project_wrapper.
  Optimizing cells in module \user_project_wrapper__rtl.
  Optimizing cells in module $paramod\counter\BITS=s32'00000000000000000000000000010000.
  Optimizing cells in module \user_proj_example.
Performed a total of 0 changes.

6.7.11. Executing OPT_MERGE pass (detect identical cells).
Finding identical cells in module `\user_project_wrapper'.
Computing hashes of 1 cells of `\user_project_wrapper'.
Finding duplicate cells in `\user_project_wrapper'.
Finding identical cells in module `\user_project_wrapper__rtl'.
Computing hashes of 1 cells of `\user_project_wrapper__rtl'.
Finding duplicate cells in `\user_project_wrapper__rtl'.
Finding identical cells in module `$paramod\counter\BITS=s32'00000000000000000000000000010000'.
Computing hashes of 22 cells of `$paramod\counter\BITS=s32'00000000000000000000000000010000'.
Finding duplicate cells in `$paramod\counter\BITS=s32'00000000000000000000000000010000'.
Finding identical cells in module `\user_proj_example'.
Computing hashes of 8 cells of `\user_proj_example'.
Finding duplicate cells in `\user_proj_example'.
Removed a total of 0 cells.

6.7.12. Executing OPT_CLEAN pass (remove unused cells and wires).
Finding unused cells or wires in module \user_project_wrapper..
Finding unused cells or wires in module \user_project_wrapper__rtl..
Finding unused cells or wires in module $paramod\counter\BITS=s32'00000000000000000000000000010000..
Finding unused cells or wires in module \user_proj_example..

6.7.13. Executing OPT_EXPR pass (perform const folding).
Optimizing module user_project_wrapper.
Optimizing module user_project_wrapper__rtl.
Optimizing module $paramod\counter\BITS=s32'00000000000000000000000000010000.
Optimizing module user_proj_example.

6.7.14. Finished fast OPT passes. (There is nothing left to do.)

6.8. Executing WREDUCE pass (reducing word size of cells).

6.9. Executing OPT_CLEAN pass (remove unused cells and wires).
Finding unused cells or wires in module \user_project_wrapper..
Finding unused cells or wires in module \user_project_wrapper__rtl..
Finding unused cells or wires in module $paramod\counter\BITS=s32'00000000000000000000000000010000..
Finding unused cells or wires in module \user_proj_example..

6.10. Executing MEMORY_COLLECT pass (generating $mem cells).

6.11. Executing OPT pass (performing simple optimizations).

6.11.1. Executing OPT_EXPR pass (perform const folding).
Optimizing module user_project_wrapper.
Optimizing module user_project_wrapper__rtl.
Optimizing module $paramod\counter\BITS=s32'00000000000000000000000000010000.
Optimizing module user_proj_example.

6.11.2. Executing OPT_MERGE pass (detect identical cells).
Finding identical cells in module `\user_project_wrapper'.
Computing hashes of 1 cells of `\user_project_wrapper'.
Finding duplicate cells in `\user_project_wrapper'.
Finding identical cells in module `\user_project_wrapper__rtl'.
Computing hashes of 1 cells of `\user_project_wrapper__rtl'.
Finding duplicate cells in `\user_project_wrapper__rtl'.
Finding identical cells in module `$paramod\counter\BITS=s32'00000000000000000000000000010000'.
Computing hashes of 22 cells of `$paramod\counter\BITS=s32'00000000000000000000000000010000'.
Finding duplicate cells in `$paramod\counter\BITS=s32'00000000000000000000000000010000'.
Finding identical cells in module `\user_proj_example'.
Computing hashes of 8 cells of `\user_proj_example'.
Finding duplicate cells in `\user_proj_example'.
Removed a total of 0 cells.

6.11.3. Executing OPT_CLEAN pass (remove unused cells and wires).
Finding unused cells or wires in module \user_project_wrapper..
Finding unused cells or wires in module \user_project_wrapper__rtl..
Finding unused cells or wires in module $paramod\counter\BITS=s32'00000000000000000000000000010000..
Finding unused cells or wires in module \user_proj_example..

6.11.4. Finished fast OPT passes.

6.12. Executing SORT pass.

6.13. Printing statistics.

=== $paramod\counter\BITS=s32'00000000000000000000000000010000 ===

        +----------Local Count, excluding submodules.
        | 
       28 wires
      237 wire bits
       10 public wires
       88 public wire bits
       10 ports
       88 port bits
       22 cells
        1   $add
        1   $and
        3   $dff
        1   $logic_and
        1   $logic_not
       14   $mux
        1   $reduce_or

=== user_proj_example ===

        +----------Local Count, excluding submodules.
        | 
       27 wires
      644 wire bits
       25 public wires
      612 public wire bits
       17 ports
      541 port bits
        7 cells
        2   $and
        1   $logic_and
        2   $mux
        2   $not
        1 submodules
        1   $paramod\counter\BITS=s32'00000000000000000000000000010000

=== user_project_wrapper ===

        +----------Local Count, excluding submodules.
        | 
       19 wires
      637 wire bits
       19 public wires
      637 public wire bits
       19 ports
      637 port bits
        0 cells
        1 submodules
        1   user_project_wrapper__rtl

=== user_project_wrapper__rtl ===

        +----------Local Count, excluding submodules.
        | 
       19 wires
      637 wire bits
       19 public wires
      637 public wire bits
       19 ports
      637 port bits
        0 cells
        1 submodules
        1   user_proj_example

=== design hierarchy ===

        +----------Count including submodules.
        | 
       29 user_project_wrapper
        7   user_proj_example
       22     $paramod\counter\BITS=s32'00000000000000000000000000010000

        +----------Count including submodules.
        | 
       93 wires
     2155 wire bits
       73 public wires
     1974 public wire bits
       65 ports
     1903 port bits
        - memories
        - memory bits
        - processes
       29 cells
        1   $add
        3   $and
        3   $dff
        2   $logic_and
        1   $logic_not
       16   $mux
        2   $not
        1   $reduce_or
        1 submodules
        1   user_project_wrapper__rtl

6.14. Executing CHECK pass (checking for obvious problems).
Checking module $paramod\counter\BITS=s32'00000000000000000000000000010000...
Checking module user_proj_example...
Checking module user_project_wrapper...
Checking module user_project_wrapper__rtl...
Warning: Wire user_project_wrapper__rtl.\io_out [29] is used but has no driver.
Warning: Wire user_project_wrapper__rtl.\io_out [28] is used but has no driver.
Warning: Wire user_project_wrapper__rtl.\io_out [27] is used but has no driver.
Warning: Wire user_project_wrapper__rtl.\io_out [26] is used but has no driver.
Warning: Wire user_project_wrapper__rtl.\io_out [25] is used but has no driver.
Warning: Wire user_project_wrapper__rtl.\io_out [24] is used but has no driver.
Warning: Wire user_project_wrapper__rtl.\io_out [23] is used but has no driver.
Warning: Wire user_project_wrapper__rtl.\io_out [22] is used but has no driver.
Warning: Wire user_project_wrapper__rtl.\io_out [21] is used but has no driver.
Warning: Wire user_project_wrapper__rtl.\io_out [20] is used but has no driver.
Warning: Wire user_project_wrapper__rtl.\io_out [19] is used but has no driver.
Warning: Wire user_project_wrapper__rtl.\io_out [18] is used but has no driver.
Warning: Wire user_project_wrapper__rtl.\io_out [17] is used but has no driver.
Warning: Wire user_project_wrapper__rtl.\io_out [16] is used but has no driver.
Warning: Wire user_project_wrapper__rtl.\io_out [15] is used but has no driver.
Warning: Wire user_project_wrapper__rtl.\io_out [14] is used but has no driver.
Warning: Wire user_project_wrapper__rtl.\io_out [13] is used but has no driver.
Warning: Wire user_project_wrapper__rtl.\io_out [12] is used but has no driver.
Warning: Wire user_project_wrapper__rtl.\io_out [11] is used but has no driver.
Warning: Wire user_project_wrapper__rtl.\io_out [10] is used but has no driver.
Warning: Wire user_project_wrapper__rtl.\io_out [9] is used but has no driver.
Warning: Wire user_project_wrapper__rtl.\io_out [8] is used but has no driver.
Warning: Wire user_project_wrapper__rtl.\io_oeb [29] is used but has no driver.
Warning: Wire user_project_wrapper__rtl.\io_oeb [28] is used but has no driver.
Warning: Wire user_project_wrapper__rtl.\io_oeb [27] is used but has no driver.
Warning: Wire user_project_wrapper__rtl.\io_oeb [26] is used but has no driver.
Warning: Wire user_project_wrapper__rtl.\io_oeb [25] is used but has no driver.
Warning: Wire user_project_wrapper__rtl.\io_oeb [24] is used but has no driver.
Warning: Wire user_project_wrapper__rtl.\io_oeb [23] is used but has no driver.
Warning: Wire user_project_wrapper__rtl.\io_oeb [22] is used but has no driver.
Warning: Wire user_project_wrapper__rtl.\io_oeb [21] is used but has no driver.
Warning: Wire user_project_wrapper__rtl.\io_oeb [20] is used but has no driver.
Warning: Wire user_project_wrapper__rtl.\io_oeb [19] is used but has no driver.
Warning: Wire user_project_wrapper__rtl.\io_oeb [18] is used but has no driver.
Warning: Wire user_project_wrapper__rtl.\io_oeb [17] is used but has no driver.
Warning: Wire user_project_wrapper__rtl.\io_oeb [16] is used but has no driver.
Warning: Wire user_project_wrapper__rtl.\io_oeb [15] is used but has no driver.
Warning: Wire user_project_wrapper__rtl.\io_oeb [14] is used but has no driver.
Warning: Wire user_project_wrapper__rtl.\io_oeb [13] is used but has no driver.
Warning: Wire user_project_wrapper__rtl.\io_oeb [12] is used but has no driver.
Warning: Wire user_project_wrapper__rtl.\io_oeb [11] is used but has no driver.
Warning: Wire user_project_wrapper__rtl.\io_oeb [10] is used but has no driver.
Warning: Wire user_project_wrapper__rtl.\io_oeb [9] is used but has no driver.
Warning: Wire user_project_wrapper__rtl.\io_oeb [8] is used but has no driver.
Found and reported 44 problems.

7. Executing MEMORY_MAP pass (converting memories to logic and flip-flops).

8. Executing FLATTEN pass (flatten design).
Deleting now unused module $paramod\counter\BITS=s32'00000000000000000000000000010000.
Deleting now unused module user_proj_example.
Deleting now unused module user_project_wrapper__rtl.
<suppressed ~3 debug messages>

9. Executing ASYNC2SYNC pass.

10. Executing OPT_CLEAN pass (remove unused cells and wires).
Finding unused cells or wires in module \user_project_wrapper..

11. Executing SPLITNETS pass (splitting up multi-bit signals).

12. Executing Liberty frontend: /foss/pdks/sky130A/libs.ref/sky130_fd_sc_hd/lib/sky130_fd_sc_hd__tt_025C_1v80.lib
Imported 428 cell types from liberty file.
<suppressed ~12 debug messages>

13. Executing Verilog-2005 frontend: /home/reyerchu/_c_car15_run/phase2/stage2/synth/post_dft_netlist.v
Parsing Verilog input from `/home/reyerchu/_c_car15_run/phase2/stage2/synth/post_dft_netlist.v' to AST representation.
Generating RTLIL representation for module `\user_project_wrapper'.
Successfully finished Verilog frontend.
Renaming module \user_project_wrapper to \user_project_wrapper__scan.

14. Executing Verilog-2005 frontend: /home/reyerchu/_c_car15_run/reports/lec_scan_gate_wrapper.v
Parsing SystemVerilog input from `/home/reyerchu/_c_car15_run/reports/lec_scan_gate_wrapper.v' to AST representation.
Generating RTLIL representation for module `\user_project_wrapper'.
Successfully finished Verilog frontend.

15. Executing HIERARCHY pass (managing design hierarchy).

15.1. Analyzing design hierarchy..
Top module:  \user_project_wrapper
Used module:     \user_project_wrapper__scan
Used module:         \sky130_fd_sc_hd__mux2_1
Used module:         \sky130_fd_sc_hd__conb_1
Used module:         \sky130_fd_sc_hd__edfxtp_1
Used module:         \sky130_fd_sc_hd__dfxtp_1
Used module:         \sky130_fd_sc_hd__a21oi_1
Used module:         \sky130_fd_sc_hd__o21ai_0
Used module:         \sky130_fd_sc_hd__nand2_1
Used module:         \sky130_fd_sc_hd__a31oi_1
Used module:         \sky130_fd_sc_hd__nor2_1
Used module:         \sky130_fd_sc_hd__o22a_1
Used module:         \sky130_fd_sc_hd__a221oi_1
Used module:         \sky130_fd_sc_hd__a22oi_1
Used module:         \sky130_fd_sc_hd__o221ai_1
Used module:         \sky130_fd_sc_hd__nor3b_1
Used module:         \sky130_fd_sc_hd__o21a_1
Used module:         \sky130_fd_sc_hd__a21o_1
Used module:         \sky130_fd_sc_hd__and2_0
Used module:         \sky130_fd_sc_hd__a41oi_1
Used module:         \sky130_fd_sc_hd__a31o_1
Used module:         \sky130_fd_sc_hd__nand3_1
Used module:         \sky130_fd_sc_hd__and4_1
Used module:         \sky130_fd_sc_hd__and3_1
Used module:         \sky130_fd_sc_hd__or4_1
Used module:         \sky130_fd_sc_hd__nand2b_1
Used module:         \sky130_fd_sc_hd__nor2b_1
Used module:         \sky130_fd_sc_hd__a211oi_1
Used module:         \sky130_fd_sc_hd__nor3_1
Used module:         \sky130_fd_sc_hd__xnor2_1

15.2. Analyzing design hierarchy..
Top module:  \user_project_wrapper
Used module:     \user_project_wrapper__scan
Used module:         \sky130_fd_sc_hd__mux2_1
Used module:         \sky130_fd_sc_hd__conb_1
Used module:         \sky130_fd_sc_hd__edfxtp_1
Used module:         \sky130_fd_sc_hd__dfxtp_1
Used module:         \sky130_fd_sc_hd__a21oi_1
Used module:         \sky130_fd_sc_hd__o21ai_0
Used module:         \sky130_fd_sc_hd__nand2_1
Used module:         \sky130_fd_sc_hd__a31oi_1
Used module:         \sky130_fd_sc_hd__nor2_1
Used module:         \sky130_fd_sc_hd__o22a_1
Used module:         \sky130_fd_sc_hd__a221oi_1
Used module:         \sky130_fd_sc_hd__a22oi_1
Used module:         \sky130_fd_sc_hd__o221ai_1
Used module:         \sky130_fd_sc_hd__nor3b_1
Used module:         \sky130_fd_sc_hd__o21a_1
Used module:         \sky130_fd_sc_hd__a21o_1
Used module:         \sky130_fd_sc_hd__and2_0
Used module:         \sky130_fd_sc_hd__a41oi_1
Used module:         \sky130_fd_sc_hd__a31o_1
Used module:         \sky130_fd_sc_hd__nand3_1
Used module:         \sky130_fd_sc_hd__and4_1
Used module:         \sky130_fd_sc_hd__and3_1
Used module:         \sky130_fd_sc_hd__or4_1
Used module:         \sky130_fd_sc_hd__nand2b_1
Used module:         \sky130_fd_sc_hd__nor2b_1
Used module:         \sky130_fd_sc_hd__a211oi_1
Used module:         \sky130_fd_sc_hd__nor3_1
Used module:         \sky130_fd_sc_hd__xnor2_1
Removing unused module `\sky130_fd_sc_hd__xor3_4'.
Removing unused module `\sky130_fd_sc_hd__xor3_2'.
Removing unused module `\sky130_fd_sc_hd__xor3_1'.
Removing unused module `\sky130_fd_sc_hd__xor2_4'.
Removing unused module `\sky130_fd_sc_hd__xor2_2'.
Removing unused module `\sky130_fd_sc_hd__xor2_1'.
Removing unused module `\sky130_fd_sc_hd__xnor3_4'.
Removing unused module `\sky130_fd_sc_hd__xnor3_2'.
Removing unused module `\sky130_fd_sc_hd__xnor3_1'.
Removing unused module `\sky130_fd_sc_hd__xnor2_4'.
Removing unused module `\sky130_fd_sc_hd__xnor2_2'.
Removing unused module `\sky130_fd_sc_hd__sedfxtp_4'.
Removing unused module `\sky130_fd_sc_hd__sedfxtp_2'.
Removing unused module `\sky130_fd_sc_hd__sedfxtp_1'.
Removing unused module `\sky130_fd_sc_hd__sedfxbp_2'.
Removing unused module `\sky130_fd_sc_hd__sedfxbp_1'.
Removing unused module `\sky130_fd_sc_hd__sdlclkp_4'.
Removing unused module `\sky130_fd_sc_hd__sdlclkp_2'.
Removing unused module `\sky130_fd_sc_hd__sdlclkp_1'.
Removing unused module `\sky130_fd_sc_hd__sdfxtp_4'.
Removing unused module `\sky130_fd_sc_hd__sdfxtp_2'.
Removing unused module `\sky130_fd_sc_hd__sdfxtp_1'.
Removing unused module `\sky130_fd_sc_hd__sdfxbp_2'.
Removing unused module `\sky130_fd_sc_hd__sdfxbp_1'.
Removing unused module `\sky130_fd_sc_hd__sdfstp_4'.
Removing unused module `\sky130_fd_sc_hd__sdfstp_2'.
Removing unused module `\sky130_fd_sc_hd__sdfstp_1'.
Removing unused module `\sky130_fd_sc_hd__sdfsbp_2'.
Removing unused module `\sky130_fd_sc_hd__sdfsbp_1'.
Removing unused module `\sky130_fd_sc_hd__sdfrtp_4'.
Removing unused module `\sky130_fd_sc_hd__sdfrtp_2'.
Removing unused module `\sky130_fd_sc_hd__sdfrtp_1'.
Removing unused module `\sky130_fd_sc_hd__sdfrtn_1'.
Removing unused module `\sky130_fd_sc_hd__sdfrbp_2'.
Removing unused module `\sky130_fd_sc_hd__sdfrbp_1'.
Removing unused module `\sky130_fd_sc_hd__sdfbbp_1'.
Removing unused module `\sky130_fd_sc_hd__sdfbbn_2'.
Removing unused module `\sky130_fd_sc_hd__sdfbbn_1'.
Removing unused module `\sky130_fd_sc_hd__probec_p_8'.
Removing unused module `\sky130_fd_sc_hd__probe_p_8'.
Removing unused module `\sky130_fd_sc_hd__or4bb_4'.
Removing unused module `\sky130_fd_sc_hd__or4bb_2'.
Removing unused module `\sky130_fd_sc_hd__or4bb_1'.
Removing unused module `\sky130_fd_sc_hd__or4b_4'.
Removing unused module `\sky130_fd_sc_hd__or4b_2'.
Removing unused module `\sky130_fd_sc_hd__or4b_1'.
Removing unused module `\sky130_fd_sc_hd__or4_4'.
Removing unused module `\sky130_fd_sc_hd__or4_2'.
Removing unused module `\sky130_fd_sc_hd__or3b_4'.
Removing unused module `\sky130_fd_sc_hd__or3b_2'.
Removing unused module `\sky130_fd_sc_hd__or3b_1'.
Removing unused module `\sky130_fd_sc_hd__or3_4'.
Removing unused module `\sky130_fd_sc_hd__or3_2'.
Removing unused module `\sky130_fd_sc_hd__or3_1'.
Removing unused module `\sky130_fd_sc_hd__or2b_4'.
Removing unused module `\sky130_fd_sc_hd__or2b_2'.
Removing unused module `\sky130_fd_sc_hd__or2b_1'.
Removing unused module `\sky130_fd_sc_hd__or2_4'.
Removing unused module `\sky130_fd_sc_hd__or2_2'.
Removing unused module `\sky130_fd_sc_hd__or2_1'.
Removing unused module `\sky130_fd_sc_hd__or2_0'.
Removing unused module `\sky130_fd_sc_hd__o41ai_4'.
Removing unused module `\sky130_fd_sc_hd__o41ai_2'.
Removing unused module `\sky130_fd_sc_hd__o41ai_1'.
Removing unused module `\sky130_fd_sc_hd__o41a_4'.
Removing unused module `\sky130_fd_sc_hd__o41a_2'.
Removing unused module `\sky130_fd_sc_hd__o41a_1'.
Removing unused module `\sky130_fd_sc_hd__o32ai_4'.
Removing unused module `\sky130_fd_sc_hd__o32ai_2'.
Removing unused module `\sky130_fd_sc_hd__o32ai_1'.
Removing unused module `\sky130_fd_sc_hd__o32a_4'.
Removing unused module `\sky130_fd_sc_hd__o32a_2'.
Removing unused module `\sky130_fd_sc_hd__o32a_1'.
Removing unused module `\sky130_fd_sc_hd__o31ai_4'.
Removing unused module `\sky130_fd_sc_hd__o31ai_2'.
Removing unused module `\sky130_fd_sc_hd__o31ai_1'.
Removing unused module `\sky130_fd_sc_hd__o31a_4'.
Removing unused module `\sky130_fd_sc_hd__o31a_2'.
Removing unused module `\sky130_fd_sc_hd__o31a_1'.
Removing unused module `\sky130_fd_sc_hd__o311ai_4'.
Removing unused module `\sky130_fd_sc_hd__o311ai_2'.
Removing unused module `\sky130_fd_sc_hd__o311ai_1'.
Removing unused module `\sky130_fd_sc_hd__o311ai_0'.
Removing unused module `\sky130_fd_sc_hd__o311a_4'.
Removing unused module `\sky130_fd_sc_hd__o311a_2'.
Removing unused module `\sky130_fd_sc_hd__o311a_1'.
Removing unused module `\sky130_fd_sc_hd__o2bb2ai_4'.
Removing unused module `\sky130_fd_sc_hd__o2bb2ai_2'.
Removing unused module `\sky130_fd_sc_hd__o2bb2ai_1'.
Removing unused module `\sky130_fd_sc_hd__o2bb2a_4'.
Removing unused module `\sky130_fd_sc_hd__o2bb2a_2'.
Removing unused module `\sky130_fd_sc_hd__o2bb2a_1'.
Removing unused module `\sky130_fd_sc_hd__o22ai_4'.
Removing unused module `\sky130_fd_sc_hd__o22ai_2'.
Removing unused module `\sky130_fd_sc_hd__o22ai_1'.
Removing unused module `\sky130_fd_sc_hd__o22a_4'.
Removing unused module `\sky130_fd_sc_hd__o22a_2'.
Removing unused module `\sky130_fd_sc_hd__o221ai_4'.
Removing unused module `\sky130_fd_sc_hd__o221ai_2'.
Removing unused module `\sky130_fd_sc_hd__o221a_4'.
Removing unused module `\sky130_fd_sc_hd__o221a_2'.
Removing unused module `\sky130_fd_sc_hd__o221a_1'.
Removing unused module `\sky130_fd_sc_hd__o21bai_4'.
Removing unused module `\sky130_fd_sc_hd__o21bai_2'.
Removing unused module `\sky130_fd_sc_hd__o21bai_1'.
Removing unused module `\sky130_fd_sc_hd__o21ba_4'.
Removing unused module `\sky130_fd_sc_hd__o21ba_2'.
Removing unused module `\sky130_fd_sc_hd__o21ba_1'.
Removing unused module `\sky130_fd_sc_hd__o21ai_4'.
Removing unused module `\sky130_fd_sc_hd__o21ai_2'.
Removing unused module `\sky130_fd_sc_hd__o21ai_1'.
Removing unused module `\sky130_fd_sc_hd__o21a_4'.
Removing unused module `\sky130_fd_sc_hd__o21a_2'.
Removing unused module `\sky130_fd_sc_hd__o211ai_4'.
Removing unused module `\sky130_fd_sc_hd__o211ai_2'.
Removing unused module `\sky130_fd_sc_hd__o211ai_1'.
Removing unused module `\sky130_fd_sc_hd__o211a_4'.
Removing unused module `\sky130_fd_sc_hd__o211a_2'.
Removing unused module `\sky130_fd_sc_hd__o211a_1'.
Removing unused module `\sky130_fd_sc_hd__o2111ai_4'.
Removing unused module `\sky130_fd_sc_hd__o2111ai_2'.
Removing unused module `\sky130_fd_sc_hd__o2111ai_1'.
Removing unused module `\sky130_fd_sc_hd__o2111a_4'.
Removing unused module `\sky130_fd_sc_hd__o2111a_2'.
Removing unused module `\sky130_fd_sc_hd__o2111a_1'.
Removing unused module `\sky130_fd_sc_hd__nor4bb_4'.
Removing unused module `\sky130_fd_sc_hd__nor4bb_2'.
Removing unused module `\sky130_fd_sc_hd__nor4bb_1'.
Removing unused module `\sky130_fd_sc_hd__nor4b_4'.
Removing unused module `\sky130_fd_sc_hd__nor4b_2'.
Removing unused module `\sky130_fd_sc_hd__nor4b_1'.
Removing unused module `\sky130_fd_sc_hd__nor4_4'.
Removing unused module `\sky130_fd_sc_hd__nor4_2'.
Removing unused module `\sky130_fd_sc_hd__nor4_1'.
Removing unused module `\sky130_fd_sc_hd__nor3b_4'.
Removing unused module `\sky130_fd_sc_hd__nor3b_2'.
Removing unused module `\sky130_fd_sc_hd__nor3_4'.
Removing unused module `\sky130_fd_sc_hd__nor3_2'.
Removing unused module `\sky130_fd_sc_hd__nor2b_4'.
Removing unused module `\sky130_fd_sc_hd__nor2b_2'.
Removing unused module `\sky130_fd_sc_hd__nor2_8'.
Removing unused module `\sky130_fd_sc_hd__nor2_4'.
Removing unused module `\sky130_fd_sc_hd__nor2_2'.
Removing unused module `\sky130_fd_sc_hd__nand4bb_4'.
Removing unused module `\sky130_fd_sc_hd__nand4bb_2'.
Removing unused module `\sky130_fd_sc_hd__nand4bb_1'.
Removing unused module `\sky130_fd_sc_hd__nand4b_4'.
Removing unused module `\sky130_fd_sc_hd__nand4b_2'.
Removing unused module `\sky130_fd_sc_hd__nand4b_1'.
Removing unused module `\sky130_fd_sc_hd__nand4_4'.
Removing unused module `\sky130_fd_sc_hd__nand4_2'.
Removing unused module `\sky130_fd_sc_hd__nand4_1'.
Removing unused module `\sky130_fd_sc_hd__nand3b_4'.
Removing unused module `\sky130_fd_sc_hd__nand3b_2'.
Removing unused module `\sky130_fd_sc_hd__nand3b_1'.
Removing unused module `\sky130_fd_sc_hd__nand3_4'.
Removing unused module `\sky130_fd_sc_hd__nand3_2'.
Removing unused module `\sky130_fd_sc_hd__nand2b_4'.
Removing unused module `\sky130_fd_sc_hd__nand2b_2'.
Removing unused module `\sky130_fd_sc_hd__nand2_8'.
Removing unused module `\sky130_fd_sc_hd__nand2_4'.
Removing unused module `\sky130_fd_sc_hd__nand2_2'.
Removing unused module `\sky130_fd_sc_hd__mux4_4'.
Removing unused module `\sky130_fd_sc_hd__mux4_2'.
Removing unused module `\sky130_fd_sc_hd__mux4_1'.
Removing unused module `\sky130_fd_sc_hd__mux2i_4'.
Removing unused module `\sky130_fd_sc_hd__mux2i_2'.
Removing unused module `\sky130_fd_sc_hd__mux2i_1'.
Removing unused module `\sky130_fd_sc_hd__mux2_8'.
Removing unused module `\sky130_fd_sc_hd__mux2_4'.
Removing unused module `\sky130_fd_sc_hd__mux2_2'.
Removing unused module `\sky130_fd_sc_hd__maj3_4'.
Removing unused module `\sky130_fd_sc_hd__maj3_2'.
Removing unused module `\sky130_fd_sc_hd__maj3_1'.
Removing unused module `\sky130_fd_sc_hd__macro_sparecell'.
Removing unused module `\sky130_fd_sc_hd__lpflow_lsbuf_lh_isowell_tap_4'.
Removing unused module `\sky130_fd_sc_hd__lpflow_lsbuf_lh_isowell_tap_2'.
Removing unused module `\sky130_fd_sc_hd__lpflow_lsbuf_lh_isowell_tap_1'.
Removing unused module `\sky130_fd_sc_hd__lpflow_lsbuf_lh_isowell_4'.
Removing unused module `\sky130_fd_sc_hd__lpflow_lsbuf_lh_hl_isowell_tap_4'.
Removing unused module `\sky130_fd_sc_hd__lpflow_lsbuf_lh_hl_isowell_tap_2'.
Removing unused module `\sky130_fd_sc_hd__lpflow_lsbuf_lh_hl_isowell_tap_1'.
Removing unused module `\sky130_fd_sc_hd__lpflow_isobufsrckapwr_16'.
Removing unused module `\sky130_fd_sc_hd__lpflow_isobufsrc_8'.
Removing unused module `\sky130_fd_sc_hd__lpflow_isobufsrc_4'.
Removing unused module `\sky130_fd_sc_hd__lpflow_isobufsrc_2'.
Removing unused module `\sky130_fd_sc_hd__lpflow_isobufsrc_16'.
Removing unused module `\sky130_fd_sc_hd__lpflow_isobufsrc_1'.
Removing unused module `\sky130_fd_sc_hd__lpflow_inputisolatch_1'.
Removing unused module `\sky130_fd_sc_hd__lpflow_inputiso1p_1'.
Removing unused module `\sky130_fd_sc_hd__lpflow_inputiso1n_1'.
Removing unused module `\sky130_fd_sc_hd__lpflow_inputiso0p_1'.
Removing unused module `\sky130_fd_sc_hd__lpflow_inputiso0n_1'.
Removing unused module `\sky130_fd_sc_hd__lpflow_decapkapwr_8'.
Removing unused module `\sky130_fd_sc_hd__lpflow_decapkapwr_6'.
Removing unused module `\sky130_fd_sc_hd__lpflow_decapkapwr_4'.
Removing unused module `\sky130_fd_sc_hd__lpflow_decapkapwr_3'.
Removing unused module `\sky130_fd_sc_hd__lpflow_decapkapwr_12'.
Removing unused module `\sky130_fd_sc_hd__lpflow_clkinvkapwr_8'.
Removing unused module `\sky130_fd_sc_hd__lpflow_clkinvkapwr_4'.
Removing unused module `\sky130_fd_sc_hd__lpflow_clkinvkapwr_2'.
Removing unused module `\sky130_fd_sc_hd__lpflow_clkinvkapwr_16'.
Removing unused module `\sky130_fd_sc_hd__lpflow_clkinvkapwr_1'.
Removing unused module `\sky130_fd_sc_hd__lpflow_clkbufkapwr_8'.
Removing unused module `\sky130_fd_sc_hd__lpflow_clkbufkapwr_4'.
Removing unused module `\sky130_fd_sc_hd__lpflow_clkbufkapwr_2'.
Removing unused module `\sky130_fd_sc_hd__lpflow_clkbufkapwr_16'.
Removing unused module `\sky130_fd_sc_hd__lpflow_clkbufkapwr_1'.
Removing unused module `\sky130_fd_sc_hd__lpflow_bleeder_1'.
Removing unused module `\sky130_fd_sc_hd__inv_8'.
Removing unused module `\sky130_fd_sc_hd__inv_6'.
Removing unused module `\sky130_fd_sc_hd__inv_4'.
Removing unused module `\sky130_fd_sc_hd__inv_2'.
Removing unused module `\sky130_fd_sc_hd__inv_16'.
Removing unused module `\sky130_fd_sc_hd__inv_12'.
Removing unused module `\sky130_fd_sc_hd__inv_1'.
Removing unused module `\sky130_fd_sc_hd__ha_4'.
Removing unused module `\sky130_fd_sc_hd__ha_2'.
Removing unused module `\sky130_fd_sc_hd__ha_1'.
Removing unused module `\sky130_fd_sc_hd__fahcon_1'.
Removing unused module `\sky130_fd_sc_hd__fahcin_1'.
Removing unused module `\sky130_fd_sc_hd__fah_1'.
Removing unused module `\sky130_fd_sc_hd__fa_4'.
Removing unused module `\sky130_fd_sc_hd__fa_2'.
Removing unused module `\sky130_fd_sc_hd__fa_1'.
Removing unused module `\sky130_fd_sc_hd__einvp_8'.
Removing unused module `\sky130_fd_sc_hd__einvp_4'.
Removing unused module `\sky130_fd_sc_hd__einvp_2'.
Removing unused module `\sky130_fd_sc_hd__einvp_1'.
Removing unused module `\sky130_fd_sc_hd__einvn_8'.
Removing unused module `\sky130_fd_sc_hd__einvn_4'.
Removing unused module `\sky130_fd_sc_hd__einvn_2'.
Removing unused module `\sky130_fd_sc_hd__einvn_1'.
Removing unused module `\sky130_fd_sc_hd__einvn_0'.
Removing unused module `\sky130_fd_sc_hd__edfxbp_1'.
Removing unused module `\sky130_fd_sc_hd__ebufn_8'.
Removing unused module `\sky130_fd_sc_hd__ebufn_4'.
Removing unused module `\sky130_fd_sc_hd__ebufn_2'.
Removing unused module `\sky130_fd_sc_hd__ebufn_1'.
Removing unused module `\sky130_fd_sc_hd__dlymetal6s6s_1'.
Removing unused module `\sky130_fd_sc_hd__dlymetal6s4s_1'.
Removing unused module `\sky130_fd_sc_hd__dlymetal6s2s_1'.
Removing unused module `\sky130_fd_sc_hd__dlygate4sd3_1'.
Removing unused module `\sky130_fd_sc_hd__dlygate4sd2_1'.
Removing unused module `\sky130_fd_sc_hd__dlygate4sd1_1'.
Removing unused module `\sky130_fd_sc_hd__dlxtp_1'.
Removing unused module `\sky130_fd_sc_hd__dlxtn_4'.
Removing unused module `\sky130_fd_sc_hd__dlxtn_2'.
Removing unused module `\sky130_fd_sc_hd__dlxtn_1'.
Removing unused module `\sky130_fd_sc_hd__dlxbp_1'.
Removing unused module `\sky130_fd_sc_hd__dlxbn_2'.
Removing unused module `\sky130_fd_sc_hd__dlxbn_1'.
Removing unused module `\sky130_fd_sc_hd__dlrtp_4'.
Removing unused module `\sky130_fd_sc_hd__dlrtp_2'.
Removing unused module `\sky130_fd_sc_hd__dlrtp_1'.
Removing unused module `\sky130_fd_sc_hd__dlrtn_4'.
Removing unused module `\sky130_fd_sc_hd__dlrtn_2'.
Removing unused module `\sky130_fd_sc_hd__dlrtn_1'.
Removing unused module `\sky130_fd_sc_hd__dlrbp_2'.
Removing unused module `\sky130_fd_sc_hd__dlrbp_1'.
Removing unused module `\sky130_fd_sc_hd__dlrbn_2'.
Removing unused module `\sky130_fd_sc_hd__dlrbn_1'.
Removing unused module `\sky130_fd_sc_hd__dlclkp_4'.
Removing unused module `\sky130_fd_sc_hd__dlclkp_2'.
Removing unused module `\sky130_fd_sc_hd__dlclkp_1'.
Removing unused module `\sky130_fd_sc_hd__diode_2'.
Removing unused module `\sky130_fd_sc_hd__dfxtp_4'.
Removing unused module `\sky130_fd_sc_hd__dfxtp_2'.
Removing unused module `\sky130_fd_sc_hd__dfxbp_2'.
Removing unused module `\sky130_fd_sc_hd__dfxbp_1'.
Removing unused module `\sky130_fd_sc_hd__dfstp_4'.
Removing unused module `\sky130_fd_sc_hd__dfstp_2'.
Removing unused module `\sky130_fd_sc_hd__dfstp_1'.
Removing unused module `\sky130_fd_sc_hd__dfsbp_2'.
Removing unused module `\sky130_fd_sc_hd__dfsbp_1'.
Removing unused module `\sky130_fd_sc_hd__dfrtp_4'.
Removing unused module `\sky130_fd_sc_hd__dfrtp_2'.
Removing unused module `\sky130_fd_sc_hd__dfrtp_1'.
Removing unused module `\sky130_fd_sc_hd__dfrtn_1'.
Removing unused module `\sky130_fd_sc_hd__dfrbp_2'.
Removing unused module `\sky130_fd_sc_hd__dfrbp_1'.
Removing unused module `\sky130_fd_sc_hd__dfbbp_1'.
Removing unused module `\sky130_fd_sc_hd__dfbbn_2'.
Removing unused module `\sky130_fd_sc_hd__dfbbn_1'.
Removing unused module `\sky130_fd_sc_hd__decap_8'.
Removing unused module `\sky130_fd_sc_hd__decap_6'.
Removing unused module `\sky130_fd_sc_hd__decap_4'.
Removing unused module `\sky130_fd_sc_hd__decap_3'.
Removing unused module `\sky130_fd_sc_hd__decap_12'.
Removing unused module `\sky130_fd_sc_hd__clkinvlp_4'.
Removing unused module `\sky130_fd_sc_hd__clkinvlp_2'.
Removing unused module `\sky130_fd_sc_hd__clkinv_8'.
Removing unused module `\sky130_fd_sc_hd__clkinv_4'.
Removing unused module `\sky130_fd_sc_hd__clkinv_2'.
Removing unused module `\sky130_fd_sc_hd__clkinv_16'.
Removing unused module `\sky130_fd_sc_hd__clkinv_1'.
Removing unused module `\sky130_fd_sc_hd__clkdlybuf4s50_2'.
Removing unused module `\sky130_fd_sc_hd__clkdlybuf4s50_1'.
Removing unused module `\sky130_fd_sc_hd__clkdlybuf4s25_2'.
Removing unused module `\sky130_fd_sc_hd__clkdlybuf4s25_1'.
Removing unused module `\sky130_fd_sc_hd__clkdlybuf4s18_2'.
Removing unused module `\sky130_fd_sc_hd__clkdlybuf4s18_1'.
Removing unused module `\sky130_fd_sc_hd__clkdlybuf4s15_2'.
Removing unused module `\sky130_fd_sc_hd__clkdlybuf4s15_1'.
Removing unused module `\sky130_fd_sc_hd__clkbuf_8'.
Removing unused module `\sky130_fd_sc_hd__clkbuf_4'.
Removing unused module `\sky130_fd_sc_hd__clkbuf_2'.
Removing unused module `\sky130_fd_sc_hd__clkbuf_16'.
Removing unused module `\sky130_fd_sc_hd__clkbuf_1'.
Removing unused module `\sky130_fd_sc_hd__bufinv_8'.
Removing unused module `\sky130_fd_sc_hd__bufinv_16'.
Removing unused module `\sky130_fd_sc_hd__bufbuf_8'.
Removing unused module `\sky130_fd_sc_hd__bufbuf_16'.
Removing unused module `\sky130_fd_sc_hd__buf_8'.
Removing unused module `\sky130_fd_sc_hd__buf_6'.
Removing unused module `\sky130_fd_sc_hd__buf_4'.
Removing unused module `\sky130_fd_sc_hd__buf_2'.
Removing unused module `\sky130_fd_sc_hd__buf_16'.
Removing unused module `\sky130_fd_sc_hd__buf_12'.
Removing unused module `\sky130_fd_sc_hd__buf_1'.
Removing unused module `\sky130_fd_sc_hd__and4bb_4'.
Removing unused module `\sky130_fd_sc_hd__and4bb_2'.
Removing unused module `\sky130_fd_sc_hd__and4bb_1'.
Removing unused module `\sky130_fd_sc_hd__and4b_4'.
Removing unused module `\sky130_fd_sc_hd__and4b_2'.
Removing unused module `\sky130_fd_sc_hd__and4b_1'.
Removing unused module `\sky130_fd_sc_hd__and4_4'.
Removing unused module `\sky130_fd_sc_hd__and4_2'.
Removing unused module `\sky130_fd_sc_hd__and3b_4'.
Removing unused module `\sky130_fd_sc_hd__and3b_2'.
Removing unused module `\sky130_fd_sc_hd__and3b_1'.
Removing unused module `\sky130_fd_sc_hd__and3_4'.
Removing unused module `\sky130_fd_sc_hd__and3_2'.
Removing unused module `\sky130_fd_sc_hd__and2b_4'.
Removing unused module `\sky130_fd_sc_hd__and2b_2'.
Removing unused module `\sky130_fd_sc_hd__and2b_1'.
Removing unused module `\sky130_fd_sc_hd__and2_4'.
Removing unused module `\sky130_fd_sc_hd__and2_2'.
Removing unused module `\sky130_fd_sc_hd__and2_1'.
Removing unused module `\sky130_fd_sc_hd__a41oi_4'.
Removing unused module `\sky130_fd_sc_hd__a41oi_2'.
Removing unused module `\sky130_fd_sc_hd__a41o_4'.
Removing unused module `\sky130_fd_sc_hd__a41o_2'.
Removing unused module `\sky130_fd_sc_hd__a41o_1'.
Removing unused module `\sky130_fd_sc_hd__a32oi_4'.
Removing unused module `\sky130_fd_sc_hd__a32oi_2'.
Removing unused module `\sky130_fd_sc_hd__a32oi_1'.
Removing unused module `\sky130_fd_sc_hd__a32o_4'.
Removing unused module `\sky130_fd_sc_hd__a32o_2'.
Removing unused module `\sky130_fd_sc_hd__a32o_1'.
Removing unused module `\sky130_fd_sc_hd__a31oi_4'.
Removing unused module `\sky130_fd_sc_hd__a31oi_2'.
Removing unused module `\sky130_fd_sc_hd__a31o_4'.
Removing unused module `\sky130_fd_sc_hd__a31o_2'.
Removing unused module `\sky130_fd_sc_hd__a311oi_4'.
Removing unused module `\sky130_fd_sc_hd__a311oi_2'.
Removing unused module `\sky130_fd_sc_hd__a311oi_1'.
Removing unused module `\sky130_fd_sc_hd__a311o_4'.
Removing unused module `\sky130_fd_sc_hd__a311o_2'.
Removing unused module `\sky130_fd_sc_hd__a311o_1'.
Removing unused module `\sky130_fd_sc_hd__a2bb2oi_4'.
Removing unused module `\sky130_fd_sc_hd__a2bb2oi_2'.
Removing unused module `\sky130_fd_sc_hd__a2bb2oi_1'.
Removing unused module `\sky130_fd_sc_hd__a2bb2o_4'.
Removing unused module `\sky130_fd_sc_hd__a2bb2o_2'.
Removing unused module `\sky130_fd_sc_hd__a2bb2o_1'.
Removing unused module `\sky130_fd_sc_hd__a22oi_4'.
Removing unused module `\sky130_fd_sc_hd__a22oi_2'.
Removing unused module `\sky130_fd_sc_hd__a22o_4'.
Removing unused module `\sky130_fd_sc_hd__a22o_2'.
Removing unused module `\sky130_fd_sc_hd__a22o_1'.
Removing unused module `\sky130_fd_sc_hd__a222oi_1'.
Removing unused module `\sky130_fd_sc_hd__a221oi_4'.
Removing unused module `\sky130_fd_sc_hd__a221oi_2'.
Removing unused module `\sky130_fd_sc_hd__a221o_4'.
Removing unused module `\sky130_fd_sc_hd__a221o_2'.
Removing unused module `\sky130_fd_sc_hd__a221o_1'.
Removing unused module `\sky130_fd_sc_hd__a21oi_4'.
Removing unused module `\sky130_fd_sc_hd__a21oi_2'.
Removing unused module `\sky130_fd_sc_hd__a21o_4'.
Removing unused module `\sky130_fd_sc_hd__a21o_2'.
Removing unused module `\sky130_fd_sc_hd__a21boi_4'.
Removing unused module `\sky130_fd_sc_hd__a21boi_2'.
Removing unused module `\sky130_fd_sc_hd__a21boi_1'.
Removing unused module `\sky130_fd_sc_hd__a21boi_0'.
Removing unused module `\sky130_fd_sc_hd__a21bo_4'.
Removing unused module `\sky130_fd_sc_hd__a21bo_2'.
Removing unused module `\sky130_fd_sc_hd__a21bo_1'.
Removing unused module `\sky130_fd_sc_hd__a211oi_4'.
Removing unused module `\sky130_fd_sc_hd__a211oi_2'.
Removing unused module `\sky130_fd_sc_hd__a211o_4'.
Removing unused module `\sky130_fd_sc_hd__a211o_2'.
Removing unused module `\sky130_fd_sc_hd__a211o_1'.
Removing unused module `\sky130_fd_sc_hd__a2111oi_4'.
Removing unused module `\sky130_fd_sc_hd__a2111oi_2'.
Removing unused module `\sky130_fd_sc_hd__a2111oi_1'.
Removing unused module `\sky130_fd_sc_hd__a2111oi_0'.
Removing unused module `\sky130_fd_sc_hd__a2111o_4'.
Removing unused module `\sky130_fd_sc_hd__a2111o_2'.
Removing unused module `\sky130_fd_sc_hd__a2111o_1'.
Removed 400 unused modules.

16. Executing MEMORY_MAP pass (converting memories to logic and flip-flops).

17. Executing FLATTEN pass (flatten design).
Deleting now unused module sky130_fd_sc_hd__a221oi_1.
Deleting now unused module sky130_fd_sc_hd__nor2b_1.
Deleting now unused module sky130_fd_sc_hd__a31oi_1.
Deleting now unused module sky130_fd_sc_hd__o221ai_1.
Deleting now unused module sky130_fd_sc_hd__and3_1.
Deleting now unused module sky130_fd_sc_hd__a31o_1.
Deleting now unused module sky130_fd_sc_hd__a21oi_1.
Deleting now unused module sky130_fd_sc_hd__o21ai_0.
Deleting now unused module sky130_fd_sc_hd__or4_1.
Deleting now unused module sky130_fd_sc_hd__a21o_1.
Deleting now unused module sky130_fd_sc_hd__nor2_1.
Deleting now unused module sky130_fd_sc_hd__nor3b_1.
Deleting now unused module sky130_fd_sc_hd__nand3_1.
Deleting now unused module sky130_fd_sc_hd__and2_0.
Deleting now unused module sky130_fd_sc_hd__o21a_1.
Deleting now unused module sky130_fd_sc_hd__edfxtp_1.
Deleting now unused module sky130_fd_sc_hd__a41oi_1.
Deleting now unused module sky130_fd_sc_hd__dfxtp_1.
Deleting now unused module sky130_fd_sc_hd__a211oi_1.
Deleting now unused module sky130_fd_sc_hd__mux2_1.
Deleting now unused module sky130_fd_sc_hd__o22a_1.
Deleting now unused module sky130_fd_sc_hd__nand2b_1.
Deleting now unused module sky130_fd_sc_hd__a22oi_1.
Deleting now unused module sky130_fd_sc_hd__conb_1.
Deleting now unused module sky130_fd_sc_hd__nor3_1.
Deleting now unused module sky130_fd_sc_hd__and4_1.
Deleting now unused module sky130_fd_sc_hd__xnor2_1.
Deleting now unused module user_project_wrapper__scan.
Deleting now unused module sky130_fd_sc_hd__nand2_1.
<suppressed ~359 debug messages>

18. Executing ASYNC2SYNC pass.

19. Executing OPT_CLEAN pass (remove unused cells and wires).
Finding unused cells or wires in module \user_project_wrapper..
Removed 66 unused cells and 452 unused wires.
<suppressed ~100 debug messages>

20. Executing SPLITNETS pass (splitting up multi-bit signals).

21. Executing EQUIV_MAKE pass (creating equiv checking module).
Presumably equivalent wires: user_irq[2]_gold (1'0), user_irq[2]_gate (1'0) -> user_irq[2]
Presumably equivalent wires: user_irq[1]_gold (1'0), user_irq[1]_gate (1'0) -> user_irq[1]
Presumably equivalent wires: user_irq[0]_gold (1'0), user_irq[0]_gate (1'0) -> user_irq[0]
Presumably equivalent wires: analog_io[28]_gold (\analog_io[28]_gold), analog_io[28]_gate (\analog_io[28]_gate) -> analog_io[28]
Presumably equivalent wires: analog_io[27]_gold (\analog_io[27]_gold), analog_io[27]_gate (\analog_io[27]_gate) -> analog_io[27]
Presumably equivalent wires: analog_io[26]_gold (\analog_io[26]_gold), analog_io[26]_gate (\analog_io[26]_gate) -> analog_io[26]
Presumably equivalent wires: analog_io[25]_gold (\analog_io[25]_gold), analog_io[25]_gate (\analog_io[25]_gate) -> analog_io[25]
Presumably equivalent wires: analog_io[24]_gold (\analog_io[24]_gold), analog_io[24]_gate (\analog_io[24]_gate) -> analog_io[24]
Presumably equivalent wires: analog_io[23]_gold (\analog_io[23]_gold), analog_io[23]_gate (\analog_io[23]_gate) -> analog_io[23]
Presumably equivalent wires: analog_io[22]_gold (\analog_io[22]_gold), analog_io[22]_gate (\analog_io[22]_gate) -> analog_io[22]
Presumably equivalent wires: analog_io[21]_gold (\analog_io[21]_gold), analog_io[21]_gate (\analog_io[21]_gate) -> analog_io[21]
Presumably equivalent wires: analog_io[20]_gold (\analog_io[20]_gold), analog_io[20]_gate (\analog_io[20]_gate) -> analog_io[20]
Presumably equivalent wires: analog_io[19]_gold (\analog_io[19]_gold), analog_io[19]_gate (\analog_io[19]_gate) -> analog_io[19]
Presumably equivalent wires: analog_io[18]_gold (\analog_io[18]_gold), analog_io[18]_gate (\analog_io[18]_gate) -> analog_io[18]
Presumably equivalent wires: analog_io[17]_gold (\analog_io[17]_gold), analog_io[17]_gate (\analog_io[17]_gate) -> analog_io[17]
Presumably equivalent wires: analog_io[16]_gold (\analog_io[16]_gold), analog_io[16]_gate (\analog_io[16]_gate) -> analog_io[16]
Presumably equivalent wires: analog_io[15]_gold (\analog_io[15]_gold), analog_io[15]_gate (\analog_io[15]_gate) -> analog_io[15]
Presumably equivalent wires: analog_io[14]_gold (\analog_io[14]_gold), analog_io[14]_gate (\analog_io[14]_gate) -> analog_io[14]
Presumably equivalent wires: analog_io[13]_gold (\analog_io[13]_gold), analog_io[13]_gate (\analog_io[13]_gate) -> analog_io[13]
Presumably equivalent wires: analog_io[12]_gold (\analog_io[12]_gold), analog_io[12]_gate (\analog_io[12]_gate) -> analog_io[12]
Presumably equivalent wires: analog_io[11]_gold (\analog_io[11]_gold), analog_io[11]_gate (\analog_io[11]_gate) -> analog_io[11]
Presumably equivalent wires: analog_io[10]_gold (\analog_io[10]_gold), analog_io[10]_gate (\analog_io[10]_gate) -> analog_io[10]
Presumably equivalent wires: analog_io[9]_gold (\analog_io[9]_gold), analog_io[9]_gate (\analog_io[9]_gate) -> analog_io[9]
Presumably equivalent wires: analog_io[8]_gold (\analog_io[8]_gold), analog_io[8]_gate (\analog_io[8]_gate) -> analog_io[8]
Presumably equivalent wires: analog_io[7]_gold (\analog_io[7]_gold), analog_io[7]_gate (\analog_io[7]_gate) -> analog_io[7]
Presumably equivalent wires: analog_io[6]_gold (\analog_io[6]_gold), analog_io[6]_gate (\analog_io[6]_gate) -> analog_io[6]
Presumably equivalent wires: analog_io[5]_gold (\analog_io[5]_gold), analog_io[5]_gate (\analog_io[5]_gate) -> analog_io[5]
Presumably equivalent wires: analog_io[4]_gold (\analog_io[4]_gold), analog_io[4]_gate (\analog_io[4]_gate) -> analog_io[4]
Presumably equivalent wires: analog_io[3]_gold (\analog_io[3]_gold), analog_io[3]_gate (\analog_io[3]_gate) -> analog_io[3]
Presumably equivalent wires: analog_io[2]_gold (\analog_io[2]_gold), analog_io[2]_gate (\analog_io[2]_gate) -> analog_io[2]
Presumably equivalent wires: analog_io[1]_gold (\analog_io[1]_gold), analog_io[1]_gate (\analog_io[1]_gate) -> analog_io[1]
Presumably equivalent wires: analog_io[0]_gold (\analog_io[0]_gold), analog_io[0]_gate (\analog_io[0]_gate) -> analog_io[0]
Presumably equivalent wires: io_oeb[37]_gold (\_LECWRAP.mprj.mprj.counter.reset_gold), io_oeb[37]_gate (\_LECWRAP._160_.A_gate) -> io_oeb[37]
Presumably equivalent wires: io_oeb[36]_gold (\_LECWRAP.mprj.mprj.counter.reset_gold), io_oeb[36]_gate (\_LECWRAP._160_.A_gate) -> io_oeb[36]
Presumably equivalent wires: io_oeb[35]_gold (\_LECWRAP.mprj.mprj.counter.reset_gold), io_oeb[35]_gate (\_LECWRAP._160_.A_gate) -> io_oeb[35]
Presumably equivalent wires: io_oeb[34]_gold (\_LECWRAP.mprj.mprj.counter.reset_gold), io_oeb[34]_gate (\_LECWRAP._160_.A_gate) -> io_oeb[34]
Presumably equivalent wires: io_oeb[33]_gold (\_LECWRAP.mprj.mprj.counter.reset_gold), io_oeb[33]_gate (\_LECWRAP._160_.A_gate) -> io_oeb[33]
Presumably equivalent wires: io_oeb[32]_gold (\_LECWRAP.mprj.mprj.counter.reset_gold), io_oeb[32]_gate (\_LECWRAP._160_.A_gate) -> io_oeb[32]
Presumably equivalent wires: io_oeb[31]_gold (\_LECWRAP.mprj.mprj.counter.reset_gold), io_oeb[31]_gate (\_LECWRAP._160_.A_gate) -> io_oeb[31]
Presumably equivalent wires: io_oeb[30]_gold (\_LECWRAP.mprj.mprj.counter.reset_gold), io_oeb[30]_gate (\_LECWRAP._160_.A_gate) -> io_oeb[30]
Presumably equivalent wires: io_oeb[29]_gold (\io_oeb[29]_gold), io_oeb[29]_gate (1'x) -> io_oeb[29]
Presumably equivalent wires: io_oeb[28]_gold (\io_oeb[28]_gold), io_oeb[28]_gate (1'x) -> io_oeb[28]
Presumably equivalent wires: io_oeb[27]_gold (\io_oeb[27]_gold), io_oeb[27]_gate (1'x) -> io_oeb[27]
Presumably equivalent wires: io_oeb[26]_gold (\io_oeb[26]_gold), io_oeb[26]_gate (1'x) -> io_oeb[26]
Presumably equivalent wires: io_oeb[25]_gold (\io_oeb[25]_gold), io_oeb[25]_gate (1'x) -> io_oeb[25]
Presumably equivalent wires: io_oeb[24]_gold (\io_oeb[24]_gold), io_oeb[24]_gate (1'x) -> io_oeb[24]
Presumably equivalent wires: io_oeb[23]_gold (\io_oeb[23]_gold), io_oeb[23]_gate (1'x) -> io_oeb[23]
Presumably equivalent wires: io_oeb[22]_gold (\io_oeb[22]_gold), io_oeb[22]_gate (1'x) -> io_oeb[22]
Presumably equivalent wires: io_oeb[21]_gold (\io_oeb[21]_gold), io_oeb[21]_gate (1'x) -> io_oeb[21]
Presumably equivalent wires: io_oeb[20]_gold (\io_oeb[20]_gold), io_oeb[20]_gate (1'x) -> io_oeb[20]
Presumably equivalent wires: io_oeb[19]_gold (\io_oeb[19]_gold), io_oeb[19]_gate (1'x) -> io_oeb[19]
Presumably equivalent wires: io_oeb[18]_gold (\io_oeb[18]_gold), io_oeb[18]_gate (1'x) -> io_oeb[18]
Presumably equivalent wires: io_oeb[17]_gold (\io_oeb[17]_gold), io_oeb[17]_gate (1'x) -> io_oeb[17]
Presumably equivalent wires: io_oeb[16]_gold (\io_oeb[16]_gold), io_oeb[16]_gate (1'x) -> io_oeb[16]
Presumably equivalent wires: io_oeb[15]_gold (\io_oeb[15]_gold), io_oeb[15]_gate (1'x) -> io_oeb[15]
Presumably equivalent wires: io_oeb[14]_gold (\io_oeb[14]_gold), io_oeb[14]_gate (1'x) -> io_oeb[14]
Presumably equivalent wires: io_oeb[13]_gold (\io_oeb[13]_gold), io_oeb[13]_gate (1'x) -> io_oeb[13]
Presumably equivalent wires: io_oeb[12]_gold (\io_oeb[12]_gold), io_oeb[12]_gate (1'x) -> io_oeb[12]
Presumably equivalent wires: io_oeb[11]_gold (\io_oeb[11]_gold), io_oeb[11]_gate (1'x) -> io_oeb[11]
Presumably equivalent wires: io_oeb[10]_gold (\io_oeb[10]_gold), io_oeb[10]_gate (1'x) -> io_oeb[10]
Presumably equivalent wires: io_oeb[9]_gold (\io_oeb[9]_gold), io_oeb[9]_gate (1'x) -> io_oeb[9]
Presumably equivalent wires: io_oeb[8]_gold (\io_oeb[8]_gold), io_oeb[8]_gate (1'x) -> io_oeb[8]
Presumably equivalent wires: io_oeb[7]_gold (\_LECWRAP.mprj.mprj.counter.reset_gold), io_oeb[7]_gate (\_LECWRAP._160_.A_gate) -> io_oeb[7]
Presumably equivalent wires: io_oeb[6]_gold (\_LECWRAP.mprj.mprj.counter.reset_gold), io_oeb[6]_gate (\_LECWRAP._160_.A_gate) -> io_oeb[6]
Presumably equivalent wires: io_oeb[5]_gold (\_LECWRAP.mprj.mprj.counter.reset_gold), io_oeb[5]_gate (\_LECWRAP._160_.A_gate) -> io_oeb[5]
Presumably equivalent wires: io_oeb[4]_gold (\_LECWRAP.mprj.mprj.counter.reset_gold), io_oeb[4]_gate (\_LECWRAP._160_.A_gate) -> io_oeb[4]
Presumably equivalent wires: io_oeb[3]_gold (\_LECWRAP.mprj.mprj.counter.reset_gold), io_oeb[3]_gate (\_LECWRAP._160_.A_gate) -> io_oeb[3]
Presumably equivalent wires: io_oeb[2]_gold (\_LECWRAP.mprj.mprj.counter.reset_gold), io_oeb[2]_gate (\_LECWRAP._160_.A_gate) -> io_oeb[2]
Presumably equivalent wires: io_oeb[1]_gold (\_LECWRAP.mprj.mprj.counter.reset_gold), io_oeb[1]_gate (\_LECWRAP._160_.A_gate) -> io_oeb[1]
Presumably equivalent wires: io_oeb[0]_gold (\_LECWRAP.mprj.mprj.counter.reset_gold), io_oeb[0]_gate (\_LECWRAP._160_.A_gate) -> io_oeb[0]
Presumably equivalent wires: io_out[37]_gold (\_LECWRAP.mprj.mprj.counter.count[15]_gold), io_out[37]_gate (\_LECWRAP._336_.IQ_gate) -> io_out[37]
Presumably equivalent wires: io_out[36]_gold (\_LECWRAP.mprj.mprj.counter.count[14]_gold), io_out[36]_gate (\_LECWRAP._335_.IQ_gate) -> io_out[36]
Presumably equivalent wires: io_out[35]_gold (\_LECWRAP.mprj.mprj.counter.count[13]_gold), io_out[35]_gate (\_LECWRAP._334_.IQ_gate) -> io_out[35]
Presumably equivalent wires: io_out[34]_gold (\_LECWRAP.mprj.mprj.counter.count[12]_gold), io_out[34]_gate (\_LECWRAP._333_.IQ_gate) -> io_out[34]
Presumably equivalent wires: io_out[33]_gold (\_LECWRAP.mprj.mprj.counter.count[11]_gold), io_out[33]_gate (\_LECWRAP._332_.IQ_gate) -> io_out[33]
Presumably equivalent wires: io_out[32]_gold (\_LECWRAP.mprj.mprj.counter.count[10]_gold), io_out[32]_gate (\_LECWRAP._331_.IQ_gate) -> io_out[32]
Presumably equivalent wires: io_out[31]_gold (\_LECWRAP.mprj.mprj.counter.count[9]_gold), io_out[31]_gate (\_LECWRAP._330_.IQ_gate) -> io_out[31]
Presumably equivalent wires: io_out[30]_gold (\_LECWRAP.mprj.mprj.counter.count[8]_gold), io_out[30]_gate (\_LECWRAP._329_.IQ_gate) -> io_out[30]
Presumably equivalent wires: io_out[29]_gold (\io_out[29]_gold), io_out[29]_gate (1'x) -> io_out[29]
Presumably equivalent wires: io_out[28]_gold (\io_out[28]_gold), io_out[28]_gate (1'x) -> io_out[28]
Presumably equivalent wires: io_out[27]_gold (\io_out[27]_gold), io_out[27]_gate (1'x) -> io_out[27]
Presumably equivalent wires: io_out[26]_gold (\io_out[26]_gold), io_out[26]_gate (1'x) -> io_out[26]
Presumably equivalent wires: io_out[25]_gold (\io_out[25]_gold), io_out[25]_gate (1'x) -> io_out[25]
Presumably equivalent wires: io_out[24]_gold (\io_out[24]_gold), io_out[24]_gate (1'x) -> io_out[24]
Presumably equivalent wires: io_out[23]_gold (\io_out[23]_gold), io_out[23]_gate (1'x) -> io_out[23]
Presumably equivalent wires: io_out[22]_gold (\io_out[22]_gold), io_out[22]_gate (1'x) -> io_out[22]
Presumably equivalent wires: io_out[21]_gold (\io_out[21]_gold), io_out[21]_gate (1'x) -> io_out[21]
Presumably equivalent wires: io_out[20]_gold (\io_out[20]_gold), io_out[20]_gate (1'x) -> io_out[20]
Presumably equivalent wires: io_out[19]_gold (\io_out[19]_gold), io_out[19]_gate (1'x) -> io_out[19]
Presumably equivalent wires: io_out[18]_gold (\io_out[18]_gold), io_out[18]_gate (1'x) -> io_out[18]
Presumably equivalent wires: io_out[17]_gold (\io_out[17]_gold), io_out[17]_gate (1'x) -> io_out[17]
Presumably equivalent wires: io_out[16]_gold (\io_out[16]_gold), io_out[16]_gate (1'x) -> io_out[16]
Presumably equivalent wires: io_out[15]_gold (\io_out[15]_gold), io_out[15]_gate (1'x) -> io_out[15]
Presumably equivalent wires: io_out[14]_gold (\io_out[14]_gold), io_out[14]_gate (1'x) -> io_out[14]
Presumably equivalent wires: io_out[13]_gold (\io_out[13]_gold), io_out[13]_gate (1'x) -> io_out[13]
Presumably equivalent wires: io_out[12]_gold (\io_out[12]_gold), io_out[12]_gate (1'x) -> io_out[12]
Presumably equivalent wires: io_out[11]_gold (\io_out[11]_gold), io_out[11]_gate (1'x) -> io_out[11]
Presumably equivalent wires: io_out[10]_gold (\io_out[10]_gold), io_out[10]_gate (1'x) -> io_out[10]
Presumably equivalent wires: io_out[9]_gold (\io_out[9]_gold), io_out[9]_gate (1'x) -> io_out[9]
Presumably equivalent wires: io_out[8]_gold (\io_out[8]_gold), io_out[8]_gate (1'x) -> io_out[8]
Presumably equivalent wires: io_out[7]_gold (\_LECWRAP.mprj.mprj.counter.count[7]_gold), io_out[7]_gate (\_LECWRAP._328_.IQ_gate) -> io_out[7]
Presumably equivalent wires: io_out[6]_gold (\_LECWRAP.mprj.mprj.counter.count[6]_gold), io_out[6]_gate (\_LECWRAP._327_.IQ_gate) -> io_out[6]
Presumably equivalent wires: io_out[5]_gold (\_LECWRAP.mprj.mprj.counter.count[5]_gold), io_out[5]_gate (\_LECWRAP._326_.IQ_gate) -> io_out[5]
Presumably equivalent wires: io_out[4]_gold (\_LECWRAP.mprj.mprj.counter.count[4]_gold), io_out[4]_gate (\_LECWRAP._325_.IQ_gate) -> io_out[4]
Presumably equivalent wires: io_out[3]_gold (\_LECWRAP.mprj.mprj.counter.count[3]_gold), io_out[3]_gate (\_LECWRAP._324_.IQ_gate) -> io_out[3]
Presumably equivalent wires: io_out[2]_gold (\_LECWRAP.mprj.mprj.counter.count[2]_gold), io_out[2]_gate (\_LECWRAP._323_.IQ_gate) -> io_out[2]
Presumably equivalent wires: io_out[1]_gold (\_LECWRAP.mprj.mprj.counter.count[1]_gold), io_out[1]_gate (\_LECWRAP._322_.IQ_gate) -> io_out[1]
Presumably equivalent wires: io_out[0]_gold (\_LECWRAP.mprj.mprj.counter.count[0]_gold), io_out[0]_gate (\_LECWRAP._321_.IQ_gate) -> io_out[0]
Presumably equivalent wires: io_in[37]_gold (\io_in[37]_gold), io_in[37]_gate (\io_in[37]_gate) -> io_in[37]
Presumably equivalent wires: io_in[36]_gold (\io_in[36]_gold), io_in[36]_gate (\io_in[36]_gate) -> io_in[36]
Presumably equivalent wires: io_in[35]_gold (\io_in[35]_gold), io_in[35]_gate (\io_in[35]_gate) -> io_in[35]
Presumably equivalent wires: io_in[34]_gold (\io_in[34]_gold), io_in[34]_gate (\io_in[34]_gate) -> io_in[34]
Presumably equivalent wires: io_in[33]_gold (\io_in[33]_gold), io_in[33]_gate (\io_in[33]_gate) -> io_in[33]
Presumably equivalent wires: io_in[32]_gold (\io_in[32]_gold), io_in[32]_gate (\io_in[32]_gate) -> io_in[32]
Presumably equivalent wires: io_in[31]_gold (\io_in[31]_gold), io_in[31]_gate (\io_in[31]_gate) -> io_in[31]
Presumably equivalent wires: io_in[30]_gold (\io_in[30]_gold), io_in[30]_gate (\io_in[30]_gate) -> io_in[30]
Presumably equivalent wires: io_in[29]_gold (\io_in[29]_gold), io_in[29]_gate (\io_in[29]_gate) -> io_in[29]
Presumably equivalent wires: io_in[28]_gold (\io_in[28]_gold), io_in[28]_gate (\io_in[28]_gate) -> io_in[28]
Presumably equivalent wires: io_in[27]_gold (\io_in[27]_gold), io_in[27]_gate (\io_in[27]_gate) -> io_in[27]
Presumably equivalent wires: io_in[26]_gold (\io_in[26]_gold), io_in[26]_gate (\io_in[26]_gate) -> io_in[26]
Presumably equivalent wires: io_in[25]_gold (\io_in[25]_gold), io_in[25]_gate (\io_in[25]_gate) -> io_in[25]
Presumably equivalent wires: io_in[24]_gold (\io_in[24]_gold), io_in[24]_gate (\io_in[24]_gate) -> io_in[24]
Presumably equivalent wires: io_in[23]_gold (\io_in[23]_gold), io_in[23]_gate (\io_in[23]_gate) -> io_in[23]
Presumably equivalent wires: io_in[22]_gold (\io_in[22]_gold), io_in[22]_gate (\io_in[22]_gate) -> io_in[22]
Presumably equivalent wires: io_in[21]_gold (\io_in[21]_gold), io_in[21]_gate (\io_in[21]_gate) -> io_in[21]
Presumably equivalent wires: io_in[20]_gold (\io_in[20]_gold), io_in[20]_gate (\io_in[20]_gate) -> io_in[20]
Presumably equivalent wires: io_in[19]_gold (\io_in[19]_gold), io_in[19]_gate (\io_in[19]_gate) -> io_in[19]
Presumably equivalent wires: io_in[18]_gold (\io_in[18]_gold), io_in[18]_gate (\io_in[18]_gate) -> io_in[18]
Presumably equivalent wires: io_in[17]_gold (\io_in[17]_gold), io_in[17]_gate (\io_in[17]_gate) -> io_in[17]
Presumably equivalent wires: io_in[16]_gold (\io_in[16]_gold), io_in[16]_gate (\io_in[16]_gate) -> io_in[16]
Presumably equivalent wires: io_in[15]_gold (\io_in[15]_gold), io_in[15]_gate (\io_in[15]_gate) -> io_in[15]
Presumably equivalent wires: io_in[14]_gold (\io_in[14]_gold), io_in[14]_gate (\io_in[14]_gate) -> io_in[14]
Presumably equivalent wires: io_in[13]_gold (\io_in[13]_gold), io_in[13]_gate (\io_in[13]_gate) -> io_in[13]
Presumably equivalent wires: io_in[12]_gold (\io_in[12]_gold), io_in[12]_gate (\io_in[12]_gate) -> io_in[12]
Presumably equivalent wires: io_in[11]_gold (\io_in[11]_gold), io_in[11]_gate (\io_in[11]_gate) -> io_in[11]
Presumably equivalent wires: io_in[10]_gold (\io_in[10]_gold), io_in[10]_gate (\io_in[10]_gate) -> io_in[10]
Presumably equivalent wires: io_in[9]_gold (\io_in[9]_gold), io_in[9]_gate (\io_in[9]_gate) -> io_in[9]
Presumably equivalent wires: io_in[8]_gold (\io_in[8]_gold), io_in[8]_gate (\io_in[8]_gate) -> io_in[8]
Presumably equivalent wires: io_in[7]_gold (\io_in[7]_gold), io_in[7]_gate (\io_in[7]_gate) -> io_in[7]
Presumably equivalent wires: io_in[6]_gold (\io_in[6]_gold), io_in[6]_gate (\io_in[6]_gate) -> io_in[6]
Presumably equivalent wires: io_in[5]_gold (\io_in[5]_gold), io_in[5]_gate (\io_in[5]_gate) -> io_in[5]
Presumably equivalent wires: io_in[4]_gold (\io_in[4]_gold), io_in[4]_gate (\io_in[4]_gate) -> io_in[4]
Presumably equivalent wires: io_in[3]_gold (\io_in[3]_gold), io_in[3]_gate (\io_in[3]_gate) -> io_in[3]
Presumably equivalent wires: io_in[2]_gold (\io_in[2]_gold), io_in[2]_gate (\io_in[2]_gate) -> io_in[2]
Presumably equivalent wires: io_in[1]_gold (\io_in[1]_gold), io_in[1]_gate (\io_in[1]_gate) -> io_in[1]
Presumably equivalent wires: io_in[0]_gold (\io_in[0]_gold), io_in[0]_gate (\io_in[0]_gate) -> io_in[0]
Presumably equivalent wires: la_data_out[127]_gold (1'0), la_data_out[127]_gate (1'0) -> la_data_out[127]
Presumably equivalent wires: la_data_out[126]_gold (1'0), la_data_out[126]_gate (1'0) -> la_data_out[126]
Presumably equivalent wires: la_data_out[125]_gold (1'0), la_data_out[125]_gate (1'0) -> la_data_out[125]
Presumably equivalent wires: la_data_out[124]_gold (1'0), la_data_out[124]_gate (1'0) -> la_data_out[124]
Presumably equivalent wires: la_data_out[123]_gold (1'0), la_data_out[123]_gate (1'0) -> la_data_out[123]
Presumably equivalent wires: la_data_out[122]_gold (1'0), la_data_out[122]_gate (1'0) -> la_data_out[122]
Presumably equivalent wires: la_data_out[121]_gold (1'0), la_data_out[121]_gate (1'0) -> la_data_out[121]
Presumably equivalent wires: la_data_out[120]_gold (1'0), la_data_out[120]_gate (1'0) -> la_data_out[120]
Presumably equivalent wires: la_data_out[119]_gold (1'0), la_data_out[119]_gate (1'0) -> la_data_out[119]
Presumably equivalent wires: la_data_out[118]_gold (1'0), la_data_out[118]_gate (1'0) -> la_data_out[118]
Presumably equivalent wires: la_data_out[117]_gold (1'0), la_data_out[117]_gate (1'0) -> la_data_out[117]
Presumably equivalent wires: la_data_out[116]_gold (1'0), la_data_out[116]_gate (1'0) -> la_data_out[116]
Presumably equivalent wires: la_data_out[115]_gold (1'0), la_data_out[115]_gate (1'0) -> la_data_out[115]
Presumably equivalent wires: la_data_out[114]_gold (1'0), la_data_out[114]_gate (1'0) -> la_data_out[114]
Presumably equivalent wires: la_data_out[113]_gold (1'0), la_data_out[113]_gate (1'0) -> la_data_out[113]
Presumably equivalent wires: la_data_out[112]_gold (1'0), la_data_out[112]_gate (1'0) -> la_data_out[112]
Presumably equivalent wires: la_data_out[111]_gold (1'0), la_data_out[111]_gate (1'0) -> la_data_out[111]
Presumably equivalent wires: la_data_out[110]_gold (1'0), la_data_out[110]_gate (1'0) -> la_data_out[110]
Presumably equivalent wires: la_data_out[109]_gold (1'0), la_data_out[109]_gate (1'0) -> la_data_out[109]
Presumably equivalent wires: la_data_out[108]_gold (1'0), la_data_out[108]_gate (1'0) -> la_data_out[108]
Presumably equivalent wires: la_data_out[107]_gold (1'0), la_data_out[107]_gate (1'0) -> la_data_out[107]
Presumably equivalent wires: la_data_out[106]_gold (1'0), la_data_out[106]_gate (1'0) -> la_data_out[106]
Presumably equivalent wires: la_data_out[105]_gold (1'0), la_data_out[105]_gate (1'0) -> la_data_out[105]
Presumably equivalent wires: la_data_out[104]_gold (1'0), la_data_out[104]_gate (1'0) -> la_data_out[104]
Presumably equivalent wires: la_data_out[103]_gold (1'0), la_data_out[103]_gate (1'0) -> la_data_out[103]
Presumably equivalent wires: la_data_out[102]_gold (1'0), la_data_out[102]_gate (1'0) -> la_data_out[102]
Presumably equivalent wires: la_data_out[101]_gold (1'0), la_data_out[101]_gate (1'0) -> la_data_out[101]
Presumably equivalent wires: la_data_out[100]_gold (1'0), la_data_out[100]_gate (1'0) -> la_data_out[100]
Presumably equivalent wires: la_data_out[99]_gold (1'0), la_data_out[99]_gate (1'0) -> la_data_out[99]
Presumably equivalent wires: la_data_out[98]_gold (1'0), la_data_out[98]_gate (1'0) -> la_data_out[98]
Presumably equivalent wires: la_data_out[97]_gold (1'0), la_data_out[97]_gate (1'0) -> la_data_out[97]
Presumably equivalent wires: la_data_out[96]_gold (1'0), la_data_out[96]_gate (1'0) -> la_data_out[96]
Presumably equivalent wires: la_data_out[95]_gold (1'0), la_data_out[95]_gate (1'0) -> la_data_out[95]
Presumably equivalent wires: la_data_out[94]_gold (1'0), la_data_out[94]_gate (1'0) -> la_data_out[94]
Presumably equivalent wires: la_data_out[93]_gold (1'0), la_data_out[93]_gate (1'0) -> la_data_out[93]
Presumably equivalent wires: la_data_out[92]_gold (1'0), la_data_out[92]_gate (1'0) -> la_data_out[92]
Presumably equivalent wires: la_data_out[91]_gold (1'0), la_data_out[91]_gate (1'0) -> la_data_out[91]
Presumably equivalent wires: la_data_out[90]_gold (1'0), la_data_out[90]_gate (1'0) -> la_data_out[90]
Presumably equivalent wires: la_data_out[89]_gold (1'0), la_data_out[89]_gate (1'0) -> la_data_out[89]
Presumably equivalent wires: la_data_out[88]_gold (1'0), la_data_out[88]_gate (1'0) -> la_data_out[88]
Presumably equivalent wires: la_data_out[87]_gold (1'0), la_data_out[87]_gate (1'0) -> la_data_out[87]
Presumably equivalent wires: la_data_out[86]_gold (1'0), la_data_out[86]_gate (1'0) -> la_data_out[86]
Presumably equivalent wires: la_data_out[85]_gold (1'0), la_data_out[85]_gate (1'0) -> la_data_out[85]
Presumably equivalent wires: la_data_out[84]_gold (1'0), la_data_out[84]_gate (1'0) -> la_data_out[84]
Presumably equivalent wires: la_data_out[83]_gold (1'0), la_data_out[83]_gate (1'0) -> la_data_out[83]
Presumably equivalent wires: la_data_out[82]_gold (1'0), la_data_out[82]_gate (1'0) -> la_data_out[82]
Presumably equivalent wires: la_data_out[81]_gold (1'0), la_data_out[81]_gate (1'0) -> la_data_out[81]
Presumably equivalent wires: la_data_out[80]_gold (1'0), la_data_out[80]_gate (1'0) -> la_data_out[80]
Presumably equivalent wires: la_data_out[79]_gold (1'0), la_data_out[79]_gate (1'0) -> la_data_out[79]
Presumably equivalent wires: la_data_out[78]_gold (1'0), la_data_out[78]_gate (1'0) -> la_data_out[78]
Presumably equivalent wires: la_data_out[77]_gold (1'0), la_data_out[77]_gate (1'0) -> la_data_out[77]
Presumably equivalent wires: la_data_out[76]_gold (1'0), la_data_out[76]_gate (1'0) -> la_data_out[76]
Presumably equivalent wires: la_data_out[75]_gold (1'0), la_data_out[75]_gate (1'0) -> la_data_out[75]
Presumably equivalent wires: la_data_out[74]_gold (1'0), la_data_out[74]_gate (1'0) -> la_data_out[74]
Presumably equivalent wires: la_data_out[73]_gold (1'0), la_data_out[73]_gate (1'0) -> la_data_out[73]
Presumably equivalent wires: la_data_out[72]_gold (1'0), la_data_out[72]_gate (1'0) -> la_data_out[72]
Presumably equivalent wires: la_data_out[71]_gold (1'0), la_data_out[71]_gate (1'0) -> la_data_out[71]
Presumably equivalent wires: la_data_out[70]_gold (1'0), la_data_out[70]_gate (1'0) -> la_data_out[70]
Presumably equivalent wires: la_data_out[69]_gold (1'0), la_data_out[69]_gate (1'0) -> la_data_out[69]
Presumably equivalent wires: la_data_out[68]_gold (1'0), la_data_out[68]_gate (1'0) -> la_data_out[68]
Presumably equivalent wires: la_data_out[67]_gold (1'0), la_data_out[67]_gate (1'0) -> la_data_out[67]
Presumably equivalent wires: la_data_out[66]_gold (1'0), la_data_out[66]_gate (1'0) -> la_data_out[66]
Presumably equivalent wires: la_data_out[65]_gold (1'0), la_data_out[65]_gate (1'0) -> la_data_out[65]
Presumably equivalent wires: la_data_out[64]_gold (1'0), la_data_out[64]_gate (1'0) -> la_data_out[64]
Presumably equivalent wires: la_data_out[63]_gold (1'0), la_data_out[63]_gate (1'0) -> la_data_out[63]
Presumably equivalent wires: la_data_out[62]_gold (1'0), la_data_out[62]_gate (1'0) -> la_data_out[62]
Presumably equivalent wires: la_data_out[61]_gold (1'0), la_data_out[61]_gate (1'0) -> la_data_out[61]
Presumably equivalent wires: la_data_out[60]_gold (1'0), la_data_out[60]_gate (1'0) -> la_data_out[60]
Presumably equivalent wires: la_data_out[59]_gold (1'0), la_data_out[59]_gate (1'0) -> la_data_out[59]
Presumably equivalent wires: la_data_out[58]_gold (1'0), la_data_out[58]_gate (1'0) -> la_data_out[58]
Presumably equivalent wires: la_data_out[57]_gold (1'0), la_data_out[57]_gate (1'0) -> la_data_out[57]
Presumably equivalent wires: la_data_out[56]_gold (1'0), la_data_out[56]_gate (1'0) -> la_data_out[56]
Presumably equivalent wires: la_data_out[55]_gold (1'0), la_data_out[55]_gate (1'0) -> la_data_out[55]
Presumably equivalent wires: la_data_out[54]_gold (1'0), la_data_out[54]_gate (1'0) -> la_data_out[54]
Presumably equivalent wires: la_data_out[53]_gold (1'0), la_data_out[53]_gate (1'0) -> la_data_out[53]
Presumably equivalent wires: la_data_out[52]_gold (1'0), la_data_out[52]_gate (1'0) -> la_data_out[52]
Presumably equivalent wires: la_data_out[51]_gold (1'0), la_data_out[51]_gate (1'0) -> la_data_out[51]
Presumably equivalent wires: la_data_out[50]_gold (1'0), la_data_out[50]_gate (1'0) -> la_data_out[50]
Presumably equivalent wires: la_data_out[49]_gold (1'0), la_data_out[49]_gate (1'0) -> la_data_out[49]
Presumably equivalent wires: la_data_out[48]_gold (1'0), la_data_out[48]_gate (1'0) -> la_data_out[48]
Presumably equivalent wires: la_data_out[47]_gold (1'0), la_data_out[47]_gate (1'0) -> la_data_out[47]
Presumably equivalent wires: la_data_out[46]_gold (1'0), la_data_out[46]_gate (1'0) -> la_data_out[46]
Presumably equivalent wires: la_data_out[45]_gold (1'0), la_data_out[45]_gate (1'0) -> la_data_out[45]
Presumably equivalent wires: la_data_out[44]_gold (1'0), la_data_out[44]_gate (1'0) -> la_data_out[44]
Presumably equivalent wires: la_data_out[43]_gold (1'0), la_data_out[43]_gate (1'0) -> la_data_out[43]
Presumably equivalent wires: la_data_out[42]_gold (1'0), la_data_out[42]_gate (1'0) -> la_data_out[42]
Presumably equivalent wires: la_data_out[41]_gold (1'0), la_data_out[41]_gate (1'0) -> la_data_out[41]
Presumably equivalent wires: la_data_out[40]_gold (1'0), la_data_out[40]_gate (1'0) -> la_data_out[40]
Presumably equivalent wires: la_data_out[39]_gold (1'0), la_data_out[39]_gate (1'0) -> la_data_out[39]
Presumably equivalent wires: la_data_out[38]_gold (1'0), la_data_out[38]_gate (1'0) -> la_data_out[38]
Presumably equivalent wires: la_data_out[37]_gold (1'0), la_data_out[37]_gate (1'0) -> la_data_out[37]
Presumably equivalent wires: la_data_out[36]_gold (1'0), la_data_out[36]_gate (1'0) -> la_data_out[36]
Presumably equivalent wires: la_data_out[35]_gold (1'0), la_data_out[35]_gate (1'0) -> la_data_out[35]
Presumably equivalent wires: la_data_out[34]_gold (1'0), la_data_out[34]_gate (1'0) -> la_data_out[34]
Presumably equivalent wires: la_data_out[33]_gold (1'0), la_data_out[33]_gate (1'0) -> la_data_out[33]
Presumably equivalent wires: la_data_out[32]_gold (1'0), la_data_out[32]_gate (1'0) -> la_data_out[32]
Presumably equivalent wires: la_data_out[31]_gold (1'0), la_data_out[31]_gate (1'0) -> la_data_out[31]
Presumably equivalent wires: la_data_out[30]_gold (1'0), la_data_out[30]_gate (1'0) -> la_data_out[30]
Presumably equivalent wires: la_data_out[29]_gold (1'0), la_data_out[29]_gate (1'0) -> la_data_out[29]
Presumably equivalent wires: la_data_out[28]_gold (1'0), la_data_out[28]_gate (1'0) -> la_data_out[28]
Presumably equivalent wires: la_data_out[27]_gold (1'0), la_data_out[27]_gate (1'0) -> la_data_out[27]
Presumably equivalent wires: la_data_out[26]_gold (1'0), la_data_out[26]_gate (1'0) -> la_data_out[26]
Presumably equivalent wires: la_data_out[25]_gold (1'0), la_data_out[25]_gate (1'0) -> la_data_out[25]
Presumably equivalent wires: la_data_out[24]_gold (1'0), la_data_out[24]_gate (1'0) -> la_data_out[24]
Presumably equivalent wires: la_data_out[23]_gold (1'0), la_data_out[23]_gate (1'0) -> la_data_out[23]
Presumably equivalent wires: la_data_out[22]_gold (1'0), la_data_out[22]_gate (1'0) -> la_data_out[22]
Presumably equivalent wires: la_data_out[21]_gold (1'0), la_data_out[21]_gate (1'0) -> la_data_out[21]
Presumably equivalent wires: la_data_out[20]_gold (1'0), la_data_out[20]_gate (1'0) -> la_data_out[20]
Presumably equivalent wires: la_data_out[19]_gold (1'0), la_data_out[19]_gate (1'0) -> la_data_out[19]
Presumably equivalent wires: la_data_out[18]_gold (1'0), la_data_out[18]_gate (1'0) -> la_data_out[18]
Presumably equivalent wires: la_data_out[17]_gold (1'0), la_data_out[17]_gate (1'0) -> la_data_out[17]
Presumably equivalent wires: la_data_out[16]_gold (1'0), la_data_out[16]_gate (1'0) -> la_data_out[16]
Presumably equivalent wires: la_data_out[15]_gold (\_LECWRAP.mprj.mprj.counter.count[15]_gold), la_data_out[15]_gate (\_LECWRAP._336_.IQ_gate) -> la_data_out[15]
Presumably equivalent wires: la_data_out[14]_gold (\_LECWRAP.mprj.mprj.counter.count[14]_gold), la_data_out[14]_gate (\_LECWRAP._335_.IQ_gate) -> la_data_out[14]
Presumably equivalent wires: la_data_out[13]_gold (\_LECWRAP.mprj.mprj.counter.count[13]_gold), la_data_out[13]_gate (\_LECWRAP._334_.IQ_gate) -> la_data_out[13]
Presumably equivalent wires: la_data_out[12]_gold (\_LECWRAP.mprj.mprj.counter.count[12]_gold), la_data_out[12]_gate (\_LECWRAP._333_.IQ_gate) -> la_data_out[12]
Presumably equivalent wires: la_data_out[11]_gold (\_LECWRAP.mprj.mprj.counter.count[11]_gold), la_data_out[11]_gate (\_LECWRAP._332_.IQ_gate) -> la_data_out[11]
Presumably equivalent wires: la_data_out[10]_gold (\_LECWRAP.mprj.mprj.counter.count[10]_gold), la_data_out[10]_gate (\_LECWRAP._331_.IQ_gate) -> la_data_out[10]
Presumably equivalent wires: la_data_out[9]_gold (\_LECWRAP.mprj.mprj.counter.count[9]_gold), la_data_out[9]_gate (\_LECWRAP._330_.IQ_gate) -> la_data_out[9]
Presumably equivalent wires: la_data_out[8]_gold (\_LECWRAP.mprj.mprj.counter.count[8]_gold), la_data_out[8]_gate (\_LECWRAP._329_.IQ_gate) -> la_data_out[8]
Presumably equivalent wires: la_data_out[7]_gold (\_LECWRAP.mprj.mprj.counter.count[7]_gold), la_data_out[7]_gate (\_LECWRAP._328_.IQ_gate) -> la_data_out[7]
Presumably equivalent wires: la_data_out[6]_gold (\_LECWRAP.mprj.mprj.counter.count[6]_gold), la_data_out[6]_gate (\_LECWRAP._327_.IQ_gate) -> la_data_out[6]
Presumably equivalent wires: la_data_out[5]_gold (\_LECWRAP.mprj.mprj.counter.count[5]_gold), la_data_out[5]_gate (\_LECWRAP._326_.IQ_gate) -> la_data_out[5]
Presumably equivalent wires: la_data_out[4]_gold (\_LECWRAP.mprj.mprj.counter.count[4]_gold), la_data_out[4]_gate (\_LECWRAP._325_.IQ_gate) -> la_data_out[4]
Presumably equivalent wires: la_data_out[3]_gold (\_LECWRAP.mprj.mprj.counter.count[3]_gold), la_data_out[3]_gate (\_LECWRAP._324_.IQ_gate) -> la_data_out[3]
Presumably equivalent wires: la_data_out[2]_gold (\_LECWRAP.mprj.mprj.counter.count[2]_gold), la_data_out[2]_gate (\_LECWRAP._323_.IQ_gate) -> la_data_out[2]
Presumably equivalent wires: la_data_out[1]_gold (\_LECWRAP.mprj.mprj.counter.count[1]_gold), la_data_out[1]_gate (\_LECWRAP._322_.IQ_gate) -> la_data_out[1]
Presumably equivalent wires: la_data_out[0]_gold (\_LECWRAP.mprj.mprj.counter.count[0]_gold), la_data_out[0]_gate (\_LECWRAP._321_.IQ_gate) -> la_data_out[0]
Presumably equivalent wires: la_data_in[127]_gold (\la_data_in[127]_gold), la_data_in[127]_gate (\la_data_in[127]_gate) -> la_data_in[127]
Presumably equivalent wires: la_data_in[126]_gold (\la_data_in[126]_gold), la_data_in[126]_gate (\la_data_in[126]_gate) -> la_data_in[126]
Presumably equivalent wires: la_data_in[125]_gold (\la_data_in[125]_gold), la_data_in[125]_gate (\la_data_in[125]_gate) -> la_data_in[125]
Presumably equivalent wires: la_data_in[124]_gold (\la_data_in[124]_gold), la_data_in[124]_gate (\la_data_in[124]_gate) -> la_data_in[124]
Presumably equivalent wires: la_data_in[123]_gold (\la_data_in[123]_gold), la_data_in[123]_gate (\la_data_in[123]_gate) -> la_data_in[123]
Presumably equivalent wires: la_data_in[122]_gold (\la_data_in[122]_gold), la_data_in[122]_gate (\la_data_in[122]_gate) -> la_data_in[122]
Presumably equivalent wires: la_data_in[121]_gold (\la_data_in[121]_gold), la_data_in[121]_gate (\la_data_in[121]_gate) -> la_data_in[121]
Presumably equivalent wires: la_data_in[120]_gold (\la_data_in[120]_gold), la_data_in[120]_gate (\la_data_in[120]_gate) -> la_data_in[120]
Presumably equivalent wires: la_data_in[119]_gold (\la_data_in[119]_gold), la_data_in[119]_gate (\la_data_in[119]_gate) -> la_data_in[119]
Presumably equivalent wires: la_data_in[118]_gold (\la_data_in[118]_gold), la_data_in[118]_gate (\la_data_in[118]_gate) -> la_data_in[118]
Presumably equivalent wires: la_data_in[117]_gold (\la_data_in[117]_gold), la_data_in[117]_gate (\la_data_in[117]_gate) -> la_data_in[117]
Presumably equivalent wires: la_data_in[116]_gold (\la_data_in[116]_gold), la_data_in[116]_gate (\la_data_in[116]_gate) -> la_data_in[116]
Presumably equivalent wires: la_data_in[115]_gold (\la_data_in[115]_gold), la_data_in[115]_gate (\la_data_in[115]_gate) -> la_data_in[115]
Presumably equivalent wires: la_data_in[114]_gold (\la_data_in[114]_gold), la_data_in[114]_gate (\la_data_in[114]_gate) -> la_data_in[114]
Presumably equivalent wires: la_data_in[113]_gold (\la_data_in[113]_gold), la_data_in[113]_gate (\la_data_in[113]_gate) -> la_data_in[113]
Presumably equivalent wires: la_data_in[112]_gold (\la_data_in[112]_gold), la_data_in[112]_gate (\la_data_in[112]_gate) -> la_data_in[112]
Presumably equivalent wires: la_data_in[111]_gold (\la_data_in[111]_gold), la_data_in[111]_gate (\la_data_in[111]_gate) -> la_data_in[111]
Presumably equivalent wires: la_data_in[110]_gold (\la_data_in[110]_gold), la_data_in[110]_gate (\la_data_in[110]_gate) -> la_data_in[110]
Presumably equivalent wires: la_data_in[109]_gold (\la_data_in[109]_gold), la_data_in[109]_gate (\la_data_in[109]_gate) -> la_data_in[109]
Presumably equivalent wires: la_data_in[108]_gold (\la_data_in[108]_gold), la_data_in[108]_gate (\la_data_in[108]_gate) -> la_data_in[108]
Presumably equivalent wires: la_data_in[107]_gold (\la_data_in[107]_gold), la_data_in[107]_gate (\la_data_in[107]_gate) -> la_data_in[107]
Presumably equivalent wires: la_data_in[106]_gold (\la_data_in[106]_gold), la_data_in[106]_gate (\la_data_in[106]_gate) -> la_data_in[106]
Presumably equivalent wires: la_data_in[105]_gold (\la_data_in[105]_gold), la_data_in[105]_gate (\la_data_in[105]_gate) -> la_data_in[105]
Presumably equivalent wires: la_data_in[104]_gold (\la_data_in[104]_gold), la_data_in[104]_gate (\la_data_in[104]_gate) -> la_data_in[104]
Presumably equivalent wires: la_data_in[103]_gold (\la_data_in[103]_gold), la_data_in[103]_gate (\la_data_in[103]_gate) -> la_data_in[103]
Presumably equivalent wires: la_data_in[102]_gold (\la_data_in[102]_gold), la_data_in[102]_gate (\la_data_in[102]_gate) -> la_data_in[102]
Presumably equivalent wires: la_data_in[101]_gold (\la_data_in[101]_gold), la_data_in[101]_gate (\la_data_in[101]_gate) -> la_data_in[101]
Presumably equivalent wires: la_data_in[100]_gold (\la_data_in[100]_gold), la_data_in[100]_gate (\la_data_in[100]_gate) -> la_data_in[100]
Presumably equivalent wires: la_data_in[99]_gold (\la_data_in[99]_gold), la_data_in[99]_gate (\la_data_in[99]_gate) -> la_data_in[99]
Presumably equivalent wires: la_data_in[98]_gold (\la_data_in[98]_gold), la_data_in[98]_gate (\la_data_in[98]_gate) -> la_data_in[98]
Presumably equivalent wires: la_data_in[97]_gold (\la_data_in[97]_gold), la_data_in[97]_gate (\la_data_in[97]_gate) -> la_data_in[97]
Presumably equivalent wires: la_data_in[96]_gold (\la_data_in[96]_gold), la_data_in[96]_gate (\la_data_in[96]_gate) -> la_data_in[96]
Presumably equivalent wires: la_data_in[95]_gold (\la_data_in[95]_gold), la_data_in[95]_gate (\la_data_in[95]_gate) -> la_data_in[95]
Presumably equivalent wires: la_data_in[94]_gold (\la_data_in[94]_gold), la_data_in[94]_gate (\la_data_in[94]_gate) -> la_data_in[94]
Presumably equivalent wires: la_data_in[93]_gold (\la_data_in[93]_gold), la_data_in[93]_gate (\la_data_in[93]_gate) -> la_data_in[93]
Presumably equivalent wires: la_data_in[92]_gold (\la_data_in[92]_gold), la_data_in[92]_gate (\la_data_in[92]_gate) -> la_data_in[92]
Presumably equivalent wires: la_data_in[91]_gold (\la_data_in[91]_gold), la_data_in[91]_gate (\la_data_in[91]_gate) -> la_data_in[91]
Presumably equivalent wires: la_data_in[90]_gold (\la_data_in[90]_gold), la_data_in[90]_gate (\la_data_in[90]_gate) -> la_data_in[90]
Presumably equivalent wires: la_data_in[89]_gold (\la_data_in[89]_gold), la_data_in[89]_gate (\la_data_in[89]_gate) -> la_data_in[89]
Presumably equivalent wires: la_data_in[88]_gold (\la_data_in[88]_gold), la_data_in[88]_gate (\la_data_in[88]_gate) -> la_data_in[88]
Presumably equivalent wires: la_data_in[87]_gold (\la_data_in[87]_gold), la_data_in[87]_gate (\la_data_in[87]_gate) -> la_data_in[87]
Presumably equivalent wires: la_data_in[86]_gold (\la_data_in[86]_gold), la_data_in[86]_gate (\la_data_in[86]_gate) -> la_data_in[86]
Presumably equivalent wires: la_data_in[85]_gold (\la_data_in[85]_gold), la_data_in[85]_gate (\la_data_in[85]_gate) -> la_data_in[85]
Presumably equivalent wires: la_data_in[84]_gold (\la_data_in[84]_gold), la_data_in[84]_gate (\la_data_in[84]_gate) -> la_data_in[84]
Presumably equivalent wires: la_data_in[83]_gold (\la_data_in[83]_gold), la_data_in[83]_gate (\la_data_in[83]_gate) -> la_data_in[83]
Presumably equivalent wires: la_data_in[82]_gold (\la_data_in[82]_gold), la_data_in[82]_gate (\la_data_in[82]_gate) -> la_data_in[82]
Presumably equivalent wires: la_data_in[81]_gold (\la_data_in[81]_gold), la_data_in[81]_gate (\la_data_in[81]_gate) -> la_data_in[81]
Presumably equivalent wires: la_data_in[80]_gold (\la_data_in[80]_gold), la_data_in[80]_gate (\la_data_in[80]_gate) -> la_data_in[80]
Presumably equivalent wires: la_data_in[79]_gold (\la_data_in[79]_gold), la_data_in[79]_gate (\la_data_in[79]_gate) -> la_data_in[79]
Presumably equivalent wires: la_data_in[78]_gold (\la_data_in[78]_gold), la_data_in[78]_gate (\la_data_in[78]_gate) -> la_data_in[78]
Presumably equivalent wires: la_data_in[77]_gold (\la_data_in[77]_gold), la_data_in[77]_gate (\la_data_in[77]_gate) -> la_data_in[77]
Presumably equivalent wires: la_data_in[76]_gold (\la_data_in[76]_gold), la_data_in[76]_gate (\la_data_in[76]_gate) -> la_data_in[76]
Presumably equivalent wires: la_data_in[75]_gold (\la_data_in[75]_gold), la_data_in[75]_gate (\la_data_in[75]_gate) -> la_data_in[75]
Presumably equivalent wires: la_data_in[74]_gold (\la_data_in[74]_gold), la_data_in[74]_gate (\la_data_in[74]_gate) -> la_data_in[74]
Presumably equivalent wires: la_data_in[73]_gold (\la_data_in[73]_gold), la_data_in[73]_gate (\la_data_in[73]_gate) -> la_data_in[73]
Presumably equivalent wires: la_data_in[72]_gold (\la_data_in[72]_gold), la_data_in[72]_gate (\la_data_in[72]_gate) -> la_data_in[72]
Presumably equivalent wires: la_data_in[71]_gold (\la_data_in[71]_gold), la_data_in[71]_gate (\la_data_in[71]_gate) -> la_data_in[71]
Presumably equivalent wires: la_data_in[70]_gold (\la_data_in[70]_gold), la_data_in[70]_gate (\la_data_in[70]_gate) -> la_data_in[70]
Presumably equivalent wires: la_data_in[69]_gold (\la_data_in[69]_gold), la_data_in[69]_gate (\la_data_in[69]_gate) -> la_data_in[69]
Presumably equivalent wires: la_data_in[68]_gold (\la_data_in[68]_gold), la_data_in[68]_gate (\la_data_in[68]_gate) -> la_data_in[68]
Presumably equivalent wires: la_data_in[67]_gold (\la_data_in[67]_gold), la_data_in[67]_gate (\la_data_in[67]_gate) -> la_data_in[67]
Presumably equivalent wires: la_data_in[66]_gold (\la_data_in[66]_gold), la_data_in[66]_gate (\la_data_in[66]_gate) -> la_data_in[66]
Presumably equivalent wires: la_data_in[65]_gold (\la_data_in[65]_gold), la_data_in[65]_gate (\la_data_in[65]_gate) -> la_data_in[65]
Presumably equivalent wires: la_data_in[64]_gold (\la_data_in[64]_gold), la_data_in[64]_gate (\la_data_in[64]_gate) -> la_data_in[64]
Presumably equivalent wires: la_data_in[63]_gold (\la_data_in[63]_gold), la_data_in[63]_gate (\la_data_in[63]_gate) -> la_data_in[63]
Presumably equivalent wires: la_data_in[62]_gold (\la_data_in[62]_gold), la_data_in[62]_gate (\la_data_in[62]_gate) -> la_data_in[62]
Presumably equivalent wires: la_data_in[61]_gold (\la_data_in[61]_gold), la_data_in[61]_gate (\la_data_in[61]_gate) -> la_data_in[61]
Presumably equivalent wires: la_data_in[60]_gold (\la_data_in[60]_gold), la_data_in[60]_gate (\la_data_in[60]_gate) -> la_data_in[60]
Presumably equivalent wires: la_data_in[59]_gold (\la_data_in[59]_gold), la_data_in[59]_gate (\la_data_in[59]_gate) -> la_data_in[59]
Presumably equivalent wires: la_data_in[58]_gold (\la_data_in[58]_gold), la_data_in[58]_gate (\la_data_in[58]_gate) -> la_data_in[58]
Presumably equivalent wires: la_data_in[57]_gold (\la_data_in[57]_gold), la_data_in[57]_gate (\la_data_in[57]_gate) -> la_data_in[57]
Presumably equivalent wires: la_data_in[56]_gold (\la_data_in[56]_gold), la_data_in[56]_gate (\la_data_in[56]_gate) -> la_data_in[56]
Presumably equivalent wires: la_data_in[55]_gold (\la_data_in[55]_gold), la_data_in[55]_gate (\la_data_in[55]_gate) -> la_data_in[55]
Presumably equivalent wires: la_data_in[54]_gold (\la_data_in[54]_gold), la_data_in[54]_gate (\la_data_in[54]_gate) -> la_data_in[54]
Presumably equivalent wires: la_data_in[53]_gold (\la_data_in[53]_gold), la_data_in[53]_gate (\la_data_in[53]_gate) -> la_data_in[53]
Presumably equivalent wires: la_data_in[52]_gold (\la_data_in[52]_gold), la_data_in[52]_gate (\la_data_in[52]_gate) -> la_data_in[52]
Presumably equivalent wires: la_data_in[51]_gold (\la_data_in[51]_gold), la_data_in[51]_gate (\la_data_in[51]_gate) -> la_data_in[51]
Presumably equivalent wires: la_data_in[50]_gold (\la_data_in[50]_gold), la_data_in[50]_gate (\la_data_in[50]_gate) -> la_data_in[50]
Presumably equivalent wires: la_data_in[49]_gold (\la_data_in[49]_gold), la_data_in[49]_gate (\la_data_in[49]_gate) -> la_data_in[49]
Presumably equivalent wires: la_data_in[48]_gold (\la_data_in[48]_gold), la_data_in[48]_gate (\la_data_in[48]_gate) -> la_data_in[48]
Presumably equivalent wires: la_data_in[47]_gold (\la_data_in[47]_gold), la_data_in[47]_gate (\la_data_in[47]_gate) -> la_data_in[47]
Presumably equivalent wires: la_data_in[46]_gold (\la_data_in[46]_gold), la_data_in[46]_gate (\la_data_in[46]_gate) -> la_data_in[46]
Presumably equivalent wires: la_data_in[45]_gold (\la_data_in[45]_gold), la_data_in[45]_gate (\la_data_in[45]_gate) -> la_data_in[45]
Presumably equivalent wires: la_data_in[44]_gold (\la_data_in[44]_gold), la_data_in[44]_gate (\la_data_in[44]_gate) -> la_data_in[44]
Presumably equivalent wires: la_data_in[43]_gold (\la_data_in[43]_gold), la_data_in[43]_gate (\la_data_in[43]_gate) -> la_data_in[43]
Presumably equivalent wires: la_data_in[42]_gold (\la_data_in[42]_gold), la_data_in[42]_gate (\la_data_in[42]_gate) -> la_data_in[42]
Presumably equivalent wires: la_data_in[41]_gold (\la_data_in[41]_gold), la_data_in[41]_gate (\la_data_in[41]_gate) -> la_data_in[41]
Presumably equivalent wires: la_data_in[40]_gold (\la_data_in[40]_gold), la_data_in[40]_gate (\la_data_in[40]_gate) -> la_data_in[40]
Presumably equivalent wires: la_data_in[39]_gold (\la_data_in[39]_gold), la_data_in[39]_gate (\la_data_in[39]_gate) -> la_data_in[39]
Presumably equivalent wires: la_data_in[38]_gold (\la_data_in[38]_gold), la_data_in[38]_gate (\la_data_in[38]_gate) -> la_data_in[38]
Presumably equivalent wires: la_data_in[37]_gold (\la_data_in[37]_gold), la_data_in[37]_gate (\la_data_in[37]_gate) -> la_data_in[37]
Presumably equivalent wires: la_data_in[36]_gold (\la_data_in[36]_gold), la_data_in[36]_gate (\la_data_in[36]_gate) -> la_data_in[36]
Presumably equivalent wires: la_data_in[35]_gold (\la_data_in[35]_gold), la_data_in[35]_gate (\la_data_in[35]_gate) -> la_data_in[35]
Presumably equivalent wires: la_data_in[34]_gold (\la_data_in[34]_gold), la_data_in[34]_gate (\la_data_in[34]_gate) -> la_data_in[34]
Presumably equivalent wires: la_data_in[33]_gold (\la_data_in[33]_gold), la_data_in[33]_gate (\la_data_in[33]_gate) -> la_data_in[33]
Presumably equivalent wires: la_data_in[32]_gold (\la_data_in[32]_gold), la_data_in[32]_gate (\la_data_in[32]_gate) -> la_data_in[32]
Presumably equivalent wires: la_data_in[31]_gold (\la_data_in[31]_gold), la_data_in[31]_gate (\la_data_in[31]_gate) -> la_data_in[31]
Presumably equivalent wires: la_data_in[30]_gold (\la_data_in[30]_gold), la_data_in[30]_gate (\la_data_in[30]_gate) -> la_data_in[30]
Presumably equivalent wires: la_data_in[29]_gold (\la_data_in[29]_gold), la_data_in[29]_gate (\la_data_in[29]_gate) -> la_data_in[29]
Presumably equivalent wires: la_data_in[28]_gold (\la_data_in[28]_gold), la_data_in[28]_gate (\la_data_in[28]_gate) -> la_data_in[28]
Presumably equivalent wires: la_data_in[27]_gold (\la_data_in[27]_gold), la_data_in[27]_gate (\la_data_in[27]_gate) -> la_data_in[27]
Presumably equivalent wires: la_data_in[26]_gold (\la_data_in[26]_gold), la_data_in[26]_gate (\la_data_in[26]_gate) -> la_data_in[26]
Presumably equivalent wires: la_data_in[25]_gold (\la_data_in[25]_gold), la_data_in[25]_gate (\la_data_in[25]_gate) -> la_data_in[25]
Presumably equivalent wires: la_data_in[24]_gold (\la_data_in[24]_gold), la_data_in[24]_gate (\la_data_in[24]_gate) -> la_data_in[24]
Presumably equivalent wires: la_data_in[23]_gold (\la_data_in[23]_gold), la_data_in[23]_gate (\la_data_in[23]_gate) -> la_data_in[23]
Presumably equivalent wires: la_data_in[22]_gold (\la_data_in[22]_gold), la_data_in[22]_gate (\la_data_in[22]_gate) -> la_data_in[22]
Presumably equivalent wires: la_data_in[21]_gold (\la_data_in[21]_gold), la_data_in[21]_gate (\la_data_in[21]_gate) -> la_data_in[21]
Presumably equivalent wires: la_data_in[20]_gold (\la_data_in[20]_gold), la_data_in[20]_gate (\la_data_in[20]_gate) -> la_data_in[20]
Presumably equivalent wires: la_data_in[19]_gold (\la_data_in[19]_gold), la_data_in[19]_gate (\la_data_in[19]_gate) -> la_data_in[19]
Presumably equivalent wires: la_data_in[18]_gold (\la_data_in[18]_gold), la_data_in[18]_gate (\la_data_in[18]_gate) -> la_data_in[18]
Presumably equivalent wires: la_data_in[17]_gold (\la_data_in[17]_gold), la_data_in[17]_gate (\la_data_in[17]_gate) -> la_data_in[17]
Presumably equivalent wires: la_data_in[16]_gold (\la_data_in[16]_gold), la_data_in[16]_gate (\la_data_in[16]_gate) -> la_data_in[16]
Presumably equivalent wires: la_data_in[15]_gold (\la_data_in[15]_gold), la_data_in[15]_gate (\la_data_in[15]_gate) -> la_data_in[15]
Presumably equivalent wires: la_data_in[14]_gold (\la_data_in[14]_gold), la_data_in[14]_gate (\la_data_in[14]_gate) -> la_data_in[14]
Presumably equivalent wires: la_data_in[13]_gold (\la_data_in[13]_gold), la_data_in[13]_gate (\la_data_in[13]_gate) -> la_data_in[13]
Presumably equivalent wires: la_data_in[12]_gold (\la_data_in[12]_gold), la_data_in[12]_gate (\la_data_in[12]_gate) -> la_data_in[12]
Presumably equivalent wires: la_data_in[11]_gold (\la_data_in[11]_gold), la_data_in[11]_gate (\la_data_in[11]_gate) -> la_data_in[11]
Presumably equivalent wires: la_data_in[10]_gold (\la_data_in[10]_gold), la_data_in[10]_gate (\la_data_in[10]_gate) -> la_data_in[10]
Presumably equivalent wires: la_data_in[9]_gold (\la_data_in[9]_gold), la_data_in[9]_gate (\la_data_in[9]_gate) -> la_data_in[9]
Presumably equivalent wires: la_data_in[8]_gold (\la_data_in[8]_gold), la_data_in[8]_gate (\la_data_in[8]_gate) -> la_data_in[8]
Presumably equivalent wires: la_data_in[7]_gold (\la_data_in[7]_gold), la_data_in[7]_gate (\la_data_in[7]_gate) -> la_data_in[7]
Presumably equivalent wires: la_data_in[6]_gold (\la_data_in[6]_gold), la_data_in[6]_gate (\la_data_in[6]_gate) -> la_data_in[6]
Presumably equivalent wires: la_data_in[5]_gold (\la_data_in[5]_gold), la_data_in[5]_gate (\la_data_in[5]_gate) -> la_data_in[5]
Presumably equivalent wires: la_data_in[4]_gold (\la_data_in[4]_gold), la_data_in[4]_gate (\la_data_in[4]_gate) -> la_data_in[4]
Presumably equivalent wires: la_data_in[3]_gold (\la_data_in[3]_gold), la_data_in[3]_gate (\la_data_in[3]_gate) -> la_data_in[3]
Presumably equivalent wires: la_data_in[2]_gold (\la_data_in[2]_gold), la_data_in[2]_gate (\la_data_in[2]_gate) -> la_data_in[2]
Presumably equivalent wires: la_data_in[1]_gold (\la_data_in[1]_gold), la_data_in[1]_gate (\la_data_in[1]_gate) -> la_data_in[1]
Presumably equivalent wires: la_data_in[0]_gold (\la_data_in[0]_gold), la_data_in[0]_gate (\la_data_in[0]_gate) -> la_data_in[0]
Presumably equivalent wires: wbs_dat_o[31]_gold (1'0), wbs_dat_o[31]_gate (1'0) -> wbs_dat_o[31]
Presumably equivalent wires: wbs_dat_o[30]_gold (1'0), wbs_dat_o[30]_gate (1'0) -> wbs_dat_o[30]
Presumably equivalent wires: wbs_dat_o[29]_gold (1'0), wbs_dat_o[29]_gate (1'0) -> wbs_dat_o[29]
Presumably equivalent wires: wbs_dat_o[28]_gold (1'0), wbs_dat_o[28]_gate (1'0) -> wbs_dat_o[28]
Presumably equivalent wires: wbs_dat_o[27]_gold (1'0), wbs_dat_o[27]_gate (1'0) -> wbs_dat_o[27]
Presumably equivalent wires: wbs_dat_o[26]_gold (1'0), wbs_dat_o[26]_gate (1'0) -> wbs_dat_o[26]
Presumably equivalent wires: wbs_dat_o[25]_gold (1'0), wbs_dat_o[25]_gate (1'0) -> wbs_dat_o[25]
Presumably equivalent wires: wbs_dat_o[24]_gold (1'0), wbs_dat_o[24]_gate (1'0) -> wbs_dat_o[24]
Presumably equivalent wires: wbs_dat_o[23]_gold (1'0), wbs_dat_o[23]_gate (1'0) -> wbs_dat_o[23]
Presumably equivalent wires: wbs_dat_o[22]_gold (1'0), wbs_dat_o[22]_gate (1'0) -> wbs_dat_o[22]
Presumably equivalent wires: wbs_dat_o[21]_gold (1'0), wbs_dat_o[21]_gate (1'0) -> wbs_dat_o[21]
Presumably equivalent wires: wbs_dat_o[20]_gold (1'0), wbs_dat_o[20]_gate (1'0) -> wbs_dat_o[20]
Presumably equivalent wires: wbs_dat_o[19]_gold (1'0), wbs_dat_o[19]_gate (1'0) -> wbs_dat_o[19]
Presumably equivalent wires: wbs_dat_o[18]_gold (1'0), wbs_dat_o[18]_gate (1'0) -> wbs_dat_o[18]
Presumably equivalent wires: wbs_dat_o[17]_gold (1'0), wbs_dat_o[17]_gate (1'0) -> wbs_dat_o[17]
Presumably equivalent wires: wbs_dat_o[16]_gold (1'0), wbs_dat_o[16]_gate (1'0) -> wbs_dat_o[16]
Presumably equivalent wires: wbs_dat_o[15]_gold (\_LECWRAP.mprj.mprj.counter.rdata[15]_gold), wbs_dat_o[15]_gate (\_LECWRAP._352_.IQ_gate) -> wbs_dat_o[15]
Presumably equivalent wires: wbs_dat_o[14]_gold (\_LECWRAP.mprj.mprj.counter.rdata[14]_gold), wbs_dat_o[14]_gate (\_LECWRAP._351_.IQ_gate) -> wbs_dat_o[14]
Presumably equivalent wires: wbs_dat_o[13]_gold (\_LECWRAP.mprj.mprj.counter.rdata[13]_gold), wbs_dat_o[13]_gate (\_LECWRAP._350_.IQ_gate) -> wbs_dat_o[13]
Presumably equivalent wires: wbs_dat_o[12]_gold (\_LECWRAP.mprj.mprj.counter.rdata[12]_gold), wbs_dat_o[12]_gate (\_LECWRAP._349_.IQ_gate) -> wbs_dat_o[12]
Presumably equivalent wires: wbs_dat_o[11]_gold (\_LECWRAP.mprj.mprj.counter.rdata[11]_gold), wbs_dat_o[11]_gate (\_LECWRAP._348_.IQ_gate) -> wbs_dat_o[11]
Presumably equivalent wires: wbs_dat_o[10]_gold (\_LECWRAP.mprj.mprj.counter.rdata[10]_gold), wbs_dat_o[10]_gate (\_LECWRAP._347_.IQ_gate) -> wbs_dat_o[10]
Presumably equivalent wires: wbs_dat_o[9]_gold (\_LECWRAP.mprj.mprj.counter.rdata[9]_gold), wbs_dat_o[9]_gate (\_LECWRAP._346_.IQ_gate) -> wbs_dat_o[9]
Presumably equivalent wires: wbs_dat_o[8]_gold (\_LECWRAP.mprj.mprj.counter.rdata[8]_gold), wbs_dat_o[8]_gate (\_LECWRAP._345_.IQ_gate) -> wbs_dat_o[8]
Presumably equivalent wires: wbs_dat_o[7]_gold (\_LECWRAP.mprj.mprj.counter.rdata[7]_gold), wbs_dat_o[7]_gate (\_LECWRAP._344_.IQ_gate) -> wbs_dat_o[7]
Presumably equivalent wires: wbs_dat_o[6]_gold (\_LECWRAP.mprj.mprj.counter.rdata[6]_gold), wbs_dat_o[6]_gate (\_LECWRAP._343_.IQ_gate) -> wbs_dat_o[6]
Presumably equivalent wires: wbs_dat_o[5]_gold (\_LECWRAP.mprj.mprj.counter.rdata[5]_gold), wbs_dat_o[5]_gate (\_LECWRAP._342_.IQ_gate) -> wbs_dat_o[5]
Presumably equivalent wires: wbs_dat_o[4]_gold (\_LECWRAP.mprj.mprj.counter.rdata[4]_gold), wbs_dat_o[4]_gate (\_LECWRAP._341_.IQ_gate) -> wbs_dat_o[4]
Presumably equivalent wires: wbs_dat_o[3]_gold (\_LECWRAP.mprj.mprj.counter.rdata[3]_gold), wbs_dat_o[3]_gate (\_LECWRAP._340_.IQ_gate) -> wbs_dat_o[3]
Presumably equivalent wires: wbs_dat_o[2]_gold (\_LECWRAP.mprj.mprj.counter.rdata[2]_gold), wbs_dat_o[2]_gate (\_LECWRAP._339_.IQ_gate) -> wbs_dat_o[2]
Presumably equivalent wires: wbs_dat_o[1]_gold (\_LECWRAP.mprj.mprj.counter.rdata[1]_gold), wbs_dat_o[1]_gate (\_LECWRAP._338_.IQ_gate) -> wbs_dat_o[1]
Presumably equivalent wires: wbs_dat_o[0]_gold (\_LECWRAP.mprj.mprj.counter.rdata[0]_gold), wbs_dat_o[0]_gate (\_LECWRAP._337_.IQ_gate) -> wbs_dat_o[0]
Presumably equivalent wires: wbs_adr_i[31]_gold (\wbs_adr_i[31]_gold), wbs_adr_i[31]_gate (\wbs_adr_i[31]_gate) -> wbs_adr_i[31]
Presumably equivalent wires: wbs_adr_i[30]_gold (\wbs_adr_i[30]_gold), wbs_adr_i[30]_gate (\wbs_adr_i[30]_gate) -> wbs_adr_i[30]
Presumably equivalent wires: wbs_adr_i[29]_gold (\wbs_adr_i[29]_gold), wbs_adr_i[29]_gate (\wbs_adr_i[29]_gate) -> wbs_adr_i[29]
Presumably equivalent wires: wbs_adr_i[28]_gold (\wbs_adr_i[28]_gold), wbs_adr_i[28]_gate (\wbs_adr_i[28]_gate) -> wbs_adr_i[28]
Presumably equivalent wires: wbs_adr_i[27]_gold (\wbs_adr_i[27]_gold), wbs_adr_i[27]_gate (\wbs_adr_i[27]_gate) -> wbs_adr_i[27]
Presumably equivalent wires: wbs_adr_i[26]_gold (\wbs_adr_i[26]_gold), wbs_adr_i[26]_gate (\wbs_adr_i[26]_gate) -> wbs_adr_i[26]
Presumably equivalent wires: wbs_adr_i[25]_gold (\wbs_adr_i[25]_gold), wbs_adr_i[25]_gate (\wbs_adr_i[25]_gate) -> wbs_adr_i[25]
Presumably equivalent wires: wbs_adr_i[24]_gold (\wbs_adr_i[24]_gold), wbs_adr_i[24]_gate (\wbs_adr_i[24]_gate) -> wbs_adr_i[24]
Presumably equivalent wires: wbs_adr_i[23]_gold (\wbs_adr_i[23]_gold), wbs_adr_i[23]_gate (\wbs_adr_i[23]_gate) -> wbs_adr_i[23]
Presumably equivalent wires: wbs_adr_i[22]_gold (\wbs_adr_i[22]_gold), wbs_adr_i[22]_gate (\wbs_adr_i[22]_gate) -> wbs_adr_i[22]
Presumably equivalent wires: wbs_adr_i[21]_gold (\wbs_adr_i[21]_gold), wbs_adr_i[21]_gate (\wbs_adr_i[21]_gate) -> wbs_adr_i[21]
Presumably equivalent wires: wbs_adr_i[20]_gold (\wbs_adr_i[20]_gold), wbs_adr_i[20]_gate (\wbs_adr_i[20]_gate) -> wbs_adr_i[20]
Presumably equivalent wires: wbs_adr_i[19]_gold (\wbs_adr_i[19]_gold), wbs_adr_i[19]_gate (\wbs_adr_i[19]_gate) -> wbs_adr_i[19]
Presumably equivalent wires: wbs_adr_i[18]_gold (\wbs_adr_i[18]_gold), wbs_adr_i[18]_gate (\wbs_adr_i[18]_gate) -> wbs_adr_i[18]
Presumably equivalent wires: wbs_adr_i[17]_gold (\wbs_adr_i[17]_gold), wbs_adr_i[17]_gate (\wbs_adr_i[17]_gate) -> wbs_adr_i[17]
Presumably equivalent wires: wbs_adr_i[16]_gold (\wbs_adr_i[16]_gold), wbs_adr_i[16]_gate (\wbs_adr_i[16]_gate) -> wbs_adr_i[16]
Presumably equivalent wires: wbs_adr_i[15]_gold (\wbs_adr_i[15]_gold), wbs_adr_i[15]_gate (\wbs_adr_i[15]_gate) -> wbs_adr_i[15]
Presumably equivalent wires: wbs_adr_i[14]_gold (\wbs_adr_i[14]_gold), wbs_adr_i[14]_gate (\wbs_adr_i[14]_gate) -> wbs_adr_i[14]
Presumably equivalent wires: wbs_adr_i[13]_gold (\wbs_adr_i[13]_gold), wbs_adr_i[13]_gate (\wbs_adr_i[13]_gate) -> wbs_adr_i[13]
Presumably equivalent wires: wbs_adr_i[12]_gold (\wbs_adr_i[12]_gold), wbs_adr_i[12]_gate (\wbs_adr_i[12]_gate) -> wbs_adr_i[12]
Presumably equivalent wires: wbs_adr_i[11]_gold (\wbs_adr_i[11]_gold), wbs_adr_i[11]_gate (\wbs_adr_i[11]_gate) -> wbs_adr_i[11]
Presumably equivalent wires: wbs_adr_i[10]_gold (\wbs_adr_i[10]_gold), wbs_adr_i[10]_gate (\wbs_adr_i[10]_gate) -> wbs_adr_i[10]
Presumably equivalent wires: wbs_adr_i[9]_gold (\wbs_adr_i[9]_gold), wbs_adr_i[9]_gate (\wbs_adr_i[9]_gate) -> wbs_adr_i[9]
Presumably equivalent wires: wbs_adr_i[8]_gold (\wbs_adr_i[8]_gold), wbs_adr_i[8]_gate (\wbs_adr_i[8]_gate) -> wbs_adr_i[8]
Presumably equivalent wires: wbs_adr_i[7]_gold (\wbs_adr_i[7]_gold), wbs_adr_i[7]_gate (\wbs_adr_i[7]_gate) -> wbs_adr_i[7]
Presumably equivalent wires: wbs_adr_i[6]_gold (\wbs_adr_i[6]_gold), wbs_adr_i[6]_gate (\wbs_adr_i[6]_gate) -> wbs_adr_i[6]
Presumably equivalent wires: wbs_adr_i[5]_gold (\wbs_adr_i[5]_gold), wbs_adr_i[5]_gate (\wbs_adr_i[5]_gate) -> wbs_adr_i[5]
Presumably equivalent wires: wbs_adr_i[4]_gold (\wbs_adr_i[4]_gold), wbs_adr_i[4]_gate (\wbs_adr_i[4]_gate) -> wbs_adr_i[4]
Presumably equivalent wires: wbs_adr_i[3]_gold (\wbs_adr_i[3]_gold), wbs_adr_i[3]_gate (\wbs_adr_i[3]_gate) -> wbs_adr_i[3]
Presumably equivalent wires: wbs_adr_i[2]_gold (\wbs_adr_i[2]_gold), wbs_adr_i[2]_gate (\wbs_adr_i[2]_gate) -> wbs_adr_i[2]
Presumably equivalent wires: wbs_adr_i[1]_gold (\wbs_adr_i[1]_gold), wbs_adr_i[1]_gate (\wbs_adr_i[1]_gate) -> wbs_adr_i[1]
Presumably equivalent wires: wbs_adr_i[0]_gold (\wbs_adr_i[0]_gold), wbs_adr_i[0]_gate (\wbs_adr_i[0]_gate) -> wbs_adr_i[0]
Presumably equivalent wires: wbs_dat_i[31]_gold (\wbs_dat_i[31]_gold), wbs_dat_i[31]_gate (\wbs_dat_i[31]_gate) -> wbs_dat_i[31]
Presumably equivalent wires: wbs_dat_i[30]_gold (\wbs_dat_i[30]_gold), wbs_dat_i[30]_gate (\wbs_dat_i[30]_gate) -> wbs_dat_i[30]
Presumably equivalent wires: wbs_dat_i[29]_gold (\wbs_dat_i[29]_gold), wbs_dat_i[29]_gate (\wbs_dat_i[29]_gate) -> wbs_dat_i[29]
Presumably equivalent wires: wbs_dat_i[28]_gold (\wbs_dat_i[28]_gold), wbs_dat_i[28]_gate (\wbs_dat_i[28]_gate) -> wbs_dat_i[28]
Presumably equivalent wires: wbs_dat_i[27]_gold (\wbs_dat_i[27]_gold), wbs_dat_i[27]_gate (\wbs_dat_i[27]_gate) -> wbs_dat_i[27]
Presumably equivalent wires: wbs_dat_i[26]_gold (\wbs_dat_i[26]_gold), wbs_dat_i[26]_gate (\wbs_dat_i[26]_gate) -> wbs_dat_i[26]
Presumably equivalent wires: wbs_dat_i[25]_gold (\wbs_dat_i[25]_gold), wbs_dat_i[25]_gate (\wbs_dat_i[25]_gate) -> wbs_dat_i[25]
Presumably equivalent wires: wbs_dat_i[24]_gold (\wbs_dat_i[24]_gold), wbs_dat_i[24]_gate (\wbs_dat_i[24]_gate) -> wbs_dat_i[24]
Presumably equivalent wires: wbs_dat_i[23]_gold (\wbs_dat_i[23]_gold), wbs_dat_i[23]_gate (\wbs_dat_i[23]_gate) -> wbs_dat_i[23]
Presumably equivalent wires: wbs_dat_i[22]_gold (\wbs_dat_i[22]_gold), wbs_dat_i[22]_gate (\wbs_dat_i[22]_gate) -> wbs_dat_i[22]
Presumably equivalent wires: wbs_dat_i[21]_gold (\wbs_dat_i[21]_gold), wbs_dat_i[21]_gate (\wbs_dat_i[21]_gate) -> wbs_dat_i[21]
Presumably equivalent wires: wbs_dat_i[20]_gold (\wbs_dat_i[20]_gold), wbs_dat_i[20]_gate (\wbs_dat_i[20]_gate) -> wbs_dat_i[20]
Presumably equivalent wires: wbs_dat_i[19]_gold (\wbs_dat_i[19]_gold), wbs_dat_i[19]_gate (\wbs_dat_i[19]_gate) -> wbs_dat_i[19]
Presumably equivalent wires: wbs_dat_i[18]_gold (\wbs_dat_i[18]_gold), wbs_dat_i[18]_gate (\wbs_dat_i[18]_gate) -> wbs_dat_i[18]
Presumably equivalent wires: wbs_dat_i[17]_gold (\wbs_dat_i[17]_gold), wbs_dat_i[17]_gate (\wbs_dat_i[17]_gate) -> wbs_dat_i[17]
Presumably equivalent wires: wbs_dat_i[16]_gold (\wbs_dat_i[16]_gold), wbs_dat_i[16]_gate (\wbs_dat_i[16]_gate) -> wbs_dat_i[16]
Presumably equivalent wires: wbs_dat_i[15]_gold (\wbs_dat_i[15]_gold), wbs_dat_i[15]_gate (\wbs_dat_i[15]_gate) -> wbs_dat_i[15]
Presumably equivalent wires: wbs_dat_i[14]_gold (\wbs_dat_i[14]_gold), wbs_dat_i[14]_gate (\wbs_dat_i[14]_gate) -> wbs_dat_i[14]
Presumably equivalent wires: wbs_dat_i[13]_gold (\wbs_dat_i[13]_gold), wbs_dat_i[13]_gate (\wbs_dat_i[13]_gate) -> wbs_dat_i[13]
Presumably equivalent wires: wbs_dat_i[12]_gold (\wbs_dat_i[12]_gold), wbs_dat_i[12]_gate (\wbs_dat_i[12]_gate) -> wbs_dat_i[12]
Presumably equivalent wires: wbs_dat_i[11]_gold (\wbs_dat_i[11]_gold), wbs_dat_i[11]_gate (\wbs_dat_i[11]_gate) -> wbs_dat_i[11]
Presumably equivalent wires: wbs_dat_i[10]_gold (\wbs_dat_i[10]_gold), wbs_dat_i[10]_gate (\wbs_dat_i[10]_gate) -> wbs_dat_i[10]
Presumably equivalent wires: wbs_dat_i[9]_gold (\wbs_dat_i[9]_gold), wbs_dat_i[9]_gate (\wbs_dat_i[9]_gate) -> wbs_dat_i[9]
Presumably equivalent wires: wbs_dat_i[8]_gold (\wbs_dat_i[8]_gold), wbs_dat_i[8]_gate (\wbs_dat_i[8]_gate) -> wbs_dat_i[8]
Presumably equivalent wires: wbs_dat_i[7]_gold (\wbs_dat_i[7]_gold), wbs_dat_i[7]_gate (\wbs_dat_i[7]_gate) -> wbs_dat_i[7]
Presumably equivalent wires: wbs_dat_i[6]_gold (\wbs_dat_i[6]_gold), wbs_dat_i[6]_gate (\wbs_dat_i[6]_gate) -> wbs_dat_i[6]
Presumably equivalent wires: wbs_dat_i[5]_gold (\wbs_dat_i[5]_gold), wbs_dat_i[5]_gate (\wbs_dat_i[5]_gate) -> wbs_dat_i[5]
Presumably equivalent wires: wbs_dat_i[4]_gold (\wbs_dat_i[4]_gold), wbs_dat_i[4]_gate (\wbs_dat_i[4]_gate) -> wbs_dat_i[4]
Presumably equivalent wires: wbs_dat_i[3]_gold (\wbs_dat_i[3]_gold), wbs_dat_i[3]_gate (\wbs_dat_i[3]_gate) -> wbs_dat_i[3]
Presumably equivalent wires: wbs_dat_i[2]_gold (\wbs_dat_i[2]_gold), wbs_dat_i[2]_gate (\wbs_dat_i[2]_gate) -> wbs_dat_i[2]
Presumably equivalent wires: wbs_dat_i[1]_gold (\wbs_dat_i[1]_gold), wbs_dat_i[1]_gate (\wbs_dat_i[1]_gate) -> wbs_dat_i[1]
Presumably equivalent wires: wbs_dat_i[0]_gold (\wbs_dat_i[0]_gold), wbs_dat_i[0]_gate (\wbs_dat_i[0]_gate) -> wbs_dat_i[0]
Presumably equivalent wires: wbs_sel_i[3]_gold (\wbs_sel_i[3]_gold), wbs_sel_i[3]_gate (\wbs_sel_i[3]_gate) -> wbs_sel_i[3]
Presumably equivalent wires: wbs_sel_i[2]_gold (\wbs_sel_i[2]_gold), wbs_sel_i[2]_gate (\wbs_sel_i[2]_gate) -> wbs_sel_i[2]
Presumably equivalent wires: wbs_sel_i[1]_gold (\wbs_sel_i[1]_gold), wbs_sel_i[1]_gate (\wbs_sel_i[1]_gate) -> wbs_sel_i[1]
Presumably equivalent wires: wbs_sel_i[0]_gold (\wbs_sel_i[0]_gold), wbs_sel_i[0]_gate (\wbs_sel_i[0]_gate) -> wbs_sel_i[0]
Presumably equivalent wires: la_oenb[127]_gold (\la_oenb[127]_gold), la_oenb[127]_gate (\la_oenb[127]_gate) -> la_oenb[127]
Presumably equivalent wires: la_oenb[126]_gold (\la_oenb[126]_gold), la_oenb[126]_gate (\la_oenb[126]_gate) -> la_oenb[126]
Presumably equivalent wires: la_oenb[125]_gold (\la_oenb[125]_gold), la_oenb[125]_gate (\la_oenb[125]_gate) -> la_oenb[125]
Presumably equivalent wires: la_oenb[124]_gold (\la_oenb[124]_gold), la_oenb[124]_gate (\la_oenb[124]_gate) -> la_oenb[124]
Presumably equivalent wires: la_oenb[123]_gold (\la_oenb[123]_gold), la_oenb[123]_gate (\la_oenb[123]_gate) -> la_oenb[123]
Presumably equivalent wires: la_oenb[122]_gold (\la_oenb[122]_gold), la_oenb[122]_gate (\la_oenb[122]_gate) -> la_oenb[122]
Presumably equivalent wires: la_oenb[121]_gold (\la_oenb[121]_gold), la_oenb[121]_gate (\la_oenb[121]_gate) -> la_oenb[121]
Presumably equivalent wires: la_oenb[120]_gold (\la_oenb[120]_gold), la_oenb[120]_gate (\la_oenb[120]_gate) -> la_oenb[120]
Presumably equivalent wires: la_oenb[119]_gold (\la_oenb[119]_gold), la_oenb[119]_gate (\la_oenb[119]_gate) -> la_oenb[119]
Presumably equivalent wires: la_oenb[118]_gold (\la_oenb[118]_gold), la_oenb[118]_gate (\la_oenb[118]_gate) -> la_oenb[118]
Presumably equivalent wires: la_oenb[117]_gold (\la_oenb[117]_gold), la_oenb[117]_gate (\la_oenb[117]_gate) -> la_oenb[117]
Presumably equivalent wires: la_oenb[116]_gold (\la_oenb[116]_gold), la_oenb[116]_gate (\la_oenb[116]_gate) -> la_oenb[116]
Presumably equivalent wires: la_oenb[115]_gold (\la_oenb[115]_gold), la_oenb[115]_gate (\la_oenb[115]_gate) -> la_oenb[115]
Presumably equivalent wires: la_oenb[114]_gold (\la_oenb[114]_gold), la_oenb[114]_gate (\la_oenb[114]_gate) -> la_oenb[114]
Presumably equivalent wires: la_oenb[113]_gold (\la_oenb[113]_gold), la_oenb[113]_gate (\la_oenb[113]_gate) -> la_oenb[113]
Presumably equivalent wires: la_oenb[112]_gold (\la_oenb[112]_gold), la_oenb[112]_gate (\la_oenb[112]_gate) -> la_oenb[112]
Presumably equivalent wires: la_oenb[111]_gold (\la_oenb[111]_gold), la_oenb[111]_gate (\la_oenb[111]_gate) -> la_oenb[111]
Presumably equivalent wires: la_oenb[110]_gold (\la_oenb[110]_gold), la_oenb[110]_gate (\la_oenb[110]_gate) -> la_oenb[110]
Presumably equivalent wires: la_oenb[109]_gold (\la_oenb[109]_gold), la_oenb[109]_gate (\la_oenb[109]_gate) -> la_oenb[109]
Presumably equivalent wires: la_oenb[108]_gold (\la_oenb[108]_gold), la_oenb[108]_gate (\la_oenb[108]_gate) -> la_oenb[108]
Presumably equivalent wires: la_oenb[107]_gold (\la_oenb[107]_gold), la_oenb[107]_gate (\la_oenb[107]_gate) -> la_oenb[107]
Presumably equivalent wires: la_oenb[106]_gold (\la_oenb[106]_gold), la_oenb[106]_gate (\la_oenb[106]_gate) -> la_oenb[106]
Presumably equivalent wires: la_oenb[105]_gold (\la_oenb[105]_gold), la_oenb[105]_gate (\la_oenb[105]_gate) -> la_oenb[105]
Presumably equivalent wires: la_oenb[104]_gold (\la_oenb[104]_gold), la_oenb[104]_gate (\la_oenb[104]_gate) -> la_oenb[104]
Presumably equivalent wires: la_oenb[103]_gold (\la_oenb[103]_gold), la_oenb[103]_gate (\la_oenb[103]_gate) -> la_oenb[103]
Presumably equivalent wires: la_oenb[102]_gold (\la_oenb[102]_gold), la_oenb[102]_gate (\la_oenb[102]_gate) -> la_oenb[102]
Presumably equivalent wires: la_oenb[101]_gold (\la_oenb[101]_gold), la_oenb[101]_gate (\la_oenb[101]_gate) -> la_oenb[101]
Presumably equivalent wires: la_oenb[100]_gold (\la_oenb[100]_gold), la_oenb[100]_gate (\la_oenb[100]_gate) -> la_oenb[100]
Presumably equivalent wires: la_oenb[99]_gold (\la_oenb[99]_gold), la_oenb[99]_gate (\la_oenb[99]_gate) -> la_oenb[99]
Presumably equivalent wires: la_oenb[98]_gold (\la_oenb[98]_gold), la_oenb[98]_gate (\la_oenb[98]_gate) -> la_oenb[98]
Presumably equivalent wires: la_oenb[97]_gold (\la_oenb[97]_gold), la_oenb[97]_gate (\la_oenb[97]_gate) -> la_oenb[97]
Presumably equivalent wires: la_oenb[96]_gold (\la_oenb[96]_gold), la_oenb[96]_gate (\la_oenb[96]_gate) -> la_oenb[96]
Presumably equivalent wires: la_oenb[95]_gold (\la_oenb[95]_gold), la_oenb[95]_gate (\la_oenb[95]_gate) -> la_oenb[95]
Presumably equivalent wires: la_oenb[94]_gold (\la_oenb[94]_gold), la_oenb[94]_gate (\la_oenb[94]_gate) -> la_oenb[94]
Presumably equivalent wires: la_oenb[93]_gold (\la_oenb[93]_gold), la_oenb[93]_gate (\la_oenb[93]_gate) -> la_oenb[93]
Presumably equivalent wires: la_oenb[92]_gold (\la_oenb[92]_gold), la_oenb[92]_gate (\la_oenb[92]_gate) -> la_oenb[92]
Presumably equivalent wires: la_oenb[91]_gold (\la_oenb[91]_gold), la_oenb[91]_gate (\la_oenb[91]_gate) -> la_oenb[91]
Presumably equivalent wires: la_oenb[90]_gold (\la_oenb[90]_gold), la_oenb[90]_gate (\la_oenb[90]_gate) -> la_oenb[90]
Presumably equivalent wires: la_oenb[89]_gold (\la_oenb[89]_gold), la_oenb[89]_gate (\la_oenb[89]_gate) -> la_oenb[89]
Presumably equivalent wires: la_oenb[88]_gold (\la_oenb[88]_gold), la_oenb[88]_gate (\la_oenb[88]_gate) -> la_oenb[88]
Presumably equivalent wires: la_oenb[87]_gold (\la_oenb[87]_gold), la_oenb[87]_gate (\la_oenb[87]_gate) -> la_oenb[87]
Presumably equivalent wires: la_oenb[86]_gold (\la_oenb[86]_gold), la_oenb[86]_gate (\la_oenb[86]_gate) -> la_oenb[86]
Presumably equivalent wires: la_oenb[85]_gold (\la_oenb[85]_gold), la_oenb[85]_gate (\la_oenb[85]_gate) -> la_oenb[85]
Presumably equivalent wires: la_oenb[84]_gold (\la_oenb[84]_gold), la_oenb[84]_gate (\la_oenb[84]_gate) -> la_oenb[84]
Presumably equivalent wires: la_oenb[83]_gold (\la_oenb[83]_gold), la_oenb[83]_gate (\la_oenb[83]_gate) -> la_oenb[83]
Presumably equivalent wires: la_oenb[82]_gold (\la_oenb[82]_gold), la_oenb[82]_gate (\la_oenb[82]_gate) -> la_oenb[82]
Presumably equivalent wires: la_oenb[81]_gold (\la_oenb[81]_gold), la_oenb[81]_gate (\la_oenb[81]_gate) -> la_oenb[81]
Presumably equivalent wires: la_oenb[80]_gold (\la_oenb[80]_gold), la_oenb[80]_gate (\la_oenb[80]_gate) -> la_oenb[80]
Presumably equivalent wires: la_oenb[79]_gold (\la_oenb[79]_gold), la_oenb[79]_gate (\la_oenb[79]_gate) -> la_oenb[79]
Presumably equivalent wires: la_oenb[78]_gold (\la_oenb[78]_gold), la_oenb[78]_gate (\la_oenb[78]_gate) -> la_oenb[78]
Presumably equivalent wires: la_oenb[77]_gold (\la_oenb[77]_gold), la_oenb[77]_gate (\la_oenb[77]_gate) -> la_oenb[77]
Presumably equivalent wires: la_oenb[76]_gold (\la_oenb[76]_gold), la_oenb[76]_gate (\la_oenb[76]_gate) -> la_oenb[76]
Presumably equivalent wires: la_oenb[75]_gold (\la_oenb[75]_gold), la_oenb[75]_gate (\la_oenb[75]_gate) -> la_oenb[75]
Presumably equivalent wires: la_oenb[74]_gold (\la_oenb[74]_gold), la_oenb[74]_gate (\la_oenb[74]_gate) -> la_oenb[74]
Presumably equivalent wires: la_oenb[73]_gold (\la_oenb[73]_gold), la_oenb[73]_gate (\la_oenb[73]_gate) -> la_oenb[73]
Presumably equivalent wires: la_oenb[72]_gold (\la_oenb[72]_gold), la_oenb[72]_gate (\la_oenb[72]_gate) -> la_oenb[72]
Presumably equivalent wires: la_oenb[71]_gold (\la_oenb[71]_gold), la_oenb[71]_gate (\la_oenb[71]_gate) -> la_oenb[71]
Presumably equivalent wires: la_oenb[70]_gold (\la_oenb[70]_gold), la_oenb[70]_gate (\la_oenb[70]_gate) -> la_oenb[70]
Presumably equivalent wires: la_oenb[69]_gold (\la_oenb[69]_gold), la_oenb[69]_gate (\la_oenb[69]_gate) -> la_oenb[69]
Presumably equivalent wires: la_oenb[68]_gold (\la_oenb[68]_gold), la_oenb[68]_gate (\la_oenb[68]_gate) -> la_oenb[68]
Presumably equivalent wires: la_oenb[67]_gold (\la_oenb[67]_gold), la_oenb[67]_gate (\la_oenb[67]_gate) -> la_oenb[67]
Presumably equivalent wires: la_oenb[66]_gold (\la_oenb[66]_gold), la_oenb[66]_gate (\la_oenb[66]_gate) -> la_oenb[66]
Presumably equivalent wires: la_oenb[65]_gold (\la_oenb[65]_gold), la_oenb[65]_gate (\la_oenb[65]_gate) -> la_oenb[65]
Presumably equivalent wires: la_oenb[64]_gold (\la_oenb[64]_gold), la_oenb[64]_gate (\la_oenb[64]_gate) -> la_oenb[64]
Presumably equivalent wires: la_oenb[63]_gold (\la_oenb[63]_gold), la_oenb[63]_gate (\la_oenb[63]_gate) -> la_oenb[63]
Presumably equivalent wires: la_oenb[62]_gold (\la_oenb[62]_gold), la_oenb[62]_gate (\la_oenb[62]_gate) -> la_oenb[62]
Presumably equivalent wires: la_oenb[61]_gold (\la_oenb[61]_gold), la_oenb[61]_gate (\la_oenb[61]_gate) -> la_oenb[61]
Presumably equivalent wires: la_oenb[60]_gold (\la_oenb[60]_gold), la_oenb[60]_gate (\la_oenb[60]_gate) -> la_oenb[60]
Presumably equivalent wires: la_oenb[59]_gold (\la_oenb[59]_gold), la_oenb[59]_gate (\la_oenb[59]_gate) -> la_oenb[59]
Presumably equivalent wires: la_oenb[58]_gold (\la_oenb[58]_gold), la_oenb[58]_gate (\la_oenb[58]_gate) -> la_oenb[58]
Presumably equivalent wires: la_oenb[57]_gold (\la_oenb[57]_gold), la_oenb[57]_gate (\la_oenb[57]_gate) -> la_oenb[57]
Presumably equivalent wires: la_oenb[56]_gold (\la_oenb[56]_gold), la_oenb[56]_gate (\la_oenb[56]_gate) -> la_oenb[56]
Presumably equivalent wires: la_oenb[55]_gold (\la_oenb[55]_gold), la_oenb[55]_gate (\la_oenb[55]_gate) -> la_oenb[55]
Presumably equivalent wires: la_oenb[54]_gold (\la_oenb[54]_gold), la_oenb[54]_gate (\la_oenb[54]_gate) -> la_oenb[54]
Presumably equivalent wires: la_oenb[53]_gold (\la_oenb[53]_gold), la_oenb[53]_gate (\la_oenb[53]_gate) -> la_oenb[53]
Presumably equivalent wires: la_oenb[52]_gold (\la_oenb[52]_gold), la_oenb[52]_gate (\la_oenb[52]_gate) -> la_oenb[52]
Presumably equivalent wires: la_oenb[51]_gold (\la_oenb[51]_gold), la_oenb[51]_gate (\la_oenb[51]_gate) -> la_oenb[51]
Presumably equivalent wires: la_oenb[50]_gold (\la_oenb[50]_gold), la_oenb[50]_gate (\la_oenb[50]_gate) -> la_oenb[50]
Presumably equivalent wires: la_oenb[49]_gold (\la_oenb[49]_gold), la_oenb[49]_gate (\la_oenb[49]_gate) -> la_oenb[49]
Presumably equivalent wires: la_oenb[48]_gold (\la_oenb[48]_gold), la_oenb[48]_gate (\la_oenb[48]_gate) -> la_oenb[48]
Presumably equivalent wires: la_oenb[47]_gold (\la_oenb[47]_gold), la_oenb[47]_gate (\la_oenb[47]_gate) -> la_oenb[47]
Presumably equivalent wires: la_oenb[46]_gold (\la_oenb[46]_gold), la_oenb[46]_gate (\la_oenb[46]_gate) -> la_oenb[46]
Presumably equivalent wires: la_oenb[45]_gold (\la_oenb[45]_gold), la_oenb[45]_gate (\la_oenb[45]_gate) -> la_oenb[45]
Presumably equivalent wires: la_oenb[44]_gold (\la_oenb[44]_gold), la_oenb[44]_gate (\la_oenb[44]_gate) -> la_oenb[44]
Presumably equivalent wires: la_oenb[43]_gold (\la_oenb[43]_gold), la_oenb[43]_gate (\la_oenb[43]_gate) -> la_oenb[43]
Presumably equivalent wires: la_oenb[42]_gold (\la_oenb[42]_gold), la_oenb[42]_gate (\la_oenb[42]_gate) -> la_oenb[42]
Presumably equivalent wires: la_oenb[41]_gold (\la_oenb[41]_gold), la_oenb[41]_gate (\la_oenb[41]_gate) -> la_oenb[41]
Presumably equivalent wires: la_oenb[40]_gold (\la_oenb[40]_gold), la_oenb[40]_gate (\la_oenb[40]_gate) -> la_oenb[40]
Presumably equivalent wires: la_oenb[39]_gold (\la_oenb[39]_gold), la_oenb[39]_gate (\la_oenb[39]_gate) -> la_oenb[39]
Presumably equivalent wires: la_oenb[38]_gold (\la_oenb[38]_gold), la_oenb[38]_gate (\la_oenb[38]_gate) -> la_oenb[38]
Presumably equivalent wires: la_oenb[37]_gold (\la_oenb[37]_gold), la_oenb[37]_gate (\la_oenb[37]_gate) -> la_oenb[37]
Presumably equivalent wires: la_oenb[36]_gold (\la_oenb[36]_gold), la_oenb[36]_gate (\la_oenb[36]_gate) -> la_oenb[36]
Presumably equivalent wires: la_oenb[35]_gold (\la_oenb[35]_gold), la_oenb[35]_gate (\la_oenb[35]_gate) -> la_oenb[35]
Presumably equivalent wires: la_oenb[34]_gold (\la_oenb[34]_gold), la_oenb[34]_gate (\la_oenb[34]_gate) -> la_oenb[34]
Presumably equivalent wires: la_oenb[33]_gold (\la_oenb[33]_gold), la_oenb[33]_gate (\la_oenb[33]_gate) -> la_oenb[33]
Presumably equivalent wires: la_oenb[32]_gold (\la_oenb[32]_gold), la_oenb[32]_gate (\la_oenb[32]_gate) -> la_oenb[32]
Presumably equivalent wires: la_oenb[31]_gold (\la_oenb[31]_gold), la_oenb[31]_gate (\la_oenb[31]_gate) -> la_oenb[31]
Presumably equivalent wires: la_oenb[30]_gold (\la_oenb[30]_gold), la_oenb[30]_gate (\la_oenb[30]_gate) -> la_oenb[30]
Presumably equivalent wires: la_oenb[29]_gold (\la_oenb[29]_gold), la_oenb[29]_gate (\la_oenb[29]_gate) -> la_oenb[29]
Presumably equivalent wires: la_oenb[28]_gold (\la_oenb[28]_gold), la_oenb[28]_gate (\la_oenb[28]_gate) -> la_oenb[28]
Presumably equivalent wires: la_oenb[27]_gold (\la_oenb[27]_gold), la_oenb[27]_gate (\la_oenb[27]_gate) -> la_oenb[27]
Presumably equivalent wires: la_oenb[26]_gold (\la_oenb[26]_gold), la_oenb[26]_gate (\la_oenb[26]_gate) -> la_oenb[26]
Presumably equivalent wires: la_oenb[25]_gold (\la_oenb[25]_gold), la_oenb[25]_gate (\la_oenb[25]_gate) -> la_oenb[25]
Presumably equivalent wires: la_oenb[24]_gold (\la_oenb[24]_gold), la_oenb[24]_gate (\la_oenb[24]_gate) -> la_oenb[24]
Presumably equivalent wires: la_oenb[23]_gold (\la_oenb[23]_gold), la_oenb[23]_gate (\la_oenb[23]_gate) -> la_oenb[23]
Presumably equivalent wires: la_oenb[22]_gold (\la_oenb[22]_gold), la_oenb[22]_gate (\la_oenb[22]_gate) -> la_oenb[22]
Presumably equivalent wires: la_oenb[21]_gold (\la_oenb[21]_gold), la_oenb[21]_gate (\la_oenb[21]_gate) -> la_oenb[21]
Presumably equivalent wires: la_oenb[20]_gold (\la_oenb[20]_gold), la_oenb[20]_gate (\la_oenb[20]_gate) -> la_oenb[20]
Presumably equivalent wires: la_oenb[19]_gold (\la_oenb[19]_gold), la_oenb[19]_gate (\la_oenb[19]_gate) -> la_oenb[19]
Presumably equivalent wires: la_oenb[18]_gold (\la_oenb[18]_gold), la_oenb[18]_gate (\la_oenb[18]_gate) -> la_oenb[18]
Presumably equivalent wires: la_oenb[17]_gold (\la_oenb[17]_gold), la_oenb[17]_gate (\la_oenb[17]_gate) -> la_oenb[17]
Presumably equivalent wires: la_oenb[16]_gold (\la_oenb[16]_gold), la_oenb[16]_gate (\la_oenb[16]_gate) -> la_oenb[16]
Presumably equivalent wires: la_oenb[15]_gold (\la_oenb[15]_gold), la_oenb[15]_gate (\la_oenb[15]_gate) -> la_oenb[15]
Presumably equivalent wires: la_oenb[14]_gold (\la_oenb[14]_gold), la_oenb[14]_gate (\la_oenb[14]_gate) -> la_oenb[14]
Presumably equivalent wires: la_oenb[13]_gold (\la_oenb[13]_gold), la_oenb[13]_gate (\la_oenb[13]_gate) -> la_oenb[13]
Presumably equivalent wires: la_oenb[12]_gold (\la_oenb[12]_gold), la_oenb[12]_gate (\la_oenb[12]_gate) -> la_oenb[12]
Presumably equivalent wires: la_oenb[11]_gold (\la_oenb[11]_gold), la_oenb[11]_gate (\la_oenb[11]_gate) -> la_oenb[11]
Presumably equivalent wires: la_oenb[10]_gold (\la_oenb[10]_gold), la_oenb[10]_gate (\la_oenb[10]_gate) -> la_oenb[10]
Presumably equivalent wires: la_oenb[9]_gold (\la_oenb[9]_gold), la_oenb[9]_gate (\la_oenb[9]_gate) -> la_oenb[9]
Presumably equivalent wires: la_oenb[8]_gold (\la_oenb[8]_gold), la_oenb[8]_gate (\la_oenb[8]_gate) -> la_oenb[8]
Presumably equivalent wires: la_oenb[7]_gold (\la_oenb[7]_gold), la_oenb[7]_gate (\la_oenb[7]_gate) -> la_oenb[7]
Presumably equivalent wires: la_oenb[6]_gold (\la_oenb[6]_gold), la_oenb[6]_gate (\la_oenb[6]_gate) -> la_oenb[6]
Presumably equivalent wires: la_oenb[5]_gold (\la_oenb[5]_gold), la_oenb[5]_gate (\la_oenb[5]_gate) -> la_oenb[5]
Presumably equivalent wires: la_oenb[4]_gold (\la_oenb[4]_gold), la_oenb[4]_gate (\la_oenb[4]_gate) -> la_oenb[4]
Presumably equivalent wires: la_oenb[3]_gold (\la_oenb[3]_gold), la_oenb[3]_gate (\la_oenb[3]_gate) -> la_oenb[3]
Presumably equivalent wires: la_oenb[2]_gold (\la_oenb[2]_gold), la_oenb[2]_gate (\la_oenb[2]_gate) -> la_oenb[2]
Presumably equivalent wires: la_oenb[1]_gold (\la_oenb[1]_gold), la_oenb[1]_gate (\la_oenb[1]_gate) -> la_oenb[1]
Presumably equivalent wires: la_oenb[0]_gold (\la_oenb[0]_gold), la_oenb[0]_gate (\la_oenb[0]_gate) -> la_oenb[0]
Presumably equivalent wires: user_clock2_gold (\user_clock2_gold), user_clock2_gate (\user_clock2_gate) -> user_clock2
Presumably equivalent wires: wb_clk_i_gold (\wb_clk_i_gold), wb_clk_i_gate (\wb_clk_i_gate) -> wb_clk_i
Presumably equivalent wires: wb_rst_i_gold (\wb_rst_i_gold), wb_rst_i_gate (\wb_rst_i_gate) -> wb_rst_i
Presumably equivalent wires: wbs_ack_o_gold (\_LECWRAP.mprj.mprj.counter.ready_gold), wbs_ack_o_gate (\_LECWRAP._320_.IQ_gate) -> wbs_ack_o
Presumably equivalent wires: wbs_cyc_i_gold (\wbs_cyc_i_gold), wbs_cyc_i_gate (\wbs_cyc_i_gate) -> wbs_cyc_i
Presumably equivalent wires: wbs_stb_i_gold (\wbs_stb_i_gold), wbs_stb_i_gate (\wbs_stb_i_gate) -> wbs_stb_i
Presumably equivalent wires: wbs_we_i_gold (\wbs_we_i_gold), wbs_we_i_gate (\wbs_we_i_gate) -> wbs_we_i
Changing input A of cell $flatten\_LECWRAP.\_226_.$auto$liberty.cc:62:parse_func_reduce$2631_gate ($_NOT_): \_LECWRAP._160_.A_gate -> \io_oeb[0]
Changing input A of cell $flatten\_LECWRAP.\_227_.$auto$liberty.cc:62:parse_func_reduce$2631_gate ($_NOT_): \_LECWRAP._160_.A_gate -> \io_oeb[0]
Changing input A of cell $flatten\_LECWRAP.\_231_.$auto$liberty.cc:62:parse_func_reduce$2655_gate ($_NOT_): \_LECWRAP._320_.IQ_gate -> \wbs_ack_o
Changing input A of cell $flatten\_LECWRAP.\_233_.$auto$liberty.cc:62:parse_func_reduce$2631_gate ($_NOT_): \_LECWRAP._160_.A_gate -> \io_oeb[0]
Changing input A of cell $flatten\_LECWRAP.\_254_.$auto$liberty.cc:62:parse_func_reduce$366_gate ($_NOT_): \_LECWRAP._321_.IQ_gate -> \la_data_out[0]
Changing input A of cell $flatten\_LECWRAP.\_255_.$auto$liberty.cc:62:parse_func_reduce$3015_gate ($_NOT_): \_LECWRAP._321_.IQ_gate -> \la_data_out[0]
Changing input A of cell $flatten\_LECWRAP.\_260_.$auto$liberty.cc:62:parse_func_reduce$366_gate ($_NOT_): \_LECWRAP._322_.IQ_gate -> \la_data_out[1]
Changing input A of cell $flatten\_LECWRAP.\_264_.$auto$liberty.cc:62:parse_func_reduce$2631_gate ($_NOT_): \_LECWRAP._160_.A_gate -> \io_oeb[0]
Changing input A of cell $flatten\_LECWRAP.\_266_.$auto$liberty.cc:62:parse_func_reduce$3015_gate ($_NOT_): \_LECWRAP._321_.IQ_gate -> \la_data_out[0]
Changing input A of cell $flatten\_LECWRAP.\_267_.$auto$liberty.cc:62:parse_func_reduce$3015_gate ($_NOT_): \_LECWRAP._321_.IQ_gate -> \la_data_out[0]
Changing input A of cell $flatten\_LECWRAP.\_268_.$auto$liberty.cc:62:parse_func_reduce$366_gate ($_NOT_): \_LECWRAP._321_.IQ_gate -> \la_data_out[0]
Changing input A of cell $flatten\_LECWRAP.\_272_.$auto$liberty.cc:62:parse_func_reduce$2631_gate ($_NOT_): \_LECWRAP._160_.A_gate -> \io_oeb[0]
Changing input B of cell $flatten\_LECWRAP.\_273_.$auto$liberty.cc:109:parse_func_reduce$1374_gate ($_AND_): \_LECWRAP._322_.IQ_gate -> \la_data_out[1]
Changing input A of cell $flatten\_LECWRAP.\_273_.$auto$liberty.cc:109:parse_func_reduce$1374_gate ($_AND_): \_LECWRAP._321_.IQ_gate -> \la_data_out[0]
Changing input B of cell $flatten\_LECWRAP.\_274_.$auto$liberty.cc:109:parse_func_reduce$1404_gate ($_AND_): \_LECWRAP._322_.IQ_gate -> \la_data_out[1]
Changing input A of cell $flatten\_LECWRAP.\_274_.$auto$liberty.cc:109:parse_func_reduce$1404_gate ($_AND_): \_LECWRAP._321_.IQ_gate -> \la_data_out[0]
Changing input A of cell $flatten\_LECWRAP.\_275_.$auto$liberty.cc:109:parse_func_reduce$1354_gate ($_AND_): \_LECWRAP._325_.IQ_gate -> \la_data_out[4]
Changing input B of cell $flatten\_LECWRAP.\_276_.$auto$liberty.cc:109:parse_func_reduce$1404_gate ($_AND_): \_LECWRAP._326_.IQ_gate -> \la_data_out[5]
Changing input A of cell $flatten\_LECWRAP.\_276_.$auto$liberty.cc:109:parse_func_reduce$1404_gate ($_AND_): \_LECWRAP._325_.IQ_gate -> \la_data_out[4]
Changing input B of cell $flatten\_LECWRAP.\_277_.$auto$liberty.cc:109:parse_func_reduce$1374_gate ($_AND_): \_LECWRAP._329_.IQ_gate -> \la_data_out[8]
Changing input A of cell $flatten\_LECWRAP.\_277_.$auto$liberty.cc:109:parse_func_reduce$1374_gate ($_AND_): \_LECWRAP._328_.IQ_gate -> \la_data_out[7]
Changing input B of cell $flatten\_LECWRAP.\_278_.$auto$liberty.cc:109:parse_func_reduce$1404_gate ($_AND_): \_LECWRAP._329_.IQ_gate -> \la_data_out[8]
Changing input A of cell $flatten\_LECWRAP.\_278_.$auto$liberty.cc:109:parse_func_reduce$1404_gate ($_AND_): \_LECWRAP._328_.IQ_gate -> \la_data_out[7]
Changing input A of cell $flatten\_LECWRAP.\_279_.$auto$liberty.cc:109:parse_func_reduce$1354_gate ($_AND_): \_LECWRAP._331_.IQ_gate -> \la_data_out[10]
Changing input B of cell $flatten\_LECWRAP.\_280_.$auto$liberty.cc:109:parse_func_reduce$1404_gate ($_AND_): \_LECWRAP._332_.IQ_gate -> \la_data_out[11]
Changing input A of cell $flatten\_LECWRAP.\_280_.$auto$liberty.cc:109:parse_func_reduce$1404_gate ($_AND_): \_LECWRAP._331_.IQ_gate -> \la_data_out[10]
Changing input A of cell $flatten\_LECWRAP.\_281_.$auto$liberty.cc:62:parse_func_reduce$2469_gate ($_NOT_): \_LECWRAP._332_.IQ_gate -> \la_data_out[11]
Changing input B of cell $flatten\_LECWRAP.\_282_.$auto$liberty.cc:109:parse_func_reduce$994_gate ($_AND_): \_LECWRAP._335_.IQ_gate -> \la_data_out[14]
Changing input A of cell $flatten\_LECWRAP.\_282_.$auto$liberty.cc:109:parse_func_reduce$994_gate ($_AND_): \_LECWRAP._334_.IQ_gate -> \la_data_out[13]
Changing input A of cell $flatten\_LECWRAP.\_283_.$auto$liberty.cc:62:parse_func_reduce$1264_gate ($_NOT_): \_LECWRAP._334_.IQ_gate -> \la_data_out[13]
Changing input A of cell $flatten\_LECWRAP.\_287_.$auto$liberty.cc:62:parse_func_reduce$432_gate ($_NOT_): \_LECWRAP._336_.IQ_gate -> \la_data_out[15]
Changing input A of cell $flatten\_LECWRAP.\_290_.$auto$liberty.cc:62:parse_func_reduce$2631_gate ($_NOT_): \_LECWRAP._160_.A_gate -> \io_oeb[0]
Changing input A of cell $flatten\_LECWRAP.\_291_.$auto$liberty.cc:109:parse_func_reduce$354_gate ($_AND_): \_LECWRAP._334_.IQ_gate -> \la_data_out[13]
Changing input A of cell $flatten\_LECWRAP.\_292_.$auto$liberty.cc:62:parse_func_reduce$1012_gate ($_NOT_): \_LECWRAP._334_.IQ_gate -> \la_data_out[13]
Changing input A of cell $flatten\_LECWRAP.\_294_.$auto$liberty.cc:62:parse_func_reduce$432_gate ($_NOT_): \_LECWRAP._335_.IQ_gate -> \la_data_out[14]
Changing input A of cell $flatten\_LECWRAP.\_297_.$auto$liberty.cc:62:parse_func_reduce$2631_gate ($_NOT_): \_LECWRAP._160_.A_gate -> \io_oeb[0]
Changing input A of cell $flatten\_LECWRAP.\_298_.$auto$liberty.cc:62:parse_func_reduce$366_gate ($_NOT_): \_LECWRAP._334_.IQ_gate -> \la_data_out[13]
Changing input A of cell $flatten\_LECWRAP.\_299_.$auto$liberty.cc:109:parse_func_reduce$2997_gate ($_AND_): \_LECWRAP._334_.IQ_gate -> \la_data_out[13]
Changing input A of cell $flatten\_LECWRAP.\_302_.$auto$liberty.cc:62:parse_func_reduce$2433_gate ($_NOT_): \_LECWRAP._334_.IQ_gate -> \la_data_out[13]
Changing input A of cell $flatten\_LECWRAP.\_306_.$auto$liberty.cc:62:parse_func_reduce$1012_gate ($_NOT_): \_LECWRAP._331_.IQ_gate -> \la_data_out[10]
Changing input A of cell $flatten\_LECWRAP.\_309_.$auto$liberty.cc:62:parse_func_reduce$432_gate ($_NOT_): \_LECWRAP._333_.IQ_gate -> \la_data_out[12]
Changing input A of cell $flatten\_LECWRAP.\_312_.$auto$liberty.cc:62:parse_func_reduce$2631_gate ($_NOT_): \_LECWRAP._160_.A_gate -> \io_oeb[0]
Changing input A of cell $flatten\_LECWRAP.\_313_.$auto$liberty.cc:62:parse_func_reduce$1012_gate ($_NOT_): \_LECWRAP._331_.IQ_gate -> \la_data_out[10]
Changing input A of cell $flatten\_LECWRAP.\_314_.$auto$liberty.cc:62:parse_func_reduce$3015_gate ($_NOT_): \_LECWRAP._332_.IQ_gate -> \la_data_out[11]
Changing input A of cell $flatten\_LECWRAP.\_317_.$auto$liberty.cc:62:parse_func_reduce$366_gate ($_NOT_): \_LECWRAP._332_.IQ_gate -> \la_data_out[11]
Changing input A of cell $flatten\_LECWRAP.\_168_.$auto$liberty.cc:62:parse_func_reduce$374_gate ($_NOT_): \_LECWRAP._160_.A_gate -> \io_oeb[0]
Changing input A of cell $flatten\_LECWRAP.\_168_.$auto$liberty.cc:62:parse_func_reduce$368_gate ($_NOT_): \_LECWRAP._160_.A_gate -> \io_oeb[0]
Changing input A of cell $flatten\_LECWRAP.\_176_.$auto$liberty.cc:62:parse_func_reduce$374_gate ($_NOT_): \_LECWRAP._160_.A_gate -> \io_oeb[0]
Changing input A of cell $flatten\_LECWRAP.\_176_.$auto$liberty.cc:62:parse_func_reduce$368_gate ($_NOT_): \_LECWRAP._160_.A_gate -> \io_oeb[0]
Changing input A of cell $flatten\_LECWRAP.\_177_.$auto$liberty.cc:62:parse_func_reduce$374_gate ($_NOT_): \_LECWRAP._329_.IQ_gate -> \la_data_out[8]
Changing input A of cell $flatten\_LECWRAP.\_177_.$auto$liberty.cc:62:parse_func_reduce$368_gate ($_NOT_): \_LECWRAP._329_.IQ_gate -> \la_data_out[8]
Changing input A of cell $flatten\_LECWRAP.\_191_.$auto$liberty.cc:62:parse_func_reduce$374_gate ($_NOT_): \_LECWRAP._160_.A_gate -> \io_oeb[0]
Changing input A of cell $flatten\_LECWRAP.\_191_.$auto$liberty.cc:62:parse_func_reduce$368_gate ($_NOT_): \_LECWRAP._160_.A_gate -> \io_oeb[0]
Changing input A of cell $flatten\_LECWRAP.\_192_.$auto$liberty.cc:62:parse_func_reduce$374_gate ($_NOT_): \_LECWRAP._327_.IQ_gate -> \la_data_out[6]
Changing input A of cell $flatten\_LECWRAP.\_192_.$auto$liberty.cc:62:parse_func_reduce$368_gate ($_NOT_): \_LECWRAP._327_.IQ_gate -> \la_data_out[6]
Changing input A of cell $flatten\_LECWRAP.\_199_.$auto$liberty.cc:109:parse_func_reduce$4360_gate ($_AND_): \_LECWRAP._326_.IQ_gate -> \la_data_out[5]
Changing input A of cell $flatten\_LECWRAP.\_220_.$auto$liberty.cc:62:parse_func_reduce$374_gate ($_NOT_): \_LECWRAP._323_.IQ_gate -> \la_data_out[2]
Changing input A of cell $flatten\_LECWRAP.\_220_.$auto$liberty.cc:62:parse_func_reduce$372_gate ($_NOT_): \_LECWRAP._322_.IQ_gate -> \la_data_out[1]
Changing input A of cell $flatten\_LECWRAP.\_220_.$auto$liberty.cc:62:parse_func_reduce$368_gate ($_NOT_): \_LECWRAP._323_.IQ_gate -> \la_data_out[2]
Changing input A of cell $flatten\_LECWRAP.\_232_.$auto$liberty.cc:125:parse_func_reduce$2459_gate ($_OR_): \_LECWRAP._320_.IQ_gate -> \wbs_ack_o
Changing input A of cell $flatten\_LECWRAP.\_254_.$auto$liberty.cc:62:parse_func_reduce$372_gate ($_NOT_): \_LECWRAP._322_.IQ_gate -> \la_data_out[1]
Changing input A of cell $flatten\_LECWRAP.\_255_.$auto$liberty.cc:62:parse_func_reduce$3017_gate ($_NOT_): \_LECWRAP._322_.IQ_gate -> \la_data_out[1]
Changing input B of cell $flatten\_LECWRAP.\_273_.$auto$liberty.cc:109:parse_func_reduce$1376_gate ($_AND_): \_LECWRAP._323_.IQ_gate -> \la_data_out[2]
Changing input B of cell $flatten\_LECWRAP.\_274_.$auto$liberty.cc:109:parse_func_reduce$1408_gate ($_AND_): \_LECWRAP._324_.IQ_gate -> \la_data_out[3]
Changing input B of cell $flatten\_LECWRAP.\_274_.$auto$liberty.cc:109:parse_func_reduce$1406_gate ($_AND_): \_LECWRAP._323_.IQ_gate -> \la_data_out[2]
Changing input B of cell $flatten\_LECWRAP.\_276_.$auto$liberty.cc:109:parse_func_reduce$1406_gate ($_AND_): \_LECWRAP._327_.IQ_gate -> \la_data_out[6]
Changing input B of cell $flatten\_LECWRAP.\_278_.$auto$liberty.cc:109:parse_func_reduce$1406_gate ($_AND_): \_LECWRAP._330_.IQ_gate -> \la_data_out[9]
Changing input B of cell $flatten\_LECWRAP.\_280_.$auto$liberty.cc:109:parse_func_reduce$1406_gate ($_AND_): \_LECWRAP._333_.IQ_gate -> \la_data_out[12]
Changing input A of cell $flatten\_LECWRAP.\_281_.$auto$liberty.cc:62:parse_func_reduce$2471_gate ($_NOT_): \_LECWRAP._333_.IQ_gate -> \la_data_out[12]
Changing input B of cell $flatten\_LECWRAP.\_282_.$auto$liberty.cc:125:parse_func_reduce$998_gate ($_OR_): \_LECWRAP._336_.IQ_gate -> \la_data_out[15]
Changing input A of cell $flatten\_LECWRAP.\_283_.$auto$liberty.cc:62:parse_func_reduce$1278_gate ($_NOT_): \_LECWRAP._336_.IQ_gate -> \la_data_out[15]
Changing input A of cell $flatten\_LECWRAP.\_283_.$auto$liberty.cc:62:parse_func_reduce$1270_gate ($_NOT_): \_LECWRAP._335_.IQ_gate -> \la_data_out[14]
Changing input A of cell $flatten\_LECWRAP.\_287_.$auto$liberty.cc:62:parse_func_reduce$442_gate ($_NOT_): \_LECWRAP._336_.IQ_gate -> \la_data_out[15]
Changing input B of cell $flatten\_LECWRAP.\_291_.$auto$liberty.cc:125:parse_func_reduce$356_gate ($_OR_): \_LECWRAP._335_.IQ_gate -> \la_data_out[14]
Changing input A of cell $flatten\_LECWRAP.\_292_.$auto$liberty.cc:62:parse_func_reduce$1018_gate ($_NOT_): \_LECWRAP._335_.IQ_gate -> \la_data_out[14]
Changing input A of cell $flatten\_LECWRAP.\_294_.$auto$liberty.cc:62:parse_func_reduce$442_gate ($_NOT_): \_LECWRAP._335_.IQ_gate -> \la_data_out[14]
Changing input A of cell $flatten\_LECWRAP.\_305_.$auto$liberty.cc:62:parse_func_reduce$374_gate ($_NOT_): \_LECWRAP._160_.A_gate -> \io_oeb[0]
Changing input A of cell $flatten\_LECWRAP.\_305_.$auto$liberty.cc:62:parse_func_reduce$368_gate ($_NOT_): \_LECWRAP._160_.A_gate -> \io_oeb[0]
Changing input A of cell $flatten\_LECWRAP.\_306_.$auto$liberty.cc:62:parse_func_reduce$1028_gate ($_NOT_): \_LECWRAP._333_.IQ_gate -> \la_data_out[12]
Changing input A of cell $flatten\_LECWRAP.\_306_.$auto$liberty.cc:62:parse_func_reduce$1020_gate ($_NOT_): \_LECWRAP._333_.IQ_gate -> \la_data_out[12]
Changing input A of cell $flatten\_LECWRAP.\_306_.$auto$liberty.cc:62:parse_func_reduce$1018_gate ($_NOT_): \_LECWRAP._332_.IQ_gate -> \la_data_out[11]
Changing input A of cell $flatten\_LECWRAP.\_306_.$auto$liberty.cc:62:parse_func_reduce$1014_gate ($_NOT_): \_LECWRAP._333_.IQ_gate -> \la_data_out[12]
Changing input A of cell $flatten\_LECWRAP.\_309_.$auto$liberty.cc:62:parse_func_reduce$442_gate ($_NOT_): \_LECWRAP._333_.IQ_gate -> \la_data_out[12]
Changing input A of cell $flatten\_LECWRAP.\_313_.$auto$liberty.cc:62:parse_func_reduce$1018_gate ($_NOT_): \_LECWRAP._332_.IQ_gate -> \la_data_out[11]
Changing input A of cell $flatten\_LECWRAP.\_223_.$auto$liberty.cc:62:parse_func_reduce$230_gate ($_NOT_): \_LECWRAP._323_.IQ_gate -> \la_data_out[2]
Changing input A of cell $flatten\_LECWRAP.\_220_.$auto$liberty.cc:62:parse_func_reduce$366_gate ($_NOT_): \_LECWRAP._321_.IQ_gate -> \la_data_out[0]
Changing input A of cell $flatten\_LECWRAP.\_219_.$auto$liberty.cc:62:parse_func_reduce$2631_gate ($_NOT_): \_LECWRAP._160_.A_gate -> \io_oeb[0]
Changing input A of cell $flatten\_LECWRAP.\_216_.$auto$liberty.cc:62:parse_func_reduce$230_gate ($_NOT_): \_LECWRAP._324_.IQ_gate -> \la_data_out[3]
Changing input A of cell $flatten\_LECWRAP.\_213_.$auto$liberty.cc:62:parse_func_reduce$2631_gate ($_NOT_): \_LECWRAP._324_.IQ_gate -> \la_data_out[3]
Changing input A of cell $flatten\_LECWRAP.\_212_.$auto$liberty.cc:62:parse_func_reduce$2631_gate ($_NOT_): \_LECWRAP._160_.A_gate -> \io_oeb[0]
Changing input A of cell $flatten\_LECWRAP.\_209_.$auto$liberty.cc:62:parse_func_reduce$230_gate ($_NOT_): \_LECWRAP._325_.IQ_gate -> \la_data_out[4]
Changing input A of cell $flatten\_LECWRAP.\_206_.$auto$liberty.cc:62:parse_func_reduce$2631_gate ($_NOT_): \_LECWRAP._325_.IQ_gate -> \la_data_out[4]
Changing input A of cell $flatten\_LECWRAP.\_205_.$auto$liberty.cc:62:parse_func_reduce$2631_gate ($_NOT_): \_LECWRAP._160_.A_gate -> \io_oeb[0]
Changing input A of cell $flatten\_LECWRAP.\_202_.$auto$liberty.cc:62:parse_func_reduce$230_gate ($_NOT_): \_LECWRAP._326_.IQ_gate -> \la_data_out[5]
Changing input A of cell $flatten\_LECWRAP.\_199_.$auto$liberty.cc:62:parse_func_reduce$4354_gate ($_NOT_): \_LECWRAP._326_.IQ_gate -> \la_data_out[5]
Changing input A of cell $flatten\_LECWRAP.\_198_.$auto$liberty.cc:62:parse_func_reduce$2631_gate ($_NOT_): \_LECWRAP._160_.A_gate -> \io_oeb[0]
Changing input A of cell $flatten\_LECWRAP.\_195_.$auto$liberty.cc:62:parse_func_reduce$230_gate ($_NOT_): \_LECWRAP._327_.IQ_gate -> \la_data_out[6]
Changing input A of cell $flatten\_LECWRAP.\_192_.$auto$liberty.cc:62:parse_func_reduce$366_gate ($_NOT_): \_LECWRAP._326_.IQ_gate -> \la_data_out[5]
Changing input A of cell $flatten\_LECWRAP.\_337_.$auto$liberty.cc:109:parse_func_reduce$1797_gate ($_AND_): \_LECWRAP._337_.IQ_gate -> \wbs_dat_o[0]
Changing input A of cell $flatten\_LECWRAP.\_188_.$auto$liberty.cc:62:parse_func_reduce$2433_gate ($_NOT_): \_LECWRAP._328_.IQ_gate -> \la_data_out[7]
Changing input A of cell $flatten\_LECWRAP.\_338_.$auto$liberty.cc:109:parse_func_reduce$1797_gate ($_AND_): \_LECWRAP._338_.IQ_gate -> \wbs_dat_o[1]
Changing input A of cell $flatten\_LECWRAP.\_185_.$auto$liberty.cc:109:parse_func_reduce$2997_gate ($_AND_): \_LECWRAP._328_.IQ_gate -> \la_data_out[7]
Changing input A of cell $flatten\_LECWRAP.\_339_.$auto$liberty.cc:109:parse_func_reduce$1797_gate ($_AND_): \_LECWRAP._339_.IQ_gate -> \wbs_dat_o[2]
Changing input A of cell $flatten\_LECWRAP.\_184_.$auto$liberty.cc:62:parse_func_reduce$366_gate ($_NOT_): \_LECWRAP._328_.IQ_gate -> \la_data_out[7]
Changing input A of cell $flatten\_LECWRAP.\_183_.$auto$liberty.cc:62:parse_func_reduce$2631_gate ($_NOT_): \_LECWRAP._160_.A_gate -> \io_oeb[0]
Changing input A of cell $flatten\_LECWRAP.\_340_.$auto$liberty.cc:109:parse_func_reduce$1797_gate ($_AND_): \_LECWRAP._340_.IQ_gate -> \wbs_dat_o[3]
Changing input A of cell $flatten\_LECWRAP.\_341_.$auto$liberty.cc:109:parse_func_reduce$1797_gate ($_AND_): \_LECWRAP._341_.IQ_gate -> \wbs_dat_o[4]
Changing input A of cell $flatten\_LECWRAP.\_180_.$auto$liberty.cc:62:parse_func_reduce$230_gate ($_NOT_): \_LECWRAP._329_.IQ_gate -> \la_data_out[8]
Changing input A of cell $flatten\_LECWRAP.\_342_.$auto$liberty.cc:109:parse_func_reduce$1797_gate ($_AND_): \_LECWRAP._342_.IQ_gate -> \wbs_dat_o[5]
Changing input A of cell $flatten\_LECWRAP.\_177_.$auto$liberty.cc:62:parse_func_reduce$366_gate ($_NOT_): \_LECWRAP._328_.IQ_gate -> \la_data_out[7]
Changing input A of cell $flatten\_LECWRAP.\_343_.$auto$liberty.cc:109:parse_func_reduce$1797_gate ($_AND_): \_LECWRAP._343_.IQ_gate -> \wbs_dat_o[6]
Changing input A of cell $flatten\_LECWRAP.\_344_.$auto$liberty.cc:109:parse_func_reduce$1797_gate ($_AND_): \_LECWRAP._344_.IQ_gate -> \wbs_dat_o[7]
Changing input A of cell $flatten\_LECWRAP.\_173_.$auto$liberty.cc:62:parse_func_reduce$2433_gate ($_NOT_): \_LECWRAP._330_.IQ_gate -> \la_data_out[9]
Changing input A of cell $flatten\_LECWRAP.\_345_.$auto$liberty.cc:109:parse_func_reduce$1797_gate ($_AND_): \_LECWRAP._345_.IQ_gate -> \wbs_dat_o[8]
Changing input A of cell $flatten\_LECWRAP.\_346_.$auto$liberty.cc:109:parse_func_reduce$1797_gate ($_AND_): \_LECWRAP._346_.IQ_gate -> \wbs_dat_o[9]
Changing input A of cell $flatten\_LECWRAP.\_169_.$auto$liberty.cc:62:parse_func_reduce$2631_gate ($_NOT_): \_LECWRAP._330_.IQ_gate -> \la_data_out[9]
Changing input A of cell $flatten\_LECWRAP.\_347_.$auto$liberty.cc:109:parse_func_reduce$1797_gate ($_AND_): \_LECWRAP._347_.IQ_gate -> \wbs_dat_o[10]
Changing input A of cell $flatten\_LECWRAP.\_348_.$auto$liberty.cc:109:parse_func_reduce$1797_gate ($_AND_): \_LECWRAP._348_.IQ_gate -> \wbs_dat_o[11]
Changing input A of cell $flatten\_LECWRAP.\_165_.$auto$liberty.cc:62:parse_func_reduce$2433_gate ($_NOT_): \_LECWRAP._331_.IQ_gate -> \la_data_out[10]
Changing input A of cell $flatten\_LECWRAP.\_349_.$auto$liberty.cc:109:parse_func_reduce$1797_gate ($_AND_): \_LECWRAP._349_.IQ_gate -> \wbs_dat_o[12]
Changing input A of cell $flatten\_LECWRAP.\_350_.$auto$liberty.cc:109:parse_func_reduce$1797_gate ($_AND_): \_LECWRAP._350_.IQ_gate -> \wbs_dat_o[13]
Changing input A of cell $flatten\_LECWRAP.\_161_.$auto$liberty.cc:62:parse_func_reduce$2631_gate ($_NOT_): \_LECWRAP._331_.IQ_gate -> \la_data_out[10]
Changing input A of cell $flatten\_LECWRAP.\_351_.$auto$liberty.cc:109:parse_func_reduce$1797_gate ($_AND_): \_LECWRAP._351_.IQ_gate -> \wbs_dat_o[14]
Changing input A of cell $flatten\_LECWRAP.\_160_.$auto$liberty.cc:62:parse_func_reduce$2631_gate ($_NOT_): \_LECWRAP._160_.A_gate -> \io_oeb[0]
Changing input A of cell $flatten\_LECWRAP.\_352_.$auto$liberty.cc:109:parse_func_reduce$1797_gate ($_AND_): \_LECWRAP._352_.IQ_gate -> \wbs_dat_o[15]
Changing input A of cell $flatten\_LECWRAP.\_517_.$auto$liberty.cc:109:parse_func_reduce$2279_gate ($_AND_): \_LECWRAP._351_.IQ_gate -> \wbs_dat_o[14]
Changing input A of cell $flatten\_LECWRAP.\_517_.$auto$liberty.cc:109:parse_func_reduce$2277_gate ($_AND_): \_LECWRAP._336_.IQ_gate -> \la_data_out[15]
Changing input A of cell $flatten\_LECWRAP.\_518_.$auto$liberty.cc:109:parse_func_reduce$2279_gate ($_AND_): \_LECWRAP._350_.IQ_gate -> \wbs_dat_o[13]
Changing input A of cell $flatten\_LECWRAP.\_518_.$auto$liberty.cc:109:parse_func_reduce$2277_gate ($_AND_): \_LECWRAP._335_.IQ_gate -> \la_data_out[14]
Changing input A of cell $flatten\_LECWRAP.\_519_.$auto$liberty.cc:109:parse_func_reduce$2279_gate ($_AND_): \_LECWRAP._349_.IQ_gate -> \wbs_dat_o[12]
Changing input A of cell $flatten\_LECWRAP.\_519_.$auto$liberty.cc:109:parse_func_reduce$2277_gate ($_AND_): \_LECWRAP._334_.IQ_gate -> \la_data_out[13]
Changing input A of cell $flatten\_LECWRAP.\_520_.$auto$liberty.cc:109:parse_func_reduce$2279_gate ($_AND_): \_LECWRAP._348_.IQ_gate -> \wbs_dat_o[11]
Changing input A of cell $flatten\_LECWRAP.\_520_.$auto$liberty.cc:109:parse_func_reduce$2277_gate ($_AND_): \_LECWRAP._333_.IQ_gate -> \la_data_out[12]
Changing input A of cell $flatten\_LECWRAP.\_521_.$auto$liberty.cc:109:parse_func_reduce$2279_gate ($_AND_): \_LECWRAP._347_.IQ_gate -> \wbs_dat_o[10]
Changing input A of cell $flatten\_LECWRAP.\_521_.$auto$liberty.cc:109:parse_func_reduce$2277_gate ($_AND_): \_LECWRAP._332_.IQ_gate -> \la_data_out[11]
Changing input A of cell $flatten\_LECWRAP.\_522_.$auto$liberty.cc:109:parse_func_reduce$2279_gate ($_AND_): \_LECWRAP._346_.IQ_gate -> \wbs_dat_o[9]
Changing input A of cell $flatten\_LECWRAP.\_522_.$auto$liberty.cc:109:parse_func_reduce$2277_gate ($_AND_): \_LECWRAP._331_.IQ_gate -> \la_data_out[10]
Changing input A of cell $flatten\_LECWRAP.\_523_.$auto$liberty.cc:109:parse_func_reduce$2279_gate ($_AND_): \_LECWRAP._345_.IQ_gate -> \wbs_dat_o[8]
Changing input A of cell $flatten\_LECWRAP.\_523_.$auto$liberty.cc:109:parse_func_reduce$2277_gate ($_AND_): \_LECWRAP._330_.IQ_gate -> \la_data_out[9]
Changing input A of cell $flatten\_LECWRAP.\_524_.$auto$liberty.cc:109:parse_func_reduce$2279_gate ($_AND_): \_LECWRAP._344_.IQ_gate -> \wbs_dat_o[7]
Changing input A of cell $flatten\_LECWRAP.\_524_.$auto$liberty.cc:109:parse_func_reduce$2277_gate ($_AND_): \_LECWRAP._329_.IQ_gate -> \la_data_out[8]
Changing input A of cell $flatten\_LECWRAP.\_525_.$auto$liberty.cc:109:parse_func_reduce$2279_gate ($_AND_): \_LECWRAP._343_.IQ_gate -> \wbs_dat_o[6]
Changing input A of cell $flatten\_LECWRAP.\_525_.$auto$liberty.cc:109:parse_func_reduce$2277_gate ($_AND_): \_LECWRAP._328_.IQ_gate -> \la_data_out[7]
Changing input A of cell $flatten\_LECWRAP.\_526_.$auto$liberty.cc:109:parse_func_reduce$2279_gate ($_AND_): \_LECWRAP._342_.IQ_gate -> \wbs_dat_o[5]
Changing input A of cell $flatten\_LECWRAP.\_526_.$auto$liberty.cc:109:parse_func_reduce$2277_gate ($_AND_): \_LECWRAP._327_.IQ_gate -> \la_data_out[6]
Changing input A of cell $flatten\_LECWRAP.\_527_.$auto$liberty.cc:109:parse_func_reduce$2279_gate ($_AND_): \_LECWRAP._341_.IQ_gate -> \wbs_dat_o[4]
Changing input A of cell $flatten\_LECWRAP.\_527_.$auto$liberty.cc:109:parse_func_reduce$2277_gate ($_AND_): \_LECWRAP._326_.IQ_gate -> \la_data_out[5]
Changing input A of cell $flatten\_LECWRAP.\_528_.$auto$liberty.cc:109:parse_func_reduce$2279_gate ($_AND_): \_LECWRAP._340_.IQ_gate -> \wbs_dat_o[3]
Changing input A of cell $flatten\_LECWRAP.\_528_.$auto$liberty.cc:109:parse_func_reduce$2277_gate ($_AND_): \_LECWRAP._325_.IQ_gate -> \la_data_out[4]
Changing input A of cell $flatten\_LECWRAP.\_529_.$auto$liberty.cc:109:parse_func_reduce$2279_gate ($_AND_): \_LECWRAP._339_.IQ_gate -> \wbs_dat_o[2]
Changing input A of cell $flatten\_LECWRAP.\_529_.$auto$liberty.cc:109:parse_func_reduce$2277_gate ($_AND_): \_LECWRAP._324_.IQ_gate -> \la_data_out[3]
Changing input A of cell $flatten\_LECWRAP.\_530_.$auto$liberty.cc:109:parse_func_reduce$2279_gate ($_AND_): \_LECWRAP._338_.IQ_gate -> \wbs_dat_o[1]
Changing input A of cell $flatten\_LECWRAP.\_530_.$auto$liberty.cc:109:parse_func_reduce$2277_gate ($_AND_): \_LECWRAP._323_.IQ_gate -> \la_data_out[2]
Changing input A of cell $flatten\_LECWRAP.\_531_.$auto$liberty.cc:109:parse_func_reduce$2279_gate ($_AND_): \_LECWRAP._337_.IQ_gate -> \wbs_dat_o[0]
Changing input A of cell $flatten\_LECWRAP.\_531_.$auto$liberty.cc:109:parse_func_reduce$2277_gate ($_AND_): \_LECWRAP._322_.IQ_gate -> \la_data_out[1]
Changing input A of cell $flatten\_LECWRAP.\_532_.$auto$liberty.cc:109:parse_func_reduce$2279_gate ($_AND_): \_LECWRAP._336_.IQ_gate -> \la_data_out[15]
Changing input A of cell $flatten\_LECWRAP.\_532_.$auto$liberty.cc:109:parse_func_reduce$2277_gate ($_AND_): \_LECWRAP._321_.IQ_gate -> \la_data_out[0]
Changing input A of cell $flatten\_LECWRAP.\_533_.$auto$liberty.cc:109:parse_func_reduce$2279_gate ($_AND_): \_LECWRAP._335_.IQ_gate -> \la_data_out[14]
Changing input A of cell $flatten\_LECWRAP.\_534_.$auto$liberty.cc:109:parse_func_reduce$2279_gate ($_AND_): \_LECWRAP._334_.IQ_gate -> \la_data_out[13]
Changing input A of cell $flatten\_LECWRAP.\_535_.$auto$liberty.cc:109:parse_func_reduce$2279_gate ($_AND_): \_LECWRAP._333_.IQ_gate -> \la_data_out[12]
Changing input A of cell $flatten\_LECWRAP.\_536_.$auto$liberty.cc:109:parse_func_reduce$2279_gate ($_AND_): \_LECWRAP._332_.IQ_gate -> \la_data_out[11]
Changing input A of cell $flatten\_LECWRAP.\_537_.$auto$liberty.cc:109:parse_func_reduce$2279_gate ($_AND_): \_LECWRAP._331_.IQ_gate -> \la_data_out[10]
Changing input A of cell $flatten\_LECWRAP.\_538_.$auto$liberty.cc:109:parse_func_reduce$2279_gate ($_AND_): \_LECWRAP._330_.IQ_gate -> \la_data_out[9]
Changing input A of cell $flatten\_LECWRAP.\_539_.$auto$liberty.cc:109:parse_func_reduce$2279_gate ($_AND_): \_LECWRAP._329_.IQ_gate -> \la_data_out[8]
Changing input A of cell $flatten\_LECWRAP.\_540_.$auto$liberty.cc:109:parse_func_reduce$2279_gate ($_AND_): \_LECWRAP._328_.IQ_gate -> \la_data_out[7]
Changing input A of cell $flatten\_LECWRAP.\_541_.$auto$liberty.cc:109:parse_func_reduce$2279_gate ($_AND_): \_LECWRAP._327_.IQ_gate -> \la_data_out[6]
Changing input A of cell $flatten\_LECWRAP.\_542_.$auto$liberty.cc:109:parse_func_reduce$2279_gate ($_AND_): \_LECWRAP._326_.IQ_gate -> \la_data_out[5]
Changing input A of cell $flatten\_LECWRAP.\_543_.$auto$liberty.cc:109:parse_func_reduce$2279_gate ($_AND_): \_LECWRAP._325_.IQ_gate -> \la_data_out[4]
Changing input A of cell $flatten\_LECWRAP.\_544_.$auto$liberty.cc:109:parse_func_reduce$2279_gate ($_AND_): \_LECWRAP._324_.IQ_gate -> \la_data_out[3]
Changing input A of cell $flatten\_LECWRAP.\_545_.$auto$liberty.cc:109:parse_func_reduce$2279_gate ($_AND_): \_LECWRAP._323_.IQ_gate -> \la_data_out[2]
Changing input A of cell $flatten\_LECWRAP.\_546_.$auto$liberty.cc:109:parse_func_reduce$2279_gate ($_AND_): \_LECWRAP._322_.IQ_gate -> \la_data_out[1]
Changing input A of cell $flatten\_LECWRAP.\_547_.$auto$liberty.cc:109:parse_func_reduce$2279_gate ($_AND_): \_LECWRAP._321_.IQ_gate -> \la_data_out[0]
Changing input A of cell $flatten\_LECWRAP.\_548_.$auto$liberty.cc:109:parse_func_reduce$2279_gate ($_AND_): \_LECWRAP._320_.IQ_gate -> \wbs_ack_o
Changing input B of cell $flatten\_LECWRAP.mprj.\mprj.\counter.$procmux$60_gold ($mux): { \_LECWRAP.mprj.mprj.counter.rdata[15]_gold \_LECWRAP.mprj.mprj.counter.rdata[14]_gold \_LECWRAP.mprj.mprj.counter.rdata[13]_gold \_LECWRAP.mprj.mprj.counter.rdata[12]_gold \_LECWRAP.mprj.mprj.counter.rdata[11]_gold \_LECWRAP.mprj.mprj.counter.rdata[10]_gold \_LECWRAP.mprj.mprj.counter.rdata[9]_gold \_LECWRAP.mprj.mprj.counter.rdata[8]_gold \_LECWRAP.mprj.mprj.counter.rdata[7]_gold \_LECWRAP.mprj.mprj.counter.rdata[6]_gold \_LECWRAP.mprj.mprj.counter.rdata[5]_gold \_LECWRAP.mprj.mprj.counter.rdata[4]_gold \_LECWRAP.mprj.mprj.counter.rdata[3]_gold \_LECWRAP.mprj.mprj.counter.rdata[2]_gold \_LECWRAP.mprj.mprj.counter.rdata[1]_gold \_LECWRAP.mprj.mprj.counter.rdata[0]_gold } -> { \wbs_dat_o[15] \wbs_dat_o[14] \wbs_dat_o[13] \wbs_dat_o[12] \wbs_dat_o[11] \wbs_dat_o[10] \wbs_dat_o[9] \wbs_dat_o[8] \wbs_dat_o[7] \wbs_dat_o[6] \wbs_dat_o[5] \wbs_dat_o[4] \wbs_dat_o[3] \wbs_dat_o[2] \wbs_dat_o[1] \wbs_dat_o[0] }
Changing input S of cell $flatten\_LECWRAP.mprj.\mprj.\counter.$procmux$60_gold ($mux): \_LECWRAP.mprj.mprj.counter.reset_gold -> \io_oeb[0]
Changing input A of cell $flatten\_LECWRAP.mprj.\mprj.\counter.$procmux$57_gold ($mux): { \_LECWRAP.mprj.mprj.counter.rdata[15]_gold \_LECWRAP.mprj.mprj.counter.rdata[14]_gold \_LECWRAP.mprj.mprj.counter.rdata[13]_gold \_LECWRAP.mprj.mprj.counter.rdata[12]_gold \_LECWRAP.mprj.mprj.counter.rdata[11]_gold \_LECWRAP.mprj.mprj.counter.rdata[10]_gold \_LECWRAP.mprj.mprj.counter.rdata[9]_gold \_LECWRAP.mprj.mprj.counter.rdata[8]_gold \_LECWRAP.mprj.mprj.counter.rdata[7]_gold \_LECWRAP.mprj.mprj.counter.rdata[6]_gold \_LECWRAP.mprj.mprj.counter.rdata[5]_gold \_LECWRAP.mprj.mprj.counter.rdata[4]_gold \_LECWRAP.mprj.mprj.counter.rdata[3]_gold \_LECWRAP.mprj.mprj.counter.rdata[2]_gold \_LECWRAP.mprj.mprj.counter.rdata[1]_gold \_LECWRAP.mprj.mprj.counter.rdata[0]_gold } -> { \wbs_dat_o[15] \wbs_dat_o[14] \wbs_dat_o[13] \wbs_dat_o[12] \wbs_dat_o[11] \wbs_dat_o[10] \wbs_dat_o[9] \wbs_dat_o[8] \wbs_dat_o[7] \wbs_dat_o[6] \wbs_dat_o[5] \wbs_dat_o[4] \wbs_dat_o[3] \wbs_dat_o[2] \wbs_dat_o[1] \wbs_dat_o[0] }
Changing input B of cell $flatten\_LECWRAP.mprj.\mprj.\counter.$procmux$57_gold ($mux): { \_LECWRAP.mprj.mprj.counter.count[15]_gold \_LECWRAP.mprj.mprj.counter.count[14]_gold \_LECWRAP.mprj.mprj.counter.count[13]_gold \_LECWRAP.mprj.mprj.counter.count[12]_gold \_LECWRAP.mprj.mprj.counter.count[11]_gold \_LECWRAP.mprj.mprj.counter.count[10]_gold \_LECWRAP.mprj.mprj.counter.count[9]_gold \_LECWRAP.mprj.mprj.counter.count[8]_gold \_LECWRAP.mprj.mprj.counter.count[7]_gold \_LECWRAP.mprj.mprj.counter.count[6]_gold \_LECWRAP.mprj.mprj.counter.count[5]_gold \_LECWRAP.mprj.mprj.counter.count[4]_gold \_LECWRAP.mprj.mprj.counter.count[3]_gold \_LECWRAP.mprj.mprj.counter.count[2]_gold \_LECWRAP.mprj.mprj.counter.count[1]_gold \_LECWRAP.mprj.mprj.counter.count[0]_gold } -> { \la_data_out[15] \la_data_out[14] \la_data_out[13] \la_data_out[12] \la_data_out[11] \la_data_out[10] \la_data_out[9] \la_data_out[8] \la_data_out[7] \la_data_out[6] \la_data_out[5] \la_data_out[4] \la_data_out[3] \la_data_out[2] \la_data_out[1] \la_data_out[0] }
Changing input S of cell $flatten\_LECWRAP.mprj.\mprj.\counter.$procmux$54_gold ($mux): \_LECWRAP.mprj.mprj.counter.reset_gold -> \io_oeb[0]
Changing input S of cell $flatten\_LECWRAP.mprj.\mprj.\counter.$procmux$48_gold ($mux): \_LECWRAP.mprj.mprj.counter.reset_gold -> \io_oeb[0]
Changing input B of cell $flatten\_LECWRAP.mprj.\mprj.\counter.$procmux$38_gold ($mux): { \_LECWRAP.mprj.mprj.counter.count[7]_gold \_LECWRAP.mprj.mprj.counter.count[6]_gold \_LECWRAP.mprj.mprj.counter.count[5]_gold \_LECWRAP.mprj.mprj.counter.count[4]_gold \_LECWRAP.mprj.mprj.counter.count[3]_gold \_LECWRAP.mprj.mprj.counter.count[2]_gold \_LECWRAP.mprj.mprj.counter.count[1]_gold \_LECWRAP.mprj.mprj.counter.count[0]_gold } -> { \la_data_out[7] \la_data_out[6] \la_data_out[5] \la_data_out[4] \la_data_out[3] \la_data_out[2] \la_data_out[1] \la_data_out[0] }
Changing input S of cell $flatten\_LECWRAP.mprj.\mprj.\counter.$procmux$36_gold ($mux): \_LECWRAP.mprj.mprj.counter.reset_gold -> \io_oeb[0]
Changing input B of cell $flatten\_LECWRAP.mprj.\mprj.\counter.$procmux$26_gold ($mux): { \_LECWRAP.mprj.mprj.counter.count[15]_gold \_LECWRAP.mprj.mprj.counter.count[14]_gold \_LECWRAP.mprj.mprj.counter.count[13]_gold \_LECWRAP.mprj.mprj.counter.count[12]_gold \_LECWRAP.mprj.mprj.counter.count[11]_gold \_LECWRAP.mprj.mprj.counter.count[10]_gold \_LECWRAP.mprj.mprj.counter.count[9]_gold \_LECWRAP.mprj.mprj.counter.count[8]_gold } -> { \la_data_out[15] \la_data_out[14] \la_data_out[13] \la_data_out[12] \la_data_out[11] \la_data_out[10] \la_data_out[9] \la_data_out[8] }
Changing input A of cell $flatten\_LECWRAP.mprj.\mprj.\counter.$logic_not$/home/reyerchu/_c_car15_run/phase2/stage1/rtl/user_proj_example.v:144$22_gold ($logic_not): \_LECWRAP.mprj.mprj.counter.ready_gold -> \wbs_ack_o
Changing input A of cell $flatten\_LECWRAP.mprj.\mprj.\counter.$add$/home/reyerchu/_c_car15_run/phase2/stage1/rtl/user_proj_example.v:142$21_gold ($add): { \_LECWRAP.mprj.mprj.counter.count[15]_gold \_LECWRAP.mprj.mprj.counter.count[14]_gold \_LECWRAP.mprj.mprj.counter.count[13]_gold \_LECWRAP.mprj.mprj.counter.count[12]_gold \_LECWRAP.mprj.mprj.counter.count[11]_gold \_LECWRAP.mprj.mprj.counter.count[10]_gold \_LECWRAP.mprj.mprj.counter.count[9]_gold \_LECWRAP.mprj.mprj.counter.count[8]_gold \_LECWRAP.mprj.mprj.counter.count[7]_gold \_LECWRAP.mprj.mprj.counter.count[6]_gold \_LECWRAP.mprj.mprj.counter.count[5]_gold \_LECWRAP.mprj.mprj.counter.count[4]_gold \_LECWRAP.mprj.mprj.counter.count[3]_gold \_LECWRAP.mprj.mprj.counter.count[2]_gold \_LECWRAP.mprj.mprj.counter.count[1]_gold \_LECWRAP.mprj.mprj.counter.count[0]_gold } -> { \la_data_out[15] \la_data_out[14] \la_data_out[13] \la_data_out[12] \la_data_out[11] \la_data_out[10] \la_data_out[9] \la_data_out[8] \la_data_out[7] \la_data_out[6] \la_data_out[5] \la_data_out[4] \la_data_out[3] \la_data_out[2] \la_data_out[1] \la_data_out[0] }
Setting undriven nets to undef: \analog_io[28]_gate
Setting undriven nets to undef: \analog_io[27]_gate
Setting undriven nets to undef: \analog_io[26]_gate
Setting undriven nets to undef: \analog_io[25]_gate
Setting undriven nets to undef: \analog_io[24]_gate
Setting undriven nets to undef: \analog_io[23]_gate
Setting undriven nets to undef: \analog_io[22]_gate
Setting undriven nets to undef: \analog_io[21]_gate
Setting undriven nets to undef: \analog_io[20]_gate
Setting undriven nets to undef: \analog_io[19]_gate
Setting undriven nets to undef: \analog_io[18]_gate
Setting undriven nets to undef: \analog_io[17]_gate
Setting undriven nets to undef: \analog_io[16]_gate
Setting undriven nets to undef: \analog_io[15]_gate
Setting undriven nets to undef: \analog_io[14]_gate
Setting undriven nets to undef: \analog_io[13]_gate
Setting undriven nets to undef: \analog_io[12]_gate
Setting undriven nets to undef: \analog_io[11]_gate
Setting undriven nets to undef: \analog_io[10]_gate
Setting undriven nets to undef: \analog_io[9]_gate
Setting undriven nets to undef: \analog_io[8]_gate
Setting undriven nets to undef: \analog_io[7]_gate
Setting undriven nets to undef: \analog_io[6]_gate
Setting undriven nets to undef: \analog_io[5]_gate
Setting undriven nets to undef: \analog_io[4]_gate
Setting undriven nets to undef: \analog_io[3]_gate
Setting undriven nets to undef: \analog_io[2]_gate
Setting undriven nets to undef: \analog_io[1]_gate
Setting undriven nets to undef: \analog_io[0]_gate
Setting undriven nets to undef: \analog_io[28]_gold
Setting undriven nets to undef: \analog_io[27]_gold
Setting undriven nets to undef: \analog_io[26]_gold
Setting undriven nets to undef: \analog_io[25]_gold
Setting undriven nets to undef: \analog_io[24]_gold
Setting undriven nets to undef: \analog_io[23]_gold
Setting undriven nets to undef: \analog_io[22]_gold
Setting undriven nets to undef: \analog_io[21]_gold
Setting undriven nets to undef: \analog_io[20]_gold
Setting undriven nets to undef: \analog_io[19]_gold
Setting undriven nets to undef: \analog_io[18]_gold
Setting undriven nets to undef: \analog_io[17]_gold
Setting undriven nets to undef: \analog_io[16]_gold
Setting undriven nets to undef: \analog_io[15]_gold
Setting undriven nets to undef: \analog_io[14]_gold
Setting undriven nets to undef: \analog_io[13]_gold
Setting undriven nets to undef: \analog_io[12]_gold
Setting undriven nets to undef: \analog_io[11]_gold
Setting undriven nets to undef: \analog_io[10]_gold
Setting undriven nets to undef: \analog_io[9]_gold
Setting undriven nets to undef: \analog_io[8]_gold
Setting undriven nets to undef: \analog_io[7]_gold
Setting undriven nets to undef: \analog_io[6]_gold
Setting undriven nets to undef: \analog_io[5]_gold
Setting undriven nets to undef: \analog_io[4]_gold
Setting undriven nets to undef: \analog_io[3]_gold
Setting undriven nets to undef: \analog_io[2]_gold
Setting undriven nets to undef: \analog_io[1]_gold
Setting undriven nets to undef: \analog_io[0]_gold
Setting undriven nets to undef: \io_oeb[29]_gold
Setting undriven nets to undef: \io_oeb[28]_gold
Setting undriven nets to undef: \io_oeb[27]_gold
Setting undriven nets to undef: \io_oeb[26]_gold
Setting undriven nets to undef: \io_oeb[25]_gold
Setting undriven nets to undef: \io_oeb[24]_gold
Setting undriven nets to undef: \io_oeb[23]_gold
Setting undriven nets to undef: \io_oeb[22]_gold
Setting undriven nets to undef: \io_oeb[21]_gold
Setting undriven nets to undef: \io_oeb[20]_gold
Setting undriven nets to undef: \io_oeb[19]_gold
Setting undriven nets to undef: \io_oeb[18]_gold
Setting undriven nets to undef: \io_oeb[17]_gold
Setting undriven nets to undef: \io_oeb[16]_gold
Setting undriven nets to undef: \io_oeb[15]_gold
Setting undriven nets to undef: \io_oeb[14]_gold
Setting undriven nets to undef: \io_oeb[13]_gold
Setting undriven nets to undef: \io_oeb[12]_gold
Setting undriven nets to undef: \io_oeb[11]_gold
Setting undriven nets to undef: \io_oeb[10]_gold
Setting undriven nets to undef: \io_oeb[9]_gold
Setting undriven nets to undef: \io_oeb[8]_gold
Setting undriven nets to undef: \io_out[29]_gold
Setting undriven nets to undef: \io_out[28]_gold
Setting undriven nets to undef: \io_out[27]_gold
Setting undriven nets to undef: \io_out[26]_gold
Setting undriven nets to undef: \io_out[25]_gold
Setting undriven nets to undef: \io_out[24]_gold
Setting undriven nets to undef: \io_out[23]_gold
Setting undriven nets to undef: \io_out[22]_gold
Setting undriven nets to undef: \io_out[21]_gold
Setting undriven nets to undef: \io_out[20]_gold
Setting undriven nets to undef: \io_out[19]_gold
Setting undriven nets to undef: \io_out[18]_gold
Setting undriven nets to undef: \io_out[17]_gold
Setting undriven nets to undef: \io_out[16]_gold
Setting undriven nets to undef: \io_out[15]_gold
Setting undriven nets to undef: \io_out[14]_gold
Setting undriven nets to undef: \io_out[13]_gold
Setting undriven nets to undef: \io_out[12]_gold
Setting undriven nets to undef: \io_out[11]_gold
Setting undriven nets to undef: \io_out[10]_gold
Setting undriven nets to undef: \io_out[9]_gold
Setting undriven nets to undef: \io_out[8]_gold

22. Executing HIERARCHY pass (managing design hierarchy).

22.1. Analyzing design hierarchy..
Top module:  \equiv

22.2. Analyzing design hierarchy..
Top module:  \equiv
Removing unused module `\gate'.
Removing unused module `\gold'.
Removed 2 unused modules.

23. Executing EQUIV_SIMPLE pass.
Found 269 unproven $equiv cells (269 groups) in equiv:
  Trying to prove $equiv for \wbs_ack_o:ezsat
ezsat
 success!
  Trying to prove $equiv for \wbs_dat_o[0]:ezsat
ezsat
 success!
  Trying to prove $equiv for \wbs_dat_o[1]:ezsat
ezsat
 success!
  Trying to prove $equiv for \wbs_dat_o[2]:ezsat
ezsat
 success!
  Trying to prove $equiv for \wbs_dat_o[3]:ezsat
ezsat
 success!
  Trying to prove $equiv for \wbs_dat_o[4]:ezsat
ezsat
 success!
  Trying to prove $equiv for \wbs_dat_o[5]:ezsat
ezsat
 success!
  Trying to prove $equiv for \wbs_dat_o[6]:ezsat
ezsat
 success!
  Trying to prove $equiv for \wbs_dat_o[7]:ezsat
ezsat
 success!
  Trying to prove $equiv for \wbs_dat_o[8]:ezsat
ezsat
 success!
  Trying to prove $equiv for \wbs_dat_o[9]:ezsat
ezsat
 success!
  Trying to prove $equiv for \wbs_dat_o[10]:ezsat
ezsat
 success!
  Trying to prove $equiv for \wbs_dat_o[11]:ezsat
ezsat
 success!
  Trying to prove $equiv for \wbs_dat_o[12]:ezsat
ezsat
 success!
  Trying to prove $equiv for \wbs_dat_o[13]:ezsat
ezsat
 success!
  Trying to prove $equiv for \wbs_dat_o[14]:ezsat
ezsat
 success!
  Trying to prove $equiv for \wbs_dat_o[15]:ezsat
ezsat
 success!
  Trying to prove $equiv for \wbs_dat_o[16]:ezsat
 success!
  Trying to prove $equiv for \wbs_dat_o[17]:ezsat
 success!
  Trying to prove $equiv for \wbs_dat_o[18]:ezsat
 success!
  Trying to prove $equiv for \wbs_dat_o[19]:ezsat
 success!
  Trying to prove $equiv for \wbs_dat_o[20]:ezsat
 success!
  Trying to prove $equiv for \wbs_dat_o[21]:ezsat
 success!
  Trying to prove $equiv for \wbs_dat_o[22]:ezsat
 success!
  Trying to prove $equiv for \wbs_dat_o[23]:ezsat
 success!
  Trying to prove $equiv for \wbs_dat_o[24]:ezsat
 success!
  Trying to prove $equiv for \wbs_dat_o[25]:ezsat
 success!
  Trying to prove $equiv for \wbs_dat_o[26]:ezsat
 success!
  Trying to prove $equiv for \wbs_dat_o[27]:ezsat
 success!
  Trying to prove $equiv for \wbs_dat_o[28]:ezsat
 success!
  Trying to prove $equiv for \wbs_dat_o[29]:ezsat
 success!
  Trying to prove $equiv for \wbs_dat_o[30]:ezsat
 success!
  Trying to prove $equiv for \wbs_dat_o[31]:ezsat
 success!
  Trying to prove $equiv for \la_data_out[0]:ezsat
ezsat
 success!
  Trying to prove $equiv for \la_data_out[1]:ezsat
ezsat
 success!
  Trying to prove $equiv for \la_data_out[2]:ezsat
ezsat
 success!
  Trying to prove $equiv for \la_data_out[3]:ezsat
ezsat
 success!
  Trying to prove $equiv for \la_data_out[4]:ezsat
ezsat
 success!
  Trying to prove $equiv for \la_data_out[5]:ezsat
ezsat
 success!
  Trying to prove $equiv for \la_data_out[6]:ezsat
ezsat
 success!
  Trying to prove $equiv for \la_data_out[7]:ezsat
ezsat
 success!
  Trying to prove $equiv for \la_data_out[8]:ezsat
ezsat
 success!
  Trying to prove $equiv for \la_data_out[9]:ezsat
ezsat
 success!
  Trying to prove $equiv for \la_data_out[10]:ezsat
ezsat
 success!
  Trying to prove $equiv for \la_data_out[11]:ezsat
ezsat
 success!
  Trying to prove $equiv for \la_data_out[12]:ezsat
ezsat
 success!
  Trying to prove $equiv for \la_data_out[13]:ezsat
ezsat
 success!
  Trying to prove $equiv for \la_data_out[14]:ezsat
ezsat
 success!
  Trying to prove $equiv for \la_data_out[15]:ezsat
ezsat
 success!
  Trying to prove $equiv for \la_data_out[16]:ezsat
 success!
  Trying to prove $equiv for \la_data_out[17]:ezsat
 success!
  Trying to prove $equiv for \la_data_out[18]:ezsat
 success!
  Trying to prove $equiv for \la_data_out[19]:ezsat
 success!
  Trying to prove $equiv for \la_data_out[20]:ezsat
 success!
  Trying to prove $equiv for \la_data_out[21]:ezsat
 success!
  Trying to prove $equiv for \la_data_out[22]:ezsat
 success!
  Trying to prove $equiv for \la_data_out[23]:ezsat
 success!
  Trying to prove $equiv for \la_data_out[24]:ezsat
 success!
  Trying to prove $equiv for \la_data_out[25]:ezsat
 success!
  Trying to prove $equiv for \la_data_out[26]:ezsat
 success!
  Trying to prove $equiv for \la_data_out[27]:ezsat
 success!
  Trying to prove $equiv for \la_data_out[28]:ezsat
 success!
  Trying to prove $equiv for \la_data_out[29]:ezsat
 success!
  Trying to prove $equiv for \la_data_out[30]:ezsat
 success!
  Trying to prove $equiv for \la_data_out[31]:ezsat
 success!
  Trying to prove $equiv for \la_data_out[32]:ezsat
 success!
  Trying to prove $equiv for \la_data_out[33]:ezsat
 success!
  Trying to prove $equiv for \la_data_out[34]:ezsat
 success!
  Trying to prove $equiv for \la_data_out[35]:ezsat
 success!
  Trying to prove $equiv for \la_data_out[36]:ezsat
 success!
  Trying to prove $equiv for \la_data_out[37]:ezsat
 success!
  Trying to prove $equiv for \la_data_out[38]:ezsat
 success!
  Trying to prove $equiv for \la_data_out[39]:ezsat
 success!
  Trying to prove $equiv for \la_data_out[40]:ezsat
 success!
  Trying to prove $equiv for \la_data_out[41]:ezsat
 success!
  Trying to prove $equiv for \la_data_out[42]:ezsat
 success!
  Trying to prove $equiv for \la_data_out[43]:ezsat
 success!
  Trying to prove $equiv for \la_data_out[44]:ezsat
 success!
  Trying to prove $equiv for \la_data_out[45]:ezsat
 success!
  Trying to prove $equiv for \la_data_out[46]:ezsat
 success!
  Trying to prove $equiv for \la_data_out[47]:ezsat
 success!
  Trying to prove $equiv for \la_data_out[48]:ezsat
 success!
  Trying to prove $equiv for \la_data_out[49]:ezsat
 success!
  Trying to prove $equiv for \la_data_out[50]:ezsat
 success!
  Trying to prove $equiv for \la_data_out[51]:ezsat
 success!
  Trying to prove $equiv for \la_data_out[52]:ezsat
 success!
  Trying to prove $equiv for \la_data_out[53]:ezsat
 success!
  Trying to prove $equiv for \la_data_out[54]:ezsat
 success!
  Trying to prove $equiv for \la_data_out[55]:ezsat
 success!
  Trying to prove $equiv for \la_data_out[56]:ezsat
 success!
  Trying to prove $equiv for \la_data_out[57]:ezsat
 success!
  Trying to prove $equiv for \la_data_out[58]:ezsat
 success!
  Trying to prove $equiv for \la_data_out[59]:ezsat
 success!
  Trying to prove $equiv for \la_data_out[60]:ezsat
 success!
  Trying to prove $equiv for \la_data_out[61]:ezsat
 success!
  Trying to prove $equiv for \la_data_out[62]:ezsat
 success!
  Trying to prove $equiv for \la_data_out[63]:ezsat
 success!
  Trying to prove $equiv for \la_data_out[64]:ezsat
 success!
  Trying to prove $equiv for \la_data_out[65]:ezsat
 success!
  Trying to prove $equiv for \la_data_out[66]:ezsat
 success!
  Trying to prove $equiv for \la_data_out[67]:ezsat
 success!
  Trying to prove $equiv for \la_data_out[68]:ezsat
 success!
  Trying to prove $equiv for \la_data_out[69]:ezsat
 success!
  Trying to prove $equiv for \la_data_out[70]:ezsat
 success!
  Trying to prove $equiv for \la_data_out[71]:ezsat
 success!
  Trying to prove $equiv for \la_data_out[72]:ezsat
 success!
  Trying to prove $equiv for \la_data_out[73]:ezsat
 success!
  Trying to prove $equiv for \la_data_out[74]:ezsat
 success!
  Trying to prove $equiv for \la_data_out[75]:ezsat
 success!
  Trying to prove $equiv for \la_data_out[76]:ezsat
 success!
  Trying to prove $equiv for \la_data_out[77]:ezsat
 success!
  Trying to prove $equiv for \la_data_out[78]:ezsat
 success!
  Trying to prove $equiv for \la_data_out[79]:ezsat
 success!
  Trying to prove $equiv for \la_data_out[80]:ezsat
 success!
  Trying to prove $equiv for \la_data_out[81]:ezsat
 success!
  Trying to prove $equiv for \la_data_out[82]:ezsat
 success!
  Trying to prove $equiv for \la_data_out[83]:ezsat
 success!
  Trying to prove $equiv for \la_data_out[84]:ezsat
 success!
  Trying to prove $equiv for \la_data_out[85]:ezsat
 success!
  Trying to prove $equiv for \la_data_out[86]:ezsat
 success!
  Trying to prove $equiv for \la_data_out[87]:ezsat
 success!
  Trying to prove $equiv for \la_data_out[88]:ezsat
 success!
  Trying to prove $equiv for \la_data_out[89]:ezsat
 success!
  Trying to prove $equiv for \la_data_out[90]:ezsat
 success!
  Trying to prove $equiv for \la_data_out[91]:ezsat
 success!
  Trying to prove $equiv for \la_data_out[92]:ezsat
 success!
  Trying to prove $equiv for \la_data_out[93]:ezsat
 success!
  Trying to prove $equiv for \la_data_out[94]:ezsat
 success!
  Trying to prove $equiv for \la_data_out[95]:ezsat
 success!
  Trying to prove $equiv for \la_data_out[96]:ezsat
 success!
  Trying to prove $equiv for \la_data_out[97]:ezsat
 success!
  Trying to prove $equiv for \la_data_out[98]:ezsat
 success!
  Trying to prove $equiv for \la_data_out[99]:ezsat
 success!
  Trying to prove $equiv for \la_data_out[100]:ezsat
 success!
  Trying to prove $equiv for \la_data_out[101]:ezsat
 success!
  Trying to prove $equiv for \la_data_out[102]:ezsat
 success!
  Trying to prove $equiv for \la_data_out[103]:ezsat
 success!
  Trying to prove $equiv for \la_data_out[104]:ezsat
 success!
  Trying to prove $equiv for \la_data_out[105]:ezsat
 success!
  Trying to prove $equiv for \la_data_out[106]:ezsat
 success!
  Trying to prove $equiv for \la_data_out[107]:ezsat
 success!
  Trying to prove $equiv for \la_data_out[108]:ezsat
 success!
  Trying to prove $equiv for \la_data_out[109]:ezsat
 success!
  Trying to prove $equiv for \la_data_out[110]:ezsat
 success!
  Trying to prove $equiv for \la_data_out[111]:ezsat
 success!
  Trying to prove $equiv for \la_data_out[112]:ezsat
 success!
  Trying to prove $equiv for \la_data_out[113]:ezsat
 success!
  Trying to prove $equiv for \la_data_out[114]:ezsat
 success!
  Trying to prove $equiv for \la_data_out[115]:ezsat
 success!
  Trying to prove $equiv for \la_data_out[116]:ezsat
 success!
  Trying to prove $equiv for \la_data_out[117]:ezsat
 success!
  Trying to prove $equiv for \la_data_out[118]:ezsat
 success!
  Trying to prove $equiv for \la_data_out[119]:ezsat
 success!
  Trying to prove $equiv for \la_data_out[120]:ezsat
 success!
  Trying to prove $equiv for \la_data_out[121]:ezsat
 success!
  Trying to prove $equiv for \la_data_out[122]:ezsat
 success!
  Trying to prove $equiv for \la_data_out[123]:ezsat
 success!
  Trying to prove $equiv for \la_data_out[124]:ezsat
 success!
  Trying to prove $equiv for \la_data_out[125]:ezsat
 success!
  Trying to prove $equiv for \la_data_out[126]:ezsat
 success!
  Trying to prove $equiv for \la_data_out[127]:ezsat
 success!
  Trying to prove $equiv for \io_out[0]:ezsat
ezsat
 success!
  Trying to prove $equiv for \io_out[1]:ezsat
ezsat
 success!
  Trying to prove $equiv for \io_out[2]:ezsat
ezsat
 success!
  Trying to prove $equiv for \io_out[3]:ezsat
ezsat
 success!
  Trying to prove $equiv for \io_out[4]:ezsat
ezsat
 success!
  Trying to prove $equiv for \io_out[5]:ezsat
ezsat
 success!
  Trying to prove $equiv for \io_out[6]:ezsat
ezsat
 success!
  Trying to prove $equiv for \io_out[7]:ezsat
ezsat
 success!
  Trying to prove $equiv for \io_out[8]:ezsat
 success!
  Trying to prove $equiv for \io_out[9]:ezsat
 success!
  Trying to prove $equiv for \io_out[10]:ezsat
 success!
  Trying to prove $equiv for \io_out[11]:ezsat
 success!
  Trying to prove $equiv for \io_out[12]:ezsat
 success!
  Trying to prove $equiv for \io_out[13]:ezsat
 success!
  Trying to prove $equiv for \io_out[14]:ezsat
 success!
  Trying to prove $equiv for \io_out[15]:ezsat
 success!
  Trying to prove $equiv for \io_out[16]:ezsat
 success!
  Trying to prove $equiv for \io_out[17]:ezsat
 success!
  Trying to prove $equiv for \io_out[18]:ezsat
 success!
  Trying to prove $equiv for \io_out[19]:ezsat
 success!
  Trying to prove $equiv for \io_out[20]:ezsat
 success!
  Trying to prove $equiv for \io_out[21]:ezsat
 success!
  Trying to prove $equiv for \io_out[22]:ezsat
 success!
  Trying to prove $equiv for \io_out[23]:ezsat
 success!
  Trying to prove $equiv for \io_out[24]:ezsat
 success!
  Trying to prove $equiv for \io_out[25]:ezsat
 success!
  Trying to prove $equiv for \io_out[26]:ezsat
 success!
  Trying to prove $equiv for \io_out[27]:ezsat
 success!
  Trying to prove $equiv for \io_out[28]:ezsat
 success!
  Trying to prove $equiv for \io_out[29]:ezsat
 success!
  Trying to prove $equiv for \io_out[30]:ezsat
ezsat
 success!
  Trying to prove $equiv for \io_out[31]:ezsat
ezsat
 success!
  Trying to prove $equiv for \io_out[32]:ezsat
ezsat
 success!
  Trying to prove $equiv for \io_out[33]:ezsat
ezsat
 success!
  Trying to prove $equiv for \io_out[34]:ezsat
ezsat
 success!
  Trying to prove $equiv for \io_out[35]:ezsat
ezsat
 success!
  Trying to prove $equiv for \io_out[36]:ezsat
ezsat
 success!
  Trying to prove $equiv for \io_out[37]:ezsat
ezsat
 success!
  Trying to prove $equiv for \io_oeb[0]:ezsat
 success!
  Trying to prove $equiv for \io_oeb[1]:ezsat
 success!
  Trying to prove $equiv for \io_oeb[2]:ezsat
 success!
  Trying to prove $equiv for \io_oeb[3]:ezsat
 success!
  Trying to prove $equiv for \io_oeb[4]:ezsat
 success!
  Trying to prove $equiv for \io_oeb[5]:ezsat
 success!
  Trying to prove $equiv for \io_oeb[6]:ezsat
 success!
  Trying to prove $equiv for \io_oeb[7]:ezsat
 success!
  Trying to prove $equiv for \io_oeb[8]:ezsat
 success!
  Trying to prove $equiv for \io_oeb[9]:ezsat
 success!
  Trying to prove $equiv for \io_oeb[10]:ezsat
 success!
  Trying to prove $equiv for \io_oeb[11]:ezsat
 success!
  Trying to prove $equiv for \io_oeb[12]:ezsat
 success!
  Trying to prove $equiv for \io_oeb[13]:ezsat
 success!
  Trying to prove $equiv for \io_oeb[14]:ezsat
 success!
  Trying to prove $equiv for \io_oeb[15]:ezsat
 success!
  Trying to prove $equiv for \io_oeb[16]:ezsat
 success!
  Trying to prove $equiv for \io_oeb[17]:ezsat
 success!
  Trying to prove $equiv for \io_oeb[18]:ezsat
 success!
  Trying to prove $equiv for \io_oeb[19]:ezsat
 success!
  Trying to prove $equiv for \io_oeb[20]:ezsat
 success!
  Trying to prove $equiv for \io_oeb[21]:ezsat
 success!
  Trying to prove $equiv for \io_oeb[22]:ezsat
 success!
  Trying to prove $equiv for \io_oeb[23]:ezsat
 success!
  Trying to prove $equiv for \io_oeb[24]:ezsat
 success!
  Trying to prove $equiv for \io_oeb[25]:ezsat
 success!
  Trying to prove $equiv for \io_oeb[26]:ezsat
 success!
  Trying to prove $equiv for \io_oeb[27]:ezsat
 success!
  Trying to prove $equiv for \io_oeb[28]:ezsat
 success!
  Trying to prove $equiv for \io_oeb[29]:ezsat
 success!
  Trying to prove $equiv for \io_oeb[30]:ezsat
 success!
  Trying to prove $equiv for \io_oeb[31]:ezsat
 success!
  Trying to prove $equiv for \io_oeb[32]:ezsat
 success!
  Trying to prove $equiv for \io_oeb[33]:ezsat
 success!
  Trying to prove $equiv for \io_oeb[34]:ezsat
 success!
  Trying to prove $equiv for \io_oeb[35]:ezsat
 success!
  Trying to prove $equiv for \io_oeb[36]:ezsat
 success!
  Trying to prove $equiv for \io_oeb[37]:ezsat
 success!
  Trying to prove $equiv for \analog_io[0]:ezsat
 success!
  Trying to prove $equiv for \analog_io[1]:ezsat
 success!
  Trying to prove $equiv for \analog_io[2]:ezsat
 success!
  Trying to prove $equiv for \analog_io[3]:ezsat
 success!
  Trying to prove $equiv for \analog_io[4]:ezsat
 success!
  Trying to prove $equiv for \analog_io[5]:ezsat
 success!
  Trying to prove $equiv for \analog_io[6]:ezsat
 success!
  Trying to prove $equiv for \analog_io[7]:ezsat
 success!
  Trying to prove $equiv for \analog_io[8]:ezsat
 success!
  Trying to prove $equiv for \analog_io[9]:ezsat
 success!
  Trying to prove $equiv for \analog_io[10]:ezsat
 success!
  Trying to prove $equiv for \analog_io[11]:ezsat
 success!
  Trying to prove $equiv for \analog_io[12]:ezsat
 success!
  Trying to prove $equiv for \analog_io[13]:ezsat
 success!
  Trying to prove $equiv for \analog_io[14]:ezsat
 success!
  Trying to prove $equiv for \analog_io[15]:ezsat
 success!
  Trying to prove $equiv for \analog_io[16]:ezsat
 success!
  Trying to prove $equiv for \analog_io[17]:ezsat
 success!
  Trying to prove $equiv for \analog_io[18]:ezsat
 success!
  Trying to prove $equiv for \analog_io[19]:ezsat
 success!
  Trying to prove $equiv for \analog_io[20]:ezsat
 success!
  Trying to prove $equiv for \analog_io[21]:ezsat
 success!
  Trying to prove $equiv for \analog_io[22]:ezsat
 success!
  Trying to prove $equiv for \analog_io[23]:ezsat
 success!
  Trying to prove $equiv for \analog_io[24]:ezsat
 success!
  Trying to prove $equiv for \analog_io[25]:ezsat
 success!
  Trying to prove $equiv for \analog_io[26]:ezsat
 success!
  Trying to prove $equiv for \analog_io[27]:ezsat
 success!
  Trying to prove $equiv for \analog_io[28]:ezsat
 success!
  Trying to prove $equiv for \user_irq[0]:ezsat
 success!
  Trying to prove $equiv for \user_irq[1]:ezsat
 success!
  Trying to prove $equiv for \user_irq[2]:ezsat
 success!
Proved 269 previously unproven $equiv cells.

24. Executing EQUIV_INDUCT pass.
No selected unproven $equiv cells found in equiv.
Proved 0 previously unproven $equiv cells.

25. Executing EQUIV_INDUCT pass.
No selected unproven $equiv cells found in equiv.
Proved 0 previously unproven $equiv cells.

26. Executing EQUIV_INDUCT pass.
No selected unproven $equiv cells found in equiv.
Proved 0 previously unproven $equiv cells.

27. Executing EQUIV_STATUS pass.
Found 269 $equiv cells in equiv:
  Of those cells 269 are proven and 0 are unproven.
  Equivalence successfully proven!

Warnings: 44 unique messages, 88 total
End of script. Logfile hash: c3afa61c45, time: 0.32s, user: 0.28s, system: 0.04s, MEM: 53.75 MB peak
Yosys 0.67+ (git sha1 715cea078, Release, GNU /usr/bin/c++ 13.3.0) [github.com/vibeic/yosys at HEAD]
Time spent: 65% 1x equiv_simple (0 sec), 14% 2x read_liberty (0 sec), ...