Node0 Layer,Node0 X location,Node0 Y location,Node1 Layer,Node1 X location,Node1 Y location,Current
met1,11.7300,111.5200,met1,14.9500,111.5200,1.700e-08
met1,12.6500,182.2400,met1,14.9500,182.2400,1.695e-08
met1,12.8800,280.1600,met1,14.7200,280.1600,8.573e-13
met1,14.4900,155.0400,met1,18.4000,155.0400,1.695e-08
met1,14.4900,236.6400,met1,17.0200,236.6400,1.695e-08
met1,14.7200,280.1600,met1,16.5600,280.1600,1.942e-12
met1,14.9500,13.6000,met1,23.4600,13.6000,1.700e-08
met1,14.9500,24.4800,met1,24.1500,24.4800,1.695e-08
met1,14.9500,29.9200,met1,17.9400,29.9200,1.700e-08
met1,14.9500,35.3600,met1,18.4000,35.3600,1.700e-08
met1,14.9500,40.8000,met1,21.6200,40.8000,3.399e-08
met1,14.9500,57.1200,met1,22.3100,57.1200,1.695e-08
met1,14.9500,68.0000,met1,18.4000,68.0000,1.700e-08
met1,14.9500,73.4400,met1,22.0800,73.4400,3.405e-08
met1,14.9500,84.3200,met1,23.0000,84.3200,1.697e-08
met1,14.9500,100.6400,met1,17.4800,100.6400,1.702e-08
met1,14.9500,111.5200,met1,18.4000,111.5200,3.399e-08
met1,14.9500,116.9600,met1,17.4800,116.9600,1.695e-08
met1,14.9500,122.4000,met1,22.5400,122.4000,1.700e-08
met1,14.9500,138.7200,met1,24.1500,138.7200,3.399e-08
met1,14.9500,165.9200,met1,17.0200,165.9200,1.700e-08
met1,14.9500,171.3600,met1,17.9400,171.3600,1.695e-08
met1,14.9500,182.2400,met1,24.1500,182.2400,3.395e-08
met1,14.9500,193.1200,met1,21.6200,193.1200,3.459e-08
met1,14.9500,209.4400,met1,17.9400,209.4400,1.732e-08
met1,14.9500,214.8800,met1,18.4000,214.8800,1.728e-08
met1,14.9500,220.3200,met1,18.8600,220.3200,1.695e-08
met1,14.9500,225.7600,met1,17.9400,225.7600,1.700e-08
met1,15.1800,252.9600,met1,17.2500,252.9600,1.137e-12
met1,15.4100,160.4800,met1,24.1500,160.4800,1.700e-08
met1,15.4100,231.2000,met1,24.1500,231.2000,1.700e-08
met1,15.4100,301.9200,met1,17.9400,301.9200,1.797e-12
met1,15.4100,318.2400,met1,18.6300,318.2400,3.424e-13
met1,15.6400,149.6000,met1,20.4700,149.6000,1.414e-06
met1,15.6400,242.0800,met1,21.1600,242.0800,1.418e-06
met1,15.6400,340.0000,met1,19.0900,340.0000,1.267e-06
met1,15.6400,345.4400,met1,22.5400,345.4400,1.273e-06
met1,15.6400,356.3200,met1,21.8500,356.3200,1.270e-06
met1,15.6400,372.6400,met1,18.8600,372.6400,1.269e-06
met1,15.6400,383.5200,met1,20.2400,383.5200,1.275e-06
met1,15.6400,405.2800,met1,19.7800,405.2800,1.119e-06
met1,15.6400,416.1600,met1,22.7700,416.1600,1.267e-06
met1,15.6400,421.6000,met1,18.1700,421.6000,1.268e-06
met1,15.6400,432.4800,met1,20.4700,432.4800,1.268e-06
met1,15.6400,443.3600,met1,19.0900,443.3600,1.268e-06
met1,16.1000,62.5600,met1,19.3200,62.5600,1.415e-06
met1,16.1000,144.1600,met1,21.1600,144.1600,2.141e-06
met1,16.1000,312.8000,met1,19.5500,312.8000,2.148e-13
met1,16.1000,399.8400,met1,24.1500,399.8400,1.271e-06
met1,16.3300,334.5600,met1,18.4000,334.5600,3.911e-09
met1,16.5600,89.7600,met1,22.7700,89.7600,2.140e-06
met1,16.5600,127.8400,met1,21.3900,127.8400,2.142e-06
met1,16.5600,133.2800,met1,21.1600,133.2800,1.414e-06
met1,16.5600,274.7200,met1,24.1500,274.7200,4.400e-13
met1,16.5600,280.1600,met1,18.4000,280.1600,2.840e-12
met1,16.5600,394.4000,met1,18.4000,394.4000,1.119e-06
met1,16.7900,263.8400,met1,24.1500,263.8400,5.400e-12
met1,16.7900,291.0400,met1,20.2400,291.0400,5.608e-13
met1,16.7900,323.6800,met1,24.1500,323.6800,1.819e-12
met1,16.7900,361.7600,met1,20.9300,361.7600,1.123e-06
met1,16.7900,410.7200,met1,18.8600,410.7200,3.472e-09
met1,17.0200,51.6800,met1,24.1500,51.6800,3.555e-06
met1,17.0200,165.9200,met1,24.1500,165.9200,1.431e-06
met1,17.0200,236.6400,met1,21.1600,236.6400,2.171e-06
met1,17.0200,285.6000,met1,20.0100,285.6000,3.562e-12
met1,17.2500,252.9600,met1,19.3200,252.9600,3.991e-12
met1,17.2500,296.4800,met1,24.1500,296.4800,1.592e-12
met1,17.2500,367.2000,met1,20.9300,367.2000,4.545e-09
met1,17.2500,388.9600,met1,19.3200,388.9600,5.115e-09
met1,17.4800,19.0400,met1,24.1500,19.0400,4.283e-06
met1,17.4800,100.6400,met1,24.1500,100.6400,1.432e-06
met1,17.4800,116.9600,met1,24.1500,116.9600,2.156e-06
met1,17.4800,198.5600,met1,24.1500,198.5600,3.553e-06
met1,17.9400,29.9200,met1,24.1500,29.9200,2.159e-06
met1,17.9400,46.2400,met1,24.1500,46.2400,2.142e-06
met1,17.9400,78.8800,met1,24.1500,78.8800,2.142e-06
met1,17.9400,171.3600,met1,23.4600,171.3600,2.159e-06
met1,17.9400,209.4400,met1,24.1500,209.4400,2.157e-06
met1,17.9400,225.7600,met1,23.9200,225.7600,2.156e-06
met1,17.9400,269.2800,met1,23.2300,269.2800,5.519e-12
met1,17.9400,301.9200,met1,21.3900,301.9200,3.600e-12
met1,18.1700,421.6000,met1,22.3100,421.6000,1.272e-06
met1,18.4000,35.3600,met1,24.1500,35.3600,2.158e-06
met1,18.4000,68.0000,met1,20.9300,68.0000,2.160e-06
met1,18.4000,95.2000,met1,24.1500,95.2000,3.558e-06
met1,18.4000,111.5200,met1,24.1500,111.5200,2.174e-06
met1,18.4000,155.0400,met1,21.1600,155.0400,2.156e-06
met1,18.4000,176.8000,met1,24.1500,176.8000,2.139e-06
met1,18.4000,187.6800,met1,24.1500,187.6800,4.290e-06
met1,18.4000,214.8800,met1,24.1500,214.8800,2.167e-06
met1,18.4000,280.1600,met1,20.9300,280.1600,3.958e-12
met1,18.4000,334.5600,met1,20.7000,334.5600,1.112e-06
met1,18.4000,394.4000,met1,20.9300,394.4000,1.121e-06
met1,18.6300,307.3600,met1,24.1500,307.3600,5.514e-12
met1,18.6300,318.2400,met1,24.1500,318.2400,8.553e-13
met1,18.8600,220.3200,met1,24.1500,220.3200,2.166e-06
met1,18.8600,372.6400,met1,23.4600,372.6400,2.387e-06
met1,18.8600,410.7200,met1,23.0000,410.7200,7.649e-09
met1,19.0900,340.0000,met1,21.3900,340.0000,1.267e-06
met1,19.0900,443.3600,met1,23.0000,443.3600,1.275e-06
met1,19.3200,62.5600,met1,24.1500,62.5600,2.830e-06
met1,19.3200,106.0800,met1,24.1500,106.0800,2.141e-06
met1,19.3200,252.9600,met1,22.3100,252.9600,5.230e-12
met1,19.3200,388.9600,met1,21.3900,388.9600,9.293e-09
met1,19.5500,312.8000,met1,24.1500,312.8000,1.269e-11
met1,19.7800,405.2800,met1,24.1500,405.2800,1.124e-06
met1,20.0100,285.6000,met1,24.1500,285.6000,5.716e-12
met1,20.0100,378.0800,met1,24.1500,378.0800,7.337e-09
met1,20.2400,291.0400,met1,24.1500,291.0400,2.277e-13
met1,20.2400,383.5200,met1,22.0800,383.5200,2.393e-06
met1,20.4700,149.6000,met1,24.1500,149.6000,1.683e-06
met1,20.4700,258.4000,met1,24.1500,258.4000,9.074e-12
met1,20.4700,432.4800,met1,22.5400,432.4800,1.273e-06
met1,20.7000,334.5600,met1,24.1500,334.5600,2.219e-06
met1,20.9300,68.0000,met1,24.1500,68.0000,2.429e-06
met1,20.9300,280.1600,met1,24.1500,280.1600,6.355e-12
met1,20.9300,361.7600,met1,24.1500,361.7600,1.129e-06
met1,20.9300,367.2000,met1,24.1500,367.2000,1.280e-08
met1,20.9300,394.4000,met1,24.1500,394.4000,1.125e-06
met1,20.9300,437.9200,met1,24.1500,437.9200,6.104e-09
met1,21.1600,133.2800,met1,24.1500,133.2800,3.554e-06
met1,21.1600,144.1600,met1,24.1500,144.1600,3.555e-06
met1,21.1600,155.0400,met1,24.1500,155.0400,4.298e-06
met1,21.1600,236.6400,met1,24.1500,236.6400,4.315e-06
met1,21.1600,242.0800,met1,24.1500,242.0800,2.836e-06
met1,21.1600,350.8800,met1,23.0000,350.8800,4.542e-08
met1,21.3900,127.8400,met1,24.1500,127.8400,2.410e-06
met1,21.3900,247.5200,met1,24.1500,247.5200,2.682e-07
met1,21.3900,301.9200,met1,24.1500,301.9200,8.375e-12
met1,21.3900,340.0000,met1,24.1500,340.0000,1.270e-06
met1,21.3900,388.9600,met1,24.1500,388.9600,1.713e-08
met1,21.6200,40.8000,met1,24.1500,40.8000,2.175e-06
met1,21.6200,193.1200,met1,24.1500,193.1200,2.177e-06
met1,21.8500,204.0000,met1,24.1500,204.0000,1.683e-06
met1,21.8500,356.3200,met1,24.1500,356.3200,1.271e-06
met1,22.0800,73.4400,met1,24.1500,73.4400,2.175e-06
met1,22.0800,383.5200,met1,24.1500,383.5200,2.439e-06
met1,22.3100,57.1200,met1,24.1500,57.1200,2.852e-07
met1,22.3100,252.9600,met1,24.1500,252.9600,6.878e-12
met1,22.3100,421.6000,met1,24.1500,421.6000,1.325e-06
met1,22.5400,122.4000,met1,26.4500,122.4000,1.927e-06
met1,22.5400,345.4400,met1,27.6000,345.4400,1.274e-06
met1,22.5400,432.4800,met1,25.0700,432.4800,1.320e-06
met1,22.7700,89.7600,met1,37.9500,89.7600,2.408e-06
met1,22.7700,416.1600,met1,24.6100,416.1600,1.268e-06
met1,23.0000,84.3200,met1,28.5200,84.3200,1.432e-06
met1,23.0000,350.8800,met1,26.4500,350.8800,5.434e-08
met1,23.0000,410.7200,met1,33.1200,410.7200,9.985e-09
met1,23.0000,443.3600,met1,25.3000,443.3600,1.278e-06
met1,23.0000,448.8000,met1,36.3400,448.8000,4.177e-09
met1,23.2300,269.2800,met1,31.2800,269.2800,5.544e-12
met1,23.4600,13.6000,met1,26.4500,13.6000,1.432e-06
met1,23.4600,171.3600,met1,26.4500,171.3600,3.574e-06
met1,23.4600,372.6400,met1,32.6600,372.6400,2.432e-06
met1,23.4600,427.0400,met1,35.6500,427.0400,1.118e-06
met1,23.9200,225.7600,met1,26.4500,225.7600,3.570e-06
met1,24.1500,19.0400,met1,26.4500,19.0400,4.283e-06
met1,24.1500,24.4800,met1,27.1400,24.4800,1.695e-08
met1,24.1500,29.9200,met1,28.7500,29.9200,2.159e-06
met1,24.1500,35.3600,met1,29.4400,35.3600,2.158e-06
met1,24.1500,40.8000,met1,32.8900,40.8000,2.175e-06
met1,24.1500,46.2400,met1,26.2200,46.2400,2.142e-06
met1,24.1500,51.6800,met1,26.4500,51.6800,3.555e-06
met1,24.1500,57.1200,met1,28.5200,57.1200,2.852e-07
met1,24.1500,62.5600,met1,30.1300,62.5600,3.327e-06
met1,24.1500,68.0000,met1,31.9700,68.0000,2.429e-06
met1,24.1500,73.4400,met1,37.9500,73.4400,2.175e-06
met1,24.1500,78.8800,met1,27.3700,78.8800,2.142e-06
met1,24.1500,95.2000,met1,25.9900,95.2000,4.055e-06
met1,24.1500,100.6400,met1,31.0500,100.6400,1.432e-06
met1,24.1500,106.0800,met1,30.3600,106.0800,2.141e-06
met1,24.1500,111.5200,met1,28.7500,111.5200,2.174e-06
met1,24.1500,116.9600,met1,32.2000,116.9600,3.570e-06
met1,24.1500,127.8400,met1,37.2600,127.8400,2.410e-06
met1,24.1500,133.2800,met1,29.6700,133.2800,3.554e-06
met1,24.1500,138.7200,met1,33.8100,138.7200,3.399e-08
met1,24.1500,144.1600,met1,28.2900,144.1600,3.555e-06
met1,24.1500,149.6000,met1,27.6000,149.6000,1.683e-06
met1,24.1500,155.0400,met1,29.2100,155.0400,4.298e-06
met1,24.1500,160.4800,met1,28.9800,160.4800,1.700e-08
met1,24.1500,165.9200,met1,34.2700,165.9200,1.431e-06
met1,24.1500,176.8000,met1,27.3700,176.8000,2.139e-06
met1,24.1500,182.2400,met1,28.5200,182.2400,3.395e-08
met1,24.1500,187.6800,met1,31.0500,187.6800,4.290e-06
met1,24.1500,193.1200,met1,37.9500,193.1200,2.177e-06
met1,24.1500,198.5600,met1,26.9100,198.5600,3.553e-06
met1,24.1500,204.0000,met1,37.9500,204.0000,1.683e-06
met1,24.1500,209.4400,met1,26.4500,209.4400,2.157e-06
met1,24.1500,214.8800,met1,28.9800,214.8800,2.167e-06
met1,24.1500,220.3200,met1,26.6800,220.3200,2.166e-06
met1,24.1500,231.2000,met1,26.4500,231.2000,1.700e-08
met1,24.1500,236.6400,met1,28.0600,236.6400,4.315e-06
met1,24.1500,242.0800,met1,29.2100,242.0800,2.836e-06
met1,24.1500,247.5200,met1,37.9500,247.5200,2.682e-07
met1,24.1500,252.9600,met1,26.4500,252.9600,6.867e-12
met1,24.1500,258.4000,met1,27.1400,258.4000,1.074e-11
met1,24.1500,263.8400,met1,30.1300,263.8400,6.384e-12
met1,24.1500,274.7200,met1,31.0500,274.7200,1.705e-12
met1,24.1500,280.1600,met1,30.1300,280.1600,6.465e-12
met1,24.1500,285.6000,met1,26.6800,285.6000,5.708e-12
met1,24.1500,291.0400,met1,28.5200,291.0400,1.079e-13
met1,24.1500,296.4800,met1,28.7500,296.4800,1.501e-12
met1,24.1500,301.9200,met1,28.5200,301.9200,8.545e-12
met1,24.1500,307.3600,met1,31.0500,307.3600,5.828e-12
met1,24.1500,312.8000,met1,31.0500,312.8000,1.254e-11
met1,24.1500,318.2400,met1,35.6500,318.2400,6.467e-13
met1,24.1500,323.6800,met1,25.9900,323.6800,3.638e-12
met1,24.1500,329.1200,met1,37.9500,329.1200,3.744e-14
met1,24.1500,334.5600,met1,26.4500,334.5600,2.219e-06
met1,24.1500,340.0000,met1,25.9900,340.0000,1.271e-06
met1,24.1500,356.3200,met1,31.9700,356.3200,1.271e-06
met1,24.1500,361.7600,met1,35.1900,361.7600,1.129e-06
met1,24.1500,367.2000,met1,28.2900,367.2000,1.491e-08
met1,24.1500,378.0800,met1,28.9800,378.0800,7.337e-09
met1,24.1500,383.5200,met1,30.1300,383.5200,2.439e-06
met1,24.1500,388.9600,met1,32.6600,388.9600,1.713e-08
met1,24.1500,394.4000,met1,27.3700,394.4000,1.125e-06
met1,24.1500,399.8400,met1,28.0600,399.8400,1.271e-06
met1,24.1500,405.2800,met1,26.9100,405.2800,1.124e-06
met1,24.1500,421.6000,met1,27.1400,421.6000,1.327e-06
met1,24.1500,437.9200,met1,26.4500,437.9200,1.117e-08
met1,24.6100,416.1600,met1,27.1400,416.1600,1.274e-06
met1,25.0700,432.4800,met1,33.1200,432.4800,1.328e-06
met1,25.3000,443.3600,met1,33.3500,443.3600,2.395e-06
met1,25.9900,95.2000,met1,28.7500,95.2000,4.323e-06
met1,25.9900,323.6800,met1,29.6700,323.6800,4.817e-12
met1,25.9900,340.0000,met1,35.4200,340.0000,1.272e-06
met1,26.2200,46.2400,met1,33.1200,46.2400,4.057e-06
met1,26.4500,13.6000,met1,36.5700,13.6000,1.700e-06
met1,26.4500,19.0400,met1,32.2000,19.0400,4.552e-06
met1,26.4500,51.6800,met1,30.5900,51.6800,3.823e-06
met1,26.4500,122.4000,met1,32.4300,122.4000,2.196e-06
met1,26.4500,171.3600,met1,30.3600,171.3600,3.842e-06
met1,26.4500,209.4400,met1,28.9800,209.4400,2.425e-06
met1,26.4500,225.7600,met1,30.3600,225.7600,3.839e-06
met1,26.4500,231.2000,met1,31.9700,231.2000,2.852e-07
met1,26.4500,252.9600,met1,30.1300,252.9600,8.640e-12
met1,26.4500,334.5600,met1,34.2700,334.5600,2.220e-06
met1,26.4500,350.8800,met1,28.9800,350.8800,1.180e-06
met1,26.4500,437.9200,met1,32.8900,437.9200,1.165e-08
met1,26.6800,220.3200,met1,34.7300,220.3200,2.664e-06
met1,26.6800,285.6000,met1,29.2100,285.6000,7.467e-12
met1,26.9100,198.5600,met1,30.8200,198.5600,4.320e-06
met1,26.9100,405.2800,met1,36.1100,405.2800,1.128e-06
met1,27.1400,24.4800,met1,37.9500,24.4800,1.929e-06
met1,27.1400,258.4000,met1,28.9800,258.4000,1.084e-11
met1,27.1400,416.1600,met1,34.7300,416.1600,1.276e-06
met1,27.1400,421.6000,met1,34.5000,421.6000,2.448e-06
met1,27.3700,78.8800,met1,29.9000,78.8800,2.410e-06
met1,27.3700,176.8000,met1,37.9500,176.8000,2.407e-06
met1,27.3700,394.4000,met1,30.3600,394.4000,1.130e-06
met1,27.6000,149.6000,met1,37.9500,149.6000,2.183e-06
met1,27.6000,345.4400,met1,32.8900,345.4400,1.276e-06
met1,28.0600,236.6400,met1,36.8000,236.6400,4.815e-06
met1,28.0600,399.8400,met1,29.9000,399.8400,2.385e-06
met1,28.2900,144.1600,met1,32.2000,144.1600,3.823e-06
met1,28.2900,367.2000,met1,31.2800,367.2000,1.839e-08
met1,28.5200,57.1200,met1,33.5800,57.1200,5.351e-07
met1,28.5200,84.3200,met1,35.4200,84.3200,1.933e-06
met1,28.5200,182.2400,met1,30.3600,182.2400,1.448e-06
met1,28.5200,291.0400,met1,31.9700,291.0400,1.592e-12
met1,28.5200,301.9200,met1,30.8200,301.9200,8.958e-12
met1,28.7500,29.9200,met1,32.8900,29.9200,2.927e-06
met1,28.7500,95.2000,met1,35.4200,95.2000,4.590e-06
met1,28.7500,111.5200,met1,33.8100,111.5200,2.943e-06
met1,28.7500,296.4800,met1,34.2700,296.4800,1.289e-12
met1,28.9800,160.4800,met1,32.2000,160.4800,5.131e-07
met1,28.9800,209.4400,met1,37.9500,209.4400,3.840e-06
met1,28.9800,214.8800,met1,31.9700,214.8800,2.668e-06
met1,28.9800,258.4000,met1,31.0500,258.4000,1.239e-11
met1,28.9800,350.8800,met1,37.9500,350.8800,1.184e-06
met1,28.9800,378.0800,met1,32.2000,378.0800,2.677e-08
met1,29.2100,155.0400,met1,32.2000,155.0400,4.567e-06
met1,29.2100,242.0800,met1,32.2000,242.0800,3.104e-06
met1,29.2100,285.6000,met1,33.1200,285.6000,1.177e-11
met1,29.4400,35.3600,met1,37.9500,35.3600,3.872e-06
met1,29.6700,133.2800,met1,32.2000,133.2800,3.571e-06
met1,29.6700,323.6800,met1,33.1200,323.6800,1.123e-11
met1,29.9000,78.8800,met1,32.4300,78.8800,3.825e-06
met1,29.9000,399.8400,met1,32.6600,399.8400,3.653e-06
met1,30.1300,62.5600,met1,32.2000,62.5600,3.344e-06
met1,30.1300,252.9600,met1,33.8100,252.9600,1.341e-11
met1,30.1300,263.8400,met1,32.4300,263.8400,9.595e-12
met1,30.1300,280.1600,met1,37.2600,280.1600,6.971e-12
met1,30.1300,383.5200,met1,33.8100,383.5200,3.559e-06
met1,30.3600,106.0800,met1,37.9500,106.0800,3.555e-06
met1,30.3600,171.3600,met1,33.8100,171.3600,4.584e-06
met1,30.3600,182.2400,met1,37.9500,182.2400,1.949e-06
met1,30.3600,225.7600,met1,37.2600,225.7600,4.103e-06
met1,30.3600,394.4000,met1,32.4300,394.4000,1.134e-06
met1,30.5900,51.6800,met1,36.5700,51.6800,4.091e-06
met1,30.8200,198.5600,met1,34.5000,198.5600,4.584e-06
met1,30.8200,301.9200,met1,35.8800,301.9200,9.188e-12
met1,31.0500,100.6400,met1,37.7200,100.6400,1.449e-06
met1,31.0500,187.6800,met1,33.5800,187.6800,4.558e-06
met1,31.0500,258.4000,met1,37.9500,258.4000,1.252e-11
met1,31.0500,274.7200,met1,36.8000,274.7200,6.208e-12
met1,31.0500,307.3600,met1,34.0400,307.3600,7.189e-12
met1,31.0500,312.8000,met1,33.1200,312.8000,1.281e-11
met1,31.2800,269.2800,met1,37.9500,269.2800,7.006e-12
met1,31.2800,367.2000,met1,35.1900,367.2000,1.288e-06
met1,31.9700,68.0000,met1,36.3400,68.0000,2.446e-06
met1,31.9700,214.8800,met1,35.8800,214.8800,2.936e-06
met1,31.9700,231.2000,met1,37.0300,231.2000,3.022e-07
met1,31.9700,291.0400,met1,34.2700,291.0400,1.910e-12
met1,31.9700,356.3200,met1,35.8800,356.3200,1.272e-06
met1,32.2000,19.0400,met1,37.9500,19.0400,5.967e-06
met1,32.2000,62.5600,met1,37.9500,62.5600,5.488e-06
met1,32.2000,116.9600,met1,37.9500,116.9600,3.869e-06
met1,32.2000,133.2800,met1,37.9500,133.2800,5.714e-06
met1,32.2000,144.1600,met1,37.9500,144.1600,5.238e-06
met1,32.2000,155.0400,met1,37.9500,155.0400,6.245e-06
met1,32.2000,160.4800,met1,37.9500,160.4800,2.196e-06
met1,32.2000,242.0800,met1,37.9500,242.0800,4.522e-06
met1,32.2000,378.0800,met1,35.8800,378.0800,6.233e-08
met1,32.4300,78.8800,met1,37.9500,78.8800,4.093e-06
met1,32.4300,122.4000,met1,35.6500,122.4000,2.213e-06
met1,32.4300,263.8400,met1,37.9500,263.8400,9.602e-12
met1,32.4300,394.4000,met1,37.9500,394.4000,1.170e-06
met1,32.6600,372.6400,met1,37.9500,372.6400,2.469e-06
met1,32.6600,388.9600,met1,37.9500,388.9600,5.429e-08
met1,32.6600,399.8400,met1,35.1900,399.8400,3.656e-06
met1,32.8900,29.9200,met1,37.9500,29.9200,3.196e-06
met1,32.8900,40.8000,met1,36.3400,40.8000,2.192e-06
met1,32.8900,345.4400,met1,37.9500,345.4400,1.280e-06
met1,32.8900,437.9200,met1,35.1900,437.9200,1.653e-08
met1,33.1200,46.2400,met1,37.9500,46.2400,6.200e-06
met1,33.1200,285.6000,met1,35.4200,285.6000,1.205e-11
met1,33.1200,312.8000,met1,37.9500,312.8000,1.324e-11
met1,33.1200,323.6800,met1,34.9600,323.6800,1.273e-11
met1,33.1200,410.7200,met1,35.6500,410.7200,1.220e-08
met1,33.1200,432.4800,met1,37.9500,432.4800,2.446e-06
met1,33.3500,443.3600,met1,36.8000,443.3600,2.408e-06
met1,33.5800,57.1200,met1,37.9500,57.1200,1.950e-06
met1,33.5800,187.6800,met1,37.9500,187.6800,5.973e-06
met1,33.8100,111.5200,met1,37.2600,111.5200,3.211e-06
met1,33.8100,138.7200,met1,37.9500,138.7200,5.099e-08
met1,33.8100,171.3600,met1,37.9500,171.3600,4.601e-06
met1,33.8100,252.9600,met1,36.5700,252.9600,1.616e-11
met1,33.8100,383.5200,met1,36.3400,383.5200,3.565e-06
met1,34.0400,307.3600,met1,37.9500,307.3600,1.111e-11
met1,34.2700,165.9200,met1,37.9500,165.9200,1.448e-06
met1,34.2700,291.0400,met1,37.4900,291.0400,2.214e-12
met1,34.2700,296.4800,met1,37.9500,296.4800,1.495e-12
met1,34.2700,334.5600,met1,37.9500,334.5600,2.229e-06
met1,34.5000,198.5600,met1,37.9500,198.5600,6.016e-06
met1,34.5000,421.6000,met1,37.9500,421.6000,2.466e-06
met1,34.7300,220.3200,met1,37.9500,220.3200,2.682e-06
met1,34.7300,416.1600,met1,36.5700,416.1600,1.278e-06
met1,34.9600,323.6800,met1,36.8000,323.6800,1.520e-11
met1,35.1900,361.7600,met1,37.2600,361.7600,1.138e-06
met1,35.1900,367.2000,met1,37.9500,367.2000,1.291e-06
met1,35.1900,399.8400,met1,37.7200,399.8400,3.662e-06
met1,35.1900,437.9200,met1,37.0300,437.9200,1.949e-08
met1,35.4200,84.3200,met1,37.9500,84.3200,3.348e-06
met1,35.4200,95.2000,met1,37.9500,95.2000,6.733e-06
met1,35.4200,285.6000,met1,37.9500,285.6000,1.475e-11
met1,35.4200,340.0000,met1,37.9500,340.0000,2.389e-06
met1,35.6500,122.4000,met1,37.9500,122.4000,2.230e-06
met1,35.6500,318.2400,met1,37.9500,318.2400,4.964e-12
met1,35.6500,410.7200,met1,37.9500,410.7200,2.799e-08
met1,35.6500,427.0400,met1,37.9500,427.0400,1.123e-06
met1,35.8800,214.8800,met1,37.9500,214.8800,4.350e-06
met1,35.8800,301.9200,met1,37.9500,301.9200,1.056e-11
met1,35.8800,356.3200,met1,37.9500,356.3200,2.540e-06
met1,35.8800,378.0800,met1,37.9500,378.0800,6.520e-08
met1,36.1100,405.2800,met1,37.9500,405.2800,1.144e-06
met1,36.3400,40.8000,met1,38.1200,40.8000,3.607e-06
met1,36.3400,68.0000,met1,38.1200,68.0000,4.586e-06
met1,36.3400,383.5200,met1,38.1200,383.5200,3.573e-06
met1,36.3400,448.8000,met1,38.1200,448.8000,1.118e-06
met1,36.5700,13.6000,met1,49.2200,13.6000,2.744e-06
met1,36.5700,13.6000,met2,38.1200,13.6000,4.461e-06
met1,36.5700,51.6800,met1,43.7000,51.6800,3.301e-06
met1,36.5700,51.6800,met2,38.1200,51.6800,7.409e-06
met1,36.5700,252.9600,met1,41.1700,252.9600,3.248e-07
met1,36.5700,252.9600,met2,38.1200,252.9600,3.247e-07
met1,36.5700,416.1600,met1,42.7800,416.1600,3.789e-07
met1,36.5700,416.1600,met2,38.1200,416.1600,1.660e-06
met1,36.8000,236.6400,met1,40.2500,236.6400,6.170e-07
met1,36.8000,236.6400,met2,38.1200,236.6400,7.585e-06
met1,36.8000,274.7200,met1,45.3100,274.7200,6.445e-07
met1,36.8000,274.7200,met2,38.1200,274.7200,6.445e-07
met1,36.8000,323.6800,met1,43.0100,323.6800,1.098e-06
met1,36.8000,323.6800,met2,38.1200,323.6800,1.098e-06
met1,36.8000,443.3600,met1,39.5600,443.3600,3.316e-07
met1,36.8000,443.3600,met2,38.1200,443.3600,2.083e-06
met1,37.0300,231.2000,met1,43.7000,231.2000,2.817e-06
met1,37.0300,231.2000,met2,38.1200,231.2000,3.136e-06
met1,37.0300,437.9200,met1,48.7600,437.9200,7.475e-07
met1,37.0300,437.9200,met2,38.1200,437.9200,7.680e-07
met1,37.2600,111.5200,met1,51.7500,111.5200,2.780e-06
met1,37.2600,111.5200,met2,38.1200,111.5200,7.405e-06
met1,37.2600,127.8400,met1,46.0000,127.8400,1.830e-06
met1,37.2600,127.8400,met2,38.1200,127.8400,6.383e-06
met1,37.2600,225.7600,met1,51.5200,225.7600,1.173e-06
met1,37.2600,225.7600,met2,38.1200,225.7600,6.690e-06
met1,37.2600,280.1600,met1,39.3300,280.1600,6.784e-07
met1,37.2600,280.1600,met2,38.1200,280.1600,6.784e-07
met1,37.2600,361.7600,met1,42.0900,361.7600,1.180e-06
met1,37.2600,361.7600,met2,38.1200,361.7600,1.071e-06
met1,37.4900,291.0400,met1,44.1600,291.0400,8.144e-07
met1,37.4900,291.0400,met2,38.1200,291.0400,8.144e-07
met1,37.7200,100.6400,met1,44.6200,100.6400,3.269e-06
met1,37.7200,100.6400,met2,38.1200,100.6400,6.859e-06
met1,37.7200,399.8400,met1,39.7900,399.8400,7.957e-07
met1,37.7200,399.8400,met2,38.1200,399.8400,2.869e-06
met1,37.9500,19.0400,met1,43.2400,19.0400,5.345e-06
met1,37.9500,19.0400,met2,38.1200,19.0400,1.133e-05
met1,37.9500,24.4800,met1,40.2500,24.4800,5.272e-06
met1,37.9500,24.4800,met2,38.1200,24.4800,7.201e-06
met1,37.9500,29.9200,met1,45.0800,29.9200,5.052e-06
met1,37.9500,29.9200,met2,38.1200,29.9200,8.247e-06
met1,37.9500,35.3600,met1,46.0000,35.3600,3.048e-06
met1,37.9500,35.3600,met2,38.1200,35.3600,6.937e-06
met1,37.9500,46.2400,met1,44.1600,46.2400,4.063e-06
met1,37.9500,46.2400,met2,38.1200,46.2400,1.026e-05
met1,37.9500,57.1200,met1,40.2500,57.1200,4.634e-06
met1,37.9500,57.1200,met2,38.1200,57.1200,6.584e-06
met1,37.9500,62.5600,met1,40.9400,62.5600,4.468e-06
met1,37.9500,62.5600,met2,38.1200,62.5600,9.956e-06
met1,37.9500,73.4400,met1,45.0800,73.4400,3.893e-06
met1,37.9500,73.4400,met2,38.1200,73.4400,6.068e-06
met1,37.9500,78.8800,met1,45.0800,78.8800,4.326e-06
met1,37.9500,78.8800,met2,38.1200,78.8800,8.437e-06
met1,37.9500,84.3200,met1,40.2500,84.3200,3.067e-06
met1,37.9500,84.3200,met2,38.1200,84.3200,6.415e-06
met1,37.9500,89.7600,met1,43.7000,89.7600,3.770e-06
met1,37.9500,89.7600,met2,38.1200,89.7600,6.178e-06
met1,37.9500,95.2000,met1,45.7700,95.2000,2.812e-06
met1,37.9500,95.2000,met2,38.1200,95.2000,9.545e-06
met1,37.9500,106.0800,met1,43.0100,106.0800,3.927e-06
met1,37.9500,106.0800,met2,38.1200,106.0800,7.498e-06
met1,37.9500,116.9600,met1,43.0100,116.9600,2.281e-06
met1,37.9500,116.9600,met2,38.1200,116.9600,6.149e-06
met1,37.9500,122.4000,met1,42.3200,122.4000,3.836e-06
met1,37.9500,122.4000,met2,38.1200,122.4000,6.066e-06
met1,37.9500,133.2800,met1,50.6000,133.2800,1.388e-06
met1,37.9500,133.2800,met2,38.1200,133.2800,9.242e-06
met1,37.9500,138.7200,met1,40.2500,138.7200,3.604e-06
met1,37.9500,138.7200,met2,38.1200,138.7200,3.655e-06
met1,37.9500,144.1600,met1,42.5500,144.1600,3.358e-06
met1,37.9500,144.1600,met2,38.1200,144.1600,8.595e-06
met1,37.9500,149.6000,met1,49.6800,149.6000,2.708e-06
met1,37.9500,149.6000,met2,38.1200,149.6000,4.891e-06
met1,37.9500,155.0400,met1,40.2500,155.0400,2.425e-06
met1,37.9500,155.0400,met2,38.1200,155.0400,8.670e-06
met1,37.9500,160.4800,met1,51.7500,160.4800,1.510e-06
met1,37.9500,160.4800,met2,38.1200,160.4800,3.705e-06
met1,37.9500,165.9200,met1,43.7000,165.9200,3.716e-06
met1,37.9500,165.9200,met2,38.1200,165.9200,5.164e-06
met1,37.9500,171.3600,met1,44.3900,171.3600,7.455e-07
met1,37.9500,171.3600,met2,38.1200,171.3600,7.489e-06
met1,37.9500,176.8000,met1,44.6200,176.8000,2.965e-06
met1,37.9500,176.8000,met2,38.1200,176.8000,5.373e-06
met1,37.9500,182.2400,met1,40.9400,182.2400,1.946e-06
met1,37.9500,182.2400,met2,38.1200,182.2400,3.895e-06
met1,37.9500,187.6800,met1,41.1700,187.6800,1.998e-06
met1,37.9500,187.6800,met2,38.1200,187.6800,7.971e-06
met1,37.9500,193.1200,met1,46.0000,193.1200,2.179e-06
met1,37.9500,193.1200,met2,38.1200,193.1200,4.373e-06
met1,37.9500,198.5600,met1,51.7500,198.5600,4.663e-07
met1,37.9500,198.5600,met2,38.1200,198.5600,6.482e-06
met1,37.9500,204.0000,met1,40.4800,204.0000,4.442e-06
met1,37.9500,204.0000,met2,38.1200,204.0000,6.125e-06
met1,37.9500,209.4400,met1,43.7000,209.4400,9.954e-07
met1,37.9500,209.4400,met2,38.1200,209.4400,4.835e-06
met1,37.9500,214.8800,met1,43.4700,214.8800,2.240e-06
met1,37.9500,214.8800,met2,38.1200,214.8800,6.591e-06
met1,37.9500,220.3200,met1,40.0200,220.3200,2.984e-06
met1,37.9500,220.3200,met2,38.1200,220.3200,5.666e-06
met1,37.9500,242.0800,met1,41.8600,242.0800,1.511e-06
met1,37.9500,242.0800,met2,38.1200,242.0800,6.033e-06
met1,37.9500,247.5200,met1,47.3800,247.5200,2.927e-07
met1,37.9500,247.5200,met2,38.1200,247.5200,5.609e-07
met1,37.9500,258.4000,met1,40.4800,258.4000,5.532e-07
met1,37.9500,258.4000,met2,38.1200,258.4000,5.532e-07
met1,37.9500,263.8400,met1,40.7100,263.8400,5.423e-07
met1,37.9500,263.8400,met2,38.1200,263.8400,5.423e-07
met1,37.9500,269.2800,met1,40.4800,269.2800,6.143e-07
met1,37.9500,269.2800,met2,38.1200,269.2800,6.143e-07
met1,37.9500,285.6000,met1,45.3100,285.6000,7.216e-07
met1,37.9500,285.6000,met2,38.1200,285.6000,7.216e-07
met1,37.9500,296.4800,met1,44.6200,296.4800,1.058e-06
met1,37.9500,296.4800,met2,38.1200,296.4800,5.153e-08
met1,37.9500,301.9200,met1,41.8600,301.9200,9.164e-07
met1,37.9500,301.9200,met2,38.1200,301.9200,9.164e-07
met1,37.9500,307.3600,met1,47.1500,307.3600,9.934e-07
met1,37.9500,307.3600,met2,38.1200,307.3600,9.934e-07
met1,37.9500,312.8000,met1,47.3800,312.8000,1.063e-06
met1,37.9500,312.8000,met2,38.1200,312.8000,1.063e-06
met1,37.9500,318.2400,met1,46.4600,318.2400,1.196e-06
met1,37.9500,318.2400,met2,38.1200,318.2400,1.196e-06
met1,37.9500,329.1200,met1,41.8600,329.1200,3.606e-07
met1,37.9500,329.1200,met2,38.1200,329.1200,3.606e-07
met1,37.9500,334.5600,met1,51.7500,334.5600,1.246e-07
met1,37.9500,334.5600,met2,38.1200,334.5600,2.105e-06
met1,37.9500,340.0000,met1,40.0200,340.0000,7.542e-07
met1,37.9500,340.0000,met2,38.1200,340.0000,1.635e-06
met1,37.9500,345.4400,met1,39.7900,345.4400,1.095e-06
met1,37.9500,345.4400,met2,38.1200,345.4400,1.878e-07
met1,37.9500,350.8800,met1,40.4800,350.8800,2.258e-07
met1,37.9500,350.8800,met2,38.1200,350.8800,1.409e-06
met1,37.9500,356.3200,met1,42.3200,356.3200,8.731e-07
met1,37.9500,356.3200,met2,38.1200,356.3200,1.667e-06
met1,37.9500,367.2000,met1,49.9100,367.2000,1.113e-06
met1,37.9500,367.2000,met2,38.1200,367.2000,1.783e-07
met1,37.9500,372.6400,met1,43.0100,372.6400,5.089e-07
met1,37.9500,372.6400,met2,38.1200,372.6400,1.960e-06
met1,37.9500,378.0800,met1,45.5400,378.0800,1.172e-08
met1,37.9500,378.0800,met2,38.1200,378.0800,5.348e-08
met1,37.9500,388.9600,met1,46.0000,388.9600,8.884e-07
met1,37.9500,388.9600,met2,38.1200,388.9600,9.427e-07
met1,37.9500,394.4000,met1,39.7900,394.4000,7.694e-07
met1,37.9500,394.4000,met2,38.1200,394.4000,4.001e-07
met1,37.9500,405.2800,met1,47.8400,405.2800,7.174e-07
met1,37.9500,405.2800,met2,38.1200,405.2800,3.130e-06
met1,37.9500,410.7200,met1,48.5300,410.7200,3.020e-07
met1,37.9500,410.7200,met2,38.1200,410.7200,2.640e-07
met1,37.9500,421.6000,met1,39.7900,421.6000,7.318e-07
met1,37.9500,421.6000,met2,38.1200,421.6000,1.734e-06
met1,37.9500,427.0400,met1,39.7900,427.0400,6.783e-07
met1,37.9500,427.0400,met2,38.1200,427.0400,1.801e-06
met1,37.9500,432.4800,met1,51.7500,432.4800,6.600e-07
met1,37.9500,432.4800,met2,38.1200,432.4800,3.056e-06
met1,38.1200,40.8000,met1,42.0900,40.8000,3.268e-06
met1,38.1200,40.8000,met2,38.1200,40.8000,6.875e-06
met1,38.1200,68.0000,met1,43.9300,68.0000,2.418e-06
met1,38.1200,68.0000,met2,38.1200,68.0000,7.004e-06
met1,38.1200,383.5200,met1,40.2500,383.5200,3.982e-07
met1,38.1200,383.5200,met2,38.1200,383.5200,3.177e-06
met1,38.1200,448.8000,met1,47.8400,448.8000,7.253e-07
met1,38.1200,448.8000,met2,38.1200,448.8000,1.843e-06
met1,39.3300,280.1600,met1,48.3000,280.1600,6.784e-07
met1,39.5600,443.3600,met1,44.6200,443.3600,3.326e-07
met1,39.7900,345.4400,met1,43.2400,345.4400,1.100e-06
met1,39.7900,394.4000,met1,43.0100,394.4000,8.000e-07
met1,39.7900,399.8400,met1,43.2400,399.8400,8.010e-07
met1,39.7900,421.6000,met1,43.0100,421.6000,7.728e-07
met1,39.7900,427.0400,met1,42.5500,427.0400,6.503e-07
met1,40.0200,220.3200,met1,50.3700,220.3200,8.349e-07
met1,40.0200,340.0000,met1,46.4600,340.0000,7.571e-07
met1,40.2500,24.4800,met1,51.7500,24.4800,3.112e-06
met1,40.2500,57.1200,met1,51.7500,57.1200,4.366e-06
met1,40.2500,84.3200,met1,49.4500,84.3200,2.799e-06
met1,40.2500,138.7200,met1,45.5400,138.7200,1.922e-06
met1,40.2500,155.0400,met1,44.3900,155.0400,2.408e-06
met1,40.2500,236.6400,met1,46.4600,236.6400,3.488e-07
met1,40.2500,383.5200,met1,42.3200,383.5200,4.007e-07
met1,40.4800,204.0000,met1,47.3800,204.0000,2.302e-06
met1,40.4800,258.4000,met1,51.7500,258.4000,5.532e-07
met1,40.4800,269.2800,met1,43.0100,269.2800,6.143e-07
met1,40.4800,350.8800,met1,46.2300,350.8800,8.877e-07
met1,40.7100,263.8400,met1,43.2400,263.8400,5.423e-07
met1,40.9400,62.5600,met1,43.7000,62.5600,3.053e-06
met1,40.9400,182.2400,met1,51.7500,182.2400,5.317e-07
met1,41.1700,187.6800,met1,45.3100,187.6800,1.730e-06
met1,41.1700,252.9600,met1,43.0100,252.9600,3.248e-07
met1,41.8600,242.0800,met1,49.4500,242.0800,9.320e-08
met1,41.8600,301.9200,met1,49.9100,301.9200,9.164e-07
met1,41.8600,329.1200,met1,51.7500,329.1200,1.468e-06
met1,42.0900,40.8000,met1,51.7500,40.8000,2.999e-06
met1,42.0900,361.7600,met1,44.8500,361.7600,1.180e-06
met1,42.3200,122.4000,met1,51.7500,122.4000,1.697e-06
met1,42.3200,356.3200,met1,44.8500,356.3200,8.773e-07
met1,42.3200,383.5200,met1,49.9100,383.5200,4.029e-07
met1,42.5500,144.1600,met1,45.0800,144.1600,3.341e-06
met1,42.5500,427.0400,met1,49.4500,427.0400,6.226e-07
met1,42.7800,416.1600,met1,47.8400,416.1600,3.512e-07
met1,43.0100,106.0800,met1,45.0800,106.0800,3.910e-06
met1,43.0100,116.9600,met1,45.0800,116.9600,2.012e-06
met1,43.0100,252.9600,met1,48.3000,252.9600,3.248e-07
met1,43.0100,269.2800,met1,51.7500,269.2800,6.143e-07
met1,43.0100,323.6800,met1,50.1400,323.6800,1.098e-06
met1,43.0100,372.6400,met1,44.8500,372.6400,5.300e-07
met1,43.0100,394.4000,met1,51.7500,394.4000,8.322e-07
met1,43.0100,421.6000,met1,50.1400,421.6000,8.068e-07
met1,43.2400,19.0400,met1,46.6900,19.0400,3.205e-06
met1,43.2400,263.8400,met1,50.1400,263.8400,5.423e-07
met1,43.2400,345.4400,met1,51.7500,345.4400,1.107e-06
met1,43.2400,399.8400,met1,47.1500,399.8400,8.267e-07
met1,43.4700,214.8800,met1,50.3700,214.8800,1.972e-06
met1,43.7000,51.6800,met1,47.8400,51.6800,1.160e-06
met1,43.7000,62.5600,met1,51.7500,62.5600,2.556e-06
met1,43.7000,89.7600,met1,51.7500,89.7600,2.355e-06
met1,43.7000,165.9200,met1,46.0000,165.9200,1.576e-06
met1,43.7000,209.4400,met1,46.2300,209.4400,4.190e-07
met1,43.7000,231.2000,met1,46.2300,231.2000,6.635e-07
met1,43.9300,68.0000,met1,51.7500,68.0000,2.150e-06
met1,44.1600,46.2400,met1,51.7500,46.2400,2.648e-06
met1,44.1600,291.0400,met1,46.6900,291.0400,8.144e-07
met1,44.3900,155.0400,met1,51.7500,155.0400,2.498e-07
met1,44.3900,171.3600,met1,46.6900,171.3600,4.772e-07
met1,44.6200,100.6400,met1,51.7500,100.6400,2.773e-06
met1,44.6200,176.8000,met1,50.3700,176.8000,1.551e-06
met1,44.6200,296.4800,met1,51.7500,296.4800,1.058e-06
met1,44.6200,443.3600,met1,46.4600,443.3600,3.780e-07
met1,44.8500,356.3200,met1,51.7500,356.3200,8.830e-07
met1,44.8500,361.7600,met1,48.0700,361.7600,1.185e-06
met1,44.8500,372.6400,met1,47.6100,372.6400,5.372e-07
met1,45.0800,29.9200,met1,51.7500,29.9200,2.910e-06
met1,45.0800,73.4400,met1,51.7500,73.4400,2.478e-06
met1,45.0800,78.8800,met1,51.7500,78.8800,2.167e-06
met1,45.0800,106.0800,met1,49.6800,106.0800,1.767e-06
met1,45.0800,116.9600,met1,51.7500,116.9600,5.981e-07
met1,45.0800,144.1600,met1,50.3700,144.1600,1.199e-06
met1,45.3100,187.6800,met1,47.8400,187.6800,1.713e-06
met1,45.3100,274.7200,met1,48.0700,274.7200,6.445e-07
met1,45.3100,285.6000,met1,50.8300,285.6000,7.216e-07
met1,45.5400,138.7200,met1,49.4500,138.7200,1.425e-06
met1,45.5400,378.0800,met1,50.8300,378.0800,1.119e-06
met1,45.7700,95.2000,met1,47.8400,95.2000,2.544e-06
met1,46.0000,35.3600,met1,51.7500,35.3600,9.073e-07
met1,46.0000,127.8400,met1,49.4500,127.8400,1.334e-06
met1,46.0000,165.9200,met1,50.6000,165.9200,1.617e-07
met1,46.0000,193.1200,met1,51.7500,193.1200,3.765e-08
met1,46.0000,388.9600,met1,51.7500,388.9600,3.797e-07
met1,46.2300,209.4400,met1,51.7500,209.4400,6.872e-07
met1,46.2300,231.2000,met1,50.3700,231.2000,6.465e-07
met1,46.2300,350.8800,met1,49.6800,350.8800,8.907e-07
met1,46.4600,236.6400,met1,51.7500,236.6400,1.493e-07
met1,46.4600,318.2400,met1,51.7500,318.2400,1.196e-06
met1,46.4600,340.0000,met1,49.4500,340.0000,2.024e-06
met1,46.4600,443.3600,met1,48.9900,443.3600,3.851e-07
met1,46.6900,19.0400,met1,50.1400,19.0400,2.936e-06
met1,46.6900,171.3600,met1,51.7500,171.3600,2.090e-07
met1,46.6900,291.0400,met1,48.7600,291.0400,8.144e-07
met1,47.1500,307.3600,met1,48.9900,307.3600,9.934e-07
met1,47.1500,399.8400,met1,50.3700,399.8400,8.309e-07
met1,47.3800,204.0000,met1,51.7500,204.0000,3.900e-07
met1,47.3800,247.5200,met1,51.7500,247.5200,8.171e-07
met1,47.3800,312.8000,met1,51.7500,312.8000,1.063e-06
met1,47.6100,372.6400,met1,49.9100,372.6400,5.814e-07
met1,47.8400,51.6800,met1,51.2900,51.6800,6.629e-07
met1,47.8400,95.2000,met1,51.7500,95.2000,1.128e-06
met1,47.8400,187.6800,met1,51.7500,187.6800,4.261e-07
met1,47.8400,405.2800,met1,51.7500,405.2800,3.904e-07
met1,47.8400,416.1600,met1,51.2900,416.1600,7.675e-07
met1,47.8400,448.8000,met1,51.7500,448.8000,3.932e-07
met1,48.0700,274.7200,met1,51.7500,274.7200,6.445e-07
met1,48.0700,361.7600,met1,51.7500,361.7600,1.186e-06
met1,48.3000,252.9600,met1,50.6000,252.9600,3.248e-07
met1,48.3000,280.1600,met1,50.3700,280.1600,6.784e-07
met1,48.5300,410.7200,met1,51.7500,410.7200,3.108e-07
met1,48.7600,291.0400,met1,50.6000,291.0400,8.144e-07
met1,48.7600,437.9200,met1,51.7500,437.9200,5.254e-07
met1,48.9900,307.3600,met1,51.7500,307.3600,9.934e-07
met1,48.9900,443.3600,met1,51.7500,443.3600,3.996e-07
met1,49.2200,13.6000,met1,51.7500,13.6000,1.329e-06
met1,49.4500,84.3200,met1,51.7500,84.3200,2.531e-06
met1,49.4500,127.8400,met1,51.7500,127.8400,1.066e-06
met1,49.4500,138.7200,met1,51.7500,138.7200,1.157e-06
met1,49.4500,242.0800,met1,51.7500,242.0800,1.750e-07
met1,49.4500,340.0000,met1,51.7500,340.0000,2.027e-06
met1,49.4500,427.0400,met1,51.7500,427.0400,6.476e-07
met1,49.6800,106.0800,met1,51.7500,106.0800,3.713e-07
met1,49.6800,149.6000,met1,51.7500,149.6000,5.695e-07
met1,49.6800,350.8800,met1,51.7500,350.8800,9.289e-07
met1,49.9100,301.9200,met1,51.7500,301.9200,9.164e-07
met1,49.9100,367.2000,met1,51.7500,367.2000,1.124e-06
met1,49.9100,372.6400,met1,51.7500,372.6400,5.865e-07
met1,49.9100,383.5200,met1,51.7500,383.5200,4.057e-07
met1,50.1400,19.0400,met1,54.2800,19.0400,2.439e-06
met1,50.1400,263.8400,met1,55.8900,263.8400,5.424e-07
met1,50.1400,323.6800,met1,51.9800,323.6800,1.098e-06
met1,50.1400,421.6000,met1,52.4400,421.6000,8.110e-07
met1,50.3700,144.1600,met1,56.1200,144.1600,1.182e-06
met1,50.3700,176.8000,met1,57.0400,176.8000,1.534e-06
met1,50.3700,214.8800,met1,57.5000,214.8800,5.407e-07
met1,50.3700,220.3200,met1,57.9600,220.3200,8.179e-07
met1,50.3700,231.2000,met1,56.5800,231.2000,6.296e-07
met1,50.3700,280.1600,met1,56.8100,280.1600,6.784e-07
met1,50.3700,399.8400,met1,53.8200,399.8400,8.330e-07
met1,50.6000,133.2800,met1,62.5600,133.2800,2.593e-08
met1,50.6000,165.9200,met1,53.1300,165.9200,3.344e-07
met1,50.6000,252.9600,met1,55.2000,252.9600,3.248e-07
met1,50.6000,291.0400,met1,63.9400,291.0400,8.144e-07
met1,50.8300,285.6000,met1,59.1100,285.6000,7.216e-07
met1,50.8300,378.0800,met1,54.9700,378.0800,1.128e-06
met1,51.2900,51.6800,met1,60.0300,51.6800,3.947e-07
met1,51.2900,416.1600,met1,53.8200,416.1600,7.704e-07
met1,51.5200,225.7600,met1,62.5600,225.7600,9.685e-07
met1,51.7500,13.6000,met1,54.0500,13.6000,1.329e-06
met1,51.7500,24.4800,met1,54.7400,24.4800,3.112e-06
met1,51.7500,29.9200,met1,54.0500,29.9200,2.410e-06
met1,51.7500,35.3600,met1,54.2800,35.3600,9.073e-07
met1,51.7500,40.8000,met1,55.6600,40.8000,2.999e-06
met1,51.7500,46.2400,met1,55.6600,46.2400,2.631e-06
met1,51.7500,57.1200,met1,57.5000,57.1200,4.349e-06
met1,51.7500,62.5600,met1,54.7400,62.5600,1.141e-06
met1,51.7500,68.0000,met1,59.3400,68.0000,2.150e-06
met1,51.7500,73.4400,met1,54.5100,73.4400,2.478e-06
met1,51.7500,78.8800,met1,54.7400,78.8800,2.730e-08
met1,51.7500,84.3200,met1,53.8200,84.3200,2.531e-06
met1,51.7500,89.7600,met1,62.5600,89.7600,2.355e-06
met1,51.7500,95.2000,met1,54.9700,95.2000,1.128e-06
met1,51.7500,100.6400,met1,53.8200,100.6400,2.773e-06
met1,51.7500,106.0800,met1,54.0500,106.0800,3.713e-07
met1,51.7500,111.5200,met1,54.2800,111.5200,2.780e-06
met1,51.7500,116.9600,met1,60.7200,116.9600,5.981e-07
met1,51.7500,122.4000,met1,53.8200,122.4000,1.697e-06
met1,51.7500,127.8400,met1,56.3500,127.8400,1.066e-06
met1,51.7500,138.7200,met1,55.8900,138.7200,1.157e-06
met1,51.7500,149.6000,met1,59.8000,149.6000,5.695e-07
met1,51.7500,155.0400,met1,54.2800,155.0400,2.498e-07
met1,51.7500,160.4800,met1,54.0500,160.4800,1.510e-06
met1,51.7500,171.3600,met1,57.9600,171.3600,2.090e-07
met1,51.7500,182.2400,met1,65.0900,182.2400,5.317e-07
met1,51.7500,187.6800,met1,58.8800,187.6800,4.261e-07
met1,51.7500,193.1200,met1,54.0500,193.1200,3.765e-08
met1,51.7500,198.5600,met1,54.2800,198.5600,4.490e-07
met1,51.7500,204.0000,met1,53.5900,204.0000,3.900e-07
met1,51.7500,209.4400,met1,63.7100,209.4400,6.872e-07
met1,51.7500,236.6400,met1,59.8000,236.6400,1.493e-07
met1,51.7500,242.0800,met1,58.6500,242.0800,1.593e-06
met1,51.7500,247.5200,met1,65.5500,247.5200,8.171e-07
met1,51.7500,258.4000,met1,65.5500,258.4000,5.532e-07
met1,51.7500,269.2800,met1,53.8200,269.2800,6.143e-07
met1,51.7500,274.7200,met1,56.3500,274.7200,6.445e-07
met1,51.7500,296.4800,met1,54.5100,296.4800,1.058e-06
met1,51.7500,301.9200,met1,55.2000,301.9200,9.164e-07
met1,51.7500,307.3600,met1,55.2000,307.3600,9.934e-07
met1,51.7500,312.8000,met1,65.5500,312.8000,1.063e-06
met1,51.7500,318.2400,met1,54.7400,318.2400,1.196e-06
met1,51.7500,329.1200,met1,62.1000,329.1200,1.468e-06
met1,51.7500,334.5600,met1,65.3200,334.5600,1.393e-06
met1,51.7500,340.0000,met1,54.9700,340.0000,2.027e-06
met1,51.7500,345.4400,met1,62.3300,345.4400,1.110e-06
met1,51.7500,350.8800,met1,57.5000,350.8800,9.289e-07
met1,51.7500,356.3200,met1,54.5100,356.3200,8.830e-07
met1,51.7500,361.7600,met1,53.5900,361.7600,1.186e-06
met1,51.7500,367.2000,met1,56.1200,367.2000,1.124e-06
met1,51.7500,372.6400,met1,54.2800,372.6400,5.865e-07
met1,51.7500,383.5200,met1,53.8200,383.5200,1.520e-06
met1,51.7500,388.9600,met1,53.5900,388.9600,3.797e-07
met1,51.7500,394.4000,met1,53.5900,394.4000,8.322e-07
met1,51.7500,405.2800,met1,54.0500,405.2800,3.904e-07
met1,51.7500,410.7200,met1,60.4900,410.7200,3.108e-07
met1,51.7500,427.0400,met1,54.2800,427.0400,6.476e-07
met1,51.7500,432.4800,met1,54.2800,432.4800,6.600e-07
met1,51.7500,437.9200,met1,61.6400,437.9200,5.254e-07
met1,51.7500,443.3600,met1,58.8800,443.3600,3.996e-07
met1,51.7500,448.8000,met1,59.5700,448.8000,3.932e-07
met1,51.9800,323.6800,met1,53.8200,323.6800,1.098e-06
met1,52.4400,421.6000,met1,58.1900,421.6000,8.137e-07
met1,53.1300,165.9200,met1,63.9400,165.9200,3.514e-07
met1,53.5900,204.0000,met1,58.4200,204.0000,3.727e-07
met1,53.5900,361.7600,met1,56.5800,361.7600,1.191e-06
met1,53.5900,388.9600,met1,59.8000,388.9600,3.819e-07
met1,53.5900,394.4000,met1,56.1200,394.4000,8.508e-07
met1,53.8200,84.3200,met1,58.6500,84.3200,1.109e-06
met1,53.8200,100.6400,met1,56.8100,100.6400,2.024e-06
met1,53.8200,122.4000,met1,65.5500,122.4000,2.822e-07
met1,53.8200,269.2800,met1,65.5500,269.2800,6.143e-07
met1,53.8200,323.6800,met1,63.4800,323.6800,1.098e-06
met1,53.8200,383.5200,met1,56.5800,383.5200,1.522e-06
met1,53.8200,399.8400,met1,59.3400,399.8400,8.359e-07
met1,53.8200,416.1600,met1,59.1100,416.1600,7.732e-07
met1,54.0500,13.6000,met1,63.2500,13.6000,1.061e-06
met1,54.0500,29.9200,met1,58.1900,29.9200,2.141e-06
met1,54.0500,106.0800,met1,65.5500,106.0800,6.396e-07
met1,54.0500,160.4800,met1,63.2500,160.4800,9.856e-07
met1,54.0500,193.1200,met1,63.2500,193.1200,7.315e-07
met1,54.0500,405.2800,met1,56.5800,405.2800,3.918e-07
met1,54.2800,19.0400,met1,61.1800,19.0400,1.024e-06
met1,54.2800,35.3600,met1,65.5500,35.3600,6.433e-07
met1,54.2800,111.5200,met1,57.2700,111.5200,1.361e-06
met1,54.2800,155.0400,met1,57.9600,155.0400,2.507e-07
met1,54.2800,198.5600,met1,59.8000,198.5600,2.013e-07
met1,54.2800,372.6400,met1,62.3300,372.6400,5.883e-07
met1,54.2800,427.0400,met1,59.1100,427.0400,6.499e-07
met1,54.2800,432.4800,met1,57.2700,432.4800,6.786e-07
met1,54.5100,73.4400,met1,60.9500,73.4400,2.461e-06
met1,54.5100,296.4800,met1,57.7300,296.4800,1.058e-06
met1,54.5100,356.3200,met1,58.1900,356.3200,8.879e-07
met1,54.7400,24.4800,met1,65.5500,24.4800,1.697e-06
met1,54.7400,62.5600,met1,62.3300,62.5600,8.852e-07
met1,54.7400,78.8800,met1,65.5500,78.8800,4.733e-07
met1,54.7400,318.2400,met1,59.5700,318.2400,1.196e-06
met1,54.9700,95.2000,met1,59.8000,95.2000,1.111e-06
met1,54.9700,340.0000,met1,61.1800,340.0000,2.029e-06
met1,54.9700,378.0800,met1,65.5500,378.0800,1.133e-06
met1,55.2000,252.9600,met1,61.4100,252.9600,3.248e-07
met1,55.2000,301.9200,met1,64.4000,301.9200,9.164e-07
met1,55.2000,307.3600,met1,58.8800,307.3600,9.934e-07
met1,55.6600,40.8000,met1,61.4100,40.8000,1.584e-06
met1,55.6600,46.2400,met1,65.5500,46.2400,4.882e-07
met1,55.8900,138.7200,met1,59.3400,138.7200,8.890e-07
met1,55.8900,263.8400,met1,58.1900,263.8400,5.424e-07
met1,56.1200,144.1600,met1,59.3400,144.1600,9.563e-07
met1,56.1200,367.2000,met1,60.9500,367.2000,1.164e-06
met1,56.1200,394.4000,met1,60.7200,394.4000,8.530e-07
met1,56.3500,127.8400,met1,58.6500,127.8400,1.049e-06
met1,56.3500,274.7200,met1,61.6400,274.7200,6.445e-07
met1,56.5800,231.2000,met1,63.4800,231.2000,1.509e-06
met1,56.5800,361.7600,met1,58.4200,361.7600,1.207e-06
met1,56.5800,383.5200,met1,63.2500,383.5200,1.524e-06
met1,56.5800,405.2800,met1,65.5500,405.2800,1.660e-06
met1,56.8100,100.6400,met1,63.4800,100.6400,2.007e-06
met1,56.8100,280.1600,met1,59.5700,280.1600,6.784e-07
met1,57.0400,176.8000,met1,64.1700,176.8000,2.023e-06
met1,57.2700,111.5200,met1,62.7900,111.5200,1.093e-06
met1,57.2700,432.4800,met1,63.4800,432.4800,6.808e-07
met1,57.5000,57.1200,met1,59.8000,57.1200,2.198e-06
met1,57.5000,214.8800,met1,65.5500,214.8800,1.602e-06
met1,57.5000,350.8800,met1,63.0200,350.8800,2.197e-06
met1,57.7300,296.4800,met1,65.5500,296.4800,1.058e-06
met1,57.9600,155.0400,met1,62.7900,155.0400,1.672e-06
met1,57.9600,171.3600,met1,61.4100,171.3600,1.931e-06
met1,57.9600,220.3200,met1,63.2500,220.3200,1.590e-06
met1,58.1900,29.9200,met1,65.5500,29.9200,4.581e-07
met1,58.1900,263.8400,met1,60.0300,263.8400,5.424e-07
met1,58.1900,356.3200,met1,61.4100,356.3200,2.006e-06
met1,58.1900,421.6000,met1,65.5500,421.6000,9.590e-07
met1,58.4200,204.0000,met1,65.5500,204.0000,1.767e-06
met1,58.4200,361.7600,met1,60.2600,361.7600,1.212e-06
met1,58.6500,84.3200,met1,62.3300,84.3200,8.408e-07
met1,58.6500,127.8400,met1,63.0200,127.8400,1.032e-06
met1,58.6500,242.0800,met1,65.5500,242.0800,1.861e-06
met1,58.8800,187.6800,met1,65.0900,187.6800,1.845e-06
met1,58.8800,307.3600,met1,61.4100,307.3600,9.935e-07
met1,58.8800,443.3600,met1,60.7200,443.3600,4.066e-07
met1,59.1100,285.6000,met1,62.7900,285.6000,7.216e-07
met1,59.1100,416.1600,met1,62.1000,416.1600,9.087e-07
met1,59.1100,427.0400,met1,65.5500,427.0400,7.367e-07
met1,59.3400,68.0000,met1,65.5500,68.0000,7.186e-09
met1,59.3400,138.7200,met1,64.1700,138.7200,5.318e-07
met1,59.3400,144.1600,met1,65.5500,144.1600,1.457e-06
met1,59.3400,399.8400,met1,65.5500,399.8400,9.561e-07
met1,59.5700,280.1600,met1,65.3200,280.1600,6.784e-07
met1,59.5700,318.2400,met1,63.2500,318.2400,1.196e-06
met1,59.5700,448.8000,met1,65.5500,448.8000,1.512e-06
met1,59.8000,57.1200,met1,64.4000,57.1200,7.802e-07
met1,59.8000,95.2000,met1,65.5500,95.2000,1.040e-06
met1,59.8000,149.6000,met1,64.1700,149.6000,3.137e-07
met1,59.8000,198.5600,met1,65.5500,198.5600,1.941e-06
met1,59.8000,236.6400,met1,65.5500,236.6400,1.574e-06
met1,59.8000,388.9600,met1,65.5500,388.9600,1.650e-06
met1,60.0300,51.6800,met1,65.5500,51.6800,1.264e-07
met1,60.0300,263.8400,met1,61.8700,263.8400,5.424e-07
met1,60.2600,361.7600,met1,65.5500,361.7600,1.214e-06
met1,60.4900,410.7200,met1,64.4000,410.7200,3.347e-07
met1,60.7200,116.9600,met1,65.5500,116.9600,8.213e-07
met1,60.7200,394.4000,met1,65.5500,394.4000,8.965e-07
met1,60.7200,443.3600,met1,62.7900,443.3600,4.094e-07
met1,60.9500,73.4400,met1,63.2500,73.4400,2.444e-06
met1,60.9500,367.2000,met1,65.5500,367.2000,1.343e-06
met1,61.1800,19.0400,met1,65.5500,19.0400,3.908e-07
met1,61.1800,340.0000,met1,65.5500,340.0000,2.069e-06
met1,61.4100,40.8000,met1,65.5500,40.8000,1.550e-06
met1,61.4100,171.3600,met1,64.8600,171.3600,2.199e-06
met1,61.4100,252.9600,met1,63.7100,252.9600,3.248e-07
met1,61.4100,307.3600,met1,65.5500,307.3600,9.935e-07
met1,61.4100,356.3200,met1,65.5500,356.3200,2.009e-06
met1,61.6400,274.7200,met1,65.5500,274.7200,6.445e-07
met1,61.6400,437.9200,met1,64.6300,437.9200,5.270e-07
met1,61.8700,263.8400,met1,63.7100,263.8400,5.424e-07
met1,62.1000,329.1200,met1,65.5500,329.1200,1.468e-06
met1,62.1000,416.1600,met1,65.5500,416.1600,1.059e-06
met1,62.3300,62.5600,met1,65.5500,62.5600,6.170e-07
met1,62.3300,84.3200,met1,65.5500,84.3200,8.238e-07
met1,62.3300,345.4400,met1,65.5500,345.4400,1.110e-06
met1,62.3300,372.6400,met1,64.8600,372.6400,5.932e-07
met1,62.5600,89.7600,met1,65.5500,89.7600,2.048e-07
met1,62.5600,133.2800,met1,65.5500,133.2800,2.176e-06
met1,62.5600,225.7600,met1,65.5500,225.7600,2.385e-06
met1,62.7900,111.5200,met1,65.5500,111.5200,1.059e-06
met1,62.7900,155.0400,met1,65.5500,155.0400,1.941e-06
met1,62.7900,285.6000,met1,65.5500,285.6000,7.216e-07
met1,62.7900,443.3600,met1,65.5500,443.3600,4.134e-07
met1,63.0200,127.8400,met1,65.5500,127.8400,1.109e-06
met1,63.0200,350.8800,met1,65.5500,350.8800,2.200e-06
met1,63.2500,13.6000,met1,65.5500,13.6000,1.044e-06
met1,63.2500,73.4400,met1,65.5500,73.4400,2.176e-06
met1,63.2500,160.4800,met1,65.5500,160.4800,7.174e-07
met1,63.2500,193.1200,met1,65.5500,193.1200,9.997e-07
met1,63.2500,220.3200,met1,65.5500,220.3200,1.858e-06
met1,63.2500,318.2400,met1,65.5500,318.2400,1.196e-06
met1,63.2500,383.5200,met1,65.5500,383.5200,1.591e-06
met1,63.4800,100.6400,met1,65.5500,100.6400,1.350e-07
met1,63.4800,231.2000,met1,65.5500,231.2000,2.261e-06
met1,63.4800,323.6800,met1,65.5500,323.6800,1.098e-06
met1,63.4800,432.4800,met1,65.5500,432.4800,1.949e-06
met1,63.7100,209.4400,met1,65.5500,209.4400,7.211e-07
met1,63.7100,252.9600,met1,65.5500,252.9600,3.248e-07
met1,63.7100,263.8400,met1,65.5500,263.8400,5.424e-07
met1,63.9400,165.9200,met1,71.5300,165.9200,1.768e-06
met1,63.9400,291.0400,met1,66.0100,291.0400,8.144e-07
met1,64.1700,138.7200,met1,77.7400,138.7200,5.487e-07
met1,64.1700,149.6000,met1,70.8400,149.6000,2.968e-07
met1,64.1700,176.8000,met1,73.8300,176.8000,2.040e-06
met1,64.4000,57.1200,met1,66.9300,57.1200,2.796e-07
met1,64.4000,301.9200,met1,66.2400,301.9200,9.164e-07
met1,64.4000,410.7200,met1,71.3000,410.7200,3.369e-07
met1,64.6300,437.9200,met1,66.4700,437.9200,5.319e-07
met1,64.8600,171.3600,met1,69.0000,171.3600,2.700e-06
met1,64.8600,372.6400,met1,66.7000,372.6400,1.707e-06
met1,65.0900,182.2400,met1,71.3000,182.2400,5.147e-07
met1,65.0900,187.6800,met1,76.3600,187.6800,2.113e-06
met1,65.3200,280.1600,met1,71.5300,280.1600,6.784e-07
met1,65.3200,334.5600,met1,67.3900,334.5600,2.500e-06
met1,65.5500,13.6000,met1,73.3700,13.6000,1.027e-06
met1,65.5500,19.0400,met1,72.6800,19.0400,3.908e-07
met1,65.5500,24.4800,met1,68.5400,24.4800,1.697e-06
met1,65.5500,29.9200,met1,72.2200,29.9200,4.242e-07
met1,65.5500,35.3600,met1,78.1200,35.3600,6.433e-07
met1,65.5500,40.8000,met1,68.0800,40.8000,1.550e-06
met1,65.5500,46.2400,met1,76.1300,46.2400,1.654e-06
met1,65.5500,51.6800,met1,68.5400,51.6800,1.671e-07
met1,65.5500,62.5600,met1,67.6200,62.5600,6.170e-07
met1,65.5500,68.0000,met1,68.5400,68.0000,7.186e-09
met1,65.5500,73.4400,met1,67.6200,73.4400,2.176e-06
met1,65.5500,78.8800,met1,76.5900,78.8800,4.733e-07
met1,65.5500,84.3200,met1,67.6200,84.3200,8.068e-07
met1,65.5500,89.7600,met1,72.6800,89.7600,2.048e-07
met1,65.5500,95.2000,met1,69.4600,95.2000,1.040e-06
met1,65.5500,100.6400,met1,67.8500,100.6400,1.350e-07
met1,65.5500,106.0800,met1,78.1200,106.0800,6.396e-07
met1,65.5500,111.5200,met1,69.4600,111.5200,1.059e-06
met1,65.5500,116.9600,met1,74.5200,116.9600,8.213e-07
met1,65.5500,122.4000,met1,68.0800,122.4000,2.822e-07
met1,65.5500,127.8400,met1,71.5300,127.8400,1.109e-06
met1,65.5500,133.2800,met1,73.6000,133.2800,2.176e-06
met1,65.5500,144.1600,met1,67.8500,144.1600,1.457e-06
met1,65.5500,155.0400,met1,78.1200,155.0400,3.244e-06
met1,65.5500,160.4800,met1,69.6900,160.4800,7.032e-07
met1,65.5500,193.1200,met1,71.3000,193.1200,9.997e-07
met1,65.5500,198.5600,met1,68.0800,198.5600,1.941e-06
met1,65.5500,204.0000,met1,71.0700,204.0000,3.181e-06
met1,65.5500,209.4400,met1,71.3000,209.4400,7.211e-07
met1,65.5500,214.8800,met1,69.9200,214.8800,1.602e-06
met1,65.5500,220.3200,met1,70.3800,220.3200,2.359e-06
met1,65.5500,225.7600,met1,69.4600,225.7600,2.385e-06
met1,65.5500,231.2000,met1,74.2900,231.2000,2.261e-06
met1,65.5500,236.6400,met1,73.6000,236.6400,1.842e-06
met1,65.5500,242.0800,met1,68.0800,242.0800,1.861e-06
met1,65.5500,247.5200,met1,68.3100,247.5200,8.171e-07
met1,65.5500,252.9600,met1,75.4400,252.9600,3.248e-07
met1,65.5500,258.4000,met1,78.1200,258.4000,5.532e-07
met1,65.5500,263.8400,met1,67.3900,263.8400,5.424e-07
met1,65.5500,269.2800,met1,70.8400,269.2800,6.143e-07
met1,65.5500,274.7200,met1,73.3700,274.7200,6.445e-07
met1,65.5500,285.6000,met1,77.0500,285.6000,7.216e-07
met1,65.5500,296.4800,met1,70.1500,296.4800,1.058e-06
met1,65.5500,307.3600,met1,69.9200,307.3600,9.935e-07
met1,65.5500,312.8000,met1,71.3000,312.8000,1.063e-06
met1,65.5500,318.2400,met1,77.5100,318.2400,1.196e-06
met1,65.5500,323.6800,met1,67.3900,323.6800,1.098e-06
met1,65.5500,329.1200,met1,78.1200,329.1200,1.468e-06
met1,65.5500,340.0000,met1,67.6200,340.0000,2.080e-06
met1,65.5500,345.4400,met1,67.8500,345.4400,1.110e-06
met1,65.5500,350.8800,met1,67.3900,350.8800,2.200e-06
met1,65.5500,356.3200,met1,75.9000,356.3200,2.009e-06
met1,65.5500,361.7600,met1,69.2300,361.7600,1.214e-06
met1,65.5500,367.2000,met1,67.8500,367.2000,1.346e-06
met1,65.5500,378.0800,met1,78.1200,378.0800,1.133e-06
met1,65.5500,383.5200,met1,69.4600,383.5200,1.591e-06
met1,65.5500,388.9600,met1,69.6900,388.9600,1.650e-06
met1,65.5500,394.4000,met1,69.0000,394.4000,8.983e-07
met1,65.5500,399.8400,met1,68.3100,399.8400,9.561e-07
met1,65.5500,405.2800,met1,74.2900,405.2800,1.662e-06
met1,65.5500,416.1600,met1,67.6200,416.1600,1.193e-06
met1,65.5500,421.6000,met1,71.0700,421.6000,9.590e-07
met1,65.5500,427.0400,met1,70.6100,427.0400,7.367e-07
met1,65.5500,432.4800,met1,78.1200,432.4800,1.949e-06
met1,65.5500,443.3600,met1,67.6200,443.3600,4.134e-07
met1,65.5500,448.8000,met1,75.2100,448.8000,1.512e-06
met1,66.0100,291.0400,met1,74.9800,291.0400,8.144e-07
met1,66.2400,301.9200,met1,68.0800,301.9200,9.164e-07
met1,66.4700,437.9200,met1,69.9200,437.9200,5.391e-07
met1,66.7000,372.6400,met1,74.2900,372.6400,1.711e-06
met1,66.9300,57.1200,met1,73.6000,57.1200,2.626e-07
met1,67.3900,263.8400,met1,70.6100,263.8400,5.424e-07
met1,67.3900,323.6800,met1,69.9200,323.6800,1.098e-06
met1,67.3900,334.5600,met1,69.6900,334.5600,2.507e-06
met1,67.3900,350.8800,met1,75.2100,350.8800,2.253e-06
met1,67.6200,62.5600,met1,75.9000,62.5600,7.036e-07
met1,67.6200,73.4400,met1,71.3000,73.4400,3.583e-08
met1,67.6200,84.3200,met1,74.2900,84.3200,1.335e-06
met1,67.6200,340.0000,met1,69.4600,340.0000,2.091e-06
met1,67.6200,416.1600,met1,77.5100,416.1600,1.289e-06
met1,67.6200,443.3600,met1,73.6000,443.3600,1.531e-06
met1,67.8500,100.6400,met1,70.8400,100.6400,4.032e-07
met1,67.8500,144.1600,met1,77.0500,144.1600,3.866e-06
met1,67.8500,345.4400,met1,73.3700,345.4400,1.138e-06
met1,67.8500,367.2000,met1,75.6700,367.2000,1.351e-06
met1,68.0800,40.8000,met1,71.7600,40.8000,5.992e-07
met1,68.0800,122.4000,met1,72.6800,122.4000,1.132e-06
met1,68.0800,198.5600,met1,75.2100,198.5600,2.710e-06
met1,68.0800,242.0800,met1,78.1200,242.0800,3.283e-06
met1,68.0800,301.9200,met1,69.9200,301.9200,9.164e-07
met1,68.3100,247.5200,met1,71.9900,247.5200,8.171e-07
met1,68.3100,399.8400,met1,71.5300,399.8400,2.082e-06
met1,68.5400,24.4800,met1,72.6800,24.4800,4.542e-07
met1,68.5400,51.6800,met1,76.5900,51.6800,4.310e-07
met1,68.5400,68.0000,met1,78.1200,68.0000,4.934e-07
met1,69.0000,171.3600,met1,78.1200,171.3600,2.950e-06
met1,69.0000,394.4000,met1,75.2100,394.4000,9.437e-07
met1,69.2300,361.7600,met1,74.2900,361.7600,1.222e-06
met1,69.4600,95.2000,met1,77.2800,95.2000,1.540e-06
met1,69.4600,111.5200,met1,71.3000,111.5200,1.082e-06
met1,69.4600,225.7600,met1,72.4500,225.7600,3.689e-06
met1,69.4600,340.0000,met1,78.1200,340.0000,2.094e-06
met1,69.4600,383.5200,met1,71.7600,383.5200,2.710e-06
met1,69.6900,160.4800,met1,76.3600,160.4800,7.201e-07
met1,69.6900,334.5600,met1,75.4400,334.5600,2.507e-06
met1,69.6900,388.9600,met1,76.1300,388.9600,1.654e-06
met1,69.9200,214.8800,met1,72.2200,214.8800,3.741e-06
met1,69.9200,301.9200,met1,74.7500,301.9200,9.164e-07
met1,69.9200,307.3600,met1,73.1400,307.3600,9.935e-07
met1,69.9200,323.6800,met1,77.7400,323.6800,1.098e-06
met1,69.9200,437.9200,met1,76.5900,437.9200,5.424e-07
met1,70.1500,296.4800,met1,77.5100,296.4800,1.058e-06
met1,70.3800,220.3200,met1,75.6700,220.3200,2.614e-06
met1,70.6100,263.8400,met1,73.3700,263.8400,5.424e-07
met1,70.6100,427.0400,met1,72.6800,427.0400,1.848e-06
met1,70.8400,100.6400,met1,73.1400,100.6400,1.695e-06
met1,70.8400,149.6000,met1,77.7400,149.6000,1.842e-06
met1,70.8400,269.2800,met1,78.1200,269.2800,6.143e-07
met1,71.0700,204.0000,met1,77.7400,204.0000,3.199e-06
met1,71.0700,421.6000,met1,74.2900,421.6000,9.624e-07
met1,71.3000,73.4400,met1,77.0500,73.4400,1.385e-06
met1,71.3000,111.5200,met1,77.0500,111.5200,3.231e-06
met1,71.3000,182.2400,met1,78.1200,182.2400,3.775e-06
met1,71.3000,193.1200,met1,78.1200,193.1200,2.419e-06
met1,71.3000,209.4400,met1,78.1200,209.4400,2.872e-06
met1,71.3000,312.8000,met1,74.5200,312.8000,1.063e-06
met1,71.3000,410.7200,met1,78.1200,410.7200,1.607e-06
met1,71.5300,127.8400,met1,77.9700,127.8400,1.646e-06
met1,71.5300,165.9200,met1,78.1200,165.9200,1.785e-06
met1,71.5300,280.1600,met1,76.3600,280.1600,6.784e-07
met1,71.5300,399.8400,met1,74.9800,399.8400,2.086e-06
met1,71.7600,40.8000,met1,75.2100,40.8000,1.096e-06
met1,71.7600,383.5200,met1,74.9800,383.5200,2.712e-06
met1,71.9900,247.5200,met1,77.9700,247.5200,8.228e-07
met1,72.2200,29.9200,met1,78.1200,29.9200,1.718e-06
met1,72.2200,214.8800,met1,78.1200,214.8800,4.239e-06
met1,72.4500,225.7600,met1,77.9700,225.7600,3.697e-06
met1,72.6800,19.0400,met1,78.1200,19.0400,2.533e-06
met1,72.6800,24.4800,met1,78.1200,24.4800,2.604e-06
met1,72.6800,89.7600,met1,76.1300,89.7600,1.706e-06
met1,72.6800,122.4000,met1,78.1200,122.4000,1.633e-06
met1,72.6800,427.0400,met1,77.0500,427.0400,1.848e-06
met1,73.1400,100.6400,met1,78.1200,100.6400,1.959e-06
met1,73.1400,307.3600,met1,77.7400,307.3600,9.935e-07
met1,73.3700,13.6000,met1,78.1200,13.6000,7.585e-07
met1,73.3700,263.8400,met1,77.5100,263.8400,5.424e-07
met1,73.3700,274.7200,met1,76.8200,274.7200,6.445e-07
met1,73.3700,345.4400,met1,77.5100,345.4400,2.262e-06
met1,73.6000,57.1200,met1,78.1200,57.1200,1.881e-06
met1,73.6000,133.2800,met1,78.1200,133.2800,3.593e-06
met1,73.6000,236.6400,met1,75.6700,236.6400,3.996e-06
met1,73.6000,443.3600,met1,77.5100,443.3600,1.531e-06
met1,73.8300,176.8000,met1,78.1200,176.8000,2.804e-06
met1,74.2900,84.3200,met1,78.1200,84.3200,1.603e-06
met1,74.2900,231.2000,met1,78.1200,231.2000,2.278e-06
met1,74.2900,361.7600,met1,77.7400,361.7600,1.227e-06
met1,74.2900,372.6400,met1,78.1200,372.6400,2.984e-06
met1,74.2900,405.2800,met1,78.1200,405.2800,2.935e-06
met1,74.2900,421.6000,met1,78.1200,421.6000,9.645e-07
met1,74.5200,116.9600,met1,76.8200,116.9600,1.120e-06
met1,74.5200,312.8000,met1,76.3600,312.8000,1.063e-06
met1,74.7500,301.9200,met1,77.0500,301.9200,9.165e-07
met1,74.9800,291.0400,met1,78.1200,291.0400,8.144e-07
met1,74.9800,383.5200,met1,76.8200,383.5200,2.747e-06
met1,74.9800,399.8400,met1,77.5100,399.8400,2.090e-06
met1,75.2100,40.8000,met1,78.1200,40.8000,1.364e-06
met1,75.2100,198.5600,met1,77.7400,198.5600,2.728e-06
met1,75.2100,350.8800,met1,77.2800,350.8800,2.264e-06
met1,75.2100,394.4000,met1,78.1200,394.4000,1.066e-06
met1,75.2100,448.8000,met1,77.5100,448.8000,1.516e-06
met1,75.4400,252.9600,met1,77.7400,252.9600,3.248e-07
met1,75.4400,334.5600,met1,78.1200,334.5600,3.615e-06
met1,75.6700,220.3200,met1,78.1200,220.3200,2.882e-06
met1,75.6700,236.6400,met1,78.1200,236.6400,4.013e-06
met1,75.6700,367.2000,met1,78.1200,367.2000,1.355e-06
met1,75.9000,62.5600,met1,78.1200,62.5600,2.844e-06
met1,75.9000,356.3200,met1,78.1200,356.3200,3.276e-06
met1,76.1300,46.2400,met1,78.1200,46.2400,3.337e-06
met1,76.1300,89.7600,met1,78.1200,89.7600,1.975e-06
met1,76.1300,388.9600,met1,78.1200,388.9600,1.657e-06
met1,76.3600,160.4800,met1,78.1200,160.4800,3.364e-06
met1,76.3600,187.6800,met1,78.1200,187.6800,3.535e-06
met1,76.3600,280.1600,met1,78.1200,280.1600,6.784e-07
met1,76.3600,312.8000,met1,78.1200,312.8000,1.063e-06
met1,76.5900,51.6800,met1,79.3500,51.6800,6.452e-06
met1,76.5900,51.6800,met2,78.1200,51.6800,7.151e-06
met1,76.5900,78.8800,met1,79.3500,78.8800,8.951e-06
met1,76.5900,78.8800,met2,78.1200,78.8800,9.693e-06
met1,76.5900,437.9200,met1,79.3500,437.9200,6.660e-07
met1,76.5900,437.9200,met2,78.1200,437.9200,2.475e-06
met1,76.8200,116.9600,met1,79.3500,116.9600,2.874e-06
met1,76.8200,116.9600,met2,78.1200,116.9600,4.758e-06
met1,76.8200,274.7200,met1,79.3500,274.7200,9.851e-07
met1,76.8200,274.7200,met2,78.1200,274.7200,3.407e-07
met1,76.8200,383.5200,met1,79.3500,383.5200,9.238e-07
met1,76.8200,383.5200,met2,78.1200,383.5200,1.844e-06
met1,77.0500,73.4400,met1,79.3500,73.4400,9.267e-06
met1,77.0500,73.4400,met2,78.1200,73.4400,1.067e-05
met1,77.0500,111.5200,met1,79.3500,111.5200,5.641e-06
met1,77.0500,111.5200,met2,78.1200,111.5200,9.140e-06
met1,77.0500,144.1600,met1,79.1200,144.1600,2.474e-06
met1,77.0500,144.1600,met2,78.1200,144.1600,6.608e-06
met1,77.0500,285.6000,met1,79.3500,285.6000,9.766e-07
met1,77.0500,285.6000,met2,78.1200,285.6000,2.550e-07
met1,77.0500,301.9200,met1,79.3500,301.9200,1.404e-06
met1,77.0500,301.9200,met2,78.1200,301.9200,4.879e-07
met1,77.0500,427.0400,met1,79.3500,427.0400,6.663e-07
met1,77.0500,427.0400,met2,78.1200,427.0400,2.517e-06
met1,77.2800,95.2000,met1,79.3500,95.2000,5.713e-06
met1,77.2800,95.2000,met2,78.1200,95.2000,8.668e-06
met1,77.2800,350.8800,met1,79.3500,350.8800,1.552e-06
met1,77.2800,350.8800,met2,78.1200,350.8800,7.119e-07
met1,77.5100,263.8400,met1,79.3500,263.8400,5.337e-07
met1,77.5100,263.8400,met2,78.1200,263.8400,8.674e-09
met1,77.5100,296.4800,met1,79.3500,296.4800,1.411e-06
met1,77.5100,296.4800,met2,78.1200,296.4800,3.523e-07
met1,77.5100,318.2400,met1,79.3500,318.2400,2.287e-06
met1,77.5100,318.2400,met2,78.1200,318.2400,1.092e-06
met1,77.5100,345.4400,met1,79.3500,345.4400,1.742e-06
met1,77.5100,345.4400,met2,78.1200,345.4400,5.241e-07
met1,77.5100,399.8400,met1,79.3500,399.8400,4.985e-07
met1,77.5100,399.8400,met2,78.1200,399.8400,1.659e-06
met1,77.5100,416.1600,met1,79.3500,416.1600,5.663e-07
met1,77.5100,416.1600,met2,78.1200,416.1600,1.947e-06
met1,77.5100,443.3600,met1,79.3500,443.3600,9.121e-07
met1,77.5100,443.3600,met2,78.1200,443.3600,1.727e-06
met1,77.5100,448.8000,met1,79.3500,448.8000,2.008e-07
met1,77.5100,448.8000,met2,78.1200,448.8000,1.721e-06
met1,77.7400,138.7200,met1,84.8700,138.7200,3.223e-06
met1,77.7400,138.7200,met2,78.1200,138.7200,5.186e-06
met1,77.7400,149.6000,met1,80.5000,149.6000,3.703e-06
met1,77.7400,149.6000,met2,78.1200,149.6000,7.333e-06
met1,77.7400,198.5600,met1,80.5000,198.5600,1.035e-06
met1,77.7400,198.5600,met2,78.1200,198.5600,5.054e-06
met1,77.7400,204.0000,met1,83.7200,204.0000,8.558e-07
met1,77.7400,204.0000,met2,78.1200,204.0000,6.205e-06
met1,77.7400,252.9600,met1,80.2700,252.9600,6.362e-07
met1,77.7400,252.9600,met2,78.1200,252.9600,9.610e-07
met1,77.7400,307.3600,met1,86.4800,307.3600,1.672e-06
met1,77.7400,307.3600,met2,78.1200,307.3600,6.790e-07
met1,77.7400,323.6800,met1,80.7300,323.6800,1.754e-06
met1,77.7400,323.6800,met2,78.1200,323.6800,6.563e-07
met1,77.7400,361.7600,met1,85.3300,361.7600,1.391e-06
met1,77.7400,361.7600,met2,78.1200,361.7600,1.104e-06
met1,77.9700,127.8400,met1,79.8100,127.8400,4.586e-06
met1,77.9700,127.8400,met2,78.1200,127.8400,6.249e-06
met1,77.9700,225.7600,met1,80.5000,225.7600,1.378e-06
met1,77.9700,225.7600,met2,78.1200,225.7600,5.092e-06
met1,77.9700,247.5200,met1,93.1500,247.5200,1.894e-07
met1,77.9700,247.5200,met2,78.1200,247.5200,1.012e-06
met1,78.1200,13.6000,met1,80.9600,13.6000,7.726e-06
met1,78.1200,13.6000,met2,78.1200,13.6000,6.968e-06
met1,78.1200,19.0400,met1,82.5700,19.0400,9.299e-06
met1,78.1200,19.0400,met2,78.1200,19.0400,1.233e-05
met1,78.1200,24.4800,met1,81.1900,24.4800,7.439e-06
met1,78.1200,24.4800,met2,78.1200,24.4800,1.004e-05
met1,78.1200,29.9200,met1,81.4200,29.9200,9.893e-06
met1,78.1200,29.9200,met2,78.1200,29.9200,1.161e-05
met1,78.1200,35.3600,met1,80.9600,35.3600,9.689e-06
met1,78.1200,35.3600,met2,78.1200,35.3600,9.045e-06
met1,78.1200,40.8000,met1,83.2600,40.8000,8.816e-06
met1,78.1200,40.8000,met2,78.1200,40.8000,1.018e-05
met1,78.1200,46.2400,met1,93.1500,46.2400,7.368e-06
met1,78.1200,46.2400,met2,78.1200,46.2400,1.071e-05
met1,78.1200,57.1200,met1,82.3400,57.1200,8.630e-06
met1,78.1200,57.1200,met2,78.1200,57.1200,1.193e-05
met1,78.1200,62.5600,met1,83.4900,62.5600,8.131e-06
met1,78.1200,62.5600,met2,78.1200,62.5600,1.098e-05
met1,78.1200,68.0000,met1,84.6400,68.0000,7.644e-06
met1,78.1200,68.0000,met2,78.1200,68.0000,8.137e-06
met1,78.1200,84.3200,met1,93.1500,84.3200,6.431e-06
met1,78.1200,84.3200,met2,78.1200,84.3200,8.034e-06
met1,78.1200,89.7600,met1,85.1000,89.7600,7.304e-06
met1,78.1200,89.7600,met2,78.1200,89.7600,9.279e-06
met1,78.1200,100.6400,met1,81.6500,100.6400,7.314e-06
met1,78.1200,100.6400,met2,78.1200,100.6400,9.272e-06
met1,78.1200,106.0800,met1,93.1500,106.0800,4.653e-06
met1,78.1200,106.0800,met2,78.1200,106.0800,6.707e-06
met1,78.1200,122.4000,met1,83.2600,122.4000,4.976e-06
met1,78.1200,122.4000,met2,78.1200,122.4000,6.608e-06
met1,78.1200,133.2800,met1,89.4700,133.2800,2.186e-06
met1,78.1200,133.2800,met2,78.1200,133.2800,5.779e-06
met1,78.1200,155.0400,met1,80.0400,155.0400,1.704e-06
met1,78.1200,155.0400,met2,78.1200,155.0400,4.948e-06
met1,78.1200,160.4800,met1,87.4000,160.4800,2.692e-06
met1,78.1200,160.4800,met2,78.1200,160.4800,6.055e-06
met1,78.1200,165.9200,met1,83.9500,165.9200,1.411e-06
met1,78.1200,165.9200,met2,78.1200,165.9200,5.335e-06
met1,78.1200,171.3600,met1,86.9400,171.3600,1.092e-06
met1,78.1200,171.3600,met2,78.1200,171.3600,4.042e-06
met1,78.1200,176.8000,met1,81.4200,176.8000,2.970e-06
met1,78.1200,176.8000,met2,78.1200,176.8000,5.775e-06
met1,78.1200,182.2400,met1,93.1500,182.2400,1.049e-06
met1,78.1200,182.2400,met2,78.1200,182.2400,4.824e-06
met1,78.1200,187.6800,met1,83.9500,187.6800,3.176e-06
met1,78.1200,187.6800,met2,78.1200,187.6800,6.711e-06
met1,78.1200,193.1200,met1,82.3400,193.1200,2.349e-06
met1,78.1200,193.1200,met2,78.1200,193.1200,4.768e-06
met1,78.1200,209.4400,met1,86.4800,209.4400,7.169e-07
met1,78.1200,209.4400,met2,78.1200,209.4400,3.857e-06
met1,78.1200,214.8800,met1,90.1600,214.8800,9.380e-07
met1,78.1200,214.8800,met2,78.1200,214.8800,6.592e-06
met1,78.1200,220.3200,met1,83.9500,220.3200,2.866e-06
met1,78.1200,220.3200,met2,78.1200,220.3200,5.748e-06
met1,78.1200,231.2000,met1,80.9600,231.2000,1.806e-06
met1,78.1200,231.2000,met2,78.1200,231.2000,4.084e-06
met1,78.1200,236.6400,met1,84.8700,236.6400,2.279e-06
met1,78.1200,236.6400,met2,78.1200,236.6400,6.292e-06
met1,78.1200,242.0800,met1,90.8500,242.0800,1.643e-08
met1,78.1200,242.0800,met2,78.1200,242.0800,3.266e-06
met1,78.1200,258.4000,met1,87.8600,258.4000,6.819e-07
met1,78.1200,258.4000,met2,78.1200,258.4000,1.287e-07
met1,78.1200,269.2800,met1,86.2500,269.2800,9.158e-07
met1,78.1200,269.2800,met2,78.1200,269.2800,3.015e-07
met1,78.1200,280.1600,met1,82.1100,280.1600,1.053e-06
met1,78.1200,280.1600,met2,78.1200,280.1600,3.743e-07
met1,78.1200,291.0400,met1,80.9600,291.0400,1.409e-06
met1,78.1200,291.0400,met2,78.1200,291.0400,5.946e-07
met1,78.1200,312.8000,met1,83.0300,312.8000,1.855e-06
met1,78.1200,312.8000,met2,78.1200,312.8000,7.914e-07
met1,78.1200,329.1200,met1,91.3100,329.1200,2.229e-06
met1,78.1200,329.1200,met2,78.1200,329.1200,7.610e-07
met1,78.1200,334.5600,met1,88.3200,334.5600,1.952e-06
met1,78.1200,334.5600,met2,78.1200,334.5600,1.708e-06
met1,78.1200,340.0000,met1,82.8000,340.0000,2.371e-06
met1,78.1200,340.0000,met2,78.1200,340.0000,2.768e-07
met1,78.1200,356.3200,met1,83.9500,356.3200,2.542e-06
met1,78.1200,356.3200,met2,78.1200,356.3200,7.338e-07
met1,78.1200,367.2000,met1,81.8800,367.2000,1.421e-06
met1,78.1200,367.2000,met2,78.1200,367.2000,6.636e-08
met1,78.1200,372.6400,met1,80.5000,372.6400,8.860e-07
met1,78.1200,372.6400,met2,78.1200,372.6400,2.098e-06
met1,78.1200,378.0800,met1,83.2600,378.0800,6.016e-07
met1,78.1200,378.0800,met2,78.1200,378.0800,5.314e-07
met1,78.1200,388.9600,met1,85.1000,388.9600,1.073e-07
met1,78.1200,388.9600,met2,78.1200,388.9600,1.768e-06
met1,78.1200,394.4000,met1,81.1900,394.4000,8.439e-07
met1,78.1200,394.4000,met2,78.1200,394.4000,2.922e-07
met1,78.1200,405.2800,met1,81.8800,405.2800,3.022e-07
met1,78.1200,405.2800,met2,78.1200,405.2800,2.633e-06
met1,78.1200,410.7200,met1,80.2700,410.7200,9.979e-07
met1,78.1200,410.7200,met2,78.1200,410.7200,6.094e-07
met1,78.1200,421.6000,met1,81.4200,421.6000,1.229e-06
met1,78.1200,421.6000,met2,78.1200,421.6000,1.003e-06
met1,78.1200,432.4800,met1,84.1800,432.4800,9.074e-07
met1,78.1200,432.4800,met2,78.1200,432.4800,1.041e-06
met1,79.1200,144.1600,met1,93.1500,144.1600,1.060e-06
met1,79.3500,51.6800,met1,85.7900,51.6800,6.452e-06
met1,79.3500,73.4400,met1,82.3400,73.4400,9.267e-06
met1,79.3500,78.8800,met1,86.4800,78.8800,8.934e-06
met1,79.3500,95.2000,met1,87.6300,95.2000,5.713e-06
met1,79.3500,111.5200,met1,84.1800,111.5200,5.641e-06
met1,79.3500,116.9600,met1,91.3100,116.9600,2.874e-06
met1,79.3500,263.8400,met1,87.6300,263.8400,5.337e-07
met1,79.3500,274.7200,met1,81.8800,274.7200,9.851e-07
met1,79.3500,285.6000,met1,85.1000,285.6000,9.766e-07
met1,79.3500,296.4800,met1,85.7900,296.4800,1.411e-06
met1,79.3500,301.9200,met1,81.4200,301.9200,1.404e-06
met1,79.3500,318.2400,met1,81.6500,318.2400,2.287e-06
met1,79.3500,345.4400,met1,86.4800,345.4400,1.744e-06
met1,79.3500,350.8800,met1,84.8700,350.8800,1.552e-06
met1,79.3500,383.5200,met1,88.7800,383.5200,9.238e-07
met1,79.3500,399.8400,met1,87.4000,399.8400,4.985e-07
met1,79.3500,416.1600,met1,81.4200,416.1600,5.663e-07
met1,79.3500,427.0400,met1,91.5400,427.0400,6.663e-07
met1,79.3500,437.9200,met1,85.3300,437.9200,6.660e-07
met1,79.3500,443.3600,met1,83.0300,443.3600,9.129e-07
met1,79.3500,448.8000,met1,90.8500,448.8000,2.008e-07
met1,79.8100,127.8400,met1,85.5600,127.8400,4.570e-06
met1,80.0400,155.0400,met1,87.6300,155.0400,2.891e-07
met1,80.2700,252.9600,met1,86.7100,252.9600,6.362e-07
met1,80.2700,410.7200,met1,83.0300,410.7200,1.085e-06
met1,80.5000,149.6000,met1,87.4000,149.6000,3.185e-06
met1,80.5000,198.5600,met1,92.2300,198.5600,7.852e-07
met1,80.5000,225.7600,met1,89.2400,225.7600,3.643e-08
met1,80.5000,372.6400,met1,83.2600,372.6400,9.525e-07
met1,80.7300,323.6800,met1,83.4900,323.6800,1.754e-06
met1,80.9600,13.6000,met1,91.3100,13.6000,6.311e-06
met1,80.9600,35.3600,met1,83.2600,35.3600,9.192e-06
met1,80.9600,231.2000,met1,93.1500,231.2000,3.411e-07
met1,80.9600,291.0400,met1,83.4900,291.0400,1.409e-06
met1,81.1900,24.4800,met1,93.1500,24.4800,7.171e-06
met1,81.1900,394.4000,met1,89.0100,394.4000,8.633e-07
met1,81.4200,29.9200,met1,90.3900,29.9200,8.209e-06
met1,81.4200,176.8000,met1,89.4700,176.8000,1.288e-06
met1,81.4200,301.9200,met1,87.4000,301.9200,1.404e-06
met1,81.4200,416.1600,met1,87.8600,416.1600,5.239e-07
met1,81.4200,421.6000,met1,90.8500,421.6000,1.232e-06
met1,81.6500,100.6400,met1,87.1700,100.6400,5.628e-06
met1,81.6500,318.2400,met1,93.1500,318.2400,2.287e-06
met1,81.8800,274.7200,met1,93.1500,274.7200,9.851e-07
met1,81.8800,367.2000,met1,89.2400,367.2000,1.421e-06
met1,81.8800,405.2800,met1,87.8600,405.2800,3.040e-07
met1,82.1100,280.1600,met1,85.3300,280.1600,1.053e-06
met1,82.3400,57.1200,met1,86.0200,57.1200,8.132e-06
met1,82.3400,73.4400,met1,87.8600,73.4400,7.124e-06
met1,82.3400,193.1200,met1,93.1500,193.1200,2.101e-07
met1,82.5700,19.0400,met1,85.5600,19.0400,9.030e-06
met1,82.8000,340.0000,met1,86.2500,340.0000,2.383e-06
met1,83.0300,312.8000,met1,91.0800,312.8000,1.855e-06
met1,83.0300,410.7200,met1,87.1700,410.7200,1.118e-06
met1,83.0300,443.3600,met1,88.5500,443.3600,9.129e-07
met1,83.2600,35.3600,met1,87.4000,35.3600,8.942e-06
met1,83.2600,40.8000,met1,90.1600,40.8000,7.401e-06
met1,83.2600,122.4000,met1,91.5400,122.4000,2.834e-06
met1,83.2600,372.6400,met1,85.7900,372.6400,9.598e-07
met1,83.2600,378.0800,met1,87.8600,378.0800,1.720e-06
met1,83.4900,62.5600,met1,92.0000,62.5600,7.863e-06
met1,83.4900,291.0400,met1,86.2500,291.0400,1.409e-06
met1,83.4900,323.6800,met1,86.0200,323.6800,1.754e-06
met1,83.7200,204.0000,met1,87.1700,204.0000,8.951e-08
met1,83.9500,165.9200,met1,91.3100,165.9200,1.143e-06
met1,83.9500,187.6800,met1,87.4000,187.6800,3.159e-06
met1,83.9500,220.3200,met1,86.4800,220.3200,2.849e-06
met1,83.9500,356.3200,met1,93.1500,356.3200,2.723e-06
met1,84.1800,111.5200,met1,88.0900,111.5200,4.226e-06
met1,84.1800,432.4800,met1,86.7100,432.4800,9.145e-07
met1,84.6400,68.0000,met1,93.1500,68.0000,6.229e-06
met1,84.8700,138.7200,met1,87.1700,138.7200,3.206e-06
met1,84.8700,236.6400,met1,88.7800,236.6400,5.927e-07
met1,84.8700,350.8800,met1,93.1500,350.8800,1.637e-06
met1,85.1000,89.7600,met1,87.4000,89.7600,5.885e-06
met1,85.1000,285.6000,met1,87.1700,285.6000,9.766e-07
met1,85.1000,388.9600,met1,92.6900,388.9600,1.161e-06
met1,85.3300,280.1600,met1,90.8500,280.1600,1.053e-06
met1,85.3300,361.7600,met1,89.0100,361.7600,1.394e-06
met1,85.3300,437.9200,met1,93.1500,437.9200,4.522e-07
met1,85.5600,19.0400,met1,90.3900,19.0400,7.613e-06
met1,85.5600,127.8400,met1,93.1500,127.8400,2.431e-06
met1,85.7900,51.6800,met1,92.4600,51.6800,6.435e-06
met1,85.7900,296.4800,met1,93.1500,296.4800,1.411e-06
met1,85.7900,372.6400,met1,93.1500,372.6400,9.650e-07
met1,86.0200,57.1200,met1,88.0900,57.1200,6.586e-06
met1,86.0200,323.6800,met1,90.1600,323.6800,1.754e-06
met1,86.2500,269.2800,met1,88.7800,269.2800,9.158e-07
met1,86.2500,291.0400,met1,88.7800,291.0400,1.409e-06
met1,86.2500,340.0000,met1,90.8500,340.0000,2.410e-06
met1,86.4800,78.8800,met1,92.9200,78.8800,6.794e-06
met1,86.4800,209.4400,met1,93.1500,209.4400,6.975e-07
met1,86.4800,220.3200,met1,90.6200,220.3200,7.103e-07
met1,86.4800,307.3600,met1,88.5500,307.3600,1.672e-06
met1,86.4800,345.4400,met1,90.3900,345.4400,1.760e-06
met1,86.7100,252.9600,met1,89.2400,252.9600,6.362e-07
met1,86.7100,432.4800,met1,90.1600,432.4800,9.234e-07
met1,86.9400,171.3600,met1,93.1500,171.3600,3.218e-07
met1,87.1700,100.6400,met1,93.1500,100.6400,5.611e-06
met1,87.1700,138.7200,met1,93.1500,138.7200,3.189e-06
met1,87.1700,204.0000,met1,93.1500,204.0000,1.787e-07
met1,87.1700,285.6000,met1,92.0000,285.6000,9.766e-07
met1,87.1700,410.7200,met1,92.0000,410.7200,1.125e-06
met1,87.4000,35.3600,met1,93.1500,35.3600,7.527e-06
met1,87.4000,89.7600,met1,93.1500,89.7600,4.470e-06
met1,87.4000,149.6000,met1,92.4600,149.6000,1.767e-06
met1,87.4000,160.4800,met1,90.8500,160.4800,1.275e-06
met1,87.4000,187.6800,met1,90.6200,187.6800,1.020e-06
met1,87.4000,301.9200,met1,91.5400,301.9200,1.404e-06
met1,87.4000,399.8400,met1,90.8500,399.8400,1.622e-06
met1,87.6300,95.2000,met1,92.9200,95.2000,5.695e-06
met1,87.6300,155.0400,met1,93.1500,155.0400,2.090e-08
met1,87.6300,263.8400,met1,93.1500,263.8400,5.337e-07
met1,87.8600,73.4400,met1,89.9300,73.4400,6.624e-06
met1,87.8600,258.4000,met1,92.2300,258.4000,6.819e-07
met1,87.8600,378.0800,met1,93.1500,378.0800,1.722e-06
met1,87.8600,405.2800,met1,93.1500,405.2800,3.494e-07
met1,87.8600,416.1600,met1,93.1500,416.1600,7.460e-07
met1,88.0900,57.1200,met1,93.1500,57.1200,6.569e-06
met1,88.0900,111.5200,met1,90.8500,111.5200,4.209e-06
met1,88.3200,334.5600,met1,91.3100,334.5600,3.060e-06
met1,88.5500,307.3600,met1,90.6200,307.3600,1.672e-06
met1,88.5500,443.3600,met1,90.6200,443.3600,9.141e-07
met1,88.7800,236.6400,met1,93.1500,236.6400,9.361e-08
met1,88.7800,269.2800,met1,93.1500,269.2800,9.158e-07
met1,88.7800,291.0400,met1,91.0800,291.0400,1.409e-06
met1,88.7800,383.5200,met1,91.3100,383.5200,2.044e-06
met1,89.0100,361.7600,met1,91.3100,361.7600,1.398e-06
met1,89.0100,394.4000,met1,93.1500,394.4000,8.645e-07
met1,89.2400,225.7600,met1,91.5400,225.7600,2.865e-07
met1,89.2400,252.9600,met1,92.0000,252.9600,6.362e-07
met1,89.2400,367.2000,met1,93.1500,367.2000,2.529e-06
met1,89.4700,133.2800,met1,92.0000,133.2800,1.918e-06
met1,89.4700,176.8000,met1,93.1500,176.8000,1.271e-06
met1,89.9300,73.4400,met1,93.1500,73.4400,6.356e-06
met1,90.1600,40.8000,met1,93.1500,40.8000,5.261e-06
met1,90.1600,214.8800,met1,93.1500,214.8800,4.765e-07
met1,90.1600,323.6800,met1,92.4600,323.6800,1.754e-06
met1,90.1600,432.4800,met1,93.1500,432.4800,9.275e-07
met1,90.3900,19.0400,met1,93.1500,19.0400,7.596e-06
met1,90.3900,29.9200,met1,93.1500,29.9200,8.193e-06
met1,90.3900,345.4400,met1,92.9200,345.4400,1.769e-06
met1,90.6200,187.6800,met1,93.1500,187.6800,3.943e-07
met1,90.6200,220.3200,met1,93.1500,220.3200,1.439e-06
met1,90.6200,307.3600,met1,93.1500,307.3600,1.672e-06
met1,90.6200,443.3600,met1,93.1500,443.3600,9.150e-07
met1,90.8500,111.5200,met1,93.1500,111.5200,4.192e-06
met1,90.8500,160.4800,met1,93.1500,160.4800,1.258e-06
met1,90.8500,242.0800,met1,93.1500,242.0800,2.847e-07
met1,90.8500,280.1600,met1,93.1500,280.1600,1.053e-06
met1,90.8500,340.0000,met1,93.1500,340.0000,2.433e-06
met1,90.8500,399.8400,met1,93.1500,399.8400,1.632e-06
met1,90.8500,421.6000,met1,93.1500,421.6000,1.234e-06
met1,90.8500,448.8000,met1,93.1500,448.8000,9.106e-07
met1,91.0800,291.0400,met1,93.1500,291.0400,1.409e-06
met1,91.0800,312.8000,met1,93.1500,312.8000,1.855e-06
met1,91.3100,13.6000,met1,93.1500,13.6000,6.294e-06
met1,91.3100,116.9600,met1,93.1500,116.9600,2.670e-06
met1,91.3100,165.9200,met1,93.1500,165.9200,1.126e-06
met1,91.3100,329.1200,met1,93.1500,329.1200,2.235e-06
met1,91.3100,334.5600,met1,93.1500,334.5600,3.074e-06
met1,91.3100,361.7600,met1,93.1500,361.7600,1.403e-06
met1,91.3100,383.5200,met1,93.1500,383.5200,2.049e-06
met1,91.5400,122.4000,met1,106.9500,122.4000,2.040e-06
met1,91.5400,225.7600,met1,95.4500,225.7600,7.846e-07
met1,91.5400,301.9200,met1,93.3800,301.9200,1.404e-06
met1,91.5400,427.0400,met1,97.9800,427.0400,5.985e-07
met1,92.0000,62.5600,met1,95.4500,62.5600,5.709e-06
met1,92.0000,133.2800,met1,106.9500,133.2800,2.210e-07
met1,92.0000,252.9600,met1,100.9700,252.9600,4.737e-07
met1,92.0000,285.6000,met1,94.0700,285.6000,9.766e-07
met1,92.0000,410.7200,met1,96.6000,410.7200,1.159e-06
met1,92.2300,198.5600,met1,98.9000,198.5600,7.679e-07
met1,92.2300,258.4000,met1,94.3000,258.4000,6.819e-07
met1,92.4600,51.6800,met1,106.9500,51.6800,5.020e-06
met1,92.4600,149.6000,met1,98.6700,149.6000,2.453e-07
met1,92.4600,323.6800,met1,94.7600,323.6800,1.754e-06
met1,92.6900,388.9600,met1,94.9900,388.9600,1.161e-06
met1,92.9200,78.8800,met1,97.7500,78.8800,5.373e-06
met1,92.9200,95.2000,met1,100.2800,95.2000,3.555e-06
met1,92.9200,345.4400,met1,95.2200,345.4400,2.882e-06
met1,93.1500,13.6000,met1,106.9500,13.6000,6.294e-06
met1,93.1500,19.0400,met1,96.6000,19.0400,7.596e-06
met1,93.1500,24.4800,met1,95.6800,24.4800,7.154e-06
met1,93.1500,29.9200,met1,95.2200,29.9200,8.193e-06
met1,93.1500,35.3600,met1,96.6000,35.3600,7.527e-06
met1,93.1500,40.8000,met1,97.2900,40.8000,5.261e-06
met1,93.1500,46.2400,met1,95.4500,46.2400,7.368e-06
met1,93.1500,57.1200,met1,97.0600,57.1200,6.552e-06
met1,93.1500,68.0000,met1,103.2700,68.0000,6.229e-06
met1,93.1500,73.4400,met1,99.8200,73.4400,6.339e-06
met1,93.1500,84.3200,met1,97.2900,84.3200,6.431e-06
met1,93.1500,89.7600,met1,106.9500,89.7600,4.470e-06
met1,93.1500,100.6400,met1,100.2800,100.6400,3.457e-06
met1,93.1500,106.0800,met1,105.5700,106.0800,2.513e-06
met1,93.1500,111.5200,met1,103.2700,111.5200,2.039e-06
met1,93.1500,116.9600,met1,100.2800,116.9600,2.670e-06
met1,93.1500,127.8400,met1,96.6000,127.8400,2.431e-06
met1,93.1500,138.7200,met1,101.4300,138.7200,1.035e-06
met1,93.1500,144.1600,met1,97.5200,144.1600,1.060e-06
met1,93.1500,155.0400,met1,102.1200,155.0400,2.090e-08
met1,93.1500,160.4800,met1,97.5200,160.4800,1.258e-06
met1,93.1500,165.9200,met1,96.1400,165.9200,1.126e-06
met1,93.1500,171.3600,met1,103.7300,171.3600,3.218e-07
met1,93.1500,176.8000,met1,100.2800,176.8000,1.254e-06
met1,93.1500,182.2400,met1,98.2100,182.2400,1.104e-06
met1,93.1500,187.6800,met1,95.4500,187.6800,3.943e-07
met1,93.1500,193.1200,met1,94.9900,193.1200,2.101e-07
met1,93.1500,204.0000,met1,97.0600,204.0000,1.787e-07
met1,93.1500,209.4400,met1,97.7500,209.4400,6.975e-07
met1,93.1500,214.8800,met1,101.2000,214.8800,4.765e-07
met1,93.1500,220.3200,met1,95.9100,220.3200,1.439e-06
met1,93.1500,231.2000,met1,101.8900,231.2000,3.411e-07
met1,93.1500,236.6400,met1,100.7400,236.6400,7.665e-08
met1,93.1500,242.0800,met1,95.2200,242.0800,2.847e-07
met1,93.1500,247.5200,met1,97.9800,247.5200,1.894e-07
met1,93.1500,263.8400,met1,94.9900,263.8400,5.337e-07
met1,93.1500,269.2800,met1,101.4300,269.2800,9.158e-07
met1,93.1500,274.7200,met1,100.2800,274.7200,9.851e-07
met1,93.1500,280.1600,met1,103.7300,280.1600,1.053e-06
met1,93.1500,291.0400,met1,97.2900,291.0400,1.409e-06
met1,93.1500,296.4800,met1,95.9100,296.4800,1.411e-06
met1,93.1500,307.3600,met1,97.2900,307.3600,1.672e-06
met1,93.1500,312.8000,met1,103.5000,312.8000,1.855e-06
met1,93.1500,318.2400,met1,95.6800,318.2400,2.287e-06
met1,93.1500,329.1200,met1,106.0300,329.1200,2.235e-06
met1,93.1500,334.5600,met1,96.6000,334.5600,3.082e-06
met1,93.1500,340.0000,met1,94.9900,340.0000,2.433e-06
met1,93.1500,350.8800,met1,96.8300,350.8800,1.637e-06
met1,93.1500,356.3200,met1,95.4500,356.3200,2.723e-06
met1,93.1500,361.7600,met1,94.9900,361.7600,1.403e-06
met1,93.1500,367.2000,met1,95.4500,367.2000,2.529e-06
met1,93.1500,372.6400,met1,96.1400,372.6400,9.650e-07
met1,93.1500,378.0800,met1,95.6800,378.0800,1.722e-06
met1,93.1500,383.5200,met1,94.9900,383.5200,2.095e-06
met1,93.1500,394.4000,met1,94.9900,394.4000,8.645e-07
met1,93.1500,399.8400,met1,103.5000,399.8400,1.632e-06
met1,93.1500,405.2800,met1,95.4500,405.2800,1.617e-06
met1,93.1500,416.1600,met1,97.5200,416.1600,7.460e-07
met1,93.1500,421.6000,met1,98.4400,421.6000,1.234e-06
met1,93.1500,432.4800,met1,97.2900,432.4800,9.275e-07
met1,93.1500,437.9200,met1,98.4400,437.9200,4.522e-07
met1,93.1500,443.3600,met1,94.9900,443.3600,9.153e-07
met1,93.1500,448.8000,met1,106.9500,448.8000,9.106e-07
met1,93.3800,301.9200,met1,95.4500,301.9200,1.404e-06
met1,94.0700,285.6000,met1,101.6600,285.6000,9.766e-07
met1,94.3000,258.4000,met1,96.8300,258.4000,6.819e-07
met1,94.7600,323.6800,met1,97.0600,323.6800,1.754e-06
met1,94.9900,193.1200,met1,100.2800,193.1200,1.928e-07
met1,94.9900,263.8400,met1,106.0300,263.8400,5.337e-07
met1,94.9900,340.0000,met1,104.1900,340.0000,2.449e-06
met1,94.9900,361.7600,met1,97.7500,361.7600,1.405e-06
met1,94.9900,383.5200,met1,97.5200,383.5200,2.103e-06
met1,94.9900,388.9600,met1,97.9800,388.9600,1.165e-06
met1,94.9900,394.4000,met1,97.7500,394.4000,9.400e-07
met1,94.9900,443.3600,met1,105.5700,443.3600,9.153e-07
met1,95.2200,29.9200,met1,101.6600,29.9200,6.051e-06
met1,95.2200,242.0800,met1,103.7300,242.0800,1.703e-06
met1,95.2200,345.4400,met1,97.7500,345.4400,2.885e-06
met1,95.4500,46.2400,met1,101.2000,46.2400,7.100e-06
met1,95.4500,62.5600,met1,98.9000,62.5600,5.440e-06
met1,95.4500,187.6800,met1,98.4400,187.6800,6.626e-07
met1,95.4500,225.7600,met1,106.9500,225.7600,2.467e-06
met1,95.4500,301.9200,met1,100.5100,301.9200,1.404e-06
met1,95.4500,356.3200,met1,100.9700,356.3200,2.727e-06
met1,95.4500,367.2000,met1,105.5700,367.2000,2.533e-06
met1,95.4500,405.2800,met1,104.6500,405.2800,1.622e-06
met1,95.6800,24.4800,met1,103.0400,24.4800,5.003e-06
met1,95.6800,318.2400,met1,101.2000,318.2400,2.287e-06
met1,95.6800,378.0800,met1,101.6600,378.0800,1.741e-06
met1,95.9100,220.3200,met1,103.7300,220.3200,1.708e-06
met1,95.9100,296.4800,met1,97.9800,296.4800,1.411e-06
met1,96.1400,165.9200,met1,103.7300,165.9200,1.013e-06
met1,96.1400,372.6400,met1,102.3500,372.6400,2.232e-06
met1,96.6000,19.0400,met1,104.1900,19.0400,5.454e-06
met1,96.6000,35.3600,met1,102.8100,35.3600,5.377e-06
met1,96.6000,127.8400,met1,100.5100,127.8400,1.010e-06
met1,96.6000,334.5600,met1,104.1900,334.5600,3.094e-06
met1,96.6000,410.7200,met1,102.3500,410.7200,1.303e-06
met1,96.8300,258.4000,met1,102.1200,258.4000,6.819e-07
met1,96.8300,350.8800,met1,98.9000,350.8800,1.641e-06
met1,97.0600,57.1200,met1,100.2800,57.1200,6.051e-06
met1,97.0600,204.0000,met1,104.6500,204.0000,1.593e-06
met1,97.0600,323.6800,met1,104.4200,323.6800,1.754e-06
met1,97.2900,40.8000,met1,106.9500,40.8000,5.244e-06
met1,97.2900,84.3200,met1,101.2000,84.3200,6.414e-06
met1,97.2900,291.0400,met1,105.1100,291.0400,1.409e-06
met1,97.2900,307.3600,met1,100.2800,307.3600,1.672e-06
met1,97.2900,432.4800,met1,100.5100,432.4800,9.318e-07
met1,97.5200,144.1600,met1,100.9700,144.1600,5.589e-07
met1,97.5200,160.4800,met1,104.4200,160.4800,8.957e-07
met1,97.5200,383.5200,met1,106.9500,383.5200,2.106e-06
met1,97.5200,416.1600,met1,100.5100,416.1600,1.101e-06
met1,97.7500,78.8800,met1,102.3500,78.8800,5.105e-06
met1,97.7500,209.4400,met1,104.1900,209.4400,7.145e-07
met1,97.7500,345.4400,met1,105.5700,345.4400,2.890e-06
met1,97.7500,361.7600,met1,99.8200,361.7600,1.407e-06
met1,97.7500,394.4000,met1,105.8000,394.4000,1.102e-06
met1,97.9800,247.5200,met1,105.1100,247.5200,9.205e-07
met1,97.9800,296.4800,met1,104.8800,296.4800,1.411e-06
met1,97.9800,388.9600,met1,101.2000,388.9600,1.168e-06
met1,97.9800,427.0400,met1,101.4300,427.0400,6.439e-07
met1,98.2100,182.2400,met1,105.3400,182.2400,1.372e-06
met1,98.4400,187.6800,met1,100.7400,187.6800,1.163e-06
met1,98.4400,421.6000,met1,106.9500,421.6000,1.236e-06
met1,98.4400,437.9200,met1,104.8800,437.9200,1.721e-06
met1,98.6700,149.6000,met1,105.3400,149.6000,3.547e-08
met1,98.9000,62.5600,met1,106.9500,62.5600,5.194e-06
met1,98.9000,198.5600,met1,105.3400,198.5600,1.370e-06
met1,98.9000,350.8800,met1,106.0300,350.8800,2.908e-06
met1,99.8200,73.4400,met1,106.0300,73.4400,4.164e-06
met1,99.8200,361.7600,met1,106.9500,361.7600,2.677e-06
met1,100.2800,57.1200,met1,104.6500,57.1200,3.897e-06
met1,100.2800,95.2000,met1,106.9500,95.2000,1.872e-06
met1,100.2800,100.6400,met1,104.4200,100.6400,2.688e-06
met1,100.2800,116.9600,met1,102.5800,116.9600,2.372e-06
met1,100.2800,176.8000,met1,106.9500,176.8000,9.206e-07
met1,100.2800,193.1200,met1,106.7200,193.1200,1.947e-06
met1,100.2800,274.7200,met1,102.1200,274.7200,9.852e-07
met1,100.2800,307.3600,met1,102.3500,307.3600,1.672e-06
met1,100.5100,127.8400,met1,103.2700,127.8400,7.421e-07
met1,100.5100,301.9200,met1,106.9500,301.9200,1.404e-06
met1,100.5100,416.1600,met1,103.0400,416.1600,1.210e-06
met1,100.5100,432.4800,met1,103.2700,432.4800,9.398e-07
met1,100.7400,187.6800,met1,105.5700,187.6800,1.410e-06
met1,100.7400,236.6400,met1,106.7200,236.6400,2.077e-06
met1,100.9700,144.1600,met1,106.9500,144.1600,2.906e-07
met1,100.9700,252.9600,met1,103.2700,252.9600,1.588e-06
met1,100.9700,356.3200,met1,106.9500,356.3200,2.729e-06
met1,101.2000,46.2400,met1,106.7200,46.2400,4.960e-06
met1,101.2000,84.3200,met1,106.9500,84.3200,4.239e-06
met1,101.2000,214.8800,met1,106.9500,214.8800,2.618e-06
met1,101.2000,318.2400,met1,103.7300,318.2400,2.287e-06
met1,101.2000,388.9600,met1,106.9500,388.9600,2.439e-06
met1,101.4300,138.7200,met1,106.9500,138.7200,6.474e-07
met1,101.4300,269.2800,met1,106.9500,269.2800,9.158e-07
met1,101.4300,427.0400,met1,103.9600,427.0400,1.767e-06
met1,101.6600,29.9200,met1,104.6500,29.9200,4.337e-06
met1,101.6600,285.6000,met1,103.7300,285.6000,9.766e-07
met1,101.6600,378.0800,met1,105.8000,378.0800,1.777e-06
met1,101.8900,231.2000,met1,106.9500,231.2000,3.580e-07
met1,102.1200,155.0400,met1,105.1100,155.0400,2.252e-07
met1,102.1200,258.4000,met1,103.9600,258.4000,7.427e-07
met1,102.1200,274.7200,met1,106.9500,274.7200,9.852e-07
met1,102.3500,78.8800,met1,106.9500,78.8800,5.088e-06
met1,102.3500,307.3600,met1,105.3400,307.3600,1.673e-06
met1,102.3500,372.6400,met1,104.8800,372.6400,2.237e-06
met1,102.3500,410.7200,met1,106.9500,410.7200,1.340e-06
met1,102.5800,116.9600,met1,106.9500,116.9600,1.603e-06
met1,102.8100,35.3600,met1,106.9500,35.3600,4.905e-06
met1,103.0400,24.4800,met1,106.9500,24.4800,4.006e-06
met1,103.0400,416.1600,met1,106.9500,416.1600,1.364e-06
met1,103.2700,68.0000,met1,105.3400,68.0000,6.212e-06
met1,103.2700,111.5200,met1,106.9500,111.5200,3.565e-07
met1,103.2700,127.8400,met1,106.9500,127.8400,7.251e-07
met1,103.2700,252.9600,met1,106.0300,252.9600,1.588e-06
met1,103.2700,432.4800,met1,106.9500,432.4800,9.406e-07
met1,103.5000,312.8000,met1,106.9500,312.8000,1.855e-06
met1,103.5000,399.8400,met1,105.3400,399.8400,1.679e-06
met1,103.7300,165.9200,met1,106.9500,165.9200,1.282e-06
met1,103.7300,171.3600,met1,106.4900,171.3600,3.388e-07
met1,103.7300,220.3200,met1,105.8000,220.3200,1.725e-06
met1,103.7300,242.0800,met1,106.9500,242.0800,1.971e-06
met1,103.7300,280.1600,met1,106.9500,280.1600,1.053e-06
met1,103.7300,285.6000,met1,106.9500,285.6000,9.766e-07
met1,103.7300,318.2400,met1,106.9500,318.2400,2.287e-06
met1,103.9600,258.4000,met1,105.8000,258.4000,7.428e-07
met1,103.9600,427.0400,met1,106.9500,427.0400,1.769e-06
met1,104.1900,19.0400,met1,106.2600,19.0400,5.186e-06
met1,104.1900,209.4400,met1,106.0300,209.4400,7.315e-07
met1,104.1900,334.5600,met1,106.9500,334.5600,3.127e-06
met1,104.1900,340.0000,met1,106.9500,340.0000,2.497e-06
met1,104.4200,100.6400,met1,106.9500,100.6400,2.433e-06
met1,104.4200,160.4800,met1,106.9500,160.4800,2.811e-06
met1,104.4200,323.6800,met1,106.7200,323.6800,1.754e-06
met1,104.6500,29.9200,met1,106.9500,29.9200,4.069e-06
met1,104.6500,57.1200,met1,106.7200,57.1200,3.628e-06
met1,104.6500,204.0000,met1,106.9500,204.0000,1.861e-06
met1,104.6500,405.2800,met1,106.9500,405.2800,1.627e-06
met1,104.8800,296.4800,met1,106.9500,296.4800,1.411e-06
met1,104.8800,372.6400,met1,106.7200,372.6400,2.241e-06
met1,104.8800,437.9200,met1,106.9500,437.9200,1.724e-06
met1,105.1100,155.0400,met1,106.9500,155.0400,4.935e-07
met1,105.1100,247.5200,met1,106.9500,247.5200,9.205e-07
met1,105.1100,291.0400,met1,106.9500,291.0400,1.409e-06
met1,105.3400,68.0000,met1,111.3200,68.0000,5.715e-06
met1,105.3400,149.6000,met1,112.7000,149.6000,2.226e-06
met1,105.3400,182.2400,met1,118.1200,182.2400,1.870e-06
met1,105.3400,198.5600,met1,109.2500,198.5600,1.871e-06
met1,105.3400,307.3600,met1,109.7100,307.3600,1.673e-06
met1,105.3400,399.8400,met1,107.4100,399.8400,1.679e-06
met1,105.5700,106.0800,met1,112.7000,106.0800,2.496e-06
met1,105.5700,187.6800,met1,108.3300,187.6800,1.427e-06
met1,105.5700,345.4400,met1,109.0200,345.4400,2.951e-06
met1,105.5700,367.2000,met1,112.7000,367.2000,2.536e-06
met1,105.5700,443.3600,met1,108.5600,443.3600,9.818e-07
met1,105.8000,220.3200,met1,113.3900,220.3200,3.138e-06
met1,105.8000,258.4000,met1,107.8700,258.4000,7.665e-07
met1,105.8000,378.0800,met1,108.1000,378.0800,1.779e-06
met1,105.8000,394.4000,met1,112.0100,394.4000,2.219e-06
met1,106.0300,73.4400,met1,108.1000,73.4400,3.972e-06
met1,106.0300,209.4400,met1,112.7000,209.4400,7.484e-07
met1,106.0300,252.9600,met1,108.1000,252.9600,1.612e-06
met1,106.0300,263.8400,met1,108.3300,263.8400,5.599e-07
met1,106.0300,329.1200,met1,108.3300,329.1200,2.237e-06
met1,106.0300,350.8800,met1,108.5600,350.8800,3.020e-06
met1,106.2600,19.0400,met1,109.2500,19.0400,3.770e-06
met1,106.4900,171.3600,met1,109.9400,171.3600,4.923e-07
met1,106.7200,46.2400,met1,109.2500,46.2400,3.545e-06
met1,106.7200,57.1200,met1,108.5600,57.1200,3.382e-06
met1,106.7200,193.1200,met1,117.7600,193.1200,2.201e-06
met1,106.7200,236.6400,met1,111.3200,236.6400,3.495e-06
met1,106.7200,323.6800,met1,116.6100,323.6800,2.862e-06
met1,106.7200,372.6400,met1,108.7900,372.6400,3.355e-06
met1,106.9500,13.6000,met1,110.4000,13.6000,6.294e-06
met1,106.9500,24.4800,met1,115.2300,24.4800,4.006e-06
met1,106.9500,29.9200,met1,113.6200,29.9200,4.069e-06
met1,106.9500,35.3600,met1,117.9900,35.3600,4.905e-06
met1,106.9500,40.8000,met1,115.0000,40.8000,5.244e-06
met1,106.9500,51.6800,met1,111.5500,51.6800,5.020e-06
met1,106.9500,62.5600,met1,115.6900,62.5600,3.054e-06
met1,106.9500,78.8800,met1,109.0200,78.8800,5.088e-06
met1,106.9500,84.3200,met1,109.0200,84.3200,4.239e-06
met1,106.9500,89.7600,met1,109.4800,89.7600,4.277e-06
met1,106.9500,95.2000,met1,118.1200,95.2000,1.872e-06
met1,106.9500,100.6400,met1,109.2500,100.6400,2.433e-06
met1,106.9500,111.5200,met1,117.7600,111.5200,3.565e-07
met1,106.9500,116.9600,met1,109.7100,116.9600,1.603e-06
met1,106.9500,122.4000,met1,113.3900,122.4000,1.334e-07
met1,106.9500,127.8400,met1,115.0000,127.8400,6.955e-07
met1,106.9500,133.2800,met1,116.3800,133.2800,2.210e-07
met1,106.9500,138.7200,met1,108.7900,138.7200,6.474e-07
met1,106.9500,144.1600,met1,110.6300,144.1600,2.906e-07
met1,106.9500,155.0400,met1,111.0900,155.0400,4.935e-07
met1,106.9500,160.4800,met1,113.3900,160.4800,2.811e-06
met1,106.9500,165.9200,met1,112.9300,165.9200,1.282e-06
met1,106.9500,176.8000,met1,115.6900,176.8000,3.059e-06
met1,106.9500,204.0000,met1,109.4800,204.0000,1.861e-06
met1,106.9500,214.8800,met1,109.0200,214.8800,2.618e-06
met1,106.9500,225.7600,met1,117.7600,225.7600,2.467e-06
met1,106.9500,231.2000,met1,115.2300,231.2000,2.515e-06
met1,106.9500,242.0800,met1,118.1200,242.0800,1.971e-06
met1,106.9500,247.5200,met1,113.1600,247.5200,9.205e-07
met1,106.9500,269.2800,met1,118.1200,269.2800,9.158e-07
met1,106.9500,274.7200,met1,112.7000,274.7200,9.852e-07
met1,106.9500,280.1600,met1,111.5500,280.1600,1.053e-06
met1,106.9500,285.6000,met1,112.7000,285.6000,9.766e-07
met1,106.9500,291.0400,met1,108.7900,291.0400,1.409e-06
met1,106.9500,296.4800,met1,114.0800,296.4800,1.411e-06
met1,106.9500,301.9200,met1,109.0200,301.9200,1.404e-06
met1,106.9500,312.8000,met1,118.1200,312.8000,1.855e-06
met1,106.9500,318.2400,met1,110.1700,318.2400,2.287e-06
met1,106.9500,334.5600,met1,108.7900,334.5600,3.127e-06
met1,106.9500,340.0000,met1,110.1700,340.0000,2.497e-06
met1,106.9500,356.3200,met1,118.1200,356.3200,2.729e-06
met1,106.9500,361.7600,met1,109.2500,361.7600,2.677e-06
met1,106.9500,383.5200,met1,110.8600,383.5200,2.106e-06
met1,106.9500,388.9600,met1,109.7100,388.9600,2.439e-06
met1,106.9500,405.2800,met1,116.1500,405.2800,2.895e-06
met1,106.9500,410.7200,met1,116.6100,410.7200,1.506e-06
met1,106.9500,416.1600,met1,108.7900,416.1600,1.473e-06
met1,106.9500,421.6000,met1,110.1700,421.6000,1.236e-06
met1,106.9500,427.0400,met1,110.8600,427.0400,1.769e-06
met1,106.9500,432.4800,met1,118.1200,432.4800,9.406e-07
met1,106.9500,437.9200,met1,115.0000,437.9200,1.730e-06
met1,106.9500,448.8000,met1,110.8600,448.8000,9.106e-07
met1,107.4100,399.8400,met1,109.2500,399.8400,1.683e-06
met1,107.8700,258.4000,met1,112.0100,258.4000,7.675e-07
met1,108.1000,73.4400,met1,111.0900,73.4400,3.810e-06
met1,108.1000,252.9600,met1,118.1200,252.9600,2.283e-06
met1,108.1000,378.0800,met1,118.1200,378.0800,1.784e-06
met1,108.3300,187.6800,met1,112.7000,187.6800,1.444e-06
met1,108.3300,263.8400,met1,112.0100,263.8400,5.601e-07
met1,108.3300,329.1200,met1,110.6300,329.1200,2.266e-06
met1,108.5600,57.1200,met1,116.3800,57.1200,2.882e-06
met1,108.5600,350.8800,met1,112.9300,350.8800,3.078e-06
met1,108.5600,443.3600,met1,111.0900,443.3600,9.887e-07
met1,108.7900,138.7200,met1,111.7800,138.7200,6.580e-07
met1,108.7900,291.0400,met1,112.0100,291.0400,1.409e-06
met1,108.7900,334.5600,met1,118.1200,334.5600,3.140e-06
met1,108.7900,372.6400,met1,114.3100,372.6400,3.362e-06
met1,108.7900,416.1600,met1,112.4700,416.1600,1.671e-06
met1,109.0200,78.8800,met1,116.8400,78.8800,2.948e-06
met1,109.0200,84.3200,met1,115.2300,84.3200,3.742e-06
met1,109.0200,214.8800,met1,118.1200,214.8800,4.757e-06
met1,109.0200,301.9200,met1,110.8600,301.9200,1.404e-06
met1,109.0200,345.4400,met1,111.5500,345.4400,2.990e-06
met1,109.2500,19.0400,met1,117.3000,19.0400,3.502e-06
met1,109.2500,46.2400,met1,112.4700,46.2400,3.277e-06
met1,109.2500,100.6400,met1,114.3100,100.6400,2.416e-06
met1,109.2500,198.5600,met1,117.5300,198.5600,3.553e-06
met1,109.2500,361.7600,met1,111.7800,361.7600,2.680e-06
met1,109.2500,399.8400,met1,111.0900,399.8400,1.685e-06
met1,109.4800,89.7600,met1,111.7800,89.7600,4.115e-06
met1,109.4800,204.0000,met1,118.1200,204.0000,4.011e-06
met1,109.7100,116.9600,met1,114.5400,116.9600,1.586e-06
met1,109.7100,307.3600,met1,112.4700,307.3600,1.673e-06
met1,109.7100,388.9600,met1,113.1600,388.9600,2.486e-06
met1,109.9400,171.3600,met1,112.7000,171.3600,6.543e-07
met1,110.1700,318.2400,met1,118.1200,318.2400,2.287e-06
met1,110.1700,340.0000,met1,112.0100,340.0000,2.511e-06
met1,110.1700,421.6000,met1,115.2300,421.6000,1.245e-06
met1,110.4000,13.6000,met1,118.1200,13.6000,4.877e-06
met1,110.6300,144.1600,met1,118.1200,144.1600,1.849e-06
met1,110.6300,329.1200,met1,117.7600,329.1200,2.266e-06
met1,110.8600,301.9200,met1,113.3900,301.9200,1.404e-06
met1,110.8600,383.5200,met1,112.7000,383.5200,3.224e-06
met1,110.8600,427.0400,met1,114.3100,427.0400,2.885e-06
met1,110.8600,448.8000,met1,118.1200,448.8000,2.030e-06
met1,111.0900,73.4400,met1,116.6100,73.4400,3.793e-06
met1,111.0900,155.0400,met1,118.1200,155.0400,6.858e-07
met1,111.0900,399.8400,met1,115.0000,399.8400,1.688e-06
met1,111.0900,443.3600,met1,118.1200,443.3600,9.900e-07
met1,111.3200,68.0000,met1,118.1200,68.0000,4.300e-06
met1,111.3200,236.6400,met1,118.1200,236.6400,3.993e-06
met1,111.5500,51.6800,met1,118.1200,51.6800,5.003e-06
met1,111.5500,280.1600,met1,113.6200,280.1600,1.053e-06
met1,111.5500,345.4400,met1,118.1200,345.4400,3.030e-06
met1,111.7800,89.7600,met1,117.7600,89.7600,2.701e-06
met1,111.7800,138.7200,met1,114.3100,138.7200,6.698e-07
met1,111.7800,361.7600,met1,113.8500,361.7600,2.680e-06
met1,112.0100,258.4000,met1,114.3100,258.4000,7.675e-07
met1,112.0100,263.8400,met1,118.1200,263.8400,1.670e-06
met1,112.0100,291.0400,met1,118.1200,291.0400,1.409e-06
met1,112.0100,340.0000,met1,116.6100,340.0000,2.529e-06
met1,112.0100,394.4000,met1,115.9200,394.4000,2.235e-06
met1,112.4700,46.2400,met1,118.1200,46.2400,3.260e-06
met1,112.4700,307.3600,met1,116.8400,307.3600,1.673e-06
met1,112.4700,416.1600,met1,115.0000,416.1600,1.678e-06
met1,112.7000,106.0800,met1,116.1500,106.0800,3.208e-07
met1,112.7000,149.6000,met1,115.4600,149.6000,2.724e-06
met1,112.7000,171.3600,met1,118.1200,171.3600,2.068e-06
met1,112.7000,187.6800,met1,115.0000,187.6800,3.617e-06
met1,112.7000,209.4400,met1,118.1200,209.4400,2.887e-06
met1,112.7000,274.7200,met1,115.2300,274.7200,9.852e-07
met1,112.7000,285.6000,met1,118.1200,285.6000,9.766e-07
met1,112.7000,367.2000,met1,114.5400,367.2000,2.536e-06
met1,112.7000,383.5200,met1,114.7700,383.5200,3.224e-06
met1,112.9300,165.9200,met1,118.1200,165.9200,1.299e-06
met1,112.9300,350.8800,met1,118.1200,350.8800,3.240e-06
met1,113.1600,247.5200,met1,118.1200,247.5200,2.299e-06
met1,113.1600,388.9600,met1,116.3800,388.9600,2.489e-06
met1,113.3900,122.4000,met1,118.1200,122.4000,8.234e-07
met1,113.3900,160.4800,met1,118.1200,160.4800,2.828e-06
met1,113.3900,220.3200,met1,118.1200,220.3200,3.906e-06
met1,113.3900,301.9200,met1,117.3000,301.9200,1.404e-06
met1,113.6200,29.9200,met1,118.1200,29.9200,2.654e-06
met1,113.6200,280.1600,met1,118.1200,280.1600,1.053e-06
met1,113.8500,361.7600,met1,115.6900,361.7600,2.684e-06
met1,114.0800,296.4800,met1,118.1200,296.4800,1.411e-06
met1,114.3100,100.6400,met1,116.3800,100.6400,1.749e-07
met1,114.3100,138.7200,met1,118.1200,138.7200,7.039e-07
met1,114.3100,258.4000,met1,118.1200,258.4000,7.675e-07
met1,114.3100,372.6400,met1,116.8400,372.6400,3.409e-06
met1,114.3100,427.0400,met1,117.3000,427.0400,2.891e-06
met1,114.5400,116.9600,met1,118.1200,116.9600,5.518e-07
met1,114.5400,367.2000,met1,118.1200,367.2000,2.540e-06
met1,114.7700,383.5200,met1,117.7600,383.5200,3.232e-06
met1,115.0000,40.8000,met1,118.1200,40.8000,3.104e-06
met1,115.0000,127.8400,met1,116.8400,127.8400,8.573e-07
met1,115.0000,187.6800,met1,118.1200,187.6800,5.755e-06
met1,115.0000,399.8400,met1,117.7600,399.8400,1.753e-06
met1,115.0000,416.1600,met1,118.1200,416.1600,2.949e-06
met1,115.0000,437.9200,met1,118.1200,437.9200,3.004e-06
met1,115.2300,24.4800,met1,118.1200,24.4800,3.989e-06
met1,115.2300,84.3200,met1,118.1200,84.3200,3.474e-06
met1,115.2300,231.2000,met1,118.1200,231.2000,2.532e-06
met1,115.2300,274.7200,met1,117.7600,274.7200,9.852e-07
met1,115.2300,421.6000,met1,118.1200,421.6000,1.249e-06
met1,115.4600,149.6000,met1,117.7600,149.6000,2.886e-06
met1,115.6900,62.5600,met1,118.1200,62.5600,2.786e-06
met1,115.6900,176.8000,met1,118.1200,176.8000,3.327e-06
met1,115.6900,361.7600,met1,118.1200,361.7600,2.686e-06
met1,115.9200,394.4000,met1,118.1200,394.4000,2.426e-06
met1,116.1500,106.0800,met1,118.1200,106.0800,1.284e-07
met1,116.1500,405.2800,met1,118.1200,405.2800,2.948e-06
met1,116.3800,57.1200,met1,118.1200,57.1200,7.274e-07
met1,116.3800,100.6400,met1,118.1200,100.6400,3.227e-07
met1,116.3800,133.2800,met1,118.1200,133.2800,2.562e-07
met1,116.3800,388.9600,met1,118.1200,388.9600,2.492e-06
met1,116.6100,73.4400,met1,120.7500,73.4400,1.262e-05
met1,116.6100,73.4400,met2,118.1200,73.4400,8.845e-06
met1,116.6100,323.6800,met1,118.9100,323.6800,1.973e-06
met1,116.6100,323.6800,met2,118.1200,323.6800,8.885e-07
met1,116.6100,340.0000,met1,120.0600,340.0000,3.644e-06
met1,116.6100,340.0000,met2,118.1200,340.0000,8.954e-09
met1,116.6100,410.7200,met1,119.6000,410.7200,8.337e-07
met1,116.6100,410.7200,met2,118.1200,410.7200,6.729e-07
met1,116.8400,78.8800,met1,120.7500,78.8800,9.116e-06
met1,116.8400,78.8800,met2,118.1200,78.8800,8.343e-06
met1,116.8400,127.8400,met1,120.7500,127.8400,3.411e-06
met1,116.8400,127.8400,met2,118.1200,127.8400,5.682e-06
met1,116.8400,307.3600,met1,120.7500,307.3600,2.113e-06
met1,116.8400,307.3600,met2,118.1200,307.3600,6.698e-07
met1,116.8400,372.6400,met1,120.7500,372.6400,1.926e-06
met1,116.8400,372.6400,met2,118.1200,372.6400,2.600e-06
met1,117.3000,19.0400,met1,120.7500,19.0400,1.332e-05
met1,117.3000,19.0400,met2,118.1200,19.0400,1.124e-05
met1,117.3000,301.9200,met1,120.7500,301.9200,3.253e-07
met1,117.3000,301.9200,met2,118.1200,301.9200,1.079e-06
met1,117.3000,427.0400,met1,120.7500,427.0400,5.508e-07
met1,117.3000,427.0400,met2,118.1200,427.0400,3.449e-06
met1,117.5300,198.5600,met1,120.7500,198.5600,1.605e-06
met1,117.5300,198.5600,met2,118.1200,198.5600,5.175e-06
met1,117.7600,89.7600,met1,120.7500,89.7600,9.143e-06
met1,117.7600,89.7600,met2,118.1200,89.7600,7.864e-06
met1,117.7600,111.5200,met1,120.7500,111.5200,6.736e-06
met1,117.7600,111.5200,met2,118.1200,111.5200,7.956e-06
met1,117.7600,149.6000,met1,120.7500,149.6000,1.674e-06
met1,117.7600,149.6000,met2,118.1200,149.6000,6.241e-06
met1,117.7600,193.1200,met1,120.7500,193.1200,2.188e-06
met1,117.7600,193.1200,met2,118.1200,193.1200,4.905e-06
met1,117.7600,225.7600,met1,120.7500,225.7600,2.314e-07
met1,117.7600,225.7600,met2,118.1200,225.7600,3.541e-06
met1,117.7600,274.7200,met1,120.7500,274.7200,4.187e-07
met1,117.7600,274.7200,met2,118.1200,274.7200,5.665e-07
met1,117.7600,329.1200,met1,120.7500,329.1200,3.630e-06
met1,117.7600,329.1200,met2,118.1200,329.1200,9.659e-08
met1,117.7600,383.5200,met1,120.7500,383.5200,2.429e-06
met1,117.7600,383.5200,met2,118.1200,383.5200,8.067e-07
met1,117.7600,399.8400,met1,120.7500,399.8400,1.087e-07
met1,117.7600,399.8400,met2,118.1200,399.8400,1.646e-06
met1,117.9900,35.3600,met1,120.7500,35.3600,1.388e-05
met1,117.9900,35.3600,met2,118.1200,35.3600,8.988e-06
met1,118.1200,13.6000,met1,120.7500,13.6000,1.090e-05
met1,118.1200,13.6000,met2,118.1200,13.6000,6.043e-06
met1,118.1200,24.4800,met1,120.7500,24.4800,1.081e-05
met1,118.1200,24.4800,met2,118.1200,24.4800,6.822e-06
met1,118.1200,29.9200,met1,120.7500,29.9200,1.081e-05
met1,118.1200,29.9200,met2,118.1200,29.9200,1.030e-05
met1,118.1200,40.8000,met1,120.7500,40.8000,1.118e-05
met1,118.1200,40.8000,met2,118.1200,40.8000,8.081e-06
met1,118.1200,46.2400,met1,120.7500,46.2400,1.180e-05
met1,118.1200,46.2400,met2,118.1200,46.2400,8.807e-06
met1,118.1200,51.6800,met1,120.7500,51.6800,1.002e-05
met1,118.1200,51.6800,met2,118.1200,51.6800,5.314e-06
met1,118.1200,57.1200,met1,120.7500,57.1200,9.238e-06
met1,118.1200,57.1200,met2,118.1200,57.1200,8.510e-06
met1,118.1200,62.5600,met1,120.2900,62.5600,1.151e-05
met1,118.1200,62.5600,met2,118.1200,62.5600,8.728e-06
met1,118.1200,68.0000,met1,120.7500,68.0000,1.043e-05
met1,118.1200,68.0000,met2,118.1200,68.0000,7.557e-06
met1,118.1200,84.3200,met1,120.7500,84.3200,1.030e-05
met1,118.1200,84.3200,met2,118.1200,84.3200,6.821e-06
met1,118.1200,95.2000,met1,120.7500,95.2000,7.530e-06
met1,118.1200,95.2000,met2,118.1200,95.2000,5.658e-06
met1,118.1200,100.6400,met1,120.7500,100.6400,8.227e-06
met1,118.1200,100.6400,met2,118.1200,100.6400,8.550e-06
met1,118.1200,106.0800,met1,120.7500,106.0800,5.269e-06
met1,118.1200,106.0800,met2,118.1200,106.0800,5.140e-06
met1,118.1200,116.9600,met1,120.7500,116.9600,3.416e-06
met1,118.1200,116.9600,met2,118.1200,116.9600,3.968e-06
met1,118.1200,122.4000,met1,120.7500,122.4000,4.870e-06
met1,118.1200,122.4000,met2,118.1200,122.4000,5.962e-06
met1,118.1200,133.2800,met1,120.7500,133.2800,2.348e-06
met1,118.1200,133.2800,met2,118.1200,133.2800,2.605e-06
met1,118.1200,138.7200,met1,119.8300,138.7200,4.730e-06
met1,118.1200,138.7200,met2,118.1200,138.7200,5.433e-06
met1,118.1200,144.1600,met1,120.7500,144.1600,3.004e-06
met1,118.1200,144.1600,met2,118.1200,144.1600,4.853e-06
met1,118.1200,155.0400,met1,120.7500,155.0400,2.673e-06
met1,118.1200,155.0400,met2,118.1200,155.0400,3.359e-06
met1,118.1200,160.4800,met1,120.0600,160.4800,1.868e-06
met1,118.1200,160.4800,met2,118.1200,160.4800,4.696e-06
met1,118.1200,165.9200,met1,120.7500,165.9200,1.401e-06
met1,118.1200,165.9200,met2,118.1200,165.9200,4.841e-06
met1,118.1200,171.3600,met1,120.7500,171.3600,1.303e-06
met1,118.1200,171.3600,met2,118.1200,171.3600,3.371e-06
met1,118.1200,176.8000,met1,120.7500,176.8000,1.287e-06
met1,118.1200,176.8000,met2,118.1200,176.8000,6.035e-06
met1,118.1200,182.2400,met1,120.7500,182.2400,1.913e-06
met1,118.1200,182.2400,met2,118.1200,182.2400,3.976e-06
met1,118.1200,187.6800,met1,120.7500,187.6800,1.210e-06
met1,118.1200,187.6800,met2,118.1200,187.6800,6.965e-06
met1,118.1200,204.0000,met1,120.7500,204.0000,7.538e-09
met1,118.1200,204.0000,met2,118.1200,204.0000,4.287e-06
met1,118.1200,209.4400,met1,120.7500,209.4400,1.627e-06
met1,118.1200,209.4400,met2,118.1200,209.4400,4.514e-06
met1,118.1200,214.8800,met1,120.7500,214.8800,9.346e-07
met1,118.1200,214.8800,met2,118.1200,214.8800,4.575e-06
met1,118.1200,220.3200,met1,120.7500,220.3200,1.731e-06
met1,118.1200,220.3200,met2,118.1200,220.3200,5.637e-06
met1,118.1200,231.2000,met1,120.7500,231.2000,2.375e-06
met1,118.1200,231.2000,met2,118.1200,231.2000,4.924e-06
met1,118.1200,236.6400,met1,120.7500,236.6400,3.139e-07
met1,118.1200,236.6400,met2,118.1200,236.6400,6.712e-06
met1,118.1200,242.0800,met1,120.7500,242.0800,4.867e-07
met1,118.1200,242.0800,met2,118.1200,242.0800,2.902e-06
met1,118.1200,247.5200,met1,120.7500,247.5200,5.491e-07
met1,118.1200,247.5200,met2,118.1200,247.5200,2.848e-06
met1,118.1200,252.9600,met1,120.5200,252.9600,2.299e-07
met1,118.1200,252.9600,met2,118.1200,252.9600,2.053e-06
met1,118.1200,258.4000,met1,120.7500,258.4000,3.917e-07
met1,118.1200,258.4000,met2,118.1200,258.4000,1.159e-06
met1,118.1200,263.8400,met1,120.7500,263.8400,2.091e-07
met1,118.1200,263.8400,met2,118.1200,263.8400,1.461e-06
met1,118.1200,269.2800,met1,120.7500,269.2800,2.740e-07
met1,118.1200,269.2800,met2,118.1200,269.2800,6.417e-07
met1,118.1200,280.1600,met1,120.7500,280.1600,3.767e-07
met1,118.1200,280.1600,met2,118.1200,280.1600,6.760e-07
met1,118.1200,285.6000,met1,120.7500,285.6000,4.035e-07
met1,118.1200,285.6000,met2,118.1200,285.6000,1.380e-06
met1,118.1200,291.0400,met1,120.7500,291.0400,1.508e-06
met1,118.1200,291.0400,met2,118.1200,291.0400,9.871e-08
met1,118.1200,296.4800,met1,120.7500,296.4800,8.436e-07
met1,118.1200,296.4800,met2,118.1200,296.4800,5.669e-07
met1,118.1200,312.8000,met1,120.7500,312.8000,1.424e-06
met1,118.1200,312.8000,met2,118.1200,312.8000,4.301e-07
met1,118.1200,318.2400,met1,120.7500,318.2400,3.201e-06
met1,118.1200,318.2400,met2,118.1200,318.2400,9.135e-07
met1,118.1200,334.5600,met1,120.7500,334.5600,3.017e-06
met1,118.1200,334.5600,met2,118.1200,334.5600,1.297e-07
met1,118.1200,345.4400,met1,120.7500,345.4400,2.915e-06
met1,118.1200,345.4400,met2,118.1200,345.4400,1.602e-07
met1,118.1200,350.8800,met1,120.7500,350.8800,2.087e-06
met1,118.1200,350.8800,met2,118.1200,350.8800,1.153e-06
met1,118.1200,356.3200,met1,120.7500,356.3200,2.960e-06
met1,118.1200,356.3200,met2,118.1200,356.3200,2.314e-07
met1,118.1200,361.7600,met1,120.7500,361.7600,1.666e-06
met1,118.1200,361.7600,met2,118.1200,361.7600,2.293e-06
met1,118.1200,367.2000,met1,120.7500,367.2000,2.908e-06
met1,118.1200,367.2000,met2,118.1200,367.2000,3.683e-07
met1,118.1200,378.0800,met1,120.7500,378.0800,2.479e-07
met1,118.1200,378.0800,met2,118.1200,378.0800,1.536e-06
met1,118.1200,388.9600,met1,120.7500,388.9600,3.472e-07
met1,118.1200,388.9600,met2,118.1200,388.9600,2.145e-06
met1,118.1200,394.4000,met1,120.7500,394.4000,1.734e-06
met1,118.1200,394.4000,met2,118.1200,394.4000,7.036e-07
met1,118.1200,405.2800,met1,120.7500,405.2800,1.120e-06
met1,118.1200,405.2800,met2,118.1200,405.2800,1.923e-06
met1,118.1200,416.1600,met1,120.7500,416.1600,3.439e-08
met1,118.1200,416.1600,met2,118.1200,416.1600,3.013e-06
met1,118.1200,421.6000,met1,120.7500,421.6000,8.115e-07
met1,118.1200,421.6000,met2,118.1200,421.6000,4.408e-07
met1,118.1200,432.4800,met1,120.7500,432.4800,2.620e-07
met1,118.1200,432.4800,met2,118.1200,432.4800,1.203e-06
met1,118.1200,437.9200,met1,120.7500,437.9200,6.690e-07
met1,118.1200,437.9200,met2,118.1200,437.9200,2.335e-06
met1,118.1200,443.3600,met1,120.2900,443.3600,5.721e-07
met1,118.1200,443.3600,met2,118.1200,443.3600,1.563e-06
met1,118.1200,448.8000,met1,119.8300,448.8000,2.687e-07
met1,118.1200,448.8000,met2,118.1200,448.8000,2.299e-06
met1,118.9100,323.6800,met1,120.7500,323.6800,1.990e-06
met1,119.6000,410.7200,met1,125.8100,410.7200,8.904e-07
met1,119.8300,138.7200,met1,123.5100,138.7200,4.713e-06
met1,119.8300,448.8000,met1,134.5500,448.8000,8.428e-07
met1,120.0600,160.4800,met1,128.8000,160.4800,2.707e-07
met1,120.0600,340.0000,met1,122.8200,340.0000,3.648e-06
met1,120.2900,62.5600,met1,126.2700,62.5600,1.150e-05
met1,120.2900,443.3600,met1,122.3600,443.3600,5.717e-07
met1,120.5200,252.9600,met1,134.5500,252.9600,1.340e-06
met1,120.7500,13.6000,met1,123.9700,13.6000,1.090e-05
met1,120.7500,19.0400,met1,126.5000,19.0400,1.332e-05
met1,120.7500,24.4800,met1,122.5900,24.4800,1.081e-05
met1,120.7500,29.9200,met1,127.8800,29.9200,1.081e-05
met1,120.7500,35.3600,met1,123.2800,35.3600,1.388e-05
met1,120.7500,40.8000,met1,134.5500,40.8000,1.118e-05
met1,120.7500,46.2400,met1,129.0300,46.2400,1.038e-05
met1,120.7500,51.6800,met1,123.0500,51.6800,9.519e-06
met1,120.7500,57.1200,met1,133.6300,57.1200,9.238e-06
met1,120.7500,68.0000,met1,131.5600,68.0000,1.043e-05
met1,120.7500,73.4400,met1,123.2800,73.4400,1.262e-05
met1,120.7500,78.8800,met1,124.2000,78.8800,9.116e-06
met1,120.7500,84.3200,met1,123.0500,84.3200,1.030e-05
met1,120.7500,89.7600,met1,125.8100,89.7600,9.143e-06
met1,120.7500,95.2000,met1,122.5900,95.2000,7.530e-06
met1,120.7500,100.6400,met1,123.0500,100.6400,8.227e-06
met1,120.7500,106.0800,met1,133.6300,106.0800,5.269e-06
met1,120.7500,111.5200,met1,125.3500,111.5200,6.736e-06
met1,120.7500,116.9600,met1,125.8100,116.9600,3.416e-06
met1,120.7500,122.4000,met1,132.4800,122.4000,3.452e-06
met1,120.7500,127.8400,met1,130.1800,127.8400,3.411e-06
met1,120.7500,133.2800,met1,132.2500,133.2800,2.348e-06
met1,120.7500,144.1600,met1,134.0900,144.1600,1.585e-06
met1,120.7500,149.6000,met1,132.4800,149.6000,1.674e-06
met1,120.7500,155.0400,met1,123.0500,155.0400,2.673e-06
met1,120.7500,165.9200,met1,129.9500,165.9200,1.401e-06
met1,120.7500,171.3600,met1,126.5000,171.3600,1.303e-06
met1,120.7500,176.8000,met1,126.5000,176.8000,1.287e-06
met1,120.7500,182.2400,met1,132.4800,182.2400,1.752e-06
met1,120.7500,187.6800,met1,124.6600,187.6800,1.210e-06
met1,120.7500,193.1200,met1,126.5000,193.1200,2.188e-06
met1,120.7500,198.5600,met1,124.2000,198.5600,1.605e-06
met1,120.7500,204.0000,met1,132.2500,204.0000,7.538e-09
met1,120.7500,209.4400,met1,123.0500,209.4400,2.135e-07
met1,120.7500,214.8800,met1,123.9700,214.8800,9.346e-07
met1,120.7500,220.3200,met1,126.5000,220.3200,3.172e-07
met1,120.7500,225.7600,met1,134.5500,225.7600,2.314e-07
met1,120.7500,231.2000,met1,123.7400,231.2000,2.375e-06
met1,120.7500,236.6400,met1,125.1200,236.6400,3.139e-07
met1,120.7500,242.0800,met1,123.5100,242.0800,4.867e-07
met1,120.7500,247.5200,met1,126.5000,247.5200,5.491e-07
met1,120.7500,258.4000,met1,123.0500,258.4000,7.182e-07
met1,120.7500,263.8400,met1,126.2700,263.8400,1.324e-06
met1,120.7500,269.2800,met1,126.0400,269.2800,2.740e-07
met1,120.7500,274.7200,met1,124.6600,274.7200,4.187e-07
met1,120.7500,280.1600,met1,130.6400,280.1600,3.767e-07
met1,120.7500,285.6000,met1,126.0400,285.6000,4.035e-07
met1,120.7500,291.0400,met1,130.6400,291.0400,1.508e-06
met1,120.7500,296.4800,met1,130.6400,296.4800,8.436e-07
met1,120.7500,301.9200,met1,127.8800,301.9200,3.253e-07
met1,120.7500,307.3600,met1,122.5900,307.3600,2.113e-06
met1,120.7500,312.8000,met1,122.8200,312.8000,2.534e-06
met1,120.7500,318.2400,met1,131.3300,318.2400,3.206e-06
met1,120.7500,323.6800,met1,122.8200,323.6800,3.100e-06
met1,120.7500,329.1200,met1,123.9700,329.1200,3.630e-06
met1,120.7500,334.5600,met1,122.5900,334.5600,3.044e-06
met1,120.7500,345.4400,met1,125.3500,345.4400,2.915e-06
met1,120.7500,350.8800,met1,123.0500,350.8800,3.352e-06
met1,120.7500,356.3200,met1,125.3500,356.3200,2.960e-06
met1,120.7500,361.7600,met1,126.5000,361.7600,1.670e-06
met1,120.7500,367.2000,met1,124.8900,367.2000,2.908e-06
met1,120.7500,372.6400,met1,130.1800,372.6400,1.926e-06
met1,120.7500,378.0800,met1,129.9500,378.0800,1.519e-06
met1,120.7500,383.5200,met1,126.5000,383.5200,2.429e-06
met1,120.7500,388.9600,met1,123.0500,388.9600,3.472e-07
met1,120.7500,394.4000,met1,134.5500,394.4000,1.734e-06
met1,120.7500,399.8400,met1,123.5100,399.8400,1.087e-07
met1,120.7500,405.2800,met1,126.0400,405.2800,1.120e-06
met1,120.7500,416.1600,met1,126.0400,416.1600,1.555e-07
met1,120.7500,421.6000,met1,132.7100,421.6000,8.115e-07
met1,120.7500,427.0400,met1,131.1000,427.0400,5.508e-07
met1,120.7500,432.4800,met1,133.4000,432.4800,1.003e-06
met1,120.7500,437.9200,met1,123.0500,437.9200,6.694e-07
met1,122.3600,443.3600,met1,127.6500,443.3600,5.716e-07
met1,122.5900,24.4800,met1,126.5000,24.4800,1.054e-05
met1,122.5900,95.2000,met1,132.4800,95.2000,7.513e-06
met1,122.5900,307.3600,met1,128.1100,307.3600,2.125e-06
met1,122.5900,334.5600,met1,130.4100,334.5600,3.050e-06
met1,122.8200,312.8000,met1,126.2700,312.8000,2.541e-06
met1,122.8200,323.6800,met1,128.5700,323.6800,3.111e-06
met1,122.8200,340.0000,met1,130.6400,340.0000,3.650e-06
met1,123.0500,51.6800,met1,128.1100,51.6800,9.250e-06
met1,123.0500,84.3200,met1,131.5600,84.3200,1.010e-05
met1,123.0500,100.6400,met1,127.1900,100.6400,6.539e-06
met1,123.0500,155.0400,met1,127.1900,155.0400,2.656e-06
met1,123.0500,209.4400,met1,134.5500,209.4400,5.474e-08
met1,123.0500,258.4000,met1,130.6400,258.4000,7.182e-07
met1,123.0500,350.8800,met1,132.7100,350.8800,3.354e-06
met1,123.0500,388.9600,met1,127.1900,388.9600,3.549e-07
met1,123.0500,437.9200,met1,126.7300,437.9200,6.694e-07
met1,123.2800,35.3600,met1,129.7200,35.3600,1.174e-05
met1,123.2800,73.4400,met1,132.9400,73.4400,9.984e-06
met1,123.5100,138.7200,met1,126.5000,138.7200,4.696e-06
met1,123.5100,242.0800,met1,131.3300,242.0800,7.549e-07
met1,123.5100,399.8400,met1,127.4200,399.8400,1.126e-07
met1,123.7400,231.2000,met1,134.5500,231.2000,2.370e-07
met1,123.9700,13.6000,met1,134.5500,13.6000,1.089e-05
met1,123.9700,214.8800,met1,132.2500,214.8800,1.203e-06
met1,123.9700,329.1200,met1,134.5500,329.1200,3.676e-06
met1,124.2000,78.8800,met1,126.5000,78.8800,8.954e-06
met1,124.2000,198.5600,met1,132.2500,198.5600,5.463e-07
met1,124.6600,187.6800,met1,128.1100,187.6800,2.040e-07
met1,124.6600,274.7200,met1,134.5500,274.7200,1.528e-06
met1,124.8900,367.2000,met1,127.8800,367.2000,2.909e-06
met1,125.1200,236.6400,met1,129.9500,236.6400,1.852e-07
met1,125.3500,111.5200,met1,128.8000,111.5200,6.719e-06
met1,125.3500,345.4400,met1,130.1800,345.4400,2.936e-06
met1,125.3500,356.3200,met1,134.5500,356.3200,2.963e-06
met1,125.8100,89.7600,met1,127.8800,89.7600,9.126e-06
met1,125.8100,116.9600,met1,134.5500,116.9600,3.399e-06
met1,125.8100,410.7200,met1,129.4900,410.7200,1.115e-06
met1,126.0400,269.2800,met1,130.6400,269.2800,3.348e-07
met1,126.0400,285.6000,met1,130.6400,285.6000,7.063e-07
met1,126.0400,405.2800,met1,128.1100,405.2800,1.120e-06
met1,126.0400,416.1600,met1,128.8000,416.1600,3.439e-07
met1,126.2700,62.5600,met1,134.5500,62.5600,9.337e-06
met1,126.2700,263.8400,met1,128.1100,263.8400,1.324e-06
met1,126.2700,312.8000,met1,129.2600,312.8000,2.559e-06
met1,126.5000,19.0400,met1,128.8000,19.0400,1.118e-05
met1,126.5000,24.4800,met1,134.5500,24.4800,9.127e-06
met1,126.5000,78.8800,met1,129.9500,78.8800,7.540e-06
met1,126.5000,138.7200,met1,130.1800,138.7200,2.556e-06
met1,126.5000,171.3600,met1,134.5500,171.3600,3.793e-07
met1,126.5000,176.8000,met1,133.1700,176.8000,1.272e-07
met1,126.5000,193.1200,met1,133.4000,193.1200,4.867e-08
met1,126.5000,220.3200,met1,133.1700,220.3200,1.099e-06
met1,126.5000,247.5200,met1,134.5500,247.5200,8.760e-07
met1,126.5000,361.7600,met1,133.6300,361.7600,2.778e-06
met1,126.5000,383.5200,met1,128.3400,383.5200,2.433e-06
met1,126.7300,437.9200,met1,129.4900,437.9200,6.697e-07
met1,127.1900,100.6400,met1,132.7100,100.6400,6.522e-06
met1,127.1900,155.0400,met1,129.7200,155.0400,2.639e-06
met1,127.1900,388.9600,met1,129.9500,388.9600,1.474e-06
met1,127.4200,399.8400,met1,129.9500,399.8400,1.220e-06
met1,127.6500,443.3600,met1,129.7200,443.3600,5.677e-07
met1,127.8800,29.9200,met1,133.1700,29.9200,1.031e-05
met1,127.8800,89.7600,met1,134.5500,89.7600,6.972e-06
met1,127.8800,301.9200,met1,134.5500,301.9200,2.545e-06
met1,127.8800,367.2000,met1,132.7100,367.2000,2.909e-06
met1,128.1100,51.6800,met1,134.5500,51.6800,9.234e-06
met1,128.1100,187.6800,met1,133.1700,187.6800,4.722e-07
met1,128.1100,263.8400,met1,129.9500,263.8400,1.325e-06
met1,128.1100,307.3600,met1,134.5500,307.3600,2.126e-06
met1,128.1100,405.2800,met1,134.5500,405.2800,1.121e-06
met1,128.3400,383.5200,met1,134.5500,383.5200,2.438e-06
met1,128.5700,323.6800,met1,131.5600,323.6800,3.130e-06
met1,128.8000,19.0400,met1,134.5500,19.0400,9.041e-06
met1,128.8000,111.5200,met1,132.0200,111.5200,4.565e-06
met1,128.8000,160.4800,met1,134.5500,160.4800,7.692e-07
met1,128.8000,416.1600,met1,134.5500,416.1600,1.614e-06
met1,129.0300,46.2400,met1,133.4000,46.2400,1.037e-05
met1,129.2600,312.8000,met1,133.8600,312.8000,2.564e-06
met1,129.4900,410.7200,met1,134.5500,410.7200,1.124e-06
met1,129.4900,437.9200,met1,132.2500,437.9200,6.697e-07
met1,129.7200,35.3600,met1,134.5500,35.3600,1.005e-05
met1,129.7200,155.0400,met1,134.5500,155.0400,4.984e-07
met1,129.7200,443.3600,met1,134.5500,443.3600,5.400e-07
met1,129.9500,78.8800,met1,134.5500,78.8800,7.272e-06
met1,129.9500,165.9200,met1,132.9400,165.9200,1.133e-06
met1,129.9500,236.6400,met1,134.5500,236.6400,2.191e-07
met1,129.9500,263.8400,met1,132.0200,263.8400,1.325e-06
met1,129.9500,378.0800,met1,132.7100,378.0800,1.520e-06
met1,129.9500,388.9600,met1,131.7900,388.9600,1.475e-06
met1,129.9500,399.8400,met1,132.2500,399.8400,1.220e-06
met1,130.1800,127.8400,met1,134.5500,127.8400,1.998e-06
met1,130.1800,138.7200,met1,134.5500,138.7200,4.081e-07
met1,130.1800,345.4400,met1,134.5500,345.4400,2.989e-06
met1,130.1800,372.6400,met1,132.9400,372.6400,3.194e-06
met1,130.4100,334.5600,met1,133.6300,334.5600,3.132e-06
met1,130.6400,258.4000,met1,134.5500,258.4000,1.828e-06
met1,130.6400,269.2800,met1,134.5500,269.2800,1.445e-06
met1,130.6400,280.1600,met1,134.5500,280.1600,2.596e-06
met1,130.6400,285.6000,met1,133.4000,285.6000,1.816e-06
met1,130.6400,291.0400,met1,134.5500,291.0400,2.618e-06
met1,130.6400,296.4800,met1,134.3200,296.4800,1.953e-06
met1,130.6400,340.0000,met1,133.6300,340.0000,3.698e-06
met1,131.1000,427.0400,met1,134.5500,427.0400,7.159e-07
met1,131.3300,242.0800,met1,134.5500,242.0800,1.023e-06
met1,131.3300,318.2400,met1,134.5500,318.2400,3.224e-06
met1,131.5600,68.0000,met1,134.5500,68.0000,8.295e-06
met1,131.5600,84.3200,met1,134.5500,84.3200,7.963e-06
met1,131.5600,323.6800,met1,134.5500,323.6800,3.144e-06
met1,131.7900,388.9600,met1,134.5500,388.9600,1.476e-06
met1,132.0200,111.5200,met1,134.5500,111.5200,2.425e-06
met1,132.0200,263.8400,met1,134.5500,263.8400,1.926e-06
met1,132.2500,133.2800,met1,134.5500,133.2800,2.080e-06
met1,132.2500,198.5600,met1,134.5500,198.5600,2.228e-06
met1,132.2500,204.0000,met1,134.5500,204.0000,1.675e-06
met1,132.2500,214.8800,met1,134.5500,214.8800,1.220e-06
met1,132.2500,399.8400,met1,134.5500,399.8400,1.221e-06
met1,132.2500,437.9200,met1,134.5500,437.9200,6.703e-07
met1,132.4800,95.2000,met1,134.5500,95.2000,5.339e-06
met1,132.4800,122.4000,met1,134.5500,122.4000,2.038e-06
met1,132.4800,149.6000,met1,134.5500,149.6000,4.640e-07
met1,132.4800,182.2400,met1,134.5500,182.2400,3.329e-07
met1,132.7100,100.6400,met1,134.5500,100.6400,6.505e-06
met1,132.7100,350.8800,met1,134.5500,350.8800,3.549e-06
met1,132.7100,367.2000,met1,134.5500,367.2000,2.910e-06
met1,132.7100,378.0800,met1,134.5500,378.0800,1.520e-06
met1,132.7100,421.6000,met1,134.5500,421.6000,8.584e-07
met1,132.9400,73.4400,met1,137.7700,73.4400,8.565e-06
met1,132.9400,165.9200,met1,141.6800,165.9200,2.813e-07
met1,132.9400,372.6400,met1,135.4700,372.6400,3.194e-06
met1,133.1700,29.9200,met1,136.6200,29.9200,1.028e-05
met1,133.1700,176.8000,met1,136.8500,176.8000,1.442e-07
met1,133.1700,187.6800,met1,139.8400,187.6800,4.891e-07
met1,133.1700,220.3200,met1,140.3000,220.3200,1.116e-06
met1,133.4000,46.2400,met1,139.8400,46.2400,8.225e-06
met1,133.4000,193.1200,met1,139.1500,193.1200,4.504e-07
met1,133.4000,285.6000,met1,142.6000,285.6000,2.926e-06
met1,133.4000,432.4800,met1,141.4500,432.4800,1.003e-06
met1,133.6300,57.1200,met1,141.6800,57.1200,8.970e-06
met1,133.6300,106.0800,met1,141.2200,106.0800,5.077e-06
met1,133.6300,334.5600,met1,135.7000,334.5600,3.132e-06
met1,133.6300,340.0000,met1,135.4700,340.0000,3.699e-06
met1,133.6300,361.7600,met1,135.4700,361.7600,2.782e-06
met1,133.8600,312.8000,met1,136.3900,312.8000,3.673e-06
met1,134.0900,144.1600,met1,140.3000,144.1600,1.568e-06
met1,134.3200,296.4800,met1,140.3000,296.4800,3.063e-06
met1,134.5500,13.6000,met1,144.4400,13.6000,9.471e-06
met1,134.5500,19.0400,met1,136.8500,19.0400,8.773e-06
met1,134.5500,24.4800,met1,145.1300,24.4800,8.630e-06
met1,134.5500,35.3600,met1,140.3000,35.3600,1.005e-05
met1,134.5500,40.8000,met1,145.3600,40.8000,9.035e-06
met1,134.5500,51.6800,met1,144.4400,51.6800,9.234e-06
met1,134.5500,62.5600,met1,137.5400,62.5600,7.922e-06
met1,134.5500,68.0000,met1,139.8400,68.0000,8.295e-06
met1,134.5500,78.8800,met1,139.6100,78.8800,7.272e-06
met1,134.5500,84.3200,met1,138.6900,84.3200,7.963e-06
met1,134.5500,89.7600,met1,137.7700,89.7600,6.972e-06
met1,134.5500,95.2000,met1,138.4600,95.2000,5.339e-06
met1,134.5500,100.6400,met1,137.5400,100.6400,6.505e-06
met1,134.5500,111.5200,met1,138.9200,111.5200,2.425e-06
met1,134.5500,116.9600,met1,144.2100,116.9600,3.399e-06
met1,134.5500,122.4000,met1,136.8500,122.4000,2.038e-06
met1,134.5500,127.8400,met1,140.9900,127.8400,1.998e-06
met1,134.5500,133.2800,met1,148.3500,133.2800,6.665e-07
met1,134.5500,138.7200,met1,137.0800,138.7200,4.081e-07
met1,134.5500,149.6000,met1,140.5300,149.6000,4.640e-07
met1,134.5500,155.0400,met1,137.0800,155.0400,4.899e-07
met1,134.5500,160.4800,met1,137.7700,160.4800,7.692e-07
met1,134.5500,171.3600,met1,146.0500,171.3600,3.793e-07
met1,134.5500,182.2400,met1,140.3000,182.2400,3.329e-07
met1,134.5500,198.5600,met1,148.3500,198.5600,2.492e-06
met1,134.5500,204.0000,met1,144.6700,204.0000,1.675e-06
met1,134.5500,209.4400,met1,137.0800,209.4400,5.474e-08
met1,134.5500,214.8800,met1,147.4300,214.8800,1.220e-06
met1,134.5500,225.7600,met1,141.9100,225.7600,2.370e-06
met1,134.5500,231.2000,met1,140.3000,231.2000,1.917e-06
met1,134.5500,236.6400,met1,136.6200,236.6400,2.191e-07
met1,134.5500,242.0800,met1,141.6800,242.0800,1.023e-06
met1,134.5500,247.5200,met1,145.5900,247.5200,2.298e-06
met1,134.5500,252.9600,met1,148.1200,252.9600,2.450e-06
met1,134.5500,258.4000,met1,140.7600,258.4000,1.828e-06
met1,134.5500,263.8400,met1,139.1500,263.8400,1.926e-06
met1,134.5500,269.2800,met1,136.8500,269.2800,2.505e-06
met1,134.5500,274.7200,met1,142.3700,274.7200,1.528e-06
met1,134.5500,280.1600,met1,145.1300,280.1600,2.596e-06
met1,134.5500,291.0400,met1,147.2000,291.0400,2.618e-06
met1,134.5500,301.9200,met1,137.5400,301.9200,2.545e-06
met1,134.5500,307.3600,met1,136.3900,307.3600,3.236e-06
met1,134.5500,318.2400,met1,138.4600,318.2400,3.224e-06
met1,134.5500,323.6800,met1,136.6200,323.6800,3.144e-06
met1,134.5500,329.1200,met1,145.5900,329.1200,3.676e-06
met1,134.5500,345.4400,met1,139.3800,345.4400,2.989e-06
met1,134.5500,350.8800,met1,138.6900,350.8800,3.549e-06
met1,134.5500,356.3200,met1,139.3800,356.3200,2.963e-06
met1,134.5500,367.2000,met1,136.8500,367.2000,2.910e-06
met1,134.5500,378.0800,met1,147.2000,378.0800,2.628e-06
met1,134.5500,383.5200,met1,137.5400,383.5200,2.438e-06
met1,134.5500,388.9600,met1,137.3100,388.9600,1.476e-06
met1,134.5500,394.4000,met1,137.5400,394.4000,1.734e-06
met1,134.5500,399.8400,met1,137.7700,399.8400,1.221e-06
met1,134.5500,405.2800,met1,137.3100,405.2800,1.121e-06
met1,134.5500,410.7200,met1,138.4600,410.7200,1.220e-06
met1,134.5500,416.1600,met1,137.7700,416.1600,1.614e-06
met1,134.5500,421.6000,met1,136.3900,421.6000,8.584e-07
met1,134.5500,427.0400,met1,137.5400,427.0400,7.159e-07
met1,134.5500,437.9200,met1,136.6200,437.9200,6.703e-07
met1,134.5500,443.3600,met1,138.9200,443.3600,5.400e-07
met1,134.5500,448.8000,met1,139.1500,448.8000,8.428e-07
met1,135.4700,340.0000,met1,138.6900,340.0000,3.704e-06
met1,135.4700,361.7600,met1,138.2300,361.7600,2.783e-06
met1,135.4700,372.6400,met1,137.3100,372.6400,3.198e-06
met1,135.7000,334.5600,met1,140.0700,334.5600,4.242e-06
met1,136.3900,307.3600,met1,138.6900,307.3600,3.241e-06
met1,136.3900,312.8000,met1,148.3500,312.8000,3.686e-06
met1,136.3900,421.6000,met1,139.6100,421.6000,8.720e-07
met1,136.6200,29.9200,met1,140.3000,29.9200,1.003e-05
met1,136.6200,236.6400,met1,141.4500,236.6400,2.370e-06
met1,136.6200,323.6800,met1,145.1300,323.6800,4.254e-06
met1,136.6200,437.9200,met1,148.3500,437.9200,1.941e-06
met1,136.8500,19.0400,met1,142.6000,19.0400,8.505e-06
met1,136.8500,122.4000,met1,140.0700,122.4000,1.770e-06
met1,136.8500,176.8000,met1,141.6800,176.8000,1.611e-07
met1,136.8500,269.2800,met1,141.9100,269.2800,2.507e-06
met1,136.8500,367.2000,met1,138.9200,367.2000,2.911e-06
met1,137.0800,138.7200,met1,140.5300,138.7200,9.031e-08
met1,137.0800,155.0400,met1,141.9100,155.0400,3.089e-07
met1,137.0800,209.4400,met1,143.7500,209.4400,2.203e-06
met1,137.3100,372.6400,met1,140.3000,372.6400,3.200e-06
met1,137.3100,388.9600,met1,139.3800,388.9600,1.478e-06
met1,137.3100,405.2800,met1,145.1300,405.2800,1.123e-06
met1,137.5400,62.5600,met1,140.9900,62.5600,7.425e-06
met1,137.5400,100.6400,met1,140.7600,100.6400,4.366e-06
met1,137.5400,301.9200,met1,148.1200,301.9200,3.655e-06
met1,137.5400,383.5200,met1,139.8400,383.5200,2.472e-06
met1,137.5400,394.4000,met1,140.9900,394.4000,1.864e-06
met1,137.5400,427.0400,met1,147.2000,427.0400,1.835e-06
met1,137.7700,73.4400,met1,139.8400,73.4400,8.548e-06
met1,137.7700,89.7600,met1,140.3000,89.7600,6.704e-06
met1,137.7700,160.4800,met1,146.9700,160.4800,1.037e-06
met1,137.7700,399.8400,met1,148.3500,399.8400,2.575e-06
met1,137.7700,416.1600,met1,146.5100,416.1600,1.616e-06
met1,138.2300,361.7600,met1,141.9100,361.7600,3.893e-06
met1,138.4600,95.2000,met1,146.9700,95.2000,4.840e-06
met1,138.4600,318.2400,met1,143.2900,318.2400,4.334e-06
met1,138.4600,410.7200,met1,140.9900,410.7200,1.437e-06
met1,138.6900,84.3200,met1,146.2800,84.3200,7.695e-06
met1,138.6900,307.3600,met1,145.5900,307.3600,3.247e-06
met1,138.6900,340.0000,met1,148.3500,340.0000,3.707e-06
met1,138.6900,350.8800,met1,143.7500,350.8800,3.550e-06
met1,138.9200,111.5200,met1,144.6700,111.5200,2.264e-06
met1,138.9200,367.2000,met1,148.3500,367.2000,2.911e-06
met1,138.9200,443.3600,met1,140.7600,443.3600,5.453e-07
met1,139.1500,193.1200,met1,142.6000,193.1200,4.674e-07
met1,139.1500,263.8400,met1,148.1200,263.8400,2.003e-06
met1,139.1500,448.8000,met1,148.3500,448.8000,1.961e-06
met1,139.3800,345.4400,met1,147.4300,345.4400,4.257e-06
met1,139.3800,356.3200,met1,148.3500,356.3200,4.228e-06
met1,139.3800,388.9600,met1,143.5200,388.9600,1.480e-06
met1,139.6100,78.8800,met1,144.6700,78.8800,7.255e-06
met1,139.6100,421.6000,met1,141.6800,421.6000,8.744e-07
met1,139.8400,46.2400,met1,143.2900,46.2400,7.464e-06
met1,139.8400,68.0000,met1,145.3600,68.0000,8.047e-06
met1,139.8400,73.4400,met1,144.4400,73.4400,7.256e-06
met1,139.8400,187.6800,met1,147.8900,187.6800,2.629e-06
met1,139.8400,383.5200,met1,148.3500,383.5200,2.492e-06
met1,140.0700,122.4000,met1,143.5200,122.4000,1.003e-06
met1,140.0700,334.5600,met1,143.2900,334.5600,4.309e-06
met1,140.3000,29.9200,met1,143.9800,29.9200,7.878e-06
met1,140.3000,35.3600,met1,148.3500,35.3600,7.911e-06
met1,140.3000,89.7600,met1,146.9700,89.7600,5.034e-06
met1,140.3000,144.1600,met1,144.9000,144.1600,5.731e-07
met1,140.3000,182.2400,met1,148.3500,182.2400,1.816e-06
met1,140.3000,220.3200,met1,142.3700,220.3200,2.530e-06
met1,140.3000,231.2000,met1,145.5900,231.2000,3.331e-06
met1,140.3000,296.4800,met1,144.2100,296.4800,4.332e-06
met1,140.3000,372.6400,met1,143.0600,372.6400,3.200e-06
met1,140.5300,138.7200,met1,144.4400,138.7200,3.585e-07
met1,140.5300,149.6000,met1,142.6000,149.6000,4.809e-07
met1,140.7600,100.6400,met1,145.5900,100.6400,3.868e-06
met1,140.7600,258.4000,met1,144.2100,258.4000,1.868e-06
met1,140.7600,443.3600,met1,143.2900,443.3600,5.496e-07
met1,140.9900,62.5600,met1,148.3500,62.5600,7.157e-06
met1,140.9900,127.8400,met1,143.5200,127.8400,1.981e-06
met1,140.9900,394.4000,met1,148.3500,394.4000,1.957e-06
met1,140.9900,410.7200,met1,145.5900,410.7200,1.438e-06
met1,141.2200,106.0800,met1,148.3500,106.0800,3.662e-06
met1,141.4500,236.6400,met1,143.5200,236.6400,2.638e-06
met1,141.4500,432.4800,met1,147.2000,432.4800,1.008e-06
met1,141.6800,57.1200,met1,148.3500,57.1200,7.555e-06
met1,141.6800,165.9200,met1,147.2000,165.9200,1.701e-06
met1,141.6800,176.8000,met1,147.6600,176.8000,2.307e-06
met1,141.6800,242.0800,met1,148.3500,242.0800,2.441e-06
met1,141.6800,421.6000,met1,148.3500,421.6000,8.790e-07
met1,141.9100,155.0400,met1,145.1300,155.0400,5.126e-07
met1,141.9100,225.7600,met1,145.3600,225.7600,2.638e-06
met1,141.9100,269.2800,met1,143.7500,269.2800,2.529e-06
met1,141.9100,361.7600,met1,144.9000,361.7600,3.893e-06
met1,142.3700,220.3200,met1,146.7400,220.3200,2.798e-06
met1,142.3700,274.7200,met1,144.4400,274.7200,1.528e-06
met1,142.6000,19.0400,met1,148.3500,19.0400,7.090e-06
met1,142.6000,149.6000,met1,147.2000,149.6000,4.977e-07
met1,142.6000,193.1200,met1,148.1200,193.1200,2.619e-06
met1,142.6000,285.6000,met1,148.3500,285.6000,4.196e-06
met1,143.0600,372.6400,met1,146.0500,372.6400,3.200e-06
met1,143.2900,46.2400,met1,148.3500,46.2400,6.928e-06
met1,143.2900,318.2400,met1,146.0500,318.2400,4.337e-06
met1,143.2900,334.5600,met1,146.7400,334.5600,4.344e-06
met1,143.2900,443.3600,met1,145.8200,443.3600,5.606e-07
met1,143.5200,122.4000,met1,148.3500,122.4000,7.043e-07
met1,143.5200,127.8400,met1,148.3500,127.8400,1.923e-07
met1,143.5200,236.6400,met1,148.3500,236.6400,3.137e-06
met1,143.5200,388.9600,met1,148.3500,388.9600,2.748e-06
met1,143.7500,209.4400,met1,148.3500,209.4400,2.220e-06
met1,143.7500,269.2800,met1,148.3500,269.2800,3.564e-06
met1,143.7500,350.8800,met1,148.3500,350.8800,4.665e-06
met1,143.9800,29.9200,met1,148.3500,29.9200,7.378e-06
met1,144.2100,116.9600,met1,148.3500,116.9600,3.382e-06
met1,144.2100,258.4000,met1,147.4300,258.4000,1.905e-06
met1,144.2100,296.4800,met1,146.5100,296.4800,4.336e-06
met1,144.4400,13.6000,met1,148.3500,13.6000,8.342e-06
met1,144.4400,51.6800,met1,148.3500,51.6800,7.819e-06
met1,144.4400,73.4400,met1,148.3500,73.4400,5.114e-06
met1,144.4400,138.7200,met1,148.3500,138.7200,1.773e-06
met1,144.4400,274.7200,met1,148.3500,274.7200,2.638e-06
met1,144.6700,78.8800,met1,148.3500,78.8800,7.151e-06
met1,144.6700,111.5200,met1,148.3500,111.5200,5.736e-07
met1,144.6700,204.0000,met1,148.3500,204.0000,1.691e-06
met1,144.9000,144.1600,met1,148.3500,144.1600,8.657e-07
met1,144.9000,361.7600,met1,148.3500,361.7600,3.894e-06
met1,145.1300,24.4800,met1,148.3500,24.4800,8.362e-06
met1,145.1300,155.0400,met1,148.3500,155.0400,7.809e-07
met1,145.1300,280.1600,met1,148.3500,280.1600,2.609e-06
met1,145.1300,323.6800,met1,147.4300,323.6800,4.270e-06
met1,145.1300,405.2800,met1,148.3500,405.2800,1.127e-06
met1,145.3600,40.8000,met1,148.3500,40.8000,7.621e-06
met1,145.3600,68.0000,met1,148.3500,68.0000,6.632e-06
met1,145.3600,225.7600,met1,148.3500,225.7600,3.136e-06
met1,145.5900,100.6400,met1,148.3500,100.6400,3.851e-06
met1,145.5900,231.2000,met1,148.3500,231.2000,3.348e-06
met1,145.5900,247.5200,met1,148.3500,247.5200,2.566e-06
met1,145.5900,307.3600,met1,148.3500,307.3600,4.361e-06
met1,145.5900,329.1200,met1,148.1200,329.1200,3.697e-06
met1,145.5900,410.7200,met1,148.3500,410.7200,1.806e-06
met1,145.8200,443.3600,met1,148.3500,443.3600,5.658e-07
met1,146.0500,171.3600,met1,148.3500,171.3600,6.475e-07
met1,146.0500,318.2400,met1,148.3500,318.2400,4.340e-06
met1,146.0500,372.6400,met1,148.1200,372.6400,3.267e-06
met1,146.2800,84.3200,met1,148.3500,84.3200,5.555e-06
met1,146.5100,296.4800,met1,148.3500,296.4800,4.343e-06
met1,146.5100,416.1600,met1,148.3500,416.1600,1.868e-06
met1,146.7400,220.3200,met1,149.9600,220.3200,3.053e-06
met1,146.7400,334.5600,met1,151.5700,334.5600,4.353e-06
met1,146.9700,89.7600,met1,149.2700,89.7600,5.017e-06
met1,146.9700,95.2000,met1,158.1200,95.2000,4.823e-06
met1,146.9700,160.4800,met1,158.1200,160.4800,1.054e-06
met1,147.2000,149.6000,met1,155.2500,149.6000,2.637e-06
met1,147.2000,165.9200,met1,149.7300,165.9200,2.000e-06
met1,147.2000,291.0400,met1,150.6500,291.0400,2.620e-06
met1,147.2000,378.0800,met1,156.4000,378.0800,2.628e-06
met1,147.2000,427.0400,met1,150.1900,427.0400,2.953e-06
met1,147.2000,432.4800,met1,150.1900,432.4800,1.011e-06
met1,147.4300,214.8800,met1,154.1000,214.8800,1.237e-06
met1,147.4300,258.4000,met1,149.7300,258.4000,1.912e-06
met1,147.4300,323.6800,met1,149.5000,323.6800,4.274e-06
met1,147.4300,345.4400,met1,149.9600,345.4400,4.262e-06
met1,147.6600,176.8000,met1,150.6500,176.8000,3.721e-06
met1,147.8900,187.6800,met1,150.4200,187.6800,2.897e-06
met1,148.1200,193.1200,met1,152.4900,193.1200,4.032e-06
met1,148.1200,252.9600,met1,150.8800,252.9600,2.554e-06
met1,148.1200,263.8400,met1,150.1900,263.8400,3.126e-06
met1,148.1200,301.9200,met1,157.3200,301.9200,4.770e-06
met1,148.1200,329.1200,met1,158.1200,329.1200,3.701e-06
met1,148.1200,372.6400,met1,150.1900,372.6400,4.386e-06
met1,148.3500,13.6000,met1,152.0300,13.6000,8.342e-06
met1,148.3500,19.0400,met1,151.3400,19.0400,7.077e-06
met1,148.3500,24.4800,met1,150.6500,24.4800,8.362e-06
met1,148.3500,29.9200,met1,150.6500,29.9200,7.378e-06
met1,148.3500,35.3600,met1,152.0300,35.3600,7.911e-06
met1,148.3500,40.8000,met1,152.9500,40.8000,7.621e-06
met1,148.3500,46.2400,met1,155.2500,46.2400,6.928e-06
met1,148.3500,51.6800,met1,153.4100,51.6800,7.819e-06
met1,148.3500,57.1200,met1,156.4000,57.1200,7.538e-06
met1,148.3500,62.5600,met1,154.1000,62.5600,7.157e-06
met1,148.3500,68.0000,met1,156.4000,68.0000,6.632e-06
met1,148.3500,73.4400,met1,152.0300,73.4400,5.114e-06
met1,148.3500,78.8800,met1,158.1200,78.8800,6.653e-06
met1,148.3500,84.3200,met1,154.1000,84.3200,5.555e-06
met1,148.3500,100.6400,met1,152.2600,100.6400,3.851e-06
met1,148.3500,106.0800,met1,158.1200,106.0800,3.662e-06
met1,148.3500,111.5200,met1,156.4000,111.5200,5.736e-07
met1,148.3500,116.9600,met1,158.1200,116.9600,1.243e-06
met1,148.3500,122.4000,met1,150.8800,122.4000,7.043e-07
met1,148.3500,127.8400,met1,151.1100,127.8400,1.923e-07
met1,148.3500,133.2800,met1,152.9500,133.2800,6.665e-07
met1,148.3500,138.7200,met1,150.6500,138.7200,1.773e-06
met1,148.3500,144.1600,met1,153.1800,144.1600,1.365e-06
met1,148.3500,155.0400,met1,157.3200,155.0400,2.200e-06
met1,148.3500,171.3600,met1,156.4000,171.3600,1.146e-06
met1,148.3500,182.2400,met1,154.5600,182.2400,1.833e-06
met1,148.3500,198.5600,met1,155.9400,198.5600,2.492e-06
met1,148.3500,204.0000,met1,150.8800,204.0000,1.691e-06
met1,148.3500,209.4400,met1,150.4200,209.4400,2.220e-06
met1,148.3500,225.7600,met1,152.2600,225.7600,3.136e-06
met1,148.3500,231.2000,met1,150.1900,231.2000,3.348e-06
met1,148.3500,236.6400,met1,150.4200,236.6400,3.137e-06
met1,148.3500,242.0800,met1,155.2500,242.0800,2.441e-06
met1,148.3500,247.5200,met1,158.1200,247.5200,3.984e-06
met1,148.3500,269.2800,met1,150.1900,269.2800,3.564e-06
met1,148.3500,274.7200,met1,150.4200,274.7200,2.638e-06
met1,148.3500,280.1600,met1,151.3400,280.1600,2.611e-06
met1,148.3500,285.6000,met1,153.1800,285.6000,4.196e-06
met1,148.3500,296.4800,met1,150.8800,296.4800,4.347e-06
met1,148.3500,307.3600,met1,152.4900,307.3600,4.361e-06
met1,148.3500,312.8000,met1,150.6500,312.8000,4.953e-06
met1,148.3500,318.2400,met1,158.1200,318.2400,4.340e-06
met1,148.3500,340.0000,met1,156.4000,340.0000,3.707e-06
met1,148.3500,350.8800,met1,150.4200,350.8800,4.665e-06
met1,148.3500,356.3200,met1,155.2500,356.3200,4.228e-06
met1,148.3500,361.7600,met1,152.2600,361.7600,3.894e-06
met1,148.3500,367.2000,met1,151.5700,367.2000,2.911e-06
met1,148.3500,383.5200,met1,151.5700,383.5200,2.492e-06
met1,148.3500,388.9600,met1,154.1000,388.9600,2.748e-06
met1,148.3500,394.4000,met1,151.8000,394.4000,1.957e-06
met1,148.3500,399.8400,met1,150.1900,399.8400,2.575e-06
met1,148.3500,405.2800,met1,152.2600,405.2800,2.234e-06
met1,148.3500,410.7200,met1,152.4900,410.7200,1.806e-06
met1,148.3500,416.1600,met1,151.1100,416.1600,1.870e-06
met1,148.3500,421.6000,met1,150.4200,421.6000,8.790e-07
met1,148.3500,437.9200,met1,152.4900,437.9200,1.941e-06
met1,148.3500,443.3600,met1,153.8700,443.3600,5.658e-07
met1,148.3500,448.8000,met1,155.7100,448.8000,1.961e-06
met1,149.2700,89.7600,met1,155.9400,89.7600,5.000e-06
met1,149.5000,323.6800,met1,158.1200,323.6800,4.291e-06
met1,149.7300,165.9200,met1,154.1000,165.9200,2.017e-06
met1,149.7300,258.4000,met1,157.5500,258.4000,3.052e-06
met1,149.9600,220.3200,met1,153.1800,220.3200,3.237e-06
met1,149.9600,345.4400,met1,151.8000,345.4400,4.265e-06
met1,150.1900,231.2000,met1,155.4800,231.2000,3.364e-06
met1,150.1900,263.8400,met1,158.1200,263.8400,3.135e-06
met1,150.1900,269.2800,met1,156.8600,269.2800,3.630e-06
met1,150.1900,372.6400,met1,152.4900,372.6400,4.392e-06
met1,150.1900,399.8400,met1,152.9500,399.8400,2.576e-06
met1,150.1900,427.0400,met1,152.4900,427.0400,2.956e-06
met1,150.1900,432.4800,met1,152.7200,432.4800,1.014e-06
met1,150.4200,187.6800,met1,156.1700,187.6800,3.396e-06
met1,150.4200,209.4400,met1,158.1200,209.4400,4.358e-06
met1,150.4200,236.6400,met1,158.1200,236.6400,5.291e-06
met1,150.4200,274.7200,met1,157.0900,274.7200,2.638e-06
met1,150.4200,350.8800,met1,155.7100,350.8800,4.669e-06
met1,150.4200,421.6000,met1,155.2500,421.6000,2.149e-06
met1,150.6500,24.4800,met1,158.1200,24.4800,8.345e-06
met1,150.6500,29.9200,met1,155.0200,29.9200,7.361e-06
met1,150.6500,138.7200,met1,158.1200,138.7200,2.041e-06
met1,150.6500,176.8000,met1,158.1200,176.8000,3.989e-06
met1,150.6500,291.0400,met1,158.1200,291.0400,2.624e-06
met1,150.6500,312.8000,met1,153.6400,312.8000,4.955e-06
met1,150.8800,122.4000,met1,157.0900,122.4000,2.060e-07
met1,150.8800,204.0000,met1,158.1200,204.0000,3.841e-06
met1,150.8800,252.9600,met1,156.1700,252.9600,2.564e-06
met1,150.8800,296.4800,met1,153.6400,296.4800,4.350e-06
met1,151.1100,127.8400,met1,154.5600,127.8400,5.464e-07
met1,151.1100,416.1600,met1,156.4000,416.1600,1.872e-06
met1,151.3400,19.0400,met1,155.4800,19.0400,5.947e-06
met1,151.3400,280.1600,met1,154.7900,280.1600,2.611e-06
met1,151.5700,334.5600,met1,153.6400,334.5600,4.369e-06
met1,151.5700,367.2000,met1,156.4000,367.2000,2.915e-06
met1,151.5700,383.5200,met1,153.8700,383.5200,2.496e-06
met1,151.8000,345.4400,met1,153.8700,345.4400,4.265e-06
met1,151.8000,394.4000,met1,154.1000,394.4000,1.958e-06
met1,152.0300,13.6000,met1,158.1200,13.6000,8.325e-06
met1,152.0300,35.3600,met1,154.1000,35.3600,7.894e-06
met1,152.0300,73.4400,met1,155.4800,73.4400,4.846e-06
met1,152.2600,100.6400,met1,154.1000,100.6400,1.709e-06
met1,152.2600,225.7600,met1,155.0200,225.7600,3.321e-06
met1,152.2600,361.7600,met1,158.1200,361.7600,5.162e-06
met1,152.2600,405.2800,met1,156.1700,405.2800,2.234e-06
met1,152.4900,193.1200,met1,154.5600,193.1200,4.301e-06
met1,152.4900,307.3600,met1,158.1200,307.3600,4.362e-06
met1,152.4900,372.6400,met1,155.7100,372.6400,4.395e-06
met1,152.4900,410.7200,met1,158.1200,410.7200,1.806e-06
met1,152.4900,427.0400,met1,158.1200,427.0400,2.957e-06
met1,152.4900,437.9200,met1,158.0100,437.9200,1.942e-06
met1,152.7200,432.4800,met1,157.5500,432.4800,1.015e-06
met1,152.9500,40.8000,met1,158.1200,40.8000,5.935e-06
met1,152.9500,133.2800,met1,156.6300,133.2800,6.607e-07
met1,152.9500,399.8400,met1,154.7900,399.8400,2.611e-06
met1,153.1800,144.1600,met1,156.6300,144.1600,2.781e-06
met1,153.1800,220.3200,met1,155.7100,220.3200,4.542e-06
met1,153.1800,285.6000,met1,158.1200,285.6000,4.214e-06
met1,153.4100,51.6800,met1,158.1200,51.6800,7.802e-06
met1,153.6400,296.4800,met1,158.1200,296.4800,4.370e-06
met1,153.6400,312.8000,met1,158.1200,312.8000,4.955e-06
met1,153.6400,334.5600,met1,158.0100,334.5600,4.401e-06
met1,153.8700,345.4400,met1,156.4000,345.4400,4.267e-06
met1,153.8700,383.5200,met1,156.1700,383.5200,2.499e-06
met1,153.8700,443.3600,met1,158.1200,443.3600,1.833e-06
met1,154.1000,35.3600,met1,158.1200,35.3600,5.753e-06
met1,154.1000,62.5600,met1,158.1200,62.5600,5.014e-06
met1,154.1000,84.3200,met1,158.1200,84.3200,3.405e-06
met1,154.1000,100.6400,met1,158.1200,100.6400,4.400e-07
met1,154.1000,165.9200,met1,158.1200,165.9200,4.166e-06
met1,154.1000,214.8800,met1,158.1200,214.8800,3.378e-06
met1,154.1000,388.9600,met1,157.0900,388.9600,3.891e-06
met1,154.1000,394.4000,met1,158.1200,394.4000,1.977e-06
met1,154.5600,127.8400,met1,158.1200,127.8400,1.960e-06
met1,154.5600,182.2400,met1,158.1200,182.2400,4.006e-06
met1,154.5600,193.1200,met1,158.1200,193.1200,4.547e-06
met1,154.7900,280.1600,met1,158.1200,280.1600,3.881e-06
met1,154.7900,399.8400,met1,158.1200,399.8400,2.611e-06
met1,155.0200,29.9200,met1,158.1200,29.9200,5.219e-06
met1,155.0200,225.7600,met1,158.1200,225.7600,3.505e-06
met1,155.2500,46.2400,met1,158.1200,46.2400,6.911e-06
met1,155.2500,149.6000,met1,158.0100,149.6000,2.905e-06
met1,155.2500,242.0800,met1,157.3200,242.0800,2.709e-06
met1,155.2500,356.3200,met1,158.1200,356.3200,4.231e-06
met1,155.2500,421.6000,met1,158.1200,421.6000,2.160e-06
met1,155.4800,19.0400,met1,158.1200,19.0400,3.807e-06
met1,155.4800,73.4400,met1,158.1200,73.4400,3.424e-06
met1,155.4800,231.2000,met1,158.1200,231.2000,5.521e-06
met1,155.7100,220.3200,met1,158.1200,220.3200,4.559e-06
met1,155.7100,350.8800,met1,158.1200,350.8800,4.672e-06
met1,155.7100,372.6400,met1,158.1200,372.6400,4.400e-06
met1,155.7100,448.8000,met1,158.0100,448.8000,1.965e-06
met1,155.9400,89.7600,met1,158.1200,89.7600,2.858e-06
met1,155.9400,198.5600,met1,158.1200,198.5600,3.906e-06
met1,156.1700,187.6800,met1,158.1200,187.6800,3.413e-06
met1,156.1700,252.9600,met1,158.1200,252.9600,2.572e-06
met1,156.1700,383.5200,met1,158.1200,383.5200,2.499e-06
met1,156.1700,405.2800,met1,158.1200,405.2800,2.236e-06
met1,156.4000,57.1200,met1,158.1200,57.1200,5.398e-06
met1,156.4000,68.0000,met1,158.1200,68.0000,5.217e-06
met1,156.4000,111.5200,met1,158.1200,111.5200,8.412e-07
met1,156.4000,171.3600,met1,158.1200,171.3600,3.285e-06
met1,156.4000,340.0000,met1,158.1200,340.0000,3.722e-06
met1,156.4000,345.4400,met1,158.1200,345.4400,4.268e-06
met1,156.4000,367.2000,met1,158.1200,367.2000,2.961e-06
met1,156.4000,378.0800,met1,158.1200,378.0800,3.895e-06
met1,156.4000,416.1600,met1,158.1200,416.1600,2.988e-06
met1,156.6300,133.2800,met1,161.0000,133.2800,1.620e-06
met1,156.6300,133.2800,met2,158.1200,133.2800,9.659e-07
met1,156.6300,144.1600,met1,161.9200,144.1600,1.087e-07
met1,156.6300,144.1600,met2,158.1200,144.1600,2.893e-06
met1,156.8600,269.2800,met1,162.1500,269.2800,2.643e-06
met1,156.8600,269.2800,met2,158.1200,269.2800,9.932e-07
met1,157.0900,122.4000,met1,160.0800,122.4000,3.002e-06
met1,157.0900,122.4000,met2,158.1200,122.4000,3.064e-06
met1,157.0900,274.7200,met1,162.1500,274.7200,1.219e-06
met1,157.0900,274.7200,met2,158.1200,274.7200,2.534e-06
met1,157.0900,388.9600,met1,159.6200,388.9600,3.682e-09
met1,157.0900,388.9600,met2,158.1200,388.9600,3.896e-06
met1,157.3200,155.0400,met1,162.1500,155.0400,3.809e-07
met1,157.3200,155.0400,met2,158.1200,155.0400,3.233e-06
met1,157.3200,242.0800,met1,159.8500,242.0800,1.323e-07
met1,157.3200,242.0800,met2,158.1200,242.0800,4.260e-06
met1,157.3200,301.9200,met1,160.3100,301.9200,1.633e-06
met1,157.3200,301.9200,met2,158.1200,301.9200,3.182e-06
met1,157.5500,258.4000,met1,160.7700,258.4000,1.798e-06
met1,157.5500,258.4000,met2,158.1200,258.4000,2.380e-06
met1,157.5500,432.4800,met1,162.1500,432.4800,1.055e-06
met1,157.5500,432.4800,met2,158.1200,432.4800,2.074e-06
met1,158.0100,149.6000,met1,160.7700,149.6000,7.227e-08
met1,158.0100,149.6000,met2,158.1200,149.6000,2.836e-06
met1,158.0100,334.5600,met1,159.8500,334.5600,3.168e-06
met1,158.0100,334.5600,met2,158.1200,334.5600,1.257e-06
met1,158.0100,437.9200,met1,159.8500,437.9200,7.835e-07
met1,158.0100,437.9200,met2,158.1200,437.9200,1.160e-06
met1,158.0100,448.8000,met1,160.5400,448.8000,7.666e-07
met1,158.0100,448.8000,met2,158.1200,448.8000,1.204e-06
met1,158.1200,13.6000,met1,162.1500,13.6000,1.066e-05
met1,158.1200,13.6000,met2,158.1200,13.6000,4.478e-06
met1,158.1200,19.0400,met1,160.7700,19.0400,1.132e-05
met1,158.1200,19.0400,met2,158.1200,19.0400,7.510e-06
met1,158.1200,24.4800,met1,162.1500,24.4800,1.080e-05
met1,158.1200,24.4800,met2,158.1200,24.4800,2.457e-06
met1,158.1200,29.9200,met1,162.1500,29.9200,1.018e-05
met1,158.1200,29.9200,met2,158.1200,29.9200,4.961e-06
met1,158.1200,35.3600,met1,162.1500,35.3600,1.134e-05
met1,158.1200,35.3600,met2,158.1200,35.3600,5.589e-06
met1,158.1200,40.8000,met1,162.1500,40.8000,1.036e-05
met1,158.1200,40.8000,met2,158.1200,40.8000,4.425e-06
met1,158.1200,46.2400,met1,161.9200,46.2400,1.072e-05
met1,158.1200,46.2400,met2,158.1200,46.2400,3.809e-06
met1,158.1200,51.6800,met1,162.1500,51.6800,9.995e-06
met1,158.1200,51.6800,met2,158.1200,51.6800,2.193e-06
met1,158.1200,57.1200,met1,162.1500,57.1200,9.885e-06
met1,158.1200,57.1200,met2,158.1200,57.1200,4.487e-06
met1,158.1200,62.5600,met1,161.6900,62.5600,1.011e-05
met1,158.1200,62.5600,met2,158.1200,62.5600,5.093e-06
met1,158.1200,68.0000,met1,162.1500,68.0000,9.573e-06
met1,158.1200,68.0000,met2,158.1200,68.0000,4.356e-06
met1,158.1200,73.4400,met1,162.1500,73.4400,9.381e-06
met1,158.1200,73.4400,met2,158.1200,73.4400,5.974e-06
met1,158.1200,78.8800,met1,160.7700,78.8800,9.501e-06
met1,158.1200,78.8800,met2,158.1200,78.8800,2.848e-06
met1,158.1200,84.3200,met1,161.4600,84.3200,8.265e-06
met1,158.1200,84.3200,met2,158.1200,84.3200,4.861e-06
met1,158.1200,89.7600,met1,162.1500,89.7600,7.607e-06
met1,158.1200,89.7600,met2,158.1200,89.7600,5.017e-06
met1,158.1200,95.2000,met1,161.4600,95.2000,8.342e-06
met1,158.1200,95.2000,met2,158.1200,95.2000,3.519e-06
met1,158.1200,100.6400,met1,160.5400,100.6400,5.373e-06
met1,158.1200,100.6400,met2,158.1200,100.6400,5.813e-06
met1,158.1200,106.0800,met1,162.1500,106.0800,6.612e-06
met1,158.1200,106.0800,met2,158.1200,106.0800,4.365e-06
met1,158.1200,111.5200,met1,162.1500,111.5200,3.717e-06
met1,158.1200,111.5200,met2,158.1200,111.5200,4.558e-06
met1,158.1200,116.9600,met1,161.6900,116.9600,3.614e-06
met1,158.1200,116.9600,met2,158.1200,116.9600,2.640e-06
met1,158.1200,127.8400,met1,162.1500,127.8400,1.186e-06
met1,158.1200,127.8400,met2,158.1200,127.8400,3.146e-06
met1,158.1200,138.7200,met1,160.3100,138.7200,5.701e-07
met1,158.1200,138.7200,met2,158.1200,138.7200,2.611e-06
met1,158.1200,160.4800,met1,159.8500,160.4800,9.250e-07
met1,158.1200,160.4800,met2,158.1200,160.4800,1.979e-06
met1,158.1200,165.9200,met1,162.1500,165.9200,1.252e-06
met1,158.1200,165.9200,met2,158.1200,165.9200,3.412e-06
met1,158.1200,171.3600,met1,162.1500,171.3600,3.796e-07
met1,158.1200,171.3600,met2,158.1200,171.3600,3.664e-06
met1,158.1200,176.8000,met1,162.1500,176.8000,2.080e-07
met1,158.1200,176.8000,met2,158.1200,176.8000,3.781e-06
met1,158.1200,182.2400,met1,161.2300,182.2400,1.754e-06
met1,158.1200,182.2400,met2,158.1200,182.2400,5.760e-06
met1,158.1200,187.6800,met1,160.5400,187.6800,1.980e-06
met1,158.1200,187.6800,met2,158.1200,187.6800,5.393e-06
met1,158.1200,193.1200,met1,162.1500,193.1200,5.573e-07
met1,158.1200,193.1200,met2,158.1200,193.1200,5.104e-06
met1,158.1200,198.5600,met1,162.1500,198.5600,2.581e-07
met1,158.1200,198.5600,met2,158.1200,198.5600,4.164e-06
met1,158.1200,204.0000,met1,159.8500,204.0000,7.469e-08
met1,158.1200,204.0000,met2,158.1200,204.0000,3.767e-06
met1,158.1200,209.4400,met1,160.0800,209.4400,7.555e-08
met1,158.1200,209.4400,met2,158.1200,209.4400,4.283e-06
met1,158.1200,214.8800,met1,161.0000,214.8800,1.576e-06
met1,158.1200,214.8800,met2,158.1200,214.8800,4.954e-06
met1,158.1200,220.3200,met1,162.1500,220.3200,1.785e-07
met1,158.1200,220.3200,met2,158.1200,220.3200,4.987e-06
met1,158.1200,225.7600,met1,162.1500,225.7600,6.487e-07
met1,158.1200,225.7600,met2,158.1200,225.7600,2.857e-06
met1,158.1200,231.2000,met1,160.7700,231.2000,1.648e-07
met1,158.1200,231.2000,met2,158.1200,231.2000,5.621e-06
met1,158.1200,236.6400,met1,162.1500,236.6400,9.066e-09
met1,158.1200,236.6400,met2,158.1200,236.6400,5.780e-06
met1,158.1200,247.5200,met1,162.1500,247.5200,1.162e-06
met1,158.1200,247.5200,met2,158.1200,247.5200,2.821e-06
met1,158.1200,252.9600,met1,162.1500,252.9600,7.772e-07
met1,158.1200,252.9600,met2,158.1200,252.9600,1.799e-06
met1,158.1200,263.8400,met1,162.1500,263.8400,2.641e-06
met1,158.1200,263.8400,met2,158.1200,263.8400,1.643e-06
met1,158.1200,280.1600,met1,162.1500,280.1600,1.870e-06
met1,158.1200,280.1600,met2,158.1200,280.1600,2.011e-06
met1,158.1200,285.6000,met1,160.7700,285.6000,2.324e-06
met1,158.1200,285.6000,met2,158.1200,285.6000,1.890e-06
met1,158.1200,291.0400,met1,159.8500,291.0400,1.815e-06
met1,158.1200,291.0400,met2,158.1200,291.0400,1.923e-06
met1,158.1200,296.4800,met1,162.1500,296.4800,3.046e-06
met1,158.1200,296.4800,met2,158.1200,296.4800,1.324e-06
met1,158.1200,307.3600,met1,159.8500,307.3600,2.156e-06
met1,158.1200,307.3600,met2,158.1200,307.3600,2.206e-06
met1,158.1200,312.8000,met1,162.1500,312.8000,2.812e-06
met1,158.1200,312.8000,met2,158.1200,312.8000,2.143e-06
met1,158.1200,318.2400,met1,160.5400,318.2400,3.326e-06
met1,158.1200,318.2400,met2,158.1200,318.2400,1.014e-06
met1,158.1200,323.6800,met1,160.5400,323.6800,2.855e-06
met1,158.1200,323.6800,met2,158.1200,323.6800,2.550e-06
met1,158.1200,329.1200,met1,159.8500,329.1200,2.273e-06
met1,158.1200,329.1200,met2,158.1200,329.1200,1.427e-06
met1,158.1200,340.0000,met1,160.0800,340.0000,2.925e-06
met1,158.1200,340.0000,met2,158.1200,340.0000,7.972e-07
met1,158.1200,345.4400,met1,160.3100,345.4400,2.331e-06
met1,158.1200,345.4400,met2,158.1200,345.4400,1.937e-06
met1,158.1200,350.8800,met1,162.1500,350.8800,2.608e-06
met1,158.1200,350.8800,met2,158.1200,350.8800,2.064e-06
met1,158.1200,356.3200,met1,162.1500,356.3200,2.479e-06
met1,158.1200,356.3200,met2,158.1200,356.3200,1.756e-06
met1,158.1200,361.7600,met1,160.3100,361.7600,1.263e-06
met1,158.1200,361.7600,met2,158.1200,361.7600,3.899e-06
met1,158.1200,367.2000,met1,159.8500,367.2000,2.701e-06
met1,158.1200,367.2000,met2,158.1200,367.2000,1.377e-06
met1,158.1200,372.6400,met1,162.1500,372.6400,2.370e-06
met1,158.1200,372.6400,met2,158.1200,372.6400,2.030e-06
met1,158.1200,378.0800,met1,162.1500,378.0800,7.653e-08
met1,158.1200,378.0800,met2,158.1200,378.0800,3.818e-06
met1,158.1200,383.5200,met1,162.1500,383.5200,1.922e-06
met1,158.1200,383.5200,met2,158.1200,383.5200,5.777e-07
met1,158.1200,394.4000,met1,162.1500,394.4000,1.145e-06
met1,158.1200,394.4000,met2,158.1200,394.4000,8.318e-07
met1,158.1200,399.8400,met1,161.6900,399.8400,6.173e-07
met1,158.1200,399.8400,met2,158.1200,399.8400,1.994e-06
met1,158.1200,405.2800,met1,162.1500,405.2800,6.782e-07
met1,158.1200,405.2800,met2,158.1200,405.2800,2.823e-06
met1,158.1200,410.7200,met1,162.1500,410.7200,6.501e-07
met1,158.1200,410.7200,met2,158.1200,410.7200,1.156e-06
met1,158.1200,416.1600,met1,160.7700,416.1600,2.259e-07
met1,158.1200,416.1600,met2,158.1200,416.1600,3.214e-06
met1,158.1200,421.6000,met1,160.3100,421.6000,9.031e-07
met1,158.1200,421.6000,met2,158.1200,421.6000,1.260e-06
met1,158.1200,427.0400,met1,160.0800,427.0400,6.436e-07
met1,158.1200,427.0400,met2,158.1200,427.0400,3.600e-06
met1,158.1200,443.3600,met1,161.0000,443.3600,1.291e-06
met1,158.1200,443.3600,met2,158.1200,443.3600,4.231e-06
met1,159.6200,388.9600,met1,162.1500,388.9600,7.827e-10
met1,159.8500,160.4800,met1,162.1500,160.4800,6.568e-07
met1,159.8500,204.0000,met1,162.1500,204.0000,3.429e-07
met1,159.8500,242.0800,met1,162.1500,242.0800,1.359e-07
met1,159.8500,291.0400,met1,162.1500,291.0400,1.820e-06
met1,159.8500,307.3600,met1,162.1500,307.3600,2.161e-06
met1,159.8500,329.1200,met1,162.1500,329.1200,2.276e-06
met1,159.8500,334.5600,met1,162.1500,334.5600,3.200e-06
met1,159.8500,367.2000,met1,162.1500,367.2000,2.703e-06
met1,159.8500,437.9200,met1,162.1500,437.9200,7.847e-07
met1,160.0800,122.4000,met1,162.1500,122.4000,1.583e-06
met1,160.0800,209.4400,met1,162.1500,209.4400,5.740e-07
met1,160.0800,340.0000,met1,162.1500,340.0000,2.991e-06
met1,160.0800,427.0400,met1,162.1500,427.0400,6.262e-07
met1,160.3100,138.7200,met1,162.1500,138.7200,5.395e-07
met1,160.3100,301.9200,met1,162.1500,301.9200,2.771e-06
met1,160.3100,345.4400,met1,162.1500,345.4400,3.640e-06
met1,160.3100,361.7600,met1,162.1500,361.7600,1.269e-06
met1,160.3100,421.6000,met1,162.1500,421.6000,9.058e-07
met1,160.5400,100.6400,met1,166.5200,100.6400,4.607e-06
met1,160.5400,187.6800,met1,169.0500,187.6800,6.692e-07
met1,160.5400,318.2400,met1,164.4500,318.2400,3.333e-06
met1,160.5400,323.6800,met1,164.2200,323.6800,4.123e-06
met1,160.5400,448.8000,met1,170.2000,448.8000,7.706e-07
met1,160.7700,19.0400,met1,166.9800,19.0400,1.130e-05
met1,160.7700,78.8800,met1,167.9000,78.8800,9.484e-06
met1,160.7700,149.6000,met1,163.9900,149.6000,7.910e-08
met1,160.7700,231.2000,met1,164.9100,231.2000,1.817e-07
met1,160.7700,258.4000,met1,166.2900,258.4000,1.805e-06
met1,160.7700,285.6000,met1,170.8900,285.6000,2.332e-06
met1,160.7700,416.1600,met1,166.7500,416.1600,2.251e-07
met1,161.0000,133.2800,met1,166.2900,133.2800,1.608e-06
met1,161.0000,214.8800,met1,163.7600,214.8800,5.630e-07
met1,161.0000,443.3600,met1,166.9800,443.3600,1.291e-06
met1,161.2300,182.2400,met1,163.3000,182.2400,1.562e-06
met1,161.4600,84.3200,met1,166.2900,84.3200,7.767e-06
met1,161.4600,95.2000,met1,163.3000,95.2000,6.927e-06
met1,161.6900,62.5600,met1,164.2200,62.5600,9.838e-06
met1,161.6900,116.9600,met1,166.2900,116.9600,3.608e-06
met1,161.6900,399.8400,met1,163.9900,399.8400,6.307e-07
met1,161.9200,46.2400,met1,173.1900,46.2400,8.577e-06
met1,161.9200,144.1600,met1,165.3700,144.1600,9.702e-08
met1,162.1500,13.6000,met1,166.2900,13.6000,1.066e-05
met1,162.1500,24.4800,met1,165.3700,24.4800,9.387e-06
met1,162.1500,29.9200,met1,164.4500,29.9200,1.018e-05
met1,162.1500,35.3600,met1,164.2200,35.3600,1.134e-05
met1,162.1500,40.8000,met1,167.4400,40.8000,1.036e-05
met1,162.1500,51.6800,met1,166.2900,51.6800,9.995e-06
met1,162.1500,57.1200,met1,175.9500,57.1200,8.470e-06
met1,162.1500,68.0000,met1,164.2200,68.0000,9.573e-06
met1,162.1500,73.4400,met1,170.6600,73.4400,9.381e-06
met1,162.1500,89.7600,met1,164.4500,89.7600,7.607e-06
met1,162.1500,106.0800,met1,165.8300,106.0800,6.612e-06
met1,162.1500,111.5200,met1,175.9500,111.5200,3.717e-06
met1,162.1500,122.4000,met1,166.9800,122.4000,1.583e-06
met1,162.1500,127.8400,met1,172.5000,127.8400,1.186e-06
met1,162.1500,138.7200,met1,164.2200,138.7200,5.395e-07
met1,162.1500,155.0400,met1,166.7500,155.0400,3.809e-07
met1,162.1500,160.4800,met1,170.8900,160.4800,7.573e-07
met1,162.1500,165.9200,met1,175.9500,165.9200,1.252e-06
met1,162.1500,171.3600,met1,164.4500,171.3600,3.796e-07
met1,162.1500,176.8000,met1,171.8100,176.8000,2.080e-07
met1,162.1500,193.1200,met1,163.9900,193.1200,5.573e-07
met1,162.1500,198.5600,met1,170.8900,198.5600,1.156e-06
met1,162.1500,204.0000,met1,164.9100,204.0000,3.429e-07
met1,162.1500,209.4400,met1,175.7200,209.4400,5.740e-07
met1,162.1500,220.3200,met1,167.9000,220.3200,1.785e-07
met1,162.1500,225.7600,met1,166.0600,225.7600,6.487e-07
met1,162.1500,236.6400,met1,165.1400,236.6400,9.066e-09
met1,162.1500,242.0800,met1,169.9700,242.0800,1.359e-07
met1,162.1500,247.5200,met1,175.9500,247.5200,1.162e-06
met1,162.1500,252.9600,met1,166.0600,252.9600,8.462e-07
met1,162.1500,263.8400,met1,168.3600,263.8400,2.641e-06
met1,162.1500,269.2800,met1,168.3600,269.2800,2.643e-06
met1,162.1500,274.7200,met1,164.4500,274.7200,1.219e-06
met1,162.1500,280.1600,met1,169.5100,280.1600,1.870e-06
met1,162.1500,291.0400,met1,164.6800,291.0400,1.824e-06
met1,162.1500,296.4800,met1,168.5900,296.4800,3.046e-06
met1,162.1500,301.9200,met1,166.7500,301.9200,2.773e-06
met1,162.1500,307.3600,met1,164.4500,307.3600,3.429e-06
met1,162.1500,312.8000,met1,170.8900,312.8000,2.812e-06
met1,162.1500,329.1200,met1,172.9600,329.1200,2.276e-06
met1,162.1500,334.5600,met1,163.9900,334.5600,3.200e-06
met1,162.1500,340.0000,met1,170.4300,340.0000,3.112e-06
met1,162.1500,345.4400,met1,174.1100,345.4400,3.640e-06
met1,162.1500,350.8800,met1,170.2000,350.8800,2.608e-06
met1,162.1500,356.3200,met1,169.5100,356.3200,2.479e-06
met1,162.1500,361.7600,met1,168.5900,361.7600,1.273e-06
met1,162.1500,367.2000,met1,165.6000,367.2000,2.703e-06
met1,162.1500,372.6400,met1,167.4400,372.6400,2.370e-06
met1,162.1500,378.0800,met1,166.5200,378.0800,7.653e-08
met1,162.1500,383.5200,met1,165.3700,383.5200,1.922e-06
met1,162.1500,388.9600,met1,164.4500,388.9600,7.826e-10
met1,162.1500,394.4000,met1,174.3400,394.4000,1.263e-06
met1,162.1500,405.2800,met1,164.9100,405.2800,6.782e-07
met1,162.1500,410.7200,met1,163.9900,410.7200,6.501e-07
met1,162.1500,421.6000,met1,173.6500,421.6000,9.058e-07
met1,162.1500,427.0400,met1,169.5100,427.0400,6.262e-07
met1,162.1500,432.4800,met1,170.2000,432.4800,1.055e-06
met1,162.1500,437.9200,met1,172.2700,437.9200,7.847e-07
met1,163.3000,95.2000,met1,171.8100,95.2000,6.628e-06
met1,163.3000,182.2400,met1,165.6000,182.2400,1.400e-06
met1,163.7600,214.8800,met1,168.5900,214.8800,1.062e-06
met1,163.9900,149.6000,met1,168.5900,149.6000,1.098e-07
met1,163.9900,193.1200,met1,170.2000,193.1200,4.559e-07
met1,163.9900,334.5600,met1,168.1300,334.5600,3.213e-06
met1,163.9900,399.8400,met1,166.5200,399.8400,7.236e-07
met1,163.9900,410.7200,met1,166.5200,410.7200,7.685e-07
met1,164.2200,35.3600,met1,167.6700,35.3600,9.426e-06
met1,164.2200,62.5600,met1,167.6700,62.5600,9.341e-06
met1,164.2200,68.0000,met1,173.1900,68.0000,7.432e-06
met1,164.2200,138.7200,met1,166.2900,138.7200,5.060e-07
met1,164.2200,323.6800,met1,167.6700,323.6800,4.125e-06
met1,164.4500,29.9200,met1,173.1900,29.9200,9.912e-06
met1,164.4500,89.7600,met1,166.9800,89.7600,7.339e-06
met1,164.4500,171.3600,met1,169.0500,171.3600,1.303e-06
met1,164.4500,274.7200,met1,167.2100,274.7200,1.221e-06
met1,164.4500,307.3600,met1,167.6700,307.3600,3.435e-06
met1,164.4500,318.2400,met1,167.4400,318.2400,3.337e-06
met1,164.4500,388.9600,met1,166.5200,388.9600,3.395e-09
met1,164.6800,291.0400,met1,167.4400,291.0400,1.824e-06
met1,164.9100,204.0000,met1,167.9000,204.0000,6.112e-07
met1,164.9100,231.2000,met1,169.7400,231.2000,1.987e-07
met1,164.9100,405.2800,met1,173.6500,405.2800,7.908e-07
met1,165.1400,236.6400,met1,175.9500,236.6400,1.426e-06
met1,165.3700,24.4800,met1,168.8200,24.4800,9.119e-06
met1,165.3700,144.1600,met1,167.6700,144.1600,2.458e-08
met1,165.3700,383.5200,met1,167.9000,383.5200,1.926e-06
met1,165.6000,182.2400,met1,172.9600,182.2400,1.304e-08
met1,165.6000,367.2000,met1,167.9000,367.2000,2.705e-06
met1,165.8300,106.0800,met1,168.1300,106.0800,6.595e-06
met1,166.0600,225.7600,met1,175.9500,225.7600,2.802e-06
met1,166.0600,252.9600,met1,169.2800,252.9600,8.785e-07
met1,166.2900,13.6000,met1,172.0400,13.6000,1.039e-05
met1,166.2900,51.6800,met1,170.2000,51.6800,9.978e-06
met1,166.2900,84.3200,met1,175.9500,84.3200,7.498e-06
met1,166.2900,116.9600,met1,169.0500,116.9600,3.590e-06
met1,166.2900,133.2800,met1,168.5900,133.2800,1.428e-06
met1,166.2900,138.7200,met1,175.9500,138.7200,3.069e-07
met1,166.2900,258.4000,met1,171.3500,258.4000,1.895e-06
met1,166.5200,100.6400,met1,175.9500,100.6400,4.587e-06
met1,166.5200,378.0800,met1,173.8800,378.0800,1.194e-06
met1,166.5200,388.9600,met1,173.8800,388.9600,1.273e-06
met1,166.5200,399.8400,met1,173.4200,399.8400,8.104e-07
met1,166.5200,410.7200,met1,168.8200,410.7200,8.365e-07
met1,166.7500,155.0400,met1,169.9700,155.0400,5.478e-07
met1,166.7500,301.9200,met1,175.7200,301.9200,2.775e-06
met1,166.7500,416.1600,met1,169.5100,416.1600,5.722e-08
met1,166.9800,19.0400,met1,175.9500,19.0400,8.760e-06
met1,166.9800,89.7600,met1,170.4300,89.7600,5.922e-06
met1,166.9800,122.4000,met1,169.5100,122.4000,1.563e-06
met1,166.9800,443.3600,met1,171.5800,443.3600,1.289e-06
met1,167.2100,274.7200,met1,169.7400,274.7200,2.341e-06
met1,167.4400,40.8000,met1,169.2800,40.8000,1.006e-05
met1,167.4400,291.0400,met1,170.6600,291.0400,1.828e-06
met1,167.4400,318.2400,met1,171.5800,318.2400,3.341e-06
met1,167.4400,372.6400,met1,169.9700,372.6400,2.373e-06
met1,167.6700,35.3600,met1,174.5700,35.3600,9.158e-06
met1,167.6700,62.5600,met1,170.2000,62.5600,9.073e-06
met1,167.6700,144.1600,met1,169.9700,144.1600,2.203e-09
met1,167.6700,307.3600,met1,175.9500,307.3600,3.442e-06
met1,167.6700,323.6800,met1,175.9500,323.6800,4.130e-06
met1,167.9000,78.8800,met1,175.9500,78.8800,7.343e-06
met1,167.9000,204.0000,met1,175.9500,204.0000,2.025e-06
met1,167.9000,220.3200,met1,174.1100,220.3200,1.235e-06
met1,167.9000,367.2000,met1,170.4300,367.2000,2.750e-06
met1,167.9000,383.5200,met1,175.9500,383.5200,1.931e-06
met1,168.1300,106.0800,met1,170.2000,106.0800,6.578e-06
met1,168.1300,334.5600,met1,173.6500,334.5600,3.215e-06
met1,168.3600,263.8400,met1,175.9500,263.8400,2.826e-06
met1,168.3600,269.2800,met1,171.8100,269.2800,2.648e-06
met1,168.5900,133.2800,met1,171.8100,133.2800,1.415e-06
met1,168.5900,149.6000,met1,172.2700,149.6000,2.046e-07
met1,168.5900,214.8800,met1,172.7300,214.8800,1.330e-06
met1,168.5900,296.4800,met1,172.0400,296.4800,3.051e-06
met1,168.5900,361.7600,met1,175.7200,361.7600,2.397e-06
met1,168.8200,24.4800,met1,175.9500,24.4800,8.622e-06
met1,168.8200,410.7200,met1,175.9500,410.7200,1.069e-06
met1,169.0500,116.9600,met1,171.8100,116.9600,3.559e-06
met1,169.0500,171.3600,met1,175.9500,171.3600,1.319e-06
met1,169.0500,187.6800,met1,172.5000,187.6800,9.375e-07
met1,169.2800,40.8000,met1,175.9500,40.8000,8.647e-06
met1,169.2800,252.9600,met1,175.9500,252.9600,2.002e-06
met1,169.5100,122.4000,met1,172.7300,122.4000,1.491e-06
met1,169.5100,280.1600,met1,175.9500,280.1600,3.142e-06
met1,169.5100,356.3200,met1,175.2600,356.3200,2.484e-06
met1,169.5100,416.1600,met1,172.0400,416.1600,2.070e-07
met1,169.5100,427.0400,met1,172.9600,427.0400,6.352e-07
met1,169.7400,231.2000,met1,174.5700,231.2000,2.852e-06
met1,169.7400,274.7200,met1,171.5800,274.7200,2.345e-06
met1,169.9700,144.1600,met1,175.9500,144.1600,2.585e-08
met1,169.9700,155.0400,met1,172.5000,155.0400,6.323e-07
met1,169.9700,242.0800,met1,175.4900,242.0800,1.828e-06
met1,169.9700,372.6400,met1,173.6500,372.6400,2.376e-06
met1,170.2000,51.6800,met1,175.2600,51.6800,7.837e-06
met1,170.2000,62.5600,met1,175.0300,62.5600,7.658e-06
met1,170.2000,106.0800,met1,174.8000,106.0800,4.424e-06
met1,170.2000,193.1200,met1,175.9500,193.1200,1.700e-06
met1,170.2000,350.8800,met1,172.9600,350.8800,3.876e-06
met1,170.2000,432.4800,met1,173.8800,432.4800,5.818e-08
met1,170.2000,448.8000,met1,172.7300,448.8000,8.160e-07
met1,170.4300,89.7600,met1,175.9500,89.7600,5.905e-06
met1,170.4300,340.0000,met1,173.8800,340.0000,3.133e-06
met1,170.4300,367.2000,met1,173.8800,367.2000,2.757e-06
met1,170.6600,73.4400,met1,172.9600,73.4400,9.083e-06
met1,170.6600,291.0400,met1,175.9500,291.0400,2.945e-06
met1,170.8900,160.4800,met1,175.9500,160.4800,7.631e-07
met1,170.8900,198.5600,met1,175.9500,198.5600,1.173e-06
met1,170.8900,285.6000,met1,174.1100,285.6000,2.335e-06
met1,170.8900,312.8000,met1,172.9600,312.8000,3.920e-06
met1,171.3500,258.4000,met1,174.8000,258.4000,1.904e-06
met1,171.5800,274.7200,met1,173.8800,274.7200,2.348e-06
met1,171.5800,318.2400,met1,174.1100,318.2400,3.346e-06
met1,171.5800,443.3600,met1,175.9500,443.3600,1.096e-06
met1,171.8100,95.2000,met1,175.9500,95.2000,6.611e-06
met1,171.8100,116.9600,met1,174.5700,116.9600,1.976e-06
met1,171.8100,133.2800,met1,174.1100,133.2800,1.252e-06
met1,171.8100,176.8000,met1,173.8800,176.8000,2.250e-07
met1,171.8100,269.2800,met1,175.9500,269.2800,2.651e-06
met1,172.0400,13.6000,met1,175.9500,13.6000,8.119e-06
met1,172.0400,296.4800,met1,175.9500,296.4800,3.053e-06
met1,172.0400,416.1600,met1,173.8800,416.1600,2.091e-07
met1,172.2700,149.6000,met1,175.9500,149.6000,2.498e-07
met1,172.2700,437.9200,met1,175.0300,437.9200,7.935e-07
met1,172.5000,127.8400,met1,175.9500,127.8400,1.085e-06
met1,172.5000,155.0400,met1,174.8000,155.0400,6.916e-07
met1,172.5000,187.6800,met1,175.9500,187.6800,2.356e-06
met1,172.7300,122.4000,met1,175.9500,122.4000,1.470e-06
met1,172.7300,214.8800,met1,175.9500,214.8800,1.599e-06
met1,172.7300,448.8000,met1,175.2600,448.8000,8.236e-07
met1,172.9600,73.4400,met1,175.9500,73.4400,7.169e-06
met1,172.9600,182.2400,met1,175.9500,182.2400,2.164e-06
met1,172.9600,312.8000,met1,175.9500,312.8000,3.921e-06
met1,172.9600,329.1200,met1,175.9500,329.1200,3.545e-06
met1,172.9600,350.8800,met1,174.8000,350.8800,3.922e-06
met1,172.9600,427.0400,met1,175.9500,427.0400,1.906e-06
met1,173.1900,29.9200,met1,175.9500,29.9200,9.895e-06
met1,173.1900,46.2400,met1,175.9500,46.2400,6.894e-06
met1,173.1900,68.0000,met1,175.9500,68.0000,7.164e-06
met1,173.4200,399.8400,met1,175.9500,399.8400,8.456e-07
met1,173.6500,334.5600,met1,175.9500,334.5600,3.230e-06
met1,173.6500,372.6400,met1,175.9500,372.6400,2.379e-06
met1,173.6500,405.2800,met1,175.9500,405.2800,2.064e-06
met1,173.6500,421.6000,met1,175.9500,421.6000,9.095e-07
met1,173.8800,176.8000,met1,175.9500,176.8000,2.396e-06
met1,173.8800,274.7200,met1,175.9500,274.7200,2.354e-06
met1,173.8800,340.0000,met1,175.9500,340.0000,3.145e-06
met1,173.8800,367.2000,met1,175.9500,367.2000,2.763e-06
met1,173.8800,378.0800,met1,175.9500,378.0800,2.462e-06
met1,173.8800,388.9600,met1,175.9500,388.9600,1.312e-06
met1,173.8800,416.1600,met1,175.9500,416.1600,1.480e-06
met1,173.8800,432.4800,met1,175.9500,432.4800,6.398e-08
met1,174.1100,133.2800,met1,175.9500,133.2800,1.193e-06
met1,174.1100,220.3200,met1,175.9500,220.3200,1.252e-06
met1,174.1100,285.6000,met1,175.9500,285.6000,2.339e-06
met1,174.1100,318.2400,met1,175.9500,318.2400,3.346e-06
met1,174.1100,345.4400,met1,175.9500,345.4400,3.645e-06
met1,174.3400,394.4000,met1,176.6400,394.4000,1.282e-06
met1,174.5700,35.3600,met1,181.7000,35.3600,9.141e-06
met1,174.5700,116.9600,met1,182.3900,116.9600,1.965e-06
met1,174.5700,231.2000,met1,184.0000,231.2000,2.869e-06
met1,174.8000,106.0800,met1,179.1700,106.0800,2.285e-06
met1,174.8000,155.0400,met1,177.5600,155.0400,7.498e-07
met1,174.8000,258.4000,met1,179.8600,258.4000,1.950e-06
met1,174.8000,350.8800,met1,177.3300,350.8800,3.924e-06
met1,175.0300,62.5600,met1,181.7000,62.5600,7.641e-06
met1,175.0300,437.9200,met1,187.4500,437.9200,7.953e-07
met1,175.2600,51.6800,met1,178.7100,51.6800,7.341e-06
met1,175.2600,356.3200,met1,178.2500,356.3200,3.602e-06
met1,175.2600,448.8000,met1,184.0000,448.8000,8.268e-07
met1,175.4900,242.0800,met1,183.0800,242.0800,2.096e-06
met1,175.7200,209.4400,met1,182.3900,209.4400,1.990e-06
met1,175.7200,301.9200,met1,182.8500,301.9200,4.046e-06
met1,175.7200,361.7600,met1,178.2500,361.7600,3.665e-06
met1,175.9500,13.6000,met1,185.6100,13.6000,8.119e-06
met1,175.9500,19.0400,met1,178.4800,19.0400,8.760e-06
met1,175.9500,24.4800,met1,189.7500,24.4800,8.622e-06
met1,175.9500,29.9200,met1,179.8600,29.9200,9.895e-06
met1,175.9500,40.8000,met1,185.1500,40.8000,8.647e-06
met1,175.9500,46.2400,met1,184.2300,46.2400,6.894e-06
met1,175.9500,57.1200,met1,181.2400,57.1200,8.470e-06
met1,175.9500,68.0000,met1,180.5500,68.0000,7.164e-06
met1,175.9500,73.4400,met1,184.0000,73.4400,7.169e-06
met1,175.9500,78.8800,met1,189.7500,78.8800,7.075e-06
met1,175.9500,84.3200,met1,179.4000,84.3200,7.498e-06
met1,175.9500,89.7600,met1,184.6900,89.7600,3.762e-06
met1,175.9500,95.2000,met1,178.4800,95.2000,6.611e-06
met1,175.9500,100.6400,met1,181.7000,100.6400,4.587e-06
met1,175.9500,111.5200,met1,181.0100,111.5200,3.717e-06
met1,175.9500,122.4000,met1,178.2500,122.4000,1.470e-06
met1,175.9500,127.8400,met1,178.7100,127.8400,1.085e-06
met1,175.9500,133.2800,met1,178.2500,133.2800,1.095e-06
met1,175.9500,138.7200,met1,189.7500,138.7200,3.069e-07
met1,175.9500,144.1600,met1,179.1700,144.1600,2.585e-08
met1,175.9500,149.6000,met1,178.7100,149.6000,2.498e-07
met1,175.9500,160.4800,met1,178.4800,160.4800,8.069e-07
met1,175.9500,165.9200,met1,177.7900,165.9200,1.252e-06
met1,175.9500,171.3600,met1,180.3200,171.3600,1.319e-06
met1,175.9500,176.8000,met1,178.4800,176.8000,2.396e-06
met1,175.9500,182.2400,met1,184.0000,182.2400,2.164e-06
met1,175.9500,187.6800,met1,184.0000,187.6800,2.356e-06
met1,175.9500,193.1200,met1,180.0900,193.1200,1.700e-06
met1,175.9500,198.5600,met1,185.6100,198.5600,3.323e-06
met1,175.9500,204.0000,met1,189.7500,204.0000,2.025e-06
met1,175.9500,214.8800,met1,179.6300,214.8800,1.599e-06
met1,175.9500,220.3200,met1,178.9400,220.3200,1.252e-06
met1,175.9500,225.7600,met1,187.4500,225.7600,2.802e-06
met1,175.9500,236.6400,met1,180.3200,236.6400,1.443e-06
met1,175.9500,247.5200,met1,184.0000,247.5200,1.162e-06
met1,175.9500,252.9600,met1,187.4500,252.9600,3.422e-06
met1,175.9500,263.8400,met1,178.0200,263.8400,2.826e-06
met1,175.9500,269.2800,met1,177.7900,269.2800,2.651e-06
met1,175.9500,274.7200,met1,177.7900,274.7200,2.357e-06
met1,175.9500,280.1600,met1,183.0800,280.1600,3.142e-06
met1,175.9500,285.6000,met1,180.5500,285.6000,2.339e-06
met1,175.9500,291.0400,met1,180.5500,291.0400,2.948e-06
met1,175.9500,296.4800,met1,182.6200,296.4800,3.053e-06
met1,175.9500,307.3600,met1,184.0000,307.3600,3.442e-06
met1,175.9500,312.8000,met1,179.1700,312.8000,3.924e-06
met1,175.9500,318.2400,met1,179.1700,318.2400,3.346e-06
met1,175.9500,323.6800,met1,178.2500,323.6800,4.130e-06
met1,175.9500,329.1200,met1,179.8600,329.1200,3.545e-06
met1,175.9500,334.5600,met1,186.5300,334.5600,3.230e-06
met1,175.9500,340.0000,met1,179.6300,340.0000,3.156e-06
met1,175.9500,345.4400,met1,184.2300,345.4400,3.674e-06
met1,175.9500,367.2000,met1,186.5300,367.2000,2.763e-06
met1,175.9500,372.6400,met1,184.2300,372.6400,2.379e-06
met1,175.9500,378.0800,met1,181.9300,378.0800,2.462e-06
met1,175.9500,383.5200,met1,185.3800,383.5200,1.931e-06
met1,175.9500,388.9600,met1,178.7100,388.9600,1.312e-06
met1,175.9500,399.8400,met1,179.8600,399.8400,8.910e-07
met1,175.9500,405.2800,met1,180.0900,405.2800,2.066e-06
met1,175.9500,410.7200,met1,187.9100,410.7200,1.069e-06
met1,175.9500,416.1600,met1,180.5500,416.1600,1.480e-06
met1,175.9500,421.6000,met1,178.0200,421.6000,9.095e-07
met1,175.9500,427.0400,met1,186.0700,427.0400,1.906e-06
met1,175.9500,432.4800,met1,185.8400,432.4800,6.398e-08
met1,175.9500,443.3600,met1,179.1700,443.3600,1.097e-06
met1,176.6400,394.4000,met1,178.9400,394.4000,1.284e-06
met1,177.3300,350.8800,met1,184.9200,350.8800,3.933e-06
met1,177.5600,155.0400,met1,179.8600,155.0400,8.016e-07
met1,177.7900,165.9200,met1,183.7700,165.9200,1.635e-06
met1,177.7900,269.2800,met1,180.5500,269.2800,2.652e-06
met1,177.7900,274.7200,met1,183.5400,274.7200,2.367e-06
met1,178.0200,263.8400,met1,181.4700,263.8400,2.830e-06
met1,178.0200,421.6000,met1,181.4700,421.6000,9.125e-07
met1,178.2500,122.4000,met1,180.0900,122.4000,1.448e-06
met1,178.2500,133.2800,met1,180.7800,133.2800,1.059e-06
met1,178.2500,323.6800,met1,185.1500,323.6800,4.131e-06
met1,178.2500,356.3200,met1,189.7500,356.3200,3.605e-06
met1,178.2500,361.7600,met1,186.7600,361.7600,3.670e-06
met1,178.4800,19.0400,met1,185.1500,19.0400,7.345e-06
met1,178.4800,95.2000,met1,184.4600,95.2000,4.267e-06
met1,178.4800,160.4800,met1,186.0700,160.4800,8.608e-07
met1,178.4800,176.8000,met1,182.8500,176.8000,2.894e-06
met1,178.7100,51.6800,met1,187.6800,51.6800,7.072e-06
met1,178.7100,127.8400,met1,181.0100,127.8400,1.073e-06
met1,178.7100,149.6000,met1,181.4700,149.6000,3.009e-07
met1,178.7100,388.9600,met1,180.7800,388.9600,1.317e-06
met1,178.9400,220.3200,met1,187.4500,220.3200,3.390e-06
met1,178.9400,394.4000,met1,188.6000,394.4000,1.293e-06
met1,179.1700,106.0800,met1,181.7000,106.0800,2.276e-06
met1,179.1700,144.1600,met1,184.6900,144.1600,5.998e-08
met1,179.1700,312.8000,met1,182.8500,312.8000,3.941e-06
met1,179.1700,318.2400,met1,184.4600,318.2400,4.459e-06
met1,179.1700,443.3600,met1,182.6200,443.3600,1.101e-06
met1,179.4000,84.3200,met1,186.7600,84.3200,6.083e-06
met1,179.6300,214.8800,met1,181.7000,214.8800,1.615e-06
met1,179.6300,340.0000,met1,182.8500,340.0000,3.214e-06
met1,179.8600,29.9200,met1,187.4500,29.9200,7.746e-06
met1,179.8600,155.0400,met1,186.0700,155.0400,8.514e-07
met1,179.8600,258.4000,met1,184.6900,258.4000,3.069e-06
met1,179.8600,329.1200,met1,184.0000,329.1200,3.546e-06
met1,179.8600,399.8400,met1,187.4500,399.8400,2.015e-06
met1,180.0900,122.4000,met1,182.8500,122.4000,1.379e-06
met1,180.0900,193.1200,met1,189.0600,193.1200,3.382e-06
met1,180.0900,405.2800,met1,182.1600,405.2800,2.071e-06
met1,180.3200,171.3600,met1,183.7700,171.3600,2.734e-06
met1,180.3200,236.6400,met1,188.1400,236.6400,3.595e-06
met1,180.5500,68.0000,met1,185.6100,68.0000,7.147e-06
met1,180.5500,269.2800,met1,189.7500,269.2800,2.656e-06
met1,180.5500,285.6000,met1,188.1400,285.6000,3.610e-06
met1,180.5500,291.0400,met1,184.9200,291.0400,2.948e-06
met1,180.5500,416.1600,met1,183.3100,416.1600,1.481e-06
met1,180.7800,133.2800,met1,183.7700,133.2800,8.987e-07
met1,180.7800,388.9600,met1,185.8400,388.9600,2.434e-06
met1,181.0100,111.5200,met1,189.7500,111.5200,2.034e-06
met1,181.0100,127.8400,met1,183.7700,127.8400,1.032e-06
met1,181.2400,57.1200,met1,186.9900,57.1200,7.055e-06
met1,181.4700,149.6000,met1,189.7500,149.6000,3.312e-07
met1,181.4700,263.8400,met1,186.9900,263.8400,2.832e-06
met1,181.4700,421.6000,met1,184.9200,421.6000,9.157e-07
met1,181.7000,35.3600,met1,184.0000,35.3600,7.000e-06
met1,181.7000,62.5600,met1,188.6000,62.5600,5.500e-06
met1,181.7000,100.6400,met1,187.9100,100.6400,4.289e-06
met1,181.7000,106.0800,met1,188.3700,106.0800,1.509e-06
met1,181.7000,214.8800,met1,188.6000,214.8800,3.764e-06
met1,181.9300,378.0800,met1,186.3000,378.0800,2.467e-06
met1,182.1600,405.2800,met1,186.0700,405.2800,2.075e-06
met1,182.3900,116.9600,met1,189.7500,116.9600,1.913e-06
met1,182.3900,209.4400,met1,185.6100,209.4400,2.007e-06
met1,182.6200,296.4800,met1,187.9100,296.4800,3.092e-06
met1,182.6200,443.3600,met1,186.9900,443.3600,1.168e-06
met1,182.8500,122.4000,met1,185.1500,122.4000,1.295e-06
met1,182.8500,176.8000,met1,188.3700,176.8000,3.163e-06
met1,182.8500,301.9200,met1,189.7500,301.9200,4.064e-06
met1,182.8500,312.8000,met1,188.8300,312.8000,3.945e-06
met1,182.8500,340.0000,met1,187.6800,340.0000,3.227e-06
met1,183.0800,242.0800,met1,189.7500,242.0800,4.245e-06
met1,183.0800,280.1600,met1,188.6000,280.1600,3.144e-06
met1,183.3100,416.1600,met1,185.8400,416.1600,1.485e-06
met1,183.5400,274.7200,met1,189.7500,274.7200,3.635e-06
met1,183.7700,127.8400,met1,189.7500,127.8400,1.002e-06
met1,183.7700,133.2800,met1,187.9100,133.2800,8.019e-07
met1,183.7700,165.9200,met1,186.5300,165.9200,1.638e-06
met1,183.7700,171.3600,met1,189.7500,171.3600,2.737e-06
met1,184.0000,35.3600,met1,188.6000,35.3600,5.585e-06
met1,184.0000,73.4400,met1,189.7500,73.4400,5.030e-06
met1,184.0000,182.2400,met1,186.0700,182.2400,3.582e-06
met1,184.0000,187.6800,met1,189.7500,187.6800,2.855e-06
met1,184.0000,231.2000,met1,186.0700,231.2000,4.285e-06
met1,184.0000,247.5200,met1,186.7600,247.5200,2.579e-06
met1,184.0000,307.3600,met1,187.6800,307.3600,4.710e-06
met1,184.0000,329.1200,met1,189.7500,329.1200,4.812e-06
met1,184.0000,448.8000,met1,186.5300,448.8000,8.268e-07
met1,184.2300,46.2400,met1,189.7500,46.2400,6.877e-06
met1,184.2300,345.4400,met1,187.6800,345.4400,3.710e-06
met1,184.2300,372.6400,met1,188.6000,372.6400,2.381e-06
met1,184.4600,95.2000,met1,189.7500,95.2000,3.477e-06
met1,184.4600,318.2400,met1,189.7500,318.2400,4.459e-06
met1,184.6900,89.7600,met1,189.7500,89.7600,3.493e-06
met1,184.6900,144.1600,met1,187.9100,144.1600,9.419e-08
met1,184.6900,258.4000,met1,188.3700,258.4000,3.073e-06
met1,184.9200,291.0400,met1,187.9100,291.0400,2.954e-06
met1,184.9200,350.8800,met1,187.4500,350.8800,3.964e-06
met1,184.9200,421.6000,met1,189.7500,421.6000,9.157e-07
met1,185.1500,19.0400,met1,189.7500,19.0400,7.328e-06
met1,185.1500,40.8000,met1,189.0600,40.8000,8.379e-06
met1,185.1500,122.4000,met1,189.7500,122.4000,1.282e-06
met1,185.1500,323.6800,met1,187.6800,323.6800,4.133e-06
met1,185.3800,383.5200,met1,189.7500,383.5200,1.931e-06
met1,185.6100,13.6000,met1,188.1400,13.6000,8.102e-06
met1,185.6100,68.0000,met1,189.7500,68.0000,7.130e-06
met1,185.6100,198.5600,met1,189.7500,198.5600,3.592e-06
met1,185.6100,209.4400,met1,189.7500,209.4400,4.174e-06
met1,185.8400,388.9600,met1,189.7500,388.9600,2.440e-06
met1,185.8400,416.1600,met1,189.7500,416.1600,2.596e-06
met1,185.8400,432.4800,met1,188.1400,432.4800,1.172e-06
met1,186.0700,155.0400,met1,188.3700,155.0400,8.904e-07
met1,186.0700,160.4800,met1,189.7500,160.4800,9.724e-07
met1,186.0700,182.2400,met1,189.7500,182.2400,3.599e-06
met1,186.0700,231.2000,met1,189.7500,231.2000,4.553e-06
met1,186.0700,405.2800,met1,189.7500,405.2800,2.076e-06
met1,186.0700,427.0400,met1,189.2900,427.0400,1.913e-06
met1,186.3000,378.0800,met1,189.7500,378.0800,3.575e-06
met1,186.5300,165.9200,met1,188.6000,165.9200,1.675e-06
met1,186.5300,334.5600,met1,188.3700,334.5600,3.233e-06
met1,186.5300,367.2000,met1,189.7500,367.2000,2.768e-06
met1,186.5300,448.8000,met1,188.8300,448.8000,8.337e-07
met1,186.7600,84.3200,met1,189.7500,84.3200,4.668e-06
met1,186.7600,247.5200,met1,189.7500,247.5200,3.996e-06
met1,186.7600,361.7600,met1,189.7500,361.7600,4.939e-06
met1,186.9900,57.1200,met1,189.7500,57.1200,6.770e-06
met1,186.9900,263.8400,met1,189.7500,263.8400,2.837e-06
met1,186.9900,443.3600,met1,189.7500,443.3600,2.293e-06
met1,187.4500,29.9200,met1,189.7500,29.9200,7.477e-06
met1,187.4500,220.3200,met1,189.7500,220.3200,5.072e-06
met1,187.4500,225.7600,met1,189.7500,225.7600,3.070e-06
met1,187.4500,252.9600,met1,189.7500,252.9600,3.691e-06
met1,187.4500,350.8800,met1,189.2900,350.8800,4.108e-06
met1,187.4500,399.8400,met1,189.7500,399.8400,2.178e-06
met1,187.4500,437.9200,met1,189.7500,437.9200,7.974e-07
met1,187.6800,51.6800,met1,189.7500,51.6800,6.773e-06
met1,187.6800,307.3600,met1,189.7500,307.3600,4.713e-06
met1,187.6800,323.6800,met1,189.7500,323.6800,4.136e-06
met1,187.6800,340.0000,met1,189.7500,340.0000,3.230e-06
met1,187.6800,345.4400,met1,189.7500,345.4400,3.773e-06
met1,187.9100,100.6400,met1,189.7500,100.6400,4.273e-06
met1,187.9100,133.2800,met1,189.7500,133.2800,7.814e-07
met1,187.9100,144.1600,met1,189.7500,144.1600,1.189e-07
met1,187.9100,291.0400,met1,189.7500,291.0400,2.963e-06
met1,187.9100,296.4800,met1,189.7500,296.4800,3.097e-06
met1,187.9100,410.7200,met1,189.7500,410.7200,1.161e-06
met1,188.1400,13.6000,met1,198.1200,13.6000,5.960e-06
met1,188.1400,236.6400,met1,195.5000,236.6400,4.094e-06
met1,188.1400,285.6000,met1,192.0500,285.6000,3.656e-06
met1,188.1400,432.4800,met1,191.3600,432.4800,2.437e-06
met1,188.3700,106.0800,met1,198.1200,106.0800,1.492e-06
met1,188.3700,155.0400,met1,190.9000,155.0400,9.485e-07
met1,188.3700,176.8000,met1,190.2100,176.8000,3.166e-06
met1,188.3700,258.4000,met1,192.0500,258.4000,3.124e-06
met1,188.3700,334.5600,met1,190.9000,334.5600,3.234e-06
met1,188.6000,35.3600,met1,190.9000,35.3600,5.088e-06
met1,188.6000,62.5600,met1,197.3400,62.5600,5.001e-06
met1,188.6000,165.9200,met1,192.0500,165.9200,1.687e-06
met1,188.6000,214.8800,met1,198.1200,214.8800,4.262e-06
met1,188.6000,280.1600,met1,192.0500,280.1600,3.150e-06
met1,188.6000,372.6400,met1,194.5800,372.6400,2.426e-06
met1,188.6000,394.4000,met1,197.1100,394.4000,1.295e-06
met1,188.8300,312.8000,met1,191.3600,312.8000,3.950e-06
met1,188.8300,448.8000,met1,198.1200,448.8000,8.350e-07
met1,189.0600,40.8000,met1,195.9600,40.8000,6.239e-06
met1,189.0600,193.1200,met1,198.1200,193.1200,4.796e-06
met1,189.2900,350.8800,met1,191.1300,350.8800,4.254e-06
met1,189.2900,427.0400,met1,191.8200,427.0400,1.914e-06
met1,189.7500,19.0400,met1,194.3500,19.0400,5.178e-06
met1,189.7500,24.4800,met1,194.8100,24.4800,8.622e-06
met1,189.7500,29.9200,met1,198.1200,29.9200,6.063e-06
met1,189.7500,46.2400,met1,197.8000,46.2400,6.877e-06
met1,189.7500,51.6800,met1,195.9600,51.6800,6.568e-06
met1,189.7500,57.1200,met1,195.5000,57.1200,6.770e-06
met1,189.7500,68.0000,met1,192.2800,68.0000,7.130e-06
met1,189.7500,73.4400,met1,198.0300,73.4400,5.030e-06
met1,189.7500,78.8800,met1,192.0500,78.8800,5.653e-06
met1,189.7500,84.3200,met1,197.8000,84.3200,4.668e-06
met1,189.7500,89.7600,met1,198.1200,89.7600,3.225e-06
met1,189.7500,95.2000,met1,195.5000,95.2000,3.477e-06
met1,189.7500,100.6400,met1,195.5000,100.6400,4.273e-06
met1,189.7500,111.5200,met1,191.8200,111.5200,2.034e-06
met1,189.7500,116.9600,met1,192.5100,116.9600,1.913e-06
met1,189.7500,122.4000,met1,191.8200,122.4000,1.282e-06
met1,189.7500,127.8400,met1,192.5100,127.8400,9.938e-07
met1,189.7500,133.2800,met1,193.4300,133.2800,7.814e-07
met1,189.7500,138.7200,met1,195.0400,138.7200,3.069e-07
met1,189.7500,144.1600,met1,192.0500,144.1600,1.189e-07
met1,189.7500,149.6000,met1,198.1200,149.6000,3.422e-07
met1,189.7500,160.4800,met1,191.5900,160.4800,9.724e-07
met1,189.7500,171.3600,met1,192.7400,171.3600,2.737e-06
met1,189.7500,182.2400,met1,192.7400,182.2400,3.599e-06
met1,189.7500,187.6800,met1,192.0500,187.6800,2.855e-06
met1,189.7500,198.5600,met1,193.8900,198.5600,3.592e-06
met1,189.7500,204.0000,met1,198.1200,204.0000,4.163e-06
met1,189.7500,209.4400,met1,195.5000,209.4400,4.174e-06
met1,189.7500,220.3200,met1,195.7300,220.3200,5.336e-06
met1,189.7500,225.7600,met1,196.6500,225.7600,3.070e-06
met1,189.7500,231.2000,met1,192.0500,231.2000,4.570e-06
met1,189.7500,242.0800,met1,198.1200,242.0800,4.245e-06
met1,189.7500,247.5200,met1,197.5700,247.5200,3.996e-06
met1,189.7500,252.9600,met1,198.1200,252.9600,3.691e-06
met1,189.7500,263.8400,met1,191.8200,263.8400,2.845e-06
met1,189.7500,269.2800,met1,196.8800,269.2800,2.656e-06
met1,189.7500,274.7200,met1,192.0500,274.7200,3.635e-06
met1,189.7500,291.0400,met1,198.1200,291.0400,4.085e-06
met1,189.7500,296.4800,met1,194.8100,296.4800,3.097e-06
met1,189.7500,301.9200,met1,193.8900,301.9200,4.067e-06
met1,189.7500,307.3600,met1,192.5100,307.3600,4.713e-06
met1,189.7500,318.2400,met1,197.1100,318.2400,4.459e-06
met1,189.7500,323.6800,met1,195.2700,323.6800,4.136e-06
met1,189.7500,329.1200,met1,198.1200,329.1200,4.812e-06
met1,189.7500,340.0000,met1,193.2000,340.0000,3.230e-06
met1,189.7500,345.4400,met1,198.1200,345.4400,3.804e-06
met1,189.7500,356.3200,met1,198.0300,356.3200,4.873e-06
met1,189.7500,361.7600,met1,192.0500,361.7600,4.939e-06
met1,189.7500,367.2000,met1,191.5900,367.2000,2.768e-06
met1,189.7500,378.0800,met1,192.5100,378.0800,3.575e-06
met1,189.7500,383.5200,met1,196.8800,383.5200,1.931e-06
met1,189.7500,388.9600,met1,192.2800,388.9600,2.440e-06
met1,189.7500,399.8400,met1,191.5900,399.8400,2.252e-06
met1,189.7500,405.2800,met1,192.2800,405.2800,2.076e-06
met1,189.7500,410.7200,met1,198.1200,410.7200,1.200e-06
met1,189.7500,416.1600,met1,195.2700,416.1600,2.596e-06
met1,189.7500,421.6000,met1,197.3400,421.6000,9.157e-07
met1,189.7500,437.9200,met1,198.1200,437.9200,7.974e-07
met1,189.7500,443.3600,met1,195.2700,443.3600,2.293e-06
met1,190.2100,176.8000,met1,194.1200,176.8000,3.173e-06
met1,190.9000,35.3600,met1,195.9600,35.3600,4.789e-06
met1,190.9000,155.0400,met1,198.1200,155.0400,1.003e-06
met1,190.9000,334.5600,met1,198.1200,334.5600,4.354e-06
met1,191.1300,350.8800,met1,195.7300,350.8800,4.283e-06
met1,191.3600,312.8000,met1,194.1200,312.8000,5.067e-06
met1,191.3600,432.4800,met1,194.1200,432.4800,2.437e-06
met1,191.5900,160.4800,met1,194.8100,160.4800,1.005e-06
met1,191.5900,367.2000,met1,194.5800,367.2000,2.775e-06
met1,191.5900,399.8400,met1,193.8900,399.8400,2.388e-06
met1,191.8200,111.5200,met1,198.1200,111.5200,6.146e-07
met1,191.8200,122.4000,met1,194.3500,122.4000,1.236e-06
met1,191.8200,263.8400,met1,198.1200,263.8400,2.849e-06
met1,191.8200,427.0400,met1,196.6500,427.0400,1.915e-06
met1,192.0500,78.8800,met1,198.1200,78.8800,5.385e-06
met1,192.0500,144.1600,met1,193.8900,144.1600,1.220e-07
met1,192.0500,165.9200,met1,194.3500,165.9200,1.719e-06
met1,192.0500,187.6800,met1,197.8000,187.6800,2.872e-06
met1,192.0500,231.2000,met1,197.1100,231.2000,4.587e-06
met1,192.0500,258.4000,met1,198.1200,258.4000,4.251e-06
met1,192.0500,274.7200,met1,194.8100,274.7200,3.640e-06
met1,192.0500,280.1600,met1,195.2700,280.1600,3.182e-06
met1,192.0500,285.6000,met1,197.1100,285.6000,3.670e-06
met1,192.0500,361.7600,met1,198.1200,361.7600,4.944e-06
met1,192.2800,68.0000,met1,198.1200,68.0000,4.938e-06
met1,192.2800,388.9600,met1,198.1200,388.9600,3.710e-06
met1,192.2800,405.2800,met1,195.2700,405.2800,2.273e-06
met1,192.5100,116.9600,met1,195.5000,116.9600,1.904e-06
met1,192.5100,127.8400,met1,194.8100,127.8400,9.852e-07
met1,192.5100,307.3600,met1,196.6500,307.3600,4.720e-06
met1,192.5100,378.0800,met1,196.1900,378.0800,3.576e-06
met1,192.7400,171.3600,met1,194.8100,171.3600,2.747e-06
met1,192.7400,182.2400,met1,198.1200,182.2400,5.771e-06
met1,193.2000,340.0000,met1,198.1200,340.0000,3.233e-06
met1,193.4300,133.2800,met1,197.3400,133.2800,7.699e-07
met1,193.8900,144.1600,met1,196.1900,144.1600,1.918e-07
met1,193.8900,198.5600,met1,196.8800,198.5600,3.860e-06
met1,193.8900,301.9200,met1,197.1100,301.9200,4.068e-06
met1,193.8900,399.8400,met1,198.1200,399.8400,2.564e-06
met1,194.1200,176.8000,met1,197.5700,176.8000,3.183e-06
met1,194.1200,312.8000,met1,197.5700,312.8000,5.071e-06
met1,194.1200,432.4800,met1,198.1200,432.4800,2.455e-06
met1,194.3500,19.0400,met1,197.3400,19.0400,4.910e-06
met1,194.3500,122.4000,met1,198.1200,122.4000,1.232e-06
met1,194.3500,165.9200,met1,198.1200,165.9200,1.730e-06
met1,194.5800,367.2000,met1,198.1200,367.2000,2.787e-06
met1,194.5800,372.6400,met1,198.1200,372.6400,3.545e-06
met1,194.8100,24.4800,met1,196.8800,24.4800,8.354e-06
met1,194.8100,127.8400,met1,198.1200,127.8400,9.691e-07
met1,194.8100,160.4800,met1,196.8800,160.4800,1.032e-06
met1,194.8100,171.3600,met1,198.1200,171.3600,2.762e-06
met1,194.8100,274.7200,met1,197.5700,274.7200,3.665e-06
met1,194.8100,296.4800,met1,197.5700,296.4800,3.100e-06
met1,195.0400,138.7200,met1,198.0300,138.7200,2.950e-07
met1,195.2700,280.1600,met1,198.0300,280.1600,3.231e-06
met1,195.2700,323.6800,met1,197.1100,323.6800,4.148e-06
met1,195.2700,405.2800,met1,197.1100,405.2800,2.273e-06
met1,195.2700,416.1600,met1,198.1200,416.1600,2.645e-06
met1,195.2700,443.3600,met1,198.1200,443.3600,3.567e-06
met1,195.5000,57.1200,met1,198.1200,57.1200,4.325e-06
met1,195.5000,95.2000,met1,198.1200,95.2000,1.563e-06
met1,195.5000,100.6400,met1,198.1200,100.6400,8.818e-09
met1,195.5000,116.9600,met1,198.1200,116.9600,4.808e-07
met1,195.5000,209.4400,met1,198.1200,209.4400,4.689e-06
met1,195.5000,236.6400,met1,197.3400,236.6400,6.246e-06
met1,195.7300,220.3200,met1,198.1200,220.3200,5.353e-06
met1,195.7300,350.8800,met1,198.1200,350.8800,4.309e-06
met1,195.9600,35.3600,met1,198.1200,35.3600,4.773e-06
met1,195.9600,40.8000,met1,198.1200,40.8000,4.556e-06
met1,195.9600,51.6800,met1,198.1200,51.6800,6.069e-06
met1,196.1900,144.1600,met1,198.1200,144.1600,2.630e-07
met1,196.1900,378.0800,met1,198.1200,378.0800,4.843e-06
met1,196.6500,225.7600,met1,203.3200,225.7600,1.771e-07
met1,196.6500,225.7600,met2,198.1200,225.7600,2.910e-06
met1,196.6500,307.3600,met1,203.5500,307.3600,1.006e-06
met1,196.6500,307.3600,met2,198.1200,307.3600,3.802e-06
met1,196.6500,427.0400,met1,201.2500,427.0400,5.236e-07
met1,196.6500,427.0400,met2,198.1200,427.0400,2.440e-06
met1,196.8800,24.4800,met1,203.5500,24.4800,1.031e-05
met1,196.8800,24.4800,met2,198.1200,24.4800,3.369e-06
met1,196.8800,160.4800,met1,198.7200,160.4800,3.017e-07
met1,196.8800,160.4800,met2,198.1200,160.4800,1.350e-06
met1,196.8800,198.5600,met1,200.7900,198.5600,1.699e-06
met1,196.8800,198.5600,met2,198.1200,198.5600,3.575e-06
met1,196.8800,269.2800,met1,202.4000,269.2800,1.876e-06
met1,196.8800,269.2800,met2,198.1200,269.2800,8.326e-07
met1,196.8800,383.5200,met1,202.4000,383.5200,7.770e-08
met1,196.8800,383.5200,met2,198.1200,383.5200,2.047e-06
met1,197.1100,231.2000,met1,202.4000,231.2000,3.911e-07
met1,197.1100,231.2000,met2,198.1200,231.2000,4.995e-06
met1,197.1100,285.6000,met1,200.3300,285.6000,9.741e-07
met1,197.1100,285.6000,met2,198.1200,285.6000,2.702e-06
met1,197.1100,301.9200,met1,201.2500,301.9200,2.601e-07
met1,197.1100,301.9200,met2,198.1200,301.9200,4.574e-06
met1,197.1100,318.2400,met1,200.3300,318.2400,2.566e-08
met1,197.1100,318.2400,met2,198.1200,318.2400,4.490e-06
met1,197.1100,323.6800,met1,199.1800,323.6800,3.624e-07
met1,197.1100,323.6800,met2,198.1200,323.6800,4.515e-06
met1,197.1100,394.4000,met1,203.3200,394.4000,1.105e-06
met1,197.1100,394.4000,met2,198.1200,394.4000,2.407e-06
met1,197.1100,405.2800,met1,201.9400,405.2800,4.719e-08
met1,197.1100,405.2800,met2,198.1200,405.2800,2.350e-06
met1,197.3400,19.0400,met1,203.5500,19.0400,1.047e-05
met1,197.3400,19.0400,met2,198.1200,19.0400,6.064e-06
met1,197.3400,62.5600,met1,203.5500,62.5600,6.775e-06
met1,197.3400,62.5600,met2,198.1200,62.5600,3.914e-06
met1,197.3400,133.2800,met1,200.7900,133.2800,1.200e-06
met1,197.3400,133.2800,met2,198.1200,133.2800,5.066e-07
met1,197.3400,236.6400,met1,203.5500,236.6400,1.987e-06
met1,197.3400,236.6400,met2,198.1200,236.6400,6.415e-06
met1,197.3400,421.6000,met1,202.1700,421.6000,4.517e-08
met1,197.3400,421.6000,met2,198.1200,421.6000,2.079e-06
met1,197.5700,176.8000,met1,199.6400,176.8000,1.466e-06
met1,197.5700,176.8000,met2,198.1200,176.8000,1.728e-06
met1,197.5700,247.5200,met1,203.5500,247.5200,1.035e-06
met1,197.5700,247.5200,met2,198.1200,247.5200,4.645e-06
met1,197.5700,274.7200,met1,202.1700,274.7200,8.597e-07
met1,197.5700,274.7200,met2,198.1200,274.7200,2.880e-06
met1,197.5700,296.4800,met1,200.1000,296.4800,1.502e-07
met1,197.5700,296.4800,met2,198.1200,296.4800,3.036e-06
met1,197.5700,312.8000,met1,203.5500,312.8000,5.712e-07
met1,197.5700,312.8000,met2,198.1200,312.8000,4.502e-06
met1,197.8000,46.2400,met1,203.5500,46.2400,7.834e-06
met1,197.8000,46.2400,met2,198.1200,46.2400,2.372e-06
met1,197.8000,84.3200,met1,200.7900,84.3200,9.090e-06
met1,197.8000,84.3200,met2,198.1200,84.3200,5.840e-06
met1,197.8000,187.6800,met1,203.5500,187.6800,3.400e-08
met1,197.8000,187.6800,met2,198.1200,187.6800,5.181e-06
met1,198.0300,73.4400,met1,200.1000,73.4400,1.137e-05
met1,198.0300,73.4400,met2,198.1200,73.4400,6.534e-06
met1,198.0300,138.7200,met1,203.5500,138.7200,7.951e-07
met1,198.0300,138.7200,met2,198.1200,138.7200,5.243e-07
met1,198.0300,280.1600,met1,203.5500,280.1600,1.056e-06
met1,198.0300,280.1600,met2,198.1200,280.1600,2.177e-06
met1,198.0300,356.3200,met1,201.4800,356.3200,1.487e-07
met1,198.0300,356.3200,met2,198.1200,356.3200,5.029e-06
met1,198.1200,13.6000,met1,203.5500,13.6000,9.344e-06
met1,198.1200,13.6000,met2,198.1200,13.6000,4.514e-06
met1,198.1200,29.9200,met1,202.1700,29.9200,1.162e-05
met1,198.1200,29.9200,met2,198.1200,29.9200,5.562e-06
met1,198.1200,35.3600,met1,202.1700,35.3600,8.401e-06
met1,198.1200,35.3600,met2,198.1200,35.3600,3.628e-06
met1,198.1200,40.8000,met1,199.8700,40.8000,9.807e-06
met1,198.1200,40.8000,met2,198.1200,40.8000,5.251e-06
met1,198.1200,51.6800,met1,203.5500,51.6800,8.337e-06
met1,198.1200,51.6800,met2,198.1200,51.6800,2.537e-06
met1,198.1200,57.1200,met1,202.1700,57.1200,9.344e-06
met1,198.1200,57.1200,met2,198.1200,57.1200,5.019e-06
met1,198.1200,68.0000,met1,201.2500,68.0000,8.821e-06
met1,198.1200,68.0000,met2,198.1200,68.0000,4.380e-06
met1,198.1200,78.8800,met1,200.5600,78.8800,1.027e-05
met1,198.1200,78.8800,met2,198.1200,78.8800,4.885e-06
met1,198.1200,89.7600,met1,201.7100,89.7600,5.529e-06
met1,198.1200,89.7600,met2,198.1200,89.7600,2.304e-06
met1,198.1200,95.2000,met1,199.8700,95.2000,5.933e-06
met1,198.1200,95.2000,met2,198.1200,95.2000,4.370e-06
met1,198.1200,100.6400,met1,203.5500,100.6400,5.105e-06
met1,198.1200,100.6400,met2,198.1200,100.6400,5.114e-06
met1,198.1200,106.0800,met1,200.7900,106.0800,4.676e-06
met1,198.1200,106.0800,met2,198.1200,106.0800,3.184e-06
met1,198.1200,111.5200,met1,203.5500,111.5200,3.357e-06
met1,198.1200,111.5200,met2,198.1200,111.5200,2.743e-06
met1,198.1200,116.9600,met1,203.5500,116.9600,2.022e-06
met1,198.1200,116.9600,met2,198.1200,116.9600,1.577e-06
met1,198.1200,122.4000,met1,203.5500,122.4000,1.849e-06
met1,198.1200,122.4000,met2,198.1200,122.4000,6.165e-07
met1,198.1200,127.8400,met1,201.7100,127.8400,1.594e-06
met1,198.1200,127.8400,met2,198.1200,127.8400,6.248e-07
met1,198.1200,144.1600,met1,200.3300,144.1600,3.950e-07
met1,198.1200,144.1600,met2,198.1200,144.1600,7.743e-07
met1,198.1200,149.6000,met1,201.7100,149.6000,9.620e-07
met1,198.1200,149.6000,met2,198.1200,149.6000,1.304e-06
met1,198.1200,155.0400,met1,203.5500,155.0400,4.380e-08
met1,198.1200,155.0400,met2,198.1200,155.0400,1.047e-06
met1,198.1200,165.9200,met1,201.2500,165.9200,9.442e-07
met1,198.1200,165.9200,met2,198.1200,165.9200,8.294e-07
met1,198.1200,171.3600,met1,200.1000,171.3600,1.487e-06
met1,198.1200,171.3600,met2,198.1200,171.3600,1.307e-06
met1,198.1200,182.2400,met1,201.4800,182.2400,1.339e-06
met1,198.1200,182.2400,met2,198.1200,182.2400,4.432e-06
met1,198.1200,193.1200,met1,201.0200,193.1200,8.143e-07
met1,198.1200,193.1200,met2,198.1200,193.1200,4.235e-06
met1,198.1200,204.0000,met1,201.2500,204.0000,2.174e-07
met1,198.1200,204.0000,met2,198.1200,204.0000,3.945e-06
met1,198.1200,209.4400,met1,202.4000,209.4400,2.725e-08
met1,198.1200,209.4400,met2,198.1200,209.4400,4.716e-06
met1,198.1200,214.8800,met1,200.1000,214.8800,7.562e-07
met1,198.1200,214.8800,met2,198.1200,214.8800,5.018e-06
met1,198.1200,220.3200,met1,202.4000,220.3200,9.142e-07
met1,198.1200,220.3200,met2,198.1200,220.3200,4.439e-06
met1,198.1200,242.0800,met1,201.2500,242.0800,7.289e-07
met1,198.1200,242.0800,met2,198.1200,242.0800,4.974e-06
met1,198.1200,252.9600,met1,203.5500,252.9600,1.991e-06
met1,198.1200,252.9600,met2,198.1200,252.9600,1.699e-06
met1,198.1200,258.4000,met1,203.5500,258.4000,2.190e-06
met1,198.1200,258.4000,met2,198.1200,258.4000,2.061e-06
met1,198.1200,263.8400,met1,201.7100,263.8400,1.997e-06
met1,198.1200,263.8400,met2,198.1200,263.8400,8.521e-07
met1,198.1200,291.0400,met1,199.8700,291.0400,6.027e-07
met1,198.1200,291.0400,met2,198.1200,291.0400,3.482e-06
met1,198.1200,329.1200,met1,202.4000,329.1200,3.274e-07
met1,198.1200,329.1200,met2,198.1200,329.1200,4.485e-06
met1,198.1200,334.5600,met1,203.5500,334.5600,1.614e-07
met1,198.1200,334.5600,met2,198.1200,334.5600,4.238e-06
met1,198.1200,340.0000,met1,200.3300,340.0000,1.390e-06
met1,198.1200,340.0000,met2,198.1200,340.0000,4.628e-06
met1,198.1200,345.4400,met1,201.0200,345.4400,6.078e-08
met1,198.1200,345.4400,met2,198.1200,345.4400,3.891e-06
met1,198.1200,350.8800,met1,201.7100,350.8800,1.732e-07
met1,198.1200,350.8800,met2,198.1200,350.8800,4.153e-06
met1,198.1200,361.7600,met1,201.0200,361.7600,1.163e-06
met1,198.1200,361.7600,met2,198.1200,361.7600,6.152e-06
met1,198.1200,367.2000,met1,201.2500,367.2000,8.461e-07
met1,198.1200,367.2000,met2,198.1200,367.2000,3.641e-06
met1,198.1200,372.6400,met1,200.1000,372.6400,2.555e-07
met1,198.1200,372.6400,met2,198.1200,372.6400,3.800e-06
met1,198.1200,378.0800,met1,203.5500,378.0800,7.774e-07
met1,198.1200,378.0800,met2,198.1200,378.0800,5.621e-06
met1,198.1200,388.9600,met1,200.5600,388.9600,1.078e-06
met1,198.1200,388.9600,met2,198.1200,388.9600,4.788e-06
met1,198.1200,399.8400,met1,200.7900,399.8400,2.523e-07
met1,198.1200,399.8400,met2,198.1200,399.8400,2.312e-06
met1,198.1200,410.7200,met1,201.7100,410.7200,1.102e-06
met1,198.1200,410.7200,met2,198.1200,410.7200,2.302e-06
met1,198.1200,416.1600,met1,203.5500,416.1600,4.967e-07
met1,198.1200,416.1600,met2,198.1200,416.1600,3.145e-06
met1,198.1200,432.4800,met1,201.9400,432.4800,1.778e-06
met1,198.1200,432.4800,met2,198.1200,432.4800,4.233e-06
met1,198.1200,437.9200,met1,201.7100,437.9200,5.351e-07
met1,198.1200,437.9200,met2,198.1200,437.9200,1.332e-06
met1,198.1200,443.3600,met1,201.4800,443.3600,1.081e-06
met1,198.1200,443.3600,met2,198.1200,443.3600,4.649e-06
met1,198.1200,448.8000,met1,201.4800,448.8000,4.323e-07
met1,198.1200,448.8000,met2,198.1200,448.8000,1.267e-06
met1,198.7200,160.4800,met1,200.7900,160.4800,2.743e-07
met1,199.1800,323.6800,met1,203.5500,323.6800,3.588e-07
met1,199.6400,176.8000,met1,202.6300,176.8000,1.507e-06
met1,199.8700,40.8000,met1,203.5500,40.8000,9.799e-06
met1,199.8700,95.2000,met1,203.5500,95.2000,5.664e-06
met1,199.8700,291.0400,met1,203.5500,291.0400,6.049e-07
met1,200.1000,73.4400,met1,203.5500,73.4400,1.121e-05
met1,200.1000,171.3600,met1,202.1700,171.3600,1.520e-06
met1,200.1000,214.8800,met1,203.5500,214.8800,7.958e-07
met1,200.1000,296.4800,met1,201.9400,296.4800,1.532e-07
met1,200.1000,372.6400,met1,203.5500,372.6400,2.198e-07
met1,200.3300,144.1600,met1,203.5500,144.1600,3.745e-07
met1,200.3300,285.6000,met1,203.5500,285.6000,9.838e-07
met1,200.3300,318.2400,met1,202.4000,318.2400,7.503e-09
met1,200.3300,340.0000,met1,203.5500,340.0000,1.385e-06
met1,200.5600,78.8800,met1,203.5500,78.8800,8.856e-06
met1,200.5600,388.9600,met1,202.4000,388.9600,1.058e-06
met1,200.7900,84.3200,met1,203.5500,84.3200,9.073e-06
met1,200.7900,106.0800,met1,202.8600,106.0800,4.616e-06
met1,200.7900,133.2800,met1,203.5500,133.2800,1.092e-06
met1,200.7900,160.4800,met1,203.0900,160.4800,9.485e-08
met1,200.7900,198.5600,met1,203.5500,198.5600,1.712e-06
met1,200.7900,399.8400,met1,203.5500,399.8400,2.867e-07
met1,201.0200,193.1200,met1,203.5500,193.1200,1.312e-06
met1,201.0200,345.4400,met1,203.5500,345.4400,4.364e-08
met1,201.0200,361.7600,met1,203.5500,361.7600,4.395e-08
met1,201.2500,68.0000,met1,203.5500,68.0000,8.553e-06
met1,201.2500,165.9200,met1,203.5500,165.9200,9.917e-07
met1,201.2500,204.0000,met1,203.5500,204.0000,4.856e-07
met1,201.2500,242.0800,met1,203.5500,242.0800,3.729e-08
met1,201.2500,301.9200,met1,203.5500,301.9200,1.084e-07
met1,201.2500,367.2000,met1,203.5500,367.2000,8.432e-07
met1,201.2500,427.0400,met1,203.5500,427.0400,5.202e-07
met1,201.4800,182.2400,met1,203.5500,182.2400,1.501e-06
met1,201.4800,356.3200,met1,203.5500,356.3200,1.387e-07
met1,201.4800,443.3600,met1,203.5500,443.3600,3.666e-08
met1,201.4800,448.8000,met1,203.5500,448.8000,4.281e-07
met1,201.7100,89.7600,met1,203.5500,89.7600,5.450e-06
met1,201.7100,127.8400,met1,203.5500,127.8400,1.473e-06
met1,201.7100,149.6000,met1,203.5500,149.6000,9.534e-07
met1,201.7100,263.8400,met1,203.5500,263.8400,2.040e-06
met1,201.7100,350.8800,met1,203.5500,350.8800,2.067e-07
met1,201.7100,410.7200,met1,203.5500,410.7200,9.398e-07
met1,201.7100,437.9200,met1,203.5500,437.9200,5.278e-07
met1,201.9400,296.4800,met1,209.0700,296.4800,1.425e-06
met1,201.9400,405.2800,met1,207.2300,405.2800,1.360e-07
met1,201.9400,432.4800,met1,213.2100,432.4800,5.117e-07
met1,202.1700,29.9200,met1,209.3000,29.9200,1.161e-05
met1,202.1700,35.3600,met1,214.1300,35.3600,8.384e-06
met1,202.1700,57.1200,met1,205.3900,57.1200,9.292e-06
met1,202.1700,171.3600,met1,204.7000,171.3600,1.584e-06
met1,202.1700,274.7200,met1,206.7700,274.7200,9.812e-07
met1,202.1700,421.6000,met1,204.4700,421.6000,4.114e-08
met1,202.4000,209.4400,met1,210.4500,209.4400,2.114e-06
met1,202.4000,220.3200,met1,215.7400,220.3200,3.053e-06
met1,202.4000,231.2000,met1,207.4600,231.2000,2.016e-06
met1,202.4000,269.2800,met1,205.8500,269.2800,1.920e-06
met1,202.4000,318.2400,met1,205.8500,318.2400,3.018e-09
met1,202.4000,329.1200,met1,206.7700,329.1200,3.353e-07
met1,202.4000,383.5200,met1,213.9000,383.5200,7.763e-08
met1,202.4000,388.9600,met1,204.4700,388.9600,1.058e-06
met1,202.6300,176.8000,met1,204.4700,176.8000,1.607e-06
met1,202.8600,106.0800,met1,205.8500,106.0800,3.194e-06
met1,203.0900,160.4800,met1,205.3900,160.4800,5.026e-08
met1,203.3200,225.7600,met1,217.3500,225.7600,2.331e-06
met1,203.3200,394.4000,met1,215.0500,394.4000,1.659e-07
met1,203.5500,13.6000,met1,207.4600,13.6000,9.344e-06
met1,203.5500,19.0400,met1,212.9800,19.0400,9.310e-06
met1,203.5500,24.4800,met1,206.0800,24.4800,1.031e-05
met1,203.5500,40.8000,met1,207.0000,40.8000,9.799e-06
met1,203.5500,46.2400,met1,212.2900,46.2400,7.834e-06
met1,203.5500,51.6800,met1,211.6000,51.6800,8.320e-06
met1,203.5500,62.5600,met1,208.3800,62.5600,6.775e-06
met1,203.5500,68.0000,met1,205.6200,68.0000,8.553e-06
met1,203.5500,73.4400,met1,208.1500,73.4400,1.121e-05
met1,203.5500,78.8800,met1,208.6100,78.8800,8.856e-06
met1,203.5500,84.3200,met1,207.4600,84.3200,9.073e-06
met1,203.5500,89.7600,met1,210.4500,89.7600,5.450e-06
met1,203.5500,95.2000,met1,209.0700,95.2000,5.664e-06
met1,203.5500,100.6400,met1,208.1500,100.6400,5.105e-06
met1,203.5500,111.5200,met1,208.6100,111.5200,3.357e-06
met1,203.5500,116.9600,met1,208.1500,116.9600,2.022e-06
met1,203.5500,122.4000,met1,209.0700,122.4000,1.813e-06
met1,203.5500,127.8400,met1,208.6100,127.8400,1.473e-06
met1,203.5500,133.2800,met1,208.1500,133.2800,1.042e-06
met1,203.5500,138.7200,met1,208.1500,138.7200,7.951e-07
met1,203.5500,144.1600,met1,207.2300,144.1600,3.745e-07
met1,203.5500,149.6000,met1,206.7700,149.6000,9.534e-07
met1,203.5500,155.0400,met1,213.6700,155.0400,2.426e-08
met1,203.5500,165.9200,met1,212.7500,165.9200,9.917e-07
met1,203.5500,182.2400,met1,213.9000,182.2400,1.501e-06
met1,203.5500,187.6800,met1,207.2300,187.6800,1.447e-06
met1,203.5500,193.1200,met1,209.7600,193.1200,1.312e-06
met1,203.5500,198.5600,met1,215.5100,198.5600,1.712e-06
met1,203.5500,204.0000,met1,206.0800,204.0000,4.856e-07
met1,203.5500,214.8800,met1,207.4600,214.8800,7.958e-07
met1,203.5500,236.6400,met1,207.6900,236.6400,1.987e-06
met1,203.5500,242.0800,met1,211.6000,242.0800,3.730e-08
met1,203.5500,247.5200,met1,209.9900,247.5200,2.452e-06
met1,203.5500,252.9600,met1,207.4600,252.9600,1.991e-06
met1,203.5500,258.4000,met1,206.7700,258.4000,2.192e-06
met1,203.5500,263.8400,met1,209.5300,263.8400,2.040e-06
met1,203.5500,280.1600,met1,205.8500,280.1600,1.059e-06
met1,203.5500,285.6000,met1,211.1400,285.6000,9.838e-07
met1,203.5500,291.0400,met1,207.0000,291.0400,6.049e-07
met1,203.5500,301.9200,met1,208.6100,301.9200,1.084e-07
met1,203.5500,307.3600,met1,207.9200,307.3600,1.006e-06
met1,203.5500,312.8000,met1,205.6200,312.8000,5.712e-07
met1,203.5500,323.6800,met1,207.2300,323.6800,3.588e-07
met1,203.5500,334.5600,met1,205.3900,334.5600,1.707e-07
met1,203.5500,340.0000,met1,209.5300,340.0000,2.649e-07
met1,203.5500,345.4400,met1,214.5900,345.4400,4.364e-08
met1,203.5500,350.8800,met1,215.5100,350.8800,2.067e-07
met1,203.5500,356.3200,met1,212.7500,356.3200,1.359e-07
met1,203.5500,361.7600,met1,211.6000,361.7600,4.395e-08
met1,203.5500,367.2000,met1,209.7600,367.2000,8.432e-07
met1,203.5500,372.6400,met1,209.9900,372.6400,2.198e-07
met1,203.5500,378.0800,met1,209.9900,378.0800,7.774e-07
met1,203.5500,399.8400,met1,210.4500,399.8400,2.867e-07
met1,203.5500,410.7200,met1,208.3800,410.7200,8.488e-07
met1,203.5500,416.1600,met1,206.3100,416.1600,7.743e-07
met1,203.5500,427.0400,met1,205.6200,427.0400,5.167e-07
met1,203.5500,437.9200,met1,213.9000,437.9200,5.250e-07
met1,203.5500,443.3600,met1,207.0000,443.3600,3.666e-08
met1,203.5500,448.8000,met1,210.6800,448.8000,4.281e-07
met1,204.4700,176.8000,met1,210.9100,176.8000,1.629e-06
met1,204.4700,388.9600,met1,207.4600,388.9600,1.051e-06
met1,204.4700,421.6000,met1,207.0000,421.6000,3.887e-08
met1,204.7000,171.3600,met1,213.2100,171.3600,1.600e-06
met1,205.3900,57.1200,met1,210.2200,57.1200,9.275e-06
met1,205.3900,160.4800,met1,209.5300,160.4800,5.863e-08
met1,205.3900,334.5600,met1,214.1300,334.5600,1.770e-07
met1,205.6200,68.0000,met1,216.2000,68.0000,7.131e-06
met1,205.6200,312.8000,met1,211.3700,312.8000,5.833e-07
met1,205.6200,427.0400,met1,213.4400,427.0400,5.136e-07
met1,205.8500,106.0800,met1,217.3500,106.0800,2.926e-06
met1,205.8500,269.2800,met1,209.5300,269.2800,2.054e-06
met1,205.8500,280.1600,met1,208.1500,280.1600,1.063e-06
met1,205.8500,318.2400,met1,209.0700,318.2400,1.302e-09
met1,206.0800,24.4800,met1,217.3500,24.4800,9.170e-06
met1,206.0800,204.0000,met1,213.4400,204.0000,1.899e-06
met1,206.3100,416.1600,met1,215.0500,416.1600,7.758e-07
met1,206.7700,149.6000,met1,210.9100,149.6000,9.253e-07
met1,206.7700,258.4000,met1,208.8400,258.4000,2.197e-06
met1,206.7700,274.7200,met1,212.5200,274.7200,9.846e-07
met1,206.7700,329.1200,met1,210.4500,329.1200,4.317e-07
met1,207.0000,40.8000,met1,211.1400,40.8000,7.657e-06
met1,207.0000,291.0400,met1,209.7600,291.0400,6.080e-07
met1,207.0000,421.6000,met1,212.0600,421.6000,3.879e-08
met1,207.0000,443.3600,met1,210.4500,443.3600,3.856e-08
met1,207.2300,144.1600,met1,215.9700,144.1600,3.659e-07
met1,207.2300,187.6800,met1,217.3500,187.6800,1.715e-06
met1,207.2300,323.6800,met1,210.4500,323.6800,3.547e-07
met1,207.2300,405.2800,met1,209.9900,405.2800,2.709e-07
met1,207.4600,13.6000,met1,217.3500,13.6000,8.215e-06
met1,207.4600,84.3200,met1,214.3600,84.3200,6.899e-06
met1,207.4600,214.8800,met1,210.2200,214.8800,1.295e-06
met1,207.4600,231.2000,met1,211.3700,231.2000,2.515e-06
met1,207.4600,252.9600,met1,215.0500,252.9600,3.100e-06
met1,207.4600,388.9600,met1,214.1300,388.9600,7.324e-08
met1,207.6900,236.6400,met1,215.9700,236.6400,2.255e-06
met1,207.9200,307.3600,met1,212.2900,307.3600,1.019e-06
met1,208.1500,73.4400,met1,210.4500,73.4400,1.119e-05
met1,208.1500,100.6400,met1,215.7400,100.6400,5.071e-06
met1,208.1500,116.9600,met1,209.9900,116.9600,2.019e-06
met1,208.1500,133.2800,met1,211.3700,133.2800,1.014e-06
met1,208.1500,138.7200,met1,211.3700,138.7200,7.756e-07
met1,208.1500,280.1600,met1,215.2800,280.1600,1.078e-06
met1,208.3800,62.5600,met1,217.3500,62.5600,6.591e-06
met1,208.3800,410.7200,met1,210.6800,410.7200,7.330e-07
met1,208.6100,78.8800,met1,215.2800,78.8800,8.839e-06
met1,208.6100,111.5200,met1,216.4300,111.5200,1.932e-06
met1,208.6100,127.8400,met1,214.1300,127.8400,1.456e-06
met1,208.6100,301.9200,met1,212.2900,301.9200,1.034e-07
met1,208.8400,258.4000,met1,210.9100,258.4000,2.201e-06
met1,209.0700,95.2000,met1,212.2900,95.2000,5.656e-06
met1,209.0700,122.4000,met1,211.8300,122.4000,1.805e-06
met1,209.0700,296.4800,met1,217.3500,296.4800,1.434e-06
met1,209.0700,318.2400,met1,217.3500,318.2400,9.584e-09
met1,209.3000,29.9200,met1,211.8300,29.9200,9.457e-06
met1,209.5300,160.4800,met1,211.3700,160.4800,6.201e-08
met1,209.5300,263.8400,met1,211.8300,263.8400,2.053e-06
met1,209.5300,269.2800,met1,211.8300,269.2800,2.056e-06
met1,209.5300,340.0000,met1,212.7500,340.0000,2.627e-07
met1,209.7600,193.1200,met1,214.5900,193.1200,2.733e-06
met1,209.7600,291.0400,met1,212.0600,291.0400,6.144e-07
met1,209.7600,367.2000,met1,212.2900,367.2000,2.740e-07
met1,209.9900,116.9600,met1,214.3600,116.9600,2.010e-06
met1,209.9900,247.5200,met1,213.2100,247.5200,2.454e-06
met1,209.9900,372.6400,met1,217.3500,372.6400,2.121e-07
met1,209.9900,378.0800,met1,217.3500,378.0800,4.940e-07
met1,209.9900,405.2800,met1,217.3500,405.2800,3.350e-07
met1,210.2200,57.1200,met1,213.2100,57.1200,7.134e-06
met1,210.2200,214.8800,met1,217.3500,214.8800,2.977e-06
met1,210.4500,73.4400,met1,215.7400,73.4400,1.118e-05
met1,210.4500,89.7600,met1,213.2100,89.7600,5.283e-06
met1,210.4500,209.4400,met1,217.3500,209.4400,2.383e-06
met1,210.4500,323.6800,met1,217.3500,323.6800,3.534e-07
met1,210.4500,329.1200,met1,212.7500,329.1200,4.326e-07
met1,210.4500,399.8400,met1,215.0500,399.8400,3.026e-07
met1,210.4500,443.3600,met1,212.5200,443.3600,4.233e-08
met1,210.6800,410.7200,met1,213.2100,410.7200,6.144e-07
met1,210.6800,448.8000,met1,212.5200,448.8000,4.263e-07
met1,210.9100,149.6000,met1,213.2100,149.6000,9.133e-07
met1,210.9100,176.8000,met1,213.4400,176.8000,1.648e-06
met1,210.9100,258.4000,met1,212.7500,258.4000,2.201e-06
met1,211.1400,40.8000,met1,214.8200,40.8000,6.237e-06
met1,211.1400,285.6000,met1,215.5100,285.6000,9.838e-07
met1,211.3700,133.2800,met1,217.3500,133.2800,1.005e-06
met1,211.3700,138.7200,met1,214.5900,138.7200,7.495e-07
met1,211.3700,160.4800,met1,214.1300,160.4800,6.860e-08
met1,211.3700,231.2000,met1,214.3600,231.2000,2.783e-06
met1,211.3700,312.8000,met1,216.6600,312.8000,5.857e-07
met1,211.6000,51.6800,met1,217.3500,51.6800,6.171e-06
met1,211.6000,242.0800,met1,217.3500,242.0800,1.461e-06
met1,211.6000,361.7600,met1,213.6700,361.7600,1.223e-06
met1,211.8300,29.9200,met1,217.3500,29.9200,9.440e-06
met1,211.8300,122.4000,met1,217.3500,122.4000,1.787e-06
met1,211.8300,263.8400,met1,214.5900,263.8400,2.061e-06
met1,211.8300,269.2800,met1,215.9700,269.2800,2.078e-06
met1,212.0600,291.0400,met1,217.3500,291.0400,1.733e-06
met1,212.0600,421.6000,met1,214.5900,421.6000,3.696e-08
met1,212.2900,46.2400,met1,217.3500,46.2400,7.566e-06
met1,212.2900,95.2000,met1,215.0500,95.2000,5.636e-06
met1,212.2900,301.9200,met1,217.3500,301.9200,9.954e-08
met1,212.2900,307.3600,met1,217.3500,307.3600,1.025e-06
met1,212.2900,367.2000,met1,215.0500,367.2000,2.818e-07
met1,212.5200,274.7200,met1,217.3500,274.7200,9.934e-07
met1,212.5200,443.3600,met1,215.5100,443.3600,1.165e-06
met1,212.5200,448.8000,met1,217.3500,448.8000,3.809e-07
met1,212.7500,165.9200,met1,215.7400,165.9200,1.010e-06
met1,212.7500,258.4000,met1,217.3500,258.4000,2.205e-06
met1,212.7500,329.1200,met1,214.5900,329.1200,5.428e-07
met1,212.7500,340.0000,met1,214.5900,340.0000,2.570e-07
met1,212.7500,356.3200,met1,216.8900,356.3200,1.324e-07
met1,212.9800,19.0400,met1,217.3500,19.0400,7.031e-06
met1,213.2100,57.1200,met1,215.7400,57.1200,7.082e-06
met1,213.2100,89.7600,met1,217.3500,89.7600,5.090e-06
met1,213.2100,149.6000,met1,215.5100,149.6000,8.929e-07
met1,213.2100,171.3600,met1,217.3500,171.3600,1.617e-06
met1,213.2100,247.5200,met1,215.9700,247.5200,2.463e-06
met1,213.2100,410.7200,met1,215.5100,410.7200,4.376e-07
met1,213.2100,432.4800,met1,217.3500,432.4800,7.605e-07
met1,213.4400,176.8000,met1,215.5100,176.8000,1.668e-06
met1,213.4400,204.0000,met1,217.3500,204.0000,3.315e-06
met1,213.4400,427.0400,met1,215.7400,427.0400,6.041e-07
met1,213.6700,155.0400,met1,215.5100,155.0400,1.978e-08
met1,213.6700,361.7600,met1,217.3500,361.7600,1.225e-06
met1,213.9000,182.2400,met1,217.3500,182.2400,1.512e-06
met1,213.9000,383.5200,met1,217.1200,383.5200,4.160e-08
met1,213.9000,437.9200,met1,217.3500,437.9200,5.210e-07
met1,214.1300,35.3600,met1,217.3500,35.3600,8.115e-06
met1,214.1300,127.8400,met1,217.3500,127.8400,1.439e-06
met1,214.1300,160.4800,met1,217.3500,160.4800,9.465e-08
met1,214.1300,334.5600,met1,216.4300,334.5600,3.483e-07
met1,214.1300,388.9600,met1,216.4300,388.9600,7.523e-08
met1,214.3600,84.3200,met1,217.3500,84.3200,5.484e-06
met1,214.3600,116.9600,met1,216.4300,116.9600,1.990e-06
met1,214.3600,231.2000,met1,217.3500,231.2000,4.204e-06
met1,214.5900,138.7200,met1,217.3500,138.7200,7.234e-07
met1,214.5900,193.1200,met1,217.3500,193.1200,2.750e-06
met1,214.5900,263.8400,met1,217.3500,263.8400,2.074e-06
met1,214.5900,329.1200,met1,217.3500,329.1200,7.177e-07
met1,214.5900,340.0000,met1,216.8900,340.0000,2.502e-07
met1,214.5900,345.4400,met1,217.3500,345.4400,2.575e-08
met1,214.5900,421.6000,met1,216.4300,421.6000,1.607e-08
met1,214.8200,40.8000,met1,217.3500,40.8000,5.738e-06
met1,215.0500,95.2000,met1,217.3500,95.2000,3.455e-06
met1,215.0500,252.9600,met1,217.3500,252.9600,3.103e-06
met1,215.0500,367.2000,met1,217.3500,367.2000,2.859e-07
met1,215.0500,394.4000,met1,217.3500,394.4000,1.713e-07
met1,215.0500,399.8400,met1,217.3500,399.8400,3.122e-07
met1,215.0500,416.1600,met1,217.3500,416.1600,7.821e-07
met1,215.2800,78.8800,met1,217.3500,78.8800,6.699e-06
met1,215.2800,280.1600,met1,217.3500,280.1600,2.346e-06
met1,215.5100,149.6000,met1,217.3500,149.6000,8.554e-07
met1,215.5100,155.0400,met1,217.3500,155.0400,1.466e-08
met1,215.5100,176.8000,met1,217.3500,176.8000,1.682e-06
met1,215.5100,198.5600,met1,217.3500,198.5600,1.729e-06
met1,215.5100,285.6000,met1,217.3500,285.6000,9.888e-07
met1,215.5100,350.8800,met1,217.3500,350.8800,2.344e-07
met1,215.5100,410.7200,met1,217.3500,410.7200,3.075e-07
met1,215.5100,443.3600,met1,217.3500,443.3600,1.166e-06
met1,215.7400,57.1200,met1,218.5000,57.1200,6.586e-06
met1,215.7400,73.4400,met1,220.3400,73.4400,9.036e-06
met1,215.7400,100.6400,met1,224.0200,100.6400,2.919e-06
met1,215.7400,165.9200,met1,223.1000,165.9200,1.030e-06
met1,215.7400,220.3200,met1,219.1900,220.3200,3.254e-06
met1,215.7400,427.0400,met1,227.0100,427.0400,6.086e-07
met1,215.9700,144.1600,met1,224.7100,144.1600,3.485e-07
met1,215.9700,236.6400,met1,223.1000,236.6400,2.272e-06
met1,215.9700,247.5200,met1,218.7300,247.5200,2.476e-06
met1,215.9700,269.2800,met1,231.1500,269.2800,2.096e-06
met1,216.2000,68.0000,met1,223.3300,68.0000,4.977e-06
met1,216.4300,111.5200,met1,219.6500,111.5200,1.926e-06
met1,216.4300,116.9600,met1,218.9600,116.9600,1.981e-06
met1,216.4300,334.5600,met1,219.4200,334.5600,3.519e-07
met1,216.4300,388.9600,met1,218.5000,388.9600,7.529e-08
met1,216.4300,421.6000,met1,219.1900,421.6000,1.999e-08
met1,216.6600,312.8000,met1,218.7300,312.8000,5.872e-07
met1,216.8900,340.0000,met1,223.1000,340.0000,2.502e-07
met1,216.8900,356.3200,met1,224.4800,356.3200,1.288e-07
met1,217.1200,383.5200,met1,221.2600,383.5200,3.967e-08
met1,217.3500,13.6000,met1,219.8800,13.6000,8.215e-06
met1,217.3500,19.0400,met1,221.2600,19.0400,7.018e-06
met1,217.3500,24.4800,met1,222.4100,24.4800,7.027e-06
met1,217.3500,29.9200,met1,223.7900,29.9200,9.440e-06
met1,217.3500,35.3600,met1,231.1500,35.3600,6.701e-06
met1,217.3500,40.8000,met1,225.6300,40.8000,5.738e-06
met1,217.3500,46.2400,met1,223.1000,46.2400,7.566e-06
met1,217.3500,51.6800,met1,221.2600,51.6800,6.171e-06
met1,217.3500,62.5600,met1,223.1000,62.5600,6.591e-06
met1,217.3500,78.8800,met1,230.6900,78.8800,6.699e-06
met1,217.3500,84.3200,met1,219.8800,84.3200,5.484e-06
met1,217.3500,89.7600,met1,229.0800,89.7600,5.090e-06
met1,217.3500,95.2000,met1,219.1900,95.2000,3.455e-06
met1,217.3500,106.0800,met1,224.7100,106.0800,2.926e-06
met1,217.3500,122.4000,met1,225.6300,122.4000,1.787e-06
met1,217.3500,127.8400,met1,219.6500,127.8400,1.430e-06
met1,217.3500,133.2800,met1,221.0300,133.2800,1.005e-06
met1,217.3500,138.7200,met1,221.4900,138.7200,7.234e-07
met1,217.3500,149.6000,met1,219.1900,149.6000,8.554e-07
met1,217.3500,155.0400,met1,219.1900,155.0400,1.466e-08
met1,217.3500,160.4800,met1,220.1100,160.4800,1.033e-07
met1,217.3500,171.3600,met1,219.1900,171.3600,1.625e-06
met1,217.3500,176.8000,met1,221.9500,176.8000,1.695e-06
met1,217.3500,182.2400,met1,225.1700,182.2400,1.512e-06
met1,217.3500,187.6800,met1,231.1500,187.6800,3.855e-06
met1,217.3500,193.1200,met1,223.3300,193.1200,2.750e-06
met1,217.3500,198.5600,met1,220.3400,198.5600,1.729e-06
met1,217.3500,204.0000,met1,225.4000,204.0000,3.332e-06
met1,217.3500,209.4400,met1,221.9500,209.4400,2.383e-06
met1,217.3500,214.8800,met1,221.2600,214.8800,2.977e-06
met1,217.3500,225.7600,met1,223.1000,225.7600,2.331e-06
met1,217.3500,231.2000,met1,226.7800,231.2000,4.204e-06
met1,217.3500,242.0800,met1,219.1900,242.0800,1.461e-06
met1,217.3500,252.9600,met1,220.5700,252.9600,3.103e-06
met1,217.3500,258.4000,met1,221.7200,258.4000,2.209e-06
met1,217.3500,263.8400,met1,220.3400,263.8400,2.074e-06
met1,217.3500,274.7200,met1,222.4100,274.7200,9.960e-07
met1,217.3500,280.1600,met1,224.7100,280.1600,2.346e-06
met1,217.3500,285.6000,met1,219.8800,285.6000,9.888e-07
met1,217.3500,291.0400,met1,221.4900,291.0400,1.733e-06
met1,217.3500,296.4800,met1,228.3900,296.4800,1.434e-06
met1,217.3500,301.9200,met1,223.5600,301.9200,1.018e-06
met1,217.3500,307.3600,met1,219.4200,307.3600,1.070e-06
met1,217.3500,318.2400,met1,223.1000,318.2400,9.584e-09
met1,217.3500,323.6800,met1,225.4000,323.6800,3.534e-07
met1,217.3500,329.1200,met1,227.7000,329.1200,7.177e-07
met1,217.3500,345.4400,met1,220.1100,345.4400,2.575e-08
met1,217.3500,350.8800,met1,219.6500,350.8800,2.344e-07
met1,217.3500,361.7600,met1,221.9500,361.7600,1.225e-06
met1,217.3500,367.2000,met1,223.5600,367.2000,2.870e-07
met1,217.3500,372.6400,met1,225.8600,372.6400,2.121e-07
met1,217.3500,378.0800,met1,219.6500,378.0800,4.964e-07
met1,217.3500,394.4000,met1,224.7100,394.4000,1.714e-07
met1,217.3500,399.8400,met1,223.3300,399.8400,3.122e-07
met1,217.3500,405.2800,met1,226.0900,405.2800,3.350e-07
met1,217.3500,410.7200,met1,219.6500,410.7200,3.075e-07
met1,217.3500,416.1600,met1,226.5500,416.1600,7.821e-07
met1,217.3500,432.4800,met1,224.4800,432.4800,7.605e-07
met1,217.3500,437.9200,met1,221.9500,437.9200,5.210e-07
met1,217.3500,443.3600,met1,221.7200,443.3600,1.166e-06
met1,217.3500,448.8000,met1,223.7900,448.8000,3.809e-07
met1,218.5000,57.1200,met1,223.7900,57.1200,6.020e-06
met1,218.5000,388.9600,met1,223.5600,388.9600,1.185e-06
met1,218.7300,247.5200,met1,225.4000,247.5200,2.479e-06
met1,218.7300,312.8000,met1,221.9500,312.8000,5.906e-07
met1,218.9600,116.9600,met1,228.8500,116.9600,1.952e-06
met1,219.1900,95.2000,met1,228.1600,95.2000,3.424e-06
met1,219.1900,149.6000,met1,222.8700,149.6000,8.358e-07
met1,219.1900,155.0400,met1,230.9200,155.0400,6.053e-09
met1,219.1900,171.3600,met1,221.0300,171.3600,1.644e-06
met1,219.1900,220.3200,met1,229.5400,220.3200,3.271e-06
met1,219.1900,242.0800,met1,224.4800,242.0800,1.478e-06
met1,219.1900,421.6000,met1,226.7800,421.6000,4.290e-08
met1,219.4200,307.3600,met1,223.7900,307.3600,1.071e-06
met1,219.4200,334.5600,met1,223.7900,334.5600,4.698e-07
met1,219.6500,111.5200,met1,222.4100,111.5200,1.907e-06
met1,219.6500,127.8400,met1,225.1700,127.8400,1.405e-06
met1,219.6500,350.8800,met1,227.0100,350.8800,2.582e-07
met1,219.6500,378.0800,met1,221.9500,378.0800,5.042e-07
met1,219.6500,410.7200,met1,229.3100,410.7200,1.023e-06
met1,219.8800,13.6000,met1,223.1000,13.6000,7.072e-06
met1,219.8800,84.3200,met1,223.3300,84.3200,4.986e-06
met1,219.8800,285.6000,met1,222.6400,285.6000,9.915e-07
met1,220.1100,160.4800,met1,226.7800,160.4800,1.202e-07
met1,220.1100,345.4400,met1,225.8600,345.4400,2.192e-08
met1,220.3400,73.4400,met1,222.1800,73.4400,8.538e-06
met1,220.3400,198.5600,met1,230.4600,198.5600,3.880e-06
met1,220.3400,263.8400,met1,223.7900,263.8400,2.096e-06
met1,220.5700,252.9600,met1,230.6900,252.9600,3.114e-06
met1,221.0300,133.2800,met1,227.0100,133.2800,9.889e-07
met1,221.0300,171.3600,met1,223.1000,171.3600,1.667e-06
met1,221.2600,19.0400,met1,225.4000,19.0400,5.881e-06
met1,221.2600,51.6800,met1,229.3100,51.6800,4.488e-06
met1,221.2600,214.8800,met1,228.8500,214.8800,5.129e-06
met1,221.2600,383.5200,met1,223.1000,383.5200,3.829e-08
met1,221.4900,138.7200,met1,225.1700,138.7200,6.987e-07
met1,221.4900,291.0400,met1,224.0200,291.0400,1.739e-06
met1,221.7200,258.4000,met1,229.3100,258.4000,3.477e-06
met1,221.7200,443.3600,met1,223.5600,443.3600,1.170e-06
met1,221.9500,176.8000,met1,223.7900,176.8000,1.713e-06
met1,221.9500,209.4400,met1,231.1500,209.4400,4.549e-06
met1,221.9500,312.8000,met1,224.7100,312.8000,5.956e-07
met1,221.9500,361.7600,met1,225.1700,361.7600,1.229e-06
met1,221.9500,378.0800,met1,224.0200,378.0800,5.075e-07
met1,221.9500,437.9200,met1,224.0200,437.9200,5.179e-07
met1,222.1800,73.4400,met1,227.2400,73.4400,8.240e-06
met1,222.4100,24.4800,met1,231.1500,24.4800,7.010e-06
met1,222.4100,111.5200,met1,229.3100,111.5200,1.876e-06
met1,222.4100,274.7200,met1,230.2300,274.7200,2.270e-06
met1,222.6400,285.6000,met1,226.0900,285.6000,1.000e-06
met1,222.8700,149.6000,met1,228.6200,149.6000,8.189e-07
met1,223.1000,13.6000,met1,227.2400,13.6000,5.944e-06
met1,223.1000,46.2400,met1,231.1500,46.2400,6.151e-06
met1,223.1000,62.5600,met1,231.1500,62.5600,5.176e-06
met1,223.1000,165.9200,met1,225.1700,165.9200,1.044e-06
met1,223.1000,171.3600,met1,228.3900,171.3600,1.685e-06
met1,223.1000,225.7600,met1,230.6900,225.7600,4.482e-06
met1,223.1000,236.6400,met1,227.9300,236.6400,4.425e-06
met1,223.1000,318.2400,met1,230.2300,318.2400,1.278e-06
met1,223.1000,340.0000,met1,229.7700,340.0000,1.020e-06
met1,223.1000,383.5200,met1,231.1500,383.5200,3.546e-08
met1,223.3300,68.0000,met1,225.6300,68.0000,4.709e-06
met1,223.3300,84.3200,met1,225.4000,84.3200,4.718e-06
met1,223.3300,193.1200,met1,228.8500,193.1200,4.431e-06
met1,223.3300,399.8400,met1,225.6300,399.8400,3.603e-07
met1,223.5600,301.9200,met1,229.0800,301.9200,2.287e-06
met1,223.5600,367.2000,met1,225.4000,367.2000,3.324e-07
met1,223.5600,388.9600,met1,226.7800,388.9600,1.223e-06
met1,223.5600,443.3600,met1,226.0900,443.3600,1.174e-06
met1,223.7900,29.9200,met1,227.2400,29.9200,7.758e-06
met1,223.7900,57.1200,met1,228.8500,57.1200,5.815e-06
met1,223.7900,176.8000,met1,225.6300,176.8000,1.744e-06
met1,223.7900,263.8400,met1,226.0900,263.8400,2.125e-06
met1,223.7900,307.3600,met1,230.0000,307.3600,1.076e-06
met1,223.7900,334.5600,met1,226.5500,334.5600,5.075e-07
met1,223.7900,448.8000,met1,231.1500,448.8000,7.365e-07
met1,224.0200,100.6400,met1,228.8500,100.6400,2.422e-06
met1,224.0200,291.0400,met1,226.7800,291.0400,1.758e-06
met1,224.0200,378.0800,met1,231.1500,378.0800,1.625e-06
met1,224.0200,437.9200,met1,231.1500,437.9200,7.494e-07
met1,224.4800,242.0800,met1,230.0000,242.0800,3.627e-06
met1,224.4800,356.3200,met1,227.2400,356.3200,1.140e-06
met1,224.4800,432.4800,met1,229.0800,432.4800,7.634e-07
met1,224.7100,106.0800,met1,228.6200,106.0800,2.885e-06
met1,224.7100,144.1600,met1,231.1500,144.1600,3.324e-07
met1,224.7100,280.1600,met1,227.7000,280.1600,2.365e-06
met1,224.7100,312.8000,met1,231.1500,312.8000,5.992e-07
met1,224.7100,394.4000,met1,231.1500,394.4000,1.724e-07
met1,225.1700,127.8400,met1,228.3900,127.8400,1.388e-06
met1,225.1700,138.7200,met1,229.3100,138.7200,6.815e-07
met1,225.1700,165.9200,met1,227.4700,165.9200,1.054e-06
met1,225.1700,182.2400,met1,229.3100,182.2400,1.529e-06
met1,225.1700,361.7600,met1,227.0100,361.7600,1.231e-06
met1,225.4000,19.0400,met1,231.1500,19.0400,3.742e-06
met1,225.4000,84.3200,met1,227.7000,84.3200,3.299e-06
met1,225.4000,204.0000,met1,231.1500,204.0000,5.470e-06
met1,225.4000,247.5200,met1,231.1500,247.5200,3.896e-06
met1,225.4000,323.6800,met1,230.2300,323.6800,9.200e-07
met1,225.4000,367.2000,met1,228.6200,367.2000,3.408e-07
met1,225.6300,40.8000,met1,229.3100,40.8000,5.423e-06
met1,225.6300,68.0000,met1,231.1500,68.0000,4.440e-06
met1,225.6300,122.4000,met1,228.8500,122.4000,1.758e-06
met1,225.6300,176.8000,met1,231.1500,176.8000,1.767e-06
met1,225.6300,399.8400,met1,227.9300,399.8400,4.622e-07
met1,225.8600,345.4400,met1,231.1500,345.4400,1.881e-08
met1,225.8600,372.6400,met1,231.1500,372.6400,9.052e-07
met1,226.0900,263.8400,met1,230.0000,263.8400,2.161e-06
met1,226.0900,285.6000,met1,231.1500,285.6000,2.123e-06
met1,226.0900,405.2800,met1,229.3100,405.2800,4.494e-07
met1,226.0900,443.3600,met1,228.6200,443.3600,1.183e-06
met1,226.5500,334.5600,met1,229.3100,334.5600,5.390e-07
met1,226.5500,416.1600,met1,231.1500,416.1600,7.908e-07
met1,226.7800,160.4800,met1,231.1500,160.4800,2.259e-06
met1,226.7800,231.2000,met1,229.7700,231.2000,5.620e-06
met1,226.7800,291.0400,met1,231.1500,291.0400,1.803e-06
met1,226.7800,388.9600,met1,231.1500,388.9600,1.224e-06
met1,226.7800,421.6000,met1,229.3100,421.6000,1.159e-06
met1,227.0100,133.2800,met1,231.1500,133.2800,9.803e-07
met1,227.0100,350.8800,met1,231.1500,350.8800,2.863e-07
met1,227.0100,361.7600,met1,228.8500,361.7600,1.233e-06
met1,227.0100,427.0400,met1,229.3100,427.0400,6.121e-07
met1,227.2400,13.6000,met1,231.1500,13.6000,4.815e-06
met1,227.2400,29.9200,met1,231.1500,29.9200,7.261e-06
met1,227.2400,73.4400,met1,231.1500,73.4400,6.826e-06
met1,227.2400,356.3200,met1,230.6900,356.3200,1.153e-06
met1,227.4700,165.9200,met1,230.2300,165.9200,1.084e-06
met1,227.7000,84.3200,met1,231.1500,84.3200,1.092e-06
met1,227.7000,280.1600,met1,231.1500,280.1600,2.374e-06
met1,227.7000,329.1200,met1,231.1500,329.1200,7.194e-07
met1,227.9300,236.6400,met1,231.1500,236.6400,4.693e-06
met1,227.9300,399.8400,met1,231.1500,399.8400,5.787e-07
met1,228.1600,95.2000,met1,231.1500,95.2000,2.007e-06
met1,228.3900,127.8400,met1,231.1500,127.8400,1.372e-06
met1,228.3900,171.3600,met1,230.6900,171.3600,1.697e-06
met1,228.3900,296.4800,met1,231.1500,296.4800,1.519e-06
met1,228.6200,106.0800,met1,231.1500,106.0800,2.853e-06
met1,228.6200,149.6000,met1,231.1500,149.6000,1.353e-06
met1,228.6200,367.2000,met1,231.1500,367.2000,3.447e-07
met1,228.6200,443.3600,met1,231.1500,443.3600,1.191e-06
met1,228.8500,57.1200,met1,231.1500,57.1200,5.781e-06
met1,228.8500,100.6400,met1,231.1500,100.6400,2.154e-06
met1,228.8500,116.9600,met1,231.1500,116.9600,1.921e-06
met1,228.8500,122.4000,met1,231.1500,122.4000,1.734e-06
met1,228.8500,193.1200,met1,231.1500,193.1200,4.700e-06
met1,228.8500,214.8800,met1,231.1500,214.8800,5.397e-06
met1,228.8500,361.7600,met1,231.1500,361.7600,1.238e-06
met1,229.0800,89.7600,met1,231.1500,89.7600,4.941e-06
met1,229.0800,301.9200,met1,231.1500,301.9200,2.311e-06
met1,229.0800,432.4800,met1,231.1500,432.4800,2.029e-06
met1,229.3100,40.8000,met1,231.1500,40.8000,5.406e-06
met1,229.3100,51.6800,met1,231.1500,51.6800,4.428e-06
met1,229.3100,111.5200,met1,231.1500,111.5200,1.852e-06
met1,229.3100,138.7200,met1,231.1500,138.7200,6.568e-07
met1,229.3100,182.2400,met1,231.1500,182.2400,3.717e-06
met1,229.3100,258.4000,met1,231.1500,258.4000,3.520e-06
met1,229.3100,334.5600,met1,231.1500,334.5600,6.999e-07
met1,229.3100,405.2800,met1,231.1500,405.2800,5.282e-07
met1,229.3100,410.7200,met1,231.1500,410.7200,1.026e-06
met1,229.3100,421.6000,met1,231.1500,421.6000,1.162e-06
met1,229.3100,427.0400,met1,231.1500,427.0400,6.133e-07
met1,229.5400,220.3200,met1,231.8400,220.3200,5.186e-06
met1,229.7700,231.2000,met1,231.8400,231.2000,5.637e-06
met1,229.7700,340.0000,met1,231.8400,340.0000,1.262e-06
met1,230.0000,242.0800,met1,231.8400,242.0800,4.124e-06
met1,230.0000,263.8400,met1,231.8400,263.8400,2.215e-06
met1,230.0000,307.3600,met1,231.8400,307.3600,1.121e-06
met1,230.2300,165.9200,met1,232.5300,165.9200,1.092e-06
met1,230.2300,274.7200,met1,234.8300,274.7200,2.281e-06
met1,230.2300,318.2400,met1,233.4500,318.2400,1.282e-06
met1,230.2300,323.6800,met1,232.7600,323.6800,9.215e-07
met1,230.4600,198.5600,met1,238.1200,198.5600,5.296e-06
met1,230.6900,78.8800,met1,236.6700,78.8800,6.682e-06
met1,230.6900,171.3600,met1,235.0600,171.3600,1.716e-06
met1,230.6900,225.7600,met1,238.1200,225.7600,4.750e-06
met1,230.6900,252.9600,met1,238.1200,252.9600,3.383e-06
met1,230.6900,356.3200,met1,232.9900,356.3200,1.189e-06
met1,230.9200,155.0400,met1,234.3700,155.0400,4.918e-07
met1,231.1500,13.6000,met1,237.3600,13.6000,4.815e-06
met1,231.1500,19.0400,met1,233.6800,19.0400,3.729e-06
met1,231.1500,24.4800,met1,238.1200,24.4800,7.010e-06
met1,231.1500,29.9200,met1,236.9000,29.9200,6.993e-06
met1,231.1500,35.3600,met1,238.1200,35.3600,6.701e-06
met1,231.1500,40.8000,met1,238.1200,40.8000,3.266e-06
met1,231.1500,46.2400,met1,234.6000,46.2400,6.151e-06
met1,231.1500,51.6800,met1,238.1200,51.6800,4.428e-06
met1,231.1500,57.1200,met1,235.5200,57.1200,5.781e-06
met1,231.1500,62.5600,met1,235.5200,62.5600,5.176e-06
met1,231.1500,68.0000,met1,236.9000,68.0000,4.423e-06
met1,231.1500,73.4400,met1,236.2100,73.4400,6.826e-06
met1,231.1500,84.3200,met1,238.1200,84.3200,1.092e-06
met1,231.1500,89.7600,met1,236.6700,89.7600,4.842e-06
met1,231.1500,95.2000,met1,234.8300,95.2000,2.007e-06
met1,231.1500,100.6400,met1,232.9900,100.6400,2.154e-06
met1,231.1500,106.0800,met1,238.1200,106.0800,1.432e-06
met1,231.1500,111.5200,met1,233.9100,111.5200,1.852e-06
met1,231.1500,116.9600,met1,234.3700,116.9600,1.921e-06
met1,231.1500,122.4000,met1,235.2900,122.4000,1.734e-06
met1,231.1500,127.8400,met1,233.4500,127.8400,1.372e-06
met1,231.1500,133.2800,met1,233.9100,133.2800,9.803e-07
met1,231.1500,138.7200,met1,232.9900,138.7200,6.568e-07
met1,231.1500,144.1600,met1,234.3700,144.1600,3.324e-07
met1,231.1500,149.6000,met1,237.1300,149.6000,1.353e-06
met1,231.1500,160.4800,met1,237.5900,160.4800,2.259e-06
met1,231.1500,176.8000,met1,238.1200,176.8000,1.767e-06
met1,231.1500,182.2400,met1,238.1200,182.2400,3.717e-06
met1,231.1500,187.6800,met1,235.0600,187.6800,3.855e-06
met1,231.1500,193.1200,met1,237.8200,193.1200,5.197e-06
met1,231.1500,204.0000,met1,233.4500,204.0000,5.470e-06
met1,231.1500,209.4400,met1,233.6800,209.4400,4.549e-06
met1,231.1500,214.8800,met1,238.1200,214.8800,5.397e-06
met1,231.1500,236.6400,met1,235.5200,236.6400,4.693e-06
met1,231.1500,247.5200,met1,238.1200,247.5200,5.313e-06
met1,231.1500,258.4000,met1,235.2900,258.4000,3.520e-06
met1,231.1500,269.2800,met1,232.9900,269.2800,2.096e-06
met1,231.1500,280.1600,met1,234.1400,280.1600,2.374e-06
met1,231.1500,285.6000,met1,238.1200,285.6000,2.123e-06
met1,231.1500,291.0400,met1,238.1200,291.0400,1.839e-06
met1,231.1500,296.4800,met1,233.9100,296.4800,1.521e-06
met1,231.1500,301.9200,met1,232.9900,301.9200,2.311e-06
met1,231.1500,312.8000,met1,236.6700,312.8000,1.719e-06
met1,231.1500,329.1200,met1,238.1200,329.1200,7.208e-07
met1,231.1500,334.5600,met1,234.3700,334.5600,7.697e-07
met1,231.1500,345.4400,met1,236.6700,345.4400,1.253e-06
met1,231.1500,350.8800,met1,236.2100,350.8800,2.863e-07
met1,231.1500,361.7600,met1,238.1200,361.7600,1.238e-06
met1,231.1500,367.2000,met1,235.9800,367.2000,3.447e-07
met1,231.1500,372.6400,met1,236.9000,372.6400,9.052e-07
met1,231.1500,378.0800,met1,236.9000,378.0800,1.625e-06
met1,231.1500,383.5200,met1,233.9100,383.5200,3.545e-08
met1,231.1500,388.9600,met1,232.9900,388.9600,2.494e-06
met1,231.1500,394.4000,met1,233.2200,394.4000,1.724e-07
met1,231.1500,399.8400,met1,233.6800,399.8400,6.578e-07
met1,231.1500,405.2800,met1,238.0500,405.2800,6.879e-07
met1,231.1500,410.7200,met1,232.9900,410.7200,1.026e-06
met1,231.1500,416.1600,met1,238.1200,416.1600,7.908e-07
met1,231.1500,421.6000,met1,238.1200,421.6000,1.164e-06
met1,231.1500,427.0400,met1,233.2200,427.0400,6.140e-07
met1,231.1500,432.4800,met1,238.1200,432.4800,2.029e-06
met1,231.1500,437.9200,met1,238.1200,437.9200,7.494e-07
met1,231.1500,443.3600,met1,235.0600,443.3600,1.191e-06
met1,231.1500,448.8000,met1,238.1200,448.8000,7.365e-07
met1,231.8400,220.3200,met1,238.1200,220.3200,5.484e-06
met1,231.8400,231.2000,met1,234.3700,231.2000,5.637e-06
met1,231.8400,242.0800,met1,238.1200,242.0800,4.124e-06
met1,231.8400,263.8400,met1,236.6700,263.8400,2.333e-06
met1,231.8400,307.3600,met1,238.1200,307.3600,1.123e-06
met1,231.8400,340.0000,met1,237.1300,340.0000,1.382e-06
met1,232.5300,165.9200,met1,238.0500,165.9200,1.115e-06
met1,232.7600,323.6800,met1,234.6000,323.6800,9.256e-07
met1,232.9900,100.6400,met1,235.9800,100.6400,2.091e-06
met1,232.9900,138.7200,met1,234.8300,138.7200,6.482e-07
met1,232.9900,269.2800,met1,238.0500,269.2800,2.102e-06
met1,232.9900,301.9200,met1,235.2900,301.9200,2.368e-06
met1,232.9900,356.3200,met1,236.4400,356.3200,1.272e-06
met1,232.9900,388.9600,met1,238.1200,388.9600,2.500e-06
met1,232.9900,410.7200,met1,236.9000,410.7200,1.264e-06
met1,233.2200,394.4000,met1,238.1200,394.4000,1.993e-07
met1,233.2200,427.0400,met1,236.6700,427.0400,6.150e-07
met1,233.4500,127.8400,met1,235.5200,127.8400,1.369e-06
met1,233.4500,204.0000,met1,238.1200,204.0000,5.738e-06
met1,233.4500,318.2400,met1,236.4400,318.2400,1.331e-06
met1,233.6800,19.0400,met1,238.1200,19.0400,2.588e-06
met1,233.6800,209.4400,met1,238.1200,209.4400,6.464e-06
met1,233.6800,399.8400,met1,238.1200,399.8400,7.440e-07
met1,233.9100,111.5200,met1,238.1200,111.5200,1.843e-06
met1,233.9100,133.2800,met1,238.1200,133.2800,9.717e-07
met1,233.9100,296.4800,met1,238.1200,296.4800,1.655e-06
met1,233.9100,383.5200,met1,238.1200,383.5200,3.254e-08
met1,234.1400,280.1600,met1,235.9800,280.1600,2.420e-06
met1,234.3700,116.9600,met1,238.1200,116.9600,1.895e-06
met1,234.3700,144.1600,met1,238.1200,144.1600,3.163e-07
met1,234.3700,155.0400,met1,236.9000,155.0400,7.601e-07
met1,234.3700,231.2000,met1,238.1200,231.2000,5.654e-06
met1,234.3700,334.5600,met1,238.1200,334.5600,9.901e-07
met1,234.6000,46.2400,met1,238.1200,46.2400,4.011e-06
met1,234.6000,323.6800,met1,238.1200,323.6800,2.044e-06
met1,234.8300,95.2000,met1,236.6700,95.2000,1.916e-06
met1,234.8300,138.7200,met1,238.1200,138.7200,6.235e-07
met1,234.8300,274.7200,met1,238.1200,274.7200,3.410e-06
met1,235.0600,171.3600,met1,236.9000,171.3600,1.732e-06
met1,235.0600,187.6800,met1,238.1200,187.6800,6.008e-06
met1,235.0600,443.3600,met1,238.0500,443.3600,1.191e-06
met1,235.2900,122.4000,met1,238.1200,122.4000,1.727e-06
met1,235.2900,258.4000,met1,238.0500,258.4000,3.526e-06
met1,235.2900,301.9200,met1,238.1200,301.9200,2.400e-06
met1,235.5200,57.1200,met1,238.1200,57.1200,3.639e-06
met1,235.5200,62.5600,met1,238.1200,62.5600,3.037e-06
met1,235.5200,127.8400,met1,237.5900,127.8400,1.348e-06
met1,235.5200,236.6400,met1,238.1200,236.6400,6.845e-06
met1,235.9800,100.6400,met1,237.8200,100.6400,1.676e-06
met1,235.9800,280.1600,met1,238.1200,280.1600,2.423e-06
met1,235.9800,367.2000,met1,237.8200,367.2000,3.466e-07
met1,236.2100,73.4400,met1,238.1200,73.4400,1.238e-05
met1,236.2100,350.8800,met1,238.1200,350.8800,2.920e-07
met1,236.4400,318.2400,met1,243.1100,318.2400,3.041e-06
met1,236.4400,318.2400,met2,238.1200,318.2400,4.372e-06
met1,236.4400,356.3200,met1,241.2700,356.3200,3.274e-06
met1,236.4400,356.3200,met2,238.1200,356.3200,4.615e-06
met1,236.6700,78.8800,met1,242.1900,78.8800,4.059e-06
met1,236.6700,78.8800,met2,238.1200,78.8800,1.233e-05
met1,236.6700,89.7600,met1,239.6600,89.7600,8.233e-06
met1,236.6700,89.7600,met2,238.1200,89.7600,3.650e-06
met1,236.6700,95.2000,met1,241.5000,95.2000,5.384e-06
met1,236.6700,95.2000,met2,238.1200,95.2000,3.542e-06
met1,236.6700,263.8400,met1,239.6600,263.8400,7.845e-07
met1,236.6700,263.8400,met2,238.1200,263.8400,1.571e-06
met1,236.6700,312.8000,met1,243.1100,312.8000,2.286e-06
met1,236.6700,312.8000,met2,238.1200,312.8000,4.006e-06
met1,236.6700,345.4400,met1,240.8100,345.4400,2.961e-06
met1,236.6700,345.4400,met2,238.1200,345.4400,4.216e-06
met1,236.6700,427.0400,met1,239.2000,427.0400,2.295e-06
met1,236.6700,427.0400,met2,238.1200,427.0400,2.917e-06
met1,236.9000,29.9200,met1,241.0400,29.9200,1.866e-05
met1,236.9000,29.9200,met2,238.1200,29.9200,1.308e-05
met1,236.9000,68.0000,met1,244.9500,68.0000,6.084e-06
met1,236.9000,68.0000,met2,238.1200,68.0000,3.801e-06
met1,236.9000,155.0400,met1,243.8000,155.0400,4.198e-07
met1,236.9000,155.0400,met2,238.1200,155.0400,1.763e-06
met1,236.9000,171.3600,met1,241.5000,171.3600,1.449e-06
met1,236.9000,171.3600,met2,238.1200,171.3600,3.444e-07
met1,236.9000,372.6400,met1,238.7400,372.6400,2.141e-06
met1,236.9000,372.6400,met2,238.1200,372.6400,4.209e-06
met1,236.9000,378.0800,met1,244.9500,378.0800,1.726e-06
met1,236.9000,378.0800,met2,238.1200,378.0800,4.623e-06
met1,236.9000,410.7200,met1,239.6600,410.7200,1.579e-06
met1,236.9000,410.7200,met2,238.1200,410.7200,3.017e-06
met1,237.1300,149.6000,met1,240.3500,149.6000,1.061e-06
met1,237.1300,149.6000,met2,238.1200,149.6000,2.423e-06
met1,237.1300,340.0000,met1,239.8900,340.0000,3.831e-06
met1,237.1300,340.0000,met2,238.1200,340.0000,5.255e-06
met1,237.3600,13.6000,met1,241.2700,13.6000,7.676e-06
met1,237.3600,13.6000,met2,238.1200,13.6000,4.225e-06
met1,237.5900,127.8400,met1,239.8900,127.8400,1.428e-06
met1,237.5900,127.8400,met2,238.1200,127.8400,1.026e-07
met1,237.5900,160.4800,met1,239.4300,160.4800,9.339e-07
met1,237.5900,160.4800,met2,238.1200,160.4800,1.333e-06
met1,237.8200,100.6400,met1,240.5800,100.6400,6.083e-06
met1,237.8200,100.6400,met2,238.1200,100.6400,4.783e-06
met1,237.8200,193.1200,met1,240.8100,193.1200,2.506e-06
met1,237.8200,193.1200,met2,238.1200,193.1200,2.988e-06
met1,237.8200,367.2000,met1,239.8900,367.2000,4.157e-06
met1,237.8200,367.2000,met2,238.1200,367.2000,4.505e-06
met1,238.0500,165.9200,met1,240.1200,165.9200,5.195e-07
met1,238.0500,165.9200,met2,238.1200,165.9200,6.376e-07
met1,238.0500,258.4000,met1,244.9500,258.4000,2.729e-06
met1,238.0500,258.4000,met2,238.1200,258.4000,8.034e-07
met1,238.0500,269.2800,met1,244.9500,269.2800,1.579e-06
met1,238.0500,269.2800,met2,238.1200,269.2800,5.238e-07
met1,238.0500,405.2800,met1,244.4900,405.2800,1.254e-06
met1,238.0500,405.2800,met2,238.1200,405.2800,2.006e-06
met1,238.0500,443.3600,met1,240.8100,443.3600,1.704e-06
met1,238.0500,443.3600,met2,238.1200,443.3600,2.961e-06
met1,238.1200,19.0400,met1,241.0400,19.0400,7.582e-06
met1,238.1200,19.0400,met2,238.1200,19.0400,4.994e-06
met1,238.1200,24.4800,met1,241.0400,24.4800,1.583e-05
met1,238.1200,24.4800,met2,238.1200,24.4800,8.820e-06
met1,238.1200,35.3600,met1,241.5000,35.3600,1.205e-05
met1,238.1200,35.3600,met2,238.1200,35.3600,5.619e-06
met1,238.1200,40.8000,met1,244.9500,40.8000,6.343e-06
met1,238.1200,40.8000,met2,238.1200,40.8000,3.576e-06
met1,238.1200,46.2400,met1,242.1900,46.2400,7.639e-06
met1,238.1200,46.2400,met2,238.1200,46.2400,3.627e-06
met1,238.1200,51.6800,met1,244.0300,51.6800,5.536e-06
met1,238.1200,51.6800,met2,238.1200,51.6800,1.108e-06
met1,238.1200,57.1200,met1,242.4200,57.1200,1.100e-05
met1,238.1200,57.1200,met2,238.1200,57.1200,7.359e-06
met1,238.1200,62.5600,met1,241.9600,62.5600,6.450e-06
met1,238.1200,62.5600,met2,238.1200,62.5600,3.413e-06
met1,238.1200,73.4400,met1,241.9600,73.4400,4.042e-06
met1,238.1200,73.4400,met2,238.1200,73.4400,1.642e-05
met1,238.1200,84.3200,met1,242.1900,84.3200,6.224e-06
met1,238.1200,84.3200,met2,238.1200,84.3200,6.453e-06
met1,238.1200,106.0800,met1,244.9500,106.0800,3.344e-06
met1,238.1200,106.0800,met2,238.1200,106.0800,1.912e-06
met1,238.1200,111.5200,met1,243.8000,111.5200,2.726e-06
met1,238.1200,111.5200,met2,238.1200,111.5200,8.826e-07
met1,238.1200,116.9600,met1,241.5000,116.9600,2.106e-06
met1,238.1200,116.9600,met2,238.1200,116.9600,2.323e-07
met1,238.1200,122.4000,met1,242.1900,122.4000,1.790e-06
met1,238.1200,122.4000,met2,238.1200,122.4000,6.258e-08
met1,238.1200,133.2800,met1,243.1100,133.2800,9.378e-07
met1,238.1200,133.2800,met2,238.1200,133.2800,3.384e-08
met1,238.1200,138.7200,met1,241.7300,138.7200,7.668e-07
met1,238.1200,138.7200,met2,238.1200,138.7200,1.594e-07
met1,238.1200,144.1600,met1,241.2700,144.1600,6.565e-07
met1,238.1200,144.1600,met2,238.1200,144.1600,3.403e-07
met1,238.1200,176.8000,met1,240.1200,176.8000,1.258e-07
met1,238.1200,176.8000,met2,238.1200,176.8000,1.695e-06
met1,238.1200,182.2400,met1,244.2600,182.2400,7.881e-07
met1,238.1200,182.2400,met2,238.1200,182.2400,4.650e-06
met1,238.1200,187.6800,met1,244.9500,187.6800,2.738e-06
met1,238.1200,187.6800,met2,238.1200,187.6800,3.769e-06
met1,238.1200,198.5600,met1,243.1100,198.5600,1.655e-06
met1,238.1200,198.5600,met2,238.1200,198.5600,3.658e-06
met1,238.1200,204.0000,met1,243.3400,204.0000,2.327e-06
met1,238.1200,204.0000,met2,238.1200,204.0000,3.411e-06
met1,238.1200,209.4400,met1,241.5000,209.4400,2.314e-06
met1,238.1200,209.4400,met2,238.1200,209.4400,4.417e-06
met1,238.1200,214.8800,met1,239.8900,214.8800,1.131e-06
met1,238.1200,214.8800,met2,238.1200,214.8800,4.471e-06
met1,238.1200,220.3200,met1,243.8000,220.3200,2.167e-06
met1,238.1200,220.3200,met2,238.1200,220.3200,3.317e-06
met1,238.1200,225.7600,met1,240.8100,225.7600,1.042e-06
met1,238.1200,225.7600,met2,238.1200,225.7600,3.725e-06
met1,238.1200,231.2000,met1,242.4200,231.2000,2.388e-06
met1,238.1200,231.2000,met2,238.1200,231.2000,3.266e-06
met1,238.1200,236.6400,met1,242.8800,236.6400,3.162e-06
met1,238.1200,236.6400,met2,238.1200,236.6400,5.839e-06
met1,238.1200,242.0800,met1,244.9500,242.0800,5.382e-06
met1,238.1200,242.0800,met2,238.1200,242.0800,9.507e-06
met1,238.1200,247.5200,met1,241.0400,247.5200,1.611e-06
met1,238.1200,247.5200,met2,238.1200,247.5200,3.701e-06
met1,238.1200,252.9600,met1,240.3500,252.9600,3.178e-06
met1,238.1200,252.9600,met2,238.1200,252.9600,4.728e-07
met1,238.1200,274.7200,met1,244.9500,274.7200,4.674e-07
met1,238.1200,274.7200,met2,238.1200,274.7200,3.878e-06
met1,238.1200,280.1600,met1,244.9500,280.1600,8.203e-07
met1,238.1200,280.1600,met2,238.1200,280.1600,1.602e-06
met1,238.1200,285.6000,met1,242.6500,285.6000,1.143e-06
met1,238.1200,285.6000,met2,238.1200,285.6000,3.266e-06
met1,238.1200,291.0400,met1,244.9500,291.0400,2.078e-07
met1,238.1200,291.0400,met2,238.1200,291.0400,3.318e-06
met1,238.1200,296.4800,met1,240.3500,296.4800,6.290e-07
met1,238.1200,296.4800,met2,238.1200,296.4800,2.284e-06
met1,238.1200,301.9200,met1,241.2700,301.9200,2.341e-06
met1,238.1200,301.9200,met2,238.1200,301.9200,4.742e-06
met1,238.1200,307.3600,met1,244.9500,307.3600,1.515e-06
met1,238.1200,307.3600,met2,238.1200,307.3600,2.638e-06
met1,238.1200,323.6800,met1,244.9500,323.6800,3.371e-06
met1,238.1200,323.6800,met2,238.1200,323.6800,5.415e-06
met1,238.1200,329.1200,met1,239.8900,329.1200,2.800e-06
met1,238.1200,329.1200,met2,238.1200,329.1200,3.520e-06
met1,238.1200,334.5600,met1,244.9500,334.5600,2.769e-06
met1,238.1200,334.5600,met2,238.1200,334.5600,3.759e-06
met1,238.1200,350.8800,met1,244.9500,350.8800,3.691e-06
met1,238.1200,350.8800,met2,238.1200,350.8800,3.983e-06
met1,238.1200,361.7600,met1,243.1100,361.7600,2.806e-06
met1,238.1200,361.7600,met2,238.1200,361.7600,4.044e-06
met1,238.1200,383.5200,met1,242.4200,383.5200,3.177e-06
met1,238.1200,383.5200,met2,238.1200,383.5200,3.145e-06
met1,238.1200,388.9600,met1,241.2700,388.9600,8.766e-07
met1,238.1200,388.9600,met2,238.1200,388.9600,3.379e-06
met1,238.1200,394.4000,met1,239.8900,394.4000,3.227e-06
met1,238.1200,394.4000,met2,238.1200,394.4000,3.427e-06
met1,238.1200,399.8400,met1,241.2700,399.8400,9.596e-07
met1,238.1200,399.8400,met2,238.1200,399.8400,1.704e-06
met1,238.1200,416.1600,met1,241.2700,416.1600,9.525e-07
met1,238.1200,416.1600,met2,238.1200,416.1600,1.807e-06
met1,238.1200,421.6000,met1,240.5800,421.6000,6.940e-07
met1,238.1200,421.6000,met2,238.1200,421.6000,1.858e-06
met1,238.1200,432.4800,met1,240.1200,432.4800,1.430e-06
met1,238.1200,432.4800,met2,238.1200,432.4800,3.459e-06
met1,238.1200,437.9200,met1,244.9500,437.9200,5.652e-07
met1,238.1200,437.9200,met2,238.1200,437.9200,2.586e-06
met1,238.1200,448.8000,met1,240.5800,448.8000,1.463e-06
met1,238.1200,448.8000,met2,238.1200,448.8000,2.199e-06
met1,238.7400,372.6400,met1,241.9600,372.6400,2.136e-06
met1,239.2000,427.0400,met1,241.0400,427.0400,2.295e-06
met1,239.4300,160.4800,met1,244.9500,160.4800,9.573e-07
met1,239.6600,89.7600,met1,243.8000,89.7600,7.715e-06
met1,239.6600,263.8400,met1,243.1100,263.8400,8.058e-07
met1,239.6600,410.7200,met1,243.8000,410.7200,1.577e-06
met1,239.8900,127.8400,met1,243.1100,127.8400,1.417e-06
met1,239.8900,214.8800,met1,244.9500,214.8800,1.148e-06
met1,239.8900,329.1200,met1,242.6500,329.1200,2.798e-06
met1,239.8900,340.0000,met1,242.6500,340.0000,3.781e-06
met1,239.8900,367.2000,met1,244.9500,367.2000,4.153e-06
met1,239.8900,394.4000,met1,243.5700,394.4000,3.225e-06
met1,240.1200,165.9200,met1,243.3400,165.9200,5.589e-07
met1,240.1200,176.8000,met1,241.9600,176.8000,3.584e-07
met1,240.1200,432.4800,met1,244.9500,432.4800,1.430e-06
met1,240.3500,149.6000,met1,243.3400,149.6000,1.044e-06
met1,240.3500,252.9600,met1,243.1100,252.9600,3.182e-06
met1,240.3500,296.4800,met1,244.9500,296.4800,6.266e-07
met1,240.5800,100.6400,met1,242.4200,100.6400,5.605e-06
met1,240.5800,421.6000,met1,244.9500,421.6000,6.881e-07
met1,240.5800,448.8000,met1,244.9500,448.8000,3.435e-07
met1,240.8100,193.1200,met1,243.1100,193.1200,2.557e-06
met1,240.8100,225.7600,met1,244.9500,225.7600,1.059e-06
met1,240.8100,345.4400,met1,244.9500,345.4400,2.959e-06
met1,240.8100,443.3600,met1,244.0300,443.3600,1.696e-06
met1,241.0400,19.0400,met1,244.9500,19.0400,6.446e-06
met1,241.0400,24.4800,met1,243.3400,24.4800,1.469e-05
met1,241.0400,29.9200,met1,244.9500,29.9200,1.753e-05
met1,241.0400,247.5200,met1,244.9500,247.5200,3.026e-06
met1,241.0400,427.0400,met1,243.3400,427.0400,1.179e-06
met1,241.2700,13.6000,met1,244.9500,13.6000,6.583e-06
met1,241.2700,144.1600,met1,244.9500,144.1600,5.117e-07
met1,241.2700,301.9200,met1,243.1100,301.9200,2.338e-06
met1,241.2700,356.3200,met1,243.1100,356.3200,3.246e-06
met1,241.2700,388.9600,met1,244.9500,388.9600,8.745e-07
met1,241.2700,399.8400,met1,244.9500,399.8400,9.532e-07
met1,241.2700,416.1600,met1,244.9500,416.1600,8.592e-07
met1,241.5000,35.3600,met1,244.9500,35.3600,1.064e-05
met1,241.5000,95.2000,met1,244.9500,95.2000,4.866e-06
met1,241.5000,116.9600,met1,243.5700,116.9600,2.090e-06
met1,241.5000,171.3600,met1,243.5700,171.3600,1.523e-06
met1,241.5000,209.4400,met1,244.9500,209.4400,2.606e-06
met1,241.7300,138.7200,met1,244.9500,138.7200,7.582e-07
met1,241.9600,62.5600,met1,244.9500,62.5600,6.157e-06
met1,241.9600,73.4400,met1,244.9500,73.4400,3.543e-06
met1,241.9600,176.8000,met1,244.0300,176.8000,3.865e-07
met1,241.9600,372.6400,met1,244.9500,372.6400,2.134e-06
met1,242.1900,46.2400,met1,244.9500,46.2400,5.957e-06
met1,242.1900,78.8800,met1,244.9500,78.8800,3.790e-06
met1,242.1900,84.3200,met1,244.9500,84.3200,6.169e-06
met1,242.1900,122.4000,met1,244.9500,122.4000,1.777e-06
met1,242.4200,57.1200,met1,244.9500,57.1200,1.050e-05
met1,242.4200,100.6400,met1,244.9500,100.6400,5.422e-06
met1,242.4200,231.2000,met1,244.9500,231.2000,2.687e-06
met1,242.4200,383.5200,met1,244.9500,383.5200,3.156e-06
met1,242.6500,285.6000,met1,244.9500,285.6000,1.264e-07
met1,242.6500,329.1200,met1,244.9500,329.1200,2.788e-06
met1,242.6500,340.0000,met1,244.9500,340.0000,3.658e-06
met1,242.8800,236.6400,met1,244.9500,236.6400,3.660e-06
met1,243.1100,127.8400,met1,244.9500,127.8400,1.386e-06
met1,243.1100,133.2800,met1,244.9500,133.2800,9.292e-07
met1,243.1100,193.1200,met1,244.9500,193.1200,2.608e-06
met1,243.1100,198.5600,met1,244.9500,198.5600,3.807e-06
met1,243.1100,252.9600,met1,244.9500,252.9600,3.190e-06
met1,243.1100,263.8400,met1,244.9500,263.8400,8.247e-07
met1,243.1100,301.9200,met1,244.9500,301.9200,2.332e-06
met1,243.1100,312.8000,met1,244.9500,312.8000,2.270e-06
met1,243.1100,318.2400,met1,244.9500,318.2400,3.035e-06
met1,243.1100,356.3200,met1,244.9500,356.3200,3.227e-06
met1,243.1100,361.7600,met1,244.9500,361.7600,2.682e-06
met1,243.3400,24.4800,met1,246.3300,24.4800,1.447e-05
met1,243.3400,149.6000,met1,247.9400,149.6000,8.404e-07
met1,243.3400,165.9200,met1,249.5500,165.9200,6.047e-07
met1,243.3400,204.0000,met1,250.9300,204.0000,3.742e-06
met1,243.3400,427.0400,met1,245.8700,427.0400,1.175e-06
met1,243.5700,116.9600,met1,246.3300,116.9600,2.031e-06
met1,243.5700,171.3600,met1,252.3100,171.3600,1.549e-06
met1,243.5700,394.4000,met1,246.1000,394.4000,3.224e-06
met1,243.8000,89.7600,met1,248.6300,89.7600,7.699e-06
met1,243.8000,111.5200,met1,245.8700,111.5200,2.705e-06
met1,243.8000,155.0400,met1,248.1700,155.0400,6.032e-07
met1,243.8000,220.3200,met1,252.3100,220.3200,4.320e-06
met1,243.8000,410.7200,met1,249.0900,410.7200,3.068e-07
met1,244.0300,51.6800,met1,255.0700,51.6800,5.268e-06
met1,244.0300,176.8000,met1,248.1700,176.8000,3.886e-07
met1,244.0300,443.3600,met1,250.4700,443.3600,1.695e-06
met1,244.2600,182.2400,met1,252.3100,182.2400,6.273e-07
met1,244.4900,405.2800,met1,247.7100,405.2800,1.249e-06
met1,244.9500,13.6000,met1,254.3800,13.6000,5.447e-06
met1,244.9500,19.0400,met1,251.6200,19.0400,5.311e-06
met1,244.9500,29.9200,met1,246.7900,29.9200,1.472e-05
met1,244.9500,35.3600,met1,248.4000,35.3600,1.064e-05
met1,244.9500,40.8000,met1,248.6300,40.8000,6.343e-06
met1,244.9500,46.2400,met1,248.1700,46.2400,5.957e-06
met1,244.9500,57.1200,met1,248.6300,57.1200,9.089e-06
met1,244.9500,62.5600,met1,247.2500,62.5600,6.157e-06
met1,244.9500,68.0000,met1,258.7500,68.0000,4.670e-06
met1,244.9500,73.4400,met1,247.2500,73.4400,3.543e-06
met1,244.9500,78.8800,met1,250.0100,78.8800,3.790e-06
met1,244.9500,84.3200,met1,253.0000,84.3200,5.407e-06
met1,244.9500,95.2000,met1,251.3900,95.2000,4.866e-06
met1,244.9500,100.6400,met1,247.4800,100.6400,5.422e-06
met1,244.9500,106.0800,met1,252.3100,106.0800,3.344e-06
met1,244.9500,122.4000,met1,247.4800,122.4000,1.725e-06
met1,244.9500,127.8400,met1,247.7100,127.8400,1.308e-06
met1,244.9500,133.2800,met1,251.3900,133.2800,9.131e-07
met1,244.9500,138.7200,met1,246.7900,138.7200,7.582e-07
met1,244.9500,144.1600,met1,247.2500,144.1600,5.117e-07
met1,244.9500,160.4800,met1,249.5500,160.4800,9.573e-07
met1,244.9500,187.6800,met1,247.2500,187.6800,2.738e-06
met1,244.9500,193.1200,met1,255.9900,193.1200,2.616e-06
met1,244.9500,198.5600,met1,254.1500,198.5600,3.807e-06
met1,244.9500,209.4400,met1,249.3200,209.4400,2.606e-06
met1,244.9500,214.8800,met1,254.3800,214.8800,3.289e-06
met1,244.9500,225.7600,met1,247.4800,225.7600,1.059e-06
met1,244.9500,231.2000,met1,250.2400,231.2000,2.687e-06
met1,244.9500,236.6400,met1,249.3200,236.6400,3.660e-06
met1,244.9500,242.0800,met1,247.2500,242.0800,5.382e-06
met1,244.9500,247.5200,met1,248.6300,247.5200,3.026e-06
met1,244.9500,252.9600,met1,252.5400,252.9600,3.200e-06
met1,244.9500,258.4000,met1,246.7900,258.4000,2.729e-06
met1,244.9500,263.8400,met1,250.7000,263.8400,8.247e-07
met1,244.9500,269.2800,met1,250.0100,269.2800,1.579e-06
met1,244.9500,274.7200,met1,247.2500,274.7200,8.003e-07
met1,244.9500,280.1600,met1,247.4800,280.1600,8.203e-07
met1,244.9500,285.6000,met1,247.9400,285.6000,1.264e-07
met1,244.9500,291.0400,met1,249.0900,291.0400,2.078e-07
met1,244.9500,296.4800,met1,253.2300,296.4800,6.217e-07
met1,244.9500,301.9200,met1,246.7900,301.9200,2.328e-06
met1,244.9500,307.3600,met1,246.7900,307.3600,1.515e-06
met1,244.9500,312.8000,met1,249.5500,312.8000,2.270e-06
met1,244.9500,318.2400,met1,248.6300,318.2400,3.035e-06
met1,244.9500,323.6800,met1,247.7100,323.6800,3.371e-06
met1,244.9500,329.1200,met1,247.2500,329.1200,2.774e-06
met1,244.9500,334.5600,met1,252.3100,334.5600,2.769e-06
met1,244.9500,340.0000,met1,247.0200,340.0000,2.544e-06
met1,244.9500,345.4400,met1,248.6300,345.4400,2.954e-06
met1,244.9500,350.8800,met1,251.8500,350.8800,3.676e-06
met1,244.9500,356.3200,met1,247.0200,356.3200,3.209e-06
met1,244.9500,361.7600,met1,255.0700,361.7600,2.682e-06
met1,244.9500,367.2000,met1,247.7100,367.2000,4.153e-06
met1,244.9500,372.6400,met1,247.2500,372.6400,2.134e-06
met1,244.9500,378.0800,met1,250.9300,378.0800,1.724e-06
met1,244.9500,383.5200,met1,250.2400,383.5200,3.156e-06
met1,244.9500,388.9600,met1,248.6300,388.9600,8.745e-07
met1,244.9500,399.8400,met1,247.4800,399.8400,9.532e-07
met1,244.9500,416.1600,met1,250.4700,416.1600,8.592e-07
met1,244.9500,421.6000,met1,251.8500,421.6000,6.881e-07
met1,244.9500,432.4800,met1,252.3100,432.4800,1.430e-06
met1,244.9500,437.9200,met1,251.6200,437.9200,5.652e-07
met1,244.9500,448.8000,met1,258.7500,448.8000,3.435e-07
met1,245.8700,111.5200,met1,247.9400,111.5200,2.682e-06
met1,245.8700,427.0400,met1,249.5500,427.0400,1.174e-06
met1,246.1000,394.4000,met1,247.9400,394.4000,3.221e-06
met1,246.3300,24.4800,met1,255.0700,24.4800,1.946e-06
met1,246.3300,116.9600,met1,248.1700,116.9600,2.008e-06
met1,246.7900,29.9200,met1,258.7500,29.9200,1.046e-06
met1,246.7900,138.7200,met1,253.9200,138.7200,7.335e-07
met1,246.7900,258.4000,met1,256.4500,258.4000,2.743e-06
met1,246.7900,301.9200,met1,256.6800,301.9200,2.308e-06
met1,246.7900,307.3600,met1,253.6900,307.3600,1.513e-06
met1,247.0200,340.0000,met1,248.8600,340.0000,2.540e-06
met1,247.0200,356.3200,met1,252.3100,356.3200,3.177e-06
met1,247.2500,62.5600,met1,256.6800,62.5600,5.592e-06
met1,247.2500,73.4400,met1,251.3900,73.4400,1.856e-06
met1,247.2500,144.1600,met1,257.1400,144.1600,4.870e-07
met1,247.2500,187.6800,met1,250.2400,187.6800,3.006e-06
met1,247.2500,242.0800,met1,251.3900,242.0800,5.114e-06
met1,247.2500,274.7200,met1,253.9200,274.7200,8.032e-07
met1,247.2500,329.1200,met1,254.1500,329.1200,2.771e-06
met1,247.2500,372.6400,met1,251.3900,372.6400,2.131e-06
met1,247.4800,100.6400,met1,255.9900,100.6400,4.008e-06
met1,247.4800,122.4000,met1,253.2300,122.4000,1.696e-06
met1,247.4800,225.7600,met1,255.3000,225.7600,3.215e-06
met1,247.4800,280.1600,met1,253.2300,280.1600,8.229e-07
met1,247.4800,399.8400,met1,255.7600,399.8400,8.723e-07
met1,247.7100,127.8400,met1,255.7600,127.8400,1.248e-06
met1,247.7100,323.6800,met1,250.9300,323.6800,3.368e-06
met1,247.7100,367.2000,met1,250.7000,367.2000,4.148e-06
met1,247.7100,405.2800,met1,254.6100,405.2800,1.247e-06
met1,247.9400,111.5200,met1,249.7800,111.5200,2.659e-06
met1,247.9400,149.6000,met1,256.6800,149.6000,5.755e-07
met1,247.9400,285.6000,met1,251.3900,285.6000,1.280e-07
met1,247.9400,394.4000,met1,251.1600,394.4000,2.094e-06
met1,248.1700,46.2400,met1,254.8400,46.2400,5.940e-06
met1,248.1700,116.9600,met1,258.7500,116.9600,1.955e-06
met1,248.1700,155.0400,met1,255.0700,155.0400,6.193e-07
met1,248.1700,176.8000,met1,255.7600,176.8000,7.688e-07
met1,248.4000,35.3600,met1,258.7500,35.3600,3.317e-06
met1,248.6300,40.8000,met1,252.5400,40.8000,6.326e-06
met1,248.6300,57.1200,met1,254.6100,57.1200,4.141e-06
met1,248.6300,89.7600,met1,250.9300,89.7600,2.819e-06
met1,248.6300,247.5200,met1,254.6100,247.5200,3.112e-06
met1,248.6300,318.2400,met1,251.8500,318.2400,3.034e-06
met1,248.6300,345.4400,met1,250.9300,345.4400,2.954e-06
met1,248.6300,388.9600,met1,250.4700,388.9600,8.710e-07
met1,248.8600,340.0000,met1,250.9300,340.0000,2.537e-06
met1,249.0900,291.0400,met1,251.8500,291.0400,2.043e-07
met1,249.0900,410.7200,met1,250.9300,410.7200,1.997e-07
met1,249.3200,209.4400,met1,253.2300,209.4400,3.104e-06
met1,249.3200,236.6400,met1,254.1500,236.6400,5.075e-06
met1,249.5500,160.4800,met1,251.3900,160.4800,9.650e-07
met1,249.5500,165.9200,met1,251.3900,165.9200,6.235e-07
met1,249.5500,312.8000,met1,253.6900,312.8000,2.268e-06
met1,249.5500,427.0400,met1,253.0000,427.0400,1.127e-06
met1,249.7800,111.5200,met1,251.6200,111.5200,2.649e-06
met1,250.0100,78.8800,met1,258.7500,78.8800,3.735e-06
met1,250.0100,269.2800,met1,254.6100,269.2800,1.591e-06
met1,250.2400,187.6800,met1,258.7500,187.6800,4.428e-06
met1,250.2400,231.2000,met1,258.5200,231.2000,3.184e-06
met1,250.2400,383.5200,met1,252.0800,383.5200,3.120e-06
met1,250.4700,388.9600,met1,258.7500,388.9600,8.683e-07
met1,250.4700,416.1600,met1,253.2300,416.1600,8.067e-07
met1,250.4700,443.3600,met1,255.5300,443.3600,4.230e-07
met1,250.7000,263.8400,met1,255.0700,263.8400,2.110e-06
met1,250.7000,367.2000,met1,254.8400,367.2000,2.878e-06
met1,250.9300,89.7600,met1,258.7500,89.7600,2.802e-06
met1,250.9300,204.0000,met1,258.7500,204.0000,5.428e-06
met1,250.9300,323.6800,met1,254.1500,323.6800,3.363e-06
met1,250.9300,340.0000,met1,253.2300,340.0000,2.533e-06
met1,250.9300,345.4400,met1,253.2300,345.4400,2.951e-06
met1,250.9300,378.0800,met1,257.8300,378.0800,1.719e-06
met1,250.9300,410.7200,met1,253.6900,410.7200,1.975e-07
met1,251.1600,394.4000,met1,253.2300,394.4000,2.092e-06
met1,251.3900,73.4400,met1,258.0600,73.4400,1.839e-06
met1,251.3900,95.2000,met1,258.0600,95.2000,4.832e-06
met1,251.3900,133.2800,met1,255.5300,133.2800,9.054e-07
met1,251.3900,160.4800,met1,256.9100,160.4800,9.885e-07
met1,251.3900,165.9200,met1,254.6100,165.9200,6.321e-07
met1,251.3900,242.0800,met1,255.3000,242.0800,3.623e-06
met1,251.3900,285.6000,met1,254.8400,285.6000,1.308e-07
met1,251.3900,372.6400,met1,255.3000,372.6400,2.130e-06
met1,251.6200,19.0400,met1,258.7500,19.0400,4.031e-06
met1,251.6200,111.5200,met1,254.1500,111.5200,2.639e-06
met1,251.6200,437.9200,met1,254.1500,437.9200,5.632e-07
met1,251.8500,291.0400,met1,256.4500,291.0400,1.964e-07
met1,251.8500,318.2400,met1,258.7500,318.2400,3.025e-06
met1,251.8500,350.8800,met1,258.7500,350.8800,3.650e-06
met1,251.8500,421.6000,met1,253.6900,421.6000,6.873e-07
met1,252.0800,383.5200,met1,258.7500,383.5200,1.850e-06
met1,252.3100,106.0800,met1,254.6100,106.0800,3.340e-06
met1,252.3100,171.3600,met1,257.8300,171.3600,1.566e-06
met1,252.3100,182.2400,met1,257.3700,182.2400,6.443e-07
met1,252.3100,220.3200,met1,258.7500,220.3200,4.588e-06
met1,252.3100,334.5600,met1,258.7500,334.5600,2.769e-06
met1,252.3100,356.3200,met1,258.7500,356.3200,3.138e-06
met1,252.3100,432.4800,met1,258.7500,432.4800,1.553e-07
met1,252.5400,40.8000,met1,258.7500,40.8000,2.891e-06
met1,252.5400,252.9600,met1,256.2200,252.9600,3.203e-06
met1,253.0000,84.3200,met1,258.2900,84.3200,3.254e-06
met1,253.0000,427.0400,met1,256.2200,427.0400,2.372e-09
met1,253.2300,122.4000,met1,255.9900,122.4000,1.530e-06
met1,253.2300,209.4400,met1,258.0600,209.4400,3.372e-06
met1,253.2300,280.1600,met1,258.7500,280.1600,8.266e-07
met1,253.2300,296.4800,met1,255.9900,296.4800,6.095e-07
met1,253.2300,340.0000,met1,258.7500,340.0000,2.533e-06
met1,253.2300,345.4400,met1,255.0700,345.4400,2.948e-06
met1,253.2300,394.4000,met1,258.7500,394.4000,2.089e-06
met1,253.2300,416.1600,met1,255.9900,416.1600,7.062e-07
met1,253.6900,307.3600,met1,258.7500,307.3600,1.507e-06
met1,253.6900,312.8000,met1,255.5300,312.8000,2.265e-06
met1,253.6900,410.7200,met1,258.7500,410.7200,9.315e-08
met1,253.6900,421.6000,met1,255.7600,421.6000,6.811e-07
met1,253.9200,138.7200,met1,255.9900,138.7200,7.197e-07
met1,253.9200,274.7200,met1,256.4500,274.7200,8.074e-07
met1,254.1500,111.5200,met1,257.3700,111.5200,2.621e-06
met1,254.1500,198.5600,met1,258.7500,198.5600,3.824e-06
met1,254.1500,236.6400,met1,258.7500,236.6400,5.343e-06
met1,254.1500,323.6800,met1,258.7500,323.6800,3.361e-06
met1,254.1500,329.1200,met1,255.9900,329.1200,2.767e-06
met1,254.1500,437.9200,met1,257.8300,437.9200,5.615e-07
met1,254.3800,13.6000,met1,258.7500,13.6000,4.306e-06
met1,254.3800,214.8800,met1,258.7500,214.8800,4.705e-06
met1,254.6100,57.1200,met1,257.3700,57.1200,4.124e-06
met1,254.6100,106.0800,met1,258.7500,106.0800,3.332e-06
met1,254.6100,165.9200,met1,256.9100,165.9200,6.541e-07
met1,254.6100,247.5200,met1,258.7500,247.5200,4.237e-06
met1,254.6100,269.2800,met1,257.1400,269.2800,1.595e-06
met1,254.6100,405.2800,met1,256.9100,405.2800,1.169e-06
met1,254.8400,46.2400,met1,258.7500,46.2400,3.799e-06
met1,254.8400,285.6000,met1,256.6800,285.6000,1.336e-07
met1,254.8400,367.2000,met1,257.3700,367.2000,1.758e-06
met1,255.0700,24.4800,met1,258.7500,24.4800,1.929e-06
met1,255.0700,51.6800,met1,258.7500,51.6800,5.248e-06
met1,255.0700,155.0400,met1,256.9100,155.0400,6.326e-07
met1,255.0700,263.8400,met1,258.7500,263.8400,2.137e-06
met1,255.0700,345.4400,met1,257.1400,345.4400,2.947e-06
met1,255.0700,361.7600,met1,258.7500,361.7600,2.681e-06
met1,255.3000,225.7600,met1,258.7500,225.7600,4.634e-06
met1,255.3000,242.0800,met1,258.0600,242.0800,2.190e-06
met1,255.3000,372.6400,met1,257.1400,372.6400,2.084e-06
met1,255.5300,133.2800,met1,257.8300,133.2800,8.819e-07
met1,255.5300,312.8000,met1,258.7500,312.8000,2.261e-06
met1,255.5300,443.3600,met1,258.7500,443.3600,4.222e-07
met1,255.7600,127.8400,met1,257.6000,127.8400,1.223e-06
met1,255.7600,176.8000,met1,258.7500,176.8000,2.186e-06
met1,255.7600,399.8400,met1,258.7500,399.8400,7.420e-07
met1,255.7600,421.6000,met1,258.7500,421.6000,6.801e-07
met1,255.9900,100.6400,met1,258.7500,100.6400,1.787e-06
met1,255.9900,122.4000,met1,258.7500,122.4000,1.492e-06
met1,255.9900,138.7200,met1,257.8300,138.7200,6.995e-07
met1,255.9900,193.1200,met1,258.7500,193.1200,2.633e-06
met1,255.9900,296.4800,met1,258.7500,296.4800,6.004e-07
met1,255.9900,329.1200,met1,258.7500,329.1200,2.758e-06
met1,255.9900,416.1600,met1,258.2900,416.1600,6.453e-07
met1,256.2200,252.9600,met1,258.7500,252.9600,3.210e-06
met1,256.2200,427.0400,met1,258.7500,427.0400,4.784e-10
met1,256.4500,258.4000,met1,258.7500,258.4000,2.777e-06
met1,256.4500,274.7200,met1,258.7500,274.7200,8.154e-07
met1,256.4500,291.0400,met1,258.7500,291.0400,1.915e-07
met1,256.6800,62.5600,met1,258.7500,62.5600,3.454e-06
met1,256.6800,149.6000,met1,258.7500,149.6000,5.862e-07
met1,256.6800,285.6000,met1,258.5200,285.6000,1.378e-07
met1,256.6800,301.9200,met1,258.7500,301.9200,1.195e-06
met1,256.9100,155.0400,met1,258.7500,155.0400,6.469e-07
met1,256.9100,160.4800,met1,258.7500,160.4800,9.978e-07
met1,256.9100,165.9200,met1,258.7500,165.9200,6.743e-07
met1,256.9100,405.2800,met1,258.7500,405.2800,1.046e-06
met1,257.1400,144.1600,met1,260.1300,144.1600,4.763e-07
met1,257.1400,269.2800,met1,259.6700,269.2800,1.597e-06
met1,257.1400,345.4400,met1,259.4400,345.4400,2.943e-06
met1,257.1400,372.6400,met1,268.6400,372.6400,2.084e-06
met1,257.3700,57.1200,met1,259.9000,57.1200,4.107e-06
met1,257.3700,111.5200,met1,264.5000,111.5200,2.615e-06
met1,257.3700,182.2400,met1,264.5000,182.2400,2.835e-06
met1,257.3700,367.2000,met1,259.2100,367.2000,1.754e-06
met1,257.6000,127.8400,met1,260.5900,127.8400,1.177e-06
met1,257.8300,133.2800,met1,264.5000,133.2800,8.631e-07
met1,257.8300,138.7200,met1,259.6700,138.7200,6.868e-07
met1,257.8300,171.3600,met1,260.1300,171.3600,1.569e-06
met1,257.8300,378.0800,met1,260.1300,378.0800,1.717e-06
met1,257.8300,437.9200,met1,260.3600,437.9200,5.599e-07
met1,258.0600,73.4400,met1,262.4300,73.4400,4.250e-07
met1,258.0600,95.2000,met1,263.5800,95.2000,2.694e-06
met1,258.0600,209.4400,met1,267.4900,209.4400,4.791e-06
met1,258.0600,242.0800,met1,263.8100,242.0800,7.997e-06
met1,258.2900,84.3200,met1,261.7400,84.3200,2.986e-06
met1,258.2900,416.1600,met1,260.8200,416.1600,6.070e-07
met1,258.5200,231.2000,met1,263.3500,231.2000,4.607e-06
met1,258.5200,285.6000,met1,263.1200,285.6000,1.251e-06
met1,258.7500,13.6000,met1,262.6600,13.6000,4.306e-06
met1,258.7500,19.0400,met1,262.6600,19.0400,4.031e-06
met1,258.7500,24.4800,met1,261.7400,24.4800,1.929e-06
met1,258.7500,29.9200,met1,261.2800,29.9200,1.046e-06
met1,258.7500,35.3600,met1,262.8900,35.3600,3.317e-06
met1,258.7500,40.8000,met1,265.6500,40.8000,2.891e-06
met1,258.7500,46.2400,met1,261.9700,46.2400,3.799e-06
met1,258.7500,51.6800,met1,261.7400,51.6800,5.248e-06
met1,258.7500,62.5600,met1,268.4100,62.5600,3.454e-06
met1,258.7500,68.0000,met1,264.5000,68.0000,4.670e-06
met1,258.7500,78.8800,met1,266.8000,78.8800,3.735e-06
met1,258.7500,89.7600,met1,265.1900,89.7600,2.802e-06
met1,258.7500,100.6400,met1,270.2500,100.6400,1.787e-06
met1,258.7500,106.0800,met1,263.8100,106.0800,3.332e-06
met1,258.7500,116.9600,met1,260.8200,116.9600,1.955e-06
met1,258.7500,122.4000,met1,262.6600,122.4000,1.492e-06
met1,258.7500,149.6000,met1,265.1900,149.6000,5.999e-07
met1,258.7500,155.0400,met1,261.0500,155.0400,6.572e-07
met1,258.7500,160.4800,met1,271.6300,160.4800,9.978e-07
met1,258.7500,165.9200,met1,261.2800,165.9200,6.988e-07
met1,258.7500,176.8000,met1,270.0200,176.8000,2.186e-06
met1,258.7500,187.6800,met1,272.5500,187.6800,4.428e-06
met1,258.7500,193.1200,met1,261.7400,193.1200,2.633e-06
met1,258.7500,198.5600,met1,260.8200,198.5600,3.824e-06
met1,258.7500,204.0000,met1,266.3400,204.0000,5.428e-06
met1,258.7500,214.8800,met1,265.4200,214.8800,4.705e-06
met1,258.7500,220.3200,met1,261.5100,220.3200,4.605e-06
met1,258.7500,225.7600,met1,266.8000,225.7600,4.634e-06
met1,258.7500,236.6400,met1,263.8100,236.6400,5.343e-06
met1,258.7500,247.5200,met1,266.8000,247.5200,4.237e-06
met1,258.7500,252.9600,met1,261.0500,252.9600,3.214e-06
met1,258.7500,258.4000,met1,261.0500,258.4000,2.777e-06
met1,258.7500,263.8400,met1,267.4900,263.8400,2.148e-06
met1,258.7500,274.7200,met1,267.7200,274.7200,1.929e-06
met1,258.7500,280.1600,met1,262.4300,280.1600,8.266e-07
met1,258.7500,291.0400,met1,261.2800,291.0400,1.915e-07
met1,258.7500,296.4800,met1,260.8200,296.4800,6.004e-07
met1,258.7500,301.9200,met1,261.2800,301.9200,1.195e-06
met1,258.7500,307.3600,met1,261.0500,307.3600,1.507e-06
met1,258.7500,312.8000,met1,264.2700,312.8000,2.255e-06
met1,258.7500,318.2400,met1,264.0400,318.2400,3.025e-06
met1,258.7500,323.6800,met1,261.2800,323.6800,3.361e-06
met1,258.7500,329.1200,met1,261.5100,329.1200,2.754e-06
met1,258.7500,334.5600,met1,260.5900,334.5600,2.756e-06
met1,258.7500,340.0000,met1,260.5900,340.0000,2.533e-06
met1,258.7500,350.8800,met1,268.4100,350.8800,2.380e-06
met1,258.7500,356.3200,met1,261.5100,356.3200,3.138e-06
met1,258.7500,361.7600,met1,261.0500,361.7600,2.656e-06
met1,258.7500,383.5200,met1,261.7400,383.5200,1.804e-06
met1,258.7500,388.9600,met1,268.4100,388.9600,8.683e-07
met1,258.7500,394.4000,met1,266.5700,394.4000,8.179e-07
met1,258.7500,399.8400,met1,261.9700,399.8400,7.420e-07
met1,258.7500,405.2800,met1,260.5900,405.2800,1.046e-06
met1,258.7500,410.7200,met1,262.8900,410.7200,9.315e-08
met1,258.7500,421.6000,met1,272.5500,421.6000,6.801e-07
met1,258.7500,427.0400,met1,260.8200,427.0400,4.785e-10
met1,258.7500,432.4800,met1,264.2700,432.4800,1.553e-07
met1,258.7500,443.3600,met1,262.2000,443.3600,6.957e-07
met1,258.7500,448.8000,met1,261.9700,448.8000,3.351e-07
met1,259.2100,367.2000,met1,264.2700,367.2000,1.749e-06
met1,259.4400,345.4400,met1,261.7400,345.4400,2.762e-06
met1,259.6700,138.7200,met1,264.9600,138.7200,6.775e-07
met1,259.6700,269.2800,met1,269.3300,269.2800,1.602e-06
met1,259.9000,57.1200,met1,264.5000,57.1200,1.966e-06
met1,260.1300,144.1600,met1,268.6400,144.1600,4.663e-07
met1,260.1300,171.3600,met1,268.8700,171.3600,1.576e-06
met1,260.1300,378.0800,met1,262.4300,378.0800,1.712e-06
met1,260.3600,437.9200,met1,270.9400,437.9200,5.597e-07
met1,260.5900,127.8400,met1,267.0300,127.8400,1.152e-06
met1,260.5900,334.5600,met1,272.5500,334.5600,2.744e-06
met1,260.5900,340.0000,met1,266.3400,340.0000,2.533e-06
met1,260.5900,405.2800,met1,270.7100,405.2800,1.037e-06
met1,260.8200,116.9600,met1,269.1000,116.9600,1.606e-06
met1,260.8200,198.5600,met1,265.6500,198.5600,5.966e-06
met1,260.8200,296.4800,met1,263.3500,296.4800,5.941e-07
met1,260.8200,416.1600,met1,262.6600,416.1600,4.744e-07
met1,260.8200,427.0400,met1,262.6600,427.0400,3.318e-09
met1,261.0500,155.0400,met1,265.4200,155.0400,7.122e-07
met1,261.0500,252.9600,met1,262.8900,252.9600,3.231e-06
met1,261.0500,258.4000,met1,265.1900,258.4000,2.793e-06
met1,261.0500,307.3600,met1,272.5500,307.3600,1.498e-06
met1,261.0500,361.7600,met1,262.8900,361.7600,2.628e-06
met1,261.2800,29.9200,met1,270.9400,29.9200,2.460e-06
met1,261.2800,165.9200,met1,263.1200,165.9200,7.244e-07
met1,261.2800,291.0400,met1,264.0400,291.0400,1.898e-07
met1,261.2800,301.9200,met1,265.1900,301.9200,1.192e-06
met1,261.2800,323.6800,met1,267.7200,323.6800,2.093e-06
met1,261.5100,220.3200,met1,270.0200,220.3200,4.622e-06
met1,261.5100,329.1200,met1,267.4900,329.1200,2.750e-06
met1,261.5100,356.3200,met1,263.3500,356.3200,3.127e-06
met1,261.7400,24.4800,met1,270.4800,24.4800,4.808e-07
met1,261.7400,51.6800,met1,265.8800,51.6800,3.832e-06
met1,261.7400,84.3200,met1,264.0400,84.3200,2.485e-06
met1,261.7400,193.1200,met1,269.3300,193.1200,4.777e-06
met1,261.7400,345.4400,met1,267.0300,345.4400,2.667e-06
met1,261.7400,383.5200,met1,264.0400,383.5200,6.821e-07
met1,261.9700,46.2400,met1,265.4200,46.2400,3.262e-06
met1,261.9700,399.8400,met1,269.7900,399.8400,7.400e-07
met1,261.9700,448.8000,met1,272.5500,448.8000,3.321e-07
met1,262.2000,443.3600,met1,264.0400,443.3600,6.999e-07
met1,262.4300,73.4400,met1,268.4100,73.4400,1.568e-07
met1,262.4300,280.1600,met1,272.5500,280.1600,8.453e-07
met1,262.4300,378.0800,met1,264.2700,378.0800,1.711e-06
met1,262.6600,13.6000,met1,270.9400,13.6000,3.147e-06
met1,262.6600,19.0400,met1,268.6400,19.0400,2.896e-06
met1,262.6600,122.4000,met1,264.9600,122.4000,1.418e-06
met1,262.6600,416.1600,met1,265.1900,416.1600,3.774e-07
met1,262.6600,427.0400,met1,265.1900,427.0400,1.087e-08
met1,262.8900,35.3600,met1,266.8000,35.3600,3.300e-06
met1,262.8900,252.9600,met1,270.7100,252.9600,3.235e-06
met1,262.8900,361.7600,met1,265.6500,361.7600,2.587e-06
met1,262.8900,410.7200,met1,265.1900,410.7200,8.931e-08
met1,263.1200,165.9200,met1,265.6500,165.9200,7.401e-07
met1,263.1200,285.6000,met1,265.4200,285.6000,1.270e-06
met1,263.3500,231.2000,met1,270.0200,231.2000,4.624e-06
met1,263.3500,296.4800,met1,270.2500,296.4800,5.939e-07
met1,263.3500,356.3200,met1,265.6500,356.3200,3.120e-06
met1,263.5800,95.2000,met1,272.5500,95.2000,2.179e-06
met1,263.8100,106.0800,met1,272.5500,106.0800,1.643e-06
met1,263.8100,236.6400,met1,272.5500,236.6400,6.456e-06
met1,263.8100,242.0800,met1,266.3400,242.0800,9.722e-06
met1,264.0400,84.3200,met1,270.4800,84.3200,2.137e-06
met1,264.0400,291.0400,met1,272.5500,291.0400,1.534e-07
met1,264.0400,318.2400,met1,270.2500,318.2400,1.758e-06
met1,264.0400,383.5200,met1,266.3400,383.5200,6.794e-07
met1,264.0400,443.3600,met1,270.4800,443.3600,6.999e-07
met1,264.2700,312.8000,met1,269.3300,312.8000,2.250e-06
met1,264.2700,367.2000,met1,267.9500,367.2000,1.745e-06
met1,264.2700,378.0800,met1,272.5500,378.0800,1.710e-06
met1,264.2700,432.4800,met1,272.5500,432.4800,9.651e-07
met1,264.5000,57.1200,met1,268.1800,57.1200,1.821e-07
met1,264.5000,68.0000,met1,272.5500,68.0000,3.256e-06
met1,264.5000,111.5200,met1,272.5500,111.5200,1.201e-06
met1,264.5000,133.2800,met1,266.5700,133.2800,8.218e-07
met1,264.5000,182.2400,met1,266.5700,182.2400,4.989e-06
met1,264.9600,122.4000,met1,268.8700,122.4000,1.390e-06
met1,264.9600,138.7200,met1,267.0300,138.7200,6.637e-07
met1,265.1900,89.7600,met1,269.1000,89.7600,2.785e-06
met1,265.1900,149.6000,met1,267.2600,149.6000,6.092e-07
met1,265.1900,258.4000,met1,269.5600,258.4000,2.871e-06
met1,265.1900,301.9200,met1,267.2600,301.9200,1.189e-06
met1,265.1900,410.7200,met1,272.5500,410.7200,8.202e-08
met1,265.1900,416.1600,met1,267.0300,416.1600,2.638e-07
met1,265.1900,427.0400,met1,272.5500,427.0400,2.345e-08
met1,265.4200,46.2400,met1,272.5500,46.2400,2.763e-06
met1,265.4200,155.0400,met1,267.2600,155.0400,7.377e-07
met1,265.4200,214.8800,met1,270.2500,214.8800,6.856e-06
met1,265.4200,285.6000,met1,270.4800,285.6000,1.283e-06
met1,265.6500,40.8000,met1,271.4000,40.8000,2.874e-06
met1,265.6500,165.9200,met1,269.1000,165.9200,7.982e-07
met1,265.6500,198.5600,met1,269.5600,198.5600,6.234e-06
met1,265.6500,356.3200,met1,267.9500,356.3200,3.115e-06
met1,265.6500,361.7600,met1,270.7100,361.7600,2.453e-06
met1,265.8800,51.6800,met1,270.7100,51.6800,3.579e-06
met1,266.3400,204.0000,met1,272.5500,204.0000,6.844e-06
met1,266.3400,242.0800,met1,268.8700,242.0800,1.561e-05
met1,266.3400,340.0000,met1,269.3300,340.0000,2.529e-06
met1,266.3400,383.5200,met1,270.4800,383.5200,6.794e-07
met1,266.5700,133.2800,met1,268.4100,133.2800,7.856e-07
met1,266.5700,182.2400,met1,270.0200,182.2400,5.257e-06
met1,266.5700,394.4000,met1,268.6400,394.4000,8.093e-07
met1,266.8000,35.3600,met1,271.4000,35.3600,1.160e-06
met1,266.8000,78.8800,met1,272.5500,78.8800,2.422e-06
met1,266.8000,225.7600,met1,272.5500,225.7600,6.784e-06
met1,266.8000,247.5200,met1,272.5500,247.5200,5.504e-06
met1,267.0300,127.8400,met1,269.5600,127.8400,1.111e-06
met1,267.0300,138.7200,met1,272.3200,138.7200,6.534e-07
met1,267.0300,345.4400,met1,269.3300,345.4400,2.667e-06
met1,267.0300,416.1600,met1,269.7900,416.1600,2.581e-07
met1,267.2600,149.6000,met1,269.7900,149.6000,6.456e-07
met1,267.2600,155.0400,met1,270.2500,155.0400,7.534e-07
met1,267.2600,301.9200,met1,270.9400,301.9200,7.846e-08
met1,267.4900,209.4400,met1,272.5500,209.4400,4.808e-06
met1,267.4900,263.8400,met1,272.5500,263.8400,2.190e-06
met1,267.4900,329.1200,met1,269.7900,329.1200,2.749e-06
met1,267.7200,274.7200,met1,272.5500,274.7200,3.201e-06
met1,267.7200,323.6800,met1,272.3200,323.6800,2.089e-06
met1,267.9500,356.3200,met1,270.4800,356.3200,3.102e-06
met1,267.9500,367.2000,met1,270.7100,367.2000,1.742e-06
met1,268.1800,57.1200,met1,272.5500,57.1200,6.775e-07
met1,268.4100,62.5600,met1,271.4000,62.5600,3.185e-06
met1,268.4100,73.4400,met1,272.5500,73.4400,1.398e-07
met1,268.4100,133.2800,met1,272.5500,133.2800,7.591e-07
met1,268.4100,350.8800,met1,272.5500,350.8800,2.366e-06
met1,268.4100,388.9600,met1,270.7100,388.9600,8.639e-07
met1,268.6400,19.0400,met1,272.5500,19.0400,1.747e-06
met1,268.6400,144.1600,met1,272.5500,144.1600,4.557e-07
met1,268.6400,372.6400,met1,272.5500,372.6400,9.745e-07
met1,268.6400,394.4000,met1,272.5500,394.4000,3.066e-07
met1,268.8700,122.4000,met1,272.5500,122.4000,1.290e-06
met1,268.8700,171.3600,met1,272.5500,171.3600,1.614e-06
met1,268.8700,242.0800,met1,272.5500,242.0800,1.565e-05
met1,269.1000,89.7600,met1,272.5500,89.7600,6.468e-07
met1,269.1000,116.9600,met1,271.1700,116.9600,1.562e-06
met1,269.1000,165.9200,met1,272.5500,165.9200,9.648e-07
met1,269.3300,193.1200,met1,272.5500,193.1200,6.464e-06
met1,269.3300,269.2800,met1,272.5500,269.2800,1.605e-06
met1,269.3300,312.8000,met1,271.4000,312.8000,2.249e-06
met1,269.3300,340.0000,met1,271.1700,340.0000,2.528e-06
met1,269.3300,345.4400,met1,271.6300,345.4400,2.667e-06
met1,269.5600,127.8400,met1,272.5500,127.8400,9.986e-07
met1,269.5600,198.5600,met1,272.5500,198.5600,6.731e-06
met1,269.5600,258.4000,met1,272.5500,258.4000,3.023e-06
met1,269.7900,149.6000,met1,271.6300,149.6000,6.691e-07
met1,269.7900,329.1200,met1,272.3200,329.1200,2.739e-06
met1,269.7900,399.8400,met1,272.5500,399.8400,7.356e-07
met1,269.7900,416.1600,met1,272.5500,416.1600,1.991e-07
met1,270.0200,176.8000,met1,272.5500,176.8000,3.625e-06
met1,270.0200,182.2400,met1,272.5500,182.2400,5.755e-06
met1,270.0200,220.3200,met1,272.5500,220.3200,6.037e-06
met1,270.0200,231.2000,met1,272.5500,231.2000,6.775e-06
met1,270.2500,100.6400,met1,272.5500,100.6400,1.007e-07
met1,270.2500,155.0400,met1,272.5500,155.0400,7.836e-07
met1,270.2500,214.8800,met1,272.5500,214.8800,7.124e-06
met1,270.2500,296.4800,met1,272.5500,296.4800,5.916e-07
met1,270.2500,318.2400,met1,272.5500,318.2400,1.752e-06
met1,270.4800,24.4800,met1,272.5500,24.4800,1.895e-06
met1,270.4800,84.3200,met1,272.5500,84.3200,4.090e-09
met1,270.4800,285.6000,met1,272.5500,285.6000,1.292e-06
met1,270.4800,356.3200,met1,272.5500,356.3200,3.066e-06
met1,270.4800,383.5200,met1,272.5500,383.5200,6.420e-07
met1,270.4800,443.3600,met1,272.5500,443.3600,7.453e-07
met1,270.7100,51.6800,met1,272.5500,51.6800,3.518e-06
met1,270.7100,252.9600,met1,272.5500,252.9600,3.262e-06
met1,270.7100,361.7600,met1,272.5500,361.7600,2.426e-06
met1,270.7100,367.2000,met1,272.5500,367.2000,1.741e-06
met1,270.7100,388.9600,met1,272.5500,388.9600,8.583e-07
met1,270.7100,405.2800,met1,272.5500,405.2800,3.599e-07
met1,270.9400,13.6000,met1,278.1200,13.6000,1.009e-06
met1,270.9400,29.9200,met1,278.1200,29.9200,2.955e-06
met1,270.9400,301.9200,met1,274.3900,301.9200,1.780e-07
met1,270.9400,437.9200,met1,278.1200,437.9200,7.111e-07
met1,271.1700,116.9600,met1,278.1200,116.9600,1.500e-06
met1,271.1700,340.0000,met1,274.3900,340.0000,1.353e-06
met1,271.4000,35.3600,met1,278.1200,35.3600,9.797e-07
met1,271.4000,40.8000,met1,275.0800,40.8000,2.612e-06
met1,271.4000,62.5600,met1,278.1200,62.5600,1.771e-06
met1,271.4000,312.8000,met1,274.1600,312.8000,2.246e-06
met1,271.6300,149.6000,met1,273.9300,149.6000,6.818e-07
met1,271.6300,160.4800,met1,274.6200,160.4800,1.023e-06
met1,271.6300,345.4400,met1,277.6100,345.4400,2.666e-06
met1,272.3200,138.7200,met1,274.1600,138.7200,6.377e-07
met1,272.3200,323.6800,met1,277.6100,323.6800,9.713e-07
met1,272.3200,329.1200,met1,274.1600,329.1200,2.694e-06
met1,272.5500,19.0400,met1,278.1200,19.0400,1.747e-06
met1,272.5500,24.4800,met1,278.0700,24.4800,1.895e-06
met1,272.5500,46.2400,met1,278.1200,46.2400,1.349e-06
met1,272.5500,51.6800,met1,278.1200,51.6800,3.518e-06
met1,272.5500,57.1200,met1,276.6900,57.1200,9.457e-07
met1,272.5500,68.0000,met1,276.2300,68.0000,3.256e-06
met1,272.5500,73.4400,met1,278.1200,73.4400,2.002e-06
met1,272.5500,78.8800,met1,278.1200,78.8800,2.829e-07
met1,272.5500,84.3200,met1,274.6200,84.3200,4.090e-09
met1,272.5500,89.7600,met1,275.0800,89.7600,6.468e-07
met1,272.5500,95.2000,met1,278.1200,95.2000,2.179e-06
met1,272.5500,100.6400,met1,274.3900,100.6400,1.007e-07
met1,272.5500,106.0800,met1,278.1200,106.0800,1.643e-06
met1,272.5500,111.5200,met1,276.2300,111.5200,1.088e-06
met1,272.5500,122.4000,met1,277.1500,122.4000,1.281e-06
met1,272.5500,127.8400,met1,278.1200,127.8400,9.986e-07
met1,272.5500,133.2800,met1,278.1200,133.2800,7.591e-07
met1,272.5500,144.1600,met1,274.8500,144.1600,4.342e-07
met1,272.5500,155.0400,met1,278.1200,155.0400,7.836e-07
met1,272.5500,165.9200,met1,277.6100,165.9200,1.039e-06
met1,272.5500,171.3600,met1,278.1200,171.3600,1.614e-06
met1,272.5500,176.8000,met1,278.1200,176.8000,3.625e-06
met1,272.5500,182.2400,met1,276.0000,182.2400,5.772e-06
met1,272.5500,187.6800,met1,278.1200,187.6800,4.428e-06
met1,272.5500,193.1200,met1,277.6100,193.1200,6.464e-06
met1,272.5500,198.5600,met1,275.7700,198.5600,6.731e-06
met1,272.5500,204.0000,met1,276.0000,204.0000,6.844e-06
met1,272.5500,209.4400,met1,275.7700,209.4400,6.962e-06
met1,272.5500,214.8800,met1,278.1200,214.8800,7.124e-06
met1,272.5500,220.3200,met1,277.3800,220.3200,6.535e-06
met1,272.5500,225.7600,met1,274.8500,225.7600,6.784e-06
met1,272.5500,231.2000,met1,277.3800,231.2000,6.792e-06
met1,272.5500,236.6400,met1,278.1200,236.6400,6.456e-06
met1,272.5500,242.0800,met1,274.3900,242.0800,1.565e-05
met1,272.5500,247.5200,met1,275.5400,247.5200,5.505e-06
met1,272.5500,252.9600,met1,277.1500,252.9600,3.262e-06
met1,272.5500,258.4000,met1,274.3900,258.4000,3.023e-06
met1,272.5500,263.8400,met1,278.1200,263.8400,3.458e-06
met1,272.5500,269.2800,met1,275.7700,269.2800,1.608e-06
met1,272.5500,274.7200,met1,274.3900,274.7200,3.201e-06
met1,272.5500,280.1600,met1,274.6200,280.1600,8.453e-07
met1,272.5500,285.6000,met1,275.3100,285.6000,1.292e-06
met1,272.5500,291.0400,met1,275.7700,291.0400,1.081e-07
met1,272.5500,296.4800,met1,276.9200,296.4800,5.881e-07
met1,272.5500,307.3600,met1,278.1200,307.3600,1.498e-06
met1,272.5500,318.2400,met1,275.5400,318.2400,1.707e-06
met1,272.5500,334.5600,met1,274.8500,334.5600,2.742e-06
met1,272.5500,350.8800,met1,278.1200,350.8800,2.360e-06
met1,272.5500,356.3200,met1,274.3900,356.3200,3.066e-06
met1,272.5500,361.7600,met1,278.1200,361.7600,2.426e-06
met1,272.5500,367.2000,met1,278.1200,367.2000,1.741e-06
met1,272.5500,372.6400,met1,275.0800,372.6400,9.745e-07
met1,272.5500,378.0800,met1,277.3800,378.0800,1.710e-06
met1,272.5500,383.5200,met1,274.6200,383.5200,6.420e-07
met1,272.5500,388.9600,met1,278.1200,388.9600,8.583e-07
met1,272.5500,394.4000,met1,274.6200,394.4000,3.066e-07
met1,272.5500,399.8400,met1,278.1200,399.8400,6.776e-07
met1,272.5500,405.2800,met1,274.6200,405.2800,3.599e-07
met1,272.5500,410.7200,met1,277.1500,410.7200,8.202e-08
met1,272.5500,416.1600,met1,275.3100,416.1600,1.991e-07
met1,272.5500,421.6000,met1,277.8400,421.6000,6.801e-07
met1,272.5500,427.0400,met1,274.6200,427.0400,2.345e-08
met1,272.5500,432.4800,met1,275.0800,432.4800,9.651e-07
met1,272.5500,443.3600,met1,274.8500,443.3600,7.506e-07
met1,272.5500,448.8000,met1,276.4600,448.8000,3.321e-07
met1,273.9300,149.6000,met1,276.0000,149.6000,7.178e-07
met1,274.1600,138.7200,met1,276.6900,138.7200,5.887e-07
met1,274.1600,312.8000,met1,278.1200,312.8000,1.123e-06
met1,274.1600,329.1200,met1,278.1200,329.1200,2.687e-06
met1,274.3900,100.6400,met1,278.0700,100.6400,2.568e-07
met1,274.3900,242.0800,met1,277.3800,242.0800,1.566e-05
met1,274.3900,258.4000,met1,276.6900,258.4000,3.050e-06
met1,274.3900,274.7200,met1,278.1200,274.7200,3.202e-06
met1,274.3900,301.9200,met1,278.1200,301.9200,2.675e-07
met1,274.3900,340.0000,met1,278.1200,340.0000,1.242e-06
met1,274.3900,356.3200,met1,278.1200,356.3200,3.030e-06
met1,274.6200,84.3200,met1,278.1200,84.3200,2.542e-07
met1,274.6200,160.4800,met1,278.1200,160.4800,1.051e-06
met1,274.6200,280.1600,met1,276.6900,280.1600,8.488e-07
met1,274.6200,383.5200,met1,278.1200,383.5200,6.200e-07
met1,274.6200,394.4000,met1,278.1200,394.4000,1.579e-06
met1,274.6200,405.2800,met1,278.1200,405.2800,4.560e-07
met1,274.6200,427.0400,met1,278.1200,427.0400,1.298e-06
met1,274.8500,144.1600,met1,278.1200,144.1600,4.154e-07
met1,274.8500,225.7600,met1,278.1200,225.7600,8.468e-06
met1,274.8500,334.5600,met1,278.1200,334.5600,2.638e-06
met1,274.8500,443.3600,met1,277.8400,443.3600,7.624e-07
met1,275.0800,40.8000,met1,278.1200,40.8000,2.113e-06
met1,275.0800,89.7600,met1,278.0700,89.7600,1.462e-07
met1,275.0800,372.6400,met1,277.6100,372.6400,9.721e-07
met1,275.0800,432.4800,met1,278.1200,432.4800,9.728e-07
met1,275.3100,285.6000,met1,278.1200,285.6000,1.297e-06
met1,275.3100,416.1600,met1,278.1200,416.1600,1.108e-07
met1,275.5400,247.5200,met1,277.8400,247.5200,5.507e-06
met1,275.5400,318.2400,met1,278.1200,318.2400,1.705e-06
met1,275.7700,198.5600,met1,278.1200,198.5600,6.937e-06
met1,275.7700,209.4400,met1,278.1200,209.4400,7.230e-06
met1,275.7700,269.2800,met1,277.6100,269.2800,1.615e-06
met1,275.7700,291.0400,met1,278.1200,291.0400,1.019e-06
met1,276.0000,149.6000,met1,278.0700,149.6000,7.335e-07
met1,276.0000,182.2400,met1,278.1200,182.2400,6.070e-06
met1,276.0000,204.0000,met1,278.1200,204.0000,7.142e-06
met1,276.2300,68.0000,met1,278.1200,68.0000,3.239e-06
met1,276.2300,111.5200,met1,278.1200,111.5200,9.802e-07
met1,276.4600,448.8000,met1,286.3500,448.8000,1.368e-06
met1,276.4600,448.8000,met2,278.1200,448.8000,2.157e-06
met1,276.6900,57.1200,met1,283.3600,57.1200,6.223e-06
met1,276.6900,57.1200,met2,278.1200,57.1200,7.186e-06
met1,276.6900,138.7200,met1,278.9900,138.7200,1.572e-06
met1,276.6900,138.7200,met2,278.1200,138.7200,1.014e-06
met1,276.6900,258.4000,met1,278.5300,258.4000,2.656e-06
met1,276.6900,258.4000,met2,278.1200,258.4000,4.035e-07
met1,276.6900,280.1600,met1,279.6800,280.1600,2.690e-07
met1,276.6900,280.1600,met2,278.1200,280.1600,1.121e-06
met1,276.9200,296.4800,met1,283.1300,296.4800,1.174e-06
met1,276.9200,296.4800,met2,278.1200,296.4800,6.622e-07
met1,277.1500,122.4000,met1,281.2900,122.4000,1.505e-06
met1,277.1500,122.4000,met2,278.1200,122.4000,2.429e-07
met1,277.1500,252.9600,met1,283.5900,252.9600,2.999e-06
met1,277.1500,252.9600,met2,278.1200,252.9600,2.997e-07
met1,277.1500,410.7200,met1,284.5100,410.7200,1.267e-06
met1,277.1500,410.7200,met2,278.1200,410.7200,1.221e-06
met1,277.3800,220.3200,met1,280.3700,220.3200,3.183e-06
met1,277.3800,220.3200,met2,278.1200,220.3200,3.650e-06
met1,277.3800,231.2000,met1,280.6000,231.2000,2.271e-06
met1,277.3800,231.2000,met2,278.1200,231.2000,5.018e-06
met1,277.3800,242.0800,met1,286.3500,242.0800,6.582e-06
met1,277.3800,242.0800,met2,278.1200,242.0800,9.080e-06
met1,277.3800,378.0800,met1,284.9700,378.0800,2.919e-06
met1,277.3800,378.0800,met2,278.1200,378.0800,2.478e-06
met1,277.6100,165.9200,met1,280.6000,165.9200,2.666e-06
met1,277.6100,165.9200,met2,278.1200,165.9200,3.721e-06
met1,277.6100,193.1200,met1,285.2000,193.1200,2.044e-06
met1,277.6100,193.1200,met2,278.1200,193.1200,4.437e-06
met1,277.6100,269.2800,met1,279.9100,269.2800,7.092e-07
met1,277.6100,269.2800,met2,278.1200,269.2800,9.063e-07
met1,277.6100,323.6800,met1,282.2100,323.6800,2.962e-06
met1,277.6100,323.6800,met2,278.1200,323.6800,1.994e-06
met1,277.6100,345.4400,met1,280.3700,345.4400,3.568e-06
met1,277.6100,345.4400,met2,278.1200,345.4400,9.717e-07
met1,277.6100,372.6400,met1,286.3500,372.6400,2.078e-06
met1,277.6100,372.6400,met2,278.1200,372.6400,1.107e-06
met1,277.8400,247.5200,met1,280.1400,247.5200,3.451e-06
met1,277.8400,247.5200,met2,278.1200,247.5200,2.102e-06
met1,277.8400,421.6000,met1,281.5200,421.6000,2.646e-06
met1,277.8400,421.6000,met2,278.1200,421.6000,1.966e-06
met1,277.8400,443.3600,met1,279.9100,443.3600,1.663e-06
met1,277.8400,443.3600,met2,278.1200,443.3600,2.427e-06
met1,278.0700,24.4800,met1,284.5100,24.4800,2.429e-06
met1,278.0700,24.4800,met2,278.1200,24.4800,6.006e-06
met1,278.0700,89.7600,met1,285.6600,89.7600,6.509e-06
met1,278.0700,89.7600,met2,278.1200,89.7600,6.631e-06
met1,278.0700,100.6400,met1,282.6700,100.6400,5.254e-06
met1,278.0700,100.6400,met2,278.1200,100.6400,5.512e-06
met1,278.0700,149.6000,met1,285.4300,149.6000,1.782e-06
met1,278.0700,149.6000,met2,278.1200,149.6000,2.614e-06
met1,278.1200,13.6000,met1,280.6000,13.6000,6.300e-06
met1,278.1200,13.6000,met2,278.1200,13.6000,5.291e-06
met1,278.1200,19.0400,met1,284.2800,19.0400,6.532e-06
met1,278.1200,19.0400,met2,278.1200,19.0400,4.785e-06
met1,278.1200,29.9200,met1,286.3500,29.9200,4.745e-06
met1,278.1200,29.9200,met2,278.1200,29.9200,7.969e-06
met1,278.1200,35.3600,met1,280.1400,35.3600,5.198e-06
met1,278.1200,35.3600,met2,278.1200,35.3600,6.178e-06
met1,278.1200,40.8000,met1,284.5100,40.8000,5.019e-06
met1,278.1200,40.8000,met2,278.1200,40.8000,3.174e-06
met1,278.1200,46.2400,met1,286.3500,46.2400,4.374e-06
met1,278.1200,46.2400,met2,278.1200,46.2400,4.439e-06
met1,278.1200,51.6800,met1,280.3700,51.6800,7.019e-06
met1,278.1200,51.6800,met2,278.1200,51.6800,3.501e-06
met1,278.1200,62.5600,met1,281.5200,62.5600,7.074e-06
met1,278.1200,62.5600,met2,278.1200,62.5600,5.303e-06
met1,278.1200,68.0000,met1,280.6000,68.0000,1.070e-05
met1,278.1200,68.0000,met2,278.1200,68.0000,7.462e-06
met1,278.1200,73.4400,met1,281.7500,73.4400,5.010e-06
met1,278.1200,73.4400,met2,278.1200,73.4400,7.012e-06
met1,278.1200,78.8800,met1,281.0600,78.8800,1.174e-05
met1,278.1200,78.8800,met2,278.1200,78.8800,1.146e-05
met1,278.1200,84.3200,met1,284.0500,84.3200,6.170e-06
met1,278.1200,84.3200,met2,278.1200,84.3200,6.424e-06
met1,278.1200,95.2000,met1,286.3500,95.2000,7.887e-06
met1,278.1200,95.2000,met2,278.1200,95.2000,7.128e-06
met1,278.1200,106.0800,met1,284.5100,106.0800,4.969e-06
met1,278.1200,106.0800,met2,278.1200,106.0800,3.326e-06
met1,278.1200,111.5200,met1,280.8300,111.5200,2.122e-06
met1,278.1200,111.5200,met2,278.1200,111.5200,1.141e-06
met1,278.1200,116.9600,met1,280.8300,116.9600,1.832e-06
met1,278.1200,116.9600,met2,278.1200,116.9600,3.847e-07
met1,278.1200,127.8400,met1,281.7500,127.8400,1.440e-06
met1,278.1200,127.8400,met2,278.1200,127.8400,4.622e-07
met1,278.1200,133.2800,met1,280.8300,133.2800,9.790e-07
met1,278.1200,133.2800,met2,278.1200,133.2800,2.199e-07
met1,278.1200,144.1600,met1,281.2900,144.1600,2.252e-06
met1,278.1200,144.1600,met2,278.1200,144.1600,1.837e-06
met1,278.1200,155.0400,met1,281.0600,155.0400,8.087e-07
met1,278.1200,155.0400,met2,278.1200,155.0400,1.633e-06
met1,278.1200,160.4800,met1,281.7500,160.4800,5.166e-07
met1,278.1200,160.4800,met2,278.1200,160.4800,1.568e-06
met1,278.1200,171.3600,met1,284.9700,171.3600,1.896e-07
met1,278.1200,171.3600,met2,278.1200,171.3600,1.804e-06
met1,278.1200,176.8000,met1,282.6700,176.8000,1.142e-06
met1,278.1200,176.8000,met2,278.1200,176.8000,4.625e-06
met1,278.1200,182.2400,met1,285.2000,182.2400,1.932e-06
met1,278.1200,182.2400,met2,278.1200,182.2400,6.789e-06
met1,278.1200,187.6800,met1,286.3500,187.6800,1.995e-06
met1,278.1200,187.6800,met2,278.1200,187.6800,2.433e-06
met1,278.1200,198.5600,met1,281.2900,198.5600,3.015e-06
met1,278.1200,198.5600,met2,278.1200,198.5600,3.922e-06
met1,278.1200,204.0000,met1,283.8200,204.0000,5.522e-06
met1,278.1200,204.0000,met2,278.1200,204.0000,1.637e-06
met1,278.1200,209.4400,met1,283.3600,209.4400,9.095e-07
met1,278.1200,209.4400,met2,278.1200,209.4400,6.320e-06
met1,278.1200,214.8800,met1,286.3500,214.8800,2.385e-06
met1,278.1200,214.8800,met2,278.1200,214.8800,4.739e-06
met1,278.1200,225.7600,met1,286.3500,225.7600,3.878e-06
met1,278.1200,225.7600,met2,278.1200,225.7600,4.590e-06
met1,278.1200,236.6400,met1,286.1200,236.6400,3.507e-06
met1,278.1200,236.6400,met2,278.1200,236.6400,2.949e-06
met1,278.1200,263.8400,met1,282.2100,263.8400,1.083e-06
met1,278.1200,263.8400,met2,278.1200,263.8400,2.375e-06
met1,278.1200,274.7200,met1,281.5200,274.7200,3.344e-07
met1,278.1200,274.7200,met2,278.1200,274.7200,2.867e-06
met1,278.1200,285.6000,met1,286.3500,285.6000,3.582e-07
met1,278.1200,285.6000,met2,278.1200,285.6000,1.655e-06
met1,278.1200,291.0400,met1,286.3500,291.0400,1.085e-06
met1,278.1200,291.0400,met2,278.1200,291.0400,2.104e-06
met1,278.1200,301.9200,met1,284.9700,301.9200,2.136e-06
met1,278.1200,301.9200,met2,278.1200,301.9200,3.728e-06
met1,278.1200,307.3600,met1,283.1300,307.3600,1.288e-06
met1,278.1200,307.3600,met2,278.1200,307.3600,2.103e-07
met1,278.1200,312.8000,met1,281.2900,312.8000,2.535e-06
met1,278.1200,312.8000,met2,278.1200,312.8000,1.412e-06
met1,278.1200,318.2400,met1,286.3500,318.2400,2.550e-06
met1,278.1200,318.2400,met2,278.1200,318.2400,8.454e-07
met1,278.1200,329.1200,met1,280.8300,329.1200,3.275e-06
met1,278.1200,329.1200,met2,278.1200,329.1200,5.875e-07
met1,278.1200,334.5600,met1,286.3500,334.5600,3.348e-06
met1,278.1200,334.5600,met2,278.1200,334.5600,7.096e-07
met1,278.1200,340.0000,met1,282.6700,340.0000,2.659e-06
met1,278.1200,340.0000,met2,278.1200,340.0000,1.417e-06
met1,278.1200,350.8800,met1,283.3600,350.8800,2.960e-06
met1,278.1200,350.8800,met2,278.1200,350.8800,6.020e-07
met1,278.1200,356.3200,met1,284.7400,356.3200,4.301e-06
met1,278.1200,356.3200,met2,278.1200,356.3200,1.271e-06
met1,278.1200,361.7600,met1,286.3500,361.7600,2.566e-06
met1,278.1200,361.7600,met2,278.1200,361.7600,1.419e-07
met1,278.1200,367.2000,met1,283.1300,367.2000,3.124e-06
met1,278.1200,367.2000,met2,278.1200,367.2000,2.653e-06
met1,278.1200,383.5200,met1,281.2900,383.5200,3.376e-06
met1,278.1200,383.5200,met2,278.1200,383.5200,2.757e-06
met1,278.1200,388.9600,met1,286.1200,388.9600,1.493e-06
met1,278.1200,388.9600,met2,278.1200,388.9600,6.344e-07
met1,278.1200,394.4000,met1,284.0500,394.4000,2.389e-06
met1,278.1200,394.4000,met2,278.1200,394.4000,3.967e-06
met1,278.1200,399.8400,met1,283.5900,399.8400,1.252e-06
met1,278.1200,399.8400,met2,278.1200,399.8400,5.748e-07
met1,278.1200,405.2800,met1,281.2900,405.2800,1.180e-06
met1,278.1200,405.2800,met2,278.1200,405.2800,1.636e-06
met1,278.1200,416.1600,met1,280.3700,416.1600,1.115e-06
met1,278.1200,416.1600,met2,278.1200,416.1600,1.107e-06
met1,278.1200,427.0400,met1,282.2100,427.0400,1.278e-06
met1,278.1200,427.0400,met2,278.1200,427.0400,2.576e-06
met1,278.1200,432.4800,met1,280.3700,432.4800,1.440e-06
met1,278.1200,432.4800,met2,278.1200,432.4800,2.413e-06
met1,278.1200,437.9200,met1,286.1200,437.9200,1.557e-06
met1,278.1200,437.9200,met2,278.1200,437.9200,2.268e-06
met1,278.5300,258.4000,met1,280.3700,258.4000,2.677e-06
met1,278.9900,138.7200,met1,282.6700,138.7200,1.546e-06
met1,279.6800,280.1600,met1,281.7500,280.1600,2.236e-07
met1,279.9100,269.2800,met1,283.3600,269.2800,7.138e-07
met1,279.9100,443.3600,met1,285.2000,443.3600,1.654e-06
met1,280.1400,35.3600,met1,286.3500,35.3600,3.784e-06
met1,280.1400,247.5200,met1,282.4400,247.5200,3.453e-06
met1,280.3700,51.6800,met1,286.3500,51.6800,7.002e-06
met1,280.3700,220.3200,met1,286.3500,220.3200,3.217e-06
met1,280.3700,258.4000,met1,286.3500,258.4000,2.806e-06
met1,280.3700,345.4400,met1,283.3600,345.4400,3.468e-06
met1,280.3700,416.1600,met1,286.3500,416.1600,1.064e-06
met1,280.3700,432.4800,met1,284.0500,432.4800,1.421e-06
met1,280.6000,13.6000,met1,282.4400,13.6000,5.165e-06
met1,280.6000,68.0000,met1,284.5100,68.0000,8.528e-06
met1,280.6000,165.9200,met1,286.3500,165.9200,2.892e-07
met1,280.6000,231.2000,met1,286.3500,231.2000,4.688e-06
met1,280.8300,111.5200,met1,284.7400,111.5200,2.108e-06
met1,280.8300,116.9600,met1,283.8200,116.9600,1.777e-06
met1,280.8300,133.2800,met1,286.3500,133.2800,9.530e-07
met1,280.8300,329.1200,met1,284.0500,329.1200,3.268e-06
met1,281.0600,78.8800,met1,286.3500,78.8800,9.830e-06
met1,281.0600,155.0400,met1,284.5100,155.0400,7.058e-07
met1,281.2900,122.4000,met1,286.3500,122.4000,1.479e-06
met1,281.2900,144.1600,met1,284.2800,144.1600,2.243e-06
met1,281.2900,198.5600,met1,286.3500,198.5600,5.184e-06
met1,281.2900,312.8000,met1,283.5900,312.8000,2.533e-06
met1,281.2900,383.5200,met1,284.5100,383.5200,3.370e-06
met1,281.2900,405.2800,met1,284.0500,405.2800,1.177e-06
met1,281.5200,62.5600,met1,286.3500,62.5600,7.057e-06
met1,281.5200,274.7200,met1,286.3500,274.7200,3.344e-07
met1,281.5200,421.6000,met1,284.2800,421.6000,1.522e-06
met1,281.7500,73.4400,met1,284.7400,73.4400,4.741e-06
met1,281.7500,127.8400,met1,286.3500,127.8400,1.414e-06
met1,281.7500,160.4800,met1,285.4300,160.4800,4.787e-07
met1,281.7500,280.1600,met1,286.3500,280.1600,8.950e-07
met1,282.2100,263.8400,met1,284.7400,263.8400,1.092e-06
met1,282.2100,323.6800,met1,286.3500,323.6800,2.959e-06
met1,282.2100,427.0400,met1,284.7400,427.0400,1.272e-06
met1,282.4400,13.6000,met1,286.3500,13.6000,4.029e-06
met1,282.4400,247.5200,met1,286.3500,247.5200,4.570e-06
met1,282.6700,100.6400,met1,284.7400,100.6400,5.090e-06
met1,282.6700,138.7200,met1,284.5100,138.7200,1.536e-06
met1,282.6700,176.8000,met1,286.3500,176.8000,1.411e-06
met1,282.6700,340.0000,met1,286.3500,340.0000,2.594e-06
met1,283.1300,296.4800,met1,284.9700,296.4800,1.124e-06
met1,283.1300,307.3600,met1,284.9700,307.3600,1.288e-06
met1,283.1300,367.2000,met1,286.3500,367.2000,3.120e-06
met1,283.3600,57.1200,met1,286.3500,57.1200,4.070e-06
met1,283.3600,209.4400,met1,286.3500,209.4400,3.359e-06
met1,283.3600,269.2800,met1,286.1200,269.2800,7.215e-07
met1,283.3600,345.4400,met1,286.3500,345.4400,3.241e-06
met1,283.3600,350.8800,met1,286.3500,350.8800,2.785e-06
met1,283.5900,252.9600,met1,285.4300,252.9600,3.003e-06
met1,283.5900,312.8000,met1,286.3500,312.8000,2.528e-06
met1,283.5900,399.8400,met1,286.3500,399.8400,1.247e-06
met1,283.8200,116.9600,met1,286.3500,116.9600,1.688e-06
met1,283.8200,204.0000,met1,286.3500,204.0000,6.019e-06
met1,284.0500,84.3200,met1,286.3500,84.3200,5.902e-06
met1,284.0500,329.1200,met1,286.1200,329.1200,3.250e-06
met1,284.0500,394.4000,met1,286.3500,394.4000,2.382e-06
met1,284.0500,405.2800,met1,286.3500,405.2800,1.168e-06
met1,284.0500,432.4800,met1,286.3500,432.4800,1.418e-06
met1,284.2800,19.0400,met1,286.3500,19.0400,5.403e-06
met1,284.2800,144.1600,met1,286.3500,144.1600,2.230e-06
met1,284.2800,421.6000,met1,286.3500,421.6000,1.476e-06
met1,284.5100,24.4800,met1,286.3500,24.4800,2.412e-06
met1,284.5100,40.8000,met1,286.3500,40.8000,5.002e-06
met1,284.5100,68.0000,met1,286.3500,68.0000,8.511e-06
met1,284.5100,106.0800,met1,286.3500,106.0800,4.934e-06
met1,284.5100,138.7200,met1,286.3500,138.7200,1.516e-06
met1,284.5100,155.0400,met1,286.3500,155.0400,6.143e-07
met1,284.5100,383.5200,met1,286.3500,383.5200,2.250e-06
met1,284.5100,410.7200,met1,286.3500,410.7200,1.254e-06
met1,284.7400,73.4400,met1,292.1000,73.4400,4.580e-06
met1,284.7400,100.6400,met1,287.2700,100.6400,5.035e-06
met1,284.7400,111.5200,met1,288.1900,111.5200,2.011e-06
met1,284.7400,263.8400,met1,294.4000,263.8400,1.096e-06
met1,284.7400,356.3200,met1,290.9500,356.3200,3.033e-06
met1,284.7400,427.0400,met1,294.4000,427.0400,1.270e-06
met1,284.9700,171.3600,met1,291.6400,171.3600,1.726e-07
met1,284.9700,296.4800,met1,287.2700,296.4800,9.845e-07
met1,284.9700,301.9200,met1,290.4900,301.9200,2.120e-06
met1,284.9700,307.3600,met1,287.5000,307.3600,1.283e-06
met1,284.9700,378.0800,met1,287.2700,378.0800,2.917e-06
met1,285.2000,182.2400,met1,288.6500,182.2400,3.348e-06
met1,285.2000,193.1200,met1,292.7900,193.1200,4.185e-06
met1,285.2000,443.3600,met1,287.2700,443.3600,1.650e-06
met1,285.4300,149.6000,met1,287.7300,149.6000,1.778e-06
met1,285.4300,160.4800,met1,297.6200,160.4800,3.338e-07
met1,285.4300,252.9600,met1,288.1900,252.9600,3.008e-06
met1,285.6600,89.7600,met1,287.7300,89.7600,5.094e-06
met1,286.1200,236.6400,met1,298.0800,236.6400,4.922e-06
met1,286.1200,269.2800,met1,294.1700,269.2800,1.835e-06
met1,286.1200,329.1200,met1,293.4800,329.1200,3.245e-06
met1,286.1200,388.9600,met1,288.1900,388.9600,1.490e-06
met1,286.1200,437.9200,met1,289.5700,437.9200,2.881e-07
met1,286.3500,13.6000,met1,292.1000,13.6000,4.029e-06
met1,286.3500,19.0400,met1,293.0200,19.0400,5.403e-06
met1,286.3500,24.4800,met1,297.8500,24.4800,2.395e-06
met1,286.3500,29.9200,met1,289.3400,29.9200,4.745e-06
met1,286.3500,35.3600,met1,293.0200,35.3600,3.767e-06
met1,286.3500,40.8000,met1,291.1800,40.8000,5.002e-06
met1,286.3500,46.2400,met1,296.2400,46.2400,4.374e-06
met1,286.3500,51.6800,met1,294.6300,51.6800,4.863e-06
met1,286.3500,57.1200,met1,289.5700,57.1200,4.070e-06
met1,286.3500,62.5600,met1,293.9400,62.5600,7.057e-06
met1,286.3500,68.0000,met1,291.1800,68.0000,8.318e-06
met1,286.3500,78.8800,met1,288.6500,78.8800,9.830e-06
met1,286.3500,84.3200,met1,289.5700,84.3200,5.902e-06
met1,286.3500,95.2000,met1,294.1700,95.2000,7.887e-06
met1,286.3500,106.0800,met1,289.5700,106.0800,4.845e-06
met1,286.3500,116.9600,met1,288.1900,116.9600,1.688e-06
met1,286.3500,122.4000,met1,290.0300,122.4000,1.479e-06
met1,286.3500,127.8400,met1,290.7200,127.8400,1.414e-06
met1,286.3500,133.2800,met1,294.1700,133.2800,9.400e-07
met1,286.3500,138.7200,met1,293.2500,138.7200,1.506e-06
met1,286.3500,144.1600,met1,288.1900,144.1600,2.219e-06
met1,286.3500,155.0400,met1,292.7900,155.0400,6.143e-07
met1,286.3500,165.9200,met1,289.3400,165.9200,2.892e-07
met1,286.3500,176.8000,met1,291.4100,176.8000,1.411e-06
met1,286.3500,187.6800,met1,290.2600,187.6800,1.995e-06
met1,286.3500,198.5600,met1,289.8000,198.5600,5.184e-06
met1,286.3500,204.0000,met1,289.3400,204.0000,6.019e-06
met1,286.3500,209.4400,met1,290.9500,209.4400,3.359e-06
met1,286.3500,214.8800,met1,295.3200,214.8800,4.540e-06
met1,286.3500,220.3200,met1,293.7100,220.3200,5.368e-06
met1,286.3500,225.7600,met1,296.0100,225.7600,3.878e-06
met1,286.3500,231.2000,met1,289.5700,231.2000,4.688e-06
met1,286.3500,242.0800,met1,292.7900,242.0800,6.582e-06
met1,286.3500,247.5200,met1,294.6300,247.5200,4.572e-06
met1,286.3500,258.4000,met1,300.1500,258.4000,2.818e-06
met1,286.3500,274.7200,met1,294.4000,274.7200,3.344e-07
met1,286.3500,280.1600,met1,288.4200,280.1600,8.950e-07
met1,286.3500,285.6000,met1,289.8000,285.6000,3.582e-07
met1,286.3500,291.0400,met1,288.8800,291.0400,1.083e-06
met1,286.3500,312.8000,met1,290.0300,312.8000,2.523e-06
met1,286.3500,318.2400,met1,288.6500,318.2400,2.550e-06
met1,286.3500,323.6800,met1,295.0900,323.6800,1.691e-06
met1,286.3500,334.5600,met1,288.6500,334.5600,2.081e-06
met1,286.3500,340.0000,met1,289.8000,340.0000,2.592e-06
met1,286.3500,345.4400,met1,288.1900,345.4400,3.241e-06
met1,286.3500,350.8800,met1,290.0300,350.8800,2.785e-06
met1,286.3500,361.7600,met1,292.7900,361.7600,2.566e-06
met1,286.3500,367.2000,met1,289.8000,367.2000,3.120e-06
met1,286.3500,372.6400,met1,288.1900,372.6400,2.078e-06
met1,286.3500,383.5200,met1,289.3400,383.5200,2.245e-06
met1,286.3500,394.4000,met1,290.4900,394.4000,2.379e-06
met1,286.3500,399.8400,met1,290.9500,399.8400,1.247e-06
met1,286.3500,405.2800,met1,288.1900,405.2800,1.168e-06
met1,286.3500,410.7200,met1,288.1900,410.7200,1.254e-06
met1,286.3500,416.1600,met1,289.5700,416.1600,1.057e-06
met1,286.3500,421.6000,met1,289.3400,421.6000,1.476e-06
met1,286.3500,432.4800,met1,294.8600,432.4800,1.418e-06
met1,286.3500,448.8000,met1,298.7700,448.8000,2.527e-07
met1,287.2700,100.6400,met1,289.5700,100.6400,4.934e-06
met1,287.2700,296.4800,met1,300.1500,296.4800,9.515e-07
met1,287.2700,378.0800,met1,289.5700,378.0800,2.914e-06
met1,287.2700,443.3600,met1,289.1100,443.3600,1.644e-06
met1,287.5000,307.3600,met1,298.5400,307.3600,1.276e-06
met1,287.7300,89.7600,met1,291.8700,89.7600,5.051e-06
met1,287.7300,149.6000,met1,290.7200,149.6000,1.772e-06
met1,288.1900,111.5200,met1,294.1700,111.5200,1.966e-06
met1,288.1900,116.9600,met1,292.3300,116.9600,1.576e-06
met1,288.1900,144.1600,met1,292.7900,144.1600,2.213e-06
met1,288.1900,252.9600,met1,292.7900,252.9600,3.036e-06
met1,288.1900,345.4400,met1,296.0100,345.4400,3.144e-06
met1,288.1900,372.6400,met1,290.7200,372.6400,2.075e-06
met1,288.1900,388.9600,met1,300.1500,388.9600,1.487e-06
met1,288.1900,405.2800,met1,300.1500,405.2800,1.163e-06
met1,288.1900,410.7200,met1,292.3300,410.7200,1.252e-06
met1,288.4200,280.1600,met1,291.1800,280.1600,9.387e-07
met1,288.6500,78.8800,met1,290.4900,78.8800,9.773e-06
met1,288.6500,182.2400,met1,296.4700,182.2400,3.616e-06
met1,288.6500,318.2400,met1,292.1000,318.2400,2.546e-06
met1,288.6500,334.5600,met1,300.1500,334.5600,2.076e-06
met1,288.8800,291.0400,met1,297.3900,291.0400,1.863e-07
met1,289.1100,443.3600,met1,291.1800,443.3600,1.640e-06
met1,289.3400,29.9200,met1,297.8500,29.9200,2.604e-06
met1,289.3400,165.9200,met1,293.7100,165.9200,1.127e-06
met1,289.3400,204.0000,met1,297.3900,204.0000,6.036e-06
met1,289.3400,383.5200,met1,300.1500,383.5200,2.243e-06
met1,289.3400,421.6000,met1,291.1800,421.6000,1.387e-06
met1,289.5700,57.1200,met1,293.0200,57.1200,3.802e-06
met1,289.5700,84.3200,met1,300.1500,84.3200,6.981e-07
met1,289.5700,100.6400,met1,292.3300,100.6400,4.910e-06
met1,289.5700,106.0800,met1,292.5600,106.0800,4.777e-06
met1,289.5700,231.2000,met1,292.5600,231.2000,4.956e-06
met1,289.5700,378.0800,met1,300.1500,378.0800,1.794e-06
met1,289.5700,416.1600,met1,300.1500,416.1600,1.055e-06
met1,289.5700,437.9200,met1,294.6300,437.9200,2.857e-07
met1,289.8000,198.5600,met1,295.5500,198.5600,5.682e-06
met1,289.8000,285.6000,met1,292.7900,285.6000,3.212e-07
met1,289.8000,340.0000,met1,293.7100,340.0000,2.590e-06
met1,289.8000,367.2000,met1,294.6300,367.2000,1.850e-06
met1,290.0300,122.4000,met1,293.2500,122.4000,1.467e-06
met1,290.0300,312.8000,met1,292.7900,312.8000,2.511e-06
met1,290.0300,350.8800,met1,293.2500,350.8800,2.719e-06
met1,290.2600,187.6800,met1,297.1600,187.6800,3.411e-06
met1,290.4900,78.8800,met1,293.7100,78.8800,9.704e-06
met1,290.4900,301.9200,met1,295.0900,301.9200,8.540e-07
met1,290.4900,394.4000,met1,293.4800,394.4000,1.266e-06
met1,290.7200,127.8400,met1,292.7900,127.8400,1.405e-06
met1,290.7200,149.6000,met1,297.6200,149.6000,1.568e-06
met1,290.7200,372.6400,met1,292.5600,372.6400,2.071e-06
met1,290.9500,209.4400,met1,294.4000,209.4400,3.627e-06
met1,290.9500,356.3200,met1,298.0800,356.3200,3.027e-06
met1,290.9500,399.8400,met1,294.8600,399.8400,1.245e-06
met1,291.1800,40.8000,met1,300.1500,40.8000,2.862e-06
met1,291.1800,68.0000,met1,297.8500,68.0000,5.912e-06
met1,291.1800,280.1600,met1,300.1500,280.1600,9.408e-07
met1,291.1800,421.6000,met1,293.4800,421.6000,1.200e-06
met1,291.1800,443.3600,met1,299.0000,443.3600,1.636e-06
met1,291.4100,176.8000,met1,298.0800,176.8000,1.428e-06
met1,291.6400,171.3600,met1,295.3200,171.3600,1.981e-06
met1,291.8700,89.7600,met1,300.1500,89.7600,1.691e-07
met1,292.1000,13.6000,met1,296.2400,13.6000,2.893e-06
met1,292.1000,73.4400,met1,294.4000,73.4400,3.166e-06
met1,292.1000,318.2400,met1,294.6300,318.2400,2.527e-06
met1,292.3300,100.6400,met1,296.4700,100.6400,4.856e-06
met1,292.3300,116.9600,met1,300.1500,116.9600,1.558e-06
met1,292.3300,410.7200,met1,296.0100,410.7200,1.245e-06
met1,292.5600,106.0800,met1,298.7700,106.0800,4.738e-06
met1,292.5600,231.2000,met1,300.1500,231.2000,6.371e-06
met1,292.5600,372.6400,met1,300.1500,372.6400,2.068e-06
met1,292.7900,127.8400,met1,294.6300,127.8400,1.398e-06
met1,292.7900,144.1600,met1,298.7700,144.1600,2.209e-06
met1,292.7900,155.0400,met1,300.1500,155.0400,5.974e-07
met1,292.7900,193.1200,met1,300.1500,193.1200,5.869e-06
met1,292.7900,242.0800,met1,295.7800,242.0800,6.585e-06
met1,292.7900,252.9600,met1,295.7800,252.9600,3.058e-06
met1,292.7900,285.6000,met1,295.0900,285.6000,3.169e-07
met1,292.7900,312.8000,met1,294.6300,312.8000,2.510e-06
met1,292.7900,361.7600,met1,297.3900,361.7600,2.539e-06
met1,293.0200,19.0400,met1,300.1500,19.0400,3.254e-06
met1,293.0200,35.3600,met1,300.1500,35.3600,1.619e-06
met1,293.0200,57.1200,met1,295.3200,57.1200,1.889e-06
met1,293.2500,122.4000,met1,296.4700,122.4000,1.458e-06
met1,293.2500,138.7200,met1,296.2400,138.7200,1.499e-06
met1,293.2500,350.8800,met1,295.5500,350.8800,2.600e-06
met1,293.4800,329.1200,met1,295.5500,329.1200,3.240e-06
met1,293.4800,394.4000,met1,300.1500,394.4000,1.266e-06
met1,293.4800,421.6000,met1,298.7700,421.6000,1.033e-06
met1,293.7100,78.8800,met1,295.5500,78.8800,5.290e-06
met1,293.7100,165.9200,met1,300.1500,165.9200,1.395e-06
met1,293.7100,220.3200,met1,300.1500,220.3200,6.134e-06
met1,293.7100,340.0000,met1,298.3100,340.0000,2.586e-06
met1,293.9400,62.5600,met1,297.3900,62.5600,6.559e-06
met1,294.1700,95.2000,met1,296.9300,95.2000,7.829e-06
met1,294.1700,111.5200,met1,296.2400,111.5200,1.916e-06
met1,294.1700,133.2800,met1,300.1500,133.2800,9.157e-07
met1,294.1700,269.2800,met1,300.1500,269.2800,1.837e-06
met1,294.4000,73.4400,met1,299.6900,73.4400,1.745e-06
met1,294.4000,209.4400,met1,300.1500,209.4400,5.050e-06
met1,294.4000,263.8400,met1,300.1500,263.8400,2.366e-06
met1,294.4000,274.7200,met1,297.1600,274.7200,1.599e-06
met1,294.4000,427.0400,met1,297.8500,427.0400,2.813e-09
met1,294.6300,51.6800,met1,300.1500,51.6800,4.595e-06
met1,294.6300,127.8400,met1,300.1500,127.8400,1.392e-06
met1,294.6300,247.5200,met1,297.3900,247.5200,4.590e-06
met1,294.6300,312.8000,met1,298.3100,312.8000,2.505e-06
met1,294.6300,318.2400,met1,298.0800,318.2400,2.479e-06
met1,294.6300,367.2000,met1,298.3100,367.2000,1.845e-06
met1,294.6300,437.9200,met1,300.1500,437.9200,2.812e-07
met1,294.8600,399.8400,met1,299.2300,399.8400,1.243e-06
met1,294.8600,432.4800,met1,297.3900,432.4800,1.415e-06
met1,295.0900,285.6000,met1,297.3900,285.6000,3.152e-07
met1,295.0900,301.9200,met1,298.3100,301.9200,8.529e-07
met1,295.0900,323.6800,met1,298.0800,323.6800,1.690e-06
met1,295.3200,57.1200,met1,299.2300,57.1200,1.592e-06
met1,295.3200,171.3600,met1,300.1500,171.3600,2.479e-06
met1,295.3200,214.8800,met1,300.1500,214.8800,5.956e-06
met1,295.5500,78.8800,met1,299.2300,78.8800,3.577e-07
met1,295.5500,198.5600,met1,300.1500,198.5600,5.950e-06
met1,295.5500,329.1200,met1,298.3100,329.1200,3.239e-06
met1,295.5500,350.8800,met1,297.6200,350.8800,2.596e-06
met1,295.7800,242.0800,met1,297.8500,242.0800,6.589e-06
met1,295.7800,252.9600,met1,297.6200,252.9600,3.069e-06
met1,296.0100,225.7600,met1,298.5400,225.7600,4.146e-06
met1,296.0100,345.4400,met1,300.1500,345.4400,2.019e-06
met1,296.0100,410.7200,met1,299.2300,410.7200,1.235e-06
met1,296.2400,13.6000,met1,299.4600,13.6000,1.745e-06
met1,296.2400,46.2400,met1,300.1500,46.2400,2.960e-06
met1,296.2400,111.5200,met1,298.5400,111.5200,1.893e-06
met1,296.2400,138.7200,met1,300.1500,138.7200,7.947e-08
met1,296.4700,100.6400,met1,300.1500,100.6400,4.723e-06
met1,296.4700,122.4000,met1,299.6900,122.4000,1.439e-06
met1,296.4700,182.2400,met1,300.1500,182.2400,3.633e-06
met1,296.9300,95.2000,met1,300.1500,95.2000,8.320e-07
met1,297.1600,187.6800,met1,300.1500,187.6800,4.826e-06
met1,297.1600,274.7200,met1,300.1500,274.7200,1.599e-06
met1,297.3900,62.5600,met1,300.1500,62.5600,6.525e-06
met1,297.3900,204.0000,met1,300.1500,204.0000,6.053e-06
met1,297.3900,247.5200,met1,300.1500,247.5200,4.603e-06
met1,297.3900,285.6000,met1,299.2300,285.6000,8.001e-07
met1,297.3900,291.0400,met1,300.1500,291.0400,1.950e-07
met1,297.3900,361.7600,met1,300.1500,361.7600,2.517e-06
met1,297.3900,432.4800,met1,299.4600,432.4800,1.411e-06
met1,297.6200,149.6000,met1,300.1500,149.6000,7.491e-07
met1,297.6200,160.4800,met1,300.1500,160.4800,1.109e-06
met1,297.6200,252.9600,met1,300.1500,252.9600,3.082e-06
met1,297.6200,350.8800,met1,300.1500,350.8800,2.449e-06
met1,297.8500,24.4800,met1,300.1500,24.4800,7.106e-07
met1,297.8500,29.9200,met1,300.1500,29.9200,2.336e-06
met1,297.8500,68.0000,met1,300.1500,68.0000,1.031e-06
met1,297.8500,242.0800,met1,300.1500,242.0800,6.593e-06
met1,297.8500,427.0400,met1,300.1500,427.0400,9.983e-09
met1,298.0800,176.8000,met1,300.1500,176.8000,3.570e-06
met1,298.0800,236.6400,met1,300.1500,236.6400,6.188e-06
met1,298.0800,318.2400,met1,300.1500,318.2400,2.476e-06
met1,298.0800,323.6800,met1,299.9200,323.6800,1.687e-06
met1,298.0800,356.3200,met1,300.1500,356.3200,2.932e-06
met1,298.3100,301.9200,met1,300.1500,301.9200,8.521e-07
met1,298.3100,312.8000,met1,300.1500,312.8000,1.387e-06
met1,298.3100,329.1200,met1,300.1500,329.1200,2.121e-06
met1,298.3100,340.0000,met1,300.1500,340.0000,2.578e-06
met1,298.3100,367.2000,met1,300.1500,367.2000,1.819e-06
met1,298.5400,111.5200,met1,303.8300,111.5200,1.882e-06
met1,298.5400,225.7600,met1,303.3700,225.7600,5.561e-06
met1,298.5400,307.3600,met1,308.8900,307.3600,1.274e-06
met1,298.7700,106.0800,met1,300.6100,106.0800,4.674e-06
met1,298.7700,144.1600,met1,301.7600,144.1600,2.192e-06
met1,298.7700,421.6000,met1,302.9100,421.6000,9.600e-07
met1,298.7700,448.8000,met1,301.7600,448.8000,2.482e-07
met1,299.0000,443.3600,met1,305.4400,443.3600,5.159e-07
met1,299.2300,57.1200,met1,301.5300,57.1200,1.540e-06
met1,299.2300,78.8800,met1,310.7300,78.8800,4.851e-07
met1,299.2300,285.6000,met1,301.3000,285.6000,8.031e-07
met1,299.2300,399.8400,met1,303.1400,399.8400,1.241e-06
met1,299.2300,410.7200,met1,301.9900,410.7200,1.229e-06
met1,299.4600,13.6000,met1,310.7300,13.6000,5.958e-07
met1,299.4600,432.4800,met1,301.3000,432.4800,2.954e-07
met1,299.6900,73.4400,met1,312.5700,73.4400,1.668e-06
met1,299.6900,122.4000,met1,304.5200,122.4000,1.427e-06
met1,299.9200,323.6800,met1,309.3500,323.6800,1.685e-06
met1,300.1500,19.0400,met1,302.4500,19.0400,3.254e-06
met1,300.1500,24.4800,met1,313.9500,24.4800,7.106e-07
met1,300.1500,29.9200,met1,305.4400,29.9200,1.837e-06
met1,300.1500,35.3600,met1,310.2700,35.3600,1.124e-06
met1,300.1500,40.8000,met1,303.6000,40.8000,2.571e-06
met1,300.1500,46.2400,met1,302.4500,46.2400,2.960e-06
met1,300.1500,51.6800,met1,302.4500,51.6800,4.595e-06
met1,300.1500,62.5600,met1,306.3600,62.5600,7.798e-07
met1,300.1500,68.0000,met1,302.9100,68.0000,1.031e-06
met1,300.1500,84.3200,met1,302.4500,84.3200,6.981e-07
met1,300.1500,89.7600,met1,313.9500,89.7600,1.691e-07
met1,300.1500,95.2000,met1,303.3700,95.2000,8.320e-07
met1,300.1500,100.6400,met1,302.9100,100.6400,4.406e-07
met1,300.1500,116.9600,met1,302.9100,116.9600,1.558e-06
met1,300.1500,127.8400,met1,301.9900,127.8400,1.357e-06
met1,300.1500,133.2800,met1,302.2200,133.2800,9.157e-07
met1,300.1500,138.7200,met1,301.9900,138.7200,7.947e-08
met1,300.1500,149.6000,met1,308.8900,149.6000,7.491e-07
met1,300.1500,155.0400,met1,306.5900,155.0400,5.974e-07
met1,300.1500,160.4800,met1,307.7400,160.4800,1.109e-06
met1,300.1500,165.9200,met1,306.8200,165.9200,1.395e-06
met1,300.1500,171.3600,met1,303.8300,171.3600,2.496e-06
met1,300.1500,176.8000,met1,307.7400,176.8000,3.570e-06
met1,300.1500,182.2400,met1,303.1400,182.2400,3.633e-06
met1,300.1500,187.6800,met1,304.7500,187.6800,4.826e-06
met1,300.1500,193.1200,met1,308.2000,193.1200,5.869e-06
met1,300.1500,198.5600,met1,303.3700,198.5600,5.950e-06
met1,300.1500,204.0000,met1,305.6700,204.0000,6.053e-06
met1,300.1500,209.4400,met1,302.6800,209.4400,5.050e-06
met1,300.1500,214.8800,met1,303.3700,214.8800,5.956e-06
met1,300.1500,220.3200,met1,307.9700,220.3200,6.134e-06
met1,300.1500,231.2000,met1,313.2600,231.2000,6.371e-06
met1,300.1500,236.6400,met1,303.3700,236.6400,6.188e-06
met1,300.1500,242.0800,met1,302.9100,242.0800,6.594e-06
met1,300.1500,247.5200,met1,307.0500,247.5200,4.603e-06
met1,300.1500,252.9600,met1,302.4500,252.9600,3.108e-06
met1,300.1500,258.4000,met1,304.2900,258.4000,2.818e-06
met1,300.1500,263.8400,met1,302.4500,263.8400,2.366e-06
met1,300.1500,269.2800,met1,302.4500,269.2800,1.837e-06
met1,300.1500,274.7200,met1,301.9900,274.7200,1.599e-06
met1,300.1500,280.1600,met1,306.1300,280.1600,9.408e-07
met1,300.1500,291.0400,met1,309.8100,291.0400,1.950e-07
met1,300.1500,296.4800,met1,309.1200,296.4800,1.558e-07
met1,300.1500,301.9200,met1,301.9900,301.9200,8.521e-07
met1,300.1500,312.8000,met1,311.6500,312.8000,1.387e-06
met1,300.1500,318.2400,met1,308.2000,318.2400,2.476e-06
met1,300.1500,329.1200,met1,303.1400,329.1200,2.075e-06
met1,300.1500,334.5600,met1,307.5100,334.5600,2.076e-06
met1,300.1500,340.0000,met1,307.7400,340.0000,2.572e-06
met1,300.1500,345.4400,met1,309.8100,345.4400,2.019e-06
met1,300.1500,350.8800,met1,304.2900,350.8800,2.449e-06
met1,300.1500,356.3200,met1,305.9000,356.3200,2.932e-06
met1,300.1500,361.7600,met1,301.9900,361.7600,2.517e-06
met1,300.1500,367.2000,met1,302.2200,367.2000,1.784e-06
met1,300.1500,372.6400,met1,308.4300,372.6400,2.068e-06
met1,300.1500,378.0800,met1,302.4500,378.0800,5.270e-07
met1,300.1500,383.5200,met1,302.4500,383.5200,9.719e-07
met1,300.1500,388.9600,met1,302.4500,388.9600,1.487e-06
met1,300.1500,394.4000,met1,309.1200,394.4000,7.109e-09
met1,300.1500,405.2800,met1,302.9100,405.2800,1.163e-06
met1,300.1500,416.1600,met1,303.3700,416.1600,1.055e-06
met1,300.1500,427.0400,met1,305.4400,427.0400,9.983e-09
met1,300.1500,437.9200,met1,303.8300,437.9200,2.812e-07
met1,300.6100,106.0800,met1,303.8300,106.0800,4.667e-06
met1,301.3000,285.6000,met1,303.6000,285.6000,8.031e-07
met1,301.3000,432.4800,met1,308.2000,432.4800,2.912e-07
met1,301.5300,57.1200,met1,304.5200,57.1200,1.463e-06
met1,301.7600,144.1600,met1,305.9000,144.1600,7.766e-07
met1,301.7600,448.8000,met1,313.9500,448.8000,2.371e-07
met1,301.9900,127.8400,met1,305.4400,127.8400,1.345e-06
met1,301.9900,138.7200,met1,312.1100,138.7200,6.796e-08
met1,301.9900,274.7200,met1,305.4400,274.7200,1.600e-06
met1,301.9900,301.9200,met1,304.2900,301.9200,8.478e-07
met1,301.9900,361.7600,met1,304.5200,361.7600,2.461e-06
met1,301.9900,410.7200,met1,304.2900,410.7200,1.224e-06
met1,302.2200,133.2800,met1,305.6700,133.2800,8.868e-07
met1,302.2200,367.2000,met1,305.6700,367.2000,1.768e-06
met1,302.4500,19.0400,met1,306.3600,19.0400,3.237e-06
met1,302.4500,46.2400,met1,307.0500,46.2400,2.691e-06
met1,302.4500,51.6800,met1,305.4400,51.6800,4.389e-06
met1,302.4500,84.3200,met1,312.5700,84.3200,6.267e-07
met1,302.4500,252.9600,met1,306.3600,252.9600,3.141e-06
met1,302.4500,263.8400,met1,304.2900,263.8400,2.374e-06
met1,302.4500,269.2800,met1,304.7500,269.2800,1.841e-06
met1,302.4500,378.0800,met1,307.0500,378.0800,5.235e-07
met1,302.4500,383.5200,met1,308.8900,383.5200,9.701e-07
met1,302.4500,388.9600,met1,309.8100,388.9600,1.482e-06
met1,302.6800,209.4400,met1,305.9000,209.4400,7.203e-06
met1,302.9100,68.0000,met1,306.3600,68.0000,9.598e-07
met1,302.9100,100.6400,met1,309.5800,100.6400,5.760e-07
met1,302.9100,116.9600,met1,304.7500,116.9600,1.527e-06
met1,302.9100,242.0800,met1,304.9800,242.0800,6.595e-06
met1,302.9100,405.2800,met1,312.1100,405.2800,1.031e-06
met1,302.9100,421.6000,met1,308.2000,421.6000,8.736e-07
met1,303.1400,182.2400,met1,312.1100,182.2400,5.787e-06
met1,303.1400,329.1200,met1,306.1300,329.1200,2.075e-06
met1,303.1400,399.8400,met1,306.3600,399.8400,1.206e-06
met1,303.3700,95.2000,met1,311.8800,95.2000,4.506e-06
met1,303.3700,198.5600,met1,310.0400,198.5600,5.984e-06
met1,303.3700,214.8800,met1,308.2000,214.8800,5.973e-06
met1,303.3700,225.7600,met1,310.0400,225.7600,5.578e-06
met1,303.3700,236.6400,met1,305.6700,236.6400,6.195e-06
met1,303.3700,416.1600,met1,306.5900,416.1600,9.645e-07
met1,303.6000,40.8000,met1,313.9500,40.8000,8.885e-07
met1,303.6000,285.6000,met1,308.6600,285.6000,8.032e-07
met1,303.8300,106.0800,met1,313.9500,106.0800,2.953e-06
met1,303.8300,111.5200,met1,307.9700,111.5200,1.809e-06
met1,303.8300,171.3600,met1,307.2800,171.3600,2.764e-06
met1,303.8300,437.9200,met1,313.9500,437.9200,2.746e-07
met1,304.2900,258.4000,met1,313.9500,258.4000,2.822e-06
met1,304.2900,263.8400,met1,307.0500,263.8400,2.375e-06
met1,304.2900,301.9200,met1,308.2000,301.9200,8.442e-07
met1,304.2900,350.8800,met1,307.0500,350.8800,2.379e-06
met1,304.2900,410.7200,met1,312.8000,410.7200,1.060e-06
met1,304.5200,57.1200,met1,312.3400,57.1200,9.466e-07
met1,304.5200,122.4000,met1,311.8800,122.4000,1.404e-06
met1,304.5200,361.7600,met1,313.9500,361.7600,2.413e-06
met1,304.7500,116.9600,met1,307.5100,116.9600,1.518e-06
met1,304.7500,187.6800,met1,311.4200,187.6800,4.843e-06
met1,304.7500,269.2800,met1,308.2000,269.2800,1.887e-06
met1,304.9800,242.0800,met1,307.7400,242.0800,6.596e-06
met1,305.4400,29.9200,met1,312.1100,29.9200,4.232e-07
met1,305.4400,51.6800,met1,309.3500,51.6800,4.091e-06
met1,305.4400,127.8400,met1,308.4300,127.8400,1.333e-06
met1,305.4400,274.7200,met1,307.5100,274.7200,1.600e-06
met1,305.4400,427.0400,met1,311.1900,427.0400,1.314e-08
met1,305.4400,443.3600,met1,312.8000,443.3600,7.615e-07
met1,305.6700,133.2800,met1,308.4300,133.2800,8.301e-07
met1,305.6700,204.0000,met1,313.9500,204.0000,6.321e-06
met1,305.6700,236.6400,met1,309.1200,236.6400,6.199e-06
met1,305.6700,367.2000,met1,308.2000,367.2000,1.635e-06
met1,305.9000,144.1600,met1,309.5800,144.1600,1.377e-06
met1,305.9000,209.4400,met1,312.3400,209.4400,8.622e-06
met1,305.9000,356.3200,met1,312.5700,356.3200,1.659e-06
met1,306.1300,280.1600,met1,309.1200,280.1600,9.524e-07
met1,306.1300,329.1200,met1,309.8100,329.1200,2.068e-06
met1,306.3600,19.0400,met1,309.1200,19.0400,1.822e-06
met1,306.3600,62.5600,met1,313.9500,62.5600,2.934e-06
met1,306.3600,68.0000,met1,312.8000,68.0000,1.191e-06
met1,306.3600,252.9600,met1,308.4300,252.9600,3.194e-06
met1,306.3600,399.8400,met1,308.6600,399.8400,1.204e-06
met1,306.5900,155.0400,met1,311.8800,155.0400,5.804e-07
met1,306.5900,416.1600,met1,312.1100,416.1600,8.836e-07
met1,306.8200,165.9200,met1,313.9500,165.9200,3.571e-06
met1,307.0500,46.2400,met1,311.6500,46.2400,2.674e-06
met1,307.0500,247.5200,met1,310.2700,247.5200,4.643e-06
met1,307.0500,263.8400,met1,313.9500,263.8400,3.501e-06
met1,307.0500,350.8800,met1,310.2700,350.8800,2.226e-06
met1,307.0500,378.0800,met1,309.1200,378.0800,5.228e-07
met1,307.2800,171.3600,met1,311.6500,171.3600,3.262e-06
met1,307.5100,116.9600,met1,311.1900,116.9600,1.515e-06
met1,307.5100,274.7200,met1,313.9500,274.7200,2.707e-06
met1,307.5100,334.5600,met1,313.9500,334.5600,2.072e-06
met1,307.7400,160.4800,met1,309.8100,160.4800,1.270e-06
met1,307.7400,176.8000,met1,313.9500,176.8000,5.248e-06
met1,307.7400,242.0800,met1,313.9500,242.0800,6.599e-06
met1,307.7400,340.0000,met1,309.5800,340.0000,1.302e-06
met1,307.9700,111.5200,met1,309.8100,111.5200,1.747e-06
met1,307.9700,220.3200,met1,313.9500,220.3200,6.151e-06
met1,308.2000,193.1200,met1,313.9500,193.1200,8.013e-06
met1,308.2000,214.8800,met1,313.9500,214.8800,8.129e-06
met1,308.2000,269.2800,met1,313.9500,269.2800,1.889e-06
met1,308.2000,301.9200,met1,313.0300,301.9200,4.232e-07
met1,308.2000,318.2400,met1,313.9500,318.2400,1.207e-06
met1,308.2000,367.2000,met1,313.9500,367.2000,3.654e-07
met1,308.2000,421.6000,met1,313.9500,421.6000,3.989e-07
met1,308.2000,432.4800,met1,312.8000,432.4800,2.854e-07
met1,308.4300,127.8400,met1,313.9500,127.8400,1.330e-06
met1,308.4300,133.2800,met1,310.2700,133.2800,7.920e-07
met1,308.4300,252.9600,met1,312.1100,252.9600,3.325e-06
met1,308.4300,372.6400,met1,313.9500,372.6400,2.067e-06
met1,308.6600,285.6000,met1,313.7200,285.6000,8.405e-07
met1,308.6600,399.8400,met1,310.9600,399.8400,1.168e-06
met1,308.8900,149.6000,met1,311.8800,149.6000,1.017e-06
met1,308.8900,307.3600,met1,313.9500,307.3600,1.270e-06
met1,308.8900,383.5200,met1,312.8000,383.5200,9.682e-07
met1,309.1200,19.0400,met1,313.9500,19.0400,3.188e-07
met1,309.1200,236.6400,met1,313.9500,236.6400,7.316e-06
met1,309.1200,280.1600,met1,313.9500,280.1600,9.871e-07
met1,309.1200,296.4800,met1,311.6500,296.4800,2.659e-07
met1,309.1200,378.0800,met1,312.3400,378.0800,5.223e-07
met1,309.1200,394.4000,met1,312.8000,394.4000,9.088e-09
met1,309.3500,51.6800,met1,313.9500,51.6800,2.904e-06
met1,309.3500,323.6800,met1,312.5700,323.6800,1.679e-06
met1,309.5800,100.6400,met1,313.9500,100.6400,1.994e-06
met1,309.5800,144.1600,met1,313.9500,144.1600,1.875e-06
met1,309.5800,340.0000,met1,313.9500,340.0000,1.300e-06
met1,309.8100,111.5200,met1,312.8000,111.5200,1.478e-06
met1,309.8100,160.4800,met1,312.3400,160.4800,1.463e-06
met1,309.8100,291.0400,met1,312.1100,291.0400,2.807e-07
met1,309.8100,329.1200,met1,312.5700,329.1200,9.544e-07
met1,309.8100,345.4400,met1,312.5700,345.4400,2.017e-06
met1,309.8100,388.9600,met1,311.6500,388.9600,1.479e-06
met1,310.0400,198.5600,met1,313.9500,198.5600,8.126e-06
met1,310.0400,225.7600,met1,313.9500,225.7600,7.729e-06
met1,310.2700,35.3600,met1,313.9500,35.3600,1.107e-06
met1,310.2700,133.2800,met1,313.9500,133.2800,7.892e-07
met1,310.2700,247.5200,met1,313.9500,247.5200,4.675e-06
met1,310.2700,350.8800,met1,313.9500,350.8800,2.117e-06
met1,310.7300,13.6000,met1,313.9500,13.6000,5.788e-07
met1,310.7300,78.8800,met1,313.9500,78.8800,6.749e-06
met1,310.9600,399.8400,met1,313.9500,399.8400,1.150e-06
met1,311.1900,116.9600,met1,313.9500,116.9600,1.411e-06
met1,311.1900,427.0400,met1,313.9500,427.0400,1.822e-08
met1,311.4200,187.6800,met1,313.9500,187.6800,6.996e-06
met1,311.6500,46.2400,met1,313.9500,46.2400,2.648e-07
met1,311.6500,171.3600,met1,313.9500,171.3600,3.530e-06
met1,311.6500,296.4800,met1,313.9500,296.4800,2.672e-07
met1,311.6500,312.8000,met1,313.4900,312.8000,1.380e-06
met1,311.6500,388.9600,met1,313.9500,388.9600,1.477e-06
met1,311.8800,95.2000,met1,313.9500,95.2000,5.927e-06
met1,311.8800,122.4000,met1,313.9500,122.4000,1.372e-06
met1,311.8800,149.6000,met1,313.9500,149.6000,2.440e-06
met1,311.8800,155.0400,met1,313.9500,155.0400,1.573e-06
met1,312.1100,29.9200,met1,313.9500,29.9200,4.062e-07
met1,312.1100,138.7200,met1,313.9500,138.7200,4.841e-08
met1,312.1100,182.2400,met1,313.9500,182.2400,5.804e-06
met1,312.1100,252.9600,met1,313.9500,252.9600,3.340e-06
met1,312.1100,291.0400,met1,313.9500,291.0400,4.249e-07
met1,312.1100,405.2800,met1,313.9500,405.2800,1.027e-06
met1,312.1100,416.1600,met1,313.9500,416.1600,8.808e-07
met1,312.3400,57.1200,met1,318.1200,57.1200,1.206e-06
met1,312.3400,160.4800,met1,318.1200,160.4800,2.878e-06
met1,312.3400,209.4400,met1,316.2500,209.4400,9.119e-06
met1,312.3400,378.0800,met1,314.8700,378.0800,5.223e-07
met1,312.5700,73.4400,met1,318.1200,73.4400,1.515e-06
met1,312.5700,84.3200,met1,318.1200,84.3200,4.728e-07
met1,312.5700,323.6800,met1,318.1200,323.6800,1.678e-06
met1,312.5700,329.1200,met1,315.1000,329.1200,9.503e-07
met1,312.5700,345.4400,met1,314.6400,345.4400,2.013e-06
met1,312.5700,356.3200,met1,316.9400,356.3200,1.597e-06
met1,312.8000,68.0000,met1,318.1200,68.0000,1.353e-06
met1,312.8000,111.5200,met1,315.7900,111.5200,1.351e-06
met1,312.8000,383.5200,met1,318.1200,383.5200,1.445e-07
met1,312.8000,394.4000,met1,318.1200,394.4000,1.175e-06
met1,312.8000,410.7200,met1,318.0900,410.7200,6.015e-08
met1,312.8000,432.4800,met1,318.1200,432.4800,9.845e-07
met1,312.8000,443.3600,met1,315.3300,443.3600,8.077e-07
met1,313.0300,301.9200,met1,314.8700,301.9200,4.275e-07
met1,313.2600,231.2000,met1,318.1200,231.2000,8.526e-06
met1,313.4900,312.8000,met1,315.3300,312.8000,1.379e-06
met1,313.7200,285.6000,met1,318.0900,285.6000,8.591e-07
met1,313.9500,13.6000,met1,318.1200,13.6000,5.788e-07
met1,313.9500,19.0400,met1,316.2500,19.0400,3.188e-07
met1,313.9500,24.4800,met1,318.1200,24.4800,7.106e-07
met1,313.9500,29.9200,met1,318.1200,29.9200,4.062e-07
met1,313.9500,35.3600,met1,316.9400,35.3600,1.107e-06
met1,313.9500,40.8000,met1,318.1200,40.8000,8.885e-07
met1,313.9500,46.2400,met1,318.1200,46.2400,2.648e-07
met1,313.9500,51.6800,met1,316.2500,51.6800,2.904e-06
met1,313.9500,62.5600,met1,316.2500,62.5600,2.997e-06
met1,313.9500,78.8800,met1,318.1200,78.8800,6.749e-06
met1,313.9500,89.7600,met1,315.7900,89.7600,1.691e-07
met1,313.9500,95.2000,met1,318.1200,95.2000,5.927e-06
met1,313.9500,100.6400,met1,318.1200,100.6400,1.994e-06
met1,313.9500,106.0800,met1,317.8600,106.0800,3.047e-06
met1,313.9500,116.9600,met1,315.7900,116.9600,1.404e-06
met1,313.9500,122.4000,met1,318.1200,122.4000,1.340e-06
met1,313.9500,127.8400,met1,318.1200,127.8400,1.330e-06
met1,313.9500,133.2800,met1,318.1200,133.2800,7.892e-07
met1,313.9500,138.7200,met1,316.4800,138.7200,4.841e-08
met1,313.9500,144.1600,met1,318.1200,144.1600,1.875e-06
met1,313.9500,149.6000,met1,318.1200,149.6000,2.440e-06
met1,313.9500,155.0400,met1,318.1200,155.0400,1.573e-06
met1,313.9500,165.9200,met1,316.9400,165.9200,3.571e-06
met1,313.9500,171.3600,met1,318.1200,171.3600,3.530e-06
met1,313.9500,176.8000,met1,318.1200,176.8000,5.248e-06
met1,313.9500,182.2400,met1,318.1200,182.2400,5.804e-06
met1,313.9500,187.6800,met1,318.1200,187.6800,6.996e-06
met1,313.9500,193.1200,met1,317.1700,193.1200,8.013e-06
met1,313.9500,198.5600,met1,317.8600,198.5600,8.126e-06
met1,313.9500,204.0000,met1,318.1200,204.0000,6.321e-06
met1,313.9500,214.8800,met1,316.0200,214.8800,8.129e-06
met1,313.9500,220.3200,met1,318.1200,220.3200,6.151e-06
met1,313.9500,225.7600,met1,318.1200,225.7600,7.729e-06
met1,313.9500,236.6400,met1,318.1200,236.6400,7.316e-06
met1,313.9500,242.0800,met1,316.9400,242.0800,6.599e-06
met1,313.9500,247.5200,met1,315.7900,247.5200,4.675e-06
met1,313.9500,252.9600,met1,318.1200,252.9600,3.340e-06
met1,313.9500,258.4000,met1,318.1200,258.4000,2.822e-06
met1,313.9500,263.8400,met1,316.7100,263.8400,3.501e-06
met1,313.9500,269.2800,met1,318.1200,269.2800,1.894e-06
met1,313.9500,274.7200,met1,318.1200,274.7200,2.707e-06
met1,313.9500,280.1600,met1,318.1200,280.1600,9.871e-07
met1,313.9500,291.0400,met1,318.1200,291.0400,4.271e-07
met1,313.9500,296.4800,met1,316.9400,296.4800,2.672e-07
met1,313.9500,307.3600,met1,318.1200,307.3600,1.270e-06
met1,313.9500,318.2400,met1,317.4000,318.2400,1.206e-06
met1,313.9500,334.5600,met1,317.6300,334.5600,2.072e-06
met1,313.9500,340.0000,met1,316.4800,340.0000,1.300e-06
met1,313.9500,350.8800,met1,316.2500,350.8800,2.117e-06
met1,313.9500,361.7600,met1,318.1200,361.7600,2.413e-06
met1,313.9500,367.2000,met1,315.7900,367.2000,3.654e-07
met1,313.9500,372.6400,met1,317.8600,372.6400,2.067e-06
met1,313.9500,388.9600,met1,315.7900,388.9600,1.473e-06
met1,313.9500,399.8400,met1,318.1200,399.8400,1.150e-06
met1,313.9500,405.2800,met1,315.7900,405.2800,1.027e-06
met1,313.9500,416.1600,met1,316.0200,416.1600,8.759e-07
met1,313.9500,421.6000,met1,318.1200,421.6000,3.989e-07
met1,313.9500,427.0400,met1,317.1700,427.0400,1.822e-08
met1,313.9500,437.9200,met1,316.2500,437.9200,2.746e-07
met1,313.9500,448.8000,met1,316.7100,448.8000,2.351e-07
met1,314.6400,345.4400,met1,317.8600,345.4400,2.011e-06
met1,314.8700,301.9200,met1,316.7100,301.9200,4.317e-07
met1,314.8700,378.0800,met1,316.7100,378.0800,5.187e-07
met1,315.1000,329.1200,met1,318.1200,329.1200,9.474e-07
met1,315.3300,312.8000,met1,317.6300,312.8000,1.378e-06
met1,315.3300,443.3600,met1,317.4000,443.3600,8.091e-07
met1,315.7900,89.7600,met1,318.1200,89.7600,1.860e-07
met1,315.7900,111.5200,met1,318.1200,111.5200,1.246e-06
met1,315.7900,116.9600,met1,318.1200,116.9600,1.386e-06
met1,315.7900,247.5200,met1,318.1200,247.5200,4.718e-06
met1,315.7900,367.2000,met1,317.6300,367.2000,3.640e-07
met1,315.7900,388.9600,met1,318.1200,388.9600,1.472e-06
met1,315.7900,405.2800,met1,318.1200,405.2800,1.024e-06
met1,316.0200,214.8800,met1,318.1200,214.8800,9.798e-06
met1,316.0200,416.1600,met1,318.1200,416.1600,8.710e-07
met1,316.2500,19.0400,met1,318.1200,19.0400,5.871e-07
met1,316.2500,51.6800,met1,318.1200,51.6800,2.981e-06
met1,316.2500,62.5600,met1,318.1200,62.5600,3.051e-06
met1,316.2500,209.4400,met1,318.1200,209.4400,9.388e-06
met1,316.2500,350.8800,met1,318.1200,350.8800,1.996e-06
met1,316.2500,437.9200,met1,318.1200,437.9200,2.716e-07
met1,316.4800,138.7200,met1,318.5500,138.7200,2.983e-06
met1,316.4800,138.7200,met2,318.1200,138.7200,2.947e-06
met1,316.4800,340.0000,met1,319.0100,340.0000,1.907e-06
met1,316.4800,340.0000,met2,318.1200,340.0000,6.075e-07
met1,316.7100,263.8400,met1,327.7500,263.8400,5.443e-07
met1,316.7100,263.8400,met2,318.1200,263.8400,5.315e-06
met1,316.7100,301.9200,met1,319.0100,301.9200,3.764e-06
met1,316.7100,301.9200,met2,318.1200,301.9200,4.197e-06
met1,316.7100,378.0800,met1,318.7800,378.0800,1.970e-06
met1,316.7100,378.0800,met2,318.1200,378.0800,1.455e-06
met1,316.7100,448.8000,met1,318.7800,448.8000,1.840e-06
met1,316.7100,448.8000,met2,318.1200,448.8000,1.606e-06
met1,316.9400,35.3600,met1,324.5300,35.3600,2.975e-06
met1,316.9400,35.3600,met2,318.1200,35.3600,4.007e-06
met1,316.9400,165.9200,met1,323.8400,165.9200,3.582e-06
met1,316.9400,165.9200,met2,318.1200,165.9200,7.667e-06
met1,316.9400,242.0800,met1,319.0100,242.0800,1.196e-06
met1,316.9400,242.0800,met2,318.1200,242.0800,6.671e-06
met1,316.9400,296.4800,met1,326.8300,296.4800,8.705e-07
met1,316.9400,296.4800,met2,318.1200,296.4800,1.142e-06
met1,316.9400,356.3200,met1,320.8500,356.3200,3.103e-06
met1,316.9400,356.3200,met2,318.1200,356.3200,1.606e-06
met1,317.1700,193.1200,met1,326.6000,193.1200,1.884e-06
met1,317.1700,193.1200,met2,318.1200,193.1200,1.017e-05
met1,317.1700,427.0400,met1,326.6000,427.0400,1.380e-06
met1,317.1700,427.0400,met2,318.1200,427.0400,1.401e-06
met1,317.4000,318.2400,met1,325.2200,318.2400,2.329e-06
met1,317.4000,318.2400,met2,318.1200,318.2400,1.127e-06
met1,317.4000,443.3600,met1,319.2400,443.3600,6.972e-07
met1,317.4000,443.3600,met2,318.1200,443.3600,2.629e-06
met1,317.6300,312.8000,met1,324.5300,312.8000,2.697e-06
met1,317.6300,312.8000,met2,318.1200,312.8000,2.435e-06
met1,317.6300,334.5600,met1,321.3100,334.5600,2.695e-06
met1,317.6300,334.5600,met2,318.1200,334.5600,6.255e-07
met1,317.6300,367.2000,met1,320.1600,367.2000,1.397e-06
met1,317.6300,367.2000,met2,318.1200,367.2000,1.034e-06
met1,317.8600,106.0800,met1,320.6200,106.0800,1.468e-06
met1,317.8600,106.0800,met2,318.1200,106.0800,4.612e-06
met1,317.8600,198.5600,met1,321.0800,198.5600,2.818e-06
met1,317.8600,198.5600,met2,318.1200,198.5600,1.144e-05
met1,317.8600,345.4400,met1,320.8500,345.4400,2.337e-06
met1,317.8600,345.4400,met2,318.1200,345.4400,1.437e-06
met1,317.8600,372.6400,met1,322.2300,372.6400,2.265e-06
met1,317.8600,372.6400,met2,318.1200,372.6400,1.308e-06
met1,318.0900,285.6000,met1,319.9300,285.6000,6.681e-07
met1,318.0900,285.6000,met2,318.1200,285.6000,2.645e-06
met1,318.0900,410.7200,met1,324.5300,410.7200,1.223e-06
met1,318.0900,410.7200,met2,318.1200,410.7200,1.286e-06
met1,318.1200,13.6000,met1,323.6100,13.6000,3.095e-06
met1,318.1200,13.6000,met2,318.1200,13.6000,3.930e-06
met1,318.1200,19.0400,met1,320.1600,19.0400,6.734e-06
met1,318.1200,19.0400,met2,318.1200,19.0400,7.321e-06
met1,318.1200,24.4800,met1,321.0800,24.4800,2.285e-06
met1,318.1200,24.4800,met2,318.1200,24.4800,1.574e-06
met1,318.1200,29.9200,met1,322.0000,29.9200,4.677e-06
met1,318.1200,29.9200,met2,318.1200,29.9200,6.708e-06
met1,318.1200,40.8000,met1,322.4600,40.8000,4.187e-06
met1,318.1200,40.8000,met2,318.1200,40.8000,3.298e-06
met1,318.1200,46.2400,met1,324.9900,46.2400,4.215e-06
met1,318.1200,46.2400,met2,318.1200,46.2400,5.633e-06
met1,318.1200,51.6800,met1,327.7500,51.6800,2.580e-06
met1,318.1200,51.6800,met2,318.1200,51.6800,6.059e-06
met1,318.1200,57.1200,met1,319.9300,57.1200,4.872e-06
met1,318.1200,57.1200,met2,318.1200,57.1200,6.078e-06
met1,318.1200,62.5600,met1,325.2200,62.5600,2.643e-06
met1,318.1200,62.5600,met2,318.1200,62.5600,5.694e-06
met1,318.1200,68.0000,met1,327.7500,68.0000,8.079e-06
met1,318.1200,68.0000,met2,318.1200,68.0000,1.161e-05
met1,318.1200,73.4400,met1,323.6100,73.4400,9.443e-06
met1,318.1200,73.4400,met2,318.1200,73.4400,7.928e-06
met1,318.1200,78.8800,met1,324.9900,78.8800,5.964e-06
met1,318.1200,78.8800,met2,318.1200,78.8800,1.271e-05
met1,318.1200,84.3200,met1,321.0800,84.3200,6.378e-06
met1,318.1200,84.3200,met2,318.1200,84.3200,5.906e-06
met1,318.1200,89.7600,met1,320.6200,89.7600,5.465e-06
met1,318.1200,89.7600,met2,318.1200,89.7600,5.651e-06
met1,318.1200,95.2000,met1,326.3700,95.2000,9.594e-07
met1,318.1200,95.2000,met2,318.1200,95.2000,6.886e-06
met1,318.1200,100.6400,met1,322.0000,100.6400,4.767e-06
met1,318.1200,100.6400,met2,318.1200,100.6400,6.761e-06
met1,318.1200,111.5200,met1,325.9100,111.5200,3.475e-06
met1,318.1200,111.5200,met2,318.1200,111.5200,2.228e-06
met1,318.1200,116.9600,met1,324.0700,116.9600,2.588e-06
met1,318.1200,116.9600,met2,318.1200,116.9600,1.225e-06
met1,318.1200,122.4000,met1,321.7700,122.4000,2.900e-06
met1,318.1200,122.4000,met2,318.1200,122.4000,1.601e-06
met1,318.1200,127.8400,met1,322.6900,127.8400,3.750e-06
met1,318.1200,127.8400,met2,318.1200,127.8400,2.453e-06
met1,318.1200,133.2800,met1,321.7700,133.2800,2.050e-06
met1,318.1200,133.2800,met2,318.1200,133.2800,1.398e-06
met1,318.1200,144.1600,met1,319.9300,144.1600,3.565e-06
met1,318.1200,144.1600,met2,318.1200,144.1600,5.440e-06
met1,318.1200,149.6000,met1,324.3000,149.6000,2.504e-06
met1,318.1200,149.6000,met2,318.1200,149.6000,4.961e-06
met1,318.1200,155.0400,met1,320.6200,155.0400,4.572e-06
met1,318.1200,155.0400,met2,318.1200,155.0400,6.145e-06
met1,318.1200,160.4800,met1,319.9300,160.4800,2.041e-06
met1,318.1200,160.4800,met2,318.1200,160.4800,4.919e-06
met1,318.1200,171.3600,met1,326.6000,171.3600,2.915e-06
met1,318.1200,171.3600,met2,318.1200,171.3600,6.445e-06
met1,318.1200,176.8000,met1,320.8500,176.8000,1.623e-06
met1,318.1200,176.8000,met2,318.1200,176.8000,8.287e-06
met1,318.1200,182.2400,met1,322.0000,182.2400,1.238e-06
met1,318.1200,182.2400,met2,318.1200,182.2400,9.183e-06
met1,318.1200,187.6800,met1,321.5400,187.6800,1.658e-06
met1,318.1200,187.6800,met2,318.1200,187.6800,8.654e-06
met1,318.1200,204.0000,met1,327.7500,204.0000,3.918e-07
met1,318.1200,204.0000,met2,318.1200,204.0000,6.961e-06
met1,318.1200,209.4400,met1,322.6900,209.4400,2.034e-06
met1,318.1200,209.4400,met2,318.1200,209.4400,1.291e-05
met1,318.1200,214.8800,met1,326.3700,214.8800,1.720e-07
met1,318.1200,214.8800,met2,318.1200,214.8800,9.970e-06
met1,318.1200,220.3200,met1,325.2200,220.3200,1.978e-06
met1,318.1200,220.3200,met2,318.1200,220.3200,8.627e-06
met1,318.1200,225.7600,met1,321.0800,225.7600,2.490e-06
met1,318.1200,225.7600,met2,318.1200,225.7600,1.049e-05
met1,318.1200,231.2000,met1,324.7600,231.2000,6.217e-07
met1,318.1200,231.2000,met2,318.1200,231.2000,7.904e-06
met1,318.1200,236.6400,met1,322.0000,236.6400,4.371e-07
met1,318.1200,236.6400,met2,318.1200,236.6400,7.753e-06
met1,318.1200,247.5200,met1,319.9300,247.5200,4.125e-07
met1,318.1200,247.5200,met2,318.1200,247.5200,4.306e-06
met1,318.1200,252.9600,met1,323.3800,252.9600,1.137e-06
met1,318.1200,252.9600,met2,318.1200,252.9600,4.477e-06
met1,318.1200,258.4000,met1,324.5300,258.4000,7.216e-08
met1,318.1200,258.4000,met2,318.1200,258.4000,2.753e-06
met1,318.1200,269.2800,met1,323.1500,269.2800,2.537e-07
met1,318.1200,269.2800,met2,318.1200,269.2800,2.755e-06
met1,318.1200,274.7200,met1,327.7500,274.7200,4.764e-07
met1,318.1200,274.7200,met2,318.1200,274.7200,3.184e-06
met1,318.1200,280.1600,met1,321.7700,280.1600,7.307e-07
met1,318.1200,280.1600,met2,318.1200,280.1600,1.726e-06
met1,318.1200,291.0400,met1,327.7500,291.0400,1.070e-06
met1,318.1200,291.0400,met2,318.1200,291.0400,2.767e-06
met1,318.1200,307.3600,met1,327.7500,307.3600,1.094e-06
met1,318.1200,307.3600,met2,318.1200,307.3600,1.309e-07
met1,318.1200,323.6800,met1,327.7500,323.6800,2.923e-06
met1,318.1200,323.6800,met2,318.1200,323.6800,1.248e-06
met1,318.1200,329.1200,met1,326.1400,329.1200,2.251e-06
met1,318.1200,329.1200,met2,318.1200,329.1200,1.303e-06
met1,318.1200,350.8800,met1,322.0000,350.8800,2.351e-06
met1,318.1200,350.8800,met2,318.1200,350.8800,3.564e-07
met1,318.1200,361.7600,met1,323.6100,361.7600,1.490e-06
met1,318.1200,361.7600,met2,318.1200,361.7600,3.494e-07
met1,318.1200,383.5200,met1,325.4500,383.5200,2.811e-06
met1,318.1200,383.5200,met2,318.1200,383.5200,2.956e-06
met1,318.1200,388.9600,met1,322.4600,388.9600,2.169e-06
met1,318.1200,388.9600,met2,318.1200,388.9600,6.968e-07
met1,318.1200,394.4000,met1,324.9900,394.4000,1.196e-06
met1,318.1200,394.4000,met2,318.1200,394.4000,2.370e-06
met1,318.1200,399.8400,met1,321.0800,399.8400,1.778e-06
met1,318.1200,399.8400,met2,318.1200,399.8400,6.281e-07
met1,318.1200,405.2800,met1,321.7700,405.2800,2.607e-06
met1,318.1200,405.2800,met2,318.1200,405.2800,1.589e-06
met1,318.1200,416.1600,met1,320.8500,416.1600,2.108e-06
met1,318.1200,416.1600,met2,318.1200,416.1600,1.237e-06
met1,318.1200,421.6000,met1,319.9300,421.6000,1.697e-06
met1,318.1200,421.6000,met2,318.1200,421.6000,2.096e-06
met1,318.1200,432.4800,met1,321.0800,432.4800,1.360e-06
met1,318.1200,432.4800,met2,318.1200,432.4800,2.348e-06
met1,318.1200,437.9200,met1,323.6100,437.9200,1.978e-06
met1,318.1200,437.9200,met2,318.1200,437.9200,1.707e-06
met1,318.5500,138.7200,met1,321.7700,138.7200,2.911e-06
met1,318.7800,378.0800,met1,327.7500,378.0800,1.968e-06
met1,318.7800,448.8000,met1,326.8300,448.8000,1.840e-06
met1,319.0100,242.0800,met1,323.6100,242.0800,1.201e-06
met1,319.0100,301.9200,met1,327.7500,301.9200,2.641e-06
met1,319.0100,340.0000,met1,324.5300,340.0000,1.906e-06
met1,319.2400,443.3600,met1,327.7500,443.3600,6.959e-07
met1,319.9300,57.1200,met1,323.6100,57.1200,3.189e-06
met1,319.9300,144.1600,met1,327.7500,144.1600,3.553e-06
met1,319.9300,160.4800,met1,326.1400,160.4800,1.772e-06
met1,319.9300,247.5200,met1,324.0700,247.5200,4.439e-07
met1,319.9300,285.6000,met1,321.7700,285.6000,6.668e-07
met1,319.9300,421.6000,met1,323.8400,421.6000,1.691e-06
met1,320.1600,19.0400,met1,325.6800,19.0400,4.595e-06
met1,320.1600,367.2000,met1,327.7500,367.2000,1.395e-06
met1,320.6200,89.7600,met1,322.4600,89.7600,3.327e-06
met1,320.6200,106.0800,met1,322.9200,106.0800,1.421e-06
met1,320.6200,155.0400,met1,327.7500,155.0400,3.151e-06
met1,320.8500,176.8000,met1,325.4500,176.8000,1.355e-06
met1,320.8500,345.4400,met1,327.7500,345.4400,2.335e-06
met1,320.8500,356.3200,met1,327.7500,356.3200,3.031e-06
met1,320.8500,416.1600,met1,324.0700,416.1600,2.102e-06
met1,321.0800,24.4800,met1,327.7500,24.4800,1.787e-06
met1,321.0800,84.3200,met1,326.1400,84.3200,4.224e-06
met1,321.0800,198.5600,met1,327.7500,198.5600,1.132e-06
met1,321.0800,225.7600,met1,323.1500,225.7600,1.074e-06
met1,321.0800,399.8400,met1,323.6100,399.8400,1.776e-06
met1,321.0800,432.4800,met1,323.6100,432.4800,1.354e-06
met1,321.3100,334.5600,met1,324.7600,334.5600,2.688e-06
met1,321.5400,187.6800,met1,325.4500,187.6800,1.159e-06
met1,321.7700,122.4000,met1,324.0700,122.4000,2.838e-06
met1,321.7700,133.2800,met1,327.7500,133.2800,1.966e-06
met1,321.7700,138.7200,met1,326.8300,138.7200,2.849e-06
met1,321.7700,280.1600,met1,324.3000,280.1600,7.201e-07
met1,321.7700,285.6000,met1,323.8400,285.6000,6.657e-07
met1,321.7700,405.2800,met1,323.8400,405.2800,2.598e-06
met1,322.0000,29.9200,met1,325.4500,29.9200,4.178e-06
met1,322.0000,100.6400,met1,327.7500,100.6400,3.349e-06
met1,322.0000,182.2400,met1,327.7500,182.2400,1.779e-07
met1,322.0000,236.6400,met1,323.8400,236.6400,4.351e-07
met1,322.0000,350.8800,met1,324.9900,350.8800,2.103e-06
met1,322.2300,372.6400,met1,326.6000,372.6400,2.265e-06
met1,322.4600,40.8000,met1,327.7500,40.8000,2.772e-06
met1,322.4600,89.7600,met1,327.7500,89.7600,1.906e-06
met1,322.4600,388.9600,met1,325.9100,388.9600,2.164e-06
met1,322.6900,127.8400,met1,324.9900,127.8400,3.640e-06
met1,322.6900,209.4400,met1,327.7500,209.4400,2.017e-06
met1,322.9200,106.0800,met1,326.6000,106.0800,1.420e-06
met1,323.1500,225.7600,met1,327.7500,225.7600,8.061e-07
met1,323.1500,269.2800,met1,325.6800,269.2800,2.565e-07
met1,323.3800,252.9600,met1,325.9100,252.9600,1.101e-06
met1,323.6100,13.6000,met1,327.7500,13.6000,2.827e-06
met1,323.6100,57.1200,met1,327.7500,57.1200,3.172e-06
met1,323.6100,73.4400,met1,327.7500,73.4400,2.139e-06
met1,323.6100,242.0800,met1,325.4500,242.0800,1.205e-06
met1,323.6100,361.7600,met1,327.7500,361.7600,1.483e-06
met1,323.6100,399.8400,met1,327.5200,399.8400,1.769e-06
met1,323.6100,432.4800,met1,326.1400,432.4800,1.346e-06
met1,323.6100,437.9200,met1,327.7500,437.9200,8.586e-07
met1,323.8400,165.9200,met1,327.7500,165.9200,1.428e-06
met1,323.8400,236.6400,met1,327.7500,236.6400,6.837e-07
met1,323.8400,285.6000,met1,327.7500,285.6000,6.590e-07
met1,323.8400,405.2800,met1,327.7500,405.2800,1.482e-06
met1,323.8400,421.6000,met1,326.1400,421.6000,1.506e-06
met1,324.0700,116.9600,met1,326.1400,116.9600,2.507e-06
met1,324.0700,122.4000,met1,326.1400,122.4000,2.740e-06
met1,324.0700,247.5200,met1,326.3700,247.5200,4.876e-07
met1,324.0700,416.1600,met1,327.7500,416.1600,2.097e-06
met1,324.3000,149.6000,met1,327.7500,149.6000,3.609e-07
met1,324.3000,280.1600,met1,327.7500,280.1600,7.173e-07
met1,324.5300,35.3600,met1,327.7500,35.3600,2.706e-06
met1,324.5300,258.4000,met1,327.7500,258.4000,7.510e-08
met1,324.5300,312.8000,met1,326.3700,312.8000,2.695e-06
met1,324.5300,340.0000,met1,327.7500,340.0000,1.901e-06
met1,324.5300,410.7200,met1,327.7500,410.7200,1.216e-06
met1,324.7600,231.2000,met1,327.2900,231.2000,6.685e-07
met1,324.7600,334.5600,met1,327.7500,334.5600,1.419e-06
met1,324.9900,46.2400,met1,327.7500,46.2400,4.198e-06
met1,324.9900,78.8800,met1,326.8300,78.8800,5.923e-06
met1,324.9900,127.8400,met1,327.7500,127.8400,3.560e-06
met1,324.9900,350.8800,met1,327.7500,350.8800,1.920e-06
met1,324.9900,394.4000,met1,327.7500,394.4000,1.188e-06
met1,325.2200,62.5600,met1,327.7500,62.5600,4.750e-07
met1,325.2200,220.3200,met1,327.7500,220.3200,5.623e-07
met1,325.2200,318.2400,met1,327.7500,318.2400,1.062e-06
met1,325.4500,29.9200,met1,327.7500,29.9200,3.910e-06
met1,325.4500,176.8000,met1,327.7500,176.8000,1.338e-06
met1,325.4500,187.6800,met1,327.7500,187.6800,8.913e-07
met1,325.4500,242.0800,met1,327.7500,242.0800,1.206e-06
met1,325.4500,383.5200,met1,327.7500,383.5200,1.538e-06
met1,325.6800,19.0400,met1,327.7500,19.0400,3.181e-06
met1,325.6800,269.2800,met1,327.7500,269.2800,2.942e-07
met1,325.9100,111.5200,met1,327.7500,111.5200,3.466e-06
met1,325.9100,252.9600,met1,327.7500,252.9600,3.033e-07
met1,325.9100,388.9600,met1,327.7500,388.9600,1.044e-06
met1,326.1400,84.3200,met1,333.0400,84.3200,3.725e-06
met1,326.1400,116.9600,met1,328.9000,116.9600,2.412e-06
met1,326.1400,122.4000,met1,328.9000,122.4000,2.661e-06
met1,326.1400,160.4800,met1,327.9800,160.4800,1.273e-06
met1,326.1400,329.1200,met1,327.9800,329.1200,2.247e-06
met1,326.1400,421.6000,met1,328.9000,421.6000,1.503e-06
met1,326.1400,432.4800,met1,327.9800,432.4800,1.343e-06
met1,326.3700,95.2000,met1,329.5900,95.2000,6.912e-07
met1,326.3700,214.8800,met1,333.9600,214.8800,1.550e-07
met1,326.3700,247.5200,met1,330.5100,247.5200,4.924e-07
met1,326.3700,312.8000,met1,329.3600,312.8000,2.693e-06
met1,326.6000,106.0800,met1,329.5900,106.0800,1.388e-06
met1,326.6000,171.3600,met1,330.7400,171.3600,2.617e-06
met1,326.6000,193.1200,met1,333.5000,193.1200,4.687e-07
met1,326.6000,372.6400,met1,329.5900,372.6400,2.263e-06
met1,326.6000,427.0400,met1,334.1900,427.0400,1.301e-06
met1,326.8300,78.8800,met1,337.4100,78.8800,5.731e-06
met1,326.8300,138.7200,met1,332.3500,138.7200,2.832e-06
met1,326.8300,296.4800,met1,329.1300,296.4800,8.382e-07
met1,326.8300,448.8000,met1,331.6600,448.8000,1.836e-06
met1,327.2900,231.2000,met1,338.1000,231.2000,6.685e-07
met1,327.5200,399.8400,met1,331.2000,399.8400,1.767e-06
met1,327.7500,13.6000,met1,335.8000,13.6000,2.827e-06
met1,327.7500,19.0400,met1,330.0500,19.0400,3.181e-06
met1,327.7500,24.4800,met1,341.5500,24.4800,1.787e-06
met1,327.7500,29.9200,met1,330.7400,29.9200,3.910e-06
met1,327.7500,35.3600,met1,332.3500,35.3600,2.706e-06
met1,327.7500,40.8000,met1,335.5700,40.8000,2.772e-06
met1,327.7500,46.2400,met1,330.7400,46.2400,4.198e-06
met1,327.7500,51.6800,met1,335.3400,51.6800,4.276e-07
met1,327.7500,57.1200,met1,331.6600,57.1200,3.172e-06
met1,327.7500,62.5600,met1,341.5500,62.5600,4.750e-07
met1,327.7500,68.0000,met1,333.2700,68.0000,3.387e-07
met1,327.7500,73.4400,met1,336.2600,73.4400,7.083e-07
met1,327.7500,89.7600,met1,330.0500,89.7600,1.889e-06
met1,327.7500,100.6400,met1,334.4200,100.6400,3.349e-06
met1,327.7500,111.5200,met1,333.7300,111.5200,3.466e-06
met1,327.7500,127.8400,met1,330.0500,127.8400,3.560e-06
met1,327.7500,133.2800,met1,341.5500,133.2800,1.966e-06
met1,327.7500,144.1600,met1,333.5000,144.1600,3.553e-06
met1,327.7500,149.6000,met1,332.3500,149.6000,3.609e-07
met1,327.7500,155.0400,met1,337.6400,155.0400,2.883e-06
met1,327.7500,165.9200,met1,333.9600,165.9200,1.428e-06
met1,327.7500,176.8000,met1,335.3400,176.8000,1.321e-06
met1,327.7500,182.2400,met1,332.8100,182.2400,1.779e-07
met1,327.7500,187.6800,met1,335.8000,187.6800,8.913e-07
met1,327.7500,198.5600,met1,334.1900,198.5600,2.837e-07
met1,327.7500,204.0000,met1,335.1100,204.0000,3.918e-07
met1,327.7500,209.4400,met1,336.7200,209.4400,1.341e-07
met1,327.7500,220.3200,met1,331.8900,220.3200,5.623e-07
met1,327.7500,225.7600,met1,330.0500,225.7600,8.061e-07
met1,327.7500,236.6400,met1,335.1100,236.6400,6.870e-07
met1,327.7500,242.0800,met1,330.5100,242.0800,1.210e-06
met1,327.7500,252.9600,met1,332.3500,252.9600,3.033e-07
met1,327.7500,258.4000,met1,331.4300,258.4000,7.510e-08
met1,327.7500,263.8400,met1,329.8200,263.8400,5.443e-07
met1,327.7500,269.2800,met1,332.8100,269.2800,3.022e-07
met1,327.7500,274.7200,met1,331.6600,274.7200,4.745e-07
met1,327.7500,280.1600,met1,334.8800,280.1600,7.173e-07
met1,327.7500,285.6000,met1,332.3500,285.6000,6.590e-07
met1,327.7500,291.0400,met1,331.4300,291.0400,9.591e-07
met1,327.7500,301.9200,met1,330.0500,301.9200,1.374e-06
met1,327.7500,307.3600,met1,329.5900,307.3600,1.094e-06
met1,327.7500,318.2400,met1,330.5100,318.2400,1.062e-06
met1,327.7500,323.6800,met1,333.2700,323.6800,1.804e-06
met1,327.7500,334.5600,met1,331.6600,334.5600,1.419e-06
met1,327.7500,340.0000,met1,329.8200,340.0000,1.901e-06
met1,327.7500,345.4400,met1,333.7300,345.4400,2.333e-06
met1,327.7500,350.8800,met1,332.3500,350.8800,1.809e-06
met1,327.7500,356.3200,met1,331.8900,356.3200,2.969e-06
met1,327.7500,361.7600,met1,331.2000,361.7600,1.467e-06
met1,327.7500,367.2000,met1,331.2000,367.2000,1.395e-06
met1,327.7500,378.0800,met1,337.4100,378.0800,1.922e-06
met1,327.7500,383.5200,met1,336.4900,383.5200,1.538e-06
met1,327.7500,388.9600,met1,329.5900,388.9600,1.044e-06
met1,327.7500,394.4000,met1,341.3200,394.4000,1.186e-06
met1,327.7500,405.2800,met1,332.3500,405.2800,1.482e-06
met1,327.7500,410.7200,met1,335.1100,410.7200,1.216e-06
met1,327.7500,416.1600,met1,335.8000,416.1600,2.097e-06
met1,327.7500,437.9200,met1,339.2500,437.9200,8.586e-07
met1,327.7500,443.3600,met1,330.7400,443.3600,6.931e-07
met1,327.9800,160.4800,met1,331.4300,160.4800,1.424e-07
met1,327.9800,329.1200,met1,331.2000,329.1200,2.196e-06
met1,327.9800,432.4800,met1,335.8000,432.4800,1.339e-06
met1,328.9000,116.9600,met1,341.5500,116.9600,2.362e-06
met1,328.9000,122.4000,met1,330.7400,122.4000,2.614e-06
met1,328.9000,421.6000,met1,330.7400,421.6000,1.498e-06
met1,329.1300,296.4800,met1,331.4300,296.4800,8.173e-07
met1,329.3600,312.8000,met1,331.8900,312.8000,2.692e-06
met1,329.5900,95.2000,met1,332.8100,95.2000,6.742e-07
met1,329.5900,106.0800,met1,331.8900,106.0800,1.359e-06
met1,329.5900,307.3600,met1,341.5500,307.3600,1.094e-06
met1,329.5900,372.6400,met1,332.3500,372.6400,1.137e-06
met1,329.5900,388.9600,met1,331.6600,388.9600,1.038e-06
met1,329.8200,263.8400,met1,333.2700,263.8400,5.380e-07
met1,329.8200,340.0000,met1,335.3400,340.0000,1.898e-06
met1,330.0500,19.0400,met1,332.3500,19.0400,3.164e-06
met1,330.0500,89.7600,met1,334.1900,89.7600,1.827e-06
met1,330.0500,127.8400,met1,336.7200,127.8400,3.543e-06
met1,330.0500,225.7600,met1,335.8000,225.7600,7.891e-07
met1,330.0500,301.9200,met1,336.0300,301.9200,1.369e-06
met1,330.5100,242.0800,met1,337.8700,242.0800,1.214e-06
met1,330.5100,247.5200,met1,333.2700,247.5200,4.960e-07
met1,330.5100,318.2400,met1,332.5800,318.2400,1.059e-06
met1,330.7400,29.9200,met1,332.8100,29.9200,2.496e-06
met1,330.7400,46.2400,met1,334.4200,46.2400,2.057e-06
met1,330.7400,122.4000,met1,338.3300,122.4000,2.612e-06
met1,330.7400,171.3600,met1,339.0200,171.3600,4.648e-07
met1,330.7400,421.6000,met1,335.5700,421.6000,2.255e-07
met1,330.7400,443.3600,met1,333.2700,443.3600,6.851e-07
met1,331.2000,329.1200,met1,339.9400,329.1200,2.196e-06
met1,331.2000,361.7600,met1,338.7900,361.7600,1.455e-06
met1,331.2000,367.2000,met1,334.1900,367.2000,1.390e-06
met1,331.2000,399.8400,met1,333.9600,399.8400,1.732e-06
met1,331.4300,160.4800,met1,341.5500,160.4800,4.107e-07
met1,331.4300,258.4000,met1,333.9600,258.4000,7.862e-08
met1,331.4300,291.0400,met1,336.7200,291.0400,9.118e-07
met1,331.4300,296.4800,met1,336.0300,296.4800,7.857e-07
met1,331.6600,57.1200,met1,333.9600,57.1200,2.675e-06
met1,331.6600,274.7200,met1,334.1900,274.7200,4.393e-07
met1,331.6600,334.5600,met1,340.6300,334.5600,1.400e-06
met1,331.6600,388.9600,met1,337.8700,388.9600,1.034e-06
met1,331.6600,448.8000,met1,341.5500,448.8000,7.207e-07
met1,331.8900,106.0800,met1,341.5500,106.0800,1.353e-06
met1,331.8900,220.3200,met1,341.5500,220.3200,5.454e-07
met1,331.8900,312.8000,met1,341.5500,312.8000,1.582e-06
met1,331.8900,356.3200,met1,334.1900,356.3200,2.965e-06
met1,332.3500,19.0400,met1,336.7200,19.0400,3.147e-06
met1,332.3500,35.3600,met1,339.0200,35.3600,2.689e-06
met1,332.3500,138.7200,met1,335.1100,138.7200,2.660e-06
met1,332.3500,149.6000,met1,334.1900,149.6000,3.440e-07
met1,332.3500,252.9600,met1,340.8600,252.9600,3.242e-07
met1,332.3500,285.6000,met1,334.8800,285.6000,5.695e-07
met1,332.3500,350.8800,met1,335.8000,350.8800,1.693e-06
met1,332.3500,372.6400,met1,334.1900,372.6400,1.135e-06
met1,332.3500,405.2800,met1,335.3400,405.2800,1.445e-06
met1,332.5800,318.2400,met1,341.5500,318.2400,1.059e-06
met1,332.8100,29.9200,met1,339.4800,29.9200,2.479e-06
met1,332.8100,95.2000,met1,338.7900,95.2000,5.027e-07
met1,332.8100,182.2400,met1,341.5500,182.2400,1.948e-07
met1,332.8100,269.2800,met1,341.5500,269.2800,3.073e-07
met1,333.0400,84.3200,met1,341.5500,84.3200,1.544e-06
met1,333.2700,68.0000,met1,336.4900,68.0000,6.070e-07
met1,333.2700,247.5200,met1,337.6400,247.5200,5.088e-07
met1,333.2700,263.8400,met1,335.8000,263.8400,5.829e-07
met1,333.2700,323.6800,met1,339.2500,323.6800,1.804e-06
met1,333.2700,443.3600,met1,335.1100,443.3600,6.829e-07
met1,333.5000,144.1600,met1,341.5500,144.1600,1.369e-06
met1,333.5000,193.1200,met1,341.5500,193.1200,9.509e-07
met1,333.7300,111.5200,met1,339.0200,111.5200,3.449e-06
met1,333.7300,345.4400,met1,335.8000,345.4400,1.213e-06
met1,333.9600,57.1200,met1,340.6300,57.1200,9.926e-07
met1,333.9600,165.9200,met1,337.4100,165.9200,1.219e-08
met1,333.9600,214.8800,met1,341.5500,214.8800,1.995e-06
met1,333.9600,258.4000,met1,341.0900,258.4000,8.281e-08
met1,333.9600,399.8400,met1,339.9400,399.8400,1.730e-06
met1,334.1900,89.7600,met1,337.4100,89.7600,1.437e-07
met1,334.1900,149.6000,met1,340.4000,149.6000,3.270e-07
met1,334.1900,198.5600,met1,338.3300,198.5600,3.006e-07
met1,334.1900,274.7200,met1,336.2600,274.7200,4.342e-07
met1,334.1900,356.3200,met1,336.7200,356.3200,1.684e-06
met1,334.1900,367.2000,met1,338.5600,367.2000,1.367e-06
met1,334.1900,372.6400,met1,341.5500,372.6400,1.131e-06
met1,334.1900,427.0400,met1,338.1000,427.0400,1.217e-06
met1,334.4200,46.2400,met1,341.0900,46.2400,6.428e-07
met1,334.4200,100.6400,met1,336.7200,100.6400,1.137e-06
met1,334.8800,280.1600,met1,339.0200,280.1600,4.018e-07
met1,334.8800,285.6000,met1,341.5500,285.6000,5.673e-07
met1,335.1100,138.7200,met1,341.5500,138.7200,1.051e-06
met1,335.1100,204.0000,met1,341.5500,204.0000,1.236e-07
met1,335.1100,236.6400,met1,338.5600,236.6400,6.915e-07
met1,335.1100,410.7200,met1,341.5500,410.7200,1.211e-06
met1,335.1100,443.3600,met1,340.4000,443.3600,6.793e-07
met1,335.3400,51.6800,met1,341.5500,51.6800,1.357e-07
met1,335.3400,176.8000,met1,341.5500,176.8000,8.204e-07
met1,335.3400,340.0000,met1,338.7900,340.0000,1.895e-06
met1,335.3400,405.2800,met1,338.5600,405.2800,1.442e-06
met1,335.5700,40.8000,met1,338.5600,40.8000,2.504e-06
met1,335.5700,421.6000,met1,337.4100,421.6000,1.886e-07
met1,335.8000,13.6000,met1,341.5500,13.6000,6.855e-07
met1,335.8000,187.6800,met1,341.5500,187.6800,1.262e-06
met1,335.8000,225.7600,met1,341.5500,225.7600,3.511e-06
met1,335.8000,263.8400,met1,341.0900,263.8400,5.858e-07
met1,335.8000,345.4400,met1,337.6400,345.4400,1.209e-06
met1,335.8000,350.8800,met1,340.6300,350.8800,1.561e-06
met1,335.8000,416.1600,met1,341.5500,416.1600,8.272e-07
met1,335.8000,432.4800,met1,341.5500,432.4800,7.028e-08
met1,336.0300,296.4800,met1,338.5600,296.4800,7.798e-07
met1,336.0300,301.9200,met1,338.3300,301.9200,2.491e-07
met1,336.2600,73.4400,met1,341.5500,73.4400,7.128e-07
met1,336.2600,274.7200,met1,339.0200,274.7200,4.301e-07
met1,336.4900,68.0000,met1,340.1700,68.0000,6.239e-07
met1,336.4900,383.5200,met1,339.4800,383.5200,1.536e-06
met1,336.7200,19.0400,met1,339.9400,19.0400,1.009e-06
met1,336.7200,100.6400,met1,341.5500,100.6400,8.469e-07
met1,336.7200,127.8400,met1,339.7100,127.8400,1.197e-06
met1,336.7200,209.4400,met1,339.0200,209.4400,1.803e-06
met1,336.7200,291.0400,met1,341.5500,291.0400,3.581e-07
met1,336.7200,356.3200,met1,341.5500,356.3200,1.592e-06
met1,337.4100,78.8800,met1,341.5500,78.8800,5.563e-06
met1,337.4100,89.7600,met1,339.2500,89.7600,1.267e-07
met1,337.4100,165.9200,met1,341.5500,165.9200,2.560e-07
met1,337.4100,378.0800,met1,340.4000,378.0800,1.918e-06
met1,337.4100,421.6000,met1,340.6300,421.6000,1.009e-07
met1,337.6400,155.0400,met1,341.5500,155.0400,6.826e-07
met1,337.6400,247.5200,met1,341.5500,247.5200,5.342e-07
met1,337.6400,345.4400,met1,339.7100,345.4400,1.206e-06
met1,337.8700,242.0800,met1,341.5500,242.0800,1.230e-06
met1,337.8700,388.9600,met1,340.6300,388.9600,1.031e-06
met1,338.1000,231.2000,met1,340.1700,231.2000,6.700e-07
met1,338.1000,427.0400,met1,341.5500,427.0400,1.141e-06
met1,338.3300,122.4000,met1,341.5500,122.4000,2.595e-06
met1,338.3300,198.5600,met1,340.8600,198.5600,5.688e-07
met1,338.3300,301.9200,met1,341.5500,301.9200,2.423e-07
met1,338.5600,40.8000,met1,341.5500,40.8000,1.090e-06
met1,338.5600,236.6400,met1,340.4000,236.6400,1.808e-06
met1,338.5600,296.4800,met1,340.4000,296.4800,7.330e-07
met1,338.5600,367.2000,met1,341.5500,367.2000,1.318e-06
met1,338.5600,405.2800,met1,341.5500,405.2800,3.428e-08
met1,338.7900,95.2000,met1,341.5500,95.2000,4.857e-07
met1,338.7900,340.0000,met1,341.5500,340.0000,1.891e-06
met1,338.7900,361.7600,met1,341.5500,361.7600,1.427e-06
met1,339.0200,35.3600,met1,341.5500,35.3600,5.500e-07
met1,339.0200,111.5200,met1,341.5500,111.5200,1.250e-06
met1,339.0200,171.3600,met1,341.5500,171.3600,9.510e-07
met1,339.0200,209.4400,met1,341.5500,209.4400,2.302e-06
met1,339.0200,274.7200,met1,341.5500,274.7200,4.299e-07
met1,339.0200,280.1600,met1,341.5500,280.1600,4.060e-07
met1,339.2500,89.7600,met1,341.5500,89.7600,6.525e-08
met1,339.2500,323.6800,met1,341.5500,323.6800,1.800e-06
met1,339.2500,437.9200,met1,341.5500,437.9200,8.540e-07
met1,339.4800,29.9200,met1,341.5500,29.9200,3.383e-07
met1,339.4800,383.5200,met1,341.5500,383.5200,2.665e-07
met1,339.7100,127.8400,met1,341.5500,127.8400,1.005e-06
met1,339.7100,345.4400,met1,341.5500,345.4400,1.200e-06
met1,339.9400,19.0400,met1,346.1500,19.0400,5.107e-07
met1,339.9400,329.1200,met1,347.3000,329.1200,9.299e-07
met1,339.9400,399.8400,met1,349.6000,399.8400,1.711e-06
met1,340.1700,68.0000,met1,348.2200,68.0000,2.853e-06
met1,340.1700,231.2000,met1,342.4700,231.2000,6.707e-07
met1,340.4000,149.6000,met1,342.4700,149.6000,1.652e-07
met1,340.4000,236.6400,met1,342.4700,236.6400,1.811e-06
met1,340.4000,296.4800,met1,348.9100,296.4800,7.302e-07
met1,340.4000,378.0800,met1,355.3500,378.0800,6.473e-07
met1,340.4000,443.3600,met1,342.4700,443.3600,6.339e-07
met1,340.6300,57.1200,met1,347.3000,57.1200,9.756e-07
met1,340.6300,334.5600,met1,343.8500,334.5600,1.397e-06
met1,340.6300,350.8800,met1,343.6200,350.8800,1.521e-06
met1,340.6300,388.9600,met1,343.3900,388.9600,1.026e-06
met1,340.6300,421.6000,met1,342.9300,421.6000,7.276e-08
met1,340.8600,198.5600,met1,348.4500,198.5600,2.725e-06
met1,340.8600,252.9600,met1,350.7500,252.9600,1.590e-06
met1,341.0900,46.2400,met1,347.7600,46.2400,6.258e-07
met1,341.0900,258.4000,met1,355.3500,258.4000,8.642e-08
met1,341.0900,263.8400,met1,346.1500,263.8400,5.888e-07
met1,341.3200,394.4000,met1,349.8300,394.4000,6.671e-08
met1,341.5500,13.6000,met1,343.8500,13.6000,6.855e-07
met1,341.5500,24.4800,met1,347.7600,24.4800,1.787e-06
met1,341.5500,29.9200,met1,344.5400,29.9200,3.383e-07
met1,341.5500,35.3600,met1,343.6200,35.3600,5.500e-07
met1,341.5500,40.8000,met1,350.0600,40.8000,1.090e-06
met1,341.5500,51.6800,met1,343.3900,51.6800,1.357e-07
met1,341.5500,62.5600,met1,345.4600,62.5600,4.750e-07
met1,341.5500,73.4400,met1,345.4600,73.4400,7.128e-07
met1,341.5500,78.8800,met1,344.5400,78.8800,5.563e-06
met1,341.5500,84.3200,met1,344.7700,84.3200,6.075e-07
met1,341.5500,89.7600,met1,346.8400,89.7600,6.525e-08
met1,341.5500,95.2000,met1,349.1400,95.2000,4.857e-07
met1,341.5500,100.6400,met1,345.4600,100.6400,8.469e-07
met1,341.5500,106.0800,met1,353.2800,106.0800,6.101e-08
met1,341.5500,111.5200,met1,345.4600,111.5200,1.250e-06
met1,341.5500,116.9600,met1,343.3900,116.9600,2.362e-06
met1,341.5500,122.4000,met1,343.6200,122.4000,2.595e-06
met1,341.5500,127.8400,met1,345.9200,127.8400,1.005e-06
met1,341.5500,133.2800,met1,355.3500,133.2800,5.510e-07
met1,341.5500,138.7200,met1,344.3100,138.7200,1.051e-06
met1,341.5500,144.1600,met1,344.0800,144.1600,1.369e-06
met1,341.5500,155.0400,met1,347.3000,155.0400,6.826e-07
met1,341.5500,160.4800,met1,343.6200,160.4800,4.107e-07
met1,341.5500,165.9200,met1,343.3900,165.9200,2.560e-07
met1,341.5500,171.3600,met1,347.3000,171.3600,9.510e-07
met1,341.5500,176.8000,met1,343.3900,176.8000,1.318e-06
met1,341.5500,182.2400,met1,345.0000,182.2400,4.008e-07
met1,341.5500,187.6800,met1,354.6600,187.6800,1.262e-06
met1,341.5500,193.1200,met1,345.0000,193.1200,9.509e-07
met1,341.5500,204.0000,met1,345.6900,204.0000,1.236e-07
met1,341.5500,209.4400,met1,347.5300,209.4400,2.302e-06
met1,341.5500,214.8800,met1,355.3500,214.8800,2.264e-06
met1,341.5500,220.3200,met1,345.0000,220.3200,4.446e-08
met1,341.5500,225.7600,met1,347.5300,225.7600,3.511e-06
met1,341.5500,242.0800,met1,350.9800,242.0800,1.230e-06
met1,341.5500,247.5200,met1,343.3900,247.5200,5.342e-07
met1,341.5500,269.2800,met1,345.4600,269.2800,3.073e-07
met1,341.5500,274.7200,met1,344.7700,274.7200,4.299e-07
met1,341.5500,280.1600,met1,352.8200,280.1600,4.091e-07
met1,341.5500,285.6000,met1,345.6900,285.6000,5.673e-07
met1,341.5500,291.0400,met1,345.9200,291.0400,3.581e-07
met1,341.5500,301.9200,met1,346.1500,301.9200,2.423e-07
met1,341.5500,307.3600,met1,345.9200,307.3600,1.094e-06
met1,341.5500,312.8000,met1,343.8500,312.8000,3.149e-07
met1,341.5500,318.2400,met1,350.9800,318.2400,1.059e-06
met1,341.5500,323.6800,met1,344.7700,323.6800,1.800e-06
met1,341.5500,340.0000,met1,345.6900,340.0000,1.891e-06
met1,341.5500,345.4400,met1,349.8300,345.4400,1.200e-06
met1,341.5500,356.3200,met1,347.3000,356.3200,1.592e-06
met1,341.5500,361.7600,met1,350.2900,361.7600,1.427e-06
met1,341.5500,367.2000,met1,343.3900,367.2000,1.318e-06
met1,341.5500,372.6400,met1,344.3100,372.6400,1.131e-06
met1,341.5500,383.5200,met1,344.3100,383.5200,2.665e-07
met1,341.5500,405.2800,met1,353.9700,405.2800,3.428e-08
met1,341.5500,410.7200,met1,343.6200,410.7200,1.211e-06
met1,341.5500,416.1600,met1,344.3100,416.1600,8.272e-07
met1,341.5500,427.0400,met1,345.6900,427.0400,1.049e-06
met1,341.5500,432.4800,met1,355.3500,432.4800,7.028e-08
met1,341.5500,437.9200,met1,343.6200,437.9200,8.540e-07
met1,341.5500,448.8000,met1,344.0800,448.8000,7.207e-07
met1,342.4700,149.6000,met1,353.0500,149.6000,2.712e-08
met1,342.4700,231.2000,met1,350.9800,231.2000,6.719e-07
met1,342.4700,236.6400,met1,344.7700,236.6400,1.813e-06
met1,342.4700,443.3600,met1,344.7700,443.3600,6.281e-07
met1,342.9300,421.6000,met1,347.0700,421.6000,4.878e-08
met1,343.3900,51.6800,met1,353.5100,51.6800,6.956e-08
met1,343.3900,116.9600,met1,349.6000,116.9600,2.170e-06
met1,343.3900,165.9200,met1,350.0600,165.9200,2.730e-07
met1,343.3900,176.8000,met1,353.7400,176.8000,1.586e-06
met1,343.3900,247.5200,met1,345.6900,247.5200,5.590e-07
met1,343.3900,367.2000,met1,346.1500,367.2000,1.264e-06
met1,343.3900,388.9600,met1,345.2300,388.9600,1.023e-06
met1,343.6200,35.3600,met1,346.6100,35.3600,2.526e-07
met1,343.6200,122.4000,met1,355.3500,122.4000,4.410e-07
met1,343.6200,160.4800,met1,353.5100,160.4800,9.080e-07
met1,343.6200,350.8800,met1,346.1500,350.8800,1.415e-06
met1,343.6200,410.7200,met1,346.6100,410.7200,1.038e-06
met1,343.6200,437.9200,met1,353.2800,437.9200,4.163e-07
met1,343.8500,13.6000,met1,355.3500,13.6000,4.172e-07
met1,343.8500,312.8000,met1,350.2900,312.8000,3.137e-07
met1,343.8500,334.5600,met1,345.9200,334.5600,1.393e-06
met1,344.0800,144.1600,met1,355.3500,144.1600,1.282e-06
met1,344.0800,448.8000,met1,355.3500,448.8000,4.004e-07
met1,344.3100,138.7200,met1,347.7600,138.7200,7.828e-07
met1,344.3100,372.6400,met1,346.6100,372.6400,9.707e-07
met1,344.3100,383.5200,met1,346.8400,383.5200,2.637e-07
met1,344.3100,416.1600,met1,347.9900,416.1600,8.214e-07
met1,344.5400,29.9200,met1,349.3700,29.9200,1.603e-07
met1,344.5400,78.8800,met1,355.3500,78.8800,6.061e-06
met1,344.7700,84.3200,met1,348.9100,84.3200,8.757e-07
met1,344.7700,236.6400,met1,355.3500,236.6400,1.818e-06
met1,344.7700,274.7200,met1,353.2800,274.7200,6.957e-07
met1,344.7700,323.6800,met1,346.6100,323.6800,6.800e-07
met1,344.7700,443.3600,met1,347.3000,443.3600,6.166e-07
met1,345.0000,182.2400,met1,351.9000,182.2400,7.098e-07
met1,345.0000,193.1200,met1,347.3000,193.1200,1.452e-06
met1,345.0000,220.3200,met1,350.0600,220.3200,1.371e-06
met1,345.2300,388.9600,met1,355.3500,388.9600,1.020e-06
met1,345.4600,62.5600,met1,352.1300,62.5600,1.770e-07
met1,345.4600,73.4400,met1,347.5300,73.4400,8.830e-07
met1,345.4600,100.6400,met1,349.3700,100.6400,1.305e-06
met1,345.4600,111.5200,met1,347.3000,111.5200,1.089e-06
met1,345.4600,269.2800,met1,348.4500,269.2800,3.115e-07
met1,345.6900,204.0000,met1,352.3600,204.0000,1.066e-07
met1,345.6900,247.5200,met1,348.6800,247.5200,6.122e-07
met1,345.6900,285.6000,met1,348.2200,285.6000,5.487e-07
met1,345.6900,340.0000,met1,348.9100,340.0000,1.878e-06
met1,345.6900,427.0400,met1,347.7600,427.0400,9.870e-07
met1,345.9200,127.8400,met1,349.3700,127.8400,5.075e-07
met1,345.9200,291.0400,met1,349.6000,291.0400,3.929e-07
met1,345.9200,307.3600,met1,350.7500,307.3600,1.092e-06
met1,345.9200,334.5600,met1,353.7400,334.5600,1.388e-06
met1,346.1500,19.0400,met1,353.9700,19.0400,1.172e-06
met1,346.1500,263.8400,met1,348.6800,263.8400,5.923e-07
met1,346.1500,301.9200,met1,353.2800,301.9200,1.033e-06
met1,346.1500,350.8800,met1,347.9900,350.8800,1.402e-06
met1,346.1500,367.2000,met1,351.4400,367.2000,1.243e-06
met1,346.6100,35.3600,met1,355.3500,35.3600,1.559e-08
met1,346.6100,323.6800,met1,349.1400,323.6800,6.793e-07
met1,346.6100,372.6400,met1,350.5200,372.6400,9.137e-07
met1,346.6100,410.7200,met1,348.4500,410.7200,1.037e-06
met1,346.8400,89.7600,met1,355.3500,89.7600,1.487e-06
met1,346.8400,383.5200,met1,355.3500,383.5200,2.628e-07
met1,347.0700,421.6000,met1,350.5200,421.6000,1.064e-07
met1,347.3000,57.1200,met1,351.4400,57.1200,1.433e-06
met1,347.3000,111.5200,met1,353.0500,111.5200,1.062e-06
met1,347.3000,155.0400,met1,355.3500,155.0400,2.882e-06
met1,347.3000,171.3600,met1,354.8900,171.3600,2.367e-06
met1,347.3000,193.1200,met1,355.3500,193.1200,3.175e-06
met1,347.3000,329.1200,met1,350.7500,329.1200,9.256e-07
met1,347.3000,356.3200,met1,349.1400,356.3200,1.590e-06
met1,347.3000,443.3600,met1,353.2800,443.3600,6.111e-07
met1,347.5300,73.4400,met1,351.9000,73.4400,1.003e-06
met1,347.5300,209.4400,met1,352.8200,209.4400,2.319e-06
met1,347.5300,225.7600,met1,355.3500,225.7600,3.779e-06
met1,347.7600,24.4800,met1,355.3500,24.4800,3.729e-07
met1,347.7600,46.2400,met1,354.4300,46.2400,1.526e-06
met1,347.7600,138.7200,met1,350.7500,138.7200,6.379e-07
met1,347.7600,427.0400,met1,351.9000,427.0400,7.215e-07
met1,347.9900,350.8800,met1,353.0500,350.8800,1.336e-06
met1,347.9900,416.1600,met1,350.0600,416.1600,3.012e-07
met1,348.2200,68.0000,met1,353.7400,68.0000,5.005e-06
met1,348.2200,285.6000,met1,352.5900,285.6000,5.338e-07
met1,348.4500,198.5600,met1,355.3500,198.5600,2.994e-06
met1,348.4500,269.2800,met1,355.3500,269.2800,3.177e-07
met1,348.4500,410.7200,met1,355.3500,410.7200,9.875e-07
met1,348.6800,247.5200,met1,351.2100,247.5200,6.495e-07
met1,348.6800,263.8400,met1,354.4300,263.8400,1.861e-06
met1,348.9100,84.3200,met1,355.3500,84.3200,8.927e-07
met1,348.9100,296.4800,met1,351.4400,296.4800,7.245e-07
met1,348.9100,340.0000,met1,351.4400,340.0000,1.877e-06
met1,349.1400,95.2000,met1,352.8200,95.2000,1.151e-08
met1,349.1400,323.6800,met1,351.6700,323.6800,6.723e-07
met1,349.1400,356.3200,met1,352.1300,356.3200,2.686e-07
met1,349.3700,29.9200,met1,351.4400,29.9200,4.286e-07
met1,349.3700,100.6400,met1,353.9700,100.6400,1.573e-06
met1,349.3700,127.8400,met1,352.5900,127.8400,2.393e-07
met1,349.6000,116.9600,met1,355.3500,116.9600,7.567e-07
met1,349.6000,291.0400,met1,355.3500,291.0400,5.598e-07
met1,349.6000,399.8400,met1,354.6600,399.8400,4.434e-07
met1,349.8300,345.4400,met1,352.5900,345.4400,1.193e-06
met1,349.8300,394.4000,met1,353.0500,394.4000,6.465e-08
met1,350.0600,40.8000,met1,355.3500,40.8000,3.242e-07
met1,350.0600,165.9200,met1,355.3500,165.9200,2.686e-06
met1,350.0600,220.3200,met1,353.0500,220.3200,2.790e-06
met1,350.0600,416.1600,met1,355.3500,416.1600,3.030e-07
met1,350.2900,312.8000,met1,352.5900,312.8000,7.984e-07
met1,350.2900,361.7600,met1,354.4300,361.7600,1.410e-06
met1,350.5200,372.6400,met1,353.5100,372.6400,8.725e-07
met1,350.5200,421.6000,met1,355.3500,421.6000,1.113e-07
met1,350.7500,138.7200,met1,355.3500,138.7200,6.548e-07
met1,350.7500,252.9600,met1,353.2800,252.9600,1.630e-06
met1,350.7500,307.3600,met1,355.3500,307.3600,1.088e-06
met1,350.7500,329.1200,met1,355.3500,329.1200,9.221e-07
met1,350.9800,231.2000,met1,355.3500,231.2000,1.942e-06
met1,350.9800,242.0800,met1,354.4300,242.0800,1.241e-06
met1,350.9800,318.2400,met1,353.0500,318.2400,1.059e-06
met1,351.2100,247.5200,met1,353.7400,247.5200,6.818e-07
met1,351.4400,29.9200,met1,353.9700,29.9200,1.843e-06
met1,351.4400,57.1200,met1,355.3500,57.1200,1.934e-06
met1,351.4400,296.4800,met1,354.2000,296.4800,7.215e-07
met1,351.4400,340.0000,met1,354.2000,340.0000,7.581e-07
met1,351.4400,367.2000,met1,354.4300,367.2000,1.213e-06
met1,351.6700,323.6800,met1,355.3500,323.6800,6.688e-07
met1,351.9000,73.4400,met1,355.3500,73.4400,2.417e-06
met1,351.9000,182.2400,met1,355.3500,182.2400,2.851e-06
met1,351.9000,427.0400,met1,355.1200,427.0400,7.166e-07
met1,352.1300,62.5600,met1,355.3500,62.5600,1.600e-07
met1,352.1300,356.3200,met1,355.3500,356.3200,1.262e-07
met1,352.3600,204.0000,met1,355.3500,204.0000,2.048e-06
met1,352.5900,127.8400,met1,355.3500,127.8400,1.198e-06
met1,352.5900,285.6000,met1,355.1200,285.6000,3.969e-07
met1,352.5900,312.8000,met1,355.3500,312.8000,7.993e-07
met1,352.5900,345.4400,met1,355.3500,345.4400,1.190e-06
met1,352.8200,95.2000,met1,355.3500,95.2000,1.433e-06
met1,352.8200,209.4400,met1,355.3500,209.4400,4.969e-06
met1,352.8200,280.1600,met1,355.3500,280.1600,4.154e-07
met1,353.0500,111.5200,met1,355.3500,111.5200,1.331e-06
met1,353.0500,149.6000,met1,355.3500,149.6000,4.407e-08
met1,353.0500,220.3200,met1,355.3500,220.3200,3.058e-06
met1,353.0500,318.2400,met1,355.3500,318.2400,1.058e-06
met1,353.0500,350.8800,met1,355.3500,350.8800,1.237e-06
met1,353.0500,394.4000,met1,355.1200,394.4000,6.465e-08
met1,353.2800,106.0800,met1,355.3500,106.0800,5.584e-07
met1,353.2800,252.9600,met1,355.3500,252.9600,1.747e-06
met1,353.2800,274.7200,met1,355.3500,274.7200,7.151e-07
met1,353.2800,301.9200,met1,355.3500,301.9200,1.086e-06
met1,353.2800,437.9200,met1,355.3500,437.9200,4.209e-07
met1,353.2800,443.3600,met1,355.3500,443.3600,6.091e-07
met1,353.5100,51.6800,met1,355.3500,51.6800,8.651e-08
met1,353.5100,160.4800,met1,355.3500,160.4800,9.250e-07
met1,353.5100,372.6400,met1,355.3500,372.6400,7.302e-07
met1,353.7400,68.0000,met1,355.8100,68.0000,5.502e-06
met1,353.7400,176.8000,met1,355.5800,176.8000,2.087e-06
met1,353.7400,247.5200,met1,356.7300,247.5200,7.083e-07
met1,353.7400,334.5600,met1,358.1200,334.5600,1.385e-06
met1,353.9700,19.0400,met1,358.1200,19.0400,1.189e-06
met1,353.9700,29.9200,met1,358.1200,29.9200,1.860e-06
met1,353.9700,100.6400,met1,358.1200,100.6400,1.590e-06
met1,353.9700,405.2800,met1,358.1200,405.2800,3.073e-08
met1,354.2000,296.4800,met1,358.1200,296.4800,3.998e-07
met1,354.2000,340.0000,met1,357.1900,340.0000,7.539e-07
met1,354.4300,46.2400,met1,358.1200,46.2400,1.794e-06
met1,354.4300,242.0800,met1,358.1200,242.0800,1.267e-06
met1,354.4300,263.8400,met1,358.1200,263.8400,1.864e-06
met1,354.4300,361.7600,met1,358.1200,361.7600,1.385e-06
met1,354.4300,367.2000,met1,356.7300,367.2000,1.202e-06
met1,354.6600,187.6800,met1,358.1200,187.6800,2.682e-06
met1,354.6600,399.8400,met1,357.1900,399.8400,6.665e-07
met1,354.8900,171.3600,met1,358.1200,171.3600,2.635e-06
met1,355.1200,285.6000,met1,358.1200,285.6000,8.772e-07
met1,355.1200,394.4000,met1,357.4200,394.4000,6.425e-08
met1,355.1200,427.0400,met1,358.1200,427.0400,5.559e-07
met1,355.3500,13.6000,met1,358.1200,13.6000,9.971e-07
met1,355.3500,24.4800,met1,358.1200,24.4800,3.729e-07
met1,355.3500,35.3600,met1,358.1200,35.3600,1.559e-08
met1,355.3500,40.8000,met1,358.1200,40.8000,3.242e-07
met1,355.3500,51.6800,met1,358.1200,51.6800,8.651e-08
met1,355.3500,57.1200,met1,358.1200,57.1200,1.951e-06
met1,355.3500,62.5600,met1,357.4200,62.5600,1.600e-07
met1,355.3500,73.4400,met1,358.1200,73.4400,2.417e-06
met1,355.3500,78.8800,met1,358.1200,78.8800,6.061e-06
met1,355.3500,84.3200,met1,358.1200,84.3200,3.033e-06
met1,355.3500,89.7600,met1,358.1200,89.7600,1.503e-06
met1,355.3500,95.2000,met1,358.1200,95.2000,1.433e-06
met1,355.3500,106.0800,met1,358.1200,106.0800,5.584e-07
met1,355.3500,111.5200,met1,358.1200,111.5200,1.331e-06
met1,355.3500,116.9600,met1,358.1200,116.9600,7.567e-07
met1,355.3500,122.4000,met1,357.8800,122.4000,4.410e-07
met1,355.3500,127.8400,met1,358.1200,127.8400,1.198e-06
met1,355.3500,133.2800,met1,358.1200,133.2800,5.510e-07
met1,355.3500,138.7200,met1,358.1200,138.7200,6.718e-07
met1,355.3500,144.1600,met1,358.1200,144.1600,3.422e-06
met1,355.3500,149.6000,met1,358.1200,149.6000,4.407e-08
met1,355.3500,155.0400,met1,358.1200,155.0400,2.882e-06
met1,355.3500,160.4800,met1,358.1200,160.4800,9.250e-07
met1,355.3500,165.9200,met1,358.1200,165.9200,2.686e-06
met1,355.3500,182.2400,met1,358.1200,182.2400,2.851e-06
met1,355.3500,193.1200,met1,358.1200,193.1200,3.175e-06
met1,355.3500,198.5600,met1,358.1200,198.5600,4.409e-06
met1,355.3500,204.0000,met1,358.1200,204.0000,2.048e-06
met1,355.3500,209.4400,met1,358.1100,209.4400,4.969e-06
met1,355.3500,214.8800,met1,358.1200,214.8800,2.264e-06
met1,355.3500,220.3200,met1,358.1200,220.3200,3.058e-06
met1,355.3500,225.7600,met1,358.1200,225.7600,3.779e-06
met1,355.3500,231.2000,met1,357.4200,231.2000,1.942e-06
met1,355.3500,236.6400,met1,357.6500,236.6400,1.821e-06
met1,355.3500,252.9600,met1,357.4200,252.9600,1.747e-06
met1,355.3500,258.4000,met1,358.1200,258.4000,1.357e-06
met1,355.3500,269.2800,met1,358.1200,269.2800,3.177e-07
met1,355.3500,274.7200,met1,357.4200,274.7200,7.151e-07
met1,355.3500,280.1600,met1,358.1100,280.1600,4.154e-07
met1,355.3500,291.0400,met1,358.1200,291.0400,5.598e-07
met1,355.3500,301.9200,met1,358.1200,301.9200,1.087e-06
met1,355.3500,307.3600,met1,358.1200,307.3600,1.088e-06
met1,355.3500,312.8000,met1,358.1200,312.8000,7.993e-07
met1,355.3500,318.2400,met1,358.1200,318.2400,1.058e-06
met1,355.3500,323.6800,met1,358.1200,323.6800,6.688e-07
met1,355.3500,329.1200,met1,358.1200,329.1200,9.221e-07
met1,355.3500,345.4400,met1,358.1200,345.4400,1.190e-06
met1,355.3500,350.8800,met1,358.1200,350.8800,1.237e-06
met1,355.3500,356.3200,met1,358.1200,356.3200,1.227e-07
met1,355.3500,372.6400,met1,357.6500,372.6400,7.101e-07
met1,355.3500,378.0800,met1,358.1200,378.0800,6.226e-07
met1,355.3500,383.5200,met1,357.6500,383.5200,1.008e-06
met1,355.3500,388.9600,met1,357.6500,388.9600,1.016e-06
met1,355.3500,410.7200,met1,358.1200,410.7200,9.875e-07
met1,355.3500,416.1600,met1,358.1200,416.1600,3.030e-07
met1,355.3500,421.6000,met1,358.1200,421.6000,1.113e-07
met1,355.3500,432.4800,met1,358.1200,432.4800,7.028e-08
met1,355.3500,437.9200,met1,357.8800,437.9200,4.281e-07
met1,355.3500,443.3600,met1,358.1100,443.3600,5.559e-07
met1,355.3500,448.8000,met1,358.1200,448.8000,4.004e-07
met1,355.5800,176.8000,met1,358.1200,176.8000,3.505e-06
met1,355.8100,68.0000,met1,358.1200,68.0000,5.770e-06
met1,356.7300,247.5200,met1,359.0300,247.5200,2.720e-06
met1,356.7300,247.5200,met2,358.1200,247.5200,3.487e-06
met1,356.7300,367.2000,met1,360.1800,367.2000,1.393e-06
met1,356.7300,367.2000,met2,358.1200,367.2000,2.506e-07
met1,357.1900,340.0000,met1,364.0900,340.0000,1.960e-06
met1,357.1900,340.0000,met2,358.1200,340.0000,1.211e-06
met1,357.1900,399.8400,met1,359.9500,399.8400,1.309e-06
met1,357.1900,399.8400,met2,358.1200,399.8400,1.980e-06
met1,357.4200,62.5600,met1,365.0100,62.5600,2.294e-06
met1,357.4200,62.5600,met2,358.1200,62.5600,4.275e-06
met1,357.4200,231.2000,met1,359.7200,231.2000,4.198e-06
met1,357.4200,231.2000,met2,358.1200,231.2000,6.143e-06
met1,357.4200,252.9600,met1,359.9500,252.9600,1.490e-06
met1,357.4200,252.9600,met2,358.1200,252.9600,3.262e-06
met1,357.4200,274.7200,met1,360.8700,274.7200,1.498e-06
met1,357.4200,274.7200,met2,358.1200,274.7200,3.341e-06
met1,357.4200,394.4000,met1,367.0800,394.4000,1.017e-06
met1,357.4200,394.4000,met2,358.1200,394.4000,9.538e-07
met1,357.6500,236.6400,met1,359.4900,236.6400,3.049e-06
met1,357.6500,236.6400,met2,358.1200,236.6400,4.872e-06
met1,357.6500,372.6400,met1,361.5600,372.6400,1.846e-06
met1,357.6500,372.6400,met2,358.1200,372.6400,1.148e-06
met1,357.6500,383.5200,met1,364.0900,383.5200,1.415e-06
met1,357.6500,383.5200,met2,358.1200,383.5200,2.428e-06
met1,357.6500,388.9600,met1,360.8700,388.9600,2.044e-06
met1,357.6500,388.9600,met2,358.1200,388.9600,1.031e-06
met1,357.8800,122.4000,met1,368.0000,122.4000,2.557e-06
met1,357.8800,122.4000,met2,358.1200,122.4000,4.256e-06
met1,357.8800,437.9200,met1,364.3200,437.9200,6.955e-07
met1,357.8800,437.9200,met2,358.1200,437.9200,1.128e-06
met1,358.1100,209.4400,met1,367.5400,209.4400,4.895e-06
met1,358.1100,209.4400,met2,358.1200,209.4400,1.013e-05
met1,358.1100,280.1600,met1,360.6400,280.1600,7.653e-07
met1,358.1100,280.1600,met2,358.1200,280.1600,1.186e-06
met1,358.1100,443.3600,met1,362.9400,443.3600,1.653e-06
met1,358.1100,443.3600,met2,358.1200,443.3600,2.209e-06
met1,358.1200,13.6000,met1,365.2400,13.6000,2.602e-06
met1,358.1200,13.6000,met2,358.1200,13.6000,3.599e-06
met1,358.1200,19.0400,met1,361.1000,19.0400,6.247e-06
met1,358.1200,19.0400,met2,358.1200,19.0400,7.704e-06
met1,358.1200,24.4800,met1,369.1500,24.4800,1.529e-06
met1,358.1200,24.4800,met2,358.1200,24.4800,1.156e-06
met1,358.1200,29.9200,met1,363.4000,29.9200,4.821e-06
met1,358.1200,29.9200,met2,358.1200,29.9200,6.697e-06
met1,358.1200,35.3600,met1,361.1000,35.3600,4.176e-06
met1,358.1200,35.3600,met2,358.1200,35.3600,4.191e-06
met1,358.1200,40.8000,met1,361.1000,40.8000,4.241e-06
met1,358.1200,40.8000,met2,358.1200,40.8000,4.565e-06
met1,358.1200,46.2400,met1,360.8700,46.2400,3.594e-06
met1,358.1200,46.2400,met2,358.1200,46.2400,5.388e-06
met1,358.1200,51.6800,met1,361.1000,51.6800,3.737e-06
met1,358.1200,51.6800,met2,358.1200,51.6800,3.823e-06
met1,358.1200,57.1200,met1,363.4000,57.1200,4.024e-06
met1,358.1200,57.1200,met2,358.1200,57.1200,5.975e-06
met1,358.1200,68.0000,met1,363.1700,68.0000,1.223e-06
met1,358.1200,68.0000,met2,358.1200,68.0000,6.993e-06
met1,358.1200,73.4400,met1,361.1000,73.4400,5.063e-06
met1,358.1200,73.4400,met2,358.1200,73.4400,7.480e-06
met1,358.1200,78.8800,met1,369.1500,78.8800,1.259e-06
met1,358.1200,78.8800,met2,358.1200,78.8800,7.319e-06
met1,358.1200,84.3200,met1,362.0200,84.3200,4.393e-06
met1,358.1200,84.3200,met2,358.1200,84.3200,7.426e-06
met1,358.1200,89.7600,met1,360.8700,89.7600,2.375e-06
met1,358.1200,89.7600,met2,358.1200,89.7600,3.879e-06
met1,358.1200,95.2000,met1,369.1500,95.2000,2.455e-06
met1,358.1200,95.2000,met2,358.1200,95.2000,3.888e-06
met1,358.1200,100.6400,met1,366.1600,100.6400,3.693e-06
met1,358.1200,100.6400,met2,358.1200,100.6400,7.441e-06
met1,358.1200,106.0800,met1,365.4700,106.0800,2.442e-06
met1,358.1200,106.0800,met2,358.1200,106.0800,3.000e-06
met1,358.1200,111.5200,met1,367.7700,111.5200,1.656e-06
met1,358.1200,111.5200,met2,358.1200,111.5200,4.407e-06
met1,358.1200,116.9600,met1,363.8600,116.9600,5.249e-06
met1,358.1200,116.9600,met2,358.1200,116.9600,4.492e-06
met1,358.1200,127.8400,met1,363.1700,127.8400,3.914e-06
met1,358.1200,127.8400,met2,358.1200,127.8400,5.129e-06
met1,358.1200,133.2800,met1,369.1500,133.2800,3.267e-06
met1,358.1200,133.2800,met2,358.1200,133.2800,2.716e-06
met1,358.1200,138.7200,met1,363.4000,138.7200,4.353e-06
met1,358.1200,138.7200,met2,358.1200,138.7200,5.025e-06
met1,358.1200,144.1600,met1,362.2500,144.1600,3.351e-06
met1,358.1200,144.1600,met2,358.1200,144.1600,6.773e-06
met1,358.1200,149.6000,met1,363.8600,149.6000,2.343e-06
met1,358.1200,149.6000,met2,358.1200,149.6000,4.526e-06
met1,358.1200,155.0400,met1,367.5400,155.0400,3.744e-06
met1,358.1200,155.0400,met2,358.1200,155.0400,8.047e-06
met1,358.1200,160.4800,met1,361.7900,160.4800,2.465e-06
met1,358.1200,160.4800,met2,358.1200,160.4800,3.390e-06
met1,358.1200,165.9200,met1,361.1000,165.9200,5.471e-06
met1,358.1200,165.9200,met2,358.1200,165.9200,8.157e-06
met1,358.1200,171.3600,met1,359.9500,171.3600,3.843e-06
met1,358.1200,171.3600,met2,358.1200,171.3600,6.478e-06
met1,358.1200,176.8000,met1,369.1500,176.8000,3.479e-06
met1,358.1200,176.8000,met2,358.1200,176.8000,6.984e-06
met1,358.1200,182.2400,met1,364.7800,182.2400,4.148e-06
met1,358.1200,182.2400,met2,358.1200,182.2400,7.268e-06
met1,358.1200,187.6800,met1,361.3300,187.6800,5.239e-06
met1,358.1200,187.6800,met2,358.1200,187.6800,7.921e-06
met1,358.1200,193.1200,met1,361.7900,193.1200,5.079e-06
met1,358.1200,193.1200,met2,358.1200,193.1200,8.254e-06
met1,358.1200,198.5600,met1,369.1500,198.5600,3.839e-06
met1,358.1200,198.5600,met2,358.1200,198.5600,8.248e-06
met1,358.1200,204.0000,met1,361.3300,204.0000,5.855e-06
met1,358.1200,204.0000,met2,358.1200,204.0000,7.903e-06
met1,358.1200,214.8800,met1,359.9500,214.8800,4.509e-06
met1,358.1200,214.8800,met2,358.1200,214.8800,6.773e-06
met1,358.1200,220.3200,met1,361.1000,220.3200,6.615e-06
met1,358.1200,220.3200,met2,358.1200,220.3200,9.673e-06
met1,358.1200,225.7600,met1,369.1500,225.7600,2.421e-06
met1,358.1200,225.7600,met2,358.1200,225.7600,6.200e-06
met1,358.1200,242.0800,met1,365.0100,242.0800,1.796e-06
met1,358.1200,242.0800,met2,358.1200,242.0800,3.063e-06
met1,358.1200,258.4000,met1,361.5600,258.4000,1.539e-06
met1,358.1200,258.4000,met2,358.1200,258.4000,2.896e-06
met1,358.1200,263.8400,met1,364.0900,263.8400,2.247e-06
met1,358.1200,263.8400,met2,358.1200,263.8400,4.111e-06
met1,358.1200,269.2800,met1,366.3900,269.2800,1.469e-06
met1,358.1200,269.2800,met2,358.1200,269.2800,1.786e-06
met1,358.1200,285.6000,met1,364.5500,285.6000,2.215e-06
met1,358.1200,285.6000,met2,358.1200,285.6000,3.092e-06
met1,358.1200,291.0400,met1,361.3300,291.0400,1.020e-06
met1,358.1200,291.0400,met2,358.1200,291.0400,1.580e-06
met1,358.1200,296.4800,met1,363.1700,296.4800,7.116e-07
met1,358.1200,296.4800,met2,358.1200,296.4800,1.111e-06
met1,358.1200,301.9200,met1,363.1700,301.9200,2.877e-06
met1,358.1200,301.9200,met2,358.1200,301.9200,3.965e-06
met1,358.1200,307.3600,met1,368.0000,307.3600,1.074e-06
met1,358.1200,307.3600,met2,358.1200,307.3600,1.388e-08
met1,358.1200,312.8000,met1,360.4100,312.8000,1.684e-06
met1,358.1200,312.8000,met2,358.1200,312.8000,2.483e-06
met1,358.1200,318.2400,met1,360.4100,318.2400,1.803e-06
met1,358.1200,318.2400,met2,358.1200,318.2400,7.451e-07
met1,358.1200,323.6800,met1,361.1000,323.6800,2.761e-06
met1,358.1200,323.6800,met2,358.1200,323.6800,2.093e-06
met1,358.1200,329.1200,met1,362.4800,329.1200,2.619e-06
met1,358.1200,329.1200,met2,358.1200,329.1200,1.699e-06
met1,358.1200,334.5600,met1,361.1000,334.5600,2.291e-06
met1,358.1200,334.5600,met2,358.1200,334.5600,9.060e-07
met1,358.1200,345.4400,met1,363.4000,345.4400,2.682e-06
met1,358.1200,345.4400,met2,358.1200,345.4400,1.492e-06
met1,358.1200,350.8800,met1,362.2500,350.8800,1.447e-06
met1,358.1200,350.8800,met2,358.1200,350.8800,2.831e-07
met1,358.1200,356.3200,met1,359.9500,356.3200,2.382e-06
met1,358.1200,356.3200,met2,358.1200,356.3200,2.505e-06
met1,358.1200,361.7600,met1,369.1500,361.7600,1.142e-06
met1,358.1200,361.7600,met2,358.1200,361.7600,2.436e-07
met1,358.1200,378.0800,met1,363.6300,378.0800,9.494e-07
met1,358.1200,378.0800,met2,358.1200,378.0800,1.572e-06
met1,358.1200,405.2800,met1,364.0900,405.2800,1.326e-06
met1,358.1200,405.2800,met2,358.1200,405.2800,1.295e-06
met1,358.1200,410.7200,met1,360.6400,410.7200,2.988e-06
met1,358.1200,410.7200,met2,358.1200,410.7200,2.001e-06
met1,358.1200,416.1600,met1,360.4100,416.1600,1.643e-06
met1,358.1200,416.1600,met2,358.1200,416.1600,2.008e-06
met1,358.1200,421.6000,met1,360.8700,421.6000,6.927e-07
met1,358.1200,421.6000,met2,358.1200,421.6000,8.041e-07
met1,358.1200,427.0400,met1,362.7100,427.0400,1.788e-06
met1,358.1200,427.0400,met2,358.1200,427.0400,2.344e-06
met1,358.1200,432.4800,met1,364.5500,432.4800,1.968e-06
met1,358.1200,432.4800,met2,358.1200,432.4800,1.898e-06
met1,358.1200,448.8000,met1,364.3200,448.8000,1.494e-06
met1,358.1200,448.8000,met2,358.1200,448.8000,1.894e-06
met1,359.0300,247.5200,met1,367.7700,247.5200,2.708e-06
met1,359.4900,236.6400,met1,361.5600,236.6400,3.045e-06
met1,359.7200,231.2000,met1,362.0200,231.2000,4.151e-06
met1,359.9500,171.3600,met1,366.6200,171.3600,3.826e-06
met1,359.9500,214.8800,met1,369.1500,214.8800,2.827e-06
met1,359.9500,252.9600,met1,362.2500,252.9600,1.459e-06
met1,359.9500,356.3200,met1,362.7100,356.3200,2.198e-06
met1,359.9500,399.8400,met1,363.8600,399.8400,1.309e-06
met1,360.1800,367.2000,met1,369.1500,367.2000,1.374e-06
met1,360.4100,312.8000,met1,364.5500,312.8000,1.681e-06
met1,360.4100,318.2400,met1,362.7100,318.2400,1.801e-06
met1,360.4100,416.1600,met1,369.1500,416.1600,1.403e-06
met1,360.6400,280.1600,met1,365.4700,280.1600,7.635e-07
met1,360.6400,410.7200,met1,363.1700,410.7200,1.713e-06
met1,360.8700,46.2400,met1,367.5400,46.2400,3.577e-06
met1,360.8700,89.7600,met1,365.2400,89.7600,2.107e-06
met1,360.8700,274.7200,met1,362.9400,274.7200,1.490e-06
met1,360.8700,388.9600,met1,363.1700,388.9600,2.043e-06
met1,360.8700,421.6000,met1,363.6300,421.6000,5.637e-07
met1,361.1000,19.0400,met1,367.5400,19.0400,4.080e-06
met1,361.1000,35.3600,met1,368.6900,35.3600,2.035e-06
met1,361.1000,40.8000,met1,369.1500,40.8000,2.827e-06
met1,361.1000,51.6800,met1,368.6900,51.6800,1.596e-06
met1,361.1000,73.4400,met1,363.4000,73.4400,3.642e-06
met1,361.1000,165.9200,met1,363.4000,165.9200,3.332e-06
met1,361.1000,220.3200,met1,369.1500,220.3200,5.197e-06
met1,361.1000,323.6800,met1,364.0900,323.6800,1.491e-06
met1,361.1000,334.5600,met1,369.1500,334.5600,1.021e-06
met1,361.3300,187.6800,met1,364.7800,187.6800,5.222e-06
met1,361.3300,204.0000,met1,368.0000,204.0000,5.821e-06
met1,361.3300,291.0400,met1,364.7800,291.0400,1.020e-06
met1,361.5600,236.6400,met1,368.4600,236.6400,3.042e-06
met1,361.5600,258.4000,met1,365.7000,258.4000,1.533e-06
met1,361.5600,372.6400,met1,363.6300,372.6400,1.844e-06
met1,361.7900,160.4800,met1,364.0900,160.4800,2.448e-06
met1,361.7900,193.1200,met1,367.5400,193.1200,5.062e-06
met1,362.0200,84.3200,met1,365.7000,84.3200,2.241e-06
met1,362.0200,231.2000,met1,369.1500,231.2000,3.027e-06
met1,362.2500,144.1600,met1,366.6200,144.1600,3.083e-06
met1,362.2500,252.9600,met1,364.7800,252.9600,1.308e-06
met1,362.2500,350.8800,met1,364.0900,350.8800,1.445e-06
met1,362.4800,329.1200,met1,364.5500,329.1200,2.618e-06
met1,362.7100,318.2400,met1,365.7000,318.2400,1.801e-06
met1,362.7100,356.3200,met1,366.3900,356.3200,2.085e-06
met1,362.7100,427.0400,met1,365.2400,427.0400,1.721e-06
met1,362.9400,274.7200,met1,369.1500,274.7200,1.444e-06
met1,362.9400,443.3600,met1,364.7800,443.3600,1.608e-06
met1,363.1700,68.0000,met1,366.3900,68.0000,1.206e-06
met1,363.1700,127.8400,met1,365.2400,127.8400,3.646e-06
met1,363.1700,296.4800,met1,366.3900,296.4800,7.109e-07
met1,363.1700,301.9200,met1,368.2300,301.9200,1.607e-06
met1,363.1700,388.9600,met1,366.6200,388.9600,2.034e-06
met1,363.1700,410.7200,met1,367.5400,410.7200,1.710e-06
met1,363.4000,29.9200,met1,369.1500,29.9200,2.682e-06
met1,363.4000,57.1200,met1,368.0000,57.1200,1.872e-06
met1,363.4000,73.4400,met1,369.1500,73.4400,2.224e-06
met1,363.4000,138.7200,met1,367.5400,138.7200,2.202e-06
met1,363.4000,165.9200,met1,369.1500,165.9200,1.918e-06
met1,363.4000,345.4400,met1,365.2400,345.4400,1.410e-06
met1,363.6300,372.6400,met1,365.9300,372.6400,1.839e-06
met1,363.6300,378.0800,met1,367.0800,378.0800,9.455e-07
met1,363.6300,421.6000,met1,369.1500,421.6000,5.343e-07
met1,363.8600,116.9600,met1,367.5400,116.9600,3.563e-06
met1,363.8600,149.6000,met1,369.1500,149.6000,2.089e-06
met1,363.8600,399.8400,met1,369.1500,399.8400,1.271e-06
met1,364.0900,160.4800,met1,369.1500,160.4800,2.180e-06
met1,364.0900,263.8400,met1,367.3100,263.8400,1.127e-06
met1,364.0900,323.6800,met1,365.9300,323.6800,1.491e-06
met1,364.0900,340.0000,met1,367.7700,340.0000,1.957e-06
met1,364.0900,350.8800,met1,366.6200,350.8800,1.372e-06
met1,364.0900,383.5200,met1,366.3900,383.5200,1.413e-06
met1,364.0900,405.2800,met1,367.3100,405.2800,1.322e-06
met1,364.3200,437.9200,met1,367.3100,437.9200,6.767e-07
met1,364.3200,448.8000,met1,367.3100,448.8000,3.743e-07
met1,364.5500,285.6000,met1,367.3100,285.6000,1.094e-06
met1,364.5500,312.8000,met1,366.8500,312.8000,5.666e-07
met1,364.5500,329.1200,met1,369.1500,329.1200,2.614e-06
met1,364.5500,432.4800,met1,366.6200,432.4800,1.963e-06
met1,364.7800,182.2400,met1,369.1500,182.2400,2.718e-06
met1,364.7800,187.6800,met1,369.1500,187.6800,3.066e-06
met1,364.7800,252.9600,met1,367.0800,252.9600,1.290e-06
met1,364.7800,291.0400,met1,369.1500,291.0400,1.016e-06
met1,364.7800,443.3600,met1,367.3100,443.3600,1.605e-06
met1,365.0100,62.5600,met1,368.0000,62.5600,2.026e-06
met1,365.0100,242.0800,met1,366.8500,242.0800,1.793e-06
met1,365.2400,13.6000,met1,369.1500,13.6000,1.473e-06
met1,365.2400,89.7600,met1,369.1500,89.7600,3.942e-07
met1,365.2400,127.8400,met1,368.0000,127.8400,1.494e-06
met1,365.2400,345.4400,met1,367.7700,345.4400,1.408e-06
met1,365.2400,427.0400,met1,369.1500,427.0400,1.659e-06
met1,365.4700,106.0800,met1,369.1500,106.0800,2.173e-06
met1,365.4700,280.1600,met1,369.1500,280.1600,6.793e-07
met1,365.7000,84.3200,met1,369.1500,84.3200,1.740e-06
met1,365.7000,258.4000,met1,367.5400,258.4000,1.529e-06
met1,365.7000,318.2400,met1,369.1500,318.2400,1.801e-06
met1,365.9300,323.6800,met1,368.2300,323.6800,1.491e-06
met1,365.9300,372.6400,met1,368.0000,372.6400,1.838e-06
met1,366.1600,100.6400,met1,369.1500,100.6400,1.042e-06
met1,366.3900,68.0000,met1,369.1500,68.0000,9.378e-07
met1,366.3900,269.2800,met1,369.1500,269.2800,1.464e-06
met1,366.3900,296.4800,met1,369.1500,296.4800,7.100e-07
met1,366.3900,356.3200,met1,369.1500,356.3200,1.912e-06
met1,366.3900,383.5200,met1,369.1500,383.5200,1.405e-06
met1,366.6200,144.1600,met1,369.1500,144.1600,2.313e-06
met1,366.6200,171.3600,met1,369.1500,171.3600,1.675e-06
met1,366.6200,350.8800,met1,369.1500,350.8800,1.372e-06
met1,366.6200,388.9600,met1,368.4600,388.9600,1.988e-06
met1,366.6200,432.4800,met1,369.1500,432.4800,6.937e-07
met1,366.8500,242.0800,met1,369.1500,242.0800,1.791e-06
met1,366.8500,312.8000,met1,369.1500,312.8000,5.626e-07
met1,367.0800,252.9600,met1,369.1500,252.9600,1.289e-06
met1,367.0800,378.0800,met1,369.1500,378.0800,9.455e-07
met1,367.0800,394.4000,met1,369.1500,394.4000,9.813e-07
met1,367.3100,263.8400,met1,369.1500,263.8400,1.119e-06
met1,367.3100,285.6000,met1,369.1500,285.6000,1.008e-06
met1,367.3100,405.2800,met1,369.1500,405.2800,1.320e-06
met1,367.3100,437.9200,met1,369.1500,437.9200,6.753e-07
met1,367.3100,443.3600,met1,369.1500,443.3600,1.599e-06
met1,367.3100,448.8000,met1,369.1500,448.8000,3.715e-07
met1,367.5400,19.0400,met1,372.1400,19.0400,3.581e-06
met1,367.5400,46.2400,met1,373.9800,46.2400,1.425e-06
met1,367.5400,116.9600,met1,374.9000,116.9600,3.062e-06
met1,367.5400,138.7200,met1,372.3700,138.7200,7.885e-07
met1,367.5400,155.0400,met1,370.7600,155.0400,1.593e-06
met1,367.5400,193.1200,met1,375.1300,193.1200,2.915e-06
met1,367.5400,209.4400,met1,371.9100,209.4400,2.749e-06
met1,367.5400,258.4000,met1,372.8300,258.4000,1.526e-06
met1,367.5400,410.7200,met1,376.9700,410.7200,6.001e-07
met1,367.7700,111.5200,met1,376.7400,111.5200,1.639e-06
met1,367.7700,247.5200,met1,371.6800,247.5200,2.707e-06
met1,367.7700,340.0000,met1,369.8400,340.0000,1.956e-06
met1,367.7700,345.4400,met1,370.3000,345.4400,1.408e-06
met1,368.0000,57.1200,met1,373.7500,57.1200,1.372e-06
met1,368.0000,62.5600,met1,382.9500,62.5600,3.196e-07
met1,368.0000,122.4000,met1,373.2900,122.4000,1.144e-06
met1,368.0000,127.8400,met1,377.2000,127.8400,1.203e-06
met1,368.0000,204.0000,met1,373.0600,204.0000,3.672e-06
met1,368.0000,307.3600,met1,370.5300,307.3600,1.070e-06
met1,368.0000,372.6400,met1,370.3000,372.6400,6.724e-07
met1,368.2300,301.9200,met1,370.0700,301.9200,1.607e-06
met1,368.2300,323.6800,met1,370.7600,323.6800,1.473e-06
met1,368.4600,236.6400,met1,371.4500,236.6400,1.774e-06
met1,368.4600,388.9600,met1,378.8100,388.9600,8.668e-07
met1,368.6900,35.3600,met1,372.1400,35.3600,1.766e-06
met1,368.6900,51.6800,met1,370.7600,51.6800,1.328e-06
met1,369.1500,13.6000,met1,378.1200,13.6000,1.473e-06
met1,369.1500,24.4800,met1,382.9500,24.4800,1.529e-06
met1,369.1500,29.9200,met1,371.2200,29.9200,2.384e-06
met1,369.1500,40.8000,met1,371.6800,40.8000,2.827e-06
met1,369.1500,68.0000,met1,374.2100,68.0000,9.378e-07
met1,369.1500,73.4400,met1,372.1400,73.4400,2.224e-06
met1,369.1500,78.8800,met1,376.7400,78.8800,1.259e-06
met1,369.1500,84.3200,met1,371.4500,84.3200,1.740e-06
met1,369.1500,89.7600,met1,374.6700,89.7600,3.942e-07
met1,369.1500,95.2000,met1,377.2000,95.2000,2.455e-06
met1,369.1500,100.6400,met1,373.2900,100.6400,1.042e-06
met1,369.1500,106.0800,met1,382.9500,106.0800,5.110e-07
met1,369.1500,133.2800,met1,372.8300,133.2800,3.267e-06
met1,369.1500,144.1600,met1,377.2000,144.1600,2.313e-06
met1,369.1500,149.6000,met1,374.9000,149.6000,2.089e-06
met1,369.1500,160.4800,met1,375.1300,160.4800,2.180e-06
met1,369.1500,165.9200,met1,382.9500,165.9200,1.119e-06
met1,369.1500,171.3600,met1,374.2100,171.3600,1.675e-06
met1,369.1500,176.8000,met1,372.3700,176.8000,3.479e-06
met1,369.1500,182.2400,met1,374.9000,182.2400,2.718e-06
met1,369.1500,187.6800,met1,372.6000,187.6800,2.768e-06
met1,369.1500,198.5600,met1,375.8200,198.5600,3.839e-06
met1,369.1500,214.8800,met1,382.9500,214.8800,1.414e-06
met1,369.1500,220.3200,met1,371.9100,220.3200,5.197e-06
met1,369.1500,225.7600,met1,373.7500,225.7600,2.421e-06
met1,369.1500,231.2000,met1,374.9000,231.2000,3.027e-06
met1,369.1500,242.0800,met1,381.8000,242.0800,1.791e-06
met1,369.1500,252.9600,met1,371.9100,252.9600,1.288e-06
met1,369.1500,263.8400,met1,373.5200,263.8400,1.119e-06
met1,369.1500,269.2800,met1,371.9100,269.2800,1.462e-06
met1,369.1500,274.7200,met1,372.8300,274.7200,1.679e-07
met1,369.1500,280.1600,met1,382.9500,280.1600,6.793e-07
met1,369.1500,285.6000,met1,372.6000,285.6000,1.004e-06
met1,369.1500,291.0400,met1,376.5100,291.0400,1.016e-06
met1,369.1500,296.4800,met1,376.5100,296.4800,7.100e-07
met1,369.1500,312.8000,met1,370.9900,312.8000,5.626e-07
met1,369.1500,318.2400,met1,379.0400,318.2400,1.801e-06
met1,369.1500,329.1200,met1,380.6500,329.1200,1.500e-06
met1,369.1500,334.5600,met1,378.8100,334.5600,1.021e-06
met1,369.1500,350.8800,met1,374.6700,350.8800,1.372e-06
met1,369.1500,356.3200,met1,371.6800,356.3200,1.721e-06
met1,369.1500,361.7600,met1,372.8300,361.7600,1.142e-06
met1,369.1500,367.2000,met1,373.2900,367.2000,1.374e-06
met1,369.1500,378.0800,met1,382.9500,378.0800,9.455e-07
met1,369.1500,383.5200,met1,377.2000,383.5200,1.405e-06
met1,369.1500,394.4000,met1,376.0500,394.4000,9.813e-07
met1,369.1500,399.8400,met1,376.5100,399.8400,1.271e-06
met1,369.1500,405.2800,met1,373.9800,405.2800,1.320e-06
met1,369.1500,416.1600,met1,372.8300,416.1600,1.403e-06
met1,369.1500,421.6000,met1,372.3700,421.6000,5.343e-07
met1,369.1500,427.0400,met1,373.7500,427.0400,1.659e-06
met1,369.1500,432.4800,met1,382.9500,432.4800,6.937e-07
met1,369.1500,437.9200,met1,382.0300,437.9200,6.753e-07
met1,369.1500,443.3600,met1,371.4500,443.3600,1.599e-06
met1,369.1500,448.8000,met1,381.8000,448.8000,3.715e-07
met1,369.8400,340.0000,met1,373.2900,340.0000,8.430e-07
met1,370.0700,301.9200,met1,377.6600,301.9200,1.603e-06
met1,370.3000,345.4400,met1,379.0400,345.4400,1.408e-06
met1,370.3000,372.6400,met1,374.6700,372.6400,6.704e-07
met1,370.5300,307.3600,met1,378.3500,307.3600,1.066e-06
met1,370.7600,51.6800,met1,381.3400,51.6800,1.030e-06
met1,370.7600,155.0400,met1,373.9800,155.0400,1.092e-06
met1,370.7600,323.6800,met1,377.2000,323.6800,1.473e-06
met1,370.9900,312.8000,met1,379.9600,312.8000,5.500e-07
met1,371.2200,29.9200,met1,373.7500,29.9200,9.695e-07
met1,371.4500,84.3200,met1,379.9600,84.3200,1.472e-06
met1,371.4500,236.6400,met1,376.0500,236.6400,1.770e-06
met1,371.4500,443.3600,met1,374.9000,443.3600,1.595e-06
met1,371.6800,40.8000,met1,376.9700,40.8000,1.412e-06
met1,371.6800,247.5200,met1,373.5200,247.5200,2.672e-06
met1,371.6800,356.3200,met1,374.6700,356.3200,1.635e-06
met1,371.9100,209.4400,met1,379.5000,209.4400,2.481e-06
met1,371.9100,220.3200,met1,379.5000,220.3200,3.511e-06
met1,371.9100,252.9600,met1,374.2100,252.9600,1.286e-06
met1,371.9100,269.2800,met1,374.4400,269.2800,1.456e-06
met1,372.1400,19.0400,met1,374.9000,19.0400,1.431e-06
met1,372.1400,35.3600,met1,381.5700,35.3600,1.269e-06
met1,372.1400,73.4400,met1,381.5700,73.4400,7.311e-08
met1,372.3700,138.7200,met1,379.7300,138.7200,5.202e-07
met1,372.3700,176.8000,met1,381.3400,176.8000,3.194e-06
met1,372.3700,421.6000,met1,375.1300,421.6000,5.283e-07
met1,372.6000,187.6800,met1,382.9500,187.6800,2.269e-06
met1,372.6000,285.6000,met1,374.9000,285.6000,9.009e-07
met1,372.8300,133.2800,met1,379.5000,133.2800,3.250e-06
met1,372.8300,258.4000,met1,381.1100,258.4000,1.521e-06
met1,372.8300,274.7200,met1,376.5100,274.7200,1.673e-07
met1,372.8300,361.7600,met1,382.9500,361.7600,1.113e-06
met1,372.8300,416.1600,met1,382.9500,416.1600,2.830e-07
met1,373.0600,204.0000,met1,377.4300,204.0000,3.171e-06
met1,373.2900,100.6400,met1,379.7300,100.6400,7.737e-07
met1,373.2900,122.4000,met1,381.5700,122.4000,8.753e-07
met1,373.2900,340.0000,met1,376.5100,340.0000,8.389e-07
met1,373.2900,367.2000,met1,375.5900,367.2000,1.365e-06
met1,373.5200,247.5200,met1,380.8800,247.5200,1.561e-06
met1,373.5200,263.8400,met1,382.9500,263.8400,8.114e-10
met1,373.7500,29.9200,met1,377.8900,29.9200,7.013e-07
met1,373.7500,57.1200,met1,376.5100,57.1200,1.103e-06
met1,373.7500,225.7600,met1,379.0400,225.7600,2.404e-06
met1,373.7500,427.0400,met1,382.4900,427.0400,3.872e-07
met1,373.9800,46.2400,met1,376.5100,46.2400,9.240e-07
met1,373.9800,155.0400,met1,379.7300,155.0400,7.944e-07
met1,373.9800,405.2800,met1,377.4300,405.2800,1.317e-06
met1,374.2100,68.0000,met1,380.8800,68.0000,9.209e-07
met1,374.2100,171.3600,met1,378.5800,171.3600,1.407e-06
met1,374.2100,252.9600,met1,382.9500,252.9600,1.282e-06
met1,374.4400,269.2800,met1,379.2700,269.2800,1.456e-06
met1,374.6700,89.7600,met1,380.1900,89.7600,3.772e-07
met1,374.6700,350.8800,met1,376.9700,350.8800,1.297e-06
met1,374.6700,356.3200,met1,377.8900,356.3200,1.524e-06
met1,374.6700,372.6400,met1,376.7400,372.6400,6.417e-07
met1,374.9000,19.0400,met1,379.7300,19.0400,1.695e-08
met1,374.9000,116.9600,met1,382.9500,116.9600,9.114e-07
met1,374.9000,149.6000,met1,379.2700,149.6000,6.755e-07
met1,374.9000,182.2400,met1,382.9500,182.2400,1.304e-06
met1,374.9000,231.2000,met1,381.3400,231.2000,1.756e-06
met1,374.9000,285.6000,met1,380.1900,285.6000,8.110e-07
met1,374.9000,443.3600,met1,379.5000,443.3600,3.242e-07
met1,375.1300,160.4800,met1,381.8000,160.4800,2.163e-06
met1,375.1300,193.1200,met1,378.3500,193.1200,2.646e-06
met1,375.1300,421.6000,met1,377.6600,421.6000,5.210e-07
met1,375.5900,367.2000,met1,378.8100,367.2000,1.313e-06
met1,375.8200,198.5600,met1,382.9500,198.5600,2.425e-06
met1,376.0500,236.6400,met1,378.5800,236.6400,1.767e-06
met1,376.0500,394.4000,met1,382.9500,394.4000,9.775e-07
met1,376.5100,46.2400,met1,380.8800,46.2400,6.557e-07
met1,376.5100,57.1200,met1,381.3400,57.1200,1.086e-06
met1,376.5100,274.7200,met1,380.1900,274.7200,1.657e-07
met1,376.5100,291.0400,met1,379.2700,291.0400,1.012e-06
met1,376.5100,296.4800,met1,379.5000,296.4800,7.019e-07
met1,376.5100,340.0000,met1,380.4200,340.0000,8.349e-07
met1,376.5100,399.8400,met1,379.9600,399.8400,2.673e-09
met1,376.7400,78.8800,met1,382.9500,78.8800,1.574e-06
met1,376.7400,111.5200,met1,379.2700,111.5200,2.181e-07
met1,376.7400,372.6400,met1,380.1900,372.6400,5.327e-07
met1,376.9700,40.8000,met1,382.9500,40.8000,1.395e-06
met1,376.9700,350.8800,met1,382.0300,350.8800,1.224e-06
met1,376.9700,410.7200,met1,382.9500,410.7200,5.956e-07
met1,377.2000,95.2000,met1,382.9500,95.2000,1.037e-06
met1,377.2000,127.8400,met1,382.9500,127.8400,2.113e-07
met1,377.2000,144.1600,met1,382.9500,144.1600,8.996e-07
met1,377.2000,323.6800,met1,382.9500,323.6800,2.023e-07
met1,377.2000,383.5200,met1,379.2700,383.5200,1.350e-07
met1,377.4300,204.0000,met1,381.5700,204.0000,2.903e-06
met1,377.4300,405.2800,met1,382.9500,405.2800,1.964e-07
met1,377.6600,301.9200,met1,382.9500,301.9200,7.831e-07
met1,377.6600,421.6000,met1,382.9500,421.6000,5.168e-07
met1,377.8900,29.9200,met1,382.7200,29.9200,6.844e-07
met1,377.8900,356.3200,met1,381.1100,356.3200,1.411e-06
met1,378.1200,13.6000,met1,382.9500,13.6000,5.559e-08
met1,378.3500,193.1200,met1,382.9500,193.1200,2.630e-06
met1,378.3500,307.3600,met1,382.9500,307.3600,1.063e-06
met1,378.5800,171.3600,met1,382.9500,171.3600,7.071e-09
met1,378.5800,236.6400,met1,380.6500,236.6400,1.763e-06
met1,378.8100,334.5600,met1,382.9500,334.5600,1.017e-06
met1,378.8100,367.2000,met1,382.9500,367.2000,1.255e-06
met1,378.8100,388.9600,met1,382.9500,388.9600,8.630e-07
met1,379.0400,225.7600,met1,382.9500,225.7600,1.284e-06
met1,379.0400,318.2400,met1,382.9500,318.2400,6.744e-07
met1,379.0400,345.4400,met1,381.8000,345.4400,2.977e-07
met1,379.2700,111.5200,met1,382.9500,111.5200,2.011e-07
met1,379.2700,149.6000,met1,382.9500,149.6000,6.586e-07
met1,379.2700,269.2800,met1,381.8000,269.2800,1.453e-06
met1,379.2700,291.0400,met1,381.5700,291.0400,1.008e-06
met1,379.2700,383.5200,met1,382.9500,383.5200,1.336e-07
met1,379.5000,133.2800,met1,381.5700,133.2800,1.100e-06
met1,379.5000,209.4400,met1,382.9500,209.4400,1.068e-06
met1,379.5000,220.3200,met1,382.9500,220.3200,1.355e-06
met1,379.5000,296.4800,met1,382.7200,296.4800,6.990e-07
met1,379.5000,443.3600,met1,381.5700,443.3600,3.222e-07
met1,379.7300,19.0400,met1,382.9500,19.0400,2.513e-07
met1,379.7300,100.6400,met1,382.9500,100.6400,6.577e-07
met1,379.7300,138.7200,met1,382.9500,138.7200,2.520e-07
met1,379.7300,155.0400,met1,382.9500,155.0400,5.262e-07
met1,379.9600,84.3200,met1,382.9500,84.3200,6.794e-07
met1,379.9600,312.8000,met1,382.4900,312.8000,5.312e-07
met1,379.9600,399.8400,met1,382.9500,399.8400,6.092e-09
met1,380.1900,89.7600,met1,382.9500,89.7600,1.090e-07
met1,380.1900,274.7200,met1,382.9500,274.7200,1.565e-07
met1,380.1900,285.6000,met1,382.0300,285.6000,7.454e-07
met1,380.1900,372.6400,met1,382.9500,372.6400,3.694e-07
met1,380.4200,340.0000,met1,382.9500,340.0000,8.331e-07
met1,380.6500,236.6400,met1,382.9500,236.6400,1.759e-06
met1,380.6500,329.1200,met1,382.9500,329.1200,2.235e-07
met1,380.8800,46.2400,met1,382.9500,46.2400,7.587e-07
met1,380.8800,68.0000,met1,382.9500,68.0000,1.230e-06
met1,380.8800,247.5200,met1,382.9500,247.5200,1.525e-06
met1,381.1100,258.4000,met1,382.9500,258.4000,1.479e-06
met1,381.1100,356.3200,met1,382.9500,356.3200,1.249e-06
met1,381.3400,51.6800,met1,390.3100,51.6800,1.125e-06
met1,381.3400,57.1200,met1,386.1700,57.1200,3.349e-07
met1,381.3400,176.8000,met1,388.9300,176.8000,1.044e-06
met1,381.3400,231.2000,met1,383.1800,231.2000,1.756e-06
met1,381.5700,35.3600,met1,388.7000,35.3600,1.252e-06
met1,381.5700,73.4400,met1,383.4100,73.4400,5.616e-08
met1,381.5700,122.4000,met1,387.7800,122.4000,8.584e-07
met1,381.5700,133.2800,met1,388.7000,133.2800,1.083e-06
met1,381.5700,204.0000,met1,386.8600,204.0000,2.886e-06
met1,381.5700,291.0400,met1,385.0200,291.0400,1.007e-06
met1,381.5700,443.3600,met1,384.1000,443.3600,3.185e-07
met1,381.8000,160.4800,met1,385.2500,160.4800,1.304e-08
met1,381.8000,242.0800,met1,385.2500,242.0800,1.780e-06
met1,381.8000,269.2800,met1,383.6400,269.2800,1.452e-06
met1,381.8000,345.4400,met1,386.1700,345.4400,2.977e-07
met1,381.8000,448.8000,met1,384.1000,448.8000,3.261e-07
met1,382.0300,285.6000,met1,386.4000,285.6000,7.070e-07
met1,382.0300,350.8800,met1,385.4800,350.8800,1.222e-06
met1,382.0300,437.9200,met1,388.0100,437.9200,6.731e-07
met1,382.4900,312.8000,met1,385.7100,312.8000,5.238e-07
met1,382.4900,427.0400,met1,385.9400,427.0400,3.827e-07
met1,382.7200,29.9200,met1,385.2500,29.9200,1.457e-06
met1,382.7200,296.4800,met1,396.7500,296.4800,6.948e-07
met1,382.9500,13.6000,met1,388.0100,13.6000,5.559e-08
met1,382.9500,19.0400,met1,385.9400,19.0400,2.513e-07
met1,382.9500,24.4800,met1,390.5400,24.4800,1.529e-06
met1,382.9500,40.8000,met1,391.0000,40.8000,7.456e-07
met1,382.9500,46.2400,met1,388.0100,46.2400,7.587e-07
met1,382.9500,62.5600,met1,385.7100,62.5600,3.196e-07
met1,382.9500,68.0000,met1,390.3100,68.0000,1.230e-06
met1,382.9500,78.8800,met1,396.7500,78.8800,1.574e-06
met1,382.9500,84.3200,met1,391.0000,84.3200,6.964e-07
met1,382.9500,89.7600,met1,392.3800,89.7600,1.090e-07
met1,382.9500,95.2000,met1,385.0200,95.2000,1.037e-06
met1,382.9500,100.6400,met1,389.8500,100.6400,6.577e-07
met1,382.9500,106.0800,met1,388.2400,106.0800,5.110e-07
met1,382.9500,111.5200,met1,390.0800,111.5200,2.011e-07
met1,382.9500,116.9600,met1,388.9300,116.9600,1.242e-06
met1,382.9500,127.8400,met1,393.0700,127.8400,2.113e-07
met1,382.9500,138.7200,met1,396.7500,138.7200,2.520e-07
met1,382.9500,144.1600,met1,391.6900,144.1600,1.240e-06
met1,382.9500,149.6000,met1,385.2500,149.6000,6.586e-07
met1,382.9500,155.0400,met1,393.7600,155.0400,8.912e-07
met1,382.9500,165.9200,met1,384.7900,165.9200,1.119e-06
met1,382.9500,171.3600,met1,391.0000,171.3600,7.071e-09
met1,382.9500,182.2400,met1,384.7900,182.2400,1.304e-06
met1,382.9500,187.6800,met1,386.1700,187.6800,1.189e-07
met1,382.9500,193.1200,met1,387.5500,193.1200,2.630e-06
met1,382.9500,198.5600,met1,386.8600,198.5600,2.425e-06
met1,382.9500,209.4400,met1,388.4700,209.4400,1.068e-06
met1,382.9500,214.8800,met1,385.2500,214.8800,1.414e-06
met1,382.9500,220.3200,met1,388.7000,220.3200,1.355e-06
met1,382.9500,225.7600,met1,394.4500,225.7600,1.283e-06
met1,382.9500,236.6400,met1,392.1500,236.6400,1.759e-06
met1,382.9500,247.5200,met1,384.7900,247.5200,1.525e-06
met1,382.9500,252.9600,met1,388.4700,252.9600,1.271e-06
met1,382.9500,258.4000,met1,385.0200,258.4000,1.463e-06
met1,382.9500,263.8400,met1,387.3200,263.8400,8.115e-10
met1,382.9500,274.7200,met1,386.1700,274.7200,1.557e-07
met1,382.9500,280.1600,met1,396.2900,280.1600,6.735e-07
met1,382.9500,301.9200,met1,387.5500,301.9200,7.831e-07
met1,382.9500,307.3600,met1,392.1500,307.3600,1.052e-06
met1,382.9500,318.2400,met1,388.4700,318.2400,6.258e-07
met1,382.9500,323.6800,met1,394.4500,323.6800,2.023e-07
met1,382.9500,329.1200,met1,385.0200,329.1200,2.235e-07
met1,382.9500,334.5600,met1,391.9200,334.5600,1.017e-06
met1,382.9500,340.0000,met1,386.1700,340.0000,8.315e-07
met1,382.9500,356.3200,met1,384.7900,356.3200,1.249e-06
met1,382.9500,361.7600,met1,385.7100,361.7600,1.113e-06
met1,382.9500,367.2000,met1,387.5500,367.2000,1.255e-06
met1,382.9500,372.6400,met1,385.2500,372.6400,3.694e-07
met1,382.9500,378.0800,met1,386.8600,378.0800,9.428e-07
met1,382.9500,383.5200,met1,386.8600,383.5200,1.324e-07
met1,382.9500,388.9600,met1,385.2500,388.9600,4.066e-07
met1,382.9500,394.4000,met1,389.6200,394.4000,9.775e-07
met1,382.9500,399.8400,met1,389.6200,399.8400,6.092e-09
met1,382.9500,405.2800,met1,388.4700,405.2800,1.922e-07
met1,382.9500,410.7200,met1,385.0200,410.7200,6.775e-07
met1,382.9500,416.1600,met1,385.2500,416.1600,2.830e-07
met1,382.9500,421.6000,met1,386.1700,421.6000,5.168e-07
met1,382.9500,432.4800,met1,396.7500,432.4800,5.750e-07
met1,383.1800,231.2000,met1,390.0800,231.2000,1.709e-06
met1,383.4100,73.4400,met1,389.1600,73.4400,2.121e-07
met1,383.6400,269.2800,met1,388.2400,269.2800,3.324e-07
met1,384.1000,443.3600,met1,388.4700,443.3600,8.055e-07
met1,384.1000,448.8000,met1,385.9400,448.8000,3.249e-07
met1,384.7900,165.9200,met1,391.4600,165.9200,1.103e-06
met1,384.7900,182.2400,met1,393.9900,182.2400,1.287e-06
met1,384.7900,247.5200,met1,393.9900,247.5200,1.477e-06
met1,384.7900,356.3200,met1,387.5500,356.3200,3.184e-07
met1,385.0200,95.2000,met1,391.6900,95.2000,1.104e-06
met1,385.0200,258.4000,met1,388.7000,258.4000,1.281e-06
met1,385.0200,291.0400,met1,394.2200,291.0400,9.134e-07
met1,385.0200,329.1200,met1,389.3900,329.1200,2.195e-07
met1,385.0200,410.7200,met1,387.0900,410.7200,6.787e-07
met1,385.2500,29.9200,met1,393.3000,29.9200,1.474e-06
met1,385.2500,149.6000,met1,391.9200,149.6000,6.416e-07
met1,385.2500,160.4800,met1,395.1400,160.4800,2.552e-07
met1,385.2500,214.8800,met1,396.7500,214.8800,1.397e-06
met1,385.2500,242.0800,met1,393.5300,242.0800,1.747e-06
met1,385.2500,372.6400,met1,391.2300,372.6400,3.694e-07
met1,385.2500,388.9600,met1,390.7700,388.9600,4.117e-07
met1,385.2500,416.1600,met1,388.7000,416.1600,6.796e-08
met1,385.4800,350.8800,met1,388.9300,350.8800,1.107e-06
met1,385.7100,62.5600,met1,392.3800,62.5600,3.027e-07
met1,385.7100,312.8000,met1,390.5400,312.8000,5.006e-07
met1,385.7100,361.7600,met1,389.1600,361.7600,1.085e-06
met1,385.9400,19.0400,met1,390.0800,19.0400,1.666e-06
met1,385.9400,427.0400,met1,388.4700,427.0400,7.354e-07
met1,385.9400,448.8000,met1,396.7500,448.8000,3.202e-07
met1,386.1700,57.1200,met1,388.2400,57.1200,6.031e-07
met1,386.1700,187.6800,met1,395.1400,187.6800,1.020e-07
met1,386.1700,274.7200,met1,391.6900,274.7200,1.545e-07
met1,386.1700,340.0000,met1,394.2200,340.0000,8.305e-07
met1,386.1700,345.4400,met1,390.3100,345.4400,2.965e-07
met1,386.1700,421.6000,met1,388.0100,421.6000,5.157e-07
met1,386.4000,285.6000,met1,389.6200,285.6000,6.584e-07
met1,386.8600,198.5600,met1,396.7500,198.5600,1.011e-06
met1,386.8600,204.0000,met1,394.9100,204.0000,4.683e-07
met1,386.8600,378.0800,met1,388.9300,378.0800,9.428e-07
met1,386.8600,383.5200,met1,394.9100,383.5200,1.304e-07
met1,387.0900,410.7200,met1,390.3100,410.7200,6.808e-07
met1,387.3200,263.8400,met1,393.3000,263.8400,2.816e-09
met1,387.5500,193.1200,met1,391.9200,193.1200,2.361e-06
met1,387.5500,301.9200,met1,391.0000,301.9200,7.985e-07
met1,387.5500,356.3200,met1,390.7700,356.3200,4.669e-07
met1,387.5500,367.2000,met1,391.0000,367.2000,1.219e-06
met1,387.7800,122.4000,met1,393.9900,122.4000,1.282e-06
met1,388.0100,13.6000,met1,394.4500,13.6000,2.126e-07
met1,388.0100,46.2400,met1,395.3700,46.2400,1.027e-06
met1,388.0100,421.6000,met1,390.0800,421.6000,5.127e-07
met1,388.0100,437.9200,met1,392.8400,437.9200,6.694e-07
met1,388.2400,57.1200,met1,394.4500,57.1200,1.104e-06
met1,388.2400,106.0800,met1,393.7600,106.0800,3.284e-07
met1,388.2400,269.2800,met1,392.8400,269.2800,3.295e-07
met1,388.4700,209.4400,met1,394.2200,209.4400,1.051e-06
met1,388.4700,252.9600,met1,396.7500,252.9600,1.244e-06
met1,388.4700,318.2400,met1,396.7500,318.2400,6.211e-07
met1,388.4700,405.2800,met1,390.7700,405.2800,1.917e-07
met1,388.4700,427.0400,met1,391.4600,427.0400,7.393e-07
met1,388.4700,443.3600,met1,392.1500,443.3600,8.073e-07
met1,388.7000,35.3600,met1,395.6000,35.3600,8.874e-07
met1,388.7000,133.2800,met1,391.0000,133.2800,1.071e-06
met1,388.7000,220.3200,met1,391.0000,220.3200,6.507e-08
met1,388.7000,258.4000,met1,393.5300,258.4000,1.238e-06
met1,388.7000,416.1600,met1,394.9100,416.1600,2.953e-08
met1,388.9300,116.9600,met1,391.2300,116.9600,1.510e-06
met1,388.9300,176.8000,met1,394.2200,176.8000,1.362e-06
met1,388.9300,350.8800,met1,391.6900,350.8800,1.034e-06
met1,388.9300,378.0800,met1,394.9100,378.0800,1.711e-07
met1,389.1600,73.4400,met1,394.4500,73.4400,2.353e-06
met1,389.1600,361.7600,met1,393.9900,361.7600,1.065e-06
met1,389.3900,329.1200,met1,391.9200,329.1200,1.646e-07
met1,389.6200,285.6000,met1,392.1500,285.6000,6.123e-07
met1,389.6200,394.4000,met1,392.8400,394.4000,9.321e-07
met1,389.6200,399.8400,met1,395.1400,399.8400,4.028e-08
met1,389.8500,100.6400,met1,393.7600,100.6400,9.259e-07
met1,390.0800,19.0400,met1,396.7500,19.0400,3.080e-06
met1,390.0800,111.5200,met1,394.2200,111.5200,2.982e-07
met1,390.0800,231.2000,met1,392.1500,231.2000,4.377e-07
met1,390.0800,421.6000,met1,396.7500,421.6000,5.114e-07
met1,390.3100,51.6800,met1,396.7500,51.6800,1.626e-06
met1,390.3100,68.0000,met1,396.7500,68.0000,1.247e-06
met1,390.3100,345.4400,met1,393.9900,345.4400,2.908e-07
met1,390.3100,410.7200,met1,392.3800,410.7200,6.808e-07
met1,390.5400,24.4800,met1,392.8400,24.4800,6.097e-07
met1,390.5400,312.8000,met1,392.8400,312.8000,4.999e-07
met1,390.7700,356.3200,met1,396.7500,356.3200,5.065e-07
met1,390.7700,388.9600,met1,393.9900,388.9600,4.204e-07
met1,390.7700,405.2800,met1,392.8400,405.2800,1.901e-07
met1,391.0000,40.8000,met1,393.7600,40.8000,2.160e-06
met1,391.0000,84.3200,met1,394.4500,84.3200,2.851e-06
met1,391.0000,133.2800,met1,395.6000,133.2800,2.491e-06
met1,391.0000,171.3600,met1,396.7500,171.3600,1.421e-06
met1,391.0000,220.3200,met1,396.7500,220.3200,2.224e-06
met1,391.0000,301.9200,met1,396.7500,301.9200,8.315e-07
met1,391.0000,367.2000,met1,394.2200,367.2000,1.153e-06
met1,391.2300,116.9600,met1,396.7500,116.9600,1.527e-06
met1,391.2300,372.6400,met1,394.4500,372.6400,3.223e-07
met1,391.4600,165.9200,met1,396.7500,165.9200,1.051e-06
met1,391.4600,427.0400,met1,393.3000,427.0400,7.435e-07
met1,391.6900,95.2000,met1,394.2200,95.2000,1.121e-06
met1,391.6900,144.1600,met1,395.1400,144.1600,2.922e-06
met1,391.6900,274.7200,met1,394.6800,274.7200,1.394e-07
met1,391.6900,350.8800,met1,394.4500,350.8800,9.219e-07
met1,391.9200,149.6000,met1,396.7500,149.6000,1.496e-06
met1,391.9200,193.1200,met1,396.7500,193.1200,2.081e-07
met1,391.9200,329.1200,met1,393.9900,329.1200,1.628e-07
met1,391.9200,334.5600,met1,396.7500,334.5600,1.033e-07
met1,392.1500,231.2000,met1,396.7500,231.2000,4.353e-07
met1,392.1500,236.6400,met1,393.9900,236.6400,1.754e-06
met1,392.1500,285.6000,met1,396.7500,285.6000,6.832e-07
met1,392.1500,307.3600,met1,396.7500,307.3600,1.006e-06
met1,392.1500,443.3600,met1,396.7500,443.3600,8.621e-07
met1,392.3800,62.5600,met1,396.7500,62.5600,1.852e-06
met1,392.3800,89.7600,met1,396.7500,89.7600,1.312e-06
met1,392.3800,410.7200,met1,394.4500,410.7200,6.808e-07
met1,392.8400,24.4800,met1,396.7500,24.4800,1.108e-06
met1,392.8400,269.2800,met1,396.7500,269.2800,3.194e-07
met1,392.8400,312.8000,met1,395.8300,312.8000,4.619e-07
met1,392.8400,394.4000,met1,396.7500,394.4000,1.904e-07
met1,392.8400,405.2800,met1,396.7500,405.2800,9.238e-07
met1,392.8400,437.9200,met1,396.7500,437.9200,4.570e-07
met1,393.0700,127.8400,met1,394.9100,127.8400,4.795e-07
met1,393.3000,29.9200,met1,396.7500,29.9200,1.771e-06
met1,393.3000,263.8400,met1,396.7500,263.8400,4.993e-08
met1,393.3000,427.0400,met1,395.6000,427.0400,8.270e-07
met1,393.5300,242.0800,met1,396.7500,242.0800,1.744e-06
met1,393.5300,258.4000,met1,396.7500,258.4000,1.204e-06
met1,393.7600,40.8000,met1,396.7500,40.8000,2.658e-06
met1,393.7600,100.6400,met1,396.7500,100.6400,2.838e-06
met1,393.7600,106.0800,met1,396.7500,106.0800,9.798e-07
met1,393.7600,155.0400,met1,396.5200,155.0400,1.075e-06
met1,393.9900,122.4000,met1,396.7500,122.4000,1.550e-06
met1,393.9900,182.2400,met1,396.7500,182.2400,7.856e-07
met1,393.9900,236.6400,met1,396.7500,236.6400,1.749e-06
met1,393.9900,247.5200,met1,396.7500,247.5200,2.034e-07
met1,393.9900,329.1200,met1,396.0600,329.1200,1.570e-07
met1,393.9900,345.4400,met1,396.7500,345.4400,2.889e-07
met1,393.9900,361.7600,met1,396.7500,361.7600,1.032e-06
met1,393.9900,388.9600,met1,396.7500,388.9600,4.275e-07
met1,394.2200,95.2000,met1,396.7500,95.2000,3.260e-06
met1,394.2200,111.5200,met1,396.7500,111.5200,5.520e-07
met1,394.2200,176.8000,met1,396.7500,176.8000,1.860e-06
met1,394.2200,209.4400,met1,396.7500,209.4400,1.087e-06
met1,394.2200,291.0400,met1,396.7500,291.0400,3.590e-07
met1,394.2200,340.0000,met1,396.7500,340.0000,8.282e-07
met1,394.2200,367.2000,met1,396.7500,367.2000,9.241e-07
met1,394.4500,13.6000,met1,396.7500,13.6000,4.809e-07
met1,394.4500,57.1200,met1,396.7500,57.1200,1.608e-06
met1,394.4500,73.4400,met1,396.7500,73.4400,2.621e-06
met1,394.4500,84.3200,met1,396.7500,84.3200,3.119e-06
met1,394.4500,225.7600,met1,396.7500,225.7600,1.278e-06
met1,394.4500,323.6800,met1,396.7500,323.6800,1.073e-06
met1,394.4500,350.8800,met1,396.7500,350.8800,7.471e-07
met1,394.4500,372.6400,met1,396.7500,372.6400,1.330e-07
met1,394.4500,410.7200,met1,396.7500,410.7200,6.814e-07
met1,394.6800,274.7200,met1,396.7500,274.7200,9.950e-08
met1,394.9100,127.8400,met1,396.7500,127.8400,6.848e-07
met1,394.9100,204.0000,met1,396.7500,204.0000,1.149e-06
met1,394.9100,378.0800,met1,396.7500,378.0800,1.769e-07
met1,394.9100,383.5200,met1,396.7500,383.5200,1.244e-07
met1,394.9100,416.1600,met1,396.7500,416.1600,1.268e-07
met1,395.1400,144.1600,met1,398.1200,144.1600,3.420e-06
met1,395.1400,160.4800,met1,397.4400,160.4800,7.561e-07
met1,395.1400,187.6800,met1,398.1200,187.6800,3.989e-07
met1,395.1400,399.8400,met1,398.1200,399.8400,4.164e-08
met1,395.3700,46.2400,met1,398.1200,46.2400,1.044e-06
met1,395.6000,35.3600,met1,398.1200,35.3600,1.185e-06
met1,395.6000,133.2800,met1,398.1200,133.2800,2.991e-06
met1,395.6000,427.0400,met1,397.9000,427.0400,1.020e-06
met1,395.8300,312.8000,met1,398.1200,312.8000,4.599e-07
met1,396.0600,329.1200,met1,397.9000,329.1200,1.555e-07
met1,396.2900,280.1600,met1,398.1200,280.1600,6.472e-07
met1,396.5200,155.0400,met1,398.8200,155.0400,4.617e-06
met1,396.5200,155.0400,met2,398.1200,155.0400,7.001e-06
met1,396.7500,13.6000,met1,402.9600,13.6000,2.944e-06
met1,396.7500,13.6000,met2,398.1200,13.6000,3.425e-06
met1,396.7500,19.0400,met1,401.1200,19.0400,4.505e-06
met1,396.7500,19.0400,met2,398.1200,19.0400,7.602e-06
met1,396.7500,24.4800,met1,410.5500,24.4800,6.755e-07
met1,396.7500,24.4800,met2,398.1200,24.4800,1.783e-06
met1,396.7500,29.9200,met1,402.5000,29.9200,4.454e-06
met1,396.7500,29.9200,met2,398.1200,29.9200,6.243e-06
met1,396.7500,40.8000,met1,398.5900,40.8000,2.221e-06
met1,396.7500,40.8000,met2,398.1200,40.8000,4.879e-06
met1,396.7500,51.6800,met1,401.3500,51.6800,7.550e-07
met1,396.7500,51.6800,met2,398.1200,51.6800,2.381e-06
met1,396.7500,57.1200,met1,404.8000,57.1200,4.190e-06
met1,396.7500,57.1200,met2,398.1200,57.1200,6.299e-06
met1,396.7500,62.5600,met1,400.8900,62.5600,1.947e-06
met1,396.7500,62.5600,met2,398.1200,62.5600,3.799e-06
met1,396.7500,68.0000,met1,402.5000,68.0000,3.483e-06
met1,396.7500,68.0000,met2,398.1200,68.0000,4.731e-06
met1,396.7500,73.4400,met1,400.2000,73.4400,4.595e-06
met1,396.7500,73.4400,met2,398.1200,73.4400,7.216e-06
met1,396.7500,78.8800,met1,399.7400,78.8800,2.249e-06
met1,396.7500,78.8800,met2,398.1200,78.8800,3.823e-06
met1,396.7500,84.3200,met1,398.5900,84.3200,3.377e-06
met1,396.7500,84.3200,met2,398.1200,84.3200,6.997e-06
met1,396.7500,89.7600,met1,410.5500,89.7600,1.434e-06
met1,396.7500,89.7600,met2,398.1200,89.7600,2.746e-06
met1,396.7500,95.2000,met1,403.1900,95.2000,1.272e-06
met1,396.7500,95.2000,met2,398.1200,95.2000,4.532e-06
met1,396.7500,100.6400,met1,403.8800,100.6400,3.812e-06
met1,396.7500,100.6400,met2,398.1200,100.6400,6.650e-06
met1,396.7500,106.0800,met1,399.9700,106.0800,1.921e-06
met1,396.7500,106.0800,met2,398.1200,106.0800,3.164e-06
met1,396.7500,111.5200,met1,399.5100,111.5200,3.481e-06
met1,396.7500,111.5200,met2,398.1200,111.5200,4.033e-06
met1,396.7500,116.9600,met1,409.1700,116.9600,2.570e-06
met1,396.7500,116.9600,met2,398.1200,116.9600,6.235e-06
met1,396.7500,122.4000,met1,400.2000,122.4000,2.148e-06
met1,396.7500,122.4000,met2,398.1200,122.4000,3.698e-06
met1,396.7500,127.8400,met1,399.7400,127.8400,3.875e-06
met1,396.7500,127.8400,met2,398.1200,127.8400,4.858e-06
met1,396.7500,138.7200,met1,403.6500,138.7200,5.405e-06
met1,396.7500,138.7200,met2,398.1200,138.7200,5.153e-06
met1,396.7500,149.6000,met1,399.5100,149.6000,2.506e-06
met1,396.7500,149.6000,met2,398.1200,149.6000,4.002e-06
met1,396.7500,165.9200,met1,402.5000,165.9200,5.905e-06
met1,396.7500,165.9200,met2,398.1200,165.9200,6.956e-06
met1,396.7500,171.3600,met1,410.5500,171.3600,1.729e-06
met1,396.7500,171.3600,met2,398.1200,171.3600,3.149e-06
met1,396.7500,176.8000,met1,401.3500,176.8000,3.688e-06
met1,396.7500,176.8000,met2,398.1200,176.8000,5.547e-06
met1,396.7500,182.2400,met1,404.8000,182.2400,5.826e-06
met1,396.7500,182.2400,met2,398.1200,182.2400,5.309e-06
met1,396.7500,193.1200,met1,402.9600,193.1200,6.328e-06
met1,396.7500,193.1200,met2,398.1200,193.1200,6.418e-06
met1,396.7500,198.5600,met1,408.0200,198.5600,4.757e-06
met1,396.7500,198.5600,met2,398.1200,198.5600,3.746e-06
met1,396.7500,204.0000,met1,402.7300,204.0000,4.303e-06
met1,396.7500,204.0000,met2,398.1200,204.0000,5.950e-06
met1,396.7500,209.4400,met1,401.8100,209.4400,4.886e-06
met1,396.7500,209.4400,met2,398.1200,209.4400,6.271e-06
met1,396.7500,214.8800,met1,410.5500,214.8800,3.098e-06
met1,396.7500,214.8800,met2,398.1200,214.8800,2.000e-06
met1,396.7500,220.3200,met1,402.5000,220.3200,5.778e-06
met1,396.7500,220.3200,met2,398.1200,220.3200,8.270e-06
met1,396.7500,225.7600,met1,406.8700,225.7600,3.083e-06
met1,396.7500,225.7600,met2,398.1200,225.7600,2.305e-06
met1,396.7500,231.2000,met1,398.5900,231.2000,3.127e-06
met1,396.7500,231.2000,met2,398.1200,231.2000,3.811e-06
met1,396.7500,236.6400,met1,398.8200,236.6400,3.780e-06
met1,396.7500,236.6400,met2,398.1200,236.6400,2.078e-06
met1,396.7500,242.0800,met1,410.5500,242.0800,1.967e-06
met1,396.7500,242.0800,met2,398.1200,242.0800,2.424e-07
met1,396.7500,247.5200,met1,400.4300,247.5200,2.913e-06
met1,396.7500,247.5200,met2,398.1200,247.5200,2.710e-06
met1,396.7500,252.9600,met1,401.8100,252.9600,2.299e-06
met1,396.7500,252.9600,met2,398.1200,252.9600,1.055e-06
met1,396.7500,258.4000,met1,409.4000,258.4000,3.331e-06
met1,396.7500,258.4000,met2,398.1200,258.4000,2.147e-06
met1,396.7500,263.8400,met1,399.0500,263.8400,1.071e-06
met1,396.7500,263.8400,met2,398.1200,263.8400,1.179e-06
met1,396.7500,269.2800,met1,398.5900,269.2800,1.751e-06
met1,396.7500,269.2800,met2,398.1200,269.2800,1.432e-06
met1,396.7500,274.7200,met1,398.8200,274.7200,1.853e-06
met1,396.7500,274.7200,met2,398.1200,274.7200,1.754e-06
met1,396.7500,285.6000,met1,400.8900,285.6000,1.892e-06
met1,396.7500,285.6000,met2,398.1200,285.6000,2.575e-06
met1,396.7500,291.0400,met1,398.8200,291.0400,1.108e-06
met1,396.7500,291.0400,met2,398.1200,291.0400,1.467e-06
met1,396.7500,296.4800,met1,405.0300,296.4800,9.331e-07
met1,396.7500,296.4800,met2,398.1200,296.4800,2.383e-07
met1,396.7500,301.9200,met1,398.5900,301.9200,1.683e-06
met1,396.7500,301.9200,met2,398.1200,301.9200,2.574e-06
met1,396.7500,307.3600,met1,399.0500,307.3600,1.298e-06
met1,396.7500,307.3600,met2,398.1200,307.3600,2.920e-07
met1,396.7500,318.2400,met1,398.8200,318.2400,2.176e-06
met1,396.7500,318.2400,met2,398.1200,318.2400,1.555e-06
met1,396.7500,323.6800,met1,403.8800,323.6800,2.265e-07
met1,396.7500,323.6800,met2,398.1200,323.6800,1.299e-06
met1,396.7500,334.5600,met1,402.7300,334.5600,3.810e-07
met1,396.7500,334.5600,met2,398.1200,334.5600,4.843e-07
met1,396.7500,340.0000,met1,399.5100,340.0000,2.513e-06
met1,396.7500,340.0000,met2,398.1200,340.0000,1.685e-06
met1,396.7500,345.4400,met1,399.5100,345.4400,1.654e-06
met1,396.7500,345.4400,met2,398.1200,345.4400,1.365e-06
met1,396.7500,350.8800,met1,398.5900,350.8800,1.482e-06
met1,396.7500,350.8800,met2,398.1200,350.8800,7.347e-07
met1,396.7500,356.3200,met1,399.9700,356.3200,1.828e-06
met1,396.7500,356.3200,met2,398.1200,356.3200,2.334e-06
met1,396.7500,361.7600,met1,401.3500,361.7600,9.552e-07
met1,396.7500,361.7600,met2,398.1200,361.7600,7.685e-08
met1,396.7500,367.2000,met1,404.1100,367.2000,2.382e-06
met1,396.7500,367.2000,met2,398.1200,367.2000,1.457e-06
met1,396.7500,372.6400,met1,404.5700,372.6400,8.218e-07
met1,396.7500,372.6400,met2,398.1200,372.6400,6.888e-07
met1,396.7500,378.0800,met1,401.3500,378.0800,7.339e-07
met1,396.7500,378.0800,met2,398.1200,378.0800,9.108e-07
met1,396.7500,383.5200,met1,399.9700,383.5200,2.316e-06
met1,396.7500,383.5200,met2,398.1200,383.5200,2.192e-06
met1,396.7500,388.9600,met1,404.5700,388.9600,4.082e-07
met1,396.7500,388.9600,met2,398.1200,388.9600,8.357e-07
met1,396.7500,394.4000,met1,403.6500,394.4000,1.273e-06
met1,396.7500,394.4000,met2,398.1200,394.4000,1.463e-06
met1,396.7500,405.2800,met1,402.7300,405.2800,2.453e-07
met1,396.7500,405.2800,met2,398.1200,405.2800,1.169e-06
met1,396.7500,410.7200,met1,403.4200,410.7200,7.515e-07
met1,396.7500,410.7200,met2,398.1200,410.7200,1.433e-06
met1,396.7500,416.1600,met1,401.3500,416.1600,1.885e-06
met1,396.7500,416.1600,met2,398.1200,416.1600,2.067e-06
met1,396.7500,421.6000,met1,400.8900,421.6000,1.093e-06
met1,396.7500,421.6000,met2,398.1200,421.6000,5.814e-07
met1,396.7500,432.4800,met1,399.2800,432.4800,1.203e-06
met1,396.7500,432.4800,met2,398.1200,432.4800,1.778e-06
met1,396.7500,437.9200,met1,400.6600,437.9200,7.985e-07
met1,396.7500,437.9200,met2,398.1200,437.9200,1.262e-06
met1,396.7500,443.3600,met1,399.2800,443.3600,1.258e-06
met1,396.7500,443.3600,met2,398.1200,443.3600,2.120e-06
met1,396.7500,448.8000,met1,404.8000,448.8000,2.219e-06
met1,396.7500,448.8000,met2,398.1200,448.8000,1.899e-06
met1,397.4400,160.4800,met1,410.5500,160.4800,1.319e-06
met1,397.4400,160.4800,met2,398.1200,160.4800,2.593e-06
met1,397.9000,329.1200,met1,400.4300,329.1200,2.620e-06
met1,397.9000,329.1200,met2,398.1200,329.1200,2.466e-06
met1,397.9000,427.0400,met1,400.8900,427.0400,1.149e-06
met1,397.9000,427.0400,met2,398.1200,427.0400,2.302e-06
met1,398.1200,35.3600,met1,407.3300,35.3600,2.425e-06
met1,398.1200,35.3600,met2,398.1200,35.3600,5.024e-06
met1,398.1200,46.2400,met1,402.9600,46.2400,4.271e-06
met1,398.1200,46.2400,met2,398.1200,46.2400,5.315e-06
met1,398.1200,133.2800,met1,401.3500,133.2800,1.379e-06
met1,398.1200,133.2800,met2,398.1200,133.2800,4.370e-06
met1,398.1200,144.1600,met1,403.4200,144.1600,1.570e-06
met1,398.1200,144.1600,met2,398.1200,144.1600,4.990e-06
met1,398.1200,187.6800,met1,405.9500,187.6800,3.801e-06
met1,398.1200,187.6800,met2,398.1200,187.6800,4.469e-06
met1,398.1200,280.1600,met1,410.5500,280.1600,9.263e-07
met1,398.1200,280.1600,met2,398.1200,280.1600,3.122e-07
met1,398.1200,312.8000,met1,400.6600,312.8000,1.884e-06
met1,398.1200,312.8000,met2,398.1200,312.8000,1.428e-06
met1,398.1200,399.8400,met1,402.5000,399.8400,1.593e-06
met1,398.1200,399.8400,met2,398.1200,399.8400,1.670e-06
met1,398.5900,40.8000,met1,410.5500,40.8000,1.953e-06
met1,398.5900,84.3200,met1,402.7300,84.3200,2.879e-06
met1,398.5900,231.2000,met1,409.6300,231.2000,3.120e-06
met1,398.5900,269.2800,met1,407.7900,269.2800,1.673e-06
met1,398.5900,301.9200,met1,405.9500,301.9200,1.651e-06
met1,398.5900,350.8800,met1,401.5800,350.8800,1.347e-06
met1,398.8200,155.0400,met1,405.7200,155.0400,4.337e-06
met1,398.8200,236.6400,met1,402.7300,236.6400,3.778e-06
met1,398.8200,274.7200,met1,400.8900,274.7200,1.796e-06
met1,398.8200,291.0400,met1,401.3500,291.0400,1.107e-06
met1,398.8200,318.2400,met1,400.6600,318.2400,2.173e-06
met1,399.0500,263.8400,met1,407.7900,263.8400,8.879e-07
met1,399.0500,307.3600,met1,407.3300,307.3600,1.146e-06
met1,399.2800,432.4800,met1,410.5500,432.4800,1.185e-06
met1,399.2800,443.3600,met1,403.1900,443.3600,1.542e-08
met1,399.5100,111.5200,met1,406.1800,111.5200,3.464e-06
met1,399.5100,149.6000,met1,410.0900,149.6000,2.238e-06
met1,399.5100,340.0000,met1,403.8800,340.0000,2.439e-06
met1,399.5100,345.4400,met1,402.7300,345.4400,1.541e-06
met1,399.7400,78.8800,met1,410.5500,78.8800,1.951e-06
met1,399.7400,127.8400,met1,405.0300,127.8400,3.577e-06
met1,399.9700,106.0800,met1,408.2500,106.0800,1.653e-06
met1,399.9700,356.3200,met1,402.2700,356.3200,1.600e-06
met1,399.9700,383.5200,met1,402.2700,383.5200,2.196e-06
met1,400.2000,73.4400,met1,407.7900,73.4400,1.958e-06
met1,400.2000,122.4000,met1,402.5000,122.4000,1.650e-06
met1,400.4300,247.5200,met1,402.2700,247.5200,2.912e-06
met1,400.4300,329.1200,met1,402.2700,329.1200,2.617e-06
met1,400.6600,312.8000,met1,402.5000,312.8000,1.883e-06
met1,400.6600,318.2400,met1,403.4200,318.2400,2.126e-06
met1,400.6600,437.9200,met1,404.3400,437.9200,7.907e-07
met1,400.8900,62.5600,met1,402.9600,62.5600,1.679e-06
met1,400.8900,274.7200,met1,406.1800,274.7200,1.662e-06
met1,400.8900,285.6000,met1,402.7300,285.6000,1.814e-06
met1,400.8900,421.6000,met1,403.8800,421.6000,9.505e-07
met1,400.8900,427.0400,met1,405.2600,427.0400,1.015e-06
met1,401.1200,19.0400,met1,408.9400,19.0400,3.091e-06
met1,401.3500,51.6800,met1,408.4800,51.6800,7.380e-07
met1,401.3500,133.2800,met1,410.5500,133.2800,1.362e-06
met1,401.3500,176.8000,met1,403.8800,176.8000,3.671e-06
met1,401.3500,291.0400,met1,404.5700,291.0400,1.105e-06
met1,401.3500,361.7600,met1,404.1100,361.7600,7.263e-07
met1,401.3500,378.0800,met1,403.6500,378.0800,6.585e-07
met1,401.3500,416.1600,met1,410.5500,416.1600,1.647e-06
met1,401.5800,350.8800,met1,403.6500,350.8800,1.343e-06
met1,401.8100,209.4400,met1,409.1700,209.4400,4.618e-06
met1,401.8100,252.9600,met1,404.8000,252.9600,2.291e-06
met1,402.2700,247.5200,met1,405.2600,247.5200,2.909e-06
met1,402.2700,329.1200,met1,405.7200,329.1200,2.615e-06
met1,402.2700,356.3200,met1,405.0300,356.3200,1.375e-06
met1,402.2700,383.5200,met1,405.0300,383.5200,1.947e-06
met1,402.5000,29.9200,met1,406.8700,29.9200,2.305e-06
met1,402.5000,68.0000,met1,409.1700,68.0000,2.069e-06
met1,402.5000,122.4000,met1,410.5500,122.4000,2.360e-07
met1,402.5000,165.9200,met1,406.6400,165.9200,4.485e-06
met1,402.5000,220.3200,met1,406.8700,220.3200,4.364e-06
met1,402.5000,312.8000,met1,407.3300,312.8000,1.881e-06
met1,402.5000,399.8400,met1,404.5700,399.8400,1.454e-06
met1,402.7300,84.3200,met1,407.5600,84.3200,2.862e-06
met1,402.7300,204.0000,met1,406.6400,204.0000,4.286e-06
met1,402.7300,236.6400,met1,405.4900,236.6400,3.775e-06
met1,402.7300,285.6000,met1,404.8000,285.6000,1.810e-06
met1,402.7300,334.5600,met1,406.6400,334.5600,3.757e-07
met1,402.7300,345.4400,met1,406.6400,345.4400,1.427e-06
met1,402.7300,405.2800,met1,405.7200,405.2800,1.441e-07
met1,402.9600,13.6000,met1,407.7900,13.6000,7.945e-07
met1,402.9600,46.2400,met1,408.2500,46.2400,2.129e-06
met1,402.9600,62.5600,met1,410.5500,62.5600,2.577e-07
met1,402.9600,193.1200,met1,410.5500,193.1200,4.907e-06
met1,403.1900,95.2000,met1,409.8600,95.2000,1.255e-06
met1,403.1900,443.3600,met1,409.6300,443.3600,1.890e-08
met1,403.4200,144.1600,met1,410.5500,144.1600,1.560e-07
met1,403.4200,318.2400,met1,407.5600,318.2400,1.005e-06
met1,403.4200,410.7200,met1,405.9500,410.7200,6.225e-07
met1,403.6500,138.7200,met1,410.3200,138.7200,3.240e-06
met1,403.6500,350.8800,met1,410.5500,350.8800,1.342e-06
met1,403.6500,378.0800,met1,405.7200,378.0800,5.866e-07
met1,403.6500,394.4000,met1,410.5500,394.4000,1.078e-06
met1,403.8800,100.6400,met1,410.5500,100.6400,2.397e-06
met1,403.8800,176.8000,met1,410.5500,176.8000,2.257e-06
met1,403.8800,323.6800,met1,405.9500,323.6800,2.245e-07
met1,403.8800,340.0000,met1,408.2500,340.0000,1.168e-06
met1,403.8800,421.6000,met1,410.5500,421.6000,7.690e-07
met1,404.1100,361.7600,met1,405.9500,361.7600,4.629e-07
met1,404.1100,367.2000,met1,410.5500,367.2000,2.282e-06
met1,404.3400,437.9200,met1,410.5500,437.9200,7.877e-07
met1,404.5700,291.0400,met1,407.3300,291.0400,1.024e-06
met1,404.5700,372.6400,met1,407.7900,372.6400,7.148e-07
met1,404.5700,388.9600,met1,406.6400,388.9600,2.957e-07
met1,404.5700,399.8400,met1,406.4100,399.8400,1.319e-06
met1,404.8000,57.1200,met1,410.5500,57.1200,2.037e-06
met1,404.8000,182.2400,met1,410.0900,182.2400,3.677e-06
met1,404.8000,252.9600,met1,410.5500,252.9600,1.171e-06
met1,404.8000,285.6000,met1,406.8700,285.6000,6.991e-07
met1,404.8000,448.8000,met1,410.5500,448.8000,9.504e-07
met1,405.0300,127.8400,met1,408.4800,127.8400,3.309e-06
met1,405.0300,296.4800,met1,409.1700,296.4800,8.961e-07
met1,405.0300,356.3200,met1,406.8700,356.3200,1.318e-06
met1,405.0300,383.5200,met1,410.5500,383.5200,1.946e-06
met1,405.2600,247.5200,met1,409.8600,247.5200,2.903e-06
met1,405.2600,427.0400,met1,408.4800,427.0400,1.009e-06
met1,405.4900,236.6400,met1,409.1700,236.6400,2.504e-06
met1,405.7200,155.0400,met1,409.1700,155.0400,2.189e-06
met1,405.7200,329.1200,met1,407.5600,329.1200,1.494e-06
met1,405.7200,378.0800,met1,407.7900,378.0800,4.753e-07
met1,405.7200,405.2800,met1,410.5500,405.2800,6.434e-08
met1,405.9500,187.6800,met1,410.5500,187.6800,3.784e-06
met1,405.9500,301.9200,met1,408.7100,301.9200,1.521e-06
met1,405.9500,323.6800,met1,410.5500,323.6800,2.213e-07
met1,405.9500,361.7600,met1,410.5500,361.7600,3.836e-07
met1,405.9500,410.7200,met1,408.2500,410.7200,5.243e-07
met1,406.1800,111.5200,met1,410.5500,111.5200,1.315e-06
met1,406.1800,274.7200,met1,410.5500,274.7200,1.661e-06
met1,406.4100,399.8400,met1,408.9400,399.8400,1.207e-06
met1,406.6400,165.9200,met1,409.1700,165.9200,3.071e-06
met1,406.6400,204.0000,met1,410.5500,204.0000,2.872e-06
met1,406.6400,334.5600,met1,410.5500,334.5600,3.706e-07
met1,406.6400,345.4400,met1,410.5500,345.4400,1.537e-07
met1,406.6400,388.9600,met1,410.5500,388.9600,1.329e-07
met1,406.8700,29.9200,met1,410.5500,29.9200,2.288e-06
met1,406.8700,220.3200,met1,409.1700,220.3200,4.347e-06
met1,406.8700,225.7600,met1,410.5500,225.7600,3.075e-06
met1,406.8700,285.6000,met1,410.5500,285.6000,6.424e-07
met1,406.8700,356.3200,met1,410.5500,356.3200,1.210e-06
met1,407.3300,35.3600,met1,410.3200,35.3600,2.157e-06
met1,407.3300,291.0400,met1,410.5500,291.0400,9.591e-07
met1,407.3300,307.3600,met1,410.5500,307.3600,1.145e-06
met1,407.3300,312.8000,met1,409.6300,312.8000,1.728e-06
met1,407.5600,84.3200,met1,410.5500,84.3200,6.957e-07
met1,407.5600,318.2400,met1,410.5500,318.2400,9.865e-07
met1,407.5600,329.1200,met1,410.5500,329.1200,1.447e-06
met1,407.7900,13.6000,met1,409.6300,13.6000,5.262e-07
met1,407.7900,73.4400,met1,410.5500,73.4400,2.754e-07
met1,407.7900,263.8400,met1,409.6300,263.8400,8.865e-07
met1,407.7900,269.2800,met1,410.5500,269.2800,3.979e-07
met1,407.7900,372.6400,met1,410.5500,372.6400,5.511e-07
met1,407.7900,378.0800,met1,410.5500,378.0800,4.183e-07
met1,408.0200,198.5600,met1,410.5500,198.5600,2.608e-06
met1,408.2500,46.2400,met1,410.5500,46.2400,1.861e-06
met1,408.2500,106.0800,met1,410.5500,106.0800,1.385e-06
met1,408.2500,340.0000,met1,410.5500,340.0000,1.168e-06
met1,408.2500,410.7200,met1,410.5500,410.7200,4.181e-07
met1,408.4800,51.6800,met1,410.5500,51.6800,2.402e-07
met1,408.4800,127.8400,met1,410.5500,127.8400,1.895e-06
met1,408.4800,427.0400,met1,410.5500,427.0400,1.008e-06
met1,408.7100,301.9200,met1,410.5500,301.9200,1.401e-06
met1,408.9400,19.0400,met1,412.1600,19.0400,2.592e-06
met1,408.9400,399.8400,met1,412.6200,399.8400,1.205e-06
met1,409.1700,68.0000,met1,411.4700,68.0000,2.052e-06
met1,409.1700,116.9600,met1,411.9300,116.9600,2.553e-06
met1,409.1700,155.0400,met1,413.0800,155.0400,2.172e-06
met1,409.1700,165.9200,met1,417.2200,165.9200,3.054e-06
met1,409.1700,209.4400,met1,414.6900,209.4400,4.601e-06
met1,409.1700,220.3200,met1,413.5400,220.3200,4.330e-06
met1,409.1700,236.6400,met1,412.8500,236.6400,2.503e-06
met1,409.1700,296.4800,met1,411.7000,296.4800,7.397e-07
met1,409.4000,258.4000,met1,418.6000,258.4000,2.221e-06
met1,409.6300,13.6000,met1,418.8300,13.6000,5.093e-07
met1,409.6300,231.2000,met1,411.4700,231.2000,2.003e-06
met1,409.6300,263.8400,met1,412.1600,263.8400,8.791e-07
met1,409.6300,312.8000,met1,412.3900,312.8000,1.675e-06
met1,409.6300,443.3600,met1,411.9300,443.3600,2.007e-08
met1,409.8600,95.2000,met1,419.2900,95.2000,8.846e-07
met1,409.8600,247.5200,met1,415.1500,247.5200,2.902e-06
met1,410.0900,149.6000,met1,416.3000,149.6000,1.969e-06
met1,410.0900,182.2400,met1,414.4600,182.2400,3.660e-06
met1,410.3200,35.3600,met1,412.1600,35.3600,7.398e-07
met1,410.3200,138.7200,met1,417.2200,138.7200,1.102e-06
met1,410.5500,24.4800,met1,419.7500,24.4800,6.755e-07
met1,410.5500,29.9200,met1,413.5400,29.9200,2.288e-06
met1,410.5500,40.8000,met1,416.9900,40.8000,1.953e-06
met1,410.5500,46.2400,met1,414.0000,46.2400,1.861e-06
met1,410.5500,51.6800,met1,412.8500,51.6800,2.402e-07
met1,410.5500,57.1200,met1,412.6200,57.1200,2.037e-06
met1,410.5500,62.5600,met1,416.0700,62.5600,2.577e-07
met1,410.5500,73.4400,met1,416.3000,73.4400,2.754e-07
met1,410.5500,78.8800,met1,413.0800,78.8800,1.951e-06
met1,410.5500,84.3200,met1,414.9200,84.3200,6.957e-07
met1,410.5500,89.7600,met1,417.6800,89.7600,1.434e-06
met1,410.5500,100.6400,met1,415.6100,100.6400,1.897e-06
met1,410.5500,106.0800,met1,424.3500,106.0800,3.162e-08
met1,410.5500,111.5200,met1,415.6100,111.5200,1.315e-06
met1,410.5500,122.4000,met1,421.3600,122.4000,2.360e-07
met1,410.5500,127.8400,met1,415.1500,127.8400,1.895e-06
met1,410.5500,133.2800,met1,413.0800,133.2800,1.362e-06
met1,410.5500,144.1600,met1,424.3500,144.1600,1.560e-07
met1,410.5500,160.4800,met1,420.9000,160.4800,1.302e-06
met1,410.5500,171.3600,met1,424.3500,171.3600,1.729e-06
met1,410.5500,176.8000,met1,412.8500,176.8000,2.257e-06
met1,410.5500,187.6800,met1,412.6200,187.6800,3.784e-06
met1,410.5500,193.1200,met1,414.9200,193.1200,2.738e-06
met1,410.5500,198.5600,met1,424.3500,198.5600,2.608e-06
met1,410.5500,204.0000,met1,418.6000,204.0000,2.872e-06
met1,410.5500,214.8800,met1,419.0600,214.8800,3.098e-06
met1,410.5500,225.7600,met1,423.2000,225.7600,3.075e-06
met1,410.5500,242.0800,met1,417.9100,242.0800,1.967e-06
met1,410.5500,252.9600,met1,424.3500,252.9600,1.137e-06
met1,410.5500,269.2800,met1,419.5200,269.2800,3.967e-07
met1,410.5500,274.7200,met1,416.3000,274.7200,1.661e-06
met1,410.5500,280.1600,met1,412.8500,280.1600,9.263e-07
met1,410.5500,285.6000,met1,412.8500,285.6000,6.424e-07
met1,410.5500,291.0400,met1,414.4600,291.0400,9.591e-07
met1,410.5500,301.9200,met1,416.3000,301.9200,1.401e-06
met1,410.5500,307.3600,met1,421.3600,307.3600,1.145e-06
met1,410.5500,318.2400,met1,418.6000,318.2400,9.865e-07
met1,410.5500,323.6800,met1,422.0500,323.6800,2.213e-07
met1,410.5500,329.1200,met1,418.3700,329.1200,1.447e-06
met1,410.5500,334.5600,met1,417.9100,334.5600,3.706e-07
met1,410.5500,340.0000,met1,412.6200,340.0000,1.167e-06
met1,410.5500,345.4400,met1,417.2200,345.4400,1.525e-07
met1,410.5500,350.8800,met1,416.9900,350.8800,1.342e-06
met1,410.5500,356.3200,met1,412.6200,356.3200,1.210e-06
met1,410.5500,361.7600,met1,418.8300,361.7600,3.836e-07
met1,410.5500,367.2000,met1,416.3000,367.2000,1.012e-06
met1,410.5500,372.6400,met1,412.3900,372.6400,5.511e-07
met1,410.5500,378.0800,met1,416.3000,378.0800,4.183e-07
met1,410.5500,383.5200,met1,414.2300,383.5200,6.723e-07
met1,410.5500,388.9600,met1,417.4500,388.9600,1.329e-07
met1,410.5500,394.4000,met1,412.8500,394.4000,1.078e-06
met1,410.5500,405.2800,met1,415.6100,405.2800,6.434e-08
met1,410.5500,410.7200,met1,415.1500,410.7200,4.181e-07
met1,410.5500,416.1600,met1,413.3100,416.1600,1.645e-06
met1,410.5500,421.6000,met1,424.3500,421.6000,7.690e-07
met1,410.5500,427.0400,met1,415.3800,427.0400,2.644e-07
met1,410.5500,432.4800,met1,413.7700,432.4800,1.185e-06
met1,410.5500,437.9200,met1,416.3000,437.9200,3.323e-07
met1,410.5500,448.8000,met1,420.4400,448.8000,9.504e-07
met1,411.4700,68.0000,met1,416.3000,68.0000,2.035e-06
met1,411.4700,231.2000,met1,422.0500,231.2000,1.998e-06
met1,411.7000,296.4800,met1,421.5900,296.4800,7.385e-07
met1,411.9300,116.9600,met1,415.8400,116.9600,2.536e-06
met1,411.9300,443.3600,met1,414.6900,443.3600,2.497e-08
met1,412.1600,19.0400,met1,416.3000,19.0400,1.175e-06
met1,412.1600,35.3600,met1,416.0700,35.3600,2.412e-07
met1,412.1600,263.8400,met1,422.5100,263.8400,8.791e-07
met1,412.3900,312.8000,met1,416.7600,312.8000,1.670e-06
met1,412.3900,372.6400,met1,416.0700,372.6400,5.488e-07
met1,412.6200,57.1200,met1,421.3600,57.1200,3.546e-07
met1,412.6200,187.6800,met1,424.3500,187.6800,1.644e-06
met1,412.6200,340.0000,met1,414.6900,340.0000,1.165e-06
met1,412.6200,356.3200,met1,415.1500,356.3200,1.208e-06
met1,412.6200,399.8400,met1,424.3500,399.8400,6.691e-08
met1,412.8500,51.6800,met1,424.3500,51.6800,2.232e-07
met1,412.8500,176.8000,met1,416.7600,176.8000,1.989e-06
met1,412.8500,236.6400,met1,415.3800,236.6400,2.495e-06
met1,412.8500,280.1600,met1,416.3000,280.1600,9.253e-07
met1,412.8500,285.6000,met1,414.6900,285.6000,6.413e-07
met1,412.8500,394.4000,met1,416.0700,394.4000,1.076e-06
met1,413.0800,78.8800,met1,424.1200,78.8800,1.888e-07
met1,413.0800,133.2800,met1,424.1200,133.2800,5.943e-07
met1,413.0800,155.0400,met1,416.3000,155.0400,1.672e-06
met1,413.3100,416.1600,met1,415.8400,416.1600,1.643e-06
met1,413.5400,29.9200,met1,421.3600,29.9200,1.378e-07
met1,413.5400,220.3200,met1,416.3000,220.3200,2.190e-06
met1,413.7700,432.4800,met1,416.0700,432.4800,1.176e-06
met1,414.0000,46.2400,met1,424.3500,46.2400,4.462e-07
met1,414.2300,383.5200,met1,416.5300,383.5200,6.673e-07
met1,414.4600,182.2400,met1,416.3000,182.2400,3.161e-06
met1,414.4600,291.0400,met1,416.3000,291.0400,9.571e-07
met1,414.6900,209.4400,met1,418.1400,209.4400,2.194e-06
met1,414.6900,285.6000,met1,416.9900,285.6000,6.388e-07
met1,414.6900,340.0000,met1,417.6800,340.0000,1.161e-06
met1,414.6900,443.3600,met1,416.5300,443.3600,2.862e-08
met1,414.9200,84.3200,met1,421.1300,84.3200,7.323e-08
met1,414.9200,193.1200,met1,420.2100,193.1200,2.240e-06
met1,415.1500,127.8400,met1,417.6800,127.8400,1.878e-06
met1,415.1500,247.5200,met1,417.2200,247.5200,2.900e-06
met1,415.1500,356.3200,met1,418.3700,356.3200,6.546e-08
met1,415.1500,410.7200,met1,418.6000,410.7200,4.053e-07
met1,415.3800,236.6400,met1,422.0500,236.6400,2.491e-06
met1,415.3800,427.0400,met1,424.3500,427.0400,2.701e-07
met1,415.6100,100.6400,met1,418.6000,100.6400,1.628e-06
met1,415.6100,111.5200,met1,421.8200,111.5200,1.298e-06
met1,415.6100,405.2800,met1,420.9000,405.2800,6.011e-08
met1,415.8400,116.9600,met1,418.6000,116.9600,3.952e-07
met1,415.8400,416.1600,met1,418.6000,416.1600,3.725e-07
met1,416.0700,35.3600,met1,424.3500,35.3600,2.707e-08
met1,416.0700,62.5600,met1,422.0500,62.5600,2.407e-07
met1,416.0700,372.6400,met1,417.9100,372.6400,5.477e-07
met1,416.0700,394.4000,met1,417.9100,394.4000,1.074e-06
met1,416.0700,432.4800,met1,418.1400,432.4800,1.172e-06
met1,416.3000,19.0400,met1,424.3500,19.0400,9.746e-07
met1,416.3000,68.0000,met1,422.7400,68.0000,1.068e-07
met1,416.3000,73.4400,met1,423.8900,73.4400,1.878e-06
met1,416.3000,149.6000,met1,419.7500,149.6000,5.537e-07
met1,416.3000,155.0400,met1,424.3500,155.0400,4.660e-07
met1,416.3000,182.2400,met1,422.0500,182.2400,1.022e-06
met1,416.3000,220.3200,met1,421.5900,220.3200,3.774e-08
met1,416.3000,274.7200,met1,418.3700,274.7200,5.483e-07
met1,416.3000,280.1600,met1,424.3500,280.1600,9.192e-07
met1,416.3000,291.0400,met1,418.1400,291.0400,9.103e-07
met1,416.3000,301.9200,met1,420.6700,301.9200,1.276e-07
met1,416.3000,367.2000,met1,418.8300,367.2000,1.011e-06
met1,416.3000,378.0800,met1,418.8300,378.0800,4.141e-07
met1,416.3000,437.9200,met1,424.3500,437.9200,3.334e-07
met1,416.5300,383.5200,met1,419.0600,383.5200,6.627e-07
met1,416.5300,443.3600,met1,418.8300,443.3600,3.271e-08
met1,416.7600,176.8000,met1,424.3500,176.8000,5.729e-07
met1,416.7600,312.8000,met1,423.4300,312.8000,3.962e-07
met1,416.9900,40.8000,met1,423.6600,40.8000,2.057e-07
met1,416.9900,285.6000,met1,419.2900,285.6000,6.367e-07
met1,416.9900,350.8800,met1,419.0600,350.8800,1.341e-06
met1,417.2200,138.7200,met1,420.2100,138.7200,3.142e-07
met1,417.2200,165.9200,met1,424.3500,165.9200,1.239e-06
met1,417.2200,247.5200,met1,420.9000,247.5200,1.632e-06
met1,417.2200,345.4400,met1,419.2900,345.4400,1.453e-07
met1,417.4500,388.9600,met1,421.3600,388.9600,1.278e-07
met1,417.6800,89.7600,met1,424.3500,89.7600,1.714e-08
met1,417.6800,127.8400,met1,422.0500,127.8400,2.742e-07
met1,417.6800,340.0000,met1,419.9800,340.0000,1.161e-06
met1,417.9100,242.0800,met1,422.2800,242.0800,1.964e-06
met1,417.9100,334.5600,met1,424.3500,334.5600,3.664e-07
met1,417.9100,372.6400,met1,419.7500,372.6400,5.469e-07
met1,417.9100,394.4000,met1,420.4400,394.4000,1.065e-06
met1,418.1400,209.4400,met1,422.0500,209.4400,1.695e-06
met1,418.1400,291.0400,met1,419.9800,291.0400,9.079e-07
met1,418.1400,432.4800,met1,420.4400,432.4800,1.172e-06
met1,418.3700,274.7200,met1,422.7400,274.7200,5.483e-07
met1,418.3700,329.1200,met1,421.5900,329.1200,1.744e-07
met1,418.3700,356.3200,met1,420.6700,356.3200,6.705e-08
met1,418.6000,100.6400,met1,424.1200,100.6400,2.140e-07
met1,418.6000,116.9600,met1,424.3500,116.9600,1.746e-06
met1,418.6000,204.0000,met1,424.3500,204.0000,1.456e-06
met1,418.6000,258.4000,met1,424.3500,258.4000,9.465e-07
met1,418.6000,318.2400,met1,424.3500,318.2400,2.862e-07
met1,418.6000,410.7200,met1,424.3500,410.7200,4.025e-07
met1,418.6000,416.1600,met1,423.4300,416.1600,7.436e-07
met1,418.8300,13.6000,met1,422.9700,13.6000,2.411e-07
met1,418.8300,361.7600,met1,424.3500,361.7600,3.755e-07
met1,418.8300,367.2000,met1,421.3600,367.2000,1.078e-07
met1,418.8300,378.0800,met1,421.1300,378.0800,4.068e-07
met1,418.8300,443.3600,met1,424.3500,443.3600,3.501e-08
met1,419.0600,214.8800,met1,424.3500,214.8800,2.599e-06
met1,419.0600,350.8800,met1,424.3500,350.8800,2.325e-07
met1,419.0600,383.5200,met1,420.9000,383.5200,6.599e-07
met1,419.2900,95.2000,met1,424.3500,95.2000,9.016e-07
met1,419.2900,285.6000,met1,422.0500,285.6000,6.355e-07
met1,419.2900,345.4400,met1,424.3500,345.4400,1.412e-07
met1,419.5200,269.2800,met1,422.2800,269.2800,3.956e-07
met1,419.7500,24.4800,met1,424.3500,24.4800,6.585e-07
met1,419.7500,149.6000,met1,424.3500,149.6000,2.855e-07
met1,419.7500,372.6400,met1,421.5900,372.6400,5.418e-07
met1,419.9800,291.0400,met1,424.3500,291.0400,2.168e-07
met1,419.9800,340.0000,met1,424.3500,340.0000,5.176e-08
met1,420.2100,138.7200,met1,424.3500,138.7200,5.824e-07
met1,420.2100,193.1200,met1,424.3500,193.1200,5.579e-07
met1,420.4400,394.4000,met1,424.1200,394.4000,1.057e-06
met1,420.4400,432.4800,met1,424.3500,432.4800,6.228e-08
met1,420.4400,448.8000,met1,424.3500,448.8000,3.193e-07
met1,420.6700,301.9200,met1,424.3500,301.9200,1.262e-07
met1,420.6700,356.3200,met1,424.3500,356.3200,7.020e-08
met1,420.9000,160.4800,met1,424.3500,160.4800,8.040e-07
met1,420.9000,247.5200,met1,424.3500,247.5200,1.632e-06
met1,420.9000,383.5200,met1,424.3500,383.5200,4.609e-07
met1,420.9000,405.2800,met1,423.2000,405.2800,4.657e-08
met1,421.1300,84.3200,met1,424.3500,84.3200,3.415e-07
met1,421.1300,378.0800,met1,424.3500,378.0800,4.062e-07
met1,421.3600,29.9200,met1,424.3500,29.9200,1.277e-06
met1,421.3600,57.1200,met1,424.3500,57.1200,1.799e-06
met1,421.3600,122.4000,met1,424.3500,122.4000,2.620e-07
met1,421.3600,307.3600,met1,424.3500,307.3600,1.254e-07
met1,421.3600,367.2000,met1,424.3500,367.2000,1.120e-07
met1,421.3600,388.9600,met1,424.3500,388.9600,1.236e-07
met1,421.5900,220.3200,met1,423.8900,220.3200,2.305e-07
met1,421.5900,296.4800,met1,424.3500,296.4800,7.360e-07
met1,421.5900,329.1200,met1,423.6600,329.1200,1.731e-07
met1,421.5900,372.6400,met1,424.3500,372.6400,5.368e-07
met1,421.8200,111.5200,met1,424.3500,111.5200,8.542e-07
met1,422.0500,62.5600,met1,424.3500,62.5600,2.754e-08
met1,422.0500,127.8400,met1,424.3500,127.8400,5.424e-07
met1,422.0500,182.2400,met1,424.3500,182.2400,7.540e-07
met1,422.0500,209.4400,met1,424.3500,209.4400,1.426e-06
met1,422.0500,231.2000,met1,424.3500,231.2000,1.993e-06
met1,422.0500,236.6400,met1,424.3500,236.6400,2.488e-06
met1,422.0500,285.6000,met1,424.3500,285.6000,6.352e-07
met1,422.0500,323.6800,met1,424.3500,323.6800,2.173e-07
met1,422.2800,242.0800,met1,424.3500,242.0800,1.929e-06
met1,422.2800,269.2800,met1,424.3500,269.2800,3.426e-07
met1,422.5100,263.8400,met1,424.3500,263.8400,8.755e-07
met1,422.7400,68.0000,met1,427.3400,68.0000,6.047e-07
met1,422.7400,274.7200,met1,428.2600,274.7200,5.130e-07
met1,422.9700,13.6000,met1,430.1000,13.6000,2.241e-07
met1,423.2000,225.7600,met1,438.1200,225.7600,1.657e-06
met1,423.2000,405.2800,met1,425.0400,405.2800,4.528e-08
met1,423.4300,312.8000,met1,425.5000,312.8000,3.951e-07
met1,423.4300,416.1600,met1,426.1900,416.1600,7.476e-07
met1,423.6600,40.8000,met1,425.7300,40.8000,2.354e-06
met1,423.6600,329.1200,met1,426.1900,329.1200,1.707e-07
met1,423.8900,73.4400,met1,429.8700,73.4400,2.146e-06
met1,423.8900,220.3200,met1,428.9500,220.3200,4.987e-07
met1,424.1200,78.8800,met1,438.1200,78.8800,1.603e-06
met1,424.1200,100.6400,met1,426.6500,100.6400,1.928e-06
met1,424.1200,133.2800,met1,426.6500,133.2800,8.193e-07
met1,424.1200,394.4000,met1,430.7900,394.4000,5.849e-08
met1,424.3500,19.0400,met1,427.3400,19.0400,9.746e-07
met1,424.3500,24.4800,met1,433.0900,24.4800,6.585e-07
met1,424.3500,29.9200,met1,428.9500,29.9200,1.277e-06
met1,424.3500,35.3600,met1,438.1200,35.3600,2.169e-06
met1,424.3500,46.2400,met1,432.4000,46.2400,4.292e-07
met1,424.3500,51.6800,met1,430.5600,51.6800,2.232e-07
met1,424.3500,57.1200,met1,428.2600,57.1200,1.799e-06
met1,424.3500,62.5600,met1,429.6400,62.5600,2.754e-08
met1,424.3500,84.3200,met1,430.1000,84.3200,3.415e-07
met1,424.3500,89.7600,met1,426.6500,89.7600,1.714e-08
met1,424.3500,95.2000,met1,428.9500,95.2000,9.016e-07
met1,424.3500,106.0800,met1,432.4000,106.0800,3.162e-08
met1,424.3500,111.5200,met1,429.4100,111.5200,1.352e-06
met1,424.3500,116.9600,met1,431.0200,116.9600,1.746e-06
met1,424.3500,122.4000,met1,437.4600,122.4000,2.620e-07
met1,424.3500,127.8400,met1,429.4100,127.8400,5.424e-07
met1,424.3500,138.7200,met1,431.9400,138.7200,5.824e-07
met1,424.3500,144.1600,met1,426.4200,144.1600,1.560e-07
met1,424.3500,149.6000,met1,430.5600,149.6000,2.855e-07
met1,424.3500,155.0400,met1,427.3400,155.0400,4.830e-07
met1,424.3500,160.4800,met1,436.5400,160.4800,8.040e-07
met1,424.3500,165.9200,met1,426.6500,165.9200,1.507e-06
met1,424.3500,171.3600,met1,438.1200,171.3600,3.150e-07
met1,424.3500,176.8000,met1,430.7900,176.8000,5.729e-07
met1,424.3500,182.2400,met1,426.6500,182.2400,7.540e-07
met1,424.3500,187.6800,met1,436.5400,187.6800,1.644e-06
met1,424.3500,193.1200,met1,426.6500,193.1200,5.579e-07
met1,424.3500,198.5600,met1,438.1200,198.5600,1.195e-06
met1,424.3500,204.0000,met1,432.4000,204.0000,1.456e-06
met1,424.3500,209.4400,met1,427.1100,209.4400,1.426e-06
met1,424.3500,214.8800,met1,436.5400,214.8800,2.599e-06
met1,424.3500,231.2000,met1,426.4200,231.2000,1.993e-06
met1,424.3500,236.6400,met1,431.9400,236.6400,1.219e-06
met1,424.3500,242.0800,met1,429.6400,242.0800,1.929e-06
met1,424.3500,247.5200,met1,427.1100,247.5200,1.631e-06
met1,424.3500,252.9600,met1,426.8800,252.9600,1.137e-06
met1,424.3500,258.4000,met1,426.1900,258.4000,9.465e-07
met1,424.3500,263.8400,met1,429.8700,263.8400,8.755e-07
met1,424.3500,269.2800,met1,431.4800,269.2800,3.426e-07
met1,424.3500,280.1600,met1,433.0900,280.1600,9.192e-07
met1,424.3500,285.6000,met1,431.0200,285.6000,6.352e-07
met1,424.3500,291.0400,met1,429.4100,291.0400,2.168e-07
met1,424.3500,296.4800,met1,427.1100,296.4800,7.360e-07
met1,424.3500,301.9200,met1,428.4900,301.9200,1.262e-07
met1,424.3500,307.3600,met1,427.5700,307.3600,1.262e-07
met1,424.3500,318.2400,met1,429.4100,318.2400,2.862e-07
met1,424.3500,323.6800,met1,428.7200,323.6800,2.173e-07
met1,424.3500,334.5600,met1,431.0200,334.5600,3.664e-07
met1,424.3500,340.0000,met1,429.4100,340.0000,5.176e-08
met1,424.3500,345.4400,met1,429.4100,345.4400,1.412e-07
met1,424.3500,350.8800,met1,431.4800,350.8800,2.325e-07
met1,424.3500,356.3200,met1,428.9500,356.3200,7.020e-08
met1,424.3500,361.7600,met1,429.1800,361.7600,3.755e-07
met1,424.3500,367.2000,met1,427.1100,367.2000,1.120e-07
met1,424.3500,372.6400,met1,426.8800,372.6400,5.368e-07
met1,424.3500,378.0800,met1,429.8700,378.0800,4.062e-07
met1,424.3500,383.5200,met1,428.2600,383.5200,4.609e-07
met1,424.3500,388.9600,met1,432.1700,388.9600,1.236e-07
met1,424.3500,399.8400,met1,433.7800,399.8400,6.691e-08
met1,424.3500,410.7200,met1,429.1800,410.7200,4.004e-07
met1,424.3500,421.6000,met1,427.8000,421.6000,7.690e-07
met1,424.3500,427.0400,met1,427.8000,427.0400,2.883e-07
met1,424.3500,432.4800,met1,427.1100,432.4800,6.228e-08
met1,424.3500,437.9200,met1,428.4900,437.9200,3.334e-07
met1,424.3500,443.3600,met1,426.8800,443.3600,3.501e-08
met1,424.3500,448.8000,met1,429.6400,448.8000,3.193e-07
met1,425.0400,405.2800,met1,429.4100,405.2800,9.576e-09
met1,425.5000,312.8000,met1,430.1000,312.8000,3.922e-07
met1,425.7300,40.8000,met1,430.5600,40.8000,2.371e-06
met1,426.1900,258.4000,met1,430.5600,258.4000,9.415e-07
met1,426.1900,329.1200,met1,430.1000,329.1200,1.668e-07
met1,426.1900,416.1600,met1,429.8700,416.1600,7.515e-07
met1,426.4200,144.1600,met1,438.1200,144.1600,1.258e-06
met1,426.4200,231.2000,met1,432.1700,231.2000,7.234e-07
met1,426.6500,89.7600,met1,433.5500,89.7600,1.412e-10
met1,426.6500,100.6400,met1,432.8600,100.6400,1.945e-06
met1,426.6500,133.2800,met1,430.7900,133.2800,8.363e-07
met1,426.6500,165.9200,met1,430.7900,165.9200,1.775e-06
met1,426.6500,182.2400,met1,428.7200,182.2400,7.370e-07
met1,426.6500,193.1200,met1,430.7900,193.1200,2.897e-07
met1,426.8800,252.9600,met1,432.1700,252.9600,1.134e-06
met1,426.8800,372.6400,met1,428.7200,372.6400,5.350e-07
met1,426.8800,443.3600,met1,428.7200,443.3600,3.946e-08
met1,427.1100,209.4400,met1,430.1000,209.4400,1.409e-06
met1,427.1100,247.5200,met1,429.8700,247.5200,1.629e-06
met1,427.1100,296.4800,met1,429.4100,296.4800,7.168e-07
met1,427.1100,367.2000,met1,431.4800,367.2000,1.528e-07
met1,427.1100,432.4800,met1,430.1000,432.4800,5.705e-08
met1,427.3400,19.0400,met1,434.9300,19.0400,2.406e-06
met1,427.3400,68.0000,met1,437.4600,68.0000,2.019e-06
met1,427.3400,155.0400,met1,429.4100,155.0400,1.897e-06
met1,427.5700,307.3600,met1,429.6400,307.3600,1.337e-07
met1,427.8000,421.6000,met1,438.1200,421.6000,3.408e-07
met1,427.8000,427.0400,met1,438.1200,427.0400,2.915e-07
met1,428.2600,57.1200,met1,432.6300,57.1200,2.565e-06
met1,428.2600,274.7200,met1,430.5600,274.7200,5.072e-07
met1,428.2600,383.5200,met1,431.9400,383.5200,4.960e-07
met1,428.4900,301.9200,met1,430.7900,301.9200,1.262e-07
met1,428.4900,437.9200,met1,438.1200,437.9200,3.366e-07
met1,428.7200,182.2400,met1,436.5400,182.2400,6.767e-07
met1,428.7200,323.6800,met1,438.1200,323.6800,2.094e-07
met1,428.7200,372.6400,met1,433.3200,372.6400,5.334e-07
met1,428.7200,443.3600,met1,430.5600,443.3600,8.824e-08
met1,428.9500,29.9200,met1,433.5500,29.9200,2.959e-06
met1,428.9500,95.2000,met1,432.6300,95.2000,1.170e-06
met1,428.9500,220.3200,met1,435.6200,220.3200,5.327e-07
met1,428.9500,356.3200,met1,431.7100,356.3200,7.314e-08
met1,429.1800,361.7600,met1,431.0200,361.7600,3.728e-07
met1,429.1800,410.7200,met1,438.1200,410.7200,3.979e-07
met1,429.4100,111.5200,met1,438.1200,111.5200,1.621e-06
met1,429.4100,127.8400,met1,432.6300,127.8400,2.224e-06
met1,429.4100,155.0400,met1,435.8500,155.0400,1.914e-06
met1,429.4100,291.0400,met1,434.9300,291.0400,2.202e-07
met1,429.4100,296.4800,met1,432.1700,296.4800,7.155e-07
met1,429.4100,318.2400,met1,431.9400,318.2400,2.917e-07
met1,429.4100,340.0000,met1,431.9400,340.0000,4.599e-08
met1,429.4100,345.4400,met1,432.1700,345.4400,1.391e-07
met1,429.4100,405.2800,met1,432.1700,405.2800,7.188e-09
met1,429.6400,62.5600,met1,438.1200,62.5600,1.442e-06
met1,429.6400,242.0800,met1,438.1200,242.0800,1.929e-06
met1,429.6400,307.3600,met1,432.6300,307.3600,1.419e-07
met1,429.6400,448.8000,met1,438.1200,448.8000,1.439e-06
met1,429.8700,73.4400,met1,431.7100,73.4400,2.163e-06
met1,429.8700,247.5200,met1,436.0800,247.5200,5.149e-07
met1,429.8700,263.8400,met1,432.4000,263.8400,8.722e-07
met1,429.8700,378.0800,met1,432.6300,378.0800,4.051e-07
met1,429.8700,416.1600,met1,433.7800,416.1600,7.527e-07
met1,430.1000,13.6000,met1,438.1200,13.6000,1.918e-06
met1,430.1000,84.3200,met1,432.4000,84.3200,1.756e-06
met1,430.1000,209.4400,met1,437.4600,209.4400,2.132e-08
met1,430.1000,312.8000,met1,432.4000,312.8000,7.233e-07
met1,430.1000,329.1200,met1,436.7700,329.1200,9.515e-07
met1,430.1000,432.4800,met1,434.9300,432.4800,1.214e-06
met1,430.5600,40.8000,met1,435.8500,40.8000,2.869e-06
met1,430.5600,51.6800,met1,438.1200,51.6800,7.422e-08
met1,430.5600,149.6000,met1,438.1200,149.6000,1.855e-06
met1,430.5600,258.4000,met1,432.6300,258.4000,1.748e-07
met1,430.5600,274.7200,met1,432.6300,274.7200,5.063e-07
met1,430.5600,443.3600,met1,433.0900,443.3600,8.878e-08
met1,430.7900,133.2800,met1,437.4600,133.2800,8.533e-07
met1,430.7900,165.9200,met1,437.4600,165.9200,1.809e-06
met1,430.7900,176.8000,met1,438.1200,176.8000,1.585e-06
met1,430.7900,193.1200,met1,437.4600,193.1200,2.557e-07
met1,430.7900,301.9200,met1,433.7800,301.9200,9.857e-07
met1,430.7900,394.4000,met1,433.5500,394.4000,6.213e-08
met1,431.0200,116.9600,met1,438.1200,116.9600,3.176e-06
met1,431.0200,285.6000,met1,438.1200,285.6000,6.360e-07
met1,431.0200,334.5600,met1,433.7800,334.5600,3.642e-07
met1,431.0200,361.7600,met1,438.1200,361.7600,3.658e-07
met1,431.4800,269.2800,met1,433.7800,269.2800,3.412e-07
met1,431.4800,350.8800,met1,438.1200,350.8800,1.036e-06
met1,431.4800,367.2000,met1,436.5400,367.2000,1.315e-06
met1,431.7100,73.4400,met1,436.5400,73.4400,2.180e-06
met1,431.7100,356.3200,met1,434.0100,356.3200,7.945e-08
met1,431.9400,138.7200,met1,435.8500,138.7200,2.723e-06
met1,431.9400,236.6400,met1,434.0100,236.6400,1.214e-06
met1,431.9400,318.2400,met1,437.0000,318.2400,2.946e-07
met1,431.9400,340.0000,met1,438.1200,340.0000,1.071e-06
met1,431.9400,383.5200,met1,435.8500,383.5200,4.982e-07
met1,432.1700,231.2000,met1,437.2300,231.2000,7.224e-07
met1,432.1700,252.9600,met1,438.1200,252.9600,1.131e-06
met1,432.1700,296.4800,met1,437.6900,296.4800,7.145e-07
met1,432.1700,345.4400,met1,437.2300,345.4400,1.351e-07
met1,432.1700,388.9600,met1,434.7000,388.9600,1.192e-07
met1,432.1700,405.2800,met1,438.1200,405.2800,1.624e-08
met1,432.4000,46.2400,met1,438.1200,46.2400,3.851e-06
met1,432.4000,84.3200,met1,438.1200,84.3200,3.898e-06
met1,432.4000,106.0800,met1,438.1200,106.0800,2.179e-06
met1,432.4000,204.0000,met1,438.1200,204.0000,6.848e-07
met1,432.4000,263.8400,met1,438.1200,263.8400,8.680e-07
met1,432.4000,312.8000,met1,438.1200,312.8000,7.587e-07
met1,432.6300,57.1200,met1,438.1200,57.1200,2.582e-06
met1,432.6300,95.2000,met1,438.1200,95.2000,1.187e-06
met1,432.6300,127.8400,met1,438.1200,127.8400,2.241e-06
met1,432.6300,258.4000,met1,435.1600,258.4000,1.792e-07
met1,432.6300,274.7200,met1,434.7000,274.7200,6.118e-07
met1,432.6300,307.3600,met1,438.1200,307.3600,1.431e-07
met1,432.6300,378.0800,met1,435.1600,378.0800,3.925e-07
met1,432.8600,100.6400,met1,435.1600,100.6400,3.604e-06
met1,433.0900,24.4800,met1,438.1200,24.4800,6.415e-07
met1,433.0900,280.1600,met1,438.1200,280.1600,9.187e-07
met1,433.0900,443.3600,met1,435.8500,443.3600,9.137e-08
met1,433.3200,372.6400,met1,438.1200,372.6400,5.872e-07
met1,433.5500,29.9200,met1,438.1200,29.9200,2.976e-06
met1,433.5500,89.7600,met1,438.1200,89.7600,1.685e-08
met1,433.5500,394.4000,met1,438.1200,394.4000,1.186e-06
met1,433.7800,269.2800,met1,438.1200,269.2800,3.393e-07
met1,433.7800,301.9200,met1,435.8500,301.9200,9.857e-07
met1,433.7800,334.5600,met1,436.3100,334.5600,3.597e-07
met1,433.7800,399.8400,met1,438.1200,399.8400,1.385e-06
met1,433.7800,416.1600,met1,438.1200,416.1600,2.023e-06
met1,434.0100,236.6400,met1,436.5400,236.6400,1.210e-06
met1,434.0100,356.3200,met1,435.8500,356.3200,8.055e-08
met1,434.7000,274.7200,met1,437.2300,274.7200,6.144e-07
met1,434.7000,388.9600,met1,438.1200,388.9600,1.102e-07
met1,434.9300,19.0400,met1,438.1200,19.0400,4.823e-06
met1,434.9300,291.0400,met1,438.1200,291.0400,2.230e-07
met1,434.9300,432.4800,met1,438.1200,432.4800,1.217e-06
met1,435.1600,100.6400,met1,438.1200,100.6400,4.102e-06
met1,435.1600,258.4000,met1,438.1200,258.4000,1.820e-07
met1,435.1600,378.0800,met1,438.1200,378.0800,3.899e-07
met1,435.6200,220.3200,met1,438.1200,220.3200,2.672e-06
met1,435.8500,40.8000,met1,438.1200,40.8000,3.137e-06
met1,435.8500,138.7200,met1,438.1200,138.7200,2.991e-06
met1,435.8500,155.0400,met1,438.1200,155.0400,4.329e-06
met1,435.8500,301.9200,met1,438.1200,301.9200,9.858e-07
met1,435.8500,356.3200,met1,438.1200,356.3200,8.246e-08
met1,435.8500,383.5200,met1,438.1200,383.5200,5.032e-07
met1,435.8500,443.3600,met1,437.6900,443.3600,9.294e-08
met1,436.0800,247.5200,met1,438.1200,247.5200,7.544e-07
met1,436.3100,334.5600,met1,438.1200,334.5600,3.592e-07
met1,436.5400,73.4400,met1,443.4400,73.4400,7.669e-07
met1,436.5400,73.4400,met2,438.1200,73.4400,5.096e-06
met1,436.5400,160.4800,met1,439.3000,160.4800,5.133e-07
met1,436.5400,160.4800,met2,438.1200,160.4800,1.849e-06
met1,436.5400,182.2400,met1,444.8200,182.2400,1.414e-06
met1,436.5400,182.2400,met2,438.1200,182.2400,4.736e-06
met1,436.5400,187.6800,met1,439.7600,187.6800,1.974e-06
met1,436.5400,187.6800,met2,438.1200,187.6800,2.470e-06
met1,436.5400,214.8800,met1,448.0400,214.8800,1.414e-06
met1,436.5400,214.8800,met2,438.1200,214.8800,9.531e-07
met1,436.5400,236.6400,met1,439.3000,236.6400,1.126e-06
met1,436.5400,236.6400,met2,438.1200,236.6400,3.730e-08
met1,436.5400,367.2000,met1,440.6800,367.2000,1.180e-06
met1,436.5400,367.2000,met2,438.1200,367.2000,2.513e-06
met1,436.7700,329.1200,met1,440.2200,329.1200,2.539e-06
met1,436.7700,329.1200,met2,438.1200,329.1200,3.494e-06
met1,437.0000,318.2400,met1,441.3700,318.2400,1.133e-06
met1,437.0000,318.2400,met2,438.1200,318.2400,1.474e-06
met1,437.2300,231.2000,met1,451.9500,231.2000,9.488e-14
met1,437.2300,231.2000,met2,438.1200,231.2000,3.985e-07
met1,437.2300,274.7200,met1,441.8300,274.7200,1.130e-06
met1,437.2300,274.7200,met2,438.1200,274.7200,1.745e-06
met1,437.2300,345.4400,met1,439.9900,345.4400,1.116e-06
met1,437.2300,345.4400,met2,438.1200,345.4400,9.821e-07
met1,437.4600,68.0000,met1,447.5800,68.0000,1.683e-06
met1,437.4600,68.0000,met2,438.1200,68.0000,5.843e-06
met1,437.4600,122.4000,met1,446.8900,122.4000,2.682e-07
met1,437.4600,122.4000,met2,438.1200,122.4000,2.670e-06
met1,437.4600,133.2800,met1,445.9700,133.2800,2.682e-07
met1,437.4600,133.2800,met2,438.1200,133.2800,3.269e-06
met1,437.4600,165.9200,met1,441.1400,165.9200,2.181e-06
met1,437.4600,165.9200,met2,438.1200,165.9200,6.129e-06
met1,437.4600,193.1200,met1,440.6800,193.1200,2.181e-06
met1,437.4600,193.1200,met2,438.1200,193.1200,4.064e-06
met1,437.4600,209.4400,met1,439.3000,209.4400,1.974e-06
met1,437.4600,209.4400,met2,438.1200,209.4400,4.143e-06
met1,437.6900,296.4800,met1,445.9700,296.4800,1.121e-06
met1,437.6900,296.4800,met2,438.1200,296.4800,4.253e-07
met1,437.6900,443.3600,met1,440.4500,443.3600,1.125e-06
met1,437.6900,443.3600,met2,438.1200,443.3600,1.218e-06
met1,438.1200,13.6000,met1,441.1400,13.6000,1.414e-06
met1,438.1200,13.6000,met2,438.1200,13.6000,3.332e-06
met1,438.1200,19.0400,met1,444.1300,19.0400,1.951e-06
met1,438.1200,19.0400,met2,438.1200,19.0400,7.271e-06
met1,438.1200,24.4800,met1,440.2200,24.4800,3.555e-06
met1,438.1200,24.4800,met2,438.1200,24.4800,2.914e-06
met1,438.1200,29.9200,met1,442.0600,29.9200,2.907e-06
met1,438.1200,29.9200,met2,438.1200,29.9200,6.174e-06
met1,438.1200,35.3600,met1,446.2000,35.3600,1.414e-06
met1,438.1200,35.3600,met2,438.1200,35.3600,3.583e-06
met1,438.1200,40.8000,met1,445.9700,40.8000,2.682e-07
met1,438.1200,40.8000,met2,438.1200,40.8000,3.406e-06
met1,438.1200,46.2400,met1,443.9000,46.2400,2.829e-06
met1,438.1200,46.2400,met2,438.1200,46.2400,6.680e-06
met1,438.1200,51.6800,met1,440.2200,51.6800,1.683e-06
met1,438.1200,51.6800,met2,438.1200,51.6800,2.256e-06
met1,438.1200,57.1200,met1,440.4500,57.1200,1.683e-06
met1,438.1200,57.1200,met2,438.1200,57.1200,6.404e-06
met1,438.1200,62.5600,met1,446.2000,62.5600,1.414e-06
met1,438.1200,62.5600,met2,438.1200,62.5600,2.856e-06
met1,438.1200,78.8800,met1,448.0400,78.8800,1.414e-06
met1,438.1200,78.8800,met2,438.1200,78.8800,3.315e-06
met1,438.1200,84.3200,met1,440.6800,84.3200,2.180e-06
met1,438.1200,84.3200,met2,438.1200,84.3200,6.346e-06
met1,438.1200,89.7600,met1,440.6800,89.7600,4.280e-06
met1,438.1200,89.7600,met2,438.1200,89.7600,4.297e-06
met1,438.1200,95.2000,met1,444.3600,95.2000,7.689e-07
met1,438.1200,95.2000,met2,438.1200,95.2000,1.956e-06
met1,438.1200,100.6400,met1,440.4500,100.6400,3.097e-06
met1,438.1200,100.6400,met2,438.1200,100.6400,7.199e-06
met1,438.1200,106.0800,met1,448.7300,106.0800,2.682e-07
met1,438.1200,106.0800,met2,438.1200,106.0800,2.447e-06
met1,438.1200,111.5200,met1,448.0400,111.5200,1.414e-06
met1,438.1200,111.5200,met2,438.1200,111.5200,5.173e-06
met1,438.1200,116.9600,met1,444.1300,116.9600,1.682e-06
met1,438.1200,116.9600,met2,438.1200,116.9600,4.858e-06
met1,438.1200,127.8400,met1,440.2200,127.8400,3.328e-06
met1,438.1200,127.8400,met2,438.1200,127.8400,5.868e-06
met1,438.1200,138.7200,met1,440.2200,138.7200,3.325e-06
met1,438.1200,138.7200,met2,438.1200,138.7200,6.316e-06
met1,438.1200,144.1600,met1,446.8900,144.1600,2.682e-07
met1,438.1200,144.1600,met2,438.1200,144.1600,1.526e-06
met1,438.1200,149.6000,met1,446.2000,149.6000,1.414e-06
met1,438.1200,149.6000,met2,438.1200,149.6000,3.767e-06
met1,438.1200,155.0400,met1,444.3600,155.0400,1.682e-06
met1,438.1200,155.0400,met2,438.1200,155.0400,6.011e-06
met1,438.1200,171.3600,met1,447.5800,171.3600,1.414e-06
met1,438.1200,171.3600,met2,438.1200,171.3600,1.099e-06
met1,438.1200,176.8000,met1,447.3500,176.8000,2.682e-07
met1,438.1200,176.8000,met2,438.1200,176.8000,2.121e-06
met1,438.1200,198.5600,met1,448.0400,198.5600,1.414e-06
met1,438.1200,198.5600,met2,438.1200,198.5600,2.190e-07
met1,438.1200,204.0000,met1,439.9900,204.0000,7.663e-07
met1,438.1200,204.0000,met2,438.1200,204.0000,1.451e-06
met1,438.1200,220.3200,met1,442.5200,220.3200,1.036e-06
met1,438.1200,220.3200,met2,438.1200,220.3200,3.708e-06
met1,438.1200,225.7600,met1,446.2000,225.7600,2.835e-06
met1,438.1200,225.7600,met2,438.1200,225.7600,1.178e-06
met1,438.1200,242.0800,met1,444.1300,242.0800,9.318e-09
met1,438.1200,242.0800,met2,438.1200,242.0800,1.920e-06
met1,438.1200,247.5200,met1,442.5200,247.5200,1.125e-06
met1,438.1200,247.5200,met2,438.1200,247.5200,1.880e-06
met1,438.1200,252.9600,met1,445.5100,252.9600,1.214e-08
met1,438.1200,252.9600,met2,438.1200,252.9600,1.119e-06
met1,438.1200,258.4000,met1,443.4400,258.4000,2.393e-06
met1,438.1200,258.4000,met2,438.1200,258.4000,2.622e-06
met1,438.1200,263.8400,met1,440.4500,263.8400,2.774e-08
met1,438.1200,263.8400,met2,438.1200,263.8400,8.402e-07
met1,438.1200,269.2800,met1,444.8200,269.2800,4.218e-09
met1,438.1200,269.2800,met2,438.1200,269.2800,3.351e-07
met1,438.1200,280.1600,met1,445.7400,280.1600,1.274e-06
met1,438.1200,280.1600,met2,438.1200,280.1600,3.551e-07
met1,438.1200,285.6000,met1,442.0600,285.6000,1.273e-06
met1,438.1200,285.6000,met2,438.1200,285.6000,1.909e-06
met1,438.1200,291.0400,met1,442.7500,291.0400,1.355e-08
met1,438.1200,291.0400,met2,438.1200,291.0400,2.366e-07
met1,438.1200,301.9200,met1,441.1400,301.9200,1.124e-06
met1,438.1200,301.9200,met2,438.1200,301.9200,2.157e-06
met1,438.1200,307.3600,met1,441.3700,307.3600,1.451e-08
met1,438.1200,307.3600,met2,438.1200,307.3600,1.576e-07
met1,438.1200,312.8000,met1,444.1300,312.8000,1.271e-06
met1,438.1200,312.8000,met2,438.1200,312.8000,2.032e-06
met1,438.1200,323.6800,met1,445.2800,323.6800,4.283e-09
met1,438.1200,323.6800,met2,438.1200,323.6800,2.051e-07
met1,438.1200,334.5600,met1,451.9500,334.5600,3.039e-14
met1,438.1200,334.5600,met2,438.1200,334.5600,3.592e-07
met1,438.1200,340.0000,met1,444.8200,340.0000,1.272e-06
met1,438.1200,340.0000,met2,438.1200,340.0000,2.344e-06
met1,438.1200,350.8800,met1,447.8100,350.8800,5.384e-10
met1,438.1200,350.8800,met2,438.1200,350.8800,1.037e-06
met1,438.1200,356.3200,met1,442.2900,356.3200,2.380e-06
met1,438.1200,356.3200,met2,438.1200,356.3200,2.462e-06
met1,438.1200,361.7600,met1,445.5100,361.7600,1.129e-09
met1,438.1200,361.7600,met2,438.1200,361.7600,3.647e-07
met1,438.1200,372.6400,met1,444.3600,372.6400,4.237e-09
met1,438.1200,372.6400,met2,438.1200,372.6400,5.914e-07
met1,438.1200,378.0800,met1,446.8900,378.0800,1.275e-06
met1,438.1200,378.0800,met2,438.1200,378.0800,8.849e-07
met1,438.1200,383.5200,met1,443.9000,383.5200,2.540e-06
met1,438.1200,383.5200,met2,438.1200,383.5200,3.043e-06
met1,438.1200,388.9600,met1,446.4300,388.9600,4.496e-09
met1,438.1200,388.9600,met2,438.1200,388.9600,1.057e-07
met1,438.1200,394.4000,met1,442.9800,394.4000,1.128e-06
met1,438.1200,394.4000,met2,438.1200,394.4000,2.315e-06
met1,438.1200,399.8400,met1,445.2800,399.8400,1.015e-08
met1,438.1200,399.8400,met2,438.1200,399.8400,1.395e-06
met1,438.1200,405.2800,met1,439.9900,405.2800,1.401e-08
met1,438.1200,405.2800,met2,438.1200,405.2800,3.025e-08
met1,438.1200,410.7200,met1,443.9000,410.7200,2.392e-06
met1,438.1200,410.7200,met2,438.1200,410.7200,1.994e-06
met1,438.1200,416.1600,met1,447.3500,416.1600,5.021e-09
met1,438.1200,416.1600,met2,438.1200,416.1600,2.028e-06
met1,438.1200,421.6000,met1,441.1400,421.6000,1.128e-06
met1,438.1200,421.6000,met2,438.1200,421.6000,1.471e-06
met1,438.1200,427.0400,met1,441.3700,427.0400,1.279e-06
met1,438.1200,427.0400,met2,438.1200,427.0400,1.617e-06
met1,438.1200,432.4800,met1,441.1400,432.4800,1.270e-06
met1,438.1200,432.4800,met2,438.1200,432.4800,2.488e-06
met1,438.1200,437.9200,met1,439.9900,437.9200,1.899e-08
met1,438.1200,437.9200,met2,438.1200,437.9200,3.556e-07
met1,438.1200,448.8000,met1,442.5200,448.8000,1.115e-06
met1,438.1200,448.8000,met2,438.1200,448.8000,2.554e-06
met1,439.3000,160.4800,met1,446.8900,160.4800,2.682e-07
met1,439.3000,209.4400,met1,445.7400,209.4400,1.682e-06
met1,439.3000,236.6400,met1,441.6000,236.6400,1.126e-06
met1,439.7600,187.6800,met1,446.4300,187.6800,1.682e-06
met1,439.9900,204.0000,met1,443.4400,204.0000,4.980e-07
met1,439.9900,345.4400,met1,442.2900,345.4400,1.114e-06
met1,439.9900,405.2800,met1,445.2800,405.2800,1.025e-08
met1,439.9900,437.9200,met1,442.0600,437.9200,1.552e-08
met1,440.2200,24.4800,met1,448.0400,24.4800,1.414e-06
met1,440.2200,51.6800,met1,447.8100,51.6800,2.682e-07
met1,440.2200,127.8400,met1,446.2000,127.8400,2.828e-06
met1,440.2200,138.7200,met1,444.3600,138.7200,2.827e-06
met1,440.2200,329.1200,met1,444.3600,329.1200,2.537e-06
met1,440.4500,57.1200,met1,448.0400,57.1200,1.414e-06
met1,440.4500,100.6400,met1,445.7400,100.6400,2.829e-06
met1,440.4500,263.8400,met1,445.0500,263.8400,2.263e-08
met1,440.4500,443.3600,met1,443.6700,443.3600,1.123e-06
met1,440.6800,84.3200,met1,446.2000,84.3200,1.683e-06
met1,440.6800,89.7600,met1,443.9000,89.7600,2.140e-06
met1,440.6800,193.1200,met1,447.3500,193.1200,1.682e-06
met1,440.6800,367.2000,met1,442.5200,367.2000,1.133e-06
met1,441.1400,13.6000,met1,451.9500,13.6000,1.108e-13
met1,441.1400,165.9200,met1,447.3500,165.9200,1.682e-06
met1,441.1400,301.9200,met1,443.4400,301.9200,1.122e-06
met1,441.1400,421.6000,met1,443.4400,421.6000,1.128e-06
met1,441.1400,432.4800,met1,447.3500,432.4800,2.161e-09
met1,441.3700,307.3600,met1,445.0500,307.3600,1.220e-08
met1,441.3700,318.2400,met1,445.0500,318.2400,5.888e-09
met1,441.3700,427.0400,met1,443.6700,427.0400,1.275e-06
met1,441.6000,236.6400,met1,445.5100,236.6400,1.123e-06
met1,441.8300,274.7200,met1,444.1300,274.7200,1.124e-06
met1,442.0600,29.9200,met1,445.2800,29.9200,7.669e-07
met1,442.0600,285.6000,met1,444.5900,285.6000,3.475e-09
met1,442.0600,437.9200,met1,444.1300,437.9200,1.543e-08
met1,442.2900,345.4400,met1,444.5900,345.4400,1.114e-06
met1,442.2900,356.3200,met1,448.0400,356.3200,1.109e-06
met1,442.5200,220.3200,met1,445.9700,220.3200,5.365e-07
met1,442.5200,247.5200,met1,444.3600,247.5200,1.122e-06
met1,442.5200,367.2000,met1,445.0500,367.2000,1.131e-06
met1,442.5200,448.8000,met1,447.8100,448.8000,5.017e-09
met1,442.7500,291.0400,met1,446.2000,291.0400,4.326e-09
met1,442.9800,394.4000,met1,445.0500,394.4000,1.124e-06
met1,443.4400,73.4400,met1,446.8900,73.4400,2.682e-07
met1,443.4400,204.0000,met1,451.9500,204.0000,7.928e-13
met1,443.4400,258.4000,met1,446.2000,258.4000,1.272e-06
met1,443.4400,301.9200,met1,445.7400,301.9200,1.120e-06
met1,443.4400,421.6000,met1,445.5100,421.6000,5.287e-09
met1,443.6700,427.0400,met1,446.4300,427.0400,1.275e-06
met1,443.6700,443.3600,met1,448.0400,443.3600,1.119e-06
met1,443.9000,46.2400,met1,446.2000,46.2400,1.414e-06
met1,443.9000,89.7600,met1,451.9500,89.7600,6.800e-14
met1,443.9000,383.5200,met1,446.2000,383.5200,1.270e-06
met1,443.9000,410.7200,met1,448.0400,410.7200,1.123e-06
met1,444.1300,19.0400,met1,448.0400,19.0400,1.683e-06
met1,444.1300,116.9600,met1,451.9500,116.9600,7.319e-13
met1,444.1300,242.0800,met1,446.6600,242.0800,5.055e-09
met1,444.1300,274.7200,met1,446.2000,274.7200,1.122e-06
met1,444.1300,312.8000,met1,448.0400,312.8000,1.270e-06
met1,444.1300,437.9200,met1,445.9700,437.9200,1.289e-08
met1,444.3600,95.2000,met1,447.8100,95.2000,2.682e-07
met1,444.3600,138.7200,met1,448.0400,138.7200,1.414e-06
met1,444.3600,155.0400,met1,446.8900,155.0400,2.682e-07
met1,444.3600,247.5200,met1,447.1200,247.5200,1.120e-06
met1,444.3600,329.1200,met1,448.0400,329.1200,1.270e-06
met1,444.3600,372.6400,met1,446.4300,372.6400,1.586e-09
met1,444.5900,285.6000,met1,451.9500,285.6000,1.778e-13
met1,444.5900,345.4400,met1,446.6600,345.4400,1.110e-06
met1,444.8200,182.2400,met1,451.9500,182.2400,7.032e-14
met1,444.8200,269.2800,met1,447.3500,269.2800,2.269e-09
met1,444.8200,340.0000,met1,451.9500,340.0000,7.044e-14
met1,445.0500,263.8400,met1,448.0400,263.8400,9.720e-09
met1,445.0500,307.3600,met1,447.1200,307.3600,3.129e-09
met1,445.0500,318.2400,met1,447.3500,318.2400,1.120e-09
met1,445.0500,367.2000,met1,447.3500,367.2000,5.577e-09
met1,445.0500,394.4000,met1,447.3500,394.4000,1.123e-06
met1,445.2800,29.9200,met1,449.6500,29.9200,2.682e-07
met1,445.2800,323.6800,met1,451.9500,323.6800,4.001e-14
met1,445.2800,399.8400,met1,447.1200,399.8400,7.297e-09
met1,445.2800,405.2800,met1,449.6500,405.2800,5.401e-09
met1,445.5100,236.6400,met1,448.0400,236.6400,1.116e-06
met1,445.5100,252.9600,met1,448.0400,252.9600,4.173e-09
met1,445.5100,361.7600,met1,447.5800,361.7600,8.541e-10
met1,445.5100,421.6000,met1,448.0400,421.6000,3.131e-09
met1,445.7400,100.6400,met1,448.0400,100.6400,1.414e-06
met1,445.7400,209.4400,met1,447.8100,209.4400,2.682e-07
met1,445.7400,280.1600,met1,451.9500,280.1600,4.943e-15
met1,445.7400,301.9200,met1,451.9500,301.9200,4.943e-15
met1,445.9700,40.8000,met1,451.9500,40.8000,7.585e-14
met1,445.9700,133.2800,met1,451.9500,133.2800,7.600e-14
met1,445.9700,220.3200,met1,451.9500,220.3200,7.585e-14
met1,445.9700,296.4800,met1,451.9500,296.4800,7.600e-14
met1,445.9700,437.9200,met1,447.8100,437.9200,1.104e-08
met1,446.2000,35.3600,met1,451.9500,35.3600,5.427e-14
met1,446.2000,46.2400,met1,451.9500,46.2400,5.442e-14
met1,446.2000,62.5600,met1,451.9500,62.5600,5.427e-14
met1,446.2000,84.3200,met1,451.9500,84.3200,5.427e-14
met1,446.2000,127.8400,met1,451.9500,127.8400,5.427e-14
met1,446.2000,149.6000,met1,451.9500,149.6000,5.427e-14
met1,446.2000,225.7600,met1,451.9500,225.7600,5.427e-14
met1,446.2000,258.4000,met1,451.9500,258.4000,5.427e-14
met1,446.2000,274.7200,met1,449.4200,274.7200,2.851e-09
met1,446.2000,291.0400,met1,448.2700,291.0400,1.679e-09
met1,446.2000,383.5200,met1,451.9500,383.5200,5.442e-14
met1,446.4300,187.6800,met1,451.9500,187.6800,2.101e-13
met1,446.4300,372.6400,met1,451.9500,372.6400,0.000e+00
met1,446.4300,388.9600,met1,451.9500,388.9600,2.163e-15
met1,446.4300,427.0400,met1,451.9500,427.0400,9.095e-13
met1,446.6600,242.0800,met1,451.9500,242.0800,3.859e-13
met1,446.6600,345.4400,met1,451.9500,345.4400,5.537e-13
met1,446.8900,73.4400,met1,451.9500,73.4400,1.302e-12
met1,446.8900,122.4000,met1,451.9500,122.4000,8.257e-14
met1,446.8900,144.1600,met1,451.9500,144.1600,3.402e-13
met1,446.8900,155.0400,met1,451.9500,155.0400,1.136e-13
met1,446.8900,160.4800,met1,451.9500,160.4800,6.723e-14
met1,446.8900,378.0800,met1,451.9500,378.0800,2.369e-13
met1,447.1200,247.5200,met1,451.9500,247.5200,2.272e-13
met1,447.1200,307.3600,met1,451.9500,307.3600,9.727e-14
met1,447.1200,399.8400,met1,451.9500,399.8400,3.096e-13
met1,447.3500,165.9200,met1,451.9500,165.9200,4.660e-13
met1,447.3500,176.8000,met1,451.9500,176.8000,4.282e-14
met1,447.3500,193.1200,met1,451.9500,193.1200,3.303e-13
met1,447.3500,269.2800,met1,451.9500,269.2800,3.183e-13
met1,447.3500,318.2400,met1,451.9500,318.2400,4.547e-13
met1,447.3500,367.2000,met1,450.1100,367.2000,1.800e-09
met1,447.3500,394.4000,met1,449.6500,394.4000,3.107e-09
met1,447.3500,416.1600,met1,451.9500,416.1600,3.003e-13
met1,447.3500,432.4800,met1,451.9500,432.4800,3.980e-13
met1,447.5800,68.0000,met1,451.9500,68.0000,7.141e-14
met1,447.5800,171.3600,met1,451.9500,171.3600,7.141e-14
met1,447.5800,361.7600,met1,449.6500,361.7600,8.418e-10
met1,447.8100,51.6800,met1,451.9500,51.6800,6.061e-13
met1,447.8100,95.2000,met1,451.9500,95.2000,1.137e-13
met1,447.8100,209.4400,met1,451.9500,209.4400,3.411e-13
met1,447.8100,350.8800,met1,451.9500,350.8800,3.954e-14
met1,447.8100,437.9200,met1,450.3400,437.9200,2.852e-09
met1,447.8100,448.8000,met1,451.9500,448.8000,1.009e-13
met1,448.0400,19.0400,met1,451.9500,19.0400,5.626e-14
met1,448.0400,24.4800,met1,451.9500,24.4800,5.604e-14
met1,448.0400,57.1200,met1,451.9500,57.1200,5.626e-14
met1,448.0400,78.8800,met1,451.9500,78.8800,5.604e-14
met1,448.0400,100.6400,met1,451.9500,100.6400,5.626e-14
met1,448.0400,111.5200,met1,451.9500,111.5200,5.604e-14
met1,448.0400,138.7200,met1,451.9500,138.7200,5.604e-14
met1,448.0400,198.5600,met1,451.9500,198.5600,5.626e-14
met1,448.0400,214.8800,met1,451.9500,214.8800,5.604e-14
met1,448.0400,236.6400,met1,451.9500,236.6400,5.604e-14
met1,448.0400,252.9600,met1,451.9500,252.9600,5.604e-14
met1,448.0400,263.8400,met1,451.9500,263.8400,5.604e-14
met1,448.0400,312.8000,met1,451.9500,312.8000,5.604e-14
met1,448.0400,329.1200,met1,451.9500,329.1200,5.604e-14
met1,448.0400,356.3200,met1,450.8000,356.3200,4.586e-10
met1,448.0400,410.7200,met1,450.3400,410.7200,7.037e-09
met1,448.0400,421.6000,met1,451.9500,421.6000,5.604e-14
met1,448.0400,443.3600,met1,451.9500,443.3600,5.604e-14
met1,448.2700,291.0400,met1,451.9500,291.0400,9.778e-14
met1,448.7300,106.0800,met1,451.9500,106.0800,3.363e-14
met1,449.4200,274.7200,met1,451.9500,274.7200,8.661e-14
met1,449.6500,29.9200,met1,451.9500,29.9200,3.374e-14
met1,449.6500,361.7600,met1,451.9500,361.7600,3.411e-14
met1,449.6500,394.4000,met1,451.9500,394.4000,3.411e-14
met1,449.6500,405.2800,met1,451.9500,405.2800,3.411e-14
met1,450.1100,367.2000,met1,451.9500,367.2000,6.997e-14
met1,450.3400,410.7200,met1,452.1800,410.7200,4.185e-09
met2,38.1200,13.6000,met3,38.1200,13.6000,4.461e-06
met2,38.1200,19.0400,met3,38.1200,19.0400,1.133e-05
met2,38.1200,24.4800,met3,38.1200,24.4800,7.201e-06
met2,38.1200,29.9200,met3,38.1200,29.9200,8.247e-06
met2,38.1200,35.3600,met3,38.1200,35.3600,6.937e-06
met2,38.1200,40.8000,met3,38.1200,40.8000,6.875e-06
met2,38.1200,46.2400,met3,38.1200,46.2400,1.026e-05
met2,38.1200,51.6800,met3,38.1200,51.6800,7.409e-06
met2,38.1200,57.1200,met3,38.1200,57.1200,6.584e-06
met2,38.1200,62.5600,met3,38.1200,62.5600,9.956e-06
met2,38.1200,68.0000,met3,38.1200,68.0000,7.004e-06
met2,38.1200,73.4400,met3,38.1200,73.4400,6.068e-06
met2,38.1200,78.8800,met3,38.1200,78.8800,8.437e-06
met2,38.1200,84.3200,met3,38.1200,84.3200,6.415e-06
met2,38.1200,89.7600,met3,38.1200,89.7600,6.178e-06
met2,38.1200,95.2000,met3,38.1200,95.2000,9.545e-06
met2,38.1200,100.6400,met3,38.1200,100.6400,6.859e-06
met2,38.1200,106.0800,met3,38.1200,106.0800,7.498e-06
met2,38.1200,111.5200,met3,38.1200,111.5200,7.405e-06
met2,38.1200,116.9600,met3,38.1200,116.9600,6.149e-06
met2,38.1200,122.4000,met3,38.1200,122.4000,6.066e-06
met2,38.1200,127.8400,met3,38.1200,127.8400,6.383e-06
met2,38.1200,133.2800,met3,38.1200,133.2800,9.242e-06
met2,38.1200,138.7200,met3,38.1200,138.7200,3.655e-06
met2,38.1200,144.1600,met3,38.1200,144.1600,8.595e-06
met2,38.1200,149.6000,met3,38.1200,149.6000,4.891e-06
met2,38.1200,155.0400,met3,38.1200,155.0400,8.670e-06
met2,38.1200,160.4800,met3,38.1200,160.4800,3.705e-06
met2,38.1200,165.9200,met3,38.1200,165.9200,5.164e-06
met2,38.1200,171.3600,met3,38.1200,171.3600,7.489e-06
met2,38.1200,176.8000,met3,38.1200,176.8000,5.373e-06
met2,38.1200,182.2400,met3,38.1200,182.2400,3.895e-06
met2,38.1200,187.6800,met3,38.1200,187.6800,7.971e-06
met2,38.1200,193.1200,met3,38.1200,193.1200,4.373e-06
met2,38.1200,198.5600,met3,38.1200,198.5600,6.482e-06
met2,38.1200,204.0000,met3,38.1200,204.0000,6.125e-06
met2,38.1200,209.4400,met3,38.1200,209.4400,4.835e-06
met2,38.1200,214.8800,met3,38.1200,214.8800,6.591e-06
met2,38.1200,220.3200,met3,38.1200,220.3200,5.666e-06
met2,38.1200,225.7600,met3,38.1200,225.7600,6.690e-06
met2,38.1200,231.2000,met3,38.1200,231.2000,3.136e-06
met2,38.1200,236.6400,met3,38.1200,236.6400,7.585e-06
met2,38.1200,242.0800,met3,38.1200,242.0800,6.033e-06
met2,38.1200,247.5200,met3,38.1200,247.5200,5.609e-07
met2,38.1200,252.9600,met3,38.1200,252.9600,3.247e-07
met2,38.1200,258.4000,met3,38.1200,258.4000,5.532e-07
met2,38.1200,263.8400,met3,38.1200,263.8400,5.423e-07
met2,38.1200,269.2800,met3,38.1200,269.2800,6.143e-07
met2,38.1200,274.7200,met3,38.1200,274.7200,6.445e-07
met2,38.1200,280.1600,met3,38.1200,280.1600,6.784e-07
met2,38.1200,285.6000,met3,38.1200,285.6000,7.216e-07
met2,38.1200,291.0400,met3,38.1200,291.0400,8.144e-07
met2,38.1200,296.4800,met3,38.1200,296.4800,5.153e-08
met2,38.1200,301.9200,met3,38.1200,301.9200,9.164e-07
met2,38.1200,307.3600,met3,38.1200,307.3600,9.934e-07
met2,38.1200,312.8000,met3,38.1200,312.8000,1.063e-06
met2,38.1200,318.2400,met3,38.1200,318.2400,1.196e-06
met2,38.1200,323.6800,met3,38.1200,323.6800,1.098e-06
met2,38.1200,329.1200,met3,38.1200,329.1200,3.606e-07
met2,38.1200,334.5600,met3,38.1200,334.5600,2.105e-06
met2,38.1200,340.0000,met3,38.1200,340.0000,1.635e-06
met2,38.1200,345.4400,met3,38.1200,345.4400,1.878e-07
met2,38.1200,350.8800,met3,38.1200,350.8800,1.409e-06
met2,38.1200,356.3200,met3,38.1200,356.3200,1.667e-06
met2,38.1200,361.7600,met3,38.1200,361.7600,1.071e-06
met2,38.1200,367.2000,met3,38.1200,367.2000,1.783e-07
met2,38.1200,372.6400,met3,38.1200,372.6400,1.960e-06
met2,38.1200,378.0800,met3,38.1200,378.0800,5.348e-08
met2,38.1200,383.5200,met3,38.1200,383.5200,3.177e-06
met2,38.1200,388.9600,met3,38.1200,388.9600,9.427e-07
met2,38.1200,394.4000,met3,38.1200,394.4000,4.001e-07
met2,38.1200,399.8400,met3,38.1200,399.8400,2.869e-06
met2,38.1200,405.2800,met3,38.1200,405.2800,3.130e-06
met2,38.1200,410.7200,met3,38.1200,410.7200,2.640e-07
met2,38.1200,416.1600,met3,38.1200,416.1600,1.660e-06
met2,38.1200,421.6000,met3,38.1200,421.6000,1.734e-06
met2,38.1200,427.0400,met3,38.1200,427.0400,1.801e-06
met2,38.1200,432.4800,met3,38.1200,432.4800,3.056e-06
met2,38.1200,437.9200,met3,38.1200,437.9200,7.680e-07
met2,38.1200,443.3600,met3,38.1200,443.3600,2.083e-06
met2,38.1200,448.8000,met3,38.1200,448.8000,1.843e-06
met2,78.1200,13.6000,met3,78.1200,13.6000,6.968e-06
met2,78.1200,19.0400,met3,78.1200,19.0400,1.233e-05
met2,78.1200,24.4800,met3,78.1200,24.4800,1.004e-05
met2,78.1200,29.9200,met3,78.1200,29.9200,1.161e-05
met2,78.1200,35.3600,met3,78.1200,35.3600,9.045e-06
met2,78.1200,40.8000,met3,78.1200,40.8000,1.018e-05
met2,78.1200,46.2400,met3,78.1200,46.2400,1.071e-05
met2,78.1200,51.6800,met3,78.1200,51.6800,7.151e-06
met2,78.1200,57.1200,met3,78.1200,57.1200,1.193e-05
met2,78.1200,62.5600,met3,78.1200,62.5600,1.098e-05
met2,78.1200,68.0000,met3,78.1200,68.0000,8.137e-06
met2,78.1200,73.4400,met3,78.1200,73.4400,1.067e-05
met2,78.1200,78.8800,met3,78.1200,78.8800,9.693e-06
met2,78.1200,84.3200,met3,78.1200,84.3200,8.034e-06
met2,78.1200,89.7600,met3,78.1200,89.7600,9.279e-06
met2,78.1200,95.2000,met3,78.1200,95.2000,8.668e-06
met2,78.1200,100.6400,met3,78.1200,100.6400,9.272e-06
met2,78.1200,106.0800,met3,78.1200,106.0800,6.707e-06
met2,78.1200,111.5200,met3,78.1200,111.5200,9.140e-06
met2,78.1200,116.9600,met3,78.1200,116.9600,4.758e-06
met2,78.1200,122.4000,met3,78.1200,122.4000,6.608e-06
met2,78.1200,127.8400,met3,78.1200,127.8400,6.249e-06
met2,78.1200,133.2800,met3,78.1200,133.2800,5.779e-06
met2,78.1200,138.7200,met3,78.1200,138.7200,5.186e-06
met2,78.1200,144.1600,met3,78.1200,144.1600,6.608e-06
met2,78.1200,149.6000,met3,78.1200,149.6000,7.333e-06
met2,78.1200,155.0400,met3,78.1200,155.0400,4.948e-06
met2,78.1200,160.4800,met3,78.1200,160.4800,6.055e-06
met2,78.1200,165.9200,met3,78.1200,165.9200,5.335e-06
met2,78.1200,171.3600,met3,78.1200,171.3600,4.042e-06
met2,78.1200,176.8000,met3,78.1200,176.8000,5.775e-06
met2,78.1200,182.2400,met3,78.1200,182.2400,4.824e-06
met2,78.1200,187.6800,met3,78.1200,187.6800,6.711e-06
met2,78.1200,193.1200,met3,78.1200,193.1200,4.768e-06
met2,78.1200,198.5600,met3,78.1200,198.5600,5.054e-06
met2,78.1200,204.0000,met3,78.1200,204.0000,6.205e-06
met2,78.1200,209.4400,met3,78.1200,209.4400,3.857e-06
met2,78.1200,214.8800,met3,78.1200,214.8800,6.592e-06
met2,78.1200,220.3200,met3,78.1200,220.3200,5.748e-06
met2,78.1200,225.7600,met3,78.1200,225.7600,5.092e-06
met2,78.1200,231.2000,met3,78.1200,231.2000,4.084e-06
met2,78.1200,236.6400,met3,78.1200,236.6400,6.292e-06
met2,78.1200,242.0800,met3,78.1200,242.0800,3.266e-06
met2,78.1200,247.5200,met3,78.1200,247.5200,1.012e-06
met2,78.1200,252.9600,met3,78.1200,252.9600,9.610e-07
met2,78.1200,258.4000,met3,78.1200,258.4000,1.287e-07
met2,78.1200,263.8400,met3,78.1200,263.8400,8.674e-09
met2,78.1200,269.2800,met3,78.1200,269.2800,3.015e-07
met2,78.1200,274.7200,met3,78.1200,274.7200,3.407e-07
met2,78.1200,280.1600,met3,78.1200,280.1600,3.743e-07
met2,78.1200,285.6000,met3,78.1200,285.6000,2.550e-07
met2,78.1200,291.0400,met3,78.1200,291.0400,5.946e-07
met2,78.1200,296.4800,met3,78.1200,296.4800,3.523e-07
met2,78.1200,301.9200,met3,78.1200,301.9200,4.879e-07
met2,78.1200,307.3600,met3,78.1200,307.3600,6.790e-07
met2,78.1200,312.8000,met3,78.1200,312.8000,7.914e-07
met2,78.1200,318.2400,met3,78.1200,318.2400,1.092e-06
met2,78.1200,323.6800,met3,78.1200,323.6800,6.563e-07
met2,78.1200,329.1200,met3,78.1200,329.1200,7.610e-07
met2,78.1200,334.5600,met3,78.1200,334.5600,1.708e-06
met2,78.1200,340.0000,met3,78.1200,340.0000,2.768e-07
met2,78.1200,345.4400,met3,78.1200,345.4400,5.241e-07
met2,78.1200,350.8800,met3,78.1200,350.8800,7.119e-07
met2,78.1200,356.3200,met3,78.1200,356.3200,7.338e-07
met2,78.1200,361.7600,met3,78.1200,361.7600,1.104e-06
met2,78.1200,367.2000,met3,78.1200,367.2000,6.636e-08
met2,78.1200,372.6400,met3,78.1200,372.6400,2.098e-06
met2,78.1200,378.0800,met3,78.1200,378.0800,5.314e-07
met2,78.1200,383.5200,met3,78.1200,383.5200,1.844e-06
met2,78.1200,388.9600,met3,78.1200,388.9600,1.768e-06
met2,78.1200,394.4000,met3,78.1200,394.4000,2.922e-07
met2,78.1200,399.8400,met3,78.1200,399.8400,1.659e-06
met2,78.1200,405.2800,met3,78.1200,405.2800,2.633e-06
met2,78.1200,410.7200,met3,78.1200,410.7200,6.094e-07
met2,78.1200,416.1600,met3,78.1200,416.1600,1.947e-06
met2,78.1200,421.6000,met3,78.1200,421.6000,1.003e-06
met2,78.1200,427.0400,met3,78.1200,427.0400,2.517e-06
met2,78.1200,432.4800,met3,78.1200,432.4800,1.041e-06
met2,78.1200,437.9200,met3,78.1200,437.9200,2.475e-06
met2,78.1200,443.3600,met3,78.1200,443.3600,1.727e-06
met2,78.1200,448.8000,met3,78.1200,448.8000,1.721e-06
met2,118.1200,13.6000,met3,118.1200,13.6000,6.043e-06
met2,118.1200,19.0400,met3,118.1200,19.0400,1.124e-05
met2,118.1200,24.4800,met3,118.1200,24.4800,6.822e-06
met2,118.1200,29.9200,met3,118.1200,29.9200,1.030e-05
met2,118.1200,35.3600,met3,118.1200,35.3600,8.988e-06
met2,118.1200,40.8000,met3,118.1200,40.8000,8.081e-06
met2,118.1200,46.2400,met3,118.1200,46.2400,8.807e-06
met2,118.1200,51.6800,met3,118.1200,51.6800,5.314e-06
met2,118.1200,57.1200,met3,118.1200,57.1200,8.510e-06
met2,118.1200,62.5600,met3,118.1200,62.5600,8.728e-06
met2,118.1200,68.0000,met3,118.1200,68.0000,7.557e-06
met2,118.1200,73.4400,met3,118.1200,73.4400,8.845e-06
met2,118.1200,78.8800,met3,118.1200,78.8800,8.343e-06
met2,118.1200,84.3200,met3,118.1200,84.3200,6.821e-06
met2,118.1200,89.7600,met3,118.1200,89.7600,7.864e-06
met2,118.1200,95.2000,met3,118.1200,95.2000,5.658e-06
met2,118.1200,100.6400,met3,118.1200,100.6400,8.550e-06
met2,118.1200,106.0800,met3,118.1200,106.0800,5.140e-06
met2,118.1200,111.5200,met3,118.1200,111.5200,7.956e-06
met2,118.1200,116.9600,met3,118.1200,116.9600,3.968e-06
met2,118.1200,122.4000,met3,118.1200,122.4000,5.962e-06
met2,118.1200,127.8400,met3,118.1200,127.8400,5.682e-06
met2,118.1200,133.2800,met3,118.1200,133.2800,2.605e-06
met2,118.1200,138.7200,met3,118.1200,138.7200,5.433e-06
met2,118.1200,144.1600,met3,118.1200,144.1600,4.853e-06
met2,118.1200,149.6000,met3,118.1200,149.6000,6.241e-06
met2,118.1200,155.0400,met3,118.1200,155.0400,3.359e-06
met2,118.1200,160.4800,met3,118.1200,160.4800,4.696e-06
met2,118.1200,165.9200,met3,118.1200,165.9200,4.841e-06
met2,118.1200,171.3600,met3,118.1200,171.3600,3.371e-06
met2,118.1200,176.8000,met3,118.1200,176.8000,6.035e-06
met2,118.1200,182.2400,met3,118.1200,182.2400,3.976e-06
met2,118.1200,187.6800,met3,118.1200,187.6800,6.965e-06
met2,118.1200,193.1200,met3,118.1200,193.1200,4.905e-06
met2,118.1200,198.5600,met3,118.1200,198.5600,5.175e-06
met2,118.1200,204.0000,met3,118.1200,204.0000,4.287e-06
met2,118.1200,209.4400,met3,118.1200,209.4400,4.514e-06
met2,118.1200,214.8800,met3,118.1200,214.8800,4.575e-06
met2,118.1200,220.3200,met3,118.1200,220.3200,5.637e-06
met2,118.1200,225.7600,met3,118.1200,225.7600,3.541e-06
met2,118.1200,231.2000,met3,118.1200,231.2000,4.924e-06
met2,118.1200,236.6400,met3,118.1200,236.6400,6.712e-06
met2,118.1200,242.0800,met3,118.1200,242.0800,2.902e-06
met2,118.1200,247.5200,met3,118.1200,247.5200,2.848e-06
met2,118.1200,252.9600,met3,118.1200,252.9600,2.053e-06
met2,118.1200,258.4000,met3,118.1200,258.4000,1.159e-06
met2,118.1200,263.8400,met3,118.1200,263.8400,1.461e-06
met2,118.1200,269.2800,met3,118.1200,269.2800,6.417e-07
met2,118.1200,274.7200,met3,118.1200,274.7200,5.665e-07
met2,118.1200,280.1600,met3,118.1200,280.1600,6.760e-07
met2,118.1200,285.6000,met3,118.1200,285.6000,1.380e-06
met2,118.1200,291.0400,met3,118.1200,291.0400,9.871e-08
met2,118.1200,296.4800,met3,118.1200,296.4800,5.669e-07
met2,118.1200,301.9200,met3,118.1200,301.9200,1.079e-06
met2,118.1200,307.3600,met3,118.1200,307.3600,6.698e-07
met2,118.1200,312.8000,met3,118.1200,312.8000,4.301e-07
met2,118.1200,318.2400,met3,118.1200,318.2400,9.135e-07
met2,118.1200,323.6800,met3,118.1200,323.6800,8.885e-07
met2,118.1200,329.1200,met3,118.1200,329.1200,9.659e-08
met2,118.1200,334.5600,met3,118.1200,334.5600,1.297e-07
met2,118.1200,340.0000,met3,118.1200,340.0000,8.954e-09
met2,118.1200,345.4400,met3,118.1200,345.4400,1.602e-07
met2,118.1200,350.8800,met3,118.1200,350.8800,1.153e-06
met2,118.1200,356.3200,met3,118.1200,356.3200,2.314e-07
met2,118.1200,361.7600,met3,118.1200,361.7600,2.293e-06
met2,118.1200,367.2000,met3,118.1200,367.2000,3.683e-07
met2,118.1200,372.6400,met3,118.1200,372.6400,2.600e-06
met2,118.1200,378.0800,met3,118.1200,378.0800,1.536e-06
met2,118.1200,383.5200,met3,118.1200,383.5200,8.067e-07
met2,118.1200,388.9600,met3,118.1200,388.9600,2.145e-06
met2,118.1200,394.4000,met3,118.1200,394.4000,7.036e-07
met2,118.1200,399.8400,met3,118.1200,399.8400,1.646e-06
met2,118.1200,405.2800,met3,118.1200,405.2800,1.923e-06
met2,118.1200,410.7200,met3,118.1200,410.7200,6.729e-07
met2,118.1200,416.1600,met3,118.1200,416.1600,3.013e-06
met2,118.1200,421.6000,met3,118.1200,421.6000,4.408e-07
met2,118.1200,427.0400,met3,118.1200,427.0400,3.449e-06
met2,118.1200,432.4800,met3,118.1200,432.4800,1.203e-06
met2,118.1200,437.9200,met3,118.1200,437.9200,2.335e-06
met2,118.1200,443.3600,met3,118.1200,443.3600,1.563e-06
met2,118.1200,448.8000,met3,118.1200,448.8000,2.299e-06
met2,158.1200,13.6000,met3,158.1200,13.6000,4.478e-06
met2,158.1200,19.0400,met3,158.1200,19.0400,7.510e-06
met2,158.1200,24.4800,met3,158.1200,24.4800,2.457e-06
met2,158.1200,29.9200,met3,158.1200,29.9200,4.961e-06
met2,158.1200,35.3600,met3,158.1200,35.3600,5.589e-06
met2,158.1200,40.8000,met3,158.1200,40.8000,4.425e-06
met2,158.1200,46.2400,met3,158.1200,46.2400,3.809e-06
met2,158.1200,51.6800,met3,158.1200,51.6800,2.193e-06
met2,158.1200,57.1200,met3,158.1200,57.1200,4.487e-06
met2,158.1200,62.5600,met3,158.1200,62.5600,5.093e-06
met2,158.1200,68.0000,met3,158.1200,68.0000,4.356e-06
met2,158.1200,73.4400,met3,158.1200,73.4400,5.974e-06
met2,158.1200,78.8800,met3,158.1200,78.8800,2.848e-06
met2,158.1200,84.3200,met3,158.1200,84.3200,4.861e-06
met2,158.1200,89.7600,met3,158.1200,89.7600,5.017e-06
met2,158.1200,95.2000,met3,158.1200,95.2000,3.519e-06
met2,158.1200,100.6400,met3,158.1200,100.6400,5.813e-06
met2,158.1200,106.0800,met3,158.1200,106.0800,4.365e-06
met2,158.1200,111.5200,met3,158.1200,111.5200,4.558e-06
met2,158.1200,116.9600,met3,158.1200,116.9600,2.640e-06
met2,158.1200,122.4000,met3,158.1200,122.4000,3.064e-06
met2,158.1200,127.8400,met3,158.1200,127.8400,3.146e-06
met2,158.1200,133.2800,met3,158.1200,133.2800,9.659e-07
met2,158.1200,138.7200,met3,158.1200,138.7200,2.611e-06
met2,158.1200,144.1600,met3,158.1200,144.1600,2.893e-06
met2,158.1200,149.6000,met3,158.1200,149.6000,2.836e-06
met2,158.1200,155.0400,met3,158.1200,155.0400,3.233e-06
met2,158.1200,160.4800,met3,158.1200,160.4800,1.979e-06
met2,158.1200,165.9200,met3,158.1200,165.9200,3.412e-06
met2,158.1200,171.3600,met3,158.1200,171.3600,3.664e-06
met2,158.1200,176.8000,met3,158.1200,176.8000,3.781e-06
met2,158.1200,182.2400,met3,158.1200,182.2400,5.760e-06
met2,158.1200,187.6800,met3,158.1200,187.6800,5.393e-06
met2,158.1200,193.1200,met3,158.1200,193.1200,5.104e-06
met2,158.1200,198.5600,met3,158.1200,198.5600,4.164e-06
met2,158.1200,204.0000,met3,158.1200,204.0000,3.767e-06
met2,158.1200,209.4400,met3,158.1200,209.4400,4.283e-06
met2,158.1200,214.8800,met3,158.1200,214.8800,4.954e-06
met2,158.1200,220.3200,met3,158.1200,220.3200,4.987e-06
met2,158.1200,225.7600,met3,158.1200,225.7600,2.857e-06
met2,158.1200,231.2000,met3,158.1200,231.2000,5.621e-06
met2,158.1200,236.6400,met3,158.1200,236.6400,5.780e-06
met2,158.1200,242.0800,met3,158.1200,242.0800,4.260e-06
met2,158.1200,247.5200,met3,158.1200,247.5200,2.821e-06
met2,158.1200,252.9600,met3,158.1200,252.9600,1.799e-06
met2,158.1200,258.4000,met3,158.1200,258.4000,2.380e-06
met2,158.1200,263.8400,met3,158.1200,263.8400,1.643e-06
met2,158.1200,269.2800,met3,158.1200,269.2800,9.932e-07
met2,158.1200,274.7200,met3,158.1200,274.7200,2.534e-06
met2,158.1200,280.1600,met3,158.1200,280.1600,2.011e-06
met2,158.1200,285.6000,met3,158.1200,285.6000,1.890e-06
met2,158.1200,291.0400,met3,158.1200,291.0400,1.923e-06
met2,158.1200,296.4800,met3,158.1200,296.4800,1.324e-06
met2,158.1200,301.9200,met3,158.1200,301.9200,3.182e-06
met2,158.1200,307.3600,met3,158.1200,307.3600,2.206e-06
met2,158.1200,312.8000,met3,158.1200,312.8000,2.143e-06
met2,158.1200,318.2400,met3,158.1200,318.2400,1.014e-06
met2,158.1200,323.6800,met3,158.1200,323.6800,2.550e-06
met2,158.1200,329.1200,met3,158.1200,329.1200,1.427e-06
met2,158.1200,334.5600,met3,158.1200,334.5600,1.257e-06
met2,158.1200,340.0000,met3,158.1200,340.0000,7.972e-07
met2,158.1200,345.4400,met3,158.1200,345.4400,1.937e-06
met2,158.1200,350.8800,met3,158.1200,350.8800,2.064e-06
met2,158.1200,356.3200,met3,158.1200,356.3200,1.756e-06
met2,158.1200,361.7600,met3,158.1200,361.7600,3.899e-06
met2,158.1200,367.2000,met3,158.1200,367.2000,1.377e-06
met2,158.1200,372.6400,met3,158.1200,372.6400,2.030e-06
met2,158.1200,378.0800,met3,158.1200,378.0800,3.818e-06
met2,158.1200,383.5200,met3,158.1200,383.5200,5.777e-07
met2,158.1200,388.9600,met3,158.1200,388.9600,3.896e-06
met2,158.1200,394.4000,met3,158.1200,394.4000,8.318e-07
met2,158.1200,399.8400,met3,158.1200,399.8400,1.994e-06
met2,158.1200,405.2800,met3,158.1200,405.2800,2.823e-06
met2,158.1200,410.7200,met3,158.1200,410.7200,1.156e-06
met2,158.1200,416.1600,met3,158.1200,416.1600,3.214e-06
met2,158.1200,421.6000,met3,158.1200,421.6000,1.260e-06
met2,158.1200,427.0400,met3,158.1200,427.0400,3.600e-06
met2,158.1200,432.4800,met3,158.1200,432.4800,2.074e-06
met2,158.1200,437.9200,met3,158.1200,437.9200,1.160e-06
met2,158.1200,443.3600,met3,158.1200,443.3600,4.231e-06
met2,158.1200,448.8000,met3,158.1200,448.8000,1.204e-06
met2,198.1200,13.6000,met3,198.1200,13.6000,4.514e-06
met2,198.1200,19.0400,met3,198.1200,19.0400,6.064e-06
met2,198.1200,24.4800,met3,198.1200,24.4800,3.369e-06
met2,198.1200,29.9200,met3,198.1200,29.9200,5.562e-06
met2,198.1200,35.3600,met3,198.1200,35.3600,3.628e-06
met2,198.1200,40.8000,met3,198.1200,40.8000,5.251e-06
met2,198.1200,46.2400,met3,198.1200,46.2400,2.372e-06
met2,198.1200,51.6800,met3,198.1200,51.6800,2.537e-06
met2,198.1200,57.1200,met3,198.1200,57.1200,5.019e-06
met2,198.1200,62.5600,met3,198.1200,62.5600,3.914e-06
met2,198.1200,68.0000,met3,198.1200,68.0000,4.380e-06
met2,198.1200,73.4400,met3,198.1200,73.4400,6.534e-06
met2,198.1200,78.8800,met3,198.1200,78.8800,4.885e-06
met2,198.1200,84.3200,met3,198.1200,84.3200,5.840e-06
met2,198.1200,89.7600,met3,198.1200,89.7600,2.304e-06
met2,198.1200,95.2000,met3,198.1200,95.2000,4.370e-06
met2,198.1200,100.6400,met3,198.1200,100.6400,5.114e-06
met2,198.1200,106.0800,met3,198.1200,106.0800,3.184e-06
met2,198.1200,111.5200,met3,198.1200,111.5200,2.743e-06
met2,198.1200,116.9600,met3,198.1200,116.9600,1.577e-06
met2,198.1200,122.4000,met3,198.1200,122.4000,6.165e-07
met2,198.1200,127.8400,met3,198.1200,127.8400,6.248e-07
met2,198.1200,133.2800,met3,198.1200,133.2800,5.066e-07
met2,198.1200,138.7200,met3,198.1200,138.7200,5.243e-07
met2,198.1200,144.1600,met3,198.1200,144.1600,7.743e-07
met2,198.1200,149.6000,met3,198.1200,149.6000,1.304e-06
met2,198.1200,155.0400,met3,198.1200,155.0400,1.047e-06
met2,198.1200,160.4800,met3,198.1200,160.4800,1.350e-06
met2,198.1200,165.9200,met3,198.1200,165.9200,8.294e-07
met2,198.1200,171.3600,met3,198.1200,171.3600,1.307e-06
met2,198.1200,176.8000,met3,198.1200,176.8000,1.728e-06
met2,198.1200,182.2400,met3,198.1200,182.2400,4.432e-06
met2,198.1200,187.6800,met3,198.1200,187.6800,5.181e-06
met2,198.1200,193.1200,met3,198.1200,193.1200,4.235e-06
met2,198.1200,198.5600,met3,198.1200,198.5600,3.575e-06
met2,198.1200,204.0000,met3,198.1200,204.0000,3.945e-06
met2,198.1200,209.4400,met3,198.1200,209.4400,4.716e-06
met2,198.1200,214.8800,met3,198.1200,214.8800,5.018e-06
met2,198.1200,220.3200,met3,198.1200,220.3200,4.439e-06
met2,198.1200,225.7600,met3,198.1200,225.7600,2.910e-06
met2,198.1200,231.2000,met3,198.1200,231.2000,4.995e-06
met2,198.1200,236.6400,met3,198.1200,236.6400,6.415e-06
met2,198.1200,242.0800,met3,198.1200,242.0800,4.974e-06
met2,198.1200,247.5200,met3,198.1200,247.5200,4.645e-06
met2,198.1200,252.9600,met3,198.1200,252.9600,1.699e-06
met2,198.1200,258.4000,met3,198.1200,258.4000,2.061e-06
met2,198.1200,263.8400,met3,198.1200,263.8400,8.521e-07
met2,198.1200,269.2800,met3,198.1200,269.2800,8.326e-07
met2,198.1200,274.7200,met3,198.1200,274.7200,2.880e-06
met2,198.1200,280.1600,met3,198.1200,280.1600,2.177e-06
met2,198.1200,285.6000,met3,198.1200,285.6000,2.702e-06
met2,198.1200,291.0400,met3,198.1200,291.0400,3.482e-06
met2,198.1200,296.4800,met3,198.1200,296.4800,3.036e-06
met2,198.1200,301.9200,met3,198.1200,301.9200,4.574e-06
met2,198.1200,307.3600,met3,198.1200,307.3600,3.802e-06
met2,198.1200,312.8000,met3,198.1200,312.8000,4.502e-06
met2,198.1200,318.2400,met3,198.1200,318.2400,4.490e-06
met2,198.1200,323.6800,met3,198.1200,323.6800,4.515e-06
met2,198.1200,329.1200,met3,198.1200,329.1200,4.485e-06
met2,198.1200,334.5600,met3,198.1200,334.5600,4.238e-06
met2,198.1200,340.0000,met3,198.1200,340.0000,4.628e-06
met2,198.1200,345.4400,met3,198.1200,345.4400,3.891e-06
met2,198.1200,350.8800,met3,198.1200,350.8800,4.153e-06
met2,198.1200,356.3200,met3,198.1200,356.3200,5.029e-06
met2,198.1200,361.7600,met3,198.1200,361.7600,6.152e-06
met2,198.1200,367.2000,met3,198.1200,367.2000,3.641e-06
met2,198.1200,372.6400,met3,198.1200,372.6400,3.800e-06
met2,198.1200,378.0800,met3,198.1200,378.0800,5.621e-06
met2,198.1200,383.5200,met3,198.1200,383.5200,2.047e-06
met2,198.1200,388.9600,met3,198.1200,388.9600,4.788e-06
met2,198.1200,394.4000,met3,198.1200,394.4000,2.407e-06
met2,198.1200,399.8400,met3,198.1200,399.8400,2.312e-06
met2,198.1200,405.2800,met3,198.1200,405.2800,2.350e-06
met2,198.1200,410.7200,met3,198.1200,410.7200,2.302e-06
met2,198.1200,416.1600,met3,198.1200,416.1600,3.145e-06
met2,198.1200,421.6000,met3,198.1200,421.6000,2.079e-06
met2,198.1200,427.0400,met3,198.1200,427.0400,2.440e-06
met2,198.1200,432.4800,met3,198.1200,432.4800,4.233e-06
met2,198.1200,437.9200,met3,198.1200,437.9200,1.332e-06
met2,198.1200,443.3600,met3,198.1200,443.3600,4.649e-06
met2,198.1200,448.8000,met3,198.1200,448.8000,1.267e-06
met2,238.1200,13.6000,met3,238.1200,13.6000,4.225e-06
met2,238.1200,19.0400,met3,238.1200,19.0400,4.994e-06
met2,238.1200,24.4800,met3,238.1200,24.4800,8.820e-06
met2,238.1200,29.9200,met3,238.1200,29.9200,1.308e-05
met2,238.1200,35.3600,met3,238.1200,35.3600,5.619e-06
met2,238.1200,40.8000,met3,238.1200,40.8000,3.576e-06
met2,238.1200,46.2400,met3,238.1200,46.2400,3.627e-06
met2,238.1200,51.6800,met3,238.1200,51.6800,1.108e-06
met2,238.1200,57.1200,met3,238.1200,57.1200,7.359e-06
met2,238.1200,62.5600,met3,238.1200,62.5600,3.413e-06
met2,238.1200,68.0000,met3,238.1200,68.0000,3.801e-06
met2,238.1200,73.4400,met3,238.1200,73.4400,1.642e-05
met2,238.1200,78.8800,met3,238.1200,78.8800,1.233e-05
met2,238.1200,84.3200,met3,238.1200,84.3200,6.453e-06
met2,238.1200,89.7600,met3,238.1200,89.7600,3.650e-06
met2,238.1200,95.2000,met3,238.1200,95.2000,3.542e-06
met2,238.1200,100.6400,met3,238.1200,100.6400,4.783e-06
met2,238.1200,106.0800,met3,238.1200,106.0800,1.912e-06
met2,238.1200,111.5200,met3,238.1200,111.5200,8.826e-07
met2,238.1200,116.9600,met3,238.1200,116.9600,2.323e-07
met2,238.1200,122.4000,met3,238.1200,122.4000,6.258e-08
met2,238.1200,127.8400,met3,238.1200,127.8400,1.026e-07
met2,238.1200,133.2800,met3,238.1200,133.2800,3.384e-08
met2,238.1200,138.7200,met3,238.1200,138.7200,1.594e-07
met2,238.1200,144.1600,met3,238.1200,144.1600,3.403e-07
met2,238.1200,149.6000,met3,238.1200,149.6000,2.423e-06
met2,238.1200,155.0400,met3,238.1200,155.0400,1.763e-06
met2,238.1200,160.4800,met3,238.1200,160.4800,1.333e-06
met2,238.1200,165.9200,met3,238.1200,165.9200,6.376e-07
met2,238.1200,171.3600,met3,238.1200,171.3600,3.444e-07
met2,238.1200,176.8000,met3,238.1200,176.8000,1.695e-06
met2,238.1200,182.2400,met3,238.1200,182.2400,4.650e-06
met2,238.1200,187.6800,met3,238.1200,187.6800,3.769e-06
met2,238.1200,193.1200,met3,238.1200,193.1200,2.988e-06
met2,238.1200,198.5600,met3,238.1200,198.5600,3.658e-06
met2,238.1200,204.0000,met3,238.1200,204.0000,3.411e-06
met2,238.1200,209.4400,met3,238.1200,209.4400,4.417e-06
met2,238.1200,214.8800,met3,238.1200,214.8800,4.471e-06
met2,238.1200,220.3200,met3,238.1200,220.3200,3.317e-06
met2,238.1200,225.7600,met3,238.1200,225.7600,3.725e-06
met2,238.1200,231.2000,met3,238.1200,231.2000,3.266e-06
met2,238.1200,236.6400,met3,238.1200,236.6400,5.839e-06
met2,238.1200,242.0800,met3,238.1200,242.0800,9.507e-06
met2,238.1200,247.5200,met3,238.1200,247.5200,3.701e-06
met2,238.1200,252.9600,met3,238.1200,252.9600,4.728e-07
met2,238.1200,258.4000,met3,238.1200,258.4000,8.034e-07
met2,238.1200,263.8400,met3,238.1200,263.8400,1.571e-06
met2,238.1200,269.2800,met3,238.1200,269.2800,5.238e-07
met2,238.1200,274.7200,met3,238.1200,274.7200,3.878e-06
met2,238.1200,280.1600,met3,238.1200,280.1600,1.602e-06
met2,238.1200,285.6000,met3,238.1200,285.6000,3.266e-06
met2,238.1200,291.0400,met3,238.1200,291.0400,3.318e-06
met2,238.1200,296.4800,met3,238.1200,296.4800,2.284e-06
met2,238.1200,301.9200,met3,238.1200,301.9200,4.742e-06
met2,238.1200,307.3600,met3,238.1200,307.3600,2.638e-06
met2,238.1200,312.8000,met3,238.1200,312.8000,4.006e-06
met2,238.1200,318.2400,met3,238.1200,318.2400,4.372e-06
met2,238.1200,323.6800,met3,238.1200,323.6800,5.415e-06
met2,238.1200,329.1200,met3,238.1200,329.1200,3.520e-06
met2,238.1200,334.5600,met3,238.1200,334.5600,3.759e-06
met2,238.1200,340.0000,met3,238.1200,340.0000,5.255e-06
met2,238.1200,345.4400,met3,238.1200,345.4400,4.216e-06
met2,238.1200,350.8800,met3,238.1200,350.8800,3.983e-06
met2,238.1200,356.3200,met3,238.1200,356.3200,4.615e-06
met2,238.1200,361.7600,met3,238.1200,361.7600,4.044e-06
met2,238.1200,367.2000,met3,238.1200,367.2000,4.505e-06
met2,238.1200,372.6400,met3,238.1200,372.6400,4.209e-06
met2,238.1200,378.0800,met3,238.1200,378.0800,4.623e-06
met2,238.1200,383.5200,met3,238.1200,383.5200,3.145e-06
met2,238.1200,388.9600,met3,238.1200,388.9600,3.379e-06
met2,238.1200,394.4000,met3,238.1200,394.4000,3.427e-06
met2,238.1200,399.8400,met3,238.1200,399.8400,1.704e-06
met2,238.1200,405.2800,met3,238.1200,405.2800,2.006e-06
met2,238.1200,410.7200,met3,238.1200,410.7200,3.017e-06
met2,238.1200,416.1600,met3,238.1200,416.1600,1.807e-06
met2,238.1200,421.6000,met3,238.1200,421.6000,1.858e-06
met2,238.1200,427.0400,met3,238.1200,427.0400,2.917e-06
met2,238.1200,432.4800,met3,238.1200,432.4800,3.459e-06
met2,238.1200,437.9200,met3,238.1200,437.9200,2.586e-06
met2,238.1200,443.3600,met3,238.1200,443.3600,2.961e-06
met2,238.1200,448.8000,met3,238.1200,448.8000,2.199e-06
met2,278.1200,13.6000,met3,278.1200,13.6000,5.291e-06
met2,278.1200,19.0400,met3,278.1200,19.0400,4.785e-06
met2,278.1200,24.4800,met3,278.1200,24.4800,6.006e-06
met2,278.1200,29.9200,met3,278.1200,29.9200,7.969e-06
met2,278.1200,35.3600,met3,278.1200,35.3600,6.178e-06
met2,278.1200,40.8000,met3,278.1200,40.8000,3.174e-06
met2,278.1200,46.2400,met3,278.1200,46.2400,4.439e-06
met2,278.1200,51.6800,met3,278.1200,51.6800,3.501e-06
met2,278.1200,57.1200,met3,278.1200,57.1200,7.186e-06
met2,278.1200,62.5600,met3,278.1200,62.5600,5.303e-06
met2,278.1200,68.0000,met3,278.1200,68.0000,7.462e-06
met2,278.1200,73.4400,met3,278.1200,73.4400,7.012e-06
met2,278.1200,78.8800,met3,278.1200,78.8800,1.146e-05
met2,278.1200,84.3200,met3,278.1200,84.3200,6.424e-06
met2,278.1200,89.7600,met3,278.1200,89.7600,6.631e-06
met2,278.1200,95.2000,met3,278.1200,95.2000,7.128e-06
met2,278.1200,100.6400,met3,278.1200,100.6400,5.512e-06
met2,278.1200,106.0800,met3,278.1200,106.0800,3.326e-06
met2,278.1200,111.5200,met3,278.1200,111.5200,1.141e-06
met2,278.1200,116.9600,met3,278.1200,116.9600,3.847e-07
met2,278.1200,122.4000,met3,278.1200,122.4000,2.429e-07
met2,278.1200,127.8400,met3,278.1200,127.8400,4.622e-07
met2,278.1200,133.2800,met3,278.1200,133.2800,2.199e-07
met2,278.1200,138.7200,met3,278.1200,138.7200,1.014e-06
met2,278.1200,144.1600,met3,278.1200,144.1600,1.837e-06
met2,278.1200,149.6000,met3,278.1200,149.6000,2.614e-06
met2,278.1200,155.0400,met3,278.1200,155.0400,1.633e-06
met2,278.1200,160.4800,met3,278.1200,160.4800,1.568e-06
met2,278.1200,165.9200,met3,278.1200,165.9200,3.721e-06
met2,278.1200,171.3600,met3,278.1200,171.3600,1.804e-06
met2,278.1200,176.8000,met3,278.1200,176.8000,4.625e-06
met2,278.1200,182.2400,met3,278.1200,182.2400,6.789e-06
met2,278.1200,187.6800,met3,278.1200,187.6800,2.433e-06
met2,278.1200,193.1200,met3,278.1200,193.1200,4.437e-06
met2,278.1200,198.5600,met3,278.1200,198.5600,3.922e-06
met2,278.1200,204.0000,met3,278.1200,204.0000,1.637e-06
met2,278.1200,209.4400,met3,278.1200,209.4400,6.320e-06
met2,278.1200,214.8800,met3,278.1200,214.8800,4.739e-06
met2,278.1200,220.3200,met3,278.1200,220.3200,3.650e-06
met2,278.1200,225.7600,met3,278.1200,225.7600,4.590e-06
met2,278.1200,231.2000,met3,278.1200,231.2000,5.018e-06
met2,278.1200,236.6400,met3,278.1200,236.6400,2.949e-06
met2,278.1200,242.0800,met3,278.1200,242.0800,9.080e-06
met2,278.1200,247.5200,met3,278.1200,247.5200,2.102e-06
met2,278.1200,252.9600,met3,278.1200,252.9600,2.997e-07
met2,278.1200,258.4000,met3,278.1200,258.4000,4.035e-07
met2,278.1200,263.8400,met3,278.1200,263.8400,2.375e-06
met2,278.1200,269.2800,met3,278.1200,269.2800,9.063e-07
met2,278.1200,274.7200,met3,278.1200,274.7200,2.867e-06
met2,278.1200,280.1600,met3,278.1200,280.1600,1.121e-06
met2,278.1200,285.6000,met3,278.1200,285.6000,1.655e-06
met2,278.1200,291.0400,met3,278.1200,291.0400,2.104e-06
met2,278.1200,296.4800,met3,278.1200,296.4800,6.622e-07
met2,278.1200,301.9200,met3,278.1200,301.9200,3.728e-06
met2,278.1200,307.3600,met3,278.1200,307.3600,2.103e-07
met2,278.1200,312.8000,met3,278.1200,312.8000,1.412e-06
met2,278.1200,318.2400,met3,278.1200,318.2400,8.454e-07
met2,278.1200,323.6800,met3,278.1200,323.6800,1.994e-06
met2,278.1200,329.1200,met3,278.1200,329.1200,5.875e-07
met2,278.1200,334.5600,met3,278.1200,334.5600,7.096e-07
met2,278.1200,340.0000,met3,278.1200,340.0000,1.417e-06
met2,278.1200,345.4400,met3,278.1200,345.4400,9.717e-07
met2,278.1200,350.8800,met3,278.1200,350.8800,6.020e-07
met2,278.1200,356.3200,met3,278.1200,356.3200,1.271e-06
met2,278.1200,361.7600,met3,278.1200,361.7600,1.419e-07
met2,278.1200,367.2000,met3,278.1200,367.2000,2.653e-06
met2,278.1200,372.6400,met3,278.1200,372.6400,1.107e-06
met2,278.1200,378.0800,met3,278.1200,378.0800,2.478e-06
met2,278.1200,383.5200,met3,278.1200,383.5200,2.757e-06
met2,278.1200,388.9600,met3,278.1200,388.9600,6.344e-07
met2,278.1200,394.4000,met3,278.1200,394.4000,3.967e-06
met2,278.1200,399.8400,met3,278.1200,399.8400,5.748e-07
met2,278.1200,405.2800,met3,278.1200,405.2800,1.636e-06
met2,278.1200,410.7200,met3,278.1200,410.7200,1.221e-06
met2,278.1200,416.1600,met3,278.1200,416.1600,1.107e-06
met2,278.1200,421.6000,met3,278.1200,421.6000,1.966e-06
met2,278.1200,427.0400,met3,278.1200,427.0400,2.576e-06
met2,278.1200,432.4800,met3,278.1200,432.4800,2.413e-06
met2,278.1200,437.9200,met3,278.1200,437.9200,2.268e-06
met2,278.1200,443.3600,met3,278.1200,443.3600,2.427e-06
met2,278.1200,448.8000,met3,278.1200,448.8000,2.157e-06
met2,318.1200,13.6000,met3,318.1200,13.6000,3.930e-06
met2,318.1200,19.0400,met3,318.1200,19.0400,7.321e-06
met2,318.1200,24.4800,met3,318.1200,24.4800,1.574e-06
met2,318.1200,29.9200,met3,318.1200,29.9200,6.708e-06
met2,318.1200,35.3600,met3,318.1200,35.3600,4.007e-06
met2,318.1200,40.8000,met3,318.1200,40.8000,3.298e-06
met2,318.1200,46.2400,met3,318.1200,46.2400,5.633e-06
met2,318.1200,51.6800,met3,318.1200,51.6800,6.059e-06
met2,318.1200,57.1200,met3,318.1200,57.1200,6.078e-06
met2,318.1200,62.5600,met3,318.1200,62.5600,5.694e-06
met2,318.1200,68.0000,met3,318.1200,68.0000,1.161e-05
met2,318.1200,73.4400,met3,318.1200,73.4400,7.928e-06
met2,318.1200,78.8800,met3,318.1200,78.8800,1.271e-05
met2,318.1200,84.3200,met3,318.1200,84.3200,5.906e-06
met2,318.1200,89.7600,met3,318.1200,89.7600,5.651e-06
met2,318.1200,95.2000,met3,318.1200,95.2000,6.886e-06
met2,318.1200,100.6400,met3,318.1200,100.6400,6.761e-06
met2,318.1200,106.0800,met3,318.1200,106.0800,4.612e-06
met2,318.1200,111.5200,met3,318.1200,111.5200,2.228e-06
met2,318.1200,116.9600,met3,318.1200,116.9600,1.225e-06
met2,318.1200,122.4000,met3,318.1200,122.4000,1.601e-06
met2,318.1200,127.8400,met3,318.1200,127.8400,2.453e-06
met2,318.1200,133.2800,met3,318.1200,133.2800,1.398e-06
met2,318.1200,138.7200,met3,318.1200,138.7200,2.947e-06
met2,318.1200,144.1600,met3,318.1200,144.1600,5.440e-06
met2,318.1200,149.6000,met3,318.1200,149.6000,4.961e-06
met2,318.1200,155.0400,met3,318.1200,155.0400,6.145e-06
met2,318.1200,160.4800,met3,318.1200,160.4800,4.919e-06
met2,318.1200,165.9200,met3,318.1200,165.9200,7.667e-06
met2,318.1200,171.3600,met3,318.1200,171.3600,6.445e-06
met2,318.1200,176.8000,met3,318.1200,176.8000,8.287e-06
met2,318.1200,182.2400,met3,318.1200,182.2400,9.183e-06
met2,318.1200,187.6800,met3,318.1200,187.6800,8.654e-06
met2,318.1200,193.1200,met3,318.1200,193.1200,1.017e-05
met2,318.1200,198.5600,met3,318.1200,198.5600,1.144e-05
met2,318.1200,204.0000,met3,318.1200,204.0000,6.961e-06
met2,318.1200,209.4400,met3,318.1200,209.4400,1.291e-05
met2,318.1200,214.8800,met3,318.1200,214.8800,9.970e-06
met2,318.1200,220.3200,met3,318.1200,220.3200,8.627e-06
met2,318.1200,225.7600,met3,318.1200,225.7600,1.049e-05
met2,318.1200,231.2000,met3,318.1200,231.2000,7.904e-06
met2,318.1200,236.6400,met3,318.1200,236.6400,7.753e-06
met2,318.1200,242.0800,met3,318.1200,242.0800,6.671e-06
met2,318.1200,247.5200,met3,318.1200,247.5200,4.306e-06
met2,318.1200,252.9600,met3,318.1200,252.9600,4.477e-06
met2,318.1200,258.4000,met3,318.1200,258.4000,2.753e-06
met2,318.1200,263.8400,met3,318.1200,263.8400,5.315e-06
met2,318.1200,269.2800,met3,318.1200,269.2800,2.755e-06
met2,318.1200,274.7200,met3,318.1200,274.7200,3.184e-06
met2,318.1200,280.1600,met3,318.1200,280.1600,1.726e-06
met2,318.1200,285.6000,met3,318.1200,285.6000,2.645e-06
met2,318.1200,291.0400,met3,318.1200,291.0400,2.767e-06
met2,318.1200,296.4800,met3,318.1200,296.4800,1.142e-06
met2,318.1200,301.9200,met3,318.1200,301.9200,4.197e-06
met2,318.1200,307.3600,met3,318.1200,307.3600,1.309e-07
met2,318.1200,312.8000,met3,318.1200,312.8000,2.435e-06
met2,318.1200,318.2400,met3,318.1200,318.2400,1.127e-06
met2,318.1200,323.6800,met3,318.1200,323.6800,1.248e-06
met2,318.1200,329.1200,met3,318.1200,329.1200,1.303e-06
met2,318.1200,334.5600,met3,318.1200,334.5600,6.255e-07
met2,318.1200,340.0000,met3,318.1200,340.0000,6.075e-07
met2,318.1200,345.4400,met3,318.1200,345.4400,1.437e-06
met2,318.1200,350.8800,met3,318.1200,350.8800,3.564e-07
met2,318.1200,356.3200,met3,318.1200,356.3200,1.606e-06
met2,318.1200,361.7600,met3,318.1200,361.7600,3.494e-07
met2,318.1200,367.2000,met3,318.1200,367.2000,1.034e-06
met2,318.1200,372.6400,met3,318.1200,372.6400,1.308e-06
met2,318.1200,378.0800,met3,318.1200,378.0800,1.455e-06
met2,318.1200,383.5200,met3,318.1200,383.5200,2.956e-06
met2,318.1200,388.9600,met3,318.1200,388.9600,6.968e-07
met2,318.1200,394.4000,met3,318.1200,394.4000,2.370e-06
met2,318.1200,399.8400,met3,318.1200,399.8400,6.281e-07
met2,318.1200,405.2800,met3,318.1200,405.2800,1.589e-06
met2,318.1200,410.7200,met3,318.1200,410.7200,1.286e-06
met2,318.1200,416.1600,met3,318.1200,416.1600,1.237e-06
met2,318.1200,421.6000,met3,318.1200,421.6000,2.096e-06
met2,318.1200,427.0400,met3,318.1200,427.0400,1.401e-06
met2,318.1200,432.4800,met3,318.1200,432.4800,2.348e-06
met2,318.1200,437.9200,met3,318.1200,437.9200,1.707e-06
met2,318.1200,443.3600,met3,318.1200,443.3600,2.629e-06
met2,318.1200,448.8000,met3,318.1200,448.8000,1.606e-06
met2,358.1200,13.6000,met3,358.1200,13.6000,3.599e-06
met2,358.1200,19.0400,met3,358.1200,19.0400,7.704e-06
met2,358.1200,24.4800,met3,358.1200,24.4800,1.156e-06
met2,358.1200,29.9200,met3,358.1200,29.9200,6.697e-06
met2,358.1200,35.3600,met3,358.1200,35.3600,4.191e-06
met2,358.1200,40.8000,met3,358.1200,40.8000,4.565e-06
met2,358.1200,46.2400,met3,358.1200,46.2400,5.388e-06
met2,358.1200,51.6800,met3,358.1200,51.6800,3.823e-06
met2,358.1200,57.1200,met3,358.1200,57.1200,5.975e-06
met2,358.1200,62.5600,met3,358.1200,62.5600,4.275e-06
met2,358.1200,68.0000,met3,358.1200,68.0000,6.993e-06
met2,358.1200,73.4400,met3,358.1200,73.4400,7.480e-06
met2,358.1200,78.8800,met3,358.1200,78.8800,7.319e-06
met2,358.1200,84.3200,met3,358.1200,84.3200,7.426e-06
met2,358.1200,89.7600,met3,358.1200,89.7600,3.879e-06
met2,358.1200,95.2000,met3,358.1200,95.2000,3.888e-06
met2,358.1200,100.6400,met3,358.1200,100.6400,7.441e-06
met2,358.1200,106.0800,met3,358.1200,106.0800,3.000e-06
met2,358.1200,111.5200,met3,358.1200,111.5200,4.407e-06
met2,358.1200,116.9600,met3,358.1200,116.9600,4.492e-06
met2,358.1200,122.4000,met3,358.1200,122.4000,4.256e-06
met2,358.1200,127.8400,met3,358.1200,127.8400,5.129e-06
met2,358.1200,133.2800,met3,358.1200,133.2800,2.716e-06
met2,358.1200,138.7200,met3,358.1200,138.7200,5.025e-06
met2,358.1200,144.1600,met3,358.1200,144.1600,6.773e-06
met2,358.1200,149.6000,met3,358.1200,149.6000,4.526e-06
met2,358.1200,155.0400,met3,358.1200,155.0400,8.047e-06
met2,358.1200,160.4800,met3,358.1200,160.4800,3.390e-06
met2,358.1200,165.9200,met3,358.1200,165.9200,8.157e-06
met2,358.1200,171.3600,met3,358.1200,171.3600,6.478e-06
met2,358.1200,176.8000,met3,358.1200,176.8000,6.984e-06
met2,358.1200,182.2400,met3,358.1200,182.2400,7.268e-06
met2,358.1200,187.6800,met3,358.1200,187.6800,7.921e-06
met2,358.1200,193.1200,met3,358.1200,193.1200,8.254e-06
met2,358.1200,198.5600,met3,358.1200,198.5600,8.248e-06
met2,358.1200,204.0000,met3,358.1200,204.0000,7.903e-06
met2,358.1200,209.4400,met3,358.1200,209.4400,1.013e-05
met2,358.1200,214.8800,met3,358.1200,214.8800,6.773e-06
met2,358.1200,220.3200,met3,358.1200,220.3200,9.673e-06
met2,358.1200,225.7600,met3,358.1200,225.7600,6.200e-06
met2,358.1200,231.2000,met3,358.1200,231.2000,6.143e-06
met2,358.1200,236.6400,met3,358.1200,236.6400,4.872e-06
met2,358.1200,242.0800,met3,358.1200,242.0800,3.063e-06
met2,358.1200,247.5200,met3,358.1200,247.5200,3.487e-06
met2,358.1200,252.9600,met3,358.1200,252.9600,3.262e-06
met2,358.1200,258.4000,met3,358.1200,258.4000,2.896e-06
met2,358.1200,263.8400,met3,358.1200,263.8400,4.111e-06
met2,358.1200,269.2800,met3,358.1200,269.2800,1.786e-06
met2,358.1200,274.7200,met3,358.1200,274.7200,3.341e-06
met2,358.1200,280.1600,met3,358.1200,280.1600,1.186e-06
met2,358.1200,285.6000,met3,358.1200,285.6000,3.092e-06
met2,358.1200,291.0400,met3,358.1200,291.0400,1.580e-06
met2,358.1200,296.4800,met3,358.1200,296.4800,1.111e-06
met2,358.1200,301.9200,met3,358.1200,301.9200,3.965e-06
met2,358.1200,307.3600,met3,358.1200,307.3600,1.388e-08
met2,358.1200,312.8000,met3,358.1200,312.8000,2.483e-06
met2,358.1200,318.2400,met3,358.1200,318.2400,7.451e-07
met2,358.1200,323.6800,met3,358.1200,323.6800,2.093e-06
met2,358.1200,329.1200,met3,358.1200,329.1200,1.699e-06
met2,358.1200,334.5600,met3,358.1200,334.5600,9.060e-07
met2,358.1200,340.0000,met3,358.1200,340.0000,1.211e-06
met2,358.1200,345.4400,met3,358.1200,345.4400,1.492e-06
met2,358.1200,350.8800,met3,358.1200,350.8800,2.831e-07
met2,358.1200,356.3200,met3,358.1200,356.3200,2.505e-06
met2,358.1200,361.7600,met3,358.1200,361.7600,2.436e-07
met2,358.1200,367.2000,met3,358.1200,367.2000,2.506e-07
met2,358.1200,372.6400,met3,358.1200,372.6400,1.148e-06
met2,358.1200,378.0800,met3,358.1200,378.0800,1.572e-06
met2,358.1200,383.5200,met3,358.1200,383.5200,2.428e-06
met2,358.1200,388.9600,met3,358.1200,388.9600,1.031e-06
met2,358.1200,394.4000,met3,358.1200,394.4000,9.538e-07
met2,358.1200,399.8400,met3,358.1200,399.8400,1.980e-06
met2,358.1200,405.2800,met3,358.1200,405.2800,1.295e-06
met2,358.1200,410.7200,met3,358.1200,410.7200,2.001e-06
met2,358.1200,416.1600,met3,358.1200,416.1600,2.008e-06
met2,358.1200,421.6000,met3,358.1200,421.6000,8.041e-07
met2,358.1200,427.0400,met3,358.1200,427.0400,2.344e-06
met2,358.1200,432.4800,met3,358.1200,432.4800,1.898e-06
met2,358.1200,437.9200,met3,358.1200,437.9200,1.128e-06
met2,358.1200,443.3600,met3,358.1200,443.3600,2.209e-06
met2,358.1200,448.8000,met3,358.1200,448.8000,1.894e-06
met2,398.1200,13.6000,met3,398.1200,13.6000,3.425e-06
met2,398.1200,19.0400,met3,398.1200,19.0400,7.602e-06
met2,398.1200,24.4800,met3,398.1200,24.4800,1.783e-06
met2,398.1200,29.9200,met3,398.1200,29.9200,6.243e-06
met2,398.1200,35.3600,met3,398.1200,35.3600,5.024e-06
met2,398.1200,40.8000,met3,398.1200,40.8000,4.879e-06
met2,398.1200,46.2400,met3,398.1200,46.2400,5.315e-06
met2,398.1200,51.6800,met3,398.1200,51.6800,2.381e-06
met2,398.1200,57.1200,met3,398.1200,57.1200,6.299e-06
met2,398.1200,62.5600,met3,398.1200,62.5600,3.799e-06
met2,398.1200,68.0000,met3,398.1200,68.0000,4.731e-06
met2,398.1200,73.4400,met3,398.1200,73.4400,7.216e-06
met2,398.1200,78.8800,met3,398.1200,78.8800,3.823e-06
met2,398.1200,84.3200,met3,398.1200,84.3200,6.997e-06
met2,398.1200,89.7600,met3,398.1200,89.7600,2.746e-06
met2,398.1200,95.2000,met3,398.1200,95.2000,4.532e-06
met2,398.1200,100.6400,met3,398.1200,100.6400,6.650e-06
met2,398.1200,106.0800,met3,398.1200,106.0800,3.164e-06
met2,398.1200,111.5200,met3,398.1200,111.5200,4.033e-06
met2,398.1200,116.9600,met3,398.1200,116.9600,6.235e-06
met2,398.1200,122.4000,met3,398.1200,122.4000,3.698e-06
met2,398.1200,127.8400,met3,398.1200,127.8400,4.858e-06
met2,398.1200,133.2800,met3,398.1200,133.2800,4.370e-06
met2,398.1200,138.7200,met3,398.1200,138.7200,5.153e-06
met2,398.1200,144.1600,met3,398.1200,144.1600,4.990e-06
met2,398.1200,149.6000,met3,398.1200,149.6000,4.002e-06
met2,398.1200,155.0400,met3,398.1200,155.0400,7.001e-06
met2,398.1200,160.4800,met3,398.1200,160.4800,2.593e-06
met2,398.1200,165.9200,met3,398.1200,165.9200,6.956e-06
met2,398.1200,171.3600,met3,398.1200,171.3600,3.149e-06
met2,398.1200,176.8000,met3,398.1200,176.8000,5.547e-06
met2,398.1200,182.2400,met3,398.1200,182.2400,5.309e-06
met2,398.1200,187.6800,met3,398.1200,187.6800,4.469e-06
met2,398.1200,193.1200,met3,398.1200,193.1200,6.418e-06
met2,398.1200,198.5600,met3,398.1200,198.5600,3.746e-06
met2,398.1200,204.0000,met3,398.1200,204.0000,5.950e-06
met2,398.1200,209.4400,met3,398.1200,209.4400,6.271e-06
met2,398.1200,214.8800,met3,398.1200,214.8800,2.000e-06
met2,398.1200,220.3200,met3,398.1200,220.3200,8.270e-06
met2,398.1200,225.7600,met3,398.1200,225.7600,2.305e-06
met2,398.1200,231.2000,met3,398.1200,231.2000,3.811e-06
met2,398.1200,236.6400,met3,398.1200,236.6400,2.078e-06
met2,398.1200,242.0800,met3,398.1200,242.0800,2.424e-07
met2,398.1200,247.5200,met3,398.1200,247.5200,2.710e-06
met2,398.1200,252.9600,met3,398.1200,252.9600,1.055e-06
met2,398.1200,258.4000,met3,398.1200,258.4000,2.147e-06
met2,398.1200,263.8400,met3,398.1200,263.8400,1.179e-06
met2,398.1200,269.2800,met3,398.1200,269.2800,1.432e-06
met2,398.1200,274.7200,met3,398.1200,274.7200,1.754e-06
met2,398.1200,280.1600,met3,398.1200,280.1600,3.122e-07
met2,398.1200,285.6000,met3,398.1200,285.6000,2.575e-06
met2,398.1200,291.0400,met3,398.1200,291.0400,1.467e-06
met2,398.1200,296.4800,met3,398.1200,296.4800,2.383e-07
met2,398.1200,301.9200,met3,398.1200,301.9200,2.574e-06
met2,398.1200,307.3600,met3,398.1200,307.3600,2.920e-07
met2,398.1200,312.8000,met3,398.1200,312.8000,1.428e-06
met2,398.1200,318.2400,met3,398.1200,318.2400,1.555e-06
met2,398.1200,323.6800,met3,398.1200,323.6800,1.299e-06
met2,398.1200,329.1200,met3,398.1200,329.1200,2.466e-06
met2,398.1200,334.5600,met3,398.1200,334.5600,4.843e-07
met2,398.1200,340.0000,met3,398.1200,340.0000,1.685e-06
met2,398.1200,345.4400,met3,398.1200,345.4400,1.365e-06
met2,398.1200,350.8800,met3,398.1200,350.8800,7.347e-07
met2,398.1200,356.3200,met3,398.1200,356.3200,2.334e-06
met2,398.1200,361.7600,met3,398.1200,361.7600,7.685e-08
met2,398.1200,367.2000,met3,398.1200,367.2000,1.457e-06
met2,398.1200,372.6400,met3,398.1200,372.6400,6.888e-07
met2,398.1200,378.0800,met3,398.1200,378.0800,9.108e-07
met2,398.1200,383.5200,met3,398.1200,383.5200,2.192e-06
met2,398.1200,388.9600,met3,398.1200,388.9600,8.357e-07
met2,398.1200,394.4000,met3,398.1200,394.4000,1.463e-06
met2,398.1200,399.8400,met3,398.1200,399.8400,1.670e-06
met2,398.1200,405.2800,met3,398.1200,405.2800,1.169e-06
met2,398.1200,410.7200,met3,398.1200,410.7200,1.433e-06
met2,398.1200,416.1600,met3,398.1200,416.1600,2.067e-06
met2,398.1200,421.6000,met3,398.1200,421.6000,5.814e-07
met2,398.1200,427.0400,met3,398.1200,427.0400,2.302e-06
met2,398.1200,432.4800,met3,398.1200,432.4800,1.778e-06
met2,398.1200,437.9200,met3,398.1200,437.9200,1.262e-06
met2,398.1200,443.3600,met3,398.1200,443.3600,2.120e-06
met2,398.1200,448.8000,met3,398.1200,448.8000,1.899e-06
met2,438.1200,13.6000,met3,438.1200,13.6000,3.332e-06
met2,438.1200,19.0400,met3,438.1200,19.0400,7.271e-06
met2,438.1200,24.4800,met3,438.1200,24.4800,2.914e-06
met2,438.1200,29.9200,met3,438.1200,29.9200,6.174e-06
met2,438.1200,35.3600,met3,438.1200,35.3600,3.583e-06
met2,438.1200,40.8000,met3,438.1200,40.8000,3.406e-06
met2,438.1200,46.2400,met3,438.1200,46.2400,6.680e-06
met2,438.1200,51.6800,met3,438.1200,51.6800,2.256e-06
met2,438.1200,57.1200,met3,438.1200,57.1200,6.404e-06
met2,438.1200,62.5600,met3,438.1200,62.5600,2.856e-06
met2,438.1200,68.0000,met3,438.1200,68.0000,5.843e-06
met2,438.1200,73.4400,met3,438.1200,73.4400,5.096e-06
met2,438.1200,78.8800,met3,438.1200,78.8800,3.315e-06
met2,438.1200,84.3200,met3,438.1200,84.3200,6.346e-06
met2,438.1200,89.7600,met3,438.1200,89.7600,4.297e-06
met2,438.1200,95.2000,met3,438.1200,95.2000,1.956e-06
met2,438.1200,100.6400,met3,438.1200,100.6400,7.199e-06
met2,438.1200,106.0800,met3,438.1200,106.0800,2.447e-06
met2,438.1200,111.5200,met3,438.1200,111.5200,5.173e-06
met2,438.1200,116.9600,met3,438.1200,116.9600,4.858e-06
met2,438.1200,122.4000,met3,438.1200,122.4000,2.670e-06
met2,438.1200,127.8400,met3,438.1200,127.8400,5.868e-06
met2,438.1200,133.2800,met3,438.1200,133.2800,3.269e-06
met2,438.1200,138.7200,met3,438.1200,138.7200,6.316e-06
met2,438.1200,144.1600,met3,438.1200,144.1600,1.526e-06
met2,438.1200,149.6000,met3,438.1200,149.6000,3.767e-06
met2,438.1200,155.0400,met3,438.1200,155.0400,6.011e-06
met2,438.1200,160.4800,met3,438.1200,160.4800,1.849e-06
met2,438.1200,165.9200,met3,438.1200,165.9200,6.129e-06
met2,438.1200,171.3600,met3,438.1200,171.3600,1.099e-06
met2,438.1200,176.8000,met3,438.1200,176.8000,2.121e-06
met2,438.1200,182.2400,met3,438.1200,182.2400,4.736e-06
met2,438.1200,187.6800,met3,438.1200,187.6800,2.470e-06
met2,438.1200,193.1200,met3,438.1200,193.1200,4.064e-06
met2,438.1200,198.5600,met3,438.1200,198.5600,2.190e-07
met2,438.1200,204.0000,met3,438.1200,204.0000,1.451e-06
met2,438.1200,209.4400,met3,438.1200,209.4400,4.143e-06
met2,438.1200,214.8800,met3,438.1200,214.8800,9.531e-07
met2,438.1200,220.3200,met3,438.1200,220.3200,3.708e-06
met2,438.1200,225.7600,met3,438.1200,225.7600,1.178e-06
met2,438.1200,231.2000,met3,438.1200,231.2000,3.985e-07
met2,438.1200,236.6400,met3,438.1200,236.6400,3.730e-08
met2,438.1200,242.0800,met3,438.1200,242.0800,1.920e-06
met2,438.1200,247.5200,met3,438.1200,247.5200,1.880e-06
met2,438.1200,252.9600,met3,438.1200,252.9600,1.119e-06
met2,438.1200,258.4000,met3,438.1200,258.4000,2.622e-06
met2,438.1200,263.8400,met3,438.1200,263.8400,8.402e-07
met2,438.1200,269.2800,met3,438.1200,269.2800,3.351e-07
met2,438.1200,274.7200,met3,438.1200,274.7200,1.745e-06
met2,438.1200,280.1600,met3,438.1200,280.1600,3.551e-07
met2,438.1200,285.6000,met3,438.1200,285.6000,1.909e-06
met2,438.1200,291.0400,met3,438.1200,291.0400,2.366e-07
met2,438.1200,296.4800,met3,438.1200,296.4800,4.253e-07
met2,438.1200,301.9200,met3,438.1200,301.9200,2.157e-06
met2,438.1200,307.3600,met3,438.1200,307.3600,1.576e-07
met2,438.1200,312.8000,met3,438.1200,312.8000,2.032e-06
met2,438.1200,318.2400,met3,438.1200,318.2400,1.474e-06
met2,438.1200,323.6800,met3,438.1200,323.6800,2.051e-07
met2,438.1200,329.1200,met3,438.1200,329.1200,3.494e-06
met2,438.1200,334.5600,met3,438.1200,334.5600,3.592e-07
met2,438.1200,340.0000,met3,438.1200,340.0000,2.344e-06
met2,438.1200,345.4400,met3,438.1200,345.4400,9.821e-07
met2,438.1200,350.8800,met3,438.1200,350.8800,1.037e-06
met2,438.1200,356.3200,met3,438.1200,356.3200,2.462e-06
met2,438.1200,361.7600,met3,438.1200,361.7600,3.647e-07
met2,438.1200,367.2000,met3,438.1200,367.2000,2.513e-06
met2,438.1200,372.6400,met3,438.1200,372.6400,5.914e-07
met2,438.1200,378.0800,met3,438.1200,378.0800,8.849e-07
met2,438.1200,383.5200,met3,438.1200,383.5200,3.043e-06
met2,438.1200,388.9600,met3,438.1200,388.9600,1.057e-07
met2,438.1200,394.4000,met3,438.1200,394.4000,2.315e-06
met2,438.1200,399.8400,met3,438.1200,399.8400,1.395e-06
met2,438.1200,405.2800,met3,438.1200,405.2800,3.025e-08
met2,438.1200,410.7200,met3,438.1200,410.7200,1.994e-06
met2,438.1200,416.1600,met3,438.1200,416.1600,2.028e-06
met2,438.1200,421.6000,met3,438.1200,421.6000,1.471e-06
met2,438.1200,427.0400,met3,438.1200,427.0400,1.617e-06
met2,438.1200,432.4800,met3,438.1200,432.4800,2.488e-06
met2,438.1200,437.9200,met3,438.1200,437.9200,3.556e-07
met2,438.1200,443.3600,met3,438.1200,443.3600,1.218e-06
met2,438.1200,448.8000,met3,438.1200,448.8000,2.554e-06
met3,38.1200,13.6000,met4,38.1200,13.6000,4.461e-06
met3,38.1200,19.0400,met4,38.1200,19.0400,1.133e-05
met3,38.1200,24.4800,met4,38.1200,24.4800,7.201e-06
met3,38.1200,29.9200,met4,38.1200,29.9200,8.247e-06
met3,38.1200,35.3600,met4,38.1200,35.3600,6.937e-06
met3,38.1200,40.8000,met4,38.1200,40.8000,6.875e-06
met3,38.1200,46.2400,met4,38.1200,46.2400,1.026e-05
met3,38.1200,51.6800,met4,38.1200,51.6800,7.409e-06
met3,38.1200,57.1200,met4,38.1200,57.1200,6.584e-06
met3,38.1200,62.5600,met4,38.1200,62.5600,9.956e-06
met3,38.1200,68.0000,met4,38.1200,68.0000,7.004e-06
met3,38.1200,73.4400,met4,38.1200,73.4400,6.068e-06
met3,38.1200,78.8800,met4,38.1200,78.8800,8.437e-06
met3,38.1200,84.3200,met4,38.1200,84.3200,6.415e-06
met3,38.1200,89.7600,met4,38.1200,89.7600,6.178e-06
met3,38.1200,95.2000,met4,38.1200,95.2000,9.545e-06
met3,38.1200,100.6400,met4,38.1200,100.6400,6.859e-06
met3,38.1200,106.0800,met4,38.1200,106.0800,7.498e-06
met3,38.1200,111.5200,met4,38.1200,111.5200,7.405e-06
met3,38.1200,116.9600,met4,38.1200,116.9600,6.149e-06
met3,38.1200,122.4000,met4,38.1200,122.4000,6.066e-06
met3,38.1200,127.8400,met4,38.1200,127.8400,6.383e-06
met3,38.1200,133.2800,met4,38.1200,133.2800,9.242e-06
met3,38.1200,138.7200,met4,38.1200,138.7200,3.655e-06
met3,38.1200,144.1600,met4,38.1200,144.1600,8.595e-06
met3,38.1200,149.6000,met4,38.1200,149.6000,4.891e-06
met3,38.1200,155.0400,met4,38.1200,155.0400,8.670e-06
met3,38.1200,160.4800,met4,38.1200,160.4800,3.705e-06
met3,38.1200,165.9200,met4,38.1200,165.9200,5.164e-06
met3,38.1200,171.3600,met4,38.1200,171.3600,7.489e-06
met3,38.1200,176.8000,met4,38.1200,176.8000,5.373e-06
met3,38.1200,182.2400,met4,38.1200,182.2400,3.895e-06
met3,38.1200,187.6800,met4,38.1200,187.6800,7.971e-06
met3,38.1200,193.1200,met4,38.1200,193.1200,4.373e-06
met3,38.1200,198.5600,met4,38.1200,198.5600,6.482e-06
met3,38.1200,204.0000,met4,38.1200,204.0000,6.125e-06
met3,38.1200,209.4400,met4,38.1200,209.4400,4.835e-06
met3,38.1200,214.8800,met4,38.1200,214.8800,6.591e-06
met3,38.1200,220.3200,met4,38.1200,220.3200,5.666e-06
met3,38.1200,225.7600,met4,38.1200,225.7600,6.690e-06
met3,38.1200,231.2000,met4,38.1200,231.2000,3.136e-06
met3,38.1200,236.6400,met4,38.1200,236.6400,7.585e-06
met3,38.1200,242.0800,met4,38.1200,242.0800,6.033e-06
met3,38.1200,247.5200,met4,38.1200,247.5200,5.609e-07
met3,38.1200,252.9600,met4,38.1200,252.9600,3.247e-07
met3,38.1200,258.4000,met4,38.1200,258.4000,5.532e-07
met3,38.1200,263.8400,met4,38.1200,263.8400,5.423e-07
met3,38.1200,269.2800,met4,38.1200,269.2800,6.143e-07
met3,38.1200,274.7200,met4,38.1200,274.7200,6.445e-07
met3,38.1200,280.1600,met4,38.1200,280.1600,6.784e-07
met3,38.1200,285.6000,met4,38.1200,285.6000,7.216e-07
met3,38.1200,291.0400,met4,38.1200,291.0400,8.144e-07
met3,38.1200,296.4800,met4,38.1200,296.4800,5.153e-08
met3,38.1200,301.9200,met4,38.1200,301.9200,9.164e-07
met3,38.1200,307.3600,met4,38.1200,307.3600,9.934e-07
met3,38.1200,312.8000,met4,38.1200,312.8000,1.063e-06
met3,38.1200,318.2400,met4,38.1200,318.2400,1.196e-06
met3,38.1200,323.6800,met4,38.1200,323.6800,1.098e-06
met3,38.1200,329.1200,met4,38.1200,329.1200,3.606e-07
met3,38.1200,334.5600,met4,38.1200,334.5600,2.105e-06
met3,38.1200,340.0000,met4,38.1200,340.0000,1.635e-06
met3,38.1200,345.4400,met4,38.1200,345.4400,1.878e-07
met3,38.1200,350.8800,met4,38.1200,350.8800,1.409e-06
met3,38.1200,356.3200,met4,38.1200,356.3200,1.667e-06
met3,38.1200,361.7600,met4,38.1200,361.7600,1.071e-06
met3,38.1200,367.2000,met4,38.1200,367.2000,1.783e-07
met3,38.1200,372.6400,met4,38.1200,372.6400,1.960e-06
met3,38.1200,378.0800,met4,38.1200,378.0800,5.348e-08
met3,38.1200,383.5200,met4,38.1200,383.5200,3.177e-06
met3,38.1200,388.9600,met4,38.1200,388.9600,9.427e-07
met3,38.1200,394.4000,met4,38.1200,394.4000,4.001e-07
met3,38.1200,399.8400,met4,38.1200,399.8400,2.869e-06
met3,38.1200,405.2800,met4,38.1200,405.2800,3.130e-06
met3,38.1200,410.7200,met4,38.1200,410.7200,2.640e-07
met3,38.1200,416.1600,met4,38.1200,416.1600,1.660e-06
met3,38.1200,421.6000,met4,38.1200,421.6000,1.734e-06
met3,38.1200,427.0400,met4,38.1200,427.0400,1.801e-06
met3,38.1200,432.4800,met4,38.1200,432.4800,3.056e-06
met3,38.1200,437.9200,met4,38.1200,437.9200,7.680e-07
met3,38.1200,443.3600,met4,38.1200,443.3600,2.083e-06
met3,38.1200,448.8000,met4,38.1200,448.8000,1.843e-06
met3,78.1200,13.6000,met4,78.1200,13.6000,6.968e-06
met3,78.1200,19.0400,met4,78.1200,19.0400,1.233e-05
met3,78.1200,24.4800,met4,78.1200,24.4800,1.004e-05
met3,78.1200,29.9200,met4,78.1200,29.9200,1.161e-05
met3,78.1200,35.3600,met4,78.1200,35.3600,9.045e-06
met3,78.1200,40.8000,met4,78.1200,40.8000,1.018e-05
met3,78.1200,46.2400,met4,78.1200,46.2400,1.071e-05
met3,78.1200,51.6800,met4,78.1200,51.6800,7.151e-06
met3,78.1200,57.1200,met4,78.1200,57.1200,1.193e-05
met3,78.1200,62.5600,met4,78.1200,62.5600,1.098e-05
met3,78.1200,68.0000,met4,78.1200,68.0000,8.137e-06
met3,78.1200,73.4400,met4,78.1200,73.4400,1.067e-05
met3,78.1200,78.8800,met4,78.1200,78.8800,9.693e-06
met3,78.1200,84.3200,met4,78.1200,84.3200,8.034e-06
met3,78.1200,89.7600,met4,78.1200,89.7600,9.279e-06
met3,78.1200,95.2000,met4,78.1200,95.2000,8.668e-06
met3,78.1200,100.6400,met4,78.1200,100.6400,9.272e-06
met3,78.1200,106.0800,met4,78.1200,106.0800,6.707e-06
met3,78.1200,111.5200,met4,78.1200,111.5200,9.140e-06
met3,78.1200,116.9600,met4,78.1200,116.9600,4.758e-06
met3,78.1200,122.4000,met4,78.1200,122.4000,6.608e-06
met3,78.1200,127.8400,met4,78.1200,127.8400,6.249e-06
met3,78.1200,133.2800,met4,78.1200,133.2800,5.779e-06
met3,78.1200,138.7200,met4,78.1200,138.7200,5.186e-06
met3,78.1200,144.1600,met4,78.1200,144.1600,6.608e-06
met3,78.1200,149.6000,met4,78.1200,149.6000,7.333e-06
met3,78.1200,155.0400,met4,78.1200,155.0400,4.948e-06
met3,78.1200,160.4800,met4,78.1200,160.4800,6.055e-06
met3,78.1200,165.9200,met4,78.1200,165.9200,5.335e-06
met3,78.1200,171.3600,met4,78.1200,171.3600,4.042e-06
met3,78.1200,176.8000,met4,78.1200,176.8000,5.775e-06
met3,78.1200,182.2400,met4,78.1200,182.2400,4.824e-06
met3,78.1200,187.6800,met4,78.1200,187.6800,6.711e-06
met3,78.1200,193.1200,met4,78.1200,193.1200,4.768e-06
met3,78.1200,198.5600,met4,78.1200,198.5600,5.054e-06
met3,78.1200,204.0000,met4,78.1200,204.0000,6.205e-06
met3,78.1200,209.4400,met4,78.1200,209.4400,3.857e-06
met3,78.1200,214.8800,met4,78.1200,214.8800,6.592e-06
met3,78.1200,220.3200,met4,78.1200,220.3200,5.748e-06
met3,78.1200,225.7600,met4,78.1200,225.7600,5.092e-06
met3,78.1200,231.2000,met4,78.1200,231.2000,4.084e-06
met3,78.1200,236.6400,met4,78.1200,236.6400,6.292e-06
met3,78.1200,242.0800,met4,78.1200,242.0800,3.266e-06
met3,78.1200,247.5200,met4,78.1200,247.5200,1.012e-06
met3,78.1200,252.9600,met4,78.1200,252.9600,9.610e-07
met3,78.1200,258.4000,met4,78.1200,258.4000,1.287e-07
met3,78.1200,263.8400,met4,78.1200,263.8400,8.674e-09
met3,78.1200,269.2800,met4,78.1200,269.2800,3.015e-07
met3,78.1200,274.7200,met4,78.1200,274.7200,3.407e-07
met3,78.1200,280.1600,met4,78.1200,280.1600,3.743e-07
met3,78.1200,285.6000,met4,78.1200,285.6000,2.550e-07
met3,78.1200,291.0400,met4,78.1200,291.0400,5.946e-07
met3,78.1200,296.4800,met4,78.1200,296.4800,3.523e-07
met3,78.1200,301.9200,met4,78.1200,301.9200,4.879e-07
met3,78.1200,307.3600,met4,78.1200,307.3600,6.790e-07
met3,78.1200,312.8000,met4,78.1200,312.8000,7.914e-07
met3,78.1200,318.2400,met4,78.1200,318.2400,1.092e-06
met3,78.1200,323.6800,met4,78.1200,323.6800,6.563e-07
met3,78.1200,329.1200,met4,78.1200,329.1200,7.610e-07
met3,78.1200,334.5600,met4,78.1200,334.5600,1.708e-06
met3,78.1200,340.0000,met4,78.1200,340.0000,2.768e-07
met3,78.1200,345.4400,met4,78.1200,345.4400,5.241e-07
met3,78.1200,350.8800,met4,78.1200,350.8800,7.119e-07
met3,78.1200,356.3200,met4,78.1200,356.3200,7.338e-07
met3,78.1200,361.7600,met4,78.1200,361.7600,1.104e-06
met3,78.1200,367.2000,met4,78.1200,367.2000,6.636e-08
met3,78.1200,372.6400,met4,78.1200,372.6400,2.098e-06
met3,78.1200,378.0800,met4,78.1200,378.0800,5.314e-07
met3,78.1200,383.5200,met4,78.1200,383.5200,1.844e-06
met3,78.1200,388.9600,met4,78.1200,388.9600,1.768e-06
met3,78.1200,394.4000,met4,78.1200,394.4000,2.922e-07
met3,78.1200,399.8400,met4,78.1200,399.8400,1.659e-06
met3,78.1200,405.2800,met4,78.1200,405.2800,2.633e-06
met3,78.1200,410.7200,met4,78.1200,410.7200,6.094e-07
met3,78.1200,416.1600,met4,78.1200,416.1600,1.947e-06
met3,78.1200,421.6000,met4,78.1200,421.6000,1.003e-06
met3,78.1200,427.0400,met4,78.1200,427.0400,2.517e-06
met3,78.1200,432.4800,met4,78.1200,432.4800,1.041e-06
met3,78.1200,437.9200,met4,78.1200,437.9200,2.475e-06
met3,78.1200,443.3600,met4,78.1200,443.3600,1.727e-06
met3,78.1200,448.8000,met4,78.1200,448.8000,1.721e-06
met3,118.1200,13.6000,met4,118.1200,13.6000,6.043e-06
met3,118.1200,19.0400,met4,118.1200,19.0400,1.124e-05
met3,118.1200,24.4800,met4,118.1200,24.4800,6.822e-06
met3,118.1200,29.9200,met4,118.1200,29.9200,1.030e-05
met3,118.1200,35.3600,met4,118.1200,35.3600,8.988e-06
met3,118.1200,40.8000,met4,118.1200,40.8000,8.081e-06
met3,118.1200,46.2400,met4,118.1200,46.2400,8.807e-06
met3,118.1200,51.6800,met4,118.1200,51.6800,5.314e-06
met3,118.1200,57.1200,met4,118.1200,57.1200,8.510e-06
met3,118.1200,62.5600,met4,118.1200,62.5600,8.728e-06
met3,118.1200,68.0000,met4,118.1200,68.0000,7.557e-06
met3,118.1200,73.4400,met4,118.1200,73.4400,8.845e-06
met3,118.1200,78.8800,met4,118.1200,78.8800,8.343e-06
met3,118.1200,84.3200,met4,118.1200,84.3200,6.821e-06
met3,118.1200,89.7600,met4,118.1200,89.7600,7.864e-06
met3,118.1200,95.2000,met4,118.1200,95.2000,5.658e-06
met3,118.1200,100.6400,met4,118.1200,100.6400,8.550e-06
met3,118.1200,106.0800,met4,118.1200,106.0800,5.140e-06
met3,118.1200,111.5200,met4,118.1200,111.5200,7.956e-06
met3,118.1200,116.9600,met4,118.1200,116.9600,3.968e-06
met3,118.1200,122.4000,met4,118.1200,122.4000,5.962e-06
met3,118.1200,127.8400,met4,118.1200,127.8400,5.682e-06
met3,118.1200,133.2800,met4,118.1200,133.2800,2.605e-06
met3,118.1200,138.7200,met4,118.1200,138.7200,5.433e-06
met3,118.1200,144.1600,met4,118.1200,144.1600,4.853e-06
met3,118.1200,149.6000,met4,118.1200,149.6000,6.241e-06
met3,118.1200,155.0400,met4,118.1200,155.0400,3.359e-06
met3,118.1200,160.4800,met4,118.1200,160.4800,4.696e-06
met3,118.1200,165.9200,met4,118.1200,165.9200,4.841e-06
met3,118.1200,171.3600,met4,118.1200,171.3600,3.371e-06
met3,118.1200,176.8000,met4,118.1200,176.8000,6.035e-06
met3,118.1200,182.2400,met4,118.1200,182.2400,3.976e-06
met3,118.1200,187.6800,met4,118.1200,187.6800,6.965e-06
met3,118.1200,193.1200,met4,118.1200,193.1200,4.905e-06
met3,118.1200,198.5600,met4,118.1200,198.5600,5.175e-06
met3,118.1200,204.0000,met4,118.1200,204.0000,4.287e-06
met3,118.1200,209.4400,met4,118.1200,209.4400,4.514e-06
met3,118.1200,214.8800,met4,118.1200,214.8800,4.575e-06
met3,118.1200,220.3200,met4,118.1200,220.3200,5.637e-06
met3,118.1200,225.7600,met4,118.1200,225.7600,3.541e-06
met3,118.1200,231.2000,met4,118.1200,231.2000,4.924e-06
met3,118.1200,236.6400,met4,118.1200,236.6400,6.712e-06
met3,118.1200,242.0800,met4,118.1200,242.0800,2.902e-06
met3,118.1200,247.5200,met4,118.1200,247.5200,2.848e-06
met3,118.1200,252.9600,met4,118.1200,252.9600,2.053e-06
met3,118.1200,258.4000,met4,118.1200,258.4000,1.159e-06
met3,118.1200,263.8400,met4,118.1200,263.8400,1.461e-06
met3,118.1200,269.2800,met4,118.1200,269.2800,6.417e-07
met3,118.1200,274.7200,met4,118.1200,274.7200,5.665e-07
met3,118.1200,280.1600,met4,118.1200,280.1600,6.760e-07
met3,118.1200,285.6000,met4,118.1200,285.6000,1.380e-06
met3,118.1200,291.0400,met4,118.1200,291.0400,9.871e-08
met3,118.1200,296.4800,met4,118.1200,296.4800,5.669e-07
met3,118.1200,301.9200,met4,118.1200,301.9200,1.079e-06
met3,118.1200,307.3600,met4,118.1200,307.3600,6.698e-07
met3,118.1200,312.8000,met4,118.1200,312.8000,4.301e-07
met3,118.1200,318.2400,met4,118.1200,318.2400,9.135e-07
met3,118.1200,323.6800,met4,118.1200,323.6800,8.885e-07
met3,118.1200,329.1200,met4,118.1200,329.1200,9.659e-08
met3,118.1200,334.5600,met4,118.1200,334.5600,1.297e-07
met3,118.1200,340.0000,met4,118.1200,340.0000,8.954e-09
met3,118.1200,345.4400,met4,118.1200,345.4400,1.602e-07
met3,118.1200,350.8800,met4,118.1200,350.8800,1.153e-06
met3,118.1200,356.3200,met4,118.1200,356.3200,2.314e-07
met3,118.1200,361.7600,met4,118.1200,361.7600,2.293e-06
met3,118.1200,367.2000,met4,118.1200,367.2000,3.683e-07
met3,118.1200,372.6400,met4,118.1200,372.6400,2.600e-06
met3,118.1200,378.0800,met4,118.1200,378.0800,1.536e-06
met3,118.1200,383.5200,met4,118.1200,383.5200,8.067e-07
met3,118.1200,388.9600,met4,118.1200,388.9600,2.145e-06
met3,118.1200,394.4000,met4,118.1200,394.4000,7.036e-07
met3,118.1200,399.8400,met4,118.1200,399.8400,1.646e-06
met3,118.1200,405.2800,met4,118.1200,405.2800,1.923e-06
met3,118.1200,410.7200,met4,118.1200,410.7200,6.729e-07
met3,118.1200,416.1600,met4,118.1200,416.1600,3.013e-06
met3,118.1200,421.6000,met4,118.1200,421.6000,4.408e-07
met3,118.1200,427.0400,met4,118.1200,427.0400,3.449e-06
met3,118.1200,432.4800,met4,118.1200,432.4800,1.203e-06
met3,118.1200,437.9200,met4,118.1200,437.9200,2.335e-06
met3,118.1200,443.3600,met4,118.1200,443.3600,1.563e-06
met3,118.1200,448.8000,met4,118.1200,448.8000,2.299e-06
met3,158.1200,13.6000,met4,158.1200,13.6000,4.478e-06
met3,158.1200,19.0400,met4,158.1200,19.0400,7.510e-06
met3,158.1200,24.4800,met4,158.1200,24.4800,2.457e-06
met3,158.1200,29.9200,met4,158.1200,29.9200,4.961e-06
met3,158.1200,35.3600,met4,158.1200,35.3600,5.589e-06
met3,158.1200,40.8000,met4,158.1200,40.8000,4.425e-06
met3,158.1200,46.2400,met4,158.1200,46.2400,3.809e-06
met3,158.1200,51.6800,met4,158.1200,51.6800,2.193e-06
met3,158.1200,57.1200,met4,158.1200,57.1200,4.487e-06
met3,158.1200,62.5600,met4,158.1200,62.5600,5.093e-06
met3,158.1200,68.0000,met4,158.1200,68.0000,4.356e-06
met3,158.1200,73.4400,met4,158.1200,73.4400,5.974e-06
met3,158.1200,78.8800,met4,158.1200,78.8800,2.848e-06
met3,158.1200,84.3200,met4,158.1200,84.3200,4.861e-06
met3,158.1200,89.7600,met4,158.1200,89.7600,5.017e-06
met3,158.1200,95.2000,met4,158.1200,95.2000,3.519e-06
met3,158.1200,100.6400,met4,158.1200,100.6400,5.813e-06
met3,158.1200,106.0800,met4,158.1200,106.0800,4.365e-06
met3,158.1200,111.5200,met4,158.1200,111.5200,4.558e-06
met3,158.1200,116.9600,met4,158.1200,116.9600,2.640e-06
met3,158.1200,122.4000,met4,158.1200,122.4000,3.064e-06
met3,158.1200,127.8400,met4,158.1200,127.8400,3.146e-06
met3,158.1200,133.2800,met4,158.1200,133.2800,9.659e-07
met3,158.1200,138.7200,met4,158.1200,138.7200,2.611e-06
met3,158.1200,144.1600,met4,158.1200,144.1600,2.893e-06
met3,158.1200,149.6000,met4,158.1200,149.6000,2.836e-06
met3,158.1200,155.0400,met4,158.1200,155.0400,3.233e-06
met3,158.1200,160.4800,met4,158.1200,160.4800,1.979e-06
met3,158.1200,165.9200,met4,158.1200,165.9200,3.412e-06
met3,158.1200,171.3600,met4,158.1200,171.3600,3.664e-06
met3,158.1200,176.8000,met4,158.1200,176.8000,3.781e-06
met3,158.1200,182.2400,met4,158.1200,182.2400,5.760e-06
met3,158.1200,187.6800,met4,158.1200,187.6800,5.393e-06
met3,158.1200,193.1200,met4,158.1200,193.1200,5.104e-06
met3,158.1200,198.5600,met4,158.1200,198.5600,4.164e-06
met3,158.1200,204.0000,met4,158.1200,204.0000,3.767e-06
met3,158.1200,209.4400,met4,158.1200,209.4400,4.283e-06
met3,158.1200,214.8800,met4,158.1200,214.8800,4.954e-06
met3,158.1200,220.3200,met4,158.1200,220.3200,4.987e-06
met3,158.1200,225.7600,met4,158.1200,225.7600,2.857e-06
met3,158.1200,231.2000,met4,158.1200,231.2000,5.621e-06
met3,158.1200,236.6400,met4,158.1200,236.6400,5.780e-06
met3,158.1200,242.0800,met4,158.1200,242.0800,4.260e-06
met3,158.1200,247.5200,met4,158.1200,247.5200,2.821e-06
met3,158.1200,252.9600,met4,158.1200,252.9600,1.799e-06
met3,158.1200,258.4000,met4,158.1200,258.4000,2.380e-06
met3,158.1200,263.8400,met4,158.1200,263.8400,1.643e-06
met3,158.1200,269.2800,met4,158.1200,269.2800,9.932e-07
met3,158.1200,274.7200,met4,158.1200,274.7200,2.534e-06
met3,158.1200,280.1600,met4,158.1200,280.1600,2.011e-06
met3,158.1200,285.6000,met4,158.1200,285.6000,1.890e-06
met3,158.1200,291.0400,met4,158.1200,291.0400,1.923e-06
met3,158.1200,296.4800,met4,158.1200,296.4800,1.324e-06
met3,158.1200,301.9200,met4,158.1200,301.9200,3.182e-06
met3,158.1200,307.3600,met4,158.1200,307.3600,2.206e-06
met3,158.1200,312.8000,met4,158.1200,312.8000,2.143e-06
met3,158.1200,318.2400,met4,158.1200,318.2400,1.014e-06
met3,158.1200,323.6800,met4,158.1200,323.6800,2.550e-06
met3,158.1200,329.1200,met4,158.1200,329.1200,1.427e-06
met3,158.1200,334.5600,met4,158.1200,334.5600,1.257e-06
met3,158.1200,340.0000,met4,158.1200,340.0000,7.972e-07
met3,158.1200,345.4400,met4,158.1200,345.4400,1.937e-06
met3,158.1200,350.8800,met4,158.1200,350.8800,2.064e-06
met3,158.1200,356.3200,met4,158.1200,356.3200,1.756e-06
met3,158.1200,361.7600,met4,158.1200,361.7600,3.899e-06
met3,158.1200,367.2000,met4,158.1200,367.2000,1.377e-06
met3,158.1200,372.6400,met4,158.1200,372.6400,2.030e-06
met3,158.1200,378.0800,met4,158.1200,378.0800,3.818e-06
met3,158.1200,383.5200,met4,158.1200,383.5200,5.777e-07
met3,158.1200,388.9600,met4,158.1200,388.9600,3.896e-06
met3,158.1200,394.4000,met4,158.1200,394.4000,8.318e-07
met3,158.1200,399.8400,met4,158.1200,399.8400,1.994e-06
met3,158.1200,405.2800,met4,158.1200,405.2800,2.823e-06
met3,158.1200,410.7200,met4,158.1200,410.7200,1.156e-06
met3,158.1200,416.1600,met4,158.1200,416.1600,3.214e-06
met3,158.1200,421.6000,met4,158.1200,421.6000,1.260e-06
met3,158.1200,427.0400,met4,158.1200,427.0400,3.600e-06
met3,158.1200,432.4800,met4,158.1200,432.4800,2.074e-06
met3,158.1200,437.9200,met4,158.1200,437.9200,1.160e-06
met3,158.1200,443.3600,met4,158.1200,443.3600,4.231e-06
met3,158.1200,448.8000,met4,158.1200,448.8000,1.204e-06
met3,198.1200,13.6000,met4,198.1200,13.6000,4.514e-06
met3,198.1200,19.0400,met4,198.1200,19.0400,6.064e-06
met3,198.1200,24.4800,met4,198.1200,24.4800,3.369e-06
met3,198.1200,29.9200,met4,198.1200,29.9200,5.562e-06
met3,198.1200,35.3600,met4,198.1200,35.3600,3.628e-06
met3,198.1200,40.8000,met4,198.1200,40.8000,5.251e-06
met3,198.1200,46.2400,met4,198.1200,46.2400,2.372e-06
met3,198.1200,51.6800,met4,198.1200,51.6800,2.537e-06
met3,198.1200,57.1200,met4,198.1200,57.1200,5.019e-06
met3,198.1200,62.5600,met4,198.1200,62.5600,3.914e-06
met3,198.1200,68.0000,met4,198.1200,68.0000,4.380e-06
met3,198.1200,73.4400,met4,198.1200,73.4400,6.534e-06
met3,198.1200,78.8800,met4,198.1200,78.8800,4.885e-06
met3,198.1200,84.3200,met4,198.1200,84.3200,5.840e-06
met3,198.1200,89.7600,met4,198.1200,89.7600,2.304e-06
met3,198.1200,95.2000,met4,198.1200,95.2000,4.370e-06
met3,198.1200,100.6400,met4,198.1200,100.6400,5.114e-06
met3,198.1200,106.0800,met4,198.1200,106.0800,3.184e-06
met3,198.1200,111.5200,met4,198.1200,111.5200,2.743e-06
met3,198.1200,116.9600,met4,198.1200,116.9600,1.577e-06
met3,198.1200,122.4000,met4,198.1200,122.4000,6.165e-07
met3,198.1200,127.8400,met4,198.1200,127.8400,6.248e-07
met3,198.1200,133.2800,met4,198.1200,133.2800,5.066e-07
met3,198.1200,138.7200,met4,198.1200,138.7200,5.243e-07
met3,198.1200,144.1600,met4,198.1200,144.1600,7.743e-07
met3,198.1200,149.6000,met4,198.1200,149.6000,1.304e-06
met3,198.1200,155.0400,met4,198.1200,155.0400,1.047e-06
met3,198.1200,160.4800,met4,198.1200,160.4800,1.350e-06
met3,198.1200,165.9200,met4,198.1200,165.9200,8.294e-07
met3,198.1200,171.3600,met4,198.1200,171.3600,1.307e-06
met3,198.1200,176.8000,met4,198.1200,176.8000,1.728e-06
met3,198.1200,182.2400,met4,198.1200,182.2400,4.432e-06
met3,198.1200,187.6800,met4,198.1200,187.6800,5.181e-06
met3,198.1200,193.1200,met4,198.1200,193.1200,4.235e-06
met3,198.1200,198.5600,met4,198.1200,198.5600,3.575e-06
met3,198.1200,204.0000,met4,198.1200,204.0000,3.945e-06
met3,198.1200,209.4400,met4,198.1200,209.4400,4.716e-06
met3,198.1200,214.8800,met4,198.1200,214.8800,5.018e-06
met3,198.1200,220.3200,met4,198.1200,220.3200,4.439e-06
met3,198.1200,225.7600,met4,198.1200,225.7600,2.910e-06
met3,198.1200,231.2000,met4,198.1200,231.2000,4.995e-06
met3,198.1200,236.6400,met4,198.1200,236.6400,6.415e-06
met3,198.1200,242.0800,met4,198.1200,242.0800,4.974e-06
met3,198.1200,247.5200,met4,198.1200,247.5200,4.645e-06
met3,198.1200,252.9600,met4,198.1200,252.9600,1.699e-06
met3,198.1200,258.4000,met4,198.1200,258.4000,2.061e-06
met3,198.1200,263.8400,met4,198.1200,263.8400,8.521e-07
met3,198.1200,269.2800,met4,198.1200,269.2800,8.326e-07
met3,198.1200,274.7200,met4,198.1200,274.7200,2.880e-06
met3,198.1200,280.1600,met4,198.1200,280.1600,2.177e-06
met3,198.1200,285.6000,met4,198.1200,285.6000,2.702e-06
met3,198.1200,291.0400,met4,198.1200,291.0400,3.482e-06
met3,198.1200,296.4800,met4,198.1200,296.4800,3.036e-06
met3,198.1200,301.9200,met4,198.1200,301.9200,4.574e-06
met3,198.1200,307.3600,met4,198.1200,307.3600,3.802e-06
met3,198.1200,312.8000,met4,198.1200,312.8000,4.502e-06
met3,198.1200,318.2400,met4,198.1200,318.2400,4.490e-06
met3,198.1200,323.6800,met4,198.1200,323.6800,4.515e-06
met3,198.1200,329.1200,met4,198.1200,329.1200,4.485e-06
met3,198.1200,334.5600,met4,198.1200,334.5600,4.238e-06
met3,198.1200,340.0000,met4,198.1200,340.0000,4.628e-06
met3,198.1200,345.4400,met4,198.1200,345.4400,3.891e-06
met3,198.1200,350.8800,met4,198.1200,350.8800,4.153e-06
met3,198.1200,356.3200,met4,198.1200,356.3200,5.029e-06
met3,198.1200,361.7600,met4,198.1200,361.7600,6.152e-06
met3,198.1200,367.2000,met4,198.1200,367.2000,3.641e-06
met3,198.1200,372.6400,met4,198.1200,372.6400,3.800e-06
met3,198.1200,378.0800,met4,198.1200,378.0800,5.621e-06
met3,198.1200,383.5200,met4,198.1200,383.5200,2.047e-06
met3,198.1200,388.9600,met4,198.1200,388.9600,4.788e-06
met3,198.1200,394.4000,met4,198.1200,394.4000,2.407e-06
met3,198.1200,399.8400,met4,198.1200,399.8400,2.312e-06
met3,198.1200,405.2800,met4,198.1200,405.2800,2.350e-06
met3,198.1200,410.7200,met4,198.1200,410.7200,2.302e-06
met3,198.1200,416.1600,met4,198.1200,416.1600,3.145e-06
met3,198.1200,421.6000,met4,198.1200,421.6000,2.079e-06
met3,198.1200,427.0400,met4,198.1200,427.0400,2.440e-06
met3,198.1200,432.4800,met4,198.1200,432.4800,4.233e-06
met3,198.1200,437.9200,met4,198.1200,437.9200,1.332e-06
met3,198.1200,443.3600,met4,198.1200,443.3600,4.649e-06
met3,198.1200,448.8000,met4,198.1200,448.8000,1.267e-06
met3,238.1200,13.6000,met4,238.1200,13.6000,4.225e-06
met3,238.1200,19.0400,met4,238.1200,19.0400,4.994e-06
met3,238.1200,24.4800,met4,238.1200,24.4800,8.820e-06
met3,238.1200,29.9200,met4,238.1200,29.9200,1.308e-05
met3,238.1200,35.3600,met4,238.1200,35.3600,5.619e-06
met3,238.1200,40.8000,met4,238.1200,40.8000,3.576e-06
met3,238.1200,46.2400,met4,238.1200,46.2400,3.627e-06
met3,238.1200,51.6800,met4,238.1200,51.6800,1.108e-06
met3,238.1200,57.1200,met4,238.1200,57.1200,7.359e-06
met3,238.1200,62.5600,met4,238.1200,62.5600,3.413e-06
met3,238.1200,68.0000,met4,238.1200,68.0000,3.801e-06
met3,238.1200,73.4400,met4,238.1200,73.4400,1.642e-05
met3,238.1200,78.8800,met4,238.1200,78.8800,1.233e-05
met3,238.1200,84.3200,met4,238.1200,84.3200,6.453e-06
met3,238.1200,89.7600,met4,238.1200,89.7600,3.650e-06
met3,238.1200,95.2000,met4,238.1200,95.2000,3.542e-06
met3,238.1200,100.6400,met4,238.1200,100.6400,4.783e-06
met3,238.1200,106.0800,met4,238.1200,106.0800,1.912e-06
met3,238.1200,111.5200,met4,238.1200,111.5200,8.826e-07
met3,238.1200,116.9600,met4,238.1200,116.9600,2.323e-07
met3,238.1200,122.4000,met4,238.1200,122.4000,6.258e-08
met3,238.1200,127.8400,met4,238.1200,127.8400,1.026e-07
met3,238.1200,133.2800,met4,238.1200,133.2800,3.384e-08
met3,238.1200,138.7200,met4,238.1200,138.7200,1.594e-07
met3,238.1200,144.1600,met4,238.1200,144.1600,3.403e-07
met3,238.1200,149.6000,met4,238.1200,149.6000,2.423e-06
met3,238.1200,155.0400,met4,238.1200,155.0400,1.763e-06
met3,238.1200,160.4800,met4,238.1200,160.4800,1.333e-06
met3,238.1200,165.9200,met4,238.1200,165.9200,6.376e-07
met3,238.1200,171.3600,met4,238.1200,171.3600,3.444e-07
met3,238.1200,176.8000,met4,238.1200,176.8000,1.695e-06
met3,238.1200,182.2400,met4,238.1200,182.2400,4.650e-06
met3,238.1200,187.6800,met4,238.1200,187.6800,3.769e-06
met3,238.1200,193.1200,met4,238.1200,193.1200,2.988e-06
met3,238.1200,198.5600,met4,238.1200,198.5600,3.658e-06
met3,238.1200,204.0000,met4,238.1200,204.0000,3.411e-06
met3,238.1200,209.4400,met4,238.1200,209.4400,4.417e-06
met3,238.1200,214.8800,met4,238.1200,214.8800,4.471e-06
met3,238.1200,220.3200,met4,238.1200,220.3200,3.317e-06
met3,238.1200,225.7600,met4,238.1200,225.7600,3.725e-06
met3,238.1200,231.2000,met4,238.1200,231.2000,3.266e-06
met3,238.1200,236.6400,met4,238.1200,236.6400,5.839e-06
met3,238.1200,242.0800,met4,238.1200,242.0800,9.507e-06
met3,238.1200,247.5200,met4,238.1200,247.5200,3.701e-06
met3,238.1200,252.9600,met4,238.1200,252.9600,4.728e-07
met3,238.1200,258.4000,met4,238.1200,258.4000,8.034e-07
met3,238.1200,263.8400,met4,238.1200,263.8400,1.571e-06
met3,238.1200,269.2800,met4,238.1200,269.2800,5.238e-07
met3,238.1200,274.7200,met4,238.1200,274.7200,3.878e-06
met3,238.1200,280.1600,met4,238.1200,280.1600,1.602e-06
met3,238.1200,285.6000,met4,238.1200,285.6000,3.266e-06
met3,238.1200,291.0400,met4,238.1200,291.0400,3.318e-06
met3,238.1200,296.4800,met4,238.1200,296.4800,2.284e-06
met3,238.1200,301.9200,met4,238.1200,301.9200,4.742e-06
met3,238.1200,307.3600,met4,238.1200,307.3600,2.638e-06
met3,238.1200,312.8000,met4,238.1200,312.8000,4.006e-06
met3,238.1200,318.2400,met4,238.1200,318.2400,4.372e-06
met3,238.1200,323.6800,met4,238.1200,323.6800,5.415e-06
met3,238.1200,329.1200,met4,238.1200,329.1200,3.520e-06
met3,238.1200,334.5600,met4,238.1200,334.5600,3.759e-06
met3,238.1200,340.0000,met4,238.1200,340.0000,5.255e-06
met3,238.1200,345.4400,met4,238.1200,345.4400,4.216e-06
met3,238.1200,350.8800,met4,238.1200,350.8800,3.983e-06
met3,238.1200,356.3200,met4,238.1200,356.3200,4.615e-06
met3,238.1200,361.7600,met4,238.1200,361.7600,4.044e-06
met3,238.1200,367.2000,met4,238.1200,367.2000,4.505e-06
met3,238.1200,372.6400,met4,238.1200,372.6400,4.209e-06
met3,238.1200,378.0800,met4,238.1200,378.0800,4.623e-06
met3,238.1200,383.5200,met4,238.1200,383.5200,3.145e-06
met3,238.1200,388.9600,met4,238.1200,388.9600,3.379e-06
met3,238.1200,394.4000,met4,238.1200,394.4000,3.427e-06
met3,238.1200,399.8400,met4,238.1200,399.8400,1.704e-06
met3,238.1200,405.2800,met4,238.1200,405.2800,2.006e-06
met3,238.1200,410.7200,met4,238.1200,410.7200,3.017e-06
met3,238.1200,416.1600,met4,238.1200,416.1600,1.807e-06
met3,238.1200,421.6000,met4,238.1200,421.6000,1.858e-06
met3,238.1200,427.0400,met4,238.1200,427.0400,2.917e-06
met3,238.1200,432.4800,met4,238.1200,432.4800,3.459e-06
met3,238.1200,437.9200,met4,238.1200,437.9200,2.586e-06
met3,238.1200,443.3600,met4,238.1200,443.3600,2.961e-06
met3,238.1200,448.8000,met4,238.1200,448.8000,2.199e-06
met3,278.1200,13.6000,met4,278.1200,13.6000,5.291e-06
met3,278.1200,19.0400,met4,278.1200,19.0400,4.785e-06
met3,278.1200,24.4800,met4,278.1200,24.4800,6.006e-06
met3,278.1200,29.9200,met4,278.1200,29.9200,7.969e-06
met3,278.1200,35.3600,met4,278.1200,35.3600,6.178e-06
met3,278.1200,40.8000,met4,278.1200,40.8000,3.174e-06
met3,278.1200,46.2400,met4,278.1200,46.2400,4.439e-06
met3,278.1200,51.6800,met4,278.1200,51.6800,3.501e-06
met3,278.1200,57.1200,met4,278.1200,57.1200,7.186e-06
met3,278.1200,62.5600,met4,278.1200,62.5600,5.303e-06
met3,278.1200,68.0000,met4,278.1200,68.0000,7.462e-06
met3,278.1200,73.4400,met4,278.1200,73.4400,7.012e-06
met3,278.1200,78.8800,met4,278.1200,78.8800,1.146e-05
met3,278.1200,84.3200,met4,278.1200,84.3200,6.424e-06
met3,278.1200,89.7600,met4,278.1200,89.7600,6.631e-06
met3,278.1200,95.2000,met4,278.1200,95.2000,7.128e-06
met3,278.1200,100.6400,met4,278.1200,100.6400,5.512e-06
met3,278.1200,106.0800,met4,278.1200,106.0800,3.326e-06
met3,278.1200,111.5200,met4,278.1200,111.5200,1.141e-06
met3,278.1200,116.9600,met4,278.1200,116.9600,3.847e-07
met3,278.1200,122.4000,met4,278.1200,122.4000,2.429e-07
met3,278.1200,127.8400,met4,278.1200,127.8400,4.622e-07
met3,278.1200,133.2800,met4,278.1200,133.2800,2.199e-07
met3,278.1200,138.7200,met4,278.1200,138.7200,1.014e-06
met3,278.1200,144.1600,met4,278.1200,144.1600,1.837e-06
met3,278.1200,149.6000,met4,278.1200,149.6000,2.614e-06
met3,278.1200,155.0400,met4,278.1200,155.0400,1.633e-06
met3,278.1200,160.4800,met4,278.1200,160.4800,1.568e-06
met3,278.1200,165.9200,met4,278.1200,165.9200,3.721e-06
met3,278.1200,171.3600,met4,278.1200,171.3600,1.804e-06
met3,278.1200,176.8000,met4,278.1200,176.8000,4.625e-06
met3,278.1200,182.2400,met4,278.1200,182.2400,6.789e-06
met3,278.1200,187.6800,met4,278.1200,187.6800,2.433e-06
met3,278.1200,193.1200,met4,278.1200,193.1200,4.437e-06
met3,278.1200,198.5600,met4,278.1200,198.5600,3.922e-06
met3,278.1200,204.0000,met4,278.1200,204.0000,1.637e-06
met3,278.1200,209.4400,met4,278.1200,209.4400,6.320e-06
met3,278.1200,214.8800,met4,278.1200,214.8800,4.739e-06
met3,278.1200,220.3200,met4,278.1200,220.3200,3.650e-06
met3,278.1200,225.7600,met4,278.1200,225.7600,4.590e-06
met3,278.1200,231.2000,met4,278.1200,231.2000,5.018e-06
met3,278.1200,236.6400,met4,278.1200,236.6400,2.949e-06
met3,278.1200,242.0800,met4,278.1200,242.0800,9.080e-06
met3,278.1200,247.5200,met4,278.1200,247.5200,2.102e-06
met3,278.1200,252.9600,met4,278.1200,252.9600,2.997e-07
met3,278.1200,258.4000,met4,278.1200,258.4000,4.035e-07
met3,278.1200,263.8400,met4,278.1200,263.8400,2.375e-06
met3,278.1200,269.2800,met4,278.1200,269.2800,9.063e-07
met3,278.1200,274.7200,met4,278.1200,274.7200,2.867e-06
met3,278.1200,280.1600,met4,278.1200,280.1600,1.121e-06
met3,278.1200,285.6000,met4,278.1200,285.6000,1.655e-06
met3,278.1200,291.0400,met4,278.1200,291.0400,2.104e-06
met3,278.1200,296.4800,met4,278.1200,296.4800,6.622e-07
met3,278.1200,301.9200,met4,278.1200,301.9200,3.728e-06
met3,278.1200,307.3600,met4,278.1200,307.3600,2.103e-07
met3,278.1200,312.8000,met4,278.1200,312.8000,1.412e-06
met3,278.1200,318.2400,met4,278.1200,318.2400,8.454e-07
met3,278.1200,323.6800,met4,278.1200,323.6800,1.994e-06
met3,278.1200,329.1200,met4,278.1200,329.1200,5.875e-07
met3,278.1200,334.5600,met4,278.1200,334.5600,7.096e-07
met3,278.1200,340.0000,met4,278.1200,340.0000,1.417e-06
met3,278.1200,345.4400,met4,278.1200,345.4400,9.717e-07
met3,278.1200,350.8800,met4,278.1200,350.8800,6.020e-07
met3,278.1200,356.3200,met4,278.1200,356.3200,1.271e-06
met3,278.1200,361.7600,met4,278.1200,361.7600,1.419e-07
met3,278.1200,367.2000,met4,278.1200,367.2000,2.653e-06
met3,278.1200,372.6400,met4,278.1200,372.6400,1.107e-06
met3,278.1200,378.0800,met4,278.1200,378.0800,2.478e-06
met3,278.1200,383.5200,met4,278.1200,383.5200,2.757e-06
met3,278.1200,388.9600,met4,278.1200,388.9600,6.344e-07
met3,278.1200,394.4000,met4,278.1200,394.4000,3.967e-06
met3,278.1200,399.8400,met4,278.1200,399.8400,5.748e-07
met3,278.1200,405.2800,met4,278.1200,405.2800,1.636e-06
met3,278.1200,410.7200,met4,278.1200,410.7200,1.221e-06
met3,278.1200,416.1600,met4,278.1200,416.1600,1.107e-06
met3,278.1200,421.6000,met4,278.1200,421.6000,1.966e-06
met3,278.1200,427.0400,met4,278.1200,427.0400,2.576e-06
met3,278.1200,432.4800,met4,278.1200,432.4800,2.413e-06
met3,278.1200,437.9200,met4,278.1200,437.9200,2.268e-06
met3,278.1200,443.3600,met4,278.1200,443.3600,2.427e-06
met3,278.1200,448.8000,met4,278.1200,448.8000,2.157e-06
met3,318.1200,13.6000,met4,318.1200,13.6000,3.930e-06
met3,318.1200,19.0400,met4,318.1200,19.0400,7.321e-06
met3,318.1200,24.4800,met4,318.1200,24.4800,1.574e-06
met3,318.1200,29.9200,met4,318.1200,29.9200,6.708e-06
met3,318.1200,35.3600,met4,318.1200,35.3600,4.007e-06
met3,318.1200,40.8000,met4,318.1200,40.8000,3.298e-06
met3,318.1200,46.2400,met4,318.1200,46.2400,5.633e-06
met3,318.1200,51.6800,met4,318.1200,51.6800,6.059e-06
met3,318.1200,57.1200,met4,318.1200,57.1200,6.078e-06
met3,318.1200,62.5600,met4,318.1200,62.5600,5.694e-06
met3,318.1200,68.0000,met4,318.1200,68.0000,1.161e-05
met3,318.1200,73.4400,met4,318.1200,73.4400,7.928e-06
met3,318.1200,78.8800,met4,318.1200,78.8800,1.271e-05
met3,318.1200,84.3200,met4,318.1200,84.3200,5.906e-06
met3,318.1200,89.7600,met4,318.1200,89.7600,5.651e-06
met3,318.1200,95.2000,met4,318.1200,95.2000,6.886e-06
met3,318.1200,100.6400,met4,318.1200,100.6400,6.761e-06
met3,318.1200,106.0800,met4,318.1200,106.0800,4.612e-06
met3,318.1200,111.5200,met4,318.1200,111.5200,2.228e-06
met3,318.1200,116.9600,met4,318.1200,116.9600,1.225e-06
met3,318.1200,122.4000,met4,318.1200,122.4000,1.601e-06
met3,318.1200,127.8400,met4,318.1200,127.8400,2.453e-06
met3,318.1200,133.2800,met4,318.1200,133.2800,1.398e-06
met3,318.1200,138.7200,met4,318.1200,138.7200,2.947e-06
met3,318.1200,144.1600,met4,318.1200,144.1600,5.440e-06
met3,318.1200,149.6000,met4,318.1200,149.6000,4.961e-06
met3,318.1200,155.0400,met4,318.1200,155.0400,6.145e-06
met3,318.1200,160.4800,met4,318.1200,160.4800,4.919e-06
met3,318.1200,165.9200,met4,318.1200,165.9200,7.667e-06
met3,318.1200,171.3600,met4,318.1200,171.3600,6.445e-06
met3,318.1200,176.8000,met4,318.1200,176.8000,8.287e-06
met3,318.1200,182.2400,met4,318.1200,182.2400,9.183e-06
met3,318.1200,187.6800,met4,318.1200,187.6800,8.654e-06
met3,318.1200,193.1200,met4,318.1200,193.1200,1.017e-05
met3,318.1200,198.5600,met4,318.1200,198.5600,1.144e-05
met3,318.1200,204.0000,met4,318.1200,204.0000,6.961e-06
met3,318.1200,209.4400,met4,318.1200,209.4400,1.291e-05
met3,318.1200,214.8800,met4,318.1200,214.8800,9.970e-06
met3,318.1200,220.3200,met4,318.1200,220.3200,8.627e-06
met3,318.1200,225.7600,met4,318.1200,225.7600,1.049e-05
met3,318.1200,231.2000,met4,318.1200,231.2000,7.904e-06
met3,318.1200,236.6400,met4,318.1200,236.6400,7.753e-06
met3,318.1200,242.0800,met4,318.1200,242.0800,6.671e-06
met3,318.1200,247.5200,met4,318.1200,247.5200,4.306e-06
met3,318.1200,252.9600,met4,318.1200,252.9600,4.477e-06
met3,318.1200,258.4000,met4,318.1200,258.4000,2.753e-06
met3,318.1200,263.8400,met4,318.1200,263.8400,5.315e-06
met3,318.1200,269.2800,met4,318.1200,269.2800,2.755e-06
met3,318.1200,274.7200,met4,318.1200,274.7200,3.184e-06
met3,318.1200,280.1600,met4,318.1200,280.1600,1.726e-06
met3,318.1200,285.6000,met4,318.1200,285.6000,2.645e-06
met3,318.1200,291.0400,met4,318.1200,291.0400,2.767e-06
met3,318.1200,296.4800,met4,318.1200,296.4800,1.142e-06
met3,318.1200,301.9200,met4,318.1200,301.9200,4.197e-06
met3,318.1200,307.3600,met4,318.1200,307.3600,1.309e-07
met3,318.1200,312.8000,met4,318.1200,312.8000,2.435e-06
met3,318.1200,318.2400,met4,318.1200,318.2400,1.127e-06
met3,318.1200,323.6800,met4,318.1200,323.6800,1.248e-06
met3,318.1200,329.1200,met4,318.1200,329.1200,1.303e-06
met3,318.1200,334.5600,met4,318.1200,334.5600,6.255e-07
met3,318.1200,340.0000,met4,318.1200,340.0000,6.075e-07
met3,318.1200,345.4400,met4,318.1200,345.4400,1.437e-06
met3,318.1200,350.8800,met4,318.1200,350.8800,3.564e-07
met3,318.1200,356.3200,met4,318.1200,356.3200,1.606e-06
met3,318.1200,361.7600,met4,318.1200,361.7600,3.494e-07
met3,318.1200,367.2000,met4,318.1200,367.2000,1.034e-06
met3,318.1200,372.6400,met4,318.1200,372.6400,1.308e-06
met3,318.1200,378.0800,met4,318.1200,378.0800,1.455e-06
met3,318.1200,383.5200,met4,318.1200,383.5200,2.956e-06
met3,318.1200,388.9600,met4,318.1200,388.9600,6.968e-07
met3,318.1200,394.4000,met4,318.1200,394.4000,2.370e-06
met3,318.1200,399.8400,met4,318.1200,399.8400,6.281e-07
met3,318.1200,405.2800,met4,318.1200,405.2800,1.589e-06
met3,318.1200,410.7200,met4,318.1200,410.7200,1.286e-06
met3,318.1200,416.1600,met4,318.1200,416.1600,1.237e-06
met3,318.1200,421.6000,met4,318.1200,421.6000,2.096e-06
met3,318.1200,427.0400,met4,318.1200,427.0400,1.401e-06
met3,318.1200,432.4800,met4,318.1200,432.4800,2.348e-06
met3,318.1200,437.9200,met4,318.1200,437.9200,1.707e-06
met3,318.1200,443.3600,met4,318.1200,443.3600,2.629e-06
met3,318.1200,448.8000,met4,318.1200,448.8000,1.606e-06
met3,358.1200,13.6000,met4,358.1200,13.6000,3.599e-06
met3,358.1200,19.0400,met4,358.1200,19.0400,7.704e-06
met3,358.1200,24.4800,met4,358.1200,24.4800,1.156e-06
met3,358.1200,29.9200,met4,358.1200,29.9200,6.697e-06
met3,358.1200,35.3600,met4,358.1200,35.3600,4.191e-06
met3,358.1200,40.8000,met4,358.1200,40.8000,4.565e-06
met3,358.1200,46.2400,met4,358.1200,46.2400,5.388e-06
met3,358.1200,51.6800,met4,358.1200,51.6800,3.823e-06
met3,358.1200,57.1200,met4,358.1200,57.1200,5.975e-06
met3,358.1200,62.5600,met4,358.1200,62.5600,4.275e-06
met3,358.1200,68.0000,met4,358.1200,68.0000,6.993e-06
met3,358.1200,73.4400,met4,358.1200,73.4400,7.480e-06
met3,358.1200,78.8800,met4,358.1200,78.8800,7.319e-06
met3,358.1200,84.3200,met4,358.1200,84.3200,7.426e-06
met3,358.1200,89.7600,met4,358.1200,89.7600,3.879e-06
met3,358.1200,95.2000,met4,358.1200,95.2000,3.888e-06
met3,358.1200,100.6400,met4,358.1200,100.6400,7.441e-06
met3,358.1200,106.0800,met4,358.1200,106.0800,3.000e-06
met3,358.1200,111.5200,met4,358.1200,111.5200,4.407e-06
met3,358.1200,116.9600,met4,358.1200,116.9600,4.492e-06
met3,358.1200,122.4000,met4,358.1200,122.4000,4.256e-06
met3,358.1200,127.8400,met4,358.1200,127.8400,5.129e-06
met3,358.1200,133.2800,met4,358.1200,133.2800,2.716e-06
met3,358.1200,138.7200,met4,358.1200,138.7200,5.025e-06
met3,358.1200,144.1600,met4,358.1200,144.1600,6.773e-06
met3,358.1200,149.6000,met4,358.1200,149.6000,4.526e-06
met3,358.1200,155.0400,met4,358.1200,155.0400,8.047e-06
met3,358.1200,160.4800,met4,358.1200,160.4800,3.390e-06
met3,358.1200,165.9200,met4,358.1200,165.9200,8.157e-06
met3,358.1200,171.3600,met4,358.1200,171.3600,6.478e-06
met3,358.1200,176.8000,met4,358.1200,176.8000,6.984e-06
met3,358.1200,182.2400,met4,358.1200,182.2400,7.268e-06
met3,358.1200,187.6800,met4,358.1200,187.6800,7.921e-06
met3,358.1200,193.1200,met4,358.1200,193.1200,8.254e-06
met3,358.1200,198.5600,met4,358.1200,198.5600,8.248e-06
met3,358.1200,204.0000,met4,358.1200,204.0000,7.903e-06
met3,358.1200,209.4400,met4,358.1200,209.4400,1.013e-05
met3,358.1200,214.8800,met4,358.1200,214.8800,6.773e-06
met3,358.1200,220.3200,met4,358.1200,220.3200,9.673e-06
met3,358.1200,225.7600,met4,358.1200,225.7600,6.200e-06
met3,358.1200,231.2000,met4,358.1200,231.2000,6.143e-06
met3,358.1200,236.6400,met4,358.1200,236.6400,4.872e-06
met3,358.1200,242.0800,met4,358.1200,242.0800,3.063e-06
met3,358.1200,247.5200,met4,358.1200,247.5200,3.487e-06
met3,358.1200,252.9600,met4,358.1200,252.9600,3.262e-06
met3,358.1200,258.4000,met4,358.1200,258.4000,2.896e-06
met3,358.1200,263.8400,met4,358.1200,263.8400,4.111e-06
met3,358.1200,269.2800,met4,358.1200,269.2800,1.786e-06
met3,358.1200,274.7200,met4,358.1200,274.7200,3.341e-06
met3,358.1200,280.1600,met4,358.1200,280.1600,1.186e-06
met3,358.1200,285.6000,met4,358.1200,285.6000,3.092e-06
met3,358.1200,291.0400,met4,358.1200,291.0400,1.580e-06
met3,358.1200,296.4800,met4,358.1200,296.4800,1.111e-06
met3,358.1200,301.9200,met4,358.1200,301.9200,3.965e-06
met3,358.1200,307.3600,met4,358.1200,307.3600,1.388e-08
met3,358.1200,312.8000,met4,358.1200,312.8000,2.483e-06
met3,358.1200,318.2400,met4,358.1200,318.2400,7.451e-07
met3,358.1200,323.6800,met4,358.1200,323.6800,2.093e-06
met3,358.1200,329.1200,met4,358.1200,329.1200,1.699e-06
met3,358.1200,334.5600,met4,358.1200,334.5600,9.060e-07
met3,358.1200,340.0000,met4,358.1200,340.0000,1.211e-06
met3,358.1200,345.4400,met4,358.1200,345.4400,1.492e-06
met3,358.1200,350.8800,met4,358.1200,350.8800,2.831e-07
met3,358.1200,356.3200,met4,358.1200,356.3200,2.505e-06
met3,358.1200,361.7600,met4,358.1200,361.7600,2.436e-07
met3,358.1200,367.2000,met4,358.1200,367.2000,2.506e-07
met3,358.1200,372.6400,met4,358.1200,372.6400,1.148e-06
met3,358.1200,378.0800,met4,358.1200,378.0800,1.572e-06
met3,358.1200,383.5200,met4,358.1200,383.5200,2.428e-06
met3,358.1200,388.9600,met4,358.1200,388.9600,1.031e-06
met3,358.1200,394.4000,met4,358.1200,394.4000,9.538e-07
met3,358.1200,399.8400,met4,358.1200,399.8400,1.980e-06
met3,358.1200,405.2800,met4,358.1200,405.2800,1.295e-06
met3,358.1200,410.7200,met4,358.1200,410.7200,2.001e-06
met3,358.1200,416.1600,met4,358.1200,416.1600,2.008e-06
met3,358.1200,421.6000,met4,358.1200,421.6000,8.041e-07
met3,358.1200,427.0400,met4,358.1200,427.0400,2.344e-06
met3,358.1200,432.4800,met4,358.1200,432.4800,1.898e-06
met3,358.1200,437.9200,met4,358.1200,437.9200,1.128e-06
met3,358.1200,443.3600,met4,358.1200,443.3600,2.209e-06
met3,358.1200,448.8000,met4,358.1200,448.8000,1.894e-06
met3,398.1200,13.6000,met4,398.1200,13.6000,3.425e-06
met3,398.1200,19.0400,met4,398.1200,19.0400,7.602e-06
met3,398.1200,24.4800,met4,398.1200,24.4800,1.783e-06
met3,398.1200,29.9200,met4,398.1200,29.9200,6.243e-06
met3,398.1200,35.3600,met4,398.1200,35.3600,5.024e-06
met3,398.1200,40.8000,met4,398.1200,40.8000,4.879e-06
met3,398.1200,46.2400,met4,398.1200,46.2400,5.315e-06
met3,398.1200,51.6800,met4,398.1200,51.6800,2.381e-06
met3,398.1200,57.1200,met4,398.1200,57.1200,6.299e-06
met3,398.1200,62.5600,met4,398.1200,62.5600,3.799e-06
met3,398.1200,68.0000,met4,398.1200,68.0000,4.731e-06
met3,398.1200,73.4400,met4,398.1200,73.4400,7.216e-06
met3,398.1200,78.8800,met4,398.1200,78.8800,3.823e-06
met3,398.1200,84.3200,met4,398.1200,84.3200,6.997e-06
met3,398.1200,89.7600,met4,398.1200,89.7600,2.746e-06
met3,398.1200,95.2000,met4,398.1200,95.2000,4.532e-06
met3,398.1200,100.6400,met4,398.1200,100.6400,6.650e-06
met3,398.1200,106.0800,met4,398.1200,106.0800,3.164e-06
met3,398.1200,111.5200,met4,398.1200,111.5200,4.033e-06
met3,398.1200,116.9600,met4,398.1200,116.9600,6.235e-06
met3,398.1200,122.4000,met4,398.1200,122.4000,3.698e-06
met3,398.1200,127.8400,met4,398.1200,127.8400,4.858e-06
met3,398.1200,133.2800,met4,398.1200,133.2800,4.370e-06
met3,398.1200,138.7200,met4,398.1200,138.7200,5.153e-06
met3,398.1200,144.1600,met4,398.1200,144.1600,4.990e-06
met3,398.1200,149.6000,met4,398.1200,149.6000,4.002e-06
met3,398.1200,155.0400,met4,398.1200,155.0400,7.001e-06
met3,398.1200,160.4800,met4,398.1200,160.4800,2.593e-06
met3,398.1200,165.9200,met4,398.1200,165.9200,6.956e-06
met3,398.1200,171.3600,met4,398.1200,171.3600,3.149e-06
met3,398.1200,176.8000,met4,398.1200,176.8000,5.547e-06
met3,398.1200,182.2400,met4,398.1200,182.2400,5.309e-06
met3,398.1200,187.6800,met4,398.1200,187.6800,4.469e-06
met3,398.1200,193.1200,met4,398.1200,193.1200,6.418e-06
met3,398.1200,198.5600,met4,398.1200,198.5600,3.746e-06
met3,398.1200,204.0000,met4,398.1200,204.0000,5.950e-06
met3,398.1200,209.4400,met4,398.1200,209.4400,6.271e-06
met3,398.1200,214.8800,met4,398.1200,214.8800,2.000e-06
met3,398.1200,220.3200,met4,398.1200,220.3200,8.270e-06
met3,398.1200,225.7600,met4,398.1200,225.7600,2.305e-06
met3,398.1200,231.2000,met4,398.1200,231.2000,3.811e-06
met3,398.1200,236.6400,met4,398.1200,236.6400,2.078e-06
met3,398.1200,242.0800,met4,398.1200,242.0800,2.424e-07
met3,398.1200,247.5200,met4,398.1200,247.5200,2.710e-06
met3,398.1200,252.9600,met4,398.1200,252.9600,1.055e-06
met3,398.1200,258.4000,met4,398.1200,258.4000,2.147e-06
met3,398.1200,263.8400,met4,398.1200,263.8400,1.179e-06
met3,398.1200,269.2800,met4,398.1200,269.2800,1.432e-06
met3,398.1200,274.7200,met4,398.1200,274.7200,1.754e-06
met3,398.1200,280.1600,met4,398.1200,280.1600,3.122e-07
met3,398.1200,285.6000,met4,398.1200,285.6000,2.575e-06
met3,398.1200,291.0400,met4,398.1200,291.0400,1.467e-06
met3,398.1200,296.4800,met4,398.1200,296.4800,2.383e-07
met3,398.1200,301.9200,met4,398.1200,301.9200,2.574e-06
met3,398.1200,307.3600,met4,398.1200,307.3600,2.920e-07
met3,398.1200,312.8000,met4,398.1200,312.8000,1.428e-06
met3,398.1200,318.2400,met4,398.1200,318.2400,1.555e-06
met3,398.1200,323.6800,met4,398.1200,323.6800,1.299e-06
met3,398.1200,329.1200,met4,398.1200,329.1200,2.466e-06
met3,398.1200,334.5600,met4,398.1200,334.5600,4.843e-07
met3,398.1200,340.0000,met4,398.1200,340.0000,1.685e-06
met3,398.1200,345.4400,met4,398.1200,345.4400,1.365e-06
met3,398.1200,350.8800,met4,398.1200,350.8800,7.347e-07
met3,398.1200,356.3200,met4,398.1200,356.3200,2.334e-06
met3,398.1200,361.7600,met4,398.1200,361.7600,7.685e-08
met3,398.1200,367.2000,met4,398.1200,367.2000,1.457e-06
met3,398.1200,372.6400,met4,398.1200,372.6400,6.888e-07
met3,398.1200,378.0800,met4,398.1200,378.0800,9.108e-07
met3,398.1200,383.5200,met4,398.1200,383.5200,2.192e-06
met3,398.1200,388.9600,met4,398.1200,388.9600,8.357e-07
met3,398.1200,394.4000,met4,398.1200,394.4000,1.463e-06
met3,398.1200,399.8400,met4,398.1200,399.8400,1.670e-06
met3,398.1200,405.2800,met4,398.1200,405.2800,1.169e-06
met3,398.1200,410.7200,met4,398.1200,410.7200,1.433e-06
met3,398.1200,416.1600,met4,398.1200,416.1600,2.067e-06
met3,398.1200,421.6000,met4,398.1200,421.6000,5.814e-07
met3,398.1200,427.0400,met4,398.1200,427.0400,2.302e-06
met3,398.1200,432.4800,met4,398.1200,432.4800,1.778e-06
met3,398.1200,437.9200,met4,398.1200,437.9200,1.262e-06
met3,398.1200,443.3600,met4,398.1200,443.3600,2.120e-06
met3,398.1200,448.8000,met4,398.1200,448.8000,1.899e-06
met3,438.1200,13.6000,met4,438.1200,13.6000,3.332e-06
met3,438.1200,19.0400,met4,438.1200,19.0400,7.271e-06
met3,438.1200,24.4800,met4,438.1200,24.4800,2.914e-06
met3,438.1200,29.9200,met4,438.1200,29.9200,6.174e-06
met3,438.1200,35.3600,met4,438.1200,35.3600,3.583e-06
met3,438.1200,40.8000,met4,438.1200,40.8000,3.406e-06
met3,438.1200,46.2400,met4,438.1200,46.2400,6.680e-06
met3,438.1200,51.6800,met4,438.1200,51.6800,2.256e-06
met3,438.1200,57.1200,met4,438.1200,57.1200,6.404e-06
met3,438.1200,62.5600,met4,438.1200,62.5600,2.856e-06
met3,438.1200,68.0000,met4,438.1200,68.0000,5.843e-06
met3,438.1200,73.4400,met4,438.1200,73.4400,5.096e-06
met3,438.1200,78.8800,met4,438.1200,78.8800,3.315e-06
met3,438.1200,84.3200,met4,438.1200,84.3200,6.346e-06
met3,438.1200,89.7600,met4,438.1200,89.7600,4.297e-06
met3,438.1200,95.2000,met4,438.1200,95.2000,1.956e-06
met3,438.1200,100.6400,met4,438.1200,100.6400,7.199e-06
met3,438.1200,106.0800,met4,438.1200,106.0800,2.447e-06
met3,438.1200,111.5200,met4,438.1200,111.5200,5.173e-06
met3,438.1200,116.9600,met4,438.1200,116.9600,4.858e-06
met3,438.1200,122.4000,met4,438.1200,122.4000,2.670e-06
met3,438.1200,127.8400,met4,438.1200,127.8400,5.868e-06
met3,438.1200,133.2800,met4,438.1200,133.2800,3.269e-06
met3,438.1200,138.7200,met4,438.1200,138.7200,6.316e-06
met3,438.1200,144.1600,met4,438.1200,144.1600,1.526e-06
met3,438.1200,149.6000,met4,438.1200,149.6000,3.767e-06
met3,438.1200,155.0400,met4,438.1200,155.0400,6.011e-06
met3,438.1200,160.4800,met4,438.1200,160.4800,1.849e-06
met3,438.1200,165.9200,met4,438.1200,165.9200,6.129e-06
met3,438.1200,171.3600,met4,438.1200,171.3600,1.099e-06
met3,438.1200,176.8000,met4,438.1200,176.8000,2.121e-06
met3,438.1200,182.2400,met4,438.1200,182.2400,4.736e-06
met3,438.1200,187.6800,met4,438.1200,187.6800,2.470e-06
met3,438.1200,193.1200,met4,438.1200,193.1200,4.064e-06
met3,438.1200,198.5600,met4,438.1200,198.5600,2.190e-07
met3,438.1200,204.0000,met4,438.1200,204.0000,1.451e-06
met3,438.1200,209.4400,met4,438.1200,209.4400,4.143e-06
met3,438.1200,214.8800,met4,438.1200,214.8800,9.531e-07
met3,438.1200,220.3200,met4,438.1200,220.3200,3.708e-06
met3,438.1200,225.7600,met4,438.1200,225.7600,1.178e-06
met3,438.1200,231.2000,met4,438.1200,231.2000,3.985e-07
met3,438.1200,236.6400,met4,438.1200,236.6400,3.730e-08
met3,438.1200,242.0800,met4,438.1200,242.0800,1.920e-06
met3,438.1200,247.5200,met4,438.1200,247.5200,1.880e-06
met3,438.1200,252.9600,met4,438.1200,252.9600,1.119e-06
met3,438.1200,258.4000,met4,438.1200,258.4000,2.622e-06
met3,438.1200,263.8400,met4,438.1200,263.8400,8.402e-07
met3,438.1200,269.2800,met4,438.1200,269.2800,3.351e-07
met3,438.1200,274.7200,met4,438.1200,274.7200,1.745e-06
met3,438.1200,280.1600,met4,438.1200,280.1600,3.551e-07
met3,438.1200,285.6000,met4,438.1200,285.6000,1.909e-06
met3,438.1200,291.0400,met4,438.1200,291.0400,2.366e-07
met3,438.1200,296.4800,met4,438.1200,296.4800,4.253e-07
met3,438.1200,301.9200,met4,438.1200,301.9200,2.157e-06
met3,438.1200,307.3600,met4,438.1200,307.3600,1.576e-07
met3,438.1200,312.8000,met4,438.1200,312.8000,2.032e-06
met3,438.1200,318.2400,met4,438.1200,318.2400,1.474e-06
met3,438.1200,323.6800,met4,438.1200,323.6800,2.051e-07
met3,438.1200,329.1200,met4,438.1200,329.1200,3.494e-06
met3,438.1200,334.5600,met4,438.1200,334.5600,3.592e-07
met3,438.1200,340.0000,met4,438.1200,340.0000,2.344e-06
met3,438.1200,345.4400,met4,438.1200,345.4400,9.821e-07
met3,438.1200,350.8800,met4,438.1200,350.8800,1.037e-06
met3,438.1200,356.3200,met4,438.1200,356.3200,2.462e-06
met3,438.1200,361.7600,met4,438.1200,361.7600,3.647e-07
met3,438.1200,367.2000,met4,438.1200,367.2000,2.513e-06
met3,438.1200,372.6400,met4,438.1200,372.6400,5.914e-07
met3,438.1200,378.0800,met4,438.1200,378.0800,8.849e-07
met3,438.1200,383.5200,met4,438.1200,383.5200,3.043e-06
met3,438.1200,388.9600,met4,438.1200,388.9600,1.057e-07
met3,438.1200,394.4000,met4,438.1200,394.4000,2.315e-06
met3,438.1200,399.8400,met4,438.1200,399.8400,1.395e-06
met3,438.1200,405.2800,met4,438.1200,405.2800,3.025e-08
met3,438.1200,410.7200,met4,438.1200,410.7200,1.994e-06
met3,438.1200,416.1600,met4,438.1200,416.1600,2.028e-06
met3,438.1200,421.6000,met4,438.1200,421.6000,1.471e-06
met3,438.1200,427.0400,met4,438.1200,427.0400,1.617e-06
met3,438.1200,432.4800,met4,438.1200,432.4800,2.488e-06
met3,438.1200,437.9200,met4,438.1200,437.9200,3.556e-07
met3,438.1200,443.3600,met4,438.1200,443.3600,1.218e-06
met3,438.1200,448.8000,met4,438.1200,448.8000,2.554e-06
met4,38.1200,13.6000,met4,38.1200,19.0400,4.461e-06
met4,38.1200,19.0400,met4,38.1200,24.4800,1.579e-05
met4,38.1200,24.4800,met4,38.1200,29.9200,2.299e-05
met4,38.1200,29.9200,met4,38.1200,35.3600,3.124e-05
met4,38.1200,35.3600,met4,38.1200,40.8000,4.863e-05
met4,38.1200,35.3600,met5,38.1200,38.8800,8.681e-05
met4,38.1200,40.8000,met4,38.1200,46.2400,4.176e-05
met4,38.1200,46.2400,met4,38.1200,51.6800,3.150e-05
met4,38.1200,51.6800,met4,38.1200,57.1200,2.409e-05
met4,38.1200,57.1200,met4,38.1200,62.5600,1.750e-05
met4,38.1200,62.5600,met4,38.1200,68.0000,7.547e-06
met4,38.1200,68.0000,met4,38.1200,73.4400,5.430e-07
met4,38.1200,73.4400,met4,38.1200,78.8800,5.525e-06
met4,38.1200,78.8800,met4,38.1200,84.3200,1.427e-04
met4,38.1200,78.8800,met5,38.1200,78.8800,1.566e-04
met4,38.1200,84.3200,met4,38.1200,89.7600,1.363e-04
met4,38.1200,89.7600,met4,38.1200,95.2000,1.301e-04
met4,38.1200,95.2000,met4,38.1200,100.6400,1.205e-04
met4,38.1200,100.6400,met4,38.1200,106.0800,1.137e-04
met4,38.1200,106.0800,met4,38.1200,111.5200,1.062e-04
met4,38.1200,111.5200,met4,38.1200,116.9600,9.877e-05
met4,38.1200,116.9600,met4,38.1200,122.4000,8.030e-05
met4,38.1200,116.9600,met5,38.1200,118.8800,1.232e-05
met4,38.1200,122.4000,met4,38.1200,127.8400,7.423e-05
met4,38.1200,127.8400,met4,38.1200,133.2800,6.785e-05
met4,38.1200,133.2800,met4,38.1200,138.7200,5.861e-05
met4,38.1200,138.7200,met4,38.1200,144.1600,5.495e-05
met4,38.1200,144.1600,met4,38.1200,149.6000,4.636e-05
met4,38.1200,149.6000,met4,38.1200,155.0400,4.147e-05
met4,38.1200,155.0400,met4,38.1200,160.4800,3.197e-05
met4,38.1200,155.0400,met5,38.1200,158.8800,8.227e-07
met4,38.1200,160.4800,met4,38.1200,165.9200,2.827e-05
met4,38.1200,165.9200,met4,38.1200,171.3600,2.310e-05
met4,38.1200,171.3600,met4,38.1200,176.8000,1.561e-05
met4,38.1200,176.8000,met4,38.1200,182.2400,1.024e-05
met4,38.1200,182.2400,met4,38.1200,187.6800,6.346e-06
met4,38.1200,187.6800,met4,38.1200,193.1200,1.625e-06
met4,38.1200,193.1200,met4,38.1200,198.5600,5.998e-06
met4,38.1200,198.5600,met4,38.1200,204.0000,5.883e-06
met4,38.1200,198.5600,met5,38.1200,198.8800,6.597e-06
met4,38.1200,204.0000,met4,38.1200,209.4400,1.201e-05
met4,38.1200,209.4400,met4,38.1200,214.8800,1.684e-05
met4,38.1200,214.8800,met4,38.1200,220.3200,2.343e-05
met4,38.1200,220.3200,met4,38.1200,225.7600,2.910e-05
met4,38.1200,225.7600,met4,38.1200,231.2000,3.579e-05
met4,38.1200,231.2000,met4,38.1200,236.6400,3.893e-05
met4,38.1200,236.6400,met4,38.1200,242.0800,3.755e-05
met4,38.1200,236.6400,met5,38.1200,238.8800,8.957e-06
met4,38.1200,242.0800,met4,38.1200,247.5200,4.359e-05
met4,38.1200,247.5200,met4,38.1200,252.9600,4.415e-05
met4,38.1200,252.9600,met4,38.1200,258.4000,4.382e-05
met4,38.1200,258.4000,met4,38.1200,263.8400,4.327e-05
met4,38.1200,263.8400,met4,38.1200,269.2800,4.273e-05
met4,38.1200,269.2800,met4,38.1200,274.7200,4.211e-05
met4,38.1200,274.7200,met4,38.1200,280.1600,3.155e-05
met4,38.1200,274.7200,met5,38.1200,278.8800,9.914e-06
met4,38.1200,280.1600,met4,38.1200,285.6000,3.088e-05
met4,38.1200,285.6000,met4,38.1200,291.0400,3.015e-05
met4,38.1200,291.0400,met4,38.1200,296.4800,2.934e-05
met4,38.1200,296.4800,met4,38.1200,301.9200,2.939e-05
met4,38.1200,301.9200,met4,38.1200,307.3600,2.848e-05
met4,38.1200,307.3600,met4,38.1200,312.8000,2.748e-05
met4,38.1200,312.8000,met4,38.1200,318.2400,2.642e-05
met4,38.1200,318.2400,met4,38.1200,323.6800,5.851e-06
met4,38.1200,318.2400,met5,38.1200,318.8800,1.937e-05
met4,38.1200,323.6800,met4,38.1200,329.1200,4.754e-06
met4,38.1200,329.1200,met4,38.1200,334.5600,4.393e-06
met4,38.1200,334.5600,met4,38.1200,340.0000,6.498e-06
met4,38.1200,340.0000,met4,38.1200,345.4400,8.133e-06
met4,38.1200,345.4400,met4,38.1200,350.8800,8.321e-06
met4,38.1200,350.8800,met4,38.1200,356.3200,9.730e-06
met4,38.1200,356.3200,met4,38.1200,361.7600,8.415e-06
met4,38.1200,356.3200,met5,38.1200,358.8800,1.981e-05
met4,38.1200,361.7600,met4,38.1200,367.2000,7.344e-06
met4,38.1200,367.2000,met4,38.1200,372.6400,7.166e-06
met4,38.1200,372.6400,met4,38.1200,378.0800,5.206e-06
met4,38.1200,378.0800,met4,38.1200,383.5200,5.152e-06
met4,38.1200,383.5200,met4,38.1200,388.9600,1.975e-06
met4,38.1200,388.9600,met4,38.1200,394.4000,1.033e-06
met4,38.1200,394.4000,met4,38.1200,399.8400,1.158e-05
met4,38.1200,394.4000,met5,38.1200,398.8800,1.094e-05
met4,38.1200,399.8400,met4,38.1200,405.2800,8.707e-06
met4,38.1200,405.2800,met4,38.1200,410.7200,5.577e-06
met4,38.1200,410.7200,met4,38.1200,416.1600,5.841e-06
met4,38.1200,416.1600,met4,38.1200,421.6000,4.181e-06
met4,38.1200,421.6000,met4,38.1200,427.0400,2.447e-06
met4,38.1200,427.0400,met4,38.1200,432.4800,6.459e-07
met4,38.1200,432.4800,met4,38.1200,437.9200,2.410e-06
met4,38.1200,437.9200,met4,38.1200,443.3600,3.926e-06
met4,38.1200,437.9200,met5,38.1200,438.8800,7.104e-06
met4,38.1200,443.3600,met4,38.1200,448.8000,1.843e-06
met4,78.1200,13.6000,met4,78.1200,19.0400,6.968e-06
met4,78.1200,19.0400,met4,78.1200,24.4800,1.930e-05
met4,78.1200,24.4800,met4,78.1200,29.9200,2.934e-05
met4,78.1200,29.9200,met4,78.1200,35.3600,4.095e-05
met4,78.1200,35.3600,met4,78.1200,40.8000,5.483e-05
met4,78.1200,35.3600,met5,78.1200,38.8800,1.048e-04
met4,78.1200,40.8000,met4,78.1200,46.2400,4.465e-05
met4,78.1200,46.2400,met4,78.1200,51.6800,3.394e-05
met4,78.1200,51.6800,met4,78.1200,57.1200,2.679e-05
met4,78.1200,57.1200,met4,78.1200,62.5600,1.487e-05
met4,78.1200,62.5600,met4,78.1200,68.0000,3.892e-06
met4,78.1200,68.0000,met4,78.1200,73.4400,4.245e-06
met4,78.1200,73.4400,met4,78.1200,78.8800,1.491e-05
met4,78.1200,78.8800,met4,78.1200,84.3200,1.474e-04
met4,78.1200,78.8800,met5,78.1200,78.8800,1.720e-04
met4,78.1200,84.3200,met4,78.1200,89.7600,1.394e-04
met4,78.1200,89.7600,met4,78.1200,95.2000,1.301e-04
met4,78.1200,95.2000,met4,78.1200,100.6400,1.215e-04
met4,78.1200,100.6400,met4,78.1200,106.0800,1.122e-04
met4,78.1200,106.0800,met4,78.1200,111.5200,1.055e-04
met4,78.1200,111.5200,met4,78.1200,116.9600,9.633e-05
met4,78.1200,116.9600,met4,78.1200,122.4000,7.332e-05
met4,78.1200,116.9600,met5,78.1200,118.8800,1.826e-05
met4,78.1200,122.4000,met4,78.1200,127.8400,6.671e-05
met4,78.1200,127.8400,met4,78.1200,133.2800,6.046e-05
met4,78.1200,133.2800,met4,78.1200,138.7200,5.468e-05
met4,78.1200,138.7200,met4,78.1200,144.1600,4.950e-05
met4,78.1200,144.1600,met4,78.1200,149.6000,4.289e-05
met4,78.1200,149.6000,met4,78.1200,155.0400,3.555e-05
met4,78.1200,155.0400,met4,78.1200,160.4800,2.832e-05
met4,78.1200,155.0400,met5,78.1200,158.8800,2.283e-06
met4,78.1200,160.4800,met4,78.1200,165.9200,2.227e-05
met4,78.1200,165.9200,met4,78.1200,171.3600,1.693e-05
met4,78.1200,171.3600,met4,78.1200,176.8000,1.289e-05
met4,78.1200,176.8000,met4,78.1200,182.2400,7.116e-06
met4,78.1200,182.2400,met4,78.1200,187.6800,2.293e-06
met4,78.1200,187.6800,met4,78.1200,193.1200,4.418e-06
met4,78.1200,193.1200,met4,78.1200,198.5600,9.185e-06
met4,78.1200,198.5600,met4,78.1200,204.0000,8.523e-06
met4,78.1200,198.5600,met5,78.1200,198.8800,5.716e-06
met4,78.1200,204.0000,met4,78.1200,209.4400,1.473e-05
met4,78.1200,209.4400,met4,78.1200,214.8800,1.859e-05
met4,78.1200,214.8800,met4,78.1200,220.3200,2.518e-05
met4,78.1200,220.3200,met4,78.1200,225.7600,3.093e-05
met4,78.1200,225.7600,met4,78.1200,231.2000,3.602e-05
met4,78.1200,231.2000,met4,78.1200,236.6400,4.010e-05
met4,78.1200,236.6400,met4,78.1200,242.0800,3.897e-05
met4,78.1200,236.6400,met5,78.1200,238.8800,7.424e-06
met4,78.1200,242.0800,met4,78.1200,247.5200,4.224e-05
met4,78.1200,247.5200,met4,78.1200,252.9600,4.325e-05
met4,78.1200,252.9600,met4,78.1200,258.4000,4.421e-05
met4,78.1200,258.4000,met4,78.1200,263.8400,4.408e-05
met4,78.1200,263.8400,met4,78.1200,269.2800,4.409e-05
met4,78.1200,269.2800,met4,78.1200,274.7200,4.379e-05
met4,78.1200,274.7200,met4,78.1200,280.1600,3.470e-05
met4,78.1200,274.7200,met5,78.1200,278.8800,8.744e-06
met4,78.1200,280.1600,met4,78.1200,285.6000,3.433e-05
met4,78.1200,285.6000,met4,78.1200,291.0400,3.407e-05
met4,78.1200,291.0400,met4,78.1200,296.4800,3.348e-05
met4,78.1200,296.4800,met4,78.1200,301.9200,3.313e-05
met4,78.1200,301.9200,met4,78.1200,307.3600,3.264e-05
met4,78.1200,307.3600,met4,78.1200,312.8000,3.196e-05
met4,78.1200,312.8000,met4,78.1200,318.2400,3.117e-05
met4,78.1200,318.2400,met4,78.1200,323.6800,7.509e-06
met4,78.1200,318.2400,met5,78.1200,318.8800,2.257e-05
met4,78.1200,323.6800,met4,78.1200,329.1200,6.852e-06
met4,78.1200,329.1200,met4,78.1200,334.5600,6.091e-06
met4,78.1200,334.5600,met4,78.1200,340.0000,7.799e-06
met4,78.1200,340.0000,met4,78.1200,345.4400,7.522e-06
met4,78.1200,345.4400,met4,78.1200,350.8800,8.046e-06
met4,78.1200,350.8800,met4,78.1200,356.3200,8.758e-06
met4,78.1200,356.3200,met4,78.1200,361.7600,1.228e-05
met4,78.1200,356.3200,met5,78.1200,358.8800,2.178e-05
met4,78.1200,361.7600,met4,78.1200,367.2000,1.118e-05
met4,78.1200,367.2000,met4,78.1200,372.6400,1.125e-05
met4,78.1200,372.6400,met4,78.1200,378.0800,9.147e-06
met4,78.1200,378.0800,met4,78.1200,383.5200,8.616e-06
met4,78.1200,383.5200,met4,78.1200,388.9600,6.772e-06
met4,78.1200,388.9600,met4,78.1200,394.4000,5.004e-06
met4,78.1200,394.4000,met4,78.1200,399.8400,1.274e-05
met4,78.1200,394.4000,met5,78.1200,398.8800,8.032e-06
met4,78.1200,399.8400,met4,78.1200,405.2800,1.109e-05
met4,78.1200,405.2800,met4,78.1200,410.7200,8.452e-06
met4,78.1200,410.7200,met4,78.1200,416.1600,7.843e-06
met4,78.1200,416.1600,met4,78.1200,421.6000,5.895e-06
met4,78.1200,421.6000,met4,78.1200,427.0400,4.892e-06
met4,78.1200,427.0400,met4,78.1200,432.4800,2.375e-06
met4,78.1200,432.4800,met4,78.1200,437.9200,1.334e-06
met4,78.1200,437.9200,met4,78.1200,443.3600,3.449e-06
met4,78.1200,437.9200,met5,78.1200,438.8800,4.590e-06
met4,78.1200,443.3600,met4,78.1200,448.8000,1.721e-06
met4,118.1200,13.6000,met4,118.1200,19.0400,6.043e-06
met4,118.1200,19.0400,met4,118.1200,24.4800,1.728e-05
met4,118.1200,24.4800,met4,118.1200,29.9200,2.410e-05
met4,118.1200,29.9200,met4,118.1200,35.3600,3.440e-05
met4,118.1200,35.3600,met4,118.1200,40.8000,4.520e-05
met4,118.1200,35.3600,met5,118.1200,38.8800,8.859e-05
met4,118.1200,40.8000,met4,118.1200,46.2400,3.712e-05
met4,118.1200,46.2400,met4,118.1200,51.6800,2.831e-05
met4,118.1200,51.6800,met4,118.1200,57.1200,2.300e-05
met4,118.1200,57.1200,met4,118.1200,62.5600,1.449e-05
met4,118.1200,62.5600,met4,118.1200,68.0000,5.761e-06
met4,118.1200,68.0000,met4,118.1200,73.4400,1.796e-06
met4,118.1200,73.4400,met4,118.1200,78.8800,1.064e-05
met4,118.1200,78.8800,met4,118.1200,84.3200,1.064e-04
met4,118.1200,78.8800,met5,118.1200,78.8800,1.254e-04
met4,118.1200,84.3200,met4,118.1200,89.7600,9.960e-05
met4,118.1200,89.7600,met4,118.1200,95.2000,9.173e-05
met4,118.1200,95.2000,met4,118.1200,100.6400,8.607e-05
met4,118.1200,100.6400,met4,118.1200,106.0800,7.752e-05
met4,118.1200,106.0800,met4,118.1200,111.5200,7.238e-05
met4,118.1200,111.5200,met4,118.1200,116.9600,6.443e-05
met4,118.1200,116.9600,met4,118.1200,122.4000,5.070e-05
met4,118.1200,116.9600,met5,118.1200,118.8800,9.755e-06
met4,118.1200,122.4000,met4,118.1200,127.8400,4.474e-05
met4,118.1200,127.8400,met4,118.1200,133.2800,3.906e-05
met4,118.1200,133.2800,met4,118.1200,138.7200,3.646e-05
met4,118.1200,138.7200,met4,118.1200,144.1600,3.102e-05
met4,118.1200,144.1600,met4,118.1200,149.6000,2.617e-05
met4,118.1200,149.6000,met4,118.1200,155.0400,1.993e-05
met4,118.1200,155.0400,met4,118.1200,160.4800,1.752e-05
met4,118.1200,155.0400,met5,118.1200,158.8800,9.497e-07
met4,118.1200,160.4800,met4,118.1200,165.9200,1.282e-05
met4,118.1200,165.9200,met4,118.1200,171.3600,7.982e-06
met4,118.1200,171.3600,met4,118.1200,176.8000,4.611e-06
met4,118.1200,176.8000,met4,118.1200,182.2400,1.425e-06
met4,118.1200,182.2400,met4,118.1200,187.6800,5.401e-06
met4,118.1200,187.6800,met4,118.1200,193.1200,1.237e-05
met4,118.1200,193.1200,met4,118.1200,198.5600,1.727e-05
met4,118.1200,198.5600,met4,118.1200,204.0000,1.392e-05
met4,118.1200,198.5600,met5,118.1200,198.8800,8.530e-06
met4,118.1200,204.0000,met4,118.1200,209.4400,1.820e-05
met4,118.1200,209.4400,met4,118.1200,214.8800,2.272e-05
met4,118.1200,214.8800,met4,118.1200,220.3200,2.729e-05
met4,118.1200,220.3200,met4,118.1200,225.7600,3.293e-05
met4,118.1200,225.7600,met4,118.1200,231.2000,3.647e-05
met4,118.1200,231.2000,met4,118.1200,236.6400,4.139e-05
met4,118.1200,236.6400,met4,118.1200,242.0800,3.817e-05
met4,118.1200,236.6400,met5,118.1200,238.8800,9.937e-06
met4,118.1200,242.0800,met4,118.1200,247.5200,4.107e-05
met4,118.1200,247.5200,met4,118.1200,252.9600,4.392e-05
met4,118.1200,252.9600,met4,118.1200,258.4000,4.597e-05
met4,118.1200,258.4000,met4,118.1200,263.8400,4.713e-05
met4,118.1200,263.8400,met4,118.1200,269.2800,4.859e-05
met4,118.1200,269.2800,met4,118.1200,274.7200,4.923e-05
met4,118.1200,274.7200,met4,118.1200,280.1600,3.993e-05
met4,118.1200,274.7200,met5,118.1200,278.8800,9.869e-06
met4,118.1200,280.1600,met4,118.1200,285.6000,4.061e-05
met4,118.1200,285.6000,met4,118.1200,291.0400,4.199e-05
met4,118.1200,291.0400,met4,118.1200,296.4800,4.189e-05
met4,118.1200,296.4800,met4,118.1200,301.9200,4.245e-05
met4,118.1200,301.9200,met4,118.1200,307.3600,4.353e-05
met4,118.1200,307.3600,met4,118.1200,312.8000,4.420e-05
met4,118.1200,312.8000,met4,118.1200,318.2400,4.463e-05
met4,118.1200,318.2400,met4,118.1200,323.6800,7.385e-06
met4,118.1200,318.2400,met5,118.1200,318.8800,3.633e-05
met4,118.1200,323.6800,met4,118.1200,329.1200,8.274e-06
met4,118.1200,329.1200,met4,118.1200,334.5600,8.177e-06
met4,118.1200,334.5600,met4,118.1200,340.0000,8.307e-06
met4,118.1200,340.0000,met4,118.1200,345.4400,8.316e-06
met4,118.1200,345.4400,met4,118.1200,350.8800,8.476e-06
met4,118.1200,350.8800,met4,118.1200,356.3200,9.629e-06
met4,118.1200,356.3200,met4,118.1200,361.7600,2.296e-05
met4,118.1200,356.3200,met5,118.1200,358.8800,3.236e-05
met4,118.1200,361.7600,met4,118.1200,367.2000,2.067e-05
met4,118.1200,367.2000,met4,118.1200,372.6400,2.104e-05
met4,118.1200,372.6400,met4,118.1200,378.0800,1.844e-05
met4,118.1200,378.0800,met4,118.1200,383.5200,1.690e-05
met4,118.1200,383.5200,met4,118.1200,388.9600,1.610e-05
met4,118.1200,388.9600,met4,118.1200,394.4000,1.395e-05
met4,118.1200,394.4000,met4,118.1200,399.8400,1.715e-05
met4,118.1200,394.4000,met5,118.1200,398.8800,3.901e-06
met4,118.1200,399.8400,met4,118.1200,405.2800,1.550e-05
met4,118.1200,405.2800,met4,118.1200,410.7200,1.358e-05
met4,118.1200,410.7200,met4,118.1200,416.1600,1.291e-05
met4,118.1200,416.1600,met4,118.1200,421.6000,9.896e-06
met4,118.1200,421.6000,met4,118.1200,427.0400,9.455e-06
met4,118.1200,427.0400,met4,118.1200,432.4800,6.006e-06
met4,118.1200,432.4800,met4,118.1200,437.9200,4.803e-06
met4,118.1200,437.9200,met4,118.1200,443.3600,3.862e-06
met4,118.1200,437.9200,met5,118.1200,438.8800,1.394e-06
met4,118.1200,443.3600,met4,118.1200,448.8000,2.299e-06
met4,158.1200,13.6000,met4,158.1200,19.0400,4.478e-06
met4,158.1200,19.0400,met4,158.1200,24.4800,1.199e-05
met4,158.1200,24.4800,met4,158.1200,29.9200,1.445e-05
met4,158.1200,29.9200,met4,158.1200,35.3600,1.941e-05
met4,158.1200,35.3600,met4,158.1200,40.8000,2.063e-05
met4,158.1200,35.3600,met5,158.1200,38.8800,4.563e-05
met4,158.1200,40.8000,met4,158.1200,46.2400,1.621e-05
met4,158.1200,46.2400,met4,158.1200,51.6800,1.240e-05
met4,158.1200,51.6800,met4,158.1200,57.1200,1.020e-05
met4,158.1200,57.1200,met4,158.1200,62.5600,5.717e-06
met4,158.1200,62.5600,met4,158.1200,68.0000,6.247e-07
met4,158.1200,68.0000,met4,158.1200,73.4400,3.731e-06
met4,158.1200,73.4400,met4,158.1200,78.8800,9.706e-06
met4,158.1200,78.8800,met4,158.1200,84.3200,4.403e-05
met4,158.1200,78.8800,met5,158.1200,78.8800,5.659e-05
met4,158.1200,84.3200,met4,158.1200,89.7600,3.917e-05
met4,158.1200,89.7600,met4,158.1200,95.2000,3.416e-05
met4,158.1200,95.2000,met4,158.1200,100.6400,3.064e-05
met4,158.1200,100.6400,met4,158.1200,106.0800,2.482e-05
met4,158.1200,106.0800,met4,158.1200,111.5200,2.046e-05
met4,158.1200,111.5200,met4,158.1200,116.9600,1.590e-05
met4,158.1200,116.9600,met4,158.1200,122.4000,1.577e-05
met4,158.1200,116.9600,met5,158.1200,118.8800,2.509e-06
met4,158.1200,122.4000,met4,158.1200,127.8400,1.271e-05
met4,158.1200,127.8400,met4,158.1200,133.2800,9.559e-06
met4,158.1200,133.2800,met4,158.1200,138.7200,8.593e-06
met4,158.1200,138.7200,met4,158.1200,144.1600,5.982e-06
met4,158.1200,144.1600,met4,158.1200,149.6000,3.090e-06
met4,158.1200,149.6000,met4,158.1200,155.0400,2.539e-07
met4,158.1200,155.0400,met4,158.1200,160.4800,1.025e-06
met4,158.1200,155.0400,met5,158.1200,158.8800,4.005e-06
met4,158.1200,160.4800,met4,158.1200,165.9200,9.544e-07
met4,158.1200,165.9200,met4,158.1200,171.3600,4.367e-06
met4,158.1200,171.3600,met4,158.1200,176.8000,8.031e-06
met4,158.1200,176.8000,met4,158.1200,182.2400,1.181e-05
met4,158.1200,182.2400,met4,158.1200,187.6800,1.757e-05
met4,158.1200,187.6800,met4,158.1200,193.1200,2.296e-05
met4,158.1200,193.1200,met4,158.1200,198.5600,2.807e-05
met4,158.1200,198.5600,met4,158.1200,204.0000,1.925e-05
met4,158.1200,198.5600,met5,158.1200,198.8800,1.298e-05
met4,158.1200,204.0000,met4,158.1200,209.4400,2.301e-05
met4,158.1200,209.4400,met4,158.1200,214.8800,2.730e-05
met4,158.1200,214.8800,met4,158.1200,220.3200,3.225e-05
met4,158.1200,220.3200,met4,158.1200,225.7600,3.724e-05
met4,158.1200,225.7600,met4,158.1200,231.2000,4.010e-05
met4,158.1200,231.2000,met4,158.1200,236.6400,4.572e-05
met4,158.1200,236.6400,met4,158.1200,242.0800,4.028e-05
met4,158.1200,236.6400,met5,158.1200,238.8800,1.122e-05
met4,158.1200,242.0800,met4,158.1200,247.5200,4.454e-05
met4,158.1200,247.5200,met4,158.1200,252.9600,4.736e-05
met4,158.1200,252.9600,met4,158.1200,258.4000,4.916e-05
met4,158.1200,258.4000,met4,158.1200,263.8400,5.154e-05
met4,158.1200,263.8400,met4,158.1200,269.2800,5.318e-05
met4,158.1200,269.2800,met4,158.1200,274.7200,5.417e-05
met4,158.1200,274.7200,met4,158.1200,280.1600,5.241e-05
met4,158.1200,274.7200,met5,158.1200,278.8800,4.300e-06
met4,158.1200,280.1600,met4,158.1200,285.6000,5.442e-05
met4,158.1200,285.6000,met4,158.1200,291.0400,5.631e-05
met4,158.1200,291.0400,met4,158.1200,296.4800,5.823e-05
met4,158.1200,296.4800,met4,158.1200,301.9200,5.955e-05
met4,158.1200,301.9200,met4,158.1200,307.3600,6.274e-05
met4,158.1200,307.3600,met4,158.1200,312.8000,6.494e-05
met4,158.1200,312.8000,met4,158.1200,318.2400,6.709e-05
met4,158.1200,318.2400,met4,158.1200,323.6800,1.436e-06
met4,158.1200,318.2400,met5,158.1200,318.8800,6.666e-05
met4,158.1200,323.6800,met4,158.1200,329.1200,3.986e-06
met4,158.1200,329.1200,met4,158.1200,334.5600,5.413e-06
met4,158.1200,334.5600,met4,158.1200,340.0000,6.671e-06
met4,158.1200,340.0000,met4,158.1200,345.4400,7.468e-06
met4,158.1200,345.4400,met4,158.1200,350.8800,9.405e-06
met4,158.1200,350.8800,met4,158.1200,356.3200,1.147e-05
met4,158.1200,356.3200,met4,158.1200,361.7600,4.670e-05
met4,158.1200,356.3200,met5,158.1200,358.8800,5.993e-05
met4,158.1200,361.7600,met4,158.1200,367.2000,4.281e-05
met4,158.1200,367.2000,met4,158.1200,372.6400,4.143e-05
met4,158.1200,372.6400,met4,158.1200,378.0800,3.940e-05
met4,158.1200,378.0800,met4,158.1200,383.5200,3.558e-05
met4,158.1200,383.5200,met4,158.1200,388.9600,3.500e-05
met4,158.1200,388.9600,met4,158.1200,394.4000,3.111e-05
met4,158.1200,394.4000,met4,158.1200,399.8400,2.567e-05
met4,158.1200,394.4000,met5,158.1200,398.8800,4.600e-06
met4,158.1200,399.8400,met4,158.1200,405.2800,2.368e-05
met4,158.1200,405.2800,met4,158.1200,410.7200,2.086e-05
met4,158.1200,410.7200,met4,158.1200,416.1600,1.970e-05
met4,158.1200,416.1600,met4,158.1200,421.6000,1.649e-05
met4,158.1200,421.6000,met4,158.1200,427.0400,1.523e-05
met4,158.1200,427.0400,met4,158.1200,432.4800,1.163e-05
met4,158.1200,432.4800,met4,158.1200,437.9200,9.554e-06
met4,158.1200,437.9200,met4,158.1200,443.3600,5.436e-06
met4,158.1200,437.9200,met5,158.1200,438.8800,2.958e-06
met4,158.1200,443.3600,met4,158.1200,448.8000,1.204e-06
met4,198.1200,13.6000,met4,198.1200,19.0400,4.514e-06
met4,198.1200,19.0400,met4,198.1200,24.4800,1.058e-05
met4,198.1200,24.4800,met4,198.1200,29.9200,1.395e-05
met4,198.1200,29.9200,met4,198.1200,35.3600,1.951e-05
met4,198.1200,35.3600,met4,198.1200,40.8000,7.583e-06
met4,198.1200,35.3600,met5,198.1200,38.8800,3.072e-05
met4,198.1200,40.8000,met4,198.1200,46.2400,2.332e-06
met4,198.1200,46.2400,met4,198.1200,51.6800,3.956e-08
met4,198.1200,51.6800,met4,198.1200,57.1200,2.576e-06
met4,198.1200,57.1200,met4,198.1200,62.5600,7.596e-06
met4,198.1200,62.5600,met4,198.1200,68.0000,1.151e-05
met4,198.1200,68.0000,met4,198.1200,73.4400,1.589e-05
met4,198.1200,73.4400,met4,198.1200,78.8800,2.242e-05
met4,198.1200,78.8800,met4,198.1200,84.3200,3.448e-06
met4,198.1200,78.8800,met5,198.1200,78.8800,3.076e-05
met4,198.1200,84.3200,met4,198.1200,89.7600,2.392e-06
met4,198.1200,89.7600,met4,198.1200,95.2000,4.696e-06
met4,198.1200,95.2000,met4,198.1200,100.6400,9.065e-06
met4,198.1200,100.6400,met4,198.1200,106.0800,1.418e-05
met4,198.1200,106.0800,met4,198.1200,111.5200,1.736e-05
met4,198.1200,111.5200,met4,198.1200,116.9600,2.011e-05
met4,198.1200,116.9600,met4,198.1200,122.4000,1.678e-05
met4,198.1200,116.9600,met5,198.1200,118.8800,4.905e-06
met4,198.1200,122.4000,met4,198.1200,127.8400,1.739e-05
met4,198.1200,127.8400,met4,198.1200,133.2800,1.802e-05
met4,198.1200,133.2800,met4,198.1200,138.7200,1.853e-05
met4,198.1200,138.7200,met4,198.1200,144.1600,1.905e-05
met4,198.1200,144.1600,met4,198.1200,149.6000,1.982e-05
met4,198.1200,149.6000,met4,198.1200,155.0400,2.113e-05
met4,198.1200,155.0400,met4,198.1200,160.4800,1.989e-05
met4,198.1200,155.0400,met5,198.1200,158.8800,2.290e-06
met4,198.1200,160.4800,met4,198.1200,165.9200,2.124e-05
met4,198.1200,165.9200,met4,198.1200,171.3600,2.207e-05
met4,198.1200,171.3600,met4,198.1200,176.8000,2.337e-05
met4,198.1200,176.8000,met4,198.1200,182.2400,2.510e-05
met4,198.1200,182.2400,met4,198.1200,187.6800,2.953e-05
met4,198.1200,187.6800,met4,198.1200,193.1200,3.471e-05
met4,198.1200,193.1200,met4,198.1200,198.5600,3.895e-05
met4,198.1200,198.5600,met4,198.1200,204.0000,2.264e-05
met4,198.1200,198.5600,met5,198.1200,198.8800,1.988e-05
met4,198.1200,204.0000,met4,198.1200,209.4400,2.659e-05
met4,198.1200,209.4400,met4,198.1200,214.8800,3.130e-05
met4,198.1200,214.8800,met4,198.1200,220.3200,3.632e-05
met4,198.1200,220.3200,met4,198.1200,225.7600,4.076e-05
met4,198.1200,225.7600,met4,198.1200,231.2000,4.367e-05
met4,198.1200,231.2000,met4,198.1200,236.6400,4.866e-05
met4,198.1200,236.6400,met4,198.1200,242.0800,4.055e-05
met4,198.1200,236.6400,met5,198.1200,238.8800,1.453e-05
met4,198.1200,242.0800,met4,198.1200,247.5200,4.552e-05
met4,198.1200,247.5200,met4,198.1200,252.9600,5.017e-05
met4,198.1200,252.9600,met4,198.1200,258.4000,5.186e-05
met4,198.1200,258.4000,met4,198.1200,263.8400,5.393e-05
met4,198.1200,263.8400,met4,198.1200,269.2800,5.478e-05
met4,198.1200,269.2800,met4,198.1200,274.7200,5.561e-05
met4,198.1200,274.7200,met4,198.1200,280.1600,6.484e-05
met4,198.1200,274.7200,met5,198.1200,278.8800,6.352e-06
met4,198.1200,280.1600,met4,198.1200,285.6000,6.702e-05
met4,198.1200,285.6000,met4,198.1200,291.0400,6.972e-05
met4,198.1200,291.0400,met4,198.1200,296.4800,7.320e-05
met4,198.1200,296.4800,met4,198.1200,301.9200,7.624e-05
met4,198.1200,301.9200,met4,198.1200,307.3600,8.081e-05
met4,198.1200,307.3600,met4,198.1200,312.8000,8.462e-05
met4,198.1200,312.8000,met4,198.1200,318.2400,8.912e-05
met4,198.1200,318.2400,met4,198.1200,323.6800,1.064e-05
met4,198.1200,318.2400,met5,198.1200,318.8800,1.043e-04
met4,198.1200,323.6800,met4,198.1200,329.1200,6.129e-06
met4,198.1200,329.1200,met4,198.1200,334.5600,1.644e-06
met4,198.1200,334.5600,met4,198.1200,340.0000,2.594e-06
met4,198.1200,340.0000,met4,198.1200,345.4400,7.222e-06
met4,198.1200,345.4400,met4,198.1200,350.8800,1.111e-05
met4,198.1200,350.8800,met4,198.1200,356.3200,1.527e-05
met4,198.1200,356.3200,met4,198.1200,361.7600,7.648e-05
met4,198.1200,356.3200,met5,198.1200,358.8800,9.678e-05
met4,198.1200,361.7600,met4,198.1200,367.2000,7.033e-05
met4,198.1200,367.2000,met4,198.1200,372.6400,6.669e-05
met4,198.1200,372.6400,met4,198.1200,378.0800,6.289e-05
met4,198.1200,378.0800,met4,198.1200,383.5200,5.727e-05
met4,198.1200,383.5200,met4,198.1200,388.9600,5.522e-05
met4,198.1200,388.9600,met4,198.1200,394.4000,5.043e-05
met4,198.1200,394.4000,met4,198.1200,399.8400,3.302e-05
met4,198.1200,394.4000,met5,198.1200,398.8800,1.500e-05
met4,198.1200,399.8400,met4,198.1200,405.2800,3.071e-05
met4,198.1200,405.2800,met4,198.1200,410.7200,2.836e-05
met4,198.1200,410.7200,met4,198.1200,416.1600,2.606e-05
met4,198.1200,416.1600,met4,198.1200,421.6000,2.291e-05
met4,198.1200,421.6000,met4,198.1200,427.0400,2.084e-05
met4,198.1200,427.0400,met4,198.1200,432.4800,1.840e-05
met4,198.1200,432.4800,met4,198.1200,437.9200,1.416e-05
met4,198.1200,437.9200,met4,198.1200,443.3600,5.916e-06
met4,198.1200,437.9200,met5,198.1200,438.8800,6.914e-06
met4,198.1200,443.3600,met4,198.1200,448.8000,1.267e-06
met4,238.1200,13.6000,met4,238.1200,19.0400,4.225e-06
met4,238.1200,19.0400,met4,238.1200,24.4800,9.218e-06
met4,238.1200,24.4800,met4,238.1200,29.9200,1.804e-05
met4,238.1200,29.9200,met4,238.1200,35.3600,3.112e-05
met4,238.1200,35.3600,met4,238.1200,40.8000,3.099e-06
met4,238.1200,35.3600,met5,238.1200,38.8800,3.364e-05
met4,238.1200,40.8000,met4,238.1200,46.2400,6.675e-06
met4,238.1200,46.2400,met4,238.1200,51.6800,1.030e-05
met4,238.1200,51.6800,met4,238.1200,57.1200,1.141e-05
met4,238.1200,57.1200,met4,238.1200,62.5600,1.877e-05
met4,238.1200,62.5600,met4,238.1200,68.0000,2.218e-05
met4,238.1200,68.0000,met4,238.1200,73.4400,2.598e-05
met4,238.1200,73.4400,met4,238.1200,78.8800,4.241e-05
met4,238.1200,78.8800,met4,238.1200,84.3200,2.696e-05
met4,238.1200,78.8800,met5,238.1200,78.8800,2.778e-05
met4,238.1200,84.3200,met4,238.1200,89.7600,3.341e-05
met4,238.1200,89.7600,met4,238.1200,95.2000,3.706e-05
met4,238.1200,95.2000,met4,238.1200,100.6400,4.060e-05
met4,238.1200,100.6400,met4,238.1200,106.0800,4.538e-05
met4,238.1200,106.0800,met4,238.1200,111.5200,4.730e-05
met4,238.1200,111.5200,met4,238.1200,116.9600,4.818e-05
met4,238.1200,116.9600,met4,238.1200,122.4000,4.192e-05
met4,238.1200,116.9600,met5,238.1200,118.8800,6.487e-06
met4,238.1200,122.4000,met4,238.1200,127.8400,4.199e-05
met4,238.1200,127.8400,met4,238.1200,133.2800,4.209e-05
met4,238.1200,133.2800,met4,238.1200,138.7200,4.206e-05
met4,238.1200,138.7200,met4,238.1200,144.1600,4.221e-05
met4,238.1200,144.1600,met4,238.1200,149.6000,4.255e-05
met4,238.1200,149.6000,met4,238.1200,155.0400,4.498e-05
met4,238.1200,155.0400,met4,238.1200,160.4800,4.364e-05
met4,238.1200,155.0400,met5,238.1200,158.8800,3.097e-06
met4,238.1200,160.4800,met4,238.1200,165.9200,4.498e-05
met4,238.1200,165.9200,met4,238.1200,171.3600,4.561e-05
met4,238.1200,171.3600,met4,238.1200,176.8000,4.596e-05
met4,238.1200,176.8000,met4,238.1200,182.2400,4.765e-05
met4,238.1200,182.2400,met4,238.1200,187.6800,5.230e-05
met4,238.1200,187.6800,met4,238.1200,193.1200,5.607e-05
met4,238.1200,193.1200,met4,238.1200,198.5600,5.906e-05
met4,238.1200,198.5600,met4,238.1200,204.0000,2.496e-05
met4,238.1200,198.5600,met5,238.1200,198.8800,3.776e-05
met4,238.1200,204.0000,met4,238.1200,209.4400,2.837e-05
met4,238.1200,209.4400,met4,238.1200,214.8800,3.278e-05
met4,238.1200,214.8800,met4,238.1200,220.3200,3.726e-05
met4,238.1200,220.3200,met4,238.1200,225.7600,4.057e-05
met4,238.1200,225.7600,met4,238.1200,231.2000,4.430e-05
met4,238.1200,231.2000,met4,238.1200,236.6400,4.756e-05
met4,238.1200,236.6400,met4,238.1200,242.0800,2.653e-05
met4,238.1200,236.6400,met5,238.1200,238.8800,2.687e-05
met4,238.1200,242.0800,met4,238.1200,247.5200,3.604e-05
met4,238.1200,247.5200,met4,238.1200,252.9600,3.974e-05
met4,238.1200,252.9600,met4,238.1200,258.4000,4.021e-05
met4,238.1200,258.4000,met4,238.1200,263.8400,4.101e-05
met4,238.1200,263.8400,met4,238.1200,269.2800,4.259e-05
met4,238.1200,269.2800,met4,238.1200,274.7200,4.311e-05
met4,238.1200,274.7200,met4,238.1200,280.1600,5.401e-05
met4,238.1200,274.7200,met5,238.1200,278.8800,7.022e-06
met4,238.1200,280.1600,met4,238.1200,285.6000,5.561e-05
met4,238.1200,285.6000,met4,238.1200,291.0400,5.888e-05
met4,238.1200,291.0400,met4,238.1200,296.4800,6.219e-05
met4,238.1200,296.4800,met4,238.1200,301.9200,6.448e-05
met4,238.1200,301.9200,met4,238.1200,307.3600,6.922e-05
met4,238.1200,307.3600,met4,238.1200,312.8000,7.186e-05
met4,238.1200,312.8000,met4,238.1200,318.2400,7.587e-05
met4,238.1200,318.2400,met4,238.1200,323.6800,1.301e-05
met4,238.1200,318.2400,met5,238.1200,318.8800,9.325e-05
met4,238.1200,323.6800,met4,238.1200,329.1200,7.594e-06
met4,238.1200,329.1200,met4,238.1200,334.5600,4.074e-06
met4,238.1200,334.5600,met4,238.1200,340.0000,3.145e-07
met4,238.1200,340.0000,met4,238.1200,345.4400,4.940e-06
met4,238.1200,345.4400,met4,238.1200,350.8800,9.156e-06
met4,238.1200,350.8800,met4,238.1200,356.3200,1.314e-05
met4,238.1200,356.3200,met4,238.1200,361.7600,7.455e-05
met4,238.1200,356.3200,met5,238.1200,358.8800,9.230e-05
met4,238.1200,361.7600,met4,238.1200,367.2000,7.050e-05
met4,238.1200,367.2000,met4,238.1200,372.6400,6.600e-05
met4,238.1200,372.6400,met4,238.1200,378.0800,6.179e-05
met4,238.1200,378.0800,met4,238.1200,383.5200,5.717e-05
met4,238.1200,383.5200,met4,238.1200,388.9600,5.402e-05
met4,238.1200,388.9600,met4,238.1200,394.4000,5.064e-05
met4,238.1200,394.4000,met4,238.1200,399.8400,3.192e-05
met4,238.1200,394.4000,met5,238.1200,398.8800,1.529e-05
met4,238.1200,399.8400,met4,238.1200,405.2800,3.022e-05
met4,238.1200,405.2800,met4,238.1200,410.7200,2.821e-05
met4,238.1200,410.7200,met4,238.1200,416.1600,2.520e-05
met4,238.1200,416.1600,met4,238.1200,421.6000,2.339e-05
met4,238.1200,421.6000,met4,238.1200,427.0400,2.153e-05
met4,238.1200,427.0400,met4,238.1200,432.4800,1.861e-05
met4,238.1200,432.4800,met4,238.1200,437.9200,1.516e-05
met4,238.1200,437.9200,met4,238.1200,443.3600,5.161e-06
met4,238.1200,437.9200,met5,238.1200,438.8800,7.408e-06
met4,238.1200,443.3600,met4,238.1200,448.8000,2.199e-06
met4,278.1200,13.6000,met4,278.1200,19.0400,5.291e-06
met4,278.1200,19.0400,met4,278.1200,24.4800,1.008e-05
met4,278.1200,24.4800,met4,278.1200,29.9200,1.608e-05
met4,278.1200,29.9200,met4,278.1200,35.3600,2.405e-05
met4,278.1200,35.3600,met4,278.1200,40.8000,6.950e-06
met4,278.1200,35.3600,met5,278.1200,38.8800,2.328e-05
met4,278.1200,40.8000,met4,278.1200,46.2400,1.012e-05
met4,278.1200,46.2400,met4,278.1200,51.6800,1.456e-05
met4,278.1200,51.6800,met4,278.1200,57.1200,1.806e-05
met4,278.1200,57.1200,met4,278.1200,62.5600,2.525e-05
met4,278.1200,62.5600,met4,278.1200,68.0000,3.055e-05
met4,278.1200,68.0000,met4,278.1200,73.4400,3.802e-05
met4,278.1200,73.4400,met4,278.1200,78.8800,4.503e-05
met4,278.1200,78.8800,met4,278.1200,84.3200,3.790e-05
met4,278.1200,78.8800,met5,278.1200,78.8800,1.859e-05
met4,278.1200,84.3200,met4,278.1200,89.7600,4.432e-05
met4,278.1200,89.7600,met4,278.1200,95.2000,5.095e-05
met4,278.1200,95.2000,met4,278.1200,100.6400,5.808e-05
met4,278.1200,100.6400,met4,278.1200,106.0800,6.359e-05
met4,278.1200,106.0800,met4,278.1200,111.5200,6.692e-05
met4,278.1200,111.5200,met4,278.1200,116.9600,6.806e-05
met4,278.1200,116.9600,met4,278.1200,122.4000,6.293e-05
met4,278.1200,116.9600,met5,278.1200,118.8800,5.510e-06
met4,278.1200,122.4000,met4,278.1200,127.8400,6.318e-05
met4,278.1200,127.8400,met4,278.1200,133.2800,6.364e-05
met4,278.1200,133.2800,met4,278.1200,138.7200,6.386e-05
met4,278.1200,138.7200,met4,278.1200,144.1600,6.487e-05
met4,278.1200,144.1600,met4,278.1200,149.6000,6.671e-05
met4,278.1200,149.6000,met4,278.1200,155.0400,6.932e-05
met4,278.1200,155.0400,met4,278.1200,160.4800,7.160e-05
met4,278.1200,155.0400,met5,278.1200,158.8800,6.474e-07
met4,278.1200,160.4800,met4,278.1200,165.9200,7.317e-05
met4,278.1200,165.9200,met4,278.1200,171.3600,7.689e-05
met4,278.1200,171.3600,met4,278.1200,176.8000,7.870e-05
met4,278.1200,176.8000,met4,278.1200,182.2400,8.332e-05
met4,278.1200,182.2400,met4,278.1200,187.6800,9.011e-05
met4,278.1200,187.6800,met4,278.1200,193.1200,9.254e-05
met4,278.1200,193.1200,met4,278.1200,198.5600,9.698e-05
met4,278.1200,198.5600,met4,278.1200,204.0000,2.165e-05
met4,278.1200,198.5600,met5,278.1200,198.8800,7.925e-05
met4,278.1200,204.0000,met4,278.1200,209.4400,2.328e-05
met4,278.1200,209.4400,met4,278.1200,214.8800,2.960e-05
met4,278.1200,214.8800,met4,278.1200,220.3200,3.434e-05
met4,278.1200,220.3200,met4,278.1200,225.7600,3.799e-05
met4,278.1200,225.7600,met4,278.1200,231.2000,4.258e-05
met4,278.1200,231.2000,met4,278.1200,236.6400,4.760e-05
met4,278.1200,236.6400,met4,278.1200,242.0800,2.200e-06
met4,278.1200,236.6400,met5,278.1200,238.8800,5.275e-05
met4,278.1200,242.0800,met4,278.1200,247.5200,6.880e-06
met4,278.1200,247.5200,met4,278.1200,252.9600,8.982e-06
met4,278.1200,252.9600,met4,278.1200,258.4000,9.282e-06
met4,278.1200,258.4000,met4,278.1200,263.8400,9.685e-06
met4,278.1200,263.8400,met4,278.1200,269.2800,1.206e-05
met4,278.1200,269.2800,met4,278.1200,274.7200,1.297e-05
met4,278.1200,274.7200,met4,278.1200,280.1600,1.955e-05
met4,278.1200,274.7200,met5,278.1200,278.8800,3.720e-06
met4,278.1200,280.1600,met4,278.1200,285.6000,2.068e-05
met4,278.1200,285.6000,met4,278.1200,291.0400,2.233e-05
met4,278.1200,291.0400,met4,278.1200,296.4800,2.443e-05
met4,278.1200,296.4800,met4,278.1200,301.9200,2.510e-05
met4,278.1200,301.9200,met4,278.1200,307.3600,2.882e-05
met4,278.1200,307.3600,met4,278.1200,312.8000,2.861e-05
met4,278.1200,312.8000,met4,278.1200,318.2400,3.003e-05
met4,278.1200,318.2400,met4,278.1200,323.6800,8.152e-06
met4,278.1200,318.2400,met5,278.1200,318.8800,3.902e-05
met4,278.1200,323.6800,met4,278.1200,329.1200,6.158e-06
met4,278.1200,329.1200,met4,278.1200,334.5600,5.571e-06
met4,278.1200,334.5600,met4,278.1200,340.0000,4.861e-06
met4,278.1200,340.0000,met4,278.1200,345.4400,3.444e-06
met4,278.1200,345.4400,met4,278.1200,350.8800,2.472e-06
met4,278.1200,350.8800,met4,278.1200,356.3200,1.870e-06
met4,278.1200,356.3200,met4,278.1200,361.7600,3.988e-05
met4,278.1200,356.3200,met5,278.1200,358.8800,3.928e-05
met4,278.1200,361.7600,met4,278.1200,367.2000,3.973e-05
met4,278.1200,367.2000,met4,278.1200,372.6400,3.708e-05
met4,278.1200,372.6400,met4,278.1200,378.0800,3.597e-05
met4,278.1200,378.0800,met4,278.1200,383.5200,3.350e-05
met4,278.1200,383.5200,met4,278.1200,388.9600,3.074e-05
met4,278.1200,388.9600,met4,278.1200,394.4000,3.011e-05
met4,278.1200,394.4000,met4,278.1200,399.8400,2.228e-05
met4,278.1200,394.4000,met5,278.1200,398.8800,3.857e-06
met4,278.1200,399.8400,met4,278.1200,405.2800,2.171e-05
met4,278.1200,405.2800,met4,278.1200,410.7200,2.007e-05
met4,278.1200,410.7200,met4,278.1200,416.1600,1.885e-05
met4,278.1200,416.1600,met4,278.1200,421.6000,1.774e-05
met4,278.1200,421.6000,met4,278.1200,427.0400,1.578e-05
met4,278.1200,427.0400,met4,278.1200,432.4800,1.320e-05
met4,278.1200,432.4800,met4,278.1200,437.9200,1.079e-05
met4,278.1200,437.9200,met4,278.1200,443.3600,4.584e-06
met4,278.1200,437.9200,met5,278.1200,438.8800,3.935e-06
met4,278.1200,443.3600,met4,278.1200,448.8000,2.157e-06
met4,318.1200,13.6000,met4,318.1200,19.0400,3.930e-06
met4,318.1200,19.0400,met4,318.1200,24.4800,1.125e-05
met4,318.1200,24.4800,met4,318.1200,29.9200,1.283e-05
met4,318.1200,29.9200,met4,318.1200,35.3600,1.953e-05
met4,318.1200,35.3600,met4,318.1200,40.8000,6.121e-06
met4,318.1200,35.3600,met5,318.1200,38.8800,1.742e-05
met4,318.1200,40.8000,met4,318.1200,46.2400,9.419e-06
met4,318.1200,46.2400,met4,318.1200,51.6800,1.505e-05
met4,318.1200,51.6800,met4,318.1200,57.1200,2.111e-05
met4,318.1200,57.1200,met4,318.1200,62.5600,2.719e-05
met4,318.1200,62.5600,met4,318.1200,68.0000,3.288e-05
met4,318.1200,68.0000,met4,318.1200,73.4400,4.450e-05
met4,318.1200,73.4400,met4,318.1200,78.8800,5.242e-05
met4,318.1200,78.8800,met4,318.1200,84.3200,4.842e-05
met4,318.1200,78.8800,met5,318.1200,78.8800,1.672e-05
met4,318.1200,84.3200,met4,318.1200,89.7600,5.432e-05
met4,318.1200,89.7600,met4,318.1200,95.2000,5.997e-05
met4,318.1200,95.2000,met4,318.1200,100.6400,6.686e-05
met4,318.1200,100.6400,met4,318.1200,106.0800,7.362e-05
met4,318.1200,106.0800,met4,318.1200,111.5200,7.823e-05
met4,318.1200,111.5200,met4,318.1200,116.9600,8.046e-05
met4,318.1200,116.9600,met4,318.1200,122.4000,7.803e-05
met4,318.1200,116.9600,met5,318.1200,118.8800,3.654e-06
met4,318.1200,122.4000,met4,318.1200,127.8400,7.963e-05
met4,318.1200,127.8400,met4,318.1200,133.2800,8.209e-05
met4,318.1200,133.2800,met4,318.1200,138.7200,8.348e-05
met4,318.1200,138.7200,met4,318.1200,144.1600,8.643e-05
met4,318.1200,144.1600,met4,318.1200,149.6000,9.187e-05
met4,318.1200,149.6000,met4,318.1200,155.0400,9.683e-05
met4,318.1200,155.0400,met4,318.1200,160.4800,1.144e-04
met4,318.1200,155.0400,met5,318.1200,158.8800,1.142e-05
met4,318.1200,160.4800,met4,318.1200,165.9200,1.193e-04
met4,318.1200,165.9200,met4,318.1200,171.3600,1.270e-04
met4,318.1200,171.3600,met4,318.1200,176.8000,1.334e-04
met4,318.1200,176.8000,met4,318.1200,182.2400,1.417e-04
met4,318.1200,182.2400,met4,318.1200,187.6800,1.509e-04
met4,318.1200,187.6800,met4,318.1200,193.1200,1.596e-04
met4,318.1200,193.1200,met4,318.1200,198.5600,1.697e-04
met4,318.1200,198.5600,met4,318.1200,204.0000,4.707e-06
met4,318.1200,198.5600,met5,318.1200,198.8800,1.859e-04
met4,318.1200,204.0000,met4,318.1200,209.4400,2.254e-06
met4,318.1200,209.4400,met4,318.1200,214.8800,1.517e-05
met4,318.1200,214.8800,met4,318.1200,220.3200,2.514e-05
met4,318.1200,220.3200,met4,318.1200,225.7600,3.376e-05
met4,318.1200,225.7600,met4,318.1200,231.2000,4.425e-05
met4,318.1200,231.2000,met4,318.1200,236.6400,5.216e-05
met4,318.1200,236.6400,met4,318.1200,242.0800,5.530e-05
met4,318.1200,236.6400,met5,318.1200,238.8800,1.152e-04
met4,318.1200,242.0800,met4,318.1200,247.5200,4.863e-05
met4,318.1200,247.5200,met4,318.1200,252.9600,4.432e-05
met4,318.1200,252.9600,met4,318.1200,258.4000,3.985e-05
met4,318.1200,258.4000,met4,318.1200,263.8400,3.709e-05
met4,318.1200,263.8400,met4,318.1200,269.2800,3.178e-05
met4,318.1200,269.2800,met4,318.1200,274.7200,2.902e-05
met4,318.1200,274.7200,met4,318.1200,280.1600,1.167e-05
met4,318.1200,274.7200,met5,318.1200,278.8800,1.417e-05
met4,318.1200,280.1600,met4,318.1200,285.6000,9.941e-06
met4,318.1200,285.6000,met4,318.1200,291.0400,7.296e-06
met4,318.1200,291.0400,met4,318.1200,296.4800,4.530e-06
met4,318.1200,296.4800,met4,318.1200,301.9200,3.388e-06
met4,318.1200,301.9200,met4,318.1200,307.3600,8.094e-07
met4,318.1200,307.3600,met4,318.1200,312.8000,6.785e-07
met4,318.1200,312.8000,met4,318.1200,318.2400,3.114e-06
met4,318.1200,318.2400,met4,318.1200,323.6800,1.298e-05
met4,318.1200,318.2400,met5,318.1200,318.8800,1.722e-05
met4,318.1200,323.6800,met4,318.1200,329.1200,1.174e-05
met4,318.1200,329.1200,met4,318.1200,334.5600,1.043e-05
met4,318.1200,334.5600,met4,318.1200,340.0000,9.807e-06
met4,318.1200,340.0000,met4,318.1200,345.4400,9.200e-06
met4,318.1200,345.4400,met4,318.1200,350.8800,7.762e-06
met4,318.1200,350.8800,met4,318.1200,356.3200,7.406e-06
met4,318.1200,356.3200,met4,318.1200,361.7600,2.580e-05
met4,318.1200,356.3200,met5,318.1200,358.8800,2.000e-05
met4,318.1200,361.7600,met4,318.1200,367.2000,2.545e-05
met4,318.1200,367.2000,met4,318.1200,372.6400,2.441e-05
met4,318.1200,372.6400,met4,318.1200,378.0800,2.311e-05
met4,318.1200,378.0800,met4,318.1200,383.5200,2.165e-05
met4,318.1200,383.5200,met4,318.1200,388.9600,1.870e-05
met4,318.1200,388.9600,met4,318.1200,394.4000,1.800e-05
met4,318.1200,394.4000,met4,318.1200,399.8400,1.719e-05
met4,318.1200,394.4000,met5,318.1200,398.8800,1.561e-06
met4,318.1200,399.8400,met4,318.1200,405.2800,1.656e-05
met4,318.1200,405.2800,met4,318.1200,410.7200,1.497e-05
met4,318.1200,410.7200,met4,318.1200,416.1600,1.369e-05
met4,318.1200,416.1600,met4,318.1200,421.6000,1.245e-05
met4,318.1200,421.6000,met4,318.1200,427.0400,1.035e-05
met4,318.1200,427.0400,met4,318.1200,432.4800,8.950e-06
met4,318.1200,432.4800,met4,318.1200,437.9200,6.603e-06
met4,318.1200,437.9200,met4,318.1200,443.3600,4.234e-06
met4,318.1200,437.9200,met5,318.1200,438.8800,6.618e-07
met4,318.1200,443.3600,met4,318.1200,448.8000,1.606e-06
met4,358.1200,13.6000,met4,358.1200,19.0400,3.599e-06
met4,358.1200,19.0400,met4,358.1200,24.4800,1.130e-05
met4,358.1200,24.4800,met4,358.1200,29.9200,1.246e-05
met4,358.1200,29.9200,met4,358.1200,35.3600,1.916e-05
met4,358.1200,35.3600,met4,358.1200,40.8000,1.215e-05
met4,358.1200,35.3600,met5,358.1200,38.8800,1.120e-05
met4,358.1200,40.8000,met4,358.1200,46.2400,1.671e-05
met4,358.1200,46.2400,met4,358.1200,51.6800,2.210e-05
met4,358.1200,51.6800,met4,358.1200,57.1200,2.592e-05
met4,358.1200,57.1200,met4,358.1200,62.5600,3.190e-05
met4,358.1200,62.5600,met4,358.1200,68.0000,3.617e-05
met4,358.1200,68.0000,met4,358.1200,73.4400,4.317e-05
met4,358.1200,73.4400,met4,358.1200,78.8800,5.065e-05
met4,358.1200,78.8800,met4,358.1200,84.3200,4.897e-05
met4,358.1200,78.8800,met5,358.1200,78.8800,8.996e-06
met4,358.1200,84.3200,met4,358.1200,89.7600,5.639e-05
met4,358.1200,89.7600,met4,358.1200,95.2000,6.027e-05
met4,358.1200,95.2000,met4,358.1200,100.6400,6.416e-05
met4,358.1200,100.6400,met4,358.1200,106.0800,7.160e-05
met4,358.1200,106.0800,met4,358.1200,111.5200,7.460e-05
met4,358.1200,111.5200,met4,358.1200,116.9600,7.901e-05
met4,358.1200,116.9600,met4,358.1200,122.4000,7.885e-05
met4,358.1200,116.9600,met5,358.1200,118.8800,4.656e-06
met4,358.1200,122.4000,met4,358.1200,127.8400,8.310e-05
met4,358.1200,127.8400,met4,358.1200,133.2800,8.823e-05
met4,358.1200,133.2800,met4,358.1200,138.7200,9.095e-05
met4,358.1200,138.7200,met4,358.1200,144.1600,9.597e-05
met4,358.1200,144.1600,met4,358.1200,149.6000,1.027e-04
met4,358.1200,149.6000,met4,358.1200,155.0400,1.073e-04
met4,358.1200,155.0400,met4,358.1200,160.4800,1.229e-04
met4,358.1200,155.0400,met5,358.1200,158.8800,7.591e-06
met4,358.1200,160.4800,met4,358.1200,165.9200,1.263e-04
met4,358.1200,165.9200,met4,358.1200,171.3600,1.345e-04
met4,358.1200,171.3600,met4,358.1200,176.8000,1.409e-04
met4,358.1200,176.8000,met4,358.1200,182.2400,1.479e-04
met4,358.1200,182.2400,met4,358.1200,187.6800,1.552e-04
met4,358.1200,187.6800,met4,358.1200,193.1200,1.631e-04
met4,358.1200,193.1200,met4,358.1200,198.5600,1.714e-04
met4,358.1200,198.5600,met4,358.1200,204.0000,2.513e-07
met4,358.1200,198.5600,met5,358.1200,198.8800,1.794e-04
met4,358.1200,204.0000,met4,358.1200,209.4400,8.154e-06
met4,358.1200,209.4400,met4,358.1200,214.8800,1.829e-05
met4,358.1200,214.8800,met4,358.1200,220.3200,2.506e-05
met4,358.1200,220.3200,met4,358.1200,225.7600,3.473e-05
met4,358.1200,225.7600,met4,358.1200,231.2000,4.093e-05
met4,358.1200,231.2000,met4,358.1200,236.6400,4.708e-05
met4,358.1200,236.6400,met4,358.1200,242.0800,5.403e-05
met4,358.1200,236.6400,met5,358.1200,238.8800,1.060e-04
met4,358.1200,242.0800,met4,358.1200,247.5200,5.097e-05
met4,358.1200,247.5200,met4,358.1200,252.9600,4.748e-05
met4,358.1200,252.9600,met4,358.1200,258.4000,4.422e-05
met4,358.1200,258.4000,met4,358.1200,263.8400,4.132e-05
met4,358.1200,263.8400,met4,358.1200,269.2800,3.721e-05
met4,358.1200,269.2800,met4,358.1200,274.7200,3.542e-05
met4,358.1200,274.7200,met4,358.1200,280.1600,2.197e-05
met4,358.1200,274.7200,met5,358.1200,278.8800,1.011e-05
met4,358.1200,280.1600,met4,358.1200,285.6000,2.079e-05
met4,358.1200,285.6000,met4,358.1200,291.0400,1.769e-05
met4,358.1200,291.0400,met4,358.1200,296.4800,1.611e-05
met4,358.1200,296.4800,met4,358.1200,301.9200,1.500e-05
met4,358.1200,301.9200,met4,358.1200,307.3600,1.104e-05
met4,358.1200,307.3600,met4,358.1200,312.8000,1.105e-05
met4,358.1200,312.8000,met4,358.1200,318.2400,8.569e-06
met4,358.1200,318.2400,met4,358.1200,323.6800,1.702e-05
met4,358.1200,318.2400,met5,358.1200,318.8800,9.194e-06
met4,358.1200,323.6800,met4,358.1200,329.1200,1.492e-05
met4,358.1200,329.1200,met4,358.1200,334.5600,1.323e-05
met4,358.1200,334.5600,met4,358.1200,340.0000,1.232e-05
met4,358.1200,340.0000,met4,358.1200,345.4400,1.111e-05
met4,358.1200,345.4400,met4,358.1200,350.8800,9.617e-06
met4,358.1200,350.8800,met4,358.1200,356.3200,9.334e-06
met4,358.1200,356.3200,met4,358.1200,361.7600,1.871e-05
met4,358.1200,356.3200,met5,358.1200,358.8800,1.188e-05
met4,358.1200,361.7600,met4,358.1200,367.2000,1.895e-05
met4,358.1200,367.2000,met4,358.1200,372.6400,1.870e-05
met4,358.1200,372.6400,met4,358.1200,378.0800,1.755e-05
met4,358.1200,378.0800,met4,358.1200,383.5200,1.598e-05
met4,358.1200,383.5200,met4,358.1200,388.9600,1.355e-05
met4,358.1200,388.9600,met4,358.1200,394.4000,1.252e-05
met4,358.1200,394.4000,met4,358.1200,399.8400,1.563e-05
met4,358.1200,394.4000,met5,358.1200,398.8800,4.060e-06
met4,358.1200,399.8400,met4,358.1200,405.2800,1.365e-05
met4,358.1200,405.2800,met4,358.1200,410.7200,1.235e-05
met4,358.1200,410.7200,met4,358.1200,416.1600,1.035e-05
met4,358.1200,416.1600,met4,358.1200,421.6000,8.343e-06
met4,358.1200,421.6000,met4,358.1200,427.0400,7.539e-06
met4,358.1200,427.0400,met4,358.1200,432.4800,5.195e-06
met4,358.1200,432.4800,met4,358.1200,437.9200,3.297e-06
met4,358.1200,437.9200,met4,358.1200,443.3600,4.103e-06
met4,358.1200,437.9200,met5,358.1200,438.8800,1.934e-06
met4,358.1200,443.3600,met4,358.1200,448.8000,1.894e-06
met4,398.1200,13.6000,met4,398.1200,19.0400,3.425e-06
met4,398.1200,19.0400,met4,398.1200,24.4800,1.103e-05
met4,398.1200,24.4800,met4,398.1200,29.9200,1.281e-05
met4,398.1200,29.9200,met4,398.1200,35.3600,1.905e-05
met4,398.1200,35.3600,met4,398.1200,40.8000,1.558e-05
met4,398.1200,35.3600,met5,398.1200,38.8800,8.494e-06
met4,398.1200,40.8000,met4,398.1200,46.2400,2.046e-05
met4,398.1200,46.2400,met4,398.1200,51.6800,2.578e-05
met4,398.1200,51.6800,met4,398.1200,57.1200,2.816e-05
met4,398.1200,57.1200,met4,398.1200,62.5600,3.446e-05
met4,398.1200,62.5600,met4,398.1200,68.0000,3.826e-05
met4,398.1200,68.0000,met4,398.1200,73.4400,4.299e-05
met4,398.1200,73.4400,met4,398.1200,78.8800,5.020e-05
met4,398.1200,78.8800,met4,398.1200,84.3200,4.793e-05
met4,398.1200,78.8800,met5,398.1200,78.8800,6.096e-06
met4,398.1200,84.3200,met4,398.1200,89.7600,5.493e-05
met4,398.1200,89.7600,met4,398.1200,95.2000,5.767e-05
met4,398.1200,95.2000,met4,398.1200,100.6400,6.220e-05
met4,398.1200,100.6400,met4,398.1200,106.0800,6.885e-05
met4,398.1200,106.0800,met4,398.1200,111.5200,7.202e-05
met4,398.1200,111.5200,met4,398.1200,116.9600,7.605e-05
met4,398.1200,116.9600,met4,398.1200,122.4000,7.638e-05
met4,398.1200,116.9600,met5,398.1200,118.8800,5.909e-06
met4,398.1200,122.4000,met4,398.1200,127.8400,8.008e-05
met4,398.1200,127.8400,met4,398.1200,133.2800,8.493e-05
met4,398.1200,133.2800,met4,398.1200,138.7200,8.930e-05
met4,398.1200,138.7200,met4,398.1200,144.1600,9.446e-05
met4,398.1200,144.1600,met4,398.1200,149.6000,9.945e-05
met4,398.1200,149.6000,met4,398.1200,155.0400,1.034e-04
met4,398.1200,155.0400,met4,398.1200,160.4800,1.084e-04
met4,398.1200,155.0400,met5,398.1200,158.8800,2.037e-06
met4,398.1200,160.4800,met4,398.1200,165.9200,1.110e-04
met4,398.1200,165.9200,met4,398.1200,171.3600,1.180e-04
met4,398.1200,171.3600,met4,398.1200,176.8000,1.211e-04
met4,398.1200,176.8000,met4,398.1200,182.2400,1.267e-04
met4,398.1200,182.2400,met4,398.1200,187.6800,1.320e-04
met4,398.1200,187.6800,met4,398.1200,193.1200,1.364e-04
met4,398.1200,193.1200,met4,398.1200,198.5600,1.429e-04
met4,398.1200,198.5600,met4,398.1200,204.0000,1.855e-05
met4,398.1200,198.5600,met5,398.1200,198.8800,1.280e-04
met4,398.1200,204.0000,met4,398.1200,209.4400,2.450e-05
met4,398.1200,209.4400,met4,398.1200,214.8800,3.077e-05
met4,398.1200,214.8800,met4,398.1200,220.3200,3.277e-05
met4,398.1200,220.3200,met4,398.1200,225.7600,4.104e-05
met4,398.1200,225.7600,met4,398.1200,231.2000,4.335e-05
met4,398.1200,231.2000,met4,398.1200,236.6400,4.716e-05
met4,398.1200,236.6400,met4,398.1200,242.0800,3.151e-05
met4,398.1200,236.6400,met5,398.1200,238.8800,8.075e-05
met4,398.1200,242.0800,met4,398.1200,247.5200,3.127e-05
met4,398.1200,247.5200,met4,398.1200,252.9600,2.856e-05
met4,398.1200,252.9600,met4,398.1200,258.4000,2.750e-05
met4,398.1200,258.4000,met4,398.1200,263.8400,2.536e-05
met4,398.1200,263.8400,met4,398.1200,269.2800,2.418e-05
met4,398.1200,269.2800,met4,398.1200,274.7200,2.274e-05
met4,398.1200,274.7200,met4,398.1200,280.1600,2.044e-05
met4,398.1200,274.7200,met5,398.1200,278.8800,5.510e-07
met4,398.1200,280.1600,met4,398.1200,285.6000,2.013e-05
met4,398.1200,285.6000,met4,398.1200,291.0400,1.755e-05
met4,398.1200,291.0400,met4,398.1200,296.4800,1.609e-05
met4,398.1200,296.4800,met4,398.1200,301.9200,1.585e-05
met4,398.1200,301.9200,met4,398.1200,307.3600,1.327e-05
met4,398.1200,307.3600,met4,398.1200,312.8000,1.298e-05
met4,398.1200,312.8000,met4,398.1200,318.2400,1.155e-05
met4,398.1200,318.2400,met4,398.1200,323.6800,1.738e-05
met4,398.1200,318.2400,met5,398.1200,318.8800,7.379e-06
met4,398.1200,323.6800,met4,398.1200,329.1200,1.608e-05
met4,398.1200,329.1200,met4,398.1200,334.5600,1.361e-05
met4,398.1200,334.5600,met4,398.1200,340.0000,1.313e-05
met4,398.1200,340.0000,met4,398.1200,345.4400,1.144e-05
met4,398.1200,345.4400,met4,398.1200,350.8800,1.008e-05
met4,398.1200,350.8800,met4,398.1200,356.3200,9.344e-06
met4,398.1200,356.3200,met4,398.1200,361.7600,1.583e-05
met4,398.1200,356.3200,met5,398.1200,358.8800,8.820e-06
met4,398.1200,361.7600,met4,398.1200,367.2000,1.591e-05
met4,398.1200,367.2000,met4,398.1200,372.6400,1.445e-05
met4,398.1200,372.6400,met4,398.1200,378.0800,1.376e-05
met4,398.1200,378.0800,met4,398.1200,383.5200,1.285e-05
met4,398.1200,383.5200,met4,398.1200,388.9600,1.066e-05
met4,398.1200,388.9600,met4,398.1200,394.4000,9.823e-06
met4,398.1200,394.4000,met4,398.1200,399.8400,1.310e-05
met4,398.1200,394.4000,met5,398.1200,398.8800,4.740e-06
met4,398.1200,399.8400,met4,398.1200,405.2800,1.143e-05
met4,398.1200,405.2800,met4,398.1200,410.7200,1.026e-05
met4,398.1200,410.7200,met4,398.1200,416.1600,8.828e-06
met4,398.1200,416.1600,met4,398.1200,421.6000,6.761e-06
met4,398.1200,421.6000,met4,398.1200,427.0400,6.179e-06
met4,398.1200,427.0400,met4,398.1200,432.4800,3.877e-06
met4,398.1200,432.4800,met4,398.1200,437.9200,2.099e-06
met4,398.1200,437.9200,met4,398.1200,443.3600,4.019e-06
met4,398.1200,437.9200,met5,398.1200,438.8800,3.181e-06
met4,398.1200,443.3600,met4,398.1200,448.8000,1.899e-06
met4,438.1200,13.6000,met4,438.1200,19.0400,3.332e-06
met4,438.1200,19.0400,met4,438.1200,24.4800,1.060e-05
met4,438.1200,24.4800,met4,438.1200,29.9200,1.352e-05
met4,438.1200,29.9200,met4,438.1200,35.3600,1.969e-05
met4,438.1200,35.3600,met4,438.1200,40.8000,1.665e-05
met4,438.1200,35.3600,met5,438.1200,38.8800,6.629e-06
met4,438.1200,40.8000,met4,438.1200,46.2400,2.005e-05
met4,438.1200,46.2400,met4,438.1200,51.6800,2.673e-05
met4,438.1200,51.6800,met4,438.1200,57.1200,2.899e-05
met4,438.1200,57.1200,met4,438.1200,62.5600,3.539e-05
met4,438.1200,62.5600,met4,438.1200,68.0000,3.825e-05
met4,438.1200,68.0000,met4,438.1200,73.4400,4.409e-05
met4,438.1200,73.4400,met4,438.1200,78.8800,4.919e-05
met4,438.1200,78.8800,met4,438.1200,84.3200,4.721e-05
met4,438.1200,78.8800,met5,438.1200,78.8800,5.290e-06
met4,438.1200,84.3200,met4,438.1200,89.7600,5.356e-05
met4,438.1200,89.7600,met4,438.1200,95.2000,5.785e-05
met4,438.1200,95.2000,met4,438.1200,100.6400,5.981e-05
met4,438.1200,100.6400,met4,438.1200,106.0800,6.701e-05
met4,438.1200,106.0800,met4,438.1200,111.5200,6.946e-05
met4,438.1200,111.5200,met4,438.1200,116.9600,7.463e-05
met4,438.1200,116.9600,met4,438.1200,122.4000,7.278e-05
met4,438.1200,116.9600,met5,438.1200,118.8800,6.706e-06
met4,438.1200,122.4000,met4,438.1200,127.8400,7.545e-05
met4,438.1200,127.8400,met4,438.1200,133.2800,8.132e-05
met4,438.1200,133.2800,met4,438.1200,138.7200,8.459e-05
met4,438.1200,138.7200,met4,438.1200,144.1600,9.090e-05
met4,438.1200,144.1600,met4,438.1200,149.6000,9.243e-05
met4,438.1200,149.6000,met4,438.1200,155.0400,9.620e-05
met4,438.1200,155.0400,met4,438.1200,160.4800,9.182e-05
met4,438.1200,155.0400,met5,438.1200,158.8800,1.039e-05
met4,438.1200,160.4800,met4,438.1200,165.9200,9.367e-05
met4,438.1200,165.9200,met4,438.1200,171.3600,9.980e-05
met4,438.1200,171.3600,met4,438.1200,176.8000,1.009e-04
met4,438.1200,176.8000,met4,438.1200,182.2400,1.030e-04
met4,438.1200,182.2400,met4,438.1200,187.6800,1.078e-04
met4,438.1200,187.6800,met4,438.1200,193.1200,1.102e-04
met4,438.1200,193.1200,met4,438.1200,198.5600,1.143e-04
met4,438.1200,198.5600,met4,438.1200,204.0000,3.471e-05
met4,438.1200,198.5600,met5,438.1200,198.8800,7.980e-05
met4,438.1200,204.0000,met4,438.1200,209.4400,3.616e-05
met4,438.1200,209.4400,met4,438.1200,214.8800,4.030e-05
met4,438.1200,214.8800,met4,438.1200,220.3200,4.125e-05
met4,438.1200,220.3200,met4,438.1200,225.7600,4.496e-05
met4,438.1200,225.7600,met4,438.1200,231.2000,4.614e-05
met4,438.1200,231.2000,met4,438.1200,236.6400,4.654e-05
met4,438.1200,236.6400,met4,438.1200,242.0800,9.251e-06
met4,438.1200,236.6400,met5,438.1200,238.8800,5.575e-05
met4,438.1200,242.0800,met4,438.1200,247.5200,1.117e-05
met4,438.1200,247.5200,met4,438.1200,252.9600,9.291e-06
met4,438.1200,252.9600,met4,438.1200,258.4000,1.041e-05
met4,438.1200,258.4000,met4,438.1200,263.8400,7.788e-06
met4,438.1200,263.8400,met4,438.1200,269.2800,8.628e-06
met4,438.1200,269.2800,met4,438.1200,274.7200,8.963e-06
met4,438.1200,274.7200,met4,438.1200,280.1600,1.632e-05
met4,438.1200,274.7200,met5,438.1200,278.8800,9.103e-06
met4,438.1200,280.1600,met4,438.1200,285.6000,1.597e-05
met4,438.1200,285.6000,met4,438.1200,291.0400,1.406e-05
met4,438.1200,291.0400,met4,438.1200,296.4800,1.382e-05
met4,438.1200,296.4800,met4,438.1200,301.9200,1.339e-05
met4,438.1200,301.9200,met4,438.1200,307.3600,1.124e-05
met4,438.1200,307.3600,met4,438.1200,312.8000,1.108e-05
met4,438.1200,312.8000,met4,438.1200,318.2400,9.048e-06
met4,438.1200,318.2400,met4,438.1200,323.6800,1.608e-05
met4,438.1200,318.2400,met5,438.1200,318.8800,8.504e-06
met4,438.1200,323.6800,met4,438.1200,329.1200,1.628e-05
met4,438.1200,329.1200,met4,438.1200,334.5600,1.279e-05
met4,438.1200,334.5600,met4,438.1200,340.0000,1.315e-05
met4,438.1200,340.0000,met4,438.1200,345.4400,1.080e-05
met4,438.1200,345.4400,met4,438.1200,350.8800,9.822e-06
met4,438.1200,350.8800,met4,438.1200,356.3200,8.785e-06
met4,438.1200,356.3200,met4,438.1200,361.7600,1.484e-05
met4,438.1200,356.3200,met5,438.1200,358.8800,8.514e-06
met4,438.1200,361.7600,met4,438.1200,367.2000,1.520e-05
met4,438.1200,367.2000,met4,438.1200,372.6400,1.269e-05
met4,438.1200,372.6400,met4,438.1200,378.0800,1.210e-05
met4,438.1200,378.0800,met4,438.1200,383.5200,1.121e-05
met4,438.1200,383.5200,met4,438.1200,388.9600,8.169e-06
met4,438.1200,388.9600,met4,438.1200,394.4000,8.275e-06
met4,438.1200,394.4000,met4,438.1200,399.8400,1.148e-05
met4,438.1200,394.4000,met5,438.1200,398.8800,5.516e-06
met4,438.1200,399.8400,met4,438.1200,405.2800,1.008e-05
met4,438.1200,405.2800,met4,438.1200,410.7200,1.005e-05
met4,438.1200,410.7200,met4,438.1200,416.1600,8.057e-06
met4,438.1200,416.1600,met4,438.1200,421.6000,6.029e-06
met4,438.1200,421.6000,met4,438.1200,427.0400,4.559e-06
met4,438.1200,427.0400,met4,438.1200,432.4800,2.942e-06
met4,438.1200,432.4800,met4,438.1200,437.9200,4.540e-07
met4,438.1200,437.9200,met4,438.1200,443.3600,3.772e-06
met4,438.1200,437.9200,met5,438.1200,438.8800,3.674e-06
met4,438.1200,443.3600,met4,438.1200,448.8000,2.554e-06
met5,38.1200,38.8800,met5,52.3200,38.8800,3.424e-14
met5,38.1200,78.8800,met5,52.3200,78.8800,2.107e-14
met5,38.1200,118.8800,met5,52.3200,118.8800,1.232e-05
met5,38.1200,158.8800,met5,52.3200,158.8800,8.227e-07
met5,38.1200,198.8800,met5,52.3200,198.8800,6.597e-06
met5,38.1200,238.8800,met5,52.3200,238.8800,8.957e-06
met5,38.1200,278.8800,met5,52.3200,278.8800,9.914e-06
met5,38.1200,318.8800,met5,52.3200,318.8800,1.937e-05
met5,38.1200,358.8800,met5,52.3200,358.8800,1.981e-05
met5,38.1200,398.8800,met5,52.3200,398.8800,1.094e-05
met5,38.1200,438.8800,met5,52.3200,438.8800,7.104e-06
met5,52.3200,38.8800,met5,62.3200,38.8800,0.000e+00
met5,52.3200,78.8800,met5,62.3200,78.8800,0.000e+00
met5,52.3200,118.8800,met5,62.3200,118.8800,1.232e-05
met5,52.3200,158.8800,met5,62.3200,158.8800,8.227e-07
met5,52.3200,198.8800,met5,62.3200,198.8800,6.597e-06
met5,52.3200,238.8800,met5,62.3200,238.8800,8.957e-06
met5,52.3200,278.8800,met5,62.3200,278.8800,9.914e-06
met5,52.3200,318.8800,met5,62.3200,318.8800,1.937e-05
met5,52.3200,358.8800,met5,62.3200,358.8800,1.981e-05
met5,52.3200,398.8800,met5,62.3200,398.8800,1.094e-05
met5,52.3200,438.8800,met5,62.3200,438.8800,7.104e-06
met5,62.3200,38.8800,met5,72.3200,38.8800,0.000e+00
met5,62.3200,78.8800,met5,72.3200,78.8800,0.000e+00
met5,62.3200,118.8800,met5,72.3200,118.8800,1.232e-05
met5,62.3200,158.8800,met5,72.3200,158.8800,8.227e-07
met5,62.3200,198.8800,met5,72.3200,198.8800,6.597e-06
met5,62.3200,238.8800,met5,72.3200,238.8800,8.957e-06
met5,62.3200,278.8800,met5,72.3200,278.8800,9.914e-06
met5,62.3200,318.8800,met5,72.3200,318.8800,1.937e-05
met5,62.3200,358.8800,met5,72.3200,358.8800,1.981e-05
met5,62.3200,398.8800,met5,72.3200,398.8800,1.094e-05
met5,62.3200,438.8800,met5,72.3200,438.8800,7.104e-06
met5,72.3200,38.8800,met5,78.1200,38.8800,6.233e-14
met5,72.3200,78.8800,met5,78.1200,78.8800,1.934e-14
met5,72.3200,118.8800,met5,78.1200,118.8800,1.232e-05
met5,72.3200,158.8800,met5,78.1200,158.8800,8.227e-07
met5,72.3200,198.8800,met5,78.1200,198.8800,6.597e-06
met5,72.3200,238.8800,met5,78.1200,238.8800,8.957e-06
met5,72.3200,278.8800,met5,78.1200,278.8800,9.914e-06
met5,72.3200,318.8800,met5,78.1200,318.8800,1.937e-05
met5,72.3200,358.8800,met5,78.1200,358.8800,1.981e-05
met5,72.3200,398.8800,met5,78.1200,398.8800,1.094e-05
met5,72.3200,438.8800,met5,78.1200,438.8800,7.104e-06
met5,78.1200,38.8800,met5,92.3200,38.8800,2.546e-14
met5,78.1200,78.8800,met5,92.3200,78.8800,7.901e-15
met5,78.1200,118.8800,met5,92.3200,118.8800,3.058e-05
met5,78.1200,158.8800,met5,92.3200,158.8800,3.106e-06
met5,78.1200,198.8800,met5,92.3200,198.8800,1.231e-05
met5,78.1200,238.8800,met5,92.3200,238.8800,1.638e-05
met5,78.1200,278.8800,met5,92.3200,278.8800,1.866e-05
met5,78.1200,318.8800,met5,92.3200,318.8800,4.194e-05
met5,78.1200,358.8800,met5,92.3200,358.8800,4.159e-05
met5,78.1200,398.8800,met5,92.3200,398.8800,1.898e-05
met5,78.1200,438.8800,met5,92.3200,438.8800,1.169e-05
met5,92.3200,38.8800,met5,102.3200,38.8800,1.247e-14
met5,92.3200,78.8800,met5,102.3200,78.8800,3.366e-14
met5,92.3200,118.8800,met5,102.3200,118.8800,3.058e-05
met5,92.3200,158.8800,met5,102.3200,158.8800,3.106e-06
met5,92.3200,198.8800,met5,102.3200,198.8800,1.231e-05
met5,92.3200,238.8800,met5,102.3200,238.8800,1.638e-05
met5,92.3200,278.8800,met5,102.3200,278.8800,1.866e-05
met5,92.3200,318.8800,met5,102.3200,318.8800,4.194e-05
met5,92.3200,358.8800,met5,102.3200,358.8800,4.159e-05
met5,92.3200,398.8800,met5,102.3200,398.8800,1.898e-05
met5,92.3200,438.8800,met5,102.3200,438.8800,1.169e-05
met5,102.3200,38.8800,met5,112.3200,38.8800,2.656e-04
met5,102.3200,78.8800,met5,112.3200,78.8800,2.962e-04
met5,102.3200,118.8800,met5,112.3200,118.8800,3.058e-05
met5,102.3200,158.8800,met5,112.3200,158.8800,3.106e-06
met5,102.3200,198.8800,met5,112.3200,198.8800,1.231e-05
met5,102.3200,238.8800,met5,112.3200,238.8800,1.638e-05
met5,102.3200,278.8800,met5,112.3200,278.8800,1.866e-05
met5,102.3200,318.8800,met5,112.3200,318.8800,4.194e-05
met5,102.3200,358.8800,met5,112.3200,358.8800,4.159e-05
met5,102.3200,398.8800,met5,112.3200,398.8800,1.898e-05
met5,102.3200,438.8800,met5,112.3200,438.8800,1.169e-05
met5,112.3200,38.8800,met5,118.1200,38.8800,2.656e-04
met5,112.3200,78.8800,met5,118.1200,78.8800,2.962e-04
met5,112.3200,118.8800,met5,118.1200,118.8800,3.058e-05
met5,112.3200,158.8800,met5,118.1200,158.8800,3.106e-06
met5,112.3200,198.8800,met5,118.1200,198.8800,1.231e-05
met5,112.3200,238.8800,met5,118.1200,238.8800,1.638e-05
met5,112.3200,278.8800,met5,118.1200,278.8800,1.866e-05
met5,112.3200,318.8800,met5,118.1200,318.8800,4.194e-05
met5,112.3200,358.8800,met5,118.1200,358.8800,4.159e-05
met5,112.3200,398.8800,met5,118.1200,398.8800,1.898e-05
met5,112.3200,438.8800,met5,118.1200,438.8800,1.169e-05
met5,118.1200,38.8800,met5,132.3200,38.8800,1.770e-04
met5,118.1200,78.8800,met5,132.3200,78.8800,1.708e-04
met5,118.1200,118.8800,met5,132.3200,118.8800,4.034e-05
met5,118.1200,158.8800,met5,132.3200,158.8800,2.157e-06
met5,118.1200,198.8800,met5,132.3200,198.8800,2.084e-05
met5,118.1200,238.8800,met5,132.3200,238.8800,2.632e-05
met5,118.1200,278.8800,met5,132.3200,278.8800,2.853e-05
met5,118.1200,318.8800,met5,132.3200,318.8800,7.827e-05
met5,118.1200,358.8800,met5,132.3200,358.8800,7.395e-05
met5,118.1200,398.8800,met5,132.3200,398.8800,2.288e-05
met5,118.1200,438.8800,met5,132.3200,438.8800,1.309e-05
met5,132.3200,38.8800,met5,142.3200,38.8800,1.770e-04
met5,132.3200,78.8800,met5,142.3200,78.8800,1.708e-04
met5,132.3200,118.8800,met5,142.3200,118.8800,4.034e-05
met5,132.3200,158.8800,met5,142.3200,158.8800,2.157e-06
met5,132.3200,198.8800,met5,142.3200,198.8800,2.084e-05
met5,132.3200,238.8800,met5,142.3200,238.8800,2.632e-05
met5,132.3200,278.8800,met5,142.3200,278.8800,2.853e-05
met5,132.3200,318.8800,met5,142.3200,318.8800,7.827e-05
met5,132.3200,358.8800,met5,142.3200,358.8800,7.395e-05
met5,132.3200,398.8800,met5,142.3200,398.8800,2.288e-05
met5,132.3200,438.8800,met5,142.3200,438.8800,1.309e-05
met5,142.3200,38.8800,met5,152.3200,38.8800,1.770e-04
met5,142.3200,78.8800,met5,152.3200,78.8800,1.708e-04
met5,142.3200,118.8800,met5,152.3200,118.8800,4.034e-05
met5,142.3200,158.8800,met5,152.3200,158.8800,2.157e-06
met5,142.3200,198.8800,met5,152.3200,198.8800,2.084e-05
met5,142.3200,238.8800,met5,152.3200,238.8800,2.632e-05
met5,142.3200,278.8800,met5,152.3200,278.8800,2.853e-05
met5,142.3200,318.8800,met5,152.3200,318.8800,7.827e-05
met5,142.3200,358.8800,met5,152.3200,358.8800,7.395e-05
met5,142.3200,398.8800,met5,152.3200,398.8800,2.288e-05
met5,142.3200,438.8800,met5,152.3200,438.8800,1.309e-05
met5,152.3200,38.8800,met5,158.1200,38.8800,1.770e-04
met5,152.3200,78.8800,met5,158.1200,78.8800,1.708e-04
met5,152.3200,118.8800,met5,158.1200,118.8800,4.034e-05
met5,152.3200,158.8800,met5,158.1200,158.8800,2.157e-06
met5,152.3200,198.8800,met5,158.1200,198.8800,2.084e-05
met5,152.3200,238.8800,met5,158.1200,238.8800,2.632e-05
met5,152.3200,278.8800,met5,158.1200,278.8800,2.853e-05
met5,152.3200,318.8800,met5,158.1200,318.8800,7.827e-05
met5,152.3200,358.8800,met5,158.1200,358.8800,7.395e-05
met5,152.3200,398.8800,met5,158.1200,398.8800,2.288e-05
met5,152.3200,438.8800,met5,158.1200,438.8800,1.309e-05
met5,158.1200,38.8800,met5,172.3200,38.8800,1.314e-04
met5,158.1200,78.8800,met5,172.3200,78.8800,1.142e-04
met5,158.1200,118.8800,met5,172.3200,118.8800,3.783e-05
met5,158.1200,158.8800,met5,172.3200,158.8800,1.848e-06
met5,158.1200,198.8800,met5,172.3200,198.8800,3.383e-05
met5,158.1200,238.8800,met5,172.3200,238.8800,3.754e-05
met5,158.1200,278.8800,met5,172.3200,278.8800,3.283e-05
met5,158.1200,318.8800,met5,172.3200,318.8800,1.449e-04
met5,158.1200,358.8800,met5,172.3200,358.8800,1.339e-04
met5,158.1200,398.8800,met5,172.3200,398.8800,1.828e-05
met5,158.1200,438.8800,met5,172.3200,438.8800,1.013e-05
met5,172.3200,38.8800,met5,182.3200,38.8800,1.314e-04
met5,172.3200,78.8800,met5,182.3200,78.8800,1.142e-04
met5,172.3200,118.8800,met5,182.3200,118.8800,3.783e-05
met5,172.3200,158.8800,met5,182.3200,158.8800,1.848e-06
met5,172.3200,198.8800,met5,182.3200,198.8800,3.383e-05
met5,172.3200,238.8800,met5,182.3200,238.8800,3.754e-05
met5,172.3200,278.8800,met5,182.3200,278.8800,3.283e-05
met5,172.3200,318.8800,met5,182.3200,318.8800,1.449e-04
met5,172.3200,358.8800,met5,182.3200,358.8800,1.339e-04
met5,172.3200,398.8800,met5,182.3200,398.8800,1.828e-05
met5,172.3200,438.8800,met5,182.3200,438.8800,1.013e-05
met5,182.3200,38.8800,met5,192.3200,38.8800,1.314e-04
met5,182.3200,78.8800,met5,192.3200,78.8800,1.142e-04
met5,182.3200,118.8800,met5,192.3200,118.8800,3.783e-05
met5,182.3200,158.8800,met5,192.3200,158.8800,1.848e-06
met5,182.3200,198.8800,met5,192.3200,198.8800,3.383e-05
met5,182.3200,238.8800,met5,192.3200,238.8800,3.754e-05
met5,182.3200,278.8800,met5,192.3200,278.8800,3.283e-05
met5,182.3200,318.8800,met5,192.3200,318.8800,8.726e-15
met5,182.3200,358.8800,met5,192.3200,358.8800,4.114e-14
met5,182.3200,398.8800,met5,192.3200,398.8800,1.828e-05
met5,182.3200,438.8800,met5,192.3200,438.8800,1.013e-05
met5,192.3200,38.8800,met5,198.1200,38.8800,1.314e-04
met5,192.3200,78.8800,met5,198.1200,78.8800,1.142e-04
met5,192.3200,118.8800,met5,198.1200,118.8800,3.783e-05
met5,192.3200,158.8800,met5,198.1200,158.8800,1.848e-06
met5,192.3200,198.8800,met5,198.1200,198.8800,3.383e-05
met5,192.3200,238.8800,met5,198.1200,238.8800,3.754e-05
met5,192.3200,278.8800,met5,198.1200,278.8800,3.283e-05
met5,192.3200,318.8800,met5,198.1200,318.8800,6.018e-14
met5,192.3200,358.8800,met5,198.1200,358.8800,1.934e-14
met5,192.3200,398.8800,met5,198.1200,398.8800,1.828e-05
met5,192.3200,438.8800,met5,198.1200,438.8800,1.013e-05
met5,198.1200,38.8800,met5,212.3200,38.8800,1.007e-04
met5,198.1200,78.8800,met5,212.3200,78.8800,8.347e-05
met5,198.1200,118.8800,met5,212.3200,118.8800,3.292e-05
met5,198.1200,158.8800,met5,212.3200,158.8800,4.138e-06
met5,198.1200,198.8800,met5,212.3200,198.8800,5.371e-05
met5,198.1200,238.8800,met5,212.3200,238.8800,5.207e-05
met5,198.1200,278.8800,met5,212.3200,278.8800,2.647e-05
met5,198.1200,318.8800,met5,212.3200,318.8800,2.458e-14
met5,198.1200,358.8800,met5,212.3200,358.8800,7.901e-15
met5,198.1200,398.8800,met5,212.3200,398.8800,3.274e-06
met5,198.1200,438.8800,met5,212.3200,438.8800,3.215e-06
met5,212.3200,38.8800,met5,222.3200,38.8800,1.007e-04
met5,212.3200,78.8800,met5,222.3200,78.8800,8.347e-05
met5,212.3200,118.8800,met5,222.3200,118.8800,3.292e-05
met5,212.3200,158.8800,met5,222.3200,158.8800,4.138e-06
met5,212.3200,198.8800,met5,222.3200,198.8800,5.371e-05
met5,212.3200,238.8800,met5,222.3200,238.8800,5.207e-05
met5,212.3200,278.8800,met5,222.3200,278.8800,2.647e-05
met5,212.3200,318.8800,met5,222.3200,318.8800,0.000e+00
met5,212.3200,358.8800,met5,222.3200,358.8800,0.000e+00
met5,212.3200,398.8800,met5,222.3200,398.8800,3.274e-06
met5,212.3200,438.8800,met5,222.3200,438.8800,3.215e-06
met5,222.3200,38.8800,met5,232.3200,38.8800,1.007e-04
met5,222.3200,78.8800,met5,232.3200,78.8800,8.347e-05
met5,222.3200,118.8800,met5,232.3200,118.8800,3.292e-05
met5,222.3200,158.8800,met5,232.3200,158.8800,4.138e-06
met5,222.3200,198.8800,met5,232.3200,198.8800,5.371e-05
met5,222.3200,238.8800,met5,232.3200,238.8800,5.207e-05
met5,222.3200,278.8800,met5,232.3200,278.8800,2.647e-05
met5,222.3200,318.8800,met5,232.3200,318.8800,0.000e+00
met5,222.3200,358.8800,met5,232.3200,358.8800,0.000e+00
met5,222.3200,398.8800,met5,232.3200,398.8800,3.274e-06
met5,222.3200,438.8800,met5,232.3200,438.8800,3.215e-06
met5,232.3200,38.8800,met5,238.1200,38.8800,1.007e-04
met5,232.3200,78.8800,met5,238.1200,78.8800,8.347e-05
met5,232.3200,118.8800,met5,238.1200,118.8800,3.292e-05
met5,232.3200,158.8800,met5,238.1200,158.8800,4.138e-06
met5,232.3200,198.8800,met5,238.1200,198.8800,5.371e-05
met5,232.3200,238.8800,met5,238.1200,238.8800,5.207e-05
met5,232.3200,278.8800,met5,238.1200,278.8800,2.647e-05
met5,232.3200,318.8800,met5,238.1200,318.8800,4.728e-14
met5,232.3200,358.8800,met5,238.1200,358.8800,2.579e-14
met5,232.3200,398.8800,met5,238.1200,398.8800,3.274e-06
met5,232.3200,438.8800,met5,238.1200,438.8800,3.215e-06
met5,238.1200,38.8800,met5,252.3200,38.8800,6.702e-05
met5,238.1200,78.8800,met5,252.3200,78.8800,5.569e-05
met5,238.1200,118.8800,met5,252.3200,118.8800,2.643e-05
met5,238.1200,158.8800,met5,252.3200,158.8800,7.235e-06
met5,238.1200,198.8800,met5,252.3200,198.8800,9.147e-05
met5,238.1200,238.8800,met5,252.3200,238.8800,7.894e-05
met5,238.1200,278.8800,met5,252.3200,278.8800,1.945e-05
met5,238.1200,318.8800,met5,252.3200,318.8800,8.133e-05
met5,238.1200,358.8800,met5,252.3200,358.8800,8.849e-05
met5,238.1200,398.8800,met5,252.3200,398.8800,1.202e-05
met5,238.1200,438.8800,met5,252.3200,438.8800,4.193e-06
met5,252.3200,38.8800,met5,262.3200,38.8800,6.702e-05
met5,252.3200,78.8800,met5,262.3200,78.8800,5.569e-05
met5,252.3200,118.8800,met5,262.3200,118.8800,2.643e-05
met5,252.3200,158.8800,met5,262.3200,158.8800,7.235e-06
met5,252.3200,198.8800,met5,262.3200,198.8800,9.147e-05
met5,252.3200,238.8800,met5,262.3200,238.8800,7.894e-05
met5,252.3200,278.8800,met5,262.3200,278.8800,1.945e-05
met5,252.3200,318.8800,met5,262.3200,318.8800,8.133e-05
met5,252.3200,358.8800,met5,262.3200,358.8800,8.849e-05
met5,252.3200,398.8800,met5,262.3200,398.8800,1.202e-05
met5,252.3200,438.8800,met5,262.3200,438.8800,4.193e-06
met5,262.3200,38.8800,met5,272.3200,38.8800,6.702e-05
met5,262.3200,78.8800,met5,272.3200,78.8800,5.569e-05
met5,262.3200,118.8800,met5,272.3200,118.8800,2.643e-05
met5,262.3200,158.8800,met5,272.3200,158.8800,7.235e-06
met5,262.3200,198.8800,met5,272.3200,198.8800,9.147e-05
met5,262.3200,238.8800,met5,272.3200,238.8800,7.894e-05
met5,262.3200,278.8800,met5,272.3200,278.8800,1.945e-05
met5,262.3200,318.8800,met5,272.3200,318.8800,8.133e-05
met5,262.3200,358.8800,met5,272.3200,358.8800,8.849e-05
met5,262.3200,398.8800,met5,272.3200,398.8800,1.202e-05
met5,262.3200,438.8800,met5,272.3200,438.8800,4.193e-06
met5,272.3200,38.8800,met5,278.1200,38.8800,6.702e-05
met5,272.3200,78.8800,met5,278.1200,78.8800,5.569e-05
met5,272.3200,118.8800,met5,278.1200,118.8800,2.643e-05
met5,272.3200,158.8800,met5,278.1200,158.8800,7.235e-06
met5,272.3200,198.8800,met5,278.1200,198.8800,9.147e-05
met5,272.3200,238.8800,met5,278.1200,238.8800,7.894e-05
met5,272.3200,278.8800,met5,278.1200,278.8800,1.945e-05
met5,272.3200,318.8800,met5,278.1200,318.8800,8.133e-05
met5,272.3200,358.8800,met5,278.1200,358.8800,8.849e-05
met5,272.3200,398.8800,met5,278.1200,398.8800,1.202e-05
met5,272.3200,438.8800,met5,278.1200,438.8800,4.193e-06
met5,278.1200,38.8800,met5,292.3200,38.8800,4.374e-05
met5,278.1200,78.8800,met5,292.3200,78.8800,3.710e-05
met5,278.1200,118.8800,met5,292.3200,118.8800,2.092e-05
met5,278.1200,158.8800,met5,292.3200,158.8800,6.587e-06
met5,278.1200,198.8800,met5,292.3200,198.8800,1.707e-04
met5,278.1200,238.8800,met5,292.3200,238.8800,1.317e-04
met5,278.1200,278.8800,met5,292.3200,278.8800,1.573e-05
met5,278.1200,318.8800,met5,292.3200,318.8800,4.230e-05
met5,278.1200,358.8800,met5,292.3200,358.8800,4.921e-05
met5,278.1200,398.8800,met5,292.3200,398.8800,1.588e-05
met5,278.1200,438.8800,met5,292.3200,438.8800,8.128e-06
met5,292.3200,38.8800,met5,302.3200,38.8800,4.374e-05
met5,292.3200,78.8800,met5,302.3200,78.8800,3.710e-05
met5,292.3200,118.8800,met5,302.3200,118.8800,2.092e-05
met5,292.3200,158.8800,met5,302.3200,158.8800,6.587e-06
met5,292.3200,198.8800,met5,302.3200,198.8800,1.707e-04
met5,292.3200,238.8800,met5,302.3200,238.8800,1.317e-04
met5,292.3200,278.8800,met5,302.3200,278.8800,1.573e-05
met5,292.3200,318.8800,met5,302.3200,318.8800,4.230e-05
met5,292.3200,358.8800,met5,302.3200,358.8800,4.921e-05
met5,292.3200,398.8800,met5,302.3200,398.8800,1.588e-05
met5,292.3200,438.8800,met5,302.3200,438.8800,8.128e-06
met5,302.3200,38.8800,met5,312.3200,38.8800,4.374e-05
met5,302.3200,78.8800,met5,312.3200,78.8800,3.710e-05
met5,302.3200,118.8800,met5,312.3200,118.8800,2.092e-05
met5,302.3200,158.8800,met5,312.3200,158.8800,6.587e-06
met5,302.3200,198.8800,met5,312.3200,198.8800,1.707e-04
met5,302.3200,238.8800,met5,312.3200,238.8800,1.317e-04
met5,302.3200,278.8800,met5,312.3200,278.8800,1.573e-05
met5,302.3200,318.8800,met5,312.3200,318.8800,4.230e-05
met5,302.3200,358.8800,met5,312.3200,358.8800,4.921e-05
met5,302.3200,398.8800,met5,312.3200,398.8800,1.588e-05
met5,302.3200,438.8800,met5,312.3200,438.8800,8.128e-06
met5,312.3200,38.8800,met5,318.1200,38.8800,4.374e-05
met5,312.3200,78.8800,met5,318.1200,78.8800,3.710e-05
met5,312.3200,118.8800,met5,318.1200,118.8800,2.092e-05
met5,312.3200,158.8800,met5,318.1200,158.8800,6.587e-06
met5,312.3200,198.8800,met5,318.1200,198.8800,1.707e-04
met5,312.3200,238.8800,met5,318.1200,238.8800,1.317e-04
met5,312.3200,278.8800,met5,318.1200,278.8800,1.573e-05
met5,312.3200,318.8800,met5,318.1200,318.8800,4.230e-05
met5,312.3200,358.8800,met5,318.1200,358.8800,4.921e-05
met5,312.3200,398.8800,met5,318.1200,398.8800,1.588e-05
met5,312.3200,438.8800,met5,318.1200,438.8800,8.128e-06
met5,318.1200,38.8800,met5,332.3200,38.8800,2.632e-05
met5,318.1200,78.8800,met5,332.3200,78.8800,2.038e-05
met5,318.1200,118.8800,met5,332.3200,118.8800,1.727e-05
met5,318.1200,158.8800,met5,332.3200,158.8800,4.833e-06
met5,318.1200,198.8800,met5,332.3200,198.8800,1.844e-14
met5,318.1200,238.8800,met5,332.3200,238.8800,1.931e-14
met5,318.1200,278.8800,met5,332.3200,278.8800,1.560e-06
met5,318.1200,318.8800,met5,332.3200,318.8800,2.508e-05
met5,318.1200,358.8800,met5,332.3200,358.8800,2.921e-05
met5,318.1200,398.8800,met5,332.3200,398.8800,1.432e-05
met5,318.1200,438.8800,met5,332.3200,438.8800,8.790e-06
met5,332.3200,38.8800,met5,342.3200,38.8800,2.632e-05
met5,332.3200,78.8800,met5,342.3200,78.8800,2.038e-05
met5,332.3200,118.8800,met5,342.3200,118.8800,1.727e-05
met5,332.3200,158.8800,met5,342.3200,158.8800,4.833e-06
met5,332.3200,198.8800,met5,342.3200,198.8800,0.000e+00
met5,332.3200,238.8800,met5,342.3200,238.8800,0.000e+00
met5,332.3200,278.8800,met5,342.3200,278.8800,1.560e-06
met5,332.3200,318.8800,met5,342.3200,318.8800,2.508e-05
met5,332.3200,358.8800,met5,342.3200,358.8800,2.921e-05
met5,332.3200,398.8800,met5,342.3200,398.8800,1.432e-05
met5,332.3200,438.8800,met5,342.3200,438.8800,8.790e-06
met5,342.3200,38.8800,met5,352.3200,38.8800,2.632e-05
met5,342.3200,78.8800,met5,352.3200,78.8800,2.038e-05
met5,342.3200,118.8800,met5,352.3200,118.8800,1.727e-05
met5,342.3200,158.8800,met5,352.3200,158.8800,4.833e-06
met5,342.3200,198.8800,met5,352.3200,198.8800,0.000e+00
met5,342.3200,238.8800,met5,352.3200,238.8800,0.000e+00
met5,342.3200,278.8800,met5,352.3200,278.8800,1.560e-06
met5,342.3200,318.8800,met5,352.3200,318.8800,2.508e-05
met5,342.3200,358.8800,met5,352.3200,358.8800,2.921e-05
met5,342.3200,398.8800,met5,352.3200,398.8800,1.432e-05
met5,342.3200,438.8800,met5,352.3200,438.8800,8.790e-06
met5,352.3200,38.8800,met5,358.1200,38.8800,2.632e-05
met5,352.3200,78.8800,met5,358.1200,78.8800,2.038e-05
met5,352.3200,118.8800,met5,358.1200,118.8800,1.727e-05
met5,352.3200,158.8800,met5,358.1200,158.8800,4.833e-06
met5,352.3200,198.8800,met5,358.1200,198.8800,6.448e-15
met5,352.3200,238.8800,met5,358.1200,238.8800,7.522e-14
met5,352.3200,278.8800,met5,358.1200,278.8800,1.560e-06
met5,352.3200,318.8800,met5,358.1200,318.8800,2.508e-05
met5,352.3200,358.8800,met5,358.1200,358.8800,2.921e-05
met5,352.3200,398.8800,met5,358.1200,398.8800,1.432e-05
met5,352.3200,438.8800,met5,358.1200,438.8800,8.790e-06
met5,358.1200,38.8800,met5,372.3200,38.8800,1.512e-05
met5,358.1200,78.8800,met5,372.3200,78.8800,1.139e-05
met5,358.1200,118.8800,met5,372.3200,118.8800,1.261e-05
met5,358.1200,158.8800,met5,372.3200,158.8800,1.242e-05
met5,358.1200,198.8800,met5,372.3200,198.8800,2.634e-15
met5,358.1200,238.8800,met5,372.3200,238.8800,3.073e-14
met5,358.1200,278.8800,met5,372.3200,278.8800,8.552e-06
met5,358.1200,318.8800,met5,372.3200,318.8800,1.588e-05
met5,358.1200,358.8800,met5,372.3200,358.8800,1.733e-05
met5,358.1200,398.8800,met5,372.3200,398.8800,1.026e-05
met5,358.1200,438.8800,met5,372.3200,438.8800,6.855e-06
met5,372.3200,38.8800,met5,382.3200,38.8800,1.512e-05
met5,372.3200,78.8800,met5,382.3200,78.8800,1.139e-05
met5,372.3200,118.8800,met5,382.3200,118.8800,1.261e-05
met5,372.3200,158.8800,met5,382.3200,158.8800,1.242e-05
met5,372.3200,198.8800,met5,382.3200,198.8800,2.992e-14
met5,372.3200,238.8800,met5,382.3200,238.8800,4.986e-15
met5,372.3200,278.8800,met5,382.3200,278.8800,8.552e-06
met5,372.3200,318.8800,met5,382.3200,318.8800,1.588e-05
met5,372.3200,358.8800,met5,382.3200,358.8800,1.733e-05
met5,372.3200,398.8800,met5,382.3200,398.8800,1.026e-05
met5,372.3200,438.8800,met5,382.3200,438.8800,6.855e-06
met5,382.3200,38.8800,met5,392.3200,38.8800,1.512e-05
met5,382.3200,78.8800,met5,392.3200,78.8800,1.139e-05
met5,382.3200,118.8800,met5,392.3200,118.8800,1.261e-05
met5,382.3200,158.8800,met5,392.3200,158.8800,1.242e-05
met5,382.3200,198.8800,met5,392.3200,198.8800,2.078e-04
met5,382.3200,238.8800,met5,392.3200,238.8800,1.365e-04
met5,382.3200,278.8800,met5,392.3200,278.8800,8.552e-06
met5,382.3200,318.8800,met5,392.3200,318.8800,1.588e-05
met5,382.3200,358.8800,met5,392.3200,358.8800,1.733e-05
met5,382.3200,398.8800,met5,392.3200,398.8800,1.026e-05
met5,382.3200,438.8800,met5,392.3200,438.8800,6.855e-06
met5,392.3200,38.8800,met5,398.1200,38.8800,1.512e-05
met5,392.3200,78.8800,met5,398.1200,78.8800,1.139e-05
met5,392.3200,118.8800,met5,398.1200,118.8800,1.261e-05
met5,392.3200,158.8800,met5,398.1200,158.8800,1.242e-05
met5,392.3200,198.8800,met5,398.1200,198.8800,2.078e-04
met5,392.3200,238.8800,met5,398.1200,238.8800,1.365e-04
met5,392.3200,278.8800,met5,398.1200,278.8800,8.552e-06
met5,392.3200,318.8800,met5,398.1200,318.8800,1.588e-05
met5,392.3200,358.8800,met5,398.1200,358.8800,1.733e-05
met5,392.3200,398.8800,met5,398.1200,398.8800,1.026e-05
met5,392.3200,438.8800,met5,398.1200,438.8800,6.855e-06
met5,398.1200,38.8800,met5,412.3200,38.8800,6.629e-06
met5,398.1200,78.8800,met5,412.3200,78.8800,5.290e-06
met5,398.1200,118.8800,met5,412.3200,118.8800,6.706e-06
met5,398.1200,158.8800,met5,412.3200,158.8800,1.039e-05
met5,398.1200,198.8800,met5,412.3200,198.8800,7.980e-05
met5,398.1200,238.8800,met5,412.3200,238.8800,5.575e-05
met5,398.1200,278.8800,met5,412.3200,278.8800,9.103e-06
met5,398.1200,318.8800,met5,412.3200,318.8800,8.504e-06
met5,398.1200,358.8800,met5,412.3200,358.8800,8.514e-06
met5,398.1200,398.8800,met5,412.3200,398.8800,5.516e-06
met5,398.1200,438.8800,met5,412.3200,438.8800,3.674e-06
met5,412.3200,38.8800,met5,422.3200,38.8800,6.629e-06
met5,412.3200,78.8800,met5,422.3200,78.8800,5.290e-06
met5,412.3200,118.8800,met5,422.3200,118.8800,6.706e-06
met5,412.3200,158.8800,met5,422.3200,158.8800,1.039e-05
met5,412.3200,198.8800,met5,422.3200,198.8800,7.980e-05
met5,412.3200,238.8800,met5,422.3200,238.8800,5.575e-05
met5,412.3200,278.8800,met5,422.3200,278.8800,9.103e-06
met5,412.3200,318.8800,met5,422.3200,318.8800,8.504e-06
met5,412.3200,358.8800,met5,422.3200,358.8800,8.514e-06
met5,412.3200,398.8800,met5,422.3200,398.8800,5.516e-06
met5,412.3200,438.8800,met5,422.3200,438.8800,3.674e-06
met5,422.3200,38.8800,met5,432.3200,38.8800,6.629e-06
met5,422.3200,78.8800,met5,432.3200,78.8800,5.290e-06
met5,422.3200,118.8800,met5,432.3200,118.8800,6.706e-06
met5,422.3200,158.8800,met5,432.3200,158.8800,1.039e-05
met5,422.3200,198.8800,met5,432.3200,198.8800,7.980e-05
met5,422.3200,238.8800,met5,432.3200,238.8800,5.575e-05
met5,422.3200,278.8800,met5,432.3200,278.8800,9.103e-06
met5,422.3200,318.8800,met5,432.3200,318.8800,8.504e-06
met5,422.3200,358.8800,met5,432.3200,358.8800,8.514e-06
met5,422.3200,398.8800,met5,432.3200,398.8800,5.516e-06
met5,422.3200,438.8800,met5,432.3200,438.8800,3.674e-06
met5,432.3200,38.8800,met5,438.1200,38.8800,6.629e-06
met5,432.3200,78.8800,met5,438.1200,78.8800,5.290e-06
met5,432.3200,118.8800,met5,438.1200,118.8800,6.706e-06
met5,432.3200,158.8800,met5,438.1200,158.8800,1.039e-05
met5,432.3200,198.8800,met5,438.1200,198.8800,7.980e-05
met5,432.3200,238.8800,met5,438.1200,238.8800,5.575e-05
met5,432.3200,278.8800,met5,438.1200,278.8800,9.103e-06
met5,432.3200,318.8800,met5,438.1200,318.8800,8.504e-06
met5,432.3200,358.8800,met5,438.1200,358.8800,8.514e-06
met5,432.3200,398.8800,met5,438.1200,398.8800,5.516e-06
met5,432.3200,438.8800,met5,438.1200,438.8800,3.674e-06
