
Cell sky130_fd_sc_hd__o21ai_0 (0) disconnected node: A1
Cell sky130_fd_sc_hd__o21ai_0 (0) disconnected node: A2
Cell sky130_fd_sc_hd__o21ai_0 (0) disconnected node: B1
Cell sky130_fd_sc_hd__o21ai_0 (0) disconnected node: VGND
Cell sky130_fd_sc_hd__o21ai_0 (0) disconnected node: VNB
Cell sky130_fd_sc_hd__o21ai_0 (0) disconnected node: VPB
Cell sky130_fd_sc_hd__o21ai_0 (0) disconnected node: VPWR
Cell sky130_fd_sc_hd__o21ai_0 (0) disconnected node: Y
Warning: Equate pins:  cell sky130_fd_sc_hd__o21ai_0 is a placeholder, treated as a black box.

Subcircuit pins:
Circuit 1: sky130_fd_sc_hd__o21ai_0        |Circuit 2: sky130_fd_sc_hd__o21ai_0        
-------------------------------------------|-------------------------------------------
A1                                         |A1                                         
A2                                         |A2                                         
B1                                         |B1                                         
VGND                                       |VGND                                       
VNB                                        |VNB                                        
VPB                                        |VPB                                        
VPWR                                       |VPWR                                       
Y                                          |Y                                          
---------------------------------------------------------------------------------------
Cell pin lists are equivalent.
Device classes sky130_fd_sc_hd__o21ai_0 and sky130_fd_sc_hd__o21ai_0 are equivalent.

Cell sky130_fd_sc_hd__a21boi_0 (0) disconnected node: A1
Cell sky130_fd_sc_hd__a21boi_0 (0) disconnected node: A2
Cell sky130_fd_sc_hd__a21boi_0 (0) disconnected node: B1_N
Cell sky130_fd_sc_hd__a21boi_0 (0) disconnected node: VGND
Cell sky130_fd_sc_hd__a21boi_0 (0) disconnected node: VNB
Cell sky130_fd_sc_hd__a21boi_0 (0) disconnected node: VPB
Cell sky130_fd_sc_hd__a21boi_0 (0) disconnected node: VPWR
Cell sky130_fd_sc_hd__a21boi_0 (0) disconnected node: Y
Warning: Equate pins:  cell sky130_fd_sc_hd__a21boi_0 is a placeholder, treated as a black box.

Subcircuit pins:
Circuit 1: sky130_fd_sc_hd__a21boi_0       |Circuit 2: sky130_fd_sc_hd__a21boi_0       
-------------------------------------------|-------------------------------------------
A1                                         |A1                                         
A2                                         |A2                                         
B1_N                                       |B1_N                                       
VGND                                       |VGND                                       
VNB                                        |VNB                                        
VPB                                        |VPB                                        
VPWR                                       |VPWR                                       
Y                                          |Y                                          
---------------------------------------------------------------------------------------
Cell pin lists are equivalent.
Device classes sky130_fd_sc_hd__a21boi_0 and sky130_fd_sc_hd__a21boi_0 are equivalent.

Cell sky130_fd_sc_hd__mux2_1 (0) disconnected node: A0
Cell sky130_fd_sc_hd__mux2_1 (0) disconnected node: A1
Cell sky130_fd_sc_hd__mux2_1 (0) disconnected node: S
Cell sky130_fd_sc_hd__mux2_1 (0) disconnected node: VGND
Cell sky130_fd_sc_hd__mux2_1 (0) disconnected node: VNB
Cell sky130_fd_sc_hd__mux2_1 (0) disconnected node: VPB
Cell sky130_fd_sc_hd__mux2_1 (0) disconnected node: VPWR
Cell sky130_fd_sc_hd__mux2_1 (0) disconnected node: X
Warning: Equate pins:  cell sky130_fd_sc_hd__mux2_1 is a placeholder, treated as a black box.

Subcircuit pins:
Circuit 1: sky130_fd_sc_hd__mux2_1         |Circuit 2: sky130_fd_sc_hd__mux2_1         
-------------------------------------------|-------------------------------------------
A0                                         |A0                                         
A1                                         |A1                                         
S                                          |S                                          
VGND                                       |VGND                                       
VNB                                        |VNB                                        
VPB                                        |VPB                                        
VPWR                                       |VPWR                                       
X                                          |X                                          
---------------------------------------------------------------------------------------
Cell pin lists are equivalent.
Device classes sky130_fd_sc_hd__mux2_1 and sky130_fd_sc_hd__mux2_1 are equivalent.

Cell sky130_fd_sc_hd__clkinv_1 (0) disconnected node: A
Cell sky130_fd_sc_hd__clkinv_1 (0) disconnected node: VGND
Cell sky130_fd_sc_hd__clkinv_1 (0) disconnected node: VNB
Cell sky130_fd_sc_hd__clkinv_1 (0) disconnected node: VPB
Cell sky130_fd_sc_hd__clkinv_1 (0) disconnected node: VPWR
Cell sky130_fd_sc_hd__clkinv_1 (0) disconnected node: Y
Warning: Equate pins:  cell sky130_fd_sc_hd__clkinv_1 is a placeholder, treated as a black box.

Subcircuit pins:
Circuit 1: sky130_fd_sc_hd__clkinv_1       |Circuit 2: sky130_fd_sc_hd__clkinv_1       
-------------------------------------------|-------------------------------------------
A                                          |A                                          
VGND                                       |VGND                                       
VNB                                        |VNB                                        
VPB                                        |VPB                                        
VPWR                                       |VPWR                                       
Y                                          |Y                                          
---------------------------------------------------------------------------------------
Cell pin lists are equivalent.
Device classes sky130_fd_sc_hd__clkinv_1 and sky130_fd_sc_hd__clkinv_1 are equivalent.

Cell sky130_fd_sc_hd__nand2_1 (0) disconnected node: A
Cell sky130_fd_sc_hd__nand2_1 (0) disconnected node: B
Cell sky130_fd_sc_hd__nand2_1 (0) disconnected node: VGND
Cell sky130_fd_sc_hd__nand2_1 (0) disconnected node: VNB
Cell sky130_fd_sc_hd__nand2_1 (0) disconnected node: VPB
Cell sky130_fd_sc_hd__nand2_1 (0) disconnected node: VPWR
Cell sky130_fd_sc_hd__nand2_1 (0) disconnected node: Y
Warning: Equate pins:  cell sky130_fd_sc_hd__nand2_1 is a placeholder, treated as a black box.

Subcircuit pins:
Circuit 1: sky130_fd_sc_hd__nand2_1        |Circuit 2: sky130_fd_sc_hd__nand2_1        
-------------------------------------------|-------------------------------------------
A                                          |A                                          
B                                          |B                                          
VGND                                       |VGND                                       
VNB                                        |VNB                                        
VPB                                        |VPB                                        
VPWR                                       |VPWR                                       
Y                                          |Y                                          
---------------------------------------------------------------------------------------
Cell pin lists are equivalent.
Device classes sky130_fd_sc_hd__nand2_1 and sky130_fd_sc_hd__nand2_1 are equivalent.

Cell sky130_fd_sc_hd__xor2_1 (0) disconnected node: A
Cell sky130_fd_sc_hd__xor2_1 (0) disconnected node: B
Cell sky130_fd_sc_hd__xor2_1 (0) disconnected node: VGND
Cell sky130_fd_sc_hd__xor2_1 (0) disconnected node: VNB
Cell sky130_fd_sc_hd__xor2_1 (0) disconnected node: VPB
Cell sky130_fd_sc_hd__xor2_1 (0) disconnected node: VPWR
Cell sky130_fd_sc_hd__xor2_1 (0) disconnected node: X
Warning: Equate pins:  cell sky130_fd_sc_hd__xor2_1 is a placeholder, treated as a black box.

Subcircuit pins:
Circuit 1: sky130_fd_sc_hd__xor2_1         |Circuit 2: sky130_fd_sc_hd__xor2_1         
-------------------------------------------|-------------------------------------------
A                                          |A                                          
B                                          |B                                          
VGND                                       |VGND                                       
VNB                                        |VNB                                        
VPB                                        |VPB                                        
VPWR                                       |VPWR                                       
X                                          |X                                          
---------------------------------------------------------------------------------------
Cell pin lists are equivalent.
Device classes sky130_fd_sc_hd__xor2_1 and sky130_fd_sc_hd__xor2_1 are equivalent.

Cell sky130_fd_sc_hd__xnor2_1 (0) disconnected node: A
Cell sky130_fd_sc_hd__xnor2_1 (0) disconnected node: B
Cell sky130_fd_sc_hd__xnor2_1 (0) disconnected node: VGND
Cell sky130_fd_sc_hd__xnor2_1 (0) disconnected node: VNB
Cell sky130_fd_sc_hd__xnor2_1 (0) disconnected node: VPB
Cell sky130_fd_sc_hd__xnor2_1 (0) disconnected node: VPWR
Cell sky130_fd_sc_hd__xnor2_1 (0) disconnected node: Y
Warning: Equate pins:  cell sky130_fd_sc_hd__xnor2_1 is a placeholder, treated as a black box.

Subcircuit pins:
Circuit 1: sky130_fd_sc_hd__xnor2_1        |Circuit 2: sky130_fd_sc_hd__xnor2_1        
-------------------------------------------|-------------------------------------------
A                                          |A                                          
B                                          |B                                          
VGND                                       |VGND                                       
VNB                                        |VNB                                        
VPB                                        |VPB                                        
VPWR                                       |VPWR                                       
Y                                          |Y                                          
---------------------------------------------------------------------------------------
Cell pin lists are equivalent.
Device classes sky130_fd_sc_hd__xnor2_1 and sky130_fd_sc_hd__xnor2_1 are equivalent.

Cell sky130_fd_sc_hd__a21oi_1 (0) disconnected node: A1
Cell sky130_fd_sc_hd__a21oi_1 (0) disconnected node: A2
Cell sky130_fd_sc_hd__a21oi_1 (0) disconnected node: B1
Cell sky130_fd_sc_hd__a21oi_1 (0) disconnected node: VGND
Cell sky130_fd_sc_hd__a21oi_1 (0) disconnected node: VNB
Cell sky130_fd_sc_hd__a21oi_1 (0) disconnected node: VPB
Cell sky130_fd_sc_hd__a21oi_1 (0) disconnected node: VPWR
Cell sky130_fd_sc_hd__a21oi_1 (0) disconnected node: Y
Warning: Equate pins:  cell sky130_fd_sc_hd__a21oi_1 is a placeholder, treated as a black box.

Subcircuit pins:
Circuit 1: sky130_fd_sc_hd__a21oi_1        |Circuit 2: sky130_fd_sc_hd__a21oi_1        
-------------------------------------------|-------------------------------------------
A1                                         |A1                                         
A2                                         |A2                                         
B1                                         |B1                                         
VGND                                       |VGND                                       
VNB                                        |VNB                                        
VPB                                        |VPB                                        
VPWR                                       |VPWR                                       
Y                                          |Y                                          
---------------------------------------------------------------------------------------
Cell pin lists are equivalent.
Device classes sky130_fd_sc_hd__a21oi_1 and sky130_fd_sc_hd__a21oi_1 are equivalent.

Cell sky130_fd_sc_hd__nand2b_1 (0) disconnected node: A_N
Cell sky130_fd_sc_hd__nand2b_1 (0) disconnected node: B
Cell sky130_fd_sc_hd__nand2b_1 (0) disconnected node: VGND
Cell sky130_fd_sc_hd__nand2b_1 (0) disconnected node: VNB
Cell sky130_fd_sc_hd__nand2b_1 (0) disconnected node: VPB
Cell sky130_fd_sc_hd__nand2b_1 (0) disconnected node: VPWR
Cell sky130_fd_sc_hd__nand2b_1 (0) disconnected node: Y
Warning: Equate pins:  cell sky130_fd_sc_hd__nand2b_1 is a placeholder, treated as a black box.

Subcircuit pins:
Circuit 1: sky130_fd_sc_hd__nand2b_1       |Circuit 2: sky130_fd_sc_hd__nand2b_1       
-------------------------------------------|-------------------------------------------
A_N                                        |A_N                                        
B                                          |B                                          
VGND                                       |VGND                                       
VNB                                        |VNB                                        
VPB                                        |VPB                                        
VPWR                                       |VPWR                                       
Y                                          |Y                                          
---------------------------------------------------------------------------------------
Cell pin lists are equivalent.
Device classes sky130_fd_sc_hd__nand2b_1 and sky130_fd_sc_hd__nand2b_1 are equivalent.

Cell sky130_fd_sc_hd__edfxtp_1 (0) disconnected node: CLK
Cell sky130_fd_sc_hd__edfxtp_1 (0) disconnected node: D
Cell sky130_fd_sc_hd__edfxtp_1 (0) disconnected node: DE
Cell sky130_fd_sc_hd__edfxtp_1 (0) disconnected node: VGND
Cell sky130_fd_sc_hd__edfxtp_1 (0) disconnected node: VNB
Cell sky130_fd_sc_hd__edfxtp_1 (0) disconnected node: VPB
Cell sky130_fd_sc_hd__edfxtp_1 (0) disconnected node: VPWR
Cell sky130_fd_sc_hd__edfxtp_1 (0) disconnected node: Q
Warning: Equate pins:  cell sky130_fd_sc_hd__edfxtp_1 is a placeholder, treated as a black box.

Subcircuit pins:
Circuit 1: sky130_fd_sc_hd__edfxtp_1       |Circuit 2: sky130_fd_sc_hd__edfxtp_1       
-------------------------------------------|-------------------------------------------
CLK                                        |CLK                                        
D                                          |D                                          
DE                                         |DE                                         
VGND                                       |VGND                                       
VNB                                        |VNB                                        
VPB                                        |VPB                                        
VPWR                                       |VPWR                                       
Q                                          |Q                                          
---------------------------------------------------------------------------------------
Cell pin lists are equivalent.
Device classes sky130_fd_sc_hd__edfxtp_1 and sky130_fd_sc_hd__edfxtp_1 are equivalent.

Cell sky130_fd_sc_hd__a222oi_1 (0) disconnected node: A1
Cell sky130_fd_sc_hd__a222oi_1 (0) disconnected node: A2
Cell sky130_fd_sc_hd__a222oi_1 (0) disconnected node: B1
Cell sky130_fd_sc_hd__a222oi_1 (0) disconnected node: B2
Cell sky130_fd_sc_hd__a222oi_1 (0) disconnected node: C1
Cell sky130_fd_sc_hd__a222oi_1 (0) disconnected node: C2
Cell sky130_fd_sc_hd__a222oi_1 (0) disconnected node: VGND
Cell sky130_fd_sc_hd__a222oi_1 (0) disconnected node: VNB
Cell sky130_fd_sc_hd__a222oi_1 (0) disconnected node: VPB
Cell sky130_fd_sc_hd__a222oi_1 (0) disconnected node: VPWR
Cell sky130_fd_sc_hd__a222oi_1 (0) disconnected node: Y
Warning: Equate pins:  cell sky130_fd_sc_hd__a222oi_1 is a placeholder, treated as a black box.

Subcircuit pins:
Circuit 1: sky130_fd_sc_hd__a222oi_1       |Circuit 2: sky130_fd_sc_hd__a222oi_1       
-------------------------------------------|-------------------------------------------
A1                                         |A1                                         
A2                                         |A2                                         
B1                                         |B1                                         
B2                                         |B2                                         
C1                                         |C1                                         
C2                                         |C2                                         
VGND                                       |VGND                                       
VNB                                        |VNB                                        
VPB                                        |VPB                                        
VPWR                                       |VPWR                                       
Y                                          |Y                                          
---------------------------------------------------------------------------------------
Cell pin lists are equivalent.
Device classes sky130_fd_sc_hd__a222oi_1 and sky130_fd_sc_hd__a222oi_1 are equivalent.

Cell sky130_fd_sc_hd__a22oi_1 (0) disconnected node: A1
Cell sky130_fd_sc_hd__a22oi_1 (0) disconnected node: A2
Cell sky130_fd_sc_hd__a22oi_1 (0) disconnected node: B1
Cell sky130_fd_sc_hd__a22oi_1 (0) disconnected node: B2
Cell sky130_fd_sc_hd__a22oi_1 (0) disconnected node: VGND
Cell sky130_fd_sc_hd__a22oi_1 (0) disconnected node: VNB
Cell sky130_fd_sc_hd__a22oi_1 (0) disconnected node: VPB
Cell sky130_fd_sc_hd__a22oi_1 (0) disconnected node: VPWR
Cell sky130_fd_sc_hd__a22oi_1 (0) disconnected node: Y
Warning: Equate pins:  cell sky130_fd_sc_hd__a22oi_1 is a placeholder, treated as a black box.

Subcircuit pins:
Circuit 1: sky130_fd_sc_hd__a22oi_1        |Circuit 2: sky130_fd_sc_hd__a22oi_1        
-------------------------------------------|-------------------------------------------
A1                                         |A1                                         
A2                                         |A2                                         
B1                                         |B1                                         
B2                                         |B2                                         
VGND                                       |VGND                                       
VNB                                        |VNB                                        
VPB                                        |VPB                                        
VPWR                                       |VPWR                                       
Y                                          |Y                                          
---------------------------------------------------------------------------------------
Cell pin lists are equivalent.
Device classes sky130_fd_sc_hd__a22oi_1 and sky130_fd_sc_hd__a22oi_1 are equivalent.

Cell sky130_fd_sc_hd__dfxtp_1 (0) disconnected node: CLK
Cell sky130_fd_sc_hd__dfxtp_1 (0) disconnected node: D
Cell sky130_fd_sc_hd__dfxtp_1 (0) disconnected node: VGND
Cell sky130_fd_sc_hd__dfxtp_1 (0) disconnected node: VNB
Cell sky130_fd_sc_hd__dfxtp_1 (0) disconnected node: VPB
Cell sky130_fd_sc_hd__dfxtp_1 (0) disconnected node: VPWR
Cell sky130_fd_sc_hd__dfxtp_1 (0) disconnected node: Q
Warning: Equate pins:  cell sky130_fd_sc_hd__dfxtp_1 is a placeholder, treated as a black box.

Subcircuit pins:
Circuit 1: sky130_fd_sc_hd__dfxtp_1        |Circuit 2: sky130_fd_sc_hd__dfxtp_1        
-------------------------------------------|-------------------------------------------
CLK                                        |CLK                                        
D                                          |D                                          
VGND                                       |VGND                                       
VNB                                        |VNB                                        
VPB                                        |VPB                                        
VPWR                                       |VPWR                                       
Q                                          |Q                                          
---------------------------------------------------------------------------------------
Cell pin lists are equivalent.
Device classes sky130_fd_sc_hd__dfxtp_1 and sky130_fd_sc_hd__dfxtp_1 are equivalent.

Cell sky130_fd_sc_hd__and2_0 (0) disconnected node: A
Cell sky130_fd_sc_hd__and2_0 (0) disconnected node: B
Cell sky130_fd_sc_hd__and2_0 (0) disconnected node: VGND
Cell sky130_fd_sc_hd__and2_0 (0) disconnected node: VNB
Cell sky130_fd_sc_hd__and2_0 (0) disconnected node: VPB
Cell sky130_fd_sc_hd__and2_0 (0) disconnected node: VPWR
Cell sky130_fd_sc_hd__and2_0 (0) disconnected node: X
Warning: Equate pins:  cell sky130_fd_sc_hd__and2_0 is a placeholder, treated as a black box.

Subcircuit pins:
Circuit 1: sky130_fd_sc_hd__and2_0         |Circuit 2: sky130_fd_sc_hd__and2_0         
-------------------------------------------|-------------------------------------------
A                                          |A                                          
B                                          |B                                          
VGND                                       |VGND                                       
VNB                                        |VNB                                        
VPB                                        |VPB                                        
VPWR                                       |VPWR                                       
X                                          |X                                          
---------------------------------------------------------------------------------------
Cell pin lists are equivalent.
Device classes sky130_fd_sc_hd__and2_0 and sky130_fd_sc_hd__and2_0 are equivalent.

Cell sky130_fd_sc_hd__or3_1 (0) disconnected node: A
Cell sky130_fd_sc_hd__or3_1 (0) disconnected node: B
Cell sky130_fd_sc_hd__or3_1 (0) disconnected node: C
Cell sky130_fd_sc_hd__or3_1 (0) disconnected node: VGND
Cell sky130_fd_sc_hd__or3_1 (0) disconnected node: VNB
Cell sky130_fd_sc_hd__or3_1 (0) disconnected node: VPB
Cell sky130_fd_sc_hd__or3_1 (0) disconnected node: VPWR
Cell sky130_fd_sc_hd__or3_1 (0) disconnected node: X
Warning: Equate pins:  cell sky130_fd_sc_hd__or3_1 is a placeholder, treated as a black box.

Subcircuit pins:
Circuit 1: sky130_fd_sc_hd__or3_1          |Circuit 2: sky130_fd_sc_hd__or3_1          
-------------------------------------------|-------------------------------------------
A                                          |A                                          
B                                          |B                                          
C                                          |C                                          
VGND                                       |VGND                                       
VNB                                        |VNB                                        
VPB                                        |VPB                                        
VPWR                                       |VPWR                                       
X                                          |X                                          
---------------------------------------------------------------------------------------
Cell pin lists are equivalent.
Device classes sky130_fd_sc_hd__or3_1 and sky130_fd_sc_hd__or3_1 are equivalent.

Cell sky130_fd_sc_hd__xor3_1 (0) disconnected node: A
Cell sky130_fd_sc_hd__xor3_1 (0) disconnected node: B
Cell sky130_fd_sc_hd__xor3_1 (0) disconnected node: C
Cell sky130_fd_sc_hd__xor3_1 (0) disconnected node: VGND
Cell sky130_fd_sc_hd__xor3_1 (0) disconnected node: VNB
Cell sky130_fd_sc_hd__xor3_1 (0) disconnected node: VPB
Cell sky130_fd_sc_hd__xor3_1 (0) disconnected node: VPWR
Cell sky130_fd_sc_hd__xor3_1 (0) disconnected node: X
Warning: Equate pins:  cell sky130_fd_sc_hd__xor3_1 is a placeholder, treated as a black box.

Subcircuit pins:
Circuit 1: sky130_fd_sc_hd__xor3_1         |Circuit 2: sky130_fd_sc_hd__xor3_1         
-------------------------------------------|-------------------------------------------
A                                          |A                                          
B                                          |B                                          
C                                          |C                                          
VGND                                       |VGND                                       
VNB                                        |VNB                                        
VPB                                        |VPB                                        
VPWR                                       |VPWR                                       
X                                          |X                                          
---------------------------------------------------------------------------------------
Cell pin lists are equivalent.
Device classes sky130_fd_sc_hd__xor3_1 and sky130_fd_sc_hd__xor3_1 are equivalent.

Cell sky130_fd_sc_hd__maj3_1 (0) disconnected node: A
Cell sky130_fd_sc_hd__maj3_1 (0) disconnected node: B
Cell sky130_fd_sc_hd__maj3_1 (0) disconnected node: C
Cell sky130_fd_sc_hd__maj3_1 (0) disconnected node: VGND
Cell sky130_fd_sc_hd__maj3_1 (0) disconnected node: VNB
Cell sky130_fd_sc_hd__maj3_1 (0) disconnected node: VPB
Cell sky130_fd_sc_hd__maj3_1 (0) disconnected node: VPWR
Cell sky130_fd_sc_hd__maj3_1 (0) disconnected node: X
Warning: Equate pins:  cell sky130_fd_sc_hd__maj3_1 is a placeholder, treated as a black box.

Subcircuit pins:
Circuit 1: sky130_fd_sc_hd__maj3_1         |Circuit 2: sky130_fd_sc_hd__maj3_1         
-------------------------------------------|-------------------------------------------
A                                          |A                                          
B                                          |B                                          
C                                          |C                                          
VGND                                       |VGND                                       
VNB                                        |VNB                                        
VPB                                        |VPB                                        
VPWR                                       |VPWR                                       
X                                          |X                                          
---------------------------------------------------------------------------------------
Cell pin lists are equivalent.
Device classes sky130_fd_sc_hd__maj3_1 and sky130_fd_sc_hd__maj3_1 are equivalent.

Cell sky130_fd_sc_hd__a31oi_1 (0) disconnected node: A1
Cell sky130_fd_sc_hd__a31oi_1 (0) disconnected node: A2
Cell sky130_fd_sc_hd__a31oi_1 (0) disconnected node: A3
Cell sky130_fd_sc_hd__a31oi_1 (0) disconnected node: B1
Cell sky130_fd_sc_hd__a31oi_1 (0) disconnected node: VGND
Cell sky130_fd_sc_hd__a31oi_1 (0) disconnected node: VNB
Cell sky130_fd_sc_hd__a31oi_1 (0) disconnected node: VPB
Cell sky130_fd_sc_hd__a31oi_1 (0) disconnected node: VPWR
Cell sky130_fd_sc_hd__a31oi_1 (0) disconnected node: Y
Warning: Equate pins:  cell sky130_fd_sc_hd__a31oi_1 is a placeholder, treated as a black box.

Subcircuit pins:
Circuit 1: sky130_fd_sc_hd__a31oi_1        |Circuit 2: sky130_fd_sc_hd__a31oi_1        
-------------------------------------------|-------------------------------------------
A1                                         |A1                                         
A2                                         |A2                                         
A3                                         |A3                                         
B1                                         |B1                                         
VGND                                       |VGND                                       
VNB                                        |VNB                                        
VPB                                        |VPB                                        
VPWR                                       |VPWR                                       
Y                                          |Y                                          
---------------------------------------------------------------------------------------
Cell pin lists are equivalent.
Device classes sky130_fd_sc_hd__a31oi_1 and sky130_fd_sc_hd__a31oi_1 are equivalent.

Cell sky130_fd_sc_hd__clkbuf_16 (0) disconnected node: A
Cell sky130_fd_sc_hd__clkbuf_16 (0) disconnected node: VGND
Cell sky130_fd_sc_hd__clkbuf_16 (0) disconnected node: VNB
Cell sky130_fd_sc_hd__clkbuf_16 (0) disconnected node: VPB
Cell sky130_fd_sc_hd__clkbuf_16 (0) disconnected node: VPWR
Cell sky130_fd_sc_hd__clkbuf_16 (0) disconnected node: X
Warning: Equate pins:  cell sky130_fd_sc_hd__clkbuf_16 is a placeholder, treated as a black box.

Subcircuit pins:
Circuit 1: sky130_fd_sc_hd__clkbuf_16      |Circuit 2: sky130_fd_sc_hd__clkbuf_16      
-------------------------------------------|-------------------------------------------
A                                          |A                                          
VGND                                       |VGND                                       
VNB                                        |VNB                                        
VPB                                        |VPB                                        
VPWR                                       |VPWR                                       
X                                          |X                                          
---------------------------------------------------------------------------------------
Cell pin lists are equivalent.
Device classes sky130_fd_sc_hd__clkbuf_16 and sky130_fd_sc_hd__clkbuf_16 are equivalent.

Cell sky130_fd_sc_hd__lpflow_isobufsrc_1 (0) disconnected node: A
Cell sky130_fd_sc_hd__lpflow_isobufsrc_1 (0) disconnected node: SLEEP
Cell sky130_fd_sc_hd__lpflow_isobufsrc_1 (0) disconnected node: VGND
Cell sky130_fd_sc_hd__lpflow_isobufsrc_1 (0) disconnected node: VNB
Cell sky130_fd_sc_hd__lpflow_isobufsrc_1 (0) disconnected node: VPB
Cell sky130_fd_sc_hd__lpflow_isobufsrc_1 (0) disconnected node: VPWR
Cell sky130_fd_sc_hd__lpflow_isobufsrc_1 (0) disconnected node: X
Warning: Equate pins:  cell sky130_fd_sc_hd__lpflow_isobufsrc_1 is a placeholder, treated as a black box.

Subcircuit pins:
Circuit 1: sky130_fd_sc_hd__lpflow_isobufs |Circuit 2: sky130_fd_sc_hd__lpflow_isobufs 
-------------------------------------------|-------------------------------------------
A                                          |A                                          
SLEEP                                      |SLEEP                                      
VGND                                       |VGND                                       
VNB                                        |VNB                                        
VPB                                        |VPB                                        
VPWR                                       |VPWR                                       
X                                          |X                                          
---------------------------------------------------------------------------------------
Cell pin lists are equivalent.
Device classes sky130_fd_sc_hd__lpflow_isobufsrc_1 and sky130_fd_sc_hd__lpflow_isobufsrc_1 are equivalent.

Cell sky130_fd_sc_hd__nor2_1 (0) disconnected node: A
Cell sky130_fd_sc_hd__nor2_1 (0) disconnected node: B
Cell sky130_fd_sc_hd__nor2_1 (0) disconnected node: VGND
Cell sky130_fd_sc_hd__nor2_1 (0) disconnected node: VNB
Cell sky130_fd_sc_hd__nor2_1 (0) disconnected node: VPB
Cell sky130_fd_sc_hd__nor2_1 (0) disconnected node: VPWR
Cell sky130_fd_sc_hd__nor2_1 (0) disconnected node: Y
Warning: Equate pins:  cell sky130_fd_sc_hd__nor2_1 is a placeholder, treated as a black box.

Subcircuit pins:
Circuit 1: sky130_fd_sc_hd__nor2_1         |Circuit 2: sky130_fd_sc_hd__nor2_1         
-------------------------------------------|-------------------------------------------
A                                          |A                                          
B                                          |B                                          
VGND                                       |VGND                                       
VNB                                        |VNB                                        
VPB                                        |VPB                                        
VPWR                                       |VPWR                                       
Y                                          |Y                                          
---------------------------------------------------------------------------------------
Cell pin lists are equivalent.
Device classes sky130_fd_sc_hd__nor2_1 and sky130_fd_sc_hd__nor2_1 are equivalent.

Cell sky130_fd_sc_hd__nand3_1 (0) disconnected node: A
Cell sky130_fd_sc_hd__nand3_1 (0) disconnected node: B
Cell sky130_fd_sc_hd__nand3_1 (0) disconnected node: C
Cell sky130_fd_sc_hd__nand3_1 (0) disconnected node: VGND
Cell sky130_fd_sc_hd__nand3_1 (0) disconnected node: VNB
Cell sky130_fd_sc_hd__nand3_1 (0) disconnected node: VPB
Cell sky130_fd_sc_hd__nand3_1 (0) disconnected node: VPWR
Cell sky130_fd_sc_hd__nand3_1 (0) disconnected node: Y
Warning: Equate pins:  cell sky130_fd_sc_hd__nand3_1 is a placeholder, treated as a black box.

Subcircuit pins:
Circuit 1: sky130_fd_sc_hd__nand3_1        |Circuit 2: sky130_fd_sc_hd__nand3_1        
-------------------------------------------|-------------------------------------------
A                                          |A                                          
B                                          |B                                          
C                                          |C                                          
VGND                                       |VGND                                       
VNB                                        |VNB                                        
VPB                                        |VPB                                        
VPWR                                       |VPWR                                       
Y                                          |Y                                          
---------------------------------------------------------------------------------------
Cell pin lists are equivalent.
Device classes sky130_fd_sc_hd__nand3_1 and sky130_fd_sc_hd__nand3_1 are equivalent.

Cell sky130_fd_sc_hd__o41ai_1 (0) disconnected node: A1
Cell sky130_fd_sc_hd__o41ai_1 (0) disconnected node: A2
Cell sky130_fd_sc_hd__o41ai_1 (0) disconnected node: A3
Cell sky130_fd_sc_hd__o41ai_1 (0) disconnected node: A4
Cell sky130_fd_sc_hd__o41ai_1 (0) disconnected node: B1
Cell sky130_fd_sc_hd__o41ai_1 (0) disconnected node: VGND
Cell sky130_fd_sc_hd__o41ai_1 (0) disconnected node: VNB
Cell sky130_fd_sc_hd__o41ai_1 (0) disconnected node: VPB
Cell sky130_fd_sc_hd__o41ai_1 (0) disconnected node: VPWR
Cell sky130_fd_sc_hd__o41ai_1 (0) disconnected node: Y
Warning: Equate pins:  cell sky130_fd_sc_hd__o41ai_1 is a placeholder, treated as a black box.

Subcircuit pins:
Circuit 1: sky130_fd_sc_hd__o41ai_1        |Circuit 2: sky130_fd_sc_hd__o41ai_1        
-------------------------------------------|-------------------------------------------
A1                                         |A1                                         
A2                                         |A2                                         
A3                                         |A3                                         
A4                                         |A4                                         
B1                                         |B1                                         
VGND                                       |VGND                                       
VNB                                        |VNB                                        
VPB                                        |VPB                                        
VPWR                                       |VPWR                                       
Y                                          |Y                                          
---------------------------------------------------------------------------------------
Cell pin lists are equivalent.
Device classes sky130_fd_sc_hd__o41ai_1 and sky130_fd_sc_hd__o41ai_1 are equivalent.

Cell sky130_fd_sc_hd__nor3_1 (0) disconnected node: A
Cell sky130_fd_sc_hd__nor3_1 (0) disconnected node: B
Cell sky130_fd_sc_hd__nor3_1 (0) disconnected node: C
Cell sky130_fd_sc_hd__nor3_1 (0) disconnected node: VGND
Cell sky130_fd_sc_hd__nor3_1 (0) disconnected node: VNB
Cell sky130_fd_sc_hd__nor3_1 (0) disconnected node: VPB
Cell sky130_fd_sc_hd__nor3_1 (0) disconnected node: VPWR
Cell sky130_fd_sc_hd__nor3_1 (0) disconnected node: Y
Warning: Equate pins:  cell sky130_fd_sc_hd__nor3_1 is a placeholder, treated as a black box.

Subcircuit pins:
Circuit 1: sky130_fd_sc_hd__nor3_1         |Circuit 2: sky130_fd_sc_hd__nor3_1         
-------------------------------------------|-------------------------------------------
A                                          |A                                          
B                                          |B                                          
C                                          |C                                          
VGND                                       |VGND                                       
VNB                                        |VNB                                        
VPB                                        |VPB                                        
VPWR                                       |VPWR                                       
Y                                          |Y                                          
---------------------------------------------------------------------------------------
Cell pin lists are equivalent.
Device classes sky130_fd_sc_hd__nor3_1 and sky130_fd_sc_hd__nor3_1 are equivalent.

Cell sky130_fd_sc_hd__clkbuf_4 (0) disconnected node: A
Cell sky130_fd_sc_hd__clkbuf_4 (0) disconnected node: VGND
Cell sky130_fd_sc_hd__clkbuf_4 (0) disconnected node: VNB
Cell sky130_fd_sc_hd__clkbuf_4 (0) disconnected node: VPB
Cell sky130_fd_sc_hd__clkbuf_4 (0) disconnected node: VPWR
Cell sky130_fd_sc_hd__clkbuf_4 (0) disconnected node: X
Warning: Equate pins:  cell sky130_fd_sc_hd__clkbuf_4 is a placeholder, treated as a black box.

Subcircuit pins:
Circuit 1: sky130_fd_sc_hd__clkbuf_4       |Circuit 2: sky130_fd_sc_hd__clkbuf_4       
-------------------------------------------|-------------------------------------------
A                                          |A                                          
VGND                                       |VGND                                       
VNB                                        |VNB                                        
VPB                                        |VPB                                        
VPWR                                       |VPWR                                       
X                                          |X                                          
---------------------------------------------------------------------------------------
Cell pin lists are equivalent.
Device classes sky130_fd_sc_hd__clkbuf_4 and sky130_fd_sc_hd__clkbuf_4 are equivalent.

Cell sky130_fd_sc_hd__o22ai_1 (0) disconnected node: A1
Cell sky130_fd_sc_hd__o22ai_1 (0) disconnected node: A2
Cell sky130_fd_sc_hd__o22ai_1 (0) disconnected node: B1
Cell sky130_fd_sc_hd__o22ai_1 (0) disconnected node: B2
Cell sky130_fd_sc_hd__o22ai_1 (0) disconnected node: VGND
Cell sky130_fd_sc_hd__o22ai_1 (0) disconnected node: VNB
Cell sky130_fd_sc_hd__o22ai_1 (0) disconnected node: VPB
Cell sky130_fd_sc_hd__o22ai_1 (0) disconnected node: VPWR
Cell sky130_fd_sc_hd__o22ai_1 (0) disconnected node: Y
Warning: Equate pins:  cell sky130_fd_sc_hd__o22ai_1 is a placeholder, treated as a black box.

Subcircuit pins:
Circuit 1: sky130_fd_sc_hd__o22ai_1        |Circuit 2: sky130_fd_sc_hd__o22ai_1        
-------------------------------------------|-------------------------------------------
A1                                         |A1                                         
A2                                         |A2                                         
B1                                         |B1                                         
B2                                         |B2                                         
VGND                                       |VGND                                       
VNB                                        |VNB                                        
VPB                                        |VPB                                        
VPWR                                       |VPWR                                       
Y                                          |Y                                          
---------------------------------------------------------------------------------------
Cell pin lists are equivalent.
Device classes sky130_fd_sc_hd__o22ai_1 and sky130_fd_sc_hd__o22ai_1 are equivalent.

Cell sky130_fd_sc_hd__buf_4 (0) disconnected node: A
Cell sky130_fd_sc_hd__buf_4 (0) disconnected node: VGND
Cell sky130_fd_sc_hd__buf_4 (0) disconnected node: VNB
Cell sky130_fd_sc_hd__buf_4 (0) disconnected node: VPB
Cell sky130_fd_sc_hd__buf_4 (0) disconnected node: VPWR
Cell sky130_fd_sc_hd__buf_4 (0) disconnected node: X
Warning: Equate pins:  cell sky130_fd_sc_hd__buf_4 is a placeholder, treated as a black box.

Subcircuit pins:
Circuit 1: sky130_fd_sc_hd__buf_4          |Circuit 2: sky130_fd_sc_hd__buf_4          
-------------------------------------------|-------------------------------------------
A                                          |A                                          
VGND                                       |VGND                                       
VNB                                        |VNB                                        
VPB                                        |VPB                                        
VPWR                                       |VPWR                                       
X                                          |X                                          
---------------------------------------------------------------------------------------
Cell pin lists are equivalent.
Device classes sky130_fd_sc_hd__buf_4 and sky130_fd_sc_hd__buf_4 are equivalent.

Cell sky130_fd_sc_hd__buf_16 (0) disconnected node: A
Cell sky130_fd_sc_hd__buf_16 (0) disconnected node: VGND
Cell sky130_fd_sc_hd__buf_16 (0) disconnected node: VNB
Cell sky130_fd_sc_hd__buf_16 (0) disconnected node: VPB
Cell sky130_fd_sc_hd__buf_16 (0) disconnected node: VPWR
Cell sky130_fd_sc_hd__buf_16 (0) disconnected node: X
Warning: Equate pins:  cell sky130_fd_sc_hd__buf_16 is a placeholder, treated as a black box.

Subcircuit pins:
Circuit 1: sky130_fd_sc_hd__buf_16         |Circuit 2: sky130_fd_sc_hd__buf_16         
-------------------------------------------|-------------------------------------------
A                                          |A                                          
VGND                                       |VGND                                       
VNB                                        |VNB                                        
VPB                                        |VPB                                        
VPWR                                       |VPWR                                       
X                                          |X                                          
---------------------------------------------------------------------------------------
Cell pin lists are equivalent.
Device classes sky130_fd_sc_hd__buf_16 and sky130_fd_sc_hd__buf_16 are equivalent.

Cell sky130_fd_sc_hd__buf_12 (0) disconnected node: A
Cell sky130_fd_sc_hd__buf_12 (0) disconnected node: VGND
Cell sky130_fd_sc_hd__buf_12 (0) disconnected node: VNB
Cell sky130_fd_sc_hd__buf_12 (0) disconnected node: VPB
Cell sky130_fd_sc_hd__buf_12 (0) disconnected node: VPWR
Cell sky130_fd_sc_hd__buf_12 (0) disconnected node: X
Warning: Equate pins:  cell sky130_fd_sc_hd__buf_12 is a placeholder, treated as a black box.

Subcircuit pins:
Circuit 1: sky130_fd_sc_hd__buf_12         |Circuit 2: sky130_fd_sc_hd__buf_12         
-------------------------------------------|-------------------------------------------
A                                          |A                                          
VGND                                       |VGND                                       
VNB                                        |VNB                                        
VPB                                        |VPB                                        
VPWR                                       |VPWR                                       
X                                          |X                                          
---------------------------------------------------------------------------------------
Cell pin lists are equivalent.
Device classes sky130_fd_sc_hd__buf_12 and sky130_fd_sc_hd__buf_12 are equivalent.

Cell sky130_fd_sc_hd__buf_6 (0) disconnected node: A
Cell sky130_fd_sc_hd__buf_6 (0) disconnected node: VGND
Cell sky130_fd_sc_hd__buf_6 (0) disconnected node: VNB
Cell sky130_fd_sc_hd__buf_6 (0) disconnected node: VPB
Cell sky130_fd_sc_hd__buf_6 (0) disconnected node: VPWR
Cell sky130_fd_sc_hd__buf_6 (0) disconnected node: X
Warning: Equate pins:  cell sky130_fd_sc_hd__buf_6 is a placeholder, treated as a black box.

Subcircuit pins:
Circuit 1: sky130_fd_sc_hd__buf_6          |Circuit 2: sky130_fd_sc_hd__buf_6          
-------------------------------------------|-------------------------------------------
A                                          |A                                          
VGND                                       |VGND                                       
VNB                                        |VNB                                        
VPB                                        |VPB                                        
VPWR                                       |VPWR                                       
X                                          |X                                          
---------------------------------------------------------------------------------------
Cell pin lists are equivalent.
Device classes sky130_fd_sc_hd__buf_6 and sky130_fd_sc_hd__buf_6 are equivalent.

Cell sky130_fd_sc_hd__buf_8 (0) disconnected node: A
Cell sky130_fd_sc_hd__buf_8 (0) disconnected node: VGND
Cell sky130_fd_sc_hd__buf_8 (0) disconnected node: VNB
Cell sky130_fd_sc_hd__buf_8 (0) disconnected node: VPB
Cell sky130_fd_sc_hd__buf_8 (0) disconnected node: VPWR
Cell sky130_fd_sc_hd__buf_8 (0) disconnected node: X
Warning: Equate pins:  cell sky130_fd_sc_hd__buf_8 is a placeholder, treated as a black box.

Subcircuit pins:
Circuit 1: sky130_fd_sc_hd__buf_8          |Circuit 2: sky130_fd_sc_hd__buf_8          
-------------------------------------------|-------------------------------------------
A                                          |A                                          
VGND                                       |VGND                                       
VNB                                        |VNB                                        
VPB                                        |VPB                                        
VPWR                                       |VPWR                                       
X                                          |X                                          
---------------------------------------------------------------------------------------
Cell pin lists are equivalent.
Device classes sky130_fd_sc_hd__buf_8 and sky130_fd_sc_hd__buf_8 are equivalent.

Cell sky130_fd_sc_hd__lpflow_inputiso1p_1 (0) disconnected node: A
Cell sky130_fd_sc_hd__lpflow_inputiso1p_1 (0) disconnected node: SLEEP
Cell sky130_fd_sc_hd__lpflow_inputiso1p_1 (0) disconnected node: VGND
Cell sky130_fd_sc_hd__lpflow_inputiso1p_1 (0) disconnected node: VNB
Cell sky130_fd_sc_hd__lpflow_inputiso1p_1 (0) disconnected node: VPB
Cell sky130_fd_sc_hd__lpflow_inputiso1p_1 (0) disconnected node: VPWR
Cell sky130_fd_sc_hd__lpflow_inputiso1p_1 (0) disconnected node: X
Warning: Equate pins:  cell sky130_fd_sc_hd__lpflow_inputiso1p_1 is a placeholder, treated as a black box.

Subcircuit pins:
Circuit 1: sky130_fd_sc_hd__lpflow_inputis |Circuit 2: sky130_fd_sc_hd__lpflow_inputis 
-------------------------------------------|-------------------------------------------
A                                          |A                                          
SLEEP                                      |SLEEP                                      
VGND                                       |VGND                                       
VNB                                        |VNB                                        
VPB                                        |VPB                                        
VPWR                                       |VPWR                                       
X                                          |X                                          
---------------------------------------------------------------------------------------
Cell pin lists are equivalent.
Device classes sky130_fd_sc_hd__lpflow_inputiso1p_1 and sky130_fd_sc_hd__lpflow_inputiso1p_1 are equivalent.

Cell sky130_fd_sc_hd__nor2_2 (0) disconnected node: A
Cell sky130_fd_sc_hd__nor2_2 (0) disconnected node: B
Cell sky130_fd_sc_hd__nor2_2 (0) disconnected node: VGND
Cell sky130_fd_sc_hd__nor2_2 (0) disconnected node: VNB
Cell sky130_fd_sc_hd__nor2_2 (0) disconnected node: VPB
Cell sky130_fd_sc_hd__nor2_2 (0) disconnected node: VPWR
Cell sky130_fd_sc_hd__nor2_2 (0) disconnected node: Y
Warning: Equate pins:  cell sky130_fd_sc_hd__nor2_2 is a placeholder, treated as a black box.

Subcircuit pins:
Circuit 1: sky130_fd_sc_hd__nor2_2         |Circuit 2: sky130_fd_sc_hd__nor2_2         
-------------------------------------------|-------------------------------------------
A                                          |A                                          
B                                          |B                                          
VGND                                       |VGND                                       
VNB                                        |VNB                                        
VPB                                        |VPB                                        
VPWR                                       |VPWR                                       
Y                                          |Y                                          
---------------------------------------------------------------------------------------
Cell pin lists are equivalent.
Device classes sky130_fd_sc_hd__nor2_2 and sky130_fd_sc_hd__nor2_2 are equivalent.

Cell sky130_fd_sc_hd__and2_4 (0) disconnected node: A
Cell sky130_fd_sc_hd__and2_4 (0) disconnected node: B
Cell sky130_fd_sc_hd__and2_4 (0) disconnected node: VGND
Cell sky130_fd_sc_hd__and2_4 (0) disconnected node: VNB
Cell sky130_fd_sc_hd__and2_4 (0) disconnected node: VPB
Cell sky130_fd_sc_hd__and2_4 (0) disconnected node: VPWR
Cell sky130_fd_sc_hd__and2_4 (0) disconnected node: X
Warning: Equate pins:  cell sky130_fd_sc_hd__and2_4 is a placeholder, treated as a black box.

Subcircuit pins:
Circuit 1: sky130_fd_sc_hd__and2_4         |Circuit 2: sky130_fd_sc_hd__and2_4         
-------------------------------------------|-------------------------------------------
A                                          |A                                          
B                                          |B                                          
VGND                                       |VGND                                       
VNB                                        |VNB                                        
VPB                                        |VPB                                        
VPWR                                       |VPWR                                       
X                                          |X                                          
---------------------------------------------------------------------------------------
Cell pin lists are equivalent.
Device classes sky130_fd_sc_hd__and2_4 and sky130_fd_sc_hd__and2_4 are equivalent.

Cell sky130_fd_sc_hd__diode_2 (0) disconnected node: DIODE
Cell sky130_fd_sc_hd__diode_2 (0) disconnected node: VGND
Cell sky130_fd_sc_hd__diode_2 (0) disconnected node: VNB
Cell sky130_fd_sc_hd__diode_2 (0) disconnected node: VPB
Cell sky130_fd_sc_hd__diode_2 (0) disconnected node: VPWR
Warning: Equate pins:  cell sky130_fd_sc_hd__diode_2 is a placeholder, treated as a black box.

Subcircuit pins:
Circuit 1: sky130_fd_sc_hd__diode_2        |Circuit 2: sky130_fd_sc_hd__diode_2        
-------------------------------------------|-------------------------------------------
DIODE                                      |DIODE                                      
VGND                                       |VGND                                       
VNB                                        |VNB                                        
VPB                                        |VPB                                        
VPWR                                       |VPWR                                       
---------------------------------------------------------------------------------------
Cell pin lists are equivalent.
Device classes sky130_fd_sc_hd__diode_2 and sky130_fd_sc_hd__diode_2 are equivalent.

Cell sky130_fd_sc_hd__a21oi_2 (0) disconnected node: A1
Cell sky130_fd_sc_hd__a21oi_2 (0) disconnected node: A2
Cell sky130_fd_sc_hd__a21oi_2 (0) disconnected node: B1
Cell sky130_fd_sc_hd__a21oi_2 (0) disconnected node: VGND
Cell sky130_fd_sc_hd__a21oi_2 (0) disconnected node: VNB
Cell sky130_fd_sc_hd__a21oi_2 (0) disconnected node: VPB
Cell sky130_fd_sc_hd__a21oi_2 (0) disconnected node: VPWR
Cell sky130_fd_sc_hd__a21oi_2 (0) disconnected node: Y
Warning: Equate pins:  cell sky130_fd_sc_hd__a21oi_2 is a placeholder, treated as a black box.

Subcircuit pins:
Circuit 1: sky130_fd_sc_hd__a21oi_2        |Circuit 2: sky130_fd_sc_hd__a21oi_2        
-------------------------------------------|-------------------------------------------
A1                                         |A1                                         
A2                                         |A2                                         
B1                                         |B1                                         
VGND                                       |VGND                                       
VNB                                        |VNB                                        
VPB                                        |VPB                                        
VPWR                                       |VPWR                                       
Y                                          |Y                                          
---------------------------------------------------------------------------------------
Cell pin lists are equivalent.
Device classes sky130_fd_sc_hd__a21oi_2 and sky130_fd_sc_hd__a21oi_2 are equivalent.

Cell sky130_fd_sc_hd__o21bai_1 (0) disconnected node: A1
Cell sky130_fd_sc_hd__o21bai_1 (0) disconnected node: A2
Cell sky130_fd_sc_hd__o21bai_1 (0) disconnected node: B1_N
Cell sky130_fd_sc_hd__o21bai_1 (0) disconnected node: VGND
Cell sky130_fd_sc_hd__o21bai_1 (0) disconnected node: VNB
Cell sky130_fd_sc_hd__o21bai_1 (0) disconnected node: VPB
Cell sky130_fd_sc_hd__o21bai_1 (0) disconnected node: VPWR
Cell sky130_fd_sc_hd__o21bai_1 (0) disconnected node: Y
Warning: Equate pins:  cell sky130_fd_sc_hd__o21bai_1 is a placeholder, treated as a black box.

Subcircuit pins:
Circuit 1: sky130_fd_sc_hd__o21bai_1       |Circuit 2: sky130_fd_sc_hd__o21bai_1       
-------------------------------------------|-------------------------------------------
A1                                         |A1                                         
A2                                         |A2                                         
B1_N                                       |B1_N                                       
VGND                                       |VGND                                       
VNB                                        |VNB                                        
VPB                                        |VPB                                        
VPWR                                       |VPWR                                       
Y                                          |Y                                          
---------------------------------------------------------------------------------------
Cell pin lists are equivalent.
Device classes sky130_fd_sc_hd__o21bai_1 and sky130_fd_sc_hd__o21bai_1 are equivalent.

Cell sky130_fd_sc_hd__o31ai_1 (0) disconnected node: A1
Cell sky130_fd_sc_hd__o31ai_1 (0) disconnected node: A2
Cell sky130_fd_sc_hd__o31ai_1 (0) disconnected node: A3
Cell sky130_fd_sc_hd__o31ai_1 (0) disconnected node: B1
Cell sky130_fd_sc_hd__o31ai_1 (0) disconnected node: VGND
Cell sky130_fd_sc_hd__o31ai_1 (0) disconnected node: VNB
Cell sky130_fd_sc_hd__o31ai_1 (0) disconnected node: VPB
Cell sky130_fd_sc_hd__o31ai_1 (0) disconnected node: VPWR
Cell sky130_fd_sc_hd__o31ai_1 (0) disconnected node: Y
Warning: Equate pins:  cell sky130_fd_sc_hd__o31ai_1 is a placeholder, treated as a black box.

Subcircuit pins:
Circuit 1: sky130_fd_sc_hd__o31ai_1        |Circuit 2: sky130_fd_sc_hd__o31ai_1        
-------------------------------------------|-------------------------------------------
A1                                         |A1                                         
A2                                         |A2                                         
A3                                         |A3                                         
B1                                         |B1                                         
VGND                                       |VGND                                       
VNB                                        |VNB                                        
VPB                                        |VPB                                        
VPWR                                       |VPWR                                       
Y                                          |Y                                          
---------------------------------------------------------------------------------------
Cell pin lists are equivalent.
Device classes sky130_fd_sc_hd__o31ai_1 and sky130_fd_sc_hd__o31ai_1 are equivalent.

Cell sky130_fd_sc_hd__and2_2 (0) disconnected node: A
Cell sky130_fd_sc_hd__and2_2 (0) disconnected node: B
Cell sky130_fd_sc_hd__and2_2 (0) disconnected node: VGND
Cell sky130_fd_sc_hd__and2_2 (0) disconnected node: VNB
Cell sky130_fd_sc_hd__and2_2 (0) disconnected node: VPB
Cell sky130_fd_sc_hd__and2_2 (0) disconnected node: VPWR
Cell sky130_fd_sc_hd__and2_2 (0) disconnected node: X
Warning: Equate pins:  cell sky130_fd_sc_hd__and2_2 is a placeholder, treated as a black box.

Subcircuit pins:
Circuit 1: sky130_fd_sc_hd__and2_2         |Circuit 2: sky130_fd_sc_hd__and2_2         
-------------------------------------------|-------------------------------------------
A                                          |A                                          
B                                          |B                                          
VGND                                       |VGND                                       
VNB                                        |VNB                                        
VPB                                        |VPB                                        
VPWR                                       |VPWR                                       
X                                          |X                                          
---------------------------------------------------------------------------------------
Cell pin lists are equivalent.
Device classes sky130_fd_sc_hd__and2_2 and sky130_fd_sc_hd__and2_2 are equivalent.

Cell sky130_fd_sc_hd__o311ai_0 (0) disconnected node: A1
Cell sky130_fd_sc_hd__o311ai_0 (0) disconnected node: A2
Cell sky130_fd_sc_hd__o311ai_0 (0) disconnected node: A3
Cell sky130_fd_sc_hd__o311ai_0 (0) disconnected node: B1
Cell sky130_fd_sc_hd__o311ai_0 (0) disconnected node: C1
Cell sky130_fd_sc_hd__o311ai_0 (0) disconnected node: VGND
Cell sky130_fd_sc_hd__o311ai_0 (0) disconnected node: VNB
Cell sky130_fd_sc_hd__o311ai_0 (0) disconnected node: VPB
Cell sky130_fd_sc_hd__o311ai_0 (0) disconnected node: VPWR
Cell sky130_fd_sc_hd__o311ai_0 (0) disconnected node: Y
Warning: Equate pins:  cell sky130_fd_sc_hd__o311ai_0 is a placeholder, treated as a black box.

Subcircuit pins:
Circuit 1: sky130_fd_sc_hd__o311ai_0       |Circuit 2: sky130_fd_sc_hd__o311ai_0       
-------------------------------------------|-------------------------------------------
A1                                         |A1                                         
A2                                         |A2                                         
A3                                         |A3                                         
B1                                         |B1                                         
C1                                         |C1                                         
VGND                                       |VGND                                       
VNB                                        |VNB                                        
VPB                                        |VPB                                        
VPWR                                       |VPWR                                       
Y                                          |Y                                          
---------------------------------------------------------------------------------------
Cell pin lists are equivalent.
Device classes sky130_fd_sc_hd__o311ai_0 and sky130_fd_sc_hd__o311ai_0 are equivalent.

Cell sky130_fd_sc_hd__bufinv_16 (0) disconnected node: A
Cell sky130_fd_sc_hd__bufinv_16 (0) disconnected node: VGND
Cell sky130_fd_sc_hd__bufinv_16 (0) disconnected node: VNB
Cell sky130_fd_sc_hd__bufinv_16 (0) disconnected node: VPB
Cell sky130_fd_sc_hd__bufinv_16 (0) disconnected node: VPWR
Cell sky130_fd_sc_hd__bufinv_16 (0) disconnected node: Y
Warning: Equate pins:  cell sky130_fd_sc_hd__bufinv_16 is a placeholder, treated as a black box.

Subcircuit pins:
Circuit 1: sky130_fd_sc_hd__bufinv_16      |Circuit 2: sky130_fd_sc_hd__bufinv_16      
-------------------------------------------|-------------------------------------------
A                                          |A                                          
VGND                                       |VGND                                       
VNB                                        |VNB                                        
VPB                                        |VPB                                        
VPWR                                       |VPWR                                       
Y                                          |(no matching pin)                          
---------------------------------------------------------------------------------------
Cell pin lists are equivalent.
Device classes sky130_fd_sc_hd__bufinv_16 and sky130_fd_sc_hd__bufinv_16 are equivalent.

Cell sky130_fd_sc_hd__or4_1 (0) disconnected node: A
Cell sky130_fd_sc_hd__or4_1 (0) disconnected node: B
Cell sky130_fd_sc_hd__or4_1 (0) disconnected node: C
Cell sky130_fd_sc_hd__or4_1 (0) disconnected node: D
Cell sky130_fd_sc_hd__or4_1 (0) disconnected node: VGND
Cell sky130_fd_sc_hd__or4_1 (0) disconnected node: VNB
Cell sky130_fd_sc_hd__or4_1 (0) disconnected node: VPB
Cell sky130_fd_sc_hd__or4_1 (0) disconnected node: VPWR
Cell sky130_fd_sc_hd__or4_1 (0) disconnected node: X
Warning: Equate pins:  cell sky130_fd_sc_hd__or4_1 is a placeholder, treated as a black box.

Subcircuit pins:
Circuit 1: sky130_fd_sc_hd__or4_1          |Circuit 2: sky130_fd_sc_hd__or4_1          
-------------------------------------------|-------------------------------------------
A                                          |A                                          
B                                          |B                                          
C                                          |C                                          
D                                          |D                                          
VGND                                       |VGND                                       
VNB                                        |VNB                                        
VPB                                        |VPB                                        
VPWR                                       |VPWR                                       
X                                          |X                                          
---------------------------------------------------------------------------------------
Cell pin lists are equivalent.
Device classes sky130_fd_sc_hd__or4_1 and sky130_fd_sc_hd__or4_1 are equivalent.

Cell sky130_fd_sc_hd__and4_1 (0) disconnected node: A
Cell sky130_fd_sc_hd__and4_1 (0) disconnected node: B
Cell sky130_fd_sc_hd__and4_1 (0) disconnected node: C
Cell sky130_fd_sc_hd__and4_1 (0) disconnected node: D
Cell sky130_fd_sc_hd__and4_1 (0) disconnected node: VGND
Cell sky130_fd_sc_hd__and4_1 (0) disconnected node: VNB
Cell sky130_fd_sc_hd__and4_1 (0) disconnected node: VPB
Cell sky130_fd_sc_hd__and4_1 (0) disconnected node: VPWR
Cell sky130_fd_sc_hd__and4_1 (0) disconnected node: X
Warning: Equate pins:  cell sky130_fd_sc_hd__and4_1 is a placeholder, treated as a black box.

Subcircuit pins:
Circuit 1: sky130_fd_sc_hd__and4_1         |Circuit 2: sky130_fd_sc_hd__and4_1         
-------------------------------------------|-------------------------------------------
A                                          |A                                          
B                                          |B                                          
C                                          |C                                          
D                                          |D                                          
VGND                                       |VGND                                       
VNB                                        |VNB                                        
VPB                                        |VPB                                        
VPWR                                       |VPWR                                       
X                                          |X                                          
---------------------------------------------------------------------------------------
Cell pin lists are equivalent.
Device classes sky130_fd_sc_hd__and4_1 and sky130_fd_sc_hd__and4_1 are equivalent.

Cell sky130_fd_sc_hd__o31a_1 (0) disconnected node: A1
Cell sky130_fd_sc_hd__o31a_1 (0) disconnected node: A2
Cell sky130_fd_sc_hd__o31a_1 (0) disconnected node: A3
Cell sky130_fd_sc_hd__o31a_1 (0) disconnected node: B1
Cell sky130_fd_sc_hd__o31a_1 (0) disconnected node: VGND
Cell sky130_fd_sc_hd__o31a_1 (0) disconnected node: VNB
Cell sky130_fd_sc_hd__o31a_1 (0) disconnected node: VPB
Cell sky130_fd_sc_hd__o31a_1 (0) disconnected node: VPWR
Cell sky130_fd_sc_hd__o31a_1 (0) disconnected node: X
Warning: Equate pins:  cell sky130_fd_sc_hd__o31a_1 is a placeholder, treated as a black box.

Subcircuit pins:
Circuit 1: sky130_fd_sc_hd__o31a_1         |Circuit 2: sky130_fd_sc_hd__o31a_1         
-------------------------------------------|-------------------------------------------
A1                                         |A1                                         
A2                                         |A2                                         
A3                                         |A3                                         
B1                                         |B1                                         
VGND                                       |VGND                                       
VNB                                        |VNB                                        
VPB                                        |VPB                                        
VPWR                                       |VPWR                                       
X                                          |X                                          
---------------------------------------------------------------------------------------
Cell pin lists are equivalent.
Device classes sky130_fd_sc_hd__o31a_1 and sky130_fd_sc_hd__o31a_1 are equivalent.

Cell sky130_fd_sc_hd__o221ai_1 (0) disconnected node: A1
Cell sky130_fd_sc_hd__o221ai_1 (0) disconnected node: A2
Cell sky130_fd_sc_hd__o221ai_1 (0) disconnected node: B1
Cell sky130_fd_sc_hd__o221ai_1 (0) disconnected node: B2
Cell sky130_fd_sc_hd__o221ai_1 (0) disconnected node: C1
Cell sky130_fd_sc_hd__o221ai_1 (0) disconnected node: VGND
Cell sky130_fd_sc_hd__o221ai_1 (0) disconnected node: VNB
Cell sky130_fd_sc_hd__o221ai_1 (0) disconnected node: VPB
Cell sky130_fd_sc_hd__o221ai_1 (0) disconnected node: VPWR
Cell sky130_fd_sc_hd__o221ai_1 (0) disconnected node: Y
Warning: Equate pins:  cell sky130_fd_sc_hd__o221ai_1 is a placeholder, treated as a black box.

Subcircuit pins:
Circuit 1: sky130_fd_sc_hd__o221ai_1       |Circuit 2: sky130_fd_sc_hd__o221ai_1       
-------------------------------------------|-------------------------------------------
A1                                         |A1                                         
A2                                         |A2                                         
B1                                         |B1                                         
B2                                         |B2                                         
C1                                         |C1                                         
VGND                                       |VGND                                       
VNB                                        |VNB                                        
VPB                                        |VPB                                        
VPWR                                       |VPWR                                       
Y                                          |Y                                          
---------------------------------------------------------------------------------------
Cell pin lists are equivalent.
Device classes sky130_fd_sc_hd__o221ai_1 and sky130_fd_sc_hd__o221ai_1 are equivalent.

Cell sky130_fd_sc_hd__nor2_4 (0) disconnected node: A
Cell sky130_fd_sc_hd__nor2_4 (0) disconnected node: B
Cell sky130_fd_sc_hd__nor2_4 (0) disconnected node: VGND
Cell sky130_fd_sc_hd__nor2_4 (0) disconnected node: VNB
Cell sky130_fd_sc_hd__nor2_4 (0) disconnected node: VPB
Cell sky130_fd_sc_hd__nor2_4 (0) disconnected node: VPWR
Cell sky130_fd_sc_hd__nor2_4 (0) disconnected node: Y
Warning: Equate pins:  cell sky130_fd_sc_hd__nor2_4 is a placeholder, treated as a black box.

Subcircuit pins:
Circuit 1: sky130_fd_sc_hd__nor2_4         |Circuit 2: sky130_fd_sc_hd__nor2_4         
-------------------------------------------|-------------------------------------------
A                                          |A                                          
B                                          |B                                          
VGND                                       |VGND                                       
VNB                                        |VNB                                        
VPB                                        |VPB                                        
VPWR                                       |VPWR                                       
Y                                          |Y                                          
---------------------------------------------------------------------------------------
Cell pin lists are equivalent.
Device classes sky130_fd_sc_hd__nor2_4 and sky130_fd_sc_hd__nor2_4 are equivalent.

Cell sky130_fd_sc_hd__a22o_1 (0) disconnected node: A1
Cell sky130_fd_sc_hd__a22o_1 (0) disconnected node: A2
Cell sky130_fd_sc_hd__a22o_1 (0) disconnected node: B1
Cell sky130_fd_sc_hd__a22o_1 (0) disconnected node: B2
Cell sky130_fd_sc_hd__a22o_1 (0) disconnected node: VGND
Cell sky130_fd_sc_hd__a22o_1 (0) disconnected node: VNB
Cell sky130_fd_sc_hd__a22o_1 (0) disconnected node: VPB
Cell sky130_fd_sc_hd__a22o_1 (0) disconnected node: VPWR
Cell sky130_fd_sc_hd__a22o_1 (0) disconnected node: X
Warning: Equate pins:  cell sky130_fd_sc_hd__a22o_1 is a placeholder, treated as a black box.

Subcircuit pins:
Circuit 1: sky130_fd_sc_hd__a22o_1         |Circuit 2: sky130_fd_sc_hd__a22o_1         
-------------------------------------------|-------------------------------------------
A1                                         |A1                                         
A2                                         |A2                                         
B1                                         |B1                                         
B2                                         |B2                                         
VGND                                       |VGND                                       
VNB                                        |VNB                                        
VPB                                        |VPB                                        
VPWR                                       |VPWR                                       
X                                          |X                                          
---------------------------------------------------------------------------------------
Cell pin lists are equivalent.
Device classes sky130_fd_sc_hd__a22o_1 and sky130_fd_sc_hd__a22o_1 are equivalent.

Cell sky130_fd_sc_hd__mux2i_1 (0) disconnected node: A0
Cell sky130_fd_sc_hd__mux2i_1 (0) disconnected node: A1
Cell sky130_fd_sc_hd__mux2i_1 (0) disconnected node: S
Cell sky130_fd_sc_hd__mux2i_1 (0) disconnected node: VGND
Cell sky130_fd_sc_hd__mux2i_1 (0) disconnected node: VNB
Cell sky130_fd_sc_hd__mux2i_1 (0) disconnected node: VPB
Cell sky130_fd_sc_hd__mux2i_1 (0) disconnected node: VPWR
Cell sky130_fd_sc_hd__mux2i_1 (0) disconnected node: Y
Warning: Equate pins:  cell sky130_fd_sc_hd__mux2i_1 is a placeholder, treated as a black box.

Subcircuit pins:
Circuit 1: sky130_fd_sc_hd__mux2i_1        |Circuit 2: sky130_fd_sc_hd__mux2i_1        
-------------------------------------------|-------------------------------------------
A0                                         |A0                                         
A1                                         |A1                                         
S                                          |S                                          
VGND                                       |VGND                                       
VNB                                        |VNB                                        
VPB                                        |VPB                                        
VPWR                                       |VPWR                                       
Y                                          |Y                                          
---------------------------------------------------------------------------------------
Cell pin lists are equivalent.
Device classes sky130_fd_sc_hd__mux2i_1 and sky130_fd_sc_hd__mux2i_1 are equivalent.

Cell sky130_fd_sc_hd__a21o_1 (0) disconnected node: A1
Cell sky130_fd_sc_hd__a21o_1 (0) disconnected node: A2
Cell sky130_fd_sc_hd__a21o_1 (0) disconnected node: B1
Cell sky130_fd_sc_hd__a21o_1 (0) disconnected node: VGND
Cell sky130_fd_sc_hd__a21o_1 (0) disconnected node: VNB
Cell sky130_fd_sc_hd__a21o_1 (0) disconnected node: VPB
Cell sky130_fd_sc_hd__a21o_1 (0) disconnected node: VPWR
Cell sky130_fd_sc_hd__a21o_1 (0) disconnected node: X
Warning: Equate pins:  cell sky130_fd_sc_hd__a21o_1 is a placeholder, treated as a black box.

Subcircuit pins:
Circuit 1: sky130_fd_sc_hd__a21o_1         |Circuit 2: sky130_fd_sc_hd__a21o_1         
-------------------------------------------|-------------------------------------------
A1                                         |A1                                         
A2                                         |A2                                         
B1                                         |B1                                         
VGND                                       |VGND                                       
VNB                                        |VNB                                        
VPB                                        |VPB                                        
VPWR                                       |VPWR                                       
X                                          |X                                          
---------------------------------------------------------------------------------------
Cell pin lists are equivalent.
Device classes sky130_fd_sc_hd__a21o_1 and sky130_fd_sc_hd__a21o_1 are equivalent.

Cell sky130_fd_sc_hd__and3_2 (0) disconnected node: A
Cell sky130_fd_sc_hd__and3_2 (0) disconnected node: B
Cell sky130_fd_sc_hd__and3_2 (0) disconnected node: C
Cell sky130_fd_sc_hd__and3_2 (0) disconnected node: VGND
Cell sky130_fd_sc_hd__and3_2 (0) disconnected node: VNB
Cell sky130_fd_sc_hd__and3_2 (0) disconnected node: VPB
Cell sky130_fd_sc_hd__and3_2 (0) disconnected node: VPWR
Cell sky130_fd_sc_hd__and3_2 (0) disconnected node: X
Warning: Equate pins:  cell sky130_fd_sc_hd__and3_2 is a placeholder, treated as a black box.

Subcircuit pins:
Circuit 1: sky130_fd_sc_hd__and3_2         |Circuit 2: sky130_fd_sc_hd__and3_2         
-------------------------------------------|-------------------------------------------
A                                          |A                                          
B                                          |B                                          
C                                          |C                                          
VGND                                       |VGND                                       
VNB                                        |VNB                                        
VPB                                        |VPB                                        
VPWR                                       |VPWR                                       
X                                          |X                                          
---------------------------------------------------------------------------------------
Cell pin lists are equivalent.
Device classes sky130_fd_sc_hd__and3_2 and sky130_fd_sc_hd__and3_2 are equivalent.

Cell sky130_fd_sc_hd__xnor3_1 (0) disconnected node: A
Cell sky130_fd_sc_hd__xnor3_1 (0) disconnected node: B
Cell sky130_fd_sc_hd__xnor3_1 (0) disconnected node: C
Cell sky130_fd_sc_hd__xnor3_1 (0) disconnected node: VGND
Cell sky130_fd_sc_hd__xnor3_1 (0) disconnected node: VNB
Cell sky130_fd_sc_hd__xnor3_1 (0) disconnected node: VPB
Cell sky130_fd_sc_hd__xnor3_1 (0) disconnected node: VPWR
Cell sky130_fd_sc_hd__xnor3_1 (0) disconnected node: X
Warning: Equate pins:  cell sky130_fd_sc_hd__xnor3_1 is a placeholder, treated as a black box.

Subcircuit pins:
Circuit 1: sky130_fd_sc_hd__xnor3_1        |Circuit 2: sky130_fd_sc_hd__xnor3_1        
-------------------------------------------|-------------------------------------------
A                                          |A                                          
B                                          |B                                          
C                                          |C                                          
VGND                                       |VGND                                       
VNB                                        |VNB                                        
VPB                                        |VPB                                        
VPWR                                       |VPWR                                       
X                                          |X                                          
---------------------------------------------------------------------------------------
Cell pin lists are equivalent.
Device classes sky130_fd_sc_hd__xnor3_1 and sky130_fd_sc_hd__xnor3_1 are equivalent.

Cell sky130_fd_sc_hd__clkinv_2 (0) disconnected node: A
Cell sky130_fd_sc_hd__clkinv_2 (0) disconnected node: VGND
Cell sky130_fd_sc_hd__clkinv_2 (0) disconnected node: VNB
Cell sky130_fd_sc_hd__clkinv_2 (0) disconnected node: VPB
Cell sky130_fd_sc_hd__clkinv_2 (0) disconnected node: VPWR
Cell sky130_fd_sc_hd__clkinv_2 (0) disconnected node: Y
Warning: Equate pins:  cell sky130_fd_sc_hd__clkinv_2 is a placeholder, treated as a black box.

Subcircuit pins:
Circuit 1: sky130_fd_sc_hd__clkinv_2       |Circuit 2: sky130_fd_sc_hd__clkinv_2       
-------------------------------------------|-------------------------------------------
A                                          |A                                          
VGND                                       |VGND                                       
VNB                                        |VNB                                        
VPB                                        |VPB                                        
VPWR                                       |VPWR                                       
Y                                          |(no matching pin)                          
---------------------------------------------------------------------------------------
Cell pin lists are equivalent.
Device classes sky130_fd_sc_hd__clkinv_2 and sky130_fd_sc_hd__clkinv_2 are equivalent.

Cell sky130_fd_sc_hd__clkinvlp_4 (0) disconnected node: A
Cell sky130_fd_sc_hd__clkinvlp_4 (0) disconnected node: VGND
Cell sky130_fd_sc_hd__clkinvlp_4 (0) disconnected node: VNB
Cell sky130_fd_sc_hd__clkinvlp_4 (0) disconnected node: VPB
Cell sky130_fd_sc_hd__clkinvlp_4 (0) disconnected node: VPWR
Cell sky130_fd_sc_hd__clkinvlp_4 (0) disconnected node: Y
Warning: Equate pins:  cell sky130_fd_sc_hd__clkinvlp_4 is a placeholder, treated as a black box.

Subcircuit pins:
Circuit 1: sky130_fd_sc_hd__clkinvlp_4     |Circuit 2: sky130_fd_sc_hd__clkinvlp_4     
-------------------------------------------|-------------------------------------------
A                                          |A                                          
VGND                                       |VGND                                       
VNB                                        |VNB                                        
VPB                                        |VPB                                        
VPWR                                       |VPWR                                       
Y                                          |(no matching pin)                          
---------------------------------------------------------------------------------------
Cell pin lists are equivalent.
Device classes sky130_fd_sc_hd__clkinvlp_4 and sky130_fd_sc_hd__clkinvlp_4 are equivalent.

Cell sky130_fd_sc_hd__and3_1 (0) disconnected node: A
Cell sky130_fd_sc_hd__and3_1 (0) disconnected node: B
Cell sky130_fd_sc_hd__and3_1 (0) disconnected node: C
Cell sky130_fd_sc_hd__and3_1 (0) disconnected node: VGND
Cell sky130_fd_sc_hd__and3_1 (0) disconnected node: VNB
Cell sky130_fd_sc_hd__and3_1 (0) disconnected node: VPB
Cell sky130_fd_sc_hd__and3_1 (0) disconnected node: VPWR
Cell sky130_fd_sc_hd__and3_1 (0) disconnected node: X
Warning: Equate pins:  cell sky130_fd_sc_hd__and3_1 is a placeholder, treated as a black box.

Subcircuit pins:
Circuit 1: sky130_fd_sc_hd__and3_1         |Circuit 2: sky130_fd_sc_hd__and3_1         
-------------------------------------------|-------------------------------------------
A                                          |A                                          
B                                          |B                                          
C                                          |C                                          
VGND                                       |VGND                                       
VNB                                        |VNB                                        
VPB                                        |VPB                                        
VPWR                                       |VPWR                                       
X                                          |X                                          
---------------------------------------------------------------------------------------
Cell pin lists are equivalent.
Device classes sky130_fd_sc_hd__and3_1 and sky130_fd_sc_hd__and3_1 are equivalent.

Cell sky130_fd_sc_hd__o21a_1 (0) disconnected node: A1
Cell sky130_fd_sc_hd__o21a_1 (0) disconnected node: A2
Cell sky130_fd_sc_hd__o21a_1 (0) disconnected node: B1
Cell sky130_fd_sc_hd__o21a_1 (0) disconnected node: VGND
Cell sky130_fd_sc_hd__o21a_1 (0) disconnected node: VNB
Cell sky130_fd_sc_hd__o21a_1 (0) disconnected node: VPB
Cell sky130_fd_sc_hd__o21a_1 (0) disconnected node: VPWR
Cell sky130_fd_sc_hd__o21a_1 (0) disconnected node: X
Warning: Equate pins:  cell sky130_fd_sc_hd__o21a_1 is a placeholder, treated as a black box.

Subcircuit pins:
Circuit 1: sky130_fd_sc_hd__o21a_1         |Circuit 2: sky130_fd_sc_hd__o21a_1         
-------------------------------------------|-------------------------------------------
A1                                         |A1                                         
A2                                         |A2                                         
B1                                         |B1                                         
VGND                                       |VGND                                       
VNB                                        |VNB                                        
VPB                                        |VPB                                        
VPWR                                       |VPWR                                       
X                                          |X                                          
---------------------------------------------------------------------------------------
Cell pin lists are equivalent.
Device classes sky130_fd_sc_hd__o21a_1 and sky130_fd_sc_hd__o21a_1 are equivalent.

Cell sky130_fd_sc_hd__a41oi_1 (0) disconnected node: A1
Cell sky130_fd_sc_hd__a41oi_1 (0) disconnected node: A2
Cell sky130_fd_sc_hd__a41oi_1 (0) disconnected node: A3
Cell sky130_fd_sc_hd__a41oi_1 (0) disconnected node: A4
Cell sky130_fd_sc_hd__a41oi_1 (0) disconnected node: B1
Cell sky130_fd_sc_hd__a41oi_1 (0) disconnected node: VGND
Cell sky130_fd_sc_hd__a41oi_1 (0) disconnected node: VNB
Cell sky130_fd_sc_hd__a41oi_1 (0) disconnected node: VPB
Cell sky130_fd_sc_hd__a41oi_1 (0) disconnected node: VPWR
Cell sky130_fd_sc_hd__a41oi_1 (0) disconnected node: Y
Warning: Equate pins:  cell sky130_fd_sc_hd__a41oi_1 is a placeholder, treated as a black box.

Subcircuit pins:
Circuit 1: sky130_fd_sc_hd__a41oi_1        |Circuit 2: sky130_fd_sc_hd__a41oi_1        
-------------------------------------------|-------------------------------------------
A1                                         |A1                                         
A2                                         |A2                                         
A3                                         |A3                                         
A4                                         |A4                                         
B1                                         |B1                                         
VGND                                       |VGND                                       
VNB                                        |VNB                                        
VPB                                        |VPB                                        
VPWR                                       |VPWR                                       
Y                                          |Y                                          
---------------------------------------------------------------------------------------
Cell pin lists are equivalent.
Device classes sky130_fd_sc_hd__a41oi_1 and sky130_fd_sc_hd__a41oi_1 are equivalent.

Cell sky130_fd_sc_hd__nor3b_1 (0) disconnected node: A
Cell sky130_fd_sc_hd__nor3b_1 (0) disconnected node: B
Cell sky130_fd_sc_hd__nor3b_1 (0) disconnected node: C_N
Cell sky130_fd_sc_hd__nor3b_1 (0) disconnected node: VGND
Cell sky130_fd_sc_hd__nor3b_1 (0) disconnected node: VNB
Cell sky130_fd_sc_hd__nor3b_1 (0) disconnected node: VPB
Cell sky130_fd_sc_hd__nor3b_1 (0) disconnected node: VPWR
Cell sky130_fd_sc_hd__nor3b_1 (0) disconnected node: Y
Warning: Equate pins:  cell sky130_fd_sc_hd__nor3b_1 is a placeholder, treated as a black box.

Subcircuit pins:
Circuit 1: sky130_fd_sc_hd__nor3b_1        |Circuit 2: sky130_fd_sc_hd__nor3b_1        
-------------------------------------------|-------------------------------------------
A                                          |A                                          
B                                          |B                                          
C_N                                        |C_N                                        
VGND                                       |VGND                                       
VNB                                        |VNB                                        
VPB                                        |VPB                                        
VPWR                                       |VPWR                                       
Y                                          |Y                                          
---------------------------------------------------------------------------------------
Cell pin lists are equivalent.
Device classes sky130_fd_sc_hd__nor3b_1 and sky130_fd_sc_hd__nor3b_1 are equivalent.

Cell sky130_fd_sc_hd__o211ai_1 (0) disconnected node: A1
Cell sky130_fd_sc_hd__o211ai_1 (0) disconnected node: A2
Cell sky130_fd_sc_hd__o211ai_1 (0) disconnected node: B1
Cell sky130_fd_sc_hd__o211ai_1 (0) disconnected node: C1
Cell sky130_fd_sc_hd__o211ai_1 (0) disconnected node: VGND
Cell sky130_fd_sc_hd__o211ai_1 (0) disconnected node: VNB
Cell sky130_fd_sc_hd__o211ai_1 (0) disconnected node: VPB
Cell sky130_fd_sc_hd__o211ai_1 (0) disconnected node: VPWR
Cell sky130_fd_sc_hd__o211ai_1 (0) disconnected node: Y
Warning: Equate pins:  cell sky130_fd_sc_hd__o211ai_1 is a placeholder, treated as a black box.

Subcircuit pins:
Circuit 1: sky130_fd_sc_hd__o211ai_1       |Circuit 2: sky130_fd_sc_hd__o211ai_1       
-------------------------------------------|-------------------------------------------
A1                                         |A1                                         
A2                                         |A2                                         
B1                                         |B1                                         
C1                                         |C1                                         
VGND                                       |VGND                                       
VNB                                        |VNB                                        
VPB                                        |VPB                                        
VPWR                                       |VPWR                                       
Y                                          |Y                                          
---------------------------------------------------------------------------------------
Cell pin lists are equivalent.
Device classes sky130_fd_sc_hd__o211ai_1 and sky130_fd_sc_hd__o211ai_1 are equivalent.

Cell sky130_fd_sc_hd__a2bb2oi_1 (0) disconnected node: A1_N
Cell sky130_fd_sc_hd__a2bb2oi_1 (0) disconnected node: A2_N
Cell sky130_fd_sc_hd__a2bb2oi_1 (0) disconnected node: B1
Cell sky130_fd_sc_hd__a2bb2oi_1 (0) disconnected node: B2
Cell sky130_fd_sc_hd__a2bb2oi_1 (0) disconnected node: VGND
Cell sky130_fd_sc_hd__a2bb2oi_1 (0) disconnected node: VNB
Cell sky130_fd_sc_hd__a2bb2oi_1 (0) disconnected node: VPB
Cell sky130_fd_sc_hd__a2bb2oi_1 (0) disconnected node: VPWR
Cell sky130_fd_sc_hd__a2bb2oi_1 (0) disconnected node: Y
Warning: Equate pins:  cell sky130_fd_sc_hd__a2bb2oi_1 is a placeholder, treated as a black box.

Subcircuit pins:
Circuit 1: sky130_fd_sc_hd__a2bb2oi_1      |Circuit 2: sky130_fd_sc_hd__a2bb2oi_1      
-------------------------------------------|-------------------------------------------
A1_N                                       |A1_N                                       
A2_N                                       |A2_N                                       
B1                                         |B1                                         
B2                                         |B2                                         
VGND                                       |VGND                                       
VNB                                        |VNB                                        
VPB                                        |VPB                                        
VPWR                                       |VPWR                                       
Y                                          |Y                                          
---------------------------------------------------------------------------------------
Cell pin lists are equivalent.
Device classes sky130_fd_sc_hd__a2bb2oi_1 and sky130_fd_sc_hd__a2bb2oi_1 are equivalent.

Cell sky130_fd_sc_hd__o311a_1 (0) disconnected node: A1
Cell sky130_fd_sc_hd__o311a_1 (0) disconnected node: A2
Cell sky130_fd_sc_hd__o311a_1 (0) disconnected node: A3
Cell sky130_fd_sc_hd__o311a_1 (0) disconnected node: B1
Cell sky130_fd_sc_hd__o311a_1 (0) disconnected node: C1
Cell sky130_fd_sc_hd__o311a_1 (0) disconnected node: VGND
Cell sky130_fd_sc_hd__o311a_1 (0) disconnected node: VNB
Cell sky130_fd_sc_hd__o311a_1 (0) disconnected node: VPB
Cell sky130_fd_sc_hd__o311a_1 (0) disconnected node: VPWR
Cell sky130_fd_sc_hd__o311a_1 (0) disconnected node: X
Warning: Equate pins:  cell sky130_fd_sc_hd__o311a_1 is a placeholder, treated as a black box.

Subcircuit pins:
Circuit 1: sky130_fd_sc_hd__o311a_1        |Circuit 2: sky130_fd_sc_hd__o311a_1        
-------------------------------------------|-------------------------------------------
A1                                         |A1                                         
A2                                         |A2                                         
A3                                         |A3                                         
B1                                         |B1                                         
C1                                         |C1                                         
VGND                                       |VGND                                       
VNB                                        |VNB                                        
VPB                                        |VPB                                        
VPWR                                       |VPWR                                       
X                                          |X                                          
---------------------------------------------------------------------------------------
Cell pin lists are equivalent.
Device classes sky130_fd_sc_hd__o311a_1 and sky130_fd_sc_hd__o311a_1 are equivalent.

Cell sky130_fd_sc_hd__nand2_2 (0) disconnected node: A
Cell sky130_fd_sc_hd__nand2_2 (0) disconnected node: B
Cell sky130_fd_sc_hd__nand2_2 (0) disconnected node: VGND
Cell sky130_fd_sc_hd__nand2_2 (0) disconnected node: VNB
Cell sky130_fd_sc_hd__nand2_2 (0) disconnected node: VPB
Cell sky130_fd_sc_hd__nand2_2 (0) disconnected node: VPWR
Cell sky130_fd_sc_hd__nand2_2 (0) disconnected node: Y
Warning: Equate pins:  cell sky130_fd_sc_hd__nand2_2 is a placeholder, treated as a black box.

Subcircuit pins:
Circuit 1: sky130_fd_sc_hd__nand2_2        |Circuit 2: sky130_fd_sc_hd__nand2_2        
-------------------------------------------|-------------------------------------------
A                                          |A                                          
B                                          |B                                          
VGND                                       |VGND                                       
VNB                                        |VNB                                        
VPB                                        |VPB                                        
VPWR                                       |VPWR                                       
Y                                          |Y                                          
---------------------------------------------------------------------------------------
Cell pin lists are equivalent.
Device classes sky130_fd_sc_hd__nand2_2 and sky130_fd_sc_hd__nand2_2 are equivalent.

Cell sky130_fd_sc_hd__a221oi_1 (0) disconnected node: A1
Cell sky130_fd_sc_hd__a221oi_1 (0) disconnected node: A2
Cell sky130_fd_sc_hd__a221oi_1 (0) disconnected node: B1
Cell sky130_fd_sc_hd__a221oi_1 (0) disconnected node: B2
Cell sky130_fd_sc_hd__a221oi_1 (0) disconnected node: C1
Cell sky130_fd_sc_hd__a221oi_1 (0) disconnected node: VGND
Cell sky130_fd_sc_hd__a221oi_1 (0) disconnected node: VNB
Cell sky130_fd_sc_hd__a221oi_1 (0) disconnected node: VPB
Cell sky130_fd_sc_hd__a221oi_1 (0) disconnected node: VPWR
Cell sky130_fd_sc_hd__a221oi_1 (0) disconnected node: Y
Warning: Equate pins:  cell sky130_fd_sc_hd__a221oi_1 is a placeholder, treated as a black box.

Subcircuit pins:
Circuit 1: sky130_fd_sc_hd__a221oi_1       |Circuit 2: sky130_fd_sc_hd__a221oi_1       
-------------------------------------------|-------------------------------------------
A1                                         |A1                                         
A2                                         |A2                                         
B1                                         |B1                                         
B2                                         |B2                                         
C1                                         |C1                                         
VGND                                       |VGND                                       
VNB                                        |VNB                                        
VPB                                        |VPB                                        
VPWR                                       |VPWR                                       
Y                                          |Y                                          
---------------------------------------------------------------------------------------
Cell pin lists are equivalent.
Device classes sky130_fd_sc_hd__a221oi_1 and sky130_fd_sc_hd__a221oi_1 are equivalent.

Cell sky130_fd_sc_hd__a211oi_1 (0) disconnected node: A1
Cell sky130_fd_sc_hd__a211oi_1 (0) disconnected node: A2
Cell sky130_fd_sc_hd__a211oi_1 (0) disconnected node: B1
Cell sky130_fd_sc_hd__a211oi_1 (0) disconnected node: C1
Cell sky130_fd_sc_hd__a211oi_1 (0) disconnected node: VGND
Cell sky130_fd_sc_hd__a211oi_1 (0) disconnected node: VNB
Cell sky130_fd_sc_hd__a211oi_1 (0) disconnected node: VPB
Cell sky130_fd_sc_hd__a211oi_1 (0) disconnected node: VPWR
Cell sky130_fd_sc_hd__a211oi_1 (0) disconnected node: Y
Warning: Equate pins:  cell sky130_fd_sc_hd__a211oi_1 is a placeholder, treated as a black box.

Subcircuit pins:
Circuit 1: sky130_fd_sc_hd__a211oi_1       |Circuit 2: sky130_fd_sc_hd__a211oi_1       
-------------------------------------------|-------------------------------------------
A1                                         |A1                                         
A2                                         |A2                                         
B1                                         |B1                                         
C1                                         |C1                                         
VGND                                       |VGND                                       
VNB                                        |VNB                                        
VPB                                        |VPB                                        
VPWR                                       |VPWR                                       
Y                                          |Y                                          
---------------------------------------------------------------------------------------
Cell pin lists are equivalent.
Device classes sky130_fd_sc_hd__a211oi_1 and sky130_fd_sc_hd__a211oi_1 are equivalent.

Cell sky130_fd_sc_hd__inv_6 (0) disconnected node: A
Cell sky130_fd_sc_hd__inv_6 (0) disconnected node: VGND
Cell sky130_fd_sc_hd__inv_6 (0) disconnected node: VNB
Cell sky130_fd_sc_hd__inv_6 (0) disconnected node: VPB
Cell sky130_fd_sc_hd__inv_6 (0) disconnected node: VPWR
Cell sky130_fd_sc_hd__inv_6 (0) disconnected node: Y
Warning: Equate pins:  cell sky130_fd_sc_hd__inv_6 is a placeholder, treated as a black box.

Subcircuit pins:
Circuit 1: sky130_fd_sc_hd__inv_6          |Circuit 2: sky130_fd_sc_hd__inv_6          
-------------------------------------------|-------------------------------------------
A                                          |A                                          
VGND                                       |VGND                                       
VNB                                        |VNB                                        
VPB                                        |VPB                                        
VPWR                                       |VPWR                                       
Y                                          |(no matching pin)                          
---------------------------------------------------------------------------------------
Cell pin lists are equivalent.
Device classes sky130_fd_sc_hd__inv_6 and sky130_fd_sc_hd__inv_6 are equivalent.

Cell sky130_fd_sc_hd__clkinv_4 (0) disconnected node: A
Cell sky130_fd_sc_hd__clkinv_4 (0) disconnected node: VGND
Cell sky130_fd_sc_hd__clkinv_4 (0) disconnected node: VNB
Cell sky130_fd_sc_hd__clkinv_4 (0) disconnected node: VPB
Cell sky130_fd_sc_hd__clkinv_4 (0) disconnected node: VPWR
Cell sky130_fd_sc_hd__clkinv_4 (0) disconnected node: Y
Warning: Equate pins:  cell sky130_fd_sc_hd__clkinv_4 is a placeholder, treated as a black box.

Subcircuit pins:
Circuit 1: sky130_fd_sc_hd__clkinv_4       |Circuit 2: sky130_fd_sc_hd__clkinv_4       
-------------------------------------------|-------------------------------------------
A                                          |A                                          
VGND                                       |VGND                                       
VNB                                        |VNB                                        
VPB                                        |VPB                                        
VPWR                                       |VPWR                                       
Y                                          |(no matching pin)                          
---------------------------------------------------------------------------------------
Cell pin lists are equivalent.
Device classes sky130_fd_sc_hd__clkinv_4 and sky130_fd_sc_hd__clkinv_4 are equivalent.

Cell sky130_fd_sc_hd__a32o_1 (0) disconnected node: A1
Cell sky130_fd_sc_hd__a32o_1 (0) disconnected node: A2
Cell sky130_fd_sc_hd__a32o_1 (0) disconnected node: A3
Cell sky130_fd_sc_hd__a32o_1 (0) disconnected node: B1
Cell sky130_fd_sc_hd__a32o_1 (0) disconnected node: B2
Cell sky130_fd_sc_hd__a32o_1 (0) disconnected node: VGND
Cell sky130_fd_sc_hd__a32o_1 (0) disconnected node: VNB
Cell sky130_fd_sc_hd__a32o_1 (0) disconnected node: VPB
Cell sky130_fd_sc_hd__a32o_1 (0) disconnected node: VPWR
Cell sky130_fd_sc_hd__a32o_1 (0) disconnected node: X
Warning: Equate pins:  cell sky130_fd_sc_hd__a32o_1 is a placeholder, treated as a black box.

Subcircuit pins:
Circuit 1: sky130_fd_sc_hd__a32o_1         |Circuit 2: sky130_fd_sc_hd__a32o_1         
-------------------------------------------|-------------------------------------------
A1                                         |A1                                         
A2                                         |A2                                         
A3                                         |A3                                         
B1                                         |B1                                         
B2                                         |B2                                         
VGND                                       |VGND                                       
VNB                                        |VNB                                        
VPB                                        |VPB                                        
VPWR                                       |VPWR                                       
X                                          |X                                          
---------------------------------------------------------------------------------------
Cell pin lists are equivalent.
Device classes sky130_fd_sc_hd__a32o_1 and sky130_fd_sc_hd__a32o_1 are equivalent.

Cell sky130_fd_sc_hd__nand4_1 (0) disconnected node: A
Cell sky130_fd_sc_hd__nand4_1 (0) disconnected node: B
Cell sky130_fd_sc_hd__nand4_1 (0) disconnected node: C
Cell sky130_fd_sc_hd__nand4_1 (0) disconnected node: D
Cell sky130_fd_sc_hd__nand4_1 (0) disconnected node: VGND
Cell sky130_fd_sc_hd__nand4_1 (0) disconnected node: VNB
Cell sky130_fd_sc_hd__nand4_1 (0) disconnected node: VPB
Cell sky130_fd_sc_hd__nand4_1 (0) disconnected node: VPWR
Cell sky130_fd_sc_hd__nand4_1 (0) disconnected node: Y
Warning: Equate pins:  cell sky130_fd_sc_hd__nand4_1 is a placeholder, treated as a black box.

Subcircuit pins:
Circuit 1: sky130_fd_sc_hd__nand4_1        |Circuit 2: sky130_fd_sc_hd__nand4_1        
-------------------------------------------|-------------------------------------------
A                                          |A                                          
B                                          |B                                          
C                                          |C                                          
D                                          |D                                          
VGND                                       |VGND                                       
VNB                                        |VNB                                        
VPB                                        |VPB                                        
VPWR                                       |VPWR                                       
Y                                          |Y                                          
---------------------------------------------------------------------------------------
Cell pin lists are equivalent.
Device classes sky130_fd_sc_hd__nand4_1 and sky130_fd_sc_hd__nand4_1 are equivalent.

Cell sky130_fd_sc_hd__o2bb2ai_1 (0) disconnected node: A1_N
Cell sky130_fd_sc_hd__o2bb2ai_1 (0) disconnected node: A2_N
Cell sky130_fd_sc_hd__o2bb2ai_1 (0) disconnected node: B1
Cell sky130_fd_sc_hd__o2bb2ai_1 (0) disconnected node: B2
Cell sky130_fd_sc_hd__o2bb2ai_1 (0) disconnected node: VGND
Cell sky130_fd_sc_hd__o2bb2ai_1 (0) disconnected node: VNB
Cell sky130_fd_sc_hd__o2bb2ai_1 (0) disconnected node: VPB
Cell sky130_fd_sc_hd__o2bb2ai_1 (0) disconnected node: VPWR
Cell sky130_fd_sc_hd__o2bb2ai_1 (0) disconnected node: Y
Warning: Equate pins:  cell sky130_fd_sc_hd__o2bb2ai_1 is a placeholder, treated as a black box.

Subcircuit pins:
Circuit 1: sky130_fd_sc_hd__o2bb2ai_1      |Circuit 2: sky130_fd_sc_hd__o2bb2ai_1      
-------------------------------------------|-------------------------------------------
A1_N                                       |A1_N                                       
A2_N                                       |A2_N                                       
B1                                         |B1                                         
B2                                         |B2                                         
VGND                                       |VGND                                       
VNB                                        |VNB                                        
VPB                                        |VPB                                        
VPWR                                       |VPWR                                       
Y                                          |Y                                          
---------------------------------------------------------------------------------------
Cell pin lists are equivalent.
Device classes sky130_fd_sc_hd__o2bb2ai_1 and sky130_fd_sc_hd__o2bb2ai_1 are equivalent.

Cell sky130_fd_sc_hd__o21ai_4 (0) disconnected node: A1
Cell sky130_fd_sc_hd__o21ai_4 (0) disconnected node: A2
Cell sky130_fd_sc_hd__o21ai_4 (0) disconnected node: B1
Cell sky130_fd_sc_hd__o21ai_4 (0) disconnected node: VGND
Cell sky130_fd_sc_hd__o21ai_4 (0) disconnected node: VNB
Cell sky130_fd_sc_hd__o21ai_4 (0) disconnected node: VPB
Cell sky130_fd_sc_hd__o21ai_4 (0) disconnected node: VPWR
Cell sky130_fd_sc_hd__o21ai_4 (0) disconnected node: Y
Warning: Equate pins:  cell sky130_fd_sc_hd__o21ai_4 is a placeholder, treated as a black box.

Subcircuit pins:
Circuit 1: sky130_fd_sc_hd__o21ai_4        |Circuit 2: sky130_fd_sc_hd__o21ai_4        
-------------------------------------------|-------------------------------------------
A1                                         |A1                                         
A2                                         |A2                                         
B1                                         |B1                                         
VGND                                       |VGND                                       
VNB                                        |VNB                                        
VPB                                        |VPB                                        
VPWR                                       |VPWR                                       
Y                                          |Y                                          
---------------------------------------------------------------------------------------
Cell pin lists are equivalent.
Device classes sky130_fd_sc_hd__o21ai_4 and sky130_fd_sc_hd__o21ai_4 are equivalent.

Cell sky130_fd_sc_hd__nand2b_2 (0) disconnected node: A_N
Cell sky130_fd_sc_hd__nand2b_2 (0) disconnected node: B
Cell sky130_fd_sc_hd__nand2b_2 (0) disconnected node: VGND
Cell sky130_fd_sc_hd__nand2b_2 (0) disconnected node: VNB
Cell sky130_fd_sc_hd__nand2b_2 (0) disconnected node: VPB
Cell sky130_fd_sc_hd__nand2b_2 (0) disconnected node: VPWR
Cell sky130_fd_sc_hd__nand2b_2 (0) disconnected node: Y
Warning: Equate pins:  cell sky130_fd_sc_hd__nand2b_2 is a placeholder, treated as a black box.

Subcircuit pins:
Circuit 1: sky130_fd_sc_hd__nand2b_2       |Circuit 2: sky130_fd_sc_hd__nand2b_2       
-------------------------------------------|-------------------------------------------
A_N                                        |A_N                                        
B                                          |B                                          
VGND                                       |VGND                                       
VNB                                        |VNB                                        
VPB                                        |VPB                                        
VPWR                                       |VPWR                                       
Y                                          |Y                                          
---------------------------------------------------------------------------------------
Cell pin lists are equivalent.
Device classes sky130_fd_sc_hd__nand2b_2 and sky130_fd_sc_hd__nand2b_2 are equivalent.

Cell sky130_fd_sc_hd__clkinv_8 (0) disconnected node: A
Cell sky130_fd_sc_hd__clkinv_8 (0) disconnected node: VGND
Cell sky130_fd_sc_hd__clkinv_8 (0) disconnected node: VNB
Cell sky130_fd_sc_hd__clkinv_8 (0) disconnected node: VPB
Cell sky130_fd_sc_hd__clkinv_8 (0) disconnected node: VPWR
Cell sky130_fd_sc_hd__clkinv_8 (0) disconnected node: Y
Warning: Equate pins:  cell sky130_fd_sc_hd__clkinv_8 is a placeholder, treated as a black box.

Subcircuit pins:
Circuit 1: sky130_fd_sc_hd__clkinv_8       |Circuit 2: sky130_fd_sc_hd__clkinv_8       
-------------------------------------------|-------------------------------------------
A                                          |A                                          
VGND                                       |VGND                                       
VNB                                        |VNB                                        
VPB                                        |VPB                                        
VPWR                                       |VPWR                                       
Y                                          |(no matching pin)                          
---------------------------------------------------------------------------------------
Cell pin lists are equivalent.
Device classes sky130_fd_sc_hd__clkinv_8 and sky130_fd_sc_hd__clkinv_8 are equivalent.

Cell sky130_fd_sc_hd__o21a_4 (0) disconnected node: A1
Cell sky130_fd_sc_hd__o21a_4 (0) disconnected node: A2
Cell sky130_fd_sc_hd__o21a_4 (0) disconnected node: B1
Cell sky130_fd_sc_hd__o21a_4 (0) disconnected node: VGND
Cell sky130_fd_sc_hd__o21a_4 (0) disconnected node: VNB
Cell sky130_fd_sc_hd__o21a_4 (0) disconnected node: VPB
Cell sky130_fd_sc_hd__o21a_4 (0) disconnected node: VPWR
Cell sky130_fd_sc_hd__o21a_4 (0) disconnected node: X
Warning: Equate pins:  cell sky130_fd_sc_hd__o21a_4 is a placeholder, treated as a black box.

Subcircuit pins:
Circuit 1: sky130_fd_sc_hd__o21a_4         |Circuit 2: sky130_fd_sc_hd__o21a_4         
-------------------------------------------|-------------------------------------------
A1                                         |A1                                         
A2                                         |A2                                         
B1                                         |B1                                         
VGND                                       |VGND                                       
VNB                                        |VNB                                        
VPB                                        |VPB                                        
VPWR                                       |VPWR                                       
X                                          |X                                          
---------------------------------------------------------------------------------------
Cell pin lists are equivalent.
Device classes sky130_fd_sc_hd__o21a_4 and sky130_fd_sc_hd__o21a_4 are equivalent.

Cell sky130_fd_sc_hd__o21ba_1 (0) disconnected node: A1
Cell sky130_fd_sc_hd__o21ba_1 (0) disconnected node: A2
Cell sky130_fd_sc_hd__o21ba_1 (0) disconnected node: B1_N
Cell sky130_fd_sc_hd__o21ba_1 (0) disconnected node: VGND
Cell sky130_fd_sc_hd__o21ba_1 (0) disconnected node: VNB
Cell sky130_fd_sc_hd__o21ba_1 (0) disconnected node: VPB
Cell sky130_fd_sc_hd__o21ba_1 (0) disconnected node: VPWR
Cell sky130_fd_sc_hd__o21ba_1 (0) disconnected node: X
Warning: Equate pins:  cell sky130_fd_sc_hd__o21ba_1 is a placeholder, treated as a black box.

Subcircuit pins:
Circuit 1: sky130_fd_sc_hd__o21ba_1        |Circuit 2: sky130_fd_sc_hd__o21ba_1        
-------------------------------------------|-------------------------------------------
A1                                         |A1                                         
A2                                         |A2                                         
B1_N                                       |B1_N                                       
VGND                                       |VGND                                       
VNB                                        |VNB                                        
VPB                                        |VPB                                        
VPWR                                       |VPWR                                       
X                                          |X                                          
---------------------------------------------------------------------------------------
Cell pin lists are equivalent.
Device classes sky130_fd_sc_hd__o21ba_1 and sky130_fd_sc_hd__o21ba_1 are equivalent.

Cell sky130_fd_sc_hd__inv_8 (0) disconnected node: A
Cell sky130_fd_sc_hd__inv_8 (0) disconnected node: VGND
Cell sky130_fd_sc_hd__inv_8 (0) disconnected node: VNB
Cell sky130_fd_sc_hd__inv_8 (0) disconnected node: VPB
Cell sky130_fd_sc_hd__inv_8 (0) disconnected node: VPWR
Cell sky130_fd_sc_hd__inv_8 (0) disconnected node: Y
Warning: Equate pins:  cell sky130_fd_sc_hd__inv_8 is a placeholder, treated as a black box.

Subcircuit pins:
Circuit 1: sky130_fd_sc_hd__inv_8          |Circuit 2: sky130_fd_sc_hd__inv_8          
-------------------------------------------|-------------------------------------------
A                                          |A                                          
VGND                                       |VGND                                       
VNB                                        |VNB                                        
VPB                                        |VPB                                        
VPWR                                       |VPWR                                       
Y                                          |(no matching pin)                          
---------------------------------------------------------------------------------------
Cell pin lists are equivalent.
Device classes sky130_fd_sc_hd__inv_8 and sky130_fd_sc_hd__inv_8 are equivalent.

Cell sky130_fd_sc_hd__nor2b_1 (0) disconnected node: A
Cell sky130_fd_sc_hd__nor2b_1 (0) disconnected node: B_N
Cell sky130_fd_sc_hd__nor2b_1 (0) disconnected node: VGND
Cell sky130_fd_sc_hd__nor2b_1 (0) disconnected node: VNB
Cell sky130_fd_sc_hd__nor2b_1 (0) disconnected node: VPB
Cell sky130_fd_sc_hd__nor2b_1 (0) disconnected node: VPWR
Cell sky130_fd_sc_hd__nor2b_1 (0) disconnected node: Y
Warning: Equate pins:  cell sky130_fd_sc_hd__nor2b_1 is a placeholder, treated as a black box.

Subcircuit pins:
Circuit 1: sky130_fd_sc_hd__nor2b_1        |Circuit 2: sky130_fd_sc_hd__nor2b_1        
-------------------------------------------|-------------------------------------------
A                                          |A                                          
B_N                                        |B_N                                        
VGND                                       |VGND                                       
VNB                                        |VNB                                        
VPB                                        |VPB                                        
VPWR                                       |VPWR                                       
Y                                          |Y                                          
---------------------------------------------------------------------------------------
Cell pin lists are equivalent.
Device classes sky130_fd_sc_hd__nor2b_1 and sky130_fd_sc_hd__nor2b_1 are equivalent.

Cell sky130_fd_sc_hd__nor3b_2 (0) disconnected node: A
Cell sky130_fd_sc_hd__nor3b_2 (0) disconnected node: B
Cell sky130_fd_sc_hd__nor3b_2 (0) disconnected node: C_N
Cell sky130_fd_sc_hd__nor3b_2 (0) disconnected node: VGND
Cell sky130_fd_sc_hd__nor3b_2 (0) disconnected node: VNB
Cell sky130_fd_sc_hd__nor3b_2 (0) disconnected node: VPB
Cell sky130_fd_sc_hd__nor3b_2 (0) disconnected node: VPWR
Cell sky130_fd_sc_hd__nor3b_2 (0) disconnected node: Y
Warning: Equate pins:  cell sky130_fd_sc_hd__nor3b_2 is a placeholder, treated as a black box.

Subcircuit pins:
Circuit 1: sky130_fd_sc_hd__nor3b_2        |Circuit 2: sky130_fd_sc_hd__nor3b_2        
-------------------------------------------|-------------------------------------------
A                                          |A                                          
B                                          |B                                          
C_N                                        |C_N                                        
VGND                                       |VGND                                       
VNB                                        |VNB                                        
VPB                                        |VPB                                        
VPWR                                       |VPWR                                       
Y                                          |Y                                          
---------------------------------------------------------------------------------------
Cell pin lists are equivalent.
Device classes sky130_fd_sc_hd__nor3b_2 and sky130_fd_sc_hd__nor3b_2 are equivalent.

Cell sky130_fd_sc_hd__nor4b_2 (0) disconnected node: A
Cell sky130_fd_sc_hd__nor4b_2 (0) disconnected node: B
Cell sky130_fd_sc_hd__nor4b_2 (0) disconnected node: C
Cell sky130_fd_sc_hd__nor4b_2 (0) disconnected node: D_N
Cell sky130_fd_sc_hd__nor4b_2 (0) disconnected node: VGND
Cell sky130_fd_sc_hd__nor4b_2 (0) disconnected node: VNB
Cell sky130_fd_sc_hd__nor4b_2 (0) disconnected node: VPB
Cell sky130_fd_sc_hd__nor4b_2 (0) disconnected node: VPWR
Cell sky130_fd_sc_hd__nor4b_2 (0) disconnected node: Y
Warning: Equate pins:  cell sky130_fd_sc_hd__nor4b_2 is a placeholder, treated as a black box.

Subcircuit pins:
Circuit 1: sky130_fd_sc_hd__nor4b_2        |Circuit 2: sky130_fd_sc_hd__nor4b_2        
-------------------------------------------|-------------------------------------------
A                                          |A                                          
B                                          |B                                          
C                                          |C                                          
D_N                                        |D_N                                        
VGND                                       |VGND                                       
VNB                                        |VNB                                        
VPB                                        |VPB                                        
VPWR                                       |VPWR                                       
Y                                          |Y                                          
---------------------------------------------------------------------------------------
Cell pin lists are equivalent.
Device classes sky130_fd_sc_hd__nor4b_2 and sky130_fd_sc_hd__nor4b_2 are equivalent.

Cell sky130_fd_sc_hd__o221a_1 (0) disconnected node: A1
Cell sky130_fd_sc_hd__o221a_1 (0) disconnected node: A2
Cell sky130_fd_sc_hd__o221a_1 (0) disconnected node: B1
Cell sky130_fd_sc_hd__o221a_1 (0) disconnected node: B2
Cell sky130_fd_sc_hd__o221a_1 (0) disconnected node: C1
Cell sky130_fd_sc_hd__o221a_1 (0) disconnected node: VGND
Cell sky130_fd_sc_hd__o221a_1 (0) disconnected node: VNB
Cell sky130_fd_sc_hd__o221a_1 (0) disconnected node: VPB
Cell sky130_fd_sc_hd__o221a_1 (0) disconnected node: VPWR
Cell sky130_fd_sc_hd__o221a_1 (0) disconnected node: X
Warning: Equate pins:  cell sky130_fd_sc_hd__o221a_1 is a placeholder, treated as a black box.

Subcircuit pins:
Circuit 1: sky130_fd_sc_hd__o221a_1        |Circuit 2: sky130_fd_sc_hd__o221a_1        
-------------------------------------------|-------------------------------------------
A1                                         |A1                                         
A2                                         |A2                                         
B1                                         |B1                                         
B2                                         |B2                                         
C1                                         |C1                                         
VGND                                       |VGND                                       
VNB                                        |VNB                                        
VPB                                        |VPB                                        
VPWR                                       |VPWR                                       
X                                          |X                                          
---------------------------------------------------------------------------------------
Cell pin lists are equivalent.
Device classes sky130_fd_sc_hd__o221a_1 and sky130_fd_sc_hd__o221a_1 are equivalent.

Cell sky130_fd_sc_hd__o32ai_1 (0) disconnected node: A1
Cell sky130_fd_sc_hd__o32ai_1 (0) disconnected node: A2
Cell sky130_fd_sc_hd__o32ai_1 (0) disconnected node: A3
Cell sky130_fd_sc_hd__o32ai_1 (0) disconnected node: B1
Cell sky130_fd_sc_hd__o32ai_1 (0) disconnected node: B2
Cell sky130_fd_sc_hd__o32ai_1 (0) disconnected node: VGND
Cell sky130_fd_sc_hd__o32ai_1 (0) disconnected node: VNB
Cell sky130_fd_sc_hd__o32ai_1 (0) disconnected node: VPB
Cell sky130_fd_sc_hd__o32ai_1 (0) disconnected node: VPWR
Cell sky130_fd_sc_hd__o32ai_1 (0) disconnected node: Y
Warning: Equate pins:  cell sky130_fd_sc_hd__o32ai_1 is a placeholder, treated as a black box.

Subcircuit pins:
Circuit 1: sky130_fd_sc_hd__o32ai_1        |Circuit 2: sky130_fd_sc_hd__o32ai_1        
-------------------------------------------|-------------------------------------------
A1                                         |A1                                         
A2                                         |A2                                         
A3                                         |A3                                         
B1                                         |B1                                         
B2                                         |B2                                         
VGND                                       |VGND                                       
VNB                                        |VNB                                        
VPB                                        |VPB                                        
VPWR                                       |VPWR                                       
Y                                          |Y                                          
---------------------------------------------------------------------------------------
Cell pin lists are equivalent.
Device classes sky130_fd_sc_hd__o32ai_1 and sky130_fd_sc_hd__o32ai_1 are equivalent.

Cell sky130_fd_sc_hd__o32a_1 (0) disconnected node: A1
Cell sky130_fd_sc_hd__o32a_1 (0) disconnected node: A2
Cell sky130_fd_sc_hd__o32a_1 (0) disconnected node: A3
Cell sky130_fd_sc_hd__o32a_1 (0) disconnected node: B1
Cell sky130_fd_sc_hd__o32a_1 (0) disconnected node: B2
Cell sky130_fd_sc_hd__o32a_1 (0) disconnected node: VGND
Cell sky130_fd_sc_hd__o32a_1 (0) disconnected node: VNB
Cell sky130_fd_sc_hd__o32a_1 (0) disconnected node: VPB
Cell sky130_fd_sc_hd__o32a_1 (0) disconnected node: VPWR
Cell sky130_fd_sc_hd__o32a_1 (0) disconnected node: X
Warning: Equate pins:  cell sky130_fd_sc_hd__o32a_1 is a placeholder, treated as a black box.

Subcircuit pins:
Circuit 1: sky130_fd_sc_hd__o32a_1         |Circuit 2: sky130_fd_sc_hd__o32a_1         
-------------------------------------------|-------------------------------------------
A1                                         |A1                                         
A2                                         |A2                                         
A3                                         |A3                                         
B1                                         |B1                                         
B2                                         |B2                                         
VGND                                       |VGND                                       
VNB                                        |VNB                                        
VPB                                        |VPB                                        
VPWR                                       |VPWR                                       
X                                          |X                                          
---------------------------------------------------------------------------------------
Cell pin lists are equivalent.
Device classes sky130_fd_sc_hd__o32a_1 and sky130_fd_sc_hd__o32a_1 are equivalent.

Cell sky130_fd_sc_hd__clkdlybuf4s50_1 (0) disconnected node: A
Cell sky130_fd_sc_hd__clkdlybuf4s50_1 (0) disconnected node: VGND
Cell sky130_fd_sc_hd__clkdlybuf4s50_1 (0) disconnected node: VNB
Cell sky130_fd_sc_hd__clkdlybuf4s50_1 (0) disconnected node: VPB
Cell sky130_fd_sc_hd__clkdlybuf4s50_1 (0) disconnected node: VPWR
Cell sky130_fd_sc_hd__clkdlybuf4s50_1 (0) disconnected node: X
Warning: Equate pins:  cell sky130_fd_sc_hd__clkdlybuf4s50_1 is a placeholder, treated as a black box.

Subcircuit pins:
Circuit 1: sky130_fd_sc_hd__clkdlybuf4s50_ |Circuit 2: sky130_fd_sc_hd__clkdlybuf4s50_ 
-------------------------------------------|-------------------------------------------
A                                          |A                                          
VGND                                       |VGND                                       
VNB                                        |VNB                                        
VPB                                        |VPB                                        
VPWR                                       |VPWR                                       
X                                          |X                                          
---------------------------------------------------------------------------------------
Cell pin lists are equivalent.
Device classes sky130_fd_sc_hd__clkdlybuf4s50_1 and sky130_fd_sc_hd__clkdlybuf4s50_1 are equivalent.

Cell sky130_fd_sc_hd__a311oi_1 (0) disconnected node: A1
Cell sky130_fd_sc_hd__a311oi_1 (0) disconnected node: A2
Cell sky130_fd_sc_hd__a311oi_1 (0) disconnected node: A3
Cell sky130_fd_sc_hd__a311oi_1 (0) disconnected node: B1
Cell sky130_fd_sc_hd__a311oi_1 (0) disconnected node: C1
Cell sky130_fd_sc_hd__a311oi_1 (0) disconnected node: VGND
Cell sky130_fd_sc_hd__a311oi_1 (0) disconnected node: VNB
Cell sky130_fd_sc_hd__a311oi_1 (0) disconnected node: VPB
Cell sky130_fd_sc_hd__a311oi_1 (0) disconnected node: VPWR
Cell sky130_fd_sc_hd__a311oi_1 (0) disconnected node: Y
Warning: Equate pins:  cell sky130_fd_sc_hd__a311oi_1 is a placeholder, treated as a black box.

Subcircuit pins:
Circuit 1: sky130_fd_sc_hd__a311oi_1       |Circuit 2: sky130_fd_sc_hd__a311oi_1       
-------------------------------------------|-------------------------------------------
A1                                         |A1                                         
A2                                         |A2                                         
A3                                         |A3                                         
B1                                         |B1                                         
C1                                         |C1                                         
VGND                                       |VGND                                       
VNB                                        |VNB                                        
VPB                                        |VPB                                        
VPWR                                       |VPWR                                       
Y                                          |Y                                          
---------------------------------------------------------------------------------------
Cell pin lists are equivalent.
Device classes sky130_fd_sc_hd__a311oi_1 and sky130_fd_sc_hd__a311oi_1 are equivalent.

Cell sky130_fd_sc_hd__inv_4 (0) disconnected node: A
Cell sky130_fd_sc_hd__inv_4 (0) disconnected node: VGND
Cell sky130_fd_sc_hd__inv_4 (0) disconnected node: VNB
Cell sky130_fd_sc_hd__inv_4 (0) disconnected node: VPB
Cell sky130_fd_sc_hd__inv_4 (0) disconnected node: VPWR
Cell sky130_fd_sc_hd__inv_4 (0) disconnected node: Y
Warning: Equate pins:  cell sky130_fd_sc_hd__inv_4 is a placeholder, treated as a black box.

Subcircuit pins:
Circuit 1: sky130_fd_sc_hd__inv_4          |Circuit 2: sky130_fd_sc_hd__inv_4          
-------------------------------------------|-------------------------------------------
A                                          |A                                          
VGND                                       |VGND                                       
VNB                                        |VNB                                        
VPB                                        |VPB                                        
VPWR                                       |VPWR                                       
Y                                          |(no matching pin)                          
---------------------------------------------------------------------------------------
Cell pin lists are equivalent.
Device classes sky130_fd_sc_hd__inv_4 and sky130_fd_sc_hd__inv_4 are equivalent.

Cell sky130_fd_sc_hd__inv_2 (0) disconnected node: A
Cell sky130_fd_sc_hd__inv_2 (0) disconnected node: VGND
Cell sky130_fd_sc_hd__inv_2 (0) disconnected node: VNB
Cell sky130_fd_sc_hd__inv_2 (0) disconnected node: VPB
Cell sky130_fd_sc_hd__inv_2 (0) disconnected node: VPWR
Cell sky130_fd_sc_hd__inv_2 (0) disconnected node: Y
Warning: Equate pins:  cell sky130_fd_sc_hd__inv_2 is a placeholder, treated as a black box.

Subcircuit pins:
Circuit 1: sky130_fd_sc_hd__inv_2          |Circuit 2: sky130_fd_sc_hd__inv_2          
-------------------------------------------|-------------------------------------------
A                                          |A                                          
VGND                                       |VGND                                       
VNB                                        |VNB                                        
VPB                                        |VPB                                        
VPWR                                       |VPWR                                       
Y                                          |Y                                          
---------------------------------------------------------------------------------------
Cell pin lists are equivalent.
Device classes sky130_fd_sc_hd__inv_2 and sky130_fd_sc_hd__inv_2 are equivalent.

Cell sky130_fd_sc_hd__a32oi_1 (0) disconnected node: A1
Cell sky130_fd_sc_hd__a32oi_1 (0) disconnected node: A2
Cell sky130_fd_sc_hd__a32oi_1 (0) disconnected node: A3
Cell sky130_fd_sc_hd__a32oi_1 (0) disconnected node: B1
Cell sky130_fd_sc_hd__a32oi_1 (0) disconnected node: B2
Cell sky130_fd_sc_hd__a32oi_1 (0) disconnected node: VGND
Cell sky130_fd_sc_hd__a32oi_1 (0) disconnected node: VNB
Cell sky130_fd_sc_hd__a32oi_1 (0) disconnected node: VPB
Cell sky130_fd_sc_hd__a32oi_1 (0) disconnected node: VPWR
Cell sky130_fd_sc_hd__a32oi_1 (0) disconnected node: Y
Warning: Equate pins:  cell sky130_fd_sc_hd__a32oi_1 is a placeholder, treated as a black box.

Subcircuit pins:
Circuit 1: sky130_fd_sc_hd__a32oi_1        |Circuit 2: sky130_fd_sc_hd__a32oi_1        
-------------------------------------------|-------------------------------------------
A1                                         |A1                                         
A2                                         |A2                                         
A3                                         |A3                                         
B1                                         |B1                                         
B2                                         |B2                                         
VGND                                       |VGND                                       
VNB                                        |VNB                                        
VPB                                        |VPB                                        
VPWR                                       |VPWR                                       
Y                                          |Y                                          
---------------------------------------------------------------------------------------
Cell pin lists are equivalent.
Device classes sky130_fd_sc_hd__a32oi_1 and sky130_fd_sc_hd__a32oi_1 are equivalent.

Cell sky130_fd_sc_hd__a211o_1 (0) disconnected node: A1
Cell sky130_fd_sc_hd__a211o_1 (0) disconnected node: A2
Cell sky130_fd_sc_hd__a211o_1 (0) disconnected node: B1
Cell sky130_fd_sc_hd__a211o_1 (0) disconnected node: C1
Cell sky130_fd_sc_hd__a211o_1 (0) disconnected node: VGND
Cell sky130_fd_sc_hd__a211o_1 (0) disconnected node: VNB
Cell sky130_fd_sc_hd__a211o_1 (0) disconnected node: VPB
Cell sky130_fd_sc_hd__a211o_1 (0) disconnected node: VPWR
Cell sky130_fd_sc_hd__a211o_1 (0) disconnected node: X
Warning: Equate pins:  cell sky130_fd_sc_hd__a211o_1 is a placeholder, treated as a black box.

Subcircuit pins:
Circuit 1: sky130_fd_sc_hd__a211o_1        |Circuit 2: sky130_fd_sc_hd__a211o_1        
-------------------------------------------|-------------------------------------------
A1                                         |A1                                         
A2                                         |A2                                         
B1                                         |B1                                         
C1                                         |C1                                         
VGND                                       |VGND                                       
VNB                                        |VNB                                        
VPB                                        |VPB                                        
VPWR                                       |VPWR                                       
X                                          |X                                          
---------------------------------------------------------------------------------------
Cell pin lists are equivalent.
Device classes sky130_fd_sc_hd__a211o_1 and sky130_fd_sc_hd__a211o_1 are equivalent.

Cell sky130_fd_sc_hd__a221o_1 (0) disconnected node: A1
Cell sky130_fd_sc_hd__a221o_1 (0) disconnected node: A2
Cell sky130_fd_sc_hd__a221o_1 (0) disconnected node: B1
Cell sky130_fd_sc_hd__a221o_1 (0) disconnected node: B2
Cell sky130_fd_sc_hd__a221o_1 (0) disconnected node: C1
Cell sky130_fd_sc_hd__a221o_1 (0) disconnected node: VGND
Cell sky130_fd_sc_hd__a221o_1 (0) disconnected node: VNB
Cell sky130_fd_sc_hd__a221o_1 (0) disconnected node: VPB
Cell sky130_fd_sc_hd__a221o_1 (0) disconnected node: VPWR
Cell sky130_fd_sc_hd__a221o_1 (0) disconnected node: X
Warning: Equate pins:  cell sky130_fd_sc_hd__a221o_1 is a placeholder, treated as a black box.

Subcircuit pins:
Circuit 1: sky130_fd_sc_hd__a221o_1        |Circuit 2: sky130_fd_sc_hd__a221o_1        
-------------------------------------------|-------------------------------------------
A1                                         |A1                                         
A2                                         |A2                                         
B1                                         |B1                                         
B2                                         |B2                                         
C1                                         |C1                                         
VGND                                       |VGND                                       
VNB                                        |VNB                                        
VPB                                        |VPB                                        
VPWR                                       |VPWR                                       
X                                          |X                                          
---------------------------------------------------------------------------------------
Cell pin lists are equivalent.
Device classes sky130_fd_sc_hd__a221o_1 and sky130_fd_sc_hd__a221o_1 are equivalent.

Cell sky130_fd_sc_hd__o211a_1 (0) disconnected node: A1
Cell sky130_fd_sc_hd__o211a_1 (0) disconnected node: A2
Cell sky130_fd_sc_hd__o211a_1 (0) disconnected node: B1
Cell sky130_fd_sc_hd__o211a_1 (0) disconnected node: C1
Cell sky130_fd_sc_hd__o211a_1 (0) disconnected node: VGND
Cell sky130_fd_sc_hd__o211a_1 (0) disconnected node: VNB
Cell sky130_fd_sc_hd__o211a_1 (0) disconnected node: VPB
Cell sky130_fd_sc_hd__o211a_1 (0) disconnected node: VPWR
Cell sky130_fd_sc_hd__o211a_1 (0) disconnected node: X
Warning: Equate pins:  cell sky130_fd_sc_hd__o211a_1 is a placeholder, treated as a black box.

Subcircuit pins:
Circuit 1: sky130_fd_sc_hd__o211a_1        |Circuit 2: sky130_fd_sc_hd__o211a_1        
-------------------------------------------|-------------------------------------------
A1                                         |A1                                         
A2                                         |A2                                         
B1                                         |B1                                         
C1                                         |C1                                         
VGND                                       |VGND                                       
VNB                                        |VNB                                        
VPB                                        |VPB                                        
VPWR                                       |VPWR                                       
X                                          |X                                          
---------------------------------------------------------------------------------------
Cell pin lists are equivalent.
Device classes sky130_fd_sc_hd__o211a_1 and sky130_fd_sc_hd__o211a_1 are equivalent.

Cell sky130_fd_sc_hd__o21ai_1 (0) disconnected node: A1
Cell sky130_fd_sc_hd__o21ai_1 (0) disconnected node: A2
Cell sky130_fd_sc_hd__o21ai_1 (0) disconnected node: B1
Cell sky130_fd_sc_hd__o21ai_1 (0) disconnected node: VGND
Cell sky130_fd_sc_hd__o21ai_1 (0) disconnected node: VNB
Cell sky130_fd_sc_hd__o21ai_1 (0) disconnected node: VPB
Cell sky130_fd_sc_hd__o21ai_1 (0) disconnected node: VPWR
Cell sky130_fd_sc_hd__o21ai_1 (0) disconnected node: Y
Warning: Equate pins:  cell sky130_fd_sc_hd__o21ai_1 is a placeholder, treated as a black box.

Subcircuit pins:
Circuit 1: sky130_fd_sc_hd__o21ai_1        |Circuit 2: sky130_fd_sc_hd__o21ai_1        
-------------------------------------------|-------------------------------------------
A1                                         |A1                                         
A2                                         |A2                                         
B1                                         |B1                                         
VGND                                       |VGND                                       
VNB                                        |VNB                                        
VPB                                        |VPB                                        
VPWR                                       |VPWR                                       
Y                                          |Y                                          
---------------------------------------------------------------------------------------
Cell pin lists are equivalent.
Device classes sky130_fd_sc_hd__o21ai_1 and sky130_fd_sc_hd__o21ai_1 are equivalent.

Cell sky130_fd_sc_hd__nand3b_1 (0) disconnected node: A_N
Cell sky130_fd_sc_hd__nand3b_1 (0) disconnected node: B
Cell sky130_fd_sc_hd__nand3b_1 (0) disconnected node: C
Cell sky130_fd_sc_hd__nand3b_1 (0) disconnected node: VGND
Cell sky130_fd_sc_hd__nand3b_1 (0) disconnected node: VNB
Cell sky130_fd_sc_hd__nand3b_1 (0) disconnected node: VPB
Cell sky130_fd_sc_hd__nand3b_1 (0) disconnected node: VPWR
Cell sky130_fd_sc_hd__nand3b_1 (0) disconnected node: Y
Warning: Equate pins:  cell sky130_fd_sc_hd__nand3b_1 is a placeholder, treated as a black box.

Subcircuit pins:
Circuit 1: sky130_fd_sc_hd__nand3b_1       |Circuit 2: sky130_fd_sc_hd__nand3b_1       
-------------------------------------------|-------------------------------------------
A_N                                        |A_N                                        
B                                          |B                                          
C                                          |C                                          
VGND                                       |VGND                                       
VNB                                        |VNB                                        
VPB                                        |VPB                                        
VPWR                                       |VPWR                                       
Y                                          |Y                                          
---------------------------------------------------------------------------------------
Cell pin lists are equivalent.
Device classes sky130_fd_sc_hd__nand3b_1 and sky130_fd_sc_hd__nand3b_1 are equivalent.

Cell sky130_fd_sc_hd__dfxtp_4 (0) disconnected node: CLK
Cell sky130_fd_sc_hd__dfxtp_4 (0) disconnected node: D
Cell sky130_fd_sc_hd__dfxtp_4 (0) disconnected node: VGND
Cell sky130_fd_sc_hd__dfxtp_4 (0) disconnected node: VNB
Cell sky130_fd_sc_hd__dfxtp_4 (0) disconnected node: VPB
Cell sky130_fd_sc_hd__dfxtp_4 (0) disconnected node: VPWR
Cell sky130_fd_sc_hd__dfxtp_4 (0) disconnected node: Q
Warning: Equate pins:  cell sky130_fd_sc_hd__dfxtp_4 is a placeholder, treated as a black box.

Subcircuit pins:
Circuit 1: sky130_fd_sc_hd__dfxtp_4        |Circuit 2: sky130_fd_sc_hd__dfxtp_4        
-------------------------------------------|-------------------------------------------
CLK                                        |CLK                                        
D                                          |D                                          
VGND                                       |VGND                                       
VNB                                        |VNB                                        
VPB                                        |VPB                                        
VPWR                                       |VPWR                                       
Q                                          |Q                                          
---------------------------------------------------------------------------------------
Cell pin lists are equivalent.
Device classes sky130_fd_sc_hd__dfxtp_4 and sky130_fd_sc_hd__dfxtp_4 are equivalent.

Cell sky130_fd_sc_hd__o2111ai_1 (0) disconnected node: A1
Cell sky130_fd_sc_hd__o2111ai_1 (0) disconnected node: A2
Cell sky130_fd_sc_hd__o2111ai_1 (0) disconnected node: B1
Cell sky130_fd_sc_hd__o2111ai_1 (0) disconnected node: C1
Cell sky130_fd_sc_hd__o2111ai_1 (0) disconnected node: D1
Cell sky130_fd_sc_hd__o2111ai_1 (0) disconnected node: VGND
Cell sky130_fd_sc_hd__o2111ai_1 (0) disconnected node: VNB
Cell sky130_fd_sc_hd__o2111ai_1 (0) disconnected node: VPB
Cell sky130_fd_sc_hd__o2111ai_1 (0) disconnected node: VPWR
Cell sky130_fd_sc_hd__o2111ai_1 (0) disconnected node: Y
Warning: Equate pins:  cell sky130_fd_sc_hd__o2111ai_1 is a placeholder, treated as a black box.

Subcircuit pins:
Circuit 1: sky130_fd_sc_hd__o2111ai_1      |Circuit 2: sky130_fd_sc_hd__o2111ai_1      
-------------------------------------------|-------------------------------------------
A1                                         |A1                                         
A2                                         |A2                                         
B1                                         |B1                                         
C1                                         |C1                                         
D1                                         |D1                                         
VGND                                       |VGND                                       
VNB                                        |VNB                                        
VPB                                        |VPB                                        
VPWR                                       |VPWR                                       
Y                                          |Y                                          
---------------------------------------------------------------------------------------
Cell pin lists are equivalent.
Device classes sky130_fd_sc_hd__o2111ai_1 and sky130_fd_sc_hd__o2111ai_1 are equivalent.

Cell sky130_fd_sc_hd__nor3_2 (0) disconnected node: A
Cell sky130_fd_sc_hd__nor3_2 (0) disconnected node: B
Cell sky130_fd_sc_hd__nor3_2 (0) disconnected node: C
Cell sky130_fd_sc_hd__nor3_2 (0) disconnected node: VGND
Cell sky130_fd_sc_hd__nor3_2 (0) disconnected node: VNB
Cell sky130_fd_sc_hd__nor3_2 (0) disconnected node: VPB
Cell sky130_fd_sc_hd__nor3_2 (0) disconnected node: VPWR
Cell sky130_fd_sc_hd__nor3_2 (0) disconnected node: Y
Warning: Equate pins:  cell sky130_fd_sc_hd__nor3_2 is a placeholder, treated as a black box.

Subcircuit pins:
Circuit 1: sky130_fd_sc_hd__nor3_2         |Circuit 2: sky130_fd_sc_hd__nor3_2         
-------------------------------------------|-------------------------------------------
A                                          |A                                          
B                                          |B                                          
C                                          |C                                          
VGND                                       |VGND                                       
VNB                                        |VNB                                        
VPB                                        |VPB                                        
VPWR                                       |VPWR                                       
Y                                          |Y                                          
---------------------------------------------------------------------------------------
Cell pin lists are equivalent.
Device classes sky130_fd_sc_hd__nor3_2 and sky130_fd_sc_hd__nor3_2 are equivalent.

Cell sky130_fd_sc_hd__nand2_4 (0) disconnected node: A
Cell sky130_fd_sc_hd__nand2_4 (0) disconnected node: B
Cell sky130_fd_sc_hd__nand2_4 (0) disconnected node: VGND
Cell sky130_fd_sc_hd__nand2_4 (0) disconnected node: VNB
Cell sky130_fd_sc_hd__nand2_4 (0) disconnected node: VPB
Cell sky130_fd_sc_hd__nand2_4 (0) disconnected node: VPWR
Cell sky130_fd_sc_hd__nand2_4 (0) disconnected node: Y
Warning: Equate pins:  cell sky130_fd_sc_hd__nand2_4 is a placeholder, treated as a black box.

Subcircuit pins:
Circuit 1: sky130_fd_sc_hd__nand2_4        |Circuit 2: sky130_fd_sc_hd__nand2_4        
-------------------------------------------|-------------------------------------------
A                                          |A                                          
B                                          |B                                          
VGND                                       |VGND                                       
VNB                                        |VNB                                        
VPB                                        |VPB                                        
VPWR                                       |VPWR                                       
Y                                          |Y                                          
---------------------------------------------------------------------------------------
Cell pin lists are equivalent.
Device classes sky130_fd_sc_hd__nand2_4 and sky130_fd_sc_hd__nand2_4 are equivalent.

Cell sky130_fd_sc_hd__a31o_1 (0) disconnected node: A1
Cell sky130_fd_sc_hd__a31o_1 (0) disconnected node: A2
Cell sky130_fd_sc_hd__a31o_1 (0) disconnected node: A3
Cell sky130_fd_sc_hd__a31o_1 (0) disconnected node: B1
Cell sky130_fd_sc_hd__a31o_1 (0) disconnected node: VGND
Cell sky130_fd_sc_hd__a31o_1 (0) disconnected node: VNB
Cell sky130_fd_sc_hd__a31o_1 (0) disconnected node: VPB
Cell sky130_fd_sc_hd__a31o_1 (0) disconnected node: VPWR
Cell sky130_fd_sc_hd__a31o_1 (0) disconnected node: X
Warning: Equate pins:  cell sky130_fd_sc_hd__a31o_1 is a placeholder, treated as a black box.

Subcircuit pins:
Circuit 1: sky130_fd_sc_hd__a31o_1         |Circuit 2: sky130_fd_sc_hd__a31o_1         
-------------------------------------------|-------------------------------------------
A1                                         |A1                                         
A2                                         |A2                                         
A3                                         |A3                                         
B1                                         |B1                                         
VGND                                       |VGND                                       
VNB                                        |VNB                                        
VPB                                        |VPB                                        
VPWR                                       |VPWR                                       
X                                          |X                                          
---------------------------------------------------------------------------------------
Cell pin lists are equivalent.
Device classes sky130_fd_sc_hd__a31o_1 and sky130_fd_sc_hd__a31o_1 are equivalent.

Subcircuit summary:
Circuit 1: sha256                          |Circuit 2: sha256                          
-------------------------------------------|-------------------------------------------
sky130_fd_sc_hd__o21ai_0 (294)             |sky130_fd_sc_hd__o21ai_0 (294)             
sky130_fd_sc_hd__a21boi_0 (31)             |sky130_fd_sc_hd__a21boi_0 (31)             
sky130_fd_sc_hd__mux2_1 (701)              |sky130_fd_sc_hd__mux2_1 (701)              
sky130_fd_sc_hd__clkinv_1 (73)             |sky130_fd_sc_hd__clkinv_1 (73)             
sky130_fd_sc_hd__nand2_1 (412)             |sky130_fd_sc_hd__nand2_1 (412)             
sky130_fd_sc_hd__xor2_1 (296)              |sky130_fd_sc_hd__xor2_1 (296)              
sky130_fd_sc_hd__xnor2_1 (678)             |sky130_fd_sc_hd__xnor2_1 (678)             
sky130_fd_sc_hd__a21oi_1 (747)             |sky130_fd_sc_hd__a21oi_1 (747)             
sky130_fd_sc_hd__nand2b_1 (26)             |sky130_fd_sc_hd__nand2b_1 (26)             
sky130_fd_sc_hd__edfxtp_1 (1280)           |sky130_fd_sc_hd__edfxtp_1 (1280)           
sky130_fd_sc_hd__a222oi_1 (52)             |sky130_fd_sc_hd__a222oi_1 (52)             
sky130_fd_sc_hd__a22oi_1 (346)             |sky130_fd_sc_hd__a22oi_1 (346)             
sky130_fd_sc_hd__dfxtp_1 (333)             |sky130_fd_sc_hd__dfxtp_1 (333)             
sky130_fd_sc_hd__and2_0 (594)              |sky130_fd_sc_hd__and2_0 (594)              
sky130_fd_sc_hd__or3_1 (31)                |sky130_fd_sc_hd__or3_1 (31)                
sky130_fd_sc_hd__xor3_1 (5)                |sky130_fd_sc_hd__xor3_1 (5)                
sky130_fd_sc_hd__maj3_1 (218)              |sky130_fd_sc_hd__maj3_1 (218)              
sky130_fd_sc_hd__a31oi_1 (38)              |sky130_fd_sc_hd__a31oi_1 (38)              
sky130_fd_sc_hd__clkbuf_16 (129)           |sky130_fd_sc_hd__clkbuf_16 (129)           
sky130_fd_sc_hd__lpflow_isobufsrc_1 (119)  |sky130_fd_sc_hd__lpflow_isobufsrc_1 (119)  
sky130_fd_sc_hd__nor2_1 (654)              |sky130_fd_sc_hd__nor2_1 (654)              
sky130_fd_sc_hd__nand3_1 (106)             |sky130_fd_sc_hd__nand3_1 (106)             
sky130_fd_sc_hd__o41ai_1 (17)              |sky130_fd_sc_hd__o41ai_1 (17)              
sky130_fd_sc_hd__nor3_1 (55)               |sky130_fd_sc_hd__nor3_1 (55)               
sky130_fd_sc_hd__clkbuf_4 (29)             |sky130_fd_sc_hd__clkbuf_4 (29)             
sky130_fd_sc_hd__o22ai_1 (27)              |sky130_fd_sc_hd__o22ai_1 (27)              
sky130_fd_sc_hd__buf_4 (26)                |sky130_fd_sc_hd__buf_4 (26)                
sky130_fd_sc_hd__buf_16 (51)               |sky130_fd_sc_hd__buf_16 (51)               
sky130_fd_sc_hd__buf_12 (35)               |sky130_fd_sc_hd__buf_12 (35)               
sky130_fd_sc_hd__buf_6 (22)                |sky130_fd_sc_hd__buf_6 (22)                
sky130_fd_sc_hd__buf_8 (2)                 |sky130_fd_sc_hd__buf_8 (2)                 
sky130_fd_sc_hd__lpflow_inputiso1p_1 (44)  |sky130_fd_sc_hd__lpflow_inputiso1p_1 (44)  
sky130_fd_sc_hd__nor2_2 (26)               |sky130_fd_sc_hd__nor2_2 (26)               
sky130_fd_sc_hd__and2_4 (2)                |sky130_fd_sc_hd__and2_4 (2)                
sky130_fd_sc_hd__diode_2 (23)              |sky130_fd_sc_hd__diode_2 (23)              
sky130_fd_sc_hd__a21oi_2 (16)              |sky130_fd_sc_hd__a21oi_2 (16)              
sky130_fd_sc_hd__o21bai_1 (9)              |sky130_fd_sc_hd__o21bai_1 (9)              
sky130_fd_sc_hd__o31ai_1 (20)              |sky130_fd_sc_hd__o31ai_1 (20)              
sky130_fd_sc_hd__and2_2 (3)                |sky130_fd_sc_hd__and2_2 (3)                
sky130_fd_sc_hd__o311ai_0 (8)              |sky130_fd_sc_hd__o311ai_0 (8)              
sky130_fd_sc_hd__bufinv_16 (18)            |sky130_fd_sc_hd__bufinv_16 (18)            
sky130_fd_sc_hd__or4_1 (17)                |sky130_fd_sc_hd__or4_1 (17)                
sky130_fd_sc_hd__and4_1 (3)                |sky130_fd_sc_hd__and4_1 (3)                
sky130_fd_sc_hd__o31a_1 (2)                |sky130_fd_sc_hd__o31a_1 (2)                
sky130_fd_sc_hd__o221ai_1 (2)              |sky130_fd_sc_hd__o221ai_1 (2)              
sky130_fd_sc_hd__nor2_4 (17)               |sky130_fd_sc_hd__nor2_4 (17)               
sky130_fd_sc_hd__a22o_1 (22)               |sky130_fd_sc_hd__a22o_1 (22)               
sky130_fd_sc_hd__mux2i_1 (7)               |sky130_fd_sc_hd__mux2i_1 (7)               
sky130_fd_sc_hd__a21o_1 (20)               |sky130_fd_sc_hd__a21o_1 (20)               
sky130_fd_sc_hd__and3_2 (1)                |sky130_fd_sc_hd__and3_2 (1)                
sky130_fd_sc_hd__xnor3_1 (13)              |sky130_fd_sc_hd__xnor3_1 (13)              
sky130_fd_sc_hd__clkinv_2 (16)             |sky130_fd_sc_hd__clkinv_2 (16)             
sky130_fd_sc_hd__clkinvlp_4 (13)           |sky130_fd_sc_hd__clkinvlp_4 (13)           
sky130_fd_sc_hd__and3_1 (9)                |sky130_fd_sc_hd__and3_1 (9)                
sky130_fd_sc_hd__o21a_1 (35)               |sky130_fd_sc_hd__o21a_1 (35)               
sky130_fd_sc_hd__a41oi_1 (1)               |sky130_fd_sc_hd__a41oi_1 (1)               
sky130_fd_sc_hd__nor3b_1 (3)               |sky130_fd_sc_hd__nor3b_1 (3)               
sky130_fd_sc_hd__o211ai_1 (5)              |sky130_fd_sc_hd__o211ai_1 (5)              
sky130_fd_sc_hd__a2bb2oi_1 (1)             |sky130_fd_sc_hd__a2bb2oi_1 (1)             
sky130_fd_sc_hd__o311a_1 (1)               |sky130_fd_sc_hd__o311a_1 (1)               
sky130_fd_sc_hd__nand2_2 (32)              |sky130_fd_sc_hd__nand2_2 (32)              
sky130_fd_sc_hd__a221oi_1 (7)              |sky130_fd_sc_hd__a221oi_1 (7)              
sky130_fd_sc_hd__a211oi_1 (11)             |sky130_fd_sc_hd__a211oi_1 (11)             
sky130_fd_sc_hd__inv_6 (15)                |sky130_fd_sc_hd__inv_6 (15)                
sky130_fd_sc_hd__clkinv_4 (9)              |sky130_fd_sc_hd__clkinv_4 (9)              
sky130_fd_sc_hd__a32o_1 (5)                |sky130_fd_sc_hd__a32o_1 (5)                
sky130_fd_sc_hd__nand4_1 (1)               |sky130_fd_sc_hd__nand4_1 (1)               
sky130_fd_sc_hd__o2bb2ai_1 (4)             |sky130_fd_sc_hd__o2bb2ai_1 (4)             
sky130_fd_sc_hd__o21ai_4 (18)              |sky130_fd_sc_hd__o21ai_4 (18)              
sky130_fd_sc_hd__nand2b_2 (2)              |sky130_fd_sc_hd__nand2b_2 (2)              
sky130_fd_sc_hd__clkinv_8 (6)              |sky130_fd_sc_hd__clkinv_8 (6)              
sky130_fd_sc_hd__o21a_4 (2)                |sky130_fd_sc_hd__o21a_4 (2)                
sky130_fd_sc_hd__o21ba_1 (6)               |sky130_fd_sc_hd__o21ba_1 (6)               
sky130_fd_sc_hd__inv_8 (2)                 |sky130_fd_sc_hd__inv_8 (2)                 
sky130_fd_sc_hd__nor2b_1 (7)               |sky130_fd_sc_hd__nor2b_1 (7)               
sky130_fd_sc_hd__nor3b_2 (1)               |sky130_fd_sc_hd__nor3b_2 (1)               
sky130_fd_sc_hd__nor4b_2 (1)               |sky130_fd_sc_hd__nor4b_2 (1)               
sky130_fd_sc_hd__o221a_1 (6)               |sky130_fd_sc_hd__o221a_1 (6)               
sky130_fd_sc_hd__o32ai_1 (4)               |sky130_fd_sc_hd__o32ai_1 (4)               
sky130_fd_sc_hd__o32a_1 (1)                |sky130_fd_sc_hd__o32a_1 (1)                
sky130_fd_sc_hd__clkdlybuf4s50_1 (44)      |sky130_fd_sc_hd__clkdlybuf4s50_1 (44)      
sky130_fd_sc_hd__a311oi_1 (5)              |sky130_fd_sc_hd__a311oi_1 (5)              
sky130_fd_sc_hd__inv_4 (3)                 |sky130_fd_sc_hd__inv_4 (3)                 
sky130_fd_sc_hd__inv_2 (2)                 |sky130_fd_sc_hd__inv_2 (2)                 
sky130_fd_sc_hd__a32oi_1 (4)               |sky130_fd_sc_hd__a32oi_1 (4)               
sky130_fd_sc_hd__a211o_1 (2)               |sky130_fd_sc_hd__a211o_1 (2)               
sky130_fd_sc_hd__a221o_1 (1)               |sky130_fd_sc_hd__a221o_1 (1)               
sky130_fd_sc_hd__o211a_1 (1)               |sky130_fd_sc_hd__o211a_1 (1)               
sky130_fd_sc_hd__o21ai_1 (9)               |sky130_fd_sc_hd__o21ai_1 (9)               
sky130_fd_sc_hd__nand3b_1 (2)              |sky130_fd_sc_hd__nand3b_1 (2)              
sky130_fd_sc_hd__dfxtp_4 (2)               |sky130_fd_sc_hd__dfxtp_4 (2)               
sky130_fd_sc_hd__o2111ai_1 (3)             |sky130_fd_sc_hd__o2111ai_1 (3)             
sky130_fd_sc_hd__nor3_2 (1)                |sky130_fd_sc_hd__nor3_2 (1)                
sky130_fd_sc_hd__nand2_4 (1)               |sky130_fd_sc_hd__nand2_4 (1)               
sky130_fd_sc_hd__a31o_1 (1)                |sky130_fd_sc_hd__a31o_1 (1)                
Number of devices: 8005                    |Number of devices: 8005                    
Number of nets: 8119                       |Number of nets: 8119                       
---------------------------------------------------------------------------------------
Resolving symmetries by property value.
Resolving symmetries by pin name.
Resolving symmetries by net name.
Netlists match with 18 symmetries.

Subcircuit pins:
Circuit 1: sha256                          |Circuit 2: sha256                          
-------------------------------------------|-------------------------------------------
read_data[13]                              |read_data[13]                              
read_data[21]                              |read_data[21]                              
read_data[25]                              |read_data[25]                              
read_data[5]                               |read_data[5]                               
read_data[0]                               |read_data[0]                               
read_data[2]                               |read_data[2]                               
read_data[3]                               |read_data[3]                               
read_data[6]                               |read_data[6]                               
read_data[7]                               |read_data[7]                               
read_data[9]                               |read_data[9]                               
read_data[24]                              |read_data[24]                              
read_data[15]                              |read_data[15]                              
read_data[29]                              |read_data[29]                              
read_data[1]                               |read_data[1]                               
read_data[30]                              |read_data[30]                              
read_data[23]                              |read_data[23]                              
read_data[31]                              |read_data[31]                              
read_data[4]                               |read_data[4]                               
read_data[8]                               |read_data[8]                               
read_data[20]                              |read_data[20]                              
read_data[26]                              |read_data[26]                              
read_data[11]                              |read_data[11]                              
read_data[12]                              |read_data[12]                              
read_data[19]                              |read_data[19]                              
read_data[14]                              |read_data[14]                              
read_data[22]                              |read_data[22]                              
read_data[28]                              |read_data[28]                              
read_data[10]                              |read_data[10]                              
read_data[16]                              |read_data[16]                              
read_data[27]                              |read_data[27]                              
read_data[17]                              |read_data[17]                              
read_data[18]                              |read_data[18]                              
error                                      |error                                      
clk                                        |clk                                        
address[1]                                 |address[1]                                 
address[0]                                 |address[0]                                 
write_data[1]                              |write_data[1]                              
write_data[0]                              |write_data[0]                              
address[2]                                 |address[2]                                 
write_data[2]                              |write_data[2]                              
address[3]                                 |address[3]                                 
write_data[3]                              |write_data[3]                              
write_data[21]                             |write_data[21]                             
write_data[31]                             |write_data[31]                             
write_data[10]                             |write_data[10]                             
write_data[11]                             |write_data[11]                             
write_data[12]                             |write_data[12]                             
write_data[20]                             |write_data[20]                             
write_data[28]                             |write_data[28]                             
write_data[14]                             |write_data[14]                             
write_data[8]                              |write_data[8]                              
write_data[17]                             |write_data[17]                             
write_data[18]                             |write_data[18]                             
write_data[19]                             |write_data[19]                             
write_data[23]                             |write_data[23]                             
write_data[24]                             |write_data[24]                             
write_data[30]                             |write_data[30]                             
write_data[4]                              |write_data[4]                              
write_data[9]                              |write_data[9]                              
write_data[16]                             |write_data[16]                             
write_data[13]                             |write_data[13]                             
write_data[15]                             |write_data[15]                             
write_data[22]                             |write_data[22]                             
write_data[26]                             |write_data[26]                             
write_data[27]                             |write_data[27]                             
write_data[6]                              |write_data[6]                              
write_data[7]                              |write_data[7]                              
write_data[25]                             |write_data[25]                             
write_data[29]                             |write_data[29]                             
write_data[5]                              |write_data[5]                              
rst_n                                      |rst_n                                      
address[7]                                 |address[7]                                 
reset_n                                    |reset_n                                    
address[6]                                 |address[6]                                 
address[4]                                 |address[4]                                 
we                                         |we                                         
cs                                         |cs                                         
address[5]                                 |address[5]                                 
VPWR                                       |VPWR                                       
VGND                                       |VGND                                       
---------------------------------------------------------------------------------------
Cell pin lists are equivalent.
Device classes sha256 and sha256 are equivalent.

Final result: Circuits match uniquely.
.
