Node0 Layer,Node0 X location,Node0 Y location,Node1 Layer,Node1 X location,Node1 Y location,Current
Metal1,10.3250,39.2000,Metal1,10.5550,39.2000,6.372e-13
Metal1,10.3250,47.0400,Metal1,10.5550,47.0400,3.556e-09
Metal1,10.3250,54.8800,Metal1,10.5550,54.8800,8.708e-12
Metal1,10.3250,62.7200,Metal1,10.5550,62.7200,6.796e-13
Metal1,10.3250,86.2400,Metal1,10.5550,86.2400,5.947e-13
Metal1,10.3250,101.9200,Metal1,10.5550,101.9200,6.372e-13
Metal1,10.3250,109.7600,Metal1,10.5550,109.7600,6.796e-13
Metal1,10.3250,117.6000,Metal1,10.5550,117.6000,6.372e-13
Metal1,10.3250,125.4400,Metal1,10.5550,125.4400,8.071e-13
Metal1,10.5550,39.2000,Metal1,11.8450,39.2000,6.747e-13
Metal1,10.5550,47.0400,Metal1,11.8450,47.0400,3.633e-11
Metal1,10.5550,54.8800,Metal1,11.8450,54.8800,8.712e-12
Metal1,10.5550,62.7200,Metal1,11.8450,62.7200,6.747e-13
Metal1,10.5550,86.2400,Metal1,11.8450,86.2400,5.921e-13
Metal1,10.5550,101.9200,Metal1,11.8450,101.9200,6.702e-13
Metal1,10.5550,109.7600,Metal1,11.8450,109.7600,6.747e-13
Metal1,10.5550,117.6000,Metal1,11.8450,117.6000,6.793e-13
Metal1,10.5550,125.4400,Metal1,11.8450,125.4400,8.446e-13
Metal1,10.9850,15.6800,Metal1,11.2150,15.6800,5.632e-13
Metal1,11.2150,15.6800,Metal1,11.8450,15.6800,5.827e-13
Metal1,11.8450,15.6800,Metal1,12.0750,15.6800,2.932e-11
Metal1,11.8450,23.5200,Metal1,12.0750,23.5200,2.454e-13
Metal1,11.8450,31.3600,Metal1,12.0750,31.3600,9.817e-12
Metal1,11.8450,39.2000,Metal1,12.0750,39.2000,2.004e-12
Metal1,11.8450,47.0400,Metal1,12.0750,47.0400,3.547e-09
Metal1,11.8450,54.8800,Metal1,12.0750,54.8800,1.559e-12
Metal1,11.8450,62.7200,Metal1,12.0750,62.7200,2.078e-12
Metal1,11.8450,70.5600,Metal1,12.0750,70.5600,1.227e-13
Metal1,11.8450,78.4000,Metal1,12.0750,78.4000,1.227e-13
Metal1,11.8450,86.2400,Metal1,12.0750,86.2400,1.782e-12
Metal1,11.8450,94.0800,Metal1,12.0750,94.0800,0.000e+00
Metal1,11.8450,101.9200,Metal1,12.0750,101.9200,2.004e-12
Metal1,11.8450,109.7600,Metal1,12.0750,109.7600,2.004e-12
Metal1,11.8450,117.6000,Metal1,12.0750,117.6000,2.078e-12
Metal1,11.8450,125.4400,Metal1,12.0750,125.4400,2.524e-12
Metal1,11.8450,133.2800,Metal1,12.0750,133.2800,0.000e+00
Metal1,11.8450,141.1200,Metal1,12.0750,141.1200,0.000e+00
Metal1,11.8450,148.9600,Metal1,12.0750,148.9600,1.227e-13
Metal1,11.8450,156.8000,Metal1,12.0750,156.8000,0.000e+00
Metal1,11.8450,164.6400,Metal1,12.0750,164.6400,1.227e-13
Metal1,11.8450,172.4800,Metal1,12.0750,172.4800,0.000e+00
Metal1,11.8450,180.3200,Metal1,12.0750,180.3200,0.000e+00
Metal1,11.8450,188.1600,Metal1,12.0750,188.1600,0.000e+00
Metal1,11.8450,196.0000,Metal1,12.0750,196.0000,0.000e+00
Metal1,11.8450,203.8400,Metal1,12.0750,203.8400,0.000e+00
Metal1,11.8450,211.6800,Metal1,12.0750,211.6800,0.000e+00
Metal1,11.8450,219.5200,Metal1,12.0750,219.5200,0.000e+00
Metal1,11.8450,227.3600,Metal1,12.0750,227.3600,0.000e+00
Metal1,11.8450,235.2000,Metal1,12.0750,235.2000,0.000e+00
Metal1,11.8450,243.0400,Metal1,12.0750,243.0400,0.000e+00
Metal1,11.8450,250.8800,Metal1,12.0750,250.8800,7.423e-14
Metal1,12.0750,15.6800,Metal1,13.2250,15.6800,3.855e-11
Metal1,12.0750,23.5200,Metal1,14.0850,23.5200,2.946e-14
Metal1,12.0750,31.3600,Metal1,14.0850,31.3600,1.178e-13
Metal1,12.0750,39.2000,Metal1,12.4650,39.2000,1.989e-12
Metal1,12.0750,47.0400,Metal1,12.4650,47.0400,3.547e-09
Metal1,12.0750,54.8800,Metal1,12.4650,54.8800,3.109e-11
Metal1,12.0750,62.7200,Metal1,12.4650,62.7200,2.034e-12
Metal1,12.0750,70.5600,Metal1,14.0850,70.5600,8.838e-15
Metal1,12.0750,78.4000,Metal1,14.0850,78.4000,8.838e-15
Metal1,12.0750,86.2400,Metal1,12.4650,86.2400,1.746e-12
Metal1,12.0750,94.0800,Metal1,14.0850,94.0800,2.946e-15
Metal1,12.0750,101.9200,Metal1,12.4650,101.9200,2.004e-12
Metal1,12.0750,109.7600,Metal1,12.4650,109.7600,2.004e-12
Metal1,12.0750,117.6000,Metal1,12.4650,117.6000,2.004e-12
Metal1,12.0750,125.4400,Metal1,12.4650,125.4400,2.505e-12
Metal1,12.0750,133.2800,Metal1,14.0850,133.2800,2.946e-15
Metal1,12.0750,141.1200,Metal1,14.0850,141.1200,2.946e-15
Metal1,12.0750,148.9600,Metal1,14.0850,148.9600,2.946e-15
Metal1,12.0750,156.8000,Metal1,14.0850,156.8000,5.892e-15
Metal1,12.0750,164.6400,Metal1,14.0850,164.6400,5.892e-15
Metal1,12.0750,172.4800,Metal1,14.0850,172.4800,8.838e-15
Metal1,12.0750,180.3200,Metal1,14.0850,180.3200,2.946e-15
Metal1,12.0750,188.1600,Metal1,14.0850,188.1600,2.946e-15
Metal1,12.0750,196.0000,Metal1,14.0850,196.0000,2.946e-15
Metal1,12.0750,203.8400,Metal1,14.0850,203.8400,2.946e-15
Metal1,12.0750,211.6800,Metal1,14.0850,211.6800,5.892e-15
Metal1,12.0750,219.5200,Metal1,14.0850,219.5200,5.892e-15
Metal1,12.0750,227.3600,Metal1,14.0850,227.3600,5.892e-15
Metal1,12.0750,235.2000,Metal1,14.0850,235.2000,0.000e+00
Metal1,12.0750,243.0400,Metal1,14.0850,243.0400,2.946e-15
Metal1,12.0750,250.8800,Metal1,14.0850,250.8800,1.178e-14
Metal1,12.4650,39.2000,Metal1,12.6950,39.2000,6.526e-13
Metal1,12.4650,47.0400,Metal1,12.6950,47.0400,3.384e-07
Metal1,12.4650,54.8800,Metal1,12.6950,54.8800,8.333e-12
Metal1,12.4650,62.7200,Metal1,12.6950,62.7200,7.028e-13
Metal1,12.4650,86.2400,Metal1,12.6950,86.2400,5.522e-13
Metal1,12.4650,101.9200,Metal1,12.6950,101.9200,6.526e-13
Metal1,12.4650,109.7600,Metal1,12.6950,109.7600,6.526e-13
Metal1,12.4650,117.6000,Metal1,12.6950,117.6000,6.024e-13
Metal1,12.4650,125.4400,Metal1,12.6950,125.4400,8.032e-13
Metal1,12.6950,39.2000,Metal1,14.0850,39.2000,6.305e-13
Metal1,12.6950,47.0400,Metal1,14.2450,47.0400,3.384e-07
Metal1,12.6950,54.8800,Metal1,14.0850,54.8800,8.307e-12
Metal1,12.6950,62.7200,Metal1,14.0850,62.7200,6.390e-13
Metal1,12.6950,86.2400,Metal1,14.0850,86.2400,5.580e-13
Metal1,12.6950,101.9200,Metal1,14.0850,101.9200,6.262e-13
Metal1,12.6950,109.7600,Metal1,14.0850,109.7600,6.347e-13
Metal1,12.6950,117.6000,Metal1,14.0850,117.6000,6.390e-13
Metal1,12.6950,125.4400,Metal1,14.0850,125.4400,7.923e-13
Metal1,13.2250,15.6800,Metal1,13.4550,15.6800,6.374e-08
Metal1,13.4550,15.6800,Metal1,14.1900,15.6800,9.082e-07
Metal1,14.0850,23.5200,Metal1,14.3150,23.5200,1.215e-11
Metal1,14.0850,31.3600,Metal1,14.1900,30.7950,1.229e-13
Metal1,14.0850,39.2000,Metal1,14.3150,39.2000,7.423e-14
Metal1,14.0850,54.8800,Metal1,14.3150,54.8800,3.875e-11
Metal1,14.0850,62.7200,Metal1,14.3150,62.7200,1.485e-13
Metal1,14.0850,70.5600,Metal1,14.3150,70.5600,3.681e-13
Metal1,14.0850,78.4000,Metal1,14.3150,78.4000,3.681e-13
Metal1,14.0850,86.2400,Metal1,14.3150,86.2400,2.227e-13
Metal1,14.0850,94.0800,Metal1,14.3150,94.0800,2.454e-13
Metal1,14.0850,101.9200,Metal1,14.3150,101.9200,7.423e-14
Metal1,14.0850,109.7600,Metal1,14.3150,109.7600,7.423e-14
Metal1,14.0850,117.6000,Metal1,14.3150,117.6000,1.485e-13
Metal1,14.0850,125.4400,Metal1,14.3150,125.4400,2.227e-13
Metal1,14.0850,133.2800,Metal1,14.3150,133.2800,4.909e-13
Metal1,14.0850,141.1200,Metal1,14.3150,141.1200,2.454e-13
Metal1,14.0850,148.9600,Metal1,14.3150,148.9600,3.681e-13
Metal1,14.0850,156.8000,Metal1,14.3150,156.8000,2.454e-13
Metal1,14.0850,164.6400,Metal1,14.3150,164.6400,3.681e-13
Metal1,14.0850,172.4800,Metal1,14.3150,172.4800,4.909e-13
Metal1,14.0850,180.3200,Metal1,14.3150,180.3200,3.681e-13
Metal1,14.0850,188.1600,Metal1,14.3150,188.1600,3.681e-13
Metal1,14.0850,196.0000,Metal1,14.3150,196.0000,2.454e-13
Metal1,14.0850,203.8400,Metal1,14.3150,203.8400,4.909e-13
Metal1,14.0850,211.6800,Metal1,14.3150,211.6800,3.681e-13
Metal1,14.0850,219.5200,Metal1,14.3150,219.5200,3.681e-13
Metal1,14.0850,227.3600,Metal1,14.3150,227.3600,2.454e-13
Metal1,14.0850,235.2000,Metal1,14.3150,235.2000,3.681e-13
Metal1,14.0850,243.0400,Metal1,14.3150,243.0400,2.454e-13
Metal1,14.0850,250.8800,Metal1,14.3150,250.8800,7.423e-14
Metal1,14.1900,15.6800,Metal1,14.5300,15.6800,3.315e-09
Metal1,14.1900,30.7950,Metal1,14.3150,31.7050,2.826e-12
Metal1,14.2450,47.0400,Metal1,14.4750,47.0400,1.624e-06
Metal1,14.3150,23.5200,Metal1,16.3250,23.5200,1.244e-10
Metal1,14.3150,31.7050,Metal1,14.5300,31.3600,1.271e-11
Metal1,14.3150,39.2000,Metal1,14.7050,39.2000,2.429e-12
Metal1,14.3150,54.8800,Metal1,14.7050,54.8800,3.870e-11
Metal1,14.3150,62.7200,Metal1,14.7050,62.7200,2.429e-12
Metal1,14.3150,70.5600,Metal1,16.3250,70.5600,5.892e-15
Metal1,14.3150,78.4000,Metal1,16.3250,78.4000,8.838e-15
Metal1,14.3150,86.2400,Metal1,14.7050,86.2400,2.126e-12
Metal1,14.3150,94.0800,Metal1,16.3250,94.0800,8.838e-15
Metal1,14.3150,101.9200,Metal1,14.7050,101.9200,2.414e-12
Metal1,14.3150,109.7600,Metal1,14.7050,109.7600,2.460e-12
Metal1,14.3150,117.6000,Metal1,14.7050,117.6000,2.414e-12
Metal1,14.3150,125.4400,Metal1,14.7050,125.4400,3.006e-12
Metal1,14.3150,133.2800,Metal1,16.3250,133.2800,1.178e-14
Metal1,14.3150,141.1200,Metal1,16.3250,141.1200,5.892e-15
Metal1,14.3150,148.9600,Metal1,16.3250,148.9600,1.178e-14
Metal1,14.3150,156.8000,Metal1,16.3250,156.8000,5.892e-15
Metal1,14.3150,164.6400,Metal1,16.3250,164.6400,8.838e-15
Metal1,14.3150,172.4800,Metal1,16.3250,172.4800,8.838e-15
Metal1,14.3150,180.3200,Metal1,16.3250,180.3200,1.178e-14
Metal1,14.3150,188.1600,Metal1,16.3250,188.1600,1.178e-14
Metal1,14.3150,196.0000,Metal1,16.3250,196.0000,5.892e-15
Metal1,14.3150,203.8400,Metal1,16.3250,203.8400,1.178e-14
Metal1,14.3150,211.6800,Metal1,16.3250,211.6800,8.838e-15
Metal1,14.3150,219.5200,Metal1,16.3250,219.5200,5.892e-15
Metal1,14.3150,227.3600,Metal1,16.3250,227.3600,5.892e-15
Metal1,14.3150,235.2000,Metal1,16.3250,235.2000,1.473e-14
Metal1,14.3150,243.0400,Metal1,16.3250,243.0400,5.892e-15
Metal1,14.3150,250.8800,Metal1,16.3250,250.8800,5.892e-15
Metal1,14.4750,47.0400,Metal1,14.7050,47.0400,1.624e-06
Metal1,14.5300,15.6800,Metal1,16.1850,15.6800,3.315e-09
Metal1,14.5300,31.3600,Metal1,16.1850,31.3600,7.410e-12
Metal1,14.7050,39.2000,Metal1,14.9350,39.2000,6.526e-13
Metal1,14.7050,47.0400,Metal1,14.9350,47.0400,4.320e-06
Metal1,14.7050,54.8800,Metal1,14.9350,54.8800,4.685e-09
Metal1,14.7050,62.7200,Metal1,14.9350,62.7200,6.024e-13
Metal1,14.7050,86.2400,Metal1,14.9350,86.2400,5.522e-13
Metal1,14.7050,101.9200,Metal1,14.9350,101.9200,6.526e-13
Metal1,14.7050,109.7600,Metal1,14.9350,109.7600,6.526e-13
Metal1,14.7050,117.6000,Metal1,14.9350,117.6000,6.024e-13
Metal1,14.7050,125.4400,Metal1,14.9350,125.4400,8.032e-13
Metal1,14.9350,39.2000,Metal1,16.3250,39.2000,6.219e-13
Metal1,14.9350,47.0400,Metal1,16.9450,47.0400,2.706e-07
Metal1,14.9350,54.8800,Metal1,16.3250,54.8800,4.447e-11
Metal1,14.9350,62.7200,Metal1,16.3250,62.7200,6.305e-13
Metal1,14.9350,86.2400,Metal1,16.3250,86.2400,5.538e-13
Metal1,14.9350,101.9200,Metal1,16.3250,101.9200,6.219e-13
Metal1,14.9350,109.7600,Metal1,16.3250,109.7600,6.262e-13
Metal1,14.9350,117.6000,Metal1,16.3250,117.6000,6.262e-13
Metal1,14.9350,125.4400,Metal1,16.3250,125.4400,7.753e-13
Metal1,16.1850,15.6800,Metal1,16.4150,15.6800,2.363e-11
Metal1,16.1850,31.3600,Metal1,16.3250,31.5775,2.007e-12
Metal1,16.3250,23.5200,Metal1,16.5550,23.5200,3.772e-08
Metal1,16.3250,31.5775,Metal1,16.4150,30.7950,2.015e-12
Metal1,16.3250,39.2000,Metal1,16.5550,39.2000,2.078e-12
Metal1,16.3250,54.8800,Metal1,16.5550,54.8800,4.675e-09
Metal1,16.3250,62.7200,Metal1,16.5550,62.7200,2.078e-12
Metal1,16.3250,70.5600,Metal1,16.5550,70.5600,1.227e-13
Metal1,16.3250,78.4000,Metal1,16.5550,78.4000,0.000e+00
Metal1,16.3250,86.2400,Metal1,16.5550,86.2400,1.856e-12
Metal1,16.3250,94.0800,Metal1,16.5550,94.0800,1.227e-13
Metal1,16.3250,101.9200,Metal1,16.5550,101.9200,2.078e-12
Metal1,16.3250,109.7600,Metal1,16.5550,109.7600,2.004e-12
Metal1,16.3250,117.6000,Metal1,16.5550,117.6000,2.078e-12
Metal1,16.3250,125.4400,Metal1,16.5550,125.4400,2.598e-12
Metal1,16.3250,133.2800,Metal1,16.5550,133.2800,1.227e-13
Metal1,16.3250,141.1200,Metal1,16.5550,141.1200,0.000e+00
Metal1,16.3250,148.9600,Metal1,16.5550,148.9600,1.227e-13
Metal1,16.3250,156.8000,Metal1,16.5550,156.8000,0.000e+00
Metal1,16.3250,164.6400,Metal1,16.5550,164.6400,1.227e-13
Metal1,16.3250,172.4800,Metal1,16.5550,172.4800,0.000e+00
Metal1,16.3250,180.3200,Metal1,16.5550,180.3200,0.000e+00
Metal1,16.3250,188.1600,Metal1,16.5550,188.1600,0.000e+00
Metal1,16.3250,196.0000,Metal1,16.5550,196.0000,0.000e+00
Metal1,16.3250,203.8400,Metal1,16.5550,203.8400,0.000e+00
Metal1,16.3250,211.6800,Metal1,16.5550,211.6800,0.000e+00
Metal1,16.3250,219.5200,Metal1,16.5550,219.5200,0.000e+00
Metal1,16.3250,227.3600,Metal1,16.5550,227.3600,0.000e+00
Metal1,16.3250,235.2000,Metal1,16.5550,235.2000,0.000e+00
Metal1,16.3250,243.0400,Metal1,16.5550,243.0400,0.000e+00
Metal1,16.3250,250.8800,Metal1,16.5550,250.8800,1.485e-13
Metal1,16.4150,15.6800,Metal1,16.8850,15.6800,2.367e-11
Metal1,16.4150,30.7950,Metal1,16.5550,31.3600,7.336e-15
Metal1,16.5550,23.5200,Metal1,17.5500,23.5200,3.772e-08
Metal1,16.5550,31.3600,Metal1,18.5650,31.3600,5.892e-15
Metal1,16.5550,39.2000,Metal1,16.9450,39.2000,2.004e-12
Metal1,16.5550,54.8800,Metal1,16.9450,54.8800,4.675e-09
Metal1,16.5550,62.7200,Metal1,16.9450,62.7200,2.019e-12
Metal1,16.5550,70.5600,Metal1,18.5650,70.5600,5.892e-15
Metal1,16.5550,78.4000,Metal1,18.5650,78.4000,0.000e+00
Metal1,16.5550,86.2400,Metal1,16.9450,86.2400,1.776e-12
Metal1,16.5550,94.0800,Metal1,18.5650,94.0800,2.946e-15
Metal1,16.5550,101.9200,Metal1,16.9450,101.9200,2.004e-12
Metal1,16.5550,109.7600,Metal1,16.9450,109.7600,2.019e-12
Metal1,16.5550,117.6000,Metal1,16.9450,117.6000,2.004e-12
Metal1,16.5550,125.4400,Metal1,16.9450,125.4400,2.505e-12
Metal1,16.5550,133.2800,Metal1,18.5650,133.2800,2.946e-15
Metal1,16.5550,141.1200,Metal1,18.5650,141.1200,0.000e+00
Metal1,16.5550,148.9600,Metal1,18.5650,148.9600,5.892e-15
Metal1,16.5550,156.8000,Metal1,18.5650,156.8000,0.000e+00
Metal1,16.5550,164.6400,Metal1,18.5650,164.6400,2.946e-15
Metal1,16.5550,172.4800,Metal1,18.5650,172.4800,0.000e+00
Metal1,16.5550,180.3200,Metal1,18.5650,180.3200,2.946e-15
Metal1,16.5550,188.1600,Metal1,18.5650,188.1600,0.000e+00
Metal1,16.5550,196.0000,Metal1,18.5650,196.0000,2.946e-15
Metal1,16.5550,203.8400,Metal1,18.5650,203.8400,0.000e+00
Metal1,16.5550,211.6800,Metal1,18.5650,211.6800,2.946e-15
Metal1,16.5550,219.5200,Metal1,18.5650,219.5200,2.946e-15
Metal1,16.5550,227.3600,Metal1,18.5650,227.3600,0.000e+00
Metal1,16.5550,235.2000,Metal1,18.5650,235.2000,0.000e+00
Metal1,16.5550,243.0400,Metal1,18.5650,243.0400,0.000e+00
Metal1,16.5550,250.8800,Metal1,18.5650,250.8800,3.830e-14
Metal1,16.8850,15.6800,Metal1,17.1150,15.6800,1.782e-12
Metal1,16.9450,39.2000,Metal1,17.1750,39.2000,6.526e-13
Metal1,16.9450,47.0400,Metal1,17.1750,47.0400,5.012e-07
Metal1,16.9450,54.8800,Metal1,17.1750,54.8800,4.309e-07
Metal1,16.9450,62.7200,Metal1,17.1750,62.7200,6.526e-13
Metal1,16.9450,86.2400,Metal1,17.1750,86.2400,5.522e-13
Metal1,16.9450,101.9200,Metal1,17.1750,101.9200,6.526e-13
Metal1,16.9450,109.7600,Metal1,17.1750,109.7600,6.526e-13
Metal1,16.9450,117.6000,Metal1,17.1750,117.6000,6.024e-13
Metal1,16.9450,125.4400,Metal1,17.1750,125.4400,8.032e-13
Metal1,17.1150,15.6800,Metal1,19.1250,15.6800,1.119e-13
Metal1,17.1750,39.2000,Metal1,18.5650,39.2000,6.305e-13
Metal1,17.1750,47.0400,Metal1,18.1900,47.0400,5.012e-07
Metal1,17.1750,54.8800,Metal1,17.6050,54.8800,4.309e-07
Metal1,17.1750,62.7200,Metal1,18.5650,62.7200,6.305e-13
Metal1,17.1750,86.2400,Metal1,18.5650,86.2400,5.538e-13
Metal1,17.1750,101.9200,Metal1,18.5650,101.9200,6.262e-13
Metal1,17.1750,109.7600,Metal1,18.5650,109.7600,6.305e-13
Metal1,17.1750,117.6000,Metal1,18.5650,117.6000,6.347e-13
Metal1,17.1750,125.4400,Metal1,18.5650,125.4400,7.881e-13
Metal1,17.5500,23.5200,Metal1,17.8900,23.5200,4.927e-08
Metal1,17.6050,54.8800,Metal1,17.8350,54.8800,1.995e-08
Metal1,17.8350,54.8800,Metal1,19.4650,54.8800,1.466e-07
Metal1,17.8900,23.5200,Metal1,18.5650,23.5200,4.927e-08
Metal1,18.1900,47.0400,Metal1,18.5300,47.0400,5.095e-07
Metal1,18.5300,47.0400,Metal1,19.4650,47.0400,5.095e-07
Metal1,18.5650,23.5200,Metal1,18.7950,23.5200,8.695e-08
Metal1,18.5650,31.3600,Metal1,18.7950,31.3600,6.829e-12
Metal1,18.5650,39.2000,Metal1,18.7950,39.2000,1.188e-12
Metal1,18.5650,62.7200,Metal1,18.7950,62.7200,1.188e-12
Metal1,18.5650,70.5600,Metal1,18.7950,70.5600,1.227e-13
Metal1,18.5650,78.4000,Metal1,18.7950,78.4000,2.454e-13
Metal1,18.5650,86.2400,Metal1,18.7950,86.2400,1.039e-12
Metal1,18.5650,94.0800,Metal1,18.7950,94.0800,1.227e-13
Metal1,18.5650,101.9200,Metal1,18.7950,101.9200,1.188e-12
Metal1,18.5650,109.7600,Metal1,18.7950,109.7600,1.262e-12
Metal1,18.5650,117.6000,Metal1,18.7950,117.6000,1.262e-12
Metal1,18.5650,125.4400,Metal1,18.7950,125.4400,1.559e-12
Metal1,18.5650,133.2800,Metal1,18.7950,133.2800,2.454e-13
Metal1,18.5650,141.1200,Metal1,18.7950,141.1200,2.454e-13
Metal1,18.5650,148.9600,Metal1,18.7950,148.9600,1.227e-13
Metal1,18.5650,156.8000,Metal1,18.7950,156.8000,2.454e-13
Metal1,18.5650,164.6400,Metal1,18.7950,164.6400,1.227e-13
Metal1,18.5650,172.4800,Metal1,18.7950,172.4800,2.454e-13
Metal1,18.5650,180.3200,Metal1,18.7950,180.3200,1.227e-13
Metal1,18.5650,188.1600,Metal1,18.7950,188.1600,0.000e+00
Metal1,18.5650,196.0000,Metal1,18.7950,196.0000,1.227e-13
Metal1,18.5650,203.8400,Metal1,18.7950,203.8400,3.681e-13
Metal1,18.5650,211.6800,Metal1,18.7950,211.6800,3.681e-13
Metal1,18.5650,219.5200,Metal1,18.7950,219.5200,1.227e-13
Metal1,18.5650,227.3600,Metal1,18.7950,227.3600,2.454e-13
Metal1,18.5650,235.2000,Metal1,18.7950,235.2000,1.227e-13
Metal1,18.5650,243.0400,Metal1,18.7950,243.0400,2.454e-13
Metal1,18.5650,250.8800,Metal1,18.7950,250.8800,1.277e-11
Metal1,18.7950,23.5200,Metal1,19.2850,23.5200,8.695e-08
Metal1,18.7950,31.3600,Metal1,20.5100,31.3600,6.895e-12
Metal1,18.7950,39.2000,Metal1,19.4650,39.2000,1.255e-12
Metal1,18.7950,62.7200,Metal1,19.4650,62.7200,1.246e-12
Metal1,18.7950,70.5600,Metal1,20.8050,70.5600,2.651e-14
Metal1,18.7950,78.4000,Metal1,20.8050,78.4000,2.651e-14
Metal1,18.7950,86.2400,Metal1,19.4650,86.2400,1.087e-12
Metal1,18.7950,94.0800,Metal1,20.8050,94.0800,2.651e-14
Metal1,18.7950,101.9200,Metal1,19.4650,101.9200,1.255e-12
Metal1,18.7950,109.7600,Metal1,19.4650,109.7600,1.246e-12
Metal1,18.7950,117.6000,Metal1,19.4650,117.6000,1.237e-12
Metal1,18.7950,125.4400,Metal1,19.4650,125.4400,1.582e-12
Metal1,18.7950,133.2800,Metal1,20.8050,133.2800,2.357e-14
Metal1,18.7950,141.1200,Metal1,20.8050,141.1200,2.357e-14
Metal1,18.7950,148.9600,Metal1,20.8050,148.9600,2.357e-14
Metal1,18.7950,156.8000,Metal1,20.8050,156.8000,2.651e-14
Metal1,18.7950,164.6400,Metal1,20.8050,164.6400,2.357e-14
Metal1,18.7950,172.4800,Metal1,20.8050,172.4800,2.651e-14
Metal1,18.7950,180.3200,Metal1,20.8050,180.3200,2.357e-14
Metal1,18.7950,188.1600,Metal1,20.8050,188.1600,2.062e-14
Metal1,18.7950,196.0000,Metal1,20.8050,196.0000,2.357e-14
Metal1,18.7950,203.8400,Metal1,20.8050,203.8400,2.651e-14
Metal1,18.7950,211.6800,Metal1,20.8050,211.6800,2.357e-14
Metal1,18.7950,219.5200,Metal1,20.8050,219.5200,2.357e-14
Metal1,18.7950,227.3600,Metal1,20.8050,227.3600,2.651e-14
Metal1,18.7950,235.2000,Metal1,20.8050,235.2000,2.651e-14
Metal1,18.7950,243.0400,Metal1,20.8050,243.0400,2.651e-14
Metal1,18.7950,250.8800,Metal1,20.8050,250.8800,1.281e-11
Metal1,19.1250,15.6800,Metal1,19.3550,15.6800,3.229e-11
Metal1,19.2850,23.5200,Metal1,19.5150,23.5200,7.353e-07
Metal1,19.3550,15.6800,Metal1,20.5100,15.6800,3.221e-11
Metal1,19.4650,39.2000,Metal1,19.6950,39.2000,3.668e-12
Metal1,19.4650,47.0400,Metal1,19.6950,47.0400,5.031e-10
Metal1,19.4650,54.8800,Metal1,19.6950,54.8800,9.637e-08
Metal1,19.4650,62.7200,Metal1,19.6950,62.7200,3.624e-12
Metal1,19.4650,86.2400,Metal1,19.6950,86.2400,1.282e-12
Metal1,19.4650,101.9200,Metal1,19.6950,101.9200,2.298e-12
Metal1,19.4650,109.7600,Metal1,19.6950,109.7600,3.624e-12
Metal1,19.4650,117.6000,Metal1,19.6950,117.6000,3.624e-12
Metal1,19.4650,125.4400,Metal1,19.6950,125.4400,2.298e-12
Metal1,19.5150,23.5200,Metal1,19.5450,23.5200,7.353e-07
Metal1,19.5450,23.5200,Metal1,19.7750,23.5200,6.245e-07
Metal1,19.6950,39.2000,Metal1,20.8050,39.2000,3.670e-12
Metal1,19.6950,47.0400,Metal1,21.5300,47.0400,5.134e-10
Metal1,19.6950,54.8800,Metal1,20.9650,54.8800,9.637e-08
Metal1,19.6950,62.7200,Metal1,20.8050,62.7200,3.601e-12
Metal1,19.6950,86.2400,Metal1,20.8050,86.2400,1.339e-12
Metal1,19.6950,101.9200,Metal1,20.8050,101.9200,2.304e-12
Metal1,19.6950,109.7600,Metal1,20.8050,109.7600,3.601e-12
Metal1,19.6950,117.6000,Metal1,20.8050,117.6000,3.601e-12
Metal1,19.6950,125.4400,Metal1,20.8050,125.4400,2.299e-12
Metal1,19.7750,23.5200,Metal1,23.8700,23.5200,2.251e-08
Metal1,20.5100,15.6800,Metal1,20.8500,15.6800,2.216e-10
Metal1,20.5100,31.3600,Metal1,20.8050,31.8200,6.962e-14
Metal1,20.8050,31.8200,Metal1,20.8500,30.7950,6.802e-14
Metal1,20.8050,39.2000,Metal1,21.0350,39.2000,3.711e-13
Metal1,20.8050,62.7200,Metal1,21.0350,62.7200,3.711e-13
Metal1,20.8050,70.5600,Metal1,21.0350,70.5600,8.590e-13
Metal1,20.8050,78.4000,Metal1,21.0350,78.4000,7.363e-13
Metal1,20.8050,86.2400,Metal1,21.0350,86.2400,1.485e-13
Metal1,20.8050,94.0800,Metal1,21.0350,94.0800,7.363e-13
Metal1,20.8050,101.9200,Metal1,21.0350,101.9200,2.969e-13
Metal1,20.8050,109.7600,Metal1,21.0350,109.7600,3.711e-13
Metal1,20.8050,117.6000,Metal1,21.0350,117.6000,3.711e-13
Metal1,20.8050,125.4400,Metal1,21.0350,125.4400,2.227e-13
Metal1,20.8050,133.2800,Metal1,21.0350,133.2800,7.363e-13
Metal1,20.8050,141.1200,Metal1,21.0350,141.1200,1.104e-12
Metal1,20.8050,148.9600,Metal1,21.0350,148.9600,7.363e-13
Metal1,20.8050,156.8000,Metal1,21.0350,156.8000,8.590e-13
Metal1,20.8050,164.6400,Metal1,21.0350,164.6400,8.590e-13
Metal1,20.8050,172.4800,Metal1,21.0350,172.4800,9.817e-13
Metal1,20.8050,180.3200,Metal1,21.0350,180.3200,8.590e-13
Metal1,20.8050,188.1600,Metal1,21.0350,188.1600,9.817e-13
Metal1,20.8050,196.0000,Metal1,21.0350,196.0000,1.104e-12
Metal1,20.8050,203.8400,Metal1,21.0350,203.8400,7.363e-13
Metal1,20.8050,211.6800,Metal1,21.0350,211.6800,9.817e-13
Metal1,20.8050,219.5200,Metal1,21.0350,219.5200,8.590e-13
Metal1,20.8050,227.3600,Metal1,21.0350,227.3600,8.590e-13
Metal1,20.8050,235.2000,Metal1,21.0350,235.2000,7.363e-13
Metal1,20.8050,243.0400,Metal1,21.0350,243.0400,7.363e-13
Metal1,20.8050,250.8800,Metal1,21.0350,250.8800,9.650e-13
Metal1,20.8500,15.6800,Metal1,21.3650,15.6800,1.906e-10
Metal1,20.8500,30.7950,Metal1,21.0350,31.3600,5.170e-13
Metal1,20.9650,54.8800,Metal1,21.1950,54.8800,2.628e-07
Metal1,21.0350,31.3600,Metal1,23.0450,31.3600,5.126e-13
Metal1,21.0350,39.2000,Metal1,21.6050,39.2000,7.874e-12
Metal1,21.0350,62.7200,Metal1,21.6050,62.7200,7.739e-12
Metal1,21.0350,70.5600,Metal1,23.0450,70.5600,0.000e+00
Metal1,21.0350,78.4000,Metal1,23.0450,78.4000,2.946e-15
Metal1,21.0350,86.2400,Metal1,21.6050,86.2400,2.877e-12
Metal1,21.0350,94.0800,Metal1,23.0450,94.0800,2.946e-15
Metal1,21.0350,101.9200,Metal1,21.6050,101.9200,4.924e-12
Metal1,21.0350,109.7600,Metal1,21.6050,109.7600,7.729e-12
Metal1,21.0350,117.6000,Metal1,21.6050,117.6000,7.739e-12
Metal1,21.0350,125.4400,Metal1,21.6050,125.4400,4.924e-12
Metal1,21.0350,133.2800,Metal1,23.0450,133.2800,2.946e-15
Metal1,21.0350,141.1200,Metal1,23.0450,141.1200,2.946e-15
Metal1,21.0350,148.9600,Metal1,23.0450,148.9600,5.892e-15
Metal1,21.0350,156.8000,Metal1,23.0450,156.8000,0.000e+00
Metal1,21.0350,164.6400,Metal1,23.0450,164.6400,0.000e+00
Metal1,21.0350,172.4800,Metal1,23.0450,172.4800,2.946e-15
Metal1,21.0350,180.3200,Metal1,23.0450,180.3200,2.946e-15
Metal1,21.0350,188.1600,Metal1,23.0450,188.1600,0.000e+00
Metal1,21.0350,196.0000,Metal1,23.0450,196.0000,2.946e-15
Metal1,21.0350,203.8400,Metal1,23.0450,203.8400,2.946e-15
Metal1,21.0350,211.6800,Metal1,23.0450,211.6800,0.000e+00
Metal1,21.0350,219.5200,Metal1,23.0450,219.5200,0.000e+00
Metal1,21.0350,227.3600,Metal1,23.0450,227.3600,0.000e+00
Metal1,21.0350,235.2000,Metal1,23.0450,235.2000,2.946e-15
Metal1,21.0350,243.0400,Metal1,23.0450,243.0400,2.946e-15
Metal1,21.0350,250.8800,Metal1,23.0450,250.8800,7.365e-14
Metal1,21.1950,54.8800,Metal1,21.6050,54.8800,2.628e-07
Metal1,21.3650,15.6800,Metal1,21.5950,15.6800,5.325e-09
Metal1,21.5300,47.0400,Metal1,21.6050,46.4950,5.134e-10
Metal1,21.5950,15.6800,Metal1,23.9100,15.6800,5.345e-09
Metal1,21.6050,39.2000,Metal1,21.8350,39.2000,3.356e-12
Metal1,21.6050,46.4950,Metal1,21.7600,47.2350,3.192e-11
Metal1,21.6050,54.8800,Metal1,21.8350,54.8800,8.979e-07
Metal1,21.6050,62.7200,Metal1,21.8350,62.7200,3.271e-12
Metal1,21.6050,86.2400,Metal1,21.8350,86.2400,1.189e-12
Metal1,21.6050,101.9200,Metal1,21.8350,101.9200,2.081e-12
Metal1,21.6050,109.7600,Metal1,21.8350,109.7600,3.313e-12
Metal1,21.6050,117.6000,Metal1,21.8350,117.6000,3.271e-12
Metal1,21.6050,125.4400,Metal1,21.8350,125.4400,2.039e-12
Metal1,21.7600,47.2350,Metal1,21.8350,47.0400,3.193e-11
Metal1,21.8350,39.2000,Metal1,23.0450,39.2000,3.357e-12
Metal1,21.8350,47.0400,Metal1,23.5700,47.0400,7.699e-12
Metal1,21.8350,54.8800,Metal1,23.8450,54.8800,6.591e-08
Metal1,21.8350,62.7200,Metal1,23.0450,62.7200,3.303e-12
Metal1,21.8350,86.2400,Metal1,23.0450,86.2400,1.184e-12
Metal1,21.8350,101.9200,Metal1,23.0450,101.9200,2.070e-12
Metal1,21.8350,109.7600,Metal1,23.0450,109.7600,3.288e-12
Metal1,21.8350,117.6000,Metal1,23.0450,117.6000,3.303e-12
Metal1,21.8350,125.4400,Metal1,23.0450,125.4400,2.080e-12
Metal1,23.0450,31.3600,Metal1,23.2750,31.3600,1.540e-10
Metal1,23.0450,39.2000,Metal1,23.2750,39.2000,2.375e-12
Metal1,23.0450,62.7200,Metal1,23.2750,62.7200,2.078e-12
Metal1,23.0450,70.5600,Metal1,23.2750,70.5600,1.203e-11
Metal1,23.0450,78.4000,Metal1,23.2750,78.4000,1.203e-11
Metal1,23.0450,86.2400,Metal1,23.2750,86.2400,7.126e-12
Metal1,23.0450,94.0800,Metal1,23.2750,94.0800,1.203e-11
Metal1,23.0450,101.9200,Metal1,23.2750,101.9200,3.266e-12
Metal1,23.0450,109.7600,Metal1,23.2750,109.7600,2.153e-12
Metal1,23.0450,117.6000,Metal1,23.2750,117.6000,2.078e-12
Metal1,23.0450,125.4400,Metal1,23.2750,125.4400,3.266e-12
Metal1,23.0450,133.2800,Metal1,23.2750,133.2800,1.203e-11
Metal1,23.0450,141.1200,Metal1,23.2750,141.1200,1.203e-11
Metal1,23.0450,148.9600,Metal1,23.2750,148.9600,1.203e-11
Metal1,23.0450,156.8000,Metal1,23.2750,156.8000,1.203e-11
Metal1,23.0450,164.6400,Metal1,23.2750,164.6400,1.203e-11
Metal1,23.0450,172.4800,Metal1,23.2750,172.4800,1.203e-11
Metal1,23.0450,180.3200,Metal1,23.2750,180.3200,1.203e-11
Metal1,23.0450,188.1600,Metal1,23.2750,188.1600,1.203e-11
Metal1,23.0450,196.0000,Metal1,23.2750,196.0000,1.203e-11
Metal1,23.0450,203.8400,Metal1,23.2750,203.8400,1.203e-11
Metal1,23.0450,211.6800,Metal1,23.2750,211.6800,1.203e-11
Metal1,23.0450,219.5200,Metal1,23.2750,219.5200,1.190e-11
Metal1,23.0450,227.3600,Metal1,23.2750,227.3600,1.203e-11
Metal1,23.0450,235.2000,Metal1,23.2750,235.2000,1.190e-11
Metal1,23.0450,243.0400,Metal1,23.2750,243.0400,1.215e-11
Metal1,23.0450,250.8800,Metal1,23.2750,250.8800,2.175e-11
Metal1,23.2750,31.3600,Metal1,24.4700,31.3600,1.630e-10
Metal1,23.2750,39.2000,Metal1,23.8450,39.2000,7.864e-12
Metal1,23.2750,62.7200,Metal1,23.8450,62.7200,8.155e-12
Metal1,23.2750,70.5600,Metal1,24.4700,70.5600,3.027e-12
Metal1,23.2750,78.4000,Metal1,24.4700,78.4000,3.027e-12
Metal1,23.2750,86.2400,Metal1,23.8450,86.2400,1.738e-11
Metal1,23.2750,94.0800,Metal1,24.4700,94.0800,3.027e-12
Metal1,23.2750,101.9200,Metal1,23.8450,101.9200,1.347e-11
Metal1,23.2750,109.7600,Metal1,23.8450,109.7600,8.155e-12
Metal1,23.2750,117.6000,Metal1,23.8450,117.6000,8.165e-12
Metal1,23.2750,125.4400,Metal1,23.8450,125.4400,1.348e-11
Metal1,23.2750,133.2800,Metal1,24.4700,133.2800,3.027e-12
Metal1,23.2750,141.1200,Metal1,24.4700,141.1200,3.027e-12
Metal1,23.2750,148.9600,Metal1,24.4700,148.9600,3.023e-12
Metal1,23.2750,156.8000,Metal1,24.4700,156.8000,3.027e-12
Metal1,23.2750,164.6400,Metal1,24.4700,164.6400,3.023e-12
Metal1,23.2750,172.4800,Metal1,24.4700,172.4800,3.032e-12
Metal1,23.2750,180.3200,Metal1,24.4700,180.3200,3.027e-12
Metal1,23.2750,188.1600,Metal1,24.4700,188.1600,3.027e-12
Metal1,23.2750,196.0000,Metal1,24.4700,196.0000,3.023e-12
Metal1,23.2750,203.8400,Metal1,24.4700,203.8400,3.027e-12
Metal1,23.2750,211.6800,Metal1,24.4700,211.6800,3.023e-12
Metal1,23.2750,219.5200,Metal1,24.4700,219.5200,3.027e-12
Metal1,23.2750,227.3600,Metal1,24.4700,227.3600,3.023e-12
Metal1,23.2750,235.2000,Metal1,24.4700,235.2000,3.027e-12
Metal1,23.2750,243.0400,Metal1,24.4700,243.0400,3.018e-12
Metal1,23.2750,250.8800,Metal1,23.9100,250.8800,2.170e-11
Metal1,23.5700,47.0400,Metal1,23.8000,47.0400,2.050e-09
Metal1,23.8000,47.0400,Metal1,23.8450,47.0400,2.050e-09
Metal1,23.8450,39.2000,Metal1,24.0750,39.2000,4.120e-11
Metal1,23.8450,47.0400,Metal1,24.0750,47.0400,5.097e-11
Metal1,23.8450,54.8800,Metal1,24.0750,54.8800,3.139e-09
Metal1,23.8450,62.7200,Metal1,24.0750,62.7200,4.248e-14
Metal1,23.8450,86.2400,Metal1,24.0750,86.2400,1.341e-09
Metal1,23.8450,101.9200,Metal1,24.0750,101.9200,7.755e-10
Metal1,23.8450,109.7600,Metal1,24.0750,109.7600,4.248e-14
Metal1,23.8450,117.6000,Metal1,24.0750,117.6000,8.496e-14
Metal1,23.8450,125.4400,Metal1,24.0750,125.4400,7.755e-10
Metal1,23.8700,23.5200,Metal1,24.2100,23.5200,1.116e-09
Metal1,23.9100,15.6800,Metal1,24.2500,15.6800,5.356e-09
Metal1,23.9100,250.8800,Metal1,24.2500,250.8800,3.111e-11
Metal1,24.0750,39.2000,Metal1,24.4700,39.2000,9.502e-10
Metal1,24.0750,47.0400,Metal1,24.4700,47.0400,8.827e-10
Metal1,24.0750,54.8800,Metal1,24.4700,54.8800,6.000e-09
Metal1,24.0750,62.7200,Metal1,24.4700,62.7200,7.795e-12
Metal1,24.0750,86.2400,Metal1,24.4700,86.2400,3.071e-08
Metal1,24.0750,101.9200,Metal1,24.4700,101.9200,1.775e-08
Metal1,24.0750,109.7600,Metal1,24.4700,109.7600,7.375e-12
Metal1,24.0750,117.6000,Metal1,24.4700,117.6000,7.705e-12
Metal1,24.0750,125.4400,Metal1,24.4700,125.4400,1.775e-08
Metal1,24.2100,23.5200,Metal1,24.4700,23.5200,2.178e-09
Metal1,24.2500,15.6800,Metal1,25.5050,15.6800,5.356e-09
Metal1,24.2500,250.8800,Metal1,26.4050,250.8800,3.113e-11
Metal1,24.4700,23.5200,Metal1,24.8100,23.5200,2.188e-09
Metal1,24.4700,31.3600,Metal1,24.8100,31.3600,1.737e-10
Metal1,24.4700,39.2000,Metal1,24.8100,39.2000,9.399e-10
Metal1,24.4700,47.0400,Metal1,24.8100,47.0400,8.723e-10
Metal1,24.4700,54.8800,Metal1,24.8100,54.8800,6.010e-09
Metal1,24.4700,62.7200,Metal1,24.8100,62.7200,2.592e-12
Metal1,24.4700,70.5600,Metal1,24.8100,70.5600,7.644e-12
Metal1,24.4700,78.4000,Metal1,24.8100,78.4000,7.644e-12
Metal1,24.4700,86.2400,Metal1,24.8100,86.2400,3.072e-08
Metal1,24.4700,94.0800,Metal1,24.8100,94.0800,7.644e-12
Metal1,24.4700,101.9200,Metal1,24.8100,101.9200,1.776e-08
Metal1,24.4700,109.7600,Metal1,24.8100,109.7600,2.991e-12
Metal1,24.4700,117.6000,Metal1,24.8100,117.6000,2.592e-12
Metal1,24.4700,125.4400,Metal1,24.8100,125.4400,1.776e-08
Metal1,24.4700,133.2800,Metal1,24.8100,133.2800,7.644e-12
Metal1,24.4700,141.1200,Metal1,24.8100,141.1200,7.644e-12
Metal1,24.4700,148.9600,Metal1,24.8100,148.9600,7.644e-12
Metal1,24.4700,156.8000,Metal1,24.8100,156.8000,7.644e-12
Metal1,24.4700,164.6400,Metal1,24.8100,164.6400,7.577e-12
Metal1,24.4700,172.4800,Metal1,24.8100,172.4800,7.644e-12
Metal1,24.4700,180.3200,Metal1,24.8100,180.3200,7.644e-12
Metal1,24.4700,188.1600,Metal1,24.8100,188.1600,7.644e-12
Metal1,24.4700,196.0000,Metal1,24.8100,196.0000,7.577e-12
Metal1,24.4700,203.8400,Metal1,24.8100,203.8400,7.644e-12
Metal1,24.4700,211.6800,Metal1,24.8100,211.6800,7.577e-12
Metal1,24.4700,219.5200,Metal1,24.8100,219.5200,7.644e-12
Metal1,24.4700,227.3600,Metal1,24.8100,227.3600,7.577e-12
Metal1,24.4700,235.2000,Metal1,24.8100,235.2000,7.577e-12
Metal1,24.4700,243.0400,Metal1,24.8100,243.0400,7.577e-12
Metal1,24.8100,23.5200,Metal1,26.9650,23.5200,2.188e-09
Metal1,24.8100,31.3600,Metal1,25.5050,31.3600,1.737e-10
Metal1,24.8100,39.2000,Metal1,26.0850,39.2000,9.398e-10
Metal1,24.8100,47.0400,Metal1,26.0850,47.0400,8.723e-10
Metal1,24.8100,54.8800,Metal1,26.0850,54.8800,6.010e-09
Metal1,24.8100,62.7200,Metal1,26.0850,62.7200,2.596e-12
Metal1,24.8100,70.5600,Metal1,25.2850,70.5600,7.604e-12
Metal1,24.8100,78.4000,Metal1,25.2850,78.4000,7.604e-12
Metal1,24.8100,86.2400,Metal1,26.0850,86.2400,3.072e-08
Metal1,24.8100,94.0800,Metal1,25.2850,94.0800,7.604e-12
Metal1,24.8100,101.9200,Metal1,26.0850,101.9200,1.776e-08
Metal1,24.8100,109.7600,Metal1,26.0850,109.7600,3.005e-12
Metal1,24.8100,117.6000,Metal1,26.0850,117.6000,2.666e-12
Metal1,24.8100,125.4400,Metal1,26.0850,125.4400,1.776e-08
Metal1,24.8100,133.2800,Metal1,25.2850,133.2800,7.617e-12
Metal1,24.8100,141.1200,Metal1,25.2850,141.1200,7.604e-12
Metal1,24.8100,148.9600,Metal1,25.2850,148.9600,7.592e-12
Metal1,24.8100,156.8000,Metal1,25.2850,156.8000,7.617e-12
Metal1,24.8100,164.6400,Metal1,25.2850,164.6400,7.617e-12
Metal1,24.8100,172.4800,Metal1,25.2850,172.4800,7.617e-12
Metal1,24.8100,180.3200,Metal1,25.2850,180.3200,7.617e-12
Metal1,24.8100,188.1600,Metal1,25.2850,188.1600,7.617e-12
Metal1,24.8100,196.0000,Metal1,25.2850,196.0000,7.617e-12
Metal1,24.8100,203.8400,Metal1,25.2850,203.8400,7.604e-12
Metal1,24.8100,211.6800,Metal1,25.2850,211.6800,7.604e-12
Metal1,24.8100,219.5200,Metal1,25.2850,219.5200,7.592e-12
Metal1,24.8100,227.3600,Metal1,25.2850,227.3600,7.617e-12
Metal1,24.8100,235.2000,Metal1,25.2850,235.2000,7.604e-12
Metal1,24.8100,243.0400,Metal1,25.2850,243.0400,7.604e-12
Metal1,25.2850,70.5600,Metal1,25.5150,70.5600,8.759e-12
Metal1,25.2850,78.4000,Metal1,25.5150,78.4000,8.833e-12
Metal1,25.2850,94.0800,Metal1,25.5150,94.0800,8.759e-12
Metal1,25.2850,133.2800,Metal1,25.5150,133.2800,9.650e-12
Metal1,25.2850,141.1200,Metal1,25.5150,141.1200,8.833e-12
Metal1,25.2850,148.9600,Metal1,25.5150,148.9600,8.685e-12
Metal1,25.2850,156.8000,Metal1,25.5150,156.8000,9.650e-12
Metal1,25.2850,164.6400,Metal1,25.5150,164.6400,8.759e-12
Metal1,25.2850,172.4800,Metal1,25.5150,172.4800,8.759e-12
Metal1,25.2850,180.3200,Metal1,25.5150,180.3200,9.650e-12
Metal1,25.2850,188.1600,Metal1,25.5150,188.1600,9.576e-12
Metal1,25.2850,196.0000,Metal1,25.5150,196.0000,9.650e-12
Metal1,25.2850,203.8400,Metal1,25.5150,203.8400,8.833e-12
Metal1,25.2850,211.6800,Metal1,25.5150,211.6800,8.833e-12
Metal1,25.2850,219.5200,Metal1,25.5150,219.5200,8.833e-12
Metal1,25.2850,227.3600,Metal1,25.5150,227.3600,8.759e-12
Metal1,25.2850,235.2000,Metal1,25.5150,235.2000,8.833e-12
Metal1,25.2850,243.0400,Metal1,25.5150,243.0400,8.833e-12
Metal1,25.5050,15.6800,Metal1,25.7350,15.6800,3.020e-06
Metal1,25.5050,31.3600,Metal1,25.7350,31.3600,5.211e-08
Metal1,25.5150,70.5600,Metal1,26.9650,70.5600,8.804e-12
Metal1,25.5150,78.4000,Metal1,26.9650,78.4000,8.861e-12
Metal1,25.5150,94.0800,Metal1,26.9650,94.0800,8.853e-12
Metal1,25.5150,133.2800,Metal1,26.9650,133.2800,9.658e-12
Metal1,25.5150,141.1200,Metal1,26.9650,141.1200,8.784e-12
Metal1,25.5150,148.9600,Metal1,26.9650,148.9600,8.792e-12
Metal1,25.5150,156.8000,Metal1,26.9650,156.8000,9.698e-12
Metal1,25.5150,164.6400,Metal1,26.9650,164.6400,8.882e-12
Metal1,25.5150,172.4800,Metal1,26.9650,172.4800,8.882e-12
Metal1,25.5150,180.3200,Metal1,26.9650,180.3200,9.707e-12
Metal1,25.5150,188.1600,Metal1,26.9650,188.1600,9.707e-12
Metal1,25.5150,196.0000,Metal1,26.9650,196.0000,9.711e-12
Metal1,25.5150,203.8400,Metal1,26.9650,203.8400,8.914e-12
Metal1,25.5150,211.6800,Metal1,26.9650,211.6800,8.882e-12
Metal1,25.5150,219.5200,Metal1,26.9650,219.5200,8.959e-12
Metal1,25.5150,227.3600,Metal1,26.9650,227.3600,8.878e-12
Metal1,25.5150,235.2000,Metal1,26.9650,235.2000,8.882e-12
Metal1,25.5150,243.0400,Metal1,26.9650,243.0400,8.878e-12
Metal1,25.7350,15.6800,Metal1,26.4050,15.6800,3.020e-06
Metal1,25.7350,31.3600,Metal1,26.9650,31.3600,5.211e-08
Metal1,26.0850,39.2000,Metal1,26.3150,39.2000,2.504e-07
Metal1,26.0850,47.0400,Metal1,26.3150,47.0400,2.326e-07
Metal1,26.0850,54.8800,Metal1,26.3150,54.8800,1.594e-06
Metal1,26.0850,62.7200,Metal1,26.3150,62.7200,6.397e-11
Metal1,26.0850,86.2400,Metal1,26.3150,86.2400,8.165e-06
Metal1,26.0850,101.9200,Metal1,26.3150,101.9200,4.721e-06
Metal1,26.0850,109.7600,Metal1,26.3150,109.7600,1.724e-10
Metal1,26.0850,117.6000,Metal1,26.3150,117.6000,7.977e-11
Metal1,26.0850,125.4400,Metal1,26.3150,125.4400,4.721e-06
Metal1,26.3150,39.2000,Metal1,27.5300,39.2000,2.504e-07
Metal1,26.3150,47.0400,Metal1,28.3250,47.0400,1.676e-08
Metal1,26.3150,54.8800,Metal1,26.5100,54.8800,1.594e-06
Metal1,26.3150,62.7200,Metal1,26.9650,62.7200,6.395e-11
Metal1,26.3150,86.2400,Metal1,26.9650,86.2400,8.165e-06
Metal1,26.3150,101.9200,Metal1,26.9650,101.9200,4.721e-06
Metal1,26.3150,109.7600,Metal1,26.9650,109.7600,1.724e-10
Metal1,26.3150,117.6000,Metal1,26.9650,117.6000,7.976e-11
Metal1,26.3150,125.4400,Metal1,26.9650,125.4400,4.721e-06
Metal1,26.4050,15.6800,Metal1,26.6350,15.6800,3.294e-06
Metal1,26.4050,250.8800,Metal1,26.6350,250.8800,1.485e-13
Metal1,26.5100,54.8800,Metal1,26.8500,54.8800,3.311e-07
Metal1,26.6350,15.6800,Metal1,27.2450,15.6800,3.294e-06
Metal1,26.6350,250.8800,Metal1,28.6450,250.8800,1.002e-13
Metal1,26.8500,54.8800,Metal1,28.3250,54.8800,3.311e-07
Metal1,26.9650,23.5200,Metal1,27.1950,23.5200,6.948e-11
Metal1,26.9650,31.3600,Metal1,27.1950,31.3600,2.505e-07
Metal1,26.9650,62.7200,Metal1,27.1950,62.7200,4.149e-11
Metal1,26.9650,70.5600,Metal1,27.1950,70.5600,3.214e-11
Metal1,26.9650,78.4000,Metal1,27.1950,78.4000,3.244e-11
Metal1,26.9650,86.2400,Metal1,27.1950,86.2400,5.298e-06
Metal1,26.9650,94.0800,Metal1,27.1950,94.0800,3.244e-11
Metal1,26.9650,101.9200,Metal1,27.1950,101.9200,3.064e-06
Metal1,26.9650,109.7600,Metal1,27.1950,109.7600,1.119e-10
Metal1,26.9650,117.6000,Metal1,27.1950,117.6000,1.856e-12
Metal1,26.9650,125.4400,Metal1,27.1950,125.4400,3.064e-06
Metal1,26.9650,133.2800,Metal1,27.1950,133.2800,3.541e-11
Metal1,26.9650,141.1200,Metal1,27.1950,141.1200,3.214e-11
Metal1,26.9650,148.9600,Metal1,27.1950,148.9600,3.214e-11
Metal1,26.9650,156.8000,Metal1,27.1950,156.8000,3.556e-11
Metal1,26.9650,164.6400,Metal1,27.1950,164.6400,3.251e-11
Metal1,26.9650,172.4800,Metal1,27.1950,172.4800,3.251e-11
Metal1,26.9650,180.3200,Metal1,27.1950,180.3200,3.556e-11
Metal1,26.9650,188.1600,Metal1,27.1950,188.1600,3.556e-11
Metal1,26.9650,196.0000,Metal1,27.1950,196.0000,3.556e-11
Metal1,26.9650,203.8400,Metal1,27.1950,203.8400,3.259e-11
Metal1,26.9650,211.6800,Metal1,27.1950,211.6800,3.251e-11
Metal1,26.9650,219.5200,Metal1,27.1950,219.5200,3.281e-11
Metal1,26.9650,227.3600,Metal1,27.1950,227.3600,3.251e-11
Metal1,26.9650,235.2000,Metal1,27.1950,235.2000,3.251e-11
Metal1,26.9650,243.0400,Metal1,27.1950,243.0400,3.259e-11
Metal1,27.1950,23.5200,Metal1,28.8650,23.5200,3.160e-09
Metal1,27.1950,31.3600,Metal1,27.2450,31.3600,2.505e-07
Metal1,27.1950,62.7200,Metal1,28.3250,62.7200,4.150e-11
Metal1,27.1950,70.5600,Metal1,27.5250,70.5600,3.221e-11
Metal1,27.1950,78.4000,Metal1,27.5250,78.4000,3.241e-11
Metal1,27.1950,86.2400,Metal1,28.3250,86.2400,5.298e-06
Metal1,27.1950,94.0800,Metal1,27.5250,94.0800,3.237e-11
Metal1,27.1950,101.9200,Metal1,28.3250,101.9200,3.064e-06
Metal1,27.1950,109.7600,Metal1,28.3250,109.7600,1.119e-10
Metal1,27.1950,117.6000,Metal1,28.3250,117.6000,5.552e-11
Metal1,27.1950,125.4400,Metal1,28.3250,125.4400,3.064e-06
Metal1,27.1950,133.2800,Metal1,27.5250,133.2800,3.535e-11
Metal1,27.1950,141.1200,Metal1,27.5250,141.1200,3.214e-11
Metal1,27.1950,148.9600,Metal1,27.5250,148.9600,3.215e-11
Metal1,27.1950,156.8000,Metal1,27.5250,156.8000,3.549e-11
Metal1,27.1950,164.6400,Metal1,27.5250,164.6400,3.248e-11
Metal1,27.1950,172.4800,Metal1,27.5250,172.4800,3.248e-11
Metal1,27.1950,180.3200,Metal1,27.5250,180.3200,3.551e-11
Metal1,27.1950,188.1600,Metal1,27.5250,188.1600,3.551e-11
Metal1,27.1950,196.0000,Metal1,27.5250,196.0000,3.553e-11
Metal1,27.1950,203.8400,Metal1,27.5250,203.8400,3.262e-11
Metal1,27.1950,211.6800,Metal1,27.5250,211.6800,3.249e-11
Metal1,27.1950,219.5200,Metal1,27.5250,219.5200,3.276e-11
Metal1,27.1950,227.3600,Metal1,27.5250,227.3600,3.248e-11
Metal1,27.1950,235.2000,Metal1,27.5250,235.2000,3.249e-11
Metal1,27.1950,243.0400,Metal1,27.5250,243.0400,3.246e-11
Metal1,27.2450,15.6800,Metal1,27.4750,15.6800,1.832e-06
Metal1,27.2450,31.3600,Metal1,27.4750,31.3600,3.912e-08
Metal1,27.4750,15.6800,Metal1,28.6450,15.6800,1.832e-06
Metal1,27.4750,31.3600,Metal1,29.2050,31.3600,3.912e-08
Metal1,27.5250,70.5600,Metal1,27.7550,70.5600,8.685e-12
Metal1,27.5250,78.4000,Metal1,27.7550,78.4000,8.833e-12
Metal1,27.5250,94.0800,Metal1,27.7550,94.0800,8.759e-12
Metal1,27.5250,133.2800,Metal1,27.7550,133.2800,9.650e-12
Metal1,27.5250,141.1200,Metal1,27.7550,141.1200,8.685e-12
Metal1,27.5250,148.9600,Metal1,27.7550,148.9600,8.759e-12
Metal1,27.5250,156.8000,Metal1,27.7550,156.8000,9.650e-12
Metal1,27.5250,164.6400,Metal1,27.7550,164.6400,8.833e-12
Metal1,27.5250,172.4800,Metal1,27.7550,172.4800,8.759e-12
Metal1,27.5250,180.3200,Metal1,27.7550,180.3200,9.650e-12
Metal1,27.5250,188.1600,Metal1,27.7550,188.1600,9.576e-12
Metal1,27.5250,196.0000,Metal1,27.7550,196.0000,9.650e-12
Metal1,27.5250,203.8400,Metal1,27.7550,203.8400,8.833e-12
Metal1,27.5250,211.6800,Metal1,27.7550,211.6800,8.759e-12
Metal1,27.5250,219.5200,Metal1,27.7550,219.5200,8.908e-12
Metal1,27.5250,227.3600,Metal1,27.7550,227.3600,8.833e-12
Metal1,27.5250,235.2000,Metal1,27.7550,235.2000,8.833e-12
Metal1,27.5250,243.0400,Metal1,27.7550,243.0400,8.833e-12
Metal1,27.5300,39.2000,Metal1,27.8700,39.2000,5.732e-07
Metal1,27.7550,70.5600,Metal1,29.2050,70.5600,8.743e-12
Metal1,27.7550,78.4000,Metal1,29.2050,78.4000,8.804e-12
Metal1,27.7550,94.0800,Metal1,29.2050,94.0800,8.829e-12
Metal1,27.7550,133.2800,Metal1,29.2050,133.2800,9.633e-12
Metal1,27.7550,141.1200,Metal1,29.2050,141.1200,8.727e-12
Metal1,27.7550,148.9600,Metal1,29.2050,148.9600,8.739e-12
Metal1,27.7550,156.8000,Metal1,29.2050,156.8000,9.649e-12
Metal1,27.7550,164.6400,Metal1,29.2050,164.6400,8.825e-12
Metal1,27.7550,172.4800,Metal1,29.2050,172.4800,8.829e-12
Metal1,27.7550,180.3200,Metal1,29.2050,180.3200,9.649e-12
Metal1,27.7550,188.1600,Metal1,29.2050,188.1600,9.649e-12
Metal1,27.7550,196.0000,Metal1,29.2050,196.0000,9.654e-12
Metal1,27.7550,203.8400,Metal1,29.2050,203.8400,8.861e-12
Metal1,27.7550,211.6800,Metal1,29.2050,211.6800,8.833e-12
Metal1,27.7550,219.5200,Metal1,29.2050,219.5200,8.898e-12
Metal1,27.7550,227.3600,Metal1,29.2050,227.3600,8.829e-12
Metal1,27.7550,235.2000,Metal1,29.2050,235.2000,8.829e-12
Metal1,27.7550,243.0400,Metal1,29.2050,243.0400,8.825e-12
Metal1,27.8700,39.2000,Metal1,28.3250,39.2000,5.732e-07
Metal1,28.3250,39.2000,Metal1,28.5550,39.2000,5.202e-09
Metal1,28.3250,47.0400,Metal1,28.5550,47.0400,2.650e-08
Metal1,28.3250,54.8800,Metal1,28.5050,55.0750,9.849e-08
Metal1,28.3250,62.7200,Metal1,28.5550,62.7200,6.393e-11
Metal1,28.3250,86.2400,Metal1,28.5550,86.2400,8.120e-06
Metal1,28.3250,101.9200,Metal1,28.5550,101.9200,4.696e-06
Metal1,28.3250,109.7600,Metal1,28.5550,109.7600,1.724e-10
Metal1,28.3250,117.6000,Metal1,28.5550,117.6000,8.118e-11
Metal1,28.3250,125.4400,Metal1,28.5550,125.4400,4.696e-06
Metal1,28.5050,55.0750,Metal1,28.5550,54.6625,9.849e-08
Metal1,28.5550,39.2000,Metal1,30.5650,39.2000,5.202e-09
Metal1,28.5550,47.0400,Metal1,29.7300,47.0400,2.650e-08
Metal1,28.5550,54.6625,Metal1,28.7350,54.8800,2.163e-07
Metal1,28.5550,62.7200,Metal1,29.2050,62.7200,6.395e-11
Metal1,28.5550,86.2400,Metal1,29.2050,86.2400,8.120e-06
Metal1,28.5550,101.9200,Metal1,29.2050,101.9200,4.696e-06
Metal1,28.5550,109.7600,Metal1,29.2050,109.7600,1.724e-10
Metal1,28.5550,117.6000,Metal1,29.2050,117.6000,8.117e-11
Metal1,28.5550,125.4400,Metal1,29.2050,125.4400,4.696e-06
Metal1,28.6450,15.6800,Metal1,28.8750,15.6800,1.322e-07
Metal1,28.6450,250.8800,Metal1,28.8750,250.8800,7.423e-14
Metal1,28.7350,54.8800,Metal1,30.5650,54.8800,2.163e-07
Metal1,28.8650,23.5200,Metal1,29.0950,23.5200,2.706e-08
Metal1,28.8750,15.6800,Metal1,30.8850,15.6800,1.348e-08
Metal1,28.8750,250.8800,Metal1,30.8850,250.8800,2.946e-15
Metal1,29.0950,23.5200,Metal1,29.2050,23.5200,2.706e-08
Metal1,29.2050,23.5200,Metal1,29.4350,23.5200,3.242e-08
Metal1,29.2050,31.3600,Metal1,29.4350,31.3600,5.521e-06
Metal1,29.2050,62.7200,Metal1,29.4350,62.7200,1.559e-12
Metal1,29.2050,70.5600,Metal1,29.4350,70.5600,4.008e-12
Metal1,29.2050,78.4000,Metal1,29.4350,78.4000,4.008e-12
Metal1,29.2050,86.2400,Metal1,29.4350,86.2400,5.299e-06
Metal1,29.2050,94.0800,Metal1,29.4350,94.0800,2.004e-12
Metal1,29.2050,101.9200,Metal1,29.4350,101.9200,3.064e-06
Metal1,29.2050,109.7600,Metal1,29.4350,109.7600,3.860e-12
Metal1,29.2050,117.6000,Metal1,29.4350,117.6000,2.255e-10
Metal1,29.2050,125.4400,Metal1,29.4350,125.4400,3.064e-06
Metal1,29.2050,133.2800,Metal1,29.4350,133.2800,2.078e-12
Metal1,29.2050,141.1200,Metal1,29.4350,141.1200,3.860e-12
Metal1,29.2050,148.9600,Metal1,29.4350,148.9600,4.008e-12
Metal1,29.2050,156.8000,Metal1,29.4350,156.8000,4.083e-12
Metal1,29.2050,164.6400,Metal1,29.4350,164.6400,4.008e-12
Metal1,29.2050,172.4800,Metal1,29.4350,172.4800,4.083e-12
Metal1,29.2050,180.3200,Metal1,29.4350,180.3200,3.934e-12
Metal1,29.2050,188.1600,Metal1,29.4350,188.1600,3.934e-12
Metal1,29.2050,196.0000,Metal1,29.4350,196.0000,4.008e-12
Metal1,29.2050,203.8400,Metal1,29.4350,203.8400,3.860e-12
Metal1,29.2050,211.6800,Metal1,29.4350,211.6800,4.083e-12
Metal1,29.2050,219.5200,Metal1,29.4350,219.5200,4.008e-12
Metal1,29.2050,227.3600,Metal1,29.4350,227.3600,4.157e-12
Metal1,29.2050,235.2000,Metal1,29.4350,235.2000,4.083e-12
Metal1,29.2050,243.0400,Metal1,29.4350,243.0400,4.083e-12
Metal1,29.4350,23.5200,Metal1,30.6050,23.5200,3.242e-08
Metal1,29.4350,31.3600,Metal1,29.9300,31.3600,5.521e-06
Metal1,29.4350,62.7200,Metal1,30.5650,62.7200,4.475e-11
Metal1,29.4350,70.5600,Metal1,29.7650,70.5600,4.199e-12
Metal1,29.4350,78.4000,Metal1,29.7650,78.4000,4.073e-12
Metal1,29.4350,86.2400,Metal1,30.5650,86.2400,5.299e-06
Metal1,29.4350,94.0800,Metal1,29.7650,94.0800,2.022e-11
Metal1,29.4350,101.9200,Metal1,30.5650,101.9200,3.064e-06
Metal1,29.4350,109.7600,Metal1,30.5650,109.7600,1.207e-10
Metal1,29.4350,117.6000,Metal1,30.5650,117.6000,2.255e-10
Metal1,29.4350,125.4400,Metal1,30.5650,125.4400,3.064e-06
Metal1,29.4350,133.2800,Metal1,29.7650,133.2800,2.176e-11
Metal1,29.4350,141.1200,Metal1,29.7650,141.1200,4.091e-12
Metal1,29.4350,148.9600,Metal1,29.7650,148.9600,4.055e-12
Metal1,29.4350,156.8000,Metal1,29.7650,156.8000,4.019e-12
Metal1,29.4350,164.6400,Metal1,29.7650,164.6400,4.055e-12
Metal1,29.4350,172.4800,Metal1,29.7650,172.4800,4.019e-12
Metal1,29.4350,180.3200,Metal1,29.7650,180.3200,4.055e-12
Metal1,29.4350,188.1600,Metal1,29.7650,188.1600,4.037e-12
Metal1,29.4350,196.0000,Metal1,29.7650,196.0000,4.055e-12
Metal1,29.4350,203.8400,Metal1,29.7650,203.8400,4.001e-12
Metal1,29.4350,211.6800,Metal1,29.7650,211.6800,4.055e-12
Metal1,29.4350,219.5200,Metal1,29.7650,219.5200,4.019e-12
Metal1,29.4350,227.3600,Metal1,29.7650,227.3600,4.019e-12
Metal1,29.4350,235.2000,Metal1,29.7650,235.2000,4.037e-12
Metal1,29.4350,243.0400,Metal1,29.7650,243.0400,4.019e-12
Metal1,29.7300,47.0400,Metal1,29.9600,47.0400,5.077e-08
Metal1,29.7650,70.5600,Metal1,29.9950,70.5600,1.188e-12
Metal1,29.7650,78.4000,Metal1,29.9950,78.4000,1.188e-12
Metal1,29.7650,94.0800,Metal1,29.9950,94.0800,4.380e-12
Metal1,29.7650,133.2800,Metal1,29.9950,133.2800,4.676e-12
Metal1,29.7650,141.1200,Metal1,29.9950,141.1200,1.113e-12
Metal1,29.7650,148.9600,Metal1,29.9950,148.9600,1.039e-12
Metal1,29.7650,156.8000,Metal1,29.9950,156.8000,1.113e-12
Metal1,29.7650,164.6400,Metal1,29.9950,164.6400,1.113e-12
Metal1,29.7650,172.4800,Metal1,29.9950,172.4800,1.113e-12
Metal1,29.7650,180.3200,Metal1,29.9950,180.3200,1.113e-12
Metal1,29.7650,188.1600,Metal1,29.9950,188.1600,1.113e-12
Metal1,29.7650,196.0000,Metal1,29.9950,196.0000,1.113e-12
Metal1,29.7650,203.8400,Metal1,29.9950,203.8400,1.113e-12
Metal1,29.7650,211.6800,Metal1,29.9950,211.6800,1.113e-12
Metal1,29.7650,219.5200,Metal1,29.9950,219.5200,1.113e-12
Metal1,29.7650,227.3600,Metal1,29.9950,227.3600,1.113e-12
Metal1,29.7650,235.2000,Metal1,29.9950,235.2000,1.113e-12
Metal1,29.7650,243.0400,Metal1,29.9950,243.0400,1.113e-12
Metal1,29.9300,31.3600,Metal1,30.1600,31.3600,8.906e-08
Metal1,29.9600,47.0400,Metal1,30.5650,47.0400,5.077e-08
Metal1,29.9950,70.5600,Metal1,31.4450,70.5600,1.143e-12
Metal1,29.9950,78.4000,Metal1,31.4450,78.4000,1.115e-12
Metal1,29.9950,94.0800,Metal1,31.4450,94.0800,4.349e-12
Metal1,29.9950,133.2800,Metal1,31.4450,133.2800,4.680e-12
Metal1,29.9950,141.1200,Metal1,31.4450,141.1200,1.119e-12
Metal1,29.9950,148.9600,Metal1,31.4450,148.9600,1.119e-12
Metal1,29.9950,156.8000,Metal1,31.4450,156.8000,1.111e-12
Metal1,29.9950,164.6400,Metal1,31.4450,164.6400,1.115e-12
Metal1,29.9950,172.4800,Metal1,31.4450,172.4800,1.119e-12
Metal1,29.9950,180.3200,Metal1,31.4450,180.3200,1.119e-12
Metal1,29.9950,188.1600,Metal1,31.4450,188.1600,1.115e-12
Metal1,29.9950,196.0000,Metal1,31.4450,196.0000,1.123e-12
Metal1,29.9950,203.8400,Metal1,31.4450,203.8400,1.094e-12
Metal1,29.9950,211.6800,Metal1,31.4450,211.6800,1.119e-12
Metal1,29.9950,219.5200,Metal1,31.4450,219.5200,1.111e-12
Metal1,29.9950,227.3600,Metal1,31.4450,227.3600,1.115e-12
Metal1,29.9950,235.2000,Metal1,31.4450,235.2000,1.119e-12
Metal1,29.9950,243.0400,Metal1,31.4450,243.0400,1.119e-12
Metal1,30.1600,31.3600,Metal1,30.8850,31.3600,8.906e-08
Metal1,30.5650,39.2000,Metal1,30.7950,39.2000,2.261e-06
Metal1,30.5650,47.0400,Metal1,30.7950,47.0400,1.314e-08
Metal1,30.5650,54.8800,Metal1,30.7950,54.8800,4.051e-08
Metal1,30.5650,62.7200,Metal1,30.7950,62.7200,6.355e-11
Metal1,30.5650,86.2400,Metal1,30.7950,86.2400,8.120e-06
Metal1,30.5650,101.9200,Metal1,30.7950,101.9200,4.696e-06
Metal1,30.5650,109.7600,Metal1,30.7950,109.7600,1.714e-10
Metal1,30.5650,117.6000,Metal1,30.7950,117.6000,5.090e-08
Metal1,30.5650,125.4400,Metal1,30.7950,125.4400,4.696e-06
Metal1,30.6050,23.5200,Metal1,30.8350,23.5200,6.940e-06
Metal1,30.7950,39.2000,Metal1,32.8050,39.2000,1.627e-07
Metal1,30.7950,47.0400,Metal1,32.5650,47.0400,1.314e-08
Metal1,30.7950,54.8800,Metal1,32.8050,54.8800,4.051e-08
Metal1,30.7950,62.7200,Metal1,31.4450,62.7200,6.356e-11
Metal1,30.7950,86.2400,Metal1,31.4450,86.2400,8.120e-06
Metal1,30.7950,101.9200,Metal1,31.4450,101.9200,4.696e-06
Metal1,30.7950,109.7600,Metal1,31.4450,109.7600,1.714e-10
Metal1,30.7950,117.6000,Metal1,31.4450,117.6000,1.023e-09
Metal1,30.7950,125.4400,Metal1,31.4450,125.4400,4.696e-06
Metal1,30.8350,23.5200,Metal1,32.0100,23.5200,6.940e-06
Metal1,30.8850,15.6800,Metal1,31.1150,15.6800,7.740e-10
Metal1,30.8850,31.3600,Metal1,31.1150,31.3600,3.733e-08
Metal1,30.8850,250.8800,Metal1,31.1150,250.8800,2.227e-13
Metal1,31.1150,15.6800,Metal1,33.1250,15.6800,7.740e-10
Metal1,31.1150,31.3600,Metal1,31.9700,31.3600,3.733e-08
Metal1,31.1150,250.8800,Metal1,33.1250,250.8800,1.414e-13
Metal1,31.4450,62.7200,Metal1,31.6750,62.7200,4.142e-11
Metal1,31.4450,70.5600,Metal1,31.6750,70.5600,4.305e-12
Metal1,31.4450,78.4000,Metal1,31.6750,78.4000,4.231e-12
Metal1,31.4450,86.2400,Metal1,31.6750,86.2400,5.298e-06
Metal1,31.4450,94.0800,Metal1,31.6750,94.0800,1.640e-11
Metal1,31.4450,101.9200,Metal1,31.6750,101.9200,3.064e-06
Metal1,31.4450,109.7600,Metal1,31.6750,109.7600,1.119e-10
Metal1,31.4450,117.6000,Metal1,31.6750,117.6000,5.091e-08
Metal1,31.4450,125.4400,Metal1,31.6750,125.4400,3.064e-06
Metal1,31.4450,133.2800,Metal1,31.6750,133.2800,1.759e-11
Metal1,31.4450,141.1200,Metal1,31.6750,141.1200,4.231e-12
Metal1,31.4450,148.9600,Metal1,31.6750,148.9600,4.157e-12
Metal1,31.4450,156.8000,Metal1,31.6750,156.8000,4.231e-12
Metal1,31.4450,164.6400,Metal1,31.6750,164.6400,4.231e-12
Metal1,31.4450,172.4800,Metal1,31.6750,172.4800,4.231e-12
Metal1,31.4450,180.3200,Metal1,31.6750,180.3200,4.231e-12
Metal1,31.4450,188.1600,Metal1,31.6750,188.1600,4.231e-12
Metal1,31.4450,196.0000,Metal1,31.6750,196.0000,4.157e-12
Metal1,31.4450,203.8400,Metal1,31.6750,203.8400,4.157e-12
Metal1,31.4450,211.6800,Metal1,31.6750,211.6800,4.157e-12
Metal1,31.4450,219.5200,Metal1,31.6750,219.5200,4.157e-12
Metal1,31.4450,227.3600,Metal1,31.6750,227.3600,4.157e-12
Metal1,31.4450,235.2000,Metal1,31.6750,235.2000,4.231e-12
Metal1,31.4450,243.0400,Metal1,31.6750,243.0400,4.231e-12
Metal1,31.6750,62.7200,Metal1,32.8050,62.7200,4.147e-11
Metal1,31.6750,70.5600,Metal1,32.0050,70.5600,4.288e-12
Metal1,31.6750,78.4000,Metal1,32.0050,78.4000,4.181e-12
Metal1,31.6750,86.2400,Metal1,32.8050,86.2400,5.298e-06
Metal1,31.6750,94.0800,Metal1,32.0050,94.0800,1.640e-11
Metal1,31.6750,101.9200,Metal1,32.8050,101.9200,3.064e-06
Metal1,31.6750,109.7600,Metal1,32.8050,109.7600,1.119e-10
Metal1,31.6750,117.6000,Metal1,32.8050,117.6000,5.092e-08
Metal1,31.6750,125.4400,Metal1,32.8050,125.4400,3.064e-06
Metal1,31.6750,133.2800,Metal1,32.0050,133.2800,1.764e-11
Metal1,31.6750,141.1200,Metal1,32.0050,141.1200,4.181e-12
Metal1,31.6750,148.9600,Metal1,32.0050,148.9600,4.181e-12
Metal1,31.6750,156.8000,Metal1,32.0050,156.8000,4.145e-12
Metal1,31.6750,164.6400,Metal1,32.0050,164.6400,4.181e-12
Metal1,31.6750,172.4800,Metal1,32.0050,172.4800,4.199e-12
Metal1,31.6750,180.3200,Metal1,32.0050,180.3200,4.199e-12
Metal1,31.6750,188.1600,Metal1,32.0050,188.1600,4.181e-12
Metal1,31.6750,196.0000,Metal1,32.0050,196.0000,4.217e-12
Metal1,31.6750,203.8400,Metal1,32.0050,203.8400,4.091e-12
Metal1,31.6750,211.6800,Metal1,32.0050,211.6800,4.181e-12
Metal1,31.6750,219.5200,Metal1,32.0050,219.5200,4.181e-12
Metal1,31.6750,227.3600,Metal1,32.0050,227.3600,4.181e-12
Metal1,31.6750,235.2000,Metal1,32.0050,235.2000,4.181e-12
Metal1,31.6750,243.0400,Metal1,32.0050,243.0400,4.199e-12
Metal1,31.9700,31.3600,Metal1,32.2000,31.3600,7.127e-08
Metal1,32.0050,70.5600,Metal1,32.2350,70.5600,2.227e-13
Metal1,32.0050,78.4000,Metal1,32.2350,78.4000,2.969e-13
Metal1,32.0050,94.0800,Metal1,32.2350,94.0800,8.908e-13
Metal1,32.0050,133.2800,Metal1,32.2350,133.2800,8.908e-13
Metal1,32.0050,141.1200,Metal1,32.2350,141.1200,2.227e-13
Metal1,32.0050,148.9600,Metal1,32.2350,148.9600,2.227e-13
Metal1,32.0050,156.8000,Metal1,32.2350,156.8000,1.485e-13
Metal1,32.0050,164.6400,Metal1,32.2350,164.6400,1.485e-13
Metal1,32.0050,172.4800,Metal1,32.2350,172.4800,2.227e-13
Metal1,32.0050,180.3200,Metal1,32.2350,180.3200,2.227e-13
Metal1,32.0050,188.1600,Metal1,32.2350,188.1600,2.227e-13
Metal1,32.0050,196.0000,Metal1,32.2350,196.0000,2.227e-13
Metal1,32.0050,203.8400,Metal1,32.2350,203.8400,2.227e-13
Metal1,32.0050,211.6800,Metal1,32.2350,211.6800,2.969e-13
Metal1,32.0050,219.5200,Metal1,32.2350,219.5200,1.485e-13
Metal1,32.0050,227.3600,Metal1,32.2350,227.3600,2.969e-13
Metal1,32.0050,235.2000,Metal1,32.2350,235.2000,1.485e-13
Metal1,32.0050,243.0400,Metal1,32.2350,243.0400,1.485e-13
Metal1,32.0100,23.5200,Metal1,32.3500,23.5200,3.641e-08
Metal1,32.2000,31.3600,Metal1,33.1250,31.3600,7.127e-08
Metal1,32.2350,70.5600,Metal1,33.6850,70.5600,1.241e-12
Metal1,32.2350,78.4000,Metal1,33.6850,78.4000,1.217e-12
Metal1,32.2350,94.0800,Metal1,33.6850,94.0800,4.676e-12
Metal1,32.2350,133.2800,Metal1,33.6850,133.2800,5.031e-12
Metal1,32.2350,141.1200,Metal1,33.6850,141.1200,1.213e-12
Metal1,32.2350,148.9600,Metal1,33.6850,148.9600,1.213e-12
Metal1,32.2350,156.8000,Metal1,33.6850,156.8000,1.205e-12
Metal1,32.2350,164.6400,Metal1,33.6850,164.6400,1.213e-12
Metal1,32.2350,172.4800,Metal1,33.6850,172.4800,1.213e-12
Metal1,32.2350,180.3200,Metal1,33.6850,180.3200,1.213e-12
Metal1,32.2350,188.1600,Metal1,33.6850,188.1600,1.221e-12
Metal1,32.2350,196.0000,Metal1,33.6850,196.0000,1.217e-12
Metal1,32.2350,203.8400,Metal1,33.6850,203.8400,1.188e-12
Metal1,32.2350,211.6800,Metal1,33.6850,211.6800,1.213e-12
Metal1,32.2350,219.5200,Metal1,33.6850,219.5200,1.213e-12
Metal1,32.2350,227.3600,Metal1,33.6850,227.3600,1.221e-12
Metal1,32.2350,235.2000,Metal1,33.6850,235.2000,1.209e-12
Metal1,32.2350,243.0400,Metal1,33.6850,243.0400,1.209e-12
Metal1,32.3500,23.5200,Metal1,33.2850,23.5200,3.642e-08
Metal1,32.5650,47.0400,Metal1,32.7950,47.0400,2.463e-07
Metal1,32.7950,47.0400,Metal1,32.8050,47.0400,2.463e-07
Metal1,32.8050,39.2000,Metal1,33.0350,39.2000,3.210e-07
Metal1,32.8050,47.0400,Metal1,33.0350,47.0400,1.633e-07
Metal1,32.8050,54.8800,Metal1,32.8300,55.0750,4.051e-08
Metal1,32.8050,62.7200,Metal1,33.0350,62.7200,6.724e-11
Metal1,32.8050,86.2400,Metal1,33.0350,86.2400,8.166e-06
Metal1,32.8050,101.9200,Metal1,33.0350,101.9200,4.722e-06
Metal1,32.8050,109.7600,Metal1,33.0350,109.7600,1.811e-10
Metal1,32.8050,117.6000,Metal1,33.0350,117.6000,1.051e-05
Metal1,32.8050,125.4400,Metal1,33.0350,125.4400,4.722e-06
Metal1,32.8300,55.0750,Metal1,33.0350,54.4200,6.960e-08
Metal1,33.0350,39.2000,Metal1,33.9500,39.2000,3.210e-07
Metal1,33.0350,47.0400,Metal1,34.8050,47.0400,2.191e-09
Metal1,33.0350,54.4200,Metal1,33.1700,54.8800,6.960e-08
Metal1,33.0350,62.7200,Metal1,33.6850,62.7200,6.722e-11
Metal1,33.0350,86.2400,Metal1,33.6850,86.2400,8.166e-06
Metal1,33.0350,101.9200,Metal1,33.6850,101.9200,4.722e-06
Metal1,33.0350,109.7600,Metal1,33.6850,109.7600,1.812e-10
Metal1,33.0350,117.6000,Metal1,33.7900,117.6000,1.051e-05
Metal1,33.0350,125.4400,Metal1,33.6850,125.4400,4.722e-06
Metal1,33.1250,15.6800,Metal1,33.3550,15.6800,4.660e-07
Metal1,33.1250,31.3600,Metal1,33.3550,31.3600,1.283e-07
Metal1,33.1250,250.8800,Metal1,33.3550,250.8800,4.550e-11
Metal1,33.1700,54.8800,Metal1,35.0450,54.8800,2.944e-07
Metal1,33.2850,23.5200,Metal1,33.5150,23.5200,4.201e-08
Metal1,33.3550,15.6800,Metal1,35.3650,15.6800,7.768e-10
Metal1,33.3550,31.3600,Metal1,33.7900,31.3600,1.720e-06
Metal1,33.3550,250.8800,Metal1,35.3650,250.8800,3.299e-13
Metal1,33.5150,23.5200,Metal1,38.4300,23.5200,7.043e-09
Metal1,33.6850,62.7200,Metal1,33.9150,62.7200,3.965e-10
Metal1,33.6850,70.5600,Metal1,33.9150,70.5600,2.227e-13
Metal1,33.6850,78.4000,Metal1,33.9150,78.4000,2.969e-13
Metal1,33.6850,86.2400,Metal1,33.9150,86.2400,1.755e-07
Metal1,33.6850,94.0800,Metal1,33.9150,94.0800,1.603e-11
Metal1,33.6850,101.9200,Metal1,33.9150,101.9200,1.015e-07
Metal1,33.6850,109.7600,Metal1,33.9150,109.7600,1.052e-09
Metal1,33.6850,125.4400,Metal1,33.9150,125.4400,1.015e-07
Metal1,33.6850,133.2800,Metal1,33.9150,133.2800,1.722e-11
Metal1,33.6850,141.1200,Metal1,33.9150,141.1200,3.711e-13
Metal1,33.6850,148.9600,Metal1,33.9150,148.9600,2.969e-13
Metal1,33.6850,156.8000,Metal1,33.9150,156.8000,2.227e-13
Metal1,33.6850,164.6400,Metal1,33.9150,164.6400,2.969e-13
Metal1,33.6850,172.4800,Metal1,33.9150,172.4800,2.969e-13
Metal1,33.6850,180.3200,Metal1,33.9150,180.3200,2.227e-13
Metal1,33.6850,188.1600,Metal1,33.9150,188.1600,3.711e-13
Metal1,33.6850,196.0000,Metal1,33.9150,196.0000,3.711e-13
Metal1,33.6850,203.8400,Metal1,33.9150,203.8400,1.485e-13
Metal1,33.6850,211.6800,Metal1,33.9150,211.6800,2.969e-13
Metal1,33.6850,219.5200,Metal1,33.9150,219.5200,3.711e-13
Metal1,33.6850,227.3600,Metal1,33.9150,227.3600,3.711e-13
Metal1,33.6850,235.2000,Metal1,33.9150,235.2000,2.227e-13
Metal1,33.6850,243.0400,Metal1,33.9150,243.0400,2.227e-13
Metal1,33.7900,31.3600,Metal1,34.1300,31.3600,5.291e-07
Metal1,33.7900,117.6000,Metal1,34.1300,117.6000,8.678e-06
Metal1,33.9150,62.7200,Metal1,35.0450,62.7200,4.064e-10
Metal1,33.9150,70.5600,Metal1,34.2450,70.5600,5.293e-12
Metal1,33.9150,78.4000,Metal1,34.2450,78.4000,5.150e-12
Metal1,33.9150,86.2400,Metal1,35.0450,86.2400,5.715e-06
Metal1,33.9150,94.0800,Metal1,34.2450,94.0800,1.601e-11
Metal1,33.9150,101.9200,Metal1,35.0450,101.9200,3.305e-06
Metal1,33.9150,109.7600,Metal1,35.0450,109.7600,1.052e-09
Metal1,33.9150,125.4400,Metal1,35.0450,125.4400,3.305e-06
Metal1,33.9150,133.2800,Metal1,34.2450,133.2800,1.731e-11
Metal1,33.9150,141.1200,Metal1,34.2450,141.1200,5.132e-12
Metal1,33.9150,148.9600,Metal1,34.2450,148.9600,5.168e-12
Metal1,33.9150,156.8000,Metal1,34.2450,156.8000,5.168e-12
Metal1,33.9150,164.6400,Metal1,34.2450,164.6400,5.186e-12
Metal1,33.9150,172.4800,Metal1,34.2450,172.4800,5.168e-12
Metal1,33.9150,180.3200,Metal1,34.2450,180.3200,5.168e-12
Metal1,33.9150,188.1600,Metal1,34.2450,188.1600,5.186e-12
Metal1,33.9150,196.0000,Metal1,34.2450,196.0000,5.168e-12
Metal1,33.9150,203.8400,Metal1,34.2450,203.8400,5.096e-12
Metal1,33.9150,211.6800,Metal1,34.2450,211.6800,5.150e-12
Metal1,33.9150,219.5200,Metal1,34.2450,219.5200,5.168e-12
Metal1,33.9150,227.3600,Metal1,34.2450,227.3600,5.150e-12
Metal1,33.9150,235.2000,Metal1,34.2450,235.2000,5.186e-12
Metal1,33.9150,243.0400,Metal1,34.2450,243.0400,5.186e-12
Metal1,33.9500,39.2000,Metal1,34.2900,39.2000,3.789e-07
Metal1,34.1300,31.3600,Metal1,35.3650,31.3600,5.291e-07
Metal1,34.1300,117.6000,Metal1,35.0450,117.6000,8.678e-06
Metal1,34.2450,70.5600,Metal1,34.4750,70.5600,1.113e-12
Metal1,34.2450,78.4000,Metal1,34.4750,78.4000,1.039e-12
Metal1,34.2450,94.0800,Metal1,34.4750,94.0800,1.982e-11
Metal1,34.2450,133.2800,Metal1,34.4750,133.2800,1.982e-11
Metal1,34.2450,141.1200,Metal1,34.4750,141.1200,1.113e-12
Metal1,34.2450,148.9600,Metal1,34.4750,148.9600,1.113e-12
Metal1,34.2450,156.8000,Metal1,34.4750,156.8000,1.113e-12
Metal1,34.2450,164.6400,Metal1,34.4750,164.6400,1.113e-12
Metal1,34.2450,172.4800,Metal1,34.4750,172.4800,1.113e-12
Metal1,34.2450,180.3200,Metal1,34.4750,180.3200,1.039e-12
Metal1,34.2450,188.1600,Metal1,34.4750,188.1600,1.113e-12
Metal1,34.2450,196.0000,Metal1,34.4750,196.0000,1.039e-12
Metal1,34.2450,203.8400,Metal1,34.4750,203.8400,1.113e-12
Metal1,34.2450,211.6800,Metal1,34.4750,211.6800,1.039e-12
Metal1,34.2450,219.5200,Metal1,34.4750,219.5200,1.113e-12
Metal1,34.2450,227.3600,Metal1,34.4750,227.3600,1.113e-12
Metal1,34.2450,235.2000,Metal1,34.4750,235.2000,1.113e-12
Metal1,34.2450,243.0400,Metal1,34.4750,243.0400,1.113e-12
Metal1,34.2900,39.2000,Metal1,35.0450,39.2000,3.789e-07
Metal1,34.4750,70.5600,Metal1,35.9250,70.5600,1.143e-12
Metal1,34.4750,78.4000,Metal1,35.9250,78.4000,1.111e-12
Metal1,34.4750,94.0800,Metal1,36.4850,94.0800,1.211e-12
Metal1,34.4750,133.2800,Metal1,36.4850,133.2800,1.225e-12
Metal1,34.4750,141.1200,Metal1,35.9250,141.1200,1.107e-12
Metal1,34.4750,148.9600,Metal1,35.9250,148.9600,1.107e-12
Metal1,34.4750,156.8000,Metal1,35.9250,156.8000,1.111e-12
Metal1,34.4750,164.6400,Metal1,35.9250,164.6400,1.115e-12
Metal1,34.4750,172.4800,Metal1,35.9250,172.4800,1.107e-12
Metal1,34.4750,180.3200,Metal1,35.9250,180.3200,1.119e-12
Metal1,34.4750,188.1600,Metal1,35.9250,188.1600,1.119e-12
Metal1,34.4750,196.0000,Metal1,35.9250,196.0000,1.119e-12
Metal1,34.4750,203.8400,Metal1,35.9250,203.8400,1.094e-12
Metal1,34.4750,211.6800,Metal1,35.9250,211.6800,1.119e-12
Metal1,34.4750,219.5200,Metal1,35.9250,219.5200,1.107e-12
Metal1,34.4750,227.3600,Metal1,35.9250,227.3600,1.111e-12
Metal1,34.4750,235.2000,Metal1,35.9250,235.2000,1.115e-12
Metal1,34.4750,243.0400,Metal1,35.9250,243.0400,1.115e-12
Metal1,34.8050,47.0400,Metal1,35.0350,47.0400,4.227e-07
Metal1,35.0350,47.0400,Metal1,35.0450,47.0400,4.227e-07
Metal1,35.0450,39.2000,Metal1,35.2750,39.2000,1.492e-07
Metal1,35.0450,47.0400,Metal1,35.2750,47.0400,1.052e-05
Metal1,35.0450,54.8800,Metal1,35.2750,54.8800,3.211e-09
Metal1,35.0450,62.7200,Metal1,35.2750,62.7200,8.211e-08
Metal1,35.0450,86.2400,Metal1,35.2750,86.2400,8.117e-06
Metal1,35.0450,101.9200,Metal1,35.2750,101.9200,4.694e-06
Metal1,35.0450,109.7600,Metal1,35.2750,109.7600,2.137e-07
Metal1,35.0450,117.6000,Metal1,35.2750,117.6000,1.432e-05
Metal1,35.0450,125.4400,Metal1,35.2750,125.4400,4.694e-06
Metal1,35.2750,39.2000,Metal1,37.2850,39.2000,1.492e-07
Metal1,35.2750,47.0400,Metal1,36.6100,47.0400,1.052e-05
Metal1,35.2750,54.8800,Metal1,37.2850,54.8800,3.211e-09
Metal1,35.2750,62.7200,Metal1,37.1500,62.7200,8.212e-08
Metal1,35.2750,86.2400,Metal1,35.9250,86.2400,8.117e-06
Metal1,35.2750,101.9200,Metal1,35.9250,101.9200,4.694e-06
Metal1,35.2750,109.7600,Metal1,35.9250,109.7600,4.295e-09
Metal1,35.2750,117.6000,Metal1,35.7850,117.6000,1.432e-05
Metal1,35.2750,125.4400,Metal1,35.9250,125.4400,4.694e-06
Metal1,35.3650,15.6800,Metal1,35.5950,15.6800,3.985e-09
Metal1,35.3650,31.3600,Metal1,35.5950,31.3600,2.710e-06
Metal1,35.3650,250.8800,Metal1,35.5950,250.8800,5.530e-11
Metal1,35.5950,15.6800,Metal1,37.3500,15.6800,3.996e-09
Metal1,35.5950,31.3600,Metal1,35.7850,31.3600,2.710e-06
Metal1,35.5950,250.8800,Metal1,37.3500,250.8800,6.538e-11
Metal1,35.7850,31.3600,Metal1,36.0150,31.3600,4.346e-07
Metal1,35.7850,117.6000,Metal1,36.0150,117.6000,6.687e-06
Metal1,35.9250,70.5600,Metal1,36.1550,70.5600,4.454e-12
Metal1,35.9250,78.4000,Metal1,36.1550,78.4000,4.305e-12
Metal1,35.9250,86.2400,Metal1,36.1550,86.2400,5.296e-06
Metal1,35.9250,101.9200,Metal1,36.1550,101.9200,3.062e-06
Metal1,35.9250,109.7600,Metal1,36.1550,109.7600,2.137e-07
Metal1,35.9250,125.4400,Metal1,36.1550,125.4400,3.062e-06
Metal1,35.9250,141.1200,Metal1,36.1550,141.1200,4.305e-12
Metal1,35.9250,148.9600,Metal1,36.1550,148.9600,4.380e-12
Metal1,35.9250,156.8000,Metal1,36.1550,156.8000,4.380e-12
Metal1,35.9250,164.6400,Metal1,36.1550,164.6400,4.305e-12
Metal1,35.9250,172.4800,Metal1,36.1550,172.4800,4.380e-12
Metal1,35.9250,180.3200,Metal1,36.1550,180.3200,4.305e-12
Metal1,35.9250,188.1600,Metal1,36.1550,188.1600,4.380e-12
Metal1,35.9250,196.0000,Metal1,36.1550,196.0000,4.380e-12
Metal1,35.9250,203.8400,Metal1,36.1550,203.8400,4.231e-12
Metal1,35.9250,211.6800,Metal1,36.1550,211.6800,4.380e-12
Metal1,35.9250,219.5200,Metal1,36.1550,219.5200,4.380e-12
Metal1,35.9250,227.3600,Metal1,36.1550,227.3600,4.305e-12
Metal1,35.9250,235.2000,Metal1,36.1550,235.2000,4.380e-12
Metal1,35.9250,243.0400,Metal1,36.1550,243.0400,4.305e-12
Metal1,36.0150,31.3600,Metal1,37.6050,31.3600,4.346e-07
Metal1,36.0150,117.6000,Metal1,37.2850,117.6000,6.687e-06
Metal1,36.1550,70.5600,Metal1,36.4850,70.5600,4.450e-12
Metal1,36.1550,78.4000,Metal1,36.4850,78.4000,4.324e-12
Metal1,36.1550,86.2400,Metal1,37.2850,86.2400,5.296e-06
Metal1,36.1550,101.9200,Metal1,37.2850,101.9200,3.062e-06
Metal1,36.1550,109.7600,Metal1,37.2850,109.7600,2.137e-07
Metal1,36.1550,125.4400,Metal1,37.2850,125.4400,3.062e-06
Metal1,36.1550,141.1200,Metal1,36.4850,141.1200,4.324e-12
Metal1,36.1550,148.9600,Metal1,36.4850,148.9600,4.306e-12
Metal1,36.1550,156.8000,Metal1,36.4850,156.8000,4.324e-12
Metal1,36.1550,164.6400,Metal1,36.4850,164.6400,4.324e-12
Metal1,36.1550,172.4800,Metal1,36.4850,172.4800,4.288e-12
Metal1,36.1550,180.3200,Metal1,36.4850,180.3200,4.324e-12
Metal1,36.1550,188.1600,Metal1,36.4850,188.1600,4.324e-12
Metal1,36.1550,196.0000,Metal1,36.4850,196.0000,4.324e-12
Metal1,36.1550,203.8400,Metal1,36.4850,203.8400,4.252e-12
Metal1,36.1550,211.6800,Metal1,36.4850,211.6800,4.324e-12
Metal1,36.1550,219.5200,Metal1,36.4850,219.5200,4.288e-12
Metal1,36.1550,227.3600,Metal1,36.4850,227.3600,4.342e-12
Metal1,36.1550,235.2000,Metal1,36.4850,235.2000,4.324e-12
Metal1,36.1550,243.0400,Metal1,36.4850,243.0400,4.324e-12
Metal1,36.4850,70.5600,Metal1,36.7150,70.5600,8.833e-12
Metal1,36.4850,78.4000,Metal1,36.7150,78.4000,8.388e-12
Metal1,36.4850,94.0800,Metal1,36.7150,94.0800,9.160e-11
Metal1,36.4850,133.2800,Metal1,36.7150,133.2800,9.620e-11
Metal1,36.4850,141.1200,Metal1,36.7150,141.1200,8.314e-12
Metal1,36.4850,148.9600,Metal1,36.7150,148.9600,8.388e-12
Metal1,36.4850,156.8000,Metal1,36.7150,156.8000,8.314e-12
Metal1,36.4850,164.6400,Metal1,36.7150,164.6400,8.388e-12
Metal1,36.4850,172.4800,Metal1,36.7150,172.4800,8.388e-12
Metal1,36.4850,180.3200,Metal1,36.7150,180.3200,8.314e-12
Metal1,36.4850,188.1600,Metal1,36.7150,188.1600,8.314e-12
Metal1,36.4850,196.0000,Metal1,36.7150,196.0000,8.388e-12
Metal1,36.4850,203.8400,Metal1,36.7150,203.8400,7.943e-12
Metal1,36.4850,211.6800,Metal1,36.7150,211.6800,8.314e-12
Metal1,36.4850,219.5200,Metal1,36.7150,219.5200,8.388e-12
Metal1,36.4850,227.3600,Metal1,36.7150,227.3600,8.388e-12
Metal1,36.4850,235.2000,Metal1,36.7150,235.2000,8.314e-12
Metal1,36.4850,243.0400,Metal1,36.7150,243.0400,8.314e-12
Metal1,36.6100,47.0400,Metal1,36.8400,47.0400,2.724e-05
Metal1,36.7150,70.5600,Metal1,38.1650,70.5600,1.674e-12
Metal1,36.7150,78.4000,Metal1,38.1650,78.4000,1.666e-12
Metal1,36.7150,94.0800,Metal1,37.1500,94.0800,9.177e-11
Metal1,36.7150,133.2800,Metal1,37.1500,133.2800,9.636e-11
Metal1,36.7150,141.1200,Metal1,38.1650,141.1200,1.654e-12
Metal1,36.7150,148.9600,Metal1,38.1650,148.9600,1.666e-12
Metal1,36.7150,156.8000,Metal1,38.1650,156.8000,1.658e-12
Metal1,36.7150,164.6400,Metal1,38.1650,164.6400,1.662e-12
Metal1,36.7150,172.4800,Metal1,38.1650,172.4800,1.662e-12
Metal1,36.7150,180.3200,Metal1,38.1650,180.3200,1.654e-12
Metal1,36.7150,188.1600,Metal1,38.1650,188.1600,1.654e-12
Metal1,36.7150,196.0000,Metal1,38.1650,196.0000,1.666e-12
Metal1,36.7150,203.8400,Metal1,38.1650,203.8400,1.609e-12
Metal1,36.7150,211.6800,Metal1,38.1650,211.6800,1.658e-12
Metal1,36.7150,219.5200,Metal1,38.1650,219.5200,1.662e-12
Metal1,36.7150,227.3600,Metal1,38.1650,227.3600,1.662e-12
Metal1,36.7150,235.2000,Metal1,38.1650,235.2000,1.658e-12
Metal1,36.7150,243.0400,Metal1,38.1650,243.0400,1.654e-12
Metal1,36.8400,47.0400,Metal1,37.2850,47.0400,2.724e-05
Metal1,37.1500,62.7200,Metal1,37.2850,62.3750,8.212e-08
Metal1,37.1500,94.0800,Metal1,37.4900,94.0800,1.056e-11
Metal1,37.1500,133.2800,Metal1,37.4900,133.2800,7.074e-10
Metal1,37.2850,39.2000,Metal1,37.5150,39.2000,4.803e-05
Metal1,37.2850,47.0400,Metal1,37.5150,47.0400,1.392e-05
Metal1,37.2850,54.8800,Metal1,37.5150,54.8800,1.336e-06
Metal1,37.2850,62.3750,Metal1,37.4900,63.1500,2.166e-08
Metal1,37.2850,86.2400,Metal1,37.5150,86.2400,8.649e-06
Metal1,37.2850,101.9200,Metal1,37.5150,101.9200,5.002e-06
Metal1,37.2850,109.7600,Metal1,37.5150,109.7600,4.409e-05
Metal1,37.2850,117.6000,Metal1,37.5150,117.6000,3.896e-06
Metal1,37.2850,125.4400,Metal1,37.5150,125.4400,5.002e-06
Metal1,37.3500,15.6800,Metal1,37.6050,14.8350,4.006e-09
Metal1,37.3500,250.8800,Metal1,37.6900,250.8800,7.564e-11
Metal1,37.4900,63.1500,Metal1,37.5150,62.7200,2.166e-08
Metal1,37.4900,94.0800,Metal1,38.4700,94.0800,3.444e-13
Metal1,37.4900,133.2800,Metal1,38.4700,133.2800,7.176e-10
Metal1,37.5150,39.2000,Metal1,38.4700,39.2000,4.803e-05
Metal1,37.5150,47.0400,Metal1,38.4700,47.0400,1.392e-05
Metal1,37.5150,54.8800,Metal1,37.8250,54.8800,1.336e-06
Metal1,37.5150,62.7200,Metal1,38.4700,62.7200,2.166e-08
Metal1,37.5150,86.2400,Metal1,38.1650,86.2400,8.649e-06
Metal1,37.5150,101.9200,Metal1,38.1650,101.9200,5.002e-06
Metal1,37.5150,109.7600,Metal1,38.3250,109.7600,4.409e-05
Metal1,37.5150,117.6000,Metal1,38.4700,117.6000,3.896e-06
Metal1,37.5150,125.4400,Metal1,38.1650,125.4400,5.002e-06
Metal1,37.6050,14.8350,Metal1,37.6900,16.2450,4.006e-09
Metal1,37.6050,31.3600,Metal1,37.8350,31.3600,1.473e-07
Metal1,37.6900,16.2450,Metal1,37.8350,15.6800,8.146e-06
Metal1,37.6900,250.8800,Metal1,39.8450,250.8800,7.559e-11
Metal1,37.8250,54.8800,Metal1,38.0550,54.8800,2.666e-07
Metal1,37.8350,15.6800,Metal1,38.3250,15.6800,8.146e-06
Metal1,37.8350,31.3600,Metal1,38.4700,31.3600,1.473e-07
Metal1,38.0550,54.8800,Metal1,38.4700,54.8800,2.666e-07
Metal1,38.1650,70.5600,Metal1,38.3950,70.5600,1.752e-11
Metal1,38.1650,78.4000,Metal1,38.3950,78.4000,9.130e-12
Metal1,38.1650,86.2400,Metal1,38.3950,86.2400,1.497e-07
Metal1,38.1650,101.9200,Metal1,38.3950,101.9200,8.797e-08
Metal1,38.1650,125.4400,Metal1,38.3950,125.4400,8.654e-08
Metal1,38.1650,141.1200,Metal1,38.3950,141.1200,9.056e-12
Metal1,38.1650,148.9600,Metal1,38.3950,148.9600,9.056e-12
Metal1,38.1650,156.8000,Metal1,38.3950,156.8000,9.056e-12
Metal1,38.1650,164.6400,Metal1,38.3950,164.6400,9.056e-12
Metal1,38.1650,172.4800,Metal1,38.3950,172.4800,9.056e-12
Metal1,38.1650,180.3200,Metal1,38.3950,180.3200,8.982e-12
Metal1,38.1650,188.1600,Metal1,38.3950,188.1600,9.056e-12
Metal1,38.1650,196.0000,Metal1,38.3950,196.0000,9.056e-12
Metal1,38.1650,203.8400,Metal1,38.3950,203.8400,9.130e-12
Metal1,38.1650,211.6800,Metal1,38.3950,211.6800,8.982e-12
Metal1,38.1650,219.5200,Metal1,38.3950,219.5200,9.056e-12
Metal1,38.1650,227.3600,Metal1,38.3950,227.3600,9.056e-12
Metal1,38.1650,235.2000,Metal1,38.3950,235.2000,9.056e-12
Metal1,38.1650,243.0400,Metal1,38.3950,243.0400,9.056e-12
Metal1,38.3250,15.6800,Metal1,38.4700,15.1900,3.746e-09
Metal1,38.3250,109.7600,Metal1,38.4700,109.2150,4.242e-08
Metal1,38.3950,70.5600,Metal1,38.4700,70.5600,1.753e-11
Metal1,38.3950,78.4000,Metal1,38.4700,78.4000,9.079e-12
Metal1,38.3950,86.2400,Metal1,38.4700,86.2400,1.497e-07
Metal1,38.3950,101.9200,Metal1,38.4700,101.9200,8.797e-08
Metal1,38.3950,125.4400,Metal1,38.4700,125.4400,8.654e-08
Metal1,38.3950,141.1200,Metal1,38.4700,141.1200,9.079e-12
Metal1,38.3950,148.9600,Metal1,38.4700,148.9600,9.079e-12
Metal1,38.3950,156.8000,Metal1,38.4700,156.8000,9.079e-12
Metal1,38.3950,164.6400,Metal1,38.4700,164.6400,9.079e-12
Metal1,38.3950,172.4800,Metal1,38.4700,172.4800,9.079e-12
Metal1,38.3950,180.3200,Metal1,38.4700,180.3200,9.079e-12
Metal1,38.3950,188.1600,Metal1,38.4700,188.1600,9.158e-12
Metal1,38.3950,196.0000,Metal1,38.4700,196.0000,9.079e-12
Metal1,38.3950,203.8400,Metal1,38.4700,203.8400,9.079e-12
Metal1,38.3950,211.6800,Metal1,38.4700,211.6800,9.158e-12
Metal1,38.3950,219.5200,Metal1,38.4700,219.5200,9.079e-12
Metal1,38.3950,227.3600,Metal1,38.4700,227.3600,9.158e-12
Metal1,38.3950,235.2000,Metal1,38.4700,235.2000,9.079e-12
Metal1,38.3950,243.0400,Metal1,38.4700,243.0400,9.158e-12
Metal1,38.4300,23.5200,Metal1,38.4700,23.1050,7.062e-09
Metal1,38.4700,15.1900,Metal1,38.5550,16.5250,3.746e-09
Metal1,38.4700,23.1050,Metal1,38.7700,24.3650,1.124e-05
Metal1,38.4700,31.3600,Metal1,38.8100,31.3600,1.473e-07
Metal1,38.4700,39.2000,Metal1,38.8100,39.2000,4.803e-05
Metal1,38.4700,47.0400,Metal1,38.8100,47.0400,1.392e-05
Metal1,38.4700,54.8800,Metal1,38.8100,54.8800,2.666e-07
Metal1,38.4700,62.7200,Metal1,38.8100,62.7200,2.167e-08
Metal1,38.4700,70.5600,Metal1,38.8100,70.5600,7.378e-12
Metal1,38.4700,78.4000,Metal1,38.8100,78.4000,9.970e-13
Metal1,38.4700,86.2400,Metal1,38.8100,86.2400,1.497e-07
Metal1,38.4700,94.0800,Metal1,38.8100,94.0800,9.904e-12
Metal1,38.4700,101.9200,Metal1,38.8100,101.9200,8.798e-08
Metal1,38.4700,109.2150,Metal1,38.5550,110.6050,4.242e-08
Metal1,38.4700,117.6000,Metal1,38.8100,117.6000,3.896e-06
Metal1,38.4700,125.4400,Metal1,38.8100,125.4400,8.655e-08
Metal1,38.4700,133.2800,Metal1,38.8100,133.2800,7.279e-10
Metal1,38.4700,141.1200,Metal1,38.8100,141.1200,9.970e-13
Metal1,38.4700,148.9600,Metal1,38.8100,148.9600,9.970e-13
Metal1,38.4700,156.8000,Metal1,38.8100,156.8000,9.970e-13
Metal1,38.4700,164.6400,Metal1,38.8100,164.6400,9.970e-13
Metal1,38.4700,172.4800,Metal1,38.8100,172.4800,1.063e-12
Metal1,38.4700,180.3200,Metal1,38.8100,180.3200,1.063e-12
Metal1,38.4700,188.1600,Metal1,38.8100,188.1600,1.063e-12
Metal1,38.4700,196.0000,Metal1,38.8100,196.0000,9.970e-13
Metal1,38.4700,203.8400,Metal1,38.8100,203.8400,1.063e-12
Metal1,38.4700,211.6800,Metal1,38.8100,211.6800,1.063e-12
Metal1,38.4700,219.5200,Metal1,38.8100,219.5200,9.970e-13
Metal1,38.4700,227.3600,Metal1,38.8100,227.3600,9.970e-13
Metal1,38.4700,235.2000,Metal1,38.8100,235.2000,9.970e-13
Metal1,38.4700,243.0400,Metal1,38.8100,243.0400,1.063e-12
Metal1,38.5550,16.5250,Metal1,38.8100,15.6800,3.757e-09
Metal1,38.5550,110.6050,Metal1,38.8100,109.7600,4.243e-08
Metal1,38.7700,24.3650,Metal1,38.8100,23.5200,1.124e-05
Metal1,38.8100,15.6800,Metal1,40.3650,15.6800,3.757e-09
Metal1,38.8100,23.5200,Metal1,43.7300,23.5200,1.124e-05
Metal1,38.8100,31.3600,Metal1,40.0050,31.3600,1.473e-07
Metal1,38.8100,39.2000,Metal1,39.8450,39.2000,4.803e-05
Metal1,38.8100,47.0400,Metal1,40.9650,47.0400,5.755e-05
Metal1,38.8100,54.8800,Metal1,39.5650,54.8800,2.666e-07
Metal1,38.8100,62.7200,Metal1,39.1450,62.7200,2.167e-08
Metal1,38.8100,70.5600,Metal1,40.4050,70.5600,2.313e-12
Metal1,38.8100,78.4000,Metal1,40.4050,78.4000,1.036e-12
Metal1,38.8100,86.2400,Metal1,40.4050,86.2400,1.497e-07
Metal1,38.8100,94.0800,Metal1,39.1450,94.0800,9.827e-12
Metal1,38.8100,101.9200,Metal1,40.4050,101.9200,8.798e-08
Metal1,38.8100,109.7600,Metal1,40.9650,109.7600,4.544e-05
Metal1,38.8100,117.6000,Metal1,40.1100,117.6000,3.896e-06
Metal1,38.8100,125.4400,Metal1,40.4050,125.4400,8.655e-08
Metal1,38.8100,133.2800,Metal1,39.1450,133.2800,7.278e-10
Metal1,38.8100,141.1200,Metal1,40.4050,141.1200,1.047e-12
Metal1,38.8100,148.9600,Metal1,40.4050,148.9600,1.032e-12
Metal1,38.8100,156.8000,Metal1,40.4050,156.8000,1.054e-12
Metal1,38.8100,164.6400,Metal1,40.4050,164.6400,1.047e-12
Metal1,38.8100,172.4800,Metal1,40.4050,172.4800,1.039e-12
Metal1,38.8100,180.3200,Metal1,40.4050,180.3200,1.039e-12
Metal1,38.8100,188.1600,Metal1,40.4050,188.1600,1.058e-12
Metal1,38.8100,196.0000,Metal1,40.4050,196.0000,1.062e-12
Metal1,38.8100,203.8400,Metal1,40.4050,203.8400,1.047e-12
Metal1,38.8100,211.6800,Metal1,40.4050,211.6800,1.039e-12
Metal1,38.8100,219.5200,Metal1,40.4050,219.5200,1.043e-12
Metal1,38.8100,227.3600,Metal1,40.4050,227.3600,1.047e-12
Metal1,38.8100,235.2000,Metal1,40.4050,235.2000,1.047e-12
Metal1,38.8100,243.0400,Metal1,40.4050,243.0400,1.047e-12
Metal1,39.1450,62.7200,Metal1,39.3750,62.7200,1.559e-06
Metal1,39.1450,94.0800,Metal1,39.3750,94.0800,2.298e-10
Metal1,39.1450,133.2800,Metal1,39.3750,133.2800,1.699e-07
Metal1,39.3750,62.7200,Metal1,40.9650,62.7200,1.559e-06
Metal1,39.3750,94.0800,Metal1,40.9650,94.0800,2.298e-10
Metal1,39.3750,133.2800,Metal1,40.9650,133.2800,1.699e-07
Metal1,39.5650,54.8800,Metal1,39.7950,54.8800,5.303e-05
Metal1,39.7950,54.8800,Metal1,40.9650,54.8800,5.303e-05
Metal1,39.8450,39.2000,Metal1,40.0750,39.2000,7.076e-06
Metal1,39.8450,250.8800,Metal1,40.0750,250.8800,2.227e-13
Metal1,40.0050,31.3600,Metal1,40.1100,31.9050,1.473e-07
Metal1,40.0750,39.2000,Metal1,40.9650,39.2000,7.076e-06
Metal1,40.0750,250.8800,Metal1,42.0850,250.8800,2.357e-13
Metal1,40.1100,31.9050,Metal1,40.2350,30.9000,3.471e-09
Metal1,40.1100,117.6000,Metal1,40.4500,117.6000,6.445e-07
Metal1,40.2350,30.9000,Metal1,40.4500,31.3600,4.914e-09
Metal1,40.3650,15.6800,Metal1,40.5950,15.6800,2.921e-07
Metal1,40.4050,70.5600,Metal1,40.6350,70.5600,2.962e-11
Metal1,40.4050,78.4000,Metal1,40.6350,78.4000,4.157e-11
Metal1,40.4050,86.2400,Metal1,40.6350,86.2400,3.293e-05
Metal1,40.4050,101.9200,Metal1,40.6350,101.9200,1.944e-05
Metal1,40.4050,125.4400,Metal1,40.6350,125.4400,1.904e-05
Metal1,40.4050,141.1200,Metal1,40.6350,141.1200,4.298e-11
Metal1,40.4050,148.9600,Metal1,40.6350,148.9600,4.187e-11
Metal1,40.4050,156.8000,Metal1,40.6350,156.8000,4.558e-11
Metal1,40.4050,164.6400,Metal1,40.6350,164.6400,4.424e-11
Metal1,40.4050,172.4800,Metal1,40.6350,172.4800,4.357e-11
Metal1,40.4050,180.3200,Metal1,40.6350,180.3200,4.498e-11
Metal1,40.4050,188.1600,Metal1,40.6350,188.1600,4.565e-11
Metal1,40.4050,196.0000,Metal1,40.6350,196.0000,4.632e-11
Metal1,40.4050,203.8400,Metal1,40.6350,203.8400,4.350e-11
Metal1,40.4050,211.6800,Metal1,40.6350,211.6800,4.365e-11
Metal1,40.4050,219.5200,Metal1,40.6350,219.5200,4.350e-11
Metal1,40.4050,227.3600,Metal1,40.6350,227.3600,4.357e-11
Metal1,40.4050,235.2000,Metal1,40.6350,235.2000,4.431e-11
Metal1,40.4050,243.0400,Metal1,40.6350,243.0400,4.357e-11
Metal1,40.4500,31.3600,Metal1,44.8850,31.3600,4.620e-07
Metal1,40.4500,117.6000,Metal1,40.9650,117.6000,1.037e-05
Metal1,40.5950,15.6800,Metal1,40.9650,15.6800,5.909e-06
Metal1,40.6350,70.5600,Metal1,41.6300,70.5600,2.952e-11
Metal1,40.6350,78.4000,Metal1,40.9650,78.4000,4.156e-11
Metal1,40.6350,86.2400,Metal1,40.9650,86.2400,3.293e-05
Metal1,40.6350,101.9200,Metal1,40.9650,101.9200,1.944e-05
Metal1,40.6350,125.4400,Metal1,40.9650,125.4400,1.904e-05
Metal1,40.6350,141.1200,Metal1,40.9650,141.1200,4.292e-11
Metal1,40.6350,148.9600,Metal1,40.9650,148.9600,4.188e-11
Metal1,40.6350,156.8000,Metal1,40.9650,156.8000,4.563e-11
Metal1,40.6350,164.6400,Metal1,40.9650,164.6400,4.430e-11
Metal1,40.6350,172.4800,Metal1,40.9650,172.4800,4.364e-11
Metal1,40.6350,180.3200,Metal1,40.9650,180.3200,4.507e-11
Metal1,40.6350,188.1600,Metal1,40.9650,188.1600,4.572e-11
Metal1,40.6350,196.0000,Metal1,40.9650,196.0000,4.638e-11
Metal1,40.6350,203.8400,Metal1,40.9650,203.8400,4.346e-11
Metal1,40.6350,211.6800,Metal1,40.9650,211.6800,4.360e-11
Metal1,40.6350,219.5200,Metal1,40.9650,219.5200,4.353e-11
Metal1,40.6350,227.3600,Metal1,40.9650,227.3600,4.364e-11
Metal1,40.6350,235.2000,Metal1,40.9650,235.2000,4.430e-11
Metal1,40.6350,243.0400,Metal1,40.9650,243.0400,4.364e-11
Metal1,40.9650,15.6800,Metal1,41.1950,15.6800,1.699e-06
Metal1,40.9650,39.2000,Metal1,41.1950,39.2000,6.748e-06
Metal1,40.9650,47.0400,Metal1,41.1950,47.0400,1.852e-07
Metal1,40.9650,54.8800,Metal1,41.1950,54.8800,2.191e-07
Metal1,40.9650,62.7200,Metal1,41.1950,62.7200,6.220e-08
Metal1,40.9650,78.4000,Metal1,41.1950,78.4000,2.153e-12
Metal1,40.9650,86.2400,Metal1,41.1950,86.2400,1.689e-06
Metal1,40.9650,94.0800,Metal1,41.1950,94.0800,4.454e-12
Metal1,40.9650,101.9200,Metal1,41.1950,101.9200,5.185e-06
Metal1,40.9650,109.7600,Metal1,41.1950,109.7600,1.442e-07
Metal1,40.9650,117.6000,Metal1,41.1950,117.6000,3.216e-08
Metal1,40.9650,125.4400,Metal1,41.1950,125.4400,9.765e-07
Metal1,40.9650,133.2800,Metal1,41.1950,133.2800,6.781e-09
Metal1,40.9650,141.1200,Metal1,41.1950,141.1200,1.151e-11
Metal1,40.9650,148.9600,Metal1,41.1950,148.9600,1.121e-11
Metal1,40.9650,156.8000,Metal1,41.1950,156.8000,1.217e-11
Metal1,40.9650,164.6400,Metal1,41.1950,164.6400,1.188e-11
Metal1,40.9650,172.4800,Metal1,41.1950,172.4800,1.165e-11
Metal1,40.9650,180.3200,Metal1,41.1950,180.3200,1.203e-11
Metal1,40.9650,188.1600,Metal1,41.1950,188.1600,1.217e-11
Metal1,40.9650,196.0000,Metal1,41.1950,196.0000,1.240e-11
Metal1,40.9650,203.8400,Metal1,41.1950,203.8400,1.158e-11
Metal1,40.9650,211.6800,Metal1,41.1950,211.6800,1.165e-11
Metal1,40.9650,219.5200,Metal1,41.1950,219.5200,1.165e-11
Metal1,40.9650,227.3600,Metal1,41.1950,227.3600,1.165e-11
Metal1,40.9650,235.2000,Metal1,41.1950,235.2000,1.180e-11
Metal1,40.9650,243.0400,Metal1,41.1950,243.0400,1.165e-11
Metal1,41.1950,15.6800,Metal1,42.4050,15.6800,1.699e-06
Metal1,41.1950,39.2000,Metal1,42.0850,39.2000,6.748e-06
Metal1,41.1950,47.0400,Metal1,43.2050,47.0400,1.852e-07
Metal1,41.1950,54.8800,Metal1,43.2050,54.8800,2.191e-07
Metal1,41.1950,62.7200,Metal1,43.2050,62.7200,6.220e-08
Metal1,41.1950,78.4000,Metal1,42.6450,78.4000,1.179e-11
Metal1,41.1950,86.2400,Metal1,42.6450,86.2400,9.351e-06
Metal1,41.1950,94.0800,Metal1,43.2050,94.0800,4.466e-12
Metal1,41.1950,101.9200,Metal1,42.6450,101.9200,5.185e-06
Metal1,41.1950,109.7600,Metal1,43.2050,109.7600,1.442e-07
Metal1,41.1950,117.6000,Metal1,43.2050,117.6000,3.216e-08
Metal1,41.1950,125.4400,Metal1,42.6450,125.4400,5.408e-06
Metal1,41.1950,133.2800,Metal1,43.2050,133.2800,6.781e-09
Metal1,41.1950,141.1200,Metal1,42.6450,141.1200,1.145e-11
Metal1,41.1950,148.9600,Metal1,42.6450,148.9600,1.116e-11
Metal1,41.1950,156.8000,Metal1,42.6450,156.8000,1.216e-11
Metal1,41.1950,164.6400,Metal1,42.6450,164.6400,1.180e-11
Metal1,41.1950,172.4800,Metal1,42.6450,172.4800,1.163e-11
Metal1,41.1950,180.3200,Metal1,42.6450,180.3200,1.201e-11
Metal1,41.1950,188.1600,Metal1,42.6450,188.1600,1.219e-11
Metal1,41.1950,196.0000,Metal1,42.6450,196.0000,1.237e-11
Metal1,41.1950,203.8400,Metal1,42.6450,203.8400,1.159e-11
Metal1,41.1950,211.6800,Metal1,42.6450,211.6800,1.163e-11
Metal1,41.1950,219.5200,Metal1,42.6450,219.5200,1.160e-11
Metal1,41.1950,227.3600,Metal1,42.6450,227.3600,1.163e-11
Metal1,41.1950,235.2000,Metal1,42.6450,235.2000,1.181e-11
Metal1,41.1950,243.0400,Metal1,42.6450,243.0400,1.163e-11
Metal1,41.6300,70.5600,Metal1,41.9700,70.5600,3.770e-11
Metal1,41.9700,70.5600,Metal1,42.6450,70.5600,3.771e-11
Metal1,42.0850,39.2000,Metal1,42.3150,39.2000,4.291e-08
Metal1,42.0850,250.8800,Metal1,42.3150,250.8800,7.423e-14
Metal1,42.3150,39.2000,Metal1,43.2050,39.2000,7.347e-06
Metal1,42.3150,250.8800,Metal1,44.3250,250.8800,2.946e-15
Metal1,42.4050,15.6800,Metal1,42.6350,15.6800,3.210e-06
Metal1,42.6350,15.6800,Metal1,43.2050,15.6800,3.210e-06
Metal1,42.6450,70.5600,Metal1,42.8750,70.5600,3.771e-11
Metal1,42.6450,78.4000,Metal1,42.8750,78.4000,4.305e-11
Metal1,42.6450,86.2400,Metal1,42.8750,86.2400,3.396e-05
Metal1,42.6450,101.9200,Metal1,42.8750,101.9200,1.946e-05
Metal1,42.6450,125.4400,Metal1,42.8750,125.4400,1.964e-05
Metal1,42.6450,141.1200,Metal1,42.8750,141.1200,4.290e-11
Metal1,42.6450,148.9600,Metal1,42.8750,148.9600,4.187e-11
Metal1,42.6450,156.8000,Metal1,42.8750,156.8000,4.558e-11
Metal1,42.6450,164.6400,Metal1,42.8750,164.6400,4.424e-11
Metal1,42.6450,172.4800,Metal1,42.8750,172.4800,4.357e-11
Metal1,42.6450,180.3200,Metal1,42.8750,180.3200,4.498e-11
Metal1,42.6450,188.1600,Metal1,42.8750,188.1600,4.565e-11
Metal1,42.6450,196.0000,Metal1,42.8750,196.0000,4.632e-11
Metal1,42.6450,203.8400,Metal1,42.8750,203.8400,4.335e-11
Metal1,42.6450,211.6800,Metal1,42.8750,211.6800,4.357e-11
Metal1,42.6450,219.5200,Metal1,42.8750,219.5200,4.342e-11
Metal1,42.6450,227.3600,Metal1,42.8750,227.3600,4.350e-11
Metal1,42.6450,235.2000,Metal1,42.8750,235.2000,4.424e-11
Metal1,42.6450,243.0400,Metal1,42.8750,243.0400,4.357e-11
Metal1,42.8750,70.5600,Metal1,43.6250,70.5600,3.769e-11
Metal1,42.8750,78.4000,Metal1,43.2050,78.4000,4.299e-11
Metal1,42.8750,86.2400,Metal1,43.2050,86.2400,3.396e-05
Metal1,42.8750,101.9200,Metal1,43.2050,101.9200,1.946e-05
Metal1,42.8750,125.4400,Metal1,43.2050,125.4400,1.964e-05
Metal1,42.8750,141.1200,Metal1,43.2050,141.1200,4.292e-11
Metal1,42.8750,148.9600,Metal1,43.2050,148.9600,4.183e-11
Metal1,42.8750,156.8000,Metal1,43.2050,156.8000,4.559e-11
Metal1,42.8750,164.6400,Metal1,43.2050,164.6400,4.425e-11
Metal1,42.8750,172.4800,Metal1,43.2050,172.4800,4.357e-11
Metal1,42.8750,180.3200,Metal1,43.2050,180.3200,4.500e-11
Metal1,42.8750,188.1600,Metal1,43.2050,188.1600,4.568e-11
Metal1,42.8750,196.0000,Metal1,43.2050,196.0000,4.636e-11
Metal1,42.8750,203.8400,Metal1,43.2050,203.8400,4.344e-11
Metal1,42.8750,211.6800,Metal1,43.2050,211.6800,4.360e-11
Metal1,42.8750,219.5200,Metal1,43.2050,219.5200,4.349e-11
Metal1,42.8750,227.3600,Metal1,43.2050,227.3600,4.360e-11
Metal1,42.8750,235.2000,Metal1,43.2050,235.2000,4.425e-11
Metal1,42.8750,243.0400,Metal1,43.2050,243.0400,4.358e-11
Metal1,43.2050,15.6800,Metal1,43.4350,15.6800,1.250e-08
Metal1,43.2050,39.2000,Metal1,43.4350,39.2000,6.701e-06
Metal1,43.2050,47.0400,Metal1,43.4350,47.0400,8.795e-07
Metal1,43.2050,54.8800,Metal1,43.4350,54.8800,1.920e-06
Metal1,43.2050,62.7200,Metal1,43.4350,62.7200,2.118e-05
Metal1,43.2050,78.4000,Metal1,43.4350,78.4000,1.070e-10
Metal1,43.2050,86.2400,Metal1,43.4350,86.2400,7.624e-05
Metal1,43.2050,94.0800,Metal1,43.4350,94.0800,1.638e-09
Metal1,43.2050,101.9200,Metal1,43.4350,101.9200,1.399e-06
Metal1,43.2050,109.7600,Metal1,43.4350,109.7600,2.295e-10
Metal1,43.2050,117.6000,Metal1,43.4350,117.6000,2.233e-07
Metal1,43.2050,125.4400,Metal1,43.4350,125.4400,4.409e-05
Metal1,43.2050,133.2800,Metal1,43.4350,133.2800,2.309e-06
Metal1,43.2050,141.1200,Metal1,43.4350,141.1200,5.196e-13
Metal1,43.2050,148.9600,Metal1,43.4350,148.9600,4.454e-13
Metal1,43.2050,156.8000,Metal1,43.4350,156.8000,4.454e-13
Metal1,43.2050,164.6400,Metal1,43.4350,164.6400,4.454e-13
Metal1,43.2050,172.4800,Metal1,43.4350,172.4800,3.711e-13
Metal1,43.2050,180.3200,Metal1,43.4350,180.3200,3.711e-13
Metal1,43.2050,188.1600,Metal1,43.4350,188.1600,5.196e-13
Metal1,43.2050,196.0000,Metal1,43.4350,196.0000,5.196e-13
Metal1,43.2050,203.8400,Metal1,43.4350,203.8400,4.454e-13
Metal1,43.2050,211.6800,Metal1,43.4350,211.6800,5.196e-13
Metal1,43.2050,219.5200,Metal1,43.4350,219.5200,3.711e-13
Metal1,43.2050,227.3600,Metal1,43.4350,227.3600,4.454e-13
Metal1,43.2050,235.2000,Metal1,43.4350,235.2000,3.711e-13
Metal1,43.2050,243.0400,Metal1,43.4350,243.0400,4.454e-13
Metal1,43.4350,15.6800,Metal1,44.8850,15.6800,1.250e-08
Metal1,43.4350,39.2000,Metal1,44.3250,39.2000,6.701e-06
Metal1,43.4350,47.0400,Metal1,44.3250,47.0400,1.210e-05
Metal1,43.4350,54.8800,Metal1,45.4450,54.8800,5.277e-08
Metal1,43.4350,62.7200,Metal1,43.4700,62.7200,2.118e-05
Metal1,43.4350,78.4000,Metal1,44.8850,78.4000,2.080e-11
Metal1,43.4350,86.2400,Metal1,44.8850,86.2400,7.624e-05
Metal1,43.4350,94.0800,Metal1,43.4700,94.0800,1.637e-09
Metal1,43.4350,101.9200,Metal1,44.8850,101.9200,7.765e-08
Metal1,43.4350,109.7600,Metal1,45.4450,109.7600,2.296e-10
Metal1,43.4350,117.6000,Metal1,45.1050,117.6000,3.150e-06
Metal1,43.4350,125.4400,Metal1,44.8850,125.4400,4.409e-05
Metal1,43.4350,133.2800,Metal1,43.4700,133.2800,2.309e-06
Metal1,43.4350,141.1200,Metal1,44.8850,141.1200,5.023e-13
Metal1,43.4350,148.9600,Metal1,44.8850,148.9600,5.145e-13
Metal1,43.4350,156.8000,Metal1,44.8850,156.8000,5.227e-13
Metal1,43.4350,164.6400,Metal1,44.8850,164.6400,5.268e-13
Metal1,43.4350,172.4800,Metal1,44.8850,172.4800,5.349e-13
Metal1,43.4350,180.3200,Metal1,44.8850,180.3200,4.247e-13
Metal1,43.4350,188.1600,Metal1,44.8850,188.1600,5.227e-13
Metal1,43.4350,196.0000,Metal1,44.8850,196.0000,5.268e-13
Metal1,43.4350,203.8400,Metal1,44.8850,203.8400,5.390e-13
Metal1,43.4350,211.6800,Metal1,44.8850,211.6800,5.390e-13
Metal1,43.4350,219.5200,Metal1,44.8850,219.5200,4.329e-13
Metal1,43.4350,227.3600,Metal1,44.8850,227.3600,5.268e-13
Metal1,43.4350,235.2000,Metal1,44.8850,235.2000,5.145e-13
Metal1,43.4350,243.0400,Metal1,44.8850,243.0400,5.349e-13
Metal1,43.4700,62.7200,Metal1,43.8100,62.7200,8.830e-07
Metal1,43.4700,94.0800,Metal1,43.8100,94.0800,1.411e-09
Metal1,43.4700,133.2800,Metal1,43.8100,133.2800,9.627e-08
Metal1,43.6250,70.5600,Metal1,43.8550,70.5600,5.067e-11
Metal1,43.7300,23.5200,Metal1,43.9600,23.5200,1.155e-05
Metal1,43.8100,62.7200,Metal1,45.4450,62.7200,1.639e-06
Metal1,43.8100,94.0800,Metal1,45.4450,94.0800,2.368e-10
Metal1,43.8100,133.2800,Metal1,45.4450,133.2800,1.787e-07
Metal1,43.8550,70.5600,Metal1,44.8850,70.5600,5.806e-13
Metal1,43.9600,23.5200,Metal1,44.3250,23.5200,1.155e-05
Metal1,44.3250,23.5200,Metal1,44.5550,23.5200,3.876e-08
Metal1,44.3250,39.2000,Metal1,44.5550,39.2000,6.705e-06
Metal1,44.3250,47.0400,Metal1,44.5550,47.0400,1.103e-05
Metal1,44.3250,250.8800,Metal1,44.5550,250.8800,2.227e-13
Metal1,44.5550,23.5200,Metal1,46.5650,23.5200,3.876e-08
Metal1,44.5550,39.2000,Metal1,45.4450,39.2000,6.705e-06
Metal1,44.5550,47.0400,Metal1,45.4450,47.0400,1.103e-05
Metal1,44.5550,250.8800,Metal1,46.5650,250.8800,2.769e-13
Metal1,44.8850,15.6800,Metal1,45.1150,15.6800,1.338e-09
Metal1,44.8850,31.3600,Metal1,45.1050,31.9250,3.142e-08
Metal1,44.8850,70.5600,Metal1,45.1150,70.5600,4.046e-11
Metal1,44.8850,78.4000,Metal1,45.1150,78.4000,4.676e-12
Metal1,44.8850,86.2400,Metal1,45.1150,86.2400,6.607e-07
Metal1,44.8850,101.9200,Metal1,45.1150,101.9200,1.614e-08
Metal1,44.8850,125.4400,Metal1,45.1150,125.4400,1.778e-07
Metal1,44.8850,141.1200,Metal1,45.1150,141.1200,2.450e-12
Metal1,44.8850,148.9600,Metal1,45.1150,148.9600,2.524e-12
Metal1,44.8850,156.8000,Metal1,45.1150,156.8000,2.598e-12
Metal1,44.8850,164.6400,Metal1,45.1150,164.6400,2.672e-12
Metal1,44.8850,172.4800,Metal1,45.1150,172.4800,2.598e-12
Metal1,44.8850,180.3200,Metal1,45.1150,180.3200,2.301e-12
Metal1,44.8850,188.1600,Metal1,45.1150,188.1600,2.672e-12
Metal1,44.8850,196.0000,Metal1,45.1150,196.0000,2.598e-12
Metal1,44.8850,203.8400,Metal1,45.1150,203.8400,2.598e-12
Metal1,44.8850,211.6800,Metal1,45.1150,211.6800,2.672e-12
Metal1,44.8850,219.5200,Metal1,45.1150,219.5200,2.301e-12
Metal1,44.8850,227.3600,Metal1,45.1150,227.3600,2.524e-12
Metal1,44.8850,235.2000,Metal1,45.1150,235.2000,2.450e-12
Metal1,44.8850,243.0400,Metal1,45.1150,243.0400,2.598e-12
Metal1,45.1050,31.9250,Metal1,45.1150,30.8675,3.142e-08
Metal1,45.1050,117.6000,Metal1,45.3350,117.6000,2.578e-05
Metal1,45.1150,15.6800,Metal1,45.4450,15.6800,6.183e-09
Metal1,45.1150,30.8675,Metal1,45.3350,31.3600,3.157e-08
Metal1,45.1150,70.5600,Metal1,47.9500,70.5600,3.118e-11
Metal1,45.1150,78.4000,Metal1,45.4450,78.4000,8.657e-11
Metal1,45.1150,86.2400,Metal1,45.6050,86.2400,6.607e-07
Metal1,45.1150,101.9200,Metal1,45.4450,101.9200,3.031e-07
Metal1,45.1150,125.4400,Metal1,45.1450,125.4400,1.778e-07
Metal1,45.1150,141.1200,Metal1,45.4450,141.1200,2.530e-12
Metal1,45.1150,148.9600,Metal1,45.4450,148.9600,2.530e-12
Metal1,45.1150,156.8000,Metal1,45.4450,156.8000,2.638e-12
Metal1,45.1150,164.6400,Metal1,45.4450,164.6400,2.620e-12
Metal1,45.1150,172.4800,Metal1,45.4450,172.4800,2.656e-12
Metal1,45.1150,180.3200,Metal1,45.4450,180.3200,2.297e-12
Metal1,45.1150,188.1600,Metal1,45.4450,188.1600,2.638e-12
Metal1,45.1150,196.0000,Metal1,45.4450,196.0000,2.656e-12
Metal1,45.1150,203.8400,Metal1,45.4450,203.8400,2.674e-12
Metal1,45.1150,211.6800,Metal1,45.4450,211.6800,2.674e-12
Metal1,45.1150,219.5200,Metal1,45.4450,219.5200,2.279e-12
Metal1,45.1150,227.3600,Metal1,45.4450,227.3600,2.620e-12
Metal1,45.1150,235.2000,Metal1,45.4450,235.2000,2.566e-12
Metal1,45.1150,243.0400,Metal1,45.4450,243.0400,2.674e-12
Metal1,45.1450,125.4400,Metal1,45.3750,125.4400,9.695e-11
Metal1,45.3350,31.3600,Metal1,46.8450,31.3600,3.157e-08
Metal1,45.3350,117.6000,Metal1,45.4450,117.6000,2.578e-05
Metal1,45.3750,125.4400,Metal1,47.1250,125.4400,1.791e-07
Metal1,45.4450,15.6800,Metal1,45.6750,15.6800,1.327e-09
Metal1,45.4450,39.2000,Metal1,45.6750,39.2000,6.705e-06
Metal1,45.4450,47.0400,Metal1,45.6750,47.0400,1.111e-05
Metal1,45.4450,54.8800,Metal1,45.6750,54.8800,1.936e-06
Metal1,45.4450,62.7200,Metal1,45.6750,62.7200,4.109e-09
Metal1,45.4450,78.4000,Metal1,45.6750,78.4000,1.002e-11
Metal1,45.4450,94.0800,Metal1,45.6750,94.0800,1.020e-10
Metal1,45.4450,101.9200,Metal1,45.6750,101.9200,6.829e-08
Metal1,45.4450,109.7600,Metal1,45.6750,109.7600,1.982e-09
Metal1,45.4450,117.6000,Metal1,45.6750,117.6000,4.154e-06
Metal1,45.4450,133.2800,Metal1,45.6750,133.2800,4.480e-10
Metal1,45.4450,141.1200,Metal1,45.6750,141.1200,7.423e-13
Metal1,45.4450,148.9600,Metal1,45.6750,148.9600,7.423e-13
Metal1,45.4450,156.8000,Metal1,45.6750,156.8000,7.423e-13
Metal1,45.4450,164.6400,Metal1,45.6750,164.6400,7.423e-13
Metal1,45.4450,172.4800,Metal1,45.6750,172.4800,8.165e-13
Metal1,45.4450,180.3200,Metal1,45.6750,180.3200,5.938e-13
Metal1,45.4450,188.1600,Metal1,45.6750,188.1600,7.423e-13
Metal1,45.4450,196.0000,Metal1,45.6750,196.0000,7.423e-13
Metal1,45.4450,203.8400,Metal1,45.6750,203.8400,6.681e-13
Metal1,45.4450,211.6800,Metal1,45.6750,211.6800,7.423e-13
Metal1,45.4450,219.5200,Metal1,45.6750,219.5200,6.681e-13
Metal1,45.4450,227.3600,Metal1,45.6750,227.3600,7.423e-13
Metal1,45.4450,235.2000,Metal1,45.6750,235.2000,6.681e-13
Metal1,45.4450,243.0400,Metal1,45.6750,243.0400,7.423e-13
Metal1,45.6050,86.2400,Metal1,45.8350,86.2400,1.768e-09
Metal1,45.6750,15.6800,Metal1,47.1250,15.6800,1.327e-09
Metal1,45.6750,39.2000,Metal1,46.5650,39.2000,6.705e-06
Metal1,45.6750,47.0400,Metal1,46.5650,47.0400,1.111e-05
Metal1,45.6750,54.8800,Metal1,47.6850,54.8800,4.915e-08
Metal1,45.6750,62.7200,Metal1,47.6850,62.7200,4.109e-09
Metal1,45.6750,78.4000,Metal1,47.1250,78.4000,2.006e-11
Metal1,45.6750,94.0800,Metal1,47.6850,94.0800,1.020e-10
Metal1,45.6750,101.9200,Metal1,47.1250,101.9200,6.829e-08
Metal1,45.6750,109.7600,Metal1,47.6850,109.7600,5.447e-11
Metal1,45.6750,117.6000,Metal1,46.8450,117.6000,4.154e-06
Metal1,45.6750,133.2800,Metal1,47.6850,133.2800,4.480e-10
Metal1,45.6750,141.1200,Metal1,47.1250,141.1200,6.820e-13
Metal1,45.6750,148.9600,Metal1,47.1250,148.9600,6.860e-13
Metal1,45.6750,156.8000,Metal1,47.1250,156.8000,7.146e-13
Metal1,45.6750,164.6400,Metal1,47.1250,164.6400,7.146e-13
Metal1,45.6750,172.4800,Metal1,47.1250,172.4800,7.187e-13
Metal1,45.6750,180.3200,Metal1,47.1250,180.3200,6.248e-13
Metal1,45.6750,188.1600,Metal1,47.1250,188.1600,7.187e-13
Metal1,45.6750,196.0000,Metal1,47.1250,196.0000,7.187e-13
Metal1,45.6750,203.8400,Metal1,47.1250,203.8400,7.228e-13
Metal1,45.6750,211.6800,Metal1,47.1250,211.6800,7.269e-13
Metal1,45.6750,219.5200,Metal1,47.1250,219.5200,6.207e-13
Metal1,45.6750,227.3600,Metal1,47.1250,227.3600,7.065e-13
Metal1,45.6750,235.2000,Metal1,47.1250,235.2000,6.942e-13
Metal1,45.6750,243.0400,Metal1,47.1250,243.0400,7.187e-13
Metal1,45.8350,86.2400,Metal1,47.1250,86.2400,6.859e-07
Metal1,46.5650,23.5200,Metal1,46.7950,23.5200,2.752e-09
Metal1,46.5650,39.2000,Metal1,46.7950,39.2000,6.754e-06
Metal1,46.5650,47.0400,Metal1,46.7950,47.0400,7.021e-08
Metal1,46.5650,250.8800,Metal1,46.7950,250.8800,8.833e-11
Metal1,46.7950,23.5200,Metal1,48.8050,23.5200,6.588e-09
Metal1,46.7950,39.2000,Metal1,47.6850,39.2000,6.754e-06
Metal1,46.7950,47.0400,Metal1,47.6850,47.0400,1.209e-05
Metal1,46.7950,250.8800,Metal1,48.8050,250.8800,6.098e-13
Metal1,46.8450,31.3600,Metal1,47.0750,31.3600,1.361e-05
Metal1,46.8450,117.6000,Metal1,47.0750,117.6000,8.150e-06
Metal1,47.0750,31.3600,Metal1,47.1250,31.3600,1.361e-05
Metal1,47.0750,117.6000,Metal1,47.6850,117.6000,8.150e-06
Metal1,47.1250,15.6800,Metal1,47.3550,15.6800,5.002e-09
Metal1,47.1250,31.3600,Metal1,47.3550,31.3600,4.313e-08
Metal1,47.1250,78.4000,Metal1,47.3550,78.4000,1.367e-10
Metal1,47.1250,86.2400,Metal1,47.3550,86.2400,5.794e-08
Metal1,47.1250,101.9200,Metal1,47.3550,101.9200,4.490e-07
Metal1,47.1250,125.4400,Metal1,47.3550,125.4400,1.282e-08
Metal1,47.1250,141.1200,Metal1,47.3550,141.1200,2.227e-13
Metal1,47.1250,148.9600,Metal1,47.3550,148.9600,1.485e-13
Metal1,47.1250,156.8000,Metal1,47.3550,156.8000,7.423e-14
Metal1,47.1250,164.6400,Metal1,47.3550,164.6400,1.485e-13
Metal1,47.1250,172.4800,Metal1,47.3550,172.4800,2.227e-13
Metal1,47.1250,180.3200,Metal1,47.3550,180.3200,7.423e-14
Metal1,47.1250,188.1600,Metal1,47.3550,188.1600,1.485e-13
Metal1,47.1250,196.0000,Metal1,47.3550,196.0000,2.227e-13
Metal1,47.1250,203.8400,Metal1,47.3550,203.8400,1.485e-13
Metal1,47.1250,211.6800,Metal1,47.3550,211.6800,2.227e-13
Metal1,47.1250,219.5200,Metal1,47.3550,219.5200,1.485e-13
Metal1,47.1250,227.3600,Metal1,47.3550,227.3600,1.485e-13
Metal1,47.1250,235.2000,Metal1,47.3550,235.2000,1.485e-13
Metal1,47.1250,243.0400,Metal1,47.3550,243.0400,1.485e-13
Metal1,47.3550,15.6800,Metal1,47.6850,15.6800,5.002e-09
Metal1,47.3550,31.3600,Metal1,49.3650,31.3600,4.313e-08
Metal1,47.3550,78.4000,Metal1,48.8100,78.4000,1.468e-10
Metal1,47.3550,86.2400,Metal1,49.3650,86.2400,1.233e-07
Metal1,47.3550,101.9200,Metal1,47.6850,101.9200,4.490e-07
Metal1,47.3550,125.4400,Metal1,49.3650,125.4400,1.667e-10
Metal1,47.3550,141.1200,Metal1,47.6850,141.1200,3.158e-12
Metal1,47.3550,148.9600,Metal1,47.6850,148.9600,3.158e-12
Metal1,47.3550,156.8000,Metal1,47.6850,156.8000,3.302e-12
Metal1,47.3550,164.6400,Metal1,47.6850,164.6400,3.302e-12
Metal1,47.3550,172.4800,Metal1,47.6850,172.4800,3.302e-12
Metal1,47.3550,180.3200,Metal1,47.6850,180.3200,2.835e-12
Metal1,47.3550,188.1600,Metal1,47.6850,188.1600,3.302e-12
Metal1,47.3550,196.0000,Metal1,47.6850,196.0000,3.319e-12
Metal1,47.3550,203.8400,Metal1,47.6850,203.8400,3.319e-12
Metal1,47.3550,211.6800,Metal1,47.6850,211.6800,3.319e-12
Metal1,47.3550,219.5200,Metal1,47.6850,219.5200,2.817e-12
Metal1,47.3550,227.3600,Metal1,47.6850,227.3600,3.266e-12
Metal1,47.3550,235.2000,Metal1,47.6850,235.2000,3.212e-12
Metal1,47.3550,243.0400,Metal1,47.6850,243.0400,3.302e-12
Metal1,47.6850,15.6800,Metal1,47.9150,15.6800,3.580e-10
Metal1,47.6850,39.2000,Metal1,47.9150,39.2000,4.838e-07
Metal1,47.6850,47.0400,Metal1,47.9150,47.0400,1.123e-05
Metal1,47.6850,54.8800,Metal1,47.9150,54.8800,2.255e-07
Metal1,47.6850,62.7200,Metal1,47.9150,62.7200,3.425e-07
Metal1,47.6850,94.0800,Metal1,47.9150,94.0800,3.193e-08
Metal1,47.6850,101.9200,Metal1,47.9150,101.9200,4.409e-05
Metal1,47.6850,109.7600,Metal1,47.9150,109.7600,1.999e-09
Metal1,47.6850,117.6000,Metal1,47.9150,117.6000,5.160e-05
Metal1,47.6850,133.2800,Metal1,47.9150,133.2800,3.734e-08
Metal1,47.6850,141.1200,Metal1,47.9150,141.1200,1.485e-13
Metal1,47.6850,148.9600,Metal1,47.9150,148.9600,3.711e-13
Metal1,47.6850,156.8000,Metal1,47.9150,156.8000,2.227e-13
Metal1,47.6850,164.6400,Metal1,47.9150,164.6400,7.423e-14
Metal1,47.6850,172.4800,Metal1,47.9150,172.4800,2.227e-13
Metal1,47.6850,180.3200,Metal1,47.9150,180.3200,2.227e-13
Metal1,47.6850,188.1600,Metal1,47.9150,188.1600,1.485e-13
Metal1,47.6850,196.0000,Metal1,47.9150,196.0000,1.485e-13
Metal1,47.6850,203.8400,Metal1,47.9150,203.8400,2.227e-13
Metal1,47.6850,211.6800,Metal1,47.9150,211.6800,1.485e-13
Metal1,47.6850,219.5200,Metal1,47.9150,219.5200,2.969e-13
Metal1,47.6850,227.3600,Metal1,47.9150,227.3600,2.227e-13
Metal1,47.6850,235.2000,Metal1,47.9150,235.2000,2.227e-13
Metal1,47.6850,243.0400,Metal1,47.9150,243.0400,7.423e-14
Metal1,47.9150,15.6800,Metal1,49.3650,15.6800,1.225e-14
Metal1,47.9150,39.2000,Metal1,48.8050,39.2000,2.766e-09
Metal1,47.9150,47.0400,Metal1,48.8050,47.0400,1.123e-05
Metal1,47.9150,54.8800,Metal1,49.9250,54.8800,2.255e-07
Metal1,47.9150,62.7200,Metal1,48.4650,62.7200,4.787e-06
Metal1,47.9150,94.0800,Metal1,48.4650,94.0800,3.194e-08
Metal1,47.9150,101.9200,Metal1,48.9650,101.9200,4.409e-05
Metal1,47.9150,109.7600,Metal1,49.9250,109.7600,5.067e-11
Metal1,47.9150,117.6000,Metal1,49.9250,117.6000,1.039e-08
Metal1,47.9150,133.2800,Metal1,48.4650,133.2800,5.219e-07
Metal1,47.9150,141.1200,Metal1,49.3650,141.1200,7.228e-13
Metal1,47.9150,148.9600,Metal1,49.3650,148.9600,7.391e-13
Metal1,47.9150,156.8000,Metal1,49.3650,156.8000,7.636e-13
Metal1,47.9150,164.6400,Metal1,49.3650,164.6400,7.555e-13
Metal1,47.9150,172.4800,Metal1,49.3650,172.4800,7.595e-13
Metal1,47.9150,180.3200,Metal1,49.3650,180.3200,6.452e-13
Metal1,47.9150,188.1600,Metal1,49.3650,188.1600,7.555e-13
Metal1,47.9150,196.0000,Metal1,49.3650,196.0000,7.595e-13
Metal1,47.9150,203.8400,Metal1,49.3650,203.8400,7.677e-13
Metal1,47.9150,211.6800,Metal1,49.3650,211.6800,7.595e-13
Metal1,47.9150,219.5200,Metal1,49.3650,219.5200,6.534e-13
Metal1,47.9150,227.3600,Metal1,49.3650,227.3600,7.555e-13
Metal1,47.9150,235.2000,Metal1,49.3650,235.2000,7.350e-13
Metal1,47.9150,243.0400,Metal1,49.3650,243.0400,7.595e-13
Metal1,47.9500,70.5600,Metal1,48.2900,70.5600,1.497e-08
Metal1,48.2900,70.5600,Metal1,51.0100,70.5600,8.009e-10
Metal1,48.4650,62.7200,Metal1,48.6950,62.7200,1.917e-06
Metal1,48.4650,94.0800,Metal1,48.6950,94.0800,3.141e-06
Metal1,48.4650,133.2800,Metal1,48.6950,133.2800,2.090e-07
Metal1,48.6950,62.7200,Metal1,49.9250,62.7200,1.917e-06
Metal1,48.6950,94.0800,Metal1,50.0300,94.0800,3.141e-06
Metal1,48.6950,133.2800,Metal1,49.9250,133.2800,2.090e-07
Metal1,48.8050,23.5200,Metal1,49.0350,23.5200,3.983e-06
Metal1,48.8050,39.2000,Metal1,49.0350,39.2000,2.556e-10
Metal1,48.8050,47.0400,Metal1,49.0350,47.0400,1.865e-05
Metal1,48.8050,250.8800,Metal1,49.0350,250.8800,9.813e-11
Metal1,48.8100,78.4000,Metal1,48.9650,78.8675,1.468e-10
Metal1,48.9650,78.8675,Metal1,49.1500,77.8550,3.772e-10
Metal1,48.9650,101.9200,Metal1,49.1950,101.9200,3.151e-06
Metal1,49.0350,23.5200,Metal1,49.5300,23.5200,3.983e-06
Metal1,49.0350,39.2000,Metal1,49.9250,39.2000,8.033e-10
Metal1,49.0350,47.0400,Metal1,49.9250,47.0400,1.865e-05
Metal1,49.0350,250.8800,Metal1,50.7900,250.8800,1.082e-10
Metal1,49.1500,77.8550,Metal1,49.1950,78.4000,3.772e-10
Metal1,49.1950,78.4000,Metal1,52.4700,78.4000,2.829e-09
Metal1,49.1950,101.9200,Metal1,49.9250,101.9200,5.652e-08
Metal1,49.3650,15.6800,Metal1,49.5950,15.6800,6.458e-12
Metal1,49.3650,31.3600,Metal1,49.5950,31.3600,2.499e-10
Metal1,49.3650,86.2400,Metal1,49.5950,86.2400,3.736e-05
Metal1,49.3650,125.4400,Metal1,49.5250,124.8750,6.340e-08
Metal1,49.3650,141.1200,Metal1,49.5950,141.1200,2.450e-12
Metal1,49.3650,148.9600,Metal1,49.5950,148.9600,2.524e-12
Metal1,49.3650,156.8000,Metal1,49.5950,156.8000,2.672e-12
Metal1,49.3650,164.6400,Metal1,49.5950,164.6400,2.598e-12
Metal1,49.3650,172.4800,Metal1,49.5950,172.4800,2.598e-12
Metal1,49.3650,180.3200,Metal1,49.5950,180.3200,2.227e-12
Metal1,49.3650,188.1600,Metal1,49.5950,188.1600,2.672e-12
Metal1,49.3650,196.0000,Metal1,49.5950,196.0000,2.672e-12
Metal1,49.3650,203.8400,Metal1,49.5950,203.8400,2.598e-12
Metal1,49.3650,211.6800,Metal1,49.5950,211.6800,2.672e-12
Metal1,49.3650,219.5200,Metal1,49.5950,219.5200,2.301e-12
Metal1,49.3650,227.3600,Metal1,49.5950,227.3600,2.598e-12
Metal1,49.3650,235.2000,Metal1,49.5950,235.2000,2.598e-12
Metal1,49.3650,243.0400,Metal1,49.5950,243.0400,2.598e-12
Metal1,49.5250,124.8750,Metal1,49.5950,125.9850,6.340e-08
Metal1,49.5300,23.5200,Metal1,49.7600,23.5200,1.624e-07
Metal1,49.5950,15.6800,Metal1,49.9250,15.6800,6.495e-12
Metal1,49.5950,31.3600,Metal1,50.4850,31.3600,3.766e-12
Metal1,49.5950,86.2400,Metal1,50.4850,86.2400,3.736e-05
Metal1,49.5950,125.9850,Metal1,49.7550,125.4400,1.601e-09
Metal1,49.5950,141.1200,Metal1,49.9250,141.1200,2.548e-12
Metal1,49.5950,148.9600,Metal1,49.9250,148.9600,2.584e-12
Metal1,49.5950,156.8000,Metal1,49.9250,156.8000,2.674e-12
Metal1,49.5950,164.6400,Metal1,49.9250,164.6400,2.656e-12
Metal1,49.5950,172.4800,Metal1,49.9250,172.4800,2.674e-12
Metal1,49.5950,180.3200,Metal1,49.9250,180.3200,2.243e-12
Metal1,49.5950,188.1600,Metal1,49.9250,188.1600,2.656e-12
Metal1,49.5950,196.0000,Metal1,49.9250,196.0000,2.656e-12
Metal1,49.5950,203.8400,Metal1,49.9250,203.8400,2.674e-12
Metal1,49.5950,211.6800,Metal1,49.9250,211.6800,2.674e-12
Metal1,49.5950,219.5200,Metal1,49.9250,219.5200,2.261e-12
Metal1,49.5950,227.3600,Metal1,49.9250,227.3600,2.656e-12
Metal1,49.5950,235.2000,Metal1,49.9250,235.2000,2.566e-12
Metal1,49.5950,243.0400,Metal1,49.9250,243.0400,2.691e-12
Metal1,49.7550,125.4400,Metal1,51.6050,125.4400,5.575e-07
Metal1,49.7600,23.5200,Metal1,51.0450,23.5200,1.669e-06
Metal1,49.9250,15.6800,Metal1,50.1550,15.6800,5.886e-11
Metal1,49.9250,39.2000,Metal1,50.1550,39.2000,7.274e-10
Metal1,49.9250,47.0400,Metal1,50.1550,47.0400,1.021e-07
Metal1,49.9250,54.8800,Metal1,50.1550,54.8800,5.761e-06
Metal1,49.9250,62.7200,Metal1,50.1550,62.7200,1.876e-05
Metal1,49.9250,101.9200,Metal1,50.1550,101.9200,3.151e-06
Metal1,49.9250,109.7600,Metal1,50.1550,109.7600,2.683e-10
Metal1,49.9250,117.6000,Metal1,50.1550,117.6000,1.577e-06
Metal1,49.9250,133.2800,Metal1,50.1550,133.2800,2.045e-06
Metal1,49.9250,141.1200,Metal1,50.1550,141.1200,6.681e-13
Metal1,49.9250,148.9600,Metal1,50.1550,148.9600,7.423e-13
Metal1,49.9250,156.8000,Metal1,50.1550,156.8000,7.423e-13
Metal1,49.9250,164.6400,Metal1,50.1550,164.6400,7.423e-13
Metal1,49.9250,172.4800,Metal1,50.1550,172.4800,6.681e-13
Metal1,49.9250,180.3200,Metal1,50.1550,180.3200,6.681e-13
Metal1,49.9250,188.1600,Metal1,50.1550,188.1600,7.423e-13
Metal1,49.9250,196.0000,Metal1,50.1550,196.0000,7.423e-13
Metal1,49.9250,203.8400,Metal1,50.1550,203.8400,6.681e-13
Metal1,49.9250,211.6800,Metal1,50.1550,211.6800,7.423e-13
Metal1,49.9250,219.5200,Metal1,50.1550,219.5200,6.681e-13
Metal1,49.9250,227.3600,Metal1,50.1550,227.3600,7.423e-13
Metal1,49.9250,235.2000,Metal1,50.1550,235.2000,6.681e-13
Metal1,49.9250,243.0400,Metal1,50.1550,243.0400,7.423e-13
Metal1,50.0300,94.0800,Metal1,50.2050,94.4250,3.770e-06
Metal1,50.1550,15.6800,Metal1,50.7900,15.6800,5.888e-11
Metal1,50.1550,39.2000,Metal1,51.0450,39.2000,7.275e-10
Metal1,50.1550,47.0400,Metal1,51.0450,47.0400,2.007e-05
Metal1,50.1550,54.8800,Metal1,52.1650,54.8800,1.937e-07
Metal1,50.1550,62.7200,Metal1,50.2050,62.7200,1.876e-05
Metal1,50.1550,101.9200,Metal1,51.2100,101.9200,4.470e-05
Metal1,50.1550,109.7600,Metal1,52.1650,109.7600,2.894e-10
Metal1,50.1550,117.6000,Metal1,50.4850,117.6000,1.577e-06
Metal1,50.1550,133.2800,Metal1,50.2050,133.2800,2.045e-06
Metal1,50.1550,141.1200,Metal1,51.6050,141.1200,6.779e-13
Metal1,50.1550,148.9600,Metal1,51.6050,148.9600,6.820e-13
Metal1,50.1550,156.8000,Metal1,51.6050,156.8000,7.146e-13
Metal1,50.1550,164.6400,Metal1,51.6050,164.6400,7.065e-13
Metal1,50.1550,172.4800,Metal1,51.6050,172.4800,7.187e-13
Metal1,50.1550,180.3200,Metal1,51.6050,180.3200,6.044e-13
Metal1,50.1550,188.1600,Metal1,51.6050,188.1600,7.146e-13
Metal1,50.1550,196.0000,Metal1,51.6050,196.0000,7.105e-13
Metal1,50.1550,203.8400,Metal1,51.6050,203.8400,7.146e-13
Metal1,50.1550,211.6800,Metal1,51.6050,211.6800,7.187e-13
Metal1,50.1550,219.5200,Metal1,51.6050,219.5200,6.044e-13
Metal1,50.1550,227.3600,Metal1,51.6050,227.3600,7.105e-13
Metal1,50.1550,235.2000,Metal1,51.6050,235.2000,6.901e-13
Metal1,50.1550,243.0400,Metal1,51.6050,243.0400,7.146e-13
Metal1,50.2050,62.7200,Metal1,50.4350,62.7200,1.411e-06
Metal1,50.2050,94.4250,Metal1,50.3700,93.5875,4.906e-07
Metal1,50.2050,133.2800,Metal1,50.4350,133.2800,1.538e-07
Metal1,50.3700,93.5875,Metal1,50.4350,94.0800,4.906e-07
Metal1,50.4350,62.7200,Metal1,52.1650,62.7200,1.411e-06
Metal1,50.4350,94.0800,Metal1,52.0250,94.0800,4.906e-07
Metal1,50.4350,133.2800,Metal1,52.1650,133.2800,1.538e-07
Metal1,50.4850,31.3600,Metal1,50.7150,31.3600,2.600e-10
Metal1,50.4850,86.2400,Metal1,50.7150,86.2400,3.734e-05
Metal1,50.4850,117.6000,Metal1,50.7150,117.6000,5.160e-05
Metal1,50.7150,31.3600,Metal1,51.6050,31.3600,2.699e-10
Metal1,50.7150,86.2400,Metal1,51.6050,86.2400,3.734e-05
Metal1,50.7150,117.6000,Metal1,52.4700,117.6000,5.160e-05
Metal1,50.7900,15.6800,Metal1,51.1300,15.6800,6.833e-11
Metal1,50.7900,250.8800,Metal1,51.1300,250.8800,1.185e-10
Metal1,51.0100,70.5600,Metal1,51.2400,70.5600,2.883e-09
Metal1,51.0450,23.5200,Metal1,51.2750,23.5200,5.897e-06
Metal1,51.0450,39.2000,Metal1,51.2750,39.2000,1.245e-09
Metal1,51.0450,47.0400,Metal1,51.2750,47.0400,1.883e-05
Metal1,51.1300,15.6800,Metal1,52.1650,15.6800,6.831e-11
Metal1,51.1300,250.8800,Metal1,53.2850,250.8800,1.184e-10
Metal1,51.2100,101.9200,Metal1,51.4400,101.9200,3.151e-06
Metal1,51.2400,70.5600,Metal1,52.4700,70.5600,2.883e-09
Metal1,51.2750,23.5200,Metal1,51.5700,23.5200,5.897e-06
Metal1,51.2750,39.2000,Metal1,52.1650,39.2000,1.254e-09
Metal1,51.2750,47.0400,Metal1,52.1650,47.0400,1.883e-05
Metal1,51.4400,101.9200,Metal1,52.4700,101.9200,2.030e-07
Metal1,51.5700,23.5200,Metal1,51.8000,23.5200,1.393e-05
Metal1,51.6050,31.3600,Metal1,51.8350,31.3600,2.064e-11
Metal1,51.6050,86.2400,Metal1,51.8350,86.2400,2.899e-06
Metal1,51.6050,125.4400,Metal1,51.8350,125.4400,4.507e-05
Metal1,51.6050,141.1200,Metal1,51.8350,141.1200,2.301e-12
Metal1,51.6050,148.9600,Metal1,51.8350,148.9600,2.375e-12
Metal1,51.6050,156.8000,Metal1,51.8350,156.8000,2.524e-12
Metal1,51.6050,164.6400,Metal1,51.8350,164.6400,2.450e-12
Metal1,51.6050,172.4800,Metal1,51.8350,172.4800,2.524e-12
Metal1,51.6050,180.3200,Metal1,51.8350,180.3200,2.153e-12
Metal1,51.6050,188.1600,Metal1,51.8350,188.1600,2.524e-12
Metal1,51.6050,196.0000,Metal1,51.8350,196.0000,2.524e-12
Metal1,51.6050,203.8400,Metal1,51.8350,203.8400,2.450e-12
Metal1,51.6050,211.6800,Metal1,51.8350,211.6800,2.524e-12
Metal1,51.6050,219.5200,Metal1,51.8350,219.5200,2.078e-12
Metal1,51.6050,227.3600,Metal1,51.8350,227.3600,2.450e-12
Metal1,51.6050,235.2000,Metal1,51.8350,235.2000,2.375e-12
Metal1,51.6050,243.0400,Metal1,51.8350,243.0400,2.450e-12
Metal1,51.8000,23.5200,Metal1,52.4700,23.5200,1.393e-05
Metal1,51.8350,31.3600,Metal1,52.4700,31.3600,2.130e-11
Metal1,51.8350,86.2400,Metal1,52.4700,86.2400,2.899e-06
Metal1,51.8350,125.4400,Metal1,52.4700,125.4400,4.507e-05
Metal1,51.8350,141.1200,Metal1,52.1650,141.1200,2.404e-12
Metal1,51.8350,148.9600,Metal1,52.1650,148.9600,2.404e-12
Metal1,51.8350,156.8000,Metal1,52.1650,156.8000,2.530e-12
Metal1,51.8350,164.6400,Metal1,52.1650,164.6400,2.512e-12
Metal1,51.8350,172.4800,Metal1,52.1650,172.4800,2.512e-12
Metal1,51.8350,180.3200,Metal1,52.1650,180.3200,2.117e-12
Metal1,51.8350,188.1600,Metal1,52.1650,188.1600,2.512e-12
Metal1,51.8350,196.0000,Metal1,52.1650,196.0000,2.512e-12
Metal1,51.8350,203.8400,Metal1,52.1650,203.8400,2.530e-12
Metal1,51.8350,211.6800,Metal1,52.1650,211.6800,2.530e-12
Metal1,51.8350,219.5200,Metal1,52.1650,219.5200,2.171e-12
Metal1,51.8350,227.3600,Metal1,52.1650,227.3600,2.512e-12
Metal1,51.8350,235.2000,Metal1,52.1650,235.2000,2.440e-12
Metal1,51.8350,243.0400,Metal1,52.1650,243.0400,2.530e-12
Metal1,52.0250,94.0800,Metal1,52.2550,94.0800,4.677e-07
Metal1,52.1650,15.6800,Metal1,52.3950,15.6800,1.794e-08
Metal1,52.1650,39.2000,Metal1,52.3950,39.2000,7.627e-08
Metal1,52.1650,47.0400,Metal1,52.3950,47.0400,5.755e-05
Metal1,52.1650,54.8800,Metal1,52.3950,54.8800,5.303e-05
Metal1,52.1650,62.7200,Metal1,52.3950,62.7200,8.476e-08
Metal1,52.1650,109.7600,Metal1,52.3950,109.7600,7.215e-08
Metal1,52.1650,133.2800,Metal1,52.3950,133.2800,9.418e-09
Metal1,52.1650,141.1200,Metal1,52.3950,141.1200,9.650e-12
Metal1,52.1650,148.9600,Metal1,52.3950,148.9600,8.982e-12
Metal1,52.1650,156.8000,Metal1,52.3950,156.8000,8.982e-12
Metal1,52.1650,164.6400,Metal1,52.3950,164.6400,9.056e-12
Metal1,52.1650,172.4800,Metal1,52.3950,172.4800,8.982e-12
Metal1,52.1650,180.3200,Metal1,52.3950,180.3200,8.982e-12
Metal1,52.1650,188.1600,Metal1,52.3950,188.1600,8.982e-12
Metal1,52.1650,196.0000,Metal1,52.3950,196.0000,8.982e-12
Metal1,52.1650,203.8400,Metal1,52.3950,203.8400,8.982e-12
Metal1,52.1650,211.6800,Metal1,52.3950,211.6800,8.982e-12
Metal1,52.1650,219.5200,Metal1,52.3950,219.5200,8.982e-12
Metal1,52.1650,227.3600,Metal1,52.3950,227.3600,8.982e-12
Metal1,52.1650,235.2000,Metal1,52.3950,235.2000,8.982e-12
Metal1,52.1650,243.0400,Metal1,52.3950,243.0400,8.982e-12
Metal1,52.2550,94.0800,Metal1,52.4700,94.0800,4.677e-07
Metal1,52.3950,15.6800,Metal1,53.2850,15.6800,1.794e-08
Metal1,52.3950,39.2000,Metal1,52.4700,39.2000,7.627e-08
Metal1,52.3950,47.0400,Metal1,52.4700,47.0400,5.755e-05
Metal1,52.3950,54.8800,Metal1,52.4700,54.8800,5.303e-05
Metal1,52.3950,62.7200,Metal1,52.4700,62.7200,8.476e-08
Metal1,52.3950,109.7600,Metal1,52.4700,109.7600,7.215e-08
Metal1,52.3950,133.2800,Metal1,52.4700,133.2800,9.417e-09
Metal1,52.3950,141.1200,Metal1,52.4700,141.1200,9.790e-12
Metal1,52.3950,148.9600,Metal1,52.4700,148.9600,9.000e-12
Metal1,52.3950,156.8000,Metal1,52.4700,156.8000,9.000e-12
Metal1,52.3950,164.6400,Metal1,52.4700,164.6400,9.079e-12
Metal1,52.3950,172.4800,Metal1,52.4700,172.4800,9.079e-12
Metal1,52.3950,180.3200,Metal1,52.4700,180.3200,9.000e-12
Metal1,52.3950,188.1600,Metal1,52.4700,188.1600,9.079e-12
Metal1,52.3950,196.0000,Metal1,52.4700,196.0000,9.000e-12
Metal1,52.3950,203.8400,Metal1,52.4700,203.8400,9.000e-12
Metal1,52.3950,211.6800,Metal1,52.4700,211.6800,9.000e-12
Metal1,52.3950,219.5200,Metal1,52.4700,219.5200,9.079e-12
Metal1,52.3950,227.3600,Metal1,52.4700,227.3600,9.000e-12
Metal1,52.3950,235.2000,Metal1,52.4700,235.2000,9.079e-12
Metal1,52.3950,243.0400,Metal1,52.4700,243.0400,9.079e-12
Metal1,52.4700,23.5200,Metal1,52.8100,23.5200,1.393e-05
Metal1,52.4700,31.3600,Metal1,52.8100,31.3600,3.071e-11
Metal1,52.4700,39.2000,Metal1,52.8100,39.2000,7.628e-08
Metal1,52.4700,47.0400,Metal1,52.8100,47.0400,5.755e-05
Metal1,52.4700,54.8800,Metal1,52.8100,54.8800,5.303e-05
Metal1,52.4700,62.7200,Metal1,52.8100,62.7200,8.477e-08
Metal1,52.4700,70.5600,Metal1,52.8100,70.5600,2.893e-09
Metal1,52.4700,78.4000,Metal1,52.8100,78.4000,2.839e-09
Metal1,52.4700,86.2400,Metal1,52.7250,85.3950,2.899e-06
Metal1,52.4700,94.0800,Metal1,52.8100,94.0800,4.677e-07
Metal1,52.4700,101.9200,Metal1,52.8100,101.9200,2.030e-07
Metal1,52.4700,109.7600,Metal1,52.8100,109.7600,7.216e-08
Metal1,52.4700,117.6000,Metal1,52.8100,117.6000,5.160e-05
Metal1,52.4700,125.4400,Metal1,52.8100,125.4400,4.507e-05
Metal1,52.4700,133.2800,Metal1,52.8100,133.2800,9.428e-09
Metal1,52.4700,141.1200,Metal1,52.8100,141.1200,3.323e-13
Metal1,52.4700,148.9600,Metal1,52.8100,148.9600,1.063e-12
Metal1,52.4700,156.8000,Metal1,52.8100,156.8000,9.970e-13
Metal1,52.4700,164.6400,Metal1,52.8100,164.6400,1.130e-12
Metal1,52.4700,172.4800,Metal1,52.8100,172.4800,1.130e-12
Metal1,52.4700,180.3200,Metal1,52.8100,180.3200,1.063e-12
Metal1,52.4700,188.1600,Metal1,52.8100,188.1600,1.130e-12
Metal1,52.4700,196.0000,Metal1,52.8100,196.0000,1.063e-12
Metal1,52.4700,203.8400,Metal1,52.8100,203.8400,1.063e-12
Metal1,52.4700,211.6800,Metal1,52.8100,211.6800,1.063e-12
Metal1,52.4700,219.5200,Metal1,52.8100,219.5200,1.130e-12
Metal1,52.4700,227.3600,Metal1,52.8100,227.3600,1.063e-12
Metal1,52.4700,235.2000,Metal1,52.8100,235.2000,1.130e-12
Metal1,52.4700,243.0400,Metal1,52.8100,243.0400,1.063e-12
Metal1,52.7250,85.3950,Metal1,52.8100,86.8050,2.899e-06
Metal1,52.8100,23.5200,Metal1,55.5300,23.5200,1.393e-05
Metal1,52.8100,31.3600,Metal1,53.8450,31.3600,3.073e-11
Metal1,52.8100,39.2000,Metal1,54.4050,39.2000,7.628e-08
Metal1,52.8100,47.0400,Metal1,54.9650,47.0400,3.539e-07
Metal1,52.8100,54.8800,Metal1,52.8850,54.8800,5.303e-05
Metal1,52.8100,62.7200,Metal1,54.4050,62.7200,8.477e-08
Metal1,52.8100,70.5600,Metal1,52.9450,70.5600,2.893e-09
Metal1,52.8100,78.4000,Metal1,54.9650,78.4000,2.326e-07
Metal1,52.8100,86.8050,Metal1,52.9550,86.2400,8.581e-09
Metal1,52.8100,94.0800,Metal1,54.9650,94.0800,4.677e-07
Metal1,52.8100,101.9200,Metal1,53.2500,101.9200,2.030e-07
Metal1,52.8100,109.7600,Metal1,54.4050,109.7600,7.216e-08
Metal1,52.8100,117.6000,Metal1,53.4100,117.6000,5.160e-05
Metal1,52.8100,125.4400,Metal1,54.4050,125.4400,4.507e-05
Metal1,52.8100,133.2800,Metal1,54.4050,133.2800,9.428e-09
Metal1,52.8100,141.1200,Metal1,54.4050,141.1200,3.898e-13
Metal1,52.8100,148.9600,Metal1,54.4050,148.9600,1.095e-12
Metal1,52.8100,156.8000,Metal1,54.4050,156.8000,1.114e-12
Metal1,52.8100,164.6400,Metal1,54.4050,164.6400,1.106e-12
Metal1,52.8100,172.4800,Metal1,54.4050,172.4800,1.106e-12
Metal1,52.8100,180.3200,Metal1,54.4050,180.3200,1.106e-12
Metal1,52.8100,188.1600,Metal1,54.4050,188.1600,1.114e-12
Metal1,52.8100,196.0000,Metal1,54.4050,196.0000,1.114e-12
Metal1,52.8100,203.8400,Metal1,54.4050,203.8400,1.106e-12
Metal1,52.8100,211.6800,Metal1,54.4050,211.6800,1.103e-12
Metal1,52.8100,219.5200,Metal1,54.4050,219.5200,1.088e-12
Metal1,52.8100,227.3600,Metal1,54.4050,227.3600,1.106e-12
Metal1,52.8100,235.2000,Metal1,54.4050,235.2000,1.099e-12
Metal1,52.8100,243.0400,Metal1,54.4050,243.0400,1.114e-12
Metal1,52.8850,54.8800,Metal1,53.1150,54.8800,2.323e-06
Metal1,52.9450,70.5600,Metal1,53.1750,70.5600,2.436e-08
Metal1,52.9550,86.2400,Metal1,54.9650,86.2400,1.279e-07
Metal1,53.1150,54.8800,Metal1,53.4500,54.8800,2.323e-06
Metal1,53.1750,70.5600,Metal1,54.6850,70.5600,2.436e-08
Metal1,53.2500,101.9200,Metal1,53.4800,101.9200,4.473e-05
Metal1,53.2850,15.6800,Metal1,53.5150,15.6800,1.040e-10
Metal1,53.2850,250.8800,Metal1,53.5150,250.8800,3.711e-13
Metal1,53.4100,117.6000,Metal1,53.6400,117.6000,5.365e-06
Metal1,53.4500,54.8800,Metal1,53.6800,54.8800,3.464e-06
Metal1,53.4800,101.9200,Metal1,55.5300,101.9200,4.473e-05
Metal1,53.5150,15.6800,Metal1,54.4050,15.6800,1.939e-08
Metal1,53.5150,250.8800,Metal1,55.5250,250.8800,3.712e-13
Metal1,53.6400,117.6000,Metal1,54.9650,117.6000,5.324e-05
Metal1,53.6800,54.8800,Metal1,55.4900,54.8800,3.765e-07
Metal1,53.8450,31.3600,Metal1,54.0750,31.3600,7.242e-09
Metal1,54.0750,31.3600,Metal1,54.9650,31.3600,7.242e-09
Metal1,54.4050,15.6800,Metal1,54.6350,15.6800,1.819e-08
Metal1,54.4050,39.2000,Metal1,54.6350,39.2000,2.119e-05
Metal1,54.4050,62.7200,Metal1,54.6350,62.7200,2.214e-05
Metal1,54.4050,109.7600,Metal1,54.6350,109.7600,2.005e-05
Metal1,54.4050,125.4400,Metal1,54.6350,125.4400,1.032e-07
Metal1,54.4050,133.2800,Metal1,54.6350,133.2800,2.465e-06
Metal1,54.4050,141.1200,Metal1,54.5100,141.6850,3.851e-13
Metal1,54.4050,148.9600,Metal1,54.6350,148.9600,5.589e-11
Metal1,54.4050,156.8000,Metal1,54.6350,156.8000,6.161e-11
Metal1,54.4050,164.6400,Metal1,54.6350,164.6400,5.924e-11
Metal1,54.4050,172.4800,Metal1,54.6350,172.4800,5.961e-11
Metal1,54.4050,180.3200,Metal1,54.6350,180.3200,6.005e-11
Metal1,54.4050,188.1600,Metal1,54.6350,188.1600,6.109e-11
Metal1,54.4050,196.0000,Metal1,54.6350,196.0000,6.198e-11
Metal1,54.4050,203.8400,Metal1,54.6350,203.8400,5.953e-11
Metal1,54.4050,211.6800,Metal1,54.6350,211.6800,5.968e-11
Metal1,54.4050,219.5200,Metal1,54.6350,219.5200,5.686e-11
Metal1,54.4050,227.3600,Metal1,54.6350,227.3600,5.968e-11
Metal1,54.4050,235.2000,Metal1,54.6350,235.2000,5.931e-11
Metal1,54.4050,243.0400,Metal1,54.6350,243.0400,5.968e-11
Metal1,54.5100,141.6850,Metal1,54.6350,140.7750,4.764e-11
Metal1,54.6350,15.6800,Metal1,55.5250,15.6800,1.819e-08
Metal1,54.6350,39.2000,Metal1,54.9650,39.2000,2.119e-05
Metal1,54.6350,62.7200,Metal1,54.9650,62.7200,2.214e-05
Metal1,54.6350,109.7600,Metal1,54.9650,109.7600,2.005e-05
Metal1,54.6350,125.4400,Metal1,55.9100,125.4400,1.032e-07
Metal1,54.6350,133.2800,Metal1,54.9650,133.2800,2.465e-06
Metal1,54.6350,140.7750,Metal1,54.8500,141.1200,3.690e-14
Metal1,54.6350,148.9600,Metal1,54.9650,148.9600,5.591e-11
Metal1,54.6350,156.8000,Metal1,54.9650,156.8000,6.167e-11
Metal1,54.6350,164.6400,Metal1,54.9650,164.6400,5.932e-11
Metal1,54.6350,172.4800,Metal1,54.9650,172.4800,5.968e-11
Metal1,54.6350,180.3200,Metal1,54.9650,180.3200,6.011e-11
Metal1,54.6350,188.1600,Metal1,54.9650,188.1600,6.115e-11
Metal1,54.6350,196.0000,Metal1,54.9650,196.0000,6.194e-11
Metal1,54.6350,203.8400,Metal1,54.9650,203.8400,5.950e-11
Metal1,54.6350,211.6800,Metal1,54.9650,211.6800,5.968e-11
Metal1,54.6350,219.5200,Metal1,54.9650,219.5200,5.692e-11
Metal1,54.6350,227.3600,Metal1,54.9650,227.3600,5.968e-11
Metal1,54.6350,235.2000,Metal1,54.9650,235.2000,5.928e-11
Metal1,54.6350,243.0400,Metal1,54.9650,243.0400,5.966e-11
Metal1,54.6850,70.5600,Metal1,54.9150,70.5600,5.882e-06
Metal1,54.8500,141.1200,Metal1,56.5050,141.1200,3.578e-14
Metal1,54.9150,70.5600,Metal1,54.9650,70.5600,5.882e-06
Metal1,54.9650,31.3600,Metal1,55.1950,31.3600,4.209e-11
Metal1,54.9650,39.2000,Metal1,55.1950,39.2000,5.651e-06
Metal1,54.9650,47.0400,Metal1,55.1950,47.0400,5.755e-05
Metal1,54.9650,62.7200,Metal1,55.1950,62.7200,1.135e-06
Metal1,54.9650,70.5600,Metal1,55.1950,70.5600,2.134e-08
Metal1,54.9650,78.4000,Metal1,55.1950,78.4000,4.125e-06
Metal1,54.9650,86.2400,Metal1,55.1950,86.2400,4.080e-10
Metal1,54.9650,94.0800,Metal1,55.1950,94.0800,9.762e-07
Metal1,54.9650,109.7600,Metal1,55.1950,109.7600,5.346e-06
Metal1,54.9650,117.6000,Metal1,55.1950,117.6000,3.826e-06
Metal1,54.9650,133.2800,Metal1,55.1950,133.2800,6.574e-07
Metal1,54.9650,148.9600,Metal1,55.1950,148.9600,2.746e-12
Metal1,54.9650,156.8000,Metal1,55.1950,156.8000,1.640e-11
Metal1,54.9650,164.6400,Metal1,55.1950,164.6400,1.581e-11
Metal1,54.9650,172.4800,Metal1,55.1950,172.4800,1.596e-11
Metal1,54.9650,180.3200,Metal1,55.1950,180.3200,1.603e-11
Metal1,54.9650,188.1600,Metal1,55.1950,188.1600,1.633e-11
Metal1,54.9650,196.0000,Metal1,55.1950,196.0000,1.655e-11
Metal1,54.9650,203.8400,Metal1,55.1950,203.8400,1.589e-11
Metal1,54.9650,211.6800,Metal1,55.1950,211.6800,1.596e-11
Metal1,54.9650,219.5200,Metal1,55.1950,219.5200,1.522e-11
Metal1,54.9650,227.3600,Metal1,55.1950,227.3600,1.589e-11
Metal1,54.9650,235.2000,Metal1,55.1950,235.2000,1.581e-11
Metal1,54.9650,243.0400,Metal1,55.1950,243.0400,1.589e-11
Metal1,55.1950,31.3600,Metal1,56.0850,31.3600,7.827e-09
Metal1,55.1950,39.2000,Metal1,56.6450,39.2000,5.651e-06
Metal1,55.1950,47.0400,Metal1,55.5300,47.0400,5.755e-05
Metal1,55.1950,62.7200,Metal1,56.6450,62.7200,6.287e-06
Metal1,55.1950,70.5600,Metal1,56.8100,70.5600,2.134e-08
Metal1,55.1950,78.4000,Metal1,55.2300,78.4000,4.125e-06
Metal1,55.1950,86.2400,Metal1,57.2050,86.2400,4.081e-10
Metal1,55.1950,94.0800,Metal1,56.3500,94.0800,9.762e-07
Metal1,55.1950,109.7600,Metal1,56.6450,109.7600,5.346e-06
Metal1,55.1950,117.6000,Metal1,57.2050,117.6000,1.880e-07
Metal1,55.1950,133.2800,Metal1,56.6450,133.2800,6.574e-07
Metal1,55.1950,148.9600,Metal1,56.6450,148.9600,1.587e-11
Metal1,55.1950,156.8000,Metal1,56.6450,156.8000,1.643e-11
Metal1,55.1950,164.6400,Metal1,56.6450,164.6400,1.580e-11
Metal1,55.1950,172.4800,Metal1,56.6450,172.4800,1.590e-11
Metal1,55.1950,180.3200,Metal1,56.6450,180.3200,1.601e-11
Metal1,55.1950,188.1600,Metal1,56.6450,188.1600,1.629e-11
Metal1,55.1950,196.0000,Metal1,56.6450,196.0000,1.651e-11
Metal1,55.1950,203.8400,Metal1,56.6450,203.8400,1.586e-11
Metal1,55.1950,211.6800,Metal1,56.6450,211.6800,1.591e-11
Metal1,55.1950,219.5200,Metal1,56.6450,219.5200,1.517e-11
Metal1,55.1950,227.3600,Metal1,56.6450,227.3600,1.591e-11
Metal1,55.1950,235.2000,Metal1,56.6450,235.2000,1.580e-11
Metal1,55.1950,243.0400,Metal1,56.6450,243.0400,1.591e-11
Metal1,55.2300,78.4000,Metal1,55.5700,78.4000,2.816e-07
Metal1,55.4900,54.8800,Metal1,55.7200,54.8800,5.440e-05
Metal1,55.5250,15.6800,Metal1,55.7550,15.6800,5.553e-08
Metal1,55.5250,250.8800,Metal1,55.7550,250.8800,0.000e+00
Metal1,55.5300,23.5200,Metal1,55.6300,23.9875,1.393e-05
Metal1,55.5300,47.0400,Metal1,55.8700,47.0400,2.941e-06
Metal1,55.5300,101.9200,Metal1,55.8700,101.9200,1.287e-06
Metal1,55.5700,78.4000,Metal1,57.2050,78.4000,2.816e-07
Metal1,55.6300,23.9875,Metal1,55.8700,23.1750,1.413e-08
Metal1,55.7200,54.8800,Metal1,56.2450,54.8800,5.440e-05
Metal1,55.7550,15.6800,Metal1,56.6450,15.6800,5.554e-08
Metal1,55.7550,250.8800,Metal1,57.7650,250.8800,5.892e-15
Metal1,55.8700,23.1750,Metal1,55.9700,23.5200,1.413e-08
Metal1,55.8700,47.0400,Metal1,58.4300,47.0400,2.941e-06
Metal1,55.8700,101.9200,Metal1,58.2900,101.9200,7.973e-09
Metal1,55.9100,125.4400,Metal1,56.2500,125.4400,4.192e-08
Metal1,55.9700,23.5200,Metal1,57.6250,23.5200,1.413e-08
Metal1,56.0850,31.3600,Metal1,56.3150,31.3600,7.341e-09
Metal1,56.2450,54.8800,Metal1,56.4750,54.8800,8.043e-06
Metal1,56.2500,125.4400,Metal1,56.6450,125.4400,1.084e-06
Metal1,56.3150,31.3600,Metal1,57.2050,31.3600,7.341e-09
Metal1,56.3500,94.0800,Metal1,56.6900,94.0800,6.043e-08
Metal1,56.4750,54.8800,Metal1,57.3100,54.8800,8.043e-06
Metal1,56.5050,141.1200,Metal1,56.6450,140.9025,3.383e-11
Metal1,56.6450,15.6800,Metal1,56.8750,15.6800,1.082e-05
Metal1,56.6450,39.2000,Metal1,56.8750,39.2000,2.119e-05
Metal1,56.6450,62.7200,Metal1,56.8750,62.7200,2.283e-05
Metal1,56.6450,109.7600,Metal1,56.8750,109.7600,2.005e-05
Metal1,56.6450,125.4400,Metal1,56.8750,125.4400,7.828e-08
Metal1,56.6450,133.2800,Metal1,56.8750,133.2800,2.465e-06
Metal1,56.6450,140.9025,Metal1,56.7350,141.6850,3.382e-11
Metal1,56.6450,148.9600,Metal1,56.8750,148.9600,5.782e-11
Metal1,56.6450,156.8000,Metal1,56.8750,156.8000,6.168e-11
Metal1,56.6450,164.6400,Metal1,56.8750,164.6400,5.924e-11
Metal1,56.6450,172.4800,Metal1,56.8750,172.4800,5.953e-11
Metal1,56.6450,180.3200,Metal1,56.8750,180.3200,5.998e-11
Metal1,56.6450,188.1600,Metal1,56.8750,188.1600,6.109e-11
Metal1,56.6450,196.0000,Metal1,56.8750,196.0000,6.183e-11
Metal1,56.6450,203.8400,Metal1,56.8750,203.8400,5.938e-11
Metal1,56.6450,211.6800,Metal1,56.8750,211.6800,5.968e-11
Metal1,56.6450,219.5200,Metal1,56.8750,219.5200,5.679e-11
Metal1,56.6450,227.3600,Metal1,56.8750,227.3600,5.961e-11
Metal1,56.6450,235.2000,Metal1,56.8750,235.2000,5.916e-11
Metal1,56.6450,243.0400,Metal1,56.8750,243.0400,5.953e-11
Metal1,56.6900,94.0800,Metal1,57.2050,94.0800,2.314e-06
Metal1,56.7350,141.6850,Metal1,56.8750,141.1200,4.674e-11
Metal1,56.8100,70.5600,Metal1,57.0400,70.5600,1.070e-08
Metal1,56.8750,15.6800,Metal1,57.4150,15.6800,1.082e-05
Metal1,56.8750,39.2000,Metal1,57.2050,39.2000,2.119e-05
Metal1,56.8750,62.7200,Metal1,57.2050,62.7200,2.283e-05
Metal1,56.8750,109.7600,Metal1,57.2050,109.7600,2.005e-05
Metal1,56.8750,125.4400,Metal1,58.8850,125.4400,9.116e-09
Metal1,56.8750,133.2800,Metal1,57.2050,133.2800,2.465e-06
Metal1,56.8750,141.1200,Metal1,58.8850,141.1200,4.673e-11
Metal1,56.8750,148.9600,Metal1,57.2050,148.9600,5.778e-11
Metal1,56.8750,156.8000,Metal1,57.2050,156.8000,6.160e-11
Metal1,56.8750,164.6400,Metal1,57.2050,164.6400,5.927e-11
Metal1,56.8750,172.4800,Metal1,57.2050,172.4800,5.962e-11
Metal1,56.8750,180.3200,Metal1,57.2050,180.3200,6.002e-11
Metal1,56.8750,188.1600,Metal1,57.2050,188.1600,6.108e-11
Metal1,56.8750,196.0000,Metal1,57.2050,196.0000,6.192e-11
Metal1,56.8750,203.8400,Metal1,57.2050,203.8400,5.946e-11
Metal1,56.8750,211.6800,Metal1,57.2050,211.6800,5.962e-11
Metal1,56.8750,219.5200,Metal1,57.2050,219.5200,5.690e-11
Metal1,56.8750,227.3600,Metal1,57.2050,227.3600,5.964e-11
Metal1,56.8750,235.2000,Metal1,57.2050,235.2000,5.927e-11
Metal1,56.8750,243.0400,Metal1,57.2050,243.0400,5.964e-11
Metal1,57.0400,70.5600,Metal1,57.2050,70.5600,1.070e-08
Metal1,57.2050,31.3600,Metal1,57.4350,31.3600,2.242e-08
Metal1,57.2050,39.2000,Metal1,57.4350,39.2000,8.703e-08
Metal1,57.2050,62.7200,Metal1,57.4350,62.7200,5.126e-05
Metal1,57.2050,70.5600,Metal1,57.4350,70.5600,2.973e-08
Metal1,57.2050,78.4000,Metal1,57.4350,78.4000,8.927e-10
Metal1,57.2050,86.2400,Metal1,57.4350,86.2400,1.250e-07
Metal1,57.2050,94.0800,Metal1,57.4350,94.0800,5.206e-09
Metal1,57.2050,109.7600,Metal1,57.4350,109.7600,8.233e-08
Metal1,57.2050,117.6000,Metal1,57.4350,117.6000,5.324e-05
Metal1,57.2050,133.2800,Metal1,57.4350,133.2800,1.013e-08
Metal1,57.2050,148.9600,Metal1,57.4350,148.9600,1.401e-10
Metal1,57.2050,156.8000,Metal1,57.4350,156.8000,4.454e-13
Metal1,57.2050,164.6400,Metal1,57.4350,164.6400,4.454e-13
Metal1,57.2050,172.4800,Metal1,57.4350,172.4800,3.711e-13
Metal1,57.2050,180.3200,Metal1,57.4350,180.3200,3.711e-13
Metal1,57.2050,188.1600,Metal1,57.4350,188.1600,2.969e-13
Metal1,57.2050,196.0000,Metal1,57.4350,196.0000,3.711e-13
Metal1,57.2050,203.8400,Metal1,57.4350,203.8400,4.454e-13
Metal1,57.2050,211.6800,Metal1,57.4350,211.6800,4.454e-13
Metal1,57.2050,219.5200,Metal1,57.4350,219.5200,3.711e-13
Metal1,57.2050,227.3600,Metal1,57.4350,227.3600,3.711e-13
Metal1,57.2050,235.2000,Metal1,57.4350,235.2000,4.454e-13
Metal1,57.2050,243.0400,Metal1,57.4350,243.0400,3.711e-13
Metal1,57.3100,54.8800,Metal1,57.6500,54.8800,4.269e-05
Metal1,57.4150,15.6800,Metal1,57.6450,15.6800,5.509e-08
Metal1,57.4350,31.3600,Metal1,58.3250,31.3600,2.242e-08
Metal1,57.4350,39.2000,Metal1,58.8850,39.2000,8.703e-08
Metal1,57.4350,62.7200,Metal1,58.8850,62.7200,9.117e-06
Metal1,57.4350,70.5600,Metal1,58.8500,70.5600,1.100e-10
Metal1,57.4350,78.4000,Metal1,59.4450,78.4000,8.927e-10
Metal1,57.4350,86.2400,Metal1,59.4450,86.2400,1.250e-07
Metal1,57.4350,94.0800,Metal1,59.4450,94.0800,5.206e-09
Metal1,57.4350,109.7600,Metal1,58.8850,109.7600,8.233e-08
Metal1,57.4350,117.6000,Metal1,60.0100,117.6000,5.324e-05
Metal1,57.4350,133.2800,Metal1,58.8850,133.2800,1.013e-08
Metal1,57.4350,148.9600,Metal1,58.8850,148.9600,1.502e-10
Metal1,57.4350,156.8000,Metal1,58.8850,156.8000,4.655e-13
Metal1,57.4350,164.6400,Metal1,58.8850,164.6400,4.737e-13
Metal1,57.4350,172.4800,Metal1,58.8850,172.4800,4.696e-13
Metal1,57.4350,180.3200,Metal1,58.8850,180.3200,4.655e-13
Metal1,57.4350,188.1600,Metal1,58.8850,188.1600,4.329e-13
Metal1,57.4350,196.0000,Metal1,58.8850,196.0000,4.655e-13
Metal1,57.4350,203.8400,Metal1,58.8850,203.8400,4.737e-13
Metal1,57.4350,211.6800,Metal1,58.8850,211.6800,4.614e-13
Metal1,57.4350,219.5200,Metal1,58.8850,219.5200,3.879e-13
Metal1,57.4350,227.3600,Metal1,58.8850,227.3600,4.655e-13
Metal1,57.4350,235.2000,Metal1,58.8850,235.2000,4.737e-13
Metal1,57.4350,243.0400,Metal1,58.8850,243.0400,4.737e-13
Metal1,57.6250,23.5200,Metal1,57.8550,23.5200,5.246e-07
Metal1,57.6450,15.6800,Metal1,58.8850,15.6800,5.509e-08
Metal1,57.6500,54.8800,Metal1,59.3050,54.8800,4.265e-06
Metal1,57.7650,250.8800,Metal1,57.9950,250.8800,5.196e-13
Metal1,57.8550,23.5200,Metal1,61.9500,23.5200,8.863e-09
Metal1,57.9950,250.8800,Metal1,60.0050,250.8800,4.065e-13
Metal1,58.2900,101.9200,Metal1,58.5200,101.9200,1.623e-06
Metal1,58.3250,31.3600,Metal1,58.5550,31.3600,4.367e-06
Metal1,58.4300,47.0400,Metal1,58.7700,47.0400,4.567e-05
Metal1,58.5200,101.9200,Metal1,61.1250,101.9200,6.614e-06
Metal1,58.5550,31.3600,Metal1,58.9900,31.3600,4.367e-06
Metal1,58.7700,47.0400,Metal1,60.4250,47.0400,4.520e-06
Metal1,58.8500,70.5600,Metal1,59.0800,70.5600,6.169e-09
Metal1,58.8850,15.6800,Metal1,59.1150,15.6800,5.488e-09
Metal1,58.8850,39.2000,Metal1,59.1150,39.2000,1.807e-08
Metal1,58.8850,62.7200,Metal1,59.1150,62.7200,3.089e-05
Metal1,58.8850,109.7600,Metal1,59.1150,109.7600,1.710e-08
Metal1,58.8850,125.4400,Metal1,59.1150,125.4400,2.688e-06
Metal1,58.8850,133.2800,Metal1,59.1150,133.2800,2.094e-09
Metal1,58.8850,141.1200,Metal1,59.1150,141.1200,5.938e-13
Metal1,58.8850,148.9600,Metal1,59.1150,148.9600,9.279e-12
Metal1,58.8850,156.8000,Metal1,59.1150,156.8000,2.598e-12
Metal1,58.8850,164.6400,Metal1,59.1150,164.6400,2.672e-12
Metal1,58.8850,172.4800,Metal1,59.1150,172.4800,2.672e-12
Metal1,58.8850,180.3200,Metal1,59.1150,180.3200,2.672e-12
Metal1,58.8850,188.1600,Metal1,59.1150,188.1600,2.598e-12
Metal1,58.8850,196.0000,Metal1,59.1150,196.0000,2.672e-12
Metal1,58.8850,203.8400,Metal1,59.1150,203.8400,2.672e-12
Metal1,58.8850,211.6800,Metal1,59.1150,211.6800,2.672e-12
Metal1,58.8850,219.5200,Metal1,59.1150,219.5200,2.227e-12
Metal1,58.8850,227.3600,Metal1,59.1150,227.3600,2.598e-12
Metal1,58.8850,235.2000,Metal1,59.1150,235.2000,2.598e-12
Metal1,58.8850,243.0400,Metal1,59.1150,243.0400,2.672e-12
Metal1,58.9900,31.3600,Metal1,59.3300,31.3600,1.588e-06
Metal1,59.0800,70.5600,Metal1,59.4450,70.5600,6.169e-09
Metal1,59.1150,15.6800,Metal1,61.1250,15.6800,1.038e-09
Metal1,59.1150,39.2000,Metal1,59.4450,39.2000,1.807e-08
Metal1,59.1150,62.7200,Metal1,59.4450,62.7200,3.089e-05
Metal1,59.1150,109.7600,Metal1,59.4450,109.7600,1.710e-08
Metal1,59.1150,125.4400,Metal1,60.2650,125.4400,2.688e-06
Metal1,59.1150,133.2800,Metal1,59.4450,133.2800,2.094e-09
Metal1,59.1150,141.1200,Metal1,60.8300,141.1200,5.869e-13
Metal1,59.1150,148.9600,Metal1,59.5500,148.9600,9.311e-12
Metal1,59.1150,156.8000,Metal1,59.4450,156.8000,2.691e-12
Metal1,59.1150,164.6400,Metal1,59.4450,164.6400,2.674e-12
Metal1,59.1150,172.4800,Metal1,59.4450,172.4800,2.674e-12
Metal1,59.1150,180.3200,Metal1,59.4450,180.3200,2.674e-12
Metal1,59.1150,188.1600,Metal1,59.4450,188.1600,2.530e-12
Metal1,59.1150,196.0000,Metal1,59.4450,196.0000,2.674e-12
Metal1,59.1150,203.8400,Metal1,59.4450,203.8400,2.709e-12
Metal1,59.1150,211.6800,Metal1,59.4450,211.6800,2.674e-12
Metal1,59.1150,219.5200,Metal1,59.4450,219.5200,2.351e-12
Metal1,59.1150,227.3600,Metal1,59.4450,227.3600,2.638e-12
Metal1,59.1150,235.2000,Metal1,59.4450,235.2000,2.691e-12
Metal1,59.1150,243.0400,Metal1,59.4450,243.0400,2.691e-12
Metal1,59.3050,54.8800,Metal1,59.5350,54.8800,2.756e-07
Metal1,59.3300,31.3600,Metal1,60.5650,31.3600,1.588e-06
Metal1,59.4450,39.2000,Metal1,59.6750,39.2000,4.515e-09
Metal1,59.4450,62.7200,Metal1,59.6750,62.7200,1.125e-05
Metal1,59.4450,70.5600,Metal1,59.6750,70.5600,2.316e-11
Metal1,59.4450,78.4000,Metal1,59.6750,78.4000,2.450e-12
Metal1,59.4450,86.2400,Metal1,59.6750,86.2400,3.595e-09
Metal1,59.4450,94.0800,Metal1,59.6750,94.0800,6.711e-07
Metal1,59.4450,109.7600,Metal1,59.6750,109.7600,4.273e-09
Metal1,59.4450,133.2800,Metal1,59.6750,133.2800,5.231e-10
Metal1,59.4450,156.8000,Metal1,59.6750,156.8000,7.423e-13
Metal1,59.4450,164.6400,Metal1,59.6750,164.6400,7.423e-13
Metal1,59.4450,172.4800,Metal1,59.6750,172.4800,7.423e-13
Metal1,59.4450,180.3200,Metal1,59.6750,180.3200,7.423e-13
Metal1,59.4450,188.1600,Metal1,59.6750,188.1600,7.423e-13
Metal1,59.4450,196.0000,Metal1,59.6750,196.0000,7.423e-13
Metal1,59.4450,203.8400,Metal1,59.6750,203.8400,7.423e-13
Metal1,59.4450,211.6800,Metal1,59.6750,211.6800,7.423e-13
Metal1,59.4450,219.5200,Metal1,59.6750,219.5200,5.938e-13
Metal1,59.4450,227.3600,Metal1,59.6750,227.3600,6.681e-13
Metal1,59.4450,235.2000,Metal1,59.6750,235.2000,7.423e-13
Metal1,59.4450,243.0400,Metal1,59.6750,243.0400,7.423e-13
Metal1,59.5350,54.8800,Metal1,63.6300,54.8800,1.633e-08
Metal1,59.5500,148.9600,Metal1,59.8900,148.9600,4.119e-12
Metal1,59.6750,39.2000,Metal1,61.1250,39.2000,4.515e-09
Metal1,59.6750,62.7200,Metal1,60.7250,62.7200,1.125e-05
Metal1,59.6750,70.5600,Metal1,61.1250,70.5600,2.316e-11
Metal1,59.6750,78.4000,Metal1,61.1250,78.4000,2.479e-12
Metal1,59.6750,86.2400,Metal1,61.6850,86.2400,1.209e-10
Metal1,59.6750,94.0800,Metal1,61.3450,94.0800,6.711e-07
Metal1,59.6750,109.7600,Metal1,61.1250,109.7600,4.273e-09
Metal1,59.6750,133.2800,Metal1,61.1250,133.2800,5.231e-10
Metal1,59.6750,156.8000,Metal1,61.1250,156.8000,7.269e-13
Metal1,59.6750,164.6400,Metal1,61.1250,164.6400,7.269e-13
Metal1,59.6750,172.4800,Metal1,61.1250,172.4800,7.269e-13
Metal1,59.6750,180.3200,Metal1,61.1250,180.3200,7.269e-13
Metal1,59.6750,188.1600,Metal1,61.1250,188.1600,6.860e-13
Metal1,59.6750,196.0000,Metal1,61.1250,196.0000,7.228e-13
Metal1,59.6750,203.8400,Metal1,61.1250,203.8400,7.350e-13
Metal1,59.6750,211.6800,Metal1,61.1250,211.6800,7.269e-13
Metal1,59.6750,219.5200,Metal1,61.1250,219.5200,6.330e-13
Metal1,59.6750,227.3600,Metal1,61.1250,227.3600,7.146e-13
Metal1,59.6750,235.2000,Metal1,61.1250,235.2000,7.269e-13
Metal1,59.6750,243.0400,Metal1,61.1250,243.0400,7.269e-13
Metal1,59.8900,148.9600,Metal1,61.1250,148.9600,4.128e-12
Metal1,60.0050,250.8800,Metal1,60.2350,250.8800,1.300e-10
Metal1,60.0100,117.6000,Metal1,60.3500,117.6000,1.472e-06
Metal1,60.2350,250.8800,Metal1,62.2450,250.8800,8.897e-13
Metal1,60.2650,125.4400,Metal1,60.4950,125.4400,4.262e-06
Metal1,60.3500,117.6000,Metal1,62.3250,117.6000,7.077e-09
Metal1,60.4250,47.0400,Metal1,60.6550,47.0400,5.432e-06
Metal1,60.4950,125.4400,Metal1,61.1250,125.4400,4.262e-06
Metal1,60.5650,31.3600,Metal1,60.7950,31.3600,8.146e-06
Metal1,60.6550,47.0400,Metal1,61.9500,47.0400,5.432e-06
Metal1,60.7250,62.7200,Metal1,60.9550,62.7200,8.201e-07
Metal1,60.7950,31.3600,Metal1,60.9850,31.3600,8.146e-06
Metal1,60.8300,141.1200,Metal1,61.1250,140.6600,2.532e-14
Metal1,60.9550,62.7200,Metal1,61.1250,62.7200,8.201e-07
Metal1,60.9850,31.3600,Metal1,61.2150,31.3600,2.939e-08
Metal1,61.1250,15.6800,Metal1,61.3550,15.6800,1.879e-07
Metal1,61.1250,39.2000,Metal1,61.3550,39.2000,1.160e-09
Metal1,61.1250,62.7200,Metal1,61.3550,62.7200,7.444e-07
Metal1,61.1250,70.5600,Metal1,61.3550,70.5600,2.672e-12
Metal1,61.1250,78.4000,Metal1,61.3550,78.4000,5.938e-13
Metal1,61.1250,101.9200,Metal1,61.3550,101.9200,1.555e-06
Metal1,61.1250,109.7600,Metal1,61.3550,109.7600,1.098e-09
Metal1,61.1250,125.4400,Metal1,61.3550,125.4400,3.930e-05
Metal1,61.1250,133.2800,Metal1,61.3550,133.2800,1.343e-10
Metal1,61.1250,140.6600,Metal1,61.1700,141.6850,2.513e-14
Metal1,61.1250,148.9600,Metal1,61.3550,148.9600,1.047e-11
Metal1,61.1250,156.8000,Metal1,61.3550,156.8000,1.485e-13
Metal1,61.1250,164.6400,Metal1,61.3550,164.6400,2.227e-13
Metal1,61.1250,172.4800,Metal1,61.3550,172.4800,2.227e-13
Metal1,61.1250,180.3200,Metal1,61.3550,180.3200,1.485e-13
Metal1,61.1250,188.1600,Metal1,61.3550,188.1600,1.485e-13
Metal1,61.1250,196.0000,Metal1,61.3550,196.0000,1.485e-13
Metal1,61.1250,203.8400,Metal1,61.3550,203.8400,1.485e-13
Metal1,61.1250,211.6800,Metal1,61.3550,211.6800,1.485e-13
Metal1,61.1250,219.5200,Metal1,61.3550,219.5200,1.485e-13
Metal1,61.1250,227.3600,Metal1,61.3550,227.3600,1.485e-13
Metal1,61.1250,235.2000,Metal1,61.3550,235.2000,2.227e-13
Metal1,61.1250,243.0400,Metal1,61.3550,243.0400,1.485e-13
Metal1,61.1700,141.6850,Metal1,61.3550,141.1200,2.100e-13
Metal1,61.2150,31.3600,Metal1,62.8050,31.3600,2.939e-08
Metal1,61.3450,94.0800,Metal1,61.5750,94.0800,5.797e-06
Metal1,61.3550,15.6800,Metal1,61.7300,15.6800,1.879e-07
Metal1,61.3550,39.2000,Metal1,61.6850,39.2000,2.071e-08
Metal1,61.3550,62.7200,Metal1,63.3650,62.7200,1.176e-07
Metal1,61.3550,70.5600,Metal1,61.6850,70.5600,1.583e-11
Metal1,61.3550,78.4000,Metal1,61.6850,78.4000,6.244e-12
Metal1,61.3550,101.9200,Metal1,61.9500,101.9200,2.833e-05
Metal1,61.3550,109.7600,Metal1,61.6850,109.7600,1.960e-08
Metal1,61.3550,125.4400,Metal1,63.3650,125.4400,4.762e-05
Metal1,61.3550,133.2800,Metal1,61.6850,133.2800,2.400e-09
Metal1,61.3550,141.1200,Metal1,63.3650,141.1200,5.892e-15
Metal1,61.3550,148.9600,Metal1,61.5450,148.9600,1.050e-11
Metal1,61.3550,156.8000,Metal1,61.6850,156.8000,3.355e-12
Metal1,61.3550,164.6400,Metal1,61.6850,164.6400,3.319e-12
Metal1,61.3550,172.4800,Metal1,61.6850,172.4800,3.302e-12
Metal1,61.3550,180.3200,Metal1,61.6850,180.3200,3.302e-12
Metal1,61.3550,188.1600,Metal1,61.6850,188.1600,3.176e-12
Metal1,61.3550,196.0000,Metal1,61.6850,196.0000,3.319e-12
Metal1,61.3550,203.8400,Metal1,61.6850,203.8400,3.337e-12
Metal1,61.3550,211.6800,Metal1,61.6850,211.6800,3.319e-12
Metal1,61.3550,219.5200,Metal1,61.6850,219.5200,2.889e-12
Metal1,61.3550,227.3600,Metal1,61.6850,227.3600,3.302e-12
Metal1,61.3550,235.2000,Metal1,61.6850,235.2000,3.302e-12
Metal1,61.3550,243.0400,Metal1,61.6850,243.0400,3.302e-12
Metal1,61.5450,148.9600,Metal1,61.7750,148.9600,1.688e-12
Metal1,61.5750,94.0800,Metal1,61.6850,94.0800,5.797e-06
Metal1,61.6850,39.2000,Metal1,61.9150,39.2000,1.142e-09
Metal1,61.6850,70.5600,Metal1,61.9150,70.5600,9.650e-13
Metal1,61.6850,78.4000,Metal1,61.9150,78.4000,2.227e-13
Metal1,61.6850,86.2400,Metal1,61.9150,86.2400,3.697e-09
Metal1,61.6850,94.0800,Metal1,61.9150,94.0800,3.420e-07
Metal1,61.6850,109.7600,Metal1,61.9150,109.7600,1.080e-09
Metal1,61.6850,133.2800,Metal1,61.9150,133.2800,1.324e-10
Metal1,61.6850,156.8000,Metal1,61.9150,156.8000,1.485e-13
Metal1,61.6850,164.6400,Metal1,61.9150,164.6400,2.227e-13
Metal1,61.6850,172.4800,Metal1,61.9150,172.4800,2.227e-13
Metal1,61.6850,180.3200,Metal1,61.9150,180.3200,2.227e-13
Metal1,61.6850,188.1600,Metal1,61.9150,188.1600,7.423e-14
Metal1,61.6850,196.0000,Metal1,61.9150,196.0000,2.227e-13
Metal1,61.6850,203.8400,Metal1,61.9150,203.8400,2.227e-13
Metal1,61.6850,211.6800,Metal1,61.9150,211.6800,7.423e-14
Metal1,61.6850,219.5200,Metal1,61.9150,219.5200,1.485e-13
Metal1,61.6850,227.3600,Metal1,61.9150,227.3600,7.423e-14
Metal1,61.6850,235.2000,Metal1,61.9150,235.2000,3.711e-13
Metal1,61.6850,243.0400,Metal1,61.9150,243.0400,2.969e-13
Metal1,61.7300,15.6800,Metal1,62.0900,15.6800,1.345e-05
Metal1,61.7750,148.9600,Metal1,63.3650,148.9600,1.706e-12
Metal1,61.9150,39.2000,Metal1,63.3650,39.2000,4.768e-09
Metal1,61.9150,70.5600,Metal1,63.3650,70.5600,3.634e-12
Metal1,61.9150,78.4000,Metal1,63.3650,78.4000,1.417e-12
Metal1,61.9150,86.2400,Metal1,63.9250,86.2400,6.991e-12
Metal1,61.9150,94.0800,Metal1,63.0850,94.0800,1.021e-06
Metal1,61.9150,109.7600,Metal1,63.3650,109.7600,4.512e-09
Metal1,61.9150,133.2800,Metal1,63.3650,133.2800,5.524e-10
Metal1,61.9150,156.8000,Metal1,63.3650,156.8000,7.677e-13
Metal1,61.9150,164.6400,Metal1,63.3650,164.6400,7.677e-13
Metal1,61.9150,172.4800,Metal1,63.3650,172.4800,7.636e-13
Metal1,61.9150,180.3200,Metal1,63.3650,180.3200,7.555e-13
Metal1,61.9150,188.1600,Metal1,63.3650,188.1600,7.310e-13
Metal1,61.9150,196.0000,Metal1,63.3650,196.0000,7.636e-13
Metal1,61.9150,203.8400,Metal1,63.3650,203.8400,7.636e-13
Metal1,61.9150,211.6800,Metal1,63.3650,211.6800,7.555e-13
Metal1,61.9150,219.5200,Metal1,63.3650,219.5200,6.575e-13
Metal1,61.9150,227.3600,Metal1,63.3650,227.3600,7.555e-13
Metal1,61.9150,235.2000,Metal1,63.3650,235.2000,7.677e-13
Metal1,61.9150,243.0400,Metal1,63.3650,243.0400,7.636e-13
Metal1,61.9500,23.5200,Metal1,62.2900,23.5200,3.986e-07
Metal1,61.9500,47.0400,Metal1,62.2900,47.0400,2.999e-06
Metal1,61.9500,101.9200,Metal1,62.2900,101.9200,1.418e-05
Metal1,62.0900,15.6800,Metal1,63.5300,15.6800,1.345e-05
Metal1,62.2450,250.8800,Metal1,62.4750,250.8800,1.399e-10
Metal1,62.2900,23.5200,Metal1,66.4700,23.5200,7.557e-10
Metal1,62.2900,47.0400,Metal1,64.7500,47.0400,2.999e-06
Metal1,62.2900,101.9200,Metal1,63.3650,101.9200,1.418e-05
Metal1,62.3250,117.6000,Metal1,62.5450,117.1350,6.639e-09
Metal1,62.4750,250.8800,Metal1,64.2300,250.8800,1.499e-10
Metal1,62.5450,117.1350,Metal1,62.5550,118.1450,6.639e-09
Metal1,62.5550,118.1450,Metal1,62.7750,117.6000,5.593e-05
Metal1,62.7750,117.6000,Metal1,63.5250,117.6000,5.593e-05
Metal1,62.8050,31.3600,Metal1,63.0350,31.3600,2.112e-09
Metal1,63.0350,31.3600,Metal1,65.0450,31.3600,1.038e-10
Metal1,63.0850,94.0800,Metal1,63.3150,94.0800,1.710e-06
Metal1,63.3150,94.0800,Metal1,63.9250,94.0800,1.710e-06
Metal1,63.3650,39.2000,Metal1,63.5950,39.2000,1.663e-08
Metal1,63.3650,62.7200,Metal1,63.5950,62.7200,2.511e-05
Metal1,63.3650,70.5600,Metal1,63.5950,70.5600,1.455e-11
Metal1,63.3650,78.4000,Metal1,63.5950,78.4000,6.978e-12
Metal1,63.3650,101.9200,Metal1,63.5950,101.9200,4.912e-05
Metal1,63.3650,109.7600,Metal1,63.5950,109.7600,1.573e-08
Metal1,63.3650,125.4400,Metal1,63.5950,125.4400,3.422e-06
Metal1,63.3650,133.2800,Metal1,63.5950,133.2800,1.926e-09
Metal1,63.3650,141.1200,Metal1,63.5950,141.1200,0.000e+00
Metal1,63.3650,148.9600,Metal1,63.5950,148.9600,2.004e-12
Metal1,63.3650,156.8000,Metal1,63.5950,156.8000,2.598e-12
Metal1,63.3650,164.6400,Metal1,63.5950,164.6400,2.672e-12
Metal1,63.3650,172.4800,Metal1,63.5950,172.4800,2.672e-12
Metal1,63.3650,180.3200,Metal1,63.5950,180.3200,2.598e-12
Metal1,63.3650,188.1600,Metal1,63.5950,188.1600,2.598e-12
Metal1,63.3650,196.0000,Metal1,63.5950,196.0000,2.598e-12
Metal1,63.3650,203.8400,Metal1,63.5950,203.8400,2.598e-12
Metal1,63.3650,211.6800,Metal1,63.5950,211.6800,2.672e-12
Metal1,63.3650,219.5200,Metal1,63.5950,219.5200,2.301e-12
Metal1,63.3650,227.3600,Metal1,63.5950,227.3600,2.598e-12
Metal1,63.3650,235.2000,Metal1,63.5950,235.2000,2.672e-12
Metal1,63.3650,243.0400,Metal1,63.5950,243.0400,2.598e-12
Metal1,63.5250,117.6000,Metal1,63.7550,117.6000,3.940e-06
Metal1,63.5300,15.6800,Metal1,63.7600,15.6800,1.380e-07
Metal1,63.5950,39.2000,Metal1,63.9250,39.2000,1.663e-08
Metal1,63.5950,62.7200,Metal1,64.4850,62.7200,2.511e-05
Metal1,63.5950,70.5600,Metal1,63.9250,70.5600,1.455e-11
Metal1,63.5950,78.4000,Metal1,63.9250,78.4000,6.962e-12
Metal1,63.5950,101.9200,Metal1,65.6050,101.9200,3.237e-07
Metal1,63.5950,109.7600,Metal1,63.9250,109.7600,1.573e-08
Metal1,63.5950,125.4400,Metal1,65.6050,125.4400,1.682e-07
Metal1,63.5950,133.2800,Metal1,63.9250,133.2800,1.926e-09
Metal1,63.5950,141.1200,Metal1,65.6050,141.1200,0.000e+00
Metal1,63.5950,148.9600,Metal1,65.6050,148.9600,1.986e-12
Metal1,63.5950,156.8000,Metal1,63.9250,156.8000,2.709e-12
Metal1,63.5950,164.6400,Metal1,63.9250,164.6400,2.674e-12
Metal1,63.5950,172.4800,Metal1,63.9250,172.4800,2.656e-12
Metal1,63.5950,180.3200,Metal1,63.9250,180.3200,2.691e-12
Metal1,63.5950,188.1600,Metal1,63.9250,188.1600,2.566e-12
Metal1,63.5950,196.0000,Metal1,63.9250,196.0000,2.674e-12
Metal1,63.5950,203.8400,Metal1,63.9250,203.8400,2.709e-12
Metal1,63.5950,211.6800,Metal1,63.9250,211.6800,2.656e-12
Metal1,63.5950,219.5200,Metal1,63.9250,219.5200,2.297e-12
Metal1,63.5950,227.3600,Metal1,63.9250,227.3600,2.674e-12
Metal1,63.5950,235.2000,Metal1,63.9250,235.2000,2.674e-12
Metal1,63.5950,243.0400,Metal1,63.9250,243.0400,2.691e-12
Metal1,63.6300,54.8800,Metal1,63.8900,54.4200,7.970e-09
Metal1,63.7550,117.6000,Metal1,65.7650,117.6000,2.065e-07
Metal1,63.7600,15.6800,Metal1,64.2300,15.6800,1.380e-07
Metal1,63.8900,54.4200,Metal1,63.9700,55.4250,7.970e-09
Metal1,63.9250,39.2000,Metal1,64.1550,39.2000,4.449e-09
Metal1,63.9250,70.5600,Metal1,64.1550,70.5600,1.128e-10
Metal1,63.9250,78.4000,Metal1,64.1550,78.4000,1.240e-10
Metal1,63.9250,86.2400,Metal1,64.1550,86.2400,5.350e-10
Metal1,63.9250,94.0800,Metal1,64.1550,94.0800,5.478e-09
Metal1,63.9250,109.7600,Metal1,64.1550,109.7600,4.210e-09
Metal1,63.9250,133.2800,Metal1,64.1550,133.2800,5.152e-10
Metal1,63.9250,156.8000,Metal1,64.1550,156.8000,7.423e-13
Metal1,63.9250,164.6400,Metal1,64.1550,164.6400,7.423e-13
Metal1,63.9250,172.4800,Metal1,64.1550,172.4800,7.423e-13
Metal1,63.9250,180.3200,Metal1,64.1550,180.3200,6.681e-13
Metal1,63.9250,188.1600,Metal1,64.1550,188.1600,6.681e-13
Metal1,63.9250,196.0000,Metal1,64.1550,196.0000,7.423e-13
Metal1,63.9250,203.8400,Metal1,64.1550,203.8400,7.423e-13
Metal1,63.9250,211.6800,Metal1,64.1550,211.6800,7.423e-13
Metal1,63.9250,219.5200,Metal1,64.1550,219.5200,5.938e-13
Metal1,63.9250,227.3600,Metal1,64.1550,227.3600,7.423e-13
Metal1,63.9250,235.2000,Metal1,64.1550,235.2000,7.423e-13
Metal1,63.9250,243.0400,Metal1,64.1550,243.0400,7.423e-13
Metal1,63.9700,55.4250,Metal1,64.1200,54.8800,3.162e-08
Metal1,64.1200,54.8800,Metal1,66.4700,54.8800,6.531e-08
Metal1,64.1550,39.2000,Metal1,65.6050,39.2000,4.449e-09
Metal1,64.1550,70.5600,Metal1,65.6050,70.5600,1.074e-12
Metal1,64.1550,78.4000,Metal1,65.6050,78.4000,1.176e-12
Metal1,64.1550,86.2400,Metal1,66.1650,86.2400,5.559e-10
Metal1,64.1550,94.0800,Metal1,66.1650,94.0800,5.488e-09
Metal1,64.1550,109.7600,Metal1,65.6050,109.7600,4.210e-09
Metal1,64.1550,133.2800,Metal1,65.6050,133.2800,5.152e-10
Metal1,64.1550,156.8000,Metal1,65.6050,156.8000,7.187e-13
Metal1,64.1550,164.6400,Metal1,65.6050,164.6400,7.146e-13
Metal1,64.1550,172.4800,Metal1,65.6050,172.4800,7.146e-13
Metal1,64.1550,180.3200,Metal1,65.6050,180.3200,7.228e-13
Metal1,64.1550,188.1600,Metal1,65.6050,188.1600,6.860e-13
Metal1,64.1550,196.0000,Metal1,65.6050,196.0000,7.146e-13
Metal1,64.1550,203.8400,Metal1,65.6050,203.8400,7.187e-13
Metal1,64.1550,211.6800,Metal1,65.6050,211.6800,7.146e-13
Metal1,64.1550,219.5200,Metal1,65.6050,219.5200,6.166e-13
Metal1,64.1550,227.3600,Metal1,65.6050,227.3600,7.146e-13
Metal1,64.1550,235.2000,Metal1,65.6050,235.2000,7.187e-13
Metal1,64.1550,243.0400,Metal1,65.6050,243.0400,7.146e-13
Metal1,64.2300,15.6800,Metal1,64.5700,15.6800,1.380e-07
Metal1,64.2300,250.8800,Metal1,64.5700,250.8800,1.602e-10
Metal1,64.4850,62.7200,Metal1,64.7150,62.7200,2.510e-05
Metal1,64.5700,15.6800,Metal1,65.5700,15.6800,8.952e-08
Metal1,64.5700,250.8800,Metal1,66.7250,250.8800,1.601e-10
Metal1,64.7150,62.7200,Metal1,65.6050,62.7200,2.510e-05
Metal1,64.7500,47.0400,Metal1,65.0900,47.0400,1.453e-07
Metal1,65.0450,31.3600,Metal1,65.2750,31.3600,2.940e-08
Metal1,65.0900,47.0400,Metal1,66.4700,47.0400,2.172e-07
Metal1,65.2750,31.3600,Metal1,65.3100,31.3600,2.940e-08
Metal1,65.3100,31.3600,Metal1,65.6500,31.3600,7.311e-08
Metal1,65.5700,15.6800,Metal1,65.8000,15.6800,1.347e-05
Metal1,65.6050,39.2000,Metal1,65.8350,39.2000,1.790e-08
Metal1,65.6050,62.7200,Metal1,65.8350,62.7200,1.949e-06
Metal1,65.6050,70.5600,Metal1,65.8350,70.5600,1.229e-10
Metal1,65.6050,78.4000,Metal1,65.8350,78.4000,1.341e-10
Metal1,65.6050,101.9200,Metal1,65.8350,101.9200,4.912e-05
Metal1,65.6050,109.7600,Metal1,65.8350,109.7600,1.692e-08
Metal1,65.6050,125.4400,Metal1,65.8350,125.4400,4.762e-05
Metal1,65.6050,133.2800,Metal1,65.8350,133.2800,2.129e-09
Metal1,65.6050,141.1200,Metal1,65.8250,141.6850,2.882e-13
Metal1,65.6050,148.9600,Metal1,65.8350,148.9600,6.246e-10
Metal1,65.6050,156.8000,Metal1,65.8350,156.8000,2.524e-12
Metal1,65.6050,164.6400,Metal1,65.8350,164.6400,2.524e-12
Metal1,65.6050,172.4800,Metal1,65.8350,172.4800,2.524e-12
Metal1,65.6050,180.3200,Metal1,65.8350,180.3200,2.524e-12
Metal1,65.6050,188.1600,Metal1,65.8350,188.1600,2.301e-12
Metal1,65.6050,196.0000,Metal1,65.8350,196.0000,2.524e-12
Metal1,65.6050,203.8400,Metal1,65.8350,203.8400,2.450e-12
Metal1,65.6050,211.6800,Metal1,65.8350,211.6800,2.450e-12
Metal1,65.6050,219.5200,Metal1,65.8350,219.5200,2.153e-12
Metal1,65.6050,227.3600,Metal1,65.8350,227.3600,2.524e-12
Metal1,65.6050,235.2000,Metal1,65.8350,235.2000,2.524e-12
Metal1,65.6050,243.0400,Metal1,65.8350,243.0400,2.450e-12
Metal1,65.6500,31.3600,Metal1,66.4700,31.3600,1.589e-06
Metal1,65.7650,117.6000,Metal1,65.9950,117.6000,5.873e-05
Metal1,65.8000,15.6800,Metal1,66.4700,15.6800,1.347e-05
Metal1,65.8250,141.6850,Metal1,65.8350,140.6275,2.850e-13
Metal1,65.8350,39.2000,Metal1,66.1650,39.2000,1.790e-08
Metal1,65.8350,62.7200,Metal1,66.4700,62.7200,1.949e-06
Metal1,65.8350,70.5600,Metal1,66.1650,70.5600,1.231e-10
Metal1,65.8350,78.4000,Metal1,66.1650,78.4000,1.342e-10
Metal1,65.8350,101.9200,Metal1,66.4700,101.9200,4.912e-05
Metal1,65.8350,109.7600,Metal1,66.1650,109.7600,1.692e-08
Metal1,65.8350,125.4400,Metal1,66.1650,125.4400,4.762e-05
Metal1,65.8350,133.2800,Metal1,66.1650,133.2800,2.130e-09
Metal1,65.8350,140.6275,Metal1,66.0550,141.1200,2.668e-09
Metal1,65.8350,148.9600,Metal1,65.8700,148.9600,6.248e-10
Metal1,65.8350,156.8000,Metal1,66.1650,156.8000,2.548e-12
Metal1,65.8350,164.6400,Metal1,66.1650,164.6400,2.548e-12
Metal1,65.8350,172.4800,Metal1,66.1650,172.4800,2.548e-12
Metal1,65.8350,180.3200,Metal1,66.1650,180.3200,2.530e-12
Metal1,65.8350,188.1600,Metal1,66.1650,188.1600,2.440e-12
Metal1,65.8350,196.0000,Metal1,66.1650,196.0000,2.548e-12
Metal1,65.8350,203.8400,Metal1,66.1650,203.8400,2.548e-12
Metal1,65.8350,211.6800,Metal1,66.1650,211.6800,2.530e-12
Metal1,65.8350,219.5200,Metal1,66.1650,219.5200,2.153e-12
Metal1,65.8350,227.3600,Metal1,66.1650,227.3600,2.548e-12
Metal1,65.8350,235.2000,Metal1,66.1650,235.2000,2.548e-12
Metal1,65.8350,243.0400,Metal1,66.1650,243.0400,2.566e-12
Metal1,65.8700,148.9600,Metal1,66.2100,148.9600,1.289e-08
Metal1,65.9950,117.6000,Metal1,66.4700,117.6000,5.873e-05
Metal1,66.0550,141.1200,Metal1,66.4700,141.1200,2.668e-09
Metal1,66.1650,39.2000,Metal1,66.3950,39.2000,7.633e-08
Metal1,66.1650,70.5600,Metal1,66.3950,70.5600,9.372e-09
Metal1,66.1650,78.4000,Metal1,66.3950,78.4000,1.024e-08
Metal1,66.1650,86.2400,Metal1,66.3950,86.2400,1.715e-07
Metal1,66.1650,94.0800,Metal1,66.3950,94.0800,2.059e-08
Metal1,66.1650,109.7600,Metal1,66.3950,109.7600,7.070e-08
Metal1,66.1650,125.4400,Metal1,66.3950,125.4400,1.755e-07
Metal1,66.1650,133.2800,Metal1,66.3950,133.2800,1.236e-08
Metal1,66.1650,156.8000,Metal1,66.3950,156.8000,8.908e-12
Metal1,66.1650,164.6400,Metal1,66.3950,164.6400,8.908e-12
Metal1,66.1650,172.4800,Metal1,66.3950,172.4800,8.982e-12
Metal1,66.1650,180.3200,Metal1,66.3950,180.3200,8.982e-12
Metal1,66.1650,188.1600,Metal1,66.3950,188.1600,8.908e-12
Metal1,66.1650,196.0000,Metal1,66.3950,196.0000,8.982e-12
Metal1,66.1650,203.8400,Metal1,66.3950,203.8400,8.908e-12
Metal1,66.1650,211.6800,Metal1,66.3950,211.6800,8.908e-12
Metal1,66.1650,219.5200,Metal1,66.3950,219.5200,8.908e-12
Metal1,66.1650,227.3600,Metal1,66.3950,227.3600,8.908e-12
Metal1,66.1650,235.2000,Metal1,66.3950,235.2000,8.908e-12
Metal1,66.1650,243.0400,Metal1,66.3950,243.0400,8.908e-12
Metal1,66.2100,148.9600,Metal1,66.4700,148.9600,2.847e-07
Metal1,66.3950,39.2000,Metal1,66.4700,39.2000,7.633e-08
Metal1,66.3950,70.5600,Metal1,66.4700,70.5600,9.372e-09
Metal1,66.3950,78.4000,Metal1,66.4700,78.4000,1.024e-08
Metal1,66.3950,86.2400,Metal1,66.4700,86.2400,1.715e-07
Metal1,66.3950,94.0800,Metal1,66.4700,94.0800,2.059e-08
Metal1,66.3950,109.7600,Metal1,66.4700,109.7600,7.070e-08
Metal1,66.3950,125.4400,Metal1,66.4700,125.4400,1.755e-07
Metal1,66.3950,133.2800,Metal1,66.4700,133.2800,1.236e-08
Metal1,66.3950,156.8000,Metal1,66.4700,156.8000,9.000e-12
Metal1,66.3950,164.6400,Metal1,66.4700,164.6400,9.000e-12
Metal1,66.3950,172.4800,Metal1,66.4700,172.4800,9.000e-12
Metal1,66.3950,180.3200,Metal1,66.4700,180.3200,9.000e-12
Metal1,66.3950,188.1600,Metal1,66.4700,188.1600,8.921e-12
Metal1,66.3950,196.0000,Metal1,66.4700,196.0000,9.000e-12
Metal1,66.3950,203.8400,Metal1,66.4700,203.8400,9.000e-12
Metal1,66.3950,211.6800,Metal1,66.4700,211.6800,8.921e-12
Metal1,66.3950,219.5200,Metal1,66.4700,219.5200,9.079e-12
Metal1,66.3950,227.3600,Metal1,66.4700,227.3600,9.000e-12
Metal1,66.3950,235.2000,Metal1,66.4700,235.2000,9.000e-12
Metal1,66.3950,243.0400,Metal1,66.4700,243.0400,9.079e-12
Metal1,66.4700,15.6800,Metal1,66.7250,16.5250,1.347e-05
Metal1,66.4700,23.5200,Metal1,66.8100,23.5200,7.659e-10
Metal1,66.4700,31.3600,Metal1,66.8100,31.3600,1.589e-06
Metal1,66.4700,39.2000,Metal1,66.8100,39.2000,7.634e-08
Metal1,66.4700,47.0400,Metal1,66.8100,47.0400,2.173e-07
Metal1,66.4700,54.8800,Metal1,66.8100,54.8800,6.532e-08
Metal1,66.4700,62.7200,Metal1,66.7250,63.5650,1.949e-06
Metal1,66.4700,70.5600,Metal1,66.8100,70.5600,9.382e-09
Metal1,66.4700,78.4000,Metal1,66.8100,78.4000,1.025e-08
Metal1,66.4700,86.2400,Metal1,66.8100,86.2400,1.715e-07
Metal1,66.4700,94.0800,Metal1,66.8100,94.0800,2.060e-08
Metal1,66.4700,101.9200,Metal1,66.8100,101.9200,4.912e-05
Metal1,66.4700,109.7600,Metal1,66.8100,109.7600,7.071e-08
Metal1,66.4700,117.6000,Metal1,66.8100,117.6000,5.873e-05
Metal1,66.4700,125.4400,Metal1,66.8100,125.4400,1.755e-07
Metal1,66.4700,133.2800,Metal1,66.8100,133.2800,1.237e-08
Metal1,66.4700,141.1200,Metal1,66.8100,141.1200,2.678e-09
Metal1,66.4700,148.9600,Metal1,66.8100,148.9600,2.847e-07
Metal1,66.4700,156.8000,Metal1,66.8100,156.8000,1.130e-12
Metal1,66.4700,164.6400,Metal1,66.8100,164.6400,1.130e-12
Metal1,66.4700,172.4800,Metal1,66.8100,172.4800,1.196e-12
Metal1,66.4700,180.3200,Metal1,66.8100,180.3200,1.130e-12
Metal1,66.4700,188.1600,Metal1,66.8100,188.1600,1.130e-12
Metal1,66.4700,196.0000,Metal1,66.8100,196.0000,1.130e-12
Metal1,66.4700,203.8400,Metal1,66.8100,203.8400,1.130e-12
Metal1,66.4700,211.6800,Metal1,66.8100,211.6800,1.130e-12
Metal1,66.4700,219.5200,Metal1,66.8100,219.5200,1.196e-12
Metal1,66.4700,227.3600,Metal1,66.8100,227.3600,1.130e-12
Metal1,66.4700,235.2000,Metal1,66.8100,235.2000,1.130e-12
Metal1,66.4700,243.0400,Metal1,66.8100,243.0400,1.196e-12
Metal1,66.7250,16.5250,Metal1,66.8100,15.1150,1.347e-05
Metal1,66.7250,63.5650,Metal1,66.8100,62.1550,1.949e-06
Metal1,66.7250,250.8800,Metal1,66.9550,250.8800,5.196e-13
Metal1,66.8100,15.1150,Metal1,66.9550,15.6800,2.686e-08
Metal1,66.8100,23.5200,Metal1,66.9450,23.5200,7.659e-10
Metal1,66.8100,31.3600,Metal1,68.9650,31.3600,1.589e-06
Metal1,66.8100,39.2000,Metal1,68.4050,39.2000,7.634e-08
Metal1,66.8100,47.0400,Metal1,68.9650,47.0400,2.173e-07
Metal1,66.8100,54.8800,Metal1,68.6250,54.8800,6.532e-08
Metal1,66.8100,62.1550,Metal1,66.9550,62.7200,5.769e-09
Metal1,66.8100,70.5600,Metal1,68.4050,70.5600,9.382e-09
Metal1,66.8100,78.4000,Metal1,68.4050,78.4000,1.574e-09
Metal1,66.8100,86.2400,Metal1,68.4050,86.2400,2.637e-08
Metal1,66.8100,94.0800,Metal1,68.4050,94.0800,2.060e-08
Metal1,66.8100,101.9200,Metal1,67.8450,101.9200,4.912e-05
Metal1,66.8100,109.7600,Metal1,68.4050,109.7600,7.071e-08
Metal1,66.8100,117.6000,Metal1,68.9650,117.6000,5.873e-05
Metal1,66.8100,125.4400,Metal1,68.4050,125.4400,1.755e-07
Metal1,66.8100,133.2800,Metal1,68.4050,133.2800,1.893e-09
Metal1,66.8100,141.1200,Metal1,67.5450,141.1200,2.678e-09
Metal1,66.8100,148.9600,Metal1,68.9650,148.9600,2.847e-07
Metal1,66.8100,156.8000,Metal1,68.4050,156.8000,1.173e-12
Metal1,66.8100,164.6400,Metal1,68.4050,164.6400,1.155e-12
Metal1,66.8100,172.4800,Metal1,68.4050,172.4800,1.162e-12
Metal1,66.8100,180.3200,Metal1,68.4050,180.3200,1.162e-12
Metal1,66.8100,188.1600,Metal1,68.4050,188.1600,1.166e-12
Metal1,66.8100,196.0000,Metal1,68.4050,196.0000,1.169e-12
Metal1,66.8100,203.8400,Metal1,68.4050,203.8400,1.158e-12
Metal1,66.8100,211.6800,Metal1,68.4050,211.6800,1.155e-12
Metal1,66.8100,219.5200,Metal1,68.4050,219.5200,1.147e-12
Metal1,66.8100,227.3600,Metal1,68.4050,227.3600,1.151e-12
Metal1,66.8100,235.2000,Metal1,68.4050,235.2000,1.158e-12
Metal1,66.8100,243.0400,Metal1,68.4050,243.0400,1.155e-12
Metal1,66.9450,23.5200,Metal1,67.1750,23.5200,1.025e-07
Metal1,66.9550,15.6800,Metal1,68.9650,15.6800,2.686e-08
Metal1,66.9550,62.7200,Metal1,68.9650,62.7200,8.595e-08
Metal1,66.9550,250.8800,Metal1,68.9650,250.8800,5.037e-13
Metal1,67.1750,23.5200,Metal1,68.6850,23.5200,1.025e-07
Metal1,67.5450,141.1200,Metal1,67.5650,141.6650,2.678e-09
Metal1,67.5650,141.6650,Metal1,67.7750,140.6275,5.851e-09
Metal1,67.7750,140.6275,Metal1,67.7950,141.1200,5.851e-09
Metal1,67.7950,141.1200,Metal1,71.2050,141.1200,3.105e-08
Metal1,67.8450,101.9200,Metal1,68.0750,101.9200,7.236e-06
Metal1,68.0750,101.9200,Metal1,68.9650,101.9200,7.236e-06
Metal1,68.4050,39.2000,Metal1,68.6350,39.2000,2.119e-05
Metal1,68.4050,70.5600,Metal1,68.6350,70.5600,2.606e-06
Metal1,68.4050,78.4000,Metal1,68.6350,78.4000,6.513e-09
Metal1,68.4050,86.2400,Metal1,68.6350,86.2400,1.091e-07
Metal1,68.4050,94.0800,Metal1,68.6350,94.0800,5.716e-06
Metal1,68.4050,109.7600,Metal1,68.6350,109.7600,1.963e-05
Metal1,68.4050,125.4400,Metal1,68.6350,125.4400,1.131e-06
Metal1,68.4050,133.2800,Metal1,68.6350,133.2800,7.831e-09
Metal1,68.4050,156.8000,Metal1,68.6350,156.8000,7.735e-11
Metal1,68.4050,164.6400,Metal1,68.6350,164.6400,7.430e-11
Metal1,68.4050,172.4800,Metal1,68.6350,172.4800,7.512e-11
Metal1,68.4050,180.3200,Metal1,68.6350,180.3200,7.505e-11
Metal1,68.4050,188.1600,Metal1,68.6350,188.1600,7.720e-11
Metal1,68.4050,196.0000,Metal1,68.6350,196.0000,7.668e-11
Metal1,68.4050,203.8400,Metal1,68.6350,203.8400,7.445e-11
Metal1,68.4050,211.6800,Metal1,68.6350,211.6800,7.512e-11
Metal1,68.4050,219.5200,Metal1,68.6350,219.5200,7.133e-11
Metal1,68.4050,227.3600,Metal1,68.6350,227.3600,7.460e-11
Metal1,68.4050,235.2000,Metal1,68.6350,235.2000,7.430e-11
Metal1,68.4050,243.0400,Metal1,68.6350,243.0400,7.467e-11
Metal1,68.6250,54.8800,Metal1,68.8550,54.8800,4.178e-05
Metal1,68.6350,39.2000,Metal1,68.9650,39.2000,2.119e-05
Metal1,68.6350,70.5600,Metal1,68.9650,70.5600,2.606e-06
Metal1,68.6350,78.4000,Metal1,68.9650,78.4000,6.513e-09
Metal1,68.6350,86.2400,Metal1,68.9650,86.2400,1.091e-07
Metal1,68.6350,94.0800,Metal1,68.9650,94.0800,5.716e-06
Metal1,68.6350,109.7600,Metal1,68.9650,109.7600,1.963e-05
Metal1,68.6350,125.4400,Metal1,68.9650,125.4400,1.562e-05
Metal1,68.6350,133.2800,Metal1,68.9650,133.2800,7.831e-09
Metal1,68.6350,156.8000,Metal1,68.9650,156.8000,7.733e-11
Metal1,68.6350,164.6400,Metal1,68.9650,164.6400,7.432e-11
Metal1,68.6350,172.4800,Metal1,68.9650,172.4800,7.518e-11
Metal1,68.6350,180.3200,Metal1,68.9650,180.3200,7.513e-11
Metal1,68.6350,188.1600,Metal1,68.9650,188.1600,7.724e-11
Metal1,68.6350,196.0000,Metal1,68.9650,196.0000,7.667e-11
Metal1,68.6350,203.8400,Metal1,68.9650,203.8400,7.457e-11
Metal1,68.6350,211.6800,Metal1,68.9650,211.6800,7.520e-11
Metal1,68.6350,219.5200,Metal1,68.9650,219.5200,7.141e-11
Metal1,68.6350,227.3600,Metal1,68.9650,227.3600,7.471e-11
Metal1,68.6350,235.2000,Metal1,68.9650,235.2000,7.432e-11
Metal1,68.6350,243.0400,Metal1,68.9650,243.0400,7.470e-11
Metal1,68.6850,23.5200,Metal1,68.9150,23.5200,2.476e-05
Metal1,68.8550,54.8800,Metal1,68.9650,54.8800,4.178e-05
Metal1,68.9150,23.5200,Metal1,71.7300,23.5200,1.175e-07
Metal1,68.9650,15.6800,Metal1,69.1950,15.6800,4.929e-07
Metal1,68.9650,31.3600,Metal1,69.1950,31.3600,4.042e-06
Metal1,68.9650,39.2000,Metal1,69.1950,39.2000,5.651e-06
Metal1,68.9650,47.0400,Metal1,69.1950,47.0400,1.232e-06
Metal1,68.9650,54.8800,Metal1,69.1950,54.8800,6.708e-06
Metal1,68.9650,62.7200,Metal1,69.1950,62.7200,2.743e-10
Metal1,68.9650,70.5600,Metal1,69.1950,70.5600,6.950e-07
Metal1,68.9650,78.4000,Metal1,69.1950,78.4000,1.835e-08
Metal1,68.9650,86.2400,Metal1,69.1950,86.2400,3.070e-07
Metal1,68.9650,94.0800,Metal1,69.1950,94.0800,1.524e-06
Metal1,68.9650,101.9200,Metal1,69.1950,101.9200,6.900e-06
Metal1,68.9650,109.7600,Metal1,69.1950,109.7600,1.006e-06
Metal1,68.9650,117.6000,Metal1,69.1950,117.6000,7.763e-07
Metal1,68.9650,125.4400,Metal1,69.1950,125.4400,3.363e-06
Metal1,68.9650,133.2800,Metal1,69.1950,133.2800,2.211e-08
Metal1,68.9650,148.9600,Metal1,69.1950,148.9600,3.941e-07
Metal1,68.9650,156.8000,Metal1,69.1950,156.8000,2.064e-11
Metal1,68.9650,164.6400,Metal1,69.1950,164.6400,1.982e-11
Metal1,68.9650,172.4800,Metal1,69.1950,172.4800,2.004e-11
Metal1,68.9650,180.3200,Metal1,69.1950,180.3200,2.004e-11
Metal1,68.9650,188.1600,Metal1,69.1950,188.1600,2.064e-11
Metal1,68.9650,196.0000,Metal1,69.1950,196.0000,2.049e-11
Metal1,68.9650,203.8400,Metal1,69.1950,203.8400,1.982e-11
Metal1,68.9650,211.6800,Metal1,69.1950,211.6800,2.004e-11
Metal1,68.9650,219.5200,Metal1,69.1950,219.5200,1.908e-11
Metal1,68.9650,227.3600,Metal1,69.1950,227.3600,1.989e-11
Metal1,68.9650,235.2000,Metal1,69.1950,235.2000,1.989e-11
Metal1,68.9650,243.0400,Metal1,69.1950,243.0400,1.989e-11
Metal1,68.9650,250.8800,Metal1,69.1950,250.8800,1.485e-13
Metal1,69.1950,15.6800,Metal1,71.2050,15.6800,1.267e-08
Metal1,69.1950,31.3600,Metal1,70.3050,31.3600,4.042e-06
Metal1,69.1950,39.2000,Metal1,70.6450,39.2000,5.651e-06
Metal1,69.1950,47.0400,Metal1,69.7450,47.0400,1.232e-06
Metal1,69.1950,54.8800,Metal1,70.3650,54.8800,6.708e-06
Metal1,69.1950,62.7200,Metal1,71.2050,62.7200,2.744e-10
Metal1,69.1950,70.5600,Metal1,70.6450,70.5600,6.950e-07
Metal1,69.1950,78.4000,Metal1,70.6450,78.4000,1.836e-08
Metal1,69.1950,86.2400,Metal1,70.6450,86.2400,3.070e-07
Metal1,69.1950,94.0800,Metal1,70.6450,94.0800,1.524e-06
Metal1,69.1950,101.9200,Metal1,70.0850,101.9200,6.900e-06
Metal1,69.1950,109.7600,Metal1,70.6450,109.7600,5.574e-06
Metal1,69.1950,117.6000,Metal1,69.5250,117.6000,7.763e-07
Metal1,69.1950,125.4400,Metal1,70.6450,125.4400,3.363e-06
Metal1,69.1950,133.2800,Metal1,70.6450,133.2800,2.212e-08
Metal1,69.1950,148.9600,Metal1,70.8650,148.9600,3.941e-07
Metal1,69.1950,156.8000,Metal1,70.6450,156.8000,2.062e-11
Metal1,69.1950,164.6400,Metal1,70.6450,164.6400,1.981e-11
Metal1,69.1950,172.4800,Metal1,70.6450,172.4800,2.004e-11
Metal1,69.1950,180.3200,Metal1,70.6450,180.3200,2.002e-11
Metal1,69.1950,188.1600,Metal1,70.6450,188.1600,2.059e-11
Metal1,69.1950,196.0000,Metal1,70.6450,196.0000,2.043e-11
Metal1,69.1950,203.8400,Metal1,70.6450,203.8400,1.987e-11
Metal1,69.1950,211.6800,Metal1,70.6450,211.6800,2.003e-11
Metal1,69.1950,219.5200,Metal1,70.6450,219.5200,1.903e-11
Metal1,69.1950,227.3600,Metal1,70.6450,227.3600,1.991e-11
Metal1,69.1950,235.2000,Metal1,70.6450,235.2000,1.981e-11
Metal1,69.1950,243.0400,Metal1,70.6450,243.0400,1.991e-11
Metal1,69.1950,250.8800,Metal1,71.2050,250.8800,0.000e+00
Metal1,69.5250,117.6000,Metal1,69.7550,117.6000,4.375e-08
Metal1,69.7450,47.0400,Metal1,69.9750,47.0400,5.791e-07
Metal1,69.7550,117.6000,Metal1,71.2050,117.6000,4.375e-08
Metal1,69.9750,47.0400,Metal1,71.2050,47.0400,5.791e-07
Metal1,70.0850,101.9200,Metal1,70.3150,101.9200,4.388e-08
Metal1,70.3050,31.3600,Metal1,70.5350,31.3600,6.285e-06
Metal1,70.3150,101.9200,Metal1,71.2050,101.9200,7.513e-06
Metal1,70.3650,54.8800,Metal1,70.5950,54.8800,1.238e-05
Metal1,70.5350,31.3600,Metal1,71.2050,31.3600,6.285e-06
Metal1,70.5950,54.8800,Metal1,71.2050,54.8800,1.238e-05
Metal1,70.6450,39.2000,Metal1,70.8750,39.2000,2.119e-05
Metal1,70.6450,70.5600,Metal1,70.8750,70.5600,2.606e-06
Metal1,70.6450,78.4000,Metal1,70.8750,78.4000,4.639e-06
Metal1,70.6450,86.2400,Metal1,70.8750,86.2400,7.759e-05
Metal1,70.6450,94.0800,Metal1,70.8750,94.0800,5.716e-06
Metal1,70.6450,109.7600,Metal1,70.8750,109.7600,2.024e-05
Metal1,70.6450,125.4400,Metal1,70.8750,125.4400,1.260e-05
Metal1,70.6450,133.2800,Metal1,70.8750,133.2800,5.588e-06
Metal1,70.6450,156.8000,Metal1,70.8750,156.8000,7.727e-11
Metal1,70.6450,164.6400,Metal1,70.8750,164.6400,7.423e-11
Metal1,70.6450,172.4800,Metal1,70.8750,172.4800,7.512e-11
Metal1,70.6450,180.3200,Metal1,70.8750,180.3200,7.505e-11
Metal1,70.6450,188.1600,Metal1,70.8750,188.1600,7.720e-11
Metal1,70.6450,196.0000,Metal1,70.8750,196.0000,7.660e-11
Metal1,70.6450,203.8400,Metal1,70.8750,203.8400,7.453e-11
Metal1,70.6450,211.6800,Metal1,70.8750,211.6800,7.505e-11
Metal1,70.6450,219.5200,Metal1,70.8750,219.5200,7.141e-11
Metal1,70.6450,227.3600,Metal1,70.8750,227.3600,7.460e-11
Metal1,70.6450,235.2000,Metal1,70.8750,235.2000,7.430e-11
Metal1,70.6450,243.0400,Metal1,70.8750,243.0400,7.460e-11
Metal1,70.8650,148.9600,Metal1,71.0950,148.9600,3.389e-06
Metal1,70.8750,39.2000,Metal1,71.2050,39.2000,2.119e-05
Metal1,70.8750,70.5600,Metal1,71.2050,70.5600,2.606e-06
Metal1,70.8750,78.4000,Metal1,72.4300,78.4000,4.639e-06
Metal1,70.8750,86.2400,Metal1,71.8700,86.2400,7.759e-05
Metal1,70.8750,94.0800,Metal1,71.2050,94.0800,5.716e-06
Metal1,70.8750,109.7600,Metal1,71.2050,109.7600,2.024e-05
Metal1,70.8750,125.4400,Metal1,71.2050,125.4400,1.260e-05
Metal1,70.8750,133.2800,Metal1,71.3300,133.2800,5.588e-06
Metal1,70.8750,156.8000,Metal1,71.2050,156.8000,7.733e-11
Metal1,70.8750,164.6400,Metal1,71.2050,164.6400,7.428e-11
Metal1,70.8750,172.4800,Metal1,71.2050,172.4800,7.515e-11
Metal1,70.8750,180.3200,Metal1,71.2050,180.3200,7.506e-11
Metal1,70.8750,188.1600,Metal1,71.2050,188.1600,7.719e-11
Metal1,70.8750,196.0000,Metal1,71.2050,196.0000,7.662e-11
Metal1,70.8750,203.8400,Metal1,71.2050,203.8400,7.446e-11
Metal1,70.8750,211.6800,Metal1,71.2050,211.6800,7.513e-11
Metal1,70.8750,219.5200,Metal1,71.2050,219.5200,7.138e-11
Metal1,70.8750,227.3600,Metal1,71.2050,227.3600,7.464e-11
Metal1,70.8750,235.2000,Metal1,71.2050,235.2000,7.428e-11
Metal1,70.8750,243.0400,Metal1,71.2050,243.0400,7.464e-11
Metal1,71.0950,148.9600,Metal1,71.2050,148.9600,3.389e-06
Metal1,71.2050,15.6800,Metal1,71.4350,15.6800,6.793e-10
Metal1,71.2050,31.3600,Metal1,71.4350,31.3600,6.895e-06
Metal1,71.2050,39.2000,Metal1,71.4350,39.2000,8.703e-08
Metal1,71.2050,47.0400,Metal1,71.4350,47.0400,2.820e-06
Metal1,71.2050,54.8800,Metal1,71.4350,54.8800,8.930e-07
Metal1,71.2050,62.7200,Metal1,71.4350,62.7200,8.400e-08
Metal1,71.2050,70.5600,Metal1,71.4350,70.5600,1.070e-08
Metal1,71.2050,94.0800,Metal1,71.4350,94.0800,2.225e-08
Metal1,71.2050,101.9200,Metal1,71.4350,101.9200,6.852e-06
Metal1,71.2050,109.7600,Metal1,71.4350,109.7600,4.544e-05
Metal1,71.2050,117.6000,Metal1,71.4350,117.6000,1.491e-07
Metal1,71.2050,125.4400,Metal1,71.4350,125.4400,3.376e-06
Metal1,71.2050,141.1200,Metal1,71.4350,141.1200,7.973e-06
Metal1,71.2050,148.9600,Metal1,71.4350,148.9600,5.463e-07
Metal1,71.2050,156.8000,Metal1,71.4350,156.8000,2.969e-13
Metal1,71.2050,164.6400,Metal1,71.4350,164.6400,3.711e-13
Metal1,71.2050,172.4800,Metal1,71.4350,172.4800,4.454e-13
Metal1,71.2050,180.3200,Metal1,71.4350,180.3200,2.969e-13
Metal1,71.2050,188.1600,Metal1,71.4350,188.1600,3.711e-13
Metal1,71.2050,196.0000,Metal1,71.4350,196.0000,2.227e-13
Metal1,71.2050,203.8400,Metal1,71.4350,203.8400,3.711e-13
Metal1,71.2050,211.6800,Metal1,71.4350,211.6800,2.969e-13
Metal1,71.2050,219.5200,Metal1,71.4350,219.5200,3.711e-13
Metal1,71.2050,227.3600,Metal1,71.4350,227.3600,3.711e-13
Metal1,71.2050,235.2000,Metal1,71.4350,235.2000,2.969e-13
Metal1,71.2050,243.0400,Metal1,71.4350,243.0400,2.969e-13
Metal1,71.2050,250.8800,Metal1,71.4350,250.8800,5.938e-13
Metal1,71.3300,133.2800,Metal1,71.5600,133.2800,6.560e-07
Metal1,71.4350,15.6800,Metal1,73.4450,15.6800,6.794e-10
Metal1,71.4350,31.3600,Metal1,72.0450,31.3600,6.895e-06
Metal1,71.4350,39.2000,Metal1,72.8850,39.2000,8.703e-08
Metal1,71.4350,47.0400,Metal1,71.4850,47.0400,2.820e-06
Metal1,71.4350,54.8800,Metal1,73.4450,54.8800,8.957e-08
Metal1,71.4350,62.7200,Metal1,73.4450,62.7200,8.400e-08
Metal1,71.4350,70.5600,Metal1,72.8850,70.5600,1.070e-08
Metal1,71.4350,94.0800,Metal1,72.8850,94.0800,2.225e-08
Metal1,71.4350,101.9200,Metal1,72.3250,101.9200,6.852e-06
Metal1,71.4350,109.7600,Metal1,72.8850,109.7600,4.140e-07
Metal1,71.4350,117.6000,Metal1,71.7650,117.6000,1.491e-07
Metal1,71.4350,125.4400,Metal1,72.8850,125.4400,3.376e-06
Metal1,71.4350,141.1200,Metal1,71.9250,141.1200,7.973e-06
Metal1,71.4350,148.9600,Metal1,72.6050,148.9600,5.463e-07
Metal1,71.4350,156.8000,Metal1,72.8850,156.8000,2.981e-13
Metal1,71.4350,164.6400,Metal1,72.8850,164.6400,4.084e-13
Metal1,71.4350,172.4800,Metal1,72.8850,172.4800,4.084e-13
Metal1,71.4350,180.3200,Metal1,72.8850,180.3200,4.043e-13
Metal1,71.4350,188.1600,Metal1,72.8850,188.1600,3.961e-13
Metal1,71.4350,196.0000,Metal1,72.8850,196.0000,2.940e-13
Metal1,71.4350,203.8400,Metal1,72.8850,203.8400,4.124e-13
Metal1,71.4350,211.6800,Metal1,72.8850,211.6800,3.961e-13
Metal1,71.4350,219.5200,Metal1,72.8850,219.5200,4.247e-13
Metal1,71.4350,227.3600,Metal1,72.8850,227.3600,4.165e-13
Metal1,71.4350,235.2000,Metal1,72.8850,235.2000,4.002e-13
Metal1,71.4350,243.0400,Metal1,72.8850,243.0400,4.043e-13
Metal1,71.4350,250.8800,Metal1,73.4450,250.8800,5.450e-13
Metal1,71.4850,47.0400,Metal1,71.7150,47.0400,1.989e-07
Metal1,71.5600,133.2800,Metal1,72.8850,133.2800,7.232e-06
Metal1,71.7150,47.0400,Metal1,73.4450,47.0400,1.989e-07
Metal1,71.7300,23.5200,Metal1,71.9600,23.5200,2.508e-05
Metal1,71.7650,117.6000,Metal1,71.9950,117.6000,7.630e-09
Metal1,71.8700,86.2400,Metal1,72.2100,86.2400,3.300e-07
Metal1,71.9250,141.1200,Metal1,72.1550,141.1200,1.165e-06
Metal1,71.9600,23.5200,Metal1,72.3250,23.5200,2.508e-05
Metal1,71.9950,117.6000,Metal1,73.4450,117.6000,4.257e-08
Metal1,72.0450,31.3600,Metal1,72.2750,31.3600,3.833e-06
Metal1,72.1550,141.1200,Metal1,74.9500,141.1200,8.629e-06
Metal1,72.2100,86.2400,Metal1,72.8850,86.2400,3.300e-07
Metal1,72.2750,31.3600,Metal1,73.4450,31.3600,3.833e-06
Metal1,72.3250,23.5200,Metal1,72.5550,23.5200,6.226e-07
Metal1,72.3250,101.9200,Metal1,72.5550,101.9200,6.857e-06
Metal1,72.4300,78.4000,Metal1,72.7700,78.4000,7.187e-08
Metal1,72.5550,23.5200,Metal1,73.0450,23.5200,6.226e-07
Metal1,72.5550,101.9200,Metal1,73.4450,101.9200,6.857e-06
Metal1,72.6050,148.9600,Metal1,72.8350,148.9600,1.007e-06
Metal1,72.7700,78.4000,Metal1,72.8850,78.4000,7.187e-08
Metal1,72.8350,148.9600,Metal1,73.4450,148.9600,1.007e-06
Metal1,72.8850,39.2000,Metal1,73.1150,39.2000,1.807e-08
Metal1,72.8850,70.5600,Metal1,73.1150,70.5600,2.225e-09
Metal1,72.8850,78.4000,Metal1,73.1150,78.4000,7.667e-09
Metal1,72.8850,86.2400,Metal1,73.1150,86.2400,4.588e-08
Metal1,72.8850,94.0800,Metal1,73.1150,94.0800,2.383e-09
Metal1,72.8850,109.7600,Metal1,73.1150,109.7600,4.544e-05
Metal1,72.8850,125.4400,Metal1,73.1150,125.4400,1.266e-05
Metal1,72.8850,133.2800,Metal1,73.1150,133.2800,2.293e-08
Metal1,72.8850,156.8000,Metal1,73.1150,156.8000,2.301e-12
Metal1,72.8850,164.6400,Metal1,73.1150,164.6400,2.672e-12
Metal1,72.8850,172.4800,Metal1,73.1150,172.4800,2.672e-12
Metal1,72.8850,180.3200,Metal1,73.1150,180.3200,2.598e-12
Metal1,72.8850,188.1600,Metal1,73.1150,188.1600,2.672e-12
Metal1,72.8850,196.0000,Metal1,73.1150,196.0000,2.227e-12
Metal1,72.8850,203.8400,Metal1,73.1150,203.8400,2.672e-12
Metal1,72.8850,211.6800,Metal1,73.1150,211.6800,2.598e-12
Metal1,72.8850,219.5200,Metal1,73.1150,219.5200,2.672e-12
Metal1,72.8850,227.3600,Metal1,73.1150,227.3600,2.672e-12
Metal1,72.8850,235.2000,Metal1,73.1150,235.2000,2.672e-12
Metal1,72.8850,243.0400,Metal1,73.1150,243.0400,2.598e-12
Metal1,73.0450,23.5200,Metal1,73.2750,23.5200,1.514e-08
Metal1,73.1150,39.2000,Metal1,73.4450,39.2000,1.807e-08
Metal1,73.1150,70.5600,Metal1,73.4450,70.5600,2.225e-09
Metal1,73.1150,78.4000,Metal1,74.4250,78.4000,7.667e-09
Metal1,73.1150,86.2400,Metal1,73.8650,86.2400,3.108e-07
Metal1,73.1150,94.0800,Metal1,73.4450,94.0800,1.103e-08
Metal1,73.1150,109.7600,Metal1,73.7050,109.7600,4.544e-05
Metal1,73.1150,125.4400,Metal1,73.4450,125.4400,1.266e-05
Metal1,73.1150,133.2800,Metal1,75.1250,133.2800,2.293e-08
Metal1,73.1150,156.8000,Metal1,73.4450,156.8000,2.333e-12
Metal1,73.1150,164.6400,Metal1,73.4450,164.6400,2.674e-12
Metal1,73.1150,172.4800,Metal1,73.4450,172.4800,2.691e-12
Metal1,73.1150,180.3200,Metal1,73.4450,180.3200,2.674e-12
Metal1,73.1150,188.1600,Metal1,73.4450,188.1600,2.656e-12
Metal1,73.1150,196.0000,Metal1,73.4450,196.0000,2.315e-12
Metal1,73.1150,203.8400,Metal1,73.4450,203.8400,2.691e-12
Metal1,73.1150,211.6800,Metal1,73.4450,211.6800,2.620e-12
Metal1,73.1150,219.5200,Metal1,73.4450,219.5200,2.674e-12
Metal1,73.1150,227.3600,Metal1,73.4450,227.3600,2.709e-12
Metal1,73.1150,235.2000,Metal1,73.4450,235.2000,2.638e-12
Metal1,73.1150,243.0400,Metal1,73.4450,243.0400,2.674e-12
Metal1,73.2750,23.5200,Metal1,74.5650,23.5200,4.068e-07
Metal1,73.4450,15.6800,Metal1,73.6750,15.6800,4.082e-07
Metal1,73.4450,31.3600,Metal1,73.6750,31.3600,1.216e-08
Metal1,73.4450,39.2000,Metal1,73.6750,39.2000,4.515e-09
Metal1,73.4450,47.0400,Metal1,73.6750,47.0400,3.897e-06
Metal1,73.4450,54.8800,Metal1,73.6750,54.8800,2.629e-05
Metal1,73.4450,62.7200,Metal1,73.6750,62.7200,2.420e-09
Metal1,73.4450,70.5600,Metal1,73.6750,70.5600,5.560e-10
Metal1,73.4450,94.0800,Metal1,73.6750,94.0800,2.368e-09
Metal1,73.4450,101.9200,Metal1,73.6750,101.9200,6.856e-06
Metal1,73.4450,117.6000,Metal1,73.6750,117.6000,1.484e-07
Metal1,73.4450,125.4400,Metal1,73.6750,125.4400,4.934e-08
Metal1,73.4450,148.9600,Metal1,73.6750,148.9600,3.194e-09
Metal1,73.4450,156.8000,Metal1,73.6750,156.8000,5.938e-13
Metal1,73.4450,164.6400,Metal1,73.6750,164.6400,6.681e-13
Metal1,73.4450,172.4800,Metal1,73.6750,172.4800,7.423e-13
Metal1,73.4450,180.3200,Metal1,73.6750,180.3200,6.681e-13
Metal1,73.4450,188.1600,Metal1,73.6750,188.1600,7.423e-13
Metal1,73.4450,196.0000,Metal1,73.6750,196.0000,5.938e-13
Metal1,73.4450,203.8400,Metal1,73.6750,203.8400,7.423e-13
Metal1,73.4450,211.6800,Metal1,73.6750,211.6800,7.423e-13
Metal1,73.4450,219.5200,Metal1,73.6750,219.5200,7.423e-13
Metal1,73.4450,227.3600,Metal1,73.6750,227.3600,7.423e-13
Metal1,73.4450,235.2000,Metal1,73.6750,235.2000,7.423e-13
Metal1,73.4450,243.0400,Metal1,73.6750,243.0400,8.165e-13
Metal1,73.4450,250.8800,Metal1,73.6750,250.8800,1.724e-10
Metal1,73.6750,15.6800,Metal1,75.6850,15.6800,2.690e-09
Metal1,73.6750,31.3600,Metal1,75.6850,31.3600,1.216e-08
Metal1,73.6750,39.2000,Metal1,75.1250,39.2000,4.515e-09
Metal1,73.6750,47.0400,Metal1,73.7850,47.0400,3.897e-06
Metal1,73.6750,54.8800,Metal1,74.0050,54.8800,2.629e-05
Metal1,73.6750,62.7200,Metal1,75.6850,62.7200,8.139e-11
Metal1,73.6750,70.5600,Metal1,75.1250,70.5600,5.559e-10
Metal1,73.6750,94.0800,Metal1,75.1250,94.0800,2.368e-09
Metal1,73.6750,101.9200,Metal1,74.5650,101.9200,6.856e-06
Metal1,73.6750,117.6000,Metal1,74.0050,117.6000,1.484e-07
Metal1,73.6750,125.4400,Metal1,75.1250,125.4400,4.934e-08
Metal1,73.6750,148.9600,Metal1,75.6850,148.9600,3.194e-09
Metal1,73.6750,156.8000,Metal1,75.1250,156.8000,6.330e-13
Metal1,73.6750,164.6400,Metal1,75.1250,164.6400,7.269e-13
Metal1,73.6750,172.4800,Metal1,75.1250,172.4800,7.310e-13
Metal1,73.6750,180.3200,Metal1,75.1250,180.3200,7.269e-13
Metal1,73.6750,188.1600,Metal1,75.1250,188.1600,7.228e-13
Metal1,73.6750,196.0000,Metal1,75.1250,196.0000,6.248e-13
Metal1,73.6750,203.8400,Metal1,75.1250,203.8400,7.269e-13
Metal1,73.6750,211.6800,Metal1,75.1250,211.6800,7.065e-13
Metal1,73.6750,219.5200,Metal1,75.1250,219.5200,7.269e-13
Metal1,73.6750,227.3600,Metal1,75.1250,227.3600,7.350e-13
Metal1,73.6750,235.2000,Metal1,75.1250,235.2000,7.187e-13
Metal1,73.6750,243.0400,Metal1,75.1250,243.0400,7.228e-13
Metal1,73.6750,250.8800,Metal1,75.6850,250.8800,1.167e-12
Metal1,73.7050,109.7600,Metal1,73.9350,109.7600,6.475e-06
Metal1,73.7850,47.0400,Metal1,74.0150,47.0400,6.916e-07
Metal1,73.8650,86.2400,Metal1,74.0950,86.2400,2.018e-07
Metal1,73.9350,109.7600,Metal1,75.6900,109.7600,4.681e-05
Metal1,74.0050,54.8800,Metal1,74.2350,54.8800,1.348e-06
Metal1,74.0050,117.6000,Metal1,74.2350,117.6000,4.036e-08
Metal1,74.0150,47.0400,Metal1,75.6850,47.0400,6.916e-07
Metal1,74.0950,86.2400,Metal1,75.1250,86.2400,2.018e-07
Metal1,74.2350,54.8800,Metal1,75.6850,54.8800,7.466e-06
Metal1,74.2350,117.6000,Metal1,75.6850,117.6000,4.036e-08
Metal1,74.4250,78.4000,Metal1,74.6550,78.4000,1.678e-08
Metal1,74.5650,23.5200,Metal1,74.7950,23.5200,2.914e-08
Metal1,74.5650,101.9200,Metal1,74.7950,101.9200,6.907e-06
Metal1,74.6550,78.4000,Metal1,75.1250,78.4000,1.678e-08
Metal1,74.7950,23.5200,Metal1,76.8050,23.5200,2.036e-10
Metal1,74.7950,101.9200,Metal1,75.6850,101.9200,6.907e-06
Metal1,74.9500,141.1200,Metal1,75.2900,141.1200,7.913e-07
Metal1,75.1250,39.2000,Metal1,75.3550,39.2000,1.160e-09
Metal1,75.1250,70.5600,Metal1,75.3550,70.5600,1.427e-10
Metal1,75.1250,78.4000,Metal1,75.3550,78.4000,1.200e-09
Metal1,75.1250,86.2400,Metal1,75.3550,86.2400,1.826e-07
Metal1,75.1250,94.0800,Metal1,75.3550,94.0800,8.868e-09
Metal1,75.1250,125.4400,Metal1,75.3550,125.4400,5.270e-09
Metal1,75.1250,133.2800,Metal1,75.3550,133.2800,1.668e-09
Metal1,75.1250,156.8000,Metal1,75.3550,156.8000,7.423e-14
Metal1,75.1250,164.6400,Metal1,75.3550,164.6400,1.485e-13
Metal1,75.1250,172.4800,Metal1,75.3550,172.4800,2.227e-13
Metal1,75.1250,180.3200,Metal1,75.3550,180.3200,1.485e-13
Metal1,75.1250,188.1600,Metal1,75.3550,188.1600,2.227e-13
Metal1,75.1250,196.0000,Metal1,75.3550,196.0000,7.423e-14
Metal1,75.1250,203.8400,Metal1,75.3550,203.8400,1.485e-13
Metal1,75.1250,211.6800,Metal1,75.3550,211.6800,2.227e-13
Metal1,75.1250,219.5200,Metal1,75.3550,219.5200,1.485e-13
Metal1,75.1250,227.3600,Metal1,75.3550,227.3600,2.227e-13
Metal1,75.1250,235.2000,Metal1,75.3550,235.2000,1.485e-13
Metal1,75.1250,243.0400,Metal1,75.3550,243.0400,2.227e-13
Metal1,75.2900,141.1200,Metal1,76.8050,141.1200,9.887e-06
Metal1,75.3550,39.2000,Metal1,75.6850,39.2000,2.071e-08
Metal1,75.3550,70.5600,Metal1,75.6850,70.5600,2.550e-09
Metal1,75.3550,78.4000,Metal1,77.3650,78.4000,2.347e-11
Metal1,75.3550,86.2400,Metal1,75.9450,86.2400,1.826e-07
Metal1,75.3550,94.0800,Metal1,75.6850,94.0800,8.868e-09
Metal1,75.3550,125.4400,Metal1,75.6850,125.4400,2.426e-08
Metal1,75.3550,133.2800,Metal1,76.8050,133.2800,3.377e-12
Metal1,75.3550,156.8000,Metal1,75.6850,156.8000,2.925e-12
Metal1,75.3550,164.6400,Metal1,75.6850,164.6400,3.319e-12
Metal1,75.3550,172.4800,Metal1,75.6850,172.4800,3.355e-12
Metal1,75.3550,180.3200,Metal1,75.6850,180.3200,3.302e-12
Metal1,75.3550,188.1600,Metal1,75.6850,188.1600,3.319e-12
Metal1,75.3550,196.0000,Metal1,75.6850,196.0000,2.853e-12
Metal1,75.3550,203.8400,Metal1,75.6850,203.8400,3.337e-12
Metal1,75.3550,211.6800,Metal1,75.6850,211.6800,3.230e-12
Metal1,75.3550,219.5200,Metal1,75.6850,219.5200,3.355e-12
Metal1,75.3550,227.3600,Metal1,75.6850,227.3600,3.355e-12
Metal1,75.3550,235.2000,Metal1,75.6850,235.2000,3.284e-12
Metal1,75.3550,243.0400,Metal1,75.6850,243.0400,3.319e-12
Metal1,75.6850,15.6800,Metal1,75.9150,15.6800,4.419e-08
Metal1,75.6850,31.3600,Metal1,75.9150,31.3600,7.384e-10
Metal1,75.6850,39.2000,Metal1,75.9150,39.2000,1.142e-09
Metal1,75.6850,47.0400,Metal1,75.9150,47.0400,6.794e-05
Metal1,75.6850,54.8800,Metal1,75.9150,54.8800,2.711e-05
Metal1,75.6850,62.7200,Metal1,75.9150,62.7200,2.604e-09
Metal1,75.6850,70.5600,Metal1,75.9150,70.5600,1.404e-10
Metal1,75.6850,94.0800,Metal1,75.9150,94.0800,2.715e-09
Metal1,75.6850,101.9200,Metal1,75.9150,101.9200,4.948e-07
Metal1,75.6850,117.6000,Metal1,75.9150,117.6000,1.010e-08
Metal1,75.6850,125.4400,Metal1,75.9150,125.4400,1.339e-09
Metal1,75.6850,148.9600,Metal1,75.9150,148.9600,2.299e-10
Metal1,75.6850,156.8000,Metal1,75.9150,156.8000,7.423e-14
Metal1,75.6850,164.6400,Metal1,75.9150,164.6400,1.485e-13
Metal1,75.6850,172.4800,Metal1,75.9150,172.4800,1.485e-13
Metal1,75.6850,180.3200,Metal1,75.9150,180.3200,2.227e-13
Metal1,75.6850,188.1600,Metal1,75.9150,188.1600,1.485e-13
Metal1,75.6850,196.0000,Metal1,75.9150,196.0000,1.485e-13
Metal1,75.6850,203.8400,Metal1,75.9150,203.8400,1.485e-13
Metal1,75.6850,211.6800,Metal1,75.9150,211.6800,2.227e-13
Metal1,75.6850,219.5200,Metal1,75.9150,219.5200,7.423e-14
Metal1,75.6850,227.3600,Metal1,75.9150,227.3600,2.227e-13
Metal1,75.6850,235.2000,Metal1,75.9150,235.2000,2.969e-13
Metal1,75.6850,243.0400,Metal1,75.9150,243.0400,1.485e-13
Metal1,75.6850,250.8800,Metal1,75.9150,250.8800,1.822e-10
Metal1,75.6900,109.7600,Metal1,76.0300,109.7600,1.352e-06
Metal1,75.9150,15.6800,Metal1,77.6700,15.6800,1.543e-11
Metal1,75.9150,31.3600,Metal1,77.9250,31.3600,3.803e-12
Metal1,75.9150,39.2000,Metal1,77.3650,39.2000,4.768e-09
Metal1,75.9150,47.0400,Metal1,76.2450,47.0400,6.794e-05
Metal1,75.9150,54.8800,Metal1,76.2450,54.8800,2.711e-05
Metal1,75.9150,62.7200,Metal1,77.9250,62.7200,1.171e-11
Metal1,75.9150,70.5600,Metal1,77.3650,70.5600,5.871e-10
Metal1,75.9150,94.0800,Metal1,76.9650,94.0800,4.678e-08
Metal1,75.9150,101.9200,Metal1,76.8050,101.9200,2.828e-09
Metal1,75.9150,117.6000,Metal1,76.2450,117.6000,1.814e-07
Metal1,75.9150,125.4400,Metal1,77.3650,125.4400,5.568e-09
Metal1,75.9150,148.9600,Metal1,76.2450,148.9600,1.828e-11
Metal1,75.9150,156.8000,Metal1,77.3650,156.8000,6.656e-13
Metal1,75.9150,164.6400,Metal1,77.3650,164.6400,7.595e-13
Metal1,75.9150,172.4800,Metal1,77.3650,172.4800,7.677e-13
Metal1,75.9150,180.3200,Metal1,77.3650,180.3200,7.636e-13
Metal1,75.9150,188.1600,Metal1,77.3650,188.1600,7.595e-13
Metal1,75.9150,196.0000,Metal1,77.3650,196.0000,6.534e-13
Metal1,75.9150,203.8400,Metal1,77.3650,203.8400,7.636e-13
Metal1,75.9150,211.6800,Metal1,77.3650,211.6800,7.432e-13
Metal1,75.9150,219.5200,Metal1,77.3650,219.5200,7.677e-13
Metal1,75.9150,227.3600,Metal1,77.3650,227.3600,7.759e-13
Metal1,75.9150,235.2000,Metal1,77.3650,235.2000,7.595e-13
Metal1,75.9150,243.0400,Metal1,77.3650,243.0400,7.636e-13
Metal1,75.9150,250.8800,Metal1,77.6700,250.8800,1.922e-10
Metal1,75.9450,86.2400,Metal1,76.1750,86.2400,2.981e-10
Metal1,76.0300,109.7600,Metal1,78.2250,109.7600,1.472e-07
Metal1,76.1750,86.2400,Metal1,78.1900,86.2400,1.783e-07
Metal1,76.2450,47.0400,Metal1,76.4750,47.0400,5.650e-06
Metal1,76.2450,54.8800,Metal1,76.4750,54.8800,6.087e-05
Metal1,76.2450,117.6000,Metal1,76.4750,117.6000,1.708e-07
Metal1,76.2450,148.9600,Metal1,76.4750,148.9600,1.039e-12
Metal1,76.4750,47.0400,Metal1,77.9250,47.0400,1.096e-05
Metal1,76.4750,54.8800,Metal1,78.0300,54.8800,8.159e-06
Metal1,76.4750,117.6000,Metal1,77.9250,117.6000,3.202e-08
Metal1,76.4750,148.9600,Metal1,77.9250,148.9600,3.177e-12
Metal1,76.8050,23.5200,Metal1,77.0350,23.5200,3.264e-08
Metal1,76.8050,101.9200,Metal1,77.0350,101.9200,2.613e-10
Metal1,76.8050,133.2800,Metal1,77.0350,133.2800,3.757e-10
Metal1,76.8050,141.1200,Metal1,77.0350,141.1200,3.134e-08
Metal1,76.9650,94.0800,Metal1,77.1950,94.0800,5.604e-08
Metal1,77.0350,23.5200,Metal1,79.0450,23.5200,3.265e-08
Metal1,77.0350,101.9200,Metal1,77.9250,101.9200,8.214e-10
Metal1,77.0350,133.2800,Metal1,77.3650,133.2800,3.758e-10
Metal1,77.0350,141.1200,Metal1,79.0450,141.1200,3.134e-08
Metal1,77.1950,94.0800,Metal1,77.9250,94.0800,5.604e-08
Metal1,77.3650,39.2000,Metal1,77.5950,39.2000,1.663e-08
Metal1,77.3650,70.5600,Metal1,77.5950,70.5600,2.047e-09
Metal1,77.3650,78.4000,Metal1,77.5950,78.4000,8.322e-09
Metal1,77.3650,125.4400,Metal1,77.5950,125.4400,1.952e-08
Metal1,77.3650,133.2800,Metal1,77.5950,133.2800,2.291e-08
Metal1,77.3650,156.8000,Metal1,77.5950,156.8000,2.301e-12
Metal1,77.3650,164.6400,Metal1,77.5950,164.6400,2.672e-12
Metal1,77.3650,172.4800,Metal1,77.5950,172.4800,2.672e-12
Metal1,77.3650,180.3200,Metal1,77.5950,180.3200,2.598e-12
Metal1,77.3650,188.1600,Metal1,77.5950,188.1600,2.672e-12
Metal1,77.3650,196.0000,Metal1,77.5950,196.0000,2.227e-12
Metal1,77.3650,203.8400,Metal1,77.5950,203.8400,2.672e-12
Metal1,77.3650,211.6800,Metal1,77.5950,211.6800,2.524e-12
Metal1,77.3650,219.5200,Metal1,77.5950,219.5200,2.672e-12
Metal1,77.3650,227.3600,Metal1,77.5950,227.3600,2.672e-12
Metal1,77.3650,235.2000,Metal1,77.5950,235.2000,2.672e-12
Metal1,77.3650,243.0400,Metal1,77.5950,243.0400,2.672e-12
Metal1,77.5950,39.2000,Metal1,77.9250,39.2000,1.663e-08
Metal1,77.5950,70.5600,Metal1,77.9250,70.5600,2.047e-09
Metal1,77.5950,78.4000,Metal1,78.7500,78.4000,8.322e-09
Metal1,77.5950,125.4400,Metal1,77.9250,125.4400,1.952e-08
Metal1,77.5950,133.2800,Metal1,79.6050,133.2800,2.293e-08
Metal1,77.5950,156.8000,Metal1,77.9250,156.8000,2.351e-12
Metal1,77.5950,164.6400,Metal1,77.9250,164.6400,2.656e-12
Metal1,77.5950,172.4800,Metal1,77.9250,172.4800,2.691e-12
Metal1,77.5950,180.3200,Metal1,77.9250,180.3200,2.691e-12
Metal1,77.5950,188.1600,Metal1,77.9250,188.1600,2.656e-12
Metal1,77.5950,196.0000,Metal1,77.9250,196.0000,2.315e-12
Metal1,77.5950,203.8400,Metal1,77.9250,203.8400,2.691e-12
Metal1,77.5950,211.6800,Metal1,77.9250,211.6800,2.638e-12
Metal1,77.5950,219.5200,Metal1,77.9250,219.5200,2.691e-12
Metal1,77.5950,227.3600,Metal1,77.9250,227.3600,2.727e-12
Metal1,77.5950,235.2000,Metal1,77.9250,235.2000,2.638e-12
Metal1,77.5950,243.0400,Metal1,77.9250,243.0400,2.709e-12
Metal1,77.6700,15.6800,Metal1,77.9250,14.8350,2.592e-11
Metal1,77.6700,250.8800,Metal1,78.0100,250.8800,2.025e-10
Metal1,77.9250,14.8350,Metal1,78.0100,16.2450,2.592e-11
Metal1,77.9250,31.3600,Metal1,78.1550,31.3600,1.564e-09
Metal1,77.9250,39.2000,Metal1,78.1550,39.2000,4.449e-09
Metal1,77.9250,47.0400,Metal1,78.1550,47.0400,2.545e-06
Metal1,77.9250,62.7200,Metal1,78.1550,62.7200,4.480e-09
Metal1,77.9250,70.5600,Metal1,78.1550,70.5600,5.478e-10
Metal1,77.9250,94.0800,Metal1,78.1550,94.0800,5.324e-07
Metal1,77.9250,101.9200,Metal1,78.1550,101.9200,7.439e-10
Metal1,77.9250,117.6000,Metal1,78.1550,117.6000,1.088e-07
Metal1,77.9250,125.4400,Metal1,78.1550,125.4400,1.221e-09
Metal1,77.9250,148.9600,Metal1,78.1550,148.9600,1.173e-11
Metal1,77.9250,156.8000,Metal1,78.1550,156.8000,6.681e-13
Metal1,77.9250,164.6400,Metal1,78.1550,164.6400,6.681e-13
Metal1,77.9250,172.4800,Metal1,78.1550,172.4800,7.423e-13
Metal1,77.9250,180.3200,Metal1,78.1550,180.3200,6.681e-13
Metal1,77.9250,188.1600,Metal1,78.1550,188.1600,7.423e-13
Metal1,77.9250,196.0000,Metal1,78.1550,196.0000,5.938e-13
Metal1,77.9250,203.8400,Metal1,78.1550,203.8400,7.423e-13
Metal1,77.9250,211.6800,Metal1,78.1550,211.6800,6.681e-13
Metal1,77.9250,219.5200,Metal1,78.1550,219.5200,7.423e-13
Metal1,77.9250,227.3600,Metal1,78.1550,227.3600,7.423e-13
Metal1,77.9250,235.2000,Metal1,78.1550,235.2000,7.423e-13
Metal1,77.9250,243.0400,Metal1,78.1550,243.0400,7.423e-13
Metal1,78.0100,16.2450,Metal1,78.1550,15.6800,6.326e-09
Metal1,78.0100,250.8800,Metal1,80.1650,250.8800,2.024e-10
Metal1,78.0300,54.8800,Metal1,78.3700,54.8800,4.388e-05
Metal1,78.1550,15.6800,Metal1,80.1650,15.6800,6.326e-09
Metal1,78.1550,31.3600,Metal1,80.1650,31.3600,1.585e-09
Metal1,78.1550,39.2000,Metal1,79.6050,39.2000,4.449e-09
Metal1,78.1550,47.0400,Metal1,78.4850,47.0400,4.650e-05
Metal1,78.1550,62.7200,Metal1,80.1650,62.7200,4.501e-09
Metal1,78.1550,70.5600,Metal1,79.6050,70.5600,5.478e-10
Metal1,78.1550,94.0800,Metal1,80.1650,94.0800,2.300e-08
Metal1,78.1550,101.9200,Metal1,79.0450,101.9200,7.438e-10
Metal1,78.1550,117.6000,Metal1,78.4850,117.6000,1.088e-07
Metal1,78.1550,125.4400,Metal1,79.6050,125.4400,1.117e-11
Metal1,78.1550,148.9600,Metal1,78.4850,148.9600,1.181e-11
Metal1,78.1550,156.8000,Metal1,79.6050,156.8000,6.248e-13
Metal1,78.1550,164.6400,Metal1,79.6050,164.6400,7.187e-13
Metal1,78.1550,172.4800,Metal1,79.6050,172.4800,7.187e-13
Metal1,78.1550,180.3200,Metal1,79.6050,180.3200,7.187e-13
Metal1,78.1550,188.1600,Metal1,79.6050,188.1600,7.146e-13
Metal1,78.1550,196.0000,Metal1,79.6050,196.0000,6.207e-13
Metal1,78.1550,203.8400,Metal1,79.6050,203.8400,7.187e-13
Metal1,78.1550,211.6800,Metal1,79.6050,211.6800,6.983e-13
Metal1,78.1550,219.5200,Metal1,79.6050,219.5200,7.187e-13
Metal1,78.1550,227.3600,Metal1,79.6050,227.3600,7.228e-13
Metal1,78.1550,235.2000,Metal1,79.6050,235.2000,7.146e-13
Metal1,78.1550,243.0400,Metal1,79.6050,243.0400,7.228e-13
Metal1,78.1900,86.2400,Metal1,78.5300,86.2400,6.821e-09
Metal1,78.2250,109.7600,Metal1,78.4550,109.7600,4.740e-05
Metal1,78.3700,54.8800,Metal1,78.4850,54.8800,4.388e-05
Metal1,78.4550,109.7600,Metal1,79.1500,109.7600,4.740e-05
Metal1,78.4850,47.0400,Metal1,78.7150,47.0400,1.047e-05
Metal1,78.4850,54.8800,Metal1,78.7150,54.8800,8.831e-06
Metal1,78.4850,117.6000,Metal1,78.7150,117.6000,3.002e-08
Metal1,78.4850,148.9600,Metal1,78.7150,148.9600,4.127e-11
Metal1,78.5300,86.2400,Metal1,80.4700,86.2400,2.735e-08
Metal1,78.7150,47.0400,Metal1,80.1650,47.0400,1.047e-05
Metal1,78.7150,54.8800,Metal1,80.0250,54.8800,8.831e-06
Metal1,78.7150,117.6000,Metal1,80.1650,117.6000,3.003e-08
Metal1,78.7150,148.9600,Metal1,80.1650,148.9600,5.116e-11
Metal1,78.7500,78.4000,Metal1,79.0900,78.4000,5.017e-10
Metal1,79.0450,23.5200,Metal1,79.1500,22.9550,3.265e-08
Metal1,79.0450,101.9200,Metal1,79.2750,101.9200,1.273e-09
Metal1,79.0450,141.1200,Metal1,79.2750,141.1200,9.724e-11
Metal1,79.0900,78.4000,Metal1,79.6050,78.4000,1.942e-08
Metal1,79.1500,22.9550,Metal1,79.2750,23.8650,2.611e-05
Metal1,79.1500,109.7600,Metal1,79.4900,109.7600,1.932e-07
Metal1,79.2750,23.8650,Metal1,79.4900,23.5200,7.313e-08
Metal1,79.2750,101.9200,Metal1,80.1650,101.9200,1.283e-09
Metal1,79.2750,141.1200,Metal1,80.4700,141.1200,1.065e-10
Metal1,79.4900,23.5200,Metal1,80.4700,23.5200,7.314e-08
Metal1,79.4900,109.7600,Metal1,80.4700,109.7600,1.932e-07
Metal1,79.6050,39.2000,Metal1,79.8350,39.2000,1.790e-08
Metal1,79.6050,70.5600,Metal1,79.8350,70.5600,2.204e-09
Metal1,79.6050,78.4000,Metal1,79.8350,78.4000,1.969e-08
Metal1,79.6050,125.4400,Metal1,79.8350,125.4400,1.231e-09
Metal1,79.6050,133.2800,Metal1,79.8350,133.2800,7.232e-06
Metal1,79.6050,156.8000,Metal1,79.8350,156.8000,2.227e-12
Metal1,79.6050,164.6400,Metal1,79.8350,164.6400,2.524e-12
Metal1,79.6050,172.4800,Metal1,79.8350,172.4800,2.524e-12
Metal1,79.6050,180.3200,Metal1,79.8350,180.3200,2.450e-12
Metal1,79.6050,188.1600,Metal1,79.8350,188.1600,2.598e-12
Metal1,79.6050,196.0000,Metal1,79.8350,196.0000,2.227e-12
Metal1,79.6050,203.8400,Metal1,79.8350,203.8400,2.524e-12
Metal1,79.6050,211.6800,Metal1,79.8350,211.6800,2.450e-12
Metal1,79.6050,219.5200,Metal1,79.8350,219.5200,2.524e-12
Metal1,79.6050,227.3600,Metal1,79.8350,227.3600,2.524e-12
Metal1,79.6050,235.2000,Metal1,79.8350,235.2000,2.450e-12
Metal1,79.6050,243.0400,Metal1,79.8350,243.0400,2.524e-12
Metal1,79.8350,39.2000,Metal1,80.1650,39.2000,1.790e-08
Metal1,79.8350,70.5600,Metal1,80.1650,70.5600,2.204e-09
Metal1,79.8350,78.4000,Metal1,80.4700,78.4000,1.969e-08
Metal1,79.8350,125.4400,Metal1,80.1650,125.4400,1.231e-09
Metal1,79.8350,133.2800,Metal1,80.1700,133.2800,7.232e-06
Metal1,79.8350,156.8000,Metal1,80.1650,156.8000,2.189e-12
Metal1,79.8350,164.6400,Metal1,80.1650,164.6400,2.530e-12
Metal1,79.8350,172.4800,Metal1,80.1650,172.4800,2.566e-12
Metal1,79.8350,180.3200,Metal1,80.1650,180.3200,2.566e-12
Metal1,79.8350,188.1600,Metal1,80.1650,188.1600,2.530e-12
Metal1,79.8350,196.0000,Metal1,80.1650,196.0000,2.171e-12
Metal1,79.8350,203.8400,Metal1,80.1650,203.8400,2.548e-12
Metal1,79.8350,211.6800,Metal1,80.1650,211.6800,2.440e-12
Metal1,79.8350,219.5200,Metal1,80.1650,219.5200,2.566e-12
Metal1,79.8350,227.3600,Metal1,80.1650,227.3600,2.566e-12
Metal1,79.8350,235.2000,Metal1,80.1650,235.2000,2.548e-12
Metal1,79.8350,243.0400,Metal1,80.1650,243.0400,2.530e-12
Metal1,80.0250,54.8800,Metal1,80.2550,54.8800,1.883e-08
Metal1,80.1650,15.6800,Metal1,80.3950,15.6800,7.724e-10
Metal1,80.1650,31.3600,Metal1,80.3950,31.3600,4.899e-07
Metal1,80.1650,39.2000,Metal1,80.3950,39.2000,7.633e-08
Metal1,80.1650,47.0400,Metal1,80.3950,47.0400,6.794e-05
Metal1,80.1650,62.7200,Metal1,80.3950,62.7200,1.397e-06
Metal1,80.1650,70.5600,Metal1,80.3950,70.5600,9.379e-09
Metal1,80.1650,94.0800,Metal1,80.3950,94.0800,7.665e-10
Metal1,80.1650,101.9200,Metal1,80.3950,101.9200,7.800e-08
Metal1,80.1650,117.6000,Metal1,80.3950,117.6000,9.331e-08
Metal1,80.1650,125.4400,Metal1,80.3950,125.4400,7.561e-08
Metal1,80.1650,148.9600,Metal1,80.3950,148.9600,1.241e-08
Metal1,80.1650,156.8000,Metal1,80.3950,156.8000,8.908e-12
Metal1,80.1650,164.6400,Metal1,80.3950,164.6400,8.908e-12
Metal1,80.1650,172.4800,Metal1,80.3950,172.4800,8.833e-12
Metal1,80.1650,180.3200,Metal1,80.3950,180.3200,8.908e-12
Metal1,80.1650,188.1600,Metal1,80.3950,188.1600,8.833e-12
Metal1,80.1650,196.0000,Metal1,80.3950,196.0000,8.908e-12
Metal1,80.1650,203.8400,Metal1,80.3950,203.8400,8.833e-12
Metal1,80.1650,211.6800,Metal1,80.3950,211.6800,8.833e-12
Metal1,80.1650,219.5200,Metal1,80.3950,219.5200,8.908e-12
Metal1,80.1650,227.3600,Metal1,80.3950,227.3600,8.908e-12
Metal1,80.1650,235.2000,Metal1,80.3950,235.2000,8.833e-12
Metal1,80.1650,243.0400,Metal1,80.3950,243.0400,8.908e-12
Metal1,80.1650,250.8800,Metal1,80.3950,250.8800,6.681e-13
Metal1,80.1700,133.2800,Metal1,80.4700,133.4475,2.832e-09
Metal1,80.2550,54.8800,Metal1,80.4700,54.8800,1.883e-08
Metal1,80.3950,15.6800,Metal1,82.4050,15.6800,7.725e-10
Metal1,80.3950,31.3600,Metal1,80.4700,31.3600,4.899e-07
Metal1,80.3950,39.2000,Metal1,80.4700,39.2000,7.633e-08
Metal1,80.3950,47.0400,Metal1,80.4700,47.0400,6.794e-05
Metal1,80.3950,62.7200,Metal1,80.4700,62.7200,1.397e-06
Metal1,80.3950,70.5600,Metal1,80.4700,70.5600,9.379e-09
Metal1,80.3950,94.0800,Metal1,80.4700,94.0800,7.666e-10
Metal1,80.3950,101.9200,Metal1,80.4700,101.9200,7.800e-08
Metal1,80.3950,117.6000,Metal1,80.4700,117.6000,9.331e-08
Metal1,80.3950,125.4400,Metal1,80.4700,125.4400,7.561e-08
Metal1,80.3950,148.9600,Metal1,80.4700,148.9600,1.241e-08
Metal1,80.3950,156.8000,Metal1,80.4700,156.8000,8.921e-12
Metal1,80.3950,164.6400,Metal1,80.4700,164.6400,8.921e-12
Metal1,80.3950,172.4800,Metal1,80.4700,172.4800,8.921e-12
Metal1,80.3950,180.3200,Metal1,80.4700,180.3200,8.921e-12
Metal1,80.3950,188.1600,Metal1,80.4700,188.1600,8.921e-12
Metal1,80.3950,196.0000,Metal1,80.4700,196.0000,8.921e-12
Metal1,80.3950,203.8400,Metal1,80.4700,203.8400,8.921e-12
Metal1,80.3950,211.6800,Metal1,80.4700,211.6800,8.921e-12
Metal1,80.3950,219.5200,Metal1,80.4700,219.5200,8.921e-12
Metal1,80.3950,227.3600,Metal1,80.4700,227.3600,9.000e-12
Metal1,80.3950,235.2000,Metal1,80.4700,235.2000,8.921e-12
Metal1,80.3950,243.0400,Metal1,80.4700,243.0400,9.000e-12
Metal1,80.3950,250.8800,Metal1,82.4050,250.8800,6.363e-13
Metal1,80.4700,23.5200,Metal1,80.8100,23.5200,7.315e-08
Metal1,80.4700,31.3600,Metal1,80.8100,31.3600,4.899e-07
Metal1,80.4700,39.2000,Metal1,80.8100,39.2000,7.634e-08
Metal1,80.4700,47.0400,Metal1,80.8100,47.0400,6.794e-05
Metal1,80.4700,54.8800,Metal1,80.8100,54.8800,1.884e-08
Metal1,80.4700,62.7200,Metal1,80.8100,62.7200,1.397e-06
Metal1,80.4700,70.5600,Metal1,80.8100,70.5600,9.389e-09
Metal1,80.4700,78.4000,Metal1,80.8100,78.4000,1.970e-08
Metal1,80.4700,86.2400,Metal1,80.8100,86.2400,2.734e-08
Metal1,80.4700,94.0800,Metal1,80.8100,94.0800,7.564e-10
Metal1,80.4700,101.9200,Metal1,80.8100,101.9200,7.801e-08
Metal1,80.4700,109.7600,Metal1,80.8100,109.7600,1.932e-07
Metal1,80.4700,117.6000,Metal1,80.8100,117.6000,9.332e-08
Metal1,80.4700,125.4400,Metal1,80.8100,125.4400,7.562e-08
Metal1,80.4700,133.4475,Metal1,80.5100,132.4350,2.832e-09
Metal1,80.4700,141.1200,Metal1,80.8100,141.1200,1.171e-10
Metal1,80.4700,148.9600,Metal1,80.8100,148.9600,1.242e-08
Metal1,80.4700,156.8000,Metal1,80.8100,156.8000,1.196e-12
Metal1,80.4700,164.6400,Metal1,80.8100,164.6400,1.196e-12
Metal1,80.4700,172.4800,Metal1,80.8100,172.4800,1.196e-12
Metal1,80.4700,180.3200,Metal1,80.8100,180.3200,1.196e-12
Metal1,80.4700,188.1600,Metal1,80.8100,188.1600,1.196e-12
Metal1,80.4700,196.0000,Metal1,80.8100,196.0000,1.196e-12
Metal1,80.4700,203.8400,Metal1,80.8100,203.8400,1.196e-12
Metal1,80.4700,211.6800,Metal1,80.8100,211.6800,1.196e-12
Metal1,80.4700,219.5200,Metal1,80.8100,219.5200,1.196e-12
Metal1,80.4700,227.3600,Metal1,80.8100,227.3600,1.263e-12
Metal1,80.4700,235.2000,Metal1,80.8100,235.2000,1.130e-12
Metal1,80.4700,243.0400,Metal1,80.8100,243.0400,1.263e-12
Metal1,80.5100,132.4350,Metal1,80.8100,133.2800,2.842e-09
Metal1,80.8100,23.5200,Metal1,81.1450,23.5200,7.315e-08
Metal1,80.8100,31.3600,Metal1,82.4050,31.3600,7.532e-08
Metal1,80.8100,39.2000,Metal1,82.4050,39.2000,7.634e-08
Metal1,80.8100,47.0400,Metal1,82.4050,47.0400,5.632e-07
Metal1,80.8100,54.8800,Metal1,83.2250,54.8800,1.885e-08
Metal1,80.8100,62.7200,Metal1,82.4050,62.7200,2.147e-07
Metal1,80.8100,70.5600,Metal1,82.4050,70.5600,9.389e-09
Metal1,80.8100,78.4000,Metal1,82.9650,78.4000,1.970e-08
Metal1,80.8100,86.2400,Metal1,82.5300,86.2400,2.734e-08
Metal1,80.8100,94.0800,Metal1,82.4050,94.0800,7.564e-10
Metal1,80.8100,101.9200,Metal1,82.4050,101.9200,7.801e-08
Metal1,80.8100,109.7600,Metal1,81.1450,109.7600,1.932e-07
Metal1,80.8100,117.6000,Metal1,82.4050,117.6000,9.332e-08
Metal1,80.8100,125.4400,Metal1,82.4050,125.4400,7.563e-08
Metal1,80.8100,133.2800,Metal1,82.7050,133.2800,2.732e-08
Metal1,80.8100,141.1200,Metal1,81.2850,141.1200,1.171e-10
Metal1,80.8100,148.9600,Metal1,82.4050,148.9600,1.909e-09
Metal1,80.8100,156.8000,Metal1,82.4050,156.8000,1.221e-12
Metal1,80.8100,164.6400,Metal1,82.4050,164.6400,1.221e-12
Metal1,80.8100,172.4800,Metal1,82.4050,172.4800,1.207e-12
Metal1,80.8100,180.3200,Metal1,82.4050,180.3200,1.221e-12
Metal1,80.8100,188.1600,Metal1,82.4050,188.1600,1.225e-12
Metal1,80.8100,196.0000,Metal1,82.4050,196.0000,1.218e-12
Metal1,80.8100,203.8400,Metal1,82.4050,203.8400,1.214e-12
Metal1,80.8100,211.6800,Metal1,82.4050,211.6800,1.218e-12
Metal1,80.8100,219.5200,Metal1,82.4050,219.5200,1.203e-12
Metal1,80.8100,227.3600,Metal1,82.4050,227.3600,1.221e-12
Metal1,80.8100,235.2000,Metal1,82.4050,235.2000,1.218e-12
Metal1,80.8100,243.0400,Metal1,82.4050,243.0400,1.225e-12
Metal1,81.1450,23.5200,Metal1,81.3750,23.5200,2.637e-10
Metal1,81.1450,109.7600,Metal1,81.3750,109.7600,1.739e-06
Metal1,81.2850,141.1200,Metal1,81.5150,141.1200,9.717e-10
Metal1,81.3750,23.5200,Metal1,82.9650,23.5200,2.637e-10
Metal1,81.3750,109.7600,Metal1,84.7250,109.7600,2.622e-09
Metal1,81.5150,141.1200,Metal1,82.9650,141.1200,8.808e-12
Metal1,82.4050,15.6800,Metal1,82.6350,15.6800,4.722e-07
Metal1,82.4050,31.3600,Metal1,82.6350,31.3600,3.116e-07
Metal1,82.4050,39.2000,Metal1,82.6350,39.2000,2.119e-05
Metal1,82.4050,47.0400,Metal1,82.6350,47.0400,6.794e-05
Metal1,82.4050,62.7200,Metal1,82.6350,62.7200,8.882e-07
Metal1,82.4050,70.5600,Metal1,82.6350,70.5600,2.606e-06
Metal1,82.4050,94.0800,Metal1,82.6350,94.0800,2.334e-07
Metal1,82.4050,101.9200,Metal1,82.6350,101.9200,2.167e-05
Metal1,82.4050,117.6000,Metal1,82.6350,117.6000,2.590e-05
Metal1,82.4050,125.4400,Metal1,82.6350,125.4400,2.101e-05
Metal1,82.4050,148.9600,Metal1,82.6350,148.9600,7.895e-09
Metal1,82.4050,156.8000,Metal1,82.6350,156.8000,9.227e-11
Metal1,82.4050,164.6400,Metal1,82.6350,164.6400,9.041e-11
Metal1,82.4050,172.4800,Metal1,82.6350,172.4800,9.056e-11
Metal1,82.4050,180.3200,Metal1,82.6350,180.3200,9.123e-11
Metal1,82.4050,188.1600,Metal1,82.6350,188.1600,9.368e-11
Metal1,82.4050,196.0000,Metal1,82.6350,196.0000,9.115e-11
Metal1,82.4050,203.8400,Metal1,82.6350,203.8400,9.101e-11
Metal1,82.4050,211.6800,Metal1,82.6350,211.6800,9.026e-11
Metal1,82.4050,219.5200,Metal1,82.6350,219.5200,8.677e-11
Metal1,82.4050,227.3600,Metal1,82.6350,227.3600,9.086e-11
Metal1,82.4050,235.2000,Metal1,82.6350,235.2000,9.071e-11
Metal1,82.4050,243.0400,Metal1,82.6350,243.0400,9.086e-11
Metal1,82.4050,250.8800,Metal1,82.6350,250.8800,1.485e-13
Metal1,82.5300,86.2400,Metal1,82.7600,86.2400,1.752e-07
Metal1,82.6350,15.6800,Metal1,84.6450,15.6800,9.380e-09
Metal1,82.6350,31.3600,Metal1,82.9650,31.3600,3.116e-07
Metal1,82.6350,39.2000,Metal1,82.9650,39.2000,2.119e-05
Metal1,82.6350,47.0400,Metal1,82.9650,47.0400,6.794e-05
Metal1,82.6350,62.7200,Metal1,82.9650,62.7200,8.882e-07
Metal1,82.6350,70.5600,Metal1,82.9650,70.5600,2.606e-06
Metal1,82.6350,94.0800,Metal1,83.9100,94.0800,2.334e-07
Metal1,82.6350,101.9200,Metal1,82.9650,101.9200,2.167e-05
Metal1,82.6350,117.6000,Metal1,82.9650,117.6000,2.590e-05
Metal1,82.6350,125.4400,Metal1,82.9650,125.4400,2.101e-05
Metal1,82.6350,148.9600,Metal1,82.9650,148.9600,7.895e-09
Metal1,82.6350,156.8000,Metal1,82.9650,156.8000,9.226e-11
Metal1,82.6350,164.6400,Metal1,82.9650,164.6400,9.050e-11
Metal1,82.6350,172.4800,Metal1,82.9650,172.4800,9.056e-11
Metal1,82.6350,180.3200,Metal1,82.9650,180.3200,9.131e-11
Metal1,82.6350,188.1600,Metal1,82.9650,188.1600,9.370e-11
Metal1,82.6350,196.0000,Metal1,82.9650,196.0000,9.115e-11
Metal1,82.6350,203.8400,Metal1,82.9650,203.8400,9.097e-11
Metal1,82.6350,211.6800,Metal1,82.9650,211.6800,9.029e-11
Metal1,82.6350,219.5200,Metal1,82.9650,219.5200,8.677e-11
Metal1,82.6350,227.3600,Metal1,82.9650,227.3600,9.088e-11
Metal1,82.6350,235.2000,Metal1,82.9650,235.2000,9.077e-11
Metal1,82.6350,243.0400,Metal1,82.9650,243.0400,9.086e-11
Metal1,82.6350,250.8800,Metal1,84.6450,250.8800,5.892e-15
Metal1,82.7050,133.2800,Metal1,82.9350,133.2800,7.818e-06
Metal1,82.7600,86.2400,Metal1,83.1850,86.2400,1.752e-07
Metal1,82.9350,133.2800,Metal1,82.9650,133.2800,7.818e-06
Metal1,82.9650,23.5200,Metal1,83.1950,23.5200,1.908e-11
Metal1,82.9650,31.3600,Metal1,83.1950,31.3600,8.768e-07
Metal1,82.9650,39.2000,Metal1,83.1950,39.2000,5.651e-06
Metal1,82.9650,47.0400,Metal1,83.1950,47.0400,2.608e-07
Metal1,82.9650,62.7200,Metal1,83.1950,62.7200,2.499e-06
Metal1,82.9650,70.5600,Metal1,83.1950,70.5600,6.950e-07
Metal1,82.9650,78.4000,Metal1,83.1950,78.4000,4.702e-09
Metal1,82.9650,101.9200,Metal1,83.1950,101.9200,5.779e-06
Metal1,82.9650,117.6000,Metal1,83.1950,117.6000,6.906e-06
Metal1,82.9650,125.4400,Metal1,83.1950,125.4400,5.603e-06
Metal1,82.9650,133.2800,Metal1,83.1950,133.2800,1.947e-08
Metal1,82.9650,141.1200,Metal1,83.1950,141.1200,9.614e-10
Metal1,82.9650,148.9600,Metal1,83.1950,148.9600,2.223e-08
Metal1,82.9650,156.8000,Metal1,83.1950,156.8000,2.464e-11
Metal1,82.9650,164.6400,Metal1,83.1950,164.6400,2.412e-11
Metal1,82.9650,172.4800,Metal1,83.1950,172.4800,2.412e-11
Metal1,82.9650,180.3200,Metal1,83.1950,180.3200,2.435e-11
Metal1,82.9650,188.1600,Metal1,83.1950,188.1600,2.494e-11
Metal1,82.9650,196.0000,Metal1,83.1950,196.0000,2.435e-11
Metal1,82.9650,203.8400,Metal1,83.1950,203.8400,2.427e-11
Metal1,82.9650,211.6800,Metal1,83.1950,211.6800,2.412e-11
Metal1,82.9650,219.5200,Metal1,83.1950,219.5200,2.316e-11
Metal1,82.9650,227.3600,Metal1,83.1950,227.3600,2.427e-11
Metal1,82.9650,235.2000,Metal1,83.1950,235.2000,2.420e-11
Metal1,82.9650,243.0400,Metal1,83.1950,243.0400,2.427e-11
Metal1,83.1850,86.2400,Metal1,83.4150,86.2400,9.955e-07
Metal1,83.1950,23.5200,Metal1,85.2050,23.5200,9.604e-13
Metal1,83.1950,31.3600,Metal1,84.3450,31.3600,8.768e-07
Metal1,83.1950,39.2000,Metal1,84.6450,39.2000,5.651e-06
Metal1,83.1950,47.0400,Metal1,84.2450,47.0400,2.608e-07
Metal1,83.1950,62.7200,Metal1,84.2450,62.7200,2.499e-06
Metal1,83.1950,70.5600,Metal1,84.6450,70.5600,6.950e-07
Metal1,83.1950,78.4000,Metal1,83.7450,78.4000,8.537e-08
Metal1,83.1950,101.9200,Metal1,84.6450,101.9200,5.779e-06
Metal1,83.1950,117.6000,Metal1,84.6450,117.6000,6.906e-06
Metal1,83.1950,125.4400,Metal1,84.6450,125.4400,5.603e-06
Metal1,83.1950,133.2800,Metal1,85.2050,133.2800,1.947e-08
Metal1,83.1950,141.1200,Metal1,83.5250,141.1200,9.614e-10
Metal1,83.1950,148.9600,Metal1,84.6450,148.9600,2.224e-08
Metal1,83.1950,156.8000,Metal1,84.6450,156.8000,2.460e-11
Metal1,83.1950,164.6400,Metal1,84.6450,164.6400,2.413e-11
Metal1,83.1950,172.4800,Metal1,84.6450,172.4800,2.414e-11
Metal1,83.1950,180.3200,Metal1,84.6450,180.3200,2.434e-11
Metal1,83.1950,188.1600,Metal1,84.6450,188.1600,2.498e-11
Metal1,83.1950,196.0000,Metal1,84.6450,196.0000,2.430e-11
Metal1,83.1950,203.8400,Metal1,84.6450,203.8400,2.425e-11
Metal1,83.1950,211.6800,Metal1,84.6450,211.6800,2.407e-11
Metal1,83.1950,219.5200,Metal1,84.6450,219.5200,2.314e-11
Metal1,83.1950,227.3600,Metal1,84.6450,227.3600,2.423e-11
Metal1,83.1950,235.2000,Metal1,84.6450,235.2000,2.420e-11
Metal1,83.1950,243.0400,Metal1,84.6450,243.0400,2.422e-11
Metal1,83.2250,54.8800,Metal1,83.4550,54.8800,4.949e-09
Metal1,83.4150,86.2400,Metal1,84.9250,86.2400,4.457e-07
Metal1,83.4550,54.8800,Metal1,84.3500,54.8800,4.949e-09
Metal1,83.5250,141.1200,Metal1,83.7550,141.1200,7.468e-08
Metal1,83.7450,78.4000,Metal1,83.9750,78.4000,3.659e-08
Metal1,83.7550,141.1200,Metal1,83.7850,141.1200,7.468e-08
Metal1,83.7850,141.1200,Metal1,84.0150,141.1200,9.606e-08
Metal1,83.9100,94.0800,Metal1,84.2500,94.0800,3.387e-08
Metal1,83.9750,78.4000,Metal1,85.2050,78.4000,3.659e-08
Metal1,84.0150,141.1200,Metal1,85.7650,141.1200,9.425e-09
Metal1,84.2450,47.0400,Metal1,84.4750,47.0400,1.765e-07
Metal1,84.2450,62.7200,Metal1,84.4750,62.7200,1.138e-05
Metal1,84.2500,94.0800,Metal1,84.6450,94.0800,1.026e-06
Metal1,84.3450,31.3600,Metal1,84.5750,31.3600,7.012e-06
Metal1,84.3500,54.8800,Metal1,84.6900,54.8800,1.671e-08
Metal1,84.4750,47.0400,Metal1,85.2050,47.0400,1.765e-07
Metal1,84.4750,62.7200,Metal1,84.6450,62.7200,1.138e-05
Metal1,84.5750,31.3600,Metal1,84.6450,31.3600,7.012e-06
Metal1,84.6450,15.6800,Metal1,84.8750,15.6800,1.641e-06
Metal1,84.6450,31.3600,Metal1,84.8750,31.3600,1.475e-05
Metal1,84.6450,39.2000,Metal1,84.8750,39.2000,2.119e-05
Metal1,84.6450,62.7200,Metal1,84.8750,62.7200,3.828e-05
Metal1,84.6450,70.5600,Metal1,84.8750,70.5600,2.606e-06
Metal1,84.6450,94.0800,Metal1,84.8750,94.0800,1.487e-05
Metal1,84.6450,101.9200,Metal1,84.8750,101.9200,2.167e-05
Metal1,84.6450,117.6000,Metal1,84.8750,117.6000,2.592e-05
Metal1,84.6450,125.4400,Metal1,84.8750,125.4400,2.101e-05
Metal1,84.6450,148.9600,Metal1,84.8750,148.9600,5.622e-06
Metal1,84.6450,156.8000,Metal1,84.8750,156.8000,9.219e-11
Metal1,84.6450,164.6400,Metal1,84.8750,164.6400,9.049e-11
Metal1,84.6450,172.4800,Metal1,84.8750,172.4800,9.041e-11
Metal1,84.6450,180.3200,Metal1,84.8750,180.3200,9.130e-11
Metal1,84.6450,188.1600,Metal1,84.8750,188.1600,9.368e-11
Metal1,84.6450,196.0000,Metal1,84.8750,196.0000,9.108e-11
Metal1,84.6450,203.8400,Metal1,84.8750,203.8400,9.093e-11
Metal1,84.6450,211.6800,Metal1,84.8750,211.6800,9.026e-11
Metal1,84.6450,219.5200,Metal1,84.8750,219.5200,8.670e-11
Metal1,84.6450,227.3600,Metal1,84.8750,227.3600,9.086e-11
Metal1,84.6450,235.2000,Metal1,84.8750,235.2000,9.071e-11
Metal1,84.6450,243.0400,Metal1,84.8750,243.0400,9.078e-11
Metal1,84.6450,250.8800,Metal1,84.8750,250.8800,6.681e-13
Metal1,84.6900,54.8800,Metal1,89.3450,54.8800,5.246e-11
Metal1,84.7250,109.7600,Metal1,84.9550,109.7600,4.162e-07
Metal1,84.8750,15.6800,Metal1,86.8850,15.6800,1.081e-08
Metal1,84.8750,31.3600,Metal1,86.8850,31.3600,2.390e-05
Metal1,84.8750,39.2000,Metal1,85.2050,39.2000,2.119e-05
Metal1,84.8750,62.7200,Metal1,86.8850,62.7200,5.282e-05
Metal1,84.8750,70.5600,Metal1,85.2050,70.5600,2.606e-06
Metal1,84.8750,94.0800,Metal1,86.8850,94.0800,1.487e-05
Metal1,84.8750,101.9200,Metal1,85.2050,101.9200,2.167e-05
Metal1,84.8750,117.6000,Metal1,85.2050,117.6000,2.592e-05
Metal1,84.8750,125.4400,Metal1,85.2050,125.4400,2.101e-05
Metal1,84.8750,148.9600,Metal1,85.8700,148.9600,5.622e-06
Metal1,84.8750,156.8000,Metal1,85.2050,156.8000,9.221e-11
Metal1,84.8750,164.6400,Metal1,85.2050,164.6400,9.045e-11
Metal1,84.8750,172.4800,Metal1,85.2050,172.4800,9.052e-11
Metal1,84.8750,180.3200,Metal1,85.2050,180.3200,9.128e-11
Metal1,84.8750,188.1600,Metal1,85.2050,188.1600,9.364e-11
Metal1,84.8750,196.0000,Metal1,85.2050,196.0000,9.117e-11
Metal1,84.8750,203.8400,Metal1,85.2050,203.8400,9.094e-11
Metal1,84.8750,211.6800,Metal1,85.2050,211.6800,9.027e-11
Metal1,84.8750,219.5200,Metal1,85.2050,219.5200,8.677e-11
Metal1,84.8750,227.3600,Metal1,85.2050,227.3600,9.085e-11
Metal1,84.8750,235.2000,Metal1,85.2050,235.2000,9.070e-11
Metal1,84.8750,243.0400,Metal1,85.2050,243.0400,9.085e-11
Metal1,84.8750,250.8800,Metal1,86.8850,250.8800,6.687e-13
Metal1,84.9250,86.2400,Metal1,85.1550,86.2400,8.722e-05
Metal1,84.9550,109.7600,Metal1,85.4700,109.7600,4.162e-07
Metal1,85.1550,86.2400,Metal1,88.0050,86.2400,8.722e-05
Metal1,85.2050,23.5200,Metal1,85.4350,23.5200,2.732e-10
Metal1,85.2050,39.2000,Metal1,85.4350,39.2000,8.703e-08
Metal1,85.2050,47.0400,Metal1,85.4350,47.0400,1.663e-06
Metal1,85.2050,70.5600,Metal1,85.4350,70.5600,1.070e-08
Metal1,85.2050,78.4000,Metal1,85.4350,78.4000,1.417e-07
Metal1,85.2050,101.9200,Metal1,85.4350,101.9200,8.900e-08
Metal1,85.2050,117.6000,Metal1,85.4350,117.6000,1.864e-06
Metal1,85.2050,125.4400,Metal1,85.4350,125.4400,8.629e-08
Metal1,85.2050,133.2800,Metal1,85.4350,133.2800,1.675e-06
Metal1,85.2050,156.8000,Metal1,85.4350,156.8000,2.969e-13
Metal1,85.2050,164.6400,Metal1,85.4350,164.6400,3.711e-13
Metal1,85.2050,172.4800,Metal1,85.4350,172.4800,2.227e-13
Metal1,85.2050,180.3200,Metal1,85.4350,180.3200,3.711e-13
Metal1,85.2050,188.1600,Metal1,85.4350,188.1600,2.969e-13
Metal1,85.2050,196.0000,Metal1,85.4350,196.0000,3.711e-13
Metal1,85.2050,203.8400,Metal1,85.4350,203.8400,2.969e-13
Metal1,85.2050,211.6800,Metal1,85.4350,211.6800,3.711e-13
Metal1,85.2050,219.5200,Metal1,85.4350,219.5200,3.711e-13
Metal1,85.2050,227.3600,Metal1,85.4350,227.3600,2.969e-13
Metal1,85.2050,235.2000,Metal1,85.4350,235.2000,2.227e-13
Metal1,85.2050,243.0400,Metal1,85.4350,243.0400,2.227e-13
Metal1,85.4350,23.5200,Metal1,85.4700,23.5200,2.734e-10
Metal1,85.4350,39.2000,Metal1,86.8850,39.2000,8.703e-08
Metal1,85.4350,47.0400,Metal1,86.5150,47.0400,8.983e-09
Metal1,85.4350,70.5600,Metal1,86.8850,70.5600,1.070e-08
Metal1,85.4350,78.4000,Metal1,85.4850,78.4000,1.417e-07
Metal1,85.4350,101.9200,Metal1,86.8850,101.9200,8.900e-08
Metal1,85.4350,117.6000,Metal1,86.8850,117.6000,1.034e-07
Metal1,85.4350,125.4400,Metal1,86.8850,125.4400,8.629e-08
Metal1,85.4350,133.2800,Metal1,87.4450,133.2800,7.083e-08
Metal1,85.4350,156.8000,Metal1,86.8850,156.8000,3.594e-13
Metal1,85.4350,164.6400,Metal1,86.8850,164.6400,3.430e-13
Metal1,85.4350,172.4800,Metal1,86.8850,172.4800,2.450e-13
Metal1,85.4350,180.3200,Metal1,86.8850,180.3200,3.308e-13
Metal1,85.4350,188.1600,Metal1,86.8850,188.1600,3.308e-13
Metal1,85.4350,196.0000,Metal1,86.8850,196.0000,3.430e-13
Metal1,85.4350,203.8400,Metal1,86.8850,203.8400,2.368e-13
Metal1,85.4350,211.6800,Metal1,86.8850,211.6800,3.430e-13
Metal1,85.4350,219.5200,Metal1,86.8850,219.5200,3.553e-13
Metal1,85.4350,227.3600,Metal1,86.8850,227.3600,3.430e-13
Metal1,85.4350,235.2000,Metal1,86.8850,235.2000,2.368e-13
Metal1,85.4350,243.0400,Metal1,86.8850,243.0400,3.430e-13
Metal1,85.4700,23.5200,Metal1,85.8100,23.5200,7.674e-10
Metal1,85.4700,109.7600,Metal1,85.8100,109.7600,1.708e-07
Metal1,85.4850,78.4000,Metal1,85.7150,78.4000,1.025e-05
Metal1,85.7150,78.4000,Metal1,87.4450,78.4000,7.839e-08
Metal1,85.7650,141.1200,Metal1,85.9950,141.1200,3.489e-09
Metal1,85.8100,23.5200,Metal1,87.4450,23.5200,1.352e-10
Metal1,85.8100,109.7600,Metal1,87.4450,109.7600,3.363e-06
Metal1,85.8700,148.9600,Metal1,86.2100,148.9600,3.851e-08
Metal1,85.9950,141.1200,Metal1,88.0050,141.1200,3.489e-09
Metal1,86.2100,148.9600,Metal1,86.8850,148.9600,3.851e-08
Metal1,86.5150,47.0400,Metal1,86.7450,47.0400,1.899e-07
Metal1,86.7450,47.0400,Metal1,87.4450,47.0400,1.899e-07
Metal1,86.8850,15.6800,Metal1,87.1150,15.6800,1.347e-05
Metal1,86.8850,31.3600,Metal1,87.1150,31.3600,7.549e-08
Metal1,86.8850,39.2000,Metal1,87.1150,39.2000,1.807e-08
Metal1,86.8850,62.7200,Metal1,87.1150,62.7200,2.230e-07
Metal1,86.8850,70.5600,Metal1,87.1150,70.5600,2.225e-09
Metal1,86.8850,94.0800,Metal1,87.1150,94.0800,4.826e-08
Metal1,86.8850,101.9200,Metal1,87.1150,101.9200,1.848e-08
Metal1,86.8850,117.6000,Metal1,87.1150,117.6000,2.150e-08
Metal1,86.8850,125.4400,Metal1,87.1150,125.4400,1.792e-08
Metal1,86.8850,148.9600,Metal1,87.1150,148.9600,6.105e-09
Metal1,86.8850,156.8000,Metal1,87.1150,156.8000,2.746e-12
Metal1,86.8850,164.6400,Metal1,87.1150,164.6400,2.746e-12
Metal1,86.8850,172.4800,Metal1,87.1150,172.4800,2.301e-12
Metal1,86.8850,180.3200,Metal1,87.1150,180.3200,2.598e-12
Metal1,86.8850,188.1600,Metal1,87.1150,188.1600,2.672e-12
Metal1,86.8850,196.0000,Metal1,87.1150,196.0000,2.746e-12
Metal1,86.8850,203.8400,Metal1,87.1150,203.8400,2.375e-12
Metal1,86.8850,211.6800,Metal1,87.1150,211.6800,2.672e-12
Metal1,86.8850,219.5200,Metal1,87.1150,219.5200,2.672e-12
Metal1,86.8850,227.3600,Metal1,87.1150,227.3600,2.672e-12
Metal1,86.8850,235.2000,Metal1,87.1150,235.2000,2.301e-12
Metal1,86.8850,243.0400,Metal1,87.1150,243.0400,2.672e-12
Metal1,86.8850,250.8800,Metal1,87.1150,250.8800,2.124e-10
Metal1,87.1150,15.6800,Metal1,88.1650,15.6800,1.347e-05
Metal1,87.1150,31.3600,Metal1,89.1250,31.3600,7.549e-08
Metal1,87.1150,39.2000,Metal1,87.4450,39.2000,1.807e-08
Metal1,87.1150,62.7200,Metal1,88.5700,62.7200,2.230e-07
Metal1,87.1150,70.5600,Metal1,87.4450,70.5600,2.225e-09
Metal1,87.1150,94.0800,Metal1,89.1250,94.0800,4.826e-08
Metal1,87.1150,101.9200,Metal1,87.4450,101.9200,1.848e-08
Metal1,87.1150,117.6000,Metal1,87.4450,117.6000,4.037e-07
Metal1,87.1150,125.4400,Metal1,87.4450,125.4400,1.792e-08
Metal1,87.1150,148.9600,Metal1,87.8650,148.9600,6.105e-09
Metal1,87.1150,156.8000,Metal1,87.4450,156.8000,2.799e-12
Metal1,87.1150,164.6400,Metal1,87.4450,164.6400,2.691e-12
Metal1,87.1150,172.4800,Metal1,87.4450,172.4800,2.351e-12
Metal1,87.1150,180.3200,Metal1,87.4450,180.3200,2.674e-12
Metal1,87.1150,188.1600,Metal1,87.4450,188.1600,2.727e-12
Metal1,87.1150,196.0000,Metal1,87.4450,196.0000,2.709e-12
Metal1,87.1150,203.8400,Metal1,87.4450,203.8400,2.315e-12
Metal1,87.1150,211.6800,Metal1,87.4450,211.6800,2.691e-12
Metal1,87.1150,219.5200,Metal1,87.4450,219.5200,2.691e-12
Metal1,87.1150,227.3600,Metal1,87.4450,227.3600,2.727e-12
Metal1,87.1150,235.2000,Metal1,87.4450,235.2000,2.333e-12
Metal1,87.1150,243.0400,Metal1,87.4450,243.0400,2.674e-12
Metal1,87.1150,250.8800,Metal1,89.1250,250.8800,1.429e-12
Metal1,87.4450,23.5200,Metal1,87.6750,23.5200,1.672e-08
Metal1,87.4450,39.2000,Metal1,87.6750,39.2000,4.515e-09
Metal1,87.4450,47.0400,Metal1,87.6750,47.0400,1.758e-08
Metal1,87.4450,70.5600,Metal1,87.6750,70.5600,5.560e-10
Metal1,87.4450,78.4000,Metal1,87.6750,78.4000,1.025e-05
Metal1,87.4450,101.9200,Metal1,87.6750,101.9200,4.618e-09
Metal1,87.4450,109.7600,Metal1,87.6750,109.7600,1.653e-08
Metal1,87.4450,117.6000,Metal1,87.6750,117.6000,9.096e-08
Metal1,87.4450,125.4400,Metal1,87.6750,125.4400,4.477e-09
Metal1,87.4450,133.2800,Metal1,87.6750,133.2800,3.088e-07
Metal1,87.4450,156.8000,Metal1,87.6750,156.8000,7.423e-13
Metal1,87.4450,164.6400,Metal1,87.6750,164.6400,7.423e-13
Metal1,87.4450,172.4800,Metal1,87.6750,172.4800,6.681e-13
Metal1,87.4450,180.3200,Metal1,87.6750,180.3200,7.423e-13
Metal1,87.4450,188.1600,Metal1,87.6750,188.1600,7.423e-13
Metal1,87.4450,196.0000,Metal1,87.6750,196.0000,7.423e-13
Metal1,87.4450,203.8400,Metal1,87.6750,203.8400,5.938e-13
Metal1,87.4450,211.6800,Metal1,87.6750,211.6800,7.423e-13
Metal1,87.4450,219.5200,Metal1,87.6750,219.5200,7.423e-13
Metal1,87.4450,227.3600,Metal1,87.6750,227.3600,8.165e-13
Metal1,87.4450,235.2000,Metal1,87.6750,235.2000,5.938e-13
Metal1,87.4450,243.0400,Metal1,87.6750,243.0400,7.423e-13
Metal1,87.6750,23.5200,Metal1,89.1300,23.5200,1.672e-08
Metal1,87.6750,39.2000,Metal1,89.1250,39.2000,4.515e-09
Metal1,87.6750,47.0400,Metal1,88.6900,47.0400,1.758e-08
Metal1,87.6750,70.5600,Metal1,89.1250,70.5600,5.560e-10
Metal1,87.6750,78.4000,Metal1,89.1250,78.4000,1.025e-05
Metal1,87.6750,101.9200,Metal1,89.1250,101.9200,4.618e-09
Metal1,87.6750,109.7600,Metal1,89.6850,109.7600,1.653e-08
Metal1,87.6750,117.6000,Metal1,89.1250,117.6000,9.096e-08
Metal1,87.6750,125.4400,Metal1,89.1250,125.4400,4.477e-09
Metal1,87.6750,133.2800,Metal1,88.0850,133.2800,3.088e-07
Metal1,87.6750,156.8000,Metal1,89.1250,156.8000,7.595e-13
Metal1,87.6750,164.6400,Metal1,89.1250,164.6400,7.350e-13
Metal1,87.6750,172.4800,Metal1,89.1250,172.4800,6.330e-13
Metal1,87.6750,180.3200,Metal1,89.1250,180.3200,7.228e-13
Metal1,87.6750,188.1600,Metal1,89.1250,188.1600,7.350e-13
Metal1,87.6750,196.0000,Metal1,89.1250,196.0000,7.391e-13
Metal1,87.6750,203.8400,Metal1,89.1250,203.8400,6.330e-13
Metal1,87.6750,211.6800,Metal1,89.1250,211.6800,7.269e-13
Metal1,87.6750,219.5200,Metal1,89.1250,219.5200,7.310e-13
Metal1,87.6750,227.3600,Metal1,89.1250,227.3600,7.350e-13
Metal1,87.6750,235.2000,Metal1,89.1250,235.2000,6.330e-13
Metal1,87.6750,243.0400,Metal1,89.1250,243.0400,7.269e-13
Metal1,87.8650,148.9600,Metal1,88.0950,148.9600,4.147e-09
Metal1,88.0050,86.2400,Metal1,88.2350,86.2400,9.929e-07
Metal1,88.0050,141.1200,Metal1,88.2350,141.1200,1.091e-06
Metal1,88.0850,133.2800,Metal1,88.3150,133.2800,1.049e-07
Metal1,88.0950,148.9600,Metal1,89.1250,148.9600,4.147e-09
Metal1,88.1650,15.6800,Metal1,88.3950,15.6800,3.688e-07
Metal1,88.2350,86.2400,Metal1,88.5650,86.2400,9.929e-07
Metal1,88.2350,141.1200,Metal1,89.6850,141.1200,1.091e-06
Metal1,88.3150,133.2800,Metal1,89.6850,133.2800,1.049e-07
Metal1,88.3950,15.6800,Metal1,89.1250,15.6800,6.616e-09
Metal1,88.5650,86.2400,Metal1,88.7950,86.2400,7.904e-08
Metal1,88.5700,62.7200,Metal1,88.9100,62.7200,1.834e-08
Metal1,88.6900,47.0400,Metal1,88.9200,47.0400,1.198e-08
Metal1,88.7950,86.2400,Metal1,90.2450,86.2400,1.109e-07
Metal1,88.9100,62.7200,Metal1,89.1250,62.7200,1.834e-08
Metal1,88.9200,47.0400,Metal1,89.6850,47.0400,1.198e-08
Metal1,89.1250,15.6800,Metal1,89.3550,15.6800,3.688e-07
Metal1,89.1250,31.3600,Metal1,89.3550,31.3600,9.181e-08
Metal1,89.1250,39.2000,Metal1,89.3550,39.2000,1.160e-09
Metal1,89.1250,62.7200,Metal1,89.3550,62.7200,3.741e-08
Metal1,89.1250,70.5600,Metal1,89.3550,70.5600,1.427e-10
Metal1,89.1250,78.4000,Metal1,89.3550,78.4000,8.298e-07
Metal1,89.1250,94.0800,Metal1,89.3550,94.0800,3.506e-07
Metal1,89.1250,101.9200,Metal1,89.3550,101.9200,1.186e-09
Metal1,89.1250,117.6000,Metal1,89.3550,117.6000,5.981e-07
Metal1,89.1250,125.4400,Metal1,89.3550,125.4400,1.150e-09
Metal1,89.1250,148.9600,Metal1,89.3550,148.9600,2.954e-10
Metal1,89.1250,156.8000,Metal1,89.3550,156.8000,1.485e-13
Metal1,89.1250,164.6400,Metal1,89.3550,164.6400,2.227e-13
Metal1,89.1250,172.4800,Metal1,89.3550,172.4800,1.485e-13
Metal1,89.1250,180.3200,Metal1,89.3550,180.3200,2.227e-13
Metal1,89.1250,188.1600,Metal1,89.3550,188.1600,1.485e-13
Metal1,89.1250,196.0000,Metal1,89.3550,196.0000,2.227e-13
Metal1,89.1250,203.8400,Metal1,89.3550,203.8400,1.485e-13
Metal1,89.1250,211.6800,Metal1,89.3550,211.6800,7.423e-14
Metal1,89.1250,219.5200,Metal1,89.3550,219.5200,2.227e-13
Metal1,89.1250,227.3600,Metal1,89.3550,227.3600,2.227e-13
Metal1,89.1250,235.2000,Metal1,89.3550,235.2000,7.423e-14
Metal1,89.1250,243.0400,Metal1,89.3550,243.0400,2.227e-13
Metal1,89.1250,250.8800,Metal1,89.3550,250.8800,2.221e-10
Metal1,89.1300,23.5200,Metal1,89.4700,23.5200,1.988e-08
Metal1,89.3450,54.8800,Metal1,89.5750,54.8800,3.213e-07
Metal1,89.3550,15.6800,Metal1,90.5250,15.6800,7.839e-08
Metal1,89.3550,31.3600,Metal1,91.3650,31.3600,4.075e-09
Metal1,89.3550,39.2000,Metal1,89.6850,39.2000,2.071e-08
Metal1,89.3550,62.7200,Metal1,91.1050,62.7200,1.095e-09
Metal1,89.3550,70.5600,Metal1,89.6850,70.5600,2.550e-09
Metal1,89.3550,78.4000,Metal1,90.9100,78.4000,1.339e-06
Metal1,89.3550,94.0800,Metal1,89.6850,94.0800,4.848e-06
Metal1,89.3550,101.9200,Metal1,89.6850,101.9200,2.118e-08
Metal1,89.3550,117.6000,Metal1,89.6850,117.6000,5.981e-07
Metal1,89.3550,125.4400,Metal1,89.6850,125.4400,2.054e-08
Metal1,89.3550,148.9600,Metal1,91.3650,148.9600,2.258e-11
Metal1,89.3550,156.8000,Metal1,89.6850,156.8000,3.481e-12
Metal1,89.3550,164.6400,Metal1,89.6850,164.6400,3.337e-12
Metal1,89.3550,172.4800,Metal1,89.6850,172.4800,2.871e-12
Metal1,89.3550,180.3200,Metal1,89.6850,180.3200,3.319e-12
Metal1,89.3550,188.1600,Metal1,89.6850,188.1600,3.337e-12
Metal1,89.3550,196.0000,Metal1,89.6850,196.0000,3.355e-12
Metal1,89.3550,203.8400,Metal1,89.6850,203.8400,2.871e-12
Metal1,89.3550,211.6800,Metal1,89.6850,211.6800,3.355e-12
Metal1,89.3550,219.5200,Metal1,89.6850,219.5200,3.355e-12
Metal1,89.3550,227.3600,Metal1,89.6850,227.3600,3.355e-12
Metal1,89.3550,235.2000,Metal1,89.6850,235.2000,2.907e-12
Metal1,89.3550,243.0400,Metal1,89.6850,243.0400,3.337e-12
Metal1,89.3550,250.8800,Metal1,91.1100,250.8800,2.322e-10
Metal1,89.4700,23.5200,Metal1,90.4650,23.5200,1.988e-08
Metal1,89.5750,54.8800,Metal1,90.0700,54.8800,3.213e-07
Metal1,89.6850,39.2000,Metal1,89.9150,39.2000,1.142e-09
Metal1,89.6850,47.0400,Metal1,89.9150,47.0400,1.165e-07
Metal1,89.6850,70.5600,Metal1,89.9150,70.5600,1.404e-10
Metal1,89.6850,94.0800,Metal1,89.9150,94.0800,1.044e-06
Metal1,89.6850,101.9200,Metal1,89.9150,101.9200,1.167e-09
Metal1,89.6850,109.7600,Metal1,89.9150,109.7600,8.579e-06
Metal1,89.6850,117.6000,Metal1,89.8450,117.0350,5.873e-05
Metal1,89.6850,125.4400,Metal1,89.9150,125.4400,1.132e-09
Metal1,89.6850,133.2800,Metal1,89.9150,133.2800,7.514e-09
Metal1,89.6850,141.1200,Metal1,89.9150,141.1200,4.009e-06
Metal1,89.6850,156.8000,Metal1,89.9150,156.8000,1.485e-13
Metal1,89.6850,164.6400,Metal1,89.9150,164.6400,2.969e-13
Metal1,89.6850,172.4800,Metal1,89.9150,172.4800,3.711e-13
Metal1,89.6850,180.3200,Metal1,89.9150,180.3200,2.227e-13
Metal1,89.6850,188.1600,Metal1,89.9150,188.1600,2.969e-13
Metal1,89.6850,196.0000,Metal1,89.9150,196.0000,1.485e-13
Metal1,89.6850,203.8400,Metal1,89.9150,203.8400,2.969e-13
Metal1,89.6850,211.6800,Metal1,89.9150,211.6800,2.227e-13
Metal1,89.6850,219.5200,Metal1,89.9150,219.5200,7.423e-14
Metal1,89.6850,227.3600,Metal1,89.9150,227.3600,2.227e-13
Metal1,89.6850,235.2000,Metal1,89.9150,235.2000,1.485e-13
Metal1,89.6850,243.0400,Metal1,89.9150,243.0400,1.485e-13
Metal1,89.8450,117.0350,Metal1,89.9150,118.1450,5.873e-05
Metal1,89.9150,39.2000,Metal1,91.3650,39.2000,4.768e-09
Metal1,89.9150,47.0400,Metal1,91.9250,47.0400,3.845e-10
Metal1,89.9150,70.5600,Metal1,91.3650,70.5600,5.871e-10
Metal1,89.9150,94.0800,Metal1,91.3650,94.0800,1.044e-06
Metal1,89.9150,101.9200,Metal1,91.3650,101.9200,4.876e-09
Metal1,89.9150,109.7600,Metal1,90.4650,109.7600,8.579e-06
Metal1,89.9150,118.1450,Metal1,90.0750,117.6000,2.596e-06
Metal1,89.9150,125.4400,Metal1,91.3650,125.4400,4.727e-09
Metal1,89.9150,133.2800,Metal1,90.8050,133.2800,6.392e-11
Metal1,89.9150,141.1200,Metal1,90.2450,141.1200,4.009e-06
Metal1,89.9150,156.8000,Metal1,91.3650,156.8000,8.004e-13
Metal1,89.9150,164.6400,Metal1,91.3650,164.6400,7.718e-13
Metal1,89.9150,172.4800,Metal1,91.3650,172.4800,6.656e-13
Metal1,89.9150,180.3200,Metal1,91.3650,180.3200,7.677e-13
Metal1,89.9150,188.1600,Metal1,91.3650,188.1600,7.759e-13
Metal1,89.9150,196.0000,Metal1,91.3650,196.0000,7.677e-13
Metal1,89.9150,203.8400,Metal1,91.3650,203.8400,6.697e-13
Metal1,89.9150,211.6800,Metal1,91.3650,211.6800,7.677e-13
Metal1,89.9150,219.5200,Metal1,91.3650,219.5200,7.636e-13
Metal1,89.9150,227.3600,Metal1,91.3650,227.3600,7.718e-13
Metal1,89.9150,235.2000,Metal1,91.3650,235.2000,6.615e-13
Metal1,89.9150,243.0400,Metal1,91.3650,243.0400,7.636e-13
Metal1,90.0700,54.8800,Metal1,90.4100,54.8800,2.636e-08
Metal1,90.0750,117.6000,Metal1,91.4700,117.6000,2.596e-06
Metal1,90.2450,86.2400,Metal1,90.4750,86.2400,2.528e-08
Metal1,90.2450,141.1200,Metal1,90.4750,141.1200,1.074e-06
Metal1,90.4100,54.8800,Metal1,91.0850,54.8800,9.380e-07
Metal1,90.4650,23.5200,Metal1,90.6950,23.5200,2.603e-07
Metal1,90.4650,109.7600,Metal1,90.6950,109.7600,3.931e-06
Metal1,90.4750,86.2400,Metal1,90.8050,86.2400,4.639e-07
Metal1,90.4750,141.1200,Metal1,91.9250,141.1200,1.074e-06
Metal1,90.5250,15.6800,Metal1,90.7550,15.6800,1.355e-05
Metal1,90.6950,23.5200,Metal1,91.6650,23.5200,4.816e-09
Metal1,90.6950,109.7600,Metal1,91.9250,109.7600,3.931e-06
Metal1,90.7550,15.6800,Metal1,91.1100,15.6800,1.355e-05
Metal1,90.8050,86.2400,Metal1,91.0350,86.2400,4.182e-07
Metal1,90.8050,133.2800,Metal1,91.0350,133.2800,4.008e-12
Metal1,90.9100,78.4000,Metal1,91.2500,78.4000,7.418e-06
Metal1,91.0350,86.2400,Metal1,92.4850,86.2400,8.290e-08
Metal1,91.0350,133.2800,Metal1,91.9250,133.2800,8.350e-12
Metal1,91.0850,54.8800,Metal1,91.3150,54.8800,6.810e-05
Metal1,91.1050,62.7200,Metal1,91.3350,62.7200,2.510e-07
Metal1,91.1100,15.6800,Metal1,91.4500,15.6800,1.355e-05
Metal1,91.1100,250.8800,Metal1,91.4500,250.8800,2.424e-10
Metal1,91.2500,78.4000,Metal1,91.3650,78.4000,7.418e-06
Metal1,91.3150,54.8800,Metal1,94.4700,54.8800,6.810e-05
Metal1,91.3350,62.7200,Metal1,91.3650,62.7200,2.510e-07
Metal1,91.3650,31.3600,Metal1,91.5950,31.3600,3.308e-08
Metal1,91.3650,39.2000,Metal1,91.5950,39.2000,1.663e-08
Metal1,91.3650,62.7200,Metal1,91.5950,62.7200,3.665e-06
Metal1,91.3650,70.5600,Metal1,91.5950,70.5600,2.047e-09
Metal1,91.3650,78.4000,Metal1,91.5950,78.4000,1.493e-06
Metal1,91.3650,94.0800,Metal1,91.5950,94.0800,3.932e-06
Metal1,91.3650,101.9200,Metal1,91.5950,101.9200,1.700e-08
Metal1,91.3650,125.4400,Metal1,91.5950,125.4400,1.648e-08
Metal1,91.3650,148.9600,Metal1,91.5950,148.9600,7.149e-09
Metal1,91.3650,156.8000,Metal1,91.5950,156.8000,2.746e-12
Metal1,91.3650,164.6400,Metal1,91.5950,164.6400,2.672e-12
Metal1,91.3650,172.4800,Metal1,91.5950,172.4800,2.227e-12
Metal1,91.3650,180.3200,Metal1,91.5950,180.3200,2.672e-12
Metal1,91.3650,188.1600,Metal1,91.5950,188.1600,2.672e-12
Metal1,91.3650,196.0000,Metal1,91.5950,196.0000,2.672e-12
Metal1,91.3650,203.8400,Metal1,91.5950,203.8400,2.375e-12
Metal1,91.3650,211.6800,Metal1,91.5950,211.6800,2.672e-12
Metal1,91.3650,219.5200,Metal1,91.5950,219.5200,2.672e-12
Metal1,91.3650,227.3600,Metal1,91.5950,227.3600,2.672e-12
Metal1,91.3650,235.2000,Metal1,91.5950,235.2000,2.301e-12
Metal1,91.3650,243.0400,Metal1,91.5950,243.0400,2.672e-12
Metal1,91.4500,15.6800,Metal1,93.6050,15.6800,1.355e-05
Metal1,91.4500,250.8800,Metal1,93.6050,250.8800,2.424e-10
Metal1,91.4700,117.6000,Metal1,91.8100,117.6000,5.194e-05
Metal1,91.5950,31.3600,Metal1,92.0050,31.3600,3.308e-08
Metal1,91.5950,39.2000,Metal1,91.9250,39.2000,1.663e-08
Metal1,91.5950,62.7200,Metal1,93.3050,62.7200,3.665e-06
Metal1,91.5950,70.5600,Metal1,91.9250,70.5600,2.047e-09
Metal1,91.5950,78.4000,Metal1,92.9050,78.4000,1.493e-06
Metal1,91.5950,94.0800,Metal1,91.9250,94.0800,3.932e-06
Metal1,91.5950,101.9200,Metal1,91.9250,101.9200,1.700e-08
Metal1,91.5950,125.4400,Metal1,91.9250,125.4400,1.648e-08
Metal1,91.5950,148.9600,Metal1,92.1900,148.9600,7.149e-09
Metal1,91.5950,156.8000,Metal1,91.9250,156.8000,2.853e-12
Metal1,91.5950,164.6400,Metal1,91.9250,164.6400,2.709e-12
Metal1,91.5950,172.4800,Metal1,91.9250,172.4800,2.333e-12
Metal1,91.5950,180.3200,Metal1,91.9250,180.3200,2.691e-12
Metal1,91.5950,188.1600,Metal1,91.9250,188.1600,2.727e-12
Metal1,91.5950,196.0000,Metal1,91.9250,196.0000,2.727e-12
Metal1,91.5950,203.8400,Metal1,91.9250,203.8400,2.333e-12
Metal1,91.5950,211.6800,Metal1,91.9250,211.6800,2.709e-12
Metal1,91.5950,219.5200,Metal1,91.9250,219.5200,2.674e-12
Metal1,91.5950,227.3600,Metal1,91.9250,227.3600,2.709e-12
Metal1,91.5950,235.2000,Metal1,91.9250,235.2000,2.315e-12
Metal1,91.5950,243.0400,Metal1,91.9250,243.0400,2.691e-12
Metal1,91.6650,23.5200,Metal1,91.8950,23.5200,4.501e-07
Metal1,91.8100,117.6000,Metal1,92.0850,117.6000,1.039e-06
Metal1,91.8950,23.5200,Metal1,92.2050,23.5200,4.501e-07
Metal1,91.9250,39.2000,Metal1,92.1550,39.2000,4.449e-09
Metal1,91.9250,47.0400,Metal1,92.1550,47.0400,2.330e-10
Metal1,91.9250,70.5600,Metal1,92.1550,70.5600,5.478e-10
Metal1,91.9250,94.0800,Metal1,92.1550,94.0800,2.012e-07
Metal1,91.9250,101.9200,Metal1,92.1550,101.9200,4.550e-09
Metal1,91.9250,109.7600,Metal1,92.1550,109.7600,3.842e-05
Metal1,91.9250,125.4400,Metal1,92.1550,125.4400,4.411e-09
Metal1,91.9250,133.2800,Metal1,92.1550,133.2800,8.314e-12
Metal1,91.9250,141.1200,Metal1,92.1550,141.1200,4.009e-06
Metal1,91.9250,156.8000,Metal1,92.1550,156.8000,8.165e-13
Metal1,91.9250,164.6400,Metal1,92.1550,164.6400,7.423e-13
Metal1,91.9250,172.4800,Metal1,92.1550,172.4800,6.681e-13
Metal1,91.9250,180.3200,Metal1,92.1550,180.3200,7.423e-13
Metal1,91.9250,188.1600,Metal1,92.1550,188.1600,7.423e-13
Metal1,91.9250,196.0000,Metal1,92.1550,196.0000,7.423e-13
Metal1,91.9250,203.8400,Metal1,92.1550,203.8400,6.681e-13
Metal1,91.9250,211.6800,Metal1,92.1550,211.6800,6.681e-13
Metal1,91.9250,219.5200,Metal1,92.1550,219.5200,7.423e-13
Metal1,91.9250,227.3600,Metal1,92.1550,227.3600,7.423e-13
Metal1,91.9250,235.2000,Metal1,92.1550,235.2000,5.938e-13
Metal1,91.9250,243.0400,Metal1,92.1550,243.0400,7.423e-13
Metal1,92.0050,31.3600,Metal1,92.2350,31.3600,1.268e-07
Metal1,92.0850,117.6000,Metal1,92.3150,117.6000,6.988e-06
Metal1,92.1550,39.2000,Metal1,93.6050,39.2000,4.449e-09
Metal1,92.1550,47.0400,Metal1,94.1650,47.0400,2.541e-10
Metal1,92.1550,70.5600,Metal1,93.6050,70.5600,5.478e-10
Metal1,92.1550,94.0800,Metal1,93.6050,94.0800,1.122e-06
Metal1,92.1550,101.9200,Metal1,93.6050,101.9200,4.550e-09
Metal1,92.1550,109.7600,Metal1,92.2050,109.7600,3.842e-05
Metal1,92.1550,125.4400,Metal1,93.6050,125.4400,4.411e-09
Metal1,92.1550,133.2800,Metal1,93.0450,133.2800,8.310e-12
Metal1,92.1550,141.1200,Metal1,92.4850,141.1200,4.009e-06
Metal1,92.1550,156.8000,Metal1,93.6050,156.8000,7.555e-13
Metal1,92.1550,164.6400,Metal1,93.6050,164.6400,7.228e-13
Metal1,92.1550,172.4800,Metal1,93.6050,172.4800,6.207e-13
Metal1,92.1550,180.3200,Metal1,93.6050,180.3200,7.228e-13
Metal1,92.1550,188.1600,Metal1,93.6050,188.1600,7.228e-13
Metal1,92.1550,196.0000,Metal1,93.6050,196.0000,7.310e-13
Metal1,92.1550,203.8400,Metal1,93.6050,203.8400,6.289e-13
Metal1,92.1550,211.6800,Metal1,93.6050,211.6800,7.269e-13
Metal1,92.1550,219.5200,Metal1,93.6050,219.5200,7.146e-13
Metal1,92.1550,227.3600,Metal1,93.6050,227.3600,7.269e-13
Metal1,92.1550,235.2000,Metal1,93.6050,235.2000,6.248e-13
Metal1,92.1550,243.0400,Metal1,93.6050,243.0400,7.187e-13
Metal1,92.1900,148.9600,Metal1,92.5300,148.9600,1.235e-10
Metal1,92.2050,23.5200,Metal1,92.4350,23.5200,3.127e-05
Metal1,92.2050,109.7600,Metal1,92.4350,109.7600,2.889e-06
Metal1,92.2350,31.3600,Metal1,93.6050,31.3600,1.268e-07
Metal1,92.3150,117.6000,Metal1,93.4650,117.6000,6.988e-06
Metal1,92.4350,23.5200,Metal1,94.4700,23.5200,3.127e-05
Metal1,92.4350,109.7600,Metal1,94.1650,109.7600,2.889e-06
Metal1,92.4850,86.2400,Metal1,92.7150,86.2400,2.824e-07
Metal1,92.4850,141.1200,Metal1,92.7150,141.1200,1.091e-06
Metal1,92.5300,148.9600,Metal1,93.6050,148.9600,4.416e-09
Metal1,92.7150,86.2400,Metal1,93.0450,86.2400,2.824e-07
Metal1,92.7150,141.1200,Metal1,94.1650,141.1200,1.091e-06
Metal1,92.9050,78.4000,Metal1,93.1350,78.4000,8.213e-10
Metal1,93.0450,86.2400,Metal1,93.2750,86.2400,5.289e-08
Metal1,93.0450,133.2800,Metal1,93.2750,133.2800,9.041e-11
Metal1,93.1350,78.4000,Metal1,93.6050,78.4000,8.214e-10
Metal1,93.2750,86.2400,Metal1,94.4700,86.2400,5.290e-08
Metal1,93.2750,133.2800,Metal1,94.1650,133.2800,1.003e-10
Metal1,93.3050,62.7200,Metal1,93.5350,62.7200,4.121e-05
Metal1,93.4650,117.6000,Metal1,93.6950,117.6000,1.042e-08
Metal1,93.5350,62.7200,Metal1,93.6050,62.7200,4.121e-05
Metal1,93.6050,15.6800,Metal1,93.8350,15.6800,4.945e-08
Metal1,93.6050,31.3600,Metal1,93.8350,31.3600,2.543e-05
Metal1,93.6050,39.2000,Metal1,93.8350,39.2000,1.790e-08
Metal1,93.6050,62.7200,Metal1,93.8350,62.7200,8.531e-06
Metal1,93.6050,70.5600,Metal1,93.8350,70.5600,2.204e-09
Metal1,93.6050,78.4000,Metal1,93.8350,78.4000,3.799e-08
Metal1,93.6050,94.0800,Metal1,93.8350,94.0800,3.929e-06
Metal1,93.6050,101.9200,Metal1,93.8350,101.9200,1.831e-08
Metal1,93.6050,125.4400,Metal1,93.8350,125.4400,1.775e-08
Metal1,93.6050,148.9600,Metal1,93.8350,148.9600,1.671e-08
Metal1,93.6050,156.8000,Metal1,93.8350,156.8000,2.153e-12
Metal1,93.6050,164.6400,Metal1,93.8350,164.6400,2.524e-12
Metal1,93.6050,172.4800,Metal1,93.8350,172.4800,2.153e-12
Metal1,93.6050,180.3200,Metal1,93.8350,180.3200,2.598e-12
Metal1,93.6050,188.1600,Metal1,93.8350,188.1600,2.524e-12
Metal1,93.6050,196.0000,Metal1,93.8350,196.0000,2.598e-12
Metal1,93.6050,203.8400,Metal1,93.8350,203.8400,2.153e-12
Metal1,93.6050,211.6800,Metal1,93.8350,211.6800,2.598e-12
Metal1,93.6050,219.5200,Metal1,93.8350,219.5200,2.524e-12
Metal1,93.6050,227.3600,Metal1,93.8350,227.3600,2.524e-12
Metal1,93.6050,235.2000,Metal1,93.8350,235.2000,2.153e-12
Metal1,93.6050,243.0400,Metal1,93.8350,243.0400,2.524e-12
Metal1,93.6050,250.8800,Metal1,93.8350,250.8800,7.423e-13
Metal1,93.6950,117.6000,Metal1,94.4700,117.6000,1.042e-08
Metal1,93.8350,15.6800,Metal1,94.4700,15.6800,4.945e-08
Metal1,93.8350,31.3600,Metal1,94.4700,31.3600,2.543e-05
Metal1,93.8350,39.2000,Metal1,94.1650,39.2000,1.790e-08
Metal1,93.8350,62.7200,Metal1,94.4700,62.7200,8.531e-06
Metal1,93.8350,70.5600,Metal1,94.1650,70.5600,2.204e-09
Metal1,93.8350,78.4000,Metal1,94.4700,78.4000,3.799e-08
Metal1,93.8350,94.0800,Metal1,94.1650,94.0800,3.929e-06
Metal1,93.8350,101.9200,Metal1,94.1650,101.9200,1.831e-08
Metal1,93.8350,125.4400,Metal1,94.1650,125.4400,1.775e-08
Metal1,93.8350,148.9600,Metal1,94.4700,148.9600,1.671e-08
Metal1,93.8350,156.8000,Metal1,94.1650,156.8000,2.117e-12
Metal1,93.8350,164.6400,Metal1,94.1650,164.6400,2.548e-12
Metal1,93.8350,172.4800,Metal1,94.1650,172.4800,2.207e-12
Metal1,93.8350,180.3200,Metal1,94.1650,180.3200,2.548e-12
Metal1,93.8350,188.1600,Metal1,94.1650,188.1600,2.566e-12
Metal1,93.8350,196.0000,Metal1,94.1650,196.0000,2.584e-12
Metal1,93.8350,203.8400,Metal1,94.1650,203.8400,2.225e-12
Metal1,93.8350,211.6800,Metal1,94.1650,211.6800,2.530e-12
Metal1,93.8350,219.5200,Metal1,94.1650,219.5200,2.530e-12
Metal1,93.8350,227.3600,Metal1,94.1650,227.3600,2.602e-12
Metal1,93.8350,235.2000,Metal1,94.1650,235.2000,2.207e-12
Metal1,93.8350,243.0400,Metal1,94.1650,243.0400,2.548e-12
Metal1,93.8350,250.8800,Metal1,95.8450,250.8800,7.659e-13
Metal1,94.1650,39.2000,Metal1,94.3950,39.2000,7.625e-08
Metal1,94.1650,47.0400,Metal1,94.3950,47.0400,7.950e-08
Metal1,94.1650,70.5600,Metal1,94.3950,70.5600,9.349e-09
Metal1,94.1650,94.0800,Metal1,94.3950,94.0800,6.767e-08
Metal1,94.1650,101.9200,Metal1,94.3950,101.9200,7.794e-08
Metal1,94.1650,109.7600,Metal1,94.3950,109.7600,1.136e-07
Metal1,94.1650,125.4400,Metal1,94.3950,125.4400,7.557e-08
Metal1,94.1650,133.2800,Metal1,94.3950,133.2800,1.580e-08
Metal1,94.1650,141.1200,Metal1,94.3950,141.1200,3.919e-09
Metal1,94.1650,156.8000,Metal1,94.3950,156.8000,4.268e-11
Metal1,94.1650,164.6400,Metal1,94.3950,164.6400,9.650e-12
Metal1,94.1650,172.4800,Metal1,94.3950,172.4800,8.908e-12
Metal1,94.1650,180.3200,Metal1,94.3950,180.3200,8.833e-12
Metal1,94.1650,188.1600,Metal1,94.3950,188.1600,8.833e-12
Metal1,94.1650,196.0000,Metal1,94.3950,196.0000,8.833e-12
Metal1,94.1650,203.8400,Metal1,94.3950,203.8400,8.833e-12
Metal1,94.1650,211.6800,Metal1,94.3950,211.6800,8.833e-12
Metal1,94.1650,219.5200,Metal1,94.3950,219.5200,8.833e-12
Metal1,94.1650,227.3600,Metal1,94.3950,227.3600,8.833e-12
Metal1,94.1650,235.2000,Metal1,94.3950,235.2000,8.833e-12
Metal1,94.1650,243.0400,Metal1,94.3950,243.0400,8.833e-12
Metal1,94.3950,39.2000,Metal1,94.4700,39.2000,7.625e-08
Metal1,94.3950,47.0400,Metal1,94.4700,47.0400,7.950e-08
Metal1,94.3950,70.5600,Metal1,94.4700,70.5600,9.349e-09
Metal1,94.3950,94.0800,Metal1,94.4700,94.0800,6.767e-08
Metal1,94.3950,101.9200,Metal1,94.4700,101.9200,7.794e-08
Metal1,94.3950,109.7600,Metal1,94.4700,109.7600,1.136e-07
Metal1,94.3950,125.4400,Metal1,94.4700,125.4400,7.557e-08
Metal1,94.3950,133.2800,Metal1,94.4700,133.2800,1.580e-08
Metal1,94.3950,141.1200,Metal1,94.4700,141.1200,3.919e-09
Metal1,94.3950,156.8000,Metal1,94.4700,156.8000,4.279e-11
Metal1,94.3950,164.6400,Metal1,94.4700,164.6400,9.711e-12
Metal1,94.3950,172.4800,Metal1,94.4700,172.4800,8.921e-12
Metal1,94.3950,180.3200,Metal1,94.4700,180.3200,8.921e-12
Metal1,94.3950,188.1600,Metal1,94.4700,188.1600,8.921e-12
Metal1,94.3950,196.0000,Metal1,94.4700,196.0000,8.921e-12
Metal1,94.3950,203.8400,Metal1,94.4700,203.8400,8.842e-12
Metal1,94.3950,211.6800,Metal1,94.4700,211.6800,8.842e-12
Metal1,94.3950,219.5200,Metal1,94.4700,219.5200,8.921e-12
Metal1,94.3950,227.3600,Metal1,94.4700,227.3600,8.842e-12
Metal1,94.3950,235.2000,Metal1,94.4700,235.2000,8.921e-12
Metal1,94.3950,243.0400,Metal1,94.4700,243.0400,8.921e-12
Metal1,94.4700,15.6800,Metal1,94.8100,15.6800,4.946e-08
Metal1,94.4700,23.5200,Metal1,94.8100,23.5200,3.127e-05
Metal1,94.4700,31.3600,Metal1,94.7250,32.2050,2.543e-05
Metal1,94.4700,39.2000,Metal1,94.8100,39.2000,7.626e-08
Metal1,94.4700,47.0400,Metal1,94.8100,47.0400,7.951e-08
Metal1,94.4700,54.8800,Metal1,94.8100,54.8800,6.810e-05
Metal1,94.4700,62.7200,Metal1,94.8100,62.7200,8.531e-06
Metal1,94.4700,70.5600,Metal1,94.8100,70.5600,9.359e-09
Metal1,94.4700,78.4000,Metal1,94.8100,78.4000,3.800e-08
Metal1,94.4700,86.2400,Metal1,94.7250,87.0850,5.291e-08
Metal1,94.4700,94.0800,Metal1,94.8100,94.0800,6.768e-08
Metal1,94.4700,101.9200,Metal1,94.8100,101.9200,7.795e-08
Metal1,94.4700,109.7600,Metal1,94.8100,109.7600,2.382e-08
Metal1,94.4700,117.6000,Metal1,94.8100,117.6000,1.043e-08
Metal1,94.4700,125.4400,Metal1,94.8100,125.4400,7.558e-08
Metal1,94.4700,133.2800,Metal1,94.8100,133.2800,1.581e-08
Metal1,94.4700,141.1200,Metal1,94.8100,141.1200,3.929e-09
Metal1,94.4700,148.9600,Metal1,94.8100,148.9600,1.672e-08
Metal1,94.4700,156.8000,Metal1,94.8100,156.8000,3.264e-11
Metal1,94.4700,164.6400,Metal1,94.8100,164.6400,3.988e-13
Metal1,94.4700,172.4800,Metal1,94.8100,172.4800,1.263e-12
Metal1,94.4700,180.3200,Metal1,94.8100,180.3200,1.329e-12
Metal1,94.4700,188.1600,Metal1,94.8100,188.1600,1.263e-12
Metal1,94.4700,196.0000,Metal1,94.8100,196.0000,1.263e-12
Metal1,94.4700,203.8400,Metal1,94.8100,203.8400,1.263e-12
Metal1,94.4700,211.6800,Metal1,94.8100,211.6800,1.263e-12
Metal1,94.4700,219.5200,Metal1,94.8100,219.5200,1.196e-12
Metal1,94.4700,227.3600,Metal1,94.8100,227.3600,1.263e-12
Metal1,94.4700,235.2000,Metal1,94.8100,235.2000,1.263e-12
Metal1,94.4700,243.0400,Metal1,94.8100,243.0400,1.263e-12
Metal1,94.7250,32.2050,Metal1,94.8100,30.7950,2.543e-05
Metal1,94.7250,87.0850,Metal1,94.8100,85.6750,5.291e-08
Metal1,94.8100,15.6800,Metal1,95.8450,15.6800,4.946e-08
Metal1,94.8100,23.5200,Metal1,95.2850,23.5200,3.127e-05
Metal1,94.8100,30.7950,Metal1,94.9550,31.3600,3.225e-08
Metal1,94.8100,39.2000,Metal1,96.4050,39.2000,7.626e-08
Metal1,94.8100,47.0400,Metal1,96.4050,47.0400,7.952e-08
Metal1,94.8100,54.8800,Metal1,95.8450,54.8800,6.810e-05
Metal1,94.8100,62.7200,Metal1,96.9650,62.7200,5.478e-05
Metal1,94.8100,70.5600,Metal1,96.4050,70.5600,9.359e-09
Metal1,94.8100,78.4000,Metal1,96.9650,78.4000,3.800e-08
Metal1,94.8100,85.6750,Metal1,94.9550,86.2400,8.722e-05
Metal1,94.8100,94.0800,Metal1,96.4050,94.0800,6.768e-08
Metal1,94.8100,101.9200,Metal1,96.4050,101.9200,7.795e-08
Metal1,94.8100,109.7600,Metal1,96.4050,109.7600,1.864e-09
Metal1,94.8100,117.6000,Metal1,96.9650,117.6000,6.417e-11
Metal1,94.8100,125.4400,Metal1,96.4050,125.4400,7.558e-08
Metal1,94.8100,133.2800,Metal1,96.4050,133.2800,1.581e-08
Metal1,94.8100,141.1200,Metal1,96.4050,141.1200,3.929e-09
Metal1,94.8100,148.9600,Metal1,97.1850,148.9600,1.673e-08
Metal1,94.8100,156.8000,Metal1,96.4050,156.8000,3.260e-11
Metal1,94.8100,164.6400,Metal1,96.4050,164.6400,4.306e-13
Metal1,94.8100,172.4800,Metal1,96.4050,172.4800,1.273e-12
Metal1,94.8100,180.3200,Metal1,96.4050,180.3200,1.273e-12
Metal1,94.8100,188.1600,Metal1,96.4050,188.1600,1.281e-12
Metal1,94.8100,196.0000,Metal1,96.4050,196.0000,1.273e-12
Metal1,94.8100,203.8400,Metal1,96.4050,203.8400,1.266e-12
Metal1,94.8100,211.6800,Metal1,96.4050,211.6800,1.273e-12
Metal1,94.8100,219.5200,Metal1,96.4050,219.5200,1.258e-12
Metal1,94.8100,227.3600,Metal1,96.4050,227.3600,1.270e-12
Metal1,94.8100,235.2000,Metal1,96.4050,235.2000,1.270e-12
Metal1,94.8100,243.0400,Metal1,96.4050,243.0400,1.277e-12
Metal1,94.9550,31.3600,Metal1,96.9650,31.3600,3.225e-08
Metal1,94.9550,86.2400,Metal1,96.9650,86.2400,5.748e-07
Metal1,95.2850,23.5200,Metal1,95.4450,22.9550,1.487e-08
Metal1,95.4450,22.9550,Metal1,95.5150,24.0900,1.487e-08
Metal1,95.5150,24.0900,Metal1,95.6750,23.5200,7.721e-09
Metal1,95.6750,23.5200,Metal1,97.5250,23.5200,1.295e-07
Metal1,95.8450,15.6800,Metal1,96.0750,15.6800,1.939e-07
Metal1,95.8450,54.8800,Metal1,96.0750,54.8800,4.574e-07
Metal1,95.8450,250.8800,Metal1,96.0750,250.8800,1.485e-13
Metal1,96.0750,15.6800,Metal1,96.9650,15.6800,2.658e-06
Metal1,96.0750,54.8800,Metal1,98.0850,54.8800,2.445e-07
Metal1,96.0750,250.8800,Metal1,98.0850,250.8800,5.892e-15
Metal1,96.4050,39.2000,Metal1,96.6350,39.2000,2.117e-05
Metal1,96.4050,47.0400,Metal1,96.6350,47.0400,2.209e-05
Metal1,96.4050,70.5600,Metal1,96.6350,70.5600,2.598e-06
Metal1,96.4050,94.0800,Metal1,96.6350,94.0800,1.487e-05
Metal1,96.4050,101.9200,Metal1,96.6350,101.9200,2.164e-05
Metal1,96.4050,109.7600,Metal1,96.6350,109.7600,8.090e-09
Metal1,96.4050,125.4400,Metal1,96.6350,125.4400,2.098e-05
Metal1,96.4050,133.2800,Metal1,96.6350,133.2800,4.393e-06
Metal1,96.4050,141.1200,Metal1,96.6350,141.1200,1.355e-10
Metal1,96.4050,156.8000,Metal1,96.6350,156.8000,9.306e-09
Metal1,96.4050,164.6400,Metal1,96.6350,164.6400,1.274e-10
Metal1,96.4050,172.4800,Metal1,96.6350,172.4800,1.053e-10
Metal1,96.4050,180.3200,Metal1,96.6350,180.3200,1.071e-10
Metal1,96.4050,188.1600,Metal1,96.6350,188.1600,1.084e-10
Metal1,96.4050,196.0000,Metal1,96.6350,196.0000,1.070e-10
Metal1,96.4050,203.8400,Metal1,96.6350,203.8400,1.056e-10
Metal1,96.4050,211.6800,Metal1,96.6350,211.6800,1.061e-10
Metal1,96.4050,219.5200,Metal1,96.6350,219.5200,1.015e-10
Metal1,96.4050,227.3600,Metal1,96.6350,227.3600,1.066e-10
Metal1,96.4050,235.2000,Metal1,96.6350,235.2000,1.055e-10
Metal1,96.4050,243.0400,Metal1,96.6350,243.0400,1.067e-10
Metal1,96.6350,39.2000,Metal1,96.9650,39.2000,2.117e-05
Metal1,96.6350,47.0400,Metal1,97.0700,47.0400,2.209e-05
Metal1,96.6350,70.5600,Metal1,96.9650,70.5600,2.598e-06
Metal1,96.6350,94.0800,Metal1,96.9650,94.0800,1.487e-05
Metal1,96.6350,101.9200,Metal1,96.9650,101.9200,2.164e-05
Metal1,96.6350,109.7600,Metal1,96.9650,109.7600,8.089e-09
Metal1,96.6350,125.4400,Metal1,96.9650,125.4400,2.098e-05
Metal1,96.6350,133.2800,Metal1,96.9650,133.2800,4.393e-06
Metal1,96.6350,141.1200,Metal1,96.9650,141.1200,2.039e-09
Metal1,96.6350,156.8000,Metal1,96.9650,156.8000,9.305e-09
Metal1,96.6350,164.6400,Metal1,96.9650,164.6400,1.274e-10
Metal1,96.6350,172.4800,Metal1,96.9650,172.4800,1.053e-10
Metal1,96.6350,180.3200,Metal1,96.9650,180.3200,1.072e-10
Metal1,96.6350,188.1600,Metal1,96.9650,188.1600,1.085e-10
Metal1,96.6350,196.0000,Metal1,96.9650,196.0000,1.070e-10
Metal1,96.6350,203.8400,Metal1,96.9650,203.8400,1.058e-10
Metal1,96.6350,211.6800,Metal1,96.9650,211.6800,1.062e-10
Metal1,96.6350,219.5200,Metal1,96.9650,219.5200,1.015e-10
Metal1,96.6350,227.3600,Metal1,96.9650,227.3600,1.067e-10
Metal1,96.6350,235.2000,Metal1,96.9650,235.2000,1.055e-10
Metal1,96.6350,243.0400,Metal1,96.9650,243.0400,1.067e-10
Metal1,96.9650,15.6800,Metal1,97.1950,15.6800,2.423e-06
Metal1,96.9650,31.3600,Metal1,97.1950,31.3600,5.275e-07
Metal1,96.9650,39.2000,Metal1,97.1950,39.2000,5.645e-06
Metal1,96.9650,62.7200,Metal1,97.1950,62.7200,2.371e-07
Metal1,96.9650,70.5600,Metal1,97.1950,70.5600,6.927e-07
Metal1,96.9650,78.4000,Metal1,97.1950,78.4000,8.520e-07
Metal1,96.9650,86.2400,Metal1,97.1950,86.2400,1.067e-05
Metal1,96.9650,94.0800,Metal1,97.1950,94.0800,1.382e-07
Metal1,96.9650,101.9200,Metal1,97.1950,101.9200,5.770e-06
Metal1,96.9650,109.7600,Metal1,97.1950,109.7600,3.377e-08
Metal1,96.9650,117.6000,Metal1,97.1950,117.6000,1.044e-08
Metal1,96.9650,125.4400,Metal1,97.1950,125.4400,5.595e-06
Metal1,96.9650,133.2800,Metal1,97.1950,133.2800,1.171e-06
Metal1,96.9650,141.1200,Metal1,97.1950,141.1200,1.124e-10
Metal1,96.9650,156.8000,Metal1,97.1950,156.8000,2.575e-09
Metal1,96.9650,164.6400,Metal1,97.1950,164.6400,3.630e-11
Metal1,96.9650,172.4800,Metal1,97.1950,172.4800,2.813e-11
Metal1,96.9650,180.3200,Metal1,97.1950,180.3200,2.858e-11
Metal1,96.9650,188.1600,Metal1,97.1950,188.1600,2.895e-11
Metal1,96.9650,196.0000,Metal1,97.1950,196.0000,2.850e-11
Metal1,96.9650,203.8400,Metal1,97.1950,203.8400,2.821e-11
Metal1,96.9650,211.6800,Metal1,97.1950,211.6800,2.836e-11
Metal1,96.9650,219.5200,Metal1,97.1950,219.5200,2.709e-11
Metal1,96.9650,227.3600,Metal1,97.1950,227.3600,2.850e-11
Metal1,96.9650,235.2000,Metal1,97.1950,235.2000,2.813e-11
Metal1,96.9650,243.0400,Metal1,97.1950,243.0400,2.850e-11
Metal1,97.0700,47.0400,Metal1,97.4100,47.0400,8.032e-06
Metal1,97.1850,148.9600,Metal1,97.4150,148.9600,7.274e-06
Metal1,97.1950,15.6800,Metal1,98.0850,15.6800,2.423e-06
Metal1,97.1950,31.3600,Metal1,99.2050,31.3600,1.431e-08
Metal1,97.1950,39.2000,Metal1,98.6450,39.2000,5.645e-06
Metal1,97.1950,62.7200,Metal1,99.2050,62.7200,2.371e-07
Metal1,97.1950,70.5600,Metal1,98.6450,70.5600,6.927e-07
Metal1,97.1950,78.4000,Metal1,97.2300,78.4000,8.520e-07
Metal1,97.1950,86.2400,Metal1,98.7500,86.2400,1.134e-05
Metal1,97.1950,94.0800,Metal1,98.6450,94.0800,1.382e-07
Metal1,97.1950,101.9200,Metal1,98.6450,101.9200,5.770e-06
Metal1,97.1950,109.7600,Metal1,97.7850,109.7600,3.377e-08
Metal1,97.1950,117.6000,Metal1,97.6850,117.6000,1.044e-08
Metal1,97.1950,125.4400,Metal1,98.6450,125.4400,5.595e-06
Metal1,97.1950,133.2800,Metal1,98.6450,133.2800,1.171e-06
Metal1,97.1950,141.1200,Metal1,98.6450,141.1200,4.701e-10
Metal1,97.1950,156.8000,Metal1,98.6450,156.8000,2.575e-09
Metal1,97.1950,164.6400,Metal1,98.6450,164.6400,3.629e-11
Metal1,97.1950,172.4800,Metal1,98.6450,172.4800,2.807e-11
Metal1,97.1950,180.3200,Metal1,98.6450,180.3200,2.856e-11
Metal1,97.1950,188.1600,Metal1,98.6450,188.1600,2.891e-11
Metal1,97.1950,196.0000,Metal1,98.6450,196.0000,2.854e-11
Metal1,97.1950,203.8400,Metal1,98.6450,203.8400,2.819e-11
Metal1,97.1950,211.6800,Metal1,98.6450,211.6800,2.830e-11
Metal1,97.1950,219.5200,Metal1,98.6450,219.5200,2.706e-11
Metal1,97.1950,227.3600,Metal1,98.6450,227.3600,2.844e-11
Metal1,97.1950,235.2000,Metal1,98.6450,235.2000,2.812e-11
Metal1,97.1950,243.0400,Metal1,98.6450,243.0400,2.845e-11
Metal1,97.2300,78.4000,Metal1,97.5700,78.4000,3.551e-08
Metal1,97.4100,47.0400,Metal1,98.6450,47.0400,8.032e-06
Metal1,97.4150,148.9600,Metal1,97.6300,148.9600,7.274e-06
Metal1,97.5250,23.5200,Metal1,97.7550,23.5200,3.373e-05
Metal1,97.5700,78.4000,Metal1,99.2050,78.4000,6.610e-08
Metal1,97.6300,148.9600,Metal1,97.9700,148.9600,1.981e-06
Metal1,97.6850,117.6000,Metal1,97.7900,118.1450,1.044e-08
Metal1,97.7550,23.5200,Metal1,99.7650,23.5200,8.564e-08
Metal1,97.7850,109.7600,Metal1,98.0150,109.7600,3.359e-08
Metal1,97.7900,118.1450,Metal1,97.9150,117.1400,5.053e-10
Metal1,97.9150,117.1400,Metal1,98.1300,117.6000,5.431e-09
Metal1,97.9700,148.9600,Metal1,98.9250,148.9600,1.981e-06
Metal1,98.0150,109.7600,Metal1,98.6450,109.7600,3.359e-08
Metal1,98.0850,15.6800,Metal1,98.3150,15.6800,2.441e-06
Metal1,98.0850,54.8800,Metal1,98.3150,54.8800,6.652e-08
Metal1,98.0850,250.8800,Metal1,98.3150,250.8800,7.423e-13
Metal1,98.1300,117.6000,Metal1,102.1300,117.6000,1.726e-06
Metal1,98.3150,15.6800,Metal1,99.2050,15.6800,2.441e-06
Metal1,98.3150,54.8800,Metal1,98.7250,54.8800,1.174e-06
Metal1,98.3150,250.8800,Metal1,100.3250,250.8800,7.954e-13
Metal1,98.6450,39.2000,Metal1,98.8750,39.2000,2.122e-05
Metal1,98.6450,47.0400,Metal1,98.8750,47.0400,4.123e-05
Metal1,98.6450,70.5600,Metal1,98.8750,70.5600,2.617e-06
Metal1,98.6450,94.0800,Metal1,98.8750,94.0800,1.384e-08
Metal1,98.6450,101.9200,Metal1,98.8750,101.9200,2.171e-05
Metal1,98.6450,109.7600,Metal1,98.8750,109.7600,2.807e-07
Metal1,98.6450,125.4400,Metal1,98.8750,125.4400,2.105e-05
Metal1,98.6450,133.2800,Metal1,98.8750,133.2800,4.413e-06
Metal1,98.6450,141.1200,Metal1,98.8750,141.1200,1.714e-09
Metal1,98.6450,156.8000,Metal1,98.8750,156.8000,1.212e-08
Metal1,98.6450,164.6400,Metal1,98.8750,164.6400,4.052e-10
Metal1,98.6450,172.4800,Metal1,98.8750,172.4800,1.057e-10
Metal1,98.6450,180.3200,Metal1,98.8750,180.3200,1.076e-10
Metal1,98.6450,188.1600,Metal1,98.8750,188.1600,1.089e-10
Metal1,98.6450,196.0000,Metal1,98.8750,196.0000,1.075e-10
Metal1,98.6450,203.8400,Metal1,98.8750,203.8400,1.061e-10
Metal1,98.6450,211.6800,Metal1,98.8750,211.6800,1.066e-10
Metal1,98.6450,219.5200,Metal1,98.8750,219.5200,1.019e-10
Metal1,98.6450,227.3600,Metal1,98.8750,227.3600,1.071e-10
Metal1,98.6450,235.2000,Metal1,98.8750,235.2000,1.059e-10
Metal1,98.6450,243.0400,Metal1,98.8750,243.0400,1.072e-10
Metal1,98.7250,54.8800,Metal1,98.9550,54.8800,2.796e-07
Metal1,98.7500,86.2400,Metal1,99.0900,86.2400,6.273e-05
Metal1,98.8750,39.2000,Metal1,99.2050,39.2000,2.122e-05
Metal1,98.8750,47.0400,Metal1,99.0650,47.0400,4.123e-05
Metal1,98.8750,70.5600,Metal1,99.2050,70.5600,2.617e-06
Metal1,98.8750,94.0800,Metal1,99.2050,94.0800,3.315e-07
Metal1,98.8750,101.9200,Metal1,99.2050,101.9200,2.171e-05
Metal1,98.8750,109.7600,Metal1,100.8850,109.7600,1.275e-08
Metal1,98.8750,125.4400,Metal1,99.2050,125.4400,2.105e-05
Metal1,98.8750,133.2800,Metal1,99.2050,133.2800,4.413e-06
Metal1,98.8750,141.1200,Metal1,99.2050,141.1200,1.714e-09
Metal1,98.8750,156.8000,Metal1,99.2050,156.8000,1.212e-08
Metal1,98.8750,164.6400,Metal1,99.2050,164.6400,4.052e-10
Metal1,98.8750,172.4800,Metal1,99.2050,172.4800,1.058e-10
Metal1,98.8750,180.3200,Metal1,99.2050,180.3200,1.076e-10
Metal1,98.8750,188.1600,Metal1,99.2050,188.1600,1.089e-10
Metal1,98.8750,196.0000,Metal1,99.2050,196.0000,1.075e-10
Metal1,98.8750,203.8400,Metal1,99.2050,203.8400,1.062e-10
Metal1,98.8750,211.6800,Metal1,99.2050,211.6800,1.066e-10
Metal1,98.8750,219.5200,Metal1,99.2050,219.5200,1.020e-10
Metal1,98.8750,227.3600,Metal1,99.2050,227.3600,1.072e-10
Metal1,98.8750,235.2000,Metal1,99.2050,235.2000,1.059e-10
Metal1,98.8750,243.0400,Metal1,99.2050,243.0400,1.072e-10
Metal1,98.9250,148.9600,Metal1,99.1550,148.9600,4.025e-06
Metal1,98.9550,54.8800,Metal1,100.3250,54.8800,2.796e-07
Metal1,99.0650,47.0400,Metal1,99.2950,47.0400,8.771e-07
Metal1,99.0900,86.2400,Metal1,99.2050,86.2400,6.273e-05
Metal1,99.1550,148.9600,Metal1,99.6250,148.9600,4.025e-06
Metal1,99.2050,15.6800,Metal1,99.4350,15.6800,1.495e-08
Metal1,99.2050,31.3600,Metal1,99.4350,31.3600,5.116e-07
Metal1,99.2050,39.2000,Metal1,99.4350,39.2000,3.315e-06
Metal1,99.2050,62.7200,Metal1,99.4350,62.7200,2.009e-08
Metal1,99.2050,70.5600,Metal1,99.4350,70.5600,1.243e-06
Metal1,99.2050,78.4000,Metal1,99.4350,78.4000,4.779e-09
Metal1,99.2050,86.2400,Metal1,99.4350,86.2400,1.315e-05
Metal1,99.2050,94.0800,Metal1,99.4350,94.0800,7.495e-08
Metal1,99.2050,101.9200,Metal1,99.4350,101.9200,4.830e-06
Metal1,99.2050,125.4400,Metal1,99.4350,125.4400,4.156e-06
Metal1,99.2050,133.2800,Metal1,99.4350,133.2800,1.294e-06
Metal1,99.2050,141.1200,Metal1,99.4350,141.1200,4.212e-09
Metal1,99.2050,156.8000,Metal1,99.4350,156.8000,1.360e-06
Metal1,99.2050,164.6400,Metal1,99.4350,164.6400,3.380e-08
Metal1,99.2050,172.4800,Metal1,99.4350,172.4800,3.229e-11
Metal1,99.2050,180.3200,Metal1,99.4350,180.3200,3.288e-11
Metal1,99.2050,188.1600,Metal1,99.4350,188.1600,3.281e-11
Metal1,99.2050,196.0000,Metal1,99.4350,196.0000,3.296e-11
Metal1,99.2050,203.8400,Metal1,99.4350,203.8400,3.296e-11
Metal1,99.2050,211.6800,Metal1,99.4350,211.6800,3.303e-11
Metal1,99.2050,219.5200,Metal1,99.4350,219.5200,3.244e-11
Metal1,99.2050,227.3600,Metal1,99.4350,227.3600,3.259e-11
Metal1,99.2050,235.2000,Metal1,99.4350,235.2000,3.266e-11
Metal1,99.2050,243.0400,Metal1,99.4350,243.0400,3.318e-11
Metal1,99.2950,47.0400,Metal1,100.8850,47.0400,8.771e-07
Metal1,99.4350,15.6800,Metal1,100.3250,15.6800,2.649e-06
Metal1,99.4350,31.3600,Metal1,101.4450,31.3600,1.450e-07
Metal1,99.4350,39.2000,Metal1,100.8850,39.2000,3.315e-06
Metal1,99.4350,62.7200,Metal1,101.4450,62.7200,2.009e-08
Metal1,99.4350,70.5600,Metal1,100.8850,70.5600,1.243e-06
Metal1,99.4350,78.4000,Metal1,101.4450,78.4000,6.418e-10
Metal1,99.4350,86.2400,Metal1,100.7450,86.2400,1.315e-05
Metal1,99.4350,94.0800,Metal1,100.8850,94.0800,7.495e-08
Metal1,99.4350,101.9200,Metal1,100.8850,101.9200,4.830e-06
Metal1,99.4350,125.4400,Metal1,100.8850,125.4400,4.156e-06
Metal1,99.4350,133.2800,Metal1,100.8850,133.2800,1.294e-06
Metal1,99.4350,141.1200,Metal1,100.8850,141.1200,4.202e-09
Metal1,99.4350,156.8000,Metal1,100.8850,156.8000,1.360e-06
Metal1,99.4350,164.6400,Metal1,100.8850,164.6400,3.380e-08
Metal1,99.4350,172.4800,Metal1,100.8850,172.4800,3.235e-11
Metal1,99.4350,180.3200,Metal1,100.8850,180.3200,3.286e-11
Metal1,99.4350,188.1600,Metal1,100.8850,188.1600,3.288e-11
Metal1,99.4350,196.0000,Metal1,100.8850,196.0000,3.290e-11
Metal1,99.4350,203.8400,Metal1,100.8850,203.8400,3.301e-11
Metal1,99.4350,211.6800,Metal1,100.8850,211.6800,3.290e-11
Metal1,99.4350,219.5200,Metal1,100.8850,219.5200,3.248e-11
Metal1,99.4350,227.3600,Metal1,100.8850,227.3600,3.259e-11
Metal1,99.4350,235.2000,Metal1,100.8850,235.2000,3.263e-11
Metal1,99.4350,243.0400,Metal1,100.8850,243.0400,3.311e-11
Metal1,99.6250,148.9600,Metal1,99.8550,148.9600,2.602e-07
Metal1,99.7650,23.5200,Metal1,99.8700,22.9550,8.564e-08
Metal1,99.8550,148.9600,Metal1,102.2650,148.9600,2.602e-07
Metal1,99.8700,22.9550,Metal1,99.9950,23.8650,3.373e-05
Metal1,99.9950,23.8650,Metal1,100.2100,23.5200,1.423e-05
Metal1,100.2100,23.5200,Metal1,100.4850,23.5200,1.423e-05
Metal1,100.3250,15.6800,Metal1,100.5550,15.6800,3.375e-06
Metal1,100.3250,54.8800,Metal1,100.5550,54.8800,1.177e-05
Metal1,100.3250,250.8800,Metal1,100.5550,250.8800,2.520e-10
Metal1,100.4850,23.5200,Metal1,100.7150,23.5200,1.288e-05
Metal1,100.5550,15.6800,Metal1,101.4450,15.6800,3.375e-06
Metal1,100.5550,54.8800,Metal1,101.4450,54.8800,1.177e-05
Metal1,100.5550,250.8800,Metal1,102.5650,250.8800,1.697e-12
Metal1,100.7150,23.5200,Metal1,101.8650,23.5200,1.288e-05
Metal1,100.7450,86.2400,Metal1,100.9750,86.2400,2.383e-06
Metal1,100.8850,39.2000,Metal1,101.1150,39.2000,1.184e-05
Metal1,100.8850,47.0400,Metal1,101.1150,47.0400,2.956e-07
Metal1,100.8850,70.5600,Metal1,101.1150,70.5600,4.521e-06
Metal1,100.8850,94.0800,Metal1,101.1150,94.0800,5.447e-07
Metal1,100.8850,101.9200,Metal1,101.1150,101.9200,1.739e-05
Metal1,100.8850,109.7600,Metal1,101.1150,109.7600,1.824e-07
Metal1,100.8850,125.4400,Metal1,101.1150,125.4400,1.493e-05
Metal1,100.8850,133.2800,Metal1,101.1150,133.2800,4.683e-06
Metal1,100.8850,141.1200,Metal1,101.1150,141.1200,1.076e-06
Metal1,100.8850,156.8000,Metal1,101.1150,156.8000,4.994e-06
Metal1,100.8850,164.6400,Metal1,101.1150,164.6400,1.241e-07
Metal1,100.8850,172.4800,Metal1,101.1150,172.4800,1.171e-10
Metal1,100.8850,180.3200,Metal1,101.1150,180.3200,1.190e-10
Metal1,100.8850,188.1600,Metal1,101.1150,188.1600,1.190e-10
Metal1,100.8850,196.0000,Metal1,101.1150,196.0000,1.191e-10
Metal1,100.8850,203.8400,Metal1,101.1150,203.8400,1.194e-10
Metal1,100.8850,211.6800,Metal1,101.1150,211.6800,1.191e-10
Metal1,100.8850,219.5200,Metal1,101.1150,219.5200,1.177e-10
Metal1,100.8850,227.3600,Metal1,101.1150,227.3600,1.180e-10
Metal1,100.8850,235.2000,Metal1,101.1150,235.2000,1.182e-10
Metal1,100.8850,243.0400,Metal1,101.1150,243.0400,1.199e-10
Metal1,100.9750,86.2400,Metal1,101.4450,86.2400,2.383e-06
Metal1,101.1150,39.2000,Metal1,101.4450,39.2000,1.184e-05
Metal1,101.1150,47.0400,Metal1,103.1250,47.0400,2.956e-07
Metal1,101.1150,70.5600,Metal1,101.4450,70.5600,4.521e-06
Metal1,101.1150,94.0800,Metal1,101.4450,94.0800,5.447e-07
Metal1,101.1150,101.9200,Metal1,101.4450,101.9200,1.739e-05
Metal1,101.1150,109.7600,Metal1,103.1250,109.7600,1.824e-07
Metal1,101.1150,125.4400,Metal1,101.4450,125.4400,1.493e-05
Metal1,101.1150,133.2800,Metal1,101.4450,133.2800,4.683e-06
Metal1,101.1150,141.1200,Metal1,101.5700,141.1200,1.076e-06
Metal1,101.1150,156.8000,Metal1,101.4450,156.8000,4.994e-06
Metal1,101.1150,164.6400,Metal1,101.4450,164.6400,1.241e-07
Metal1,101.1150,172.4800,Metal1,101.4450,172.4800,1.171e-10
Metal1,101.1150,180.3200,Metal1,101.4450,180.3200,1.189e-10
Metal1,101.1150,188.1600,Metal1,101.4450,188.1600,1.190e-10
Metal1,101.1150,196.0000,Metal1,101.4450,196.0000,1.191e-10
Metal1,101.1150,203.8400,Metal1,101.4450,203.8400,1.195e-10
Metal1,101.1150,211.6800,Metal1,101.4450,211.6800,1.191e-10
Metal1,101.1150,219.5200,Metal1,101.4450,219.5200,1.177e-10
Metal1,101.1150,227.3600,Metal1,101.4450,227.3600,1.179e-10
Metal1,101.1150,235.2000,Metal1,101.4450,235.2000,1.181e-10
Metal1,101.1150,243.0400,Metal1,101.4450,243.0400,1.199e-10
Metal1,101.4450,15.6800,Metal1,101.6750,15.6800,1.380e-04
Metal1,101.4450,31.3600,Metal1,101.6750,31.3600,7.967e-05
Metal1,101.4450,39.2000,Metal1,101.6750,39.2000,3.476e-06
Metal1,101.4450,54.8800,Metal1,101.6750,54.8800,1.241e-05
Metal1,101.4450,62.7200,Metal1,101.6750,62.7200,1.221e-05
Metal1,101.4450,70.5600,Metal1,101.6750,70.5600,1.327e-06
Metal1,101.4450,78.4000,Metal1,101.6750,78.4000,1.900e-07
Metal1,101.4450,86.2400,Metal1,101.6750,86.2400,1.102e-04
Metal1,101.4450,94.0800,Metal1,101.6750,94.0800,5.163e-05
Metal1,101.4450,101.9200,Metal1,101.6750,101.9200,5.107e-06
Metal1,101.4450,125.4400,Metal1,101.6750,125.4400,4.383e-06
Metal1,101.4450,133.2800,Metal1,101.6750,133.2800,1.375e-06
Metal1,101.4450,156.8000,Metal1,101.6750,156.8000,1.466e-06
Metal1,101.4450,164.6400,Metal1,101.6750,164.6400,3.644e-08
Metal1,101.4450,172.4800,Metal1,101.6750,172.4800,3.444e-11
Metal1,101.4450,180.3200,Metal1,101.6750,180.3200,3.489e-11
Metal1,101.4450,188.1600,Metal1,101.6750,188.1600,3.496e-11
Metal1,101.4450,196.0000,Metal1,101.6750,196.0000,3.496e-11
Metal1,101.4450,203.8400,Metal1,101.6750,203.8400,3.511e-11
Metal1,101.4450,211.6800,Metal1,101.6750,211.6800,3.496e-11
Metal1,101.4450,219.5200,Metal1,101.6750,219.5200,3.459e-11
Metal1,101.4450,227.3600,Metal1,101.6750,227.3600,3.459e-11
Metal1,101.4450,235.2000,Metal1,101.6750,235.2000,3.474e-11
Metal1,101.4450,243.0400,Metal1,101.6750,243.0400,3.518e-11
Metal1,101.5700,141.1200,Metal1,101.8000,141.1200,2.595e-08
Metal1,101.6750,15.6800,Metal1,102.5650,15.6800,2.037e-06
Metal1,101.6750,31.3600,Metal1,103.6850,31.3600,2.239e-06
Metal1,101.6750,31.3600,Metal2,103.2000,31.3600,8.190e-05
Metal1,101.6750,39.2000,Metal1,103.1250,39.2000,3.476e-06
Metal1,101.6750,54.8800,Metal1,102.5650,54.8800,1.241e-05
Metal1,101.6750,62.7200,Metal1,103.6850,62.7200,3.166e-07
Metal1,101.6750,62.7200,Metal2,103.2000,62.7200,8.711e-05
Metal1,101.6750,70.5600,Metal1,103.1250,70.5600,1.327e-06
Metal1,101.6750,78.4000,Metal1,102.2250,78.4000,1.900e-07
Metal1,101.6750,86.2400,Metal1,103.9450,86.2400,4.753e-06
Metal1,101.6750,86.2400,Metal2,103.2000,86.2400,1.150e-04
Metal1,101.6750,94.0800,Metal1,103.1250,94.0800,4.705e-07
Metal1,101.6750,101.9200,Metal1,103.1250,101.9200,5.107e-06
Metal1,101.6750,125.4400,Metal1,103.1250,125.4400,4.383e-06
Metal1,101.6750,133.2800,Metal1,103.1250,133.2800,1.375e-06
Metal1,101.6750,156.8000,Metal1,103.1250,156.8000,1.466e-06
Metal1,101.6750,164.6400,Metal1,103.1250,164.6400,3.644e-08
Metal1,101.6750,172.4800,Metal1,103.1250,172.4800,3.441e-11
Metal1,101.6750,180.3200,Metal1,103.1250,180.3200,3.496e-11
Metal1,101.6750,188.1600,Metal1,103.1250,188.1600,3.496e-11
Metal1,101.6750,196.0000,Metal1,103.1250,196.0000,3.500e-11
Metal1,101.6750,203.8400,Metal1,103.1250,203.8400,3.511e-11
Metal1,101.6750,211.6800,Metal1,103.1250,211.6800,3.500e-11
Metal1,101.6750,219.5200,Metal1,103.1250,219.5200,3.458e-11
Metal1,101.6750,227.3600,Metal1,103.1250,227.3600,3.467e-11
Metal1,101.6750,235.2000,Metal1,103.1250,235.2000,3.472e-11
Metal1,101.6750,243.0400,Metal1,103.1250,243.0400,3.524e-11
Metal1,101.8000,141.1200,Metal1,103.1250,141.1200,5.689e-07
Metal1,101.8650,23.5200,Metal1,102.0950,23.5200,1.200e-04
Metal1,102.0950,23.5200,Metal1,102.8450,23.5200,2.365e-06
Metal1,102.1300,117.6000,Metal1,102.3600,117.6000,1.169e-05
Metal1,102.2250,78.4000,Metal1,102.4550,78.4000,3.470e-05
Metal1,102.2650,148.9600,Metal1,102.4950,148.9600,3.215e-05
Metal1,102.3600,117.6000,Metal1,102.7850,117.6000,1.169e-05
Metal1,102.4550,78.4000,Metal1,103.6850,78.4000,2.551e-06
Metal1,102.4550,78.4000,Metal2,103.2000,78.4000,3.725e-05
Metal1,102.4950,148.9600,Metal1,103.9500,148.9600,2.095e-06
Metal1,102.4950,148.9600,Metal2,103.2000,148.9600,3.424e-05
Metal1,102.5650,15.6800,Metal1,102.7950,15.6800,1.380e-04
Metal1,102.5650,54.8800,Metal1,102.7950,54.8800,9.443e-05
Metal1,102.5650,250.8800,Metal1,102.7950,250.8800,2.623e-10
Metal1,102.7850,117.6000,Metal1,103.0150,117.6000,7.494e-05
Metal1,102.7950,15.6800,Metal1,103.6850,15.6800,2.871e-05
Metal1,102.7950,15.6800,Metal2,103.2000,15.6800,1.667e-04
Metal1,102.7950,54.8800,Metal1,103.6850,54.8800,2.201e-05
Metal1,102.7950,54.8800,Metal2,103.2000,54.8800,1.164e-04
Metal1,102.7950,250.8800,Metal1,104.5500,250.8800,4.604e-10
Metal1,102.7950,250.8800,Metal2,103.2000,250.8800,7.339e-10
Metal1,102.8450,23.5200,Metal1,103.0750,23.5200,1.509e-04
Metal1,103.0150,117.6000,Metal1,104.5250,117.6000,4.794e-06
Metal1,103.0150,117.6000,Metal2,103.2000,117.6000,9.479e-05
Metal1,103.0750,23.5200,Metal1,106.1900,23.5200,9.917e-06
Metal1,103.0750,23.5200,Metal2,103.2000,23.5200,1.796e-04
Metal1,103.1250,39.2000,Metal1,103.3550,39.2000,5.381e-06
Metal1,103.1250,39.2000,Metal2,103.2000,39.2000,6.378e-05
Metal1,103.1250,47.0400,Metal1,103.3550,47.0400,1.060e-05
Metal1,103.1250,47.0400,Metal2,103.2000,47.0400,1.030e-04
Metal1,103.1250,70.5600,Metal1,103.3550,70.5600,2.053e-06
Metal1,103.1250,70.5600,Metal2,103.2000,70.5600,2.433e-05
Metal1,103.1250,94.0800,Metal1,103.3550,94.0800,1.236e-05
Metal1,103.1250,94.0800,Metal2,103.2000,94.0800,6.399e-05
Metal1,103.1250,101.9200,Metal1,103.3550,101.9200,7.901e-06
Metal1,103.1250,101.9200,Metal2,103.2000,101.9200,9.365e-05
Metal1,103.1250,109.7600,Metal1,103.3550,109.7600,1.782e-05
Metal1,103.1250,109.7600,Metal2,103.2000,109.7600,7.536e-05
Metal1,103.1250,125.4400,Metal1,103.3550,125.4400,6.782e-06
Metal1,103.1250,125.4400,Metal2,103.2000,125.4400,8.039e-05
Metal1,103.1250,133.2800,Metal1,103.3550,133.2800,2.127e-06
Metal1,103.1250,133.2800,Metal2,103.2000,133.2800,2.521e-05
Metal1,103.1250,141.1200,Metal1,103.3550,141.1200,1.216e-07
Metal1,103.1250,141.1200,Metal2,103.2000,141.1200,2.593e-05
Metal1,103.1250,156.8000,Metal1,103.3550,156.8000,2.267e-06
Metal1,103.1250,156.8000,Metal2,103.2000,156.8000,2.686e-05
Metal1,103.1250,164.6400,Metal1,103.3550,164.6400,5.634e-08
Metal1,103.1250,164.6400,Metal2,103.2000,164.6400,6.677e-07
Metal1,103.1250,172.4800,Metal1,103.3550,172.4800,5.389e-11
Metal1,103.1250,172.4800,Metal2,103.2000,172.4800,6.411e-10
Metal1,103.1250,180.3200,Metal1,103.3550,180.3200,5.448e-11
Metal1,103.1250,180.3200,Metal2,103.2000,180.3200,6.484e-10
Metal1,103.1250,188.1600,Metal1,103.3550,188.1600,5.456e-11
Metal1,103.1250,188.1600,Metal2,103.2000,188.1600,6.483e-10
Metal1,103.1250,196.0000,Metal1,103.3550,196.0000,5.478e-11
Metal1,103.1250,196.0000,Metal2,103.2000,196.0000,6.525e-10
Metal1,103.1250,203.8400,Metal1,103.3550,203.8400,5.486e-11
Metal1,103.1250,203.8400,Metal2,103.2000,203.8400,6.527e-10
Metal1,103.1250,211.6800,Metal1,103.3550,211.6800,5.471e-11
Metal1,103.1250,211.6800,Metal2,103.2000,211.6800,6.525e-10
Metal1,103.1250,219.5200,Metal1,103.3550,219.5200,5.396e-11
Metal1,103.1250,219.5200,Metal2,103.2000,219.5200,6.419e-10
Metal1,103.1250,227.3600,Metal1,103.3550,227.3600,5.434e-11
Metal1,103.1250,227.3600,Metal2,103.2000,227.3600,6.465e-10
Metal1,103.1250,235.2000,Metal1,103.3550,235.2000,5.434e-11
Metal1,103.1250,235.2000,Metal2,103.2000,235.2000,6.470e-10
Metal1,103.1250,243.0400,Metal1,103.3550,243.0400,5.530e-11
Metal1,103.1250,243.0400,Metal2,103.2000,243.0400,6.568e-10
Metal1,103.3550,39.2000,Metal1,103.6850,39.2000,1.484e-05
Metal1,103.3550,47.0400,Metal1,103.3900,47.0400,1.060e-05
Metal1,103.3550,70.5600,Metal1,103.6850,70.5600,5.667e-06
Metal1,103.3550,94.0800,Metal1,103.6850,94.0800,1.236e-05
Metal1,103.3550,101.9200,Metal1,103.6850,101.9200,2.180e-05
Metal1,103.3550,109.7600,Metal1,104.6300,109.7600,1.782e-05
Metal1,103.3550,125.4400,Metal1,103.6850,125.4400,1.871e-05
Metal1,103.3550,133.2800,Metal1,103.6850,133.2800,5.870e-06
Metal1,103.3550,141.1200,Metal1,105.3650,141.1200,1.216e-07
Metal1,103.3550,156.8000,Metal1,103.6850,156.8000,6.260e-06
Metal1,103.3550,164.6400,Metal1,103.6850,164.6400,1.556e-07
Metal1,103.3550,172.4800,Metal1,103.6850,172.4800,1.467e-10
Metal1,103.3550,180.3200,Metal1,103.6850,180.3200,1.492e-10
Metal1,103.3550,188.1600,Metal1,103.6850,188.1600,1.492e-10
Metal1,103.3550,196.0000,Metal1,103.6850,196.0000,1.493e-10
Metal1,103.3550,203.8400,Metal1,103.6850,203.8400,1.498e-10
Metal1,103.3550,211.6800,Metal1,103.6850,211.6800,1.493e-10
Metal1,103.3550,219.5200,Metal1,103.6850,219.5200,1.475e-10
Metal1,103.3550,227.3600,Metal1,103.6850,227.3600,1.479e-10
Metal1,103.3550,235.2000,Metal1,103.6850,235.2000,1.481e-10
Metal1,103.3550,243.0400,Metal1,103.6850,243.0400,1.503e-10
Metal1,103.3900,47.0400,Metal1,103.7300,47.0400,4.532e-06
Metal1,103.6850,15.6800,Metal1,103.9150,15.6800,1.531e-04
Metal1,103.6850,31.3600,Metal1,103.9150,31.3600,6.136e-06
Metal1,103.6850,39.2000,Metal1,103.9150,39.2000,8.194e-07
Metal1,103.6850,54.8800,Metal1,103.9150,54.8800,1.126e-07
Metal1,103.6850,62.7200,Metal1,103.9150,62.7200,2.287e-06
Metal1,103.6850,70.5600,Metal1,103.9150,70.5600,3.130e-07
Metal1,103.6850,78.4000,Metal1,103.9150,78.4000,1.785e-06
Metal1,103.6850,94.0800,Metal1,103.9150,94.0800,8.888e-07
Metal1,103.6850,101.9200,Metal1,103.9150,101.9200,1.204e-06
Metal1,103.6850,125.4400,Metal1,103.9150,125.4400,1.033e-06
Metal1,103.6850,133.2800,Metal1,103.9150,133.2800,3.241e-07
Metal1,103.6850,156.8000,Metal1,103.9150,156.8000,3.457e-07
Metal1,103.6850,164.6400,Metal1,103.9150,164.6400,8.592e-09
Metal1,103.6850,172.4800,Metal1,103.9150,172.4800,8.239e-12
Metal1,103.6850,180.3200,Metal1,103.9150,180.3200,8.165e-12
Metal1,103.6850,188.1600,Metal1,103.9150,188.1600,8.165e-12
Metal1,103.6850,196.0000,Metal1,103.9150,196.0000,8.239e-12
Metal1,103.6850,203.8400,Metal1,103.9150,203.8400,8.165e-12
Metal1,103.6850,211.6800,Metal1,103.9150,211.6800,8.165e-12
Metal1,103.6850,219.5200,Metal1,103.9150,219.5200,8.091e-12
Metal1,103.6850,227.3600,Metal1,103.9150,227.3600,8.091e-12
Metal1,103.6850,235.2000,Metal1,103.9150,235.2000,8.091e-12
Metal1,103.6850,243.0400,Metal1,103.9150,243.0400,8.314e-12
Metal1,103.7300,47.0400,Metal1,105.3650,47.0400,7.378e-07
Metal1,103.9150,15.6800,Metal1,104.5500,15.6800,1.531e-04
Metal1,103.9150,31.3600,Metal1,105.9250,31.3600,2.063e-07
Metal1,103.9150,39.2000,Metal1,105.3650,39.2000,3.395e-06
Metal1,103.9150,54.8800,Metal1,104.8050,54.8800,1.126e-07
Metal1,103.9150,62.7200,Metal1,105.9250,62.7200,5.796e-08
Metal1,103.9150,70.5600,Metal1,105.3650,70.5600,1.297e-06
Metal1,103.9150,78.4000,Metal1,103.9650,78.4000,1.785e-06
Metal1,103.9150,94.0800,Metal1,104.9650,94.0800,5.194e-08
Metal1,103.9150,101.9200,Metal1,105.3650,101.9200,4.989e-06
Metal1,103.9150,125.4400,Metal1,105.3650,125.4400,4.282e-06
Metal1,103.9150,133.2800,Metal1,105.3650,133.2800,1.343e-06
Metal1,103.9150,156.8000,Metal1,105.3650,156.8000,1.432e-06
Metal1,103.9150,164.6400,Metal1,105.3650,164.6400,3.560e-08
Metal1,103.9150,172.4800,Metal1,105.3650,172.4800,3.358e-11
Metal1,103.9150,180.3200,Metal1,105.3650,180.3200,3.413e-11
Metal1,103.9150,188.1600,Metal1,105.3650,188.1600,3.413e-11
Metal1,103.9150,196.0000,Metal1,105.3650,196.0000,3.417e-11
Metal1,103.9150,203.8400,Metal1,105.3650,203.8400,3.427e-11
Metal1,103.9150,211.6800,Metal1,105.3650,211.6800,3.416e-11
Metal1,103.9150,219.5200,Metal1,105.3650,219.5200,3.375e-11
Metal1,103.9150,227.3600,Metal1,105.3650,227.3600,3.384e-11
Metal1,103.9150,235.2000,Metal1,105.3650,235.2000,3.388e-11
Metal1,103.9150,243.0400,Metal1,105.3650,243.0400,3.438e-11
Metal1,103.9450,86.2400,Metal1,104.1750,86.2400,8.738e-08
Metal1,103.9500,148.9600,Metal1,104.2900,148.9600,1.519e-06
Metal1,103.9650,78.4000,Metal1,104.1950,78.4000,1.938e-05
Metal1,104.1750,86.2400,Metal1,105.0700,86.2400,8.738e-08
Metal1,104.1950,78.4000,Metal1,105.9250,78.4000,1.938e-05
Metal1,104.2900,148.9600,Metal1,108.4700,148.9600,2.704e-09
Metal1,104.5250,117.6000,Metal1,104.7550,117.6000,2.535e-05
Metal1,104.5500,15.6800,Metal1,104.8900,15.6800,1.531e-04
Metal1,104.5500,250.8800,Metal1,104.8900,250.8800,4.502e-10
Metal1,104.6300,109.7600,Metal1,104.9700,109.7600,1.470e-06
Metal1,104.7550,117.6000,Metal1,107.6050,117.6000,2.535e-05
Metal1,104.8050,54.8800,Metal1,105.0350,54.8800,1.091e-08
Metal1,104.8900,15.6800,Metal1,105.9250,15.6800,1.531e-04
Metal1,104.8900,250.8800,Metal1,107.0450,250.8800,4.502e-10
Metal1,104.9650,94.0800,Metal1,105.1950,94.0800,5.553e-08
Metal1,104.9700,109.7600,Metal1,105.3650,109.7600,1.656e-05
Metal1,105.0350,54.8800,Metal1,105.9250,54.8800,3.980e-08
Metal1,105.0700,86.2400,Metal1,105.4100,86.2400,1.903e-07
Metal1,105.1950,94.0800,Metal1,105.9250,94.0800,5.553e-08
Metal1,105.3650,39.2000,Metal1,105.5950,39.2000,1.184e-05
Metal1,105.3650,47.0400,Metal1,105.5950,47.0400,1.380e-09
Metal1,105.3650,70.5600,Metal1,105.5950,70.5600,4.522e-06
Metal1,105.3650,101.9200,Metal1,105.5950,101.9200,1.740e-05
Metal1,105.3650,109.7600,Metal1,105.5950,109.7600,1.190e-06
Metal1,105.3650,125.4400,Metal1,105.5950,125.4400,1.493e-05
Metal1,105.3650,133.2800,Metal1,105.5950,133.2800,4.684e-06
Metal1,105.3650,141.1200,Metal1,105.5950,141.1200,1.301e-05
Metal1,105.3650,156.8000,Metal1,105.5950,156.8000,4.995e-06
Metal1,105.3650,164.6400,Metal1,105.5950,164.6400,1.241e-07
Metal1,105.3650,172.4800,Metal1,105.5950,172.4800,1.171e-10
Metal1,105.3650,180.3200,Metal1,105.5950,180.3200,1.190e-10
Metal1,105.3650,188.1600,Metal1,105.5950,188.1600,1.190e-10
Metal1,105.3650,196.0000,Metal1,105.5950,196.0000,1.191e-10
Metal1,105.3650,203.8400,Metal1,105.5950,203.8400,1.195e-10
Metal1,105.3650,211.6800,Metal1,105.5950,211.6800,1.192e-10
Metal1,105.3650,219.5200,Metal1,105.5950,219.5200,1.177e-10
Metal1,105.3650,227.3600,Metal1,105.5950,227.3600,1.180e-10
Metal1,105.3650,235.2000,Metal1,105.5950,235.2000,1.182e-10
Metal1,105.3650,243.0400,Metal1,105.5950,243.0400,1.200e-10
Metal1,105.4100,86.2400,Metal1,108.4700,86.2400,6.262e-09
Metal1,105.5950,39.2000,Metal1,105.9250,39.2000,1.184e-05
Metal1,105.5950,47.0400,Metal1,107.6050,47.0400,1.380e-09
Metal1,105.5950,70.5600,Metal1,105.9250,70.5600,4.522e-06
Metal1,105.5950,101.9200,Metal1,105.9250,101.9200,1.740e-05
Metal1,105.5950,109.7600,Metal1,107.6050,109.7600,5.850e-08
Metal1,105.5950,125.4400,Metal1,105.9250,125.4400,1.493e-05
Metal1,105.5950,133.2800,Metal1,105.9250,133.2800,4.684e-06
Metal1,105.5950,141.1200,Metal1,107.6050,141.1200,8.574e-08
Metal1,105.5950,156.8000,Metal1,105.9250,156.8000,4.995e-06
Metal1,105.5950,164.6400,Metal1,105.9250,164.6400,1.241e-07
Metal1,105.5950,172.4800,Metal1,105.9250,172.4800,1.171e-10
Metal1,105.5950,180.3200,Metal1,105.9250,180.3200,1.190e-10
Metal1,105.5950,188.1600,Metal1,105.9250,188.1600,1.190e-10
Metal1,105.5950,196.0000,Metal1,105.9250,196.0000,1.191e-10
Metal1,105.5950,203.8400,Metal1,105.9250,203.8400,1.195e-10
Metal1,105.5950,211.6800,Metal1,105.9250,211.6800,1.191e-10
Metal1,105.5950,219.5200,Metal1,105.9250,219.5200,1.177e-10
Metal1,105.5950,227.3600,Metal1,105.9250,227.3600,1.180e-10
Metal1,105.5950,235.2000,Metal1,105.9250,235.2000,1.182e-10
Metal1,105.5950,243.0400,Metal1,105.9250,243.0400,1.199e-10
Metal1,105.9250,15.6800,Metal1,106.1550,15.6800,1.104e-05
Metal1,105.9250,31.3600,Metal1,106.1550,31.3600,6.136e-06
Metal1,105.9250,39.2000,Metal1,106.1550,39.2000,3.172e-06
Metal1,105.9250,54.8800,Metal1,106.1550,54.8800,3.623e-08
Metal1,105.9250,62.7200,Metal1,106.1550,62.7200,6.417e-08
Metal1,105.9250,70.5600,Metal1,106.1550,70.5600,1.212e-06
Metal1,105.9250,78.4000,Metal1,106.1550,78.4000,1.411e-06
Metal1,105.9250,94.0800,Metal1,106.1550,94.0800,5.280e-07
Metal1,105.9250,101.9200,Metal1,106.1550,101.9200,4.661e-06
Metal1,105.9250,125.4400,Metal1,106.1550,125.4400,4.000e-06
Metal1,105.9250,133.2800,Metal1,106.1550,133.2800,1.255e-06
Metal1,105.9250,156.8000,Metal1,106.1550,156.8000,1.338e-06
Metal1,105.9250,164.6400,Metal1,106.1550,164.6400,3.326e-08
Metal1,105.9250,172.4800,Metal1,106.1550,172.4800,3.132e-11
Metal1,105.9250,180.3200,Metal1,106.1550,180.3200,3.192e-11
Metal1,105.9250,188.1600,Metal1,106.1550,188.1600,3.184e-11
Metal1,105.9250,196.0000,Metal1,106.1550,196.0000,3.184e-11
Metal1,105.9250,203.8400,Metal1,106.1550,203.8400,3.199e-11
Metal1,105.9250,211.6800,Metal1,106.1550,211.6800,3.192e-11
Metal1,105.9250,219.5200,Metal1,106.1550,219.5200,3.147e-11
Metal1,105.9250,227.3600,Metal1,106.1550,227.3600,3.162e-11
Metal1,105.9250,235.2000,Metal1,106.1550,235.2000,3.170e-11
Metal1,105.9250,243.0400,Metal1,106.1550,243.0400,3.214e-11
Metal1,106.1550,15.6800,Metal1,107.0450,15.6800,1.622e-08
Metal1,106.1550,31.3600,Metal1,108.1650,31.3600,2.063e-07
Metal1,106.1550,39.2000,Metal1,107.6050,39.2000,3.172e-06
Metal1,106.1550,54.8800,Metal1,107.0450,54.8800,3.623e-08
Metal1,106.1550,62.7200,Metal1,108.1650,62.7200,6.415e-08
Metal1,106.1550,70.5600,Metal1,107.6050,70.5600,1.212e-06
Metal1,106.1550,78.4000,Metal1,107.6050,78.4000,2.895e-09
Metal1,106.1550,94.0800,Metal1,108.1650,94.0800,2.281e-08
Metal1,106.1550,101.9200,Metal1,107.6050,101.9200,4.661e-06
Metal1,106.1550,125.4400,Metal1,107.6050,125.4400,4.000e-06
Metal1,106.1550,133.2800,Metal1,107.6050,133.2800,1.255e-06
Metal1,106.1550,156.8000,Metal1,107.6050,156.8000,1.338e-06
Metal1,106.1550,164.6400,Metal1,107.6050,164.6400,3.326e-08
Metal1,106.1550,172.4800,Metal1,107.6050,172.4800,3.138e-11
Metal1,106.1550,180.3200,Metal1,107.6050,180.3200,3.188e-11
Metal1,106.1550,188.1600,Metal1,107.6050,188.1600,3.189e-11
Metal1,106.1550,196.0000,Metal1,107.6050,196.0000,3.191e-11
Metal1,106.1550,203.8400,Metal1,107.6050,203.8400,3.202e-11
Metal1,106.1550,211.6800,Metal1,107.6050,211.6800,3.192e-11
Metal1,106.1550,219.5200,Metal1,107.6050,219.5200,3.153e-11
Metal1,106.1550,227.3600,Metal1,107.6050,227.3600,3.162e-11
Metal1,106.1550,235.2000,Metal1,107.6050,235.2000,3.165e-11
Metal1,106.1550,243.0400,Metal1,107.6050,243.0400,3.212e-11
Metal1,106.1900,23.5200,Metal1,106.4850,23.9800,2.098e-06
Metal1,106.4850,23.9800,Metal1,106.5300,22.9550,2.098e-06
Metal1,106.5300,22.9550,Metal1,106.7150,23.5200,1.670e-05
Metal1,106.7150,23.5200,Metal1,108.4700,23.5200,1.685e-09
Metal1,107.0450,15.6800,Metal1,107.2750,15.6800,1.099e-06
Metal1,107.0450,54.8800,Metal1,107.2750,54.8800,3.653e-08
Metal1,107.0450,250.8800,Metal1,107.2750,250.8800,1.336e-12
Metal1,107.2750,15.6800,Metal1,108.1650,15.6800,1.099e-06
Metal1,107.2750,54.8800,Metal1,108.1650,54.8800,3.652e-08
Metal1,107.2750,250.8800,Metal1,109.2850,250.8800,1.426e-12
Metal1,107.6050,39.2000,Metal1,107.8350,39.2000,1.191e-05
Metal1,107.6050,47.0400,Metal1,107.8350,47.0400,3.026e-07
Metal1,107.6050,70.5600,Metal1,107.8350,70.5600,4.543e-06
Metal1,107.6050,78.4000,Metal1,107.8350,78.4000,3.177e-07
Metal1,107.6050,101.9200,Metal1,107.8350,101.9200,1.748e-05
Metal1,107.6050,109.7600,Metal1,107.8350,109.7600,1.656e-05
Metal1,107.6050,117.6000,Metal1,107.8350,117.6000,9.131e-08
Metal1,107.6050,125.4400,Metal1,107.8350,125.4400,1.500e-05
Metal1,107.6050,133.2800,Metal1,107.8350,133.2800,4.706e-06
Metal1,107.6050,141.1200,Metal1,107.8350,141.1200,1.301e-05
Metal1,107.6050,156.8000,Metal1,107.8350,156.8000,5.018e-06
Metal1,107.6050,164.6400,Metal1,107.8350,164.6400,1.247e-07
Metal1,107.6050,172.4800,Metal1,107.8350,172.4800,1.178e-10
Metal1,107.6050,180.3200,Metal1,107.8350,180.3200,1.197e-10
Metal1,107.6050,188.1600,Metal1,107.8350,188.1600,1.197e-10
Metal1,107.6050,196.0000,Metal1,107.8350,196.0000,1.198e-10
Metal1,107.6050,203.8400,Metal1,107.8350,203.8400,1.203e-10
Metal1,107.6050,211.6800,Metal1,107.8350,211.6800,1.199e-10
Metal1,107.6050,219.5200,Metal1,107.8350,219.5200,1.184e-10
Metal1,107.6050,227.3600,Metal1,107.8350,227.3600,1.188e-10
Metal1,107.6050,235.2000,Metal1,107.8350,235.2000,1.188e-10
Metal1,107.6050,243.0400,Metal1,107.8350,243.0400,1.205e-10
Metal1,107.8350,39.2000,Metal1,108.1650,39.2000,1.191e-05
Metal1,107.8350,47.0400,Metal1,108.3850,47.0400,3.026e-07
Metal1,107.8350,70.5600,Metal1,108.1650,70.5600,4.543e-06
Metal1,107.8350,78.4000,Metal1,108.1650,78.4000,3.177e-07
Metal1,107.8350,101.9200,Metal1,108.1650,101.9200,1.748e-05
Metal1,107.8350,109.7600,Metal1,108.4700,109.7600,1.656e-05
Metal1,107.8350,117.6000,Metal1,108.4700,117.6000,9.131e-08
Metal1,107.8350,125.4400,Metal1,108.1650,125.4400,1.500e-05
Metal1,107.8350,133.2800,Metal1,108.1650,133.2800,4.706e-06
Metal1,107.8350,141.1200,Metal1,107.9900,141.1200,1.301e-05
Metal1,107.8350,156.8000,Metal1,108.1650,156.8000,5.018e-06
Metal1,107.8350,164.6400,Metal1,108.1650,164.6400,1.247e-07
Metal1,107.8350,172.4800,Metal1,108.1650,172.4800,1.178e-10
Metal1,107.8350,180.3200,Metal1,108.1650,180.3200,1.197e-10
Metal1,107.8350,188.1600,Metal1,108.1650,188.1600,1.197e-10
Metal1,107.8350,196.0000,Metal1,108.1650,196.0000,1.198e-10
Metal1,107.8350,203.8400,Metal1,108.1650,203.8400,1.202e-10
Metal1,107.8350,211.6800,Metal1,108.1650,211.6800,1.198e-10
Metal1,107.8350,219.5200,Metal1,108.1650,219.5200,1.184e-10
Metal1,107.8350,227.3600,Metal1,108.1650,227.3600,1.187e-10
Metal1,107.8350,235.2000,Metal1,108.1650,235.2000,1.189e-10
Metal1,107.8350,243.0400,Metal1,108.1650,243.0400,1.206e-10
Metal1,107.9900,141.1200,Metal1,108.3300,141.1200,5.573e-07
Metal1,108.1650,15.6800,Metal1,108.3950,15.6800,1.531e-04
Metal1,108.1650,31.3600,Metal1,108.3950,31.3600,5.648e-05
Metal1,108.1650,39.2000,Metal1,108.3950,39.2000,9.151e-07
Metal1,108.1650,54.8800,Metal1,108.3950,54.8800,2.965e-09
Metal1,108.1650,62.7200,Metal1,108.3950,62.7200,5.051e-08
Metal1,108.1650,70.5600,Metal1,108.3950,70.5600,4.562e-08
Metal1,108.1650,78.4000,Metal1,108.3950,78.4000,1.938e-05
Metal1,108.1650,94.0800,Metal1,108.3950,94.0800,1.226e-09
Metal1,108.1650,101.9200,Metal1,108.3950,101.9200,1.336e-07
Metal1,108.1650,125.4400,Metal1,108.3950,125.4400,1.049e-07
Metal1,108.1650,133.2800,Metal1,108.3950,133.2800,4.113e-08
Metal1,108.1650,156.8000,Metal1,108.3950,156.8000,6.070e-08
Metal1,108.1650,164.6400,Metal1,108.3950,164.6400,1.518e-09
Metal1,108.1650,172.4800,Metal1,108.3950,172.4800,1.024e-11
Metal1,108.1650,180.3200,Metal1,108.3950,180.3200,1.024e-11
Metal1,108.1650,188.1600,Metal1,108.3950,188.1600,1.017e-11
Metal1,108.1650,196.0000,Metal1,108.3950,196.0000,1.024e-11
Metal1,108.1650,203.8400,Metal1,108.3950,203.8400,1.024e-11
Metal1,108.1650,211.6800,Metal1,108.3950,211.6800,1.017e-11
Metal1,108.1650,219.5200,Metal1,108.3950,219.5200,1.024e-11
Metal1,108.1650,227.3600,Metal1,108.3950,227.3600,1.024e-11
Metal1,108.1650,235.2000,Metal1,108.3950,235.2000,1.017e-11
Metal1,108.1650,243.0400,Metal1,108.3950,243.0400,1.017e-11
Metal1,108.3300,141.1200,Metal1,108.4700,141.1200,5.573e-07
Metal1,108.3850,47.0400,Metal1,108.4700,47.5325,3.026e-07
Metal1,108.3950,15.6800,Metal1,109.0500,15.6800,1.531e-04
Metal1,108.3950,31.3600,Metal1,108.4700,31.3600,5.648e-05
Metal1,108.3950,39.2000,Metal1,108.4700,39.2000,9.151e-07
Metal1,108.3950,54.8800,Metal1,108.4700,54.8800,2.965e-09
Metal1,108.3950,62.7200,Metal1,108.4700,62.7200,5.051e-08
Metal1,108.3950,70.5600,Metal1,108.4700,70.5600,4.562e-08
Metal1,108.3950,78.4000,Metal1,108.4700,78.4000,1.938e-05
Metal1,108.3950,94.0800,Metal1,108.4700,94.0800,1.226e-09
Metal1,108.3950,101.9200,Metal1,108.4700,101.9200,1.336e-07
Metal1,108.3950,125.4400,Metal1,108.4700,125.4400,1.049e-07
Metal1,108.3950,133.2800,Metal1,108.4700,133.2800,4.113e-08
Metal1,108.3950,156.8000,Metal1,108.4700,156.8000,6.070e-08
Metal1,108.3950,164.6400,Metal1,108.4700,164.6400,1.518e-09
Metal1,108.3950,172.4800,Metal1,108.4700,172.4800,1.026e-11
Metal1,108.3950,180.3200,Metal1,108.4700,180.3200,1.026e-11
Metal1,108.3950,188.1600,Metal1,108.4700,188.1600,1.026e-11
Metal1,108.3950,196.0000,Metal1,108.4700,196.0000,1.034e-11
Metal1,108.3950,203.8400,Metal1,108.4700,203.8400,1.034e-11
Metal1,108.3950,211.6800,Metal1,108.4700,211.6800,1.034e-11
Metal1,108.3950,219.5200,Metal1,108.4700,219.5200,1.034e-11
Metal1,108.3950,227.3600,Metal1,108.4700,227.3600,1.026e-11
Metal1,108.3950,235.2000,Metal1,108.4700,235.2000,1.034e-11
Metal1,108.3950,243.0400,Metal1,108.4700,243.0400,1.034e-11
Metal1,108.4700,23.5200,Metal1,108.8100,23.5200,1.675e-09
Metal1,108.4700,31.3600,Metal1,108.8100,31.3600,5.648e-05
Metal1,108.4700,39.2000,Metal1,108.8100,39.2000,9.151e-07
Metal1,108.4700,47.5325,Metal1,108.6150,46.1950,1.712e-08
Metal1,108.4700,54.8800,Metal1,108.8100,54.8800,3.823e-08
Metal1,108.4700,62.7200,Metal1,108.8100,62.7200,5.050e-08
Metal1,108.4700,70.5600,Metal1,108.8100,70.5600,4.561e-08
Metal1,108.4700,78.4000,Metal1,108.8100,78.4000,1.938e-05
Metal1,108.4700,86.2400,Metal1,108.8100,86.2400,6.253e-09
Metal1,108.4700,94.0800,Metal1,108.8100,94.0800,1.216e-09
Metal1,108.4700,101.9200,Metal1,108.8100,101.9200,1.336e-07
Metal1,108.4700,109.7600,Metal1,108.8100,109.7600,1.656e-05
Metal1,108.4700,117.6000,Metal1,108.8100,117.6000,9.130e-08
Metal1,108.4700,125.4400,Metal1,108.8100,125.4400,1.049e-07
Metal1,108.4700,133.2800,Metal1,108.8100,133.2800,4.112e-08
Metal1,108.4700,141.1200,Metal1,108.8100,141.1200,1.173e-05
Metal1,108.4700,148.9600,Metal1,108.8100,148.9600,2.685e-09
Metal1,108.4700,156.8000,Metal1,108.8100,156.8000,6.069e-08
Metal1,108.4700,164.6400,Metal1,108.8100,164.6400,1.508e-09
Metal1,108.4700,172.4800,Metal1,108.8100,172.4800,1.329e-13
Metal1,108.4700,180.3200,Metal1,108.8100,180.3200,1.994e-13
Metal1,108.4700,188.1600,Metal1,108.8100,188.1600,1.329e-13
Metal1,108.4700,196.0000,Metal1,108.8100,196.0000,1.329e-13
Metal1,108.4700,203.8400,Metal1,108.8100,203.8400,1.329e-13
Metal1,108.4700,211.6800,Metal1,108.8100,211.6800,1.329e-13
Metal1,108.4700,219.5200,Metal1,108.8100,219.5200,1.329e-13
Metal1,108.4700,227.3600,Metal1,108.8100,227.3600,1.329e-13
Metal1,108.4700,235.2000,Metal1,108.8100,235.2000,1.329e-13
Metal1,108.4700,243.0400,Metal1,108.8100,243.0400,1.329e-13
Metal1,108.6150,46.1950,Metal1,108.8100,47.0400,1.711e-08
Metal1,108.8100,23.5200,Metal1,110.9650,23.5200,1.027e-11
Metal1,108.8100,31.3600,Metal1,110.9650,31.3600,5.648e-05
Metal1,108.8100,39.2000,Metal1,110.4050,39.2000,9.194e-08
Metal1,108.8100,47.0400,Metal1,110.1250,47.0400,1.711e-08
Metal1,108.8100,54.8800,Metal1,110.4050,54.8800,2.232e-09
Metal1,108.8100,62.7200,Metal1,110.4050,62.7200,5.050e-08
Metal1,108.8100,70.5600,Metal1,110.4050,70.5600,4.561e-08
Metal1,108.8100,78.4000,Metal1,110.4050,78.4000,1.607e-07
Metal1,108.8100,86.2400,Metal1,110.0650,86.2400,6.253e-09
Metal1,108.8100,94.0800,Metal1,110.4050,94.0800,1.216e-09
Metal1,108.8100,101.9200,Metal1,110.4050,101.9200,1.336e-07
Metal1,108.8100,109.7600,Metal1,110.4050,109.7600,1.373e-07
Metal1,108.8100,117.6000,Metal1,109.8450,117.6000,9.129e-08
Metal1,108.8100,125.4400,Metal1,110.4050,125.4400,1.049e-07
Metal1,108.8100,133.2800,Metal1,110.4050,133.2800,4.112e-08
Metal1,108.8100,141.1200,Metal1,110.9650,141.1200,1.173e-05
Metal1,108.8100,148.9600,Metal1,108.9450,148.9600,2.685e-09
Metal1,108.8100,156.8000,Metal1,110.4050,156.8000,6.069e-08
Metal1,108.8100,164.6400,Metal1,110.4050,164.6400,1.508e-09
Metal1,108.8100,172.4800,Metal1,110.4050,172.4800,1.374e-13
Metal1,108.8100,180.3200,Metal1,110.4050,180.3200,1.448e-13
Metal1,108.8100,188.1600,Metal1,110.4050,188.1600,1.448e-13
Metal1,108.8100,196.0000,Metal1,110.4050,196.0000,1.559e-13
Metal1,108.8100,203.8400,Metal1,110.4050,203.8400,1.559e-13
Metal1,108.8100,211.6800,Metal1,110.4050,211.6800,1.522e-13
Metal1,108.8100,219.5200,Metal1,110.4050,219.5200,1.485e-13
Metal1,108.8100,227.3600,Metal1,110.4050,227.3600,1.336e-13
Metal1,108.8100,235.2000,Metal1,110.4050,235.2000,1.411e-13
Metal1,108.8100,243.0400,Metal1,110.4050,243.0400,1.596e-13
Metal1,108.9450,148.9600,Metal1,109.1750,148.9600,2.717e-07
Metal1,109.0500,15.6800,Metal1,109.3900,15.6800,1.492e-04
Metal1,109.1750,148.9600,Metal1,109.4450,148.9600,2.717e-07
Metal1,109.2850,250.8800,Metal1,109.5150,250.8800,2.227e-13
Metal1,109.3900,15.6800,Metal1,110.1700,15.6800,1.492e-04
Metal1,109.4450,148.9600,Metal1,109.6750,148.9600,7.525e-10
Metal1,109.5150,250.8800,Metal1,111.5250,250.8800,8.838e-15
Metal1,109.6750,148.9600,Metal1,110.6850,148.9600,7.525e-10
Metal1,109.8450,117.6000,Metal1,110.0750,117.6000,1.113e-08
Metal1,110.0650,86.2400,Metal1,110.2950,86.2400,3.283e-08
Metal1,110.0750,117.6000,Metal1,110.9700,117.6000,6.412e-08
Metal1,110.1250,47.0400,Metal1,110.3550,47.0400,2.399e-05
Metal1,110.1700,15.6800,Metal1,110.5100,15.6800,1.457e-04
Metal1,110.2950,86.2400,Metal1,111.8050,86.2400,3.283e-08
Metal1,110.3550,47.0400,Metal1,110.9650,47.0400,2.399e-05
Metal1,110.4050,39.2000,Metal1,110.6350,39.2000,3.906e-07
Metal1,110.4050,54.8800,Metal1,110.6350,54.8800,1.000e-08
Metal1,110.4050,62.7200,Metal1,110.6350,62.7200,1.397e-05
Metal1,110.4050,70.5600,Metal1,110.6350,70.5600,8.129e-06
Metal1,110.4050,78.4000,Metal1,110.6350,78.4000,1.938e-05
Metal1,110.4050,94.0800,Metal1,110.5300,94.6450,3.609e-07
Metal1,110.4050,101.9200,Metal1,110.6350,101.9200,1.964e-05
Metal1,110.4050,109.7600,Metal1,110.6350,109.7600,1.656e-05
Metal1,110.4050,125.4400,Metal1,110.6350,125.4400,1.415e-05
Metal1,110.4050,133.2800,Metal1,110.6350,133.2800,6.720e-06
Metal1,110.4050,156.8000,Metal1,110.6350,156.8000,1.184e-05
Metal1,110.4050,164.6400,Metal1,110.6350,164.6400,2.945e-07
Metal1,110.4050,172.4800,Metal1,110.6350,172.4800,1.652e-10
Metal1,110.4050,180.3200,Metal1,110.6350,180.3200,1.676e-10
Metal1,110.4050,188.1600,Metal1,110.6350,188.1600,1.650e-10
Metal1,110.4050,196.0000,Metal1,110.6350,196.0000,1.684e-10
Metal1,110.4050,203.8400,Metal1,110.6350,203.8400,1.684e-10
Metal1,110.4050,211.6800,Metal1,110.6350,211.6800,1.675e-10
Metal1,110.4050,219.5200,Metal1,110.6350,219.5200,1.686e-10
Metal1,110.4050,227.3600,Metal1,110.6350,227.3600,1.635e-10
Metal1,110.4050,235.2000,Metal1,110.6350,235.2000,1.651e-10
Metal1,110.4050,243.0400,Metal1,110.6350,243.0400,1.681e-10
Metal1,110.5100,15.6800,Metal1,112.4100,15.6800,1.457e-04
Metal1,110.5300,94.6450,Metal1,110.6350,93.7900,3.609e-07
Metal1,110.6350,39.2000,Metal1,110.9650,39.2000,3.906e-07
Metal1,110.6350,54.8800,Metal1,110.9650,54.8800,1.000e-08
Metal1,110.6350,62.7200,Metal1,110.9650,62.7200,1.397e-05
Metal1,110.6350,70.5600,Metal1,110.9650,70.5600,8.129e-06
Metal1,110.6350,78.4000,Metal1,110.9650,78.4000,1.938e-05
Metal1,110.6350,93.7900,Metal1,110.7600,94.0800,4.373e-09
Metal1,110.6350,101.9200,Metal1,110.9650,101.9200,1.964e-05
Metal1,110.6350,109.7600,Metal1,110.9650,109.7600,1.656e-05
Metal1,110.6350,125.4400,Metal1,110.9650,125.4400,1.415e-05
Metal1,110.6350,133.2800,Metal1,110.9650,133.2800,6.720e-06
Metal1,110.6350,156.8000,Metal1,110.9650,156.8000,1.184e-05
Metal1,110.6350,164.6400,Metal1,110.9650,164.6400,2.945e-07
Metal1,110.6350,172.4800,Metal1,110.9650,172.4800,1.651e-10
Metal1,110.6350,180.3200,Metal1,110.9650,180.3200,1.675e-10
Metal1,110.6350,188.1600,Metal1,110.9650,188.1600,1.649e-10
Metal1,110.6350,196.0000,Metal1,110.9650,196.0000,1.683e-10
Metal1,110.6350,203.8400,Metal1,110.9650,203.8400,1.683e-10
Metal1,110.6350,211.6800,Metal1,110.9650,211.6800,1.673e-10
Metal1,110.6350,219.5200,Metal1,110.9650,219.5200,1.686e-10
Metal1,110.6350,227.3600,Metal1,110.9650,227.3600,1.634e-10
Metal1,110.6350,235.2000,Metal1,110.9650,235.2000,1.650e-10
Metal1,110.6350,243.0400,Metal1,110.9650,243.0400,1.681e-10
Metal1,110.6850,148.9600,Metal1,110.9150,148.9600,1.430e-05
Metal1,110.7600,94.0800,Metal1,112.6450,94.0800,1.283e-06
Metal1,110.9150,148.9600,Metal1,114.3250,148.9600,1.430e-05
Metal1,110.9650,23.5200,Metal1,111.1850,22.9550,1.666e-09
Metal1,110.9650,31.3600,Metal1,110.9700,30.7950,5.648e-05
Metal1,110.9650,39.2000,Metal1,111.1950,39.2000,1.398e-06
Metal1,110.9650,47.0400,Metal1,111.1950,47.0400,7.605e-08
Metal1,110.9650,54.8800,Metal1,111.1950,54.8800,5.046e-08
Metal1,110.9650,62.7200,Metal1,111.1950,62.7200,7.161e-07
Metal1,110.9650,70.5600,Metal1,111.1950,70.5600,2.168e-06
Metal1,110.9650,78.4000,Metal1,111.1950,78.4000,1.809e-07
Metal1,110.9650,101.9200,Metal1,111.1950,101.9200,5.239e-06
Metal1,110.9650,109.7600,Metal1,111.1950,109.7600,1.976e-06
Metal1,110.9650,125.4400,Metal1,111.1950,125.4400,7.257e-07
Metal1,110.9650,133.2800,Metal1,111.1950,133.2800,1.792e-06
Metal1,110.9650,141.1200,Metal1,111.1950,141.1200,8.430e-07
Metal1,110.9650,156.8000,Metal1,111.1950,156.8000,3.159e-06
Metal1,110.9650,164.6400,Metal1,111.1950,164.6400,7.853e-08
Metal1,110.9650,172.4800,Metal1,111.1950,172.4800,4.402e-11
Metal1,110.9650,180.3200,Metal1,111.1950,180.3200,4.469e-11
Metal1,110.9650,188.1600,Metal1,111.1950,188.1600,4.402e-11
Metal1,110.9650,196.0000,Metal1,111.1950,196.0000,4.491e-11
Metal1,110.9650,203.8400,Metal1,111.1950,203.8400,4.491e-11
Metal1,110.9650,211.6800,Metal1,111.1950,211.6800,4.461e-11
Metal1,110.9650,219.5200,Metal1,111.1950,219.5200,4.491e-11
Metal1,110.9650,227.3600,Metal1,111.1950,227.3600,4.365e-11
Metal1,110.9650,235.2000,Metal1,111.1950,235.2000,4.402e-11
Metal1,110.9650,243.0400,Metal1,111.1950,243.0400,4.476e-11
Metal1,110.9700,30.7950,Metal1,111.1950,31.5275,6.639e-08
Metal1,110.9700,117.6000,Metal1,111.3100,117.6000,5.358e-08
Metal1,111.1850,22.9550,Metal1,111.1950,24.0125,1.666e-09
Metal1,111.1950,24.0125,Metal1,111.4150,23.5200,7.528e-09
Metal1,111.1950,31.5275,Metal1,111.3100,31.3600,6.639e-08
Metal1,111.1950,39.2000,Metal1,111.7850,39.2000,1.398e-06
Metal1,111.1950,47.0400,Metal1,113.2050,47.0400,7.605e-08
Metal1,111.1950,54.8800,Metal1,112.6450,54.8800,5.045e-08
Metal1,111.1950,62.7200,Metal1,112.6450,62.7200,3.966e-06
Metal1,111.1950,70.5600,Metal1,112.6450,70.5600,2.168e-06
Metal1,111.1950,78.4000,Metal1,112.3450,78.4000,1.809e-07
Metal1,111.1950,101.9200,Metal1,112.6450,101.9200,5.239e-06
Metal1,111.1950,109.7600,Metal1,113.2050,109.7600,2.972e-08
Metal1,111.1950,125.4400,Metal1,112.6450,125.4400,4.019e-06
Metal1,111.1950,133.2800,Metal1,112.6450,133.2800,1.792e-06
Metal1,111.1950,141.1200,Metal1,113.2050,141.1200,4.143e-08
Metal1,111.1950,156.8000,Metal1,112.6450,156.8000,3.159e-06
Metal1,111.1950,164.6400,Metal1,112.6450,164.6400,7.853e-08
Metal1,111.1950,172.4800,Metal1,112.6450,172.4800,4.405e-11
Metal1,111.1950,180.3200,Metal1,112.6450,180.3200,4.467e-11
Metal1,111.1950,188.1600,Metal1,112.6450,188.1600,4.398e-11
Metal1,111.1950,196.0000,Metal1,112.6450,196.0000,4.489e-11
Metal1,111.1950,203.8400,Metal1,112.6450,203.8400,4.489e-11
Metal1,111.1950,211.6800,Metal1,112.6450,211.6800,4.465e-11
Metal1,111.1950,219.5200,Metal1,112.6450,219.5200,4.496e-11
Metal1,111.1950,227.3600,Metal1,112.6450,227.3600,4.359e-11
Metal1,111.1950,235.2000,Metal1,112.6450,235.2000,4.402e-11
Metal1,111.1950,243.0400,Metal1,112.6450,243.0400,4.484e-11
Metal1,111.3100,31.3600,Metal1,113.2050,31.3600,3.194e-08
Metal1,111.3100,117.6000,Metal1,112.0850,117.6000,5.358e-08
Metal1,111.4150,23.5200,Metal1,112.9250,23.5200,7.518e-09
Metal1,111.5250,250.8800,Metal1,111.7550,250.8800,1.410e-12
Metal1,111.7550,250.8800,Metal1,113.7650,250.8800,1.390e-12
Metal1,111.7850,39.2000,Metal1,112.0150,39.2000,1.410e-06
Metal1,111.8050,86.2400,Metal1,111.9100,86.7325,3.283e-08
Metal1,111.9100,86.7325,Metal1,112.0350,85.8250,2.178e-05
Metal1,112.0150,39.2000,Metal1,112.6450,39.2000,1.410e-06
Metal1,112.0350,85.8250,Metal1,112.2500,86.2400,2.408e-07
Metal1,112.0850,117.6000,Metal1,112.3150,117.6000,6.251e-07
Metal1,112.2500,86.2400,Metal1,114.8900,86.2400,2.052e-05
Metal1,112.3150,117.6000,Metal1,113.5050,117.6000,4.325e-09
Metal1,112.3450,78.4000,Metal1,112.5750,78.4000,1.219e-07
Metal1,112.4100,15.6800,Metal1,112.7500,15.6800,1.399e-04
Metal1,112.5750,78.4000,Metal1,113.2050,78.4000,1.219e-07
Metal1,112.6450,39.2000,Metal1,112.8750,39.2000,1.294e-05
Metal1,112.6450,54.8800,Metal1,112.8750,54.8800,1.225e-05
Metal1,112.6450,62.7200,Metal1,112.8750,62.7200,1.440e-05
Metal1,112.6450,70.5600,Metal1,112.8750,70.5600,8.129e-06
Metal1,112.6450,94.0800,Metal1,112.8750,94.0800,4.682e-05
Metal1,112.6450,101.9200,Metal1,112.8750,101.9200,1.964e-05
Metal1,112.6450,125.4400,Metal1,112.8750,125.4400,1.459e-05
Metal1,112.6450,133.2800,Metal1,112.8750,133.2800,6.720e-06
Metal1,112.6450,156.8000,Metal1,112.8750,156.8000,1.186e-05
Metal1,112.6450,164.6400,Metal1,112.8750,164.6400,2.945e-07
Metal1,112.6450,172.4800,Metal1,112.8750,172.4800,1.652e-10
Metal1,112.6450,180.3200,Metal1,112.8750,180.3200,1.675e-10
Metal1,112.6450,188.1600,Metal1,112.8750,188.1600,1.650e-10
Metal1,112.6450,196.0000,Metal1,112.8750,196.0000,1.684e-10
Metal1,112.6450,203.8400,Metal1,112.8750,203.8400,1.684e-10
Metal1,112.6450,211.6800,Metal1,112.8750,211.6800,1.675e-10
Metal1,112.6450,219.5200,Metal1,112.8750,219.5200,1.686e-10
Metal1,112.6450,227.3600,Metal1,112.8750,227.3600,1.635e-10
Metal1,112.6450,235.2000,Metal1,112.8750,235.2000,1.652e-10
Metal1,112.6450,243.0400,Metal1,112.8750,243.0400,1.682e-10
Metal1,112.7500,15.6800,Metal1,113.5300,15.6800,1.399e-04
Metal1,112.8750,39.2000,Metal1,114.4900,39.2000,1.438e-05
Metal1,112.8750,54.8800,Metal1,113.3100,54.8800,1.225e-05
Metal1,112.8750,62.7200,Metal1,113.2050,62.7200,1.440e-05
Metal1,112.8750,70.5600,Metal1,113.2050,70.5600,8.129e-06
Metal1,112.8750,94.0800,Metal1,114.8850,94.0800,3.085e-07
Metal1,112.8750,101.9200,Metal1,113.2050,101.9200,1.964e-05
Metal1,112.8750,125.4400,Metal1,113.2050,125.4400,1.459e-05
Metal1,112.8750,133.2800,Metal1,113.2050,133.2800,6.720e-06
Metal1,112.8750,156.8000,Metal1,113.2050,156.8000,1.186e-05
Metal1,112.8750,164.6400,Metal1,113.2050,164.6400,2.945e-07
Metal1,112.8750,172.4800,Metal1,113.2050,172.4800,1.652e-10
Metal1,112.8750,180.3200,Metal1,113.2050,180.3200,1.675e-10
Metal1,112.8750,188.1600,Metal1,113.2050,188.1600,1.649e-10
Metal1,112.8750,196.0000,Metal1,113.2050,196.0000,1.683e-10
Metal1,112.8750,203.8400,Metal1,113.2050,203.8400,1.683e-10
Metal1,112.8750,211.6800,Metal1,113.2050,211.6800,1.674e-10
Metal1,112.8750,219.5200,Metal1,113.2050,219.5200,1.686e-10
Metal1,112.8750,227.3600,Metal1,113.2050,227.3600,1.635e-10
Metal1,112.8750,235.2000,Metal1,113.2050,235.2000,1.650e-10
Metal1,112.8750,243.0400,Metal1,113.2050,243.0400,1.681e-10
Metal1,112.9250,23.5200,Metal1,113.1550,23.5200,3.233e-06
Metal1,113.1550,23.5200,Metal1,114.0900,23.5200,3.233e-06
Metal1,113.2050,31.3600,Metal1,113.4350,31.3600,3.302e-06
Metal1,113.2050,47.0400,Metal1,113.4350,47.0400,1.008e-09
Metal1,113.2050,62.7200,Metal1,113.4350,62.7200,3.233e-05
Metal1,113.2050,70.5600,Metal1,113.4350,70.5600,3.337e-08
Metal1,113.2050,78.4000,Metal1,113.4350,78.4000,1.024e-06
Metal1,113.2050,101.9200,Metal1,113.4350,101.9200,8.068e-08
Metal1,113.2050,109.7600,Metal1,113.4350,109.7600,6.870e-08
Metal1,113.2050,125.4400,Metal1,113.4350,125.4400,3.277e-05
Metal1,113.2050,133.2800,Metal1,113.4350,133.2800,2.760e-08
Metal1,113.2050,141.1200,Metal1,113.4350,141.1200,1.173e-05
Metal1,113.2050,156.8000,Metal1,113.4350,156.8000,1.029e-06
Metal1,113.2050,164.6400,Metal1,113.4350,164.6400,1.210e-09
Metal1,113.2050,172.4800,Metal1,113.4350,172.4800,1.262e-12
Metal1,113.2050,180.3200,Metal1,113.4350,180.3200,1.262e-12
Metal1,113.2050,188.1600,Metal1,113.4350,188.1600,1.188e-12
Metal1,113.2050,196.0000,Metal1,113.4350,196.0000,1.262e-12
Metal1,113.2050,203.8400,Metal1,113.4350,203.8400,1.262e-12
Metal1,113.2050,211.6800,Metal1,113.4350,211.6800,1.336e-12
Metal1,113.2050,219.5200,Metal1,113.4350,219.5200,1.262e-12
Metal1,113.2050,227.3600,Metal1,113.4350,227.3600,1.262e-12
Metal1,113.2050,235.2000,Metal1,113.4350,235.2000,1.336e-12
Metal1,113.2050,243.0400,Metal1,113.4350,243.0400,1.336e-12
Metal1,113.3100,54.8800,Metal1,113.6500,54.8800,4.456e-06
Metal1,113.4350,31.3600,Metal1,113.5050,31.3600,3.302e-06
Metal1,113.4350,47.0400,Metal1,113.7650,47.0400,1.008e-09
Metal1,113.4350,62.7200,Metal1,114.8850,62.7200,6.074e-06
Metal1,113.4350,70.5600,Metal1,114.8850,70.5600,3.337e-08
Metal1,113.4350,78.4000,Metal1,115.4450,78.4000,4.429e-08
Metal1,113.4350,101.9200,Metal1,114.8850,101.9200,8.068e-08
Metal1,113.4350,109.7600,Metal1,114.4050,109.7600,6.870e-08
Metal1,113.4350,125.4400,Metal1,114.8850,125.4400,3.277e-05
Metal1,113.4350,133.2800,Metal1,114.8850,133.2800,2.760e-08
Metal1,113.4350,141.1200,Metal1,113.7700,141.1200,1.173e-05
Metal1,113.4350,156.8000,Metal1,114.8850,156.8000,2.516e-06
Metal1,113.4350,164.6400,Metal1,114.8850,164.6400,1.210e-09
Metal1,113.4350,172.4800,Metal1,114.8850,172.4800,1.397e-12
Metal1,113.4350,180.3200,Metal1,114.8850,180.3200,1.413e-12
Metal1,113.4350,188.1600,Metal1,114.8850,188.1600,1.290e-12
Metal1,113.4350,196.0000,Metal1,114.8850,196.0000,1.413e-12
Metal1,113.4350,203.8400,Metal1,114.8850,203.8400,1.421e-12
Metal1,113.4350,211.6800,Metal1,114.8850,211.6800,1.409e-12
Metal1,113.4350,219.5200,Metal1,114.8850,219.5200,1.405e-12
Metal1,113.4350,227.3600,Metal1,114.8850,227.3600,1.282e-12
Metal1,113.4350,235.2000,Metal1,114.8850,235.2000,1.397e-12
Metal1,113.4350,243.0400,Metal1,114.8850,243.0400,1.380e-12
Metal1,113.5050,31.3600,Metal1,113.7350,31.3600,5.589e-05
Metal1,113.5050,117.6000,Metal1,113.7350,117.6000,1.557e-07
Metal1,113.5300,15.6800,Metal1,113.8700,15.6800,1.340e-04
Metal1,113.6500,54.8800,Metal1,114.8850,54.8800,4.456e-06
Metal1,113.7350,31.3600,Metal1,118.0700,31.3600,5.589e-05
Metal1,113.7350,117.6000,Metal1,114.3250,117.6000,1.557e-07
Metal1,113.7650,47.0400,Metal1,113.9950,47.0400,5.582e-11
Metal1,113.7650,250.8800,Metal1,113.9950,250.8800,4.403e-10
Metal1,113.7700,141.1200,Metal1,114.1100,141.1200,3.388e-07
Metal1,113.8700,15.6800,Metal1,115.7700,15.6800,1.340e-04
Metal1,113.9950,47.0400,Metal1,115.4450,47.0400,5.582e-11
Metal1,113.9950,250.8800,Metal1,116.0050,250.8800,2.869e-12
Metal1,114.0900,23.5200,Metal1,114.4300,23.5200,2.612e-06
Metal1,114.1100,141.1200,Metal1,116.3050,141.1200,3.464e-08
Metal1,114.3250,117.6000,Metal1,114.5550,117.6000,2.477e-05
Metal1,114.3250,148.9600,Metal1,114.5550,148.9600,4.117e-07
Metal1,114.4050,109.7600,Metal1,114.6350,109.7600,8.025e-08
Metal1,114.4300,23.5200,Metal1,115.2250,23.5200,2.612e-06
Metal1,114.4900,39.2000,Metal1,114.7200,39.2000,1.013e-06
Metal1,114.5550,117.6000,Metal1,115.7050,117.6000,2.477e-05
Metal1,114.5550,148.9600,Metal1,116.5650,148.9600,1.384e-08
Metal1,114.6350,109.7600,Metal1,115.4450,109.7600,8.025e-08
Metal1,114.7200,39.2000,Metal1,116.5300,39.2000,4.760e-08
Metal1,114.8850,54.8800,Metal1,115.1150,54.8800,2.277e-05
Metal1,114.8850,62.7200,Metal1,115.1150,62.7200,2.064e-05
Metal1,114.8850,70.5600,Metal1,115.1150,70.5600,6.973e-09
Metal1,114.8850,94.0800,Metal1,115.1150,94.0800,4.682e-05
Metal1,114.8850,101.9200,Metal1,115.1150,101.9200,1.675e-08
Metal1,114.8850,125.4400,Metal1,115.1150,125.4400,2.733e-06
Metal1,114.8850,133.2800,Metal1,115.1150,133.2800,5.727e-09
Metal1,114.8850,156.8000,Metal1,115.1150,156.8000,8.745e-06
Metal1,114.8850,164.6400,Metal1,115.1150,164.6400,2.485e-10
Metal1,114.8850,172.4800,Metal1,115.1150,172.4800,2.450e-12
Metal1,114.8850,180.3200,Metal1,115.1150,180.3200,2.524e-12
Metal1,114.8850,188.1600,Metal1,115.1150,188.1600,2.153e-12
Metal1,114.8850,196.0000,Metal1,115.1150,196.0000,2.450e-12
Metal1,114.8850,203.8400,Metal1,115.1150,203.8400,2.450e-12
Metal1,114.8850,211.6800,Metal1,115.1150,211.6800,2.524e-12
Metal1,114.8850,219.5200,Metal1,115.1150,219.5200,2.375e-12
Metal1,114.8850,227.3600,Metal1,115.1150,227.3600,2.078e-12
Metal1,114.8850,235.2000,Metal1,115.1150,235.2000,2.450e-12
Metal1,114.8850,243.0400,Metal1,115.1150,243.0400,2.375e-12
Metal1,114.8900,86.2400,Metal1,115.2300,86.2400,5.928e-07
Metal1,115.1150,54.8800,Metal1,115.3050,54.8800,2.277e-05
Metal1,115.1150,62.7200,Metal1,115.4450,62.7200,2.064e-05
Metal1,115.1150,70.5600,Metal1,115.4450,70.5600,6.973e-09
Metal1,115.1150,94.0800,Metal1,115.6100,94.0800,4.682e-05
Metal1,115.1150,101.9200,Metal1,115.4450,101.9200,1.675e-08
Metal1,115.1150,125.4400,Metal1,116.6700,125.4400,2.733e-06
Metal1,115.1150,133.2800,Metal1,115.4450,133.2800,5.727e-09
Metal1,115.1150,156.8000,Metal1,115.4450,156.8000,8.745e-06
Metal1,115.1150,164.6400,Metal1,115.4450,164.6400,2.484e-10
Metal1,115.1150,172.4800,Metal1,115.4450,172.4800,2.494e-12
Metal1,115.1150,180.3200,Metal1,115.4450,180.3200,2.512e-12
Metal1,115.1150,188.1600,Metal1,115.4450,188.1600,2.099e-12
Metal1,115.1150,196.0000,Metal1,115.4450,196.0000,2.476e-12
Metal1,115.1150,203.8400,Metal1,115.4450,203.8400,2.494e-12
Metal1,115.1150,211.6800,Metal1,115.4450,211.6800,2.494e-12
Metal1,115.1150,219.5200,Metal1,115.4450,219.5200,2.476e-12
Metal1,115.1150,227.3600,Metal1,115.4450,227.3600,2.099e-12
Metal1,115.1150,235.2000,Metal1,115.4450,235.2000,2.458e-12
Metal1,115.1150,243.0400,Metal1,115.4450,243.0400,2.368e-12
Metal1,115.2250,23.5200,Metal1,115.4550,23.5200,1.114e-04
Metal1,115.2300,86.2400,Metal1,117.4250,86.2400,6.198e-08
Metal1,115.3050,54.8800,Metal1,115.5350,54.8800,3.644e-06
Metal1,115.4450,47.0400,Metal1,115.6750,47.0400,1.899e-10
Metal1,115.4450,62.7200,Metal1,115.6750,62.7200,5.622e-06
Metal1,115.4450,70.5600,Metal1,115.6750,70.5600,1.743e-09
Metal1,115.4450,78.4000,Metal1,115.6750,78.4000,1.404e-10
Metal1,115.4450,101.9200,Metal1,115.6750,101.9200,4.184e-09
Metal1,115.4450,109.7600,Metal1,115.6750,109.7600,3.112e-10
Metal1,115.4450,133.2800,Metal1,115.6750,133.2800,1.431e-09
Metal1,115.4450,156.8000,Metal1,115.6750,156.8000,2.379e-06
Metal1,115.4450,164.6400,Metal1,115.6750,164.6400,6.198e-11
Metal1,115.4450,172.4800,Metal1,115.6750,172.4800,6.681e-13
Metal1,115.4450,180.3200,Metal1,115.6750,180.3200,6.681e-13
Metal1,115.4450,188.1600,Metal1,115.6750,188.1600,5.938e-13
Metal1,115.4450,196.0000,Metal1,115.6750,196.0000,7.423e-13
Metal1,115.4450,203.8400,Metal1,115.6750,203.8400,6.681e-13
Metal1,115.4450,211.6800,Metal1,115.6750,211.6800,6.681e-13
Metal1,115.4450,219.5200,Metal1,115.6750,219.5200,6.681e-13
Metal1,115.4450,227.3600,Metal1,115.6750,227.3600,5.938e-13
Metal1,115.4450,235.2000,Metal1,115.6750,235.2000,6.681e-13
Metal1,115.4450,243.0400,Metal1,115.6750,243.0400,6.681e-13
Metal1,115.4550,23.5200,Metal1,116.1700,23.5200,1.114e-04
Metal1,115.5350,54.8800,Metal1,117.1250,54.8800,3.644e-06
Metal1,115.6100,94.0800,Metal1,115.8400,94.0800,6.090e-06
Metal1,115.6750,47.0400,Metal1,116.0050,47.0400,1.900e-10
Metal1,115.6750,62.7200,Metal1,117.1250,62.7200,5.622e-06
Metal1,115.6750,70.5600,Metal1,117.1250,70.5600,1.743e-09
Metal1,115.6750,78.4000,Metal1,117.6850,78.4000,1.404e-10
Metal1,115.6750,101.9200,Metal1,117.1250,101.9200,4.184e-09
Metal1,115.6750,109.7600,Metal1,117.1250,109.7600,3.113e-10
Metal1,115.6750,133.2800,Metal1,117.1250,133.2800,1.431e-09
Metal1,115.6750,156.8000,Metal1,117.1250,156.8000,2.379e-06
Metal1,115.6750,164.6400,Metal1,117.1250,164.6400,6.202e-11
Metal1,115.6750,172.4800,Metal1,117.1250,172.4800,6.820e-13
Metal1,115.6750,180.3200,Metal1,117.1250,180.3200,6.860e-13
Metal1,115.6750,188.1600,Metal1,117.1250,188.1600,5.758e-13
Metal1,115.6750,196.0000,Metal1,117.1250,196.0000,6.738e-13
Metal1,115.6750,203.8400,Metal1,117.1250,203.8400,6.820e-13
Metal1,115.6750,211.6800,Metal1,117.1250,211.6800,6.901e-13
Metal1,115.6750,219.5200,Metal1,117.1250,219.5200,6.738e-13
Metal1,115.6750,227.3600,Metal1,117.1250,227.3600,5.758e-13
Metal1,115.6750,235.2000,Metal1,117.1250,235.2000,6.738e-13
Metal1,115.6750,243.0400,Metal1,117.1250,243.0400,6.493e-13
Metal1,115.7050,117.6000,Metal1,115.9350,117.6000,6.164e-07
Metal1,115.7700,15.6800,Metal1,116.1100,15.6800,1.301e-04
Metal1,115.8400,94.0800,Metal1,117.6500,94.0800,3.605e-08
Metal1,115.9350,117.6000,Metal1,116.5650,117.6000,6.164e-07
Metal1,116.0050,47.0400,Metal1,116.2350,47.0400,9.724e-12
Metal1,116.0050,250.8800,Metal1,116.2350,250.8800,4.305e-10
Metal1,116.1100,15.6800,Metal1,116.8900,15.6800,1.301e-04
Metal1,116.1700,23.5200,Metal1,116.4000,23.5200,7.949e-06
Metal1,116.2350,47.0400,Metal1,117.6850,47.0400,5.504e-11
Metal1,116.2350,250.8800,Metal1,117.9900,250.8800,4.205e-10
Metal1,116.3050,141.1200,Metal1,116.5350,141.1200,1.011e-07
Metal1,116.4000,23.5200,Metal1,117.4500,23.5200,1.892e-06
Metal1,116.5300,39.2000,Metal1,116.7600,39.2000,1.201e-05
Metal1,116.5350,141.1200,Metal1,117.7650,141.1200,1.011e-07
Metal1,116.5650,117.6000,Metal1,116.7950,117.6000,1.577e-06
Metal1,116.5650,148.9600,Metal1,116.7950,148.9600,4.295e-07
Metal1,116.6700,125.4400,Metal1,117.0100,125.4400,1.527e-05
Metal1,116.7600,39.2000,Metal1,117.6850,39.2000,1.201e-05
Metal1,116.7950,117.6000,Metal1,118.8050,117.6000,1.470e-07
Metal1,116.7950,148.9600,Metal1,117.3850,148.9600,1.783e-07
Metal1,116.8900,15.6800,Metal1,117.2300,15.6800,1.243e-04
Metal1,117.0100,125.4400,Metal1,117.1250,125.4400,1.527e-05
Metal1,117.1250,54.8800,Metal1,117.3550,54.8800,3.063e-06
Metal1,117.1250,62.7200,Metal1,117.3550,62.7200,3.783e-07
Metal1,117.1250,70.5600,Metal1,117.3550,70.5600,4.477e-10
Metal1,117.1250,101.9200,Metal1,117.3550,101.9200,1.075e-09
Metal1,117.1250,109.7600,Metal1,117.3550,109.7600,3.363e-11
Metal1,117.1250,125.4400,Metal1,117.3550,125.4400,8.591e-07
Metal1,117.1250,133.2800,Metal1,117.3550,133.2800,3.676e-10
Metal1,117.1250,156.8000,Metal1,117.3550,156.8000,6.057e-07
Metal1,117.1250,164.6400,Metal1,117.3550,164.6400,1.596e-11
Metal1,117.1250,172.4800,Metal1,117.3550,172.4800,2.227e-13
Metal1,117.1250,180.3200,Metal1,117.3550,180.3200,2.227e-13
Metal1,117.1250,188.1600,Metal1,117.3550,188.1600,7.423e-14
Metal1,117.1250,196.0000,Metal1,117.3550,196.0000,1.485e-13
Metal1,117.1250,203.8400,Metal1,117.3550,203.8400,2.227e-13
Metal1,117.1250,211.6800,Metal1,117.3550,211.6800,2.227e-13
Metal1,117.1250,219.5200,Metal1,117.3550,219.5200,7.423e-14
Metal1,117.1250,227.3600,Metal1,117.3550,227.3600,1.485e-13
Metal1,117.1250,235.2000,Metal1,117.3550,235.2000,1.485e-13
Metal1,117.1250,243.0400,Metal1,117.3550,243.0400,1.485e-13
Metal1,117.2300,15.6800,Metal1,117.9900,15.6800,1.243e-04
Metal1,117.3550,54.8800,Metal1,119.3650,54.8800,3.063e-06
Metal1,117.3550,62.7200,Metal1,117.3850,62.7200,3.783e-07
Metal1,117.3550,70.5600,Metal1,117.6850,70.5600,7.996e-09
Metal1,117.3550,101.9200,Metal1,117.6850,101.9200,1.919e-08
Metal1,117.3550,109.7600,Metal1,117.6850,109.7600,1.607e-10
Metal1,117.3550,125.4400,Metal1,118.6650,125.4400,3.276e-06
Metal1,117.3550,133.2800,Metal1,117.6850,133.2800,6.563e-09
Metal1,117.3550,156.8000,Metal1,117.6850,156.8000,1.084e-05
Metal1,117.3550,164.6400,Metal1,117.6850,164.6400,2.845e-10
Metal1,117.3550,172.4800,Metal1,117.6850,172.4800,3.086e-12
Metal1,117.3550,180.3200,Metal1,117.6850,180.3200,3.122e-12
Metal1,117.3550,188.1600,Metal1,117.6850,188.1600,2.620e-12
Metal1,117.3550,196.0000,Metal1,117.6850,196.0000,3.104e-12
Metal1,117.3550,203.8400,Metal1,117.6850,203.8400,3.122e-12
Metal1,117.3550,211.6800,Metal1,117.6850,211.6800,3.140e-12
Metal1,117.3550,219.5200,Metal1,117.6850,219.5200,3.068e-12
Metal1,117.3550,227.3600,Metal1,117.6850,227.3600,2.620e-12
Metal1,117.3550,235.2000,Metal1,117.6850,235.2000,3.086e-12
Metal1,117.3550,243.0400,Metal1,117.6850,243.0400,2.996e-12
Metal1,117.3850,62.7200,Metal1,117.6150,62.7200,9.512e-08
Metal1,117.3850,148.9600,Metal1,117.6150,148.9600,7.514e-08
Metal1,117.4250,86.2400,Metal1,117.6550,86.2400,1.994e-05
Metal1,117.4500,23.5200,Metal1,117.7900,23.5200,2.029e-06
Metal1,117.6150,62.7200,Metal1,119.3650,62.7200,7.787e-09
Metal1,117.6150,148.9600,Metal1,118.8050,148.9600,7.514e-08
Metal1,117.6500,94.0800,Metal1,117.7650,94.6250,3.605e-08
Metal1,117.6550,86.2400,Metal1,117.6850,86.2400,1.994e-05
Metal1,117.6850,39.2000,Metal1,117.9150,39.2000,6.141e-08
Metal1,117.6850,47.0400,Metal1,117.9150,47.0400,1.277e-11
Metal1,117.6850,70.5600,Metal1,117.9150,70.5600,4.408e-10
Metal1,117.6850,78.4000,Metal1,117.9150,78.4000,5.567e-12
Metal1,117.6850,86.2400,Metal1,117.9150,86.2400,6.320e-08
Metal1,117.6850,101.9200,Metal1,117.9150,101.9200,1.058e-09
Metal1,117.6850,109.7600,Metal1,117.9150,109.7600,8.908e-12
Metal1,117.6850,133.2800,Metal1,117.9150,133.2800,3.619e-10
Metal1,117.6850,156.8000,Metal1,117.9150,156.8000,2.386e-06
Metal1,117.6850,164.6400,Metal1,117.9150,164.6400,1.581e-11
Metal1,117.6850,172.4800,Metal1,117.9150,172.4800,2.227e-13
Metal1,117.6850,180.3200,Metal1,117.9150,180.3200,1.485e-13
Metal1,117.6850,188.1600,Metal1,117.9150,188.1600,2.227e-13
Metal1,117.6850,196.0000,Metal1,117.9150,196.0000,2.227e-13
Metal1,117.6850,203.8400,Metal1,117.9150,203.8400,2.227e-13
Metal1,117.6850,211.6800,Metal1,117.9150,211.6800,1.485e-13
Metal1,117.6850,219.5200,Metal1,117.9150,219.5200,3.711e-13
Metal1,117.6850,227.3600,Metal1,117.9150,227.3600,1.485e-13
Metal1,117.6850,235.2000,Metal1,117.9150,235.2000,2.969e-13
Metal1,117.6850,243.0400,Metal1,117.9150,243.0400,7.423e-14
Metal1,117.7650,94.6250,Metal1,117.7650,94.9250,3.605e-08
Metal1,117.7650,94.9250,Metal1,117.8800,93.6150,4.438e-06
Metal1,117.7650,141.1200,Metal1,117.9950,141.1200,8.965e-06
Metal1,117.7900,23.5200,Metal1,118.2100,23.5200,2.029e-06
Metal1,117.8800,93.3150,Metal1,117.8800,93.6150,3.785e-05
Metal1,117.8800,93.6150,Metal1,117.9950,94.0800,4.228e-05
Metal1,117.9150,39.2000,Metal1,118.8050,39.2000,6.142e-08
Metal1,117.9150,47.0400,Metal1,118.2450,47.0400,2.343e-10
Metal1,117.9150,70.5600,Metal1,119.3650,70.5600,1.841e-09
Metal1,117.9150,78.4000,Metal1,118.2450,78.4000,6.156e-11
Metal1,117.9150,86.2400,Metal1,119.9250,86.2400,6.320e-08
Metal1,117.9150,101.9200,Metal1,119.3650,101.9200,4.419e-09
Metal1,117.9150,109.7600,Metal1,119.3650,109.7600,3.691e-11
Metal1,117.9150,133.2800,Metal1,119.3650,133.2800,1.511e-09
Metal1,117.9150,156.8000,Metal1,119.3650,156.8000,2.386e-06
Metal1,117.9150,164.6400,Metal1,119.3650,164.6400,6.550e-11
Metal1,117.9150,172.4800,Metal1,119.3650,172.4800,7.146e-13
Metal1,117.9150,180.3200,Metal1,119.3650,180.3200,7.146e-13
Metal1,117.9150,188.1600,Metal1,119.3650,188.1600,6.003e-13
Metal1,117.9150,196.0000,Metal1,119.3650,196.0000,7.146e-13
Metal1,117.9150,203.8400,Metal1,119.3650,203.8400,7.187e-13
Metal1,117.9150,211.6800,Metal1,119.3650,211.6800,7.146e-13
Metal1,117.9150,219.5200,Metal1,119.3650,219.5200,7.146e-13
Metal1,117.9150,227.3600,Metal1,119.3650,227.3600,6.003e-13
Metal1,117.9150,235.2000,Metal1,119.3650,235.2000,7.146e-13
Metal1,117.9150,243.0400,Metal1,119.3650,243.0400,6.820e-13
Metal1,117.9900,15.6800,Metal1,118.3300,15.6800,1.243e-04
Metal1,117.9900,250.8800,Metal1,118.3300,250.8800,4.102e-10
Metal1,117.9950,94.0800,Metal1,119.9250,94.0800,2.901e-07
Metal1,117.9950,141.1200,Metal1,119.9250,141.1200,6.151e-08
Metal1,118.0700,31.3600,Metal1,118.3250,31.7750,2.653e-09
Metal1,118.2100,23.5200,Metal1,118.4400,23.5200,1.051e-04
Metal1,118.2450,47.0400,Metal1,118.4750,47.0400,5.055e-11
Metal1,118.2450,78.4000,Metal1,118.4750,78.4000,3.489e-12
Metal1,118.3250,31.7750,Metal1,118.4100,30.8950,2.653e-09
Metal1,118.3300,15.6800,Metal1,120.2500,15.6800,4.503e-06
Metal1,118.3300,250.8800,Metal1,120.4850,250.8800,4.103e-10
Metal1,118.4100,30.8950,Metal1,118.5550,31.3600,3.556e-07
Metal1,118.4400,23.5200,Metal1,120.2500,23.5200,1.051e-04
Metal1,118.4750,47.0400,Metal1,119.9250,47.0400,5.046e-11
Metal1,118.4750,78.4000,Metal1,119.9250,78.4000,1.421e-11
Metal1,118.5550,31.3600,Metal1,121.7300,31.3600,5.248e-05
Metal1,118.6650,125.4400,Metal1,118.8950,125.4400,7.080e-06
Metal1,118.8050,39.2000,Metal1,119.0350,39.2000,5.953e-09
Metal1,118.8050,117.6000,Metal1,119.0350,117.6000,2.340e-05
Metal1,118.8050,148.9600,Metal1,119.0350,148.9600,1.125e-06
Metal1,118.8950,125.4400,Metal1,119.3650,125.4400,7.080e-06
Metal1,119.0350,39.2000,Metal1,119.9250,39.2000,2.172e-08
Metal1,119.0350,117.6000,Metal1,121.0450,117.6000,1.542e-07
Metal1,119.0350,148.9600,Metal1,121.0450,148.9600,5.745e-09
Metal1,119.3650,54.8800,Metal1,119.5950,54.8800,3.135e-07
Metal1,119.3650,62.7200,Metal1,119.5950,62.7200,9.812e-08
Metal1,119.3650,70.5600,Metal1,119.5950,70.5600,6.419e-09
Metal1,119.3650,101.9200,Metal1,119.5950,101.9200,1.541e-08
Metal1,119.3650,109.7600,Metal1,119.5950,109.7600,1.244e-10
Metal1,119.3650,125.4400,Metal1,119.5950,125.4400,8.487e-09
Metal1,119.3650,133.2800,Metal1,119.5950,133.2800,5.269e-09
Metal1,119.3650,156.8000,Metal1,119.5950,156.8000,3.260e-06
Metal1,119.3650,164.6400,Metal1,119.5950,164.6400,2.284e-10
Metal1,119.3650,172.4800,Metal1,119.5950,172.4800,2.524e-12
Metal1,119.3650,180.3200,Metal1,119.5950,180.3200,2.450e-12
Metal1,119.3650,188.1600,Metal1,119.5950,188.1600,2.004e-12
Metal1,119.3650,196.0000,Metal1,119.5950,196.0000,2.524e-12
Metal1,119.3650,203.8400,Metal1,119.5950,203.8400,2.450e-12
Metal1,119.3650,211.6800,Metal1,119.5950,211.6800,2.524e-12
Metal1,119.3650,219.5200,Metal1,119.5950,219.5200,2.450e-12
Metal1,119.3650,227.3600,Metal1,119.5950,227.3600,2.153e-12
Metal1,119.3650,235.2000,Metal1,119.5950,235.2000,2.450e-12
Metal1,119.3650,243.0400,Metal1,119.5950,243.0400,2.450e-12
Metal1,119.5950,54.8800,Metal1,119.6300,54.8800,3.135e-07
Metal1,119.5950,62.7200,Metal1,121.6050,62.7200,9.812e-08
Metal1,119.5950,70.5600,Metal1,119.9250,70.5600,6.418e-09
Metal1,119.5950,101.9200,Metal1,119.9250,101.9200,1.541e-08
Metal1,119.5950,109.7600,Metal1,119.9250,109.7600,1.245e-10
Metal1,119.5950,125.4400,Metal1,121.6050,125.4400,8.487e-09
Metal1,119.5950,133.2800,Metal1,119.9250,133.2800,5.269e-09
Metal1,119.5950,156.8000,Metal1,121.1500,156.8000,3.260e-06
Metal1,119.5950,164.6400,Metal1,119.9250,164.6400,2.284e-10
Metal1,119.5950,172.4800,Metal1,119.9250,172.4800,2.512e-12
Metal1,119.5950,180.3200,Metal1,119.9250,180.3200,2.494e-12
Metal1,119.5950,188.1600,Metal1,119.9250,188.1600,2.117e-12
Metal1,119.5950,196.0000,Metal1,119.9250,196.0000,2.476e-12
Metal1,119.5950,203.8400,Metal1,119.9250,203.8400,2.530e-12
Metal1,119.5950,211.6800,Metal1,119.9250,211.6800,2.476e-12
Metal1,119.5950,219.5200,Metal1,119.9250,219.5200,2.494e-12
Metal1,119.5950,227.3600,Metal1,119.9250,227.3600,2.117e-12
Metal1,119.5950,235.2000,Metal1,119.9250,235.2000,2.476e-12
Metal1,119.5950,243.0400,Metal1,119.9250,243.0400,2.386e-12
Metal1,119.6300,54.8800,Metal1,119.9700,54.8800,1.328e-07
Metal1,119.9250,39.2000,Metal1,120.1550,39.2000,1.977e-08
Metal1,119.9250,47.0400,Metal1,120.1550,47.0400,1.864e-10
Metal1,119.9250,70.5600,Metal1,120.1550,70.5600,1.719e-09
Metal1,119.9250,78.4000,Metal1,120.1550,78.4000,5.166e-11
Metal1,119.9250,86.2400,Metal1,120.1550,86.2400,4.153e-10
Metal1,119.9250,94.0800,Metal1,120.1550,94.0800,4.228e-05
Metal1,119.9250,101.9200,Metal1,120.1550,101.9200,4.123e-09
Metal1,119.9250,109.7600,Metal1,120.1550,109.7600,3.024e-10
Metal1,119.9250,133.2800,Metal1,120.1550,133.2800,1.410e-09
Metal1,119.9250,141.1200,Metal1,120.1550,141.1200,8.965e-06
Metal1,119.9250,164.6400,Metal1,120.1550,164.6400,6.109e-11
Metal1,119.9250,172.4800,Metal1,120.1550,172.4800,6.681e-13
Metal1,119.9250,180.3200,Metal1,120.1550,180.3200,6.681e-13
Metal1,119.9250,188.1600,Metal1,120.1550,188.1600,5.196e-13
Metal1,119.9250,196.0000,Metal1,120.1550,196.0000,6.681e-13
Metal1,119.9250,203.8400,Metal1,120.1550,203.8400,7.423e-13
Metal1,119.9250,211.6800,Metal1,120.1550,211.6800,6.681e-13
Metal1,119.9250,219.5200,Metal1,120.1550,219.5200,6.681e-13
Metal1,119.9250,227.3600,Metal1,120.1550,227.3600,5.938e-13
Metal1,119.9250,235.2000,Metal1,120.1550,235.2000,6.681e-13
Metal1,119.9250,243.0400,Metal1,120.1550,243.0400,6.681e-13
Metal1,119.9700,54.8800,Metal1,121.6050,54.8800,2.128e-08
Metal1,120.1550,39.2000,Metal1,121.0450,39.2000,1.977e-08
Metal1,120.1550,47.0400,Metal1,120.4850,47.0400,1.863e-10
Metal1,120.1550,70.5600,Metal1,121.6050,70.5600,1.719e-09
Metal1,120.1550,78.4000,Metal1,120.4850,78.4000,5.168e-11
Metal1,120.1550,86.2400,Metal1,121.0450,86.2400,6.054e-12
Metal1,120.1550,94.0800,Metal1,120.4850,94.0800,4.228e-05
Metal1,120.1550,101.9200,Metal1,121.6050,101.9200,4.123e-09
Metal1,120.1550,109.7600,Metal1,121.6050,109.7600,2.711e-12
Metal1,120.1550,133.2800,Metal1,121.6050,133.2800,1.410e-09
Metal1,120.1550,141.1200,Metal1,120.4850,141.1200,8.965e-06
Metal1,120.1550,164.6400,Metal1,121.6050,164.6400,6.111e-11
Metal1,120.1550,172.4800,Metal1,121.6050,172.4800,6.697e-13
Metal1,120.1550,180.3200,Metal1,121.6050,180.3200,6.656e-13
Metal1,120.1550,188.1600,Metal1,121.6050,188.1600,5.676e-13
Metal1,120.1550,196.0000,Metal1,121.6050,196.0000,6.656e-13
Metal1,120.1550,203.8400,Metal1,121.6050,203.8400,6.656e-13
Metal1,120.1550,211.6800,Metal1,121.6050,211.6800,6.656e-13
Metal1,120.1550,219.5200,Metal1,121.6050,219.5200,6.697e-13
Metal1,120.1550,227.3600,Metal1,121.6050,227.3600,5.717e-13
Metal1,120.1550,235.2000,Metal1,121.6050,235.2000,6.615e-13
Metal1,120.1550,243.0400,Metal1,121.6050,243.0400,6.411e-13
Metal1,120.2500,15.6800,Metal1,120.4850,15.9250,1.342e-06
Metal1,120.2500,23.5200,Metal1,120.5900,23.5200,9.922e-05
Metal1,120.4850,15.9250,Metal1,120.5900,15.1150,1.342e-06
Metal1,120.4850,47.0400,Metal1,120.7150,47.0400,2.254e-10
Metal1,120.4850,78.4000,Metal1,120.7150,78.4000,1.193e-10
Metal1,120.4850,94.0800,Metal1,120.7150,94.0800,2.047e-08
Metal1,120.4850,141.1200,Metal1,120.7150,141.1200,4.363e-09
Metal1,120.4850,250.8800,Metal1,120.7150,250.8800,1.262e-12
Metal1,120.5900,15.1150,Metal1,120.7150,15.6800,1.184e-04
Metal1,120.5900,23.5200,Metal1,120.9300,23.5200,1.081e-07
Metal1,120.7150,15.6800,Metal1,122.4700,15.6800,1.184e-04
Metal1,120.7150,47.0400,Metal1,122.1650,47.0400,2.156e-10
Metal1,120.7150,78.4000,Metal1,122.1650,78.4000,1.095e-10
Metal1,120.7150,94.0800,Metal1,122.4700,94.0800,2.045e-08
Metal1,120.7150,141.1200,Metal1,122.4700,141.1200,4.343e-09
Metal1,120.7150,250.8800,Metal1,122.7250,250.8800,1.302e-12
Metal1,120.9300,23.5200,Metal1,122.4700,23.5200,1.081e-07
Metal1,121.0450,39.2000,Metal1,121.2750,39.2000,1.992e-08
Metal1,121.0450,86.2400,Metal1,121.2750,86.2400,4.052e-10
Metal1,121.0450,117.6000,Metal1,121.2750,117.6000,2.340e-05
Metal1,121.0450,148.9600,Metal1,121.2750,148.9600,1.292e-05
Metal1,121.1500,156.8000,Metal1,121.4900,156.8000,1.895e-05
Metal1,121.2750,39.2000,Metal1,122.1650,39.2000,1.991e-08
Metal1,121.2750,86.2400,Metal1,122.1650,86.2400,3.953e-10
Metal1,121.2750,117.6000,Metal1,121.6050,117.6000,2.340e-05
Metal1,121.2750,148.9600,Metal1,122.4700,148.9600,1.292e-05
Metal1,121.4900,156.8000,Metal1,121.6050,156.8000,1.895e-05
Metal1,121.6050,54.8800,Metal1,121.8350,54.8800,8.087e-08
Metal1,121.6050,62.7200,Metal1,121.8350,62.7200,3.096e-05
Metal1,121.6050,70.5600,Metal1,121.8350,70.5600,6.669e-09
Metal1,121.6050,101.9200,Metal1,121.8350,101.9200,1.659e-08
Metal1,121.6050,109.7600,Metal1,121.8350,109.7600,2.922e-10
Metal1,121.6050,117.6000,Metal1,121.8350,117.6000,8.554e-08
Metal1,121.6050,125.4400,Metal1,121.8350,125.4400,4.403e-06
Metal1,121.6050,133.2800,Metal1,121.8350,133.2800,5.674e-09
Metal1,121.6050,156.8000,Metal1,121.8350,156.8000,4.649e-06
Metal1,121.6050,164.6400,Metal1,121.8350,164.6400,2.463e-10
Metal1,121.6050,172.4800,Metal1,121.8350,172.4800,2.301e-12
Metal1,121.6050,180.3200,Metal1,121.8350,180.3200,2.375e-12
Metal1,121.6050,188.1600,Metal1,121.8350,188.1600,2.004e-12
Metal1,121.6050,196.0000,Metal1,121.8350,196.0000,2.375e-12
Metal1,121.6050,203.8400,Metal1,121.8350,203.8400,2.301e-12
Metal1,121.6050,211.6800,Metal1,121.8350,211.6800,2.301e-12
Metal1,121.6050,219.5200,Metal1,121.8350,219.5200,2.301e-12
Metal1,121.6050,227.3600,Metal1,121.8350,227.3600,2.004e-12
Metal1,121.6050,235.2000,Metal1,121.8350,235.2000,2.301e-12
Metal1,121.6050,243.0400,Metal1,121.8350,243.0400,2.227e-12
Metal1,121.7300,31.3600,Metal1,121.9600,31.3600,9.443e-07
Metal1,121.8350,54.8800,Metal1,122.4700,54.8800,8.087e-08
Metal1,121.8350,62.7200,Metal1,122.4700,62.7200,3.096e-05
Metal1,121.8350,70.5600,Metal1,122.1650,70.5600,6.669e-09
Metal1,121.8350,101.9200,Metal1,122.1650,101.9200,1.659e-08
Metal1,121.8350,109.7600,Metal1,122.1650,109.7600,2.921e-10
Metal1,121.8350,117.6000,Metal1,122.4700,117.6000,8.554e-08
Metal1,121.8350,125.4400,Metal1,122.4700,125.4400,4.403e-06
Metal1,121.8350,133.2800,Metal1,122.1650,133.2800,5.674e-09
Metal1,121.8350,156.8000,Metal1,122.4700,156.8000,4.649e-06
Metal1,121.8350,164.6400,Metal1,122.1650,164.6400,2.462e-10
Metal1,121.8350,172.4800,Metal1,122.1650,172.4800,2.333e-12
Metal1,121.8350,180.3200,Metal1,122.1650,180.3200,2.333e-12
Metal1,121.8350,188.1600,Metal1,122.1650,188.1600,1.938e-12
Metal1,121.8350,196.0000,Metal1,122.1650,196.0000,2.333e-12
Metal1,121.8350,203.8400,Metal1,122.1650,203.8400,2.351e-12
Metal1,121.8350,211.6800,Metal1,122.1650,211.6800,2.351e-12
Metal1,121.8350,219.5200,Metal1,122.1650,219.5200,2.351e-12
Metal1,121.8350,227.3600,Metal1,122.1650,227.3600,1.956e-12
Metal1,121.8350,235.2000,Metal1,122.1650,235.2000,2.351e-12
Metal1,121.8350,243.0400,Metal1,122.1650,243.0400,2.243e-12
Metal1,121.9600,31.3600,Metal1,122.4700,31.3600,9.443e-07
Metal1,122.1650,39.2000,Metal1,122.3950,39.2000,8.091e-11
Metal1,122.1650,47.0400,Metal1,122.3950,47.0400,3.810e-08
Metal1,122.1650,70.5600,Metal1,122.3950,70.5600,1.406e-08
Metal1,122.1650,78.4000,Metal1,122.3950,78.4000,2.860e-08
Metal1,122.1650,86.2400,Metal1,122.3950,86.2400,1.016e-09
Metal1,122.1650,101.9200,Metal1,122.3950,101.9200,7.073e-08
Metal1,122.1650,109.7600,Metal1,122.3950,109.7600,2.288e-08
Metal1,122.1650,133.2800,Metal1,122.3950,133.2800,2.420e-08
Metal1,122.1650,164.6400,Metal1,122.3950,164.6400,1.070e-09
Metal1,122.1650,172.4800,Metal1,122.3950,172.4800,9.724e-12
Metal1,122.1650,180.3200,Metal1,122.3950,180.3200,9.798e-12
Metal1,122.1650,188.1600,Metal1,122.3950,188.1600,9.798e-12
Metal1,122.1650,196.0000,Metal1,122.3950,196.0000,9.798e-12
Metal1,122.1650,203.8400,Metal1,122.3950,203.8400,9.724e-12
Metal1,122.1650,211.6800,Metal1,122.3950,211.6800,9.724e-12
Metal1,122.1650,219.5200,Metal1,122.3950,219.5200,9.798e-12
Metal1,122.1650,227.3600,Metal1,122.3950,227.3600,9.724e-12
Metal1,122.1650,235.2000,Metal1,122.3950,235.2000,9.724e-12
Metal1,122.1650,243.0400,Metal1,122.3950,243.0400,9.724e-12
Metal1,122.3950,39.2000,Metal1,122.4700,39.2000,8.092e-11
Metal1,122.3950,47.0400,Metal1,122.4700,47.0400,3.810e-08
Metal1,122.3950,70.5600,Metal1,122.4700,70.5600,1.406e-08
Metal1,122.3950,78.4000,Metal1,122.4700,78.4000,2.860e-08
Metal1,122.3950,86.2400,Metal1,122.4700,86.2400,1.016e-09
Metal1,122.3950,101.9200,Metal1,122.4700,101.9200,7.073e-08
Metal1,122.3950,109.7600,Metal1,122.4700,109.7600,2.288e-08
Metal1,122.3950,133.2800,Metal1,122.4700,133.2800,2.420e-08
Metal1,122.3950,164.6400,Metal1,122.4700,164.6400,1.070e-09
Metal1,122.3950,172.4800,Metal1,122.4700,172.4800,9.790e-12
Metal1,122.3950,180.3200,Metal1,122.4700,180.3200,9.790e-12
Metal1,122.3950,188.1600,Metal1,122.4700,188.1600,9.790e-12
Metal1,122.3950,196.0000,Metal1,122.4700,196.0000,9.790e-12
Metal1,122.3950,203.8400,Metal1,122.4700,203.8400,9.790e-12
Metal1,122.3950,211.6800,Metal1,122.4700,211.6800,9.869e-12
Metal1,122.3950,219.5200,Metal1,122.4700,219.5200,9.790e-12
Metal1,122.3950,227.3600,Metal1,122.4700,227.3600,9.790e-12
Metal1,122.3950,235.2000,Metal1,122.4700,235.2000,9.790e-12
Metal1,122.3950,243.0400,Metal1,122.4700,243.0400,9.790e-12
Metal1,122.4700,15.6800,Metal1,122.4900,16.5250,1.184e-04
Metal1,122.4700,23.5200,Metal1,122.5850,24.3650,1.081e-07
Metal1,122.4700,31.3600,Metal1,122.8100,31.3600,9.443e-07
Metal1,122.4700,39.2000,Metal1,122.8100,39.2000,7.086e-11
Metal1,122.4700,47.0400,Metal1,122.8100,47.0400,3.809e-08
Metal1,122.4700,54.8800,Metal1,122.8100,54.8800,8.087e-08
Metal1,122.4700,62.7200,Metal1,122.7300,63.5650,3.096e-05
Metal1,122.4700,70.5600,Metal1,122.8100,70.5600,1.405e-08
Metal1,122.4700,78.4000,Metal1,122.8100,78.4000,2.859e-08
Metal1,122.4700,86.2400,Metal1,122.8100,86.2400,1.006e-09
Metal1,122.4700,94.0800,Metal1,122.7250,94.9250,2.044e-08
Metal1,122.4700,101.9200,Metal1,122.8100,101.9200,7.072e-08
Metal1,122.4700,109.7600,Metal1,122.8100,109.7600,2.287e-08
Metal1,122.4700,117.6000,Metal1,122.8100,117.6000,8.553e-08
Metal1,122.4700,125.4400,Metal1,122.8100,125.4400,4.403e-06
Metal1,122.4700,133.2800,Metal1,122.8100,133.2800,2.419e-08
Metal1,122.4700,141.1200,Metal1,122.7250,141.9650,4.333e-09
Metal1,122.4700,148.9600,Metal1,122.8100,148.9600,1.292e-05
Metal1,122.4700,156.8000,Metal1,122.8100,156.8000,4.649e-06
Metal1,122.4700,164.6400,Metal1,122.8100,164.6400,1.060e-09
Metal1,122.4700,172.4800,Metal1,122.8100,172.4800,3.323e-13
Metal1,122.4700,180.3200,Metal1,122.8100,180.3200,3.323e-13
Metal1,122.4700,188.1600,Metal1,122.8100,188.1600,2.659e-13
Metal1,122.4700,196.0000,Metal1,122.8100,196.0000,3.323e-13
Metal1,122.4700,203.8400,Metal1,122.8100,203.8400,2.659e-13
Metal1,122.4700,211.6800,Metal1,122.8100,211.6800,3.988e-13
Metal1,122.4700,219.5200,Metal1,122.8100,219.5200,3.323e-13
Metal1,122.4700,227.3600,Metal1,122.8100,227.3600,3.323e-13
Metal1,122.4700,235.2000,Metal1,122.8100,235.2000,3.323e-13
Metal1,122.4700,243.0400,Metal1,122.8100,243.0400,3.323e-13
Metal1,122.4900,16.5250,Metal1,122.8100,15.4350,1.126e-04
Metal1,122.5850,24.3650,Metal1,122.8100,23.3025,3.458e-08
Metal1,122.7250,94.9250,Metal1,122.8100,93.5150,2.044e-08
Metal1,122.7250,141.9650,Metal1,122.8100,140.5550,4.333e-09
Metal1,122.7250,250.8800,Metal1,122.9550,250.8800,1.485e-13
Metal1,122.7300,63.5650,Metal1,122.8100,62.5525,3.096e-05
Metal1,122.8100,15.4350,Metal1,122.8300,15.6800,1.126e-04
Metal1,122.8100,23.3025,Metal1,122.8150,23.5200,3.458e-08
Metal1,122.8100,31.3600,Metal1,124.9650,31.3600,5.083e-05
Metal1,122.8100,39.2000,Metal1,124.4050,39.2000,7.081e-11
Metal1,122.8100,47.0400,Metal1,124.4050,47.0400,3.809e-08
Metal1,122.8100,54.8800,Metal1,124.6250,54.8800,8.087e-08
Metal1,122.8100,62.5525,Metal1,123.0700,62.7200,1.149e-06
Metal1,122.8100,70.5600,Metal1,124.4050,70.5600,2.134e-09
Metal1,122.8100,78.4000,Metal1,124.4050,78.4000,2.859e-08
Metal1,122.8100,86.2400,Metal1,124.4050,86.2400,1.006e-09
Metal1,122.8100,93.5150,Metal1,122.9550,94.0800,9.589e-11
Metal1,122.8100,101.9200,Metal1,124.4050,101.9200,7.072e-08
Metal1,122.8100,109.7600,Metal1,124.4050,109.7600,2.287e-08
Metal1,122.8100,117.6000,Metal1,123.8450,117.6000,8.553e-08
Metal1,122.8100,125.4400,Metal1,122.9900,125.4400,4.403e-06
Metal1,122.8100,133.2800,Metal1,124.4050,133.2800,2.419e-08
Metal1,122.8100,140.5550,Metal1,122.9550,141.1200,5.416e-11
Metal1,122.8100,148.9600,Metal1,123.2850,148.9600,1.292e-05
Metal1,122.8100,156.8000,Metal1,123.1450,156.8000,4.649e-06
Metal1,122.8100,164.6400,Metal1,124.4050,164.6400,1.060e-09
Metal1,122.8100,172.4800,Metal1,124.4050,172.4800,3.527e-13
Metal1,122.8100,180.3200,Metal1,124.4050,180.3200,3.415e-13
Metal1,122.8100,188.1600,Metal1,124.4050,188.1600,3.527e-13
Metal1,122.8100,196.0000,Metal1,124.4050,196.0000,3.415e-13
Metal1,122.8100,203.8400,Metal1,124.4050,203.8400,3.378e-13
Metal1,122.8100,211.6800,Metal1,124.4050,211.6800,3.415e-13
Metal1,122.8100,219.5200,Metal1,124.4050,219.5200,3.415e-13
Metal1,122.8100,227.3600,Metal1,124.4050,227.3600,3.452e-13
Metal1,122.8100,235.2000,Metal1,124.4050,235.2000,3.452e-13
Metal1,122.8100,243.0400,Metal1,124.4050,243.0400,3.378e-13
Metal1,122.8150,23.5200,Metal1,123.5450,23.5200,3.458e-08
Metal1,122.8300,15.6800,Metal1,124.9650,15.6800,6.986e-07
Metal1,122.9550,94.0800,Metal1,124.9650,94.0800,8.811e-11
Metal1,122.9550,141.1200,Metal1,124.9650,141.1200,1.477e-08
Metal1,122.9550,250.8800,Metal1,124.9650,250.8800,2.946e-15
Metal1,122.9900,125.4400,Metal1,123.3300,125.4400,4.059e-07
Metal1,123.0700,62.7200,Metal1,125.2650,62.7200,9.517e-08
Metal1,123.1450,156.8000,Metal1,123.3750,156.8000,1.685e-08
Metal1,123.2850,148.9600,Metal1,123.5150,148.9600,9.089e-07
Metal1,123.3300,125.4400,Metal1,126.1900,125.4400,4.580e-06
Metal1,123.3750,156.8000,Metal1,124.9650,156.8000,1.685e-08
Metal1,123.5150,148.9600,Metal1,124.9650,148.9600,9.089e-07
Metal1,123.5450,23.5200,Metal1,123.7750,23.5200,2.044e-08
Metal1,123.7750,23.5200,Metal1,126.9100,23.5200,3.258e-07
Metal1,123.8450,117.6000,Metal1,124.0750,117.6000,3.661e-07
Metal1,124.0750,117.6000,Metal1,124.9650,117.6000,5.027e-06
Metal1,124.4050,39.2000,Metal1,124.6350,39.2000,6.384e-12
Metal1,124.4050,47.0400,Metal1,124.6350,47.0400,1.058e-05
Metal1,124.4050,70.5600,Metal1,124.6350,70.5600,8.832e-09
Metal1,124.4050,78.4000,Metal1,124.6350,78.4000,7.942e-06
Metal1,124.4050,86.2400,Metal1,124.6350,86.2400,2.792e-07
Metal1,124.4050,101.9200,Metal1,124.6350,101.9200,1.963e-05
Metal1,124.4050,109.7600,Metal1,124.6350,109.7600,6.353e-06
Metal1,124.4050,133.2800,Metal1,124.6350,133.2800,6.717e-06
Metal1,124.4050,164.6400,Metal1,124.6350,164.6400,2.944e-07
Metal1,124.4050,172.4800,Metal1,124.6350,172.4800,1.493e-10
Metal1,124.4050,180.3200,Metal1,124.6350,180.3200,1.529e-10
Metal1,124.4050,188.1600,Metal1,124.6350,188.1600,1.514e-10
Metal1,124.4050,196.0000,Metal1,124.6350,196.0000,1.525e-10
Metal1,124.4050,203.8400,Metal1,124.6350,203.8400,1.525e-10
Metal1,124.4050,211.6800,Metal1,124.6350,211.6800,1.518e-10
Metal1,124.4050,219.5200,Metal1,124.6350,219.5200,1.527e-10
Metal1,124.4050,227.3600,Metal1,124.6350,227.3600,1.499e-10
Metal1,124.4050,235.2000,Metal1,124.6350,235.2000,1.505e-10
Metal1,124.4050,243.0400,Metal1,124.6350,243.0400,1.522e-10
Metal1,124.6250,54.8800,Metal1,124.8550,54.8800,2.647e-05
Metal1,124.6350,39.2000,Metal1,124.9650,39.2000,1.645e-11
Metal1,124.6350,47.0400,Metal1,124.9650,47.0400,1.058e-05
Metal1,124.6350,70.5600,Metal1,124.9650,70.5600,8.832e-09
Metal1,124.6350,78.4000,Metal1,124.9650,78.4000,7.942e-06
Metal1,124.6350,86.2400,Metal1,124.9650,86.2400,3.898e-06
Metal1,124.6350,101.9200,Metal1,124.9650,101.9200,1.963e-05
Metal1,124.6350,109.7600,Metal1,124.9650,109.7600,6.353e-06
Metal1,124.6350,133.2800,Metal1,124.9650,133.2800,6.717e-06
Metal1,124.6350,164.6400,Metal1,124.9650,164.6400,2.944e-07
Metal1,124.6350,172.4800,Metal1,124.9650,172.4800,1.493e-10
Metal1,124.6350,180.3200,Metal1,124.9650,180.3200,1.529e-10
Metal1,124.6350,188.1600,Metal1,124.9650,188.1600,1.513e-10
Metal1,124.6350,196.0000,Metal1,124.9650,196.0000,1.524e-10
Metal1,124.6350,203.8400,Metal1,124.9650,203.8400,1.524e-10
Metal1,124.6350,211.6800,Metal1,124.9650,211.6800,1.518e-10
Metal1,124.6350,219.5200,Metal1,124.9650,219.5200,1.527e-10
Metal1,124.6350,227.3600,Metal1,124.9650,227.3600,1.499e-10
Metal1,124.6350,235.2000,Metal1,124.9650,235.2000,1.504e-10
Metal1,124.6350,243.0400,Metal1,124.9650,243.0400,1.522e-10
Metal1,124.8550,54.8800,Metal1,124.9650,54.8800,2.647e-05
Metal1,124.9650,15.6800,Metal1,125.1950,15.6800,1.126e-04
Metal1,124.9650,31.3600,Metal1,125.1950,31.3600,6.347e-07
Metal1,124.9650,39.2000,Metal1,125.1950,39.2000,9.650e-13
Metal1,124.9650,47.0400,Metal1,125.1950,47.0400,2.823e-06
Metal1,124.9650,54.8800,Metal1,125.1950,54.8800,4.251e-06
Metal1,124.9650,70.5600,Metal1,125.1950,70.5600,2.500e-08
Metal1,124.9650,78.4000,Metal1,125.1950,78.4000,2.118e-06
Metal1,124.9650,86.2400,Metal1,125.1950,86.2400,8.394e-07
Metal1,124.9650,94.0800,Metal1,125.1950,94.0800,5.321e-08
Metal1,124.9650,101.9200,Metal1,125.1950,101.9200,5.236e-06
Metal1,124.9650,109.7600,Metal1,125.1950,109.7600,1.694e-06
Metal1,124.9650,117.6000,Metal1,125.1950,117.6000,4.582e-06
Metal1,124.9650,133.2800,Metal1,125.1950,133.2800,1.791e-06
Metal1,124.9650,141.1200,Metal1,125.1950,141.1200,4.725e-11
Metal1,124.9650,148.9600,Metal1,125.1950,148.9600,3.149e-06
Metal1,124.9650,156.8000,Metal1,125.1950,156.8000,1.211e-09
Metal1,124.9650,164.6400,Metal1,125.1950,164.6400,7.852e-08
Metal1,124.9650,172.4800,Metal1,125.1950,172.4800,3.979e-11
Metal1,124.9650,180.3200,Metal1,125.1950,180.3200,4.083e-11
Metal1,124.9650,188.1600,Metal1,125.1950,188.1600,4.038e-11
Metal1,124.9650,196.0000,Metal1,125.1950,196.0000,4.068e-11
Metal1,124.9650,203.8400,Metal1,125.1950,203.8400,4.068e-11
Metal1,124.9650,211.6800,Metal1,125.1950,211.6800,4.046e-11
Metal1,124.9650,219.5200,Metal1,125.1950,219.5200,4.068e-11
Metal1,124.9650,227.3600,Metal1,125.1950,227.3600,3.994e-11
Metal1,124.9650,235.2000,Metal1,125.1950,235.2000,4.008e-11
Metal1,124.9650,243.0400,Metal1,125.1950,243.0400,4.060e-11
Metal1,124.9650,250.8800,Metal1,125.1950,250.8800,1.262e-12
Metal1,125.1950,15.6800,Metal1,125.8500,15.6800,1.126e-04
Metal1,125.1950,31.3600,Metal1,125.6850,31.3600,6.347e-07
Metal1,125.1950,39.2000,Metal1,126.6450,39.2000,3.765e-12
Metal1,125.1950,47.0400,Metal1,126.6450,47.0400,2.823e-06
Metal1,125.1950,54.8800,Metal1,126.3650,54.8800,4.251e-06
Metal1,125.1950,70.5600,Metal1,126.6450,70.5600,2.500e-08
Metal1,125.1950,78.4000,Metal1,126.6450,78.4000,2.118e-06
Metal1,125.1950,86.2400,Metal1,126.6450,86.2400,8.394e-07
Metal1,125.1950,94.0800,Metal1,127.2050,94.0800,5.320e-08
Metal1,125.1950,101.9200,Metal1,126.6450,101.9200,5.236e-06
Metal1,125.1950,109.7600,Metal1,126.6450,109.7600,1.694e-06
Metal1,125.1950,117.6000,Metal1,126.0850,117.6000,4.582e-06
Metal1,125.1950,133.2800,Metal1,126.6450,133.2800,1.791e-06
Metal1,125.1950,141.1200,Metal1,127.2050,141.1200,4.715e-11
Metal1,125.1950,148.9600,Metal1,125.5250,148.9600,3.149e-06
Metal1,125.1950,156.8000,Metal1,127.2050,156.8000,5.948e-11
Metal1,125.1950,164.6400,Metal1,126.6450,164.6400,7.852e-08
Metal1,125.1950,172.4800,Metal1,126.6450,172.4800,3.983e-11
Metal1,125.1950,180.3200,Metal1,126.6450,180.3200,4.078e-11
Metal1,125.1950,188.1600,Metal1,126.6450,188.1600,4.035e-11
Metal1,125.1950,196.0000,Metal1,126.6450,196.0000,4.066e-11
Metal1,125.1950,203.8400,Metal1,126.6450,203.8400,4.066e-11
Metal1,125.1950,211.6800,Metal1,126.6450,211.6800,4.049e-11
Metal1,125.1950,219.5200,Metal1,126.6450,219.5200,4.074e-11
Metal1,125.1950,227.3600,Metal1,126.6450,227.3600,4.000e-11
Metal1,125.1950,235.2000,Metal1,126.6450,235.2000,4.013e-11
Metal1,125.1950,243.0400,Metal1,126.6450,243.0400,4.061e-11
Metal1,125.1950,250.8800,Metal1,127.2050,250.8800,1.270e-12
Metal1,125.2650,62.7200,Metal1,125.4950,62.7200,2.948e-07
Metal1,125.4950,62.7200,Metal1,126.7250,62.7200,2.948e-07
Metal1,125.5250,148.9600,Metal1,125.7550,148.9600,1.611e-07
Metal1,125.6850,31.3600,Metal1,125.9150,31.3600,4.290e-08
Metal1,125.7550,148.9600,Metal1,127.2050,148.9600,8.989e-07
Metal1,125.8500,15.6800,Metal1,126.1900,15.6800,1.067e-04
Metal1,125.9150,31.3600,Metal1,127.2050,31.3600,2.353e-08
Metal1,126.0850,117.6000,Metal1,126.3150,117.6000,4.585e-06
Metal1,126.1900,15.6800,Metal1,127.5300,15.6800,1.067e-04
Metal1,126.1900,125.4400,Metal1,126.5300,125.4400,8.101e-06
Metal1,126.3150,117.6000,Metal1,127.2050,117.6000,4.585e-06
Metal1,126.3650,54.8800,Metal1,126.5950,54.8800,7.840e-06
Metal1,126.5300,125.4400,Metal1,127.9850,125.4400,8.101e-06
Metal1,126.5950,54.8800,Metal1,127.2050,54.8800,7.840e-06
Metal1,126.6450,39.2000,Metal1,126.8750,39.2000,1.366e-11
Metal1,126.6450,47.0400,Metal1,126.8750,47.0400,1.058e-05
Metal1,126.6450,70.5600,Metal1,126.7500,69.9950,2.500e-08
Metal1,126.6450,78.4000,Metal1,126.8750,78.4000,7.951e-06
Metal1,126.6450,86.2400,Metal1,126.8750,86.2400,3.146e-06
Metal1,126.6450,101.9200,Metal1,126.8750,101.9200,1.966e-05
Metal1,126.6450,109.7600,Metal1,126.8750,109.7600,6.362e-06
Metal1,126.6450,133.2800,Metal1,126.8750,133.2800,6.724e-06
Metal1,126.6450,164.6400,Metal1,126.8750,164.6400,2.944e-07
Metal1,126.6450,172.4800,Metal1,126.8750,172.4800,1.493e-10
Metal1,126.6450,180.3200,Metal1,126.8750,180.3200,1.530e-10
Metal1,126.6450,188.1600,Metal1,126.8750,188.1600,1.514e-10
Metal1,126.6450,196.0000,Metal1,126.8750,196.0000,1.525e-10
Metal1,126.6450,203.8400,Metal1,126.8750,203.8400,1.525e-10
Metal1,126.6450,211.6800,Metal1,126.8750,211.6800,1.519e-10
Metal1,126.6450,219.5200,Metal1,126.8750,219.5200,1.528e-10
Metal1,126.6450,227.3600,Metal1,126.8750,227.3600,1.501e-10
Metal1,126.6450,235.2000,Metal1,126.8750,235.2000,1.505e-10
Metal1,126.6450,243.0400,Metal1,126.8750,243.0400,1.523e-10
Metal1,126.7250,62.7200,Metal1,126.9550,62.7200,2.822e-05
Metal1,126.7500,69.9950,Metal1,126.8750,70.9050,1.842e-05
Metal1,126.8750,39.2000,Metal1,127.2050,39.2000,1.355e-11
Metal1,126.8750,47.0400,Metal1,127.2050,47.0400,1.058e-05
Metal1,126.8750,70.9050,Metal1,127.0900,70.5600,1.333e-07
Metal1,126.8750,78.4000,Metal1,127.2050,78.4000,7.951e-06
Metal1,126.8750,86.2400,Metal1,127.2050,86.2400,3.146e-06
Metal1,126.8750,101.9200,Metal1,127.2050,101.9200,1.966e-05
Metal1,126.8750,109.7600,Metal1,127.2050,109.7600,6.362e-06
Metal1,126.8750,133.2800,Metal1,127.2050,133.2800,6.724e-06
Metal1,126.8750,164.6400,Metal1,127.2050,164.6400,2.944e-07
Metal1,126.8750,172.4800,Metal1,127.2050,172.4800,1.494e-10
Metal1,126.8750,180.3200,Metal1,127.2050,180.3200,1.529e-10
Metal1,126.8750,188.1600,Metal1,127.2050,188.1600,1.513e-10
Metal1,126.8750,196.0000,Metal1,127.2050,196.0000,1.525e-10
Metal1,126.8750,203.8400,Metal1,127.2050,203.8400,1.525e-10
Metal1,126.8750,211.6800,Metal1,127.2050,211.6800,1.518e-10
Metal1,126.8750,219.5200,Metal1,127.2050,219.5200,1.527e-10
Metal1,126.8750,227.3600,Metal1,127.2050,227.3600,1.500e-10
Metal1,126.8750,235.2000,Metal1,127.2050,235.2000,1.505e-10
Metal1,126.8750,243.0400,Metal1,127.2050,243.0400,1.523e-10
Metal1,126.9100,23.5200,Metal1,127.2500,23.5200,3.612e-08
Metal1,126.9550,62.7200,Metal1,128.8850,62.7200,4.179e-06
Metal1,127.0900,70.5600,Metal1,128.7450,70.5600,3.855e-09
Metal1,127.2050,31.3600,Metal1,127.4350,31.3600,7.460e-11
Metal1,127.2050,39.2000,Metal1,127.4350,39.2000,2.390e-11
Metal1,127.2050,47.0400,Metal1,127.4350,47.0400,4.346e-08
Metal1,127.2050,54.8800,Metal1,127.4350,54.8800,2.485e-08
Metal1,127.2050,78.4000,Metal1,127.4350,78.4000,5.700e-07
Metal1,127.2050,86.2400,Metal1,127.4350,86.2400,8.426e-07
Metal1,127.2050,94.0800,Metal1,127.3100,93.5150,5.320e-08
Metal1,127.2050,101.9200,Metal1,127.4350,101.9200,1.701e-06
Metal1,127.2050,109.7600,Metal1,127.4350,109.7600,5.520e-07
Metal1,127.2050,117.6000,Metal1,127.4350,117.6000,4.585e-06
Metal1,127.2050,133.2800,Metal1,127.4350,133.2800,4.834e-07
Metal1,127.2050,141.1200,Metal1,127.4350,141.1200,1.444e-08
Metal1,127.2050,148.9600,Metal1,127.4350,148.9600,3.133e-06
Metal1,127.2050,156.8000,Metal1,127.4350,156.8000,1.684e-08
Metal1,127.2050,164.6400,Metal1,127.4350,164.6400,1.240e-09
Metal1,127.2050,172.4800,Metal1,127.4350,172.4800,1.188e-12
Metal1,127.2050,180.3200,Metal1,127.4350,180.3200,1.262e-12
Metal1,127.2050,188.1600,Metal1,127.4350,188.1600,1.262e-12
Metal1,127.2050,196.0000,Metal1,127.4350,196.0000,1.336e-12
Metal1,127.2050,203.8400,Metal1,127.4350,203.8400,1.262e-12
Metal1,127.2050,211.6800,Metal1,127.4350,211.6800,1.113e-12
Metal1,127.2050,219.5200,Metal1,127.4350,219.5200,1.262e-12
Metal1,127.2050,227.3600,Metal1,127.4350,227.3600,1.336e-12
Metal1,127.2050,235.2000,Metal1,127.4350,235.2000,1.336e-12
Metal1,127.2050,243.0400,Metal1,127.4350,243.0400,1.262e-12
Metal1,127.2050,250.8800,Metal1,127.4350,250.8800,4.003e-10
Metal1,127.2500,23.5200,Metal1,130.8900,23.5200,1.125e-06
Metal1,127.3100,93.5150,Metal1,127.4350,94.4250,4.228e-05
Metal1,127.4350,31.3600,Metal1,129.4450,31.3600,7.456e-11
Metal1,127.4350,39.2000,Metal1,128.8850,39.2000,5.121e-12
Metal1,127.4350,47.0400,Metal1,128.8850,47.0400,4.346e-08
Metal1,127.4350,54.8800,Metal1,129.4450,54.8800,2.485e-08
Metal1,127.4350,78.4000,Metal1,128.8850,78.4000,8.735e-11
Metal1,127.4350,86.2400,Metal1,128.8850,86.2400,8.426e-07
Metal1,127.4350,94.4250,Metal1,127.6500,94.0800,1.071e-07
Metal1,127.4350,101.9200,Metal1,128.8850,101.9200,4.103e-06
Metal1,127.4350,109.7600,Metal1,128.8850,109.7600,1.348e-06
Metal1,127.4350,117.6000,Metal1,128.3250,117.6000,4.585e-06
Metal1,127.4350,133.2800,Metal1,128.8850,133.2800,2.683e-08
Metal1,127.4350,141.1200,Metal1,129.4450,141.1200,1.444e-08
Metal1,127.4350,148.9600,Metal1,127.7650,148.9600,3.133e-06
Metal1,127.4350,156.8000,Metal1,127.4700,156.8000,1.684e-08
Metal1,127.4350,164.6400,Metal1,128.8850,164.6400,1.240e-09
Metal1,127.4350,172.4800,Metal1,128.8850,172.4800,1.331e-12
Metal1,127.4350,180.3200,Metal1,128.8850,180.3200,1.319e-12
Metal1,127.4350,188.1600,Metal1,128.8850,188.1600,1.343e-12
Metal1,127.4350,196.0000,Metal1,128.8850,196.0000,1.339e-12
Metal1,127.4350,203.8400,Metal1,128.8850,203.8400,1.335e-12
Metal1,127.4350,211.6800,Metal1,128.8850,211.6800,1.245e-12
Metal1,127.4350,219.5200,Metal1,128.8850,219.5200,1.343e-12
Metal1,127.4350,227.3600,Metal1,128.8850,227.3600,1.327e-12
Metal1,127.4350,235.2000,Metal1,128.8850,235.2000,1.327e-12
Metal1,127.4350,243.0400,Metal1,128.8850,243.0400,1.339e-12
Metal1,127.4350,250.8800,Metal1,129.4450,250.8800,2.607e-12
Metal1,127.4700,156.8000,Metal1,127.8100,156.8000,6.314e-08
Metal1,127.5300,15.6800,Metal1,127.8700,15.6800,1.021e-04
Metal1,127.6500,94.0800,Metal1,129.3050,94.0800,1.071e-07
Metal1,127.7650,148.9600,Metal1,127.9950,148.9600,8.396e-07
Metal1,127.8100,156.8000,Metal1,129.4450,156.8000,1.117e-08
Metal1,127.8700,15.6800,Metal1,129.2100,15.6800,1.021e-04
Metal1,127.9850,125.4400,Metal1,128.1850,124.9475,8.357e-07
Metal1,127.9950,148.9600,Metal1,129.4450,148.9600,8.396e-07
Metal1,128.1850,124.9475,Metal1,128.2150,125.6575,8.357e-07
Metal1,128.2150,125.6575,Metal1,128.4150,125.4400,6.667e-06
Metal1,128.3250,117.6000,Metal1,128.5550,117.6000,4.617e-06
Metal1,128.4150,125.4400,Metal1,129.7250,125.4400,6.667e-06
Metal1,128.5550,117.6000,Metal1,129.4450,117.6000,4.617e-06
Metal1,128.7450,70.5600,Metal1,128.8850,70.7775,1.335e-09
Metal1,128.8850,39.2000,Metal1,129.1150,39.2000,1.893e-11
Metal1,128.8850,47.0400,Metal1,129.1150,47.0400,9.062e-09
Metal1,128.8850,62.7200,Metal1,129.1150,62.7200,1.890e-05
Metal1,128.8850,70.7775,Metal1,128.9750,69.9950,1.335e-09
Metal1,128.8850,78.4000,Metal1,129.1150,78.4000,9.582e-09
Metal1,128.8850,86.2400,Metal1,129.1150,86.2400,3.146e-06
Metal1,128.8850,101.9200,Metal1,129.1150,101.9200,1.426e-05
Metal1,128.8850,109.7600,Metal1,129.1150,109.7600,4.685e-06
Metal1,128.8850,133.2800,Metal1,129.1150,133.2800,5.577e-09
Metal1,128.8850,164.6400,Metal1,129.1150,164.6400,1.377e-10
Metal1,128.8850,172.4800,Metal1,129.1150,172.4800,2.450e-12
Metal1,128.8850,180.3200,Metal1,129.1150,180.3200,2.375e-12
Metal1,128.8850,188.1600,Metal1,129.1150,188.1600,2.450e-12
Metal1,128.8850,196.0000,Metal1,129.1150,196.0000,2.450e-12
Metal1,128.8850,203.8400,Metal1,129.1150,203.8400,2.450e-12
Metal1,128.8850,211.6800,Metal1,129.1150,211.6800,2.153e-12
Metal1,128.8850,219.5200,Metal1,129.1150,219.5200,2.450e-12
Metal1,128.8850,227.3600,Metal1,129.1150,227.3600,2.450e-12
Metal1,128.8850,235.2000,Metal1,129.1150,235.2000,2.450e-12
Metal1,128.8850,243.0400,Metal1,129.1150,243.0400,2.450e-12
Metal1,128.9750,69.9950,Metal1,129.1150,70.5600,1.385e-07
Metal1,129.1150,39.2000,Metal1,129.4450,39.2000,1.891e-11
Metal1,129.1150,47.0400,Metal1,129.4450,47.0400,9.062e-09
Metal1,129.1150,62.7200,Metal1,129.4450,62.7200,1.890e-05
Metal1,129.1150,70.5600,Metal1,132.0700,70.5600,1.385e-07
Metal1,129.1150,78.4000,Metal1,129.4450,78.4000,9.582e-09
Metal1,129.1150,86.2400,Metal1,129.4450,86.2400,3.146e-06
Metal1,129.1150,101.9200,Metal1,129.4450,101.9200,1.426e-05
Metal1,129.1150,109.7600,Metal1,129.4450,109.7600,4.685e-06
Metal1,129.1150,133.2800,Metal1,129.4450,133.2800,1.047e-07
Metal1,129.1150,164.6400,Metal1,129.4450,164.6400,1.376e-10
Metal1,129.1150,172.4800,Metal1,129.4450,172.4800,2.512e-12
Metal1,129.1150,180.3200,Metal1,129.4450,180.3200,2.386e-12
Metal1,129.1150,188.1600,Metal1,129.4450,188.1600,2.512e-12
Metal1,129.1150,196.0000,Metal1,129.4450,196.0000,2.512e-12
Metal1,129.1150,203.8400,Metal1,129.4450,203.8400,2.458e-12
Metal1,129.1150,211.6800,Metal1,129.4450,211.6800,2.135e-12
Metal1,129.1150,219.5200,Metal1,129.4450,219.5200,2.494e-12
Metal1,129.1150,227.3600,Metal1,129.4450,227.3600,2.476e-12
Metal1,129.1150,235.2000,Metal1,129.4450,235.2000,2.476e-12
Metal1,129.1150,243.0400,Metal1,129.4450,243.0400,2.494e-12
Metal1,129.2100,15.6800,Metal1,129.5500,15.6800,9.816e-05
Metal1,129.3050,94.0800,Metal1,129.4450,94.2975,1.427e-10
Metal1,129.4450,31.3600,Metal1,129.6750,31.3600,3.192e-12
Metal1,129.4450,39.2000,Metal1,129.6750,39.2000,3.808e-11
Metal1,129.4450,47.0400,Metal1,129.6750,47.0400,2.265e-09
Metal1,129.4450,54.8800,Metal1,129.6750,54.8800,3.427e-10
Metal1,129.4450,62.7200,Metal1,129.6750,62.7200,5.142e-06
Metal1,129.4450,78.4000,Metal1,129.6750,78.4000,5.714e-08
Metal1,129.4450,86.2400,Metal1,129.6750,86.2400,8.425e-07
Metal1,129.4450,94.2975,Metal1,129.5350,93.5150,1.427e-10
Metal1,129.4450,101.9200,Metal1,129.6750,101.9200,3.880e-06
Metal1,129.4450,109.7600,Metal1,129.6750,109.7600,1.274e-06
Metal1,129.4450,117.6000,Metal1,129.6750,117.6000,2.380e-08
Metal1,129.4450,133.2800,Metal1,129.6750,133.2800,2.359e-08
Metal1,129.4450,141.1200,Metal1,129.6750,141.1200,4.158e-10
Metal1,129.4450,148.9600,Metal1,129.6750,148.9600,3.134e-06
Metal1,129.4450,156.8000,Metal1,129.6750,156.8000,1.381e-06
Metal1,129.4450,164.6400,Metal1,129.6750,164.6400,3.184e-11
Metal1,129.4450,172.4800,Metal1,129.6750,172.4800,7.423e-13
Metal1,129.4450,180.3200,Metal1,129.6750,180.3200,6.681e-13
Metal1,129.4450,188.1600,Metal1,129.6750,188.1600,7.423e-13
Metal1,129.4450,196.0000,Metal1,129.6750,196.0000,6.681e-13
Metal1,129.4450,203.8400,Metal1,129.6750,203.8400,6.681e-13
Metal1,129.4450,211.6800,Metal1,129.6750,211.6800,5.938e-13
Metal1,129.4450,219.5200,Metal1,129.6750,219.5200,6.681e-13
Metal1,129.4450,227.3600,Metal1,129.6750,227.3600,6.681e-13
Metal1,129.4450,235.2000,Metal1,129.6750,235.2000,6.681e-13
Metal1,129.4450,243.0400,Metal1,129.6750,243.0400,7.423e-13
Metal1,129.4450,250.8800,Metal1,129.6750,250.8800,3.905e-10
Metal1,129.5350,93.5150,Metal1,129.6750,94.0800,3.913e-13
Metal1,129.5500,15.6800,Metal1,130.8900,15.6800,9.816e-05
Metal1,129.6750,31.3600,Metal1,130.5650,31.3600,3.247e-12
Metal1,129.6750,39.2000,Metal1,131.1250,39.2000,2.807e-11
Metal1,129.6750,47.0400,Metal1,131.1250,47.0400,2.265e-09
Metal1,129.6750,54.8800,Metal1,130.0050,54.8800,3.427e-10
Metal1,129.6750,62.7200,Metal1,131.1250,62.7200,5.142e-06
Metal1,129.6750,78.4000,Metal1,131.6850,78.4000,5.712e-08
Metal1,129.6750,86.2400,Metal1,131.1250,86.2400,8.425e-07
Metal1,129.6750,94.0800,Metal1,131.6850,94.0800,4.448e-13
Metal1,129.6750,101.9200,Metal1,131.1250,101.9200,3.880e-06
Metal1,129.6750,109.7600,Metal1,131.1250,109.7600,1.274e-06
Metal1,129.6750,117.6000,Metal1,130.5650,117.6000,2.380e-08
Metal1,129.6750,133.2800,Metal1,131.1250,133.2800,2.359e-08
Metal1,129.6750,141.1200,Metal1,131.6850,141.1200,1.395e-11
Metal1,129.6750,148.9600,Metal1,130.0050,148.9600,3.134e-06
Metal1,129.6750,156.8000,Metal1,131.7900,156.8000,1.381e-06
Metal1,129.6750,164.6400,Metal1,131.1250,164.6400,3.188e-11
Metal1,129.6750,172.4800,Metal1,131.1250,172.4800,6.820e-13
Metal1,129.6750,180.3200,Metal1,131.1250,180.3200,6.493e-13
Metal1,129.6750,188.1600,Metal1,131.1250,188.1600,6.820e-13
Metal1,129.6750,196.0000,Metal1,131.1250,196.0000,6.860e-13
Metal1,129.6750,203.8400,Metal1,131.1250,203.8400,6.738e-13
Metal1,129.6750,211.6800,Metal1,131.1250,211.6800,5.880e-13
Metal1,129.6750,219.5200,Metal1,131.1250,219.5200,6.779e-13
Metal1,129.6750,227.3600,Metal1,131.1250,227.3600,6.738e-13
Metal1,129.6750,235.2000,Metal1,131.1250,235.2000,6.738e-13
Metal1,129.6750,243.0400,Metal1,131.1250,243.0400,6.738e-13
Metal1,129.6750,250.8800,Metal1,131.4300,250.8800,3.804e-10
Metal1,129.7250,125.4400,Metal1,129.9550,125.4400,4.959e-06
Metal1,129.9550,125.4400,Metal1,132.5100,125.4400,4.959e-06
Metal1,130.0050,54.8800,Metal1,130.2350,54.8800,2.553e-11
Metal1,130.0050,148.9600,Metal1,130.2350,148.9600,8.534e-07
Metal1,130.2350,54.8800,Metal1,131.6850,54.8800,1.437e-11
Metal1,130.2350,148.9600,Metal1,131.6850,148.9600,8.534e-07
Metal1,130.5650,31.3600,Metal1,130.7950,31.3600,0.000e+00
Metal1,130.5650,117.6000,Metal1,130.7950,117.6000,2.292e-09
Metal1,130.7950,31.3600,Metal1,131.6850,31.3600,4.078e-12
Metal1,130.7950,117.6000,Metal1,131.6850,117.6000,8.200e-09
Metal1,130.8900,15.6800,Metal1,131.2300,15.6800,9.232e-05
Metal1,130.8900,23.5200,Metal1,131.2300,23.5200,4.720e-06
Metal1,131.1250,39.2000,Metal1,131.2900,38.6350,7.778e-09
Metal1,131.1250,47.0400,Metal1,131.3550,47.0400,5.819e-10
Metal1,131.1250,62.7200,Metal1,131.3550,62.7200,3.724e-07
Metal1,131.1250,86.2400,Metal1,131.3550,86.2400,3.161e-06
Metal1,131.1250,101.9200,Metal1,131.3550,101.9200,9.869e-07
Metal1,131.1250,109.7600,Metal1,131.3550,109.7600,3.245e-07
Metal1,131.1250,133.2800,Metal1,131.3550,133.2800,1.551e-07
Metal1,131.1250,164.6400,Metal1,131.3550,164.6400,8.314e-12
Metal1,131.1250,172.4800,Metal1,131.3550,172.4800,2.227e-13
Metal1,131.1250,180.3200,Metal1,131.3550,180.3200,1.485e-13
Metal1,131.1250,188.1600,Metal1,131.3550,188.1600,2.227e-13
Metal1,131.1250,196.0000,Metal1,131.3550,196.0000,2.227e-13
Metal1,131.1250,203.8400,Metal1,131.3550,203.8400,7.423e-14
Metal1,131.1250,211.6800,Metal1,131.3550,211.6800,2.227e-13
Metal1,131.1250,219.5200,Metal1,131.3550,219.5200,7.423e-14
Metal1,131.1250,227.3600,Metal1,131.3550,227.3600,7.423e-14
Metal1,131.1250,235.2000,Metal1,131.3550,235.2000,1.485e-13
Metal1,131.1250,243.0400,Metal1,131.3550,243.0400,7.423e-14
Metal1,131.2300,15.6800,Metal1,131.4300,15.6800,9.232e-05
Metal1,131.2300,23.5200,Metal1,131.9050,23.5200,4.720e-06
Metal1,131.2900,38.6350,Metal1,131.3550,39.7450,7.778e-09
Metal1,131.3550,39.7450,Metal1,131.5200,39.2000,2.126e-11
Metal1,131.3550,47.0400,Metal1,131.6850,47.0400,1.039e-08
Metal1,131.3550,62.7200,Metal1,131.9450,62.7200,5.821e-08
Metal1,131.3550,86.2400,Metal1,131.6850,86.2400,3.161e-06
Metal1,131.3550,101.9200,Metal1,131.6850,101.9200,1.766e-05
Metal1,131.3550,109.7600,Metal1,131.6850,109.7600,5.805e-06
Metal1,131.3550,133.2800,Metal1,131.6850,133.2800,1.551e-07
Metal1,131.3550,164.6400,Metal1,131.6850,164.6400,1.464e-10
Metal1,131.3550,172.4800,Metal1,131.6850,172.4800,3.104e-12
Metal1,131.3550,180.3200,Metal1,131.6850,180.3200,2.996e-12
Metal1,131.3550,188.1600,Metal1,131.6850,188.1600,3.140e-12
Metal1,131.3550,196.0000,Metal1,131.6850,196.0000,3.104e-12
Metal1,131.3550,203.8400,Metal1,131.6850,203.8400,3.122e-12
Metal1,131.3550,211.6800,Metal1,131.6850,211.6800,2.656e-12
Metal1,131.3550,219.5200,Metal1,131.6850,219.5200,3.122e-12
Metal1,131.3550,227.3600,Metal1,131.6850,227.3600,3.122e-12
Metal1,131.3550,235.2000,Metal1,131.6850,235.2000,3.104e-12
Metal1,131.3550,243.0400,Metal1,131.6850,243.0400,3.122e-12
Metal1,131.4300,15.6800,Metal1,131.7700,15.6800,9.232e-05
Metal1,131.4300,250.8800,Metal1,131.7700,250.8800,3.702e-10
Metal1,131.5200,39.2000,Metal1,133.3300,39.2000,1.415e-09
Metal1,131.6850,31.3600,Metal1,131.9150,31.3600,0.000e+00
Metal1,131.6850,47.0400,Metal1,131.9150,47.0400,5.728e-10
Metal1,131.6850,54.8800,Metal1,131.9150,54.8800,2.895e-12
Metal1,131.6850,78.4000,Metal1,131.9150,78.4000,1.801e-05
Metal1,131.6850,86.2400,Metal1,131.9150,86.2400,1.618e-07
Metal1,131.6850,94.0800,Metal1,131.9150,94.0800,1.348e-10
Metal1,131.6850,101.9200,Metal1,131.9150,101.9200,4.617e-06
Metal1,131.6850,109.7600,Metal1,131.9150,109.7600,1.298e-06
Metal1,131.6850,117.6000,Metal1,131.9150,117.6000,5.270e-12
Metal1,131.6850,133.2800,Metal1,131.9150,133.2800,1.523e-05
Metal1,131.6850,141.1200,Metal1,131.9150,141.1200,4.277e-10
Metal1,131.6850,148.9600,Metal1,131.9150,148.9600,6.116e-08
Metal1,131.6850,164.6400,Metal1,131.9150,164.6400,8.091e-12
Metal1,131.6850,172.4800,Metal1,131.9150,172.4800,2.227e-13
Metal1,131.6850,180.3200,Metal1,131.9150,180.3200,2.227e-13
Metal1,131.6850,188.1600,Metal1,131.9150,188.1600,1.485e-13
Metal1,131.6850,196.0000,Metal1,131.9150,196.0000,2.227e-13
Metal1,131.6850,203.8400,Metal1,131.9150,203.8400,7.423e-14
Metal1,131.6850,211.6800,Metal1,131.9150,211.6800,2.227e-13
Metal1,131.6850,219.5200,Metal1,131.9150,219.5200,2.227e-13
Metal1,131.6850,227.3600,Metal1,131.9150,227.3600,1.485e-13
Metal1,131.6850,235.2000,Metal1,131.9150,235.2000,2.227e-13
Metal1,131.6850,243.0400,Metal1,131.9150,243.0400,2.227e-13
Metal1,131.7700,15.6800,Metal1,133.9250,15.6800,5.677e-07
Metal1,131.7700,250.8800,Metal1,133.9250,250.8800,3.702e-10
Metal1,131.7900,156.8000,Metal1,132.1300,156.8000,6.083e-06
Metal1,131.9050,23.5200,Metal1,132.1350,23.5200,3.423e-07
Metal1,131.9150,31.3600,Metal1,132.8050,31.3600,4.085e-12
Metal1,131.9150,47.0400,Metal1,133.3650,47.0400,2.392e-09
Metal1,131.9150,54.8800,Metal1,132.2450,54.8800,5.578e-11
Metal1,131.9150,78.4000,Metal1,132.3700,78.4000,1.801e-05
Metal1,131.9150,86.2400,Metal1,133.3650,86.2400,9.021e-07
Metal1,131.9150,94.0800,Metal1,133.6300,94.0800,1.025e-10
Metal1,131.9150,101.9200,Metal1,133.0650,101.9200,4.617e-06
Metal1,131.9150,109.7600,Metal1,133.3650,109.7600,1.298e-06
Metal1,131.9150,117.6000,Metal1,132.8050,117.6000,8.128e-09
Metal1,131.9150,133.2800,Metal1,131.9450,133.2800,1.523e-05
Metal1,131.9150,141.1200,Metal1,133.9250,141.1200,8.190e-13
Metal1,131.9150,148.9600,Metal1,132.2450,148.9600,7.079e-10
Metal1,131.9150,164.6400,Metal1,133.3650,164.6400,3.371e-11
Metal1,131.9150,172.4800,Metal1,133.3650,172.4800,7.105e-13
Metal1,131.9150,180.3200,Metal1,133.3650,180.3200,6.901e-13
Metal1,131.9150,188.1600,Metal1,133.3650,188.1600,7.187e-13
Metal1,131.9150,196.0000,Metal1,133.3650,196.0000,7.146e-13
Metal1,131.9150,203.8400,Metal1,133.3650,203.8400,7.065e-13
Metal1,131.9150,211.6800,Metal1,133.3650,211.6800,6.125e-13
Metal1,131.9150,219.5200,Metal1,133.3650,219.5200,7.146e-13
Metal1,131.9150,227.3600,Metal1,133.3650,227.3600,7.105e-13
Metal1,131.9150,235.2000,Metal1,133.3650,235.2000,7.187e-13
Metal1,131.9150,243.0400,Metal1,133.3650,243.0400,7.187e-13
Metal1,131.9450,62.7200,Metal1,132.1750,62.7200,2.337e-08
Metal1,131.9450,133.2800,Metal1,132.1750,133.2800,2.113e-06
Metal1,132.0700,70.5600,Metal1,132.4100,70.5600,4.198e-08
Metal1,132.1300,156.8000,Metal1,132.4650,156.8000,6.083e-06
Metal1,132.1350,23.5200,Metal1,133.6450,23.5200,3.423e-07
Metal1,132.1750,62.7200,Metal1,133.3650,62.7200,2.337e-08
Metal1,132.1750,133.2800,Metal1,133.9250,133.2800,1.487e-05
Metal1,132.2450,54.8800,Metal1,132.4750,54.8800,2.623e-10
Metal1,132.2450,148.9600,Metal1,132.4750,148.9600,5.864e-11
Metal1,132.3700,78.4000,Metal1,132.6000,78.4000,4.597e-07
Metal1,132.4100,70.5600,Metal1,133.0700,70.5600,1.121e-06
Metal1,132.4650,156.8000,Metal1,132.6950,156.8000,2.525e-06
Metal1,132.4750,54.8800,Metal1,133.9250,54.8800,1.421e-12
Metal1,132.4750,148.9600,Metal1,133.9250,148.9600,1.113e-10
Metal1,132.5100,125.4400,Metal1,132.8500,125.4400,2.244e-07
Metal1,132.6000,78.4000,Metal1,132.9650,78.4000,4.597e-07
Metal1,132.6950,156.8000,Metal1,133.7850,156.8000,2.525e-06
Metal1,132.8050,31.3600,Metal1,133.0350,31.3600,1.485e-12
Metal1,132.8050,117.6000,Metal1,133.0350,117.6000,7.466e-09
Metal1,132.8500,125.4400,Metal1,133.3650,125.4400,6.348e-09
Metal1,132.9650,78.4000,Metal1,133.1950,78.4000,1.833e-08
Metal1,133.0350,31.3600,Metal1,133.9250,31.3600,1.510e-12
Metal1,133.0350,117.6000,Metal1,133.9250,117.6000,7.466e-09
Metal1,133.0650,101.9200,Metal1,133.2950,101.9200,1.547e-06
Metal1,133.0700,70.5600,Metal1,133.4100,70.5600,5.035e-08
Metal1,133.1950,78.4000,Metal1,136.4700,78.4000,1.571e-05
Metal1,133.2950,101.9200,Metal1,133.3650,101.9200,1.547e-06
Metal1,133.3300,39.2000,Metal1,133.3650,39.7450,1.415e-09
Metal1,133.3650,39.7450,Metal1,133.5600,38.6350,9.629e-06
Metal1,133.3650,47.0400,Metal1,133.5950,47.0400,8.341e-09
Metal1,133.3650,62.7200,Metal1,133.5950,62.7200,3.560e-07
Metal1,133.3650,86.2400,Metal1,133.5950,86.2400,3.159e-06
Metal1,133.3650,101.9200,Metal1,133.5950,101.9200,2.457e-06
Metal1,133.3650,109.7600,Metal1,133.5950,109.7600,6.235e-06
Metal1,133.3650,125.4400,Metal1,133.5950,125.4400,4.562e-10
Metal1,133.3650,164.6400,Metal1,133.5950,164.6400,1.176e-10
Metal1,133.3650,172.4800,Metal1,133.5950,172.4800,2.450e-12
Metal1,133.3650,180.3200,Metal1,133.5950,180.3200,2.375e-12
Metal1,133.3650,188.1600,Metal1,133.5950,188.1600,2.450e-12
Metal1,133.3650,196.0000,Metal1,133.5950,196.0000,2.450e-12
Metal1,133.3650,203.8400,Metal1,133.5950,203.8400,2.524e-12
Metal1,133.3650,211.6800,Metal1,133.5950,211.6800,2.153e-12
Metal1,133.3650,219.5200,Metal1,133.5950,219.5200,2.450e-12
Metal1,133.3650,227.3600,Metal1,133.5950,227.3600,2.450e-12
Metal1,133.3650,235.2000,Metal1,133.5950,235.2000,2.450e-12
Metal1,133.3650,243.0400,Metal1,133.5950,243.0400,2.524e-12
Metal1,133.4100,70.5600,Metal1,136.4700,70.5600,6.392e-09
Metal1,133.5600,38.6350,Metal1,133.5950,39.2000,9.629e-06
Metal1,133.5950,39.2000,Metal1,135.6050,39.2000,3.183e-08
Metal1,133.5950,47.0400,Metal1,133.9250,47.0400,8.340e-09
Metal1,133.5950,62.7200,Metal1,135.6050,62.7200,7.676e-08
Metal1,133.5950,86.2400,Metal1,133.9250,86.2400,3.159e-06
Metal1,133.5950,101.9200,Metal1,135.6050,101.9200,2.564e-07
Metal1,133.5950,109.7600,Metal1,133.9250,109.7600,6.235e-06
Metal1,133.5950,125.4400,Metal1,135.6050,125.4400,2.238e-11
Metal1,133.5950,164.6400,Metal1,133.9250,164.6400,1.175e-10
Metal1,133.5950,172.4800,Metal1,133.9250,172.4800,2.476e-12
Metal1,133.5950,180.3200,Metal1,133.9250,180.3200,2.422e-12
Metal1,133.5950,188.1600,Metal1,133.9250,188.1600,2.530e-12
Metal1,133.5950,196.0000,Metal1,133.9250,196.0000,2.512e-12
Metal1,133.5950,203.8400,Metal1,133.9250,203.8400,2.476e-12
Metal1,133.5950,211.6800,Metal1,133.9250,211.6800,2.153e-12
Metal1,133.5950,219.5200,Metal1,133.9250,219.5200,2.494e-12
Metal1,133.5950,227.3600,Metal1,133.9250,227.3600,2.494e-12
Metal1,133.5950,235.2000,Metal1,133.9250,235.2000,2.512e-12
Metal1,133.5950,243.0400,Metal1,133.9250,243.0400,2.512e-12
Metal1,133.6300,94.0800,Metal1,133.9250,94.5400,1.225e-11
Metal1,133.6450,23.5200,Metal1,133.8750,23.5200,8.741e-05
Metal1,133.7850,156.8000,Metal1,134.0150,156.8000,9.178e-06
Metal1,133.8750,23.5200,Metal1,134.4850,23.5200,8.741e-05
Metal1,133.9250,15.6800,Metal1,134.1550,15.6800,9.232e-05
Metal1,133.9250,31.3600,Metal1,134.1550,31.3600,7.719e-10
Metal1,133.9250,47.0400,Metal1,134.1550,47.0400,2.233e-09
Metal1,133.9250,54.8800,Metal1,134.1550,54.8800,1.351e-11
Metal1,133.9250,86.2400,Metal1,134.1550,86.2400,4.122e-08
Metal1,133.9250,94.5400,Metal1,133.9700,93.5150,1.225e-11
Metal1,133.9250,109.7600,Metal1,134.1550,109.7600,3.201e-07
Metal1,133.9250,117.6000,Metal1,134.1550,117.6000,2.890e-10
Metal1,133.9250,133.2800,Metal1,134.1550,133.2800,1.069e-06
Metal1,133.9250,141.1200,Metal1,134.1550,141.1200,6.676e-11
Metal1,133.9250,148.9600,Metal1,134.1550,148.9600,3.852e-10
Metal1,133.9250,164.6400,Metal1,134.1550,164.6400,2.880e-11
Metal1,133.9250,172.4800,Metal1,134.1550,172.4800,6.681e-13
Metal1,133.9250,180.3200,Metal1,134.1550,180.3200,6.681e-13
Metal1,133.9250,188.1600,Metal1,134.1550,188.1600,6.681e-13
Metal1,133.9250,196.0000,Metal1,134.1550,196.0000,6.681e-13
Metal1,133.9250,203.8400,Metal1,134.1550,203.8400,7.423e-13
Metal1,133.9250,211.6800,Metal1,134.1550,211.6800,5.938e-13
Metal1,133.9250,219.5200,Metal1,134.1550,219.5200,6.681e-13
Metal1,133.9250,227.3600,Metal1,134.1550,227.3600,6.681e-13
Metal1,133.9250,235.2000,Metal1,134.1550,235.2000,6.681e-13
Metal1,133.9250,243.0400,Metal1,134.1550,243.0400,6.681e-13
Metal1,133.9250,250.8800,Metal1,134.1550,250.8800,1.113e-12
Metal1,133.9700,93.5150,Metal1,134.1550,94.0800,2.720e-08
Metal1,134.0150,156.8000,Metal1,134.2050,156.8000,9.178e-06
Metal1,134.1550,15.6800,Metal1,134.2500,15.6800,9.232e-05
Metal1,134.1550,31.3600,Metal1,135.0450,31.3600,1.132e-11
Metal1,134.1550,47.0400,Metal1,135.6050,47.0400,2.233e-09
Metal1,134.1550,54.8800,Metal1,134.4850,54.8800,1.342e-11
Metal1,134.1550,86.2400,Metal1,135.6050,86.2400,3.756e-10
Metal1,134.1550,94.0800,Metal1,136.4700,94.0800,2.717e-08
Metal1,134.1550,109.7600,Metal1,135.6050,109.7600,1.765e-06
Metal1,134.1550,117.6000,Metal1,135.0450,117.6000,4.191e-12
Metal1,134.1550,133.2800,Metal1,136.1650,133.2800,5.253e-08
Metal1,134.1550,141.1200,Metal1,136.1650,141.1200,4.566e-11
Metal1,134.1550,148.9600,Metal1,134.4850,148.9600,3.852e-10
Metal1,134.1550,164.6400,Metal1,135.6050,164.6400,2.884e-11
Metal1,134.1550,172.4800,Metal1,135.6050,172.4800,6.656e-13
Metal1,134.1550,180.3200,Metal1,135.6050,180.3200,6.452e-13
Metal1,134.1550,188.1600,Metal1,135.6050,188.1600,6.738e-13
Metal1,134.1550,196.0000,Metal1,135.6050,196.0000,6.697e-13
Metal1,134.1550,203.8400,Metal1,135.6050,203.8400,6.656e-13
Metal1,134.1550,211.6800,Metal1,135.6050,211.6800,5.758e-13
Metal1,134.1550,219.5200,Metal1,135.6050,219.5200,6.656e-13
Metal1,134.1550,227.3600,Metal1,135.6050,227.3600,6.697e-13
Metal1,134.1550,235.2000,Metal1,135.6050,235.2000,6.738e-13
Metal1,134.1550,243.0400,Metal1,135.6050,243.0400,6.738e-13
Metal1,134.1550,250.8800,Metal1,136.1650,250.8800,1.175e-12
Metal1,134.2050,156.8000,Metal1,134.4350,156.8000,4.423e-08
Metal1,134.2500,15.6800,Metal1,134.5900,15.6800,8.840e-05
Metal1,134.4350,156.8000,Metal1,136.4700,156.8000,4.423e-08
Metal1,134.4850,23.5200,Metal1,134.7150,23.5200,4.228e-08
Metal1,134.4850,54.8800,Metal1,134.7150,54.8800,2.660e-10
Metal1,134.4850,148.9600,Metal1,134.7150,148.9600,2.033e-10
Metal1,134.5900,15.6800,Metal1,135.9300,15.6800,8.840e-05
Metal1,134.7150,23.5200,Metal1,136.4700,23.5200,4.227e-08
Metal1,134.7150,54.8800,Metal1,136.1650,54.8800,2.560e-10
Metal1,134.7150,148.9600,Metal1,136.1650,148.9600,1.934e-10
Metal1,135.0450,31.3600,Metal1,135.2750,31.3600,7.620e-10
Metal1,135.0450,117.6000,Metal1,135.2750,117.6000,2.790e-10
Metal1,135.2750,31.3600,Metal1,136.1650,31.3600,7.521e-10
Metal1,135.2750,117.6000,Metal1,136.1650,117.6000,2.692e-10
Metal1,135.6050,39.2000,Metal1,135.8350,39.2000,9.629e-06
Metal1,135.6050,47.0400,Metal1,135.8350,47.0400,8.760e-09
Metal1,135.6050,62.7200,Metal1,135.8350,62.7200,2.786e-05
Metal1,135.6050,86.2400,Metal1,135.8350,86.2400,4.121e-08
Metal1,135.6050,101.9200,Metal1,135.8350,101.9200,4.417e-05
Metal1,135.6050,109.7600,Metal1,135.8350,109.7600,6.409e-06
Metal1,135.6050,125.4400,Metal1,135.8350,125.4400,6.336e-09
Metal1,135.6050,164.6400,Metal1,135.8350,164.6400,7.303e-10
Metal1,135.6050,172.4800,Metal1,135.8350,172.4800,2.301e-12
Metal1,135.6050,180.3200,Metal1,135.8350,180.3200,2.227e-12
Metal1,135.6050,188.1600,Metal1,135.8350,188.1600,2.375e-12
Metal1,135.6050,196.0000,Metal1,135.8350,196.0000,2.301e-12
Metal1,135.6050,203.8400,Metal1,135.8350,203.8400,2.301e-12
Metal1,135.6050,211.6800,Metal1,135.8350,211.6800,1.930e-12
Metal1,135.6050,219.5200,Metal1,135.8350,219.5200,2.375e-12
Metal1,135.6050,227.3600,Metal1,135.8350,227.3600,2.301e-12
Metal1,135.6050,235.2000,Metal1,135.8350,235.2000,2.375e-12
Metal1,135.6050,243.0400,Metal1,135.8350,243.0400,2.301e-12
Metal1,135.8350,39.2000,Metal1,136.4700,39.2000,9.629e-06
Metal1,135.8350,47.0400,Metal1,136.1650,47.0400,8.760e-09
Metal1,135.8350,62.7200,Metal1,136.3300,62.7200,2.786e-05
Metal1,135.8350,86.2400,Metal1,136.1650,86.2400,4.121e-08
Metal1,135.8350,101.9200,Metal1,136.4700,101.9200,4.417e-05
Metal1,135.8350,109.7600,Metal1,136.1650,109.7600,6.409e-06
Metal1,135.8350,125.4400,Metal1,136.4700,125.4400,6.336e-09
Metal1,135.8350,164.6400,Metal1,136.1650,164.6400,7.303e-10
Metal1,135.8350,172.4800,Metal1,136.1650,172.4800,2.351e-12
Metal1,135.8350,180.3200,Metal1,136.1650,180.3200,2.261e-12
Metal1,135.8350,188.1600,Metal1,136.1650,188.1600,2.351e-12
Metal1,135.8350,196.0000,Metal1,136.1650,196.0000,2.351e-12
Metal1,135.8350,203.8400,Metal1,136.1650,203.8400,2.351e-12
Metal1,135.8350,211.6800,Metal1,136.1650,211.6800,1.992e-12
Metal1,135.8350,219.5200,Metal1,136.1650,219.5200,2.351e-12
Metal1,135.8350,227.3600,Metal1,136.1650,227.3600,2.333e-12
Metal1,135.8350,235.2000,Metal1,136.1650,235.2000,2.351e-12
Metal1,135.8350,243.0400,Metal1,136.1650,243.0400,2.368e-12
Metal1,135.9300,15.6800,Metal1,136.2700,15.6800,8.255e-05
Metal1,136.1650,31.3600,Metal1,136.3950,31.3600,1.218e-07
Metal1,136.1650,47.0400,Metal1,136.3950,47.0400,2.425e-08
Metal1,136.1650,54.8800,Metal1,136.3950,54.8800,5.997e-08
Metal1,136.1650,86.2400,Metal1,136.3950,86.2400,3.182e-08
Metal1,136.1650,109.7600,Metal1,136.3950,109.7600,1.441e-05
Metal1,136.1650,117.6000,Metal1,136.3950,117.6000,3.639e-08
Metal1,136.1650,133.2800,Metal1,136.3950,133.2800,1.487e-05
Metal1,136.1650,141.1200,Metal1,136.3950,141.1200,1.425e-08
Metal1,136.1650,148.9600,Metal1,136.3950,148.9600,2.052e-08
Metal1,136.1650,164.6400,Metal1,136.3950,164.6400,3.885e-08
Metal1,136.1650,172.4800,Metal1,136.3950,172.4800,9.650e-12
Metal1,136.1650,180.3200,Metal1,136.3950,180.3200,9.724e-12
Metal1,136.1650,188.1600,Metal1,136.3950,188.1600,9.724e-12
Metal1,136.1650,196.0000,Metal1,136.3950,196.0000,9.650e-12
Metal1,136.1650,203.8400,Metal1,136.3950,203.8400,9.650e-12
Metal1,136.1650,211.6800,Metal1,136.3950,211.6800,9.724e-12
Metal1,136.1650,219.5200,Metal1,136.3950,219.5200,9.724e-12
Metal1,136.1650,227.3600,Metal1,136.3950,227.3600,9.724e-12
Metal1,136.1650,235.2000,Metal1,136.3950,235.2000,9.650e-12
Metal1,136.1650,243.0400,Metal1,136.3950,243.0400,9.724e-12
Metal1,136.1650,250.8800,Metal1,136.3950,250.8800,7.423e-14
Metal1,136.2700,15.6800,Metal1,137.6100,15.6800,8.255e-05
Metal1,136.3300,62.7200,Metal1,136.4700,63.2650,1.367e-08
Metal1,136.3950,31.3600,Metal1,136.4700,31.3600,1.218e-07
Metal1,136.3950,47.0400,Metal1,136.4700,47.0400,2.425e-08
Metal1,136.3950,54.8800,Metal1,136.4700,54.8800,5.997e-08
Metal1,136.3950,86.2400,Metal1,136.4700,86.2400,3.182e-08
Metal1,136.3950,109.7600,Metal1,136.4700,109.7600,1.441e-05
Metal1,136.3950,117.6000,Metal1,136.4700,117.6000,3.639e-08
Metal1,136.3950,133.2800,Metal1,136.4700,133.2800,1.487e-05
Metal1,136.3950,141.1200,Metal1,136.4700,141.1200,1.425e-08
Metal1,136.3950,148.9600,Metal1,136.4700,148.9600,2.052e-08
Metal1,136.3950,164.6400,Metal1,136.4700,164.6400,3.885e-08
Metal1,136.3950,172.4800,Metal1,136.4700,172.4800,9.790e-12
Metal1,136.3950,180.3200,Metal1,136.4700,180.3200,9.711e-12
Metal1,136.3950,188.1600,Metal1,136.4700,188.1600,9.711e-12
Metal1,136.3950,196.0000,Metal1,136.4700,196.0000,9.790e-12
Metal1,136.3950,203.8400,Metal1,136.4700,203.8400,9.790e-12
Metal1,136.3950,211.6800,Metal1,136.4700,211.6800,9.790e-12
Metal1,136.3950,219.5200,Metal1,136.4700,219.5200,9.711e-12
Metal1,136.3950,227.3600,Metal1,136.4700,227.3600,9.790e-12
Metal1,136.3950,235.2000,Metal1,136.4700,235.2000,9.790e-12
Metal1,136.3950,243.0400,Metal1,136.4700,243.0400,9.790e-12
Metal1,136.3950,250.8800,Metal1,138.4050,250.8800,2.946e-15
Metal1,136.4700,23.5200,Metal1,136.7250,22.6750,4.226e-08
Metal1,136.4700,31.3600,Metal1,136.8100,31.3600,1.218e-07
Metal1,136.4700,39.2000,Metal1,136.8100,39.2000,9.629e-06
Metal1,136.4700,47.0400,Metal1,136.8100,47.0400,2.424e-08
Metal1,136.4700,54.8800,Metal1,136.8100,54.8800,5.996e-08
Metal1,136.4700,63.2650,Metal1,136.5600,61.8750,1.367e-08
Metal1,136.4700,70.5600,Metal1,136.8100,70.5600,6.383e-09
Metal1,136.4700,78.4000,Metal1,136.8100,78.4000,1.571e-05
Metal1,136.4700,86.2400,Metal1,136.8100,86.2400,3.181e-08
Metal1,136.4700,94.0800,Metal1,136.8100,94.0800,2.716e-08
Metal1,136.4700,101.9200,Metal1,136.8100,101.9200,4.417e-05
Metal1,136.4700,109.7600,Metal1,136.8100,109.7600,1.441e-05
Metal1,136.4700,117.6000,Metal1,136.8100,117.6000,3.638e-08
Metal1,136.4700,125.4400,Metal1,136.8100,125.4400,6.327e-09
Metal1,136.4700,133.2800,Metal1,136.8100,133.2800,1.487e-05
Metal1,136.4700,141.1200,Metal1,136.8100,141.1200,1.424e-08
Metal1,136.4700,148.9600,Metal1,136.8100,148.9600,2.051e-08
Metal1,136.4700,156.8000,Metal1,136.8100,156.8000,4.422e-08
Metal1,136.4700,164.6400,Metal1,136.8100,164.6400,3.884e-08
Metal1,136.4700,172.4800,Metal1,136.8100,172.4800,3.988e-13
Metal1,136.4700,180.3200,Metal1,136.8100,180.3200,3.323e-13
Metal1,136.4700,188.1600,Metal1,136.8100,188.1600,3.323e-13
Metal1,136.4700,196.0000,Metal1,136.8100,196.0000,3.988e-13
Metal1,136.4700,203.8400,Metal1,136.8100,203.8400,3.988e-13
Metal1,136.4700,211.6800,Metal1,136.8100,211.6800,3.988e-13
Metal1,136.4700,219.5200,Metal1,136.8100,219.5200,3.988e-13
Metal1,136.4700,227.3600,Metal1,136.8100,227.3600,3.988e-13
Metal1,136.4700,235.2000,Metal1,136.8100,235.2000,3.988e-13
Metal1,136.4700,243.0400,Metal1,136.8100,243.0400,4.653e-13
Metal1,136.5600,61.8750,Metal1,136.8100,62.7200,1.366e-08
Metal1,136.7250,22.6750,Metal1,136.8100,24.0850,4.226e-08
Metal1,136.8100,24.0850,Metal1,136.9550,23.5200,2.367e-10
Metal1,136.8100,31.3600,Metal1,138.0100,31.3600,1.218e-07
Metal1,136.8100,39.2000,Metal1,138.9650,39.2000,9.629e-06
Metal1,136.8100,47.0400,Metal1,138.4050,47.0400,2.423e-08
Metal1,136.8100,54.8800,Metal1,138.4050,54.8800,5.996e-08
Metal1,136.8100,62.7200,Metal1,138.3700,62.7200,1.080e-07
Metal1,136.8100,70.5600,Metal1,138.0650,70.5600,6.383e-09
Metal1,136.8100,78.4000,Metal1,137.8450,78.4000,1.571e-05
Metal1,136.8100,86.2400,Metal1,138.4050,86.2400,3.181e-08
Metal1,136.8100,94.0800,Metal1,138.6250,94.0800,2.716e-08
Metal1,136.8100,101.9200,Metal1,137.4450,101.9200,4.417e-05
Metal1,136.8100,109.7600,Metal1,138.4050,109.7600,3.650e-09
Metal1,136.8100,117.6000,Metal1,138.4050,117.6000,3.638e-08
Metal1,136.8100,125.4400,Metal1,137.5050,125.4400,6.327e-09
Metal1,136.8100,133.2800,Metal1,137.4450,133.2800,1.487e-05
Metal1,136.8100,141.1200,Metal1,138.4050,141.1200,1.424e-08
Metal1,136.8100,148.9600,Metal1,138.4050,148.9600,2.051e-08
Metal1,136.8100,156.8000,Metal1,138.1050,156.8000,4.421e-08
Metal1,136.8100,164.6400,Metal1,138.4050,164.6400,5.971e-09
Metal1,136.8100,172.4800,Metal1,138.4050,172.4800,4.121e-13
Metal1,136.8100,180.3200,Metal1,138.4050,180.3200,3.972e-13
Metal1,136.8100,188.1600,Metal1,138.4050,188.1600,4.046e-13
Metal1,136.8100,196.0000,Metal1,138.4050,196.0000,3.972e-13
Metal1,136.8100,203.8400,Metal1,138.4050,203.8400,4.009e-13
Metal1,136.8100,211.6800,Metal1,138.4050,211.6800,4.046e-13
Metal1,136.8100,219.5200,Metal1,138.4050,219.5200,3.972e-13
Metal1,136.8100,227.3600,Metal1,138.4050,227.3600,4.121e-13
Metal1,136.8100,235.2000,Metal1,138.4050,235.2000,4.046e-13
Metal1,136.8100,243.0400,Metal1,138.4050,243.0400,3.972e-13
Metal1,136.9550,23.5200,Metal1,138.9650,23.5200,4.122e-08
Metal1,137.4450,101.9200,Metal1,137.6750,101.9200,3.030e-07
Metal1,137.4450,133.2800,Metal1,137.6750,133.2800,1.032e-06
Metal1,137.5050,125.4400,Metal1,137.7350,125.4400,1.714e-06
Metal1,137.6100,15.6800,Metal1,137.9500,15.6800,7.863e-05
Metal1,137.6750,101.9200,Metal1,138.5650,101.9200,3.030e-07
Metal1,137.6750,133.2800,Metal1,138.4050,133.2800,1.852e-08
Metal1,137.7350,125.4400,Metal1,138.9650,125.4400,1.714e-06
Metal1,137.8450,78.4000,Metal1,138.0750,78.4000,2.268e-06
Metal1,137.9500,15.6800,Metal1,139.2900,15.6800,7.863e-05
Metal1,138.0100,31.3600,Metal1,138.2400,31.3600,6.471e-07
Metal1,138.0650,70.5600,Metal1,138.2950,70.5600,4.284e-06
Metal1,138.0750,78.4000,Metal1,138.9650,78.4000,2.268e-06
Metal1,138.1050,156.8000,Metal1,138.1100,156.2550,4.421e-08
Metal1,138.1100,156.2550,Metal1,138.3350,157.2600,2.887e-11
Metal1,138.2400,31.3600,Metal1,138.4050,31.3600,6.471e-07
Metal1,138.2950,70.5600,Metal1,138.9650,70.5600,4.284e-06
Metal1,138.3350,157.2600,Metal1,138.4500,156.8000,2.887e-11
Metal1,138.3700,62.7200,Metal1,138.6000,62.7200,2.548e-05
Metal1,138.4050,31.3600,Metal1,138.6350,31.3600,1.907e-06
Metal1,138.4050,47.0400,Metal1,138.6350,47.0400,6.724e-06
Metal1,138.4050,54.8800,Metal1,138.6350,54.8800,1.666e-05
Metal1,138.4050,86.2400,Metal1,138.6350,86.2400,8.795e-06
Metal1,138.4050,109.7600,Metal1,138.6350,109.7600,4.403e-07
Metal1,138.4050,117.6000,Metal1,138.6350,117.6000,1.011e-05
Metal1,138.4050,133.2800,Metal1,138.6350,133.2800,1.032e-06
Metal1,138.4050,141.1200,Metal1,138.6350,141.1200,3.955e-06
Metal1,138.4050,148.9600,Metal1,138.6350,148.9600,5.699e-06
Metal1,138.4050,164.6400,Metal1,138.6350,164.6400,2.470e-08
Metal1,138.4050,172.4800,Metal1,138.6350,172.4800,1.329e-10
Metal1,138.4050,180.3200,Metal1,138.6350,180.3200,1.375e-10
Metal1,138.4050,188.1600,Metal1,138.6350,188.1600,1.359e-10
Metal1,138.4050,196.0000,Metal1,138.6350,196.0000,1.361e-10
Metal1,138.4050,203.8400,Metal1,138.6350,203.8400,1.361e-10
Metal1,138.4050,211.6800,Metal1,138.6350,211.6800,1.364e-10
Metal1,138.4050,219.5200,Metal1,138.6350,219.5200,1.355e-10
Metal1,138.4050,227.3600,Metal1,138.6350,227.3600,1.346e-10
Metal1,138.4050,235.2000,Metal1,138.6350,235.2000,1.344e-10
Metal1,138.4050,243.0400,Metal1,138.6350,243.0400,1.359e-10
Metal1,138.4050,250.8800,Metal1,138.6350,250.8800,1.113e-12
Metal1,138.4500,156.8000,Metal1,143.1050,156.8000,1.636e-10
Metal1,138.5650,101.9200,Metal1,138.7950,101.9200,2.748e-09
Metal1,138.6000,62.7200,Metal1,138.9650,62.7200,2.548e-05
Metal1,138.6250,94.0800,Metal1,138.8550,94.0800,2.472e-05
Metal1,138.6350,31.3600,Metal1,140.0500,31.3600,1.029e-08
Metal1,138.6350,47.0400,Metal1,139.6300,47.0400,6.724e-06
Metal1,138.6350,54.8800,Metal1,138.9650,54.8800,1.666e-05
Metal1,138.6350,86.2400,Metal1,138.9650,86.2400,8.795e-06
Metal1,138.6350,109.7600,Metal1,138.9650,109.7600,4.403e-07
Metal1,138.6350,117.6000,Metal1,138.9650,117.6000,1.011e-05
Metal1,138.6350,133.2800,Metal1,141.4050,133.2800,1.422e-05
Metal1,138.6350,141.1200,Metal1,138.9650,141.1200,3.955e-06
Metal1,138.6350,148.9600,Metal1,138.9650,148.9600,5.699e-06
Metal1,138.6350,164.6400,Metal1,138.9650,164.6400,2.470e-08
Metal1,138.6350,172.4800,Metal1,138.9650,172.4800,1.329e-10
Metal1,138.6350,180.3200,Metal1,138.9650,180.3200,1.375e-10
Metal1,138.6350,188.1600,Metal1,138.9650,188.1600,1.359e-10
Metal1,138.6350,196.0000,Metal1,138.9650,196.0000,1.360e-10
Metal1,138.6350,203.8400,Metal1,138.9650,203.8400,1.360e-10
Metal1,138.6350,211.6800,Metal1,138.9650,211.6800,1.364e-10
Metal1,138.6350,219.5200,Metal1,138.9650,219.5200,1.355e-10
Metal1,138.6350,227.3600,Metal1,138.9650,227.3600,1.346e-10
Metal1,138.6350,235.2000,Metal1,138.9650,235.2000,1.343e-10
Metal1,138.6350,243.0400,Metal1,138.9650,243.0400,1.359e-10
Metal1,138.6350,250.8800,Metal1,140.6450,250.8800,1.143e-12
Metal1,138.7950,101.9200,Metal1,139.5850,101.9200,2.748e-09
Metal1,138.8550,94.0800,Metal1,138.9650,94.0800,2.472e-05
Metal1,138.9650,23.5200,Metal1,139.0700,24.0850,4.122e-08
Metal1,138.9650,39.2000,Metal1,139.1950,39.2000,8.435e-07
Metal1,138.9650,54.8800,Metal1,139.1950,54.8800,8.541e-07
Metal1,138.9650,62.7200,Metal1,139.1950,62.7200,1.046e-07
Metal1,138.9650,70.5600,Metal1,139.1950,70.5600,4.673e-06
Metal1,138.9650,78.4000,Metal1,139.1950,78.4000,2.161e-06
Metal1,138.9650,86.2400,Metal1,139.1950,86.2400,2.346e-06
Metal1,138.9650,94.0800,Metal1,139.1950,94.0800,1.460e-06
Metal1,138.9650,109.7600,Metal1,139.1950,109.7600,1.441e-05
Metal1,138.9650,117.6000,Metal1,139.1950,117.6000,5.182e-07
Metal1,138.9650,125.4400,Metal1,139.1950,125.4400,1.657e-05
Metal1,138.9650,141.1200,Metal1,139.1950,141.1200,1.055e-06
Metal1,138.9650,148.9600,Metal1,139.1950,148.9600,1.520e-06
Metal1,138.9650,164.6400,Metal1,139.1950,164.6400,6.950e-08
Metal1,138.9650,172.4800,Metal1,139.1950,172.4800,3.541e-11
Metal1,138.9650,180.3200,Metal1,139.1950,180.3200,3.667e-11
Metal1,138.9650,188.1600,Metal1,139.1950,188.1600,3.630e-11
Metal1,138.9650,196.0000,Metal1,139.1950,196.0000,3.630e-11
Metal1,138.9650,203.8400,Metal1,139.1950,203.8400,3.622e-11
Metal1,138.9650,211.6800,Metal1,139.1950,211.6800,3.637e-11
Metal1,138.9650,219.5200,Metal1,139.1950,219.5200,3.608e-11
Metal1,138.9650,227.3600,Metal1,139.1950,227.3600,3.585e-11
Metal1,138.9650,235.2000,Metal1,139.1950,235.2000,3.578e-11
Metal1,138.9650,243.0400,Metal1,139.1950,243.0400,3.622e-11
Metal1,139.0700,24.0850,Metal1,139.1950,23.1750,3.247e-05
Metal1,139.1950,23.1750,Metal1,139.4100,23.5200,2.386e-08
Metal1,139.1950,39.2000,Metal1,139.5300,39.2000,2.151e-06
Metal1,139.1950,54.8800,Metal1,140.6450,54.8800,4.730e-06
Metal1,139.1950,62.7200,Metal1,140.6450,62.7200,1.046e-07
Metal1,139.1950,70.5600,Metal1,139.8050,70.5600,4.673e-06
Metal1,139.1950,78.4000,Metal1,140.0850,78.4000,2.161e-06
Metal1,139.1950,86.2400,Metal1,140.6450,86.2400,2.346e-06
Metal1,139.1950,94.0800,Metal1,140.3650,94.0800,4.337e-06
Metal1,139.1950,109.7600,Metal1,140.7700,109.7600,1.441e-05
Metal1,139.1950,117.6000,Metal1,140.6450,117.6000,2.870e-06
Metal1,139.1950,125.4400,Metal1,139.2450,125.4400,1.657e-05
Metal1,139.1950,141.1200,Metal1,140.6450,141.1200,1.055e-06
Metal1,139.1950,148.9600,Metal1,140.6450,148.9600,1.520e-06
Metal1,139.1950,164.6400,Metal1,139.6850,164.6400,6.950e-08
Metal1,139.1950,172.4800,Metal1,140.6450,172.4800,3.545e-11
Metal1,139.1950,180.3200,Metal1,140.6450,180.3200,3.669e-11
Metal1,139.1950,188.1600,Metal1,140.6450,188.1600,3.626e-11
Metal1,139.1950,196.0000,Metal1,140.6450,196.0000,3.629e-11
Metal1,139.1950,203.8400,Metal1,140.6450,203.8400,3.629e-11
Metal1,139.1950,211.6800,Metal1,140.6450,211.6800,3.638e-11
Metal1,139.1950,219.5200,Metal1,140.6450,219.5200,3.615e-11
Metal1,139.1950,227.3600,Metal1,140.6450,227.3600,3.591e-11
Metal1,139.1950,235.2000,Metal1,140.6450,235.2000,3.584e-11
Metal1,139.1950,243.0400,Metal1,140.6450,243.0400,3.625e-11
Metal1,139.2450,125.4400,Metal1,139.4750,125.4400,1.246e-06
Metal1,139.2900,15.6800,Metal1,139.6300,15.6800,7.278e-05
Metal1,139.4100,23.5200,Metal1,141.0650,23.5200,2.386e-08
Metal1,139.4750,125.4400,Metal1,141.2050,125.4400,1.246e-06
Metal1,139.5300,39.2000,Metal1,139.8700,39.2000,4.628e-07
Metal1,139.5850,101.9200,Metal1,139.8150,101.9200,1.842e-08
Metal1,139.6300,15.6800,Metal1,140.9700,15.6800,7.278e-05
Metal1,139.6300,47.0400,Metal1,139.9700,47.0400,8.589e-06
Metal1,139.6850,164.6400,Metal1,139.9150,164.6400,5.660e-08
Metal1,139.8050,70.5600,Metal1,140.0350,70.5600,2.599e-06
Metal1,139.8150,101.9200,Metal1,141.8250,101.9200,4.946e-10
Metal1,139.8700,39.2000,Metal1,141.2050,39.2000,4.628e-07
Metal1,139.9150,164.6400,Metal1,140.6450,164.6400,5.660e-08
Metal1,139.9700,47.0400,Metal1,140.6450,47.0400,8.589e-06
Metal1,140.0350,70.5600,Metal1,141.2050,70.5600,2.599e-06
Metal1,140.0500,31.3600,Metal1,140.2800,31.3600,2.977e-07
Metal1,140.0850,78.4000,Metal1,140.3150,78.4000,1.488e-08
Metal1,140.2800,31.3600,Metal1,140.6450,31.3600,2.977e-07
Metal1,140.3150,78.4000,Metal1,141.2050,78.4000,2.368e-06
Metal1,140.3650,94.0800,Metal1,140.5950,94.0800,7.612e-06
Metal1,140.5950,94.0800,Metal1,141.2050,94.0800,7.612e-06
Metal1,140.6450,31.3600,Metal1,140.8750,31.3600,4.780e-05
Metal1,140.6450,47.0400,Metal1,140.8750,47.0400,8.677e-06
Metal1,140.6450,54.8800,Metal1,140.8750,54.8800,1.718e-05
Metal1,140.6450,62.7200,Metal1,140.8750,62.7200,2.200e-08
Metal1,140.6450,86.2400,Metal1,140.8750,86.2400,8.795e-06
Metal1,140.6450,117.6000,Metal1,140.8750,117.6000,1.042e-05
Metal1,140.6450,141.1200,Metal1,140.8750,141.1200,3.955e-06
Metal1,140.6450,148.9600,Metal1,140.8750,148.9600,5.699e-06
Metal1,140.6450,164.6400,Metal1,140.8750,164.6400,5.413e-07
Metal1,140.6450,172.4800,Metal1,140.8750,172.4800,1.330e-10
Metal1,140.6450,180.3200,Metal1,140.8750,180.3200,1.375e-10
Metal1,140.6450,188.1600,Metal1,140.8750,188.1600,1.360e-10
Metal1,140.6450,196.0000,Metal1,140.8750,196.0000,1.361e-10
Metal1,140.6450,203.8400,Metal1,140.8750,203.8400,1.361e-10
Metal1,140.6450,211.6800,Metal1,140.8750,211.6800,1.365e-10
Metal1,140.6450,219.5200,Metal1,140.8750,219.5200,1.355e-10
Metal1,140.6450,227.3600,Metal1,140.8750,227.3600,1.347e-10
Metal1,140.6450,235.2000,Metal1,140.8750,235.2000,1.344e-10
Metal1,140.6450,243.0400,Metal1,140.8750,243.0400,1.359e-10
Metal1,140.6450,250.8800,Metal1,140.8750,250.8800,3.601e-10
Metal1,140.7700,109.7600,Metal1,141.0000,109.7600,1.406e-06
Metal1,140.8750,31.3600,Metal1,142.3250,31.3600,4.355e-07
Metal1,140.8750,47.0400,Metal1,141.6250,47.0400,8.677e-06
Metal1,140.8750,54.8800,Metal1,141.2050,54.8800,1.718e-05
Metal1,140.8750,62.7200,Metal1,141.2050,62.7200,2.200e-08
Metal1,140.8750,86.2400,Metal1,141.2050,86.2400,8.795e-06
Metal1,140.8750,117.6000,Metal1,141.2050,117.6000,1.042e-05
Metal1,140.8750,141.1200,Metal1,141.2050,141.1200,3.955e-06
Metal1,140.8750,148.9600,Metal1,141.2050,148.9600,5.699e-06
Metal1,140.8750,164.6400,Metal1,142.8850,164.6400,3.093e-10
Metal1,140.8750,172.4800,Metal1,141.2050,172.4800,1.329e-10
Metal1,140.8750,180.3200,Metal1,141.2050,180.3200,1.376e-10
Metal1,140.8750,188.1600,Metal1,141.2050,188.1600,1.360e-10
Metal1,140.8750,196.0000,Metal1,141.2050,196.0000,1.361e-10
Metal1,140.8750,203.8400,Metal1,141.2050,203.8400,1.361e-10
Metal1,140.8750,211.6800,Metal1,141.2050,211.6800,1.364e-10
Metal1,140.8750,219.5200,Metal1,141.2050,219.5200,1.355e-10
Metal1,140.8750,227.3600,Metal1,141.2050,227.3600,1.346e-10
Metal1,140.8750,235.2000,Metal1,141.2050,235.2000,1.344e-10
Metal1,140.8750,243.0400,Metal1,141.2050,243.0400,1.359e-10
Metal1,140.8750,250.8800,Metal1,142.8850,250.8800,2.342e-12
Metal1,140.9700,15.6800,Metal1,141.3100,15.6800,6.694e-05
Metal1,141.0000,109.7600,Metal1,142.1500,109.7600,1.306e-05
Metal1,141.0650,23.5200,Metal1,141.2050,23.3025,2.305e-05
Metal1,141.2050,23.3025,Metal1,141.2950,24.0850,2.305e-05
Metal1,141.2050,39.2000,Metal1,141.4350,39.2000,7.016e-06
Metal1,141.2050,54.8800,Metal1,141.4350,54.8800,3.857e-05
Metal1,141.2050,62.7200,Metal1,141.4350,62.7200,5.503e-09
Metal1,141.2050,70.5600,Metal1,141.4350,70.5600,1.868e-07
Metal1,141.2050,78.4000,Metal1,141.4350,78.4000,1.143e-09
Metal1,141.2050,86.2400,Metal1,141.4350,86.2400,3.612e-08
Metal1,141.2050,94.0800,Metal1,141.4350,94.0800,3.667e-05
Metal1,141.2050,117.6000,Metal1,141.4350,117.6000,2.340e-05
Metal1,141.2050,125.4400,Metal1,141.4350,125.4400,2.327e-08
Metal1,141.2050,141.1200,Metal1,141.4350,141.1200,1.624e-08
Metal1,141.2050,148.9600,Metal1,141.4350,148.9600,2.112e-08
Metal1,141.2050,172.4800,Metal1,141.4350,172.4800,1.113e-12
Metal1,141.2050,180.3200,Metal1,141.4350,180.3200,1.262e-12
Metal1,141.2050,188.1600,Metal1,141.4350,188.1600,1.113e-12
Metal1,141.2050,196.0000,Metal1,141.4350,196.0000,1.113e-12
Metal1,141.2050,203.8400,Metal1,141.4350,203.8400,1.188e-12
Metal1,141.2050,211.6800,Metal1,141.4350,211.6800,1.188e-12
Metal1,141.2050,219.5200,Metal1,141.4350,219.5200,1.188e-12
Metal1,141.2050,227.3600,Metal1,141.4350,227.3600,1.188e-12
Metal1,141.2050,235.2000,Metal1,141.4350,235.2000,1.039e-12
Metal1,141.2050,243.0400,Metal1,141.4350,243.0400,1.113e-12
Metal1,141.2950,24.0850,Metal1,141.4350,23.5200,3.189e-05
Metal1,141.3100,15.6800,Metal1,142.6500,15.6800,6.694e-05
Metal1,141.4050,133.2800,Metal1,141.7450,133.2800,5.217e-07
Metal1,141.4350,23.5200,Metal1,143.4450,23.5200,3.189e-05
Metal1,141.4350,39.2000,Metal1,143.4450,39.2000,4.623e-08
Metal1,141.4350,54.8800,Metal1,142.8850,54.8800,6.857e-06
Metal1,141.4350,62.7200,Metal1,142.8850,62.7200,5.503e-09
Metal1,141.4350,70.5600,Metal1,143.4450,70.5600,1.042e-08
Metal1,141.4350,78.4000,Metal1,142.3250,78.4000,2.352e-06
Metal1,141.4350,86.2400,Metal1,142.8850,86.2400,3.612e-08
Metal1,141.4350,94.0800,Metal1,143.4450,94.0800,2.417e-07
Metal1,141.4350,117.6000,Metal1,142.8850,117.6000,4.395e-06
Metal1,141.4350,125.4400,Metal1,142.4500,125.4400,2.327e-08
Metal1,141.4350,141.1200,Metal1,142.8850,141.1200,1.624e-08
Metal1,141.4350,148.9600,Metal1,143.4450,148.9600,2.109e-08
Metal1,141.4350,172.4800,Metal1,142.8850,172.4800,1.262e-12
Metal1,141.4350,180.3200,Metal1,142.8850,180.3200,1.278e-12
Metal1,141.4350,188.1600,Metal1,142.8850,188.1600,1.278e-12
Metal1,141.4350,196.0000,Metal1,142.8850,196.0000,1.282e-12
Metal1,141.4350,203.8400,Metal1,142.8850,203.8400,1.254e-12
Metal1,141.4350,211.6800,Metal1,142.8850,211.6800,1.282e-12
Metal1,141.4350,219.5200,Metal1,142.8850,219.5200,1.270e-12
Metal1,141.4350,227.3600,Metal1,142.8850,227.3600,1.270e-12
Metal1,141.4350,235.2000,Metal1,142.8850,235.2000,1.176e-12
Metal1,141.4350,243.0400,Metal1,142.8850,243.0400,1.274e-12
Metal1,141.6250,47.0400,Metal1,141.8550,47.0400,1.954e-08
Metal1,141.7450,133.2800,Metal1,143.6400,133.2800,1.990e-08
Metal1,141.8250,101.9200,Metal1,142.0550,101.9200,1.840e-07
Metal1,141.8550,47.0400,Metal1,142.8850,47.0400,2.496e-10
Metal1,142.0550,101.9200,Metal1,143.4450,101.9200,1.748e-09
Metal1,142.1500,109.7600,Metal1,142.4900,109.7600,1.063e-06
Metal1,142.3250,31.3600,Metal1,142.5550,31.3600,4.780e-05
Metal1,142.3250,78.4000,Metal1,142.5550,78.4000,2.146e-06
Metal1,142.4500,125.4400,Metal1,142.6800,125.4400,9.677e-09
Metal1,142.4900,109.7600,Metal1,144.8250,109.7600,1.180e-05
Metal1,142.5550,31.3600,Metal1,142.8850,31.3600,4.780e-05
Metal1,142.5550,78.4000,Metal1,143.4450,78.4000,2.146e-06
Metal1,142.6500,15.6800,Metal1,142.9900,15.6800,6.109e-05
Metal1,142.6800,125.4400,Metal1,143.4450,125.4400,9.677e-09
Metal1,142.8850,31.3600,Metal1,143.1150,31.3600,2.906e-07
Metal1,142.8850,47.0400,Metal1,143.1150,47.0400,1.953e-08
Metal1,142.8850,54.8800,Metal1,143.1150,54.8800,2.323e-05
Metal1,142.8850,62.7200,Metal1,143.1150,62.7200,1.404e-09
Metal1,142.8850,86.2400,Metal1,143.1150,86.2400,7.497e-09
Metal1,142.8850,117.6000,Metal1,143.1150,117.6000,1.493e-05
Metal1,142.8850,141.1200,Metal1,143.1150,141.1200,3.370e-09
Metal1,142.8850,164.6400,Metal1,143.1150,164.6400,2.041e-11
Metal1,142.8850,172.4800,Metal1,143.1150,172.4800,2.450e-12
Metal1,142.8850,180.3200,Metal1,143.1150,180.3200,2.450e-12
Metal1,142.8850,188.1600,Metal1,143.1150,188.1600,2.450e-12
Metal1,142.8850,196.0000,Metal1,143.1150,196.0000,2.450e-12
Metal1,142.8850,203.8400,Metal1,143.1150,203.8400,2.375e-12
Metal1,142.8850,211.6800,Metal1,143.1150,211.6800,2.450e-12
Metal1,142.8850,219.5200,Metal1,143.1150,219.5200,2.524e-12
Metal1,142.8850,227.3600,Metal1,143.1150,227.3600,2.524e-12
Metal1,142.8850,235.2000,Metal1,143.1150,235.2000,2.153e-12
Metal1,142.8850,243.0400,Metal1,143.1150,243.0400,2.375e-12
Metal1,142.8850,250.8800,Metal1,143.1150,250.8800,3.503e-10
Metal1,142.9900,15.6800,Metal1,144.3300,15.6800,6.109e-05
Metal1,143.1050,156.8000,Metal1,143.3350,156.8000,5.474e-08
Metal1,143.1150,31.3600,Metal1,144.1650,31.3600,2.906e-07
Metal1,143.1150,47.0400,Metal1,145.9500,47.0400,1.953e-08
Metal1,143.1150,54.8800,Metal1,143.4450,54.8800,2.323e-05
Metal1,143.1150,62.7200,Metal1,143.4450,62.7200,2.511e-08
Metal1,143.1150,86.2400,Metal1,143.4450,86.2400,7.497e-09
Metal1,143.1150,117.6000,Metal1,143.4450,117.6000,1.493e-05
Metal1,143.1150,141.1200,Metal1,143.4450,141.1200,3.370e-09
Metal1,143.1150,164.6400,Metal1,144.5650,164.6400,2.037e-11
Metal1,143.1150,172.4800,Metal1,143.4450,172.4800,2.512e-12
Metal1,143.1150,180.3200,Metal1,143.4450,180.3200,2.494e-12
Metal1,143.1150,188.1600,Metal1,143.4450,188.1600,2.530e-12
Metal1,143.1150,196.0000,Metal1,143.4450,196.0000,2.512e-12
Metal1,143.1150,203.8400,Metal1,143.4450,203.8400,2.422e-12
Metal1,143.1150,211.6800,Metal1,143.4450,211.6800,2.548e-12
Metal1,143.1150,219.5200,Metal1,143.4450,219.5200,2.476e-12
Metal1,143.1150,227.3600,Metal1,143.4450,227.3600,2.494e-12
Metal1,143.1150,235.2000,Metal1,143.4450,235.2000,2.153e-12
Metal1,143.1150,243.0400,Metal1,143.4450,243.0400,2.512e-12
Metal1,143.1150,250.8800,Metal1,144.8700,250.8800,3.402e-10
Metal1,143.3350,156.8000,Metal1,144.8450,156.8000,5.474e-08
Metal1,143.4450,23.5200,Metal1,143.6750,23.5200,2.300e-06
Metal1,143.4450,39.2000,Metal1,143.6750,39.2000,3.862e-07
Metal1,143.4450,54.8800,Metal1,143.6750,54.8800,8.475e-06
Metal1,143.4450,62.7200,Metal1,143.6750,62.7200,5.408e-09
Metal1,143.4450,70.5600,Metal1,143.6750,70.5600,3.232e-07
Metal1,143.4450,78.4000,Metal1,143.6750,78.4000,2.146e-06
Metal1,143.4450,86.2400,Metal1,143.6750,86.2400,1.873e-09
Metal1,143.4450,94.0800,Metal1,143.6750,94.0800,3.667e-05
Metal1,143.4450,101.9200,Metal1,143.6750,101.9200,1.840e-07
Metal1,143.4450,117.6000,Metal1,143.6750,117.6000,4.069e-06
Metal1,143.4450,125.4400,Metal1,143.6750,125.4400,4.194e-09
Metal1,143.4450,141.1200,Metal1,143.6750,141.1200,8.419e-10
Metal1,143.4450,148.9600,Metal1,143.6750,148.9600,9.560e-07
Metal1,143.4450,172.4800,Metal1,143.6750,172.4800,6.681e-13
Metal1,143.4450,180.3200,Metal1,143.6750,180.3200,6.681e-13
Metal1,143.4450,188.1600,Metal1,143.6750,188.1600,6.681e-13
Metal1,143.4450,196.0000,Metal1,143.6750,196.0000,6.681e-13
Metal1,143.4450,203.8400,Metal1,143.6750,203.8400,6.681e-13
Metal1,143.4450,211.6800,Metal1,143.6750,211.6800,6.681e-13
Metal1,143.4450,219.5200,Metal1,143.6750,219.5200,7.423e-13
Metal1,143.4450,227.3600,Metal1,143.6750,227.3600,6.681e-13
Metal1,143.4450,235.2000,Metal1,143.6750,235.2000,5.938e-13
Metal1,143.4450,243.0400,Metal1,143.6750,243.0400,6.681e-13
Metal1,143.6400,133.2800,Metal1,143.8300,133.5850,5.174e-06
Metal1,143.6750,23.5200,Metal1,145.3900,23.5200,2.387e-07
Metal1,143.6750,39.2000,Metal1,145.2900,39.2000,3.862e-07
Metal1,143.6750,54.8800,Metal1,144.7250,54.8800,8.475e-06
Metal1,143.6750,62.7200,Metal1,145.1250,62.7200,5.408e-09
Metal1,143.6750,70.5600,Metal1,145.6850,70.5600,1.087e-08
Metal1,143.6750,78.4000,Metal1,144.5650,78.4000,2.146e-06
Metal1,143.6750,86.2400,Metal1,145.1250,86.2400,1.873e-09
Metal1,143.6750,94.0800,Metal1,144.0050,94.0800,3.667e-05
Metal1,143.6750,101.9200,Metal1,144.0650,101.9200,1.840e-07
Metal1,143.6750,117.6000,Metal1,145.1250,117.6000,4.069e-06
Metal1,143.6750,125.4400,Metal1,145.6850,125.4400,4.194e-09
Metal1,143.6750,141.1200,Metal1,145.1250,141.1200,8.420e-10
Metal1,143.6750,148.9600,Metal1,144.1300,148.9600,9.560e-07
Metal1,143.6750,172.4800,Metal1,145.1250,172.4800,6.820e-13
Metal1,143.6750,180.3200,Metal1,145.1250,180.3200,6.779e-13
Metal1,143.6750,188.1600,Metal1,145.1250,188.1600,6.860e-13
Metal1,143.6750,196.0000,Metal1,145.1250,196.0000,6.860e-13
Metal1,143.6750,203.8400,Metal1,145.1250,203.8400,6.656e-13
Metal1,143.6750,211.6800,Metal1,145.1250,211.6800,6.942e-13
Metal1,143.6750,219.5200,Metal1,145.1250,219.5200,6.779e-13
Metal1,143.6750,227.3600,Metal1,145.1250,227.3600,6.820e-13
Metal1,143.6750,235.2000,Metal1,145.1250,235.2000,5.840e-13
Metal1,143.6750,243.0400,Metal1,145.1250,243.0400,6.779e-13
Metal1,143.8300,133.5850,Metal1,143.9800,132.8650,5.174e-06
Metal1,143.9800,132.8650,Metal1,144.1700,133.2800,4.577e-08
Metal1,144.0050,94.0800,Metal1,144.2350,94.0800,3.723e-06
Metal1,144.0650,101.9200,Metal1,144.2950,101.9200,1.695e-05
Metal1,144.1300,148.9600,Metal1,144.3600,148.9600,2.890e-08
Metal1,144.1650,31.3600,Metal1,144.3950,31.3600,1.351e-08
Metal1,144.1700,133.2800,Metal1,146.2450,133.2800,3.915e-06
Metal1,144.2350,94.0800,Metal1,144.7250,94.0800,1.533e-05
Metal1,144.2950,101.9200,Metal1,146.8050,101.9200,1.695e-05
Metal1,144.3300,15.6800,Metal1,144.6700,15.6800,5.717e-05
Metal1,144.3600,148.9600,Metal1,145.6850,148.9600,3.913e-07
Metal1,144.3950,31.3600,Metal1,145.1250,31.3600,1.351e-08
Metal1,144.5650,78.4000,Metal1,144.7950,78.4000,2.268e-06
Metal1,144.5650,164.6400,Metal1,144.7950,164.6400,7.022e-11
Metal1,144.6700,15.6800,Metal1,144.8700,15.6800,5.717e-05
Metal1,144.7250,54.8800,Metal1,144.9550,54.8800,5.535e-07
Metal1,144.7250,94.0800,Metal1,144.9550,94.0800,5.420e-06
Metal1,144.7950,78.4000,Metal1,145.6850,78.4000,2.268e-06
Metal1,144.7950,164.6400,Metal1,145.1250,164.6400,7.030e-11
Metal1,144.8250,109.7600,Metal1,145.0550,109.7600,1.562e-06
Metal1,144.8450,156.8000,Metal1,145.0750,156.8000,1.322e-05
Metal1,144.8700,15.6800,Metal1,145.2100,15.6800,5.717e-05
Metal1,144.8700,250.8800,Metal1,145.2100,250.8800,3.299e-10
Metal1,144.9550,54.8800,Metal1,145.1250,54.8800,5.535e-07
Metal1,144.9550,94.0800,Metal1,146.2450,94.0800,5.420e-06
Metal1,145.0550,109.7600,Metal1,147.3700,109.7600,1.046e-05
Metal1,145.0750,156.8000,Metal1,146.0700,156.8000,1.322e-05
Metal1,145.1250,31.3600,Metal1,145.3550,31.3600,7.452e-08
Metal1,145.1250,54.8800,Metal1,145.3550,54.8800,4.762e-07
Metal1,145.1250,62.7200,Metal1,145.3550,62.7200,2.037e-08
Metal1,145.1250,86.2400,Metal1,145.3550,86.2400,4.811e-10
Metal1,145.1250,117.6000,Metal1,145.3550,117.6000,4.422e-07
Metal1,145.1250,141.1200,Metal1,145.3550,141.1200,2.164e-10
Metal1,145.1250,164.6400,Metal1,145.3550,164.6400,3.637e-12
Metal1,145.1250,172.4800,Metal1,145.3550,172.4800,1.485e-13
Metal1,145.1250,180.3200,Metal1,145.3550,180.3200,1.485e-13
Metal1,145.1250,188.1600,Metal1,145.3550,188.1600,2.227e-13
Metal1,145.1250,196.0000,Metal1,145.3550,196.0000,1.485e-13
Metal1,145.1250,203.8400,Metal1,145.3550,203.8400,2.227e-13
Metal1,145.1250,211.6800,Metal1,145.3550,211.6800,2.227e-13
Metal1,145.1250,219.5200,Metal1,145.3550,219.5200,1.485e-13
Metal1,145.1250,227.3600,Metal1,145.3550,227.3600,2.227e-13
Metal1,145.1250,235.2000,Metal1,145.3550,235.2000,1.485e-13
Metal1,145.1250,243.0400,Metal1,145.3550,243.0400,7.423e-14
Metal1,145.2100,15.6800,Metal1,147.6900,15.6800,5.717e-05
Metal1,145.2100,250.8800,Metal1,147.3650,250.8800,3.300e-10
Metal1,145.2900,39.2000,Metal1,145.5200,39.2000,1.127e-06
Metal1,145.3550,31.3600,Metal1,147.3650,31.3600,3.061e-09
Metal1,145.3550,54.8800,Metal1,147.3650,54.8800,7.010e-08
Metal1,145.3550,62.7200,Metal1,145.6850,62.7200,2.037e-08
Metal1,145.3550,86.2400,Metal1,145.6850,86.2400,8.592e-09
Metal1,145.3550,117.6000,Metal1,147.3650,117.6000,5.422e-09
Metal1,145.3550,141.1200,Metal1,145.6850,141.1200,3.862e-09
Metal1,145.3550,164.6400,Metal1,146.8050,164.6400,2.007e-11
Metal1,145.3550,172.4800,Metal1,145.6850,172.4800,3.104e-12
Metal1,145.3550,180.3200,Metal1,145.6850,180.3200,3.122e-12
Metal1,145.3550,188.1600,Metal1,145.6850,188.1600,3.086e-12
Metal1,145.3550,196.0000,Metal1,145.6850,196.0000,3.140e-12
Metal1,145.3550,203.8400,Metal1,145.6850,203.8400,3.032e-12
Metal1,145.3550,211.6800,Metal1,145.6850,211.6800,3.158e-12
Metal1,145.3550,219.5200,Metal1,145.6850,219.5200,3.140e-12
Metal1,145.3550,227.3600,Metal1,145.6850,227.3600,3.122e-12
Metal1,145.3550,235.2000,Metal1,145.6850,235.2000,2.674e-12
Metal1,145.3550,243.0400,Metal1,145.6850,243.0400,3.104e-12
Metal1,145.3900,23.5200,Metal1,145.6850,23.0600,1.265e-08
Metal1,145.5200,39.2000,Metal1,145.9500,39.2000,1.127e-06
Metal1,145.6850,23.0600,Metal1,145.7300,24.0850,1.265e-08
Metal1,145.6850,62.7200,Metal1,145.9150,62.7200,1.043e-09
Metal1,145.6850,70.5600,Metal1,145.9150,70.5600,1.156e-05
Metal1,145.6850,78.4000,Metal1,145.9150,78.4000,1.571e-05
Metal1,145.6850,86.2400,Metal1,145.9150,86.2400,4.735e-10
Metal1,145.6850,125.4400,Metal1,145.9150,125.4400,3.025e-10
Metal1,145.6850,141.1200,Metal1,145.9150,141.1200,2.127e-10
Metal1,145.6850,148.9600,Metal1,145.9150,148.9600,2.802e-08
Metal1,145.6850,172.4800,Metal1,145.9150,172.4800,2.227e-13
Metal1,145.6850,180.3200,Metal1,145.9150,180.3200,7.423e-14
Metal1,145.6850,188.1600,Metal1,145.9150,188.1600,2.227e-13
Metal1,145.6850,196.0000,Metal1,145.9150,196.0000,2.227e-13
Metal1,145.6850,203.8400,Metal1,145.9150,203.8400,2.227e-13
Metal1,145.6850,211.6800,Metal1,145.9150,211.6800,1.485e-13
Metal1,145.6850,219.5200,Metal1,145.9150,219.5200,7.423e-14
Metal1,145.6850,227.3600,Metal1,145.9150,227.3600,1.485e-13
Metal1,145.6850,235.2000,Metal1,145.9150,235.2000,1.485e-13
Metal1,145.6850,243.0400,Metal1,145.9150,243.0400,2.969e-13
Metal1,145.7300,24.0850,Metal1,145.9150,23.5200,3.678e-06
Metal1,145.9150,23.5200,Metal1,147.6900,23.5200,3.678e-06
Metal1,145.9150,62.7200,Metal1,147.3650,62.7200,5.812e-09
Metal1,145.9150,70.5600,Metal1,147.9250,70.5600,7.615e-08
Metal1,145.9150,78.4000,Metal1,146.8050,78.4000,1.571e-05
Metal1,145.9150,86.2400,Metal1,147.3650,86.2400,1.978e-09
Metal1,145.9150,125.4400,Metal1,147.9250,125.4400,2.563e-13
Metal1,145.9150,141.1200,Metal1,147.3650,141.1200,8.891e-10
Metal1,145.9150,148.9600,Metal1,147.9250,148.9600,9.230e-11
Metal1,145.9150,172.4800,Metal1,147.3650,172.4800,7.146e-13
Metal1,145.9150,180.3200,Metal1,147.3650,180.3200,7.105e-13
Metal1,145.9150,188.1600,Metal1,147.3650,188.1600,7.105e-13
Metal1,145.9150,196.0000,Metal1,147.3650,196.0000,7.187e-13
Metal1,145.9150,203.8400,Metal1,147.3650,203.8400,6.983e-13
Metal1,145.9150,211.6800,Metal1,147.3650,211.6800,7.228e-13
Metal1,145.9150,219.5200,Metal1,147.3650,219.5200,7.105e-13
Metal1,145.9150,227.3600,Metal1,147.3650,227.3600,7.146e-13
Metal1,145.9150,235.2000,Metal1,147.3650,235.2000,6.125e-13
Metal1,145.9150,243.0400,Metal1,147.3650,243.0400,7.228e-13
Metal1,145.9500,39.2000,Metal1,146.2900,39.2000,3.932e-06
Metal1,145.9500,47.0400,Metal1,146.2900,47.0400,1.447e-08
Metal1,146.0700,156.8000,Metal1,146.4100,156.8000,1.076e-06
Metal1,146.2450,94.0800,Metal1,146.4750,94.0800,1.593e-05
Metal1,146.2450,133.2800,Metal1,146.4750,133.2800,2.813e-07
Metal1,146.2900,39.2000,Metal1,147.3300,39.2000,5.917e-08
Metal1,146.2900,47.0400,Metal1,147.8900,47.0400,2.624e-09
Metal1,146.4100,156.8000,Metal1,148.4850,156.8000,7.626e-08
Metal1,146.4750,94.0800,Metal1,146.8650,94.0800,1.593e-05
Metal1,146.4750,133.2800,Metal1,148.4850,133.2800,1.383e-08
Metal1,146.8050,78.4000,Metal1,147.0350,78.4000,1.515e-06
Metal1,146.8050,101.9200,Metal1,146.9100,102.4850,1.695e-05
Metal1,146.8050,164.6400,Metal1,147.0350,164.6400,6.985e-11
Metal1,146.8650,94.0800,Metal1,147.0950,94.0800,8.404e-07
Metal1,146.9100,102.4850,Metal1,147.0350,101.5750,1.794e-06
Metal1,147.0350,78.4000,Metal1,147.4700,78.4000,5.444e-06
Metal1,147.0350,101.5750,Metal1,147.2500,101.9200,7.945e-06
Metal1,147.0350,164.6400,Metal1,147.3650,164.6400,6.996e-11
Metal1,147.0950,94.0800,Metal1,148.4850,94.0800,1.158e-10
Metal1,147.2500,101.9200,Metal1,148.9050,101.9200,4.638e-06
Metal1,147.3300,39.2000,Metal1,147.5600,39.2000,5.417e-06
Metal1,147.3650,31.3600,Metal1,147.5250,31.9250,5.383e-08
Metal1,147.3650,54.8800,Metal1,147.5950,54.8800,1.448e-05
Metal1,147.3650,62.7200,Metal1,147.5950,62.7200,2.036e-08
Metal1,147.3650,86.2400,Metal1,147.5950,86.2400,6.897e-09
Metal1,147.3650,117.6000,Metal1,147.5950,117.6000,2.446e-08
Metal1,147.3650,141.1200,Metal1,147.5950,141.1200,3.100e-09
Metal1,147.3650,164.6400,Metal1,147.5950,164.6400,1.871e-11
Metal1,147.3650,172.4800,Metal1,147.5950,172.4800,2.450e-12
Metal1,147.3650,180.3200,Metal1,147.5950,180.3200,2.450e-12
Metal1,147.3650,188.1600,Metal1,147.5950,188.1600,2.524e-12
Metal1,147.3650,196.0000,Metal1,147.5950,196.0000,2.450e-12
Metal1,147.3650,203.8400,Metal1,147.5950,203.8400,2.450e-12
Metal1,147.3650,211.6800,Metal1,147.5950,211.6800,2.450e-12
Metal1,147.3650,219.5200,Metal1,147.5950,219.5200,2.524e-12
Metal1,147.3650,227.3600,Metal1,147.5950,227.3600,2.524e-12
Metal1,147.3650,235.2000,Metal1,147.5950,235.2000,2.078e-12
Metal1,147.3650,243.0400,Metal1,147.5950,243.0400,2.524e-12
Metal1,147.3650,250.8800,Metal1,147.5950,250.8800,1.039e-12
Metal1,147.3700,109.7600,Metal1,147.7100,109.7600,3.020e-07
Metal1,147.4700,78.4000,Metal1,147.8100,78.4000,1.670e-06
Metal1,147.5250,31.9250,Metal1,147.5950,30.8350,5.383e-08
Metal1,147.5600,39.2000,Metal1,149.6050,39.2000,5.417e-06
Metal1,147.5950,30.8350,Metal1,147.7550,31.3600,3.254e-08
Metal1,147.5950,54.8800,Metal1,148.0850,54.8800,1.448e-05
Metal1,147.5950,62.7200,Metal1,147.9250,62.7200,2.036e-08
Metal1,147.5950,86.2400,Metal1,147.9250,86.2400,6.897e-09
Metal1,147.5950,117.6000,Metal1,148.5650,117.6000,2.446e-08
Metal1,147.5950,141.1200,Metal1,147.9250,141.1200,3.100e-09
Metal1,147.5950,164.6400,Metal1,149.0450,164.6400,1.874e-11
Metal1,147.5950,172.4800,Metal1,147.9250,172.4800,2.494e-12
Metal1,147.5950,180.3200,Metal1,147.9250,180.3200,2.530e-12
Metal1,147.5950,188.1600,Metal1,147.9250,188.1600,2.512e-12
Metal1,147.5950,196.0000,Metal1,147.9250,196.0000,2.530e-12
Metal1,147.5950,203.8400,Metal1,147.9250,203.8400,2.440e-12
Metal1,147.5950,211.6800,Metal1,147.9250,211.6800,2.548e-12
Metal1,147.5950,219.5200,Metal1,147.9250,219.5200,2.512e-12
Metal1,147.5950,227.3600,Metal1,147.9250,227.3600,2.512e-12
Metal1,147.5950,235.2000,Metal1,147.9250,235.2000,2.153e-12
Metal1,147.5950,243.0400,Metal1,147.9250,243.0400,2.530e-12
Metal1,147.5950,250.8800,Metal1,149.6050,250.8800,1.043e-12
Metal1,147.6900,15.6800,Metal1,148.0300,15.6800,5.133e-05
Metal1,147.6900,23.5200,Metal1,148.0300,23.5200,2.167e-06
Metal1,147.7100,109.7600,Metal1,149.9050,109.7600,3.079e-08
Metal1,147.7550,31.3600,Metal1,149.6050,31.3600,3.254e-08
Metal1,147.8100,78.4000,Metal1,149.0450,78.4000,1.670e-06
Metal1,147.8900,47.0400,Metal1,148.1200,47.0400,1.423e-09
Metal1,147.9250,62.7200,Metal1,148.1550,62.7200,7.940e-10
Metal1,147.9250,70.5600,Metal1,148.1550,70.5600,1.256e-06
Metal1,147.9250,86.2400,Metal1,148.1550,86.2400,1.846e-09
Metal1,147.9250,125.4400,Metal1,148.1550,125.4400,1.500e-10
Metal1,147.9250,141.1200,Metal1,148.1550,141.1200,8.296e-10
Metal1,147.9250,148.9600,Metal1,148.1550,148.9600,9.130e-12
Metal1,147.9250,172.4800,Metal1,148.1550,172.4800,6.681e-13
Metal1,147.9250,180.3200,Metal1,148.1550,180.3200,6.681e-13
Metal1,147.9250,188.1600,Metal1,148.1550,188.1600,7.423e-13
Metal1,147.9250,196.0000,Metal1,148.1550,196.0000,6.681e-13
Metal1,147.9250,203.8400,Metal1,148.1550,203.8400,6.681e-13
Metal1,147.9250,211.6800,Metal1,148.1550,211.6800,6.681e-13
Metal1,147.9250,219.5200,Metal1,148.1550,219.5200,6.681e-13
Metal1,147.9250,227.3600,Metal1,148.1550,227.3600,6.681e-13
Metal1,147.9250,235.2000,Metal1,148.1550,235.2000,5.938e-13
Metal1,147.9250,243.0400,Metal1,148.1550,243.0400,6.681e-13
Metal1,148.0300,15.6800,Metal1,148.6400,15.6800,5.133e-05
Metal1,148.0300,23.5200,Metal1,150.3850,23.5200,2.167e-06
Metal1,148.0850,54.8800,Metal1,148.3150,54.8800,5.961e-06
Metal1,148.1200,47.0400,Metal1,150.4700,47.0400,1.432e-09
Metal1,148.1550,62.7200,Metal1,149.6050,62.7200,7.191e-12
Metal1,148.1550,70.5600,Metal1,150.1650,70.5600,4.221e-08
Metal1,148.1550,86.2400,Metal1,149.6050,86.2400,1.846e-09
Metal1,148.1550,125.4400,Metal1,150.1650,125.4400,1.287e-10
Metal1,148.1550,141.1200,Metal1,149.6050,141.1200,8.296e-10
Metal1,148.1550,148.9600,Metal1,149.6050,148.9600,3.675e-14
Metal1,148.1550,172.4800,Metal1,149.6050,172.4800,6.738e-13
Metal1,148.1550,180.3200,Metal1,149.6050,180.3200,6.779e-13
Metal1,148.1550,188.1600,Metal1,149.6050,188.1600,6.697e-13
Metal1,148.1550,196.0000,Metal1,149.6050,196.0000,6.738e-13
Metal1,148.1550,203.8400,Metal1,149.6050,203.8400,6.493e-13
Metal1,148.1550,211.6800,Metal1,149.6050,211.6800,6.738e-13
Metal1,148.1550,219.5200,Metal1,149.6050,219.5200,6.738e-13
Metal1,148.1550,227.3600,Metal1,149.6050,227.3600,6.779e-13
Metal1,148.1550,235.2000,Metal1,149.6050,235.2000,5.758e-13
Metal1,148.1550,243.0400,Metal1,149.6050,243.0400,6.738e-13
Metal1,148.3150,54.8800,Metal1,149.6050,54.8800,5.961e-06
Metal1,148.4850,94.0800,Metal1,148.7150,94.0800,1.218e-08
Metal1,148.4850,133.2800,Metal1,148.7150,133.2800,3.915e-06
Metal1,148.4850,156.8000,Metal1,148.7150,156.8000,1.194e-05
Metal1,148.5650,117.6000,Metal1,148.7950,117.6000,1.287e-07
Metal1,148.6400,15.6800,Metal1,148.9800,15.6800,1.828e-06
Metal1,148.7150,94.0800,Metal1,149.1050,94.0800,1.218e-08
Metal1,148.7150,133.2800,Metal1,149.6050,133.2800,3.915e-06
Metal1,148.7150,156.8000,Metal1,150.4700,156.8000,1.194e-05
Metal1,148.7950,117.6000,Metal1,149.6050,117.6000,1.287e-07
Metal1,148.9050,101.9200,Metal1,149.0450,101.7025,1.259e-06
Metal1,148.9800,15.6800,Metal1,150.4700,15.6800,1.424e-07
Metal1,149.0450,78.4000,Metal1,149.2750,78.4000,8.595e-06
Metal1,149.0450,101.7025,Metal1,149.1350,102.4850,1.259e-06
Metal1,149.0450,164.6400,Metal1,149.2750,164.6400,6.985e-11
Metal1,149.1050,94.0800,Metal1,149.3350,94.0800,6.642e-08
Metal1,149.1350,102.4850,Metal1,149.2750,101.9200,1.319e-06
Metal1,149.2750,78.4000,Metal1,149.4650,78.4000,8.595e-06
Metal1,149.2750,101.9200,Metal1,150.4700,101.9200,1.319e-06
Metal1,149.2750,164.6400,Metal1,149.6050,164.6400,6.982e-11
Metal1,149.3350,94.0800,Metal1,150.4700,94.0800,6.641e-08
Metal1,149.4650,78.4000,Metal1,149.6950,78.4000,3.701e-07
Metal1,149.6050,31.3600,Metal1,149.6650,31.9250,3.254e-08
Metal1,149.6050,39.2000,Metal1,149.8350,39.2000,1.981e-08
Metal1,149.6050,54.8800,Metal1,149.8350,54.8800,1.748e-05
Metal1,149.6050,62.7200,Metal1,149.8350,62.7200,7.839e-10
Metal1,149.6050,86.2400,Metal1,149.8350,86.2400,7.427e-09
Metal1,149.6050,117.6000,Metal1,149.8350,117.6000,2.139e-05
Metal1,149.6050,133.2800,Metal1,149.8350,133.2800,2.815e-07
Metal1,149.6050,141.1200,Metal1,149.8350,141.1200,3.339e-09
Metal1,149.6050,148.9600,Metal1,149.8350,148.9600,9.650e-13
Metal1,149.6050,164.6400,Metal1,149.8350,164.6400,2.695e-11
Metal1,149.6050,172.4800,Metal1,149.8350,172.4800,2.301e-12
Metal1,149.6050,180.3200,Metal1,149.8350,180.3200,2.375e-12
Metal1,149.6050,188.1600,Metal1,149.8350,188.1600,2.301e-12
Metal1,149.6050,196.0000,Metal1,149.8350,196.0000,2.301e-12
Metal1,149.6050,203.8400,Metal1,149.8350,203.8400,2.301e-12
Metal1,149.6050,211.6800,Metal1,149.8350,211.6800,2.375e-12
Metal1,149.6050,219.5200,Metal1,149.8350,219.5200,2.301e-12
Metal1,149.6050,227.3600,Metal1,149.8350,227.3600,2.375e-12
Metal1,149.6050,235.2000,Metal1,149.8350,235.2000,2.004e-12
Metal1,149.6050,243.0400,Metal1,149.8350,243.0400,2.375e-12
Metal1,149.6050,250.8800,Metal1,149.8350,250.8800,1.485e-13
Metal1,149.6650,31.9250,Metal1,149.8350,31.0500,4.505e-08
Metal1,149.6950,78.4000,Metal1,150.4700,78.4000,3.701e-07
Metal1,149.8350,31.0500,Metal1,149.8950,31.3600,4.505e-08
Metal1,149.8350,39.2000,Metal1,150.4700,39.2000,1.981e-08
Metal1,149.8350,54.8800,Metal1,150.2250,54.8800,1.748e-05
Metal1,149.8350,62.7200,Metal1,150.1650,62.7200,7.837e-10
Metal1,149.8350,86.2400,Metal1,150.1650,86.2400,7.427e-09
Metal1,149.8350,117.6000,Metal1,150.4700,117.6000,2.139e-05
Metal1,149.8350,133.2800,Metal1,150.4700,133.2800,1.579e-08
Metal1,149.8350,141.1200,Metal1,150.1650,141.1200,3.339e-09
Metal1,149.8350,148.9600,Metal1,150.1650,148.9600,1.130e-12
Metal1,149.8350,164.6400,Metal1,150.4700,164.6400,2.691e-11
Metal1,149.8350,172.4800,Metal1,150.1650,172.4800,2.386e-12
Metal1,149.8350,180.3200,Metal1,150.1650,180.3200,2.368e-12
Metal1,149.8350,188.1600,Metal1,150.1650,188.1600,2.351e-12
Metal1,149.8350,196.0000,Metal1,150.1650,196.0000,2.386e-12
Metal1,149.8350,203.8400,Metal1,150.1650,203.8400,2.261e-12
Metal1,149.8350,211.6800,Metal1,150.1650,211.6800,2.351e-12
Metal1,149.8350,219.5200,Metal1,150.1650,219.5200,2.351e-12
Metal1,149.8350,227.3600,Metal1,150.1650,227.3600,2.351e-12
Metal1,149.8350,235.2000,Metal1,150.1650,235.2000,1.992e-12
Metal1,149.8350,243.0400,Metal1,150.1650,243.0400,2.333e-12
Metal1,149.8350,250.8800,Metal1,151.8450,250.8800,5.892e-15
Metal1,149.8950,31.3600,Metal1,150.4700,31.3600,4.505e-08
Metal1,149.9050,109.7600,Metal1,150.1350,109.7600,9.897e-06
Metal1,150.1350,109.7600,Metal1,150.4700,109.7600,9.897e-06
Metal1,150.1650,62.7200,Metal1,150.3950,62.7200,4.045e-08
Metal1,150.1650,70.5600,Metal1,150.3950,70.5600,1.156e-05
Metal1,150.1650,86.2400,Metal1,150.3950,86.2400,3.169e-08
Metal1,150.1650,125.4400,Metal1,150.3950,125.4400,4.022e-08
Metal1,150.1650,141.1200,Metal1,150.3950,141.1200,1.426e-08
Metal1,150.1650,148.9600,Metal1,150.3950,148.9600,1.496e-10
Metal1,150.1650,172.4800,Metal1,150.3950,172.4800,9.576e-12
Metal1,150.1650,180.3200,Metal1,150.3950,180.3200,9.650e-12
Metal1,150.1650,188.1600,Metal1,150.3950,188.1600,9.650e-12
Metal1,150.1650,196.0000,Metal1,150.3950,196.0000,9.650e-12
Metal1,150.1650,203.8400,Metal1,150.3950,203.8400,9.650e-12
Metal1,150.1650,211.6800,Metal1,150.3950,211.6800,9.650e-12
Metal1,150.1650,219.5200,Metal1,150.3950,219.5200,9.650e-12
Metal1,150.1650,227.3600,Metal1,150.3950,227.3600,9.650e-12
Metal1,150.1650,235.2000,Metal1,150.3950,235.2000,9.650e-12
Metal1,150.1650,243.0400,Metal1,150.3950,243.0400,9.576e-12
Metal1,150.2250,54.8800,Metal1,150.4550,54.8800,5.061e-07
Metal1,150.3850,23.5200,Metal1,150.4700,23.0275,2.167e-06
Metal1,150.3950,62.7200,Metal1,150.4700,62.7200,4.045e-08
Metal1,150.3950,70.5600,Metal1,150.4700,70.5600,1.156e-05
Metal1,150.3950,86.2400,Metal1,150.4700,86.2400,3.169e-08
Metal1,150.3950,125.4400,Metal1,150.4700,125.4400,4.022e-08
Metal1,150.3950,141.1200,Metal1,150.4700,141.1200,1.426e-08
Metal1,150.3950,148.9600,Metal1,150.4700,148.9600,1.497e-10
Metal1,150.3950,172.4800,Metal1,150.4700,172.4800,9.711e-12
Metal1,150.3950,180.3200,Metal1,150.4700,180.3200,9.711e-12
Metal1,150.3950,188.1600,Metal1,150.4700,188.1600,9.632e-12
Metal1,150.3950,196.0000,Metal1,150.4700,196.0000,9.790e-12
Metal1,150.3950,203.8400,Metal1,150.4700,203.8400,9.632e-12
Metal1,150.3950,211.6800,Metal1,150.4700,211.6800,9.711e-12
Metal1,150.3950,219.5200,Metal1,150.4700,219.5200,9.711e-12
Metal1,150.3950,227.3600,Metal1,150.4700,227.3600,9.711e-12
Metal1,150.3950,235.2000,Metal1,150.4700,235.2000,9.711e-12
Metal1,150.3950,243.0400,Metal1,150.4700,243.0400,9.711e-12
Metal1,150.4550,54.8800,Metal1,150.4700,54.8800,5.061e-07
Metal1,150.4700,15.6800,Metal1,150.8100,15.6800,1.424e-07
Metal1,150.4700,23.0275,Metal1,150.6150,24.3650,3.143e-06
Metal1,150.4700,31.3600,Metal1,150.8100,31.3600,4.504e-08
Metal1,150.4700,39.2000,Metal1,150.8100,39.2000,1.980e-08
Metal1,150.4700,47.0400,Metal1,150.8100,47.0400,1.442e-09
Metal1,150.4700,54.8800,Metal1,150.8100,54.8800,5.061e-07
Metal1,150.4700,62.7200,Metal1,150.8100,62.7200,4.044e-08
Metal1,150.4700,70.5600,Metal1,150.8100,70.5600,1.156e-05
Metal1,150.4700,78.4000,Metal1,150.8100,78.4000,3.701e-07
Metal1,150.4700,86.2400,Metal1,150.8100,86.2400,3.168e-08
Metal1,150.4700,94.0800,Metal1,150.8100,94.0800,6.640e-08
Metal1,150.4700,101.9200,Metal1,150.8100,101.9200,1.319e-06
Metal1,150.4700,109.7600,Metal1,150.8100,109.7600,9.897e-06
Metal1,150.4700,117.6000,Metal1,150.8100,117.6000,2.139e-05
Metal1,150.4700,125.4400,Metal1,150.8100,125.4400,4.021e-08
Metal1,150.4700,133.2800,Metal1,150.8100,133.2800,1.578e-08
Metal1,150.4700,141.1200,Metal1,150.8100,141.1200,1.425e-08
Metal1,150.4700,148.9600,Metal1,150.8100,148.9600,1.395e-10
Metal1,150.4700,156.8000,Metal1,150.8100,156.8000,1.194e-05
Metal1,150.4700,164.6400,Metal1,150.8100,164.6400,1.748e-11
Metal1,150.4700,172.4800,Metal1,150.8100,172.4800,4.653e-13
Metal1,150.4700,180.3200,Metal1,150.8100,180.3200,4.653e-13
Metal1,150.4700,188.1600,Metal1,150.8100,188.1600,3.988e-13
Metal1,150.4700,196.0000,Metal1,150.8100,196.0000,4.653e-13
Metal1,150.4700,203.8400,Metal1,150.8100,203.8400,3.988e-13
Metal1,150.4700,211.6800,Metal1,150.8100,211.6800,4.653e-13
Metal1,150.4700,219.5200,Metal1,150.8100,219.5200,4.653e-13
Metal1,150.4700,227.3600,Metal1,150.8100,227.3600,4.653e-13
Metal1,150.4700,235.2000,Metal1,150.8100,235.2000,4.653e-13
Metal1,150.4700,243.0400,Metal1,150.8100,243.0400,3.988e-13
Metal1,150.6150,24.3650,Metal1,150.8100,23.5200,3.143e-06
Metal1,150.8100,15.6800,Metal1,150.9650,15.6800,1.424e-07
Metal1,150.8100,23.5200,Metal1,151.4450,23.5200,3.143e-06
Metal1,150.8100,31.3600,Metal1,151.9050,31.3600,4.073e-08
Metal1,150.8100,39.2000,Metal1,151.8450,39.2000,1.980e-08
Metal1,150.8100,47.0400,Metal1,150.9450,47.0400,1.442e-09
Metal1,150.8100,54.8800,Metal1,152.4650,54.8800,2.124e-08
Metal1,150.8100,62.7200,Metal1,152.4050,62.7200,4.044e-08
Metal1,150.8100,70.5600,Metal1,152.4050,70.5600,2.928e-09
Metal1,150.8100,78.4000,Metal1,152.9650,78.4000,3.701e-07
Metal1,150.8100,86.2400,Metal1,152.4050,86.2400,3.168e-08
Metal1,150.8100,94.0800,Metal1,151.3450,94.0800,6.640e-08
Metal1,150.8100,101.9200,Metal1,152.9650,101.9200,1.319e-06
Metal1,150.8100,109.7600,Metal1,152.9650,109.7600,9.897e-06
Metal1,150.8100,117.6000,Metal1,151.2850,117.6000,2.139e-05
Metal1,150.8100,125.4400,Metal1,152.4050,125.4400,6.183e-09
Metal1,150.8100,133.2800,Metal1,151.8450,133.2800,1.578e-08
Metal1,150.8100,141.1200,Metal1,152.4050,141.1200,1.425e-08
Metal1,150.8100,148.9600,Metal1,152.4050,148.9600,1.299e-10
Metal1,150.8100,156.8000,Metal1,152.9650,156.8000,1.194e-05
Metal1,150.8100,164.6400,Metal1,151.2850,164.6400,1.746e-11
Metal1,150.8100,172.4800,Metal1,152.4050,172.4800,4.715e-13
Metal1,150.8100,180.3200,Metal1,152.4050,180.3200,4.492e-13
Metal1,150.8100,188.1600,Metal1,152.4050,188.1600,4.640e-13
Metal1,150.8100,196.0000,Metal1,152.4050,196.0000,4.603e-13
Metal1,150.8100,203.8400,Metal1,152.4050,203.8400,4.529e-13
Metal1,150.8100,211.6800,Metal1,152.4050,211.6800,4.529e-13
Metal1,150.8100,219.5200,Metal1,152.4050,219.5200,4.603e-13
Metal1,150.8100,227.3600,Metal1,152.4050,227.3600,4.603e-13
Metal1,150.8100,235.2000,Metal1,152.4050,235.2000,4.640e-13
Metal1,150.8100,243.0400,Metal1,152.4050,243.0400,4.603e-13
Metal1,150.9450,47.0400,Metal1,151.1750,47.0400,7.476e-08
Metal1,150.9650,15.6800,Metal1,151.1950,15.6800,3.549e-05
Metal1,151.1750,47.0400,Metal1,152.6850,47.0400,7.476e-08
Metal1,151.1950,15.6800,Metal1,152.5100,15.6800,3.549e-05
Metal1,151.2850,117.6000,Metal1,151.5150,117.6000,2.767e-07
Metal1,151.2850,164.6400,Metal1,151.5150,164.6400,2.227e-12
Metal1,151.3450,94.0800,Metal1,151.5750,94.0800,1.882e-05
Metal1,151.4450,23.5200,Metal1,151.6750,23.5200,5.081e-05
Metal1,151.5150,117.6000,Metal1,152.9650,117.6000,2.521e-09
Metal1,151.5150,164.6400,Metal1,152.9650,164.6400,1.159e-11
Metal1,151.5750,94.0800,Metal1,152.9650,94.0800,1.882e-05
Metal1,151.6750,23.5200,Metal1,152.1250,23.5200,5.081e-05
Metal1,151.8450,39.2000,Metal1,152.0750,39.2000,8.475e-08
Metal1,151.8450,133.2800,Metal1,152.0750,133.2800,3.915e-06
Metal1,151.8450,250.8800,Metal1,152.0750,250.8800,1.039e-12
Metal1,151.9050,31.3600,Metal1,152.1350,31.3600,6.726e-06
Metal1,152.0750,39.2000,Metal1,152.9650,39.2000,1.164e-06
Metal1,152.0750,133.2800,Metal1,152.9650,133.2800,5.779e-08
Metal1,152.0750,250.8800,Metal1,154.0850,250.8800,1.010e-12
Metal1,152.1250,23.5200,Metal1,152.3550,23.5200,2.076e-05
Metal1,152.1350,31.3600,Metal1,152.9650,31.3600,6.726e-06
Metal1,152.3550,23.5200,Metal1,153.5850,23.5200,2.076e-05
Metal1,152.4050,62.7200,Metal1,152.6350,62.7200,1.124e-05
Metal1,152.4050,70.5600,Metal1,152.6350,70.5600,3.531e-07
Metal1,152.4050,86.2400,Metal1,152.6350,86.2400,8.795e-06
Metal1,152.4050,125.4400,Metal1,152.6350,125.4400,2.558e-08
Metal1,152.4050,141.1200,Metal1,152.6350,141.1200,3.955e-06
Metal1,152.4050,148.9600,Metal1,152.6350,148.9600,3.668e-08
Metal1,152.4050,172.4800,Metal1,152.6350,172.4800,1.161e-10
Metal1,152.4050,180.3200,Metal1,152.6350,180.3200,1.214e-10
Metal1,152.4050,188.1600,Metal1,152.6350,188.1600,1.191e-10
Metal1,152.4050,196.0000,Metal1,152.6350,196.0000,1.192e-10
Metal1,152.4050,203.8400,Metal1,152.6350,203.8400,1.208e-10
Metal1,152.4050,211.6800,Metal1,152.6350,211.6800,1.203e-10
Metal1,152.4050,219.5200,Metal1,152.6350,219.5200,1.205e-10
Metal1,152.4050,227.3600,Metal1,152.6350,227.3600,1.193e-10
Metal1,152.4050,235.2000,Metal1,152.6350,235.2000,1.200e-10
Metal1,152.4050,243.0400,Metal1,152.6350,243.0400,1.199e-10
Metal1,152.4650,54.8800,Metal1,152.6950,54.8800,4.810e-06
Metal1,152.5100,15.6800,Metal1,152.8500,15.6800,3.874e-06
Metal1,152.6350,62.7200,Metal1,152.9650,62.7200,1.124e-05
Metal1,152.6350,70.5600,Metal1,152.9650,70.5600,3.531e-07
Metal1,152.6350,86.2400,Metal1,152.9650,86.2400,8.795e-06
Metal1,152.6350,125.4400,Metal1,152.9650,125.4400,2.558e-08
Metal1,152.6350,141.1200,Metal1,152.9650,141.1200,3.955e-06
Metal1,152.6350,148.9600,Metal1,154.6450,148.9600,3.668e-08
Metal1,152.6350,172.4800,Metal1,152.9650,172.4800,1.160e-10
Metal1,152.6350,180.3200,Metal1,152.9650,180.3200,1.214e-10
Metal1,152.6350,188.1600,Metal1,152.9650,188.1600,1.191e-10
Metal1,152.6350,196.0000,Metal1,152.9650,196.0000,1.192e-10
Metal1,152.6350,203.8400,Metal1,152.9650,203.8400,1.207e-10
Metal1,152.6350,211.6800,Metal1,152.9650,211.6800,1.203e-10
Metal1,152.6350,219.5200,Metal1,152.9650,219.5200,1.205e-10
Metal1,152.6350,227.3600,Metal1,152.9650,227.3600,1.192e-10
Metal1,152.6350,235.2000,Metal1,152.9650,235.2000,1.200e-10
Metal1,152.6350,243.0400,Metal1,152.9650,243.0400,1.198e-10
Metal1,152.6850,47.0400,Metal1,152.9150,47.0400,1.806e-05
Metal1,152.6950,54.8800,Metal1,152.9650,54.8800,4.810e-06
Metal1,152.8500,15.6800,Metal1,153.2900,15.6800,3.874e-06
Metal1,152.9150,47.0400,Metal1,152.9650,47.0400,1.806e-05
Metal1,152.9650,31.3600,Metal1,153.1950,31.3600,6.150e-06
Metal1,152.9650,39.2000,Metal1,153.1950,39.2000,1.061e-06
Metal1,152.9650,47.0400,Metal1,153.1950,47.0400,5.725e-08
Metal1,152.9650,54.8800,Metal1,153.1950,54.8800,1.167e-06
Metal1,152.9650,62.7200,Metal1,153.1950,62.7200,2.996e-06
Metal1,152.9650,70.5600,Metal1,153.1950,70.5600,1.156e-05
Metal1,152.9650,78.4000,Metal1,153.1950,78.4000,1.632e-06
Metal1,152.9650,86.2400,Metal1,153.1950,86.2400,2.346e-06
Metal1,152.9650,94.0800,Metal1,153.1950,94.0800,2.717e-06
Metal1,152.9650,101.9200,Metal1,153.1950,101.9200,4.291e-07
Metal1,152.9650,109.7600,Metal1,153.1950,109.7600,1.308e-07
Metal1,152.9650,117.6000,Metal1,153.1950,117.6000,2.767e-07
Metal1,152.9650,125.4400,Metal1,153.1950,125.4400,7.196e-08
Metal1,152.9650,133.2800,Metal1,153.1950,133.2800,3.915e-06
Metal1,152.9650,141.1200,Metal1,153.1950,141.1200,1.055e-06
Metal1,152.9650,156.8000,Metal1,152.9700,157.3650,1.194e-05
Metal1,152.9650,164.6400,Metal1,153.1950,164.6400,4.038e-11
Metal1,152.9650,172.4800,Metal1,153.1950,172.4800,3.095e-11
Metal1,152.9650,180.3200,Metal1,153.1950,180.3200,3.244e-11
Metal1,152.9650,188.1600,Metal1,153.1950,188.1600,3.170e-11
Metal1,152.9650,196.0000,Metal1,153.1950,196.0000,3.184e-11
Metal1,152.9650,203.8400,Metal1,153.1950,203.8400,3.214e-11
Metal1,152.9650,211.6800,Metal1,153.1950,211.6800,3.207e-11
Metal1,152.9650,219.5200,Metal1,153.1950,219.5200,3.214e-11
Metal1,152.9650,227.3600,Metal1,153.1950,227.3600,3.177e-11
Metal1,152.9650,235.2000,Metal1,153.1950,235.2000,3.199e-11
Metal1,152.9650,243.0400,Metal1,153.1950,243.0400,3.199e-11
Metal1,152.9700,157.3650,Metal1,153.1950,156.6325,1.404e-08
Metal1,153.1950,31.3600,Metal1,154.1450,31.3600,6.150e-06
Metal1,153.1950,39.2000,Metal1,154.0850,39.2000,1.061e-06
Metal1,153.1950,47.0400,Metal1,155.2050,47.0400,5.725e-08
Metal1,153.1950,54.8800,Metal1,154.7050,54.8800,1.167e-06
Metal1,153.1950,62.7200,Metal1,154.6450,62.7200,2.996e-06
Metal1,153.1950,70.5600,Metal1,153.2250,70.5600,1.156e-05
Metal1,153.1950,78.4000,Metal1,153.7900,78.4000,1.632e-06
Metal1,153.1950,86.2400,Metal1,154.6450,86.2400,2.346e-06
Metal1,153.1950,94.0800,Metal1,154.0850,94.0800,2.717e-06
Metal1,153.1950,101.9200,Metal1,153.2300,101.9200,4.291e-07
Metal1,153.1950,109.7600,Metal1,153.5250,109.7600,1.308e-07
Metal1,153.1950,117.6000,Metal1,153.5250,117.6000,2.767e-07
Metal1,153.1950,125.4400,Metal1,154.6450,125.4400,7.195e-08
Metal1,153.1950,133.2800,Metal1,153.5300,133.2800,3.915e-06
Metal1,153.1950,141.1200,Metal1,154.6450,141.1200,1.055e-06
Metal1,153.1950,156.6325,Metal1,153.3100,156.8000,1.404e-08
Metal1,153.1950,164.6400,Metal1,153.5250,164.6400,4.035e-11
Metal1,153.1950,172.4800,Metal1,154.6450,172.4800,3.095e-11
Metal1,153.1950,180.3200,Metal1,154.6450,180.3200,3.239e-11
Metal1,153.1950,188.1600,Metal1,154.6450,188.1600,3.176e-11
Metal1,153.1950,196.0000,Metal1,154.6450,196.0000,3.179e-11
Metal1,153.1950,203.8400,Metal1,154.6450,203.8400,3.220e-11
Metal1,153.1950,211.6800,Metal1,154.6450,211.6800,3.208e-11
Metal1,153.1950,219.5200,Metal1,154.6450,219.5200,3.213e-11
Metal1,153.1950,227.3600,Metal1,154.6450,227.3600,3.181e-11
Metal1,153.1950,235.2000,Metal1,154.6450,235.2000,3.200e-11
Metal1,153.1950,243.0400,Metal1,154.6450,243.0400,3.195e-11
Metal1,153.2250,70.5600,Metal1,153.4550,70.5600,1.527e-06
Metal1,153.2300,101.9200,Metal1,153.5700,101.9200,1.813e-08
Metal1,153.2900,15.6800,Metal1,153.6300,15.6800,1.971e-06
Metal1,153.3100,156.8000,Metal1,155.2050,156.8000,6.845e-09
Metal1,153.4550,70.5600,Metal1,155.2100,70.5600,1.021e-05
Metal1,153.5250,109.7600,Metal1,153.7550,109.7600,7.373e-09
Metal1,153.5250,117.6000,Metal1,153.7550,117.6000,2.753e-08
Metal1,153.5250,164.6400,Metal1,153.7550,164.6400,1.084e-11
Metal1,153.5300,133.2800,Metal1,153.8700,133.2800,2.072e-07
Metal1,153.5700,101.9200,Metal1,155.2050,101.9200,2.787e-08
Metal1,153.5850,23.5200,Metal1,153.8150,23.5200,1.344e-06
Metal1,153.6300,15.6800,Metal1,154.5050,15.6800,1.971e-06
Metal1,153.7550,109.7600,Metal1,155.2050,109.7600,7.373e-09
Metal1,153.7550,117.6000,Metal1,155.3650,117.6000,1.079e-07
Metal1,153.7550,164.6400,Metal1,155.2050,164.6400,1.081e-11
Metal1,153.7900,78.4000,Metal1,154.1300,78.4000,2.703e-08
Metal1,153.8150,23.5200,Metal1,155.5300,23.5200,4.723e-06
Metal1,153.8700,133.2800,Metal1,156.0650,133.2800,9.099e-09
Metal1,154.0850,39.2000,Metal1,154.3150,39.2000,1.062e-06
Metal1,154.0850,94.0800,Metal1,154.3150,94.0800,2.588e-06
Metal1,154.0850,250.8800,Metal1,154.3150,250.8800,3.202e-10
Metal1,154.1300,78.4000,Metal1,155.2050,78.4000,1.034e-06
Metal1,154.1450,31.3600,Metal1,154.3750,31.3600,6.980e-06
Metal1,154.3150,39.2000,Metal1,155.2050,39.2000,1.062e-06
Metal1,154.3150,94.0800,Metal1,155.2050,94.0800,2.588e-06
Metal1,154.3150,250.8800,Metal1,156.3250,250.8800,2.080e-12
Metal1,154.3750,31.3600,Metal1,155.2050,31.3600,6.980e-06
Metal1,154.5050,15.6800,Metal1,154.7350,15.6800,6.859e-09
Metal1,154.6450,62.7200,Metal1,154.8750,62.7200,1.125e-05
Metal1,154.6450,86.2400,Metal1,154.8750,86.2400,8.795e-06
Metal1,154.6450,125.4400,Metal1,154.8750,125.4400,1.819e-05
Metal1,154.6450,141.1200,Metal1,154.8750,141.1200,3.955e-06
Metal1,154.6450,148.9600,Metal1,154.8750,148.9600,1.157e-05
Metal1,154.6450,172.4800,Metal1,154.8750,172.4800,1.162e-10
Metal1,154.6450,180.3200,Metal1,154.8750,180.3200,1.215e-10
Metal1,154.6450,188.1600,Metal1,154.8750,188.1600,1.191e-10
Metal1,154.6450,196.0000,Metal1,154.8750,196.0000,1.192e-10
Metal1,154.6450,203.8400,Metal1,154.8750,203.8400,1.208e-10
Metal1,154.6450,211.6800,Metal1,154.8750,211.6800,1.204e-10
Metal1,154.6450,219.5200,Metal1,154.8750,219.5200,1.205e-10
Metal1,154.6450,227.3600,Metal1,154.8750,227.3600,1.194e-10
Metal1,154.6450,235.2000,Metal1,154.8750,235.2000,1.200e-10
Metal1,154.6450,243.0400,Metal1,154.8750,243.0400,1.198e-10
Metal1,154.7050,54.8800,Metal1,154.9350,54.8800,5.266e-06
Metal1,154.7350,15.6800,Metal1,156.8850,15.6800,4.231e-11
Metal1,154.8750,62.7200,Metal1,155.2050,62.7200,1.125e-05
Metal1,154.8750,86.2400,Metal1,155.2050,86.2400,8.795e-06
Metal1,154.8750,125.4400,Metal1,155.3100,125.4400,1.819e-05
Metal1,154.8750,141.1200,Metal1,155.2050,141.1200,3.955e-06
Metal1,154.8750,148.9600,Metal1,156.4050,148.9600,9.121e-08
Metal1,154.8750,172.4800,Metal1,155.2050,172.4800,1.161e-10
Metal1,154.8750,180.3200,Metal1,155.2050,180.3200,1.214e-10
Metal1,154.8750,188.1600,Metal1,155.2050,188.1600,1.191e-10
Metal1,154.8750,196.0000,Metal1,155.2050,196.0000,1.192e-10
Metal1,154.8750,203.8400,Metal1,155.2050,203.8400,1.208e-10
Metal1,154.8750,211.6800,Metal1,155.2050,211.6800,1.203e-10
Metal1,154.8750,219.5200,Metal1,155.2050,219.5200,1.205e-10
Metal1,154.8750,227.3600,Metal1,155.2050,227.3600,1.193e-10
Metal1,154.8750,235.2000,Metal1,155.2050,235.2000,1.200e-10
Metal1,154.8750,243.0400,Metal1,155.2050,243.0400,1.198e-10
Metal1,154.9350,54.8800,Metal1,155.2050,54.8800,5.266e-06
Metal1,155.2050,31.3600,Metal1,155.4350,31.3600,6.327e-07
Metal1,155.2050,39.2000,Metal1,155.4350,39.2000,1.062e-06
Metal1,155.2050,47.0400,Metal1,155.4350,47.0400,3.460e-10
Metal1,155.2050,54.8800,Metal1,155.4350,54.8800,3.779e-07
Metal1,155.2050,62.7200,Metal1,155.4350,62.7200,9.765e-07
Metal1,155.2050,78.4000,Metal1,155.4350,78.4000,3.376e-10
Metal1,155.2050,86.2400,Metal1,155.4350,86.2400,3.612e-08
Metal1,155.2050,94.0800,Metal1,155.4350,94.0800,1.782e-08
Metal1,155.2050,101.9200,Metal1,155.4350,101.9200,1.979e-09
Metal1,155.2050,109.7600,Metal1,155.4350,109.7600,2.513e-08
Metal1,155.2050,141.1200,Metal1,155.4350,141.1200,1.624e-08
Metal1,155.2050,156.8000,Metal1,155.4350,156.8000,6.809e-07
Metal1,155.2050,164.6400,Metal1,155.4350,164.6400,4.031e-11
Metal1,155.2050,172.4800,Metal1,155.4350,172.4800,1.113e-12
Metal1,155.2050,180.3200,Metal1,155.4350,180.3200,1.113e-12
Metal1,155.2050,188.1600,Metal1,155.4350,188.1600,1.039e-12
Metal1,155.2050,196.0000,Metal1,155.4350,196.0000,1.113e-12
Metal1,155.2050,203.8400,Metal1,155.4350,203.8400,1.113e-12
Metal1,155.2050,211.6800,Metal1,155.4350,211.6800,1.113e-12
Metal1,155.2050,219.5200,Metal1,155.4350,219.5200,1.113e-12
Metal1,155.2050,227.3600,Metal1,155.4350,227.3600,1.188e-12
Metal1,155.2050,235.2000,Metal1,155.4350,235.2000,1.188e-12
Metal1,155.2050,243.0400,Metal1,155.4350,243.0400,1.039e-12
Metal1,155.2100,70.5600,Metal1,155.5500,70.5600,2.948e-07
Metal1,155.3100,125.4400,Metal1,155.6500,125.4400,8.284e-08
Metal1,155.3650,117.6000,Metal1,155.5950,117.6000,6.258e-07
Metal1,155.4350,31.3600,Metal1,156.8850,31.3600,1.857e-06
Metal1,155.4350,39.2000,Metal1,156.3250,39.2000,1.062e-06
Metal1,155.4350,47.0400,Metal1,156.3250,47.0400,3.460e-10
Metal1,155.4350,54.8800,Metal1,157.4450,54.8800,1.078e-08
Metal1,155.4350,62.7200,Metal1,156.8850,62.7200,2.386e-06
Metal1,155.4350,78.4000,Metal1,157.4450,78.4000,3.376e-10
Metal1,155.4350,86.2400,Metal1,156.8850,86.2400,3.612e-08
Metal1,155.4350,94.0800,Metal1,156.3250,94.0800,2.837e-06
Metal1,155.4350,101.9200,Metal1,157.4450,101.9200,2.284e-10
Metal1,155.4350,109.7600,Metal1,155.7650,109.7600,2.513e-08
Metal1,155.4350,141.1200,Metal1,156.8850,141.1200,1.624e-08
Metal1,155.4350,156.8000,Metal1,155.5050,156.8000,6.809e-07
Metal1,155.4350,164.6400,Metal1,155.7650,164.6400,4.037e-11
Metal1,155.4350,172.4800,Metal1,156.8850,172.4800,1.164e-12
Metal1,155.4350,180.3200,Metal1,156.8850,180.3200,1.217e-12
Metal1,155.4350,188.1600,Metal1,156.8850,188.1600,1.205e-12
Metal1,155.4350,196.0000,Metal1,156.8850,196.0000,1.209e-12
Metal1,155.4350,203.8400,Metal1,156.8850,203.8400,1.213e-12
Metal1,155.4350,211.6800,Metal1,156.8850,211.6800,1.184e-12
Metal1,155.4350,219.5200,Metal1,156.8850,219.5200,1.209e-12
Metal1,155.4350,227.3600,Metal1,156.8850,227.3600,1.196e-12
Metal1,155.4350,235.2000,Metal1,156.8850,235.2000,1.196e-12
Metal1,155.4350,243.0400,Metal1,156.8850,243.0400,1.103e-12
Metal1,155.5050,156.8000,Metal1,155.7350,156.8000,1.138e-05
Metal1,155.5300,23.5200,Metal1,155.8250,23.2750,1.122e-06
Metal1,155.5500,70.5600,Metal1,157.7450,70.5600,3.002e-08
Metal1,155.5950,117.6000,Metal1,155.7650,117.6000,6.258e-07
Metal1,155.6500,125.4400,Metal1,156.8850,125.4400,8.284e-08
Metal1,155.7350,156.8000,Metal1,157.7050,156.8000,1.138e-05
Metal1,155.7650,109.7600,Metal1,155.9950,109.7600,1.286e-09
Metal1,155.7650,117.6000,Metal1,155.9950,117.6000,1.879e-06
Metal1,155.7650,164.6400,Metal1,155.9950,164.6400,1.084e-11
Metal1,155.8250,23.2750,Metal1,155.8700,23.8050,1.122e-06
Metal1,155.8700,23.8050,Metal1,156.0550,23.5200,9.713e-08
Metal1,155.9950,109.7600,Metal1,157.4450,109.7600,7.173e-09
Metal1,155.9950,117.6000,Metal1,157.6050,117.6000,6.950e-09
Metal1,155.9950,164.6400,Metal1,157.4450,164.6400,1.081e-11
Metal1,156.0550,23.5200,Metal1,158.0650,23.5200,9.713e-08
Metal1,156.0650,133.2800,Metal1,156.2950,133.2800,6.709e-08
Metal1,156.2950,133.2800,Metal1,156.9650,133.2800,6.709e-08
Metal1,156.3250,39.2000,Metal1,156.5550,39.2000,1.069e-06
Metal1,156.3250,47.0400,Metal1,156.5550,47.0400,4.461e-11
Metal1,156.3250,94.0800,Metal1,156.5550,94.0800,1.369e-09
Metal1,156.3250,250.8800,Metal1,156.5550,250.8800,3.102e-10
Metal1,156.4050,148.9600,Metal1,156.6350,148.9600,9.546e-06
Metal1,156.5550,39.2000,Metal1,157.4450,39.2000,1.069e-06
Metal1,156.5550,47.0400,Metal1,157.4450,47.0400,4.460e-11
Metal1,156.5550,94.0800,Metal1,157.4450,94.0800,2.818e-06
Metal1,156.5550,250.8800,Metal1,158.3100,250.8800,3.002e-10
Metal1,156.6350,148.9600,Metal1,156.8850,148.9600,9.546e-06
Metal1,156.8850,15.6800,Metal1,157.1150,15.6800,6.869e-09
Metal1,156.8850,31.3600,Metal1,157.1150,31.3600,6.456e-06
Metal1,156.8850,62.7200,Metal1,157.1150,62.7200,8.295e-06
Metal1,156.8850,86.2400,Metal1,157.1150,86.2400,7.497e-09
Metal1,156.8850,125.4400,Metal1,157.1150,125.4400,1.904e-08
Metal1,156.8850,141.1200,Metal1,157.1150,141.1200,3.370e-09
Metal1,156.8850,148.9600,Metal1,157.1150,148.9600,3.963e-08
Metal1,156.8850,172.4800,Metal1,157.1150,172.4800,2.375e-12
Metal1,156.8850,180.3200,Metal1,157.1150,180.3200,2.450e-12
Metal1,156.8850,188.1600,Metal1,157.1150,188.1600,2.450e-12
Metal1,156.8850,196.0000,Metal1,157.1150,196.0000,2.450e-12
Metal1,156.8850,203.8400,Metal1,157.1150,203.8400,2.450e-12
Metal1,156.8850,211.6800,Metal1,157.1150,211.6800,2.375e-12
Metal1,156.8850,219.5200,Metal1,157.1150,219.5200,2.524e-12
Metal1,156.8850,227.3600,Metal1,157.1150,227.3600,2.450e-12
Metal1,156.8850,235.2000,Metal1,157.1150,235.2000,2.450e-12
Metal1,156.8850,243.0400,Metal1,157.1150,243.0400,2.153e-12
Metal1,156.9650,133.2800,Metal1,157.1950,133.2800,1.348e-06
Metal1,157.1150,15.6800,Metal1,158.3100,15.6800,6.878e-09
Metal1,157.1150,31.3600,Metal1,157.4450,31.3600,6.456e-06
Metal1,157.1150,62.7200,Metal1,157.4450,62.7200,8.295e-06
Metal1,157.1150,86.2400,Metal1,157.4450,86.2400,7.497e-09
Metal1,157.1150,125.4400,Metal1,157.3050,125.4400,1.904e-08
Metal1,157.1150,141.1200,Metal1,157.4450,141.1200,3.370e-09
Metal1,157.1150,148.9600,Metal1,159.1250,148.9600,3.963e-08
Metal1,157.1150,172.4800,Metal1,157.4450,172.4800,2.422e-12
Metal1,157.1150,180.3200,Metal1,157.4450,180.3200,2.530e-12
Metal1,157.1150,188.1600,Metal1,157.4450,188.1600,2.512e-12
Metal1,157.1150,196.0000,Metal1,157.4450,196.0000,2.566e-12
Metal1,157.1150,203.8400,Metal1,157.4450,203.8400,2.548e-12
Metal1,157.1150,211.6800,Metal1,157.4450,211.6800,2.404e-12
Metal1,157.1150,219.5200,Metal1,157.4450,219.5200,2.512e-12
Metal1,157.1150,227.3600,Metal1,157.4450,227.3600,2.494e-12
Metal1,157.1150,235.2000,Metal1,157.4450,235.2000,2.476e-12
Metal1,157.1150,243.0400,Metal1,157.4450,243.0400,2.135e-12
Metal1,157.1950,133.2800,Metal1,158.2650,133.2800,1.348e-06
Metal1,157.3050,125.4400,Metal1,157.5350,125.4400,2.724e-09
Metal1,157.4450,31.3600,Metal1,157.6750,31.3600,1.756e-06
Metal1,157.4450,39.2000,Metal1,157.6750,39.2000,5.513e-09
Metal1,157.4450,47.0400,Metal1,157.6750,47.0400,4.224e-11
Metal1,157.4450,54.8800,Metal1,157.6750,54.8800,3.145e-07
Metal1,157.4450,62.7200,Metal1,157.6750,62.7200,2.256e-06
Metal1,157.4450,78.4000,Metal1,157.6750,78.4000,9.271e-07
Metal1,157.4450,86.2400,Metal1,157.6750,86.2400,1.873e-09
Metal1,157.4450,94.0800,Metal1,157.6750,94.0800,2.570e-06
Metal1,157.4450,101.9200,Metal1,157.6750,101.9200,7.129e-08
Metal1,157.4450,109.7600,Metal1,157.6750,109.7600,2.500e-08
Metal1,157.4450,141.1200,Metal1,157.6750,141.1200,8.418e-10
Metal1,157.4450,164.6400,Metal1,157.6750,164.6400,4.023e-11
Metal1,157.4450,172.4800,Metal1,157.6750,172.4800,6.681e-13
Metal1,157.4450,180.3200,Metal1,157.6750,180.3200,7.423e-13
Metal1,157.4450,188.1600,Metal1,157.6750,188.1600,6.681e-13
Metal1,157.4450,196.0000,Metal1,157.6750,196.0000,7.423e-13
Metal1,157.4450,203.8400,Metal1,157.6750,203.8400,7.423e-13
Metal1,157.4450,211.6800,Metal1,157.6750,211.6800,6.681e-13
Metal1,157.4450,219.5200,Metal1,157.6750,219.5200,7.423e-13
Metal1,157.4450,227.3600,Metal1,157.6750,227.3600,6.681e-13
Metal1,157.4450,235.2000,Metal1,157.6750,235.2000,6.681e-13
Metal1,157.4450,243.0400,Metal1,157.6750,243.0400,5.938e-13
Metal1,157.5350,125.4400,Metal1,159.1250,125.4400,2.724e-09
Metal1,157.6050,117.6000,Metal1,157.8350,117.6000,1.867e-07
Metal1,157.6750,31.3600,Metal1,159.1250,31.3600,1.756e-06
Metal1,157.6750,39.2000,Metal1,158.5650,39.2000,5.513e-09
Metal1,157.6750,47.0400,Metal1,158.5650,47.0400,4.223e-11
Metal1,157.6750,54.8800,Metal1,159.6850,54.8800,1.057e-08
Metal1,157.6750,62.7200,Metal1,159.1250,62.7200,2.256e-06
Metal1,157.6750,78.4000,Metal1,158.7850,78.4000,9.271e-07
Metal1,157.6750,86.2400,Metal1,159.1250,86.2400,1.873e-09
Metal1,157.6750,94.0800,Metal1,158.5650,94.0800,2.570e-06
Metal1,157.6750,101.9200,Metal1,158.2250,101.9200,7.129e-08
Metal1,157.6750,109.7600,Metal1,158.0050,109.7600,2.500e-08
Metal1,157.6750,141.1200,Metal1,159.1250,141.1200,8.419e-10
Metal1,157.6750,164.6400,Metal1,158.0050,164.6400,4.037e-11
Metal1,157.6750,172.4800,Metal1,159.1250,172.4800,6.575e-13
Metal1,157.6750,180.3200,Metal1,159.1250,180.3200,6.860e-13
Metal1,157.6750,188.1600,Metal1,159.1250,188.1600,6.820e-13
Metal1,157.6750,196.0000,Metal1,159.1250,196.0000,6.901e-13
Metal1,157.6750,203.8400,Metal1,159.1250,203.8400,6.901e-13
Metal1,157.6750,211.6800,Metal1,159.1250,211.6800,6.534e-13
Metal1,157.6750,219.5200,Metal1,159.1250,219.5200,6.820e-13
Metal1,157.6750,227.3600,Metal1,159.1250,227.3600,6.779e-13
Metal1,157.6750,235.2000,Metal1,159.1250,235.2000,6.738e-13
Metal1,157.6750,243.0400,Metal1,159.1250,243.0400,5.840e-13
Metal1,157.7050,156.8000,Metal1,157.9350,156.8000,3.817e-06
Metal1,157.7450,70.5600,Metal1,157.9750,70.5600,9.649e-06
Metal1,157.8350,117.6000,Metal1,158.0050,117.6000,1.867e-07
Metal1,157.9350,156.8000,Metal1,158.1100,156.8000,3.817e-06
Metal1,157.9750,70.5600,Metal1,159.1250,70.5600,9.649e-06
Metal1,158.0050,109.7600,Metal1,158.2350,109.7600,6.801e-09
Metal1,158.0050,117.6000,Metal1,158.2350,117.6000,1.859e-05
Metal1,158.0050,164.6400,Metal1,158.2350,164.6400,1.099e-11
Metal1,158.0650,23.5200,Metal1,158.2950,23.5200,4.407e-05
Metal1,158.1100,156.8000,Metal1,158.4500,156.8000,5.615e-06
Metal1,158.2250,101.9200,Metal1,158.4550,101.9200,3.045e-08
Metal1,158.2350,109.7600,Metal1,159.6850,109.7600,6.800e-09
Metal1,158.2350,117.6000,Metal1,160.2450,117.6000,1.859e-05
Metal1,158.2350,164.6400,Metal1,159.6850,164.6400,1.097e-11
Metal1,158.2650,133.2800,Metal1,158.4950,133.2800,6.613e-09
Metal1,158.2950,23.5200,Metal1,158.8900,23.5200,4.407e-05
Metal1,158.3100,15.6800,Metal1,158.6500,15.6800,6.889e-09
Metal1,158.3100,250.8800,Metal1,158.6500,250.8800,2.900e-10
Metal1,158.4500,156.8000,Metal1,160.1050,156.8000,5.723e-07
Metal1,158.4550,101.9200,Metal1,159.6850,101.9200,3.045e-08
Metal1,158.4950,133.2800,Metal1,159.6850,133.2800,6.614e-09
Metal1,158.5650,39.2000,Metal1,158.7950,39.2000,5.305e-10
Metal1,158.5650,47.0400,Metal1,158.7950,47.0400,2.969e-13
Metal1,158.5650,94.0800,Metal1,158.7950,94.0800,2.571e-06
Metal1,158.6500,15.6800,Metal1,158.8300,15.6800,6.889e-09
Metal1,158.6500,250.8800,Metal1,160.8050,250.8800,2.900e-10
Metal1,158.7850,78.4000,Metal1,159.0150,78.4000,1.452e-06
Metal1,158.7950,39.2000,Metal1,159.6850,39.2000,1.896e-09
Metal1,158.7950,47.0400,Metal1,159.6850,47.0400,4.631e-11
Metal1,158.7950,94.0800,Metal1,159.6850,94.0800,2.571e-06
Metal1,158.8300,15.6800,Metal1,159.1700,15.6800,2.132e-07
Metal1,158.8900,23.5200,Metal1,159.2300,23.5200,3.822e-05
Metal1,159.0150,78.4000,Metal1,159.6850,78.4000,1.452e-06
Metal1,159.1250,31.3600,Metal1,159.3550,31.3600,4.471e-07
Metal1,159.1250,62.7200,Metal1,159.3550,62.7200,5.746e-07
Metal1,159.1250,70.5600,Metal1,159.3550,70.5600,6.933e-07
Metal1,159.1250,86.2400,Metal1,159.3550,86.2400,4.812e-10
Metal1,159.1250,125.4400,Metal1,159.3550,125.4400,1.860e-10
Metal1,159.1250,141.1200,Metal1,159.3550,141.1200,2.163e-10
Metal1,159.1250,148.9600,Metal1,159.3550,148.9600,3.530e-07
Metal1,159.1250,172.4800,Metal1,159.3550,172.4800,1.485e-13
Metal1,159.1250,180.3200,Metal1,159.3550,180.3200,1.485e-13
Metal1,159.1250,188.1600,Metal1,159.3550,188.1600,7.423e-14
Metal1,159.1250,196.0000,Metal1,159.3550,196.0000,7.423e-14
Metal1,159.1250,203.8400,Metal1,159.3550,203.8400,2.227e-13
Metal1,159.1250,211.6800,Metal1,159.3550,211.6800,2.227e-13
Metal1,159.1250,219.5200,Metal1,159.3550,219.5200,1.485e-13
Metal1,159.1250,227.3600,Metal1,159.3550,227.3600,1.485e-13
Metal1,159.1250,235.2000,Metal1,159.3550,235.2000,1.485e-13
Metal1,159.1250,243.0400,Metal1,159.3550,243.0400,7.423e-14
Metal1,159.1700,15.6800,Metal1,160.5700,15.6800,4.726e-06
Metal1,159.2300,23.5200,Metal1,160.5050,23.5200,3.822e-05
Metal1,159.3550,31.3600,Metal1,159.6850,31.3600,8.000e-06
Metal1,159.3550,62.7200,Metal1,159.6850,62.7200,1.028e-05
Metal1,159.3550,70.5600,Metal1,161.3650,70.5600,3.408e-08
Metal1,159.3550,86.2400,Metal1,159.6850,86.2400,8.593e-09
Metal1,159.3550,125.4400,Metal1,161.3650,125.4400,1.246e-10
Metal1,159.3550,141.1200,Metal1,159.6850,141.1200,3.862e-09
Metal1,159.3550,148.9600,Metal1,161.3650,148.9600,9.110e-09
Metal1,159.3550,172.4800,Metal1,159.6850,172.4800,3.014e-12
Metal1,159.3550,180.3200,Metal1,159.6850,180.3200,3.140e-12
Metal1,159.3550,188.1600,Metal1,159.6850,188.1600,3.140e-12
Metal1,159.3550,196.0000,Metal1,159.6850,196.0000,3.176e-12
Metal1,159.3550,203.8400,Metal1,159.6850,203.8400,3.140e-12
Metal1,159.3550,211.6800,Metal1,159.6850,211.6800,3.014e-12
Metal1,159.3550,219.5200,Metal1,159.6850,219.5200,3.122e-12
Metal1,159.3550,227.3600,Metal1,159.6850,227.3600,3.104e-12
Metal1,159.3550,235.2000,Metal1,159.6850,235.2000,3.086e-12
Metal1,159.3550,243.0400,Metal1,159.6850,243.0400,2.691e-12
Metal1,159.6850,31.3600,Metal1,159.9150,31.3600,1.788e-06
Metal1,159.6850,39.2000,Metal1,159.9150,39.2000,1.262e-12
Metal1,159.6850,47.0400,Metal1,159.9150,47.0400,7.423e-14
Metal1,159.6850,54.8800,Metal1,159.9150,54.8800,1.124e-05
Metal1,159.6850,62.7200,Metal1,159.9150,62.7200,2.264e-06
Metal1,159.6850,78.4000,Metal1,159.9150,78.4000,2.461e-08
Metal1,159.6850,86.2400,Metal1,159.9150,86.2400,4.737e-10
Metal1,159.6850,94.0800,Metal1,159.9150,94.0800,2.717e-06
Metal1,159.6850,101.9200,Metal1,159.9150,101.9200,7.602e-07
Metal1,159.6850,109.7600,Metal1,159.9150,109.7600,1.701e-09
Metal1,159.6850,133.2800,Metal1,159.9150,133.2800,6.106e-09
Metal1,159.6850,141.1200,Metal1,159.9150,141.1200,2.128e-10
Metal1,159.6850,164.6400,Metal1,159.9150,164.6400,2.746e-12
Metal1,159.6850,172.4800,Metal1,159.9150,172.4800,1.485e-13
Metal1,159.6850,180.3200,Metal1,159.9150,180.3200,2.227e-13
Metal1,159.6850,188.1600,Metal1,159.9150,188.1600,2.227e-13
Metal1,159.6850,196.0000,Metal1,159.9150,196.0000,2.969e-13
Metal1,159.6850,203.8400,Metal1,159.9150,203.8400,2.227e-13
Metal1,159.6850,211.6800,Metal1,159.9150,211.6800,1.485e-13
Metal1,159.6850,219.5200,Metal1,159.9150,219.5200,2.227e-13
Metal1,159.6850,227.3600,Metal1,159.9150,227.3600,2.227e-13
Metal1,159.6850,235.2000,Metal1,159.9150,235.2000,2.227e-13
Metal1,159.6850,243.0400,Metal1,159.9150,243.0400,1.485e-13
Metal1,159.9150,31.3600,Metal1,161.3650,31.3600,1.788e-06
Metal1,159.9150,39.2000,Metal1,160.8050,39.2000,1.880e-09
Metal1,159.9150,47.0400,Metal1,160.8050,47.0400,4.598e-11
Metal1,159.9150,54.8800,Metal1,161.9250,54.8800,7.409e-08
Metal1,159.9150,62.7200,Metal1,161.3650,62.7200,2.264e-06
Metal1,159.9150,78.4000,Metal1,160.5250,78.4000,1.796e-06
Metal1,159.9150,86.2400,Metal1,161.3650,86.2400,1.978e-09
Metal1,159.9150,94.0800,Metal1,160.8050,94.0800,2.717e-06
Metal1,159.9150,101.9200,Metal1,159.9650,101.9200,7.602e-07
Metal1,159.9150,109.7600,Metal1,160.2450,109.7600,3.056e-08
Metal1,159.9150,133.2800,Metal1,161.9250,133.2800,2.398e-10
Metal1,159.9150,141.1200,Metal1,161.3650,141.1200,8.890e-10
Metal1,159.9150,164.6400,Metal1,160.2450,164.6400,4.900e-11
Metal1,159.9150,172.4800,Metal1,161.3650,172.4800,6.942e-13
Metal1,159.9150,180.3200,Metal1,161.3650,180.3200,7.228e-13
Metal1,159.9150,188.1600,Metal1,161.3650,188.1600,7.187e-13
Metal1,159.9150,196.0000,Metal1,161.3650,196.0000,7.350e-13
Metal1,159.9150,203.8400,Metal1,161.3650,203.8400,7.269e-13
Metal1,159.9150,211.6800,Metal1,161.3650,211.6800,6.942e-13
Metal1,159.9150,219.5200,Metal1,161.3650,219.5200,7.187e-13
Metal1,159.9150,227.3600,Metal1,161.3650,227.3600,7.187e-13
Metal1,159.9150,235.2000,Metal1,161.3650,235.2000,7.146e-13
Metal1,159.9150,243.0400,Metal1,161.3650,243.0400,6.125e-13
Metal1,159.9650,101.9200,Metal1,160.1950,101.9200,9.440e-06
Metal1,160.1050,156.8000,Metal1,160.3350,156.8000,5.032e-10
Metal1,160.1950,101.9200,Metal1,161.9250,101.9200,9.440e-06
Metal1,160.2450,109.7600,Metal1,160.4750,109.7600,2.880e-08
Metal1,160.2450,117.6000,Metal1,160.4750,117.6000,1.802e-06
Metal1,160.2450,164.6400,Metal1,160.4750,164.6400,6.161e-11
Metal1,160.3350,156.8000,Metal1,163.6050,156.8000,2.023e-12
Metal1,160.4750,109.7600,Metal1,161.9250,109.7600,5.394e-09
Metal1,160.4750,117.6000,Metal1,161.3650,117.6000,6.574e-06
Metal1,160.4750,164.6400,Metal1,161.9250,164.6400,7.820e-12
Metal1,160.5050,23.5200,Metal1,160.7350,23.5200,3.150e-07
Metal1,160.5250,78.4000,Metal1,160.7550,78.4000,8.762e-07
Metal1,160.5700,15.6800,Metal1,160.9100,15.6800,1.120e-06
Metal1,160.7350,23.5200,Metal1,162.2500,23.5200,3.150e-07
Metal1,160.7550,78.4000,Metal1,161.9250,78.4000,8.762e-07
Metal1,160.8050,39.2000,Metal1,161.0350,39.2000,1.727e-09
Metal1,160.8050,47.0400,Metal1,161.0350,47.0400,4.194e-11
Metal1,160.8050,94.0800,Metal1,161.0350,94.0800,1.882e-05
Metal1,160.8050,250.8800,Metal1,161.0350,250.8800,8.908e-13
Metal1,160.9100,15.6800,Metal1,163.8250,15.6800,1.120e-06
Metal1,161.0350,39.2000,Metal1,161.9250,39.2000,1.727e-09
Metal1,161.0350,47.0400,Metal1,161.9250,47.0400,4.193e-11
Metal1,161.0350,94.0800,Metal1,162.0300,94.0800,1.882e-05
Metal1,161.0350,250.8800,Metal1,163.0450,250.8800,9.162e-13
Metal1,161.3650,31.3600,Metal1,161.5950,31.3600,8.592e-06
Metal1,161.3650,62.7200,Metal1,161.5950,62.7200,3.092e-06
Metal1,161.3650,70.5600,Metal1,161.5950,70.5600,9.649e-06
Metal1,161.3650,86.2400,Metal1,161.5950,86.2400,6.897e-09
Metal1,161.3650,117.6000,Metal1,161.5950,117.6000,5.984e-06
Metal1,161.3650,125.4400,Metal1,161.5950,125.4400,3.800e-08
Metal1,161.3650,141.1200,Metal1,161.5950,141.1200,3.100e-09
Metal1,161.3650,148.9600,Metal1,161.5950,148.9600,3.313e-11
Metal1,161.3650,172.4800,Metal1,161.5950,172.4800,2.450e-12
Metal1,161.3650,180.3200,Metal1,161.5950,180.3200,2.524e-12
Metal1,161.3650,188.1600,Metal1,161.5950,188.1600,2.450e-12
Metal1,161.3650,196.0000,Metal1,161.5950,196.0000,2.524e-12
Metal1,161.3650,203.8400,Metal1,161.5950,203.8400,2.524e-12
Metal1,161.3650,211.6800,Metal1,161.5950,211.6800,2.375e-12
Metal1,161.3650,219.5200,Metal1,161.5950,219.5200,2.524e-12
Metal1,161.3650,227.3600,Metal1,161.5950,227.3600,2.524e-12
Metal1,161.3650,235.2000,Metal1,161.5950,235.2000,2.450e-12
Metal1,161.3650,243.0400,Metal1,161.5950,243.0400,2.153e-12
Metal1,161.5950,31.3600,Metal1,161.9250,31.3600,8.592e-06
Metal1,161.5950,62.7200,Metal1,163.1500,62.7200,3.092e-06
Metal1,161.5950,70.5600,Metal1,163.1250,70.5600,1.076e-08
Metal1,161.5950,86.2400,Metal1,161.9250,86.2400,6.897e-09
Metal1,161.5950,117.6000,Metal1,162.4850,117.6000,5.984e-06
Metal1,161.5950,125.4400,Metal1,161.6300,125.4400,3.800e-08
Metal1,161.5950,141.1200,Metal1,161.9250,141.1200,3.100e-09
Metal1,161.5950,148.9600,Metal1,163.6050,148.9600,3.315e-11
Metal1,161.5950,172.4800,Metal1,161.9250,172.4800,2.458e-12
Metal1,161.5950,180.3200,Metal1,161.9250,180.3200,2.566e-12
Metal1,161.5950,188.1600,Metal1,161.9250,188.1600,2.512e-12
Metal1,161.5950,196.0000,Metal1,161.9250,196.0000,2.584e-12
Metal1,161.5950,203.8400,Metal1,161.9250,203.8400,2.548e-12
Metal1,161.5950,211.6800,Metal1,161.9250,211.6800,2.422e-12
Metal1,161.5950,219.5200,Metal1,161.9250,219.5200,2.512e-12
Metal1,161.5950,227.3600,Metal1,161.9250,227.3600,2.512e-12
Metal1,161.5950,235.2000,Metal1,161.9250,235.2000,2.512e-12
Metal1,161.5950,243.0400,Metal1,161.9250,243.0400,2.153e-12
Metal1,161.6300,125.4400,Metal1,161.9700,125.4400,1.588e-09
Metal1,161.9250,31.3600,Metal1,162.1550,31.3600,4.411e-07
Metal1,161.9250,39.2000,Metal1,162.1550,39.2000,8.136e-11
Metal1,161.9250,47.0400,Metal1,162.1550,47.0400,4.172e-11
Metal1,161.9250,54.8800,Metal1,162.1550,54.8800,1.221e-06
Metal1,161.9250,78.4000,Metal1,162.1550,78.4000,2.839e-09
Metal1,161.9250,86.2400,Metal1,162.1550,86.2400,1.846e-09
Metal1,161.9250,101.9200,Metal1,162.1550,101.9200,6.871e-07
Metal1,161.9250,109.7600,Metal1,162.1550,109.7600,1.832e-08
Metal1,161.9250,133.2800,Metal1,162.1550,133.2800,1.952e-11
Metal1,161.9250,141.1200,Metal1,162.1550,141.1200,8.296e-10
Metal1,161.9250,164.6400,Metal1,162.1550,164.6400,2.598e-11
Metal1,161.9250,172.4800,Metal1,162.1550,172.4800,6.681e-13
Metal1,161.9250,180.3200,Metal1,162.1550,180.3200,6.681e-13
Metal1,161.9250,188.1600,Metal1,162.1550,188.1600,6.681e-13
Metal1,161.9250,196.0000,Metal1,162.1550,196.0000,6.681e-13
Metal1,161.9250,203.8400,Metal1,162.1550,203.8400,7.423e-13
Metal1,161.9250,211.6800,Metal1,162.1550,211.6800,5.938e-13
Metal1,161.9250,219.5200,Metal1,162.1550,219.5200,6.681e-13
Metal1,161.9250,227.3600,Metal1,162.1550,227.3600,6.681e-13
Metal1,161.9250,235.2000,Metal1,162.1550,235.2000,6.681e-13
Metal1,161.9250,243.0400,Metal1,162.1550,243.0400,5.938e-13
Metal1,161.9700,125.4400,Metal1,163.6050,125.4400,2.858e-09
Metal1,162.0300,94.0800,Metal1,162.3700,94.0800,1.237e-07
Metal1,162.1550,31.3600,Metal1,163.6050,31.3600,2.432e-06
Metal1,162.1550,39.2000,Metal1,163.0450,39.2000,1.131e-12
Metal1,162.1550,47.0400,Metal1,163.0450,47.0400,4.177e-11
Metal1,162.1550,54.8800,Metal1,164.1650,54.8800,4.107e-08
Metal1,162.1550,78.4000,Metal1,164.1650,78.4000,2.818e-09
Metal1,162.1550,86.2400,Metal1,163.6050,86.2400,1.846e-09
Metal1,162.1550,101.9200,Metal1,163.6050,101.9200,1.410e-09
Metal1,162.1550,109.7600,Metal1,162.4850,109.7600,1.832e-08
Metal1,162.1550,133.2800,Metal1,164.1650,133.2800,1.597e-12
Metal1,162.1550,141.1200,Metal1,163.6050,141.1200,8.296e-10
Metal1,162.1550,164.6400,Metal1,162.4850,164.6400,2.611e-11
Metal1,162.1550,172.4800,Metal1,163.6050,172.4800,6.575e-13
Metal1,162.1550,180.3200,Metal1,163.6050,180.3200,6.820e-13
Metal1,162.1550,188.1600,Metal1,163.6050,188.1600,6.779e-13
Metal1,162.1550,196.0000,Metal1,163.6050,196.0000,6.860e-13
Metal1,162.1550,203.8400,Metal1,163.6050,203.8400,6.820e-13
Metal1,162.1550,211.6800,Metal1,163.6050,211.6800,6.452e-13
Metal1,162.1550,219.5200,Metal1,163.6050,219.5200,6.820e-13
Metal1,162.1550,227.3600,Metal1,163.6050,227.3600,6.779e-13
Metal1,162.1550,235.2000,Metal1,163.6050,235.2000,6.738e-13
Metal1,162.1550,243.0400,Metal1,163.6050,243.0400,5.799e-13
Metal1,162.2500,23.5200,Metal1,162.5900,23.5200,3.202e-05
Metal1,162.3700,94.0800,Metal1,163.0450,94.0800,2.396e-09
Metal1,162.4850,109.7600,Metal1,162.7150,109.7600,5.068e-09
Metal1,162.4850,117.6000,Metal1,162.7150,117.6000,6.031e-06
Metal1,162.4850,164.6400,Metal1,162.7150,164.6400,1.655e-11
Metal1,162.5900,23.5200,Metal1,164.4700,23.5200,3.202e-05
Metal1,162.7150,109.7600,Metal1,164.1650,109.7600,5.058e-09
Metal1,162.7150,117.6000,Metal1,163.6050,117.6000,6.031e-06
Metal1,162.7150,164.6400,Metal1,164.1650,164.6400,6.632e-12
Metal1,163.0450,39.2000,Metal1,163.2750,39.2000,7.126e-11
Metal1,163.0450,47.0400,Metal1,163.2750,47.0400,7.119e-11
Metal1,163.0450,94.0800,Metal1,163.2750,94.0800,1.237e-07
Metal1,163.0450,250.8800,Metal1,163.2750,250.8800,2.227e-13
Metal1,163.1250,70.5600,Metal1,163.3550,70.5600,2.416e-07
Metal1,163.1500,62.7200,Metal1,163.4900,62.7200,1.798e-05
Metal1,163.2750,39.2000,Metal1,164.1650,39.2000,6.155e-11
Metal1,163.2750,47.0400,Metal1,164.1650,47.0400,6.134e-11
Metal1,163.2750,94.0800,Metal1,164.0250,94.0800,1.237e-07
Metal1,163.2750,250.8800,Metal1,165.2850,250.8800,0.000e+00
Metal1,163.3550,70.5600,Metal1,163.6050,70.5600,2.416e-07
Metal1,163.4900,62.7200,Metal1,163.6050,62.7200,1.798e-05
Metal1,163.6050,31.3600,Metal1,163.8350,31.3600,8.832e-06
Metal1,163.6050,62.7200,Metal1,163.8350,62.7200,4.413e-06
Metal1,163.6050,70.5600,Metal1,163.8350,70.5600,7.641e-06
Metal1,163.6050,86.2400,Metal1,163.8350,86.2400,7.428e-09
Metal1,163.6050,101.9200,Metal1,163.8350,101.9200,1.547e-07
Metal1,163.6050,117.6000,Metal1,163.8350,117.6000,4.337e-07
Metal1,163.6050,125.4400,Metal1,163.8350,125.4400,2.021e-08
Metal1,163.6050,141.1200,Metal1,163.8350,141.1200,3.339e-09
Metal1,163.6050,148.9600,Metal1,163.8350,148.9600,1.143e-08
Metal1,163.6050,156.8000,Metal1,163.8350,156.8000,4.932e-10
Metal1,163.6050,172.4800,Metal1,163.8350,172.4800,2.227e-12
Metal1,163.6050,180.3200,Metal1,163.8350,180.3200,2.301e-12
Metal1,163.6050,188.1600,Metal1,163.8350,188.1600,2.375e-12
Metal1,163.6050,196.0000,Metal1,163.8350,196.0000,2.301e-12
Metal1,163.6050,203.8400,Metal1,163.8350,203.8400,2.375e-12
Metal1,163.6050,211.6800,Metal1,163.8350,211.6800,2.153e-12
Metal1,163.6050,219.5200,Metal1,163.8350,219.5200,2.301e-12
Metal1,163.6050,227.3600,Metal1,163.8350,227.3600,2.301e-12
Metal1,163.6050,235.2000,Metal1,163.8350,235.2000,2.301e-12
Metal1,163.6050,243.0400,Metal1,163.8350,243.0400,2.004e-12
Metal1,163.8250,15.6800,Metal1,163.9300,16.1725,1.120e-06
Metal1,163.8350,31.3600,Metal1,164.1650,31.3600,8.832e-06
Metal1,163.8350,62.7200,Metal1,164.4700,62.7200,4.413e-06
Metal1,163.8350,70.5600,Metal1,164.4700,70.5600,7.641e-06
Metal1,163.8350,86.2400,Metal1,164.1650,86.2400,7.428e-09
Metal1,163.8350,101.9200,Metal1,164.1650,101.9200,1.547e-07
Metal1,163.8350,117.6000,Metal1,164.4700,117.6000,2.499e-08
Metal1,163.8350,125.4400,Metal1,164.4700,125.4400,2.021e-08
Metal1,163.8350,141.1200,Metal1,164.1650,141.1200,3.338e-09
Metal1,163.8350,148.9600,Metal1,164.4700,148.9600,1.143e-08
Metal1,163.8350,156.8000,Metal1,164.4300,156.8000,4.931e-10
Metal1,163.8350,172.4800,Metal1,164.1650,172.4800,2.297e-12
Metal1,163.8350,180.3200,Metal1,164.1650,180.3200,2.386e-12
Metal1,163.8350,188.1600,Metal1,164.1650,188.1600,2.386e-12
Metal1,163.8350,196.0000,Metal1,164.1650,196.0000,2.404e-12
Metal1,163.8350,203.8400,Metal1,164.1650,203.8400,2.404e-12
Metal1,163.8350,211.6800,Metal1,164.1650,211.6800,2.279e-12
Metal1,163.8350,219.5200,Metal1,164.1650,219.5200,2.422e-12
Metal1,163.8350,227.3600,Metal1,164.1650,227.3600,2.386e-12
Metal1,163.8350,235.2000,Metal1,164.1650,235.2000,2.386e-12
Metal1,163.8350,243.0400,Metal1,164.1650,243.0400,2.010e-12
Metal1,163.9300,16.1725,Metal1,164.0550,15.4350,2.111e-06
Metal1,164.0250,94.0800,Metal1,164.2550,94.0800,8.001e-10
Metal1,164.0550,15.4350,Metal1,164.2700,15.6800,3.734e-06
Metal1,164.1650,31.3600,Metal1,164.3950,31.3600,1.986e-05
Metal1,164.1650,39.2000,Metal1,164.3950,39.2000,8.610e-09
Metal1,164.1650,47.0400,Metal1,164.3950,47.0400,2.940e-09
Metal1,164.1650,54.8800,Metal1,164.3950,54.8800,1.124e-05
Metal1,164.1650,78.4000,Metal1,164.3950,78.4000,1.286e-08
Metal1,164.1650,86.2400,Metal1,164.3950,86.2400,3.168e-08
Metal1,164.1650,101.9200,Metal1,164.3950,101.9200,9.440e-06
Metal1,164.1650,109.7600,Metal1,164.3950,109.7600,1.574e-08
Metal1,164.1650,133.2800,Metal1,164.3950,133.2800,9.204e-12
Metal1,164.1650,141.1200,Metal1,164.3950,141.1200,1.425e-08
Metal1,164.1650,164.6400,Metal1,164.3950,164.6400,9.576e-12
Metal1,164.1650,172.4800,Metal1,164.3950,172.4800,9.576e-12
Metal1,164.1650,180.3200,Metal1,164.3950,180.3200,9.576e-12
Metal1,164.1650,188.1600,Metal1,164.3950,188.1600,9.576e-12
Metal1,164.1650,196.0000,Metal1,164.3950,196.0000,9.576e-12
Metal1,164.1650,203.8400,Metal1,164.3950,203.8400,9.576e-12
Metal1,164.1650,211.6800,Metal1,164.3950,211.6800,9.576e-12
Metal1,164.1650,219.5200,Metal1,164.3950,219.5200,9.576e-12
Metal1,164.1650,227.3600,Metal1,164.3950,227.3600,9.576e-12
Metal1,164.1650,235.2000,Metal1,164.3950,235.2000,9.576e-12
Metal1,164.1650,243.0400,Metal1,164.3950,243.0400,9.576e-12
Metal1,164.2550,94.0800,Metal1,164.4700,94.0800,8.001e-10
Metal1,164.2700,15.6800,Metal1,165.5650,15.6800,3.734e-06
Metal1,164.3950,31.3600,Metal1,164.4700,31.3600,1.986e-05
Metal1,164.3950,39.2000,Metal1,164.4700,39.2000,8.611e-09
Metal1,164.3950,47.0400,Metal1,164.4700,47.0400,2.940e-09
Metal1,164.3950,54.8800,Metal1,164.4700,54.8800,1.124e-05
Metal1,164.3950,78.4000,Metal1,164.4700,78.4000,1.286e-08
Metal1,164.3950,86.2400,Metal1,164.4700,86.2400,3.168e-08
Metal1,164.3950,101.9200,Metal1,164.4700,101.9200,9.440e-06
Metal1,164.3950,109.7600,Metal1,164.4700,109.7600,1.574e-08
Metal1,164.3950,133.2800,Metal1,164.4700,133.2800,9.316e-12
Metal1,164.3950,141.1200,Metal1,164.4700,141.1200,1.425e-08
Metal1,164.3950,164.6400,Metal1,164.4700,164.6400,9.632e-12
Metal1,164.3950,172.4800,Metal1,164.4700,172.4800,9.632e-12
Metal1,164.3950,180.3200,Metal1,164.4700,180.3200,9.632e-12
Metal1,164.3950,188.1600,Metal1,164.4700,188.1600,9.632e-12
Metal1,164.3950,196.0000,Metal1,164.4700,196.0000,9.632e-12
Metal1,164.3950,203.8400,Metal1,164.4700,203.8400,9.711e-12
Metal1,164.3950,211.6800,Metal1,164.4700,211.6800,9.632e-12
Metal1,164.3950,219.5200,Metal1,164.4700,219.5200,9.632e-12
Metal1,164.3950,227.3600,Metal1,164.4700,227.3600,9.632e-12
Metal1,164.3950,235.2000,Metal1,164.4700,235.2000,9.632e-12
Metal1,164.3950,243.0400,Metal1,164.4700,243.0400,9.632e-12
Metal1,164.4300,156.8000,Metal1,164.4700,157.2600,4.931e-10
Metal1,164.4700,23.5200,Metal1,164.8100,23.5200,3.202e-05
Metal1,164.4700,31.3600,Metal1,164.8100,31.3600,1.986e-05
Metal1,164.4700,39.2000,Metal1,164.8100,39.2000,8.600e-09
Metal1,164.4700,47.0400,Metal1,164.8100,47.0400,2.930e-09
Metal1,164.4700,54.8800,Metal1,164.8100,54.8800,1.124e-05
Metal1,164.4700,62.7200,Metal1,164.8100,62.7200,4.413e-06
Metal1,164.4700,70.5600,Metal1,164.8100,70.5600,7.641e-06
Metal1,164.4700,78.4000,Metal1,164.8100,78.4000,1.285e-08
Metal1,164.4700,86.2400,Metal1,164.8100,86.2400,3.167e-08
Metal1,164.4700,94.0800,Metal1,164.8100,94.0800,7.902e-10
Metal1,164.4700,101.9200,Metal1,164.8100,101.9200,9.440e-06
Metal1,164.4700,109.7600,Metal1,164.8100,109.7600,1.573e-08
Metal1,164.4700,117.6000,Metal1,164.8100,117.6000,2.498e-08
Metal1,164.4700,125.4400,Metal1,164.8100,125.4400,2.020e-08
Metal1,164.4700,133.2800,Metal1,164.8100,133.2800,9.306e-13
Metal1,164.4700,141.1200,Metal1,164.8100,141.1200,1.424e-08
Metal1,164.4700,148.9600,Metal1,164.8100,148.9600,1.142e-08
Metal1,164.4700,157.2600,Metal1,164.7700,155.9550,5.534e-11
Metal1,164.4700,164.6400,Metal1,164.8100,164.6400,4.653e-13
Metal1,164.4700,172.4800,Metal1,164.8100,172.4800,5.317e-13
Metal1,164.4700,180.3200,Metal1,164.8100,180.3200,4.653e-13
Metal1,164.4700,188.1600,Metal1,164.8100,188.1600,5.317e-13
Metal1,164.4700,196.0000,Metal1,164.8100,196.0000,5.317e-13
Metal1,164.4700,203.8400,Metal1,164.8100,203.8400,5.317e-13
Metal1,164.4700,211.6800,Metal1,164.8100,211.6800,5.317e-13
Metal1,164.4700,219.5200,Metal1,164.8100,219.5200,5.317e-13
Metal1,164.4700,227.3600,Metal1,164.8100,227.3600,5.317e-13
Metal1,164.4700,235.2000,Metal1,164.8100,235.2000,5.317e-13
Metal1,164.4700,243.0400,Metal1,164.8100,243.0400,5.317e-13
Metal1,164.7700,155.9550,Metal1,164.8100,156.8000,5.534e-11
Metal1,164.8100,23.5200,Metal1,164.8850,23.5200,3.202e-05
Metal1,164.8100,31.3600,Metal1,166.4050,31.3600,1.646e-07
Metal1,164.8100,39.2000,Metal1,166.4050,39.2000,8.600e-09
Metal1,164.8100,47.0400,Metal1,166.4050,47.0400,2.921e-09
Metal1,164.8100,54.8800,Metal1,164.8850,54.8800,1.124e-05
Metal1,164.8100,62.7200,Metal1,165.1450,62.7200,4.413e-06
Metal1,164.8100,70.5600,Metal1,165.8450,70.5600,7.641e-06
Metal1,164.8100,78.4000,Metal1,166.4050,78.4000,1.285e-08
Metal1,164.8100,86.2400,Metal1,166.4050,86.2400,3.167e-08
Metal1,164.8100,94.0800,Metal1,166.9650,94.0800,7.901e-10
Metal1,164.8100,101.9200,Metal1,166.4050,101.9200,2.392e-09
Metal1,164.8100,109.7600,Metal1,166.4050,109.7600,1.573e-08
Metal1,164.8100,117.6000,Metal1,165.8450,117.6000,2.498e-08
Metal1,164.8100,125.4400,Metal1,166.6250,125.4400,2.020e-08
Metal1,164.8100,133.2800,Metal1,166.4050,133.2800,8.724e-13
Metal1,164.8100,141.1200,Metal1,166.4050,141.1200,1.424e-08
Metal1,164.8100,148.9600,Metal1,165.8450,148.9600,1.142e-08
Metal1,164.8100,156.8000,Metal1,166.9650,156.8000,1.265e-07
Metal1,164.8100,164.6400,Metal1,166.4050,164.6400,4.975e-13
Metal1,164.8100,172.4800,Metal1,166.4050,172.4800,5.309e-13
Metal1,164.8100,180.3200,Metal1,166.4050,180.3200,5.086e-13
Metal1,164.8100,188.1600,Metal1,166.4050,188.1600,5.197e-13
Metal1,164.8100,196.0000,Metal1,166.4050,196.0000,5.160e-13
Metal1,164.8100,203.8400,Metal1,166.4050,203.8400,5.234e-13
Metal1,164.8100,211.6800,Metal1,166.4050,211.6800,5.160e-13
Metal1,164.8100,219.5200,Metal1,166.4050,219.5200,5.086e-13
Metal1,164.8100,227.3600,Metal1,166.4050,227.3600,5.234e-13
Metal1,164.8100,235.2000,Metal1,166.4050,235.2000,5.160e-13
Metal1,164.8100,243.0400,Metal1,166.4050,243.0400,5.123e-13
Metal1,164.8850,23.5200,Metal1,165.1150,23.5200,4.448e-06
Metal1,164.8850,54.8800,Metal1,165.1150,54.8800,1.102e-06
Metal1,165.1150,23.5200,Metal1,166.9650,23.5200,3.136e-05
Metal1,165.1150,54.8800,Metal1,166.9650,54.8800,5.392e-06
Metal1,165.1450,62.7200,Metal1,165.3750,62.7200,7.304e-07
Metal1,165.2850,250.8800,Metal1,165.5150,250.8800,8.908e-13
Metal1,165.3750,62.7200,Metal1,167.0900,62.7200,7.304e-07
Metal1,165.5150,250.8800,Metal1,167.5250,250.8800,8.867e-13
Metal1,165.5650,15.6800,Metal1,165.7950,15.6800,1.235e-05
Metal1,165.7950,15.6800,Metal1,167.2900,15.6800,1.235e-05
Metal1,165.8450,70.5600,Metal1,166.0750,70.5600,3.476e-08
Metal1,165.8450,117.6000,Metal1,166.0750,117.6000,6.210e-06
Metal1,165.8450,148.9600,Metal1,166.0750,148.9600,8.247e-10
Metal1,166.0750,70.5600,Metal1,167.9100,70.5600,3.476e-08
Metal1,166.0750,117.6000,Metal1,166.9650,117.6000,6.210e-06
Metal1,166.0750,148.9600,Metal1,166.9650,148.9600,9.916e-11
Metal1,166.4050,31.3600,Metal1,166.5300,31.9250,1.986e-05
Metal1,166.4050,39.2000,Metal1,166.6350,39.2000,2.390e-06
Metal1,166.4050,47.0400,Metal1,166.6350,47.0400,8.120e-07
Metal1,166.4050,78.4000,Metal1,166.6350,78.4000,3.568e-06
Metal1,166.4050,86.2400,Metal1,166.6350,86.2400,8.791e-06
Metal1,166.4050,101.9200,Metal1,166.6350,101.9200,2.885e-07
Metal1,166.4050,109.7600,Metal1,166.6350,109.7600,4.366e-06
Metal1,166.4050,133.2800,Metal1,166.6350,133.2800,3.118e-12
Metal1,166.4050,141.1200,Metal1,166.6350,141.1200,3.953e-06
Metal1,166.4050,164.6400,Metal1,166.6350,164.6400,1.005e-10
Metal1,166.4050,172.4800,Metal1,166.6350,172.4800,1.002e-10
Metal1,166.4050,180.3200,Metal1,166.6350,180.3200,1.053e-10
Metal1,166.4050,188.1600,Metal1,166.6350,188.1600,1.033e-10
Metal1,166.4050,196.0000,Metal1,166.6350,196.0000,1.034e-10
Metal1,166.4050,203.8400,Metal1,166.6350,203.8400,1.036e-10
Metal1,166.4050,211.6800,Metal1,166.6350,211.6800,1.042e-10
Metal1,166.4050,219.5200,Metal1,166.6350,219.5200,1.044e-10
Metal1,166.4050,227.3600,Metal1,166.6350,227.3600,1.021e-10
Metal1,166.4050,235.2000,Metal1,166.6350,235.2000,1.028e-10
Metal1,166.4050,243.0400,Metal1,166.6350,243.0400,1.036e-10
Metal1,166.5300,31.9250,Metal1,166.6350,31.0700,1.986e-05
Metal1,166.6250,125.4400,Metal1,166.8550,125.4400,7.251e-06
Metal1,166.6350,31.0700,Metal1,166.7600,31.3600,1.820e-07
Metal1,166.6350,39.2000,Metal1,166.9650,39.2000,2.390e-06
Metal1,166.6350,47.0400,Metal1,168.0900,47.0400,8.120e-07
Metal1,166.6350,78.4000,Metal1,166.9650,78.4000,3.568e-06
Metal1,166.6350,86.2400,Metal1,166.9650,86.2400,8.791e-06
Metal1,166.6350,101.9200,Metal1,166.9650,101.9200,2.885e-07
Metal1,166.6350,109.7600,Metal1,166.9650,109.7600,4.366e-06
Metal1,166.6350,133.2800,Metal1,166.9650,133.2800,4.401e-11
Metal1,166.6350,141.1200,Metal1,166.9650,141.1200,3.953e-06
Metal1,166.6350,164.6400,Metal1,166.9650,164.6400,1.004e-10
Metal1,166.6350,172.4800,Metal1,166.9650,172.4800,1.002e-10
Metal1,166.6350,180.3200,Metal1,166.9650,180.3200,1.053e-10
Metal1,166.6350,188.1600,Metal1,166.9650,188.1600,1.033e-10
Metal1,166.6350,196.0000,Metal1,166.9650,196.0000,1.034e-10
Metal1,166.6350,203.8400,Metal1,166.9650,203.8400,1.035e-10
Metal1,166.6350,211.6800,Metal1,166.9650,211.6800,1.041e-10
Metal1,166.6350,219.5200,Metal1,166.9650,219.5200,1.043e-10
Metal1,166.6350,227.3600,Metal1,166.9650,227.3600,1.021e-10
Metal1,166.6350,235.2000,Metal1,166.9650,235.2000,1.028e-10
Metal1,166.6350,243.0400,Metal1,166.9650,243.0400,1.036e-10
Metal1,166.7600,31.3600,Metal1,170.1500,31.3600,1.851e-05
Metal1,166.8550,125.4400,Metal1,166.9650,125.4400,7.251e-06
Metal1,166.9650,23.5200,Metal1,167.1950,23.5200,2.253e-06
Metal1,166.9650,39.2000,Metal1,167.1950,39.2000,6.373e-07
Metal1,166.9650,54.8800,Metal1,167.1550,54.3150,6.464e-07
Metal1,166.9650,78.4000,Metal1,167.1950,78.4000,9.515e-07
Metal1,166.9650,86.2400,Metal1,167.1950,86.2400,2.344e-06
Metal1,166.9650,94.0800,Metal1,167.1950,94.0800,1.923e-11
Metal1,166.9650,101.9200,Metal1,167.1950,101.9200,9.440e-06
Metal1,166.9650,109.7600,Metal1,167.1950,109.7600,1.164e-06
Metal1,166.9650,117.6000,Metal1,167.1950,117.6000,6.167e-06
Metal1,166.9650,125.4400,Metal1,167.1950,125.4400,1.164e-06
Metal1,166.9650,133.2800,Metal1,167.1950,133.2800,9.427e-12
Metal1,166.9650,141.1200,Metal1,167.1950,141.1200,1.054e-06
Metal1,166.9650,148.9600,Metal1,167.1950,148.9600,4.454e-13
Metal1,166.9650,156.8000,Metal1,167.1950,156.8000,3.877e-10
Metal1,166.9650,164.6400,Metal1,167.1950,164.6400,2.680e-11
Metal1,166.9650,172.4800,Metal1,167.1950,172.4800,2.672e-11
Metal1,166.9650,180.3200,Metal1,167.1950,180.3200,2.806e-11
Metal1,166.9650,188.1600,Metal1,167.1950,188.1600,2.754e-11
Metal1,166.9650,196.0000,Metal1,167.1950,196.0000,2.754e-11
Metal1,166.9650,203.8400,Metal1,167.1950,203.8400,2.761e-11
Metal1,166.9650,211.6800,Metal1,167.1950,211.6800,2.776e-11
Metal1,166.9650,219.5200,Metal1,167.1950,219.5200,2.784e-11
Metal1,166.9650,227.3600,Metal1,167.1950,227.3600,2.717e-11
Metal1,166.9650,235.2000,Metal1,167.1950,235.2000,2.739e-11
Metal1,166.9650,243.0400,Metal1,167.1950,243.0400,2.761e-11
Metal1,167.0900,62.7200,Metal1,167.3200,62.7200,5.907e-09
Metal1,167.1550,54.3150,Metal1,167.1950,55.2250,6.464e-07
Metal1,167.1950,23.5200,Metal1,169.2050,23.5200,1.107e-07
Metal1,167.1950,39.2000,Metal1,168.6450,39.2000,6.373e-07
Metal1,167.1950,55.2250,Metal1,167.3850,54.8800,3.435e-06
Metal1,167.1950,78.4000,Metal1,168.6450,78.4000,9.515e-07
Metal1,167.1950,86.2400,Metal1,168.6450,86.2400,2.344e-06
Metal1,167.1950,94.0800,Metal1,168.3500,94.0800,1.059e-09
Metal1,167.1950,101.9200,Metal1,168.3450,101.9200,9.440e-06
Metal1,167.1950,109.7600,Metal1,168.6450,109.7600,1.164e-06
Metal1,167.1950,117.6000,Metal1,168.0850,117.6000,6.167e-06
Metal1,167.1950,125.4400,Metal1,168.3650,125.4400,1.164e-06
Metal1,167.1950,133.2800,Metal1,168.6450,133.2800,9.486e-12
Metal1,167.1950,141.1200,Metal1,168.6450,141.1200,1.054e-06
Metal1,167.1950,148.9600,Metal1,168.0850,148.9600,9.241e-11
Metal1,167.1950,156.8000,Metal1,169.2050,156.8000,3.877e-10
Metal1,167.1950,164.6400,Metal1,168.6450,164.6400,2.679e-11
Metal1,167.1950,172.4800,Metal1,168.6450,172.4800,2.673e-11
Metal1,167.1950,180.3200,Metal1,168.6450,180.3200,2.809e-11
Metal1,167.1950,188.1600,Metal1,168.6450,188.1600,2.754e-11
Metal1,167.1950,196.0000,Metal1,168.6450,196.0000,2.758e-11
Metal1,167.1950,203.8400,Metal1,168.6450,203.8400,2.762e-11
Metal1,167.1950,211.6800,Metal1,168.6450,211.6800,2.778e-11
Metal1,167.1950,219.5200,Metal1,168.6450,219.5200,2.783e-11
Metal1,167.1950,227.3600,Metal1,168.6450,227.3600,2.723e-11
Metal1,167.1950,235.2000,Metal1,168.6450,235.2000,2.743e-11
Metal1,167.1950,243.0400,Metal1,168.6450,243.0400,2.764e-11
Metal1,167.2900,15.6800,Metal1,167.6300,15.6800,6.504e-06
Metal1,167.3200,62.7200,Metal1,169.4700,62.7200,6.150e-07
Metal1,167.3850,54.8800,Metal1,169.2050,54.8800,3.435e-06
Metal1,167.5250,250.8800,Metal1,167.7550,250.8800,2.799e-10
Metal1,167.6300,15.6800,Metal1,168.9700,15.6800,6.504e-06
Metal1,167.7550,250.8800,Metal1,169.7650,250.8800,1.815e-12
Metal1,167.9100,70.5600,Metal1,168.0850,70.1450,1.108e-08
Metal1,168.0850,70.1450,Metal1,168.2500,71.1250,9.093e-10
Metal1,168.0850,117.6000,Metal1,168.3150,117.6000,6.213e-06
Metal1,168.0850,148.9600,Metal1,168.3150,148.9600,8.670e-11
Metal1,168.0900,47.0400,Metal1,168.4300,47.0400,2.624e-06
Metal1,168.2500,71.1250,Metal1,168.3150,70.5600,9.093e-10
Metal1,168.3150,70.5600,Metal1,170.3250,70.5600,3.219e-09
Metal1,168.3150,117.6000,Metal1,169.2050,117.6000,6.213e-06
Metal1,168.3150,148.9600,Metal1,169.2050,148.9600,8.670e-11
Metal1,168.3450,101.9200,Metal1,168.5750,101.9200,4.356e-07
Metal1,168.3500,94.0800,Metal1,168.6900,94.0800,6.049e-11
Metal1,168.3650,125.4400,Metal1,168.5950,125.4400,2.149e-06
Metal1,168.4300,47.0400,Metal1,168.6450,47.0400,2.624e-06
Metal1,168.5750,101.9200,Metal1,168.7700,101.9200,4.356e-07
Metal1,168.5950,125.4400,Metal1,169.2050,125.4400,2.149e-06
Metal1,168.6450,39.2000,Metal1,168.8750,39.2000,2.390e-06
Metal1,168.6450,47.0400,Metal1,168.8750,47.0400,1.462e-05
Metal1,168.6450,78.4000,Metal1,168.8750,78.4000,3.568e-06
Metal1,168.6450,86.2400,Metal1,168.8750,86.2400,8.801e-06
Metal1,168.6450,109.7600,Metal1,168.8750,109.7600,4.366e-06
Metal1,168.6450,133.2800,Metal1,168.8750,133.2800,3.556e-11
Metal1,168.6450,141.1200,Metal1,168.8750,141.1200,3.958e-06
Metal1,168.6450,164.6400,Metal1,168.8750,164.6400,1.005e-10
Metal1,168.6450,172.4800,Metal1,168.8750,172.4800,1.003e-10
Metal1,168.6450,180.3200,Metal1,168.8750,180.3200,1.054e-10
Metal1,168.6450,188.1600,Metal1,168.8750,188.1600,1.033e-10
Metal1,168.6450,196.0000,Metal1,168.8750,196.0000,1.035e-10
Metal1,168.6450,203.8400,Metal1,168.8750,203.8400,1.036e-10
Metal1,168.6450,211.6800,Metal1,168.8750,211.6800,1.043e-10
Metal1,168.6450,219.5200,Metal1,168.8750,219.5200,1.044e-10
Metal1,168.6450,227.3600,Metal1,168.8750,227.3600,1.021e-10
Metal1,168.6450,235.2000,Metal1,168.8750,235.2000,1.029e-10
Metal1,168.6450,243.0400,Metal1,168.8750,243.0400,1.036e-10
Metal1,168.6900,94.0800,Metal1,169.2050,94.0800,2.397e-09
Metal1,168.7700,101.9200,Metal1,169.0000,101.9200,2.426e-08
Metal1,168.8750,39.2000,Metal1,169.2050,39.2000,2.390e-06
Metal1,168.8750,47.0400,Metal1,170.6250,47.0400,2.931e-09
Metal1,168.8750,78.4000,Metal1,169.2050,78.4000,3.568e-06
Metal1,168.8750,86.2400,Metal1,169.2050,86.2400,8.801e-06
Metal1,168.8750,109.7600,Metal1,169.2050,109.7600,4.366e-06
Metal1,168.8750,133.2800,Metal1,169.2050,133.2800,3.553e-11
Metal1,168.8750,141.1200,Metal1,169.2050,141.1200,3.958e-06
Metal1,168.8750,164.6400,Metal1,169.2050,164.6400,1.005e-10
Metal1,168.8750,172.4800,Metal1,169.2050,172.4800,1.002e-10
Metal1,168.8750,180.3200,Metal1,169.2050,180.3200,1.053e-10
Metal1,168.8750,188.1600,Metal1,169.2050,188.1600,1.033e-10
Metal1,168.8750,196.0000,Metal1,169.2050,196.0000,1.034e-10
Metal1,168.8750,203.8400,Metal1,169.2050,203.8400,1.036e-10
Metal1,168.8750,211.6800,Metal1,169.2050,211.6800,1.042e-10
Metal1,168.8750,219.5200,Metal1,169.2050,219.5200,1.044e-10
Metal1,168.8750,227.3600,Metal1,169.2050,227.3600,1.021e-10
Metal1,168.8750,235.2000,Metal1,169.2050,235.2000,1.028e-10
Metal1,168.8750,243.0400,Metal1,169.2050,243.0400,1.036e-10
Metal1,168.9700,15.6800,Metal1,169.3100,15.6800,6.587e-07
Metal1,169.0000,101.9200,Metal1,172.7250,101.9200,7.738e-06
Metal1,169.2050,23.5200,Metal1,169.4350,23.5200,3.136e-05
Metal1,169.2050,39.2000,Metal1,169.4350,39.2000,1.261e-08
Metal1,169.2050,54.8800,Metal1,169.4350,54.8800,4.402e-08
Metal1,169.2050,78.4000,Metal1,169.4350,78.4000,1.465e-08
Metal1,169.2050,86.2400,Metal1,169.4350,86.2400,6.327e-07
Metal1,169.2050,94.0800,Metal1,169.4350,94.0800,4.238e-09
Metal1,169.2050,109.7600,Metal1,169.4350,109.7600,1.793e-08
Metal1,169.2050,117.6000,Metal1,169.4350,117.6000,4.474e-07
Metal1,169.2050,125.4400,Metal1,169.4350,125.4400,1.550e-07
Metal1,169.2050,133.2800,Metal1,169.4350,133.2800,9.576e-12
Metal1,169.2050,141.1200,Metal1,169.4350,141.1200,3.435e-07
Metal1,169.2050,148.9600,Metal1,169.4350,148.9600,2.684e-10
Metal1,169.2050,156.8000,Metal1,169.4250,156.2350,4.199e-09
Metal1,169.2050,164.6400,Metal1,169.4350,164.6400,1.039e-12
Metal1,169.2050,172.4800,Metal1,169.4350,172.4800,1.113e-12
Metal1,169.2050,180.3200,Metal1,169.4350,180.3200,1.039e-12
Metal1,169.2050,188.1600,Metal1,169.4350,188.1600,1.113e-12
Metal1,169.2050,196.0000,Metal1,169.4350,196.0000,1.039e-12
Metal1,169.2050,203.8400,Metal1,169.4350,203.8400,1.113e-12
Metal1,169.2050,211.6800,Metal1,169.4350,211.6800,1.188e-12
Metal1,169.2050,219.5200,Metal1,169.4350,219.5200,1.039e-12
Metal1,169.2050,227.3600,Metal1,169.4350,227.3600,1.039e-12
Metal1,169.2050,235.2000,Metal1,169.4350,235.2000,1.188e-12
Metal1,169.2050,243.0400,Metal1,169.4350,243.0400,1.039e-12
Metal1,169.3100,15.6800,Metal1,170.8850,15.6800,5.529e-09
Metal1,169.4250,156.2350,Metal1,169.4350,157.2925,4.199e-09
Metal1,169.4350,23.5200,Metal1,169.7650,23.5200,3.136e-05
Metal1,169.4350,39.2000,Metal1,171.4450,39.2000,1.261e-08
Metal1,169.4350,54.8800,Metal1,169.7650,54.8800,4.402e-08
Metal1,169.4350,78.4000,Metal1,170.8850,78.4000,1.465e-08
Metal1,169.4350,86.2400,Metal1,170.8850,86.2400,3.511e-08
Metal1,169.4350,94.0800,Metal1,171.4450,94.0800,2.789e-11
Metal1,169.4350,109.7600,Metal1,170.8850,109.7600,1.793e-08
Metal1,169.4350,117.6000,Metal1,170.3250,117.6000,3.529e-08
Metal1,169.4350,125.4400,Metal1,171.4450,125.4400,1.555e-08
Metal1,169.4350,133.2800,Metal1,170.8850,133.2800,9.515e-12
Metal1,169.4350,141.1200,Metal1,170.8850,141.1200,8.384e-07
Metal1,169.4350,148.9600,Metal1,170.3250,148.9600,2.684e-10
Metal1,169.4350,157.2925,Metal1,169.6550,156.8000,2.013e-07
Metal1,169.4350,164.6400,Metal1,170.8850,164.6400,1.123e-12
Metal1,169.4350,172.4800,Metal1,170.8850,172.4800,1.021e-12
Metal1,169.4350,180.3200,Metal1,170.8850,180.3200,1.152e-12
Metal1,169.4350,188.1600,Metal1,170.8850,188.1600,1.111e-12
Metal1,169.4350,196.0000,Metal1,170.8850,196.0000,1.135e-12
Metal1,169.4350,203.8400,Metal1,170.8850,203.8400,1.135e-12
Metal1,169.4350,211.6800,Metal1,170.8850,211.6800,1.131e-12
Metal1,169.4350,219.5200,Metal1,170.8850,219.5200,1.135e-12
Metal1,169.4350,227.3600,Metal1,170.8850,227.3600,1.103e-12
Metal1,169.4350,235.2000,Metal1,170.8850,235.2000,1.135e-12
Metal1,169.4350,243.0400,Metal1,170.8850,243.0400,1.147e-12
Metal1,169.4700,62.7200,Metal1,169.8100,62.7200,1.654e-08
Metal1,169.6550,156.8000,Metal1,171.1650,156.8000,1.712e-07
Metal1,169.7650,23.5200,Metal1,169.9950,23.5200,2.253e-06
Metal1,169.7650,54.8800,Metal1,169.9950,54.8800,2.930e-09
Metal1,169.7650,250.8800,Metal1,169.9950,250.8800,2.700e-10
Metal1,169.8100,62.7200,Metal1,171.1450,62.7200,2.490e-07
Metal1,169.9950,23.5200,Metal1,172.0050,23.5200,1.107e-07
Metal1,169.9950,54.8800,Metal1,171.4450,54.8800,2.930e-09
Metal1,169.9950,250.8800,Metal1,171.7500,250.8800,2.601e-10
Metal1,170.1500,31.3600,Metal1,170.4900,31.3600,1.528e-06
Metal1,170.3250,70.5600,Metal1,170.5550,70.5600,2.356e-07
Metal1,170.3250,117.6000,Metal1,170.5550,117.6000,2.525e-10
Metal1,170.3250,148.9600,Metal1,170.5550,148.9600,5.210e-08
Metal1,170.4900,31.3600,Metal1,172.0050,31.3600,1.725e-05
Metal1,170.5550,70.5600,Metal1,172.1650,70.5600,2.356e-07
Metal1,170.5550,117.6000,Metal1,171.4450,117.6000,3.177e-08
Metal1,170.5550,148.9600,Metal1,171.4450,148.9600,7.689e-10
Metal1,170.6250,47.0400,Metal1,170.8550,47.0400,1.826e-06
Metal1,170.8550,47.0400,Metal1,170.8850,47.0400,1.826e-06
Metal1,170.8850,15.6800,Metal1,171.1150,15.6800,6.587e-07
Metal1,170.8850,47.0400,Metal1,171.1150,47.0400,1.750e-05
Metal1,170.8850,78.4000,Metal1,171.1150,78.4000,3.039e-09
Metal1,170.8850,86.2400,Metal1,171.1150,86.2400,7.299e-09
Metal1,170.8850,109.7600,Metal1,171.1150,109.7600,3.721e-09
Metal1,170.8850,133.2800,Metal1,171.1150,133.2800,3.556e-11
Metal1,170.8850,141.1200,Metal1,171.1150,141.1200,2.915e-06
Metal1,170.8850,164.6400,Metal1,171.1150,164.6400,2.524e-12
Metal1,170.8850,172.4800,Metal1,171.1150,172.4800,2.153e-12
Metal1,170.8850,180.3200,Metal1,171.1150,180.3200,2.524e-12
Metal1,170.8850,188.1600,Metal1,171.1150,188.1600,2.375e-12
Metal1,170.8850,196.0000,Metal1,171.1150,196.0000,2.524e-12
Metal1,170.8850,203.8400,Metal1,171.1150,203.8400,2.598e-12
Metal1,170.8850,211.6800,Metal1,171.1150,211.6800,2.524e-12
Metal1,170.8850,219.5200,Metal1,171.1150,219.5200,2.524e-12
Metal1,170.8850,227.3600,Metal1,171.1150,227.3600,2.375e-12
Metal1,170.8850,235.2000,Metal1,171.1150,235.2000,2.450e-12
Metal1,170.8850,243.0400,Metal1,171.1150,243.0400,2.524e-12
Metal1,171.1150,15.6800,Metal1,171.7500,15.6800,6.587e-07
Metal1,171.1150,47.0400,Metal1,172.8250,47.0400,1.750e-05
Metal1,171.1150,78.4000,Metal1,171.4450,78.4000,3.039e-09
Metal1,171.1150,86.2400,Metal1,171.4450,86.2400,1.371e-07
Metal1,171.1150,109.7600,Metal1,171.4450,109.7600,3.721e-09
Metal1,171.1150,133.2800,Metal1,171.4450,133.2800,3.553e-11
Metal1,171.1150,141.1200,Metal1,171.4450,141.1200,2.915e-06
Metal1,171.1150,164.6400,Metal1,171.4450,164.6400,2.512e-12
Metal1,171.1150,172.4800,Metal1,171.4450,172.4800,2.171e-12
Metal1,171.1150,180.3200,Metal1,171.4450,180.3200,2.530e-12
Metal1,171.1150,188.1600,Metal1,171.4450,188.1600,2.422e-12
Metal1,171.1150,196.0000,Metal1,171.4450,196.0000,2.530e-12
Metal1,171.1150,203.8400,Metal1,171.4450,203.8400,2.512e-12
Metal1,171.1150,211.6800,Metal1,171.4450,211.6800,2.494e-12
Metal1,171.1150,219.5200,Metal1,171.4450,219.5200,2.512e-12
Metal1,171.1150,227.3600,Metal1,171.4450,227.3600,2.404e-12
Metal1,171.1150,235.2000,Metal1,171.4450,235.2000,2.548e-12
Metal1,171.1150,243.0400,Metal1,171.4450,243.0400,2.566e-12
Metal1,171.1450,62.7200,Metal1,171.3750,62.7200,9.893e-09
Metal1,171.1650,156.8000,Metal1,171.3950,156.8000,1.817e-06
Metal1,171.3750,62.7200,Metal1,174.4650,62.7200,1.080e-07
Metal1,171.3950,156.8000,Metal1,171.4450,156.8000,1.817e-06
Metal1,171.4450,39.2000,Metal1,171.6750,39.2000,1.589e-06
Metal1,171.4450,54.8800,Metal1,171.6750,54.8800,1.011e-08
Metal1,171.4450,78.4000,Metal1,171.6750,78.4000,7.594e-10
Metal1,171.4450,86.2400,Metal1,171.6750,86.2400,3.088e-08
Metal1,171.4450,94.0800,Metal1,171.6750,94.0800,4.228e-09
Metal1,171.4450,109.7600,Metal1,171.6750,109.7600,9.296e-10
Metal1,171.4450,117.6000,Metal1,171.6750,117.6000,2.983e-08
Metal1,171.4450,125.4400,Metal1,171.6750,125.4400,4.563e-06
Metal1,171.4450,133.2800,Metal1,171.6750,133.2800,9.576e-12
Metal1,171.4450,141.1200,Metal1,171.6750,141.1200,7.927e-07
Metal1,171.4450,148.9600,Metal1,171.6750,148.9600,5.209e-08
Metal1,171.4450,156.8000,Metal1,171.6750,156.8000,1.311e-08
Metal1,171.4450,164.6400,Metal1,171.6750,164.6400,7.423e-13
Metal1,171.4450,172.4800,Metal1,171.6750,172.4800,5.938e-13
Metal1,171.4450,180.3200,Metal1,171.6750,180.3200,7.423e-13
Metal1,171.4450,188.1600,Metal1,171.6750,188.1600,6.681e-13
Metal1,171.4450,196.0000,Metal1,171.6750,196.0000,7.423e-13
Metal1,171.4450,203.8400,Metal1,171.6750,203.8400,6.681e-13
Metal1,171.4450,211.6800,Metal1,171.6750,211.6800,6.681e-13
Metal1,171.4450,219.5200,Metal1,171.6750,219.5200,7.423e-13
Metal1,171.4450,227.3600,Metal1,171.6750,227.3600,6.681e-13
Metal1,171.4450,235.2000,Metal1,171.6750,235.2000,6.681e-13
Metal1,171.4450,243.0400,Metal1,171.6750,243.0400,6.681e-13
Metal1,171.6750,39.2000,Metal1,173.2050,39.2000,5.055e-09
Metal1,171.6750,54.8800,Metal1,172.0050,54.8800,1.011e-08
Metal1,171.6750,78.4000,Metal1,173.1250,78.4000,7.594e-10
Metal1,171.6750,86.2400,Metal1,173.1250,86.2400,3.088e-08
Metal1,171.6750,94.0800,Metal1,173.3450,94.0800,4.218e-09
Metal1,171.6750,109.7600,Metal1,173.1250,109.7600,9.296e-10
Metal1,171.6750,117.6000,Metal1,172.5650,117.6000,2.983e-08
Metal1,171.6750,125.4400,Metal1,172.0050,125.4400,4.563e-06
Metal1,171.6750,133.2800,Metal1,173.1250,133.2800,9.511e-12
Metal1,171.6750,141.1200,Metal1,173.1250,141.1200,7.927e-07
Metal1,171.6750,148.9600,Metal1,172.5650,148.9600,5.208e-08
Metal1,171.6750,156.8000,Metal1,173.6850,156.8000,1.311e-08
Metal1,171.6750,164.6400,Metal1,173.1250,164.6400,6.901e-13
Metal1,171.6750,172.4800,Metal1,173.1250,172.4800,5.921e-13
Metal1,171.6750,180.3200,Metal1,173.1250,180.3200,6.942e-13
Metal1,171.6750,188.1600,Metal1,173.1250,188.1600,6.575e-13
Metal1,171.6750,196.0000,Metal1,173.1250,196.0000,6.860e-13
Metal1,171.6750,203.8400,Metal1,173.1250,203.8400,6.942e-13
Metal1,171.6750,211.6800,Metal1,173.1250,211.6800,6.820e-13
Metal1,171.6750,219.5200,Metal1,173.1250,219.5200,6.860e-13
Metal1,171.6750,227.3600,Metal1,173.1250,227.3600,6.575e-13
Metal1,171.6750,235.2000,Metal1,173.1250,235.2000,6.901e-13
Metal1,171.6750,243.0400,Metal1,173.1250,243.0400,6.983e-13
Metal1,171.7500,15.6800,Metal1,172.0900,15.6800,6.587e-07
Metal1,171.7500,250.8800,Metal1,172.0900,250.8800,2.498e-10
Metal1,172.0050,23.5200,Metal1,172.2350,23.5200,3.136e-05
Metal1,172.0050,31.3600,Metal1,172.2350,31.3600,1.240e-06
Metal1,172.0050,54.8800,Metal1,172.2350,54.8800,5.144e-10
Metal1,172.0050,125.4400,Metal1,172.2350,125.4400,2.340e-07
Metal1,172.0900,15.6800,Metal1,172.5650,15.6800,6.587e-07
Metal1,172.0900,250.8800,Metal1,174.2450,250.8800,2.498e-10
Metal1,172.1650,70.5600,Metal1,172.3950,70.5600,1.426e-06
Metal1,172.2350,23.5200,Metal1,172.6700,23.5200,3.136e-05
Metal1,172.2350,31.3600,Metal1,174.2450,31.3600,6.093e-08
Metal1,172.2350,54.8800,Metal1,173.6850,54.8800,2.930e-09
Metal1,172.2350,125.4400,Metal1,173.6850,125.4400,1.296e-06
Metal1,172.3950,70.5600,Metal1,172.5650,70.5600,1.426e-06
Metal1,172.5650,15.6800,Metal1,172.7950,15.6800,5.275e-08
Metal1,172.5650,70.5600,Metal1,172.7950,70.5600,4.720e-06
Metal1,172.5650,117.6000,Metal1,172.7950,117.6000,9.688e-08
Metal1,172.5650,148.9600,Metal1,172.7950,148.9600,8.405e-06
Metal1,172.6700,23.5200,Metal1,173.0100,23.5200,2.845e-07
Metal1,172.7250,101.9200,Metal1,172.9550,101.9200,1.040e-06
Metal1,172.7950,15.6800,Metal1,174.2450,15.6800,7.802e-08
Metal1,172.7950,70.5600,Metal1,174.8050,70.5600,5.724e-06
Metal1,172.7950,117.6000,Metal1,173.6850,117.6000,9.687e-08
Metal1,172.7950,148.9600,Metal1,174.8050,148.9600,3.575e-07
Metal1,172.8250,47.0400,Metal1,173.0550,47.0400,2.615e-06
Metal1,172.9550,101.9200,Metal1,175.1900,101.9200,7.080e-06
Metal1,173.0100,23.5200,Metal1,173.6900,23.5200,2.845e-07
Metal1,173.0550,47.0400,Metal1,173.7900,47.0400,2.615e-06
Metal1,173.1250,78.4000,Metal1,173.3550,78.4000,1.951e-10
Metal1,173.1250,86.2400,Metal1,173.3550,86.2400,2.030e-07
Metal1,173.1250,109.7600,Metal1,173.3550,109.7600,2.387e-10
Metal1,173.1250,133.2800,Metal1,173.3550,133.2800,3.578e-11
Metal1,173.1250,141.1200,Metal1,173.3550,141.1200,2.019e-07
Metal1,173.1250,164.6400,Metal1,173.3550,164.6400,2.227e-13
Metal1,173.1250,172.4800,Metal1,173.3550,172.4800,1.485e-13
Metal1,173.1250,180.3200,Metal1,173.3550,180.3200,2.969e-13
Metal1,173.1250,188.1600,Metal1,173.3550,188.1600,1.485e-13
Metal1,173.1250,196.0000,Metal1,173.3550,196.0000,7.423e-14
Metal1,173.1250,203.8400,Metal1,173.3550,203.8400,2.227e-13
Metal1,173.1250,211.6800,Metal1,173.3550,211.6800,1.485e-13
Metal1,173.1250,219.5200,Metal1,173.3550,219.5200,1.485e-13
Metal1,173.1250,227.3600,Metal1,173.3550,227.3600,1.485e-13
Metal1,173.1250,235.2000,Metal1,173.3550,235.2000,1.485e-13
Metal1,173.1250,243.0400,Metal1,173.3550,243.0400,1.485e-13
Metal1,173.2050,39.2000,Metal1,173.4350,39.2000,4.186e-07
Metal1,173.3450,94.0800,Metal1,173.5750,94.0800,1.358e-06
Metal1,173.3550,78.4000,Metal1,173.6850,78.4000,3.483e-09
Metal1,173.3550,86.2400,Metal1,173.6850,86.2400,2.030e-07
Metal1,173.3550,109.7600,Metal1,173.6850,109.7600,4.264e-09
Metal1,173.3550,133.2800,Metal1,173.6850,133.2800,3.569e-11
Metal1,173.3550,141.1200,Metal1,173.6850,141.1200,3.612e-06
Metal1,173.3550,164.6400,Metal1,173.6850,164.6400,3.176e-12
Metal1,173.3550,172.4800,Metal1,173.6850,172.4800,2.709e-12
Metal1,173.3550,180.3200,Metal1,173.6850,180.3200,3.158e-12
Metal1,173.3550,188.1600,Metal1,173.6850,188.1600,3.032e-12
Metal1,173.3550,196.0000,Metal1,173.6850,196.0000,3.158e-12
Metal1,173.3550,203.8400,Metal1,173.6850,203.8400,3.158e-12
Metal1,173.3550,211.6800,Metal1,173.6850,211.6800,3.122e-12
Metal1,173.3550,219.5200,Metal1,173.6850,219.5200,3.158e-12
Metal1,173.3550,227.3600,Metal1,173.6850,227.3600,3.050e-12
Metal1,173.3550,235.2000,Metal1,173.6850,235.2000,3.176e-12
Metal1,173.3550,243.0400,Metal1,173.6850,243.0400,3.176e-12
Metal1,173.4350,39.2000,Metal1,173.6850,39.2000,4.186e-07
Metal1,173.5750,94.0800,Metal1,174.2500,94.0800,1.358e-06
Metal1,173.6850,39.2000,Metal1,173.9150,39.2000,3.052e-08
Metal1,173.6850,54.8800,Metal1,173.9150,54.8800,6.832e-10
Metal1,173.6850,78.4000,Metal1,173.9150,78.4000,1.919e-10
Metal1,173.6850,86.2400,Metal1,173.9150,86.2400,1.994e-05
Metal1,173.6850,109.7600,Metal1,173.9150,109.7600,2.350e-10
Metal1,173.6850,117.6000,Metal1,173.9150,117.6000,1.859e-05
Metal1,173.6850,125.4400,Metal1,173.9150,125.4400,4.705e-06
Metal1,173.6850,133.2800,Metal1,173.9150,133.2800,1.856e-12
Metal1,173.6850,141.1200,Metal1,173.9150,141.1200,8.074e-07
Metal1,173.6850,156.8000,Metal1,173.9150,156.8000,2.320e-06
Metal1,173.6850,164.6400,Metal1,173.9150,164.6400,1.485e-13
Metal1,173.6850,172.4800,Metal1,173.9150,172.4800,7.423e-14
Metal1,173.6850,180.3200,Metal1,173.9150,180.3200,2.227e-13
Metal1,173.6850,188.1600,Metal1,173.9150,188.1600,2.227e-13
Metal1,173.6850,196.0000,Metal1,173.9150,196.0000,2.969e-13
Metal1,173.6850,203.8400,Metal1,173.9150,203.8400,1.485e-13
Metal1,173.6850,211.6800,Metal1,173.9150,211.6800,1.485e-13
Metal1,173.6850,219.5200,Metal1,173.9150,219.5200,1.485e-13
Metal1,173.6850,227.3600,Metal1,173.9150,227.3600,7.423e-14
Metal1,173.6850,235.2000,Metal1,173.9150,235.2000,1.485e-13
Metal1,173.6850,243.0400,Metal1,173.9150,243.0400,2.227e-13
Metal1,173.6900,23.5200,Metal1,174.0300,23.5200,3.466e-08
Metal1,173.7900,47.0400,Metal1,174.1300,47.0400,1.231e-05
Metal1,173.9150,39.2000,Metal1,175.9250,39.2000,5.042e-11
Metal1,173.9150,54.8800,Metal1,174.2450,54.8800,1.247e-08
Metal1,173.9150,78.4000,Metal1,175.3650,78.4000,8.019e-10
Metal1,173.9150,86.2400,Metal1,175.9250,86.2400,1.546e-09
Metal1,173.9150,109.7600,Metal1,175.3650,109.7600,9.816e-10
Metal1,173.9150,117.6000,Metal1,177.1250,117.6000,1.630e-08
Metal1,173.9150,125.4400,Metal1,174.2450,125.4400,4.705e-06
Metal1,173.9150,133.2800,Metal1,175.3650,133.2800,1.019e-11
Metal1,173.9150,141.1200,Metal1,175.3650,141.1200,8.074e-07
Metal1,173.9150,156.8000,Metal1,174.8050,156.8000,2.320e-06
Metal1,173.9150,164.6400,Metal1,175.3650,164.6400,7.310e-13
Metal1,173.9150,172.4800,Metal1,175.3650,172.4800,6.125e-13
Metal1,173.9150,180.3200,Metal1,175.3650,180.3200,7.310e-13
Metal1,173.9150,188.1600,Metal1,175.3650,188.1600,6.983e-13
Metal1,173.9150,196.0000,Metal1,175.3650,196.0000,7.310e-13
Metal1,173.9150,203.8400,Metal1,175.3650,203.8400,7.228e-13
Metal1,173.9150,211.6800,Metal1,175.3650,211.6800,7.228e-13
Metal1,173.9150,219.5200,Metal1,175.3650,219.5200,7.269e-13
Metal1,173.9150,227.3600,Metal1,175.3650,227.3600,6.942e-13
Metal1,173.9150,235.2000,Metal1,175.3650,235.2000,7.269e-13
Metal1,173.9150,243.0400,Metal1,175.3650,243.0400,7.228e-13
Metal1,174.0300,23.5200,Metal1,174.6650,23.5200,3.466e-08
Metal1,174.1300,47.0400,Metal1,175.7850,47.0400,1.231e-06
Metal1,174.2450,15.6800,Metal1,174.4750,15.6800,2.671e-07
Metal1,174.2450,31.3600,Metal1,174.4750,31.3600,1.725e-05
Metal1,174.2450,54.8800,Metal1,174.4750,54.8800,2.686e-09
Metal1,174.2450,125.4400,Metal1,174.4750,125.4400,1.056e-05
Metal1,174.2450,250.8800,Metal1,174.4750,250.8800,7.423e-13
Metal1,174.2500,94.0800,Metal1,174.5900,94.0800,1.353e-06
Metal1,174.4650,62.7200,Metal1,174.6950,62.7200,7.477e-08
Metal1,174.4750,15.6800,Metal1,174.8050,15.6800,2.671e-07
Metal1,174.4750,31.3600,Metal1,175.9250,31.3600,4.804e-09
Metal1,174.4750,54.8800,Metal1,175.9250,54.8800,2.686e-09
Metal1,174.4750,125.4400,Metal1,175.9250,125.4400,1.741e-06
Metal1,174.4750,250.8800,Metal1,176.4850,250.8800,7.924e-13
Metal1,174.5900,94.0800,Metal1,175.0850,94.0800,1.353e-06
Metal1,174.6650,23.5200,Metal1,174.8950,23.5200,2.265e-07
Metal1,174.6950,62.7200,Metal1,176.2050,62.7200,7.477e-08
Metal1,174.8050,15.6800,Metal1,175.0350,15.6800,3.136e-07
Metal1,174.8050,70.5600,Metal1,175.0350,70.5600,4.113e-07
Metal1,174.8050,148.9600,Metal1,175.0350,148.9600,7.830e-07
Metal1,174.8050,156.8000,Metal1,175.0350,156.8000,1.673e-07
Metal1,174.8950,23.5200,Metal1,176.2250,23.5200,1.055e-09
Metal1,175.0350,15.6800,Metal1,176.4850,15.6800,5.947e-08
Metal1,175.0350,70.5600,Metal1,177.0450,70.5600,2.021e-08
Metal1,175.0350,148.9600,Metal1,176.0050,148.9600,7.830e-07
Metal1,175.0350,156.8000,Metal1,175.9250,156.8000,2.459e-10
Metal1,175.0850,94.0800,Metal1,175.3150,94.0800,1.050e-05
Metal1,175.1900,101.9200,Metal1,175.5300,101.9200,5.513e-07
Metal1,175.3150,94.0800,Metal1,176.7850,94.0800,1.040e-07
Metal1,175.3650,78.4000,Metal1,175.5950,78.4000,2.796e-09
Metal1,175.3650,109.7600,Metal1,175.5950,109.7600,3.423e-09
Metal1,175.3650,133.2800,Metal1,175.5950,133.2800,3.578e-11
Metal1,175.3650,141.1200,Metal1,175.5950,141.1200,3.879e-06
Metal1,175.3650,164.6400,Metal1,175.5950,164.6400,2.524e-12
Metal1,175.3650,172.4800,Metal1,175.5950,172.4800,2.153e-12
Metal1,175.3650,180.3200,Metal1,175.5950,180.3200,2.598e-12
Metal1,175.3650,188.1600,Metal1,175.5950,188.1600,2.375e-12
Metal1,175.3650,196.0000,Metal1,175.5950,196.0000,2.450e-12
Metal1,175.3650,203.8400,Metal1,175.5950,203.8400,2.598e-12
Metal1,175.3650,211.6800,Metal1,175.5950,211.6800,2.524e-12
Metal1,175.3650,219.5200,Metal1,175.5950,219.5200,2.450e-12
Metal1,175.3650,227.3600,Metal1,175.5950,227.3600,2.375e-12
Metal1,175.3650,235.2000,Metal1,175.5950,235.2000,2.598e-12
Metal1,175.3650,243.0400,Metal1,175.5950,243.0400,2.524e-12
Metal1,175.5300,101.9200,Metal1,177.6050,101.9200,3.716e-08
Metal1,175.5950,78.4000,Metal1,175.9250,78.4000,2.796e-09
Metal1,175.5950,109.7600,Metal1,175.9250,109.7600,3.423e-09
Metal1,175.5950,133.2800,Metal1,175.9250,133.2800,3.580e-11
Metal1,175.5950,141.1200,Metal1,175.9250,141.1200,3.879e-06
Metal1,175.5950,164.6400,Metal1,175.9250,164.6400,2.584e-12
Metal1,175.5950,172.4800,Metal1,175.9250,172.4800,2.153e-12
Metal1,175.5950,180.3200,Metal1,175.9250,180.3200,2.566e-12
Metal1,175.5950,188.1600,Metal1,175.9250,188.1600,2.476e-12
Metal1,175.5950,196.0000,Metal1,175.9250,196.0000,2.566e-12
Metal1,175.5950,203.8400,Metal1,175.9250,203.8400,2.512e-12
Metal1,175.5950,211.6800,Metal1,175.9250,211.6800,2.548e-12
Metal1,175.5950,219.5200,Metal1,175.9250,219.5200,2.566e-12
Metal1,175.5950,227.3600,Metal1,175.9250,227.3600,2.458e-12
Metal1,175.5950,235.2000,Metal1,175.9250,235.2000,2.548e-12
Metal1,175.5950,243.0400,Metal1,175.9250,243.0400,2.512e-12
Metal1,175.7850,47.0400,Metal1,176.0150,47.0400,2.199e-09
Metal1,175.9250,31.3600,Metal1,176.1550,31.3600,5.272e-07
Metal1,175.9250,39.2000,Metal1,176.1550,39.2000,1.338e-11
Metal1,175.9250,54.8800,Metal1,176.1550,54.8800,1.006e-08
Metal1,175.9250,78.4000,Metal1,176.1550,78.4000,7.483e-10
Metal1,175.9250,86.2400,Metal1,176.1550,86.2400,2.345e-07
Metal1,175.9250,109.7600,Metal1,176.1550,109.7600,9.160e-10
Metal1,175.9250,125.4400,Metal1,176.1550,125.4400,3.909e-07
Metal1,175.9250,133.2800,Metal1,176.1550,133.2800,8.982e-12
Metal1,175.9250,141.1200,Metal1,176.1550,141.1200,1.992e-07
Metal1,175.9250,156.8000,Metal1,176.1550,156.8000,1.665e-08
Metal1,175.9250,164.6400,Metal1,176.1550,164.6400,7.423e-13
Metal1,175.9250,172.4800,Metal1,176.1550,172.4800,5.938e-13
Metal1,175.9250,180.3200,Metal1,176.1550,180.3200,7.423e-13
Metal1,175.9250,188.1600,Metal1,176.1550,188.1600,6.681e-13
Metal1,175.9250,196.0000,Metal1,176.1550,196.0000,6.681e-13
Metal1,175.9250,203.8400,Metal1,176.1550,203.8400,6.681e-13
Metal1,175.9250,211.6800,Metal1,176.1550,211.6800,6.681e-13
Metal1,175.9250,219.5200,Metal1,176.1550,219.5200,6.681e-13
Metal1,175.9250,227.3600,Metal1,176.1550,227.3600,6.681e-13
Metal1,175.9250,235.2000,Metal1,176.1550,235.2000,6.681e-13
Metal1,175.9250,243.0400,Metal1,176.1550,243.0400,6.681e-13
Metal1,176.0050,148.9600,Metal1,176.2350,148.9600,7.524e-06
Metal1,176.0150,47.0400,Metal1,178.4700,47.0400,2.189e-09
Metal1,176.1550,31.3600,Metal1,176.4850,31.3600,5.272e-07
Metal1,176.1550,39.2000,Metal1,178.1650,39.2000,7.756e-12
Metal1,176.1550,54.8800,Metal1,176.4850,54.8800,1.006e-08
Metal1,176.1550,78.4000,Metal1,177.6050,78.4000,7.483e-10
Metal1,176.1550,86.2400,Metal1,177.1250,86.2400,2.345e-07
Metal1,176.1550,109.7600,Metal1,177.6050,109.7600,9.160e-10
Metal1,176.1550,125.4400,Metal1,176.4850,125.4400,7.201e-06
Metal1,176.1550,133.2800,Metal1,177.6050,133.2800,3.675e-14
Metal1,176.1550,141.1200,Metal1,177.6050,141.1200,1.098e-06
Metal1,176.1550,156.8000,Metal1,177.0450,156.8000,1.664e-08
Metal1,176.1550,164.6400,Metal1,177.6050,164.6400,6.779e-13
Metal1,176.1550,172.4800,Metal1,177.6050,172.4800,5.799e-13
Metal1,176.1550,180.3200,Metal1,177.6050,180.3200,6.860e-13
Metal1,176.1550,188.1600,Metal1,177.6050,188.1600,6.575e-13
Metal1,176.1550,196.0000,Metal1,177.6050,196.0000,6.820e-13
Metal1,176.1550,203.8400,Metal1,177.6050,203.8400,6.820e-13
Metal1,176.1550,211.6800,Metal1,177.6050,211.6800,6.820e-13
Metal1,176.1550,219.5200,Metal1,177.6050,219.5200,6.820e-13
Metal1,176.1550,227.3600,Metal1,177.6050,227.3600,6.493e-13
Metal1,176.1550,235.2000,Metal1,177.6050,235.2000,6.901e-13
Metal1,176.1550,243.0400,Metal1,177.6050,243.0400,6.779e-13
Metal1,176.2050,62.7200,Metal1,176.4350,62.7200,1.817e-05
Metal1,176.2250,23.5200,Metal1,176.4550,23.5200,1.388e-08
Metal1,176.2350,148.9600,Metal1,177.0450,148.9600,1.218e-07
Metal1,176.4350,62.7200,Metal1,177.0450,62.7200,1.817e-05
Metal1,176.4550,23.5200,Metal1,178.4700,23.5200,1.388e-08
Metal1,176.4850,15.6800,Metal1,176.7150,15.6800,1.348e-08
Metal1,176.4850,31.3600,Metal1,176.7150,31.3600,1.725e-05
Metal1,176.4850,54.8800,Metal1,176.7150,54.8800,2.815e-09
Metal1,176.4850,125.4400,Metal1,176.7150,125.4400,1.622e-06
Metal1,176.4850,250.8800,Metal1,176.7150,250.8800,1.485e-13
Metal1,176.7150,15.6800,Metal1,177.0450,15.6800,2.478e-07
Metal1,176.7150,31.3600,Metal1,178.4700,31.3600,1.725e-05
Metal1,176.7150,54.8800,Metal1,178.1650,54.8800,2.804e-09
Metal1,176.7150,125.4400,Metal1,178.1650,125.4400,1.622e-06
Metal1,176.7150,250.8800,Metal1,178.7250,250.8800,2.946e-15
Metal1,176.7850,94.0800,Metal1,177.0150,94.0800,1.265e-05
Metal1,177.0150,94.0800,Metal1,178.4700,94.0800,1.265e-05
Metal1,177.0450,15.6800,Metal1,177.2750,15.6800,6.321e-09
Metal1,177.0450,62.7200,Metal1,177.2750,62.7200,6.586e-08
Metal1,177.0450,70.5600,Metal1,177.2750,70.5600,2.113e-08
Metal1,177.0450,148.9600,Metal1,177.2750,148.9600,7.524e-06
Metal1,177.0450,156.8000,Metal1,177.2750,156.8000,2.320e-06
Metal1,177.1250,86.2400,Metal1,177.3550,86.2400,1.793e-05
Metal1,177.1250,117.6000,Metal1,177.1500,118.0650,1.630e-08
Metal1,177.1500,118.0650,Metal1,177.3550,117.2550,2.095e-08
Metal1,177.2750,15.6800,Metal1,178.4700,15.6800,6.312e-09
Metal1,177.2750,62.7200,Metal1,178.4700,62.7200,6.586e-08
Metal1,177.2750,70.5600,Metal1,178.4700,70.5600,2.112e-08
Metal1,177.2750,148.9600,Metal1,178.1700,148.9600,7.523e-06
Metal1,177.2750,156.8000,Metal1,178.4700,156.8000,2.320e-06
Metal1,177.3550,86.2400,Metal1,177.8650,86.2400,1.793e-05
Metal1,177.3550,117.2550,Metal1,177.4900,117.6000,2.095e-08
Metal1,177.4900,117.6000,Metal1,178.4700,117.6000,2.095e-08
Metal1,177.6050,78.4000,Metal1,177.8350,78.4000,3.011e-09
Metal1,177.6050,101.9200,Metal1,177.8350,101.9200,5.820e-06
Metal1,177.6050,109.7600,Metal1,177.8350,109.7600,3.686e-09
Metal1,177.6050,133.2800,Metal1,177.8350,133.2800,1.113e-12
Metal1,177.6050,141.1200,Metal1,177.8350,141.1200,3.987e-06
Metal1,177.6050,164.6400,Metal1,177.8350,164.6400,2.375e-12
Metal1,177.6050,172.4800,Metal1,177.8350,172.4800,2.078e-12
Metal1,177.6050,180.3200,Metal1,177.8350,180.3200,2.375e-12
Metal1,177.6050,188.1600,Metal1,177.8350,188.1600,2.301e-12
Metal1,177.6050,196.0000,Metal1,177.8350,196.0000,2.301e-12
Metal1,177.6050,203.8400,Metal1,177.8350,203.8400,2.375e-12
Metal1,177.6050,211.6800,Metal1,177.8350,211.6800,2.301e-12
Metal1,177.6050,219.5200,Metal1,177.8350,219.5200,2.375e-12
Metal1,177.6050,227.3600,Metal1,177.8350,227.3600,2.301e-12
Metal1,177.6050,235.2000,Metal1,177.8350,235.2000,2.375e-12
Metal1,177.6050,243.0400,Metal1,177.8350,243.0400,2.375e-12
Metal1,177.8350,78.4000,Metal1,178.1650,78.4000,3.011e-09
Metal1,177.8350,101.9200,Metal1,178.4700,101.9200,5.820e-06
Metal1,177.8350,109.7600,Metal1,178.1650,109.7600,3.686e-09
Metal1,177.8350,133.2800,Metal1,178.1650,133.2800,1.292e-12
Metal1,177.8350,141.1200,Metal1,178.1650,141.1200,3.987e-06
Metal1,177.8350,164.6400,Metal1,178.1650,164.6400,2.368e-12
Metal1,177.8350,172.4800,Metal1,178.1650,172.4800,2.010e-12
Metal1,177.8350,180.3200,Metal1,178.1650,180.3200,2.422e-12
Metal1,177.8350,188.1600,Metal1,178.1650,188.1600,2.297e-12
Metal1,177.8350,196.0000,Metal1,178.1650,196.0000,2.404e-12
Metal1,177.8350,203.8400,Metal1,178.1650,203.8400,2.404e-12
Metal1,177.8350,211.6800,Metal1,178.1650,211.6800,2.422e-12
Metal1,177.8350,219.5200,Metal1,178.1650,219.5200,2.368e-12
Metal1,177.8350,227.3600,Metal1,178.1650,227.3600,2.261e-12
Metal1,177.8350,235.2000,Metal1,178.1650,235.2000,2.422e-12
Metal1,177.8350,243.0400,Metal1,178.1650,243.0400,2.386e-12
Metal1,177.8650,86.2400,Metal1,178.0950,86.2400,4.115e-07
Metal1,178.0950,86.2400,Metal1,178.4700,86.2400,4.115e-07
Metal1,178.1650,39.2000,Metal1,178.3950,39.2000,5.422e-09
Metal1,178.1650,54.8800,Metal1,178.3950,54.8800,1.506e-08
Metal1,178.1650,78.4000,Metal1,178.3950,78.4000,1.286e-08
Metal1,178.1650,109.7600,Metal1,178.3950,109.7600,1.574e-08
Metal1,178.1650,125.4400,Metal1,178.3950,125.4400,1.056e-05
Metal1,178.1650,133.2800,Metal1,178.3950,133.2800,9.501e-12
Metal1,178.1650,141.1200,Metal1,178.3950,141.1200,8.965e-06
Metal1,178.1650,164.6400,Metal1,178.3950,164.6400,9.501e-12
Metal1,178.1650,172.4800,Metal1,178.3950,172.4800,9.501e-12
Metal1,178.1650,180.3200,Metal1,178.3950,180.3200,9.501e-12
Metal1,178.1650,188.1600,Metal1,178.3950,188.1600,9.501e-12
Metal1,178.1650,196.0000,Metal1,178.3950,196.0000,9.501e-12
Metal1,178.1650,203.8400,Metal1,178.3950,203.8400,9.576e-12
Metal1,178.1650,211.6800,Metal1,178.3950,211.6800,9.501e-12
Metal1,178.1650,219.5200,Metal1,178.3950,219.5200,9.576e-12
Metal1,178.1650,227.3600,Metal1,178.3950,227.3600,9.501e-12
Metal1,178.1650,235.2000,Metal1,178.3950,235.2000,9.501e-12
Metal1,178.1650,243.0400,Metal1,178.3950,243.0400,9.501e-12
Metal1,178.1700,148.9600,Metal1,178.4700,148.7925,4.231e-09
Metal1,178.3950,39.2000,Metal1,178.4700,39.2000,5.422e-09
Metal1,178.3950,54.8800,Metal1,178.4700,54.8800,1.506e-08
Metal1,178.3950,78.4000,Metal1,178.4700,78.4000,1.286e-08
Metal1,178.3950,109.7600,Metal1,178.4700,109.7600,1.574e-08
Metal1,178.3950,125.4400,Metal1,178.4700,125.4400,1.056e-05
Metal1,178.3950,133.2800,Metal1,178.4700,133.2800,9.632e-12
Metal1,178.3950,141.1200,Metal1,178.4700,141.1200,8.965e-06
Metal1,178.3950,164.6400,Metal1,178.4700,164.6400,9.553e-12
Metal1,178.3950,172.4800,Metal1,178.4700,172.4800,9.553e-12
Metal1,178.3950,180.3200,Metal1,178.4700,180.3200,9.553e-12
Metal1,178.3950,188.1600,Metal1,178.4700,188.1600,9.632e-12
Metal1,178.3950,196.0000,Metal1,178.4700,196.0000,9.553e-12
Metal1,178.3950,203.8400,Metal1,178.4700,203.8400,9.553e-12
Metal1,178.3950,211.6800,Metal1,178.4700,211.6800,9.553e-12
Metal1,178.3950,219.5200,Metal1,178.4700,219.5200,9.632e-12
Metal1,178.3950,227.3600,Metal1,178.4700,227.3600,9.632e-12
Metal1,178.3950,235.2000,Metal1,178.4700,235.2000,9.632e-12
Metal1,178.3950,243.0400,Metal1,178.4700,243.0400,9.553e-12
Metal1,178.4700,15.6800,Metal1,178.7250,16.5250,6.301e-09
Metal1,178.4700,23.5200,Metal1,178.8100,23.5200,1.389e-08
Metal1,178.4700,31.3600,Metal1,178.8100,31.3600,1.725e-05
Metal1,178.4700,39.2000,Metal1,178.8100,39.2000,5.412e-09
Metal1,178.4700,47.0400,Metal1,178.8100,47.0400,2.179e-09
Metal1,178.4700,54.8800,Metal1,178.8100,54.8800,1.505e-08
Metal1,178.4700,62.7200,Metal1,178.8100,62.7200,6.585e-08
Metal1,178.4700,70.5600,Metal1,178.8100,70.5600,2.111e-08
Metal1,178.4700,78.4000,Metal1,178.8100,78.4000,1.285e-08
Metal1,178.4700,86.2400,Metal1,178.8100,86.2400,4.115e-07
Metal1,178.4700,94.0800,Metal1,178.8100,94.0800,1.265e-05
Metal1,178.4700,101.9200,Metal1,178.8100,101.9200,5.820e-06
Metal1,178.4700,109.7600,Metal1,178.8100,109.7600,1.573e-08
Metal1,178.4700,117.6000,Metal1,178.8100,117.6000,2.094e-08
Metal1,178.4700,125.4400,Metal1,178.8100,125.4400,1.056e-05
Metal1,178.4700,133.2800,Metal1,178.8100,133.2800,5.982e-13
Metal1,178.4700,141.1200,Metal1,178.8100,141.1200,8.965e-06
Metal1,178.4700,148.7925,Metal1,178.5100,149.8050,4.231e-09
Metal1,178.4700,156.8000,Metal1,178.8100,156.8000,2.320e-06
Metal1,178.4700,164.6400,Metal1,178.8100,164.6400,5.982e-13
Metal1,178.4700,172.4800,Metal1,178.8100,172.4800,5.317e-13
Metal1,178.4700,180.3200,Metal1,178.8100,180.3200,5.317e-13
Metal1,178.4700,188.1600,Metal1,178.8100,188.1600,5.982e-13
Metal1,178.4700,196.0000,Metal1,178.8100,196.0000,5.317e-13
Metal1,178.4700,203.8400,Metal1,178.8100,203.8400,5.317e-13
Metal1,178.4700,211.6800,Metal1,178.8100,211.6800,5.317e-13
Metal1,178.4700,219.5200,Metal1,178.8100,219.5200,5.982e-13
Metal1,178.4700,227.3600,Metal1,178.8100,227.3600,5.982e-13
Metal1,178.4700,235.2000,Metal1,178.8100,235.2000,5.982e-13
Metal1,178.4700,243.0400,Metal1,178.8100,243.0400,5.317e-13
Metal1,178.5100,149.8050,Metal1,178.8100,148.9600,4.221e-09
Metal1,178.7250,16.5250,Metal1,178.8100,15.1150,6.301e-09
Metal1,178.7250,250.8800,Metal1,178.9550,250.8800,7.423e-13
Metal1,178.8100,15.1150,Metal1,178.9550,15.6800,1.016e-09
Metal1,178.8100,23.5200,Metal1,178.9900,23.5200,1.389e-08
Metal1,178.8100,31.3600,Metal1,180.4850,31.3600,1.283e-07
Metal1,178.8100,39.2000,Metal1,180.4050,39.2000,5.412e-09
Metal1,178.8100,47.0400,Metal1,180.1100,47.0400,2.179e-09
Metal1,178.8100,54.8800,Metal1,180.4050,54.8800,1.505e-08
Metal1,178.8100,62.7200,Metal1,179.2850,62.7200,6.585e-08
Metal1,178.8100,70.5600,Metal1,179.2850,70.5600,2.111e-08
Metal1,178.8100,78.4000,Metal1,180.4050,78.4000,1.285e-08
Metal1,178.8100,86.2400,Metal1,180.5100,86.2400,1.658e-05
Metal1,178.8100,94.0800,Metal1,180.4050,94.0800,1.265e-05
Metal1,178.8100,101.9200,Metal1,180.9650,101.9200,5.820e-06
Metal1,178.8100,109.7600,Metal1,180.4050,109.7600,1.573e-08
Metal1,178.8100,117.6000,Metal1,179.1450,117.6000,2.094e-08
Metal1,178.8100,125.4400,Metal1,180.9650,125.4400,1.056e-05
Metal1,178.8100,133.2800,Metal1,180.4050,133.2800,5.791e-13
Metal1,178.8100,141.1200,Metal1,180.4050,141.1200,2.271e-09
Metal1,178.8100,148.9600,Metal1,180.5300,148.9600,3.315e-06
Metal1,178.8100,156.8000,Metal1,179.6700,156.8000,2.320e-06
Metal1,178.8100,164.6400,Metal1,180.4050,164.6400,5.866e-13
Metal1,178.8100,172.4800,Metal1,180.4050,172.4800,5.828e-13
Metal1,178.8100,180.3200,Metal1,180.4050,180.3200,5.606e-13
Metal1,178.8100,188.1600,Metal1,180.4050,188.1600,5.680e-13
Metal1,178.8100,196.0000,Metal1,180.4050,196.0000,5.754e-13
Metal1,178.8100,203.8400,Metal1,180.4050,203.8400,5.754e-13
Metal1,178.8100,211.6800,Metal1,180.4050,211.6800,5.717e-13
Metal1,178.8100,219.5200,Metal1,180.4050,219.5200,5.791e-13
Metal1,178.8100,227.3600,Metal1,180.4050,227.3600,5.828e-13
Metal1,178.8100,235.2000,Metal1,180.4050,235.2000,5.754e-13
Metal1,178.8100,243.0400,Metal1,180.4050,243.0400,5.754e-13
Metal1,178.9550,15.6800,Metal1,180.9650,15.6800,1.016e-09
Metal1,178.9550,250.8800,Metal1,180.9650,250.8800,7.600e-13
Metal1,178.9900,23.5200,Metal1,179.3300,23.5200,5.958e-08
Metal1,179.1450,117.6000,Metal1,179.3750,117.6000,1.380e-07
Metal1,179.2850,62.7200,Metal1,179.5150,62.7200,1.262e-07
Metal1,179.2850,70.5600,Metal1,179.5150,70.5600,4.314e-08
Metal1,179.3300,23.5200,Metal1,179.5450,23.5200,1.333e-06
Metal1,179.3750,117.6000,Metal1,180.4100,117.6000,1.380e-07
Metal1,179.5150,62.7200,Metal1,180.9650,62.7200,1.697e-06
Metal1,179.5150,70.5600,Metal1,180.9650,70.5600,5.813e-07
Metal1,179.5450,23.5200,Metal1,179.7750,23.5200,8.870e-08
Metal1,179.6700,156.8000,Metal1,180.0100,156.8000,1.432e-07
Metal1,179.7750,23.5200,Metal1,183.9850,23.5200,6.865e-08
Metal1,180.0100,156.8000,Metal1,180.9650,156.8000,1.420e-08
Metal1,180.1100,47.0400,Metal1,180.4500,47.0400,7.752e-08
Metal1,180.4050,39.2000,Metal1,180.6350,39.2000,1.504e-06
Metal1,180.4050,54.8800,Metal1,180.6350,54.8800,4.180e-06
Metal1,180.4050,78.4000,Metal1,180.6350,78.4000,3.568e-06
Metal1,180.4050,94.0800,Metal1,180.6350,94.0800,2.672e-06
Metal1,180.4050,109.7600,Metal1,180.6350,109.7600,4.366e-06
Metal1,180.4050,133.2800,Metal1,180.6350,133.2800,8.477e-11
Metal1,180.4050,141.1200,Metal1,180.6350,141.1200,2.740e-07
Metal1,180.4050,164.6400,Metal1,180.6350,164.6400,8.470e-11
Metal1,180.4050,172.4800,Metal1,180.6350,172.4800,8.418e-11
Metal1,180.4050,180.3200,Metal1,180.6350,180.3200,8.952e-11
Metal1,180.4050,188.1600,Metal1,180.6350,188.1600,8.848e-11
Metal1,180.4050,196.0000,Metal1,180.6350,196.0000,8.804e-11
Metal1,180.4050,203.8400,Metal1,180.6350,203.8400,8.781e-11
Metal1,180.4050,211.6800,Metal1,180.6350,211.6800,8.774e-11
Metal1,180.4050,219.5200,Metal1,180.6350,219.5200,8.856e-11
Metal1,180.4050,227.3600,Metal1,180.6350,227.3600,8.633e-11
Metal1,180.4050,235.2000,Metal1,180.6350,235.2000,8.707e-11
Metal1,180.4050,243.0400,Metal1,180.6350,243.0400,8.789e-11
Metal1,180.4100,117.6000,Metal1,180.7500,117.6000,3.939e-09
Metal1,180.4500,47.0400,Metal1,180.9650,47.0400,1.714e-06
Metal1,180.4850,31.3600,Metal1,180.7150,31.3600,1.524e-05
Metal1,180.5100,86.2400,Metal1,180.8500,86.2400,6.052e-08
Metal1,180.5300,148.9600,Metal1,180.7050,149.2500,5.641e-07
Metal1,180.6350,39.2000,Metal1,180.9650,39.2000,1.504e-06
Metal1,180.6350,54.8800,Metal1,180.9650,54.8800,4.180e-06
Metal1,180.6350,78.4000,Metal1,180.9650,78.4000,3.568e-06
Metal1,180.6350,94.0800,Metal1,180.9650,94.0800,2.672e-06
Metal1,180.6350,109.7600,Metal1,180.9650,109.7600,4.366e-06
Metal1,180.6350,133.2800,Metal1,180.9650,133.2800,8.474e-11
Metal1,180.6350,141.1200,Metal1,180.9650,141.1200,2.740e-07
Metal1,180.6350,164.6400,Metal1,180.9650,164.6400,8.462e-11
Metal1,180.6350,172.4800,Metal1,180.9650,172.4800,8.413e-11
Metal1,180.6350,180.3200,Metal1,180.9650,180.3200,8.950e-11
Metal1,180.6350,188.1600,Metal1,180.9650,188.1600,8.851e-11
Metal1,180.6350,196.0000,Metal1,180.9650,196.0000,8.794e-11
Metal1,180.6350,203.8400,Metal1,180.9650,203.8400,8.772e-11
Metal1,180.6350,211.6800,Metal1,180.9650,211.6800,8.771e-11
Metal1,180.6350,219.5200,Metal1,180.9650,219.5200,8.853e-11
Metal1,180.6350,227.3600,Metal1,180.9650,227.3600,8.629e-11
Metal1,180.6350,235.2000,Metal1,180.9650,235.2000,8.701e-11
Metal1,180.6350,243.0400,Metal1,180.9650,243.0400,8.780e-11
Metal1,180.7050,149.2500,Metal1,180.7600,148.4150,5.641e-07
Metal1,180.7150,31.3600,Metal1,180.9650,31.3600,1.524e-05
Metal1,180.7500,117.6000,Metal1,182.9450,117.6000,1.248e-09
Metal1,180.7600,148.4150,Metal1,180.9350,148.9600,3.073e-06
Metal1,180.8500,86.2400,Metal1,182.5050,86.2400,6.052e-08
Metal1,180.9350,148.9600,Metal1,184.3250,148.9600,5.605e-06
Metal1,180.9650,15.6800,Metal1,181.1950,15.6800,5.868e-08
Metal1,180.9650,31.3600,Metal1,181.1950,31.3600,4.838e-08
Metal1,180.9650,39.2000,Metal1,181.1950,39.2000,4.011e-07
Metal1,180.9650,47.0400,Metal1,181.1950,47.0400,5.315e-09
Metal1,180.9650,54.8800,Metal1,181.1950,54.8800,1.115e-06
Metal1,180.9650,62.7200,Metal1,181.1950,62.7200,5.908e-06
Metal1,180.9650,70.5600,Metal1,181.1950,70.5600,2.024e-06
Metal1,180.9650,78.4000,Metal1,181.1950,78.4000,9.515e-07
Metal1,180.9650,94.0800,Metal1,181.1950,94.0800,6.687e-07
Metal1,180.9650,101.9200,Metal1,181.1950,101.9200,9.266e-09
Metal1,180.9650,109.7600,Metal1,181.1950,109.7600,1.164e-06
Metal1,180.9650,125.4400,Metal1,181.1950,125.4400,8.305e-07
Metal1,180.9650,133.2800,Metal1,181.1950,133.2800,2.264e-11
Metal1,180.9650,141.1200,Metal1,181.1950,141.1200,8.965e-06
Metal1,180.9650,156.8000,Metal1,181.1950,156.8000,1.031e-06
Metal1,180.9650,164.6400,Metal1,181.1950,164.6400,2.264e-11
Metal1,180.9650,172.4800,Metal1,181.1950,172.4800,2.242e-11
Metal1,180.9650,180.3200,Metal1,181.1950,180.3200,2.383e-11
Metal1,180.9650,188.1600,Metal1,181.1950,188.1600,2.353e-11
Metal1,180.9650,196.0000,Metal1,181.1950,196.0000,2.346e-11
Metal1,180.9650,203.8400,Metal1,181.1950,203.8400,2.338e-11
Metal1,180.9650,211.6800,Metal1,181.1950,211.6800,2.338e-11
Metal1,180.9650,219.5200,Metal1,181.1950,219.5200,2.360e-11
Metal1,180.9650,227.3600,Metal1,181.1950,227.3600,2.301e-11
Metal1,180.9650,235.2000,Metal1,181.1950,235.2000,2.323e-11
Metal1,180.9650,243.0400,Metal1,181.1950,243.0400,2.346e-11
Metal1,180.9650,250.8800,Metal1,181.1950,250.8800,2.398e-10
Metal1,181.1950,15.6800,Metal1,183.2050,15.6800,3.867e-10
Metal1,181.1950,31.3600,Metal1,183.2050,31.3600,4.838e-08
Metal1,181.1950,39.2000,Metal1,182.6450,39.2000,4.011e-07
Metal1,181.1950,47.0400,Metal1,183.2050,47.0400,5.315e-09
Metal1,181.1950,54.8800,Metal1,182.6450,54.8800,1.115e-06
Metal1,181.1950,62.7200,Metal1,181.5250,62.7200,5.908e-06
Metal1,181.1950,70.5600,Metal1,181.5250,70.5600,2.024e-06
Metal1,181.1950,78.4000,Metal1,182.6450,78.4000,9.515e-07
Metal1,181.1950,94.0800,Metal1,182.6450,94.0800,6.687e-07
Metal1,181.1950,101.9200,Metal1,183.2050,101.9200,9.266e-09
Metal1,181.1950,109.7600,Metal1,182.6450,109.7600,1.164e-06
Metal1,181.1950,125.4400,Metal1,181.6500,125.4400,1.034e-06
Metal1,181.1950,133.2800,Metal1,182.6450,133.2800,2.261e-11
Metal1,181.1950,141.1200,Metal1,181.7850,141.1200,8.965e-06
Metal1,181.1950,156.8000,Metal1,181.6850,156.8000,1.031e-06
Metal1,181.1950,164.6400,Metal1,182.6450,164.6400,2.257e-11
Metal1,181.1950,172.4800,Metal1,182.6450,172.4800,2.245e-11
Metal1,181.1950,180.3200,Metal1,182.6450,180.3200,2.388e-11
Metal1,181.1950,188.1600,Metal1,182.6450,188.1600,2.361e-11
Metal1,181.1950,196.0000,Metal1,182.6450,196.0000,2.346e-11
Metal1,181.1950,203.8400,Metal1,182.6450,203.8400,2.341e-11
Metal1,181.1950,211.6800,Metal1,182.6450,211.6800,2.340e-11
Metal1,181.1950,219.5200,Metal1,182.6450,219.5200,2.362e-11
Metal1,181.1950,227.3600,Metal1,182.6450,227.3600,2.302e-11
Metal1,181.1950,235.2000,Metal1,182.6450,235.2000,2.321e-11
Metal1,181.1950,243.0400,Metal1,182.6450,243.0400,2.342e-11
Metal1,181.1950,250.8800,Metal1,183.2050,250.8800,1.550e-12
Metal1,181.5250,62.7200,Metal1,181.7550,62.7200,1.607e-06
Metal1,181.5250,70.5600,Metal1,181.7550,70.5600,5.423e-07
Metal1,181.6500,125.4400,Metal1,181.8800,125.4400,3.699e-08
Metal1,181.6850,156.8000,Metal1,181.9150,156.8000,9.742e-08
Metal1,181.7550,62.7200,Metal1,183.2050,62.7200,1.607e-06
Metal1,181.7550,70.5600,Metal1,183.2050,70.5600,5.423e-07
Metal1,181.7850,141.1200,Metal1,182.0150,141.1200,7.854e-07
Metal1,181.8800,125.4400,Metal1,183.2050,125.4400,3.115e-07
Metal1,181.9150,156.8000,Metal1,184.0250,156.8000,3.568e-07
Metal1,182.0150,141.1200,Metal1,183.3100,141.1200,7.854e-07
Metal1,182.5050,86.2400,Metal1,182.7350,86.2400,3.271e-10
Metal1,182.6450,39.2000,Metal1,182.8750,39.2000,1.504e-06
Metal1,182.6450,54.8800,Metal1,182.8750,54.8800,4.180e-06
Metal1,182.6450,78.4000,Metal1,182.8750,78.4000,3.568e-06
Metal1,182.6450,94.0800,Metal1,182.8750,94.0800,1.706e-07
Metal1,182.6450,109.7600,Metal1,182.8750,109.7600,4.366e-06
Metal1,182.6450,133.2800,Metal1,182.8750,133.2800,8.484e-11
Metal1,182.6450,164.6400,Metal1,182.8750,164.6400,8.470e-11
Metal1,182.6450,172.4800,Metal1,182.8750,172.4800,8.418e-11
Metal1,182.6450,180.3200,Metal1,182.8750,180.3200,8.952e-11
Metal1,182.6450,188.1600,Metal1,182.8750,188.1600,8.856e-11
Metal1,182.6450,196.0000,Metal1,182.8750,196.0000,8.804e-11
Metal1,182.6450,203.8400,Metal1,182.8750,203.8400,8.781e-11
Metal1,182.6450,211.6800,Metal1,182.8750,211.6800,8.781e-11
Metal1,182.6450,219.5200,Metal1,182.8750,219.5200,8.863e-11
Metal1,182.6450,227.3600,Metal1,182.8750,227.3600,8.633e-11
Metal1,182.6450,235.2000,Metal1,182.8750,235.2000,8.700e-11
Metal1,182.6450,243.0400,Metal1,182.8750,243.0400,8.789e-11
Metal1,182.7350,86.2400,Metal1,183.7650,86.2400,3.272e-10
Metal1,182.8750,39.2000,Metal1,183.2050,39.2000,1.504e-06
Metal1,182.8750,54.8800,Metal1,183.2050,54.8800,4.180e-06
Metal1,182.8750,78.4000,Metal1,183.2050,78.4000,3.568e-06
Metal1,182.8750,94.0800,Metal1,183.2050,94.0800,3.051e-06
Metal1,182.8750,109.7600,Metal1,183.2050,109.7600,4.366e-06
Metal1,182.8750,133.2800,Metal1,183.2050,133.2800,8.480e-11
Metal1,182.8750,164.6400,Metal1,183.2050,164.6400,8.466e-11
Metal1,182.8750,172.4800,Metal1,183.2050,172.4800,8.421e-11
Metal1,182.8750,180.3200,Metal1,183.2050,180.3200,8.955e-11
Metal1,182.8750,188.1600,Metal1,183.2050,188.1600,8.853e-11
Metal1,182.8750,196.0000,Metal1,183.2050,196.0000,8.799e-11
Metal1,182.8750,203.8400,Metal1,183.2050,203.8400,8.780e-11
Metal1,182.8750,211.6800,Metal1,183.2050,211.6800,8.776e-11
Metal1,182.8750,219.5200,Metal1,183.2050,219.5200,8.858e-11
Metal1,182.8750,227.3600,Metal1,183.2050,227.3600,8.631e-11
Metal1,182.8750,235.2000,Metal1,183.2050,235.2000,8.706e-11
Metal1,182.8750,243.0400,Metal1,183.2050,243.0400,8.783e-11
Metal1,182.9450,117.6000,Metal1,183.1750,117.6000,4.172e-07
Metal1,183.1750,117.6000,Metal1,183.4700,117.6000,4.172e-07
Metal1,183.2050,15.6800,Metal1,183.4350,15.6800,4.810e-11
Metal1,183.2050,31.3600,Metal1,183.4350,31.3600,7.706e-11
Metal1,183.2050,39.2000,Metal1,183.4350,39.2000,6.177e-09
Metal1,183.2050,47.0400,Metal1,183.4350,47.0400,3.691e-08
Metal1,183.2050,54.8800,Metal1,183.4350,54.8800,1.717e-08
Metal1,183.2050,62.7200,Metal1,183.4350,62.7200,4.092e-07
Metal1,183.2050,70.5600,Metal1,183.4350,70.5600,2.025e-06
Metal1,183.2050,78.4000,Metal1,183.4350,78.4000,1.465e-08
Metal1,183.2050,94.0800,Metal1,183.4350,94.0800,6.571e-07
Metal1,183.2050,101.9200,Metal1,183.4350,101.9200,8.013e-08
Metal1,183.2050,109.7600,Metal1,183.4350,109.7600,1.793e-08
Metal1,183.2050,125.4400,Metal1,183.4350,125.4400,9.218e-06
Metal1,183.2050,133.2800,Metal1,183.4350,133.2800,8.908e-13
Metal1,183.2050,164.6400,Metal1,183.4350,164.6400,9.650e-13
Metal1,183.2050,172.4800,Metal1,183.4350,172.4800,9.650e-13
Metal1,183.2050,180.3200,Metal1,183.4350,180.3200,1.039e-12
Metal1,183.2050,188.1600,Metal1,183.4350,188.1600,9.650e-13
Metal1,183.2050,196.0000,Metal1,183.4350,196.0000,9.650e-13
Metal1,183.2050,203.8400,Metal1,183.4350,203.8400,8.908e-13
Metal1,183.2050,211.6800,Metal1,183.4350,211.6800,8.908e-13
Metal1,183.2050,219.5200,Metal1,183.4350,219.5200,9.650e-13
Metal1,183.2050,227.3600,Metal1,183.4350,227.3600,1.039e-12
Metal1,183.2050,235.2000,Metal1,183.4350,235.2000,1.039e-12
Metal1,183.2050,243.0400,Metal1,183.4350,243.0400,9.650e-13
Metal1,183.2050,250.8800,Metal1,183.4350,250.8800,2.300e-10
Metal1,183.3100,141.1200,Metal1,183.6500,141.1200,6.204e-06
Metal1,183.4350,15.6800,Metal1,185.1900,15.6800,3.750e-11
Metal1,183.4350,31.3600,Metal1,185.4450,31.3600,7.703e-11
Metal1,183.4350,39.2000,Metal1,184.8850,39.2000,6.177e-09
Metal1,183.4350,47.0400,Metal1,185.1050,47.0400,5.207e-07
Metal1,183.4350,54.8800,Metal1,184.8850,54.8800,1.717e-08
Metal1,183.4350,62.7200,Metal1,183.7650,62.7200,7.321e-06
Metal1,183.4350,70.5600,Metal1,183.7650,70.5600,2.025e-06
Metal1,183.4350,78.4000,Metal1,184.8850,78.4000,1.465e-08
Metal1,183.4350,94.0800,Metal1,184.8850,94.0800,6.571e-07
Metal1,183.4350,101.9200,Metal1,185.4450,101.9200,2.069e-09
Metal1,183.4350,109.7600,Metal1,184.8850,109.7600,1.793e-08
Metal1,183.4350,125.4400,Metal1,185.7050,125.4400,9.218e-06
Metal1,183.4350,133.2800,Metal1,184.8850,133.2800,1.062e-12
Metal1,183.4350,164.6400,Metal1,184.8850,164.6400,1.070e-12
Metal1,183.4350,172.4800,Metal1,184.8850,172.4800,1.066e-12
Metal1,183.4350,180.3200,Metal1,184.8850,180.3200,1.049e-12
Metal1,183.4350,188.1600,Metal1,184.8850,188.1600,1.090e-12
Metal1,183.4350,196.0000,Metal1,184.8850,196.0000,1.078e-12
Metal1,183.4350,203.8400,Metal1,184.8850,203.8400,1.086e-12
Metal1,183.4350,211.6800,Metal1,184.8850,211.6800,9.719e-13
Metal1,183.4350,219.5200,Metal1,184.8850,219.5200,1.078e-12
Metal1,183.4350,227.3600,Metal1,184.8850,227.3600,1.070e-12
Metal1,183.4350,235.2000,Metal1,184.8850,235.2000,1.074e-12
Metal1,183.4350,243.0400,Metal1,184.8850,243.0400,1.074e-12
Metal1,183.4350,250.8800,Metal1,185.1900,250.8800,2.199e-10
Metal1,183.4700,117.6000,Metal1,183.8100,117.6000,3.970e-08
Metal1,183.6500,141.1200,Metal1,185.3050,141.1200,6.185e-07
Metal1,183.7650,62.7200,Metal1,183.9950,62.7200,1.637e-06
Metal1,183.7650,70.5600,Metal1,183.9950,70.5600,5.511e-07
Metal1,183.7650,86.2400,Metal1,183.9950,86.2400,1.039e-12
Metal1,183.8100,117.6000,Metal1,185.0450,117.6000,1.296e-06
Metal1,183.9850,23.5200,Metal1,184.2150,23.5200,1.911e-06
Metal1,183.9950,62.7200,Metal1,185.4450,62.7200,1.637e-06
Metal1,183.9950,70.5600,Metal1,185.4450,70.5600,5.511e-07
Metal1,183.9950,86.2400,Metal1,186.0050,86.2400,1.046e-12
Metal1,184.0250,156.8000,Metal1,184.2550,156.8000,2.506e-08
Metal1,184.2150,23.5200,Metal1,185.4450,23.5200,1.911e-06
Metal1,184.2550,156.8000,Metal1,186.5650,156.8000,2.252e-10
Metal1,184.3250,148.9600,Metal1,184.5550,148.9600,7.619e-09
Metal1,184.5550,148.9600,Metal1,186.5650,148.9600,7.610e-09
Metal1,184.8850,39.2000,Metal1,185.1150,39.2000,1.280e-09
Metal1,184.8850,54.8800,Metal1,185.1150,54.8800,3.544e-09
Metal1,184.8850,78.4000,Metal1,185.1150,78.4000,3.039e-09
Metal1,184.8850,94.0800,Metal1,185.1150,94.0800,2.463e-06
Metal1,184.8850,109.7600,Metal1,185.1150,109.7600,3.721e-09
Metal1,184.8850,133.2800,Metal1,185.1150,133.2800,2.524e-12
Metal1,184.8850,164.6400,Metal1,185.1150,164.6400,2.524e-12
Metal1,184.8850,172.4800,Metal1,185.1150,172.4800,2.598e-12
Metal1,184.8850,180.3200,Metal1,185.1150,180.3200,2.375e-12
Metal1,184.8850,188.1600,Metal1,185.1150,188.1600,2.524e-12
Metal1,184.8850,196.0000,Metal1,185.1150,196.0000,2.524e-12
Metal1,184.8850,203.8400,Metal1,185.1150,203.8400,2.524e-12
Metal1,184.8850,211.6800,Metal1,185.1150,211.6800,2.153e-12
Metal1,184.8850,219.5200,Metal1,185.1150,219.5200,2.524e-12
Metal1,184.8850,227.3600,Metal1,185.1150,227.3600,2.524e-12
Metal1,184.8850,235.2000,Metal1,185.1150,235.2000,2.598e-12
Metal1,184.8850,243.0400,Metal1,185.1150,243.0400,2.524e-12
Metal1,185.0450,117.6000,Metal1,185.2750,117.6000,9.062e-08
Metal1,185.1050,47.0400,Metal1,185.3350,47.0400,4.262e-06
Metal1,185.1150,39.2000,Metal1,185.4450,39.2000,1.280e-09
Metal1,185.1150,54.8800,Metal1,185.4450,54.8800,3.544e-09
Metal1,185.1150,78.4000,Metal1,185.4450,78.4000,3.039e-09
Metal1,185.1150,94.0800,Metal1,185.4450,94.0800,2.463e-06
Metal1,185.1150,109.7600,Metal1,185.4450,109.7600,3.721e-09
Metal1,185.1150,133.2800,Metal1,185.4450,133.2800,2.530e-12
Metal1,185.1150,164.6400,Metal1,185.4450,164.6400,2.566e-12
Metal1,185.1150,172.4800,Metal1,185.4450,172.4800,2.566e-12
Metal1,185.1150,180.3200,Metal1,185.4450,180.3200,2.422e-12
Metal1,185.1150,188.1600,Metal1,185.4450,188.1600,2.584e-12
Metal1,185.1150,196.0000,Metal1,185.4450,196.0000,2.566e-12
Metal1,185.1150,203.8400,Metal1,185.4450,203.8400,2.566e-12
Metal1,185.1150,211.6800,Metal1,185.4450,211.6800,2.171e-12
Metal1,185.1150,219.5200,Metal1,185.4450,219.5200,2.530e-12
Metal1,185.1150,227.3600,Metal1,185.4450,227.3600,2.566e-12
Metal1,185.1150,235.2000,Metal1,185.4450,235.2000,2.566e-12
Metal1,185.1150,243.0400,Metal1,185.4450,243.0400,2.548e-12
Metal1,185.1900,15.6800,Metal1,185.4450,14.8350,2.701e-11
Metal1,185.1900,250.8800,Metal1,185.5300,250.8800,2.096e-10
Metal1,185.2750,117.6000,Metal1,187.2850,117.6000,4.656e-09
Metal1,185.3050,141.1200,Metal1,185.5350,141.1200,1.786e-09
Metal1,185.3350,47.0400,Metal1,185.4450,47.0400,4.262e-06
Metal1,185.4450,14.8350,Metal1,185.5300,16.2450,2.702e-11
Metal1,185.4450,23.5200,Metal1,185.6750,23.5200,1.848e-05
Metal1,185.4450,31.3600,Metal1,185.6750,31.3600,6.638e-10
Metal1,185.4450,39.2000,Metal1,185.6750,39.2000,3.197e-10
Metal1,185.4450,47.0400,Metal1,185.6750,47.0400,6.867e-07
Metal1,185.4450,54.8800,Metal1,185.6750,54.8800,8.850e-10
Metal1,185.4450,62.7200,Metal1,185.6750,62.7200,7.863e-06
Metal1,185.4450,70.5600,Metal1,185.6750,70.5600,6.322e-09
Metal1,185.4450,78.4000,Metal1,185.6750,78.4000,7.594e-10
Metal1,185.4450,94.0800,Metal1,185.6750,94.0800,6.596e-07
Metal1,185.4450,101.9200,Metal1,185.6750,101.9200,1.377e-10
Metal1,185.4450,109.7600,Metal1,185.6750,109.7600,9.296e-10
Metal1,185.4450,133.2800,Metal1,185.6750,133.2800,7.423e-13
Metal1,185.4450,164.6400,Metal1,185.6750,164.6400,6.681e-13
Metal1,185.4450,172.4800,Metal1,185.6750,172.4800,7.423e-13
Metal1,185.4450,180.3200,Metal1,185.6750,180.3200,6.681e-13
Metal1,185.4450,188.1600,Metal1,185.6750,188.1600,6.681e-13
Metal1,185.4450,196.0000,Metal1,185.6750,196.0000,7.423e-13
Metal1,185.4450,203.8400,Metal1,185.6750,203.8400,6.681e-13
Metal1,185.4450,211.6800,Metal1,185.6750,211.6800,5.938e-13
Metal1,185.4450,219.5200,Metal1,185.6750,219.5200,6.681e-13
Metal1,185.4450,227.3600,Metal1,185.6750,227.3600,7.423e-13
Metal1,185.4450,235.2000,Metal1,185.6750,235.2000,7.423e-13
Metal1,185.4450,243.0400,Metal1,185.6750,243.0400,7.423e-13
Metal1,185.5300,16.2450,Metal1,185.6750,15.6800,1.068e-11
Metal1,185.5300,250.8800,Metal1,187.6850,250.8800,2.097e-10
Metal1,185.5350,141.1200,Metal1,187.6850,141.1200,1.786e-09
Metal1,185.6750,15.6800,Metal1,187.6850,15.6800,1.068e-11
Metal1,185.6750,23.5200,Metal1,185.7250,23.5200,1.848e-05
Metal1,185.6750,31.3600,Metal1,187.6850,31.3600,1.824e-11
Metal1,185.6750,39.2000,Metal1,187.1250,39.2000,3.197e-10
Metal1,185.6750,47.0400,Metal1,186.8450,47.0400,6.867e-07
Metal1,185.6750,54.8800,Metal1,187.1250,54.8800,8.850e-10
Metal1,185.6750,62.7200,Metal1,186.0050,62.7200,7.863e-06
Metal1,185.6750,70.5600,Metal1,186.0050,70.5600,6.322e-09
Metal1,185.6750,78.4000,Metal1,187.1250,78.4000,7.594e-10
Metal1,185.6750,94.0800,Metal1,187.1250,94.0800,6.596e-07
Metal1,185.6750,101.9200,Metal1,187.6850,101.9200,1.378e-10
Metal1,185.6750,109.7600,Metal1,187.1250,109.7600,9.297e-10
Metal1,185.6750,133.2800,Metal1,187.1250,133.2800,6.860e-13
Metal1,185.6750,164.6400,Metal1,187.1250,164.6400,6.983e-13
Metal1,185.6750,172.4800,Metal1,187.1250,172.4800,6.983e-13
Metal1,185.6750,180.3200,Metal1,187.1250,180.3200,6.575e-13
Metal1,185.6750,188.1600,Metal1,187.1250,188.1600,7.065e-13
Metal1,185.6750,196.0000,Metal1,187.1250,196.0000,6.942e-13
Metal1,185.6750,203.8400,Metal1,187.1250,203.8400,6.983e-13
Metal1,185.6750,211.6800,Metal1,187.1250,211.6800,5.921e-13
Metal1,185.6750,219.5200,Metal1,187.1250,219.5200,6.901e-13
Metal1,185.6750,227.3600,Metal1,187.1250,227.3600,6.942e-13
Metal1,185.6750,235.2000,Metal1,187.1250,235.2000,6.983e-13
Metal1,185.6750,243.0400,Metal1,187.1250,243.0400,6.942e-13
Metal1,185.7050,125.4400,Metal1,185.9350,125.4400,2.162e-07
Metal1,185.7250,23.5200,Metal1,185.9550,23.5200,1.390e-06
Metal1,185.9350,125.4400,Metal1,186.3900,125.4400,2.162e-07
Metal1,185.9550,23.5200,Metal1,187.6850,23.5200,1.390e-06
Metal1,186.0050,62.7200,Metal1,186.2350,62.7200,4.037e-07
Metal1,186.0050,70.5600,Metal1,186.2350,70.5600,5.019e-10
Metal1,186.0050,86.2400,Metal1,186.2350,86.2400,2.227e-12
Metal1,186.2350,62.7200,Metal1,187.6850,62.7200,2.225e-06
Metal1,186.2350,70.5600,Metal1,187.6850,70.5600,6.868e-10
Metal1,186.2350,86.2400,Metal1,186.8300,86.2400,3.044e-11
Metal1,186.3900,125.4400,Metal1,186.7300,125.4400,3.493e-08
Metal1,186.5650,148.9600,Metal1,186.6700,148.3950,7.610e-09
Metal1,186.5650,156.8000,Metal1,186.7950,156.8000,7.423e-13
Metal1,186.6700,148.3950,Metal1,186.7950,149.3050,4.806e-07
Metal1,186.7300,125.4400,Metal1,191.6050,125.4400,6.620e-06
Metal1,186.7950,149.3050,Metal1,187.0100,148.9600,2.160e-06
Metal1,186.7950,156.8000,Metal1,188.8050,156.8000,7.748e-13
Metal1,186.8300,86.2400,Metal1,187.1700,86.2400,5.294e-13
Metal1,186.8450,47.0400,Metal1,187.0750,47.0400,1.347e-06
Metal1,187.0100,148.9600,Metal1,188.6650,148.9600,1.261e-06
Metal1,187.0750,47.0400,Metal1,187.6850,47.0400,1.347e-06
Metal1,187.1250,39.2000,Metal1,187.3550,39.2000,8.217e-11
Metal1,187.1250,54.8800,Metal1,187.3550,54.8800,2.272e-10
Metal1,187.1250,78.4000,Metal1,187.3550,78.4000,1.951e-10
Metal1,187.1250,94.0800,Metal1,187.3550,94.0800,2.476e-06
Metal1,187.1250,109.7600,Metal1,187.3550,109.7600,2.387e-10
Metal1,187.1250,133.2800,Metal1,187.3550,133.2800,2.227e-13
Metal1,187.1250,164.6400,Metal1,187.3550,164.6400,1.485e-13
Metal1,187.1250,172.4800,Metal1,187.3550,172.4800,2.227e-13
Metal1,187.1250,180.3200,Metal1,187.3550,180.3200,1.485e-13
Metal1,187.1250,188.1600,Metal1,187.3550,188.1600,1.485e-13
Metal1,187.1250,196.0000,Metal1,187.3550,196.0000,1.485e-13
Metal1,187.1250,203.8400,Metal1,187.3550,203.8400,2.227e-13
Metal1,187.1250,211.6800,Metal1,187.3550,211.6800,7.423e-14
Metal1,187.1250,219.5200,Metal1,187.3550,219.5200,7.423e-14
Metal1,187.1250,227.3600,Metal1,187.3550,227.3600,1.485e-13
Metal1,187.1250,235.2000,Metal1,187.3550,235.2000,1.485e-13
Metal1,187.1250,243.0400,Metal1,187.3550,243.0400,2.227e-13
Metal1,187.1700,86.2400,Metal1,188.2450,86.2400,1.699e-11
Metal1,187.2850,117.6000,Metal1,187.5150,117.6000,1.504e-06
Metal1,187.3550,39.2000,Metal1,187.6850,39.2000,1.466e-09
Metal1,187.3550,54.8800,Metal1,187.6850,54.8800,4.060e-09
Metal1,187.3550,78.4000,Metal1,187.6850,78.4000,3.483e-09
Metal1,187.3550,94.0800,Metal1,187.6850,94.0800,2.476e-06
Metal1,187.3550,109.7600,Metal1,187.6850,109.7600,4.264e-09
Metal1,187.3550,133.2800,Metal1,187.6850,133.2800,3.158e-12
Metal1,187.3550,164.6400,Metal1,187.6850,164.6400,3.212e-12
Metal1,187.3550,172.4800,Metal1,187.6850,172.4800,3.176e-12
Metal1,187.3550,180.3200,Metal1,187.6850,180.3200,3.014e-12
Metal1,187.3550,188.1600,Metal1,187.6850,188.1600,3.230e-12
Metal1,187.3550,196.0000,Metal1,187.6850,196.0000,3.176e-12
Metal1,187.3550,203.8400,Metal1,187.6850,203.8400,3.158e-12
Metal1,187.3550,211.6800,Metal1,187.6850,211.6800,2.727e-12
Metal1,187.3550,219.5200,Metal1,187.6850,219.5200,3.176e-12
Metal1,187.3550,227.3600,Metal1,187.6850,227.3600,3.194e-12
Metal1,187.3550,235.2000,Metal1,187.6850,235.2000,3.176e-12
Metal1,187.3550,243.0400,Metal1,187.6850,243.0400,3.158e-12
Metal1,187.5150,117.6000,Metal1,188.4650,117.6000,1.504e-06
Metal1,187.6850,15.6800,Metal1,187.9150,15.6800,8.407e-10
Metal1,187.6850,23.5200,Metal1,187.9150,23.5200,1.021e-07
Metal1,187.6850,31.3600,Metal1,187.9150,31.3600,6.694e-10
Metal1,187.6850,39.2000,Metal1,187.9150,39.2000,8.076e-11
Metal1,187.6850,47.0400,Metal1,187.9150,47.0400,8.530e-06
Metal1,187.6850,54.8800,Metal1,187.9150,54.8800,2.239e-10
Metal1,187.6850,62.7200,Metal1,187.9150,62.7200,8.082e-06
Metal1,187.6850,70.5600,Metal1,187.9150,70.5600,1.563e-10
Metal1,187.6850,78.4000,Metal1,187.9150,78.4000,1.918e-10
Metal1,187.6850,94.0800,Metal1,187.9150,94.0800,1.774e-07
Metal1,187.6850,101.9200,Metal1,187.9150,101.9200,8.330e-08
Metal1,187.6850,109.7600,Metal1,187.9150,109.7600,2.352e-10
Metal1,187.6850,133.2800,Metal1,187.9150,133.2800,1.485e-13
Metal1,187.6850,141.1200,Metal1,187.9150,141.1200,1.289e-10
Metal1,187.6850,164.6400,Metal1,187.9150,164.6400,1.485e-13
Metal1,187.6850,172.4800,Metal1,187.9150,172.4800,1.485e-13
Metal1,187.6850,180.3200,Metal1,187.9150,180.3200,2.227e-13
Metal1,187.6850,188.1600,Metal1,187.9150,188.1600,1.485e-13
Metal1,187.6850,196.0000,Metal1,187.9150,196.0000,1.485e-13
Metal1,187.6850,203.8400,Metal1,187.9150,203.8400,2.227e-13
Metal1,187.6850,211.6800,Metal1,187.9150,211.6800,7.423e-14
Metal1,187.6850,219.5200,Metal1,187.9150,219.5200,2.969e-13
Metal1,187.6850,227.3600,Metal1,187.9150,227.3600,1.485e-13
Metal1,187.6850,235.2000,Metal1,187.9150,235.2000,2.227e-13
Metal1,187.6850,243.0400,Metal1,187.9150,243.0400,1.485e-13
Metal1,187.6850,250.8800,Metal1,187.9150,250.8800,5.938e-13
Metal1,187.9150,15.6800,Metal1,189.9250,15.6800,2.296e-11
Metal1,187.9150,23.5200,Metal1,189.3650,23.5200,3.595e-08
Metal1,187.9150,31.3600,Metal1,189.9250,31.3600,1.687e-11
Metal1,187.9150,39.2000,Metal1,189.3650,39.2000,3.376e-10
Metal1,187.9150,47.0400,Metal1,189.9250,47.0400,1.064e-06
Metal1,187.9150,54.8800,Metal1,189.3650,54.8800,9.346e-10
Metal1,187.9150,62.7200,Metal1,188.2450,62.7200,8.082e-06
Metal1,187.9150,70.5600,Metal1,188.2450,70.5600,2.870e-09
Metal1,187.9150,78.4000,Metal1,189.3650,78.4000,8.019e-10
Metal1,187.9150,94.0800,Metal1,189.3650,94.0800,1.175e-09
Metal1,187.9150,101.9200,Metal1,189.9250,101.9200,1.379e-10
Metal1,187.9150,109.7600,Metal1,189.3650,109.7600,9.817e-10
Metal1,187.9150,133.2800,Metal1,189.3650,133.2800,7.269e-13
Metal1,187.9150,141.1200,Metal1,189.6300,141.1200,1.401e-11
Metal1,187.9150,164.6400,Metal1,189.3650,164.6400,7.350e-13
Metal1,187.9150,172.4800,Metal1,189.3650,172.4800,7.310e-13
Metal1,187.9150,180.3200,Metal1,189.3650,180.3200,6.983e-13
Metal1,187.9150,188.1600,Metal1,189.3650,188.1600,7.391e-13
Metal1,187.9150,196.0000,Metal1,189.3650,196.0000,7.269e-13
Metal1,187.9150,203.8400,Metal1,189.3650,203.8400,7.269e-13
Metal1,187.9150,211.6800,Metal1,189.3650,211.6800,6.207e-13
Metal1,187.9150,219.5200,Metal1,189.3650,219.5200,7.310e-13
Metal1,187.9150,227.3600,Metal1,189.3650,227.3600,7.269e-13
Metal1,187.9150,235.2000,Metal1,189.3650,235.2000,7.350e-13
Metal1,187.9150,243.0400,Metal1,189.3650,243.0400,7.269e-13
Metal1,187.9150,250.8800,Metal1,189.9250,250.8800,6.658e-13
Metal1,188.2450,62.7200,Metal1,188.4750,62.7200,1.817e-05
Metal1,188.2450,70.5600,Metal1,188.4750,70.5600,2.755e-09
Metal1,188.2450,86.2400,Metal1,188.4750,86.2400,8.165e-13
Metal1,188.4650,117.6000,Metal1,188.6950,117.6000,1.700e-08
Metal1,188.4750,62.7200,Metal1,189.9250,62.7200,2.995e-06
Metal1,188.4750,70.5600,Metal1,189.9250,70.5600,5.039e-10
Metal1,188.4750,86.2400,Metal1,190.4850,86.2400,7.983e-13
Metal1,188.6650,148.9600,Metal1,188.8050,149.1775,3.427e-07
Metal1,188.6950,117.6000,Metal1,190.2050,117.6000,1.700e-08
Metal1,188.8050,149.1775,Metal1,188.8950,148.3950,3.427e-07
Metal1,188.8050,156.8000,Metal1,189.0350,156.8000,1.752e-11
Metal1,188.8950,148.3950,Metal1,189.0350,148.9600,1.528e-09
Metal1,189.0350,148.9600,Metal1,191.0450,148.9600,1.528e-09
Metal1,189.0350,156.8000,Metal1,189.9250,156.8000,1.863e-13
Metal1,189.3650,23.5200,Metal1,189.5950,23.5200,8.230e-09
Metal1,189.3650,39.2000,Metal1,189.5950,39.2000,1.177e-09
Metal1,189.3650,54.8800,Metal1,189.5950,54.8800,3.259e-09
Metal1,189.3650,78.4000,Metal1,189.5950,78.4000,2.796e-09
Metal1,189.3650,94.0800,Metal1,189.5950,94.0800,2.732e-11
Metal1,189.3650,109.7600,Metal1,189.5950,109.7600,3.423e-09
Metal1,189.3650,133.2800,Metal1,189.5950,133.2800,2.524e-12
Metal1,189.3650,164.6400,Metal1,189.5950,164.6400,2.524e-12
Metal1,189.3650,172.4800,Metal1,189.5950,172.4800,2.598e-12
Metal1,189.3650,180.3200,Metal1,189.5950,180.3200,2.450e-12
Metal1,189.3650,188.1600,Metal1,189.5950,188.1600,2.598e-12
Metal1,189.3650,196.0000,Metal1,189.5950,196.0000,2.524e-12
Metal1,189.3650,203.8400,Metal1,189.5950,203.8400,2.524e-12
Metal1,189.3650,211.6800,Metal1,189.5950,211.6800,2.227e-12
Metal1,189.3650,219.5200,Metal1,189.5950,219.5200,2.524e-12
Metal1,189.3650,227.3600,Metal1,189.5950,227.3600,2.524e-12
Metal1,189.3650,235.2000,Metal1,189.5950,235.2000,2.524e-12
Metal1,189.3650,243.0400,Metal1,189.5950,243.0400,2.524e-12
Metal1,189.5950,23.5200,Metal1,189.9250,23.5200,1.509e-07
Metal1,189.5950,39.2000,Metal1,189.9250,39.2000,1.177e-09
Metal1,189.5950,54.8800,Metal1,189.9250,54.8800,3.259e-09
Metal1,189.5950,78.4000,Metal1,189.9250,78.4000,2.796e-09
Metal1,189.5950,94.0800,Metal1,189.9250,94.0800,1.557e-09
Metal1,189.5950,109.7600,Metal1,189.9250,109.7600,3.423e-09
Metal1,189.5950,133.2800,Metal1,189.9250,133.2800,2.548e-12
Metal1,189.5950,164.6400,Metal1,189.9250,164.6400,2.584e-12
Metal1,189.5950,172.4800,Metal1,189.9250,172.4800,2.566e-12
Metal1,189.5950,180.3200,Metal1,189.9250,180.3200,2.440e-12
Metal1,189.5950,188.1600,Metal1,189.9250,188.1600,2.566e-12
Metal1,189.5950,196.0000,Metal1,189.9250,196.0000,2.584e-12
Metal1,189.5950,203.8400,Metal1,189.9250,203.8400,2.584e-12
Metal1,189.5950,211.6800,Metal1,189.9250,211.6800,2.171e-12
Metal1,189.5950,219.5200,Metal1,189.9250,219.5200,2.530e-12
Metal1,189.5950,227.3600,Metal1,189.9250,227.3600,2.548e-12
Metal1,189.5950,235.2000,Metal1,189.9250,235.2000,2.602e-12
Metal1,189.5950,243.0400,Metal1,189.9250,243.0400,2.566e-12
Metal1,189.6300,141.1200,Metal1,189.9250,141.5800,7.848e-13
Metal1,189.9250,15.6800,Metal1,190.1550,15.6800,8.430e-10
Metal1,189.9250,23.5200,Metal1,190.1550,23.5200,3.398e-08
Metal1,189.9250,31.3600,Metal1,190.1550,31.3600,1.481e-10
Metal1,189.9250,39.2000,Metal1,190.1550,39.2000,3.150e-10
Metal1,189.9250,47.0400,Metal1,190.1550,47.0400,3.602e-07
Metal1,189.9250,54.8800,Metal1,190.1550,54.8800,8.716e-10
Metal1,189.9250,62.7200,Metal1,190.1550,62.7200,6.724e-07
Metal1,189.9250,70.5600,Metal1,190.1550,70.5600,1.710e-09
Metal1,189.9250,78.4000,Metal1,190.1550,78.4000,7.482e-10
Metal1,189.9250,94.0800,Metal1,190.1550,94.0800,3.544e-10
Metal1,189.9250,101.9200,Metal1,190.1550,101.9200,1.174e-10
Metal1,189.9250,109.7600,Metal1,190.1550,109.7600,9.161e-10
Metal1,189.9250,133.2800,Metal1,190.1550,133.2800,6.681e-13
Metal1,189.9250,141.5800,Metal1,189.9700,140.5550,7.881e-13
Metal1,189.9250,156.8000,Metal1,190.1550,156.8000,7.423e-12
Metal1,189.9250,164.6400,Metal1,190.1550,164.6400,6.681e-13
Metal1,189.9250,172.4800,Metal1,190.1550,172.4800,7.423e-13
Metal1,189.9250,180.3200,Metal1,190.1550,180.3200,6.681e-13
Metal1,189.9250,188.1600,Metal1,190.1550,188.1600,7.423e-13
Metal1,189.9250,196.0000,Metal1,190.1550,196.0000,6.681e-13
Metal1,189.9250,203.8400,Metal1,190.1550,203.8400,7.423e-13
Metal1,189.9250,211.6800,Metal1,190.1550,211.6800,5.938e-13
Metal1,189.9250,219.5200,Metal1,190.1550,219.5200,6.681e-13
Metal1,189.9250,227.3600,Metal1,190.1550,227.3600,6.681e-13
Metal1,189.9250,235.2000,Metal1,190.1550,235.2000,7.423e-13
Metal1,189.9250,243.0400,Metal1,190.1550,243.0400,7.423e-13
Metal1,189.9250,250.8800,Metal1,190.1550,250.8800,1.485e-13
Metal1,189.9700,140.5550,Metal1,190.1550,141.1200,2.014e-11
Metal1,190.1550,15.6800,Metal1,192.1650,15.6800,2.140e-11
Metal1,190.1550,23.5200,Metal1,191.6050,23.5200,3.398e-08
Metal1,190.1550,31.3600,Metal1,192.1650,31.3600,1.270e-10
Metal1,190.1550,39.2000,Metal1,191.6050,39.2000,3.150e-10
Metal1,190.1550,47.0400,Metal1,190.4850,47.0400,6.095e-06
Metal1,190.1550,54.8800,Metal1,191.6050,54.8800,8.717e-10
Metal1,190.1550,62.7200,Metal1,190.4850,62.7200,1.238e-05
Metal1,190.1550,70.5600,Metal1,190.4850,70.5600,1.710e-09
Metal1,190.1550,78.4000,Metal1,191.6050,78.4000,7.483e-10
Metal1,190.1550,94.0800,Metal1,191.6050,94.0800,3.543e-10
Metal1,190.1550,101.9200,Metal1,192.1650,101.9200,9.652e-11
Metal1,190.1550,109.7600,Metal1,191.6050,109.7600,9.161e-10
Metal1,190.1550,133.2800,Metal1,191.6050,133.2800,6.860e-13
Metal1,190.1550,141.1200,Metal1,192.4700,141.1200,1.115e-12
Metal1,190.1550,156.8000,Metal1,191.0450,156.8000,2.435e-12
Metal1,190.1550,164.6400,Metal1,191.6050,164.6400,6.901e-13
Metal1,190.1550,172.4800,Metal1,191.6050,172.4800,6.860e-13
Metal1,190.1550,180.3200,Metal1,191.6050,180.3200,6.534e-13
Metal1,190.1550,188.1600,Metal1,191.6050,188.1600,6.820e-13
Metal1,190.1550,196.0000,Metal1,191.6050,196.0000,6.901e-13
Metal1,190.1550,203.8400,Metal1,191.6050,203.8400,6.860e-13
Metal1,190.1550,211.6800,Metal1,191.6050,211.6800,5.880e-13
Metal1,190.1550,219.5200,Metal1,191.6050,219.5200,6.820e-13
Metal1,190.1550,227.3600,Metal1,191.6050,227.3600,6.860e-13
Metal1,190.1550,235.2000,Metal1,191.6050,235.2000,6.860e-13
Metal1,190.1550,243.0400,Metal1,191.6050,243.0400,6.820e-13
Metal1,190.1550,250.8800,Metal1,192.1650,250.8800,2.946e-15
Metal1,190.2050,117.6000,Metal1,190.4350,117.6000,5.610e-06
Metal1,190.4350,117.6000,Metal1,191.0450,117.6000,5.610e-06
Metal1,190.4850,47.0400,Metal1,190.7150,47.0400,1.371e-06
Metal1,190.4850,62.7200,Metal1,190.7150,62.7200,2.790e-06
Metal1,190.4850,70.5600,Metal1,190.7150,70.5600,5.302e-10
Metal1,190.4850,86.2400,Metal1,190.7150,86.2400,2.674e-10
Metal1,190.7150,47.0400,Metal1,192.1650,47.0400,1.371e-06
Metal1,190.7150,62.7200,Metal1,192.1650,62.7200,2.790e-06
Metal1,190.7150,70.5600,Metal1,192.1650,70.5600,5.202e-10
Metal1,190.7150,86.2400,Metal1,191.8250,86.2400,2.582e-10
Metal1,191.0450,117.6000,Metal1,191.2750,117.6000,2.035e-08
Metal1,191.0450,148.9600,Metal1,191.2750,148.9600,1.362e-06
Metal1,191.0450,156.8000,Metal1,191.2750,156.8000,1.188e-11
Metal1,191.2750,117.6000,Metal1,192.4700,117.6000,2.035e-08
Metal1,191.2750,148.9600,Metal1,192.4700,148.9600,1.362e-06
Metal1,191.2750,156.8000,Metal1,192.4700,156.8000,2.844e-12
Metal1,191.6050,23.5200,Metal1,191.8350,23.5200,2.208e-07
Metal1,191.6050,39.2000,Metal1,191.8350,39.2000,1.268e-09
Metal1,191.6050,54.8800,Metal1,191.8350,54.8800,3.604e-09
Metal1,191.6050,78.4000,Metal1,191.8350,78.4000,3.011e-09
Metal1,191.6050,94.0800,Metal1,191.8350,94.0800,3.076e-09
Metal1,191.6050,109.7600,Metal1,191.8350,109.7600,3.687e-09
Metal1,191.6050,125.4400,Metal1,191.8350,125.4400,2.086e-07
Metal1,191.6050,133.2800,Metal1,191.8350,133.2800,2.375e-12
Metal1,191.6050,164.6400,Metal1,191.8350,164.6400,2.450e-12
Metal1,191.6050,172.4800,Metal1,191.8350,172.4800,2.375e-12
Metal1,191.6050,180.3200,Metal1,191.8350,180.3200,2.227e-12
Metal1,191.6050,188.1600,Metal1,191.8350,188.1600,2.450e-12
Metal1,191.6050,196.0000,Metal1,191.8350,196.0000,2.375e-12
Metal1,191.6050,203.8400,Metal1,191.8350,203.8400,2.375e-12
Metal1,191.6050,211.6800,Metal1,191.8350,211.6800,2.078e-12
Metal1,191.6050,219.5200,Metal1,191.8350,219.5200,2.375e-12
Metal1,191.6050,227.3600,Metal1,191.8350,227.3600,2.375e-12
Metal1,191.6050,235.2000,Metal1,191.8350,235.2000,2.375e-12
Metal1,191.6050,243.0400,Metal1,191.8350,243.0400,2.301e-12
Metal1,191.8250,86.2400,Metal1,192.0550,86.2400,4.395e-08
Metal1,191.8350,23.5200,Metal1,192.1650,23.5200,2.208e-07
Metal1,191.8350,39.2000,Metal1,192.1650,39.2000,1.268e-09
Metal1,191.8350,54.8800,Metal1,192.1650,54.8800,3.604e-09
Metal1,191.8350,78.4000,Metal1,192.1650,78.4000,3.011e-09
Metal1,191.8350,94.0800,Metal1,192.1650,94.0800,3.076e-09
Metal1,191.8350,109.7600,Metal1,192.1650,109.7600,3.686e-09
Metal1,191.8350,125.4400,Metal1,192.1650,125.4400,2.086e-07
Metal1,191.8350,133.2800,Metal1,192.1650,133.2800,2.386e-12
Metal1,191.8350,164.6400,Metal1,192.1650,164.6400,2.422e-12
Metal1,191.8350,172.4800,Metal1,192.1650,172.4800,2.440e-12
Metal1,191.8350,180.3200,Metal1,192.1650,180.3200,2.315e-12
Metal1,191.8350,188.1600,Metal1,192.1650,188.1600,2.404e-12
Metal1,191.8350,196.0000,Metal1,192.1650,196.0000,2.404e-12
Metal1,191.8350,203.8400,Metal1,192.1650,203.8400,2.404e-12
Metal1,191.8350,211.6800,Metal1,192.1650,211.6800,2.046e-12
Metal1,191.8350,219.5200,Metal1,192.1650,219.5200,2.404e-12
Metal1,191.8350,227.3600,Metal1,192.1650,227.3600,2.404e-12
Metal1,191.8350,235.2000,Metal1,192.1650,235.2000,2.422e-12
Metal1,191.8350,243.0400,Metal1,192.1650,243.0400,2.440e-12
Metal1,192.0550,86.2400,Metal1,192.4700,86.2400,4.395e-08
Metal1,192.1650,15.6800,Metal1,192.3950,15.6800,9.805e-11
Metal1,192.1650,23.5200,Metal1,192.3950,23.5200,2.178e-05
Metal1,192.1650,31.3600,Metal1,192.3950,31.3600,3.372e-08
Metal1,192.1650,39.2000,Metal1,192.3950,39.2000,5.427e-09
Metal1,192.1650,47.0400,Metal1,192.3950,47.0400,8.530e-06
Metal1,192.1650,54.8800,Metal1,192.3950,54.8800,2.100e-08
Metal1,192.1650,62.7200,Metal1,192.3950,62.7200,1.817e-05
Metal1,192.1650,70.5600,Metal1,192.3950,70.5600,1.268e-08
Metal1,192.1650,78.4000,Metal1,192.3950,78.4000,1.286e-08
Metal1,192.1650,94.0800,Metal1,192.3950,94.0800,2.754e-07
Metal1,192.1650,101.9200,Metal1,192.3950,101.9200,9.246e-09
Metal1,192.1650,109.7600,Metal1,192.3950,109.7600,1.573e-08
Metal1,192.1650,125.4400,Metal1,192.3950,125.4400,6.620e-06
Metal1,192.1650,133.2800,Metal1,192.3950,133.2800,9.427e-12
Metal1,192.1650,164.6400,Metal1,192.3950,164.6400,9.427e-12
Metal1,192.1650,172.4800,Metal1,192.3950,172.4800,9.501e-12
Metal1,192.1650,180.3200,Metal1,192.3950,180.3200,9.501e-12
Metal1,192.1650,188.1600,Metal1,192.3950,188.1600,9.501e-12
Metal1,192.1650,196.0000,Metal1,192.3950,196.0000,9.427e-12
Metal1,192.1650,203.8400,Metal1,192.3950,203.8400,9.427e-12
Metal1,192.1650,211.6800,Metal1,192.3950,211.6800,9.427e-12
Metal1,192.1650,219.5200,Metal1,192.3950,219.5200,9.427e-12
Metal1,192.1650,227.3600,Metal1,192.3950,227.3600,9.501e-12
Metal1,192.1650,235.2000,Metal1,192.3950,235.2000,9.501e-12
Metal1,192.1650,243.0400,Metal1,192.3950,243.0400,9.501e-12
Metal1,192.1650,250.8800,Metal1,192.3950,250.8800,5.938e-13
Metal1,192.3950,15.6800,Metal1,194.4050,15.6800,9.799e-11
Metal1,192.3950,23.5200,Metal1,192.4700,23.5200,2.178e-05
Metal1,192.3950,31.3600,Metal1,192.4700,31.3600,3.372e-08
Metal1,192.3950,39.2000,Metal1,192.4700,39.2000,5.427e-09
Metal1,192.3950,47.0400,Metal1,192.4700,47.0400,8.530e-06
Metal1,192.3950,54.8800,Metal1,192.4700,54.8800,2.100e-08
Metal1,192.3950,62.7200,Metal1,192.4700,62.7200,1.817e-05
Metal1,192.3950,70.5600,Metal1,192.4700,70.5600,1.268e-08
Metal1,192.3950,78.4000,Metal1,192.4700,78.4000,1.286e-08
Metal1,192.3950,94.0800,Metal1,192.4700,94.0800,2.754e-07
Metal1,192.3950,101.9200,Metal1,192.4700,101.9200,9.247e-09
Metal1,192.3950,109.7600,Metal1,192.4700,109.7600,1.573e-08
Metal1,192.3950,125.4400,Metal1,192.4700,125.4400,6.620e-06
Metal1,192.3950,133.2800,Metal1,192.4700,133.2800,9.553e-12
Metal1,192.3950,164.6400,Metal1,192.4700,164.6400,9.553e-12
Metal1,192.3950,172.4800,Metal1,192.4700,172.4800,9.553e-12
Metal1,192.3950,180.3200,Metal1,192.4700,180.3200,9.553e-12
Metal1,192.3950,188.1600,Metal1,192.4700,188.1600,9.553e-12
Metal1,192.3950,196.0000,Metal1,192.4700,196.0000,9.553e-12
Metal1,192.3950,203.8400,Metal1,192.4700,203.8400,9.553e-12
Metal1,192.3950,211.6800,Metal1,192.4700,211.6800,9.553e-12
Metal1,192.3950,219.5200,Metal1,192.4700,219.5200,9.553e-12
Metal1,192.3950,227.3600,Metal1,192.4700,227.3600,9.553e-12
Metal1,192.3950,235.2000,Metal1,192.4700,235.2000,9.553e-12
Metal1,192.3950,243.0400,Metal1,192.4700,243.0400,9.553e-12
Metal1,192.3950,250.8800,Metal1,194.4050,250.8800,6.334e-13
Metal1,192.4700,23.5200,Metal1,192.8100,23.5200,2.178e-05
Metal1,192.4700,31.3600,Metal1,192.8100,31.3600,3.371e-08
Metal1,192.4700,39.2000,Metal1,192.8100,39.2000,5.417e-09
Metal1,192.4700,47.0400,Metal1,192.8100,47.0400,8.530e-06
Metal1,192.4700,54.8800,Metal1,192.8100,54.8800,2.099e-08
Metal1,192.4700,62.7200,Metal1,192.8100,62.7200,1.817e-05
Metal1,192.4700,70.5600,Metal1,192.8100,70.5600,1.267e-08
Metal1,192.4700,78.4000,Metal1,192.8100,78.4000,1.285e-08
Metal1,192.4700,86.2400,Metal1,192.8100,86.2400,4.394e-08
Metal1,192.4700,94.0800,Metal1,192.8100,94.0800,2.754e-07
Metal1,192.4700,101.9200,Metal1,192.8100,101.9200,9.236e-09
Metal1,192.4700,109.7600,Metal1,192.8100,109.7600,1.572e-08
Metal1,192.4700,117.6000,Metal1,192.8100,117.6000,2.034e-08
Metal1,192.4700,125.4400,Metal1,192.8100,125.4400,6.620e-06
Metal1,192.4700,133.2800,Metal1,192.8100,133.2800,6.647e-13
Metal1,192.4700,141.1200,Metal1,192.8100,141.1200,1.150e-11
Metal1,192.4700,148.9600,Metal1,192.8100,148.9600,1.362e-06
Metal1,192.4700,156.8000,Metal1,192.8100,156.8000,7.843e-12
Metal1,192.4700,164.6400,Metal1,192.8100,164.6400,6.647e-13
Metal1,192.4700,172.4800,Metal1,192.8100,172.4800,6.647e-13
Metal1,192.4700,180.3200,Metal1,192.8100,180.3200,5.982e-13
Metal1,192.4700,188.1600,Metal1,192.8100,188.1600,5.982e-13
Metal1,192.4700,196.0000,Metal1,192.8100,196.0000,5.982e-13
Metal1,192.4700,203.8400,Metal1,192.8100,203.8400,5.982e-13
Metal1,192.4700,211.6800,Metal1,192.8100,211.6800,6.647e-13
Metal1,192.4700,219.5200,Metal1,192.8100,219.5200,5.982e-13
Metal1,192.4700,227.3600,Metal1,192.8100,227.3600,5.982e-13
Metal1,192.4700,235.2000,Metal1,192.8100,235.2000,5.982e-13
Metal1,192.4700,243.0400,Metal1,192.8100,243.0400,5.982e-13
Metal1,192.8100,23.5200,Metal1,194.5300,23.5200,9.109e-07
Metal1,192.8100,31.3600,Metal1,194.4050,31.3600,5.183e-09
Metal1,192.8100,39.2000,Metal1,194.4050,39.2000,5.417e-09
Metal1,192.8100,47.0400,Metal1,192.8850,47.0400,8.530e-06
Metal1,192.8100,54.8800,Metal1,194.4050,54.8800,3.214e-09
Metal1,192.8100,62.7200,Metal1,194.9700,62.7200,1.817e-05
Metal1,192.8100,70.5600,Metal1,194.4050,70.5600,1.946e-09
Metal1,192.8100,78.4000,Metal1,194.4050,78.4000,1.285e-08
Metal1,192.8100,86.2400,Metal1,193.5650,86.2400,4.393e-08
Metal1,192.8100,94.0800,Metal1,194.4050,94.0800,4.233e-08
Metal1,192.8100,101.9200,Metal1,194.4050,101.9200,9.236e-09
Metal1,192.8100,109.7600,Metal1,194.4050,109.7600,1.572e-08
Metal1,192.8100,117.6000,Metal1,193.2850,117.6000,2.034e-08
Metal1,192.8100,125.4400,Metal1,193.4450,125.4400,6.620e-06
Metal1,192.8100,133.2800,Metal1,194.4050,133.2800,6.497e-13
Metal1,192.8100,141.1200,Metal1,194.6250,141.1200,1.147e-11
Metal1,192.8100,148.9600,Metal1,192.9900,148.9600,1.362e-06
Metal1,192.8100,156.8000,Metal1,193.2850,156.8000,7.791e-12
Metal1,192.8100,164.6400,Metal1,194.4050,164.6400,6.385e-13
Metal1,192.8100,172.4800,Metal1,194.4050,172.4800,6.422e-13
Metal1,192.8100,180.3200,Metal1,194.4050,180.3200,6.274e-13
Metal1,192.8100,188.1600,Metal1,194.4050,188.1600,6.348e-13
Metal1,192.8100,196.0000,Metal1,194.4050,196.0000,6.274e-13
Metal1,192.8100,203.8400,Metal1,194.4050,203.8400,6.311e-13
Metal1,192.8100,211.6800,Metal1,194.4050,211.6800,6.237e-13
Metal1,192.8100,219.5200,Metal1,194.4050,219.5200,6.274e-13
Metal1,192.8100,227.3600,Metal1,194.4050,227.3600,6.422e-13
Metal1,192.8100,235.2000,Metal1,194.4050,235.2000,6.385e-13
Metal1,192.8100,243.0400,Metal1,194.4050,243.0400,6.311e-13
Metal1,192.8850,47.0400,Metal1,193.1150,47.0400,1.151e-06
Metal1,192.9900,148.9600,Metal1,193.3300,148.9600,6.153e-08
Metal1,193.1150,47.0400,Metal1,194.9650,47.0400,5.633e-08
Metal1,193.2850,117.6000,Metal1,193.5150,117.6000,4.226e-08
Metal1,193.2850,156.8000,Metal1,193.5150,156.8000,0.000e+00
Metal1,193.3300,148.9600,Metal1,194.9650,148.9600,2.437e-10
Metal1,193.4450,125.4400,Metal1,193.6750,125.4400,8.834e-07
Metal1,193.5150,117.6000,Metal1,194.9650,117.6000,5.698e-07
Metal1,193.5150,156.8000,Metal1,194.9650,156.8000,7.163e-12
Metal1,193.5650,86.2400,Metal1,193.7950,86.2400,8.959e-06
Metal1,193.6750,125.4400,Metal1,194.9650,125.4400,6.105e-08
Metal1,193.7950,86.2400,Metal1,195.0700,86.2400,8.959e-06
Metal1,194.4050,15.6800,Metal1,194.6350,15.6800,6.073e-08
Metal1,194.4050,31.3600,Metal1,194.6350,31.3600,2.144e-08
Metal1,194.4050,39.2000,Metal1,194.6350,39.2000,1.504e-06
Metal1,194.4050,54.8800,Metal1,194.6350,54.8800,1.330e-08
Metal1,194.4050,70.5600,Metal1,194.6350,70.5600,8.051e-09
Metal1,194.4050,78.4000,Metal1,194.6350,78.4000,3.568e-06
Metal1,194.4050,94.0800,Metal1,194.6350,94.0800,1.751e-07
Metal1,194.4050,101.9200,Metal1,194.6350,101.9200,2.566e-06
Metal1,194.4050,109.7600,Metal1,194.6350,109.7600,4.364e-06
Metal1,194.4050,133.2800,Metal1,194.6350,133.2800,6.881e-11
Metal1,194.4050,164.6400,Metal1,194.6350,164.6400,6.859e-11
Metal1,194.4050,172.4800,Metal1,194.6350,172.4800,6.963e-11
Metal1,194.4050,180.3200,Metal1,194.6350,180.3200,7.349e-11
Metal1,194.4050,188.1600,Metal1,194.6350,188.1600,7.252e-11
Metal1,194.4050,196.0000,Metal1,194.6350,196.0000,7.297e-11
Metal1,194.4050,203.8400,Metal1,194.6350,203.8400,7.178e-11
Metal1,194.4050,211.6800,Metal1,194.6350,211.6800,7.267e-11
Metal1,194.4050,219.5200,Metal1,194.6350,219.5200,7.245e-11
Metal1,194.4050,227.3600,Metal1,194.6350,227.3600,7.081e-11
Metal1,194.4050,235.2000,Metal1,194.6350,235.2000,7.096e-11
Metal1,194.4050,243.0400,Metal1,194.6350,243.0400,7.185e-11
Metal1,194.4050,250.8800,Metal1,194.6350,250.8800,2.004e-10
Metal1,194.5300,23.5200,Metal1,194.7600,23.5200,4.002e-06
Metal1,194.6250,141.1200,Metal1,194.8550,141.1200,1.200e-10
Metal1,194.6350,15.6800,Metal1,196.6450,15.6800,4.001e-10
Metal1,194.6350,31.3600,Metal1,194.9650,31.3600,2.144e-08
Metal1,194.6350,39.2000,Metal1,194.9650,39.2000,1.504e-06
Metal1,194.6350,54.8800,Metal1,194.9650,54.8800,1.330e-08
Metal1,194.6350,70.5600,Metal1,194.9650,70.5600,8.051e-09
Metal1,194.6350,78.4000,Metal1,194.9650,78.4000,3.568e-06
Metal1,194.6350,94.0800,Metal1,194.9650,94.0800,1.751e-07
Metal1,194.6350,101.9200,Metal1,194.9650,101.9200,2.566e-06
Metal1,194.6350,109.7600,Metal1,194.9650,109.7600,4.364e-06
Metal1,194.6350,133.2800,Metal1,194.9650,133.2800,6.872e-11
Metal1,194.6350,164.6400,Metal1,194.9650,164.6400,6.858e-11
Metal1,194.6350,172.4800,Metal1,194.9650,172.4800,6.960e-11
Metal1,194.6350,180.3200,Metal1,194.9650,180.3200,7.344e-11
Metal1,194.6350,188.1600,Metal1,194.9650,188.1600,7.244e-11
Metal1,194.6350,196.0000,Metal1,194.9650,196.0000,7.297e-11
Metal1,194.6350,203.8400,Metal1,194.9650,203.8400,7.168e-11
Metal1,194.6350,211.6800,Metal1,194.9650,211.6800,7.267e-11
Metal1,194.6350,219.5200,Metal1,194.9650,219.5200,7.249e-11
Metal1,194.6350,227.3600,Metal1,194.9650,227.3600,7.084e-11
Metal1,194.6350,235.2000,Metal1,194.9650,235.2000,7.098e-11
Metal1,194.6350,243.0400,Metal1,194.9650,243.0400,7.175e-11
Metal1,194.6350,250.8800,Metal1,196.6450,250.8800,1.290e-12
Metal1,194.7600,23.5200,Metal1,194.9650,23.5200,4.002e-06
Metal1,194.8550,141.1200,Metal1,194.9650,141.1200,1.199e-10
Metal1,194.9650,23.5200,Metal1,195.1950,23.5200,1.686e-05
Metal1,194.9650,31.3600,Metal1,195.1950,31.3600,6.032e-08
Metal1,194.9650,39.2000,Metal1,195.1950,39.2000,4.011e-07
Metal1,194.9650,47.0400,Metal1,195.1950,47.0400,7.872e-06
Metal1,194.9650,54.8800,Metal1,195.1950,54.8800,3.749e-08
Metal1,194.9650,70.5600,Metal1,195.1950,70.5600,2.265e-08
Metal1,194.9650,78.4000,Metal1,195.1950,78.4000,9.515e-07
Metal1,194.9650,94.0800,Metal1,195.1950,94.0800,4.928e-07
Metal1,194.9650,101.9200,Metal1,195.1950,101.9200,6.844e-07
Metal1,194.9650,109.7600,Metal1,195.1950,109.7600,1.164e-06
Metal1,194.9650,117.6000,Metal1,195.1950,117.6000,1.984e-06
Metal1,194.9650,125.4400,Metal1,195.1950,125.4400,5.967e-06
Metal1,194.9650,133.2800,Metal1,195.1950,133.2800,1.833e-11
Metal1,194.9650,141.1200,Metal1,195.1950,141.1200,1.930e-11
Metal1,194.9650,148.9600,Metal1,195.1950,148.9600,8.165e-13
Metal1,194.9650,156.8000,Metal1,195.1950,156.8000,2.494e-11
Metal1,194.9650,164.6400,Metal1,195.1950,164.6400,1.826e-11
Metal1,194.9650,172.4800,Metal1,195.1950,172.4800,1.856e-11
Metal1,194.9650,180.3200,Metal1,195.1950,180.3200,1.960e-11
Metal1,194.9650,188.1600,Metal1,195.1950,188.1600,1.930e-11
Metal1,194.9650,196.0000,Metal1,195.1950,196.0000,1.952e-11
Metal1,194.9650,203.8400,Metal1,195.1950,203.8400,1.915e-11
Metal1,194.9650,211.6800,Metal1,195.1950,211.6800,1.937e-11
Metal1,194.9650,219.5200,Metal1,195.1950,219.5200,1.930e-11
Metal1,194.9650,227.3600,Metal1,195.1950,227.3600,1.885e-11
Metal1,194.9650,235.2000,Metal1,195.1950,235.2000,1.893e-11
Metal1,194.9650,243.0400,Metal1,195.1950,243.0400,1.915e-11
Metal1,194.9700,62.7200,Metal1,195.3100,62.7200,4.183e-06
Metal1,195.0700,86.2400,Metal1,195.4100,86.2400,1.540e-07
Metal1,195.1950,23.5200,Metal1,197.8700,23.5200,2.043e-05
Metal1,195.1950,31.3600,Metal1,196.6450,31.3600,6.031e-08
Metal1,195.1950,39.2000,Metal1,196.6450,39.2000,4.011e-07
Metal1,195.1950,47.0400,Metal1,197.3300,47.0400,7.872e-06
Metal1,195.1950,54.8800,Metal1,196.6450,54.8800,3.749e-08
Metal1,195.1950,70.5600,Metal1,196.6450,70.5600,2.264e-08
Metal1,195.1950,78.4000,Metal1,196.6450,78.4000,9.515e-07
Metal1,195.1950,94.0800,Metal1,196.3450,94.0800,4.928e-07
Metal1,195.1950,101.9200,Metal1,196.6450,101.9200,6.844e-07
Metal1,195.1950,109.7600,Metal1,196.6450,109.7600,1.164e-06
Metal1,195.1950,117.6000,Metal1,195.5250,117.6000,1.984e-06
Metal1,195.1950,125.4400,Metal1,196.9050,125.4400,5.967e-06
Metal1,195.1950,133.2800,Metal1,196.6450,133.2800,1.834e-11
Metal1,195.1950,141.1200,Metal1,196.3650,141.1200,1.931e-11
Metal1,195.1950,148.9600,Metal1,197.2050,148.9600,8.190e-13
Metal1,195.1950,156.8000,Metal1,195.5250,156.8000,2.494e-11
Metal1,195.1950,164.6400,Metal1,196.6450,164.6400,1.830e-11
Metal1,195.1950,172.4800,Metal1,196.6450,172.4800,1.857e-11
Metal1,195.1950,180.3200,Metal1,196.6450,180.3200,1.960e-11
Metal1,195.1950,188.1600,Metal1,196.6450,188.1600,1.934e-11
Metal1,195.1950,196.0000,Metal1,196.6450,196.0000,1.947e-11
Metal1,195.1950,203.8400,Metal1,196.6450,203.8400,1.913e-11
Metal1,195.1950,211.6800,Metal1,196.6450,211.6800,1.938e-11
Metal1,195.1950,219.5200,Metal1,196.6450,219.5200,1.934e-11
Metal1,195.1950,227.3600,Metal1,196.6450,227.3600,1.890e-11
Metal1,195.1950,235.2000,Metal1,196.6450,235.2000,1.894e-11
Metal1,195.1950,243.0400,Metal1,196.6450,243.0400,1.916e-11
Metal1,195.3100,62.7200,Metal1,195.6300,62.7200,4.183e-06
Metal1,195.4100,86.2400,Metal1,195.6850,86.2400,1.540e-07
Metal1,195.5250,117.6000,Metal1,195.7550,117.6000,5.316e-07
Metal1,195.5250,156.8000,Metal1,195.7550,156.8000,6.755e-12
Metal1,195.6300,62.7200,Metal1,195.9700,62.7200,1.310e-05
Metal1,195.6850,86.2400,Metal1,195.9150,86.2400,1.876e-09
Metal1,195.7550,117.6000,Metal1,197.2050,117.6000,5.316e-07
Metal1,195.7550,156.8000,Metal1,197.2050,156.8000,6.681e-12
Metal1,195.9150,86.2400,Metal1,197.0650,86.2400,1.876e-09
Metal1,195.9700,62.7200,Metal1,197.5050,62.7200,5.497e-08
Metal1,196.3450,94.0800,Metal1,196.5750,94.0800,3.944e-06
Metal1,196.3650,141.1200,Metal1,196.5950,141.1200,3.564e-11
Metal1,196.5750,94.0800,Metal1,196.6450,94.0800,3.944e-06
Metal1,196.5950,141.1200,Metal1,197.2050,141.1200,3.560e-11
Metal1,196.6450,15.6800,Metal1,196.8750,15.6800,6.586e-07
Metal1,196.6450,31.3600,Metal1,196.8750,31.3600,1.524e-05
Metal1,196.6450,39.2000,Metal1,196.8750,39.2000,1.504e-06
Metal1,196.6450,54.8800,Metal1,196.8750,54.8800,9.474e-06
Metal1,196.6450,70.5600,Metal1,196.8750,70.5600,5.723e-06
Metal1,196.6450,78.4000,Metal1,196.8750,78.4000,3.568e-06
Metal1,196.6450,94.0800,Metal1,196.8750,94.0800,8.211e-06
Metal1,196.6450,101.9200,Metal1,196.8750,101.9200,2.570e-06
Metal1,196.6450,109.7600,Metal1,196.8750,109.7600,4.370e-06
Metal1,196.6450,133.2800,Metal1,196.8750,133.2800,6.881e-11
Metal1,196.6450,164.6400,Metal1,196.8750,164.6400,6.866e-11
Metal1,196.6450,172.4800,Metal1,196.8750,172.4800,6.963e-11
Metal1,196.6450,180.3200,Metal1,196.8750,180.3200,7.356e-11
Metal1,196.6450,188.1600,Metal1,196.8750,188.1600,7.260e-11
Metal1,196.6450,196.0000,Metal1,196.8750,196.0000,7.312e-11
Metal1,196.6450,203.8400,Metal1,196.8750,203.8400,7.171e-11
Metal1,196.6450,211.6800,Metal1,196.8750,211.6800,7.274e-11
Metal1,196.6450,219.5200,Metal1,196.8750,219.5200,7.252e-11
Metal1,196.6450,227.3600,Metal1,196.8750,227.3600,7.089e-11
Metal1,196.6450,235.2000,Metal1,196.8750,235.2000,7.104e-11
Metal1,196.6450,243.0400,Metal1,196.8750,243.0400,7.185e-11
Metal1,196.6450,250.8800,Metal1,196.8750,250.8800,1.905e-10
Metal1,196.8750,15.6800,Metal1,198.6300,15.6800,6.585e-07
Metal1,196.8750,31.3600,Metal1,197.8700,31.3600,1.524e-05
Metal1,196.8750,39.2000,Metal1,197.2050,39.2000,1.504e-06
Metal1,196.8750,54.8800,Metal1,198.1500,54.8800,9.474e-06
Metal1,196.8750,70.5600,Metal1,198.8850,70.5600,5.949e-07
Metal1,196.8750,78.4000,Metal1,197.2050,78.4000,3.568e-06
Metal1,196.8750,94.0800,Metal1,198.8850,94.0800,1.229e-05
Metal1,196.8750,101.9200,Metal1,197.2050,101.9200,2.570e-06
Metal1,196.8750,109.7600,Metal1,197.2050,109.7600,4.370e-06
Metal1,196.8750,133.2800,Metal1,197.2050,133.2800,6.876e-11
Metal1,196.8750,164.6400,Metal1,197.2050,164.6400,6.861e-11
Metal1,196.8750,172.4800,Metal1,197.2050,172.4800,6.964e-11
Metal1,196.8750,180.3200,Metal1,197.2050,180.3200,7.349e-11
Metal1,196.8750,188.1600,Metal1,197.2050,188.1600,7.249e-11
Metal1,196.8750,196.0000,Metal1,197.2050,196.0000,7.301e-11
Metal1,196.8750,203.8400,Metal1,197.2050,203.8400,7.175e-11
Metal1,196.8750,211.6800,Metal1,197.2050,211.6800,7.271e-11
Metal1,196.8750,219.5200,Metal1,197.2050,219.5200,7.253e-11
Metal1,196.8750,227.3600,Metal1,197.2050,227.3600,7.087e-11
Metal1,196.8750,235.2000,Metal1,197.2050,235.2000,7.102e-11
Metal1,196.8750,243.0400,Metal1,197.2050,243.0400,7.183e-11
Metal1,196.8750,250.8800,Metal1,198.6300,250.8800,1.805e-10
Metal1,196.9050,125.4400,Metal1,197.1350,125.4400,5.763e-07
Metal1,197.0650,86.2400,Metal1,197.2950,86.2400,3.477e-07
Metal1,197.1350,125.4400,Metal1,198.4300,125.4400,5.763e-07
Metal1,197.2050,39.2000,Metal1,197.4350,39.2000,6.177e-09
Metal1,197.2050,78.4000,Metal1,197.4350,78.4000,1.465e-08
Metal1,197.2050,101.9200,Metal1,197.4350,101.9200,2.229e-07
Metal1,197.2050,109.7600,Metal1,197.4350,109.7600,3.793e-07
Metal1,197.2050,117.6000,Metal1,197.4350,117.6000,1.985e-06
Metal1,197.2050,133.2800,Metal1,197.4350,133.2800,8.908e-13
Metal1,197.2050,141.1200,Metal1,197.4350,141.1200,1.485e-13
Metal1,197.2050,148.9600,Metal1,197.4350,148.9600,1.314e-11
Metal1,197.2050,156.8000,Metal1,197.4350,156.8000,2.494e-11
Metal1,197.2050,164.6400,Metal1,197.4350,164.6400,8.908e-13
Metal1,197.2050,172.4800,Metal1,197.4350,172.4800,8.165e-13
Metal1,197.2050,180.3200,Metal1,197.4350,180.3200,9.650e-13
Metal1,197.2050,188.1600,Metal1,197.4350,188.1600,8.908e-13
Metal1,197.2050,196.0000,Metal1,197.4350,196.0000,9.650e-13
Metal1,197.2050,203.8400,Metal1,197.4350,203.8400,1.039e-12
Metal1,197.2050,211.6800,Metal1,197.4350,211.6800,8.908e-13
Metal1,197.2050,219.5200,Metal1,197.4350,219.5200,9.650e-13
Metal1,197.2050,227.3600,Metal1,197.4350,227.3600,8.165e-13
Metal1,197.2050,235.2000,Metal1,197.4350,235.2000,8.908e-13
Metal1,197.2050,243.0400,Metal1,197.4350,243.0400,9.650e-13
Metal1,197.2950,86.2400,Metal1,200.1300,86.2400,3.477e-07
Metal1,197.3300,47.0400,Metal1,197.5600,47.0400,9.596e-08
Metal1,197.4350,39.2000,Metal1,198.8850,39.2000,6.177e-09
Metal1,197.4350,78.4000,Metal1,198.8850,78.4000,1.465e-08
Metal1,197.4350,101.9200,Metal1,198.8850,101.9200,5.436e-07
Metal1,197.4350,109.7600,Metal1,198.8850,109.7600,9.268e-07
Metal1,197.4350,117.6000,Metal1,197.7650,117.6000,1.985e-06
Metal1,197.4350,133.2800,Metal1,198.8850,133.2800,1.009e-12
Metal1,197.4350,141.1200,Metal1,199.4450,141.1200,1.326e-13
Metal1,197.4350,148.9600,Metal1,197.9850,148.9600,1.320e-11
Metal1,197.4350,156.8000,Metal1,197.7650,156.8000,2.494e-11
Metal1,197.4350,164.6400,Metal1,198.8850,164.6400,1.000e-12
Metal1,197.4350,172.4800,Metal1,198.8850,172.4800,9.025e-13
Metal1,197.4350,180.3200,Metal1,198.8850,180.3200,1.017e-12
Metal1,197.4350,188.1600,Metal1,198.8850,188.1600,9.882e-13
Metal1,197.4350,196.0000,Metal1,198.8850,196.0000,1.021e-12
Metal1,197.4350,203.8400,Metal1,198.8850,203.8400,1.013e-12
Metal1,197.4350,211.6800,Metal1,198.8850,211.6800,1.017e-12
Metal1,197.4350,219.5200,Metal1,198.8850,219.5200,1.009e-12
Metal1,197.4350,227.3600,Metal1,198.8850,227.3600,9.841e-13
Metal1,197.4350,235.2000,Metal1,198.8850,235.2000,1.005e-12
Metal1,197.4350,243.0400,Metal1,198.8850,243.0400,1.009e-12
Metal1,197.5050,62.7200,Metal1,197.6250,63.2650,3.301e-07
Metal1,197.5600,47.0400,Metal1,198.4300,47.0400,9.596e-08
Metal1,197.6250,63.2650,Metal1,197.7350,62.5025,3.301e-07
Metal1,197.7350,62.5025,Metal1,197.8550,62.7200,5.495e-07
Metal1,197.7650,117.6000,Metal1,197.9950,117.6000,5.402e-07
Metal1,197.7650,156.8000,Metal1,197.9950,156.8000,6.681e-12
Metal1,197.8550,62.7200,Metal1,199.7050,62.7200,5.495e-07
Metal1,197.8700,23.5200,Metal1,198.2100,23.5200,7.799e-08
Metal1,197.8700,31.3600,Metal1,198.2100,31.3600,1.689e-07
Metal1,197.9850,148.9600,Metal1,198.2150,148.9600,6.121e-12
Metal1,197.9950,117.6000,Metal1,199.4450,117.6000,5.402e-07
Metal1,197.9950,156.8000,Metal1,199.4450,156.8000,6.677e-12
Metal1,198.1500,54.8800,Metal1,198.4900,54.8800,7.560e-07
Metal1,198.2100,23.5200,Metal1,199.8650,23.5200,7.799e-08
Metal1,198.2100,31.3600,Metal1,198.8850,31.3600,1.689e-07
Metal1,198.2150,148.9600,Metal1,199.4450,148.9600,6.037e-12
Metal1,198.4300,47.0400,Metal1,198.7700,47.0400,2.484e-08
Metal1,198.4300,125.4400,Metal1,198.7700,125.4400,4.578e-06
Metal1,198.4900,54.8800,Metal1,198.8850,54.8800,8.214e-06
Metal1,198.6300,15.6800,Metal1,198.8850,14.8350,6.585e-07
Metal1,198.6300,250.8800,Metal1,198.9700,250.8800,1.703e-10
Metal1,198.7700,47.0400,Metal1,200.4250,47.0400,2.484e-08
Metal1,198.7700,125.4400,Metal1,200.4250,125.4400,4.563e-07
Metal1,198.8850,14.8350,Metal1,198.9700,16.2450,6.585e-07
Metal1,198.8850,31.3600,Metal1,199.1150,31.3600,4.782e-08
Metal1,198.8850,39.2000,Metal1,199.1150,39.2000,1.280e-09
Metal1,198.8850,54.8800,Metal1,199.1150,54.8800,2.605e-08
Metal1,198.8850,70.5600,Metal1,199.1150,70.5600,2.329e-06
Metal1,198.8850,78.4000,Metal1,199.1150,78.4000,3.039e-09
Metal1,198.8850,94.0800,Metal1,199.1150,94.0800,3.906e-08
Metal1,198.8850,101.9200,Metal1,199.1150,101.9200,1.890e-06
Metal1,198.8850,109.7600,Metal1,199.1150,109.7600,3.222e-06
Metal1,198.8850,133.2800,Metal1,199.1150,133.2800,2.598e-12
Metal1,198.8850,164.6400,Metal1,199.1150,164.6400,2.598e-12
Metal1,198.8850,172.4800,Metal1,199.1150,172.4800,2.153e-12
Metal1,198.8850,180.3200,Metal1,199.1150,180.3200,2.524e-12
Metal1,198.8850,188.1600,Metal1,199.1150,188.1600,2.450e-12
Metal1,198.8850,196.0000,Metal1,199.1150,196.0000,2.598e-12
Metal1,198.8850,203.8400,Metal1,199.1150,203.8400,2.598e-12
Metal1,198.8850,211.6800,Metal1,199.1150,211.6800,2.524e-12
Metal1,198.8850,219.5200,Metal1,199.1150,219.5200,2.524e-12
Metal1,198.8850,227.3600,Metal1,199.1150,227.3600,2.450e-12
Metal1,198.8850,235.2000,Metal1,199.1150,235.2000,2.524e-12
Metal1,198.8850,243.0400,Metal1,199.1150,243.0400,2.524e-12
Metal1,198.9700,16.2450,Metal1,199.1150,15.6800,1.873e-09
Metal1,198.9700,250.8800,Metal1,201.1250,250.8800,1.703e-10
Metal1,199.1150,15.6800,Metal1,201.1250,15.6800,2.176e-09
Metal1,199.1150,31.3600,Metal1,199.8650,31.3600,4.782e-08
Metal1,199.1150,39.2000,Metal1,199.4450,39.2000,1.280e-09
Metal1,199.1150,54.8800,Metal1,201.1250,54.8800,2.605e-08
Metal1,199.1150,70.5600,Metal1,199.5250,70.5600,2.329e-06
Metal1,199.1150,78.4000,Metal1,199.4450,78.4000,3.039e-09
Metal1,199.1150,94.0800,Metal1,201.1250,94.0800,3.906e-08
Metal1,199.1150,101.9200,Metal1,199.4450,101.9200,1.890e-06
Metal1,199.1150,109.7600,Metal1,199.4450,109.7600,3.222e-06
Metal1,199.1150,133.2800,Metal1,199.4450,133.2800,2.584e-12
Metal1,199.1150,164.6400,Metal1,199.4450,164.6400,2.566e-12
Metal1,199.1150,172.4800,Metal1,199.4450,172.4800,2.207e-12
Metal1,199.1150,180.3200,Metal1,199.4450,180.3200,2.566e-12
Metal1,199.1150,188.1600,Metal1,199.4450,188.1600,2.440e-12
Metal1,199.1150,196.0000,Metal1,199.4450,196.0000,2.584e-12
Metal1,199.1150,203.8400,Metal1,199.4450,203.8400,2.602e-12
Metal1,199.1150,211.6800,Metal1,199.4450,211.6800,2.566e-12
Metal1,199.1150,219.5200,Metal1,199.4450,219.5200,2.548e-12
Metal1,199.1150,227.3600,Metal1,199.4450,227.3600,2.440e-12
Metal1,199.1150,235.2000,Metal1,199.4450,235.2000,2.566e-12
Metal1,199.1150,243.0400,Metal1,199.4450,243.0400,2.548e-12
Metal1,199.4450,39.2000,Metal1,199.6750,39.2000,3.197e-10
Metal1,199.4450,78.4000,Metal1,199.6750,78.4000,7.594e-10
Metal1,199.4450,101.9200,Metal1,199.6750,101.9200,5.140e-07
Metal1,199.4450,109.7600,Metal1,199.6750,109.7600,8.763e-07
Metal1,199.4450,117.6000,Metal1,199.6750,117.6000,6.194e-09
Metal1,199.4450,133.2800,Metal1,199.6750,133.2800,6.681e-13
Metal1,199.4450,141.1200,Metal1,199.6750,141.1200,6.978e-12
Metal1,199.4450,148.9600,Metal1,199.6750,148.9600,5.909e-11
Metal1,199.4450,156.8000,Metal1,199.6750,156.8000,2.494e-11
Metal1,199.4450,164.6400,Metal1,199.6750,164.6400,6.681e-13
Metal1,199.4450,172.4800,Metal1,199.6750,172.4800,5.938e-13
Metal1,199.4450,180.3200,Metal1,199.6750,180.3200,6.681e-13
Metal1,199.4450,188.1600,Metal1,199.6750,188.1600,6.681e-13
Metal1,199.4450,196.0000,Metal1,199.6750,196.0000,7.423e-13
Metal1,199.4450,203.8400,Metal1,199.6750,203.8400,7.423e-13
Metal1,199.4450,211.6800,Metal1,199.6750,211.6800,7.423e-13
Metal1,199.4450,219.5200,Metal1,199.6750,219.5200,7.423e-13
Metal1,199.4450,227.3600,Metal1,199.6750,227.3600,6.681e-13
Metal1,199.4450,235.2000,Metal1,199.6750,235.2000,6.681e-13
Metal1,199.4450,243.0400,Metal1,199.6750,243.0400,7.423e-13
Metal1,199.5250,70.5600,Metal1,199.7550,70.5600,7.916e-07
Metal1,199.6750,39.2000,Metal1,201.1250,39.2000,3.197e-10
Metal1,199.6750,78.4000,Metal1,201.1250,78.4000,7.594e-10
Metal1,199.6750,101.9200,Metal1,201.1250,101.9200,5.140e-07
Metal1,199.6750,109.7600,Metal1,201.1250,109.7600,8.763e-07
Metal1,199.6750,117.6000,Metal1,200.0050,117.6000,6.194e-09
Metal1,199.6750,133.2800,Metal1,201.1250,133.2800,7.065e-13
Metal1,199.6750,141.1200,Metal1,200.0050,141.1200,6.962e-12
Metal1,199.6750,148.9600,Metal1,199.7250,148.9600,5.898e-11
Metal1,199.6750,156.8000,Metal1,200.0050,156.8000,2.496e-11
Metal1,199.6750,164.6400,Metal1,201.1250,164.6400,7.065e-13
Metal1,199.6750,172.4800,Metal1,201.1250,172.4800,6.003e-13
Metal1,199.6750,180.3200,Metal1,201.1250,180.3200,6.942e-13
Metal1,199.6750,188.1600,Metal1,201.1250,188.1600,6.697e-13
Metal1,199.6750,196.0000,Metal1,201.1250,196.0000,7.065e-13
Metal1,199.6750,203.8400,Metal1,201.1250,203.8400,7.065e-13
Metal1,199.6750,211.6800,Metal1,201.1250,211.6800,6.942e-13
Metal1,199.6750,219.5200,Metal1,201.1250,219.5200,6.901e-13
Metal1,199.6750,227.3600,Metal1,201.1250,227.3600,6.615e-13
Metal1,199.6750,235.2000,Metal1,201.1250,235.2000,6.983e-13
Metal1,199.6750,243.0400,Metal1,201.1250,243.0400,6.942e-13
Metal1,199.7050,62.7200,Metal1,199.9350,62.7200,1.748e-08
Metal1,199.7250,148.9600,Metal1,199.9550,148.9600,4.421e-12
Metal1,199.7550,70.5600,Metal1,201.1250,70.5600,7.916e-07
Metal1,199.8650,23.5200,Metal1,200.0950,23.5200,9.373e-07
Metal1,199.8650,31.3600,Metal1,200.0950,31.3600,3.516e-08
Metal1,199.9350,62.7200,Metal1,201.9500,62.7200,7.986e-07
Metal1,199.9550,148.9600,Metal1,201.6850,148.9600,4.449e-12
Metal1,200.0050,117.6000,Metal1,200.2350,117.6000,4.918e-10
Metal1,200.0050,141.1200,Metal1,200.2350,141.1200,2.969e-13
Metal1,200.0050,156.8000,Metal1,200.2350,156.8000,6.829e-12
Metal1,200.0950,23.5200,Metal1,200.9500,23.5200,9.373e-07
Metal1,200.0950,31.3600,Metal1,201.1250,31.3600,3.516e-08
Metal1,200.1300,86.2400,Metal1,200.3600,86.2400,3.326e-08
Metal1,200.2350,117.6000,Metal1,201.6850,117.6000,6.741e-10
Metal1,200.2350,141.1200,Metal1,201.6850,141.1200,2.005e-12
Metal1,200.2350,156.8000,Metal1,201.6850,156.8000,6.783e-12
Metal1,200.3600,86.2400,Metal1,201.3900,86.2400,9.977e-07
Metal1,200.4250,47.0400,Metal1,200.6550,47.0400,2.793e-07
Metal1,200.4250,125.4400,Metal1,200.6550,125.4400,1.317e-09
Metal1,200.6550,47.0400,Metal1,201.3850,47.0400,2.793e-07
Metal1,200.6550,125.4400,Metal1,202.8050,125.4400,1.317e-09
Metal1,200.9500,23.5200,Metal1,201.2900,23.5200,2.630e-08
Metal1,201.1250,15.6800,Metal1,201.3550,15.6800,1.127e-08
Metal1,201.1250,31.3600,Metal1,201.3550,31.3600,2.504e-09
Metal1,201.1250,39.2000,Metal1,201.3550,39.2000,8.210e-11
Metal1,201.1250,54.8800,Metal1,201.3550,54.8800,2.721e-09
Metal1,201.1250,70.5600,Metal1,201.3550,70.5600,1.265e-07
Metal1,201.1250,78.4000,Metal1,201.3550,78.4000,1.950e-10
Metal1,201.1250,94.0800,Metal1,201.3550,94.0800,2.998e-08
Metal1,201.1250,101.9200,Metal1,201.3550,101.9200,1.309e-07
Metal1,201.1250,109.7600,Metal1,201.3550,109.7600,2.232e-07
Metal1,201.1250,133.2800,Metal1,201.3550,133.2800,2.227e-13
Metal1,201.1250,164.6400,Metal1,201.3550,164.6400,1.485e-13
Metal1,201.1250,172.4800,Metal1,201.3550,172.4800,1.485e-13
Metal1,201.1250,180.3200,Metal1,201.3550,180.3200,7.423e-14
Metal1,201.1250,188.1600,Metal1,201.3550,188.1600,1.485e-13
Metal1,201.1250,196.0000,Metal1,201.3550,196.0000,1.485e-13
Metal1,201.1250,203.8400,Metal1,201.3550,203.8400,2.227e-13
Metal1,201.1250,211.6800,Metal1,201.3550,211.6800,1.485e-13
Metal1,201.1250,219.5200,Metal1,201.3550,219.5200,1.485e-13
Metal1,201.1250,227.3600,Metal1,201.3550,227.3600,7.423e-14
Metal1,201.1250,235.2000,Metal1,201.3550,235.2000,7.423e-14
Metal1,201.1250,243.0400,Metal1,201.3550,243.0400,1.485e-13
Metal1,201.1250,250.8800,Metal1,201.3550,250.8800,5.196e-13
Metal1,201.2900,23.5200,Metal1,204.1900,23.5200,3.220e-07
Metal1,201.3550,15.6800,Metal1,202.4050,15.6800,1.126e-08
Metal1,201.3550,31.3600,Metal1,203.3650,31.3600,1.914e-10
Metal1,201.3550,39.2000,Metal1,201.6850,39.2000,1.466e-09
Metal1,201.3550,54.8800,Metal1,203.3650,54.8800,1.195e-08
Metal1,201.3550,70.5600,Metal1,202.2450,70.5600,9.749e-07
Metal1,201.3550,78.4000,Metal1,201.6850,78.4000,3.483e-09
Metal1,201.3550,94.0800,Metal1,203.1900,94.0800,3.796e-07
Metal1,201.3550,101.9200,Metal1,201.6850,101.9200,2.341e-06
Metal1,201.3550,109.7600,Metal1,201.6850,109.7600,3.993e-06
Metal1,201.3550,133.2800,Metal1,201.6850,133.2800,3.230e-12
Metal1,201.3550,164.6400,Metal1,201.6850,164.6400,3.230e-12
Metal1,201.3550,172.4800,Metal1,201.6850,172.4800,2.727e-12
Metal1,201.3550,180.3200,Metal1,201.6850,180.3200,3.194e-12
Metal1,201.3550,188.1600,Metal1,201.6850,188.1600,3.086e-12
Metal1,201.3550,196.0000,Metal1,201.6850,196.0000,3.230e-12
Metal1,201.3550,203.8400,Metal1,201.6850,203.8400,3.194e-12
Metal1,201.3550,211.6800,Metal1,201.6850,211.6800,3.212e-12
Metal1,201.3550,219.5200,Metal1,201.6850,219.5200,3.176e-12
Metal1,201.3550,227.3600,Metal1,201.6850,227.3600,3.050e-12
Metal1,201.3550,235.2000,Metal1,201.6850,235.2000,3.194e-12
Metal1,201.3550,243.0400,Metal1,201.6850,243.0400,3.212e-12
Metal1,201.3550,250.8800,Metal1,203.3650,250.8800,5.332e-13
Metal1,201.3850,47.0400,Metal1,201.6150,47.0400,1.415e-08
Metal1,201.3900,86.2400,Metal1,201.7300,86.2400,4.508e-08
Metal1,201.6150,47.0400,Metal1,204.7500,47.0400,7.766e-08
Metal1,201.6850,39.2000,Metal1,201.9150,39.2000,8.091e-11
Metal1,201.6850,78.4000,Metal1,201.9150,78.4000,1.920e-10
Metal1,201.6850,101.9200,Metal1,201.9150,101.9200,5.316e-07
Metal1,201.6850,109.7600,Metal1,201.9150,109.7600,8.792e-07
Metal1,201.6850,117.6000,Metal1,201.9150,117.6000,1.534e-10
Metal1,201.6850,133.2800,Metal1,201.9150,133.2800,1.485e-13
Metal1,201.6850,141.1200,Metal1,201.9150,141.1200,4.454e-13
Metal1,201.6850,148.9600,Metal1,201.9150,148.9600,7.423e-14
Metal1,201.6850,156.8000,Metal1,201.9150,156.8000,1.633e-12
Metal1,201.6850,164.6400,Metal1,201.9150,164.6400,1.485e-13
Metal1,201.6850,172.4800,Metal1,201.9150,172.4800,2.969e-13
Metal1,201.6850,180.3200,Metal1,201.9150,180.3200,2.227e-13
Metal1,201.6850,188.1600,Metal1,201.9150,188.1600,7.423e-14
Metal1,201.6850,196.0000,Metal1,201.9150,196.0000,2.227e-13
Metal1,201.6850,203.8400,Metal1,201.9150,203.8400,2.227e-13
Metal1,201.6850,211.6800,Metal1,201.9150,211.6800,1.485e-13
Metal1,201.6850,219.5200,Metal1,201.9150,219.5200,7.423e-14
Metal1,201.6850,227.3600,Metal1,201.9150,227.3600,2.969e-13
Metal1,201.6850,235.2000,Metal1,201.9150,235.2000,2.227e-13
Metal1,201.6850,243.0400,Metal1,201.9150,243.0400,1.485e-13
Metal1,201.7300,86.2400,Metal1,205.6050,86.2400,3.170e-11
Metal1,201.9150,39.2000,Metal1,203.3650,39.2000,3.376e-10
Metal1,201.9150,78.4000,Metal1,203.3650,78.4000,8.019e-10
Metal1,201.9150,101.9200,Metal1,203.3650,101.9200,5.316e-07
Metal1,201.9150,109.7600,Metal1,203.3650,109.7600,8.792e-07
Metal1,201.9150,117.6000,Metal1,202.2450,117.6000,2.817e-09
Metal1,201.9150,133.2800,Metal1,203.3650,133.2800,7.391e-13
Metal1,201.9150,141.1200,Metal1,202.2450,141.1200,8.720e-12
Metal1,201.9150,148.9600,Metal1,203.3650,148.9600,1.160e-12
Metal1,201.9150,156.8000,Metal1,202.2450,156.8000,3.018e-11
Metal1,201.9150,164.6400,Metal1,203.3650,164.6400,7.391e-13
Metal1,201.9150,172.4800,Metal1,203.3650,172.4800,6.289e-13
Metal1,201.9150,180.3200,Metal1,203.3650,180.3200,7.350e-13
Metal1,201.9150,188.1600,Metal1,203.3650,188.1600,6.983e-13
Metal1,201.9150,196.0000,Metal1,203.3650,196.0000,7.391e-13
Metal1,201.9150,203.8400,Metal1,203.3650,203.8400,7.350e-13
Metal1,201.9150,211.6800,Metal1,203.3650,211.6800,7.350e-13
Metal1,201.9150,219.5200,Metal1,203.3650,219.5200,7.269e-13
Metal1,201.9150,227.3600,Metal1,203.3650,227.3600,7.065e-13
Metal1,201.9150,235.2000,Metal1,203.3650,235.2000,7.391e-13
Metal1,201.9150,243.0400,Metal1,203.3650,243.0400,7.310e-13
Metal1,201.9500,62.7200,Metal1,202.2900,62.7200,3.608e-08
Metal1,202.2450,70.5600,Metal1,202.4750,70.5600,8.883e-07
Metal1,202.2450,117.6000,Metal1,202.4750,117.6000,2.693e-09
Metal1,202.2450,141.1200,Metal1,202.4750,141.1200,7.349e-12
Metal1,202.2450,156.8000,Metal1,202.4750,156.8000,4.387e-11
Metal1,202.2900,62.7200,Metal1,205.6050,62.7200,2.143e-14
Metal1,202.4050,15.6800,Metal1,202.6350,15.6800,9.472e-09
Metal1,202.4750,70.5600,Metal1,203.3650,70.5600,8.883e-07
Metal1,202.4750,117.6000,Metal1,203.9250,117.6000,4.952e-10
Metal1,202.4750,141.1200,Metal1,203.9250,141.1200,2.377e-12
Metal1,202.4750,156.8000,Metal1,203.9250,156.8000,4.496e-12
Metal1,202.6350,15.6800,Metal1,203.3650,15.6800,9.472e-09
Metal1,202.8050,125.4400,Metal1,203.0350,125.4400,9.516e-11
Metal1,203.0350,125.4400,Metal1,204.7500,125.4400,1.032e-11
Metal1,203.1900,94.0800,Metal1,203.3650,93.6650,4.885e-07
Metal1,203.3650,15.6800,Metal1,203.5950,15.6800,4.483e-08
Metal1,203.3650,31.3600,Metal1,203.5950,31.3600,6.058e-08
Metal1,203.3650,39.2000,Metal1,203.5950,39.2000,1.177e-09
Metal1,203.3650,54.8800,Metal1,203.5950,54.8800,3.624e-06
Metal1,203.3650,70.5600,Metal1,203.5950,70.5600,8.888e-07
Metal1,203.3650,78.4000,Metal1,203.5950,78.4000,2.796e-09
Metal1,203.3650,93.6650,Metal1,203.5300,94.6450,7.954e-08
Metal1,203.3650,101.9200,Metal1,203.5950,101.9200,4.398e-06
Metal1,203.3650,109.7600,Metal1,203.5950,109.7600,1.201e-06
Metal1,203.3650,133.2800,Metal1,203.5950,133.2800,2.598e-12
Metal1,203.3650,148.9600,Metal1,203.5950,148.9600,2.227e-13
Metal1,203.3650,164.6400,Metal1,203.5950,164.6400,2.524e-12
Metal1,203.3650,172.4800,Metal1,203.5950,172.4800,2.153e-12
Metal1,203.3650,180.3200,Metal1,203.5950,180.3200,2.524e-12
Metal1,203.3650,188.1600,Metal1,203.5950,188.1600,2.450e-12
Metal1,203.3650,196.0000,Metal1,203.5950,196.0000,2.524e-12
Metal1,203.3650,203.8400,Metal1,203.5950,203.8400,2.524e-12
Metal1,203.3650,211.6800,Metal1,203.5950,211.6800,2.524e-12
Metal1,203.3650,219.5200,Metal1,203.5950,219.5200,2.524e-12
Metal1,203.3650,227.3600,Metal1,203.5950,227.3600,2.450e-12
Metal1,203.3650,235.2000,Metal1,203.5950,235.2000,2.524e-12
Metal1,203.3650,243.0400,Metal1,203.5950,243.0400,2.598e-12
Metal1,203.3650,250.8800,Metal1,203.5950,250.8800,1.485e-13
Metal1,203.5300,94.6450,Metal1,203.5950,94.0800,7.954e-08
Metal1,203.5950,15.6800,Metal1,205.6050,15.6800,1.953e-09
Metal1,203.5950,31.3600,Metal1,204.1900,31.3600,6.058e-08
Metal1,203.5950,39.2000,Metal1,203.9250,39.2000,1.177e-09
Metal1,203.5950,54.8800,Metal1,203.9250,54.8800,3.624e-06
Metal1,203.5950,70.5600,Metal1,204.4850,70.5600,8.888e-07
Metal1,203.5950,78.4000,Metal1,203.9250,78.4000,2.796e-09
Metal1,203.5950,94.0800,Metal1,205.6050,94.0800,3.117e-07
Metal1,203.5950,101.9200,Metal1,203.9300,101.9200,4.398e-06
Metal1,203.5950,109.7600,Metal1,205.1500,109.7600,1.201e-06
Metal1,203.5950,133.2800,Metal1,203.9250,133.2800,2.602e-12
Metal1,203.5950,148.9600,Metal1,203.9250,148.9600,4.934e-12
Metal1,203.5950,164.6400,Metal1,203.9250,164.6400,2.584e-12
Metal1,203.5950,172.4800,Metal1,203.9250,172.4800,2.207e-12
Metal1,203.5950,180.3200,Metal1,203.9250,180.3200,2.584e-12
Metal1,203.5950,188.1600,Metal1,203.9250,188.1600,2.476e-12
Metal1,203.5950,196.0000,Metal1,203.9250,196.0000,2.584e-12
Metal1,203.5950,203.8400,Metal1,203.9250,203.8400,2.566e-12
Metal1,203.5950,211.6800,Metal1,203.9250,211.6800,2.566e-12
Metal1,203.5950,219.5200,Metal1,203.9250,219.5200,2.566e-12
Metal1,203.5950,227.3600,Metal1,203.9250,227.3600,2.476e-12
Metal1,203.5950,235.2000,Metal1,203.9250,235.2000,2.602e-12
Metal1,203.5950,243.0400,Metal1,203.9250,243.0400,2.566e-12
Metal1,203.5950,250.8800,Metal1,205.6050,250.8800,5.892e-15
Metal1,203.9250,39.2000,Metal1,204.1550,39.2000,3.150e-10
Metal1,203.9250,54.8800,Metal1,204.1550,54.8800,9.665e-07
Metal1,203.9250,78.4000,Metal1,204.1550,78.4000,7.483e-10
Metal1,203.9250,117.6000,Metal1,204.1550,117.6000,1.681e-09
Metal1,203.9250,133.2800,Metal1,204.1550,133.2800,7.423e-13
Metal1,203.9250,141.1200,Metal1,204.1550,141.1200,8.611e-12
Metal1,203.9250,148.9600,Metal1,204.1550,148.9600,1.039e-12
Metal1,203.9250,156.8000,Metal1,204.1550,156.8000,1.470e-11
Metal1,203.9250,164.6400,Metal1,204.1550,164.6400,7.423e-13
Metal1,203.9250,172.4800,Metal1,204.1550,172.4800,5.938e-13
Metal1,203.9250,180.3200,Metal1,204.1550,180.3200,6.681e-13
Metal1,203.9250,188.1600,Metal1,204.1550,188.1600,6.681e-13
Metal1,203.9250,196.0000,Metal1,204.1550,196.0000,6.681e-13
Metal1,203.9250,203.8400,Metal1,204.1550,203.8400,7.423e-13
Metal1,203.9250,211.6800,Metal1,204.1550,211.6800,6.681e-13
Metal1,203.9250,219.5200,Metal1,204.1550,219.5200,7.423e-13
Metal1,203.9250,227.3600,Metal1,204.1550,227.3600,6.681e-13
Metal1,203.9250,235.2000,Metal1,204.1550,235.2000,6.681e-13
Metal1,203.9250,243.0400,Metal1,204.1550,243.0400,6.681e-13
Metal1,203.9300,101.9200,Metal1,204.2700,101.9200,8.655e-08
Metal1,204.1550,39.2000,Metal1,205.6050,39.2000,3.150e-10
Metal1,204.1550,54.8800,Metal1,205.6050,54.8800,9.665e-07
Metal1,204.1550,78.4000,Metal1,205.6050,78.4000,7.483e-10
Metal1,204.1550,117.6000,Metal1,204.4850,117.6000,1.681e-09
Metal1,204.1550,133.2800,Metal1,205.6050,133.2800,6.942e-13
Metal1,204.1550,141.1200,Metal1,204.4850,141.1200,8.523e-12
Metal1,204.1550,148.9600,Metal1,205.6050,148.9600,1.066e-12
Metal1,204.1550,156.8000,Metal1,204.4850,156.8000,1.482e-11
Metal1,204.1550,164.6400,Metal1,205.6050,164.6400,6.860e-13
Metal1,204.1550,172.4800,Metal1,205.6050,172.4800,5.921e-13
Metal1,204.1550,180.3200,Metal1,205.6050,180.3200,6.901e-13
Metal1,204.1550,188.1600,Metal1,205.6050,188.1600,6.615e-13
Metal1,204.1550,196.0000,Metal1,205.6050,196.0000,6.860e-13
Metal1,204.1550,203.8400,Metal1,205.6050,203.8400,6.820e-13
Metal1,204.1550,211.6800,Metal1,205.6050,211.6800,6.901e-13
Metal1,204.1550,219.5200,Metal1,205.6050,219.5200,6.820e-13
Metal1,204.1550,227.3600,Metal1,205.6050,227.3600,6.615e-13
Metal1,204.1550,235.2000,Metal1,205.6050,235.2000,6.942e-13
Metal1,204.1550,243.0400,Metal1,205.6050,243.0400,6.942e-13
Metal1,204.1900,23.5200,Metal1,204.5300,23.5200,1.397e-08
Metal1,204.1900,31.3600,Metal1,204.5300,31.3600,9.096e-10
Metal1,204.2700,101.9200,Metal1,205.6050,101.9200,1.393e-06
Metal1,204.4850,70.5600,Metal1,204.7150,70.5600,8.944e-07
Metal1,204.4850,117.6000,Metal1,204.7150,117.6000,5.053e-10
Metal1,204.4850,141.1200,Metal1,204.7150,141.1200,7.200e-12
Metal1,204.4850,156.8000,Metal1,204.7150,156.8000,1.351e-11
Metal1,204.5300,23.5200,Metal1,206.4700,23.5200,1.292e-08
Metal1,204.5300,31.3600,Metal1,205.6050,31.3600,4.045e-08
Metal1,204.7150,70.5600,Metal1,205.6050,70.5600,8.944e-07
Metal1,204.7150,117.6000,Metal1,206.1650,117.6000,4.952e-10
Metal1,204.7150,141.1200,Metal1,206.1650,141.1200,2.801e-12
Metal1,204.7150,156.8000,Metal1,206.1650,156.8000,3.557e-12
Metal1,204.7500,47.0400,Metal1,205.0900,47.0400,2.819e-09
Metal1,204.7500,125.4400,Metal1,205.0450,124.9800,5.759e-13
Metal1,205.0450,124.9800,Metal1,205.0900,126.0050,5.810e-13
Metal1,205.0900,47.0400,Metal1,206.4700,47.0400,1.526e-08
Metal1,205.0900,126.0050,Metal1,205.2750,125.4400,1.540e-11
Metal1,205.1500,109.7600,Metal1,205.4900,109.7600,6.983e-06
Metal1,205.2750,125.4400,Metal1,206.4700,125.4400,5.198e-12
Metal1,205.4900,109.7600,Metal1,205.6050,109.7600,6.983e-06
Metal1,205.6050,15.6800,Metal1,205.8350,15.6800,5.196e-13
Metal1,205.6050,31.3600,Metal1,205.8350,31.3600,3.529e-07
Metal1,205.6050,39.2000,Metal1,205.8350,39.2000,1.268e-09
Metal1,205.6050,54.8800,Metal1,205.8350,54.8800,3.624e-06
Metal1,205.6050,62.7200,Metal1,205.8350,62.7200,0.000e+00
Metal1,205.6050,70.5600,Metal1,205.8350,70.5600,6.945e-08
Metal1,205.6050,78.4000,Metal1,205.8350,78.4000,3.011e-09
Metal1,205.6050,86.2400,Metal1,205.8350,86.2400,4.164e-11
Metal1,205.6050,94.0800,Metal1,205.8350,94.0800,1.103e-05
Metal1,205.6050,101.9200,Metal1,205.8350,101.9200,2.880e-08
Metal1,205.6050,109.7600,Metal1,205.8350,109.7600,1.713e-06
Metal1,205.6050,133.2800,Metal1,205.8350,133.2800,2.375e-12
Metal1,205.6050,148.9600,Metal1,205.8350,148.9600,3.786e-12
Metal1,205.6050,164.6400,Metal1,205.8350,164.6400,2.375e-12
Metal1,205.6050,172.4800,Metal1,205.8350,172.4800,2.078e-12
Metal1,205.6050,180.3200,Metal1,205.8350,180.3200,2.450e-12
Metal1,205.6050,188.1600,Metal1,205.8350,188.1600,2.301e-12
Metal1,205.6050,196.0000,Metal1,205.8350,196.0000,2.375e-12
Metal1,205.6050,203.8400,Metal1,205.8350,203.8400,2.375e-12
Metal1,205.6050,211.6800,Metal1,205.8350,211.6800,2.375e-12
Metal1,205.6050,219.5200,Metal1,205.8350,219.5200,2.450e-12
Metal1,205.6050,227.3600,Metal1,205.8350,227.3600,2.301e-12
Metal1,205.6050,235.2000,Metal1,205.8350,235.2000,2.375e-12
Metal1,205.6050,243.0400,Metal1,205.8350,243.0400,2.301e-12
Metal1,205.6050,250.8800,Metal1,205.8350,250.8800,5.196e-13
Metal1,205.8350,15.6800,Metal1,206.4700,15.6800,4.942e-13
Metal1,205.8350,31.3600,Metal1,206.4700,31.3600,3.529e-07
Metal1,205.8350,39.2000,Metal1,206.1650,39.2000,1.268e-09
Metal1,205.8350,54.8800,Metal1,206.1650,54.8800,3.624e-06
Metal1,205.8350,62.7200,Metal1,206.4700,62.7200,5.595e-14
Metal1,205.8350,70.5600,Metal1,206.4700,70.5600,6.945e-08
Metal1,205.8350,78.4000,Metal1,206.1650,78.4000,3.011e-09
Metal1,205.8350,86.2400,Metal1,206.3850,86.2400,4.161e-11
Metal1,205.8350,94.0800,Metal1,206.4700,94.0800,1.103e-05
Metal1,205.8350,101.9200,Metal1,206.4650,101.9200,2.880e-08
Metal1,205.8350,109.7600,Metal1,206.4700,109.7600,1.713e-06
Metal1,205.8350,133.2800,Metal1,206.1650,133.2800,2.458e-12
Metal1,205.8350,148.9600,Metal1,206.1650,148.9600,3.894e-12
Metal1,205.8350,164.6400,Metal1,206.1650,164.6400,2.440e-12
Metal1,205.8350,172.4800,Metal1,206.1650,172.4800,2.028e-12
Metal1,205.8350,180.3200,Metal1,206.1650,180.3200,2.404e-12
Metal1,205.8350,188.1600,Metal1,206.1650,188.1600,2.333e-12
Metal1,205.8350,196.0000,Metal1,206.1650,196.0000,2.440e-12
Metal1,205.8350,203.8400,Metal1,206.1650,203.8400,2.422e-12
Metal1,205.8350,211.6800,Metal1,206.1650,211.6800,2.440e-12
Metal1,205.8350,219.5200,Metal1,206.1650,219.5200,2.386e-12
Metal1,205.8350,227.3600,Metal1,206.1650,227.3600,2.315e-12
Metal1,205.8350,235.2000,Metal1,206.1650,235.2000,2.458e-12
Metal1,205.8350,243.0400,Metal1,206.1650,243.0400,2.458e-12
Metal1,205.8350,250.8800,Metal1,207.8450,250.8800,5.037e-13
Metal1,206.1650,39.2000,Metal1,206.3950,39.2000,5.427e-09
Metal1,206.1650,54.8800,Metal1,206.3950,54.8800,1.695e-08
Metal1,206.1650,78.4000,Metal1,206.3950,78.4000,1.286e-08
Metal1,206.1650,117.6000,Metal1,206.3950,117.6000,8.733e-09
Metal1,206.1650,133.2800,Metal1,206.3950,133.2800,9.427e-12
Metal1,206.1650,141.1200,Metal1,206.3950,141.1200,9.427e-12
Metal1,206.1650,148.9600,Metal1,206.3950,148.9600,9.427e-12
Metal1,206.1650,156.8000,Metal1,206.3950,156.8000,9.427e-12
Metal1,206.1650,164.6400,Metal1,206.3950,164.6400,9.427e-12
Metal1,206.1650,172.4800,Metal1,206.3950,172.4800,9.427e-12
Metal1,206.1650,180.3200,Metal1,206.3950,180.3200,9.427e-12
Metal1,206.1650,188.1600,Metal1,206.3950,188.1600,9.427e-12
Metal1,206.1650,196.0000,Metal1,206.3950,196.0000,9.427e-12
Metal1,206.1650,203.8400,Metal1,206.3950,203.8400,9.427e-12
Metal1,206.1650,211.6800,Metal1,206.3950,211.6800,9.427e-12
Metal1,206.1650,219.5200,Metal1,206.3950,219.5200,9.427e-12
Metal1,206.1650,227.3600,Metal1,206.3950,227.3600,9.427e-12
Metal1,206.1650,235.2000,Metal1,206.3950,235.2000,9.353e-12
Metal1,206.1650,243.0400,Metal1,206.3950,243.0400,9.427e-12
Metal1,206.3850,86.2400,Metal1,206.4700,85.7475,4.161e-11
Metal1,206.3950,39.2000,Metal1,206.4700,39.2000,5.427e-09
Metal1,206.3950,54.8800,Metal1,206.4700,54.8800,1.695e-08
Metal1,206.3950,78.4000,Metal1,206.4700,78.4000,1.286e-08
Metal1,206.3950,117.6000,Metal1,206.4700,117.6000,8.734e-09
Metal1,206.3950,133.2800,Metal1,206.4700,133.2800,9.474e-12
Metal1,206.3950,141.1200,Metal1,206.4700,141.1200,9.474e-12
Metal1,206.3950,148.9600,Metal1,206.4700,148.9600,9.553e-12
Metal1,206.3950,156.8000,Metal1,206.4700,156.8000,9.474e-12
Metal1,206.3950,164.6400,Metal1,206.4700,164.6400,9.474e-12
Metal1,206.3950,172.4800,Metal1,206.4700,172.4800,9.474e-12
Metal1,206.3950,180.3200,Metal1,206.4700,180.3200,9.474e-12
Metal1,206.3950,188.1600,Metal1,206.4700,188.1600,9.474e-12
Metal1,206.3950,196.0000,Metal1,206.4700,196.0000,9.474e-12
Metal1,206.3950,203.8400,Metal1,206.4700,203.8400,9.474e-12
Metal1,206.3950,211.6800,Metal1,206.4700,211.6800,9.474e-12
Metal1,206.3950,219.5200,Metal1,206.4700,219.5200,9.474e-12
Metal1,206.3950,227.3600,Metal1,206.4700,227.3600,9.474e-12
Metal1,206.3950,235.2000,Metal1,206.4700,235.2000,9.474e-12
Metal1,206.3950,243.0400,Metal1,206.4700,243.0400,9.474e-12
Metal1,206.4650,101.9200,Metal1,206.4700,101.3750,2.880e-08
Metal1,206.4700,15.6800,Metal1,206.8100,15.6800,9.904e-12
Metal1,206.4700,23.5200,Metal1,206.8100,23.5200,1.291e-08
Metal1,206.4700,31.3600,Metal1,206.8100,31.3600,3.529e-07
Metal1,206.4700,39.2000,Metal1,206.8100,39.2000,5.417e-09
Metal1,206.4700,47.0400,Metal1,206.8100,47.0400,1.525e-08
Metal1,206.4700,54.8800,Metal1,206.8100,54.8800,1.694e-08
Metal1,206.4700,62.7200,Metal1,206.8100,62.7200,9.505e-12
Metal1,206.4700,70.5600,Metal1,206.7250,71.4050,6.944e-08
Metal1,206.4700,78.4000,Metal1,206.8100,78.4000,1.285e-08
Metal1,206.4700,85.7475,Metal1,206.6150,87.0850,9.520e-10
Metal1,206.4700,94.0800,Metal1,206.8100,94.0800,1.103e-05
Metal1,206.4700,101.3750,Metal1,206.6950,102.7650,5.261e-06
Metal1,206.4700,109.7600,Metal1,206.8100,109.7600,1.713e-06
Metal1,206.4700,117.6000,Metal1,206.8100,117.6000,8.723e-09
Metal1,206.4700,125.4400,Metal1,206.8100,125.4400,5.384e-12
Metal1,206.4700,133.2800,Metal1,206.8100,133.2800,7.312e-13
Metal1,206.4700,141.1200,Metal1,206.8100,141.1200,6.647e-13
Metal1,206.4700,148.9600,Metal1,206.8100,148.9600,7.312e-13
Metal1,206.4700,156.8000,Metal1,206.8100,156.8000,5.982e-13
Metal1,206.4700,164.6400,Metal1,206.8100,164.6400,7.312e-13
Metal1,206.4700,172.4800,Metal1,206.8100,172.4800,6.647e-13
Metal1,206.4700,180.3200,Metal1,206.8100,180.3200,6.647e-13
Metal1,206.4700,188.1600,Metal1,206.8100,188.1600,6.647e-13
Metal1,206.4700,196.0000,Metal1,206.8100,196.0000,6.647e-13
Metal1,206.4700,203.8400,Metal1,206.8100,203.8400,6.647e-13
Metal1,206.4700,211.6800,Metal1,206.8100,211.6800,7.312e-13
Metal1,206.4700,219.5200,Metal1,206.8100,219.5200,6.647e-13
Metal1,206.4700,227.3600,Metal1,206.8100,227.3600,6.647e-13
Metal1,206.4700,235.2000,Metal1,206.8100,235.2000,6.647e-13
Metal1,206.4700,243.0400,Metal1,206.8100,243.0400,6.647e-13
Metal1,206.6150,87.0850,Metal1,206.8100,86.2400,9.421e-10
Metal1,206.6950,102.7650,Metal1,206.8100,101.9200,5.261e-06
Metal1,206.7250,71.4050,Metal1,206.8100,69.9950,6.944e-08
Metal1,206.8100,15.6800,Metal1,207.8450,15.6800,9.937e-12
Metal1,206.8100,23.5200,Metal1,207.5450,23.5200,1.291e-08
Metal1,206.8100,31.3600,Metal1,208.9650,31.3600,3.529e-07
Metal1,206.8100,39.2000,Metal1,208.4050,39.2000,5.417e-09
Metal1,206.8100,47.0400,Metal1,208.9650,47.0400,1.525e-08
Metal1,206.8100,54.8800,Metal1,208.4050,54.8800,1.694e-08
Metal1,206.8100,62.7200,Metal1,206.9450,62.7200,9.474e-12
Metal1,206.8100,69.9950,Metal1,206.9550,70.5600,1.799e-10
Metal1,206.8100,78.4000,Metal1,208.4050,78.4000,1.285e-08
Metal1,206.8100,86.2400,Metal1,208.1250,86.2400,9.421e-10
Metal1,206.8100,94.0800,Metal1,208.9650,94.0800,1.103e-05
Metal1,206.8100,101.9200,Metal1,207.5450,101.9200,5.261e-06
Metal1,206.8100,109.7600,Metal1,207.1450,109.7600,1.713e-06
Metal1,206.8100,117.6000,Metal1,208.4050,117.6000,8.723e-09
Metal1,206.8100,125.4400,Metal1,208.9650,125.4400,5.427e-12
Metal1,206.8100,133.2800,Metal1,208.4050,133.2800,6.942e-13
Metal1,206.8100,141.1200,Metal1,208.4050,141.1200,6.942e-13
Metal1,206.8100,148.9600,Metal1,208.4050,148.9600,6.979e-13
Metal1,206.8100,156.8000,Metal1,208.4050,156.8000,6.645e-13
Metal1,206.8100,164.6400,Metal1,208.4050,164.6400,6.979e-13
Metal1,206.8100,172.4800,Metal1,208.4050,172.4800,6.905e-13
Metal1,206.8100,180.3200,Metal1,208.4050,180.3200,6.794e-13
Metal1,206.8100,188.1600,Metal1,208.4050,188.1600,6.868e-13
Metal1,206.8100,196.0000,Metal1,208.4050,196.0000,6.794e-13
Metal1,206.8100,203.8400,Metal1,208.4050,203.8400,6.905e-13
Metal1,206.8100,211.6800,Metal1,208.4050,211.6800,6.831e-13
Metal1,206.8100,219.5200,Metal1,208.4050,219.5200,6.905e-13
Metal1,206.8100,227.3600,Metal1,208.4050,227.3600,7.016e-13
Metal1,206.8100,235.2000,Metal1,208.4050,235.2000,6.831e-13
Metal1,206.8100,243.0400,Metal1,208.4050,243.0400,6.868e-13
Metal1,206.9450,62.7200,Metal1,207.1750,62.7200,3.577e-08
Metal1,206.9550,70.5600,Metal1,208.9650,70.5600,1.799e-10
Metal1,207.1450,109.7600,Metal1,207.3750,109.7600,6.530e-09
Metal1,207.1750,62.7200,Metal1,208.6850,62.7200,3.577e-08
Metal1,207.3750,109.7600,Metal1,208.9650,109.7600,6.530e-09
Metal1,207.5450,23.5200,Metal1,207.7750,23.5200,2.234e-08
Metal1,207.5450,101.9200,Metal1,207.7750,101.9200,6.438e-07
Metal1,207.7750,23.5200,Metal1,209.1850,23.5200,2.234e-08
Metal1,207.7750,101.9200,Metal1,211.8450,101.9200,9.498e-09
Metal1,207.8450,15.6800,Metal1,208.0750,15.6800,2.247e-10
Metal1,207.8450,250.8800,Metal1,208.0750,250.8800,1.605e-10
Metal1,208.0750,15.6800,Metal1,208.9650,15.6800,2.247e-10
Metal1,208.0750,250.8800,Metal1,210.0850,250.8800,1.025e-12
Metal1,208.1250,86.2400,Metal1,208.3550,86.2400,1.346e-06
Metal1,208.3550,86.2400,Metal1,208.9650,86.2400,1.346e-06
Metal1,208.4050,39.2000,Metal1,208.6350,39.2000,1.504e-06
Metal1,208.4050,54.8800,Metal1,208.6350,54.8800,1.084e-06
Metal1,208.4050,78.4000,Metal1,208.6350,78.4000,3.568e-06
Metal1,208.4050,117.6000,Metal1,208.6350,117.6000,2.423e-06
Metal1,208.4050,133.2800,Metal1,208.6350,133.2800,5.330e-11
Metal1,208.4050,141.1200,Metal1,208.6350,141.1200,5.567e-11
Metal1,208.4050,148.9600,Metal1,208.6350,148.9600,5.656e-11
Metal1,208.4050,156.8000,Metal1,208.6350,156.8000,5.760e-11
Metal1,208.4050,164.6400,Metal1,208.6350,164.6400,5.307e-11
Metal1,208.4050,172.4800,Metal1,208.6350,172.4800,5.523e-11
Metal1,208.4050,180.3200,Metal1,208.6350,180.3200,5.849e-11
Metal1,208.4050,188.1600,Metal1,208.6350,188.1600,5.679e-11
Metal1,208.4050,196.0000,Metal1,208.6350,196.0000,5.805e-11
Metal1,208.4050,203.8400,Metal1,208.6350,203.8400,5.627e-11
Metal1,208.4050,211.6800,Metal1,208.6350,211.6800,5.775e-11
Metal1,208.4050,219.5200,Metal1,208.6350,219.5200,5.745e-11
Metal1,208.4050,227.3600,Metal1,208.6350,227.3600,5.404e-11
Metal1,208.4050,235.2000,Metal1,208.6350,235.2000,5.597e-11
Metal1,208.4050,243.0400,Metal1,208.6350,243.0400,5.634e-11
Metal1,208.6350,39.2000,Metal1,208.9650,39.2000,1.504e-06
Metal1,208.6350,54.8800,Metal1,208.9650,54.8800,1.084e-06
Metal1,208.6350,78.4000,Metal1,208.9650,78.4000,3.568e-06
Metal1,208.6350,117.6000,Metal1,208.9650,117.6000,2.423e-06
Metal1,208.6350,133.2800,Metal1,208.9650,133.2800,5.322e-11
Metal1,208.6350,141.1200,Metal1,208.9650,141.1200,5.555e-11
Metal1,208.6350,148.9600,Metal1,208.9650,148.9600,5.656e-11
Metal1,208.6350,156.8000,Metal1,208.9650,156.8000,5.753e-11
Metal1,208.6350,164.6400,Metal1,208.9650,164.6400,5.308e-11
Metal1,208.6350,172.4800,Metal1,208.9650,172.4800,5.521e-11
Metal1,208.6350,180.3200,Metal1,208.9650,180.3200,5.844e-11
Metal1,208.6350,188.1600,Metal1,208.9650,188.1600,5.675e-11
Metal1,208.6350,196.0000,Metal1,208.9650,196.0000,5.796e-11
Metal1,208.6350,203.8400,Metal1,208.9650,203.8400,5.620e-11
Metal1,208.6350,211.6800,Metal1,208.9650,211.6800,5.763e-11
Metal1,208.6350,219.5200,Metal1,208.9650,219.5200,5.747e-11
Metal1,208.6350,227.3600,Metal1,208.9650,227.3600,5.401e-11
Metal1,208.6350,235.2000,Metal1,208.9650,235.2000,5.595e-11
Metal1,208.6350,243.0400,Metal1,208.9650,243.0400,5.627e-11
Metal1,208.6850,62.7200,Metal1,208.9150,62.7200,8.640e-06
Metal1,208.9150,62.7200,Metal1,208.9650,62.7200,8.640e-06
Metal1,208.9650,15.6800,Metal1,209.1950,15.6800,1.878e-11
Metal1,208.9650,31.3600,Metal1,209.1850,31.9250,1.674e-08
Metal1,208.9650,39.2000,Metal1,209.1950,39.2000,4.011e-07
Metal1,208.9650,47.0400,Metal1,209.1950,47.0400,8.666e-08
Metal1,208.9650,54.8800,Metal1,209.1950,54.8800,2.933e-07
Metal1,208.9650,62.7200,Metal1,209.1950,62.7200,2.781e-08
Metal1,208.9650,70.5600,Metal1,209.1950,70.5600,5.812e-09
Metal1,208.9650,78.4000,Metal1,209.1950,78.4000,9.515e-07
Metal1,208.9650,86.2400,Metal1,209.1950,86.2400,4.266e-09
Metal1,208.9650,94.0800,Metal1,209.1950,94.0800,1.756e-08
Metal1,208.9650,109.7600,Metal1,209.1950,109.7600,2.175e-11
Metal1,208.9650,117.6000,Metal1,209.1950,117.6000,1.243e-07
Metal1,208.9650,125.4400,Metal1,209.1950,125.4400,2.138e-11
Metal1,208.9650,133.2800,Metal1,209.1950,133.2800,1.425e-11
Metal1,208.9650,141.1200,Metal1,209.1950,141.1200,1.477e-11
Metal1,208.9650,148.9600,Metal1,209.1950,148.9600,1.507e-11
Metal1,208.9650,156.8000,Metal1,209.1950,156.8000,1.537e-11
Metal1,208.9650,164.6400,Metal1,209.1950,164.6400,1.418e-11
Metal1,208.9650,172.4800,Metal1,209.1950,172.4800,1.477e-11
Metal1,208.9650,180.3200,Metal1,209.1950,180.3200,1.559e-11
Metal1,208.9650,188.1600,Metal1,209.1950,188.1600,1.514e-11
Metal1,208.9650,196.0000,Metal1,209.1950,196.0000,1.544e-11
Metal1,208.9650,203.8400,Metal1,209.1950,203.8400,1.499e-11
Metal1,208.9650,211.6800,Metal1,209.1950,211.6800,1.537e-11
Metal1,208.9650,219.5200,Metal1,209.1950,219.5200,1.529e-11
Metal1,208.9650,227.3600,Metal1,209.1950,227.3600,1.440e-11
Metal1,208.9650,235.2000,Metal1,209.1950,235.2000,1.485e-11
Metal1,208.9650,243.0400,Metal1,209.1950,243.0400,1.499e-11
Metal1,209.1850,23.5200,Metal1,209.4150,23.5200,3.605e-07
Metal1,209.1850,31.9250,Metal1,209.1950,30.8675,1.674e-08
Metal1,209.1950,15.6800,Metal1,210.0850,15.6800,1.996e-13
Metal1,209.1950,30.8675,Metal1,209.4150,31.3600,1.683e-08
Metal1,209.1950,39.2000,Metal1,210.6450,39.2000,4.011e-07
Metal1,209.1950,47.0400,Metal1,209.7450,47.0400,8.666e-08
Metal1,209.1950,54.8800,Metal1,210.6450,54.8800,2.933e-07
Metal1,209.1950,62.7200,Metal1,211.2050,62.7200,2.781e-08
Metal1,209.1950,70.5600,Metal1,211.2050,70.5600,1.589e-10
Metal1,209.1950,78.4000,Metal1,210.6450,78.4000,9.515e-07
Metal1,209.1950,86.2400,Metal1,211.2050,86.2400,4.265e-09
Metal1,209.1950,94.0800,Metal1,211.2050,94.0800,1.756e-08
Metal1,209.1950,109.7600,Metal1,211.2050,109.7600,2.171e-11
Metal1,209.1950,117.6000,Metal1,210.6450,117.6000,6.881e-07
Metal1,209.1950,125.4400,Metal1,209.7450,125.4400,2.146e-11
Metal1,209.1950,133.2800,Metal1,210.6450,133.2800,1.421e-11
Metal1,209.1950,141.1200,Metal1,210.6450,141.1200,1.483e-11
Metal1,209.1950,148.9600,Metal1,210.6450,148.9600,1.509e-11
Metal1,209.1950,156.8000,Metal1,210.6450,156.8000,1.535e-11
Metal1,209.1950,164.6400,Metal1,210.6450,164.6400,1.417e-11
Metal1,209.1950,172.4800,Metal1,210.6450,172.4800,1.474e-11
Metal1,209.1950,180.3200,Metal1,210.6450,180.3200,1.560e-11
Metal1,209.1950,188.1600,Metal1,210.6450,188.1600,1.514e-11
Metal1,209.1950,196.0000,Metal1,210.6450,196.0000,1.547e-11
Metal1,209.1950,203.8400,Metal1,210.6450,203.8400,1.500e-11
Metal1,209.1950,211.6800,Metal1,210.6450,211.6800,1.539e-11
Metal1,209.1950,219.5200,Metal1,210.6450,219.5200,1.533e-11
Metal1,209.1950,227.3600,Metal1,210.6450,227.3600,1.442e-11
Metal1,209.1950,235.2000,Metal1,210.6450,235.2000,1.493e-11
Metal1,209.1950,243.0400,Metal1,210.6450,243.0400,1.502e-11
Metal1,209.4150,23.5200,Metal1,210.9250,23.5200,3.565e-08
Metal1,209.4150,31.3600,Metal1,210.9250,31.3600,1.683e-08
Metal1,209.7450,47.0400,Metal1,209.9750,47.0400,3.978e-08
Metal1,209.7450,125.4400,Metal1,209.9750,125.4400,9.793e-12
Metal1,209.9750,47.0400,Metal1,211.2050,47.0400,3.978e-08
Metal1,209.9750,125.4400,Metal1,211.2050,125.4400,9.811e-12
Metal1,210.0850,15.6800,Metal1,210.3150,15.6800,8.833e-12
Metal1,210.0850,250.8800,Metal1,210.3150,250.8800,1.508e-10
Metal1,210.3150,15.6800,Metal1,211.2050,15.6800,1.078e-12
Metal1,210.3150,250.8800,Metal1,212.0700,250.8800,1.406e-10
Metal1,210.6450,39.2000,Metal1,210.8750,39.2000,1.504e-06
Metal1,210.6450,54.8800,Metal1,210.8750,54.8800,7.471e-08
Metal1,210.6450,78.4000,Metal1,210.8750,78.4000,3.568e-06
Metal1,210.6450,117.6000,Metal1,210.8750,117.6000,2.499e-06
Metal1,210.6450,133.2800,Metal1,210.8750,133.2800,5.337e-11
Metal1,210.6450,141.1200,Metal1,210.8750,141.1200,5.567e-11
Metal1,210.6450,148.9600,Metal1,210.8750,148.9600,5.656e-11
Metal1,210.6450,156.8000,Metal1,210.8750,156.8000,5.768e-11
Metal1,210.6450,164.6400,Metal1,210.8750,164.6400,5.315e-11
Metal1,210.6450,172.4800,Metal1,210.8750,172.4800,5.530e-11
Metal1,210.6450,180.3200,Metal1,210.8750,180.3200,5.857e-11
Metal1,210.6450,188.1600,Metal1,210.8750,188.1600,5.686e-11
Metal1,210.6450,196.0000,Metal1,210.8750,196.0000,5.805e-11
Metal1,210.6450,203.8400,Metal1,210.8750,203.8400,5.627e-11
Metal1,210.6450,211.6800,Metal1,210.8750,211.6800,5.768e-11
Metal1,210.6450,219.5200,Metal1,210.8750,219.5200,5.760e-11
Metal1,210.6450,227.3600,Metal1,210.8750,227.3600,5.411e-11
Metal1,210.6450,235.2000,Metal1,210.8750,235.2000,5.604e-11
Metal1,210.6450,243.0400,Metal1,210.8750,243.0400,5.641e-11
Metal1,210.8750,39.2000,Metal1,211.2050,39.2000,1.504e-06
Metal1,210.8750,54.8800,Metal1,211.2050,54.8800,1.337e-06
Metal1,210.8750,78.4000,Metal1,211.2050,78.4000,3.568e-06
Metal1,210.8750,117.6000,Metal1,211.2050,117.6000,2.499e-06
Metal1,210.8750,133.2800,Metal1,211.2050,133.2800,5.331e-11
Metal1,210.8750,141.1200,Metal1,211.2050,141.1200,5.561e-11
Metal1,210.8750,148.9600,Metal1,211.2050,148.9600,5.656e-11
Metal1,210.8750,156.8000,Metal1,211.2050,156.8000,5.758e-11
Metal1,210.8750,164.6400,Metal1,211.2050,164.6400,5.313e-11
Metal1,210.8750,172.4800,Metal1,211.2050,172.4800,5.526e-11
Metal1,210.8750,180.3200,Metal1,211.2050,180.3200,5.851e-11
Metal1,210.8750,188.1600,Metal1,211.2050,188.1600,5.681e-11
Metal1,210.8750,196.0000,Metal1,211.2050,196.0000,5.797e-11
Metal1,210.8750,203.8400,Metal1,211.2050,203.8400,5.623e-11
Metal1,210.8750,211.6800,Metal1,211.2050,211.6800,5.772e-11
Metal1,210.8750,219.5200,Metal1,211.2050,219.5200,5.747e-11
Metal1,210.8750,227.3600,Metal1,211.2050,227.3600,5.404e-11
Metal1,210.8750,235.2000,Metal1,211.2050,235.2000,5.600e-11
Metal1,210.8750,243.0400,Metal1,211.2050,243.0400,5.632e-11
Metal1,210.9250,23.5200,Metal1,211.1550,23.5200,1.320e-05
Metal1,210.9250,31.3600,Metal1,211.1550,31.3600,7.252e-06
Metal1,211.1550,23.5200,Metal1,213.4450,23.5200,7.642e-08
Metal1,211.1550,31.3600,Metal1,211.2050,31.3600,7.252e-06
Metal1,211.2050,15.6800,Metal1,211.4350,15.6800,5.864e-12
Metal1,211.2050,31.3600,Metal1,211.4350,31.3600,2.299e-08
Metal1,211.2050,39.2000,Metal1,211.4350,39.2000,6.177e-09
Metal1,211.2050,47.0400,Metal1,211.4350,47.0400,3.888e-07
Metal1,211.2050,54.8800,Metal1,211.4350,54.8800,2.879e-07
Metal1,211.2050,62.7200,Metal1,211.4350,62.7200,1.321e-07
Metal1,211.2050,70.5600,Metal1,211.4350,70.5600,5.833e-09
Metal1,211.2050,78.4000,Metal1,211.4350,78.4000,1.464e-08
Metal1,211.2050,86.2400,Metal1,211.4350,86.2400,6.013e-11
Metal1,211.2050,94.0800,Metal1,211.4350,94.0800,1.519e-07
Metal1,211.2050,109.7600,Metal1,211.4350,109.7600,3.204e-10
Metal1,211.2050,117.6000,Metal1,211.4350,117.6000,5.610e-06
Metal1,211.2050,125.4400,Metal1,211.4350,125.4400,9.590e-11
Metal1,211.2050,133.2800,Metal1,211.4350,133.2800,8.165e-13
Metal1,211.2050,141.1200,Metal1,211.4350,141.1200,8.165e-13
Metal1,211.2050,148.9600,Metal1,211.4350,148.9600,9.650e-13
Metal1,211.2050,156.8000,Metal1,211.4350,156.8000,8.165e-13
Metal1,211.2050,164.6400,Metal1,211.4350,164.6400,8.908e-13
Metal1,211.2050,172.4800,Metal1,211.4350,172.4800,8.908e-13
Metal1,211.2050,180.3200,Metal1,211.4350,180.3200,8.165e-13
Metal1,211.2050,188.1600,Metal1,211.4350,188.1600,7.423e-13
Metal1,211.2050,196.0000,Metal1,211.4350,196.0000,8.908e-13
Metal1,211.2050,203.8400,Metal1,211.4350,203.8400,8.908e-13
Metal1,211.2050,211.6800,Metal1,211.4350,211.6800,8.908e-13
Metal1,211.2050,219.5200,Metal1,211.4350,219.5200,8.908e-13
Metal1,211.2050,227.3600,Metal1,211.4350,227.3600,8.165e-13
Metal1,211.2050,235.2000,Metal1,211.4350,235.2000,7.423e-13
Metal1,211.2050,243.0400,Metal1,211.4350,243.0400,8.165e-13
Metal1,211.4350,15.6800,Metal1,212.0700,15.6800,5.763e-12
Metal1,211.4350,31.3600,Metal1,213.4450,31.3600,2.299e-08
Metal1,211.4350,39.2000,Metal1,212.8850,39.2000,6.177e-09
Metal1,211.4350,47.0400,Metal1,211.4850,47.0400,3.888e-07
Metal1,211.4350,54.8800,Metal1,212.8850,54.8800,2.879e-07
Metal1,211.4350,62.7200,Metal1,212.3250,62.7200,1.816e-06
Metal1,211.4350,70.5600,Metal1,213.4450,70.5600,1.481e-10
Metal1,211.4350,78.4000,Metal1,212.8850,78.4000,1.464e-08
Metal1,211.4350,86.2400,Metal1,211.7650,86.2400,6.011e-11
Metal1,211.4350,94.0800,Metal1,213.4450,94.0800,3.921e-09
Metal1,211.4350,109.7600,Metal1,211.4700,109.7600,3.203e-10
Metal1,211.4350,117.6000,Metal1,212.8850,117.6000,1.054e-06
Metal1,211.4350,125.4400,Metal1,211.4850,125.4400,9.592e-11
Metal1,211.4350,133.2800,Metal1,212.8850,133.2800,9.270e-13
Metal1,211.4350,141.1200,Metal1,212.8850,141.1200,9.433e-13
Metal1,211.4350,148.9600,Metal1,212.8850,148.9600,9.433e-13
Metal1,211.4350,156.8000,Metal1,212.8850,156.8000,9.229e-13
Metal1,211.4350,164.6400,Metal1,212.8850,164.6400,9.311e-13
Metal1,211.4350,172.4800,Metal1,212.8850,172.4800,9.433e-13
Metal1,211.4350,180.3200,Metal1,212.8850,180.3200,9.515e-13
Metal1,211.4350,188.1600,Metal1,212.8850,188.1600,8.453e-13
Metal1,211.4350,196.0000,Metal1,212.8850,196.0000,9.556e-13
Metal1,211.4350,203.8400,Metal1,212.8850,203.8400,9.433e-13
Metal1,211.4350,211.6800,Metal1,212.8850,211.6800,9.556e-13
Metal1,211.4350,219.5200,Metal1,212.8850,219.5200,9.596e-13
Metal1,211.4350,227.3600,Metal1,212.8850,227.3600,8.331e-13
Metal1,211.4350,235.2000,Metal1,212.8850,235.2000,9.433e-13
Metal1,211.4350,243.0400,Metal1,212.8850,243.0400,9.270e-13
Metal1,211.4700,109.7600,Metal1,211.8100,109.7600,2.749e-10
Metal1,211.4850,47.0400,Metal1,211.7150,47.0400,2.923e-08
Metal1,211.4850,125.4400,Metal1,211.7150,125.4400,7.141e-12
Metal1,211.7150,47.0400,Metal1,213.4450,47.0400,2.923e-08
Metal1,211.7150,125.4400,Metal1,213.4450,125.4400,7.212e-12
Metal1,211.7650,86.2400,Metal1,211.9950,86.2400,2.227e-12
Metal1,211.8100,109.7600,Metal1,213.4450,109.7600,4.608e-11
Metal1,211.8450,101.9200,Metal1,212.0750,101.9200,1.905e-06
Metal1,211.9950,86.2400,Metal1,213.4450,86.2400,2.185e-12
Metal1,212.0700,15.6800,Metal1,212.4100,15.6800,3.656e-12
Metal1,212.0700,250.8800,Metal1,212.4100,250.8800,1.303e-10
Metal1,212.0750,101.9200,Metal1,213.4450,101.9200,1.905e-06
Metal1,212.3250,62.7200,Metal1,212.5550,62.7200,1.656e-06
Metal1,212.4100,15.6800,Metal1,213.4450,15.6800,3.679e-12
Metal1,212.4100,250.8800,Metal1,214.5650,250.8800,1.304e-10
Metal1,212.5550,62.7200,Metal1,213.4450,62.7200,1.656e-06
Metal1,212.8850,39.2000,Metal1,213.1150,39.2000,1.280e-09
Metal1,212.8850,54.8800,Metal1,213.1150,54.8800,1.079e-06
Metal1,212.8850,78.4000,Metal1,213.1150,78.4000,3.076e-09
Metal1,212.8850,117.6000,Metal1,213.1150,117.6000,3.581e-06
Metal1,212.8850,133.2800,Metal1,213.1150,133.2800,2.524e-12
Metal1,212.8850,141.1200,Metal1,213.1150,141.1200,2.598e-12
Metal1,212.8850,148.9600,Metal1,213.1150,148.9600,2.524e-12
Metal1,212.8850,156.8000,Metal1,213.1150,156.8000,2.450e-12
Metal1,212.8850,164.6400,Metal1,213.1150,164.6400,2.524e-12
Metal1,212.8850,172.4800,Metal1,213.1150,172.4800,2.524e-12
Metal1,212.8850,180.3200,Metal1,213.1150,180.3200,2.524e-12
Metal1,212.8850,188.1600,Metal1,213.1150,188.1600,2.153e-12
Metal1,212.8850,196.0000,Metal1,213.1150,196.0000,2.524e-12
Metal1,212.8850,203.8400,Metal1,213.1150,203.8400,2.450e-12
Metal1,212.8850,211.6800,Metal1,213.1150,211.6800,2.524e-12
Metal1,212.8850,219.5200,Metal1,213.1150,219.5200,2.598e-12
Metal1,212.8850,227.3600,Metal1,213.1150,227.3600,2.153e-12
Metal1,212.8850,235.2000,Metal1,213.1150,235.2000,2.450e-12
Metal1,212.8850,243.0400,Metal1,213.1150,243.0400,2.524e-12
Metal1,213.1150,39.2000,Metal1,213.4450,39.2000,1.280e-09
Metal1,213.1150,54.8800,Metal1,213.4450,54.8800,1.079e-06
Metal1,213.1150,78.4000,Metal1,213.4450,78.4000,3.075e-09
Metal1,213.1150,117.6000,Metal1,213.4450,117.6000,3.581e-06
Metal1,213.1150,133.2800,Metal1,213.4450,133.2800,2.548e-12
Metal1,213.1150,141.1200,Metal1,213.4450,141.1200,2.566e-12
Metal1,213.1150,148.9600,Metal1,213.4450,148.9600,2.548e-12
Metal1,213.1150,156.8000,Metal1,213.4450,156.8000,2.458e-12
Metal1,213.1150,164.6400,Metal1,213.4450,164.6400,2.584e-12
Metal1,213.1150,172.4800,Metal1,213.4450,172.4800,2.566e-12
Metal1,213.1150,180.3200,Metal1,213.4450,180.3200,2.566e-12
Metal1,213.1150,188.1600,Metal1,213.4450,188.1600,2.207e-12
Metal1,213.1150,196.0000,Metal1,213.4450,196.0000,2.566e-12
Metal1,213.1150,203.8400,Metal1,213.4450,203.8400,2.584e-12
Metal1,213.1150,211.6800,Metal1,213.4450,211.6800,2.584e-12
Metal1,213.1150,219.5200,Metal1,213.4450,219.5200,2.602e-12
Metal1,213.1150,227.3600,Metal1,213.4450,227.3600,2.189e-12
Metal1,213.1150,235.2000,Metal1,213.4450,235.2000,2.548e-12
Metal1,213.1150,243.0400,Metal1,213.4450,243.0400,2.476e-12
Metal1,213.4450,15.6800,Metal1,213.6750,15.6800,1.336e-12
Metal1,213.4450,23.5200,Metal1,213.6750,23.5200,1.320e-05
Metal1,213.4450,31.3600,Metal1,213.6750,31.3600,1.210e-10
Metal1,213.4450,39.2000,Metal1,213.6750,39.2000,3.198e-10
Metal1,213.4450,47.0400,Metal1,213.6750,47.0400,1.153e-10
Metal1,213.4450,54.8800,Metal1,213.6750,54.8800,2.890e-07
Metal1,213.4450,62.7200,Metal1,213.6750,62.7200,1.668e-06
Metal1,213.4450,70.5600,Metal1,213.6750,70.5600,6.785e-10
Metal1,213.4450,78.4000,Metal1,213.6750,78.4000,7.692e-10
Metal1,213.4450,86.2400,Metal1,213.6750,86.2400,7.052e-12
Metal1,213.4450,94.0800,Metal1,213.6750,94.0800,2.611e-10
Metal1,213.4450,101.9200,Metal1,213.6750,101.9200,9.843e-09
Metal1,213.4450,109.7600,Metal1,213.6750,109.7600,8.908e-13
Metal1,213.4450,117.6000,Metal1,213.6750,117.6000,9.758e-07
Metal1,213.4450,125.4400,Metal1,213.6750,125.4400,1.262e-12
Metal1,213.4450,133.2800,Metal1,213.6750,133.2800,6.681e-13
Metal1,213.4450,141.1200,Metal1,213.6750,141.1200,6.681e-13
Metal1,213.4450,148.9600,Metal1,213.6750,148.9600,6.681e-13
Metal1,213.4450,156.8000,Metal1,213.6750,156.8000,6.681e-13
Metal1,213.4450,164.6400,Metal1,213.6750,164.6400,7.423e-13
Metal1,213.4450,172.4800,Metal1,213.6750,172.4800,7.423e-13
Metal1,213.4450,180.3200,Metal1,213.6750,180.3200,7.423e-13
Metal1,213.4450,188.1600,Metal1,213.6750,188.1600,5.938e-13
Metal1,213.4450,196.0000,Metal1,213.6750,196.0000,6.681e-13
Metal1,213.4450,203.8400,Metal1,213.6750,203.8400,7.423e-13
Metal1,213.4450,211.6800,Metal1,213.6750,211.6800,7.423e-13
Metal1,213.4450,219.5200,Metal1,213.6750,219.5200,7.423e-13
Metal1,213.4450,227.3600,Metal1,213.6750,227.3600,5.938e-13
Metal1,213.4450,235.2000,Metal1,213.6750,235.2000,7.423e-13
Metal1,213.4450,243.0400,Metal1,213.6750,243.0400,6.681e-13
Metal1,213.6750,15.6800,Metal1,214.5650,15.6800,1.384e-12
Metal1,213.6750,23.5200,Metal1,214.5650,23.5200,1.320e-05
Metal1,213.6750,31.3600,Metal1,214.5650,31.3600,1.210e-10
Metal1,213.6750,39.2000,Metal1,215.1250,39.2000,3.198e-10
Metal1,213.6750,47.0400,Metal1,215.1250,47.0400,1.153e-10
Metal1,213.6750,54.8800,Metal1,215.1250,54.8800,2.890e-07
Metal1,213.6750,62.7200,Metal1,214.5650,62.7200,1.668e-06
Metal1,213.6750,70.5600,Metal1,215.6850,70.5600,6.784e-10
Metal1,213.6750,78.4000,Metal1,215.1250,78.4000,7.692e-10
Metal1,213.6750,86.2400,Metal1,214.0050,86.2400,7.123e-12
Metal1,213.6750,94.0800,Metal1,215.6850,94.0800,2.612e-10
Metal1,213.6750,101.9200,Metal1,214.5650,101.9200,9.843e-09
Metal1,213.6750,109.7600,Metal1,215.6850,109.7600,9.456e-13
Metal1,213.6750,117.6000,Metal1,215.1250,117.6000,9.758e-07
Metal1,213.6750,125.4400,Metal1,215.1250,125.4400,1.229e-12
Metal1,213.6750,133.2800,Metal1,215.1250,133.2800,6.983e-13
Metal1,213.6750,141.1200,Metal1,215.1250,141.1200,7.024e-13
Metal1,213.6750,148.9600,Metal1,215.1250,148.9600,6.942e-13
Metal1,213.6750,156.8000,Metal1,215.1250,156.8000,6.697e-13
Metal1,213.6750,164.6400,Metal1,215.1250,164.6400,6.983e-13
Metal1,213.6750,172.4800,Metal1,215.1250,172.4800,6.983e-13
Metal1,213.6750,180.3200,Metal1,215.1250,180.3200,6.942e-13
Metal1,213.6750,188.1600,Metal1,215.1250,188.1600,6.003e-13
Metal1,213.6750,196.0000,Metal1,215.1250,196.0000,6.983e-13
Metal1,213.6750,203.8400,Metal1,215.1250,203.8400,6.942e-13
Metal1,213.6750,211.6800,Metal1,215.1250,211.6800,6.983e-13
Metal1,213.6750,219.5200,Metal1,215.1250,219.5200,7.065e-13
Metal1,213.6750,227.3600,Metal1,215.1250,227.3600,6.003e-13
Metal1,213.6750,235.2000,Metal1,215.1250,235.2000,6.901e-13
Metal1,213.6750,243.0400,Metal1,215.1250,243.0400,6.779e-13
Metal1,214.0050,86.2400,Metal1,214.2350,86.2400,3.711e-13
Metal1,214.2350,86.2400,Metal1,215.6850,86.2400,2.054e-12
Metal1,214.5650,15.6800,Metal1,214.7950,15.6800,1.410e-12
Metal1,214.5650,23.5200,Metal1,214.7950,23.5200,1.058e-06
Metal1,214.5650,31.3600,Metal1,214.7950,31.3600,1.143e-11
Metal1,214.5650,62.7200,Metal1,214.7950,62.7200,1.054e-08
Metal1,214.5650,101.9200,Metal1,214.7950,101.9200,9.456e-10
Metal1,214.5650,250.8800,Metal1,214.7950,250.8800,2.969e-13
Metal1,214.7950,15.6800,Metal1,215.6850,15.6800,1.417e-12
Metal1,214.7950,23.5200,Metal1,215.3850,23.5200,1.572e-06
Metal1,214.7950,31.3600,Metal1,215.6850,31.3600,3.811e-11
Metal1,214.7950,62.7200,Metal1,215.6850,62.7200,1.815e-06
Metal1,214.7950,101.9200,Metal1,215.6850,101.9200,3.362e-09
Metal1,214.7950,250.8800,Metal1,216.8050,250.8800,4.124e-13
Metal1,215.1250,39.2000,Metal1,215.3550,39.2000,8.225e-11
Metal1,215.1250,47.0400,Metal1,215.3550,47.0400,1.165e-11
Metal1,215.1250,54.8800,Metal1,215.3550,54.8800,1.084e-06
Metal1,215.1250,78.4000,Metal1,215.3550,78.4000,1.975e-10
Metal1,215.1250,117.6000,Metal1,215.3550,117.6000,1.572e-07
Metal1,215.1250,125.4400,Metal1,215.3550,125.4400,1.485e-13
Metal1,215.1250,133.2800,Metal1,215.3550,133.2800,2.227e-13
Metal1,215.1250,141.1200,Metal1,215.3550,141.1200,7.423e-14
Metal1,215.1250,148.9600,Metal1,215.3550,148.9600,1.485e-13
Metal1,215.1250,156.8000,Metal1,215.3550,156.8000,7.423e-14
Metal1,215.1250,164.6400,Metal1,215.3550,164.6400,1.485e-13
Metal1,215.1250,172.4800,Metal1,215.3550,172.4800,7.423e-14
Metal1,215.1250,180.3200,Metal1,215.3550,180.3200,1.485e-13
Metal1,215.1250,188.1600,Metal1,215.3550,188.1600,1.485e-13
Metal1,215.1250,196.0000,Metal1,215.3550,196.0000,1.485e-13
Metal1,215.1250,203.8400,Metal1,215.3550,203.8400,1.485e-13
Metal1,215.1250,211.6800,Metal1,215.3550,211.6800,1.485e-13
Metal1,215.1250,219.5200,Metal1,215.3550,219.5200,1.485e-13
Metal1,215.1250,227.3600,Metal1,215.3550,227.3600,1.485e-13
Metal1,215.1250,235.2000,Metal1,215.3550,235.2000,2.227e-13
Metal1,215.1250,243.0400,Metal1,215.3550,243.0400,1.485e-13
Metal1,215.3550,39.2000,Metal1,215.6850,39.2000,1.467e-09
Metal1,215.3550,47.0400,Metal1,215.6850,47.0400,5.010e-11
Metal1,215.3550,54.8800,Metal1,215.6850,54.8800,1.084e-06
Metal1,215.3550,78.4000,Metal1,215.6850,78.4000,3.528e-09
Metal1,215.3550,117.6000,Metal1,216.3500,117.6000,1.219e-06
Metal1,215.3550,125.4400,Metal1,215.6850,125.4400,5.455e-12
Metal1,215.3550,133.2800,Metal1,215.6850,133.2800,3.158e-12
Metal1,215.3550,141.1200,Metal1,215.6850,141.1200,3.194e-12
Metal1,215.3550,148.9600,Metal1,215.6850,148.9600,3.194e-12
Metal1,215.3550,156.8000,Metal1,215.6850,156.8000,3.068e-12
Metal1,215.3550,164.6400,Metal1,215.6850,164.6400,3.176e-12
Metal1,215.3550,172.4800,Metal1,215.6850,172.4800,3.230e-12
Metal1,215.3550,180.3200,Metal1,215.6850,180.3200,3.176e-12
Metal1,215.3550,188.1600,Metal1,215.6850,188.1600,2.727e-12
Metal1,215.3550,196.0000,Metal1,215.6850,196.0000,3.212e-12
Metal1,215.3550,203.8400,Metal1,215.6850,203.8400,3.194e-12
Metal1,215.3550,211.6800,Metal1,215.6850,211.6800,3.194e-12
Metal1,215.3550,219.5200,Metal1,215.6850,219.5200,3.230e-12
Metal1,215.3550,227.3600,Metal1,215.6850,227.3600,2.745e-12
Metal1,215.3550,235.2000,Metal1,215.6850,235.2000,3.176e-12
Metal1,215.3550,243.0400,Metal1,215.6850,243.0400,3.122e-12
Metal1,215.3850,23.5200,Metal1,215.6150,23.5200,6.712e-07
Metal1,215.6150,23.5200,Metal1,216.8050,23.5200,6.712e-07
Metal1,215.6850,15.6800,Metal1,215.9150,15.6800,1.485e-13
Metal1,215.6850,31.3600,Metal1,215.9150,31.3600,7.423e-14
Metal1,215.6850,39.2000,Metal1,215.9150,39.2000,8.084e-11
Metal1,215.6850,47.0400,Metal1,215.9150,47.0400,2.746e-12
Metal1,215.6850,54.8800,Metal1,215.9150,54.8800,5.549e-08
Metal1,215.6850,62.7200,Metal1,215.9150,62.7200,1.685e-06
Metal1,215.6850,70.5600,Metal1,215.9150,70.5600,4.204e-07
Metal1,215.6850,78.4000,Metal1,215.9150,78.4000,1.943e-10
Metal1,215.6850,86.2400,Metal1,215.9150,86.2400,2.969e-13
Metal1,215.6850,94.0800,Metal1,215.9150,94.0800,1.579e-07
Metal1,215.6850,101.9200,Metal1,215.9150,101.9200,2.078e-12
Metal1,215.6850,109.7600,Metal1,215.9150,109.7600,3.436e-10
Metal1,215.6850,125.4400,Metal1,215.9150,125.4400,1.485e-13
Metal1,215.6850,133.2800,Metal1,215.9150,133.2800,3.711e-13
Metal1,215.6850,141.1200,Metal1,215.9150,141.1200,2.227e-13
Metal1,215.6850,148.9600,Metal1,215.9150,148.9600,7.423e-14
Metal1,215.6850,156.8000,Metal1,215.9150,156.8000,2.227e-13
Metal1,215.6850,164.6400,Metal1,215.9150,164.6400,2.969e-13
Metal1,215.6850,172.4800,Metal1,215.9150,172.4800,2.227e-13
Metal1,215.6850,180.3200,Metal1,215.9150,180.3200,2.227e-13
Metal1,215.6850,188.1600,Metal1,215.9150,188.1600,1.485e-13
Metal1,215.6850,196.0000,Metal1,215.9150,196.0000,0.000e+00
Metal1,215.6850,203.8400,Metal1,215.9150,203.8400,2.227e-13
Metal1,215.6850,211.6800,Metal1,215.9150,211.6800,3.711e-13
Metal1,215.6850,219.5200,Metal1,215.9150,219.5200,2.227e-13
Metal1,215.6850,227.3600,Metal1,215.9150,227.3600,2.227e-13
Metal1,215.6850,235.2000,Metal1,215.9150,235.2000,2.969e-13
Metal1,215.6850,243.0400,Metal1,215.9150,243.0400,2.227e-13
Metal1,215.9150,15.6800,Metal1,216.8050,15.6800,1.544e-12
Metal1,215.9150,31.3600,Metal1,216.8050,31.3600,3.776e-11
Metal1,215.9150,39.2000,Metal1,217.3650,39.2000,3.377e-10
Metal1,215.9150,47.0400,Metal1,217.3650,47.0400,1.149e-11
Metal1,215.9150,54.8800,Metal1,217.3650,54.8800,3.094e-07
Metal1,215.9150,62.7200,Metal1,216.8050,62.7200,1.685e-06
Metal1,215.9150,70.5600,Metal1,216.5050,70.5600,4.204e-07
Metal1,215.9150,78.4000,Metal1,217.3650,78.4000,8.122e-10
Metal1,215.9150,86.2400,Metal1,216.2450,86.2400,8.792e-12
Metal1,215.9150,94.0800,Metal1,217.9250,94.0800,2.613e-10
Metal1,215.9150,101.9200,Metal1,216.8050,101.9200,3.332e-09
Metal1,215.9150,109.7600,Metal1,216.4650,109.7600,3.435e-10
Metal1,215.9150,125.4400,Metal1,217.3650,125.4400,1.237e-12
Metal1,215.9150,133.2800,Metal1,217.3650,133.2800,7.391e-13
Metal1,215.9150,141.1200,Metal1,217.3650,141.1200,7.310e-13
Metal1,215.9150,148.9600,Metal1,217.3650,148.9600,7.310e-13
Metal1,215.9150,156.8000,Metal1,217.3650,156.8000,7.024e-13
Metal1,215.9150,164.6400,Metal1,217.3650,164.6400,7.391e-13
Metal1,215.9150,172.4800,Metal1,217.3650,172.4800,7.391e-13
Metal1,215.9150,180.3200,Metal1,217.3650,180.3200,7.310e-13
Metal1,215.9150,188.1600,Metal1,217.3650,188.1600,6.207e-13
Metal1,215.9150,196.0000,Metal1,217.3650,196.0000,7.310e-13
Metal1,215.9150,203.8400,Metal1,217.3650,203.8400,7.391e-13
Metal1,215.9150,211.6800,Metal1,217.3650,211.6800,7.473e-13
Metal1,215.9150,219.5200,Metal1,217.3650,219.5200,7.391e-13
Metal1,215.9150,227.3600,Metal1,217.3650,227.3600,6.289e-13
Metal1,215.9150,235.2000,Metal1,217.3650,235.2000,7.391e-13
Metal1,215.9150,243.0400,Metal1,217.3650,243.0400,7.146e-13
Metal1,216.2450,86.2400,Metal1,216.4750,86.2400,1.856e-12
Metal1,216.3500,117.6000,Metal1,216.6900,117.6000,1.441e-06
Metal1,216.4650,109.7600,Metal1,216.6950,109.7600,2.147e-08
Metal1,216.4750,86.2400,Metal1,217.9250,86.2400,1.887e-12
Metal1,216.5050,70.5600,Metal1,216.7350,70.5600,1.951e-07
Metal1,216.6900,117.6000,Metal1,217.3650,117.6000,1.441e-06
Metal1,216.6950,109.7600,Metal1,217.9250,109.7600,2.147e-08
Metal1,216.7350,70.5600,Metal1,217.9250,70.5600,1.951e-07
Metal1,216.8050,15.6800,Metal1,217.0350,15.6800,7.423e-14
Metal1,216.8050,23.5200,Metal1,217.0350,23.5200,1.096e-05
Metal1,216.8050,31.3600,Metal1,217.0350,31.3600,3.541e-11
Metal1,216.8050,62.7200,Metal1,217.0350,62.7200,2.690e-06
Metal1,216.8050,101.9200,Metal1,217.0350,101.9200,3.140e-09
Metal1,216.8050,250.8800,Metal1,217.0350,250.8800,7.423e-14
Metal1,217.0350,15.6800,Metal1,217.9250,15.6800,1.524e-12
Metal1,217.0350,23.5200,Metal1,219.0450,23.5200,7.776e-08
Metal1,217.0350,31.3600,Metal1,217.9250,31.3600,3.529e-11
Metal1,217.0350,62.7200,Metal1,217.4700,62.7200,2.690e-06
Metal1,217.0350,101.9200,Metal1,217.9250,101.9200,3.140e-09
Metal1,217.0350,250.8800,Metal1,219.0450,250.8800,2.946e-15
Metal1,217.3650,39.2000,Metal1,217.5950,39.2000,1.177e-09
Metal1,217.3650,47.0400,Metal1,217.5950,47.0400,4.060e-11
Metal1,217.3650,54.8800,Metal1,217.5950,54.8800,1.079e-06
Metal1,217.3650,78.4000,Metal1,217.5950,78.4000,2.832e-09
Metal1,217.3650,117.6000,Metal1,217.5950,117.6000,1.449e-06
Metal1,217.3650,125.4400,Metal1,217.5950,125.4400,4.157e-12
Metal1,217.3650,133.2800,Metal1,217.5950,133.2800,2.524e-12
Metal1,217.3650,141.1200,Metal1,217.5950,141.1200,2.598e-12
Metal1,217.3650,148.9600,Metal1,217.5950,148.9600,2.598e-12
Metal1,217.3650,156.8000,Metal1,217.5950,156.8000,2.450e-12
Metal1,217.3650,164.6400,Metal1,217.5950,164.6400,2.524e-12
Metal1,217.3650,172.4800,Metal1,217.5950,172.4800,2.598e-12
Metal1,217.3650,180.3200,Metal1,217.5950,180.3200,2.524e-12
Metal1,217.3650,188.1600,Metal1,217.5950,188.1600,2.078e-12
Metal1,217.3650,196.0000,Metal1,217.5950,196.0000,2.598e-12
Metal1,217.3650,203.8400,Metal1,217.5950,203.8400,2.524e-12
Metal1,217.3650,211.6800,Metal1,217.5950,211.6800,2.598e-12
Metal1,217.3650,219.5200,Metal1,217.5950,219.5200,2.524e-12
Metal1,217.3650,227.3600,Metal1,217.5950,227.3600,2.153e-12
Metal1,217.3650,235.2000,Metal1,217.5950,235.2000,2.524e-12
Metal1,217.3650,243.0400,Metal1,217.5950,243.0400,2.450e-12
Metal1,217.4700,62.7200,Metal1,217.8100,62.7200,9.705e-07
Metal1,217.5950,39.2000,Metal1,217.9250,39.2000,1.177e-09
Metal1,217.5950,47.0400,Metal1,217.9250,47.0400,4.057e-11
Metal1,217.5950,54.8800,Metal1,217.9250,54.8800,1.079e-06
Metal1,217.5950,78.4000,Metal1,217.9250,78.4000,2.832e-09
Metal1,217.5950,117.6000,Metal1,218.3450,117.6000,1.449e-06
Metal1,217.5950,125.4400,Metal1,217.9250,125.4400,4.199e-12
Metal1,217.5950,133.2800,Metal1,217.9250,133.2800,2.548e-12
Metal1,217.5950,141.1200,Metal1,217.9250,141.1200,2.566e-12
Metal1,217.5950,148.9600,Metal1,217.9250,148.9600,2.566e-12
Metal1,217.5950,156.8000,Metal1,217.9250,156.8000,2.476e-12
Metal1,217.5950,164.6400,Metal1,217.9250,164.6400,2.602e-12
Metal1,217.5950,172.4800,Metal1,217.9250,172.4800,2.566e-12
Metal1,217.5950,180.3200,Metal1,217.9250,180.3200,2.566e-12
Metal1,217.5950,188.1600,Metal1,217.9250,188.1600,2.225e-12
Metal1,217.5950,196.0000,Metal1,217.9250,196.0000,2.584e-12
Metal1,217.5950,203.8400,Metal1,217.9250,203.8400,2.602e-12
Metal1,217.5950,211.6800,Metal1,217.9250,211.6800,2.602e-12
Metal1,217.5950,219.5200,Metal1,217.9250,219.5200,2.602e-12
Metal1,217.5950,227.3600,Metal1,217.9250,227.3600,2.207e-12
Metal1,217.5950,235.2000,Metal1,217.9250,235.2000,2.566e-12
Metal1,217.5950,243.0400,Metal1,217.9250,243.0400,2.494e-12
Metal1,217.8100,62.7200,Metal1,219.0450,62.7200,9.705e-07
Metal1,217.9250,15.6800,Metal1,218.1550,15.6800,1.410e-12
Metal1,217.9250,31.3600,Metal1,218.1550,31.3600,9.249e-11
Metal1,217.9250,39.2000,Metal1,218.1550,39.2000,3.151e-10
Metal1,217.9250,47.0400,Metal1,218.1550,47.0400,2.026e-11
Metal1,217.9250,54.8800,Metal1,218.1550,54.8800,2.890e-07
Metal1,217.9250,70.5600,Metal1,218.1550,70.5600,3.100e-06
Metal1,217.9250,78.4000,Metal1,218.1550,78.4000,7.588e-10
Metal1,217.9250,86.2400,Metal1,218.1550,86.2400,6.681e-12
Metal1,217.9250,94.0800,Metal1,218.1550,94.0800,2.044e-10
Metal1,217.9250,101.9200,Metal1,218.1550,101.9200,1.184e-08
Metal1,217.9250,109.7600,Metal1,218.1550,109.7600,1.032e-07
Metal1,217.9250,125.4400,Metal1,218.1550,125.4400,8.462e-12
Metal1,217.9250,133.2800,Metal1,218.1550,133.2800,7.423e-13
Metal1,217.9250,141.1200,Metal1,218.1550,141.1200,6.681e-13
Metal1,217.9250,148.9600,Metal1,218.1550,148.9600,6.681e-13
Metal1,217.9250,156.8000,Metal1,218.1550,156.8000,6.681e-13
Metal1,217.9250,164.6400,Metal1,218.1550,164.6400,7.423e-13
Metal1,217.9250,172.4800,Metal1,218.1550,172.4800,7.423e-13
Metal1,217.9250,180.3200,Metal1,218.1550,180.3200,7.423e-13
Metal1,217.9250,188.1600,Metal1,218.1550,188.1600,5.938e-13
Metal1,217.9250,196.0000,Metal1,218.1550,196.0000,6.681e-13
Metal1,217.9250,203.8400,Metal1,218.1550,203.8400,6.681e-13
Metal1,217.9250,211.6800,Metal1,218.1550,211.6800,6.681e-13
Metal1,217.9250,219.5200,Metal1,218.1550,219.5200,6.681e-13
Metal1,217.9250,227.3600,Metal1,218.1550,227.3600,5.938e-13
Metal1,217.9250,235.2000,Metal1,218.1550,235.2000,7.423e-13
Metal1,217.9250,243.0400,Metal1,218.1550,243.0400,6.681e-13
Metal1,218.1550,15.6800,Metal1,219.0450,15.6800,1.390e-12
Metal1,218.1550,31.3600,Metal1,219.0450,31.3600,1.297e-12
Metal1,218.1550,39.2000,Metal1,219.6050,39.2000,3.151e-10
Metal1,218.1550,47.0400,Metal1,219.6050,47.0400,1.388e-13
Metal1,218.1550,54.8800,Metal1,219.6050,54.8800,2.890e-07
Metal1,218.1550,70.5600,Metal1,220.4700,70.5600,2.368e-06
Metal1,218.1550,78.4000,Metal1,219.6050,78.4000,7.588e-10
Metal1,218.1550,86.2400,Metal1,218.4850,86.2400,6.782e-12
Metal1,218.1550,94.0800,Metal1,220.1650,94.0800,1.834e-10
Metal1,218.1550,101.9200,Metal1,219.0450,101.9200,1.747e-10
Metal1,218.1550,109.7600,Metal1,218.2050,109.7600,1.032e-07
Metal1,218.1550,125.4400,Metal1,219.6050,125.4400,3.267e-14
Metal1,218.1550,133.2800,Metal1,219.6050,133.2800,6.779e-13
Metal1,218.1550,141.1200,Metal1,219.6050,141.1200,6.942e-13
Metal1,218.1550,148.9600,Metal1,219.6050,148.9600,6.901e-13
Metal1,218.1550,156.8000,Metal1,219.6050,156.8000,6.615e-13
Metal1,218.1550,164.6400,Metal1,219.6050,164.6400,6.901e-13
Metal1,218.1550,172.4800,Metal1,219.6050,172.4800,6.860e-13
Metal1,218.1550,180.3200,Metal1,219.6050,180.3200,6.860e-13
Metal1,218.1550,188.1600,Metal1,219.6050,188.1600,5.962e-13
Metal1,218.1550,196.0000,Metal1,219.6050,196.0000,6.942e-13
Metal1,218.1550,203.8400,Metal1,219.6050,203.8400,6.942e-13
Metal1,218.1550,211.6800,Metal1,219.6050,211.6800,6.942e-13
Metal1,218.1550,219.5200,Metal1,219.6050,219.5200,6.942e-13
Metal1,218.1550,227.3600,Metal1,219.6050,227.3600,5.921e-13
Metal1,218.1550,235.2000,Metal1,219.6050,235.2000,6.860e-13
Metal1,218.1550,243.0400,Metal1,219.6050,243.0400,6.615e-13
Metal1,218.2050,109.7600,Metal1,218.4350,109.7600,1.612e-08
Metal1,218.3450,117.6000,Metal1,218.5750,117.6000,1.041e-06
Metal1,218.4350,109.7600,Metal1,220.1650,109.7600,1.612e-08
Metal1,218.4850,86.2400,Metal1,218.7150,86.2400,2.064e-11
Metal1,218.5750,117.6000,Metal1,219.6050,117.6000,1.041e-06
Metal1,218.7150,86.2400,Metal1,220.1650,86.2400,1.063e-11
Metal1,219.0450,15.6800,Metal1,219.2750,15.6800,1.410e-12
Metal1,219.0450,23.5200,Metal1,219.2750,23.5200,1.180e-05
Metal1,219.0450,31.3600,Metal1,219.2750,31.3600,8.254e-11
Metal1,219.0450,62.7200,Metal1,219.2750,62.7200,4.979e-06
Metal1,219.0450,101.9200,Metal1,219.2750,101.9200,1.183e-08
Metal1,219.0450,250.8800,Metal1,219.2750,250.8800,3.711e-13
Metal1,219.2750,15.6800,Metal1,220.1650,15.6800,1.390e-12
Metal1,219.2750,23.5200,Metal1,220.4700,23.5200,1.180e-05
Metal1,219.2750,31.3600,Metal1,220.1650,31.3600,7.273e-11
Metal1,219.2750,62.7200,Metal1,219.4650,62.7200,4.979e-06
Metal1,219.2750,101.9200,Metal1,220.1650,101.9200,1.182e-08
Metal1,219.2750,250.8800,Metal1,221.2850,250.8800,3.800e-13
Metal1,219.4650,62.7200,Metal1,219.6950,62.7200,1.046e-08
Metal1,219.6050,39.2000,Metal1,219.8350,39.2000,1.268e-09
Metal1,219.6050,47.0400,Metal1,219.8350,47.0400,1.002e-11
Metal1,219.6050,54.8800,Metal1,219.8350,54.8800,1.084e-06
Metal1,219.6050,78.4000,Metal1,219.8350,78.4000,2.856e-09
Metal1,219.6050,117.6000,Metal1,219.8350,117.6000,4.598e-07
Metal1,219.6050,125.4400,Metal1,219.8350,125.4400,1.782e-12
Metal1,219.6050,133.2800,Metal1,219.8350,133.2800,2.375e-12
Metal1,219.6050,141.1200,Metal1,219.8350,141.1200,2.450e-12
Metal1,219.6050,148.9600,Metal1,219.8350,148.9600,2.375e-12
Metal1,219.6050,156.8000,Metal1,219.8350,156.8000,2.301e-12
Metal1,219.6050,164.6400,Metal1,219.8350,164.6400,2.375e-12
Metal1,219.6050,172.4800,Metal1,219.8350,172.4800,2.524e-12
Metal1,219.6050,180.3200,Metal1,219.8350,180.3200,2.375e-12
Metal1,219.6050,188.1600,Metal1,219.8350,188.1600,2.078e-12
Metal1,219.6050,196.0000,Metal1,219.8350,196.0000,2.375e-12
Metal1,219.6050,203.8400,Metal1,219.8350,203.8400,2.450e-12
Metal1,219.6050,211.6800,Metal1,219.8350,211.6800,2.375e-12
Metal1,219.6050,219.5200,Metal1,219.8350,219.5200,2.375e-12
Metal1,219.6050,227.3600,Metal1,219.8350,227.3600,2.153e-12
Metal1,219.6050,235.2000,Metal1,219.8350,235.2000,2.450e-12
Metal1,219.6050,243.0400,Metal1,219.8350,243.0400,2.301e-12
Metal1,219.6950,62.7200,Metal1,220.4700,62.7200,1.045e-08
Metal1,219.8350,39.2000,Metal1,220.1650,39.2000,1.268e-09
Metal1,219.8350,47.0400,Metal1,220.1650,47.0400,1.003e-11
Metal1,219.8350,54.8800,Metal1,220.1650,54.8800,1.084e-06
Metal1,219.8350,78.4000,Metal1,220.1650,78.4000,2.856e-09
Metal1,219.8350,117.6000,Metal1,220.4700,117.6000,4.598e-07
Metal1,219.8350,125.4400,Metal1,220.1650,125.4400,1.794e-12
Metal1,219.8350,133.2800,Metal1,220.1650,133.2800,2.422e-12
Metal1,219.8350,141.1200,Metal1,220.1650,141.1200,2.422e-12
Metal1,219.8350,148.9600,Metal1,220.1650,148.9600,2.440e-12
Metal1,219.8350,156.8000,Metal1,220.1650,156.8000,2.315e-12
Metal1,219.8350,164.6400,Metal1,220.1650,164.6400,2.458e-12
Metal1,219.8350,172.4800,Metal1,220.1650,172.4800,2.404e-12
Metal1,219.8350,180.3200,Metal1,220.1650,180.3200,2.422e-12
Metal1,219.8350,188.1600,Metal1,220.1650,188.1600,2.046e-12
Metal1,219.8350,196.0000,Metal1,220.1650,196.0000,2.440e-12
Metal1,219.8350,203.8400,Metal1,220.1650,203.8400,2.422e-12
Metal1,219.8350,211.6800,Metal1,220.1650,211.6800,2.458e-12
Metal1,219.8350,219.5200,Metal1,220.1650,219.5200,2.458e-12
Metal1,219.8350,227.3600,Metal1,220.1650,227.3600,2.046e-12
Metal1,219.8350,235.2000,Metal1,220.1650,235.2000,2.404e-12
Metal1,219.8350,243.0400,Metal1,220.1650,243.0400,2.315e-12
Metal1,220.1650,15.6800,Metal1,220.3950,15.6800,1.410e-12
Metal1,220.1650,31.3600,Metal1,220.3950,31.3600,1.211e-08
Metal1,220.1650,39.2000,Metal1,220.3950,39.2000,5.427e-09
Metal1,220.1650,47.0400,Metal1,220.3950,47.0400,8.794e-10
Metal1,220.1650,54.8800,Metal1,220.3950,54.8800,1.695e-08
Metal1,220.1650,78.4000,Metal1,220.3950,78.4000,6.947e-10
Metal1,220.1650,86.2400,Metal1,220.3950,86.2400,2.145e-09
Metal1,220.1650,94.0800,Metal1,220.3950,94.0800,1.752e-08
Metal1,220.1650,101.9200,Metal1,220.3950,101.9200,1.905e-06
Metal1,220.1650,109.7600,Metal1,220.3950,109.7600,2.275e-06
Metal1,220.1650,125.4400,Metal1,220.3950,125.4400,9.353e-12
Metal1,220.1650,133.2800,Metal1,220.3950,133.2800,9.353e-12
Metal1,220.1650,141.1200,Metal1,220.3950,141.1200,9.353e-12
Metal1,220.1650,148.9600,Metal1,220.3950,148.9600,9.353e-12
Metal1,220.1650,156.8000,Metal1,220.3950,156.8000,9.279e-12
Metal1,220.1650,164.6400,Metal1,220.3950,164.6400,9.353e-12
Metal1,220.1650,172.4800,Metal1,220.3950,172.4800,9.353e-12
Metal1,220.1650,180.3200,Metal1,220.3950,180.3200,9.353e-12
Metal1,220.1650,188.1600,Metal1,220.3950,188.1600,9.353e-12
Metal1,220.1650,196.0000,Metal1,220.3950,196.0000,9.279e-12
Metal1,220.1650,203.8400,Metal1,220.3950,203.8400,9.353e-12
Metal1,220.1650,211.6800,Metal1,220.3950,211.6800,9.353e-12
Metal1,220.1650,219.5200,Metal1,220.3950,219.5200,9.353e-12
Metal1,220.1650,227.3600,Metal1,220.3950,227.3600,9.353e-12
Metal1,220.1650,235.2000,Metal1,220.3950,235.2000,9.353e-12
Metal1,220.1650,243.0400,Metal1,220.3950,243.0400,9.353e-12
Metal1,220.3950,15.6800,Metal1,221.2850,15.6800,1.390e-12
Metal1,220.3950,31.3600,Metal1,220.4700,31.3600,1.211e-08
Metal1,220.3950,39.2000,Metal1,220.4700,39.2000,5.427e-09
Metal1,220.3950,47.0400,Metal1,220.4700,47.0400,8.794e-10
Metal1,220.3950,54.8800,Metal1,220.4700,54.8800,1.695e-08
Metal1,220.3950,78.4000,Metal1,220.4700,78.4000,6.948e-10
Metal1,220.3950,86.2400,Metal1,220.4700,86.2400,2.145e-09
Metal1,220.3950,94.0800,Metal1,220.4700,94.0800,1.752e-08
Metal1,220.3950,101.9200,Metal1,220.4700,101.9200,1.905e-06
Metal1,220.3950,109.7600,Metal1,220.4700,109.7600,2.275e-06
Metal1,220.3950,125.4400,Metal1,220.4700,125.4400,9.395e-12
Metal1,220.3950,133.2800,Metal1,220.4700,133.2800,9.395e-12
Metal1,220.3950,141.1200,Metal1,220.4700,141.1200,9.395e-12
Metal1,220.3950,148.9600,Metal1,220.4700,148.9600,9.395e-12
Metal1,220.3950,156.8000,Metal1,220.4700,156.8000,9.395e-12
Metal1,220.3950,164.6400,Metal1,220.4700,164.6400,9.395e-12
Metal1,220.3950,172.4800,Metal1,220.4700,172.4800,9.395e-12
Metal1,220.3950,180.3200,Metal1,220.4700,180.3200,9.474e-12
Metal1,220.3950,188.1600,Metal1,220.4700,188.1600,9.474e-12
Metal1,220.3950,196.0000,Metal1,220.4700,196.0000,9.474e-12
Metal1,220.3950,203.8400,Metal1,220.4700,203.8400,9.395e-12
Metal1,220.3950,211.6800,Metal1,220.4700,211.6800,9.395e-12
Metal1,220.3950,219.5200,Metal1,220.4700,219.5200,9.395e-12
Metal1,220.3950,227.3600,Metal1,220.4700,227.3600,9.395e-12
Metal1,220.3950,235.2000,Metal1,220.4700,235.2000,9.395e-12
Metal1,220.3950,243.0400,Metal1,220.4700,243.0400,9.395e-12
Metal1,220.4700,23.5200,Metal1,220.7300,22.6750,1.180e-05
Metal1,220.4700,31.3600,Metal1,220.8100,31.3600,1.210e-08
Metal1,220.4700,39.2000,Metal1,220.8100,39.2000,5.417e-09
Metal1,220.4700,47.0400,Metal1,220.8100,47.0400,8.693e-10
Metal1,220.4700,54.8800,Metal1,220.8100,54.8800,1.694e-08
Metal1,220.4700,62.7200,Metal1,220.8100,62.7200,1.044e-08
Metal1,220.4700,70.5600,Metal1,220.8100,70.5600,2.368e-06
Metal1,220.4700,78.4000,Metal1,220.8100,78.4000,6.847e-10
Metal1,220.4700,86.2400,Metal1,220.8100,86.2400,2.135e-09
Metal1,220.4700,94.0800,Metal1,220.8100,94.0800,1.751e-08
Metal1,220.4700,101.9200,Metal1,220.8100,101.9200,1.905e-06
Metal1,220.4700,109.7600,Metal1,220.8100,109.7600,2.275e-06
Metal1,220.4700,117.6000,Metal1,220.8100,117.6000,4.598e-07
Metal1,220.4700,125.4400,Metal1,220.8100,125.4400,7.312e-13
Metal1,220.4700,133.2800,Metal1,220.8100,133.2800,7.312e-13
Metal1,220.4700,141.1200,Metal1,220.8100,141.1200,7.312e-13
Metal1,220.4700,148.9600,Metal1,220.8100,148.9600,7.312e-13
Metal1,220.4700,156.8000,Metal1,220.8100,156.8000,7.312e-13
Metal1,220.4700,164.6400,Metal1,220.8100,164.6400,7.312e-13
Metal1,220.4700,172.4800,Metal1,220.8100,172.4800,7.312e-13
Metal1,220.4700,180.3200,Metal1,220.8100,180.3200,7.312e-13
Metal1,220.4700,188.1600,Metal1,220.8100,188.1600,7.312e-13
Metal1,220.4700,196.0000,Metal1,220.8100,196.0000,7.976e-13
Metal1,220.4700,203.8400,Metal1,220.8100,203.8400,7.312e-13
Metal1,220.4700,211.6800,Metal1,220.8100,211.6800,7.312e-13
Metal1,220.4700,219.5200,Metal1,220.8100,219.5200,6.647e-13
Metal1,220.4700,227.3600,Metal1,220.8100,227.3600,6.647e-13
Metal1,220.4700,235.2000,Metal1,220.8100,235.2000,7.312e-13
Metal1,220.4700,243.0400,Metal1,220.8100,243.0400,6.647e-13
Metal1,220.7300,22.6750,Metal1,220.8100,23.6875,1.180e-05
Metal1,220.8100,23.6875,Metal1,221.0700,23.5200,4.379e-07
Metal1,220.8100,31.3600,Metal1,222.4050,31.3600,1.210e-08
Metal1,220.8100,39.2000,Metal1,222.4050,39.2000,5.417e-09
Metal1,220.8100,47.0400,Metal1,222.4050,47.0400,8.693e-10
Metal1,220.8100,54.8800,Metal1,222.4050,54.8800,1.694e-08
Metal1,220.8100,62.7200,Metal1,222.9650,62.7200,1.044e-08
Metal1,220.8100,70.5600,Metal1,222.9650,70.5600,7.259e-08
Metal1,220.8100,78.4000,Metal1,222.4050,78.4000,6.847e-10
Metal1,220.8100,86.2400,Metal1,222.4050,86.2400,2.134e-09
Metal1,220.8100,94.0800,Metal1,222.4050,94.0800,1.751e-08
Metal1,220.8100,101.9200,Metal1,222.4050,101.9200,1.579e-08
Metal1,220.8100,109.7600,Metal1,222.6650,109.7600,2.275e-06
Metal1,220.8100,117.6000,Metal1,222.6700,117.6000,4.598e-07
Metal1,220.8100,125.4400,Metal1,222.4050,125.4400,7.462e-13
Metal1,220.8100,133.2800,Metal1,222.4050,133.2800,7.573e-13
Metal1,220.8100,141.1200,Metal1,222.4050,141.1200,7.536e-13
Metal1,220.8100,148.9600,Metal1,222.4050,148.9600,7.425e-13
Metal1,220.8100,156.8000,Metal1,222.4050,156.8000,7.425e-13
Metal1,220.8100,164.6400,Metal1,222.4050,164.6400,7.536e-13
Metal1,220.8100,172.4800,Metal1,222.4050,172.4800,7.499e-13
Metal1,220.8100,180.3200,Metal1,222.4050,180.3200,7.425e-13
Metal1,220.8100,188.1600,Metal1,222.4050,188.1600,7.425e-13
Metal1,220.8100,196.0000,Metal1,222.4050,196.0000,7.388e-13
Metal1,220.8100,203.8400,Metal1,222.4050,203.8400,7.425e-13
Metal1,220.8100,211.6800,Metal1,222.4050,211.6800,7.425e-13
Metal1,220.8100,219.5200,Metal1,222.4050,219.5200,7.388e-13
Metal1,220.8100,227.3600,Metal1,222.4050,227.3600,7.462e-13
Metal1,220.8100,235.2000,Metal1,222.4050,235.2000,7.536e-13
Metal1,220.8100,243.0400,Metal1,222.4050,243.0400,7.462e-13
Metal1,221.0700,23.5200,Metal1,223.2650,23.5200,3.526e-08
Metal1,221.2850,15.6800,Metal1,221.5150,15.6800,1.336e-12
Metal1,221.2850,250.8800,Metal1,221.5150,250.8800,1.200e-10
Metal1,221.5150,15.6800,Metal1,222.4050,15.6800,1.284e-12
Metal1,221.5150,250.8800,Metal1,223.5250,250.8800,7.630e-13
Metal1,222.4050,15.6800,Metal1,222.6350,15.6800,1.826e-11
Metal1,222.4050,31.3600,Metal1,222.6350,31.3600,3.361e-06
Metal1,222.4050,39.2000,Metal1,222.6350,39.2000,1.504e-06
Metal1,222.4050,47.0400,Metal1,222.6350,47.0400,2.417e-07
Metal1,222.4050,54.8800,Metal1,222.6350,54.8800,3.622e-06
Metal1,222.4050,78.4000,Metal1,222.4100,78.9650,6.847e-10
Metal1,222.4050,86.2400,Metal1,222.6350,86.2400,5.933e-07
Metal1,222.4050,94.0800,Metal1,222.6350,94.0800,4.864e-06
Metal1,222.4050,101.9200,Metal1,222.6350,101.9200,1.905e-06
Metal1,222.4050,125.4400,Metal1,222.6350,125.4400,3.934e-11
Metal1,222.4050,133.2800,Metal1,222.6350,133.2800,3.786e-11
Metal1,222.4050,141.1200,Metal1,222.6350,141.1200,3.912e-11
Metal1,222.4050,148.9600,Metal1,222.6350,148.9600,4.038e-11
Metal1,222.4050,156.8000,Metal1,222.6350,156.8000,4.142e-11
Metal1,222.4050,164.6400,Metal1,222.6350,164.6400,3.771e-11
Metal1,222.4050,172.4800,Metal1,222.6350,172.4800,3.994e-11
Metal1,222.4050,180.3200,Metal1,222.6350,180.3200,4.238e-11
Metal1,222.4050,188.1600,Metal1,222.6350,188.1600,4.209e-11
Metal1,222.4050,196.0000,Metal1,222.6350,196.0000,4.157e-11
Metal1,222.4050,203.8400,Metal1,222.6350,203.8400,4.090e-11
Metal1,222.4050,211.6800,Metal1,222.6350,211.6800,4.149e-11
Metal1,222.4050,219.5200,Metal1,222.6350,219.5200,4.135e-11
Metal1,222.4050,227.3600,Metal1,222.6350,227.3600,3.927e-11
Metal1,222.4050,235.2000,Metal1,222.6350,235.2000,3.956e-11
Metal1,222.4050,243.0400,Metal1,222.6350,243.0400,4.112e-11
Metal1,222.4100,78.9650,Metal1,222.6350,78.2325,1.667e-08
Metal1,222.6350,15.6800,Metal1,223.5250,15.6800,1.929e-13
Metal1,222.6350,31.3600,Metal1,222.9650,31.3600,3.361e-06
Metal1,222.6350,39.2000,Metal1,222.9650,39.2000,1.504e-06
Metal1,222.6350,47.0400,Metal1,222.9650,47.0400,2.417e-07
Metal1,222.6350,54.8800,Metal1,222.9650,54.8800,3.622e-06
Metal1,222.6350,78.2325,Metal1,222.7500,78.4000,1.667e-08
Metal1,222.6350,86.2400,Metal1,222.9650,86.2400,5.933e-07
Metal1,222.6350,94.0800,Metal1,222.9650,94.0800,4.864e-06
Metal1,222.6350,101.9200,Metal1,222.9650,101.9200,1.905e-06
Metal1,222.6350,125.4400,Metal1,222.9650,125.4400,3.933e-11
Metal1,222.6350,133.2800,Metal1,222.9650,133.2800,3.784e-11
Metal1,222.6350,141.1200,Metal1,222.9650,141.1200,3.908e-11
Metal1,222.6350,148.9600,Metal1,222.9650,148.9600,4.039e-11
Metal1,222.6350,156.8000,Metal1,222.9650,156.8000,4.136e-11
Metal1,222.6350,164.6400,Metal1,222.9650,164.6400,3.772e-11
Metal1,222.6350,172.4800,Metal1,222.9650,172.4800,3.982e-11
Metal1,222.6350,180.3200,Metal1,222.9650,180.3200,4.226e-11
Metal1,222.6350,188.1600,Metal1,222.9650,188.1600,4.213e-11
Metal1,222.6350,196.0000,Metal1,222.9650,196.0000,4.150e-11
Metal1,222.6350,203.8400,Metal1,222.9650,203.8400,4.082e-11
Metal1,222.6350,211.6800,Metal1,222.9650,211.6800,4.147e-11
Metal1,222.6350,219.5200,Metal1,222.9650,219.5200,4.125e-11
Metal1,222.6350,227.3600,Metal1,222.9650,227.3600,3.922e-11
Metal1,222.6350,235.2000,Metal1,222.9650,235.2000,3.947e-11
Metal1,222.6350,243.0400,Metal1,222.9650,243.0400,4.116e-11
Metal1,222.6650,109.7600,Metal1,222.8950,109.7600,2.201e-07
Metal1,222.6700,117.6000,Metal1,222.9650,118.0600,2.098e-10
Metal1,222.7500,78.4000,Metal1,224.6450,78.4000,4.673e-08
Metal1,222.8950,109.7600,Metal1,222.9650,109.7600,2.201e-07
Metal1,222.9650,31.3600,Metal1,223.1950,31.3600,8.962e-07
Metal1,222.9650,39.2000,Metal1,223.1950,39.2000,4.011e-07
Metal1,222.9650,47.0400,Metal1,223.1950,47.0400,1.240e-08
Metal1,222.9650,54.8800,Metal1,223.1950,54.8800,9.660e-07
Metal1,222.9650,62.7200,Metal1,223.1950,62.7200,2.871e-10
Metal1,222.9650,70.5600,Metal1,223.1950,70.5600,1.326e-07
Metal1,222.9650,86.2400,Metal1,223.1950,86.2400,1.582e-07
Metal1,222.9650,94.0800,Metal1,223.1950,94.0800,1.297e-06
Metal1,222.9650,101.9200,Metal1,223.1950,101.9200,1.730e-08
Metal1,222.9650,109.7600,Metal1,223.1950,109.7600,1.050e-07
Metal1,222.9650,118.0600,Metal1,223.0100,117.0350,2.098e-10
Metal1,222.9650,125.4400,Metal1,223.1950,125.4400,1.047e-11
Metal1,222.9650,133.2800,Metal1,223.1950,133.2800,1.010e-11
Metal1,222.9650,141.1200,Metal1,223.1950,141.1200,1.039e-11
Metal1,222.9650,148.9600,Metal1,223.1950,148.9600,1.076e-11
Metal1,222.9650,156.8000,Metal1,223.1950,156.8000,1.106e-11
Metal1,222.9650,164.6400,Metal1,223.1950,164.6400,1.010e-11
Metal1,222.9650,172.4800,Metal1,223.1950,172.4800,1.061e-11
Metal1,222.9650,180.3200,Metal1,223.1950,180.3200,1.121e-11
Metal1,222.9650,188.1600,Metal1,223.1950,188.1600,1.121e-11
Metal1,222.9650,196.0000,Metal1,223.1950,196.0000,1.106e-11
Metal1,222.9650,203.8400,Metal1,223.1950,203.8400,1.091e-11
Metal1,222.9650,211.6800,Metal1,223.1950,211.6800,1.099e-11
Metal1,222.9650,219.5200,Metal1,223.1950,219.5200,1.099e-11
Metal1,222.9650,227.3600,Metal1,223.1950,227.3600,1.047e-11
Metal1,222.9650,235.2000,Metal1,223.1950,235.2000,1.054e-11
Metal1,222.9650,243.0400,Metal1,223.1950,243.0400,1.099e-11
Metal1,223.0100,117.0350,Metal1,223.1950,117.6000,1.551e-13
Metal1,223.1950,31.3600,Metal1,224.6450,31.3600,8.962e-07
Metal1,223.1950,39.2000,Metal1,224.6450,39.2000,4.011e-07
Metal1,223.1950,47.0400,Metal1,224.6450,47.0400,6.865e-08
Metal1,223.1950,54.8800,Metal1,224.6450,54.8800,9.660e-07
Metal1,223.1950,62.7200,Metal1,223.7900,62.7200,2.871e-10
Metal1,223.1950,70.5600,Metal1,224.1650,70.5600,1.326e-07
Metal1,223.1950,86.2400,Metal1,224.6450,86.2400,1.582e-07
Metal1,223.1950,94.0800,Metal1,224.6450,94.0800,1.297e-06
Metal1,223.1950,101.9200,Metal1,224.7700,101.9200,1.730e-08
Metal1,223.1950,109.7600,Metal1,225.2050,109.7600,1.157e-08
Metal1,223.1950,117.6000,Metal1,225.2050,117.6000,1.561e-13
Metal1,223.1950,125.4400,Metal1,224.6450,125.4400,1.050e-11
Metal1,223.1950,133.2800,Metal1,224.6450,133.2800,1.010e-11
Metal1,223.1950,141.1200,Metal1,224.6450,141.1200,1.043e-11
Metal1,223.1950,148.9600,Metal1,224.6450,148.9600,1.078e-11
Metal1,223.1950,156.8000,Metal1,224.6450,156.8000,1.103e-11
Metal1,223.1950,164.6400,Metal1,224.6450,164.6400,1.006e-11
Metal1,223.1950,172.4800,Metal1,224.6450,172.4800,1.063e-11
Metal1,223.1950,180.3200,Metal1,224.6450,180.3200,1.128e-11
Metal1,223.1950,188.1600,Metal1,224.6450,188.1600,1.124e-11
Metal1,223.1950,196.0000,Metal1,224.6450,196.0000,1.107e-11
Metal1,223.1950,203.8400,Metal1,224.6450,203.8400,1.089e-11
Metal1,223.1950,211.6800,Metal1,224.6450,211.6800,1.107e-11
Metal1,223.1950,219.5200,Metal1,224.6450,219.5200,1.102e-11
Metal1,223.1950,227.3600,Metal1,224.6450,227.3600,1.047e-11
Metal1,223.1950,235.2000,Metal1,224.6450,235.2000,1.054e-11
Metal1,223.1950,243.0400,Metal1,224.6450,243.0400,1.098e-11
Metal1,223.2650,23.5200,Metal1,223.4950,23.5200,1.030e-07
Metal1,223.4950,23.5200,Metal1,224.7250,23.5200,1.030e-07
Metal1,223.5250,15.6800,Metal1,223.7550,15.6800,8.314e-12
Metal1,223.5250,250.8800,Metal1,223.7550,250.8800,1.102e-10
Metal1,223.7550,15.6800,Metal1,224.6450,15.6800,1.537e-12
Metal1,223.7550,250.8800,Metal1,225.5100,250.8800,1.002e-10
Metal1,223.7900,62.7200,Metal1,224.1300,62.7200,7.588e-12
Metal1,224.1300,62.7200,Metal1,225.2050,62.7200,1.175e-10
Metal1,224.1650,70.5600,Metal1,224.3950,70.5600,1.550e-07
Metal1,224.3950,70.5600,Metal1,225.2050,70.5600,1.550e-07
Metal1,224.6450,15.6800,Metal1,224.8750,15.6800,1.545e-10
Metal1,224.6450,31.3600,Metal1,224.8750,31.3600,3.365e-06
Metal1,224.6450,39.2000,Metal1,224.8750,39.2000,1.504e-06
Metal1,224.6450,47.0400,Metal1,224.8750,47.0400,2.493e-07
Metal1,224.6450,54.8800,Metal1,224.8750,54.8800,3.626e-06
Metal1,224.6450,78.4000,Metal1,224.8750,78.4000,8.896e-07
Metal1,224.6450,86.2400,Metal1,224.8750,86.2400,5.940e-07
Metal1,224.6450,94.0800,Metal1,224.8750,94.0800,4.870e-06
Metal1,224.6450,125.4400,Metal1,224.8750,125.4400,3.942e-11
Metal1,224.6450,133.2800,Metal1,224.8750,133.2800,3.786e-11
Metal1,224.6450,141.1200,Metal1,224.8750,141.1200,3.919e-11
Metal1,224.6450,148.9600,Metal1,224.8750,148.9600,4.053e-11
Metal1,224.6450,156.8000,Metal1,224.8750,156.8000,4.142e-11
Metal1,224.6450,164.6400,Metal1,224.8750,164.6400,3.786e-11
Metal1,224.6450,172.4800,Metal1,224.8750,172.4800,3.994e-11
Metal1,224.6450,180.3200,Metal1,224.8750,180.3200,4.231e-11
Metal1,224.6450,188.1600,Metal1,224.8750,188.1600,4.224e-11
Metal1,224.6450,196.0000,Metal1,224.8750,196.0000,4.157e-11
Metal1,224.6450,203.8400,Metal1,224.8750,203.8400,4.090e-11
Metal1,224.6450,211.6800,Metal1,224.8750,211.6800,4.149e-11
Metal1,224.6450,219.5200,Metal1,224.8750,219.5200,4.127e-11
Metal1,224.6450,227.3600,Metal1,224.8750,227.3600,3.934e-11
Metal1,224.6450,235.2000,Metal1,224.8750,235.2000,3.956e-11
Metal1,224.6450,243.0400,Metal1,224.8750,243.0400,4.120e-11
Metal1,224.7250,23.5200,Metal1,224.9550,23.5200,9.233e-06
Metal1,224.7700,101.9200,Metal1,225.0000,101.9200,4.702e-08
Metal1,224.8750,15.6800,Metal1,225.5100,15.6800,1.545e-10
Metal1,224.8750,31.3600,Metal1,225.2050,31.3600,3.365e-06
Metal1,224.8750,39.2000,Metal1,225.2050,39.2000,1.504e-06
Metal1,224.8750,47.0400,Metal1,225.2050,47.0400,2.493e-07
Metal1,224.8750,54.8800,Metal1,225.2050,54.8800,3.626e-06
Metal1,224.8750,78.4000,Metal1,224.9450,78.4000,8.896e-07
Metal1,224.8750,86.2400,Metal1,225.2050,86.2400,5.940e-07
Metal1,224.8750,94.0800,Metal1,225.2050,94.0800,4.870e-06
Metal1,224.8750,125.4400,Metal1,225.2050,125.4400,3.937e-11
Metal1,224.8750,133.2800,Metal1,225.2050,133.2800,3.790e-11
Metal1,224.8750,141.1200,Metal1,225.2050,141.1200,3.913e-11
Metal1,224.8750,148.9600,Metal1,225.2050,148.9600,4.041e-11
Metal1,224.8750,156.8000,Metal1,225.2050,156.8000,4.136e-11
Metal1,224.8750,164.6400,Metal1,225.2050,164.6400,3.773e-11
Metal1,224.8750,172.4800,Metal1,225.2050,172.4800,3.985e-11
Metal1,224.8750,180.3200,Metal1,225.2050,180.3200,4.229e-11
Metal1,224.8750,188.1600,Metal1,225.2050,188.1600,4.215e-11
Metal1,224.8750,196.0000,Metal1,225.2050,196.0000,4.154e-11
Metal1,224.8750,203.8400,Metal1,225.2050,203.8400,4.087e-11
Metal1,224.8750,211.6800,Metal1,225.2050,211.6800,4.148e-11
Metal1,224.8750,219.5200,Metal1,225.2050,219.5200,4.132e-11
Metal1,224.8750,227.3600,Metal1,225.2050,227.3600,3.930e-11
Metal1,224.8750,235.2000,Metal1,225.2050,235.2000,3.953e-11
Metal1,224.8750,243.0400,Metal1,225.2050,243.0400,4.118e-11
Metal1,224.9450,78.4000,Metal1,225.1750,78.4000,7.527e-06
Metal1,224.9550,23.5200,Metal1,226.8850,23.5200,6.335e-08
Metal1,225.0000,101.9200,Metal1,225.2050,101.9200,4.702e-08
Metal1,225.1750,78.4000,Metal1,226.8850,78.4000,5.824e-08
Metal1,225.2050,31.3600,Metal1,225.4350,31.3600,2.921e-07
Metal1,225.2050,39.2000,Metal1,225.4350,39.2000,6.075e-09
Metal1,225.2050,47.0400,Metal1,225.4350,47.0400,5.597e-07
Metal1,225.2050,54.8800,Metal1,225.4350,54.8800,2.600e-07
Metal1,225.2050,62.7200,Metal1,225.4350,62.7200,8.388e-12
Metal1,225.2050,70.5600,Metal1,225.4350,70.5600,6.369e-10
Metal1,225.2050,86.2400,Metal1,225.4350,86.2400,5.154e-08
Metal1,225.2050,94.0800,Metal1,225.4350,94.0800,3.501e-07
Metal1,225.2050,101.9200,Metal1,225.4350,101.9200,8.808e-08
Metal1,225.2050,109.7600,Metal1,225.4350,109.7600,1.918e-06
Metal1,225.2050,117.6000,Metal1,225.4350,117.6000,0.000e+00
Metal1,225.2050,125.4400,Metal1,225.4350,125.4400,8.165e-13
Metal1,225.2050,133.2800,Metal1,225.4350,133.2800,8.908e-13
Metal1,225.2050,141.1200,Metal1,225.4350,141.1200,8.165e-13
Metal1,225.2050,148.9600,Metal1,225.4350,148.9600,8.165e-13
Metal1,225.2050,156.8000,Metal1,225.4350,156.8000,8.908e-13
Metal1,225.2050,164.6400,Metal1,225.4350,164.6400,8.908e-13
Metal1,225.2050,172.4800,Metal1,225.4350,172.4800,8.908e-13
Metal1,225.2050,180.3200,Metal1,225.4350,180.3200,8.908e-13
Metal1,225.2050,188.1600,Metal1,225.4350,188.1600,8.908e-13
Metal1,225.2050,196.0000,Metal1,225.4350,196.0000,8.165e-13
Metal1,225.2050,203.8400,Metal1,225.4350,203.8400,7.423e-13
Metal1,225.2050,211.6800,Metal1,225.4350,211.6800,8.165e-13
Metal1,225.2050,219.5200,Metal1,225.4350,219.5200,8.165e-13
Metal1,225.2050,227.3600,Metal1,225.4350,227.3600,7.423e-13
Metal1,225.2050,235.2000,Metal1,225.4350,235.2000,8.165e-13
Metal1,225.2050,243.0400,Metal1,225.4350,243.0400,8.908e-13
Metal1,225.4350,31.3600,Metal1,226.8850,31.3600,7.138e-07
Metal1,225.4350,39.2000,Metal1,226.8850,39.2000,6.075e-09
Metal1,225.4350,47.0400,Metal1,226.8850,47.0400,1.051e-07
Metal1,225.4350,54.8800,Metal1,226.8850,54.8800,3.986e-11
Metal1,225.4350,62.7200,Metal1,227.4450,62.7200,3.182e-13
Metal1,225.4350,70.5600,Metal1,226.8850,70.5600,6.370e-10
Metal1,225.4350,86.2400,Metal1,226.8850,86.2400,1.257e-07
Metal1,225.4350,94.0800,Metal1,226.8850,94.0800,1.943e-08
Metal1,225.4350,101.9200,Metal1,227.4450,101.9200,3.925e-09
Metal1,225.4350,109.7600,Metal1,227.0450,109.7600,1.918e-06
Metal1,225.4350,117.6000,Metal1,227.4450,117.6000,2.946e-15
Metal1,225.4350,125.4400,Metal1,226.8850,125.4400,8.780e-13
Metal1,225.4350,133.2800,Metal1,226.8850,133.2800,8.657e-13
Metal1,225.4350,141.1200,Metal1,226.8850,141.1200,8.739e-13
Metal1,225.4350,148.9600,Metal1,226.8850,148.9600,8.780e-13
Metal1,225.4350,156.8000,Metal1,226.8850,156.8000,8.821e-13
Metal1,225.4350,164.6400,Metal1,226.8850,164.6400,8.698e-13
Metal1,225.4350,172.4800,Metal1,226.8850,172.4800,8.739e-13
Metal1,225.4350,180.3200,Metal1,226.8850,180.3200,8.861e-13
Metal1,225.4350,188.1600,Metal1,226.8850,188.1600,8.861e-13
Metal1,225.4350,196.0000,Metal1,226.8850,196.0000,8.739e-13
Metal1,225.4350,203.8400,Metal1,226.8850,203.8400,8.861e-13
Metal1,225.4350,211.6800,Metal1,226.8850,211.6800,8.861e-13
Metal1,225.4350,219.5200,Metal1,226.8850,219.5200,8.780e-13
Metal1,225.4350,227.3600,Metal1,226.8850,227.3600,8.739e-13
Metal1,225.4350,235.2000,Metal1,226.8850,235.2000,8.780e-13
Metal1,225.4350,243.0400,Metal1,226.8850,243.0400,8.821e-13
Metal1,225.5100,15.6800,Metal1,225.8500,15.6800,1.452e-10
Metal1,225.5100,250.8800,Metal1,225.8500,250.8800,8.987e-11
Metal1,225.8500,15.6800,Metal1,226.8850,15.6800,1.451e-10
Metal1,225.8500,250.8800,Metal1,228.0050,250.8800,8.995e-11
Metal1,226.8850,15.6800,Metal1,227.1150,15.6800,2.056e-11
Metal1,226.8850,23.5200,Metal1,227.1150,23.5200,9.233e-06
Metal1,226.8850,31.3600,Metal1,227.1150,31.3600,2.481e-06
Metal1,226.8850,39.2000,Metal1,227.1150,39.2000,5.722e-10
Metal1,226.8850,47.0400,Metal1,227.1150,47.0400,3.572e-07
Metal1,226.8850,54.8800,Metal1,227.1150,54.8800,4.370e-09
Metal1,226.8850,70.5600,Metal1,227.1150,70.5600,1.312e-10
Metal1,226.8850,78.4000,Metal1,227.1150,78.4000,7.527e-06
Metal1,226.8850,86.2400,Metal1,227.1150,86.2400,4.369e-07
Metal1,226.8850,94.0800,Metal1,227.1150,94.0800,4.039e-09
Metal1,226.8850,125.4400,Metal1,227.1150,125.4400,2.524e-12
Metal1,226.8850,133.2800,Metal1,227.1150,133.2800,2.524e-12
Metal1,226.8850,141.1200,Metal1,227.1150,141.1200,2.524e-12
Metal1,226.8850,148.9600,Metal1,227.1150,148.9600,2.524e-12
Metal1,226.8850,156.8000,Metal1,227.1150,156.8000,2.524e-12
Metal1,226.8850,164.6400,Metal1,227.1150,164.6400,2.524e-12
Metal1,226.8850,172.4800,Metal1,227.1150,172.4800,2.524e-12
Metal1,226.8850,180.3200,Metal1,227.1150,180.3200,2.524e-12
Metal1,226.8850,188.1600,Metal1,227.1150,188.1600,2.598e-12
Metal1,226.8850,196.0000,Metal1,227.1150,196.0000,2.524e-12
Metal1,226.8850,203.8400,Metal1,227.1150,203.8400,2.524e-12
Metal1,226.8850,211.6800,Metal1,227.1150,211.6800,2.598e-12
Metal1,226.8850,219.5200,Metal1,227.1150,219.5200,2.450e-12
Metal1,226.8850,227.3600,Metal1,227.1150,227.3600,2.524e-12
Metal1,226.8850,235.2000,Metal1,227.1150,235.2000,2.524e-12
Metal1,226.8850,243.0400,Metal1,227.1150,243.0400,2.524e-12
Metal1,227.0450,109.7600,Metal1,227.2750,109.7600,2.230e-07
Metal1,227.1150,15.6800,Metal1,228.0050,15.6800,2.067e-11
Metal1,227.1150,23.5200,Metal1,227.4450,23.5200,9.233e-06
Metal1,227.1150,31.3600,Metal1,227.4450,31.3600,2.481e-06
Metal1,227.1150,39.2000,Metal1,227.4450,39.2000,1.914e-09
Metal1,227.1150,47.0400,Metal1,227.4450,47.0400,3.572e-07
Metal1,227.1150,54.8800,Metal1,227.4450,54.8800,4.370e-09
Metal1,227.1150,70.5600,Metal1,227.4450,70.5600,1.311e-10
Metal1,227.1150,78.4000,Metal1,228.5650,78.4000,7.527e-06
Metal1,227.1150,86.2400,Metal1,227.4450,86.2400,4.369e-07
Metal1,227.1150,94.0800,Metal1,227.4450,94.0800,7.583e-08
Metal1,227.1150,125.4400,Metal1,227.4450,125.4400,2.566e-12
Metal1,227.1150,133.2800,Metal1,227.4450,133.2800,2.584e-12
Metal1,227.1150,141.1200,Metal1,227.4450,141.1200,2.602e-12
Metal1,227.1150,148.9600,Metal1,227.4450,148.9600,2.584e-12
Metal1,227.1150,156.8000,Metal1,227.4450,156.8000,2.584e-12
Metal1,227.1150,164.6400,Metal1,227.4450,164.6400,2.584e-12
Metal1,227.1150,172.4800,Metal1,227.4450,172.4800,2.584e-12
Metal1,227.1150,180.3200,Metal1,227.4450,180.3200,2.584e-12
Metal1,227.1150,188.1600,Metal1,227.4450,188.1600,2.584e-12
Metal1,227.1150,196.0000,Metal1,227.4450,196.0000,2.548e-12
Metal1,227.1150,203.8400,Metal1,227.4450,203.8400,2.620e-12
Metal1,227.1150,211.6800,Metal1,227.4450,211.6800,2.602e-12
Metal1,227.1150,219.5200,Metal1,227.4450,219.5200,2.566e-12
Metal1,227.1150,227.3600,Metal1,227.4450,227.3600,2.584e-12
Metal1,227.1150,235.2000,Metal1,227.4450,235.2000,2.620e-12
Metal1,227.1150,243.0400,Metal1,227.4450,243.0400,2.602e-12
Metal1,227.2750,109.7600,Metal1,228.9500,109.7600,1.259e-06
Metal1,227.4450,23.5200,Metal1,227.6750,23.5200,6.635e-07
Metal1,227.4450,31.3600,Metal1,227.6750,31.3600,6.749e-07
Metal1,227.4450,39.2000,Metal1,227.6750,39.2000,4.006e-10
Metal1,227.4450,47.0400,Metal1,227.6750,47.0400,9.732e-08
Metal1,227.4450,54.8800,Metal1,227.6750,54.8800,2.607e-08
Metal1,227.4450,62.7200,Metal1,227.6750,62.7200,1.059e-10
Metal1,227.4450,70.5600,Metal1,227.6750,70.5600,3.274e-11
Metal1,227.4450,86.2400,Metal1,227.6750,86.2400,1.188e-07
Metal1,227.4450,94.0800,Metal1,227.6750,94.0800,1.709e-08
Metal1,227.4450,101.9200,Metal1,227.6750,101.9200,1.762e-09
Metal1,227.4450,117.6000,Metal1,227.6650,117.0350,3.843e-15
Metal1,227.4450,125.4400,Metal1,227.6750,125.4400,6.681e-13
Metal1,227.4450,133.2800,Metal1,227.6750,133.2800,6.681e-13
Metal1,227.4450,141.1200,Metal1,227.6750,141.1200,7.423e-13
Metal1,227.4450,148.9600,Metal1,227.6750,148.9600,7.423e-13
Metal1,227.4450,156.8000,Metal1,227.6750,156.8000,7.423e-13
Metal1,227.4450,164.6400,Metal1,227.6750,164.6400,6.681e-13
Metal1,227.4450,172.4800,Metal1,227.6750,172.4800,6.681e-13
Metal1,227.4450,180.3200,Metal1,227.6750,180.3200,7.423e-13
Metal1,227.4450,188.1600,Metal1,227.6750,188.1600,7.423e-13
Metal1,227.4450,196.0000,Metal1,227.6750,196.0000,6.681e-13
Metal1,227.4450,203.8400,Metal1,227.6750,203.8400,6.681e-13
Metal1,227.4450,211.6800,Metal1,227.6750,211.6800,7.423e-13
Metal1,227.4450,219.5200,Metal1,227.6750,219.5200,6.681e-13
Metal1,227.4450,227.3600,Metal1,227.6750,227.3600,7.423e-13
Metal1,227.4450,235.2000,Metal1,227.6750,235.2000,7.423e-13
Metal1,227.4450,243.0400,Metal1,227.6750,243.0400,7.423e-13
Metal1,227.6650,117.0350,Metal1,227.6750,118.0925,2.706e-15
Metal1,227.6750,23.5200,Metal1,229.6850,23.5200,3.261e-08
Metal1,227.6750,31.3600,Metal1,229.1250,31.3600,6.749e-07
Metal1,227.6750,39.2000,Metal1,229.1250,39.2000,4.007e-10
Metal1,227.6750,47.0400,Metal1,229.1250,47.0400,9.731e-08
Metal1,227.6750,54.8800,Metal1,229.6850,54.8800,2.605e-08
Metal1,227.6750,62.7200,Metal1,228.7850,62.7200,1.058e-10
Metal1,227.6750,70.5600,Metal1,229.1250,70.5600,3.275e-11
Metal1,227.6750,86.2400,Metal1,229.1250,86.2400,1.188e-07
Metal1,227.6750,94.0800,Metal1,229.1250,94.0800,1.709e-08
Metal1,227.6750,101.9200,Metal1,229.6850,101.9200,1.762e-09
Metal1,227.6750,118.0925,Metal1,227.8950,117.6000,0.000e+00
Metal1,227.6750,125.4400,Metal1,229.1250,125.4400,6.942e-13
Metal1,227.6750,133.2800,Metal1,229.1250,133.2800,6.983e-13
Metal1,227.6750,141.1200,Metal1,229.1250,141.1200,7.024e-13
Metal1,227.6750,148.9600,Metal1,229.1250,148.9600,7.024e-13
Metal1,227.6750,156.8000,Metal1,229.1250,156.8000,7.024e-13
Metal1,227.6750,164.6400,Metal1,229.1250,164.6400,7.065e-13
Metal1,227.6750,172.4800,Metal1,229.1250,172.4800,7.024e-13
Metal1,227.6750,180.3200,Metal1,229.1250,180.3200,7.024e-13
Metal1,227.6750,188.1600,Metal1,229.1250,188.1600,7.024e-13
Metal1,227.6750,196.0000,Metal1,229.1250,196.0000,6.942e-13
Metal1,227.6750,203.8400,Metal1,229.1250,203.8400,7.105e-13
Metal1,227.6750,211.6800,Metal1,229.1250,211.6800,7.065e-13
Metal1,227.6750,219.5200,Metal1,229.1250,219.5200,6.942e-13
Metal1,227.6750,227.3600,Metal1,229.1250,227.3600,6.983e-13
Metal1,227.6750,235.2000,Metal1,229.1250,235.2000,7.024e-13
Metal1,227.6750,243.0400,Metal1,229.1250,243.0400,7.024e-13
Metal1,227.8950,117.6000,Metal1,229.4050,117.6000,3.921e-15
Metal1,228.0050,15.6800,Metal1,228.2350,15.6800,1.967e-11
Metal1,228.0050,250.8800,Metal1,228.2350,250.8800,2.227e-13
Metal1,228.2350,15.6800,Metal1,229.1250,15.6800,1.968e-11
Metal1,228.2350,250.8800,Metal1,230.2450,250.8800,2.857e-13
Metal1,228.5650,78.4000,Metal1,228.7950,78.4000,5.626e-07
Metal1,228.7850,62.7200,Metal1,229.0150,62.7200,7.984e-11
Metal1,228.7950,78.4000,Metal1,230.0700,78.4000,3.297e-07
Metal1,228.9500,109.7600,Metal1,229.2900,109.7600,5.383e-08
Metal1,229.0150,62.7200,Metal1,229.6850,62.7200,7.985e-11
Metal1,229.1250,15.6800,Metal1,229.3550,15.6800,7.423e-14
Metal1,229.1250,31.3600,Metal1,229.3550,31.3600,1.719e-07
Metal1,229.1250,39.2000,Metal1,229.3550,39.2000,3.750e-09
Metal1,229.1250,47.0400,Metal1,229.3550,47.0400,8.231e-09
Metal1,229.1250,70.5600,Metal1,229.3550,70.5600,8.388e-12
Metal1,229.1250,86.2400,Metal1,229.3550,86.2400,3.026e-08
Metal1,229.1250,94.0800,Metal1,229.3550,94.0800,1.123e-07
Metal1,229.1250,125.4400,Metal1,229.3550,125.4400,1.485e-13
Metal1,229.1250,133.2800,Metal1,229.3550,133.2800,1.485e-13
Metal1,229.1250,141.1200,Metal1,229.3550,141.1200,1.485e-13
Metal1,229.1250,148.9600,Metal1,229.3550,148.9600,2.227e-13
Metal1,229.1250,156.8000,Metal1,229.3550,156.8000,2.227e-13
Metal1,229.1250,164.6400,Metal1,229.3550,164.6400,2.227e-13
Metal1,229.1250,172.4800,Metal1,229.3550,172.4800,1.485e-13
Metal1,229.1250,180.3200,Metal1,229.3550,180.3200,2.227e-13
Metal1,229.1250,188.1600,Metal1,229.3550,188.1600,7.423e-14
Metal1,229.1250,196.0000,Metal1,229.3550,196.0000,1.485e-13
Metal1,229.1250,203.8400,Metal1,229.3550,203.8400,2.227e-13
Metal1,229.1250,211.6800,Metal1,229.3550,211.6800,2.227e-13
Metal1,229.1250,219.5200,Metal1,229.3550,219.5200,7.423e-14
Metal1,229.1250,227.3600,Metal1,229.3550,227.3600,1.485e-13
Metal1,229.1250,235.2000,Metal1,229.3550,235.2000,7.423e-14
Metal1,229.1250,243.0400,Metal1,229.3550,243.0400,7.423e-14
Metal1,229.2900,109.7600,Metal1,231.9250,109.7600,5.483e-13
Metal1,229.3550,15.6800,Metal1,230.2450,15.6800,2.158e-11
Metal1,229.3550,31.3600,Metal1,229.6850,31.3600,3.075e-06
Metal1,229.3550,39.2000,Metal1,229.6850,39.2000,3.750e-09
Metal1,229.3550,47.0400,Metal1,230.8100,47.0400,1.765e-08
Metal1,229.3550,70.5600,Metal1,229.6850,70.5600,1.502e-10
Metal1,229.3550,86.2400,Metal1,229.6850,86.2400,5.414e-07
Metal1,229.3550,94.0800,Metal1,229.6850,94.0800,1.123e-07
Metal1,229.3550,125.4400,Metal1,229.6850,125.4400,3.212e-12
Metal1,229.3550,133.2800,Metal1,229.6850,133.2800,3.194e-12
Metal1,229.3550,141.1200,Metal1,229.6850,141.1200,3.230e-12
Metal1,229.3550,148.9600,Metal1,229.6850,148.9600,3.230e-12
Metal1,229.3550,156.8000,Metal1,229.6850,156.8000,3.212e-12
Metal1,229.3550,164.6400,Metal1,229.6850,164.6400,3.230e-12
Metal1,229.3550,172.4800,Metal1,229.6850,172.4800,3.230e-12
Metal1,229.3550,180.3200,Metal1,229.6850,180.3200,3.212e-12
Metal1,229.3550,188.1600,Metal1,229.6850,188.1600,3.230e-12
Metal1,229.3550,196.0000,Metal1,229.6850,196.0000,3.176e-12
Metal1,229.3550,203.8400,Metal1,229.6850,203.8400,3.212e-12
Metal1,229.3550,211.6800,Metal1,229.6850,211.6800,3.212e-12
Metal1,229.3550,219.5200,Metal1,229.6850,219.5200,3.194e-12
Metal1,229.3550,227.3600,Metal1,229.6850,227.3600,3.194e-12
Metal1,229.3550,235.2000,Metal1,229.6850,235.2000,3.230e-12
Metal1,229.3550,243.0400,Metal1,229.6850,243.0400,3.212e-12
Metal1,229.4050,117.6000,Metal1,229.6350,117.6000,1.156e-12
Metal1,229.6350,117.6000,Metal1,229.6850,117.6000,1.303e-12
Metal1,229.6850,23.5200,Metal1,229.9150,23.5200,9.233e-06
Metal1,229.6850,31.3600,Metal1,229.9150,31.3600,6.771e-07
Metal1,229.6850,39.2000,Metal1,229.9150,39.2000,1.400e-07
Metal1,229.6850,54.8800,Metal1,229.9150,54.8800,8.214e-06
Metal1,229.6850,62.7200,Metal1,229.9150,62.7200,9.846e-09
Metal1,229.6850,70.5600,Metal1,229.9150,70.5600,8.314e-12
Metal1,229.6850,86.2400,Metal1,229.9150,86.2400,1.227e-07
Metal1,229.6850,94.0800,Metal1,229.9150,94.0800,1.103e-05
Metal1,229.6850,101.9200,Metal1,229.9150,101.9200,5.596e-07
Metal1,229.6850,117.6000,Metal1,229.9150,117.6000,1.485e-13
Metal1,229.6850,125.4400,Metal1,229.9150,125.4400,2.227e-13
Metal1,229.6850,133.2800,Metal1,229.9150,133.2800,2.227e-13
Metal1,229.6850,141.1200,Metal1,229.9150,141.1200,2.227e-13
Metal1,229.6850,148.9600,Metal1,229.9150,148.9600,7.423e-14
Metal1,229.6850,156.8000,Metal1,229.9150,156.8000,2.227e-13
Metal1,229.6850,164.6400,Metal1,229.9150,164.6400,1.485e-13
Metal1,229.6850,172.4800,Metal1,229.9150,172.4800,7.423e-14
Metal1,229.6850,180.3200,Metal1,229.9150,180.3200,2.227e-13
Metal1,229.6850,188.1600,Metal1,229.9150,188.1600,2.969e-13
Metal1,229.6850,196.0000,Metal1,229.9150,196.0000,2.227e-13
Metal1,229.6850,203.8400,Metal1,229.9150,203.8400,2.227e-13
Metal1,229.6850,211.6800,Metal1,229.9150,211.6800,1.485e-13
Metal1,229.6850,219.5200,Metal1,229.9150,219.5200,2.227e-13
Metal1,229.6850,227.3600,Metal1,229.9150,227.3600,2.969e-13
Metal1,229.6850,235.2000,Metal1,229.9150,235.2000,1.485e-13
Metal1,229.6850,243.0400,Metal1,229.9150,243.0400,2.227e-13
Metal1,229.9150,23.5200,Metal1,230.0700,23.5200,9.233e-06
Metal1,229.9150,31.3600,Metal1,231.3650,31.3600,6.771e-07
Metal1,229.9150,39.2000,Metal1,231.9250,39.2000,5.911e-09
Metal1,229.9150,54.8800,Metal1,230.3700,54.8800,8.214e-06
Metal1,229.9150,62.7200,Metal1,230.5250,62.7200,9.837e-09
Metal1,229.9150,70.5600,Metal1,231.3650,70.5600,3.458e-11
Metal1,229.9150,86.2400,Metal1,231.3650,86.2400,1.226e-07
Metal1,229.9150,94.0800,Metal1,233.1250,94.0800,9.295e-09
Metal1,229.9150,101.9200,Metal1,230.2450,101.9200,5.596e-07
Metal1,229.9150,117.6000,Metal1,231.9250,117.6000,5.597e-14
Metal1,229.9150,125.4400,Metal1,231.3650,125.4400,7.432e-13
Metal1,229.9150,133.2800,Metal1,231.3650,133.2800,7.391e-13
Metal1,229.9150,141.1200,Metal1,231.3650,141.1200,7.432e-13
Metal1,229.9150,148.9600,Metal1,231.3650,148.9600,7.391e-13
Metal1,229.9150,156.8000,Metal1,231.3650,156.8000,7.391e-13
Metal1,229.9150,164.6400,Metal1,231.3650,164.6400,7.391e-13
Metal1,229.9150,172.4800,Metal1,231.3650,172.4800,7.391e-13
Metal1,229.9150,180.3200,Metal1,231.3650,180.3200,7.391e-13
Metal1,229.9150,188.1600,Metal1,231.3650,188.1600,7.473e-13
Metal1,229.9150,196.0000,Metal1,231.3650,196.0000,7.350e-13
Metal1,229.9150,203.8400,Metal1,231.3650,203.8400,7.432e-13
Metal1,229.9150,211.6800,Metal1,231.3650,211.6800,7.350e-13
Metal1,229.9150,219.5200,Metal1,231.3650,219.5200,7.350e-13
Metal1,229.9150,227.3600,Metal1,231.3650,227.3600,7.391e-13
Metal1,229.9150,235.2000,Metal1,231.3650,235.2000,7.350e-13
Metal1,229.9150,243.0400,Metal1,231.3650,243.0400,7.350e-13
Metal1,230.0700,23.5200,Metal1,230.4100,23.5200,7.354e-07
Metal1,230.0700,78.4000,Metal1,230.4100,78.4000,2.564e-08
Metal1,230.2450,15.6800,Metal1,230.4750,15.6800,1.485e-13
Metal1,230.2450,101.9200,Metal1,230.4750,101.9200,4.355e-08
Metal1,230.2450,250.8800,Metal1,230.4750,250.8800,1.485e-13
Metal1,230.3700,54.8800,Metal1,230.6000,54.8800,7.718e-07
Metal1,230.4100,23.5200,Metal1,231.4900,23.5200,7.973e-06
Metal1,230.4100,78.4000,Metal1,230.8050,78.4000,9.296e-07
Metal1,230.4750,15.6800,Metal1,231.3650,15.6800,2.141e-11
Metal1,230.4750,101.9200,Metal1,231.3700,101.9200,4.855e-08
Metal1,230.4750,250.8800,Metal1,232.4850,250.8800,0.000e+00
Metal1,230.5250,62.7200,Metal1,230.7550,62.7200,1.018e-06
Metal1,230.6000,54.8800,Metal1,232.8700,54.8800,6.869e-06
Metal1,230.7550,62.7200,Metal1,230.9650,62.7200,1.018e-06
Metal1,230.8050,78.4000,Metal1,231.0350,78.4000,6.268e-06
Metal1,230.8100,47.0400,Metal1,231.1500,47.0400,5.432e-08
Metal1,230.9650,62.7200,Metal1,231.1950,62.7200,9.676e-08
Metal1,231.0350,78.4000,Metal1,233.1500,78.4000,6.268e-06
Metal1,231.1500,47.0400,Metal1,231.3650,47.0400,5.432e-08
Metal1,231.1950,62.7200,Metal1,234.4250,62.7200,3.602e-07
Metal1,231.3650,15.6800,Metal1,231.5950,15.6800,1.952e-11
Metal1,231.3650,31.3600,Metal1,231.5950,31.3600,9.249e-07
Metal1,231.3650,47.0400,Metal1,231.5950,47.0400,2.778e-07
Metal1,231.3650,70.5600,Metal1,231.5950,70.5600,1.206e-10
Metal1,231.3650,86.2400,Metal1,231.5950,86.2400,9.551e-07
Metal1,231.3650,125.4400,Metal1,231.5950,125.4400,2.598e-12
Metal1,231.3650,133.2800,Metal1,231.5950,133.2800,2.524e-12
Metal1,231.3650,141.1200,Metal1,231.5950,141.1200,2.524e-12
Metal1,231.3650,148.9600,Metal1,231.5950,148.9600,2.598e-12
Metal1,231.3650,156.8000,Metal1,231.5950,156.8000,2.524e-12
Metal1,231.3650,164.6400,Metal1,231.5950,164.6400,2.524e-12
Metal1,231.3650,172.4800,Metal1,231.5950,172.4800,2.524e-12
Metal1,231.3650,180.3200,Metal1,231.5950,180.3200,2.524e-12
Metal1,231.3650,188.1600,Metal1,231.5950,188.1600,2.598e-12
Metal1,231.3650,196.0000,Metal1,231.5950,196.0000,2.598e-12
Metal1,231.3650,203.8400,Metal1,231.5950,203.8400,2.524e-12
Metal1,231.3650,211.6800,Metal1,231.5950,211.6800,2.598e-12
Metal1,231.3650,219.5200,Metal1,231.5950,219.5200,2.524e-12
Metal1,231.3650,227.3600,Metal1,231.5950,227.3600,2.598e-12
Metal1,231.3650,235.2000,Metal1,231.5950,235.2000,2.524e-12
Metal1,231.3650,243.0400,Metal1,231.5950,243.0400,2.524e-12
Metal1,231.3700,101.9200,Metal1,231.7100,101.9200,4.035e-08
Metal1,231.4900,23.5200,Metal1,231.7200,23.5200,7.472e-07
Metal1,231.5950,15.6800,Metal1,232.4850,15.6800,1.954e-11
Metal1,231.5950,31.3600,Metal1,233.1500,31.3600,9.249e-07
Metal1,231.5950,47.0400,Metal1,233.3450,47.0400,2.571e-10
Metal1,231.5950,70.5600,Metal1,231.9250,70.5600,1.205e-10
Metal1,231.5950,86.2400,Metal1,232.0500,86.2400,9.551e-07
Metal1,231.5950,125.4400,Metal1,231.9250,125.4400,2.584e-12
Metal1,231.5950,133.2800,Metal1,231.9250,133.2800,2.602e-12
Metal1,231.5950,141.1200,Metal1,231.9250,141.1200,2.602e-12
Metal1,231.5950,148.9600,Metal1,231.9250,148.9600,2.602e-12
Metal1,231.5950,156.8000,Metal1,231.9250,156.8000,2.620e-12
Metal1,231.5950,164.6400,Metal1,231.9250,164.6400,2.620e-12
Metal1,231.5950,172.4800,Metal1,231.9250,172.4800,2.602e-12
Metal1,231.5950,180.3200,Metal1,231.9250,180.3200,2.584e-12
Metal1,231.5950,188.1600,Metal1,231.9250,188.1600,2.620e-12
Metal1,231.5950,196.0000,Metal1,231.9250,196.0000,2.584e-12
Metal1,231.5950,203.8400,Metal1,231.9250,203.8400,2.620e-12
Metal1,231.5950,211.6800,Metal1,231.9250,211.6800,2.602e-12
Metal1,231.5950,219.5200,Metal1,231.9250,219.5200,2.584e-12
Metal1,231.5950,227.3600,Metal1,231.9250,227.3600,2.602e-12
Metal1,231.5950,235.2000,Metal1,231.9250,235.2000,2.602e-12
Metal1,231.5950,243.0400,Metal1,231.9250,243.0400,2.602e-12
Metal1,231.7100,101.9200,Metal1,232.4850,101.9200,4.035e-08
Metal1,231.7200,23.5200,Metal1,234.4700,23.5200,6.628e-06
Metal1,231.9250,39.2000,Metal1,232.1550,39.2000,2.343e-08
Metal1,231.9250,70.5600,Metal1,232.1550,70.5600,3.222e-11
Metal1,231.9250,109.7600,Metal1,232.1550,109.7600,1.041e-10
Metal1,231.9250,117.6000,Metal1,232.1550,117.6000,1.737e-11
Metal1,231.9250,125.4400,Metal1,232.1550,125.4400,6.681e-13
Metal1,231.9250,133.2800,Metal1,232.1550,133.2800,7.423e-13
Metal1,231.9250,141.1200,Metal1,232.1550,141.1200,7.423e-13
Metal1,231.9250,148.9600,Metal1,232.1550,148.9600,6.681e-13
Metal1,231.9250,156.8000,Metal1,232.1550,156.8000,6.681e-13
Metal1,231.9250,164.6400,Metal1,232.1550,164.6400,7.423e-13
Metal1,231.9250,172.4800,Metal1,232.1550,172.4800,6.681e-13
Metal1,231.9250,180.3200,Metal1,232.1550,180.3200,6.681e-13
Metal1,231.9250,188.1600,Metal1,232.1550,188.1600,7.423e-13
Metal1,231.9250,196.0000,Metal1,232.1550,196.0000,6.681e-13
Metal1,231.9250,203.8400,Metal1,232.1550,203.8400,6.681e-13
Metal1,231.9250,211.6800,Metal1,232.1550,211.6800,7.423e-13
Metal1,231.9250,219.5200,Metal1,232.1550,219.5200,7.423e-13
Metal1,231.9250,227.3600,Metal1,232.1550,227.3600,7.423e-13
Metal1,231.9250,235.2000,Metal1,232.1550,235.2000,6.681e-13
Metal1,231.9250,243.0400,Metal1,232.1550,243.0400,7.423e-13
Metal1,232.0500,86.2400,Metal1,232.2800,86.2400,2.890e-08
Metal1,232.1550,39.2000,Metal1,233.1250,39.2000,2.343e-08
Metal1,232.1550,70.5600,Metal1,233.6050,70.5600,3.230e-11
Metal1,232.1550,109.7600,Metal1,234.4700,109.7600,8.252e-11
Metal1,232.1550,117.6000,Metal1,233.0450,117.6000,1.796e-13
Metal1,232.1550,125.4400,Metal1,233.6050,125.4400,6.942e-13
Metal1,232.1550,133.2800,Metal1,233.6050,133.2800,6.942e-13
Metal1,232.1550,141.1200,Metal1,233.6050,141.1200,6.901e-13
Metal1,232.1550,148.9600,Metal1,233.6050,148.9600,6.983e-13
Metal1,232.1550,156.8000,Metal1,233.6050,156.8000,7.065e-13
Metal1,232.1550,164.6400,Metal1,233.6050,164.6400,6.983e-13
Metal1,232.1550,172.4800,Metal1,233.6050,172.4800,6.942e-13
Metal1,232.1550,180.3200,Metal1,233.6050,180.3200,6.901e-13
Metal1,232.1550,188.1600,Metal1,233.6050,188.1600,6.983e-13
Metal1,232.1550,196.0000,Metal1,233.6050,196.0000,6.983e-13
Metal1,232.1550,203.8400,Metal1,233.6050,203.8400,6.942e-13
Metal1,232.1550,211.6800,Metal1,233.6050,211.6800,6.983e-13
Metal1,232.1550,219.5200,Metal1,233.6050,219.5200,6.901e-13
Metal1,232.1550,227.3600,Metal1,233.6050,227.3600,6.983e-13
Metal1,232.1550,235.2000,Metal1,233.6050,235.2000,6.942e-13
Metal1,232.1550,243.0400,Metal1,233.6050,243.0400,6.901e-13
Metal1,232.2800,86.2400,Metal1,233.6050,86.2400,3.903e-07
Metal1,232.4850,15.6800,Metal1,232.7150,15.6800,1.960e-11
Metal1,232.4850,101.9200,Metal1,232.7150,101.9200,4.707e-07
Metal1,232.4850,250.8800,Metal1,232.7150,250.8800,2.227e-13
Metal1,232.7150,15.6800,Metal1,233.6050,15.6800,1.961e-11
Metal1,232.7150,101.9200,Metal1,233.9050,101.9200,2.608e-09
Metal1,232.7150,250.8800,Metal1,234.7250,250.8800,2.533e-13
Metal1,232.8700,54.8800,Metal1,233.2100,54.8800,5.333e-07
Metal1,233.0450,117.6000,Metal1,233.2750,117.6000,7.497e-12
Metal1,233.1250,39.2000,Metal1,233.3550,39.2000,2.657e-08
Metal1,233.1250,94.0800,Metal1,233.1500,94.5450,9.295e-09
Metal1,233.1500,31.3600,Metal1,233.4900,31.3600,5.378e-06
Metal1,233.1500,78.4000,Metal1,233.4900,78.4000,2.653e-08
Metal1,233.1500,94.5450,Metal1,233.3550,93.7350,1.292e-08
Metal1,233.2100,54.8800,Metal1,234.4700,54.8800,5.610e-06
Metal1,233.2750,117.6000,Metal1,234.1650,117.6000,2.442e-12
Metal1,233.3450,47.0400,Metal1,233.5750,47.0400,2.098e-07
Metal1,233.3550,39.2000,Metal1,234.1650,39.2000,2.657e-08
Metal1,233.3550,93.7350,Metal1,233.4900,94.0800,1.292e-08
Metal1,233.4900,31.3600,Metal1,233.6050,31.3600,5.378e-06
Metal1,233.4900,78.4000,Metal1,234.4700,78.4000,2.653e-08
Metal1,233.4900,94.0800,Metal1,234.4700,94.0800,1.292e-08
Metal1,233.5750,47.0400,Metal1,233.6050,47.0400,2.098e-07
Metal1,233.6050,15.6800,Metal1,233.8350,15.6800,1.128e-11
Metal1,233.6050,31.3600,Metal1,233.8350,31.3600,1.319e-06
Metal1,233.6050,47.0400,Metal1,233.8350,47.0400,8.588e-11
Metal1,233.6050,70.5600,Metal1,233.8350,70.5600,1.237e-10
Metal1,233.6050,86.2400,Metal1,233.8350,86.2400,7.475e-11
Metal1,233.6050,125.4400,Metal1,233.8350,125.4400,2.524e-12
Metal1,233.6050,133.2800,Metal1,233.8350,133.2800,2.450e-12
Metal1,233.6050,141.1200,Metal1,233.8350,141.1200,2.450e-12
Metal1,233.6050,148.9600,Metal1,233.8350,148.9600,2.450e-12
Metal1,233.6050,156.8000,Metal1,233.8350,156.8000,2.450e-12
Metal1,233.6050,164.6400,Metal1,233.8350,164.6400,2.450e-12
Metal1,233.6050,172.4800,Metal1,233.8350,172.4800,2.450e-12
Metal1,233.6050,180.3200,Metal1,233.8350,180.3200,2.450e-12
Metal1,233.6050,188.1600,Metal1,233.8350,188.1600,2.450e-12
Metal1,233.6050,196.0000,Metal1,233.8350,196.0000,2.450e-12
Metal1,233.6050,203.8400,Metal1,233.8350,203.8400,2.375e-12
Metal1,233.6050,211.6800,Metal1,233.8350,211.6800,2.450e-12
Metal1,233.6050,219.5200,Metal1,233.8350,219.5200,2.450e-12
Metal1,233.6050,227.3600,Metal1,233.8350,227.3600,2.375e-12
Metal1,233.6050,235.2000,Metal1,233.8350,235.2000,2.450e-12
Metal1,233.6050,243.0400,Metal1,233.8350,243.0400,2.450e-12
Metal1,233.8350,15.6800,Metal1,234.4700,15.6800,1.124e-11
Metal1,233.8350,31.3600,Metal1,234.4700,31.3600,1.319e-06
Metal1,233.8350,47.0400,Metal1,234.4700,47.0400,8.582e-11
Metal1,233.8350,70.5600,Metal1,234.1650,70.5600,1.237e-10
Metal1,233.8350,86.2400,Metal1,234.4700,86.2400,7.473e-11
Metal1,233.8350,125.4400,Metal1,234.1650,125.4400,2.422e-12
Metal1,233.8350,133.2800,Metal1,234.1650,133.2800,2.458e-12
Metal1,233.8350,141.1200,Metal1,234.1650,141.1200,2.440e-12
Metal1,233.8350,148.9600,Metal1,234.1650,148.9600,2.440e-12
Metal1,233.8350,156.8000,Metal1,234.1650,156.8000,2.476e-12
Metal1,233.8350,164.6400,Metal1,234.1650,164.6400,2.458e-12
Metal1,233.8350,172.4800,Metal1,234.1650,172.4800,2.440e-12
Metal1,233.8350,180.3200,Metal1,234.1650,180.3200,2.440e-12
Metal1,233.8350,188.1600,Metal1,234.1650,188.1600,2.458e-12
Metal1,233.8350,196.0000,Metal1,234.1650,196.0000,2.440e-12
Metal1,233.8350,203.8400,Metal1,234.1650,203.8400,2.458e-12
Metal1,233.8350,211.6800,Metal1,234.1650,211.6800,2.440e-12
Metal1,233.8350,219.5200,Metal1,234.1650,219.5200,2.440e-12
Metal1,233.8350,227.3600,Metal1,234.1650,227.3600,2.476e-12
Metal1,233.8350,235.2000,Metal1,234.1650,235.2000,2.422e-12
Metal1,233.8350,243.0400,Metal1,234.1650,243.0400,2.440e-12
Metal1,233.9050,101.9200,Metal1,234.1350,101.9200,7.578e-11
Metal1,234.1350,101.9200,Metal1,234.4700,101.9200,7.579e-11
Metal1,234.1650,39.2000,Metal1,234.3950,39.2000,1.047e-07
Metal1,234.1650,70.5600,Metal1,234.3950,70.5600,1.650e-10
Metal1,234.1650,117.6000,Metal1,234.3950,117.6000,9.279e-12
Metal1,234.1650,125.4400,Metal1,234.3950,125.4400,9.279e-12
Metal1,234.1650,133.2800,Metal1,234.3950,133.2800,9.279e-12
Metal1,234.1650,141.1200,Metal1,234.3950,141.1200,9.279e-12
Metal1,234.1650,148.9600,Metal1,234.3950,148.9600,9.279e-12
Metal1,234.1650,156.8000,Metal1,234.3950,156.8000,9.279e-12
Metal1,234.1650,164.6400,Metal1,234.3950,164.6400,9.279e-12
Metal1,234.1650,172.4800,Metal1,234.3950,172.4800,9.279e-12
Metal1,234.1650,180.3200,Metal1,234.3950,180.3200,9.279e-12
Metal1,234.1650,188.1600,Metal1,234.3950,188.1600,9.279e-12
Metal1,234.1650,196.0000,Metal1,234.3950,196.0000,9.353e-12
Metal1,234.1650,203.8400,Metal1,234.3950,203.8400,9.279e-12
Metal1,234.1650,211.6800,Metal1,234.3950,211.6800,9.279e-12
Metal1,234.1650,219.5200,Metal1,234.3950,219.5200,9.353e-12
Metal1,234.1650,227.3600,Metal1,234.3950,227.3600,9.279e-12
Metal1,234.1650,235.2000,Metal1,234.3950,235.2000,9.279e-12
Metal1,234.1650,243.0400,Metal1,234.3950,243.0400,9.279e-12
Metal1,234.3950,39.2000,Metal1,234.4700,39.2000,1.047e-07
Metal1,234.3950,70.5600,Metal1,234.4700,70.5600,1.650e-10
Metal1,234.3950,117.6000,Metal1,234.4700,117.6000,9.395e-12
Metal1,234.3950,125.4400,Metal1,234.4700,125.4400,9.395e-12
Metal1,234.3950,133.2800,Metal1,234.4700,133.2800,9.395e-12
Metal1,234.3950,141.1200,Metal1,234.4700,141.1200,9.316e-12
Metal1,234.3950,148.9600,Metal1,234.4700,148.9600,9.395e-12
Metal1,234.3950,156.8000,Metal1,234.4700,156.8000,9.316e-12
Metal1,234.3950,164.6400,Metal1,234.4700,164.6400,9.395e-12
Metal1,234.3950,172.4800,Metal1,234.4700,172.4800,9.316e-12
Metal1,234.3950,180.3200,Metal1,234.4700,180.3200,9.395e-12
Metal1,234.3950,188.1600,Metal1,234.4700,188.1600,9.395e-12
Metal1,234.3950,196.0000,Metal1,234.4700,196.0000,9.316e-12
Metal1,234.3950,203.8400,Metal1,234.4700,203.8400,9.395e-12
Metal1,234.3950,211.6800,Metal1,234.4700,211.6800,9.395e-12
Metal1,234.3950,219.5200,Metal1,234.4700,219.5200,9.316e-12
Metal1,234.3950,227.3600,Metal1,234.4700,227.3600,9.316e-12
Metal1,234.3950,235.2000,Metal1,234.4700,235.2000,9.316e-12
Metal1,234.3950,243.0400,Metal1,234.4700,243.0400,9.395e-12
Metal1,234.4250,62.7200,Metal1,234.4700,62.1750,3.602e-07
Metal1,234.4700,15.6800,Metal1,234.7250,16.5250,1.007e-12
Metal1,234.4700,23.5200,Metal1,234.8100,23.5200,6.628e-06
Metal1,234.4700,31.3600,Metal1,234.8100,31.3600,1.319e-06
Metal1,234.4700,39.2000,Metal1,234.8100,39.2000,1.047e-07
Metal1,234.4700,47.0400,Metal1,234.8100,47.0400,7.637e-11
Metal1,234.4700,54.8800,Metal1,234.8100,54.8800,5.610e-06
Metal1,234.4700,62.1750,Metal1,234.6550,63.5650,3.082e-10
Metal1,234.4700,70.5600,Metal1,234.8100,70.5600,1.548e-10
Metal1,234.4700,78.4000,Metal1,234.8100,78.4000,2.652e-08
Metal1,234.4700,86.2400,Metal1,234.8100,86.2400,6.534e-11
Metal1,234.4700,94.0800,Metal1,234.8100,94.0800,1.291e-08
Metal1,234.4700,101.9200,Metal1,234.8100,101.9200,6.567e-11
Metal1,234.4700,109.7600,Metal1,234.7250,110.6050,7.247e-11
Metal1,234.4700,117.6000,Metal1,234.8100,117.6000,7.976e-13
Metal1,234.4700,125.4400,Metal1,234.8100,125.4400,7.976e-13
Metal1,234.4700,133.2800,Metal1,234.8100,133.2800,7.976e-13
Metal1,234.4700,141.1200,Metal1,234.8100,141.1200,7.976e-13
Metal1,234.4700,148.9600,Metal1,234.8100,148.9600,7.976e-13
Metal1,234.4700,156.8000,Metal1,234.8100,156.8000,7.312e-13
Metal1,234.4700,164.6400,Metal1,234.8100,164.6400,8.641e-13
Metal1,234.4700,172.4800,Metal1,234.8100,172.4800,7.976e-13
Metal1,234.4700,180.3200,Metal1,234.8100,180.3200,7.976e-13
Metal1,234.4700,188.1600,Metal1,234.8100,188.1600,7.976e-13
Metal1,234.4700,196.0000,Metal1,234.8100,196.0000,7.312e-13
Metal1,234.4700,203.8400,Metal1,234.8100,203.8400,7.976e-13
Metal1,234.4700,211.6800,Metal1,234.8100,211.6800,7.976e-13
Metal1,234.4700,219.5200,Metal1,234.8100,219.5200,7.312e-13
Metal1,234.4700,227.3600,Metal1,234.8100,227.3600,7.976e-13
Metal1,234.4700,235.2000,Metal1,234.8100,235.2000,7.312e-13
Metal1,234.4700,243.0400,Metal1,234.8100,243.0400,7.976e-13
Metal1,234.6550,63.5650,Metal1,234.8100,62.7200,3.082e-10
Metal1,234.7250,16.5250,Metal1,234.8100,15.1150,1.004e-12
Metal1,234.7250,110.6050,Metal1,234.8100,109.1950,7.248e-11
Metal1,234.7250,250.8800,Metal1,234.9550,250.8800,8.017e-11
Metal1,234.8100,15.1150,Metal1,234.9550,15.6800,1.146e-10
Metal1,234.8100,23.5200,Metal1,236.1050,23.5200,6.628e-06
Metal1,234.8100,31.3600,Metal1,235.1450,31.3600,1.319e-06
Metal1,234.8100,39.2000,Metal1,235.5450,39.2000,1.047e-07
Metal1,234.8100,47.0400,Metal1,236.9650,47.0400,7.639e-11
Metal1,234.8100,54.8800,Metal1,236.5100,54.8800,5.610e-06
Metal1,234.8100,62.7200,Metal1,236.9650,62.7200,5.395e-11
Metal1,234.8100,70.5600,Metal1,236.4050,70.5600,1.451e-10
Metal1,234.8100,78.4000,Metal1,235.1450,78.4000,2.652e-08
Metal1,234.8100,86.2400,Metal1,236.9650,86.2400,6.530e-11
Metal1,234.8100,94.0800,Metal1,235.1450,94.0800,1.291e-08
Metal1,234.8100,101.9200,Metal1,236.9650,101.9200,6.576e-11
Metal1,234.8100,109.1950,Metal1,234.9550,109.7600,1.418e-13
Metal1,234.8100,117.6000,Metal1,236.4050,117.6000,8.093e-13
Metal1,234.8100,125.4400,Metal1,236.4050,125.4400,8.130e-13
Metal1,234.8100,133.2800,Metal1,236.4050,133.2800,8.093e-13
Metal1,234.8100,141.1200,Metal1,236.4050,141.1200,8.019e-13
Metal1,234.8100,148.9600,Metal1,236.4050,148.9600,8.056e-13
Metal1,234.8100,156.8000,Metal1,236.4050,156.8000,7.982e-13
Metal1,234.8100,164.6400,Metal1,236.4050,164.6400,8.056e-13
Metal1,234.8100,172.4800,Metal1,236.4050,172.4800,8.019e-13
Metal1,234.8100,180.3200,Metal1,236.4050,180.3200,7.944e-13
Metal1,234.8100,188.1600,Metal1,236.4050,188.1600,7.944e-13
Metal1,234.8100,196.0000,Metal1,236.4050,196.0000,7.944e-13
Metal1,234.8100,203.8400,Metal1,236.4050,203.8400,7.944e-13
Metal1,234.8100,211.6800,Metal1,236.4050,211.6800,7.982e-13
Metal1,234.8100,219.5200,Metal1,236.4050,219.5200,8.056e-13
Metal1,234.8100,227.3600,Metal1,236.4050,227.3600,7.982e-13
Metal1,234.8100,235.2000,Metal1,236.4050,235.2000,8.019e-13
Metal1,234.8100,243.0400,Metal1,236.4050,243.0400,7.982e-13
Metal1,234.9550,15.6800,Metal1,236.9650,15.6800,7.217e-13
Metal1,234.9550,109.7600,Metal1,236.9650,109.7600,1.443e-13
Metal1,234.9550,250.8800,Metal1,236.9650,250.8800,4.979e-13
Metal1,235.1450,31.3600,Metal1,235.3750,31.3600,4.910e-09
Metal1,235.1450,78.4000,Metal1,235.3750,78.4000,1.635e-09
Metal1,235.1450,94.0800,Metal1,235.3750,94.0800,1.291e-06
Metal1,235.3750,31.3600,Metal1,236.9650,31.3600,4.911e-09
Metal1,235.3750,78.4000,Metal1,236.9650,78.4000,1.355e-11
Metal1,235.3750,94.0800,Metal1,235.5450,94.0800,1.291e-06
Metal1,235.5450,39.2000,Metal1,235.7750,39.2000,1.336e-07
Metal1,235.5450,94.0800,Metal1,235.7750,94.0800,8.291e-08
Metal1,235.7750,39.2000,Metal1,236.4050,39.2000,1.336e-07
Metal1,235.7750,94.0800,Metal1,239.4700,94.0800,1.100e-07
Metal1,236.1050,23.5200,Metal1,236.3350,23.5200,2.383e-06
Metal1,236.3350,23.5200,Metal1,236.5100,23.5200,2.383e-06
Metal1,236.4050,39.2000,Metal1,236.6350,39.2000,1.115e-06
Metal1,236.4050,70.5600,Metal1,236.6350,70.5600,4.080e-08
Metal1,236.4050,117.6000,Metal1,236.6350,117.6000,2.286e-11
Metal1,236.4050,125.4400,Metal1,236.6350,125.4400,2.331e-11
Metal1,236.4050,133.2800,Metal1,236.6350,133.2800,2.294e-11
Metal1,236.4050,141.1200,Metal1,236.6350,141.1200,2.420e-11
Metal1,236.4050,148.9600,Metal1,236.6350,148.9600,2.435e-11
Metal1,236.4050,156.8000,Metal1,236.6350,156.8000,2.531e-11
Metal1,236.4050,164.6400,Metal1,236.6350,164.6400,2.279e-11
Metal1,236.4050,172.4800,Metal1,236.6350,172.4800,2.494e-11
Metal1,236.4050,180.3200,Metal1,236.6350,180.3200,2.613e-11
Metal1,236.4050,188.1600,Metal1,236.6350,188.1600,2.598e-11
Metal1,236.4050,196.0000,Metal1,236.6350,196.0000,2.650e-11
Metal1,236.4050,203.8400,Metal1,236.6350,203.8400,2.583e-11
Metal1,236.4050,211.6800,Metal1,236.6350,211.6800,2.539e-11
Metal1,236.4050,219.5200,Metal1,236.6350,219.5200,2.524e-11
Metal1,236.4050,227.3600,Metal1,236.6350,227.3600,2.427e-11
Metal1,236.4050,235.2000,Metal1,236.6350,235.2000,2.457e-11
Metal1,236.4050,243.0400,Metal1,236.6350,243.0400,2.502e-11
Metal1,236.5100,23.5200,Metal1,236.8500,23.5200,3.525e-06
Metal1,236.5100,54.8800,Metal1,236.8500,54.8800,2.048e-08
Metal1,236.6350,39.2000,Metal1,238.6450,39.2000,4.822e-08
Metal1,236.6350,70.5600,Metal1,237.2250,70.5600,4.080e-08
Metal1,236.6350,117.6000,Metal1,236.9650,117.6000,2.282e-11
Metal1,236.6350,125.4400,Metal1,236.9650,125.4400,2.327e-11
Metal1,236.6350,133.2800,Metal1,236.9650,133.2800,2.288e-11
Metal1,236.6350,141.1200,Metal1,236.9650,141.1200,2.410e-11
Metal1,236.6350,148.9600,Metal1,236.9650,148.9600,2.424e-11
Metal1,236.6350,156.8000,Metal1,236.9650,156.8000,2.528e-11
Metal1,236.6350,164.6400,Metal1,236.9650,164.6400,2.272e-11
Metal1,236.6350,172.4800,Metal1,236.9650,172.4800,2.483e-11
Metal1,236.6350,180.3200,Metal1,236.9650,180.3200,2.618e-11
Metal1,236.6350,188.1600,Metal1,236.9650,188.1600,2.600e-11
Metal1,236.6350,196.0000,Metal1,236.9650,196.0000,2.650e-11
Metal1,236.6350,203.8400,Metal1,236.9650,203.8400,2.582e-11
Metal1,236.6350,211.6800,Metal1,236.9650,211.6800,2.534e-11
Metal1,236.6350,219.5200,Metal1,236.9650,219.5200,2.519e-11
Metal1,236.6350,227.3600,Metal1,236.9650,227.3600,2.424e-11
Metal1,236.6350,235.2000,Metal1,236.9650,235.2000,2.449e-11
Metal1,236.6350,243.0400,Metal1,236.9650,243.0400,2.505e-11
Metal1,236.8500,23.5200,Metal1,238.5050,23.5200,3.605e-07
Metal1,236.8500,54.8800,Metal1,238.5050,54.8800,2.048e-08
Metal1,236.9650,15.6800,Metal1,237.1950,15.6800,1.976e-11
Metal1,236.9650,31.3600,Metal1,237.1950,31.3600,2.212e-11
Metal1,236.9650,47.0400,Metal1,237.1950,47.0400,1.227e-13
Metal1,236.9650,62.7200,Metal1,237.1950,62.7200,1.485e-13
Metal1,236.9650,78.4000,Metal1,237.1950,78.4000,1.625e-09
Metal1,236.9650,86.2400,Metal1,237.1950,86.2400,4.602e-12
Metal1,236.9650,101.9200,Metal1,237.1950,101.9200,4.602e-12
Metal1,236.9650,109.7600,Metal1,237.1950,109.7600,2.577e-12
Metal1,236.9650,117.6000,Metal1,237.1950,117.6000,6.087e-12
Metal1,236.9650,125.4400,Metal1,237.1950,125.4400,6.235e-12
Metal1,236.9650,133.2800,Metal1,237.1950,133.2800,6.087e-12
Metal1,236.9650,141.1200,Metal1,237.1950,141.1200,6.384e-12
Metal1,236.9650,148.9600,Metal1,237.1950,148.9600,6.458e-12
Metal1,236.9650,156.8000,Metal1,237.1950,156.8000,6.755e-12
Metal1,236.9650,164.6400,Metal1,237.1950,164.6400,6.087e-12
Metal1,236.9650,172.4800,Metal1,237.1950,172.4800,6.606e-12
Metal1,236.9650,180.3200,Metal1,237.1950,180.3200,6.978e-12
Metal1,236.9650,188.1600,Metal1,237.1950,188.1600,6.978e-12
Metal1,236.9650,196.0000,Metal1,237.1950,196.0000,7.052e-12
Metal1,236.9650,203.8400,Metal1,237.1950,203.8400,6.903e-12
Metal1,236.9650,211.6800,Metal1,237.1950,211.6800,6.755e-12
Metal1,236.9650,219.5200,Metal1,237.1950,219.5200,6.681e-12
Metal1,236.9650,227.3600,Metal1,237.1950,227.3600,6.458e-12
Metal1,236.9650,235.2000,Metal1,237.1950,235.2000,6.532e-12
Metal1,236.9650,243.0400,Metal1,237.1950,243.0400,6.681e-12
Metal1,236.9650,250.8800,Metal1,237.1950,250.8800,7.030e-11
Metal1,237.1950,15.6800,Metal1,238.9500,15.6800,9.113e-12
Metal1,237.1950,31.3600,Metal1,239.2050,31.3600,2.215e-11
Metal1,237.1950,47.0400,Metal1,239.2050,47.0400,1.178e-13
Metal1,237.1950,62.7200,Metal1,239.2050,62.7200,1.826e-13
Metal1,237.1950,78.4000,Metal1,239.3650,78.4000,1.604e-09
Metal1,237.1950,86.2400,Metal1,237.5250,86.2400,4.593e-12
Metal1,237.1950,101.9200,Metal1,237.5250,101.9200,4.593e-12
Metal1,237.1950,109.7600,Metal1,239.2050,109.7600,6.775e-14
Metal1,237.1950,117.6000,Metal1,238.6450,117.6000,6.097e-12
Metal1,237.1950,125.4400,Metal1,238.6450,125.4400,6.211e-12
Metal1,237.1950,133.2800,Metal1,238.6450,133.2800,6.109e-12
Metal1,237.1950,141.1200,Metal1,238.6450,141.1200,6.440e-12
Metal1,237.1950,148.9600,Metal1,238.6450,148.9600,6.477e-12
Metal1,237.1950,156.8000,Metal1,238.6450,156.8000,6.750e-12
Metal1,237.1950,164.6400,Metal1,238.6450,164.6400,6.072e-12
Metal1,237.1950,172.4800,Metal1,238.6450,172.4800,6.636e-12
Metal1,237.1950,180.3200,Metal1,238.6450,180.3200,6.983e-12
Metal1,237.1950,188.1600,Metal1,238.6450,188.1600,6.942e-12
Metal1,237.1950,196.0000,Metal1,238.6450,196.0000,7.077e-12
Metal1,237.1950,203.8400,Metal1,238.6450,203.8400,6.893e-12
Metal1,237.1950,211.6800,Metal1,238.6450,211.6800,6.771e-12
Metal1,237.1950,219.5200,Metal1,238.6450,219.5200,6.726e-12
Metal1,237.1950,227.3600,Metal1,238.6450,227.3600,6.472e-12
Metal1,237.1950,235.2000,Metal1,238.6450,235.2000,6.546e-12
Metal1,237.1950,243.0400,Metal1,238.6450,243.0400,6.685e-12
Metal1,237.1950,250.8800,Metal1,238.9500,250.8800,6.035e-11
Metal1,237.2250,70.5600,Metal1,237.4550,70.5600,2.003e-08
Metal1,237.4550,70.5600,Metal1,238.6450,70.5600,2.003e-08
Metal1,237.5250,86.2400,Metal1,237.7550,86.2400,8.908e-13
Metal1,237.5250,101.9200,Metal1,237.7550,101.9200,8.908e-13
Metal1,237.7550,86.2400,Metal1,239.2050,86.2400,9.515e-13
Metal1,237.7550,101.9200,Metal1,239.2050,101.9200,9.515e-13
Metal1,238.5050,23.5200,Metal1,238.7350,23.5200,3.487e-07
Metal1,238.5050,54.8800,Metal1,238.6450,55.0975,2.214e-11
Metal1,238.6450,39.2000,Metal1,238.8750,39.2000,6.421e-11
Metal1,238.6450,55.0975,Metal1,238.7350,54.3150,2.214e-11
Metal1,238.6450,70.5600,Metal1,238.8750,70.5600,2.994e-07
Metal1,238.6450,117.6000,Metal1,238.8750,117.6000,2.294e-11
Metal1,238.6450,125.4400,Metal1,238.8750,125.4400,2.338e-11
Metal1,238.6450,133.2800,Metal1,238.8750,133.2800,2.294e-11
Metal1,238.6450,141.1200,Metal1,238.8750,141.1200,2.420e-11
Metal1,238.6450,148.9600,Metal1,238.8750,148.9600,2.442e-11
Metal1,238.6450,156.8000,Metal1,238.8750,156.8000,2.546e-11
Metal1,238.6450,164.6400,Metal1,238.8750,164.6400,2.279e-11
Metal1,238.6450,172.4800,Metal1,238.8750,172.4800,2.502e-11
Metal1,238.6450,180.3200,Metal1,238.8750,180.3200,2.628e-11
Metal1,238.6450,188.1600,Metal1,238.8750,188.1600,2.620e-11
Metal1,238.6450,196.0000,Metal1,238.8750,196.0000,2.665e-11
Metal1,238.6450,203.8400,Metal1,238.8750,203.8400,2.598e-11
Metal1,238.6450,211.6800,Metal1,238.8750,211.6800,2.546e-11
Metal1,238.6450,219.5200,Metal1,238.8750,219.5200,2.531e-11
Metal1,238.6450,227.3600,Metal1,238.8750,227.3600,2.435e-11
Metal1,238.6450,235.2000,Metal1,238.8750,235.2000,2.464e-11
Metal1,238.6450,243.0400,Metal1,238.8750,243.0400,2.524e-11
Metal1,238.7350,23.5200,Metal1,240.4850,23.5200,3.487e-07
Metal1,238.7350,54.3150,Metal1,238.8750,54.8800,3.423e-14
Metal1,238.8750,39.2000,Metal1,240.8850,39.2000,6.418e-11
Metal1,238.8750,54.8800,Metal1,240.8850,54.8800,3.535e-14
Metal1,238.8750,70.5600,Metal1,240.8850,70.5600,5.264e-11
Metal1,238.8750,117.6000,Metal1,239.2050,117.6000,2.288e-11
Metal1,238.8750,125.4400,Metal1,239.2050,125.4400,2.333e-11
Metal1,238.8750,133.2800,Metal1,239.2050,133.2800,2.295e-11
Metal1,238.8750,141.1200,Metal1,239.2050,141.1200,2.421e-11
Metal1,238.8750,148.9600,Metal1,239.2050,148.9600,2.433e-11
Metal1,238.8750,156.8000,Metal1,239.2050,156.8000,2.532e-11
Metal1,238.8750,164.6400,Metal1,239.2050,164.6400,2.281e-11
Metal1,238.8750,172.4800,Metal1,239.2050,172.4800,2.492e-11
Metal1,238.8750,180.3200,Metal1,239.2050,180.3200,2.625e-11
Metal1,238.8750,188.1600,Metal1,239.2050,188.1600,2.611e-11
Metal1,238.8750,196.0000,Metal1,239.2050,196.0000,2.659e-11
Metal1,238.8750,203.8400,Metal1,239.2050,203.8400,2.589e-11
Metal1,238.8750,211.6800,Metal1,239.2050,211.6800,2.548e-11
Metal1,238.8750,219.5200,Metal1,239.2050,219.5200,2.528e-11
Metal1,238.8750,227.3600,Metal1,239.2050,227.3600,2.431e-11
Metal1,238.8750,235.2000,Metal1,239.2050,235.2000,2.458e-11
Metal1,238.8750,243.0400,Metal1,239.2050,243.0400,2.514e-11
Metal1,238.9500,15.6800,Metal1,239.2050,14.8350,1.373e-12
Metal1,238.9500,250.8800,Metal1,239.2900,250.8800,5.012e-11
Metal1,239.2050,14.8350,Metal1,239.2900,16.2450,1.370e-12
Metal1,239.2050,31.3600,Metal1,239.4350,31.3600,2.077e-09
Metal1,239.2050,47.0400,Metal1,239.4350,47.0400,7.363e-13
Metal1,239.2050,62.7200,Metal1,239.4350,62.7200,2.375e-12
Metal1,239.2050,86.2400,Metal1,239.4350,86.2400,3.637e-12
Metal1,239.2050,101.9200,Metal1,239.4350,101.9200,3.637e-12
Metal1,239.2050,109.7600,Metal1,239.4350,109.7600,0.000e+00
Metal1,239.2050,117.6000,Metal1,239.4350,117.6000,5.938e-13
Metal1,239.2050,125.4400,Metal1,239.4350,125.4400,5.938e-13
Metal1,239.2050,133.2800,Metal1,239.4350,133.2800,7.423e-13
Metal1,239.2050,141.1200,Metal1,239.4350,141.1200,6.681e-13
Metal1,239.2050,148.9600,Metal1,239.4350,148.9600,5.938e-13
Metal1,239.2050,156.8000,Metal1,239.4350,156.8000,8.908e-13
Metal1,239.2050,164.6400,Metal1,239.4350,164.6400,7.423e-13
Metal1,239.2050,172.4800,Metal1,239.4350,172.4800,7.423e-13
Metal1,239.2050,180.3200,Metal1,239.4350,180.3200,7.423e-13
Metal1,239.2050,188.1600,Metal1,239.4350,188.1600,6.681e-13
Metal1,239.2050,196.0000,Metal1,239.4350,196.0000,8.165e-13
Metal1,239.2050,203.8400,Metal1,239.4350,203.8400,7.423e-13
Metal1,239.2050,211.6800,Metal1,239.4350,211.6800,6.681e-13
Metal1,239.2050,219.5200,Metal1,239.4350,219.5200,6.681e-13
Metal1,239.2050,227.3600,Metal1,239.4350,227.3600,5.938e-13
Metal1,239.2050,235.2000,Metal1,239.4350,235.2000,7.423e-13
Metal1,239.2050,243.0400,Metal1,239.4350,243.0400,6.681e-13
Metal1,239.2900,16.2450,Metal1,239.4350,15.6800,0.000e+00
Metal1,239.2900,250.8800,Metal1,241.4450,250.8800,5.014e-11
Metal1,239.3650,78.4000,Metal1,239.4700,78.9450,1.604e-09
Metal1,239.4350,15.6800,Metal1,241.4450,15.6800,0.000e+00
Metal1,239.4350,31.3600,Metal1,239.4700,31.3600,2.077e-09
Metal1,239.4350,47.0400,Metal1,241.4450,47.0400,1.768e-14
Metal1,239.4350,62.7200,Metal1,240.3250,62.7200,2.355e-12
Metal1,239.4350,86.2400,Metal1,239.7650,86.2400,3.553e-12
Metal1,239.4350,101.9200,Metal1,239.7650,101.9200,3.589e-12
Metal1,239.4350,109.7600,Metal1,241.4450,109.7600,2.946e-15
Metal1,239.4350,117.6000,Metal1,240.8850,117.6000,7.228e-13
Metal1,239.4350,125.4400,Metal1,240.8850,125.4400,7.146e-13
Metal1,239.4350,133.2800,Metal1,240.8850,133.2800,7.187e-13
Metal1,239.4350,141.1200,Metal1,240.8850,141.1200,7.105e-13
Metal1,239.4350,148.9600,Metal1,240.8850,148.9600,7.187e-13
Metal1,239.4350,156.8000,Metal1,240.8850,156.8000,7.759e-13
Metal1,239.4350,164.6400,Metal1,240.8850,164.6400,7.146e-13
Metal1,239.4350,172.4800,Metal1,240.8850,172.4800,7.065e-13
Metal1,239.4350,180.3200,Metal1,240.8850,180.3200,7.146e-13
Metal1,239.4350,188.1600,Metal1,240.8850,188.1600,7.065e-13
Metal1,239.4350,196.0000,Metal1,240.8850,196.0000,7.881e-13
Metal1,239.4350,203.8400,Metal1,240.8850,203.8400,7.881e-13
Metal1,239.4350,211.6800,Metal1,240.8850,211.6800,7.146e-13
Metal1,239.4350,219.5200,Metal1,240.8850,219.5200,7.146e-13
Metal1,239.4350,227.3600,Metal1,240.8850,227.3600,7.105e-13
Metal1,239.4350,235.2000,Metal1,240.8850,235.2000,7.146e-13
Metal1,239.4350,243.0400,Metal1,240.8850,243.0400,7.105e-13
Metal1,239.4700,31.3600,Metal1,239.8100,31.3600,8.660e-11
Metal1,239.4700,78.9450,Metal1,239.5950,77.9400,1.792e-09
Metal1,239.4700,94.0800,Metal1,239.8100,94.0800,4.969e-09
Metal1,239.5950,77.9400,Metal1,239.8100,78.4000,3.352e-09
Metal1,239.7650,86.2400,Metal1,239.9950,86.2400,7.423e-14
Metal1,239.7650,101.9200,Metal1,239.9950,101.9200,7.423e-14
Metal1,239.8100,31.3600,Metal1,241.4450,31.3600,1.606e-10
Metal1,239.8100,78.4000,Metal1,244.2450,78.4000,9.433e-10
Metal1,239.8100,94.0800,Metal1,241.4450,94.0800,1.580e-11
Metal1,239.9950,86.2400,Metal1,241.4450,86.2400,1.009e-12
Metal1,239.9950,101.9200,Metal1,241.4450,101.9200,1.017e-12
Metal1,240.3250,62.7200,Metal1,240.5550,62.7200,2.375e-12
Metal1,240.4850,23.5200,Metal1,240.7150,23.5200,2.741e-09
Metal1,240.5550,62.7200,Metal1,241.4450,62.7200,2.342e-12
Metal1,240.7150,23.5200,Metal1,242.8300,23.5200,3.096e-07
Metal1,240.8850,39.2000,Metal1,241.1150,39.2000,1.069e-11
Metal1,240.8850,54.8800,Metal1,241.1150,54.8800,7.423e-14
Metal1,240.8850,70.5600,Metal1,241.1150,70.5600,2.227e-13
Metal1,240.8850,117.6000,Metal1,241.1150,117.6000,2.301e-12
Metal1,240.8850,125.4400,Metal1,241.1150,125.4400,2.227e-12
Metal1,240.8850,133.2800,Metal1,241.1150,133.2800,2.227e-12
Metal1,240.8850,141.1200,Metal1,241.1150,141.1200,2.227e-12
Metal1,240.8850,148.9600,Metal1,241.1150,148.9600,2.227e-12
Metal1,240.8850,156.8000,Metal1,241.1150,156.8000,2.450e-12
Metal1,240.8850,164.6400,Metal1,241.1150,164.6400,2.301e-12
Metal1,240.8850,172.4800,Metal1,241.1150,172.4800,2.227e-12
Metal1,240.8850,180.3200,Metal1,241.1150,180.3200,2.227e-12
Metal1,240.8850,188.1600,Metal1,241.1150,188.1600,2.227e-12
Metal1,240.8850,196.0000,Metal1,241.1150,196.0000,2.524e-12
Metal1,240.8850,203.8400,Metal1,241.1150,203.8400,2.450e-12
Metal1,240.8850,211.6800,Metal1,241.1150,211.6800,2.227e-12
Metal1,240.8850,219.5200,Metal1,241.1150,219.5200,2.301e-12
Metal1,240.8850,227.3600,Metal1,241.1150,227.3600,2.227e-12
Metal1,240.8850,235.2000,Metal1,241.1150,235.2000,2.227e-12
Metal1,240.8850,243.0400,Metal1,241.1150,243.0400,2.227e-12
Metal1,241.1150,39.2000,Metal1,241.4450,39.2000,1.062e-11
Metal1,241.1150,54.8800,Metal1,242.8300,54.8800,4.834e-14
Metal1,241.1150,70.5600,Metal1,243.1250,70.5600,2.092e-13
Metal1,241.1150,117.6000,Metal1,241.4450,117.6000,2.243e-12
Metal1,241.1150,125.4400,Metal1,241.4450,125.4400,2.261e-12
Metal1,241.1150,133.2800,Metal1,241.4450,133.2800,2.315e-12
Metal1,241.1150,141.1200,Metal1,241.4450,141.1200,2.261e-12
Metal1,241.1150,148.9600,Metal1,241.4450,148.9600,2.279e-12
Metal1,241.1150,156.8000,Metal1,241.4450,156.8000,2.494e-12
Metal1,241.1150,164.6400,Metal1,241.4450,164.6400,2.279e-12
Metal1,241.1150,172.4800,Metal1,241.4450,172.4800,2.279e-12
Metal1,241.1150,180.3200,Metal1,241.4450,180.3200,2.297e-12
Metal1,241.1150,188.1600,Metal1,241.4450,188.1600,2.243e-12
Metal1,241.1150,196.0000,Metal1,241.4450,196.0000,2.530e-12
Metal1,241.1150,203.8400,Metal1,241.4450,203.8400,2.530e-12
Metal1,241.1150,211.6800,Metal1,241.4450,211.6800,2.297e-12
Metal1,241.1150,219.5200,Metal1,241.4450,219.5200,2.297e-12
Metal1,241.1150,227.3600,Metal1,241.4450,227.3600,2.261e-12
Metal1,241.1150,235.2000,Metal1,241.4450,235.2000,2.297e-12
Metal1,241.1150,243.0400,Metal1,241.4450,243.0400,2.279e-12
Metal1,241.4450,15.6800,Metal1,241.6750,15.6800,1.227e-13
Metal1,241.4450,31.3600,Metal1,241.6750,31.3600,3.711e-13
Metal1,241.4450,39.2000,Metal1,241.6750,39.2000,2.598e-12
Metal1,241.4450,47.0400,Metal1,241.6750,47.0400,1.227e-13
Metal1,241.4450,62.7200,Metal1,241.6750,62.7200,2.301e-12
Metal1,241.4450,86.2400,Metal1,241.6750,86.2400,3.563e-12
Metal1,241.4450,94.0800,Metal1,241.6750,94.0800,0.000e+00
Metal1,241.4450,101.9200,Metal1,241.6750,101.9200,3.563e-12
Metal1,241.4450,109.7600,Metal1,241.6750,109.7600,1.227e-13
Metal1,241.4450,117.6000,Metal1,241.6750,117.6000,5.938e-13
Metal1,241.4450,125.4400,Metal1,241.6750,125.4400,5.938e-13
Metal1,241.4450,133.2800,Metal1,241.6750,133.2800,6.681e-13
Metal1,241.4450,141.1200,Metal1,241.6750,141.1200,6.681e-13
Metal1,241.4450,148.9600,Metal1,241.6750,148.9600,5.938e-13
Metal1,241.4450,156.8000,Metal1,241.6750,156.8000,7.423e-13
Metal1,241.4450,164.6400,Metal1,241.6750,164.6400,5.938e-13
Metal1,241.4450,172.4800,Metal1,241.6750,172.4800,6.681e-13
Metal1,241.4450,180.3200,Metal1,241.6750,180.3200,5.938e-13
Metal1,241.4450,188.1600,Metal1,241.6750,188.1600,5.938e-13
Metal1,241.4450,196.0000,Metal1,241.6750,196.0000,6.681e-13
Metal1,241.4450,203.8400,Metal1,241.6750,203.8400,6.681e-13
Metal1,241.4450,211.6800,Metal1,241.6750,211.6800,6.681e-13
Metal1,241.4450,219.5200,Metal1,241.6750,219.5200,6.681e-13
Metal1,241.4450,227.3600,Metal1,241.6750,227.3600,5.938e-13
Metal1,241.4450,235.2000,Metal1,241.6750,235.2000,5.938e-13
Metal1,241.4450,243.0400,Metal1,241.6750,243.0400,6.681e-13
Metal1,241.4450,250.8800,Metal1,241.6750,250.8800,1.485e-13
Metal1,241.6750,15.6800,Metal1,243.6850,15.6800,0.000e+00
Metal1,241.6750,31.3600,Metal1,243.6850,31.3600,4.006e-13
Metal1,241.6750,39.2000,Metal1,243.1250,39.2000,2.593e-12
Metal1,241.6750,47.0400,Metal1,243.6850,47.0400,5.892e-15
Metal1,241.6750,62.7200,Metal1,242.5650,62.7200,2.362e-12
Metal1,241.6750,86.2400,Metal1,242.0050,86.2400,3.517e-12
Metal1,241.6750,94.0800,Metal1,243.6850,94.0800,4.713e-14
Metal1,241.6750,101.9200,Metal1,242.0050,101.9200,3.535e-12
Metal1,241.6750,109.7600,Metal1,243.6850,109.7600,9.427e-14
Metal1,241.6750,117.6000,Metal1,243.1250,117.6000,6.207e-13
Metal1,241.6750,125.4400,Metal1,243.1250,125.4400,6.166e-13
Metal1,241.6750,133.2800,Metal1,243.1250,133.2800,6.166e-13
Metal1,241.6750,141.1200,Metal1,243.1250,141.1200,6.166e-13
Metal1,241.6750,148.9600,Metal1,243.1250,148.9600,6.166e-13
Metal1,241.6750,156.8000,Metal1,243.1250,156.8000,6.738e-13
Metal1,241.6750,164.6400,Metal1,243.1250,164.6400,6.207e-13
Metal1,241.6750,172.4800,Metal1,243.1250,172.4800,6.166e-13
Metal1,241.6750,180.3200,Metal1,243.1250,180.3200,6.207e-13
Metal1,241.6750,188.1600,Metal1,243.1250,188.1600,6.125e-13
Metal1,241.6750,196.0000,Metal1,243.1250,196.0000,6.901e-13
Metal1,241.6750,203.8400,Metal1,243.1250,203.8400,6.820e-13
Metal1,241.6750,211.6800,Metal1,243.1250,211.6800,6.207e-13
Metal1,241.6750,219.5200,Metal1,243.1250,219.5200,6.248e-13
Metal1,241.6750,227.3600,Metal1,243.1250,227.3600,6.207e-13
Metal1,241.6750,235.2000,Metal1,243.1250,235.2000,6.207e-13
Metal1,241.6750,243.0400,Metal1,243.1250,243.0400,6.166e-13
Metal1,241.6750,250.8800,Metal1,243.6850,250.8800,1.591e-13
Metal1,242.0050,86.2400,Metal1,242.2350,86.2400,9.650e-13
Metal1,242.0050,101.9200,Metal1,242.2350,101.9200,9.650e-13
Metal1,242.2350,86.2400,Metal1,243.6850,86.2400,9.596e-13
Metal1,242.2350,101.9200,Metal1,243.6850,101.9200,9.678e-13
Metal1,242.5650,62.7200,Metal1,242.7950,62.7200,7.423e-14
Metal1,242.7950,62.7200,Metal1,243.6850,62.7200,2.575e-12
Metal1,242.8300,23.5200,Metal1,243.1700,23.5200,1.399e-08
Metal1,242.8300,54.8800,Metal1,243.1250,55.3400,0.000e+00
Metal1,243.1250,39.2000,Metal1,243.3550,39.2000,5.196e-13
Metal1,243.1250,55.3400,Metal1,243.1700,54.3150,2.600e-15
Metal1,243.1250,70.5600,Metal1,243.3550,70.5600,1.473e-12
Metal1,243.1250,117.6000,Metal1,243.3550,117.6000,2.227e-13
Metal1,243.1250,125.4400,Metal1,243.3550,125.4400,2.227e-13
Metal1,243.1250,133.2800,Metal1,243.3550,133.2800,1.485e-13
Metal1,243.1250,141.1200,Metal1,243.3550,141.1200,1.485e-13
Metal1,243.1250,148.9600,Metal1,243.3550,148.9600,1.485e-13
Metal1,243.1250,156.8000,Metal1,243.3550,156.8000,7.423e-14
Metal1,243.1250,164.6400,Metal1,243.3550,164.6400,1.485e-13
Metal1,243.1250,172.4800,Metal1,243.3550,172.4800,1.485e-13
Metal1,243.1250,180.3200,Metal1,243.3550,180.3200,7.423e-14
Metal1,243.1250,188.1600,Metal1,243.3550,188.1600,1.485e-13
Metal1,243.1250,196.0000,Metal1,243.3550,196.0000,1.485e-13
Metal1,243.1250,203.8400,Metal1,243.3550,203.8400,7.423e-14
Metal1,243.1250,211.6800,Metal1,243.3550,211.6800,1.485e-13
Metal1,243.1250,219.5200,Metal1,243.3550,219.5200,2.227e-13
Metal1,243.1250,227.3600,Metal1,243.3550,227.3600,1.485e-13
Metal1,243.1250,235.2000,Metal1,243.3550,235.2000,1.485e-13
Metal1,243.1250,243.0400,Metal1,243.3550,243.0400,7.423e-14
Metal1,243.1700,23.5200,Metal1,245.3650,23.5200,1.014e-11
Metal1,243.1700,54.3150,Metal1,243.3550,54.8800,3.231e-15
Metal1,243.3550,39.2000,Metal1,243.6850,39.2000,1.191e-11
Metal1,243.3550,54.8800,Metal1,245.3650,54.8800,5.892e-15
Metal1,243.3550,70.5600,Metal1,245.3650,70.5600,4.124e-14
Metal1,243.3550,117.6000,Metal1,243.6850,117.6000,2.835e-12
Metal1,243.3550,125.4400,Metal1,243.6850,125.4400,2.817e-12
Metal1,243.3550,133.2800,Metal1,243.6850,133.2800,2.853e-12
Metal1,243.3550,141.1200,Metal1,243.6850,141.1200,2.835e-12
Metal1,243.3550,148.9600,Metal1,243.6850,148.9600,2.835e-12
Metal1,243.3550,156.8000,Metal1,243.6850,156.8000,3.104e-12
Metal1,243.3550,164.6400,Metal1,243.6850,164.6400,2.799e-12
Metal1,243.3550,172.4800,Metal1,243.6850,172.4800,2.817e-12
Metal1,243.3550,180.3200,Metal1,243.6850,180.3200,2.853e-12
Metal1,243.3550,188.1600,Metal1,243.6850,188.1600,2.817e-12
Metal1,243.3550,196.0000,Metal1,243.6850,196.0000,3.158e-12
Metal1,243.3550,203.8400,Metal1,243.6850,203.8400,3.158e-12
Metal1,243.3550,211.6800,Metal1,243.6850,211.6800,2.853e-12
Metal1,243.3550,219.5200,Metal1,243.6850,219.5200,2.871e-12
Metal1,243.3550,227.3600,Metal1,243.6850,227.3600,2.835e-12
Metal1,243.3550,235.2000,Metal1,243.6850,235.2000,2.835e-12
Metal1,243.3550,243.0400,Metal1,243.6850,243.0400,2.871e-12
Metal1,243.6850,15.6800,Metal1,243.9150,15.6800,0.000e+00
Metal1,243.6850,31.3600,Metal1,243.9150,31.3600,3.355e-11
Metal1,243.6850,39.2000,Metal1,243.9150,39.2000,6.681e-13
Metal1,243.6850,47.0400,Metal1,243.9150,47.0400,2.209e-12
Metal1,243.6850,62.7200,Metal1,243.9150,62.7200,7.423e-14
Metal1,243.6850,86.2400,Metal1,243.9150,86.2400,2.969e-13
Metal1,243.6850,94.0800,Metal1,243.9150,94.0800,1.039e-12
Metal1,243.6850,101.9200,Metal1,243.9150,101.9200,2.969e-13
Metal1,243.6850,109.7600,Metal1,243.9150,109.7600,2.454e-13
Metal1,243.6850,117.6000,Metal1,243.9150,117.6000,2.227e-13
Metal1,243.6850,125.4400,Metal1,243.9150,125.4400,2.227e-13
Metal1,243.6850,133.2800,Metal1,243.9150,133.2800,7.423e-14
Metal1,243.6850,141.1200,Metal1,243.9150,141.1200,2.227e-13
Metal1,243.6850,148.9600,Metal1,243.9150,148.9600,2.227e-13
Metal1,243.6850,156.8000,Metal1,243.9150,156.8000,2.969e-13
Metal1,243.6850,164.6400,Metal1,243.9150,164.6400,2.969e-13
Metal1,243.6850,172.4800,Metal1,243.9150,172.4800,2.227e-13
Metal1,243.6850,180.3200,Metal1,243.9150,180.3200,2.227e-13
Metal1,243.6850,188.1600,Metal1,243.9150,188.1600,1.485e-13
Metal1,243.6850,196.0000,Metal1,243.9150,196.0000,1.485e-13
Metal1,243.6850,203.8400,Metal1,243.9150,203.8400,1.485e-13
Metal1,243.6850,211.6800,Metal1,243.9150,211.6800,2.227e-13
Metal1,243.6850,219.5200,Metal1,243.9150,219.5200,1.485e-13
Metal1,243.6850,227.3600,Metal1,243.9150,227.3600,1.485e-13
Metal1,243.6850,235.2000,Metal1,243.9150,235.2000,2.969e-13
Metal1,243.6850,243.0400,Metal1,243.9150,243.0400,7.423e-14
Metal1,243.6850,250.8800,Metal1,243.9150,250.8800,0.000e+00
Metal1,243.9150,15.6800,Metal1,245.9250,15.6800,2.946e-15
Metal1,243.9150,31.3600,Metal1,244.4650,31.3600,4.691e-10
Metal1,243.9150,39.2000,Metal1,245.3650,39.2000,2.744e-12
Metal1,243.9150,47.0400,Metal1,245.9250,47.0400,3.830e-14
Metal1,243.9150,62.7200,Metal1,244.8050,62.7200,2.568e-12
Metal1,243.9150,86.2400,Metal1,244.2450,86.2400,4.593e-12
Metal1,243.9150,94.0800,Metal1,244.4650,94.0800,1.254e-11
Metal1,243.9150,101.9200,Metal1,244.2450,101.9200,4.611e-12
Metal1,243.9150,109.7600,Metal1,245.9250,109.7600,3.240e-14
Metal1,243.9150,117.6000,Metal1,245.3650,117.6000,6.534e-13
Metal1,243.9150,125.4400,Metal1,245.3650,125.4400,6.534e-13
Metal1,243.9150,133.2800,Metal1,245.3650,133.2800,6.575e-13
Metal1,243.9150,141.1200,Metal1,245.3650,141.1200,6.493e-13
Metal1,243.9150,148.9600,Metal1,245.3650,148.9600,6.575e-13
Metal1,243.9150,156.8000,Metal1,245.3650,156.8000,7.146e-13
Metal1,243.9150,164.6400,Metal1,245.3650,164.6400,6.534e-13
Metal1,243.9150,172.4800,Metal1,245.3650,172.4800,6.493e-13
Metal1,243.9150,180.3200,Metal1,245.3650,180.3200,6.575e-13
Metal1,243.9150,188.1600,Metal1,245.3650,188.1600,6.452e-13
Metal1,243.9150,196.0000,Metal1,245.3650,196.0000,7.228e-13
Metal1,243.9150,203.8400,Metal1,245.3650,203.8400,7.228e-13
Metal1,243.9150,211.6800,Metal1,245.3650,211.6800,6.575e-13
Metal1,243.9150,219.5200,Metal1,245.3650,219.5200,6.615e-13
Metal1,243.9150,227.3600,Metal1,245.3650,227.3600,6.452e-13
Metal1,243.9150,235.2000,Metal1,245.3650,235.2000,6.615e-13
Metal1,243.9150,243.0400,Metal1,245.3650,243.0400,6.493e-13
Metal1,243.9150,250.8800,Metal1,245.9250,250.8800,0.000e+00
Metal1,244.2450,78.4000,Metal1,244.4650,78.9650,2.367e-12
Metal1,244.2450,86.2400,Metal1,244.4750,86.2400,1.017e-11
Metal1,244.2450,101.9200,Metal1,244.4750,101.9200,1.024e-11
Metal1,244.4650,31.3600,Metal1,244.6950,31.3600,1.878e-10
Metal1,244.4650,78.9650,Metal1,244.4750,77.9075,2.366e-12
Metal1,244.4650,94.0800,Metal1,244.6950,94.0800,5.033e-12
Metal1,244.4750,77.9075,Metal1,244.6950,78.4000,2.288e-12
Metal1,244.4750,86.2400,Metal1,245.9250,86.2400,1.597e-12
Metal1,244.4750,101.9200,Metal1,245.9250,101.9200,1.601e-12
Metal1,244.6950,31.3600,Metal1,245.9250,31.3600,1.879e-10
Metal1,244.6950,78.4000,Metal1,246.2050,78.4000,2.282e-12
Metal1,244.6950,94.0800,Metal1,245.9250,94.0800,5.026e-12
Metal1,244.8050,62.7200,Metal1,245.0350,62.7200,2.375e-12
Metal1,245.0350,62.7200,Metal1,245.9250,62.7200,2.349e-12
Metal1,245.3650,23.5200,Metal1,245.5950,23.5200,8.165e-13
Metal1,245.3650,39.2000,Metal1,245.5950,39.2000,9.576e-12
Metal1,245.3650,54.8800,Metal1,245.5950,54.8800,9.798e-12
Metal1,245.3650,70.5600,Metal1,245.5950,70.5600,1.718e-12
Metal1,245.3650,117.6000,Metal1,245.5950,117.6000,2.301e-12
Metal1,245.3650,125.4400,Metal1,245.5950,125.4400,2.227e-12
Metal1,245.3650,133.2800,Metal1,245.5950,133.2800,2.227e-12
Metal1,245.3650,141.1200,Metal1,245.5950,141.1200,2.227e-12
Metal1,245.3650,148.9600,Metal1,245.5950,148.9600,2.227e-12
Metal1,245.3650,156.8000,Metal1,245.5950,156.8000,2.450e-12
Metal1,245.3650,164.6400,Metal1,245.5950,164.6400,2.301e-12
Metal1,245.3650,172.4800,Metal1,245.5950,172.4800,2.227e-12
Metal1,245.3650,180.3200,Metal1,245.5950,180.3200,2.227e-12
Metal1,245.3650,188.1600,Metal1,245.5950,188.1600,2.227e-12
Metal1,245.3650,196.0000,Metal1,245.5950,196.0000,2.524e-12
Metal1,245.3650,203.8400,Metal1,245.5950,203.8400,2.450e-12
Metal1,245.3650,211.6800,Metal1,245.5950,211.6800,2.227e-12
Metal1,245.3650,219.5200,Metal1,245.5950,219.5200,2.301e-12
Metal1,245.3650,227.3600,Metal1,245.5950,227.3600,2.227e-12
Metal1,245.3650,235.2000,Metal1,245.5950,235.2000,2.227e-12
Metal1,245.3650,243.0400,Metal1,245.5950,243.0400,2.227e-12
Metal1,245.5950,23.5200,Metal1,247.6050,23.5200,2.946e-15
Metal1,245.5950,39.2000,Metal1,245.9250,39.2000,9.564e-12
Metal1,245.5950,54.8800,Metal1,247.6050,54.8800,3.535e-14
Metal1,245.5950,70.5600,Metal1,247.6050,70.5600,2.946e-14
Metal1,245.5950,117.6000,Metal1,245.9250,117.6000,2.243e-12
Metal1,245.5950,125.4400,Metal1,245.9250,125.4400,2.261e-12
Metal1,245.5950,133.2800,Metal1,245.9250,133.2800,2.297e-12
Metal1,245.5950,141.1200,Metal1,245.9250,141.1200,2.243e-12
Metal1,245.5950,148.9600,Metal1,245.9250,148.9600,2.315e-12
Metal1,245.5950,156.8000,Metal1,245.9250,156.8000,2.494e-12
Metal1,245.5950,164.6400,Metal1,245.9250,164.6400,2.261e-12
Metal1,245.5950,172.4800,Metal1,245.9250,172.4800,2.279e-12
Metal1,245.5950,180.3200,Metal1,245.9250,180.3200,2.279e-12
Metal1,245.5950,188.1600,Metal1,245.9250,188.1600,2.261e-12
Metal1,245.5950,196.0000,Metal1,245.9250,196.0000,2.548e-12
Metal1,245.5950,203.8400,Metal1,245.9250,203.8400,2.530e-12
Metal1,245.5950,211.6800,Metal1,245.9250,211.6800,2.315e-12
Metal1,245.5950,219.5200,Metal1,245.9250,219.5200,2.297e-12
Metal1,245.5950,227.3600,Metal1,245.9250,227.3600,2.261e-12
Metal1,245.5950,235.2000,Metal1,245.9250,235.2000,2.297e-12
Metal1,245.5950,243.0400,Metal1,245.9250,243.0400,2.297e-12
Metal1,245.9250,15.6800,Metal1,246.1550,15.6800,1.227e-13
Metal1,245.9250,31.3600,Metal1,246.1550,31.3600,1.839e-09
Metal1,245.9250,39.2000,Metal1,246.1550,39.2000,2.598e-12
Metal1,245.9250,47.0400,Metal1,246.1550,47.0400,2.049e-11
Metal1,245.9250,62.7200,Metal1,246.1550,62.7200,2.524e-12
Metal1,245.9250,86.2400,Metal1,246.1550,86.2400,5.864e-12
Metal1,245.9250,94.0800,Metal1,246.1550,94.0800,4.914e-11
Metal1,245.9250,101.9200,Metal1,246.1550,101.9200,5.938e-12
Metal1,245.9250,109.7600,Metal1,246.1550,109.7600,2.049e-11
Metal1,245.9250,117.6000,Metal1,246.1550,117.6000,5.938e-13
Metal1,245.9250,125.4400,Metal1,246.1550,125.4400,5.938e-13
Metal1,245.9250,133.2800,Metal1,246.1550,133.2800,5.938e-13
Metal1,245.9250,141.1200,Metal1,246.1550,141.1200,5.196e-13
Metal1,245.9250,148.9600,Metal1,246.1550,148.9600,7.423e-13
Metal1,245.9250,156.8000,Metal1,246.1550,156.8000,6.681e-13
Metal1,245.9250,164.6400,Metal1,246.1550,164.6400,6.681e-13
Metal1,245.9250,172.4800,Metal1,246.1550,172.4800,6.681e-13
Metal1,245.9250,180.3200,Metal1,246.1550,180.3200,5.938e-13
Metal1,245.9250,188.1600,Metal1,246.1550,188.1600,6.681e-13
Metal1,245.9250,196.0000,Metal1,246.1550,196.0000,6.681e-13
Metal1,245.9250,203.8400,Metal1,246.1550,203.8400,5.938e-13
Metal1,245.9250,211.6800,Metal1,246.1550,211.6800,5.938e-13
Metal1,245.9250,219.5200,Metal1,246.1550,219.5200,6.681e-13
Metal1,245.9250,227.3600,Metal1,246.1550,227.3600,5.938e-13
Metal1,245.9250,235.2000,Metal1,246.1550,235.2000,5.196e-13
Metal1,245.9250,243.0400,Metal1,246.1550,243.0400,5.938e-13
Metal1,245.9250,250.8800,Metal1,246.1550,250.8800,1.485e-13
Metal1,246.1550,15.6800,Metal1,248.1650,15.6800,2.946e-15
Metal1,246.1550,31.3600,Metal1,246.2050,31.3600,1.839e-09
Metal1,246.1550,39.2000,Metal1,247.6050,39.2000,2.552e-12
Metal1,246.1550,47.0400,Metal1,248.1650,47.0400,5.273e-13
Metal1,246.1550,62.7200,Metal1,247.0450,62.7200,2.408e-12
Metal1,246.1550,86.2400,Metal1,246.4850,86.2400,5.885e-12
Metal1,246.1550,94.0800,Metal1,246.2050,94.0800,4.926e-11
Metal1,246.1550,101.9200,Metal1,246.4850,101.9200,5.903e-12
Metal1,246.1550,109.7600,Metal1,248.1650,109.7600,5.185e-13
Metal1,246.1550,117.6000,Metal1,247.6050,117.6000,6.085e-13
Metal1,246.1550,125.4400,Metal1,247.6050,125.4400,6.044e-13
Metal1,246.1550,133.2800,Metal1,247.6050,133.2800,6.085e-13
Metal1,246.1550,141.1200,Metal1,247.6050,141.1200,6.125e-13
Metal1,246.1550,148.9600,Metal1,247.6050,148.9600,6.085e-13
Metal1,246.1550,156.8000,Metal1,247.6050,156.8000,6.738e-13
Metal1,246.1550,164.6400,Metal1,247.6050,164.6400,6.085e-13
Metal1,246.1550,172.4800,Metal1,247.6050,172.4800,6.085e-13
Metal1,246.1550,180.3200,Metal1,247.6050,180.3200,6.085e-13
Metal1,246.1550,188.1600,Metal1,247.6050,188.1600,6.085e-13
Metal1,246.1550,196.0000,Metal1,247.6050,196.0000,6.779e-13
Metal1,246.1550,203.8400,Metal1,247.6050,203.8400,6.779e-13
Metal1,246.1550,211.6800,Metal1,247.6050,211.6800,6.166e-13
Metal1,246.1550,219.5200,Metal1,247.6050,219.5200,6.125e-13
Metal1,246.1550,227.3600,Metal1,247.6050,227.3600,6.125e-13
Metal1,246.1550,235.2000,Metal1,247.6050,235.2000,6.166e-13
Metal1,246.1550,243.0400,Metal1,247.6050,243.0400,6.125e-13
Metal1,246.1550,250.8800,Metal1,248.1650,250.8800,1.267e-13
Metal1,246.2050,31.3600,Metal1,246.4350,31.3600,1.382e-10
Metal1,246.2050,78.4000,Metal1,246.4350,78.4000,9.841e-10
Metal1,246.2050,94.0800,Metal1,246.4350,94.0800,3.876e-12
Metal1,246.4350,31.3600,Metal1,248.1650,31.3600,1.382e-10
Metal1,246.4350,78.4000,Metal1,246.4850,78.4000,9.841e-10
Metal1,246.4350,94.0800,Metal1,248.1650,94.0800,3.844e-12
Metal1,246.4850,78.4000,Metal1,246.7150,78.4000,7.133e-11
Metal1,246.4850,86.2400,Metal1,246.7150,86.2400,7.943e-12
Metal1,246.4850,101.9200,Metal1,246.7150,101.9200,7.943e-12
Metal1,246.7150,78.4000,Metal1,248.4700,78.4000,9.174e-12
Metal1,246.7150,86.2400,Metal1,248.1650,86.2400,2.079e-12
Metal1,246.7150,101.9200,Metal1,248.1650,101.9200,2.087e-12
Metal1,247.0450,62.7200,Metal1,247.2750,62.7200,6.681e-12
Metal1,247.2750,62.7200,Metal1,248.1650,62.7200,3.160e-12
Metal1,247.6050,23.5200,Metal1,247.8250,22.9550,1.779e-12
Metal1,247.6050,39.2000,Metal1,247.8350,39.2000,1.024e-11
Metal1,247.6050,54.8800,Metal1,247.8250,54.3150,1.153e-14
Metal1,247.6050,70.5600,Metal1,247.8350,70.5600,6.013e-12
Metal1,247.6050,117.6000,Metal1,247.8350,117.6000,2.078e-12
Metal1,247.6050,125.4400,Metal1,247.8350,125.4400,2.153e-12
Metal1,247.6050,133.2800,Metal1,247.8350,133.2800,2.078e-12
Metal1,247.6050,141.1200,Metal1,247.8350,141.1200,2.078e-12
Metal1,247.6050,148.9600,Metal1,247.8350,148.9600,2.153e-12
Metal1,247.6050,156.8000,Metal1,247.8350,156.8000,2.375e-12
Metal1,247.6050,164.6400,Metal1,247.8350,164.6400,2.153e-12
Metal1,247.6050,172.4800,Metal1,247.8350,172.4800,2.153e-12
Metal1,247.6050,180.3200,Metal1,247.8350,180.3200,2.153e-12
Metal1,247.6050,188.1600,Metal1,247.8350,188.1600,2.078e-12
Metal1,247.6050,196.0000,Metal1,247.8350,196.0000,2.301e-12
Metal1,247.6050,203.8400,Metal1,247.8350,203.8400,2.375e-12
Metal1,247.6050,211.6800,Metal1,247.8350,211.6800,2.153e-12
Metal1,247.6050,219.5200,Metal1,247.8350,219.5200,2.153e-12
Metal1,247.6050,227.3600,Metal1,247.8350,227.3600,2.078e-12
Metal1,247.6050,235.2000,Metal1,247.8350,235.2000,2.078e-12
Metal1,247.6050,243.0400,Metal1,247.8350,243.0400,2.078e-12
Metal1,247.8250,22.9550,Metal1,247.8350,24.0125,1.779e-12
Metal1,247.8250,54.3150,Metal1,247.8350,55.3725,1.260e-14
Metal1,247.8350,24.0125,Metal1,248.0550,23.5200,3.364e-12
Metal1,247.8350,39.2000,Metal1,248.1650,39.2000,1.026e-11
Metal1,247.8350,55.3725,Metal1,248.0550,54.8800,3.368e-12
Metal1,247.8350,70.5600,Metal1,248.4700,70.5600,6.042e-12
Metal1,247.8350,117.6000,Metal1,248.1650,117.6000,2.153e-12
Metal1,247.8350,125.4400,Metal1,248.1650,125.4400,2.117e-12
Metal1,247.8350,133.2800,Metal1,248.1650,133.2800,2.171e-12
Metal1,247.8350,141.1200,Metal1,248.1650,141.1200,2.153e-12
Metal1,247.8350,148.9600,Metal1,248.1650,148.9600,2.135e-12
Metal1,247.8350,156.8000,Metal1,248.1650,156.8000,2.368e-12
Metal1,247.8350,164.6400,Metal1,248.1650,164.6400,2.135e-12
Metal1,247.8350,172.4800,Metal1,248.1650,172.4800,2.153e-12
Metal1,247.8350,180.3200,Metal1,248.1650,180.3200,2.135e-12
Metal1,247.8350,188.1600,Metal1,248.1650,188.1600,2.153e-12
Metal1,247.8350,196.0000,Metal1,248.1650,196.0000,2.404e-12
Metal1,247.8350,203.8400,Metal1,248.1650,203.8400,2.386e-12
Metal1,247.8350,211.6800,Metal1,248.1650,211.6800,2.153e-12
Metal1,247.8350,219.5200,Metal1,248.1650,219.5200,2.153e-12
Metal1,247.8350,227.3600,Metal1,248.1650,227.3600,2.153e-12
Metal1,247.8350,235.2000,Metal1,248.1650,235.2000,2.153e-12
Metal1,247.8350,243.0400,Metal1,248.1650,243.0400,2.153e-12
Metal1,248.0550,23.5200,Metal1,248.4700,23.5200,3.367e-12
Metal1,248.0550,54.8800,Metal1,248.4700,54.8800,3.367e-12
Metal1,248.1650,15.6800,Metal1,248.3950,15.6800,3.313e-12
Metal1,248.1650,31.3600,Metal1,248.3950,31.3600,8.759e-12
Metal1,248.1650,39.2000,Metal1,248.3950,39.2000,4.216e-11
Metal1,248.1650,47.0400,Metal1,248.3950,47.0400,9.279e-12
Metal1,248.1650,62.7200,Metal1,248.3950,62.7200,9.279e-12
Metal1,248.1650,86.2400,Metal1,248.3950,86.2400,9.279e-12
Metal1,248.1650,94.0800,Metal1,248.3950,94.0800,4.216e-11
Metal1,248.1650,101.9200,Metal1,248.3950,101.9200,9.279e-12
Metal1,248.1650,109.7600,Metal1,248.3950,109.7600,9.204e-12
Metal1,248.1650,117.6000,Metal1,248.3950,117.6000,9.204e-12
Metal1,248.1650,125.4400,Metal1,248.3950,125.4400,9.204e-12
Metal1,248.1650,133.2800,Metal1,248.3950,133.2800,9.204e-12
Metal1,248.1650,141.1200,Metal1,248.3950,141.1200,9.279e-12
Metal1,248.1650,148.9600,Metal1,248.3950,148.9600,9.279e-12
Metal1,248.1650,156.8000,Metal1,248.3950,156.8000,9.279e-12
Metal1,248.1650,164.6400,Metal1,248.3950,164.6400,9.204e-12
Metal1,248.1650,172.4800,Metal1,248.3950,172.4800,9.279e-12
Metal1,248.1650,180.3200,Metal1,248.3950,180.3200,9.279e-12
Metal1,248.1650,188.1600,Metal1,248.3950,188.1600,9.279e-12
Metal1,248.1650,196.0000,Metal1,248.3950,196.0000,9.279e-12
Metal1,248.1650,203.8400,Metal1,248.3950,203.8400,9.204e-12
Metal1,248.1650,211.6800,Metal1,248.3950,211.6800,9.204e-12
Metal1,248.1650,219.5200,Metal1,248.3950,219.5200,9.279e-12
Metal1,248.1650,227.3600,Metal1,248.3950,227.3600,9.204e-12
Metal1,248.1650,235.2000,Metal1,248.3950,235.2000,9.279e-12
Metal1,248.1650,243.0400,Metal1,248.3950,243.0400,9.204e-12
Metal1,248.1650,250.8800,Metal1,248.3950,250.8800,3.994e-11
Metal1,248.3950,15.6800,Metal1,250.4050,15.6800,1.178e-14
Metal1,248.3950,31.3600,Metal1,248.4700,31.3600,8.842e-12
Metal1,248.3950,39.2000,Metal1,248.4700,39.2000,4.224e-11
Metal1,248.3950,47.0400,Metal1,248.4700,47.0400,9.316e-12
Metal1,248.3950,62.7200,Metal1,248.4700,62.7200,9.316e-12
Metal1,248.3950,86.2400,Metal1,248.4700,86.2400,9.316e-12
Metal1,248.3950,94.0800,Metal1,248.4700,94.0800,4.216e-11
Metal1,248.3950,101.9200,Metal1,248.4700,101.9200,9.316e-12
Metal1,248.3950,109.7600,Metal1,248.4700,109.7600,9.316e-12
Metal1,248.3950,117.6000,Metal1,248.4700,117.6000,9.316e-12
Metal1,248.3950,125.4400,Metal1,248.4700,125.4400,9.316e-12
Metal1,248.3950,133.2800,Metal1,248.4700,133.2800,9.237e-12
Metal1,248.3950,141.1200,Metal1,248.4700,141.1200,9.316e-12
Metal1,248.3950,148.9600,Metal1,248.4700,148.9600,9.316e-12
Metal1,248.3950,156.8000,Metal1,248.4700,156.8000,9.316e-12
Metal1,248.3950,164.6400,Metal1,248.4700,164.6400,9.316e-12
Metal1,248.3950,172.4800,Metal1,248.4700,172.4800,9.395e-12
Metal1,248.3950,180.3200,Metal1,248.4700,180.3200,9.316e-12
Metal1,248.3950,188.1600,Metal1,248.4700,188.1600,9.237e-12
Metal1,248.3950,196.0000,Metal1,248.4700,196.0000,9.316e-12
Metal1,248.3950,203.8400,Metal1,248.4700,203.8400,9.316e-12
Metal1,248.3950,211.6800,Metal1,248.4700,211.6800,9.237e-12
Metal1,248.3950,219.5200,Metal1,248.4700,219.5200,9.237e-12
Metal1,248.3950,227.3600,Metal1,248.4700,227.3600,9.316e-12
Metal1,248.3950,235.2000,Metal1,248.4700,235.2000,9.395e-12
Metal1,248.3950,243.0400,Metal1,248.4700,243.0400,9.316e-12
Metal1,248.3950,250.8800,Metal1,250.4050,250.8800,2.327e-13
Metal1,248.4700,23.5200,Metal1,248.8100,23.5200,6.780e-12
Metal1,248.4700,31.3600,Metal1,248.8100,31.3600,1.329e-12
Metal1,248.4700,39.2000,Metal1,248.8100,39.2000,3.197e-11
Metal1,248.4700,47.0400,Metal1,248.8100,47.0400,7.976e-13
Metal1,248.4700,54.8800,Metal1,248.8100,54.8800,6.780e-12
Metal1,248.4700,62.7200,Metal1,248.8100,62.7200,8.641e-13
Metal1,248.4700,70.5600,Metal1,248.8100,70.5600,3.390e-12
Metal1,248.4700,78.4000,Metal1,248.7250,77.5550,1.319e-12
Metal1,248.4700,86.2400,Metal1,248.8100,86.2400,7.976e-13
Metal1,248.4700,94.0800,Metal1,248.8100,94.0800,3.204e-11
Metal1,248.4700,101.9200,Metal1,248.8100,101.9200,8.641e-13
Metal1,248.4700,109.7600,Metal1,248.8100,109.7600,8.641e-13
Metal1,248.4700,117.6000,Metal1,248.8100,117.6000,8.641e-13
Metal1,248.4700,125.4400,Metal1,248.8100,125.4400,8.641e-13
Metal1,248.4700,133.2800,Metal1,248.8100,133.2800,7.976e-13
Metal1,248.4700,141.1200,Metal1,248.8100,141.1200,7.976e-13
Metal1,248.4700,148.9600,Metal1,248.8100,148.9600,8.641e-13
Metal1,248.4700,156.8000,Metal1,248.8100,156.8000,8.641e-13
Metal1,248.4700,164.6400,Metal1,248.8100,164.6400,7.976e-13
Metal1,248.4700,172.4800,Metal1,248.8100,172.4800,8.641e-13
Metal1,248.4700,180.3200,Metal1,248.8100,180.3200,8.641e-13
Metal1,248.4700,188.1600,Metal1,248.8100,188.1600,7.976e-13
Metal1,248.4700,196.0000,Metal1,248.8100,196.0000,8.641e-13
Metal1,248.4700,203.8400,Metal1,248.8100,203.8400,8.641e-13
Metal1,248.4700,211.6800,Metal1,248.8100,211.6800,7.976e-13
Metal1,248.4700,219.5200,Metal1,248.8100,219.5200,7.976e-13
Metal1,248.4700,227.3600,Metal1,248.8100,227.3600,8.641e-13
Metal1,248.4700,235.2000,Metal1,248.8100,235.2000,8.641e-13
Metal1,248.4700,243.0400,Metal1,248.8100,243.0400,8.641e-13
Metal1,248.7250,77.5550,Metal1,248.8100,78.9650,1.313e-12
Metal1,248.8100,23.5200,Metal1,249.5650,23.5200,6.823e-12
Metal1,248.8100,31.3600,Metal1,250.4050,31.3600,1.348e-12
Metal1,248.8100,39.2000,Metal1,250.4050,39.2000,3.203e-11
Metal1,248.8100,47.0400,Metal1,250.4050,47.0400,8.501e-13
Metal1,248.8100,54.8800,Metal1,249.5650,54.8800,6.807e-12
Metal1,248.8100,62.7200,Metal1,250.4050,62.7200,8.576e-13
Metal1,248.8100,70.5600,Metal1,249.8450,70.5600,3.393e-12
Metal1,248.8100,78.9650,Metal1,248.9550,78.4000,3.039e-14
Metal1,248.8100,86.2400,Metal1,250.4050,86.2400,8.576e-13
Metal1,248.8100,94.0800,Metal1,250.4050,94.0800,3.202e-11
Metal1,248.8100,101.9200,Metal1,250.4050,101.9200,8.576e-13
Metal1,248.8100,109.7600,Metal1,250.4050,109.7600,8.427e-13
Metal1,248.8100,117.6000,Metal1,250.4050,117.6000,8.538e-13
Metal1,248.8100,125.4400,Metal1,250.4050,125.4400,8.538e-13
Metal1,248.8100,133.2800,Metal1,250.4050,133.2800,8.501e-13
Metal1,248.8100,141.1200,Metal1,250.4050,141.1200,8.576e-13
Metal1,248.8100,148.9600,Metal1,250.4050,148.9600,8.576e-13
Metal1,248.8100,156.8000,Metal1,250.4050,156.8000,8.576e-13
Metal1,248.8100,164.6400,Metal1,250.4050,164.6400,8.576e-13
Metal1,248.8100,172.4800,Metal1,250.4050,172.4800,8.576e-13
Metal1,248.8100,180.3200,Metal1,250.4050,180.3200,8.613e-13
Metal1,248.8100,188.1600,Metal1,250.4050,188.1600,8.613e-13
Metal1,248.8100,196.0000,Metal1,250.4050,196.0000,8.576e-13
Metal1,248.8100,203.8400,Metal1,250.4050,203.8400,8.501e-13
Metal1,248.8100,211.6800,Metal1,250.4050,211.6800,8.501e-13
Metal1,248.8100,219.5200,Metal1,250.4050,219.5200,8.538e-13
Metal1,248.8100,227.3600,Metal1,250.4050,227.3600,8.538e-13
Metal1,248.8100,235.2000,Metal1,250.4050,235.2000,8.650e-13
Metal1,248.8100,243.0400,Metal1,250.4050,243.0400,8.538e-13
Metal1,248.9550,78.4000,Metal1,250.9650,78.4000,3.240e-14
Metal1,249.5650,23.5200,Metal1,249.7950,23.5200,2.258e-11
Metal1,249.5650,54.8800,Metal1,249.7950,54.8800,2.258e-11
Metal1,249.7950,23.5200,Metal1,250.9650,23.5200,2.264e-11
Metal1,249.7950,54.8800,Metal1,250.9650,54.8800,2.264e-11
Metal1,249.8450,70.5600,Metal1,250.0750,70.5600,3.244e-11
Metal1,250.0750,70.5600,Metal1,250.9650,70.5600,3.242e-11
Metal1,250.4050,15.6800,Metal1,250.6350,15.6800,1.902e-11
Metal1,250.4050,31.3600,Metal1,250.6350,31.3600,9.204e-12
Metal1,250.4050,39.2000,Metal1,250.6350,39.2000,3.043e-12
Metal1,250.4050,47.0400,Metal1,250.6350,47.0400,9.130e-12
Metal1,250.4050,62.7200,Metal1,250.6350,62.7200,9.204e-12
Metal1,250.4050,86.2400,Metal1,250.6350,86.2400,9.130e-12
Metal1,250.4050,94.0800,Metal1,250.6350,94.0800,3.043e-12
Metal1,250.4050,101.9200,Metal1,250.6350,101.9200,9.204e-12
Metal1,250.4050,109.7600,Metal1,250.6350,109.7600,9.204e-12
Metal1,250.4050,117.6000,Metal1,250.6350,117.6000,9.204e-12
Metal1,250.4050,125.4400,Metal1,250.6350,125.4400,9.204e-12
Metal1,250.4050,133.2800,Metal1,250.6350,133.2800,9.204e-12
Metal1,250.4050,141.1200,Metal1,250.6350,141.1200,9.204e-12
Metal1,250.4050,148.9600,Metal1,250.6350,148.9600,9.204e-12
Metal1,250.4050,156.8000,Metal1,250.6350,156.8000,9.204e-12
Metal1,250.4050,164.6400,Metal1,250.6350,164.6400,9.204e-12
Metal1,250.4050,172.4800,Metal1,250.6350,172.4800,9.204e-12
Metal1,250.4050,180.3200,Metal1,250.6350,180.3200,9.204e-12
Metal1,250.4050,188.1600,Metal1,250.6350,188.1600,9.204e-12
Metal1,250.4050,196.0000,Metal1,250.6350,196.0000,9.204e-12
Metal1,250.4050,203.8400,Metal1,250.6350,203.8400,9.130e-12
Metal1,250.4050,211.6800,Metal1,250.6350,211.6800,9.130e-12
Metal1,250.4050,219.5200,Metal1,250.6350,219.5200,9.204e-12
Metal1,250.4050,227.3600,Metal1,250.6350,227.3600,9.204e-12
Metal1,250.4050,235.2000,Metal1,250.6350,235.2000,9.204e-12
Metal1,250.4050,243.0400,Metal1,250.6350,243.0400,9.204e-12
Metal1,250.4050,250.8800,Metal1,250.6350,250.8800,3.043e-11
Metal1,250.6350,15.6800,Metal1,252.3900,15.6800,9.072e-12
Metal1,250.6350,31.3600,Metal1,250.9650,31.3600,9.169e-12
Metal1,250.6350,39.2000,Metal1,250.9650,39.2000,1.030e-11
Metal1,250.6350,47.0400,Metal1,250.9650,47.0400,9.187e-12
Metal1,250.6350,62.7200,Metal1,250.9650,62.7200,9.169e-12
Metal1,250.6350,86.2400,Metal1,250.9650,86.2400,9.169e-12
Metal1,250.6350,94.0800,Metal1,250.9650,94.0800,1.030e-11
Metal1,250.6350,101.9200,Metal1,250.9650,101.9200,9.187e-12
Metal1,250.6350,109.7600,Metal1,250.9650,109.7600,9.187e-12
Metal1,250.6350,117.6000,Metal1,250.9650,117.6000,9.169e-12
Metal1,250.6350,125.4400,Metal1,250.9650,125.4400,9.169e-12
Metal1,250.6350,133.2800,Metal1,250.9650,133.2800,9.187e-12
Metal1,250.6350,141.1200,Metal1,250.9650,141.1200,9.187e-12
Metal1,250.6350,148.9600,Metal1,250.9650,148.9600,9.187e-12
Metal1,250.6350,156.8000,Metal1,250.9650,156.8000,9.187e-12
Metal1,250.6350,164.6400,Metal1,250.9650,164.6400,9.187e-12
Metal1,250.6350,172.4800,Metal1,250.9650,172.4800,9.187e-12
Metal1,250.6350,180.3200,Metal1,250.9650,180.3200,9.187e-12
Metal1,250.6350,188.1600,Metal1,250.9650,188.1600,9.205e-12
Metal1,250.6350,196.0000,Metal1,250.9650,196.0000,9.187e-12
Metal1,250.6350,203.8400,Metal1,250.9650,203.8400,9.169e-12
Metal1,250.6350,211.6800,Metal1,250.9650,211.6800,9.169e-12
Metal1,250.6350,219.5200,Metal1,250.9650,219.5200,9.187e-12
Metal1,250.6350,227.3600,Metal1,250.9650,227.3600,9.169e-12
Metal1,250.6350,235.2000,Metal1,250.9650,235.2000,9.187e-12
Metal1,250.6350,243.0400,Metal1,250.9650,243.0400,9.187e-12
Metal1,250.6350,250.8800,Metal1,252.3900,250.8800,2.024e-11
Metal1,250.9650,23.5200,Metal1,251.1950,23.5200,2.227e-12
Metal1,250.9650,31.3600,Metal1,251.1950,31.3600,4.454e-13
Metal1,250.9650,39.2000,Metal1,251.1950,39.2000,5.938e-13
Metal1,250.9650,47.0400,Metal1,251.1950,47.0400,5.196e-13
Metal1,250.9650,54.8800,Metal1,251.1950,54.8800,2.078e-12
Metal1,250.9650,62.7200,Metal1,251.1950,62.7200,5.196e-13
Metal1,250.9650,70.5600,Metal1,251.1950,70.5600,3.786e-12
Metal1,250.9650,78.4000,Metal1,251.1950,78.4000,3.313e-12
Metal1,250.9650,86.2400,Metal1,251.1950,86.2400,5.196e-13
Metal1,250.9650,94.0800,Metal1,251.1950,94.0800,5.938e-13
Metal1,250.9650,101.9200,Metal1,251.1950,101.9200,5.196e-13
Metal1,250.9650,109.7600,Metal1,251.1950,109.7600,5.196e-13
Metal1,250.9650,117.6000,Metal1,251.1950,117.6000,5.196e-13
Metal1,250.9650,125.4400,Metal1,251.1950,125.4400,4.454e-13
Metal1,250.9650,133.2800,Metal1,251.1950,133.2800,5.938e-13
Metal1,250.9650,141.1200,Metal1,251.1950,141.1200,5.938e-13
Metal1,250.9650,148.9600,Metal1,251.1950,148.9600,5.196e-13
Metal1,250.9650,156.8000,Metal1,251.1950,156.8000,5.938e-13
Metal1,250.9650,164.6400,Metal1,251.1950,164.6400,5.196e-13
Metal1,250.9650,172.4800,Metal1,251.1950,172.4800,5.938e-13
Metal1,250.9650,180.3200,Metal1,251.1950,180.3200,5.938e-13
Metal1,250.9650,188.1600,Metal1,251.1950,188.1600,5.196e-13
Metal1,250.9650,196.0000,Metal1,251.1950,196.0000,5.196e-13
Metal1,250.9650,203.8400,Metal1,251.1950,203.8400,5.196e-13
Metal1,250.9650,211.6800,Metal1,251.1950,211.6800,5.196e-13
Metal1,250.9650,219.5200,Metal1,251.1950,219.5200,4.454e-13
Metal1,250.9650,227.3600,Metal1,251.1950,227.3600,4.454e-13
Metal1,250.9650,235.2000,Metal1,251.1950,235.2000,4.454e-13
Metal1,250.9650,243.0400,Metal1,251.1950,243.0400,5.938e-13
Metal1,251.1950,23.5200,Metal1,253.2050,23.5200,2.946e-15
Metal1,251.1950,31.3600,Metal1,252.6450,31.3600,2.609e-12
Metal1,251.1950,39.2000,Metal1,252.6450,39.2000,2.364e-12
Metal1,251.1950,47.0400,Metal1,252.6450,47.0400,2.618e-12
Metal1,251.1950,54.8800,Metal1,253.2050,54.8800,5.892e-15
Metal1,251.1950,62.7200,Metal1,252.6450,62.7200,2.618e-12
Metal1,251.1950,70.5600,Metal1,252.0850,70.5600,2.062e-13
Metal1,251.1950,78.4000,Metal1,253.2050,78.4000,5.892e-15
Metal1,251.1950,86.2400,Metal1,252.6450,86.2400,2.613e-12
Metal1,251.1950,94.0800,Metal1,252.6450,94.0800,2.364e-12
Metal1,251.1950,101.9200,Metal1,252.6450,101.9200,2.618e-12
Metal1,251.1950,109.7600,Metal1,252.6450,109.7600,2.622e-12
Metal1,251.1950,117.6000,Metal1,252.6450,117.6000,2.613e-12
Metal1,251.1950,125.4400,Metal1,252.6450,125.4400,2.609e-12
Metal1,251.1950,133.2800,Metal1,252.6450,133.2800,2.622e-12
Metal1,251.1950,141.1200,Metal1,252.6450,141.1200,2.622e-12
Metal1,251.1950,148.9600,Metal1,252.6450,148.9600,2.613e-12
Metal1,251.1950,156.8000,Metal1,252.6450,156.8000,2.622e-12
Metal1,251.1950,164.6400,Metal1,252.6450,164.6400,2.618e-12
Metal1,251.1950,172.4800,Metal1,252.6450,172.4800,2.622e-12
Metal1,251.1950,180.3200,Metal1,252.6450,180.3200,2.618e-12
Metal1,251.1950,188.1600,Metal1,252.6450,188.1600,2.613e-12
Metal1,251.1950,196.0000,Metal1,252.6450,196.0000,2.613e-12
Metal1,251.1950,203.8400,Metal1,252.6450,203.8400,2.613e-12
Metal1,251.1950,211.6800,Metal1,252.6450,211.6800,2.613e-12
Metal1,251.1950,219.5200,Metal1,252.6450,219.5200,2.613e-12
Metal1,251.1950,227.3600,Metal1,252.6450,227.3600,2.609e-12
Metal1,251.1950,235.2000,Metal1,252.6450,235.2000,2.613e-12
Metal1,251.1950,243.0400,Metal1,252.6450,243.0400,2.622e-12
Metal1,252.0850,70.5600,Metal1,252.3150,70.5600,8.759e-12
Metal1,252.3150,70.5600,Metal1,253.2050,70.5600,1.111e-12
Metal1,252.3900,15.6800,Metal1,252.6450,14.8350,1.415e-12
Metal1,252.3900,250.8800,Metal1,252.7300,250.8800,1.004e-11
Metal1,252.6450,14.8350,Metal1,252.7300,16.2450,1.413e-12
Metal1,252.6450,31.3600,Metal1,252.8750,31.3600,9.279e-12
Metal1,252.6450,39.2000,Metal1,252.8750,39.2000,8.462e-12
Metal1,252.6450,47.0400,Metal1,252.8750,47.0400,9.353e-12
Metal1,252.6450,62.7200,Metal1,252.8750,62.7200,9.279e-12
Metal1,252.6450,86.2400,Metal1,252.8750,86.2400,9.279e-12
Metal1,252.6450,94.0800,Metal1,252.8750,94.0800,8.462e-12
Metal1,252.6450,101.9200,Metal1,252.8750,101.9200,9.353e-12
Metal1,252.6450,109.7600,Metal1,252.8750,109.7600,9.353e-12
Metal1,252.6450,117.6000,Metal1,252.8750,117.6000,9.427e-12
Metal1,252.6450,125.4400,Metal1,252.8750,125.4400,9.279e-12
Metal1,252.6450,133.2800,Metal1,252.8750,133.2800,9.353e-12
Metal1,252.6450,141.1200,Metal1,252.8750,141.1200,9.353e-12
Metal1,252.6450,148.9600,Metal1,252.8750,148.9600,9.353e-12
Metal1,252.6450,156.8000,Metal1,252.8750,156.8000,9.353e-12
Metal1,252.6450,164.6400,Metal1,252.8750,164.6400,9.353e-12
Metal1,252.6450,172.4800,Metal1,252.8750,172.4800,9.353e-12
Metal1,252.6450,180.3200,Metal1,252.8750,180.3200,9.427e-12
Metal1,252.6450,188.1600,Metal1,252.8750,188.1600,9.279e-12
Metal1,252.6450,196.0000,Metal1,252.8750,196.0000,9.353e-12
Metal1,252.6450,203.8400,Metal1,252.8750,203.8400,9.279e-12
Metal1,252.6450,211.6800,Metal1,252.8750,211.6800,9.427e-12
Metal1,252.6450,219.5200,Metal1,252.8750,219.5200,9.353e-12
Metal1,252.6450,227.3600,Metal1,252.8750,227.3600,9.353e-12
Metal1,252.6450,235.2000,Metal1,252.8750,235.2000,9.353e-12
Metal1,252.6450,243.0400,Metal1,252.8750,243.0400,9.353e-12
Metal1,252.7300,16.2450,Metal1,252.8750,15.6800,1.910e-11
Metal1,252.8750,31.3600,Metal1,253.2050,31.3600,9.348e-12
Metal1,252.8750,39.2000,Metal1,253.2050,39.2000,8.469e-12
Metal1,252.8750,47.0400,Metal1,253.2050,47.0400,9.348e-12
Metal1,252.8750,62.7200,Metal1,253.2050,62.7200,9.384e-12
Metal1,252.8750,86.2400,Metal1,253.2050,86.2400,9.366e-12
Metal1,252.8750,94.0800,Metal1,253.2050,94.0800,8.469e-12
Metal1,252.8750,101.9200,Metal1,253.2050,101.9200,9.366e-12
Metal1,252.8750,109.7600,Metal1,253.2050,109.7600,9.366e-12
Metal1,252.8750,117.6000,Metal1,253.2050,117.6000,9.312e-12
Metal1,252.8750,125.4400,Metal1,253.2050,125.4400,9.348e-12
Metal1,252.8750,133.2800,Metal1,253.2050,133.2800,9.348e-12
Metal1,252.8750,141.1200,Metal1,253.2050,141.1200,9.366e-12
Metal1,252.8750,148.9600,Metal1,253.2050,148.9600,9.330e-12
Metal1,252.8750,156.8000,Metal1,253.2050,156.8000,9.366e-12
Metal1,252.8750,164.6400,Metal1,253.2050,164.6400,9.366e-12
Metal1,252.8750,172.4800,Metal1,253.2050,172.4800,9.366e-12
Metal1,252.8750,180.3200,Metal1,253.2050,180.3200,9.330e-12
Metal1,252.8750,188.1600,Metal1,253.2050,188.1600,9.348e-12
Metal1,252.8750,196.0000,Metal1,253.2050,196.0000,9.330e-12
Metal1,252.8750,203.8400,Metal1,253.2050,203.8400,9.330e-12
Metal1,252.8750,211.6800,Metal1,253.2050,211.6800,9.330e-12
Metal1,252.8750,219.5200,Metal1,253.2050,219.5200,9.348e-12
Metal1,252.8750,227.3600,Metal1,253.2050,227.3600,9.312e-12
Metal1,252.8750,235.2000,Metal1,253.2050,235.2000,9.330e-12
Metal1,252.8750,243.0400,Metal1,253.2050,243.0400,9.366e-12
Metal1,253.2050,23.5200,Metal1,253.4350,23.5200,0.000e+00
Metal1,253.2050,31.3600,Metal1,253.4350,31.3600,0.000e+00
Metal1,253.2050,39.2000,Metal1,253.4350,39.2000,0.000e+00
Metal1,253.2050,47.0400,Metal1,253.4350,47.0400,0.000e+00
Metal1,253.2050,54.8800,Metal1,253.4350,54.8800,0.000e+00
Metal1,253.2050,62.7200,Metal1,253.4350,62.7200,0.000e+00
Metal1,253.2050,70.5600,Metal1,253.4350,70.5600,0.000e+00
Metal1,253.2050,78.4000,Metal1,253.4350,78.4000,0.000e+00
Metal1,253.2050,86.2400,Metal1,253.4350,86.2400,0.000e+00
Metal1,253.2050,94.0800,Metal1,253.4350,94.0800,0.000e+00
Metal1,253.2050,101.9200,Metal1,253.4350,101.9200,0.000e+00
Metal1,253.2050,109.7600,Metal1,253.4350,109.7600,0.000e+00
Metal1,253.2050,117.6000,Metal1,253.4350,117.6000,0.000e+00
Metal1,253.2050,125.4400,Metal1,253.4350,125.4400,0.000e+00
Metal1,253.2050,133.2800,Metal1,253.4350,133.2800,0.000e+00
Metal1,253.2050,141.1200,Metal1,253.4350,141.1200,0.000e+00
Metal1,253.2050,148.9600,Metal1,253.4350,148.9600,0.000e+00
Metal1,253.2050,156.8000,Metal1,253.4350,156.8000,0.000e+00
Metal1,253.2050,164.6400,Metal1,253.4350,164.6400,0.000e+00
Metal1,253.2050,172.4800,Metal1,253.4350,172.4800,0.000e+00
Metal1,253.2050,180.3200,Metal1,253.4350,180.3200,0.000e+00
Metal1,253.2050,188.1600,Metal1,253.4350,188.1600,0.000e+00
Metal1,253.2050,196.0000,Metal1,253.4350,196.0000,0.000e+00
Metal1,253.2050,203.8400,Metal1,253.4350,203.8400,0.000e+00
Metal1,253.2050,211.6800,Metal1,253.4350,211.6800,0.000e+00
Metal1,253.2050,219.5200,Metal1,253.4350,219.5200,0.000e+00
Metal1,253.2050,227.3600,Metal1,253.4350,227.3600,0.000e+00
Metal1,253.2050,235.2000,Metal1,253.4350,235.2000,0.000e+00
Metal1,253.2050,243.0400,Metal1,253.4350,243.0400,0.000e+00
Metal2,103.2000,15.6800,Metal3,103.2000,15.6800,1.667e-04
Metal2,103.2000,23.5200,Metal3,103.2000,23.5200,1.796e-04
Metal2,103.2000,31.3600,Metal3,103.2000,31.3600,8.190e-05
Metal2,103.2000,39.2000,Metal3,103.2000,39.2000,6.378e-05
Metal2,103.2000,47.0400,Metal3,103.2000,47.0400,1.030e-04
Metal2,103.2000,54.8800,Metal3,103.2000,54.8800,1.164e-04
Metal2,103.2000,62.7200,Metal3,103.2000,62.7200,8.711e-05
Metal2,103.2000,70.5600,Metal3,103.2000,70.5600,2.433e-05
Metal2,103.2000,78.4000,Metal3,103.2000,78.4000,3.725e-05
Metal2,103.2000,86.2400,Metal3,103.2000,86.2400,1.150e-04
Metal2,103.2000,94.0800,Metal3,103.2000,94.0800,6.399e-05
Metal2,103.2000,101.9200,Metal3,103.2000,101.9200,9.365e-05
Metal2,103.2000,109.7600,Metal3,103.2000,109.7600,7.536e-05
Metal2,103.2000,117.6000,Metal3,103.2000,117.6000,9.479e-05
Metal2,103.2000,125.4400,Metal3,103.2000,125.4400,8.039e-05
Metal2,103.2000,133.2800,Metal3,103.2000,133.2800,2.521e-05
Metal2,103.2000,141.1200,Metal3,103.2000,141.1200,2.593e-05
Metal2,103.2000,148.9600,Metal3,103.2000,148.9600,3.424e-05
Metal2,103.2000,156.8000,Metal3,103.2000,156.8000,2.686e-05
Metal2,103.2000,164.6400,Metal3,103.2000,164.6400,6.677e-07
Metal2,103.2000,172.4800,Metal3,103.2000,172.4800,6.411e-10
Metal2,103.2000,180.3200,Metal3,103.2000,180.3200,6.484e-10
Metal2,103.2000,188.1600,Metal3,103.2000,188.1600,6.484e-10
Metal2,103.2000,196.0000,Metal3,103.2000,196.0000,6.525e-10
Metal2,103.2000,203.8400,Metal3,103.2000,203.8400,6.527e-10
Metal2,103.2000,211.6800,Metal3,103.2000,211.6800,6.525e-10
Metal2,103.2000,219.5200,Metal3,103.2000,219.5200,6.419e-10
Metal2,103.2000,227.3600,Metal3,103.2000,227.3600,6.465e-10
Metal2,103.2000,235.2000,Metal3,103.2000,235.2000,6.470e-10
Metal2,103.2000,243.0400,Metal3,103.2000,243.0400,6.568e-10
Metal2,103.2000,250.8800,Metal3,103.2000,250.8800,7.339e-10
Metal3,103.2000,15.6800,Metal4,103.2000,15.6800,1.667e-04
Metal3,103.2000,23.5200,Metal4,103.2000,23.5200,1.796e-04
Metal3,103.2000,31.3600,Metal4,103.2000,29.3800,8.190e-05
Metal3,103.2000,39.2000,Metal4,103.2000,39.2000,6.378e-05
Metal3,103.2000,47.0400,Metal4,103.2000,46.1800,1.030e-04
Metal3,103.2000,54.8800,Metal4,103.2000,54.8800,1.164e-04
Metal3,103.2000,62.7200,Metal4,103.2000,62.7200,8.711e-05
Metal3,103.2000,70.5600,Metal4,103.2000,68.5800,2.433e-05
Metal3,103.2000,78.4000,Metal4,103.2000,78.4000,3.725e-05
Metal3,103.2000,86.2400,Metal4,103.2000,85.3800,1.150e-04
Metal3,103.2000,94.0800,Metal4,103.2000,94.0800,6.399e-05
Metal3,103.2000,101.9200,Metal4,103.2000,101.9200,9.365e-05
Metal3,103.2000,109.7600,Metal4,103.2000,107.7800,7.536e-05
Metal3,103.2000,117.6000,Metal4,103.2000,117.6000,9.479e-05
Metal3,103.2000,125.4400,Metal4,103.2000,124.5800,8.039e-05
Metal3,103.2000,133.2800,Metal4,103.2000,133.2800,2.521e-05
Metal3,103.2000,141.1200,Metal4,103.2000,141.1200,2.593e-05
Metal3,103.2000,148.9600,Metal4,103.2000,146.9800,3.424e-05
Metal3,103.2000,156.8000,Metal4,103.2000,156.8000,2.686e-05
Metal3,103.2000,164.6400,Metal4,103.2000,163.7800,6.677e-07
Metal3,103.2000,172.4800,Metal4,103.2000,172.4800,6.411e-10
Metal3,103.2000,180.3200,Metal4,103.2000,180.3200,6.484e-10
Metal3,103.2000,188.1600,Metal4,103.2000,186.1800,6.484e-10
Metal3,103.2000,196.0000,Metal4,103.2000,196.0000,6.525e-10
Metal3,103.2000,203.8400,Metal4,103.2000,202.9800,6.527e-10
Metal3,103.2000,211.6800,Metal4,103.2000,211.6800,6.525e-10
Metal3,103.2000,219.5200,Metal4,103.2000,219.5200,6.419e-10
Metal3,103.2000,227.3600,Metal4,103.2000,225.3800,6.465e-10
Metal3,103.2000,235.2000,Metal4,103.2000,235.2000,6.470e-10
Metal3,103.2000,243.0400,Metal4,103.2000,242.1800,6.568e-10
Metal3,103.2000,250.8800,Metal4,103.2000,250.8800,7.339e-10
Metal4,103.2000,15.6800,Metal4,103.2000,23.5200,1.667e-04
Metal4,103.2000,23.5200,Metal4,103.2000,29.3800,3.463e-04
Metal4,103.2000,29.3800,Metal4,103.2000,34.9800,4.282e-04
Metal4,103.2000,34.9800,Metal4,103.2000,39.2000,4.282e-04
Metal4,103.2000,39.2000,Metal4,103.2000,46.1800,0.000e+00
Metal4,103.2000,46.1800,Metal4,103.2000,51.7800,0.000e+00
Metal4,103.2000,51.7800,Metal4,103.2000,54.8800,0.000e+00
Metal4,103.2000,54.8800,Metal4,103.2000,62.7200,0.000e+00
Metal4,103.2000,62.7200,Metal4,103.2000,68.5800,0.000e+00
Metal4,103.2000,68.5800,Metal4,103.2000,74.1800,0.000e+00
Metal4,103.2000,74.1800,Metal4,103.2000,78.4000,0.000e+00
Metal4,103.2000,78.4000,Metal4,103.2000,85.3800,0.000e+00
Metal4,103.2000,85.3800,Metal4,103.2000,90.9800,0.000e+00
Metal4,103.2000,90.9800,Metal4,103.2000,94.0800,0.000e+00
Metal4,103.2000,94.0800,Metal4,103.2000,101.9200,0.000e+00
Metal4,103.2000,101.9200,Metal4,103.2000,107.7800,3.635e-04
Metal4,103.2000,107.7800,Metal4,103.2000,113.3800,2.881e-04
Metal4,103.2000,113.3800,Metal4,103.2000,117.6000,2.881e-04
Metal4,103.2000,117.6000,Metal4,103.2000,124.5800,1.933e-04
Metal4,103.2000,124.5800,Metal4,103.2000,130.1800,1.129e-04
Metal4,103.2000,130.1800,Metal4,103.2000,133.2800,1.129e-04
Metal4,103.2000,133.2800,Metal4,103.2000,141.1200,8.771e-05
Metal4,103.2000,141.1200,Metal4,103.2000,146.9800,6.178e-05
Metal4,103.2000,146.9800,Metal4,103.2000,152.5800,2.754e-05
Metal4,103.2000,152.5800,Metal4,103.2000,156.8000,2.754e-05
Metal4,103.2000,156.8000,Metal4,103.2000,163.7800,6.749e-07
Metal4,103.2000,163.7800,Metal4,103.2000,169.3800,7.222e-09
Metal4,103.2000,169.3800,Metal4,103.2000,172.4800,7.222e-09
Metal4,103.2000,172.4800,Metal4,103.2000,180.3200,6.580e-09
Metal4,103.2000,180.3200,Metal4,103.2000,186.1800,5.932e-09
Metal4,103.2000,186.1800,Metal4,103.2000,191.7800,5.284e-09
Metal4,103.2000,191.7800,Metal4,103.2000,196.0000,5.284e-09
Metal4,103.2000,196.0000,Metal4,103.2000,202.9800,4.631e-09
Metal4,103.2000,202.9800,Metal4,103.2000,208.5800,3.979e-09
Metal4,103.2000,208.5800,Metal4,103.2000,211.6800,3.979e-09
Metal4,103.2000,211.6800,Metal4,103.2000,219.5200,3.326e-09
Metal4,103.2000,219.5200,Metal4,103.2000,225.3800,2.684e-09
Metal4,103.2000,225.3800,Metal4,103.2000,230.9800,2.038e-09
Metal4,103.2000,230.9800,Metal4,103.2000,235.2000,2.038e-09
Metal4,103.2000,235.2000,Metal4,103.2000,242.1800,1.391e-09
Metal4,103.2000,242.1800,Metal4,103.2000,247.7800,7.339e-10
Metal4,103.2000,247.7800,Metal4,103.2000,250.8800,7.339e-10
