OpenSTA 2.7.0 857316ff00 Copyright (c) 2025, Parallax Software, Inc.
License GPLv3: GNU GPL version 3 <http://gnu.org/licenses/gpl.html>

This is free software, and you are free to change and redistribute it
under certain conditions; type `show_copying' for details. 
This program comes with ABSOLUTELY NO WARRANTY; for details type `show_warranty'.
Warning: constraint.sdc line 3, set_input_delay relative to a clock defined on the same port/pin not allowed.
Warning: /foss/designs/_bench7_caravel_v1034_cleanroom/caravel_r11/phase3/stage3/extracted/user_project_wrapper.spef line 2190, net clknet_2_0__leaf_mprj.counter.clk not found.
Warning: /foss/designs/_bench7_caravel_v1034_cleanroom/caravel_r11/phase3/stage3/extracted/user_project_wrapper.spef line 2196, net net2 not found.
Warning: /foss/designs/_bench7_caravel_v1034_cleanroom/caravel_r11/phase3/stage3/extracted/user_project_wrapper.spef line 2204, net ANTENNA_81 not found.
Warning: /foss/designs/_bench7_caravel_v1034_cleanroom/caravel_r11/phase3/stage3/extracted/user_project_wrapper.spef line 2212, net clknet_0_mprj.counter.clk not found.
Warning: /foss/designs/_bench7_caravel_v1034_cleanroom/caravel_r11/phase3/stage3/extracted/user_project_wrapper.spef line 2223, net ANTENNA_81 not found.
Warning: /foss/designs/_bench7_caravel_v1034_cleanroom/caravel_r11/phase3/stage3/extracted/user_project_wrapper.spef line 2238, net ANTENNA_25 not found.
Warning: /foss/designs/_bench7_caravel_v1034_cleanroom/caravel_r11/phase3/stage3/extracted/user_project_wrapper.spef line 2250, net clknet_2_1__leaf_mprj.counter.clk not found.
Warning: /foss/designs/_bench7_caravel_v1034_cleanroom/caravel_r11/phase3/stage3/extracted/user_project_wrapper.spef line 2256, net clknet_2_1__leaf_mprj.counter.clk not found.
Warning: /foss/designs/_bench7_caravel_v1034_cleanroom/caravel_r11/phase3/stage3/extracted/user_project_wrapper.spef line 2282, net clknet_2_2__leaf_mprj.counter.clk not found.
Warning: /foss/designs/_bench7_caravel_v1034_cleanroom/caravel_r11/phase3/stage3/extracted/user_project_wrapper.spef line 2293, net clknet_2_2__leaf_mprj.counter.clk not found.
Warning: /foss/designs/_bench7_caravel_v1034_cleanroom/caravel_r11/phase3/stage3/extracted/user_project_wrapper.spef line 2307, net clknet_0_mprj.counter.clk not found.
Warning: /foss/designs/_bench7_caravel_v1034_cleanroom/caravel_r11/phase3/stage3/extracted/user_project_wrapper.spef line 2314, net clknet_0_mprj.counter.clk not found.
Warning: /foss/designs/_bench7_caravel_v1034_cleanroom/caravel_r11/phase3/stage3/extracted/user_project_wrapper.spef line 2320, net clknet_0_mprj.counter.clk not found.
Warning: /foss/designs/_bench7_caravel_v1034_cleanroom/caravel_r11/phase3/stage3/extracted/user_project_wrapper.spef line 2329, net clknet_2_1__leaf_mprj.counter.clk not found.
Warning: /foss/designs/_bench7_caravel_v1034_cleanroom/caravel_r11/phase3/stage3/extracted/user_project_wrapper.spef line 2739, net ANTENNA_255 not found.
Warning: /foss/designs/_bench7_caravel_v1034_cleanroom/caravel_r11/phase3/stage3/extracted/user_project_wrapper.spef line 2752, net clknet_2_2__leaf_mprj.counter.clk not found.
Warning: /foss/designs/_bench7_caravel_v1034_cleanroom/caravel_r11/phase3/stage3/extracted/user_project_wrapper.spef line 2753, net clknet_2_2__leaf_mprj.counter.clk not found.
Warning: /foss/designs/_bench7_caravel_v1034_cleanroom/caravel_r11/phase3/stage3/extracted/user_project_wrapper.spef line 2755, net clknet_2_3__leaf_mprj.counter.clk not found.
Warning: /foss/designs/_bench7_caravel_v1034_cleanroom/caravel_r11/phase3/stage3/extracted/user_project_wrapper.spef line 2857, net ANTENNA_228 not found.
Warning: /foss/designs/_bench7_caravel_v1034_cleanroom/caravel_r11/phase3/stage3/extracted/user_project_wrapper.spef line 2858, net ANTENNA_269 not found.
Warning: /foss/designs/_bench7_caravel_v1034_cleanroom/caravel_r11/phase3/stage3/extracted/user_project_wrapper.spef line 2859, net ANTENNA_270 not found.
Warning: /foss/designs/_bench7_caravel_v1034_cleanroom/caravel_r11/phase3/stage3/extracted/user_project_wrapper.spef line 2870, net clknet_2_0__leaf_mprj.counter.clk not found.
Warning: /foss/designs/_bench7_caravel_v1034_cleanroom/caravel_r11/phase3/stage3/extracted/user_project_wrapper.spef line 2871, net clknet_2_0__leaf_mprj.counter.clk not found.
Warning: /foss/designs/_bench7_caravel_v1034_cleanroom/caravel_r11/phase3/stage3/extracted/user_project_wrapper.spef line 2872, net clknet_2_0__leaf_mprj.counter.clk not found.
Warning: /foss/designs/_bench7_caravel_v1034_cleanroom/caravel_r11/phase3/stage3/extracted/user_project_wrapper.spef line 2986, net net2 not found.
Warning: /foss/designs/_bench7_caravel_v1034_cleanroom/caravel_r11/phase3/stage3/extracted/user_project_wrapper.spef line 2999, net net2 not found.
Warning: /foss/designs/_bench7_caravel_v1034_cleanroom/caravel_r11/phase3/stage3/extracted/user_project_wrapper.spef line 3008, net clknet_0_mprj.counter.clk not found.
Warning: /foss/designs/_bench7_caravel_v1034_cleanroom/caravel_r11/phase3/stage3/extracted/user_project_wrapper.spef line 3009, net clknet_0_mprj.counter.clk not found.
Warning: /foss/designs/_bench7_caravel_v1034_cleanroom/caravel_r11/phase3/stage3/extracted/user_project_wrapper.spef line 3010, net clknet_2_2__leaf_mprj.counter.clk not found.
Warning: /foss/designs/_bench7_caravel_v1034_cleanroom/caravel_r11/phase3/stage3/extracted/user_project_wrapper.spef line 3087, net ANTENNA_187 not found.
Warning: /foss/designs/_bench7_caravel_v1034_cleanroom/caravel_r11/phase3/stage3/extracted/user_project_wrapper.spef line 3095, net clknet_2_0__leaf_mprj.counter.clk not found.
Warning: /foss/designs/_bench7_caravel_v1034_cleanroom/caravel_r11/phase3/stage3/extracted/user_project_wrapper.spef line 3101, net ANTENNA_187 not found.
Warning: /foss/designs/_bench7_caravel_v1034_cleanroom/caravel_r11/phase3/stage3/extracted/user_project_wrapper.spef line 3102, net ANTENNA_190 not found.
Warning: /foss/designs/_bench7_caravel_v1034_cleanroom/caravel_r11/phase3/stage3/extracted/user_project_wrapper.spef line 3116, net clknet_0_mprj.counter.clk not found.
Warning: /foss/designs/_bench7_caravel_v1034_cleanroom/caravel_r11/phase3/stage3/extracted/user_project_wrapper.spef line 3117, net ANTENNA_9 not found.
Warning: /foss/designs/_bench7_caravel_v1034_cleanroom/caravel_r11/phase3/stage3/extracted/user_project_wrapper.spef line 3122, net clknet_0_mprj.counter.clk not found.
Warning: /foss/designs/_bench7_caravel_v1034_cleanroom/caravel_r11/phase3/stage3/extracted/user_project_wrapper.spef line 3185, net clknet_0_mprj.counter.clk not found.
Warning: /foss/designs/_bench7_caravel_v1034_cleanroom/caravel_r11/phase3/stage3/extracted/user_project_wrapper.spef line 3204, net ANTENNA_175 not found.
Warning: /foss/designs/_bench7_caravel_v1034_cleanroom/caravel_r11/phase3/stage3/extracted/user_project_wrapper.spef line 3220, net net1 not found.
Warning: /foss/designs/_bench7_caravel_v1034_cleanroom/caravel_r11/phase3/stage3/extracted/user_project_wrapper.spef line 3237, net clknet_2_2__leaf_mprj.counter.clk not found.
Warning: /foss/designs/_bench7_caravel_v1034_cleanroom/caravel_r11/phase3/stage3/extracted/user_project_wrapper.spef line 3238, net clknet_2_2__leaf_mprj.counter.clk not found.
Warning: /foss/designs/_bench7_caravel_v1034_cleanroom/caravel_r11/phase3/stage3/extracted/user_project_wrapper.spef line 3250, net clknet_2_2__leaf_mprj.counter.clk not found.
Warning: /foss/designs/_bench7_caravel_v1034_cleanroom/caravel_r11/phase3/stage3/extracted/user_project_wrapper.spef line 3366, net clknet_2_2__leaf_mprj.counter.clk not found.
Warning: /foss/designs/_bench7_caravel_v1034_cleanroom/caravel_r11/phase3/stage3/extracted/user_project_wrapper.spef line 3454, net clknet_2_3__leaf_mprj.counter.clk not found.
Warning: /foss/designs/_bench7_caravel_v1034_cleanroom/caravel_r11/phase3/stage3/extracted/user_project_wrapper.spef line 3455, net ANTENNA_6 not found.
Warning: /foss/designs/_bench7_caravel_v1034_cleanroom/caravel_r11/phase3/stage3/extracted/user_project_wrapper.spef line 3456, net ANTENNA_7 not found.
Warning: /foss/designs/_bench7_caravel_v1034_cleanroom/caravel_r11/phase3/stage3/extracted/user_project_wrapper.spef line 3468, net ANTENNA_7 not found.
Warning: /foss/designs/_bench7_caravel_v1034_cleanroom/caravel_r11/phase3/stage3/extracted/user_project_wrapper.spef line 3481, net clknet_2_3__leaf_mprj.counter.clk not found.
Warning: /foss/designs/_bench7_caravel_v1034_cleanroom/caravel_r11/phase3/stage3/extracted/user_project_wrapper.spef line 3482, net clknet_2_3__leaf_mprj.counter.clk not found.
Warning: /foss/designs/_bench7_caravel_v1034_cleanroom/caravel_r11/phase3/stage3/extracted/user_project_wrapper.spef line 3483, net clknet_2_3__leaf_mprj.counter.clk not found.
Warning: /foss/designs/_bench7_caravel_v1034_cleanroom/caravel_r11/phase3/stage3/extracted/user_project_wrapper.spef line 3573, net ANTENNA_256 not found.
Warning: /foss/designs/_bench7_caravel_v1034_cleanroom/caravel_r11/phase3/stage3/extracted/user_project_wrapper.spef line 3663, net clknet_2_2__leaf_mprj.counter.clk not found.
Warning: /foss/designs/_bench7_caravel_v1034_cleanroom/caravel_r11/phase3/stage3/extracted/user_project_wrapper.spef line 3695, net clknet_2_2__leaf_mprj.counter.clk not found.
Warning: /foss/designs/_bench7_caravel_v1034_cleanroom/caravel_r11/phase3/stage3/extracted/user_project_wrapper.spef line 3696, net clknet_2_2__leaf_mprj.counter.clk not found.
Warning: /foss/designs/_bench7_caravel_v1034_cleanroom/caravel_r11/phase3/stage3/extracted/user_project_wrapper.spef line 3700, net clknet_2_2__leaf_mprj.counter.clk not found.
Warning: /foss/designs/_bench7_caravel_v1034_cleanroom/caravel_r11/phase3/stage3/extracted/user_project_wrapper.spef line 3773, net ANTENNA_87 not found.
Warning: /foss/designs/_bench7_caravel_v1034_cleanroom/caravel_r11/phase3/stage3/extracted/user_project_wrapper.spef line 3780, net ANTENNA_88 not found.
Warning: /foss/designs/_bench7_caravel_v1034_cleanroom/caravel_r11/phase3/stage3/extracted/user_project_wrapper.spef line 3781, net ANTENNA_98 not found.
Warning: /foss/designs/_bench7_caravel_v1034_cleanroom/caravel_r11/phase3/stage3/extracted/user_project_wrapper.spef line 3792, net ANTENNA_274 not found.
Warning: /foss/designs/_bench7_caravel_v1034_cleanroom/caravel_r11/phase3/stage3/extracted/user_project_wrapper.spef line 3889, net clkload0 not found.
Warning: /foss/designs/_bench7_caravel_v1034_cleanroom/caravel_r11/phase3/stage3/extracted/user_project_wrapper.spef line 3890, net net2 not found.
Warning: /foss/designs/_bench7_caravel_v1034_cleanroom/caravel_r11/phase3/stage3/extracted/user_project_wrapper.spef line 3903, net clknet_0_mprj.counter.clk not found.
Warning: /foss/designs/_bench7_caravel_v1034_cleanroom/caravel_r11/phase3/stage3/extracted/user_project_wrapper.spef line 3904, net clknet_2_1__leaf_mprj.counter.clk not found.
Warning: /foss/designs/_bench7_caravel_v1034_cleanroom/caravel_r11/phase3/stage3/extracted/user_project_wrapper.spef line 3905, net clknet_2_2__leaf_mprj.counter.clk not found.
Warning: /foss/designs/_bench7_caravel_v1034_cleanroom/caravel_r11/phase3/stage3/extracted/user_project_wrapper.spef line 3909, net clknet_2_2__leaf_mprj.counter.clk not found.
Warning: /foss/designs/_bench7_caravel_v1034_cleanroom/caravel_r11/phase3/stage3/extracted/user_project_wrapper.spef line 3966, net ANTENNA_153 not found.
Warning: /foss/designs/_bench7_caravel_v1034_cleanroom/caravel_r11/phase3/stage3/extracted/user_project_wrapper.spef line 3973, net clknet_2_1__leaf_mprj.counter.clk not found.
Warning: /foss/designs/_bench7_caravel_v1034_cleanroom/caravel_r11/phase3/stage3/extracted/user_project_wrapper.spef line 3974, net clknet_2_1__leaf_mprj.counter.clk not found.
Warning: /foss/designs/_bench7_caravel_v1034_cleanroom/caravel_r11/phase3/stage3/extracted/user_project_wrapper.spef line 3975, net clknet_2_1__leaf_mprj.counter.clk not found.
Warning: /foss/designs/_bench7_caravel_v1034_cleanroom/caravel_r11/phase3/stage3/extracted/user_project_wrapper.spef line 3981, net net2 not found.
Warning: /foss/designs/_bench7_caravel_v1034_cleanroom/caravel_r11/phase3/stage3/extracted/user_project_wrapper.spef line 3989, net net2 not found.
Warning: /foss/designs/_bench7_caravel_v1034_cleanroom/caravel_r11/phase3/stage3/extracted/user_project_wrapper.spef line 3999, net clknet_0_mprj.counter.clk not found.
Warning: /foss/designs/_bench7_caravel_v1034_cleanroom/caravel_r11/phase3/stage3/extracted/user_project_wrapper.spef line 4000, net clknet_0_mprj.counter.clk not found.
Warning: /foss/designs/_bench7_caravel_v1034_cleanroom/caravel_r11/phase3/stage3/extracted/user_project_wrapper.spef line 4001, net clknet_0_mprj.counter.clk not found.
Warning: /foss/designs/_bench7_caravel_v1034_cleanroom/caravel_r11/phase3/stage3/extracted/user_project_wrapper.spef line 4070, net ANTENNA_265 not found.
Warning: /foss/designs/_bench7_caravel_v1034_cleanroom/caravel_r11/phase3/stage3/extracted/user_project_wrapper.spef line 4076, net ANTENNA_229 not found.
Warning: /foss/designs/_bench7_caravel_v1034_cleanroom/caravel_r11/phase3/stage3/extracted/user_project_wrapper.spef line 4078, net clknet_2_1__leaf_mprj.counter.clk not found.
Warning: /foss/designs/_bench7_caravel_v1034_cleanroom/caravel_r11/phase3/stage3/extracted/user_project_wrapper.spef line 4083, net clknet_2_1__leaf_mprj.counter.clk not found.
Warning: /foss/designs/_bench7_caravel_v1034_cleanroom/caravel_r11/phase3/stage3/extracted/user_project_wrapper.spef line 4185, net clknet_2_1__leaf_mprj.counter.clk not found.
Warning: /foss/designs/_bench7_caravel_v1034_cleanroom/caravel_r11/phase3/stage3/extracted/user_project_wrapper.spef line 4286, net ANTENNA_176 not found.
Warning: /foss/designs/_bench7_caravel_v1034_cleanroom/caravel_r11/phase3/stage3/extracted/user_project_wrapper.spef line 4299, net ANTENNA_185 not found.
Warning: /foss/designs/_bench7_caravel_v1034_cleanroom/caravel_r11/phase3/stage3/extracted/user_project_wrapper.spef line 4305, net ANTENNA_267 not found.
Warning: /foss/designs/_bench7_caravel_v1034_cleanroom/caravel_r11/phase3/stage3/extracted/user_project_wrapper.spef line 4315, net clknet_2_1__leaf_mprj.counter.clk not found.
Warning: /foss/designs/_bench7_caravel_v1034_cleanroom/caravel_r11/phase3/stage3/extracted/user_project_wrapper.spef line 4316, net ANTENNA_207 not found.
Warning: /foss/designs/_bench7_caravel_v1034_cleanroom/caravel_r11/phase3/stage3/extracted/user_project_wrapper.spef line 4336, net ANTENNA_255 not found.
Warning: /foss/designs/_bench7_caravel_v1034_cleanroom/caravel_r11/phase3/stage3/extracted/user_project_wrapper.spef line 4350, net clknet_2_3__leaf_mprj.counter.clk not found.
Warning: /foss/designs/_bench7_caravel_v1034_cleanroom/caravel_r11/phase3/stage3/extracted/user_project_wrapper.spef line 4351, net clknet_2_3__leaf_mprj.counter.clk not found.
Warning: /foss/designs/_bench7_caravel_v1034_cleanroom/caravel_r11/phase3/stage3/extracted/user_project_wrapper.spef line 4352, net clknet_2_3__leaf_mprj.counter.clk not found.
Warning: /foss/designs/_bench7_caravel_v1034_cleanroom/caravel_r11/phase3/stage3/extracted/user_project_wrapper.spef line 4353, net clknet_2_3__leaf_mprj.counter.clk not found.
Warning: /foss/designs/_bench7_caravel_v1034_cleanroom/caravel_r11/phase3/stage3/extracted/user_project_wrapper.spef line 4434, net ANTENNA_9 not found.
Warning: /foss/designs/_bench7_caravel_v1034_cleanroom/caravel_r11/phase3/stage3/extracted/user_project_wrapper.spef line 4490, net ANTENNA_8 not found.
Warning: /foss/designs/_bench7_caravel_v1034_cleanroom/caravel_r11/phase3/stage3/extracted/user_project_wrapper.spef line 4687, net ANTENNA_153 not found.
Warning: /foss/designs/_bench7_caravel_v1034_cleanroom/caravel_r11/phase3/stage3/extracted/user_project_wrapper.spef line 4716, instance ANTENNA_1 not found.
Warning: /foss/designs/_bench7_caravel_v1034_cleanroom/caravel_r11/phase3/stage3/extracted/user_project_wrapper.spef line 4721, net ANTENNA_1 not found.
Warning: /foss/designs/_bench7_caravel_v1034_cleanroom/caravel_r11/phase3/stage3/extracted/user_project_wrapper.spef line 4725, net ANTENNA_1 not found.
Warning: /foss/designs/_bench7_caravel_v1034_cleanroom/caravel_r11/phase3/stage3/extracted/user_project_wrapper.spef line 4751, net ANTENNA_1 not found.
Warning: /foss/designs/_bench7_caravel_v1034_cleanroom/caravel_r11/phase3/stage3/extracted/user_project_wrapper.spef line 4757, instance ANTENNA_2 not found.
Warning: /foss/designs/_bench7_caravel_v1034_cleanroom/caravel_r11/phase3/stage3/extracted/user_project_wrapper.spef line 4762, net ANTENNA_2 not found.
Warning: /foss/designs/_bench7_caravel_v1034_cleanroom/caravel_r11/phase3/stage3/extracted/user_project_wrapper.spef line 4766, net ANTENNA_2 not found.
Warning: /foss/designs/_bench7_caravel_v1034_cleanroom/caravel_r11/phase3/stage3/extracted/user_project_wrapper.spef line 4767, net ANTENNA_2 not found.
Warning: /foss/designs/_bench7_caravel_v1034_cleanroom/caravel_r11/phase3/stage3/extracted/user_project_wrapper.spef line 4768, net ANTENNA_2 not found.
Warning: /foss/designs/_bench7_caravel_v1034_cleanroom/caravel_r11/phase3/stage3/extracted/user_project_wrapper.spef line 4792, net ANTENNA_2 not found.
Warning: /foss/designs/_bench7_caravel_v1034_cleanroom/caravel_r11/phase3/stage3/extracted/user_project_wrapper.spef line 4798, instance ANTENNA_3 not found.
Warning: /foss/designs/_bench7_caravel_v1034_cleanroom/caravel_r11/phase3/stage3/extracted/user_project_wrapper.spef line 4803, net ANTENNA_3 not found.
Warning: /foss/designs/_bench7_caravel_v1034_cleanroom/caravel_r11/phase3/stage3/extracted/user_project_wrapper.spef line 4807, net ANTENNA_3 not found.
Warning: /foss/designs/_bench7_caravel_v1034_cleanroom/caravel_r11/phase3/stage3/extracted/user_project_wrapper.spef line 4828, net ANTENNA_3 not found.
Warning: /foss/designs/_bench7_caravel_v1034_cleanroom/caravel_r11/phase3/stage3/extracted/user_project_wrapper.spef line 4835, instance ANTENNA_4 not found.
Warning: /foss/designs/_bench7_caravel_v1034_cleanroom/caravel_r11/phase3/stage3/extracted/user_project_wrapper.spef line 4840, net ANTENNA_4 not found.
Warning: /foss/designs/_bench7_caravel_v1034_cleanroom/caravel_r11/phase3/stage3/extracted/user_project_wrapper.spef line 4843, net ANTENNA_4 not found.
Warning: /foss/designs/_bench7_caravel_v1034_cleanroom/caravel_r11/phase3/stage3/extracted/user_project_wrapper.spef line 4863, net ANTENNA_4 not found.
Warning: /foss/designs/_bench7_caravel_v1034_cleanroom/caravel_r11/phase3/stage3/extracted/user_project_wrapper.spef line 4870, instance ANTENNA_5 not found.
Warning: /foss/designs/_bench7_caravel_v1034_cleanroom/caravel_r11/phase3/stage3/extracted/user_project_wrapper.spef line 4875, net ANTENNA_5 not found.
Warning: /foss/designs/_bench7_caravel_v1034_cleanroom/caravel_r11/phase3/stage3/extracted/user_project_wrapper.spef line 4899, net ANTENNA_5 not found.
Warning: /foss/designs/_bench7_caravel_v1034_cleanroom/caravel_r11/phase3/stage3/extracted/user_project_wrapper.spef line 4900, net ANTENNA_5 not found.
Warning: /foss/designs/_bench7_caravel_v1034_cleanroom/caravel_r11/phase3/stage3/extracted/user_project_wrapper.spef line 4906, instance ANTENNA_6 not found.
Warning: /foss/designs/_bench7_caravel_v1034_cleanroom/caravel_r11/phase3/stage3/extracted/user_project_wrapper.spef line 4911, net ANTENNA_6 not found.
Warning: /foss/designs/_bench7_caravel_v1034_cleanroom/caravel_r11/phase3/stage3/extracted/user_project_wrapper.spef line 4915, net ANTENNA_6 not found.
Warning: /foss/designs/_bench7_caravel_v1034_cleanroom/caravel_r11/phase3/stage3/extracted/user_project_wrapper.spef line 4915, net ANTENNA_7 not found.
Warning: /foss/designs/_bench7_caravel_v1034_cleanroom/caravel_r11/phase3/stage3/extracted/user_project_wrapper.spef line 4916, net ANTENNA_6 not found.
Warning: /foss/designs/_bench7_caravel_v1034_cleanroom/caravel_r11/phase3/stage3/extracted/user_project_wrapper.spef line 4917, net ANTENNA_6 not found.
Warning: /foss/designs/_bench7_caravel_v1034_cleanroom/caravel_r11/phase3/stage3/extracted/user_project_wrapper.spef line 4925, net ANTENNA_6 not found.
Warning: /foss/designs/_bench7_caravel_v1034_cleanroom/caravel_r11/phase3/stage3/extracted/user_project_wrapper.spef line 4935, net ANTENNA_6 not found.
Warning: /foss/designs/_bench7_caravel_v1034_cleanroom/caravel_r11/phase3/stage3/extracted/user_project_wrapper.spef line 4965, net clknet_2_1__leaf_mprj.counter.clk not found.
Warning: /foss/designs/_bench7_caravel_v1034_cleanroom/caravel_r11/phase3/stage3/extracted/user_project_wrapper.spef line 4982, instance ANTENNA_7 not found.
Warning: /foss/designs/_bench7_caravel_v1034_cleanroom/caravel_r11/phase3/stage3/extracted/user_project_wrapper.spef line 4987, net ANTENNA_7 not found.
Warning: /foss/designs/_bench7_caravel_v1034_cleanroom/caravel_r11/phase3/stage3/extracted/user_project_wrapper.spef line 4991, net ANTENNA_7 not found.
Warning: /foss/designs/_bench7_caravel_v1034_cleanroom/caravel_r11/phase3/stage3/extracted/user_project_wrapper.spef line 4992, net ANTENNA_7 not found.
Warning: /foss/designs/_bench7_caravel_v1034_cleanroom/caravel_r11/phase3/stage3/extracted/user_project_wrapper.spef line 4993, net ANTENNA_7 not found.
Warning: /foss/designs/_bench7_caravel_v1034_cleanroom/caravel_r11/phase3/stage3/extracted/user_project_wrapper.spef line 4994, net ANTENNA_7 not found.
Warning: /foss/designs/_bench7_caravel_v1034_cleanroom/caravel_r11/phase3/stage3/extracted/user_project_wrapper.spef line 4995, net ANTENNA_7 not found.
Warning: /foss/designs/_bench7_caravel_v1034_cleanroom/caravel_r11/phase3/stage3/extracted/user_project_wrapper.spef line 5001, net ANTENNA_2 not found.
Warning: /foss/designs/_bench7_caravel_v1034_cleanroom/caravel_r11/phase3/stage3/extracted/user_project_wrapper.spef line 5002, net ANTENNA_6 not found.
Warning: /foss/designs/_bench7_caravel_v1034_cleanroom/caravel_r11/phase3/stage3/extracted/user_project_wrapper.spef line 5002, net ANTENNA_7 not found.
Warning: /foss/designs/_bench7_caravel_v1034_cleanroom/caravel_r11/phase3/stage3/extracted/user_project_wrapper.spef line 5003, net ANTENNA_6 not found.
Warning: /foss/designs/_bench7_caravel_v1034_cleanroom/caravel_r11/phase3/stage3/extracted/user_project_wrapper.spef line 5004, net ANTENNA_7 not found.
Warning: /foss/designs/_bench7_caravel_v1034_cleanroom/caravel_r11/phase3/stage3/extracted/user_project_wrapper.spef line 5005, net ANTENNA_7 not found.
Warning: /foss/designs/_bench7_caravel_v1034_cleanroom/caravel_r11/phase3/stage3/extracted/user_project_wrapper.spef line 5013, net ANTENNA_7 not found.
Warning: /foss/designs/_bench7_caravel_v1034_cleanroom/caravel_r11/phase3/stage3/extracted/user_project_wrapper.spef line 5019, instance ANTENNA_8 not found.
Warning: /foss/designs/_bench7_caravel_v1034_cleanroom/caravel_r11/phase3/stage3/extracted/user_project_wrapper.spef line 5024, net ANTENNA_8 not found.
Warning: /foss/designs/_bench7_caravel_v1034_cleanroom/caravel_r11/phase3/stage3/extracted/user_project_wrapper.spef line 5027, net ANTENNA_8 not found.
Warning: /foss/designs/_bench7_caravel_v1034_cleanroom/caravel_r11/phase3/stage3/extracted/user_project_wrapper.spef line 5028, net ANTENNA_8 not found.
Warning: /foss/designs/_bench7_caravel_v1034_cleanroom/caravel_r11/phase3/stage3/extracted/user_project_wrapper.spef line 5029, net ANTENNA_8 not found.
Warning: /foss/designs/_bench7_caravel_v1034_cleanroom/caravel_r11/phase3/stage3/extracted/user_project_wrapper.spef line 5060, net ANTENNA_8 not found.
Warning: /foss/designs/_bench7_caravel_v1034_cleanroom/caravel_r11/phase3/stage3/extracted/user_project_wrapper.spef line 5068, net ANTENNA_8 not found.
Warning: /foss/designs/_bench7_caravel_v1034_cleanroom/caravel_r11/phase3/stage3/extracted/user_project_wrapper.spef line 5069, net ANTENNA_8 not found.
Warning: /foss/designs/_bench7_caravel_v1034_cleanroom/caravel_r11/phase3/stage3/extracted/user_project_wrapper.spef line 5074, instance ANTENNA_9 not found.
Warning: /foss/designs/_bench7_caravel_v1034_cleanroom/caravel_r11/phase3/stage3/extracted/user_project_wrapper.spef line 5079, net ANTENNA_9 not found.
Warning: /foss/designs/_bench7_caravel_v1034_cleanroom/caravel_r11/phase3/stage3/extracted/user_project_wrapper.spef line 5085, net ANTENNA_9 not found.
Warning: /foss/designs/_bench7_caravel_v1034_cleanroom/caravel_r11/phase3/stage3/extracted/user_project_wrapper.spef line 5085, net clknet_2_2__leaf_mprj.counter.clk not found.
Warning: /foss/designs/_bench7_caravel_v1034_cleanroom/caravel_r11/phase3/stage3/extracted/user_project_wrapper.spef line 5091, net ANTENNA_119 not found.
Warning: /foss/designs/_bench7_caravel_v1034_cleanroom/caravel_r11/phase3/stage3/extracted/user_project_wrapper.spef line 5092, net ANTENNA_120 not found.
Warning: /foss/designs/_bench7_caravel_v1034_cleanroom/caravel_r11/phase3/stage3/extracted/user_project_wrapper.spef line 5093, net ANTENNA_140 not found.
Warning: /foss/designs/_bench7_caravel_v1034_cleanroom/caravel_r11/phase3/stage3/extracted/user_project_wrapper.spef line 5115, net ANTENNA_9 not found.
Warning: /foss/designs/_bench7_caravel_v1034_cleanroom/caravel_r11/phase3/stage3/extracted/user_project_wrapper.spef line 5121, net ANTENNA_9 not found.
Warning: /foss/designs/_bench7_caravel_v1034_cleanroom/caravel_r11/phase3/stage3/extracted/user_project_wrapper.spef line 5134, net ANTENNA_9 not found.
Warning: /foss/designs/_bench7_caravel_v1034_cleanroom/caravel_r11/phase3/stage3/extracted/user_project_wrapper.spef line 5146, net ANTENNA_24 not found.
Warning: /foss/designs/_bench7_caravel_v1034_cleanroom/caravel_r11/phase3/stage3/extracted/user_project_wrapper.spef line 5745, net ANTENNA_24 not found.
Warning: /foss/designs/_bench7_caravel_v1034_cleanroom/caravel_r11/phase3/stage3/extracted/user_project_wrapper.spef line 6250, net ANTENNA_8 not found.
Warning: /foss/designs/_bench7_caravel_v1034_cleanroom/caravel_r11/phase3/stage3/extracted/user_project_wrapper.spef line 6265, net ANTENNA_8 not found.
Warning: /foss/designs/_bench7_caravel_v1034_cleanroom/caravel_r11/phase3/stage3/extracted/user_project_wrapper.spef line 6279, net ANTENNA_8 not found.
Warning: /foss/designs/_bench7_caravel_v1034_cleanroom/caravel_r11/phase3/stage3/extracted/user_project_wrapper.spef line 6334, net ANTENNA_1 not found.
Warning: /foss/designs/_bench7_caravel_v1034_cleanroom/caravel_r11/phase3/stage3/extracted/user_project_wrapper.spef line 6982, net ANTENNA_258 not found.
Warning: /foss/designs/_bench7_caravel_v1034_cleanroom/caravel_r11/phase3/stage3/extracted/user_project_wrapper.spef line 6983, net ANTENNA_39 not found.
Warning: /foss/designs/_bench7_caravel_v1034_cleanroom/caravel_r11/phase3/stage3/extracted/user_project_wrapper.spef line 7227, net ANTENNA_3 not found.
Warning: /foss/designs/_bench7_caravel_v1034_cleanroom/caravel_r11/phase3/stage3/extracted/user_project_wrapper.spef line 7378, net clknet_2_3__leaf_mprj.counter.clk not found.
Warning: /foss/designs/_bench7_caravel_v1034_cleanroom/caravel_r11/phase3/stage3/extracted/user_project_wrapper.spef line 7379, net clknet_2_3__leaf_mprj.counter.clk not found.
Warning: /foss/designs/_bench7_caravel_v1034_cleanroom/caravel_r11/phase3/stage3/extracted/user_project_wrapper.spef line 7380, net ANTENNA_6 not found.
Warning: /foss/designs/_bench7_caravel_v1034_cleanroom/caravel_r11/phase3/stage3/extracted/user_project_wrapper.spef line 7447, net clknet_2_3__leaf_mprj.counter.clk not found.
Warning: /foss/designs/_bench7_caravel_v1034_cleanroom/caravel_r11/phase3/stage3/extracted/user_project_wrapper.spef line 7448, net ANTENNA_7 not found.
Warning: /foss/designs/_bench7_caravel_v1034_cleanroom/caravel_r11/phase3/stage3/extracted/user_project_wrapper.spef line 7475, net ANTENNA_255 not found.
Warning: /foss/designs/_bench7_caravel_v1034_cleanroom/caravel_r11/phase3/stage3/extracted/user_project_wrapper.spef line 7512, net clknet_2_3__leaf_mprj.counter.clk not found.
Warning: /foss/designs/_bench7_caravel_v1034_cleanroom/caravel_r11/phase3/stage3/extracted/user_project_wrapper.spef line 7542, net clknet_2_3__leaf_mprj.counter.clk not found.
Warning: /foss/designs/_bench7_caravel_v1034_cleanroom/caravel_r11/phase3/stage3/extracted/user_project_wrapper.spef line 7587, net ANTENNA_12 not found.
Warning: /foss/designs/_bench7_caravel_v1034_cleanroom/caravel_r11/phase3/stage3/extracted/user_project_wrapper.spef line 7588, net ANTENNA_19 not found.
Warning: /foss/designs/_bench7_caravel_v1034_cleanroom/caravel_r11/phase3/stage3/extracted/user_project_wrapper.spef line 7589, net ANTENNA_259 not found.
Warning: /foss/designs/_bench7_caravel_v1034_cleanroom/caravel_r11/phase3/stage3/extracted/user_project_wrapper.spef line 7590, net ANTENNA_40 not found.
Warning: /foss/designs/_bench7_caravel_v1034_cleanroom/caravel_r11/phase3/stage3/extracted/user_project_wrapper.spef line 7591, net ANTENNA_41 not found.
Warning: /foss/designs/_bench7_caravel_v1034_cleanroom/caravel_r11/phase3/stage3/extracted/user_project_wrapper.spef line 7601, net clknet_2_2__leaf_mprj.counter.clk not found.
Warning: /foss/designs/_bench7_caravel_v1034_cleanroom/caravel_r11/phase3/stage3/extracted/user_project_wrapper.spef line 7678, net net4 not found.
Warning: /foss/designs/_bench7_caravel_v1034_cleanroom/caravel_r11/phase3/stage3/extracted/user_project_wrapper.spef line 7701, instance ANTENNA_19 not found.
Warning: /foss/designs/_bench7_caravel_v1034_cleanroom/caravel_r11/phase3/stage3/extracted/user_project_wrapper.spef line 7702, instance ANTENNA_17 not found.
Warning: /foss/designs/_bench7_caravel_v1034_cleanroom/caravel_r11/phase3/stage3/extracted/user_project_wrapper.spef line 7703, instance ANTENNA_15 not found.
Warning: /foss/designs/_bench7_caravel_v1034_cleanroom/caravel_r11/phase3/stage3/extracted/user_project_wrapper.spef line 7704, instance ANTENNA_13 not found.
Warning: /foss/designs/_bench7_caravel_v1034_cleanroom/caravel_r11/phase3/stage3/extracted/user_project_wrapper.spef line 7706, instance ANTENNA_12 not found.
Warning: /foss/designs/_bench7_caravel_v1034_cleanroom/caravel_r11/phase3/stage3/extracted/user_project_wrapper.spef line 7707, instance ANTENNA_14 not found.
Warning: /foss/designs/_bench7_caravel_v1034_cleanroom/caravel_r11/phase3/stage3/extracted/user_project_wrapper.spef line 7708, instance ANTENNA_16 not found.
Warning: /foss/designs/_bench7_caravel_v1034_cleanroom/caravel_r11/phase3/stage3/extracted/user_project_wrapper.spef line 7709, instance ANTENNA_18 not found.
Warning: /foss/designs/_bench7_caravel_v1034_cleanroom/caravel_r11/phase3/stage3/extracted/user_project_wrapper.spef line 7710, instance ANTENNA_20 not found.
Warning: /foss/designs/_bench7_caravel_v1034_cleanroom/caravel_r11/phase3/stage3/extracted/user_project_wrapper.spef line 7711, instance ANTENNA_21 not found.
Warning: /foss/designs/_bench7_caravel_v1034_cleanroom/caravel_r11/phase3/stage3/extracted/user_project_wrapper.spef line 7712, instance ANTENNA_22 not found.
Warning: /foss/designs/_bench7_caravel_v1034_cleanroom/caravel_r11/phase3/stage3/extracted/user_project_wrapper.spef line 7716, net ANTENNA_19 not found.
Warning: /foss/designs/_bench7_caravel_v1034_cleanroom/caravel_r11/phase3/stage3/extracted/user_project_wrapper.spef line 7717, net ANTENNA_17 not found.
Warning: /foss/designs/_bench7_caravel_v1034_cleanroom/caravel_r11/phase3/stage3/extracted/user_project_wrapper.spef line 7718, net ANTENNA_15 not found.
Warning: /foss/designs/_bench7_caravel_v1034_cleanroom/caravel_r11/phase3/stage3/extracted/user_project_wrapper.spef line 7719, net ANTENNA_13 not found.
Warning: /foss/designs/_bench7_caravel_v1034_cleanroom/caravel_r11/phase3/stage3/extracted/user_project_wrapper.spef line 7721, net ANTENNA_12 not found.
Warning: /foss/designs/_bench7_caravel_v1034_cleanroom/caravel_r11/phase3/stage3/extracted/user_project_wrapper.spef line 7722, net ANTENNA_14 not found.
Warning: /foss/designs/_bench7_caravel_v1034_cleanroom/caravel_r11/phase3/stage3/extracted/user_project_wrapper.spef line 7723, net ANTENNA_16 not found.
Warning: /foss/designs/_bench7_caravel_v1034_cleanroom/caravel_r11/phase3/stage3/extracted/user_project_wrapper.spef line 7724, net ANTENNA_18 not found.
Warning: /foss/designs/_bench7_caravel_v1034_cleanroom/caravel_r11/phase3/stage3/extracted/user_project_wrapper.spef line 7725, net ANTENNA_20 not found.
Warning: /foss/designs/_bench7_caravel_v1034_cleanroom/caravel_r11/phase3/stage3/extracted/user_project_wrapper.spef line 7726, net ANTENNA_21 not found.
Warning: /foss/designs/_bench7_caravel_v1034_cleanroom/caravel_r11/phase3/stage3/extracted/user_project_wrapper.spef line 7727, net ANTENNA_22 not found.
Warning: /foss/designs/_bench7_caravel_v1034_cleanroom/caravel_r11/phase3/stage3/extracted/user_project_wrapper.spef line 7740, net ANTENNA_12 not found.
Warning: /foss/designs/_bench7_caravel_v1034_cleanroom/caravel_r11/phase3/stage3/extracted/user_project_wrapper.spef line 7741, net ANTENNA_14 not found.
Warning: /foss/designs/_bench7_caravel_v1034_cleanroom/caravel_r11/phase3/stage3/extracted/user_project_wrapper.spef line 7741, net clknet_2_2__leaf_mprj.counter.clk not found.
Warning: /foss/designs/_bench7_caravel_v1034_cleanroom/caravel_r11/phase3/stage3/extracted/user_project_wrapper.spef line 7775, net clknet_2_1__leaf_mprj.counter.clk not found.
Warning: /foss/designs/_bench7_caravel_v1034_cleanroom/caravel_r11/phase3/stage3/extracted/user_project_wrapper.spef line 7776, net clknet_2_1__leaf_mprj.counter.clk not found.
Warning: /foss/designs/_bench7_caravel_v1034_cleanroom/caravel_r11/phase3/stage3/extracted/user_project_wrapper.spef line 7777, net clknet_2_1__leaf_mprj.counter.clk not found.
Warning: /foss/designs/_bench7_caravel_v1034_cleanroom/caravel_r11/phase3/stage3/extracted/user_project_wrapper.spef line 7778, net clknet_2_2__leaf_mprj.counter.clk not found.
Warning: /foss/designs/_bench7_caravel_v1034_cleanroom/caravel_r11/phase3/stage3/extracted/user_project_wrapper.spef line 7779, net clknet_2_2__leaf_mprj.counter.clk not found.
Warning: /foss/designs/_bench7_caravel_v1034_cleanroom/caravel_r11/phase3/stage3/extracted/user_project_wrapper.spef line 7780, net clknet_2_2__leaf_mprj.counter.clk not found.
Warning: /foss/designs/_bench7_caravel_v1034_cleanroom/caravel_r11/phase3/stage3/extracted/user_project_wrapper.spef line 7781, net clknet_2_2__leaf_mprj.counter.clk not found.
Warning: /foss/designs/_bench7_caravel_v1034_cleanroom/caravel_r11/phase3/stage3/extracted/user_project_wrapper.spef line 7792, net ANTENNA_12 not found.
Warning: /foss/designs/_bench7_caravel_v1034_cleanroom/caravel_r11/phase3/stage3/extracted/user_project_wrapper.spef line 7793, net ANTENNA_19 not found.
Warning: /foss/designs/_bench7_caravel_v1034_cleanroom/caravel_r11/phase3/stage3/extracted/user_project_wrapper.spef line 7802, net ANTENNA_22 not found.
Warning: /foss/designs/_bench7_caravel_v1034_cleanroom/caravel_r11/phase3/stage3/extracted/user_project_wrapper.spef line 7804, net ANTENNA_21 not found.
Warning: /foss/designs/_bench7_caravel_v1034_cleanroom/caravel_r11/phase3/stage3/extracted/user_project_wrapper.spef line 7806, net ANTENNA_20 not found.
Warning: /foss/designs/_bench7_caravel_v1034_cleanroom/caravel_r11/phase3/stage3/extracted/user_project_wrapper.spef line 7808, net ANTENNA_18 not found.
Warning: /foss/designs/_bench7_caravel_v1034_cleanroom/caravel_r11/phase3/stage3/extracted/user_project_wrapper.spef line 7810, net ANTENNA_16 not found.
Warning: /foss/designs/_bench7_caravel_v1034_cleanroom/caravel_r11/phase3/stage3/extracted/user_project_wrapper.spef line 7811, net ANTENNA_14 not found.
Warning: /foss/designs/_bench7_caravel_v1034_cleanroom/caravel_r11/phase3/stage3/extracted/user_project_wrapper.spef line 7812, net ANTENNA_14 not found.
Warning: /foss/designs/_bench7_caravel_v1034_cleanroom/caravel_r11/phase3/stage3/extracted/user_project_wrapper.spef line 7813, net ANTENNA_12 not found.
Warning: /foss/designs/_bench7_caravel_v1034_cleanroom/caravel_r11/phase3/stage3/extracted/user_project_wrapper.spef line 7815, net ANTENNA_12 not found.
Warning: /foss/designs/_bench7_caravel_v1034_cleanroom/caravel_r11/phase3/stage3/extracted/user_project_wrapper.spef line 7816, net ANTENNA_13 not found.
Warning: /foss/designs/_bench7_caravel_v1034_cleanroom/caravel_r11/phase3/stage3/extracted/user_project_wrapper.spef line 7818, net ANTENNA_15 not found.
Warning: /foss/designs/_bench7_caravel_v1034_cleanroom/caravel_r11/phase3/stage3/extracted/user_project_wrapper.spef line 7820, net ANTENNA_17 not found.
Warning: /foss/designs/_bench7_caravel_v1034_cleanroom/caravel_r11/phase3/stage3/extracted/user_project_wrapper.spef line 7821, net ANTENNA_19 not found.
Warning: /foss/designs/_bench7_caravel_v1034_cleanroom/caravel_r11/phase3/stage3/extracted/user_project_wrapper.spef line 7826, instance ANTENNA_24 not found.
Warning: /foss/designs/_bench7_caravel_v1034_cleanroom/caravel_r11/phase3/stage3/extracted/user_project_wrapper.spef line 7827, instance ANTENNA_23 not found.
Warning: /foss/designs/_bench7_caravel_v1034_cleanroom/caravel_r11/phase3/stage3/extracted/user_project_wrapper.spef line 7829, instance ANTENNA_25 not found.
Warning: /foss/designs/_bench7_caravel_v1034_cleanroom/caravel_r11/phase3/stage3/extracted/user_project_wrapper.spef line 7830, instance ANTENNA_26 not found.
Warning: /foss/designs/_bench7_caravel_v1034_cleanroom/caravel_r11/phase3/stage3/extracted/user_project_wrapper.spef line 7831, instance ANTENNA_27 not found.
Warning: /foss/designs/_bench7_caravel_v1034_cleanroom/caravel_r11/phase3/stage3/extracted/user_project_wrapper.spef line 7832, instance ANTENNA_28 not found.
Warning: /foss/designs/_bench7_caravel_v1034_cleanroom/caravel_r11/phase3/stage3/extracted/user_project_wrapper.spef line 7833, instance ANTENNA_29 not found.
Warning: /foss/designs/_bench7_caravel_v1034_cleanroom/caravel_r11/phase3/stage3/extracted/user_project_wrapper.spef line 7834, instance ANTENNA_30 not found.
Warning: /foss/designs/_bench7_caravel_v1034_cleanroom/caravel_r11/phase3/stage3/extracted/user_project_wrapper.spef line 7835, instance ANTENNA_31 not found.
Warning: /foss/designs/_bench7_caravel_v1034_cleanroom/caravel_r11/phase3/stage3/extracted/user_project_wrapper.spef line 7836, instance ANTENNA_32 not found.
Warning: /foss/designs/_bench7_caravel_v1034_cleanroom/caravel_r11/phase3/stage3/extracted/user_project_wrapper.spef line 7837, instance ANTENNA_33 not found.
Warning: /foss/designs/_bench7_caravel_v1034_cleanroom/caravel_r11/phase3/stage3/extracted/user_project_wrapper.spef line 7841, net ANTENNA_24 not found.
Warning: /foss/designs/_bench7_caravel_v1034_cleanroom/caravel_r11/phase3/stage3/extracted/user_project_wrapper.spef line 7842, net ANTENNA_23 not found.
Warning: /foss/designs/_bench7_caravel_v1034_cleanroom/caravel_r11/phase3/stage3/extracted/user_project_wrapper.spef line 7844, net ANTENNA_25 not found.
Warning: /foss/designs/_bench7_caravel_v1034_cleanroom/caravel_r11/phase3/stage3/extracted/user_project_wrapper.spef line 7845, net ANTENNA_26 not found.
Warning: /foss/designs/_bench7_caravel_v1034_cleanroom/caravel_r11/phase3/stage3/extracted/user_project_wrapper.spef line 7846, net ANTENNA_27 not found.
Warning: /foss/designs/_bench7_caravel_v1034_cleanroom/caravel_r11/phase3/stage3/extracted/user_project_wrapper.spef line 7847, net ANTENNA_28 not found.
Warning: /foss/designs/_bench7_caravel_v1034_cleanroom/caravel_r11/phase3/stage3/extracted/user_project_wrapper.spef line 7848, net ANTENNA_29 not found.
Warning: /foss/designs/_bench7_caravel_v1034_cleanroom/caravel_r11/phase3/stage3/extracted/user_project_wrapper.spef line 7849, net ANTENNA_30 not found.
Warning: /foss/designs/_bench7_caravel_v1034_cleanroom/caravel_r11/phase3/stage3/extracted/user_project_wrapper.spef line 7850, net ANTENNA_31 not found.
Warning: /foss/designs/_bench7_caravel_v1034_cleanroom/caravel_r11/phase3/stage3/extracted/user_project_wrapper.spef line 7851, net ANTENNA_32 not found.
Warning: /foss/designs/_bench7_caravel_v1034_cleanroom/caravel_r11/phase3/stage3/extracted/user_project_wrapper.spef line 7852, net ANTENNA_33 not found.
Warning: /foss/designs/_bench7_caravel_v1034_cleanroom/caravel_r11/phase3/stage3/extracted/user_project_wrapper.spef line 7866, net ANTENNA_24 not found.
Warning: /foss/designs/_bench7_caravel_v1034_cleanroom/caravel_r11/phase3/stage3/extracted/user_project_wrapper.spef line 7869, net ANTENNA_24 not found.
Warning: /foss/designs/_bench7_caravel_v1034_cleanroom/caravel_r11/phase3/stage3/extracted/user_project_wrapper.spef line 7873, net ANTENNA_25 not found.
Warning: /foss/designs/_bench7_caravel_v1034_cleanroom/caravel_r11/phase3/stage3/extracted/user_project_wrapper.spef line 7885, net ANTENNA_33 not found.
Warning: /foss/designs/_bench7_caravel_v1034_cleanroom/caravel_r11/phase3/stage3/extracted/user_project_wrapper.spef line 7887, net ANTENNA_32 not found.
Warning: /foss/designs/_bench7_caravel_v1034_cleanroom/caravel_r11/phase3/stage3/extracted/user_project_wrapper.spef line 7889, net ANTENNA_31 not found.
Warning: /foss/designs/_bench7_caravel_v1034_cleanroom/caravel_r11/phase3/stage3/extracted/user_project_wrapper.spef line 7891, net ANTENNA_30 not found.
Warning: /foss/designs/_bench7_caravel_v1034_cleanroom/caravel_r11/phase3/stage3/extracted/user_project_wrapper.spef line 7893, net ANTENNA_29 not found.
Warning: /foss/designs/_bench7_caravel_v1034_cleanroom/caravel_r11/phase3/stage3/extracted/user_project_wrapper.spef line 7895, net ANTENNA_28 not found.
Warning: /foss/designs/_bench7_caravel_v1034_cleanroom/caravel_r11/phase3/stage3/extracted/user_project_wrapper.spef line 7897, net ANTENNA_27 not found.
Warning: /foss/designs/_bench7_caravel_v1034_cleanroom/caravel_r11/phase3/stage3/extracted/user_project_wrapper.spef line 7899, net ANTENNA_26 not found.
Warning: /foss/designs/_bench7_caravel_v1034_cleanroom/caravel_r11/phase3/stage3/extracted/user_project_wrapper.spef line 7900, net ANTENNA_25 not found.
Warning: /foss/designs/_bench7_caravel_v1034_cleanroom/caravel_r11/phase3/stage3/extracted/user_project_wrapper.spef line 7901, net ANTENNA_25 not found.
Warning: /foss/designs/_bench7_caravel_v1034_cleanroom/caravel_r11/phase3/stage3/extracted/user_project_wrapper.spef line 7903, net ANTENNA_23 not found.
Warning: /foss/designs/_bench7_caravel_v1034_cleanroom/caravel_r11/phase3/stage3/extracted/user_project_wrapper.spef line 7904, net ANTENNA_24 not found.
Warning: /foss/designs/_bench7_caravel_v1034_cleanroom/caravel_r11/phase3/stage3/extracted/user_project_wrapper.spef line 7906, net net2 not found.
Warning: /foss/designs/_bench7_caravel_v1034_cleanroom/caravel_r11/phase3/stage3/extracted/user_project_wrapper.spef line 7909, instance load_slew1 not found.
Warning: /foss/designs/_bench7_caravel_v1034_cleanroom/caravel_r11/phase3/stage3/extracted/user_project_wrapper.spef line 7910, instance ANTENNA_281 not found.
Warning: /foss/designs/_bench7_caravel_v1034_cleanroom/caravel_r11/phase3/stage3/extracted/user_project_wrapper.spef line 7911, instance ANTENNA_288 not found.
Warning: /foss/designs/_bench7_caravel_v1034_cleanroom/caravel_r11/phase3/stage3/extracted/user_project_wrapper.spef line 7912, instance ANTENNA_286 not found.
Warning: /foss/designs/_bench7_caravel_v1034_cleanroom/caravel_r11/phase3/stage3/extracted/user_project_wrapper.spef line 7913, instance ANTENNA_284 not found.
Warning: /foss/designs/_bench7_caravel_v1034_cleanroom/caravel_r11/phase3/stage3/extracted/user_project_wrapper.spef line 7914, instance ANTENNA_282 not found.
Warning: /foss/designs/_bench7_caravel_v1034_cleanroom/caravel_r11/phase3/stage3/extracted/user_project_wrapper.spef line 7915, instance ANTENNA_280 not found.
Warning: /foss/designs/_bench7_caravel_v1034_cleanroom/caravel_r11/phase3/stage3/extracted/user_project_wrapper.spef line 7916, instance ANTENNA_279 not found.
Warning: /foss/designs/_bench7_caravel_v1034_cleanroom/caravel_r11/phase3/stage3/extracted/user_project_wrapper.spef line 7917, instance ANTENNA_283 not found.
Warning: /foss/designs/_bench7_caravel_v1034_cleanroom/caravel_r11/phase3/stage3/extracted/user_project_wrapper.spef line 7918, instance ANTENNA_285 not found.
Warning: /foss/designs/_bench7_caravel_v1034_cleanroom/caravel_r11/phase3/stage3/extracted/user_project_wrapper.spef line 7919, instance ANTENNA_287 not found.
Warning: /foss/designs/_bench7_caravel_v1034_cleanroom/caravel_r11/phase3/stage3/extracted/user_project_wrapper.spef line 7920, instance ANTENNA_289 not found.
Warning: /foss/designs/_bench7_caravel_v1034_cleanroom/caravel_r11/phase3/stage3/extracted/user_project_wrapper.spef line 7921, instance wire2 not found.
Warning: /foss/designs/_bench7_caravel_v1034_cleanroom/caravel_r11/phase3/stage3/extracted/user_project_wrapper.spef line 8025, instance ANTENNA_37 not found.
Warning: /foss/designs/_bench7_caravel_v1034_cleanroom/caravel_r11/phase3/stage3/extracted/user_project_wrapper.spef line 8026, instance ANTENNA_39 not found.
Warning: /foss/designs/_bench7_caravel_v1034_cleanroom/caravel_r11/phase3/stage3/extracted/user_project_wrapper.spef line 8027, instance ANTENNA_38 not found.
Warning: /foss/designs/_bench7_caravel_v1034_cleanroom/caravel_r11/phase3/stage3/extracted/user_project_wrapper.spef line 8029, instance ANTENNA_36 not found.
Warning: /foss/designs/_bench7_caravel_v1034_cleanroom/caravel_r11/phase3/stage3/extracted/user_project_wrapper.spef line 8031, instance ANTENNA_42 not found.
Warning: /foss/designs/_bench7_caravel_v1034_cleanroom/caravel_r11/phase3/stage3/extracted/user_project_wrapper.spef line 8032, instance ANTENNA_43 not found.
Warning: /foss/designs/_bench7_caravel_v1034_cleanroom/caravel_r11/phase3/stage3/extracted/user_project_wrapper.spef line 8034, instance ANTENNA_35 not found.
Warning: /foss/designs/_bench7_caravel_v1034_cleanroom/caravel_r11/phase3/stage3/extracted/user_project_wrapper.spef line 8035, instance ANTENNA_34 not found.
Warning: /foss/designs/_bench7_caravel_v1034_cleanroom/caravel_r11/phase3/stage3/extracted/user_project_wrapper.spef line 8036, instance ANTENNA_41 not found.
Warning: /foss/designs/_bench7_caravel_v1034_cleanroom/caravel_r11/phase3/stage3/extracted/user_project_wrapper.spef line 8037, instance ANTENNA_40 not found.
Warning: /foss/designs/_bench7_caravel_v1034_cleanroom/caravel_r11/phase3/stage3/extracted/user_project_wrapper.spef line 8043, net ANTENNA_37 not found.
Warning: /foss/designs/_bench7_caravel_v1034_cleanroom/caravel_r11/phase3/stage3/extracted/user_project_wrapper.spef line 8044, net ANTENNA_39 not found.
Warning: /foss/designs/_bench7_caravel_v1034_cleanroom/caravel_r11/phase3/stage3/extracted/user_project_wrapper.spef line 8045, net ANTENNA_38 not found.
Warning: /foss/designs/_bench7_caravel_v1034_cleanroom/caravel_r11/phase3/stage3/extracted/user_project_wrapper.spef line 8047, net ANTENNA_36 not found.
Warning: /foss/designs/_bench7_caravel_v1034_cleanroom/caravel_r11/phase3/stage3/extracted/user_project_wrapper.spef line 8049, net ANTENNA_42 not found.
Warning: /foss/designs/_bench7_caravel_v1034_cleanroom/caravel_r11/phase3/stage3/extracted/user_project_wrapper.spef line 8050, net ANTENNA_43 not found.
Warning: /foss/designs/_bench7_caravel_v1034_cleanroom/caravel_r11/phase3/stage3/extracted/user_project_wrapper.spef line 8052, net ANTENNA_35 not found.
Warning: /foss/designs/_bench7_caravel_v1034_cleanroom/caravel_r11/phase3/stage3/extracted/user_project_wrapper.spef line 8053, net ANTENNA_34 not found.
Warning: /foss/designs/_bench7_caravel_v1034_cleanroom/caravel_r11/phase3/stage3/extracted/user_project_wrapper.spef line 8054, net ANTENNA_41 not found.
Warning: /foss/designs/_bench7_caravel_v1034_cleanroom/caravel_r11/phase3/stage3/extracted/user_project_wrapper.spef line 8055, net ANTENNA_40 not found.
Warning: /foss/designs/_bench7_caravel_v1034_cleanroom/caravel_r11/phase3/stage3/extracted/user_project_wrapper.spef line 8068, net ANTENNA_35 not found.
Warning: /foss/designs/_bench7_caravel_v1034_cleanroom/caravel_r11/phase3/stage3/extracted/user_project_wrapper.spef line 8069, net ANTENNA_35 not found.
Warning: /foss/designs/_bench7_caravel_v1034_cleanroom/caravel_r11/phase3/stage3/extracted/user_project_wrapper.spef line 8070, net ANTENNA_39 not found.
Warning: /foss/designs/_bench7_caravel_v1034_cleanroom/caravel_r11/phase3/stage3/extracted/user_project_wrapper.spef line 8071, net ANTENNA_39 not found.
Warning: /foss/designs/_bench7_caravel_v1034_cleanroom/caravel_r11/phase3/stage3/extracted/user_project_wrapper.spef line 8072, net ANTENNA_43 not found.
Warning: /foss/designs/_bench7_caravel_v1034_cleanroom/caravel_r11/phase3/stage3/extracted/user_project_wrapper.spef line 8073, net ANTENNA_256 not found.
Warning: /foss/designs/_bench7_caravel_v1034_cleanroom/caravel_r11/phase3/stage3/extracted/user_project_wrapper.spef line 8080, net net4 not found.
Warning: /foss/designs/_bench7_caravel_v1034_cleanroom/caravel_r11/phase3/stage3/extracted/user_project_wrapper.spef line 8081, net net7 not found.
Warning: /foss/designs/_bench7_caravel_v1034_cleanroom/caravel_r11/phase3/stage3/extracted/user_project_wrapper.spef line 8082, net net7 not found.
Warning: /foss/designs/_bench7_caravel_v1034_cleanroom/caravel_r11/phase3/stage3/extracted/user_project_wrapper.spef line 8100, net ANTENNA_255 not found.
Warning: /foss/designs/_bench7_caravel_v1034_cleanroom/caravel_r11/phase3/stage3/extracted/user_project_wrapper.spef line 8103, net ANTENNA_256 not found.
Warning: /foss/designs/_bench7_caravel_v1034_cleanroom/caravel_r11/phase3/stage3/extracted/user_project_wrapper.spef line 8113, net ANTENNA_39 not found.
Warning: /foss/designs/_bench7_caravel_v1034_cleanroom/caravel_r11/phase3/stage3/extracted/user_project_wrapper.spef line 8128, net ANTENNA_40 not found.
Warning: /foss/designs/_bench7_caravel_v1034_cleanroom/caravel_r11/phase3/stage3/extracted/user_project_wrapper.spef line 8129, net ANTENNA_41 not found.
Warning: /foss/designs/_bench7_caravel_v1034_cleanroom/caravel_r11/phase3/stage3/extracted/user_project_wrapper.spef line 8132, net net2 not found.
Warning: /foss/designs/_bench7_caravel_v1034_cleanroom/caravel_r11/phase3/stage3/extracted/user_project_wrapper.spef line 8137, net ANTENNA_40 not found.
Warning: /foss/designs/_bench7_caravel_v1034_cleanroom/caravel_r11/phase3/stage3/extracted/user_project_wrapper.spef line 8138, net ANTENNA_41 not found.
Warning: /foss/designs/_bench7_caravel_v1034_cleanroom/caravel_r11/phase3/stage3/extracted/user_project_wrapper.spef line 8140, net ANTENNA_34 not found.
Warning: /foss/designs/_bench7_caravel_v1034_cleanroom/caravel_r11/phase3/stage3/extracted/user_project_wrapper.spef line 8141, net ANTENNA_35 not found.
Warning: /foss/designs/_bench7_caravel_v1034_cleanroom/caravel_r11/phase3/stage3/extracted/user_project_wrapper.spef line 8143, net ANTENNA_40 not found.
Warning: /foss/designs/_bench7_caravel_v1034_cleanroom/caravel_r11/phase3/stage3/extracted/user_project_wrapper.spef line 8147, net ANTENNA_43 not found.
Warning: /foss/designs/_bench7_caravel_v1034_cleanroom/caravel_r11/phase3/stage3/extracted/user_project_wrapper.spef line 8148, net ANTENNA_42 not found.
Warning: /foss/designs/_bench7_caravel_v1034_cleanroom/caravel_r11/phase3/stage3/extracted/user_project_wrapper.spef line 8151, net ANTENNA_36 not found.
Warning: /foss/designs/_bench7_caravel_v1034_cleanroom/caravel_r11/phase3/stage3/extracted/user_project_wrapper.spef line 8156, net ANTENNA_38 not found.
Warning: /foss/designs/_bench7_caravel_v1034_cleanroom/caravel_r11/phase3/stage3/extracted/user_project_wrapper.spef line 8157, net ANTENNA_39 not found.
Warning: /foss/designs/_bench7_caravel_v1034_cleanroom/caravel_r11/phase3/stage3/extracted/user_project_wrapper.spef line 8158, net ANTENNA_37 not found.
Warning: /foss/designs/_bench7_caravel_v1034_cleanroom/caravel_r11/phase3/stage3/extracted/user_project_wrapper.spef line 8160, net ANTENNA_37 not found.
Warning: /foss/designs/_bench7_caravel_v1034_cleanroom/caravel_r11/phase3/stage3/extracted/user_project_wrapper.spef line 8166, instance ANTENNA_53 not found.
Warning: /foss/designs/_bench7_caravel_v1034_cleanroom/caravel_r11/phase3/stage3/extracted/user_project_wrapper.spef line 8167, instance ANTENNA_51 not found.
Warning: /foss/designs/_bench7_caravel_v1034_cleanroom/caravel_r11/phase3/stage3/extracted/user_project_wrapper.spef line 8168, instance ANTENNA_49 not found.
Warning: /foss/designs/_bench7_caravel_v1034_cleanroom/caravel_r11/phase3/stage3/extracted/user_project_wrapper.spef line 8169, instance ANTENNA_47 not found.
Warning: /foss/designs/_bench7_caravel_v1034_cleanroom/caravel_r11/phase3/stage3/extracted/user_project_wrapper.spef line 8170, instance ANTENNA_45 not found.
Warning: /foss/designs/_bench7_caravel_v1034_cleanroom/caravel_r11/phase3/stage3/extracted/user_project_wrapper.spef line 8171, instance ANTENNA_44 not found.
Warning: /foss/designs/_bench7_caravel_v1034_cleanroom/caravel_r11/phase3/stage3/extracted/user_project_wrapper.spef line 8172, instance ANTENNA_46 not found.
Warning: /foss/designs/_bench7_caravel_v1034_cleanroom/caravel_r11/phase3/stage3/extracted/user_project_wrapper.spef line 8173, instance ANTENNA_48 not found.
Warning: /foss/designs/_bench7_caravel_v1034_cleanroom/caravel_r11/phase3/stage3/extracted/user_project_wrapper.spef line 8174, instance ANTENNA_50 not found.
Warning: /foss/designs/_bench7_caravel_v1034_cleanroom/caravel_r11/phase3/stage3/extracted/user_project_wrapper.spef line 8175, instance ANTENNA_52 not found.
Warning: /foss/designs/_bench7_caravel_v1034_cleanroom/caravel_r11/phase3/stage3/extracted/user_project_wrapper.spef line 8176, instance ANTENNA_54 not found.
Warning: /foss/designs/_bench7_caravel_v1034_cleanroom/caravel_r11/phase3/stage3/extracted/user_project_wrapper.spef line 8181, net ANTENNA_53 not found.
Warning: /foss/designs/_bench7_caravel_v1034_cleanroom/caravel_r11/phase3/stage3/extracted/user_project_wrapper.spef line 8182, net ANTENNA_51 not found.
Warning: /foss/designs/_bench7_caravel_v1034_cleanroom/caravel_r11/phase3/stage3/extracted/user_project_wrapper.spef line 8183, net ANTENNA_49 not found.
Warning: /foss/designs/_bench7_caravel_v1034_cleanroom/caravel_r11/phase3/stage3/extracted/user_project_wrapper.spef line 8184, net ANTENNA_47 not found.
Warning: /foss/designs/_bench7_caravel_v1034_cleanroom/caravel_r11/phase3/stage3/extracted/user_project_wrapper.spef line 8185, net ANTENNA_45 not found.
Warning: /foss/designs/_bench7_caravel_v1034_cleanroom/caravel_r11/phase3/stage3/extracted/user_project_wrapper.spef line 8186, net ANTENNA_44 not found.
Warning: /foss/designs/_bench7_caravel_v1034_cleanroom/caravel_r11/phase3/stage3/extracted/user_project_wrapper.spef line 8187, net ANTENNA_46 not found.
Warning: /foss/designs/_bench7_caravel_v1034_cleanroom/caravel_r11/phase3/stage3/extracted/user_project_wrapper.spef line 8188, net ANTENNA_48 not found.
Warning: /foss/designs/_bench7_caravel_v1034_cleanroom/caravel_r11/phase3/stage3/extracted/user_project_wrapper.spef line 8189, net ANTENNA_50 not found.
Warning: /foss/designs/_bench7_caravel_v1034_cleanroom/caravel_r11/phase3/stage3/extracted/user_project_wrapper.spef line 8190, net ANTENNA_52 not found.
Warning: /foss/designs/_bench7_caravel_v1034_cleanroom/caravel_r11/phase3/stage3/extracted/user_project_wrapper.spef line 8191, net ANTENNA_54 not found.
Warning: /foss/designs/_bench7_caravel_v1034_cleanroom/caravel_r11/phase3/stage3/extracted/user_project_wrapper.spef line 8203, net ANTENNA_53 not found.
Warning: /foss/designs/_bench7_caravel_v1034_cleanroom/caravel_r11/phase3/stage3/extracted/user_project_wrapper.spef line 8209, net net3 not found.
Warning: /foss/designs/_bench7_caravel_v1034_cleanroom/caravel_r11/phase3/stage3/extracted/user_project_wrapper.spef line 8210, net net3 not found.
Warning: /foss/designs/_bench7_caravel_v1034_cleanroom/caravel_r11/phase3/stage3/extracted/user_project_wrapper.spef line 8211, net net10 not found.
Warning: /foss/designs/_bench7_caravel_v1034_cleanroom/caravel_r11/phase3/stage3/extracted/user_project_wrapper.spef line 8229, net ANTENNA_54 not found.
Warning: /foss/designs/_bench7_caravel_v1034_cleanroom/caravel_r11/phase3/stage3/extracted/user_project_wrapper.spef line 8231, net ANTENNA_52 not found.
Warning: /foss/designs/_bench7_caravel_v1034_cleanroom/caravel_r11/phase3/stage3/extracted/user_project_wrapper.spef line 8233, net ANTENNA_50 not found.
Warning: /foss/designs/_bench7_caravel_v1034_cleanroom/caravel_r11/phase3/stage3/extracted/user_project_wrapper.spef line 8235, net ANTENNA_48 not found.
Warning: /foss/designs/_bench7_caravel_v1034_cleanroom/caravel_r11/phase3/stage3/extracted/user_project_wrapper.spef line 8237, net ANTENNA_46 not found.
Warning: /foss/designs/_bench7_caravel_v1034_cleanroom/caravel_r11/phase3/stage3/extracted/user_project_wrapper.spef line 8239, net ANTENNA_44 not found.
Warning: /foss/designs/_bench7_caravel_v1034_cleanroom/caravel_r11/phase3/stage3/extracted/user_project_wrapper.spef line 8241, net ANTENNA_45 not found.
Warning: /foss/designs/_bench7_caravel_v1034_cleanroom/caravel_r11/phase3/stage3/extracted/user_project_wrapper.spef line 8243, net ANTENNA_47 not found.
Warning: /foss/designs/_bench7_caravel_v1034_cleanroom/caravel_r11/phase3/stage3/extracted/user_project_wrapper.spef line 8245, net ANTENNA_49 not found.
Warning: /foss/designs/_bench7_caravel_v1034_cleanroom/caravel_r11/phase3/stage3/extracted/user_project_wrapper.spef line 8247, net ANTENNA_51 not found.
Warning: /foss/designs/_bench7_caravel_v1034_cleanroom/caravel_r11/phase3/stage3/extracted/user_project_wrapper.spef line 8248, net ANTENNA_53 not found.
Warning: /foss/designs/_bench7_caravel_v1034_cleanroom/caravel_r11/phase3/stage3/extracted/user_project_wrapper.spef line 8249, net ANTENNA_44 not found.
Warning: /foss/designs/_bench7_caravel_v1034_cleanroom/caravel_r11/phase3/stage3/extracted/user_project_wrapper.spef line 8254, instance ANTENNA_64 not found.
Warning: /foss/designs/_bench7_caravel_v1034_cleanroom/caravel_r11/phase3/stage3/extracted/user_project_wrapper.spef line 8255, instance ANTENNA_62 not found.
Warning: /foss/designs/_bench7_caravel_v1034_cleanroom/caravel_r11/phase3/stage3/extracted/user_project_wrapper.spef line 8256, instance ANTENNA_60 not found.
Warning: /foss/designs/_bench7_caravel_v1034_cleanroom/caravel_r11/phase3/stage3/extracted/user_project_wrapper.spef line 8257, instance ANTENNA_58 not found.
Warning: /foss/designs/_bench7_caravel_v1034_cleanroom/caravel_r11/phase3/stage3/extracted/user_project_wrapper.spef line 8259, instance ANTENNA_55 not found.
Warning: /foss/designs/_bench7_caravel_v1034_cleanroom/caravel_r11/phase3/stage3/extracted/user_project_wrapper.spef line 8260, instance ANTENNA_56 not found.
Warning: /foss/designs/_bench7_caravel_v1034_cleanroom/caravel_r11/phase3/stage3/extracted/user_project_wrapper.spef line 8261, instance ANTENNA_57 not found.
Warning: /foss/designs/_bench7_caravel_v1034_cleanroom/caravel_r11/phase3/stage3/extracted/user_project_wrapper.spef line 8262, instance ANTENNA_59 not found.
Warning: /foss/designs/_bench7_caravel_v1034_cleanroom/caravel_r11/phase3/stage3/extracted/user_project_wrapper.spef line 8263, instance ANTENNA_61 not found.
Warning: /foss/designs/_bench7_caravel_v1034_cleanroom/caravel_r11/phase3/stage3/extracted/user_project_wrapper.spef line 8264, instance ANTENNA_63 not found.
Warning: /foss/designs/_bench7_caravel_v1034_cleanroom/caravel_r11/phase3/stage3/extracted/user_project_wrapper.spef line 8265, instance ANTENNA_65 not found.
Warning: /foss/designs/_bench7_caravel_v1034_cleanroom/caravel_r11/phase3/stage3/extracted/user_project_wrapper.spef line 8269, net ANTENNA_64 not found.
Warning: /foss/designs/_bench7_caravel_v1034_cleanroom/caravel_r11/phase3/stage3/extracted/user_project_wrapper.spef line 8270, net ANTENNA_62 not found.
Warning: /foss/designs/_bench7_caravel_v1034_cleanroom/caravel_r11/phase3/stage3/extracted/user_project_wrapper.spef line 8271, net ANTENNA_60 not found.
Warning: /foss/designs/_bench7_caravel_v1034_cleanroom/caravel_r11/phase3/stage3/extracted/user_project_wrapper.spef line 8272, net ANTENNA_58 not found.
Warning: /foss/designs/_bench7_caravel_v1034_cleanroom/caravel_r11/phase3/stage3/extracted/user_project_wrapper.spef line 8274, net ANTENNA_55 not found.
Warning: /foss/designs/_bench7_caravel_v1034_cleanroom/caravel_r11/phase3/stage3/extracted/user_project_wrapper.spef line 8275, net ANTENNA_56 not found.
Warning: /foss/designs/_bench7_caravel_v1034_cleanroom/caravel_r11/phase3/stage3/extracted/user_project_wrapper.spef line 8276, net ANTENNA_57 not found.
Warning: /foss/designs/_bench7_caravel_v1034_cleanroom/caravel_r11/phase3/stage3/extracted/user_project_wrapper.spef line 8277, net ANTENNA_59 not found.
Warning: /foss/designs/_bench7_caravel_v1034_cleanroom/caravel_r11/phase3/stage3/extracted/user_project_wrapper.spef line 8278, net ANTENNA_61 not found.
Warning: /foss/designs/_bench7_caravel_v1034_cleanroom/caravel_r11/phase3/stage3/extracted/user_project_wrapper.spef line 8279, net ANTENNA_63 not found.
Warning: /foss/designs/_bench7_caravel_v1034_cleanroom/caravel_r11/phase3/stage3/extracted/user_project_wrapper.spef line 8280, net ANTENNA_65 not found.
Warning: /foss/designs/_bench7_caravel_v1034_cleanroom/caravel_r11/phase3/stage3/extracted/user_project_wrapper.spef line 8293, net ANTENNA_58 not found.
Warning: /foss/designs/_bench7_caravel_v1034_cleanroom/caravel_r11/phase3/stage3/extracted/user_project_wrapper.spef line 8294, net ANTENNA_58 not found.
Warning: /foss/designs/_bench7_caravel_v1034_cleanroom/caravel_r11/phase3/stage3/extracted/user_project_wrapper.spef line 8295, net ANTENNA_58 not found.
Warning: /foss/designs/_bench7_caravel_v1034_cleanroom/caravel_r11/phase3/stage3/extracted/user_project_wrapper.spef line 8296, net ANTENNA_64 not found.
Warning: /foss/designs/_bench7_caravel_v1034_cleanroom/caravel_r11/phase3/stage3/extracted/user_project_wrapper.spef line 8297, net ANTENNA_64 not found.
Warning: /foss/designs/_bench7_caravel_v1034_cleanroom/caravel_r11/phase3/stage3/extracted/user_project_wrapper.spef line 8319, net ANTENNA_65 not found.
Warning: /foss/designs/_bench7_caravel_v1034_cleanroom/caravel_r11/phase3/stage3/extracted/user_project_wrapper.spef line 8321, net ANTENNA_63 not found.
Warning: /foss/designs/_bench7_caravel_v1034_cleanroom/caravel_r11/phase3/stage3/extracted/user_project_wrapper.spef line 8323, net ANTENNA_61 not found.
Warning: /foss/designs/_bench7_caravel_v1034_cleanroom/caravel_r11/phase3/stage3/extracted/user_project_wrapper.spef line 8325, net ANTENNA_59 not found.
Warning: /foss/designs/_bench7_caravel_v1034_cleanroom/caravel_r11/phase3/stage3/extracted/user_project_wrapper.spef line 8327, net ANTENNA_57 not found.
Warning: /foss/designs/_bench7_caravel_v1034_cleanroom/caravel_r11/phase3/stage3/extracted/user_project_wrapper.spef line 8329, net ANTENNA_56 not found.
Warning: /foss/designs/_bench7_caravel_v1034_cleanroom/caravel_r11/phase3/stage3/extracted/user_project_wrapper.spef line 8331, net ANTENNA_55 not found.
Warning: /foss/designs/_bench7_caravel_v1034_cleanroom/caravel_r11/phase3/stage3/extracted/user_project_wrapper.spef line 8334, net ANTENNA_58 not found.
Warning: /foss/designs/_bench7_caravel_v1034_cleanroom/caravel_r11/phase3/stage3/extracted/user_project_wrapper.spef line 8335, net ANTENNA_58 not found.
Warning: /foss/designs/_bench7_caravel_v1034_cleanroom/caravel_r11/phase3/stage3/extracted/user_project_wrapper.spef line 8336, net ANTENNA_60 not found.
Warning: /foss/designs/_bench7_caravel_v1034_cleanroom/caravel_r11/phase3/stage3/extracted/user_project_wrapper.spef line 8338, net ANTENNA_62 not found.
Warning: /foss/designs/_bench7_caravel_v1034_cleanroom/caravel_r11/phase3/stage3/extracted/user_project_wrapper.spef line 8339, net ANTENNA_64 not found.
Warning: /foss/designs/_bench7_caravel_v1034_cleanroom/caravel_r11/phase3/stage3/extracted/user_project_wrapper.spef line 8344, instance ANTENNA_75 not found.
Warning: /foss/designs/_bench7_caravel_v1034_cleanroom/caravel_r11/phase3/stage3/extracted/user_project_wrapper.spef line 8345, instance ANTENNA_73 not found.
Warning: /foss/designs/_bench7_caravel_v1034_cleanroom/caravel_r11/phase3/stage3/extracted/user_project_wrapper.spef line 8346, instance ANTENNA_69 not found.
Warning: /foss/designs/_bench7_caravel_v1034_cleanroom/caravel_r11/phase3/stage3/extracted/user_project_wrapper.spef line 8348, instance ANTENNA_67 not found.
Warning: /foss/designs/_bench7_caravel_v1034_cleanroom/caravel_r11/phase3/stage3/extracted/user_project_wrapper.spef line 8349, instance ANTENNA_66 not found.
Warning: /foss/designs/_bench7_caravel_v1034_cleanroom/caravel_r11/phase3/stage3/extracted/user_project_wrapper.spef line 8350, instance ANTENNA_68 not found.
Warning: /foss/designs/_bench7_caravel_v1034_cleanroom/caravel_r11/phase3/stage3/extracted/user_project_wrapper.spef line 8351, instance ANTENNA_70 not found.
Warning: /foss/designs/_bench7_caravel_v1034_cleanroom/caravel_r11/phase3/stage3/extracted/user_project_wrapper.spef line 8352, instance ANTENNA_71 not found.
Warning: /foss/designs/_bench7_caravel_v1034_cleanroom/caravel_r11/phase3/stage3/extracted/user_project_wrapper.spef line 8353, instance ANTENNA_72 not found.
Warning: /foss/designs/_bench7_caravel_v1034_cleanroom/caravel_r11/phase3/stage3/extracted/user_project_wrapper.spef line 8354, instance ANTENNA_74 not found.
Warning: /foss/designs/_bench7_caravel_v1034_cleanroom/caravel_r11/phase3/stage3/extracted/user_project_wrapper.spef line 8355, instance ANTENNA_76 not found.
Warning: /foss/designs/_bench7_caravel_v1034_cleanroom/caravel_r11/phase3/stage3/extracted/user_project_wrapper.spef line 8359, net ANTENNA_75 not found.
Warning: /foss/designs/_bench7_caravel_v1034_cleanroom/caravel_r11/phase3/stage3/extracted/user_project_wrapper.spef line 8360, net ANTENNA_73 not found.
Warning: /foss/designs/_bench7_caravel_v1034_cleanroom/caravel_r11/phase3/stage3/extracted/user_project_wrapper.spef line 8361, net ANTENNA_69 not found.
Warning: /foss/designs/_bench7_caravel_v1034_cleanroom/caravel_r11/phase3/stage3/extracted/user_project_wrapper.spef line 8363, net ANTENNA_67 not found.
Warning: /foss/designs/_bench7_caravel_v1034_cleanroom/caravel_r11/phase3/stage3/extracted/user_project_wrapper.spef line 8364, net ANTENNA_66 not found.
Warning: /foss/designs/_bench7_caravel_v1034_cleanroom/caravel_r11/phase3/stage3/extracted/user_project_wrapper.spef line 8365, net ANTENNA_68 not found.
Warning: /foss/designs/_bench7_caravel_v1034_cleanroom/caravel_r11/phase3/stage3/extracted/user_project_wrapper.spef line 8366, net ANTENNA_70 not found.
Warning: /foss/designs/_bench7_caravel_v1034_cleanroom/caravel_r11/phase3/stage3/extracted/user_project_wrapper.spef line 8367, net ANTENNA_71 not found.
Warning: /foss/designs/_bench7_caravel_v1034_cleanroom/caravel_r11/phase3/stage3/extracted/user_project_wrapper.spef line 8368, net ANTENNA_72 not found.
Warning: /foss/designs/_bench7_caravel_v1034_cleanroom/caravel_r11/phase3/stage3/extracted/user_project_wrapper.spef line 8369, net ANTENNA_74 not found.
Warning: /foss/designs/_bench7_caravel_v1034_cleanroom/caravel_r11/phase3/stage3/extracted/user_project_wrapper.spef line 8370, net ANTENNA_76 not found.
Warning: /foss/designs/_bench7_caravel_v1034_cleanroom/caravel_r11/phase3/stage3/extracted/user_project_wrapper.spef line 8381, net ANTENNA_66 not found.
Warning: /foss/designs/_bench7_caravel_v1034_cleanroom/caravel_r11/phase3/stage3/extracted/user_project_wrapper.spef line 8382, net ANTENNA_66 not found.
Warning: /foss/designs/_bench7_caravel_v1034_cleanroom/caravel_r11/phase3/stage3/extracted/user_project_wrapper.spef line 8383, net ANTENNA_67 not found.
Warning: /foss/designs/_bench7_caravel_v1034_cleanroom/caravel_r11/phase3/stage3/extracted/user_project_wrapper.spef line 8384, net ANTENNA_67 not found.
Warning: /foss/designs/_bench7_caravel_v1034_cleanroom/caravel_r11/phase3/stage3/extracted/user_project_wrapper.spef line 8385, net ANTENNA_67 not found.
Warning: /foss/designs/_bench7_caravel_v1034_cleanroom/caravel_r11/phase3/stage3/extracted/user_project_wrapper.spef line 8386, net ANTENNA_69 not found.
Warning: /foss/designs/_bench7_caravel_v1034_cleanroom/caravel_r11/phase3/stage3/extracted/user_project_wrapper.spef line 8387, net ANTENNA_71 not found.
Warning: /foss/designs/_bench7_caravel_v1034_cleanroom/caravel_r11/phase3/stage3/extracted/user_project_wrapper.spef line 8388, net ANTENNA_75 not found.
Warning: /foss/designs/_bench7_caravel_v1034_cleanroom/caravel_r11/phase3/stage3/extracted/user_project_wrapper.spef line 8389, net ANTENNA_75 not found.
Warning: /foss/designs/_bench7_caravel_v1034_cleanroom/caravel_r11/phase3/stage3/extracted/user_project_wrapper.spef line 8393, net net12 not found.
Warning: /foss/designs/_bench7_caravel_v1034_cleanroom/caravel_r11/phase3/stage3/extracted/user_project_wrapper.spef line 8405, net clknet_0_mprj.counter.clk not found.
Warning: /foss/designs/_bench7_caravel_v1034_cleanroom/caravel_r11/phase3/stage3/extracted/user_project_wrapper.spef line 8432, net ANTENNA_76 not found.
Warning: /foss/designs/_bench7_caravel_v1034_cleanroom/caravel_r11/phase3/stage3/extracted/user_project_wrapper.spef line 8434, net ANTENNA_74 not found.
Warning: /foss/designs/_bench7_caravel_v1034_cleanroom/caravel_r11/phase3/stage3/extracted/user_project_wrapper.spef line 8436, net ANTENNA_72 not found.
Warning: /foss/designs/_bench7_caravel_v1034_cleanroom/caravel_r11/phase3/stage3/extracted/user_project_wrapper.spef line 8437, net ANTENNA_71 not found.
Warning: /foss/designs/_bench7_caravel_v1034_cleanroom/caravel_r11/phase3/stage3/extracted/user_project_wrapper.spef line 8438, net ANTENNA_71 not found.
Warning: /foss/designs/_bench7_caravel_v1034_cleanroom/caravel_r11/phase3/stage3/extracted/user_project_wrapper.spef line 8439, net ANTENNA_70 not found.
Warning: /foss/designs/_bench7_caravel_v1034_cleanroom/caravel_r11/phase3/stage3/extracted/user_project_wrapper.spef line 8441, net ANTENNA_68 not found.
Warning: /foss/designs/_bench7_caravel_v1034_cleanroom/caravel_r11/phase3/stage3/extracted/user_project_wrapper.spef line 8442, net ANTENNA_66 not found.
Warning: /foss/designs/_bench7_caravel_v1034_cleanroom/caravel_r11/phase3/stage3/extracted/user_project_wrapper.spef line 8443, net ANTENNA_66 not found.
Warning: /foss/designs/_bench7_caravel_v1034_cleanroom/caravel_r11/phase3/stage3/extracted/user_project_wrapper.spef line 8443, net ANTENNA_67 not found.
Warning: /foss/designs/_bench7_caravel_v1034_cleanroom/caravel_r11/phase3/stage3/extracted/user_project_wrapper.spef line 8444, net ANTENNA_67 not found.
Warning: /foss/designs/_bench7_caravel_v1034_cleanroom/caravel_r11/phase3/stage3/extracted/user_project_wrapper.spef line 8446, net ANTENNA_69 not found.
Warning: /foss/designs/_bench7_caravel_v1034_cleanroom/caravel_r11/phase3/stage3/extracted/user_project_wrapper.spef line 8447, net ANTENNA_69 not found.
Warning: /foss/designs/_bench7_caravel_v1034_cleanroom/caravel_r11/phase3/stage3/extracted/user_project_wrapper.spef line 8448, net ANTENNA_73 not found.
Warning: /foss/designs/_bench7_caravel_v1034_cleanroom/caravel_r11/phase3/stage3/extracted/user_project_wrapper.spef line 8449, net ANTENNA_75 not found.
Warning: /foss/designs/_bench7_caravel_v1034_cleanroom/caravel_r11/phase3/stage3/extracted/user_project_wrapper.spef line 8454, instance ANTENNA_86 not found.
Warning: /foss/designs/_bench7_caravel_v1034_cleanroom/caravel_r11/phase3/stage3/extracted/user_project_wrapper.spef line 8455, instance ANTENNA_84 not found.
Warning: /foss/designs/_bench7_caravel_v1034_cleanroom/caravel_r11/phase3/stage3/extracted/user_project_wrapper.spef line 8457, instance ANTENNA_83 not found.
Warning: /foss/designs/_bench7_caravel_v1034_cleanroom/caravel_r11/phase3/stage3/extracted/user_project_wrapper.spef line 8458, instance ANTENNA_82 not found.
Warning: /foss/designs/_bench7_caravel_v1034_cleanroom/caravel_r11/phase3/stage3/extracted/user_project_wrapper.spef line 8459, instance ANTENNA_80 not found.
Warning: /foss/designs/_bench7_caravel_v1034_cleanroom/caravel_r11/phase3/stage3/extracted/user_project_wrapper.spef line 8460, instance ANTENNA_78 not found.
Warning: /foss/designs/_bench7_caravel_v1034_cleanroom/caravel_r11/phase3/stage3/extracted/user_project_wrapper.spef line 8461, instance ANTENNA_77 not found.
Warning: /foss/designs/_bench7_caravel_v1034_cleanroom/caravel_r11/phase3/stage3/extracted/user_project_wrapper.spef line 8462, instance ANTENNA_79 not found.
Warning: /foss/designs/_bench7_caravel_v1034_cleanroom/caravel_r11/phase3/stage3/extracted/user_project_wrapper.spef line 8463, instance ANTENNA_81 not found.
Warning: /foss/designs/_bench7_caravel_v1034_cleanroom/caravel_r11/phase3/stage3/extracted/user_project_wrapper.spef line 8464, instance ANTENNA_85 not found.
Warning: /foss/designs/_bench7_caravel_v1034_cleanroom/caravel_r11/phase3/stage3/extracted/user_project_wrapper.spef line 8465, instance ANTENNA_87 not found.
Warning: /foss/designs/_bench7_caravel_v1034_cleanroom/caravel_r11/phase3/stage3/extracted/user_project_wrapper.spef line 8469, net ANTENNA_86 not found.
Warning: /foss/designs/_bench7_caravel_v1034_cleanroom/caravel_r11/phase3/stage3/extracted/user_project_wrapper.spef line 8470, net ANTENNA_84 not found.
Warning: /foss/designs/_bench7_caravel_v1034_cleanroom/caravel_r11/phase3/stage3/extracted/user_project_wrapper.spef line 8472, net ANTENNA_83 not found.
Warning: /foss/designs/_bench7_caravel_v1034_cleanroom/caravel_r11/phase3/stage3/extracted/user_project_wrapper.spef line 8473, net ANTENNA_82 not found.
Warning: /foss/designs/_bench7_caravel_v1034_cleanroom/caravel_r11/phase3/stage3/extracted/user_project_wrapper.spef line 8474, net ANTENNA_80 not found.
Warning: /foss/designs/_bench7_caravel_v1034_cleanroom/caravel_r11/phase3/stage3/extracted/user_project_wrapper.spef line 8475, net ANTENNA_78 not found.
Warning: /foss/designs/_bench7_caravel_v1034_cleanroom/caravel_r11/phase3/stage3/extracted/user_project_wrapper.spef line 8476, net ANTENNA_77 not found.
Warning: /foss/designs/_bench7_caravel_v1034_cleanroom/caravel_r11/phase3/stage3/extracted/user_project_wrapper.spef line 8477, net ANTENNA_79 not found.
Warning: /foss/designs/_bench7_caravel_v1034_cleanroom/caravel_r11/phase3/stage3/extracted/user_project_wrapper.spef line 8478, net ANTENNA_81 not found.
Warning: /foss/designs/_bench7_caravel_v1034_cleanroom/caravel_r11/phase3/stage3/extracted/user_project_wrapper.spef line 8479, net ANTENNA_85 not found.
Warning: /foss/designs/_bench7_caravel_v1034_cleanroom/caravel_r11/phase3/stage3/extracted/user_project_wrapper.spef line 8480, net ANTENNA_87 not found.
Warning: /foss/designs/_bench7_caravel_v1034_cleanroom/caravel_r11/phase3/stage3/extracted/user_project_wrapper.spef line 8490, net ANTENNA_81 not found.
Warning: /foss/designs/_bench7_caravel_v1034_cleanroom/caravel_r11/phase3/stage3/extracted/user_project_wrapper.spef line 8491, net ANTENNA_81 not found.
Warning: /foss/designs/_bench7_caravel_v1034_cleanroom/caravel_r11/phase3/stage3/extracted/user_project_wrapper.spef line 8492, net ANTENNA_81 not found.
Warning: /foss/designs/_bench7_caravel_v1034_cleanroom/caravel_r11/phase3/stage3/extracted/user_project_wrapper.spef line 8493, net ANTENNA_83 not found.
Warning: /foss/designs/_bench7_caravel_v1034_cleanroom/caravel_r11/phase3/stage3/extracted/user_project_wrapper.spef line 8494, net ANTENNA_83 not found.
Warning: /foss/designs/_bench7_caravel_v1034_cleanroom/caravel_r11/phase3/stage3/extracted/user_project_wrapper.spef line 8495, net ANTENNA_86 not found.
Warning: /foss/designs/_bench7_caravel_v1034_cleanroom/caravel_r11/phase3/stage3/extracted/user_project_wrapper.spef line 8496, net ANTENNA_87 not found.
Warning: /foss/designs/_bench7_caravel_v1034_cleanroom/caravel_r11/phase3/stage3/extracted/user_project_wrapper.spef line 8516, net ANTENNA_81 not found.
Warning: /foss/designs/_bench7_caravel_v1034_cleanroom/caravel_r11/phase3/stage3/extracted/user_project_wrapper.spef line 8518, net ANTENNA_87 not found.
Warning: /foss/designs/_bench7_caravel_v1034_cleanroom/caravel_r11/phase3/stage3/extracted/user_project_wrapper.spef line 8521, net ANTENNA_81 not found.
Warning: /foss/designs/_bench7_caravel_v1034_cleanroom/caravel_r11/phase3/stage3/extracted/user_project_wrapper.spef line 8531, net ANTENNA_87 not found.
Warning: /foss/designs/_bench7_caravel_v1034_cleanroom/caravel_r11/phase3/stage3/extracted/user_project_wrapper.spef line 8533, net ANTENNA_85 not found.
Warning: /foss/designs/_bench7_caravel_v1034_cleanroom/caravel_r11/phase3/stage3/extracted/user_project_wrapper.spef line 8534, net ANTENNA_81 not found.
Warning: /foss/designs/_bench7_caravel_v1034_cleanroom/caravel_r11/phase3/stage3/extracted/user_project_wrapper.spef line 8535, net ANTENNA_81 not found.
Warning: /foss/designs/_bench7_caravel_v1034_cleanroom/caravel_r11/phase3/stage3/extracted/user_project_wrapper.spef line 8536, net ANTENNA_79 not found.
Warning: /foss/designs/_bench7_caravel_v1034_cleanroom/caravel_r11/phase3/stage3/extracted/user_project_wrapper.spef line 8538, net ANTENNA_77 not found.
Warning: /foss/designs/_bench7_caravel_v1034_cleanroom/caravel_r11/phase3/stage3/extracted/user_project_wrapper.spef line 8540, net ANTENNA_78 not found.
Warning: /foss/designs/_bench7_caravel_v1034_cleanroom/caravel_r11/phase3/stage3/extracted/user_project_wrapper.spef line 8542, net ANTENNA_80 not found.
Warning: /foss/designs/_bench7_caravel_v1034_cleanroom/caravel_r11/phase3/stage3/extracted/user_project_wrapper.spef line 8544, net ANTENNA_82 not found.
Warning: /foss/designs/_bench7_caravel_v1034_cleanroom/caravel_r11/phase3/stage3/extracted/user_project_wrapper.spef line 8545, net ANTENNA_83 not found.
Warning: /foss/designs/_bench7_caravel_v1034_cleanroom/caravel_r11/phase3/stage3/extracted/user_project_wrapper.spef line 8546, net ANTENNA_78 not found.
Warning: /foss/designs/_bench7_caravel_v1034_cleanroom/caravel_r11/phase3/stage3/extracted/user_project_wrapper.spef line 8547, net ANTENNA_83 not found.
Warning: /foss/designs/_bench7_caravel_v1034_cleanroom/caravel_r11/phase3/stage3/extracted/user_project_wrapper.spef line 8548, net ANTENNA_84 not found.
Warning: /foss/designs/_bench7_caravel_v1034_cleanroom/caravel_r11/phase3/stage3/extracted/user_project_wrapper.spef line 8549, net ANTENNA_86 not found.
Warning: /foss/designs/_bench7_caravel_v1034_cleanroom/caravel_r11/phase3/stage3/extracted/user_project_wrapper.spef line 8554, instance ANTENNA_97 not found.
Warning: /foss/designs/_bench7_caravel_v1034_cleanroom/caravel_r11/phase3/stage3/extracted/user_project_wrapper.spef line 8555, instance ANTENNA_95 not found.
Warning: /foss/designs/_bench7_caravel_v1034_cleanroom/caravel_r11/phase3/stage3/extracted/user_project_wrapper.spef line 8556, instance ANTENNA_91 not found.
Warning: /foss/designs/_bench7_caravel_v1034_cleanroom/caravel_r11/phase3/stage3/extracted/user_project_wrapper.spef line 8557, instance ANTENNA_89 not found.
Warning: /foss/designs/_bench7_caravel_v1034_cleanroom/caravel_r11/phase3/stage3/extracted/user_project_wrapper.spef line 8559, instance ANTENNA_88 not found.
Warning: /foss/designs/_bench7_caravel_v1034_cleanroom/caravel_r11/phase3/stage3/extracted/user_project_wrapper.spef line 8560, instance ANTENNA_90 not found.
Warning: /foss/designs/_bench7_caravel_v1034_cleanroom/caravel_r11/phase3/stage3/extracted/user_project_wrapper.spef line 8561, instance ANTENNA_92 not found.
Warning: /foss/designs/_bench7_caravel_v1034_cleanroom/caravel_r11/phase3/stage3/extracted/user_project_wrapper.spef line 8562, instance ANTENNA_93 not found.
Warning: /foss/designs/_bench7_caravel_v1034_cleanroom/caravel_r11/phase3/stage3/extracted/user_project_wrapper.spef line 8563, instance ANTENNA_94 not found.
Warning: /foss/designs/_bench7_caravel_v1034_cleanroom/caravel_r11/phase3/stage3/extracted/user_project_wrapper.spef line 8564, instance ANTENNA_96 not found.
Warning: /foss/designs/_bench7_caravel_v1034_cleanroom/caravel_r11/phase3/stage3/extracted/user_project_wrapper.spef line 8565, instance ANTENNA_98 not found.
Warning: /foss/designs/_bench7_caravel_v1034_cleanroom/caravel_r11/phase3/stage3/extracted/user_project_wrapper.spef line 8569, net ANTENNA_97 not found.
Warning: /foss/designs/_bench7_caravel_v1034_cleanroom/caravel_r11/phase3/stage3/extracted/user_project_wrapper.spef line 8570, net ANTENNA_95 not found.
Warning: /foss/designs/_bench7_caravel_v1034_cleanroom/caravel_r11/phase3/stage3/extracted/user_project_wrapper.spef line 8571, net ANTENNA_91 not found.
Warning: /foss/designs/_bench7_caravel_v1034_cleanroom/caravel_r11/phase3/stage3/extracted/user_project_wrapper.spef line 8572, net ANTENNA_89 not found.
Warning: /foss/designs/_bench7_caravel_v1034_cleanroom/caravel_r11/phase3/stage3/extracted/user_project_wrapper.spef line 8574, net ANTENNA_88 not found.
Warning: /foss/designs/_bench7_caravel_v1034_cleanroom/caravel_r11/phase3/stage3/extracted/user_project_wrapper.spef line 8575, net ANTENNA_90 not found.
Warning: /foss/designs/_bench7_caravel_v1034_cleanroom/caravel_r11/phase3/stage3/extracted/user_project_wrapper.spef line 8576, net ANTENNA_92 not found.
Warning: /foss/designs/_bench7_caravel_v1034_cleanroom/caravel_r11/phase3/stage3/extracted/user_project_wrapper.spef line 8577, net ANTENNA_93 not found.
Warning: /foss/designs/_bench7_caravel_v1034_cleanroom/caravel_r11/phase3/stage3/extracted/user_project_wrapper.spef line 8578, net ANTENNA_94 not found.
Warning: /foss/designs/_bench7_caravel_v1034_cleanroom/caravel_r11/phase3/stage3/extracted/user_project_wrapper.spef line 8579, net ANTENNA_96 not found.
Warning: /foss/designs/_bench7_caravel_v1034_cleanroom/caravel_r11/phase3/stage3/extracted/user_project_wrapper.spef line 8580, net ANTENNA_98 not found.
Warning: /foss/designs/_bench7_caravel_v1034_cleanroom/caravel_r11/phase3/stage3/extracted/user_project_wrapper.spef line 8592, net ANTENNA_91 not found.
Warning: /foss/designs/_bench7_caravel_v1034_cleanroom/caravel_r11/phase3/stage3/extracted/user_project_wrapper.spef line 8593, net ANTENNA_91 not found.
Warning: /foss/designs/_bench7_caravel_v1034_cleanroom/caravel_r11/phase3/stage3/extracted/user_project_wrapper.spef line 8594, net ANTENNA_97 not found.
Warning: /foss/designs/_bench7_caravel_v1034_cleanroom/caravel_r11/phase3/stage3/extracted/user_project_wrapper.spef line 8613, net clknet_2_0__leaf_mprj.counter.clk not found.
Warning: /foss/designs/_bench7_caravel_v1034_cleanroom/caravel_r11/phase3/stage3/extracted/user_project_wrapper.spef line 8624, net ANTENNA_88 not found.
Warning: /foss/designs/_bench7_caravel_v1034_cleanroom/caravel_r11/phase3/stage3/extracted/user_project_wrapper.spef line 8625, net ANTENNA_98 not found.
Warning: /foss/designs/_bench7_caravel_v1034_cleanroom/caravel_r11/phase3/stage3/extracted/user_project_wrapper.spef line 8642, net ANTENNA_98 not found.
Warning: /foss/designs/_bench7_caravel_v1034_cleanroom/caravel_r11/phase3/stage3/extracted/user_project_wrapper.spef line 8643, net ANTENNA_96 not found.
Warning: /foss/designs/_bench7_caravel_v1034_cleanroom/caravel_r11/phase3/stage3/extracted/user_project_wrapper.spef line 8644, net ANTENNA_94 not found.
Warning: /foss/designs/_bench7_caravel_v1034_cleanroom/caravel_r11/phase3/stage3/extracted/user_project_wrapper.spef line 8645, net ANTENNA_93 not found.
Warning: /foss/designs/_bench7_caravel_v1034_cleanroom/caravel_r11/phase3/stage3/extracted/user_project_wrapper.spef line 8646, net ANTENNA_92 not found.
Warning: /foss/designs/_bench7_caravel_v1034_cleanroom/caravel_r11/phase3/stage3/extracted/user_project_wrapper.spef line 8647, net ANTENNA_90 not found.
Warning: /foss/designs/_bench7_caravel_v1034_cleanroom/caravel_r11/phase3/stage3/extracted/user_project_wrapper.spef line 8648, net ANTENNA_88 not found.
Warning: /foss/designs/_bench7_caravel_v1034_cleanroom/caravel_r11/phase3/stage3/extracted/user_project_wrapper.spef line 8649, net ANTENNA_88 not found.
Warning: /foss/designs/_bench7_caravel_v1034_cleanroom/caravel_r11/phase3/stage3/extracted/user_project_wrapper.spef line 8652, net ANTENNA_89 not found.
Warning: /foss/designs/_bench7_caravel_v1034_cleanroom/caravel_r11/phase3/stage3/extracted/user_project_wrapper.spef line 8653, net ANTENNA_91 not found.
Warning: /foss/designs/_bench7_caravel_v1034_cleanroom/caravel_r11/phase3/stage3/extracted/user_project_wrapper.spef line 8654, net ANTENNA_91 not found.
Warning: /foss/designs/_bench7_caravel_v1034_cleanroom/caravel_r11/phase3/stage3/extracted/user_project_wrapper.spef line 8655, net ANTENNA_95 not found.
Warning: /foss/designs/_bench7_caravel_v1034_cleanroom/caravel_r11/phase3/stage3/extracted/user_project_wrapper.spef line 8656, net ANTENNA_97 not found.
Warning: /foss/designs/_bench7_caravel_v1034_cleanroom/caravel_r11/phase3/stage3/extracted/user_project_wrapper.spef line 8661, instance ANTENNA_109 not found.
Warning: /foss/designs/_bench7_caravel_v1034_cleanroom/caravel_r11/phase3/stage3/extracted/user_project_wrapper.spef line 8662, instance ANTENNA_108 not found.
Warning: /foss/designs/_bench7_caravel_v1034_cleanroom/caravel_r11/phase3/stage3/extracted/user_project_wrapper.spef line 8663, instance ANTENNA_106 not found.
Warning: /foss/designs/_bench7_caravel_v1034_cleanroom/caravel_r11/phase3/stage3/extracted/user_project_wrapper.spef line 8664, instance ANTENNA_104 not found.
Warning: /foss/designs/_bench7_caravel_v1034_cleanroom/caravel_r11/phase3/stage3/extracted/user_project_wrapper.spef line 8665, instance ANTENNA_102 not found.
Warning: /foss/designs/_bench7_caravel_v1034_cleanroom/caravel_r11/phase3/stage3/extracted/user_project_wrapper.spef line 8667, instance ANTENNA_99 not found.
Warning: /foss/designs/_bench7_caravel_v1034_cleanroom/caravel_r11/phase3/stage3/extracted/user_project_wrapper.spef line 8668, instance ANTENNA_100 not found.
Warning: /foss/designs/_bench7_caravel_v1034_cleanroom/caravel_r11/phase3/stage3/extracted/user_project_wrapper.spef line 8669, instance ANTENNA_101 not found.
Warning: /foss/designs/_bench7_caravel_v1034_cleanroom/caravel_r11/phase3/stage3/extracted/user_project_wrapper.spef line 8670, instance ANTENNA_103 not found.
Warning: /foss/designs/_bench7_caravel_v1034_cleanroom/caravel_r11/phase3/stage3/extracted/user_project_wrapper.spef line 8671, instance ANTENNA_105 not found.
Warning: /foss/designs/_bench7_caravel_v1034_cleanroom/caravel_r11/phase3/stage3/extracted/user_project_wrapper.spef line 8672, instance ANTENNA_107 not found.
Warning: /foss/designs/_bench7_caravel_v1034_cleanroom/caravel_r11/phase3/stage3/extracted/user_project_wrapper.spef line 8676, net ANTENNA_109 not found.
Warning: /foss/designs/_bench7_caravel_v1034_cleanroom/caravel_r11/phase3/stage3/extracted/user_project_wrapper.spef line 8677, net ANTENNA_108 not found.
Warning: /foss/designs/_bench7_caravel_v1034_cleanroom/caravel_r11/phase3/stage3/extracted/user_project_wrapper.spef line 8678, net ANTENNA_106 not found.
Warning: /foss/designs/_bench7_caravel_v1034_cleanroom/caravel_r11/phase3/stage3/extracted/user_project_wrapper.spef line 8679, net ANTENNA_104 not found.
Warning: /foss/designs/_bench7_caravel_v1034_cleanroom/caravel_r11/phase3/stage3/extracted/user_project_wrapper.spef line 8680, net ANTENNA_102 not found.
Warning: /foss/designs/_bench7_caravel_v1034_cleanroom/caravel_r11/phase3/stage3/extracted/user_project_wrapper.spef line 8682, net ANTENNA_99 not found.
Warning: /foss/designs/_bench7_caravel_v1034_cleanroom/caravel_r11/phase3/stage3/extracted/user_project_wrapper.spef line 8683, net ANTENNA_100 not found.
Warning: /foss/designs/_bench7_caravel_v1034_cleanroom/caravel_r11/phase3/stage3/extracted/user_project_wrapper.spef line 8684, net ANTENNA_101 not found.
Warning: /foss/designs/_bench7_caravel_v1034_cleanroom/caravel_r11/phase3/stage3/extracted/user_project_wrapper.spef line 8685, net ANTENNA_103 not found.
Warning: /foss/designs/_bench7_caravel_v1034_cleanroom/caravel_r11/phase3/stage3/extracted/user_project_wrapper.spef line 8686, net ANTENNA_105 not found.
Warning: /foss/designs/_bench7_caravel_v1034_cleanroom/caravel_r11/phase3/stage3/extracted/user_project_wrapper.spef line 8687, net ANTENNA_107 not found.
Warning: /foss/designs/_bench7_caravel_v1034_cleanroom/caravel_r11/phase3/stage3/extracted/user_project_wrapper.spef line 8700, net ANTENNA_109 not found.
Warning: /foss/designs/_bench7_caravel_v1034_cleanroom/caravel_r11/phase3/stage3/extracted/user_project_wrapper.spef line 8701, net ANTENNA_109 not found.
Warning: /foss/designs/_bench7_caravel_v1034_cleanroom/caravel_r11/phase3/stage3/extracted/user_project_wrapper.spef line 8741, net ANTENNA_107 not found.
Warning: /foss/designs/_bench7_caravel_v1034_cleanroom/caravel_r11/phase3/stage3/extracted/user_project_wrapper.spef line 8743, net ANTENNA_105 not found.
Warning: /foss/designs/_bench7_caravel_v1034_cleanroom/caravel_r11/phase3/stage3/extracted/user_project_wrapper.spef line 8745, net ANTENNA_103 not found.
Warning: /foss/designs/_bench7_caravel_v1034_cleanroom/caravel_r11/phase3/stage3/extracted/user_project_wrapper.spef line 8747, net ANTENNA_101 not found.
Warning: /foss/designs/_bench7_caravel_v1034_cleanroom/caravel_r11/phase3/stage3/extracted/user_project_wrapper.spef line 8749, net ANTENNA_100 not found.
Warning: /foss/designs/_bench7_caravel_v1034_cleanroom/caravel_r11/phase3/stage3/extracted/user_project_wrapper.spef line 8751, net ANTENNA_99 not found.
Warning: /foss/designs/_bench7_caravel_v1034_cleanroom/caravel_r11/phase3/stage3/extracted/user_project_wrapper.spef line 8755, net ANTENNA_102 not found.
Warning: /foss/designs/_bench7_caravel_v1034_cleanroom/caravel_r11/phase3/stage3/extracted/user_project_wrapper.spef line 8757, net ANTENNA_104 not found.
Warning: /foss/designs/_bench7_caravel_v1034_cleanroom/caravel_r11/phase3/stage3/extracted/user_project_wrapper.spef line 8759, net ANTENNA_106 not found.
Warning: /foss/designs/_bench7_caravel_v1034_cleanroom/caravel_r11/phase3/stage3/extracted/user_project_wrapper.spef line 8761, net ANTENNA_108 not found.
Warning: /foss/designs/_bench7_caravel_v1034_cleanroom/caravel_r11/phase3/stage3/extracted/user_project_wrapper.spef line 8762, net ANTENNA_109 not found.
Warning: /foss/designs/_bench7_caravel_v1034_cleanroom/caravel_r11/phase3/stage3/extracted/user_project_wrapper.spef line 8767, instance ANTENNA_120 not found.
Warning: /foss/designs/_bench7_caravel_v1034_cleanroom/caravel_r11/phase3/stage3/extracted/user_project_wrapper.spef line 8768, instance ANTENNA_119 not found.
Warning: /foss/designs/_bench7_caravel_v1034_cleanroom/caravel_r11/phase3/stage3/extracted/user_project_wrapper.spef line 8770, instance ANTENNA_110 not found.
Warning: /foss/designs/_bench7_caravel_v1034_cleanroom/caravel_r11/phase3/stage3/extracted/user_project_wrapper.spef line 8771, instance ANTENNA_111 not found.
Warning: /foss/designs/_bench7_caravel_v1034_cleanroom/caravel_r11/phase3/stage3/extracted/user_project_wrapper.spef line 8772, instance ANTENNA_112 not found.
Warning: /foss/designs/_bench7_caravel_v1034_cleanroom/caravel_r11/phase3/stage3/extracted/user_project_wrapper.spef line 8773, instance ANTENNA_113 not found.
Warning: /foss/designs/_bench7_caravel_v1034_cleanroom/caravel_r11/phase3/stage3/extracted/user_project_wrapper.spef line 8774, instance ANTENNA_114 not found.
Warning: /foss/designs/_bench7_caravel_v1034_cleanroom/caravel_r11/phase3/stage3/extracted/user_project_wrapper.spef line 8775, instance ANTENNA_115 not found.
Warning: /foss/designs/_bench7_caravel_v1034_cleanroom/caravel_r11/phase3/stage3/extracted/user_project_wrapper.spef line 8776, instance ANTENNA_116 not found.
Warning: /foss/designs/_bench7_caravel_v1034_cleanroom/caravel_r11/phase3/stage3/extracted/user_project_wrapper.spef line 8777, instance ANTENNA_117 not found.
Warning: /foss/designs/_bench7_caravel_v1034_cleanroom/caravel_r11/phase3/stage3/extracted/user_project_wrapper.spef line 8778, instance ANTENNA_118 not found.
Warning: /foss/designs/_bench7_caravel_v1034_cleanroom/caravel_r11/phase3/stage3/extracted/user_project_wrapper.spef line 8782, net ANTENNA_120 not found.
Warning: /foss/designs/_bench7_caravel_v1034_cleanroom/caravel_r11/phase3/stage3/extracted/user_project_wrapper.spef line 8783, net ANTENNA_119 not found.
Warning: /foss/designs/_bench7_caravel_v1034_cleanroom/caravel_r11/phase3/stage3/extracted/user_project_wrapper.spef line 8785, net ANTENNA_110 not found.
Warning: /foss/designs/_bench7_caravel_v1034_cleanroom/caravel_r11/phase3/stage3/extracted/user_project_wrapper.spef line 8786, net ANTENNA_111 not found.
Warning: /foss/designs/_bench7_caravel_v1034_cleanroom/caravel_r11/phase3/stage3/extracted/user_project_wrapper.spef line 8787, net ANTENNA_112 not found.
Warning: /foss/designs/_bench7_caravel_v1034_cleanroom/caravel_r11/phase3/stage3/extracted/user_project_wrapper.spef line 8788, net ANTENNA_113 not found.
Warning: /foss/designs/_bench7_caravel_v1034_cleanroom/caravel_r11/phase3/stage3/extracted/user_project_wrapper.spef line 8789, net ANTENNA_114 not found.
Warning: /foss/designs/_bench7_caravel_v1034_cleanroom/caravel_r11/phase3/stage3/extracted/user_project_wrapper.spef line 8790, net ANTENNA_115 not found.
Warning: /foss/designs/_bench7_caravel_v1034_cleanroom/caravel_r11/phase3/stage3/extracted/user_project_wrapper.spef line 8791, net ANTENNA_116 not found.
Warning: /foss/designs/_bench7_caravel_v1034_cleanroom/caravel_r11/phase3/stage3/extracted/user_project_wrapper.spef line 8792, net ANTENNA_117 not found.
Warning: /foss/designs/_bench7_caravel_v1034_cleanroom/caravel_r11/phase3/stage3/extracted/user_project_wrapper.spef line 8793, net ANTENNA_118 not found.
Warning: /foss/designs/_bench7_caravel_v1034_cleanroom/caravel_r11/phase3/stage3/extracted/user_project_wrapper.spef line 8805, net ANTENNA_110 not found.
Warning: /foss/designs/_bench7_caravel_v1034_cleanroom/caravel_r11/phase3/stage3/extracted/user_project_wrapper.spef line 8806, net ANTENNA_119 not found.
Warning: /foss/designs/_bench7_caravel_v1034_cleanroom/caravel_r11/phase3/stage3/extracted/user_project_wrapper.spef line 8807, net ANTENNA_119 not found.
Warning: /foss/designs/_bench7_caravel_v1034_cleanroom/caravel_r11/phase3/stage3/extracted/user_project_wrapper.spef line 8808, net ANTENNA_120 not found.
Warning: /foss/designs/_bench7_caravel_v1034_cleanroom/caravel_r11/phase3/stage3/extracted/user_project_wrapper.spef line 8809, net ANTENNA_120 not found.
Warning: /foss/designs/_bench7_caravel_v1034_cleanroom/caravel_r11/phase3/stage3/extracted/user_project_wrapper.spef line 8815, net net8 not found.
Warning: /foss/designs/_bench7_caravel_v1034_cleanroom/caravel_r11/phase3/stage3/extracted/user_project_wrapper.spef line 8833, net clknet_0_mprj.counter.clk not found.
Warning: /foss/designs/_bench7_caravel_v1034_cleanroom/caravel_r11/phase3/stage3/extracted/user_project_wrapper.spef line 8834, net clknet_0_mprj.counter.clk not found.
Warning: /foss/designs/_bench7_caravel_v1034_cleanroom/caravel_r11/phase3/stage3/extracted/user_project_wrapper.spef line 8835, net clknet_0_mprj.counter.clk not found.
Warning: /foss/designs/_bench7_caravel_v1034_cleanroom/caravel_r11/phase3/stage3/extracted/user_project_wrapper.spef line 8838, net ANTENNA_119 not found.
Warning: /foss/designs/_bench7_caravel_v1034_cleanroom/caravel_r11/phase3/stage3/extracted/user_project_wrapper.spef line 8839, net ANTENNA_120 not found.
Warning: /foss/designs/_bench7_caravel_v1034_cleanroom/caravel_r11/phase3/stage3/extracted/user_project_wrapper.spef line 8840, net net2 not found.
Warning: /foss/designs/_bench7_caravel_v1034_cleanroom/caravel_r11/phase3/stage3/extracted/user_project_wrapper.spef line 8844, net ANTENNA_118 not found.
Warning: /foss/designs/_bench7_caravel_v1034_cleanroom/caravel_r11/phase3/stage3/extracted/user_project_wrapper.spef line 8846, net ANTENNA_117 not found.
Warning: /foss/designs/_bench7_caravel_v1034_cleanroom/caravel_r11/phase3/stage3/extracted/user_project_wrapper.spef line 8848, net ANTENNA_116 not found.
Warning: /foss/designs/_bench7_caravel_v1034_cleanroom/caravel_r11/phase3/stage3/extracted/user_project_wrapper.spef line 8850, net ANTENNA_115 not found.
Warning: /foss/designs/_bench7_caravel_v1034_cleanroom/caravel_r11/phase3/stage3/extracted/user_project_wrapper.spef line 8852, net ANTENNA_114 not found.
Warning: /foss/designs/_bench7_caravel_v1034_cleanroom/caravel_r11/phase3/stage3/extracted/user_project_wrapper.spef line 8854, net ANTENNA_113 not found.
Warning: /foss/designs/_bench7_caravel_v1034_cleanroom/caravel_r11/phase3/stage3/extracted/user_project_wrapper.spef line 8856, net ANTENNA_112 not found.
Warning: /foss/designs/_bench7_caravel_v1034_cleanroom/caravel_r11/phase3/stage3/extracted/user_project_wrapper.spef line 8858, net ANTENNA_111 not found.
Warning: /foss/designs/_bench7_caravel_v1034_cleanroom/caravel_r11/phase3/stage3/extracted/user_project_wrapper.spef line 8859, net ANTENNA_110 not found.
Warning: /foss/designs/_bench7_caravel_v1034_cleanroom/caravel_r11/phase3/stage3/extracted/user_project_wrapper.spef line 8860, net ANTENNA_110 not found.
Warning: /foss/designs/_bench7_caravel_v1034_cleanroom/caravel_r11/phase3/stage3/extracted/user_project_wrapper.spef line 8863, net ANTENNA_119 not found.
Warning: /foss/designs/_bench7_caravel_v1034_cleanroom/caravel_r11/phase3/stage3/extracted/user_project_wrapper.spef line 8864, net ANTENNA_120 not found.
Warning: /foss/designs/_bench7_caravel_v1034_cleanroom/caravel_r11/phase3/stage3/extracted/user_project_wrapper.spef line 8869, instance ANTENNA_130 not found.
Warning: /foss/designs/_bench7_caravel_v1034_cleanroom/caravel_r11/phase3/stage3/extracted/user_project_wrapper.spef line 8870, instance ANTENNA_128 not found.
Warning: /foss/designs/_bench7_caravel_v1034_cleanroom/caravel_r11/phase3/stage3/extracted/user_project_wrapper.spef line 8871, instance ANTENNA_126 not found.
Warning: /foss/designs/_bench7_caravel_v1034_cleanroom/caravel_r11/phase3/stage3/extracted/user_project_wrapper.spef line 8872, instance ANTENNA_124 not found.
Warning: /foss/designs/_bench7_caravel_v1034_cleanroom/caravel_r11/phase3/stage3/extracted/user_project_wrapper.spef line 8873, instance ANTENNA_122 not found.
Warning: /foss/designs/_bench7_caravel_v1034_cleanroom/caravel_r11/phase3/stage3/extracted/user_project_wrapper.spef line 8874, instance ANTENNA_121 not found.
Warning: /foss/designs/_bench7_caravel_v1034_cleanroom/caravel_r11/phase3/stage3/extracted/user_project_wrapper.spef line 8876, instance ANTENNA_123 not found.
Warning: /foss/designs/_bench7_caravel_v1034_cleanroom/caravel_r11/phase3/stage3/extracted/user_project_wrapper.spef line 8877, instance ANTENNA_125 not found.
Warning: /foss/designs/_bench7_caravel_v1034_cleanroom/caravel_r11/phase3/stage3/extracted/user_project_wrapper.spef line 8878, instance ANTENNA_127 not found.
Warning: /foss/designs/_bench7_caravel_v1034_cleanroom/caravel_r11/phase3/stage3/extracted/user_project_wrapper.spef line 8879, instance ANTENNA_129 not found.
Warning: /foss/designs/_bench7_caravel_v1034_cleanroom/caravel_r11/phase3/stage3/extracted/user_project_wrapper.spef line 8880, instance ANTENNA_131 not found.
Warning: /foss/designs/_bench7_caravel_v1034_cleanroom/caravel_r11/phase3/stage3/extracted/user_project_wrapper.spef line 8884, net ANTENNA_130 not found.
Warning: /foss/designs/_bench7_caravel_v1034_cleanroom/caravel_r11/phase3/stage3/extracted/user_project_wrapper.spef line 8885, net ANTENNA_128 not found.
Warning: /foss/designs/_bench7_caravel_v1034_cleanroom/caravel_r11/phase3/stage3/extracted/user_project_wrapper.spef line 8886, net ANTENNA_126 not found.
Warning: /foss/designs/_bench7_caravel_v1034_cleanroom/caravel_r11/phase3/stage3/extracted/user_project_wrapper.spef line 8887, net ANTENNA_124 not found.
Warning: /foss/designs/_bench7_caravel_v1034_cleanroom/caravel_r11/phase3/stage3/extracted/user_project_wrapper.spef line 8888, net ANTENNA_122 not found.
Warning: /foss/designs/_bench7_caravel_v1034_cleanroom/caravel_r11/phase3/stage3/extracted/user_project_wrapper.spef line 8889, net ANTENNA_121 not found.
Warning: /foss/designs/_bench7_caravel_v1034_cleanroom/caravel_r11/phase3/stage3/extracted/user_project_wrapper.spef line 8891, net ANTENNA_123 not found.
Warning: /foss/designs/_bench7_caravel_v1034_cleanroom/caravel_r11/phase3/stage3/extracted/user_project_wrapper.spef line 8892, net ANTENNA_125 not found.
Warning: /foss/designs/_bench7_caravel_v1034_cleanroom/caravel_r11/phase3/stage3/extracted/user_project_wrapper.spef line 8893, net ANTENNA_127 not found.
Warning: /foss/designs/_bench7_caravel_v1034_cleanroom/caravel_r11/phase3/stage3/extracted/user_project_wrapper.spef line 8894, net ANTENNA_129 not found.
Warning: /foss/designs/_bench7_caravel_v1034_cleanroom/caravel_r11/phase3/stage3/extracted/user_project_wrapper.spef line 8895, net ANTENNA_131 not found.
Warning: /foss/designs/_bench7_caravel_v1034_cleanroom/caravel_r11/phase3/stage3/extracted/user_project_wrapper.spef line 8911, net net13 not found.
Warning: /foss/designs/_bench7_caravel_v1034_cleanroom/caravel_r11/phase3/stage3/extracted/user_project_wrapper.spef line 8912, net net10 not found.
Warning: /foss/designs/_bench7_caravel_v1034_cleanroom/caravel_r11/phase3/stage3/extracted/user_project_wrapper.spef line 8914, net net14 not found.
Warning: /foss/designs/_bench7_caravel_v1034_cleanroom/caravel_r11/phase3/stage3/extracted/user_project_wrapper.spef line 8915, net net13 not found.
Warning: /foss/designs/_bench7_caravel_v1034_cleanroom/caravel_r11/phase3/stage3/extracted/user_project_wrapper.spef line 8916, net net10 not found.
Warning: /foss/designs/_bench7_caravel_v1034_cleanroom/caravel_r11/phase3/stage3/extracted/user_project_wrapper.spef line 8938, net ANTENNA_131 not found.
Warning: /foss/designs/_bench7_caravel_v1034_cleanroom/caravel_r11/phase3/stage3/extracted/user_project_wrapper.spef line 8940, net ANTENNA_129 not found.
Warning: /foss/designs/_bench7_caravel_v1034_cleanroom/caravel_r11/phase3/stage3/extracted/user_project_wrapper.spef line 8942, net ANTENNA_127 not found.
Warning: /foss/designs/_bench7_caravel_v1034_cleanroom/caravel_r11/phase3/stage3/extracted/user_project_wrapper.spef line 8944, net ANTENNA_125 not found.
Warning: /foss/designs/_bench7_caravel_v1034_cleanroom/caravel_r11/phase3/stage3/extracted/user_project_wrapper.spef line 8946, net ANTENNA_123 not found.
Warning: /foss/designs/_bench7_caravel_v1034_cleanroom/caravel_r11/phase3/stage3/extracted/user_project_wrapper.spef line 8950, net ANTENNA_121 not found.
Warning: /foss/designs/_bench7_caravel_v1034_cleanroom/caravel_r11/phase3/stage3/extracted/user_project_wrapper.spef line 8952, net ANTENNA_122 not found.
Warning: /foss/designs/_bench7_caravel_v1034_cleanroom/caravel_r11/phase3/stage3/extracted/user_project_wrapper.spef line 8954, net ANTENNA_124 not found.
Warning: /foss/designs/_bench7_caravel_v1034_cleanroom/caravel_r11/phase3/stage3/extracted/user_project_wrapper.spef line 8956, net ANTENNA_126 not found.
Warning: /foss/designs/_bench7_caravel_v1034_cleanroom/caravel_r11/phase3/stage3/extracted/user_project_wrapper.spef line 8958, net ANTENNA_128 not found.
Warning: /foss/designs/_bench7_caravel_v1034_cleanroom/caravel_r11/phase3/stage3/extracted/user_project_wrapper.spef line 8959, net ANTENNA_130 not found.
Warning: /foss/designs/_bench7_caravel_v1034_cleanroom/caravel_r11/phase3/stage3/extracted/user_project_wrapper.spef line 8964, instance ANTENNA_142 not found.
Warning: /foss/designs/_bench7_caravel_v1034_cleanroom/caravel_r11/phase3/stage3/extracted/user_project_wrapper.spef line 8965, instance ANTENNA_141 not found.
Warning: /foss/designs/_bench7_caravel_v1034_cleanroom/caravel_r11/phase3/stage3/extracted/user_project_wrapper.spef line 8966, instance ANTENNA_139 not found.
Warning: /foss/designs/_bench7_caravel_v1034_cleanroom/caravel_r11/phase3/stage3/extracted/user_project_wrapper.spef line 8967, instance ANTENNA_137 not found.
Warning: /foss/designs/_bench7_caravel_v1034_cleanroom/caravel_r11/phase3/stage3/extracted/user_project_wrapper.spef line 8968, instance ANTENNA_135 not found.
Warning: /foss/designs/_bench7_caravel_v1034_cleanroom/caravel_r11/phase3/stage3/extracted/user_project_wrapper.spef line 8970, instance ANTENNA_132 not found.
Warning: /foss/designs/_bench7_caravel_v1034_cleanroom/caravel_r11/phase3/stage3/extracted/user_project_wrapper.spef line 8971, instance ANTENNA_133 not found.
Warning: /foss/designs/_bench7_caravel_v1034_cleanroom/caravel_r11/phase3/stage3/extracted/user_project_wrapper.spef line 8972, instance ANTENNA_134 not found.
Warning: /foss/designs/_bench7_caravel_v1034_cleanroom/caravel_r11/phase3/stage3/extracted/user_project_wrapper.spef line 8973, instance ANTENNA_136 not found.
Warning: /foss/designs/_bench7_caravel_v1034_cleanroom/caravel_r11/phase3/stage3/extracted/user_project_wrapper.spef line 8974, instance ANTENNA_138 not found.
Warning: /foss/designs/_bench7_caravel_v1034_cleanroom/caravel_r11/phase3/stage3/extracted/user_project_wrapper.spef line 8975, instance ANTENNA_140 not found.
Warning: /foss/designs/_bench7_caravel_v1034_cleanroom/caravel_r11/phase3/stage3/extracted/user_project_wrapper.spef line 8979, net ANTENNA_142 not found.
Warning: /foss/designs/_bench7_caravel_v1034_cleanroom/caravel_r11/phase3/stage3/extracted/user_project_wrapper.spef line 8980, net ANTENNA_141 not found.
Warning: /foss/designs/_bench7_caravel_v1034_cleanroom/caravel_r11/phase3/stage3/extracted/user_project_wrapper.spef line 8981, net ANTENNA_139 not found.
Warning: /foss/designs/_bench7_caravel_v1034_cleanroom/caravel_r11/phase3/stage3/extracted/user_project_wrapper.spef line 8982, net ANTENNA_137 not found.
Warning: /foss/designs/_bench7_caravel_v1034_cleanroom/caravel_r11/phase3/stage3/extracted/user_project_wrapper.spef line 8983, net ANTENNA_135 not found.
Warning: /foss/designs/_bench7_caravel_v1034_cleanroom/caravel_r11/phase3/stage3/extracted/user_project_wrapper.spef line 8985, net ANTENNA_132 not found.
Warning: /foss/designs/_bench7_caravel_v1034_cleanroom/caravel_r11/phase3/stage3/extracted/user_project_wrapper.spef line 8986, net ANTENNA_133 not found.
Warning: /foss/designs/_bench7_caravel_v1034_cleanroom/caravel_r11/phase3/stage3/extracted/user_project_wrapper.spef line 8987, net ANTENNA_134 not found.
Warning: /foss/designs/_bench7_caravel_v1034_cleanroom/caravel_r11/phase3/stage3/extracted/user_project_wrapper.spef line 8988, net ANTENNA_136 not found.
Warning: /foss/designs/_bench7_caravel_v1034_cleanroom/caravel_r11/phase3/stage3/extracted/user_project_wrapper.spef line 8989, net ANTENNA_138 not found.
Warning: /foss/designs/_bench7_caravel_v1034_cleanroom/caravel_r11/phase3/stage3/extracted/user_project_wrapper.spef line 8990, net ANTENNA_140 not found.
Warning: /foss/designs/_bench7_caravel_v1034_cleanroom/caravel_r11/phase3/stage3/extracted/user_project_wrapper.spef line 9000, net ANTENNA_132 not found.
Warning: /foss/designs/_bench7_caravel_v1034_cleanroom/caravel_r11/phase3/stage3/extracted/user_project_wrapper.spef line 9001, net ANTENNA_132 not found.
Warning: /foss/designs/_bench7_caravel_v1034_cleanroom/caravel_r11/phase3/stage3/extracted/user_project_wrapper.spef line 9002, net ANTENNA_139 not found.
Warning: /foss/designs/_bench7_caravel_v1034_cleanroom/caravel_r11/phase3/stage3/extracted/user_project_wrapper.spef line 9003, net ANTENNA_139 not found.
Warning: /foss/designs/_bench7_caravel_v1034_cleanroom/caravel_r11/phase3/stage3/extracted/user_project_wrapper.spef line 9004, net ANTENNA_140 not found.
Warning: /foss/designs/_bench7_caravel_v1034_cleanroom/caravel_r11/phase3/stage3/extracted/user_project_wrapper.spef line 9005, net ANTENNA_142 not found.
Warning: /foss/designs/_bench7_caravel_v1034_cleanroom/caravel_r11/phase3/stage3/extracted/user_project_wrapper.spef line 9035, net ANTENNA_140 not found.
Warning: /foss/designs/_bench7_caravel_v1034_cleanroom/caravel_r11/phase3/stage3/extracted/user_project_wrapper.spef line 9039, net ANTENNA_140 not found.
Warning: /foss/designs/_bench7_caravel_v1034_cleanroom/caravel_r11/phase3/stage3/extracted/user_project_wrapper.spef line 9040, net ANTENNA_140 not found.
Warning: /foss/designs/_bench7_caravel_v1034_cleanroom/caravel_r11/phase3/stage3/extracted/user_project_wrapper.spef line 9041, net ANTENNA_138 not found.
Warning: /foss/designs/_bench7_caravel_v1034_cleanroom/caravel_r11/phase3/stage3/extracted/user_project_wrapper.spef line 9043, net ANTENNA_136 not found.
Warning: /foss/designs/_bench7_caravel_v1034_cleanroom/caravel_r11/phase3/stage3/extracted/user_project_wrapper.spef line 9045, net ANTENNA_134 not found.
Warning: /foss/designs/_bench7_caravel_v1034_cleanroom/caravel_r11/phase3/stage3/extracted/user_project_wrapper.spef line 9047, net ANTENNA_133 not found.
Warning: /foss/designs/_bench7_caravel_v1034_cleanroom/caravel_r11/phase3/stage3/extracted/user_project_wrapper.spef line 9048, net ANTENNA_132 not found.
Warning: /foss/designs/_bench7_caravel_v1034_cleanroom/caravel_r11/phase3/stage3/extracted/user_project_wrapper.spef line 9049, net ANTENNA_132 not found.
Warning: /foss/designs/_bench7_caravel_v1034_cleanroom/caravel_r11/phase3/stage3/extracted/user_project_wrapper.spef line 9052, net ANTENNA_135 not found.
Warning: /foss/designs/_bench7_caravel_v1034_cleanroom/caravel_r11/phase3/stage3/extracted/user_project_wrapper.spef line 9054, net ANTENNA_137 not found.
Warning: /foss/designs/_bench7_caravel_v1034_cleanroom/caravel_r11/phase3/stage3/extracted/user_project_wrapper.spef line 9055, net ANTENNA_139 not found.
Warning: /foss/designs/_bench7_caravel_v1034_cleanroom/caravel_r11/phase3/stage3/extracted/user_project_wrapper.spef line 9056, net ANTENNA_139 not found.
Warning: /foss/designs/_bench7_caravel_v1034_cleanroom/caravel_r11/phase3/stage3/extracted/user_project_wrapper.spef line 9057, net ANTENNA_141 not found.
Warning: /foss/designs/_bench7_caravel_v1034_cleanroom/caravel_r11/phase3/stage3/extracted/user_project_wrapper.spef line 9058, net ANTENNA_142 not found.
Warning: /foss/designs/_bench7_caravel_v1034_cleanroom/caravel_r11/phase3/stage3/extracted/user_project_wrapper.spef line 9063, instance ANTENNA_153 not found.
Warning: /foss/designs/_bench7_caravel_v1034_cleanroom/caravel_r11/phase3/stage3/extracted/user_project_wrapper.spef line 9064, instance ANTENNA_147 not found.
Warning: /foss/designs/_bench7_caravel_v1034_cleanroom/caravel_r11/phase3/stage3/extracted/user_project_wrapper.spef line 9065, instance ANTENNA_145 not found.
Warning: /foss/designs/_bench7_caravel_v1034_cleanroom/caravel_r11/phase3/stage3/extracted/user_project_wrapper.spef line 9067, instance ANTENNA_143 not found.
Warning: /foss/designs/_bench7_caravel_v1034_cleanroom/caravel_r11/phase3/stage3/extracted/user_project_wrapper.spef line 9068, instance ANTENNA_144 not found.
Warning: /foss/designs/_bench7_caravel_v1034_cleanroom/caravel_r11/phase3/stage3/extracted/user_project_wrapper.spef line 9069, instance ANTENNA_146 not found.
Warning: /foss/designs/_bench7_caravel_v1034_cleanroom/caravel_r11/phase3/stage3/extracted/user_project_wrapper.spef line 9070, instance ANTENNA_148 not found.
Warning: /foss/designs/_bench7_caravel_v1034_cleanroom/caravel_r11/phase3/stage3/extracted/user_project_wrapper.spef line 9071, instance ANTENNA_149 not found.
Warning: /foss/designs/_bench7_caravel_v1034_cleanroom/caravel_r11/phase3/stage3/extracted/user_project_wrapper.spef line 9072, instance ANTENNA_150 not found.
Warning: /foss/designs/_bench7_caravel_v1034_cleanroom/caravel_r11/phase3/stage3/extracted/user_project_wrapper.spef line 9073, instance ANTENNA_151 not found.
Warning: /foss/designs/_bench7_caravel_v1034_cleanroom/caravel_r11/phase3/stage3/extracted/user_project_wrapper.spef line 9074, instance ANTENNA_152 not found.
Warning: /foss/designs/_bench7_caravel_v1034_cleanroom/caravel_r11/phase3/stage3/extracted/user_project_wrapper.spef line 9078, net ANTENNA_153 not found.
Warning: /foss/designs/_bench7_caravel_v1034_cleanroom/caravel_r11/phase3/stage3/extracted/user_project_wrapper.spef line 9079, net ANTENNA_147 not found.
Warning: /foss/designs/_bench7_caravel_v1034_cleanroom/caravel_r11/phase3/stage3/extracted/user_project_wrapper.spef line 9080, net ANTENNA_145 not found.
Warning: /foss/designs/_bench7_caravel_v1034_cleanroom/caravel_r11/phase3/stage3/extracted/user_project_wrapper.spef line 9082, net ANTENNA_143 not found.
Warning: /foss/designs/_bench7_caravel_v1034_cleanroom/caravel_r11/phase3/stage3/extracted/user_project_wrapper.spef line 9083, net ANTENNA_144 not found.
Warning: /foss/designs/_bench7_caravel_v1034_cleanroom/caravel_r11/phase3/stage3/extracted/user_project_wrapper.spef line 9084, net ANTENNA_146 not found.
Warning: /foss/designs/_bench7_caravel_v1034_cleanroom/caravel_r11/phase3/stage3/extracted/user_project_wrapper.spef line 9085, net ANTENNA_148 not found.
Warning: /foss/designs/_bench7_caravel_v1034_cleanroom/caravel_r11/phase3/stage3/extracted/user_project_wrapper.spef line 9086, net ANTENNA_149 not found.
Warning: /foss/designs/_bench7_caravel_v1034_cleanroom/caravel_r11/phase3/stage3/extracted/user_project_wrapper.spef line 9087, net ANTENNA_150 not found.
Warning: /foss/designs/_bench7_caravel_v1034_cleanroom/caravel_r11/phase3/stage3/extracted/user_project_wrapper.spef line 9088, net ANTENNA_151 not found.
Warning: /foss/designs/_bench7_caravel_v1034_cleanroom/caravel_r11/phase3/stage3/extracted/user_project_wrapper.spef line 9089, net ANTENNA_152 not found.
Warning: /foss/designs/_bench7_caravel_v1034_cleanroom/caravel_r11/phase3/stage3/extracted/user_project_wrapper.spef line 9101, net ANTENNA_143 not found.
Warning: /foss/designs/_bench7_caravel_v1034_cleanroom/caravel_r11/phase3/stage3/extracted/user_project_wrapper.spef line 9102, net ANTENNA_143 not found.
Warning: /foss/designs/_bench7_caravel_v1034_cleanroom/caravel_r11/phase3/stage3/extracted/user_project_wrapper.spef line 9103, net ANTENNA_153 not found.
Warning: /foss/designs/_bench7_caravel_v1034_cleanroom/caravel_r11/phase3/stage3/extracted/user_project_wrapper.spef line 9104, net ANTENNA_153 not found.
Warning: /foss/designs/_bench7_caravel_v1034_cleanroom/caravel_r11/phase3/stage3/extracted/user_project_wrapper.spef line 9105, net ANTENNA_153 not found.
Warning: /foss/designs/_bench7_caravel_v1034_cleanroom/caravel_r11/phase3/stage3/extracted/user_project_wrapper.spef line 9106, net ANTENNA_153 not found.
Warning: /foss/designs/_bench7_caravel_v1034_cleanroom/caravel_r11/phase3/stage3/extracted/user_project_wrapper.spef line 9107, net ANTENNA_153 not found.
Warning: /foss/designs/_bench7_caravel_v1034_cleanroom/caravel_r11/phase3/stage3/extracted/user_project_wrapper.spef line 9108, net ANTENNA_153 not found.
Warning: /foss/designs/_bench7_caravel_v1034_cleanroom/caravel_r11/phase3/stage3/extracted/user_project_wrapper.spef line 9137, net ANTENNA_153 not found.
Warning: /foss/designs/_bench7_caravel_v1034_cleanroom/caravel_r11/phase3/stage3/extracted/user_project_wrapper.spef line 9138, net ANTENNA_153 not found.
Warning: /foss/designs/_bench7_caravel_v1034_cleanroom/caravel_r11/phase3/stage3/extracted/user_project_wrapper.spef line 9146, net ANTENNA_152 not found.
Warning: /foss/designs/_bench7_caravel_v1034_cleanroom/caravel_r11/phase3/stage3/extracted/user_project_wrapper.spef line 9148, net ANTENNA_151 not found.
Warning: /foss/designs/_bench7_caravel_v1034_cleanroom/caravel_r11/phase3/stage3/extracted/user_project_wrapper.spef line 9150, net ANTENNA_150 not found.
Warning: /foss/designs/_bench7_caravel_v1034_cleanroom/caravel_r11/phase3/stage3/extracted/user_project_wrapper.spef line 9152, net ANTENNA_149 not found.
Warning: /foss/designs/_bench7_caravel_v1034_cleanroom/caravel_r11/phase3/stage3/extracted/user_project_wrapper.spef line 9154, net ANTENNA_148 not found.
Warning: /foss/designs/_bench7_caravel_v1034_cleanroom/caravel_r11/phase3/stage3/extracted/user_project_wrapper.spef line 9156, net ANTENNA_146 not found.
Warning: /foss/designs/_bench7_caravel_v1034_cleanroom/caravel_r11/phase3/stage3/extracted/user_project_wrapper.spef line 9158, net ANTENNA_144 not found.
Warning: /foss/designs/_bench7_caravel_v1034_cleanroom/caravel_r11/phase3/stage3/extracted/user_project_wrapper.spef line 9159, net ANTENNA_143 not found.
Warning: /foss/designs/_bench7_caravel_v1034_cleanroom/caravel_r11/phase3/stage3/extracted/user_project_wrapper.spef line 9160, net ANTENNA_143 not found.
Warning: /foss/designs/_bench7_caravel_v1034_cleanroom/caravel_r11/phase3/stage3/extracted/user_project_wrapper.spef line 9161, net ANTENNA_143 not found.
Warning: /foss/designs/_bench7_caravel_v1034_cleanroom/caravel_r11/phase3/stage3/extracted/user_project_wrapper.spef line 9162, net ANTENNA_145 not found.
Warning: /foss/designs/_bench7_caravel_v1034_cleanroom/caravel_r11/phase3/stage3/extracted/user_project_wrapper.spef line 9164, net ANTENNA_147 not found.
Warning: /foss/designs/_bench7_caravel_v1034_cleanroom/caravel_r11/phase3/stage3/extracted/user_project_wrapper.spef line 9165, net ANTENNA_153 not found.
Warning: /foss/designs/_bench7_caravel_v1034_cleanroom/caravel_r11/phase3/stage3/extracted/user_project_wrapper.spef line 9170, instance ANTENNA_154 not found.
Warning: /foss/designs/_bench7_caravel_v1034_cleanroom/caravel_r11/phase3/stage3/extracted/user_project_wrapper.spef line 9171, instance ANTENNA_164 not found.
Warning: /foss/designs/_bench7_caravel_v1034_cleanroom/caravel_r11/phase3/stage3/extracted/user_project_wrapper.spef line 9172, instance ANTENNA_163 not found.
Warning: /foss/designs/_bench7_caravel_v1034_cleanroom/caravel_r11/phase3/stage3/extracted/user_project_wrapper.spef line 9173, instance ANTENNA_162 not found.
Warning: /foss/designs/_bench7_caravel_v1034_cleanroom/caravel_r11/phase3/stage3/extracted/user_project_wrapper.spef line 9174, instance ANTENNA_158 not found.
Warning: /foss/designs/_bench7_caravel_v1034_cleanroom/caravel_r11/phase3/stage3/extracted/user_project_wrapper.spef line 9175, instance ANTENNA_157 not found.
Warning: /foss/designs/_bench7_caravel_v1034_cleanroom/caravel_r11/phase3/stage3/extracted/user_project_wrapper.spef line 9176, instance ANTENNA_156 not found.
Warning: /foss/designs/_bench7_caravel_v1034_cleanroom/caravel_r11/phase3/stage3/extracted/user_project_wrapper.spef line 9177, instance ANTENNA_155 not found.
Warning: /foss/designs/_bench7_caravel_v1034_cleanroom/caravel_r11/phase3/stage3/extracted/user_project_wrapper.spef line 9179, instance ANTENNA_159 not found.
Warning: /foss/designs/_bench7_caravel_v1034_cleanroom/caravel_r11/phase3/stage3/extracted/user_project_wrapper.spef line 9180, instance ANTENNA_160 not found.
Warning: /foss/designs/_bench7_caravel_v1034_cleanroom/caravel_r11/phase3/stage3/extracted/user_project_wrapper.spef line 9181, instance ANTENNA_161 not found.
Warning: /foss/designs/_bench7_caravel_v1034_cleanroom/caravel_r11/phase3/stage3/extracted/user_project_wrapper.spef line 9185, net ANTENNA_154 not found.
Warning: /foss/designs/_bench7_caravel_v1034_cleanroom/caravel_r11/phase3/stage3/extracted/user_project_wrapper.spef line 9186, net ANTENNA_164 not found.
Warning: /foss/designs/_bench7_caravel_v1034_cleanroom/caravel_r11/phase3/stage3/extracted/user_project_wrapper.spef line 9187, net ANTENNA_163 not found.
Warning: /foss/designs/_bench7_caravel_v1034_cleanroom/caravel_r11/phase3/stage3/extracted/user_project_wrapper.spef line 9188, net ANTENNA_162 not found.
Warning: /foss/designs/_bench7_caravel_v1034_cleanroom/caravel_r11/phase3/stage3/extracted/user_project_wrapper.spef line 9189, net ANTENNA_158 not found.
Warning: /foss/designs/_bench7_caravel_v1034_cleanroom/caravel_r11/phase3/stage3/extracted/user_project_wrapper.spef line 9190, net ANTENNA_157 not found.
Warning: /foss/designs/_bench7_caravel_v1034_cleanroom/caravel_r11/phase3/stage3/extracted/user_project_wrapper.spef line 9191, net ANTENNA_156 not found.
Warning: /foss/designs/_bench7_caravel_v1034_cleanroom/caravel_r11/phase3/stage3/extracted/user_project_wrapper.spef line 9192, net ANTENNA_155 not found.
Warning: /foss/designs/_bench7_caravel_v1034_cleanroom/caravel_r11/phase3/stage3/extracted/user_project_wrapper.spef line 9194, net ANTENNA_159 not found.
Warning: /foss/designs/_bench7_caravel_v1034_cleanroom/caravel_r11/phase3/stage3/extracted/user_project_wrapper.spef line 9195, net ANTENNA_160 not found.
Warning: /foss/designs/_bench7_caravel_v1034_cleanroom/caravel_r11/phase3/stage3/extracted/user_project_wrapper.spef line 9196, net ANTENNA_161 not found.
Warning: /foss/designs/_bench7_caravel_v1034_cleanroom/caravel_r11/phase3/stage3/extracted/user_project_wrapper.spef line 9209, net ANTENNA_164 not found.
Warning: /foss/designs/_bench7_caravel_v1034_cleanroom/caravel_r11/phase3/stage3/extracted/user_project_wrapper.spef line 9214, net clknet_2_0__leaf_mprj.counter.clk not found.
Warning: /foss/designs/_bench7_caravel_v1034_cleanroom/caravel_r11/phase3/stage3/extracted/user_project_wrapper.spef line 9215, net clknet_2_0__leaf_mprj.counter.clk not found.
Warning: /foss/designs/_bench7_caravel_v1034_cleanroom/caravel_r11/phase3/stage3/extracted/user_project_wrapper.spef line 9216, net clknet_2_0__leaf_mprj.counter.clk not found.
Warning: /foss/designs/_bench7_caravel_v1034_cleanroom/caravel_r11/phase3/stage3/extracted/user_project_wrapper.spef line 9242, net ANTENNA_161 not found.
Warning: /foss/designs/_bench7_caravel_v1034_cleanroom/caravel_r11/phase3/stage3/extracted/user_project_wrapper.spef line 9244, net ANTENNA_160 not found.
Warning: /foss/designs/_bench7_caravel_v1034_cleanroom/caravel_r11/phase3/stage3/extracted/user_project_wrapper.spef line 9246, net ANTENNA_159 not found.
Warning: /foss/designs/_bench7_caravel_v1034_cleanroom/caravel_r11/phase3/stage3/extracted/user_project_wrapper.spef line 9251, net ANTENNA_155 not found.
Warning: /foss/designs/_bench7_caravel_v1034_cleanroom/caravel_r11/phase3/stage3/extracted/user_project_wrapper.spef line 9253, net ANTENNA_156 not found.
Warning: /foss/designs/_bench7_caravel_v1034_cleanroom/caravel_r11/phase3/stage3/extracted/user_project_wrapper.spef line 9255, net ANTENNA_157 not found.
Warning: /foss/designs/_bench7_caravel_v1034_cleanroom/caravel_r11/phase3/stage3/extracted/user_project_wrapper.spef line 9257, net ANTENNA_158 not found.
Warning: /foss/designs/_bench7_caravel_v1034_cleanroom/caravel_r11/phase3/stage3/extracted/user_project_wrapper.spef line 9259, net ANTENNA_162 not found.
Warning: /foss/designs/_bench7_caravel_v1034_cleanroom/caravel_r11/phase3/stage3/extracted/user_project_wrapper.spef line 9261, net ANTENNA_163 not found.
Warning: /foss/designs/_bench7_caravel_v1034_cleanroom/caravel_r11/phase3/stage3/extracted/user_project_wrapper.spef line 9262, net ANTENNA_164 not found.
Warning: /foss/designs/_bench7_caravel_v1034_cleanroom/caravel_r11/phase3/stage3/extracted/user_project_wrapper.spef line 9263, net ANTENNA_154 not found.
Warning: /foss/designs/_bench7_caravel_v1034_cleanroom/caravel_r11/phase3/stage3/extracted/user_project_wrapper.spef line 9268, instance ANTENNA_171 not found.
Warning: /foss/designs/_bench7_caravel_v1034_cleanroom/caravel_r11/phase3/stage3/extracted/user_project_wrapper.spef line 9269, instance ANTENNA_175 not found.
Warning: /foss/designs/_bench7_caravel_v1034_cleanroom/caravel_r11/phase3/stage3/extracted/user_project_wrapper.spef line 9270, instance ANTENNA_172 not found.
Warning: /foss/designs/_bench7_caravel_v1034_cleanroom/caravel_r11/phase3/stage3/extracted/user_project_wrapper.spef line 9272, instance ANTENNA_169 not found.
Warning: /foss/designs/_bench7_caravel_v1034_cleanroom/caravel_r11/phase3/stage3/extracted/user_project_wrapper.spef line 9273, instance ANTENNA_173 not found.
Warning: /foss/designs/_bench7_caravel_v1034_cleanroom/caravel_r11/phase3/stage3/extracted/user_project_wrapper.spef line 9274, instance ANTENNA_167 not found.
Warning: /foss/designs/_bench7_caravel_v1034_cleanroom/caravel_r11/phase3/stage3/extracted/user_project_wrapper.spef line 9275, instance ANTENNA_168 not found.
Warning: /foss/designs/_bench7_caravel_v1034_cleanroom/caravel_r11/phase3/stage3/extracted/user_project_wrapper.spef line 9276, instance ANTENNA_170 not found.
Warning: /foss/designs/_bench7_caravel_v1034_cleanroom/caravel_r11/phase3/stage3/extracted/user_project_wrapper.spef line 9277, instance ANTENNA_174 not found.
Warning: /foss/designs/_bench7_caravel_v1034_cleanroom/caravel_r11/phase3/stage3/extracted/user_project_wrapper.spef line 9278, instance ANTENNA_165 not found.
Warning: /foss/designs/_bench7_caravel_v1034_cleanroom/caravel_r11/phase3/stage3/extracted/user_project_wrapper.spef line 9279, instance ANTENNA_166 not found.
Warning: /foss/designs/_bench7_caravel_v1034_cleanroom/caravel_r11/phase3/stage3/extracted/user_project_wrapper.spef line 9283, net ANTENNA_171 not found.
Warning: /foss/designs/_bench7_caravel_v1034_cleanroom/caravel_r11/phase3/stage3/extracted/user_project_wrapper.spef line 9284, net ANTENNA_175 not found.
Warning: /foss/designs/_bench7_caravel_v1034_cleanroom/caravel_r11/phase3/stage3/extracted/user_project_wrapper.spef line 9285, net ANTENNA_172 not found.
Warning: /foss/designs/_bench7_caravel_v1034_cleanroom/caravel_r11/phase3/stage3/extracted/user_project_wrapper.spef line 9287, net ANTENNA_169 not found.
Warning: /foss/designs/_bench7_caravel_v1034_cleanroom/caravel_r11/phase3/stage3/extracted/user_project_wrapper.spef line 9288, net ANTENNA_173 not found.
Warning: /foss/designs/_bench7_caravel_v1034_cleanroom/caravel_r11/phase3/stage3/extracted/user_project_wrapper.spef line 9289, net ANTENNA_167 not found.
Warning: /foss/designs/_bench7_caravel_v1034_cleanroom/caravel_r11/phase3/stage3/extracted/user_project_wrapper.spef line 9290, net ANTENNA_168 not found.
Warning: /foss/designs/_bench7_caravel_v1034_cleanroom/caravel_r11/phase3/stage3/extracted/user_project_wrapper.spef line 9291, net ANTENNA_170 not found.
Warning: /foss/designs/_bench7_caravel_v1034_cleanroom/caravel_r11/phase3/stage3/extracted/user_project_wrapper.spef line 9292, net ANTENNA_174 not found.
Warning: /foss/designs/_bench7_caravel_v1034_cleanroom/caravel_r11/phase3/stage3/extracted/user_project_wrapper.spef line 9293, net ANTENNA_165 not found.
Warning: /foss/designs/_bench7_caravel_v1034_cleanroom/caravel_r11/phase3/stage3/extracted/user_project_wrapper.spef line 9294, net ANTENNA_166 not found.
Warning: /foss/designs/_bench7_caravel_v1034_cleanroom/caravel_r11/phase3/stage3/extracted/user_project_wrapper.spef line 9303, net ANTENNA_167 not found.
Warning: /foss/designs/_bench7_caravel_v1034_cleanroom/caravel_r11/phase3/stage3/extracted/user_project_wrapper.spef line 9303, net clkload0 not found.
Warning: /foss/designs/_bench7_caravel_v1034_cleanroom/caravel_r11/phase3/stage3/extracted/user_project_wrapper.spef line 9304, net ANTENNA_167 not found.
Warning: /foss/designs/_bench7_caravel_v1034_cleanroom/caravel_r11/phase3/stage3/extracted/user_project_wrapper.spef line 9305, net ANTENNA_167 not found.
Warning: /foss/designs/_bench7_caravel_v1034_cleanroom/caravel_r11/phase3/stage3/extracted/user_project_wrapper.spef line 9306, net ANTENNA_169 not found.
Warning: /foss/designs/_bench7_caravel_v1034_cleanroom/caravel_r11/phase3/stage3/extracted/user_project_wrapper.spef line 9307, net ANTENNA_169 not found.
Warning: /foss/designs/_bench7_caravel_v1034_cleanroom/caravel_r11/phase3/stage3/extracted/user_project_wrapper.spef line 9308, net ANTENNA_172 not found.
Warning: /foss/designs/_bench7_caravel_v1034_cleanroom/caravel_r11/phase3/stage3/extracted/user_project_wrapper.spef line 9308, net clkload0 not found.
Warning: /foss/designs/_bench7_caravel_v1034_cleanroom/caravel_r11/phase3/stage3/extracted/user_project_wrapper.spef line 9309, net ANTENNA_172 not found.
Warning: /foss/designs/_bench7_caravel_v1034_cleanroom/caravel_r11/phase3/stage3/extracted/user_project_wrapper.spef line 9310, net ANTENNA_172 not found.
Warning: /foss/designs/_bench7_caravel_v1034_cleanroom/caravel_r11/phase3/stage3/extracted/user_project_wrapper.spef line 9311, net ANTENNA_172 not found.
Warning: /foss/designs/_bench7_caravel_v1034_cleanroom/caravel_r11/phase3/stage3/extracted/user_project_wrapper.spef line 9312, net ANTENNA_172 not found.
Warning: /foss/designs/_bench7_caravel_v1034_cleanroom/caravel_r11/phase3/stage3/extracted/user_project_wrapper.spef line 9312, net clknet_0_mprj.counter.clk not found.
Warning: /foss/designs/_bench7_caravel_v1034_cleanroom/caravel_r11/phase3/stage3/extracted/user_project_wrapper.spef line 9317, net clknet_2_0__leaf_mprj.counter.clk not found.
Warning: /foss/designs/_bench7_caravel_v1034_cleanroom/caravel_r11/phase3/stage3/extracted/user_project_wrapper.spef line 9318, net clknet_2_0__leaf_mprj.counter.clk not found.
Warning: /foss/designs/_bench7_caravel_v1034_cleanroom/caravel_r11/phase3/stage3/extracted/user_project_wrapper.spef line 9337, net clknet_2_1__leaf_mprj.counter.clk not found.
Warning: /foss/designs/_bench7_caravel_v1034_cleanroom/caravel_r11/phase3/stage3/extracted/user_project_wrapper.spef line 9338, net clknet_2_1__leaf_mprj.counter.clk not found.
Warning: /foss/designs/_bench7_caravel_v1034_cleanroom/caravel_r11/phase3/stage3/extracted/user_project_wrapper.spef line 9342, net ANTENNA_110 not found.
Warning: /foss/designs/_bench7_caravel_v1034_cleanroom/caravel_r11/phase3/stage3/extracted/user_project_wrapper.spef line 9345, net ANTENNA_175 not found.
Warning: /foss/designs/_bench7_caravel_v1034_cleanroom/caravel_r11/phase3/stage3/extracted/user_project_wrapper.spef line 9347, net net2 not found.
Warning: /foss/designs/_bench7_caravel_v1034_cleanroom/caravel_r11/phase3/stage3/extracted/user_project_wrapper.spef line 9347, net ANTENNA_172 not found.
Warning: /foss/designs/_bench7_caravel_v1034_cleanroom/caravel_r11/phase3/stage3/extracted/user_project_wrapper.spef line 9348, net net2 not found.
Warning: /foss/designs/_bench7_caravel_v1034_cleanroom/caravel_r11/phase3/stage3/extracted/user_project_wrapper.spef line 9348, net ANTENNA_172 not found.
Warning: /foss/designs/_bench7_caravel_v1034_cleanroom/caravel_r11/phase3/stage3/extracted/user_project_wrapper.spef line 9349, net net2 not found.
Warning: /foss/designs/_bench7_caravel_v1034_cleanroom/caravel_r11/phase3/stage3/extracted/user_project_wrapper.spef line 9349, net ANTENNA_172 not found.
Warning: /foss/designs/_bench7_caravel_v1034_cleanroom/caravel_r11/phase3/stage3/extracted/user_project_wrapper.spef line 9350, net net2 not found.
Warning: /foss/designs/_bench7_caravel_v1034_cleanroom/caravel_r11/phase3/stage3/extracted/user_project_wrapper.spef line 9364, net ANTENNA_166 not found.
Warning: /foss/designs/_bench7_caravel_v1034_cleanroom/caravel_r11/phase3/stage3/extracted/user_project_wrapper.spef line 9365, net ANTENNA_165 not found.
Warning: /foss/designs/_bench7_caravel_v1034_cleanroom/caravel_r11/phase3/stage3/extracted/user_project_wrapper.spef line 9366, net ANTENNA_165 not found.
Warning: /foss/designs/_bench7_caravel_v1034_cleanroom/caravel_r11/phase3/stage3/extracted/user_project_wrapper.spef line 9369, net ANTENNA_174 not found.
Warning: /foss/designs/_bench7_caravel_v1034_cleanroom/caravel_r11/phase3/stage3/extracted/user_project_wrapper.spef line 9371, net ANTENNA_170 not found.
Warning: /foss/designs/_bench7_caravel_v1034_cleanroom/caravel_r11/phase3/stage3/extracted/user_project_wrapper.spef line 9373, net ANTENNA_168 not found.
Warning: /foss/designs/_bench7_caravel_v1034_cleanroom/caravel_r11/phase3/stage3/extracted/user_project_wrapper.spef line 9374, net ANTENNA_167 not found.
Warning: /foss/designs/_bench7_caravel_v1034_cleanroom/caravel_r11/phase3/stage3/extracted/user_project_wrapper.spef line 9375, net ANTENNA_173 not found.
Warning: /foss/designs/_bench7_caravel_v1034_cleanroom/caravel_r11/phase3/stage3/extracted/user_project_wrapper.spef line 9376, net ANTENNA_169 not found.
Warning: /foss/designs/_bench7_caravel_v1034_cleanroom/caravel_r11/phase3/stage3/extracted/user_project_wrapper.spef line 9378, net ANTENNA_167 not found.
Warning: /foss/designs/_bench7_caravel_v1034_cleanroom/caravel_r11/phase3/stage3/extracted/user_project_wrapper.spef line 9378, net ANTENNA_172 not found.
Warning: /foss/designs/_bench7_caravel_v1034_cleanroom/caravel_r11/phase3/stage3/extracted/user_project_wrapper.spef line 9379, net ANTENNA_169 not found.
Warning: /foss/designs/_bench7_caravel_v1034_cleanroom/caravel_r11/phase3/stage3/extracted/user_project_wrapper.spef line 9380, net ANTENNA_175 not found.
Warning: /foss/designs/_bench7_caravel_v1034_cleanroom/caravel_r11/phase3/stage3/extracted/user_project_wrapper.spef line 9381, net ANTENNA_171 not found.
Warning: /foss/designs/_bench7_caravel_v1034_cleanroom/caravel_r11/phase3/stage3/extracted/user_project_wrapper.spef line 9387, instance ANTENNA_185 not found.
Warning: /foss/designs/_bench7_caravel_v1034_cleanroom/caravel_r11/phase3/stage3/extracted/user_project_wrapper.spef line 9388, instance ANTENNA_183 not found.
Warning: /foss/designs/_bench7_caravel_v1034_cleanroom/caravel_r11/phase3/stage3/extracted/user_project_wrapper.spef line 9389, instance ANTENNA_181 not found.
Warning: /foss/designs/_bench7_caravel_v1034_cleanroom/caravel_r11/phase3/stage3/extracted/user_project_wrapper.spef line 9390, instance ANTENNA_179 not found.
Warning: /foss/designs/_bench7_caravel_v1034_cleanroom/caravel_r11/phase3/stage3/extracted/user_project_wrapper.spef line 9391, instance ANTENNA_177 not found.
Warning: /foss/designs/_bench7_caravel_v1034_cleanroom/caravel_r11/phase3/stage3/extracted/user_project_wrapper.spef line 9392, instance ANTENNA_176 not found.
Warning: /foss/designs/_bench7_caravel_v1034_cleanroom/caravel_r11/phase3/stage3/extracted/user_project_wrapper.spef line 9393, instance ANTENNA_178 not found.
Warning: /foss/designs/_bench7_caravel_v1034_cleanroom/caravel_r11/phase3/stage3/extracted/user_project_wrapper.spef line 9394, instance ANTENNA_180 not found.
Warning: /foss/designs/_bench7_caravel_v1034_cleanroom/caravel_r11/phase3/stage3/extracted/user_project_wrapper.spef line 9395, instance ANTENNA_182 not found.
Warning: /foss/designs/_bench7_caravel_v1034_cleanroom/caravel_r11/phase3/stage3/extracted/user_project_wrapper.spef line 9396, instance ANTENNA_184 not found.
Warning: /foss/designs/_bench7_caravel_v1034_cleanroom/caravel_r11/phase3/stage3/extracted/user_project_wrapper.spef line 9397, instance ANTENNA_186 not found.
Warning: /foss/designs/_bench7_caravel_v1034_cleanroom/caravel_r11/phase3/stage3/extracted/user_project_wrapper.spef line 9402, net ANTENNA_185 not found.
Warning: /foss/designs/_bench7_caravel_v1034_cleanroom/caravel_r11/phase3/stage3/extracted/user_project_wrapper.spef line 9403, net ANTENNA_183 not found.
Warning: /foss/designs/_bench7_caravel_v1034_cleanroom/caravel_r11/phase3/stage3/extracted/user_project_wrapper.spef line 9404, net ANTENNA_181 not found.
Warning: /foss/designs/_bench7_caravel_v1034_cleanroom/caravel_r11/phase3/stage3/extracted/user_project_wrapper.spef line 9405, net ANTENNA_179 not found.
Warning: /foss/designs/_bench7_caravel_v1034_cleanroom/caravel_r11/phase3/stage3/extracted/user_project_wrapper.spef line 9406, net ANTENNA_177 not found.
Warning: /foss/designs/_bench7_caravel_v1034_cleanroom/caravel_r11/phase3/stage3/extracted/user_project_wrapper.spef line 9407, net ANTENNA_176 not found.
Warning: /foss/designs/_bench7_caravel_v1034_cleanroom/caravel_r11/phase3/stage3/extracted/user_project_wrapper.spef line 9408, net ANTENNA_178 not found.
Warning: /foss/designs/_bench7_caravel_v1034_cleanroom/caravel_r11/phase3/stage3/extracted/user_project_wrapper.spef line 9409, net ANTENNA_180 not found.
Warning: /foss/designs/_bench7_caravel_v1034_cleanroom/caravel_r11/phase3/stage3/extracted/user_project_wrapper.spef line 9410, net ANTENNA_182 not found.
Warning: /foss/designs/_bench7_caravel_v1034_cleanroom/caravel_r11/phase3/stage3/extracted/user_project_wrapper.spef line 9411, net ANTENNA_184 not found.
Warning: /foss/designs/_bench7_caravel_v1034_cleanroom/caravel_r11/phase3/stage3/extracted/user_project_wrapper.spef line 9412, net ANTENNA_186 not found.
Warning: /foss/designs/_bench7_caravel_v1034_cleanroom/caravel_r11/phase3/stage3/extracted/user_project_wrapper.spef line 9425, net ANTENNA_185 not found.
Warning: /foss/designs/_bench7_caravel_v1034_cleanroom/caravel_r11/phase3/stage3/extracted/user_project_wrapper.spef line 9432, net ANTENNA_176 not found.
Warning: /foss/designs/_bench7_caravel_v1034_cleanroom/caravel_r11/phase3/stage3/extracted/user_project_wrapper.spef line 9441, net ANTENNA_185 not found.
Warning: /foss/designs/_bench7_caravel_v1034_cleanroom/caravel_r11/phase3/stage3/extracted/user_project_wrapper.spef line 9455, net ANTENNA_186 not found.
Warning: /foss/designs/_bench7_caravel_v1034_cleanroom/caravel_r11/phase3/stage3/extracted/user_project_wrapper.spef line 9457, net ANTENNA_184 not found.
Warning: /foss/designs/_bench7_caravel_v1034_cleanroom/caravel_r11/phase3/stage3/extracted/user_project_wrapper.spef line 9459, net ANTENNA_182 not found.
Warning: /foss/designs/_bench7_caravel_v1034_cleanroom/caravel_r11/phase3/stage3/extracted/user_project_wrapper.spef line 9461, net ANTENNA_180 not found.
Warning: /foss/designs/_bench7_caravel_v1034_cleanroom/caravel_r11/phase3/stage3/extracted/user_project_wrapper.spef line 9463, net ANTENNA_178 not found.
Warning: /foss/designs/_bench7_caravel_v1034_cleanroom/caravel_r11/phase3/stage3/extracted/user_project_wrapper.spef line 9464, net ANTENNA_176 not found.
Warning: /foss/designs/_bench7_caravel_v1034_cleanroom/caravel_r11/phase3/stage3/extracted/user_project_wrapper.spef line 9465, net ANTENNA_176 not found.
Warning: /foss/designs/_bench7_caravel_v1034_cleanroom/caravel_r11/phase3/stage3/extracted/user_project_wrapper.spef line 9467, net ANTENNA_177 not found.
Warning: /foss/designs/_bench7_caravel_v1034_cleanroom/caravel_r11/phase3/stage3/extracted/user_project_wrapper.spef line 9469, net ANTENNA_179 not found.
Warning: /foss/designs/_bench7_caravel_v1034_cleanroom/caravel_r11/phase3/stage3/extracted/user_project_wrapper.spef line 9471, net ANTENNA_181 not found.
Warning: /foss/designs/_bench7_caravel_v1034_cleanroom/caravel_r11/phase3/stage3/extracted/user_project_wrapper.spef line 9473, net ANTENNA_183 not found.
Warning: /foss/designs/_bench7_caravel_v1034_cleanroom/caravel_r11/phase3/stage3/extracted/user_project_wrapper.spef line 9474, net ANTENNA_185 not found.
Warning: /foss/designs/_bench7_caravel_v1034_cleanroom/caravel_r11/phase3/stage3/extracted/user_project_wrapper.spef line 9493, net net4 not found.
Warning: /foss/designs/_bench7_caravel_v1034_cleanroom/caravel_r11/phase3/stage3/extracted/user_project_wrapper.spef line 9494, net net7 not found.
Warning: /foss/designs/_bench7_caravel_v1034_cleanroom/caravel_r11/phase3/stage3/extracted/user_project_wrapper.spef line 9495, net clknet_2_0__leaf_mprj.counter.clk not found.
Warning: /foss/designs/_bench7_caravel_v1034_cleanroom/caravel_r11/phase3/stage3/extracted/user_project_wrapper.spef line 9496, net clknet_2_0__leaf_mprj.counter.clk not found.
Warning: /foss/designs/_bench7_caravel_v1034_cleanroom/caravel_r11/phase3/stage3/extracted/user_project_wrapper.spef line 9507, instance ANTENNA_196 not found.
Warning: /foss/designs/_bench7_caravel_v1034_cleanroom/caravel_r11/phase3/stage3/extracted/user_project_wrapper.spef line 9508, instance ANTENNA_194 not found.
Warning: /foss/designs/_bench7_caravel_v1034_cleanroom/caravel_r11/phase3/stage3/extracted/user_project_wrapper.spef line 9509, instance ANTENNA_190 not found.
Warning: /foss/designs/_bench7_caravel_v1034_cleanroom/caravel_r11/phase3/stage3/extracted/user_project_wrapper.spef line 9510, instance ANTENNA_189 not found.
Warning: /foss/designs/_bench7_caravel_v1034_cleanroom/caravel_r11/phase3/stage3/extracted/user_project_wrapper.spef line 9511, instance ANTENNA_188 not found.
Warning: /foss/designs/_bench7_caravel_v1034_cleanroom/caravel_r11/phase3/stage3/extracted/user_project_wrapper.spef line 9513, instance ANTENNA_187 not found.
Warning: /foss/designs/_bench7_caravel_v1034_cleanroom/caravel_r11/phase3/stage3/extracted/user_project_wrapper.spef line 9514, instance ANTENNA_191 not found.
Warning: /foss/designs/_bench7_caravel_v1034_cleanroom/caravel_r11/phase3/stage3/extracted/user_project_wrapper.spef line 9515, instance ANTENNA_192 not found.
Warning: /foss/designs/_bench7_caravel_v1034_cleanroom/caravel_r11/phase3/stage3/extracted/user_project_wrapper.spef line 9516, instance ANTENNA_193 not found.
Warning: /foss/designs/_bench7_caravel_v1034_cleanroom/caravel_r11/phase3/stage3/extracted/user_project_wrapper.spef line 9517, instance ANTENNA_195 not found.
Warning: /foss/designs/_bench7_caravel_v1034_cleanroom/caravel_r11/phase3/stage3/extracted/user_project_wrapper.spef line 9518, instance ANTENNA_197 not found.
Warning: /foss/designs/_bench7_caravel_v1034_cleanroom/caravel_r11/phase3/stage3/extracted/user_project_wrapper.spef line 9522, net ANTENNA_196 not found.
Warning: /foss/designs/_bench7_caravel_v1034_cleanroom/caravel_r11/phase3/stage3/extracted/user_project_wrapper.spef line 9523, net ANTENNA_194 not found.
Warning: /foss/designs/_bench7_caravel_v1034_cleanroom/caravel_r11/phase3/stage3/extracted/user_project_wrapper.spef line 9524, net ANTENNA_190 not found.
Warning: /foss/designs/_bench7_caravel_v1034_cleanroom/caravel_r11/phase3/stage3/extracted/user_project_wrapper.spef line 9525, net ANTENNA_189 not found.
Warning: /foss/designs/_bench7_caravel_v1034_cleanroom/caravel_r11/phase3/stage3/extracted/user_project_wrapper.spef line 9526, net ANTENNA_188 not found.
Warning: /foss/designs/_bench7_caravel_v1034_cleanroom/caravel_r11/phase3/stage3/extracted/user_project_wrapper.spef line 9528, net ANTENNA_187 not found.
Warning: /foss/designs/_bench7_caravel_v1034_cleanroom/caravel_r11/phase3/stage3/extracted/user_project_wrapper.spef line 9529, net ANTENNA_191 not found.
Warning: /foss/designs/_bench7_caravel_v1034_cleanroom/caravel_r11/phase3/stage3/extracted/user_project_wrapper.spef line 9530, net ANTENNA_192 not found.
Warning: /foss/designs/_bench7_caravel_v1034_cleanroom/caravel_r11/phase3/stage3/extracted/user_project_wrapper.spef line 9531, net ANTENNA_193 not found.
Warning: /foss/designs/_bench7_caravel_v1034_cleanroom/caravel_r11/phase3/stage3/extracted/user_project_wrapper.spef line 9532, net ANTENNA_195 not found.
Warning: /foss/designs/_bench7_caravel_v1034_cleanroom/caravel_r11/phase3/stage3/extracted/user_project_wrapper.spef line 9533, net ANTENNA_197 not found.
Warning: /foss/designs/_bench7_caravel_v1034_cleanroom/caravel_r11/phase3/stage3/extracted/user_project_wrapper.spef line 9543, net ANTENNA_187 not found.
Warning: /foss/designs/_bench7_caravel_v1034_cleanroom/caravel_r11/phase3/stage3/extracted/user_project_wrapper.spef line 9544, net ANTENNA_187 not found.
Warning: /foss/designs/_bench7_caravel_v1034_cleanroom/caravel_r11/phase3/stage3/extracted/user_project_wrapper.spef line 9545, net ANTENNA_190 not found.
Warning: /foss/designs/_bench7_caravel_v1034_cleanroom/caravel_r11/phase3/stage3/extracted/user_project_wrapper.spef line 9546, net ANTENNA_190 not found.
Warning: /foss/designs/_bench7_caravel_v1034_cleanroom/caravel_r11/phase3/stage3/extracted/user_project_wrapper.spef line 9547, net ANTENNA_190 not found.
Warning: /foss/designs/_bench7_caravel_v1034_cleanroom/caravel_r11/phase3/stage3/extracted/user_project_wrapper.spef line 9548, net ANTENNA_191 not found.
Warning: /foss/designs/_bench7_caravel_v1034_cleanroom/caravel_r11/phase3/stage3/extracted/user_project_wrapper.spef line 9549, net ANTENNA_196 not found.
Warning: /foss/designs/_bench7_caravel_v1034_cleanroom/caravel_r11/phase3/stage3/extracted/user_project_wrapper.spef line 9564, net ANTENNA_187 not found.
Warning: /foss/designs/_bench7_caravel_v1034_cleanroom/caravel_r11/phase3/stage3/extracted/user_project_wrapper.spef line 9565, net ANTENNA_187 not found.
Warning: /foss/designs/_bench7_caravel_v1034_cleanroom/caravel_r11/phase3/stage3/extracted/user_project_wrapper.spef line 9566, net ANTENNA_190 not found.
Warning: /foss/designs/_bench7_caravel_v1034_cleanroom/caravel_r11/phase3/stage3/extracted/user_project_wrapper.spef line 9575, net ANTENNA_197 not found.
Warning: /foss/designs/_bench7_caravel_v1034_cleanroom/caravel_r11/phase3/stage3/extracted/user_project_wrapper.spef line 9577, net ANTENNA_195 not found.
Warning: /foss/designs/_bench7_caravel_v1034_cleanroom/caravel_r11/phase3/stage3/extracted/user_project_wrapper.spef line 9579, net ANTENNA_193 not found.
Warning: /foss/designs/_bench7_caravel_v1034_cleanroom/caravel_r11/phase3/stage3/extracted/user_project_wrapper.spef line 9581, net ANTENNA_192 not found.
Warning: /foss/designs/_bench7_caravel_v1034_cleanroom/caravel_r11/phase3/stage3/extracted/user_project_wrapper.spef line 9582, net ANTENNA_191 not found.
Warning: /foss/designs/_bench7_caravel_v1034_cleanroom/caravel_r11/phase3/stage3/extracted/user_project_wrapper.spef line 9583, net ANTENNA_191 not found.
Warning: /foss/designs/_bench7_caravel_v1034_cleanroom/caravel_r11/phase3/stage3/extracted/user_project_wrapper.spef line 9583, net ANTENNA_187 not found.
Warning: /foss/designs/_bench7_caravel_v1034_cleanroom/caravel_r11/phase3/stage3/extracted/user_project_wrapper.spef line 9584, net ANTENNA_187 not found.
Warning: /foss/designs/_bench7_caravel_v1034_cleanroom/caravel_r11/phase3/stage3/extracted/user_project_wrapper.spef line 9587, net ANTENNA_188 not found.
Warning: /foss/designs/_bench7_caravel_v1034_cleanroom/caravel_r11/phase3/stage3/extracted/user_project_wrapper.spef line 9589, net ANTENNA_189 not found.
Warning: /foss/designs/_bench7_caravel_v1034_cleanroom/caravel_r11/phase3/stage3/extracted/user_project_wrapper.spef line 9590, net ANTENNA_190 not found.
Warning: /foss/designs/_bench7_caravel_v1034_cleanroom/caravel_r11/phase3/stage3/extracted/user_project_wrapper.spef line 9591, net ANTENNA_190 not found.
Warning: /foss/designs/_bench7_caravel_v1034_cleanroom/caravel_r11/phase3/stage3/extracted/user_project_wrapper.spef line 9592, net ANTENNA_194 not found.
Warning: /foss/designs/_bench7_caravel_v1034_cleanroom/caravel_r11/phase3/stage3/extracted/user_project_wrapper.spef line 9593, net ANTENNA_196 not found.
Warning: /foss/designs/_bench7_caravel_v1034_cleanroom/caravel_r11/phase3/stage3/extracted/user_project_wrapper.spef line 9598, instance ANTENNA_207 not found.
Warning: /foss/designs/_bench7_caravel_v1034_cleanroom/caravel_r11/phase3/stage3/extracted/user_project_wrapper.spef line 9599, instance ANTENNA_205 not found.
Warning: /foss/designs/_bench7_caravel_v1034_cleanroom/caravel_r11/phase3/stage3/extracted/user_project_wrapper.spef line 9600, instance ANTENNA_203 not found.
Warning: /foss/designs/_bench7_caravel_v1034_cleanroom/caravel_r11/phase3/stage3/extracted/user_project_wrapper.spef line 9601, instance ANTENNA_201 not found.
Warning: /foss/designs/_bench7_caravel_v1034_cleanroom/caravel_r11/phase3/stage3/extracted/user_project_wrapper.spef line 9602, instance ANTENNA_199 not found.
Warning: /foss/designs/_bench7_caravel_v1034_cleanroom/caravel_r11/phase3/stage3/extracted/user_project_wrapper.spef line 9603, instance ANTENNA_198 not found.
Warning: /foss/designs/_bench7_caravel_v1034_cleanroom/caravel_r11/phase3/stage3/extracted/user_project_wrapper.spef line 9605, instance ANTENNA_200 not found.
Warning: /foss/designs/_bench7_caravel_v1034_cleanroom/caravel_r11/phase3/stage3/extracted/user_project_wrapper.spef line 9606, instance ANTENNA_202 not found.
Warning: /foss/designs/_bench7_caravel_v1034_cleanroom/caravel_r11/phase3/stage3/extracted/user_project_wrapper.spef line 9607, instance ANTENNA_204 not found.
Warning: /foss/designs/_bench7_caravel_v1034_cleanroom/caravel_r11/phase3/stage3/extracted/user_project_wrapper.spef line 9608, instance ANTENNA_206 not found.
Warning: /foss/designs/_bench7_caravel_v1034_cleanroom/caravel_r11/phase3/stage3/extracted/user_project_wrapper.spef line 9609, instance ANTENNA_208 not found.
Warning: /foss/designs/_bench7_caravel_v1034_cleanroom/caravel_r11/phase3/stage3/extracted/user_project_wrapper.spef line 9613, net ANTENNA_207 not found.
Warning: /foss/designs/_bench7_caravel_v1034_cleanroom/caravel_r11/phase3/stage3/extracted/user_project_wrapper.spef line 9614, net ANTENNA_205 not found.
Warning: /foss/designs/_bench7_caravel_v1034_cleanroom/caravel_r11/phase3/stage3/extracted/user_project_wrapper.spef line 9615, net ANTENNA_203 not found.
Warning: /foss/designs/_bench7_caravel_v1034_cleanroom/caravel_r11/phase3/stage3/extracted/user_project_wrapper.spef line 9616, net ANTENNA_201 not found.
Warning: /foss/designs/_bench7_caravel_v1034_cleanroom/caravel_r11/phase3/stage3/extracted/user_project_wrapper.spef line 9617, net ANTENNA_199 not found.
Warning: /foss/designs/_bench7_caravel_v1034_cleanroom/caravel_r11/phase3/stage3/extracted/user_project_wrapper.spef line 9618, net ANTENNA_198 not found.
Warning: /foss/designs/_bench7_caravel_v1034_cleanroom/caravel_r11/phase3/stage3/extracted/user_project_wrapper.spef line 9620, net ANTENNA_200 not found.
Warning: /foss/designs/_bench7_caravel_v1034_cleanroom/caravel_r11/phase3/stage3/extracted/user_project_wrapper.spef line 9621, net ANTENNA_202 not found.
Warning: /foss/designs/_bench7_caravel_v1034_cleanroom/caravel_r11/phase3/stage3/extracted/user_project_wrapper.spef line 9622, net ANTENNA_204 not found.
Warning: /foss/designs/_bench7_caravel_v1034_cleanroom/caravel_r11/phase3/stage3/extracted/user_project_wrapper.spef line 9623, net ANTENNA_206 not found.
Warning: /foss/designs/_bench7_caravel_v1034_cleanroom/caravel_r11/phase3/stage3/extracted/user_project_wrapper.spef line 9624, net ANTENNA_208 not found.
Warning: /foss/designs/_bench7_caravel_v1034_cleanroom/caravel_r11/phase3/stage3/extracted/user_project_wrapper.spef line 9642, net clknet_2_1__leaf_mprj.counter.clk not found.
Warning: /foss/designs/_bench7_caravel_v1034_cleanroom/caravel_r11/phase3/stage3/extracted/user_project_wrapper.spef line 9662, net ANTENNA_207 not found.
Warning: /foss/designs/_bench7_caravel_v1034_cleanroom/caravel_r11/phase3/stage3/extracted/user_project_wrapper.spef line 9669, net net2 not found.
Warning: /foss/designs/_bench7_caravel_v1034_cleanroom/caravel_r11/phase3/stage3/extracted/user_project_wrapper.spef line 9677, net ANTENNA_208 not found.
Warning: /foss/designs/_bench7_caravel_v1034_cleanroom/caravel_r11/phase3/stage3/extracted/user_project_wrapper.spef line 9679, net ANTENNA_206 not found.
Warning: /foss/designs/_bench7_caravel_v1034_cleanroom/caravel_r11/phase3/stage3/extracted/user_project_wrapper.spef line 9681, net ANTENNA_204 not found.
Warning: /foss/designs/_bench7_caravel_v1034_cleanroom/caravel_r11/phase3/stage3/extracted/user_project_wrapper.spef line 9683, net ANTENNA_202 not found.
Warning: /foss/designs/_bench7_caravel_v1034_cleanroom/caravel_r11/phase3/stage3/extracted/user_project_wrapper.spef line 9685, net ANTENNA_200 not found.
Warning: /foss/designs/_bench7_caravel_v1034_cleanroom/caravel_r11/phase3/stage3/extracted/user_project_wrapper.spef line 9689, net ANTENNA_198 not found.
Warning: /foss/designs/_bench7_caravel_v1034_cleanroom/caravel_r11/phase3/stage3/extracted/user_project_wrapper.spef line 9691, net ANTENNA_199 not found.
Warning: /foss/designs/_bench7_caravel_v1034_cleanroom/caravel_r11/phase3/stage3/extracted/user_project_wrapper.spef line 9693, net ANTENNA_201 not found.
Warning: /foss/designs/_bench7_caravel_v1034_cleanroom/caravel_r11/phase3/stage3/extracted/user_project_wrapper.spef line 9695, net ANTENNA_203 not found.
Warning: /foss/designs/_bench7_caravel_v1034_cleanroom/caravel_r11/phase3/stage3/extracted/user_project_wrapper.spef line 9697, net ANTENNA_205 not found.
Warning: /foss/designs/_bench7_caravel_v1034_cleanroom/caravel_r11/phase3/stage3/extracted/user_project_wrapper.spef line 9698, net ANTENNA_207 not found.
Warning: /foss/designs/_bench7_caravel_v1034_cleanroom/caravel_r11/phase3/stage3/extracted/user_project_wrapper.spef line 9770, net net5 not found.
Warning: /foss/designs/_bench7_caravel_v1034_cleanroom/caravel_r11/phase3/stage3/extracted/user_project_wrapper.spef line 9773, instance wire5 not found.
Warning: /foss/designs/_bench7_caravel_v1034_cleanroom/caravel_r11/phase3/stage3/extracted/user_project_wrapper.spef line 9785, net net4 not found.
Warning: /foss/designs/_bench7_caravel_v1034_cleanroom/caravel_r11/phase3/stage3/extracted/user_project_wrapper.spef line 9788, instance wire4 not found.
Warning: /foss/designs/_bench7_caravel_v1034_cleanroom/caravel_r11/phase3/stage3/extracted/user_project_wrapper.spef line 9815, net net3 not found.
Warning: /foss/designs/_bench7_caravel_v1034_cleanroom/caravel_r11/phase3/stage3/extracted/user_project_wrapper.spef line 9818, instance wire3 not found.
Warning: /foss/designs/_bench7_caravel_v1034_cleanroom/caravel_r11/phase3/stage3/extracted/user_project_wrapper.spef line 9896, net net14 not found.
Warning: /foss/designs/_bench7_caravel_v1034_cleanroom/caravel_r11/phase3/stage3/extracted/user_project_wrapper.spef line 9899, instance wire14 not found.
Warning: /foss/designs/_bench7_caravel_v1034_cleanroom/caravel_r11/phase3/stage3/extracted/user_project_wrapper.spef line 10011, net net13 not found.
Warning: /foss/designs/_bench7_caravel_v1034_cleanroom/caravel_r11/phase3/stage3/extracted/user_project_wrapper.spef line 10061, net net13 not found.
Warning: /foss/designs/_bench7_caravel_v1034_cleanroom/caravel_r11/phase3/stage3/extracted/user_project_wrapper.spef line 10064, instance wire13 not found.
Warning: /foss/designs/_bench7_caravel_v1034_cleanroom/caravel_r11/phase3/stage3/extracted/user_project_wrapper.spef line 10092, net net10 not found.
Warning: /foss/designs/_bench7_caravel_v1034_cleanroom/caravel_r11/phase3/stage3/extracted/user_project_wrapper.spef line 10108, net net4 not found.
Warning: /foss/designs/_bench7_caravel_v1034_cleanroom/caravel_r11/phase3/stage3/extracted/user_project_wrapper.spef line 10112, net net12 not found.
Warning: /foss/designs/_bench7_caravel_v1034_cleanroom/caravel_r11/phase3/stage3/extracted/user_project_wrapper.spef line 10115, instance wire12 not found.
Warning: /foss/designs/_bench7_caravel_v1034_cleanroom/caravel_r11/phase3/stage3/extracted/user_project_wrapper.spef line 10133, net net11 not found.
Warning: /foss/designs/_bench7_caravel_v1034_cleanroom/caravel_r11/phase3/stage3/extracted/user_project_wrapper.spef line 10136, instance wire11 not found.
Warning: /foss/designs/_bench7_caravel_v1034_cleanroom/caravel_r11/phase3/stage3/extracted/user_project_wrapper.spef line 10157, net net10 not found.
Warning: /foss/designs/_bench7_caravel_v1034_cleanroom/caravel_r11/phase3/stage3/extracted/user_project_wrapper.spef line 10160, instance wire10 not found.
Warning: /foss/designs/_bench7_caravel_v1034_cleanroom/caravel_r11/phase3/stage3/extracted/user_project_wrapper.spef line 10180, net net9 not found.
Warning: /foss/designs/_bench7_caravel_v1034_cleanroom/caravel_r11/phase3/stage3/extracted/user_project_wrapper.spef line 10183, instance wire9 not found.
Warning: /foss/designs/_bench7_caravel_v1034_cleanroom/caravel_r11/phase3/stage3/extracted/user_project_wrapper.spef line 10206, net net8 not found.
Warning: /foss/designs/_bench7_caravel_v1034_cleanroom/caravel_r11/phase3/stage3/extracted/user_project_wrapper.spef line 10209, instance wire8 not found.
Warning: /foss/designs/_bench7_caravel_v1034_cleanroom/caravel_r11/phase3/stage3/extracted/user_project_wrapper.spef line 10227, net net7 not found.
Warning: /foss/designs/_bench7_caravel_v1034_cleanroom/caravel_r11/phase3/stage3/extracted/user_project_wrapper.spef line 10230, instance wire7 not found.
Warning: /foss/designs/_bench7_caravel_v1034_cleanroom/caravel_r11/phase3/stage3/extracted/user_project_wrapper.spef line 10254, net net6 not found.
Warning: /foss/designs/_bench7_caravel_v1034_cleanroom/caravel_r11/phase3/stage3/extracted/user_project_wrapper.spef line 10257, instance wire6 not found.
Warning: /foss/designs/_bench7_caravel_v1034_cleanroom/caravel_r11/phase3/stage3/extracted/user_project_wrapper.spef line 10284, instance ANTENNA_227 not found.
Warning: /foss/designs/_bench7_caravel_v1034_cleanroom/caravel_r11/phase3/stage3/extracted/user_project_wrapper.spef line 10287, instance ANTENNA_228 not found.
Warning: /foss/designs/_bench7_caravel_v1034_cleanroom/caravel_r11/phase3/stage3/extracted/user_project_wrapper.spef line 10288, instance ANTENNA_230 not found.
Warning: /foss/designs/_bench7_caravel_v1034_cleanroom/caravel_r11/phase3/stage3/extracted/user_project_wrapper.spef line 10289, instance ANTENNA_229 not found.
Warning: /foss/designs/_bench7_caravel_v1034_cleanroom/caravel_r11/phase3/stage3/extracted/user_project_wrapper.spef line 10290, instance ANTENNA_224 not found.
Warning: /foss/designs/_bench7_caravel_v1034_cleanroom/caravel_r11/phase3/stage3/extracted/user_project_wrapper.spef line 10291, instance ANTENNA_223 not found.
Warning: /foss/designs/_bench7_caravel_v1034_cleanroom/caravel_r11/phase3/stage3/extracted/user_project_wrapper.spef line 10292, instance ANTENNA_222 not found.
Warning: /foss/designs/_bench7_caravel_v1034_cleanroom/caravel_r11/phase3/stage3/extracted/user_project_wrapper.spef line 10293, instance ANTENNA_221 not found.
Warning: /foss/designs/_bench7_caravel_v1034_cleanroom/caravel_r11/phase3/stage3/extracted/user_project_wrapper.spef line 10294, instance ANTENNA_220 not found.
Warning: /foss/designs/_bench7_caravel_v1034_cleanroom/caravel_r11/phase3/stage3/extracted/user_project_wrapper.spef line 10295, instance ANTENNA_219 not found.
Warning: /foss/designs/_bench7_caravel_v1034_cleanroom/caravel_r11/phase3/stage3/extracted/user_project_wrapper.spef line 10296, instance ANTENNA_217 not found.
Warning: /foss/designs/_bench7_caravel_v1034_cleanroom/caravel_r11/phase3/stage3/extracted/user_project_wrapper.spef line 10297, instance ANTENNA_209 not found.
Warning: /foss/designs/_bench7_caravel_v1034_cleanroom/caravel_r11/phase3/stage3/extracted/user_project_wrapper.spef line 10298, instance ANTENNA_210 not found.
Warning: /foss/designs/_bench7_caravel_v1034_cleanroom/caravel_r11/phase3/stage3/extracted/user_project_wrapper.spef line 10299, instance ANTENNA_211 not found.
Warning: /foss/designs/_bench7_caravel_v1034_cleanroom/caravel_r11/phase3/stage3/extracted/user_project_wrapper.spef line 10300, instance ANTENNA_212 not found.
Warning: /foss/designs/_bench7_caravel_v1034_cleanroom/caravel_r11/phase3/stage3/extracted/user_project_wrapper.spef line 10301, instance ANTENNA_213 not found.
Warning: /foss/designs/_bench7_caravel_v1034_cleanroom/caravel_r11/phase3/stage3/extracted/user_project_wrapper.spef line 10302, instance ANTENNA_214 not found.
Warning: /foss/designs/_bench7_caravel_v1034_cleanroom/caravel_r11/phase3/stage3/extracted/user_project_wrapper.spef line 10303, instance ANTENNA_215 not found.
Warning: /foss/designs/_bench7_caravel_v1034_cleanroom/caravel_r11/phase3/stage3/extracted/user_project_wrapper.spef line 10304, instance ANTENNA_216 not found.
Warning: /foss/designs/_bench7_caravel_v1034_cleanroom/caravel_r11/phase3/stage3/extracted/user_project_wrapper.spef line 10305, instance ANTENNA_218 not found.
Warning: /foss/designs/_bench7_caravel_v1034_cleanroom/caravel_r11/phase3/stage3/extracted/user_project_wrapper.spef line 10306, instance ANTENNA_225 not found.
Warning: /foss/designs/_bench7_caravel_v1034_cleanroom/caravel_r11/phase3/stage3/extracted/user_project_wrapper.spef line 10307, instance ANTENNA_226 not found.
Warning: /foss/designs/_bench7_caravel_v1034_cleanroom/caravel_r11/phase3/stage3/extracted/user_project_wrapper.spef line 10311, net ANTENNA_227 not found.
Warning: /foss/designs/_bench7_caravel_v1034_cleanroom/caravel_r11/phase3/stage3/extracted/user_project_wrapper.spef line 10314, net ANTENNA_228 not found.
Warning: /foss/designs/_bench7_caravel_v1034_cleanroom/caravel_r11/phase3/stage3/extracted/user_project_wrapper.spef line 10315, net ANTENNA_230 not found.
Warning: /foss/designs/_bench7_caravel_v1034_cleanroom/caravel_r11/phase3/stage3/extracted/user_project_wrapper.spef line 10316, net ANTENNA_229 not found.
Warning: /foss/designs/_bench7_caravel_v1034_cleanroom/caravel_r11/phase3/stage3/extracted/user_project_wrapper.spef line 10317, net ANTENNA_224 not found.
Warning: /foss/designs/_bench7_caravel_v1034_cleanroom/caravel_r11/phase3/stage3/extracted/user_project_wrapper.spef line 10318, net ANTENNA_223 not found.
Warning: /foss/designs/_bench7_caravel_v1034_cleanroom/caravel_r11/phase3/stage3/extracted/user_project_wrapper.spef line 10319, net ANTENNA_222 not found.
Warning: /foss/designs/_bench7_caravel_v1034_cleanroom/caravel_r11/phase3/stage3/extracted/user_project_wrapper.spef line 10320, net ANTENNA_221 not found.
Warning: /foss/designs/_bench7_caravel_v1034_cleanroom/caravel_r11/phase3/stage3/extracted/user_project_wrapper.spef line 10321, net ANTENNA_220 not found.
Warning: /foss/designs/_bench7_caravel_v1034_cleanroom/caravel_r11/phase3/stage3/extracted/user_project_wrapper.spef line 10322, net ANTENNA_219 not found.
Warning: /foss/designs/_bench7_caravel_v1034_cleanroom/caravel_r11/phase3/stage3/extracted/user_project_wrapper.spef line 10323, net ANTENNA_217 not found.
Warning: /foss/designs/_bench7_caravel_v1034_cleanroom/caravel_r11/phase3/stage3/extracted/user_project_wrapper.spef line 10324, net ANTENNA_209 not found.
Warning: /foss/designs/_bench7_caravel_v1034_cleanroom/caravel_r11/phase3/stage3/extracted/user_project_wrapper.spef line 10325, net ANTENNA_210 not found.
Warning: /foss/designs/_bench7_caravel_v1034_cleanroom/caravel_r11/phase3/stage3/extracted/user_project_wrapper.spef line 10326, net ANTENNA_211 not found.
Warning: /foss/designs/_bench7_caravel_v1034_cleanroom/caravel_r11/phase3/stage3/extracted/user_project_wrapper.spef line 10327, net ANTENNA_212 not found.
Warning: /foss/designs/_bench7_caravel_v1034_cleanroom/caravel_r11/phase3/stage3/extracted/user_project_wrapper.spef line 10328, net ANTENNA_213 not found.
Warning: /foss/designs/_bench7_caravel_v1034_cleanroom/caravel_r11/phase3/stage3/extracted/user_project_wrapper.spef line 10329, net ANTENNA_214 not found.
Warning: /foss/designs/_bench7_caravel_v1034_cleanroom/caravel_r11/phase3/stage3/extracted/user_project_wrapper.spef line 10330, net ANTENNA_215 not found.
Warning: /foss/designs/_bench7_caravel_v1034_cleanroom/caravel_r11/phase3/stage3/extracted/user_project_wrapper.spef line 10331, net ANTENNA_216 not found.
Warning: /foss/designs/_bench7_caravel_v1034_cleanroom/caravel_r11/phase3/stage3/extracted/user_project_wrapper.spef line 10332, net ANTENNA_218 not found.
Warning: /foss/designs/_bench7_caravel_v1034_cleanroom/caravel_r11/phase3/stage3/extracted/user_project_wrapper.spef line 10333, net ANTENNA_225 not found.
Warning: /foss/designs/_bench7_caravel_v1034_cleanroom/caravel_r11/phase3/stage3/extracted/user_project_wrapper.spef line 10334, net ANTENNA_226 not found.
Warning: /foss/designs/_bench7_caravel_v1034_cleanroom/caravel_r11/phase3/stage3/extracted/user_project_wrapper.spef line 10356, net ANTENNA_209 not found.
Warning: /foss/designs/_bench7_caravel_v1034_cleanroom/caravel_r11/phase3/stage3/extracted/user_project_wrapper.spef line 10357, net ANTENNA_227 not found.
Warning: /foss/designs/_bench7_caravel_v1034_cleanroom/caravel_r11/phase3/stage3/extracted/user_project_wrapper.spef line 10358, net ANTENNA_228 not found.
Warning: /foss/designs/_bench7_caravel_v1034_cleanroom/caravel_r11/phase3/stage3/extracted/user_project_wrapper.spef line 10358, net ANTENNA_269 not found.
Warning: /foss/designs/_bench7_caravel_v1034_cleanroom/caravel_r11/phase3/stage3/extracted/user_project_wrapper.spef line 10359, net ANTENNA_229 not found.
Warning: /foss/designs/_bench7_caravel_v1034_cleanroom/caravel_r11/phase3/stage3/extracted/user_project_wrapper.spef line 10359, net clknet_2_1__leaf_mprj.counter.clk not found.
Warning: /foss/designs/_bench7_caravel_v1034_cleanroom/caravel_r11/phase3/stage3/extracted/user_project_wrapper.spef line 10366, net clknet_2_0__leaf_mprj.counter.clk not found.
Warning: /foss/designs/_bench7_caravel_v1034_cleanroom/caravel_r11/phase3/stage3/extracted/user_project_wrapper.spef line 10367, net clknet_2_0__leaf_mprj.counter.clk not found.
Warning: /foss/designs/_bench7_caravel_v1034_cleanroom/caravel_r11/phase3/stage3/extracted/user_project_wrapper.spef line 10394, net clknet_2_1__leaf_mprj.counter.clk not found.
Warning: /foss/designs/_bench7_caravel_v1034_cleanroom/caravel_r11/phase3/stage3/extracted/user_project_wrapper.spef line 10397, net ANTENNA_228 not found.
Warning: /foss/designs/_bench7_caravel_v1034_cleanroom/caravel_r11/phase3/stage3/extracted/user_project_wrapper.spef line 10398, net ANTENNA_229 not found.
Warning: /foss/designs/_bench7_caravel_v1034_cleanroom/caravel_r11/phase3/stage3/extracted/user_project_wrapper.spef line 10406, net ANTENNA_226 not found.
Warning: /foss/designs/_bench7_caravel_v1034_cleanroom/caravel_r11/phase3/stage3/extracted/user_project_wrapper.spef line 10408, net ANTENNA_225 not found.
Warning: /foss/designs/_bench7_caravel_v1034_cleanroom/caravel_r11/phase3/stage3/extracted/user_project_wrapper.spef line 10410, net ANTENNA_218 not found.
Warning: /foss/designs/_bench7_caravel_v1034_cleanroom/caravel_r11/phase3/stage3/extracted/user_project_wrapper.spef line 10412, net ANTENNA_216 not found.
Warning: /foss/designs/_bench7_caravel_v1034_cleanroom/caravel_r11/phase3/stage3/extracted/user_project_wrapper.spef line 10414, net ANTENNA_215 not found.
Warning: /foss/designs/_bench7_caravel_v1034_cleanroom/caravel_r11/phase3/stage3/extracted/user_project_wrapper.spef line 10416, net ANTENNA_214 not found.
Warning: /foss/designs/_bench7_caravel_v1034_cleanroom/caravel_r11/phase3/stage3/extracted/user_project_wrapper.spef line 10418, net ANTENNA_213 not found.
Warning: /foss/designs/_bench7_caravel_v1034_cleanroom/caravel_r11/phase3/stage3/extracted/user_project_wrapper.spef line 10420, net ANTENNA_212 not found.
Warning: /foss/designs/_bench7_caravel_v1034_cleanroom/caravel_r11/phase3/stage3/extracted/user_project_wrapper.spef line 10422, net ANTENNA_211 not found.
Warning: /foss/designs/_bench7_caravel_v1034_cleanroom/caravel_r11/phase3/stage3/extracted/user_project_wrapper.spef line 10424, net ANTENNA_210 not found.
Warning: /foss/designs/_bench7_caravel_v1034_cleanroom/caravel_r11/phase3/stage3/extracted/user_project_wrapper.spef line 10425, net ANTENNA_209 not found.
Warning: /foss/designs/_bench7_caravel_v1034_cleanroom/caravel_r11/phase3/stage3/extracted/user_project_wrapper.spef line 10426, net ANTENNA_209 not found.
Warning: /foss/designs/_bench7_caravel_v1034_cleanroom/caravel_r11/phase3/stage3/extracted/user_project_wrapper.spef line 10428, net ANTENNA_217 not found.
Warning: /foss/designs/_bench7_caravel_v1034_cleanroom/caravel_r11/phase3/stage3/extracted/user_project_wrapper.spef line 10430, net ANTENNA_219 not found.
Warning: /foss/designs/_bench7_caravel_v1034_cleanroom/caravel_r11/phase3/stage3/extracted/user_project_wrapper.spef line 10432, net ANTENNA_220 not found.
Warning: /foss/designs/_bench7_caravel_v1034_cleanroom/caravel_r11/phase3/stage3/extracted/user_project_wrapper.spef line 10434, net ANTENNA_221 not found.
Warning: /foss/designs/_bench7_caravel_v1034_cleanroom/caravel_r11/phase3/stage3/extracted/user_project_wrapper.spef line 10436, net ANTENNA_222 not found.
Warning: /foss/designs/_bench7_caravel_v1034_cleanroom/caravel_r11/phase3/stage3/extracted/user_project_wrapper.spef line 10438, net ANTENNA_223 not found.
Warning: /foss/designs/_bench7_caravel_v1034_cleanroom/caravel_r11/phase3/stage3/extracted/user_project_wrapper.spef line 10440, net ANTENNA_224 not found.
Warning: /foss/designs/_bench7_caravel_v1034_cleanroom/caravel_r11/phase3/stage3/extracted/user_project_wrapper.spef line 10442, net ANTENNA_229 not found.
Warning: /foss/designs/_bench7_caravel_v1034_cleanroom/caravel_r11/phase3/stage3/extracted/user_project_wrapper.spef line 10444, net ANTENNA_230 not found.
Warning: /foss/designs/_bench7_caravel_v1034_cleanroom/caravel_r11/phase3/stage3/extracted/user_project_wrapper.spef line 10445, net ANTENNA_228 not found.
Warning: /foss/designs/_bench7_caravel_v1034_cleanroom/caravel_r11/phase3/stage3/extracted/user_project_wrapper.spef line 10447, net ANTENNA_209 not found.
Warning: /foss/designs/_bench7_caravel_v1034_cleanroom/caravel_r11/phase3/stage3/extracted/user_project_wrapper.spef line 10448, net ANTENNA_224 not found.
Warning: /foss/designs/_bench7_caravel_v1034_cleanroom/caravel_r11/phase3/stage3/extracted/user_project_wrapper.spef line 10448, net ANTENNA_227 not found.
Warning: /foss/designs/_bench7_caravel_v1034_cleanroom/caravel_r11/phase3/stage3/extracted/user_project_wrapper.spef line 10453, instance ANTENNA_252 not found.
Warning: /foss/designs/_bench7_caravel_v1034_cleanroom/caravel_r11/phase3/stage3/extracted/user_project_wrapper.spef line 10454, instance ANTENNA_251 not found.
Warning: /foss/designs/_bench7_caravel_v1034_cleanroom/caravel_r11/phase3/stage3/extracted/user_project_wrapper.spef line 10455, instance ANTENNA_250 not found.
Warning: /foss/designs/_bench7_caravel_v1034_cleanroom/caravel_r11/phase3/stage3/extracted/user_project_wrapper.spef line 10456, instance ANTENNA_249 not found.
Warning: /foss/designs/_bench7_caravel_v1034_cleanroom/caravel_r11/phase3/stage3/extracted/user_project_wrapper.spef line 10457, instance ANTENNA_248 not found.
Warning: /foss/designs/_bench7_caravel_v1034_cleanroom/caravel_r11/phase3/stage3/extracted/user_project_wrapper.spef line 10458, instance ANTENNA_247 not found.
Warning: /foss/designs/_bench7_caravel_v1034_cleanroom/caravel_r11/phase3/stage3/extracted/user_project_wrapper.spef line 10459, instance ANTENNA_246 not found.
Warning: /foss/designs/_bench7_caravel_v1034_cleanroom/caravel_r11/phase3/stage3/extracted/user_project_wrapper.spef line 10460, instance ANTENNA_245 not found.
Warning: /foss/designs/_bench7_caravel_v1034_cleanroom/caravel_r11/phase3/stage3/extracted/user_project_wrapper.spef line 10463, instance ANTENNA_244 not found.
Warning: /foss/designs/_bench7_caravel_v1034_cleanroom/caravel_r11/phase3/stage3/extracted/user_project_wrapper.spef line 10464, instance ANTENNA_243 not found.
Warning: /foss/designs/_bench7_caravel_v1034_cleanroom/caravel_r11/phase3/stage3/extracted/user_project_wrapper.spef line 10465, instance ANTENNA_242 not found.
Warning: /foss/designs/_bench7_caravel_v1034_cleanroom/caravel_r11/phase3/stage3/extracted/user_project_wrapper.spef line 10466, instance ANTENNA_231 not found.
Warning: /foss/designs/_bench7_caravel_v1034_cleanroom/caravel_r11/phase3/stage3/extracted/user_project_wrapper.spef line 10467, instance ANTENNA_232 not found.
Warning: /foss/designs/_bench7_caravel_v1034_cleanroom/caravel_r11/phase3/stage3/extracted/user_project_wrapper.spef line 10468, instance ANTENNA_233 not found.
Warning: /foss/designs/_bench7_caravel_v1034_cleanroom/caravel_r11/phase3/stage3/extracted/user_project_wrapper.spef line 10469, instance ANTENNA_234 not found.
Warning: /foss/designs/_bench7_caravel_v1034_cleanroom/caravel_r11/phase3/stage3/extracted/user_project_wrapper.spef line 10470, instance ANTENNA_235 not found.
Warning: /foss/designs/_bench7_caravel_v1034_cleanroom/caravel_r11/phase3/stage3/extracted/user_project_wrapper.spef line 10471, instance ANTENNA_236 not found.
Warning: /foss/designs/_bench7_caravel_v1034_cleanroom/caravel_r11/phase3/stage3/extracted/user_project_wrapper.spef line 10472, instance ANTENNA_237 not found.
Warning: /foss/designs/_bench7_caravel_v1034_cleanroom/caravel_r11/phase3/stage3/extracted/user_project_wrapper.spef line 10473, instance ANTENNA_238 not found.
Warning: /foss/designs/_bench7_caravel_v1034_cleanroom/caravel_r11/phase3/stage3/extracted/user_project_wrapper.spef line 10474, instance ANTENNA_239 not found.
Warning: /foss/designs/_bench7_caravel_v1034_cleanroom/caravel_r11/phase3/stage3/extracted/user_project_wrapper.spef line 10475, instance ANTENNA_240 not found.
Warning: /foss/designs/_bench7_caravel_v1034_cleanroom/caravel_r11/phase3/stage3/extracted/user_project_wrapper.spef line 10476, instance ANTENNA_241 not found.
Warning: /foss/designs/_bench7_caravel_v1034_cleanroom/caravel_r11/phase3/stage3/extracted/user_project_wrapper.spef line 10480, net ANTENNA_252 not found.
Warning: /foss/designs/_bench7_caravel_v1034_cleanroom/caravel_r11/phase3/stage3/extracted/user_project_wrapper.spef line 10481, net ANTENNA_251 not found.
Warning: /foss/designs/_bench7_caravel_v1034_cleanroom/caravel_r11/phase3/stage3/extracted/user_project_wrapper.spef line 10482, net ANTENNA_250 not found.
Warning: /foss/designs/_bench7_caravel_v1034_cleanroom/caravel_r11/phase3/stage3/extracted/user_project_wrapper.spef line 10483, net ANTENNA_249 not found.
Warning: /foss/designs/_bench7_caravel_v1034_cleanroom/caravel_r11/phase3/stage3/extracted/user_project_wrapper.spef line 10484, net ANTENNA_248 not found.
Warning: /foss/designs/_bench7_caravel_v1034_cleanroom/caravel_r11/phase3/stage3/extracted/user_project_wrapper.spef line 10485, net ANTENNA_247 not found.
Warning: /foss/designs/_bench7_caravel_v1034_cleanroom/caravel_r11/phase3/stage3/extracted/user_project_wrapper.spef line 10486, net ANTENNA_246 not found.
Warning: /foss/designs/_bench7_caravel_v1034_cleanroom/caravel_r11/phase3/stage3/extracted/user_project_wrapper.spef line 10487, net ANTENNA_245 not found.
Warning: /foss/designs/_bench7_caravel_v1034_cleanroom/caravel_r11/phase3/stage3/extracted/user_project_wrapper.spef line 10490, net ANTENNA_244 not found.
Warning: /foss/designs/_bench7_caravel_v1034_cleanroom/caravel_r11/phase3/stage3/extracted/user_project_wrapper.spef line 10491, net ANTENNA_243 not found.
Warning: /foss/designs/_bench7_caravel_v1034_cleanroom/caravel_r11/phase3/stage3/extracted/user_project_wrapper.spef line 10492, net ANTENNA_242 not found.
Warning: /foss/designs/_bench7_caravel_v1034_cleanroom/caravel_r11/phase3/stage3/extracted/user_project_wrapper.spef line 10493, net ANTENNA_231 not found.
Warning: /foss/designs/_bench7_caravel_v1034_cleanroom/caravel_r11/phase3/stage3/extracted/user_project_wrapper.spef line 10494, net ANTENNA_232 not found.
Warning: /foss/designs/_bench7_caravel_v1034_cleanroom/caravel_r11/phase3/stage3/extracted/user_project_wrapper.spef line 10495, net ANTENNA_233 not found.
Warning: /foss/designs/_bench7_caravel_v1034_cleanroom/caravel_r11/phase3/stage3/extracted/user_project_wrapper.spef line 10496, net ANTENNA_234 not found.
Warning: /foss/designs/_bench7_caravel_v1034_cleanroom/caravel_r11/phase3/stage3/extracted/user_project_wrapper.spef line 10497, net ANTENNA_235 not found.
Warning: /foss/designs/_bench7_caravel_v1034_cleanroom/caravel_r11/phase3/stage3/extracted/user_project_wrapper.spef line 10498, net ANTENNA_236 not found.
Warning: /foss/designs/_bench7_caravel_v1034_cleanroom/caravel_r11/phase3/stage3/extracted/user_project_wrapper.spef line 10499, net ANTENNA_237 not found.
Warning: /foss/designs/_bench7_caravel_v1034_cleanroom/caravel_r11/phase3/stage3/extracted/user_project_wrapper.spef line 10500, net ANTENNA_238 not found.
Warning: /foss/designs/_bench7_caravel_v1034_cleanroom/caravel_r11/phase3/stage3/extracted/user_project_wrapper.spef line 10501, net ANTENNA_239 not found.
Warning: /foss/designs/_bench7_caravel_v1034_cleanroom/caravel_r11/phase3/stage3/extracted/user_project_wrapper.spef line 10502, net ANTENNA_240 not found.
Warning: /foss/designs/_bench7_caravel_v1034_cleanroom/caravel_r11/phase3/stage3/extracted/user_project_wrapper.spef line 10503, net ANTENNA_241 not found.
Warning: /foss/designs/_bench7_caravel_v1034_cleanroom/caravel_r11/phase3/stage3/extracted/user_project_wrapper.spef line 10525, net ANTENNA_244 not found.
Warning: /foss/designs/_bench7_caravel_v1034_cleanroom/caravel_r11/phase3/stage3/extracted/user_project_wrapper.spef line 10526, net ANTENNA_249 not found.
Warning: /foss/designs/_bench7_caravel_v1034_cleanroom/caravel_r11/phase3/stage3/extracted/user_project_wrapper.spef line 10527, net ANTENNA_252 not found.
Warning: /foss/designs/_bench7_caravel_v1034_cleanroom/caravel_r11/phase3/stage3/extracted/user_project_wrapper.spef line 10564, net ANTENNA_241 not found.
Warning: /foss/designs/_bench7_caravel_v1034_cleanroom/caravel_r11/phase3/stage3/extracted/user_project_wrapper.spef line 10566, net ANTENNA_240 not found.
Warning: /foss/designs/_bench7_caravel_v1034_cleanroom/caravel_r11/phase3/stage3/extracted/user_project_wrapper.spef line 10568, net ANTENNA_239 not found.
Warning: /foss/designs/_bench7_caravel_v1034_cleanroom/caravel_r11/phase3/stage3/extracted/user_project_wrapper.spef line 10570, net ANTENNA_238 not found.
Warning: /foss/designs/_bench7_caravel_v1034_cleanroom/caravel_r11/phase3/stage3/extracted/user_project_wrapper.spef line 10572, net ANTENNA_237 not found.
Warning: /foss/designs/_bench7_caravel_v1034_cleanroom/caravel_r11/phase3/stage3/extracted/user_project_wrapper.spef line 10574, net ANTENNA_236 not found.
Warning: /foss/designs/_bench7_caravel_v1034_cleanroom/caravel_r11/phase3/stage3/extracted/user_project_wrapper.spef line 10576, net ANTENNA_235 not found.
Warning: /foss/designs/_bench7_caravel_v1034_cleanroom/caravel_r11/phase3/stage3/extracted/user_project_wrapper.spef line 10578, net ANTENNA_234 not found.
Warning: /foss/designs/_bench7_caravel_v1034_cleanroom/caravel_r11/phase3/stage3/extracted/user_project_wrapper.spef line 10580, net ANTENNA_233 not found.
Warning: /foss/designs/_bench7_caravel_v1034_cleanroom/caravel_r11/phase3/stage3/extracted/user_project_wrapper.spef line 10582, net ANTENNA_232 not found.
Warning: /foss/designs/_bench7_caravel_v1034_cleanroom/caravel_r11/phase3/stage3/extracted/user_project_wrapper.spef line 10584, net ANTENNA_231 not found.
Warning: /foss/designs/_bench7_caravel_v1034_cleanroom/caravel_r11/phase3/stage3/extracted/user_project_wrapper.spef line 10586, net ANTENNA_242 not found.
Warning: /foss/designs/_bench7_caravel_v1034_cleanroom/caravel_r11/phase3/stage3/extracted/user_project_wrapper.spef line 10588, net ANTENNA_243 not found.
Warning: /foss/designs/_bench7_caravel_v1034_cleanroom/caravel_r11/phase3/stage3/extracted/user_project_wrapper.spef line 10589, net ANTENNA_244 not found.
Warning: /foss/designs/_bench7_caravel_v1034_cleanroom/caravel_r11/phase3/stage3/extracted/user_project_wrapper.spef line 10590, net ANTENNA_231 not found.
Warning: /foss/designs/_bench7_caravel_v1034_cleanroom/caravel_r11/phase3/stage3/extracted/user_project_wrapper.spef line 10591, net ANTENNA_243 not found.
Warning: /foss/designs/_bench7_caravel_v1034_cleanroom/caravel_r11/phase3/stage3/extracted/user_project_wrapper.spef line 10592, net ANTENNA_244 not found.
Warning: /foss/designs/_bench7_caravel_v1034_cleanroom/caravel_r11/phase3/stage3/extracted/user_project_wrapper.spef line 10593, net ANTENNA_245 not found.
Warning: /foss/designs/_bench7_caravel_v1034_cleanroom/caravel_r11/phase3/stage3/extracted/user_project_wrapper.spef line 10595, net ANTENNA_246 not found.
Warning: /foss/designs/_bench7_caravel_v1034_cleanroom/caravel_r11/phase3/stage3/extracted/user_project_wrapper.spef line 10597, net ANTENNA_247 not found.
Warning: /foss/designs/_bench7_caravel_v1034_cleanroom/caravel_r11/phase3/stage3/extracted/user_project_wrapper.spef line 10599, net ANTENNA_248 not found.
Warning: /foss/designs/_bench7_caravel_v1034_cleanroom/caravel_r11/phase3/stage3/extracted/user_project_wrapper.spef line 10600, net ANTENNA_249 not found.
Warning: /foss/designs/_bench7_caravel_v1034_cleanroom/caravel_r11/phase3/stage3/extracted/user_project_wrapper.spef line 10601, net ANTENNA_249 not found.
Warning: /foss/designs/_bench7_caravel_v1034_cleanroom/caravel_r11/phase3/stage3/extracted/user_project_wrapper.spef line 10602, net ANTENNA_250 not found.
Warning: /foss/designs/_bench7_caravel_v1034_cleanroom/caravel_r11/phase3/stage3/extracted/user_project_wrapper.spef line 10604, net ANTENNA_251 not found.
Warning: /foss/designs/_bench7_caravel_v1034_cleanroom/caravel_r11/phase3/stage3/extracted/user_project_wrapper.spef line 10605, net ANTENNA_252 not found.
Warning: /foss/designs/_bench7_caravel_v1034_cleanroom/caravel_r11/phase3/stage3/extracted/user_project_wrapper.spef line 10610, instance ANTENNA_258 not found.
Warning: /foss/designs/_bench7_caravel_v1034_cleanroom/caravel_r11/phase3/stage3/extracted/user_project_wrapper.spef line 10611, instance ANTENNA_257 not found.
Warning: /foss/designs/_bench7_caravel_v1034_cleanroom/caravel_r11/phase3/stage3/extracted/user_project_wrapper.spef line 10612, instance ANTENNA_260 not found.
Warning: /foss/designs/_bench7_caravel_v1034_cleanroom/caravel_r11/phase3/stage3/extracted/user_project_wrapper.spef line 10615, instance ANTENNA_254 not found.
Warning: /foss/designs/_bench7_caravel_v1034_cleanroom/caravel_r11/phase3/stage3/extracted/user_project_wrapper.spef line 10616, instance ANTENNA_253 not found.
Warning: /foss/designs/_bench7_caravel_v1034_cleanroom/caravel_r11/phase3/stage3/extracted/user_project_wrapper.spef line 10617, instance ANTENNA_255 not found.
Warning: /foss/designs/_bench7_caravel_v1034_cleanroom/caravel_r11/phase3/stage3/extracted/user_project_wrapper.spef line 10619, instance ANTENNA_256 not found.
Warning: /foss/designs/_bench7_caravel_v1034_cleanroom/caravel_r11/phase3/stage3/extracted/user_project_wrapper.spef line 10621, instance ANTENNA_261 not found.
Warning: /foss/designs/_bench7_caravel_v1034_cleanroom/caravel_r11/phase3/stage3/extracted/user_project_wrapper.spef line 10622, instance ANTENNA_262 not found.
Warning: /foss/designs/_bench7_caravel_v1034_cleanroom/caravel_r11/phase3/stage3/extracted/user_project_wrapper.spef line 10624, instance ANTENNA_259 not found.
Warning: /foss/designs/_bench7_caravel_v1034_cleanroom/caravel_r11/phase3/stage3/extracted/user_project_wrapper.spef line 10628, net ANTENNA_258 not found.
Warning: /foss/designs/_bench7_caravel_v1034_cleanroom/caravel_r11/phase3/stage3/extracted/user_project_wrapper.spef line 10629, net ANTENNA_257 not found.
Warning: /foss/designs/_bench7_caravel_v1034_cleanroom/caravel_r11/phase3/stage3/extracted/user_project_wrapper.spef line 10630, net ANTENNA_260 not found.
Warning: /foss/designs/_bench7_caravel_v1034_cleanroom/caravel_r11/phase3/stage3/extracted/user_project_wrapper.spef line 10633, net ANTENNA_254 not found.
Warning: /foss/designs/_bench7_caravel_v1034_cleanroom/caravel_r11/phase3/stage3/extracted/user_project_wrapper.spef line 10634, net ANTENNA_253 not found.
Warning: /foss/designs/_bench7_caravel_v1034_cleanroom/caravel_r11/phase3/stage3/extracted/user_project_wrapper.spef line 10635, net ANTENNA_255 not found.
Warning: /foss/designs/_bench7_caravel_v1034_cleanroom/caravel_r11/phase3/stage3/extracted/user_project_wrapper.spef line 10637, net ANTENNA_256 not found.
Warning: /foss/designs/_bench7_caravel_v1034_cleanroom/caravel_r11/phase3/stage3/extracted/user_project_wrapper.spef line 10639, net ANTENNA_261 not found.
Warning: /foss/designs/_bench7_caravel_v1034_cleanroom/caravel_r11/phase3/stage3/extracted/user_project_wrapper.spef line 10640, net ANTENNA_262 not found.
Warning: /foss/designs/_bench7_caravel_v1034_cleanroom/caravel_r11/phase3/stage3/extracted/user_project_wrapper.spef line 10642, net ANTENNA_259 not found.
Warning: /foss/designs/_bench7_caravel_v1034_cleanroom/caravel_r11/phase3/stage3/extracted/user_project_wrapper.spef line 10656, net ANTENNA_255 not found.
Warning: /foss/designs/_bench7_caravel_v1034_cleanroom/caravel_r11/phase3/stage3/extracted/user_project_wrapper.spef line 10657, net ANTENNA_255 not found.
Warning: /foss/designs/_bench7_caravel_v1034_cleanroom/caravel_r11/phase3/stage3/extracted/user_project_wrapper.spef line 10658, net ANTENNA_256 not found.
Warning: /foss/designs/_bench7_caravel_v1034_cleanroom/caravel_r11/phase3/stage3/extracted/user_project_wrapper.spef line 10670, net ANTENNA_35 not found.
Warning: /foss/designs/_bench7_caravel_v1034_cleanroom/caravel_r11/phase3/stage3/extracted/user_project_wrapper.spef line 10671, net ANTENNA_39 not found.
Warning: /foss/designs/_bench7_caravel_v1034_cleanroom/caravel_r11/phase3/stage3/extracted/user_project_wrapper.spef line 10672, net ANTENNA_43 not found.
Warning: /foss/designs/_bench7_caravel_v1034_cleanroom/caravel_r11/phase3/stage3/extracted/user_project_wrapper.spef line 10673, net ANTENNA_256 not found.
Warning: /foss/designs/_bench7_caravel_v1034_cleanroom/caravel_r11/phase3/stage3/extracted/user_project_wrapper.spef line 10676, net ANTENNA_258 not found.
Warning: /foss/designs/_bench7_caravel_v1034_cleanroom/caravel_r11/phase3/stage3/extracted/user_project_wrapper.spef line 10682, net ANTENNA_255 not found.
Warning: /foss/designs/_bench7_caravel_v1034_cleanroom/caravel_r11/phase3/stage3/extracted/user_project_wrapper.spef line 10686, net ANTENNA_256 not found.
Warning: /foss/designs/_bench7_caravel_v1034_cleanroom/caravel_r11/phase3/stage3/extracted/user_project_wrapper.spef line 10687, net ANTENNA_255 not found.
Warning: /foss/designs/_bench7_caravel_v1034_cleanroom/caravel_r11/phase3/stage3/extracted/user_project_wrapper.spef line 10696, net ANTENNA_255 not found.
Warning: /foss/designs/_bench7_caravel_v1034_cleanroom/caravel_r11/phase3/stage3/extracted/user_project_wrapper.spef line 10698, net ANTENNA_259 not found.
Warning: /foss/designs/_bench7_caravel_v1034_cleanroom/caravel_r11/phase3/stage3/extracted/user_project_wrapper.spef line 10707, net ANTENNA_255 not found.
Warning: /foss/designs/_bench7_caravel_v1034_cleanroom/caravel_r11/phase3/stage3/extracted/user_project_wrapper.spef line 10709, net ANTENNA_256 not found.
Warning: /foss/designs/_bench7_caravel_v1034_cleanroom/caravel_r11/phase3/stage3/extracted/user_project_wrapper.spef line 10717, net net13 not found.
Warning: /foss/designs/_bench7_caravel_v1034_cleanroom/caravel_r11/phase3/stage3/extracted/user_project_wrapper.spef line 10722, net ANTENNA_259 not found.
Warning: /foss/designs/_bench7_caravel_v1034_cleanroom/caravel_r11/phase3/stage3/extracted/user_project_wrapper.spef line 10728, net ANTENNA_262 not found.
Warning: /foss/designs/_bench7_caravel_v1034_cleanroom/caravel_r11/phase3/stage3/extracted/user_project_wrapper.spef line 10729, net ANTENNA_261 not found.
Warning: /foss/designs/_bench7_caravel_v1034_cleanroom/caravel_r11/phase3/stage3/extracted/user_project_wrapper.spef line 10733, net ANTENNA_256 not found.
Warning: /foss/designs/_bench7_caravel_v1034_cleanroom/caravel_r11/phase3/stage3/extracted/user_project_wrapper.spef line 10735, net ANTENNA_255 not found.
Warning: /foss/designs/_bench7_caravel_v1034_cleanroom/caravel_r11/phase3/stage3/extracted/user_project_wrapper.spef line 10737, net ANTENNA_253 not found.
Warning: /foss/designs/_bench7_caravel_v1034_cleanroom/caravel_r11/phase3/stage3/extracted/user_project_wrapper.spef line 10738, net ANTENNA_254 not found.
Warning: /foss/designs/_bench7_caravel_v1034_cleanroom/caravel_r11/phase3/stage3/extracted/user_project_wrapper.spef line 10740, net ANTENNA_259 not found.
Warning: /foss/designs/_bench7_caravel_v1034_cleanroom/caravel_r11/phase3/stage3/extracted/user_project_wrapper.spef line 10743, net ANTENNA_260 not found.
Warning: /foss/designs/_bench7_caravel_v1034_cleanroom/caravel_r11/phase3/stage3/extracted/user_project_wrapper.spef line 10745, net ANTENNA_257 not found.
Warning: /foss/designs/_bench7_caravel_v1034_cleanroom/caravel_r11/phase3/stage3/extracted/user_project_wrapper.spef line 10746, net ANTENNA_258 not found.
Warning: /foss/designs/_bench7_caravel_v1034_cleanroom/caravel_r11/phase3/stage3/extracted/user_project_wrapper.spef line 10751, instance ANTENNA_270 not found.
Warning: /foss/designs/_bench7_caravel_v1034_cleanroom/caravel_r11/phase3/stage3/extracted/user_project_wrapper.spef line 10752, instance ANTENNA_265 not found.
Warning: /foss/designs/_bench7_caravel_v1034_cleanroom/caravel_r11/phase3/stage3/extracted/user_project_wrapper.spef line 10753, instance ANTENNA_272 not found.
Warning: /foss/designs/_bench7_caravel_v1034_cleanroom/caravel_r11/phase3/stage3/extracted/user_project_wrapper.spef line 10754, instance ANTENNA_278 not found.
Warning: /foss/designs/_bench7_caravel_v1034_cleanroom/caravel_r11/phase3/stage3/extracted/user_project_wrapper.spef line 10755, instance ANTENNA_277 not found.
Warning: /foss/designs/_bench7_caravel_v1034_cleanroom/caravel_r11/phase3/stage3/extracted/user_project_wrapper.spef line 10756, instance ANTENNA_276 not found.
Warning: /foss/designs/_bench7_caravel_v1034_cleanroom/caravel_r11/phase3/stage3/extracted/user_project_wrapper.spef line 10757, instance ANTENNA_274 not found.
Warning: /foss/designs/_bench7_caravel_v1034_cleanroom/caravel_r11/phase3/stage3/extracted/user_project_wrapper.spef line 10758, instance ANTENNA_271 not found.
Warning: /foss/designs/_bench7_caravel_v1034_cleanroom/caravel_r11/phase3/stage3/extracted/user_project_wrapper.spef line 10759, instance ANTENNA_273 not found.
Warning: /foss/designs/_bench7_caravel_v1034_cleanroom/caravel_r11/phase3/stage3/extracted/user_project_wrapper.spef line 10760, instance ANTENNA_275 not found.
Warning: /foss/designs/_bench7_caravel_v1034_cleanroom/caravel_r11/phase3/stage3/extracted/user_project_wrapper.spef line 10765, instance ANTENNA_269 not found.
Warning: /foss/designs/_bench7_caravel_v1034_cleanroom/caravel_r11/phase3/stage3/extracted/user_project_wrapper.spef line 10766, instance ANTENNA_268 not found.
Warning: /foss/designs/_bench7_caravel_v1034_cleanroom/caravel_r11/phase3/stage3/extracted/user_project_wrapper.spef line 10767, instance ANTENNA_267 not found.
Warning: /foss/designs/_bench7_caravel_v1034_cleanroom/caravel_r11/phase3/stage3/extracted/user_project_wrapper.spef line 10768, instance ANTENNA_266 not found.
Warning: /foss/designs/_bench7_caravel_v1034_cleanroom/caravel_r11/phase3/stage3/extracted/user_project_wrapper.spef line 10769, instance ANTENNA_263 not found.
Warning: /foss/designs/_bench7_caravel_v1034_cleanroom/caravel_r11/phase3/stage3/extracted/user_project_wrapper.spef line 10770, instance ANTENNA_264 not found.
Warning: /foss/designs/_bench7_caravel_v1034_cleanroom/caravel_r11/phase3/stage3/extracted/user_project_wrapper.spef line 10774, net ANTENNA_270 not found.
Warning: /foss/designs/_bench7_caravel_v1034_cleanroom/caravel_r11/phase3/stage3/extracted/user_project_wrapper.spef line 10775, net ANTENNA_265 not found.
Warning: /foss/designs/_bench7_caravel_v1034_cleanroom/caravel_r11/phase3/stage3/extracted/user_project_wrapper.spef line 10776, net ANTENNA_272 not found.
Warning: /foss/designs/_bench7_caravel_v1034_cleanroom/caravel_r11/phase3/stage3/extracted/user_project_wrapper.spef line 10777, net ANTENNA_278 not found.
Warning: /foss/designs/_bench7_caravel_v1034_cleanroom/caravel_r11/phase3/stage3/extracted/user_project_wrapper.spef line 10778, net ANTENNA_277 not found.
Warning: /foss/designs/_bench7_caravel_v1034_cleanroom/caravel_r11/phase3/stage3/extracted/user_project_wrapper.spef line 10779, net ANTENNA_276 not found.
Warning: /foss/designs/_bench7_caravel_v1034_cleanroom/caravel_r11/phase3/stage3/extracted/user_project_wrapper.spef line 10780, net ANTENNA_274 not found.
Warning: /foss/designs/_bench7_caravel_v1034_cleanroom/caravel_r11/phase3/stage3/extracted/user_project_wrapper.spef line 10781, net ANTENNA_271 not found.
Warning: /foss/designs/_bench7_caravel_v1034_cleanroom/caravel_r11/phase3/stage3/extracted/user_project_wrapper.spef line 10782, net ANTENNA_273 not found.
Warning: /foss/designs/_bench7_caravel_v1034_cleanroom/caravel_r11/phase3/stage3/extracted/user_project_wrapper.spef line 10783, net ANTENNA_275 not found.
Warning: /foss/designs/_bench7_caravel_v1034_cleanroom/caravel_r11/phase3/stage3/extracted/user_project_wrapper.spef line 10788, net ANTENNA_269 not found.
Warning: /foss/designs/_bench7_caravel_v1034_cleanroom/caravel_r11/phase3/stage3/extracted/user_project_wrapper.spef line 10789, net ANTENNA_268 not found.
Warning: /foss/designs/_bench7_caravel_v1034_cleanroom/caravel_r11/phase3/stage3/extracted/user_project_wrapper.spef line 10790, net ANTENNA_267 not found.
Warning: /foss/designs/_bench7_caravel_v1034_cleanroom/caravel_r11/phase3/stage3/extracted/user_project_wrapper.spef line 10791, net ANTENNA_266 not found.
Warning: /foss/designs/_bench7_caravel_v1034_cleanroom/caravel_r11/phase3/stage3/extracted/user_project_wrapper.spef line 10792, net ANTENNA_263 not found.
Warning: /foss/designs/_bench7_caravel_v1034_cleanroom/caravel_r11/phase3/stage3/extracted/user_project_wrapper.spef line 10793, net ANTENNA_264 not found.
Warning: /foss/designs/_bench7_caravel_v1034_cleanroom/caravel_r11/phase3/stage3/extracted/user_project_wrapper.spef line 10812, net ANTENNA_265 not found.
Warning: /foss/designs/_bench7_caravel_v1034_cleanroom/caravel_r11/phase3/stage3/extracted/user_project_wrapper.spef line 10813, net ANTENNA_267 not found.
Warning: /foss/designs/_bench7_caravel_v1034_cleanroom/caravel_r11/phase3/stage3/extracted/user_project_wrapper.spef line 10814, net ANTENNA_267 not found.
Warning: /foss/designs/_bench7_caravel_v1034_cleanroom/caravel_r11/phase3/stage3/extracted/user_project_wrapper.spef line 10814, net clknet_2_1__leaf_mprj.counter.clk not found.
Warning: /foss/designs/_bench7_caravel_v1034_cleanroom/caravel_r11/phase3/stage3/extracted/user_project_wrapper.spef line 10815, net ANTENNA_269 not found.
Warning: /foss/designs/_bench7_caravel_v1034_cleanroom/caravel_r11/phase3/stage3/extracted/user_project_wrapper.spef line 10816, net ANTENNA_272 not found.
Warning: /foss/designs/_bench7_caravel_v1034_cleanroom/caravel_r11/phase3/stage3/extracted/user_project_wrapper.spef line 10817, net ANTENNA_274 not found.
Warning: /foss/designs/_bench7_caravel_v1034_cleanroom/caravel_r11/phase3/stage3/extracted/user_project_wrapper.spef line 10835, net ANTENNA_209 not found.
Warning: /foss/designs/_bench7_caravel_v1034_cleanroom/caravel_r11/phase3/stage3/extracted/user_project_wrapper.spef line 10836, net ANTENNA_228 not found.
Warning: /foss/designs/_bench7_caravel_v1034_cleanroom/caravel_r11/phase3/stage3/extracted/user_project_wrapper.spef line 10836, net ANTENNA_269 not found.
Warning: /foss/designs/_bench7_caravel_v1034_cleanroom/caravel_r11/phase3/stage3/extracted/user_project_wrapper.spef line 10837, net ANTENNA_244 not found.
Warning: /foss/designs/_bench7_caravel_v1034_cleanroom/caravel_r11/phase3/stage3/extracted/user_project_wrapper.spef line 10838, net ANTENNA_249 not found.
Warning: /foss/designs/_bench7_caravel_v1034_cleanroom/caravel_r11/phase3/stage3/extracted/user_project_wrapper.spef line 10839, net ANTENNA_252 not found.
Warning: /foss/designs/_bench7_caravel_v1034_cleanroom/caravel_r11/phase3/stage3/extracted/user_project_wrapper.spef line 10846, net ANTENNA_269 not found.
Warning: /foss/designs/_bench7_caravel_v1034_cleanroom/caravel_r11/phase3/stage3/extracted/user_project_wrapper.spef line 10847, net ANTENNA_270 not found.
Warning: /foss/designs/_bench7_caravel_v1034_cleanroom/caravel_r11/phase3/stage3/extracted/user_project_wrapper.spef line 10850, net ANTENNA_274 not found.
Warning: /foss/designs/_bench7_caravel_v1034_cleanroom/caravel_r11/phase3/stage3/extracted/user_project_wrapper.spef line 10852, net ANTENNA_265 not found.
Warning: /foss/designs/_bench7_caravel_v1034_cleanroom/caravel_r11/phase3/stage3/extracted/user_project_wrapper.spef line 10853, net ANTENNA_267 not found.
Warning: /foss/designs/_bench7_caravel_v1034_cleanroom/caravel_r11/phase3/stage3/extracted/user_project_wrapper.spef line 10892, net ANTENNA_264 not found.
Warning: /foss/designs/_bench7_caravel_v1034_cleanroom/caravel_r11/phase3/stage3/extracted/user_project_wrapper.spef line 10893, net ANTENNA_263 not found.
Warning: /foss/designs/_bench7_caravel_v1034_cleanroom/caravel_r11/phase3/stage3/extracted/user_project_wrapper.spef line 10896, net ANTENNA_266 not found.
Warning: /foss/designs/_bench7_caravel_v1034_cleanroom/caravel_r11/phase3/stage3/extracted/user_project_wrapper.spef line 10898, net ANTENNA_267 not found.
Warning: /foss/designs/_bench7_caravel_v1034_cleanroom/caravel_r11/phase3/stage3/extracted/user_project_wrapper.spef line 10899, net ANTENNA_268 not found.
Warning: /foss/designs/_bench7_caravel_v1034_cleanroom/caravel_r11/phase3/stage3/extracted/user_project_wrapper.spef line 10900, net ANTENNA_269 not found.
Warning: /foss/designs/_bench7_caravel_v1034_cleanroom/caravel_r11/phase3/stage3/extracted/user_project_wrapper.spef line 10909, net ANTENNA_275 not found.
Warning: /foss/designs/_bench7_caravel_v1034_cleanroom/caravel_r11/phase3/stage3/extracted/user_project_wrapper.spef line 10912, net ANTENNA_273 not found.
Warning: /foss/designs/_bench7_caravel_v1034_cleanroom/caravel_r11/phase3/stage3/extracted/user_project_wrapper.spef line 10914, net ANTENNA_271 not found.
Warning: /foss/designs/_bench7_caravel_v1034_cleanroom/caravel_r11/phase3/stage3/extracted/user_project_wrapper.spef line 10915, net ANTENNA_274 not found.
Warning: /foss/designs/_bench7_caravel_v1034_cleanroom/caravel_r11/phase3/stage3/extracted/user_project_wrapper.spef line 10917, net ANTENNA_276 not found.
Warning: /foss/designs/_bench7_caravel_v1034_cleanroom/caravel_r11/phase3/stage3/extracted/user_project_wrapper.spef line 10919, net ANTENNA_277 not found.
Warning: /foss/designs/_bench7_caravel_v1034_cleanroom/caravel_r11/phase3/stage3/extracted/user_project_wrapper.spef line 10921, net ANTENNA_278 not found.
Warning: /foss/designs/_bench7_caravel_v1034_cleanroom/caravel_r11/phase3/stage3/extracted/user_project_wrapper.spef line 10922, net ANTENNA_272 not found.
Warning: /foss/designs/_bench7_caravel_v1034_cleanroom/caravel_r11/phase3/stage3/extracted/user_project_wrapper.spef line 10923, net ANTENNA_267 not found.
Warning: /foss/designs/_bench7_caravel_v1034_cleanroom/caravel_r11/phase3/stage3/extracted/user_project_wrapper.spef line 10923, net ANTENNA_265 not found.
Warning: /foss/designs/_bench7_caravel_v1034_cleanroom/caravel_r11/phase3/stage3/extracted/user_project_wrapper.spef line 10924, net ANTENNA_269 not found.
Warning: /foss/designs/_bench7_caravel_v1034_cleanroom/caravel_r11/phase3/stage3/extracted/user_project_wrapper.spef line 10924, net ANTENNA_270 not found.
Warning: /foss/designs/_bench7_caravel_v1034_cleanroom/caravel_r11/phase3/stage3/extracted/user_project_wrapper.spef line 10986, net clknet_2_0__leaf_mprj.counter.clk not found.
Warning: /foss/designs/_bench7_caravel_v1034_cleanroom/caravel_r11/phase3/stage3/extracted/user_project_wrapper.spef line 10991, net clknet_2_2__leaf_mprj.counter.clk not found.
Warning: /foss/designs/_bench7_caravel_v1034_cleanroom/caravel_r11/phase3/stage3/extracted/user_project_wrapper.spef line 10992, net clknet_2_0__leaf_mprj.counter.clk not found.
Warning: /foss/designs/_bench7_caravel_v1034_cleanroom/caravel_r11/phase3/stage3/extracted/user_project_wrapper.spef line 10995, net clknet_2_0__leaf_mprj.counter.clk not found.
Warning: /foss/designs/_bench7_caravel_v1034_cleanroom/caravel_r11/phase3/stage3/extracted/user_project_wrapper.spef line 10998, net clknet_2_0__leaf_mprj.counter.clk not found.
Warning: /foss/designs/_bench7_caravel_v1034_cleanroom/caravel_r11/phase3/stage3/extracted/user_project_wrapper.spef line 10999, net clknet_2_0__leaf_mprj.counter.clk not found.
Warning: /foss/designs/_bench7_caravel_v1034_cleanroom/caravel_r11/phase3/stage3/extracted/user_project_wrapper.spef line 11000, net clknet_2_0__leaf_mprj.counter.clk not found.
Warning: /foss/designs/_bench7_caravel_v1034_cleanroom/caravel_r11/phase3/stage3/extracted/user_project_wrapper.spef line 11002, net clknet_2_0__leaf_mprj.counter.clk not found.
Warning: /foss/designs/_bench7_caravel_v1034_cleanroom/caravel_r11/phase3/stage3/extracted/user_project_wrapper.spef line 11003, net clknet_2_0__leaf_mprj.counter.clk not found.
Warning: /foss/designs/_bench7_caravel_v1034_cleanroom/caravel_r11/phase3/stage3/extracted/user_project_wrapper.spef line 11010, net clknet_2_2__leaf_mprj.counter.clk not found.
Warning: /foss/designs/_bench7_caravel_v1034_cleanroom/caravel_r11/phase3/stage3/extracted/user_project_wrapper.spef line 11013, net ANTENNA_7 not found.
Warning: /foss/designs/_bench7_caravel_v1034_cleanroom/caravel_r11/phase3/stage3/extracted/user_project_wrapper.spef line 11014, net ANTENNA_7 not found.
Warning: /foss/designs/_bench7_caravel_v1034_cleanroom/caravel_r11/phase3/stage3/extracted/user_project_wrapper.spef line 11057, net net2 not found.
Warning: /foss/designs/_bench7_caravel_v1034_cleanroom/caravel_r11/phase3/stage3/extracted/user_project_wrapper.spef line 11058, net net2 not found.
Warning: /foss/designs/_bench7_caravel_v1034_cleanroom/caravel_r11/phase3/stage3/extracted/user_project_wrapper.spef line 11153, net clknet_2_1__leaf_mprj.counter.clk not found.
Warning: /foss/designs/_bench7_caravel_v1034_cleanroom/caravel_r11/phase3/stage3/extracted/user_project_wrapper.spef line 11168, net clknet_2_1__leaf_mprj.counter.clk not found.
Warning: /foss/designs/_bench7_caravel_v1034_cleanroom/caravel_r11/phase3/stage3/extracted/user_project_wrapper.spef line 11212, net clknet_2_0__leaf_mprj.counter.clk not found.
Warning: /foss/designs/_bench7_caravel_v1034_cleanroom/caravel_r11/phase3/stage3/extracted/user_project_wrapper.spef line 11261, net net1 not found.
Warning: /foss/designs/_bench7_caravel_v1034_cleanroom/caravel_r11/phase3/stage3/extracted/user_project_wrapper.spef line 11263, net load_slew1 not found.
Warning: /foss/designs/_bench7_caravel_v1034_cleanroom/caravel_r11/phase3/stage3/extracted/user_project_wrapper.spef line 11264, net net2 not found.
Warning: /foss/designs/_bench7_caravel_v1034_cleanroom/caravel_r11/phase3/stage3/extracted/user_project_wrapper.spef line 11311, net clknet_0_mprj.counter.clk not found.
Warning: /foss/designs/_bench7_caravel_v1034_cleanroom/caravel_r11/phase3/stage3/extracted/user_project_wrapper.spef line 11340, net ANTENNA_81 not found.
Warning: /foss/designs/_bench7_caravel_v1034_cleanroom/caravel_r11/phase3/stage3/extracted/user_project_wrapper.spef line 11433, net clkload0 not found.
Warning: /foss/designs/_bench7_caravel_v1034_cleanroom/caravel_r11/phase3/stage3/extracted/user_project_wrapper.spef line 11437, net clknet_2_1__leaf_mprj.counter.clk not found.
Warning: /foss/designs/_bench7_caravel_v1034_cleanroom/caravel_r11/phase3/stage3/extracted/user_project_wrapper.spef line 11443, net clknet_2_2__leaf_mprj.counter.clk not found.
Warning: /foss/designs/_bench7_caravel_v1034_cleanroom/caravel_r11/phase3/stage3/extracted/user_project_wrapper.spef line 11451, net clknet_2_2__leaf_mprj.counter.clk not found.
Warning: /foss/designs/_bench7_caravel_v1034_cleanroom/caravel_r11/phase3/stage3/extracted/user_project_wrapper.spef line 11452, net clknet_2_2__leaf_mprj.counter.clk not found.
Warning: /foss/designs/_bench7_caravel_v1034_cleanroom/caravel_r11/phase3/stage3/extracted/user_project_wrapper.spef line 11455, net clknet_2_2__leaf_mprj.counter.clk not found.
Warning: /foss/designs/_bench7_caravel_v1034_cleanroom/caravel_r11/phase3/stage3/extracted/user_project_wrapper.spef line 11456, net ANTENNA_167 not found.
Warning: /foss/designs/_bench7_caravel_v1034_cleanroom/caravel_r11/phase3/stage3/extracted/user_project_wrapper.spef line 11457, net ANTENNA_169 not found.
Warning: /foss/designs/_bench7_caravel_v1034_cleanroom/caravel_r11/phase3/stage3/extracted/user_project_wrapper.spef line 11458, net ANTENNA_169 not found.
Warning: /foss/designs/_bench7_caravel_v1034_cleanroom/caravel_r11/phase3/stage3/extracted/user_project_wrapper.spef line 11459, net ANTENNA_172 not found.
Warning: /foss/designs/_bench7_caravel_v1034_cleanroom/caravel_r11/phase3/stage3/extracted/user_project_wrapper.spef line 11460, net ANTENNA_64 not found.
Warning: /foss/designs/_bench7_caravel_v1034_cleanroom/caravel_r11/phase3/stage3/extracted/user_project_wrapper.spef line 11461, net ANTENNA_75 not found.
Warning: /foss/designs/_bench7_caravel_v1034_cleanroom/caravel_r11/phase3/stage3/extracted/user_project_wrapper.spef line 11480, net net2 not found.
Warning: /foss/designs/_bench7_caravel_v1034_cleanroom/caravel_r11/phase3/stage3/extracted/user_project_wrapper.spef line 11481, net net2 not found.
Warning: /foss/designs/_bench7_caravel_v1034_cleanroom/caravel_r11/phase3/stage3/extracted/user_project_wrapper.spef line 11596, net clknet_2_2__leaf_mprj.counter.clk not found.
Warning: /foss/designs/_bench7_caravel_v1034_cleanroom/caravel_r11/phase3/stage3/extracted/user_project_wrapper.spef line 11598, net ANTENNA_255 not found.
Warning: /foss/designs/_bench7_caravel_v1034_cleanroom/caravel_r11/phase3/stage3/extracted/user_project_wrapper.spef line 11635, net ANTENNA_132 not found.
Warning: /foss/designs/_bench7_caravel_v1034_cleanroom/caravel_r11/phase3/stage3/extracted/user_project_wrapper.spef line 11726, net ANTENNA_7 not found.
Warning: /foss/designs/_bench7_caravel_v1034_cleanroom/caravel_r11/phase3/stage3/extracted/user_project_wrapper.spef line 11744, net ANTENNA_39 not found.
Warning: /foss/designs/_bench7_caravel_v1034_cleanroom/caravel_r11/phase3/stage3/extracted/user_project_wrapper.spef line 11795, net ANTENNA_256 not found.
Warning: /foss/designs/_bench7_caravel_v1034_cleanroom/caravel_r11/phase3/stage3/extracted/user_project_wrapper.spef line 11972, net net1 not found.
Warning: /foss/designs/_bench7_caravel_v1034_cleanroom/caravel_r11/phase3/stage3/extracted/user_project_wrapper.spef line 12010, net ANTENNA_140 not found.
Warning: /foss/designs/_bench7_caravel_v1034_cleanroom/caravel_r11/phase3/stage3/extracted/user_project_wrapper.spef line 12011, net ANTENNA_153 not found.
Warning: /foss/designs/_bench7_caravel_v1034_cleanroom/caravel_r11/phase3/stage3/extracted/user_project_wrapper.spef line 12012, net ANTENNA_153 not found.
Warning: /foss/designs/_bench7_caravel_v1034_cleanroom/caravel_r11/phase3/stage3/extracted/user_project_wrapper.spef line 12013, net ANTENNA_187 not found.
Warning: /foss/designs/_bench7_caravel_v1034_cleanroom/caravel_r11/phase3/stage3/extracted/user_project_wrapper.spef line 12014, net ANTENNA_191 not found.
Warning: /foss/designs/_bench7_caravel_v1034_cleanroom/caravel_r11/phase3/stage3/extracted/user_project_wrapper.spef line 12015, net ANTENNA_272 not found.
Warning: /foss/designs/_bench7_caravel_v1034_cleanroom/caravel_r11/phase3/stage3/extracted/user_project_wrapper.spef line 12016, net ANTENNA_87 not found.
Warning: /foss/designs/_bench7_caravel_v1034_cleanroom/caravel_r11/phase3/stage3/extracted/user_project_wrapper.spef line 12276, net clknet_2_1__leaf_mprj.counter.clk not found.
Warning: /foss/designs/_bench7_caravel_v1034_cleanroom/caravel_r11/phase3/stage3/extracted/user_project_wrapper.spef line 12292, net clknet_2_1__leaf_mprj.counter.clk not found.
Warning: /foss/designs/_bench7_caravel_v1034_cleanroom/caravel_r11/phase3/stage3/extracted/user_project_wrapper.spef line 12310, net ANTENNA_132 not found.
Warning: /foss/designs/_bench7_caravel_v1034_cleanroom/caravel_r11/phase3/stage3/extracted/user_project_wrapper.spef line 12311, net ANTENNA_143 not found.
Warning: /foss/designs/_bench7_caravel_v1034_cleanroom/caravel_r11/phase3/stage3/extracted/user_project_wrapper.spef line 12312, net ANTENNA_185 not found.
Warning: /foss/designs/_bench7_caravel_v1034_cleanroom/caravel_r11/phase3/stage3/extracted/user_project_wrapper.spef line 12313, net ANTENNA_265 not found.
Warning: /foss/designs/_bench7_caravel_v1034_cleanroom/caravel_r11/phase3/stage3/extracted/user_project_wrapper.spef line 12314, net ANTENNA_53 not found.
Warning: /foss/designs/_bench7_caravel_v1034_cleanroom/caravel_r11/phase3/stage3/extracted/user_project_wrapper.spef line 12720, net ANTENNA_139 not found.
Warning: /foss/designs/_bench7_caravel_v1034_cleanroom/caravel_r11/phase3/stage3/extracted/user_project_wrapper.spef line 12721, net ANTENNA_153 not found.
Warning: /foss/designs/_bench7_caravel_v1034_cleanroom/caravel_r11/phase3/stage3/extracted/user_project_wrapper.spef line 12750, net ANTENNA_142 not found.
Warning: /foss/designs/_bench7_caravel_v1034_cleanroom/caravel_r11/phase3/stage3/extracted/user_project_wrapper.spef line 12772, net clknet_2_1__leaf_mprj.counter.clk not found.
Warning: /foss/designs/_bench7_caravel_v1034_cleanroom/caravel_r11/phase3/stage3/extracted/user_project_wrapper.spef line 12801, net ANTENNA_139 not found.
Warning: /foss/designs/_bench7_caravel_v1034_cleanroom/caravel_r11/phase3/stage3/extracted/user_project_wrapper.spef line 12883, net clknet_2_1__leaf_mprj.counter.clk not found.
Warning: /foss/designs/_bench7_caravel_v1034_cleanroom/caravel_r11/phase3/stage3/extracted/user_project_wrapper.spef line 12917, net ANTENNA_153 not found.
Warning: /foss/designs/_bench7_caravel_v1034_cleanroom/caravel_r11/phase3/stage3/extracted/user_project_wrapper.spef line 12991, net ANTENNA_153 not found.
Warning: /foss/designs/_bench7_caravel_v1034_cleanroom/caravel_r11/phase3/stage3/extracted/user_project_wrapper.spef line 13046, net ANTENNA_164 not found.
Warning: /foss/designs/_bench7_caravel_v1034_cleanroom/caravel_r11/phase3/stage3/extracted/user_project_wrapper.spef line 13083, net clknet_2_1__leaf_mprj.counter.clk not found.
Warning: /foss/designs/_bench7_caravel_v1034_cleanroom/caravel_r11/phase3/stage3/extracted/user_project_wrapper.spef line 13087, net clknet_2_1__leaf_mprj.counter.clk not found.
Warning: /foss/designs/_bench7_caravel_v1034_cleanroom/caravel_r11/phase3/stage3/extracted/user_project_wrapper.spef line 13091, net ANTENNA_269 not found.
Warning: /foss/designs/_bench7_caravel_v1034_cleanroom/caravel_r11/phase3/stage3/extracted/user_project_wrapper.spef line 13143, net clknet_2_1__leaf_mprj.counter.clk not found.
Warning: /foss/designs/_bench7_caravel_v1034_cleanroom/caravel_r11/phase3/stage3/extracted/user_project_wrapper.spef line 13167, net clknet_2_1__leaf_mprj.counter.clk not found.
Warning: /foss/designs/_bench7_caravel_v1034_cleanroom/caravel_r11/phase3/stage3/extracted/user_project_wrapper.spef line 13223, net clknet_2_1__leaf_mprj.counter.clk not found.
Warning: /foss/designs/_bench7_caravel_v1034_cleanroom/caravel_r11/phase3/stage3/extracted/user_project_wrapper.spef line 13239, net clknet_2_1__leaf_mprj.counter.clk not found.
Warning: /foss/designs/_bench7_caravel_v1034_cleanroom/caravel_r11/phase3/stage3/extracted/user_project_wrapper.spef line 13240, net clknet_2_1__leaf_mprj.counter.clk not found.
Warning: /foss/designs/_bench7_caravel_v1034_cleanroom/caravel_r11/phase3/stage3/extracted/user_project_wrapper.spef line 13288, net clknet_2_1__leaf_mprj.counter.clk not found.
Warning: /foss/designs/_bench7_caravel_v1034_cleanroom/caravel_r11/phase3/stage3/extracted/user_project_wrapper.spef line 13310, net clknet_2_1__leaf_mprj.counter.clk not found.
Warning: /foss/designs/_bench7_caravel_v1034_cleanroom/caravel_r11/phase3/stage3/extracted/user_project_wrapper.spef line 13311, net clknet_2_1__leaf_mprj.counter.clk not found.
Warning: /foss/designs/_bench7_caravel_v1034_cleanroom/caravel_r11/phase3/stage3/extracted/user_project_wrapper.spef line 13418, net clknet_2_1__leaf_mprj.counter.clk not found.
Warning: /foss/designs/_bench7_caravel_v1034_cleanroom/caravel_r11/phase3/stage3/extracted/user_project_wrapper.spef line 13450, net clkload0 not found.
Warning: /foss/designs/_bench7_caravel_v1034_cleanroom/caravel_r11/phase3/stage3/extracted/user_project_wrapper.spef line 13451, net clknet_0_mprj.counter.clk not found.
Warning: /foss/designs/_bench7_caravel_v1034_cleanroom/caravel_r11/phase3/stage3/extracted/user_project_wrapper.spef line 13452, net clknet_2_1__leaf_mprj.counter.clk not found.
Warning: /foss/designs/_bench7_caravel_v1034_cleanroom/caravel_r11/phase3/stage3/extracted/user_project_wrapper.spef line 13453, net clknet_2_1__leaf_mprj.counter.clk not found.
Warning: /foss/designs/_bench7_caravel_v1034_cleanroom/caravel_r11/phase3/stage3/extracted/user_project_wrapper.spef line 13457, net ANTENNA_119 not found.
Warning: /foss/designs/_bench7_caravel_v1034_cleanroom/caravel_r11/phase3/stage3/extracted/user_project_wrapper.spef line 13458, net ANTENNA_120 not found.
Warning: /foss/designs/_bench7_caravel_v1034_cleanroom/caravel_r11/phase3/stage3/extracted/user_project_wrapper.spef line 13459, net ANTENNA_172 not found.
Warning: /foss/designs/_bench7_caravel_v1034_cleanroom/caravel_r11/phase3/stage3/extracted/user_project_wrapper.spef line 13505, net ANTENNA_227 not found.
Warning: /foss/designs/_bench7_caravel_v1034_cleanroom/caravel_r11/phase3/stage3/extracted/user_project_wrapper.spef line 13593, net clknet_2_0__leaf_mprj.counter.clk not found.
Warning: /foss/designs/_bench7_caravel_v1034_cleanroom/caravel_r11/phase3/stage3/extracted/user_project_wrapper.spef line 13613, net clknet_0_mprj.counter.clk not found.
Warning: /foss/designs/_bench7_caravel_v1034_cleanroom/caravel_r11/phase3/stage3/extracted/user_project_wrapper.spef line 13614, net ANTENNA_4 not found.
Warning: /foss/designs/_bench7_caravel_v1034_cleanroom/caravel_r11/phase3/stage3/extracted/user_project_wrapper.spef line 13754, net clknet_2_0__leaf_mprj.counter.clk not found.
Warning: /foss/designs/_bench7_caravel_v1034_cleanroom/caravel_r11/phase3/stage3/extracted/user_project_wrapper.spef line 13814, net ANTENNA_190 not found.
Warning: /foss/designs/_bench7_caravel_v1034_cleanroom/caravel_r11/phase3/stage3/extracted/user_project_wrapper.spef line 13815, net ANTENNA_196 not found.
Warning: /foss/designs/_bench7_caravel_v1034_cleanroom/caravel_r11/phase3/stage3/extracted/user_project_wrapper.spef line 13861, net ANTENNA_190 not found.
Warning: /foss/designs/_bench7_caravel_v1034_cleanroom/caravel_r11/phase3/stage3/extracted/user_project_wrapper.spef line 13994, net clkload0 not found.
Warning: /foss/designs/_bench7_caravel_v1034_cleanroom/caravel_r11/phase3/stage3/extracted/user_project_wrapper.spef line 13995, net ANTENNA_109 not found.
Warning: /foss/designs/_bench7_caravel_v1034_cleanroom/caravel_r11/phase3/stage3/extracted/user_project_wrapper.spef line 13996, net ANTENNA_167 not found.
Warning: /foss/designs/_bench7_caravel_v1034_cleanroom/caravel_r11/phase3/stage3/extracted/user_project_wrapper.spef line 13997, net ANTENNA_172 not found.
Warning: /foss/designs/_bench7_caravel_v1034_cleanroom/caravel_r11/phase3/stage3/extracted/user_project_wrapper.spef line 13998, net ANTENNA_190 not found.
Warning: /foss/designs/_bench7_caravel_v1034_cleanroom/caravel_r11/phase3/stage3/extracted/user_project_wrapper.spef line 13999, net ANTENNA_66 not found.
Warning: /foss/designs/_bench7_caravel_v1034_cleanroom/caravel_r11/phase3/stage3/extracted/user_project_wrapper.spef line 14000, net ANTENNA_81 not found.
Warning: /foss/designs/_bench7_caravel_v1034_cleanroom/caravel_r11/phase3/stage3/extracted/user_project_wrapper.spef line 14001, net ANTENNA_83 not found.
Warning: /foss/designs/_bench7_caravel_v1034_cleanroom/caravel_r11/phase3/stage3/extracted/user_project_wrapper.spef line 14002, net ANTENNA_83 not found.
Warning: /foss/designs/_bench7_caravel_v1034_cleanroom/caravel_r11/phase3/stage3/extracted/user_project_wrapper.spef line 14003, net ANTENNA_86 not found.
Warning: /foss/designs/_bench7_caravel_v1034_cleanroom/caravel_r11/phase3/stage3/extracted/user_project_wrapper.spef line 14004, net ANTENNA_91 not found.
Warning: /foss/designs/_bench7_caravel_v1034_cleanroom/caravel_r11/phase3/stage3/extracted/user_project_wrapper.spef line 14005, net ANTENNA_97 not found.
Warning: /foss/designs/_bench7_caravel_v1034_cleanroom/caravel_r11/phase3/stage3/extracted/user_project_wrapper.spef line 14041, net net2 not found.
Warning: /foss/designs/_bench7_caravel_v1034_cleanroom/caravel_r11/phase3/stage3/extracted/user_project_wrapper.spef line 14210, net clknet_2_2__leaf_mprj.counter.clk not found.
Warning: /foss/designs/_bench7_caravel_v1034_cleanroom/caravel_r11/phase3/stage3/extracted/user_project_wrapper.spef line 14285, net net2 not found.
Warning: /foss/designs/_bench7_caravel_v1034_cleanroom/caravel_r11/phase3/stage3/extracted/user_project_wrapper.spef line 14305, net net1 not found.
Warning: /foss/designs/_bench7_caravel_v1034_cleanroom/caravel_r11/phase3/stage3/extracted/user_project_wrapper.spef line 14307, net load_slew1 not found.
Warning: /foss/designs/_bench7_caravel_v1034_cleanroom/caravel_r11/phase3/stage3/extracted/user_project_wrapper.spef line 14309, net net2 not found.
Warning: /foss/designs/_bench7_caravel_v1034_cleanroom/caravel_r11/phase3/stage3/extracted/user_project_wrapper.spef line 14310, net net2 not found.
Warning: /foss/designs/_bench7_caravel_v1034_cleanroom/caravel_r11/phase3/stage3/extracted/user_project_wrapper.spef line 14311, net net2 not found.
Warning: /foss/designs/_bench7_caravel_v1034_cleanroom/caravel_r11/phase3/stage3/extracted/user_project_wrapper.spef line 14312, net net2 not found.
Warning: /foss/designs/_bench7_caravel_v1034_cleanroom/caravel_r11/phase3/stage3/extracted/user_project_wrapper.spef line 14313, net net2 not found.
Warning: /foss/designs/_bench7_caravel_v1034_cleanroom/caravel_r11/phase3/stage3/extracted/user_project_wrapper.spef line 14326, net ANTENNA_119 not found.
Warning: /foss/designs/_bench7_caravel_v1034_cleanroom/caravel_r11/phase3/stage3/extracted/user_project_wrapper.spef line 14327, net ANTENNA_120 not found.
Warning: /foss/designs/_bench7_caravel_v1034_cleanroom/caravel_r11/phase3/stage3/extracted/user_project_wrapper.spef line 14330, net net2 not found.
Warning: /foss/designs/_bench7_caravel_v1034_cleanroom/caravel_r11/phase3/stage3/extracted/user_project_wrapper.spef line 14331, net net2 not found.
Warning: /foss/designs/_bench7_caravel_v1034_cleanroom/caravel_r11/phase3/stage3/extracted/user_project_wrapper.spef line 14346, net clknet_0_mprj.counter.clk not found.
Warning: /foss/designs/_bench7_caravel_v1034_cleanroom/caravel_r11/phase3/stage3/extracted/user_project_wrapper.spef line 14352, net net2 not found.
Warning: /foss/designs/_bench7_caravel_v1034_cleanroom/caravel_r11/phase3/stage3/extracted/user_project_wrapper.spef line 14365, net clknet_0_mprj.counter.clk not found.
Warning: /foss/designs/_bench7_caravel_v1034_cleanroom/caravel_r11/phase3/stage3/extracted/user_project_wrapper.spef line 14386, net ANTENNA_58 not found.
Warning: /foss/designs/_bench7_caravel_v1034_cleanroom/caravel_r11/phase3/stage3/extracted/user_project_wrapper.spef line 14387, net ANTENNA_64 not found.
Warning: /foss/designs/_bench7_caravel_v1034_cleanroom/caravel_r11/phase3/stage3/extracted/user_project_wrapper.spef line 14429, net ANTENNA_58 not found.
Warning: /foss/designs/_bench7_caravel_v1034_cleanroom/caravel_r11/phase3/stage3/extracted/user_project_wrapper.spef line 14454, net clknet_2_2__leaf_mprj.counter.clk not found.
Warning: /foss/designs/_bench7_caravel_v1034_cleanroom/caravel_r11/phase3/stage3/extracted/user_project_wrapper.spef line 14455, net clknet_2_2__leaf_mprj.counter.clk not found.
Warning: /foss/designs/_bench7_caravel_v1034_cleanroom/caravel_r11/phase3/stage3/extracted/user_project_wrapper.spef line 14456, net ANTENNA_58 not found.
Warning: /foss/designs/_bench7_caravel_v1034_cleanroom/caravel_r11/phase3/stage3/extracted/user_project_wrapper.spef line 14512, net clknet_2_2__leaf_mprj.counter.clk not found.
Warning: /foss/designs/_bench7_caravel_v1034_cleanroom/caravel_r11/phase3/stage3/extracted/user_project_wrapper.spef line 14533, net ANTENNA_2 not found.
Warning: /foss/designs/_bench7_caravel_v1034_cleanroom/caravel_r11/phase3/stage3/extracted/user_project_wrapper.spef line 14534, net ANTENNA_75 not found.
Warning: /foss/designs/_bench7_caravel_v1034_cleanroom/caravel_r11/phase3/stage3/extracted/user_project_wrapper.spef line 14616, net ANTENNA_67 not found.
Warning: /foss/designs/_bench7_caravel_v1034_cleanroom/caravel_r11/phase3/stage3/extracted/user_project_wrapper.spef line 14617, net ANTENNA_69 not found.
Warning: /foss/designs/_bench7_caravel_v1034_cleanroom/caravel_r11/phase3/stage3/extracted/user_project_wrapper.spef line 14642, net clknet_2_2__leaf_mprj.counter.clk not found.
Warning: /foss/designs/_bench7_caravel_v1034_cleanroom/caravel_r11/phase3/stage3/extracted/user_project_wrapper.spef line 14643, net clknet_2_2__leaf_mprj.counter.clk not found.
Warning: /foss/designs/_bench7_caravel_v1034_cleanroom/caravel_r11/phase3/stage3/extracted/user_project_wrapper.spef line 14674, net ANTENNA_67 not found.
Warning: /foss/designs/_bench7_caravel_v1034_cleanroom/caravel_r11/phase3/stage3/extracted/user_project_wrapper.spef line 14692, net clknet_2_2__leaf_mprj.counter.clk not found.
Warning: /foss/designs/_bench7_caravel_v1034_cleanroom/caravel_r11/phase3/stage3/extracted/user_project_wrapper.spef line 14745, net clknet_0_mprj.counter.clk not found.
Warning: /foss/designs/_bench7_caravel_v1034_cleanroom/caravel_r11/phase3/stage3/extracted/user_project_wrapper.spef line 14748, net clknet_0_mprj.counter.clk not found.
Warning: /foss/designs/_bench7_caravel_v1034_cleanroom/caravel_r11/phase3/stage3/extracted/user_project_wrapper.spef line 14749, net clknet_2_2__leaf_mprj.counter.clk not found.
Warning: /foss/designs/_bench7_caravel_v1034_cleanroom/caravel_r11/phase3/stage3/extracted/user_project_wrapper.spef line 14750, net clknet_2_2__leaf_mprj.counter.clk not found.
Warning: /foss/designs/_bench7_caravel_v1034_cleanroom/caravel_r11/phase3/stage3/extracted/user_project_wrapper.spef line 14751, net clknet_2_2__leaf_mprj.counter.clk not found.
Warning: /foss/designs/_bench7_caravel_v1034_cleanroom/caravel_r11/phase3/stage3/extracted/user_project_wrapper.spef line 14753, net ANTENNA_12 not found.
Warning: /foss/designs/_bench7_caravel_v1034_cleanroom/caravel_r11/phase3/stage3/extracted/user_project_wrapper.spef line 14838, net ANTENNA_109 not found.
Warning: /foss/designs/_bench7_caravel_v1034_cleanroom/caravel_r11/phase3/stage3/extracted/user_project_wrapper.spef line 14856, net clknet_0_mprj.counter.clk not found.
Warning: /foss/designs/_bench7_caravel_v1034_cleanroom/caravel_r11/phase3/stage3/extracted/user_project_wrapper.spef line 14895, net clknet_0_mprj.counter.clk not found.
Warning: /foss/designs/_bench7_caravel_v1034_cleanroom/caravel_r11/phase3/stage3/extracted/user_project_wrapper.spef line 14957, net clknet_2_2__leaf_mprj.counter.clk not found.
Warning: /foss/designs/_bench7_caravel_v1034_cleanroom/caravel_r11/phase3/stage3/extracted/user_project_wrapper.spef line 14988, net ANTENNA_91 not found.
Warning: /foss/designs/_bench7_caravel_v1034_cleanroom/caravel_r11/phase3/stage3/extracted/user_project_wrapper.spef line 15064, net clknet_2_2__leaf_mprj.counter.clk not found.
Warning: /foss/designs/_bench7_caravel_v1034_cleanroom/caravel_r11/phase3/stage3/extracted/user_project_wrapper.spef line 15103, net ANTENNA_81 not found.
Warning: /foss/designs/_bench7_caravel_v1034_cleanroom/caravel_r11/phase3/stage3/extracted/user_project_wrapper.spef line 15164, net clknet_0_mprj.counter.clk not found.
Warning: /foss/designs/_bench7_caravel_v1034_cleanroom/caravel_r11/phase3/stage3/extracted/user_project_wrapper.spef line 15396, net ANTENNA_2 not found.
Warning: /foss/designs/_bench7_caravel_v1034_cleanroom/caravel_r11/phase3/stage3/extracted/user_project_wrapper.spef line 15397, net ANTENNA_35 not found.
Warning: /foss/designs/_bench7_caravel_v1034_cleanroom/caravel_r11/phase3/stage3/extracted/user_project_wrapper.spef line 15398, net ANTENNA_7 not found.
Warning: /foss/designs/_bench7_caravel_v1034_cleanroom/caravel_r11/phase3/stage3/extracted/user_project_wrapper.spef line 15586, net clknet_2_1__leaf_mprj.counter.clk not found.
Warning: /foss/designs/_bench7_caravel_v1034_cleanroom/caravel_r11/phase3/stage3/extracted/user_project_wrapper.spef line 15587, net clknet_2_1__leaf_mprj.counter.clk not found.
Warning: /foss/designs/_bench7_caravel_v1034_cleanroom/caravel_r11/phase3/stage3/extracted/user_project_wrapper.spef line 15589, net clknet_2_1__leaf_mprj.counter.clk not found.
Warning: /foss/designs/_bench7_caravel_v1034_cleanroom/caravel_r11/phase3/stage3/extracted/user_project_wrapper.spef line 15590, net clknet_0_mprj.counter.clk not found.
Warning: /foss/designs/_bench7_caravel_v1034_cleanroom/caravel_r11/phase3/stage3/extracted/user_project_wrapper.spef line 15591, net ANTENNA_143 not found.
Warning: /foss/designs/_bench7_caravel_v1034_cleanroom/caravel_r11/phase3/stage3/extracted/user_project_wrapper.spef line 15592, net ANTENNA_153 not found.
Warning: /foss/designs/_bench7_caravel_v1034_cleanroom/caravel_r11/phase3/stage3/extracted/user_project_wrapper.spef line 15593, net ANTENNA_187 not found.
Warning: /foss/designs/_bench7_caravel_v1034_cleanroom/caravel_r11/phase3/stage3/extracted/user_project_wrapper.spef line 15594, net ANTENNA_267 not found.
Warning: /foss/designs/_bench7_caravel_v1034_cleanroom/caravel_r11/phase3/stage3/extracted/user_project_wrapper.spef line 15595, net ANTENNA_66 not found.
Warning: /foss/designs/_bench7_caravel_v1034_cleanroom/caravel_r11/phase3/stage3/extracted/user_project_wrapper.spef line 15596, net ANTENNA_67 not found.
Warning: /foss/designs/_bench7_caravel_v1034_cleanroom/caravel_r11/phase3/stage3/extracted/user_project_wrapper.spef line 15597, net ANTENNA_71 not found.
Warning: /foss/designs/_bench7_caravel_v1034_cleanroom/caravel_r11/phase3/stage3/extracted/user_project_wrapper.spef line 15824, net clknet_0_mprj.counter.clk not found.
Warning: /foss/designs/_bench7_caravel_v1034_cleanroom/caravel_r11/phase3/stage3/extracted/user_project_wrapper.spef line 15826, instance clkbuf_2_3__f_mprj.counter.clk not found.
Warning: /foss/designs/_bench7_caravel_v1034_cleanroom/caravel_r11/phase3/stage3/extracted/user_project_wrapper.spef line 15827, instance clkbuf_2_2__f_mprj.counter.clk not found.
Warning: /foss/designs/_bench7_caravel_v1034_cleanroom/caravel_r11/phase3/stage3/extracted/user_project_wrapper.spef line 15828, instance clkbuf_2_1__f_mprj.counter.clk not found.
Warning: /foss/designs/_bench7_caravel_v1034_cleanroom/caravel_r11/phase3/stage3/extracted/user_project_wrapper.spef line 15829, instance clkbuf_2_0__f_mprj.counter.clk not found.
Warning: /foss/designs/_bench7_caravel_v1034_cleanroom/caravel_r11/phase3/stage3/extracted/user_project_wrapper.spef line 15830, instance clkbuf_0_mprj.counter.clk not found.
Warning: /foss/designs/_bench7_caravel_v1034_cleanroom/caravel_r11/phase3/stage3/extracted/user_project_wrapper.spef line 15897, net clknet_2_0__leaf_mprj.counter.clk not found.
Warning: /foss/designs/_bench7_caravel_v1034_cleanroom/caravel_r11/phase3/stage3/extracted/user_project_wrapper.spef line 15911, instance clkbuf_2_0__f_mprj.counter.clk not found.
Warning: /foss/designs/_bench7_caravel_v1034_cleanroom/caravel_r11/phase3/stage3/extracted/user_project_wrapper.spef line 16002, net clknet_2_1__leaf_mprj.counter.clk not found.
Warning: /foss/designs/_bench7_caravel_v1034_cleanroom/caravel_r11/phase3/stage3/extracted/user_project_wrapper.spef line 16004, instance clkload0 not found.
Warning: /foss/designs/_bench7_caravel_v1034_cleanroom/caravel_r11/phase3/stage3/extracted/user_project_wrapper.spef line 16013, instance clkbuf_2_1__f_mprj.counter.clk not found.
Warning: /foss/designs/_bench7_caravel_v1034_cleanroom/caravel_r11/phase3/stage3/extracted/user_project_wrapper.spef line 16131, net clknet_2_2__leaf_mprj.counter.clk not found.
Warning: /foss/designs/_bench7_caravel_v1034_cleanroom/caravel_r11/phase3/stage3/extracted/user_project_wrapper.spef line 16137, instance clkload1 not found.
Warning: /foss/designs/_bench7_caravel_v1034_cleanroom/caravel_r11/phase3/stage3/extracted/user_project_wrapper.spef line 16142, instance clkbuf_2_2__f_mprj.counter.clk not found.
Warning: /foss/designs/_bench7_caravel_v1034_cleanroom/caravel_r11/phase3/stage3/extracted/user_project_wrapper.spef line 16246, net clknet_2_3__leaf_mprj.counter.clk not found.
Warning: /foss/designs/_bench7_caravel_v1034_cleanroom/caravel_r11/phase3/stage3/extracted/user_project_wrapper.spef line 16252, instance clkload2 not found.
Warning: /foss/designs/_bench7_caravel_v1034_cleanroom/caravel_r11/phase3/stage3/extracted/user_project_wrapper.spef line 16254, instance clkbuf_2_3__f_mprj.counter.clk not found.
Warning: /foss/designs/_bench7_caravel_v1034_cleanroom/caravel_r11/phase3/stage3/extracted/user_project_wrapper.spef line 16311, instance clkbuf_0_mprj.counter.clk not found.
Warning: /foss/designs/_bench7_caravel_v1034_cleanroom/caravel_r11/phase3/stage3/extracted/user_project_wrapper.spef line 16315, net clkbuf_0_mprj.counter.clk not found.
Warning: /foss/designs/_bench7_caravel_v1034_cleanroom/caravel_r11/phase3/stage3/extracted/user_project_wrapper.spef line 16325, net clkbuf_0_mprj.counter.clk not found.
Warning: /foss/designs/_bench7_caravel_v1034_cleanroom/caravel_r11/phase3/stage3/extracted/user_project_wrapper.spef line 16329, instance wire5 not found.
Warning: /foss/designs/_bench7_caravel_v1034_cleanroom/caravel_r11/phase3/stage3/extracted/user_project_wrapper.spef line 16330, instance ANTENNA_10 not found.
Warning: /foss/designs/_bench7_caravel_v1034_cleanroom/caravel_r11/phase3/stage3/extracted/user_project_wrapper.spef line 16334, net wire5 not found.
Warning: /foss/designs/_bench7_caravel_v1034_cleanroom/caravel_r11/phase3/stage3/extracted/user_project_wrapper.spef line 16335, net ANTENNA_10 not found.
Warning: /foss/designs/_bench7_caravel_v1034_cleanroom/caravel_r11/phase3/stage3/extracted/user_project_wrapper.spef line 16350, net ANTENNA_10 not found.
Warning: /foss/designs/_bench7_caravel_v1034_cleanroom/caravel_r11/phase3/stage3/extracted/user_project_wrapper.spef line 16351, net ANTENNA_10 not found.
Warning: /foss/designs/_bench7_caravel_v1034_cleanroom/caravel_r11/phase3/stage3/extracted/user_project_wrapper.spef line 16351, net wire5 not found.
Warning: /foss/designs/_bench7_caravel_v1034_cleanroom/caravel_r11/phase3/stage3/extracted/user_project_wrapper.spef line 16355, instance wire4 not found.
Warning: /foss/designs/_bench7_caravel_v1034_cleanroom/caravel_r11/phase3/stage3/extracted/user_project_wrapper.spef line 16359, net wire4 not found.
Warning: /foss/designs/_bench7_caravel_v1034_cleanroom/caravel_r11/phase3/stage3/extracted/user_project_wrapper.spef line 16370, net wire4 not found.
Warning: /foss/designs/_bench7_caravel_v1034_cleanroom/caravel_r11/phase3/stage3/extracted/user_project_wrapper.spef line 16374, instance wire3 not found.
Warning: /foss/designs/_bench7_caravel_v1034_cleanroom/caravel_r11/phase3/stage3/extracted/user_project_wrapper.spef line 16378, net wire3 not found.
Warning: /foss/designs/_bench7_caravel_v1034_cleanroom/caravel_r11/phase3/stage3/extracted/user_project_wrapper.spef line 16382, net wire3 not found.
Warning: /foss/designs/_bench7_caravel_v1034_cleanroom/caravel_r11/phase3/stage3/extracted/user_project_wrapper.spef line 16382, net wire14 not found.
Warning: /foss/designs/_bench7_caravel_v1034_cleanroom/caravel_r11/phase3/stage3/extracted/user_project_wrapper.spef line 16392, net wire3 not found.
Warning: /foss/designs/_bench7_caravel_v1034_cleanroom/caravel_r11/phase3/stage3/extracted/user_project_wrapper.spef line 16396, instance wire14 not found.
Warning: /foss/designs/_bench7_caravel_v1034_cleanroom/caravel_r11/phase3/stage3/extracted/user_project_wrapper.spef line 16400, net wire14 not found.
Warning: /foss/designs/_bench7_caravel_v1034_cleanroom/caravel_r11/phase3/stage3/extracted/user_project_wrapper.spef line 16409, net wire3 not found.
Warning: /foss/designs/_bench7_caravel_v1034_cleanroom/caravel_r11/phase3/stage3/extracted/user_project_wrapper.spef line 16409, net wire14 not found.
Warning: /foss/designs/_bench7_caravel_v1034_cleanroom/caravel_r11/phase3/stage3/extracted/user_project_wrapper.spef line 16411, net net10 not found.
Warning: /foss/designs/_bench7_caravel_v1034_cleanroom/caravel_r11/phase3/stage3/extracted/user_project_wrapper.spef line 16411, net wire14 not found.
Warning: /foss/designs/_bench7_caravel_v1034_cleanroom/caravel_r11/phase3/stage3/extracted/user_project_wrapper.spef line 16418, net wire14 not found.
Warning: /foss/designs/_bench7_caravel_v1034_cleanroom/caravel_r11/phase3/stage3/extracted/user_project_wrapper.spef line 16422, instance wire13 not found.
Warning: /foss/designs/_bench7_caravel_v1034_cleanroom/caravel_r11/phase3/stage3/extracted/user_project_wrapper.spef line 16426, net wire13 not found.
Warning: /foss/designs/_bench7_caravel_v1034_cleanroom/caravel_r11/phase3/stage3/extracted/user_project_wrapper.spef line 16432, net net14 not found.
Warning: /foss/designs/_bench7_caravel_v1034_cleanroom/caravel_r11/phase3/stage3/extracted/user_project_wrapper.spef line 16433, net net13 not found.
Warning: /foss/designs/_bench7_caravel_v1034_cleanroom/caravel_r11/phase3/stage3/extracted/user_project_wrapper.spef line 16433, net wire13 not found.
Warning: /foss/designs/_bench7_caravel_v1034_cleanroom/caravel_r11/phase3/stage3/extracted/user_project_wrapper.spef line 16439, net wire13 not found.
Warning: /foss/designs/_bench7_caravel_v1034_cleanroom/caravel_r11/phase3/stage3/extracted/user_project_wrapper.spef line 16443, instance wire12 not found.
Warning: /foss/designs/_bench7_caravel_v1034_cleanroom/caravel_r11/phase3/stage3/extracted/user_project_wrapper.spef line 16447, net wire12 not found.
Warning: /foss/designs/_bench7_caravel_v1034_cleanroom/caravel_r11/phase3/stage3/extracted/user_project_wrapper.spef line 16456, net wire12 not found.
Warning: /foss/designs/_bench7_caravel_v1034_cleanroom/caravel_r11/phase3/stage3/extracted/user_project_wrapper.spef line 16460, instance wire11 not found.
Warning: /foss/designs/_bench7_caravel_v1034_cleanroom/caravel_r11/phase3/stage3/extracted/user_project_wrapper.spef line 16464, net wire11 not found.
Warning: /foss/designs/_bench7_caravel_v1034_cleanroom/caravel_r11/phase3/stage3/extracted/user_project_wrapper.spef line 16480, net net11 not found.
Warning: /foss/designs/_bench7_caravel_v1034_cleanroom/caravel_r11/phase3/stage3/extracted/user_project_wrapper.spef line 16480, net wire11 not found.
Warning: /foss/designs/_bench7_caravel_v1034_cleanroom/caravel_r11/phase3/stage3/extracted/user_project_wrapper.spef line 16481, net clknet_2_1__leaf_mprj.counter.clk not found.
Warning: /foss/designs/_bench7_caravel_v1034_cleanroom/caravel_r11/phase3/stage3/extracted/user_project_wrapper.spef line 16485, net wire11 not found.
Warning: /foss/designs/_bench7_caravel_v1034_cleanroom/caravel_r11/phase3/stage3/extracted/user_project_wrapper.spef line 16489, instance wire10 not found.
Warning: /foss/designs/_bench7_caravel_v1034_cleanroom/caravel_r11/phase3/stage3/extracted/user_project_wrapper.spef line 16490, instance ANTENNA_11 not found.
Warning: /foss/designs/_bench7_caravel_v1034_cleanroom/caravel_r11/phase3/stage3/extracted/user_project_wrapper.spef line 16494, net wire10 not found.
Warning: /foss/designs/_bench7_caravel_v1034_cleanroom/caravel_r11/phase3/stage3/extracted/user_project_wrapper.spef line 16495, net ANTENNA_11 not found.
Warning: /foss/designs/_bench7_caravel_v1034_cleanroom/caravel_r11/phase3/stage3/extracted/user_project_wrapper.spef line 16503, net clknet_2_0__leaf_mprj.counter.clk not found.
Warning: /foss/designs/_bench7_caravel_v1034_cleanroom/caravel_r11/phase3/stage3/extracted/user_project_wrapper.spef line 16504, net clknet_2_0__leaf_mprj.counter.clk not found.
Warning: /foss/designs/_bench7_caravel_v1034_cleanroom/caravel_r11/phase3/stage3/extracted/user_project_wrapper.spef line 16505, net clknet_2_0__leaf_mprj.counter.clk not found.
Warning: /foss/designs/_bench7_caravel_v1034_cleanroom/caravel_r11/phase3/stage3/extracted/user_project_wrapper.spef line 16512, net ANTENNA_11 not found.
Warning: /foss/designs/_bench7_caravel_v1034_cleanroom/caravel_r11/phase3/stage3/extracted/user_project_wrapper.spef line 16513, net wire10 not found.
Warning: /foss/designs/_bench7_caravel_v1034_cleanroom/caravel_r11/phase3/stage3/extracted/user_project_wrapper.spef line 16517, instance wire9 not found.
Warning: /foss/designs/_bench7_caravel_v1034_cleanroom/caravel_r11/phase3/stage3/extracted/user_project_wrapper.spef line 16521, net wire9 not found.
Warning: /foss/designs/_bench7_caravel_v1034_cleanroom/caravel_r11/phase3/stage3/extracted/user_project_wrapper.spef line 16531, net wire9 not found.
Warning: /foss/designs/_bench7_caravel_v1034_cleanroom/caravel_r11/phase3/stage3/extracted/user_project_wrapper.spef line 16535, instance wire8 not found.
Warning: /foss/designs/_bench7_caravel_v1034_cleanroom/caravel_r11/phase3/stage3/extracted/user_project_wrapper.spef line 16539, net wire8 not found.
Warning: /foss/designs/_bench7_caravel_v1034_cleanroom/caravel_r11/phase3/stage3/extracted/user_project_wrapper.spef line 16545, net net2 not found.
Warning: /foss/designs/_bench7_caravel_v1034_cleanroom/caravel_r11/phase3/stage3/extracted/user_project_wrapper.spef line 16545, net wire8 not found.
Warning: /foss/designs/_bench7_caravel_v1034_cleanroom/caravel_r11/phase3/stage3/extracted/user_project_wrapper.spef line 16546, net net2 not found.
Warning: /foss/designs/_bench7_caravel_v1034_cleanroom/caravel_r11/phase3/stage3/extracted/user_project_wrapper.spef line 16547, net net2 not found.
Warning: /foss/designs/_bench7_caravel_v1034_cleanroom/caravel_r11/phase3/stage3/extracted/user_project_wrapper.spef line 16551, net wire8 not found.
Warning: /foss/designs/_bench7_caravel_v1034_cleanroom/caravel_r11/phase3/stage3/extracted/user_project_wrapper.spef line 16555, instance wire7 not found.
Warning: /foss/designs/_bench7_caravel_v1034_cleanroom/caravel_r11/phase3/stage3/extracted/user_project_wrapper.spef line 16559, net wire7 not found.
Warning: /foss/designs/_bench7_caravel_v1034_cleanroom/caravel_r11/phase3/stage3/extracted/user_project_wrapper.spef line 16566, net net7 not found.
Warning: /foss/designs/_bench7_caravel_v1034_cleanroom/caravel_r11/phase3/stage3/extracted/user_project_wrapper.spef line 16566, net wire7 not found.
Warning: /foss/designs/_bench7_caravel_v1034_cleanroom/caravel_r11/phase3/stage3/extracted/user_project_wrapper.spef line 16571, net wire7 not found.
Warning: /foss/designs/_bench7_caravel_v1034_cleanroom/caravel_r11/phase3/stage3/extracted/user_project_wrapper.spef line 16575, instance wire6 not found.
Warning: /foss/designs/_bench7_caravel_v1034_cleanroom/caravel_r11/phase3/stage3/extracted/user_project_wrapper.spef line 16579, net wire6 not found.
Warning: /foss/designs/_bench7_caravel_v1034_cleanroom/caravel_r11/phase3/stage3/extracted/user_project_wrapper.spef line 16589, net wire6 not found.
Warning: /foss/designs/_bench7_caravel_v1034_cleanroom/caravel_r11/phase3/stage3/extracted/user_project_wrapper.spef line 16593, instance wire2 not found.
Warning: /foss/designs/_bench7_caravel_v1034_cleanroom/caravel_r11/phase3/stage3/extracted/user_project_wrapper.spef line 16597, net wire2 not found.
Warning: /foss/designs/_bench7_caravel_v1034_cleanroom/caravel_r11/phase3/stage3/extracted/user_project_wrapper.spef line 16600, net wire2 not found.
Warning: /foss/designs/_bench7_caravel_v1034_cleanroom/caravel_r11/phase3/stage3/extracted/user_project_wrapper.spef line 16602, net net1 not found.
Warning: /foss/designs/_bench7_caravel_v1034_cleanroom/caravel_r11/phase3/stage3/extracted/user_project_wrapper.spef line 16606, instance load_slew1 not found.
SI_TIMING_JSON_EMIT_DONE pins=1222 out=/foss/designs/_bench7_caravel_v1034_cleanroom/caravel_r11/phase3/stage3/extracted/user_project_wrapper_si_timing.json
