<?xml version="1.0" encoding="utf-8"?>
<report-database>
 <description>SKY130 DRC runset</description>
 <original-file/>
 <generator>drc: script='/foss/pdks/sky130A/libs.tech/klayout/drc/sky130A.lydrc'</generator>
 <top-cell>spm</top-cell>
 <tags>
 </tags>
 <categories>
  <category>
   <name>li.1</name>
   <description>li.1 : min. li width : 0.17um</description>
   <categories>
   </categories>
  </category>
  <category>
   <name>li.1a</name>
   <description>li.1a : min. li width for the cells s8rf2_xcmvpp_hd5_* : 0.14um</description>
   <categories>
   </categories>
  </category>
  <category>
   <name>li.3</name>
   <description>li.3 : min. li spacing : 0.17um</description>
   <categories>
   </categories>
  </category>
  <category>
   <name>li.3a</name>
   <description>li.3a : min. li spacing for the cells s8rf2_xcmvpp_hd5_* : 0.14um</description>
   <categories>
   </categories>
  </category>
  <category>
   <name>li.5</name>
   <description>li.5 : min. li enclosure of licon of 2 opposite edges : 0.08um</description>
   <categories>
   </categories>
  </category>
  <category>
   <name>li.6</name>
   <description>li.6 : min. li area : 0.0561um²</description>
   <categories>
   </categories>
  </category>
  <category>
   <name>ct.1</name>
   <description>ct.1 : minimum/maximum width of mcon : 0.17um</description>
   <categories>
   </categories>
  </category>
  <category>
   <name>ct.2</name>
   <description>ct.2 : min. mcon spacing : 0.19um</description>
   <categories>
   </categories>
  </category>
  <category>
   <name>ct.4</name>
   <description>ct.4 : mcon should covered by li</description>
   <categories>
   </categories>
  </category>
  <category>
   <name>m1.1</name>
   <description>m1.1 : min. m1 width : 0.14um</description>
   <categories>
   </categories>
  </category>
  <category>
   <name>m1.2</name>
   <description>m1.2 : min. m1 spacing : 0.14um</description>
   <categories>
   </categories>
  </category>
  <category>
   <name>m1.3ab</name>
   <description>m1.3ab : min. 3um.m1 spacing m1 : 0.28um</description>
   <categories>
   </categories>
  </category>
  <category>
   <name>m1.4</name>
   <description>m1.4 : min. m1 enclosure of mcon : 0.03um</description>
   <categories>
   </categories>
  </category>
  <category>
   <name>m1.4a</name>
   <description>m1.4a : min. m1 enclosure of mcon for specific cells : 0.005um</description>
   <categories>
   </categories>
  </category>
  <category>
   <name>m1.6</name>
   <description>m1.6 : min. m1 area : 0.083um²</description>
   <categories>
   </categories>
  </category>
  <category>
   <name>m1.7</name>
   <description>m1.7 : min. m1 holes area : 0.14um²</description>
   <categories>
   </categories>
  </category>
  <category>
   <name>m1.5</name>
   <description>m1.5 : min. m1 enclosure of mcon of 2 opposite edges : 0.06um</description>
   <categories>
   </categories>
  </category>
  <category>
   <name>via.4c.5c</name>
   <description>via.4c.5c : m1 must enclose all via</description>
   <categories>
   </categories>
  </category>
  <category>
   <name>via.1a</name>
   <description>via.1a : minimum/maximum width of via : 0.15um</description>
   <categories>
   </categories>
  </category>
  <category>
   <name>via.1b</name>
   <description>via.1b : minimum/maximum width of via in areaid.mt: 0.15um or 0.23um or 0.28um</description>
   <categories>
   </categories>
  </category>
  <category>
   <name>via.2</name>
   <description>via.2 : min. via spacing : 0.17um</description>
   <categories>
   </categories>
  </category>
  <category>
   <name>via.4a</name>
   <description>via.4a : min. m1 enclosure of 0.15um via : 0.055um</description>
   <categories>
   </categories>
  </category>
  <category>
   <name>via.4b</name>
   <description>via.4b : min. m1 enclosure of 0.23um via : 0.03um</description>
   <categories>
   </categories>
  </category>
  <category>
   <name>via1.5a</name>
   <description>via1.5a : min. m1 enclosure of 0.15um via of 2 opposite edges : 0.085um</description>
   <categories>
   </categories>
  </category>
  <category>
   <name>via1.5b</name>
   <description>via1.5b : min. m1 enclosure of 0.23um via of 2 opposite edges : 0.06um</description>
   <categories>
   </categories>
  </category>
  <category>
   <name>m2.1</name>
   <description>m2.1 : min. m2 width : 0.14um</description>
   <categories>
   </categories>
  </category>
  <category>
   <name>m2.2</name>
   <description>m2.2 : min. m2 spacing : 0.14um</description>
   <categories>
   </categories>
  </category>
  <category>
   <name>m2.3ab</name>
   <description>m2.3ab : min. 3um.m2 spacing m2 : 0.28um</description>
   <categories>
   </categories>
  </category>
  <category>
   <name>m2.6</name>
   <description>m2.6 : min. m2 area : 0.0676um²</description>
   <categories>
   </categories>
  </category>
  <category>
   <name>m2.7</name>
   <description>m2.7 : min. m2 holes area : 0.14um²</description>
   <categories>
   </categories>
  </category>
  <category>
   <name>m2.via</name>
   <description>m2.via : m2 must enclose via</description>
   <categories>
   </categories>
  </category>
  <category>
   <name>m2.4</name>
   <description>m2.4 : min. m2 enclosure of via : 0.055um</description>
   <categories>
   </categories>
  </category>
  <category>
   <name>m2.5</name>
   <description>m2.5 : min. m2 enclosure of via of 2 opposite edges : 0.085um</description>
   <categories>
   </categories>
  </category>
  <category>
   <name>via2</name>
   <description>via2 : m2 must enclose all via2</description>
   <categories>
   </categories>
  </category>
  <category>
   <name>via2.1a</name>
   <description>via2.1a : minimum/maximum width of via2 : 0.2um</description>
   <categories>
   </categories>
  </category>
  <category>
   <name>via2.1b</name>
   <description>via2.1b : minimum/maximum width of via2 in areaid.mt: 0.2um or 1.2um or 1.5um</description>
   <categories>
   </categories>
  </category>
  <category>
   <name>via2.2</name>
   <description>via2.2 : min. via2 spacing : 0.2um</description>
   <categories>
   </categories>
  </category>
  <category>
   <name>via2.4</name>
   <description>via2.4 : min. m2 enclosure of via2 : 0.04um</description>
   <categories>
   </categories>
  </category>
  <category>
   <name>via2.4a</name>
   <description>via2.4a : min. m2 enclosure of 1.5um via2 : 0.14um</description>
   <categories>
   </categories>
  </category>
  <category>
   <name>via2.5</name>
   <description>via2.5 : min. m2 enclosure of via2 of 2 opposite edges : 0.085um</description>
   <categories>
   </categories>
  </category>
  <category>
   <name>m3.1</name>
   <description>m3.1 : min. m3 width : 0.3um</description>
   <categories>
   </categories>
  </category>
  <category>
   <name>m3.2</name>
   <description>m3.2 : min. m3 spacing : 0.3um</description>
   <categories>
   </categories>
  </category>
  <category>
   <name>m3.3ab</name>
   <description>m3.3ab : min. 3um.m3 spacing m3 : 0.4um</description>
   <categories>
   </categories>
  </category>
  <category>
   <name>m3.6</name>
   <description>m3.6 : min. m3 area : 0.24um²</description>
   <categories>
   </categories>
  </category>
  <category>
   <name>m3.via2</name>
   <description>m3.via2 : m3 must enclose via2</description>
   <categories>
   </categories>
  </category>
  <category>
   <name>m3.4</name>
   <description>m3.4 : min. m3 enclosure of via2 : 0.065um</description>
   <categories>
   </categories>
  </category>
  <category>
   <name>via3</name>
   <description>via3 : m3 must enclose all via3</description>
   <categories>
   </categories>
  </category>
  <category>
   <name>via3.1a</name>
   <description>via3.1a : minimum/maximum width of via3 in areaid.mt: 0.2um or 0.8um</description>
   <categories>
   </categories>
  </category>
  <category>
   <name>via3.2</name>
   <description>via3.2 : min. via3 spacing : 0.2um</description>
   <categories>
   </categories>
  </category>
  <category>
   <name>via3.4</name>
   <description>via3.4 : min. m3 enclosure of via3 : 0.06um</description>
   <categories>
   </categories>
  </category>
  <category>
   <name>via3.5</name>
   <description>via3.5 : min. m2 enclosure of via3 of 2 opposite edges : 0.09um</description>
   <categories>
   </categories>
  </category>
  <category>
   <name>m4.1</name>
   <description>m4.1 : min. m4 width : 0.3um</description>
   <categories>
   </categories>
  </category>
  <category>
   <name>m4.2</name>
   <description>m4.2 : min. m4 spacing : 0.3um</description>
   <categories>
   </categories>
  </category>
  <category>
   <name>m4.5ab</name>
   <description>m4.5ab : min. 3um.m4 spacing m4 : 0.4um</description>
   <categories>
   </categories>
  </category>
  <category>
   <name>m4.4</name>
   <description>m4.4 : min. m4 area : 0.24um²</description>
   <categories>
   </categories>
  </category>
  <category>
   <name>m4.via3</name>
   <description>m4.via3 : m4 must enclose via3</description>
   <categories>
   </categories>
  </category>
  <category>
   <name>m4.3</name>
   <description>m4.3 : min. m4 enclosure of via3 : 0.065um</description>
   <categories>
   </categories>
  </category>
  <category>
   <name>via4.1a</name>
   <description>via4.1a : minimum/maximum width of via4 : 0.8um</description>
   <categories>
   </categories>
  </category>
  <category>
   <name>via4.2</name>
   <description>via4.2 : min. via4 spacing : 0.8um</description>
   <categories>
   </categories>
  </category>
  <category>
   <name>via4.4</name>
   <description>via4.4 : min. m4 enclosure of via4 : 0.19um</description>
   <categories>
   </categories>
  </category>
  <category>
   <name>via4</name>
   <description>via4 : m4 must enclose all via4</description>
   <categories>
   </categories>
  </category>
  <category>
   <name>m5.1</name>
   <description>m5.1 : min. m5 width : 1.6um</description>
   <categories>
   </categories>
  </category>
  <category>
   <name>m5.2</name>
   <description>m5.2 : min. m5 spacing : 1.6um</description>
   <categories>
   </categories>
  </category>
  <category>
   <name>m5.via4</name>
   <description>m5.via4 : m5 must enclose via4</description>
   <categories>
   </categories>
  </category>
  <category>
   <name>m5.3</name>
   <description>m4.3 : min. m5 enclosure of via4 : 0.31um</description>
   <categories>
   </categories>
  </category>
  <category>
   <name>nsm.1</name>
   <description>nsm.1 : min. nsm width : 3.0um</description>
   <categories>
   </categories>
  </category>
  <category>
   <name>nsm.2</name>
   <description>nsm.2 : min. nsm spacing : 4.0um</description>
   <categories>
   </categories>
  </category>
  <category>
   <name>nsm.4</name>
   <description>nsm.4 : min. nsm enclosure of cfom : 3.0um</description>
   <categories>
   </categories>
  </category>
  <category>
   <name>nsm.3</name>
   <description>nsm.3 : min. nsm spacing to cfom : 1.0um</description>
   <categories>
   </categories>
  </category>
  <category>
   <name>pad.2</name>
   <description>pad.2 : min. pad spacing : 1.27um</description>
   <categories>
   </categories>
  </category>
  <category>
   <name>dnwell_OFFGRID</name>
   <description>x.1b : OFFGRID vertex on dnwell</description>
   <categories>
   </categories>
  </category>
  <category>
   <name>dnwell_angle</name>
   <description>x.3a : non 45 degree angle dnwell</description>
   <categories>
   </categories>
  </category>
  <category>
   <name>nwell_OFFGRID</name>
   <description>x.1b : OFFGRID vertex on nwell</description>
   <categories>
   </categories>
  </category>
  <category>
   <name>nwell_angle</name>
   <description>x.3a : non 45 degree angle nwell</description>
   <categories>
   </categories>
  </category>
  <category>
   <name>pwbm_OFFGRID</name>
   <description>x.1b : OFFGRID vertex on pwbm</description>
   <categories>
   </categories>
  </category>
  <category>
   <name>pwbm_angle</name>
   <description>x.3a : non 45 degree angle pwbm</description>
   <categories>
   </categories>
  </category>
  <category>
   <name>pwde_OFFGRID</name>
   <description>x.1b : OFFGRID vertex on pwde</description>
   <categories>
   </categories>
  </category>
  <category>
   <name>pwde_angle</name>
   <description>x.3a : non 45 degree angle pwde</description>
   <categories>
   </categories>
  </category>
  <category>
   <name>hvtp_OFFGRID</name>
   <description>x.1b : OFFGRID vertex on hvtp</description>
   <categories>
   </categories>
  </category>
  <category>
   <name>hvtp_angle</name>
   <description>x.3a : non 45 degree angle hvtp</description>
   <categories>
   </categories>
  </category>
  <category>
   <name>hvtr_OFFGRID</name>
   <description>x.1b : OFFGRID vertex on hvtr</description>
   <categories>
   </categories>
  </category>
  <category>
   <name>hvtr_angle</name>
   <description>x.3a : non 45 degree angle hvtr</description>
   <categories>
   </categories>
  </category>
  <category>
   <name>lvtn_OFFGRID</name>
   <description>x.1b : OFFGRID vertex on lvtn</description>
   <categories>
   </categories>
  </category>
  <category>
   <name>lvtn_angle</name>
   <description>x.3a : non 45 degree angle lvtn</description>
   <categories>
   </categories>
  </category>
  <category>
   <name>ncm_OFFGRID</name>
   <description>x.1b : OFFGRID vertex on ncm</description>
   <categories>
   </categories>
  </category>
  <category>
   <name>ncm_angle</name>
   <description>x.3a : non 45 degree angle ncm</description>
   <categories>
   </categories>
  </category>
  <category>
   <name>diff_OFFGRID</name>
   <description>x.1b : OFFGRID vertex on diff</description>
   <categories>
   </categories>
  </category>
  <category>
   <name>tap_OFFGRID</name>
   <description>x.1b : OFFGRID vertex on tap</description>
   <categories>
   </categories>
  </category>
  <category>
   <name>diff_angle</name>
   <description>x.2c : non 45 degree angle diff</description>
   <categories>
   </categories>
  </category>
  <category>
   <name>tap_angle</name>
   <description>x.2c : non 45 degree angle tap</description>
   <categories>
   </categories>
  </category>
  <category>
   <name>tunm_OFFGRID</name>
   <description>x.1b : OFFGRID vertex on tunm</description>
   <categories>
   </categories>
  </category>
  <category>
   <name>tunm_angle</name>
   <description>x.3a : non 45 degree angle tunm</description>
   <categories>
   </categories>
  </category>
  <category>
   <name>poly_OFFGRID</name>
   <description>x.1b : OFFGRID vertex on poly</description>
   <categories>
   </categories>
  </category>
  <category>
   <name>poly_angle</name>
   <description>x.2 : non 90 degree angle poly</description>
   <categories>
   </categories>
  </category>
  <category>
   <name>rpm_OFFGRID</name>
   <description>x.1b : OFFGRID vertex on rpm</description>
   <categories>
   </categories>
  </category>
  <category>
   <name>rpm_angle</name>
   <description>x.3a : non 45 degree angle rpm</description>
   <categories>
   </categories>
  </category>
  <category>
   <name>npc_OFFGRID</name>
   <description>x.1b : OFFGRID vertex on npc</description>
   <categories>
   </categories>
  </category>
  <category>
   <name>npc_angle</name>
   <description>x.3a : non 45 degree angle npc</description>
   <categories>
   </categories>
  </category>
  <category>
   <name>nsdm_OFFGRID</name>
   <description>x.1b : OFFGRID vertex on nsdm</description>
   <categories>
   </categories>
  </category>
  <category>
   <name>nsdm_angle</name>
   <description>x.3a : non 45 degree angle nsdm</description>
   <categories>
   </categories>
  </category>
  <category>
   <name>psdm_OFFGRID</name>
   <description>x.1b : OFFGRID vertex on psdm</description>
   <categories>
   </categories>
  </category>
  <category>
   <name>psdm_angle</name>
   <description>x.3a : non 45 degree angle psdm</description>
   <categories>
   </categories>
  </category>
  <category>
   <name>licon_OFFGRID</name>
   <description>x.1b : OFFGRID vertex on licon</description>
   <categories>
   </categories>
  </category>
  <category>
   <name>licon_angle</name>
   <description>x.2 : non 90 degree angle licon</description>
   <categories>
   </categories>
  </category>
  <category>
   <name>li_OFFGRID</name>
   <description>x.1b : OFFGRID vertex on li</description>
   <categories>
   </categories>
  </category>
  <category>
   <name>li_angle</name>
   <description>x.3a : non 45 degree angle li</description>
   <categories>
   </categories>
  </category>
  <category>
   <name>ct_OFFGRID</name>
   <description>x.1b : OFFGRID vertex on mcon</description>
   <categories>
   </categories>
  </category>
  <category>
   <name>ct_angle</name>
   <description>x.2 : non 90 degree angle mcon</description>
   <categories>
   </categories>
  </category>
  <category>
   <name>vpp_OFFGRID</name>
   <description>x.1b : OFFGRID vertex on vpp</description>
   <categories>
   </categories>
  </category>
  <category>
   <name>vpp_angle</name>
   <description>x.3a : non 45 degree angle vpp</description>
   <categories>
   </categories>
  </category>
  <category>
   <name>m1_OFFGRID</name>
   <description>x.1b : OFFGRID vertex on m1</description>
   <categories>
   </categories>
  </category>
  <category>
   <name>m1_angle</name>
   <description>x.3a : non 45 degree angle m1</description>
   <categories>
   </categories>
  </category>
  <category>
   <name>via_OFFGRID</name>
   <description>x.1b : OFFGRID vertex on via</description>
   <categories>
   </categories>
  </category>
  <category>
   <name>via_angle</name>
   <description>x.2 : non 90 degree angle via</description>
   <categories>
   </categories>
  </category>
  <category>
   <name>m2_OFFGRID</name>
   <description>x.1b : OFFGRID vertex on m2</description>
   <categories>
   </categories>
  </category>
  <category>
   <name>m2_angle</name>
   <description>x.3a : non 45 degree angle m2</description>
   <categories>
   </categories>
  </category>
  <category>
   <name>via2_OFFGRID</name>
   <description>x.1b : OFFGRID vertex on via2</description>
   <categories>
   </categories>
  </category>
  <category>
   <name>via2_angle</name>
   <description>x.2 : non 90 degree angle via2</description>
   <categories>
   </categories>
  </category>
  <category>
   <name>m3_OFFGRID</name>
   <description>x.1b : OFFGRID vertex on m3</description>
   <categories>
   </categories>
  </category>
  <category>
   <name>m3_angle</name>
   <description>x.3a : non 45 degree angle m3</description>
   <categories>
   </categories>
  </category>
  <category>
   <name>via3_OFFGRID</name>
   <description>x.1b : OFFGRID vertex on via3</description>
   <categories>
   </categories>
  </category>
  <category>
   <name>via3_angle</name>
   <description>x.2 : non 90 degree angle via3</description>
   <categories>
   </categories>
  </category>
  <category>
   <name>nsm_OFFGRID</name>
   <description>x.1b : OFFGRID vertex on nsm</description>
   <categories>
   </categories>
  </category>
  <category>
   <name>nsm_angle</name>
   <description>x.3a : non 45 degree angle nsm</description>
   <categories>
   </categories>
  </category>
  <category>
   <name>m4_OFFGRID</name>
   <description>x.1b : OFFGRID vertex on m4</description>
   <categories>
   </categories>
  </category>
  <category>
   <name>m4_angle</name>
   <description>x.3a : non 45 degree angle m4</description>
   <categories>
   </categories>
  </category>
  <category>
   <name>via4_OFFGRID</name>
   <description>x.1b : OFFGRID vertex on via4</description>
   <categories>
   </categories>
  </category>
  <category>
   <name>via4_angle</name>
   <description>x.2 : non 90 degree angle via4</description>
   <categories>
   </categories>
  </category>
  <category>
   <name>m5_OFFGRID</name>
   <description>x.1b : OFFGRID vertex on m5</description>
   <categories>
   </categories>
  </category>
  <category>
   <name>m5_angle</name>
   <description>x.3a : non 45 degree angle m5</description>
   <categories>
   </categories>
  </category>
  <category>
   <name>pad_OFFGRID</name>
   <description>x.1b : OFFGRID vertex on pad</description>
   <categories>
   </categories>
  </category>
  <category>
   <name>pad_angle</name>
   <description>x.3a : non 45 degree angle pad</description>
   <categories>
   </categories>
  </category>
  <category>
   <name>mf_OFFGRID</name>
   <description>x.1b : OFFGRID vertex on mf</description>
   <categories>
   </categories>
  </category>
  <category>
   <name>mf_angle</name>
   <description>x.2 : non 90 degree angle mf</description>
   <categories>
   </categories>
  </category>
  <category>
   <name>hvi_OFFGRID</name>
   <description>x.1b : OFFGRID vertex on hvi</description>
   <categories>
   </categories>
  </category>
  <category>
   <name>hvi_angle</name>
   <description>x.3a : non 45 degree angle hvi</description>
   <categories>
   </categories>
  </category>
  <category>
   <name>hvntm_OFFGRID</name>
   <description>x.1b : OFFGRID vertex on hvntm</description>
   <categories>
   </categories>
  </category>
  <category>
   <name>hvntm_angle</name>
   <description>x.3a : non 45 degree angle hvntm</description>
   <categories>
   </categories>
  </category>
  <category>
   <name>vhvi_OFFGRID</name>
   <description>x.1b : OFFGRID vertex on vhvi</description>
   <categories>
   </categories>
  </category>
  <category>
   <name>vhvi_angle</name>
   <description>x.3a : non 45 degree angle vhvi</description>
   <categories>
   </categories>
  </category>
  <category>
   <name>uhvi_OFFGRID</name>
   <description>x.1b : OFFGRID vertex on uhvi</description>
   <categories>
   </categories>
  </category>
  <category>
   <name>uhvi_angle</name>
   <description>x.3a : non 45 degree angle uhvi</description>
   <categories>
   </categories>
  </category>
  <category>
   <name>pwell_rs_OFFGRID</name>
   <description>x.1b : OFFGRID vertex on pwell_rs</description>
   <categories>
   </categories>
  </category>
  <category>
   <name>pwell_rs_angle</name>
   <description>x.3a : non 45 degree angle pwell_rs</description>
   <categories>
   </categories>
  </category>
  <category>
   <name>areaid_re_OFFGRID</name>
   <description>x.1b : OFFGRID vertex on areaid.re</description>
   <categories>
   </categories>
  </category>
 </categories>
 <cells>
  <cell>
   <name>spm</name>
   <variant/>
   <layout-name/>
   <references>
   </references>
  </cell>
  <cell>
   <name>sky130_fd_sc_hd__o211a_1</name>
   <variant/>
   <layout-name>sky130_fd_sc_hd__o211a_1</layout-name>
   <references>
    <ref>
     <parent>spm</parent>
     <trans>m0 *1 146.28,111.52</trans>
    </ref>
   </references>
  </cell>
  <cell>
   <name>sky130_fd_sc_hd__a211oi_1</name>
   <variant/>
   <layout-name>sky130_fd_sc_hd__a211oi_1</layout-name>
   <references>
    <ref>
     <parent>spm</parent>
     <trans>m0 *1 168.36,106.08</trans>
    </ref>
   </references>
  </cell>
  <cell>
   <name>sky130_fd_sc_hd__clkbuf_4</name>
   <variant/>
   <layout-name>sky130_fd_sc_hd__clkbuf_4</layout-name>
   <references>
    <ref>
     <parent>spm</parent>
     <trans>m0 *1 155.94,116.96</trans>
    </ref>
   </references>
  </cell>
  <cell>
   <name>sky130_fd_sc_hd__or3_1</name>
   <variant/>
   <layout-name>sky130_fd_sc_hd__or3_1</layout-name>
   <references>
    <ref>
     <parent>spm</parent>
     <trans>r0 *1 136.62,114.24</trans>
    </ref>
   </references>
  </cell>
  <cell>
   <name>sky130_fd_sc_hd__nor3b_1</name>
   <variant/>
   <layout-name>sky130_fd_sc_hd__nor3b_1</layout-name>
   <references>
    <ref>
     <parent>spm</parent>
     <trans>m0 *1 140.76,95.2</trans>
    </ref>
   </references>
  </cell>
 </cells>
 <items>
  <item>
   <tags/>
   <category>'li.1'</category>
   <cell>spm</cell>
   <visited>false</visited>
   <multiplicity>1</multiplicity>
   <comment/>
   <image/>
   <values>
    <value>edge-pair: (148.752,99.415;148.68,99.415)|(148.543,99.515;148.615,99.515)</value>
   </values>
  </item>
  <item>
   <tags/>
   <category>'li.1'</category>
   <cell>spm</cell>
   <visited>false</visited>
   <multiplicity>1</multiplicity>
   <comment/>
   <image/>
   <values>
    <value>edge-pair: (148.68,99.415;148.68,99.358)|(148.615,99.515;148.615,99.572)</value>
   </values>
  </item>
  <item>
   <tags/>
   <category>'li.1'</category>
   <cell>spm</cell>
   <visited>false</visited>
   <multiplicity>1</multiplicity>
   <comment/>
   <image/>
   <values>
    <value>edge-pair: (160.187,131.325;160.025,131.325)|(159.863,131.375;160.025,131.375)</value>
   </values>
  </item>
  <item>
   <tags/>
   <category>'li.1'</category>
   <cell>spm</cell>
   <visited>false</visited>
   <multiplicity>1</multiplicity>
   <comment/>
   <image/>
   <values>
    <value>edge-pair: (149.61,105.17;149.61,105.265)|(149.65,105.43;149.65,105.335)</value>
   </values>
  </item>
  <item>
   <tags/>
   <category>'li.1'</category>
   <cell>spm</cell>
   <visited>false</visited>
   <multiplicity>1</multiplicity>
   <comment/>
   <image/>
   <values>
    <value>edge-pair: (149.61,105.265;149.495,105.265)|(149.65,105.335;149.765,105.335)</value>
   </values>
  </item>
  <item>
   <tags/>
   <category>'li.1'</category>
   <cell>spm</cell>
   <visited>false</visited>
   <multiplicity>1</multiplicity>
   <comment/>
   <image/>
   <values>
    <value>edge-pair: (150.365,105.265;150.348,105.265)|(150.51,105.315;150.527,105.315)</value>
   </values>
  </item>
  <item>
   <tags/>
   <category>'li.1'</category>
   <cell>spm</cell>
   <visited>false</visited>
   <multiplicity>1</multiplicity>
   <comment/>
   <image/>
   <values>
    <value>edge-pair: (150.365,105.226;150.365,105.265)|(150.51,105.354;150.51,105.315)</value>
   </values>
  </item>
  <item>
   <tags/>
   <category>'li.1'</category>
   <cell>spm</cell>
   <visited>false</visited>
   <multiplicity>1</multiplicity>
   <comment/>
   <image/>
   <values>
    <value>edge-pair: (135.875,109.56;135.871,109.56)|(136.035,109.605;136.039,109.605)</value>
   </values>
  </item>
  <item>
   <tags/>
   <category>'li.1'</category>
   <cell>spm</cell>
   <visited>false</visited>
   <multiplicity>1</multiplicity>
   <comment/>
   <image/>
   <values>
    <value>edge-pair: (135.875,109.548;135.875,109.56)|(136.035,109.617;136.035,109.605)</value>
   </values>
  </item>
  <item>
   <tags/>
   <category>'li.1'</category>
   <cell>spm</cell>
   <visited>false</visited>
   <multiplicity>1</multiplicity>
   <comment/>
   <image/>
   <values>
    <value>edge-pair: (148.08,82.694;148.08,82.725)|(148.22,82.821;148.22,82.79)</value>
   </values>
  </item>
  <item>
   <tags/>
   <category>'li.1'</category>
   <cell>spm</cell>
   <visited>false</visited>
   <multiplicity>1</multiplicity>
   <comment/>
   <image/>
   <values>
    <value>edge-pair: (148.08,82.725;148.063,82.725)|(148.22,82.79;148.237,82.79)</value>
   </values>
  </item>
  <item>
   <tags/>
   <category>'li.1'</category>
   <cell>spm</cell>
   <visited>false</visited>
   <multiplicity>1</multiplicity>
   <comment/>
   <image/>
   <values>
    <value>edge-pair: (154.427,141.805;154.415,141.805)|(154.358,141.965;154.37,141.965)</value>
   </values>
  </item>
  <item>
   <tags/>
   <category>'li.1'</category>
   <cell>spm</cell>
   <visited>false</visited>
   <multiplicity>1</multiplicity>
   <comment/>
   <image/>
   <values>
    <value>edge-pair: (154.415,141.805;154.415,141.801)|(154.37,141.965;154.37,141.969)</value>
   </values>
  </item>
  <item>
   <tags/>
   <category>'li.1'</category>
   <cell>spm</cell>
   <visited>false</visited>
   <multiplicity>1</multiplicity>
   <comment/>
   <image/>
   <values>
    <value>edge-pair: (153.71,142.475;153.701,142.475)|(153.86,142.535;153.869,142.535)</value>
   </values>
  </item>
  <item>
   <tags/>
   <category>'li.1'</category>
   <cell>spm</cell>
   <visited>false</visited>
   <multiplicity>1</multiplicity>
   <comment/>
   <image/>
   <values>
    <value>edge-pair: (153.71,142.455;153.71,142.475)|(153.86,142.555;153.86,142.535)</value>
   </values>
  </item>
  <item>
   <tags/>
   <category>'li.1'</category>
   <cell>spm</cell>
   <visited>false</visited>
   <multiplicity>1</multiplicity>
   <comment/>
   <image/>
   <values>
    <value>edge-pair: (154.925,121.595;154.788,121.595)|(154.925,121.695;155.062,121.695)</value>
   </values>
  </item>
  <item>
   <tags/>
   <category>'li.1'</category>
   <cell>spm</cell>
   <visited>false</visited>
   <multiplicity>1</multiplicity>
   <comment/>
   <image/>
   <values>
    <value>edge-pair: (171.665,104.175;171.661,104.175)|(171.795,104.28;171.799,104.28)</value>
   </values>
  </item>
  <item>
   <tags/>
   <category>'li.1'</category>
   <cell>spm</cell>
   <visited>false</visited>
   <multiplicity>1</multiplicity>
   <comment/>
   <image/>
   <values>
    <value>edge-pair: (171.665,104.17;171.665,104.175)|(171.795,104.285;171.795,104.28)</value>
   </values>
  </item>
  <item>
   <tags/>
   <category>'li.1'</category>
   <cell>spm</cell>
   <visited>false</visited>
   <multiplicity>1</multiplicity>
   <comment/>
   <image/>
   <values>
    <value>edge-pair: (169.78,104.435;169.715,104.435)|(169.595,104.555;169.66,104.555)</value>
   </values>
  </item>
  <item>
   <tags/>
   <category>'li.1'</category>
   <cell>spm</cell>
   <visited>false</visited>
   <multiplicity>1</multiplicity>
   <comment/>
   <image/>
   <values>
    <value>edge-pair: (169.715,104.435;169.715,104.394)|(169.66,104.555;169.66,104.596)</value>
   </values>
  </item>
  <item>
   <tags/>
   <category>'li.1'</category>
   <cell>spm</cell>
   <visited>false</visited>
   <multiplicity>1</multiplicity>
   <comment/>
   <image/>
   <values>
    <value>edge-pair: (135.785,115.34;135.67,115.34)|(135.785,115.465;135.9,115.465)</value>
   </values>
  </item>
  <item>
   <tags/>
   <category>'li.1'</category>
   <cell>spm</cell>
   <visited>false</visited>
   <multiplicity>1</multiplicity>
   <comment/>
   <image/>
   <values>
    <value>edge-pair: (129.325,104.095;129.325,104.175)|(129.475,104.255;129.475,104.175)</value>
   </values>
  </item>
  <item>
   <tags/>
   <category>'li.1'</category>
   <cell>spm</cell>
   <visited>false</visited>
   <multiplicity>1</multiplicity>
   <comment/>
   <image/>
   <values>
    <value>edge-pair: (122.22,121.134;122.22,121.135)|(122.315,121.276;122.315,121.275)</value>
   </values>
  </item>
  <item>
   <tags/>
   <category>'li.1'</category>
   <cell>spm</cell>
   <visited>false</visited>
   <multiplicity>1</multiplicity>
   <comment/>
   <image/>
   <values>
    <value>edge-pair: (122.22,121.135;122.219,121.135)|(122.315,121.275;122.316,121.275)</value>
   </values>
  </item>
  <item>
   <tags/>
   <category>'li.1'</category>
   <cell>spm</cell>
   <visited>false</visited>
   <multiplicity>1</multiplicity>
   <comment/>
   <image/>
   <values>
    <value>edge-pair: (121.13,104.704;121.13,104.805)|(121.225,104.946;121.225,104.845)</value>
   </values>
  </item>
  <item>
   <tags/>
   <category>'li.1'</category>
   <cell>spm</cell>
   <visited>false</visited>
   <multiplicity>1</multiplicity>
   <comment/>
   <image/>
   <values>
    <value>edge-pair: (121.13,104.805;121.06,104.805)|(121.225,104.845;121.295,104.845)</value>
   </values>
  </item>
  <item>
   <tags/>
   <category>'li.1'</category>
   <cell>spm</cell>
   <visited>false</visited>
   <multiplicity>1</multiplicity>
   <comment/>
   <image/>
   <values>
    <value>edge-pair: (136.27,88.875;136.27,88.826)|(136.255,88.995;136.255,89.044)</value>
   </values>
  </item>
  <item>
   <tags/>
   <category>'li.1'</category>
   <cell>spm</cell>
   <visited>false</visited>
   <multiplicity>1</multiplicity>
   <comment/>
   <image/>
   <values>
    <value>edge-pair: (136.375,88.875;136.27,88.875)|(136.15,88.995;136.255,88.995)</value>
   </values>
  </item>
  <item>
   <tags/>
   <category>'li.1'</category>
   <cell>spm</cell>
   <visited>false</visited>
   <multiplicity>1</multiplicity>
   <comment/>
   <image/>
   <values>
    <value>edge-pair: (125.215,77.235;125.135,77.235)|(125.215,77.385;125.295,77.385)</value>
   </values>
  </item>
  <item>
   <tags/>
   <category>'li.1'</category>
   <cell>spm</cell>
   <visited>false</visited>
   <multiplicity>1</multiplicity>
   <comment/>
   <image/>
   <values>
    <value>edge-pair: (130.555,77.37;130.555,77.344)|(130.46,77.485;130.46,77.49)</value>
   </values>
  </item>
  <item>
   <tags/>
   <category>'li.1'</category>
   <cell>spm</cell>
   <visited>false</visited>
   <multiplicity>1</multiplicity>
   <comment/>
   <image/>
   <values>
    <value>edge-pair: (130.565,77.37;130.555,77.37)|(130.43,77.485;130.46,77.485)</value>
   </values>
  </item>
  <item>
   <tags/>
   <category>'li.1'</category>
   <cell>spm</cell>
   <visited>false</visited>
   <multiplicity>1</multiplicity>
   <comment/>
   <image/>
   <values>
    <value>edge-pair: (140.62,99.347;140.62,99.415)|(140.645,99.583;140.645,99.515)</value>
   </values>
  </item>
  <item>
   <tags/>
   <category>'li.1'</category>
   <cell>spm</cell>
   <visited>false</visited>
   <multiplicity>1</multiplicity>
   <comment/>
   <image/>
   <values>
    <value>edge-pair: (140.62,99.415;140.508,99.415)|(140.645,99.515;140.757,99.515)</value>
   </values>
  </item>
  <item>
   <tags/>
   <category>'li.1'</category>
   <cell>spm</cell>
   <visited>false</visited>
   <multiplicity>1</multiplicity>
   <comment/>
   <image/>
   <values>
    <value>edge-pair: (125.69,81.96;125.675,81.96)|(125.8,82.075;125.815,82.075)</value>
   </values>
  </item>
  <item>
   <tags/>
   <category>'li.1'</category>
   <cell>spm</cell>
   <visited>false</visited>
   <multiplicity>1</multiplicity>
   <comment/>
   <image/>
   <values>
    <value>edge-pair: (125.69,81.945;125.69,81.96)|(125.8,82.09;125.8,82.075)</value>
   </values>
  </item>
  <item>
   <tags/>
   <category>'li.1'</category>
   <cell>spm</cell>
   <visited>false</visited>
   <multiplicity>1</multiplicity>
   <comment/>
   <image/>
   <values>
    <value>edge-pair: (124.52,83.055;124.519,83.055)|(124.615,83.195;124.616,83.195)</value>
   </values>
  </item>
  <item>
   <tags/>
   <category>'li.1'</category>
   <cell>spm</cell>
   <visited>false</visited>
   <multiplicity>1</multiplicity>
   <comment/>
   <image/>
   <values>
    <value>edge-pair: (124.52,83.054;124.52,83.055)|(124.615,83.196;124.615,83.195)</value>
   </values>
  </item>
  <item>
   <tags/>
   <category>'li.1'</category>
   <cell>spm</cell>
   <visited>false</visited>
   <multiplicity>1</multiplicity>
   <comment/>
   <image/>
   <values>
    <value>edge-pair: (154.925,61.755;154.788,61.755)|(154.925,61.855;155.062,61.855)</value>
   </values>
  </item>
  <item>
   <tags/>
   <category>'li.1'</category>
   <cell>spm</cell>
   <visited>false</visited>
   <multiplicity>1</multiplicity>
   <comment/>
   <image/>
   <values>
    <value>edge-pair: (175.615,77.685;175.505,77.685)|(175.625,77.805;175.735,77.805)</value>
   </values>
  </item>
  <item>
   <tags/>
   <category>'li.1'</category>
   <cell>spm</cell>
   <visited>false</visited>
   <multiplicity>1</multiplicity>
   <comment/>
   <image/>
   <values>
    <value>edge-pair: (175.615,77.635;175.615,77.685)|(175.625,77.855;175.625,77.805)</value>
   </values>
  </item>
  <item>
   <tags/>
   <category>'li.1'</category>
   <cell>spm</cell>
   <visited>false</visited>
   <multiplicity>1</multiplicity>
   <comment/>
   <image/>
   <values>
    <value>edge-pair: (171.205,60.895;171.205,60.915)|(171.215,61.085;171.215,61.065)</value>
   </values>
  </item>
  <item>
   <tags/>
   <category>'li.1'</category>
   <cell>spm</cell>
   <visited>false</visited>
   <multiplicity>1</multiplicity>
   <comment/>
   <image/>
   <values>
    <value>edge-pair: (171.205,60.915;171.135,60.915)|(171.215,61.065;171.285,61.065)</value>
   </values>
  </item>
  <item>
   <tags/>
   <category>'li.1'</category>
   <cell>spm</cell>
   <visited>false</visited>
   <multiplicity>1</multiplicity>
   <comment/>
   <image/>
   <values>
    <value>edge-pair: (168.905,61.636;168.905,61.665)|(168.965,61.824;168.965,61.795)</value>
   </values>
  </item>
  <item>
   <tags/>
   <category>'li.1'</category>
   <cell>spm</cell>
   <visited>false</visited>
   <multiplicity>1</multiplicity>
   <comment/>
   <image/>
   <values>
    <value>edge-pair: (168.905,61.665;168.855,61.665)|(168.965,61.795;169.015,61.795)</value>
   </values>
  </item>
  <item>
   <tags/>
   <category>'li.1'</category>
   <cell>spm</cell>
   <visited>false</visited>
   <multiplicity>1</multiplicity>
   <comment/>
   <image/>
   <values>
    <value>edge-pair: (174.61,61.719;174.61,61.735)|(174.705,61.876;174.705,61.86)</value>
   </values>
  </item>
  <item>
   <tags/>
   <category>'li.1'</category>
   <cell>spm</cell>
   <visited>false</visited>
   <multiplicity>1</multiplicity>
   <comment/>
   <image/>
   <values>
    <value>edge-pair: (174.61,61.735;174.59,61.735)|(174.705,61.86;174.725,61.86)</value>
   </values>
  </item>
  <item>
   <tags/>
   <category>'li.1'</category>
   <cell>spm</cell>
   <visited>false</visited>
   <multiplicity>1</multiplicity>
   <comment/>
   <image/>
   <values>
    <value>edge-pair: (175.556,62.105;175.48,62.105)|(175.339,62.2;175.415,62.2)</value>
   </values>
  </item>
  <item>
   <tags/>
   <category>'li.1'</category>
   <cell>spm</cell>
   <visited>false</visited>
   <multiplicity>1</multiplicity>
   <comment/>
   <image/>
   <values>
    <value>edge-pair: (175.48,62.105;175.48,62.043)|(175.415,62.2;175.415,62.262)</value>
   </values>
  </item>
  <item>
   <tags/>
   <category>'li.3'</category>
   <cell>spm</cell>
   <visited>false</visited>
   <multiplicity>1</multiplicity>
   <comment/>
   <image/>
   <values>
    <value>edge-pair: (148.39,83.62;148.542,83.62)|(148.395,83.705;148.243,83.705)</value>
   </values>
  </item>
  <item>
   <tags/>
   <category>'li.3'</category>
   <cell>spm</cell>
   <visited>false</visited>
   <multiplicity>1</multiplicity>
   <comment/>
   <image/>
   <values>
    <value>edge-pair: (148.17,110.445;148.415,110.445)|(148.415,110.585;148.074,110.585)</value>
   </values>
  </item>
  <item>
   <tags/>
   <category>'li.3'</category>
   <cell>spm</cell>
   <visited>false</visited>
   <multiplicity>1</multiplicity>
   <comment/>
   <image/>
   <values>
    <value>edge-pair: (148.09,82.185;148.405,82.185)|(148.485,82.335;148.035,82.335)</value>
   </values>
  </item>
  <item>
   <tags/>
   <category>'li.3'</category>
   <cell>spm</cell>
   <visited>false</visited>
   <multiplicity>1</multiplicity>
   <comment/>
   <image/>
   <values>
    <value>edge-pair: (148.06,104.685;148.705,104.685)|(148.55,104.755;148.215,104.755)</value>
   </values>
  </item>
  <item>
   <tags/>
   <category>'li.3'</category>
   <cell>spm</cell>
   <visited>false</visited>
   <multiplicity>1</multiplicity>
   <comment/>
   <image/>
   <values>
    <value>edge-pair: (162.765,120.585;163.335,120.585)|(163.335,120.735;162.765,120.735)</value>
   </values>
  </item>
  <item>
   <tags/>
   <category>'li.3'</category>
   <cell>spm</cell>
   <visited>false</visited>
   <multiplicity>1</multiplicity>
   <comment/>
   <image/>
   <values>
    <value>edge-pair: (162.63,121.005;163.315,121.005)|(163.16,121.075;162.785,121.075)</value>
   </values>
  </item>
  <item>
   <tags/>
   <category>'li.3'</category>
   <cell>spm</cell>
   <visited>false</visited>
   <multiplicity>1</multiplicity>
   <comment/>
   <image/>
   <values>
    <value>edge-pair: (169.825,125.4;169.825,126.515)|(169.675,126.515;169.675,125.375)</value>
   </values>
  </item>
  <item>
   <tags/>
   <category>'li.3'</category>
   <cell>spm</cell>
   <visited>false</visited>
   <multiplicity>1</multiplicity>
   <comment/>
   <image/>
   <values>
    <value>edge-pair: (170.67,126.195;170.67,126.395)|(170.575,126.536;170.575,126.265)</value>
   </values>
  </item>
  <item>
   <tags/>
   <category>'li.3'</category>
   <cell>spm</cell>
   <visited>false</visited>
   <multiplicity>1</multiplicity>
   <comment/>
   <image/>
   <values>
    <value>edge-pair: (170.195,127.09;170.195,127.535)|(170.125,127.69;170.125,127.245)</value>
   </values>
  </item>
  <item>
   <tags/>
   <category>'li.3'</category>
   <cell>spm</cell>
   <visited>false</visited>
   <multiplicity>1</multiplicity>
   <comment/>
   <image/>
   <values>
    <value>edge-pair: (170.165,126.115;170.165,126.295)|(170.015,126.215;170.015,126.035)</value>
   </values>
  </item>
  <item>
   <tags/>
   <category>'li.3'</category>
   <cell>spm</cell>
   <visited>false</visited>
   <multiplicity>1</multiplicity>
   <comment/>
   <image/>
   <values>
    <value>edge-pair: (173.455,143.452;173.455,143.763)|(173.38,143.61;173.38,143.605)</value>
   </values>
  </item>
  <item>
   <tags/>
   <category>'li.3'</category>
   <cell>spm</cell>
   <visited>false</visited>
   <multiplicity>1</multiplicity>
   <comment/>
   <image/>
   <values>
    <value>edge-pair: (173.455,143.474;173.455,143.801)|(173.4,143.64;173.4,143.635)</value>
   </values>
  </item>
  <item>
   <tags/>
   <category>'li.3'</category>
   <cell>spm</cell>
   <visited>false</visited>
   <multiplicity>1</multiplicity>
   <comment/>
   <image/>
   <values>
    <value>edge-pair: (173.455,143.13;173.455,143.715)|(173.345,143.585;173.345,143.255)</value>
   </values>
  </item>
  <item>
   <tags/>
   <category>'li.3'</category>
   <cell>spm</cell>
   <visited>false</visited>
   <multiplicity>1</multiplicity>
   <comment/>
   <image/>
   <values>
    <value>edge-pair: (175.71,143.525;176.165,143.525)|(176.035,143.635;175.84,143.635)</value>
   </values>
  </item>
  <item>
   <tags/>
   <category>'li.3'</category>
   <cell>spm</cell>
   <visited>false</visited>
   <multiplicity>1</multiplicity>
   <comment/>
   <image/>
   <values>
    <value>edge-pair: (164.775,141.887;164.775,142.098)|(164.64,141.995;164.64,141.99)</value>
   </values>
  </item>
  <item>
   <tags/>
   <category>'li.3'</category>
   <cell>spm</cell>
   <visited>false</visited>
   <multiplicity>1</multiplicity>
   <comment/>
   <image/>
   <values>
    <value>edge-pair: (165.779,142.345;165.975,142.345)|(166.116,142.44;165.92,142.44)</value>
   </values>
  </item>
  <item>
   <tags/>
   <category>'li.3'</category>
   <cell>spm</cell>
   <visited>false</visited>
   <multiplicity>1</multiplicity>
   <comment/>
   <image/>
   <values>
    <value>edge-pair: (176.215,132.225;176.215,133.025)|(176.075,133.015;176.075,132.225)</value>
   </values>
  </item>
  <item>
   <tags/>
   <category>'li.3'</category>
   <cell>spm</cell>
   <visited>false</visited>
   <multiplicity>1</multiplicity>
   <comment/>
   <image/>
   <values>
    <value>edge-pair: (164.365,142.515;164.365,142.745)|(164.2,142.786;164.2,142.535)</value>
   </values>
  </item>
  <item>
   <tags/>
   <category>'li.3'</category>
   <cell>spm</cell>
   <visited>false</visited>
   <multiplicity>1</multiplicity>
   <comment/>
   <image/>
   <values>
    <value>edge-pair: (163.85,143.185;164.2,143.185)|(164.325,143.3;163.835,143.3)</value>
   </values>
  </item>
  <item>
   <tags/>
   <category>'li.3'</category>
   <cell>spm</cell>
   <visited>false</visited>
   <multiplicity>1</multiplicity>
   <comment/>
   <image/>
   <values>
    <value>edge-pair: (165.895,143.055;165.975,143.055)|(166.055,143.205;165.975,143.205)</value>
   </values>
  </item>
  <item>
   <tags/>
   <category>'li.3'</category>
   <cell>spm</cell>
   <visited>false</visited>
   <multiplicity>1</multiplicity>
   <comment/>
   <image/>
   <values>
    <value>edge-pair: (164.775,141.906;164.775,142.094)|(164.63,142.005;164.63,141.995)</value>
   </values>
  </item>
  <item>
   <tags/>
   <category>'li.3'</category>
   <cell>spm</cell>
   <visited>false</visited>
   <multiplicity>1</multiplicity>
   <comment/>
   <image/>
   <values>
    <value>edge-pair: (176.245,142.435;176.245,142.765)|(176.115,142.655;176.115,142.325)</value>
   </values>
  </item>
  <item>
   <tags/>
   <category>'li.3'</category>
   <cell>spm</cell>
   <visited>false</visited>
   <multiplicity>1</multiplicity>
   <comment/>
   <image/>
   <values>
    <value>edge-pair: (175.65,142.965;175.65,143.295)|(175.635,143.295;175.635,142.796)</value>
   </values>
  </item>
  <item>
   <tags/>
   <category>'li.3'</category>
   <cell>spm</cell>
   <visited>false</visited>
   <multiplicity>1</multiplicity>
   <comment/>
   <image/>
   <values>
    <value>edge-pair: (176.215,143.595;176.215,143.895)|(176.085,144.005;176.085,143.705)</value>
   </values>
  </item>
  <item>
   <tags/>
   <category>'li.3'</category>
   <cell>spm</cell>
   <visited>false</visited>
   <multiplicity>1</multiplicity>
   <comment/>
   <image/>
   <values>
    <value>edge-pair: (176.525,142.255;176.545,142.255)|(176.602,142.415;176.525,142.415)</value>
   </values>
  </item>
  <item>
   <tags/>
   <category>'li.3'</category>
   <cell>spm</cell>
   <visited>false</visited>
   <multiplicity>1</multiplicity>
   <comment/>
   <image/>
   <values>
    <value>edge-pair: (165.2,141.985;165.269,141.985)|(165.125,142.075;165.056,142.075)</value>
   </values>
  </item>
  <item>
   <tags/>
   <category>'li.3'</category>
   <cell>spm</cell>
   <visited>false</visited>
   <multiplicity>1</multiplicity>
   <comment/>
   <image/>
   <values>
    <value>edge-pair: (164.775,141.87;164.775,142.1)|(164.645,141.99;164.645,141.98)</value>
   </values>
  </item>
  <item>
   <tags/>
   <category>'li.3'</category>
   <cell>spm</cell>
   <visited>false</visited>
   <multiplicity>1</multiplicity>
   <comment/>
   <image/>
   <values>
    <value>edge-pair: (165.895,143.055;165.915,143.055)|(165.995,143.205;165.975,143.205)</value>
   </values>
  </item>
  <item>
   <tags/>
   <category>'li.3'</category>
   <cell>spm</cell>
   <visited>false</visited>
   <multiplicity>1</multiplicity>
   <comment/>
   <image/>
   <values>
    <value>edge-pair: (175.665,131.498;175.665,131.885)|(175.635,132.052;175.635,131.665)</value>
   </values>
  </item>
  <item>
   <tags/>
   <category>'li.3'</category>
   <cell>spm</cell>
   <visited>false</visited>
   <multiplicity>1</multiplicity>
   <comment/>
   <image/>
   <values>
    <value>edge-pair: (174.89,132.565;174.89,132.779)|(174.785,132.645;174.785,132.565)</value>
   </values>
  </item>
  <item>
   <tags/>
   <category>'li.3'</category>
   <cell>spm</cell>
   <visited>false</visited>
   <multiplicity>1</multiplicity>
   <comment/>
   <image/>
   <values>
    <value>edge-pair: (165.13,142.768;165.13,143.445)|(165.045,143.592;165.045,142.915)</value>
   </values>
  </item>
  <item>
   <tags/>
   <category>'li.3'</category>
   <cell>spm</cell>
   <visited>false</visited>
   <multiplicity>1</multiplicity>
   <comment/>
   <image/>
   <values>
    <value>edge-pair: (175.295,130.645;175.295,131.215)|(175.145,131.135;175.145,130.645)</value>
   </values>
  </item>
  <item>
   <tags/>
   <category>'li.3'</category>
   <cell>spm</cell>
   <visited>false</visited>
   <multiplicity>1</multiplicity>
   <comment/>
   <image/>
   <values>
    <value>edge-pair: (175.665,131.325;175.665,131.53)|(175.625,131.365;175.625,131.16)</value>
   </values>
  </item>
  <item>
   <tags/>
   <category>'li.3'</category>
   <cell>spm</cell>
   <visited>false</visited>
   <multiplicity>1</multiplicity>
   <comment/>
   <image/>
   <values>
    <value>edge-pair: (173.455,143.466;173.455,143.794)|(173.395,143.635;173.395,143.625)</value>
   </values>
  </item>
  <item>
   <tags/>
   <category>'li.3'</category>
   <cell>spm</cell>
   <visited>false</visited>
   <multiplicity>1</multiplicity>
   <comment/>
   <image/>
   <values>
    <value>edge-pair: (165.58,142.43;165.58,142.83)|(165.455,142.715;165.455,142.545)</value>
   </values>
  </item>
  <item>
   <tags/>
   <category>'li.3'</category>
   <cell>spm</cell>
   <visited>false</visited>
   <multiplicity>1</multiplicity>
   <comment/>
   <image/>
   <values>
    <value>edge-pair: (164.285,142.365;164.37,142.365)|(164.37,142.515;164.365,142.515)</value>
   </values>
  </item>
  <item>
   <tags/>
   <category>'li.3'</category>
   <cell>spm</cell>
   <visited>false</visited>
   <multiplicity>1</multiplicity>
   <comment/>
   <image/>
   <values>
    <value>edge-pair: (166.095,141.8;166.095,141.97)|(165.975,142.09;165.975,141.695)</value>
   </values>
  </item>
  <item>
   <tags/>
   <category>'li.3'</category>
   <cell>spm</cell>
   <visited>false</visited>
   <multiplicity>1</multiplicity>
   <comment/>
   <image/>
   <values>
    <value>edge-pair: (164.775,141.695;164.775,142.09)|(164.665,141.96;164.665,141.695)</value>
   </values>
  </item>
  <item>
   <tags/>
   <category>'li.3'</category>
   <cell>spm</cell>
   <visited>false</visited>
   <multiplicity>1</multiplicity>
   <comment/>
   <image/>
   <values>
    <value>edge-pair: (164.775,141.845;164.775,142.095)|(164.655,141.975;164.655,141.965)</value>
   </values>
  </item>
  <item>
   <tags/>
   <category>'li.3'</category>
   <cell>spm</cell>
   <visited>false</visited>
   <multiplicity>1</multiplicity>
   <comment/>
   <image/>
   <values>
    <value>edge-pair: (173.455,141.864;173.455,142.156)|(173.36,142.015;173.36,142.005)</value>
   </values>
  </item>
  <item>
   <tags/>
   <category>'li.3'</category>
   <cell>spm</cell>
   <visited>false</visited>
   <multiplicity>1</multiplicity>
   <comment/>
   <image/>
   <values>
    <value>edge-pair: (165.005,142.515;165.005,142.715)|(164.96,142.879;164.96,142.351)</value>
   </values>
  </item>
  <item>
   <tags/>
   <category>'li.3'</category>
   <cell>spm</cell>
   <visited>false</visited>
   <multiplicity>1</multiplicity>
   <comment/>
   <image/>
   <values>
    <value>edge-pair: (163.693,142.47;163.725,142.47)|(163.882,142.535;163.85,142.535)</value>
   </values>
  </item>
  <item>
   <tags/>
   <category>'li.3'</category>
   <cell>spm</cell>
   <visited>false</visited>
   <multiplicity>1</multiplicity>
   <comment/>
   <image/>
   <values>
    <value>edge-pair: (165.2,141.922;165.2,141.985)|(165.125,142.138;165.125,142.075)</value>
   </values>
  </item>
  <item>
   <tags/>
   <category>'li.3'</category>
   <cell>spm</cell>
   <visited>false</visited>
   <multiplicity>1</multiplicity>
   <comment/>
   <image/>
   <values>
    <value>edge-pair: (176.245,141.595;176.245,142.255)|(176.115,142.365;176.115,141.705)</value>
   </values>
  </item>
  <item>
   <tags/>
   <category>'li.3'</category>
   <cell>spm</cell>
   <visited>false</visited>
   <multiplicity>1</multiplicity>
   <comment/>
   <image/>
   <values>
    <value>edge-pair: (169.825,127.075;170.18,127.075)|(170.025,127.145;169.855,127.145)</value>
   </values>
  </item>
  <item>
   <tags/>
   <category>'li.3'</category>
   <cell>spm</cell>
   <visited>false</visited>
   <multiplicity>1</multiplicity>
   <comment/>
   <image/>
   <values>
    <value>edge-pair: (173.455,143.478;173.455,143.905)|(173.405,143.905;173.405,143.64)</value>
   </values>
  </item>
  <item>
   <tags/>
   <category>'li.3'</category>
   <cell>spm</cell>
   <visited>false</visited>
   <multiplicity>1</multiplicity>
   <comment/>
   <image/>
   <values>
    <value>edge-pair: (164.775,141.835;164.775,142.09)|(164.66,141.965;164.66,141.96)</value>
   </values>
  </item>
  <item>
   <tags/>
   <category>'li.3'</category>
   <cell>spm</cell>
   <visited>false</visited>
   <multiplicity>1</multiplicity>
   <comment/>
   <image/>
   <values>
    <value>edge-pair: (173.455,141.837;173.455,142.148)|(173.38,141.995;173.38,141.99)</value>
   </values>
  </item>
  <item>
   <tags/>
   <category>'li.3'</category>
   <cell>spm</cell>
   <visited>false</visited>
   <multiplicity>1</multiplicity>
   <comment/>
   <image/>
   <values>
    <value>edge-pair: (173.455,141.695;173.455,142.122)|(173.405,141.96;173.405,141.695)</value>
   </values>
  </item>
  <item>
   <tags/>
   <category>'li.3'</category>
   <cell>spm</cell>
   <visited>false</visited>
   <multiplicity>1</multiplicity>
   <comment/>
   <image/>
   <values>
    <value>edge-pair: (175.325,141.525;175.325,142.062)|(175.24,141.915;175.24,141.525)</value>
   </values>
  </item>
  <item>
   <tags/>
   <category>'li.3'</category>
   <cell>spm</cell>
   <visited>false</visited>
   <multiplicity>1</multiplicity>
   <comment/>
   <image/>
   <values>
    <value>edge-pair: (169.825,127.245;169.825,127.636)|(169.685,127.54;169.685,127.149)</value>
   </values>
  </item>
  <item>
   <tags/>
   <category>'li.3'</category>
   <cell>spm</cell>
   <visited>false</visited>
   <multiplicity>1</multiplicity>
   <comment/>
   <image/>
   <values>
    <value>edge-pair: (163.725,142.47;163.725,142.42)|(163.85,142.535;163.85,142.585)</value>
   </values>
  </item>
  <item>
   <tags/>
   <category>'li.3'</category>
   <cell>spm</cell>
   <visited>false</visited>
   <multiplicity>1</multiplicity>
   <comment/>
   <image/>
   <values>
    <value>edge-pair: (173.455,141.885;173.455,142.47)|(173.345,142.345;173.345,142.015)</value>
   </values>
  </item>
  <item>
   <tags/>
   <category>'li.3'</category>
   <cell>spm</cell>
   <visited>false</visited>
   <multiplicity>1</multiplicity>
   <comment/>
   <image/>
   <values>
    <value>edge-pair: (175.66,142.765;176.065,142.765)|(176.22,142.835;175.815,142.835)</value>
   </values>
  </item>
  <item>
   <tags/>
   <category>'li.3'</category>
   <cell>spm</cell>
   <visited>false</visited>
   <multiplicity>1</multiplicity>
   <comment/>
   <image/>
   <values>
    <value>edge-pair: (165.58,142.42;165.58,143.485)|(165.455,143.6;165.455,142.535)</value>
   </values>
  </item>
  <item>
   <tags/>
   <category>'li.3'</category>
   <cell>spm</cell>
   <visited>false</visited>
   <multiplicity>1</multiplicity>
   <comment/>
   <image/>
   <values>
    <value>edge-pair: (164.775,141.935;164.775,142.085)|(164.62,142.015;164.62,142.005)</value>
   </values>
  </item>
  <item>
   <tags/>
   <category>'li.3'</category>
   <cell>spm</cell>
   <visited>false</visited>
   <multiplicity>1</multiplicity>
   <comment/>
   <image/>
   <values>
    <value>edge-pair: (175.295,132.565;175.295,133.025)|(175.145,133.105;175.145,132.565)</value>
   </values>
  </item>
  <item>
   <tags/>
   <category>'li.3'</category>
   <cell>spm</cell>
   <visited>false</visited>
   <multiplicity>1</multiplicity>
   <comment/>
   <image/>
   <values>
    <value>edge-pair: (164.715,143.565;164.715,143.905)|(164.605,144.035;164.605,143.695)</value>
   </values>
  </item>
  <item>
   <tags/>
   <category>'li.3'</category>
   <cell>spm</cell>
   <visited>false</visited>
   <multiplicity>1</multiplicity>
   <comment/>
   <image/>
   <values>
    <value>edge-pair: (175.305,132.005;175.305,132.205)|(175.145,132.262;175.145,132.055)</value>
   </values>
  </item>
  <item>
   <tags/>
   <category>'li.3'</category>
   <cell>spm</cell>
   <visited>false</visited>
   <multiplicity>1</multiplicity>
   <comment/>
   <image/>
   <values>
    <value>edge-pair: (173.455,141.848;173.455,142.152)|(173.37,142.005;173.37,141.995)</value>
   </values>
  </item>
  <item>
   <tags/>
   <category>'li.3'</category>
   <cell>spm</cell>
   <visited>false</visited>
   <multiplicity>1</multiplicity>
   <comment/>
   <image/>
   <values>
    <value>edge-pair: (175.305,142.085;175.305,142.935)|(175.155,142.935;175.155,142.005)</value>
   </values>
  </item>
  <item>
   <tags/>
   <category>'li.3'</category>
   <cell>spm</cell>
   <visited>false</visited>
   <multiplicity>1</multiplicity>
   <comment/>
   <image/>
   <values>
    <value>edge-pair: (176.305,142.765;176.54,142.765)|(176.695,142.835;176.46,142.835)</value>
   </values>
  </item>
  <item>
   <tags/>
   <category>'li.3'</category>
   <cell>spm</cell>
   <visited>false</visited>
   <multiplicity>1</multiplicity>
   <comment/>
   <image/>
   <values>
    <value>edge-pair: (165.05,142.345;165.49,142.345)|(165.41,142.495;165.13,142.495)</value>
   </values>
  </item>
  <item>
   <tags/>
   <category>'li.3'</category>
   <cell>spm</cell>
   <visited>false</visited>
   <multiplicity>1</multiplicity>
   <comment/>
   <image/>
   <values>
    <value>edge-pair: (164.715,143.13;164.715,143.65)|(164.6,143.525;164.6,143.13)</value>
   </values>
  </item>
  <item>
   <tags/>
   <category>'li.3'</category>
   <cell>spm</cell>
   <visited>false</visited>
   <multiplicity>1</multiplicity>
   <comment/>
   <image/>
   <values>
    <value>edge-pair: (165.975,143.205;165.975,143.425)|(165.965,143.595;165.965,143.355)</value>
   </values>
  </item>
  <item>
   <tags/>
   <category>'li.3'</category>
   <cell>spm</cell>
   <visited>false</visited>
   <multiplicity>1</multiplicity>
   <comment/>
   <image/>
   <values>
    <value>edge-pair: (176.215,131.155;176.215,131.385)|(176.075,131.481;176.075,131.155)</value>
   </values>
  </item>
  <item>
   <tags/>
   <category>'li.3'</category>
   <cell>spm</cell>
   <visited>false</visited>
   <multiplicity>1</multiplicity>
   <comment/>
   <image/>
   <values>
    <value>edge-pair: (173.455,143.444;173.455,143.736)|(173.36,143.595;173.36,143.585)</value>
   </values>
  </item>
  <item>
   <tags/>
   <category>'li.3'</category>
   <cell>spm</cell>
   <visited>false</visited>
   <multiplicity>1</multiplicity>
   <comment/>
   <image/>
   <values>
    <value>edge-pair: (172.92,143.13;173.455,143.13)|(173.345,143.255;172.92,143.255)</value>
   </values>
  </item>
  <item>
   <tags/>
   <category>'li.3'</category>
   <cell>spm</cell>
   <visited>false</visited>
   <multiplicity>1</multiplicity>
   <comment/>
   <image/>
   <values>
    <value>edge-pair: (173.455,141.799;173.455,142.126)|(173.4,141.965;173.4,141.96)</value>
   </values>
  </item>
  <item>
   <tags/>
   <category>'li.3'</category>
   <cell>spm</cell>
   <visited>false</visited>
   <multiplicity>1</multiplicity>
   <comment/>
   <image/>
   <values>
    <value>edge-pair: (169.995,126.845;170.235,126.845)|(170.394,126.905;169.995,126.905)</value>
   </values>
  </item>
  <item>
   <tags/>
   <category>'li.3'</category>
   <cell>spm</cell>
   <visited>false</visited>
   <multiplicity>1</multiplicity>
   <comment/>
   <image/>
   <values>
    <value>edge-pair: (173.455,143.463;173.455,143.782)|(173.39,143.625;173.39,143.62)</value>
   </values>
  </item>
  <item>
   <tags/>
   <category>'li.3'</category>
   <cell>spm</cell>
   <visited>false</visited>
   <multiplicity>1</multiplicity>
   <comment/>
   <image/>
   <values>
    <value>edge-pair: (172.92,142.345;173.345,142.345)|(173.455,142.47;172.92,142.47)</value>
   </values>
  </item>
  <item>
   <tags/>
   <category>'li.3'</category>
   <cell>spm</cell>
   <visited>false</visited>
   <multiplicity>1</multiplicity>
   <comment/>
   <image/>
   <values>
    <value>edge-pair: (173.455,141.818;173.455,142.137)|(173.39,141.98;173.39,141.975)</value>
   </values>
  </item>
  <item>
   <tags/>
   <category>'li.3'</category>
   <cell>spm</cell>
   <visited>false</visited>
   <multiplicity>1</multiplicity>
   <comment/>
   <image/>
   <values>
    <value>edge-pair: (172.575,143.3;172.575,144.035)|(172.465,143.905;172.465,143.17)</value>
   </values>
  </item>
  <item>
   <tags/>
   <category>'li.3'</category>
   <cell>spm</cell>
   <visited>false</visited>
   <multiplicity>1</multiplicity>
   <comment/>
   <image/>
   <values>
    <value>edge-pair: (173.455,141.825;173.455,142.145)|(173.385,141.99;173.385,141.98)</value>
   </values>
  </item>
  <item>
   <tags/>
   <category>'li.3'</category>
   <cell>spm</cell>
   <visited>false</visited>
   <multiplicity>1</multiplicity>
   <comment/>
   <image/>
   <values>
    <value>edge-pair: (176.245,142.765;176.435,142.765)|(176.28,142.835;176.09,142.835)</value>
   </values>
  </item>
  <item>
   <tags/>
   <category>'li.3'</category>
   <cell>spm</cell>
   <visited>false</visited>
   <multiplicity>1</multiplicity>
   <comment/>
   <image/>
   <values>
    <value>edge-pair: (173.455,141.806;173.455,142.134)|(173.395,141.975;173.395,141.965)</value>
   </values>
  </item>
  <item>
   <tags/>
   <category>'li.3'</category>
   <cell>spm</cell>
   <visited>false</visited>
   <multiplicity>1</multiplicity>
   <comment/>
   <image/>
   <values>
    <value>edge-pair: (173.105,142.745;173.575,142.745)|(173.575,142.855;173.105,142.855)</value>
   </values>
  </item>
  <item>
   <tags/>
   <category>'li.3'</category>
   <cell>spm</cell>
   <visited>false</visited>
   <multiplicity>1</multiplicity>
   <comment/>
   <image/>
   <values>
    <value>edge-pair: (172.575,141.565;172.575,142.3)|(172.465,142.43;172.465,141.695)</value>
   </values>
  </item>
  <item>
   <tags/>
   <category>'li.3'</category>
   <cell>spm</cell>
   <visited>false</visited>
   <multiplicity>1</multiplicity>
   <comment/>
   <image/>
   <values>
    <value>edge-pair: (169.825,126.845;169.825,127.075)|(169.685,127.171;169.685,126.845)</value>
   </values>
  </item>
  <item>
   <tags/>
   <category>'li.3'</category>
   <cell>spm</cell>
   <visited>false</visited>
   <multiplicity>1</multiplicity>
   <comment/>
   <image/>
   <values>
    <value>edge-pair: (164.365,142.545;164.365,142.715)|(164.2,142.756;164.2,142.535)</value>
   </values>
  </item>
  <item>
   <tags/>
   <category>'li.3'</category>
   <cell>spm</cell>
   <visited>false</visited>
   <multiplicity>1</multiplicity>
   <comment/>
   <image/>
   <values>
    <value>edge-pair: (164.275,142.025;164.305,142.025)|(164.305,142.155;164.165,142.155)</value>
   </values>
  </item>
  <item>
   <tags/>
   <category>'li.3'</category>
   <cell>spm</cell>
   <visited>false</visited>
   <multiplicity>1</multiplicity>
   <comment/>
   <image/>
   <values>
    <value>edge-pair: (173.455,143.455;173.455,143.775)|(173.385,143.62;173.385,143.61)</value>
   </values>
  </item>
  <item>
   <tags/>
   <category>'li.3'</category>
   <cell>spm</cell>
   <visited>false</visited>
   <multiplicity>1</multiplicity>
   <comment/>
   <image/>
   <values>
    <value>edge-pair: (176.695,141.525;176.695,142.235)|(176.545,142.255;176.545,141.525)</value>
   </values>
  </item>
  <item>
   <tags/>
   <category>'li.3'</category>
   <cell>spm</cell>
   <visited>false</visited>
   <multiplicity>1</multiplicity>
   <comment/>
   <image/>
   <values>
    <value>edge-pair: (175.65,142.655;175.65,142.765)|(175.635,142.934;175.635,142.655)</value>
   </values>
  </item>
  <item>
   <tags/>
   <category>'li.3'</category>
   <cell>spm</cell>
   <visited>false</visited>
   <multiplicity>1</multiplicity>
   <comment/>
   <image/>
   <values>
    <value>edge-pair: (175.295,131.264;175.295,131.365)|(175.13,131.406;175.13,131.305)</value>
   </values>
  </item>
  <item>
   <tags/>
   <category>'li.3'</category>
   <cell>spm</cell>
   <visited>false</visited>
   <multiplicity>1</multiplicity>
   <comment/>
   <image/>
   <values>
    <value>edge-pair: (173.455,143.448;173.455,143.752)|(173.37,143.605;173.37,143.595)</value>
   </values>
  </item>
  <item>
   <tags/>
   <category>'li.3'</category>
   <cell>spm</cell>
   <visited>false</visited>
   <multiplicity>1</multiplicity>
   <comment/>
   <image/>
   <values>
    <value>edge-pair: (164.775,141.86;164.775,142.095)|(164.65,141.98;164.65,141.975)</value>
   </values>
  </item>
  <item>
   <tags/>
   <category>'li.3'</category>
   <cell>spm</cell>
   <visited>false</visited>
   <multiplicity>1</multiplicity>
   <comment/>
   <image/>
   <values>
    <value>edge-pair: (170.67,126.195;170.67,126.335)|(170.515,126.265;170.515,126.125)</value>
   </values>
  </item>
  <item>
   <tags/>
   <category>'li.3'</category>
   <cell>spm</cell>
   <visited>false</visited>
   <multiplicity>1</multiplicity>
   <comment/>
   <image/>
   <values>
    <value>edge-pair: (173.98,143.445;173.98,143.65)|(173.865,143.525;173.865,143.445)</value>
   </values>
  </item>
  <item>
   <tags/>
   <category>'li.3'</category>
   <cell>spm</cell>
   <visited>false</visited>
   <multiplicity>1</multiplicity>
   <comment/>
   <image/>
   <values>
    <value>edge-pair: (173.98,141.95;173.98,142.155)|(173.865,142.155;173.865,142.075)</value>
   </values>
  </item>
  <item>
   <tags/>
   <category>'li.3'</category>
   <cell>spm</cell>
   <visited>false</visited>
   <multiplicity>1</multiplicity>
   <comment/>
   <image/>
   <values>
    <value>edge-pair: (152.645,130.925;152.645,131.095)|(152.63,131.264;152.63,130.825)</value>
   </values>
  </item>
  <item>
   <tags/>
   <category>'li.3'</category>
   <cell>spm</cell>
   <visited>false</visited>
   <multiplicity>1</multiplicity>
   <comment/>
   <image/>
   <values>
    <value>edge-pair: (153.275,142.05;153.275,142.665)|(153.16,142.79;153.16,142.175)</value>
   </values>
  </item>
  <item>
   <tags/>
   <category>'li.3'</category>
   <cell>spm</cell>
   <visited>false</visited>
   <multiplicity>1</multiplicity>
   <comment/>
   <image/>
   <values>
    <value>edge-pair: (161.055,130.735;161.055,131.355)|(160.905,131.385;160.905,130.815)</value>
   </values>
  </item>
  <item>
   <tags/>
   <category>'li.3'</category>
   <cell>spm</cell>
   <visited>false</visited>
   <multiplicity>1</multiplicity>
   <comment/>
   <image/>
   <values>
    <value>edge-pair: (153.11,131.425;153.11,131.755)|(153.09,131.924;153.09,131.425)</value>
   </values>
  </item>
  <item>
   <tags/>
   <category>'li.3'</category>
   <cell>spm</cell>
   <visited>false</visited>
   <multiplicity>1</multiplicity>
   <comment/>
   <image/>
   <values>
    <value>edge-pair: (153.13,131.095;153.26,131.095)|(153.26,131.255;153.13,131.255)</value>
   </values>
  </item>
  <item>
   <tags/>
   <category>'li.3'</category>
   <cell>spm</cell>
   <visited>false</visited>
   <multiplicity>1</multiplicity>
   <comment/>
   <image/>
   <values>
    <value>edge-pair: (155.555,131.243;155.555,131.42)|(155.395,131.477;155.395,131.3)</value>
   </values>
  </item>
  <item>
   <tags/>
   <category>'li.3'</category>
   <cell>spm</cell>
   <visited>false</visited>
   <multiplicity>1</multiplicity>
   <comment/>
   <image/>
   <values>
    <value>edge-pair: (153.11,131.955;153.11,132.285)|(153.09,132.454;153.09,131.786)</value>
   </values>
  </item>
  <item>
   <tags/>
   <category>'li.3'</category>
   <cell>spm</cell>
   <visited>false</visited>
   <multiplicity>1</multiplicity>
   <comment/>
   <image/>
   <values>
    <value>edge-pair: (162.435,143.365;162.435,144.001)|(162.295,143.905;162.295,143.275)</value>
   </values>
  </item>
  <item>
   <tags/>
   <category>'li.3'</category>
   <cell>spm</cell>
   <visited>false</visited>
   <multiplicity>1</multiplicity>
   <comment/>
   <image/>
   <values>
    <value>edge-pair: (154.03,143.275;154.03,144.064)|(154.015,143.895;154.015,143.335)</value>
   </values>
  </item>
  <item>
   <tags/>
   <category>'li.3'</category>
   <cell>spm</cell>
   <visited>false</visited>
   <multiplicity>1</multiplicity>
   <comment/>
   <image/>
   <values>
    <value>edge-pair: (161.535,142.275;161.535,142.675)|(161.375,142.732;161.375,142.275)</value>
   </values>
  </item>
  <item>
   <tags/>
   <category>'li.3'</category>
   <cell>spm</cell>
   <visited>false</visited>
   <multiplicity>1</multiplicity>
   <comment/>
   <image/>
   <values>
    <value>edge-pair: (162.2,142.765;162.43,142.765)|(162.275,142.835;162.045,142.835)</value>
   </values>
  </item>
  <item>
   <tags/>
   <category>'li.3'</category>
   <cell>spm</cell>
   <visited>false</visited>
   <multiplicity>1</multiplicity>
   <comment/>
   <image/>
   <values>
    <value>edge-pair: (161.085,143.165;161.525,143.165)|(161.395,143.275;161.085,143.275)</value>
   </values>
  </item>
  <item>
   <tags/>
   <category>'li.3'</category>
   <cell>spm</cell>
   <visited>false</visited>
   <multiplicity>1</multiplicity>
   <comment/>
   <image/>
   <values>
    <value>edge-pair: (153.275,143.485;153.515,143.485)|(153.604,143.63;153.186,143.63)</value>
   </values>
  </item>
  <item>
   <tags/>
   <category>'li.3'</category>
   <cell>spm</cell>
   <visited>false</visited>
   <multiplicity>1</multiplicity>
   <comment/>
   <image/>
   <values>
    <value>edge-pair: (161.555,142.765;161.585,142.765)|(161.43,142.835;161.4,142.835)</value>
   </values>
  </item>
  <item>
   <tags/>
   <category>'li.3'</category>
   <cell>spm</cell>
   <visited>false</visited>
   <multiplicity>1</multiplicity>
   <comment/>
   <image/>
   <values>
    <value>edge-pair: (154.03,142.635;154.15,142.635)|(154.03,142.755;153.91,142.755)</value>
   </values>
  </item>
  <item>
   <tags/>
   <category>'li.3'</category>
   <cell>spm</cell>
   <visited>false</visited>
   <multiplicity>1</multiplicity>
   <comment/>
   <image/>
   <values>
    <value>edge-pair: (155.07,143.256;155.07,143.435)|(154.925,143.524;154.925,143.345)</value>
   </values>
  </item>
  <item>
   <tags/>
   <category>'li.3'</category>
   <cell>spm</cell>
   <visited>false</visited>
   <multiplicity>1</multiplicity>
   <comment/>
   <image/>
   <values>
    <value>edge-pair: (152.355,132.605;152.464,132.605)|(152.32,132.695;152.24,132.695)</value>
   </values>
  </item>
  <item>
   <tags/>
   <category>'li.3'</category>
   <cell>spm</cell>
   <visited>false</visited>
   <multiplicity>1</multiplicity>
   <comment/>
   <image/>
   <values>
    <value>edge-pair: (162.035,142.286;162.035,142.665)|(162.02,142.765;162.02,142.455)</value>
   </values>
  </item>
  <item>
   <tags/>
   <category>'li.3'</category>
   <cell>spm</cell>
   <visited>false</visited>
   <multiplicity>1</multiplicity>
   <comment/>
   <image/>
   <values>
    <value>edge-pair: (154.155,132.465;154.155,133.025)|(154.005,133.105;154.005,132.465)</value>
   </values>
  </item>
  <item>
   <tags/>
   <category>'li.3'</category>
   <cell>spm</cell>
   <visited>false</visited>
   <multiplicity>1</multiplicity>
   <comment/>
   <image/>
   <values>
    <value>edge-pair: (161.555,142.72;161.555,142.765)|(161.43,142.88;161.43,142.835)</value>
   </values>
  </item>
  <item>
   <tags/>
   <category>'li.3'</category>
   <cell>spm</cell>
   <visited>false</visited>
   <multiplicity>1</multiplicity>
   <comment/>
   <image/>
   <values>
    <value>edge-pair: (154.625,142.835;154.625,143.165)|(154.54,143.312;154.54,142.688)</value>
   </values>
  </item>
  <item>
   <tags/>
   <category>'li.3'</category>
   <cell>spm</cell>
   <visited>false</visited>
   <multiplicity>1</multiplicity>
   <comment/>
   <image/>
   <values>
    <value>edge-pair: (154.548,142.635;154.925,142.635)|(154.9,142.685;154.71,142.685)</value>
   </values>
  </item>
  <item>
   <tags/>
   <category>'li.3'</category>
   <cell>spm</cell>
   <visited>false</visited>
   <multiplicity>1</multiplicity>
   <comment/>
   <image/>
   <values>
    <value>edge-pair: (152.355,132.529;152.355,132.605)|(152.32,132.771;152.32,132.695)</value>
   </values>
  </item>
  <item>
   <tags/>
   <category>'li.3'</category>
   <cell>spm</cell>
   <visited>false</visited>
   <multiplicity>1</multiplicity>
   <comment/>
   <image/>
   <values>
    <value>edge-pair: (154.05,142.025;154.19,142.025)|(154.32,142.135;154.05,142.135)</value>
   </values>
  </item>
  <item>
   <tags/>
   <category>'li.3'</category>
   <cell>spm</cell>
   <visited>false</visited>
   <multiplicity>1</multiplicity>
   <comment/>
   <image/>
   <values>
    <value>edge-pair: (160.605,131.885;160.795,131.885)|(160.64,131.955;160.45,131.955)</value>
   </values>
  </item>
  <item>
   <tags/>
   <category>'li.3'</category>
   <cell>spm</cell>
   <visited>false</visited>
   <multiplicity>1</multiplicity>
   <comment/>
   <image/>
   <values>
    <value>edge-pair: (155.07,142.475;155.07,142.724)|(154.925,142.635;154.925,142.475)</value>
   </values>
  </item>
  <item>
   <tags/>
   <category>'li.3'</category>
   <cell>spm</cell>
   <visited>false</visited>
   <multiplicity>1</multiplicity>
   <comment/>
   <image/>
   <values>
    <value>edge-pair: (160.665,131.885;160.915,131.885)|(161.07,131.955;160.82,131.955)</value>
   </values>
  </item>
  <item>
   <tags/>
   <category>'li.3'</category>
   <cell>spm</cell>
   <visited>false</visited>
   <multiplicity>1</multiplicity>
   <comment/>
   <image/>
   <values>
    <value>edge-pair: (154.54,141.975;154.595,141.975)|(154.595,142.135;154.54,142.135)</value>
   </values>
  </item>
  <item>
   <tags/>
   <category>'li.3'</category>
   <cell>spm</cell>
   <visited>false</visited>
   <multiplicity>1</multiplicity>
   <comment/>
   <image/>
   <values>
    <value>edge-pair: (152.355,131.955;152.355,132.605)|(152.24,132.695;152.24,131.83)</value>
   </values>
  </item>
  <item>
   <tags/>
   <category>'li.3'</category>
   <cell>spm</cell>
   <visited>false</visited>
   <multiplicity>1</multiplicity>
   <comment/>
   <image/>
   <values>
    <value>edge-pair: (162.265,143.185;162.439,143.185)|(162.295,143.275;162.265,143.275)</value>
   </values>
  </item>
  <item>
   <tags/>
   <category>'li.3'</category>
   <cell>spm</cell>
   <visited>false</visited>
   <multiplicity>1</multiplicity>
   <comment/>
   <image/>
   <values>
    <value>edge-pair: (161.785,142.765;162.02,142.765)|(162.175,142.835;161.94,142.835)</value>
   </values>
  </item>
  <item>
   <tags/>
   <category>'li.3'</category>
   <cell>spm</cell>
   <visited>false</visited>
   <multiplicity>1</multiplicity>
   <comment/>
   <image/>
   <values>
    <value>edge-pair: (152.355,131.785;152.765,131.785)|(152.6,131.805;152.41,131.805)</value>
   </values>
  </item>
  <item>
   <tags/>
   <category>'li.3'</category>
   <cell>spm</cell>
   <visited>false</visited>
   <multiplicity>1</multiplicity>
   <comment/>
   <image/>
   <values>
    <value>edge-pair: (152.355,131.095;152.355,131.785)|(152.24,131.91;152.24,131.095)</value>
   </values>
  </item>
  <item>
   <tags/>
   <category>'li.3'</category>
   <cell>spm</cell>
   <visited>false</visited>
   <multiplicity>1</multiplicity>
   <comment/>
   <image/>
   <values>
    <value>edge-pair: (153.26,131.095;153.26,131.255)|(153.13,131.255;153.13,131.095)</value>
   </values>
  </item>
  <item>
   <tags/>
   <category>'li.3'</category>
   <cell>spm</cell>
   <visited>false</visited>
   <multiplicity>1</multiplicity>
   <comment/>
   <image/>
   <values>
    <value>edge-pair: (153.6,132.09;153.6,132.465)|(153.525,132.618;153.525,131.955)</value>
   </values>
  </item>
  <item>
   <tags/>
   <category>'li.3'</category>
   <cell>spm</cell>
   <visited>false</visited>
   <multiplicity>1</multiplicity>
   <comment/>
   <image/>
   <values>
    <value>edge-pair: (152.425,132.605;152.595,132.605)|(152.715,132.725;152.545,132.725)</value>
   </values>
  </item>
  <item>
   <tags/>
   <category>'li.3'</category>
   <cell>spm</cell>
   <visited>false</visited>
   <multiplicity>1</multiplicity>
   <comment/>
   <image/>
   <values>
    <value>edge-pair: (152.765,132.635;152.87,132.635)|(152.87,132.725;152.621,132.725)</value>
   </values>
  </item>
  <item>
   <tags/>
   <category>'li.3'</category>
   <cell>spm</cell>
   <visited>false</visited>
   <multiplicity>1</multiplicity>
   <comment/>
   <image/>
   <values>
    <value>edge-pair: (153.55,131.885;154.135,131.885)|(154,131.955;153.705,131.955)</value>
   </values>
  </item>
  <item>
   <tags/>
   <category>'li.3'</category>
   <cell>spm</cell>
   <visited>false</visited>
   <multiplicity>1</multiplicity>
   <comment/>
   <image/>
   <values>
    <value>edge-pair: (152.765,131.785;152.765,132.566)|(152.6,132.525;152.6,131.805)</value>
   </values>
  </item>
  <item>
   <tags/>
   <category>'li.3'</category>
   <cell>spm</cell>
   <visited>false</visited>
   <multiplicity>1</multiplicity>
   <comment/>
   <image/>
   <values>
    <value>edge-pair: (153.43,131.885;153.68,131.885)|(153.525,131.955;153.43,131.955)</value>
   </values>
  </item>
  <item>
   <tags/>
   <category>'li.3'</category>
   <cell>spm</cell>
   <visited>false</visited>
   <multiplicity>1</multiplicity>
   <comment/>
   <image/>
   <values>
    <value>edge-pair: (160.575,131.155;160.575,131.385)|(160.475,131.522;160.475,131.155)</value>
   </values>
  </item>
  <item>
   <tags/>
   <category>'li.3'</category>
   <cell>spm</cell>
   <visited>false</visited>
   <multiplicity>1</multiplicity>
   <comment/>
   <image/>
   <values>
    <value>edge-pair: (155.07,142.755;155.07,143.245)|(154.92,143.165;154.92,142.835)</value>
   </values>
  </item>
  <item>
   <tags/>
   <category>'li.3'</category>
   <cell>spm</cell>
   <visited>false</visited>
   <multiplicity>1</multiplicity>
   <comment/>
   <image/>
   <values>
    <value>edge-pair: (154.945,141.805;154.945,141.975)|(154.925,142.144;154.925,141.705)</value>
   </values>
  </item>
  <item>
   <tags/>
   <category>'li.3'</category>
   <cell>spm</cell>
   <visited>false</visited>
   <multiplicity>1</multiplicity>
   <comment/>
   <image/>
   <values>
    <value>edge-pair: (154.03,142.635;154.362,142.635)|(154.2,142.685;154.03,142.685)</value>
   </values>
  </item>
  <item>
   <tags/>
   <category>'li.3'</category>
   <cell>spm</cell>
   <visited>false</visited>
   <multiplicity>1</multiplicity>
   <comment/>
   <image/>
   <values>
    <value>edge-pair: (160.605,131.555;160.605,131.885)|(160.475,131.775;160.475,131.445)</value>
   </values>
  </item>
  <item>
   <tags/>
   <category>'li.3'</category>
   <cell>spm</cell>
   <visited>false</visited>
   <multiplicity>1</multiplicity>
   <comment/>
   <image/>
   <values>
    <value>edge-pair: (152.37,132.805;152.37,133.187)|(152.32,133.025;152.32,132.695)</value>
   </values>
  </item>
  <item>
   <tags/>
   <category>'li.3'</category>
   <cell>spm</cell>
   <visited>false</visited>
   <multiplicity>1</multiplicity>
   <comment/>
   <image/>
   <values>
    <value>edge-pair: (154.625,143.345;154.625,143.722)|(154.54,143.575;154.54,143.198)</value>
   </values>
  </item>
  <item>
   <tags/>
   <category>'li.3'</category>
   <cell>spm</cell>
   <visited>false</visited>
   <multiplicity>1</multiplicity>
   <comment/>
   <image/>
   <values>
    <value>edge-pair: (153.275,142.835;153.275,143.095)|(153.16,143.095;153.16,142.71)</value>
   </values>
  </item>
  <item>
   <tags/>
   <category>'li.3'</category>
   <cell>spm</cell>
   <visited>false</visited>
   <multiplicity>1</multiplicity>
   <comment/>
   <image/>
   <values>
    <value>edge-pair: (154.03,143.165;154.215,143.165)|(154.2,143.275;154.03,143.275)</value>
   </values>
  </item>
  <item>
   <tags/>
   <category>'li.3'</category>
   <cell>spm</cell>
   <visited>false</visited>
   <multiplicity>1</multiplicity>
   <comment/>
   <image/>
   <values>
    <value>edge-pair: (154.22,141.525;154.22,141.965)|(154.19,142.025;154.19,141.525)</value>
   </values>
  </item>
  <item>
   <tags/>
   <category>'li.3'</category>
   <cell>spm</cell>
   <visited>false</visited>
   <multiplicity>1</multiplicity>
   <comment/>
   <image/>
   <values>
    <value>edge-pair: (153.685,143.054;153.685,143.501)|(153.52,143.46;153.52,143.095)</value>
   </values>
  </item>
  <item>
   <tags/>
   <category>'li.3'</category>
   <cell>spm</cell>
   <visited>false</visited>
   <multiplicity>1</multiplicity>
   <comment/>
   <image/>
   <values>
    <value>edge-pair: (153.61,132.695;153.61,133.052)|(153.525,132.905;153.525,132.548)</value>
   </values>
  </item>
  <item>
   <tags/>
   <category>'li.3'</category>
   <cell>spm</cell>
   <visited>false</visited>
   <multiplicity>1</multiplicity>
   <comment/>
   <image/>
   <values>
    <value>edge-pair: (154.595,141.975;154.595,142.135)|(154.54,142.135;154.54,141.975)</value>
   </values>
  </item>
  <item>
   <tags/>
   <category>'li.3'</category>
   <cell>spm</cell>
   <visited>false</visited>
   <multiplicity>1</multiplicity>
   <comment/>
   <image/>
   <values>
    <value>edge-pair: (153.685,143.515;153.69,143.515)|(153.69,143.63;153.56,143.63)</value>
   </values>
  </item>
  <item>
   <tags/>
   <category>'li.3'</category>
   <cell>spm</cell>
   <visited>false</visited>
   <multiplicity>1</multiplicity>
   <comment/>
   <image/>
   <values>
    <value>edge-pair: (154.215,143.165;154.215,143.785)|(154.2,143.954;154.2,143.275)</value>
   </values>
  </item>
  <item>
   <tags/>
   <category>'li.3'</category>
   <cell>spm</cell>
   <visited>false</visited>
   <multiplicity>1</multiplicity>
   <comment/>
   <image/>
   <values>
    <value>edge-pair: (154.625,143.405;154.625,144.075)|(154.62,143.905;154.62,143.575)</value>
   </values>
  </item>
  <item>
   <tags/>
   <category>'li.3'</category>
   <cell>spm</cell>
   <visited>false</visited>
   <multiplicity>1</multiplicity>
   <comment/>
   <image/>
   <values>
    <value>edge-pair: (154.03,142.505;154.03,142.635)|(153.91,142.535;153.91,142.505)</value>
   </values>
  </item>
  <item>
   <tags/>
   <category>'li.3'</category>
   <cell>spm</cell>
   <visited>false</visited>
   <multiplicity>1</multiplicity>
   <comment/>
   <image/>
   <values>
    <value>edge-pair: (161.94,142.835;161.94,143.085)|(161.855,143.232;161.855,142.945)</value>
   </values>
  </item>
  <item>
   <tags/>
   <category>'li.3'</category>
   <cell>spm</cell>
   <visited>false</visited>
   <multiplicity>1</multiplicity>
   <comment/>
   <image/>
   <values>
    <value>edge-pair: (153.71,142.205;153.71,142.475)|(153.55,142.475;153.55,142.148)</value>
   </values>
  </item>
  <item>
   <tags/>
   <category>'li.3'</category>
   <cell>spm</cell>
   <visited>false</visited>
   <multiplicity>1</multiplicity>
   <comment/>
   <image/>
   <values>
    <value>edge-pair: (155.385,132.135;155.395,132.135)|(155.445,132.25;155.385,132.25)</value>
   </values>
  </item>
  <item>
   <tags/>
   <category>'li.3'</category>
   <cell>spm</cell>
   <visited>false</visited>
   <multiplicity>1</multiplicity>
   <comment/>
   <image/>
   <values>
    <value>edge-pair: (160.025,131.775;160.025,131.885)|(159.995,132.052;159.995,131.775)</value>
   </values>
  </item>
  <item>
   <tags/>
   <category>'li.3'</category>
   <cell>spm</cell>
   <visited>false</visited>
   <multiplicity>1</multiplicity>
   <comment/>
   <image/>
   <values>
    <value>edge-pair: (155.105,131.393;155.105,132.047)|(155.055,131.885;155.055,131.555)</value>
   </values>
  </item>
  <item>
   <tags/>
   <category>'li.3'</category>
   <cell>spm</cell>
   <visited>false</visited>
   <multiplicity>1</multiplicity>
   <comment/>
   <image/>
   <values>
    <value>edge-pair: (153.26,132.414;153.26,132.725)|(153.095,132.725;153.095,132.455)</value>
   </values>
  </item>
  <item>
   <tags/>
   <category>'li.3'</category>
   <cell>spm</cell>
   <visited>false</visited>
   <multiplicity>1</multiplicity>
   <comment/>
   <image/>
   <values>
    <value>edge-pair: (160.175,132.265;160.515,132.265)|(160.405,132.395;160.175,132.395)</value>
   </values>
  </item>
  <item>
   <tags/>
   <category>'li.3'</category>
   <cell>spm</cell>
   <visited>false</visited>
   <multiplicity>1</multiplicity>
   <comment/>
   <image/>
   <values>
    <value>edge-pair: (153.5,142.665;153.685,142.665)|(153.685,142.755;153.5,142.755)</value>
   </values>
  </item>
  <item>
   <tags/>
   <category>'li.3'</category>
   <cell>spm</cell>
   <visited>false</visited>
   <multiplicity>1</multiplicity>
   <comment/>
   <image/>
   <values>
    <value>edge-pair: (162.005,141.705;162.005,142.075)|(161.865,142.075;161.865,141.695)</value>
   </values>
  </item>
  <item>
   <tags/>
   <category>'li.3'</category>
   <cell>spm</cell>
   <visited>false</visited>
   <multiplicity>1</multiplicity>
   <comment/>
   <image/>
   <values>
    <value>edge-pair: (160.885,131.385;160.905,131.385)|(160.985,131.535;160.885,131.535)</value>
   </values>
  </item>
  <item>
   <tags/>
   <category>'li.3'</category>
   <cell>spm</cell>
   <visited>false</visited>
   <multiplicity>1</multiplicity>
   <comment/>
   <image/>
   <values>
    <value>edge-pair: (160.575,132.715;160.575,133.025)|(160.445,133.135;160.445,132.825)</value>
   </values>
  </item>
  <item>
   <tags/>
   <category>'li.3'</category>
   <cell>spm</cell>
   <visited>false</visited>
   <multiplicity>1</multiplicity>
   <comment/>
   <image/>
   <values>
    <value>edge-pair: (159.675,130.815;159.675,133.025)|(159.515,133.015;159.515,130.825)</value>
   </values>
  </item>
  <item>
   <tags/>
   <category>'li.3'</category>
   <cell>spm</cell>
   <visited>false</visited>
   <multiplicity>1</multiplicity>
   <comment/>
   <image/>
   <values>
    <value>edge-pair: (160.025,131.885;160.4,131.885)|(160.555,131.955;160.175,131.955)</value>
   </values>
  </item>
  <item>
   <tags/>
   <category>'li.3'</category>
   <cell>spm</cell>
   <visited>false</visited>
   <multiplicity>1</multiplicity>
   <comment/>
   <image/>
   <values>
    <value>edge-pair: (155.625,115.545;155.984,115.545)|(155.84,115.635;155.545,115.635)</value>
   </values>
  </item>
  <item>
   <tags/>
   <category>'li.3'</category>
   <cell>spm</cell>
   <visited>false</visited>
   <multiplicity>1</multiplicity>
   <comment/>
   <image/>
   <values>
    <value>edge-pair: (155.545,115.965;155.84,115.965)|(155.805,116.1;155.442,116.1)</value>
   </values>
  </item>
  <item>
   <tags/>
   <category>'li.3'</category>
   <cell>spm</cell>
   <visited>false</visited>
   <multiplicity>1</multiplicity>
   <comment/>
   <image/>
   <values>
    <value>edge-pair: (156.505,114.755;156.505,114.955)|(156.385,114.955;156.385,114.875)</value>
   </values>
  </item>
  <item>
   <tags/>
   <category>'li.3'</category>
   <cell>spm</cell>
   <visited>false</visited>
   <multiplicity>1</multiplicity>
   <comment/>
   <image/>
   <values>
    <value>edge-pair: (156.025,114.65;156.025,114.905)|(155.91,114.78;155.91,114.775)</value>
   </values>
  </item>
  <item>
   <tags/>
   <category>'li.3'</category>
   <cell>spm</cell>
   <visited>false</visited>
   <multiplicity>1</multiplicity>
   <comment/>
   <image/>
   <values>
    <value>edge-pair: (159.561,120.585;159.94,120.585)|(160.084,120.675;159.705,120.675)</value>
   </values>
  </item>
  <item>
   <tags/>
   <category>'li.3'</category>
   <cell>spm</cell>
   <visited>false</visited>
   <multiplicity>1</multiplicity>
   <comment/>
   <image/>
   <values>
    <value>edge-pair: (160.02,121.005;160.795,121.005)|(160.64,121.075;160.175,121.075)</value>
   </values>
  </item>
  <item>
   <tags/>
   <category>'li.3'</category>
   <cell>spm</cell>
   <visited>false</visited>
   <multiplicity>1</multiplicity>
   <comment/>
   <image/>
   <values>
    <value>edge-pair: (156.335,115.145;157.135,115.145)|(157.055,115.295;156.335,115.295)</value>
   </values>
  </item>
  <item>
   <tags/>
   <category>'li.3'</category>
   <cell>spm</cell>
   <visited>false</visited>
   <multiplicity>1</multiplicity>
   <comment/>
   <image/>
   <values>
    <value>edge-pair: (160.665,121.005;161.5,121.005)|(161.345,121.075;160.82,121.075)</value>
   </values>
  </item>
  <item>
   <tags/>
   <category>'li.3'</category>
   <cell>spm</cell>
   <visited>false</visited>
   <multiplicity>1</multiplicity>
   <comment/>
   <image/>
   <values>
    <value>edge-pair: (162.01,119.826;162.01,120.415)|(161.905,120.415;161.905,119.96)</value>
   </values>
  </item>
  <item>
   <tags/>
   <category>'li.3'</category>
   <cell>spm</cell>
   <visited>false</visited>
   <multiplicity>1</multiplicity>
   <comment/>
   <image/>
   <values>
    <value>edge-pair: (156.455,120.32;156.455,120.495)|(156.34,120.495;156.34,120.445)</value>
   </values>
  </item>
  <item>
   <tags/>
   <category>'li.3'</category>
   <cell>spm</cell>
   <visited>false</visited>
   <multiplicity>1</multiplicity>
   <comment/>
   <image/>
   <values>
    <value>edge-pair: (156.455,119.935;156.455,120.39)|(156.33,120.275;156.33,119.82)</value>
   </values>
  </item>
  <item>
   <tags/>
   <category>'li.3'</category>
   <cell>spm</cell>
   <visited>false</visited>
   <multiplicity>1</multiplicity>
   <comment/>
   <image/>
   <values>
    <value>edge-pair: (156.805,121.405;157.327,121.405)|(157.19,121.505;156.93,121.505)</value>
   </values>
  </item>
  <item>
   <tags/>
   <category>'li.3'</category>
   <cell>spm</cell>
   <visited>false</visited>
   <multiplicity>1</multiplicity>
   <comment/>
   <image/>
   <values>
    <value>edge-pair: (157.37,121.005;157.37,121.574)|(157.355,121.405;157.355,121.075)</value>
   </values>
  </item>
  <item>
   <tags/>
   <category>'li.3'</category>
   <cell>spm</cell>
   <visited>false</visited>
   <multiplicity>1</multiplicity>
   <comment/>
   <image/>
   <values>
    <value>edge-pair: (156.93,121.505;156.93,122.215)|(156.805,122.1;156.805,121.405)</value>
   </values>
  </item>
  <item>
   <tags/>
   <category>'li.3'</category>
   <cell>spm</cell>
   <visited>false</visited>
   <multiplicity>1</multiplicity>
   <comment/>
   <image/>
   <values>
    <value>edge-pair: (162.01,121.825;162.01,122.274)|(161.905,122.14;161.905,121.691)</value>
   </values>
  </item>
  <item>
   <tags/>
   <category>'li.3'</category>
   <cell>spm</cell>
   <visited>false</visited>
   <multiplicity>1</multiplicity>
   <comment/>
   <image/>
   <values>
    <value>edge-pair: (157.305,119.98;157.305,120.415)|(157.19,120.29;157.19,119.855)</value>
   </values>
  </item>
  <item>
   <tags/>
   <category>'li.3'</category>
   <cell>spm</cell>
   <visited>false</visited>
   <multiplicity>1</multiplicity>
   <comment/>
   <image/>
   <values>
    <value>edge-pair: (155.975,115.93;155.975,116.068)|(155.84,115.965;155.84,115.93)</value>
   </values>
  </item>
  <item>
   <tags/>
   <category>'li.3'</category>
   <cell>spm</cell>
   <visited>false</visited>
   <multiplicity>1</multiplicity>
   <comment/>
   <image/>
   <values>
    <value>edge-pair: (157.79,121.515;157.79,121.801)|(157.695,121.66;157.695,121.374)</value>
   </values>
  </item>
  <item>
   <tags/>
   <category>'li.3'</category>
   <cell>spm</cell>
   <visited>false</visited>
   <multiplicity>1</multiplicity>
   <comment/>
   <image/>
   <values>
    <value>edge-pair: (156.025,114.626;156.025,114.899)|(155.92,114.765;155.92,114.76)</value>
   </values>
  </item>
  <item>
   <tags/>
   <category>'li.3'</category>
   <cell>spm</cell>
   <visited>false</visited>
   <multiplicity>1</multiplicity>
   <comment/>
   <image/>
   <values>
    <value>edge-pair: (161.37,121.005;161.98,121.005)|(161.825,121.075;161.525,121.075)</value>
   </values>
  </item>
  <item>
   <tags/>
   <category>'li.3'</category>
   <cell>spm</cell>
   <visited>false</visited>
   <multiplicity>1</multiplicity>
   <comment/>
   <image/>
   <values>
    <value>edge-pair: (156.93,119.832;156.93,120.29)|(156.795,120.393;156.795,119.935)</value>
   </values>
  </item>
  <item>
   <tags/>
   <category>'li.3'</category>
   <cell>spm</cell>
   <visited>false</visited>
   <multiplicity>1</multiplicity>
   <comment/>
   <image/>
   <values>
    <value>edge-pair: (159.561,120.585;160.205,120.585)|(160.205,120.675;159.705,120.675)</value>
   </values>
  </item>
  <item>
   <tags/>
   <category>'li.3'</category>
   <cell>spm</cell>
   <visited>false</visited>
   <multiplicity>1</multiplicity>
   <comment/>
   <image/>
   <values>
    <value>edge-pair: (156.475,121.575;156.475,122.1)|(156.33,122.189;156.33,121.505)</value>
   </values>
  </item>
  <item>
   <tags/>
   <category>'li.3'</category>
   <cell>spm</cell>
   <visited>false</visited>
   <multiplicity>1</multiplicity>
   <comment/>
   <image/>
   <values>
    <value>edge-pair: (155.898,121.405;156.435,121.405)|(156.33,121.505;156.035,121.505)</value>
   </values>
  </item>
  <item>
   <tags/>
   <category>'li.3'</category>
   <cell>spm</cell>
   <visited>false</visited>
   <multiplicity>1</multiplicity>
   <comment/>
   <image/>
   <values>
    <value>edge-pair: (156.025,114.635;156.025,114.905)|(155.915,114.775;155.915,114.765)</value>
   </values>
  </item>
  <item>
   <tags/>
   <category>'li.3'</category>
   <cell>spm</cell>
   <visited>false</visited>
   <multiplicity>1</multiplicity>
   <comment/>
   <image/>
   <values>
    <value>edge-pair: (157.315,121.575;157.315,122.095)|(157.19,122.21;157.19,121.505)</value>
   </values>
  </item>
  <item>
   <tags/>
   <category>'li.3'</category>
   <cell>spm</cell>
   <visited>false</visited>
   <multiplicity>1</multiplicity>
   <comment/>
   <image/>
   <values>
    <value>edge-pair: (161.525,121.585;161.525,122.31)|(161.475,122.31;161.475,121.585)</value>
   </values>
  </item>
  <item>
   <tags/>
   <category>'li.3'</category>
   <cell>spm</cell>
   <visited>false</visited>
   <multiplicity>1</multiplicity>
   <comment/>
   <image/>
   <values>
    <value>edge-pair: (162.435,122.145;162.95,122.145)|(162.95,122.31;162.394,122.31)</value>
   </values>
  </item>
  <item>
   <tags/>
   <category>'li.3'</category>
   <cell>spm</cell>
   <visited>false</visited>
   <multiplicity>1</multiplicity>
   <comment/>
   <image/>
   <values>
    <value>edge-pair: (160.885,120.585;161.555,120.585)|(161.555,120.655;160.885,120.655)</value>
   </values>
  </item>
  <item>
   <tags/>
   <category>'li.3'</category>
   <cell>spm</cell>
   <visited>false</visited>
   <multiplicity>1</multiplicity>
   <comment/>
   <image/>
   <values>
    <value>edge-pair: (157.79,121.571;157.79,122.184)|(157.645,122.095;157.645,121.66)</value>
   </values>
  </item>
  <item>
   <tags/>
   <category>'li.3'</category>
   <cell>spm</cell>
   <visited>false</visited>
   <multiplicity>1</multiplicity>
   <comment/>
   <image/>
   <values>
    <value>edge-pair: (161.555,119.945;161.555,120.395)|(161.475,120.245;161.475,119.795)</value>
   </values>
  </item>
  <item>
   <tags/>
   <category>'li.3'</category>
   <cell>spm</cell>
   <visited>false</visited>
   <multiplicity>1</multiplicity>
   <comment/>
   <image/>
   <values>
    <value>edge-pair: (160.655,119.945;160.655,120.41)|(160.615,120.245;160.615,119.78)</value>
   </values>
  </item>
  <item>
   <tags/>
   <category>'li.3'</category>
   <cell>spm</cell>
   <visited>false</visited>
   <multiplicity>1</multiplicity>
   <comment/>
   <image/>
   <values>
    <value>edge-pair: (160.205,119.945;160.205,120.415)|(160.2,120.415;160.2,119.96)</value>
   </values>
  </item>
  <item>
   <tags/>
   <category>'li.3'</category>
   <cell>spm</cell>
   <visited>false</visited>
   <multiplicity>1</multiplicity>
   <comment/>
   <image/>
   <values>
    <value>edge-pair: (162.03,121.415;162.03,121.655)|(161.905,121.77;161.905,121.415)</value>
   </values>
  </item>
  <item>
   <tags/>
   <category>'li.3'</category>
   <cell>spm</cell>
   <visited>false</visited>
   <multiplicity>1</multiplicity>
   <comment/>
   <image/>
   <values>
    <value>edge-pair: (160.2,121.415;160.8,121.415)|(160.8,121.565;160.2,121.565)</value>
   </values>
  </item>
  <item>
   <tags/>
   <category>'li.3'</category>
   <cell>spm</cell>
   <visited>false</visited>
   <multiplicity>1</multiplicity>
   <comment/>
   <image/>
   <values>
    <value>edge-pair: (159.775,121.945;159.775,122.31)|(159.77,122.31;159.77,121.775)</value>
   </values>
  </item>
  <item>
   <tags/>
   <category>'li.3'</category>
   <cell>spm</cell>
   <visited>false</visited>
   <multiplicity>1</multiplicity>
   <comment/>
   <image/>
   <values>
    <value>edge-pair: (162.435,119.935;162.435,120.382)|(162.335,120.245;162.335,119.798)</value>
   </values>
  </item>
  <item>
   <tags/>
   <category>'li.3'</category>
   <cell>spm</cell>
   <visited>false</visited>
   <multiplicity>1</multiplicity>
   <comment/>
   <image/>
   <values>
    <value>edge-pair: (161.115,121.415;161.115,122.025)|(161.06,122.14;161.06,121.415)</value>
   </values>
  </item>
  <item>
   <tags/>
   <category>'li.3'</category>
   <cell>spm</cell>
   <visited>false</visited>
   <multiplicity>1</multiplicity>
   <comment/>
   <image/>
   <values>
    <value>edge-pair: (162.435,121.448;162.435,122.145)|(162.335,122.282;162.335,121.585)</value>
   </values>
  </item>
  <item>
   <tags/>
   <category>'li.3'</category>
   <cell>spm</cell>
   <visited>false</visited>
   <multiplicity>1</multiplicity>
   <comment/>
   <image/>
   <values>
    <value>edge-pair: (156.025,114.675;156.025,114.91)|(155.9,114.795;155.9,114.79)</value>
   </values>
  </item>
  <item>
   <tags/>
   <category>'li.3'</category>
   <cell>spm</cell>
   <visited>false</visited>
   <multiplicity>1</multiplicity>
   <comment/>
   <image/>
   <values>
    <value>edge-pair: (161.875,121.005;162.405,121.005)|(162.25,121.075;162.03,121.075)</value>
   </values>
  </item>
  <item>
   <tags/>
   <category>'li.3'</category>
   <cell>spm</cell>
   <visited>false</visited>
   <multiplicity>1</multiplicity>
   <comment/>
   <image/>
   <values>
    <value>edge-pair: (156.265,115.515;156.5,115.515)|(156.5,115.635;156.365,115.635)</value>
   </values>
  </item>
  <item>
   <tags/>
   <category>'li.3'</category>
   <cell>spm</cell>
   <visited>false</visited>
   <multiplicity>1</multiplicity>
   <comment/>
   <image/>
   <values>
    <value>edge-pair: (156.025,121.005;156.34,121.005)|(156.435,121.075;155.87,121.075)</value>
   </values>
  </item>
  <item>
   <tags/>
   <category>'li.3'</category>
   <cell>spm</cell>
   <visited>false</visited>
   <multiplicity>1</multiplicity>
   <comment/>
   <image/>
   <values>
    <value>edge-pair: (162.785,121.415;162.785,121.635)|(162.765,121.804;162.765,121.415)</value>
   </values>
  </item>
  <item>
   <tags/>
   <category>'li.3'</category>
   <cell>spm</cell>
   <visited>false</visited>
   <multiplicity>1</multiplicity>
   <comment/>
   <image/>
   <values>
    <value>edge-pair: (156.025,114.66;156.025,114.91)|(155.905,114.79;155.905,114.78)</value>
   </values>
  </item>
  <item>
   <tags/>
   <category>'li.3'</category>
   <cell>spm</cell>
   <visited>false</visited>
   <multiplicity>1</multiplicity>
   <comment/>
   <image/>
   <values>
    <value>edge-pair: (156.895,114.495;156.895,114.955)|(156.815,114.955;156.815,114.345)</value>
   </values>
  </item>
  <item>
   <tags/>
   <category>'li.3'</category>
   <cell>spm</cell>
   <visited>false</visited>
   <multiplicity>1</multiplicity>
   <comment/>
   <image/>
   <values>
    <value>edge-pair: (156.025,114.716;156.025,114.904)|(155.88,114.815;155.88,114.805)</value>
   </values>
  </item>
  <item>
   <tags/>
   <category>'li.3'</category>
   <cell>spm</cell>
   <visited>false</visited>
   <multiplicity>1</multiplicity>
   <comment/>
   <image/>
   <values>
    <value>edge-pair: (156.025,114.495;156.025,114.897)|(155.925,114.76;155.925,114.495)</value>
   </values>
  </item>
  <item>
   <tags/>
   <category>'li.3'</category>
   <cell>spm</cell>
   <visited>false</visited>
   <multiplicity>1</multiplicity>
   <comment/>
   <image/>
   <values>
    <value>edge-pair: (159.94,120.585;160.205,120.585)|(160.205,120.675;159.796,120.675)</value>
   </values>
  </item>
  <item>
   <tags/>
   <category>'li.3'</category>
   <cell>spm</cell>
   <visited>false</visited>
   <multiplicity>1</multiplicity>
   <comment/>
   <image/>
   <values>
    <value>edge-pair: (156.895,116.28;156.895,116.875)|(156.77,116.875;156.77,116.395)</value>
   </values>
  </item>
  <item>
   <tags/>
   <category>'li.3'</category>
   <cell>spm</cell>
   <visited>false</visited>
   <multiplicity>1</multiplicity>
   <comment/>
   <image/>
   <values>
    <value>edge-pair: (156.265,115.465;156.265,115.515)|(156.195,115.67;156.195,115.465)</value>
   </values>
  </item>
  <item>
   <tags/>
   <category>'li.3'</category>
   <cell>spm</cell>
   <visited>false</visited>
   <multiplicity>1</multiplicity>
   <comment/>
   <image/>
   <values>
    <value>edge-pair: (156.365,115.635;156.365,116.205)|(156.305,116.364;156.305,115.715)</value>
   </values>
  </item>
  <item>
   <tags/>
   <category>'li.3'</category>
   <cell>spm</cell>
   <visited>false</visited>
   <multiplicity>1</multiplicity>
   <comment/>
   <image/>
   <values>
    <value>edge-pair: (155.975,116.035;155.975,116.705)|(155.845,116.815;155.845,116.145)</value>
   </values>
  </item>
  <item>
   <tags/>
   <category>'li.3'</category>
   <cell>spm</cell>
   <visited>false</visited>
   <multiplicity>1</multiplicity>
   <comment/>
   <image/>
   <values>
    <value>edge-pair: (156.025,114.758;156.025,115.202)|(155.865,115.145;155.865,114.815)</value>
   </values>
  </item>
  <item>
   <tags/>
   <category>'li.3'</category>
   <cell>spm</cell>
   <visited>false</visited>
   <multiplicity>1</multiplicity>
   <comment/>
   <image/>
   <values>
    <value>edge-pair: (156.025,114.692;156.025,114.908)|(155.89,114.805;155.89,114.795)</value>
   </values>
  </item>
  <item>
   <tags/>
   <category>'li.3'</category>
   <cell>spm</cell>
   <visited>false</visited>
   <multiplicity>1</multiplicity>
   <comment/>
   <image/>
   <values>
    <value>edge-pair: (156.795,121.005;157.37,121.005)|(157.355,121.075;156.795,121.075)</value>
   </values>
  </item>
  <item>
   <tags/>
   <category>'li.3'</category>
   <cell>spm</cell>
   <visited>false</visited>
   <multiplicity>1</multiplicity>
   <comment/>
   <image/>
   <values>
    <value>edge-pair: (157.79,119.91;157.79,120.325)|(157.635,120.395;157.635,119.98)</value>
   </values>
  </item>
  <item>
   <tags/>
   <category>'li.3'</category>
   <cell>spm</cell>
   <visited>false</visited>
   <multiplicity>1</multiplicity>
   <comment/>
   <image/>
   <values>
    <value>edge-pair: (156.51,120.922;156.51,121.558)|(156.435,121.405;156.435,121.075)</value>
   </values>
  </item>
  <item>
   <tags/>
   <category>'li.3'</category>
   <cell>spm</cell>
   <visited>false</visited>
   <multiplicity>1</multiplicity>
   <comment/>
   <image/>
   <values>
    <value>edge-pair: (153.69,120.21;153.69,120.377)|(153.605,120.23;153.605,120.22)</value>
   </values>
  </item>
  <item>
   <tags/>
   <category>'li.3'</category>
   <cell>spm</cell>
   <visited>false</visited>
   <multiplicity>1</multiplicity>
   <comment/>
   <image/>
   <values>
    <value>edge-pair: (153.69,120.21;153.69,120.382)|(153.59,120.245;153.59,120.235)</value>
   </values>
  </item>
  <item>
   <tags/>
   <category>'li.3'</category>
   <cell>spm</cell>
   <visited>false</visited>
   <multiplicity>1</multiplicity>
   <comment/>
   <image/>
   <values>
    <value>edge-pair: (154.992,115.965;155.135,115.965)|(155.135,116.1;155.095,116.1)</value>
   </values>
  </item>
  <item>
   <tags/>
   <category>'li.3'</category>
   <cell>spm</cell>
   <visited>false</visited>
   <multiplicity>1</multiplicity>
   <comment/>
   <image/>
   <values>
    <value>edge-pair: (155.545,115.635;155.545,115.715)|(155.44,115.715;155.44,115.501)</value>
   </values>
  </item>
  <item>
   <tags/>
   <category>'li.3'</category>
   <cell>spm</cell>
   <visited>false</visited>
   <multiplicity>1</multiplicity>
   <comment/>
   <image/>
   <values>
    <value>edge-pair: (154.77,121.295;154.935,121.295)|(155.07,121.365;154.925,121.365)</value>
   </values>
  </item>
  <item>
   <tags/>
   <category>'li.3'</category>
   <cell>spm</cell>
   <visited>false</visited>
   <multiplicity>1</multiplicity>
   <comment/>
   <image/>
   <values>
    <value>edge-pair: (152.635,121.445;152.635,121.665)|(152.625,121.835;152.625,121.275)</value>
   </values>
  </item>
  <item>
   <tags/>
   <category>'li.3'</category>
   <cell>spm</cell>
   <visited>false</visited>
   <multiplicity>1</multiplicity>
   <comment/>
   <image/>
   <values>
    <value>edge-pair: (152.795,121.824;152.795,122.076)|(152.63,122.035;152.63,121.865)</value>
   </values>
  </item>
  <item>
   <tags/>
   <category>'li.3'</category>
   <cell>spm</cell>
   <visited>false</visited>
   <multiplicity>1</multiplicity>
   <comment/>
   <image/>
   <values>
    <value>edge-pair: (155.095,116.1;155.095,116.752)|(154.935,116.695;154.935,116.135)</value>
   </values>
  </item>
  <item>
   <tags/>
   <category>'li.3'</category>
   <cell>spm</cell>
   <visited>false</visited>
   <multiplicity>1</multiplicity>
   <comment/>
   <image/>
   <values>
    <value>edge-pair: (152.855,120.514;152.855,120.585)|(152.82,120.751;152.82,120.68)</value>
   </values>
  </item>
  <item>
   <tags/>
   <category>'li.3'</category>
   <cell>spm</cell>
   <visited>false</visited>
   <multiplicity>1</multiplicity>
   <comment/>
   <image/>
   <values>
    <value>edge-pair: (153.69,120.21;153.69,120.379)|(153.6,120.235;153.6,120.23)</value>
   </values>
  </item>
  <item>
   <tags/>
   <category>'li.3'</category>
   <cell>spm</cell>
   <visited>false</visited>
   <multiplicity>1</multiplicity>
   <comment/>
   <image/>
   <values>
    <value>edge-pair: (153.325,120.785;153.325,120.955)|(153.16,120.996;153.16,120.745)</value>
   </values>
  </item>
  <item>
   <tags/>
   <category>'li.3'</category>
   <cell>spm</cell>
   <visited>false</visited>
   <multiplicity>1</multiplicity>
   <comment/>
   <image/>
   <values>
    <value>edge-pair: (154.95,115.27;154.95,115.435)|(154.925,115.603;154.925,115.27)</value>
   </values>
  </item>
  <item>
   <tags/>
   <category>'li.3'</category>
   <cell>spm</cell>
   <visited>false</visited>
   <multiplicity>1</multiplicity>
   <comment/>
   <image/>
   <values>
    <value>edge-pair: (152.92,120.225;153.025,120.225)|(153.095,120.38;152.99,120.38)</value>
   </values>
  </item>
  <item>
   <tags/>
   <category>'li.3'</category>
   <cell>spm</cell>
   <visited>false</visited>
   <multiplicity>1</multiplicity>
   <comment/>
   <image/>
   <values>
    <value>edge-pair: (152.855,120.585;152.855,121.155)|(152.82,121.275;152.82,120.68)</value>
   </values>
  </item>
  <item>
   <tags/>
   <category>'li.3'</category>
   <cell>spm</cell>
   <visited>false</visited>
   <multiplicity>1</multiplicity>
   <comment/>
   <image/>
   <values>
    <value>edge-pair: (153.69,120.21;153.69,120.368)|(153.615,120.215;153.615,120.21)</value>
   </values>
  </item>
  <item>
   <tags/>
   <category>'li.3'</category>
   <cell>spm</cell>
   <visited>false</visited>
   <multiplicity>1</multiplicity>
   <comment/>
   <image/>
   <values>
    <value>edge-pair: (153.5,121.085;154.03,121.085)|(154.005,121.155;153.5,121.155)</value>
   </values>
  </item>
  <item>
   <tags/>
   <category>'li.3'</category>
   <cell>spm</cell>
   <visited>false</visited>
   <multiplicity>1</multiplicity>
   <comment/>
   <image/>
   <values>
    <value>edge-pair: (154.595,121.595;154.595,121.865)|(154.54,121.865;154.54,121.434)</value>
   </values>
  </item>
  <item>
   <tags/>
   <category>'li.3'</category>
   <cell>spm</cell>
   <visited>false</visited>
   <multiplicity>1</multiplicity>
   <comment/>
   <image/>
   <values>
    <value>edge-pair: (154.705,120.955;154.705,121.295)|(154.54,121.336;154.54,120.914)</value>
   </values>
  </item>
  <item>
   <tags/>
   <category>'li.3'</category>
   <cell>spm</cell>
   <visited>false</visited>
   <multiplicity>1</multiplicity>
   <comment/>
   <image/>
   <values>
    <value>edge-pair: (154.945,121.865;154.945,122.035)|(154.925,122.204;154.925,121.696)</value>
   </values>
  </item>
  <item>
   <tags/>
   <category>'li.3'</category>
   <cell>spm</cell>
   <visited>false</visited>
   <multiplicity>1</multiplicity>
   <comment/>
   <image/>
   <values>
    <value>edge-pair: (152.755,120.04;152.755,120.21)|(152.685,120.365;152.685,119.935)</value>
   </values>
  </item>
  <item>
   <tags/>
   <category>'li.3'</category>
   <cell>spm</cell>
   <visited>false</visited>
   <multiplicity>1</multiplicity>
   <comment/>
   <image/>
   <values>
    <value>edge-pair: (153.69,120.21;153.69,120.385)|(153.58,120.255;153.58,120.245)</value>
   </values>
  </item>
  <item>
   <tags/>
   <category>'li.3'</category>
   <cell>spm</cell>
   <visited>false</visited>
   <multiplicity>1</multiplicity>
   <comment/>
   <image/>
   <values>
    <value>edge-pair: (152.855,120.514;152.855,121.37)|(152.82,121.275;152.82,120.68)</value>
   </values>
  </item>
  <item>
   <tags/>
   <category>'li.3'</category>
   <cell>spm</cell>
   <visited>false</visited>
   <multiplicity>1</multiplicity>
   <comment/>
   <image/>
   <values>
    <value>edge-pair: (153.965,120.755;153.965,120.825)|(153.86,120.825;153.86,120.621)</value>
   </values>
  </item>
  <item>
   <tags/>
   <category>'li.3'</category>
   <cell>spm</cell>
   <visited>false</visited>
   <multiplicity>1</multiplicity>
   <comment/>
   <image/>
   <values>
    <value>edge-pair: (153.325,120.755;153.325,120.985)|(153.16,121.026;153.16,120.745)</value>
   </values>
  </item>
  <item>
   <tags/>
   <category>'li.3'</category>
   <cell>spm</cell>
   <visited>false</visited>
   <multiplicity>1</multiplicity>
   <comment/>
   <image/>
   <values>
    <value>edge-pair: (154.77,121.295;154.875,121.295)|(155.03,121.365;154.925,121.365)</value>
   </values>
  </item>
  <item>
   <tags/>
   <category>'li.3'</category>
   <cell>spm</cell>
   <visited>false</visited>
   <multiplicity>1</multiplicity>
   <comment/>
   <image/>
   <values>
    <value>edge-pair: (154.255,119.765;154.255,120.225)|(154.2,120.386;154.2,119.765)</value>
   </values>
  </item>
  <item>
   <tags/>
   <category>'li.3'</category>
   <cell>spm</cell>
   <visited>false</visited>
   <multiplicity>1</multiplicity>
   <comment/>
   <image/>
   <values>
    <value>edge-pair: (153.69,120.21;153.69,120.37)|(153.61,120.22;153.61,120.215)</value>
   </values>
  </item>
  <item>
   <tags/>
   <category>'li.3'</category>
   <cell>spm</cell>
   <visited>false</visited>
   <multiplicity>1</multiplicity>
   <comment/>
   <image/>
   <values>
    <value>edge-pair: (153.69,120.21;153.69,120.7)|(153.565,120.585;153.565,120.255)</value>
   </values>
  </item>
  <item>
   <tags/>
   <category>'li.3'</category>
   <cell>spm</cell>
   <visited>false</visited>
   <multiplicity>1</multiplicity>
   <comment/>
   <image/>
   <values>
    <value>edge-pair: (155.07,120.405;155.07,120.688)|(154.935,120.585;154.935,120.302)</value>
   </values>
  </item>
  <item>
   <tags/>
   <category>'li.3'</category>
   <cell>spm</cell>
   <visited>false</visited>
   <multiplicity>1</multiplicity>
   <comment/>
   <image/>
   <values>
    <value>edge-pair: (154.95,115.635;154.95,115.965)|(154.925,116.133;154.925,115.467)</value>
   </values>
  </item>
  <item>
   <tags/>
   <category>'li.3'</category>
   <cell>spm</cell>
   <visited>false</visited>
   <multiplicity>1</multiplicity>
   <comment/>
   <image/>
   <values>
    <value>edge-pair: (154.645,116.351;154.645,116.705)|(154.54,116.839;154.54,116.485)</value>
   </values>
  </item>
  <item>
   <tags/>
   <category>'li.3'</category>
   <cell>spm</cell>
   <visited>false</visited>
   <multiplicity>1</multiplicity>
   <comment/>
   <image/>
   <values>
    <value>edge-pair: (152.855,121.37;152.99,121.37)|(152.99,121.445;152.702,121.445)</value>
   </values>
  </item>
  <item>
   <tags/>
   <category>'li.3'</category>
   <cell>spm</cell>
   <visited>false</visited>
   <multiplicity>1</multiplicity>
   <comment/>
   <image/>
   <values>
    <value>edge-pair: (153.16,120.745;153.52,120.745)|(153.69,120.755;153.325,120.755)</value>
   </values>
  </item>
  <item>
   <tags/>
   <category>'li.3'</category>
   <cell>spm</cell>
   <visited>false</visited>
   <multiplicity>1</multiplicity>
   <comment/>
   <image/>
   <values>
    <value>edge-pair: (154.03,121.085;154.03,121.155)|(154.005,121.323;154.005,121.155)</value>
   </values>
  </item>
  <item>
   <tags/>
   <category>'li.3'</category>
   <cell>spm</cell>
   <visited>false</visited>
   <multiplicity>1</multiplicity>
   <comment/>
   <image/>
   <values>
    <value>edge-pair: (152.855,121.155;152.855,121.37)|(152.82,121.275;152.82,120.989)</value>
   </values>
  </item>
  <item>
   <tags/>
   <category>'li.3'</category>
   <cell>spm</cell>
   <visited>false</visited>
   <multiplicity>1</multiplicity>
   <comment/>
   <image/>
   <values>
    <value>edge-pair: (155.14,114.425;155.14,114.765)|(154.985,114.835;154.985,114.495)</value>
   </values>
  </item>
  <item>
   <tags/>
   <category>'li.3'</category>
   <cell>spm</cell>
   <visited>false</visited>
   <multiplicity>1</multiplicity>
   <comment/>
   <image/>
   <values>
    <value>edge-pair: (154.2,121.645;154.2,122.07)|(154.19,122.24;154.19,121.815)</value>
   </values>
  </item>
  <item>
   <tags/>
   <category>'li.3'</category>
   <cell>spm</cell>
   <visited>false</visited>
   <multiplicity>1</multiplicity>
   <comment/>
   <image/>
   <values>
    <value>edge-pair: (155.155,114.785;155.325,114.785)|(155.405,114.935;155.075,114.935)</value>
   </values>
  </item>
  <item>
   <tags/>
   <category>'li.3'</category>
   <cell>spm</cell>
   <visited>false</visited>
   <multiplicity>1</multiplicity>
   <comment/>
   <image/>
   <values>
    <value>edge-pair: (154.595,120.265;154.595,120.395)|(154.54,120.395;154.54,120.265)</value>
   </values>
  </item>
  <item>
   <tags/>
   <category>'li.3'</category>
   <cell>spm</cell>
   <visited>false</visited>
   <multiplicity>1</multiplicity>
   <comment/>
   <image/>
   <values>
    <value>edge-pair: (154.54,120.265;154.595,120.265)|(154.595,120.395;154.54,120.395)</value>
   </values>
  </item>
  <item>
   <tags/>
   <category>'li.3'</category>
   <cell>spm</cell>
   <visited>false</visited>
   <multiplicity>1</multiplicity>
   <comment/>
   <image/>
   <values>
    <value>edge-pair: (154.37,120.602;154.37,120.775)|(154.295,120.775;154.295,120.755)</value>
   </values>
  </item>
  <item>
   <tags/>
   <category>'li.3'</category>
   <cell>spm</cell>
   <visited>false</visited>
   <multiplicity>1</multiplicity>
   <comment/>
   <image/>
   <values>
    <value>edge-pair: (154.705,121.125;154.705,121.295)|(154.54,121.336;154.54,121.084)</value>
   </values>
  </item>
  <item>
   <tags/>
   <category>'li.3'</category>
   <cell>spm</cell>
   <visited>false</visited>
   <multiplicity>1</multiplicity>
   <comment/>
   <image/>
   <values>
    <value>edge-pair: (154.605,120.755;154.605,120.955)|(154.54,121.112;154.54,120.598)</value>
   </values>
  </item>
  <item>
   <tags/>
   <category>'li.3'</category>
   <cell>spm</cell>
   <visited>false</visited>
   <multiplicity>1</multiplicity>
   <comment/>
   <image/>
   <values>
    <value>edge-pair: (155.07,120.652;155.07,121.365)|(154.935,121.295;154.935,120.755)</value>
   </values>
  </item>
  <item>
   <tags/>
   <category>'li.3'</category>
   <cell>spm</cell>
   <visited>false</visited>
   <multiplicity>1</multiplicity>
   <comment/>
   <image/>
   <values>
    <value>edge-pair: (153.68,104.685;153.68,104.855)|(153.525,104.855;153.525,104.755)</value>
   </values>
  </item>
  <item>
   <tags/>
   <category>'li.3'</category>
   <cell>spm</cell>
   <visited>false</visited>
   <multiplicity>1</multiplicity>
   <comment/>
   <image/>
   <values>
    <value>edge-pair: (154.115,103.64;154.115,104.095)|(153.995,104.095;153.995,103.625)</value>
   </values>
  </item>
  <item>
   <tags/>
   <category>'li.3'</category>
   <cell>spm</cell>
   <visited>false</visited>
   <multiplicity>1</multiplicity>
   <comment/>
   <image/>
   <values>
    <value>edge-pair: (150.51,105.825;151.11,105.825)|(151.11,105.99;150.51,105.99)</value>
   </values>
  </item>
  <item>
   <tags/>
   <category>'li.3'</category>
   <cell>spm</cell>
   <visited>false</visited>
   <multiplicity>1</multiplicity>
   <comment/>
   <image/>
   <values>
    <value>edge-pair: (148.96,105.095;148.96,105.195)|(148.89,105.195;148.89,105.145)</value>
   </values>
  </item>
  <item>
   <tags/>
   <category>'li.3'</category>
   <cell>spm</cell>
   <visited>false</visited>
   <multiplicity>1</multiplicity>
   <comment/>
   <image/>
   <values>
    <value>edge-pair: (152.335,109.008;152.335,109.66)|(152.175,109.625;152.175,109.065)</value>
   </values>
  </item>
  <item>
   <tags/>
   <category>'li.3'</category>
   <cell>spm</cell>
   <visited>false</visited>
   <multiplicity>1</multiplicity>
   <comment/>
   <image/>
   <values>
    <value>edge-pair: (149.525,110.425;149.525,110.445)|(149.415,110.575;149.415,110.555)</value>
   </values>
  </item>
  <item>
   <tags/>
   <category>'li.3'</category>
   <cell>spm</cell>
   <visited>false</visited>
   <multiplicity>1</multiplicity>
   <comment/>
   <image/>
   <values>
    <value>edge-pair: (148.905,104.685;149.55,104.685)|(149.395,104.755;149.06,104.755)</value>
   </values>
  </item>
  <item>
   <tags/>
   <category>'li.3'</category>
   <cell>spm</cell>
   <visited>false</visited>
   <multiplicity>1</multiplicity>
   <comment/>
   <image/>
   <values>
    <value>edge-pair: (148.545,110.925;148.545,111.095)|(148.54,111.265;148.54,110.755)</value>
   </values>
  </item>
  <item>
   <tags/>
   <category>'li.3'</category>
   <cell>spm</cell>
   <visited>false</visited>
   <multiplicity>1</multiplicity>
   <comment/>
   <image/>
   <values>
    <value>edge-pair: (148.54,109.705;148.585,109.705)|(148.665,109.855;148.54,109.855)</value>
   </values>
  </item>
  <item>
   <tags/>
   <category>'li.3'</category>
   <cell>spm</cell>
   <visited>false</visited>
   <multiplicity>1</multiplicity>
   <comment/>
   <image/>
   <values>
    <value>edge-pair: (151.475,110.165;151.69,110.165)|(151.8,110.295;151.435,110.295)</value>
   </values>
  </item>
  <item>
   <tags/>
   <category>'li.3'</category>
   <cell>spm</cell>
   <visited>false</visited>
   <multiplicity>1</multiplicity>
   <comment/>
   <image/>
   <values>
    <value>edge-pair: (153.69,105.265;153.69,105.746)|(153.525,105.705;153.525,105.224)</value>
   </values>
  </item>
  <item>
   <tags/>
   <category>'li.3'</category>
   <cell>spm</cell>
   <visited>false</visited>
   <multiplicity>1</multiplicity>
   <comment/>
   <image/>
   <values>
    <value>edge-pair: (153.235,103.445;153.235,103.982)|(153.075,103.925;153.075,103.445)</value>
   </values>
  </item>
  <item>
   <tags/>
   <category>'li.3'</category>
   <cell>spm</cell>
   <visited>false</visited>
   <multiplicity>1</multiplicity>
   <comment/>
   <image/>
   <values>
    <value>edge-pair: (148.67,110.445;149,110.445)|(149.13,110.555;148.755,110.555)</value>
   </values>
  </item>
  <item>
   <tags/>
   <category>'li.3'</category>
   <cell>spm</cell>
   <visited>false</visited>
   <multiplicity>1</multiplicity>
   <comment/>
   <image/>
   <values>
    <value>edge-pair: (151.885,109.055;151.885,109.409)|(151.78,109.275;151.78,108.921)</value>
   </values>
  </item>
  <item>
   <tags/>
   <category>'li.3'</category>
   <cell>spm</cell>
   <visited>false</visited>
   <multiplicity>1</multiplicity>
   <comment/>
   <image/>
   <values>
    <value>edge-pair: (153.065,104.265;153.68,104.265)|(153.68,104.335;153.065,104.335)</value>
   </values>
  </item>
  <item>
   <tags/>
   <category>'li.3'</category>
   <cell>spm</cell>
   <visited>false</visited>
   <multiplicity>1</multiplicity>
   <comment/>
   <image/>
   <values>
    <value>edge-pair: (148.67,110.385;148.67,110.445)|(148.585,110.592;148.585,110.385)</value>
   </values>
  </item>
  <item>
   <tags/>
   <category>'li.3'</category>
   <cell>spm</cell>
   <visited>false</visited>
   <multiplicity>1</multiplicity>
   <comment/>
   <image/>
   <values>
    <value>edge-pair: (152.805,105.445;152.805,105.815)|(152.645,105.82;152.645,105.445)</value>
   </values>
  </item>
  <item>
   <tags/>
   <category>'li.3'</category>
   <cell>spm</cell>
   <visited>false</visited>
   <multiplicity>1</multiplicity>
   <comment/>
   <image/>
   <values>
    <value>edge-pair: (151.435,103.625;151.435,104.075)|(151.355,103.925;151.355,103.475)</value>
   </values>
  </item>
  <item>
   <tags/>
   <category>'li.3'</category>
   <cell>spm</cell>
   <visited>false</visited>
   <multiplicity>1</multiplicity>
   <comment/>
   <image/>
   <values>
    <value>edge-pair: (154.115,105.145;154.115,105.82)|(153.995,105.94;153.995,105.265)</value>
   </values>
  </item>
  <item>
   <tags/>
   <category>'li.3'</category>
   <cell>spm</cell>
   <visited>false</visited>
   <multiplicity>1</multiplicity>
   <comment/>
   <image/>
   <values>
    <value>edge-pair: (149.22,105.095;149.552,105.095)|(149.415,105.195;149.22,105.195)</value>
   </values>
  </item>
  <item>
   <tags/>
   <category>'li.3'</category>
   <cell>spm</cell>
   <visited>false</visited>
   <multiplicity>1</multiplicity>
   <comment/>
   <image/>
   <values>
    <value>edge-pair: (148.53,103.445;148.53,103.925)|(148.485,104.089;148.485,103.445)</value>
   </values>
  </item>
  <item>
   <tags/>
   <category>'li.3'</category>
   <cell>spm</cell>
   <visited>false</visited>
   <multiplicity>1</multiplicity>
   <comment/>
   <image/>
   <values>
    <value>edge-pair: (149.17,110.025;149.17,110.356)|(149.075,110.215;149.075,110.025)</value>
   </values>
  </item>
  <item>
   <tags/>
   <category>'li.3'</category>
   <cell>spm</cell>
   <visited>false</visited>
   <multiplicity>1</multiplicity>
   <comment/>
   <image/>
   <values>
    <value>edge-pair: (153.245,105.135;153.245,105.82)|(153.115,105.815;153.115,105.245)</value>
   </values>
  </item>
  <item>
   <tags/>
   <category>'li.3'</category>
   <cell>spm</cell>
   <visited>false</visited>
   <multiplicity>1</multiplicity>
   <comment/>
   <image/>
   <values>
    <value>edge-pair: (152.19,110.325;152.19,110.49)|(152.165,110.49;152.165,110.157)</value>
   </values>
  </item>
  <item>
   <tags/>
   <category>'li.3'</category>
   <cell>spm</cell>
   <visited>false</visited>
   <multiplicity>1</multiplicity>
   <comment/>
   <image/>
   <values>
    <value>edge-pair: (148.84,109.685;149.17,109.685)|(149.075,109.795;148.905,109.795)</value>
   </values>
  </item>
  <item>
   <tags/>
   <category>'li.3'</category>
   <cell>spm</cell>
   <visited>false</visited>
   <multiplicity>1</multiplicity>
   <comment/>
   <image/>
   <values>
    <value>edge-pair: (151.845,109.445;151.845,109.722)|(151.685,109.665;151.685,109.388)</value>
   </values>
  </item>
  <item>
   <tags/>
   <category>'li.3'</category>
   <cell>spm</cell>
   <visited>false</visited>
   <multiplicity>1</multiplicity>
   <comment/>
   <image/>
   <values>
    <value>edge-pair: (148.96,105.095;148.96,105.195)|(148.89,105.195;148.89,105.095)</value>
   </values>
  </item>
  <item>
   <tags/>
   <category>'li.3'</category>
   <cell>spm</cell>
   <visited>false</visited>
   <multiplicity>1</multiplicity>
   <comment/>
   <image/>
   <values>
    <value>edge-pair: (152.845,104.685;153.51,104.685)|(153.525,104.755;153,104.755)</value>
   </values>
  </item>
  <item>
   <tags/>
   <category>'li.3'</category>
   <cell>spm</cell>
   <visited>false</visited>
   <multiplicity>1</multiplicity>
   <comment/>
   <image/>
   <values>
    <value>edge-pair: (152.785,110.045;152.785,110.125)|(152.68,110.259;152.68,110.045)</value>
   </values>
  </item>
  <item>
   <tags/>
   <category>'li.3'</category>
   <cell>spm</cell>
   <visited>false</visited>
   <multiplicity>1</multiplicity>
   <comment/>
   <image/>
   <values>
    <value>edge-pair: (151.435,110.295;151.435,110.395)|(151.305,110.395;151.305,110.185)</value>
   </values>
  </item>
  <item>
   <tags/>
   <category>'li.3'</category>
   <cell>spm</cell>
   <visited>false</visited>
   <multiplicity>1</multiplicity>
   <comment/>
   <image/>
   <values>
    <value>edge-pair: (151.435,105.115;151.435,105.815)|(151.355,105.965;151.355,105.265)</value>
   </values>
  </item>
  <item>
   <tags/>
   <category>'li.3'</category>
   <cell>spm</cell>
   <visited>false</visited>
   <multiplicity>1</multiplicity>
   <comment/>
   <image/>
   <values>
    <value>edge-pair: (151.741,104.265;152.385,104.265)|(152.385,104.355;151.885,104.355)</value>
   </values>
  </item>
  <item>
   <tags/>
   <category>'li.3'</category>
   <cell>spm</cell>
   <visited>false</visited>
   <multiplicity>1</multiplicity>
   <comment/>
   <image/>
   <values>
    <value>edge-pair: (152.315,110.825;152.645,110.825)|(152.565,110.975;152.395,110.975)</value>
   </values>
  </item>
  <item>
   <tags/>
   <category>'li.3'</category>
   <cell>spm</cell>
   <visited>false</visited>
   <multiplicity>1</multiplicity>
   <comment/>
   <image/>
   <values>
    <value>edge-pair: (149.245,109.625;149.245,109.838)|(149.17,109.685;149.17,109.625)</value>
   </values>
  </item>
  <item>
   <tags/>
   <category>'li.3'</category>
   <cell>spm</cell>
   <visited>false</visited>
   <multiplicity>1</multiplicity>
   <comment/>
   <image/>
   <values>
    <value>edge-pair: (152.335,109.66;152.375,109.66)|(152.375,109.795;152.232,109.795)</value>
   </values>
  </item>
  <item>
   <tags/>
   <category>'li.3'</category>
   <cell>spm</cell>
   <visited>false</visited>
   <multiplicity>1</multiplicity>
   <comment/>
   <image/>
   <values>
    <value>edge-pair: (152.38,110.995;152.38,111.335)|(152.225,111.265;152.225,110.925)</value>
   </values>
  </item>
  <item>
   <tags/>
   <category>'li.3'</category>
   <cell>spm</cell>
   <visited>false</visited>
   <multiplicity>1</multiplicity>
   <comment/>
   <image/>
   <values>
    <value>edge-pair: (148.695,109.055;148.695,109.455)|(148.54,109.455;148.54,109.055)</value>
   </values>
  </item>
  <item>
   <tags/>
   <category>'li.3'</category>
   <cell>spm</cell>
   <visited>false</visited>
   <multiplicity>1</multiplicity>
   <comment/>
   <image/>
   <values>
    <value>edge-pair: (153.215,109.055;153.215,109.725)|(153.085,109.615;153.085,108.945)</value>
   </values>
  </item>
  <item>
   <tags/>
   <category>'li.3'</category>
   <cell>spm</cell>
   <visited>false</visited>
   <multiplicity>1</multiplicity>
   <comment/>
   <image/>
   <values>
    <value>edge-pair: (150.345,104.265;150.915,104.265)|(150.915,104.415;150.345,104.415)</value>
   </values>
  </item>
  <item>
   <tags/>
   <category>'li.3'</category>
   <cell>spm</cell>
   <visited>false</visited>
   <multiplicity>1</multiplicity>
   <comment/>
   <image/>
   <values>
    <value>edge-pair: (148.89,105.095;148.96,105.095)|(148.96,105.195;148.89,105.195)</value>
   </values>
  </item>
  <item>
   <tags/>
   <category>'li.3'</category>
   <cell>spm</cell>
   <visited>false</visited>
   <multiplicity>1</multiplicity>
   <comment/>
   <image/>
   <values>
    <value>edge-pair: (149.525,110.195;149.525,110.445)|(149.415,110.555;149.415,110.065)</value>
   </values>
  </item>
  <item>
   <tags/>
   <category>'li.3'</category>
   <cell>spm</cell>
   <visited>false</visited>
   <multiplicity>1</multiplicity>
   <comment/>
   <image/>
   <values>
    <value>edge-pair: (150.015,105.825;150.25,105.825)|(150.25,105.99;149.974,105.99)</value>
   </values>
  </item>
  <item>
   <tags/>
   <category>'li.3'</category>
   <cell>spm</cell>
   <visited>false</visited>
   <multiplicity>1</multiplicity>
   <comment/>
   <image/>
   <values>
    <value>edge-pair: (150.515,103.445;150.515,104.094)|(150.495,103.925;150.495,103.445)</value>
   </values>
  </item>
  <item>
   <tags/>
   <category>'li.3'</category>
   <cell>spm</cell>
   <visited>false</visited>
   <multiplicity>1</multiplicity>
   <comment/>
   <image/>
   <values>
    <value>edge-pair: (150.94,105.095;151.302,105.095)|(151.245,105.255;150.94,105.255)</value>
   </values>
  </item>
  <item>
   <tags/>
   <category>'li.3'</category>
   <cell>spm</cell>
   <visited>false</visited>
   <multiplicity>1</multiplicity>
   <comment/>
   <image/>
   <values>
    <value>edge-pair: (152.645,105.095;153.195,105.095)|(153.115,105.245;152.645,105.245)</value>
   </values>
  </item>
  <item>
   <tags/>
   <category>'li.3'</category>
   <cell>spm</cell>
   <visited>false</visited>
   <multiplicity>1</multiplicity>
   <comment/>
   <image/>
   <values>
    <value>edge-pair: (153.065,104.265;153.245,104.265)|(153.4,104.335;153.065,104.335)</value>
   </values>
  </item>
  <item>
   <tags/>
   <category>'li.3'</category>
   <cell>spm</cell>
   <visited>false</visited>
   <multiplicity>1</multiplicity>
   <comment/>
   <image/>
   <values>
    <value>edge-pair: (152.785,110.125;153.08,110.125)|(153.224,110.215;152.865,110.215)</value>
   </values>
  </item>
  <item>
   <tags/>
   <category>'li.3'</category>
   <cell>spm</cell>
   <visited>false</visited>
   <multiplicity>1</multiplicity>
   <comment/>
   <image/>
   <values>
    <value>edge-pair: (152.2,104.685;152.975,104.685)|(152.82,104.755;152.355,104.755)</value>
   </values>
  </item>
  <item>
   <tags/>
   <category>'li.3'</category>
   <cell>spm</cell>
   <visited>false</visited>
   <multiplicity>1</multiplicity>
   <comment/>
   <image/>
   <values>
    <value>edge-pair: (151.885,105.095;151.885,105.445)|(151.785,105.582;151.785,105.095)</value>
   </values>
  </item>
  <item>
   <tags/>
   <category>'li.3'</category>
   <cell>spm</cell>
   <visited>false</visited>
   <multiplicity>1</multiplicity>
   <comment/>
   <image/>
   <values>
    <value>edge-pair: (152.175,105.095;152.385,105.095)|(152.385,105.245;152.175,105.245)</value>
   </values>
  </item>
  <item>
   <tags/>
   <category>'li.3'</category>
   <cell>spm</cell>
   <visited>false</visited>
   <multiplicity>1</multiplicity>
   <comment/>
   <image/>
   <values>
    <value>edge-pair: (149.455,104.685;149.985,104.685)|(149.83,104.755;149.61,104.755)</value>
   </values>
  </item>
  <item>
   <tags/>
   <category>'li.3'</category>
   <cell>spm</cell>
   <visited>false</visited>
   <multiplicity>1</multiplicity>
   <comment/>
   <image/>
   <values>
    <value>edge-pair: (151.865,103.49;151.865,104.095)|(151.785,104.095;151.785,103.64)</value>
   </values>
  </item>
  <item>
   <tags/>
   <category>'li.3'</category>
   <cell>spm</cell>
   <visited>false</visited>
   <multiplicity>1</multiplicity>
   <comment/>
   <image/>
   <values>
    <value>edge-pair: (153.685,103.445;153.685,103.925)|(153.565,104.045;153.565,103.445)</value>
   </values>
  </item>
  <item>
   <tags/>
   <category>'li.3'</category>
   <cell>spm</cell>
   <visited>false</visited>
   <multiplicity>1</multiplicity>
   <comment/>
   <image/>
   <values>
    <value>edge-pair: (153.215,109.692;153.215,109.83)|(153.08,109.83;153.08,109.795)</value>
   </values>
  </item>
  <item>
   <tags/>
   <category>'li.3'</category>
   <cell>spm</cell>
   <visited>false</visited>
   <multiplicity>1</multiplicity>
   <comment/>
   <image/>
   <values>
    <value>edge-pair: (148.79,105.825;149.39,105.825)|(149.39,105.99;148.79,105.99)</value>
   </values>
  </item>
  <item>
   <tags/>
   <category>'li.3'</category>
   <cell>spm</cell>
   <visited>false</visited>
   <multiplicity>1</multiplicity>
   <comment/>
   <image/>
   <values>
    <value>edge-pair: (148.36,105.095;148.652,105.095)|(148.515,105.195;148.36,105.195)</value>
   </values>
  </item>
  <item>
   <tags/>
   <category>'li.3'</category>
   <cell>spm</cell>
   <visited>false</visited>
   <multiplicity>1</multiplicity>
   <comment/>
   <image/>
   <values>
    <value>edge-pair: (152.19,109.795;152.19,110.125)|(152.165,110.293;152.165,109.627)</value>
   </values>
  </item>
  <item>
   <tags/>
   <category>'li.3'</category>
   <cell>spm</cell>
   <visited>false</visited>
   <multiplicity>1</multiplicity>
   <comment/>
   <image/>
   <values>
    <value>edge-pair: (150.21,104.685;150.895,104.685)|(150.74,104.755;150.365,104.755)</value>
   </values>
  </item>
  <item>
   <tags/>
   <category>'li.3'</category>
   <cell>spm</cell>
   <visited>false</visited>
   <multiplicity>1</multiplicity>
   <comment/>
   <image/>
   <values>
    <value>edge-pair: (151.845,109.765;151.845,110.235)|(151.69,110.165;151.69,109.835)</value>
   </values>
  </item>
  <item>
   <tags/>
   <category>'li.3'</category>
   <cell>spm</cell>
   <visited>false</visited>
   <multiplicity>1</multiplicity>
   <comment/>
   <image/>
   <values>
    <value>edge-pair: (149.17,110.074;149.17,110.526)|(149.075,110.385;149.075,110.215)</value>
   </values>
  </item>
  <item>
   <tags/>
   <category>'li.3'</category>
   <cell>spm</cell>
   <visited>false</visited>
   <multiplicity>1</multiplicity>
   <comment/>
   <image/>
   <values>
    <value>edge-pair: (148.53,105.265;148.53,105.99)|(148.515,105.99;148.515,105.195)</value>
   </values>
  </item>
  <item>
   <tags/>
   <category>'li.3'</category>
   <cell>spm</cell>
   <visited>false</visited>
   <multiplicity>1</multiplicity>
   <comment/>
   <image/>
   <values>
    <value>edge-pair: (150.79,104.685;151.41,104.685)|(151.255,104.755;150.945,104.755)</value>
   </values>
  </item>
  <item>
   <tags/>
   <category>'li.3'</category>
   <cell>spm</cell>
   <visited>false</visited>
   <multiplicity>1</multiplicity>
   <comment/>
   <image/>
   <values>
    <value>edge-pair: (153.245,104.265;153.68,104.265)|(153.68,104.335;153.09,104.335)</value>
   </values>
  </item>
  <item>
   <tags/>
   <category>'li.3'</category>
   <cell>spm</cell>
   <visited>false</visited>
   <multiplicity>1</multiplicity>
   <comment/>
   <image/>
   <values>
    <value>edge-pair: (154.115,105.08;154.115,105.215)|(154.005,105.085;154.005,105.08)</value>
   </values>
  </item>
  <item>
   <tags/>
   <category>'li.3'</category>
   <cell>spm</cell>
   <visited>false</visited>
   <multiplicity>1</multiplicity>
   <comment/>
   <image/>
   <values>
    <value>edge-pair: (152.682,109.66;153.045,109.66)|(153.08,109.795;152.785,109.795)</value>
   </values>
  </item>
  <item>
   <tags/>
   <category>'li.3'</category>
   <cell>spm</cell>
   <visited>false</visited>
   <multiplicity>1</multiplicity>
   <comment/>
   <image/>
   <values>
    <value>edge-pair: (151.435,109.73;151.435,110.125)|(151.305,110.235;151.305,109.84)</value>
   </values>
  </item>
  <item>
   <tags/>
   <category>'li.3'</category>
   <cell>spm</cell>
   <visited>false</visited>
   <multiplicity>1</multiplicity>
   <comment/>
   <image/>
   <values>
    <value>edge-pair: (150.25,105.265;150.25,105.485)|(150.195,105.485;150.195,105.104)</value>
   </values>
  </item>
  <item>
   <tags/>
   <category>'li.3'</category>
   <cell>spm</cell>
   <visited>false</visited>
   <multiplicity>1</multiplicity>
   <comment/>
   <image/>
   <values>
    <value>edge-pair: (162.895,110.026;162.895,110.694)|(162.875,110.525;162.875,110.195)</value>
   </values>
  </item>
  <item>
   <tags/>
   <category>'li.3'</category>
   <cell>spm</cell>
   <visited>false</visited>
   <multiplicity>1</multiplicity>
   <comment/>
   <image/>
   <values>
    <value>edge-pair: (162.433,109.385;162.665,109.385)|(162.71,109.545;162.49,109.545)</value>
   </values>
  </item>
  <item>
   <tags/>
   <category>'li.3'</category>
   <cell>spm</cell>
   <visited>false</visited>
   <multiplicity>1</multiplicity>
   <comment/>
   <image/>
   <values>
    <value>edge-pair: (162.49,110.125;162.71,110.125)|(162.865,110.195;162.335,110.195)</value>
   </values>
  </item>
  <item>
   <tags/>
   <category>'li.3'</category>
   <cell>spm</cell>
   <visited>false</visited>
   <multiplicity>1</multiplicity>
   <comment/>
   <image/>
   <values>
    <value>edge-pair: (172.58,116.095;172.58,116.695)|(172.415,116.705;172.415,116.054)</value>
   </values>
  </item>
  <item>
   <tags/>
   <category>'li.3'</category>
   <cell>spm</cell>
   <visited>false</visited>
   <multiplicity>1</multiplicity>
   <comment/>
   <image/>
   <values>
    <value>edge-pair: (175.295,115.905;175.295,116.386)|(175.24,116.225;175.24,115.905)</value>
   </values>
  </item>
  <item>
   <tags/>
   <category>'li.3'</category>
   <cell>spm</cell>
   <visited>false</visited>
   <multiplicity>1</multiplicity>
   <comment/>
   <image/>
   <values>
    <value>edge-pair: (163.755,110.695;163.755,111.215)|(163.625,111.325;163.625,110.635)</value>
   </values>
  </item>
  <item>
   <tags/>
   <category>'li.3'</category>
   <cell>spm</cell>
   <visited>false</visited>
   <multiplicity>1</multiplicity>
   <comment/>
   <image/>
   <values>
    <value>edge-pair: (163.21,121.005;163.63,121.005)|(163.675,121.075;163.365,121.075)</value>
   </values>
  </item>
  <item>
   <tags/>
   <category>'li.3'</category>
   <cell>spm</cell>
   <visited>false</visited>
   <multiplicity>1</multiplicity>
   <comment/>
   <image/>
   <values>
    <value>edge-pair: (171.065,104.685;171.155,104.685)|(171.31,104.755;171.22,104.755)</value>
   </values>
  </item>
  <item>
   <tags/>
   <category>'li.3'</category>
   <cell>spm</cell>
   <visited>false</visited>
   <multiplicity>1</multiplicity>
   <comment/>
   <image/>
   <values>
    <value>edge-pair: (171.055,105.315;171.055,105.621)|(171.02,105.455;171.02,105.315)</value>
   </values>
  </item>
  <item>
   <tags/>
   <category>'li.3'</category>
   <cell>spm</cell>
   <visited>false</visited>
   <multiplicity>1</multiplicity>
   <comment/>
   <image/>
   <values>
    <value>edge-pair: (163.745,109.45;163.745,110.025)|(163.62,110.125;163.62,109.565)</value>
   </values>
  </item>
  <item>
   <tags/>
   <category>'li.3'</category>
   <cell>spm</cell>
   <visited>false</visited>
   <multiplicity>1</multiplicity>
   <comment/>
   <image/>
   <values>
    <value>edge-pair: (173.87,115.618;173.87,116.245)|(173.785,116.392;173.785,115.765)</value>
   </values>
  </item>
  <item>
   <tags/>
   <category>'li.3'</category>
   <cell>spm</cell>
   <visited>false</visited>
   <multiplicity>1</multiplicity>
   <comment/>
   <image/>
   <values>
    <value>edge-pair: (163.195,122.145;163.665,122.145)|(163.706,122.31;163.195,122.31)</value>
   </values>
  </item>
  <item>
   <tags/>
   <category>'li.3'</category>
   <cell>spm</cell>
   <visited>false</visited>
   <multiplicity>1</multiplicity>
   <comment/>
   <image/>
   <values>
    <value>edge-pair: (173.87,115.295;173.87,115.709)|(173.78,115.565;173.78,115.235)</value>
   </values>
  </item>
  <item>
   <tags/>
   <category>'li.3'</category>
   <cell>spm</cell>
   <visited>false</visited>
   <multiplicity>1</multiplicity>
   <comment/>
   <image/>
   <values>
    <value>edge-pair: (163.8,120.96;163.8,121.175)|(163.675,121.175;163.675,121.075)</value>
   </values>
  </item>
  <item>
   <tags/>
   <category>'li.3'</category>
   <cell>spm</cell>
   <visited>false</visited>
   <multiplicity>1</multiplicity>
   <comment/>
   <image/>
   <values>
    <value>edge-pair: (173.455,116.365;173.455,116.695)|(173.345,116.825;173.345,116.495)</value>
   </values>
  </item>
  <item>
   <tags/>
   <category>'li.3'</category>
   <cell>spm</cell>
   <visited>false</visited>
   <multiplicity>1</multiplicity>
   <comment/>
   <image/>
   <values>
    <value>edge-pair: (173.045,119.765;173.045,120.222)|(172.885,120.165;172.885,119.765)</value>
   </values>
  </item>
  <item>
   <tags/>
   <category>'li.3'</category>
   <cell>spm</cell>
   <visited>false</visited>
   <multiplicity>1</multiplicity>
   <comment/>
   <image/>
   <values>
    <value>edge-pair: (172.135,115.735;172.135,116.129)|(172.075,115.97;172.075,115.576)</value>
   </values>
  </item>
  <item>
   <tags/>
   <category>'li.3'</category>
   <cell>spm</cell>
   <visited>false</visited>
   <multiplicity>1</multiplicity>
   <comment/>
   <image/>
   <values>
    <value>edge-pair: (173.485,114.906;173.485,115.055)|(173.34,115.144;173.34,114.995)</value>
   </values>
  </item>
  <item>
   <tags/>
   <category>'li.3'</category>
   <cell>spm</cell>
   <visited>false</visited>
   <multiplicity>1</multiplicity>
   <comment/>
   <image/>
   <values>
    <value>edge-pair: (173.015,114.409;173.015,114.825)|(172.875,114.921;172.875,114.505)</value>
   </values>
  </item>
  <item>
   <tags/>
   <category>'li.3'</category>
   <cell>spm</cell>
   <visited>false</visited>
   <multiplicity>1</multiplicity>
   <comment/>
   <image/>
   <values>
    <value>edge-pair: (172.135,115.211;172.135,115.565)|(172.075,115.724;172.075,115.37)</value>
   </values>
  </item>
  <item>
   <tags/>
   <category>'li.3'</category>
   <cell>spm</cell>
   <visited>false</visited>
   <multiplicity>1</multiplicity>
   <comment/>
   <image/>
   <values>
    <value>edge-pair: (173.015,116.495;173.015,116.829)|(172.91,116.695;172.91,116.361)</value>
   </values>
  </item>
  <item>
   <tags/>
   <category>'li.3'</category>
   <cell>spm</cell>
   <visited>false</visited>
   <multiplicity>1</multiplicity>
   <comment/>
   <image/>
   <values>
    <value>edge-pair: (175.58,115.645;175.769,115.645)|(175.625,115.735;175.58,115.735)</value>
   </values>
  </item>
  <item>
   <tags/>
   <category>'li.3'</category>
   <cell>spm</cell>
   <visited>false</visited>
   <multiplicity>1</multiplicity>
   <comment/>
   <image/>
   <values>
    <value>edge-pair: (171.535,104.175;171.535,104.57)|(171.495,104.725;171.495,104.01)</value>
   </values>
  </item>
  <item>
   <tags/>
   <category>'li.3'</category>
   <cell>spm</cell>
   <visited>false</visited>
   <multiplicity>1</multiplicity>
   <comment/>
   <image/>
   <values>
    <value>edge-pair: (163.825,110.028;163.825,110.125)|(163.795,110.292;163.795,110.195)</value>
   </values>
  </item>
  <item>
   <tags/>
   <category>'li.3'</category>
   <cell>spm</cell>
   <visited>false</visited>
   <multiplicity>1</multiplicity>
   <comment/>
   <image/>
   <values>
    <value>edge-pair: (172.545,114.885;172.545,115.735)|(172.415,115.735;172.415,114.775)</value>
   </values>
  </item>
  <item>
   <tags/>
   <category>'li.3'</category>
   <cell>spm</cell>
   <visited>false</visited>
   <multiplicity>1</multiplicity>
   <comment/>
   <image/>
   <values>
    <value>edge-pair: (172.95,116.325;173.34,116.325)|(173.275,116.435;173.08,116.435)</value>
   </values>
  </item>
  <item>
   <tags/>
   <category>'li.3'</category>
   <cell>spm</cell>
   <visited>false</visited>
   <multiplicity>1</multiplicity>
   <comment/>
   <image/>
   <values>
    <value>edge-pair: (173.485,114.325;173.485,114.921)|(173.345,114.825;173.345,114.325)</value>
   </values>
  </item>
  <item>
   <tags/>
   <category>'li.3'</category>
   <cell>spm</cell>
   <visited>false</visited>
   <multiplicity>1</multiplicity>
   <comment/>
   <image/>
   <values>
    <value>edge-pair: (163.8,120.585;163.8,121.008)|(163.665,120.905;163.665,120.585)</value>
   </values>
  </item>
  <item>
   <tags/>
   <category>'li.3'</category>
   <cell>spm</cell>
   <visited>false</visited>
   <multiplicity>1</multiplicity>
   <comment/>
   <image/>
   <values>
    <value>edge-pair: (173.455,116.265;173.455,116.45)|(173.34,116.325;173.34,116.265)</value>
   </values>
  </item>
  <item>
   <tags/>
   <category>'li.3'</category>
   <cell>spm</cell>
   <visited>false</visited>
   <multiplicity>1</multiplicity>
   <comment/>
   <image/>
   <values>
    <value>edge-pair: (172.735,115.165;173.075,115.165)|(173.075,115.235;172.89,115.235)</value>
   </values>
  </item>
  <item>
   <tags/>
   <category>'li.3'</category>
   <cell>spm</cell>
   <visited>false</visited>
   <multiplicity>1</multiplicity>
   <comment/>
   <image/>
   <values>
    <value>edge-pair: (163.81,121.585;163.81,122.234)|(163.665,122.145;163.665,121.575)</value>
   </values>
  </item>
  <item>
   <tags/>
   <category>'li.3'</category>
   <cell>spm</cell>
   <visited>false</visited>
   <multiplicity>1</multiplicity>
   <comment/>
   <image/>
   <values>
    <value>edge-pair: (168.955,103.484;168.955,103.835)|(168.86,103.976;168.86,103.625)</value>
   </values>
  </item>
  <item>
   <tags/>
   <category>'li.3'</category>
   <cell>spm</cell>
   <visited>false</visited>
   <multiplicity>1</multiplicity>
   <comment/>
   <image/>
   <values>
    <value>edge-pair: (173.475,120.385;173.475,121.295)|(173.355,121.175;173.355,120.505)</value>
   </values>
  </item>
  <item>
   <tags/>
   <category>'li.3'</category>
   <cell>spm</cell>
   <visited>false</visited>
   <multiplicity>1</multiplicity>
   <comment/>
   <image/>
   <values>
    <value>edge-pair: (163.335,121.575;163.335,121.805)|(163.195,121.805;163.195,121.585)</value>
   </values>
  </item>
  <item>
   <tags/>
   <category>'li.3'</category>
   <cell>spm</cell>
   <visited>false</visited>
   <multiplicity>1</multiplicity>
   <comment/>
   <image/>
   <values>
    <value>edge-pair: (170.295,105.085;170.595,105.085)|(170.754,105.145;170.215,105.145)</value>
   </values>
  </item>
  <item>
   <tags/>
   <category>'li.3'</category>
   <cell>spm</cell>
   <visited>false</visited>
   <multiplicity>1</multiplicity>
   <comment/>
   <image/>
   <values>
    <value>edge-pair: (163.245,109.565;163.245,110.125)|(163.235,110.195;163.235,109.395)</value>
   </values>
  </item>
  <item>
   <tags/>
   <category>'li.3'</category>
   <cell>spm</cell>
   <visited>false</visited>
   <multiplicity>1</multiplicity>
   <comment/>
   <image/>
   <values>
    <value>edge-pair: (171.535,104.57;171.615,104.57)|(171.615,104.725;171.495,104.725)</value>
   </values>
  </item>
  <item>
   <tags/>
   <category>'li.3'</category>
   <cell>spm</cell>
   <visited>false</visited>
   <multiplicity>1</multiplicity>
   <comment/>
   <image/>
   <values>
    <value>edge-pair: (163.805,119.839;163.805,120.245)|(163.665,120.341;163.665,119.935)</value>
   </values>
  </item>
  <item>
   <tags/>
   <category>'li.3'</category>
   <cell>spm</cell>
   <visited>false</visited>
   <multiplicity>1</multiplicity>
   <comment/>
   <image/>
   <values>
    <value>edge-pair: (163.825,110.125;163.95,110.125)|(163.795,110.195;163.67,110.195)</value>
   </values>
  </item>
  <item>
   <tags/>
   <category>'li.3'</category>
   <cell>spm</cell>
   <visited>false</visited>
   <multiplicity>1</multiplicity>
   <comment/>
   <image/>
   <values>
    <value>edge-pair: (163.745,109.79;163.745,110.025)|(163.62,110.075;163.62,109.905)</value>
   </values>
  </item>
  <item>
   <tags/>
   <category>'li.3'</category>
   <cell>spm</cell>
   <visited>false</visited>
   <multiplicity>1</multiplicity>
   <comment/>
   <image/>
   <values>
    <value>edge-pair: (171.615,104.57;171.615,104.725)|(171.495,104.725;171.495,104.45)</value>
   </values>
  </item>
  <item>
   <tags/>
   <category>'li.3'</category>
   <cell>spm</cell>
   <visited>false</visited>
   <multiplicity>1</multiplicity>
   <comment/>
   <image/>
   <values>
    <value>edge-pair: (163.278,121.415;163.365,121.415)|(163.365,121.575;163.335,121.575)</value>
   </values>
  </item>
  <item>
   <tags/>
   <category>'li.3'</category>
   <cell>spm</cell>
   <visited>false</visited>
   <multiplicity>1</multiplicity>
   <comment/>
   <image/>
   <values>
    <value>edge-pair: (171.995,103.445;171.995,104.225)|(171.955,104.28;171.955,103.445)</value>
   </values>
  </item>
  <item>
   <tags/>
   <category>'li.3'</category>
   <cell>spm</cell>
   <visited>false</visited>
   <multiplicity>1</multiplicity>
   <comment/>
   <image/>
   <values>
    <value>edge-pair: (168.905,104.625;168.905,105.445)|(168.795,105.315;168.795,104.755)</value>
   </values>
  </item>
  <item>
   <tags/>
   <category>'li.3'</category>
   <cell>spm</cell>
   <visited>false</visited>
   <multiplicity>1</multiplicity>
   <comment/>
   <image/>
   <values>
    <value>edge-pair: (172.135,115.034;172.135,115.411)|(171.97,115.37;171.97,115.075)</value>
   </values>
  </item>
  <item>
   <tags/>
   <category>'li.3'</category>
   <cell>spm</cell>
   <visited>false</visited>
   <multiplicity>1</multiplicity>
   <comment/>
   <image/>
   <values>
    <value>edge-pair: (173.475,120.215;173.475,121.465)|(173.355,121.345;173.355,120.335)</value>
   </values>
  </item>
  <item>
   <tags/>
   <category>'li.3'</category>
   <cell>spm</cell>
   <visited>false</visited>
   <multiplicity>1</multiplicity>
   <comment/>
   <image/>
   <values>
    <value>edge-pair: (163.745,109.45;163.745,109.85)|(163.62,109.735;163.62,109.565)</value>
   </values>
  </item>
  <item>
   <tags/>
   <category>'li.3'</category>
   <cell>spm</cell>
   <visited>false</visited>
   <multiplicity>1</multiplicity>
   <comment/>
   <image/>
   <values>
    <value>edge-pair: (169.66,104.635;169.725,104.635)|(169.605,104.755;169.54,104.755)</value>
   </values>
  </item>
  <item>
   <tags/>
   <category>'li.3'</category>
   <cell>spm</cell>
   <visited>false</visited>
   <multiplicity>1</multiplicity>
   <comment/>
   <image/>
   <values>
    <value>edge-pair: (170.295,104.295;170.306,104.295)|(170.21,104.435;170.199,104.435)</value>
   </values>
  </item>
  <item>
   <tags/>
   <category>'li.3'</category>
   <cell>spm</cell>
   <visited>false</visited>
   <multiplicity>1</multiplicity>
   <comment/>
   <image/>
   <values>
    <value>edge-pair: (169.875,105.455;169.875,105.895)|(169.725,105.815;169.725,105.455)</value>
   </values>
  </item>
  <item>
   <tags/>
   <category>'li.3'</category>
   <cell>spm</cell>
   <visited>false</visited>
   <multiplicity>1</multiplicity>
   <comment/>
   <image/>
   <values>
    <value>edge-pair: (169.455,103.695;169.455,104.015)|(169.36,104.015;169.36,103.554)</value>
   </values>
  </item>
  <item>
   <tags/>
   <category>'li.3'</category>
   <cell>spm</cell>
   <visited>false</visited>
   <multiplicity>1</multiplicity>
   <comment/>
   <image/>
   <values>
    <value>edge-pair: (175.77,115.132;175.77,115.475)|(175.635,115.475;175.635,115.235)</value>
   </values>
  </item>
  <item>
   <tags/>
   <category>'li.3'</category>
   <cell>spm</cell>
   <visited>false</visited>
   <multiplicity>1</multiplicity>
   <comment/>
   <image/>
   <values>
    <value>edge-pair: (163.335,119.935;163.335,120.341)|(163.195,120.245;163.195,119.839)</value>
   </values>
  </item>
  <item>
   <tags/>
   <category>'li.3'</category>
   <cell>spm</cell>
   <visited>false</visited>
   <multiplicity>1</multiplicity>
   <comment/>
   <image/>
   <values>
    <value>edge-pair: (171.795,104.28;171.955,104.28)|(172.075,104.4;171.795,104.4)</value>
   </values>
  </item>
  <item>
   <tags/>
   <category>'li.3'</category>
   <cell>spm</cell>
   <visited>false</visited>
   <multiplicity>1</multiplicity>
   <comment/>
   <image/>
   <values>
    <value>edge-pair: (169.66,104.594;169.66,104.635)|(169.605,104.796;169.605,104.755)</value>
   </values>
  </item>
  <item>
   <tags/>
   <category>'li.3'</category>
   <cell>spm</cell>
   <visited>false</visited>
   <multiplicity>1</multiplicity>
   <comment/>
   <image/>
   <values>
    <value>edge-pair: (175.79,115.865;175.79,116.195)|(175.625,116.236;175.625,115.824)</value>
   </values>
  </item>
  <item>
   <tags/>
   <category>'li.3'</category>
   <cell>spm</cell>
   <visited>false</visited>
   <multiplicity>1</multiplicity>
   <comment/>
   <image/>
   <values>
    <value>edge-pair: (173.045,120.508;173.045,120.735)|(173.015,120.902;173.015,120.675)</value>
   </values>
  </item>
  <item>
   <tags/>
   <category>'li.3'</category>
   <cell>spm</cell>
   <visited>false</visited>
   <multiplicity>1</multiplicity>
   <comment/>
   <image/>
   <values>
    <value>edge-pair: (173.475,120.215;173.475,120.625)|(173.355,120.505;173.355,120.335)</value>
   </values>
  </item>
  <item>
   <tags/>
   <category>'li.3'</category>
   <cell>spm</cell>
   <visited>false</visited>
   <multiplicity>1</multiplicity>
   <comment/>
   <image/>
   <values>
    <value>edge-pair: (171.155,104.685;171.155,104.598)|(171.22,104.755;171.22,104.842)</value>
   </values>
  </item>
  <item>
   <tags/>
   <category>'li.3'</category>
   <cell>spm</cell>
   <visited>false</visited>
   <multiplicity>1</multiplicity>
   <comment/>
   <image/>
   <values>
    <value>edge-pair: (169.795,103.475;169.795,103.835)|(169.715,103.985;169.715,103.625)</value>
   </values>
  </item>
  <item>
   <tags/>
   <category>'li.3'</category>
   <cell>spm</cell>
   <visited>false</visited>
   <multiplicity>1</multiplicity>
   <comment/>
   <image/>
   <values>
    <value>edge-pair: (169.665,104.635;169.885,104.635)|(169.885,104.755;169.785,104.755)</value>
   </values>
  </item>
  <item>
   <tags/>
   <category>'li.3'</category>
   <cell>spm</cell>
   <visited>false</visited>
   <multiplicity>1</multiplicity>
   <comment/>
   <image/>
   <values>
    <value>edge-pair: (173.475,121.055;173.475,121.465)|(173.355,121.345;173.355,121.175)</value>
   </values>
  </item>
  <item>
   <tags/>
   <category>'li.3'</category>
   <cell>spm</cell>
   <visited>false</visited>
   <multiplicity>1</multiplicity>
   <comment/>
   <image/>
   <values>
    <value>edge-pair: (170.056,105.085;170.115,105.085)|(170.274,105.145;170.215,105.145)</value>
   </values>
  </item>
  <item>
   <tags/>
   <category>'li.3'</category>
   <cell>spm</cell>
   <visited>false</visited>
   <multiplicity>1</multiplicity>
   <comment/>
   <image/>
   <values>
    <value>edge-pair: (171.615,105.088;171.615,105.535)|(171.455,105.535;171.455,105.145)</value>
   </values>
  </item>
  <item>
   <tags/>
   <category>'li.3'</category>
   <cell>spm</cell>
   <visited>false</visited>
   <multiplicity>1</multiplicity>
   <comment/>
   <image/>
   <values>
    <value>edge-pair: (173.94,114.325;173.94,114.785)|(173.785,114.855;173.785,114.325)</value>
   </values>
  </item>
  <item>
   <tags/>
   <category>'li.3'</category>
   <cell>spm</cell>
   <visited>false</visited>
   <multiplicity>1</multiplicity>
   <comment/>
   <image/>
   <values>
    <value>edge-pair: (168.905,104.015;168.905,104.355)|(168.86,104.355;168.86,103.851)</value>
   </values>
  </item>
  <item>
   <tags/>
   <category>'li.3'</category>
   <cell>spm</cell>
   <visited>false</visited>
   <multiplicity>1</multiplicity>
   <comment/>
   <image/>
   <values>
    <value>edge-pair: (170.295,104.295;170.805,104.295)|(170.755,104.435;170.38,104.435)</value>
   </values>
  </item>
  <item>
   <tags/>
   <category>'li.3'</category>
   <cell>spm</cell>
   <visited>false</visited>
   <multiplicity>1</multiplicity>
   <comment/>
   <image/>
   <values>
    <value>edge-pair: (171.795,104.57;172.025,104.57)|(171.955,104.725;171.795,104.725)</value>
   </values>
  </item>
  <item>
   <tags/>
   <category>'li.3'</category>
   <cell>spm</cell>
   <visited>false</visited>
   <multiplicity>1</multiplicity>
   <comment/>
   <image/>
   <values>
    <value>edge-pair: (174.32,114.92;174.32,115.695)|(174.21,115.565;174.21,114.985)</value>
   </values>
  </item>
  <item>
   <tags/>
   <category>'li.3'</category>
   <cell>spm</cell>
   <visited>false</visited>
   <multiplicity>1</multiplicity>
   <comment/>
   <image/>
   <values>
    <value>edge-pair: (173.485,115.235;173.485,115.565)|(173.34,115.654;173.34,115.146)</value>
   </values>
  </item>
  <item>
   <tags/>
   <category>'li.3'</category>
   <cell>spm</cell>
   <visited>false</visited>
   <multiplicity>1</multiplicity>
   <comment/>
   <image/>
   <values>
    <value>edge-pair: (172.89,121.005;173.015,121.005)|(173.17,121.075;173.045,121.075)</value>
   </values>
  </item>
  <item>
   <tags/>
   <category>'li.3'</category>
   <cell>spm</cell>
   <visited>false</visited>
   <multiplicity>1</multiplicity>
   <comment/>
   <image/>
   <values>
    <value>edge-pair: (173.015,121.005;173.015,120.908)|(173.045,121.075;173.045,121.172)</value>
   </values>
  </item>
  <item>
   <tags/>
   <category>'li.3'</category>
   <cell>spm</cell>
   <visited>false</visited>
   <multiplicity>1</multiplicity>
   <comment/>
   <image/>
   <values>
    <value>edge-pair: (174.745,115.005;174.745,115.17)|(174.625,115.05;174.625,114.885)</value>
   </values>
  </item>
  <item>
   <tags/>
   <category>'li.3'</category>
   <cell>spm</cell>
   <visited>false</visited>
   <multiplicity>1</multiplicity>
   <comment/>
   <image/>
   <values>
    <value>edge-pair: (170.64,105.455;171.02,105.455)|(170.885,105.485;170.715,105.485)</value>
   </values>
  </item>
  <item>
   <tags/>
   <category>'li.3'</category>
   <cell>spm</cell>
   <visited>false</visited>
   <multiplicity>1</multiplicity>
   <comment/>
   <image/>
   <values>
    <value>edge-pair: (175.325,115.305;175.325,115.565)|(175.24,115.712;175.24,115.305)</value>
   </values>
  </item>
  <item>
   <tags/>
   <category>'li.3'</category>
   <cell>spm</cell>
   <visited>false</visited>
   <multiplicity>1</multiplicity>
   <comment/>
   <image/>
   <values>
    <value>edge-pair: (174.936,114.835;175.295,114.835)|(175.295,114.94;175.07,114.94)</value>
   </values>
  </item>
  <item>
   <tags/>
   <category>'li.3'</category>
   <cell>spm</cell>
   <visited>false</visited>
   <multiplicity>1</multiplicity>
   <comment/>
   <image/>
   <values>
    <value>edge-pair: (174.725,115.905;175.07,115.905)|(175.07,116.005;174.725,116.005)</value>
   </values>
  </item>
  <item>
   <tags/>
   <category>'li.3'</category>
   <cell>spm</cell>
   <visited>false</visited>
   <multiplicity>1</multiplicity>
   <comment/>
   <image/>
   <values>
    <value>edge-pair: (169.785,105.085;170.115,105.085)|(170.045,105.145;169.875,105.145)</value>
   </values>
  </item>
  <item>
   <tags/>
   <category>'li.3'</category>
   <cell>spm</cell>
   <visited>false</visited>
   <multiplicity>1</multiplicity>
   <comment/>
   <image/>
   <values>
    <value>edge-pair: (174.66,115.24;174.66,115.735)|(174.575,115.735;174.575,115.093)</value>
   </values>
  </item>
  <item>
   <tags/>
   <category>'li.3'</category>
   <cell>spm</cell>
   <visited>false</visited>
   <multiplicity>1</multiplicity>
   <comment/>
   <image/>
   <values>
    <value>edge-pair: (169.215,105.085;169.444,105.085)|(169.285,105.145;169.215,105.145)</value>
   </values>
  </item>
  <item>
   <tags/>
   <category>'li.3'</category>
   <cell>spm</cell>
   <visited>false</visited>
   <multiplicity>1</multiplicity>
   <comment/>
   <image/>
   <values>
    <value>edge-pair: (170.805,104.295;170.805,104.767)|(170.755,104.605;170.755,104.435)</value>
   </values>
  </item>
  <item>
   <tags/>
   <category>'li.3'</category>
   <cell>spm</cell>
   <visited>false</visited>
   <multiplicity>1</multiplicity>
   <comment/>
   <image/>
   <values>
    <value>edge-pair: (174.375,114.495;174.375,114.895)|(174.225,114.815;174.225,114.415)</value>
   </values>
  </item>
  <item>
   <tags/>
   <category>'li.3'</category>
   <cell>spm</cell>
   <visited>false</visited>
   <multiplicity>1</multiplicity>
   <comment/>
   <image/>
   <values>
    <value>edge-pair: (170.115,105.085;170.115,105.008)|(170.215,105.145;170.215,105.222)</value>
   </values>
  </item>
  <item>
   <tags/>
   <category>'li.3'</category>
   <cell>spm</cell>
   <visited>false</visited>
   <multiplicity>1</multiplicity>
   <comment/>
   <image/>
   <values>
    <value>edge-pair: (174.186,114.815;174.225,114.815)|(174.359,114.92;174.32,114.92)</value>
   </values>
  </item>
  <item>
   <tags/>
   <category>'li.3'</category>
   <cell>spm</cell>
   <visited>false</visited>
   <multiplicity>1</multiplicity>
   <comment/>
   <image/>
   <values>
    <value>edge-pair: (168.905,105.365;168.905,105.825)|(168.785,105.945;168.785,105.485)</value>
   </values>
  </item>
  <item>
   <tags/>
   <category>'li.3'</category>
   <cell>spm</cell>
   <visited>false</visited>
   <multiplicity>1</multiplicity>
   <comment/>
   <image/>
   <values>
    <value>edge-pair: (163.395,110.635;163.395,111.3)|(163.245,111.22;163.245,110.555)</value>
   </values>
  </item>
  <item>
   <tags/>
   <category>'li.3'</category>
   <cell>spm</cell>
   <visited>false</visited>
   <multiplicity>1</multiplicity>
   <comment/>
   <image/>
   <values>
    <value>edge-pair: (171.975,105.185;171.975,105.994)|(171.955,105.825;171.955,105.016)</value>
   </values>
  </item>
  <item>
   <tags/>
   <category>'li.3'</category>
   <cell>spm</cell>
   <visited>false</visited>
   <multiplicity>1</multiplicity>
   <comment/>
   <image/>
   <values>
    <value>edge-pair: (174.375,116.285;174.375,116.595)|(174.225,116.675;174.225,116.205)</value>
   </values>
  </item>
  <item>
   <tags/>
   <category>'li.3'</category>
   <cell>spm</cell>
   <visited>false</visited>
   <multiplicity>1</multiplicity>
   <comment/>
   <image/>
   <values>
    <value>edge-pair: (175.77,115.132;175.77,115.385)|(175.635,115.475;175.635,115.235)</value>
   </values>
  </item>
  <item>
   <tags/>
   <category>'li.3'</category>
   <cell>spm</cell>
   <visited>false</visited>
   <multiplicity>1</multiplicity>
   <comment/>
   <image/>
   <values>
    <value>edge-pair: (170.295,104.465;170.295,104.782)|(170.21,104.635;170.21,104.435)</value>
   </values>
  </item>
  <item>
   <tags/>
   <category>'li.3'</category>
   <cell>spm</cell>
   <visited>false</visited>
   <multiplicity>1</multiplicity>
   <comment/>
   <image/>
   <values>
    <value>edge-pair: (172.135,116.255;172.135,116.695)|(171.985,116.775;171.985,116.335)</value>
   </values>
  </item>
  <item>
   <tags/>
   <category>'li.3'</category>
   <cell>spm</cell>
   <visited>false</visited>
   <multiplicity>1</multiplicity>
   <comment/>
   <image/>
   <values>
    <value>edge-pair: (175.77,114.77;175.77,115.154)|(175.625,115.065;175.625,114.77)</value>
   </values>
  </item>
  <item>
   <tags/>
   <category>'li.3'</category>
   <cell>spm</cell>
   <visited>false</visited>
   <multiplicity>1</multiplicity>
   <comment/>
   <image/>
   <values>
    <value>edge-pair: (170.295,104.288;170.295,104.295)|(170.21,104.442;170.21,104.435)</value>
   </values>
  </item>
  <item>
   <tags/>
   <category>'li.3'</category>
   <cell>spm</cell>
   <visited>false</visited>
   <multiplicity>1</multiplicity>
   <comment/>
   <image/>
   <values>
    <value>edge-pair: (174.225,114.815;174.225,114.779)|(174.32,114.92;174.32,114.956)</value>
   </values>
  </item>
  <item>
   <tags/>
   <category>'li.3'</category>
   <cell>spm</cell>
   <visited>false</visited>
   <multiplicity>1</multiplicity>
   <comment/>
   <image/>
   <values>
    <value>edge-pair: (170.715,105.485;170.715,105.968)|(170.64,105.815;170.64,105.455)</value>
   </values>
  </item>
  <item>
   <tags/>
   <category>'li.3'</category>
   <cell>spm</cell>
   <visited>false</visited>
   <multiplicity>1</multiplicity>
   <comment/>
   <image/>
   <values>
    <value>edge-pair: (173.395,119.765;173.395,120.165)|(173.305,120.309;173.305,119.765)</value>
   </values>
  </item>
  <item>
   <tags/>
   <category>'li.3'</category>
   <cell>spm</cell>
   <visited>false</visited>
   <multiplicity>1</multiplicity>
   <comment/>
   <image/>
   <values>
    <value>edge-pair: (175.77,115.385;175.77,115.475)|(175.635,115.475;175.635,115.282)</value>
   </values>
  </item>
  <item>
   <tags/>
   <category>'li.3'</category>
   <cell>spm</cell>
   <visited>false</visited>
   <multiplicity>1</multiplicity>
   <comment/>
   <image/>
   <values>
    <value>edge-pair: (172.59,115.985;172.89,115.985)|(172.89,116.095;172.58,116.095)</value>
   </values>
  </item>
  <item>
   <tags/>
   <category>'li.3'</category>
   <cell>spm</cell>
   <visited>false</visited>
   <multiplicity>1</multiplicity>
   <comment/>
   <image/>
   <values>
    <value>edge-pair: (163.265,110.525;163.755,110.525)|(163.625,110.635;163.395,110.635)</value>
   </values>
  </item>
  <item>
   <tags/>
   <category>'li.3'</category>
   <cell>spm</cell>
   <visited>false</visited>
   <multiplicity>1</multiplicity>
   <comment/>
   <image/>
   <values>
    <value>edge-pair: (172.08,104.755;172.08,105.015)|(171.955,105.13;171.955,104.725)</value>
   </values>
  </item>
  <item>
   <tags/>
   <category>'li.3'</category>
   <cell>spm</cell>
   <visited>false</visited>
   <multiplicity>1</multiplicity>
   <comment/>
   <image/>
   <values>
    <value>edge-pair: (174.32,115.594;174.32,116.285)|(174.225,116.426;174.225,115.735)</value>
   </values>
  </item>
  <item>
   <tags/>
   <category>'li.3'</category>
   <cell>spm</cell>
   <visited>false</visited>
   <multiplicity>1</multiplicity>
   <comment/>
   <image/>
   <values>
    <value>edge-pair: (163.245,110.125;163.62,110.125)|(163.775,110.195;163.235,110.195)</value>
   </values>
  </item>
  <item>
   <tags/>
   <category>'li.3'</category>
   <cell>spm</cell>
   <visited>false</visited>
   <multiplicity>1</multiplicity>
   <comment/>
   <image/>
   <values>
    <value>edge-pair: (130.215,121.705;130.215,122.135)|(130.075,122.135;130.075,121.705)</value>
   </values>
  </item>
  <item>
   <tags/>
   <category>'li.3'</category>
   <cell>spm</cell>
   <visited>false</visited>
   <multiplicity>1</multiplicity>
   <comment/>
   <image/>
   <values>
    <value>edge-pair: (127.045,115.505;127.045,115.865)|(126.935,115.885;126.935,115.635)</value>
   </values>
  </item>
  <item>
   <tags/>
   <category>'li.3'</category>
   <cell>spm</cell>
   <visited>false</visited>
   <multiplicity>1</multiplicity>
   <comment/>
   <image/>
   <values>
    <value>edge-pair: (127.045,114.39;127.045,114.835)|(126.925,114.955;126.925,114.51)</value>
   </values>
  </item>
  <item>
   <tags/>
   <category>'li.3'</category>
   <cell>spm</cell>
   <visited>false</visited>
   <multiplicity>1</multiplicity>
   <comment/>
   <image/>
   <values>
    <value>edge-pair: (127.91,115.51;127.91,116.01)|(127.795,115.885;127.795,115.635)</value>
   </values>
  </item>
  <item>
   <tags/>
   <category>'li.3'</category>
   <cell>spm</cell>
   <visited>false</visited>
   <multiplicity>1</multiplicity>
   <comment/>
   <image/>
   <values>
    <value>edge-pair: (127.91,115.235;127.91,115.58)|(127.785,115.465;127.785,115.12)</value>
   </values>
  </item>
  <item>
   <tags/>
   <category>'li.3'</category>
   <cell>spm</cell>
   <visited>false</visited>
   <multiplicity>1</multiplicity>
   <comment/>
   <image/>
   <values>
    <value>edge-pair: (127.445,115.885;127.795,115.885)|(127.74,116.035;127.365,116.035)</value>
   </values>
  </item>
  <item>
   <tags/>
   <category>'li.3'</category>
   <cell>spm</cell>
   <visited>false</visited>
   <multiplicity>1</multiplicity>
   <comment/>
   <image/>
   <values>
    <value>edge-pair: (127.91,115.95;127.91,116.705)|(127.785,116.82;127.785,116.065)</value>
   </values>
  </item>
  <item>
   <tags/>
   <category>'li.3'</category>
   <cell>spm</cell>
   <visited>false</visited>
   <multiplicity>1</multiplicity>
   <comment/>
   <image/>
   <values>
    <value>edge-pair: (127.045,115.005;127.045,115.295)|(126.925,115.295;126.925,114.885)</value>
   </values>
  </item>
  <item>
   <tags/>
   <category>'li.3'</category>
   <cell>spm</cell>
   <visited>false</visited>
   <multiplicity>1</multiplicity>
   <comment/>
   <image/>
   <values>
    <value>edge-pair: (129.815,121.705;129.815,122.135)|(129.67,122.135;129.67,121.705)</value>
   </values>
  </item>
  <item>
   <tags/>
   <category>'li.3'</category>
   <cell>spm</cell>
   <visited>false</visited>
   <multiplicity>1</multiplicity>
   <comment/>
   <image/>
   <values>
    <value>edge-pair: (122.09,120.585;122.601,120.585)|(122.46,120.68;122.22,120.68)</value>
   </values>
  </item>
  <item>
   <tags/>
   <category>'li.3'</category>
   <cell>spm</cell>
   <visited>false</visited>
   <multiplicity>1</multiplicity>
   <comment/>
   <image/>
   <values>
    <value>edge-pair: (121.045,121.89;121.069,121.89)|(120.905,121.935;120.881,121.935)</value>
   </values>
  </item>
  <item>
   <tags/>
   <category>'li.3'</category>
   <cell>spm</cell>
   <visited>false</visited>
   <multiplicity>1</multiplicity>
   <comment/>
   <image/>
   <values>
    <value>edge-pair: (123.33,120.652;123.33,120.825)|(123.195,120.915;123.195,120.755)</value>
   </values>
  </item>
  <item>
   <tags/>
   <category>'li.3'</category>
   <cell>spm</cell>
   <visited>false</visited>
   <multiplicity>1</multiplicity>
   <comment/>
   <image/>
   <values>
    <value>edge-pair: (122.015,115.735;122.015,115.994)|(121.87,115.905;121.87,115.646)</value>
   </values>
  </item>
  <item>
   <tags/>
   <category>'li.3'</category>
   <cell>spm</cell>
   <visited>false</visited>
   <multiplicity>1</multiplicity>
   <comment/>
   <image/>
   <values>
    <value>edge-pair: (121.5,120.191;121.5,120.225)|(121.41,120.369;121.41,120.335)</value>
   </values>
  </item>
  <item>
   <tags/>
   <category>'li.3'</category>
   <cell>spm</cell>
   <visited>false</visited>
   <multiplicity>1</multiplicity>
   <comment/>
   <image/>
   <values>
    <value>edge-pair: (122.395,120.062;122.395,120.21)|(122.26,120.313;122.26,120.165)</value>
   </values>
  </item>
  <item>
   <tags/>
   <category>'li.3'</category>
   <cell>spm</cell>
   <visited>false</visited>
   <multiplicity>1</multiplicity>
   <comment/>
   <image/>
   <values>
    <value>edge-pair: (122.541,120.235;122.685,120.235)|(122.774,120.38;122.63,120.38)</value>
   </values>
  </item>
  <item>
   <tags/>
   <category>'li.3'</category>
   <cell>spm</cell>
   <visited>false</visited>
   <multiplicity>1</multiplicity>
   <comment/>
   <image/>
   <values>
    <value>edge-pair: (120.605,120.675;120.605,121.559)|(120.5,121.425;120.5,120.775)</value>
   </values>
  </item>
  <item>
   <tags/>
   <category>'li.3'</category>
   <cell>spm</cell>
   <visited>false</visited>
   <multiplicity>1</multiplicity>
   <comment/>
   <image/>
   <values>
    <value>edge-pair: (120.235,120.605;120.575,120.605)|(120.42,120.675;120.125,120.675)</value>
   </values>
  </item>
  <item>
   <tags/>
   <category>'li.3'</category>
   <cell>spm</cell>
   <visited>false</visited>
   <multiplicity>1</multiplicity>
   <comment/>
   <image/>
   <values>
    <value>edge-pair: (121.88,120.36;121.88,121.135)|(121.875,121.135;121.875,120.325)</value>
   </values>
  </item>
  <item>
   <tags/>
   <category>'li.3'</category>
   <cell>spm</cell>
   <visited>false</visited>
   <multiplicity>1</multiplicity>
   <comment/>
   <image/>
   <values>
    <value>edge-pair: (121.935,119.935;121.935,120.36)|(121.805,120.325;121.805,119.935)</value>
   </values>
  </item>
  <item>
   <tags/>
   <category>'li.3'</category>
   <cell>spm</cell>
   <visited>false</visited>
   <multiplicity>1</multiplicity>
   <comment/>
   <image/>
   <values>
    <value>edge-pair: (122.09,120.49;122.09,120.585)|(122.05,120.75;122.05,120.49)</value>
   </values>
  </item>
  <item>
   <tags/>
   <category>'li.3'</category>
   <cell>spm</cell>
   <visited>false</visited>
   <multiplicity>1</multiplicity>
   <comment/>
   <image/>
   <values>
    <value>edge-pair: (122.255,115.565;122.255,115.52)|(122.38,115.635;122.38,115.68)</value>
   </values>
  </item>
  <item>
   <tags/>
   <category>'li.3'</category>
   <cell>spm</cell>
   <visited>false</visited>
   <multiplicity>1</multiplicity>
   <comment/>
   <image/>
   <values>
    <value>edge-pair: (121.075,120.506;121.075,121.194)|(121.055,121.025;121.055,120.675)</value>
   </values>
  </item>
  <item>
   <tags/>
   <category>'li.3'</category>
   <cell>spm</cell>
   <visited>false</visited>
   <multiplicity>1</multiplicity>
   <comment/>
   <image/>
   <values>
    <value>edge-pair: (122.63,120.608;122.63,121.112)|(122.545,120.965;122.545,120.755)</value>
   </values>
  </item>
  <item>
   <tags/>
   <category>'li.3'</category>
   <cell>spm</cell>
   <visited>false</visited>
   <multiplicity>1</multiplicity>
   <comment/>
   <image/>
   <values>
    <value>edge-pair: (123.14,121.085;123.275,121.085)|(123.165,121.215;123.14,121.215)</value>
   </values>
  </item>
  <item>
   <tags/>
   <category>'li.3'</category>
   <cell>spm</cell>
   <visited>false</visited>
   <multiplicity>1</multiplicity>
   <comment/>
   <image/>
   <values>
    <value>edge-pair: (122.465,121.865;122.465,122.035)|(122.315,122.115;122.315,121.785)</value>
   </values>
  </item>
  <item>
   <tags/>
   <category>'li.3'</category>
   <cell>spm</cell>
   <visited>false</visited>
   <multiplicity>1</multiplicity>
   <comment/>
   <image/>
   <values>
    <value>edge-pair: (121.88,121.396;121.88,121.725)|(121.82,121.884;121.82,121.555)</value>
   </values>
  </item>
  <item>
   <tags/>
   <category>'li.3'</category>
   <cell>spm</cell>
   <visited>false</visited>
   <multiplicity>1</multiplicity>
   <comment/>
   <image/>
   <values>
    <value>edge-pair: (122.395,120.04;122.395,120.21)|(122.34,120.165;122.34,119.935)</value>
   </values>
  </item>
  <item>
   <tags/>
   <category>'li.3'</category>
   <cell>spm</cell>
   <visited>false</visited>
   <multiplicity>1</multiplicity>
   <comment/>
   <image/>
   <values>
    <value>edge-pair: (120.45,120.605;120.67,120.605)|(120.67,120.675;120.605,120.675)</value>
   </values>
  </item>
  <item>
   <tags/>
   <category>'li.3'</category>
   <cell>spm</cell>
   <visited>false</visited>
   <multiplicity>1</multiplicity>
   <comment/>
   <image/>
   <values>
    <value>edge-pair: (122.8,120.745;123.16,120.745)|(123.195,120.755;122.8,120.755)</value>
   </values>
  </item>
  <item>
   <tags/>
   <category>'li.3'</category>
   <cell>spm</cell>
   <visited>false</visited>
   <multiplicity>1</multiplicity>
   <comment/>
   <image/>
   <values>
    <value>edge-pair: (121.935,121.725;121.935,122.035)|(121.82,122.16;121.82,121.6)</value>
   </values>
  </item>
  <item>
   <tags/>
   <category>'li.3'</category>
   <cell>spm</cell>
   <visited>false</visited>
   <multiplicity>1</multiplicity>
   <comment/>
   <image/>
   <values>
    <value>edge-pair: (121.045,121.215;121.045,121.854)|(120.9,121.765;120.9,121.126)</value>
   </values>
  </item>
  <item>
   <tags/>
   <category>'li.3'</category>
   <cell>spm</cell>
   <visited>false</visited>
   <multiplicity>1</multiplicity>
   <comment/>
   <image/>
   <values>
    <value>edge-pair: (121.92,115.315;121.92,115.565)|(121.805,115.465;121.805,115.19)</value>
   </values>
  </item>
  <item>
   <tags/>
   <category>'li.3'</category>
   <cell>spm</cell>
   <visited>false</visited>
   <multiplicity>1</multiplicity>
   <comment/>
   <image/>
   <values>
    <value>edge-pair: (120.575,121.935;120.575,122.215)|(120.425,122.135;120.425,121.855)</value>
   </values>
  </item>
  <item>
   <tags/>
   <category>'li.3'</category>
   <cell>spm</cell>
   <visited>false</visited>
   <multiplicity>1</multiplicity>
   <comment/>
   <image/>
   <values>
    <value>edge-pair: (123.33,120.652;123.33,120.915)|(123.195,120.915;123.195,120.755)</value>
   </values>
  </item>
  <item>
   <tags/>
   <category>'li.3'</category>
   <cell>spm</cell>
   <visited>false</visited>
   <multiplicity>1</multiplicity>
   <comment/>
   <image/>
   <values>
    <value>edge-pair: (121.045,121.839;121.045,121.89)|(120.905,121.986;120.905,121.935)</value>
   </values>
  </item>
  <item>
   <tags/>
   <category>'li.3'</category>
   <cell>spm</cell>
   <visited>false</visited>
   <multiplicity>1</multiplicity>
   <comment/>
   <image/>
   <values>
    <value>edge-pair: (123.33,120.21;123.33,120.674)|(123.185,120.585;123.185,120.21)</value>
   </values>
  </item>
  <item>
   <tags/>
   <category>'li.3'</category>
   <cell>spm</cell>
   <visited>false</visited>
   <multiplicity>1</multiplicity>
   <comment/>
   <image/>
   <values>
    <value>edge-pair: (120.575,119.765;120.575,120.265)|(120.425,120.345;120.425,119.765)</value>
   </values>
  </item>
  <item>
   <tags/>
   <category>'li.3'</category>
   <cell>spm</cell>
   <visited>false</visited>
   <multiplicity>1</multiplicity>
   <comment/>
   <image/>
   <values>
    <value>edge-pair: (121.92,115.565;122.025,115.565)|(121.87,115.635;121.765,115.635)</value>
   </values>
  </item>
  <item>
   <tags/>
   <category>'li.3'</category>
   <cell>spm</cell>
   <visited>false</visited>
   <multiplicity>1</multiplicity>
   <comment/>
   <image/>
   <values>
    <value>edge-pair: (121.5,120.225;121.54,120.225)|(121.41,120.335;121.37,120.335)</value>
   </values>
  </item>
  <item>
   <tags/>
   <category>'li.3'</category>
   <cell>spm</cell>
   <visited>false</visited>
   <multiplicity>1</multiplicity>
   <comment/>
   <image/>
   <values>
    <value>edge-pair: (121.935,120.166;121.935,120.36)|(121.875,120.519;121.875,120.325)</value>
   </values>
  </item>
  <item>
   <tags/>
   <category>'li.3'</category>
   <cell>spm</cell>
   <visited>false</visited>
   <multiplicity>1</multiplicity>
   <comment/>
   <image/>
   <values>
    <value>edge-pair: (123.33,120.825;123.33,120.915)|(123.195,120.915;123.195,120.755)</value>
   </values>
  </item>
  <item>
   <tags/>
   <category>'li.3'</category>
   <cell>spm</cell>
   <visited>false</visited>
   <multiplicity>1</multiplicity>
   <comment/>
   <image/>
   <values>
    <value>edge-pair: (121.525,115.17;121.525,115.465)|(121.41,115.565;121.41,115.295)</value>
   </values>
  </item>
  <item>
   <tags/>
   <category>'li.3'</category>
   <cell>spm</cell>
   <visited>false</visited>
   <multiplicity>1</multiplicity>
   <comment/>
   <image/>
   <values>
    <value>edge-pair: (121.41,115.565;121.41,115.52)|(121.535,115.635;121.535,115.68)</value>
   </values>
  </item>
  <item>
   <tags/>
   <category>'li.3'</category>
   <cell>spm</cell>
   <visited>false</visited>
   <multiplicity>1</multiplicity>
   <comment/>
   <image/>
   <values>
    <value>edge-pair: (121.38,115.565;121.41,115.565)|(121.565,115.635;121.535,115.635)</value>
   </values>
  </item>
  <item>
   <tags/>
   <category>'li.3'</category>
   <cell>spm</cell>
   <visited>false</visited>
   <multiplicity>1</multiplicity>
   <comment/>
   <image/>
   <values>
    <value>edge-pair: (122.38,115.635;122.38,115.885)|(122.275,116.019;122.275,115.735)</value>
   </values>
  </item>
  <item>
   <tags/>
   <category>'li.3'</category>
   <cell>spm</cell>
   <visited>false</visited>
   <multiplicity>1</multiplicity>
   <comment/>
   <image/>
   <values>
    <value>edge-pair: (121.525,114.325;121.525,115.205)|(121.375,115.125;121.375,114.325)</value>
   </values>
  </item>
  <item>
   <tags/>
   <category>'li.3'</category>
   <cell>spm</cell>
   <visited>false</visited>
   <multiplicity>1</multiplicity>
   <comment/>
   <image/>
   <values>
    <value>edge-pair: (121.92,115.473;121.92,115.565)|(121.87,115.727;121.87,115.635)</value>
   </values>
  </item>
  <item>
   <tags/>
   <category>'li.3'</category>
   <cell>spm</cell>
   <visited>false</visited>
   <multiplicity>1</multiplicity>
   <comment/>
   <image/>
   <values>
    <value>edge-pair: (121.43,121.385;121.43,121.685)|(121.32,121.815;121.32,121.385)</value>
   </values>
  </item>
  <item>
   <tags/>
   <category>'li.3'</category>
   <cell>spm</cell>
   <visited>false</visited>
   <multiplicity>1</multiplicity>
   <comment/>
   <image/>
   <values>
    <value>edge-pair: (122.225,115.565;122.255,115.565)|(122.41,115.635;122.38,115.635)</value>
   </values>
  </item>
  <item>
   <tags/>
   <category>'li.3'</category>
   <cell>spm</cell>
   <visited>false</visited>
   <multiplicity>1</multiplicity>
   <comment/>
   <image/>
   <values>
    <value>edge-pair: (121.905,104.425;122.17,104.425)|(122.17,104.495;121.905,104.495)</value>
   </values>
  </item>
  <item>
   <tags/>
   <category>'li.3'</category>
   <cell>spm</cell>
   <visited>false</visited>
   <multiplicity>1</multiplicity>
   <comment/>
   <image/>
   <values>
    <value>edge-pair: (121.015,109.374;121.015,110.025)|(120.96,110.186;120.96,109.535)</value>
   </values>
  </item>
  <item>
   <tags/>
   <category>'li.3'</category>
   <cell>spm</cell>
   <visited>false</visited>
   <multiplicity>1</multiplicity>
   <comment/>
   <image/>
   <values>
    <value>edge-pair: (122.745,103.725;122.745,103.895)|(122.715,103.955;122.715,103.558)</value>
   </values>
  </item>
  <item>
   <tags/>
   <category>'li.3'</category>
   <cell>spm</cell>
   <visited>false</visited>
   <multiplicity>1</multiplicity>
   <comment/>
   <image/>
   <values>
    <value>edge-pair: (121.49,110.375;121.49,110.548)|(121.355,110.445;121.355,110.285)</value>
   </values>
  </item>
  <item>
   <tags/>
   <category>'li.3'</category>
   <cell>spm</cell>
   <visited>false</visited>
   <multiplicity>1</multiplicity>
   <comment/>
   <image/>
   <values>
    <value>edge-pair: (120.62,105.08;120.62,105.009)|(120.655,105.175;120.655,105.246)</value>
   </values>
  </item>
  <item>
   <tags/>
   <category>'li.3'</category>
   <cell>spm</cell>
   <visited>false</visited>
   <multiplicity>1</multiplicity>
   <comment/>
   <image/>
   <values>
    <value>edge-pair: (122.51,104.605;122.51,105.21)|(122.395,105.085;122.395,104.495)</value>
   </values>
  </item>
  <item>
   <tags/>
   <category>'li.3'</category>
   <cell>spm</cell>
   <visited>false</visited>
   <multiplicity>1</multiplicity>
   <comment/>
   <image/>
   <values>
    <value>edge-pair: (121.49,110.285;121.49,110.375)|(121.355,110.445;121.355,110.285)</value>
   </values>
  </item>
  <item>
   <tags/>
   <category>'li.3'</category>
   <cell>spm</cell>
   <visited>false</visited>
   <multiplicity>1</multiplicity>
   <comment/>
   <image/>
   <values>
    <value>edge-pair: (120.095,103.725;120.095,104.035)|(119.985,103.955;119.985,103.595)</value>
   </values>
  </item>
  <item>
   <tags/>
   <category>'li.3'</category>
   <cell>spm</cell>
   <visited>false</visited>
   <multiplicity>1</multiplicity>
   <comment/>
   <image/>
   <values>
    <value>edge-pair: (120.441,110.52;120.62,110.52)|(120.665,110.625;120.575,110.625)</value>
   </values>
  </item>
  <item>
   <tags/>
   <category>'li.3'</category>
   <cell>spm</cell>
   <visited>false</visited>
   <multiplicity>1</multiplicity>
   <comment/>
   <image/>
   <values>
    <value>edge-pair: (122.415,103.895;122.415,103.955)|(122.34,104.108;122.34,103.895)</value>
   </values>
  </item>
  <item>
   <tags/>
   <category>'li.3'</category>
   <cell>spm</cell>
   <visited>false</visited>
   <multiplicity>1</multiplicity>
   <comment/>
   <image/>
   <values>
    <value>edge-pair: (120.025,104.465;120.025,105.085)|(119.87,105.025;119.87,104.395)</value>
   </values>
  </item>
  <item>
   <tags/>
   <category>'li.3'</category>
   <cell>spm</cell>
   <visited>false</visited>
   <multiplicity>1</multiplicity>
   <comment/>
   <image/>
   <values>
    <value>edge-pair: (120.38,110.52;120.539,110.52)|(120.405,110.625;120.246,110.625)</value>
   </values>
  </item>
  <item>
   <tags/>
   <category>'li.3'</category>
   <cell>spm</cell>
   <visited>false</visited>
   <multiplicity>1</multiplicity>
   <comment/>
   <image/>
   <values>
    <value>edge-pair: (121.735,104.425;121.735,104.623)|(121.71,104.455;121.71,104.425)</value>
   </values>
  </item>
  <item>
   <tags/>
   <category>'li.3'</category>
   <cell>spm</cell>
   <visited>false</visited>
   <multiplicity>1</multiplicity>
   <comment/>
   <image/>
   <values>
    <value>edge-pair: (122.415,105.255;122.415,105.495)|(122.34,105.495;122.34,105.102)</value>
   </values>
  </item>
  <item>
   <tags/>
   <category>'li.3'</category>
   <cell>spm</cell>
   <visited>false</visited>
   <multiplicity>1</multiplicity>
   <comment/>
   <image/>
   <values>
    <value>edge-pair: (120.665,110.025;120.665,110.625)|(120.62,110.52;120.62,110.025)</value>
   </values>
  </item>
  <item>
   <tags/>
   <category>'li.3'</category>
   <cell>spm</cell>
   <visited>false</visited>
   <multiplicity>1</multiplicity>
   <comment/>
   <image/>
   <values>
    <value>edge-pair: (121.395,105.005;121.49,105.005)|(121.32,105.015;121.225,105.015)</value>
   </values>
  </item>
  <item>
   <tags/>
   <category>'li.3'</category>
   <cell>spm</cell>
   <visited>false</visited>
   <multiplicity>1</multiplicity>
   <comment/>
   <image/>
   <values>
    <value>edge-pair: (121.49,110.536;121.49,110.99)|(121.345,110.99;121.345,110.625)</value>
   </values>
  </item>
  <item>
   <tags/>
   <category>'li.3'</category>
   <cell>spm</cell>
   <visited>false</visited>
   <multiplicity>1</multiplicity>
   <comment/>
   <image/>
   <values>
    <value>edge-pair: (121.735,105.345;121.735,105.425)|(121.66,105.578;121.66,105.345)</value>
   </values>
  </item>
  <item>
   <tags/>
   <category>'li.3'</category>
   <cell>spm</cell>
   <visited>false</visited>
   <multiplicity>1</multiplicity>
   <comment/>
   <image/>
   <values>
    <value>edge-pair: (120.435,104.315;120.79,104.315)|(120.79,104.465;120.355,104.465)</value>
   </values>
  </item>
  <item>
   <tags/>
   <category>'li.3'</category>
   <cell>spm</cell>
   <visited>false</visited>
   <multiplicity>1</multiplicity>
   <comment/>
   <image/>
   <values>
    <value>edge-pair: (121.49,105.345;121.49,105.55)|(121.325,105.55;121.325,105.345)</value>
   </values>
  </item>
  <item>
   <tags/>
   <category>'li.3'</category>
   <cell>spm</cell>
   <visited>false</visited>
   <multiplicity>1</multiplicity>
   <comment/>
   <image/>
   <values>
    <value>edge-pair: (121.395,104.862;121.395,105.005)|(121.32,105.158;121.32,105.015)</value>
   </values>
  </item>
  <item>
   <tags/>
   <category>'li.3'</category>
   <cell>spm</cell>
   <visited>false</visited>
   <multiplicity>1</multiplicity>
   <comment/>
   <image/>
   <values>
    <value>edge-pair: (120.38,104.635;120.38,105.08)|(120.27,105.085;120.27,104.635)</value>
   </values>
  </item>
  <item>
   <tags/>
   <category>'li.3'</category>
   <cell>spm</cell>
   <visited>false</visited>
   <multiplicity>1</multiplicity>
   <comment/>
   <image/>
   <values>
    <value>edge-pair: (120.655,103.955;121.056,103.955)|(120.96,104.095;120.559,104.095)</value>
   </values>
  </item>
  <item>
   <tags/>
   <category>'li.3'</category>
   <cell>spm</cell>
   <visited>false</visited>
   <multiplicity>1</multiplicity>
   <comment/>
   <image/>
   <values>
    <value>edge-pair: (120.485,109.755;120.79,109.755)|(120.79,109.855;120.485,109.855)</value>
   </values>
  </item>
  <item>
   <tags/>
   <category>'li.3'</category>
   <cell>spm</cell>
   <visited>false</visited>
   <multiplicity>1</multiplicity>
   <comment/>
   <image/>
   <values>
    <value>edge-pair: (122.015,105.425;122.015,105.825)|(122,105.994;122,105.425)</value>
   </values>
  </item>
  <item>
   <tags/>
   <category>'li.3'</category>
   <cell>spm</cell>
   <visited>false</visited>
   <multiplicity>1</multiplicity>
   <comment/>
   <image/>
   <values>
    <value>edge-pair: (122.87,104.395;122.87,105.355)|(122.735,105.458;122.735,104.395)</value>
   </values>
  </item>
  <item>
   <tags/>
   <category>'li.3'</category>
   <cell>spm</cell>
   <visited>false</visited>
   <multiplicity>1</multiplicity>
   <comment/>
   <image/>
   <values>
    <value>edge-pair: (122.51,104.605;122.51,105.21)|(122.395,105.085;122.395,104.665)</value>
   </values>
  </item>
  <item>
   <tags/>
   <category>'li.3'</category>
   <cell>spm</cell>
   <visited>false</visited>
   <multiplicity>1</multiplicity>
   <comment/>
   <image/>
   <values>
    <value>edge-pair: (119.89,103.955;119.985,103.955)|(120.095,104.035;120.04,104.035)</value>
   </values>
  </item>
  <item>
   <tags/>
   <category>'li.3'</category>
   <cell>spm</cell>
   <visited>false</visited>
   <multiplicity>1</multiplicity>
   <comment/>
   <image/>
   <values>
    <value>edge-pair: (121.005,110.195;121.005,110.445)|(120.96,110.455;120.96,110.031)</value>
   </values>
  </item>
  <item>
   <tags/>
   <category>'li.3'</category>
   <cell>spm</cell>
   <visited>false</visited>
   <multiplicity>1</multiplicity>
   <comment/>
   <image/>
   <values>
    <value>edge-pair: (120.555,110.99;120.555,111.16)|(120.405,111.24;120.405,110.91)</value>
   </values>
  </item>
  <item>
   <tags/>
   <category>'li.3'</category>
   <cell>spm</cell>
   <visited>false</visited>
   <multiplicity>1</multiplicity>
   <comment/>
   <image/>
   <values>
    <value>edge-pair: (120.514,105.08;120.62,105.08)|(120.761,105.175;120.655,105.175)</value>
   </values>
  </item>
  <item>
   <tags/>
   <category>'li.3'</category>
   <cell>spm</cell>
   <visited>false</visited>
   <multiplicity>1</multiplicity>
   <comment/>
   <image/>
   <values>
    <value>edge-pair: (120.625,103.725;120.625,103.895)|(120.485,103.991;120.485,103.629)</value>
   </values>
  </item>
  <item>
   <tags/>
   <category>'li.3'</category>
   <cell>spm</cell>
   <visited>false</visited>
   <multiplicity>1</multiplicity>
   <comment/>
   <image/>
   <values>
    <value>edge-pair: (120.625,109.165;120.625,109.335)|(120.485,109.431;120.485,109.07)</value>
   </values>
  </item>
  <item>
   <tags/>
   <category>'li.3'</category>
   <cell>spm</cell>
   <visited>false</visited>
   <multiplicity>1</multiplicity>
   <comment/>
   <image/>
   <values>
    <value>edge-pair: (121.3,110.025;121.345,110.025)|(121.489,110.115;121.3,110.115)</value>
   </values>
  </item>
  <item>
   <tags/>
   <category>'li.3'</category>
   <cell>spm</cell>
   <visited>false</visited>
   <multiplicity>1</multiplicity>
   <comment/>
   <image/>
   <values>
    <value>edge-pair: (119.985,103.955;119.985,103.874)|(120.04,104.035;120.04,104.116)</value>
   </values>
  </item>
  <item>
   <tags/>
   <category>'li.3'</category>
   <cell>spm</cell>
   <visited>false</visited>
   <multiplicity>1</multiplicity>
   <comment/>
   <image/>
   <values>
    <value>edge-pair: (120.435,104.315;120.455,104.315)|(120.375,104.465;120.355,104.465)</value>
   </values>
  </item>
  <item>
   <tags/>
   <category>'li.3'</category>
   <cell>spm</cell>
   <visited>false</visited>
   <multiplicity>1</multiplicity>
   <comment/>
   <image/>
   <values>
    <value>edge-pair: (119.685,103.955;119.985,103.955)|(119.87,104.075;119.59,104.075)</value>
   </values>
  </item>
  <item>
   <tags/>
   <category>'li.3'</category>
   <cell>spm</cell>
   <visited>false</visited>
   <multiplicity>1</multiplicity>
   <comment/>
   <image/>
   <values>
    <value>edge-pair: (121.49,110.285;121.49,110.548)|(121.355,110.445;121.355,110.285)</value>
   </values>
  </item>
  <item>
   <tags/>
   <category>'li.3'</category>
   <cell>spm</cell>
   <visited>false</visited>
   <multiplicity>1</multiplicity>
   <comment/>
   <image/>
   <values>
    <value>edge-pair: (121.3,104.635;121.395,104.635)|(121.395,104.675;121.3,104.675)</value>
   </values>
  </item>
  <item>
   <tags/>
   <category>'li.3'</category>
   <cell>spm</cell>
   <visited>false</visited>
   <multiplicity>1</multiplicity>
   <comment/>
   <image/>
   <values>
    <value>edge-pair: (120.96,105.005;121.225,105.005)|(121.32,105.015;120.96,105.015)</value>
   </values>
  </item>
  <item>
   <tags/>
   <category>'li.3'</category>
   <cell>spm</cell>
   <visited>false</visited>
   <multiplicity>1</multiplicity>
   <comment/>
   <image/>
   <values>
    <value>edge-pair: (121.51,104.455;121.71,104.455)|(121.565,104.465;121.34,104.465)</value>
   </values>
  </item>
  <item>
   <tags/>
   <category>'li.3'</category>
   <cell>spm</cell>
   <visited>false</visited>
   <multiplicity>1</multiplicity>
   <comment/>
   <image/>
   <values>
    <value>edge-pair: (121.735,104.665;121.83,104.665)|(121.83,104.675;121.565,104.675)</value>
   </values>
  </item>
  <item>
   <tags/>
   <category>'li.3'</category>
   <cell>spm</cell>
   <visited>false</visited>
   <multiplicity>1</multiplicity>
   <comment/>
   <image/>
   <values>
    <value>edge-pair: (122.595,103.955;122.715,103.955)|(122.845,104.065;122.725,104.065)</value>
   </values>
  </item>
  <item>
   <tags/>
   <category>'li.3'</category>
   <cell>spm</cell>
   <visited>false</visited>
   <multiplicity>1</multiplicity>
   <comment/>
   <image/>
   <values>
    <value>edge-pair: (121.005,110.445;121.355,110.445)|(121.32,110.455;120.96,110.455)</value>
   </values>
  </item>
  <item>
   <tags/>
   <category>'li.3'</category>
   <cell>spm</cell>
   <visited>false</visited>
   <multiplicity>1</multiplicity>
   <comment/>
   <image/>
   <values>
    <value>edge-pair: (122.51,104.605;122.51,104.79)|(122.395,104.665;122.395,104.495)</value>
   </values>
  </item>
  <item>
   <tags/>
   <category>'li.3'</category>
   <cell>spm</cell>
   <visited>false</visited>
   <multiplicity>1</multiplicity>
   <comment/>
   <image/>
   <values>
    <value>edge-pair: (122.715,103.955;122.715,103.895)|(122.725,104.065;122.725,104.125)</value>
   </values>
  </item>
  <item>
   <tags/>
   <category>'li.3'</category>
   <cell>spm</cell>
   <visited>false</visited>
   <multiplicity>1</multiplicity>
   <comment/>
   <image/>
   <values>
    <value>edge-pair: (121.395,104.635;121.395,104.675)|(121.3,104.675;121.3,104.635)</value>
   </values>
  </item>
  <item>
   <tags/>
   <category>'li.3'</category>
   <cell>spm</cell>
   <visited>false</visited>
   <multiplicity>1</multiplicity>
   <comment/>
   <image/>
   <values>
    <value>edge-pair: (121.51,109.565;121.51,109.895)|(121.345,109.936;121.345,109.524)</value>
   </values>
  </item>
  <item>
   <tags/>
   <category>'li.3'</category>
   <cell>spm</cell>
   <visited>false</visited>
   <multiplicity>1</multiplicity>
   <comment/>
   <image/>
   <values>
    <value>edge-pair: (130.235,104.625;130.235,105.145)|(130.125,105.015;130.125,104.755)</value>
   </values>
  </item>
  <item>
   <tags/>
   <category>'li.3'</category>
   <cell>spm</cell>
   <visited>false</visited>
   <multiplicity>1</multiplicity>
   <comment/>
   <image/>
   <values>
    <value>edge-pair: (130.585,104.25;130.585,104.685)|(130.505,104.835;130.505,104.4)</value>
   </values>
  </item>
  <item>
   <tags/>
   <category>'li.3'</category>
   <cell>spm</cell>
   <visited>false</visited>
   <multiplicity>1</multiplicity>
   <comment/>
   <image/>
   <values>
    <value>edge-pair: (131.135,105.025;131.135,105.475)|(131.015,105.355;131.015,105.025)</value>
   </values>
  </item>
  <item>
   <tags/>
   <category>'li.3'</category>
   <cell>spm</cell>
   <visited>false</visited>
   <multiplicity>1</multiplicity>
   <comment/>
   <image/>
   <values>
    <value>edge-pair: (130.585,104.685;130.745,104.685)|(130.665,104.835;130.505,104.835)</value>
   </values>
  </item>
  <item>
   <tags/>
   <category>'li.3'</category>
   <cell>spm</cell>
   <visited>false</visited>
   <multiplicity>1</multiplicity>
   <comment/>
   <image/>
   <values>
    <value>edge-pair: (129.605,104.685;129.62,104.685)|(129.775,104.755;129.76,104.755)</value>
   </values>
  </item>
  <item>
   <tags/>
   <category>'li.3'</category>
   <cell>spm</cell>
   <visited>false</visited>
   <multiplicity>1</multiplicity>
   <comment/>
   <image/>
   <values>
    <value>edge-pair: (129.13,105.535;129.13,105.71)|(129.115,105.879;129.115,105.555)</value>
   </values>
  </item>
  <item>
   <tags/>
   <category>'li.3'</category>
   <cell>spm</cell>
   <visited>false</visited>
   <multiplicity>1</multiplicity>
   <comment/>
   <image/>
   <values>
    <value>edge-pair: (129.295,104.57;129.295,104.765)|(129.145,104.685;129.145,104.49)</value>
   </values>
  </item>
  <item>
   <tags/>
   <category>'li.3'</category>
   <cell>spm</cell>
   <visited>false</visited>
   <multiplicity>1</multiplicity>
   <comment/>
   <image/>
   <values>
    <value>edge-pair: (129.655,105.185;129.655,105.982)|(129.625,105.815;129.625,105.018)</value>
   </values>
  </item>
  <item>
   <tags/>
   <category>'li.3'</category>
   <cell>spm</cell>
   <visited>false</visited>
   <multiplicity>1</multiplicity>
   <comment/>
   <image/>
   <values>
    <value>edge-pair: (128.745,104.685;129.145,104.685)|(129.125,104.755;128.9,104.755)</value>
   </values>
  </item>
  <item>
   <tags/>
   <category>'li.3'</category>
   <cell>spm</cell>
   <visited>false</visited>
   <multiplicity>1</multiplicity>
   <comment/>
   <image/>
   <values>
    <value>edge-pair: (129.675,104.194;129.675,104.225)|(129.62,104.386;129.62,104.355)</value>
   </values>
  </item>
  <item>
   <tags/>
   <category>'li.3'</category>
   <cell>spm</cell>
   <visited>false</visited>
   <multiplicity>1</multiplicity>
   <comment/>
   <image/>
   <values>
    <value>edge-pair: (130.455,103.955;130.455,104.23)|(130.415,104.395;130.415,103.955)</value>
   </values>
  </item>
  <item>
   <tags/>
   <category>'li.3'</category>
   <cell>spm</cell>
   <visited>false</visited>
   <multiplicity>1</multiplicity>
   <comment/>
   <image/>
   <values>
    <value>edge-pair: (129.76,104.782;129.76,105.015)|(129.625,105.118;129.625,104.885)</value>
   </values>
  </item>
  <item>
   <tags/>
   <category>'li.3'</category>
   <cell>spm</cell>
   <visited>false</visited>
   <multiplicity>1</multiplicity>
   <comment/>
   <image/>
   <values>
    <value>edge-pair: (129.675,104.225;129.73,104.225)|(129.62,104.355;129.565,104.355)</value>
   </values>
  </item>
  <item>
   <tags/>
   <category>'li.3'</category>
   <cell>spm</cell>
   <visited>false</visited>
   <multiplicity>1</multiplicity>
   <comment/>
   <image/>
   <values>
    <value>edge-pair: (129.675,103.445;129.675,104.225)|(129.625,104.175;129.625,103.445)</value>
   </values>
  </item>
  <item>
   <tags/>
   <category>'li.3'</category>
   <cell>spm</cell>
   <visited>false</visited>
   <multiplicity>1</multiplicity>
   <comment/>
   <image/>
   <values>
    <value>edge-pair: (130.565,105.025;130.835,105.025)|(130.835,105.185;130.565,105.185)</value>
   </values>
  </item>
  <item>
   <tags/>
   <category>'li.3'</category>
   <cell>spm</cell>
   <visited>false</visited>
   <multiplicity>1</multiplicity>
   <comment/>
   <image/>
   <values>
    <value>edge-pair: (129.83,104.685;130.05,104.685)|(130.125,104.755;129.76,104.755)</value>
   </values>
  </item>
  <item>
   <tags/>
   <category>'li.3'</category>
   <cell>spm</cell>
   <visited>false</visited>
   <multiplicity>1</multiplicity>
   <comment/>
   <image/>
   <values>
    <value>edge-pair: (131.165,104.355;131.165,104.685)|(131.015,104.765;131.015,104.275)</value>
   </values>
  </item>
  <item>
   <tags/>
   <category>'li.3'</category>
   <cell>spm</cell>
   <visited>false</visited>
   <multiplicity>1</multiplicity>
   <comment/>
   <image/>
   <values>
    <value>edge-pair: (129.05,105.385;129.295,105.385)|(129.295,105.535;129.13,105.535)</value>
   </values>
  </item>
  <item>
   <tags/>
   <category>'li.3'</category>
   <cell>spm</cell>
   <visited>false</visited>
   <multiplicity>1</multiplicity>
   <comment/>
   <image/>
   <values>
    <value>edge-pair: (131.135,103.955;131.135,104.185)|(131.015,104.305;131.015,103.955)</value>
   </values>
  </item>
  <item>
   <tags/>
   <category>'li.3'</category>
   <cell>spm</cell>
   <visited>false</visited>
   <multiplicity>1</multiplicity>
   <comment/>
   <image/>
   <values>
    <value>edge-pair: (129.62,104.685;129.62,104.659)|(129.76,104.755;129.76,104.781)</value>
   </values>
  </item>
  <item>
   <tags/>
   <category>'li.3'</category>
   <cell>spm</cell>
   <visited>false</visited>
   <multiplicity>1</multiplicity>
   <comment/>
   <image/>
   <values>
    <value>edge-pair: (129.215,104.175;129.215,104.57)|(129.145,104.685;129.145,104.02)</value>
   </values>
  </item>
  <item>
   <tags/>
   <category>'li.3'</category>
   <cell>spm</cell>
   <visited>false</visited>
   <multiplicity>1</multiplicity>
   <comment/>
   <image/>
   <values>
    <value>edge-pair: (141.785,120.735;141.785,121.108)|(141.65,121.005;141.65,120.735)</value>
   </values>
  </item>
  <item>
   <tags/>
   <category>'li.3'</category>
   <cell>spm</cell>
   <visited>false</visited>
   <multiplicity>1</multiplicity>
   <comment/>
   <image/>
   <values>
    <value>edge-pair: (141.305,121.858;141.305,122.315)|(141.145,122.315;141.145,121.915)</value>
   </values>
  </item>
  <item>
   <tags/>
   <category>'li.3'</category>
   <cell>spm</cell>
   <visited>false</visited>
   <multiplicity>1</multiplicity>
   <comment/>
   <image/>
   <values>
    <value>edge-pair: (141.755,121.479;141.755,121.841)|(141.615,121.745;141.615,121.575)</value>
   </values>
  </item>
  <item>
   <tags/>
   <category>'li.3'</category>
   <cell>spm</cell>
   <visited>false</visited>
   <multiplicity>1</multiplicity>
   <comment/>
   <image/>
   <values>
    <value>edge-pair: (141.735,119.765;141.735,120.565)|(141.615,120.565;141.615,119.765)</value>
   </values>
  </item>
  <item>
   <tags/>
   <category>'li.3'</category>
   <cell>spm</cell>
   <visited>false</visited>
   <multiplicity>1</multiplicity>
   <comment/>
   <image/>
   <values>
    <value>edge-pair: (141.755,121.165;141.755,121.841)|(141.615,121.745;141.615,121.069)</value>
   </values>
  </item>
  <item>
   <tags/>
   <category>'li.3'</category>
   <cell>spm</cell>
   <visited>false</visited>
   <multiplicity>1</multiplicity>
   <comment/>
   <image/>
   <values>
    <value>edge-pair: (142.16,120.755;142.16,121.005)|(142.055,121.139;142.055,120.735)</value>
   </values>
  </item>
  <item>
   <tags/>
   <category>'li.3'</category>
   <cell>spm</cell>
   <visited>false</visited>
   <multiplicity>1</multiplicity>
   <comment/>
   <image/>
   <values>
    <value>edge-pair: (141.305,121.175;141.305,121.572)|(141.275,121.405;141.275,121.075)</value>
   </values>
  </item>
  <item>
   <tags/>
   <category>'li.3'</category>
   <cell>spm</cell>
   <visited>false</visited>
   <multiplicity>1</multiplicity>
   <comment/>
   <image/>
   <values>
    <value>edge-pair: (141.755,121.165;141.755,121.671)|(141.615,121.575;141.615,121.069)</value>
   </values>
  </item>
  <item>
   <tags/>
   <category>'li.3'</category>
   <cell>spm</cell>
   <visited>false</visited>
   <multiplicity>1</multiplicity>
   <comment/>
   <image/>
   <values>
    <value>edge-pair: (141.655,121.915;141.655,122.315)|(141.585,122.315;141.585,121.76)</value>
   </values>
  </item>
  <item>
   <tags/>
   <category>'li.3'</category>
   <cell>spm</cell>
   <visited>false</visited>
   <multiplicity>1</multiplicity>
   <comment/>
   <image/>
   <values>
    <value>edge-pair: (141.315,121.005;141.43,121.005)|(141.275,121.075;141.16,121.075)</value>
   </values>
  </item>
  <item>
   <tags/>
   <category>'li.3'</category>
   <cell>spm</cell>
   <visited>false</visited>
   <multiplicity>1</multiplicity>
   <comment/>
   <image/>
   <values>
    <value>edge-pair: (141.315,120.91;141.315,121.005)|(141.275,121.17;141.275,121.075)</value>
   </values>
  </item>
  <item>
   <tags/>
   <category>'li.3'</category>
   <cell>spm</cell>
   <visited>false</visited>
   <multiplicity>1</multiplicity>
   <comment/>
   <image/>
   <values>
    <value>edge-pair: (136.25,116.095;136.25,116.794)|(136.16,116.65;136.16,116.135)</value>
   </values>
  </item>
  <item>
   <tags/>
   <category>'li.3'</category>
   <cell>spm</cell>
   <visited>false</visited>
   <multiplicity>1</multiplicity>
   <comment/>
   <image/>
   <values>
    <value>edge-pair: (137.47,115.565;138.045,115.565)|(137.94,115.635;137.625,115.635)</value>
   </values>
  </item>
  <item>
   <tags/>
   <category>'li.3'</category>
   <cell>spm</cell>
   <visited>false</visited>
   <multiplicity>1</multiplicity>
   <comment/>
   <image/>
   <values>
    <value>edge-pair: (135.38,115.965;135.392,115.965)|(135.255,116.065;135.243,116.065)</value>
   </values>
  </item>
  <item>
   <tags/>
   <category>'li.3'</category>
   <cell>spm</cell>
   <visited>false</visited>
   <multiplicity>1</multiplicity>
   <comment/>
   <image/>
   <values>
    <value>edge-pair: (139.31,121.075;139.31,121.309)|(139.295,121.14;139.295,120.906)</value>
   </values>
  </item>
  <item>
   <tags/>
   <category>'li.3'</category>
   <cell>spm</cell>
   <visited>false</visited>
   <multiplicity>1</multiplicity>
   <comment/>
   <image/>
   <values>
    <value>edge-pair: (139.31,121.327;139.31,121.405)|(139.235,121.558;139.235,121.48)</value>
   </values>
  </item>
  <item>
   <tags/>
   <category>'li.3'</category>
   <cell>spm</cell>
   <visited>false</visited>
   <multiplicity>1</multiplicity>
   <comment/>
   <image/>
   <values>
    <value>edge-pair: (138.965,121.31;138.965,121.755)|(138.81,121.825;138.81,121.31)</value>
   </values>
  </item>
  <item>
   <tags/>
   <category>'li.3'</category>
   <cell>spm</cell>
   <visited>false</visited>
   <multiplicity>1</multiplicity>
   <comment/>
   <image/>
   <values>
    <value>edge-pair: (138.83,120.575;139.015,120.575)|(139.015,120.715;138.83,120.715)</value>
   </values>
  </item>
  <item>
   <tags/>
   <category>'li.3'</category>
   <cell>spm</cell>
   <visited>false</visited>
   <multiplicity>1</multiplicity>
   <comment/>
   <image/>
   <values>
    <value>edge-pair: (135.745,116.365;135.745,116.705)|(135.615,116.815;135.615,116.475)</value>
   </values>
  </item>
  <item>
   <tags/>
   <category>'li.3'</category>
   <cell>spm</cell>
   <visited>false</visited>
   <multiplicity>1</multiplicity>
   <comment/>
   <image/>
   <values>
    <value>edge-pair: (134.865,115.195;134.865,115.59)|(134.75,115.465;134.75,115.07)</value>
   </values>
  </item>
  <item>
   <tags/>
   <category>'li.3'</category>
   <cell>spm</cell>
   <visited>false</visited>
   <multiplicity>1</multiplicity>
   <comment/>
   <image/>
   <values>
    <value>edge-pair: (138.035,121.41;138.035,121.333)|(138.12,121.48;138.12,121.557)</value>
   </values>
  </item>
  <item>
   <tags/>
   <category>'li.3'</category>
   <cell>spm</cell>
   <visited>false</visited>
   <multiplicity>1</multiplicity>
   <comment/>
   <image/>
   <values>
    <value>edge-pair: (138.98,121.775;138.98,122.315)|(138.9,122.315;138.9,121.925)</value>
   </values>
  </item>
  <item>
   <tags/>
   <category>'li.3'</category>
   <cell>spm</cell>
   <visited>false</visited>
   <multiplicity>1</multiplicity>
   <comment/>
   <image/>
   <values>
    <value>edge-pair: (134.85,115.965;135.19,115.965)|(135.255,116.065;134.925,116.065)</value>
   </values>
  </item>
  <item>
   <tags/>
   <category>'li.3'</category>
   <cell>spm</cell>
   <visited>false</visited>
   <multiplicity>1</multiplicity>
   <comment/>
   <image/>
   <values>
    <value>edge-pair: (137.635,114.325;137.635,114.782)|(137.475,114.725;137.475,114.325)</value>
   </values>
  </item>
  <item>
   <tags/>
   <category>'li.3'</category>
   <cell>spm</cell>
   <visited>false</visited>
   <multiplicity>1</multiplicity>
   <comment/>
   <image/>
   <values>
    <value>edge-pair: (137.985,114.325;137.985,114.725)|(137.93,114.886;137.93,114.325)</value>
   </values>
  </item>
  <item>
   <tags/>
   <category>'li.3'</category>
   <cell>spm</cell>
   <visited>false</visited>
   <multiplicity>1</multiplicity>
   <comment/>
   <image/>
   <values>
    <value>edge-pair: (135.785,115.58;135.785,115.474)|(135.84,115.635;135.84,115.741)</value>
   </values>
  </item>
  <item>
   <tags/>
   <category>'li.3'</category>
   <cell>spm</cell>
   <visited>false</visited>
   <multiplicity>1</multiplicity>
   <comment/>
   <image/>
   <values>
    <value>edge-pair: (135.785,115.58;135.785,115.524)|(135.84,115.685;135.84,115.741)</value>
   </values>
  </item>
  <item>
   <tags/>
   <category>'li.3'</category>
   <cell>spm</cell>
   <visited>false</visited>
   <multiplicity>1</multiplicity>
   <comment/>
   <image/>
   <values>
    <value>edge-pair: (135.785,114.665;135.785,114.8)|(135.66,114.685;135.66,114.665)</value>
   </values>
  </item>
  <item>
   <tags/>
   <category>'li.3'</category>
   <cell>spm</cell>
   <visited>false</visited>
   <multiplicity>1</multiplicity>
   <comment/>
   <image/>
   <values>
    <value>edge-pair: (137.635,115.135;137.93,115.135)|(138.045,115.235;137.498,115.235)</value>
   </values>
  </item>
  <item>
   <tags/>
   <category>'li.3'</category>
   <cell>spm</cell>
   <visited>false</visited>
   <multiplicity>1</multiplicity>
   <comment/>
   <image/>
   <values>
    <value>edge-pair: (136.295,115.595;136.295,115.925)|(136.24,115.965;136.24,115.635)</value>
   </values>
  </item>
  <item>
   <tags/>
   <category>'li.3'</category>
   <cell>spm</cell>
   <visited>false</visited>
   <multiplicity>1</multiplicity>
   <comment/>
   <image/>
   <values>
    <value>edge-pair: (137.965,121.41;138.035,121.41)|(138.19,121.48;138.12,121.48)</value>
   </values>
  </item>
  <item>
   <tags/>
   <category>'li.3'</category>
   <cell>spm</cell>
   <visited>false</visited>
   <multiplicity>1</multiplicity>
   <comment/>
   <image/>
   <values>
    <value>edge-pair: (135.38,115.95;135.38,115.965)|(135.255,116.08;135.255,116.065)</value>
   </values>
  </item>
  <item>
   <tags/>
   <category>'li.3'</category>
   <cell>spm</cell>
   <visited>false</visited>
   <multiplicity>1</multiplicity>
   <comment/>
   <image/>
   <values>
    <value>edge-pair: (134.9,114.665;134.9,115.025)|(134.75,115.105;134.75,114.665)</value>
   </values>
  </item>
  <item>
   <tags/>
   <category>'li.3'</category>
   <cell>spm</cell>
   <visited>false</visited>
   <multiplicity>1</multiplicity>
   <comment/>
   <image/>
   <values>
    <value>edge-pair: (138.11,115.078;138.11,115.722)|(138.045,115.565;138.045,115.235)</value>
   </values>
  </item>
  <item>
   <tags/>
   <category>'li.3'</category>
   <cell>spm</cell>
   <visited>false</visited>
   <multiplicity>1</multiplicity>
   <comment/>
   <image/>
   <values>
    <value>edge-pair: (138.97,115.885;138.97,116.695)|(138.83,116.705;138.83,115.885)</value>
   </values>
  </item>
  <item>
   <tags/>
   <category>'li.3'</category>
   <cell>spm</cell>
   <visited>false</visited>
   <multiplicity>1</multiplicity>
   <comment/>
   <image/>
   <values>
    <value>edge-pair: (135.615,115.58;135.785,115.58)|(135.67,115.635;135.615,115.635)</value>
   </values>
  </item>
  <item>
   <tags/>
   <category>'li.3'</category>
   <cell>spm</cell>
   <visited>false</visited>
   <multiplicity>1</multiplicity>
   <comment/>
   <image/>
   <values>
    <value>edge-pair: (138.385,115.565;138.49,115.565)|(138.645,115.635;138.385,115.635)</value>
   </values>
  </item>
  <item>
   <tags/>
   <category>'li.3'</category>
   <cell>spm</cell>
   <visited>false</visited>
   <multiplicity>1</multiplicity>
   <comment/>
   <image/>
   <values>
    <value>edge-pair: (138.965,120.905;138.965,121.09)|(138.845,120.97;138.845,120.905)</value>
   </values>
  </item>
  <item>
   <tags/>
   <category>'li.3'</category>
   <cell>spm</cell>
   <visited>false</visited>
   <multiplicity>1</multiplicity>
   <comment/>
   <image/>
   <values>
    <value>edge-pair: (136.705,115.565;137.05,115.565)|(136.995,115.635;136.75,115.635)</value>
   </values>
  </item>
  <item>
   <tags/>
   <category>'li.3'</category>
   <cell>spm</cell>
   <visited>false</visited>
   <multiplicity>1</multiplicity>
   <comment/>
   <image/>
   <values>
    <value>edge-pair: (138.53,114.325;138.53,114.766)|(138.365,114.725;138.365,114.325)</value>
   </values>
  </item>
  <item>
   <tags/>
   <category>'li.3'</category>
   <cell>spm</cell>
   <visited>false</visited>
   <multiplicity>1</multiplicity>
   <comment/>
   <image/>
   <values>
    <value>edge-pair: (137.695,121.14;137.695,121.769)|(137.635,121.61;137.635,121.185)</value>
   </values>
  </item>
  <item>
   <tags/>
   <category>'li.3'</category>
   <cell>spm</cell>
   <visited>false</visited>
   <multiplicity>1</multiplicity>
   <comment/>
   <image/>
   <values>
    <value>edge-pair: (135.745,115.75;135.745,116.118)|(135.67,115.965;135.67,115.635)</value>
   </values>
  </item>
  <item>
   <tags/>
   <category>'li.3'</category>
   <cell>spm</cell>
   <visited>false</visited>
   <multiplicity>1</multiplicity>
   <comment/>
   <image/>
   <values>
    <value>edge-pair: (138.96,119.835;138.96,120.235)|(138.83,120.345;138.83,119.945)</value>
   </values>
  </item>
  <item>
   <tags/>
   <category>'li.3'</category>
   <cell>spm</cell>
   <visited>false</visited>
   <multiplicity>1</multiplicity>
   <comment/>
   <image/>
   <values>
    <value>edge-pair: (136.14,115.965;136.24,115.965)|(136.35,116.095;136.25,116.095)</value>
   </values>
  </item>
  <item>
   <tags/>
   <category>'li.3'</category>
   <cell>spm</cell>
   <visited>false</visited>
   <multiplicity>1</multiplicity>
   <comment/>
   <image/>
   <values>
    <value>edge-pair: (138.555,119.945;138.555,120.347)|(138.395,120.29;138.395,119.888)</value>
   </values>
  </item>
  <item>
   <tags/>
   <category>'li.3'</category>
   <cell>spm</cell>
   <visited>false</visited>
   <multiplicity>1</multiplicity>
   <comment/>
   <image/>
   <values>
    <value>edge-pair: (138.421,120.97;138.845,120.97)|(138.795,121.075;138.555,121.075)</value>
   </values>
  </item>
  <item>
   <tags/>
   <category>'li.3'</category>
   <cell>spm</cell>
   <visited>false</visited>
   <multiplicity>1</multiplicity>
   <comment/>
   <image/>
   <values>
    <value>edge-pair: (136.725,115.735;136.725,116.135)|(136.58,116.135;136.58,115.646)</value>
   </values>
  </item>
  <item>
   <tags/>
   <category>'li.3'</category>
   <cell>spm</cell>
   <visited>false</visited>
   <multiplicity>1</multiplicity>
   <comment/>
   <image/>
   <values>
    <value>edge-pair: (136.705,115.465;136.705,115.565)|(136.58,115.68;136.58,115.465)</value>
   </values>
  </item>
  <item>
   <tags/>
   <category>'li.3'</category>
   <cell>spm</cell>
   <visited>false</visited>
   <multiplicity>1</multiplicity>
   <comment/>
   <image/>
   <values>
    <value>edge-pair: (138.97,114.559;138.97,115.635)|(138.83,115.635;138.83,114.655)</value>
   </values>
  </item>
  <item>
   <tags/>
   <category>'li.3'</category>
   <cell>spm</cell>
   <visited>false</visited>
   <multiplicity>1</multiplicity>
   <comment/>
   <image/>
   <values>
    <value>edge-pair: (139.31,120.545;139.31,120.875)|(139.295,121.044;139.295,120.545)</value>
   </values>
  </item>
  <item>
   <tags/>
   <category>'li.3'</category>
   <cell>spm</cell>
   <visited>false</visited>
   <multiplicity>1</multiplicity>
   <comment/>
   <image/>
   <values>
    <value>edge-pair: (138.1,120.635;138.205,120.635)|(138.205,120.745;137.97,120.745)</value>
   </values>
  </item>
  <item>
   <tags/>
   <category>'li.3'</category>
   <cell>spm</cell>
   <visited>false</visited>
   <multiplicity>1</multiplicity>
   <comment/>
   <image/>
   <values>
    <value>edge-pair: (136.185,115.465;136.41,115.465)|(136.41,115.595;136.295,115.595)</value>
   </values>
  </item>
  <item>
   <tags/>
   <category>'li.3'</category>
   <cell>spm</cell>
   <visited>false</visited>
   <multiplicity>1</multiplicity>
   <comment/>
   <image/>
   <values>
    <value>edge-pair: (136.24,115.965;136.24,115.925)|(136.25,116.095;136.25,116.135)</value>
   </values>
  </item>
  <item>
   <tags/>
   <category>'li.3'</category>
   <cell>spm</cell>
   <visited>false</visited>
   <multiplicity>1</multiplicity>
   <comment/>
   <image/>
   <values>
    <value>edge-pair: (139.31,121.405;139.388,121.405)|(139.235,121.48;139.157,121.48)</value>
   </values>
  </item>
  <item>
   <tags/>
   <category>'li.3'</category>
   <cell>spm</cell>
   <visited>false</visited>
   <multiplicity>1</multiplicity>
   <comment/>
   <image/>
   <values>
    <value>edge-pair: (139.31,121.075;139.31,121.405)|(139.295,121.31;139.295,121.14)</value>
   </values>
  </item>
  <item>
   <tags/>
   <category>'li.3'</category>
   <cell>spm</cell>
   <visited>false</visited>
   <multiplicity>1</multiplicity>
   <comment/>
   <image/>
   <values>
    <value>edge-pair: (138.115,121.665;138.115,122.145)|(137.95,122.115;137.95,121.624)</value>
   </values>
  </item>
  <item>
   <tags/>
   <category>'li.3'</category>
   <cell>spm</cell>
   <visited>false</visited>
   <multiplicity>1</multiplicity>
   <comment/>
   <image/>
   <values>
    <value>edge-pair: (138.53,115.07;138.53,115.135)|(138.49,115.3;138.49,115.235)</value>
   </values>
  </item>
  <item>
   <tags/>
   <category>'li.3'</category>
   <cell>spm</cell>
   <visited>false</visited>
   <multiplicity>1</multiplicity>
   <comment/>
   <image/>
   <values>
    <value>edge-pair: (136.235,114.52;136.235,115.195)|(136.115,115.195;136.115,114.495)</value>
   </values>
  </item>
  <item>
   <tags/>
   <category>'li.3'</category>
   <cell>spm</cell>
   <visited>false</visited>
   <multiplicity>1</multiplicity>
   <comment/>
   <image/>
   <values>
    <value>edge-pair: (138.53,115.135;138.627,115.135)|(138.49,115.235;138.393,115.235)</value>
   </values>
  </item>
  <item>
   <tags/>
   <category>'li.3'</category>
   <cell>spm</cell>
   <visited>false</visited>
   <multiplicity>1</multiplicity>
   <comment/>
   <image/>
   <values>
    <value>edge-pair: (138.065,116.075;138.065,116.31)|(137.94,116.195;137.94,115.96)</value>
   </values>
  </item>
  <item>
   <tags/>
   <category>'li.3'</category>
   <cell>spm</cell>
   <visited>false</visited>
   <multiplicity>1</multiplicity>
   <comment/>
   <image/>
   <values>
    <value>edge-pair: (139.31,121.075;139.31,121.405)|(139.295,121.31;139.295,120.906)</value>
   </values>
  </item>
  <item>
   <tags/>
   <category>'li.3'</category>
   <cell>spm</cell>
   <visited>false</visited>
   <multiplicity>1</multiplicity>
   <comment/>
   <image/>
   <values>
    <value>edge-pair: (138.53,114.806;138.53,115.135)|(138.385,115.224;138.385,114.895)</value>
   </values>
  </item>
  <item>
   <tags/>
   <category>'li.3'</category>
   <cell>spm</cell>
   <visited>false</visited>
   <multiplicity>1</multiplicity>
   <comment/>
   <image/>
   <values>
    <value>edge-pair: (138.065,116.262;138.065,116.875)|(137.93,116.875;137.93,116.365)</value>
   </values>
  </item>
  <item>
   <tags/>
   <category>'li.3'</category>
   <cell>spm</cell>
   <visited>false</visited>
   <multiplicity>1</multiplicity>
   <comment/>
   <image/>
   <values>
    <value>edge-pair: (137.145,114.415;137.145,114.725)|(136.995,114.805;136.995,114.495)</value>
   </values>
  </item>
  <item>
   <tags/>
   <category>'li.3'</category>
   <cell>spm</cell>
   <visited>false</visited>
   <multiplicity>1</multiplicity>
   <comment/>
   <image/>
   <values>
    <value>edge-pair: (137.58,121.015;137.805,121.015)|(137.805,121.14;137.695,121.14)</value>
   </values>
  </item>
  <item>
   <tags/>
   <category>'li.3'</category>
   <cell>spm</cell>
   <visited>false</visited>
   <multiplicity>1</multiplicity>
   <comment/>
   <image/>
   <values>
    <value>edge-pair: (135.679,115.58;135.785,115.58)|(135.946,115.635;135.84,115.635)</value>
   </values>
  </item>
  <item>
   <tags/>
   <category>'li.3'</category>
   <cell>spm</cell>
   <visited>false</visited>
   <multiplicity>1</multiplicity>
   <comment/>
   <image/>
   <values>
    <value>edge-pair: (136.57,109.055;136.57,109.395)|(136.545,109.265;136.545,108.887)</value>
   </values>
  </item>
  <item>
   <tags/>
   <category>'li.3'</category>
   <cell>spm</cell>
   <visited>false</visited>
   <multiplicity>1</multiplicity>
   <comment/>
   <image/>
   <values>
    <value>edge-pair: (137.745,109.755;137.745,110.71)|(137.69,110.71;137.69,109.755)</value>
   </values>
  </item>
  <item>
   <tags/>
   <category>'li.3'</category>
   <cell>spm</cell>
   <visited>false</visited>
   <multiplicity>1</multiplicity>
   <comment/>
   <image/>
   <values>
    <value>edge-pair: (136.57,109.268;136.57,109.395)|(136.54,109.562;136.54,109.435)</value>
   </values>
  </item>
  <item>
   <tags/>
   <category>'li.3'</category>
   <cell>spm</cell>
   <visited>false</visited>
   <multiplicity>1</multiplicity>
   <comment/>
   <image/>
   <values>
    <value>edge-pair: (136.31,110.179;136.31,110.595)|(136.17,110.525;136.17,110.275)</value>
   </values>
  </item>
  <item>
   <tags/>
   <category>'li.3'</category>
   <cell>spm</cell>
   <visited>false</visited>
   <multiplicity>1</multiplicity>
   <comment/>
   <image/>
   <values>
    <value>edge-pair: (137.52,109.475;137.52,109.925)|(137.47,109.925;137.47,109.63)</value>
   </values>
  </item>
  <item>
   <tags/>
   <category>'li.3'</category>
   <cell>spm</cell>
   <visited>false</visited>
   <multiplicity>1</multiplicity>
   <comment/>
   <image/>
   <values>
    <value>edge-pair: (138.035,110.99;138.035,111.16)|(137.915,111.265;137.915,110.87)</value>
   </values>
  </item>
  <item>
   <tags/>
   <category>'li.3'</category>
   <cell>spm</cell>
   <visited>false</visited>
   <multiplicity>1</multiplicity>
   <comment/>
   <image/>
   <values>
    <value>edge-pair: (137.575,109.165;137.575,109.475)|(137.43,109.43;137.43,109.076)</value>
   </values>
  </item>
  <item>
   <tags/>
   <category>'li.3'</category>
   <cell>spm</cell>
   <visited>false</visited>
   <multiplicity>1</multiplicity>
   <comment/>
   <image/>
   <values>
    <value>edge-pair: (135.72,110.525;136.17,110.525)|(136.31,110.595;135.875,110.595)</value>
   </values>
  </item>
  <item>
   <tags/>
   <category>'li.3'</category>
   <cell>spm</cell>
   <visited>false</visited>
   <multiplicity>1</multiplicity>
   <comment/>
   <image/>
   <values>
    <value>edge-pair: (136.205,109.755;136.309,109.755)|(136.14,109.775;136.036,109.775)</value>
   </values>
  </item>
  <item>
   <tags/>
   <category>'li.3'</category>
   <cell>spm</cell>
   <visited>false</visited>
   <multiplicity>1</multiplicity>
   <comment/>
   <image/>
   <values>
    <value>edge-pair: (137.575,110.84;137.575,111.265)|(137.485,111.409;137.485,110.975)</value>
   </values>
  </item>
  <item>
   <tags/>
   <category>'li.3'</category>
   <cell>spm</cell>
   <visited>false</visited>
   <multiplicity>1</multiplicity>
   <comment/>
   <image/>
   <values>
    <value>edge-pair: (136.045,109.39;136.205,109.39)|(136.205,109.435;136.045,109.435)</value>
   </values>
  </item>
  <item>
   <tags/>
   <category>'li.3'</category>
   <cell>spm</cell>
   <visited>false</visited>
   <multiplicity>1</multiplicity>
   <comment/>
   <image/>
   <values>
    <value>edge-pair: (136.205,109.618;136.205,109.755)|(136.14,109.912;136.14,109.775)</value>
   </values>
  </item>
  <item>
   <tags/>
   <category>'li.3'</category>
   <cell>spm</cell>
   <visited>false</visited>
   <multiplicity>1</multiplicity>
   <comment/>
   <image/>
   <values>
    <value>edge-pair: (136.205,109.39;136.205,109.435)|(136.045,109.435;136.045,109.39)</value>
   </values>
  </item>
  <item>
   <tags/>
   <category>'li.3'</category>
   <cell>spm</cell>
   <visited>false</visited>
   <multiplicity>1</multiplicity>
   <comment/>
   <image/>
   <values>
    <value>edge-pair: (137.52,110.84;137.575,110.84)|(137.485,110.975;137.417,110.975)</value>
   </values>
  </item>
  <item>
   <tags/>
   <category>'li.3'</category>
   <cell>spm</cell>
   <visited>false</visited>
   <multiplicity>1</multiplicity>
   <comment/>
   <image/>
   <values>
    <value>edge-pair: (136.57,109.395;136.705,109.395)|(136.54,109.435;136.405,109.435)</value>
   </values>
  </item>
  <item>
   <tags/>
   <category>'li.3'</category>
   <cell>spm</cell>
   <visited>false</visited>
   <multiplicity>1</multiplicity>
   <comment/>
   <image/>
   <values>
    <value>edge-pair: (136.95,109.395;137.045,109.395)|(137.165,109.515;137.07,109.515)</value>
   </values>
  </item>
  <item>
   <tags/>
   <category>'li.3'</category>
   <cell>spm</cell>
   <visited>false</visited>
   <multiplicity>1</multiplicity>
   <comment/>
   <image/>
   <values>
    <value>edge-pair: (137.52,110.809;137.52,110.84)|(137.485,111.006;137.485,110.975)</value>
   </values>
  </item>
  <item>
   <tags/>
   <category>'li.3'</category>
   <cell>spm</cell>
   <visited>false</visited>
   <multiplicity>1</multiplicity>
   <comment/>
   <image/>
   <values>
    <value>edge-pair: (137.155,108.925;137.155,109.345)|(137.045,109.395;137.045,109.055)</value>
   </values>
  </item>
  <item>
   <tags/>
   <category>'li.3'</category>
   <cell>spm</cell>
   <visited>false</visited>
   <multiplicity>1</multiplicity>
   <comment/>
   <image/>
   <values>
    <value>edge-pair: (137.215,109.43;137.43,109.43)|(137.35,109.515;137.07,109.515)</value>
   </values>
  </item>
  <item>
   <tags/>
   <category>'li.3'</category>
   <cell>spm</cell>
   <visited>false</visited>
   <multiplicity>1</multiplicity>
   <comment/>
   <image/>
   <values>
    <value>edge-pair: (137.356,109.43;137.43,109.43)|(137.575,109.475;137.52,109.475)</value>
   </values>
  </item>
  <item>
   <tags/>
   <category>'li.3'</category>
   <cell>spm</cell>
   <visited>false</visited>
   <multiplicity>1</multiplicity>
   <comment/>
   <image/>
   <values>
    <value>edge-pair: (136.715,110.095;136.715,111.265)|(136.595,111.215;136.595,110.095)</value>
   </values>
  </item>
  <item>
   <tags/>
   <category>'li.3'</category>
   <cell>spm</cell>
   <visited>false</visited>
   <multiplicity>1</multiplicity>
   <comment/>
   <image/>
   <values>
    <value>edge-pair: (137.43,109.43;137.43,109.331)|(137.52,109.475;137.52,109.574)</value>
   </values>
  </item>
  <item>
   <tags/>
   <category>'li.3'</category>
   <cell>spm</cell>
   <visited>false</visited>
   <multiplicity>1</multiplicity>
   <comment/>
   <image/>
   <values>
    <value>edge-pair: (137.045,109.395;137.045,109.347)|(137.07,109.515;137.07,109.563)</value>
   </values>
  </item>
  <item>
   <tags/>
   <category>'li.3'</category>
   <cell>spm</cell>
   <visited>false</visited>
   <multiplicity>1</multiplicity>
   <comment/>
   <image/>
   <values>
    <value>edge-pair: (147.335,109.705;147.505,109.705)|(147.585,109.855;147.255,109.855)</value>
   </values>
  </item>
  <item>
   <tags/>
   <category>'li.3'</category>
   <cell>spm</cell>
   <visited>false</visited>
   <multiplicity>1</multiplicity>
   <comment/>
   <image/>
   <values>
    <value>edge-pair: (144.835,110.625;144.835,111.435)|(144.765,111.435;144.765,110.635)</value>
   </values>
  </item>
  <item>
   <tags/>
   <category>'li.3'</category>
   <cell>spm</cell>
   <visited>false</visited>
   <multiplicity>1</multiplicity>
   <comment/>
   <image/>
   <values>
    <value>edge-pair: (147.645,110.785;148.061,110.785)|(147.965,110.925;147.645,110.925)</value>
   </values>
  </item>
  <item>
   <tags/>
   <category>'li.3'</category>
   <cell>spm</cell>
   <visited>false</visited>
   <multiplicity>1</multiplicity>
   <comment/>
   <image/>
   <values>
    <value>edge-pair: (144.855,109.424;144.855,109.665)|(144.76,109.735;144.76,109.565)</value>
   </values>
  </item>
  <item>
   <tags/>
   <category>'li.3'</category>
   <cell>spm</cell>
   <visited>false</visited>
   <multiplicity>1</multiplicity>
   <comment/>
   <image/>
   <values>
    <value>edge-pair: (146.835,110.755;146.835,111.265)|(146.705,111.265;146.705,110.755)</value>
   </values>
  </item>
  <item>
   <tags/>
   <category>'li.3'</category>
   <cell>spm</cell>
   <visited>false</visited>
   <multiplicity>1</multiplicity>
   <comment/>
   <image/>
   <values>
    <value>edge-pair: (147.21,109.875;147.21,110.066)|(147.045,110.025;147.045,109.834)</value>
   </values>
  </item>
  <item>
   <tags/>
   <category>'li.3'</category>
   <cell>spm</cell>
   <visited>false</visited>
   <multiplicity>1</multiplicity>
   <comment/>
   <image/>
   <values>
    <value>edge-pair: (147.069,110.445;147.405,110.445)|(147.501,110.585;147.165,110.585)</value>
   </values>
  </item>
  <item>
   <tags/>
   <category>'li.3'</category>
   <cell>spm</cell>
   <visited>false</visited>
   <multiplicity>1</multiplicity>
   <comment/>
   <image/>
   <values>
    <value>edge-pair: (147.675,109.055;147.675,109.705)|(147.565,109.685;147.565,108.925)</value>
   </values>
  </item>
  <item>
   <tags/>
   <category>'li.3'</category>
   <cell>spm</cell>
   <visited>false</visited>
   <multiplicity>1</multiplicity>
   <comment/>
   <image/>
   <values>
    <value>edge-pair: (142.08,110.125;142.63,110.125)|(142.475,110.195;142.235,110.195)</value>
   </values>
  </item>
  <item>
   <tags/>
   <category>'li.3'</category>
   <cell>spm</cell>
   <visited>false</visited>
   <multiplicity>1</multiplicity>
   <comment/>
   <image/>
   <values>
    <value>edge-pair: (147.58,110.445;148,110.445)|(148.096,110.585;147.484,110.585)</value>
   </values>
  </item>
  <item>
   <tags/>
   <category>'li.3'</category>
   <cell>spm</cell>
   <visited>false</visited>
   <multiplicity>1</multiplicity>
   <comment/>
   <image/>
   <values>
    <value>edge-pair: (142.68,109.665;142.745,109.665)|(142.635,109.795;142.57,109.795)</value>
   </values>
  </item>
  <item>
   <tags/>
   <category>'li.3'</category>
   <cell>spm</cell>
   <visited>false</visited>
   <multiplicity>1</multiplicity>
   <comment/>
   <image/>
   <values>
    <value>edge-pair: (144.855,109.424;144.855,109.665)|(144.76,109.806;144.76,109.565)</value>
   </values>
  </item>
  <item>
   <tags/>
   <category>'li.3'</category>
   <cell>spm</cell>
   <visited>false</visited>
   <multiplicity>1</multiplicity>
   <comment/>
   <image/>
   <values>
    <value>edge-pair: (144.385,110.125;144.46,110.125)|(144.305,110.195;144.23,110.195)</value>
   </values>
  </item>
  <item>
   <tags/>
   <category>'li.3'</category>
   <cell>spm</cell>
   <visited>false</visited>
   <multiplicity>1</multiplicity>
   <comment/>
   <image/>
   <values>
    <value>edge-pair: (144.778,110.465;144.935,110.465)|(144.935,110.625;144.835,110.625)</value>
   </values>
  </item>
  <item>
   <tags/>
   <category>'li.3'</category>
   <cell>spm</cell>
   <visited>false</visited>
   <multiplicity>1</multiplicity>
   <comment/>
   <image/>
   <values>
    <value>edge-pair: (142.585,110.295;142.585,110.975)|(142.475,110.845;142.475,110.195)</value>
   </values>
  </item>
  <item>
   <tags/>
   <category>'li.3'</category>
   <cell>spm</cell>
   <visited>false</visited>
   <multiplicity>1</multiplicity>
   <comment/>
   <image/>
   <values>
    <value>edge-pair: (143.63,110.125;143.85,110.125)|(143.88,110.195;143.585,110.195)</value>
   </values>
  </item>
  <item>
   <tags/>
   <category>'li.3'</category>
   <cell>spm</cell>
   <visited>false</visited>
   <multiplicity>1</multiplicity>
   <comment/>
   <image/>
   <values>
    <value>edge-pair: (144.385,110.045;144.385,110.125)|(144.305,110.275;144.305,110.195)</value>
   </values>
  </item>
  <item>
   <tags/>
   <category>'li.3'</category>
   <cell>spm</cell>
   <visited>false</visited>
   <multiplicity>1</multiplicity>
   <comment/>
   <image/>
   <values>
    <value>edge-pair: (142.99,110.195;142.99,110.525)|(142.975,110.375;142.975,110.026)</value>
   </values>
  </item>
  <item>
   <tags/>
   <category>'li.3'</category>
   <cell>spm</cell>
   <visited>false</visited>
   <multiplicity>1</multiplicity>
   <comment/>
   <image/>
   <values>
    <value>edge-pair: (142.585,110.875;142.585,111.22)|(142.58,111.39;142.58,111.045)</value>
   </values>
  </item>
  <item>
   <tags/>
   <category>'li.3'</category>
   <cell>spm</cell>
   <visited>false</visited>
   <multiplicity>1</multiplicity>
   <comment/>
   <image/>
   <values>
    <value>edge-pair: (142.595,109.105;142.595,109.625)|(142.51,109.772;142.51,109.065)</value>
   </values>
  </item>
  <item>
   <tags/>
   <category>'li.3'</category>
   <cell>spm</cell>
   <visited>false</visited>
   <multiplicity>1</multiplicity>
   <comment/>
   <image/>
   <values>
    <value>edge-pair: (144.965,110.125;145.275,110.125)|(145.305,110.195;144.94,110.195)</value>
   </values>
  </item>
  <item>
   <tags/>
   <category>'li.3'</category>
   <cell>spm</cell>
   <visited>false</visited>
   <multiplicity>1</multiplicity>
   <comment/>
   <image/>
   <values>
    <value>edge-pair: (142.645,110.025;142.645,110.295)|(142.635,110.125;142.635,110.025)</value>
   </values>
  </item>
  <item>
   <tags/>
   <category>'li.3'</category>
   <cell>spm</cell>
   <visited>false</visited>
   <multiplicity>1</multiplicity>
   <comment/>
   <image/>
   <values>
    <value>edge-pair: (142.235,110.195;142.235,110.845)|(142.075,110.902;142.075,110.138)</value>
   </values>
  </item>
  <item>
   <tags/>
   <category>'li.3'</category>
   <cell>spm</cell>
   <visited>false</visited>
   <multiplicity>1</multiplicity>
   <comment/>
   <image/>
   <values>
    <value>edge-pair: (142.68,109.631;142.68,109.665)|(142.635,109.829;142.635,109.795)</value>
   </values>
  </item>
  <item>
   <tags/>
   <category>'li.3'</category>
   <cell>spm</cell>
   <visited>false</visited>
   <multiplicity>1</multiplicity>
   <comment/>
   <image/>
   <values>
    <value>edge-pair: (144.035,109.055;144.035,110.075)|(143.885,109.995;143.885,109.065)</value>
   </values>
  </item>
  <item>
   <tags/>
   <category>'li.3'</category>
   <cell>spm</cell>
   <visited>false</visited>
   <multiplicity>1</multiplicity>
   <comment/>
   <image/>
   <values>
    <value>edge-pair: (144.035,110.625;144.035,111.265)|(143.885,111.345;143.885,110.705)</value>
   </values>
  </item>
  <item>
   <tags/>
   <category>'li.3'</category>
   <cell>spm</cell>
   <visited>false</visited>
   <multiplicity>1</multiplicity>
   <comment/>
   <image/>
   <values>
    <value>edge-pair: (146.705,110.025;146.705,110.415)|(146.54,110.456;146.54,110.025)</value>
   </values>
  </item>
  <item>
   <tags/>
   <category>'li.3'</category>
   <cell>spm</cell>
   <visited>false</visited>
   <multiplicity>1</multiplicity>
   <comment/>
   <image/>
   <values>
    <value>edge-pair: (142.99,109.665;142.99,109.995)|(142.975,110.164;142.975,109.665)</value>
   </values>
  </item>
  <item>
   <tags/>
   <category>'li.3'</category>
   <cell>spm</cell>
   <visited>false</visited>
   <multiplicity>1</multiplicity>
   <comment/>
   <image/>
   <values>
    <value>edge-pair: (144.855,109.665;145.185,109.665)|(145.275,109.795;144.965,109.795)</value>
   </values>
  </item>
  <item>
   <tags/>
   <category>'li.3'</category>
   <cell>spm</cell>
   <visited>false</visited>
   <multiplicity>1</multiplicity>
   <comment/>
   <image/>
   <values>
    <value>edge-pair: (142.235,109.065;142.235,109.795)|(142.085,109.795;142.085,109.1)</value>
   </values>
  </item>
  <item>
   <tags/>
   <category>'li.3'</category>
   <cell>spm</cell>
   <visited>false</visited>
   <multiplicity>1</multiplicity>
   <comment/>
   <image/>
   <values>
    <value>edge-pair: (146.71,110.445;147.261,110.445)|(147.165,110.585;146.614,110.585)</value>
   </values>
  </item>
  <item>
   <tags/>
   <category>'li.3'</category>
   <cell>spm</cell>
   <visited>false</visited>
   <multiplicity>1</multiplicity>
   <comment/>
   <image/>
   <values>
    <value>edge-pair: (147.675,109.705;148.21,109.705)|(148.21,109.855;147.595,109.855)</value>
   </values>
  </item>
  <item>
   <tags/>
   <category>'li.3'</category>
   <cell>spm</cell>
   <visited>false</visited>
   <multiplicity>1</multiplicity>
   <comment/>
   <image/>
   <values>
    <value>edge-pair: (144.035,110.125;144.035,110.595)|(143.88,110.525;143.88,110.195)</value>
   </values>
  </item>
  <item>
   <tags/>
   <category>'li.3'</category>
   <cell>spm</cell>
   <visited>false</visited>
   <multiplicity>1</multiplicity>
   <comment/>
   <image/>
   <values>
    <value>edge-pair: (147.315,110.755;147.315,111.265)|(147.165,111.265;147.165,110.755)</value>
   </values>
  </item>
  <item>
   <tags/>
   <category>'li.3'</category>
   <cell>spm</cell>
   <visited>false</visited>
   <multiplicity>1</multiplicity>
   <comment/>
   <image/>
   <values>
    <value>edge-pair: (146.875,108.916;146.875,109.789)|(146.83,109.625;146.83,109.08)</value>
   </values>
  </item>
  <item>
   <tags/>
   <category>'li.3'</category>
   <cell>spm</cell>
   <visited>false</visited>
   <multiplicity>1</multiplicity>
   <comment/>
   <image/>
   <values>
    <value>edge-pair: (142.99,110.222;142.99,110.525)|(142.915,110.678;142.915,110.375)</value>
   </values>
  </item>
  <item>
   <tags/>
   <category>'li.3'</category>
   <cell>spm</cell>
   <visited>false</visited>
   <multiplicity>1</multiplicity>
   <comment/>
   <image/>
   <values>
    <value>edge-pair: (144.475,110.465;144.475,110.975)|(144.365,110.975;144.365,110.465)</value>
   </values>
  </item>
  <item>
   <tags/>
   <category>'li.3'</category>
   <cell>spm</cell>
   <visited>false</visited>
   <multiplicity>1</multiplicity>
   <comment/>
   <image/>
   <values>
    <value>edge-pair: (141.03,98.62;141.03,99.415)|(140.995,99.415;140.995,98.515)</value>
   </values>
  </item>
  <item>
   <tags/>
   <category>'li.3'</category>
   <cell>spm</cell>
   <visited>false</visited>
   <multiplicity>1</multiplicity>
   <comment/>
   <image/>
   <values>
    <value>edge-pair: (140.895,87.635;141.08,87.635)|(141.08,87.775;140.799,87.775)</value>
   </values>
  </item>
  <item>
   <tags/>
   <category>'li.3'</category>
   <cell>spm</cell>
   <visited>false</visited>
   <multiplicity>1</multiplicity>
   <comment/>
   <image/>
   <values>
    <value>edge-pair: (140.65,88.365;141.585,88.365)|(141.465,88.485;140.77,88.485)</value>
   </values>
  </item>
  <item>
   <tags/>
   <category>'li.3'</category>
   <cell>spm</cell>
   <visited>false</visited>
   <multiplicity>1</multiplicity>
   <comment/>
   <image/>
   <values>
    <value>edge-pair: (140.095,87.975;141.975,87.975)|(141.975,88.115;140.095,88.115)</value>
   </values>
  </item>
  <item>
   <tags/>
   <category>'li.3'</category>
   <cell>spm</cell>
   <visited>false</visited>
   <multiplicity>1</multiplicity>
   <comment/>
   <image/>
   <values>
    <value>edge-pair: (140.745,88.775;141.08,88.775)|(141.065,88.855;140.895,88.855)</value>
   </values>
  </item>
  <item>
   <tags/>
   <category>'li.3'</category>
   <cell>spm</cell>
   <visited>false</visited>
   <multiplicity>1</multiplicity>
   <comment/>
   <image/>
   <values>
    <value>edge-pair: (140.995,98.515;141.08,98.515)|(141.214,98.62;141.03,98.62)</value>
   </values>
  </item>
  <item>
   <tags/>
   <category>'li.3'</category>
   <cell>spm</cell>
   <visited>false</visited>
   <multiplicity>1</multiplicity>
   <comment/>
   <image/>
   <values>
    <value>edge-pair: (140.995,98.515;141.694,98.515)|(141.56,98.62;141.03,98.62)</value>
   </values>
  </item>
  <item>
   <tags/>
   <category>'li.3'</category>
   <cell>spm</cell>
   <visited>false</visited>
   <multiplicity>1</multiplicity>
   <comment/>
   <image/>
   <values>
    <value>edge-pair: (140.785,88.365;141.195,88.365)|(141.075,88.485;140.905,88.485)</value>
   </values>
  </item>
  <item>
   <tags/>
   <category>'li.3'</category>
   <cell>spm</cell>
   <visited>false</visited>
   <multiplicity>1</multiplicity>
   <comment/>
   <image/>
   <values>
    <value>edge-pair: (140.725,87.975;141.975,87.975)|(141.975,88.115;140.629,88.115)</value>
   </values>
  </item>
  <item>
   <tags/>
   <category>'li.3'</category>
   <cell>spm</cell>
   <visited>false</visited>
   <multiplicity>1</multiplicity>
   <comment/>
   <image/>
   <values>
    <value>edge-pair: (141.365,93.375;141.365,93.914)|(141.305,93.755;141.305,93.375)</value>
   </values>
  </item>
  <item>
   <tags/>
   <category>'li.3'</category>
   <cell>spm</cell>
   <visited>false</visited>
   <multiplicity>1</multiplicity>
   <comment/>
   <image/>
   <values>
    <value>edge-pair: (142.74,93.585;142.74,93.755)|(142.575,93.796;142.575,93.585)</value>
   </values>
  </item>
  <item>
   <tags/>
   <category>'li.3'</category>
   <cell>spm</cell>
   <visited>false</visited>
   <multiplicity>1</multiplicity>
   <comment/>
   <image/>
   <values>
    <value>edge-pair: (141.715,98.55;141.715,98.745)|(141.56,98.815;141.56,98.62)</value>
   </values>
  </item>
  <item>
   <tags/>
   <category>'li.3'</category>
   <cell>spm</cell>
   <visited>false</visited>
   <multiplicity>1</multiplicity>
   <comment/>
   <image/>
   <values>
    <value>edge-pair: (141.705,93.555;141.705,93.805)|(141.645,93.964;141.645,93.415)</value>
   </values>
  </item>
  <item>
   <tags/>
   <category>'li.3'</category>
   <cell>spm</cell>
   <visited>false</visited>
   <multiplicity>1</multiplicity>
   <comment/>
   <image/>
   <values>
    <value>edge-pair: (142.225,93.975;142.225,94.262)|(142.065,94.205;142.065,93.918)</value>
   </values>
  </item>
  <item>
   <tags/>
   <category>'li.3'</category>
   <cell>spm</cell>
   <visited>false</visited>
   <multiplicity>1</multiplicity>
   <comment/>
   <image/>
   <values>
    <value>edge-pair: (142.07,98.007;142.07,98.805)|(142.045,98.745;142.045,98.175)</value>
   </values>
  </item>
  <item>
   <tags/>
   <category>'li.3'</category>
   <cell>spm</cell>
   <visited>false</visited>
   <multiplicity>1</multiplicity>
   <comment/>
   <image/>
   <values>
    <value>edge-pair: (142.225,94.206;142.225,95.059)|(142.205,94.89;142.205,94.375)</value>
   </values>
  </item>
  <item>
   <tags/>
   <category>'li.3'</category>
   <cell>spm</cell>
   <visited>false</visited>
   <multiplicity>1</multiplicity>
   <comment/>
   <image/>
   <values>
    <value>edge-pair: (148.155,98.175;148.155,98.6)|(148.005,98.68;148.005,98.095)</value>
   </values>
  </item>
  <item>
   <tags/>
   <category>'li.3'</category>
   <cell>spm</cell>
   <visited>false</visited>
   <multiplicity>1</multiplicity>
   <comment/>
   <image/>
   <values>
    <value>edge-pair: (143.175,93.975;143.175,94.355)|(143.095,94.205;143.095,93.825)</value>
   </values>
  </item>
  <item>
   <tags/>
   <category>'li.3'</category>
   <cell>spm</cell>
   <visited>false</visited>
   <multiplicity>1</multiplicity>
   <comment/>
   <image/>
   <values>
    <value>edge-pair: (148.1,98.825;148.1,99.415)|(148.095,99.245;148.095,98.995)</value>
   </values>
  </item>
  <item>
   <tags/>
   <category>'li.3'</category>
   <cell>spm</cell>
   <visited>false</visited>
   <multiplicity>1</multiplicity>
   <comment/>
   <image/>
   <values>
    <value>edge-pair: (141.715,93.975;141.715,94.28)|(141.645,94.125;141.645,93.82)</value>
   </values>
  </item>
  <item>
   <tags/>
   <category>'li.3'</category>
   <cell>spm</cell>
   <visited>false</visited>
   <multiplicity>1</multiplicity>
   <comment/>
   <image/>
   <values>
    <value>edge-pair: (142.74,93.544;142.74,93.965)|(142.575,94.006;142.575,93.585)</value>
   </values>
  </item>
  <item>
   <tags/>
   <category>'li.3'</category>
   <cell>spm</cell>
   <visited>false</visited>
   <multiplicity>1</multiplicity>
   <comment/>
   <image/>
   <values>
    <value>edge-pair: (147.765,98.815;147.987,98.815)|(147.93,98.975;147.708,98.975)</value>
   </values>
  </item>
  <item>
   <tags/>
   <category>'li.3'</category>
   <cell>spm</cell>
   <visited>false</visited>
   <multiplicity>1</multiplicity>
   <comment/>
   <image/>
   <values>
    <value>edge-pair: (141.645,93.415;142.151,93.415)|(142.055,93.555;141.705,93.555)</value>
   </values>
  </item>
  <item>
   <tags/>
   <category>'li.3'</category>
   <cell>spm</cell>
   <visited>false</visited>
   <multiplicity>1</multiplicity>
   <comment/>
   <image/>
   <values>
    <value>edge-pair: (143.175,94.545;143.175,94.952)|(143.11,94.795;143.11,94.545)</value>
   </values>
  </item>
  <item>
   <tags/>
   <category>'li.3'</category>
   <cell>spm</cell>
   <visited>false</visited>
   <multiplicity>1</multiplicity>
   <comment/>
   <image/>
   <values>
    <value>edge-pair: (142.07,99.395;142.214,99.395)|(142.045,99.415;141.901,99.415)</value>
   </values>
  </item>
  <item>
   <tags/>
   <category>'li.3'</category>
   <cell>spm</cell>
   <visited>false</visited>
   <multiplicity>1</multiplicity>
   <comment/>
   <image/>
   <values>
    <value>edge-pair: (141.315,99.755;141.315,100.03)|(141.2,99.905;141.2,99.63)</value>
   </values>
  </item>
  <item>
   <tags/>
   <category>'li.3'</category>
   <cell>spm</cell>
   <visited>false</visited>
   <multiplicity>1</multiplicity>
   <comment/>
   <image/>
   <values>
    <value>edge-pair: (142.07,98.746;142.07,98.805)|(142.055,98.974;142.055,98.915)</value>
   </values>
  </item>
  <item>
   <tags/>
   <category>'li.3'</category>
   <cell>spm</cell>
   <visited>false</visited>
   <multiplicity>1</multiplicity>
   <comment/>
   <image/>
   <values>
    <value>edge-pair: (148.1,98.6;148.1,98.956)|(148.005,98.815;148.005,98.459)</value>
   </values>
  </item>
  <item>
   <tags/>
   <category>'li.3'</category>
   <cell>spm</cell>
   <visited>false</visited>
   <multiplicity>1</multiplicity>
   <comment/>
   <image/>
   <values>
    <value>edge-pair: (142.07,98.805;142.185,98.805)|(142.055,98.915;141.94,98.915)</value>
   </values>
  </item>
  <item>
   <tags/>
   <category>'li.3'</category>
   <cell>spm</cell>
   <visited>false</visited>
   <multiplicity>1</multiplicity>
   <comment/>
   <image/>
   <values>
    <value>edge-pair: (148.1,99.585;148.1,99.965)|(148.085,100.134;148.085,99.585)</value>
   </values>
  </item>
  <item>
   <tags/>
   <category>'li.3'</category>
   <cell>spm</cell>
   <visited>false</visited>
   <multiplicity>1</multiplicity>
   <comment/>
   <image/>
   <values>
    <value>edge-pair: (142.675,93.965;142.675,94.342)|(142.575,94.205;142.575,93.828)</value>
   </values>
  </item>
  <item>
   <tags/>
   <category>'li.3'</category>
   <cell>spm</cell>
   <visited>false</visited>
   <multiplicity>1</multiplicity>
   <comment/>
   <image/>
   <values>
    <value>edge-pair: (142.115,93.415;142.69,93.415)|(142.57,93.535;142.235,93.535)</value>
   </values>
  </item>
  <item>
   <tags/>
   <category>'li.3'</category>
   <cell>spm</cell>
   <visited>false</visited>
   <multiplicity>1</multiplicity>
   <comment/>
   <image/>
   <values>
    <value>edge-pair: (142.74,92.905;142.74,93.075)|(142.705,93.075;142.705,92.739)</value>
   </values>
  </item>
  <item>
   <tags/>
   <category>'li.3'</category>
   <cell>spm</cell>
   <visited>false</visited>
   <multiplicity>1</multiplicity>
   <comment/>
   <image/>
   <values>
    <value>edge-pair: (141.105,93.805;141.195,93.805)|(141.275,93.955;141.185,93.955)</value>
   </values>
  </item>
  <item>
   <tags/>
   <category>'li.3'</category>
   <cell>spm</cell>
   <visited>false</visited>
   <multiplicity>1</multiplicity>
   <comment/>
   <image/>
   <values>
    <value>edge-pair: (142.984,93.415;143.265,93.415)|(143.265,93.555;143.08,93.555)</value>
   </values>
  </item>
  <item>
   <tags/>
   <category>'li.3'</category>
   <cell>spm</cell>
   <visited>false</visited>
   <multiplicity>1</multiplicity>
   <comment/>
   <image/>
   <values>
    <value>edge-pair: (141.54,99.325;142.07,99.325)|(142.045,99.415;141.54,99.415)</value>
   </values>
  </item>
  <item>
   <tags/>
   <category>'li.3'</category>
   <cell>spm</cell>
   <visited>false</visited>
   <multiplicity>1</multiplicity>
   <comment/>
   <image/>
   <values>
    <value>edge-pair: (142.74,92.735;142.74,93.241)|(142.705,93.075;142.705,92.569)</value>
   </values>
  </item>
  <item>
   <tags/>
   <category>'li.3'</category>
   <cell>spm</cell>
   <visited>false</visited>
   <multiplicity>1</multiplicity>
   <comment/>
   <image/>
   <values>
    <value>edge-pair: (142.07,99.325;142.07,99.395)|(142.045,99.563;142.045,99.415)</value>
   </values>
  </item>
  <item>
   <tags/>
   <category>'li.3'</category>
   <cell>spm</cell>
   <visited>false</visited>
   <multiplicity>1</multiplicity>
   <comment/>
   <image/>
   <values>
    <value>edge-pair: (148.155,99.965;148.155,100.275)|(148.085,100.37;148.085,99.81)</value>
   </values>
  </item>
  <item>
   <tags/>
   <category>'li.3'</category>
   <cell>spm</cell>
   <visited>false</visited>
   <multiplicity>1</multiplicity>
   <comment/>
   <image/>
   <values>
    <value>edge-pair: (140.815,100.016;140.815,100.364)|(140.67,100.275;140.67,100.105)</value>
   </values>
  </item>
  <item>
   <tags/>
   <category>'li.3'</category>
   <cell>spm</cell>
   <visited>false</visited>
   <multiplicity>1</multiplicity>
   <comment/>
   <image/>
   <values>
    <value>edge-pair: (140.675,99.685;140.675,99.905)|(140.645,100.072;140.645,99.518)</value>
   </values>
  </item>
  <item>
   <tags/>
   <category>'li.3'</category>
   <cell>spm</cell>
   <visited>false</visited>
   <multiplicity>1</multiplicity>
   <comment/>
   <image/>
   <values>
    <value>edge-pair: (140.795,98.28;140.795,98.45)|(140.645,98.495;140.645,98.2)</value>
   </values>
  </item>
  <item>
   <tags/>
   <category>'li.3'</category>
   <cell>spm</cell>
   <visited>false</visited>
   <multiplicity>1</multiplicity>
   <comment/>
   <image/>
   <values>
    <value>edge-pair: (137.13,88.765;137.48,88.765)|(137.47,88.865;137.175,88.865)</value>
   </values>
  </item>
  <item>
   <tags/>
   <category>'li.3'</category>
   <cell>spm</cell>
   <visited>false</visited>
   <multiplicity>1</multiplicity>
   <comment/>
   <image/>
   <values>
    <value>edge-pair: (137.895,88.365;138.055,88.365)|(137.9,88.435;137.895,88.435)</value>
   </values>
  </item>
  <item>
   <tags/>
   <category>'li.3'</category>
   <cell>spm</cell>
   <visited>false</visited>
   <multiplicity>1</multiplicity>
   <comment/>
   <image/>
   <values>
    <value>edge-pair: (140.22,88.775;140.22,88.935)|(140.095,88.935;140.095,88.775)</value>
   </values>
  </item>
  <item>
   <tags/>
   <category>'li.3'</category>
   <cell>spm</cell>
   <visited>false</visited>
   <multiplicity>1</multiplicity>
   <comment/>
   <image/>
   <values>
    <value>edge-pair: (138.93,88.875;138.93,89.136)|(138.835,88.995;138.835,88.734)</value>
   </values>
  </item>
  <item>
   <tags/>
   <category>'li.3'</category>
   <cell>spm</cell>
   <visited>false</visited>
   <multiplicity>1</multiplicity>
   <comment/>
   <image/>
   <values>
    <value>edge-pair: (137.165,88.365;137.48,88.365)|(137.48,88.435;137.13,88.435)</value>
   </values>
  </item>
  <item>
   <tags/>
   <category>'li.3'</category>
   <cell>spm</cell>
   <visited>false</visited>
   <multiplicity>1</multiplicity>
   <comment/>
   <image/>
   <values>
    <value>edge-pair: (138.93,89.024;138.93,89.646)|(138.835,89.505;138.835,89.165)</value>
   </values>
  </item>
  <item>
   <tags/>
   <category>'li.3'</category>
   <cell>spm</cell>
   <visited>false</visited>
   <multiplicity>1</multiplicity>
   <comment/>
   <image/>
   <values>
    <value>edge-pair: (137.13,88.446;137.13,88.765)|(136.985,88.854;136.985,88.535)</value>
   </values>
  </item>
  <item>
   <tags/>
   <category>'li.3'</category>
   <cell>spm</cell>
   <visited>false</visited>
   <multiplicity>1</multiplicity>
   <comment/>
   <image/>
   <values>
    <value>edge-pair: (139.925,87.635;140.22,87.635)|(140.22,87.775;139.829,87.775)</value>
   </values>
  </item>
  <item>
   <tags/>
   <category>'li.3'</category>
   <cell>spm</cell>
   <visited>false</visited>
   <multiplicity>1</multiplicity>
   <comment/>
   <image/>
   <values>
    <value>edge-pair: (138.51,88.365;138.51,89.165)|(138.36,89.165;138.36,88.365)</value>
   </values>
  </item>
  <item>
   <tags/>
   <category>'li.3'</category>
   <cell>spm</cell>
   <visited>false</visited>
   <multiplicity>1</multiplicity>
   <comment/>
   <image/>
   <values>
    <value>edge-pair: (136.27,88.765;136.48,88.765)|(136.485,88.875;136.27,88.875)</value>
   </values>
  </item>
  <item>
   <tags/>
   <category>'li.3'</category>
   <cell>spm</cell>
   <visited>false</visited>
   <multiplicity>1</multiplicity>
   <comment/>
   <image/>
   <values>
    <value>edge-pair: (137.13,87.295;137.13,87.954)|(136.985,87.865;136.985,87.295)</value>
   </values>
  </item>
  <item>
   <tags/>
   <category>'li.3'</category>
   <cell>spm</cell>
   <visited>false</visited>
   <multiplicity>1</multiplicity>
   <comment/>
   <image/>
   <values>
    <value>edge-pair: (136.975,88.365;136.995,88.365)|(137.15,88.435;137.13,88.435)</value>
   </values>
  </item>
  <item>
   <tags/>
   <category>'li.3'</category>
   <cell>spm</cell>
   <visited>false</visited>
   <multiplicity>1</multiplicity>
   <comment/>
   <image/>
   <values>
    <value>edge-pair: (136.655,89.105;136.655,89.505)|(136.61,89.505;136.61,89.105)</value>
   </values>
  </item>
  <item>
   <tags/>
   <category>'li.3'</category>
   <cell>spm</cell>
   <visited>false</visited>
   <multiplicity>1</multiplicity>
   <comment/>
   <image/>
   <values>
    <value>edge-pair: (137.175,89.118;137.175,89.675)|(137.11,89.675;137.11,89.275)</value>
   </values>
  </item>
  <item>
   <tags/>
   <category>'li.3'</category>
   <cell>spm</cell>
   <visited>false</visited>
   <multiplicity>1</multiplicity>
   <comment/>
   <image/>
   <values>
    <value>edge-pair: (138.35,87.295;138.35,87.819)|(138.33,87.65;138.33,87.126)</value>
   </values>
  </item>
  <item>
   <tags/>
   <category>'li.3'</category>
   <cell>spm</cell>
   <visited>false</visited>
   <multiplicity>1</multiplicity>
   <comment/>
   <image/>
   <values>
    <value>edge-pair: (140.095,87.975;140.725,87.975)|(140.821,88.115;140.095,88.115)</value>
   </values>
  </item>
  <item>
   <tags/>
   <category>'li.3'</category>
   <cell>spm</cell>
   <visited>false</visited>
   <multiplicity>1</multiplicity>
   <comment/>
   <image/>
   <values>
    <value>edge-pair: (140.095,88.775;140.22,88.775)|(140.22,88.935;140.095,88.935)</value>
   </values>
  </item>
  <item>
   <tags/>
   <category>'li.3'</category>
   <cell>spm</cell>
   <visited>false</visited>
   <multiplicity>1</multiplicity>
   <comment/>
   <image/>
   <values>
    <value>edge-pair: (138.76,88.365;138.99,88.365)|(138.835,88.435;138.76,88.435)</value>
   </values>
  </item>
  <item>
   <tags/>
   <category>'li.3'</category>
   <cell>spm</cell>
   <visited>false</visited>
   <multiplicity>1</multiplicity>
   <comment/>
   <image/>
   <values>
    <value>edge-pair: (138.93,87.154;138.93,87.685)|(138.835,87.826;138.835,87.295)</value>
   </values>
  </item>
  <item>
   <tags/>
   <category>'li.3'</category>
   <cell>spm</cell>
   <visited>false</visited>
   <multiplicity>1</multiplicity>
   <comment/>
   <image/>
   <values>
    <value>edge-pair: (136.995,88.365;136.995,88.332)|(137.13,88.435;137.13,88.468)</value>
   </values>
  </item>
  <item>
   <tags/>
   <category>'li.3'</category>
   <cell>spm</cell>
   <visited>false</visited>
   <multiplicity>1</multiplicity>
   <comment/>
   <image/>
   <values>
    <value>edge-pair: (137.13,87.932;137.13,88.265)|(136.995,88.365;136.995,88.035)</value>
   </values>
  </item>
  <item>
   <tags/>
   <category>'li.3'</category>
   <cell>spm</cell>
   <visited>false</visited>
   <multiplicity>1</multiplicity>
   <comment/>
   <image/>
   <values>
    <value>edge-pair: (146.21,81.781;146.21,82.235)|(146.165,82.235;146.165,81.945)</value>
   </values>
  </item>
  <item>
   <tags/>
   <category>'li.3'</category>
   <cell>spm</cell>
   <visited>false</visited>
   <multiplicity>1</multiplicity>
   <comment/>
   <image/>
   <values>
    <value>edge-pair: (147.133,82.155;147.527,82.155)|(147.47,82.315;147.19,82.315)</value>
   </values>
  </item>
  <item>
   <tags/>
   <category>'li.3'</category>
   <cell>spm</cell>
   <visited>false</visited>
   <multiplicity>1</multiplicity>
   <comment/>
   <image/>
   <values>
    <value>edge-pair: (147.57,83.615;147.57,83.525)|(147.695,83.64;147.695,83.73)</value>
   </values>
  </item>
  <item>
   <tags/>
   <category>'li.3'</category>
   <cell>spm</cell>
   <visited>false</visited>
   <multiplicity>1</multiplicity>
   <comment/>
   <image/>
   <values>
    <value>edge-pair: (147.025,81.985;147.025,82.155)|(147.02,82.325;147.02,81.945)</value>
   </values>
  </item>
  <item>
   <tags/>
   <category>'li.3'</category>
   <cell>spm</cell>
   <visited>false</visited>
   <multiplicity>1</multiplicity>
   <comment/>
   <image/>
   <values>
    <value>edge-pair: (147.52,82.155;147.695,82.155)|(147.695,82.275;147.64,82.275)</value>
   </values>
  </item>
  <item>
   <tags/>
   <category>'li.3'</category>
   <cell>spm</cell>
   <visited>false</visited>
   <multiplicity>1</multiplicity>
   <comment/>
   <image/>
   <values>
    <value>edge-pair: (142.2,88.775;142.542,88.775)|(142.485,88.935;142.2,88.935)</value>
   </values>
  </item>
  <item>
   <tags/>
   <category>'li.3'</category>
   <cell>spm</cell>
   <visited>false</visited>
   <multiplicity>1</multiplicity>
   <comment/>
   <image/>
   <values>
    <value>edge-pair: (142.655,87.125;142.655,87.635)|(142.615,87.605;142.615,87.125)</value>
   </values>
  </item>
  <item>
   <tags/>
   <category>'li.3'</category>
   <cell>spm</cell>
   <visited>false</visited>
   <multiplicity>1</multiplicity>
   <comment/>
   <image/>
   <values>
    <value>edge-pair: (141.34,87.635;141.525,87.635)|(141.621,87.775;141.34,87.775)</value>
   </values>
  </item>
  <item>
   <tags/>
   <category>'li.3'</category>
   <cell>spm</cell>
   <visited>false</visited>
   <multiplicity>1</multiplicity>
   <comment/>
   <image/>
   <values>
    <value>edge-pair: (147.105,83.285;147.105,83.615)|(147.02,83.762;147.02,83.138)</value>
   </values>
  </item>
  <item>
   <tags/>
   <category>'li.3'</category>
   <cell>spm</cell>
   <visited>false</visited>
   <multiplicity>1</multiplicity>
   <comment/>
   <image/>
   <values>
    <value>edge-pair: (143.555,88.795;143.555,89.215)|(143.475,89.215;143.475,88.945)</value>
   </values>
  </item>
  <item>
   <tags/>
   <category>'li.3'</category>
   <cell>spm</cell>
   <visited>false</visited>
   <multiplicity>1</multiplicity>
   <comment/>
   <image/>
   <values>
    <value>edge-pair: (142.315,88.005;142.805,88.005)|(142.805,88.115;142.185,88.115)</value>
   </values>
  </item>
  <item>
   <tags/>
   <category>'li.3'</category>
   <cell>spm</cell>
   <visited>false</visited>
   <multiplicity>1</multiplicity>
   <comment/>
   <image/>
   <values>
    <value>edge-pair: (147.695,82.21;147.695,82.275)|(147.57,82.39;147.57,82.325)</value>
   </values>
  </item>
  <item>
   <tags/>
   <category>'li.3'</category>
   <cell>spm</cell>
   <visited>false</visited>
   <multiplicity>1</multiplicity>
   <comment/>
   <image/>
   <values>
    <value>edge-pair: (142.255,89.105;142.255,89.505)|(142.2,89.5;142.2,89.105)</value>
   </values>
  </item>
  <item>
   <tags/>
   <category>'li.3'</category>
   <cell>spm</cell>
   <visited>false</visited>
   <multiplicity>1</multiplicity>
   <comment/>
   <image/>
   <values>
    <value>edge-pair: (147.125,83.785;147.125,83.955)|(147.02,84.065;147.02,83.651)</value>
   </values>
  </item>
  <item>
   <tags/>
   <category>'li.3'</category>
   <cell>spm</cell>
   <visited>false</visited>
   <multiplicity>1</multiplicity>
   <comment/>
   <image/>
   <values>
    <value>edge-pair: (148.09,81.806;148.09,82.185)|(148.03,82.135;148.03,81.965)</value>
   </values>
  </item>
  <item>
   <tags/>
   <category>'li.3'</category>
   <cell>spm</cell>
   <visited>false</visited>
   <multiplicity>1</multiplicity>
   <comment/>
   <image/>
   <values>
    <value>edge-pair: (143.16,88.775;143.16,89.035)|(143.045,89.16;143.045,88.775)</value>
   </values>
  </item>
  <item>
   <tags/>
   <category>'li.3'</category>
   <cell>spm</cell>
   <visited>false</visited>
   <multiplicity>1</multiplicity>
   <comment/>
   <image/>
   <values>
    <value>edge-pair: (141.805,88.365;142.315,88.365)|(142.235,88.515;141.805,88.515)</value>
   </values>
  </item>
  <item>
   <tags/>
   <category>'li.3'</category>
   <cell>spm</cell>
   <visited>false</visited>
   <multiplicity>1</multiplicity>
   <comment/>
   <image/>
   <values>
    <value>edge-pair: (145.375,88.76;145.375,89.172)|(145.275,89.035;145.275,88.76)</value>
   </values>
  </item>
  <item>
   <tags/>
   <category>'li.3'</category>
   <cell>spm</cell>
   <visited>false</visited>
   <multiplicity>1</multiplicity>
   <comment/>
   <image/>
   <values>
    <value>edge-pair: (143.915,88.865;143.915,89.67)|(143.905,89.5;143.905,88.775)</value>
   </values>
  </item>
  <item>
   <tags/>
   <category>'li.3'</category>
   <cell>spm</cell>
   <visited>false</visited>
   <multiplicity>1</multiplicity>
   <comment/>
   <image/>
   <values>
    <value>edge-pair: (142.2,87.635;142.315,87.635)|(142.315,87.775;142.2,87.775)</value>
   </values>
  </item>
  <item>
   <tags/>
   <category>'li.3'</category>
   <cell>spm</cell>
   <visited>false</visited>
   <multiplicity>1</multiplicity>
   <comment/>
   <image/>
   <values>
    <value>edge-pair: (144.94,88.346;144.94,88.535)|(144.925,88.535;144.925,88.515)</value>
   </values>
  </item>
  <item>
   <tags/>
   <category>'li.3'</category>
   <cell>spm</cell>
   <visited>false</visited>
   <multiplicity>1</multiplicity>
   <comment/>
   <image/>
   <values>
    <value>edge-pair: (144.765,88.365;144.77,88.365)|(144.85,88.515;144.765,88.515)</value>
   </values>
  </item>
  <item>
   <tags/>
   <category>'li.3'</category>
   <cell>spm</cell>
   <visited>false</visited>
   <multiplicity>1</multiplicity>
   <comment/>
   <image/>
   <values>
    <value>edge-pair: (147.19,83.265;147.25,83.265)|(147.25,83.285;147.105,83.285)</value>
   </values>
  </item>
  <item>
   <tags/>
   <category>'li.3'</category>
   <cell>spm</cell>
   <visited>false</visited>
   <multiplicity>1</multiplicity>
   <comment/>
   <image/>
   <values>
    <value>edge-pair: (143.865,88.365;144.54,88.365)|(144.385,88.435;144.02,88.435)</value>
   </values>
  </item>
  <item>
   <tags/>
   <category>'li.3'</category>
   <cell>spm</cell>
   <visited>false</visited>
   <multiplicity>1</multiplicity>
   <comment/>
   <image/>
   <values>
    <value>edge-pair: (147.64,82.275;147.64,83.64)|(147.57,83.615;147.57,82.325)</value>
   </values>
  </item>
  <item>
   <tags/>
   <category>'li.3'</category>
   <cell>spm</cell>
   <visited>false</visited>
   <multiplicity>1</multiplicity>
   <comment/>
   <image/>
   <values>
    <value>edge-pair: (146.835,81.945;146.835,82.351)|(146.8,82.185;146.8,81.855)</value>
   </values>
  </item>
  <item>
   <tags/>
   <category>'li.3'</category>
   <cell>spm</cell>
   <visited>false</visited>
   <multiplicity>1</multiplicity>
   <comment/>
   <image/>
   <values>
    <value>edge-pair: (146.43,82.405;146.43,82.647)|(146.38,82.485;146.38,82.405)</value>
   </values>
  </item>
  <item>
   <tags/>
   <category>'li.3'</category>
   <cell>spm</cell>
   <visited>false</visited>
   <multiplicity>1</multiplicity>
   <comment/>
   <image/>
   <values>
    <value>edge-pair: (143.005,88.365;143.54,88.365)|(143.385,88.435;143.16,88.435)</value>
   </values>
  </item>
  <item>
   <tags/>
   <category>'li.3'</category>
   <cell>spm</cell>
   <visited>false</visited>
   <multiplicity>1</multiplicity>
   <comment/>
   <image/>
   <values>
    <value>edge-pair: (147.64,83.64;147.695,83.64)|(147.695,83.785;147.551,83.785)</value>
   </values>
  </item>
  <item>
   <tags/>
   <category>'li.3'</category>
   <cell>spm</cell>
   <visited>false</visited>
   <multiplicity>1</multiplicity>
   <comment/>
   <image/>
   <values>
    <value>edge-pair: (144.151,88.775;144.505,88.775)|(144.505,88.865;144.295,88.865)</value>
   </values>
  </item>
  <item>
   <tags/>
   <category>'li.3'</category>
   <cell>spm</cell>
   <visited>false</visited>
   <multiplicity>1</multiplicity>
   <comment/>
   <image/>
   <values>
    <value>edge-pair: (145.375,87.32;145.375,87.775)|(145.275,87.775;145.275,87.295)</value>
   </values>
  </item>
  <item>
   <tags/>
   <category>'li.3'</category>
   <cell>spm</cell>
   <visited>false</visited>
   <multiplicity>1</multiplicity>
   <comment/>
   <image/>
   <values>
    <value>edge-pair: (142.255,89.505;142.37,89.505)|(142.37,89.67;142.214,89.67)</value>
   </values>
  </item>
  <item>
   <tags/>
   <category>'li.3'</category>
   <cell>spm</cell>
   <visited>false</visited>
   <multiplicity>1</multiplicity>
   <comment/>
   <image/>
   <values>
    <value>edge-pair: (143.735,87.945;144.505,87.945)|(144.608,88.08;143.735,88.08)</value>
   </values>
  </item>
  <item>
   <tags/>
   <category>'li.3'</category>
   <cell>spm</cell>
   <visited>false</visited>
   <multiplicity>1</multiplicity>
   <comment/>
   <image/>
   <values>
    <value>edge-pair: (143.905,88.775;144.269,88.775)|(144.125,88.865;143.915,88.865)</value>
   </values>
  </item>
  <item>
   <tags/>
   <category>'li.3'</category>
   <cell>spm</cell>
   <visited>false</visited>
   <multiplicity>1</multiplicity>
   <comment/>
   <image/>
   <values>
    <value>edge-pair: (142.655,87.635;142.785,87.635)|(142.785,87.775;142.559,87.775)</value>
   </values>
  </item>
  <item>
   <tags/>
   <category>'li.3'</category>
   <cell>spm</cell>
   <visited>false</visited>
   <multiplicity>1</multiplicity>
   <comment/>
   <image/>
   <values>
    <value>edge-pair: (146.21,82.485;146.38,82.485)|(146.26,82.575;146.066,82.575)</value>
   </values>
  </item>
  <item>
   <tags/>
   <category>'li.3'</category>
   <cell>spm</cell>
   <visited>false</visited>
   <multiplicity>1</multiplicity>
   <comment/>
   <image/>
   <values>
    <value>edge-pair: (141.34,88.775;141.94,88.775)|(141.94,88.855;141.34,88.855)</value>
   </values>
  </item>
  <item>
   <tags/>
   <category>'li.3'</category>
   <cell>spm</cell>
   <visited>false</visited>
   <multiplicity>1</multiplicity>
   <comment/>
   <image/>
   <values>
    <value>edge-pair: (147.19,82.315;147.19,83.205)|(147.08,83.075;147.08,82.355)</value>
   </values>
  </item>
  <item>
   <tags/>
   <category>'li.3'</category>
   <cell>spm</cell>
   <visited>false</visited>
   <multiplicity>1</multiplicity>
   <comment/>
   <image/>
   <values>
    <value>edge-pair: (144.505,87.945;144.868,87.945)|(144.765,88.08;144.402,88.08)</value>
   </values>
  </item>
  <item>
   <tags/>
   <category>'li.3'</category>
   <cell>spm</cell>
   <visited>false</visited>
   <multiplicity>1</multiplicity>
   <comment/>
   <image/>
   <values>
    <value>edge-pair: (142.655,88.935;142.655,89.415)|(142.615,89.58;142.615,88.945)</value>
   </values>
  </item>
  <item>
   <tags/>
   <category>'li.3'</category>
   <cell>spm</cell>
   <visited>false</visited>
   <multiplicity>1</multiplicity>
   <comment/>
   <image/>
   <values>
    <value>edge-pair: (147.203,83.615;147.57,83.615)|(147.525,83.775;147.26,83.775)</value>
   </values>
  </item>
  <item>
   <tags/>
   <category>'li.3'</category>
   <cell>spm</cell>
   <visited>false</visited>
   <multiplicity>1</multiplicity>
   <comment/>
   <image/>
   <values>
    <value>edge-pair: (141.08,88.775;141.08,89.5)|(141.065,89.669;141.065,88.855)</value>
   </values>
  </item>
  <item>
   <tags/>
   <category>'li.3'</category>
   <cell>spm</cell>
   <visited>false</visited>
   <multiplicity>1</multiplicity>
   <comment/>
   <image/>
   <values>
    <value>edge-pair: (143.935,87.153;143.935,87.775)|(143.905,87.775;143.905,87.32)</value>
   </values>
  </item>
  <item>
   <tags/>
   <category>'li.3'</category>
   <cell>spm</cell>
   <visited>false</visited>
   <multiplicity>1</multiplicity>
   <comment/>
   <image/>
   <values>
    <value>edge-pair: (146.09,83.225;146.26,83.225)|(146.427,83.255;146.09,83.255)</value>
   </values>
  </item>
  <item>
   <tags/>
   <category>'li.3'</category>
   <cell>spm</cell>
   <visited>false</visited>
   <multiplicity>1</multiplicity>
   <comment/>
   <image/>
   <values>
    <value>edge-pair: (143.735,87.945;144.868,87.945)|(144.765,88.08;143.735,88.08)</value>
   </values>
  </item>
  <item>
   <tags/>
   <category>'li.3'</category>
   <cell>spm</cell>
   <visited>false</visited>
   <multiplicity>1</multiplicity>
   <comment/>
   <image/>
   <values>
    <value>edge-pair: (142.315,87.635;142.315,87.775)|(142.2,87.775;142.2,87.635)</value>
   </values>
  </item>
  <item>
   <tags/>
   <category>'li.3'</category>
   <cell>spm</cell>
   <visited>false</visited>
   <multiplicity>1</multiplicity>
   <comment/>
   <image/>
   <values>
    <value>edge-pair: (142.598,88.775;142.785,88.775)|(142.785,88.935;142.655,88.935)</value>
   </values>
  </item>
  <item>
   <tags/>
   <category>'li.3'</category>
   <cell>spm</cell>
   <visited>false</visited>
   <multiplicity>1</multiplicity>
   <comment/>
   <image/>
   <values>
    <value>edge-pair: (144.795,89.205;144.795,89.667)|(144.765,89.5;144.765,89.038)</value>
   </values>
  </item>
  <item>
   <tags/>
   <category>'li.3'</category>
   <cell>spm</cell>
   <visited>false</visited>
   <multiplicity>1</multiplicity>
   <comment/>
   <image/>
   <values>
    <value>edge-pair: (146.43,82.583;146.43,83.167)|(146.38,83.005;146.38,82.745)</value>
   </values>
  </item>
  <item>
   <tags/>
   <category>'li.3'</category>
   <cell>spm</cell>
   <visited>false</visited>
   <multiplicity>1</multiplicity>
   <comment/>
   <image/>
   <values>
    <value>edge-pair: (146.835,82.06;146.835,83.785)|(146.72,83.785;146.72,82.185)</value>
   </values>
  </item>
  <item>
   <tags/>
   <category>'li.3'</category>
   <cell>spm</cell>
   <visited>false</visited>
   <multiplicity>1</multiplicity>
   <comment/>
   <image/>
   <values>
    <value>edge-pair: (148.035,82.335;148.035,82.555)|(147.91,82.67;147.91,82.22)</value>
   </values>
  </item>
  <item>
   <tags/>
   <category>'li.3'</category>
   <cell>spm</cell>
   <visited>false</visited>
   <multiplicity>1</multiplicity>
   <comment/>
   <image/>
   <values>
    <value>edge-pair: (144.335,89.505;144.625,89.505)|(144.666,89.67;144.335,89.67)</value>
   </values>
  </item>
  <item>
   <tags/>
   <category>'li.3'</category>
   <cell>spm</cell>
   <visited>false</visited>
   <multiplicity>1</multiplicity>
   <comment/>
   <image/>
   <values>
    <value>edge-pair: (144.765,88.76;145.095,88.76)|(145.095,88.865;144.765,88.865)</value>
   </values>
  </item>
  <item>
   <tags/>
   <category>'li.3'</category>
   <cell>spm</cell>
   <visited>false</visited>
   <multiplicity>1</multiplicity>
   <comment/>
   <image/>
   <values>
    <value>edge-pair: (141.235,89.505;141.51,89.505)|(141.51,89.67;141.194,89.67)</value>
   </values>
  </item>
  <item>
   <tags/>
   <category>'li.3'</category>
   <cell>spm</cell>
   <visited>false</visited>
   <multiplicity>1</multiplicity>
   <comment/>
   <image/>
   <values>
    <value>edge-pair: (146.43,82.843;146.43,83.237)|(146.38,83.075;146.38,83.005)</value>
   </values>
  </item>
  <item>
   <tags/>
   <category>'li.3'</category>
   <cell>spm</cell>
   <visited>false</visited>
   <multiplicity>1</multiplicity>
   <comment/>
   <image/>
   <values>
    <value>edge-pair: (146.43,82.583;146.43,83.237)|(146.38,83.075;146.38,82.745)</value>
   </values>
  </item>
  <item>
   <tags/>
   <category>'li.3'</category>
   <cell>spm</cell>
   <visited>false</visited>
   <multiplicity>1</multiplicity>
   <comment/>
   <image/>
   <values>
    <value>edge-pair: (147.98,82.725;147.98,82.995)|(147.91,82.995;147.91,82.57)</value>
   </values>
  </item>
  <item>
   <tags/>
   <category>'li.3'</category>
   <cell>spm</cell>
   <visited>false</visited>
   <multiplicity>1</multiplicity>
   <comment/>
   <image/>
   <values>
    <value>edge-pair: (130.72,94.44;130.72,94.935)|(130.56,94.945;130.56,94.44)</value>
   </values>
  </item>
  <item>
   <tags/>
   <category>'li.3'</category>
   <cell>spm</cell>
   <visited>false</visited>
   <multiplicity>1</multiplicity>
   <comment/>
   <image/>
   <values>
    <value>edge-pair: (129.315,99.115;129.458,99.115)|(129.355,99.25;129.35,99.25)</value>
   </values>
  </item>
  <item>
   <tags/>
   <category>'li.3'</category>
   <cell>spm</cell>
   <visited>false</visited>
   <multiplicity>1</multiplicity>
   <comment/>
   <image/>
   <values>
    <value>edge-pair: (129.315,99.115;129.477,99.115)|(129.32,99.18;129.315,99.18)</value>
   </values>
  </item>
  <item>
   <tags/>
   <category>'li.3'</category>
   <cell>spm</cell>
   <visited>false</visited>
   <multiplicity>1</multiplicity>
   <comment/>
   <image/>
   <values>
    <value>edge-pair: (131.03,93.741;131.03,93.805)|(131.015,93.974;131.015,93.91)</value>
   </values>
  </item>
  <item>
   <tags/>
   <category>'li.3'</category>
   <cell>spm</cell>
   <visited>false</visited>
   <multiplicity>1</multiplicity>
   <comment/>
   <image/>
   <values>
    <value>edge-pair: (129.38,98.058;129.38,98.445)|(129.315,98.602;129.315,98.215)</value>
   </values>
  </item>
  <item>
   <tags/>
   <category>'li.3'</category>
   <cell>spm</cell>
   <visited>false</visited>
   <multiplicity>1</multiplicity>
   <comment/>
   <image/>
   <values>
    <value>edge-pair: (131.03,93.805;131.149,93.805)|(131.015,93.91;130.896,93.91)</value>
   </values>
  </item>
  <item>
   <tags/>
   <category>'li.3'</category>
   <cell>spm</cell>
   <visited>false</visited>
   <multiplicity>1</multiplicity>
   <comment/>
   <image/>
   <values>
    <value>edge-pair: (130.685,93.125;130.685,93.91)|(130.565,93.91;130.565,93.005)</value>
   </values>
  </item>
  <item>
   <tags/>
   <category>'li.3'</category>
   <cell>spm</cell>
   <visited>false</visited>
   <multiplicity>1</multiplicity>
   <comment/>
   <image/>
   <values>
    <value>edge-pair: (129.315,99.115;129.454,99.115)|(129.365,99.26;129.355,99.26)</value>
   </values>
  </item>
  <item>
   <tags/>
   <category>'li.3'</category>
   <cell>spm</cell>
   <visited>false</visited>
   <multiplicity>1</multiplicity>
   <comment/>
   <image/>
   <values>
    <value>edge-pair: (129.616,99.805;130.11,99.805)|(130.085,99.825;129.785,99.825)</value>
   </values>
  </item>
  <item>
   <tags/>
   <category>'li.3'</category>
   <cell>spm</cell>
   <visited>false</visited>
   <multiplicity>1</multiplicity>
   <comment/>
   <image/>
   <values>
    <value>edge-pair: (129.145,98.84;129.145,99.11)|(129.02,99.11;129.02,98.955)</value>
   </values>
  </item>
  <item>
   <tags/>
   <category>'li.3'</category>
   <cell>spm</cell>
   <visited>false</visited>
   <multiplicity>1</multiplicity>
   <comment/>
   <image/>
   <values>
    <value>edge-pair: (129.165,99.4;129.165,99.43)|(129.02,99.519;129.02,99.311)</value>
   </values>
  </item>
  <item>
   <tags/>
   <category>'li.3'</category>
   <cell>spm</cell>
   <visited>false</visited>
   <multiplicity>1</multiplicity>
   <comment/>
   <image/>
   <values>
    <value>edge-pair: (128.845,99.28;128.845,99.787)|(128.685,99.73;128.685,99.28)</value>
   </values>
  </item>
  <item>
   <tags/>
   <category>'li.3'</category>
   <cell>spm</cell>
   <visited>false</visited>
   <multiplicity>1</multiplicity>
   <comment/>
   <image/>
   <values>
    <value>edge-pair: (130.735,92.565;130.735,93.08)|(130.62,92.955;130.62,92.565)</value>
   </values>
  </item>
  <item>
   <tags/>
   <category>'li.3'</category>
   <cell>spm</cell>
   <visited>false</visited>
   <multiplicity>1</multiplicity>
   <comment/>
   <image/>
   <values>
    <value>edge-pair: (129.185,99.43;129.185,99.46)|(129.02,99.501;129.02,99.389)</value>
   </values>
  </item>
  <item>
   <tags/>
   <category>'li.3'</category>
   <cell>spm</cell>
   <visited>false</visited>
   <multiplicity>1</multiplicity>
   <comment/>
   <image/>
   <values>
    <value>edge-pair: (129.05,99.28;129.05,99.31)|(129.02,99.477;129.02,99.28)</value>
   </values>
  </item>
  <item>
   <tags/>
   <category>'li.3'</category>
   <cell>spm</cell>
   <visited>false</visited>
   <multiplicity>1</multiplicity>
   <comment/>
   <image/>
   <values>
    <value>edge-pair: (129.19,99.46;129.19,99.645)|(129.185,99.815;129.185,99.63)</value>
   </values>
  </item>
  <item>
   <tags/>
   <category>'li.3'</category>
   <cell>spm</cell>
   <visited>false</visited>
   <multiplicity>1</multiplicity>
   <comment/>
   <image/>
   <values>
    <value>edge-pair: (129.315,99.115;129.455,99.115)|(129.375,99.265;129.365,99.265)</value>
   </values>
  </item>
  <item>
   <tags/>
   <category>'li.3'</category>
   <cell>spm</cell>
   <visited>false</visited>
   <multiplicity>1</multiplicity>
   <comment/>
   <image/>
   <values>
    <value>edge-pair: (129.755,98.185;129.755,98.615)|(129.705,98.615;129.705,98.225)</value>
   </values>
  </item>
  <item>
   <tags/>
   <category>'li.3'</category>
   <cell>spm</cell>
   <visited>false</visited>
   <multiplicity>1</multiplicity>
   <comment/>
   <image/>
   <values>
    <value>edge-pair: (129.315,99.115;129.474,99.115)|(129.33,99.205;129.32,99.205)</value>
   </values>
  </item>
  <item>
   <tags/>
   <category>'li.3'</category>
   <cell>spm</cell>
   <visited>false</visited>
   <multiplicity>1</multiplicity>
   <comment/>
   <image/>
   <values>
    <value>edge-pair: (129.145,99.37;129.145,99.4)|(129.02,99.515;129.02,99.28)</value>
   </values>
  </item>
  <item>
   <tags/>
   <category>'li.3'</category>
   <cell>spm</cell>
   <visited>false</visited>
   <multiplicity>1</multiplicity>
   <comment/>
   <image/>
   <values>
    <value>edge-pair: (129.08,99.31;129.08,99.345)|(129.02,99.504;129.02,99.28)</value>
   </values>
  </item>
  <item>
   <tags/>
   <category>'li.3'</category>
   <cell>spm</cell>
   <visited>false</visited>
   <multiplicity>1</multiplicity>
   <comment/>
   <image/>
   <values>
    <value>edge-pair: (129.205,100.045;129.205,100.385)|(129.175,100.375;129.175,99.878)</value>
   </values>
  </item>
  <item>
   <tags/>
   <category>'li.3'</category>
   <cell>spm</cell>
   <visited>false</visited>
   <multiplicity>1</multiplicity>
   <comment/>
   <image/>
   <values>
    <value>edge-pair: (129.785,99.908;129.785,100.522)|(129.685,100.385;129.685,100.045)</value>
   </values>
  </item>
  <item>
   <tags/>
   <category>'li.3'</category>
   <cell>spm</cell>
   <visited>false</visited>
   <multiplicity>1</multiplicity>
   <comment/>
   <image/>
   <values>
    <value>edge-pair: (129.318,99.115;129.442,99.115)|(129.385,99.275;129.375,99.275)</value>
   </values>
  </item>
  <item>
   <tags/>
   <category>'li.3'</category>
   <cell>spm</cell>
   <visited>false</visited>
   <multiplicity>1</multiplicity>
   <comment/>
   <image/>
   <values>
    <value>edge-pair: (129.315,99.115;129.465,99.115)|(129.35,99.24;129.345,99.24)</value>
   </values>
  </item>
  <item>
   <tags/>
   <category>'li.3'</category>
   <cell>spm</cell>
   <visited>false</visited>
   <multiplicity>1</multiplicity>
   <comment/>
   <image/>
   <values>
    <value>edge-pair: (129.115,99.345;129.115,99.37)|(129.02,99.511;129.02,99.28)</value>
   </values>
  </item>
  <item>
   <tags/>
   <category>'li.3'</category>
   <cell>spm</cell>
   <visited>false</visited>
   <multiplicity>1</multiplicity>
   <comment/>
   <image/>
   <values>
    <value>edge-pair: (129.315,99.115;129.469,99.115)|(129.335,99.22;129.33,99.22)</value>
   </values>
  </item>
  <item>
   <tags/>
   <category>'li.3'</category>
   <cell>spm</cell>
   <visited>false</visited>
   <multiplicity>1</multiplicity>
   <comment/>
   <image/>
   <values>
    <value>edge-pair: (129.315,99.115;129.465,99.115)|(129.345,99.235;129.335,99.235)</value>
   </values>
  </item>
  <item>
   <tags/>
   <category>'li.3'</category>
   <cell>spm</cell>
   <visited>false</visited>
   <multiplicity>1</multiplicity>
   <comment/>
   <image/>
   <values>
    <value>edge-pair: (131.03,94.005;131.03,94.335)|(131.015,94.335;131.015,93.91)</value>
   </values>
  </item>
  <item>
   <tags/>
   <category>'li.3'</category>
   <cell>spm</cell>
   <visited>false</visited>
   <multiplicity>1</multiplicity>
   <comment/>
   <image/>
   <values>
    <value>edge-pair: (131.03,93.475;131.03,93.704)|(131.015,93.535;131.015,93.306)</value>
   </values>
  </item>
  <item>
   <tags/>
   <category>'li.3'</category>
   <cell>spm</cell>
   <visited>false</visited>
   <multiplicity>1</multiplicity>
   <comment/>
   <image/>
   <values>
    <value>edge-pair: (128.71,98.94;128.975,98.94)|(129.02,98.955;128.71,98.955)</value>
   </values>
  </item>
  <item>
   <tags/>
   <category>'li.3'</category>
   <cell>spm</cell>
   <visited>false</visited>
   <multiplicity>1</multiplicity>
   <comment/>
   <image/>
   <values>
    <value>edge-pair: (119.66,94.655;119.66,95.086)|(119.565,94.945;119.565,94.514)</value>
   </values>
  </item>
  <item>
   <tags/>
   <category>'li.3'</category>
   <cell>spm</cell>
   <visited>false</visited>
   <multiplicity>1</multiplicity>
   <comment/>
   <image/>
   <values>
    <value>edge-pair: (120.46,94.635;120.46,94.625)|(120.555,94.67;120.555,94.776)</value>
   </values>
  </item>
  <item>
   <tags/>
   <category>'li.3'</category>
   <cell>spm</cell>
   <visited>false</visited>
   <multiplicity>1</multiplicity>
   <comment/>
   <image/>
   <values>
    <value>edge-pair: (122.75,93.563;122.75,93.675)|(122.7,93.837;122.7,93.725)</value>
   </values>
  </item>
  <item>
   <tags/>
   <category>'li.3'</category>
   <cell>spm</cell>
   <visited>false</visited>
   <multiplicity>1</multiplicity>
   <comment/>
   <image/>
   <values>
    <value>edge-pair: (120.62,94.2;120.62,94.126)|(120.635,94.295;120.635,94.369)</value>
   </values>
  </item>
  <item>
   <tags/>
   <category>'li.3'</category>
   <cell>spm</cell>
   <visited>false</visited>
   <multiplicity>1</multiplicity>
   <comment/>
   <image/>
   <values>
    <value>edge-pair: (120.79,93.77;120.79,94.25)|(120.675,94.125;120.675,93.895)</value>
   </values>
  </item>
  <item>
   <tags/>
   <category>'li.3'</category>
   <cell>spm</cell>
   <visited>false</visited>
   <multiplicity>1</multiplicity>
   <comment/>
   <image/>
   <values>
    <value>edge-pair: (122.75,93.675;122.862,93.675)|(122.7,93.725;122.588,93.725)</value>
   </values>
  </item>
  <item>
   <tags/>
   <category>'li.3'</category>
   <cell>spm</cell>
   <visited>false</visited>
   <multiplicity>1</multiplicity>
   <comment/>
   <image/>
   <values>
    <value>edge-pair: (120.494,94.2;120.62,94.2)|(120.761,94.295;120.635,94.295)</value>
   </values>
  </item>
  <item>
   <tags/>
   <category>'li.3'</category>
   <cell>spm</cell>
   <visited>false</visited>
   <multiplicity>1</multiplicity>
   <comment/>
   <image/>
   <values>
    <value>edge-pair: (120.555,92.735;120.555,93.13)|(120.43,93.015;120.43,92.845)</value>
   </values>
  </item>
  <item>
   <tags/>
   <category>'li.3'</category>
   <cell>spm</cell>
   <visited>false</visited>
   <multiplicity>1</multiplicity>
   <comment/>
   <image/>
   <values>
    <value>edge-pair: (120.435,93.435;120.555,93.435)|(120.555,93.51;120.282,93.51)</value>
   </values>
  </item>
  <item>
   <tags/>
   <category>'li.3'</category>
   <cell>spm</cell>
   <visited>false</visited>
   <multiplicity>1</multiplicity>
   <comment/>
   <image/>
   <values>
    <value>edge-pair: (119.59,94.145;119.733,94.145)|(119.565,94.17;119.505,94.17)</value>
   </values>
  </item>
  <item>
   <tags/>
   <category>'li.3'</category>
   <cell>spm</cell>
   <visited>false</visited>
   <multiplicity>1</multiplicity>
   <comment/>
   <image/>
   <values>
    <value>edge-pair: (121.51,93.575;121.71,93.575)|(121.815,93.585;121.585,93.585)</value>
   </values>
  </item>
  <item>
   <tags/>
   <category>'li.3'</category>
   <cell>spm</cell>
   <visited>false</visited>
   <multiplicity>1</multiplicity>
   <comment/>
   <image/>
   <values>
    <value>edge-pair: (120.435,93.215;120.435,93.435)|(120.385,93.34;120.385,93.053)</value>
   </values>
  </item>
  <item>
   <tags/>
   <category>'li.3'</category>
   <cell>spm</cell>
   <visited>false</visited>
   <multiplicity>1</multiplicity>
   <comment/>
   <image/>
   <values>
    <value>edge-pair: (121.065,94.5;121.32,94.5)|(121.305,94.655;121.135,94.655)</value>
   </values>
  </item>
  <item>
   <tags/>
   <category>'li.3'</category>
   <cell>spm</cell>
   <visited>false</visited>
   <multiplicity>1</multiplicity>
   <comment/>
   <image/>
   <values>
    <value>edge-pair: (122.725,93.426;122.725,93.515)|(122.58,93.604;122.58,93.515)</value>
   </values>
  </item>
  <item>
   <tags/>
   <category>'li.3'</category>
   <cell>spm</cell>
   <visited>false</visited>
   <multiplicity>1</multiplicity>
   <comment/>
   <image/>
   <values>
    <value>edge-pair: (121.83,93.725;121.83,93.795)|(121.815,93.795;121.815,93.585)</value>
   </values>
  </item>
  <item>
   <tags/>
   <category>'li.3'</category>
   <cell>spm</cell>
   <visited>false</visited>
   <multiplicity>1</multiplicity>
   <comment/>
   <image/>
   <values>
    <value>edge-pair: (123.7,94.01;123.7,94.364)|(123.64,94.205;123.64,93.875)</value>
   </values>
  </item>
  <item>
   <tags/>
   <category>'li.3'</category>
   <cell>spm</cell>
   <visited>false</visited>
   <multiplicity>1</multiplicity>
   <comment/>
   <image/>
   <values>
    <value>edge-pair: (120.485,94.66;120.485,94.65)|(120.555,94.67;120.555,94.815)</value>
   </values>
  </item>
  <item>
   <tags/>
   <category>'li.3'</category>
   <cell>spm</cell>
   <visited>false</visited>
   <multiplicity>1</multiplicity>
   <comment/>
   <image/>
   <values>
    <value>edge-pair: (119.225,92.735;119.225,93.002)|(119.065,92.945;119.065,92.678)</value>
   </values>
  </item>
  <item>
   <tags/>
   <category>'li.3'</category>
   <cell>spm</cell>
   <visited>false</visited>
   <multiplicity>1</multiplicity>
   <comment/>
   <image/>
   <values>
    <value>edge-pair: (119.59,93.195;119.59,94.145)|(119.505,94.17;119.505,93.048)</value>
   </values>
  </item>
  <item>
   <tags/>
   <category>'li.3'</category>
   <cell>spm</cell>
   <visited>false</visited>
   <multiplicity>1</multiplicity>
   <comment/>
   <image/>
   <values>
    <value>edge-pair: (123.7,94.224;123.7,94.385)|(123.645,94.546;123.645,94.385)</value>
   </values>
  </item>
  <item>
   <tags/>
   <category>'li.3'</category>
   <cell>spm</cell>
   <visited>false</visited>
   <multiplicity>1</multiplicity>
   <comment/>
   <image/>
   <values>
    <value>edge-pair: (120.96,94.125;121.175,94.125)|(121.32,94.135;120.96,94.135)</value>
   </values>
  </item>
  <item>
   <tags/>
   <category>'li.3'</category>
   <cell>spm</cell>
   <visited>false</visited>
   <multiplicity>1</multiplicity>
   <comment/>
   <image/>
   <values>
    <value>edge-pair: (121.175,94.105;121.295,94.105)|(121.32,94.135;121.008,94.135)</value>
   </values>
  </item>
  <item>
   <tags/>
   <category>'li.3'</category>
   <cell>spm</cell>
   <visited>false</visited>
   <multiplicity>1</multiplicity>
   <comment/>
   <image/>
   <values>
    <value>edge-pair: (120.47,94.645;120.47,94.635)|(120.555,94.67;120.555,94.792)</value>
   </values>
  </item>
  <item>
   <tags/>
   <category>'li.3'</category>
   <cell>spm</cell>
   <visited>false</visited>
   <multiplicity>1</multiplicity>
   <comment/>
   <image/>
   <values>
    <value>edge-pair: (122.87,94.272;122.87,94.475)|(122.735,94.578;122.735,94.375)</value>
   </values>
  </item>
  <item>
   <tags/>
   <category>'li.3'</category>
   <cell>spm</cell>
   <visited>false</visited>
   <multiplicity>1</multiplicity>
   <comment/>
   <image/>
   <values>
    <value>edge-pair: (123.805,92.688;123.805,93.095)|(123.645,93.152;123.645,92.745)</value>
   </values>
  </item>
  <item>
   <tags/>
   <category>'li.3'</category>
   <cell>spm</cell>
   <visited>false</visited>
   <multiplicity>1</multiplicity>
   <comment/>
   <image/>
   <values>
    <value>edge-pair: (121.995,93.705;122.169,93.705)|(122,93.725;121.83,93.725)</value>
   </values>
  </item>
  <item>
   <tags/>
   <category>'li.3'</category>
   <cell>spm</cell>
   <visited>false</visited>
   <multiplicity>1</multiplicity>
   <comment/>
   <image/>
   <values>
    <value>edge-pair: (120.555,94.67;120.555,94.834)|(120.495,94.675;120.495,94.665)</value>
   </values>
  </item>
  <item>
   <tags/>
   <category>'li.3'</category>
   <cell>spm</cell>
   <visited>false</visited>
   <multiplicity>1</multiplicity>
   <comment/>
   <image/>
   <values>
    <value>edge-pair: (120.38,94.2;120.586,94.2)|(120.445,94.295;120.239,94.295)</value>
   </values>
  </item>
  <item>
   <tags/>
   <category>'li.3'</category>
   <cell>spm</cell>
   <visited>false</visited>
   <multiplicity>1</multiplicity>
   <comment/>
   <image/>
   <values>
    <value>edge-pair: (120.49,94.665;120.49,94.66)|(120.555,94.67;120.555,94.822)</value>
   </values>
  </item>
  <item>
   <tags/>
   <category>'li.3'</category>
   <cell>spm</cell>
   <visited>false</visited>
   <multiplicity>1</multiplicity>
   <comment/>
   <image/>
   <values>
    <value>edge-pair: (121.71,93.545;121.92,93.545)|(121.755,93.585;121.585,93.585)</value>
   </values>
  </item>
  <item>
   <tags/>
   <category>'li.3'</category>
   <cell>spm</cell>
   <visited>false</visited>
   <multiplicity>1</multiplicity>
   <comment/>
   <image/>
   <values>
    <value>edge-pair: (120.555,94.67;120.555,94.84)|(120.5,94.68;120.5,94.675)</value>
   </values>
  </item>
  <item>
   <tags/>
   <category>'li.3'</category>
   <cell>spm</cell>
   <visited>false</visited>
   <multiplicity>1</multiplicity>
   <comment/>
   <image/>
   <values>
    <value>edge-pair: (123.53,93.805;123.795,93.805)|(123.64,93.875;123.53,93.875)</value>
   </values>
  </item>
  <item>
   <tags/>
   <category>'li.3'</category>
   <cell>spm</cell>
   <visited>false</visited>
   <multiplicity>1</multiplicity>
   <comment/>
   <image/>
   <values>
    <value>edge-pair: (121.995,92.745;121.995,93.235)|(121.99,93.065;121.99,92.575)</value>
   </values>
  </item>
  <item>
   <tags/>
   <category>'li.3'</category>
   <cell>spm</cell>
   <visited>false</visited>
   <multiplicity>1</multiplicity>
   <comment/>
   <image/>
   <values>
    <value>edge-pair: (122.405,93.705;122.405,94.555)|(122.34,94.615;122.34,93.705)</value>
   </values>
  </item>
  <item>
   <tags/>
   <category>'li.3'</category>
   <cell>spm</cell>
   <visited>false</visited>
   <multiplicity>1</multiplicity>
   <comment/>
   <image/>
   <values>
    <value>edge-pair: (121.475,94.485;121.475,94.57)|(121.32,94.5;121.32,94.485)</value>
   </values>
  </item>
  <item>
   <tags/>
   <category>'li.3'</category>
   <cell>spm</cell>
   <visited>false</visited>
   <multiplicity>1</multiplicity>
   <comment/>
   <image/>
   <values>
    <value>edge-pair: (122.01,94.725;122.01,95.115)|(122,95.115;122,94.555)</value>
   </values>
  </item>
  <item>
   <tags/>
   <category>'li.3'</category>
   <cell>spm</cell>
   <visited>false</visited>
   <multiplicity>1</multiplicity>
   <comment/>
   <image/>
   <values>
    <value>edge-pair: (122.44,93.015;122.44,93.345)|(122.34,93.482;122.34,93.015)</value>
   </values>
  </item>
  <item>
   <tags/>
   <category>'li.3'</category>
   <cell>spm</cell>
   <visited>false</visited>
   <multiplicity>1</multiplicity>
   <comment/>
   <image/>
   <values>
    <value>edge-pair: (120.445,94.625;120.445,94.54)|(120.555,94.67;120.555,94.755)</value>
   </values>
  </item>
  <item>
   <tags/>
   <category>'li.3'</category>
   <cell>spm</cell>
   <visited>false</visited>
   <multiplicity>1</multiplicity>
   <comment/>
   <image/>
   <values>
    <value>edge-pair: (122.51,94.555;122.51,94.935)|(122.42,94.945;122.42,94.615)</value>
   </values>
  </item>
  <item>
   <tags/>
   <category>'li.3'</category>
   <cell>spm</cell>
   <visited>false</visited>
   <multiplicity>1</multiplicity>
   <comment/>
   <image/>
   <values>
    <value>edge-pair: (122.405,94.555;122.51,94.555)|(122.42,94.615;122.34,94.615)</value>
   </values>
  </item>
  <item>
   <tags/>
   <category>'li.3'</category>
   <cell>spm</cell>
   <visited>false</visited>
   <multiplicity>1</multiplicity>
   <comment/>
   <image/>
   <values>
    <value>edge-pair: (123.71,94.615;123.71,95.115)|(123.645,95.115;123.645,94.458)</value>
   </values>
  </item>
  <item>
   <tags/>
   <category>'li.3'</category>
   <cell>spm</cell>
   <visited>false</visited>
   <multiplicity>1</multiplicity>
   <comment/>
   <image/>
   <values>
    <value>edge-pair: (122.75,93.875;122.75,94.205)|(122.7,94.367;122.7,93.725)</value>
   </values>
  </item>
  <item>
   <tags/>
   <category>'li.3'</category>
   <cell>spm</cell>
   <visited>false</visited>
   <multiplicity>1</multiplicity>
   <comment/>
   <image/>
   <values>
    <value>edge-pair: (123.345,93.875;123.345,94.205)|(123.19,94.275;123.19,93.805)</value>
   </values>
  </item>
  <item>
   <tags/>
   <category>'li.3'</category>
   <cell>spm</cell>
   <visited>false</visited>
   <multiplicity>1</multiplicity>
   <comment/>
   <image/>
   <values>
    <value>edge-pair: (123.345,94.385;123.345,94.545)|(123.19,94.475;123.19,94.315)</value>
   </values>
  </item>
  <item>
   <tags/>
   <category>'li.3'</category>
   <cell>spm</cell>
   <visited>false</visited>
   <multiplicity>1</multiplicity>
   <comment/>
   <image/>
   <values>
    <value>edge-pair: (122.77,93.015;123.315,93.015)|(123.315,93.175;122.77,93.175)</value>
   </values>
  </item>
  <item>
   <tags/>
   <category>'li.3'</category>
   <cell>spm</cell>
   <visited>false</visited>
   <multiplicity>1</multiplicity>
   <comment/>
   <image/>
   <values>
    <value>edge-pair: (121.485,94.125;121.49,94.125)|(121.32,94.135;121.315,94.135)</value>
   </values>
  </item>
  <item>
   <tags/>
   <category>'li.3'</category>
   <cell>spm</cell>
   <visited>false</visited>
   <multiplicity>1</multiplicity>
   <comment/>
   <image/>
   <values>
    <value>edge-pair: (119.59,94.002;119.59,94.145)|(119.565,94.313;119.565,94.17)</value>
   </values>
  </item>
  <item>
   <tags/>
   <category>'li.3'</category>
   <cell>spm</cell>
   <visited>false</visited>
   <multiplicity>1</multiplicity>
   <comment/>
   <image/>
   <values>
    <value>edge-pair: (121.51,93.575;121.71,93.575)|(121.755,93.585;121.585,93.585)</value>
   </values>
  </item>
  <item>
   <tags/>
   <category>'li.3'</category>
   <cell>spm</cell>
   <visited>false</visited>
   <multiplicity>1</multiplicity>
   <comment/>
   <image/>
   <values>
    <value>edge-pair: (120.555,94.67;120.555,94.84)|(120.505,94.945;120.505,94.68)</value>
   </values>
  </item>
  <item>
   <tags/>
   <category>'li.3'</category>
   <cell>spm</cell>
   <visited>false</visited>
   <multiplicity>1</multiplicity>
   <comment/>
   <image/>
   <values>
    <value>edge-pair: (120.04,93.725;120.04,94.295)|(120.02,94.295;120.02,93.725)</value>
   </values>
  </item>
  <item>
   <tags/>
   <category>'li.3'</category>
   <cell>spm</cell>
   <visited>false</visited>
   <multiplicity>1</multiplicity>
   <comment/>
   <image/>
   <values>
    <value>edge-pair: (120.48,94.65;120.48,94.645)|(120.555,94.67;120.555,94.803)</value>
   </values>
  </item>
  <item>
   <tags/>
   <category>'li.3'</category>
   <cell>spm</cell>
   <visited>false</visited>
   <multiplicity>1</multiplicity>
   <comment/>
   <image/>
   <values>
    <value>edge-pair: (119.225,93.074;119.225,94.486)|(119.06,94.445;119.06,93.115)</value>
   </values>
  </item>
  <item>
   <tags/>
   <category>'li.3'</category>
   <cell>spm</cell>
   <visited>false</visited>
   <multiplicity>1</multiplicity>
   <comment/>
   <image/>
   <values>
    <value>edge-pair: (121.83,94.315;121.83,95.114)|(121.815,94.945;121.815,94.295)</value>
   </values>
  </item>
  <item>
   <tags/>
   <category>'li.3'</category>
   <cell>spm</cell>
   <visited>false</visited>
   <multiplicity>1</multiplicity>
   <comment/>
   <image/>
   <values>
    <value>edge-pair: (120.635,94.565;120.965,94.565)|(121.099,94.67;120.555,94.67)</value>
   </values>
  </item>
  <item>
   <tags/>
   <category>'li.3'</category>
   <cell>spm</cell>
   <visited>false</visited>
   <multiplicity>1</multiplicity>
   <comment/>
   <image/>
   <values>
    <value>edge-pair: (121.08,93.095;121.08,93.925)|(120.96,93.925;120.96,93.215)</value>
   </values>
  </item>
  <item>
   <tags/>
   <category>'li.3'</category>
   <cell>spm</cell>
   <visited>false</visited>
   <multiplicity>1</multiplicity>
   <comment/>
   <image/>
   <values>
    <value>edge-pair: (119.225,94.558;119.225,94.945)|(119.065,95.002;119.065,94.615)</value>
   </values>
  </item>
  <item>
   <tags/>
   <category>'li.3'</category>
   <cell>spm</cell>
   <visited>false</visited>
   <multiplicity>1</multiplicity>
   <comment/>
   <image/>
   <values>
    <value>edge-pair: (121.71,93.545;121.98,93.545)|(121.815,93.585;121.585,93.585)</value>
   </values>
  </item>
  <item>
   <tags/>
   <category>'li.3'</category>
   <cell>spm</cell>
   <visited>false</visited>
   <multiplicity>1</multiplicity>
   <comment/>
   <image/>
   <values>
    <value>edge-pair: (121.485,94.094;121.485,94.125)|(121.32,94.166;121.32,94.135)</value>
   </values>
  </item>
  <item>
   <tags/>
   <category>'li.3'</category>
   <cell>spm</cell>
   <visited>false</visited>
   <multiplicity>1</multiplicity>
   <comment/>
   <image/>
   <values>
    <value>edge-pair: (124.235,81.855;124.235,82.28)|(124.105,82.245;124.105,81.855)</value>
   </values>
  </item>
  <item>
   <tags/>
   <category>'li.3'</category>
   <cell>spm</cell>
   <visited>false</visited>
   <multiplicity>1</multiplicity>
   <comment/>
   <image/>
   <values>
    <value>edge-pair: (122.905,82.595;122.905,83.479)|(122.8,83.345;122.8,82.695)</value>
   </values>
  </item>
  <item>
   <tags/>
   <category>'li.3'</category>
   <cell>spm</cell>
   <visited>false</visited>
   <multiplicity>1</multiplicity>
   <comment/>
   <image/>
   <values>
    <value>edge-pair: (123.8,82.111;123.8,82.145)|(123.71,82.289;123.71,82.255)</value>
   </values>
  </item>
  <item>
   <tags/>
   <category>'li.3'</category>
   <cell>spm</cell>
   <visited>false</visited>
   <multiplicity>1</multiplicity>
   <comment/>
   <image/>
   <values>
    <value>edge-pair: (124.235,82.086;124.235,82.28)|(124.175,82.439;124.175,82.245)</value>
   </values>
  </item>
  <item>
   <tags/>
   <category>'li.3'</category>
   <cell>spm</cell>
   <visited>false</visited>
   <multiplicity>1</multiplicity>
   <comment/>
   <image/>
   <values>
    <value>edge-pair: (124.18,82.28;124.18,83.055)|(124.175,83.055;124.175,82.245)</value>
   </values>
  </item>
  <item>
   <tags/>
   <category>'li.3'</category>
   <cell>spm</cell>
   <visited>false</visited>
   <multiplicity>1</multiplicity>
   <comment/>
   <image/>
   <values>
    <value>edge-pair: (125.63,82.572;125.63,82.835)|(125.495,82.835;125.495,82.675)</value>
   </values>
  </item>
  <item>
   <tags/>
   <category>'li.3'</category>
   <cell>spm</cell>
   <visited>false</visited>
   <multiplicity>1</multiplicity>
   <comment/>
   <image/>
   <values>
    <value>edge-pair: (124.93,82.528;124.93,83.032)|(124.845,82.885;124.845,82.675)</value>
   </values>
  </item>
  <item>
   <tags/>
   <category>'li.3'</category>
   <cell>spm</cell>
   <visited>false</visited>
   <multiplicity>1</multiplicity>
   <comment/>
   <image/>
   <values>
    <value>edge-pair: (123.345,83.759;123.345,83.81)|(123.205,83.906;123.205,83.855)</value>
   </values>
  </item>
  <item>
   <tags/>
   <category>'li.3'</category>
   <cell>spm</cell>
   <visited>false</visited>
   <multiplicity>1</multiplicity>
   <comment/>
   <image/>
   <values>
    <value>edge-pair: (125.63,82.745;125.63,82.835)|(125.495,82.835;125.495,82.675)</value>
   </values>
  </item>
  <item>
   <tags/>
   <category>'li.3'</category>
   <cell>spm</cell>
   <visited>false</visited>
   <multiplicity>1</multiplicity>
   <comment/>
   <image/>
   <values>
    <value>edge-pair: (123.73,83.305;123.73,83.605)|(123.62,83.735;123.62,83.305)</value>
   </values>
  </item>
  <item>
   <tags/>
   <category>'li.3'</category>
   <cell>spm</cell>
   <visited>false</visited>
   <multiplicity>1</multiplicity>
   <comment/>
   <image/>
   <values>
    <value>edge-pair: (124.695,81.982;124.695,82.13)|(124.56,82.233;124.56,82.085)</value>
   </values>
  </item>
  <item>
   <tags/>
   <category>'li.3'</category>
   <cell>spm</cell>
   <visited>false</visited>
   <multiplicity>1</multiplicity>
   <comment/>
   <image/>
   <values>
    <value>edge-pair: (124.39,82.41;124.39,82.505)|(124.35,82.67;124.35,82.41)</value>
   </values>
  </item>
  <item>
   <tags/>
   <category>'li.3'</category>
   <cell>spm</cell>
   <visited>false</visited>
   <multiplicity>1</multiplicity>
   <comment/>
   <image/>
   <values>
    <value>edge-pair: (124.235,83.645;124.235,83.955)|(124.12,84.08;124.12,83.52)</value>
   </values>
  </item>
  <item>
   <tags/>
   <category>'li.3'</category>
   <cell>spm</cell>
   <visited>false</visited>
   <multiplicity>1</multiplicity>
   <comment/>
   <image/>
   <values>
    <value>edge-pair: (126.31,82.425;126.31,83.255)|(126.26,83.255;126.26,82.425)</value>
   </values>
  </item>
  <item>
   <tags/>
   <category>'li.3'</category>
   <cell>spm</cell>
   <visited>false</visited>
   <multiplicity>1</multiplicity>
   <comment/>
   <image/>
   <values>
    <value>edge-pair: (125.97,83.075;126.085,83.075)|(126.085,83.095;125.801,83.095)</value>
   </values>
  </item>
  <item>
   <tags/>
   <category>'li.3'</category>
   <cell>spm</cell>
   <visited>false</visited>
   <multiplicity>1</multiplicity>
   <comment/>
   <image/>
   <values>
    <value>edge-pair: (125.44,83.005;125.575,83.005)|(125.465,83.135;125.44,83.135)</value>
   </values>
  </item>
  <item>
   <tags/>
   <category>'li.3'</category>
   <cell>spm</cell>
   <visited>false</visited>
   <multiplicity>1</multiplicity>
   <comment/>
   <image/>
   <values>
    <value>edge-pair: (125.97,82.114;125.97,82.485)|(125.915,82.646;125.915,82.275)</value>
   </values>
  </item>
  <item>
   <tags/>
   <category>'li.3'</category>
   <cell>spm</cell>
   <visited>false</visited>
   <multiplicity>1</multiplicity>
   <comment/>
   <image/>
   <values>
    <value>edge-pair: (125.63,82.572;125.63,82.745)|(125.495,82.835;125.495,82.675)</value>
   </values>
  </item>
  <item>
   <tags/>
   <category>'li.3'</category>
   <cell>spm</cell>
   <visited>false</visited>
   <multiplicity>1</multiplicity>
   <comment/>
   <image/>
   <values>
    <value>edge-pair: (122.75,82.525;122.97,82.525)|(122.97,82.595;122.905,82.595)</value>
   </values>
  </item>
  <item>
   <tags/>
   <category>'li.3'</category>
   <cell>spm</cell>
   <visited>false</visited>
   <multiplicity>1</multiplicity>
   <comment/>
   <image/>
   <values>
    <value>edge-pair: (123.345,83.81;123.369,83.81)|(123.205,83.855;123.181,83.855)</value>
   </values>
  </item>
  <item>
   <tags/>
   <category>'li.3'</category>
   <cell>spm</cell>
   <visited>false</visited>
   <multiplicity>1</multiplicity>
   <comment/>
   <image/>
   <values>
    <value>edge-pair: (123.375,82.426;123.375,83.114)|(123.355,82.945;123.355,82.595)</value>
   </values>
  </item>
  <item>
   <tags/>
   <category>'li.3'</category>
   <cell>spm</cell>
   <visited>false</visited>
   <multiplicity>1</multiplicity>
   <comment/>
   <image/>
   <values>
    <value>edge-pair: (124.39,82.505;124.901,82.505)|(124.76,82.6;124.52,82.6)</value>
   </values>
  </item>
  <item>
   <tags/>
   <category>'li.3'</category>
   <cell>spm</cell>
   <visited>false</visited>
   <multiplicity>1</multiplicity>
   <comment/>
   <image/>
   <values>
    <value>edge-pair: (123.8,82.145;123.84,82.145)|(123.71,82.255;123.67,82.255)</value>
   </values>
  </item>
  <item>
   <tags/>
   <category>'li.3'</category>
   <cell>spm</cell>
   <visited>false</visited>
   <multiplicity>1</multiplicity>
   <comment/>
   <image/>
   <values>
    <value>edge-pair: (125.531,83.005;125.97,83.005)|(126.085,83.095;125.675,83.095)</value>
   </values>
  </item>
  <item>
   <tags/>
   <category>'li.3'</category>
   <cell>spm</cell>
   <visited>false</visited>
   <multiplicity>1</multiplicity>
   <comment/>
   <image/>
   <values>
    <value>edge-pair: (125.63,82.13;125.63,82.594)|(125.485,82.505;125.485,82.13)</value>
   </values>
  </item>
  <item>
   <tags/>
   <category>'li.3'</category>
   <cell>spm</cell>
   <visited>false</visited>
   <multiplicity>1</multiplicity>
   <comment/>
   <image/>
   <values>
    <value>edge-pair: (124.695,81.96;124.695,82.13)|(124.64,82.085;124.64,81.855)</value>
   </values>
  </item>
  <item>
   <tags/>
   <category>'li.3'</category>
   <cell>spm</cell>
   <visited>false</visited>
   <multiplicity>1</multiplicity>
   <comment/>
   <image/>
   <values>
    <value>edge-pair: (124.765,83.785;124.765,83.955)|(124.615,84.035;124.615,83.705)</value>
   </values>
  </item>
  <item>
   <tags/>
   <category>'li.3'</category>
   <cell>spm</cell>
   <visited>false</visited>
   <multiplicity>1</multiplicity>
   <comment/>
   <image/>
   <values>
    <value>edge-pair: (124.841,82.155;124.985,82.155)|(125.074,82.3;124.93,82.3)</value>
   </values>
  </item>
  <item>
   <tags/>
   <category>'li.3'</category>
   <cell>spm</cell>
   <visited>false</visited>
   <multiplicity>1</multiplicity>
   <comment/>
   <image/>
   <values>
    <value>edge-pair: (123.345,83.135;123.345,83.774)|(123.2,83.685;123.2,83.046)</value>
   </values>
  </item>
  <item>
   <tags/>
   <category>'li.3'</category>
   <cell>spm</cell>
   <visited>false</visited>
   <multiplicity>1</multiplicity>
   <comment/>
   <image/>
   <values>
    <value>edge-pair: (124.18,83.316;124.18,83.645)|(124.12,83.804;124.12,83.475)</value>
   </values>
  </item>
  <item>
   <tags/>
   <category>'li.3'</category>
   <cell>spm</cell>
   <visited>false</visited>
   <multiplicity>1</multiplicity>
   <comment/>
   <image/>
   <values>
    <value>edge-pair: (126.19,81.865;126.19,82.245)|(126.14,82.245;126.14,81.703)</value>
   </values>
  </item>
  <item>
   <tags/>
   <category>'li.3'</category>
   <cell>spm</cell>
   <visited>false</visited>
   <multiplicity>1</multiplicity>
   <comment/>
   <image/>
   <values>
    <value>edge-pair: (125.1,82.665;125.46,82.665)|(125.495,82.675;125.1,82.675)</value>
   </values>
  </item>
  <item>
   <tags/>
   <category>'li.3'</category>
   <cell>spm</cell>
   <visited>false</visited>
   <multiplicity>1</multiplicity>
   <comment/>
   <image/>
   <values>
    <value>edge-pair: (126.615,82.082;126.615,82.595)|(126.48,82.595;126.48,82.185)</value>
   </values>
  </item>
  <item>
   <tags/>
   <category>'li.3'</category>
   <cell>spm</cell>
   <visited>false</visited>
   <multiplicity>1</multiplicity>
   <comment/>
   <image/>
   <values>
    <value>edge-pair: (126.615,81.975;126.615,82.346)|(126.56,82.185;126.56,81.855)</value>
   </values>
  </item>
  <item>
   <tags/>
   <category>'li.3'</category>
   <cell>spm</cell>
   <visited>false</visited>
   <multiplicity>1</multiplicity>
   <comment/>
   <image/>
   <values>
    <value>edge-pair: (126.65,83.075;126.84,83.075)|(127.002,83.125;126.488,83.125)</value>
   </values>
  </item>
  <item>
   <tags/>
   <category>'li.3'</category>
   <cell>spm</cell>
   <visited>false</visited>
   <multiplicity>1</multiplicity>
   <comment/>
   <image/>
   <values>
    <value>edge-pair: (126.48,83.625;126.772,83.625)|(126.715,83.785;126.48,83.785)</value>
   </values>
  </item>
  <item>
   <tags/>
   <category>'li.3'</category>
   <cell>spm</cell>
   <visited>false</visited>
   <multiplicity>1</multiplicity>
   <comment/>
   <image/>
   <values>
    <value>edge-pair: (126.828,83.625;126.995,83.625)|(126.995,83.785;126.885,83.785)</value>
   </values>
  </item>
  <item>
   <tags/>
   <category>'li.3'</category>
   <cell>spm</cell>
   <visited>false</visited>
   <multiplicity>1</multiplicity>
   <comment/>
   <image/>
   <values>
    <value>edge-pair: (126.885,83.785;126.885,83.955)|(126.815,84.11;126.815,83.795)</value>
   </values>
  </item>
  <item>
   <tags/>
   <category>'li.3'</category>
   <cell>spm</cell>
   <visited>false</visited>
   <multiplicity>1</multiplicity>
   <comment/>
   <image/>
   <values>
    <value>edge-pair: (127.01,82.325;127.01,82.966)|(126.845,82.925;126.845,82.284)</value>
   </values>
  </item>
  <item>
   <tags/>
   <category>'li.3'</category>
   <cell>spm</cell>
   <visited>false</visited>
   <multiplicity>1</multiplicity>
   <comment/>
   <image/>
   <values>
    <value>edge-pair: (126.125,76.322;126.125,76.855)|(125.99,76.855;125.99,76.425)</value>
   </values>
  </item>
  <item>
   <tags/>
   <category>'li.3'</category>
   <cell>spm</cell>
   <visited>false</visited>
   <multiplicity>1</multiplicity>
   <comment/>
   <image/>
   <values>
    <value>edge-pair: (129.775,77.055;129.865,77.055)|(129.865,77.07;129.805,77.07)</value>
   </values>
  </item>
  <item>
   <tags/>
   <category>'li.3'</category>
   <cell>spm</cell>
   <visited>false</visited>
   <multiplicity>1</multiplicity>
   <comment/>
   <image/>
   <values>
    <value>edge-pair: (130.565,77.34;130.565,77.37)|(130.555,77.37;130.555,77.235)</value>
   </values>
  </item>
  <item>
   <tags/>
   <category>'li.3'</category>
   <cell>spm</cell>
   <visited>false</visited>
   <multiplicity>1</multiplicity>
   <comment/>
   <image/>
   <values>
    <value>edge-pair: (130.235,76.9;130.235,77.165)|(130.105,77.055;130.105,76.9)</value>
   </values>
  </item>
  <item>
   <tags/>
   <category>'li.3'</category>
   <cell>spm</cell>
   <visited>false</visited>
   <multiplicity>1</multiplicity>
   <comment/>
   <image/>
   <values>
    <value>edge-pair: (130.26,77.485;130.46,77.485)|(130.46,77.49;130.43,77.49)</value>
   </values>
  </item>
  <item>
   <tags/>
   <category>'li.3'</category>
   <cell>spm</cell>
   <visited>false</visited>
   <multiplicity>1</multiplicity>
   <comment/>
   <image/>
   <values>
    <value>edge-pair: (130.705,77.28;130.705,77.29)|(130.555,77.37;130.555,77.235)</value>
   </values>
  </item>
  <item>
   <tags/>
   <category>'li.3'</category>
   <cell>spm</cell>
   <visited>false</visited>
   <multiplicity>1</multiplicity>
   <comment/>
   <image/>
   <values>
    <value>edge-pair: (129.695,77.485;129.695,77.39)|(129.805,77.52;129.805,77.615)</value>
   </values>
  </item>
  <item>
   <tags/>
   <category>'li.3'</category>
   <cell>spm</cell>
   <visited>false</visited>
   <multiplicity>1</multiplicity>
   <comment/>
   <image/>
   <values>
    <value>edge-pair: (130.205,77.485;130.46,77.485)|(130.43,77.52;130.065,77.52)</value>
   </values>
  </item>
  <item>
   <tags/>
   <category>'li.3'</category>
   <cell>spm</cell>
   <visited>false</visited>
   <multiplicity>1</multiplicity>
   <comment/>
   <image/>
   <values>
    <value>edge-pair: (129.775,76.415;129.775,77.055)|(129.625,77.135;129.625,76.425)</value>
   </values>
  </item>
  <item>
   <tags/>
   <category>'li.3'</category>
   <cell>spm</cell>
   <visited>false</visited>
   <multiplicity>1</multiplicity>
   <comment/>
   <image/>
   <values>
    <value>edge-pair: (129.805,78.415;129.805,78.585)|(129.685,78.61;129.685,78.295)</value>
   </values>
  </item>
  <item>
   <tags/>
   <category>'li.3'</category>
   <cell>spm</cell>
   <visited>false</visited>
   <multiplicity>1</multiplicity>
   <comment/>
   <image/>
   <values>
    <value>edge-pair: (125.215,78.205;125.455,78.205)|(125.345,78.285;125.175,78.285)</value>
   </values>
  </item>
  <item>
   <tags/>
   <category>'li.3'</category>
   <cell>spm</cell>
   <visited>false</visited>
   <multiplicity>1</multiplicity>
   <comment/>
   <image/>
   <values>
    <value>edge-pair: (130.035,77.055;130.105,77.055)|(130.065,77.07;130.035,77.07)</value>
   </values>
  </item>
  <item>
   <tags/>
   <category>'li.3'</category>
   <cell>spm</cell>
   <visited>false</visited>
   <multiplicity>1</multiplicity>
   <comment/>
   <image/>
   <values>
    <value>edge-pair: (130.205,77.235;130.205,77.485)|(130.065,77.52;130.065,77.139)</value>
   </values>
  </item>
  <item>
   <tags/>
   <category>'li.3'</category>
   <cell>spm</cell>
   <visited>false</visited>
   <multiplicity>1</multiplicity>
   <comment/>
   <image/>
   <values>
    <value>edge-pair: (130.635,77.33;130.635,77.34)|(130.555,77.37;130.555,77.235)</value>
   </values>
  </item>
  <item>
   <tags/>
   <category>'li.3'</category>
   <cell>spm</cell>
   <visited>false</visited>
   <multiplicity>1</multiplicity>
   <comment/>
   <image/>
   <values>
    <value>edge-pair: (125.97,77.885;126.074,77.885)|(125.915,77.945;125.811,77.945)</value>
   </values>
  </item>
  <item>
   <tags/>
   <category>'li.3'</category>
   <cell>spm</cell>
   <visited>false</visited>
   <multiplicity>1</multiplicity>
   <comment/>
   <image/>
   <values>
    <value>edge-pair: (125.97,77.025;125.97,77.355)|(125.955,77.524;125.955,77.025)</value>
   </values>
  </item>
  <item>
   <tags/>
   <category>'li.3'</category>
   <cell>spm</cell>
   <visited>false</visited>
   <multiplicity>1</multiplicity>
   <comment/>
   <image/>
   <values>
    <value>edge-pair: (130.72,77.245;130.72,77.28)|(130.555,77.321;130.555,77.235)</value>
   </values>
  </item>
  <item>
   <tags/>
   <category>'li.3'</category>
   <cell>spm</cell>
   <visited>false</visited>
   <multiplicity>1</multiplicity>
   <comment/>
   <image/>
   <values>
    <value>edge-pair: (129.685,77.825;130.035,77.825)|(130.201,77.86;129.805,77.86)</value>
   </values>
  </item>
  <item>
   <tags/>
   <category>'li.3'</category>
   <cell>spm</cell>
   <visited>false</visited>
   <multiplicity>1</multiplicity>
   <comment/>
   <image/>
   <values>
    <value>edge-pair: (125.515,78.115;125.515,78.364)|(125.455,78.205;125.455,78.115)</value>
   </values>
  </item>
  <item>
   <tags/>
   <category>'li.3'</category>
   <cell>spm</cell>
   <visited>false</visited>
   <multiplicity>1</multiplicity>
   <comment/>
   <image/>
   <values>
    <value>edge-pair: (130.585,76.415;130.585,76.755)|(130.545,76.92;130.545,76.25)</value>
   </values>
  </item>
  <item>
   <tags/>
   <category>'li.3'</category>
   <cell>spm</cell>
   <visited>false</visited>
   <multiplicity>1</multiplicity>
   <comment/>
   <image/>
   <values>
    <value>edge-pair: (130.66,77.32;130.66,77.33)|(130.555,77.37;130.555,77.235)</value>
   </values>
  </item>
  <item>
   <tags/>
   <category>'li.3'</category>
   <cell>spm</cell>
   <visited>false</visited>
   <multiplicity>1</multiplicity>
   <comment/>
   <image/>
   <values>
    <value>edge-pair: (129.805,77.105;129.805,77.615)|(129.695,77.485;129.695,77.235)</value>
   </values>
  </item>
  <item>
   <tags/>
   <category>'li.3'</category>
   <cell>spm</cell>
   <visited>false</visited>
   <multiplicity>1</multiplicity>
   <comment/>
   <image/>
   <values>
    <value>edge-pair: (129.805,77.86;129.805,78.245)|(129.685,78.365;129.685,77.825)</value>
   </values>
  </item>
  <item>
   <tags/>
   <category>'li.3'</category>
   <cell>spm</cell>
   <visited>false</visited>
   <multiplicity>1</multiplicity>
   <comment/>
   <image/>
   <values>
    <value>edge-pair: (125.385,77.485;125.61,77.485)|(125.455,77.555;125.23,77.555)</value>
   </values>
  </item>
  <item>
   <tags/>
   <category>'li.3'</category>
   <cell>spm</cell>
   <visited>false</visited>
   <multiplicity>1</multiplicity>
   <comment/>
   <image/>
   <values>
    <value>edge-pair: (126.535,76.425;126.535,76.855)|(126.415,76.855;126.415,76.305)</value>
   </values>
  </item>
  <item>
   <tags/>
   <category>'li.3'</category>
   <cell>spm</cell>
   <visited>false</visited>
   <multiplicity>1</multiplicity>
   <comment/>
   <image/>
   <values>
    <value>edge-pair: (126.565,78.065;126.565,78.705)|(126.415,78.625;126.415,77.985)</value>
   </values>
  </item>
  <item>
   <tags/>
   <category>'li.3'</category>
   <cell>spm</cell>
   <visited>false</visited>
   <multiplicity>1</multiplicity>
   <comment/>
   <image/>
   <values>
    <value>edge-pair: (125.625,77.385;125.625,77.655)|(125.615,77.485;125.615,77.385)</value>
   </values>
  </item>
  <item>
   <tags/>
   <category>'li.3'</category>
   <cell>spm</cell>
   <visited>false</visited>
   <multiplicity>1</multiplicity>
   <comment/>
   <image/>
   <values>
    <value>edge-pair: (130.235,77.17;130.565,77.17)|(130.555,77.235;130.205,77.235)</value>
   </values>
  </item>
  <item>
   <tags/>
   <category>'li.3'</category>
   <cell>spm</cell>
   <visited>false</visited>
   <multiplicity>1</multiplicity>
   <comment/>
   <image/>
   <values>
    <value>edge-pair: (125.66,76.651;125.66,77.025)|(125.615,77.189;125.615,76.815)</value>
   </values>
  </item>
  <item>
   <tags/>
   <category>'li.3'</category>
   <cell>spm</cell>
   <visited>false</visited>
   <multiplicity>1</multiplicity>
   <comment/>
   <image/>
   <values>
    <value>edge-pair: (129.345,77.485;129.695,77.485)|(129.62,77.555;129.325,77.555)</value>
   </values>
  </item>
  <item>
   <tags/>
   <category>'li.3'</category>
   <cell>spm</cell>
   <visited>false</visited>
   <multiplicity>1</multiplicity>
   <comment/>
   <image/>
   <values>
    <value>edge-pair: (125.97,77.784;125.97,77.885)|(125.915,78.046;125.915,77.945)</value>
   </values>
  </item>
  <item>
   <tags/>
   <category>'li.3'</category>
   <cell>spm</cell>
   <visited>false</visited>
   <multiplicity>1</multiplicity>
   <comment/>
   <image/>
   <values>
    <value>edge-pair: (130.68,77.305;130.68,77.32)|(130.555,77.37;130.555,77.235)</value>
   </values>
  </item>
  <item>
   <tags/>
   <category>'li.3'</category>
   <cell>spm</cell>
   <visited>false</visited>
   <multiplicity>1</multiplicity>
   <comment/>
   <image/>
   <values>
    <value>edge-pair: (130.7,77.29;130.7,77.305)|(130.555,77.37;130.555,77.235)</value>
   </values>
  </item>
  <item>
   <tags/>
   <category>'li.3'</category>
   <cell>spm</cell>
   <visited>false</visited>
   <multiplicity>1</multiplicity>
   <comment/>
   <image/>
   <values>
    <value>edge-pair: (129.805,77.105;129.805,77.52)|(129.695,77.485;129.695,77.235)</value>
   </values>
  </item>
  <item>
   <tags/>
   <category>'li.3'</category>
   <cell>spm</cell>
   <visited>false</visited>
   <multiplicity>1</multiplicity>
   <comment/>
   <image/>
   <values>
    <value>edge-pair: (126.095,77.959;126.095,78.625)|(125.955,78.615;125.955,78.055)</value>
   </values>
  </item>
  <item>
   <tags/>
   <category>'li.3'</category>
   <cell>spm</cell>
   <visited>false</visited>
   <multiplicity>1</multiplicity>
   <comment/>
   <image/>
   <values>
    <value>edge-pair: (125.135,77.405;125.215,77.405)|(125.295,77.555;125.215,77.555)</value>
   </values>
  </item>
  <item>
   <tags/>
   <category>'li.3'</category>
   <cell>spm</cell>
   <visited>false</visited>
   <multiplicity>1</multiplicity>
   <comment/>
   <image/>
   <values>
    <value>edge-pair: (126.565,77.555;126.565,77.885)|(126.415,77.965;126.415,77.525)</value>
   </values>
  </item>
  <item>
   <tags/>
   <category>'li.3'</category>
   <cell>spm</cell>
   <visited>false</visited>
   <multiplicity>1</multiplicity>
   <comment/>
   <image/>
   <values>
    <value>edge-pair: (139.805,77.89;139.875,77.89)|(139.99,78.015;139.92,78.015)</value>
   </values>
  </item>
  <item>
   <tags/>
   <category>'li.3'</category>
   <cell>spm</cell>
   <visited>false</visited>
   <multiplicity>1</multiplicity>
   <comment/>
   <image/>
   <values>
    <value>edge-pair: (143.725,61.886;143.725,62.075)|(143.58,62.075;143.58,61.975)</value>
   </values>
  </item>
  <item>
   <tags/>
   <category>'li.3'</category>
   <cell>spm</cell>
   <visited>false</visited>
   <multiplicity>1</multiplicity>
   <comment/>
   <image/>
   <values>
    <value>edge-pair: (138.515,77.139;138.515,77.17)|(138.375,77.266;138.375,77.235)</value>
   </values>
  </item>
  <item>
   <tags/>
   <category>'li.3'</category>
   <cell>spm</cell>
   <visited>false</visited>
   <multiplicity>1</multiplicity>
   <comment/>
   <image/>
   <values>
    <value>edge-pair: (139.885,76.87;139.885,77.415)|(139.77,77.29;139.77,76.995)</value>
   </values>
  </item>
  <item>
   <tags/>
   <category>'li.3'</category>
   <cell>spm</cell>
   <visited>false</visited>
   <multiplicity>1</multiplicity>
   <comment/>
   <image/>
   <values>
    <value>edge-pair: (143.5,61.905;143.555,61.905)|(143.58,61.975;143.5,61.975)</value>
   </values>
  </item>
  <item>
   <tags/>
   <category>'li.3'</category>
   <cell>spm</cell>
   <visited>false</visited>
   <multiplicity>1</multiplicity>
   <comment/>
   <image/>
   <values>
    <value>edge-pair: (139.885,77.12;139.885,77.655)|(139.875,77.655;139.875,77.29)</value>
   </values>
  </item>
  <item>
   <tags/>
   <category>'li.3'</category>
   <cell>spm</cell>
   <visited>false</visited>
   <multiplicity>1</multiplicity>
   <comment/>
   <image/>
   <values>
    <value>edge-pair: (139.418,77.495;139.645,77.495)|(139.645,77.655;139.475,77.655)</value>
   </values>
  </item>
  <item>
   <tags/>
   <category>'li.3'</category>
   <cell>spm</cell>
   <visited>false</visited>
   <multiplicity>1</multiplicity>
   <comment/>
   <image/>
   <values>
    <value>edge-pair: (143.325,61.235;143.325,61.456)|(143.16,61.415;143.16,61.194)</value>
   </values>
  </item>
  <item>
   <tags/>
   <category>'li.3'</category>
   <cell>spm</cell>
   <visited>false</visited>
   <multiplicity>1</multiplicity>
   <comment/>
   <image/>
   <values>
    <value>edge-pair: (142.12,61.485;142.61,61.485)|(142.48,61.495;142.12,61.495)</value>
   </values>
  </item>
  <item>
   <tags/>
   <category>'li.3'</category>
   <cell>spm</cell>
   <visited>false</visited>
   <multiplicity>1</multiplicity>
   <comment/>
   <image/>
   <values>
    <value>edge-pair: (139.94,66.294;139.94,66.605)|(139.775,66.646;139.775,66.335)</value>
   </values>
  </item>
  <item>
   <tags/>
   <category>'li.3'</category>
   <cell>spm</cell>
   <visited>false</visited>
   <multiplicity>1</multiplicity>
   <comment/>
   <image/>
   <values>
    <value>edge-pair: (142.275,60.505;142.275,60.775)|(142.12,60.845;142.12,60.575)</value>
   </values>
  </item>
  <item>
   <tags/>
   <category>'li.3'</category>
   <cell>spm</cell>
   <visited>false</visited>
   <multiplicity>1</multiplicity>
   <comment/>
   <image/>
   <values>
    <value>edge-pair: (144.52,60.375;144.52,61.236)|(144.355,61.195;144.355,60.375)</value>
   </values>
  </item>
  <item>
   <tags/>
   <category>'li.3'</category>
   <cell>spm</cell>
   <visited>false</visited>
   <multiplicity>1</multiplicity>
   <comment/>
   <image/>
   <values>
    <value>edge-pair: (142.65,61.325;142.65,61.65)|(142.61,61.485;142.61,61.325)</value>
   </values>
  </item>
  <item>
   <tags/>
   <category>'li.3'</category>
   <cell>spm</cell>
   <visited>false</visited>
   <multiplicity>1</multiplicity>
   <comment/>
   <image/>
   <values>
    <value>edge-pair: (142.65,61.325;142.65,61.415)|(142.61,61.485;142.61,61.325)</value>
   </values>
  </item>
  <item>
   <tags/>
   <category>'li.3'</category>
   <cell>spm</cell>
   <visited>false</visited>
   <multiplicity>1</multiplicity>
   <comment/>
   <image/>
   <values>
    <value>edge-pair: (142.46,61.115;142.78,61.115)|(142.78,61.155;142.46,61.155)</value>
   </values>
  </item>
  <item>
   <tags/>
   <category>'li.3'</category>
   <cell>spm</cell>
   <visited>false</visited>
   <multiplicity>1</multiplicity>
   <comment/>
   <image/>
   <values>
    <value>edge-pair: (138.345,77.485;138.375,77.485)|(138.541,77.52;138.345,77.52)</value>
   </values>
  </item>
  <item>
   <tags/>
   <category>'li.3'</category>
   <cell>spm</cell>
   <visited>false</visited>
   <multiplicity>1</multiplicity>
   <comment/>
   <image/>
   <values>
    <value>edge-pair: (142.87,60.905;143.115,60.905)|(142.95,60.945;142.705,60.945)</value>
   </values>
  </item>
  <item>
   <tags/>
   <category>'li.3'</category>
   <cell>spm</cell>
   <visited>false</visited>
   <multiplicity>1</multiplicity>
   <comment/>
   <image/>
   <values>
    <value>edge-pair: (139.475,78.09;139.475,78.615)|(139.365,78.575;139.365,78.09)</value>
   </values>
  </item>
  <item>
   <tags/>
   <category>'li.3'</category>
   <cell>spm</cell>
   <visited>false</visited>
   <multiplicity>1</multiplicity>
   <comment/>
   <image/>
   <values>
    <value>edge-pair: (139.515,76.79;139.77,76.79)|(139.715,76.835;139.475,76.835)</value>
   </values>
  </item>
  <item>
   <tags/>
   <category>'li.3'</category>
   <cell>spm</cell>
   <visited>false</visited>
   <multiplicity>1</multiplicity>
   <comment/>
   <image/>
   <values>
    <value>edge-pair: (142.615,60.135;142.615,60.775)|(142.46,60.845;142.46,60.205)</value>
   </values>
  </item>
  <item>
   <tags/>
   <category>'li.3'</category>
   <cell>spm</cell>
   <visited>false</visited>
   <multiplicity>1</multiplicity>
   <comment/>
   <image/>
   <values>
    <value>edge-pair: (143.325,61.634;143.325,61.735)|(143.16,61.735;143.16,61.675)</value>
   </values>
  </item>
  <item>
   <tags/>
   <category>'li.3'</category>
   <cell>spm</cell>
   <visited>false</visited>
   <multiplicity>1</multiplicity>
   <comment/>
   <image/>
   <values>
    <value>edge-pair: (141.6,61.905;141.855,61.905)|(141.855,62.03;141.715,62.03)</value>
   </values>
  </item>
  <item>
   <tags/>
   <category>'li.3'</category>
   <cell>spm</cell>
   <visited>false</visited>
   <multiplicity>1</multiplicity>
   <comment/>
   <image/>
   <values>
    <value>edge-pair: (142.025,61.905;142.65,61.905)|(142.65,62.03;142.025,62.03)</value>
   </values>
  </item>
  <item>
   <tags/>
   <category>'li.3'</category>
   <cell>spm</cell>
   <visited>false</visited>
   <multiplicity>1</multiplicity>
   <comment/>
   <image/>
   <values>
    <value>edge-pair: (139.345,76.755;139.345,76.725)|(139.475,76.835;139.475,76.865)</value>
   </values>
  </item>
  <item>
   <tags/>
   <category>'li.3'</category>
   <cell>spm</cell>
   <visited>false</visited>
   <multiplicity>1</multiplicity>
   <comment/>
   <image/>
   <values>
    <value>edge-pair: (145.905,61.165;145.905,61.925)|(145.755,62.005;145.755,61.165)</value>
   </values>
  </item>
  <item>
   <tags/>
   <category>'li.3'</category>
   <cell>spm</cell>
   <visited>false</visited>
   <multiplicity>1</multiplicity>
   <comment/>
   <image/>
   <values>
    <value>edge-pair: (141.785,60.205;141.785,60.375)|(141.685,60.512;141.685,60.095)</value>
   </values>
  </item>
  <item>
   <tags/>
   <category>'li.3'</category>
   <cell>spm</cell>
   <visited>false</visited>
   <multiplicity>1</multiplicity>
   <comment/>
   <image/>
   <values>
    <value>edge-pair: (141.95,61.115;141.95,61.724)|(141.89,61.565;141.89,61.115)</value>
   </values>
  </item>
  <item>
   <tags/>
   <category>'li.3'</category>
   <cell>spm</cell>
   <visited>false</visited>
   <multiplicity>1</multiplicity>
   <comment/>
   <image/>
   <values>
    <value>edge-pair: (138.095,77.055;138.365,77.055)|(138.345,77.07;138.085,77.07)</value>
   </values>
  </item>
  <item>
   <tags/>
   <category>'li.3'</category>
   <cell>spm</cell>
   <visited>false</visited>
   <multiplicity>1</multiplicity>
   <comment/>
   <image/>
   <values>
    <value>edge-pair: (145.455,60.676;145.455,61.324)|(145.395,61.165;145.395,60.835)</value>
   </values>
  </item>
  <item>
   <tags/>
   <category>'li.3'</category>
   <cell>spm</cell>
   <visited>false</visited>
   <multiplicity>1</multiplicity>
   <comment/>
   <image/>
   <values>
    <value>edge-pair: (142.65,61.415;142.65,61.65)|(142.61,61.485;142.61,61.325)</value>
   </values>
  </item>
  <item>
   <tags/>
   <category>'li.3'</category>
   <cell>spm</cell>
   <visited>false</visited>
   <multiplicity>1</multiplicity>
   <comment/>
   <image/>
   <values>
    <value>edge-pair: (144.52,61.599;144.52,62.005)|(144.355,62.005;144.355,61.64)</value>
   </values>
  </item>
  <item>
   <tags/>
   <category>'li.3'</category>
   <cell>spm</cell>
   <visited>false</visited>
   <multiplicity>1</multiplicity>
   <comment/>
   <image/>
   <values>
    <value>edge-pair: (141.54,60.965;141.54,61.56)|(141.475,61.717;141.475,60.808)</value>
   </values>
  </item>
  <item>
   <tags/>
   <category>'li.3'</category>
   <cell>spm</cell>
   <visited>false</visited>
   <multiplicity>1</multiplicity>
   <comment/>
   <image/>
   <values>
    <value>edge-pair: (139.92,78.152;139.92,78.615)|(139.785,78.718;139.785,78.255)</value>
   </values>
  </item>
  <item>
   <tags/>
   <category>'li.3'</category>
   <cell>spm</cell>
   <visited>false</visited>
   <multiplicity>1</multiplicity>
   <comment/>
   <image/>
   <values>
    <value>edge-pair: (143.885,60.875;144.03,60.875)|(144.03,61.025;143.805,61.025)</value>
   </values>
  </item>
  <item>
   <tags/>
   <category>'li.3'</category>
   <cell>spm</cell>
   <visited>false</visited>
   <multiplicity>1</multiplicity>
   <comment/>
   <image/>
   <values>
    <value>edge-pair: (144.52,60.375;144.52,61.165)|(144.355,61.195;144.355,60.375)</value>
   </values>
  </item>
  <item>
   <tags/>
   <category>'li.3'</category>
   <cell>spm</cell>
   <visited>false</visited>
   <multiplicity>1</multiplicity>
   <comment/>
   <image/>
   <values>
    <value>edge-pair: (143.885,60.545;143.885,60.875)|(143.855,60.775;143.855,60.378)</value>
   </values>
  </item>
  <item>
   <tags/>
   <category>'li.3'</category>
   <cell>spm</cell>
   <visited>false</visited>
   <multiplicity>1</multiplicity>
   <comment/>
   <image/>
   <values>
    <value>edge-pair: (143.33,60.205;143.33,60.599)|(143.285,60.435;143.285,60.041)</value>
   </values>
  </item>
  <item>
   <tags/>
   <category>'li.3'</category>
   <cell>spm</cell>
   <visited>false</visited>
   <multiplicity>1</multiplicity>
   <comment/>
   <image/>
   <values>
    <value>edge-pair: (139.77,76.79;139.77,76.68)|(139.885,76.805;139.885,76.915)</value>
   </values>
  </item>
  <item>
   <tags/>
   <category>'li.3'</category>
   <cell>spm</cell>
   <visited>false</visited>
   <multiplicity>1</multiplicity>
   <comment/>
   <image/>
   <values>
    <value>edge-pair: (142.94,62.075;142.94,62.245)|(142.82,62.2;142.82,61.955)</value>
   </values>
  </item>
  <item>
   <tags/>
   <category>'li.3'</category>
   <cell>spm</cell>
   <visited>false</visited>
   <multiplicity>1</multiplicity>
   <comment/>
   <image/>
   <values>
    <value>edge-pair: (138.515,76.9;138.515,77.135)|(138.365,77.055;138.365,76.9)</value>
   </values>
  </item>
  <item>
   <tags/>
   <category>'li.3'</category>
   <cell>spm</cell>
   <visited>false</visited>
   <multiplicity>1</multiplicity>
   <comment/>
   <image/>
   <values>
    <value>edge-pair: (141.595,60.795;141.95,60.795)|(141.95,60.945;141.645,60.945)</value>
   </values>
  </item>
  <item>
   <tags/>
   <category>'li.3'</category>
   <cell>spm</cell>
   <visited>false</visited>
   <multiplicity>1</multiplicity>
   <comment/>
   <image/>
   <values>
    <value>edge-pair: (142.99,61.085;142.99,61.155)|(142.95,61.155;142.95,60.945)</value>
   </values>
  </item>
  <item>
   <tags/>
   <category>'li.3'</category>
   <cell>spm</cell>
   <visited>false</visited>
   <multiplicity>1</multiplicity>
   <comment/>
   <image/>
   <values>
    <value>edge-pair: (143.67,61.11;143.67,61.805)|(143.555,61.905;143.555,61.235)</value>
   </values>
  </item>
  <item>
   <tags/>
   <category>'li.3'</category>
   <cell>spm</cell>
   <visited>false</visited>
   <multiplicity>1</multiplicity>
   <comment/>
   <image/>
   <values>
    <value>edge-pair: (139.94,76.415;139.94,76.755)|(139.82,76.635;139.82,76.295)</value>
   </values>
  </item>
  <item>
   <tags/>
   <category>'li.3'</category>
   <cell>spm</cell>
   <visited>false</visited>
   <multiplicity>1</multiplicity>
   <comment/>
   <image/>
   <values>
    <value>edge-pair: (137.916,77.055;137.925,77.055)|(138.094,77.07;138.085,77.07)</value>
   </values>
  </item>
  <item>
   <tags/>
   <category>'li.3'</category>
   <cell>spm</cell>
   <visited>false</visited>
   <multiplicity>1</multiplicity>
   <comment/>
   <image/>
   <values>
    <value>edge-pair: (140.23,77.685;140.23,78.015)|(140.215,78.015;140.215,77.516)</value>
   </values>
  </item>
  <item>
   <tags/>
   <category>'li.3'</category>
   <cell>spm</cell>
   <visited>false</visited>
   <multiplicity>1</multiplicity>
   <comment/>
   <image/>
   <values>
    <value>edge-pair: (139.49,76.326;139.49,76.635)|(139.345,76.724;139.345,76.415)</value>
   </values>
  </item>
  <item>
   <tags/>
   <category>'li.3'</category>
   <cell>spm</cell>
   <visited>false</visited>
   <multiplicity>1</multiplicity>
   <comment/>
   <image/>
   <values>
    <value>edge-pair: (141.595,60.775;141.595,60.795)|(141.475,60.915;141.475,60.775)</value>
   </values>
  </item>
  <item>
   <tags/>
   <category>'li.3'</category>
   <cell>spm</cell>
   <visited>false</visited>
   <multiplicity>1</multiplicity>
   <comment/>
   <image/>
   <values>
    <value>edge-pair: (138.085,76.358;138.085,76.9)|(137.925,76.957;137.925,76.415)</value>
   </values>
  </item>
  <item>
   <tags/>
   <category>'li.3'</category>
   <cell>spm</cell>
   <visited>false</visited>
   <multiplicity>1</multiplicity>
   <comment/>
   <image/>
   <values>
    <value>edge-pair: (146.22,61.165;146.315,61.165)|(146.47,61.235;146.375,61.235)</value>
   </values>
  </item>
  <item>
   <tags/>
   <category>'li.3'</category>
   <cell>spm</cell>
   <visited>false</visited>
   <multiplicity>1</multiplicity>
   <comment/>
   <image/>
   <values>
    <value>edge-pair: (140.255,66.79;140.255,67.185)|(140.215,67.345;140.215,66.625)</value>
   </values>
  </item>
  <item>
   <tags/>
   <category>'li.3'</category>
   <cell>spm</cell>
   <visited>false</visited>
   <multiplicity>1</multiplicity>
   <comment/>
   <image/>
   <values>
    <value>edge-pair: (144.52,61.165;144.52,61.236)|(144.355,61.195;144.355,61.124)</value>
   </values>
  </item>
  <item>
   <tags/>
   <category>'li.3'</category>
   <cell>spm</cell>
   <visited>false</visited>
   <multiplicity>1</multiplicity>
   <comment/>
   <image/>
   <values>
    <value>edge-pair: (139.325,76.755;139.345,76.755)|(139.495,76.835;139.475,76.835)</value>
   </values>
  </item>
  <item>
   <tags/>
   <category>'li.3'</category>
   <cell>spm</cell>
   <visited>false</visited>
   <multiplicity>1</multiplicity>
   <comment/>
   <image/>
   <values>
    <value>edge-pair: (140.23,77.155;140.23,77.485)|(140.215,77.654;140.215,76.986)</value>
   </values>
  </item>
  <item>
   <tags/>
   <category>'li.3'</category>
   <cell>spm</cell>
   <visited>false</visited>
   <multiplicity>1</multiplicity>
   <comment/>
   <image/>
   <values>
    <value>edge-pair: (146.275,60.145;146.275,60.665)|(146.225,60.655;146.225,59.983)</value>
   </values>
  </item>
  <item>
   <tags/>
   <category>'li.3'</category>
   <cell>spm</cell>
   <visited>false</visited>
   <multiplicity>1</multiplicity>
   <comment/>
   <image/>
   <values>
    <value>edge-pair: (146.265,61.335;146.265,61.725)|(146.195,61.725;146.195,61.18)</value>
   </values>
  </item>
  <item>
   <tags/>
   <category>'li.3'</category>
   <cell>spm</cell>
   <visited>false</visited>
   <multiplicity>1</multiplicity>
   <comment/>
   <image/>
   <values>
    <value>edge-pair: (142.67,60.935;142.87,60.935)|(142.95,60.945;142.5,60.945)</value>
   </values>
  </item>
  <item>
   <tags/>
   <category>'li.3'</category>
   <cell>spm</cell>
   <visited>false</visited>
   <multiplicity>1</multiplicity>
   <comment/>
   <image/>
   <values>
    <value>edge-pair: (141.715,62.03;141.715,62.2)|(141.685,62.367;141.685,62.085)</value>
   </values>
  </item>
  <item>
   <tags/>
   <category>'li.3'</category>
   <cell>spm</cell>
   <visited>false</visited>
   <multiplicity>1</multiplicity>
   <comment/>
   <image/>
   <values>
    <value>edge-pair: (137.925,77.055;137.925,77.013)|(138.085,77.07;138.085,77.112)</value>
   </values>
  </item>
  <item>
   <tags/>
   <category>'li.3'</category>
   <cell>spm</cell>
   <visited>false</visited>
   <multiplicity>1</multiplicity>
   <comment/>
   <image/>
   <values>
    <value>edge-pair: (140.335,66.215;140.335,66.79)|(140.215,66.91;140.215,66.335)</value>
   </values>
  </item>
  <item>
   <tags/>
   <category>'li.3'</category>
   <cell>spm</cell>
   <visited>false</visited>
   <multiplicity>1</multiplicity>
   <comment/>
   <image/>
   <values>
    <value>edge-pair: (146.315,61.165;146.315,61.076)|(146.375,61.235;146.375,61.324)</value>
   </values>
  </item>
  <item>
   <tags/>
   <category>'li.3'</category>
   <cell>spm</cell>
   <visited>false</visited>
   <multiplicity>1</multiplicity>
   <comment/>
   <image/>
   <values>
    <value>edge-pair: (139.875,77.89;139.875,77.851)|(139.92,78.015;139.92,78.054)</value>
   </values>
  </item>
  <item>
   <tags/>
   <category>'li.3'</category>
   <cell>spm</cell>
   <visited>false</visited>
   <multiplicity>1</multiplicity>
   <comment/>
   <image/>
   <values>
    <value>edge-pair: (139.94,66.294;139.94,66.546)|(139.775,66.505;139.775,66.335)</value>
   </values>
  </item>
  <item>
   <tags/>
   <category>'li.3'</category>
   <cell>spm</cell>
   <visited>false</visited>
   <multiplicity>1</multiplicity>
   <comment/>
   <image/>
   <values>
    <value>edge-pair: (139.94,66.464;139.94,66.605)|(139.775,66.646;139.775,66.505)</value>
   </values>
  </item>
  <item>
   <tags/>
   <category>'li.3'</category>
   <cell>spm</cell>
   <visited>false</visited>
   <multiplicity>1</multiplicity>
   <comment/>
   <image/>
   <values>
    <value>edge-pair: (140.335,65.825;140.335,66.28)|(140.21,66.165;140.21,65.825)</value>
   </values>
  </item>
  <item>
   <tags/>
   <category>'li.3'</category>
   <cell>spm</cell>
   <visited>false</visited>
   <multiplicity>1</multiplicity>
   <comment/>
   <image/>
   <values>
    <value>edge-pair: (139.716,76.79;139.77,76.79)|(139.939,76.805;139.885,76.805)</value>
   </values>
  </item>
  <item>
   <tags/>
   <category>'li.3'</category>
   <cell>spm</cell>
   <visited>false</visited>
   <multiplicity>1</multiplicity>
   <comment/>
   <image/>
   <values>
    <value>edge-pair: (141.745,60.795;141.95,60.795)|(141.95,60.945;141.825,60.945)</value>
   </values>
  </item>
  <item>
   <tags/>
   <category>'li.3'</category>
   <cell>spm</cell>
   <visited>false</visited>
   <multiplicity>1</multiplicity>
   <comment/>
   <image/>
   <values>
    <value>edge-pair: (145.885,60.02;145.885,60.655)|(145.765,60.775;145.765,60.14)</value>
   </values>
  </item>
  <item>
   <tags/>
   <category>'li.3'</category>
   <cell>spm</cell>
   <visited>false</visited>
   <multiplicity>1</multiplicity>
   <comment/>
   <image/>
   <values>
    <value>edge-pair: (143.905,60.205;143.905,60.375)|(143.855,60.537;143.855,60.095)</value>
   </values>
  </item>
  <item>
   <tags/>
   <category>'li.3'</category>
   <cell>spm</cell>
   <visited>false</visited>
   <multiplicity>1</multiplicity>
   <comment/>
   <image/>
   <values>
    <value>edge-pair: (144.03,61.195;144.03,61.835)|(143.895,61.938;143.895,61.195)</value>
   </values>
  </item>
  <item>
   <tags/>
   <category>'li.3'</category>
   <cell>spm</cell>
   <visited>false</visited>
   <multiplicity>1</multiplicity>
   <comment/>
   <image/>
   <values>
    <value>edge-pair: (138.515,77.17;138.532,77.17)|(138.375,77.235;138.358,77.235)</value>
   </values>
  </item>
  <item>
   <tags/>
   <category>'li.3'</category>
   <cell>spm</cell>
   <visited>false</visited>
   <multiplicity>1</multiplicity>
   <comment/>
   <image/>
   <values>
    <value>edge-pair: (162.875,82.925;162.875,82.915)|(162.985,83.045;162.985,83.055)</value>
   </values>
  </item>
  <item>
   <tags/>
   <category>'li.3'</category>
   <cell>spm</cell>
   <visited>false</visited>
   <multiplicity>1</multiplicity>
   <comment/>
   <image/>
   <values>
    <value>edge-pair: (162.83,82.925;162.875,82.925)|(163.03,82.995;162.985,82.995)</value>
   </values>
  </item>
  <item>
   <tags/>
   <category>'li.3'</category>
   <cell>spm</cell>
   <visited>false</visited>
   <multiplicity>1</multiplicity>
   <comment/>
   <image/>
   <values>
    <value>edge-pair: (162.935,88.365;163.27,88.365)|(163.2,88.435;162.865,88.435)</value>
   </values>
  </item>
  <item>
   <tags/>
   <category>'li.3'</category>
   <cell>spm</cell>
   <visited>false</visited>
   <multiplicity>1</multiplicity>
   <comment/>
   <image/>
   <values>
    <value>edge-pair: (162.875,82.925;162.875,82.865)|(162.985,82.995;162.985,83.055)</value>
   </values>
  </item>
  <item>
   <tags/>
   <category>'li.3'</category>
   <cell>spm</cell>
   <visited>false</visited>
   <multiplicity>1</multiplicity>
   <comment/>
   <image/>
   <values>
    <value>edge-pair: (174.895,87.575;174.895,88.265)|(174.78,88.39;174.78,87.575)</value>
   </values>
  </item>
  <item>
   <tags/>
   <category>'li.3'</category>
   <cell>spm</cell>
   <visited>false</visited>
   <multiplicity>1</multiplicity>
   <comment/>
   <image/>
   <values>
    <value>edge-pair: (174.895,88.435;174.895,89.085)|(174.78,89.175;174.78,88.31)</value>
   </values>
  </item>
  <item>
   <tags/>
   <category>'li.3'</category>
   <cell>spm</cell>
   <visited>false</visited>
   <multiplicity>1</multiplicity>
   <comment/>
   <image/>
   <values>
    <value>edge-pair: (174.895,89.009;174.895,89.085)|(174.86,89.251;174.86,89.175)</value>
   </values>
  </item>
  <item>
   <tags/>
   <category>'li.3'</category>
   <cell>spm</cell>
   <visited>false</visited>
   <multiplicity>1</multiplicity>
   <comment/>
   <image/>
   <values>
    <value>edge-pair: (174.965,89.085;175.135,89.085)|(175.255,89.205;175.085,89.205)</value>
   </values>
  </item>
  <item>
   <tags/>
   <category>'li.3'</category>
   <cell>spm</cell>
   <visited>false</visited>
   <multiplicity>1</multiplicity>
   <comment/>
   <image/>
   <values>
    <value>edge-pair: (174.895,89.085;175.004,89.085)|(174.86,89.175;174.78,89.175)</value>
   </values>
  </item>
  <item>
   <tags/>
   <category>'li.3'</category>
   <cell>spm</cell>
   <visited>false</visited>
   <multiplicity>1</multiplicity>
   <comment/>
   <image/>
   <values>
    <value>edge-pair: (175.97,88.365;176.22,88.365)|(176.065,88.435;175.97,88.435)</value>
   </values>
  </item>
  <item>
   <tags/>
   <category>'li.3'</category>
   <cell>spm</cell>
   <visited>false</visited>
   <multiplicity>1</multiplicity>
   <comment/>
   <image/>
   <values>
    <value>edge-pair: (175.65,88.435;175.65,88.765)|(175.63,88.934;175.63,88.266)</value>
   </values>
  </item>
  <item>
   <tags/>
   <category>'li.3'</category>
   <cell>spm</cell>
   <visited>false</visited>
   <multiplicity>1</multiplicity>
   <comment/>
   <image/>
   <values>
    <value>edge-pair: (175.588,82.61;175.645,82.61)|(175.802,82.675;175.745,82.675)</value>
   </values>
  </item>
  <item>
   <tags/>
   <category>'li.3'</category>
   <cell>spm</cell>
   <visited>false</visited>
   <multiplicity>1</multiplicity>
   <comment/>
   <image/>
   <values>
    <value>edge-pair: (163.76,89.275;163.76,89.666)|(163.705,89.505;163.705,89.114)</value>
   </values>
  </item>
  <item>
   <tags/>
   <category>'li.3'</category>
   <cell>spm</cell>
   <visited>false</visited>
   <multiplicity>1</multiplicity>
   <comment/>
   <image/>
   <values>
    <value>edge-pair: (163.27,88.365;163.27,88.298)|(163.37,88.435;163.37,88.502)</value>
   </values>
  </item>
  <item>
   <tags/>
   <category>'li.3'</category>
   <cell>spm</cell>
   <visited>false</visited>
   <multiplicity>1</multiplicity>
   <comment/>
   <image/>
   <values>
    <value>edge-pair: (175.67,87.575;175.8,87.575)|(175.8,87.735;175.67,87.735)</value>
   </values>
  </item>
  <item>
   <tags/>
   <category>'li.3'</category>
   <cell>spm</cell>
   <visited>false</visited>
   <multiplicity>1</multiplicity>
   <comment/>
   <image/>
   <values>
    <value>edge-pair: (163.215,88.365;163.27,88.365)|(163.425,88.435;163.37,88.435)</value>
   </values>
  </item>
  <item>
   <tags/>
   <category>'li.3'</category>
   <cell>spm</cell>
   <visited>false</visited>
   <multiplicity>1</multiplicity>
   <comment/>
   <image/>
   <values>
    <value>edge-pair: (176.14,88.57;176.14,88.945)|(176.065,89.098;176.065,88.435)</value>
   </values>
  </item>
  <item>
   <tags/>
   <category>'li.3'</category>
   <cell>spm</cell>
   <visited>false</visited>
   <multiplicity>1</multiplicity>
   <comment/>
   <image/>
   <values>
    <value>edge-pair: (163.37,88.494;163.37,88.765)|(163.205,88.806;163.205,88.535)</value>
   </values>
  </item>
  <item>
   <tags/>
   <category>'li.3'</category>
   <cell>spm</cell>
   <visited>false</visited>
   <multiplicity>1</multiplicity>
   <comment/>
   <image/>
   <values>
    <value>edge-pair: (175.78,83.035;175.79,83.035)|(175.949,83.095;175.775,83.095)</value>
   </values>
  </item>
  <item>
   <tags/>
   <category>'li.3'</category>
   <cell>spm</cell>
   <visited>false</visited>
   <multiplicity>1</multiplicity>
   <comment/>
   <image/>
   <values>
    <value>edge-pair: (174.91,89.285;174.91,89.667)|(174.86,89.505;174.86,89.175)</value>
   </values>
  </item>
  <item>
   <tags/>
   <category>'li.3'</category>
   <cell>spm</cell>
   <visited>false</visited>
   <multiplicity>1</multiplicity>
   <comment/>
   <image/>
   <values>
    <value>edge-pair: (176.695,88.945;176.695,89.505)|(176.545,89.585;176.545,88.945)</value>
   </values>
  </item>
  <item>
   <tags/>
   <category>'li.3'</category>
   <cell>spm</cell>
   <visited>false</visited>
   <multiplicity>1</multiplicity>
   <comment/>
   <image/>
   <values>
    <value>edge-pair: (163.78,88.115;163.78,88.365)|(163.71,88.52;163.71,87.96)</value>
   </values>
  </item>
  <item>
   <tags/>
   <category>'li.3'</category>
   <cell>spm</cell>
   <visited>false</visited>
   <multiplicity>1</multiplicity>
   <comment/>
   <image/>
   <values>
    <value>edge-pair: (175.8,87.575;175.8,87.735)|(175.67,87.735;175.67,87.575)</value>
   </values>
  </item>
  <item>
   <tags/>
   <category>'li.3'</category>
   <cell>spm</cell>
   <visited>false</visited>
   <multiplicity>1</multiplicity>
   <comment/>
   <image/>
   <values>
    <value>edge-pair: (175.805,83;175.81,83)|(175.951,83.095;175.775,83.095)</value>
   </values>
  </item>
  <item>
   <tags/>
   <category>'li.3'</category>
   <cell>spm</cell>
   <visited>false</visited>
   <multiplicity>1</multiplicity>
   <comment/>
   <image/>
   <values>
    <value>edge-pair: (175.795,83.005;175.805,83.005)|(175.949,83.095;175.775,83.095)</value>
   </values>
  </item>
  <item>
   <tags/>
   <category>'li.3'</category>
   <cell>spm</cell>
   <visited>false</visited>
   <multiplicity>1</multiplicity>
   <comment/>
   <image/>
   <values>
    <value>edge-pair: (175.79,83.02;175.795,83.02)|(175.948,83.095;175.775,83.095)</value>
   </values>
  </item>
  <item>
   <tags/>
   <category>'li.3'</category>
   <cell>spm</cell>
   <visited>false</visited>
   <multiplicity>1</multiplicity>
   <comment/>
   <image/>
   <values>
    <value>edge-pair: (175.315,82.61;175.392,82.61)|(175.235,82.675;175.158,82.675)</value>
   </values>
  </item>
  <item>
   <tags/>
   <category>'li.3'</category>
   <cell>spm</cell>
   <visited>false</visited>
   <multiplicity>1</multiplicity>
   <comment/>
   <image/>
   <values>
    <value>edge-pair: (175.305,89.115;175.41,89.115)|(175.41,89.205;175.161,89.205)</value>
   </values>
  </item>
  <item>
   <tags/>
   <category>'li.3'</category>
   <cell>spm</cell>
   <visited>false</visited>
   <multiplicity>1</multiplicity>
   <comment/>
   <image/>
   <values>
    <value>edge-pair: (175.815,82.98;175.825,82.98)|(175.95,83.095;175.775,83.095)</value>
   </values>
  </item>
  <item>
   <tags/>
   <category>'li.3'</category>
   <cell>spm</cell>
   <visited>false</visited>
   <multiplicity>1</multiplicity>
   <comment/>
   <image/>
   <values>
    <value>edge-pair: (175.305,88.265;175.305,89.046)|(175.14,89.005;175.14,88.285)</value>
   </values>
  </item>
  <item>
   <tags/>
   <category>'li.3'</category>
   <cell>spm</cell>
   <visited>false</visited>
   <multiplicity>1</multiplicity>
   <comment/>
   <image/>
   <values>
    <value>edge-pair: (175.145,82.925;175.235,82.925)|(175.401,82.96;175.145,82.96)</value>
   </values>
  </item>
  <item>
   <tags/>
   <category>'li.3'</category>
   <cell>spm</cell>
   <visited>false</visited>
   <multiplicity>1</multiplicity>
   <comment/>
   <image/>
   <values>
    <value>edge-pair: (176.15,89.175;176.15,89.532)|(176.065,89.385;176.065,89.028)</value>
   </values>
  </item>
  <item>
   <tags/>
   <category>'li.3'</category>
   <cell>spm</cell>
   <visited>false</visited>
   <multiplicity>1</multiplicity>
   <comment/>
   <image/>
   <values>
    <value>edge-pair: (175.86,82.95;175.875,82.95)|(175.964,83.095;175.775,83.095)</value>
   </values>
  </item>
  <item>
   <tags/>
   <category>'li.3'</category>
   <cell>spm</cell>
   <visited>false</visited>
   <multiplicity>1</multiplicity>
   <comment/>
   <image/>
   <values>
    <value>edge-pair: (163.285,88.935;163.285,89.45)|(163.205,89.6;163.205,88.785)</value>
   </values>
  </item>
  <item>
   <tags/>
   <category>'li.3'</category>
   <cell>spm</cell>
   <visited>false</visited>
   <multiplicity>1</multiplicity>
   <comment/>
   <image/>
   <values>
    <value>edge-pair: (175.825,82.975;175.835,82.975)|(175.955,83.095;175.775,83.095)</value>
   </values>
  </item>
  <item>
   <tags/>
   <category>'li.3'</category>
   <cell>spm</cell>
   <visited>false</visited>
   <multiplicity>1</multiplicity>
   <comment/>
   <image/>
   <values>
    <value>edge-pair: (175.605,82.84;175.605,82.87)|(175.575,82.87;175.575,82.673)</value>
   </values>
  </item>
  <item>
   <tags/>
   <category>'li.3'</category>
   <cell>spm</cell>
   <visited>false</visited>
   <multiplicity>1</multiplicity>
   <comment/>
   <image/>
   <values>
    <value>edge-pair: (175.9,82.935;176.142,82.935)|(176.085,83.095;175.843,83.095)</value>
   </values>
  </item>
  <item>
   <tags/>
   <category>'li.3'</category>
   <cell>spm</cell>
   <visited>false</visited>
   <multiplicity>1</multiplicity>
   <comment/>
   <image/>
   <values>
    <value>edge-pair: (175.645,82.61;175.645,82.538)|(175.745,82.675;175.745,82.747)</value>
   </values>
  </item>
  <item>
   <tags/>
   <category>'li.3'</category>
   <cell>spm</cell>
   <visited>false</visited>
   <multiplicity>1</multiplicity>
   <comment/>
   <image/>
   <values>
    <value>edge-pair: (175.845,82.955;175.86,82.955)|(175.956,83.095;175.775,83.095)</value>
   </values>
  </item>
  <item>
   <tags/>
   <category>'li.3'</category>
   <cell>spm</cell>
   <visited>false</visited>
   <multiplicity>1</multiplicity>
   <comment/>
   <image/>
   <values>
    <value>edge-pair: (175.74,82.76;175.74,82.77)|(175.575,82.811;175.575,82.719)</value>
   </values>
  </item>
  <item>
   <tags/>
   <category>'li.3'</category>
   <cell>spm</cell>
   <visited>false</visited>
   <multiplicity>1</multiplicity>
   <comment/>
   <image/>
   <values>
    <value>edge-pair: (175.775,83.06;175.78,83.06)|(175.946,83.095;175.775,83.095)</value>
   </values>
  </item>
  <item>
   <tags/>
   <category>'li.3'</category>
   <cell>spm</cell>
   <visited>false</visited>
   <multiplicity>1</multiplicity>
   <comment/>
   <image/>
   <values>
    <value>edge-pair: (175.835,82.965;175.845,82.965)|(175.955,83.095;175.775,83.095)</value>
   </values>
  </item>
  <item>
   <tags/>
   <category>'li.3'</category>
   <cell>spm</cell>
   <visited>false</visited>
   <multiplicity>1</multiplicity>
   <comment/>
   <image/>
   <values>
    <value>edge-pair: (172.995,98.734;172.995,99.145)|(172.94,99.306;172.94,98.895)</value>
   </values>
  </item>
  <item>
   <tags/>
   <category>'li.3'</category>
   <cell>spm</cell>
   <visited>false</visited>
   <multiplicity>1</multiplicity>
   <comment/>
   <image/>
   <values>
    <value>edge-pair: (174.895,88.265;175.305,88.265)|(175.14,88.285;174.95,88.285)</value>
   </values>
  </item>
  <item>
   <tags/>
   <category>'li.3'</category>
   <cell>spm</cell>
   <visited>false</visited>
   <multiplicity>1</multiplicity>
   <comment/>
   <image/>
   <values>
    <value>edge-pair: (175.315,82.525;175.315,82.61)|(175.235,82.76;175.235,82.675)</value>
   </values>
  </item>
  <item>
   <tags/>
   <category>'li.3'</category>
   <cell>spm</cell>
   <visited>false</visited>
   <multiplicity>1</multiplicity>
   <comment/>
   <image/>
   <values>
    <value>edge-pair: (175.185,87.405;175.185,87.575)|(175.17,87.744;175.17,87.305)</value>
   </values>
  </item>
  <item>
   <tags/>
   <category>'li.3'</category>
   <cell>spm</cell>
   <visited>false</visited>
   <multiplicity>1</multiplicity>
   <comment/>
   <image/>
   <values>
    <value>edge-pair: (173.015,100.055;173.015,100.495)|(172.885,100.385;172.885,99.945)</value>
   </values>
  </item>
  <item>
   <tags/>
   <category>'li.3'</category>
   <cell>spm</cell>
   <visited>false</visited>
   <multiplicity>1</multiplicity>
   <comment/>
   <image/>
   <values>
    <value>edge-pair: (172.59,98.895;172.59,98.975)|(172.465,98.975;172.465,98.78)</value>
   </values>
  </item>
  <item>
   <tags/>
   <category>'li.3'</category>
   <cell>spm</cell>
   <visited>false</visited>
   <multiplicity>1</multiplicity>
   <comment/>
   <image/>
   <values>
    <value>edge-pair: (175.8,88.894;175.8,89.205)|(175.635,89.205;175.635,88.935)</value>
   </values>
  </item>
  <item>
   <tags/>
   <category>'li.3'</category>
   <cell>spm</cell>
   <visited>false</visited>
   <multiplicity>1</multiplicity>
   <comment/>
   <image/>
   <values>
    <value>edge-pair: (175.225,83.265;175.575,83.265)|(175.435,83.3;175.225,83.3)</value>
   </values>
  </item>
  <item>
   <tags/>
   <category>'li.3'</category>
   <cell>spm</cell>
   <visited>false</visited>
   <multiplicity>1</multiplicity>
   <comment/>
   <image/>
   <values>
    <value>edge-pair: (172.59,99.19;172.59,99.545)|(172.475,99.565;172.475,99.315)</value>
   </values>
  </item>
  <item>
   <tags/>
   <category>'li.3'</category>
   <cell>spm</cell>
   <visited>false</visited>
   <multiplicity>1</multiplicity>
   <comment/>
   <image/>
   <values>
    <value>edge-pair: (172.985,99.315;172.985,99.565)|(172.94,99.545;172.94,99.151)</value>
   </values>
  </item>
  <item>
   <tags/>
   <category>'li.3'</category>
   <cell>spm</cell>
   <visited>false</visited>
   <multiplicity>1</multiplicity>
   <comment/>
   <image/>
   <values>
    <value>edge-pair: (176.09,88.365;176.675,88.365)|(176.54,88.435;176.245,88.435)</value>
   </values>
  </item>
  <item>
   <tags/>
   <category>'li.3'</category>
   <cell>spm</cell>
   <visited>false</visited>
   <multiplicity>1</multiplicity>
   <comment/>
   <image/>
   <values>
    <value>edge-pair: (172.985,99.565;173.11,99.565)|(173.11,99.715;172.905,99.715)</value>
   </values>
  </item>
  <item>
   <tags/>
   <category>'li.3'</category>
   <cell>spm</cell>
   <visited>false</visited>
   <multiplicity>1</multiplicity>
   <comment/>
   <image/>
   <values>
    <value>edge-pair: (175.715,82.77;175.715,82.78)|(175.575,82.87;175.575,82.674)</value>
   </values>
  </item>
  <item>
   <tags/>
   <category>'li.3'</category>
   <cell>spm</cell>
   <visited>false</visited>
   <multiplicity>1</multiplicity>
   <comment/>
   <image/>
   <values>
    <value>edge-pair: (175.605,83.13;175.605,83.432)|(175.575,83.265;175.575,83.13)</value>
   </values>
  </item>
  <item>
   <tags/>
   <category>'li.3'</category>
   <cell>spm</cell>
   <visited>false</visited>
   <multiplicity>1</multiplicity>
   <comment/>
   <image/>
   <values>
    <value>edge-pair: (175.875,82.94;175.9,82.94)|(175.97,83.095;175.805,83.095)</value>
   </values>
  </item>
  <item>
   <tags/>
   <category>'li.3'</category>
   <cell>spm</cell>
   <visited>false</visited>
   <multiplicity>1</multiplicity>
   <comment/>
   <image/>
   <values>
    <value>edge-pair: (175.645,82.78;175.645,82.81)|(175.575,82.87;175.575,82.625)</value>
   </values>
  </item>
  <item>
   <tags/>
   <category>'li.3'</category>
   <cell>spm</cell>
   <visited>false</visited>
   <multiplicity>1</multiplicity>
   <comment/>
   <image/>
   <values>
    <value>edge-pair: (163.875,88.535;163.875,88.806)|(163.71,88.765;163.71,88.494)</value>
   </values>
  </item>
  <item>
   <tags/>
   <category>'li.3'</category>
   <cell>spm</cell>
   <visited>false</visited>
   <multiplicity>1</multiplicity>
   <comment/>
   <image/>
   <values>
    <value>edge-pair: (172.995,98.185;172.995,98.555)|(172.845,98.555;172.845,98.265)</value>
   </values>
  </item>
  <item>
   <tags/>
   <category>'li.3'</category>
   <cell>spm</cell>
   <visited>false</visited>
   <multiplicity>1</multiplicity>
   <comment/>
   <image/>
   <values>
    <value>edge-pair: (175.665,81.855;175.665,82.195)|(175.645,82.364;175.645,81.855)</value>
   </values>
  </item>
  <item>
   <tags/>
   <category>'li.3'</category>
   <cell>spm</cell>
   <visited>false</visited>
   <multiplicity>1</multiplicity>
   <comment/>
   <image/>
   <values>
    <value>edge-pair: (175.625,82.81;175.625,82.84)|(175.575,82.87;175.575,82.648)</value>
   </values>
  </item>
  <item>
   <tags/>
   <category>'li.3'</category>
   <cell>spm</cell>
   <visited>false</visited>
   <multiplicity>1</multiplicity>
   <comment/>
   <image/>
   <values>
    <value>edge-pair: (175.65,87.905;175.65,88.235)|(175.63,88.404;175.63,87.905)</value>
   </values>
  </item>
  <item>
   <tags/>
   <category>'li.3'</category>
   <cell>spm</cell>
   <visited>false</visited>
   <multiplicity>1</multiplicity>
   <comment/>
   <image/>
   <values>
    <value>edge-pair: (175.81,82.99;175.815,82.99)|(175.949,83.095;175.775,83.095)</value>
   </values>
  </item>
  <item>
   <tags/>
   <category>'li.3'</category>
   <cell>spm</cell>
   <visited>false</visited>
   <multiplicity>1</multiplicity>
   <comment/>
   <image/>
   <values>
    <value>edge-pair: (174.905,82.495;175.145,82.495)|(175.145,82.51;174.885,82.51)</value>
   </values>
  </item>
  <item>
   <tags/>
   <category>'li.3'</category>
   <cell>spm</cell>
   <visited>false</visited>
   <multiplicity>1</multiplicity>
   <comment/>
   <image/>
   <values>
    <value>edge-pair: (161.495,94.509;161.495,94.655)|(161.355,94.655;161.355,94.605)</value>
   </values>
  </item>
  <item>
   <tags/>
   <category>'li.3'</category>
   <cell>spm</cell>
   <visited>false</visited>
   <multiplicity>1</multiplicity>
   <comment/>
   <image/>
   <values>
    <value>edge-pair: (161.495,93.69;161.495,94.355)|(161.375,94.235;161.375,93.57)</value>
   </values>
  </item>
  <item>
   <tags/>
   <category>'li.3'</category>
   <cell>spm</cell>
   <visited>false</visited>
   <multiplicity>1</multiplicity>
   <comment/>
   <image/>
   <values>
    <value>edge-pair: (161.495,93.69;161.495,94.555)|(161.375,94.435;161.375,93.57)</value>
   </values>
  </item>
  <item>
   <tags/>
   <category>'li.3'</category>
   <cell>spm</cell>
   <visited>false</visited>
   <multiplicity>1</multiplicity>
   <comment/>
   <image/>
   <values>
    <value>edge-pair: (161.415,93.295;161.415,93.69)|(161.375,93.855;161.375,93.13)</value>
   </values>
  </item>
  <item>
   <tags/>
   <category>'li.3'</category>
   <cell>spm</cell>
   <visited>false</visited>
   <multiplicity>1</multiplicity>
   <comment/>
   <image/>
   <values>
    <value>edge-pair: (161.495,94.115;161.495,94.555)|(161.375,94.435;161.375,94.235)</value>
   </values>
  </item>
  <item>
   <tags/>
   <category>'li.3'</category>
   <cell>spm</cell>
   <visited>false</visited>
   <multiplicity>1</multiplicity>
   <comment/>
   <image/>
   <values>
    <value>edge-pair: (161.1,93.875;161.1,94.222)|(161.035,94.065;161.035,93.718)</value>
   </values>
  </item>
  <item>
   <tags/>
   <category>'li.3'</category>
   <cell>spm</cell>
   <visited>false</visited>
   <multiplicity>1</multiplicity>
   <comment/>
   <image/>
   <values>
    <value>edge-pair: (161.1,93.875;161.1,94.052)|(161.035,93.895;161.035,93.718)</value>
   </values>
  </item>
  <item>
   <tags/>
   <category>'li.3'</category>
   <cell>spm</cell>
   <visited>false</visited>
   <multiplicity>1</multiplicity>
   <comment/>
   <image/>
   <values>
    <value>edge-pair: (161.1,93.875;161.1,94.222)|(161.035,94.065;161.035,93.895)</value>
   </values>
  </item>
  <item>
   <tags/>
   <category>'li.3'</category>
   <cell>spm</cell>
   <visited>false</visited>
   <multiplicity>1</multiplicity>
   <comment/>
   <image/>
   <values>
    <value>edge-pair: (161.1,94.475;161.325,94.475)|(161.355,94.605;161.055,94.605)</value>
   </values>
  </item>
  <item>
   <tags/>
   <category>'li.3'</category>
   <cell>spm</cell>
   <visited>false</visited>
   <multiplicity>1</multiplicity>
   <comment/>
   <image/>
   <values>
    <value>edge-pair: (148.615,99.99;148.615,100.39)|(148.49,100.275;148.49,100.105)</value>
   </values>
  </item>
  <item>
   <tags/>
   <category>'li.3'</category>
   <cell>spm</cell>
   <visited>false</visited>
   <multiplicity>1</multiplicity>
   <comment/>
   <image/>
   <values>
    <value>edge-pair: (148.435,98.815;148.505,98.815)|(148.639,98.92;148.44,98.92)</value>
   </values>
  </item>
  <item>
   <tags/>
   <category>'li.3'</category>
   <cell>spm</cell>
   <visited>false</visited>
   <multiplicity>1</multiplicity>
   <comment/>
   <image/>
   <values>
    <value>edge-pair: (148.615,98.28;148.615,98.45)|(148.505,98.58;148.505,98.175)</value>
   </values>
  </item>
  <item>
   <tags/>
   <category>'li.3'</category>
   <cell>spm</cell>
   <visited>false</visited>
   <multiplicity>1</multiplicity>
   <comment/>
   <image/>
   <values>
    <value>edge-pair: (148.358,99.585;148.435,99.585)|(148.572,99.685;148.495,99.685)</value>
   </values>
  </item>
  <item>
   <tags/>
   <category>'li.3'</category>
   <cell>spm</cell>
   <visited>false</visited>
   <multiplicity>1</multiplicity>
   <comment/>
   <image/>
   <values>
    <value>edge-pair: (148.44,98.92;148.44,99.515)|(148.435,99.585;148.435,98.815)</value>
   </values>
  </item>
  <item>
   <tags/>
   <category>'li.3'</category>
   <cell>spm</cell>
   <visited>false</visited>
   <multiplicity>1</multiplicity>
   <comment/>
   <image/>
   <values>
    <value>edge-pair: (148.435,99.585;148.435,99.526)|(148.495,99.685;148.495,99.744)</value>
   </values>
  </item>
  <item>
   <tags/>
   <category>'li.3'</category>
   <cell>spm</cell>
   <visited>false</visited>
   <multiplicity>1</multiplicity>
   <comment/>
   <image/>
   <values>
    <value>edge-pair: (148.675,98.815;148.814,98.815)|(148.68,98.92;148.541,98.92)</value>
   </values>
  </item>
  <item>
   <tags/>
   <category>'li.3'</category>
   <cell>spm</cell>
   <visited>false</visited>
   <multiplicity>1</multiplicity>
   <comment/>
   <image/>
   <values>
    <value>edge-pair: (148.73,82.87;148.73,82.915)|(148.615,83.04;148.615,82.995)</value>
   </values>
  </item>
  <item>
   <tags/>
   <category>'li.3'</category>
   <cell>spm</cell>
   <visited>false</visited>
   <multiplicity>1</multiplicity>
   <comment/>
   <image/>
   <values>
    <value>edge-pair: (154.195,83.435;154.195,83.625)|(154.04,83.555;154.04,83.365)</value>
   </values>
  </item>
  <item>
   <tags/>
   <category>'li.3'</category>
   <cell>spm</cell>
   <visited>false</visited>
   <multiplicity>1</multiplicity>
   <comment/>
   <image/>
   <values>
    <value>edge-pair: (149.705,82.875;149.705,83.309)|(149.6,83.175;149.6,82.915)</value>
   </values>
  </item>
  <item>
   <tags/>
   <category>'li.3'</category>
   <cell>spm</cell>
   <visited>false</visited>
   <multiplicity>1</multiplicity>
   <comment/>
   <image/>
   <values>
    <value>edge-pair: (154.625,82.925;154.935,82.925)|(155.07,82.995;154.47,82.995)</value>
   </values>
  </item>
  <item>
   <tags/>
   <category>'li.3'</category>
   <cell>spm</cell>
   <visited>false</visited>
   <multiplicity>1</multiplicity>
   <comment/>
   <image/>
   <values>
    <value>edge-pair: (149.66,82.825;149.66,82.875)|(149.6,83.034;149.6,82.915)</value>
   </values>
  </item>
  <item>
   <tags/>
   <category>'li.3'</category>
   <cell>spm</cell>
   <visited>false</visited>
   <multiplicity>1</multiplicity>
   <comment/>
   <image/>
   <values>
    <value>edge-pair: (154.195,83.684;154.195,84.235)|(154.03,84.235;154.03,83.725)</value>
   </values>
  </item>
  <item>
   <tags/>
   <category>'li.3'</category>
   <cell>spm</cell>
   <visited>false</visited>
   <multiplicity>1</multiplicity>
   <comment/>
   <image/>
   <values>
    <value>edge-pair: (154.595,83.265;154.595,84.065)|(154.46,84.055;154.46,83.265)</value>
   </values>
  </item>
  <item>
   <tags/>
   <category>'li.3'</category>
   <cell>spm</cell>
   <visited>false</visited>
   <multiplicity>1</multiplicity>
   <comment/>
   <image/>
   <values>
    <value>edge-pair: (154.045,82.925;154.195,82.925)|(154.04,82.995;153.89,82.995)</value>
   </values>
  </item>
  <item>
   <tags/>
   <category>'li.3'</category>
   <cell>spm</cell>
   <visited>false</visited>
   <multiplicity>1</multiplicity>
   <comment/>
   <image/>
   <values>
    <value>edge-pair: (154.595,82.195;154.595,82.425)|(154.455,82.521;154.455,82.195)</value>
   </values>
  </item>
  <item>
   <tags/>
   <category>'li.3'</category>
   <cell>spm</cell>
   <visited>false</visited>
   <multiplicity>1</multiplicity>
   <comment/>
   <image/>
   <values>
    <value>edge-pair: (154.045,82.365;154.045,82.664)|(154.03,82.495;154.03,82.196)</value>
   </values>
  </item>
  <item>
   <tags/>
   <category>'li.3'</category>
   <cell>spm</cell>
   <visited>false</visited>
   <multiplicity>1</multiplicity>
   <comment/>
   <image/>
   <values>
    <value>edge-pair: (155.07,82.492;155.07,82.995)|(154.935,82.925;154.935,82.595)</value>
   </values>
  </item>
  <item>
   <tags/>
   <category>'li.3'</category>
   <cell>spm</cell>
   <visited>false</visited>
   <multiplicity>1</multiplicity>
   <comment/>
   <image/>
   <values>
    <value>edge-pair: (149.705,82.875;149.705,83.309)|(149.6,83.175;149.6,82.845)</value>
   </values>
  </item>
  <item>
   <tags/>
   <category>'li.3'</category>
   <cell>spm</cell>
   <visited>false</visited>
   <multiplicity>1</multiplicity>
   <comment/>
   <image/>
   <values>
    <value>edge-pair: (149.3,83.325;149.535,83.325)|(149.6,83.435;149.43,83.435)</value>
   </values>
  </item>
  <item>
   <tags/>
   <category>'li.3'</category>
   <cell>spm</cell>
   <visited>false</visited>
   <multiplicity>1</multiplicity>
   <comment/>
   <image/>
   <values>
    <value>edge-pair: (154.045,82.825;154.045,82.925)|(154.04,83.095;154.04,82.995)</value>
   </values>
  </item>
  <item>
   <tags/>
   <category>'li.3'</category>
   <cell>spm</cell>
   <visited>false</visited>
   <multiplicity>1</multiplicity>
   <comment/>
   <image/>
   <values>
    <value>edge-pair: (149.485,82.825;149.66,82.825)|(149.6,82.845;149.43,82.845)</value>
   </values>
  </item>
  <item>
   <tags/>
   <category>'li.3'</category>
   <cell>spm</cell>
   <visited>false</visited>
   <multiplicity>1</multiplicity>
   <comment/>
   <image/>
   <values>
    <value>edge-pair: (149.705,83.301;149.705,83.455)|(149.6,83.495;149.6,83.435)</value>
   </values>
  </item>
  <item>
   <tags/>
   <category>'li.3'</category>
   <cell>spm</cell>
   <visited>false</visited>
   <multiplicity>1</multiplicity>
   <comment/>
   <image/>
   <values>
    <value>edge-pair: (149.11,82.365;149.11,82.695)|(148.975,82.798;148.975,82.262)</value>
   </values>
  </item>
  <item>
   <tags/>
   <category>'li.3'</category>
   <cell>spm</cell>
   <visited>false</visited>
   <multiplicity>1</multiplicity>
   <comment/>
   <image/>
   <values>
    <value>edge-pair: (148.635,82.182;148.635,82.415)|(148.56,82.415;148.56,82.335)</value>
   </values>
  </item>
  <item>
   <tags/>
   <category>'li.3'</category>
   <cell>spm</cell>
   <visited>false</visited>
   <multiplicity>1</multiplicity>
   <comment/>
   <image/>
   <values>
    <value>edge-pair: (149.65,83.455;149.65,83.495)|(149.6,83.495;149.6,83.435)</value>
   </values>
  </item>
  <item>
   <tags/>
   <category>'li.3'</category>
   <cell>spm</cell>
   <visited>false</visited>
   <multiplicity>1</multiplicity>
   <comment/>
   <image/>
   <values>
    <value>edge-pair: (149.705,82.875;149.705,83.049)|(149.6,82.915;149.6,82.845)</value>
   </values>
  </item>
  <item>
   <tags/>
   <category>'li.3'</category>
   <cell>spm</cell>
   <visited>false</visited>
   <multiplicity>1</multiplicity>
   <comment/>
   <image/>
   <values>
    <value>edge-pair: (155.07,83.245;155.07,84.055)|(154.925,84.065;154.925,83.245)</value>
   </values>
  </item>
  <item>
   <tags/>
   <category>'li.3'</category>
   <cell>spm</cell>
   <visited>false</visited>
   <multiplicity>1</multiplicity>
   <comment/>
   <image/>
   <values>
    <value>edge-pair: (149.66,82.825;149.66,82.875)|(149.6,83.034;149.6,82.845)</value>
   </values>
  </item>
  <item>
   <tags/>
   <category>'li.3'</category>
   <cell>spm</cell>
   <visited>false</visited>
   <multiplicity>1</multiplicity>
   <comment/>
   <image/>
   <values>
    <value>edge-pair: (154.63,82.495;154.89,82.495)|(154.935,82.595;154.625,82.595)</value>
   </values>
  </item>
  <item>
   <tags/>
   <category>'li.3'</category>
   <cell>spm</cell>
   <visited>false</visited>
   <multiplicity>1</multiplicity>
   <comment/>
   <image/>
   <values>
    <value>edge-pair: (148.73,82.915;148.73,83.085)|(148.615,83.21;148.615,82.995)</value>
   </values>
  </item>
  <item>
   <tags/>
   <category>'li.3'</category>
   <cell>spm</cell>
   <visited>false</visited>
   <multiplicity>1</multiplicity>
   <comment/>
   <image/>
   <values>
    <value>edge-pair: (149.09,83.325;149.09,83.79)|(148.985,83.79;148.985,83.325)</value>
   </values>
  </item>
  <item>
   <tags/>
   <category>'li.3'</category>
   <cell>spm</cell>
   <visited>false</visited>
   <multiplicity>1</multiplicity>
   <comment/>
   <image/>
   <values>
    <value>edge-pair: (149.66,82.825;149.66,82.875)|(149.6,82.915;149.6,82.845)</value>
   </values>
  </item>
  <item>
   <tags/>
   <category>'li.3'</category>
   <cell>spm</cell>
   <visited>false</visited>
   <multiplicity>1</multiplicity>
   <comment/>
   <image/>
   <values>
    <value>edge-pair: (149.43,83.491;149.43,84.235)|(149.325,84.235;149.325,83.625)</value>
   </values>
  </item>
  <item>
   <tags/>
   <category>'li.3'</category>
   <cell>spm</cell>
   <visited>false</visited>
   <multiplicity>1</multiplicity>
   <comment/>
   <image/>
   <values>
    <value>edge-pair: (155.07,81.86;155.07,82.514)|(154.925,82.425;154.925,81.855)</value>
   </values>
  </item>
  <item>
   <tags/>
   <category>'li.3'</category>
   <cell>spm</cell>
   <visited>false</visited>
   <multiplicity>1</multiplicity>
   <comment/>
   <image/>
   <values>
    <value>edge-pair: (148.73,82.87;148.73,83.085)|(148.615,83.21;148.615,82.995)</value>
   </values>
  </item>
  <item>
   <tags/>
   <category>'li.3'</category>
   <cell>spm</cell>
   <visited>false</visited>
   <multiplicity>1</multiplicity>
   <comment/>
   <image/>
   <values>
    <value>edge-pair: (162.825,83.095;162.825,83.642)|(162.665,83.585;162.665,83.038)</value>
   </values>
  </item>
  <item>
   <tags/>
   <category>'li.3'</category>
   <cell>spm</cell>
   <visited>false</visited>
   <multiplicity>1</multiplicity>
   <comment/>
   <image/>
   <values>
    <value>edge-pair: (161.075,89.065;161.075,89.48)|(160.95,89.495;160.95,89.065)</value>
   </values>
  </item>
  <item>
   <tags/>
   <category>'li.3'</category>
   <cell>spm</cell>
   <visited>false</visited>
   <multiplicity>1</multiplicity>
   <comment/>
   <image/>
   <values>
    <value>edge-pair: (160.93,88.035;160.93,88.08)|(160.92,88.08;160.92,87.865)</value>
   </values>
  </item>
  <item>
   <tags/>
   <category>'li.3'</category>
   <cell>spm</cell>
   <visited>false</visited>
   <multiplicity>1</multiplicity>
   <comment/>
   <image/>
   <values>
    <value>edge-pair: (157.56,83.265;157.59,83.265)|(157.67,83.415;157.64,83.415)</value>
   </values>
  </item>
  <item>
   <tags/>
   <category>'li.3'</category>
   <cell>spm</cell>
   <visited>false</visited>
   <multiplicity>1</multiplicity>
   <comment/>
   <image/>
   <values>
    <value>edge-pair: (161.43,83.735;161.43,84.174)|(161.325,84.04;161.325,83.601)</value>
   </values>
  </item>
  <item>
   <tags/>
   <category>'li.3'</category>
   <cell>spm</cell>
   <visited>false</visited>
   <multiplicity>1</multiplicity>
   <comment/>
   <image/>
   <values>
    <value>edge-pair: (159.79,81.69;159.79,82.335)|(159.71,82.185;159.71,81.69)</value>
   </values>
  </item>
  <item>
   <tags/>
   <category>'li.3'</category>
   <cell>spm</cell>
   <visited>false</visited>
   <multiplicity>1</multiplicity>
   <comment/>
   <image/>
   <values>
    <value>edge-pair: (162.825,83.358;162.825,83.642)|(162.665,83.585;162.665,83.415)</value>
   </values>
  </item>
  <item>
   <tags/>
   <category>'li.3'</category>
   <cell>spm</cell>
   <visited>false</visited>
   <multiplicity>1</multiplicity>
   <comment/>
   <image/>
   <values>
    <value>edge-pair: (156.35,82.415;156.437,82.415)|(156.38,82.575;156.293,82.575)</value>
   </values>
  </item>
  <item>
   <tags/>
   <category>'li.3'</category>
   <cell>spm</cell>
   <visited>false</visited>
   <multiplicity>1</multiplicity>
   <comment/>
   <image/>
   <values>
    <value>edge-pair: (159.345,82.825;159.694,82.825)|(159.55,82.915;159.201,82.915)</value>
   </values>
  </item>
  <item>
   <tags/>
   <category>'li.3'</category>
   <cell>spm</cell>
   <visited>false</visited>
   <multiplicity>1</multiplicity>
   <comment/>
   <image/>
   <values>
    <value>edge-pair: (161.065,83.585;161.065,83.665)|(160.91,83.595;160.91,83.585)</value>
   </values>
  </item>
  <item>
   <tags/>
   <category>'li.3'</category>
   <cell>spm</cell>
   <visited>false</visited>
   <multiplicity>1</multiplicity>
   <comment/>
   <image/>
   <values>
    <value>edge-pair: (157.64,82.153;157.64,82.585)|(157.59,82.585;157.59,82.315)</value>
   </values>
  </item>
  <item>
   <tags/>
   <category>'li.3'</category>
   <cell>spm</cell>
   <visited>false</visited>
   <multiplicity>1</multiplicity>
   <comment/>
   <image/>
   <values>
    <value>edge-pair: (160.59,83.585;160.59,83.595)|(160.465,83.71;160.465,83.585)</value>
   </values>
  </item>
  <item>
   <tags/>
   <category>'li.3'</category>
   <cell>spm</cell>
   <visited>false</visited>
   <multiplicity>1</multiplicity>
   <comment/>
   <image/>
   <values>
    <value>edge-pair: (159.02,82.825;159.345,82.825)|(159.489,82.915;159.02,82.915)</value>
   </values>
  </item>
  <item>
   <tags/>
   <category>'li.3'</category>
   <cell>spm</cell>
   <visited>false</visited>
   <multiplicity>1</multiplicity>
   <comment/>
   <image/>
   <values>
    <value>edge-pair: (161.065,82.235;161.065,82.585)|(160.91,82.585;160.91,82.305)</value>
   </values>
  </item>
  <item>
   <tags/>
   <category>'li.3'</category>
   <cell>spm</cell>
   <visited>false</visited>
   <multiplicity>1</multiplicity>
   <comment/>
   <image/>
   <values>
    <value>edge-pair: (158.1,83.32;158.34,83.32)|(158.481,83.415;157.959,83.415)</value>
   </values>
  </item>
  <item>
   <tags/>
   <category>'li.3'</category>
   <cell>spm</cell>
   <visited>false</visited>
   <multiplicity>1</multiplicity>
   <comment/>
   <image/>
   <values>
    <value>edge-pair: (157.21,81.79;157.21,82.415)|(157.14,82.57;157.14,81.945)</value>
   </values>
  </item>
  <item>
   <tags/>
   <category>'li.3'</category>
   <cell>spm</cell>
   <visited>false</visited>
   <multiplicity>1</multiplicity>
   <comment/>
   <image/>
   <values>
    <value>edge-pair: (160.175,87.715;160.175,88.085)|(160.095,87.935;160.095,87.565)</value>
   </values>
  </item>
  <item>
   <tags/>
   <category>'li.3'</category>
   <cell>spm</cell>
   <visited>false</visited>
   <multiplicity>1</multiplicity>
   <comment/>
   <image/>
   <values>
    <value>edge-pair: (156.35,81.788;156.35,82.235)|(156.285,82.235;156.285,81.945)</value>
   </values>
  </item>
  <item>
   <tags/>
   <category>'li.3'</category>
   <cell>spm</cell>
   <visited>false</visited>
   <multiplicity>1</multiplicity>
   <comment/>
   <image/>
   <values>
    <value>edge-pair: (158.155,82.555;158.5,82.555)|(158.5,82.585;157.988,82.585)</value>
   </values>
  </item>
  <item>
   <tags/>
   <category>'li.3'</category>
   <cell>spm</cell>
   <visited>false</visited>
   <multiplicity>1</multiplicity>
   <comment/>
   <image/>
   <values>
    <value>edge-pair: (162.365,83.755;162.365,84.227)|(162.315,84.065;162.315,83.593)</value>
   </values>
  </item>
  <item>
   <tags/>
   <category>'li.3'</category>
   <cell>spm</cell>
   <visited>false</visited>
   <multiplicity>1</multiplicity>
   <comment/>
   <image/>
   <values>
    <value>edge-pair: (162.825,83.095;162.825,83.472)|(162.665,83.415;162.665,83.038)</value>
   </values>
  </item>
  <item>
   <tags/>
   <category>'li.3'</category>
   <cell>spm</cell>
   <visited>false</visited>
   <multiplicity>1</multiplicity>
   <comment/>
   <image/>
   <values>
    <value>edge-pair: (156.035,83.245;156.55,83.245)|(156.55,83.395;156.115,83.395)</value>
   </values>
  </item>
  <item>
   <tags/>
   <category>'li.3'</category>
   <cell>spm</cell>
   <visited>false</visited>
   <multiplicity>1</multiplicity>
   <comment/>
   <image/>
   <values>
    <value>edge-pair: (159.785,83.755;159.785,84.235)|(159.72,84.235;159.72,83.598)</value>
   </values>
  </item>
  <item>
   <tags/>
   <category>'li.3'</category>
   <cell>spm</cell>
   <visited>false</visited>
   <multiplicity>1</multiplicity>
   <comment/>
   <image/>
   <values>
    <value>edge-pair: (160.205,83.585;160.205,84.04)|(160.14,84.065;160.14,83.735)</value>
   </values>
  </item>
  <item>
   <tags/>
   <category>'li.3'</category>
   <cell>spm</cell>
   <visited>false</visited>
   <multiplicity>1</multiplicity>
   <comment/>
   <image/>
   <values>
    <value>edge-pair: (160.59,83.595;160.91,83.595)|(160.895,83.755;160.645,83.755)</value>
   </values>
  </item>
  <item>
   <tags/>
   <category>'li.3'</category>
   <cell>spm</cell>
   <visited>false</visited>
   <multiplicity>1</multiplicity>
   <comment/>
   <image/>
   <values>
    <value>edge-pair: (160.175,88.535;160.175,88.901)|(160.035,88.805;160.035,88.439)</value>
   </values>
  </item>
  <item>
   <tags/>
   <category>'li.3'</category>
   <cell>spm</cell>
   <visited>false</visited>
   <multiplicity>1</multiplicity>
   <comment/>
   <image/>
   <values>
    <value>edge-pair: (162.395,81.745;162.395,82.43)|(162.325,82.585;162.325,81.9)</value>
   </values>
  </item>
  <item>
   <tags/>
   <category>'li.3'</category>
   <cell>spm</cell>
   <visited>false</visited>
   <multiplicity>1</multiplicity>
   <comment/>
   <image/>
   <values>
    <value>edge-pair: (160.175,88.049;160.175,88.365)|(160.035,88.461;160.035,88.145)</value>
   </values>
  </item>
  <item>
   <tags/>
   <category>'li.3'</category>
   <cell>spm</cell>
   <visited>false</visited>
   <multiplicity>1</multiplicity>
   <comment/>
   <image/>
   <values>
    <value>edge-pair: (160.585,87.295;160.585,87.672)|(160.52,87.515;160.52,87.138)</value>
   </values>
  </item>
  <item>
   <tags/>
   <category>'li.3'</category>
   <cell>spm</cell>
   <visited>false</visited>
   <multiplicity>1</multiplicity>
   <comment/>
   <image/>
   <values>
    <value>edge-pair: (156.35,83.755;156.35,84.222)|(156.285,84.065;156.285,83.598)</value>
   </values>
  </item>
  <item>
   <tags/>
   <category>'li.3'</category>
   <cell>spm</cell>
   <visited>false</visited>
   <multiplicity>1</multiplicity>
   <comment/>
   <image/>
   <values>
    <value>edge-pair: (161.495,89.065;161.495,89.495)|(161.36,89.48;161.36,89.065)</value>
   </values>
  </item>
  <item>
   <tags/>
   <category>'li.3'</category>
   <cell>spm</cell>
   <visited>false</visited>
   <multiplicity>1</multiplicity>
   <comment/>
   <image/>
   <values>
    <value>edge-pair: (160.061,82.825;160.589,82.825)|(160.42,82.845;160.23,82.845)</value>
   </values>
  </item>
  <item>
   <tags/>
   <category>'li.3'</category>
   <cell>spm</cell>
   <visited>false</visited>
   <multiplicity>1</multiplicity>
   <comment/>
   <image/>
   <values>
    <value>edge-pair: (160.62,89.195;160.62,89.495)|(160.5,89.615;160.5,89.315)</value>
   </values>
  </item>
  <item>
   <tags/>
   <category>'li.3'</category>
   <cell>spm</cell>
   <visited>false</visited>
   <multiplicity>1</multiplicity>
   <comment/>
   <image/>
   <values>
    <value>edge-pair: (156.375,83.585;156.78,83.585)|(156.78,83.735;156.455,83.735)</value>
   </values>
  </item>
  <item>
   <tags/>
   <category>'li.3'</category>
   <cell>spm</cell>
   <visited>false</visited>
   <multiplicity>1</multiplicity>
   <comment/>
   <image/>
   <values>
    <value>edge-pair: (159.23,82.365;159.23,82.576)|(159.175,82.415;159.175,82.204)</value>
   </values>
  </item>
  <item>
   <tags/>
   <category>'li.3'</category>
   <cell>spm</cell>
   <visited>false</visited>
   <multiplicity>1</multiplicity>
   <comment/>
   <image/>
   <values>
    <value>edge-pair: (157.31,83.265;157.59,83.265)|(157.64,83.415;157.23,83.415)</value>
   </values>
  </item>
  <item>
   <tags/>
   <category>'li.3'</category>
   <cell>spm</cell>
   <visited>false</visited>
   <multiplicity>1</multiplicity>
   <comment/>
   <image/>
   <values>
    <value>edge-pair: (158.345,81.965;158.345,82.135)|(158.33,82.304;158.33,81.796)</value>
   </values>
  </item>
  <item>
   <tags/>
   <category>'li.3'</category>
   <cell>spm</cell>
   <visited>false</visited>
   <multiplicity>1</multiplicity>
   <comment/>
   <image/>
   <values>
    <value>edge-pair: (161.09,87.905;161.115,87.905)|(161.115,88.035;160.98,88.035)</value>
   </values>
  </item>
  <item>
   <tags/>
   <category>'li.3'</category>
   <cell>spm</cell>
   <visited>false</visited>
   <multiplicity>1</multiplicity>
   <comment/>
   <image/>
   <values>
    <value>edge-pair: (162.825,83.698;162.825,84.02)|(162.665,84.077;162.665,83.755)</value>
   </values>
  </item>
  <item>
   <tags/>
   <category>'li.3'</category>
   <cell>spm</cell>
   <visited>false</visited>
   <multiplicity>1</multiplicity>
   <comment/>
   <image/>
   <values>
    <value>edge-pair: (158.827,83.62;159.04,83.62)|(159.143,83.755;158.93,83.755)</value>
   </values>
  </item>
  <item>
   <tags/>
   <category>'li.3'</category>
   <cell>spm</cell>
   <visited>false</visited>
   <multiplicity>1</multiplicity>
   <comment/>
   <image/>
   <values>
    <value>edge-pair: (160.395,88.365;160.415,88.365)|(160.576,88.42;160.395,88.42)</value>
   </values>
  </item>
  <item>
   <tags/>
   <category>'li.3'</category>
   <cell>spm</cell>
   <visited>false</visited>
   <multiplicity>1</multiplicity>
   <comment/>
   <image/>
   <values>
    <value>edge-pair: (157.31,83.265;157.59,83.265)|(157.67,83.415;157.23,83.415)</value>
   </values>
  </item>
  <item>
   <tags/>
   <category>'li.3'</category>
   <cell>spm</cell>
   <visited>false</visited>
   <multiplicity>1</multiplicity>
   <comment/>
   <image/>
   <values>
    <value>edge-pair: (159.381,82.825;159.889,82.825)|(159.72,82.845;159.55,82.845)</value>
   </values>
  </item>
  <item>
   <tags/>
   <category>'li.3'</category>
   <cell>spm</cell>
   <visited>false</visited>
   <multiplicity>1</multiplicity>
   <comment/>
   <image/>
   <values>
    <value>edge-pair: (158.07,82.309;158.07,82.415)|(157.93,82.511;157.93,82.405)</value>
   </values>
  </item>
  <item>
   <tags/>
   <category>'li.3'</category>
   <cell>spm</cell>
   <visited>false</visited>
   <multiplicity>1</multiplicity>
   <comment/>
   <image/>
   <values>
    <value>edge-pair: (160.06,83.585;160.205,83.585)|(160.14,83.735;160.06,83.735)</value>
   </values>
  </item>
  <item>
   <tags/>
   <category>'li.3'</category>
   <cell>spm</cell>
   <visited>false</visited>
   <multiplicity>1</multiplicity>
   <comment/>
   <image/>
   <values>
    <value>edge-pair: (161.25,82.925;161.485,82.925)|(161.33,82.995;161.25,82.995)</value>
   </values>
  </item>
  <item>
   <tags/>
   <category>'li.3'</category>
   <cell>spm</cell>
   <visited>false</visited>
   <multiplicity>1</multiplicity>
   <comment/>
   <image/>
   <values>
    <value>edge-pair: (160.795,88.805;160.93,88.805)|(160.93,88.895;160.651,88.895)</value>
   </values>
  </item>
  <item>
   <tags/>
   <category>'li.3'</category>
   <cell>spm</cell>
   <visited>false</visited>
   <multiplicity>1</multiplicity>
   <comment/>
   <image/>
   <values>
    <value>edge-pair: (158.07,83.755;158.07,84.235)|(158.065,84.065;158.065,83.585)</value>
   </values>
  </item>
  <item>
   <tags/>
   <category>'li.3'</category>
   <cell>spm</cell>
   <visited>false</visited>
   <multiplicity>1</multiplicity>
   <comment/>
   <image/>
   <values>
    <value>edge-pair: (159.705,88.805;160.035,88.805)|(159.985,88.955;159.655,88.955)</value>
   </values>
  </item>
  <item>
   <tags/>
   <category>'li.3'</category>
   <cell>spm</cell>
   <visited>false</visited>
   <multiplicity>1</multiplicity>
   <comment/>
   <image/>
   <values>
    <value>edge-pair: (161.135,88.405;161.35,88.405)|(161.407,88.565;161.078,88.565)</value>
   </values>
  </item>
  <item>
   <tags/>
   <category>'li.3'</category>
   <cell>spm</cell>
   <visited>false</visited>
   <multiplicity>1</multiplicity>
   <comment/>
   <image/>
   <values>
    <value>edge-pair: (160.205,82.135;160.205,82.585)|(160.06,82.585;160.06,82.135)</value>
   </values>
  </item>
  <item>
   <tags/>
   <category>'li.3'</category>
   <cell>spm</cell>
   <visited>false</visited>
   <multiplicity>1</multiplicity>
   <comment/>
   <image/>
   <values>
    <value>edge-pair: (161.35,83.585;161.825,83.585)|(161.745,83.735;161.43,83.735)</value>
   </values>
  </item>
  <item>
   <tags/>
   <category>'li.3'</category>
   <cell>spm</cell>
   <visited>false</visited>
   <multiplicity>1</multiplicity>
   <comment/>
   <image/>
   <values>
    <value>edge-pair: (162.395,82.43;162.665,82.43)|(162.706,82.595;162.354,82.595)</value>
   </values>
  </item>
  <item>
   <tags/>
   <category>'li.3'</category>
   <cell>spm</cell>
   <visited>false</visited>
   <multiplicity>1</multiplicity>
   <comment/>
   <image/>
   <values>
    <value>edge-pair: (159.02,82.825;159.694,82.825)|(159.55,82.915;159.02,82.915)</value>
   </values>
  </item>
  <item>
   <tags/>
   <category>'li.3'</category>
   <cell>spm</cell>
   <visited>false</visited>
   <multiplicity>1</multiplicity>
   <comment/>
   <image/>
   <values>
    <value>edge-pair: (159.34,81.69;159.34,82.185)|(159.175,82.226;159.175,81.69)</value>
   </values>
  </item>
  <item>
   <tags/>
   <category>'li.3'</category>
   <cell>spm</cell>
   <visited>false</visited>
   <multiplicity>1</multiplicity>
   <comment/>
   <image/>
   <values>
    <value>edge-pair: (158.68,83.245;159.21,83.245)|(159.04,83.255;158.68,83.255)</value>
   </values>
  </item>
  <item>
   <tags/>
   <category>'li.3'</category>
   <cell>spm</cell>
   <visited>false</visited>
   <multiplicity>1</multiplicity>
   <comment/>
   <image/>
   <values>
    <value>edge-pair: (160.205,83.585;160.205,83.824)|(160.06,83.735;160.06,83.585)</value>
   </values>
  </item>
  <item>
   <tags/>
   <category>'li.3'</category>
   <cell>spm</cell>
   <visited>false</visited>
   <multiplicity>1</multiplicity>
   <comment/>
   <image/>
   <values>
    <value>edge-pair: (161.42,83.13;161.42,83.389)|(161.33,83.245;161.33,82.995)</value>
   </values>
  </item>
  <item>
   <tags/>
   <category>'li.3'</category>
   <cell>spm</cell>
   <visited>false</visited>
   <multiplicity>1</multiplicity>
   <comment/>
   <image/>
   <values>
    <value>edge-pair: (159.21,83.589;159.21,83.79)|(159.175,83.79;159.175,83.755)</value>
   </values>
  </item>
  <item>
   <tags/>
   <category>'li.3'</category>
   <cell>spm</cell>
   <visited>false</visited>
   <multiplicity>1</multiplicity>
   <comment/>
   <image/>
   <values>
    <value>edge-pair: (157.21,83.755;157.21,84.22)|(157.14,84.065;157.14,83.6)</value>
   </values>
  </item>
  <item>
   <tags/>
   <category>'li.3'</category>
   <cell>spm</cell>
   <visited>false</visited>
   <multiplicity>1</multiplicity>
   <comment/>
   <image/>
   <values>
    <value>edge-pair: (158.07,82.135;158.07,82.415)|(157.985,82.405;157.985,82.135)</value>
   </values>
  </item>
  <item>
   <tags/>
   <category>'li.3'</category>
   <cell>spm</cell>
   <visited>false</visited>
   <multiplicity>1</multiplicity>
   <comment/>
   <image/>
   <values>
    <value>edge-pair: (160.19,87.125;160.19,87.515)|(160.095,87.656;160.095,87.125)</value>
   </values>
  </item>
  <item>
   <tags/>
   <category>'li.3'</category>
   <cell>spm</cell>
   <visited>false</visited>
   <multiplicity>1</multiplicity>
   <comment/>
   <image/>
   <values>
    <value>edge-pair: (160.795,88.25;160.795,88.805)|(160.76,88.725;160.76,88.25)</value>
   </values>
  </item>
  <item>
   <tags/>
   <category>'li.3'</category>
   <cell>spm</cell>
   <visited>false</visited>
   <multiplicity>1</multiplicity>
   <comment/>
   <image/>
   <values>
    <value>edge-pair: (158.85,82.135;158.85,82.585)|(158.76,82.585;158.76,82.135)</value>
   </values>
  </item>
  <item>
   <tags/>
   <category>'li.3'</category>
   <cell>spm</cell>
   <visited>false</visited>
   <multiplicity>1</multiplicity>
   <comment/>
   <image/>
   <values>
    <value>edge-pair: (151.135,72.485;151.38,72.485)|(151.225,72.555;150.98,72.555)</value>
   </values>
  </item>
  <item>
   <tags/>
   <category>'li.3'</category>
   <cell>spm</cell>
   <visited>false</visited>
   <multiplicity>1</multiplicity>
   <comment/>
   <image/>
   <values>
    <value>edge-pair: (155.135,71.626;155.135,71.945)|(154.99,72.034;154.99,71.715)</value>
   </values>
  </item>
  <item>
   <tags/>
   <category>'li.3'</category>
   <cell>spm</cell>
   <visited>false</visited>
   <multiplicity>1</multiplicity>
   <comment/>
   <image/>
   <values>
    <value>edge-pair: (153.72,67.135;153.72,67.735)|(153.575,67.824;153.575,67.115)</value>
   </values>
  </item>
  <item>
   <tags/>
   <category>'li.3'</category>
   <cell>spm</cell>
   <visited>false</visited>
   <multiplicity>1</multiplicity>
   <comment/>
   <image/>
   <values>
    <value>edge-pair: (152.755,60.2;152.755,60.37)|(152.685,60.525;152.685,60.095)</value>
   </values>
  </item>
  <item>
   <tags/>
   <category>'li.3'</category>
   <cell>spm</cell>
   <visited>false</visited>
   <multiplicity>1</multiplicity>
   <comment/>
   <image/>
   <values>
    <value>edge-pair: (150.735,72.045;150.925,72.045)|(150.965,72.1;150.735,72.1)</value>
   </values>
  </item>
  <item>
   <tags/>
   <category>'li.3'</category>
   <cell>spm</cell>
   <visited>false</visited>
   <multiplicity>1</multiplicity>
   <comment/>
   <image/>
   <values>
    <value>edge-pair: (153.69,60.37;153.69,60.545)|(153.58,60.415;153.58,60.405)</value>
   </values>
  </item>
  <item>
   <tags/>
   <category>'li.3'</category>
   <cell>spm</cell>
   <visited>false</visited>
   <multiplicity>1</multiplicity>
   <comment/>
   <image/>
   <values>
    <value>edge-pair: (154.37,60.762;154.37,60.935)|(154.295,60.935;154.295,60.915)</value>
   </values>
  </item>
  <item>
   <tags/>
   <category>'li.3'</category>
   <cell>spm</cell>
   <visited>false</visited>
   <multiplicity>1</multiplicity>
   <comment/>
   <image/>
   <values>
    <value>edge-pair: (152.795,61.984;152.795,62.236)|(152.63,62.195;152.63,62.025)</value>
   </values>
  </item>
  <item>
   <tags/>
   <category>'li.3'</category>
   <cell>spm</cell>
   <visited>false</visited>
   <multiplicity>1</multiplicity>
   <comment/>
   <image/>
   <values>
    <value>edge-pair: (149.6,71.675;149.705,71.675)|(149.705,71.715;149.585,71.715)</value>
   </values>
  </item>
  <item>
   <tags/>
   <category>'li.3'</category>
   <cell>spm</cell>
   <visited>false</visited>
   <multiplicity>1</multiplicity>
   <comment/>
   <image/>
   <values>
    <value>edge-pair: (149.605,72.215;149.605,72.6)|(149.535,72.445;149.535,72.06)</value>
   </values>
  </item>
  <item>
   <tags/>
   <category>'li.3'</category>
   <cell>spm</cell>
   <visited>false</visited>
   <multiplicity>1</multiplicity>
   <comment/>
   <image/>
   <values>
    <value>edge-pair: (153.69,60.37;153.69,60.537)|(153.605,60.39;153.605,60.38)</value>
   </values>
  </item>
  <item>
   <tags/>
   <category>'li.3'</category>
   <cell>spm</cell>
   <visited>false</visited>
   <multiplicity>1</multiplicity>
   <comment/>
   <image/>
   <values>
    <value>edge-pair: (154.705,61.285;154.705,61.455)|(154.54,61.496;154.54,61.244)</value>
   </values>
  </item>
  <item>
   <tags/>
   <category>'li.3'</category>
   <cell>spm</cell>
   <visited>false</visited>
   <multiplicity>1</multiplicity>
   <comment/>
   <image/>
   <values>
    <value>edge-pair: (155.57,72.865;155.57,73.288)|(155.435,73.185;155.435,72.762)</value>
   </values>
  </item>
  <item>
   <tags/>
   <category>'li.3'</category>
   <cell>spm</cell>
   <visited>false</visited>
   <multiplicity>1</multiplicity>
   <comment/>
   <image/>
   <values>
    <value>edge-pair: (154.595,60.425;154.595,60.555)|(154.54,60.555;154.54,60.425)</value>
   </values>
  </item>
  <item>
   <tags/>
   <category>'li.3'</category>
   <cell>spm</cell>
   <visited>false</visited>
   <multiplicity>1</multiplicity>
   <comment/>
   <image/>
   <values>
    <value>edge-pair: (156.345,72.115;156.345,72.675)|(156.315,72.842;156.315,72.215)</value>
   </values>
  </item>
  <item>
   <tags/>
   <category>'li.3'</category>
   <cell>spm</cell>
   <visited>false</visited>
   <multiplicity>1</multiplicity>
   <comment/>
   <image/>
   <values>
    <value>edge-pair: (150.525,71.025;150.525,71.375)|(150.435,71.375;150.435,70.881)</value>
   </values>
  </item>
  <item>
   <tags/>
   <category>'li.3'</category>
   <cell>spm</cell>
   <visited>false</visited>
   <multiplicity>1</multiplicity>
   <comment/>
   <image/>
   <values>
    <value>edge-pair: (154.77,61.455;154.875,61.455)|(155.03,61.525;154.925,61.525)</value>
   </values>
  </item>
  <item>
   <tags/>
   <category>'li.3'</category>
   <cell>spm</cell>
   <visited>false</visited>
   <multiplicity>1</multiplicity>
   <comment/>
   <image/>
   <values>
    <value>edge-pair: (155.59,72.385;155.59,72.695)|(155.435,72.765;155.435,72.385)</value>
   </values>
  </item>
  <item>
   <tags/>
   <category>'li.3'</category>
   <cell>spm</cell>
   <visited>false</visited>
   <multiplicity>1</multiplicity>
   <comment/>
   <image/>
   <values>
    <value>edge-pair: (154.255,59.925;154.255,60.385)|(154.2,60.546;154.2,59.925)</value>
   </values>
  </item>
  <item>
   <tags/>
   <category>'li.3'</category>
   <cell>spm</cell>
   <visited>false</visited>
   <multiplicity>1</multiplicity>
   <comment/>
   <image/>
   <values>
    <value>edge-pair: (153.325,60.915;153.325,61.145)|(153.16,61.186;153.16,60.905)</value>
   </values>
  </item>
  <item>
   <tags/>
   <category>'li.3'</category>
   <cell>spm</cell>
   <visited>false</visited>
   <multiplicity>1</multiplicity>
   <comment/>
   <image/>
   <values>
    <value>edge-pair: (153.69,60.37;153.69,60.53)|(153.61,60.38;153.61,60.375)</value>
   </values>
  </item>
  <item>
   <tags/>
   <category>'li.3'</category>
   <cell>spm</cell>
   <visited>false</visited>
   <multiplicity>1</multiplicity>
   <comment/>
   <image/>
   <values>
    <value>edge-pair: (154.705,61.115;154.705,61.455)|(154.54,61.496;154.54,61.074)</value>
   </values>
  </item>
  <item>
   <tags/>
   <category>'li.3'</category>
   <cell>spm</cell>
   <visited>false</visited>
   <multiplicity>1</multiplicity>
   <comment/>
   <image/>
   <values>
    <value>edge-pair: (151.43,71.556;151.43,71.585)|(151.37,71.744;151.37,71.715)</value>
   </values>
  </item>
  <item>
   <tags/>
   <category>'li.3'</category>
   <cell>spm</cell>
   <visited>false</visited>
   <multiplicity>1</multiplicity>
   <comment/>
   <image/>
   <values>
    <value>edge-pair: (154.03,66.915;154.03,67.115)|(153.95,67.115;153.95,67.065)</value>
   </values>
  </item>
  <item>
   <tags/>
   <category>'li.3'</category>
   <cell>spm</cell>
   <visited>false</visited>
   <multiplicity>1</multiplicity>
   <comment/>
   <image/>
   <values>
    <value>edge-pair: (153.69,60.37;153.69,60.86)|(153.565,60.745;153.565,60.415)</value>
   </values>
  </item>
  <item>
   <tags/>
   <category>'li.3'</category>
   <cell>spm</cell>
   <visited>false</visited>
   <multiplicity>1</multiplicity>
   <comment/>
   <image/>
   <values>
    <value>edge-pair: (152.855,60.745;152.855,61.315)|(152.82,61.435;152.82,60.84)</value>
   </values>
  </item>
  <item>
   <tags/>
   <category>'li.3'</category>
   <cell>spm</cell>
   <visited>false</visited>
   <multiplicity>1</multiplicity>
   <comment/>
   <image/>
   <values>
    <value>edge-pair: (155.57,70.886;155.57,71.689)|(155.48,71.545;155.48,71.03)</value>
   </values>
  </item>
  <item>
   <tags/>
   <category>'li.3'</category>
   <cell>spm</cell>
   <visited>false</visited>
   <multiplicity>1</multiplicity>
   <comment/>
   <image/>
   <values>
    <value>edge-pair: (155.16,72.045;155.53,72.045)|(155.375,72.115;155.04,72.115)</value>
   </values>
  </item>
  <item>
   <tags/>
   <category>'li.3'</category>
   <cell>spm</cell>
   <visited>false</visited>
   <multiplicity>1</multiplicity>
   <comment/>
   <image/>
   <values>
    <value>edge-pair: (154.03,66.805;154.03,67.115)|(153.95,67.115;153.95,66.655)</value>
   </values>
  </item>
  <item>
   <tags/>
   <category>'li.3'</category>
   <cell>spm</cell>
   <visited>false</visited>
   <multiplicity>1</multiplicity>
   <comment/>
   <image/>
   <values>
    <value>edge-pair: (155.04,72.115;155.04,72.365)|(154.935,72.499;154.935,72.045)</value>
   </values>
  </item>
  <item>
   <tags/>
   <category>'li.3'</category>
   <cell>spm</cell>
   <visited>false</visited>
   <multiplicity>1</multiplicity>
   <comment/>
   <image/>
   <values>
    <value>edge-pair: (150.045,71.825;150.045,72.17)|(149.93,72.045;149.93,71.715)</value>
   </values>
  </item>
  <item>
   <tags/>
   <category>'li.3'</category>
   <cell>spm</cell>
   <visited>false</visited>
   <multiplicity>1</multiplicity>
   <comment/>
   <image/>
   <values>
    <value>edge-pair: (151.095,71.99;151.095,72.215)|(150.965,72.215;150.965,72.1)</value>
   </values>
  </item>
  <item>
   <tags/>
   <category>'li.3'</category>
   <cell>spm</cell>
   <visited>false</visited>
   <multiplicity>1</multiplicity>
   <comment/>
   <image/>
   <values>
    <value>edge-pair: (153.55,66.965;153.655,66.965)|(153.575,67.115;153.55,67.115)</value>
   </values>
  </item>
  <item>
   <tags/>
   <category>'li.3'</category>
   <cell>spm</cell>
   <visited>false</visited>
   <multiplicity>1</multiplicity>
   <comment/>
   <image/>
   <values>
    <value>edge-pair: (155.07,60.565;155.07,60.848)|(154.935,60.745;154.935,60.462)</value>
   </values>
  </item>
  <item>
   <tags/>
   <category>'li.3'</category>
   <cell>spm</cell>
   <visited>false</visited>
   <multiplicity>1</multiplicity>
   <comment/>
   <image/>
   <values>
    <value>edge-pair: (153.16,60.905;153.52,60.905)|(153.69,60.915;153.325,60.915)</value>
   </values>
  </item>
  <item>
   <tags/>
   <category>'li.3'</category>
   <cell>spm</cell>
   <visited>false</visited>
   <multiplicity>1</multiplicity>
   <comment/>
   <image/>
   <values>
    <value>edge-pair: (150.34,72.825;150.944,72.825)|(150.775,72.845;150.34,72.845)</value>
   </values>
  </item>
  <item>
   <tags/>
   <category>'li.3'</category>
   <cell>spm</cell>
   <visited>false</visited>
   <multiplicity>1</multiplicity>
   <comment/>
   <image/>
   <values>
    <value>edge-pair: (154.625,66.275;154.625,66.585)|(154.475,66.505;154.475,66.195)</value>
   </values>
  </item>
  <item>
   <tags/>
   <category>'li.3'</category>
   <cell>spm</cell>
   <visited>false</visited>
   <multiplicity>1</multiplicity>
   <comment/>
   <image/>
   <values>
    <value>edge-pair: (154.03,66.515;154.03,66.605)|(153.95,66.755;153.95,66.515)</value>
   </values>
  </item>
  <item>
   <tags/>
   <category>'li.3'</category>
   <cell>spm</cell>
   <visited>false</visited>
   <multiplicity>1</multiplicity>
   <comment/>
   <image/>
   <values>
    <value>edge-pair: (153.325,60.945;153.325,61.115)|(153.16,61.156;153.16,60.905)</value>
   </values>
  </item>
  <item>
   <tags/>
   <category>'li.3'</category>
   <cell>spm</cell>
   <visited>false</visited>
   <multiplicity>1</multiplicity>
   <comment/>
   <image/>
   <values>
    <value>edge-pair: (154.77,61.455;154.935,61.455)|(155.07,61.525;154.925,61.525)</value>
   </values>
  </item>
  <item>
   <tags/>
   <category>'li.3'</category>
   <cell>spm</cell>
   <visited>false</visited>
   <multiplicity>1</multiplicity>
   <comment/>
   <image/>
   <values>
    <value>edge-pair: (155.435,72.045;155.56,72.045)|(155.715,72.115;155.59,72.115)</value>
   </values>
  </item>
  <item>
   <tags/>
   <category>'li.3'</category>
   <cell>spm</cell>
   <visited>false</visited>
   <multiplicity>1</multiplicity>
   <comment/>
   <image/>
   <values>
    <value>edge-pair: (149.585,71.715;149.585,71.915)|(149.43,71.845;149.43,71.645)</value>
   </values>
  </item>
  <item>
   <tags/>
   <category>'li.3'</category>
   <cell>spm</cell>
   <visited>false</visited>
   <multiplicity>1</multiplicity>
   <comment/>
   <image/>
   <values>
    <value>edge-pair: (153.685,65.925;153.685,66.601)|(153.545,66.505;153.545,65.829)</value>
   </values>
  </item>
  <item>
   <tags/>
   <category>'li.3'</category>
   <cell>spm</cell>
   <visited>false</visited>
   <multiplicity>1</multiplicity>
   <comment/>
   <image/>
   <values>
    <value>edge-pair: (154.595,67.305;154.595,67.735)|(154.475,67.745;154.475,67.305)</value>
   </values>
  </item>
  <item>
   <tags/>
   <category>'li.3'</category>
   <cell>spm</cell>
   <visited>false</visited>
   <multiplicity>1</multiplicity>
   <comment/>
   <image/>
   <values>
    <value>edge-pair: (154.03,61.245;154.03,61.315)|(154.005,61.483;154.005,61.315)</value>
   </values>
  </item>
  <item>
   <tags/>
   <category>'li.3'</category>
   <cell>spm</cell>
   <visited>false</visited>
   <multiplicity>1</multiplicity>
   <comment/>
   <image/>
   <values>
    <value>edge-pair: (150.105,71.615;150.435,71.615)|(150.572,71.715;150.1,71.715)</value>
   </values>
  </item>
  <item>
   <tags/>
   <category>'li.3'</category>
   <cell>spm</cell>
   <visited>false</visited>
   <multiplicity>1</multiplicity>
   <comment/>
   <image/>
   <values>
    <value>edge-pair: (152.855,60.674;152.855,60.745)|(152.82,60.911;152.82,60.84)</value>
   </values>
  </item>
  <item>
   <tags/>
   <category>'li.3'</category>
   <cell>spm</cell>
   <visited>false</visited>
   <multiplicity>1</multiplicity>
   <comment/>
   <image/>
   <values>
    <value>edge-pair: (154.625,65.365;154.625,66.095)|(154.475,66.175;154.475,65.365)</value>
   </values>
  </item>
  <item>
   <tags/>
   <category>'li.3'</category>
   <cell>spm</cell>
   <visited>false</visited>
   <multiplicity>1</multiplicity>
   <comment/>
   <image/>
   <values>
    <value>edge-pair: (150.045,72.09;150.045,72.485)|(149.93,72.505;149.93,72.215)</value>
   </values>
  </item>
  <item>
   <tags/>
   <category>'li.3'</category>
   <cell>spm</cell>
   <visited>false</visited>
   <multiplicity>1</multiplicity>
   <comment/>
   <image/>
   <values>
    <value>edge-pair: (155.07,60.812;155.07,61.525)|(154.935,61.455;154.935,60.915)</value>
   </values>
  </item>
  <item>
   <tags/>
   <category>'li.3'</category>
   <cell>spm</cell>
   <visited>false</visited>
   <multiplicity>1</multiplicity>
   <comment/>
   <image/>
   <values>
    <value>edge-pair: (150.945,72.861;150.945,73.355)|(150.84,73.355;150.84,72.995)</value>
   </values>
  </item>
  <item>
   <tags/>
   <category>'li.3'</category>
   <cell>spm</cell>
   <visited>false</visited>
   <multiplicity>1</multiplicity>
   <comment/>
   <image/>
   <values>
    <value>edge-pair: (154.195,72.115;154.195,72.385)|(154.07,72.5;154.07,72.215)</value>
   </values>
  </item>
  <item>
   <tags/>
   <category>'li.3'</category>
   <cell>spm</cell>
   <visited>false</visited>
   <multiplicity>1</multiplicity>
   <comment/>
   <image/>
   <values>
    <value>edge-pair: (149.585,72.845;149.585,73.135)|(149.445,73.231;149.445,72.895)</value>
   </values>
  </item>
  <item>
   <tags/>
   <category>'li.3'</category>
   <cell>spm</cell>
   <visited>false</visited>
   <multiplicity>1</multiplicity>
   <comment/>
   <image/>
   <values>
    <value>edge-pair: (154.185,72.555;154.185,73.015)|(154.07,73.015;154.07,72.43)</value>
   </values>
  </item>
  <item>
   <tags/>
   <category>'li.3'</category>
   <cell>spm</cell>
   <visited>false</visited>
   <multiplicity>1</multiplicity>
   <comment/>
   <image/>
   <values>
    <value>edge-pair: (150.025,70.895;150.025,71.205)|(149.875,71.285;149.875,70.975)</value>
   </values>
  </item>
  <item>
   <tags/>
   <category>'li.3'</category>
   <cell>spm</cell>
   <visited>false</visited>
   <multiplicity>1</multiplicity>
   <comment/>
   <image/>
   <values>
    <value>edge-pair: (155.995,71.545;155.995,72.215)|(155.9,72.215;155.9,71.545)</value>
   </values>
  </item>
  <item>
   <tags/>
   <category>'li.3'</category>
   <cell>spm</cell>
   <visited>false</visited>
   <multiplicity>1</multiplicity>
   <comment/>
   <image/>
   <values>
    <value>edge-pair: (155.57,71.545;155.57,71.945)|(155.56,72.045;155.56,71.715)</value>
   </values>
  </item>
  <item>
   <tags/>
   <category>'li.3'</category>
   <cell>spm</cell>
   <visited>false</visited>
   <multiplicity>1</multiplicity>
   <comment/>
   <image/>
   <values>
    <value>edge-pair: (154.935,72.045;154.99,72.045)|(155.145,72.115;155.04,72.115)</value>
   </values>
  </item>
  <item>
   <tags/>
   <category>'li.3'</category>
   <cell>spm</cell>
   <visited>false</visited>
   <multiplicity>1</multiplicity>
   <comment/>
   <image/>
   <values>
    <value>edge-pair: (154.605,60.915;154.605,61.115)|(154.54,61.272;154.54,60.758)</value>
   </values>
  </item>
  <item>
   <tags/>
   <category>'li.3'</category>
   <cell>spm</cell>
   <visited>false</visited>
   <multiplicity>1</multiplicity>
   <comment/>
   <image/>
   <values>
    <value>edge-pair: (149.605,72.675;149.705,72.675)|(149.705,72.705;149.615,72.705)</value>
   </values>
  </item>
  <item>
   <tags/>
   <category>'li.3'</category>
   <cell>spm</cell>
   <visited>false</visited>
   <multiplicity>1</multiplicity>
   <comment/>
   <image/>
   <values>
    <value>edge-pair: (153.685,66.522;153.685,66.775)|(153.61,66.775;153.61,66.675)</value>
   </values>
  </item>
  <item>
   <tags/>
   <category>'li.3'</category>
   <cell>spm</cell>
   <visited>false</visited>
   <multiplicity>1</multiplicity>
   <comment/>
   <image/>
   <values>
    <value>edge-pair: (151.43,71.585;151.48,71.585)|(151.37,71.715;151.32,71.715)</value>
   </values>
  </item>
  <item>
   <tags/>
   <category>'li.3'</category>
   <cell>spm</cell>
   <visited>false</visited>
   <multiplicity>1</multiplicity>
   <comment/>
   <image/>
   <values>
    <value>edge-pair: (152.92,60.385;153.025,60.385)|(153.095,60.54;152.99,60.54)</value>
   </values>
  </item>
  <item>
   <tags/>
   <category>'li.3'</category>
   <cell>spm</cell>
   <visited>false</visited>
   <multiplicity>1</multiplicity>
   <comment/>
   <image/>
   <values>
    <value>edge-pair: (152.855,60.674;152.855,61.53)|(152.82,61.435;152.82,60.84)</value>
   </values>
  </item>
  <item>
   <tags/>
   <category>'li.3'</category>
   <cell>spm</cell>
   <visited>false</visited>
   <multiplicity>1</multiplicity>
   <comment/>
   <image/>
   <values>
    <value>edge-pair: (154.945,62.025;154.945,62.195)|(154.925,62.364;154.925,61.856)</value>
   </values>
  </item>
  <item>
   <tags/>
   <category>'li.3'</category>
   <cell>spm</cell>
   <visited>false</visited>
   <multiplicity>1</multiplicity>
   <comment/>
   <image/>
   <values>
    <value>edge-pair: (153.69,60.37;153.69,60.542)|(153.59,60.405;153.59,60.395)</value>
   </values>
  </item>
  <item>
   <tags/>
   <category>'li.3'</category>
   <cell>spm</cell>
   <visited>false</visited>
   <multiplicity>1</multiplicity>
   <comment/>
   <image/>
   <values>
    <value>edge-pair: (154.03,66.805;154.03,67.045)|(153.95,66.895;153.95,66.725)</value>
   </values>
  </item>
  <item>
   <tags/>
   <category>'li.3'</category>
   <cell>spm</cell>
   <visited>false</visited>
   <multiplicity>1</multiplicity>
   <comment/>
   <image/>
   <values>
    <value>edge-pair: (150.045,72.485;150.375,72.485)|(150.544,72.505;149.93,72.505)</value>
   </values>
  </item>
  <item>
   <tags/>
   <category>'li.3'</category>
   <cell>spm</cell>
   <visited>false</visited>
   <multiplicity>1</multiplicity>
   <comment/>
   <image/>
   <values>
    <value>edge-pair: (152.855,61.315;152.855,61.53)|(152.82,61.435;152.82,61.149)</value>
   </values>
  </item>
  <item>
   <tags/>
   <category>'li.3'</category>
   <cell>spm</cell>
   <visited>false</visited>
   <multiplicity>1</multiplicity>
   <comment/>
   <image/>
   <values>
    <value>edge-pair: (154.2,61.805;154.2,62.23)|(154.19,62.4;154.19,61.975)</value>
   </values>
  </item>
  <item>
   <tags/>
   <category>'li.3'</category>
   <cell>spm</cell>
   <visited>false</visited>
   <multiplicity>1</multiplicity>
   <comment/>
   <image/>
   <values>
    <value>edge-pair: (151.43,71.334;151.43,71.585)|(151.265,71.626;151.265,71.375)</value>
   </values>
  </item>
  <item>
   <tags/>
   <category>'li.3'</category>
   <cell>spm</cell>
   <visited>false</visited>
   <multiplicity>1</multiplicity>
   <comment/>
   <image/>
   <values>
    <value>edge-pair: (153.69,60.37;153.69,60.528)|(153.615,60.375;153.615,60.37)</value>
   </values>
  </item>
  <item>
   <tags/>
   <category>'li.3'</category>
   <cell>spm</cell>
   <visited>false</visited>
   <multiplicity>1</multiplicity>
   <comment/>
   <image/>
   <values>
    <value>edge-pair: (155.995,72.459;155.995,73.185)|(155.855,73.281;155.855,72.555)</value>
   </values>
  </item>
  <item>
   <tags/>
   <category>'li.3'</category>
   <cell>spm</cell>
   <visited>false</visited>
   <multiplicity>1</multiplicity>
   <comment/>
   <image/>
   <values>
    <value>edge-pair: (153.275,66.605;153.515,66.605)|(153.61,66.675;153.275,66.675)</value>
   </values>
  </item>
  <item>
   <tags/>
   <category>'li.3'</category>
   <cell>spm</cell>
   <visited>false</visited>
   <multiplicity>1</multiplicity>
   <comment/>
   <image/>
   <values>
    <value>edge-pair: (150.565,72.34;150.605,72.34)|(150.605,72.505;150.524,72.505)</value>
   </values>
  </item>
  <item>
   <tags/>
   <category>'li.3'</category>
   <cell>spm</cell>
   <visited>false</visited>
   <multiplicity>1</multiplicity>
   <comment/>
   <image/>
   <values>
    <value>edge-pair: (151.475,71.755;151.475,72.085)|(151.37,72.045;151.37,71.715)</value>
   </values>
  </item>
  <item>
   <tags/>
   <category>'li.3'</category>
   <cell>spm</cell>
   <visited>false</visited>
   <multiplicity>1</multiplicity>
   <comment/>
   <image/>
   <values>
    <value>edge-pair: (152.635,61.605;152.635,61.825)|(152.625,61.995;152.625,61.435)</value>
   </values>
  </item>
  <item>
   <tags/>
   <category>'li.3'</category>
   <cell>spm</cell>
   <visited>false</visited>
   <multiplicity>1</multiplicity>
   <comment/>
   <image/>
   <values>
    <value>edge-pair: (149.585,71.715;149.585,72.045)|(149.535,72.207;149.535,71.845)</value>
   </values>
  </item>
  <item>
   <tags/>
   <category>'li.3'</category>
   <cell>spm</cell>
   <visited>false</visited>
   <multiplicity>1</multiplicity>
   <comment/>
   <image/>
   <values>
    <value>edge-pair: (154.17,72.045;154.24,72.045)|(154.24,72.115;154.195,72.115)</value>
   </values>
  </item>
  <item>
   <tags/>
   <category>'li.3'</category>
   <cell>spm</cell>
   <visited>false</visited>
   <multiplicity>1</multiplicity>
   <comment/>
   <image/>
   <values>
    <value>edge-pair: (155.56,72.045;155.56,71.948)|(155.59,72.115;155.59,72.212)</value>
   </values>
  </item>
  <item>
   <tags/>
   <category>'li.3'</category>
   <cell>spm</cell>
   <visited>false</visited>
   <multiplicity>1</multiplicity>
   <comment/>
   <image/>
   <values>
    <value>edge-pair: (151.475,72.085;151.54,72.085)|(151.54,72.215;151.435,72.215)</value>
   </values>
  </item>
  <item>
   <tags/>
   <category>'li.3'</category>
   <cell>spm</cell>
   <visited>false</visited>
   <multiplicity>1</multiplicity>
   <comment/>
   <image/>
   <values>
    <value>edge-pair: (151.435,72.215;151.435,72.315)|(151.305,72.315;151.305,72.105)</value>
   </values>
  </item>
  <item>
   <tags/>
   <category>'li.3'</category>
   <cell>spm</cell>
   <visited>false</visited>
   <multiplicity>1</multiplicity>
   <comment/>
   <image/>
   <values>
    <value>edge-pair: (153.965,60.915;153.965,60.985)|(153.86,60.985;153.86,60.781)</value>
   </values>
  </item>
  <item>
   <tags/>
   <category>'li.3'</category>
   <cell>spm</cell>
   <visited>false</visited>
   <multiplicity>1</multiplicity>
   <comment/>
   <image/>
   <values>
    <value>edge-pair: (154.99,72.045;154.99,71.953)|(155.04,72.115;155.04,72.207)</value>
   </values>
  </item>
  <item>
   <tags/>
   <category>'li.3'</category>
   <cell>spm</cell>
   <visited>false</visited>
   <multiplicity>1</multiplicity>
   <comment/>
   <image/>
   <values>
    <value>edge-pair: (154.635,71.6;154.635,71.955)|(154.51,72.07;154.51,71.715)</value>
   </values>
  </item>
  <item>
   <tags/>
   <category>'li.3'</category>
   <cell>spm</cell>
   <visited>false</visited>
   <multiplicity>1</multiplicity>
   <comment/>
   <image/>
   <values>
    <value>edge-pair: (152.855,61.53;152.99,61.53)|(152.99,61.605;152.702,61.605)</value>
   </values>
  </item>
  <item>
   <tags/>
   <category>'li.3'</category>
   <cell>spm</cell>
   <visited>false</visited>
   <multiplicity>1</multiplicity>
   <comment/>
   <image/>
   <values>
    <value>edge-pair: (153.5,61.245;154.03,61.245)|(154.005,61.315;153.5,61.315)</value>
   </values>
  </item>
  <item>
   <tags/>
   <category>'li.3'</category>
   <cell>spm</cell>
   <visited>false</visited>
   <multiplicity>1</multiplicity>
   <comment/>
   <image/>
   <values>
    <value>edge-pair: (154.03,66.605;154.445,66.605)|(154.455,66.675;154.12,66.675)</value>
   </values>
  </item>
  <item>
   <tags/>
   <category>'li.3'</category>
   <cell>spm</cell>
   <visited>false</visited>
   <multiplicity>1</multiplicity>
   <comment/>
   <image/>
   <values>
    <value>edge-pair: (154.03,66.575;154.03,66.605)|(153.95,66.755;153.95,66.725)</value>
   </values>
  </item>
  <item>
   <tags/>
   <category>'li.3'</category>
   <cell>spm</cell>
   <visited>false</visited>
   <multiplicity>1</multiplicity>
   <comment/>
   <image/>
   <values>
    <value>edge-pair: (153.715,65.535;153.715,65.896)|(153.62,65.755;153.62,65.394)</value>
   </values>
  </item>
  <item>
   <tags/>
   <category>'li.3'</category>
   <cell>spm</cell>
   <visited>false</visited>
   <multiplicity>1</multiplicity>
   <comment/>
   <image/>
   <values>
    <value>edge-pair: (154.54,60.425;154.595,60.425)|(154.595,60.555;154.54,60.555)</value>
   </values>
  </item>
  <item>
   <tags/>
   <category>'li.3'</category>
   <cell>spm</cell>
   <visited>false</visited>
   <multiplicity>1</multiplicity>
   <comment/>
   <image/>
   <values>
    <value>edge-pair: (154.595,61.755;154.595,62.025)|(154.54,62.025;154.54,61.594)</value>
   </values>
  </item>
  <item>
   <tags/>
   <category>'li.3'</category>
   <cell>spm</cell>
   <visited>false</visited>
   <multiplicity>1</multiplicity>
   <comment/>
   <image/>
   <values>
    <value>edge-pair: (154.56,70.805;154.56,71.205)|(154.465,71.346;154.465,70.805)</value>
   </values>
  </item>
  <item>
   <tags/>
   <category>'li.3'</category>
   <cell>spm</cell>
   <visited>false</visited>
   <multiplicity>1</multiplicity>
   <comment/>
   <image/>
   <values>
    <value>edge-pair: (156.19,72.045;156.315,72.045)|(156.47,72.115;156.345,72.115)</value>
   </values>
  </item>
  <item>
   <tags/>
   <category>'li.3'</category>
   <cell>spm</cell>
   <visited>false</visited>
   <multiplicity>1</multiplicity>
   <comment/>
   <image/>
   <values>
    <value>edge-pair: (153.69,60.37;153.69,60.539)|(153.6,60.395;153.6,60.39)</value>
   </values>
  </item>
  <item>
   <tags/>
   <category>'li.3'</category>
   <cell>spm</cell>
   <visited>false</visited>
   <multiplicity>1</multiplicity>
   <comment/>
   <image/>
   <values>
    <value>edge-pair: (156.315,72.045;156.315,71.948)|(156.345,72.115;156.345,72.212)</value>
   </values>
  </item>
  <item>
   <tags/>
   <category>'li.3'</category>
   <cell>spm</cell>
   <visited>false</visited>
   <multiplicity>1</multiplicity>
   <comment/>
   <image/>
   <values>
    <value>edge-pair: (175.701,71.945;176.229,71.945)|(176.06,71.965;175.87,71.965)</value>
   </values>
  </item>
  <item>
   <tags/>
   <category>'li.3'</category>
   <cell>spm</cell>
   <visited>false</visited>
   <multiplicity>1</multiplicity>
   <comment/>
   <image/>
   <values>
    <value>edge-pair: (175.69,77;175.69,77.345)|(175.62,77.485;175.62,77.155)</value>
   </values>
  </item>
  <item>
   <tags/>
   <category>'li.3'</category>
   <cell>spm</cell>
   <visited>false</visited>
   <multiplicity>1</multiplicity>
   <comment/>
   <image/>
   <values>
    <value>edge-pair: (176.085,71.755;176.215,71.755)|(176.215,71.775;175.916,71.775)</value>
   </values>
  </item>
  <item>
   <tags/>
   <category>'li.3'</category>
   <cell>spm</cell>
   <visited>false</visited>
   <multiplicity>1</multiplicity>
   <comment/>
   <image/>
   <values>
    <value>edge-pair: (175.021,71.945;175.145,71.945)|(175.314,71.965;175.19,71.965)</value>
   </values>
  </item>
  <item>
   <tags/>
   <category>'li.3'</category>
   <cell>spm</cell>
   <visited>false</visited>
   <multiplicity>1</multiplicity>
   <comment/>
   <image/>
   <values>
    <value>edge-pair: (175.19,72.701;175.19,73.355)|(175.145,73.355;175.145,72.865)</value>
   </values>
  </item>
  <item>
   <tags/>
   <category>'li.3'</category>
   <cell>spm</cell>
   <visited>false</visited>
   <multiplicity>1</multiplicity>
   <comment/>
   <image/>
   <values>
    <value>edge-pair: (174.91,78.395;174.91,78.625)|(174.75,78.615;174.75,78.338)</value>
   </values>
  </item>
  <item>
   <tags/>
   <category>'li.3'</category>
   <cell>spm</cell>
   <visited>false</visited>
   <multiplicity>1</multiplicity>
   <comment/>
   <image/>
   <values>
    <value>edge-pair: (174.385,76.805;174.385,77.175)|(174.22,77.175;174.22,76.764)</value>
   </values>
  </item>
  <item>
   <tags/>
   <category>'li.3'</category>
   <cell>spm</cell>
   <visited>false</visited>
   <multiplicity>1</multiplicity>
   <comment/>
   <image/>
   <values>
    <value>edge-pair: (176.72,72.074;176.72,72.486)|(176.555,72.445;176.555,72.115)</value>
   </values>
  </item>
  <item>
   <tags/>
   <category>'li.3'</category>
   <cell>spm</cell>
   <visited>false</visited>
   <multiplicity>1</multiplicity>
   <comment/>
   <image/>
   <values>
    <value>edge-pair: (175.295,78.234;175.295,78.615)|(175.24,78.625;175.24,78.395)</value>
   </values>
  </item>
  <item>
   <tags/>
   <category>'li.3'</category>
   <cell>spm</cell>
   <visited>false</visited>
   <multiplicity>1</multiplicity>
   <comment/>
   <image/>
   <values>
    <value>edge-pair: (176.085,71.425;176.085,71.755)|(176.045,71.605;176.045,71.26)</value>
   </values>
  </item>
  <item>
   <tags/>
   <category>'li.3'</category>
   <cell>spm</cell>
   <visited>false</visited>
   <multiplicity>1</multiplicity>
   <comment/>
   <image/>
   <values>
    <value>edge-pair: (174.65,77.005;174.72,77.005)|(174.8,77.155;174.73,77.155)</value>
   </values>
  </item>
  <item>
   <tags/>
   <category>'li.3'</category>
   <cell>spm</cell>
   <visited>false</visited>
   <multiplicity>1</multiplicity>
   <comment/>
   <image/>
   <values>
    <value>edge-pair: (174.815,77.485;175.145,77.485)|(175.275,77.595;174.945,77.595)</value>
   </values>
  </item>
  <item>
   <tags/>
   <category>'li.3'</category>
   <cell>spm</cell>
   <visited>false</visited>
   <multiplicity>1</multiplicity>
   <comment/>
   <image/>
   <values>
    <value>edge-pair: (175.325,76.285;175.325,76.975)|(175.215,77.105;175.215,76.415)</value>
   </values>
  </item>
  <item>
   <tags/>
   <category>'li.3'</category>
   <cell>spm</cell>
   <visited>false</visited>
   <multiplicity>1</multiplicity>
   <comment/>
   <image/>
   <values>
    <value>edge-pair: (171.205,77.385;171.205,78.055)|(171.095,78.055;171.095,77.385)</value>
   </values>
  </item>
  <item>
   <tags/>
   <category>'li.3'</category>
   <cell>spm</cell>
   <visited>false</visited>
   <multiplicity>1</multiplicity>
   <comment/>
   <image/>
   <values>
    <value>edge-pair: (175.19,72.555;175.19,72.854)|(175.13,72.695;175.13,72.396)</value>
   </values>
  </item>
  <item>
   <tags/>
   <category>'li.3'</category>
   <cell>spm</cell>
   <visited>false</visited>
   <multiplicity>1</multiplicity>
   <comment/>
   <image/>
   <values>
    <value>edge-pair: (174.605,77.255;174.605,78.009)|(174.56,77.845;174.56,77.091)</value>
   </values>
  </item>
  <item>
   <tags/>
   <category>'li.3'</category>
   <cell>spm</cell>
   <visited>false</visited>
   <multiplicity>1</multiplicity>
   <comment/>
   <image/>
   <values>
    <value>edge-pair: (175.295,78.185;175.295,78.498)|(175.16,78.395;175.16,78.185)</value>
   </values>
  </item>
  <item>
   <tags/>
   <category>'li.3'</category>
   <cell>spm</cell>
   <visited>false</visited>
   <multiplicity>1</multiplicity>
   <comment/>
   <image/>
   <values>
    <value>edge-pair: (173.975,77.485;174.117,77.485)|(173.955,77.535;173.813,77.535)</value>
   </values>
  </item>
  <item>
   <tags/>
   <category>'li.3'</category>
   <cell>spm</cell>
   <visited>false</visited>
   <multiplicity>1</multiplicity>
   <comment/>
   <image/>
   <values>
    <value>edge-pair: (173.975,77.655;173.975,78.054)|(173.955,77.885;173.955,77.535)</value>
   </values>
  </item>
  <item>
   <tags/>
   <category>'li.3'</category>
   <cell>spm</cell>
   <visited>false</visited>
   <multiplicity>1</multiplicity>
   <comment/>
   <image/>
   <values>
    <value>edge-pair: (174.31,77.885;174.435,77.885)|(174.545,78.015;174.42,78.015)</value>
   </values>
  </item>
  <item>
   <tags/>
   <category>'li.3'</category>
   <cell>spm</cell>
   <visited>false</visited>
   <multiplicity>1</multiplicity>
   <comment/>
   <image/>
   <values>
    <value>edge-pair: (175.325,77.485;175.575,77.485)|(175.445,77.595;175.195,77.595)</value>
   </values>
  </item>
  <item>
   <tags/>
   <category>'li.3'</category>
   <cell>spm</cell>
   <visited>false</visited>
   <multiplicity>1</multiplicity>
   <comment/>
   <image/>
   <values>
    <value>edge-pair: (175.69,76.245;175.69,77.132)|(175.625,76.975;175.625,76.245)</value>
   </values>
  </item>
  <item>
   <tags/>
   <category>'li.3'</category>
   <cell>spm</cell>
   <visited>false</visited>
   <multiplicity>1</multiplicity>
   <comment/>
   <image/>
   <values>
    <value>edge-pair: (174.89,71.945;175.145,71.945)|(175.19,72.035;174.746,72.035)</value>
   </values>
  </item>
  <item>
   <tags/>
   <category>'li.3'</category>
   <cell>spm</cell>
   <visited>false</visited>
   <multiplicity>1</multiplicity>
   <comment/>
   <image/>
   <values>
    <value>edge-pair: (173.975,77.366;173.975,77.485)|(173.955,77.654;173.955,77.535)</value>
   </values>
  </item>
  <item>
   <tags/>
   <category>'li.3'</category>
   <cell>spm</cell>
   <visited>false</visited>
   <multiplicity>1</multiplicity>
   <comment/>
   <image/>
   <values>
    <value>edge-pair: (175.815,71.255;175.815,71.605)|(175.7,71.73;175.7,71.255)</value>
   </values>
  </item>
  <item>
   <tags/>
   <category>'li.3'</category>
   <cell>spm</cell>
   <visited>false</visited>
   <multiplicity>1</multiplicity>
   <comment/>
   <image/>
   <values>
    <value>edge-pair: (174.42,78.015;174.42,78.355)|(174.31,78.225;174.31,77.885)</value>
   </values>
  </item>
  <item>
   <tags/>
   <category>'li.3'</category>
   <cell>spm</cell>
   <visited>false</visited>
   <multiplicity>1</multiplicity>
   <comment/>
   <image/>
   <values>
    <value>edge-pair: (175.325,77.155;175.325,77.485)|(175.215,77.425;175.215,77.025)</value>
   </values>
  </item>
  <item>
   <tags/>
   <category>'li.3'</category>
   <cell>spm</cell>
   <visited>false</visited>
   <multiplicity>1</multiplicity>
   <comment/>
   <image/>
   <values>
    <value>edge-pair: (176.215,72.615;176.215,72.755)|(176.06,72.685;176.06,72.545)</value>
   </values>
  </item>
  <item>
   <tags/>
   <category>'li.3'</category>
   <cell>spm</cell>
   <visited>false</visited>
   <multiplicity>1</multiplicity>
   <comment/>
   <image/>
   <values>
    <value>edge-pair: (175.755,78.145;175.755,78.61)|(175.625,78.615;175.625,78.145)</value>
   </values>
  </item>
  <item>
   <tags/>
   <category>'li.3'</category>
   <cell>spm</cell>
   <visited>false</visited>
   <multiplicity>1</multiplicity>
   <comment/>
   <image/>
   <values>
    <value>edge-pair: (175.53,71.945;175.53,72.845)|(175.495,72.845;175.495,71.945)</value>
   </values>
  </item>
  <item>
   <tags/>
   <category>'li.3'</category>
   <cell>spm</cell>
   <visited>false</visited>
   <multiplicity>1</multiplicity>
   <comment/>
   <image/>
   <values>
    <value>edge-pair: (174.72,77.005;174.72,76.985)|(174.73,77.155;174.73,77.175)</value>
   </values>
  </item>
  <item>
   <tags/>
   <category>'li.3'</category>
   <cell>spm</cell>
   <visited>false</visited>
   <multiplicity>1</multiplicity>
   <comment/>
   <image/>
   <values>
    <value>edge-pair: (175.145,71.945;175.145,71.801)|(175.19,71.965;175.19,72.035)</value>
   </values>
  </item>
  <item>
   <tags/>
   <category>'li.3'</category>
   <cell>spm</cell>
   <visited>false</visited>
   <multiplicity>1</multiplicity>
   <comment/>
   <image/>
   <values>
    <value>edge-pair: (176.105,71.085;176.105,71.255)|(176.045,71.414;176.045,70.926)</value>
   </values>
  </item>
  <item>
   <tags/>
   <category>'li.3'</category>
   <cell>spm</cell>
   <visited>false</visited>
   <multiplicity>1</multiplicity>
   <comment/>
   <image/>
   <values>
    <value>edge-pair: (173.99,76.635;174.32,76.635)|(174.22,76.67;173.945,76.67)</value>
   </values>
  </item>
  <item>
   <tags/>
   <category>'li.3'</category>
   <cell>spm</cell>
   <visited>false</visited>
   <multiplicity>1</multiplicity>
   <comment/>
   <image/>
   <values>
    <value>edge-pair: (175.87,72.685;176.06,72.685)|(176.117,72.845;175.813,72.845)</value>
   </values>
  </item>
  <item>
   <tags/>
   <category>'li.3'</category>
   <cell>spm</cell>
   <visited>false</visited>
   <multiplicity>1</multiplicity>
   <comment/>
   <image/>
   <values>
    <value>edge-pair: (175.485,77.485;175.62,77.485)|(175.75,77.595;175.615,77.595)</value>
   </values>
  </item>
  <item>
   <tags/>
   <category>'li.3'</category>
   <cell>spm</cell>
   <visited>false</visited>
   <multiplicity>1</multiplicity>
   <comment/>
   <image/>
   <values>
    <value>edge-pair: (174.39,76.245;174.39,76.79)|(174.32,76.635;174.32,76.245)</value>
   </values>
  </item>
  <item>
   <tags/>
   <category>'li.3'</category>
   <cell>spm</cell>
   <visited>false</visited>
   <multiplicity>1</multiplicity>
   <comment/>
   <image/>
   <values>
    <value>edge-pair: (164.675,60.145;164.675,60.665)|(164.565,60.795;164.565,60.105)</value>
   </values>
  </item>
  <item>
   <tags/>
   <category>'li.3'</category>
   <cell>spm</cell>
   <visited>false</visited>
   <multiplicity>1</multiplicity>
   <comment/>
   <image/>
   <values>
    <value>edge-pair: (164.5,61.295;164.5,61.545)|(164.495,61.715;164.495,61.465)</value>
   </values>
  </item>
  <item>
   <tags/>
   <category>'li.3'</category>
   <cell>spm</cell>
   <visited>false</visited>
   <multiplicity>1</multiplicity>
   <comment/>
   <image/>
   <values>
    <value>edge-pair: (169.555,60.678;169.555,60.71)|(169.49,60.867;169.49,60.835)</value>
   </values>
  </item>
  <item>
   <tags/>
   <category>'li.3'</category>
   <cell>spm</cell>
   <visited>false</visited>
   <multiplicity>1</multiplicity>
   <comment/>
   <image/>
   <values>
    <value>edge-pair: (164.325,61.465;164.325,61.715)|(164.32,61.545;164.32,61.295)</value>
   </values>
  </item>
  <item>
   <tags/>
   <category>'li.3'</category>
   <cell>spm</cell>
   <visited>false</visited>
   <multiplicity>1</multiplicity>
   <comment/>
   <image/>
   <values>
    <value>edge-pair: (169.555,60.71;169.605,60.71)|(169.49,60.835;169.44,60.835)</value>
   </values>
  </item>
  <item>
   <tags/>
   <category>'li.3'</category>
   <cell>spm</cell>
   <visited>false</visited>
   <multiplicity>1</multiplicity>
   <comment/>
   <image/>
   <values>
    <value>edge-pair: (169.435,61.485;169.765,61.485)|(169.861,61.625;169.339,61.625)</value>
   </values>
  </item>
  <item>
   <tags/>
   <category>'li.3'</category>
   <cell>spm</cell>
   <visited>false</visited>
   <multiplicity>1</multiplicity>
   <comment/>
   <image/>
   <values>
    <value>edge-pair: (170.215,60.095;170.215,60.745)|(170.115,60.882;170.115,60.095)</value>
   </values>
  </item>
  <item>
   <tags/>
   <category>'li.3'</category>
   <cell>spm</cell>
   <visited>false</visited>
   <multiplicity>1</multiplicity>
   <comment/>
   <image/>
   <values>
    <value>edge-pair: (169.245,61.066;169.245,61.455)|(169.225,61.495;169.225,61.235)</value>
   </values>
  </item>
  <item>
   <tags/>
   <category>'li.3'</category>
   <cell>spm</cell>
   <visited>false</visited>
   <multiplicity>1</multiplicity>
   <comment/>
   <image/>
   <values>
    <value>edge-pair: (164.155,61.165;164.475,61.165)|(164.32,61.235;164.155,61.235)</value>
   </values>
  </item>
  <item>
   <tags/>
   <category>'li.3'</category>
   <cell>spm</cell>
   <visited>false</visited>
   <multiplicity>1</multiplicity>
   <comment/>
   <image/>
   <values>
    <value>edge-pair: (169.435,61.485;169.765,61.485)|(169.705,61.625;169.339,61.625)</value>
   </values>
  </item>
  <item>
   <tags/>
   <category>'li.3'</category>
   <cell>spm</cell>
   <visited>false</visited>
   <multiplicity>1</multiplicity>
   <comment/>
   <image/>
   <values>
    <value>edge-pair: (165.205,61.235;165.205,61.495)|(165.055,61.415;165.055,61.155)</value>
   </values>
  </item>
  <item>
   <tags/>
   <category>'li.3'</category>
   <cell>spm</cell>
   <visited>false</visited>
   <multiplicity>1</multiplicity>
   <comment/>
   <image/>
   <values>
    <value>edge-pair: (169.75,60.915;169.75,61.115)|(169.605,61.204;169.605,60.88)</value>
   </values>
  </item>
  <item>
   <tags/>
   <category>'li.3'</category>
   <cell>spm</cell>
   <visited>false</visited>
   <multiplicity>1</multiplicity>
   <comment/>
   <image/>
   <values>
    <value>edge-pair: (163.835,60.14;163.835,60.665)|(163.705,60.655;163.705,60.03)</value>
   </values>
  </item>
  <item>
   <tags/>
   <category>'li.3'</category>
   <cell>spm</cell>
   <visited>false</visited>
   <multiplicity>1</multiplicity>
   <comment/>
   <image/>
   <values>
    <value>edge-pair: (163.26,61.37;163.26,61.745)|(163.195,61.902;163.195,61.213)</value>
   </values>
  </item>
  <item>
   <tags/>
   <category>'li.3'</category>
   <cell>spm</cell>
   <visited>false</visited>
   <multiplicity>1</multiplicity>
   <comment/>
   <image/>
   <values>
    <value>edge-pair: (169.609,61.485;169.765,61.485)|(169.861,61.625;169.705,61.625)</value>
   </values>
  </item>
  <item>
   <tags/>
   <category>'li.3'</category>
   <cell>spm</cell>
   <visited>false</visited>
   <multiplicity>1</multiplicity>
   <comment/>
   <image/>
   <values>
    <value>edge-pair: (164.675,60.665;164.83,60.665)|(164.885,60.815;164.595,60.815)</value>
   </values>
  </item>
  <item>
   <tags/>
   <category>'li.3'</category>
   <cell>spm</cell>
   <visited>false</visited>
   <multiplicity>1</multiplicity>
   <comment/>
   <image/>
   <values>
    <value>edge-pair: (164.305,61.925;164.305,62.295)|(164.155,62.305;164.155,61.925)</value>
   </values>
  </item>
  <item>
   <tags/>
   <category>'li.3'</category>
   <cell>spm</cell>
   <visited>false</visited>
   <multiplicity>1</multiplicity>
   <comment/>
   <image/>
   <values>
    <value>edge-pair: (163.27,61.975;163.27,62.448)|(163.195,62.295;163.195,61.822)</value>
   </values>
  </item>
  <item>
   <tags/>
   <category>'li.3'</category>
   <cell>spm</cell>
   <visited>false</visited>
   <multiplicity>1</multiplicity>
   <comment/>
   <image/>
   <values>
    <value>edge-pair: (163.385,61.925;163.747,61.925)|(163.585,61.975;163.27,61.975)</value>
   </values>
  </item>
  <item>
   <tags/>
   <category>'li.3'</category>
   <cell>spm</cell>
   <visited>false</visited>
   <multiplicity>1</multiplicity>
   <comment/>
   <image/>
   <values>
    <value>edge-pair: (164.345,61.165;164.715,61.165)|(164.87,61.235;164.5,61.235)</value>
   </values>
  </item>
  <item>
   <tags/>
   <category>'li.3'</category>
   <cell>spm</cell>
   <visited>false</visited>
   <multiplicity>1</multiplicity>
   <comment/>
   <image/>
   <values>
    <value>edge-pair: (169.075,61.495;169.225,61.495)|(169.335,61.625;169.075,61.625)</value>
   </values>
  </item>
  <item>
   <tags/>
   <category>'li.3'</category>
   <cell>spm</cell>
   <visited>false</visited>
   <multiplicity>1</multiplicity>
   <comment/>
   <image/>
   <values>
    <value>edge-pair: (169.765,61.835;170.115,61.835)|(170.225,61.965;169.875,61.965)</value>
   </values>
  </item>
  <item>
   <tags/>
   <category>'li.3'</category>
   <cell>spm</cell>
   <visited>false</visited>
   <multiplicity>1</multiplicity>
   <comment/>
   <image/>
   <values>
    <value>edge-pair: (164.665,61.563;164.665,62.26)|(164.615,62.295;164.615,61.725)</value>
   </values>
  </item>
  <item>
   <tags/>
   <category>'li.3'</category>
   <cell>spm</cell>
   <visited>false</visited>
   <multiplicity>1</multiplicity>
   <comment/>
   <image/>
   <values>
    <value>edge-pair: (163.7,61.165;163.795,61.165)|(163.95,61.235;163.855,61.235)</value>
   </values>
  </item>
  <item>
   <tags/>
   <category>'li.3'</category>
   <cell>spm</cell>
   <visited>false</visited>
   <multiplicity>1</multiplicity>
   <comment/>
   <image/>
   <values>
    <value>edge-pair: (163.795,61.165;163.795,61.076)|(163.855,61.235;163.855,61.324)</value>
   </values>
  </item>
  <item>
   <tags/>
   <category>'li.3'</category>
   <cell>spm</cell>
   <visited>false</visited>
   <multiplicity>1</multiplicity>
   <comment/>
   <image/>
   <values>
    <value>edge-pair: (164.83,60.705;164.885,60.705)|(164.885,60.815;164.7,60.815)</value>
   </values>
  </item>
  <item>
   <tags/>
   <category>'li.3'</category>
   <cell>spm</cell>
   <visited>false</visited>
   <multiplicity>1</multiplicity>
   <comment/>
   <image/>
   <values>
    <value>edge-pair: (176.265,61.925;176.265,62.295)|(176.24,62.305;176.24,61.975)</value>
   </values>
  </item>
  <item>
   <tags/>
   <category>'li.3'</category>
   <cell>spm</cell>
   <visited>false</visited>
   <multiplicity>1</multiplicity>
   <comment/>
   <image/>
   <values>
    <value>edge-pair: (171.215,61.505;171.55,61.505)|(171.694,61.595;171.295,61.595)</value>
   </values>
  </item>
  <item>
   <tags/>
   <category>'li.3'</category>
   <cell>spm</cell>
   <visited>false</visited>
   <multiplicity>1</multiplicity>
   <comment/>
   <image/>
   <values>
    <value>edge-pair: (171.72,61.285;171.72,61.455)|(171.615,61.425;171.615,61.151)</value>
   </values>
  </item>
  <item>
   <tags/>
   <category>'li.3'</category>
   <cell>spm</cell>
   <visited>false</visited>
   <multiplicity>1</multiplicity>
   <comment/>
   <image/>
   <values>
    <value>edge-pair: (173.41,60.555;173.41,61.199)|(173.305,61.065;173.305,60.421)</value>
   </values>
  </item>
  <item>
   <tags/>
   <category>'li.3'</category>
   <cell>spm</cell>
   <visited>false</visited>
   <multiplicity>1</multiplicity>
   <comment/>
   <image/>
   <values>
    <value>edge-pair: (173.915,60.205;173.915,60.515)|(173.805,60.645;173.805,60.095)</value>
   </values>
  </item>
  <item>
   <tags/>
   <category>'li.3'</category>
   <cell>spm</cell>
   <visited>false</visited>
   <multiplicity>1</multiplicity>
   <comment/>
   <image/>
   <values>
    <value>edge-pair: (176.33,61.085;176.33,61.707)|(176.28,61.545;176.28,61.235)</value>
   </values>
  </item>
  <item>
   <tags/>
   <category>'li.3'</category>
   <cell>spm</cell>
   <visited>false</visited>
   <multiplicity>1</multiplicity>
   <comment/>
   <image/>
   <values>
    <value>edge-pair: (176.295,61.055;176.687,61.055)|(176.52,61.085;176.33,61.085)</value>
   </values>
  </item>
  <item>
   <tags/>
   <category>'li.3'</category>
   <cell>spm</cell>
   <visited>false</visited>
   <multiplicity>1</multiplicity>
   <comment/>
   <image/>
   <values>
    <value>edge-pair: (171.72,61.121;171.72,61.559)|(171.615,61.425;171.615,61.255)</value>
   </values>
  </item>
  <item>
   <tags/>
   <category>'li.3'</category>
   <cell>spm</cell>
   <visited>false</visited>
   <multiplicity>1</multiplicity>
   <comment/>
   <image/>
   <values>
    <value>edge-pair: (172.06,61.235;172.06,61.485)|(171.955,61.595;171.955,61.101)</value>
   </values>
  </item>
  <item>
   <tags/>
   <category>'li.3'</category>
   <cell>spm</cell>
   <visited>false</visited>
   <multiplicity>1</multiplicity>
   <comment/>
   <image/>
   <values>
    <value>edge-pair: (172.06,61.235;172.06,61.485)|(171.955,61.619;171.955,61.101)</value>
   </values>
  </item>
  <item>
   <tags/>
   <category>'li.3'</category>
   <cell>spm</cell>
   <visited>false</visited>
   <multiplicity>1</multiplicity>
   <comment/>
   <image/>
   <values>
    <value>edge-pair: (174.895,60.45;174.895,61.495)|(174.78,61.495;174.78,60.575)</value>
   </values>
  </item>
  <item>
   <tags/>
   <category>'li.3'</category>
   <cell>spm</cell>
   <visited>false</visited>
   <multiplicity>1</multiplicity>
   <comment/>
   <image/>
   <values>
    <value>edge-pair: (175.845,60.105;175.845,60.591)|(175.81,60.425;175.81,59.939)</value>
   </values>
  </item>
  <item>
   <tags/>
   <category>'li.3'</category>
   <cell>spm</cell>
   <visited>false</visited>
   <multiplicity>1</multiplicity>
   <comment/>
   <image/>
   <values>
    <value>edge-pair: (177.53,61.975;177.53,62.475)|(177.455,62.475;177.455,61.822)</value>
   </values>
  </item>
  <item>
   <tags/>
   <category>'li.3'</category>
   <cell>spm</cell>
   <visited>false</visited>
   <multiplicity>1</multiplicity>
   <comment/>
   <image/>
   <values>
    <value>edge-pair: (171.135,61.085;171.215,61.085)|(171.295,61.235;171.215,61.235)</value>
   </values>
  </item>
  <item>
   <tags/>
   <category>'li.3'</category>
   <cell>spm</cell>
   <visited>false</visited>
   <multiplicity>1</multiplicity>
   <comment/>
   <image/>
   <values>
    <value>edge-pair: (177.18,60.375;177.18,60.705)|(177.025,60.635;177.025,60.375)</value>
   </values>
  </item>
  <item>
   <tags/>
   <category>'li.3'</category>
   <cell>spm</cell>
   <visited>false</visited>
   <multiplicity>1</multiplicity>
   <comment/>
   <image/>
   <values>
    <value>edge-pair: (176.69,61.6;176.69,61.835)|(176.575,61.96;176.575,61.725)</value>
   </values>
  </item>
  <item>
   <tags/>
   <category>'li.3'</category>
   <cell>spm</cell>
   <visited>false</visited>
   <multiplicity>1</multiplicity>
   <comment/>
   <image/>
   <values>
    <value>edge-pair: (172.135,61.485;172.395,61.485)|(172.475,61.635;172.215,61.635)</value>
   </values>
  </item>
  <item>
   <tags/>
   <category>'li.3'</category>
   <cell>spm</cell>
   <visited>false</visited>
   <multiplicity>1</multiplicity>
   <comment/>
   <image/>
   <values>
    <value>edge-pair: (174.255,60.795;174.375,60.795)|(174.375,60.895;174.118,60.895)</value>
   </values>
  </item>
  <item>
   <tags/>
   <category>'li.3'</category>
   <cell>spm</cell>
   <visited>false</visited>
   <multiplicity>1</multiplicity>
   <comment/>
   <image/>
   <values>
    <value>edge-pair: (171.655,60.67;171.655,61.075)|(171.615,61.24;171.615,60.835)</value>
   </values>
  </item>
  <item>
   <tags/>
   <category>'li.3'</category>
   <cell>spm</cell>
   <visited>false</visited>
   <multiplicity>1</multiplicity>
   <comment/>
   <image/>
   <values>
    <value>edge-pair: (171.205,60.665;171.205,60.895)|(171.125,60.745;171.125,60.665)</value>
   </values>
  </item>
  <item>
   <tags/>
   <category>'li.3'</category>
   <cell>spm</cell>
   <visited>false</visited>
   <multiplicity>1</multiplicity>
   <comment/>
   <image/>
   <values>
    <value>edge-pair: (171.205,61.675;171.205,61.945)|(171.125,61.795;171.125,61.525)</value>
   </values>
  </item>
  <item>
   <tags/>
   <category>'li.3'</category>
   <cell>spm</cell>
   <visited>false</visited>
   <multiplicity>1</multiplicity>
   <comment/>
   <image/>
   <values>
    <value>edge-pair: (171.72,61.075;171.72,61.559)|(171.615,61.425;171.615,60.941)</value>
   </values>
  </item>
  <item>
   <tags/>
   <category>'li.3'</category>
   <cell>spm</cell>
   <visited>false</visited>
   <multiplicity>1</multiplicity>
   <comment/>
   <image/>
   <values>
    <value>edge-pair: (172.06,61.461;172.06,61.485)|(171.955,61.619;171.955,61.595)</value>
   </values>
  </item>
  <item>
   <tags/>
   <category>'li.3'</category>
   <cell>spm</cell>
   <visited>false</visited>
   <multiplicity>1</multiplicity>
   <comment/>
   <image/>
   <values>
    <value>edge-pair: (176.265,61.925;176.265,62.109)|(176.16,61.975;176.16,61.925)</value>
   </values>
  </item>
  <item>
   <tags/>
   <category>'li.3'</category>
   <cell>spm</cell>
   <visited>false</visited>
   <multiplicity>1</multiplicity>
   <comment/>
   <image/>
   <values>
    <value>edge-pair: (174.255,60.575;174.255,60.795)|(174.205,60.725;174.205,60.413)</value>
   </values>
  </item>
  <item>
   <tags/>
   <category>'li.3'</category>
   <cell>spm</cell>
   <visited>false</visited>
   <multiplicity>1</multiplicity>
   <comment/>
   <image/>
   <values>
    <value>edge-pair: (171.635,61.965;171.635,62.475)|(171.515,62.475;171.515,61.845)</value>
   </values>
  </item>
  <item>
   <tags/>
   <category>'li.3'</category>
   <cell>spm</cell>
   <visited>false</visited>
   <multiplicity>1</multiplicity>
   <comment/>
   <image/>
   <values>
    <value>edge-pair: (173.41,61.115;173.41,61.505)|(173.29,61.625;173.29,61.235)</value>
   </values>
  </item>
  <item>
   <tags/>
   <category>'li.3'</category>
   <cell>spm</cell>
   <visited>false</visited>
   <multiplicity>1</multiplicity>
   <comment/>
   <image/>
   <values>
    <value>edge-pair: (175.31,61.325;175.31,62.03)|(175.155,62.03;175.155,61.325)</value>
   </values>
  </item>
  <item>
   <tags/>
   <category>'li.3'</category>
   <cell>spm</cell>
   <visited>false</visited>
   <multiplicity>1</multiplicity>
   <comment/>
   <image/>
   <values>
    <value>edge-pair: (173.05,59.925;173.05,60.346)|(172.885,60.305;172.885,59.925)</value>
   </values>
  </item>
  <item>
   <tags/>
   <category>'li.3'</category>
   <cell>spm</cell>
   <visited>false</visited>
   <multiplicity>1</multiplicity>
   <comment/>
   <image/>
   <values>
    <value>edge-pair: (176.545,60.545;176.545,60.815)|(176.525,60.815;176.525,60.376)</value>
   </values>
  </item>
  <item>
   <tags/>
   <category>'li.3'</category>
   <cell>spm</cell>
   <visited>false</visited>
   <multiplicity>1</multiplicity>
   <comment/>
   <image/>
   <values>
    <value>edge-pair: (171.635,60.185;171.635,60.665)|(171.485,60.745;171.485,60.105)</value>
   </values>
  </item>
  <item>
   <tags/>
   <category>'li.3'</category>
   <cell>spm</cell>
   <visited>false</visited>
   <multiplicity>1</multiplicity>
   <comment/>
   <image/>
   <values>
    <value>edge-pair: (174.375,60.095;174.375,60.49)|(174.25,60.375;174.25,60.205)</value>
   </values>
  </item>
  <item>
   <tags/>
   <category>'li.3'</category>
   <cell>spm</cell>
   <visited>false</visited>
   <multiplicity>1</multiplicity>
   <comment/>
   <image/>
   <values>
    <value>edge-pair: (176.565,60.205;176.565,60.375)|(176.525,60.54;176.525,60.105)</value>
   </values>
  </item>
  <item>
   <tags/>
   <category>'li.3'</category>
   <cell>spm</cell>
   <visited>false</visited>
   <multiplicity>1</multiplicity>
   <comment/>
   <image/>
   <values>
    <value>edge-pair: (171.215,61.425;171.215,61.505)|(171.125,61.649;171.125,61.425)</value>
   </values>
  </item>
  <item>
   <tags/>
   <category>'li.3'</category>
   <cell>spm</cell>
   <visited>false</visited>
   <multiplicity>1</multiplicity>
   <comment/>
   <image/>
   <values>
    <value>edge-pair: (175.31,61.325;175.31,61.415)|(175.155,61.485;175.155,61.325)</value>
   </values>
  </item>
  <item>
   <tags/>
   <category>'li.3'</category>
   <cell>spm</cell>
   <visited>false</visited>
   <multiplicity>1</multiplicity>
   <comment/>
   <image/>
   <values>
    <value>edge-pair: (173.86,61.88;173.915,61.88)|(173.915,61.965;173.713,61.965)</value>
   </values>
  </item>
  <item>
   <tags/>
   <category>'li.3'</category>
   <cell>spm</cell>
   <visited>false</visited>
   <multiplicity>1</multiplicity>
   <comment/>
   <image/>
   <values>
    <value>edge-pair: (172.555,59.925;172.555,60.305)|(172.415,60.401;172.415,59.925)</value>
   </values>
  </item>
  <item>
   <tags/>
   <category>'li.3'</category>
   <cell>spm</cell>
   <visited>false</visited>
   <multiplicity>1</multiplicity>
   <comment/>
   <image/>
   <values>
    <value>edge-pair: (173.86,60.515;173.86,60.895)|(173.805,60.895;173.805,60.354)</value>
   </values>
  </item>
  <item>
   <tags/>
   <category>'li.3'</category>
   <cell>spm</cell>
   <visited>false</visited>
   <multiplicity>1</multiplicity>
   <comment/>
   <image/>
   <values>
    <value>edge-pair: (177.165,61.235;177.165,61.565)|(177.01,61.635;177.01,61.165)</value>
   </values>
  </item>
  <item>
   <tags/>
   <category>'li.3'</category>
   <cell>spm</cell>
   <visited>false</visited>
   <multiplicity>1</multiplicity>
   <comment/>
   <image/>
   <values>
    <value>edge-pair: (175.65,61.675;175.65,61.725)|(175.635,61.725;175.635,61.506)</value>
   </values>
  </item>
  <item>
   <tags/>
   <category>'li.3'</category>
   <cell>spm</cell>
   <visited>false</visited>
   <multiplicity>1</multiplicity>
   <comment/>
   <image/>
   <values>
    <value>edge-pair: (176.16,61.925;176.265,61.925)|(176.24,61.975;176.16,61.975)</value>
   </values>
  </item>
  <item>
   <tags/>
   <category>'li.3'</category>
   <cell>spm</cell>
   <visited>false</visited>
   <multiplicity>1</multiplicity>
   <comment/>
   <image/>
   <values>
    <value>edge-pair: (177.52,61.588;177.52,61.745)|(177.455,61.902;177.455,61.745)</value>
   </values>
  </item>
  <item>
   <tags/>
   <category>'li.3'</category>
   <cell>spm</cell>
   <visited>false</visited>
   <multiplicity>1</multiplicity>
   <comment/>
   <image/>
   <values>
    <value>edge-pair: (175.815,61.545;175.93,61.545)|(175.82,61.675;175.705,61.675)</value>
   </values>
  </item>
  <item>
   <tags/>
   <category>'li.3'</category>
   <cell>spm</cell>
   <visited>false</visited>
   <multiplicity>1</multiplicity>
   <comment/>
   <image/>
   <values>
    <value>edge-pair: (177.165,61.745;177.165,61.905)|(177.01,61.835;177.01,61.675)</value>
   </values>
  </item>
  <item>
   <tags/>
   <category>'li.3'</category>
   <cell>spm</cell>
   <visited>false</visited>
   <multiplicity>1</multiplicity>
   <comment/>
   <image/>
   <values>
    <value>edge-pair: (172.555,61.975;172.555,62.401)|(172.415,62.305;172.415,61.879)</value>
   </values>
  </item>
  <item>
   <tags/>
   <category>'li.3'</category>
   <cell>spm</cell>
   <visited>false</visited>
   <multiplicity>1</multiplicity>
   <comment/>
   <image/>
   <values>
    <value>edge-pair: (172.13,60.815;172.13,61.164)|(171.985,61.075;171.985,60.726)</value>
   </values>
  </item>
  <item>
   <tags/>
   <category>'li.3'</category>
   <cell>spm</cell>
   <visited>false</visited>
   <multiplicity>1</multiplicity>
   <comment/>
   <image/>
   <values>
    <value>edge-pair: (176.295,60.375;176.295,61.055)|(176.16,61.158;176.16,60.375)</value>
   </values>
  </item>
  <item>
   <tags/>
   <category>'li.3'</category>
   <cell>spm</cell>
   <visited>false</visited>
   <multiplicity>1</multiplicity>
   <comment/>
   <image/>
   <values>
    <value>edge-pair: (171.72,61.075;171.72,61.389)|(171.615,61.255;171.615,60.941)</value>
   </values>
  </item>
  <item>
   <tags/>
   <category>'li.3'</category>
   <cell>spm</cell>
   <visited>false</visited>
   <multiplicity>1</multiplicity>
   <comment/>
   <image/>
   <values>
    <value>edge-pair: (175.65,61.085;175.65,61.155)|(175.635,61.155;175.635,61.055)</value>
   </values>
  </item>
  <item>
   <tags/>
   <category>'li.3'</category>
   <cell>spm</cell>
   <visited>false</visited>
   <multiplicity>1</multiplicity>
   <comment/>
   <image/>
   <values>
    <value>edge-pair: (177.35,61.165;177.62,61.165)|(177.465,61.235;177.35,61.235)</value>
   </values>
  </item>
  <item>
   <tags/>
   <category>'li.3'</category>
   <cell>spm</cell>
   <visited>false</visited>
   <multiplicity>1</multiplicity>
   <comment/>
   <image/>
   <values>
    <value>edge-pair: (173.825,61.235;173.825,61.608)|(173.69,61.505;173.69,61.132)</value>
   </values>
  </item>
  <item>
   <tags/>
   <category>'li.3'</category>
   <cell>spm</cell>
   <visited>false</visited>
   <multiplicity>1</multiplicity>
   <comment/>
   <image/>
   <values>
    <value>edge-pair: (173.86,61.88;173.887,61.88)|(173.74,61.965;173.713,61.965)</value>
   </values>
  </item>
  <item>
   <tags/>
   <category>'li.3'</category>
   <cell>spm</cell>
   <visited>false</visited>
   <multiplicity>1</multiplicity>
   <comment/>
   <image/>
   <values>
    <value>edge-pair: (171.205,59.925;171.205,60.411)|(171.065,60.315;171.065,59.925)</value>
   </values>
  </item>
  <item>
   <tags/>
   <category>'li.3'</category>
   <cell>spm</cell>
   <visited>false</visited>
   <multiplicity>1</multiplicity>
   <comment/>
   <image/>
   <values>
    <value>edge-pair: (175.635,61.055;175.787,61.055)|(175.65,61.155;175.635,61.155)</value>
   </values>
  </item>
  <item>
   <tags/>
   <category>'li.3'</category>
   <cell>spm</cell>
   <visited>false</visited>
   <multiplicity>1</multiplicity>
   <comment/>
   <image/>
   <values>
    <value>edge-pair: (173.05,61.985;173.05,62.475)|(172.885,62.475;172.885,61.975)</value>
   </values>
  </item>
  <item>
   <tags/>
   <category>'li.3'</category>
   <cell>spm</cell>
   <visited>false</visited>
   <multiplicity>1</multiplicity>
   <comment/>
   <image/>
   <values>
    <value>edge-pair: (175.635,61.055;175.987,61.055)|(175.82,61.085;175.65,61.085)</value>
   </values>
  </item>
  <item>
   <tags/>
   <category>'li.3'</category>
   <cell>spm</cell>
   <visited>false</visited>
   <multiplicity>1</multiplicity>
   <comment/>
   <image/>
   <values>
    <value>edge-pair: (177.52,61.37;177.52,61.726)|(177.465,61.565;177.465,61.235)</value>
   </values>
  </item>
  <item>
   <tags/>
   <category>'li.3'</category>
   <cell>spm</cell>
   <visited>false</visited>
   <multiplicity>1</multiplicity>
   <comment/>
   <image/>
   <values>
    <value>edge-pair: (175.31,61.415;175.31,62.03)|(175.155,62.03;175.155,61.345)</value>
   </values>
  </item>
  <item>
   <tags/>
   <category>'li.3'</category>
   <cell>sky130_fd_sc_hd__o211a_1</cell>
   <visited>false</visited>
   <multiplicity>1</multiplicity>
   <comment/>
   <image/>
   <values>
    <value>edge-pair: (2.475,0.965;2.85,0.965)|(2.72,1.075;2.39,1.075)</value>
   </values>
  </item>
  <item>
   <tags/>
   <category>'li.3'</category>
   <cell>sky130_fd_sc_hd__o211a_1</cell>
   <visited>false</visited>
   <multiplicity>1</multiplicity>
   <comment/>
   <image/>
   <values>
    <value>edge-pair: (1.794,0.935;2.135,0.935)|(2.135,1.075;1.89,1.075)</value>
   </values>
  </item>
  <item>
   <tags/>
   <category>'li.3'</category>
   <cell>sky130_fd_sc_hd__o211a_1</cell>
   <visited>false</visited>
   <multiplicity>1</multiplicity>
   <comment/>
   <image/>
   <values>
    <value>edge-pair: (3.245,1.075;3.245,1.325)|(3.135,1.455;3.135,0.945)</value>
   </values>
  </item>
  <item>
   <tags/>
   <category>'li.3'</category>
   <cell>sky130_fd_sc_hd__o211a_1</cell>
   <visited>false</visited>
   <multiplicity>1</multiplicity>
   <comment/>
   <image/>
   <values>
    <value>edge-pair: (1.035,0.255;1.035,0.765)|(0.885,0.765;0.885,0.255)</value>
   </values>
  </item>
  <item>
   <tags/>
   <category>'li.3'</category>
   <cell>sky130_fd_sc_hd__o211a_1</cell>
   <visited>false</visited>
   <multiplicity>1</multiplicity>
   <comment/>
   <image/>
   <values>
    <value>edge-pair: (1.365,0.595;1.685,0.595)|(1.781,0.735;1.365,0.735)</value>
   </values>
  </item>
  <item>
   <tags/>
   <category>'li.3'</category>
   <cell>sky130_fd_sc_hd__o211a_1</cell>
   <visited>false</visited>
   <multiplicity>1</multiplicity>
   <comment/>
   <image/>
   <values>
    <value>edge-pair: (1.204,0.935;1.816,0.935)|(1.72,1.075;1.3,1.075)</value>
   </values>
  </item>
  <item>
   <tags/>
   <category>'li.3'</category>
   <cell>sky130_fd_sc_hd__o211a_1</cell>
   <visited>false</visited>
   <multiplicity>1</multiplicity>
   <comment/>
   <image/>
   <values>
    <value>edge-pair: (0.975,1.665;1.305,1.665)|(1.225,1.815;1.055,1.815)</value>
   </values>
  </item>
  <item>
   <tags/>
   <category>'li.3'</category>
   <cell>sky130_fd_sc_hd__o211a_1</cell>
   <visited>false</visited>
   <multiplicity>1</multiplicity>
   <comment/>
   <image/>
   <values>
    <value>edge-pair: (2.89,0.994;2.89,1.495)|(2.795,1.495;2.795,1.135)</value>
   </values>
  </item>
  <item>
   <tags/>
   <category>'li.3'</category>
   <cell>sky130_fd_sc_hd__o211a_1</cell>
   <visited>false</visited>
   <multiplicity>1</multiplicity>
   <comment/>
   <image/>
   <values>
    <value>edge-pair: (0.93,1.454;0.93,1.645)|(0.765,1.686;0.765,1.495)</value>
   </values>
  </item>
  <item>
   <tags/>
   <category>'li.3'</category>
   <cell>sky130_fd_sc_hd__o211a_1</cell>
   <visited>false</visited>
   <multiplicity>1</multiplicity>
   <comment/>
   <image/>
   <values>
    <value>edge-pair: (0.555,0.255;0.555,0.765)|(0.425,0.765;0.425,0.255)</value>
   </values>
  </item>
  <item>
   <tags/>
   <category>'li.3'</category>
   <cell>sky130_fd_sc_hd__o211a_1</cell>
   <visited>false</visited>
   <multiplicity>1</multiplicity>
   <comment/>
   <image/>
   <values>
    <value>edge-pair: (2.39,1.075;2.39,1.135)|(2.305,1.135;2.305,0.928)</value>
   </values>
  </item>
  <item>
   <tags/>
   <category>'li.3'</category>
   <cell>sky130_fd_sc_hd__o211a_1</cell>
   <visited>false</visited>
   <multiplicity>1</multiplicity>
   <comment/>
   <image/>
   <values>
    <value>edge-pair: (1.315,1.665;1.93,1.665)|(1.93,1.815;1.395,1.815)</value>
   </values>
  </item>
  <item>
   <tags/>
   <category>'li.3'</category>
   <cell>sky130_fd_sc_hd__o211a_1</cell>
   <visited>false</visited>
   <multiplicity>1</multiplicity>
   <comment/>
   <image/>
   <values>
    <value>edge-pair: (2.625,1.725;2.795,1.725)|(2.89,1.835;2.56,1.835)</value>
   </values>
  </item>
  <item>
   <tags/>
   <category>'li.3'</category>
   <cell>sky130_fd_sc_hd__o211a_1</cell>
   <visited>false</visited>
   <multiplicity>1</multiplicity>
   <comment/>
   <image/>
   <values>
    <value>edge-pair: (1.395,1.815;1.395,2.465)|(1.285,2.595;1.285,1.835)</value>
   </values>
  </item>
  <item>
   <tags/>
   <category>'li.3'</category>
   <cell>sky130_fd_sc_hd__o211a_1</cell>
   <visited>false</visited>
   <multiplicity>1</multiplicity>
   <comment/>
   <image/>
   <values>
    <value>edge-pair: (0.334,0.935;1.221,0.935)|(1.125,1.075;0.43,1.075)</value>
   </values>
  </item>
  <item>
   <tags/>
   <category>'li.3'</category>
   <cell>sky130_fd_sc_hd__o211a_1</cell>
   <visited>false</visited>
   <multiplicity>1</multiplicity>
   <comment/>
   <image/>
   <values>
    <value>edge-pair: (2.965,1.682;2.965,1.895)|(2.89,1.895;2.89,1.835)</value>
   </values>
  </item>
  <item>
   <tags/>
   <category>'li.3'</category>
   <cell>sky130_fd_sc_hd__o211a_1</cell>
   <visited>false</visited>
   <multiplicity>1</multiplicity>
   <comment/>
   <image/>
   <values>
    <value>edge-pair: (2.265,0.425;2.265,0.595)|(2.26,0.765;2.26,0.255)</value>
   </values>
  </item>
  <item>
   <tags/>
   <category>'li.3'</category>
   <cell>sky130_fd_sc_hd__o211a_1</cell>
   <visited>false</visited>
   <multiplicity>1</multiplicity>
   <comment/>
   <image/>
   <values>
    <value>edge-pair: (2.26,1.665;2.385,1.665)|(2.305,1.815;2.26,1.815)</value>
   </values>
  </item>
  <item>
   <tags/>
   <category>'li.3'</category>
   <cell>sky130_fd_sc_hd__o211a_1</cell>
   <visited>false</visited>
   <multiplicity>1</multiplicity>
   <comment/>
   <image/>
   <values>
    <value>edge-pair: (0.595,1.731;0.595,2.604)|(0.55,2.44;0.55,1.895)</value>
   </values>
  </item>
  <item>
   <tags/>
   <category>'li.3'</category>
   <cell>sky130_fd_sc_hd__o211a_1</cell>
   <visited>false</visited>
   <multiplicity>1</multiplicity>
   <comment/>
   <image/>
   <values>
    <value>edge-pair: (2.415,2.065;2.415,2.465)|(2.26,2.465;2.26,2.065)</value>
   </values>
  </item>
  <item>
   <tags/>
   <category>'li.3'</category>
   <cell>sky130_fd_sc_hd__o211a_1</cell>
   <visited>false</visited>
   <multiplicity>1</multiplicity>
   <comment/>
   <image/>
   <values>
    <value>edge-pair: (0.425,1.105;0.425,1.495)|(0.26,1.495;0.26,1.064)</value>
   </values>
  </item>
  <item>
   <tags/>
   <category>'li.3'</category>
   <cell>sky130_fd_sc_hd__a211oi_1</cell>
   <visited>false</visited>
   <multiplicity>1</multiplicity>
   <comment/>
   <image/>
   <values>
    <value>edge-pair: (1.935,1.298;1.935,1.615)|(1.85,1.645;1.85,1.445)</value>
   </values>
  </item>
  <item>
   <tags/>
   <category>'li.3'</category>
   <cell>sky130_fd_sc_hd__a211oi_1</cell>
   <visited>false</visited>
   <multiplicity>1</multiplicity>
   <comment/>
   <image/>
   <values>
    <value>edge-pair: (1.515,0.185;1.515,0.625)|(1.365,0.625;1.365,0.265)</value>
   </values>
  </item>
  <item>
   <tags/>
   <category>'li.3'</category>
   <cell>sky130_fd_sc_hd__a211oi_1</cell>
   <visited>false</visited>
   <multiplicity>1</multiplicity>
   <comment/>
   <image/>
   <values>
    <value>edge-pair: (2.355,0.595;2.525,0.595)|(2.66,0.625;2.28,0.625)</value>
   </values>
  </item>
  <item>
   <tags/>
   <category>'li.3'</category>
   <cell>sky130_fd_sc_hd__a211oi_1</cell>
   <visited>false</visited>
   <multiplicity>1</multiplicity>
   <comment/>
   <image/>
   <values>
    <value>edge-pair: (1.85,1.645;1.85,1.638)|(1.935,1.785;1.935,1.792)</value>
   </values>
  </item>
  <item>
   <tags/>
   <category>'li.3'</category>
   <cell>sky130_fd_sc_hd__a211oi_1</cell>
   <visited>false</visited>
   <multiplicity>1</multiplicity>
   <comment/>
   <image/>
   <values>
    <value>edge-pair: (1.855,0.935;2.394,0.935)|(2.235,0.995;1.935,0.995)</value>
   </values>
  </item>
  <item>
   <tags/>
   <category>'li.3'</category>
   <cell>sky130_fd_sc_hd__a211oi_1</cell>
   <visited>false</visited>
   <multiplicity>1</multiplicity>
   <comment/>
   <image/>
   <values>
    <value>edge-pair: (2.02,1.645;2.395,1.645)|(2.445,1.785;1.935,1.785)</value>
   </values>
  </item>
  <item>
   <tags/>
   <category>'li.3'</category>
   <cell>sky130_fd_sc_hd__a211oi_1</cell>
   <visited>false</visited>
   <multiplicity>1</multiplicity>
   <comment/>
   <image/>
   <values>
    <value>edge-pair: (1.855,0.935;1.914,0.935)|(1.755,0.995;1.696,0.995)</value>
   </values>
  </item>
  <item>
   <tags/>
   <category>'li.3'</category>
   <cell>sky130_fd_sc_hd__a211oi_1</cell>
   <visited>false</visited>
   <multiplicity>1</multiplicity>
   <comment/>
   <image/>
   <values>
    <value>edge-pair: (0.545,0.635;0.545,1.455)|(0.435,1.325;0.435,0.765)</value>
   </values>
  </item>
  <item>
   <tags/>
   <category>'li.3'</category>
   <cell>sky130_fd_sc_hd__a211oi_1</cell>
   <visited>false</visited>
   <multiplicity>1</multiplicity>
   <comment/>
   <image/>
   <values>
    <value>edge-pair: (1.839,1.645;1.85,1.645)|(1.946,1.785;1.935,1.785)</value>
   </values>
  </item>
  <item>
   <tags/>
   <category>'li.3'</category>
   <cell>sky130_fd_sc_hd__a211oi_1</cell>
   <visited>false</visited>
   <multiplicity>1</multiplicity>
   <comment/>
   <image/>
   <values>
    <value>edge-pair: (1.095,2.065;1.095,2.385)|(1,2.526;1,2.065)</value>
   </values>
  </item>
  <item>
   <tags/>
   <category>'li.3'</category>
   <cell>sky130_fd_sc_hd__a211oi_1</cell>
   <visited>false</visited>
   <multiplicity>1</multiplicity>
   <comment/>
   <image/>
   <values>
    <value>edge-pair: (2.445,1.313;2.445,1.785)|(2.395,1.645;2.395,1.475)</value>
   </values>
  </item>
  <item>
   <tags/>
   <category>'li.3'</category>
   <cell>sky130_fd_sc_hd__a211oi_1</cell>
   <visited>false</visited>
   <multiplicity>1</multiplicity>
   <comment/>
   <image/>
   <values>
    <value>edge-pair: (0.545,0.255;0.545,0.715)|(0.425,0.595;0.425,0.135)</value>
   </values>
  </item>
  <item>
   <tags/>
   <category>'li.3'</category>
   <cell>sky130_fd_sc_hd__a211oi_1</cell>
   <visited>false</visited>
   <multiplicity>1</multiplicity>
   <comment/>
   <image/>
   <values>
    <value>edge-pair: (0.855,0.935;0.925,0.935)|(1.084,0.995;0.855,0.995)</value>
   </values>
  </item>
  <item>
   <tags/>
   <category>'li.3'</category>
   <cell>sky130_fd_sc_hd__a211oi_1</cell>
   <visited>false</visited>
   <multiplicity>1</multiplicity>
   <comment/>
   <image/>
   <values>
    <value>edge-pair: (2.445,1.445;2.445,1.615)|(2.395,1.645;2.395,1.475)</value>
   </values>
  </item>
  <item>
   <tags/>
   <category>'li.3'</category>
   <cell>sky130_fd_sc_hd__a211oi_1</cell>
   <visited>false</visited>
   <multiplicity>1</multiplicity>
   <comment/>
   <image/>
   <values>
    <value>edge-pair: (1.425,1.325;1.525,1.325)|(1.525,1.445;1.305,1.445)</value>
   </values>
  </item>
  <item>
   <tags/>
   <category>'li.3'</category>
   <cell>sky130_fd_sc_hd__a211oi_1</cell>
   <visited>false</visited>
   <multiplicity>1</multiplicity>
   <comment/>
   <image/>
   <values>
    <value>edge-pair: (1.18,1.325;1.245,1.325)|(1.365,1.445;1.3,1.445)</value>
   </values>
  </item>
  <item>
   <tags/>
   <category>'li.3'</category>
   <cell>sky130_fd_sc_hd__a211oi_1</cell>
   <visited>false</visited>
   <multiplicity>1</multiplicity>
   <comment/>
   <image/>
   <values>
    <value>edge-pair: (2.355,0.112;2.355,0.595)|(2.28,0.625;2.28,0.265)</value>
   </values>
  </item>
  <item>
   <tags/>
   <category>'li.3'</category>
   <cell>sky130_fd_sc_hd__a211oi_1</cell>
   <visited>false</visited>
   <multiplicity>1</multiplicity>
   <comment/>
   <image/>
   <values>
    <value>edge-pair: (0.595,2.245;0.595,2.596)|(0.5,2.455;0.5,2.104)</value>
   </values>
  </item>
  <item>
   <tags/>
   <category>'li.3'</category>
   <cell>sky130_fd_sc_hd__a211oi_1</cell>
   <visited>false</visited>
   <multiplicity>1</multiplicity>
   <comment/>
   <image/>
   <values>
    <value>edge-pair: (2.695,0.459;2.695,0.765)|(2.66,0.765;2.66,0.625)</value>
   </values>
  </item>
  <item>
   <tags/>
   <category>'li.3'</category>
   <cell>sky130_fd_sc_hd__a211oi_1</cell>
   <visited>false</visited>
   <multiplicity>1</multiplicity>
   <comment/>
   <image/>
   <values>
    <value>edge-pair: (2.02,1.645;2.251,1.645)|(2.155,1.785;1.985,1.785)</value>
   </values>
  </item>
  <item>
   <tags/>
   <category>'li.3'</category>
   <cell>sky130_fd_sc_hd__a211oi_1</cell>
   <visited>false</visited>
   <multiplicity>1</multiplicity>
   <comment/>
   <image/>
   <values>
    <value>edge-pair: (1.855,0.858;1.855,0.935)|(1.755,1.072;1.755,0.995)</value>
   </values>
  </item>
  <item>
   <tags/>
   <category>'li.3'</category>
   <cell>sky130_fd_sc_hd__a211oi_1</cell>
   <visited>false</visited>
   <multiplicity>1</multiplicity>
   <comment/>
   <image/>
   <values>
    <value>edge-pair: (1.515,0.935;1.685,0.935)|(1.755,0.995;1.425,0.995)</value>
   </values>
  </item>
  <item>
   <tags/>
   <category>'li.3'</category>
   <cell>sky130_fd_sc_hd__a211oi_1</cell>
   <visited>false</visited>
   <multiplicity>1</multiplicity>
   <comment/>
   <image/>
   <values>
    <value>edge-pair: (1.245,1.325;1.245,1.284)|(1.3,1.445;1.3,1.486)</value>
   </values>
  </item>
  <item>
   <tags/>
   <category>'li.3'</category>
   <cell>sky130_fd_sc_hd__a211oi_1</cell>
   <visited>false</visited>
   <multiplicity>1</multiplicity>
   <comment/>
   <image/>
   <values>
    <value>edge-pair: (1.435,2.245;1.435,2.605)|(1.355,2.455;1.355,2.095)</value>
   </values>
  </item>
  <item>
   <tags/>
   <category>'li.3'</category>
   <cell>sky130_fd_sc_hd__a211oi_1</cell>
   <visited>false</visited>
   <multiplicity>1</multiplicity>
   <comment/>
   <image/>
   <values>
    <value>edge-pair: (0.545,1.725;0.545,2.065)|(0.5,2.229;0.5,1.725)</value>
   </values>
  </item>
  <item>
   <tags/>
   <category>'li.3'</category>
   <cell>sky130_fd_sc_hd__clkbuf_4</cell>
   <visited>false</visited>
   <multiplicity>1</multiplicity>
   <comment/>
   <image/>
   <values>
    <value>edge-pair: (0.955,0.085;0.955,0.68)|(0.83,0.565;0.83,0.085)</value>
   </values>
  </item>
  <item>
   <tags/>
   <category>'li.3'</category>
   <cell>sky130_fd_sc_hd__clkbuf_4</cell>
   <visited>false</visited>
   <multiplicity>1</multiplicity>
   <comment/>
   <image/>
   <values>
    <value>edge-pair: (0.395,1.665;1.115,1.665)|(1.195,1.815;0.395,1.815)</value>
   </values>
  </item>
  <item>
   <tags/>
   <category>'li.3'</category>
   <cell>sky130_fd_sc_hd__clkbuf_4</cell>
   <visited>false</visited>
   <multiplicity>1</multiplicity>
   <comment/>
   <image/>
   <values>
    <value>edge-pair: (0.425,1.325;0.56,1.325)|(0.56,1.445;0.325,1.445)</value>
   </values>
  </item>
  <item>
   <tags/>
   <category>'li.3'</category>
   <cell>sky130_fd_sc_hd__clkbuf_4</cell>
   <visited>false</visited>
   <multiplicity>1</multiplicity>
   <comment/>
   <image/>
   <values>
    <value>edge-pair: (0.565,2.005;0.565,2.205)|(0.445,2.085;0.445,2.005)</value>
   </values>
  </item>
  <item>
   <tags/>
   <category>'li.3'</category>
   <cell>sky130_fd_sc_hd__clkbuf_4</cell>
   <visited>false</visited>
   <multiplicity>1</multiplicity>
   <comment/>
   <image/>
   <values>
    <value>edge-pair: (0.085,2.061;0.085,2.334)|(-0.02,2.2;-0.02,2.195)</value>
   </values>
  </item>
  <item>
   <tags/>
   <category>'li.3'</category>
   <cell>sky130_fd_sc_hd__clkbuf_4</cell>
   <visited>false</visited>
   <multiplicity>1</multiplicity>
   <comment/>
   <image/>
   <values>
    <value>edge-pair: (0.085,2.063;0.085,2.465)|(-0.015,2.465;-0.015,2.2)</value>
   </values>
  </item>
  <item>
   <tags/>
   <category>'li.3'</category>
   <cell>sky130_fd_sc_hd__clkbuf_4</cell>
   <visited>false</visited>
   <multiplicity>1</multiplicity>
   <comment/>
   <image/>
   <values>
    <value>edge-pair: (0.425,0.755;0.425,1.325)|(0.365,1.245;0.365,0.596)</value>
   </values>
  </item>
  <item>
   <tags/>
   <category>'li.3'</category>
   <cell>sky130_fd_sc_hd__clkbuf_4</cell>
   <visited>false</visited>
   <multiplicity>1</multiplicity>
   <comment/>
   <image/>
   <values>
    <value>edge-pair: (0.955,2.005;0.955,2.465)|(0.875,2.615;0.875,2.005)</value>
   </values>
  </item>
  <item>
   <tags/>
   <category>'li.3'</category>
   <cell>sky130_fd_sc_hd__clkbuf_4</cell>
   <visited>false</visited>
   <multiplicity>1</multiplicity>
   <comment/>
   <image/>
   <values>
    <value>edge-pair: (0.085,2.055;0.085,2.31)|(-0.03,2.185;-0.03,2.18)</value>
   </values>
  </item>
  <item>
   <tags/>
   <category>'li.3'</category>
   <cell>sky130_fd_sc_hd__clkbuf_4</cell>
   <visited>false</visited>
   <multiplicity>1</multiplicity>
   <comment/>
   <image/>
   <values>
    <value>edge-pair: (0.085,2.05;0.085,2.3)|(-0.035,2.18;-0.035,2.17)</value>
   </values>
  </item>
  <item>
   <tags/>
   <category>'li.3'</category>
   <cell>sky130_fd_sc_hd__clkbuf_4</cell>
   <visited>false</visited>
   <multiplicity>1</multiplicity>
   <comment/>
   <image/>
   <values>
    <value>edge-pair: (0.085,2.05;0.085,2.285)|(-0.04,2.17;-0.04,2.165)</value>
   </values>
  </item>
  <item>
   <tags/>
   <category>'li.3'</category>
   <cell>sky130_fd_sc_hd__clkbuf_4</cell>
   <visited>false</visited>
   <multiplicity>1</multiplicity>
   <comment/>
   <image/>
   <values>
    <value>edge-pair: (0.085,2.055;0.085,2.325)|(-0.025,2.195;-0.025,2.185)</value>
   </values>
  </item>
  <item>
   <tags/>
   <category>'li.3'</category>
   <cell>sky130_fd_sc_hd__clkbuf_4</cell>
   <visited>false</visited>
   <multiplicity>1</multiplicity>
   <comment/>
   <image/>
   <values>
    <value>edge-pair: (0.085,2.052;0.085,2.268)|(-0.05,2.165;-0.05,2.155)</value>
   </values>
  </item>
  <item>
   <tags/>
   <category>'li.3'</category>
   <cell>sky130_fd_sc_hd__clkbuf_4</cell>
   <visited>false</visited>
   <multiplicity>1</multiplicity>
   <comment/>
   <image/>
   <values>
    <value>edge-pair: (0.325,1.445;0.325,1.495)|(0.255,1.495;0.255,1.29)</value>
   </values>
  </item>
  <item>
   <tags/>
   <category>'li.3'</category>
   <cell>sky130_fd_sc_hd__clkbuf_4</cell>
   <visited>false</visited>
   <multiplicity>1</multiplicity>
   <comment/>
   <image/>
   <values>
    <value>edge-pair: (0.085,2.056;0.085,2.244)|(-0.06,2.155;-0.06,2.145)</value>
   </values>
  </item>
  <item>
   <tags/>
   <category>'li.3'</category>
   <cell>sky130_fd_sc_hd__clkbuf_4</cell>
   <visited>false</visited>
   <multiplicity>1</multiplicity>
   <comment/>
   <image/>
   <values>
    <value>edge-pair: (0.085,1.758;0.085,2.202)|(-0.075,2.145;-0.075,1.815)</value>
   </values>
  </item>
  <item>
   <tags/>
   <category>'li.3'</category>
   <cell>sky130_fd_sc_hd__or3_1</cell>
   <visited>false</visited>
   <multiplicity>1</multiplicity>
   <comment/>
   <image/>
   <values>
    <value>edge-pair: (0.525,0.175;0.525,0.485)|(0.375,0.565;0.375,0.255)</value>
   </values>
  </item>
  <item>
   <tags/>
   <category>'li.3'</category>
   <cell>sky130_fd_sc_hd__nor3b_1</cell>
   <visited>false</visited>
   <multiplicity>1</multiplicity>
   <comment/>
   <image/>
   <values>
    <value>edge-pair: (1.915,0.858;1.915,1.235)|(1.815,1.372;1.815,0.995)</value>
   </values>
  </item>
  <item>
   <tags/>
   <category>'li.3'</category>
   <cell>sky130_fd_sc_hd__nor3b_1</cell>
   <visited>false</visited>
   <multiplicity>1</multiplicity>
   <comment/>
   <image/>
   <values>
    <value>edge-pair: (1.98,1.235;1.98,1.656)|(1.815,1.615;1.815,1.194)</value>
   </values>
  </item>
  <item>
   <tags/>
   <category>'li.3'</category>
   <cell>sky130_fd_sc_hd__nor3b_1</cell>
   <visited>false</visited>
   <multiplicity>1</multiplicity>
   <comment/>
   <image/>
   <values>
    <value>edge-pair: (1.98,1.959;1.98,2.465)|(1.945,2.631;1.945,2.125)</value>
   </values>
  </item>
  <item>
   <tags/>
   <category>'li.3'</category>
   <cell>sky130_fd_sc_hd__nor3b_1</cell>
   <visited>false</visited>
   <multiplicity>1</multiplicity>
   <comment/>
   <image/>
   <values>
    <value>edge-pair: (0.955,0.92;0.955,1.225)|(0.885,1.245;0.885,1.075)</value>
   </values>
  </item>
  <item>
   <tags/>
   <category>'li.3'</category>
   <cell>sky130_fd_sc_hd__nor3b_1</cell>
   <visited>false</visited>
   <multiplicity>1</multiplicity>
   <comment/>
   <image/>
   <values>
    <value>edge-pair: (0.945,1.395;0.945,1.645)|(0.885,1.785;0.885,1.245)</value>
   </values>
  </item>
  <item>
   <tags/>
   <category>'li.3'</category>
   <cell>sky130_fd_sc_hd__nor3b_1</cell>
   <visited>false</visited>
   <multiplicity>1</multiplicity>
   <comment/>
   <image/>
   <values>
    <value>edge-pair: (0.605,1.286;0.605,1.825)|(0.545,1.825;0.545,1.445)</value>
   </values>
  </item>
  <item>
   <tags/>
   <category>'li.3'</category>
   <cell>sky130_fd_sc_hd__nor3b_1</cell>
   <visited>false</visited>
   <multiplicity>1</multiplicity>
   <comment/>
   <image/>
   <values>
    <value>edge-pair: (0.885,1.245;0.885,1.236)|(0.945,1.395;0.945,1.404)</value>
   </values>
  </item>
  <item>
   <tags/>
   <category>'li.3'</category>
   <cell>sky130_fd_sc_hd__nor3b_1</cell>
   <visited>false</visited>
   <multiplicity>1</multiplicity>
   <comment/>
   <image/>
   <values>
    <value>edge-pair: (1.465,0.141;1.465,0.994)|(1.445,0.825;1.445,0.31)</value>
   </values>
  </item>
  <item>
   <tags/>
   <category>'li.3'</category>
   <cell>sky130_fd_sc_hd__nor3b_1</cell>
   <visited>false</visited>
   <multiplicity>1</multiplicity>
   <comment/>
   <image/>
   <values>
    <value>edge-pair: (0.425,1.245;0.515,1.245)|(0.435,1.395;0.345,1.395)</value>
   </values>
  </item>
  <item>
   <tags/>
   <category>'li.3'</category>
   <cell>sky130_fd_sc_hd__nor3b_1</cell>
   <visited>false</visited>
   <multiplicity>1</multiplicity>
   <comment/>
   <image/>
   <values>
    <value>edge-pair: (0.955,1.09;0.955,1.225)|(0.885,1.38;0.885,1.245)</value>
   </values>
  </item>
  <item>
   <tags/>
   <category>'li.3'</category>
   <cell>sky130_fd_sc_hd__nor3b_1</cell>
   <visited>false</visited>
   <multiplicity>1</multiplicity>
   <comment/>
   <image/>
   <values>
    <value>edge-pair: (2.415,0.845;2.415,1.225)|(2.335,1.375;2.335,0.995)</value>
   </values>
  </item>
  <item>
   <tags/>
   <category>'li.3'</category>
   <cell>sky130_fd_sc_hd__nor3b_1</cell>
   <visited>false</visited>
   <multiplicity>1</multiplicity>
   <comment/>
   <image/>
   <values>
    <value>edge-pair: (2.415,0.248;2.415,0.655)|(2.35,0.655;2.35,0.405)</value>
   </values>
  </item>
  <item>
   <tags/>
   <category>'li.3'</category>
   <cell>sky130_fd_sc_hd__nor3b_1</cell>
   <visited>false</visited>
   <multiplicity>1</multiplicity>
   <comment/>
   <image/>
   <values>
    <value>edge-pair: (1.475,1.665;1.81,1.665)|(1.93,1.785;1.355,1.785)</value>
   </values>
  </item>
  <item>
   <tags/>
   <category>'li.3'</category>
   <cell>sky130_fd_sc_hd__nor3b_1</cell>
   <visited>false</visited>
   <multiplicity>1</multiplicity>
   <comment/>
   <image/>
   <values>
    <value>edge-pair: (1.465,0.938;1.465,1.225)|(1.305,1.282;1.305,0.995)</value>
   </values>
  </item>
  <item>
   <tags/>
   <category>'li.3'</category>
   <cell>sky130_fd_sc_hd__nor3b_1</cell>
   <visited>false</visited>
   <multiplicity>1</multiplicity>
   <comment/>
   <image/>
   <values>
    <value>edge-pair: (2.32,1.645;2.505,1.645)|(2.505,1.785;2.224,1.785)</value>
   </values>
  </item>
  <item>
   <tags/>
   <category>'li.3'</category>
   <cell>sky130_fd_sc_hd__nor3b_1</cell>
   <visited>false</visited>
   <multiplicity>1</multiplicity>
   <comment/>
   <image/>
   <values>
    <value>edge-pair: (0.945,1.645;1.295,1.645)|(1.391,1.785;0.885,1.785)</value>
   </values>
  </item>
  <item>
   <tags/>
   <category>'li.5'</category>
   <cell>spm</cell>
   <visited>false</visited>
   <multiplicity>1</multiplicity>
   <comment/>
   <image/>
   <values>
    <value>polygon: (122.015,114.535;122.015,114.705;122.225,114.705;122.225,114.535)</value>
   </values>
  </item>
  <item>
   <tags/>
   <category>'li.5'</category>
   <cell>spm</cell>
   <visited>false</visited>
   <multiplicity>1</multiplicity>
   <comment/>
   <image/>
   <values>
    <value>polygon: (144.935,109.435;144.935,109.605;145.185,109.605;145.185,109.435)</value>
   </values>
  </item>
  <item>
   <tags/>
   <category>'li.5'</category>
   <cell>spm</cell>
   <visited>false</visited>
   <multiplicity>1</multiplicity>
   <comment/>
   <image/>
   <values>
    <value>polygon: (176.295,131.195;176.295,131.365;176.495,131.365;176.495,131.195)</value>
   </values>
  </item>
  <item>
   <tags/>
   <category>'li.5'</category>
   <cell>spm</cell>
   <visited>false</visited>
   <multiplicity>1</multiplicity>
   <comment/>
   <image/>
   <values>
    <value>polygon: (161.55,81.965;161.55,82.185;161.72,82.185;161.72,81.965)</value>
   </values>
  </item>
  <item>
   <tags/>
   <category>'li.5'</category>
   <cell>spm</cell>
   <visited>false</visited>
   <multiplicity>1</multiplicity>
   <comment/>
   <image/>
   <values>
    <value>polygon: (156.975,121.785;156.975,122.105;157.145,122.105;157.145,121.785)</value>
   </values>
  </item>
  <item>
   <tags/>
   <category>'li.5'</category>
   <cell>spm</cell>
   <visited>false</visited>
   <multiplicity>1</multiplicity>
   <comment/>
   <image/>
   <values>
    <value>polygon: (151.435,71.225;151.435,71.505;151.605,71.505;151.605,71.225)</value>
   </values>
  </item>
 </items>
</report-database>
