Node0 Layer,Node0 X location,Node0 Y location,Node1 Layer,Node1 X location,Node1 Y location,Current
Metal1,10.3250,62.7200,Metal1,10.5550,62.7200,6.796e-13
Metal1,10.3250,70.5600,Metal1,10.5550,70.5600,5.947e-13
Metal1,10.3250,78.4000,Metal1,10.5550,78.4000,6.372e-13
Metal1,10.3250,86.2400,Metal1,10.5550,86.2400,6.796e-13
Metal1,10.3250,94.0800,Metal1,10.5550,94.0800,6.796e-13
Metal1,10.3250,101.9200,Metal1,10.5550,101.9200,8.702e-13
Metal1,10.3250,133.2800,Metal1,10.5550,133.2800,6.372e-13
Metal1,10.3250,141.1200,Metal1,10.5550,141.1200,6.372e-13
Metal1,10.3250,164.6400,Metal1,10.5550,164.6400,6.796e-13
Metal1,10.3250,172.4800,Metal1,10.5550,172.4800,6.372e-13
Metal1,10.5550,62.7200,Metal1,11.8450,62.7200,6.702e-13
Metal1,10.5550,70.5600,Metal1,11.8450,70.5600,5.875e-13
Metal1,10.5550,78.4000,Metal1,11.8450,78.4000,6.793e-13
Metal1,10.5550,86.2400,Metal1,11.8450,86.2400,6.793e-13
Metal1,10.5550,94.0800,Metal1,11.8450,94.0800,6.747e-13
Metal1,10.5550,101.9200,Metal1,11.8450,101.9200,8.446e-13
Metal1,10.5550,133.2800,Metal1,11.8450,133.2800,6.747e-13
Metal1,10.5550,141.1200,Metal1,11.8450,141.1200,6.793e-13
Metal1,10.5550,164.6400,Metal1,11.8450,164.6400,6.702e-13
Metal1,10.5550,172.4800,Metal1,11.8450,172.4800,6.747e-13
Metal1,11.6100,125.4400,Metal1,11.8450,125.1950,3.503e-06
Metal1,11.8450,15.6800,Metal1,12.0750,15.6800,2.086e-11
Metal1,11.8450,23.5200,Metal1,12.0750,23.5200,1.227e-13
Metal1,11.8450,31.3600,Metal1,12.0750,31.3600,0.000e+00
Metal1,11.8450,39.2000,Metal1,12.0750,39.2000,0.000e+00
Metal1,11.8450,47.0400,Metal1,12.0750,47.0400,2.086e-11
Metal1,11.8450,54.8800,Metal1,12.0750,54.8800,0.000e+00
Metal1,11.8450,62.7200,Metal1,12.0750,62.7200,2.078e-12
Metal1,11.8450,70.5600,Metal1,12.0750,70.5600,1.782e-12
Metal1,11.8450,78.4000,Metal1,12.0750,78.4000,2.004e-12
Metal1,11.8450,86.2400,Metal1,12.0750,86.2400,2.078e-12
Metal1,11.8450,94.0800,Metal1,12.0750,94.0800,2.004e-12
Metal1,11.8450,101.9200,Metal1,12.0750,101.9200,2.450e-12
Metal1,11.8450,109.7600,Metal1,12.0750,109.7600,0.000e+00
Metal1,11.8450,117.6000,Metal1,12.0750,117.6000,5.938e-13
Metal1,11.8450,125.1950,Metal1,11.9500,126.0050,3.503e-06
Metal1,11.8450,133.2800,Metal1,12.0750,133.2800,2.078e-12
Metal1,11.8450,141.1200,Metal1,12.0750,141.1200,2.078e-12
Metal1,11.8450,148.9600,Metal1,12.0750,148.9600,1.227e-13
Metal1,11.8450,156.8000,Metal1,12.0750,156.8000,1.473e-12
Metal1,11.8450,164.6400,Metal1,12.0750,164.6400,2.004e-12
Metal1,11.8450,172.4800,Metal1,12.0750,172.4800,2.078e-12
Metal1,11.8450,180.3200,Metal1,12.0750,180.3200,3.681e-13
Metal1,11.8450,188.1600,Metal1,12.0750,188.1600,0.000e+00
Metal1,11.8450,196.0000,Metal1,12.0750,196.0000,5.938e-13
Metal1,11.8450,203.8400,Metal1,12.0750,203.8400,1.227e-13
Metal1,11.8450,211.6800,Metal1,12.0750,211.6800,5.196e-13
Metal1,11.8450,219.5200,Metal1,12.0750,219.5200,0.000e+00
Metal1,11.9500,126.0050,Metal1,12.0750,125.4400,4.932e-09
Metal1,12.0750,15.6800,Metal1,13.2250,15.6800,4.233e-11
Metal1,12.0750,23.5200,Metal1,14.0850,23.5200,5.892e-15
Metal1,12.0750,31.3600,Metal1,14.0850,31.3600,2.946e-15
Metal1,12.0750,39.2000,Metal1,14.0850,39.2000,2.946e-15
Metal1,12.0750,47.0400,Metal1,13.2250,47.0400,4.233e-11
Metal1,12.0750,54.8800,Metal1,14.0850,54.8800,2.946e-15
Metal1,12.0750,62.7200,Metal1,12.4650,62.7200,2.004e-12
Metal1,12.0750,70.5600,Metal1,12.4650,70.5600,1.761e-12
Metal1,12.0750,78.4000,Metal1,12.4650,78.4000,2.019e-12
Metal1,12.0750,86.2400,Metal1,12.4650,86.2400,2.019e-12
Metal1,12.0750,94.0800,Metal1,12.4650,94.0800,2.019e-12
Metal1,12.0750,101.9200,Metal1,12.4650,101.9200,2.414e-12
Metal1,12.0750,109.7600,Metal1,14.0850,109.7600,5.892e-15
Metal1,12.0750,117.6000,Metal1,12.5100,117.6000,5.989e-13
Metal1,12.0750,125.4400,Metal1,14.0850,125.4400,4.932e-09
Metal1,12.0750,133.2800,Metal1,12.4650,133.2800,1.989e-12
Metal1,12.0750,141.1200,Metal1,12.4650,141.1200,2.019e-12
Metal1,12.0750,148.9600,Metal1,14.0850,148.9600,5.892e-15
Metal1,12.0750,156.8000,Metal1,13.6300,156.8000,1.584e-12
Metal1,12.0750,164.6400,Metal1,12.4650,164.6400,2.004e-12
Metal1,12.0750,172.4800,Metal1,12.4650,172.4800,2.004e-12
Metal1,12.0750,180.3200,Metal1,14.0850,180.3200,1.178e-14
Metal1,12.0750,188.1600,Metal1,14.0850,188.1600,0.000e+00
Metal1,12.0750,196.0000,Metal1,12.5100,196.0000,5.853e-13
Metal1,12.0750,203.8400,Metal1,14.0850,203.8400,8.838e-15
Metal1,12.0750,211.6800,Metal1,12.5100,211.6800,5.717e-13
Metal1,12.0750,219.5200,Metal1,14.0850,219.5200,2.946e-15
Metal1,12.4650,62.7200,Metal1,12.6950,62.7200,6.024e-13
Metal1,12.4650,70.5600,Metal1,12.6950,70.5600,5.522e-13
Metal1,12.4650,78.4000,Metal1,12.6950,78.4000,6.526e-13
Metal1,12.4650,86.2400,Metal1,12.6950,86.2400,6.526e-13
Metal1,12.4650,94.0800,Metal1,12.6950,94.0800,6.024e-13
Metal1,12.4650,101.9200,Metal1,12.6950,101.9200,7.852e-13
Metal1,12.4650,133.2800,Metal1,12.6950,133.2800,6.024e-13
Metal1,12.4650,141.1200,Metal1,12.6950,141.1200,6.024e-13
Metal1,12.4650,164.6400,Metal1,12.6950,164.6400,6.024e-13
Metal1,12.4650,172.4800,Metal1,12.6950,172.4800,6.024e-13
Metal1,12.5100,117.6000,Metal1,12.8500,117.6000,1.872e-13
Metal1,12.5100,196.0000,Metal1,12.8500,196.0000,1.872e-13
Metal1,12.5100,211.6800,Metal1,12.8500,211.6800,1.872e-13
Metal1,12.6950,62.7200,Metal1,14.0850,62.7200,6.390e-13
Metal1,12.6950,70.5600,Metal1,14.0850,70.5600,5.580e-13
Metal1,12.6950,78.4000,Metal1,14.0850,78.4000,6.347e-13
Metal1,12.6950,86.2400,Metal1,14.0850,86.2400,6.432e-13
Metal1,12.6950,94.0800,Metal1,14.0850,94.0800,6.432e-13
Metal1,12.6950,101.9200,Metal1,14.0850,101.9200,7.710e-13
Metal1,12.6950,133.2800,Metal1,14.0850,133.2800,6.390e-13
Metal1,12.6950,141.1200,Metal1,14.0850,141.1200,6.432e-13
Metal1,12.6950,164.6400,Metal1,14.0850,164.6400,6.390e-13
Metal1,12.6950,172.4800,Metal1,14.0850,172.4800,6.390e-13
Metal1,12.8500,117.6000,Metal1,14.0850,117.6000,1.630e-13
Metal1,12.8500,196.0000,Metal1,14.0850,196.0000,1.630e-13
Metal1,12.8500,211.6800,Metal1,14.0850,211.6800,1.534e-13
Metal1,13.2250,15.6800,Metal1,13.4550,15.6800,1.311e-07
Metal1,13.2250,47.0400,Metal1,13.4550,47.0400,2.378e-07
Metal1,13.4550,15.6800,Metal1,16.8850,15.6800,2.092e-06
Metal1,13.4550,47.0400,Metal1,14.2450,47.0400,3.101e-06
Metal1,13.6300,156.8000,Metal1,13.9700,156.8000,8.874e-12
Metal1,13.9700,156.8000,Metal1,14.0850,156.8000,8.856e-12
Metal1,14.0850,23.5200,Metal1,14.3150,23.5200,2.454e-13
Metal1,14.0850,31.3600,Metal1,14.3150,31.3600,4.909e-13
Metal1,14.0850,39.2000,Metal1,14.3150,39.2000,1.227e-13
Metal1,14.0850,54.8800,Metal1,14.3150,54.8800,3.681e-13
Metal1,14.0850,62.7200,Metal1,14.3150,62.7200,1.485e-13
Metal1,14.0850,70.5600,Metal1,14.3150,70.5600,7.423e-14
Metal1,14.0850,78.4000,Metal1,14.3150,78.4000,1.485e-13
Metal1,14.0850,86.2400,Metal1,14.3150,86.2400,2.227e-13
Metal1,14.0850,94.0800,Metal1,14.3150,94.0800,1.485e-13
Metal1,14.0850,101.9200,Metal1,14.3150,101.9200,2.969e-13
Metal1,14.0850,109.7600,Metal1,14.3150,109.7600,3.681e-13
Metal1,14.0850,117.6000,Metal1,14.3150,117.6000,4.454e-13
Metal1,14.0850,125.4400,Metal1,14.3150,125.4400,2.895e-11
Metal1,14.0850,133.2800,Metal1,14.3150,133.2800,7.423e-14
Metal1,14.0850,141.1200,Metal1,14.3150,141.1200,1.485e-13
Metal1,14.0850,148.9600,Metal1,14.3150,148.9600,0.000e+00
Metal1,14.0850,156.8000,Metal1,14.3150,156.8000,3.711e-13
Metal1,14.0850,164.6400,Metal1,14.3150,164.6400,1.485e-13
Metal1,14.0850,172.4800,Metal1,14.3150,172.4800,7.423e-14
Metal1,14.0850,180.3200,Metal1,14.3150,180.3200,2.454e-13
Metal1,14.0850,188.1600,Metal1,14.3150,188.1600,0.000e+00
Metal1,14.0850,196.0000,Metal1,14.3150,196.0000,5.196e-13
Metal1,14.0850,203.8400,Metal1,14.3150,203.8400,1.227e-13
Metal1,14.0850,211.6800,Metal1,14.3150,211.6800,4.454e-13
Metal1,14.0850,219.5200,Metal1,14.3150,219.5200,7.423e-14
Metal1,14.2450,47.0400,Metal1,14.4750,47.0400,2.993e-07
Metal1,14.3150,23.5200,Metal1,16.3250,23.5200,5.892e-15
Metal1,14.3150,31.3600,Metal1,16.3250,31.3600,1.178e-14
Metal1,14.3150,39.2000,Metal1,16.3250,39.2000,5.892e-15
Metal1,14.3150,54.8800,Metal1,16.3250,54.8800,8.838e-15
Metal1,14.3150,62.7200,Metal1,14.7050,62.7200,2.414e-12
Metal1,14.3150,70.5600,Metal1,14.7050,70.5600,2.141e-12
Metal1,14.3150,78.4000,Metal1,14.7050,78.4000,2.399e-12
Metal1,14.3150,86.2400,Metal1,14.7050,86.2400,2.429e-12
Metal1,14.3150,94.0800,Metal1,14.7050,94.0800,2.444e-12
Metal1,14.3150,101.9200,Metal1,14.7050,101.9200,2.915e-12
Metal1,14.3150,109.7600,Metal1,16.3250,109.7600,5.892e-15
Metal1,14.3150,117.6000,Metal1,14.5050,117.6000,4.051e-13
Metal1,14.3150,125.4400,Metal1,15.2050,125.4400,2.894e-11
Metal1,14.3150,133.2800,Metal1,14.7050,133.2800,2.429e-12
Metal1,14.3150,141.1200,Metal1,14.7050,141.1200,2.444e-12
Metal1,14.3150,148.9600,Metal1,16.3250,148.9600,2.946e-15
Metal1,14.3150,156.8000,Metal1,15.6250,156.8000,1.898e-12
Metal1,14.3150,164.6400,Metal1,14.7050,164.6400,2.429e-12
Metal1,14.3150,172.4800,Metal1,14.7050,172.4800,2.429e-12
Metal1,14.3150,180.3200,Metal1,16.3250,180.3200,2.062e-14
Metal1,14.3150,188.1600,Metal1,16.3250,188.1600,2.946e-15
Metal1,14.3150,196.0000,Metal1,14.5050,196.0000,4.051e-13
Metal1,14.3150,203.8400,Metal1,16.3250,203.8400,2.946e-15
Metal1,14.3150,211.6800,Metal1,14.5050,211.6800,4.051e-13
Metal1,14.3150,219.5200,Metal1,16.3250,219.5200,0.000e+00
Metal1,14.4750,47.0400,Metal1,16.8850,47.0400,1.741e-06
Metal1,14.5050,117.6000,Metal1,14.7350,117.6000,8.882e-14
Metal1,14.5050,196.0000,Metal1,14.7350,196.0000,8.882e-14
Metal1,14.5050,211.6800,Metal1,14.7350,211.6800,4.441e-14
Metal1,14.7050,62.7200,Metal1,14.9350,62.7200,6.024e-13
Metal1,14.7050,70.5600,Metal1,14.9350,70.5600,5.522e-13
Metal1,14.7050,78.4000,Metal1,14.9350,78.4000,6.526e-13
Metal1,14.7050,86.2400,Metal1,14.9350,86.2400,6.024e-13
Metal1,14.7050,94.0800,Metal1,14.9350,94.0800,6.024e-13
Metal1,14.7050,101.9200,Metal1,14.9350,101.9200,7.329e-13
Metal1,14.7050,133.2800,Metal1,14.9350,133.2800,6.024e-13
Metal1,14.7050,141.1200,Metal1,14.9350,141.1200,6.024e-13
Metal1,14.7050,164.6400,Metal1,14.9350,164.6400,6.024e-13
Metal1,14.7050,172.4800,Metal1,14.9350,172.4800,6.024e-13
Metal1,14.7350,117.6000,Metal1,16.3250,117.6000,6.703e-14
Metal1,14.7350,196.0000,Metal1,16.3250,196.0000,6.703e-14
Metal1,14.7350,211.6800,Metal1,16.3250,211.6800,7.076e-14
Metal1,14.9350,62.7200,Metal1,16.3250,62.7200,6.262e-13
Metal1,14.9350,70.5600,Metal1,16.3250,70.5600,5.495e-13
Metal1,14.9350,78.4000,Metal1,16.3250,78.4000,6.134e-13
Metal1,14.9350,86.2400,Metal1,16.3250,86.2400,6.305e-13
Metal1,14.9350,94.0800,Metal1,16.3250,94.0800,6.305e-13
Metal1,14.9350,101.9200,Metal1,16.3250,101.9200,7.625e-13
Metal1,14.9350,133.2800,Metal1,16.3250,133.2800,6.262e-13
Metal1,14.9350,141.1200,Metal1,16.3250,141.1200,6.347e-13
Metal1,14.9350,164.6400,Metal1,16.3250,164.6400,6.262e-13
Metal1,14.9350,172.4800,Metal1,16.3250,172.4800,6.305e-13
Metal1,15.2050,125.4400,Metal1,15.4350,125.4400,4.676e-12
Metal1,15.4350,125.4400,Metal1,16.3250,125.4400,4.710e-12
Metal1,15.6250,156.8000,Metal1,15.8550,156.8000,4.174e-12
Metal1,15.8550,156.8000,Metal1,16.3250,156.8000,4.107e-12
Metal1,16.3250,23.5200,Metal1,16.5550,23.5200,0.000e+00
Metal1,16.3250,31.3600,Metal1,16.5550,31.3600,0.000e+00
Metal1,16.3250,39.2000,Metal1,16.5550,39.2000,0.000e+00
Metal1,16.3250,54.8800,Metal1,16.5550,54.8800,0.000e+00
Metal1,16.3250,62.7200,Metal1,16.5550,62.7200,2.078e-12
Metal1,16.3250,70.5600,Metal1,16.5550,70.5600,1.782e-12
Metal1,16.3250,78.4000,Metal1,16.5550,78.4000,2.078e-12
Metal1,16.3250,86.2400,Metal1,16.5550,86.2400,2.153e-12
Metal1,16.3250,94.0800,Metal1,16.5550,94.0800,2.078e-12
Metal1,16.3250,101.9200,Metal1,16.5550,101.9200,2.450e-12
Metal1,16.3250,109.7600,Metal1,16.5550,109.7600,0.000e+00
Metal1,16.3250,117.6000,Metal1,16.5550,117.6000,0.000e+00
Metal1,16.3250,125.4400,Metal1,16.5550,125.4400,4.528e-12
Metal1,16.3250,133.2800,Metal1,16.5550,133.2800,2.004e-12
Metal1,16.3250,141.1200,Metal1,16.5550,141.1200,2.078e-12
Metal1,16.3250,148.9600,Metal1,16.5550,148.9600,0.000e+00
Metal1,16.3250,156.8000,Metal1,16.5550,156.8000,7.423e-14
Metal1,16.3250,164.6400,Metal1,16.5550,164.6400,2.004e-12
Metal1,16.3250,172.4800,Metal1,16.5550,172.4800,2.153e-12
Metal1,16.3250,180.3200,Metal1,16.5550,180.3200,9.572e-12
Metal1,16.3250,188.1600,Metal1,16.5550,188.1600,0.000e+00
Metal1,16.3250,196.0000,Metal1,16.5550,196.0000,7.423e-14
Metal1,16.3250,203.8400,Metal1,16.5550,203.8400,0.000e+00
Metal1,16.3250,211.6800,Metal1,16.5550,211.6800,7.423e-14
Metal1,16.3250,219.5200,Metal1,16.5550,219.5200,1.485e-13
Metal1,16.5550,23.5200,Metal1,18.5650,23.5200,5.892e-15
Metal1,16.5550,31.3600,Metal1,18.5650,31.3600,2.946e-15
Metal1,16.5550,39.2000,Metal1,18.5650,39.2000,2.946e-15
Metal1,16.5550,54.8800,Metal1,18.5650,54.8800,2.946e-15
Metal1,16.5550,62.7200,Metal1,16.9450,62.7200,2.004e-12
Metal1,16.5550,70.5600,Metal1,16.9450,70.5600,1.761e-12
Metal1,16.5550,78.4000,Metal1,16.9450,78.4000,2.004e-12
Metal1,16.5550,86.2400,Metal1,16.9450,86.2400,2.019e-12
Metal1,16.5550,94.0800,Metal1,16.9450,94.0800,2.019e-12
Metal1,16.5550,101.9200,Metal1,16.9450,101.9200,2.444e-12
Metal1,16.5550,109.7600,Metal1,18.5650,109.7600,0.000e+00
Metal1,16.5550,117.6000,Metal1,18.5650,117.6000,5.892e-15
Metal1,16.5550,125.4400,Metal1,17.4450,125.4400,4.504e-12
Metal1,16.5550,133.2800,Metal1,16.9450,133.2800,2.019e-12
Metal1,16.5550,141.1200,Metal1,16.9450,141.1200,2.019e-12
Metal1,16.5550,148.9600,Metal1,18.5650,148.9600,4.124e-14
Metal1,16.5550,156.8000,Metal1,18.5650,156.8000,2.946e-15
Metal1,16.5550,164.6400,Metal1,16.9450,164.6400,2.019e-12
Metal1,16.5550,172.4800,Metal1,16.9450,172.4800,2.004e-12
Metal1,16.5550,180.3200,Metal1,18.5650,180.3200,4.183e-13
Metal1,16.5550,188.1600,Metal1,18.5650,188.1600,4.713e-14
Metal1,16.5550,196.0000,Metal1,18.5650,196.0000,5.892e-15
Metal1,16.5550,203.8400,Metal1,18.5650,203.8400,4.124e-14
Metal1,16.5550,211.6800,Metal1,18.5650,211.6800,5.892e-15
Metal1,16.5550,219.5200,Metal1,18.5650,219.5200,3.830e-14
Metal1,16.8850,15.6800,Metal1,17.1150,15.6800,6.020e-08
Metal1,16.8850,47.0400,Metal1,17.1150,47.0400,3.590e-06
Metal1,16.9450,62.7200,Metal1,17.1750,62.7200,6.024e-13
Metal1,16.9450,70.5600,Metal1,17.1750,70.5600,5.522e-13
Metal1,16.9450,78.4000,Metal1,17.1750,78.4000,6.526e-13
Metal1,16.9450,86.2400,Metal1,17.1750,86.2400,6.024e-13
Metal1,16.9450,94.0800,Metal1,17.1750,94.0800,6.526e-13
Metal1,16.9450,101.9200,Metal1,17.1750,101.9200,7.329e-13
Metal1,16.9450,133.2800,Metal1,17.1750,133.2800,6.024e-13
Metal1,16.9450,141.1200,Metal1,17.1750,141.1200,6.024e-13
Metal1,16.9450,164.6400,Metal1,17.1750,164.6400,6.024e-13
Metal1,16.9450,172.4800,Metal1,17.1750,172.4800,6.024e-13
Metal1,17.1150,15.6800,Metal1,19.1250,15.6800,2.024e-09
Metal1,17.1150,47.0400,Metal1,18.1900,47.0400,3.590e-06
Metal1,17.1750,62.7200,Metal1,18.5650,62.7200,6.347e-13
Metal1,17.1750,70.5600,Metal1,18.5650,70.5600,5.538e-13
Metal1,17.1750,78.4000,Metal1,18.5650,78.4000,6.347e-13
Metal1,17.1750,86.2400,Metal1,18.5650,86.2400,6.390e-13
Metal1,17.1750,94.0800,Metal1,18.5650,94.0800,6.305e-13
Metal1,17.1750,101.9200,Metal1,18.5650,101.9200,7.668e-13
Metal1,17.1750,133.2800,Metal1,18.5650,133.2800,6.347e-13
Metal1,17.1750,141.1200,Metal1,18.5650,141.1200,6.347e-13
Metal1,17.1750,164.6400,Metal1,18.5650,164.6400,6.347e-13
Metal1,17.1750,172.4800,Metal1,18.5650,172.4800,6.347e-13
Metal1,17.4450,125.4400,Metal1,17.6750,125.4400,0.000e+00
Metal1,17.6750,125.4400,Metal1,18.5650,125.4400,4.937e-12
Metal1,18.1900,47.0400,Metal1,18.5300,47.0400,5.333e-06
Metal1,18.5300,47.0400,Metal1,19.1250,47.0400,5.333e-06
Metal1,18.5650,23.5200,Metal1,18.7950,23.5200,1.227e-13
Metal1,18.5650,31.3600,Metal1,18.7950,31.3600,2.454e-13
Metal1,18.5650,39.2000,Metal1,18.7950,39.2000,1.227e-13
Metal1,18.5650,54.8800,Metal1,18.7950,54.8800,0.000e+00
Metal1,18.5650,62.7200,Metal1,18.7950,62.7200,1.262e-12
Metal1,18.5650,70.5600,Metal1,18.7950,70.5600,1.113e-12
Metal1,18.5650,78.4000,Metal1,18.7950,78.4000,1.262e-12
Metal1,18.5650,86.2400,Metal1,18.7950,86.2400,1.188e-12
Metal1,18.5650,94.0800,Metal1,18.7950,94.0800,1.262e-12
Metal1,18.5650,101.9200,Metal1,18.7950,101.9200,2.524e-12
Metal1,18.5650,109.7600,Metal1,18.7950,109.7600,1.227e-13
Metal1,18.5650,117.6000,Metal1,18.7950,117.6000,2.004e-12
Metal1,18.5650,125.4400,Metal1,18.7950,125.4400,7.423e-14
Metal1,18.5650,133.2800,Metal1,18.7950,133.2800,1.262e-12
Metal1,18.5650,141.1200,Metal1,18.7950,141.1200,1.188e-12
Metal1,18.5650,148.9600,Metal1,18.7950,148.9600,2.516e-11
Metal1,18.5650,156.8000,Metal1,18.7950,156.8000,2.153e-12
Metal1,18.5650,164.6400,Metal1,18.7950,164.6400,1.188e-12
Metal1,18.5650,172.4800,Metal1,18.7950,172.4800,1.262e-12
Metal1,18.5650,180.3200,Metal1,18.7950,180.3200,4.305e-11
Metal1,18.5650,188.1600,Metal1,18.7950,188.1600,2.675e-11
Metal1,18.5650,196.0000,Metal1,18.7950,196.0000,2.004e-12
Metal1,18.5650,203.8400,Metal1,18.7950,203.8400,2.503e-11
Metal1,18.5650,211.6800,Metal1,18.7950,211.6800,1.930e-12
Metal1,18.5650,219.5200,Metal1,18.7950,219.5200,1.277e-11
Metal1,18.7950,23.5200,Metal1,20.8050,23.5200,2.357e-14
Metal1,18.7950,31.3600,Metal1,20.8050,31.3600,2.651e-14
Metal1,18.7950,39.2000,Metal1,20.8050,39.2000,2.357e-14
Metal1,18.7950,54.8800,Metal1,20.8050,54.8800,2.357e-14
Metal1,18.7950,62.7200,Metal1,19.4650,62.7200,1.255e-12
Metal1,18.7950,70.5600,Metal1,19.4650,70.5600,1.087e-12
Metal1,18.7950,78.4000,Metal1,19.4650,78.4000,1.255e-12
Metal1,18.7950,86.2400,Metal1,19.4650,86.2400,1.255e-12
Metal1,18.7950,94.0800,Metal1,19.4650,94.0800,1.246e-12
Metal1,18.7950,101.9200,Metal1,19.1850,101.9200,2.460e-12
Metal1,18.7950,109.7600,Metal1,20.8050,109.7600,2.062e-14
Metal1,18.7950,117.6000,Metal1,18.8300,117.6000,2.199e-12
Metal1,18.7950,125.4400,Metal1,19.6850,125.4400,4.910e-12
Metal1,18.7950,133.2800,Metal1,19.4650,133.2800,1.255e-12
Metal1,18.7950,141.1200,Metal1,19.4650,141.1200,1.237e-12
Metal1,18.7950,148.9600,Metal1,20.8050,148.9600,1.974e-13
Metal1,18.7950,156.8000,Metal1,19.9500,156.8000,2.046e-12
Metal1,18.7950,164.6400,Metal1,19.4650,164.6400,1.211e-12
Metal1,18.7950,172.4800,Metal1,19.4650,172.4800,1.237e-12
Metal1,18.7950,180.3200,Metal1,19.2300,180.3200,4.314e-11
Metal1,18.7950,188.1600,Metal1,20.8050,188.1600,2.092e-13
Metal1,18.7950,196.0000,Metal1,18.8300,196.0000,2.030e-12
Metal1,18.7950,203.8400,Metal1,19.8450,203.8400,3.429e-11
Metal1,18.7950,211.6800,Metal1,18.8300,211.6800,2.030e-12
Metal1,18.7950,219.5200,Metal1,20.8050,219.5200,1.281e-11
Metal1,18.8300,117.6000,Metal1,19.1700,117.6000,4.324e-12
Metal1,18.8300,196.0000,Metal1,19.1700,196.0000,3.441e-12
Metal1,18.8300,211.6800,Metal1,19.1700,211.6800,4.677e-12
Metal1,19.1250,15.6800,Metal1,19.3550,15.6800,6.184e-08
Metal1,19.1250,47.0400,Metal1,19.3550,47.0400,3.856e-07
Metal1,19.1700,117.6000,Metal1,20.8050,117.6000,9.168e-11
Metal1,19.1700,196.0000,Metal1,20.8050,196.0000,7.414e-11
Metal1,19.1700,211.6800,Metal1,20.8050,211.6800,1.004e-10
Metal1,19.1850,101.9200,Metal1,19.4150,101.9200,1.450e-12
Metal1,19.2300,180.3200,Metal1,19.5700,180.3200,1.123e-13
Metal1,19.3550,15.6800,Metal1,21.3650,15.6800,1.134e-10
Metal1,19.3550,47.0400,Metal1,21.3650,47.0400,1.090e-09
Metal1,19.4150,101.9200,Metal1,20.8050,101.9200,1.508e-12
Metal1,19.4650,62.7200,Metal1,19.6950,62.7200,2.298e-12
Metal1,19.4650,70.5600,Metal1,19.6950,70.5600,2.298e-12
Metal1,19.4650,78.4000,Metal1,19.6950,78.4000,2.298e-12
Metal1,19.4650,86.2400,Metal1,19.6950,86.2400,2.298e-12
Metal1,19.4650,94.0800,Metal1,19.6950,94.0800,2.254e-12
Metal1,19.4650,133.2800,Metal1,19.6950,133.2800,3.624e-12
Metal1,19.4650,141.1200,Metal1,19.6950,141.1200,3.624e-12
Metal1,19.4650,164.6400,Metal1,19.6950,164.6400,7.646e-12
Metal1,19.4650,172.4800,Metal1,19.6950,172.4800,3.712e-12
Metal1,19.5700,180.3200,Metal1,20.8050,180.3200,1.247e-13
Metal1,19.6850,125.4400,Metal1,19.9150,125.4400,4.454e-12
Metal1,19.6950,62.7200,Metal1,20.8050,62.7200,2.288e-12
Metal1,19.6950,70.5600,Metal1,20.8050,70.5600,2.288e-12
Metal1,19.6950,78.4000,Metal1,20.8050,78.4000,2.288e-12
Metal1,19.6950,86.2400,Metal1,20.8050,86.2400,2.283e-12
Metal1,19.6950,94.0800,Metal1,20.8050,94.0800,2.283e-12
Metal1,19.6950,133.2800,Metal1,20.8050,133.2800,3.606e-12
Metal1,19.6950,141.1200,Metal1,20.8050,141.1200,3.606e-12
Metal1,19.6950,164.6400,Metal1,20.8050,164.6400,7.660e-12
Metal1,19.6950,172.4800,Metal1,20.8050,172.4800,3.659e-12
Metal1,19.8450,203.8400,Metal1,20.0750,203.8400,1.961e-08
Metal1,19.9150,125.4400,Metal1,20.8050,125.4400,4.477e-12
Metal1,19.9500,156.8000,Metal1,20.2900,156.8000,2.868e-12
Metal1,20.0750,203.8400,Metal1,20.8050,203.8400,1.961e-08
Metal1,20.2900,156.8000,Metal1,20.8050,156.8000,6.090e-11
Metal1,20.8050,23.5200,Metal1,21.0350,23.5200,9.817e-13
Metal1,20.8050,31.3600,Metal1,21.0350,31.3600,8.590e-13
Metal1,20.8050,39.2000,Metal1,21.0350,39.2000,8.590e-13
Metal1,20.8050,54.8800,Metal1,21.0350,54.8800,9.817e-13
Metal1,20.8050,62.7200,Metal1,21.0350,62.7200,2.969e-13
Metal1,20.8050,70.5600,Metal1,21.0350,70.5600,2.227e-13
Metal1,20.8050,78.4000,Metal1,21.0350,78.4000,1.485e-13
Metal1,20.8050,86.2400,Metal1,21.0350,86.2400,2.969e-13
Metal1,20.8050,94.0800,Metal1,21.0350,94.0800,2.227e-13
Metal1,20.8050,101.9200,Metal1,21.0350,101.9200,1.485e-13
Metal1,20.8050,109.7600,Metal1,21.0350,109.7600,9.817e-13
Metal1,20.8050,117.6000,Metal1,21.0350,117.6000,6.606e-12
Metal1,20.8050,125.4400,Metal1,21.0350,125.4400,4.454e-12
Metal1,20.8050,133.2800,Metal1,21.0350,133.2800,3.711e-13
Metal1,20.8050,141.1200,Metal1,21.0350,141.1200,3.711e-13
Metal1,20.8050,148.9600,Metal1,21.0350,148.9600,1.718e-12
Metal1,20.8050,156.8000,Metal1,21.0350,156.8000,4.380e-12
Metal1,20.8050,164.6400,Metal1,21.0350,164.6400,7.423e-13
Metal1,20.8050,172.4800,Metal1,21.0350,172.4800,5.196e-13
Metal1,20.8050,180.3200,Metal1,21.0350,180.3200,1.485e-13
Metal1,20.8050,188.1600,Metal1,21.0350,188.1600,2.700e-12
Metal1,20.8050,196.0000,Metal1,21.0350,196.0000,5.345e-12
Metal1,20.8050,203.8400,Metal1,21.0350,203.8400,9.173e-08
Metal1,20.8050,211.6800,Metal1,21.0350,211.6800,7.200e-12
Metal1,20.8050,219.5200,Metal1,21.0350,219.5200,1.039e-12
Metal1,21.0350,23.5200,Metal1,23.0450,23.5200,0.000e+00
Metal1,21.0350,31.3600,Metal1,23.0450,31.3600,0.000e+00
Metal1,21.0350,39.2000,Metal1,23.0450,39.2000,2.946e-15
Metal1,21.0350,54.8800,Metal1,23.0450,54.8800,2.946e-15
Metal1,21.0350,62.7200,Metal1,21.6050,62.7200,4.903e-12
Metal1,21.0350,70.5600,Metal1,21.6050,70.5600,4.914e-12
Metal1,21.0350,78.4000,Metal1,21.6050,78.4000,4.934e-12
Metal1,21.0350,86.2400,Metal1,21.6050,86.2400,4.914e-12
Metal1,21.0350,94.0800,Metal1,21.6050,94.0800,4.903e-12
Metal1,21.0350,101.9200,Metal1,21.4250,101.9200,5.526e-12
Metal1,21.0350,109.7600,Metal1,23.0450,109.7600,2.946e-15
Metal1,21.0350,117.6000,Metal1,23.0450,117.6000,3.594e-13
Metal1,21.0350,125.4400,Metal1,21.9250,125.4400,4.451e-12
Metal1,21.0350,133.2800,Metal1,21.6050,133.2800,7.729e-12
Metal1,21.0350,141.1200,Metal1,21.6050,141.1200,7.760e-12
Metal1,21.0350,148.9600,Metal1,23.0450,148.9600,2.857e-13
Metal1,21.0350,156.8000,Metal1,23.0450,156.8000,2.445e-13
Metal1,21.0350,164.6400,Metal1,21.6050,164.6400,1.641e-11
Metal1,21.0350,172.4800,Metal1,21.6050,172.4800,7.853e-12
Metal1,21.0350,180.3200,Metal1,21.2250,180.3200,2.181e-13
Metal1,21.0350,188.1600,Metal1,23.0450,188.1600,2.357e-13
Metal1,21.0350,196.0000,Metal1,23.0450,196.0000,2.946e-13
Metal1,21.0350,203.8400,Metal1,23.0450,203.8400,8.389e-09
Metal1,21.0350,211.6800,Metal1,23.0450,211.6800,3.889e-13
Metal1,21.0350,219.5200,Metal1,23.0450,219.5200,7.365e-14
Metal1,21.2250,180.3200,Metal1,21.4550,180.3200,4.441e-14
Metal1,21.3650,15.6800,Metal1,21.5950,15.6800,6.768e-09
Metal1,21.3650,47.0400,Metal1,21.5950,47.0400,3.691e-09
Metal1,21.4250,101.9200,Metal1,21.6550,101.9200,1.519e-12
Metal1,21.4550,180.3200,Metal1,23.0450,180.3200,2.979e-14
Metal1,21.5950,15.6800,Metal1,23.6050,15.6800,6.789e-09
Metal1,21.5950,47.0400,Metal1,21.9250,47.0400,3.691e-09
Metal1,21.6050,62.7200,Metal1,21.8350,62.7200,2.081e-12
Metal1,21.6050,70.5600,Metal1,21.8350,70.5600,2.039e-12
Metal1,21.6050,78.4000,Metal1,21.8350,78.4000,2.081e-12
Metal1,21.6050,86.2400,Metal1,21.8350,86.2400,2.081e-12
Metal1,21.6050,94.0800,Metal1,21.8350,94.0800,2.039e-12
Metal1,21.6050,133.2800,Metal1,21.8350,133.2800,3.313e-12
Metal1,21.6050,141.1200,Metal1,21.8350,141.1200,3.313e-12
Metal1,21.6050,164.6400,Metal1,21.8350,164.6400,7.094e-12
Metal1,21.6050,172.4800,Metal1,21.8350,172.4800,3.356e-12
Metal1,21.6550,101.9200,Metal1,23.0450,101.9200,1.529e-12
Metal1,21.8350,62.7200,Metal1,23.0450,62.7200,2.070e-12
Metal1,21.8350,70.5600,Metal1,23.0450,70.5600,2.075e-12
Metal1,21.8350,78.4000,Metal1,23.0450,78.4000,2.080e-12
Metal1,21.8350,86.2400,Metal1,23.0450,86.2400,2.070e-12
Metal1,21.8350,94.0800,Metal1,23.0450,94.0800,2.070e-12
Metal1,21.8350,133.2800,Metal1,23.0450,133.2800,3.293e-12
Metal1,21.8350,141.1200,Metal1,23.0450,141.1200,3.308e-12
Metal1,21.8350,164.6400,Metal1,23.0450,164.6400,7.066e-12
Metal1,21.8350,172.4800,Metal1,23.0450,172.4800,3.352e-12
Metal1,21.9250,47.0400,Metal1,22.1550,47.0400,4.727e-08
Metal1,21.9250,125.4400,Metal1,22.1550,125.4400,8.536e-12
Metal1,22.1550,47.0400,Metal1,23.6050,47.0400,4.728e-08
Metal1,22.1550,125.4400,Metal1,23.0450,125.4400,1.847e-11
Metal1,23.0450,23.5200,Metal1,23.2750,23.5200,1.203e-11
Metal1,23.0450,31.3600,Metal1,23.2750,31.3600,1.203e-11
Metal1,23.0450,39.2000,Metal1,23.2750,39.2000,1.203e-11
Metal1,23.0450,54.8800,Metal1,23.2750,54.8800,1.203e-11
Metal1,23.0450,62.7200,Metal1,23.2750,62.7200,3.266e-12
Metal1,23.0450,70.5600,Metal1,23.2750,70.5600,3.266e-12
Metal1,23.0450,78.4000,Metal1,23.2750,78.4000,3.266e-12
Metal1,23.0450,86.2400,Metal1,23.2750,86.2400,3.266e-12
Metal1,23.0450,94.0800,Metal1,23.2750,94.0800,3.266e-12
Metal1,23.0450,101.9200,Metal1,23.2750,101.9200,1.930e-11
Metal1,23.0450,109.7600,Metal1,23.2750,109.7600,1.203e-11
Metal1,23.0450,117.6000,Metal1,23.2750,117.6000,1.035e-10
Metal1,23.0450,125.4400,Metal1,23.2750,125.4400,1.930e-09
Metal1,23.0450,133.2800,Metal1,23.2750,133.2800,2.153e-12
Metal1,23.0450,141.1200,Metal1,23.2750,141.1200,2.153e-12
Metal1,23.0450,148.9600,Metal1,23.2750,148.9600,6.599e-11
Metal1,23.0450,156.8000,Metal1,23.2750,156.8000,7.000e-11
Metal1,23.0450,164.6400,Metal1,23.2750,164.6400,1.863e-11
Metal1,23.0450,172.4800,Metal1,23.2750,172.4800,2.301e-12
Metal1,23.0450,180.3200,Metal1,23.2750,180.3200,5.196e-13
Metal1,23.0450,188.1600,Metal1,23.2750,188.1600,5.760e-11
Metal1,23.0450,196.0000,Metal1,23.2750,196.0000,8.425e-11
Metal1,23.0450,203.8400,Metal1,23.2750,203.8400,1.329e-06
Metal1,23.0450,211.6800,Metal1,23.2750,211.6800,1.106e-10
Metal1,23.0450,219.5200,Metal1,23.2750,219.5200,2.175e-11
Metal1,23.2750,23.5200,Metal1,24.4700,23.5200,3.027e-12
Metal1,23.2750,31.3600,Metal1,24.4700,31.3600,3.027e-12
Metal1,23.2750,39.2000,Metal1,24.4700,39.2000,3.027e-12
Metal1,23.2750,54.8800,Metal1,24.4700,54.8800,3.027e-12
Metal1,23.2750,62.7200,Metal1,23.8450,62.7200,1.350e-11
Metal1,23.2750,70.5600,Metal1,23.8450,70.5600,1.353e-11
Metal1,23.2750,78.4000,Metal1,23.8450,78.4000,1.354e-11
Metal1,23.2750,86.2400,Metal1,23.8450,86.2400,1.351e-11
Metal1,23.2750,94.0800,Metal1,23.8450,94.0800,1.351e-11
Metal1,23.2750,101.9200,Metal1,23.6650,101.9200,1.928e-11
Metal1,23.2750,109.7600,Metal1,24.4700,109.7600,3.027e-12
Metal1,23.2750,117.6000,Metal1,23.8250,117.6000,1.126e-10
Metal1,23.2750,125.4400,Metal1,24.4700,125.4400,1.939e-09
Metal1,23.2750,133.2800,Metal1,23.8450,133.2800,8.144e-12
Metal1,23.2750,141.1200,Metal1,23.8450,141.1200,8.113e-12
Metal1,23.2750,148.9600,Metal1,24.4700,148.9600,7.504e-11
Metal1,23.2750,156.8000,Metal1,24.4700,156.8000,7.907e-11
Metal1,23.2750,164.6400,Metal1,23.8450,164.6400,8.362e-12
Metal1,23.2750,172.4800,Metal1,23.8450,172.4800,7.853e-12
Metal1,23.2750,180.3200,Metal1,24.4700,180.3200,8.210e-12
Metal1,23.2750,188.1600,Metal1,24.4700,188.1600,6.702e-11
Metal1,23.2750,196.0000,Metal1,23.8250,196.0000,9.338e-11
Metal1,23.2750,203.8400,Metal1,24.4700,203.8400,1.329e-06
Metal1,23.2750,211.6800,Metal1,23.8250,211.6800,1.199e-10
Metal1,23.2750,219.5200,Metal1,23.9100,219.5200,2.169e-11
Metal1,23.6050,15.6800,Metal1,23.8350,15.6800,2.092e-06
Metal1,23.6050,47.0400,Metal1,23.8350,47.0400,1.066e-05
Metal1,23.6650,101.9200,Metal1,23.8950,101.9200,1.739e-09
Metal1,23.8250,117.6000,Metal1,24.0550,117.6000,3.340e-08
Metal1,23.8250,196.0000,Metal1,24.0550,196.0000,2.721e-08
Metal1,23.8250,211.6800,Metal1,24.0550,211.6800,3.626e-08
Metal1,23.8350,15.6800,Metal1,23.9100,15.6800,2.092e-06
Metal1,23.8350,47.0400,Metal1,24.4700,47.0400,1.066e-05
Metal1,23.8450,62.7200,Metal1,24.0750,62.7200,7.805e-10
Metal1,23.8450,70.5600,Metal1,24.0750,70.5600,7.815e-10
Metal1,23.8450,78.4000,Metal1,24.0750,78.4000,7.815e-10
Metal1,23.8450,86.2400,Metal1,24.0750,86.2400,7.805e-10
Metal1,23.8450,94.0800,Metal1,24.0750,94.0800,7.805e-10
Metal1,23.8450,133.2800,Metal1,24.0750,133.2800,4.248e-14
Metal1,23.8450,141.1200,Metal1,24.0750,141.1200,7.519e-12
Metal1,23.8450,164.6400,Metal1,24.0750,164.6400,2.402e-09
Metal1,23.8450,172.4800,Metal1,24.0750,172.4800,3.972e-11
Metal1,23.8950,101.9200,Metal1,24.4700,101.9200,3.396e-08
Metal1,23.9100,15.6800,Metal1,24.2500,15.6800,2.092e-06
Metal1,23.9100,219.5200,Metal1,24.2500,219.5200,3.111e-11
Metal1,24.0550,117.6000,Metal1,24.4700,117.6000,3.340e-08
Metal1,24.0550,196.0000,Metal1,24.4700,196.0000,2.721e-08
Metal1,24.0550,211.6800,Metal1,24.4700,211.6800,3.626e-08
Metal1,24.0750,62.7200,Metal1,24.4700,62.7200,1.787e-08
Metal1,24.0750,70.5600,Metal1,24.4700,70.5600,1.789e-08
Metal1,24.0750,78.4000,Metal1,24.4700,78.4000,1.789e-08
Metal1,24.0750,86.2400,Metal1,24.4700,86.2400,1.787e-08
Metal1,24.0750,94.0800,Metal1,24.4700,94.0800,1.787e-08
Metal1,24.0750,133.2800,Metal1,24.4700,133.2800,8.035e-12
Metal1,24.0750,141.1200,Metal1,24.4700,141.1200,1.791e-10
Metal1,24.0750,164.6400,Metal1,24.4700,164.6400,5.503e-08
Metal1,24.0750,172.4800,Metal1,24.4700,172.4800,9.165e-10
Metal1,24.2500,15.6800,Metal1,25.8450,15.6800,2.092e-06
Metal1,24.2500,219.5200,Metal1,26.4050,219.5200,3.113e-11
Metal1,24.4700,23.5200,Metal1,24.8100,23.5200,7.644e-12
Metal1,24.4700,31.3600,Metal1,24.8100,31.3600,7.644e-12
Metal1,24.4700,39.2000,Metal1,24.8100,39.2000,7.577e-12
Metal1,24.4700,47.0400,Metal1,24.8100,47.0400,1.066e-05
Metal1,24.4700,54.8800,Metal1,24.8100,54.8800,7.644e-12
Metal1,24.4700,62.7200,Metal1,24.8100,62.7200,1.788e-08
Metal1,24.4700,70.5600,Metal1,24.8100,70.5600,1.790e-08
Metal1,24.4700,78.4000,Metal1,24.8100,78.4000,1.790e-08
Metal1,24.4700,86.2400,Metal1,24.8100,86.2400,1.788e-08
Metal1,24.4700,94.0800,Metal1,24.8100,94.0800,1.788e-08
Metal1,24.4700,101.9200,Metal1,24.8100,101.9200,3.397e-08
Metal1,24.4700,109.7600,Metal1,24.8100,109.7600,7.644e-12
Metal1,24.4700,117.6000,Metal1,24.8100,117.6000,3.341e-08
Metal1,24.4700,125.4400,Metal1,24.8100,125.4400,1.950e-09
Metal1,24.4700,133.2800,Metal1,24.8100,133.2800,2.393e-12
Metal1,24.4700,141.1200,Metal1,24.8100,141.1200,1.687e-10
Metal1,24.4700,148.9600,Metal1,24.8100,148.9600,8.568e-11
Metal1,24.4700,156.8000,Metal1,24.8100,156.8000,8.967e-11
Metal1,24.4700,164.6400,Metal1,24.8100,164.6400,5.502e-08
Metal1,24.4700,172.4800,Metal1,24.8100,172.4800,9.061e-10
Metal1,24.4700,180.3200,Metal1,24.8100,180.3200,1.881e-11
Metal1,24.4700,188.1600,Metal1,24.7300,187.3150,7.676e-11
Metal1,24.4700,196.0000,Metal1,24.8100,196.0000,2.722e-08
Metal1,24.4700,203.8400,Metal1,24.8100,203.8400,1.329e-06
Metal1,24.4700,211.6800,Metal1,24.8100,211.6800,3.627e-08
Metal1,24.7300,187.3150,Metal1,24.8100,188.6275,7.676e-11
Metal1,24.8100,23.5200,Metal1,25.2850,23.5200,7.617e-12
Metal1,24.8100,31.3600,Metal1,25.2850,31.3600,7.604e-12
Metal1,24.8100,39.2000,Metal1,25.2850,39.2000,7.617e-12
Metal1,24.8100,47.0400,Metal1,25.8450,47.0400,1.066e-05
Metal1,24.8100,54.8800,Metal1,25.2850,54.8800,7.604e-12
Metal1,24.8100,62.7200,Metal1,26.0850,62.7200,1.788e-08
Metal1,24.8100,70.5600,Metal1,26.0850,70.5600,1.790e-08
Metal1,24.8100,78.4000,Metal1,26.0850,78.4000,1.790e-08
Metal1,24.8100,86.2400,Metal1,26.0850,86.2400,1.788e-08
Metal1,24.8100,94.0800,Metal1,26.0850,94.0800,1.788e-08
Metal1,24.8100,101.9200,Metal1,25.9050,101.9200,3.397e-08
Metal1,24.8100,109.7600,Metal1,25.2850,109.7600,7.617e-12
Metal1,24.8100,117.6000,Metal1,25.5650,117.6000,3.341e-08
Metal1,24.8100,125.4400,Metal1,25.2850,125.4400,1.949e-09
Metal1,24.8100,133.2800,Metal1,26.0850,133.2800,2.341e-12
Metal1,24.8100,141.1200,Metal1,26.0850,141.1200,1.687e-10
Metal1,24.8100,148.9600,Metal1,25.2900,148.9600,8.565e-11
Metal1,24.8100,156.8000,Metal1,24.9450,156.8000,8.965e-11
Metal1,24.8100,164.6400,Metal1,25.4450,164.6400,5.502e-08
Metal1,24.8100,172.4800,Metal1,26.0850,172.4800,9.061e-10
Metal1,24.8100,180.3200,Metal1,25.4500,180.3200,1.886e-11
Metal1,24.8100,188.6275,Metal1,25.0700,188.1600,1.567e-08
Metal1,24.8100,196.0000,Metal1,25.5650,196.0000,2.722e-08
Metal1,24.8100,203.8400,Metal1,24.8900,203.8400,1.329e-06
Metal1,24.8100,211.6800,Metal1,25.5650,211.6800,3.628e-08
Metal1,24.8900,203.8400,Metal1,25.1200,203.8400,9.362e-08
Metal1,24.9450,156.8000,Metal1,25.1750,156.8000,2.300e-08
Metal1,25.0700,188.1600,Metal1,26.9650,188.1600,1.567e-08
Metal1,25.1200,203.8400,Metal1,26.9300,203.8400,5.293e-09
Metal1,25.1750,156.8000,Metal1,26.6850,156.8000,2.300e-08
Metal1,25.2850,23.5200,Metal1,25.5150,23.5200,8.833e-12
Metal1,25.2850,31.3600,Metal1,25.5150,31.3600,8.908e-12
Metal1,25.2850,39.2000,Metal1,25.5150,39.2000,8.833e-12
Metal1,25.2850,54.8800,Metal1,25.5150,54.8800,8.908e-12
Metal1,25.2850,109.7600,Metal1,25.5150,109.7600,8.314e-12
Metal1,25.2850,125.4400,Metal1,25.5150,125.4400,5.394e-07
Metal1,25.2900,148.9600,Metal1,25.6300,148.9600,3.306e-09
Metal1,25.4450,164.6400,Metal1,25.6750,164.6400,1.188e-07
Metal1,25.4500,180.3200,Metal1,25.5500,179.7750,1.886e-11
Metal1,25.5150,23.5200,Metal1,26.9650,23.5200,8.951e-12
Metal1,25.5150,31.3600,Metal1,26.9650,31.3600,8.951e-12
Metal1,25.5150,39.2000,Metal1,26.9650,39.2000,8.955e-12
Metal1,25.5150,54.8800,Metal1,26.9650,54.8800,8.955e-12
Metal1,25.5150,109.7600,Metal1,26.9650,109.7600,8.335e-12
Metal1,25.5150,125.4400,Metal1,26.9650,125.4400,5.394e-07
Metal1,25.5500,179.7750,Metal1,25.6800,180.7800,1.827e-11
Metal1,25.5650,117.6000,Metal1,25.7950,117.6000,6.813e-06
Metal1,25.5650,196.0000,Metal1,25.7950,196.0000,5.550e-06
Metal1,25.5650,211.6800,Metal1,25.7950,211.6800,7.396e-06
Metal1,25.6300,148.9600,Metal1,26.9650,148.9600,3.306e-09
Metal1,25.6750,164.6400,Metal1,26.0850,164.6400,1.188e-07
Metal1,25.6800,180.7800,Metal1,25.8900,180.3200,3.254e-11
Metal1,25.7950,117.6000,Metal1,26.5100,117.6000,6.813e-06
Metal1,25.7950,196.0000,Metal1,26.9650,196.0000,5.550e-06
Metal1,25.7950,211.6800,Metal1,26.0050,211.6800,7.396e-06
Metal1,25.8450,15.6800,Metal1,26.0750,15.6800,2.224e-07
Metal1,25.8450,47.0400,Metal1,26.0750,47.0400,1.025e-06
Metal1,25.8900,180.3200,Metal1,27.4900,180.3200,1.605e-10
Metal1,25.9050,101.9200,Metal1,26.1350,101.9200,9.028e-06
Metal1,26.0050,211.6800,Metal1,26.2350,211.6800,1.080e-06
Metal1,26.0750,15.6800,Metal1,26.4050,15.6800,1.013e-06
Metal1,26.0750,47.0400,Metal1,26.9650,47.0400,3.651e-06
Metal1,26.0850,62.7200,Metal1,26.3150,62.7200,4.752e-06
Metal1,26.0850,70.5600,Metal1,26.3150,70.5600,4.758e-06
Metal1,26.0850,78.4000,Metal1,26.3150,78.4000,4.758e-06
Metal1,26.0850,86.2400,Metal1,26.3150,86.2400,4.752e-06
Metal1,26.0850,94.0800,Metal1,26.3150,94.0800,4.752e-06
Metal1,26.0850,133.2800,Metal1,26.3150,133.2800,1.869e-12
Metal1,26.0850,141.1200,Metal1,26.3150,141.1200,4.547e-08
Metal1,26.0850,164.6400,Metal1,26.3150,164.6400,4.066e-07
Metal1,26.0850,172.4800,Metal1,26.3150,172.4800,2.415e-07
Metal1,26.1350,101.9200,Metal1,26.9650,101.9200,9.028e-06
Metal1,26.2350,211.6800,Metal1,29.2050,211.6800,8.000e-06
Metal1,26.3150,62.7200,Metal1,26.9650,62.7200,4.752e-06
Metal1,26.3150,70.5600,Metal1,26.9650,70.5600,4.758e-06
Metal1,26.3150,78.4000,Metal1,26.9650,78.4000,4.758e-06
Metal1,26.3150,86.2400,Metal1,26.9650,86.2400,4.752e-06
Metal1,26.3150,94.0800,Metal1,26.9650,94.0800,4.752e-06
Metal1,26.3150,133.2800,Metal1,26.9650,133.2800,1.904e-12
Metal1,26.3150,141.1200,Metal1,26.9650,141.1200,4.547e-08
Metal1,26.3150,164.6400,Metal1,28.3250,164.6400,2.994e-08
Metal1,26.3150,172.4800,Metal1,28.3250,172.4800,1.740e-08
Metal1,26.4050,15.6800,Metal1,26.6350,15.6800,5.591e-08
Metal1,26.4050,219.5200,Metal1,26.6350,219.5200,7.423e-14
Metal1,26.5100,117.6000,Metal1,26.8500,117.6000,2.487e-08
Metal1,26.6350,15.6800,Metal1,28.0850,15.6800,2.323e-07
Metal1,26.6350,219.5200,Metal1,28.6450,219.5200,1.031e-13
Metal1,26.6850,156.8000,Metal1,26.9150,156.8000,5.557e-06
Metal1,26.8500,117.6000,Metal1,28.5050,117.6000,2.487e-08
Metal1,26.9150,156.8000,Metal1,26.9650,156.8000,5.557e-06
Metal1,26.9300,203.8400,Metal1,27.1600,203.8400,1.354e-06
Metal1,26.9650,23.5200,Metal1,27.1950,23.5200,3.281e-11
Metal1,26.9650,31.3600,Metal1,27.1950,31.3600,3.281e-11
Metal1,26.9650,39.2000,Metal1,27.1950,39.2000,3.274e-11
Metal1,26.9650,47.0400,Metal1,27.1950,47.0400,2.338e-09
Metal1,26.9650,54.8800,Metal1,27.1950,54.8800,3.281e-11
Metal1,26.9650,62.7200,Metal1,27.1950,62.7200,3.084e-06
Metal1,26.9650,70.5600,Metal1,27.1950,70.5600,3.087e-06
Metal1,26.9650,78.4000,Metal1,27.1950,78.4000,3.087e-06
Metal1,26.9650,86.2400,Metal1,27.1950,86.2400,3.084e-06
Metal1,26.9650,94.0800,Metal1,27.1950,94.0800,3.084e-06
Metal1,26.9650,101.9200,Metal1,27.1950,101.9200,8.249e-06
Metal1,26.9650,109.7600,Metal1,27.1950,109.7600,3.051e-11
Metal1,26.9650,125.4400,Metal1,27.1950,125.4400,1.346e-07
Metal1,26.9650,133.2800,Metal1,27.1950,133.2800,1.485e-13
Metal1,26.9650,141.1200,Metal1,27.1950,141.1200,2.950e-08
Metal1,26.9650,148.9600,Metal1,27.1950,148.9600,2.376e-10
Metal1,26.9650,156.8000,Metal1,27.1950,156.8000,3.993e-07
Metal1,26.9650,188.1600,Metal1,27.1950,188.1600,2.686e-07
Metal1,26.9650,196.0000,Metal1,27.1950,196.0000,3.497e-07
Metal1,27.1600,203.8400,Metal1,27.6300,203.8400,1.354e-06
Metal1,27.1950,23.5200,Metal1,27.5250,23.5200,3.275e-11
Metal1,27.1950,31.3600,Metal1,27.5250,31.3600,3.273e-11
Metal1,27.1950,39.2000,Metal1,27.5250,39.2000,3.276e-11
Metal1,27.1950,47.0400,Metal1,28.0850,47.0400,3.618e-06
Metal1,27.1950,54.8800,Metal1,27.5250,54.8800,3.276e-11
Metal1,27.1950,62.7200,Metal1,28.3250,62.7200,3.084e-06
Metal1,27.1950,70.5600,Metal1,28.3250,70.5600,3.087e-06
Metal1,27.1950,78.4000,Metal1,28.3250,78.4000,3.087e-06
Metal1,27.1950,86.2400,Metal1,28.3250,86.2400,3.084e-06
Metal1,27.1950,94.0800,Metal1,28.3250,94.0800,3.084e-06
Metal1,27.1950,101.9200,Metal1,28.1450,101.9200,8.249e-06
Metal1,27.1950,109.7600,Metal1,27.5250,109.7600,3.052e-11
Metal1,27.1950,125.4400,Metal1,27.5250,125.4400,2.419e-06
Metal1,27.1950,133.2800,Metal1,28.3250,133.2800,1.320e-12
Metal1,27.1950,141.1200,Metal1,28.3250,141.1200,2.950e-08
Metal1,27.1950,148.9600,Metal1,29.2050,148.9600,1.171e-11
Metal1,27.1950,156.8000,Metal1,29.2050,156.8000,1.962e-08
Metal1,27.1950,188.1600,Metal1,29.2050,188.1600,2.414e-08
Metal1,27.1950,196.0000,Metal1,29.2050,196.0000,2.304e-09
Metal1,27.4900,180.3200,Metal1,27.7200,180.3200,3.235e-08
Metal1,27.5250,23.5200,Metal1,27.7550,23.5200,8.908e-12
Metal1,27.5250,31.3600,Metal1,27.7550,31.3600,8.833e-12
Metal1,27.5250,39.2000,Metal1,27.7550,39.2000,8.908e-12
Metal1,27.5250,54.8800,Metal1,27.7550,54.8800,8.833e-12
Metal1,27.5250,109.7600,Metal1,27.7550,109.7600,7.868e-12
Metal1,27.5250,125.4400,Metal1,27.7550,125.4400,5.447e-07
Metal1,27.6300,203.8400,Metal1,27.9700,203.8400,3.803e-09
Metal1,27.7200,180.3200,Metal1,29.7650,180.3200,3.235e-08
Metal1,27.7550,23.5200,Metal1,29.2050,23.5200,8.898e-12
Metal1,27.7550,31.3600,Metal1,29.2050,31.3600,8.902e-12
Metal1,27.7550,39.2000,Metal1,29.2050,39.2000,8.894e-12
Metal1,27.7550,54.8800,Metal1,29.2050,54.8800,8.906e-12
Metal1,27.7550,109.7600,Metal1,29.2050,109.7600,7.865e-12
Metal1,27.7550,125.4400,Metal1,29.2050,125.4400,5.447e-07
Metal1,27.9700,203.8400,Metal1,29.6250,203.8400,3.803e-09
Metal1,28.0850,15.6800,Metal1,28.3150,15.6800,8.470e-07
Metal1,28.0850,47.0400,Metal1,28.3150,47.0400,3.395e-06
Metal1,28.1450,101.9200,Metal1,28.3750,101.9200,8.970e-06
Metal1,28.3150,15.6800,Metal1,28.6450,15.6800,8.470e-07
Metal1,28.3150,47.0400,Metal1,29.2050,47.0400,3.395e-06
Metal1,28.3250,62.7200,Metal1,28.5550,62.7200,4.726e-06
Metal1,28.3250,70.5600,Metal1,28.5550,70.5600,4.732e-06
Metal1,28.3250,78.4000,Metal1,28.5550,78.4000,4.732e-06
Metal1,28.3250,86.2400,Metal1,28.5550,86.2400,4.726e-06
Metal1,28.3250,94.0800,Metal1,28.5550,94.0800,4.726e-06
Metal1,28.3250,133.2800,Metal1,28.5550,133.2800,1.827e-12
Metal1,28.3250,141.1200,Metal1,28.5550,141.1200,4.547e-08
Metal1,28.3250,164.6400,Metal1,28.5550,164.6400,3.124e-08
Metal1,28.3250,172.4800,Metal1,28.5550,172.4800,2.751e-08
Metal1,28.3750,101.9200,Metal1,29.2050,101.9200,8.970e-06
Metal1,28.5050,117.6000,Metal1,28.7350,117.6000,4.463e-11
Metal1,28.5550,62.7200,Metal1,29.2050,62.7200,4.726e-06
Metal1,28.5550,70.5600,Metal1,29.2050,70.5600,4.732e-06
Metal1,28.5550,78.4000,Metal1,29.2050,78.4000,4.732e-06
Metal1,28.5550,86.2400,Metal1,29.2050,86.2400,4.726e-06
Metal1,28.5550,94.0800,Metal1,29.2050,94.0800,4.726e-06
Metal1,28.5550,133.2800,Metal1,29.2050,133.2800,1.877e-12
Metal1,28.5550,141.1200,Metal1,29.2050,141.1200,4.547e-08
Metal1,28.5550,164.6400,Metal1,30.3250,164.6400,3.124e-08
Metal1,28.5550,172.4800,Metal1,29.7300,172.4800,2.751e-08
Metal1,28.6450,15.6800,Metal1,28.8750,15.6800,2.092e-06
Metal1,28.6450,219.5200,Metal1,28.8750,219.5200,7.423e-14
Metal1,28.7350,117.6000,Metal1,29.2050,117.6000,4.466e-11
Metal1,28.8750,15.6800,Metal1,30.3250,15.6800,5.826e-10
Metal1,28.8750,219.5200,Metal1,30.8850,219.5200,5.892e-15
Metal1,29.2050,23.5200,Metal1,29.4350,23.5200,4.008e-12
Metal1,29.2050,31.3600,Metal1,29.4350,31.3600,4.083e-12
Metal1,29.2050,39.2000,Metal1,29.4350,39.2000,3.934e-12
Metal1,29.2050,47.0400,Metal1,29.4350,47.0400,1.066e-05
Metal1,29.2050,54.8800,Metal1,29.4350,54.8800,4.008e-12
Metal1,29.2050,62.7200,Metal1,29.4350,62.7200,3.084e-06
Metal1,29.2050,70.5600,Metal1,29.4350,70.5600,3.088e-06
Metal1,29.2050,78.4000,Metal1,29.4350,78.4000,3.088e-06
Metal1,29.2050,86.2400,Metal1,29.4350,86.2400,3.084e-06
Metal1,29.2050,94.0800,Metal1,29.4350,94.0800,3.084e-06
Metal1,29.2050,101.9200,Metal1,29.4350,101.9200,8.249e-06
Metal1,29.2050,109.7600,Metal1,29.4350,109.7600,1.017e-10
Metal1,29.2050,117.6000,Metal1,29.4350,117.6000,3.192e-12
Metal1,29.2050,125.4400,Metal1,29.4350,125.4400,3.503e-06
Metal1,29.2050,133.2800,Metal1,29.4350,133.2800,3.934e-12
Metal1,29.2050,141.1200,Metal1,29.4350,141.1200,9.772e-10
Metal1,29.2050,148.9600,Metal1,29.4350,148.9600,7.409e-07
Metal1,29.2050,156.8000,Metal1,29.4350,156.8000,5.557e-06
Metal1,29.2050,188.1600,Metal1,29.4350,188.1600,3.806e-06
Metal1,29.2050,196.0000,Metal1,29.4350,196.0000,2.780e-08
Metal1,29.2050,211.6800,Metal1,29.4350,211.6800,5.313e-07
Metal1,29.4350,23.5200,Metal1,29.7650,23.5200,4.037e-12
Metal1,29.4350,31.3600,Metal1,29.7650,31.3600,4.019e-12
Metal1,29.4350,39.2000,Metal1,29.7650,39.2000,4.073e-12
Metal1,29.4350,47.0400,Metal1,30.3250,47.0400,1.574e-07
Metal1,29.4350,54.8800,Metal1,29.7650,54.8800,4.091e-12
Metal1,29.4350,62.7200,Metal1,30.5650,62.7200,3.084e-06
Metal1,29.4350,70.5600,Metal1,30.5650,70.5600,3.088e-06
Metal1,29.4350,78.4000,Metal1,30.5650,78.4000,3.088e-06
Metal1,29.4350,86.2400,Metal1,30.5650,86.2400,3.084e-06
Metal1,29.4350,94.0800,Metal1,30.5650,94.0800,3.084e-06
Metal1,29.4350,101.9200,Metal1,30.3850,101.9200,8.249e-06
Metal1,29.4350,109.7600,Metal1,29.7650,109.7600,1.016e-10
Metal1,29.4350,117.6000,Metal1,31.4450,117.6000,1.237e-13
Metal1,29.4350,125.4400,Metal1,29.7650,125.4400,3.503e-06
Metal1,29.4350,133.2800,Metal1,30.5650,133.2800,3.961e-12
Metal1,29.4350,141.1200,Metal1,30.5650,141.1200,3.182e-08
Metal1,29.4350,148.9600,Metal1,30.9900,148.9600,7.409e-07
Metal1,29.4350,156.8000,Metal1,30.3250,156.8000,5.557e-06
Metal1,29.4350,188.1600,Metal1,31.1500,188.1600,2.191e-07
Metal1,29.4350,196.0000,Metal1,30.4850,196.0000,9.287e-08
Metal1,29.4350,211.6800,Metal1,30.8850,211.6800,5.313e-07
Metal1,29.6250,203.8400,Metal1,29.8550,203.8400,3.120e-07
Metal1,29.7300,172.4800,Metal1,29.9600,172.4800,5.261e-08
Metal1,29.7650,23.5200,Metal1,29.9950,23.5200,1.039e-12
Metal1,29.7650,31.3600,Metal1,29.9950,31.3600,1.113e-12
Metal1,29.7650,39.2000,Metal1,29.9950,39.2000,1.113e-12
Metal1,29.7650,54.8800,Metal1,29.9950,54.8800,1.113e-12
Metal1,29.7650,109.7600,Metal1,29.9950,109.7600,5.196e-12
Metal1,29.7650,125.4400,Metal1,29.9950,125.4400,2.550e-07
Metal1,29.7650,180.3200,Metal1,29.9950,180.3200,1.080e-07
Metal1,29.8550,203.8400,Metal1,31.9700,203.8400,8.997e-10
Metal1,29.9600,172.4800,Metal1,30.5650,172.4800,5.261e-08
Metal1,29.9950,23.5200,Metal1,31.4450,23.5200,1.119e-12
Metal1,29.9950,31.3600,Metal1,31.4450,31.3600,1.111e-12
Metal1,29.9950,39.2000,Metal1,31.4450,39.2000,1.119e-12
Metal1,29.9950,54.8800,Metal1,31.4450,54.8800,1.127e-12
Metal1,29.9950,109.7600,Metal1,31.4450,109.7600,2.890e-11
Metal1,29.9950,125.4400,Metal1,31.4450,125.4400,5.232e-10
Metal1,29.9950,180.3200,Metal1,30.5450,180.3200,1.080e-07
Metal1,30.3250,15.6800,Metal1,30.5550,15.6800,6.394e-08
Metal1,30.3250,47.0400,Metal1,30.5550,47.0400,1.066e-05
Metal1,30.3250,156.8000,Metal1,30.5550,156.8000,4.007e-07
Metal1,30.3250,164.6400,Metal1,30.5550,164.6400,6.167e-07
Metal1,30.3850,101.9200,Metal1,30.6150,101.9200,8.970e-06
Metal1,30.4850,196.0000,Metal1,30.7150,196.0000,1.115e-07
Metal1,30.5450,180.3200,Metal1,30.7750,180.3200,5.086e-08
Metal1,30.5550,15.6800,Metal1,30.8850,15.6800,6.394e-08
Metal1,30.5550,47.0400,Metal1,31.4450,47.0400,1.574e-07
Metal1,30.5550,156.8000,Metal1,31.4450,156.8000,5.882e-10
Metal1,30.5550,164.6400,Metal1,30.5650,164.6400,6.167e-07
Metal1,30.5650,62.7200,Metal1,30.7950,62.7200,4.726e-06
Metal1,30.5650,70.5600,Metal1,30.7950,70.5600,4.732e-06
Metal1,30.5650,78.4000,Metal1,30.7950,78.4000,4.732e-06
Metal1,30.5650,86.2400,Metal1,30.7950,86.2400,4.726e-06
Metal1,30.5650,94.0800,Metal1,30.7950,94.0800,4.726e-06
Metal1,30.5650,133.2800,Metal1,30.7950,133.2800,4.967e-10
Metal1,30.5650,141.1200,Metal1,30.7950,141.1200,4.520e-08
Metal1,30.5650,164.6400,Metal1,30.7950,164.6400,2.908e-08
Metal1,30.5650,172.4800,Metal1,30.7950,172.4800,3.072e-09
Metal1,30.6150,101.9200,Metal1,31.4450,101.9200,8.970e-06
Metal1,30.7150,196.0000,Metal1,31.4450,196.0000,1.115e-07
Metal1,30.7750,180.3200,Metal1,32.0050,180.3200,5.086e-08
Metal1,30.7950,62.7200,Metal1,31.4450,62.7200,4.726e-06
Metal1,30.7950,70.5600,Metal1,31.4450,70.5600,4.732e-06
Metal1,30.7950,78.4000,Metal1,31.4450,78.4000,4.732e-06
Metal1,30.7950,86.2400,Metal1,31.4450,86.2400,4.726e-06
Metal1,30.7950,94.0800,Metal1,31.4450,94.0800,4.726e-06
Metal1,30.7950,133.2800,Metal1,31.4450,133.2800,1.008e-11
Metal1,30.7950,141.1200,Metal1,31.4450,141.1200,4.520e-08
Metal1,30.7950,164.6400,Metal1,32.5650,164.6400,2.908e-08
Metal1,30.7950,172.4800,Metal1,32.5650,172.4800,3.072e-09
Metal1,30.8850,15.6800,Metal1,31.1150,15.6800,2.092e-06
Metal1,30.8850,211.6800,Metal1,31.1150,211.6800,1.834e-06
Metal1,30.8850,219.5200,Metal1,31.1150,219.5200,1.485e-13
Metal1,30.9900,148.9600,Metal1,31.3300,148.9600,2.218e-06
Metal1,31.1150,15.6800,Metal1,32.1650,15.6800,2.092e-06
Metal1,31.1150,211.6800,Metal1,31.4450,211.6800,1.834e-06
Metal1,31.1150,219.5200,Metal1,33.1250,219.5200,1.414e-13
Metal1,31.1500,188.1600,Metal1,31.4450,188.5750,3.087e-08
Metal1,31.3300,148.9600,Metal1,31.7100,148.9600,2.218e-06
Metal1,31.4450,23.5200,Metal1,31.6750,23.5200,4.157e-12
Metal1,31.4450,31.3600,Metal1,31.6750,31.3600,4.231e-12
Metal1,31.4450,39.2000,Metal1,31.6750,39.2000,4.231e-12
Metal1,31.4450,47.0400,Metal1,31.6750,47.0400,1.066e-05
Metal1,31.4450,54.8800,Metal1,31.6750,54.8800,4.231e-12
Metal1,31.4450,62.7200,Metal1,31.6750,62.7200,3.084e-06
Metal1,31.4450,70.5600,Metal1,31.6750,70.5600,3.087e-06
Metal1,31.4450,78.4000,Metal1,31.6750,78.4000,3.087e-06
Metal1,31.4450,86.2400,Metal1,31.6750,86.2400,3.084e-06
Metal1,31.4450,94.0800,Metal1,31.6750,94.0800,3.084e-06
Metal1,31.4450,101.9200,Metal1,31.6750,101.9200,8.249e-06
Metal1,31.4450,109.7600,Metal1,31.6750,109.7600,1.049e-10
Metal1,31.4450,117.6000,Metal1,31.6750,117.6000,3.504e-11
Metal1,31.4450,125.4400,Metal1,31.6750,125.4400,5.742e-08
Metal1,31.4450,133.2800,Metal1,31.6750,133.2800,5.062e-10
Metal1,31.4450,141.1200,Metal1,31.6750,141.1200,2.949e-08
Metal1,31.4450,156.8000,Metal1,31.6750,156.8000,3.986e-08
Metal1,31.4450,188.5750,Metal1,31.4900,187.5950,3.087e-08
Metal1,31.4450,196.0000,Metal1,31.6750,196.0000,1.058e-06
Metal1,31.4450,211.6800,Metal1,31.6750,211.6800,9.326e-08
Metal1,31.4900,187.5950,Metal1,31.6750,188.1600,4.056e-06
Metal1,31.6750,23.5200,Metal1,32.0050,23.5200,4.181e-12
Metal1,31.6750,31.3600,Metal1,32.0050,31.3600,4.145e-12
Metal1,31.6750,39.2000,Metal1,32.0050,39.2000,4.181e-12
Metal1,31.6750,47.0400,Metal1,32.2650,47.0400,1.066e-05
Metal1,31.6750,54.8800,Metal1,32.0050,54.8800,4.235e-12
Metal1,31.6750,62.7200,Metal1,32.8050,62.7200,3.084e-06
Metal1,31.6750,70.5600,Metal1,32.8050,70.5600,3.087e-06
Metal1,31.6750,78.4000,Metal1,32.8050,78.4000,3.087e-06
Metal1,31.6750,86.2400,Metal1,32.8050,86.2400,3.084e-06
Metal1,31.6750,94.0800,Metal1,32.8050,94.0800,3.084e-06
Metal1,31.6750,101.9200,Metal1,32.6250,101.9200,8.249e-06
Metal1,31.6750,109.7600,Metal1,32.0050,109.7600,1.048e-10
Metal1,31.6750,117.6000,Metal1,32.8300,117.6000,2.554e-11
Metal1,31.6750,125.4400,Metal1,32.0050,125.4400,5.742e-08
Metal1,31.6750,133.2800,Metal1,32.8050,133.2800,5.162e-10
Metal1,31.6750,141.1200,Metal1,32.8050,141.1200,2.949e-08
Metal1,31.6750,156.8000,Metal1,32.5650,156.8000,3.987e-08
Metal1,31.6750,188.1600,Metal1,34.8100,188.1600,4.056e-06
Metal1,31.6750,196.0000,Metal1,33.6850,196.0000,6.845e-08
Metal1,31.6750,211.6800,Metal1,33.1250,211.6800,5.311e-07
Metal1,31.7100,148.9600,Metal1,32.0500,148.9600,1.119e-06
Metal1,31.9700,203.8400,Metal1,32.2000,203.8400,2.482e-08
Metal1,32.0050,23.5200,Metal1,32.2350,23.5200,2.969e-13
Metal1,32.0050,31.3600,Metal1,32.2350,31.3600,1.485e-13
Metal1,32.0050,39.2000,Metal1,32.2350,39.2000,1.485e-13
Metal1,32.0050,54.8800,Metal1,32.2350,54.8800,1.485e-13
Metal1,32.0050,109.7600,Metal1,32.2350,109.7600,2.265e-10
Metal1,32.0050,125.4400,Metal1,32.2350,125.4400,3.503e-06
Metal1,32.0050,180.3200,Metal1,32.2350,180.3200,2.477e-07
Metal1,32.0500,148.9600,Metal1,32.9850,148.9600,1.119e-06
Metal1,32.1650,15.6800,Metal1,32.2650,15.1900,2.092e-06
Metal1,32.2000,203.8400,Metal1,33.9500,203.8400,2.482e-08
Metal1,32.2350,23.5200,Metal1,33.6850,23.5200,1.213e-12
Metal1,32.2350,31.3600,Metal1,33.6850,31.3600,1.205e-12
Metal1,32.2350,39.2000,Metal1,33.6850,39.2000,1.213e-12
Metal1,32.2350,54.8800,Metal1,33.6850,54.8800,1.221e-12
Metal1,32.2350,109.7600,Metal1,33.6850,109.7600,4.244e-11
Metal1,32.2350,125.4400,Metal1,34.2450,125.4400,6.690e-10
Metal1,32.2350,180.3200,Metal1,32.2850,180.3200,2.477e-07
Metal1,32.2650,15.1900,Metal1,32.3950,16.3175,3.385e-09
Metal1,32.2650,47.0400,Metal1,32.4950,47.0400,2.153e-06
Metal1,32.2850,180.3200,Metal1,32.5150,180.3200,1.894e-08
Metal1,32.3950,16.3175,Metal1,32.4950,15.6800,3.385e-09
Metal1,32.4950,15.6800,Metal1,34.2050,15.6800,4.399e-08
Metal1,32.4950,47.0400,Metal1,33.2500,47.0400,1.742e-05
Metal1,32.5150,180.3200,Metal1,34.2450,180.3200,1.894e-08
Metal1,32.5650,156.8000,Metal1,32.7950,156.8000,5.557e-06
Metal1,32.5650,164.6400,Metal1,32.7950,164.6400,5.933e-07
Metal1,32.5650,172.4800,Metal1,32.7950,172.4800,5.488e-08
Metal1,32.6250,101.9200,Metal1,32.8550,101.9200,9.028e-06
Metal1,32.7950,156.8000,Metal1,33.2850,156.8000,5.557e-06
Metal1,32.7950,164.6400,Metal1,32.8050,164.6400,5.933e-07
Metal1,32.7950,172.4800,Metal1,32.8050,172.4800,5.488e-08
Metal1,32.8050,62.7200,Metal1,33.0350,62.7200,4.752e-06
Metal1,32.8050,70.5600,Metal1,33.0350,70.5600,4.758e-06
Metal1,32.8050,78.4000,Metal1,33.0350,78.4000,4.758e-06
Metal1,32.8050,86.2400,Metal1,33.0350,86.2400,4.753e-06
Metal1,32.8050,94.0800,Metal1,33.0350,94.0800,4.753e-06
Metal1,32.8050,133.2800,Metal1,33.0350,133.2800,1.059e-07
Metal1,32.8050,141.1200,Metal1,33.0350,141.1200,4.775e-08
Metal1,32.8050,164.6400,Metal1,33.0350,164.6400,3.930e-07
Metal1,32.8050,172.4800,Metal1,33.0350,172.4800,3.639e-08
Metal1,32.8300,117.6000,Metal1,33.1700,117.6000,3.390e-08
Metal1,32.8550,101.9200,Metal1,33.6850,101.9200,9.028e-06
Metal1,32.9850,148.9600,Metal1,33.2150,148.9600,1.762e-09
Metal1,33.0350,62.7200,Metal1,33.6850,62.7200,4.752e-06
Metal1,33.0350,70.5600,Metal1,33.6850,70.5600,4.758e-06
Metal1,33.0350,78.4000,Metal1,33.6850,78.4000,4.758e-06
Metal1,33.0350,86.2400,Metal1,33.6850,86.2400,4.753e-06
Metal1,33.0350,94.0800,Metal1,33.6850,94.0800,4.753e-06
Metal1,33.0350,133.2800,Metal1,35.0450,133.2800,1.059e-07
Metal1,33.0350,141.1200,Metal1,33.6850,141.1200,4.775e-08
Metal1,33.0350,164.6400,Metal1,34.8050,164.6400,8.415e-10
Metal1,33.0350,172.4800,Metal1,34.8050,172.4800,4.888e-10
Metal1,33.1250,211.6800,Metal1,33.3550,211.6800,1.239e-07
Metal1,33.1250,219.5200,Metal1,33.3550,219.5200,4.543e-11
Metal1,33.1700,117.6000,Metal1,33.2850,117.6000,3.390e-08
Metal1,33.2150,148.9600,Metal1,37.3100,148.9600,1.762e-09
Metal1,33.2500,47.0400,Metal1,33.4800,47.0400,2.083e-06
Metal1,33.2850,117.6000,Metal1,33.5150,117.6000,9.342e-08
Metal1,33.2850,156.8000,Metal1,33.5150,156.8000,2.089e-06
Metal1,33.3550,211.6800,Metal1,33.6850,211.6800,2.261e-06
Metal1,33.3550,219.5200,Metal1,35.3650,219.5200,3.299e-13
Metal1,33.4800,47.0400,Metal1,35.9250,47.0400,1.263e-07
Metal1,33.5150,117.6000,Metal1,37.8250,117.6000,3.880e-09
Metal1,33.5150,156.8000,Metal1,33.7900,156.8000,2.089e-06
Metal1,33.6850,23.5200,Metal1,33.9150,23.5200,3.711e-13
Metal1,33.6850,31.3600,Metal1,33.9150,31.3600,2.969e-13
Metal1,33.6850,39.2000,Metal1,33.9150,39.2000,2.227e-13
Metal1,33.6850,54.8800,Metal1,33.9150,54.8800,2.969e-13
Metal1,33.6850,62.7200,Metal1,33.9150,62.7200,1.021e-07
Metal1,33.6850,70.5600,Metal1,33.9150,70.5600,1.023e-07
Metal1,33.6850,78.4000,Metal1,33.9150,78.4000,1.023e-07
Metal1,33.6850,86.2400,Metal1,33.9150,86.2400,1.022e-07
Metal1,33.6850,94.0800,Metal1,33.9150,94.0800,1.022e-07
Metal1,33.6850,101.9200,Metal1,33.9150,101.9200,2.405e-09
Metal1,33.6850,109.7600,Metal1,33.9150,109.7600,1.091e-11
Metal1,33.6850,141.1200,Metal1,33.9150,141.1200,2.747e-07
Metal1,33.6850,196.0000,Metal1,33.9150,196.0000,6.881e-06
Metal1,33.6850,211.6800,Metal1,33.9150,211.6800,4.870e-07
Metal1,33.7900,156.8000,Metal1,34.1300,156.8000,4.362e-06
Metal1,33.9150,23.5200,Metal1,34.2450,23.5200,5.132e-12
Metal1,33.9150,31.3600,Metal1,34.2450,31.3600,5.132e-12
Metal1,33.9150,39.2000,Metal1,34.2450,39.2000,5.186e-12
Metal1,33.9150,54.8800,Metal1,34.2450,54.8800,5.186e-12
Metal1,33.9150,62.7200,Metal1,35.0450,62.7200,3.326e-06
Metal1,33.9150,70.5600,Metal1,35.0450,70.5600,3.330e-06
Metal1,33.9150,78.4000,Metal1,35.0450,78.4000,3.330e-06
Metal1,33.9150,86.2400,Metal1,35.0450,86.2400,3.326e-06
Metal1,33.9150,94.0800,Metal1,35.0450,94.0800,3.326e-06
Metal1,33.9150,101.9200,Metal1,34.8650,101.9200,8.994e-06
Metal1,33.9150,109.7600,Metal1,34.2450,109.7600,1.946e-10
Metal1,33.9150,141.1200,Metal1,34.4050,141.1200,2.747e-07
Metal1,33.9150,196.0000,Metal1,35.3650,196.0000,1.134e-06
Metal1,33.9150,211.6800,Metal1,35.3650,211.6800,4.870e-07
Metal1,33.9500,203.8400,Metal1,34.2900,203.8400,1.126e-09
Metal1,34.1300,156.8000,Metal1,35.7850,156.8000,4.410e-07
Metal1,34.2050,15.6800,Metal1,34.4350,15.6800,1.805e-08
Metal1,34.2450,23.5200,Metal1,34.4750,23.5200,1.113e-12
Metal1,34.2450,31.3600,Metal1,34.4750,31.3600,1.113e-12
Metal1,34.2450,39.2000,Metal1,34.4750,39.2000,1.113e-12
Metal1,34.2450,54.8800,Metal1,34.4750,54.8800,1.113e-12
Metal1,34.2450,109.7600,Metal1,34.4750,109.7600,4.548e-10
Metal1,34.2450,125.4400,Metal1,34.2500,126.0050,6.690e-10
Metal1,34.2450,180.3200,Metal1,34.4750,180.3200,6.318e-08
Metal1,34.2500,126.0050,Metal1,34.4750,124.9725,2.238e-07
Metal1,34.2900,203.8400,Metal1,34.8050,203.8400,1.114e-10
Metal1,34.4050,141.1200,Metal1,34.6350,141.1200,3.352e-07
Metal1,34.4350,15.6800,Metal1,35.9250,15.6800,2.849e-09
Metal1,34.4750,23.5200,Metal1,35.9250,23.5200,1.107e-12
Metal1,34.4750,31.3600,Metal1,35.9250,31.3600,1.103e-12
Metal1,34.4750,39.2000,Metal1,35.9250,39.2000,1.119e-12
Metal1,34.4750,54.8800,Metal1,35.9250,54.8800,1.115e-12
Metal1,34.4750,109.7600,Metal1,34.9700,109.7600,4.549e-10
Metal1,34.4750,124.9725,Metal1,34.5900,125.4400,2.238e-07
Metal1,34.4750,180.3200,Metal1,35.5300,180.3200,6.319e-08
Metal1,34.5900,125.4400,Metal1,34.9650,125.4400,2.238e-07
Metal1,34.6350,141.1200,Metal1,35.0450,141.1200,3.352e-07
Metal1,34.8050,164.6400,Metal1,35.0350,164.6400,6.181e-07
Metal1,34.8050,172.4800,Metal1,35.0350,172.4800,9.435e-08
Metal1,34.8050,203.8400,Metal1,35.0350,203.8400,8.091e-12
Metal1,34.8100,188.1600,Metal1,35.1500,188.1600,2.398e-08
Metal1,34.8650,101.9200,Metal1,35.0950,101.9200,8.965e-06
Metal1,34.9650,125.4400,Metal1,35.1950,125.4400,1.145e-08
Metal1,34.9700,109.7600,Metal1,35.2000,109.7600,1.984e-10
Metal1,35.0350,164.6400,Metal1,35.0450,164.6400,6.181e-07
Metal1,35.0350,172.4800,Metal1,35.0450,172.4800,9.435e-08
Metal1,35.0350,203.8400,Metal1,37.0450,203.8400,4.272e-13
Metal1,35.0450,62.7200,Metal1,35.2750,62.7200,4.724e-06
Metal1,35.0450,70.5600,Metal1,35.2750,70.5600,4.730e-06
Metal1,35.0450,78.4000,Metal1,35.2750,78.4000,4.730e-06
Metal1,35.0450,86.2400,Metal1,35.2750,86.2400,4.724e-06
Metal1,35.0450,94.0800,Metal1,35.2750,94.0800,4.724e-06
Metal1,35.0450,133.2800,Metal1,35.2750,133.2800,3.437e-05
Metal1,35.0450,141.1200,Metal1,35.2750,141.1200,1.287e-06
Metal1,35.0450,164.6400,Metal1,35.2750,164.6400,3.918e-08
Metal1,35.0450,172.4800,Metal1,35.2750,172.4800,2.347e-06
Metal1,35.0950,101.9200,Metal1,35.9250,101.9200,8.965e-06
Metal1,35.1500,188.1600,Metal1,37.0450,188.1600,1.676e-10
Metal1,35.1950,125.4400,Metal1,38.4700,125.4400,3.869e-07
Metal1,35.2000,109.7600,Metal1,35.9250,109.7600,1.984e-10
Metal1,35.2750,62.7200,Metal1,35.9250,62.7200,4.724e-06
Metal1,35.2750,70.5600,Metal1,35.9250,70.5600,4.730e-06
Metal1,35.2750,78.4000,Metal1,35.9250,78.4000,4.730e-06
Metal1,35.2750,86.2400,Metal1,35.9250,86.2400,4.724e-06
Metal1,35.2750,94.0800,Metal1,35.9250,94.0800,4.724e-06
Metal1,35.2750,133.2800,Metal1,37.2850,133.2800,2.464e-06
Metal1,35.2750,141.1200,Metal1,36.7650,141.1200,2.730e-09
Metal1,35.2750,164.6400,Metal1,37.0450,164.6400,3.918e-08
Metal1,35.2750,172.4800,Metal1,36.6450,172.4800,2.347e-06
Metal1,35.3650,196.0000,Metal1,35.5950,196.0000,2.546e-07
Metal1,35.3650,211.6800,Metal1,35.5950,211.6800,1.824e-06
Metal1,35.3650,219.5200,Metal1,35.5950,219.5200,5.530e-11
Metal1,35.5300,180.3200,Metal1,35.7600,180.3200,4.368e-08
Metal1,35.5950,196.0000,Metal1,35.9250,196.0000,4.690e-06
Metal1,35.5950,211.6800,Metal1,35.9250,211.6800,1.824e-06
Metal1,35.5950,219.5200,Metal1,37.3500,219.5200,6.538e-11
Metal1,35.7600,180.3200,Metal1,36.4850,180.3200,4.368e-08
Metal1,35.7850,156.8000,Metal1,36.0150,156.8000,9.303e-10
Metal1,35.9250,15.6800,Metal1,36.1550,15.6800,3.212e-07
Metal1,35.9250,23.5200,Metal1,36.1550,23.5200,4.380e-12
Metal1,35.9250,31.3600,Metal1,36.1550,31.3600,4.305e-12
Metal1,35.9250,39.2000,Metal1,36.1550,39.2000,4.380e-12
Metal1,35.9250,47.0400,Metal1,36.1550,47.0400,2.329e-05
Metal1,35.9250,54.8800,Metal1,36.1550,54.8800,4.380e-12
Metal1,35.9250,62.7200,Metal1,36.1550,62.7200,3.082e-06
Metal1,35.9250,70.5600,Metal1,36.1550,70.5600,3.086e-06
Metal1,35.9250,78.4000,Metal1,36.1550,78.4000,3.086e-06
Metal1,35.9250,86.2400,Metal1,36.1550,86.2400,3.082e-06
Metal1,35.9250,94.0800,Metal1,36.1550,94.0800,3.082e-06
Metal1,35.9250,101.9200,Metal1,36.1550,101.9200,8.246e-06
Metal1,35.9250,109.7600,Metal1,36.1550,109.7600,1.724e-10
Metal1,35.9250,196.0000,Metal1,36.1550,196.0000,1.056e-06
Metal1,35.9250,211.6800,Metal1,36.1550,211.6800,5.313e-07
Metal1,36.0150,156.8000,Metal1,38.4700,156.8000,9.507e-10
Metal1,36.1550,15.6800,Metal1,36.2450,15.6800,3.212e-07
Metal1,36.1550,23.5200,Metal1,36.4850,23.5200,4.288e-12
Metal1,36.1550,31.3600,Metal1,36.4850,31.3600,4.324e-12
Metal1,36.1550,39.2000,Metal1,36.4850,39.2000,4.342e-12
Metal1,36.1550,47.0400,Metal1,38.4700,47.0400,2.329e-05
Metal1,36.1550,54.8800,Metal1,36.4850,54.8800,4.324e-12
Metal1,36.1550,62.7200,Metal1,37.2850,62.7200,3.082e-06
Metal1,36.1550,70.5600,Metal1,37.2850,70.5600,3.086e-06
Metal1,36.1550,78.4000,Metal1,37.2850,78.4000,3.086e-06
Metal1,36.1550,86.2400,Metal1,37.2850,86.2400,3.082e-06
Metal1,36.1550,94.0800,Metal1,37.2850,94.0800,3.082e-06
Metal1,36.1550,101.9200,Metal1,37.1050,101.9200,8.246e-06
Metal1,36.1550,109.7600,Metal1,37.0100,109.7600,1.724e-10
Metal1,36.1550,196.0000,Metal1,37.6050,196.0000,1.056e-06
Metal1,36.1550,211.6800,Metal1,37.6050,211.6800,5.313e-07
Metal1,36.2450,15.6800,Metal1,36.4750,15.6800,9.442e-06
Metal1,36.4750,15.6800,Metal1,37.3500,15.6800,9.442e-06
Metal1,36.4850,23.5200,Metal1,36.7150,23.5200,8.388e-12
Metal1,36.4850,31.3600,Metal1,36.7150,31.3600,8.314e-12
Metal1,36.4850,39.2000,Metal1,36.7150,39.2000,8.314e-12
Metal1,36.4850,54.8800,Metal1,36.7150,54.8800,8.388e-12
Metal1,36.4850,180.3200,Metal1,36.7150,180.3200,7.786e-08
Metal1,36.6450,172.4800,Metal1,36.8750,172.4800,6.658e-06
Metal1,36.7150,23.5200,Metal1,38.1650,23.5200,1.650e-12
Metal1,36.7150,31.3600,Metal1,38.1650,31.3600,1.654e-12
Metal1,36.7150,39.2000,Metal1,38.1650,39.2000,1.650e-12
Metal1,36.7150,54.8800,Metal1,38.1650,54.8800,1.658e-12
Metal1,36.7150,180.3200,Metal1,37.5700,180.3200,7.786e-08
Metal1,36.7650,141.1200,Metal1,36.9950,141.1200,1.902e-06
Metal1,36.8750,172.4800,Metal1,37.2850,172.4800,6.658e-06
Metal1,36.9950,141.1200,Metal1,37.2850,141.1200,1.902e-06
Metal1,37.0100,109.7600,Metal1,37.2400,109.7600,3.150e-10
Metal1,37.0450,164.6400,Metal1,37.2750,164.6400,2.321e-06
Metal1,37.0450,188.1600,Metal1,37.2750,188.1600,2.399e-08
Metal1,37.0450,203.8400,Metal1,37.2750,203.8400,1.219e-10
Metal1,37.1050,101.9200,Metal1,37.3350,101.9200,9.373e-06
Metal1,37.2400,109.7600,Metal1,38.1650,109.7600,3.247e-10
Metal1,37.2750,164.6400,Metal1,37.2850,164.6400,2.321e-06
Metal1,37.2750,188.1600,Metal1,38.4700,188.1600,2.400e-08
Metal1,37.2750,203.8400,Metal1,38.4700,203.8400,1.310e-10
Metal1,37.2850,62.7200,Metal1,37.5150,62.7200,5.034e-06
Metal1,37.2850,70.5600,Metal1,37.5150,70.5600,5.040e-06
Metal1,37.2850,78.4000,Metal1,37.5150,78.4000,5.040e-06
Metal1,37.2850,86.2400,Metal1,37.5150,86.2400,5.034e-06
Metal1,37.2850,94.0800,Metal1,37.5150,94.0800,5.034e-06
Metal1,37.2850,133.2800,Metal1,37.5150,133.2800,7.674e-06
Metal1,37.2850,141.1200,Metal1,37.5150,141.1200,8.004e-05
Metal1,37.2850,164.6400,Metal1,37.5150,164.6400,4.545e-05
Metal1,37.2850,172.4800,Metal1,37.5150,172.4800,3.594e-05
Metal1,37.3100,148.9600,Metal1,37.6050,148.5000,2.013e-12
Metal1,37.3350,101.9200,Metal1,38.1650,101.9200,9.373e-06
Metal1,37.3500,15.6800,Metal1,37.6900,15.6800,9.442e-06
Metal1,37.3500,219.5200,Metal1,37.6900,219.5200,7.564e-11
Metal1,37.5150,62.7200,Metal1,38.1650,62.7200,5.034e-06
Metal1,37.5150,70.5600,Metal1,38.1650,70.5600,5.040e-06
Metal1,37.5150,78.4000,Metal1,38.1650,78.4000,5.040e-06
Metal1,37.5150,86.2400,Metal1,38.1650,86.2400,5.034e-06
Metal1,37.5150,94.0800,Metal1,38.1650,94.0800,5.034e-06
Metal1,37.5150,133.2800,Metal1,38.1300,133.2800,7.674e-06
Metal1,37.5150,141.1200,Metal1,38.4700,141.1200,8.004e-05
Metal1,37.5150,164.6400,Metal1,38.4700,164.6400,4.545e-05
Metal1,37.5150,172.4800,Metal1,38.4700,172.4800,4.555e-05
Metal1,37.5700,180.3200,Metal1,37.8000,180.3200,5.603e-06
Metal1,37.6050,148.5000,Metal1,37.6500,149.5250,2.009e-12
Metal1,37.6050,196.0000,Metal1,37.8350,196.0000,6.881e-06
Metal1,37.6050,211.6800,Metal1,37.8350,211.6800,8.000e-06
Metal1,37.6500,149.5250,Metal1,37.8350,148.9600,7.044e-09
Metal1,37.6900,15.6800,Metal1,38.4700,15.6800,9.442e-06
Metal1,37.6900,219.5200,Metal1,39.8450,219.5200,7.559e-11
Metal1,37.8000,180.3200,Metal1,38.4700,180.3200,5.603e-06
Metal1,37.8250,117.6000,Metal1,38.0550,117.6000,6.723e-08
Metal1,37.8350,148.9600,Metal1,38.4700,148.9600,7.044e-09
Metal1,37.8350,196.0000,Metal1,38.4700,196.0000,6.881e-06
Metal1,37.8350,211.6800,Metal1,38.4700,211.6800,8.000e-06
Metal1,38.0550,117.6000,Metal1,38.4700,117.6000,6.723e-08
Metal1,38.1300,133.2800,Metal1,38.3600,133.2800,4.484e-05
Metal1,38.1650,23.5200,Metal1,38.3950,23.5200,1.017e-11
Metal1,38.1650,31.3600,Metal1,38.3950,31.3600,1.017e-11
Metal1,38.1650,39.2000,Metal1,38.3950,39.2000,1.017e-11
Metal1,38.1650,54.8800,Metal1,38.3950,54.8800,1.017e-11
Metal1,38.1650,62.7200,Metal1,38.3950,62.7200,8.857e-08
Metal1,38.1650,70.5600,Metal1,38.3950,70.5600,8.868e-08
Metal1,38.1650,78.4000,Metal1,38.3950,78.4000,8.868e-08
Metal1,38.1650,86.2400,Metal1,38.3950,86.2400,8.857e-08
Metal1,38.1650,94.0800,Metal1,38.3950,94.0800,8.857e-08
Metal1,38.1650,101.9200,Metal1,38.3950,101.9200,1.866e-07
Metal1,38.1650,109.7600,Metal1,38.3950,109.7600,3.192e-11
Metal1,38.3600,133.2800,Metal1,38.4700,133.2800,4.484e-05
Metal1,38.3950,23.5200,Metal1,38.4700,23.5200,1.011e-11
Metal1,38.3950,31.3600,Metal1,38.4700,31.3600,1.011e-11
Metal1,38.3950,39.2000,Metal1,38.4700,39.2000,1.018e-11
Metal1,38.3950,54.8800,Metal1,38.4700,54.8800,1.011e-11
Metal1,38.3950,62.7200,Metal1,38.4700,62.7200,8.857e-08
Metal1,38.3950,70.5600,Metal1,38.4700,70.5600,8.868e-08
Metal1,38.3950,78.4000,Metal1,38.4700,78.4000,8.868e-08
Metal1,38.3950,86.2400,Metal1,38.4700,86.2400,8.857e-08
Metal1,38.3950,94.0800,Metal1,38.4700,94.0800,8.857e-08
Metal1,38.3950,101.9200,Metal1,38.4700,101.9200,1.866e-07
Metal1,38.3950,109.7600,Metal1,38.4700,109.7600,3.205e-11
Metal1,38.4700,15.6800,Metal1,38.8100,15.6800,9.442e-06
Metal1,38.4700,23.5200,Metal1,38.8100,23.5200,1.130e-12
Metal1,38.4700,31.3600,Metal1,38.8100,31.3600,1.196e-12
Metal1,38.4700,39.2000,Metal1,38.8100,39.2000,1.196e-12
Metal1,38.4700,47.0400,Metal1,38.8100,47.0400,2.329e-05
Metal1,38.4700,54.8800,Metal1,38.8100,54.8800,1.130e-12
Metal1,38.4700,62.7200,Metal1,38.8100,62.7200,8.858e-08
Metal1,38.4700,70.5600,Metal1,38.8100,70.5600,8.869e-08
Metal1,38.4700,78.4000,Metal1,38.8100,78.4000,8.869e-08
Metal1,38.4700,86.2400,Metal1,38.8100,86.2400,8.858e-08
Metal1,38.4700,94.0800,Metal1,38.8100,94.0800,8.858e-08
Metal1,38.4700,101.9200,Metal1,38.8100,101.9200,1.866e-07
Metal1,38.4700,109.7600,Metal1,38.8100,109.7600,4.320e-11
Metal1,38.4700,117.6000,Metal1,38.8100,117.6000,6.724e-08
Metal1,38.4700,125.4400,Metal1,38.8100,125.4400,1.821e-08
Metal1,38.4700,133.2800,Metal1,38.8100,133.2800,4.484e-05
Metal1,38.4700,141.1200,Metal1,38.8100,141.1200,8.004e-05
Metal1,38.4700,148.9600,Metal1,38.8100,148.9600,7.054e-09
Metal1,38.4700,156.8000,Metal1,38.8100,156.8000,9.613e-10
Metal1,38.4700,164.6400,Metal1,38.8100,164.6400,4.545e-05
Metal1,38.4700,172.4800,Metal1,38.8100,172.4800,4.555e-05
Metal1,38.4700,180.3200,Metal1,38.7250,181.1650,5.603e-06
Metal1,38.4700,188.1600,Metal1,38.8100,188.1600,2.401e-08
Metal1,38.4700,196.0000,Metal1,38.8100,196.0000,6.881e-06
Metal1,38.4700,203.8400,Metal1,38.8100,203.8400,1.416e-10
Metal1,38.4700,211.6800,Metal1,38.8100,211.6800,8.000e-06
Metal1,38.7250,181.1650,Metal1,38.8100,179.7550,5.603e-06
Metal1,38.8100,15.6800,Metal1,39.8450,15.6800,9.442e-06
Metal1,38.8100,23.5200,Metal1,40.4050,23.5200,1.155e-12
Metal1,38.8100,31.3600,Metal1,40.4050,31.3600,1.151e-12
Metal1,38.8100,39.2000,Metal1,40.4050,39.2000,1.158e-12
Metal1,38.8100,47.0400,Metal1,40.9650,47.0400,2.329e-05
Metal1,38.8100,54.8800,Metal1,40.4050,54.8800,1.155e-12
Metal1,38.8100,62.7200,Metal1,40.4050,62.7200,8.858e-08
Metal1,38.8100,70.5600,Metal1,40.4050,70.5600,8.869e-08
Metal1,38.8100,78.4000,Metal1,40.4050,78.4000,8.869e-08
Metal1,38.8100,86.2400,Metal1,40.4050,86.2400,8.858e-08
Metal1,38.8100,94.0800,Metal1,40.4050,94.0800,8.858e-08
Metal1,38.8100,101.9200,Metal1,40.4050,101.9200,1.866e-07
Metal1,38.8100,109.7600,Metal1,40.4050,109.7600,4.326e-11
Metal1,38.8100,117.6000,Metal1,39.5650,117.6000,6.724e-08
Metal1,38.8100,125.4400,Metal1,40.5100,125.4400,1.821e-08
Metal1,38.8100,133.2800,Metal1,40.9650,133.2800,4.484e-05
Metal1,38.8100,141.1200,Metal1,40.4050,141.1200,1.316e-05
Metal1,38.8100,148.9600,Metal1,40.9650,148.9600,7.054e-09
Metal1,38.8100,156.8000,Metal1,40.1100,156.8000,9.614e-10
Metal1,38.8100,164.6400,Metal1,39.2850,164.6400,4.545e-05
Metal1,38.8100,172.4800,Metal1,40.9650,172.4800,4.555e-05
Metal1,38.8100,179.7550,Metal1,38.9550,180.3200,1.594e-08
Metal1,38.8100,188.1600,Metal1,40.5100,188.1600,1.429e-06
Metal1,38.8100,196.0000,Metal1,40.9650,196.0000,1.029e-06
Metal1,38.8100,203.8400,Metal1,38.9450,203.8400,1.416e-10
Metal1,38.8100,211.6800,Metal1,39.8450,211.6800,1.017e-07
Metal1,38.9450,203.8400,Metal1,39.1750,203.8400,3.765e-08
Metal1,38.9550,180.3200,Metal1,40.9650,180.3200,1.851e-08
Metal1,39.1750,203.8400,Metal1,40.6850,203.8400,3.765e-08
Metal1,39.2850,164.6400,Metal1,39.5150,164.6400,3.621e-06
Metal1,39.5150,164.6400,Metal1,40.9650,164.6400,5.121e-06
Metal1,39.5650,117.6000,Metal1,39.7950,117.6000,1.371e-05
Metal1,39.7950,117.6000,Metal1,40.9650,117.6000,1.371e-05
Metal1,39.8450,15.6800,Metal1,40.0750,15.6800,1.363e-06
Metal1,39.8450,211.6800,Metal1,40.0750,211.6800,8.000e-06
Metal1,39.8450,219.5200,Metal1,40.0750,219.5200,2.227e-13
Metal1,40.0750,15.6800,Metal1,40.9650,15.6800,1.363e-06
Metal1,40.0750,211.6800,Metal1,40.9650,211.6800,8.000e-06
Metal1,40.0750,219.5200,Metal1,42.0850,219.5200,2.386e-13
Metal1,40.1100,156.8000,Metal1,40.4500,156.8000,1.299e-07
Metal1,40.4050,23.5200,Metal1,40.6350,23.5200,4.513e-11
Metal1,40.4050,31.3600,Metal1,40.6350,31.3600,4.521e-11
Metal1,40.4050,39.2000,Metal1,40.6350,39.2000,4.454e-11
Metal1,40.4050,54.8800,Metal1,40.6350,54.8800,4.521e-11
Metal1,40.4050,62.7200,Metal1,40.6350,62.7200,1.958e-05
Metal1,40.4050,70.5600,Metal1,40.6350,70.5600,1.960e-05
Metal1,40.4050,78.4000,Metal1,40.6350,78.4000,1.960e-05
Metal1,40.4050,86.2400,Metal1,40.6350,86.2400,1.958e-05
Metal1,40.4050,94.0800,Metal1,40.6350,94.0800,1.958e-05
Metal1,40.4050,101.9200,Metal1,40.6350,101.9200,4.247e-05
Metal1,40.4050,109.7600,Metal1,40.6350,109.7600,1.142e-08
Metal1,40.4050,141.1200,Metal1,40.6350,141.1200,4.904e-05
Metal1,40.4500,156.8000,Metal1,40.9650,156.8000,2.874e-06
Metal1,40.5100,125.4400,Metal1,40.6700,125.7850,1.821e-08
Metal1,40.5100,188.1600,Metal1,40.8500,188.1600,4.447e-06
Metal1,40.6350,23.5200,Metal1,40.9650,23.5200,4.522e-11
Metal1,40.6350,31.3600,Metal1,40.9650,31.3600,4.520e-11
Metal1,40.6350,39.2000,Metal1,40.9650,39.2000,4.459e-11
Metal1,40.6350,54.8800,Metal1,40.9650,54.8800,4.523e-11
Metal1,40.6350,62.7200,Metal1,40.9650,62.7200,1.958e-05
Metal1,40.6350,70.5600,Metal1,40.9650,70.5600,1.960e-05
Metal1,40.6350,78.4000,Metal1,40.9650,78.4000,1.960e-05
Metal1,40.6350,86.2400,Metal1,40.9650,86.2400,1.958e-05
Metal1,40.6350,94.0800,Metal1,40.9650,94.0800,1.958e-05
Metal1,40.6350,101.9200,Metal1,40.9650,101.9200,4.247e-05
Metal1,40.6350,109.7600,Metal1,40.9650,109.7600,1.142e-08
Metal1,40.6350,141.1200,Metal1,40.9650,141.1200,4.904e-05
Metal1,40.6700,125.7850,Metal1,40.8500,125.0250,9.608e-09
Metal1,40.6850,203.8400,Metal1,40.9150,203.8400,9.095e-06
Metal1,40.8500,125.0250,Metal1,41.0100,125.4400,9.608e-09
Metal1,40.8500,188.1600,Metal1,41.2300,188.1600,4.447e-06
Metal1,40.9150,203.8400,Metal1,40.9650,203.8400,9.095e-06
Metal1,40.9650,15.6800,Metal1,41.1950,15.6800,1.299e-06
Metal1,40.9650,23.5200,Metal1,41.1950,23.5200,1.210e-11
Metal1,40.9650,31.3600,Metal1,41.1950,31.3600,1.210e-11
Metal1,40.9650,39.2000,Metal1,41.1950,39.2000,1.188e-11
Metal1,40.9650,47.0400,Metal1,41.1950,47.0400,3.760e-08
Metal1,40.9650,54.8800,Metal1,41.1950,54.8800,1.203e-11
Metal1,40.9650,62.7200,Metal1,41.1950,62.7200,5.220e-06
Metal1,40.9650,70.5600,Metal1,41.1950,70.5600,5.227e-06
Metal1,40.9650,78.4000,Metal1,41.1950,78.4000,5.227e-06
Metal1,40.9650,86.2400,Metal1,41.1950,86.2400,5.221e-06
Metal1,40.9650,94.0800,Metal1,41.1950,94.0800,5.221e-06
Metal1,40.9650,101.9200,Metal1,41.1950,101.9200,1.133e-05
Metal1,40.9650,109.7600,Metal1,41.1950,109.7600,3.046e-09
Metal1,40.9650,117.6000,Metal1,41.1950,117.6000,4.350e-08
Metal1,40.9650,133.2800,Metal1,41.1950,133.2800,7.240e-08
Metal1,40.9650,141.1200,Metal1,41.1950,141.1200,1.784e-05
Metal1,40.9650,148.9600,Metal1,41.1950,148.9600,1.600e-09
Metal1,40.9650,156.8000,Metal1,41.1950,156.8000,8.913e-09
Metal1,40.9650,164.6400,Metal1,41.1950,164.6400,1.749e-05
Metal1,40.9650,172.4800,Metal1,41.1950,172.4800,9.440e-06
Metal1,40.9650,180.3200,Metal1,41.1950,180.3200,5.055e-07
Metal1,40.9650,196.0000,Metal1,41.1950,196.0000,1.431e-06
Metal1,40.9650,203.8400,Metal1,41.1950,203.8400,2.927e-08
Metal1,40.9650,211.6800,Metal1,41.1950,211.6800,5.800e-07
Metal1,41.0100,125.4400,Metal1,42.5050,125.4400,9.608e-09
Metal1,41.1950,15.6800,Metal1,42.0850,15.6800,1.299e-06
Metal1,41.1950,23.5200,Metal1,42.6450,23.5200,1.204e-11
Metal1,41.1950,31.3600,Metal1,42.6450,31.3600,1.205e-11
Metal1,41.1950,39.2000,Metal1,42.6450,39.2000,1.189e-11
Metal1,41.1950,47.0400,Metal1,43.2050,47.0400,3.760e-08
Metal1,41.1950,54.8800,Metal1,42.6450,54.8800,1.205e-11
Metal1,41.1950,62.7200,Metal1,42.6450,62.7200,5.220e-06
Metal1,41.1950,70.5600,Metal1,42.6450,70.5600,5.227e-06
Metal1,41.1950,78.4000,Metal1,42.6450,78.4000,5.227e-06
Metal1,41.1950,86.2400,Metal1,42.6450,86.2400,5.221e-06
Metal1,41.1950,94.0800,Metal1,42.6450,94.0800,5.221e-06
Metal1,41.1950,101.9200,Metal1,42.6450,101.9200,1.133e-05
Metal1,41.1950,109.7600,Metal1,42.6450,109.7600,3.046e-09
Metal1,41.1950,117.6000,Metal1,43.2050,117.6000,4.350e-08
Metal1,41.1950,133.2800,Metal1,43.2050,133.2800,7.240e-08
Metal1,41.1950,141.1200,Metal1,42.2450,141.1200,1.784e-05
Metal1,41.1950,148.9600,Metal1,42.3050,148.9600,2.940e-08
Metal1,41.1950,156.8000,Metal1,43.2050,156.8000,8.913e-09
Metal1,41.1950,164.6400,Metal1,41.5250,164.6400,1.749e-05
Metal1,41.1950,172.4800,Metal1,41.5250,172.4800,9.440e-06
Metal1,41.1950,180.3200,Metal1,41.6850,180.3200,9.328e-07
Metal1,41.1950,196.0000,Metal1,42.6100,196.0000,1.431e-06
Metal1,41.1950,203.8400,Metal1,43.2050,203.8400,2.927e-08
Metal1,41.1950,211.6800,Metal1,42.2500,211.6800,1.006e-07
Metal1,41.2300,188.1600,Metal1,41.5700,188.1600,2.243e-06
Metal1,41.5250,164.6400,Metal1,41.7550,164.6400,2.283e-05
Metal1,41.5250,172.4800,Metal1,41.7550,172.4800,2.358e-06
Metal1,41.5700,188.1600,Metal1,42.5050,188.1600,2.243e-06
Metal1,41.6850,180.3200,Metal1,41.9150,180.3200,3.754e-08
Metal1,41.7550,164.6400,Metal1,43.2050,164.6400,3.769e-06
Metal1,41.7550,172.4800,Metal1,43.2050,172.4800,2.358e-06
Metal1,41.9150,180.3200,Metal1,43.2050,180.3200,3.979e-07
Metal1,42.0850,15.6800,Metal1,42.3150,15.6800,8.942e-09
Metal1,42.0850,219.5200,Metal1,42.3150,219.5200,0.000e+00
Metal1,42.2450,141.1200,Metal1,42.4750,141.1200,1.346e-06
Metal1,42.2500,211.6800,Metal1,42.4800,211.6800,6.236e-08
Metal1,42.3050,148.9600,Metal1,42.5350,148.9600,4.366e-08
Metal1,42.3150,15.6800,Metal1,43.2050,15.6800,1.424e-06
Metal1,42.3150,219.5200,Metal1,44.3250,219.5200,2.946e-15
Metal1,42.4750,141.1200,Metal1,42.6450,141.1200,1.346e-06
Metal1,42.4800,211.6800,Metal1,43.2050,211.6800,6.236e-08
Metal1,42.5050,125.4400,Metal1,42.7350,125.4400,1.807e-11
Metal1,42.5050,188.1600,Metal1,42.7350,188.1600,3.526e-09
Metal1,42.5350,148.9600,Metal1,43.2050,148.9600,4.366e-08
Metal1,42.6100,196.0000,Metal1,42.8400,196.0000,4.758e-06
Metal1,42.6450,23.5200,Metal1,42.8750,23.5200,4.513e-11
Metal1,42.6450,31.3600,Metal1,42.8750,31.3600,4.521e-11
Metal1,42.6450,39.2000,Metal1,42.8750,39.2000,4.454e-11
Metal1,42.6450,54.8800,Metal1,42.8750,54.8800,4.513e-11
Metal1,42.6450,62.7200,Metal1,42.8750,62.7200,1.958e-05
Metal1,42.6450,70.5600,Metal1,42.8750,70.5600,1.960e-05
Metal1,42.6450,78.4000,Metal1,42.8750,78.4000,1.960e-05
Metal1,42.6450,86.2400,Metal1,42.8750,86.2400,1.958e-05
Metal1,42.6450,94.0800,Metal1,42.8750,94.0800,1.958e-05
Metal1,42.6450,101.9200,Metal1,42.8750,101.9200,4.253e-05
Metal1,42.6450,109.7600,Metal1,42.8750,109.7600,1.144e-08
Metal1,42.6450,141.1200,Metal1,42.8750,141.1200,1.248e-06
Metal1,42.7350,125.4400,Metal1,46.5650,125.4400,1.805e-11
Metal1,42.7350,188.1600,Metal1,46.8300,188.1600,3.526e-09
Metal1,42.8400,196.0000,Metal1,43.2050,196.0000,4.758e-06
Metal1,42.8750,23.5200,Metal1,43.2050,23.5200,4.514e-11
Metal1,42.8750,31.3600,Metal1,43.2050,31.3600,4.516e-11
Metal1,42.8750,39.2000,Metal1,43.2050,39.2000,4.455e-11
Metal1,42.8750,54.8800,Metal1,43.2050,54.8800,4.520e-11
Metal1,42.8750,62.7200,Metal1,43.2050,62.7200,1.958e-05
Metal1,42.8750,70.5600,Metal1,43.2050,70.5600,1.960e-05
Metal1,42.8750,78.4000,Metal1,43.2050,78.4000,1.960e-05
Metal1,42.8750,86.2400,Metal1,43.2050,86.2400,1.958e-05
Metal1,42.8750,94.0800,Metal1,43.2050,94.0800,1.958e-05
Metal1,42.8750,101.9200,Metal1,43.2050,101.9200,4.253e-05
Metal1,42.8750,109.7600,Metal1,43.2050,109.7600,1.144e-08
Metal1,42.8750,141.1200,Metal1,44.8850,141.1200,1.490e-07
Metal1,43.2050,15.6800,Metal1,43.4350,15.6800,6.869e-10
Metal1,43.2050,23.5200,Metal1,43.4350,23.5200,4.454e-13
Metal1,43.2050,31.3600,Metal1,43.4350,31.3600,4.454e-13
Metal1,43.2050,39.2000,Metal1,43.4350,39.2000,4.454e-13
Metal1,43.2050,47.0400,Metal1,43.4350,47.0400,2.286e-09
Metal1,43.2050,54.8800,Metal1,43.4350,54.8800,3.711e-13
Metal1,43.2050,62.7200,Metal1,43.4350,62.7200,8.040e-08
Metal1,43.2050,70.5600,Metal1,43.4350,70.5600,8.050e-08
Metal1,43.2050,78.4000,Metal1,43.4350,78.4000,8.050e-08
Metal1,43.2050,86.2400,Metal1,43.4350,86.2400,8.040e-08
Metal1,43.2050,94.0800,Metal1,43.4350,94.0800,8.040e-08
Metal1,43.2050,101.9200,Metal1,43.4350,101.9200,3.690e-06
Metal1,43.2050,109.7600,Metal1,43.4350,109.7600,9.924e-10
Metal1,43.2050,117.6000,Metal1,43.4350,117.6000,6.921e-11
Metal1,43.2050,133.2800,Metal1,43.4350,133.2800,4.402e-09
Metal1,43.2050,148.9600,Metal1,43.4350,148.9600,8.013e-08
Metal1,43.2050,156.8000,Metal1,43.4350,156.8000,6.190e-08
Metal1,43.2050,164.6400,Metal1,43.4350,164.6400,8.462e-07
Metal1,43.2050,172.4800,Metal1,43.4350,172.4800,6.058e-07
Metal1,43.2050,180.3200,Metal1,43.4350,180.3200,6.933e-06
Metal1,43.2050,196.0000,Metal1,43.4350,196.0000,3.412e-07
Metal1,43.2050,203.8400,Metal1,43.4350,203.8400,1.390e-07
Metal1,43.2050,211.6800,Metal1,43.4350,211.6800,1.286e-07
Metal1,43.4350,15.6800,Metal1,44.3250,15.6800,1.414e-06
Metal1,43.4350,23.5200,Metal1,44.8850,23.5200,5.349e-13
Metal1,43.4350,31.3600,Metal1,44.8850,31.3600,5.309e-13
Metal1,43.4350,39.2000,Metal1,44.8850,39.2000,5.268e-13
Metal1,43.4350,47.0400,Metal1,45.4450,47.0400,6.593e-11
Metal1,43.4350,54.8800,Metal1,44.8850,54.8800,4.247e-13
Metal1,43.4350,62.7200,Metal1,44.8850,62.7200,8.040e-08
Metal1,43.4350,70.5600,Metal1,44.8850,70.5600,8.050e-08
Metal1,43.4350,78.4000,Metal1,44.8850,78.4000,8.050e-08
Metal1,43.4350,86.2400,Metal1,44.8850,86.2400,8.040e-08
Metal1,43.4350,94.0800,Metal1,44.8850,94.0800,8.040e-08
Metal1,43.4350,101.9200,Metal1,44.8850,101.9200,9.013e-06
Metal1,43.4350,109.7600,Metal1,44.8850,109.7600,2.424e-09
Metal1,43.4350,117.6000,Metal1,45.4450,117.6000,6.926e-11
Metal1,43.4350,133.2800,Metal1,45.4450,133.2800,1.269e-10
Metal1,43.4350,148.9600,Metal1,44.0450,148.9600,8.013e-08
Metal1,43.4350,156.8000,Metal1,45.1050,156.8000,8.733e-07
Metal1,43.4350,164.6400,Metal1,43.7650,164.6400,1.559e-05
Metal1,43.4350,172.4800,Metal1,43.7650,172.4800,1.082e-05
Metal1,43.4350,180.3200,Metal1,43.9300,180.3200,6.933e-06
Metal1,43.4350,196.0000,Metal1,45.4450,196.0000,7.248e-09
Metal1,43.4350,203.8400,Metal1,44.3250,203.8400,1.912e-06
Metal1,43.4350,211.6800,Metal1,44.2900,211.6800,1.286e-07
Metal1,43.7650,164.6400,Metal1,43.9950,164.6400,3.478e-06
Metal1,43.7650,172.4800,Metal1,43.9950,172.4800,5.963e-07
Metal1,43.9300,180.3200,Metal1,44.1600,180.3200,4.891e-07
Metal1,43.9950,164.6400,Metal1,45.4450,164.6400,3.478e-06
Metal1,43.9950,172.4800,Metal1,45.4450,172.4800,2.490e-06
Metal1,44.0450,148.9600,Metal1,44.2750,148.9600,1.340e-05
Metal1,44.1600,180.3200,Metal1,45.9700,180.3200,3.608e-08
Metal1,44.2750,148.9600,Metal1,45.4450,148.9600,1.510e-07
Metal1,44.2900,211.6800,Metal1,44.5200,211.6800,1.045e-05
Metal1,44.3250,15.6800,Metal1,44.5550,15.6800,1.290e-06
Metal1,44.3250,203.8400,Metal1,44.5550,203.8400,1.743e-06
Metal1,44.3250,219.5200,Metal1,44.5550,219.5200,2.969e-13
Metal1,44.5200,211.6800,Metal1,45.4450,211.6800,1.484e-07
Metal1,44.5550,15.6800,Metal1,45.4450,15.6800,1.290e-06
Metal1,44.5550,203.8400,Metal1,45.4450,203.8400,1.743e-06
Metal1,44.5550,219.5200,Metal1,46.5650,219.5200,2.769e-13
Metal1,44.8850,23.5200,Metal1,45.1150,23.5200,2.672e-12
Metal1,44.8850,31.3600,Metal1,45.1150,31.3600,2.672e-12
Metal1,44.8850,39.2000,Metal1,45.1150,39.2000,2.672e-12
Metal1,44.8850,54.8800,Metal1,45.1150,54.8800,2.227e-12
Metal1,44.8850,62.7200,Metal1,45.1150,62.7200,1.669e-08
Metal1,44.8850,70.5600,Metal1,45.1150,70.5600,1.671e-08
Metal1,44.8850,78.4000,Metal1,45.1150,78.4000,1.671e-08
Metal1,44.8850,86.2400,Metal1,45.1150,86.2400,1.669e-08
Metal1,44.8850,94.0800,Metal1,45.1150,94.0800,1.669e-08
Metal1,44.8850,101.9200,Metal1,45.1150,101.9200,3.133e-05
Metal1,44.8850,109.7600,Metal1,45.1150,109.7600,8.425e-09
Metal1,44.8850,141.1200,Metal1,45.1150,141.1200,2.755e-05
Metal1,45.1050,156.8000,Metal1,45.3350,156.8000,7.148e-06
Metal1,45.1150,23.5200,Metal1,45.4450,23.5200,2.674e-12
Metal1,45.1150,31.3600,Metal1,45.4450,31.3600,2.674e-12
Metal1,45.1150,39.2000,Metal1,45.4450,39.2000,2.638e-12
Metal1,45.1150,54.8800,Metal1,45.4450,54.8800,2.297e-12
Metal1,45.1150,62.7200,Metal1,45.4450,62.7200,1.669e-08
Metal1,45.1150,70.5600,Metal1,45.4450,70.5600,1.671e-08
Metal1,45.1150,78.4000,Metal1,45.4450,78.4000,1.671e-08
Metal1,45.1150,86.2400,Metal1,45.4450,86.2400,1.669e-08
Metal1,45.1150,94.0800,Metal1,45.4450,94.0800,1.669e-08
Metal1,45.1150,101.9200,Metal1,45.4450,101.9200,3.133e-05
Metal1,45.1150,109.7600,Metal1,45.4450,109.7600,8.425e-09
Metal1,45.1150,141.1200,Metal1,46.0050,141.1200,2.755e-05
Metal1,45.3350,156.8000,Metal1,45.4450,156.8000,7.148e-06
Metal1,45.4450,15.6800,Metal1,45.6750,15.6800,1.290e-06
Metal1,45.4450,23.5200,Metal1,45.6750,23.5200,7.423e-13
Metal1,45.4450,31.3600,Metal1,45.6750,31.3600,7.423e-13
Metal1,45.4450,39.2000,Metal1,45.6750,39.2000,7.423e-13
Metal1,45.4450,47.0400,Metal1,45.6750,47.0400,3.760e-08
Metal1,45.4450,54.8800,Metal1,45.6750,54.8800,5.938e-13
Metal1,45.4450,62.7200,Metal1,45.6750,62.7200,4.171e-09
Metal1,45.4450,70.5600,Metal1,45.6750,70.5600,4.176e-09
Metal1,45.4450,78.4000,Metal1,45.6750,78.4000,4.176e-09
Metal1,45.4450,86.2400,Metal1,45.6750,86.2400,4.171e-09
Metal1,45.4450,94.0800,Metal1,45.6750,94.0800,4.171e-09
Metal1,45.4450,101.9200,Metal1,45.6750,101.9200,8.522e-06
Metal1,45.4450,109.7600,Metal1,45.6750,109.7600,2.291e-09
Metal1,45.4450,117.6000,Metal1,45.6750,117.6000,5.991e-10
Metal1,45.4450,133.2800,Metal1,45.6750,133.2800,7.239e-08
Metal1,45.4450,148.9600,Metal1,45.6750,148.9600,1.340e-05
Metal1,45.4450,156.8000,Metal1,45.6750,156.8000,1.152e-06
Metal1,45.4450,164.6400,Metal1,45.6750,164.6400,1.514e-05
Metal1,45.4450,172.4800,Metal1,45.6750,172.4800,8.684e-06
Metal1,45.4450,196.0000,Metal1,45.6750,196.0000,2.019e-07
Metal1,45.4450,203.8400,Metal1,45.6750,203.8400,1.756e-06
Metal1,45.4450,211.6800,Metal1,45.6750,211.6800,1.045e-05
Metal1,45.6750,15.6800,Metal1,46.5650,15.6800,1.290e-06
Metal1,45.6750,23.5200,Metal1,47.1250,23.5200,7.228e-13
Metal1,45.6750,31.3600,Metal1,47.1250,31.3600,7.269e-13
Metal1,45.6750,39.2000,Metal1,47.1250,39.2000,7.187e-13
Metal1,45.6750,47.0400,Metal1,47.6850,47.0400,3.760e-08
Metal1,45.6750,54.8800,Metal1,47.1250,54.8800,6.248e-13
Metal1,45.6750,62.7200,Metal1,47.1250,62.7200,4.171e-09
Metal1,45.6750,70.5600,Metal1,47.1250,70.5600,4.176e-09
Metal1,45.6750,78.4000,Metal1,47.1250,78.4000,4.176e-09
Metal1,45.6750,86.2400,Metal1,47.1250,86.2400,4.171e-09
Metal1,45.6750,94.0800,Metal1,47.1250,94.0800,4.171e-09
Metal1,45.6750,101.9200,Metal1,47.1250,101.9200,8.522e-06
Metal1,45.6750,109.7600,Metal1,47.1250,109.7600,2.291e-09
Metal1,45.6750,117.6000,Metal1,47.6850,117.6000,1.646e-11
Metal1,45.6750,133.2800,Metal1,47.6850,133.2800,7.239e-08
Metal1,45.6750,148.9600,Metal1,46.1700,148.9600,1.340e-05
Metal1,45.6750,156.8000,Metal1,46.8450,156.8000,1.152e-06
Metal1,45.6750,164.6400,Metal1,46.1700,164.6400,1.514e-05
Metal1,45.6750,172.4800,Metal1,46.0050,172.4800,8.684e-06
Metal1,45.6750,196.0000,Metal1,47.6850,196.0000,6.789e-09
Metal1,45.6750,203.8400,Metal1,46.5650,203.8400,1.756e-06
Metal1,45.6750,211.6800,Metal1,46.5650,211.6800,1.045e-05
Metal1,45.9700,180.3200,Metal1,46.2000,180.3200,9.379e-06
Metal1,46.0050,141.1200,Metal1,46.2350,141.1200,2.736e-05
Metal1,46.0050,172.4800,Metal1,46.2350,172.4800,2.323e-06
Metal1,46.1700,148.9600,Metal1,46.4000,148.9600,9.448e-07
Metal1,46.1700,164.6400,Metal1,46.4000,164.6400,5.916e-07
Metal1,46.2000,180.3200,Metal1,46.5650,180.3200,9.379e-06
Metal1,46.2350,141.1200,Metal1,47.1250,141.1200,2.736e-05
Metal1,46.2350,172.4800,Metal1,47.6850,172.4800,2.323e-06
Metal1,46.4000,148.9600,Metal1,48.2100,148.9600,5.967e-08
Metal1,46.4000,164.6400,Metal1,47.6850,164.6400,6.715e-06
Metal1,46.5650,15.6800,Metal1,46.7950,15.6800,1.363e-06
Metal1,46.5650,125.4400,Metal1,46.7950,125.4400,3.170e-11
Metal1,46.5650,180.3200,Metal1,46.7950,180.3200,8.707e-07
Metal1,46.5650,203.8400,Metal1,46.7950,203.8400,1.110e-08
Metal1,46.5650,211.6800,Metal1,46.7950,211.6800,7.506e-07
Metal1,46.5650,219.5200,Metal1,46.7950,219.5200,8.804e-11
Metal1,46.7950,15.6800,Metal1,47.6850,15.6800,1.363e-06
Metal1,46.7950,125.4400,Metal1,46.8300,125.4400,3.164e-11
Metal1,46.7950,180.3200,Metal1,47.7900,180.3200,2.780e-06
Metal1,46.7950,203.8400,Metal1,47.6850,203.8400,1.911e-06
Metal1,46.7950,211.6800,Metal1,48.8050,211.6800,3.689e-08
Metal1,46.7950,219.5200,Metal1,48.8050,219.5200,6.127e-13
Metal1,46.8300,125.4400,Metal1,47.1700,125.4400,2.788e-11
Metal1,46.8300,188.1600,Metal1,47.1250,188.6200,1.601e-12
Metal1,46.8450,156.8000,Metal1,47.0750,156.8000,2.259e-06
Metal1,47.0750,156.8000,Metal1,47.6850,156.8000,2.259e-06
Metal1,47.1250,23.5200,Metal1,47.3550,23.5200,1.485e-13
Metal1,47.1250,31.3600,Metal1,47.3550,31.3600,1.485e-13
Metal1,47.1250,39.2000,Metal1,47.3550,39.2000,1.485e-13
Metal1,47.1250,54.8800,Metal1,47.3550,54.8800,1.485e-13
Metal1,47.1250,62.7200,Metal1,47.3550,62.7200,1.071e-09
Metal1,47.1250,70.5600,Metal1,47.3550,70.5600,1.073e-09
Metal1,47.1250,78.4000,Metal1,47.3550,78.4000,1.073e-09
Metal1,47.1250,86.2400,Metal1,47.3550,86.2400,1.071e-09
Metal1,47.1250,94.0800,Metal1,47.3550,94.0800,1.071e-09
Metal1,47.1250,101.9200,Metal1,47.3550,101.9200,2.170e-06
Metal1,47.1250,109.7600,Metal1,47.3550,109.7600,5.835e-10
Metal1,47.1250,141.1200,Metal1,47.3550,141.1200,2.755e-05
Metal1,47.1250,188.6200,Metal1,47.1700,187.5950,1.600e-12
Metal1,47.1700,125.4400,Metal1,48.8050,125.4400,7.388e-12
Metal1,47.1700,187.5950,Metal1,47.3550,188.1600,6.140e-14
Metal1,47.3550,23.5200,Metal1,47.6850,23.5200,3.302e-12
Metal1,47.3550,31.3600,Metal1,47.6850,31.3600,3.319e-12
Metal1,47.3550,39.2000,Metal1,47.6850,39.2000,3.302e-12
Metal1,47.3550,54.8800,Metal1,47.6850,54.8800,2.853e-12
Metal1,47.3550,62.7200,Metal1,47.6850,62.7200,1.913e-08
Metal1,47.3550,70.5600,Metal1,47.6850,70.5600,1.916e-08
Metal1,47.3550,78.4000,Metal1,47.6850,78.4000,1.916e-08
Metal1,47.3550,86.2400,Metal1,47.6850,86.2400,1.913e-08
Metal1,47.3550,94.0800,Metal1,47.6850,94.0800,1.913e-08
Metal1,47.3550,101.9200,Metal1,47.6850,101.9200,3.883e-05
Metal1,47.3550,109.7600,Metal1,47.6850,109.7600,1.044e-08
Metal1,47.3550,141.1200,Metal1,48.2450,141.1200,2.755e-05
Metal1,47.3550,188.1600,Metal1,49.3650,188.1600,1.768e-14
Metal1,47.6850,15.6800,Metal1,47.9150,15.6800,9.442e-06
Metal1,47.6850,23.5200,Metal1,47.9150,23.5200,2.969e-13
Metal1,47.6850,31.3600,Metal1,47.9150,31.3600,2.227e-13
Metal1,47.6850,39.2000,Metal1,47.9150,39.2000,1.485e-13
Metal1,47.6850,47.0400,Metal1,47.9150,47.0400,2.329e-05
Metal1,47.6850,54.8800,Metal1,47.9150,54.8800,1.485e-13
Metal1,47.6850,62.7200,Metal1,47.9150,62.7200,1.055e-09
Metal1,47.6850,70.5600,Metal1,47.9150,70.5600,1.056e-09
Metal1,47.6850,78.4000,Metal1,47.9150,78.4000,1.056e-09
Metal1,47.6850,86.2400,Metal1,47.9150,86.2400,1.055e-09
Metal1,47.6850,94.0800,Metal1,47.9150,94.0800,1.055e-09
Metal1,47.6850,101.9200,Metal1,47.9150,101.9200,8.628e-06
Metal1,47.6850,109.7600,Metal1,47.9150,109.7600,2.334e-09
Metal1,47.6850,117.6000,Metal1,47.9150,117.6000,6.040e-10
Metal1,47.6850,133.2800,Metal1,47.9150,133.2800,4.484e-05
Metal1,47.6850,156.8000,Metal1,47.9150,156.8000,1.431e-05
Metal1,47.6850,164.6400,Metal1,47.9150,164.6400,2.359e-05
Metal1,47.6850,172.4800,Metal1,47.9150,172.4800,9.441e-06
Metal1,47.6850,196.0000,Metal1,47.9150,196.0000,7.218e-06
Metal1,47.6850,203.8400,Metal1,47.9150,203.8400,1.774e-06
Metal1,47.7900,180.3200,Metal1,48.1300,180.3200,3.282e-06
Metal1,47.9150,15.6800,Metal1,48.8050,15.6800,1.394e-07
Metal1,47.9150,23.5200,Metal1,49.3650,23.5200,7.636e-13
Metal1,47.9150,31.3600,Metal1,49.3650,31.3600,7.595e-13
Metal1,47.9150,39.2000,Metal1,49.3650,39.2000,7.595e-13
Metal1,47.9150,47.0400,Metal1,49.9250,47.0400,7.700e-08
Metal1,47.9150,54.8800,Metal1,49.3650,54.8800,6.493e-13
Metal1,47.9150,62.7200,Metal1,49.3650,62.7200,4.405e-09
Metal1,47.9150,70.5600,Metal1,49.3650,70.5600,4.410e-09
Metal1,47.9150,78.4000,Metal1,49.3650,78.4000,4.410e-09
Metal1,47.9150,86.2400,Metal1,49.3650,86.2400,4.405e-09
Metal1,47.9150,94.0800,Metal1,49.3650,94.0800,4.405e-09
Metal1,47.9150,101.9200,Metal1,49.3650,101.9200,8.628e-06
Metal1,47.9150,109.7600,Metal1,49.3650,109.7600,2.334e-09
Metal1,47.9150,117.6000,Metal1,49.9250,117.6000,1.546e-11
Metal1,47.9150,133.2800,Metal1,49.9250,133.2800,2.955e-07
Metal1,47.9150,156.8000,Metal1,49.9250,156.8000,1.785e-06
Metal1,47.9150,164.6400,Metal1,48.2100,164.6400,2.359e-05
Metal1,47.9150,172.4800,Metal1,48.2450,172.4800,9.441e-06
Metal1,47.9150,196.0000,Metal1,49.9250,196.0000,2.386e-08
Metal1,47.9150,203.8400,Metal1,48.8050,203.8400,1.774e-06
Metal1,48.1300,180.3200,Metal1,48.8050,180.3200,3.282e-06
Metal1,48.2100,148.9600,Metal1,48.4400,148.9600,1.538e-05
Metal1,48.2100,164.6400,Metal1,48.4400,164.6400,4.789e-05
Metal1,48.2450,141.1200,Metal1,48.4750,141.1200,1.276e-07
Metal1,48.2450,172.4800,Metal1,48.4750,172.4800,4.555e-05
Metal1,48.4400,148.9600,Metal1,48.4450,148.9600,1.538e-05
Metal1,48.4400,164.6400,Metal1,49.9250,164.6400,7.739e-06
Metal1,48.4450,148.9600,Metal1,48.7850,148.9600,8.384e-07
Metal1,48.4750,141.1200,Metal1,49.3650,141.1200,1.276e-07
Metal1,48.4750,172.4800,Metal1,49.9250,172.4800,1.268e-08
Metal1,48.7850,148.9600,Metal1,50.0300,148.9600,7.502e-06
Metal1,48.8050,15.6800,Metal1,49.0350,15.6800,9.442e-06
Metal1,48.8050,125.4400,Metal1,49.0350,125.4400,6.615e-10
Metal1,48.8050,180.3200,Metal1,49.0350,180.3200,3.318e-06
Metal1,48.8050,203.8400,Metal1,49.0350,203.8400,2.947e-06
Metal1,48.8050,211.6800,Metal1,49.0350,211.6800,1.045e-05
Metal1,48.8050,219.5200,Metal1,49.0350,219.5200,9.821e-11
Metal1,49.0350,15.6800,Metal1,49.9250,15.6800,1.394e-07
Metal1,49.0350,125.4400,Metal1,51.0450,125.4400,4.392e-12
Metal1,49.0350,180.3200,Metal1,49.7850,180.3200,3.318e-06
Metal1,49.0350,203.8400,Metal1,49.9250,203.8400,2.947e-06
Metal1,49.0350,211.6800,Metal1,49.3700,211.6800,1.045e-05
Metal1,49.0350,219.5200,Metal1,50.7900,219.5200,1.075e-10
Metal1,49.3650,23.5200,Metal1,49.5950,23.5200,2.598e-12
Metal1,49.3650,31.3600,Metal1,49.5950,31.3600,2.598e-12
Metal1,49.3650,39.2000,Metal1,49.5950,39.2000,2.672e-12
Metal1,49.3650,54.8800,Metal1,49.5950,54.8800,2.301e-12
Metal1,49.3650,62.7200,Metal1,49.5950,62.7200,1.536e-08
Metal1,49.3650,70.5600,Metal1,49.5950,70.5600,1.538e-08
Metal1,49.3650,78.4000,Metal1,49.5950,78.4000,1.538e-08
Metal1,49.3650,86.2400,Metal1,49.5950,86.2400,1.536e-08
Metal1,49.3650,94.0800,Metal1,49.5950,94.0800,1.536e-08
Metal1,49.3650,101.9200,Metal1,49.5950,101.9200,2.990e-05
Metal1,49.3650,109.7600,Metal1,49.5950,109.7600,1.122e-08
Metal1,49.3650,141.1200,Metal1,49.5950,141.1200,1.374e-08
Metal1,49.3650,188.1600,Metal1,49.5950,188.1600,6.013e-12
Metal1,49.3700,211.6800,Metal1,49.7100,211.6800,5.672e-08
Metal1,49.5950,23.5200,Metal1,49.9250,23.5200,2.674e-12
Metal1,49.5950,31.3600,Metal1,49.9250,31.3600,2.674e-12
Metal1,49.5950,39.2000,Metal1,49.9250,39.2000,2.656e-12
Metal1,49.5950,54.8800,Metal1,49.9250,54.8800,2.279e-12
Metal1,49.5950,62.7200,Metal1,49.9250,62.7200,1.536e-08
Metal1,49.5950,70.5600,Metal1,49.9250,70.5600,1.538e-08
Metal1,49.5950,78.4000,Metal1,49.9250,78.4000,1.538e-08
Metal1,49.5950,86.2400,Metal1,49.9250,86.2400,1.536e-08
Metal1,49.5950,94.0800,Metal1,49.9250,94.0800,1.536e-08
Metal1,49.5950,101.9200,Metal1,50.0300,101.9200,2.990e-05
Metal1,49.5950,109.7600,Metal1,49.9250,109.7600,1.122e-08
Metal1,49.5950,141.1200,Metal1,50.4850,141.1200,6.422e-08
Metal1,49.5950,188.1600,Metal1,51.6050,188.1600,5.892e-15
Metal1,49.7100,211.6800,Metal1,51.0450,211.6800,5.609e-10
Metal1,49.7850,180.3200,Metal1,50.0150,180.3200,7.813e-09
Metal1,49.9250,15.6800,Metal1,50.1550,15.6800,9.442e-06
Metal1,49.9250,23.5200,Metal1,50.1550,23.5200,7.423e-13
Metal1,49.9250,31.3600,Metal1,50.1550,31.3600,7.423e-13
Metal1,49.9250,39.2000,Metal1,50.1550,39.2000,7.423e-13
Metal1,49.9250,47.0400,Metal1,50.1550,47.0400,2.329e-05
Metal1,49.9250,54.8800,Metal1,50.1550,54.8800,5.938e-13
Metal1,49.9250,62.7200,Metal1,50.1550,62.7200,4.110e-09
Metal1,49.9250,70.5600,Metal1,50.1550,70.5600,4.115e-09
Metal1,49.9250,78.4000,Metal1,50.1550,78.4000,4.115e-09
Metal1,49.9250,86.2400,Metal1,50.1550,86.2400,4.110e-09
Metal1,49.9250,94.0800,Metal1,50.1550,94.0800,4.110e-09
Metal1,49.9250,109.7600,Metal1,50.1550,109.7600,5.759e-10
Metal1,49.9250,117.6000,Metal1,50.1550,117.6000,3.068e-12
Metal1,49.9250,133.2800,Metal1,50.1550,133.2800,4.872e-06
Metal1,49.9250,156.8000,Metal1,50.1550,156.8000,6.041e-07
Metal1,49.9250,164.6400,Metal1,50.1550,164.6400,1.792e-06
Metal1,49.9250,172.4800,Metal1,50.1550,172.4800,1.392e-06
Metal1,49.9250,196.0000,Metal1,50.1550,196.0000,7.218e-06
Metal1,49.9250,203.8400,Metal1,50.1550,203.8400,1.614e-08
Metal1,50.0150,180.3200,Metal1,51.0450,180.3200,9.990e-11
Metal1,50.0300,101.9200,Metal1,50.3700,101.9200,1.083e-05
Metal1,50.0300,148.9600,Metal1,50.3700,148.9600,1.965e-05
Metal1,50.1550,15.6800,Metal1,50.7900,15.6800,9.442e-06
Metal1,50.1550,23.5200,Metal1,51.6050,23.5200,7.105e-13
Metal1,50.1550,31.3600,Metal1,51.6050,31.3600,7.146e-13
Metal1,50.1550,39.2000,Metal1,51.6050,39.2000,7.065e-13
Metal1,50.1550,47.0400,Metal1,51.3050,47.0400,2.329e-05
Metal1,50.1550,54.8800,Metal1,51.6050,54.8800,6.166e-13
Metal1,50.1550,62.7200,Metal1,51.6050,62.7200,4.110e-09
Metal1,50.1550,70.5600,Metal1,51.6050,70.5600,4.115e-09
Metal1,50.1550,78.4000,Metal1,51.6050,78.4000,4.115e-09
Metal1,50.1550,86.2400,Metal1,51.6050,86.2400,4.110e-09
Metal1,50.1550,94.0800,Metal1,51.6050,94.0800,4.110e-09
Metal1,50.1550,109.7600,Metal1,51.6050,109.7600,3.175e-09
Metal1,50.1550,117.6000,Metal1,52.1650,117.6000,1.799e-11
Metal1,50.1550,133.2800,Metal1,52.1650,133.2800,1.638e-07
Metal1,50.1550,156.8000,Metal1,50.4850,156.8000,1.022e-05
Metal1,50.1550,164.6400,Metal1,50.4850,164.6400,3.277e-05
Metal1,50.1550,172.4800,Metal1,50.4850,172.4800,1.392e-06
Metal1,50.1550,196.0000,Metal1,52.4700,196.0000,7.218e-06
Metal1,50.1550,203.8400,Metal1,51.0450,203.8400,3.172e-06
Metal1,50.3700,101.9200,Metal1,51.6050,101.9200,1.083e-05
Metal1,50.3700,148.9600,Metal1,50.6800,148.9600,1.965e-05
Metal1,50.4850,141.1200,Metal1,50.7150,141.1200,5.885e-08
Metal1,50.4850,156.8000,Metal1,50.7150,156.8000,2.299e-06
Metal1,50.4850,164.6400,Metal1,50.7150,164.6400,7.381e-06
Metal1,50.4850,172.4800,Metal1,50.7150,172.4800,4.555e-05
Metal1,50.6800,148.9600,Metal1,51.0200,148.9600,7.949e-06
Metal1,50.7150,141.1200,Metal1,51.6050,141.1200,5.885e-08
Metal1,50.7150,156.8000,Metal1,52.1650,156.8000,2.299e-06
Metal1,50.7150,164.6400,Metal1,52.1650,164.6400,7.381e-06
Metal1,50.7150,172.4800,Metal1,52.4700,172.4800,4.555e-05
Metal1,50.7900,15.6800,Metal1,51.1300,15.6800,9.442e-06
Metal1,50.7900,219.5200,Metal1,51.1300,219.5200,1.178e-10
Metal1,51.0200,148.9600,Metal1,52.0250,148.9600,7.949e-06
Metal1,51.0450,125.4400,Metal1,51.2750,125.4400,6.716e-10
Metal1,51.0450,180.3200,Metal1,51.2750,180.3200,7.822e-09
Metal1,51.0450,203.8400,Metal1,51.2750,203.8400,2.975e-06
Metal1,51.0450,211.6800,Metal1,51.2750,211.6800,5.673e-08
Metal1,51.1300,15.6800,Metal1,51.3050,15.6800,9.442e-06
Metal1,51.1300,219.5200,Metal1,53.4450,219.5200,1.382e-10
Metal1,51.2750,125.4400,Metal1,51.8250,125.4400,6.807e-10
Metal1,51.2750,180.3200,Metal1,52.4700,180.3200,7.832e-09
Metal1,51.2750,203.8400,Metal1,52.1650,203.8400,2.975e-06
Metal1,51.2750,211.6800,Metal1,52.4700,211.6800,5.674e-08
Metal1,51.3050,15.6800,Metal1,51.5350,15.6800,5.792e-07
Metal1,51.3050,47.0400,Metal1,51.5350,47.0400,3.681e-06
Metal1,51.5350,15.6800,Metal1,51.8150,15.6800,5.792e-07
Metal1,51.5350,47.0400,Metal1,52.4700,47.0400,2.470e-05
Metal1,51.6050,23.5200,Metal1,51.8350,23.5200,2.450e-12
Metal1,51.6050,31.3600,Metal1,51.8350,31.3600,2.450e-12
Metal1,51.6050,39.2000,Metal1,51.8350,39.2000,2.450e-12
Metal1,51.6050,54.8800,Metal1,51.8350,54.8800,2.153e-12
Metal1,51.6050,62.7200,Metal1,51.8350,62.7200,1.654e-08
Metal1,51.6050,70.5600,Metal1,51.8350,70.5600,1.656e-08
Metal1,51.6050,78.4000,Metal1,51.8350,78.4000,1.656e-08
Metal1,51.6050,86.2400,Metal1,51.8350,86.2400,1.654e-08
Metal1,51.6050,94.0800,Metal1,51.8350,94.0800,1.654e-08
Metal1,51.6050,101.9200,Metal1,51.8350,101.9200,5.558e-05
Metal1,51.6050,109.7600,Metal1,51.8350,109.7600,1.153e-08
Metal1,51.6050,141.1200,Metal1,51.8350,141.1200,4.562e-09
Metal1,51.6050,188.1600,Metal1,51.8250,187.5950,4.089e-12
Metal1,51.8150,15.6800,Metal1,52.0450,15.6800,6.759e-07
Metal1,51.8250,125.4400,Metal1,52.0550,125.4400,7.596e-08
Metal1,51.8250,187.5950,Metal1,51.8350,188.6525,4.074e-12
Metal1,51.8350,23.5200,Metal1,52.1650,23.5200,2.512e-12
Metal1,51.8350,31.3600,Metal1,52.1650,31.3600,2.512e-12
Metal1,51.8350,39.2000,Metal1,52.1650,39.2000,2.512e-12
Metal1,51.8350,54.8800,Metal1,52.1650,54.8800,2.117e-12
Metal1,51.8350,62.7200,Metal1,52.1650,62.7200,1.654e-08
Metal1,51.8350,70.5600,Metal1,52.1650,70.5600,1.656e-08
Metal1,51.8350,78.4000,Metal1,52.1650,78.4000,1.656e-08
Metal1,51.8350,86.2400,Metal1,52.1650,86.2400,1.654e-08
Metal1,51.8350,94.0800,Metal1,52.1650,94.0800,1.654e-08
Metal1,51.8350,101.9200,Metal1,52.0250,101.9200,5.558e-05
Metal1,51.8350,109.7600,Metal1,52.1650,109.7600,1.153e-08
Metal1,51.8350,141.1200,Metal1,52.4700,141.1200,4.562e-09
Metal1,51.8350,188.6525,Metal1,52.0550,188.1600,3.961e-08
Metal1,52.0250,101.9200,Metal1,52.2550,101.9200,7.950e-08
Metal1,52.0250,148.9600,Metal1,52.2550,148.9600,2.820e-08
Metal1,52.0450,15.6800,Metal1,54.9650,15.6800,2.385e-06
Metal1,52.0550,125.4400,Metal1,52.4700,125.4400,7.596e-08
Metal1,52.0550,188.1600,Metal1,52.4700,188.1600,3.961e-08
Metal1,52.1650,23.5200,Metal1,52.3950,23.5200,1.017e-11
Metal1,52.1650,31.3600,Metal1,52.3950,31.3600,1.010e-11
Metal1,52.1650,39.2000,Metal1,52.3950,39.2000,1.010e-11
Metal1,52.1650,54.8800,Metal1,52.3950,54.8800,1.010e-11
Metal1,52.1650,62.7200,Metal1,52.3950,62.7200,7.051e-08
Metal1,52.1650,70.5600,Metal1,52.3950,70.5600,7.060e-08
Metal1,52.1650,78.4000,Metal1,52.3950,78.4000,7.060e-08
Metal1,52.1650,86.2400,Metal1,52.3950,86.2400,7.051e-08
Metal1,52.1650,94.0800,Metal1,52.3950,94.0800,7.051e-08
Metal1,52.1650,109.7600,Metal1,52.3950,109.7600,2.594e-08
Metal1,52.1650,117.6000,Metal1,52.3950,117.6000,1.377e-10
Metal1,52.1650,133.2800,Metal1,52.3950,133.2800,4.484e-05
Metal1,52.1650,156.8000,Metal1,52.3950,156.8000,1.431e-05
Metal1,52.1650,164.6400,Metal1,52.3950,164.6400,4.789e-05
Metal1,52.1650,203.8400,Metal1,52.3950,203.8400,9.095e-06
Metal1,52.2550,101.9200,Metal1,52.4700,101.9200,7.950e-08
Metal1,52.2550,148.9600,Metal1,52.4700,148.9600,2.820e-08
Metal1,52.3950,23.5200,Metal1,52.4700,23.5200,1.003e-11
Metal1,52.3950,31.3600,Metal1,52.4700,31.3600,1.003e-11
Metal1,52.3950,39.2000,Metal1,52.4700,39.2000,1.003e-11
Metal1,52.3950,54.8800,Metal1,52.4700,54.8800,1.003e-11
Metal1,52.3950,62.7200,Metal1,52.4700,62.7200,7.051e-08
Metal1,52.3950,70.5600,Metal1,52.4700,70.5600,7.060e-08
Metal1,52.3950,78.4000,Metal1,52.4700,78.4000,7.060e-08
Metal1,52.3950,86.2400,Metal1,52.4700,86.2400,7.051e-08
Metal1,52.3950,94.0800,Metal1,52.4700,94.0800,7.051e-08
Metal1,52.3950,109.7600,Metal1,52.4700,109.7600,2.594e-08
Metal1,52.3950,117.6000,Metal1,52.4700,117.6000,1.378e-10
Metal1,52.3950,133.2800,Metal1,52.4700,133.2800,4.484e-05
Metal1,52.3950,156.8000,Metal1,52.4700,156.8000,1.431e-05
Metal1,52.3950,164.6400,Metal1,52.4700,164.6400,4.789e-05
Metal1,52.3950,203.8400,Metal1,52.4700,203.8400,9.095e-06
Metal1,52.4700,23.5200,Metal1,52.8100,23.5200,1.196e-12
Metal1,52.4700,31.3600,Metal1,52.8100,31.3600,1.196e-12
Metal1,52.4700,39.2000,Metal1,52.8100,39.2000,1.196e-12
Metal1,52.4700,47.0400,Metal1,52.8100,47.0400,2.470e-05
Metal1,52.4700,54.8800,Metal1,52.8100,54.8800,1.196e-12
Metal1,52.4700,62.7200,Metal1,52.8100,62.7200,7.052e-08
Metal1,52.4700,70.5600,Metal1,52.8100,70.5600,7.061e-08
Metal1,52.4700,78.4000,Metal1,52.8100,78.4000,7.061e-08
Metal1,52.4700,86.2400,Metal1,52.8100,86.2400,7.052e-08
Metal1,52.4700,94.0800,Metal1,52.8100,94.0800,7.052e-08
Metal1,52.4700,101.9200,Metal1,52.8100,101.9200,7.951e-08
Metal1,52.4700,109.7600,Metal1,52.8100,109.7600,2.595e-08
Metal1,52.4700,117.6000,Metal1,52.8100,117.6000,1.490e-10
Metal1,52.4700,125.4400,Metal1,52.8100,125.4400,7.597e-08
Metal1,52.4700,133.2800,Metal1,52.8100,133.2800,4.484e-05
Metal1,52.4700,141.1200,Metal1,52.7250,140.2750,4.572e-09
Metal1,52.4700,148.9600,Metal1,52.8100,148.9600,2.820e-08
Metal1,52.4700,156.8000,Metal1,52.8100,156.8000,1.431e-05
Metal1,52.4700,164.6400,Metal1,52.8100,164.6400,4.789e-05
Metal1,52.4700,172.4800,Metal1,52.8100,172.4800,4.555e-05
Metal1,52.4700,180.3200,Metal1,52.8100,180.3200,7.842e-09
Metal1,52.4700,188.1600,Metal1,52.8100,188.1600,3.962e-08
Metal1,52.4700,196.0000,Metal1,52.8100,196.0000,7.218e-06
Metal1,52.4700,203.8400,Metal1,52.8100,203.8400,9.095e-06
Metal1,52.4700,211.6800,Metal1,52.8100,211.6800,5.675e-08
Metal1,52.7250,140.2750,Metal1,52.8100,141.6850,4.572e-09
Metal1,52.8100,23.5200,Metal1,54.4050,23.5200,1.221e-12
Metal1,52.8100,31.3600,Metal1,54.4050,31.3600,1.218e-12
Metal1,52.8100,39.2000,Metal1,54.4050,39.2000,1.207e-12
Metal1,52.8100,47.0400,Metal1,54.5100,47.0400,2.470e-05
Metal1,52.8100,54.8800,Metal1,54.4050,54.8800,1.203e-12
Metal1,52.8100,62.7200,Metal1,54.4050,62.7200,7.052e-08
Metal1,52.8100,70.5600,Metal1,54.4050,70.5600,7.061e-08
Metal1,52.8100,78.4000,Metal1,54.4050,78.4000,7.061e-08
Metal1,52.8100,86.2400,Metal1,54.4050,86.2400,7.052e-08
Metal1,52.8100,94.0800,Metal1,54.4050,94.0800,7.052e-08
Metal1,52.8100,101.9200,Metal1,54.9650,101.9200,4.890e-10
Metal1,52.8100,109.7600,Metal1,54.4050,109.7600,7.154e-11
Metal1,52.8100,117.6000,Metal1,54.4050,117.6000,1.587e-10
Metal1,52.8100,125.4400,Metal1,53.5650,125.4400,7.597e-08
Metal1,52.8100,133.2800,Metal1,54.4050,133.2800,3.718e-07
Metal1,52.8100,141.6850,Metal1,52.9550,141.1200,1.383e-11
Metal1,52.8100,148.9600,Metal1,54.9650,148.9600,2.820e-08
Metal1,52.8100,156.8000,Metal1,54.4050,156.8000,1.186e-07
Metal1,52.8100,164.6400,Metal1,54.5700,164.6400,4.789e-05
Metal1,52.8100,172.4800,Metal1,54.4100,172.4800,4.555e-05
Metal1,52.8100,180.3200,Metal1,54.1100,180.3200,7.842e-09
Metal1,52.8100,188.1600,Metal1,53.5650,188.1600,3.962e-08
Metal1,52.8100,196.0000,Metal1,54.9650,196.0000,1.078e-06
Metal1,52.8100,203.8400,Metal1,52.8900,203.8400,9.095e-06
Metal1,52.8100,211.6800,Metal1,54.5100,211.6800,2.518e-06
Metal1,52.8900,203.8400,Metal1,53.1200,203.8400,6.387e-07
Metal1,52.9550,141.1200,Metal1,54.9650,141.1200,3.145e-10
Metal1,53.1200,203.8400,Metal1,54.9300,203.8400,5.826e-09
Metal1,53.4450,219.5200,Metal1,53.6750,219.5200,4.194e-08
Metal1,53.5650,125.4400,Metal1,53.7950,125.4400,1.549e-05
Metal1,53.5650,188.1600,Metal1,53.7950,188.1600,1.554e-05
Metal1,53.6750,219.5200,Metal1,58.3250,219.5200,5.974e-07
Metal1,53.7950,125.4400,Metal1,54.9650,125.4400,1.745e-07
Metal1,53.7950,188.1600,Metal1,54.9650,188.1600,1.554e-05
Metal1,54.1100,180.3200,Metal1,54.4500,180.3200,1.166e-09
Metal1,54.4050,23.5200,Metal1,54.6350,23.5200,6.228e-11
Metal1,54.4050,31.3600,Metal1,54.6350,31.3600,6.220e-11
Metal1,54.4050,39.2000,Metal1,54.6350,39.2000,6.005e-11
Metal1,54.4050,54.8800,Metal1,54.6350,54.8800,5.968e-11
Metal1,54.4050,62.7200,Metal1,54.6350,62.7200,1.958e-05
Metal1,54.4050,70.5600,Metal1,54.6350,70.5600,1.960e-05
Metal1,54.4050,78.4000,Metal1,54.6350,78.4000,1.960e-05
Metal1,54.4050,86.2400,Metal1,54.6350,86.2400,1.958e-05
Metal1,54.4050,94.0800,Metal1,54.6350,94.0800,1.958e-05
Metal1,54.4050,109.7600,Metal1,54.5100,110.3250,7.154e-11
Metal1,54.4050,117.6000,Metal1,54.6350,117.6000,4.345e-08
Metal1,54.4050,133.2800,Metal1,54.6350,133.2800,4.484e-05
Metal1,54.4050,156.8000,Metal1,54.6350,156.8000,1.431e-05
Metal1,54.4100,172.4800,Metal1,54.7500,172.4800,4.761e-07
Metal1,54.4500,180.3200,Metal1,54.9650,180.3200,1.796e-08
Metal1,54.5100,47.0400,Metal1,54.8500,47.0400,5.507e-07
Metal1,54.5100,110.3250,Metal1,54.6350,109.4150,2.596e-08
Metal1,54.5100,211.6800,Metal1,54.8500,211.6800,3.840e-06
Metal1,54.5700,164.6400,Metal1,54.8000,164.6400,3.271e-06
Metal1,54.6350,23.5200,Metal1,54.9650,23.5200,6.228e-11
Metal1,54.6350,31.3600,Metal1,54.9650,31.3600,6.228e-11
Metal1,54.6350,39.2000,Metal1,54.9650,39.2000,6.004e-11
Metal1,54.6350,54.8800,Metal1,54.9650,54.8800,5.970e-11
Metal1,54.6350,62.7200,Metal1,54.9650,62.7200,1.958e-05
Metal1,54.6350,70.5600,Metal1,54.9650,70.5600,1.960e-05
Metal1,54.6350,78.4000,Metal1,54.9650,78.4000,1.960e-05
Metal1,54.6350,86.2400,Metal1,54.9650,86.2400,1.958e-05
Metal1,54.6350,94.0800,Metal1,54.9650,94.0800,1.958e-05
Metal1,54.6350,109.4150,Metal1,54.8500,109.7600,1.203e-08
Metal1,54.6350,117.6000,Metal1,56.6450,117.6000,4.345e-08
Metal1,54.6350,133.2800,Metal1,54.9650,133.2800,4.484e-05
Metal1,54.6350,156.8000,Metal1,54.9650,156.8000,1.431e-05
Metal1,54.7500,172.4800,Metal1,55.1250,172.4800,4.761e-07
Metal1,54.8000,164.6400,Metal1,54.9650,164.6400,3.271e-06
Metal1,54.8500,47.0400,Metal1,54.9650,47.0400,5.507e-07
Metal1,54.8500,109.7600,Metal1,56.2500,109.7600,1.202e-08
Metal1,54.8500,211.6800,Metal1,55.7900,211.6800,3.840e-06
Metal1,54.9300,203.8400,Metal1,54.9650,204.3850,5.826e-09
Metal1,54.9650,15.6800,Metal1,55.1950,15.6800,6.705e-06
Metal1,54.9650,23.5200,Metal1,55.1950,23.5200,1.663e-11
Metal1,54.9650,31.3600,Metal1,55.1950,31.3600,1.663e-11
Metal1,54.9650,39.2000,Metal1,55.1950,39.2000,1.603e-11
Metal1,54.9650,47.0400,Metal1,55.1950,47.0400,7.531e-09
Metal1,54.9650,54.8800,Metal1,55.1950,54.8800,1.589e-11
Metal1,54.9650,62.7200,Metal1,55.1950,62.7200,5.220e-06
Metal1,54.9650,70.5600,Metal1,55.1950,70.5600,5.227e-06
Metal1,54.9650,78.4000,Metal1,55.1950,78.4000,5.227e-06
Metal1,54.9650,86.2400,Metal1,55.1950,86.2400,5.221e-06
Metal1,54.9650,94.0800,Metal1,55.1950,94.0800,5.221e-06
Metal1,54.9650,101.9200,Metal1,55.1950,101.9200,7.952e-08
Metal1,54.9650,125.4400,Metal1,55.1950,125.4400,1.549e-05
Metal1,54.9650,133.2800,Metal1,55.1950,133.2800,3.448e-06
Metal1,54.9650,141.1200,Metal1,55.0700,141.6850,3.145e-10
Metal1,54.9650,148.9600,Metal1,55.1950,148.9600,1.636e-08
Metal1,54.9650,156.8000,Metal1,55.1950,156.8000,4.530e-08
Metal1,54.9650,164.6400,Metal1,55.1950,164.6400,2.828e-06
Metal1,54.9650,180.3200,Metal1,55.1950,180.3200,1.290e-09
Metal1,54.9650,188.1600,Metal1,55.1950,188.1600,6.421e-08
Metal1,54.9650,196.0000,Metal1,55.1950,196.0000,1.498e-06
Metal1,54.9650,204.3850,Metal1,55.1600,203.2750,2.210e-09
Metal1,55.0700,141.6850,Metal1,55.1950,140.7750,2.477e-07
Metal1,55.1250,172.4800,Metal1,55.3550,172.4800,2.412e-08
Metal1,55.1600,203.2750,Metal1,55.1950,203.8400,2.210e-09
Metal1,55.1950,15.6800,Metal1,56.1300,15.6800,6.705e-06
Metal1,55.1950,23.5200,Metal1,56.6450,23.5200,1.660e-11
Metal1,55.1950,31.3600,Metal1,56.6450,31.3600,1.660e-11
Metal1,55.1950,39.2000,Metal1,56.6450,39.2000,1.601e-11
Metal1,55.1950,47.0400,Metal1,56.5050,47.0400,7.531e-09
Metal1,55.1950,54.8800,Metal1,56.6450,54.8800,1.591e-11
Metal1,55.1950,62.7200,Metal1,56.6450,62.7200,5.220e-06
Metal1,55.1950,70.5600,Metal1,56.6450,70.5600,5.227e-06
Metal1,55.1950,78.4000,Metal1,56.6450,78.4000,5.227e-06
Metal1,55.1950,86.2400,Metal1,56.6450,86.2400,5.221e-06
Metal1,55.1950,94.0800,Metal1,56.6450,94.0800,5.221e-06
Metal1,55.1950,101.9200,Metal1,56.2450,101.9200,7.953e-08
Metal1,55.1950,125.4400,Metal1,57.2050,125.4400,1.549e-05
Metal1,55.1950,133.2800,Metal1,56.2450,133.2800,3.312e-06
Metal1,55.1950,140.7750,Metal1,55.4100,141.1200,1.814e-10
Metal1,55.1950,148.9600,Metal1,56.3500,148.9600,1.636e-08
Metal1,55.1950,156.8000,Metal1,57.2050,156.8000,4.530e-08
Metal1,55.1950,164.6400,Metal1,56.6100,164.6400,1.908e-07
Metal1,55.1950,180.3200,Metal1,57.2050,180.3200,6.346e-11
Metal1,55.1950,188.1600,Metal1,57.2050,188.1600,6.421e-08
Metal1,55.1950,196.0000,Metal1,56.6100,196.0000,1.498e-06
Metal1,55.1950,203.8400,Metal1,56.8100,203.8400,2.220e-09
Metal1,55.3550,172.4800,Metal1,60.0050,172.4800,1.324e-07
Metal1,55.4100,141.1200,Metal1,57.0650,141.1200,1.814e-10
Metal1,55.7900,211.6800,Metal1,56.1300,211.6800,8.123e-06
Metal1,56.1300,15.6800,Metal1,56.4900,15.6800,7.209e-06
Metal1,56.1300,211.6800,Metal1,56.5050,211.6800,8.123e-06
Metal1,56.2450,101.9200,Metal1,56.3500,101.3750,7.953e-08
Metal1,56.2450,133.2800,Metal1,56.4750,133.2800,3.915e-06
Metal1,56.2500,109.7600,Metal1,56.4800,109.7600,2.415e-07
Metal1,56.3500,101.3750,Metal1,56.4750,102.3800,6.776e-10
Metal1,56.3500,148.9600,Metal1,56.6900,148.9600,1.026e-09
Metal1,56.4750,102.3800,Metal1,56.6900,101.9200,1.033e-08
Metal1,56.4750,133.2800,Metal1,57.2050,133.2800,3.915e-06
Metal1,56.4800,109.7600,Metal1,56.5050,109.7600,2.415e-07
Metal1,56.4900,15.6800,Metal1,57.2050,15.6800,7.209e-06
Metal1,56.5050,47.0400,Metal1,56.7350,47.0400,1.123e-08
Metal1,56.5050,109.7600,Metal1,56.7350,109.7600,1.962e-07
Metal1,56.5050,211.6800,Metal1,56.7350,211.6800,1.277e-08
Metal1,56.6100,164.6400,Metal1,56.8400,164.6400,1.887e-06
Metal1,56.6100,196.0000,Metal1,56.8400,196.0000,4.977e-06
Metal1,56.6450,23.5200,Metal1,56.8750,23.5200,6.220e-11
Metal1,56.6450,31.3600,Metal1,56.8750,31.3600,6.213e-11
Metal1,56.6450,39.2000,Metal1,56.8750,39.2000,6.005e-11
Metal1,56.6450,54.8800,Metal1,56.8750,54.8800,5.961e-11
Metal1,56.6450,62.7200,Metal1,56.8750,62.7200,1.958e-05
Metal1,56.6450,70.5600,Metal1,56.8750,70.5600,1.960e-05
Metal1,56.6450,78.4000,Metal1,56.8750,78.4000,1.960e-05
Metal1,56.6450,86.2400,Metal1,56.8750,86.2400,1.958e-05
Metal1,56.6450,94.0800,Metal1,56.8750,94.0800,1.958e-05
Metal1,56.6450,117.6000,Metal1,56.8750,117.6000,1.371e-05
Metal1,56.6900,101.9200,Metal1,61.1250,101.9200,3.430e-06
Metal1,56.6900,148.9600,Metal1,57.2050,148.9600,3.905e-08
Metal1,56.7350,47.0400,Metal1,57.2050,47.0400,1.123e-08
Metal1,56.7350,109.7600,Metal1,58.2900,109.7600,2.636e-09
Metal1,56.7350,211.6800,Metal1,60.8300,211.6800,1.277e-08
Metal1,56.8100,203.8400,Metal1,57.0400,203.8400,1.074e-07
Metal1,56.8400,164.6400,Metal1,57.2050,164.6400,1.887e-06
Metal1,56.8400,196.0000,Metal1,57.2050,196.0000,4.977e-06
Metal1,56.8750,23.5200,Metal1,57.2050,23.5200,6.221e-11
Metal1,56.8750,31.3600,Metal1,57.2050,31.3600,6.223e-11
Metal1,56.8750,39.2000,Metal1,57.2050,39.2000,6.000e-11
Metal1,56.8750,54.8800,Metal1,57.2050,54.8800,5.964e-11
Metal1,56.8750,62.7200,Metal1,57.2050,62.7200,1.958e-05
Metal1,56.8750,70.5600,Metal1,57.2050,70.5600,1.960e-05
Metal1,56.8750,78.4000,Metal1,57.2050,78.4000,1.960e-05
Metal1,56.8750,86.2400,Metal1,57.2050,86.2400,1.958e-05
Metal1,56.8750,94.0800,Metal1,57.2050,94.0800,1.958e-05
Metal1,56.8750,117.6000,Metal1,57.2100,117.6000,1.371e-05
Metal1,57.0400,203.8400,Metal1,57.2050,203.8400,1.074e-07
Metal1,57.0650,141.1200,Metal1,57.2050,140.9025,1.761e-07
Metal1,57.2050,15.6800,Metal1,57.4350,15.6800,5.183e-07
Metal1,57.2050,23.5200,Metal1,57.4350,23.5200,3.711e-13
Metal1,57.2050,31.3600,Metal1,57.4350,31.3600,2.969e-13
Metal1,57.2050,39.2000,Metal1,57.4350,39.2000,3.711e-13
Metal1,57.2050,47.0400,Metal1,57.4350,47.0400,8.029e-10
Metal1,57.2050,54.8800,Metal1,57.4350,54.8800,3.711e-13
Metal1,57.2050,62.7200,Metal1,57.4350,62.7200,8.040e-08
Metal1,57.2050,70.5600,Metal1,57.4350,70.5600,8.050e-08
Metal1,57.2050,78.4000,Metal1,57.4350,78.4000,8.050e-08
Metal1,57.2050,86.2400,Metal1,57.4350,86.2400,8.040e-08
Metal1,57.2050,94.0800,Metal1,57.4350,94.0800,8.040e-08
Metal1,57.2050,125.4400,Metal1,57.4350,125.4400,4.908e-08
Metal1,57.2050,133.2800,Metal1,57.4350,133.2800,3.762e-05
Metal1,57.2050,140.9025,Metal1,57.2950,141.6850,1.761e-07
Metal1,57.2050,148.9600,Metal1,57.4350,148.9600,2.795e-09
Metal1,57.2050,156.8000,Metal1,57.4350,156.8000,1.577e-08
Metal1,57.2050,164.6400,Metal1,57.4350,164.6400,4.792e-05
Metal1,57.2050,180.3200,Metal1,57.4350,180.3200,1.797e-08
Metal1,57.2050,188.1600,Metal1,57.4350,188.1600,5.628e-07
Metal1,57.2050,196.0000,Metal1,57.4350,196.0000,1.579e-08
Metal1,57.2050,203.8400,Metal1,57.4350,203.8400,1.536e-07
Metal1,57.2100,117.6000,Metal1,57.5500,117.6000,1.163e-06
Metal1,57.2950,141.6850,Metal1,57.4350,141.1200,6.359e-10
Metal1,57.4350,15.6800,Metal1,58.8850,15.6800,2.871e-08
Metal1,57.4350,23.5200,Metal1,58.8850,23.5200,4.655e-13
Metal1,57.4350,31.3600,Metal1,58.8850,31.3600,4.329e-13
Metal1,57.4350,39.2000,Metal1,58.8850,39.2000,4.614e-13
Metal1,57.4350,47.0400,Metal1,59.4450,47.0400,1.566e-11
Metal1,57.4350,54.8800,Metal1,58.8850,54.8800,4.778e-13
Metal1,57.4350,62.7200,Metal1,58.8850,62.7200,8.040e-08
Metal1,57.4350,70.5600,Metal1,58.8850,70.5600,8.050e-08
Metal1,57.4350,78.4000,Metal1,58.8850,78.4000,8.050e-08
Metal1,57.4350,86.2400,Metal1,58.8850,86.2400,8.040e-08
Metal1,57.4350,94.0800,Metal1,58.8850,94.0800,8.040e-08
Metal1,57.4350,125.4400,Metal1,59.4450,125.4400,4.908e-08
Metal1,57.4350,133.2800,Metal1,58.5150,133.2800,5.137e-07
Metal1,57.4350,141.1200,Metal1,59.4450,141.1200,6.359e-10
Metal1,57.4350,148.9600,Metal1,59.4450,148.9600,2.801e-11
Metal1,57.4350,156.8000,Metal1,59.4450,156.8000,8.001e-10
Metal1,57.4350,164.6400,Metal1,58.8850,164.6400,8.776e-06
Metal1,57.4350,180.3200,Metal1,59.1050,180.3200,6.355e-09
Metal1,57.4350,188.1600,Metal1,59.4450,188.1600,1.547e-08
Metal1,57.4350,196.0000,Metal1,59.4450,196.0000,1.579e-08
Metal1,57.4350,203.8400,Metal1,58.8500,203.8400,1.010e-08
Metal1,57.5500,117.6000,Metal1,57.9250,117.6000,1.163e-06
Metal1,57.9250,117.6000,Metal1,58.1550,117.6000,6.929e-08
Metal1,58.1550,117.6000,Metal1,62.8050,117.6000,1.758e-07
Metal1,58.2900,109.7600,Metal1,58.5200,109.7600,4.239e-07
Metal1,58.3250,219.5200,Metal1,58.5550,219.5200,4.293e-08
Metal1,58.5150,133.2800,Metal1,58.7450,133.2800,4.663e-05
Metal1,58.5200,109.7600,Metal1,59.0450,109.7600,4.239e-07
Metal1,58.5550,219.5200,Metal1,60.5650,219.5200,2.110e-09
Metal1,58.7450,133.2800,Metal1,59.4450,133.2800,8.715e-07
Metal1,58.8500,203.8400,Metal1,59.0800,203.8400,8.858e-08
Metal1,58.8850,15.6800,Metal1,59.1150,15.6800,5.966e-09
Metal1,58.8850,23.5200,Metal1,59.1150,23.5200,2.672e-12
Metal1,58.8850,31.3600,Metal1,59.1150,31.3600,2.524e-12
Metal1,58.8850,39.2000,Metal1,59.1150,39.2000,2.672e-12
Metal1,58.8850,54.8800,Metal1,59.1150,54.8800,2.598e-12
Metal1,58.8850,62.7200,Metal1,59.1150,62.7200,1.669e-08
Metal1,58.8850,70.5600,Metal1,59.1150,70.5600,1.671e-08
Metal1,58.8850,78.4000,Metal1,59.1150,78.4000,1.671e-08
Metal1,58.8850,86.2400,Metal1,59.1150,86.2400,1.669e-08
Metal1,58.8850,94.0800,Metal1,59.1150,94.0800,1.669e-08
Metal1,58.8850,164.6400,Metal1,59.1150,164.6400,1.985e-06
Metal1,59.0450,109.7600,Metal1,59.2750,109.7600,1.664e-08
Metal1,59.0800,203.8400,Metal1,59.4450,203.8400,8.858e-08
Metal1,59.1050,180.3200,Metal1,59.3350,180.3200,5.550e-08
Metal1,59.1150,15.6800,Metal1,59.4450,15.6800,1.120e-07
Metal1,59.1150,23.5200,Metal1,59.4450,23.5200,2.674e-12
Metal1,59.1150,31.3600,Metal1,59.4450,31.3600,2.566e-12
Metal1,59.1150,39.2000,Metal1,59.4450,39.2000,2.656e-12
Metal1,59.1150,54.8800,Metal1,59.4450,54.8800,2.709e-12
Metal1,59.1150,62.7200,Metal1,59.4450,62.7200,1.669e-08
Metal1,59.1150,70.5600,Metal1,59.4450,70.5600,1.671e-08
Metal1,59.1150,78.4000,Metal1,59.4450,78.4000,1.671e-08
Metal1,59.1150,86.2400,Metal1,59.4450,86.2400,1.669e-08
Metal1,59.1150,94.0800,Metal1,59.4450,94.0800,1.669e-08
Metal1,59.1150,164.6400,Metal1,59.4450,164.6400,3.650e-05
Metal1,59.2750,109.7600,Metal1,60.8300,109.7600,1.868e-07
Metal1,59.3350,180.3200,Metal1,59.4450,180.3200,5.550e-08
Metal1,59.4450,15.6800,Metal1,59.6750,15.6800,2.524e-08
Metal1,59.4450,23.5200,Metal1,59.6750,23.5200,7.423e-13
Metal1,59.4450,31.3600,Metal1,59.6750,31.3600,6.681e-13
Metal1,59.4450,39.2000,Metal1,59.6750,39.2000,7.423e-13
Metal1,59.4450,47.0400,Metal1,59.6750,47.0400,5.557e-09
Metal1,59.4450,54.8800,Metal1,59.6750,54.8800,7.423e-13
Metal1,59.4450,62.7200,Metal1,59.6750,62.7200,4.171e-09
Metal1,59.4450,70.5600,Metal1,59.6750,70.5600,4.176e-09
Metal1,59.4450,78.4000,Metal1,59.6750,78.4000,4.176e-09
Metal1,59.4450,86.2400,Metal1,59.6750,86.2400,4.171e-09
Metal1,59.4450,94.0800,Metal1,59.6750,94.0800,4.172e-09
Metal1,59.4450,125.4400,Metal1,59.6750,125.4400,8.641e-09
Metal1,59.4450,133.2800,Metal1,59.6750,133.2800,4.663e-05
Metal1,59.4450,141.1200,Metal1,59.6750,141.1200,6.001e-07
Metal1,59.4450,148.9600,Metal1,59.6750,148.9600,1.130e-08
Metal1,59.4450,156.8000,Metal1,59.6750,156.8000,7.754e-09
Metal1,59.4450,164.6400,Metal1,59.6750,164.6400,2.643e-06
Metal1,59.4450,180.3200,Metal1,59.6750,180.3200,7.983e-08
Metal1,59.4450,188.1600,Metal1,59.6750,188.1600,5.675e-07
Metal1,59.4450,196.0000,Metal1,59.6750,196.0000,4.538e-10
Metal1,59.4450,203.8400,Metal1,59.6750,203.8400,1.781e-06
Metal1,59.6750,15.6800,Metal1,61.1250,15.6800,2.524e-08
Metal1,59.6750,23.5200,Metal1,61.1250,23.5200,7.228e-13
Metal1,59.6750,31.3600,Metal1,61.1250,31.3600,6.983e-13
Metal1,59.6750,39.2000,Metal1,61.1250,39.2000,7.269e-13
Metal1,59.6750,47.0400,Metal1,60.8300,47.0400,5.557e-09
Metal1,59.6750,54.8800,Metal1,61.1250,54.8800,7.269e-13
Metal1,59.6750,62.7200,Metal1,61.1250,62.7200,4.171e-09
Metal1,59.6750,70.5600,Metal1,61.1250,70.5600,4.176e-09
Metal1,59.6750,78.4000,Metal1,61.1250,78.4000,4.176e-09
Metal1,59.6750,86.2400,Metal1,61.1250,86.2400,4.171e-09
Metal1,59.6750,94.0800,Metal1,61.1250,94.0800,4.171e-09
Metal1,59.6750,125.4400,Metal1,61.6500,125.4400,4.707e-13
Metal1,59.6750,133.2800,Metal1,61.1250,133.2800,4.663e-05
Metal1,59.6750,141.1200,Metal1,61.3900,141.1200,6.001e-07
Metal1,59.6750,148.9600,Metal1,61.3450,148.9600,1.130e-08
Metal1,59.6750,156.8000,Metal1,59.9700,156.8000,7.754e-09
Metal1,59.6750,164.6400,Metal1,61.1250,164.6400,2.643e-06
Metal1,59.6750,180.3200,Metal1,60.8450,180.3200,7.984e-08
Metal1,59.6750,188.1600,Metal1,61.6850,188.1600,1.441e-08
Metal1,59.6750,196.0000,Metal1,61.6850,196.0000,1.529e-11
Metal1,59.6750,203.8400,Metal1,61.1250,203.8400,1.781e-06
Metal1,59.9700,156.8000,Metal1,60.2000,156.8000,6.393e-08
Metal1,60.0050,172.4800,Metal1,60.2350,172.4800,9.887e-06
Metal1,60.2000,156.8000,Metal1,61.6850,156.8000,6.393e-08
Metal1,60.2350,172.4800,Metal1,60.7300,172.4800,9.887e-06
Metal1,60.5650,219.5200,Metal1,60.7950,219.5200,5.974e-07
Metal1,60.7300,172.4800,Metal1,60.8300,171.9350,9.887e-06
Metal1,60.7950,219.5200,Metal1,62.8050,219.5200,3.937e-09
Metal1,60.8300,47.0400,Metal1,61.1700,47.0400,5.220e-09
Metal1,60.8300,109.7600,Metal1,61.1700,109.7600,8.446e-09
Metal1,60.8300,171.9350,Metal1,60.9600,172.8950,8.533e-06
Metal1,60.8300,211.6800,Metal1,61.1700,211.6800,5.889e-10
Metal1,60.8450,180.3200,Metal1,61.0750,180.3200,1.675e-05
Metal1,60.9600,172.8950,Metal1,61.1700,172.4800,3.181e-05
Metal1,61.0750,180.3200,Metal1,61.7900,180.3200,1.675e-05
Metal1,61.1250,15.6800,Metal1,61.3550,15.6800,1.660e-07
Metal1,61.1250,23.5200,Metal1,61.3550,23.5200,2.227e-13
Metal1,61.1250,31.3600,Metal1,61.3550,31.3600,1.485e-13
Metal1,61.1250,39.2000,Metal1,61.3550,39.2000,2.227e-13
Metal1,61.1250,54.8800,Metal1,61.3550,54.8800,7.423e-14
Metal1,61.1250,62.7200,Metal1,61.3550,62.7200,1.071e-09
Metal1,61.1250,70.5600,Metal1,61.3550,70.5600,1.073e-09
Metal1,61.1250,78.4000,Metal1,61.3550,78.4000,1.073e-09
Metal1,61.1250,86.2400,Metal1,61.3550,86.2400,1.071e-09
Metal1,61.1250,94.0800,Metal1,61.3550,94.0800,1.071e-09
Metal1,61.1250,101.9200,Metal1,61.3450,101.3550,2.342e-07
Metal1,61.1250,133.2800,Metal1,61.3550,133.2800,4.496e-06
Metal1,61.1250,164.6400,Metal1,61.2300,165.2050,2.643e-06
Metal1,61.1250,203.8400,Metal1,61.3550,203.8400,4.443e-07
Metal1,61.1700,47.0400,Metal1,61.6850,47.0400,5.220e-09
Metal1,61.1700,109.7600,Metal1,63.9250,109.7600,5.889e-13
Metal1,61.1700,172.4800,Metal1,62.7700,172.4800,3.492e-07
Metal1,61.1700,211.6800,Metal1,61.6850,211.6800,2.652e-10
Metal1,61.2300,165.2050,Metal1,61.3550,164.2950,4.792e-05
Metal1,61.3450,101.3550,Metal1,61.3550,102.4125,2.342e-07
Metal1,61.3450,148.9600,Metal1,61.5750,148.9600,1.039e-07
Metal1,61.3550,15.6800,Metal1,61.6850,15.6800,1.660e-07
Metal1,61.3550,23.5200,Metal1,61.6850,23.5200,3.337e-12
Metal1,61.3550,31.3600,Metal1,61.6850,31.3600,3.176e-12
Metal1,61.3550,39.2000,Metal1,61.6850,39.2000,3.302e-12
Metal1,61.3550,54.8800,Metal1,61.6850,54.8800,3.373e-12
Metal1,61.3550,62.7200,Metal1,61.6850,62.7200,1.913e-08
Metal1,61.3550,70.5600,Metal1,61.6850,70.5600,1.916e-08
Metal1,61.3550,78.4000,Metal1,61.6850,78.4000,1.916e-08
Metal1,61.3550,86.2400,Metal1,61.6850,86.2400,1.913e-08
Metal1,61.3550,94.0800,Metal1,61.6850,94.0800,1.913e-08
Metal1,61.3550,102.4125,Metal1,61.5750,101.9200,2.353e-07
Metal1,61.3550,133.2800,Metal1,61.7900,133.2800,1.617e-05
Metal1,61.3550,164.2950,Metal1,61.5700,164.6400,8.364e-08
Metal1,61.3550,203.8400,Metal1,61.6850,203.8400,7.986e-06
Metal1,61.3900,141.1200,Metal1,61.6850,140.6600,3.684e-08
Metal1,61.5700,164.6400,Metal1,62.4050,164.6400,8.365e-08
Metal1,61.5750,101.9200,Metal1,63.0850,101.9200,2.353e-07
Metal1,61.5750,148.9600,Metal1,61.6850,148.9600,1.039e-07
Metal1,61.6500,125.4400,Metal1,61.6850,124.8950,4.671e-13
Metal1,61.6850,15.6800,Metal1,61.9150,15.6800,1.630e-05
Metal1,61.6850,23.5200,Metal1,61.9150,23.5200,1.485e-13
Metal1,61.6850,31.3600,Metal1,61.9150,31.3600,2.969e-13
Metal1,61.6850,39.2000,Metal1,61.9150,39.2000,1.485e-13
Metal1,61.6850,47.0400,Metal1,61.9150,47.0400,2.012e-09
Metal1,61.6850,54.8800,Metal1,61.9150,54.8800,1.485e-13
Metal1,61.6850,62.7200,Metal1,61.9150,62.7200,1.055e-09
Metal1,61.6850,70.5600,Metal1,61.9150,70.5600,1.056e-09
Metal1,61.6850,78.4000,Metal1,61.9150,78.4000,1.056e-09
Metal1,61.6850,86.2400,Metal1,61.9150,86.2400,1.055e-09
Metal1,61.6850,94.0800,Metal1,61.9150,94.0800,1.055e-09
Metal1,61.6850,124.8950,Metal1,61.8800,126.0050,7.052e-09
Metal1,61.6850,140.6600,Metal1,61.7300,141.6850,3.684e-08
Metal1,61.6850,148.9600,Metal1,61.9150,148.9600,1.988e-07
Metal1,61.6850,156.8000,Metal1,61.9150,156.8000,1.464e-05
Metal1,61.6850,188.1600,Metal1,61.9150,188.1600,6.608e-08
Metal1,61.6850,196.0000,Metal1,61.9150,196.0000,4.657e-10
Metal1,61.6850,203.8400,Metal1,61.9150,203.8400,1.798e-06
Metal1,61.6850,211.6800,Metal1,61.9150,211.6800,1.900e-11
Metal1,61.7300,141.6850,Metal1,61.9150,141.1200,7.171e-08
Metal1,61.7900,133.2800,Metal1,62.1300,133.2800,4.958e-06
Metal1,61.7900,180.3200,Metal1,62.1300,180.3200,6.114e-08
Metal1,61.8800,126.0050,Metal1,61.9150,125.4400,7.052e-09
Metal1,61.9150,15.6800,Metal1,63.3650,15.6800,4.538e-09
Metal1,61.9150,23.5200,Metal1,63.3650,23.5200,7.718e-13
Metal1,61.9150,31.3600,Metal1,63.3650,31.3600,7.350e-13
Metal1,61.9150,39.2000,Metal1,63.3650,39.2000,7.555e-13
Metal1,61.9150,47.0400,Metal1,63.9250,47.0400,1.329e-11
Metal1,61.9150,54.8800,Metal1,63.3650,54.8800,7.636e-13
Metal1,61.9150,62.7200,Metal1,63.3650,62.7200,4.405e-09
Metal1,61.9150,70.5600,Metal1,63.3650,70.5600,4.410e-09
Metal1,61.9150,78.4000,Metal1,63.3650,78.4000,4.410e-09
Metal1,61.9150,86.2400,Metal1,63.3650,86.2400,4.405e-09
Metal1,61.9150,94.0800,Metal1,63.3650,94.0800,4.405e-09
Metal1,61.9150,125.4400,Metal1,63.9250,125.4400,7.052e-09
Metal1,61.9150,141.1200,Metal1,63.9250,141.1200,4.726e-10
Metal1,61.9150,148.9600,Metal1,63.0850,148.9600,1.988e-07
Metal1,61.9150,156.8000,Metal1,62.8050,156.8000,1.464e-05
Metal1,61.9150,188.1600,Metal1,63.9250,188.1600,6.608e-08
Metal1,61.9150,196.0000,Metal1,63.9250,196.0000,8.248e-13
Metal1,61.9150,203.8400,Metal1,63.3650,203.8400,1.798e-06
Metal1,61.9150,211.6800,Metal1,63.9250,211.6800,9.692e-13
Metal1,62.1300,133.2800,Metal1,63.3650,133.2800,4.958e-06
Metal1,62.1300,180.3200,Metal1,63.7850,180.3200,6.114e-08
Metal1,62.4050,164.6400,Metal1,62.6350,164.6400,2.372e-07
Metal1,62.6350,164.6400,Metal1,63.2250,164.6400,2.372e-07
Metal1,62.7700,172.4800,Metal1,63.0000,172.4800,5.268e-05
Metal1,62.8050,117.6000,Metal1,63.0350,117.6000,1.295e-06
Metal1,62.8050,156.8000,Metal1,63.0350,156.8000,1.056e-06
Metal1,62.8050,219.5200,Metal1,63.0350,219.5200,5.974e-07
Metal1,63.0000,172.4800,Metal1,65.0450,172.4800,5.268e-05
Metal1,63.0350,117.6000,Metal1,63.6300,117.6000,3.711e-07
Metal1,63.0350,156.8000,Metal1,63.9250,156.8000,1.551e-09
Metal1,63.0350,219.5200,Metal1,64.2300,219.5200,5.974e-07
Metal1,63.0850,101.9200,Metal1,63.3150,101.9200,1.014e-04
Metal1,63.0850,148.9600,Metal1,63.3150,148.9600,4.066e-05
Metal1,63.2250,164.6400,Metal1,63.4550,164.6400,1.143e-06
Metal1,63.3150,101.9200,Metal1,63.3650,101.9200,1.014e-04
Metal1,63.3150,148.9600,Metal1,65.6100,148.9600,4.066e-05
Metal1,63.3650,15.6800,Metal1,63.5950,15.6800,4.981e-07
Metal1,63.3650,23.5200,Metal1,63.5950,23.5200,2.672e-12
Metal1,63.3650,31.3600,Metal1,63.5950,31.3600,2.524e-12
Metal1,63.3650,39.2000,Metal1,63.5950,39.2000,2.672e-12
Metal1,63.3650,54.8800,Metal1,63.5950,54.8800,2.672e-12
Metal1,63.3650,62.7200,Metal1,63.5950,62.7200,1.536e-08
Metal1,63.3650,70.5600,Metal1,63.5950,70.5600,1.538e-08
Metal1,63.3650,78.4000,Metal1,63.5950,78.4000,1.538e-08
Metal1,63.3650,86.2400,Metal1,63.5950,86.2400,1.536e-08
Metal1,63.3650,94.0800,Metal1,63.5950,94.0800,1.536e-08
Metal1,63.3650,101.9200,Metal1,63.5950,101.9200,3.215e-07
Metal1,63.3650,133.2800,Metal1,63.5950,133.2800,2.550e-05
Metal1,63.3650,203.8400,Metal1,63.5950,203.8400,1.157e-05
Metal1,63.4550,164.6400,Metal1,66.4700,164.6400,4.198e-08
Metal1,63.5950,15.6800,Metal1,63.9250,15.6800,4.981e-07
Metal1,63.5950,23.5200,Metal1,63.9250,23.5200,2.691e-12
Metal1,63.5950,31.3600,Metal1,63.9250,31.3600,2.584e-12
Metal1,63.5950,39.2000,Metal1,63.9250,39.2000,2.656e-12
Metal1,63.5950,54.8800,Metal1,63.9250,54.8800,2.656e-12
Metal1,63.5950,62.7200,Metal1,63.9250,62.7200,1.536e-08
Metal1,63.5950,70.5600,Metal1,63.9250,70.5600,1.538e-08
Metal1,63.5950,78.4000,Metal1,63.9250,78.4000,1.538e-08
Metal1,63.5950,86.2400,Metal1,63.9250,86.2400,1.536e-08
Metal1,63.5950,94.0800,Metal1,63.9250,94.0800,1.536e-08
Metal1,63.5950,101.9200,Metal1,65.6050,101.9200,3.215e-07
Metal1,63.5950,133.2800,Metal1,63.7850,133.2800,2.550e-05
Metal1,63.5950,203.8400,Metal1,65.1500,203.8400,1.505e-06
Metal1,63.6300,117.6000,Metal1,63.9700,117.6000,2.936e-07
Metal1,63.7850,133.2800,Metal1,64.0150,133.2800,9.574e-08
Metal1,63.7850,180.3200,Metal1,64.0150,180.3200,2.398e-12
Metal1,63.9250,15.6800,Metal1,64.1550,15.6800,1.630e-05
Metal1,63.9250,23.5200,Metal1,64.1550,23.5200,6.681e-13
Metal1,63.9250,31.3600,Metal1,64.1550,31.3600,7.423e-13
Metal1,63.9250,39.2000,Metal1,64.1550,39.2000,7.423e-13
Metal1,63.9250,47.0400,Metal1,64.1550,47.0400,2.021e-09
Metal1,63.9250,54.8800,Metal1,64.1550,54.8800,6.681e-13
Metal1,63.9250,62.7200,Metal1,64.1550,62.7200,4.110e-09
Metal1,63.9250,70.5600,Metal1,64.1550,70.5600,4.115e-09
Metal1,63.9250,78.4000,Metal1,64.1550,78.4000,4.115e-09
Metal1,63.9250,86.2400,Metal1,64.1550,86.2400,4.110e-09
Metal1,63.9250,94.0800,Metal1,64.1550,94.0800,4.110e-09
Metal1,63.9250,109.7600,Metal1,64.1550,109.7600,1.273e-10
Metal1,63.9250,125.4400,Metal1,64.1550,125.4400,1.583e-05
Metal1,63.9250,141.1200,Metal1,64.1550,141.1200,7.172e-08
Metal1,63.9250,156.8000,Metal1,64.1550,156.8000,1.051e-07
Metal1,63.9250,188.1600,Metal1,64.1550,188.1600,1.689e-06
Metal1,63.9250,196.0000,Metal1,64.1550,196.0000,3.362e-11
Metal1,63.9250,211.6800,Metal1,64.1550,211.6800,2.751e-10
Metal1,63.9700,117.6000,Metal1,65.0450,117.6000,2.936e-07
Metal1,64.0150,133.2800,Metal1,65.6050,133.2800,7.962e-10
Metal1,64.0150,180.3200,Metal1,64.4850,180.3200,2.368e-12
Metal1,64.1550,15.6800,Metal1,64.2300,15.6800,1.630e-05
Metal1,64.1550,23.5200,Metal1,65.6050,23.5200,7.228e-13
Metal1,64.1550,31.3600,Metal1,65.6050,31.3600,6.901e-13
Metal1,64.1550,39.2000,Metal1,65.6050,39.2000,7.146e-13
Metal1,64.1550,47.0400,Metal1,65.8250,47.0400,2.041e-09
Metal1,64.1550,54.8800,Metal1,65.6050,54.8800,7.187e-13
Metal1,64.1550,62.7200,Metal1,65.6050,62.7200,4.110e-09
Metal1,64.1550,70.5600,Metal1,65.6050,70.5600,4.115e-09
Metal1,64.1550,78.4000,Metal1,65.6050,78.4000,4.115e-09
Metal1,64.1550,86.2400,Metal1,65.6050,86.2400,4.110e-09
Metal1,64.1550,94.0800,Metal1,65.6050,94.0800,4.110e-09
Metal1,64.1550,109.7600,Metal1,65.8250,109.7600,1.473e-10
Metal1,64.1550,125.4400,Metal1,64.4850,125.4400,1.583e-05
Metal1,64.1550,141.1200,Metal1,66.3850,141.1200,7.174e-08
Metal1,64.1550,156.8000,Metal1,65.0450,156.8000,1.051e-07
Metal1,64.1550,188.1600,Metal1,66.1650,188.1600,5.677e-08
Metal1,64.1550,196.0000,Metal1,66.1650,196.0000,5.465e-11
Metal1,64.1550,211.6800,Metal1,65.8250,211.6800,2.951e-10
Metal1,64.2300,15.6800,Metal1,64.5700,15.6800,1.630e-05
Metal1,64.2300,219.5200,Metal1,64.5700,219.5200,5.975e-07
Metal1,64.4850,125.4400,Metal1,64.7150,125.4400,7.624e-09
Metal1,64.4850,180.3200,Metal1,64.7150,180.3200,1.145e-10
Metal1,64.5700,15.6800,Metal1,66.4700,15.6800,1.630e-05
Metal1,64.5700,219.5200,Metal1,66.7250,219.5200,5.975e-07
Metal1,64.7150,125.4400,Metal1,66.4700,125.4400,7.645e-09
Metal1,64.7150,180.3200,Metal1,66.4700,180.3200,1.245e-10
Metal1,65.0450,117.6000,Metal1,65.2750,117.6000,1.913e-05
Metal1,65.0450,156.8000,Metal1,65.2750,156.8000,1.464e-05
Metal1,65.0450,172.4800,Metal1,65.2750,172.4800,1.909e-07
Metal1,65.1500,203.8400,Metal1,65.4900,203.8400,8.079e-06
Metal1,65.2750,117.6000,Metal1,66.4700,117.6000,1.913e-05
Metal1,65.2750,156.8000,Metal1,66.4700,156.8000,1.464e-05
Metal1,65.2750,172.4800,Metal1,66.4700,172.4800,1.909e-07
Metal1,65.4900,203.8400,Metal1,65.6050,203.8400,8.079e-06
Metal1,65.6050,23.5200,Metal1,65.8350,23.5200,2.524e-12
Metal1,65.6050,31.3600,Metal1,65.8350,31.3600,2.375e-12
Metal1,65.6050,39.2000,Metal1,65.8350,39.2000,2.450e-12
Metal1,65.6050,54.8800,Metal1,65.8350,54.8800,2.524e-12
Metal1,65.6050,62.7200,Metal1,65.8350,62.7200,1.654e-08
Metal1,65.6050,70.5600,Metal1,65.8350,70.5600,1.656e-08
Metal1,65.6050,78.4000,Metal1,65.8350,78.4000,1.656e-08
Metal1,65.6050,86.2400,Metal1,65.8350,86.2400,1.654e-08
Metal1,65.6050,94.0800,Metal1,65.8350,94.0800,1.654e-08
Metal1,65.6050,101.9200,Metal1,65.8350,101.9200,1.152e-09
Metal1,65.6050,133.2800,Metal1,65.8350,133.2800,9.575e-08
Metal1,65.6050,203.8400,Metal1,65.8350,203.8400,1.982e-06
Metal1,65.6100,148.9600,Metal1,65.9500,148.9600,1.883e-07
Metal1,65.8250,47.0400,Metal1,66.0550,47.0400,4.653e-08
Metal1,65.8250,109.7600,Metal1,66.0550,109.7600,3.049e-08
Metal1,65.8250,211.6800,Metal1,66.0550,211.6800,9.820e-08
Metal1,65.8350,23.5200,Metal1,66.1650,23.5200,2.530e-12
Metal1,65.8350,31.3600,Metal1,66.1650,31.3600,2.422e-12
Metal1,65.8350,39.2000,Metal1,66.1650,39.2000,2.530e-12
Metal1,65.8350,54.8800,Metal1,66.1650,54.8800,2.512e-12
Metal1,65.8350,62.7200,Metal1,66.1650,62.7200,1.654e-08
Metal1,65.8350,70.5600,Metal1,66.1650,70.5600,1.656e-08
Metal1,65.8350,78.4000,Metal1,66.1650,78.4000,1.656e-08
Metal1,65.8350,86.2400,Metal1,66.1650,86.2400,1.654e-08
Metal1,65.8350,94.0800,Metal1,66.1650,94.0800,1.654e-08
Metal1,65.8350,101.9200,Metal1,66.4700,101.9200,1.152e-09
Metal1,65.8350,133.2800,Metal1,66.4700,133.2800,9.575e-08
Metal1,65.8350,203.8400,Metal1,66.4700,203.8400,1.982e-06
Metal1,65.9500,148.9600,Metal1,66.4700,148.9600,1.883e-07
Metal1,66.0550,47.0400,Metal1,66.4700,47.0400,4.653e-08
Metal1,66.0550,109.7600,Metal1,66.4700,109.7600,3.049e-08
Metal1,66.0550,211.6800,Metal1,66.4700,211.6800,9.820e-08
Metal1,66.1650,23.5200,Metal1,66.3950,23.5200,1.002e-11
Metal1,66.1650,31.3600,Metal1,66.3950,31.3600,1.002e-11
Metal1,66.1650,39.2000,Metal1,66.3950,39.2000,1.010e-11
Metal1,66.1650,54.8800,Metal1,66.3950,54.8800,1.002e-11
Metal1,66.1650,62.7200,Metal1,66.3950,62.7200,7.051e-08
Metal1,66.1650,70.5600,Metal1,66.3950,70.5600,7.060e-08
Metal1,66.1650,78.4000,Metal1,66.3950,78.4000,7.060e-08
Metal1,66.1650,86.2400,Metal1,66.3950,86.2400,7.051e-08
Metal1,66.1650,94.0800,Metal1,66.3950,94.0800,7.051e-08
Metal1,66.1650,188.1600,Metal1,66.3950,188.1600,1.554e-05
Metal1,66.1650,196.0000,Metal1,66.3950,196.0000,1.668e-08
Metal1,66.3850,141.1200,Metal1,66.4700,140.6275,7.174e-08
Metal1,66.3950,23.5200,Metal1,66.4700,23.5200,1.003e-11
Metal1,66.3950,31.3600,Metal1,66.4700,31.3600,9.948e-12
Metal1,66.3950,39.2000,Metal1,66.4700,39.2000,9.948e-12
Metal1,66.3950,54.8800,Metal1,66.4700,54.8800,1.003e-11
Metal1,66.3950,62.7200,Metal1,66.4700,62.7200,7.051e-08
Metal1,66.3950,70.5600,Metal1,66.4700,70.5600,7.060e-08
Metal1,66.3950,78.4000,Metal1,66.4700,78.4000,7.060e-08
Metal1,66.3950,86.2400,Metal1,66.4700,86.2400,7.051e-08
Metal1,66.3950,94.0800,Metal1,66.4700,94.0800,7.051e-08
Metal1,66.3950,188.1600,Metal1,66.4700,188.1600,1.554e-05
Metal1,66.3950,196.0000,Metal1,66.4700,196.0000,1.668e-08
Metal1,66.4700,15.6800,Metal1,66.7250,16.5250,1.630e-05
Metal1,66.4700,23.5200,Metal1,66.8100,23.5200,1.329e-12
Metal1,66.4700,31.3600,Metal1,66.8100,31.3600,1.196e-12
Metal1,66.4700,39.2000,Metal1,66.8100,39.2000,1.263e-12
Metal1,66.4700,47.0400,Metal1,66.8100,47.0400,4.654e-08
Metal1,66.4700,54.8800,Metal1,66.8100,54.8800,1.263e-12
Metal1,66.4700,62.7200,Metal1,66.8100,62.7200,7.052e-08
Metal1,66.4700,70.5600,Metal1,66.8100,70.5600,7.061e-08
Metal1,66.4700,78.4000,Metal1,66.8100,78.4000,7.061e-08
Metal1,66.4700,86.2400,Metal1,66.8100,86.2400,7.052e-08
Metal1,66.4700,94.0800,Metal1,66.8100,94.0800,7.052e-08
Metal1,66.4700,101.9200,Metal1,66.8100,101.9200,1.161e-09
Metal1,66.4700,109.7600,Metal1,66.8100,109.7600,3.050e-08
Metal1,66.4700,117.6000,Metal1,66.8100,117.6000,1.913e-05
Metal1,66.4700,125.4400,Metal1,66.7250,126.2850,7.654e-09
Metal1,66.4700,133.2800,Metal1,66.8100,133.2800,9.576e-08
Metal1,66.4700,140.6275,Metal1,66.6150,141.9650,8.467e-07
Metal1,66.4700,148.9600,Metal1,66.8100,148.9600,1.883e-07
Metal1,66.4700,156.8000,Metal1,66.8100,156.8000,1.464e-05
Metal1,66.4700,164.6400,Metal1,66.8100,164.6400,4.199e-08
Metal1,66.4700,172.4800,Metal1,66.8100,172.4800,1.909e-07
Metal1,66.4700,180.3200,Metal1,66.8100,180.3200,1.347e-10
Metal1,66.4700,188.1600,Metal1,66.8100,188.1600,1.554e-05
Metal1,66.4700,196.0000,Metal1,66.8100,196.0000,1.669e-08
Metal1,66.4700,203.8400,Metal1,66.8100,203.8400,1.982e-06
Metal1,66.4700,211.6800,Metal1,66.8100,211.6800,9.821e-08
Metal1,66.6150,141.9650,Metal1,66.8100,141.1200,8.467e-07
Metal1,66.7250,16.5250,Metal1,66.8100,15.1150,1.630e-05
Metal1,66.7250,126.2850,Metal1,66.8100,124.8750,7.654e-09
Metal1,66.7250,219.5200,Metal1,66.9550,219.5200,1.894e-09
Metal1,66.8100,15.1150,Metal1,66.9550,15.6800,3.250e-08
Metal1,66.8100,23.5200,Metal1,68.4050,23.5200,1.273e-12
Metal1,66.8100,31.3600,Metal1,68.4050,31.3600,1.273e-12
Metal1,66.8100,39.2000,Metal1,68.4050,39.2000,1.262e-12
Metal1,66.8100,47.0400,Metal1,67.5650,47.0400,4.654e-08
Metal1,66.8100,54.8800,Metal1,68.4050,54.8800,1.266e-12
Metal1,66.8100,62.7200,Metal1,68.4050,62.7200,7.052e-08
Metal1,66.8100,70.5600,Metal1,68.4050,70.5600,7.061e-08
Metal1,66.8100,78.4000,Metal1,68.4050,78.4000,7.061e-08
Metal1,66.8100,86.2400,Metal1,68.4050,86.2400,7.052e-08
Metal1,66.8100,94.0800,Metal1,68.4050,94.0800,7.052e-08
Metal1,66.8100,101.9200,Metal1,67.8450,101.9200,1.161e-09
Metal1,66.8100,109.7600,Metal1,67.5650,109.7600,3.050e-08
Metal1,66.8100,117.6000,Metal1,68.9650,117.6000,1.913e-05
Metal1,66.8100,124.8750,Metal1,66.9550,125.4400,9.365e-11
Metal1,66.8100,133.2800,Metal1,67.4450,133.2800,9.576e-08
Metal1,66.8100,141.1200,Metal1,67.4500,141.1200,8.467e-07
Metal1,66.8100,148.9600,Metal1,67.4450,148.9600,1.883e-07
Metal1,66.8100,156.8000,Metal1,68.9650,156.8000,1.908e-06
Metal1,66.8100,164.6400,Metal1,67.5500,164.6400,4.199e-08
Metal1,66.8100,172.4800,Metal1,67.2850,172.4800,1.909e-07
Metal1,66.8100,180.3200,Metal1,68.1100,180.3200,1.347e-10
Metal1,66.8100,188.1600,Metal1,68.9650,188.1600,1.554e-05
Metal1,66.8100,196.0000,Metal1,68.4050,196.0000,2.565e-09
Metal1,66.8100,203.8400,Metal1,67.1450,203.8400,1.982e-06
Metal1,66.8100,211.6800,Metal1,67.5650,211.6800,9.821e-08
Metal1,66.9550,15.6800,Metal1,68.9650,15.6800,3.250e-08
Metal1,66.9550,125.4400,Metal1,68.9650,125.4400,2.538e-08
Metal1,66.9550,219.5200,Metal1,68.9650,219.5200,1.894e-09
Metal1,67.1450,203.8400,Metal1,67.3750,203.8400,7.122e-09
Metal1,67.2850,172.4800,Metal1,67.5150,172.4800,3.666e-07
Metal1,67.3750,203.8400,Metal1,68.9650,203.8400,7.122e-09
Metal1,67.4450,133.2800,Metal1,67.6750,133.2800,3.286e-08
Metal1,67.4450,148.9600,Metal1,67.6750,148.9600,6.929e-08
Metal1,67.4500,141.1200,Metal1,67.6800,141.1200,1.301e-05
Metal1,67.5150,172.4800,Metal1,68.9650,172.4800,4.929e-06
Metal1,67.5500,164.6400,Metal1,67.8900,164.6400,1.959e-09
Metal1,67.5650,47.0400,Metal1,67.7950,47.0400,9.488e-06
Metal1,67.5650,109.7600,Metal1,67.7950,109.7600,6.218e-06
Metal1,67.5650,211.6800,Metal1,67.7950,211.6800,2.003e-05
Metal1,67.6750,133.2800,Metal1,68.1100,133.2800,3.286e-08
Metal1,67.6750,148.9600,Metal1,72.0300,148.9600,7.042e-08
Metal1,67.6800,141.1200,Metal1,68.1250,141.1200,1.301e-05
Metal1,67.7950,47.0400,Metal1,68.9650,47.0400,9.488e-06
Metal1,67.7950,109.7600,Metal1,68.9650,109.7600,6.218e-06
Metal1,67.7950,211.6800,Metal1,68.9650,211.6800,2.003e-05
Metal1,67.8450,101.9200,Metal1,68.0750,101.9200,9.338e-11
Metal1,67.8900,164.6400,Metal1,68.9650,164.6400,1.370e-09
Metal1,68.0750,101.9200,Metal1,68.9650,101.9200,1.415e-10
Metal1,68.1100,133.2800,Metal1,68.4500,133.2800,5.373e-08
Metal1,68.1100,180.3200,Metal1,68.4500,180.3200,1.523e-09
Metal1,68.1250,141.1200,Metal1,68.3550,141.1200,7.417e-05
Metal1,68.3550,141.1200,Metal1,69.4900,141.1200,9.418e-07
Metal1,68.4050,23.5200,Metal1,68.6350,23.5200,7.720e-11
Metal1,68.4050,31.3600,Metal1,68.6350,31.3600,7.727e-11
Metal1,68.4050,39.2000,Metal1,68.6350,39.2000,7.609e-11
Metal1,68.4050,54.8800,Metal1,68.6350,54.8800,7.571e-11
Metal1,68.4050,62.7200,Metal1,68.6350,62.7200,1.958e-05
Metal1,68.4050,70.5600,Metal1,68.6350,70.5600,1.960e-05
Metal1,68.4050,78.4000,Metal1,68.6350,78.4000,1.960e-05
Metal1,68.4050,86.2400,Metal1,68.6350,86.2400,1.958e-05
Metal1,68.4050,94.0800,Metal1,68.6350,94.0800,1.958e-05
Metal1,68.4050,196.0000,Metal1,68.6350,196.0000,1.061e-08
Metal1,68.4500,133.2800,Metal1,72.3250,133.2800,1.798e-07
Metal1,68.4500,180.3200,Metal1,68.9650,180.3200,3.357e-08
Metal1,68.6350,23.5200,Metal1,68.9650,23.5200,7.732e-11
Metal1,68.6350,31.3600,Metal1,68.9650,31.3600,7.730e-11
Metal1,68.6350,39.2000,Metal1,68.9650,39.2000,7.613e-11
Metal1,68.6350,54.8800,Metal1,68.9650,54.8800,7.579e-11
Metal1,68.6350,62.7200,Metal1,68.9650,62.7200,1.958e-05
Metal1,68.6350,70.5600,Metal1,68.9650,70.5600,1.960e-05
Metal1,68.6350,78.4000,Metal1,68.9650,78.4000,1.960e-05
Metal1,68.6350,86.2400,Metal1,68.9650,86.2400,1.958e-05
Metal1,68.6350,94.0800,Metal1,68.9650,94.0800,1.958e-05
Metal1,68.6350,196.0000,Metal1,68.9650,196.0000,1.061e-08
Metal1,68.9650,15.6800,Metal1,69.1950,15.6800,5.964e-07
Metal1,68.9650,23.5200,Metal1,69.1950,23.5200,2.064e-11
Metal1,68.9650,31.3600,Metal1,69.1950,31.3600,2.064e-11
Metal1,68.9650,39.2000,Metal1,69.1950,39.2000,2.026e-11
Metal1,68.9650,47.0400,Metal1,69.1950,47.0400,1.576e-05
Metal1,68.9650,54.8800,Metal1,69.1950,54.8800,2.019e-11
Metal1,68.9650,62.7200,Metal1,69.1950,62.7200,5.220e-06
Metal1,68.9650,70.5600,Metal1,69.1950,70.5600,5.227e-06
Metal1,68.9650,78.4000,Metal1,69.1950,78.4000,5.227e-06
Metal1,68.9650,86.2400,Metal1,69.1950,86.2400,5.221e-06
Metal1,68.9650,94.0800,Metal1,69.1950,94.0800,5.221e-06
Metal1,68.9650,101.9200,Metal1,69.1950,101.9200,2.227e-13
Metal1,68.9650,109.7600,Metal1,69.1950,109.7600,2.534e-08
Metal1,68.9650,117.6000,Metal1,69.1950,117.6000,3.963e-06
Metal1,68.9650,125.4400,Metal1,69.1950,125.4400,1.464e-09
Metal1,68.9650,156.8000,Metal1,69.1950,156.8000,1.052e-05
Metal1,68.9650,164.6400,Metal1,69.1950,164.6400,9.843e-11
Metal1,68.9650,172.4800,Metal1,69.1950,172.4800,1.716e-05
Metal1,68.9650,180.3200,Metal1,69.1950,180.3200,2.412e-09
Metal1,68.9650,188.1600,Metal1,69.1950,188.1600,1.890e-06
Metal1,68.9650,196.0000,Metal1,69.1950,196.0000,2.987e-08
Metal1,68.9650,203.8400,Metal1,69.1950,203.8400,5.118e-10
Metal1,68.9650,211.6800,Metal1,69.1950,211.6800,1.439e-06
Metal1,68.9650,219.5200,Metal1,69.1950,219.5200,1.361e-10
Metal1,69.1950,15.6800,Metal1,71.2050,15.6800,1.534e-08
Metal1,69.1950,23.5200,Metal1,70.6450,23.5200,2.061e-11
Metal1,69.1950,31.3600,Metal1,70.6450,31.3600,2.061e-11
Metal1,69.1950,39.2000,Metal1,70.6450,39.2000,2.029e-11
Metal1,69.1950,47.0400,Metal1,69.8650,47.0400,1.576e-05
Metal1,69.1950,54.8800,Metal1,70.6450,54.8800,2.020e-11
Metal1,69.1950,62.7200,Metal1,70.6450,62.7200,5.220e-06
Metal1,69.1950,70.5600,Metal1,70.6450,70.5600,5.227e-06
Metal1,69.1950,78.4000,Metal1,70.6450,78.4000,5.227e-06
Metal1,69.1950,86.2400,Metal1,70.6450,86.2400,5.221e-06
Metal1,69.1950,94.0800,Metal1,70.6450,94.0800,5.221e-06
Metal1,69.1950,101.9200,Metal1,70.0850,101.9200,1.398e-10
Metal1,69.1950,109.7600,Metal1,71.2050,109.7600,2.534e-08
Metal1,69.1950,117.6000,Metal1,69.5250,117.6000,3.963e-06
Metal1,69.1950,125.4400,Metal1,71.2050,125.4400,1.464e-09
Metal1,69.1950,156.8000,Metal1,69.4900,156.8000,1.052e-05
Metal1,69.1950,164.6400,Metal1,71.2050,164.6400,4.867e-12
Metal1,69.1950,172.4800,Metal1,69.5250,172.4800,1.716e-05
Metal1,69.1950,180.3200,Metal1,71.2050,180.3200,1.186e-10
Metal1,69.1950,188.1600,Metal1,69.5300,188.1600,1.086e-05
Metal1,69.1950,196.0000,Metal1,70.6450,196.0000,2.988e-08
Metal1,69.1950,203.8400,Metal1,71.2050,203.8400,2.519e-11
Metal1,69.1950,211.6800,Metal1,71.2050,211.6800,7.072e-08
Metal1,69.1950,219.5200,Metal1,71.2050,219.5200,6.693e-12
Metal1,69.4900,141.1200,Metal1,69.7200,141.1200,8.805e-05
Metal1,69.4900,156.8000,Metal1,69.7200,156.8000,2.559e-06
Metal1,69.5250,117.6000,Metal1,69.7550,117.6000,9.901e-07
Metal1,69.5250,172.4800,Metal1,69.7550,172.4800,4.668e-06
Metal1,69.5300,188.1600,Metal1,69.8700,188.1600,2.497e-06
Metal1,69.7200,141.1200,Metal1,71.7650,141.1200,8.805e-05
Metal1,69.7200,156.8000,Metal1,71.2050,156.8000,2.559e-06
Metal1,69.7550,117.6000,Metal1,71.2050,117.6000,9.901e-07
Metal1,69.7550,172.4800,Metal1,71.2050,172.4800,4.668e-06
Metal1,69.8650,47.0400,Metal1,70.0950,47.0400,9.959e-06
Metal1,69.8700,188.1600,Metal1,71.2050,188.1600,2.497e-06
Metal1,70.0850,101.9200,Metal1,70.3150,101.9200,1.312e-10
Metal1,70.0950,47.0400,Metal1,71.2050,47.0400,9.959e-06
Metal1,70.3150,101.9200,Metal1,71.2050,101.9200,1.313e-10
Metal1,70.6450,23.5200,Metal1,70.8750,23.5200,7.720e-11
Metal1,70.6450,31.3600,Metal1,70.8750,31.3600,7.727e-11
Metal1,70.6450,39.2000,Metal1,70.8750,39.2000,7.601e-11
Metal1,70.6450,54.8800,Metal1,70.8750,54.8800,7.571e-11
Metal1,70.6450,62.7200,Metal1,70.8750,62.7200,1.958e-05
Metal1,70.6450,70.5600,Metal1,70.8750,70.5600,1.960e-05
Metal1,70.6450,78.4000,Metal1,70.8750,78.4000,1.960e-05
Metal1,70.6450,86.2400,Metal1,70.8750,86.2400,1.958e-05
Metal1,70.6450,94.0800,Metal1,70.8750,94.0800,1.958e-05
Metal1,70.6450,196.0000,Metal1,70.8750,196.0000,7.552e-06
Metal1,70.8750,23.5200,Metal1,71.2050,23.5200,7.728e-11
Metal1,70.8750,31.3600,Metal1,71.2050,31.3600,7.728e-11
Metal1,70.8750,39.2000,Metal1,71.2050,39.2000,7.608e-11
Metal1,70.8750,54.8800,Metal1,71.2050,54.8800,7.576e-11
Metal1,70.8750,62.7200,Metal1,71.2050,62.7200,1.958e-05
Metal1,70.8750,70.5600,Metal1,71.2050,70.5600,1.960e-05
Metal1,70.8750,78.4000,Metal1,71.2050,78.4000,1.960e-05
Metal1,70.8750,86.2400,Metal1,71.2050,86.2400,1.958e-05
Metal1,70.8750,94.0800,Metal1,71.2050,94.0800,1.958e-05
Metal1,70.8750,196.0000,Metal1,71.3100,196.0000,7.552e-06
Metal1,71.2050,15.6800,Metal1,71.4350,15.6800,8.219e-10
Metal1,71.2050,23.5200,Metal1,71.4350,23.5200,2.969e-13
Metal1,71.2050,31.3600,Metal1,71.4350,31.3600,3.711e-13
Metal1,71.2050,39.2000,Metal1,71.4350,39.2000,2.969e-13
Metal1,71.2050,47.0400,Metal1,71.4350,47.0400,5.936e-08
Metal1,71.2050,54.8800,Metal1,71.4350,54.8800,4.454e-13
Metal1,71.2050,62.7200,Metal1,71.4350,62.7200,8.040e-08
Metal1,71.2050,70.5600,Metal1,71.4350,70.5600,8.050e-08
Metal1,71.2050,78.4000,Metal1,71.4350,78.4000,8.050e-08
Metal1,71.2050,86.2400,Metal1,71.4350,86.2400,8.040e-08
Metal1,71.2050,94.0800,Metal1,71.4350,94.0800,8.040e-08
Metal1,71.2050,101.9200,Metal1,71.4350,101.9200,4.223e-10
Metal1,71.2050,109.7600,Metal1,71.4350,109.7600,2.119e-07
Metal1,71.2050,117.6000,Metal1,71.4350,117.6000,2.543e-07
Metal1,71.2050,125.4400,Metal1,71.4350,125.4400,8.818e-07
Metal1,71.2050,156.8000,Metal1,71.4350,156.8000,4.093e-07
Metal1,71.2050,164.6400,Metal1,71.4350,164.6400,1.379e-09
Metal1,71.2050,172.4800,Metal1,71.4350,172.4800,1.189e-06
Metal1,71.2050,180.3200,Metal1,71.4350,180.3200,3.358e-08
Metal1,71.2050,188.1600,Metal1,71.4350,188.1600,2.189e-06
Metal1,71.2050,203.8400,Metal1,71.4350,203.8400,7.134e-09
Metal1,71.2050,211.6800,Metal1,71.4350,211.6800,2.787e-06
Metal1,71.2050,219.5200,Metal1,71.4350,219.5200,1.894e-09
Metal1,71.3100,196.0000,Metal1,71.6500,196.0000,2.650e-08
Metal1,71.4350,15.6800,Metal1,73.4450,15.6800,8.221e-10
Metal1,71.4350,23.5200,Metal1,72.8850,23.5200,4.002e-13
Metal1,71.4350,31.3600,Metal1,72.8850,31.3600,3.879e-13
Metal1,71.4350,39.2000,Metal1,72.8850,39.2000,4.043e-13
Metal1,71.4350,47.0400,Metal1,72.3250,47.0400,5.936e-08
Metal1,71.4350,54.8800,Metal1,72.8850,54.8800,4.043e-13
Metal1,71.4350,62.7200,Metal1,72.8850,62.7200,8.040e-08
Metal1,71.4350,70.5600,Metal1,72.8850,70.5600,8.050e-08
Metal1,71.4350,78.4000,Metal1,72.8850,78.4000,8.050e-08
Metal1,71.4350,86.2400,Metal1,72.8850,86.2400,8.040e-08
Metal1,71.4350,94.0800,Metal1,72.8850,94.0800,8.040e-08
Metal1,71.4350,101.9200,Metal1,72.3250,101.9200,4.224e-10
Metal1,71.4350,109.7600,Metal1,73.4450,109.7600,5.826e-09
Metal1,71.4350,117.6000,Metal1,71.7650,117.6000,4.542e-06
Metal1,71.4350,125.4400,Metal1,73.4450,125.4400,1.633e-08
Metal1,71.4350,156.8000,Metal1,72.3250,156.8000,3.157e-06
Metal1,71.4350,164.6400,Metal1,72.5450,164.6400,1.379e-09
Metal1,71.4350,172.4800,Metal1,71.7650,172.4800,2.127e-05
Metal1,71.4350,180.3200,Metal1,73.1050,180.3200,3.360e-08
Metal1,71.4350,188.1600,Metal1,73.0450,188.1600,2.189e-06
Metal1,71.4350,203.8400,Metal1,71.4700,203.8400,7.134e-09
Metal1,71.4350,211.6800,Metal1,73.4450,211.6800,3.771e-08
Metal1,71.4350,219.5200,Metal1,73.4450,219.5200,1.894e-09
Metal1,71.4700,203.8400,Metal1,71.8100,203.8400,9.718e-09
Metal1,71.6500,196.0000,Metal1,73.3050,196.0000,2.651e-08
Metal1,71.7650,117.6000,Metal1,71.9950,117.6000,2.503e-07
Metal1,71.7650,141.1200,Metal1,71.9950,141.1200,2.532e-06
Metal1,71.7650,172.4800,Metal1,71.9950,172.4800,4.654e-06
Metal1,71.8100,203.8400,Metal1,73.4450,203.8400,1.682e-09
Metal1,71.9950,117.6000,Metal1,73.4450,117.6000,1.046e-06
Metal1,71.9950,141.1200,Metal1,74.0050,141.1200,8.511e-08
Metal1,71.9950,172.4800,Metal1,73.4450,172.4800,4.654e-06
Metal1,72.0300,148.9600,Metal1,72.3250,148.5450,4.535e-05
Metal1,72.3250,47.0400,Metal1,72.5550,47.0400,8.576e-09
Metal1,72.3250,101.9200,Metal1,72.5550,101.9200,8.124e-08
Metal1,72.3250,133.2800,Metal1,72.5550,133.2800,1.077e-06
Metal1,72.3250,148.5450,Metal1,72.3700,149.5250,4.535e-05
Metal1,72.3250,156.8000,Metal1,72.5550,156.8000,2.877e-06
Metal1,72.3700,149.5250,Metal1,72.5550,148.9600,7.841e-08
Metal1,72.5450,164.6400,Metal1,72.7750,164.6400,4.704e-07
Metal1,72.5550,47.0400,Metal1,73.4450,47.0400,8.576e-09
Metal1,72.5550,101.9200,Metal1,73.4450,101.9200,1.199e-09
Metal1,72.5550,133.2800,Metal1,73.1050,133.2800,1.077e-06
Metal1,72.5550,148.9600,Metal1,74.5650,148.9600,7.841e-08
Metal1,72.5550,156.8000,Metal1,73.4450,156.8000,2.877e-06
Metal1,72.7750,164.6400,Metal1,73.4450,164.6400,9.179e-09
Metal1,72.8850,23.5200,Metal1,73.1150,23.5200,2.598e-12
Metal1,72.8850,31.3600,Metal1,73.1150,31.3600,2.598e-12
Metal1,72.8850,39.2000,Metal1,73.1150,39.2000,2.672e-12
Metal1,72.8850,54.8800,Metal1,73.1150,54.8800,2.672e-12
Metal1,72.8850,62.7200,Metal1,73.1150,62.7200,1.669e-08
Metal1,72.8850,70.5600,Metal1,73.1150,70.5600,1.671e-08
Metal1,72.8850,78.4000,Metal1,73.1150,78.4000,1.671e-08
Metal1,72.8850,86.2400,Metal1,73.1150,86.2400,1.670e-08
Metal1,72.8850,94.0800,Metal1,73.1150,94.0800,1.669e-08
Metal1,73.0450,188.1600,Metal1,73.2750,188.1600,4.023e-07
Metal1,73.1050,133.2800,Metal1,73.3350,133.2800,5.064e-07
Metal1,73.1050,180.3200,Metal1,73.3350,180.3200,1.154e-05
Metal1,73.1150,23.5200,Metal1,73.4450,23.5200,2.709e-12
Metal1,73.1150,31.3600,Metal1,73.4450,31.3600,2.638e-12
Metal1,73.1150,39.2000,Metal1,73.4450,39.2000,2.709e-12
Metal1,73.1150,54.8800,Metal1,73.4450,54.8800,2.674e-12
Metal1,73.1150,62.7200,Metal1,73.4450,62.7200,1.669e-08
Metal1,73.1150,70.5600,Metal1,73.4450,70.5600,1.671e-08
Metal1,73.1150,78.4000,Metal1,73.4450,78.4000,1.671e-08
Metal1,73.1150,86.2400,Metal1,73.4450,86.2400,1.669e-08
Metal1,73.1150,94.0800,Metal1,73.4450,94.0800,1.669e-08
Metal1,73.2750,188.1600,Metal1,75.9500,188.1600,6.111e-08
Metal1,73.3050,196.0000,Metal1,73.5350,196.0000,2.899e-07
Metal1,73.3350,133.2800,Metal1,74.5650,133.2800,5.064e-07
Metal1,73.3350,180.3200,Metal1,73.6100,180.3200,1.154e-05
Metal1,73.4450,15.6800,Metal1,73.6750,15.6800,4.939e-07
Metal1,73.4450,23.5200,Metal1,73.6750,23.5200,7.423e-13
Metal1,73.4450,31.3600,Metal1,73.6750,31.3600,7.423e-13
Metal1,73.4450,39.2000,Metal1,73.6750,39.2000,7.423e-13
Metal1,73.4450,47.0400,Metal1,73.6750,47.0400,8.170e-09
Metal1,73.4450,54.8800,Metal1,73.6750,54.8800,7.423e-13
Metal1,73.4450,62.7200,Metal1,73.6750,62.7200,4.171e-09
Metal1,73.4450,70.5600,Metal1,73.6750,70.5600,4.176e-09
Metal1,73.4450,78.4000,Metal1,73.6750,78.4000,4.176e-09
Metal1,73.4450,86.2400,Metal1,73.6750,86.2400,4.171e-09
Metal1,73.4450,94.0800,Metal1,73.6750,94.0800,4.171e-09
Metal1,73.4450,101.9200,Metal1,73.6750,101.9200,8.125e-08
Metal1,73.4450,109.7600,Metal1,73.6750,109.7600,2.139e-07
Metal1,73.4450,117.6000,Metal1,73.6750,117.6000,3.646e-06
Metal1,73.4450,125.4400,Metal1,73.6750,125.4400,4.428e-07
Metal1,73.4450,156.8000,Metal1,73.6750,156.8000,2.898e-06
Metal1,73.4450,164.6400,Metal1,73.6750,164.6400,4.704e-07
Metal1,73.4450,172.4800,Metal1,73.6750,172.4800,2.422e-07
Metal1,73.4450,203.8400,Metal1,73.6750,203.8400,2.079e-07
Metal1,73.4450,211.6800,Metal1,73.6750,211.6800,2.003e-05
Metal1,73.4450,219.5200,Metal1,73.6750,219.5200,5.975e-07
Metal1,73.5350,196.0000,Metal1,76.7700,196.0000,4.741e-10
Metal1,73.6100,180.3200,Metal1,73.8400,180.3200,5.149e-07
Metal1,73.6750,15.6800,Metal1,75.6850,15.6800,3.255e-09
Metal1,73.6750,23.5200,Metal1,75.1250,23.5200,7.310e-13
Metal1,73.6750,31.3600,Metal1,75.1250,31.3600,7.146e-13
Metal1,73.6750,39.2000,Metal1,75.1250,39.2000,7.350e-13
Metal1,73.6750,47.0400,Metal1,74.5650,47.0400,8.170e-09
Metal1,73.6750,54.8800,Metal1,75.1250,54.8800,7.269e-13
Metal1,73.6750,62.7200,Metal1,75.1250,62.7200,4.171e-09
Metal1,73.6750,70.5600,Metal1,75.1250,70.5600,4.176e-09
Metal1,73.6750,78.4000,Metal1,75.1250,78.4000,4.176e-09
Metal1,73.6750,86.2400,Metal1,75.1250,86.2400,4.171e-09
Metal1,73.6750,94.0800,Metal1,75.1250,94.0800,4.171e-09
Metal1,73.6750,101.9200,Metal1,74.5650,101.9200,8.126e-08
Metal1,73.6750,109.7600,Metal1,75.6850,109.7600,4.222e-09
Metal1,73.6750,117.6000,Metal1,74.0050,117.6000,3.646e-06
Metal1,73.6750,125.4400,Metal1,75.6850,125.4400,1.489e-08
Metal1,73.6750,156.8000,Metal1,74.5650,156.8000,2.898e-06
Metal1,73.6750,164.6400,Metal1,74.2850,164.6400,4.704e-07
Metal1,73.6750,172.4800,Metal1,74.1650,172.4800,2.422e-07
Metal1,73.6750,203.8400,Metal1,74.7300,203.8400,2.080e-07
Metal1,73.6750,211.6800,Metal1,76.2500,211.6800,2.003e-05
Metal1,73.6750,219.5200,Metal1,75.6850,219.5200,3.937e-09
Metal1,73.8400,180.3200,Metal1,74.8450,180.3200,4.205e-06
Metal1,74.0050,117.6000,Metal1,74.2350,117.6000,9.755e-07
Metal1,74.0050,141.1200,Metal1,74.2350,141.1200,2.532e-06
Metal1,74.1650,172.4800,Metal1,74.3950,172.4800,1.143e-08
Metal1,74.2350,117.6000,Metal1,75.6850,117.6000,9.755e-07
Metal1,74.2350,141.1200,Metal1,76.2450,141.1200,8.965e-08
Metal1,74.2850,164.6400,Metal1,74.5150,164.6400,5.668e-05
Metal1,74.3950,172.4800,Metal1,75.6850,172.4800,4.051e-07
Metal1,74.5150,164.6400,Metal1,76.3500,164.6400,5.668e-05
Metal1,74.5650,47.0400,Metal1,74.7950,47.0400,5.634e-11
Metal1,74.5650,101.9200,Metal1,74.7950,101.9200,1.311e-05
Metal1,74.5650,133.2800,Metal1,74.7950,133.2800,2.466e-06
Metal1,74.5650,148.9600,Metal1,74.7950,148.9600,5.683e-09
Metal1,74.5650,156.8000,Metal1,74.7950,156.8000,1.833e-08
Metal1,74.7300,203.8400,Metal1,74.9600,203.8400,3.881e-09
Metal1,74.7950,47.0400,Metal1,75.6850,47.0400,8.956e-09
Metal1,74.7950,101.9200,Metal1,76.3500,101.9200,1.311e-05
Metal1,74.7950,133.2800,Metal1,74.8450,133.2800,2.466e-06
Metal1,74.7950,148.9600,Metal1,76.8050,148.9600,9.444e-10
Metal1,74.7950,156.8000,Metal1,75.6850,156.8000,3.154e-06
Metal1,74.8450,133.2800,Metal1,75.0750,133.2800,1.889e-07
Metal1,74.8450,180.3200,Metal1,75.0750,180.3200,6.589e-06
Metal1,74.9600,203.8400,Metal1,76.4650,203.8400,1.527e-07
Metal1,75.0750,133.2800,Metal1,76.8050,133.2800,1.889e-07
Metal1,75.0750,180.3200,Metal1,75.6500,180.3200,6.589e-06
Metal1,75.1250,23.5200,Metal1,75.3550,23.5200,2.227e-13
Metal1,75.1250,31.3600,Metal1,75.3550,31.3600,1.485e-13
Metal1,75.1250,39.2000,Metal1,75.3550,39.2000,1.485e-13
Metal1,75.1250,54.8800,Metal1,75.3550,54.8800,2.227e-13
Metal1,75.1250,62.7200,Metal1,75.3550,62.7200,1.071e-09
Metal1,75.1250,70.5600,Metal1,75.3550,70.5600,1.073e-09
Metal1,75.1250,78.4000,Metal1,75.3550,78.4000,1.073e-09
Metal1,75.1250,86.2400,Metal1,75.3550,86.2400,1.072e-09
Metal1,75.1250,94.0800,Metal1,75.3550,94.0800,1.072e-09
Metal1,75.3550,23.5200,Metal1,75.6850,23.5200,3.337e-12
Metal1,75.3550,31.3600,Metal1,75.6850,31.3600,3.284e-12
Metal1,75.3550,39.2000,Metal1,75.6850,39.2000,3.373e-12
Metal1,75.3550,54.8800,Metal1,75.6850,54.8800,3.355e-12
Metal1,75.3550,62.7200,Metal1,75.6850,62.7200,1.913e-08
Metal1,75.3550,70.5600,Metal1,75.6850,70.5600,1.916e-08
Metal1,75.3550,78.4000,Metal1,75.6850,78.4000,1.916e-08
Metal1,75.3550,86.2400,Metal1,75.6850,86.2400,1.913e-08
Metal1,75.3550,94.0800,Metal1,75.6850,94.0800,1.913e-08
Metal1,75.6500,180.3200,Metal1,75.8800,180.3200,2.236e-05
Metal1,75.6850,15.6800,Metal1,75.9150,15.6800,5.347e-08
Metal1,75.6850,23.5200,Metal1,75.9150,23.5200,2.227e-13
Metal1,75.6850,31.3600,Metal1,75.9150,31.3600,2.227e-13
Metal1,75.6850,39.2000,Metal1,75.9150,39.2000,7.423e-14
Metal1,75.6850,47.0400,Metal1,75.9150,47.0400,4.305e-12
Metal1,75.6850,54.8800,Metal1,75.9150,54.8800,7.423e-14
Metal1,75.6850,62.7200,Metal1,75.9150,62.7200,1.055e-09
Metal1,75.6850,70.5600,Metal1,75.9150,70.5600,1.056e-09
Metal1,75.6850,78.4000,Metal1,75.9150,78.4000,1.056e-09
Metal1,75.6850,86.2400,Metal1,75.9150,86.2400,1.055e-09
Metal1,75.6850,94.0800,Metal1,75.9150,94.0800,1.055e-09
Metal1,75.6850,109.7600,Metal1,75.9150,109.7600,7.540e-07
Metal1,75.6850,117.6000,Metal1,75.9150,117.6000,3.964e-06
Metal1,75.6850,125.4400,Metal1,75.9150,125.4400,1.583e-05
Metal1,75.6850,156.8000,Metal1,75.9150,156.8000,2.897e-06
Metal1,75.6850,172.4800,Metal1,75.9150,172.4800,5.333e-05
Metal1,75.6850,219.5200,Metal1,75.9150,219.5200,5.975e-07
Metal1,75.8800,180.3200,Metal1,77.9250,180.3200,3.152e-06
Metal1,75.9150,15.6800,Metal1,77.6700,15.6800,2.132e-11
Metal1,75.9150,23.5200,Metal1,77.3650,23.5200,7.677e-13
Metal1,75.9150,31.3600,Metal1,77.3650,31.3600,7.595e-13
Metal1,75.9150,39.2000,Metal1,77.3650,39.2000,7.718e-13
Metal1,75.9150,47.0400,Metal1,76.8050,47.0400,8.896e-09
Metal1,75.9150,54.8800,Metal1,77.3650,54.8800,7.636e-13
Metal1,75.9150,62.7200,Metal1,77.3650,62.7200,4.405e-09
Metal1,75.9150,70.5600,Metal1,77.3650,70.5600,4.410e-09
Metal1,75.9150,78.4000,Metal1,77.3650,78.4000,4.410e-09
Metal1,75.9150,86.2400,Metal1,77.3650,86.2400,4.405e-09
Metal1,75.9150,94.0800,Metal1,77.3650,94.0800,4.405e-09
Metal1,75.9150,109.7600,Metal1,77.9250,109.7600,4.968e-09
Metal1,75.9150,117.6000,Metal1,76.2450,117.6000,3.964e-06
Metal1,75.9150,125.4400,Metal1,77.9250,125.4400,1.043e-07
Metal1,75.9150,156.8000,Metal1,76.8050,156.8000,2.897e-06
Metal1,75.9150,172.4800,Metal1,77.9250,172.4800,3.514e-07
Metal1,75.9150,219.5200,Metal1,77.6700,219.5200,5.975e-07
Metal1,75.9500,188.1600,Metal1,76.2900,188.1600,2.110e-05
Metal1,76.2450,117.6000,Metal1,76.4750,117.6000,1.913e-05
Metal1,76.2450,141.1200,Metal1,76.4750,141.1200,2.468e-05
Metal1,76.2500,211.6800,Metal1,76.5900,211.6800,4.206e-07
Metal1,76.2900,188.1600,Metal1,76.9650,188.1600,2.110e-05
Metal1,76.3500,101.9200,Metal1,76.6900,101.9200,7.656e-05
Metal1,76.3500,164.6400,Metal1,76.6900,164.6400,8.315e-07
Metal1,76.4650,203.8400,Metal1,76.6950,203.8400,1.440e-06
Metal1,76.4750,117.6000,Metal1,77.9250,117.6000,3.153e-06
Metal1,76.4750,141.1200,Metal1,77.4700,141.1200,2.468e-05
Metal1,76.5900,211.6800,Metal1,79.0100,211.6800,3.240e-09
Metal1,76.6900,101.9200,Metal1,76.8050,101.9200,7.656e-05
Metal1,76.6900,164.6400,Metal1,77.9250,164.6400,8.881e-09
Metal1,76.6950,203.8400,Metal1,76.7700,203.8400,1.440e-06
Metal1,76.7700,196.0000,Metal1,77.0000,196.0000,5.892e-08
Metal1,76.7700,203.8400,Metal1,77.0000,203.8400,1.827e-06
Metal1,76.8050,47.0400,Metal1,77.0350,47.0400,8.114e-09
Metal1,76.8050,101.9200,Metal1,77.0350,101.9200,1.540e-05
Metal1,76.8050,133.2800,Metal1,77.0350,133.2800,7.179e-07
Metal1,76.8050,148.9600,Metal1,77.0350,148.9600,2.809e-07
Metal1,76.8050,156.8000,Metal1,77.0350,156.8000,2.235e-08
Metal1,76.9650,188.1600,Metal1,77.1950,188.1600,3.054e-06
Metal1,77.0000,196.0000,Metal1,77.6300,196.0000,5.892e-08
Metal1,77.0000,203.8400,Metal1,77.5250,203.8400,1.827e-06
Metal1,77.0350,47.0400,Metal1,77.9250,47.0400,8.114e-09
Metal1,77.0350,101.9200,Metal1,78.3450,101.9200,1.540e-05
Metal1,77.0350,133.2800,Metal1,78.4850,133.2800,6.541e-09
Metal1,77.0350,148.9600,Metal1,77.9250,148.9600,4.147e-09
Metal1,77.0350,156.8000,Metal1,79.0450,156.8000,2.236e-08
Metal1,77.1950,188.1600,Metal1,80.4700,188.1600,2.242e-05
Metal1,77.3650,23.5200,Metal1,77.5950,23.5200,2.672e-12
Metal1,77.3650,31.3600,Metal1,77.5950,31.3600,2.598e-12
Metal1,77.3650,39.2000,Metal1,77.5950,39.2000,2.746e-12
Metal1,77.3650,54.8800,Metal1,77.5950,54.8800,2.672e-12
Metal1,77.3650,62.7200,Metal1,77.5950,62.7200,1.536e-08
Metal1,77.3650,70.5600,Metal1,77.5950,70.5600,1.538e-08
Metal1,77.3650,78.4000,Metal1,77.5950,78.4000,1.538e-08
Metal1,77.3650,86.2400,Metal1,77.5950,86.2400,1.536e-08
Metal1,77.3650,94.0800,Metal1,77.5950,94.0800,1.536e-08
Metal1,77.4700,141.1200,Metal1,77.8100,141.1200,3.153e-05
Metal1,77.5250,203.8400,Metal1,77.7550,203.8400,2.328e-06
Metal1,77.5950,23.5200,Metal1,77.9250,23.5200,2.674e-12
Metal1,77.5950,31.3600,Metal1,77.9250,31.3600,2.691e-12
Metal1,77.5950,39.2000,Metal1,77.9250,39.2000,2.691e-12
Metal1,77.5950,54.8800,Metal1,77.9250,54.8800,2.691e-12
Metal1,77.5950,62.7200,Metal1,77.9250,62.7200,1.536e-08
Metal1,77.5950,70.5600,Metal1,77.9250,70.5600,1.538e-08
Metal1,77.5950,78.4000,Metal1,77.9250,78.4000,1.538e-08
Metal1,77.5950,86.2400,Metal1,77.9250,86.2400,1.536e-08
Metal1,77.5950,94.0800,Metal1,77.9250,94.0800,1.536e-08
Metal1,77.6300,196.0000,Metal1,77.9700,196.0000,3.696e-09
Metal1,77.6700,15.6800,Metal1,77.9250,14.8350,3.123e-11
Metal1,77.6700,219.5200,Metal1,78.0100,219.5200,5.975e-07
Metal1,77.7550,203.8400,Metal1,78.2050,203.8400,2.328e-06
Metal1,77.8100,141.1200,Metal1,78.4850,141.1200,3.153e-05
Metal1,77.9250,14.8350,Metal1,78.0100,16.2450,3.124e-11
Metal1,77.9250,23.5200,Metal1,78.1550,23.5200,7.423e-13
Metal1,77.9250,31.3600,Metal1,78.1550,31.3600,7.423e-13
Metal1,77.9250,39.2000,Metal1,78.1550,39.2000,7.423e-13
Metal1,77.9250,47.0400,Metal1,78.1550,47.0400,8.116e-09
Metal1,77.9250,54.8800,Metal1,78.1550,54.8800,7.423e-13
Metal1,77.9250,62.7200,Metal1,78.1550,62.7200,4.110e-09
Metal1,77.9250,70.5600,Metal1,78.1550,70.5600,4.115e-09
Metal1,77.9250,78.4000,Metal1,78.1550,78.4000,4.115e-09
Metal1,77.9250,86.2400,Metal1,78.1550,86.2400,4.110e-09
Metal1,77.9250,94.0800,Metal1,78.1550,94.0800,4.110e-09
Metal1,77.9250,109.7600,Metal1,78.1550,109.7600,6.218e-06
Metal1,77.9250,117.6000,Metal1,78.1550,117.6000,7.077e-07
Metal1,77.9250,125.4400,Metal1,78.1550,125.4400,1.720e-06
Metal1,77.9250,148.9600,Metal1,78.1550,148.9600,2.810e-07
Metal1,77.9250,164.6400,Metal1,78.1550,164.6400,8.315e-07
Metal1,77.9250,172.4800,Metal1,78.1550,172.4800,5.333e-05
Metal1,77.9250,180.3200,Metal1,78.1550,180.3200,1.510e-05
Metal1,77.9700,196.0000,Metal1,79.6050,196.0000,1.850e-10
Metal1,78.0100,16.2450,Metal1,78.1550,15.6800,8.133e-09
Metal1,78.0100,219.5200,Metal1,80.1650,219.5200,5.975e-07
Metal1,78.1550,15.6800,Metal1,80.1650,15.6800,8.133e-09
Metal1,78.1550,23.5200,Metal1,79.6050,23.5200,7.187e-13
Metal1,78.1550,31.3600,Metal1,79.6050,31.3600,7.187e-13
Metal1,78.1550,39.2000,Metal1,79.6050,39.2000,7.187e-13
Metal1,78.1550,47.0400,Metal1,79.0450,47.0400,8.116e-09
Metal1,78.1550,54.8800,Metal1,79.6050,54.8800,7.187e-13
Metal1,78.1550,62.7200,Metal1,79.6050,62.7200,4.110e-09
Metal1,78.1550,70.5600,Metal1,79.6050,70.5600,4.115e-09
Metal1,78.1550,78.4000,Metal1,79.6050,78.4000,4.115e-09
Metal1,78.1550,86.2400,Metal1,79.6050,86.2400,4.110e-09
Metal1,78.1550,94.0800,Metal1,79.6050,94.0800,4.110e-09
Metal1,78.1550,109.7600,Metal1,80.4700,109.7600,6.218e-06
Metal1,78.1550,117.6000,Metal1,78.4850,117.6000,1.304e-05
Metal1,78.1550,125.4400,Metal1,80.1650,125.4400,5.782e-08
Metal1,78.1550,148.9600,Metal1,79.0450,148.9600,2.810e-07
Metal1,78.1550,164.6400,Metal1,78.3450,164.6400,8.315e-07
Metal1,78.1550,172.4800,Metal1,79.0450,172.4800,7.871e-07
Metal1,78.1550,180.3200,Metal1,78.4850,180.3200,1.510e-05
Metal1,78.2050,203.8400,Metal1,78.4350,203.8400,1.490e-05
Metal1,78.3450,101.9200,Metal1,78.5750,101.9200,1.555e-09
Metal1,78.3450,164.6400,Metal1,78.5750,164.6400,1.365e-09
Metal1,78.4350,203.8400,Metal1,80.4700,203.8400,1.967e-05
Metal1,78.4850,117.6000,Metal1,78.7150,117.6000,2.936e-06
Metal1,78.4850,133.2800,Metal1,78.7150,133.2800,7.179e-07
Metal1,78.4850,141.1200,Metal1,78.7150,141.1200,3.185e-05
Metal1,78.4850,180.3200,Metal1,78.7150,180.3200,4.108e-06
Metal1,78.5750,101.9200,Metal1,79.0450,101.9200,1.555e-09
Metal1,78.5750,164.6400,Metal1,80.4700,164.6400,1.385e-09
Metal1,78.7150,117.6000,Metal1,80.1650,117.6000,2.936e-06
Metal1,78.7150,133.2800,Metal1,79.0450,133.2800,7.179e-07
Metal1,78.7150,141.1200,Metal1,79.4650,141.1200,3.185e-05
Metal1,78.7150,180.3200,Metal1,80.1650,180.3200,4.108e-06
Metal1,79.0100,211.6800,Metal1,79.2400,211.6800,7.621e-07
Metal1,79.0450,47.0400,Metal1,79.2750,47.0400,8.544e-09
Metal1,79.0450,101.9200,Metal1,79.2750,101.9200,7.193e-08
Metal1,79.0450,133.2800,Metal1,79.2750,133.2800,5.539e-05
Metal1,79.0450,148.9600,Metal1,79.2750,148.9600,4.535e-05
Metal1,79.0450,156.8000,Metal1,79.1500,156.2350,2.236e-08
Metal1,79.0450,172.4800,Metal1,79.2750,172.4800,5.333e-05
Metal1,79.1500,156.2350,Metal1,79.2750,157.1450,1.498e-05
Metal1,79.2400,211.6800,Metal1,80.4700,211.6800,5.270e-08
Metal1,79.2750,47.0400,Metal1,80.1650,47.0400,8.554e-09
Metal1,79.2750,101.9200,Metal1,80.4700,101.9200,7.194e-08
Metal1,79.2750,133.2800,Metal1,80.4700,133.2800,5.539e-05
Metal1,79.2750,148.9600,Metal1,80.4700,148.9600,4.535e-05
Metal1,79.2750,157.1450,Metal1,79.4900,156.8000,4.196e-08
Metal1,79.2750,172.4800,Metal1,80.3250,172.4800,5.333e-05
Metal1,79.4650,141.1200,Metal1,79.6950,141.1200,1.021e-07
Metal1,79.4900,156.8000,Metal1,80.4700,156.8000,4.197e-08
Metal1,79.6050,23.5200,Metal1,79.8350,23.5200,2.524e-12
Metal1,79.6050,31.3600,Metal1,79.8350,31.3600,2.524e-12
Metal1,79.6050,39.2000,Metal1,79.8350,39.2000,2.524e-12
Metal1,79.6050,54.8800,Metal1,79.8350,54.8800,2.524e-12
Metal1,79.6050,62.7200,Metal1,79.8350,62.7200,1.654e-08
Metal1,79.6050,70.5600,Metal1,79.8350,70.5600,1.656e-08
Metal1,79.6050,78.4000,Metal1,79.8350,78.4000,1.656e-08
Metal1,79.6050,86.2400,Metal1,79.8350,86.2400,1.654e-08
Metal1,79.6050,94.0800,Metal1,79.8350,94.0800,1.654e-08
Metal1,79.6050,196.0000,Metal1,79.8350,196.0000,2.288e-08
Metal1,79.6950,141.1200,Metal1,80.4700,141.1200,1.021e-07
Metal1,79.8350,23.5200,Metal1,80.1650,23.5200,2.530e-12
Metal1,79.8350,31.3600,Metal1,80.1650,31.3600,2.512e-12
Metal1,79.8350,39.2000,Metal1,80.1650,39.2000,2.530e-12
Metal1,79.8350,54.8800,Metal1,80.1650,54.8800,2.530e-12
Metal1,79.8350,62.7200,Metal1,80.1650,62.7200,1.654e-08
Metal1,79.8350,70.5600,Metal1,80.1650,70.5600,1.656e-08
Metal1,79.8350,78.4000,Metal1,80.1650,78.4000,1.656e-08
Metal1,79.8350,86.2400,Metal1,80.1650,86.2400,1.654e-08
Metal1,79.8350,94.0800,Metal1,80.1650,94.0800,1.654e-08
Metal1,79.8350,196.0000,Metal1,80.4700,196.0000,2.288e-08
Metal1,80.1650,15.6800,Metal1,80.3950,15.6800,9.924e-10
Metal1,80.1650,23.5200,Metal1,80.3950,23.5200,9.947e-12
Metal1,80.1650,31.3600,Metal1,80.3950,31.3600,1.002e-11
Metal1,80.1650,39.2000,Metal1,80.3950,39.2000,9.947e-12
Metal1,80.1650,47.0400,Metal1,80.3950,47.0400,5.593e-08
Metal1,80.1650,54.8800,Metal1,80.3950,54.8800,1.002e-11
Metal1,80.1650,62.7200,Metal1,80.3950,62.7200,7.051e-08
Metal1,80.1650,70.5600,Metal1,80.3950,70.5600,7.060e-08
Metal1,80.1650,78.4000,Metal1,80.3950,78.4000,7.060e-08
Metal1,80.1650,86.2400,Metal1,80.3950,86.2400,7.051e-08
Metal1,80.1650,94.0800,Metal1,80.3950,94.0800,7.051e-08
Metal1,80.1650,117.6000,Metal1,80.3950,117.6000,1.913e-05
Metal1,80.1650,125.4400,Metal1,80.3950,125.4400,1.583e-05
Metal1,80.1650,180.3200,Metal1,80.3950,180.3200,1.478e-08
Metal1,80.1650,219.5200,Metal1,80.3950,219.5200,1.894e-09
Metal1,80.3250,172.4800,Metal1,80.4700,173.0250,2.537e-08
Metal1,80.3950,15.6800,Metal1,82.4050,15.6800,9.925e-10
Metal1,80.3950,23.5200,Metal1,80.4700,23.5200,1.003e-11
Metal1,80.3950,31.3600,Metal1,80.4700,31.3600,9.869e-12
Metal1,80.3950,39.2000,Metal1,80.4700,39.2000,9.948e-12
Metal1,80.3950,47.0400,Metal1,80.4700,47.0400,5.593e-08
Metal1,80.3950,54.8800,Metal1,80.4700,54.8800,9.948e-12
Metal1,80.3950,62.7200,Metal1,80.4700,62.7200,7.051e-08
Metal1,80.3950,70.5600,Metal1,80.4700,70.5600,7.060e-08
Metal1,80.3950,78.4000,Metal1,80.4700,78.4000,7.060e-08
Metal1,80.3950,86.2400,Metal1,80.4700,86.2400,7.051e-08
Metal1,80.3950,94.0800,Metal1,80.4700,94.0800,7.051e-08
Metal1,80.3950,117.6000,Metal1,80.4700,117.6000,1.913e-05
Metal1,80.3950,125.4400,Metal1,80.4700,125.4400,1.583e-05
Metal1,80.3950,180.3200,Metal1,80.4700,180.3200,1.478e-08
Metal1,80.3950,219.5200,Metal1,82.4050,219.5200,1.894e-09
Metal1,80.4700,23.5200,Metal1,80.8100,23.5200,1.396e-12
Metal1,80.4700,31.3600,Metal1,80.8100,31.3600,1.329e-12
Metal1,80.4700,39.2000,Metal1,80.8100,39.2000,1.329e-12
Metal1,80.4700,47.0400,Metal1,80.8100,47.0400,5.594e-08
Metal1,80.4700,54.8800,Metal1,80.8100,54.8800,1.329e-12
Metal1,80.4700,62.7200,Metal1,80.8100,62.7200,7.052e-08
Metal1,80.4700,70.5600,Metal1,80.8100,70.5600,7.061e-08
Metal1,80.4700,78.4000,Metal1,80.8100,78.4000,7.061e-08
Metal1,80.4700,86.2400,Metal1,80.8100,86.2400,7.052e-08
Metal1,80.4700,94.0800,Metal1,80.8100,94.0800,7.052e-08
Metal1,80.4700,101.9200,Metal1,80.8100,101.9200,7.195e-08
Metal1,80.4700,109.7600,Metal1,80.8100,109.7600,6.218e-06
Metal1,80.4700,117.6000,Metal1,80.8100,117.6000,1.913e-05
Metal1,80.4700,125.4400,Metal1,80.8100,125.4400,1.583e-05
Metal1,80.4700,133.2800,Metal1,80.8100,133.2800,5.539e-05
Metal1,80.4700,141.1200,Metal1,80.8100,141.1200,1.021e-07
Metal1,80.4700,148.9600,Metal1,80.8100,148.9600,4.535e-05
Metal1,80.4700,156.8000,Metal1,80.8100,156.8000,4.198e-08
Metal1,80.4700,164.6400,Metal1,80.8100,164.6400,1.395e-09
Metal1,80.4700,173.0250,Metal1,80.5550,171.6350,2.537e-08
Metal1,80.4700,180.3200,Metal1,80.8100,180.3200,1.479e-08
Metal1,80.4700,188.1600,Metal1,80.8100,188.1600,2.242e-05
Metal1,80.4700,196.0000,Metal1,80.8100,196.0000,2.289e-08
Metal1,80.4700,203.8400,Metal1,80.8100,203.8400,1.967e-05
Metal1,80.4700,211.6800,Metal1,80.8100,211.6800,5.271e-08
Metal1,80.5550,171.6350,Metal1,80.8100,172.4800,2.538e-08
Metal1,80.8100,23.5200,Metal1,82.4050,23.5200,1.333e-12
Metal1,80.8100,31.3600,Metal1,82.4050,31.3600,1.329e-12
Metal1,80.8100,39.2000,Metal1,82.4050,39.2000,1.329e-12
Metal1,80.8100,47.0400,Metal1,82.4050,47.0400,5.594e-08
Metal1,80.8100,54.8800,Metal1,82.4050,54.8800,1.325e-12
Metal1,80.8100,62.7200,Metal1,82.4050,62.7200,7.052e-08
Metal1,80.8100,70.5600,Metal1,82.4050,70.5600,7.061e-08
Metal1,80.8100,78.4000,Metal1,82.4050,78.4000,7.061e-08
Metal1,80.8100,86.2400,Metal1,82.4050,86.2400,7.052e-08
Metal1,80.8100,94.0800,Metal1,82.4050,94.0800,7.052e-08
Metal1,80.8100,101.9200,Metal1,82.6700,101.9200,1.695e-09
Metal1,80.8100,109.7600,Metal1,82.4100,109.7600,8.128e-07
Metal1,80.8100,117.6000,Metal1,82.5650,117.6000,1.913e-05
Metal1,80.8100,125.4400,Metal1,82.0100,125.4400,1.583e-05
Metal1,80.8100,133.2800,Metal1,82.4100,133.2800,5.539e-05
Metal1,80.8100,141.1200,Metal1,81.4450,141.1200,1.021e-07
Metal1,80.8100,148.9600,Metal1,80.8850,148.9600,4.535e-05
Metal1,80.8100,156.8000,Metal1,81.1450,156.8000,4.198e-08
Metal1,80.8100,164.6400,Metal1,82.6700,164.6400,1.395e-09
Metal1,80.8100,172.4800,Metal1,82.5650,172.4800,2.118e-07
Metal1,80.8100,180.3200,Metal1,82.4050,180.3200,1.479e-08
Metal1,80.8100,188.1600,Metal1,81.8450,188.1600,2.242e-05
Metal1,80.8100,196.0000,Metal1,82.6250,196.0000,2.289e-08
Metal1,80.8100,203.8400,Metal1,82.4050,203.8400,1.967e-05
Metal1,80.8100,211.6800,Metal1,82.6700,211.6800,5.271e-08
Metal1,80.8850,148.9600,Metal1,81.1150,148.9600,2.002e-06
Metal1,81.1150,148.9600,Metal1,82.9650,148.9600,3.140e-07
Metal1,81.1450,156.8000,Metal1,81.3750,156.8000,6.839e-12
Metal1,81.3750,156.8000,Metal1,82.9650,156.8000,6.804e-12
Metal1,81.4450,141.1200,Metal1,81.6750,141.1200,2.064e-10
Metal1,81.6750,141.1200,Metal1,83.6850,141.1200,2.064e-10
Metal1,81.8450,188.1600,Metal1,82.0750,188.1600,3.237e-06
Metal1,82.0100,125.4400,Metal1,82.2400,125.4400,1.115e-06
Metal1,82.0750,188.1600,Metal1,82.9650,188.1600,3.237e-06
Metal1,82.2400,125.4400,Metal1,84.0500,125.4400,6.205e-08
Metal1,82.4050,15.6800,Metal1,82.6350,15.6800,6.067e-07
Metal1,82.4050,23.5200,Metal1,82.6350,23.5200,9.345e-11
Metal1,82.4050,31.3600,Metal1,82.6350,31.3600,9.345e-11
Metal1,82.4050,39.2000,Metal1,82.6350,39.2000,9.256e-11
Metal1,82.4050,47.0400,Metal1,82.6350,47.0400,1.553e-05
Metal1,82.4050,54.8800,Metal1,82.6350,54.8800,9.190e-11
Metal1,82.4050,62.7200,Metal1,82.6350,62.7200,1.958e-05
Metal1,82.4050,70.5600,Metal1,82.6350,70.5600,1.960e-05
Metal1,82.4050,78.4000,Metal1,82.6350,78.4000,1.960e-05
Metal1,82.4050,86.2400,Metal1,82.6350,86.2400,1.958e-05
Metal1,82.4050,94.0800,Metal1,82.6350,94.0800,1.958e-05
Metal1,82.4050,180.3200,Metal1,82.6350,180.3200,1.701e-09
Metal1,82.4050,203.8400,Metal1,82.6350,203.8400,4.077e-06
Metal1,82.4050,219.5200,Metal1,82.6350,219.5200,1.361e-10
Metal1,82.4100,109.7600,Metal1,82.7500,109.7600,3.531e-06
Metal1,82.4100,133.2800,Metal1,82.7500,133.2800,1.100e-05
Metal1,82.5650,117.6000,Metal1,82.7950,117.6000,2.727e-06
Metal1,82.5650,172.4800,Metal1,82.7950,172.4800,5.615e-05
Metal1,82.6250,196.0000,Metal1,82.8550,196.0000,9.078e-06
Metal1,82.6350,15.6800,Metal1,84.6450,15.6800,1.543e-08
Metal1,82.6350,23.5200,Metal1,82.9650,23.5200,9.345e-11
Metal1,82.6350,31.3600,Metal1,82.9650,31.3600,9.347e-11
Metal1,82.6350,39.2000,Metal1,82.9650,39.2000,9.257e-11
Metal1,82.6350,47.0400,Metal1,82.9650,47.0400,1.553e-05
Metal1,82.6350,54.8800,Metal1,82.9650,54.8800,9.198e-11
Metal1,82.6350,62.7200,Metal1,82.9650,62.7200,1.958e-05
Metal1,82.6350,70.5600,Metal1,82.9650,70.5600,1.960e-05
Metal1,82.6350,78.4000,Metal1,82.9650,78.4000,1.960e-05
Metal1,82.6350,86.2400,Metal1,82.9650,86.2400,1.958e-05
Metal1,82.6350,94.0800,Metal1,82.9650,94.0800,1.958e-05
Metal1,82.6350,180.3200,Metal1,82.9650,180.3200,1.701e-09
Metal1,82.6350,203.8400,Metal1,82.9650,203.8400,4.077e-06
Metal1,82.6350,219.5200,Metal1,84.6450,219.5200,6.696e-12
Metal1,82.6700,101.9200,Metal1,82.9650,102.3800,1.517e-10
Metal1,82.6700,164.6400,Metal1,82.9650,165.1000,9.208e-12
Metal1,82.6700,211.6800,Metal1,82.9650,212.0950,2.448e-05
Metal1,82.7500,109.7600,Metal1,82.9650,109.7600,3.531e-06
Metal1,82.7500,133.2800,Metal1,82.9650,133.2800,1.100e-05
Metal1,82.7950,117.6000,Metal1,87.4100,117.6000,1.974e-05
Metal1,82.7950,172.4800,Metal1,84.1900,172.4800,5.615e-05
Metal1,82.8550,196.0000,Metal1,82.9650,196.0000,9.078e-06
Metal1,82.9650,23.5200,Metal1,83.1950,23.5200,2.494e-11
Metal1,82.9650,31.3600,Metal1,83.1950,31.3600,2.494e-11
Metal1,82.9650,39.2000,Metal1,83.1950,39.2000,2.472e-11
Metal1,82.9650,47.0400,Metal1,83.1950,47.0400,4.143e-06
Metal1,82.9650,54.8800,Metal1,83.1950,54.8800,2.450e-11
Metal1,82.9650,62.7200,Metal1,83.1950,62.7200,5.220e-06
Metal1,82.9650,70.5600,Metal1,83.1950,70.5600,5.227e-06
Metal1,82.9650,78.4000,Metal1,83.1950,78.4000,5.227e-06
Metal1,82.9650,86.2400,Metal1,83.1950,86.2400,5.221e-06
Metal1,82.9650,94.0800,Metal1,83.1950,94.0800,5.221e-06
Metal1,82.9650,102.3800,Metal1,83.0100,101.3550,1.517e-10
Metal1,82.9650,109.7600,Metal1,83.1950,109.7600,1.874e-06
Metal1,82.9650,133.2800,Metal1,83.1950,133.2800,8.754e-08
Metal1,82.9650,148.9600,Metal1,83.1950,148.9600,2.072e-06
Metal1,82.9650,156.8000,Metal1,83.1950,156.8000,4.454e-13
Metal1,82.9650,165.1000,Metal1,83.0100,164.0750,9.215e-12
Metal1,82.9650,180.3200,Metal1,83.1950,180.3200,9.152e-11
Metal1,82.9650,188.1600,Metal1,83.1950,188.1600,3.083e-06
Metal1,82.9650,196.0000,Metal1,83.1950,196.0000,5.360e-07
Metal1,82.9650,203.8400,Metal1,83.1950,203.8400,1.018e-06
Metal1,82.9650,212.0950,Metal1,83.0100,211.1150,2.448e-05
Metal1,83.0100,101.3550,Metal1,83.1950,101.9200,2.641e-07
Metal1,83.0100,164.0750,Metal1,83.1950,164.6400,6.816e-11
Metal1,83.0100,211.1150,Metal1,83.1950,211.6800,4.233e-08
Metal1,83.1950,23.5200,Metal1,84.6450,23.5200,2.492e-11
Metal1,83.1950,31.3600,Metal1,84.6450,31.3600,2.491e-11
Metal1,83.1950,39.2000,Metal1,84.6450,39.2000,2.468e-11
Metal1,83.1950,47.0400,Metal1,84.6450,47.0400,4.143e-06
Metal1,83.1950,54.8800,Metal1,84.6450,54.8800,2.452e-11
Metal1,83.1950,62.7200,Metal1,84.6450,62.7200,5.220e-06
Metal1,83.1950,70.5600,Metal1,84.6450,70.5600,5.227e-06
Metal1,83.1950,78.4000,Metal1,84.6450,78.4000,5.227e-06
Metal1,83.1950,86.2400,Metal1,84.6450,86.2400,5.221e-06
Metal1,83.1950,94.0800,Metal1,84.6450,94.0800,5.221e-06
Metal1,83.1950,101.9200,Metal1,84.8050,101.9200,2.641e-07
Metal1,83.1950,109.7600,Metal1,83.6900,109.7600,1.874e-06
Metal1,83.1950,133.2800,Metal1,85.2050,133.2800,8.754e-08
Metal1,83.1950,148.9600,Metal1,83.2450,148.9600,2.072e-06
Metal1,83.1950,156.8000,Metal1,85.2050,156.8000,5.597e-14
Metal1,83.1950,164.6400,Metal1,85.2050,164.6400,6.223e-11
Metal1,83.1950,180.3200,Metal1,84.6450,180.3200,4.231e-10
Metal1,83.1950,188.1600,Metal1,84.0850,188.1600,3.083e-06
Metal1,83.1950,196.0000,Metal1,84.3650,196.0000,1.592e-06
Metal1,83.1950,203.8400,Metal1,84.6450,203.8400,1.018e-06
Metal1,83.1950,211.6800,Metal1,85.2050,211.6800,4.233e-08
Metal1,83.2450,148.9600,Metal1,83.4750,148.9600,3.231e-07
Metal1,83.4750,148.9600,Metal1,85.2050,148.9600,3.231e-07
Metal1,83.6850,141.1200,Metal1,83.7900,140.8750,2.064e-10
Metal1,83.6900,109.7600,Metal1,83.9200,109.7600,1.321e-07
Metal1,83.7900,140.8750,Metal1,83.9150,141.5800,6.538e-09
Metal1,83.9150,141.5800,Metal1,84.1300,141.1200,1.700e-08
Metal1,83.9200,109.7600,Metal1,85.7300,109.7600,7.431e-09
Metal1,84.0500,125.4400,Metal1,84.2800,125.4400,1.586e-05
Metal1,84.0850,188.1600,Metal1,84.3150,188.1600,2.123e-08
Metal1,84.1300,141.1200,Metal1,85.9250,141.1200,2.384e-08
Metal1,84.1900,172.4800,Metal1,84.5300,172.4800,2.049e-07
Metal1,84.2800,125.4400,Metal1,86.2900,125.4400,1.880e-08
Metal1,84.3150,188.1600,Metal1,85.2050,188.1600,3.380e-06
Metal1,84.3650,196.0000,Metal1,84.5950,196.0000,2.795e-06
Metal1,84.5300,172.4800,Metal1,86.1850,172.4800,2.049e-07
Metal1,84.5950,196.0000,Metal1,85.2050,196.0000,2.795e-06
Metal1,84.6450,15.6800,Metal1,84.8750,15.6800,6.965e-08
Metal1,84.6450,23.5200,Metal1,84.8750,23.5200,9.338e-11
Metal1,84.6450,31.3600,Metal1,84.8750,31.3600,9.331e-11
Metal1,84.6450,39.2000,Metal1,84.8750,39.2000,9.256e-11
Metal1,84.6450,47.0400,Metal1,84.8750,47.0400,1.553e-05
Metal1,84.6450,54.8800,Metal1,84.8750,54.8800,9.182e-11
Metal1,84.6450,62.7200,Metal1,84.8750,62.7200,1.958e-05
Metal1,84.6450,70.5600,Metal1,84.8750,70.5600,1.960e-05
Metal1,84.6450,78.4000,Metal1,84.8750,78.4000,1.960e-05
Metal1,84.6450,86.2400,Metal1,84.8750,86.2400,1.958e-05
Metal1,84.6450,94.0800,Metal1,84.8750,94.0800,1.958e-05
Metal1,84.6450,180.3200,Metal1,84.8750,180.3200,1.047e-10
Metal1,84.6450,203.8400,Metal1,84.8750,203.8400,2.616e-07
Metal1,84.6450,219.5200,Metal1,84.8750,219.5200,1.894e-09
Metal1,84.8050,101.9200,Metal1,85.0350,101.9200,5.793e-09
Metal1,84.8750,15.6800,Metal1,86.8850,15.6800,6.965e-08
Metal1,84.8750,23.5200,Metal1,85.2050,23.5200,9.341e-11
Metal1,84.8750,31.3600,Metal1,85.2050,31.3600,9.343e-11
Metal1,84.8750,39.2000,Metal1,85.2050,39.2000,9.257e-11
Metal1,84.8750,47.0400,Metal1,85.2050,47.0400,1.553e-05
Metal1,84.8750,54.8800,Metal1,85.2050,54.8800,9.192e-11
Metal1,84.8750,62.7200,Metal1,85.2050,62.7200,1.958e-05
Metal1,84.8750,70.5600,Metal1,85.2050,70.5600,1.960e-05
Metal1,84.8750,78.4000,Metal1,85.2050,78.4000,1.960e-05
Metal1,84.8750,86.2400,Metal1,85.2050,86.2400,1.958e-05
Metal1,84.8750,94.0800,Metal1,85.2050,94.0800,1.958e-05
Metal1,84.8750,180.3200,Metal1,85.2050,180.3200,1.887e-09
Metal1,84.8750,203.8400,Metal1,85.2050,203.8400,4.672e-06
Metal1,84.8750,219.5200,Metal1,86.8850,219.5200,1.894e-09
Metal1,85.0350,101.9200,Metal1,87.6650,101.9200,3.466e-07
Metal1,85.2050,23.5200,Metal1,85.4350,23.5200,2.227e-13
Metal1,85.2050,31.3600,Metal1,85.4350,31.3600,2.227e-13
Metal1,85.2050,39.2000,Metal1,85.4350,39.2000,2.969e-13
Metal1,85.2050,47.0400,Metal1,85.4350,47.0400,6.380e-08
Metal1,85.2050,54.8800,Metal1,85.4350,54.8800,2.969e-13
Metal1,85.2050,62.7200,Metal1,85.4350,62.7200,8.040e-08
Metal1,85.2050,70.5600,Metal1,85.4350,70.5600,8.050e-08
Metal1,85.2050,78.4000,Metal1,85.4350,78.4000,8.050e-08
Metal1,85.2050,86.2400,Metal1,85.4350,86.2400,8.040e-08
Metal1,85.2050,94.0800,Metal1,85.4350,94.0800,8.040e-08
Metal1,85.2050,133.2800,Metal1,85.4350,133.2800,3.862e-05
Metal1,85.2050,148.9600,Metal1,85.4350,148.9600,4.542e-05
Metal1,85.2050,156.8000,Metal1,85.4350,156.8000,1.626e-11
Metal1,85.2050,164.6400,Metal1,85.4350,164.6400,1.882e-08
Metal1,85.2050,180.3200,Metal1,85.4350,180.3200,4.022e-09
Metal1,85.2050,188.1600,Metal1,85.4350,188.1600,1.631e-09
Metal1,85.2050,196.0000,Metal1,85.4350,196.0000,1.347e-05
Metal1,85.2050,203.8400,Metal1,85.4350,203.8400,2.575e-07
Metal1,85.2050,211.6800,Metal1,85.4350,211.6800,4.899e-09
Metal1,85.4350,23.5200,Metal1,86.8850,23.5200,3.267e-13
Metal1,85.4350,31.3600,Metal1,86.8850,31.3600,3.267e-13
Metal1,85.4350,39.2000,Metal1,86.8850,39.2000,3.063e-13
Metal1,85.4350,47.0400,Metal1,86.8850,47.0400,6.380e-08
Metal1,85.4350,54.8800,Metal1,86.8850,54.8800,3.389e-13
Metal1,85.4350,62.7200,Metal1,86.8850,62.7200,8.040e-08
Metal1,85.4350,70.5600,Metal1,86.8850,70.5600,8.050e-08
Metal1,85.4350,78.4000,Metal1,86.8850,78.4000,8.050e-08
Metal1,85.4350,86.2400,Metal1,86.8850,86.2400,8.040e-08
Metal1,85.4350,94.0800,Metal1,86.8850,94.0800,8.040e-08
Metal1,85.4350,133.2800,Metal1,87.4450,133.2800,1.645e-06
Metal1,85.4350,148.9600,Metal1,86.8850,148.9600,7.488e-06
Metal1,85.4350,156.8000,Metal1,85.4700,156.8000,1.641e-11
Metal1,85.4350,164.6400,Metal1,87.6650,164.6400,1.884e-08
Metal1,85.4350,180.3200,Metal1,86.8850,180.3200,6.448e-10
Metal1,85.4350,188.1600,Metal1,86.3250,188.1600,3.357e-06
Metal1,85.4350,196.0000,Metal1,87.6100,196.0000,1.347e-05
Metal1,85.4350,203.8400,Metal1,86.8850,203.8400,1.075e-06
Metal1,85.4350,211.6800,Metal1,87.4450,211.6800,2.608e-08
Metal1,85.4700,156.8000,Metal1,85.8100,156.8000,3.989e-08
Metal1,85.7300,109.7600,Metal1,85.9600,109.7600,1.900e-06
Metal1,85.8100,156.8000,Metal1,87.1450,156.8000,8.829e-07
Metal1,85.9250,141.1200,Metal1,86.1550,141.1200,1.562e-07
Metal1,85.9600,109.7600,Metal1,88.0050,109.7600,1.827e-06
Metal1,86.1550,141.1200,Metal1,88.6700,141.1200,1.562e-07
Metal1,86.1850,172.4800,Metal1,86.3250,172.2625,2.601e-10
Metal1,86.2900,125.4400,Metal1,86.3250,124.8950,1.880e-08
Metal1,86.3250,124.8950,Metal1,86.5200,126.0050,8.259e-09
Metal1,86.3250,172.2625,Metal1,86.4150,173.0450,2.601e-10
Metal1,86.3250,188.1600,Metal1,86.5550,188.1600,3.062e-06
Metal1,86.4150,173.0450,Metal1,86.5550,172.4800,3.766e-13
Metal1,86.5200,126.0050,Metal1,86.5550,125.4400,8.259e-09
Metal1,86.5550,125.4400,Metal1,88.5650,125.4400,5.338e-08
Metal1,86.5550,172.4800,Metal1,88.5650,172.4800,3.771e-13
Metal1,86.5550,188.1600,Metal1,87.4450,188.1600,3.062e-06
Metal1,86.8850,15.6800,Metal1,87.1150,15.6800,1.466e-06
Metal1,86.8850,23.5200,Metal1,87.1150,23.5200,2.672e-12
Metal1,86.8850,31.3600,Metal1,87.1150,31.3600,2.672e-12
Metal1,86.8850,39.2000,Metal1,87.1150,39.2000,2.598e-12
Metal1,86.8850,47.0400,Metal1,87.1150,47.0400,1.325e-08
Metal1,86.8850,54.8800,Metal1,87.1150,54.8800,2.672e-12
Metal1,86.8850,62.7200,Metal1,87.1150,62.7200,1.669e-08
Metal1,86.8850,70.5600,Metal1,87.1150,70.5600,1.671e-08
Metal1,86.8850,78.4000,Metal1,87.1150,78.4000,1.672e-08
Metal1,86.8850,86.2400,Metal1,87.1150,86.2400,1.670e-08
Metal1,86.8850,94.0800,Metal1,87.1150,94.0800,1.669e-08
Metal1,86.8850,148.9600,Metal1,87.1150,148.9600,1.681e-06
Metal1,86.8850,180.3200,Metal1,87.1150,180.3200,2.434e-09
Metal1,86.8850,203.8400,Metal1,87.1150,203.8400,3.750e-06
Metal1,86.8850,219.5200,Metal1,87.1150,219.5200,5.975e-07
Metal1,87.1150,15.6800,Metal1,89.1250,15.6800,9.662e-09
Metal1,87.1150,23.5200,Metal1,87.4450,23.5200,2.691e-12
Metal1,87.1150,31.3600,Metal1,87.4450,31.3600,2.691e-12
Metal1,87.1150,39.2000,Metal1,87.4450,39.2000,2.566e-12
Metal1,87.1150,47.0400,Metal1,87.4450,47.0400,1.325e-08
Metal1,87.1150,54.8800,Metal1,87.4450,54.8800,2.727e-12
Metal1,87.1150,62.7200,Metal1,87.4450,62.7200,1.669e-08
Metal1,87.1150,70.5600,Metal1,87.4450,70.5600,1.671e-08
Metal1,87.1150,78.4000,Metal1,87.4450,78.4000,1.672e-08
Metal1,87.1150,86.2400,Metal1,87.4450,86.2400,1.670e-08
Metal1,87.1150,94.0800,Metal1,87.4450,94.0800,1.669e-08
Metal1,87.1150,148.9600,Metal1,87.4450,148.9600,3.096e-05
Metal1,87.1150,180.3200,Metal1,87.4450,180.3200,2.434e-09
Metal1,87.1150,203.8400,Metal1,87.4450,203.8400,3.750e-06
Metal1,87.1150,219.5200,Metal1,89.1250,219.5200,3.938e-09
Metal1,87.1450,156.8000,Metal1,87.3750,156.8000,3.504e-08
Metal1,87.3750,156.8000,Metal1,90.4650,156.8000,3.835e-07
Metal1,87.4100,117.6000,Metal1,87.4450,117.0550,2.837e-08
Metal1,87.4450,23.5200,Metal1,87.6750,23.5200,7.423e-13
Metal1,87.4450,31.3600,Metal1,87.6750,31.3600,7.423e-13
Metal1,87.4450,39.2000,Metal1,87.6750,39.2000,7.423e-13
Metal1,87.4450,47.0400,Metal1,87.6750,47.0400,3.310e-09
Metal1,87.4450,54.8800,Metal1,87.6750,54.8800,7.423e-13
Metal1,87.4450,62.7200,Metal1,87.6750,62.7200,4.171e-09
Metal1,87.4450,70.5600,Metal1,87.6750,70.5600,4.176e-09
Metal1,87.4450,78.4000,Metal1,87.6750,78.4000,4.178e-09
Metal1,87.4450,86.2400,Metal1,87.6750,86.2400,4.172e-09
Metal1,87.4450,94.0800,Metal1,87.6750,94.0800,4.171e-09
Metal1,87.4450,117.0550,Metal1,87.6400,118.1650,1.024e-08
Metal1,87.4450,133.2800,Metal1,87.6750,133.2800,2.852e-06
Metal1,87.4450,148.9600,Metal1,87.6750,148.9600,6.974e-06
Metal1,87.4450,180.3200,Metal1,87.6750,180.3200,7.110e-09
Metal1,87.4450,188.1600,Metal1,87.6750,188.1600,3.063e-06
Metal1,87.4450,203.8400,Metal1,87.6750,203.8400,1.003e-06
Metal1,87.4450,211.6800,Metal1,87.6750,211.6800,7.910e-06
Metal1,87.6100,196.0000,Metal1,87.8400,196.0000,1.026e-06
Metal1,87.6400,118.1650,Metal1,87.6750,117.6000,1.024e-08
Metal1,87.6650,101.9200,Metal1,87.8950,101.9200,4.620e-07
Metal1,87.6650,164.6400,Metal1,87.8950,164.6400,6.602e-06
Metal1,87.6750,23.5200,Metal1,89.1250,23.5200,7.310e-13
Metal1,87.6750,31.3600,Metal1,89.1250,31.3600,7.269e-13
Metal1,87.6750,39.2000,Metal1,89.1250,39.2000,6.983e-13
Metal1,87.6750,47.0400,Metal1,89.1250,47.0400,3.310e-09
Metal1,87.6750,54.8800,Metal1,89.1250,54.8800,7.391e-13
Metal1,87.6750,62.7200,Metal1,89.1250,62.7200,4.171e-09
Metal1,87.6750,70.5600,Metal1,89.1250,70.5600,4.176e-09
Metal1,87.6750,78.4000,Metal1,89.1250,78.4000,4.178e-09
Metal1,87.6750,86.2400,Metal1,89.1250,86.2400,4.172e-09
Metal1,87.6750,94.0800,Metal1,89.1250,94.0800,4.171e-09
Metal1,87.6750,117.6000,Metal1,89.6850,117.6000,6.618e-08
Metal1,87.6750,133.2800,Metal1,88.8300,133.2800,2.852e-06
Metal1,87.6750,148.9600,Metal1,89.1250,148.9600,6.974e-06
Metal1,87.6750,180.3200,Metal1,89.1250,180.3200,7.120e-09
Metal1,87.6750,188.1600,Metal1,88.5650,188.1600,3.063e-06
Metal1,87.6750,203.8400,Metal1,89.1250,203.8400,1.003e-06
Metal1,87.6750,211.6800,Metal1,88.5650,211.6800,7.910e-06
Metal1,87.8400,196.0000,Metal1,88.0050,196.0000,1.026e-06
Metal1,87.8950,101.9200,Metal1,89.4050,101.9200,4.620e-07
Metal1,87.8950,164.6400,Metal1,88.5700,164.6400,6.602e-06
Metal1,88.0050,109.7600,Metal1,88.2350,109.7600,5.452e-06
Metal1,88.0050,196.0000,Metal1,88.2350,196.0000,9.474e-07
Metal1,88.2350,109.7600,Metal1,88.8300,109.7600,5.452e-06
Metal1,88.2350,196.0000,Metal1,89.6500,196.0000,6.361e-08
Metal1,88.5650,125.4400,Metal1,88.7950,125.4400,1.619e-05
Metal1,88.5650,172.4800,Metal1,88.7950,172.4800,9.798e-12
Metal1,88.5650,188.1600,Metal1,88.7950,188.1600,3.237e-06
Metal1,88.5650,211.6800,Metal1,88.7950,211.6800,4.581e-08
Metal1,88.5700,164.6400,Metal1,88.9100,164.6400,6.577e-06
Metal1,88.6700,141.1200,Metal1,88.7850,140.7750,1.562e-07
Metal1,88.7850,140.7750,Metal1,89.0100,141.6125,1.023e-08
Metal1,88.7950,125.4400,Metal1,89.1250,125.4400,1.619e-05
Metal1,88.7950,172.4800,Metal1,90.5100,172.4800,1.370e-10
Metal1,88.7950,188.1600,Metal1,89.6850,188.1600,3.237e-06
Metal1,88.7950,211.6800,Metal1,89.6850,211.6800,8.550e-06
Metal1,88.8300,109.7600,Metal1,89.1700,109.7600,3.044e-06
Metal1,88.8300,133.2800,Metal1,89.1700,133.2800,5.349e-06
Metal1,88.9100,164.6400,Metal1,89.4050,164.6400,6.577e-06
Metal1,89.0100,141.6125,Metal1,89.0150,141.1200,1.023e-08
Metal1,89.0150,141.1200,Metal1,90.5250,141.1200,1.023e-08
Metal1,89.1250,15.6800,Metal1,89.3550,15.6800,1.587e-07
Metal1,89.1250,23.5200,Metal1,89.3550,23.5200,1.485e-13
Metal1,89.1250,31.3600,Metal1,89.3550,31.3600,7.423e-14
Metal1,89.1250,39.2000,Metal1,89.3550,39.2000,2.227e-13
Metal1,89.1250,47.0400,Metal1,89.3550,47.0400,8.502e-10
Metal1,89.1250,54.8800,Metal1,89.3550,54.8800,2.227e-13
Metal1,89.1250,62.7200,Metal1,89.3550,62.7200,1.071e-09
Metal1,89.1250,70.5600,Metal1,89.3550,70.5600,1.073e-09
Metal1,89.1250,78.4000,Metal1,89.3550,78.4000,1.073e-09
Metal1,89.1250,86.2400,Metal1,89.3550,86.2400,1.071e-09
Metal1,89.1250,94.0800,Metal1,89.3550,94.0800,1.072e-09
Metal1,89.1250,125.4400,Metal1,89.2850,124.8750,1.767e-07
Metal1,89.1250,148.9600,Metal1,89.3550,148.9600,4.542e-05
Metal1,89.1250,180.3200,Metal1,89.3550,180.3200,1.793e-06
Metal1,89.1250,203.8400,Metal1,89.3550,203.8400,4.077e-06
Metal1,89.1250,219.5200,Metal1,89.3550,219.5200,5.975e-07
Metal1,89.1700,109.7600,Metal1,90.2450,109.7600,3.044e-06
Metal1,89.1700,133.2800,Metal1,89.6850,133.2800,5.349e-06
Metal1,89.2850,124.8750,Metal1,89.3550,125.9850,1.767e-07
Metal1,89.3550,15.6800,Metal1,91.1100,15.6800,8.066e-11
Metal1,89.3550,23.5200,Metal1,89.6850,23.5200,3.355e-12
Metal1,89.3550,31.3600,Metal1,89.6850,31.3600,3.355e-12
Metal1,89.3550,39.2000,Metal1,89.6850,39.2000,3.212e-12
Metal1,89.3550,47.0400,Metal1,89.6850,47.0400,1.518e-08
Metal1,89.3550,54.8800,Metal1,89.6850,54.8800,3.391e-12
Metal1,89.3550,62.7200,Metal1,89.6850,62.7200,1.913e-08
Metal1,89.3550,70.5600,Metal1,89.6850,70.5600,1.916e-08
Metal1,89.3550,78.4000,Metal1,89.6850,78.4000,1.916e-08
Metal1,89.3550,86.2400,Metal1,89.6850,86.2400,1.914e-08
Metal1,89.3550,94.0800,Metal1,89.6850,94.0800,1.913e-08
Metal1,89.3550,125.9850,Metal1,89.5150,125.4400,3.194e-09
Metal1,89.3550,148.9600,Metal1,91.5300,148.9600,1.796e-06
Metal1,89.3550,180.3200,Metal1,90.9100,180.3200,1.793e-06
Metal1,89.3550,203.8400,Metal1,89.6850,203.8400,4.077e-06
Metal1,89.3550,219.5200,Metal1,91.1100,219.5200,5.975e-07
Metal1,89.4050,101.9200,Metal1,89.6350,101.9200,1.112e-04
Metal1,89.4050,164.6400,Metal1,89.6350,164.6400,5.102e-05
Metal1,89.5150,125.4400,Metal1,91.3650,125.4400,1.162e-06
Metal1,89.6350,101.9200,Metal1,89.6850,101.9200,1.112e-04
Metal1,89.6350,164.6400,Metal1,91.1050,164.6400,5.185e-07
Metal1,89.6500,196.0000,Metal1,89.8800,196.0000,6.283e-07
Metal1,89.6850,23.5200,Metal1,89.9150,23.5200,1.485e-13
Metal1,89.6850,31.3600,Metal1,89.9150,31.3600,1.485e-13
Metal1,89.6850,39.2000,Metal1,89.9150,39.2000,2.227e-13
Metal1,89.6850,47.0400,Metal1,89.9150,47.0400,8.369e-10
Metal1,89.6850,54.8800,Metal1,89.9150,54.8800,1.485e-13
Metal1,89.6850,62.7200,Metal1,89.9150,62.7200,1.055e-09
Metal1,89.6850,70.5600,Metal1,89.9150,70.5600,1.056e-09
Metal1,89.6850,78.4000,Metal1,89.9150,78.4000,1.056e-09
Metal1,89.6850,86.2400,Metal1,89.9150,86.2400,1.055e-09
Metal1,89.6850,94.0800,Metal1,89.9150,94.0800,1.055e-09
Metal1,89.6850,101.9200,Metal1,89.9150,101.9200,3.527e-07
Metal1,89.6850,117.6000,Metal1,89.9150,117.6000,2.007e-05
Metal1,89.6850,133.2800,Metal1,89.9150,133.2800,3.831e-07
Metal1,89.6850,188.1600,Metal1,89.9150,188.1600,2.242e-05
Metal1,89.6850,203.8400,Metal1,89.9150,203.8400,1.967e-05
Metal1,89.6850,211.6800,Metal1,89.9150,211.6800,8.018e-06
Metal1,89.8800,196.0000,Metal1,90.2450,196.0000,6.283e-07
Metal1,89.9150,23.5200,Metal1,91.3650,23.5200,7.677e-13
Metal1,89.9150,31.3600,Metal1,91.3650,31.3600,7.677e-13
Metal1,89.9150,39.2000,Metal1,91.3650,39.2000,7.432e-13
Metal1,89.9150,47.0400,Metal1,91.3650,47.0400,3.496e-09
Metal1,89.9150,54.8800,Metal1,91.3650,54.8800,7.759e-13
Metal1,89.9150,62.7200,Metal1,91.3650,62.7200,4.405e-09
Metal1,89.9150,70.5600,Metal1,91.3650,70.5600,4.410e-09
Metal1,89.9150,78.4000,Metal1,91.3650,78.4000,4.411e-09
Metal1,89.9150,86.2400,Metal1,91.3650,86.2400,4.405e-09
Metal1,89.9150,94.0800,Metal1,91.3650,94.0800,4.405e-09
Metal1,89.9150,101.9200,Metal1,91.9250,101.9200,3.527e-07
Metal1,89.9150,117.6000,Metal1,90.2450,117.6000,2.007e-05
Metal1,89.9150,133.2800,Metal1,91.9250,133.2800,1.263e-09
Metal1,89.9150,188.1600,Metal1,90.8050,188.1600,2.242e-05
Metal1,89.9150,203.8400,Metal1,91.3650,203.8400,1.967e-05
Metal1,89.9150,211.6800,Metal1,90.8050,211.6800,8.018e-06
Metal1,90.2450,109.7600,Metal1,90.4750,109.7600,9.650e-09
Metal1,90.2450,117.6000,Metal1,90.4750,117.6000,2.593e-07
Metal1,90.2450,196.0000,Metal1,90.4750,196.0000,1.591e-05
Metal1,90.4650,156.8000,Metal1,90.6950,156.8000,8.958e-08
Metal1,90.4750,109.7600,Metal1,92.4850,109.7600,9.650e-09
Metal1,90.4750,117.6000,Metal1,91.9250,117.6000,2.363e-09
Metal1,90.4750,196.0000,Metal1,91.9250,196.0000,2.623e-06
Metal1,90.5100,172.4800,Metal1,90.8050,172.0200,8.050e-12
Metal1,90.5250,141.1200,Metal1,90.6650,141.6125,1.881e-07
Metal1,90.6650,141.6125,Metal1,90.7550,140.9025,1.881e-07
Metal1,90.6950,156.8000,Metal1,92.2050,156.8000,8.958e-08
Metal1,90.7550,140.9025,Metal1,90.8950,141.1200,1.754e-10
Metal1,90.8050,172.0200,Metal1,90.8500,173.0450,8.052e-12
Metal1,90.8050,188.1600,Metal1,91.0350,188.1600,2.155e-06
Metal1,90.8050,211.6800,Metal1,91.0350,211.6800,2.448e-05
Metal1,90.8500,173.0450,Metal1,91.0350,172.4800,6.221e-11
Metal1,90.8950,141.1200,Metal1,94.4700,141.1200,1.852e-10
Metal1,90.9100,180.3200,Metal1,91.2500,180.3200,1.047e-05
Metal1,91.0350,172.4800,Metal1,93.0450,172.4800,6.221e-11
Metal1,91.0350,188.1600,Metal1,91.9250,188.1600,7.675e-06
Metal1,91.0350,211.6800,Metal1,91.9250,211.6800,2.448e-05
Metal1,91.1050,164.6400,Metal1,91.3350,164.6400,6.435e-05
Metal1,91.1100,15.6800,Metal1,91.3650,14.8350,9.058e-11
Metal1,91.1100,219.5200,Metal1,91.4500,219.5200,5.975e-07
Metal1,91.2500,180.3200,Metal1,91.3650,180.3200,1.047e-05
Metal1,91.3350,164.6400,Metal1,93.0450,164.6400,4.979e-07
Metal1,91.3650,14.8350,Metal1,91.4500,16.2450,9.058e-11
Metal1,91.3650,23.5200,Metal1,91.5950,23.5200,2.672e-12
Metal1,91.3650,31.3600,Metal1,91.5950,31.3600,2.672e-12
Metal1,91.3650,39.2000,Metal1,91.5950,39.2000,2.598e-12
Metal1,91.3650,47.0400,Metal1,91.5950,47.0400,1.219e-08
Metal1,91.3650,54.8800,Metal1,91.5950,54.8800,2.672e-12
Metal1,91.3650,62.7200,Metal1,91.5950,62.7200,1.536e-08
Metal1,91.3650,70.5600,Metal1,91.5950,70.5600,1.538e-08
Metal1,91.3650,78.4000,Metal1,91.5950,78.4000,1.538e-08
Metal1,91.3650,86.2400,Metal1,91.5950,86.2400,1.536e-08
Metal1,91.3650,94.0800,Metal1,91.5950,94.0800,1.536e-08
Metal1,91.3650,125.4400,Metal1,91.5950,125.4400,3.675e-09
Metal1,91.3650,180.3200,Metal1,91.5950,180.3200,2.083e-06
Metal1,91.3650,203.8400,Metal1,91.5950,203.8400,2.091e-06
Metal1,91.4500,16.2450,Metal1,91.5950,15.6800,2.491e-08
Metal1,91.4500,219.5200,Metal1,93.6050,219.5200,5.975e-07
Metal1,91.5300,148.9600,Metal1,91.7600,148.9600,1.015e-05
Metal1,91.5950,15.6800,Metal1,93.6050,15.6800,2.491e-08
Metal1,91.5950,23.5200,Metal1,91.9250,23.5200,2.709e-12
Metal1,91.5950,31.3600,Metal1,91.9250,31.3600,2.727e-12
Metal1,91.5950,39.2000,Metal1,91.9250,39.2000,2.602e-12
Metal1,91.5950,47.0400,Metal1,91.9250,47.0400,1.219e-08
Metal1,91.5950,54.8800,Metal1,91.9250,54.8800,2.709e-12
Metal1,91.5950,62.7200,Metal1,91.9250,62.7200,1.536e-08
Metal1,91.5950,70.5600,Metal1,91.9250,70.5600,1.538e-08
Metal1,91.5950,78.4000,Metal1,91.9250,78.4000,1.538e-08
Metal1,91.5950,86.2400,Metal1,91.9250,86.2400,1.536e-08
Metal1,91.5950,94.0800,Metal1,91.9250,94.0800,1.536e-08
Metal1,91.5950,125.4400,Metal1,93.6050,125.4400,3.684e-09
Metal1,91.5950,180.3200,Metal1,92.9050,180.3200,2.083e-06
Metal1,91.5950,203.8400,Metal1,91.9250,203.8400,9.525e-06
Metal1,91.7600,148.9600,Metal1,92.0050,148.9600,1.015e-05
Metal1,91.9250,23.5200,Metal1,92.1550,23.5200,7.423e-13
Metal1,91.9250,31.3600,Metal1,92.1550,31.3600,7.423e-13
Metal1,91.9250,39.2000,Metal1,92.1550,39.2000,7.423e-13
Metal1,91.9250,47.0400,Metal1,92.1550,47.0400,3.262e-09
Metal1,91.9250,54.8800,Metal1,92.1550,54.8800,7.423e-13
Metal1,91.9250,62.7200,Metal1,92.1550,62.7200,4.110e-09
Metal1,91.9250,70.5600,Metal1,92.1550,70.5600,4.115e-09
Metal1,91.9250,78.4000,Metal1,92.1550,78.4000,4.117e-09
Metal1,91.9250,86.2400,Metal1,92.1550,86.2400,4.110e-09
Metal1,91.9250,94.0800,Metal1,92.1550,94.0800,4.110e-09
Metal1,91.9250,101.9200,Metal1,92.1550,101.9200,2.168e-09
Metal1,91.9250,117.6000,Metal1,92.1550,117.6000,2.593e-07
Metal1,91.9250,133.2800,Metal1,92.1550,133.2800,2.875e-10
Metal1,91.9250,188.1600,Metal1,92.1550,188.1600,4.916e-09
Metal1,91.9250,196.0000,Metal1,92.1550,196.0000,5.888e-07
Metal1,91.9250,203.8400,Metal1,92.1550,203.8400,5.257e-07
Metal1,91.9250,211.6800,Metal1,92.1550,211.6800,1.765e-06
Metal1,92.0050,148.9600,Metal1,92.2350,148.9600,3.506e-05
Metal1,92.1550,23.5200,Metal1,93.6050,23.5200,7.228e-13
Metal1,92.1550,31.3600,Metal1,93.6050,31.3600,7.269e-13
Metal1,92.1550,39.2000,Metal1,93.6050,39.2000,6.983e-13
Metal1,92.1550,47.0400,Metal1,93.6050,47.0400,3.262e-09
Metal1,92.1550,54.8800,Metal1,93.6050,54.8800,7.228e-13
Metal1,92.1550,62.7200,Metal1,93.6050,62.7200,4.110e-09
Metal1,92.1550,70.5600,Metal1,93.6050,70.5600,4.115e-09
Metal1,92.1550,78.4000,Metal1,93.6050,78.4000,4.117e-09
Metal1,92.1550,86.2400,Metal1,93.6050,86.2400,4.110e-09
Metal1,92.1550,94.0800,Metal1,93.6050,94.0800,4.110e-09
Metal1,92.1550,101.9200,Metal1,93.0450,101.9200,3.208e-11
Metal1,92.1550,117.6000,Metal1,92.4850,117.6000,2.593e-07
Metal1,92.1550,133.2800,Metal1,94.1650,133.2800,2.974e-10
Metal1,92.1550,188.1600,Metal1,93.0450,188.1600,7.606e-06
Metal1,92.1550,196.0000,Metal1,92.4850,196.0000,1.085e-05
Metal1,92.1550,203.8400,Metal1,93.6050,203.8400,2.184e-06
Metal1,92.1550,211.6800,Metal1,93.0450,211.6800,2.592e-09
Metal1,92.2050,156.8000,Metal1,92.4350,156.8000,2.126e-05
Metal1,92.2350,148.9600,Metal1,93.5700,148.9600,4.179e-07
Metal1,92.4350,156.8000,Metal1,93.0450,156.8000,2.126e-05
Metal1,92.4850,109.7600,Metal1,92.7150,109.7600,1.381e-11
Metal1,92.4850,117.6000,Metal1,92.7150,117.6000,9.924e-11
Metal1,92.4850,196.0000,Metal1,92.7150,196.0000,2.443e-06
Metal1,92.7150,109.7600,Metal1,94.4700,109.7600,3.866e-12
Metal1,92.7150,117.6000,Metal1,94.4700,117.6000,1.195e-10
Metal1,92.7150,196.0000,Metal1,94.1650,196.0000,2.443e-06
Metal1,92.9050,180.3200,Metal1,93.1350,180.3200,4.849e-06
Metal1,93.0450,101.9200,Metal1,93.2750,101.9200,2.178e-09
Metal1,93.0450,156.8000,Metal1,93.2750,156.8000,7.653e-08
Metal1,93.0450,164.6400,Metal1,93.2750,164.6400,6.435e-05
Metal1,93.0450,172.4800,Metal1,93.2750,172.4800,1.819e-08
Metal1,93.0450,188.1600,Metal1,93.2750,188.1600,7.138e-06
Metal1,93.0450,211.6800,Metal1,93.2750,211.6800,1.756e-07
Metal1,93.1350,180.3200,Metal1,93.6050,180.3200,4.849e-06
Metal1,93.2750,101.9200,Metal1,94.1650,101.9200,2.188e-09
Metal1,93.2750,156.8000,Metal1,94.4700,156.8000,7.653e-08
Metal1,93.2750,164.6400,Metal1,94.4700,164.6400,6.435e-05
Metal1,93.2750,172.4800,Metal1,94.4700,172.4800,1.820e-08
Metal1,93.2750,188.1600,Metal1,94.1650,188.1600,7.138e-06
Metal1,93.2750,211.6800,Metal1,94.1650,211.6800,1.756e-07
Metal1,93.5700,148.9600,Metal1,93.8000,148.9600,4.945e-05
Metal1,93.6050,15.6800,Metal1,93.8350,15.6800,6.059e-08
Metal1,93.6050,23.5200,Metal1,93.8350,23.5200,2.450e-12
Metal1,93.6050,31.3600,Metal1,93.8350,31.3600,2.524e-12
Metal1,93.6050,39.2000,Metal1,93.8350,39.2000,2.450e-12
Metal1,93.6050,47.0400,Metal1,93.8350,47.0400,1.312e-08
Metal1,93.6050,54.8800,Metal1,93.8350,54.8800,2.524e-12
Metal1,93.6050,62.7200,Metal1,93.8350,62.7200,1.654e-08
Metal1,93.6050,70.5600,Metal1,93.8350,70.5600,1.656e-08
Metal1,93.6050,78.4000,Metal1,93.8350,78.4000,1.654e-08
Metal1,93.6050,86.2400,Metal1,93.8350,86.2400,1.654e-08
Metal1,93.6050,94.0800,Metal1,93.8350,94.0800,1.654e-08
Metal1,93.6050,125.4400,Metal1,93.8350,125.4400,7.646e-12
Metal1,93.6050,180.3200,Metal1,93.8350,180.3200,3.167e-06
Metal1,93.6050,203.8400,Metal1,93.8350,203.8400,7.964e-06
Metal1,93.6050,219.5200,Metal1,93.8350,219.5200,1.895e-09
Metal1,93.8000,148.9600,Metal1,94.4700,148.9600,4.945e-05
Metal1,93.8350,15.6800,Metal1,94.4700,15.6800,6.059e-08
Metal1,93.8350,23.5200,Metal1,94.1650,23.5200,2.548e-12
Metal1,93.8350,31.3600,Metal1,94.1650,31.3600,2.548e-12
Metal1,93.8350,39.2000,Metal1,94.1650,39.2000,2.458e-12
Metal1,93.8350,47.0400,Metal1,94.1650,47.0400,1.312e-08
Metal1,93.8350,54.8800,Metal1,94.1650,54.8800,2.548e-12
Metal1,93.8350,62.7200,Metal1,94.1650,62.7200,1.654e-08
Metal1,93.8350,70.5600,Metal1,94.1650,70.5600,1.656e-08
Metal1,93.8350,78.4000,Metal1,94.1650,78.4000,1.654e-08
Metal1,93.8350,86.2400,Metal1,94.1650,86.2400,1.654e-08
Metal1,93.8350,94.0800,Metal1,94.1650,94.0800,1.654e-08
Metal1,93.8350,125.4400,Metal1,94.4700,125.4400,7.656e-12
Metal1,93.8350,180.3200,Metal1,94.4700,180.3200,3.167e-06
Metal1,93.8350,203.8400,Metal1,94.1650,203.8400,7.964e-06
Metal1,93.8350,219.5200,Metal1,95.8450,219.5200,1.895e-09
Metal1,94.1650,23.5200,Metal1,94.3950,23.5200,9.947e-12
Metal1,94.1650,31.3600,Metal1,94.3950,31.3600,9.947e-12
Metal1,94.1650,39.2000,Metal1,94.3950,39.2000,9.947e-12
Metal1,94.1650,47.0400,Metal1,94.3950,47.0400,5.591e-08
Metal1,94.1650,54.8800,Metal1,94.3950,54.8800,9.947e-12
Metal1,94.1650,62.7200,Metal1,94.3950,62.7200,7.045e-08
Metal1,94.1650,70.5600,Metal1,94.3950,70.5600,7.054e-08
Metal1,94.1650,78.4000,Metal1,94.3950,78.4000,6.912e-08
Metal1,94.1650,86.2400,Metal1,94.3950,86.2400,7.047e-08
Metal1,94.1650,94.0800,Metal1,94.3950,94.0800,7.047e-08
Metal1,94.1650,101.9200,Metal1,94.3950,101.9200,1.300e-10
Metal1,94.1650,133.2800,Metal1,94.3950,133.2800,9.244e-08
Metal1,94.1650,188.1600,Metal1,94.3950,188.1600,2.242e-05
Metal1,94.1650,196.0000,Metal1,94.3950,196.0000,1.591e-05
Metal1,94.1650,203.8400,Metal1,94.3950,203.8400,1.967e-05
Metal1,94.1650,211.6800,Metal1,94.3950,211.6800,2.448e-05
Metal1,94.3950,23.5200,Metal1,94.4700,23.5200,9.869e-12
Metal1,94.3950,31.3600,Metal1,94.4700,31.3600,9.869e-12
Metal1,94.3950,39.2000,Metal1,94.4700,39.2000,9.869e-12
Metal1,94.3950,47.0400,Metal1,94.4700,47.0400,5.591e-08
Metal1,94.3950,54.8800,Metal1,94.4700,54.8800,9.948e-12
Metal1,94.3950,62.7200,Metal1,94.4700,62.7200,7.045e-08
Metal1,94.3950,70.5600,Metal1,94.4700,70.5600,7.054e-08
Metal1,94.3950,78.4000,Metal1,94.4700,78.4000,6.912e-08
Metal1,94.3950,86.2400,Metal1,94.4700,86.2400,7.047e-08
Metal1,94.3950,94.0800,Metal1,94.4700,94.0800,7.047e-08
Metal1,94.3950,101.9200,Metal1,94.4700,101.9200,1.301e-10
Metal1,94.3950,133.2800,Metal1,94.4700,133.2800,9.244e-08
Metal1,94.3950,188.1600,Metal1,94.4700,188.1600,2.242e-05
Metal1,94.3950,196.0000,Metal1,94.4700,196.0000,1.591e-05
Metal1,94.3950,203.8400,Metal1,94.4700,203.8400,1.967e-05
Metal1,94.3950,211.6800,Metal1,94.4700,211.6800,2.448e-05
Metal1,94.4700,15.6800,Metal1,94.8100,15.6800,6.060e-08
Metal1,94.4700,23.5200,Metal1,94.8100,23.5200,1.396e-12
Metal1,94.4700,31.3600,Metal1,94.8100,31.3600,1.396e-12
Metal1,94.4700,39.2000,Metal1,94.8100,39.2000,1.396e-12
Metal1,94.4700,47.0400,Metal1,94.8100,47.0400,5.592e-08
Metal1,94.4700,54.8800,Metal1,94.8100,54.8800,1.396e-12
Metal1,94.4700,62.7200,Metal1,94.8100,62.7200,7.046e-08
Metal1,94.4700,70.5600,Metal1,94.8100,70.5600,7.055e-08
Metal1,94.4700,78.4000,Metal1,94.8100,78.4000,6.913e-08
Metal1,94.4700,86.2400,Metal1,94.8100,86.2400,7.049e-08
Metal1,94.4700,94.0800,Metal1,94.8100,94.0800,7.049e-08
Metal1,94.4700,101.9200,Metal1,94.8100,101.9200,1.414e-10
Metal1,94.4700,109.7600,Metal1,94.7250,110.6050,6.057e-12
Metal1,94.4700,117.6000,Metal1,94.7250,118.4450,1.294e-10
Metal1,94.4700,125.4400,Metal1,94.8100,125.4400,1.715e-11
Metal1,94.4700,133.2800,Metal1,94.8100,133.2800,9.246e-08
Metal1,94.4700,141.1200,Metal1,94.8100,141.1200,2.051e-10
Metal1,94.4700,148.9600,Metal1,94.7250,149.8050,4.945e-05
Metal1,94.4700,156.8000,Metal1,94.8100,156.8000,7.655e-08
Metal1,94.4700,164.6400,Metal1,94.7250,165.4850,6.435e-05
Metal1,94.4700,172.4800,Metal1,94.8100,172.4800,1.821e-08
Metal1,94.4700,180.3200,Metal1,94.8100,180.3200,3.167e-06
Metal1,94.4700,188.1600,Metal1,94.8100,188.1600,2.242e-05
Metal1,94.4700,196.0000,Metal1,94.8100,196.0000,1.591e-05
Metal1,94.4700,203.8400,Metal1,94.8100,203.8400,1.967e-05
Metal1,94.4700,211.6800,Metal1,94.8100,211.6800,2.448e-05
Metal1,94.7250,110.6050,Metal1,94.8100,109.1950,6.056e-12
Metal1,94.7250,118.4450,Metal1,94.8100,117.0350,1.294e-10
Metal1,94.7250,149.8050,Metal1,94.8100,148.3950,4.945e-05
Metal1,94.7250,165.4850,Metal1,94.8100,164.0750,6.435e-05
Metal1,94.8100,15.6800,Metal1,95.8450,15.6800,6.060e-08
Metal1,94.8100,23.5200,Metal1,96.4050,23.5200,1.388e-12
Metal1,94.8100,31.3600,Metal1,96.4050,31.3600,1.388e-12
Metal1,94.8100,39.2000,Metal1,96.4050,39.2000,1.374e-12
Metal1,94.8100,47.0400,Metal1,96.4050,47.0400,5.592e-08
Metal1,94.8100,54.8800,Metal1,96.4050,54.8800,1.385e-12
Metal1,94.8100,62.7200,Metal1,96.4050,62.7200,7.046e-08
Metal1,94.8100,70.5600,Metal1,96.4050,70.5600,7.055e-08
Metal1,94.8100,78.4000,Metal1,96.4050,78.4000,6.913e-08
Metal1,94.8100,86.2400,Metal1,96.4050,86.2400,7.049e-08
Metal1,94.8100,94.0800,Metal1,96.4050,94.0800,7.049e-08
Metal1,94.8100,101.9200,Metal1,96.4050,101.9200,1.414e-10
Metal1,94.8100,109.1950,Metal1,94.9550,109.7600,7.223e-12
Metal1,94.8100,117.0350,Metal1,94.9550,117.6000,5.368e-09
Metal1,94.8100,125.4400,Metal1,95.8450,125.4400,1.709e-11
Metal1,94.8100,133.2800,Metal1,96.4050,133.2800,9.246e-08
Metal1,94.8100,141.1200,Metal1,94.9900,141.1200,2.051e-10
Metal1,94.8100,148.3950,Metal1,94.9550,148.9600,7.614e-08
Metal1,94.8100,156.8000,Metal1,95.2850,156.8000,7.655e-08
Metal1,94.8100,164.0750,Metal1,94.9550,164.6400,1.056e-07
Metal1,94.8100,172.4800,Metal1,95.5050,172.4800,1.821e-08
Metal1,94.8100,180.3200,Metal1,96.9650,180.3200,1.947e-08
Metal1,94.8100,188.1600,Metal1,96.6650,188.1600,2.242e-05
Metal1,94.8100,196.0000,Metal1,96.4050,196.0000,4.031e-09
Metal1,94.8100,203.8400,Metal1,97.2250,203.8400,1.967e-05
Metal1,94.8100,211.6800,Metal1,96.0100,211.6800,2.448e-05
Metal1,94.9550,109.7600,Metal1,96.9650,109.7600,2.542e-09
Metal1,94.9550,117.6000,Metal1,96.9650,117.6000,5.368e-09
Metal1,94.9550,148.9600,Metal1,96.9650,148.9600,7.614e-08
Metal1,94.9550,164.6400,Metal1,96.9650,164.6400,1.056e-07
Metal1,94.9900,141.1200,Metal1,95.3300,141.1200,5.558e-08
Metal1,95.2850,156.8000,Metal1,95.5150,156.8000,7.967e-09
Metal1,95.3300,141.1200,Metal1,96.9650,141.1200,1.230e-06
Metal1,95.5050,172.4800,Metal1,95.7350,172.4800,5.694e-06
Metal1,95.5150,156.8000,Metal1,96.9650,156.8000,3.471e-08
Metal1,95.7350,172.4800,Metal1,96.9650,172.4800,5.694e-06
Metal1,95.8450,15.6800,Metal1,96.0750,15.6800,2.506e-07
Metal1,95.8450,125.4400,Metal1,96.0750,125.4400,3.615e-11
Metal1,95.8450,219.5200,Metal1,96.0750,219.5200,1.361e-10
Metal1,96.0100,211.6800,Metal1,96.2400,211.6800,6.523e-06
Metal1,96.0750,15.6800,Metal1,96.9650,15.6800,3.440e-06
Metal1,96.0750,125.4400,Metal1,96.9650,125.4400,4.869e-10
Metal1,96.0750,219.5200,Metal1,98.0850,219.5200,6.696e-12
Metal1,96.2400,211.6800,Metal1,96.5100,211.6800,6.523e-06
Metal1,96.4050,23.5200,Metal1,96.6350,23.5200,1.093e-10
Metal1,96.4050,31.3600,Metal1,96.6350,31.3600,1.093e-10
Metal1,96.4050,39.2000,Metal1,96.6350,39.2000,1.073e-10
Metal1,96.4050,47.0400,Metal1,96.6350,47.0400,1.552e-05
Metal1,96.4050,54.8800,Metal1,96.6350,54.8800,1.078e-10
Metal1,96.4050,62.7200,Metal1,96.6350,62.7200,1.956e-05
Metal1,96.4050,70.5600,Metal1,96.6350,70.5600,1.958e-05
Metal1,96.4050,78.4000,Metal1,96.6350,78.4000,1.919e-05
Metal1,96.4050,86.2400,Metal1,96.6350,86.2400,1.957e-05
Metal1,96.4050,94.0800,Metal1,96.6350,94.0800,1.957e-05
Metal1,96.4050,101.9200,Metal1,96.6350,101.9200,3.681e-08
Metal1,96.4050,133.2800,Metal1,96.6350,133.2800,2.569e-05
Metal1,96.4050,196.0000,Metal1,96.6350,196.0000,4.862e-07
Metal1,96.5100,211.6800,Metal1,96.8500,211.6800,1.319e-05
Metal1,96.6350,23.5200,Metal1,96.9650,23.5200,1.094e-10
Metal1,96.6350,31.3600,Metal1,96.9650,31.3600,1.094e-10
Metal1,96.6350,39.2000,Metal1,96.9650,39.2000,1.073e-10
Metal1,96.6350,47.0400,Metal1,96.9650,47.0400,1.552e-05
Metal1,96.6350,54.8800,Metal1,96.9650,54.8800,1.078e-10
Metal1,96.6350,62.7200,Metal1,96.9650,62.7200,1.956e-05
Metal1,96.6350,70.5600,Metal1,96.9650,70.5600,1.958e-05
Metal1,96.6350,78.4000,Metal1,96.9650,78.4000,1.919e-05
Metal1,96.6350,86.2400,Metal1,96.9650,86.2400,1.957e-05
Metal1,96.6350,94.0800,Metal1,96.9650,94.0800,1.957e-05
Metal1,96.6350,101.9200,Metal1,96.9650,101.9200,5.140e-07
Metal1,96.6350,133.2800,Metal1,96.9650,133.2800,2.569e-05
Metal1,96.6350,196.0000,Metal1,96.9650,196.0000,4.862e-07
Metal1,96.6650,188.1600,Metal1,96.8950,188.1600,3.171e-06
Metal1,96.8500,211.6800,Metal1,98.0500,211.6800,3.290e-08
Metal1,96.8950,188.1600,Metal1,99.0300,188.1600,2.277e-05
Metal1,96.9650,15.6800,Metal1,97.1950,15.6800,3.136e-06
Metal1,96.9650,23.5200,Metal1,97.1950,23.5200,2.917e-11
Metal1,96.9650,31.3600,Metal1,97.1950,31.3600,2.917e-11
Metal1,96.9650,39.2000,Metal1,97.1950,39.2000,2.858e-11
Metal1,96.9650,47.0400,Metal1,97.1950,47.0400,4.139e-06
Metal1,96.9650,54.8800,Metal1,97.1950,54.8800,2.873e-11
Metal1,96.9650,62.7200,Metal1,97.1950,62.7200,5.216e-06
Metal1,96.9650,70.5600,Metal1,97.1950,70.5600,5.223e-06
Metal1,96.9650,78.4000,Metal1,97.1950,78.4000,9.839e-07
Metal1,96.9650,86.2400,Metal1,97.1950,86.2400,5.218e-06
Metal1,96.9650,94.0800,Metal1,97.1950,94.0800,5.218e-06
Metal1,96.9650,101.9200,Metal1,97.1950,101.9200,1.107e-07
Metal1,96.9650,109.7600,Metal1,97.1950,109.7600,8.382e-08
Metal1,96.9650,117.6000,Metal1,97.1950,117.6000,4.242e-07
Metal1,96.9650,125.4400,Metal1,97.1950,125.4400,2.227e-13
Metal1,96.9650,133.2800,Metal1,97.1950,133.2800,1.317e-06
Metal1,96.9650,141.1200,Metal1,97.1950,141.1200,3.087e-09
Metal1,96.9650,148.9600,Metal1,97.1950,148.9600,4.819e-09
Metal1,96.9650,156.8000,Metal1,97.1950,156.8000,8.074e-09
Metal1,96.9650,164.6400,Metal1,97.1950,164.6400,5.568e-07
Metal1,96.9650,172.4800,Metal1,97.1950,172.4800,5.505e-05
Metal1,96.9650,180.3200,Metal1,97.1950,180.3200,3.167e-06
Metal1,96.9650,196.0000,Metal1,97.1950,196.0000,1.591e-05
Metal1,97.1950,15.6800,Metal1,98.0850,15.6800,3.136e-06
Metal1,97.1950,23.5200,Metal1,98.6450,23.5200,2.916e-11
Metal1,97.1950,31.3600,Metal1,98.6450,31.3600,2.916e-11
Metal1,97.1950,39.2000,Metal1,98.6450,39.2000,2.861e-11
Metal1,97.1950,47.0400,Metal1,98.6450,47.0400,4.139e-06
Metal1,97.1950,54.8800,Metal1,98.6450,54.8800,2.874e-11
Metal1,97.1950,62.7200,Metal1,98.6450,62.7200,5.216e-06
Metal1,97.1950,70.5600,Metal1,98.6450,70.5600,5.223e-06
Metal1,97.1950,78.4000,Metal1,98.6450,78.4000,5.449e-06
Metal1,97.1950,86.2400,Metal1,98.6450,86.2400,5.218e-06
Metal1,97.1950,94.0800,Metal1,98.6450,94.0800,5.218e-06
Metal1,97.1950,101.9200,Metal1,98.6450,101.9200,1.107e-07
Metal1,97.1950,109.7600,Metal1,99.2050,109.7600,2.818e-09
Metal1,97.1950,117.6000,Metal1,99.2050,117.6000,1.159e-08
Metal1,97.1950,125.4400,Metal1,98.0850,125.4400,4.833e-10
Metal1,97.1950,133.2800,Metal1,98.6450,133.2800,7.294e-06
Metal1,97.1950,141.1200,Metal1,99.2050,141.1200,3.087e-09
Metal1,97.1950,148.9600,Metal1,99.2050,148.9600,3.263e-09
Metal1,97.1950,156.8000,Metal1,97.5250,156.8000,1.475e-07
Metal1,97.1950,164.6400,Metal1,99.2050,164.6400,1.541e-08
Metal1,97.1950,172.4800,Metal1,97.2450,172.4800,5.505e-05
Metal1,97.1950,180.3200,Metal1,97.2300,180.3200,3.167e-06
Metal1,97.1950,196.0000,Metal1,99.3300,196.0000,1.591e-05
Metal1,97.2250,203.8400,Metal1,97.4550,203.8400,2.214e-06
Metal1,97.2300,180.3200,Metal1,97.5700,180.3200,5.469e-08
Metal1,97.2450,172.4800,Metal1,97.4750,172.4800,4.142e-06
Metal1,97.4550,203.8400,Metal1,97.5300,203.8400,2.214e-06
Metal1,97.4750,172.4800,Metal1,99.2050,172.4800,4.142e-06
Metal1,97.5250,156.8000,Metal1,97.7550,156.8000,3.321e-08
Metal1,97.5300,203.8400,Metal1,97.8700,203.8400,4.780e-07
Metal1,97.5700,180.3200,Metal1,97.6850,180.3200,5.469e-08
Metal1,97.6850,180.3200,Metal1,97.9150,180.3200,6.879e-08
Metal1,97.7550,156.8000,Metal1,99.2050,156.8000,3.321e-08
Metal1,97.8700,203.8400,Metal1,100.0650,203.8400,1.213e-07
Metal1,97.9150,180.3200,Metal1,102.2250,180.3200,3.339e-08
Metal1,98.0500,211.6800,Metal1,98.2800,211.6800,7.206e-06
Metal1,98.0850,15.6800,Metal1,98.3150,15.6800,3.138e-06
Metal1,98.0850,125.4400,Metal1,98.3150,125.4400,4.536e-10
Metal1,98.0850,219.5200,Metal1,98.3150,219.5200,1.894e-09
Metal1,98.2800,211.6800,Metal1,98.5050,211.6800,7.206e-06
Metal1,98.3150,15.6800,Metal1,99.2050,15.6800,3.138e-06
Metal1,98.3150,125.4400,Metal1,99.2050,125.4400,4.536e-10
Metal1,98.3150,219.5200,Metal1,100.3250,219.5200,1.894e-09
Metal1,98.5050,211.6800,Metal1,98.7350,211.6800,4.055e-08
Metal1,98.6450,23.5200,Metal1,98.8750,23.5200,1.098e-10
Metal1,98.6450,31.3600,Metal1,98.8750,31.3600,1.099e-10
Metal1,98.6450,39.2000,Metal1,98.8750,39.2000,1.078e-10
Metal1,98.6450,47.0400,Metal1,98.8750,47.0400,1.555e-05
Metal1,98.6450,54.8800,Metal1,98.8750,54.8800,1.082e-10
Metal1,98.6450,62.7200,Metal1,98.8750,62.7200,1.960e-05
Metal1,98.6450,70.5600,Metal1,98.8750,70.5600,1.962e-05
Metal1,98.6450,78.4000,Metal1,98.8750,78.4000,1.979e-05
Metal1,98.6450,86.2400,Metal1,98.8750,86.2400,1.959e-05
Metal1,98.6450,94.0800,Metal1,98.8750,94.0800,1.959e-05
Metal1,98.6450,101.9200,Metal1,98.8750,101.9200,4.168e-07
Metal1,98.6450,133.2800,Metal1,98.8750,133.2800,2.649e-05
Metal1,98.7350,211.6800,Metal1,100.3250,211.6800,4.055e-08
Metal1,98.8750,23.5200,Metal1,99.2050,23.5200,1.098e-10
Metal1,98.8750,31.3600,Metal1,99.2050,31.3600,1.098e-10
Metal1,98.8750,39.2000,Metal1,99.2050,39.2000,1.077e-10
Metal1,98.8750,47.0400,Metal1,99.2050,47.0400,1.555e-05
Metal1,98.8750,54.8800,Metal1,99.2050,54.8800,1.082e-10
Metal1,98.8750,62.7200,Metal1,99.2050,62.7200,1.960e-05
Metal1,98.8750,70.5600,Metal1,99.2050,70.5600,1.962e-05
Metal1,98.8750,78.4000,Metal1,99.2050,78.4000,1.979e-05
Metal1,98.8750,86.2400,Metal1,99.2050,86.2400,1.959e-05
Metal1,98.8750,94.0800,Metal1,99.2050,94.0800,1.959e-05
Metal1,98.8750,101.9200,Metal1,99.2050,101.9200,4.168e-07
Metal1,98.8750,133.2800,Metal1,99.2050,133.2800,2.649e-05
Metal1,99.0300,188.1600,Metal1,99.3700,188.1600,2.029e-06
Metal1,99.2050,15.6800,Metal1,99.4350,15.6800,3.136e-06
Metal1,99.2050,23.5200,Metal1,99.4350,23.5200,3.036e-11
Metal1,99.2050,31.3600,Metal1,99.4350,31.3600,3.058e-11
Metal1,99.2050,39.2000,Metal1,99.4350,39.2000,3.014e-11
Metal1,99.2050,47.0400,Metal1,99.4350,47.0400,1.846e-06
Metal1,99.2050,54.8800,Metal1,99.4350,54.8800,3.051e-11
Metal1,99.2050,62.7200,Metal1,99.4350,62.7200,2.327e-06
Metal1,99.2050,70.5600,Metal1,99.4350,70.5600,2.330e-06
Metal1,99.2050,78.4000,Metal1,99.4350,78.4000,4.443e-05
Metal1,99.2050,86.2400,Metal1,99.4350,86.2400,1.634e-06
Metal1,99.2050,94.0800,Metal1,99.4350,94.0800,1.634e-06
Metal1,99.2050,101.9200,Metal1,99.4350,101.9200,2.133e-08
Metal1,99.2050,109.7600,Metal1,99.4350,109.7600,2.997e-06
Metal1,99.2050,117.6000,Metal1,99.4350,117.6000,4.312e-07
Metal1,99.2050,125.4400,Metal1,99.4350,125.4400,1.434e-09
Metal1,99.2050,133.2800,Metal1,99.4350,133.2800,5.947e-05
Metal1,99.2050,141.1200,Metal1,99.4350,141.1200,2.565e-07
Metal1,99.2050,148.9600,Metal1,99.4350,148.9600,1.970e-06
Metal1,99.2050,156.8000,Metal1,99.4350,156.8000,2.154e-07
Metal1,99.2050,164.6400,Metal1,99.4350,164.6400,5.824e-07
Metal1,99.2050,172.4800,Metal1,99.4350,172.4800,7.553e-07
Metal1,99.3300,196.0000,Metal1,99.5600,196.0000,1.719e-06
Metal1,99.3700,188.1600,Metal1,102.5650,188.1600,2.471e-05
Metal1,99.4350,15.6800,Metal1,100.3250,15.6800,3.136e-06
Metal1,99.4350,23.5200,Metal1,100.8850,23.5200,3.029e-11
Metal1,99.4350,31.3600,Metal1,100.8850,31.3600,3.059e-11
Metal1,99.4350,39.2000,Metal1,100.8850,39.2000,3.023e-11
Metal1,99.4350,47.0400,Metal1,100.8850,47.0400,1.846e-06
Metal1,99.4350,54.8800,Metal1,100.8850,54.8800,3.050e-11
Metal1,99.4350,62.7200,Metal1,100.8850,62.7200,2.327e-06
Metal1,99.4350,70.5600,Metal1,100.8850,70.5600,2.330e-06
Metal1,99.4350,78.4000,Metal1,100.8850,78.4000,4.443e-05
Metal1,99.4350,86.2400,Metal1,100.8850,86.2400,3.231e-06
Metal1,99.4350,94.0800,Metal1,100.8850,94.0800,3.230e-06
Metal1,99.4350,101.9200,Metal1,100.8850,101.9200,1.189e-07
Metal1,99.4350,109.7600,Metal1,101.4450,109.7600,1.975e-08
Metal1,99.4350,117.6000,Metal1,101.4450,117.6000,4.080e-08
Metal1,99.4350,125.4400,Metal1,100.3250,125.4400,1.434e-09
Metal1,99.4350,133.2800,Metal1,100.8850,133.2800,5.947e-05
Metal1,99.4350,141.1200,Metal1,99.9850,141.1200,3.586e-06
Metal1,99.4350,148.9600,Metal1,101.0500,148.9600,1.970e-06
Metal1,99.4350,156.8000,Metal1,99.7650,156.8000,2.154e-07
Metal1,99.4350,164.6400,Metal1,101.4450,164.6400,1.473e-07
Metal1,99.4350,172.4800,Metal1,100.8850,172.4800,6.406e-06
Metal1,99.5600,196.0000,Metal1,100.9650,196.0000,1.791e-07
Metal1,99.7650,156.8000,Metal1,99.9950,156.8000,2.126e-05
Metal1,99.9850,141.1200,Metal1,100.2150,141.1200,1.405e-06
Metal1,99.9950,156.8000,Metal1,101.4450,156.8000,1.937e-07
Metal1,100.0650,203.8400,Metal1,100.2950,203.8400,2.172e-05
Metal1,100.2150,141.1200,Metal1,101.4450,141.1200,1.405e-06
Metal1,100.2950,203.8400,Metal1,102.1700,203.8400,2.172e-05
Metal1,100.3250,15.6800,Metal1,100.5550,15.6800,3.450e-06
Metal1,100.3250,125.4400,Metal1,100.5550,125.4400,2.770e-07
Metal1,100.3250,211.6800,Metal1,100.5550,211.6800,2.914e-09
Metal1,100.3250,219.5200,Metal1,100.5550,219.5200,5.976e-07
Metal1,100.5550,15.6800,Metal1,101.4450,15.6800,3.450e-06
Metal1,100.5550,125.4400,Metal1,101.4450,125.4400,4.089e-09
Metal1,100.5550,211.6800,Metal1,102.5650,211.6800,1.432e-10
Metal1,100.5550,219.5200,Metal1,102.3300,219.5200,5.976e-07
Metal1,100.8850,23.5200,Metal1,101.1150,23.5200,1.095e-10
Metal1,100.8850,31.3600,Metal1,101.1150,31.3600,1.105e-10
Metal1,100.8850,39.2000,Metal1,101.1150,39.2000,1.093e-10
Metal1,100.8850,47.0400,Metal1,101.1150,47.0400,6.533e-06
Metal1,100.8850,54.8800,Metal1,101.1150,54.8800,1.103e-10
Metal1,100.8850,62.7200,Metal1,101.1150,62.7200,8.232e-06
Metal1,100.8850,70.5600,Metal1,101.1150,70.5600,8.242e-06
Metal1,100.8850,78.4000,Metal1,101.1150,78.4000,4.483e-07
Metal1,100.8850,86.2400,Metal1,101.1150,86.2400,1.122e-05
Metal1,100.8850,94.0800,Metal1,101.1150,94.0800,1.122e-05
Metal1,100.8850,101.9200,Metal1,101.1150,101.9200,4.221e-07
Metal1,100.8850,133.2800,Metal1,101.1150,133.2800,1.745e-07
Metal1,100.8850,172.4800,Metal1,101.1150,172.4800,2.229e-05
Metal1,100.9650,196.0000,Metal1,101.1950,196.0000,2.042e-05
Metal1,101.0500,148.9600,Metal1,101.2800,148.9600,1.203e-05
Metal1,101.1150,23.5200,Metal1,101.4450,23.5200,1.095e-10
Metal1,101.1150,31.3600,Metal1,101.4450,31.3600,1.105e-10
Metal1,101.1150,39.2000,Metal1,101.4450,39.2000,1.092e-10
Metal1,101.1150,47.0400,Metal1,101.4450,47.0400,6.533e-06
Metal1,101.1150,54.8800,Metal1,101.4450,54.8800,1.102e-10
Metal1,101.1150,62.7200,Metal1,101.4450,62.7200,8.232e-06
Metal1,101.1150,70.5600,Metal1,101.4450,70.5600,8.242e-06
Metal1,101.1150,78.4000,Metal1,101.5500,78.4000,4.483e-07
Metal1,101.1150,86.2400,Metal1,101.4450,86.2400,1.122e-05
Metal1,101.1150,94.0800,Metal1,101.4450,94.0800,1.122e-05
Metal1,101.1150,101.9200,Metal1,101.4450,101.9200,4.221e-07
Metal1,101.1150,133.2800,Metal1,101.5500,133.2800,1.745e-07
Metal1,101.1150,172.4800,Metal1,101.4450,172.4800,2.229e-05
Metal1,101.1950,196.0000,Metal1,103.6850,196.0000,3.309e-07
Metal1,101.1950,196.0000,Metal2,103.2000,196.0000,8.254e-05
Metal1,101.2800,148.9600,Metal1,101.4450,148.9600,1.203e-05
Metal1,101.4450,15.6800,Metal1,101.6750,15.6800,4.289e-05
Metal1,101.4450,23.5200,Metal1,101.6750,23.5200,3.222e-11
Metal1,101.4450,31.3600,Metal1,101.6750,31.3600,3.251e-11
Metal1,101.4450,39.2000,Metal1,101.6750,39.2000,3.207e-11
Metal1,101.4450,47.0400,Metal1,101.6750,47.0400,1.918e-06
Metal1,101.4450,54.8800,Metal1,101.6750,54.8800,3.251e-11
Metal1,101.4450,62.7200,Metal1,101.6750,62.7200,2.418e-06
Metal1,101.4450,70.5600,Metal1,101.6750,70.5600,2.421e-06
Metal1,101.4450,86.2400,Metal1,101.6750,86.2400,3.233e-06
Metal1,101.4450,94.0800,Metal1,101.6750,94.0800,3.269e-06
Metal1,101.4450,101.9200,Metal1,101.6750,101.9200,3.647e-07
Metal1,101.4450,109.7600,Metal1,101.6750,109.7600,3.287e-05
Metal1,101.4450,117.6000,Metal1,101.6750,117.6000,3.130e-05
Metal1,101.4450,125.4400,Metal1,101.6750,125.4400,2.770e-07
Metal1,101.4450,141.1200,Metal1,101.6750,141.1200,2.020e-05
Metal1,101.4450,148.9600,Metal1,101.6750,148.9600,3.545e-05
Metal1,101.4450,156.8000,Metal1,101.6750,156.8000,2.126e-05
Metal1,101.4450,164.6400,Metal1,101.6750,164.6400,9.799e-05
Metal1,101.4450,172.4800,Metal1,101.6750,172.4800,6.404e-06
Metal1,101.5500,78.4000,Metal1,101.8900,78.4000,2.765e-07
Metal1,101.5500,133.2800,Metal1,101.8900,133.2800,6.192e-07
Metal1,101.6750,15.6800,Metal1,102.5650,15.6800,6.331e-07
Metal1,101.6750,23.5200,Metal1,103.1250,23.5200,3.219e-11
Metal1,101.6750,31.3600,Metal1,103.1250,31.3600,3.250e-11
Metal1,101.6750,39.2000,Metal1,103.1250,39.2000,3.211e-11
Metal1,101.6750,47.0400,Metal1,103.1250,47.0400,1.918e-06
Metal1,101.6750,54.8800,Metal1,103.1250,54.8800,3.239e-11
Metal1,101.6750,62.7200,Metal1,103.1250,62.7200,2.418e-06
Metal1,101.6750,70.5600,Metal1,103.1250,70.5600,2.421e-06
Metal1,101.6750,86.2400,Metal1,103.1250,86.2400,3.233e-06
Metal1,101.6750,94.0800,Metal1,103.1250,94.0800,3.269e-06
Metal1,101.6750,101.9200,Metal1,103.1250,101.9200,3.647e-07
Metal1,101.6750,109.7600,Metal1,103.6850,109.7600,3.694e-07
Metal1,101.6750,109.7600,Metal2,103.2000,109.7600,3.324e-05
Metal1,101.6750,117.6000,Metal1,103.6850,117.6000,8.045e-07
Metal1,101.6750,117.6000,Metal2,103.2000,117.6000,3.211e-05
Metal1,101.6750,125.4400,Metal1,102.5650,125.4400,2.770e-07
Metal1,101.6750,141.1200,Metal1,101.7250,141.1200,2.020e-05
Metal1,101.6750,148.9600,Metal1,103.0900,148.9600,4.077e-07
Metal1,101.6750,156.8000,Metal1,102.0050,156.8000,2.126e-05
Metal1,101.6750,164.6400,Metal1,103.6850,164.6400,2.610e-06
Metal1,101.6750,164.6400,Metal2,103.2000,164.6400,1.006e-04
Metal1,101.6750,172.4800,Metal1,103.1250,172.4800,6.404e-06
Metal1,101.7250,141.1200,Metal1,101.9550,141.1200,1.309e-04
Metal1,101.8900,78.4000,Metal1,103.1250,78.4000,2.765e-07
Metal1,101.8900,133.2800,Metal1,103.1250,133.2800,6.192e-07
Metal1,101.9550,141.1200,Metal1,103.6850,141.1200,8.286e-06
Metal1,101.9550,141.1200,Metal2,103.2000,141.1200,1.391e-04
Metal1,102.0050,156.8000,Metal1,102.2350,156.8000,6.966e-06
Metal1,102.1700,203.8400,Metal1,102.4000,203.8400,6.674e-06
Metal1,102.2250,180.3200,Metal1,102.4550,180.3200,1.971e-05
Metal1,102.2350,156.8000,Metal1,104.2450,156.8000,1.576e-07
Metal1,102.2350,156.8000,Metal2,103.2000,156.8000,7.619e-05
Metal1,102.3300,219.5200,Metal1,102.6700,219.5200,4.518e-06
Metal1,102.4000,203.8400,Metal1,103.6850,203.8400,1.017e-05
Metal1,102.4000,203.8400,Metal2,103.2000,203.8400,8.354e-05
Metal1,102.4550,180.3200,Metal1,102.5650,180.3200,1.971e-05
Metal1,102.5650,15.6800,Metal1,102.7950,15.6800,4.289e-05
Metal1,102.5650,125.4400,Metal1,102.7950,125.4400,4.471e-05
Metal1,102.5650,180.3200,Metal1,102.7950,180.3200,5.334e-06
Metal1,102.5650,188.1600,Metal1,102.7950,188.1600,4.671e-05
Metal1,102.5650,211.6800,Metal1,102.7950,211.6800,4.056e-08
Metal1,102.6700,219.5200,Metal1,104.5500,219.5200,3.845e-05
Metal1,102.6700,219.5200,Metal2,103.2000,219.5200,4.297e-05
Metal1,102.7950,15.6800,Metal1,103.6850,15.6800,8.558e-06
Metal1,102.7950,15.6800,Metal2,103.2000,15.6800,5.145e-05
Metal1,102.7950,125.4400,Metal1,104.8050,125.4400,2.012e-06
Metal1,102.7950,125.4400,Metal2,103.2000,125.4400,4.672e-05
Metal1,102.7950,180.3200,Metal1,103.9650,180.3200,3.743e-06
Metal1,102.7950,180.3200,Metal2,103.2000,180.3200,5.852e-05
Metal1,102.7950,188.1600,Metal1,104.8050,188.1600,1.922e-06
Metal1,102.7950,188.1600,Metal2,103.2000,188.1600,4.863e-05
Metal1,102.7950,211.6800,Metal1,102.8300,211.6800,4.056e-08
Metal1,102.8300,211.6800,Metal1,103.1700,211.6800,4.133e-06
Metal1,103.0900,148.9600,Metal1,103.3200,148.9600,1.679e-05
Metal1,103.0900,148.9600,Metal2,103.2000,148.9600,6.869e-05
Metal1,103.1250,23.5200,Metal1,103.3550,23.5200,5.055e-11
Metal1,103.1250,23.5200,Metal2,103.2000,23.5200,6.011e-10
Metal1,103.1250,31.3600,Metal1,103.3550,31.3600,5.100e-11
Metal1,103.1250,31.3600,Metal2,103.2000,31.3600,6.071e-10
Metal1,103.1250,39.2000,Metal1,103.3550,39.2000,5.018e-11
Metal1,103.1250,39.2000,Metal2,103.2000,39.2000,5.969e-10
Metal1,103.1250,47.0400,Metal1,103.3550,47.0400,2.970e-06
Metal1,103.1250,47.0400,Metal2,103.2000,47.0400,3.521e-05
Metal1,103.1250,54.8800,Metal1,103.3550,54.8800,5.040e-11
Metal1,103.1250,54.8800,Metal2,103.2000,54.8800,5.997e-10
Metal1,103.1250,62.7200,Metal1,103.3550,62.7200,3.743e-06
Metal1,103.1250,62.7200,Metal2,103.2000,62.7200,4.437e-05
Metal1,103.1250,70.5600,Metal1,103.3550,70.5600,3.748e-06
Metal1,103.1250,70.5600,Metal2,103.2000,70.5600,4.443e-05
Metal1,103.1250,78.4000,Metal1,103.3550,78.4000,1.294e-06
Metal1,103.1250,78.4000,Metal2,103.2000,78.4000,4.998e-05
Metal1,103.1250,86.2400,Metal1,103.3550,86.2400,3.957e-06
Metal1,103.1250,86.2400,Metal2,103.2000,86.2400,4.471e-05
Metal1,103.1250,94.0800,Metal1,103.3550,94.0800,4.621e-06
Metal1,103.1250,94.0800,Metal2,103.2000,94.0800,5.401e-05
Metal1,103.1250,101.9200,Metal1,103.3550,101.9200,1.341e-06
Metal1,103.1250,101.9200,Metal2,103.2000,101.9200,1.119e-04
Metal1,103.1250,133.2800,Metal1,103.3550,133.2800,2.604e-06
Metal1,103.1250,133.2800,Metal2,103.2000,133.2800,8.680e-05
Metal1,103.1250,172.4800,Metal1,103.3550,172.4800,7.580e-06
Metal1,103.1250,172.4800,Metal2,103.2000,172.4800,8.443e-05
Metal1,103.1700,211.6800,Metal1,105.1300,211.6800,2.346e-06
Metal1,103.1700,211.6800,Metal2,103.2000,211.6800,9.378e-05
Metal1,103.3200,148.9600,Metal1,103.6850,148.9600,1.679e-05
Metal1,103.3550,23.5200,Metal1,103.6850,23.5200,1.372e-10
Metal1,103.3550,31.3600,Metal1,103.6850,31.3600,1.386e-10
Metal1,103.3550,39.2000,Metal1,103.6850,39.2000,1.369e-10
Metal1,103.3550,47.0400,Metal1,103.6850,47.0400,8.190e-06
Metal1,103.3550,54.8800,Metal1,103.6850,54.8800,1.382e-10
Metal1,103.3550,62.7200,Metal1,103.6850,62.7200,1.032e-05
Metal1,103.3550,70.5600,Metal1,103.6850,70.5600,1.033e-05
Metal1,103.3550,78.4000,Metal1,103.5450,78.4000,1.294e-06
Metal1,103.3550,86.2400,Metal1,103.6850,86.2400,1.378e-05
Metal1,103.3550,94.0800,Metal1,103.6850,94.0800,1.379e-05
Metal1,103.3550,101.9200,Metal1,103.6850,101.9200,1.341e-06
Metal1,103.3550,133.2800,Metal1,103.5450,133.2800,2.604e-06
Metal1,103.3550,172.4800,Metal1,103.6850,172.4800,2.783e-05
Metal1,103.5450,78.4000,Metal1,103.7750,78.4000,1.518e-08
Metal1,103.5450,133.2800,Metal1,103.7750,133.2800,8.392e-08
Metal1,103.6850,15.6800,Metal1,103.9150,15.6800,6.143e-07
Metal1,103.6850,23.5200,Metal1,103.9150,23.5200,7.571e-12
Metal1,103.6850,31.3600,Metal1,103.9150,31.3600,7.497e-12
Metal1,103.6850,39.2000,Metal1,103.9150,39.2000,7.497e-12
Metal1,103.6850,47.0400,Metal1,103.9150,47.0400,4.522e-07
Metal1,103.6850,54.8800,Metal1,103.9150,54.8800,7.571e-12
Metal1,103.6850,62.7200,Metal1,103.9150,62.7200,5.699e-07
Metal1,103.6850,70.5600,Metal1,103.9150,70.5600,5.706e-07
Metal1,103.6850,86.2400,Metal1,103.9150,86.2400,1.290e-05
Metal1,103.6850,94.0800,Metal1,103.9150,94.0800,1.286e-05
Metal1,103.6850,101.9200,Metal1,103.9150,101.9200,1.232e-07
Metal1,103.6850,109.7600,Metal1,103.7900,109.1950,3.694e-07
Metal1,103.6850,117.6000,Metal1,103.9150,117.6000,1.506e-06
Metal1,103.6850,141.1200,Metal1,103.9150,141.1200,3.471e-05
Metal1,103.6850,148.9600,Metal1,103.9150,148.9600,1.222e-06
Metal1,103.6850,164.6400,Metal1,103.9150,164.6400,5.045e-06
Metal1,103.6850,172.4800,Metal1,103.9150,172.4800,1.947e-06
Metal1,103.6850,196.0000,Metal1,103.9150,196.0000,6.212e-05
Metal1,103.6850,203.8400,Metal1,103.9150,203.8400,2.213e-06
Metal1,103.7750,78.4000,Metal1,105.3650,78.4000,1.518e-08
Metal1,103.7750,133.2800,Metal1,105.3650,133.2800,8.392e-08
Metal1,103.7900,109.1950,Metal1,103.9150,110.1050,2.291e-05
Metal1,103.9150,15.6800,Metal1,104.5500,15.6800,2.090e-08
Metal1,103.9150,23.5200,Metal1,105.3650,23.5200,3.141e-11
Metal1,103.9150,31.3600,Metal1,105.3650,31.3600,3.171e-11
Metal1,103.9150,39.2000,Metal1,105.3650,39.2000,3.134e-11
Metal1,103.9150,47.0400,Metal1,105.3650,47.0400,1.874e-06
Metal1,103.9150,54.8800,Metal1,105.3650,54.8800,3.162e-11
Metal1,103.9150,62.7200,Metal1,105.3650,62.7200,2.362e-06
Metal1,103.9150,70.5600,Metal1,105.3650,70.5600,2.365e-06
Metal1,103.9150,86.2400,Metal1,105.3650,86.2400,2.424e-06
Metal1,103.9150,94.0800,Metal1,105.3650,94.0800,2.424e-06
Metal1,103.9150,101.9200,Metal1,105.3650,101.9200,1.232e-07
Metal1,103.9150,110.1050,Metal1,104.1300,109.7600,7.457e-08
Metal1,103.9150,117.6000,Metal1,105.9250,117.6000,9.927e-09
Metal1,103.9150,141.1200,Metal1,105.5300,141.1200,3.471e-05
Metal1,103.9150,148.9600,Metal1,105.3650,148.9600,2.507e-09
Metal1,103.9150,164.6400,Metal1,105.9250,164.6400,6.825e-08
Metal1,103.9150,172.4800,Metal1,105.3650,172.4800,1.947e-06
Metal1,103.9150,196.0000,Metal1,104.8050,196.0000,6.212e-05
Metal1,103.9150,203.8400,Metal1,104.2100,203.8400,4.108e-05
Metal1,103.9650,180.3200,Metal1,104.1950,180.3200,5.475e-06
Metal1,104.1300,109.7600,Metal1,105.7850,109.7600,4.837e-08
Metal1,104.1950,180.3200,Metal1,104.8050,180.3200,5.475e-06
Metal1,104.2100,203.8400,Metal1,104.4400,203.8400,8.119e-06
Metal1,104.2450,156.8000,Metal1,104.3500,156.2350,1.576e-07
Metal1,104.3500,156.2350,Metal1,104.4750,157.1450,5.493e-05
Metal1,104.4400,203.8400,Metal1,105.9250,203.8400,8.119e-06
Metal1,104.4750,157.1450,Metal1,104.6900,156.8000,1.855e-07
Metal1,104.5500,15.6800,Metal1,104.8900,15.6800,2.089e-08
Metal1,104.5500,219.5200,Metal1,104.8900,219.5200,3.845e-05
Metal1,104.6900,156.8000,Metal1,106.3450,156.8000,1.121e-07
Metal1,104.8050,125.4400,Metal1,105.0350,125.4400,2.919e-05
Metal1,104.8050,180.3200,Metal1,105.0350,180.3200,2.959e-05
Metal1,104.8050,188.1600,Metal1,105.0350,188.1600,5.376e-08
Metal1,104.8050,196.0000,Metal1,105.0350,196.0000,4.464e-06
Metal1,104.8900,15.6800,Metal1,105.9250,15.6800,2.089e-08
Metal1,104.8900,219.5200,Metal1,108.4900,219.5200,3.845e-05
Metal1,105.0350,125.4400,Metal1,105.3700,125.4400,2.919e-05
Metal1,105.0350,180.3200,Metal1,107.0450,180.3200,5.958e-09
Metal1,105.0350,188.1600,Metal1,107.0450,188.1600,1.807e-09
Metal1,105.0350,196.0000,Metal1,107.0450,196.0000,2.194e-07
Metal1,105.1300,211.6800,Metal1,105.4700,211.6800,1.575e-06
Metal1,105.3650,23.5200,Metal1,105.5950,23.5200,1.095e-10
Metal1,105.3650,31.3600,Metal1,105.5950,31.3600,1.106e-10
Metal1,105.3650,39.2000,Metal1,105.5950,39.2000,1.093e-10
Metal1,105.3650,47.0400,Metal1,105.5950,47.0400,6.535e-06
Metal1,105.3650,54.8800,Metal1,105.5950,54.8800,1.103e-10
Metal1,105.3650,62.7200,Metal1,105.5950,62.7200,8.235e-06
Metal1,105.3650,70.5600,Metal1,105.5950,70.5600,8.245e-06
Metal1,105.3650,78.4000,Metal1,105.5950,78.4000,1.472e-09
Metal1,105.3650,86.2400,Metal1,105.5950,86.2400,8.236e-06
Metal1,105.3650,94.0800,Metal1,105.5950,94.0800,8.239e-06
Metal1,105.3650,101.9200,Metal1,105.5950,101.9200,6.369e-07
Metal1,105.3650,133.2800,Metal1,105.5950,133.2800,7.393e-09
Metal1,105.3650,148.9600,Metal1,105.5950,148.9600,2.752e-07
Metal1,105.3650,172.4800,Metal1,105.4700,171.9150,1.947e-06
Metal1,105.3700,125.4400,Metal1,105.7100,125.4400,1.463e-07
Metal1,105.4700,171.9150,Metal1,105.5950,172.8250,6.581e-06
Metal1,105.4700,211.6800,Metal1,107.8250,211.6800,1.575e-06
Metal1,105.5300,141.1200,Metal1,105.7600,141.1200,2.445e-06
Metal1,105.5950,23.5200,Metal1,105.9250,23.5200,1.095e-10
Metal1,105.5950,31.3600,Metal1,105.9250,31.3600,1.106e-10
Metal1,105.5950,39.2000,Metal1,105.9250,39.2000,1.093e-10
Metal1,105.5950,47.0400,Metal1,105.9250,47.0400,6.535e-06
Metal1,105.5950,54.8800,Metal1,105.9250,54.8800,1.103e-10
Metal1,105.5950,62.7200,Metal1,105.9250,62.7200,8.235e-06
Metal1,105.5950,70.5600,Metal1,105.9250,70.5600,8.245e-06
Metal1,105.5950,78.4000,Metal1,107.6050,78.4000,1.472e-09
Metal1,105.5950,86.2400,Metal1,105.9250,86.2400,8.236e-06
Metal1,105.5950,94.0800,Metal1,105.9250,94.0800,8.239e-06
Metal1,105.5950,101.9200,Metal1,105.9250,101.9200,6.369e-07
Metal1,105.5950,133.2800,Metal1,107.6050,133.2800,7.393e-09
Metal1,105.5950,148.9600,Metal1,105.9250,148.9600,2.752e-07
Metal1,105.5950,172.8250,Metal1,105.8100,172.4800,4.836e-09
Metal1,105.7100,125.4400,Metal1,107.0450,125.4400,1.447e-09
Metal1,105.7600,141.1200,Metal1,107.5700,141.1200,1.357e-07
Metal1,105.7850,109.7600,Metal1,105.9250,109.9775,1.296e-08
Metal1,105.8100,172.4800,Metal1,107.4650,172.4800,4.836e-09
Metal1,105.9250,15.6800,Metal1,106.1550,15.6800,4.941e-06
Metal1,105.9250,23.5200,Metal1,106.1550,23.5200,2.939e-11
Metal1,105.9250,31.3600,Metal1,106.1550,31.3600,2.962e-11
Metal1,105.9250,39.2000,Metal1,106.1550,39.2000,2.925e-11
Metal1,105.9250,47.0400,Metal1,106.1550,47.0400,1.751e-06
Metal1,105.9250,54.8800,Metal1,106.1550,54.8800,2.954e-11
Metal1,105.9250,62.7200,Metal1,106.1550,62.7200,2.206e-06
Metal1,105.9250,70.5600,Metal1,106.1550,70.5600,2.209e-06
Metal1,105.9250,86.2400,Metal1,106.1550,86.2400,2.241e-06
Metal1,105.9250,94.0800,Metal1,106.1550,94.0800,2.202e-06
Metal1,105.9250,101.9200,Metal1,106.1550,101.9200,4.635e-08
Metal1,105.9250,109.9775,Metal1,106.0150,109.1950,1.296e-08
Metal1,105.9250,117.6000,Metal1,106.1550,117.6000,1.203e-05
Metal1,105.9250,148.9600,Metal1,106.1550,148.9600,1.679e-05
Metal1,105.9250,164.6400,Metal1,106.1550,164.6400,3.625e-05
Metal1,105.9250,203.8400,Metal1,106.1550,203.8400,5.937e-05
Metal1,106.0150,109.1950,Metal1,106.1550,109.7600,1.323e-08
Metal1,106.1550,15.6800,Metal1,107.0450,15.6800,4.941e-06
Metal1,106.1550,23.5200,Metal1,107.6050,23.5200,2.934e-11
Metal1,106.1550,31.3600,Metal1,107.6050,31.3600,2.963e-11
Metal1,106.1550,39.2000,Metal1,107.6050,39.2000,2.928e-11
Metal1,106.1550,47.0400,Metal1,107.6050,47.0400,1.751e-06
Metal1,106.1550,54.8800,Metal1,107.6050,54.8800,2.954e-11
Metal1,106.1550,62.7200,Metal1,107.6050,62.7200,2.206e-06
Metal1,106.1550,70.5600,Metal1,107.6050,70.5600,2.209e-06
Metal1,106.1550,86.2400,Metal1,107.6050,86.2400,2.241e-06
Metal1,106.1550,94.0800,Metal1,107.6050,94.0800,2.202e-06
Metal1,106.1550,101.9200,Metal1,107.6050,101.9200,9.516e-11
Metal1,106.1550,109.7600,Metal1,108.4700,109.7600,1.321e-08
Metal1,106.1550,117.6000,Metal1,106.6450,117.6000,1.203e-05
Metal1,106.1550,148.9600,Metal1,106.6500,148.9600,1.679e-05
Metal1,106.1550,164.6400,Metal1,106.7450,164.6400,3.625e-05
Metal1,106.1550,203.8400,Metal1,106.2500,203.8400,5.937e-05
Metal1,106.2500,203.8400,Metal1,106.5900,203.8400,5.545e-05
Metal1,106.3450,156.8000,Metal1,106.4850,157.0175,3.000e-08
Metal1,106.4850,157.0175,Metal1,106.5750,156.2350,3.000e-08
Metal1,106.5750,156.2350,Metal1,106.7150,156.8000,4.338e-08
Metal1,106.5900,203.8400,Metal1,108.4700,203.8400,5.545e-05
Metal1,106.6450,117.6000,Metal1,106.8750,117.6000,1.646e-06
Metal1,106.6500,148.9600,Metal1,106.8800,148.9600,1.180e-06
Metal1,106.7150,156.8000,Metal1,108.4700,156.8000,4.337e-08
Metal1,106.7450,164.6400,Metal1,106.9750,164.6400,2.982e-07
Metal1,106.8750,117.6000,Metal1,108.4700,117.6000,1.142e-05
Metal1,106.8800,148.9600,Metal1,108.4700,148.9600,2.649e-08
Metal1,106.9750,164.6400,Metal1,108.4700,164.6400,2.982e-07
Metal1,107.0450,15.6800,Metal1,107.2750,15.6800,4.907e-06
Metal1,107.0450,125.4400,Metal1,107.2750,125.4400,1.463e-07
Metal1,107.0450,180.3200,Metal1,107.2750,180.3200,9.041e-07
Metal1,107.0450,188.1600,Metal1,107.2750,188.1600,1.830e-09
Metal1,107.0450,196.0000,Metal1,107.2750,196.0000,6.212e-05
Metal1,107.2750,15.6800,Metal1,108.1650,15.6800,4.907e-06
Metal1,107.2750,125.4400,Metal1,108.4700,125.4400,1.463e-07
Metal1,107.2750,180.3200,Metal1,107.6050,180.3200,9.041e-07
Metal1,107.2750,188.1600,Metal1,108.4700,188.1600,1.821e-09
Metal1,107.2750,196.0000,Metal1,107.3700,196.0000,6.212e-05
Metal1,107.3700,196.0000,Metal1,107.7100,196.0000,5.820e-05
Metal1,107.4650,172.4800,Metal1,107.6050,172.6975,4.672e-06
Metal1,107.5700,141.1200,Metal1,107.8000,141.1200,3.468e-05
Metal1,107.6050,23.5200,Metal1,107.8350,23.5200,1.102e-10
Metal1,107.6050,31.3600,Metal1,107.8350,31.3600,1.113e-10
Metal1,107.6050,39.2000,Metal1,107.8350,39.2000,1.099e-10
Metal1,107.6050,47.0400,Metal1,107.8350,47.0400,6.565e-06
Metal1,107.6050,54.8800,Metal1,107.8350,54.8800,1.110e-10
Metal1,107.6050,62.7200,Metal1,107.8350,62.7200,8.272e-06
Metal1,107.6050,70.5600,Metal1,107.8350,70.5600,8.283e-06
Metal1,107.6050,78.4000,Metal1,107.8350,78.4000,4.794e-07
Metal1,107.6050,86.2400,Metal1,107.8350,86.2400,3.388e-07
Metal1,107.6050,94.0800,Metal1,107.8350,94.0800,9.636e-06
Metal1,107.6050,101.9200,Metal1,107.8350,101.9200,1.044e-08
Metal1,107.6050,133.2800,Metal1,107.8350,133.2800,2.416e-06
Metal1,107.6050,172.6975,Metal1,107.6950,171.9150,4.672e-06
Metal1,107.6050,180.3200,Metal1,107.8350,180.3200,2.959e-05
Metal1,107.6950,171.9150,Metal1,107.8350,172.4800,8.293e-06
Metal1,107.7100,196.0000,Metal1,108.4700,196.0000,5.820e-05
Metal1,107.8000,141.1200,Metal1,108.4700,141.1200,3.468e-05
Metal1,107.8250,211.6800,Metal1,108.0550,211.6800,2.649e-07
Metal1,107.8350,23.5200,Metal1,108.1650,23.5200,1.102e-10
Metal1,107.8350,31.3600,Metal1,108.1650,31.3600,1.113e-10
Metal1,107.8350,39.2000,Metal1,108.1650,39.2000,1.100e-10
Metal1,107.8350,47.0400,Metal1,108.1650,47.0400,6.565e-06
Metal1,107.8350,54.8800,Metal1,108.1650,54.8800,1.109e-10
Metal1,107.8350,62.7200,Metal1,108.1650,62.7200,8.272e-06
Metal1,107.8350,70.5600,Metal1,108.1650,70.5600,8.283e-06
Metal1,107.8350,78.4000,Metal1,107.8700,78.4000,4.794e-07
Metal1,107.8350,86.2400,Metal1,108.4700,86.2400,3.388e-07
Metal1,107.8350,94.0800,Metal1,108.4700,94.0800,9.636e-06
Metal1,107.8350,101.9200,Metal1,108.1650,101.9200,1.044e-08
Metal1,107.8350,133.2800,Metal1,107.8700,133.2800,2.416e-06
Metal1,107.8350,172.4800,Metal1,108.4700,172.4800,8.293e-06
Metal1,107.8350,180.3200,Metal1,108.4700,180.3200,2.959e-05
Metal1,107.8700,78.4000,Metal1,108.2100,78.4000,2.167e-08
Metal1,107.8700,133.2800,Metal1,108.2100,133.2800,1.590e-07
Metal1,108.0550,211.6800,Metal1,108.4700,211.6800,2.649e-07
Metal1,108.1650,15.6800,Metal1,108.3950,15.6800,4.940e-06
Metal1,108.1650,23.5200,Metal1,108.3950,23.5200,1.128e-11
Metal1,108.1650,31.3600,Metal1,108.3950,31.3600,1.121e-11
Metal1,108.1650,39.2000,Metal1,108.3950,39.2000,1.121e-11
Metal1,108.1650,47.0400,Metal1,108.3950,47.0400,2.364e-08
Metal1,108.1650,54.8800,Metal1,108.3950,54.8800,1.121e-11
Metal1,108.1650,62.7200,Metal1,108.3950,62.7200,2.979e-08
Metal1,108.1650,70.5600,Metal1,108.3950,70.5600,2.982e-08
Metal1,108.1650,101.9200,Metal1,108.3950,101.9200,6.368e-07
Metal1,108.2100,78.4000,Metal1,108.4700,78.4000,8.119e-11
Metal1,108.2100,133.2800,Metal1,108.4700,133.2800,1.103e-06
Metal1,108.3950,15.6800,Metal1,109.2850,15.6800,4.940e-06
Metal1,108.3950,23.5200,Metal1,108.4700,23.5200,1.121e-11
Metal1,108.3950,31.3600,Metal1,108.4700,31.3600,1.113e-11
Metal1,108.3950,39.2000,Metal1,108.4700,39.2000,1.121e-11
Metal1,108.3950,47.0400,Metal1,108.4700,47.0400,2.364e-08
Metal1,108.3950,54.8800,Metal1,108.4700,54.8800,1.121e-11
Metal1,108.3950,62.7200,Metal1,108.4700,62.7200,2.979e-08
Metal1,108.3950,70.5600,Metal1,108.4700,70.5600,2.982e-08
Metal1,108.3950,101.9200,Metal1,108.4700,101.9200,6.368e-07
Metal1,108.4700,23.5200,Metal1,108.8100,23.5200,6.647e-14
Metal1,108.4700,31.3600,Metal1,108.8100,31.3600,6.647e-14
Metal1,108.4700,39.2000,Metal1,108.8100,39.2000,6.647e-14
Metal1,108.4700,47.0400,Metal1,108.8100,47.0400,2.363e-08
Metal1,108.4700,54.8800,Metal1,108.8100,54.8800,1.329e-13
Metal1,108.4700,62.7200,Metal1,108.8100,62.7200,2.978e-08
Metal1,108.4700,70.5600,Metal1,108.8100,70.5600,2.981e-08
Metal1,108.4700,78.4000,Metal1,108.8100,78.4000,7.006e-11
Metal1,108.4700,86.2400,Metal1,108.8100,86.2400,3.388e-07
Metal1,108.4700,94.0800,Metal1,108.8100,94.0800,9.636e-06
Metal1,108.4700,101.9200,Metal1,108.8100,101.9200,6.368e-07
Metal1,108.4700,109.7600,Metal1,108.8100,109.7600,1.320e-08
Metal1,108.4700,117.6000,Metal1,108.8100,117.6000,1.142e-05
Metal1,108.4700,125.4400,Metal1,108.8100,125.4400,1.463e-07
Metal1,108.4700,133.2800,Metal1,108.8100,133.2800,1.103e-06
Metal1,108.4700,141.1200,Metal1,108.8100,141.1200,2.768e-07
Metal1,108.4700,148.9600,Metal1,108.6900,148.1150,2.648e-08
Metal1,108.4700,156.8000,Metal1,108.8100,156.8000,4.336e-08
Metal1,108.4700,164.6400,Metal1,108.8100,164.6400,3.488e-05
Metal1,108.4700,172.4800,Metal1,108.8100,172.4800,8.293e-06
Metal1,108.4700,180.3200,Metal1,108.8100,180.3200,2.959e-05
Metal1,108.4700,188.1600,Metal1,108.8100,188.1600,1.810e-09
Metal1,108.4700,196.0000,Metal1,108.8100,196.0000,5.820e-05
Metal1,108.4700,203.8400,Metal1,108.8100,203.8400,5.545e-05
Metal1,108.4700,211.6800,Metal1,108.8100,211.6800,2.649e-07
Metal1,108.4900,219.5200,Metal1,108.8300,219.5200,3.453e-05
Metal1,108.6900,148.1150,Metal1,108.8100,149.5050,1.434e-05
Metal1,108.8100,23.5200,Metal1,110.4050,23.5200,7.425e-14
Metal1,108.8100,31.3600,Metal1,110.4050,31.3600,6.682e-14
Metal1,108.8100,39.2000,Metal1,110.4050,39.2000,7.425e-14
Metal1,108.8100,47.0400,Metal1,110.4050,47.0400,2.363e-08
Metal1,108.8100,54.8800,Metal1,110.4050,54.8800,5.940e-14
Metal1,108.8100,62.7200,Metal1,110.4050,62.7200,2.978e-08
Metal1,108.8100,70.5600,Metal1,110.4050,70.5600,2.981e-08
Metal1,108.8100,78.4000,Metal1,110.9650,78.4000,7.009e-11
Metal1,108.8100,86.2400,Metal1,110.9300,86.2400,1.970e-10
Metal1,108.8100,94.0800,Metal1,109.8500,94.0800,9.636e-06
Metal1,108.8100,101.9200,Metal1,108.8900,101.9200,6.368e-07
Metal1,108.8100,109.7600,Metal1,110.1100,109.7600,1.320e-08
Metal1,108.8100,117.6000,Metal1,109.4450,117.6000,1.142e-05
Metal1,108.8100,125.4400,Metal1,110.9650,125.4400,4.244e-06
Metal1,108.8100,133.2800,Metal1,110.9650,133.2800,1.103e-06
Metal1,108.8100,141.1200,Metal1,110.3700,141.1200,2.768e-07
Metal1,108.8100,149.5050,Metal1,108.9200,148.9600,1.434e-05
Metal1,108.8100,156.8000,Metal1,110.6700,156.8000,2.079e-10
Metal1,108.8100,164.6400,Metal1,111.2250,164.6400,3.488e-05
Metal1,108.8100,172.4800,Metal1,111.7900,172.4800,8.947e-07
Metal1,108.8100,180.3200,Metal1,109.2900,180.3200,2.959e-05
Metal1,108.8100,188.1600,Metal1,109.2850,188.1600,1.810e-09
Metal1,108.8100,196.0000,Metal1,110.7300,196.0000,2.974e-06
Metal1,108.8100,203.8400,Metal1,110.5100,203.8400,5.545e-05
Metal1,108.8100,211.6800,Metal1,109.5650,211.6800,2.649e-07
Metal1,108.8300,219.5200,Metal1,111.8500,219.5200,3.453e-05
Metal1,108.8900,101.9200,Metal1,109.1200,101.9200,4.472e-08
Metal1,108.9200,148.9600,Metal1,110.9650,148.9600,4.660e-08
Metal1,109.1200,101.9200,Metal1,110.9300,101.9200,3.915e-10
Metal1,109.2850,15.6800,Metal1,109.5150,15.6800,3.127e-08
Metal1,109.2850,188.1600,Metal1,109.5150,188.1600,1.576e-09
Metal1,109.2900,180.3200,Metal1,109.6300,180.3200,1.064e-06
Metal1,109.4450,117.6000,Metal1,109.6750,117.6000,3.572e-07
Metal1,109.5150,15.6800,Metal1,110.4050,15.6800,5.377e-06
Metal1,109.5150,188.1600,Metal1,110.9650,188.1600,2.020e-08
Metal1,109.5650,211.6800,Metal1,109.7950,211.6800,5.559e-05
Metal1,109.6300,180.3200,Metal1,110.9650,180.3200,7.353e-06
Metal1,109.6750,117.6000,Metal1,110.0050,117.6000,3.572e-07
Metal1,109.7950,211.6800,Metal1,111.2900,211.6800,5.559e-05
Metal1,109.8500,94.0800,Metal1,110.1900,94.0800,4.805e-07
Metal1,110.0050,117.6000,Metal1,110.2350,117.6000,4.383e-08
Metal1,110.1100,109.7600,Metal1,110.4500,109.7600,1.429e-07
Metal1,110.1900,94.0800,Metal1,110.9650,94.0800,4.805e-07
Metal1,110.2350,117.6000,Metal1,114.3250,117.6000,9.472e-06
Metal1,110.3700,141.1200,Metal1,110.6000,141.1200,3.434e-05
Metal1,110.4050,15.6800,Metal1,110.6350,15.6800,4.904e-06
Metal1,110.4050,23.5200,Metal1,110.6350,23.5200,1.436e-10
Metal1,110.4050,31.3600,Metal1,110.6350,31.3600,1.436e-10
Metal1,110.4050,39.2000,Metal1,110.6350,39.2000,1.437e-10
Metal1,110.4050,47.0400,Metal1,110.6350,47.0400,3.536e-10
Metal1,110.4050,54.8800,Metal1,110.6350,54.8800,1.448e-10
Metal1,110.4050,62.7200,Metal1,110.6350,62.7200,4.101e-10
Metal1,110.4050,70.5600,Metal1,110.6350,70.5600,4.080e-10
Metal1,110.4500,109.7600,Metal1,110.9650,109.7600,3.149e-06
Metal1,110.5100,203.8400,Metal1,110.7300,203.4950,1.439e-06
Metal1,110.6000,141.1200,Metal1,110.9650,141.1200,3.434e-05
Metal1,110.6350,15.6800,Metal1,111.5250,15.6800,4.904e-06
Metal1,110.6350,23.5200,Metal1,110.9650,23.5200,1.435e-10
Metal1,110.6350,31.3600,Metal1,110.9650,31.3600,1.435e-10
Metal1,110.6350,39.2000,Metal1,110.9650,39.2000,1.437e-10
Metal1,110.6350,47.0400,Metal1,110.9650,47.0400,3.536e-10
Metal1,110.6350,54.8800,Metal1,110.9650,54.8800,1.448e-10
Metal1,110.6350,62.7200,Metal1,110.9650,62.7200,4.101e-10
Metal1,110.6350,70.5600,Metal1,110.9650,70.5600,4.080e-10
Metal1,110.6700,156.8000,Metal1,110.9650,157.2600,1.292e-11
Metal1,110.7300,196.0000,Metal1,110.9650,196.2450,9.467e-07
Metal1,110.7300,203.4950,Metal1,110.8500,204.0850,1.439e-06
Metal1,110.8500,204.0850,Metal1,111.0700,203.8400,2.482e-06
Metal1,110.9300,86.2400,Metal1,110.9650,86.7850,1.970e-10
Metal1,110.9300,101.9200,Metal1,110.9650,102.4650,3.915e-10
Metal1,110.9650,23.5200,Metal1,111.1950,23.5200,3.830e-11
Metal1,110.9650,31.3600,Metal1,111.1950,31.3600,3.823e-11
Metal1,110.9650,39.2000,Metal1,111.1950,39.2000,3.830e-11
Metal1,110.9650,47.0400,Metal1,111.1950,47.0400,6.681e-12
Metal1,110.9650,54.8800,Metal1,111.1950,54.8800,3.860e-11
Metal1,110.9650,62.7200,Metal1,111.1950,62.7200,1.782e-11
Metal1,110.9650,70.5600,Metal1,111.1950,70.5600,1.856e-11
Metal1,110.9650,78.4000,Metal1,111.1950,78.4000,1.900e-11
Metal1,110.9650,86.7850,Metal1,111.1600,85.6750,1.491e-13
Metal1,110.9650,94.0800,Metal1,111.1950,94.0800,1.133e-08
Metal1,110.9650,102.4650,Metal1,111.1600,101.3550,2.694e-10
Metal1,110.9650,109.7600,Metal1,111.1950,109.7600,7.087e-09
Metal1,110.9650,125.4400,Metal1,111.1950,125.4400,1.339e-05
Metal1,110.9650,133.2800,Metal1,111.1950,133.2800,1.527e-06
Metal1,110.9650,141.1200,Metal1,111.1950,141.1200,1.090e-07
Metal1,110.9650,148.9600,Metal1,111.1950,148.9600,1.434e-05
Metal1,110.9650,157.2600,Metal1,111.0100,156.2350,1.292e-11
Metal1,110.9650,180.3200,Metal1,111.1950,180.3200,1.369e-05
Metal1,110.9650,188.1600,Metal1,111.1950,188.1600,7.032e-08
Metal1,110.9650,196.2450,Metal1,111.0700,195.4350,9.467e-07
Metal1,111.0100,156.2350,Metal1,111.1950,156.8000,7.125e-08
Metal1,111.0700,195.4350,Metal1,111.1950,196.0000,5.428e-05
Metal1,111.0700,203.8400,Metal1,112.5050,203.8400,2.482e-06
Metal1,111.1600,85.6750,Metal1,111.1950,86.2400,1.473e-13
Metal1,111.1600,101.3550,Metal1,111.1950,101.9200,2.694e-10
Metal1,111.1950,23.5200,Metal1,112.6450,23.5200,3.828e-11
Metal1,111.1950,31.3600,Metal1,112.6450,31.3600,3.828e-11
Metal1,111.1950,39.2000,Metal1,112.6450,39.2000,3.832e-11
Metal1,111.1950,47.0400,Metal1,112.6450,47.0400,6.611e-12
Metal1,111.1950,54.8800,Metal1,112.6450,54.8800,3.862e-11
Metal1,111.1950,62.7200,Metal1,112.6450,62.7200,1.779e-11
Metal1,111.1950,70.5600,Metal1,112.6450,70.5600,1.851e-11
Metal1,111.1950,78.4000,Metal1,112.8650,78.4000,1.901e-11
Metal1,111.1950,86.2400,Metal1,113.2050,86.2400,1.502e-13
Metal1,111.1950,94.0800,Metal1,113.2050,94.0800,1.133e-08
Metal1,111.1950,101.9200,Metal1,113.2050,101.9200,2.694e-10
Metal1,111.1950,109.7600,Metal1,113.2050,109.7600,7.087e-09
Metal1,111.1950,125.4400,Metal1,111.7900,125.4400,1.339e-05
Metal1,111.1950,133.2800,Metal1,112.8650,133.2800,1.527e-06
Metal1,111.1950,141.1200,Metal1,113.2050,141.1200,1.090e-07
Metal1,111.1950,148.9600,Metal1,112.8050,148.9600,1.434e-05
Metal1,111.1950,156.8000,Metal1,113.3700,156.8000,7.123e-08
Metal1,111.1950,180.3200,Metal1,111.8250,180.3200,1.369e-05
Metal1,111.1950,188.1600,Metal1,111.5250,188.1600,7.032e-08
Metal1,111.1950,196.0000,Metal1,114.0900,196.0000,5.428e-05
Metal1,111.2250,164.6400,Metal1,111.4550,164.6400,4.871e-06
Metal1,111.2900,211.6800,Metal1,111.6300,211.6800,5.166e-05
Metal1,111.4550,164.6400,Metal1,113.5900,164.6400,3.452e-05
Metal1,111.5250,15.6800,Metal1,111.7550,15.6800,4.906e-06
Metal1,111.5250,188.1600,Metal1,111.7550,188.1600,1.913e-08
Metal1,111.6300,211.6800,Metal1,114.0900,211.6800,5.166e-05
Metal1,111.7550,15.6800,Metal1,112.6450,15.6800,4.906e-06
Metal1,111.7550,188.1600,Metal1,113.2050,188.1600,1.913e-08
Metal1,111.7900,125.4400,Metal1,112.1300,125.4400,7.478e-06
Metal1,111.7900,172.4800,Metal1,112.1300,172.4800,1.541e-07
Metal1,111.8250,180.3200,Metal1,112.0550,180.3200,7.961e-06
Metal1,111.8500,219.5200,Metal1,112.1900,219.5200,3.061e-05
Metal1,112.0550,180.3200,Metal1,113.2050,180.3200,7.961e-06
Metal1,112.1300,125.4400,Metal1,113.2050,125.4400,7.478e-06
Metal1,112.1300,172.4800,Metal1,112.7250,172.4800,4.305e-06
Metal1,112.1900,219.5200,Metal1,115.2100,219.5200,3.061e-05
Metal1,112.5050,203.8400,Metal1,112.7350,203.8400,3.679e-07
Metal1,112.6450,15.6800,Metal1,112.8750,15.6800,5.179e-06
Metal1,112.6450,23.5200,Metal1,112.8750,23.5200,1.436e-10
Metal1,112.6450,31.3600,Metal1,112.8750,31.3600,1.436e-10
Metal1,112.6450,39.2000,Metal1,112.8750,39.2000,1.437e-10
Metal1,112.6450,47.0400,Metal1,112.8750,47.0400,1.871e-11
Metal1,112.6450,54.8800,Metal1,112.8750,54.8800,1.448e-10
Metal1,112.6450,62.7200,Metal1,112.8750,62.7200,5.901e-11
Metal1,112.6450,70.5600,Metal1,112.8750,70.5600,6.176e-11
Metal1,112.7250,172.4800,Metal1,112.9550,172.4800,9.123e-07
Metal1,112.7350,203.8400,Metal1,114.3250,203.8400,3.060e-09
Metal1,112.8050,148.9600,Metal1,113.0350,148.9600,2.049e-07
Metal1,112.8650,78.4000,Metal1,113.0950,78.4000,1.653e-10
Metal1,112.8650,133.2800,Metal1,113.0950,133.2800,1.313e-05
Metal1,112.8750,15.6800,Metal1,113.7650,15.6800,5.179e-06
Metal1,112.8750,23.5200,Metal1,113.2050,23.5200,1.435e-10
Metal1,112.8750,31.3600,Metal1,113.2050,31.3600,1.435e-10
Metal1,112.8750,39.2000,Metal1,113.2050,39.2000,1.437e-10
Metal1,112.8750,47.0400,Metal1,113.2050,47.0400,1.877e-11
Metal1,112.8750,54.8800,Metal1,113.2050,54.8800,1.448e-10
Metal1,112.8750,62.7200,Metal1,113.2050,62.7200,5.905e-11
Metal1,112.8750,70.5600,Metal1,113.2050,70.5600,6.180e-11
Metal1,112.9550,172.4800,Metal1,115.4450,172.4800,9.123e-07
Metal1,113.0350,148.9600,Metal1,113.8900,148.9600,2.049e-07
Metal1,113.0950,78.4000,Metal1,113.2050,78.4000,1.654e-10
Metal1,113.0950,133.2800,Metal1,113.2050,133.2800,1.313e-05
Metal1,113.2050,23.5200,Metal1,113.4350,23.5200,1.262e-12
Metal1,113.2050,31.3600,Metal1,113.4350,31.3600,1.188e-12
Metal1,113.2050,39.2000,Metal1,113.4350,39.2000,1.188e-12
Metal1,113.2050,47.0400,Metal1,113.4350,47.0400,5.938e-13
Metal1,113.2050,54.8800,Metal1,113.4350,54.8800,1.188e-12
Metal1,113.2050,62.7200,Metal1,113.4350,62.7200,2.969e-13
Metal1,113.2050,70.5600,Metal1,113.4350,70.5600,3.711e-13
Metal1,113.2050,78.4000,Metal1,113.4350,78.4000,2.672e-11
Metal1,113.2050,86.2400,Metal1,113.4350,86.2400,4.157e-12
Metal1,113.2050,94.0800,Metal1,113.4350,94.0800,4.054e-06
Metal1,113.2050,101.9200,Metal1,113.4350,101.9200,4.909e-13
Metal1,113.2050,109.7600,Metal1,113.4350,109.7600,9.135e-07
Metal1,113.2050,125.4400,Metal1,113.4350,125.4400,5.356e-07
Metal1,113.2050,133.2800,Metal1,113.4350,133.2800,2.116e-06
Metal1,113.2050,141.1200,Metal1,113.4350,141.1200,1.735e-10
Metal1,113.2050,180.3200,Metal1,113.4350,180.3200,5.720e-07
Metal1,113.2050,188.1600,Metal1,113.4350,188.1600,4.871e-09
Metal1,113.3700,156.8000,Metal1,113.6000,156.8000,4.391e-09
Metal1,113.4350,23.5200,Metal1,114.8850,23.5200,1.303e-12
Metal1,113.4350,31.3600,Metal1,114.8850,31.3600,1.209e-12
Metal1,113.4350,39.2000,Metal1,114.8850,39.2000,1.311e-12
Metal1,113.4350,47.0400,Metal1,114.8850,47.0400,6.411e-13
Metal1,113.4350,54.8800,Metal1,114.8850,54.8800,1.315e-12
Metal1,113.4350,62.7200,Metal1,114.8850,62.7200,4.819e-13
Metal1,113.4350,70.5600,Metal1,114.8850,70.5600,3.634e-13
Metal1,113.4350,78.4000,Metal1,114.6050,78.4000,2.666e-11
Metal1,113.4350,86.2400,Metal1,113.7650,86.2400,4.199e-12
Metal1,113.4350,94.0800,Metal1,115.4450,94.0800,1.719e-07
Metal1,113.4350,101.9200,Metal1,115.4450,101.9200,4.301e-13
Metal1,113.4350,109.7600,Metal1,115.1050,109.7600,9.135e-07
Metal1,113.4350,125.4400,Metal1,115.4450,125.4400,2.027e-09
Metal1,113.4350,133.2800,Metal1,114.6050,133.2800,2.116e-06
Metal1,113.4350,141.1200,Metal1,115.4450,141.1200,1.735e-10
Metal1,113.4350,180.3200,Metal1,115.4450,180.3200,2.649e-08
Metal1,113.4350,188.1600,Metal1,113.7650,188.1600,8.715e-08
Metal1,113.5900,164.6400,Metal1,113.9300,164.6400,2.897e-06
Metal1,113.6000,156.8000,Metal1,115.4100,156.8000,8.667e-09
Metal1,113.7650,15.6800,Metal1,113.9950,15.6800,3.515e-05
Metal1,113.7650,86.2400,Metal1,113.9950,86.2400,1.113e-12
Metal1,113.7650,188.1600,Metal1,113.9950,188.1600,1.877e-08
Metal1,113.8900,148.9600,Metal1,114.1200,148.9600,6.636e-08
Metal1,113.9300,164.6400,Metal1,117.1250,164.6400,3.327e-05
Metal1,113.9950,15.6800,Metal1,114.8850,15.6800,3.515e-05
Metal1,113.9950,86.2400,Metal1,115.4450,86.2400,1.111e-12
Metal1,113.9950,188.1600,Metal1,115.4450,188.1600,1.877e-08
Metal1,114.0900,196.0000,Metal1,114.4300,196.0000,5.035e-05
Metal1,114.0900,211.6800,Metal1,114.4300,211.6800,4.774e-05
Metal1,114.1200,148.9600,Metal1,117.6850,148.9600,1.198e-05
Metal1,114.3250,117.6000,Metal1,114.5550,117.6000,1.963e-06
Metal1,114.3250,203.8400,Metal1,114.5550,203.8400,3.679e-07
Metal1,114.4300,196.0000,Metal1,114.5850,196.0000,5.035e-05
Metal1,114.4300,211.6800,Metal1,114.6500,211.6800,4.774e-05
Metal1,114.5550,117.6000,Metal1,114.8850,117.6000,1.963e-06
Metal1,114.5550,203.8400,Metal1,115.0450,203.8400,3.679e-07
Metal1,114.5850,196.0000,Metal1,114.8150,196.0000,7.044e-06
Metal1,114.6050,78.4000,Metal1,114.8350,78.4000,4.917e-11
Metal1,114.6050,133.2800,Metal1,114.8350,133.2800,3.903e-06
Metal1,114.6500,211.6800,Metal1,114.9900,211.6800,4.190e-05
Metal1,114.8150,196.0000,Metal1,118.5700,196.0000,5.002e-05
Metal1,114.8350,78.4000,Metal1,115.4450,78.4000,4.916e-11
Metal1,114.8350,133.2800,Metal1,115.4450,133.2800,3.903e-06
Metal1,114.8850,15.6800,Metal1,115.1150,15.6800,2.179e-07
Metal1,114.8850,23.5200,Metal1,115.1150,23.5200,2.450e-12
Metal1,114.8850,31.3600,Metal1,115.1150,31.3600,2.153e-12
Metal1,114.8850,39.2000,Metal1,115.1150,39.2000,2.524e-12
Metal1,114.8850,47.0400,Metal1,115.1150,47.0400,2.598e-12
Metal1,114.8850,54.8800,Metal1,115.1150,54.8800,2.524e-12
Metal1,114.8850,62.7200,Metal1,115.1150,62.7200,2.746e-12
Metal1,114.8850,70.5600,Metal1,115.1150,70.5600,2.227e-12
Metal1,114.8850,117.6000,Metal1,115.1150,117.6000,4.904e-07
Metal1,114.9900,211.6800,Metal1,117.2500,211.6800,4.190e-05
Metal1,115.0450,203.8400,Metal1,115.2750,203.8400,1.309e-08
Metal1,115.1050,109.7600,Metal1,115.3350,109.7600,7.834e-06
Metal1,115.1150,15.6800,Metal1,116.0050,15.6800,3.216e-09
Metal1,115.1150,23.5200,Metal1,115.4450,23.5200,2.494e-12
Metal1,115.1150,31.3600,Metal1,115.4450,31.3600,2.153e-12
Metal1,115.1150,39.2000,Metal1,115.4450,39.2000,2.494e-12
Metal1,115.1150,47.0400,Metal1,115.4450,47.0400,2.656e-12
Metal1,115.1150,54.8800,Metal1,115.4450,54.8800,2.512e-12
Metal1,115.1150,62.7200,Metal1,115.4450,62.7200,2.691e-12
Metal1,115.1150,70.5600,Metal1,115.4450,70.5600,2.351e-12
Metal1,115.1150,117.6000,Metal1,116.5650,117.6000,4.904e-07
Metal1,115.2100,219.5200,Metal1,115.5500,219.5200,2.471e-05
Metal1,115.2750,203.8400,Metal1,116.8300,203.8400,1.814e-07
Metal1,115.3350,109.7600,Metal1,115.4450,109.7600,7.834e-06
Metal1,115.4100,156.8000,Metal1,115.6400,156.8000,2.375e-06
Metal1,115.4450,23.5200,Metal1,115.6750,23.5200,6.681e-13
Metal1,115.4450,31.3600,Metal1,115.6750,31.3600,5.938e-13
Metal1,115.4450,39.2000,Metal1,115.6750,39.2000,7.423e-13
Metal1,115.4450,47.0400,Metal1,115.6750,47.0400,7.423e-13
Metal1,115.4450,54.8800,Metal1,115.6750,54.8800,6.681e-13
Metal1,115.4450,62.7200,Metal1,115.6750,62.7200,7.423e-13
Metal1,115.4450,70.5600,Metal1,115.6750,70.5600,6.681e-13
Metal1,115.4450,78.4000,Metal1,115.6750,78.4000,7.423e-14
Metal1,115.4450,86.2400,Metal1,115.6750,86.2400,4.231e-12
Metal1,115.4450,94.0800,Metal1,115.6750,94.0800,5.455e-07
Metal1,115.4450,101.9200,Metal1,115.6750,101.9200,3.313e-12
Metal1,115.4450,109.7600,Metal1,115.6750,109.7600,1.263e-06
Metal1,115.4450,125.4400,Metal1,115.6750,125.4400,7.961e-08
Metal1,115.4450,133.2800,Metal1,115.6750,133.2800,1.237e-08
Metal1,115.4450,141.1200,Metal1,115.6750,141.1200,1.498e-09
Metal1,115.4450,172.4800,Metal1,115.6750,172.4800,7.987e-08
Metal1,115.4450,180.3200,Metal1,115.6750,180.3200,8.112e-07
Metal1,115.4450,188.1600,Metal1,115.6750,188.1600,7.032e-08
Metal1,115.5500,219.5200,Metal1,117.9900,219.5200,2.471e-05
Metal1,115.6400,156.8000,Metal1,115.6650,156.8000,2.375e-06
Metal1,115.6650,156.8000,Metal1,115.8950,156.8000,1.842e-07
Metal1,115.6750,23.5200,Metal1,117.1250,23.5200,6.820e-13
Metal1,115.6750,31.3600,Metal1,117.1250,31.3600,5.921e-13
Metal1,115.6750,39.2000,Metal1,117.1250,39.2000,6.779e-13
Metal1,115.6750,47.0400,Metal1,117.1250,47.0400,7.187e-13
Metal1,115.6750,54.8800,Metal1,117.1250,54.8800,6.820e-13
Metal1,115.6750,62.7200,Metal1,117.1250,62.7200,7.310e-13
Metal1,115.6750,70.5600,Metal1,117.1250,70.5600,6.330e-13
Metal1,115.6750,78.4000,Metal1,117.6850,78.4000,1.591e-13
Metal1,115.6750,86.2400,Metal1,116.0050,86.2400,4.145e-12
Metal1,115.6750,94.0800,Metal1,116.2700,94.0800,5.455e-07
Metal1,115.6750,101.9200,Metal1,117.6850,101.9200,8.838e-14
Metal1,115.6750,109.7600,Metal1,116.8450,109.7600,1.263e-06
Metal1,115.6750,125.4400,Metal1,117.6850,125.4400,7.961e-08
Metal1,115.6750,133.2800,Metal1,117.6850,133.2800,1.237e-08
Metal1,115.6750,141.1200,Metal1,117.6850,141.1200,4.117e-11
Metal1,115.6750,172.4800,Metal1,116.7850,172.4800,2.032e-07
Metal1,115.6750,180.3200,Metal1,117.6850,180.3200,2.727e-08
Metal1,115.6750,188.1600,Metal1,116.0050,188.1600,7.032e-08
Metal1,115.8950,156.8000,Metal1,117.4050,156.8000,1.842e-07
Metal1,116.0050,15.6800,Metal1,116.2350,15.6800,2.179e-07
Metal1,116.0050,86.2400,Metal1,116.2350,86.2400,2.227e-13
Metal1,116.0050,188.1600,Metal1,116.2350,188.1600,2.047e-08
Metal1,116.2350,15.6800,Metal1,117.1250,15.6800,2.179e-07
Metal1,116.2350,86.2400,Metal1,117.6850,86.2400,1.205e-12
Metal1,116.2350,188.1600,Metal1,117.6850,188.1600,2.047e-08
Metal1,116.2700,94.0800,Metal1,116.6100,94.0800,3.047e-07
Metal1,116.5650,117.6000,Metal1,116.7950,117.6000,1.260e-07
Metal1,116.6100,94.0800,Metal1,117.6850,94.0800,3.047e-07
Metal1,116.7850,172.4800,Metal1,117.0150,172.4800,2.927e-07
Metal1,116.7950,117.6000,Metal1,117.1250,117.6000,2.249e-06
Metal1,116.8300,203.8400,Metal1,117.1700,203.8400,4.788e-08
Metal1,116.8450,109.7600,Metal1,117.0750,109.7600,2.330e-06
Metal1,117.0150,172.4800,Metal1,117.6850,172.4800,2.927e-07
Metal1,117.0750,109.7600,Metal1,117.6850,109.7600,2.330e-06
Metal1,117.1250,15.6800,Metal1,117.3550,15.6800,1.561e-08
Metal1,117.1250,23.5200,Metal1,117.3550,23.5200,2.227e-13
Metal1,117.1250,31.3600,Metal1,117.3550,31.3600,1.485e-13
Metal1,117.1250,39.2000,Metal1,117.3550,39.2000,7.423e-14
Metal1,117.1250,47.0400,Metal1,117.3550,47.0400,7.423e-14
Metal1,117.1250,54.8800,Metal1,117.3550,54.8800,1.485e-13
Metal1,117.1250,62.7200,Metal1,117.3550,62.7200,1.485e-13
Metal1,117.1250,70.5600,Metal1,117.3550,70.5600,1.485e-13
Metal1,117.1250,117.6000,Metal1,117.3550,117.6000,1.240e-07
Metal1,117.1250,164.6400,Metal1,117.3550,164.6400,2.391e-06
Metal1,117.1700,203.8400,Metal1,120.2500,203.8400,1.241e-06
Metal1,117.2500,211.6800,Metal1,117.4800,211.6800,4.201e-06
Metal1,117.3550,15.6800,Metal1,117.9900,15.6800,8.294e-11
Metal1,117.3550,23.5200,Metal1,117.6850,23.5200,3.104e-12
Metal1,117.3550,31.3600,Metal1,117.6850,31.3600,2.691e-12
Metal1,117.3550,39.2000,Metal1,117.6850,39.2000,3.140e-12
Metal1,117.3550,47.0400,Metal1,117.6850,47.0400,3.319e-12
Metal1,117.3550,54.8800,Metal1,117.6850,54.8800,3.122e-12
Metal1,117.3550,62.7200,Metal1,117.6850,62.7200,3.337e-12
Metal1,117.3550,70.5600,Metal1,117.6850,70.5600,2.889e-12
Metal1,117.3550,117.6000,Metal1,118.8050,117.6000,5.178e-07
Metal1,117.3550,164.6400,Metal1,119.3650,164.6400,1.175e-07
Metal1,117.4050,156.8000,Metal1,117.6350,156.8000,4.687e-05
Metal1,117.4800,211.6800,Metal1,119.1900,211.6800,4.020e-05
Metal1,117.6350,156.8000,Metal1,117.6850,156.8000,4.687e-05
Metal1,117.6850,23.5200,Metal1,117.9150,23.5200,2.227e-13
Metal1,117.6850,31.3600,Metal1,117.9150,31.3600,2.227e-13
Metal1,117.6850,39.2000,Metal1,117.9150,39.2000,2.227e-13
Metal1,117.6850,47.0400,Metal1,117.9150,47.0400,1.485e-13
Metal1,117.6850,54.8800,Metal1,117.9150,54.8800,1.485e-13
Metal1,117.6850,62.7200,Metal1,117.9150,62.7200,2.969e-13
Metal1,117.6850,70.5600,Metal1,117.9150,70.5600,2.969e-13
Metal1,117.6850,78.4000,Metal1,117.9150,78.4000,6.681e-13
Metal1,117.6850,86.2400,Metal1,117.9150,86.2400,2.227e-13
Metal1,117.6850,94.0800,Metal1,117.9150,94.0800,2.182e-08
Metal1,117.6850,101.9200,Metal1,117.9150,101.9200,3.313e-12
Metal1,117.6850,109.7600,Metal1,117.9150,109.7600,1.671e-07
Metal1,117.6850,125.4400,Metal1,117.9150,125.4400,2.728e-06
Metal1,117.6850,133.2800,Metal1,117.9150,133.2800,8.919e-10
Metal1,117.6850,141.1200,Metal1,117.9150,141.1200,1.511e-09
Metal1,117.6850,148.9600,Metal1,117.9150,148.9600,4.666e-08
Metal1,117.6850,156.8000,Metal1,117.9150,156.8000,3.368e-06
Metal1,117.6850,172.4800,Metal1,117.9150,172.4800,4.164e-07
Metal1,117.6850,180.3200,Metal1,117.9150,180.3200,2.900e-05
Metal1,117.6850,188.1600,Metal1,117.9150,188.1600,3.063e-07
Metal1,117.9150,23.5200,Metal1,119.3650,23.5200,7.146e-13
Metal1,117.9150,31.3600,Metal1,119.3650,31.3600,6.166e-13
Metal1,117.9150,39.2000,Metal1,119.3650,39.2000,7.228e-13
Metal1,117.9150,47.0400,Metal1,119.3650,47.0400,7.555e-13
Metal1,117.9150,54.8800,Metal1,119.3650,54.8800,7.187e-13
Metal1,117.9150,62.7200,Metal1,119.3650,62.7200,7.718e-13
Metal1,117.9150,70.5600,Metal1,119.3650,70.5600,6.656e-13
Metal1,117.9150,78.4000,Metal1,118.2450,78.4000,7.680e-12
Metal1,117.9150,86.2400,Metal1,118.2450,86.2400,5.132e-12
Metal1,117.9150,94.0800,Metal1,119.9250,94.0800,7.206e-11
Metal1,117.9150,101.9200,Metal1,119.9250,101.9200,3.830e-14
Metal1,117.9150,109.7600,Metal1,119.9250,109.7600,5.318e-10
Metal1,117.9150,125.4400,Metal1,119.9250,125.4400,9.173e-08
Metal1,117.9150,133.2800,Metal1,118.2450,133.2800,8.121e-11
Metal1,117.9150,141.1200,Metal1,119.9250,141.1200,3.844e-11
Metal1,117.9150,148.9600,Metal1,119.3650,148.9600,4.666e-08
Metal1,117.9150,156.8000,Metal1,119.9250,156.8000,1.655e-07
Metal1,117.9150,172.4800,Metal1,118.5250,172.4800,4.164e-07
Metal1,117.9150,180.3200,Metal1,119.0650,180.3200,2.900e-05
Metal1,117.9150,188.1600,Metal1,118.2450,188.1600,3.063e-07
Metal1,117.9900,15.6800,Metal1,118.3300,15.6800,7.345e-11
Metal1,117.9900,219.5200,Metal1,118.3300,219.5200,2.471e-05
Metal1,118.2450,78.4000,Metal1,118.4750,78.4000,4.454e-13
Metal1,118.2450,86.2400,Metal1,118.4750,86.2400,1.113e-12
Metal1,118.2450,133.2800,Metal1,118.4750,133.2800,4.751e-12
Metal1,118.2450,188.1600,Metal1,118.4750,188.1600,2.392e-05
Metal1,118.3300,15.6800,Metal1,119.3650,15.6800,6.405e-11
Metal1,118.3300,219.5200,Metal1,120.2500,219.5200,2.471e-05
Metal1,118.4750,78.4000,Metal1,119.9250,78.4000,1.772e-12
Metal1,118.4750,86.2400,Metal1,119.9250,86.2400,1.103e-12
Metal1,118.4750,133.2800,Metal1,119.9250,133.2800,1.470e-11
Metal1,118.4750,188.1600,Metal1,120.2500,188.1600,2.392e-05
Metal1,118.5250,172.4800,Metal1,118.7550,172.4800,9.759e-06
Metal1,118.5700,196.0000,Metal1,118.9100,196.0000,4.610e-05
Metal1,118.7550,172.4800,Metal1,119.9250,172.4800,1.100e-07
Metal1,118.8050,117.6000,Metal1,119.0350,117.6000,1.806e-06
Metal1,118.9100,196.0000,Metal1,120.2500,196.0000,4.610e-05
Metal1,119.0350,117.6000,Metal1,119.3650,117.6000,1.806e-06
Metal1,119.0650,180.3200,Metal1,119.2950,180.3200,6.540e-08
Metal1,119.1900,211.6800,Metal1,119.5300,211.6800,3.391e-06
Metal1,119.2950,180.3200,Metal1,119.9250,180.3200,6.540e-08
Metal1,119.3650,15.6800,Metal1,119.5950,15.6800,3.363e-09
Metal1,119.3650,23.5200,Metal1,119.5950,23.5200,2.450e-12
Metal1,119.3650,31.3600,Metal1,119.5950,31.3600,2.153e-12
Metal1,119.3650,39.2000,Metal1,119.5950,39.2000,2.524e-12
Metal1,119.3650,47.0400,Metal1,119.5950,47.0400,2.598e-12
Metal1,119.3650,54.8800,Metal1,119.5950,54.8800,2.524e-12
Metal1,119.3650,62.7200,Metal1,119.5950,62.7200,2.672e-12
Metal1,119.3650,70.5600,Metal1,119.5950,70.5600,2.301e-12
Metal1,119.3650,117.6000,Metal1,119.5950,117.6000,4.831e-07
Metal1,119.3650,148.9600,Metal1,119.5950,148.9600,4.991e-09
Metal1,119.3650,164.6400,Metal1,119.5950,164.6400,2.965e-06
Metal1,119.5300,211.6800,Metal1,122.4700,211.6800,3.916e-05
Metal1,119.5950,15.6800,Metal1,121.6050,15.6800,3.353e-09
Metal1,119.5950,23.5200,Metal1,119.9250,23.5200,2.512e-12
Metal1,119.5950,31.3600,Metal1,119.9250,31.3600,2.153e-12
Metal1,119.5950,39.2000,Metal1,119.9250,39.2000,2.530e-12
Metal1,119.5950,47.0400,Metal1,119.9250,47.0400,2.638e-12
Metal1,119.5950,54.8800,Metal1,119.9250,54.8800,2.512e-12
Metal1,119.5950,62.7200,Metal1,119.9250,62.7200,2.691e-12
Metal1,119.5950,70.5600,Metal1,119.9250,70.5600,2.297e-12
Metal1,119.5950,117.6000,Metal1,121.0450,117.6000,4.831e-07
Metal1,119.5950,148.9600,Metal1,119.9250,148.9600,2.305e-08
Metal1,119.5950,164.6400,Metal1,121.6050,164.6400,1.954e-08
Metal1,119.9250,23.5200,Metal1,120.1550,23.5200,7.423e-13
Metal1,119.9250,31.3600,Metal1,120.1550,31.3600,5.938e-13
Metal1,119.9250,39.2000,Metal1,120.1550,39.2000,7.423e-13
Metal1,119.9250,47.0400,Metal1,120.1550,47.0400,7.423e-13
Metal1,119.9250,54.8800,Metal1,120.1550,54.8800,6.681e-13
Metal1,119.9250,62.7200,Metal1,120.1550,62.7200,7.423e-13
Metal1,119.9250,70.5600,Metal1,120.1550,70.5600,6.681e-13
Metal1,119.9250,78.4000,Metal1,120.1550,78.4000,6.384e-12
Metal1,119.9250,86.2400,Metal1,120.1550,86.2400,4.380e-12
Metal1,119.9250,94.0800,Metal1,120.1550,94.0800,4.840e-11
Metal1,119.9250,101.9200,Metal1,120.1550,101.9200,2.368e-11
Metal1,119.9250,109.7600,Metal1,120.1550,109.7600,2.503e-09
Metal1,119.9250,125.4400,Metal1,120.1550,125.4400,2.511e-05
Metal1,119.9250,133.2800,Metal1,120.1550,133.2800,5.374e-11
Metal1,119.9250,141.1200,Metal1,120.1550,141.1200,1.237e-10
Metal1,119.9250,148.9600,Metal1,120.1550,148.9600,4.948e-09
Metal1,119.9250,156.8000,Metal1,120.1550,156.8000,4.687e-05
Metal1,119.9250,172.4800,Metal1,120.1550,172.4800,9.759e-06
Metal1,119.9250,180.3200,Metal1,120.1550,180.3200,3.556e-06
Metal1,120.1550,23.5200,Metal1,121.6050,23.5200,6.697e-13
Metal1,120.1550,31.3600,Metal1,121.6050,31.3600,5.758e-13
Metal1,120.1550,39.2000,Metal1,121.6050,39.2000,6.738e-13
Metal1,120.1550,47.0400,Metal1,121.6050,47.0400,7.065e-13
Metal1,120.1550,54.8800,Metal1,121.6050,54.8800,6.738e-13
Metal1,120.1550,62.7200,Metal1,121.6050,62.7200,7.187e-13
Metal1,120.1550,70.5600,Metal1,121.6050,70.5600,6.166e-13
Metal1,120.1550,78.4000,Metal1,120.4850,78.4000,6.334e-12
Metal1,120.1550,86.2400,Metal1,120.4850,86.2400,4.288e-12
Metal1,120.1550,94.0800,Metal1,122.1650,94.0800,2.736e-11
Metal1,120.1550,101.9200,Metal1,122.1650,101.9200,2.725e-12
Metal1,120.1550,109.7600,Metal1,120.4850,109.7600,2.503e-09
Metal1,120.1550,125.4400,Metal1,121.1500,125.4400,2.511e-05
Metal1,120.1550,133.2800,Metal1,120.4850,133.2800,5.376e-11
Metal1,120.1550,141.1200,Metal1,122.1650,141.1200,1.027e-10
Metal1,120.1550,148.9600,Metal1,121.6050,148.9600,4.948e-09
Metal1,120.1550,156.8000,Metal1,120.6500,156.8000,6.191e-06
Metal1,120.1550,172.4800,Metal1,122.4700,172.4800,9.759e-06
Metal1,120.1550,180.3200,Metal1,122.4700,180.3200,2.764e-05
Metal1,120.2500,188.1600,Metal1,120.4900,188.4050,2.000e-05
Metal1,120.2500,196.0000,Metal1,120.5900,196.0000,4.217e-05
Metal1,120.2500,203.8400,Metal1,120.5900,203.8400,2.680e-06
Metal1,120.2500,219.5200,Metal1,120.5900,219.5200,2.079e-05
Metal1,120.4850,78.4000,Metal1,120.7150,78.4000,7.571e-12
Metal1,120.4850,86.2400,Metal1,120.7150,86.2400,8.314e-12
Metal1,120.4850,109.7600,Metal1,120.7150,109.7600,7.231e-10
Metal1,120.4850,133.2800,Metal1,120.7150,133.2800,1.419e-10
Metal1,120.4900,188.4050,Metal1,120.5900,187.9925,2.000e-05
Metal1,120.5900,187.9925,Metal1,120.8300,188.1600,7.996e-07
Metal1,120.5900,196.0000,Metal1,122.1700,196.0000,4.217e-05
Metal1,120.5900,203.8400,Metal1,121.8250,203.8400,2.680e-06
Metal1,120.5900,219.5200,Metal1,124.1700,219.5200,2.079e-05
Metal1,120.6500,156.8000,Metal1,120.8800,156.8000,1.022e-05
Metal1,120.7150,78.4000,Metal1,122.1650,78.4000,2.181e-12
Metal1,120.7150,86.2400,Metal1,122.1650,86.2400,1.646e-12
Metal1,120.7150,109.7600,Metal1,122.1650,109.7600,7.131e-10
Metal1,120.7150,133.2800,Metal1,122.1650,133.2800,1.318e-10
Metal1,120.8300,188.1600,Metal1,122.4700,188.1600,6.888e-08
Metal1,120.8800,156.8000,Metal1,121.0450,156.8000,1.022e-05
Metal1,121.0450,117.6000,Metal1,121.2750,117.6000,1.963e-06
Metal1,121.0450,156.8000,Metal1,121.2750,156.8000,3.046e-05
Metal1,121.1500,125.4400,Metal1,121.4900,125.4400,1.063e-07
Metal1,121.2750,117.6000,Metal1,121.6050,117.6000,1.963e-06
Metal1,121.2750,156.8000,Metal1,122.4700,156.8000,1.421e-07
Metal1,121.4900,125.4400,Metal1,122.4700,125.4400,1.063e-07
Metal1,121.6050,15.6800,Metal1,121.6100,16.2450,3.353e-09
Metal1,121.6050,23.5200,Metal1,121.8350,23.5200,2.301e-12
Metal1,121.6050,31.3600,Metal1,121.8350,31.3600,1.930e-12
Metal1,121.6050,39.2000,Metal1,121.8350,39.2000,2.301e-12
Metal1,121.6050,47.0400,Metal1,121.8350,47.0400,2.375e-12
Metal1,121.6050,54.8800,Metal1,121.8350,54.8800,2.227e-12
Metal1,121.6050,62.7200,Metal1,121.8350,62.7200,2.375e-12
Metal1,121.6050,70.5600,Metal1,121.8350,70.5600,2.153e-12
Metal1,121.6050,117.6000,Metal1,121.7650,118.1650,9.472e-06
Metal1,121.6050,148.9600,Metal1,121.8350,148.9600,1.865e-08
Metal1,121.6050,164.6400,Metal1,121.8350,164.6400,1.086e-08
Metal1,121.6100,16.2450,Metal1,121.8350,15.3250,4.756e-08
Metal1,121.7650,118.1650,Metal1,121.8350,117.0550,9.472e-06
Metal1,121.8250,203.8400,Metal1,122.0550,203.8400,1.906e-07
Metal1,121.8350,15.3250,Metal1,121.9500,15.6800,4.756e-08
Metal1,121.8350,23.5200,Metal1,122.1650,23.5200,2.351e-12
Metal1,121.8350,31.3600,Metal1,122.1650,31.3600,1.992e-12
Metal1,121.8350,39.2000,Metal1,122.1650,39.2000,2.368e-12
Metal1,121.8350,47.0400,Metal1,122.1650,47.0400,2.512e-12
Metal1,121.8350,54.8800,Metal1,122.1650,54.8800,2.368e-12
Metal1,121.8350,62.7200,Metal1,122.1650,62.7200,2.548e-12
Metal1,121.8350,70.5600,Metal1,122.1650,70.5600,2.153e-12
Metal1,121.8350,117.0550,Metal1,121.9950,117.6000,4.444e-08
Metal1,121.8350,148.9600,Metal1,122.1650,148.9600,1.865e-08
Metal1,121.8350,164.6400,Metal1,122.4700,164.6400,1.086e-08
Metal1,121.9500,15.6800,Metal1,122.4700,15.6800,4.756e-08
Metal1,121.9950,117.6000,Metal1,122.4700,117.6000,4.444e-08
Metal1,122.0550,203.8400,Metal1,122.4700,203.8400,1.906e-07
Metal1,122.1650,23.5200,Metal1,122.3950,23.5200,1.076e-11
Metal1,122.1650,31.3600,Metal1,122.3950,31.3600,1.084e-11
Metal1,122.1650,39.2000,Metal1,122.3950,39.2000,1.076e-11
Metal1,122.1650,47.0400,Metal1,122.3950,47.0400,1.076e-11
Metal1,122.1650,54.8800,Metal1,122.3950,54.8800,1.084e-11
Metal1,122.1650,62.7200,Metal1,122.3950,62.7200,1.076e-11
Metal1,122.1650,70.5600,Metal1,122.3950,70.5600,1.076e-11
Metal1,122.1650,78.4000,Metal1,122.3950,78.4000,1.076e-11
Metal1,122.1650,86.2400,Metal1,122.3950,86.2400,1.076e-11
Metal1,122.1650,94.0800,Metal1,122.3950,94.0800,8.834e-09
Metal1,122.1650,101.9200,Metal1,122.3950,101.9200,9.806e-10
Metal1,122.1650,109.7600,Metal1,122.3950,109.7600,7.563e-09
Metal1,122.1650,133.2800,Metal1,122.3950,133.2800,3.387e-08
Metal1,122.1650,141.1200,Metal1,122.3950,141.1200,1.882e-08
Metal1,122.1650,148.9600,Metal1,122.3950,148.9600,1.930e-09
Metal1,122.1700,196.0000,Metal1,122.4700,195.8325,1.647e-08
Metal1,122.3950,23.5200,Metal1,122.4700,23.5200,1.074e-11
Metal1,122.3950,31.3600,Metal1,122.4700,31.3600,1.074e-11
Metal1,122.3950,39.2000,Metal1,122.4700,39.2000,1.074e-11
Metal1,122.3950,47.0400,Metal1,122.4700,47.0400,1.074e-11
Metal1,122.3950,54.8800,Metal1,122.4700,54.8800,1.074e-11
Metal1,122.3950,62.7200,Metal1,122.4700,62.7200,1.074e-11
Metal1,122.3950,70.5600,Metal1,122.4700,70.5600,1.074e-11
Metal1,122.3950,78.4000,Metal1,122.4700,78.4000,1.074e-11
Metal1,122.3950,86.2400,Metal1,122.4700,86.2400,1.074e-11
Metal1,122.3950,94.0800,Metal1,122.4700,94.0800,8.834e-09
Metal1,122.3950,101.9200,Metal1,122.4700,101.9200,9.805e-10
Metal1,122.3950,109.7600,Metal1,122.4700,109.7600,7.563e-09
Metal1,122.3950,133.2800,Metal1,122.4700,133.2800,3.387e-08
Metal1,122.3950,141.1200,Metal1,122.4700,141.1200,1.882e-08
Metal1,122.3950,148.9600,Metal1,122.4700,148.9600,1.929e-09
Metal1,122.4700,15.6800,Metal1,122.8100,15.6800,4.755e-08
Metal1,122.4700,23.5200,Metal1,122.8100,23.5200,5.317e-13
Metal1,122.4700,31.3600,Metal1,122.8100,31.3600,5.317e-13
Metal1,122.4700,39.2000,Metal1,122.8100,39.2000,5.982e-13
Metal1,122.4700,47.0400,Metal1,122.8100,47.0400,5.317e-13
Metal1,122.4700,54.8800,Metal1,122.8100,54.8800,5.317e-13
Metal1,122.4700,62.7200,Metal1,122.8100,62.7200,5.317e-13
Metal1,122.4700,70.5600,Metal1,122.8100,70.5600,5.317e-13
Metal1,122.4700,78.4000,Metal1,122.8100,78.4000,5.982e-13
Metal1,122.4700,86.2400,Metal1,122.8100,86.2400,5.317e-13
Metal1,122.4700,94.0800,Metal1,122.8100,94.0800,8.823e-09
Metal1,122.4700,101.9200,Metal1,122.8100,101.9200,9.692e-10
Metal1,122.4700,109.7600,Metal1,122.8100,109.7600,7.552e-09
Metal1,122.4700,117.6000,Metal1,122.8100,117.6000,4.443e-08
Metal1,122.4700,125.4400,Metal1,122.8100,125.4400,1.062e-07
Metal1,122.4700,133.2800,Metal1,122.8100,133.2800,3.386e-08
Metal1,122.4700,141.1200,Metal1,122.8100,141.1200,1.881e-08
Metal1,122.4700,148.9600,Metal1,122.8100,148.9600,1.918e-09
Metal1,122.4700,156.8000,Metal1,122.6900,157.6450,1.421e-07
Metal1,122.4700,164.6400,Metal1,122.8100,164.6400,1.085e-08
Metal1,122.4700,172.4800,Metal1,122.8100,172.4800,9.759e-06
Metal1,122.4700,180.3200,Metal1,122.8100,180.3200,2.764e-05
Metal1,122.4700,188.1600,Metal1,122.8100,188.1600,6.887e-08
Metal1,122.4700,195.8325,Metal1,122.5100,196.8450,1.647e-08
Metal1,122.4700,203.8400,Metal1,122.8100,203.8400,1.906e-07
Metal1,122.4700,211.6800,Metal1,122.8100,211.6800,3.916e-05
Metal1,122.5100,196.8450,Metal1,122.8100,196.0000,1.646e-08
Metal1,122.6900,157.6450,Metal1,122.8100,156.2550,4.442e-05
Metal1,122.8100,15.6800,Metal1,124.0400,15.6800,2.570e-10
Metal1,122.8100,23.5200,Metal1,124.4050,23.5200,5.420e-13
Metal1,122.8100,31.3600,Metal1,124.4050,31.3600,5.272e-13
Metal1,122.8100,39.2000,Metal1,124.4050,39.2000,5.272e-13
Metal1,122.8100,47.0400,Metal1,124.4050,47.0400,5.272e-13
Metal1,122.8100,54.8800,Metal1,124.4050,54.8800,5.346e-13
Metal1,122.8100,62.7200,Metal1,124.4050,62.7200,5.234e-13
Metal1,122.8100,70.5600,Metal1,124.4050,70.5600,5.272e-13
Metal1,122.8100,78.4000,Metal1,124.4050,78.4000,5.383e-13
Metal1,122.8100,86.2400,Metal1,124.4050,86.2400,5.346e-13
Metal1,122.8100,94.0800,Metal1,124.4050,94.0800,8.823e-09
Metal1,122.8100,101.9200,Metal1,124.4050,101.9200,9.692e-10
Metal1,122.8100,109.7600,Metal1,124.4050,109.7600,7.551e-09
Metal1,122.8100,117.6000,Metal1,124.9650,117.6000,8.002e-06
Metal1,122.8100,125.4400,Metal1,123.1450,125.4400,1.062e-07
Metal1,122.8100,133.2800,Metal1,124.4050,133.2800,3.386e-08
Metal1,122.8100,141.1200,Metal1,124.4050,141.1200,1.881e-08
Metal1,122.8100,148.9600,Metal1,124.4050,148.9600,2.232e-10
Metal1,122.8100,156.2550,Metal1,122.9200,156.8000,4.442e-05
Metal1,122.8100,164.6400,Metal1,123.8450,164.6400,1.085e-08
Metal1,122.8100,172.4800,Metal1,124.4850,172.4800,6.850e-08
Metal1,122.8100,180.3200,Metal1,124.9650,180.3200,2.764e-05
Metal1,122.8100,188.1600,Metal1,123.0250,188.1600,6.887e-08
Metal1,122.8100,196.0000,Metal1,124.7050,196.0000,1.854e-08
Metal1,122.8100,203.8400,Metal1,123.5650,203.8400,1.906e-07
Metal1,122.8100,211.6800,Metal1,125.2250,211.6800,3.916e-05
Metal1,122.9200,156.8000,Metal1,124.9650,156.8000,1.444e-07
Metal1,123.0250,188.1600,Metal1,123.2550,188.1600,1.942e-05
Metal1,123.1450,125.4400,Metal1,123.3750,125.4400,5.365e-10
Metal1,123.2550,188.1600,Metal1,124.9650,188.1600,1.942e-05
Metal1,123.3750,125.4400,Metal1,124.9650,125.4400,5.364e-10
Metal1,123.5650,203.8400,Metal1,123.7950,203.8400,4.155e-05
Metal1,123.7950,203.8400,Metal1,126.1900,203.8400,4.155e-05
Metal1,123.8450,164.6400,Metal1,124.0750,164.6400,2.362e-10
Metal1,124.0400,15.6800,Metal1,124.3800,15.6800,3.914e-10
Metal1,124.0750,164.6400,Metal1,124.9650,164.6400,2.362e-10
Metal1,124.1700,219.5200,Metal1,124.5100,219.5200,1.687e-05
Metal1,124.3800,15.6800,Metal1,124.9650,15.6800,3.914e-10
Metal1,124.4050,23.5200,Metal1,124.6350,23.5200,1.264e-10
Metal1,124.4050,31.3600,Metal1,124.6350,31.3600,1.287e-10
Metal1,124.4050,39.2000,Metal1,124.6350,39.2000,1.272e-10
Metal1,124.4050,47.0400,Metal1,124.6350,47.0400,1.287e-10
Metal1,124.4050,54.8800,Metal1,124.6350,54.8800,1.280e-10
Metal1,124.4050,62.7200,Metal1,124.6350,62.7200,1.298e-10
Metal1,124.4050,70.5600,Metal1,124.6350,70.5600,1.286e-10
Metal1,124.4050,78.4000,Metal1,124.6350,78.4000,1.256e-10
Metal1,124.4050,86.2400,Metal1,124.6350,86.2400,1.265e-10
Metal1,124.4050,94.0800,Metal1,124.6350,94.0800,2.451e-06
Metal1,124.4050,101.9200,Metal1,124.6350,101.9200,2.696e-07
Metal1,124.4050,109.7600,Metal1,124.5100,109.1950,7.551e-09
Metal1,124.4050,133.2800,Metal1,124.6350,133.2800,9.407e-06
Metal1,124.4050,141.1200,Metal1,124.5100,140.5550,1.881e-08
Metal1,124.4050,148.9600,Metal1,124.6350,148.9600,6.614e-11
Metal1,124.4850,172.4800,Metal1,124.7150,172.4800,7.588e-06
Metal1,124.5100,109.1950,Metal1,124.6350,110.1050,5.755e-06
Metal1,124.5100,140.5550,Metal1,124.6350,141.4650,1.434e-05
Metal1,124.5100,219.5200,Metal1,128.6500,219.5200,1.687e-05
Metal1,124.6350,23.5200,Metal1,124.9650,23.5200,1.264e-10
Metal1,124.6350,31.3600,Metal1,124.9650,31.3600,1.286e-10
Metal1,124.6350,39.2000,Metal1,124.9650,39.2000,1.272e-10
Metal1,124.6350,47.0400,Metal1,124.9650,47.0400,1.287e-10
Metal1,124.6350,54.8800,Metal1,124.9650,54.8800,1.280e-10
Metal1,124.6350,62.7200,Metal1,124.9650,62.7200,1.299e-10
Metal1,124.6350,70.5600,Metal1,124.9650,70.5600,1.285e-10
Metal1,124.6350,78.4000,Metal1,124.9650,78.4000,1.256e-10
Metal1,124.6350,86.2400,Metal1,124.9650,86.2400,1.265e-10
Metal1,124.6350,94.0800,Metal1,124.9650,94.0800,2.451e-06
Metal1,124.6350,101.9200,Metal1,124.9650,101.9200,2.696e-07
Metal1,124.6350,110.1050,Metal1,124.8500,109.7600,4.229e-09
Metal1,124.6350,133.2800,Metal1,124.9650,133.2800,9.407e-06
Metal1,124.6350,141.4650,Metal1,124.8500,141.1200,1.053e-08
Metal1,124.6350,148.9600,Metal1,124.9650,148.9600,1.149e-09
Metal1,124.7050,196.0000,Metal1,124.7300,195.4550,1.854e-08
Metal1,124.7150,172.4800,Metal1,124.9650,172.4800,7.588e-06
Metal1,124.7300,195.4550,Metal1,124.9350,196.2450,3.582e-05
Metal1,124.8500,109.7600,Metal1,126.5050,109.7600,4.229e-09
Metal1,124.8500,141.1200,Metal1,126.5050,141.1200,1.053e-08
Metal1,124.9350,196.2450,Metal1,125.0700,196.0000,3.582e-05
Metal1,124.9650,15.6800,Metal1,125.1950,15.6800,1.336e-12
Metal1,124.9650,23.5200,Metal1,125.1950,23.5200,3.370e-11
Metal1,124.9650,31.3600,Metal1,125.1950,31.3600,3.429e-11
Metal1,124.9650,39.2000,Metal1,125.1950,39.2000,3.392e-11
Metal1,124.9650,47.0400,Metal1,125.1950,47.0400,3.437e-11
Metal1,124.9650,54.8800,Metal1,125.1950,54.8800,3.415e-11
Metal1,124.9650,62.7200,Metal1,125.1950,62.7200,3.459e-11
Metal1,124.9650,70.5600,Metal1,125.1950,70.5600,3.422e-11
Metal1,124.9650,78.4000,Metal1,125.1950,78.4000,3.348e-11
Metal1,124.9650,86.2400,Metal1,125.1950,86.2400,3.370e-11
Metal1,124.9650,94.0800,Metal1,125.1950,94.0800,6.538e-07
Metal1,124.9650,101.9200,Metal1,125.1950,101.9200,7.189e-08
Metal1,124.9650,117.6000,Metal1,125.1950,117.6000,3.284e-08
Metal1,124.9650,125.4400,Metal1,125.1950,125.4400,3.867e-11
Metal1,124.9650,133.2800,Metal1,125.1950,133.2800,4.823e-07
Metal1,124.9650,148.9600,Metal1,125.1950,148.9600,3.280e-09
Metal1,124.9650,156.8000,Metal1,125.1950,156.8000,4.442e-05
Metal1,124.9650,164.6400,Metal1,125.1950,164.6400,1.620e-10
Metal1,124.9650,172.4800,Metal1,125.1950,172.4800,5.452e-07
Metal1,124.9650,180.3200,Metal1,125.1950,180.3200,7.953e-07
Metal1,124.9650,188.1600,Metal1,125.1950,188.1600,1.290e-06
Metal1,125.0700,196.0000,Metal1,128.0900,196.0000,3.582e-05
Metal1,125.1950,15.6800,Metal1,127.2050,15.6800,1.276e-12
Metal1,125.1950,23.5200,Metal1,126.6450,23.5200,3.371e-11
Metal1,125.1950,31.3600,Metal1,126.6450,31.3600,3.431e-11
Metal1,125.1950,39.2000,Metal1,126.6450,39.2000,3.394e-11
Metal1,125.1950,47.0400,Metal1,126.6450,47.0400,3.432e-11
Metal1,125.1950,54.8800,Metal1,126.6450,54.8800,3.414e-11
Metal1,125.1950,62.7200,Metal1,126.6450,62.7200,3.463e-11
Metal1,125.1950,70.5600,Metal1,126.6450,70.5600,3.427e-11
Metal1,125.1950,78.4000,Metal1,126.6450,78.4000,3.350e-11
Metal1,125.1950,86.2400,Metal1,126.6450,86.2400,3.373e-11
Metal1,125.1950,94.0800,Metal1,126.6450,94.0800,6.538e-07
Metal1,125.1950,101.9200,Metal1,126.6450,101.9200,7.189e-08
Metal1,125.1950,117.6000,Metal1,126.6450,117.6000,3.284e-08
Metal1,125.1950,125.4400,Metal1,127.2050,125.4400,1.859e-12
Metal1,125.1950,133.2800,Metal1,126.6450,133.2800,2.671e-06
Metal1,125.1950,148.9600,Metal1,126.6450,148.9600,3.280e-09
Metal1,125.1950,156.8000,Metal1,125.6900,156.8000,4.442e-05
Metal1,125.1950,164.6400,Metal1,126.0850,164.6400,1.621e-10
Metal1,125.1950,172.4800,Metal1,127.2050,172.4800,2.680e-08
Metal1,125.1950,180.3200,Metal1,127.2050,180.3200,2.674e-08
Metal1,125.1950,188.1600,Metal1,126.6450,188.1600,1.290e-06
Metal1,125.2250,211.6800,Metal1,125.4550,211.6800,4.967e-08
Metal1,125.4550,211.6800,Metal1,126.7250,211.6800,4.967e-08
Metal1,125.6900,156.8000,Metal1,125.9200,156.8000,2.634e-06
Metal1,125.9200,156.8000,Metal1,127.7300,156.8000,7.737e-08
Metal1,126.0850,164.6400,Metal1,126.3150,164.6400,1.188e-12
Metal1,126.1900,203.8400,Metal1,126.5300,203.8400,2.677e-06
Metal1,126.3150,164.6400,Metal1,127.2050,164.6400,1.781e-10
Metal1,126.5050,109.7600,Metal1,126.6450,109.9775,4.085e-06
Metal1,126.5050,141.1200,Metal1,126.6450,141.3375,1.018e-05
Metal1,126.5300,203.8400,Metal1,126.9700,203.8400,2.677e-06
Metal1,126.6450,23.5200,Metal1,126.8750,23.5200,1.263e-10
Metal1,126.6450,31.3600,Metal1,126.8750,31.3600,1.287e-10
Metal1,126.6450,39.2000,Metal1,126.8750,39.2000,1.273e-10
Metal1,126.6450,47.0400,Metal1,126.8750,47.0400,1.287e-10
Metal1,126.6450,54.8800,Metal1,126.8750,54.8800,1.281e-10
Metal1,126.6450,62.7200,Metal1,126.8750,62.7200,1.299e-10
Metal1,126.6450,70.5600,Metal1,126.8750,70.5600,1.286e-10
Metal1,126.6450,78.4000,Metal1,126.8750,78.4000,1.256e-10
Metal1,126.6450,86.2400,Metal1,126.8750,86.2400,1.265e-10
Metal1,126.6450,94.0800,Metal1,126.8750,94.0800,2.451e-06
Metal1,126.6450,101.9200,Metal1,126.8750,101.9200,2.696e-07
Metal1,126.6450,109.9775,Metal1,126.7350,109.1950,4.085e-06
Metal1,126.6450,117.6000,Metal1,126.8750,117.6000,6.907e-09
Metal1,126.6450,133.2800,Metal1,126.8750,133.2800,9.700e-06
Metal1,126.6450,141.3375,Metal1,126.7350,140.5550,1.018e-05
Metal1,126.6450,148.9600,Metal1,126.8750,148.9600,8.140e-07
Metal1,126.6450,188.1600,Metal1,126.8750,188.1600,4.452e-06
Metal1,126.7250,211.6800,Metal1,126.9550,211.6800,4.043e-06
Metal1,126.7350,109.1950,Metal1,126.8750,109.7600,5.650e-06
Metal1,126.7350,140.5550,Metal1,126.8750,141.1200,9.821e-06
Metal1,126.8750,23.5200,Metal1,127.2050,23.5200,1.264e-10
Metal1,126.8750,31.3600,Metal1,127.2050,31.3600,1.287e-10
Metal1,126.8750,39.2000,Metal1,127.2050,39.2000,1.273e-10
Metal1,126.8750,47.0400,Metal1,127.2050,47.0400,1.287e-10
Metal1,126.8750,54.8800,Metal1,127.2050,54.8800,1.280e-10
Metal1,126.8750,62.7200,Metal1,127.2050,62.7200,1.299e-10
Metal1,126.8750,70.5600,Metal1,127.2050,70.5600,1.285e-10
Metal1,126.8750,78.4000,Metal1,127.2050,78.4000,1.256e-10
Metal1,126.8750,86.2400,Metal1,127.2050,86.2400,1.265e-10
Metal1,126.8750,94.0800,Metal1,127.2050,94.0800,2.451e-06
Metal1,126.8750,101.9200,Metal1,127.2050,101.9200,2.696e-07
Metal1,126.8750,109.7600,Metal1,128.8850,109.7600,5.650e-06
Metal1,126.8750,117.6000,Metal1,127.2050,117.6000,6.907e-09
Metal1,126.8750,133.2800,Metal1,127.2050,133.2800,9.700e-06
Metal1,126.8750,141.1200,Metal1,130.8300,141.1200,9.821e-06
Metal1,126.8750,148.9600,Metal1,127.7700,148.9600,8.140e-07
Metal1,126.8750,188.1600,Metal1,127.2050,188.1600,4.452e-06
Metal1,126.9550,211.6800,Metal1,130.8900,211.6800,3.578e-05
Metal1,126.9700,203.8400,Metal1,127.3100,203.8400,1.244e-06
Metal1,127.2050,15.6800,Metal1,127.4350,15.6800,1.240e-11
Metal1,127.2050,23.5200,Metal1,127.4350,23.5200,1.188e-12
Metal1,127.2050,31.3600,Metal1,127.4350,31.3600,1.188e-12
Metal1,127.2050,39.2000,Metal1,127.4350,39.2000,1.113e-12
Metal1,127.2050,47.0400,Metal1,127.4350,47.0400,1.336e-12
Metal1,127.2050,54.8800,Metal1,127.4350,54.8800,1.113e-12
Metal1,127.2050,62.7200,Metal1,127.4350,62.7200,1.113e-12
Metal1,127.2050,70.5600,Metal1,127.4350,70.5600,1.188e-12
Metal1,127.2050,78.4000,Metal1,127.4350,78.4000,1.188e-12
Metal1,127.2050,86.2400,Metal1,127.4350,86.2400,1.188e-12
Metal1,127.2050,94.0800,Metal1,127.4350,94.0800,1.006e-08
Metal1,127.2050,101.9200,Metal1,127.4350,101.9200,1.108e-09
Metal1,127.2050,117.6000,Metal1,127.4350,117.6000,1.728e-09
Metal1,127.2050,125.4400,Metal1,127.4350,125.4400,5.269e-10
Metal1,127.2050,133.2800,Metal1,127.4350,133.2800,2.178e-05
Metal1,127.2050,164.6400,Metal1,127.4350,164.6400,7.423e-14
Metal1,127.2050,172.4800,Metal1,127.4350,172.4800,6.826e-07
Metal1,127.2050,180.3200,Metal1,127.4350,180.3200,8.170e-07
Metal1,127.2050,188.1600,Metal1,127.4350,188.1600,2.264e-07
Metal1,127.3100,203.8400,Metal1,128.1850,203.8400,1.244e-06
Metal1,127.4350,15.6800,Metal1,127.7650,15.6800,1.242e-11
Metal1,127.4350,23.5200,Metal1,128.8850,23.5200,1.209e-12
Metal1,127.4350,31.3600,Metal1,128.8850,31.3600,1.254e-12
Metal1,127.4350,39.2000,Metal1,128.8850,39.2000,1.241e-12
Metal1,127.4350,47.0400,Metal1,128.8850,47.0400,1.237e-12
Metal1,127.4350,54.8800,Metal1,128.8850,54.8800,1.135e-12
Metal1,127.4350,62.7200,Metal1,128.8850,62.7200,1.250e-12
Metal1,127.4350,70.5600,Metal1,128.8850,70.5600,1.237e-12
Metal1,127.4350,78.4000,Metal1,128.8850,78.4000,1.233e-12
Metal1,127.4350,86.2400,Metal1,128.8850,86.2400,1.233e-12
Metal1,127.4350,94.0800,Metal1,128.8850,94.0800,1.006e-08
Metal1,127.4350,101.9200,Metal1,128.8850,101.9200,1.108e-09
Metal1,127.4350,117.6000,Metal1,128.8850,117.6000,1.728e-09
Metal1,127.4350,125.4400,Metal1,127.4700,125.4400,5.268e-10
Metal1,127.4350,133.2800,Metal1,128.8850,133.2800,1.984e-07
Metal1,127.4350,164.6400,Metal1,128.3250,164.6400,1.769e-10
Metal1,127.4350,172.4800,Metal1,129.4450,172.4800,4.498e-09
Metal1,127.4350,180.3200,Metal1,129.4450,180.3200,1.499e-09
Metal1,127.4350,188.1600,Metal1,128.8850,188.1600,1.290e-06
Metal1,127.4700,125.4400,Metal1,127.8100,125.4400,4.357e-08
Metal1,127.7300,156.8000,Metal1,127.9600,156.8000,3.953e-05
Metal1,127.7650,15.6800,Metal1,127.9950,15.6800,5.938e-13
Metal1,127.7700,148.9600,Metal1,128.1100,148.9600,8.733e-07
Metal1,127.8100,125.4400,Metal1,129.0450,125.4400,9.638e-07
Metal1,127.9600,156.8000,Metal1,129.0500,156.8000,3.953e-05
Metal1,127.9950,15.6800,Metal1,129.4450,15.6800,3.512e-12
Metal1,128.0900,196.0000,Metal1,128.3250,196.2450,3.190e-05
Metal1,128.1100,148.9600,Metal1,128.8850,148.9600,8.733e-07
Metal1,128.1850,203.8400,Metal1,128.4150,203.8400,1.948e-06
Metal1,128.3250,164.6400,Metal1,128.5550,164.6400,1.614e-10
Metal1,128.3250,196.2450,Metal1,128.4300,195.4350,3.190e-05
Metal1,128.4150,203.8400,Metal1,130.3300,203.8400,1.948e-06
Metal1,128.4300,195.4350,Metal1,128.5550,196.0000,4.491e-08
Metal1,128.5550,164.6400,Metal1,129.4450,164.6400,1.614e-10
Metal1,128.5550,196.0000,Metal1,130.5650,196.0000,4.491e-08
Metal1,128.6500,219.5200,Metal1,128.9900,219.5200,1.102e-05
Metal1,128.8850,23.5200,Metal1,129.1150,23.5200,2.450e-12
Metal1,128.8850,31.3600,Metal1,129.1150,31.3600,2.524e-12
Metal1,128.8850,39.2000,Metal1,129.1150,39.2000,2.450e-12
Metal1,128.8850,47.0400,Metal1,129.1150,47.0400,2.450e-12
Metal1,128.8850,54.8800,Metal1,129.1150,54.8800,2.153e-12
Metal1,128.8850,62.7200,Metal1,129.1150,62.7200,2.450e-12
Metal1,128.8850,70.5600,Metal1,129.1150,70.5600,2.375e-12
Metal1,128.8850,78.4000,Metal1,129.1150,78.4000,2.524e-12
Metal1,128.8850,86.2400,Metal1,129.1150,86.2400,2.524e-12
Metal1,128.8850,94.0800,Metal1,129.1150,94.0800,2.106e-09
Metal1,128.8850,101.9200,Metal1,129.1150,101.9200,2.274e-10
Metal1,128.8850,109.7600,Metal1,129.1150,109.7600,6.194e-08
Metal1,128.8850,117.6000,Metal1,129.1150,117.6000,4.408e-10
Metal1,128.8850,133.2800,Metal1,129.1150,133.2800,2.178e-05
Metal1,128.8850,148.9600,Metal1,129.1150,148.9600,2.474e-08
Metal1,128.8850,188.1600,Metal1,129.1150,188.1600,3.008e-07
Metal1,128.9900,219.5200,Metal1,131.4300,219.5200,1.102e-05
Metal1,129.0450,125.4400,Metal1,129.2750,125.4400,4.132e-08
Metal1,129.0500,156.8000,Metal1,129.2800,156.8000,2.676e-06
Metal1,129.1150,23.5200,Metal1,129.4450,23.5200,2.404e-12
Metal1,129.1150,31.3600,Metal1,129.4450,31.3600,2.548e-12
Metal1,129.1150,39.2000,Metal1,129.4450,39.2000,2.548e-12
Metal1,129.1150,47.0400,Metal1,129.4450,47.0400,2.512e-12
Metal1,129.1150,54.8800,Metal1,129.4450,54.8800,2.153e-12
Metal1,129.1150,62.7200,Metal1,129.4450,62.7200,2.512e-12
Metal1,129.1150,70.5600,Metal1,129.4450,70.5600,2.494e-12
Metal1,129.1150,78.4000,Metal1,129.4450,78.4000,2.530e-12
Metal1,129.1150,86.2400,Metal1,129.4450,86.2400,2.512e-12
Metal1,129.1150,94.0800,Metal1,129.4450,94.0800,2.106e-09
Metal1,129.1150,101.9200,Metal1,129.4450,101.9200,2.274e-10
Metal1,129.1150,109.7600,Metal1,130.8300,109.7600,6.194e-08
Metal1,129.1150,117.6000,Metal1,129.4450,117.6000,7.884e-09
Metal1,129.1150,133.2800,Metal1,129.6100,133.2800,2.178e-05
Metal1,129.1150,148.9600,Metal1,131.1250,148.9600,2.474e-08
Metal1,129.1150,188.1600,Metal1,129.4450,188.1600,5.490e-06
Metal1,129.2750,125.4400,Metal1,132.4650,125.4400,3.750e-07
Metal1,129.2800,156.8000,Metal1,130.0050,156.8000,4.832e-08
Metal1,129.4450,15.6800,Metal1,129.6750,15.6800,1.262e-11
Metal1,129.4450,23.5200,Metal1,129.6750,23.5200,6.681e-13
Metal1,129.4450,31.3600,Metal1,129.6750,31.3600,7.423e-13
Metal1,129.4450,39.2000,Metal1,129.6750,39.2000,7.423e-13
Metal1,129.4450,47.0400,Metal1,129.6750,47.0400,6.681e-13
Metal1,129.4450,54.8800,Metal1,129.6750,54.8800,5.938e-13
Metal1,129.4450,62.7200,Metal1,129.6750,62.7200,7.423e-13
Metal1,129.4450,70.5600,Metal1,129.6750,70.5600,6.681e-13
Metal1,129.4450,78.4000,Metal1,129.6750,78.4000,6.681e-13
Metal1,129.4450,86.2400,Metal1,129.6750,86.2400,6.681e-13
Metal1,129.4450,94.0800,Metal1,129.6750,94.0800,5.266e-10
Metal1,129.4450,101.9200,Metal1,129.6750,101.9200,5.671e-11
Metal1,129.4450,117.6000,Metal1,129.6750,117.6000,1.698e-09
Metal1,129.4450,164.6400,Metal1,129.6750,164.6400,1.614e-10
Metal1,129.4450,172.4800,Metal1,129.6750,172.4800,7.402e-08
Metal1,129.4450,180.3200,Metal1,129.6750,180.3200,8.970e-08
Metal1,129.4450,188.1600,Metal1,129.6750,188.1600,1.182e-06
Metal1,129.6100,133.2800,Metal1,129.8400,133.2800,3.558e-07
Metal1,129.6750,15.6800,Metal1,130.0050,15.6800,1.260e-11
Metal1,129.6750,23.5200,Metal1,131.1250,23.5200,6.534e-13
Metal1,129.6750,31.3600,Metal1,131.1250,31.3600,6.901e-13
Metal1,129.6750,39.2000,Metal1,131.1250,39.2000,6.901e-13
Metal1,129.6750,47.0400,Metal1,131.1250,47.0400,6.820e-13
Metal1,129.6750,54.8800,Metal1,131.1250,54.8800,5.880e-13
Metal1,129.6750,62.7200,Metal1,131.1250,62.7200,6.820e-13
Metal1,129.6750,70.5600,Metal1,131.1250,70.5600,6.779e-13
Metal1,129.6750,78.4000,Metal1,131.1250,78.4000,6.901e-13
Metal1,129.6750,86.2400,Metal1,131.1250,86.2400,6.860e-13
Metal1,129.6750,94.0800,Metal1,131.1250,94.0800,5.266e-10
Metal1,129.6750,101.9200,Metal1,131.1250,101.9200,5.676e-11
Metal1,129.6750,117.6000,Metal1,131.1250,117.6000,1.698e-09
Metal1,129.6750,164.6400,Metal1,130.5650,164.6400,1.614e-10
Metal1,129.6750,172.4800,Metal1,131.6850,172.4800,1.248e-09
Metal1,129.6750,180.3200,Metal1,131.6850,180.3200,8.969e-08
Metal1,129.6750,188.1600,Metal1,131.1250,188.1600,1.182e-06
Metal1,129.8400,133.2800,Metal1,130.1650,133.2800,3.558e-07
Metal1,130.0050,15.6800,Metal1,130.2350,15.6800,1.841e-11
Metal1,130.0050,156.8000,Metal1,130.2350,156.8000,3.849e-06
Metal1,130.1650,133.2800,Metal1,130.3950,133.2800,7.075e-09
Metal1,130.2350,15.6800,Metal1,131.4300,15.6800,8.869e-12
Metal1,130.2350,156.8000,Metal1,130.7300,156.8000,3.849e-06
Metal1,130.3300,203.8400,Metal1,130.6700,203.8400,1.973e-06
Metal1,130.3950,133.2800,Metal1,131.6500,133.2800,1.098e-07
Metal1,130.5650,164.6400,Metal1,130.7950,164.6400,1.710e-10
Metal1,130.5650,196.0000,Metal1,130.7950,196.0000,3.267e-09
Metal1,130.6700,203.8400,Metal1,132.5100,203.8400,1.973e-06
Metal1,130.7300,156.8000,Metal1,130.9600,156.8000,9.443e-06
Metal1,130.7950,164.6400,Metal1,131.6850,164.6400,1.709e-10
Metal1,130.7950,196.0000,Metal1,131.6850,196.0000,1.051e-11
Metal1,130.8300,109.7600,Metal1,131.1250,110.2200,2.520e-09
Metal1,130.8300,141.1200,Metal1,131.1700,141.1200,4.253e-07
Metal1,130.8900,211.6800,Metal1,131.2300,211.6800,3.186e-05
Metal1,130.9600,156.8000,Metal1,131.0900,156.8000,9.443e-06
Metal1,131.0900,156.8000,Metal1,131.3200,156.8000,2.379e-05
Metal1,131.1250,23.5200,Metal1,131.3550,23.5200,7.423e-14
Metal1,131.1250,31.3600,Metal1,131.3550,31.3600,1.485e-13
Metal1,131.1250,39.2000,Metal1,131.3550,39.2000,2.227e-13
Metal1,131.1250,47.0400,Metal1,131.3550,47.0400,1.485e-13
Metal1,131.1250,54.8800,Metal1,131.3550,54.8800,1.485e-13
Metal1,131.1250,62.7200,Metal1,131.3550,62.7200,2.227e-13
Metal1,131.1250,70.5600,Metal1,131.3550,70.5600,7.423e-14
Metal1,131.1250,78.4000,Metal1,131.3550,78.4000,1.485e-13
Metal1,131.1250,86.2400,Metal1,131.3550,86.2400,2.227e-13
Metal1,131.1250,94.0800,Metal1,131.3550,94.0800,1.352e-10
Metal1,131.1250,101.9200,Metal1,131.3550,101.9200,1.455e-11
Metal1,131.1250,110.2200,Metal1,131.1700,109.1950,2.520e-09
Metal1,131.1250,117.6000,Metal1,131.3550,117.6000,6.396e-09
Metal1,131.1250,148.9600,Metal1,131.3550,148.9600,8.677e-06
Metal1,131.1250,188.1600,Metal1,131.3550,188.1600,4.430e-06
Metal1,131.1700,109.1950,Metal1,131.3550,109.7600,2.018e-08
Metal1,131.1700,141.1200,Metal1,132.7700,141.1200,3.398e-08
Metal1,131.2300,211.6800,Metal1,132.0100,211.6800,3.186e-05
Metal1,131.3200,156.8000,Metal1,132.4100,156.8000,2.139e-06
Metal1,131.3550,23.5200,Metal1,131.6850,23.5200,3.032e-12
Metal1,131.3550,31.3600,Metal1,131.6850,31.3600,3.158e-12
Metal1,131.3550,39.2000,Metal1,131.6850,39.2000,3.122e-12
Metal1,131.3550,47.0400,Metal1,131.6850,47.0400,3.122e-12
Metal1,131.3550,54.8800,Metal1,131.6850,54.8800,2.674e-12
Metal1,131.3550,62.7200,Metal1,131.6850,62.7200,3.140e-12
Metal1,131.3550,70.5600,Metal1,131.6850,70.5600,3.158e-12
Metal1,131.3550,78.4000,Metal1,131.6850,78.4000,3.158e-12
Metal1,131.3550,86.2400,Metal1,131.6850,86.2400,3.122e-12
Metal1,131.3550,94.0800,Metal1,131.6850,94.0800,2.415e-09
Metal1,131.3550,101.9200,Metal1,131.6850,101.9200,2.603e-10
Metal1,131.3550,109.7600,Metal1,133.3650,109.7600,6.648e-11
Metal1,131.3550,117.6000,Metal1,131.6850,117.6000,6.395e-09
Metal1,131.3550,148.9600,Metal1,133.3650,148.9600,3.677e-07
Metal1,131.3550,188.1600,Metal1,131.6850,188.1600,4.430e-06
Metal1,131.4300,15.6800,Metal1,131.6850,14.8350,1.453e-12
Metal1,131.4300,219.5200,Metal1,131.7700,219.5200,1.102e-05
Metal1,131.6500,133.2800,Metal1,131.8800,133.2800,2.114e-05
Metal1,131.6850,14.8350,Metal1,131.7700,16.2450,1.453e-12
Metal1,131.6850,23.5200,Metal1,131.9150,23.5200,1.485e-13
Metal1,131.6850,31.3600,Metal1,131.9150,31.3600,3.711e-13
Metal1,131.6850,39.2000,Metal1,131.9150,39.2000,2.969e-13
Metal1,131.6850,47.0400,Metal1,131.9150,47.0400,1.485e-13
Metal1,131.6850,54.8800,Metal1,131.9150,54.8800,1.485e-13
Metal1,131.6850,62.7200,Metal1,131.9150,62.7200,1.485e-13
Metal1,131.6850,70.5600,Metal1,131.9150,70.5600,1.485e-13
Metal1,131.6850,78.4000,Metal1,131.9150,78.4000,1.485e-13
Metal1,131.6850,86.2400,Metal1,131.9150,86.2400,2.227e-13
Metal1,131.6850,94.0800,Metal1,131.9150,94.0800,1.332e-10
Metal1,131.6850,101.9200,Metal1,131.9150,101.9200,1.440e-11
Metal1,131.6850,117.6000,Metal1,131.9150,117.6000,3.271e-10
Metal1,131.6850,164.6400,Metal1,131.9150,164.6400,1.235e-09
Metal1,131.6850,172.4800,Metal1,131.9150,172.4800,3.048e-07
Metal1,131.6850,180.3200,Metal1,131.9150,180.3200,2.764e-05
Metal1,131.6850,188.1600,Metal1,131.9150,188.1600,1.290e-06
Metal1,131.6850,196.0000,Metal1,131.9150,196.0000,7.072e-10
Metal1,131.7700,16.2450,Metal1,131.9150,15.6800,0.000e+00
Metal1,131.7700,219.5200,Metal1,134.2500,219.5200,1.102e-05
Metal1,131.8800,133.2800,Metal1,133.9250,133.2800,2.114e-05
Metal1,131.9150,15.6800,Metal1,133.9250,15.6800,1.443e-13
Metal1,131.9150,23.5200,Metal1,133.3650,23.5200,6.942e-13
Metal1,131.9150,31.3600,Metal1,133.3650,31.3600,7.310e-13
Metal1,131.9150,39.2000,Metal1,133.3650,39.2000,7.228e-13
Metal1,131.9150,47.0400,Metal1,133.3650,47.0400,7.187e-13
Metal1,131.9150,54.8800,Metal1,133.3650,54.8800,6.085e-13
Metal1,131.9150,62.7200,Metal1,133.3650,62.7200,7.228e-13
Metal1,131.9150,70.5600,Metal1,133.3650,70.5600,7.187e-13
Metal1,131.9150,78.4000,Metal1,133.3650,78.4000,7.269e-13
Metal1,131.9150,86.2400,Metal1,133.3650,86.2400,7.228e-13
Metal1,131.9150,94.0800,Metal1,133.3650,94.0800,5.560e-10
Metal1,131.9150,101.9200,Metal1,133.3650,101.9200,5.994e-11
Metal1,131.9150,117.6000,Metal1,133.3650,117.6000,1.825e-09
Metal1,131.9150,164.6400,Metal1,132.8050,164.6400,1.235e-09
Metal1,131.9150,172.4800,Metal1,133.1900,172.4800,3.048e-07
Metal1,131.9150,180.3200,Metal1,132.3500,180.3200,2.764e-05
Metal1,131.9150,188.1600,Metal1,133.3650,188.1600,1.290e-06
Metal1,131.9150,196.0000,Metal1,132.8050,196.0000,6.974e-10
Metal1,132.0100,211.6800,Metal1,132.3500,211.6800,2.794e-05
Metal1,132.3500,180.3200,Metal1,132.6900,180.3200,4.055e-07
Metal1,132.3500,211.6800,Metal1,134.2500,211.6800,2.794e-05
Metal1,132.4100,156.8000,Metal1,132.6400,156.8000,9.309e-06
Metal1,132.4650,125.4400,Metal1,132.6950,125.4400,1.524e-07
Metal1,132.5100,203.8400,Metal1,132.8500,203.8400,8.912e-08
Metal1,132.6400,156.8000,Metal1,132.7700,156.8000,9.309e-06
Metal1,132.6900,180.3200,Metal1,133.9250,180.3200,4.331e-09
Metal1,132.6950,125.4400,Metal1,133.9250,125.4400,1.524e-07
Metal1,132.7700,141.1200,Metal1,133.0000,141.1200,8.989e-10
Metal1,132.7700,156.8000,Metal1,133.0000,156.8000,2.319e-05
Metal1,132.8050,164.6400,Metal1,133.0350,164.6400,2.061e-07
Metal1,132.8050,196.0000,Metal1,133.0350,196.0000,1.011e-07
Metal1,132.8500,203.8400,Metal1,133.9250,203.8400,3.663e-12
Metal1,133.0000,141.1200,Metal1,135.6050,141.1200,4.553e-12
Metal1,133.0000,156.8000,Metal1,134.4500,156.8000,2.523e-07
Metal1,133.0350,164.6400,Metal1,133.9250,164.6400,3.043e-09
Metal1,133.0350,196.0000,Metal1,135.0450,196.0000,1.011e-07
Metal1,133.1900,172.4800,Metal1,133.5300,172.4800,2.621e-08
Metal1,133.3650,23.5200,Metal1,133.5950,23.5200,2.450e-12
Metal1,133.3650,31.3600,Metal1,133.5950,31.3600,2.524e-12
Metal1,133.3650,39.2000,Metal1,133.5950,39.2000,2.450e-12
Metal1,133.3650,47.0400,Metal1,133.5950,47.0400,2.524e-12
Metal1,133.3650,54.8800,Metal1,133.5950,54.8800,2.078e-12
Metal1,133.3650,62.7200,Metal1,133.5950,62.7200,2.450e-12
Metal1,133.3650,70.5600,Metal1,133.5950,70.5600,2.450e-12
Metal1,133.3650,78.4000,Metal1,133.5950,78.4000,2.524e-12
Metal1,133.3650,86.2400,Metal1,133.5950,86.2400,2.524e-12
Metal1,133.3650,94.0800,Metal1,133.5950,94.0800,1.939e-09
Metal1,133.3650,101.9200,Metal1,133.5950,101.9200,2.090e-10
Metal1,133.3650,109.7600,Metal1,133.5950,109.7600,3.415e-12
Metal1,133.3650,117.6000,Metal1,133.5950,117.6000,6.393e-09
Metal1,133.3650,148.9600,Metal1,133.5950,148.9600,1.250e-06
Metal1,133.3650,188.1600,Metal1,133.5950,188.1600,1.942e-05
Metal1,133.5300,172.4800,Metal1,133.9250,172.4800,9.180e-07
Metal1,133.5950,23.5200,Metal1,133.9250,23.5200,2.440e-12
Metal1,133.5950,31.3600,Metal1,133.9250,31.3600,2.530e-12
Metal1,133.5950,39.2000,Metal1,133.9250,39.2000,2.548e-12
Metal1,133.5950,47.0400,Metal1,133.9250,47.0400,2.530e-12
Metal1,133.5950,54.8800,Metal1,133.9250,54.8800,2.153e-12
Metal1,133.5950,62.7200,Metal1,133.9250,62.7200,2.530e-12
Metal1,133.5950,70.5600,Metal1,133.9250,70.5600,2.530e-12
Metal1,133.5950,78.4000,Metal1,133.9250,78.4000,2.566e-12
Metal1,133.5950,86.2400,Metal1,133.9250,86.2400,2.530e-12
Metal1,133.5950,94.0800,Metal1,133.9250,94.0800,1.939e-09
Metal1,133.5950,101.9200,Metal1,133.9250,101.9200,2.090e-10
Metal1,133.5950,109.7600,Metal1,135.6050,109.7600,3.417e-12
Metal1,133.5950,117.6000,Metal1,133.9250,117.6000,6.393e-09
Metal1,133.5950,148.9600,Metal1,134.1900,148.9600,1.250e-06
Metal1,133.5950,188.1600,Metal1,135.1700,188.1600,8.850e-07
Metal1,133.9250,15.6800,Metal1,134.1550,15.6800,1.227e-13
Metal1,133.9250,23.5200,Metal1,134.1550,23.5200,6.681e-13
Metal1,133.9250,31.3600,Metal1,134.1550,31.3600,7.423e-13
Metal1,133.9250,39.2000,Metal1,134.1550,39.2000,7.423e-13
Metal1,133.9250,47.0400,Metal1,134.1550,47.0400,6.681e-13
Metal1,133.9250,54.8800,Metal1,134.1550,54.8800,5.938e-13
Metal1,133.9250,62.7200,Metal1,134.1550,62.7200,6.681e-13
Metal1,133.9250,70.5600,Metal1,134.1550,70.5600,6.681e-13
Metal1,133.9250,78.4000,Metal1,134.1550,78.4000,7.423e-13
Metal1,133.9250,86.2400,Metal1,134.1550,86.2400,6.681e-13
Metal1,133.9250,94.0800,Metal1,134.1550,94.0800,5.192e-10
Metal1,133.9250,101.9200,Metal1,134.1550,101.9200,5.597e-11
Metal1,133.9250,117.6000,Metal1,134.1550,117.6000,3.199e-10
Metal1,133.9250,125.4400,Metal1,134.1550,125.4400,7.421e-07
Metal1,133.9250,133.2800,Metal1,134.1550,133.2800,1.525e-06
Metal1,133.9250,164.6400,Metal1,134.1550,164.6400,2.061e-07
Metal1,133.9250,172.4800,Metal1,134.1550,172.4800,6.365e-06
Metal1,133.9250,180.3200,Metal1,134.1550,180.3200,4.055e-07
Metal1,133.9250,203.8400,Metal1,134.1550,203.8400,2.949e-10
Metal1,134.1550,15.6800,Metal1,136.1650,15.6800,8.838e-15
Metal1,134.1550,23.5200,Metal1,135.6050,23.5200,6.534e-13
Metal1,134.1550,31.3600,Metal1,135.6050,31.3600,6.738e-13
Metal1,134.1550,39.2000,Metal1,135.6050,39.2000,6.738e-13
Metal1,134.1550,47.0400,Metal1,135.6050,47.0400,6.779e-13
Metal1,134.1550,54.8800,Metal1,135.6050,54.8800,5.758e-13
Metal1,134.1550,62.7200,Metal1,135.6050,62.7200,6.738e-13
Metal1,134.1550,70.5600,Metal1,135.6050,70.5600,6.779e-13
Metal1,134.1550,78.4000,Metal1,135.6050,78.4000,6.820e-13
Metal1,134.1550,86.2400,Metal1,135.6050,86.2400,6.779e-13
Metal1,134.1550,94.0800,Metal1,135.6050,94.0800,5.193e-10
Metal1,134.1550,101.9200,Metal1,135.6050,101.9200,5.592e-11
Metal1,134.1550,117.6000,Metal1,135.6050,117.6000,2.867e-12
Metal1,134.1550,125.4400,Metal1,134.2050,125.4400,7.421e-07
Metal1,134.1550,133.2800,Metal1,135.0450,133.2800,2.239e-09
Metal1,134.1550,164.6400,Metal1,135.0450,164.6400,2.061e-07
Metal1,134.1550,172.4800,Metal1,136.4700,172.4800,6.365e-06
Metal1,134.1550,180.3200,Metal1,134.3450,180.3200,4.055e-07
Metal1,134.1550,203.8400,Metal1,136.4700,203.8400,2.746e-10
Metal1,134.1900,148.9600,Metal1,134.5300,148.9600,7.903e-06
Metal1,134.2050,125.4400,Metal1,134.4350,125.4400,1.158e-07
Metal1,134.2500,211.6800,Metal1,134.5900,211.6800,2.402e-05
Metal1,134.2500,219.5200,Metal1,134.5900,219.5200,6.379e-06
Metal1,134.3450,180.3200,Metal1,134.5750,180.3200,7.153e-10
Metal1,134.4350,125.4400,Metal1,136.1650,125.4400,1.158e-07
Metal1,134.4500,156.8000,Metal1,134.5900,156.2550,3.219e-05
Metal1,134.5300,148.9600,Metal1,135.6050,148.9600,9.682e-08
Metal1,134.5750,180.3200,Metal1,136.4700,180.3200,6.952e-10
Metal1,134.5900,156.2550,Metal1,134.6800,157.1450,3.219e-05
Metal1,134.5900,211.6800,Metal1,135.3700,211.6800,2.402e-05
Metal1,134.5900,219.5200,Metal1,138.7300,219.5200,6.379e-06
Metal1,134.6800,157.1450,Metal1,134.9300,156.8000,3.167e-08
Metal1,134.9300,156.8000,Metal1,136.4700,156.8000,3.166e-08
Metal1,135.0450,133.2800,Metal1,135.2750,133.2800,1.517e-07
Metal1,135.0450,164.6400,Metal1,135.2750,164.6400,3.327e-05
Metal1,135.0450,196.0000,Metal1,135.2750,196.0000,3.190e-05
Metal1,135.1700,188.1600,Metal1,135.4000,188.1600,3.562e-06
Metal1,135.2750,133.2800,Metal1,136.1650,133.2800,1.517e-07
Metal1,135.2750,164.6400,Metal1,136.4250,164.6400,3.327e-05
Metal1,135.2750,196.0000,Metal1,135.3700,196.0000,3.190e-05
Metal1,135.3700,196.0000,Metal1,135.7100,196.0000,2.605e-05
Metal1,135.3700,211.6800,Metal1,135.7100,211.6800,2.010e-05
Metal1,135.4000,188.1600,Metal1,135.6050,188.1600,3.562e-06
Metal1,135.6050,23.5200,Metal1,135.8350,23.5200,2.227e-12
Metal1,135.6050,31.3600,Metal1,135.8350,31.3600,2.375e-12
Metal1,135.6050,39.2000,Metal1,135.8350,39.2000,2.375e-12
Metal1,135.6050,47.0400,Metal1,135.8350,47.0400,2.301e-12
Metal1,135.6050,54.8800,Metal1,135.8350,54.8800,2.004e-12
Metal1,135.6050,62.7200,Metal1,135.8350,62.7200,2.375e-12
Metal1,135.6050,70.5600,Metal1,135.8350,70.5600,2.301e-12
Metal1,135.6050,78.4000,Metal1,135.8350,78.4000,2.301e-12
Metal1,135.6050,86.2400,Metal1,135.8350,86.2400,2.375e-12
Metal1,135.6050,94.0800,Metal1,135.8350,94.0800,1.991e-09
Metal1,135.6050,101.9200,Metal1,135.8350,101.9200,2.251e-10
Metal1,135.6050,109.7600,Metal1,135.8250,109.1950,1.146e-09
Metal1,135.6050,117.6000,Metal1,135.8350,117.6000,3.096e-10
Metal1,135.6050,141.1200,Metal1,135.8250,140.5550,8.896e-10
Metal1,135.6050,148.9600,Metal1,135.8350,148.9600,7.903e-06
Metal1,135.6050,188.1600,Metal1,135.8350,188.1600,1.498e-05
Metal1,135.7100,196.0000,Metal1,136.4700,196.0000,2.605e-05
Metal1,135.7100,211.6800,Metal1,136.4700,211.6800,2.010e-05
Metal1,135.8250,109.1950,Metal1,135.8350,110.2525,1.146e-09
Metal1,135.8250,140.5550,Metal1,135.8350,141.6125,8.896e-10
Metal1,135.8350,23.5200,Metal1,136.1650,23.5200,2.243e-12
Metal1,135.8350,31.3600,Metal1,136.1650,31.3600,2.351e-12
Metal1,135.8350,39.2000,Metal1,136.1650,39.2000,2.351e-12
Metal1,135.8350,47.0400,Metal1,136.1650,47.0400,2.386e-12
Metal1,135.8350,54.8800,Metal1,136.1650,54.8800,1.956e-12
Metal1,135.8350,62.7200,Metal1,136.1650,62.7200,2.333e-12
Metal1,135.8350,70.5600,Metal1,136.1650,70.5600,2.351e-12
Metal1,135.8350,78.4000,Metal1,136.1650,78.4000,2.386e-12
Metal1,135.8350,86.2400,Metal1,136.1650,86.2400,2.351e-12
Metal1,135.8350,94.0800,Metal1,136.1650,94.0800,1.990e-09
Metal1,135.8350,101.9200,Metal1,136.1650,101.9200,2.251e-10
Metal1,135.8350,110.2525,Metal1,136.0550,109.7600,2.056e-08
Metal1,135.8350,117.6000,Metal1,136.1650,117.6000,3.095e-10
Metal1,135.8350,141.6125,Metal1,136.0550,141.1200,7.251e-08
Metal1,135.8350,148.9600,Metal1,136.4700,148.9600,7.903e-06
Metal1,135.8350,188.1600,Metal1,136.4700,188.1600,1.772e-05
Metal1,136.0550,109.7600,Metal1,136.4700,109.7600,2.056e-08
Metal1,136.0550,141.1200,Metal1,136.4700,141.1200,7.251e-08
Metal1,136.1650,15.6800,Metal1,136.3950,15.6800,5.031e-12
Metal1,136.1650,23.5200,Metal1,136.3950,23.5200,1.076e-11
Metal1,136.1650,31.3600,Metal1,136.3950,31.3600,1.069e-11
Metal1,136.1650,39.2000,Metal1,136.3950,39.2000,1.076e-11
Metal1,136.1650,47.0400,Metal1,136.3950,47.0400,1.076e-11
Metal1,136.1650,54.8800,Metal1,136.3950,54.8800,1.076e-11
Metal1,136.1650,62.7200,Metal1,136.3950,62.7200,1.076e-11
Metal1,136.1650,70.5600,Metal1,136.3950,70.5600,1.076e-11
Metal1,136.1650,78.4000,Metal1,136.3950,78.4000,1.076e-11
Metal1,136.1650,86.2400,Metal1,136.3950,86.2400,1.069e-11
Metal1,136.1650,94.0800,Metal1,136.3950,94.0800,2.722e-09
Metal1,136.1650,101.9200,Metal1,136.3950,101.9200,9.610e-10
Metal1,136.1650,117.6000,Metal1,136.3950,117.6000,1.771e-08
Metal1,136.1650,125.4400,Metal1,136.3950,125.4400,1.635e-05
Metal1,136.1650,133.2800,Metal1,136.3950,133.2800,2.114e-05
Metal1,136.3950,15.6800,Metal1,138.4050,15.6800,1.237e-13
Metal1,136.3950,23.5200,Metal1,136.4700,23.5200,1.066e-11
Metal1,136.3950,31.3600,Metal1,136.4700,31.3600,1.066e-11
Metal1,136.3950,39.2000,Metal1,136.4700,39.2000,1.066e-11
Metal1,136.3950,47.0400,Metal1,136.4700,47.0400,1.074e-11
Metal1,136.3950,54.8800,Metal1,136.4700,54.8800,1.066e-11
Metal1,136.3950,62.7200,Metal1,136.4700,62.7200,1.066e-11
Metal1,136.3950,70.5600,Metal1,136.4700,70.5600,1.074e-11
Metal1,136.3950,78.4000,Metal1,136.4700,78.4000,1.066e-11
Metal1,136.3950,86.2400,Metal1,136.4700,86.2400,1.066e-11
Metal1,136.3950,94.0800,Metal1,136.4700,94.0800,2.722e-09
Metal1,136.3950,101.9200,Metal1,136.4700,101.9200,9.610e-10
Metal1,136.3950,117.6000,Metal1,136.4700,117.6000,1.771e-08
Metal1,136.3950,125.4400,Metal1,136.4700,125.4400,1.635e-05
Metal1,136.3950,133.2800,Metal1,136.4700,133.2800,2.114e-05
Metal1,136.4250,164.6400,Metal1,136.4700,165.1850,3.327e-05
Metal1,136.4700,23.5200,Metal1,136.8100,23.5200,5.982e-13
Metal1,136.4700,31.3600,Metal1,136.8100,31.3600,5.982e-13
Metal1,136.4700,39.2000,Metal1,136.8100,39.2000,5.982e-13
Metal1,136.4700,47.0400,Metal1,136.8100,47.0400,5.982e-13
Metal1,136.4700,54.8800,Metal1,136.8100,54.8800,5.982e-13
Metal1,136.4700,62.7200,Metal1,136.8100,62.7200,5.317e-13
Metal1,136.4700,70.5600,Metal1,136.8100,70.5600,5.982e-13
Metal1,136.4700,78.4000,Metal1,136.8100,78.4000,5.982e-13
Metal1,136.4700,86.2400,Metal1,136.8100,86.2400,5.982e-13
Metal1,136.4700,94.0800,Metal1,136.8100,94.0800,2.711e-09
Metal1,136.4700,101.9200,Metal1,136.8100,101.9200,9.497e-10
Metal1,136.4700,109.7600,Metal1,136.8100,109.7600,2.055e-08
Metal1,136.4700,117.6000,Metal1,136.8100,117.6000,1.770e-08
Metal1,136.4700,125.4400,Metal1,136.8100,125.4400,1.635e-05
Metal1,136.4700,133.2800,Metal1,136.8100,133.2800,2.114e-05
Metal1,136.4700,141.1200,Metal1,136.8100,141.1200,7.250e-08
Metal1,136.4700,148.9600,Metal1,136.8100,148.9600,7.903e-06
Metal1,136.4700,156.8000,Metal1,136.5850,155.9550,3.166e-08
Metal1,136.4700,165.1850,Metal1,136.6550,163.7950,5.662e-08
Metal1,136.4700,172.4800,Metal1,136.8100,172.4800,6.365e-06
Metal1,136.4700,180.3200,Metal1,136.8100,180.3200,6.859e-10
Metal1,136.4700,188.1600,Metal1,136.8100,188.1600,1.772e-05
Metal1,136.4700,196.0000,Metal1,136.8100,196.0000,2.605e-05
Metal1,136.4700,203.8400,Metal1,136.8100,203.8400,2.643e-10
Metal1,136.4700,211.6800,Metal1,136.8100,211.6800,2.010e-05
Metal1,136.5850,155.9550,Metal1,136.8100,157.0175,5.752e-08
Metal1,136.6550,163.7950,Metal1,136.8100,164.6400,5.662e-08
Metal1,136.8100,23.5200,Metal1,138.4050,23.5200,5.940e-13
Metal1,136.8100,31.3600,Metal1,138.4050,31.3600,5.903e-13
Metal1,136.8100,39.2000,Metal1,138.4050,39.2000,6.014e-13
Metal1,136.8100,47.0400,Metal1,138.4050,47.0400,5.866e-13
Metal1,136.8100,54.8800,Metal1,138.4050,54.8800,5.866e-13
Metal1,136.8100,62.7200,Metal1,138.4050,62.7200,5.866e-13
Metal1,136.8100,70.5600,Metal1,138.4050,70.5600,5.866e-13
Metal1,136.8100,78.4000,Metal1,138.4050,78.4000,6.014e-13
Metal1,136.8100,86.2400,Metal1,138.4050,86.2400,5.903e-13
Metal1,136.8100,94.0800,Metal1,138.4050,94.0800,2.711e-09
Metal1,136.8100,101.9200,Metal1,138.4050,101.9200,9.497e-10
Metal1,136.8100,109.7600,Metal1,137.5650,109.7600,2.055e-08
Metal1,136.8100,117.6000,Metal1,138.4050,117.6000,2.721e-09
Metal1,136.8100,125.4400,Metal1,138.5650,125.4400,1.635e-05
Metal1,136.8100,133.2800,Metal1,138.9650,133.2800,2.114e-05
Metal1,136.8100,141.1200,Metal1,137.5650,141.1200,7.250e-08
Metal1,136.8100,148.9600,Metal1,138.9650,148.9600,7.903e-06
Metal1,136.8100,157.0175,Metal1,136.8150,156.8000,5.752e-08
Metal1,136.8100,164.6400,Metal1,138.9650,164.6400,2.024e-07
Metal1,136.8100,172.4800,Metal1,137.4450,172.4800,6.365e-06
Metal1,136.8100,180.3200,Metal1,138.6700,180.3200,6.859e-10
Metal1,136.8100,188.1600,Metal1,138.9650,188.1600,1.090e-07
Metal1,136.8100,196.0000,Metal1,138.9650,196.0000,8.034e-08
Metal1,136.8100,203.8400,Metal1,137.5050,203.8400,2.642e-10
Metal1,136.8100,211.6800,Metal1,138.7300,211.6800,2.904e-06
Metal1,136.8150,156.8000,Metal1,138.0100,156.8000,5.751e-08
Metal1,137.4450,172.4800,Metal1,137.6750,172.4800,8.485e-07
Metal1,137.5050,203.8400,Metal1,137.7350,203.8400,2.202e-07
Metal1,137.5650,109.7600,Metal1,137.7950,109.7600,8.063e-06
Metal1,137.5650,141.1200,Metal1,137.7950,141.1200,2.845e-05
Metal1,137.6750,172.4800,Metal1,138.9650,172.4800,5.725e-06
Metal1,137.7350,203.8400,Metal1,138.9650,203.8400,2.202e-07
Metal1,137.7950,109.7600,Metal1,138.9650,109.7600,8.063e-06
Metal1,137.7950,141.1200,Metal1,138.9650,141.1200,2.845e-05
Metal1,138.0100,156.8000,Metal1,138.2400,156.8000,3.424e-09
Metal1,138.2400,156.8000,Metal1,140.0500,156.8000,8.721e-09
Metal1,138.4050,15.6800,Metal1,138.6350,15.6800,2.454e-13
Metal1,138.4050,23.5200,Metal1,138.6350,23.5200,1.113e-10
Metal1,138.4050,31.3600,Metal1,138.6350,31.3600,1.116e-10
Metal1,138.4050,39.2000,Metal1,138.6350,39.2000,1.104e-10
Metal1,138.4050,47.0400,Metal1,138.6350,47.0400,1.129e-10
Metal1,138.4050,54.8800,Metal1,138.6350,54.8800,1.139e-10
Metal1,138.4050,62.7200,Metal1,138.6350,62.7200,1.148e-10
Metal1,138.4050,70.5600,Metal1,138.6350,70.5600,1.133e-10
Metal1,138.4050,78.4000,Metal1,138.6350,78.4000,1.085e-10
Metal1,138.4050,86.2400,Metal1,138.6350,86.2400,1.100e-10
Metal1,138.4050,94.0800,Metal1,138.5100,94.6450,2.711e-09
Metal1,138.4050,101.9200,Metal1,138.6350,101.9200,2.639e-07
Metal1,138.4050,117.6000,Metal1,138.6350,117.6000,1.126e-08
Metal1,138.5100,94.6450,Metal1,138.6350,93.7350,2.064e-06
Metal1,138.5650,125.4400,Metal1,138.7950,125.4400,3.707e-06
Metal1,138.6350,15.6800,Metal1,140.6450,15.6800,5.627e-13
Metal1,138.6350,23.5200,Metal1,138.9650,23.5200,1.112e-10
Metal1,138.6350,31.3600,Metal1,138.9650,31.3600,1.116e-10
Metal1,138.6350,39.2000,Metal1,138.9650,39.2000,1.104e-10
Metal1,138.6350,47.0400,Metal1,138.9650,47.0400,1.129e-10
Metal1,138.6350,54.8800,Metal1,138.9650,54.8800,1.138e-10
Metal1,138.6350,62.7200,Metal1,138.9650,62.7200,1.147e-10
Metal1,138.6350,70.5600,Metal1,138.9650,70.5600,1.133e-10
Metal1,138.6350,78.4000,Metal1,138.9650,78.4000,1.084e-10
Metal1,138.6350,86.2400,Metal1,138.9650,86.2400,1.100e-10
Metal1,138.6350,93.7350,Metal1,138.8500,94.0800,1.517e-09
Metal1,138.6350,101.9200,Metal1,138.9650,101.9200,2.639e-07
Metal1,138.6350,117.6000,Metal1,138.9650,117.6000,1.126e-08
Metal1,138.6700,180.3200,Metal1,138.9650,180.7800,8.327e-09
Metal1,138.7300,211.6800,Metal1,138.9650,211.9250,1.017e-06
Metal1,138.7300,219.5200,Metal1,139.0700,219.5200,2.458e-06
Metal1,138.7950,125.4400,Metal1,138.9650,125.4400,3.707e-06
Metal1,138.8500,94.0800,Metal1,140.5050,94.0800,1.517e-09
Metal1,138.9650,23.5200,Metal1,139.1950,23.5200,2.962e-11
Metal1,138.9650,31.3600,Metal1,139.1950,31.3600,2.984e-11
Metal1,138.9650,39.2000,Metal1,139.1950,39.2000,2.947e-11
Metal1,138.9650,47.0400,Metal1,139.1950,47.0400,3.014e-11
Metal1,138.9650,54.8800,Metal1,139.1950,54.8800,3.036e-11
Metal1,138.9650,62.7200,Metal1,139.1950,62.7200,3.058e-11
Metal1,138.9650,70.5600,Metal1,139.1950,70.5600,3.021e-11
Metal1,138.9650,78.4000,Metal1,139.1950,78.4000,2.895e-11
Metal1,138.9650,86.2400,Metal1,139.1950,86.2400,2.932e-11
Metal1,138.9650,101.9200,Metal1,139.1950,101.9200,1.353e-08
Metal1,138.9650,109.7600,Metal1,139.1950,109.7600,5.794e-07
Metal1,138.9650,117.6000,Metal1,139.1950,117.6000,3.167e-08
Metal1,138.9650,125.4400,Metal1,139.1950,125.4400,5.089e-07
Metal1,138.9650,133.2800,Metal1,139.1950,133.2800,3.854e-07
Metal1,138.9650,141.1200,Metal1,139.1950,141.1200,2.044e-06
Metal1,138.9650,148.9600,Metal1,139.1950,148.9600,1.141e-06
Metal1,138.9650,164.6400,Metal1,139.1950,164.6400,3.291e-05
Metal1,138.9650,172.4800,Metal1,139.1950,172.4800,1.843e-08
Metal1,138.9650,180.7800,Metal1,139.0100,179.7550,8.327e-09
Metal1,138.9650,188.1600,Metal1,139.1950,188.1600,1.772e-05
Metal1,138.9650,196.0000,Metal1,139.1950,196.0000,2.605e-05
Metal1,138.9650,203.8400,Metal1,139.1950,203.8400,1.059e-06
Metal1,138.9650,211.9250,Metal1,139.0700,211.1150,1.017e-06
Metal1,139.0100,179.7550,Metal1,139.1950,180.3200,3.156e-08
Metal1,139.0700,211.1150,Metal1,139.1950,211.6800,1.618e-05
Metal1,139.0700,219.5200,Metal1,142.3250,219.5200,1.003e-08
Metal1,139.1950,23.5200,Metal1,140.6450,23.5200,2.968e-11
Metal1,139.1950,31.3600,Metal1,140.6450,31.3600,2.978e-11
Metal1,139.1950,39.2000,Metal1,140.6450,39.2000,2.944e-11
Metal1,139.1950,47.0400,Metal1,140.6450,47.0400,3.010e-11
Metal1,139.1950,54.8800,Metal1,140.6450,54.8800,3.037e-11
Metal1,139.1950,62.7200,Metal1,140.6450,62.7200,3.060e-11
Metal1,139.1950,70.5600,Metal1,140.6450,70.5600,3.024e-11
Metal1,139.1950,78.4000,Metal1,140.6450,78.4000,2.892e-11
Metal1,139.1950,86.2400,Metal1,140.6450,86.2400,2.935e-11
Metal1,139.1950,101.9200,Metal1,140.6450,101.9200,7.494e-08
Metal1,139.1950,109.7600,Metal1,141.2050,109.7600,2.848e-08
Metal1,139.1950,117.6000,Metal1,140.6450,117.6000,3.166e-08
Metal1,139.1950,125.4400,Metal1,140.8050,125.4400,5.089e-07
Metal1,139.1950,133.2800,Metal1,139.5300,133.2800,3.854e-07
Metal1,139.1950,141.1200,Metal1,141.2050,141.1200,1.005e-07
Metal1,139.1950,148.9600,Metal1,140.0850,148.9600,1.141e-06
Metal1,139.1950,164.6400,Metal1,142.3250,164.6400,3.291e-05
Metal1,139.1950,172.4800,Metal1,141.2050,172.4800,1.843e-08
Metal1,139.1950,180.3200,Metal1,141.2050,180.3200,3.156e-08
Metal1,139.1950,188.1600,Metal1,139.6850,188.1600,1.772e-05
Metal1,139.1950,196.0000,Metal1,140.9050,196.0000,2.605e-05
Metal1,139.1950,203.8400,Metal1,139.2450,203.8400,1.059e-06
Metal1,139.1950,211.6800,Metal1,140.8100,211.6800,1.618e-05
Metal1,139.2450,203.8400,Metal1,139.4750,203.8400,1.653e-07
Metal1,139.4750,203.8400,Metal1,141.2050,203.8400,1.653e-07
Metal1,139.5300,133.2800,Metal1,139.8700,133.2800,1.454e-08
Metal1,139.6850,188.1600,Metal1,139.9150,188.1600,1.274e-07
Metal1,139.8700,133.2800,Metal1,141.2050,133.2800,1.454e-08
Metal1,139.9150,188.1600,Metal1,140.6450,188.1600,1.274e-07
Metal1,140.0500,156.8000,Metal1,140.2800,156.8000,2.389e-06
Metal1,140.0850,148.9600,Metal1,140.3150,148.9600,1.087e-06
Metal1,140.2800,156.8000,Metal1,140.9100,156.8000,2.389e-06
Metal1,140.3150,148.9600,Metal1,141.2050,148.9600,1.087e-06
Metal1,140.5050,94.0800,Metal1,140.6450,93.8625,1.466e-06
Metal1,140.6450,15.6800,Metal1,140.8750,15.6800,3.451e-10
Metal1,140.6450,23.5200,Metal1,140.8750,23.5200,1.113e-10
Metal1,140.6450,31.3600,Metal1,140.8750,31.3600,1.117e-10
Metal1,140.6450,39.2000,Metal1,140.8750,39.2000,1.105e-10
Metal1,140.6450,47.0400,Metal1,140.8750,47.0400,1.129e-10
Metal1,140.6450,54.8800,Metal1,140.8750,54.8800,1.139e-10
Metal1,140.6450,62.7200,Metal1,140.8750,62.7200,1.148e-10
Metal1,140.6450,70.5600,Metal1,140.8750,70.5600,1.134e-10
Metal1,140.6450,78.4000,Metal1,140.8750,78.4000,1.085e-10
Metal1,140.6450,86.2400,Metal1,140.8750,86.2400,1.101e-10
Metal1,140.6450,93.8625,Metal1,140.7350,94.6450,1.466e-06
Metal1,140.6450,101.9200,Metal1,140.8750,101.9200,2.721e-07
Metal1,140.6450,117.6000,Metal1,140.8750,117.6000,8.002e-06
Metal1,140.6450,188.1600,Metal1,140.8750,188.1600,1.003e-08
Metal1,140.7350,94.6450,Metal1,140.8750,94.0800,2.027e-06
Metal1,140.8050,125.4400,Metal1,141.0350,125.4400,2.087e-07
Metal1,140.8100,211.6800,Metal1,141.0400,211.6800,1.153e-06
Metal1,140.8750,15.6800,Metal1,142.8850,15.6800,2.242e-12
Metal1,140.8750,23.5200,Metal1,141.2050,23.5200,1.113e-10
Metal1,140.8750,31.3600,Metal1,141.2050,31.3600,1.117e-10
Metal1,140.8750,39.2000,Metal1,141.2050,39.2000,1.104e-10
Metal1,140.8750,47.0400,Metal1,141.2050,47.0400,1.129e-10
Metal1,140.8750,54.8800,Metal1,141.2050,54.8800,1.139e-10
Metal1,140.8750,62.7200,Metal1,141.2050,62.7200,1.147e-10
Metal1,140.8750,70.5600,Metal1,141.2050,70.5600,1.134e-10
Metal1,140.8750,78.4000,Metal1,141.2050,78.4000,1.085e-10
Metal1,140.8750,86.2400,Metal1,141.2050,86.2400,1.100e-10
Metal1,140.8750,94.0800,Metal1,142.8850,94.0800,2.027e-06
Metal1,140.8750,101.9200,Metal1,141.2050,101.9200,2.721e-07
Metal1,140.8750,117.6000,Metal1,142.8850,117.6000,8.002e-06
Metal1,140.8750,188.1600,Metal1,141.8700,188.1600,1.264e-08
Metal1,140.9050,196.0000,Metal1,141.1350,196.0000,3.745e-07
Metal1,140.9100,156.8000,Metal1,141.2500,156.8000,2.751e-07
Metal1,141.0350,125.4400,Metal1,141.2050,125.4400,4.889e-06
Metal1,141.0400,211.6800,Metal1,142.3250,211.6800,2.540e-09
Metal1,141.1350,196.0000,Metal1,142.3300,196.0000,3.745e-07
Metal1,141.2050,23.5200,Metal1,141.4350,23.5200,1.039e-12
Metal1,141.2050,31.3600,Metal1,141.4350,31.3600,1.039e-12
Metal1,141.2050,39.2000,Metal1,141.4350,39.2000,1.039e-12
Metal1,141.2050,47.0400,Metal1,141.4350,47.0400,1.113e-12
Metal1,141.2050,54.8800,Metal1,141.4350,54.8800,1.039e-12
Metal1,141.2050,62.7200,Metal1,141.4350,62.7200,1.113e-12
Metal1,141.2050,70.5600,Metal1,141.4350,70.5600,1.113e-12
Metal1,141.2050,78.4000,Metal1,141.4350,78.4000,1.113e-12
Metal1,141.2050,86.2400,Metal1,141.4350,86.2400,1.039e-12
Metal1,141.2050,101.9200,Metal1,141.4350,101.9200,6.109e-07
Metal1,141.2050,109.7600,Metal1,141.4350,109.7600,8.093e-08
Metal1,141.2050,125.4400,Metal1,141.4350,125.4400,3.118e-07
Metal1,141.2050,133.2800,Metal1,141.4350,133.2800,5.695e-09
Metal1,141.2050,141.1200,Metal1,141.4350,141.1200,2.480e-06
Metal1,141.2050,148.9600,Metal1,141.4350,148.9600,7.484e-09
Metal1,141.2050,172.4800,Metal1,141.4350,172.4800,8.768e-08
Metal1,141.2050,180.3200,Metal1,141.4350,180.3200,8.818e-11
Metal1,141.2050,203.8400,Metal1,141.4350,203.8400,2.334e-05
Metal1,141.2500,156.8000,Metal1,141.8700,156.8000,8.477e-06
Metal1,141.4350,23.5200,Metal1,142.8850,23.5200,1.172e-12
Metal1,141.4350,31.3600,Metal1,142.8850,31.3600,1.176e-12
Metal1,141.4350,39.2000,Metal1,142.8850,39.2000,1.168e-12
Metal1,141.4350,47.0400,Metal1,142.8850,47.0400,1.176e-12
Metal1,141.4350,54.8800,Metal1,142.8850,54.8800,1.164e-12
Metal1,141.4350,62.7200,Metal1,142.8850,62.7200,1.192e-12
Metal1,141.4350,70.5600,Metal1,142.8850,70.5600,1.180e-12
Metal1,141.4350,78.4000,Metal1,142.8850,78.4000,1.164e-12
Metal1,141.4350,86.2400,Metal1,142.8850,86.2400,1.074e-12
Metal1,141.4350,101.9200,Metal1,142.4850,101.9200,6.109e-07
Metal1,141.4350,109.7600,Metal1,141.9300,109.7600,8.093e-08
Metal1,141.4350,125.4400,Metal1,143.0450,125.4400,5.352e-07
Metal1,141.4350,133.2800,Metal1,143.4450,133.2800,5.695e-09
Metal1,141.4350,141.1200,Metal1,142.9900,141.1200,2.480e-06
Metal1,141.4350,148.9600,Metal1,142.3250,148.9600,1.191e-06
Metal1,141.4350,172.4800,Metal1,142.3250,172.4800,1.206e-06
Metal1,141.4350,180.3200,Metal1,143.4450,180.3200,8.820e-11
Metal1,141.4350,203.8400,Metal1,142.8850,203.8400,2.126e-07
Metal1,141.8700,156.8000,Metal1,142.2100,156.8000,2.093e-08
Metal1,141.8700,188.1600,Metal1,142.2100,188.1600,1.835e-10
Metal1,141.9300,109.7600,Metal1,142.1600,109.7600,6.155e-09
Metal1,142.1600,109.7600,Metal1,143.4450,109.7600,6.766e-09
Metal1,142.2100,156.8000,Metal1,143.8650,156.8000,2.093e-08
Metal1,142.2100,188.1600,Metal1,142.8850,188.1600,1.748e-08
Metal1,142.3250,148.9600,Metal1,142.5550,148.9600,5.750e-10
Metal1,142.3250,164.6400,Metal1,142.5550,164.6400,2.864e-06
Metal1,142.3250,172.4800,Metal1,142.5550,172.4800,1.099e-06
Metal1,142.3250,211.6800,Metal1,142.5550,211.6800,2.473e-07
Metal1,142.3250,219.5200,Metal1,142.5550,219.5200,2.458e-06
Metal1,142.3300,196.0000,Metal1,142.6700,196.0000,6.749e-07
Metal1,142.4850,101.9200,Metal1,142.7150,101.9200,1.197e-08
Metal1,142.5550,148.9600,Metal1,143.4450,148.9600,1.183e-06
Metal1,142.5550,164.6400,Metal1,142.8900,164.6400,7.091e-06
Metal1,142.5550,172.4800,Metal1,143.4450,172.4800,1.099e-06
Metal1,142.5550,211.6800,Metal1,142.8500,211.6800,2.473e-07
Metal1,142.5550,219.5200,Metal1,144.8700,219.5200,2.458e-06
Metal1,142.6700,196.0000,Metal1,144.8650,196.0000,1.414e-07
Metal1,142.7150,101.9200,Metal1,142.8850,101.9200,1.197e-08
Metal1,142.8500,211.6800,Metal1,143.0800,211.6800,1.373e-05
Metal1,142.8850,15.6800,Metal1,143.1150,15.6800,1.878e-11
Metal1,142.8850,23.5200,Metal1,143.1150,23.5200,2.524e-12
Metal1,142.8850,31.3600,Metal1,143.1150,31.3600,2.524e-12
Metal1,142.8850,39.2000,Metal1,143.1150,39.2000,2.450e-12
Metal1,142.8850,47.0400,Metal1,143.1150,47.0400,2.524e-12
Metal1,142.8850,54.8800,Metal1,143.1150,54.8800,2.375e-12
Metal1,142.8850,62.7200,Metal1,143.1150,62.7200,2.524e-12
Metal1,142.8850,70.5600,Metal1,143.1150,70.5600,2.524e-12
Metal1,142.8850,78.4000,Metal1,143.1150,78.4000,2.524e-12
Metal1,142.8850,86.2400,Metal1,143.1150,86.2400,2.153e-12
Metal1,142.8850,94.0800,Metal1,143.1150,94.0800,2.222e-08
Metal1,142.8850,101.9200,Metal1,143.1150,101.9200,1.130e-08
Metal1,142.8850,117.6000,Metal1,143.1150,117.6000,5.437e-07
Metal1,142.8850,188.1600,Metal1,143.1150,188.1600,9.730e-08
Metal1,142.8850,203.8400,Metal1,143.1150,203.8400,2.334e-05
Metal1,142.8900,164.6400,Metal1,143.2300,164.6400,1.520e-06
Metal1,142.9900,141.1200,Metal1,143.3300,141.1200,1.361e-05
Metal1,143.0450,125.4400,Metal1,143.2750,125.4400,3.300e-06
Metal1,143.0800,211.6800,Metal1,143.6100,211.6800,1.373e-05
Metal1,143.1150,15.6800,Metal1,144.8700,15.6800,8.735e-12
Metal1,143.1150,23.5200,Metal1,143.4450,23.5200,2.512e-12
Metal1,143.1150,31.3600,Metal1,143.4450,31.3600,2.512e-12
Metal1,143.1150,39.2000,Metal1,143.4450,39.2000,2.548e-12
Metal1,143.1150,47.0400,Metal1,143.4450,47.0400,2.512e-12
Metal1,143.1150,54.8800,Metal1,143.4450,54.8800,2.440e-12
Metal1,143.1150,62.7200,Metal1,143.4450,62.7200,2.566e-12
Metal1,143.1150,70.5600,Metal1,143.4450,70.5600,2.512e-12
Metal1,143.1150,78.4000,Metal1,143.4450,78.4000,2.548e-12
Metal1,143.1150,86.2400,Metal1,143.4450,86.2400,2.189e-12
Metal1,143.1150,94.0800,Metal1,144.8300,94.0800,2.222e-08
Metal1,143.1150,101.9200,Metal1,145.1250,101.9200,4.448e-10
Metal1,143.1150,117.6000,Metal1,145.0900,117.6000,4.406e-10
Metal1,143.1150,188.1600,Metal1,144.1650,188.1600,9.730e-08
Metal1,143.1150,203.8400,Metal1,145.2050,203.8400,1.379e-07
Metal1,143.2300,164.6400,Metal1,144.5650,164.6400,1.520e-06
Metal1,143.2750,125.4400,Metal1,143.4450,125.4400,3.300e-06
Metal1,143.3300,141.1200,Metal1,143.4450,141.1200,1.361e-05
Metal1,143.4450,23.5200,Metal1,143.6750,23.5200,6.681e-13
Metal1,143.4450,31.3600,Metal1,143.6750,31.3600,7.423e-13
Metal1,143.4450,39.2000,Metal1,143.6750,39.2000,6.681e-13
Metal1,143.4450,47.0400,Metal1,143.6750,47.0400,7.423e-13
Metal1,143.4450,54.8800,Metal1,143.6750,54.8800,5.938e-13
Metal1,143.4450,62.7200,Metal1,143.6750,62.7200,7.423e-13
Metal1,143.4450,70.5600,Metal1,143.6750,70.5600,7.423e-13
Metal1,143.4450,78.4000,Metal1,143.6750,78.4000,6.681e-13
Metal1,143.4450,86.2400,Metal1,143.6750,86.2400,5.938e-13
Metal1,143.4450,109.7600,Metal1,143.6750,109.7600,1.519e-09
Metal1,143.4450,125.4400,Metal1,143.6750,125.4400,5.148e-08
Metal1,143.4450,133.2800,Metal1,143.6750,133.2800,5.435e-09
Metal1,143.4450,141.1200,Metal1,143.6750,141.1200,7.653e-07
Metal1,143.4450,148.9600,Metal1,143.6750,148.9600,1.079e-06
Metal1,143.4450,172.4800,Metal1,143.6750,172.4800,1.107e-06
Metal1,143.4450,180.3200,Metal1,143.6650,179.7550,3.740e-09
Metal1,143.6100,211.6800,Metal1,143.8400,211.6800,9.669e-07
Metal1,143.6650,179.7550,Metal1,143.6750,180.8125,3.740e-09
Metal1,143.6750,23.5200,Metal1,145.1250,23.5200,6.901e-13
Metal1,143.6750,31.3600,Metal1,145.1250,31.3600,6.860e-13
Metal1,143.6750,39.2000,Metal1,145.1250,39.2000,6.901e-13
Metal1,143.6750,47.0400,Metal1,145.1250,47.0400,6.860e-13
Metal1,143.6750,54.8800,Metal1,145.1250,54.8800,6.615e-13
Metal1,143.6750,62.7200,Metal1,145.1250,62.7200,6.983e-13
Metal1,143.6750,70.5600,Metal1,145.1250,70.5600,6.860e-13
Metal1,143.6750,78.4000,Metal1,145.1250,78.4000,6.901e-13
Metal1,143.6750,86.2400,Metal1,145.1250,86.2400,5.921e-13
Metal1,143.6750,109.7600,Metal1,143.9700,109.7600,2.798e-08
Metal1,143.6750,125.4400,Metal1,145.6850,125.4400,5.148e-08
Metal1,143.6750,133.2800,Metal1,145.6850,133.2800,5.435e-09
Metal1,143.6750,141.1200,Metal1,144.9850,141.1200,2.919e-06
Metal1,143.6750,148.9600,Metal1,144.5650,148.9600,1.079e-06
Metal1,143.6750,172.4800,Metal1,144.5650,172.4800,1.107e-06
Metal1,143.6750,180.8125,Metal1,143.8950,180.3200,3.763e-09
Metal1,143.8400,211.6800,Metal1,145.6500,211.6800,4.480e-08
Metal1,143.8650,156.8000,Metal1,144.0950,156.8000,2.743e-06
Metal1,143.8950,180.3200,Metal1,145.4050,180.3200,3.763e-09
Metal1,143.9700,109.7600,Metal1,144.2000,109.7600,2.038e-08
Metal1,144.0950,156.8000,Metal1,145.9050,156.8000,2.743e-06
Metal1,144.1650,188.1600,Metal1,144.3950,188.1600,1.480e-05
Metal1,144.2000,109.7600,Metal1,145.6850,109.7600,2.038e-08
Metal1,144.3950,188.1600,Metal1,145.1250,188.1600,2.654e-07
Metal1,144.5650,148.9600,Metal1,144.7950,148.9600,1.080e-06
Metal1,144.5650,164.6400,Metal1,144.7950,164.6400,2.430e-05
Metal1,144.5650,172.4800,Metal1,144.7950,172.4800,7.006e-09
Metal1,144.7950,148.9600,Metal1,145.6850,148.9600,1.080e-06
Metal1,144.7950,164.6400,Metal1,146.8050,164.6400,1.601e-07
Metal1,144.7950,172.4800,Metal1,145.6850,172.4800,1.205e-06
Metal1,144.8300,94.0800,Metal1,145.1250,93.6200,9.040e-10
Metal1,144.8650,196.0000,Metal1,145.0950,196.0000,2.355e-05
Metal1,144.8700,15.6800,Metal1,145.1250,14.8350,1.182e-12
Metal1,144.8700,219.5200,Metal1,145.2100,219.5200,2.458e-06
Metal1,144.9850,141.1200,Metal1,145.2150,141.1200,6.308e-06
Metal1,145.0900,117.6000,Metal1,145.1250,117.0550,4.406e-10
Metal1,145.0950,196.0000,Metal1,146.9700,196.0000,2.355e-05
Metal1,145.1250,14.8350,Metal1,145.2100,16.2450,1.182e-12
Metal1,145.1250,23.5200,Metal1,145.3550,23.5200,2.227e-13
Metal1,145.1250,31.3600,Metal1,145.3550,31.3600,1.485e-13
Metal1,145.1250,39.2000,Metal1,145.3550,39.2000,7.423e-14
Metal1,145.1250,47.0400,Metal1,145.3550,47.0400,1.485e-13
Metal1,145.1250,54.8800,Metal1,145.3550,54.8800,1.485e-13
Metal1,145.1250,62.7200,Metal1,145.3550,62.7200,1.485e-13
Metal1,145.1250,70.5600,Metal1,145.3550,70.5600,2.227e-13
Metal1,145.1250,78.4000,Metal1,145.3550,78.4000,7.423e-14
Metal1,145.1250,86.2400,Metal1,145.3550,86.2400,7.423e-14
Metal1,145.1250,93.6200,Metal1,145.1700,94.6450,9.040e-10
Metal1,145.1250,101.9200,Metal1,145.3550,101.9200,3.199e-11
Metal1,145.1250,117.0550,Metal1,145.3200,118.1650,1.061e-10
Metal1,145.1250,188.1600,Metal1,145.3550,188.1600,1.480e-05
Metal1,145.1700,94.6450,Metal1,145.3550,94.0800,7.239e-09
Metal1,145.2050,203.8400,Metal1,145.4350,203.8400,2.019e-05
Metal1,145.2100,16.2450,Metal1,145.3550,15.6800,5.065e-15
Metal1,145.2100,219.5200,Metal1,147.3650,219.5200,1.512e-08
Metal1,145.2150,141.1200,Metal1,145.6850,141.1200,6.308e-06
Metal1,145.3200,118.1650,Metal1,145.3550,117.6000,1.061e-10
Metal1,145.3550,15.6800,Metal1,147.3650,15.6800,4.890e-13
Metal1,145.3550,23.5200,Metal1,145.6850,23.5200,3.122e-12
Metal1,145.3550,31.3600,Metal1,145.6850,31.3600,3.158e-12
Metal1,145.3550,39.2000,Metal1,145.6850,39.2000,3.140e-12
Metal1,145.3550,47.0400,Metal1,145.6850,47.0400,3.158e-12
Metal1,145.3550,54.8800,Metal1,145.6850,54.8800,3.032e-12
Metal1,145.3550,62.7200,Metal1,145.6850,62.7200,3.176e-12
Metal1,145.3550,70.5600,Metal1,145.6850,70.5600,3.140e-12
Metal1,145.3550,78.4000,Metal1,145.6850,78.4000,3.176e-12
Metal1,145.3550,86.2400,Metal1,145.6850,86.2400,2.709e-12
Metal1,145.3550,94.0800,Metal1,147.3650,94.0800,2.385e-11
Metal1,145.3550,101.9200,Metal1,147.3650,101.9200,2.592e-13
Metal1,145.3550,117.6000,Metal1,147.3650,117.6000,3.420e-09
Metal1,145.3550,188.1600,Metal1,146.4100,188.1600,1.480e-05
Metal1,145.4050,180.3200,Metal1,145.6350,180.3200,1.622e-06
Metal1,145.4350,203.8400,Metal1,146.0700,203.8400,2.019e-05
Metal1,145.6350,180.3200,Metal1,145.6850,180.3200,1.622e-06
Metal1,145.6500,211.6800,Metal1,145.8100,211.1350,1.129e-05
Metal1,145.6850,23.5200,Metal1,145.9150,23.5200,2.227e-13
Metal1,145.6850,31.3600,Metal1,145.9150,31.3600,2.227e-13
Metal1,145.6850,39.2000,Metal1,145.9150,39.2000,2.969e-13
Metal1,145.6850,47.0400,Metal1,145.9150,47.0400,1.485e-13
Metal1,145.6850,54.8800,Metal1,145.9150,54.8800,2.969e-13
Metal1,145.6850,62.7200,Metal1,145.9150,62.7200,2.227e-13
Metal1,145.6850,70.5600,Metal1,145.9150,70.5600,2.227e-13
Metal1,145.6850,78.4000,Metal1,145.9150,78.4000,1.485e-13
Metal1,145.6850,86.2400,Metal1,145.9150,86.2400,1.485e-13
Metal1,145.6850,109.7600,Metal1,145.9150,109.7600,3.546e-06
Metal1,145.6850,125.4400,Metal1,145.9150,125.4400,1.406e-06
Metal1,145.6850,133.2800,Metal1,145.9150,133.2800,9.631e-08
Metal1,145.6850,141.1200,Metal1,145.9150,141.1200,1.006e-08
Metal1,145.6850,148.9600,Metal1,145.9150,148.9600,1.141e-06
Metal1,145.6850,172.4800,Metal1,145.9150,172.4800,1.107e-06
Metal1,145.6850,180.3200,Metal1,145.9150,180.3200,1.162e-07
Metal1,145.8100,211.1350,Metal1,145.8800,211.9700,1.129e-05
Metal1,145.8800,211.9700,Metal1,146.0400,211.6800,1.263e-07
Metal1,145.9050,156.8000,Metal1,146.1350,156.8000,4.217e-08
Metal1,145.9150,23.5200,Metal1,147.3650,23.5200,7.269e-13
Metal1,145.9150,31.3600,Metal1,147.3650,31.3600,7.269e-13
Metal1,145.9150,39.2000,Metal1,147.3650,39.2000,7.269e-13
Metal1,145.9150,47.0400,Metal1,147.3650,47.0400,7.269e-13
Metal1,145.9150,54.8800,Metal1,147.3650,54.8800,7.065e-13
Metal1,145.9150,62.7200,Metal1,147.3650,62.7200,7.269e-13
Metal1,145.9150,70.5600,Metal1,147.3650,70.5600,7.269e-13
Metal1,145.9150,78.4000,Metal1,147.3650,78.4000,7.269e-13
Metal1,145.9150,86.2400,Metal1,147.3650,86.2400,6.207e-13
Metal1,145.9150,109.7600,Metal1,146.2450,109.7600,3.546e-06
Metal1,145.9150,125.4400,Metal1,147.9250,125.4400,4.727e-08
Metal1,145.9150,133.2800,Metal1,145.9500,133.2800,9.631e-08
Metal1,145.9150,141.1200,Metal1,147.9250,141.1200,1.006e-08
Metal1,145.9150,148.9600,Metal1,146.8050,148.9600,1.141e-06
Metal1,145.9150,172.4800,Metal1,146.8050,172.4800,1.107e-06
Metal1,145.9150,180.3200,Metal1,147.9250,180.3200,3.837e-10
Metal1,145.9500,133.2800,Metal1,146.2900,133.2800,6.574e-09
Metal1,146.0400,211.6800,Metal1,147.9250,211.6800,6.719e-08
Metal1,146.0700,203.8400,Metal1,146.4100,203.8400,1.605e-06
Metal1,146.1350,156.8000,Metal1,147.6450,156.8000,4.217e-08
Metal1,146.2450,109.7600,Metal1,146.4750,109.7600,9.457e-07
Metal1,146.2900,133.2800,Metal1,147.9250,133.2800,6.574e-09
Metal1,146.4100,188.1600,Metal1,146.6400,188.1600,3.024e-06
Metal1,146.4100,203.8400,Metal1,148.5900,203.8400,1.737e-05
Metal1,146.4750,109.7600,Metal1,147.9250,109.7600,9.457e-07
Metal1,146.6400,188.1600,Metal1,146.8050,188.1600,3.024e-06
Metal1,146.8050,148.9600,Metal1,147.0350,148.9600,7.903e-06
Metal1,146.8050,164.6400,Metal1,147.0350,164.6400,1.999e-05
Metal1,146.8050,172.4800,Metal1,147.0350,172.4800,4.235e-08
Metal1,146.8050,188.1600,Metal1,147.0350,188.1600,7.722e-06
Metal1,146.9700,196.0000,Metal1,147.2000,196.0000,1.680e-06
Metal1,147.0350,148.9600,Metal1,147.5300,148.9600,7.903e-06
Metal1,147.0350,164.6400,Metal1,147.5300,164.6400,1.999e-05
Metal1,147.0350,172.4800,Metal1,147.9250,172.4800,6.250e-10
Metal1,147.0350,188.1600,Metal1,148.4500,188.1600,2.855e-08
Metal1,147.2000,196.0000,Metal1,148.4850,196.0000,3.888e-09
Metal1,147.3650,15.6800,Metal1,147.5950,15.6800,0.000e+00
Metal1,147.3650,23.5200,Metal1,147.5950,23.5200,2.524e-12
Metal1,147.3650,31.3600,Metal1,147.5950,31.3600,2.524e-12
Metal1,147.3650,39.2000,Metal1,147.5950,39.2000,2.524e-12
Metal1,147.3650,47.0400,Metal1,147.5950,47.0400,2.524e-12
Metal1,147.3650,54.8800,Metal1,147.5950,54.8800,2.375e-12
Metal1,147.3650,62.7200,Metal1,147.5950,62.7200,2.524e-12
Metal1,147.3650,70.5600,Metal1,147.5950,70.5600,2.524e-12
Metal1,147.3650,78.4000,Metal1,147.5950,78.4000,2.524e-12
Metal1,147.3650,86.2400,Metal1,147.5950,86.2400,2.153e-12
Metal1,147.3650,94.0800,Metal1,147.5950,94.0800,1.188e-12
Metal1,147.3650,101.9200,Metal1,147.5950,101.9200,1.227e-13
Metal1,147.3650,117.6000,Metal1,147.5950,117.6000,1.038e-06
Metal1,147.3650,219.5200,Metal1,147.5950,219.5200,2.458e-06
Metal1,147.5300,148.9600,Metal1,147.7600,148.9600,5.568e-07
Metal1,147.5300,164.6400,Metal1,147.7600,164.6400,8.836e-07
Metal1,147.5950,15.6800,Metal1,149.6050,15.6800,3.240e-14
Metal1,147.5950,23.5200,Metal1,147.9250,23.5200,2.566e-12
Metal1,147.5950,31.3600,Metal1,147.9250,31.3600,2.548e-12
Metal1,147.5950,39.2000,Metal1,147.9250,39.2000,2.548e-12
Metal1,147.5950,47.0400,Metal1,147.9250,47.0400,2.548e-12
Metal1,147.5950,54.8800,Metal1,147.9250,54.8800,2.494e-12
Metal1,147.5950,62.7200,Metal1,147.9250,62.7200,2.548e-12
Metal1,147.5950,70.5600,Metal1,147.9250,70.5600,2.566e-12
Metal1,147.5950,78.4000,Metal1,147.9250,78.4000,2.548e-12
Metal1,147.5950,86.2400,Metal1,147.9250,86.2400,2.189e-12
Metal1,147.5950,94.0800,Metal1,149.6050,94.0800,1.225e-12
Metal1,147.5950,101.9200,Metal1,149.6050,101.9200,5.892e-15
Metal1,147.5950,117.6000,Metal1,148.0850,117.6000,1.038e-06
Metal1,147.5950,219.5200,Metal1,148.0850,219.5200,2.458e-06
Metal1,147.6450,156.8000,Metal1,147.8750,156.8000,1.293e-05
Metal1,147.7600,148.9600,Metal1,149.5700,148.9600,3.084e-08
Metal1,147.7600,164.6400,Metal1,149.3100,164.6400,7.404e-06
Metal1,147.8750,156.8000,Metal1,148.1900,156.8000,1.293e-05
Metal1,147.9250,23.5200,Metal1,148.1550,23.5200,7.423e-13
Metal1,147.9250,31.3600,Metal1,148.1550,31.3600,6.681e-13
Metal1,147.9250,39.2000,Metal1,148.1550,39.2000,6.681e-13
Metal1,147.9250,47.0400,Metal1,148.1550,47.0400,6.681e-13
Metal1,147.9250,54.8800,Metal1,148.1550,54.8800,6.681e-13
Metal1,147.9250,62.7200,Metal1,148.1550,62.7200,7.423e-13
Metal1,147.9250,70.5600,Metal1,148.1550,70.5600,6.681e-13
Metal1,147.9250,78.4000,Metal1,148.1550,78.4000,6.681e-13
Metal1,147.9250,86.2400,Metal1,148.1550,86.2400,5.938e-13
Metal1,147.9250,109.7600,Metal1,148.1550,109.7600,3.546e-06
Metal1,147.9250,125.4400,Metal1,148.1550,125.4400,1.294e-05
Metal1,147.9250,133.2800,Metal1,148.1550,133.2800,9.873e-11
Metal1,147.9250,141.1200,Metal1,148.1550,141.1200,3.134e-06
Metal1,147.9250,172.4800,Metal1,148.1550,172.4800,4.234e-08
Metal1,147.9250,180.3200,Metal1,148.1550,180.3200,2.922e-10
Metal1,147.9250,211.6800,Metal1,148.1550,211.6800,9.566e-06
Metal1,148.0850,117.6000,Metal1,148.3150,117.6000,4.251e-08
Metal1,148.0850,219.5200,Metal1,148.3150,219.5200,2.392e-07
Metal1,148.1550,23.5200,Metal1,149.6050,23.5200,6.779e-13
Metal1,148.1550,31.3600,Metal1,149.6050,31.3600,6.820e-13
Metal1,148.1550,39.2000,Metal1,149.6050,39.2000,6.820e-13
Metal1,148.1550,47.0400,Metal1,149.6050,47.0400,6.820e-13
Metal1,148.1550,54.8800,Metal1,149.6050,54.8800,6.575e-13
Metal1,148.1550,62.7200,Metal1,149.6050,62.7200,6.779e-13
Metal1,148.1550,70.5600,Metal1,149.6050,70.5600,6.860e-13
Metal1,148.1550,78.4000,Metal1,149.6050,78.4000,6.860e-13
Metal1,148.1550,86.2400,Metal1,149.6050,86.2400,5.799e-13
Metal1,148.1550,109.7600,Metal1,148.4850,109.7600,3.546e-06
Metal1,148.1550,125.4400,Metal1,149.1500,125.4400,1.294e-05
Metal1,148.1550,133.2800,Metal1,150.1650,133.2800,9.878e-11
Metal1,148.1550,141.1200,Metal1,149.3100,141.1200,3.134e-06
Metal1,148.1550,172.4800,Metal1,149.0450,172.4800,4.233e-08
Metal1,148.1550,180.3200,Metal1,149.0450,180.3200,4.238e-12
Metal1,148.1550,211.6800,Metal1,149.3050,211.6800,9.566e-06
Metal1,148.1900,156.8000,Metal1,148.5300,156.8000,6.075e-07
Metal1,148.3150,117.6000,Metal1,149.6050,117.6000,4.322e-07
Metal1,148.3150,219.5200,Metal1,152.9650,219.5200,9.497e-07
Metal1,148.4500,188.1600,Metal1,148.6800,188.1600,1.606e-06
Metal1,148.4850,109.7600,Metal1,148.7150,109.7600,1.744e-09
Metal1,148.4850,196.0000,Metal1,148.7150,196.0000,3.786e-07
Metal1,148.5300,156.8000,Metal1,150.4700,156.8000,5.152e-07
Metal1,148.5900,203.8400,Metal1,148.9300,203.8400,1.893e-08
Metal1,148.6800,188.1600,Metal1,149.0450,188.1600,1.606e-06
Metal1,148.7150,109.7600,Metal1,150.4700,109.7600,1.724e-09
Metal1,148.7150,196.0000,Metal1,149.0100,196.0000,3.786e-07
Metal1,148.9300,203.8400,Metal1,150.4700,203.8400,1.893e-08
Metal1,149.0100,196.0000,Metal1,149.2400,196.0000,2.111e-05
Metal1,149.0450,172.4800,Metal1,149.2750,172.4800,5.725e-06
Metal1,149.0450,180.3200,Metal1,149.2750,180.3200,2.822e-10
Metal1,149.0450,188.1600,Metal1,149.2750,188.1600,5.793e-09
Metal1,149.1500,125.4400,Metal1,149.4900,125.4400,5.477e-08
Metal1,149.2400,196.0000,Metal1,150.4700,196.0000,2.111e-05
Metal1,149.2750,172.4800,Metal1,150.3300,172.4800,5.725e-06
Metal1,149.2750,180.3200,Metal1,150.1650,180.3200,2.723e-10
Metal1,149.2750,188.1600,Metal1,150.4700,188.1600,5.784e-09
Metal1,149.3050,211.6800,Metal1,149.5350,211.6800,1.115e-07
Metal1,149.3100,141.1200,Metal1,149.6500,141.1200,3.279e-07
Metal1,149.3100,164.6400,Metal1,149.5700,164.2250,1.434e-06
Metal1,149.4900,125.4400,Metal1,150.4700,125.4400,5.476e-08
Metal1,149.5350,211.6800,Metal1,150.4700,211.6800,1.115e-07
Metal1,149.5700,148.9600,Metal1,149.8000,148.9600,7.877e-06
Metal1,149.5700,164.2250,Metal1,149.6500,165.1850,1.434e-06
Metal1,149.6050,15.6800,Metal1,149.8350,15.6800,1.755e-11
Metal1,149.6050,23.5200,Metal1,149.8350,23.5200,2.301e-12
Metal1,149.6050,31.3600,Metal1,149.8350,31.3600,2.375e-12
Metal1,149.6050,39.2000,Metal1,149.8350,39.2000,2.375e-12
Metal1,149.6050,47.0400,Metal1,149.8350,47.0400,2.375e-12
Metal1,149.6050,54.8800,Metal1,149.8350,54.8800,2.153e-12
Metal1,149.6050,62.7200,Metal1,149.8350,62.7200,2.375e-12
Metal1,149.6050,70.5600,Metal1,149.8350,70.5600,2.301e-12
Metal1,149.6050,78.4000,Metal1,149.8350,78.4000,2.375e-12
Metal1,149.6050,86.2400,Metal1,149.8350,86.2400,2.004e-12
Metal1,149.6050,94.0800,Metal1,149.8250,94.6450,4.102e-10
Metal1,149.6050,101.9200,Metal1,149.8350,101.9200,6.381e-12
Metal1,149.6050,117.6000,Metal1,149.8350,117.6000,6.193e-06
Metal1,149.6500,141.1200,Metal1,150.4700,141.1200,4.124e-06
Metal1,149.6500,165.1850,Metal1,149.8000,164.6400,2.638e-05
Metal1,149.8000,148.9600,Metal1,150.4700,148.9600,7.877e-06
Metal1,149.8000,164.6400,Metal1,150.4700,164.6400,2.638e-05
Metal1,149.8250,94.6450,Metal1,149.8350,93.5875,4.102e-10
Metal1,149.8350,15.6800,Metal1,150.4700,15.6800,6.462e-12
Metal1,149.8350,23.5200,Metal1,150.1650,23.5200,2.368e-12
Metal1,149.8350,31.3600,Metal1,150.1650,31.3600,2.368e-12
Metal1,149.8350,39.2000,Metal1,150.1650,39.2000,2.351e-12
Metal1,149.8350,47.0400,Metal1,150.1650,47.0400,2.368e-12
Metal1,149.8350,54.8800,Metal1,150.1650,54.8800,2.297e-12
Metal1,149.8350,62.7200,Metal1,150.1650,62.7200,2.368e-12
Metal1,149.8350,70.5600,Metal1,150.1650,70.5600,2.386e-12
Metal1,149.8350,78.4000,Metal1,150.1650,78.4000,2.386e-12
Metal1,149.8350,86.2400,Metal1,150.1650,86.2400,1.992e-12
Metal1,149.8350,93.5875,Metal1,150.0550,94.0800,4.951e-12
Metal1,149.8350,101.9200,Metal1,150.4700,101.9200,6.341e-12
Metal1,149.8350,117.6000,Metal1,150.4700,117.6000,6.193e-06
Metal1,150.0550,94.0800,Metal1,150.4700,94.0800,4.951e-12
Metal1,150.1650,23.5200,Metal1,150.3950,23.5200,1.069e-11
Metal1,150.1650,31.3600,Metal1,150.3950,31.3600,1.069e-11
Metal1,150.1650,39.2000,Metal1,150.3950,39.2000,1.069e-11
Metal1,150.1650,47.0400,Metal1,150.3950,47.0400,1.069e-11
Metal1,150.1650,54.8800,Metal1,150.3950,54.8800,1.069e-11
Metal1,150.1650,62.7200,Metal1,150.3950,62.7200,1.076e-11
Metal1,150.1650,70.5600,Metal1,150.3950,70.5600,1.061e-11
Metal1,150.1650,78.4000,Metal1,150.3950,78.4000,1.069e-11
Metal1,150.1650,86.2400,Metal1,150.3950,86.2400,1.069e-11
Metal1,150.1650,133.2800,Metal1,150.3950,133.2800,3.774e-08
Metal1,150.1650,180.3200,Metal1,150.3950,180.3200,4.397e-08
Metal1,150.3300,172.4800,Metal1,150.4700,171.9350,2.806e-09
Metal1,150.3950,23.5200,Metal1,150.4700,23.5200,1.066e-11
Metal1,150.3950,31.3600,Metal1,150.4700,31.3600,1.066e-11
Metal1,150.3950,39.2000,Metal1,150.4700,39.2000,1.058e-11
Metal1,150.3950,47.0400,Metal1,150.4700,47.0400,1.058e-11
Metal1,150.3950,54.8800,Metal1,150.4700,54.8800,1.066e-11
Metal1,150.3950,62.7200,Metal1,150.4700,62.7200,1.066e-11
Metal1,150.3950,70.5600,Metal1,150.4700,70.5600,1.066e-11
Metal1,150.3950,78.4000,Metal1,150.4700,78.4000,1.058e-11
Metal1,150.3950,86.2400,Metal1,150.4700,86.2400,1.066e-11
Metal1,150.3950,133.2800,Metal1,150.4700,133.2800,3.774e-08
Metal1,150.3950,180.3200,Metal1,150.4700,180.3200,4.397e-08
Metal1,150.4700,15.6800,Metal1,150.8100,15.6800,2.991e-12
Metal1,150.4700,23.5200,Metal1,150.8100,23.5200,7.312e-13
Metal1,150.4700,31.3600,Metal1,150.8100,31.3600,6.647e-13
Metal1,150.4700,39.2000,Metal1,150.8100,39.2000,6.647e-13
Metal1,150.4700,47.0400,Metal1,150.8100,47.0400,5.982e-13
Metal1,150.4700,54.8800,Metal1,150.8100,54.8800,6.647e-13
Metal1,150.4700,62.7200,Metal1,150.8100,62.7200,6.647e-13
Metal1,150.4700,70.5600,Metal1,150.8100,70.5600,6.647e-13
Metal1,150.4700,78.4000,Metal1,150.8100,78.4000,6.647e-13
Metal1,150.4700,86.2400,Metal1,150.8100,86.2400,6.647e-13
Metal1,150.4700,94.0800,Metal1,150.8100,94.0800,5.251e-12
Metal1,150.4700,101.9200,Metal1,150.8100,101.9200,3.058e-12
Metal1,150.4700,109.7600,Metal1,150.7250,110.6050,1.714e-09
Metal1,150.4700,117.6000,Metal1,150.8100,117.6000,6.193e-06
Metal1,150.4700,125.4400,Metal1,150.8100,125.4400,5.475e-08
Metal1,150.4700,133.2800,Metal1,150.8100,133.2800,3.773e-08
Metal1,150.4700,141.1200,Metal1,150.8100,141.1200,4.124e-06
Metal1,150.4700,148.9600,Metal1,150.8100,148.9600,7.967e-07
Metal1,150.4700,156.8000,Metal1,150.8100,156.8000,5.151e-07
Metal1,150.4700,164.6400,Metal1,150.8100,164.6400,2.638e-05
Metal1,150.4700,171.9350,Metal1,150.5600,173.3250,2.806e-09
Metal1,150.4700,180.3200,Metal1,150.8100,180.3200,4.396e-08
Metal1,150.4700,188.1600,Metal1,150.8100,188.1600,5.773e-09
Metal1,150.4700,196.0000,Metal1,150.8100,196.0000,2.111e-05
Metal1,150.4700,203.8400,Metal1,150.5850,204.6850,1.893e-08
Metal1,150.4700,211.6800,Metal1,150.8100,211.6800,1.115e-07
Metal1,150.5600,173.3250,Metal1,150.8100,172.4800,2.796e-09
Metal1,150.5850,204.6850,Metal1,150.8100,203.6225,4.061e-12
Metal1,150.7250,110.6050,Metal1,150.8100,109.1950,1.714e-09
Metal1,150.8100,15.6800,Metal1,151.8450,15.6800,2.986e-12
Metal1,150.8100,23.5200,Metal1,152.4050,23.5200,6.534e-13
Metal1,150.8100,31.3600,Metal1,152.4050,31.3600,6.534e-13
Metal1,150.8100,39.2000,Metal1,152.4050,39.2000,6.534e-13
Metal1,150.8100,47.0400,Metal1,152.4050,47.0400,6.459e-13
Metal1,150.8100,54.8800,Metal1,152.4050,54.8800,6.422e-13
Metal1,150.8100,62.7200,Metal1,152.4050,62.7200,6.422e-13
Metal1,150.8100,70.5600,Metal1,152.4050,70.5600,6.422e-13
Metal1,150.8100,78.4000,Metal1,152.4050,78.4000,6.571e-13
Metal1,150.8100,86.2400,Metal1,152.4050,86.2400,6.534e-13
Metal1,150.8100,94.0800,Metal1,151.5650,94.0800,5.231e-12
Metal1,150.8100,101.9200,Metal1,151.8450,101.9200,3.084e-12
Metal1,150.8100,109.1950,Metal1,150.9550,109.7600,2.267e-09
Metal1,150.8100,117.6000,Metal1,152.9650,117.6000,6.193e-06
Metal1,150.8100,125.4400,Metal1,151.1450,125.4400,5.475e-08
Metal1,150.8100,133.2800,Metal1,152.4050,133.2800,5.801e-09
Metal1,150.8100,141.1200,Metal1,152.5100,141.1200,4.124e-06
Metal1,150.8100,148.9600,Metal1,151.4450,148.9600,7.967e-07
Metal1,150.8100,156.8000,Metal1,152.9650,156.8000,5.151e-07
Metal1,150.8100,164.6400,Metal1,152.9650,164.6400,2.638e-05
Metal1,150.8100,172.4800,Metal1,152.3700,172.4800,1.391e-08
Metal1,150.8100,180.3200,Metal1,152.4050,180.3200,6.759e-09
Metal1,150.8100,188.1600,Metal1,151.2850,188.1600,5.773e-09
Metal1,150.8100,196.0000,Metal1,151.2850,196.0000,2.111e-05
Metal1,150.8100,203.6225,Metal1,150.8150,203.8400,4.060e-12
Metal1,150.8100,211.6800,Metal1,152.9650,211.6800,9.152e-06
Metal1,150.8150,203.8400,Metal1,152.9650,203.8400,4.057e-12
Metal1,150.9550,109.7600,Metal1,152.9650,109.7600,2.267e-09
Metal1,151.1450,125.4400,Metal1,151.3750,125.4400,2.017e-10
Metal1,151.2850,188.1600,Metal1,151.5150,188.1600,2.390e-11
Metal1,151.2850,196.0000,Metal1,151.5150,196.0000,9.139e-08
Metal1,151.3750,125.4400,Metal1,152.9650,125.4400,2.017e-10
Metal1,151.4450,148.9600,Metal1,151.6750,148.9600,6.241e-07
Metal1,151.5150,188.1600,Metal1,152.9650,188.1600,2.388e-11
Metal1,151.5150,196.0000,Metal1,152.9650,196.0000,9.139e-08
Metal1,151.5650,94.0800,Metal1,151.7950,94.0800,2.329e-10
Metal1,151.6750,148.9600,Metal1,152.3700,148.9600,6.241e-07
Metal1,151.7950,94.0800,Metal1,152.9650,94.0800,2.329e-10
Metal1,151.8450,15.6800,Metal1,152.0750,15.6800,9.628e-11
Metal1,151.8450,101.9200,Metal1,152.0750,101.9200,1.833e-11
Metal1,152.0750,15.6800,Metal1,152.9650,15.6800,9.634e-11
Metal1,152.0750,101.9200,Metal1,152.9650,101.9200,1.830e-11
Metal1,152.3700,148.9600,Metal1,152.6000,148.9600,6.118e-06
Metal1,152.3700,172.4800,Metal1,152.6000,172.4800,3.279e-06
Metal1,152.4050,23.5200,Metal1,152.6350,23.5200,9.420e-11
Metal1,152.4050,31.3600,Metal1,152.6350,31.3600,9.464e-11
Metal1,152.4050,39.2000,Metal1,152.6350,39.2000,9.435e-11
Metal1,152.4050,47.0400,Metal1,152.6350,47.0400,9.746e-11
Metal1,152.4050,54.8800,Metal1,152.6350,54.8800,9.739e-11
Metal1,152.4050,62.7200,Metal1,152.6350,62.7200,9.821e-11
Metal1,152.4050,70.5600,Metal1,152.6350,70.5600,9.628e-11
Metal1,152.4050,78.4000,Metal1,152.6350,78.4000,9.397e-11
Metal1,152.4050,86.2400,Metal1,152.6350,86.2400,9.501e-11
Metal1,152.4050,133.2800,Metal1,152.6350,133.2800,2.400e-08
Metal1,152.4050,180.3200,Metal1,152.6350,180.3200,2.796e-08
Metal1,152.5100,141.1200,Metal1,152.8500,141.1200,6.656e-06
Metal1,152.6000,148.9600,Metal1,155.9250,148.9600,6.928e-06
Metal1,152.6000,172.4800,Metal1,152.9650,172.4800,3.279e-06
Metal1,152.6350,23.5200,Metal1,152.9650,23.5200,9.415e-11
Metal1,152.6350,31.3600,Metal1,152.9650,31.3600,9.452e-11
Metal1,152.6350,39.2000,Metal1,152.9650,39.2000,9.434e-11
Metal1,152.6350,47.0400,Metal1,152.9650,47.0400,9.741e-11
Metal1,152.6350,54.8800,Metal1,152.9650,54.8800,9.736e-11
Metal1,152.6350,62.7200,Metal1,152.9650,62.7200,9.822e-11
Metal1,152.6350,70.5600,Metal1,152.9650,70.5600,9.626e-11
Metal1,152.6350,78.4000,Metal1,152.9650,78.4000,9.393e-11
Metal1,152.6350,86.2400,Metal1,152.9650,86.2400,9.499e-11
Metal1,152.6350,133.2800,Metal1,152.9650,133.2800,2.400e-08
Metal1,152.6350,180.3200,Metal1,152.9650,180.3200,2.796e-08
Metal1,152.8500,141.1200,Metal1,154.3050,141.1200,6.656e-06
Metal1,152.9650,15.6800,Metal1,153.1950,15.6800,9.568e-11
Metal1,152.9650,23.5200,Metal1,153.1950,23.5200,2.516e-11
Metal1,152.9650,31.3600,Metal1,153.1950,31.3600,2.524e-11
Metal1,152.9650,39.2000,Metal1,153.1950,39.2000,2.524e-11
Metal1,152.9650,47.0400,Metal1,153.1950,47.0400,2.598e-11
Metal1,152.9650,54.8800,Metal1,153.1950,54.8800,2.598e-11
Metal1,152.9650,62.7200,Metal1,153.1950,62.7200,2.620e-11
Metal1,152.9650,70.5600,Metal1,153.1950,70.5600,2.568e-11
Metal1,152.9650,78.4000,Metal1,153.1950,78.4000,2.509e-11
Metal1,152.9650,86.2400,Metal1,153.1950,86.2400,2.531e-11
Metal1,152.9650,94.0800,Metal1,153.1950,94.0800,7.423e-13
Metal1,152.9650,101.9200,Metal1,153.1950,101.9200,1.833e-11
Metal1,152.9650,109.7600,Metal1,153.1950,109.7600,1.790e-07
Metal1,152.9650,117.6000,Metal1,153.1950,117.6000,1.781e-07
Metal1,152.9650,125.4400,Metal1,153.1950,125.4400,1.462e-11
Metal1,152.9650,133.2800,Metal1,153.1950,133.2800,6.751e-08
Metal1,152.9650,156.8000,Metal1,153.1850,157.3650,3.299e-08
Metal1,152.9650,164.6400,Metal1,153.1950,164.6400,1.896e-06
Metal1,152.9650,172.4800,Metal1,153.1950,172.4800,1.277e-08
Metal1,152.9650,180.3200,Metal1,153.1950,180.3200,7.867e-08
Metal1,152.9650,188.1600,Metal1,153.1950,188.1600,2.004e-12
Metal1,152.9650,196.0000,Metal1,153.1950,196.0000,6.499e-09
Metal1,152.9650,203.8400,Metal1,153.1950,203.8400,7.423e-14
Metal1,152.9650,211.6800,Metal1,153.1950,211.6800,2.905e-08
Metal1,152.9650,219.5200,Metal1,153.1950,219.5200,6.824e-08
Metal1,153.1850,157.3650,Metal1,153.1950,156.3075,3.299e-08
Metal1,153.1950,15.6800,Metal1,154.0850,15.6800,9.570e-11
Metal1,153.1950,23.5200,Metal1,154.6450,23.5200,2.512e-11
Metal1,153.1950,31.3600,Metal1,154.6450,31.3600,2.523e-11
Metal1,153.1950,39.2000,Metal1,154.6450,39.2000,2.517e-11
Metal1,153.1950,47.0400,Metal1,154.6450,47.0400,2.599e-11
Metal1,153.1950,54.8800,Metal1,154.6450,54.8800,2.597e-11
Metal1,153.1950,62.7200,Metal1,154.6450,62.7200,2.620e-11
Metal1,153.1950,70.5600,Metal1,154.6450,70.5600,2.568e-11
Metal1,153.1950,78.4000,Metal1,154.6450,78.4000,2.506e-11
Metal1,153.1950,86.2400,Metal1,154.6450,86.2400,2.534e-11
Metal1,153.1950,94.0800,Metal1,155.2050,94.0800,7.512e-13
Metal1,153.1950,101.9200,Metal1,154.0850,101.9200,1.832e-11
Metal1,153.1950,109.7600,Metal1,155.2050,109.7600,4.591e-09
Metal1,153.1950,117.6000,Metal1,155.2050,117.6000,5.989e-09
Metal1,153.1950,125.4400,Metal1,155.2050,125.4400,6.746e-13
Metal1,153.1950,133.2800,Metal1,154.6450,133.2800,6.751e-08
Metal1,153.1950,156.3075,Metal1,153.4150,156.8000,1.584e-06
Metal1,153.1950,164.6400,Metal1,155.2050,164.6400,9.318e-08
Metal1,153.1950,172.4800,Metal1,154.6450,172.4800,1.277e-08
Metal1,153.1950,180.3200,Metal1,154.6450,180.3200,7.866e-08
Metal1,153.1950,188.1600,Metal1,153.5250,188.1600,4.827e-12
Metal1,153.1950,196.0000,Metal1,153.5250,196.0000,6.283e-10
Metal1,153.1950,203.8400,Metal1,154.9100,203.8400,6.215e-14
Metal1,153.1950,211.6800,Metal1,155.2050,211.6800,2.904e-08
Metal1,153.1950,219.5200,Metal1,155.2050,219.5200,3.354e-09
Metal1,153.4150,156.8000,Metal1,154.9250,156.8000,1.344e-06
Metal1,153.5250,188.1600,Metal1,153.7550,188.1600,2.969e-13
Metal1,153.5250,196.0000,Metal1,153.7550,196.0000,2.004e-12
Metal1,153.7550,188.1600,Metal1,155.2050,188.1600,1.098e-12
Metal1,153.7550,196.0000,Metal1,155.2050,196.0000,5.989e-10
Metal1,154.0850,15.6800,Metal1,154.3150,15.6800,9.657e-11
Metal1,154.0850,101.9200,Metal1,154.3150,101.9200,7.423e-14
Metal1,154.3050,141.1200,Metal1,154.5050,140.6275,6.868e-07
Metal1,154.3150,15.6800,Metal1,155.2050,15.6800,9.647e-11
Metal1,154.3150,101.9200,Metal1,155.2050,101.9200,1.994e-11
Metal1,154.5050,140.6275,Metal1,154.5350,141.3375,6.868e-07
Metal1,154.5350,141.3375,Metal1,154.7350,141.1200,5.479e-06
Metal1,154.6450,23.5200,Metal1,154.8750,23.5200,9.420e-11
Metal1,154.6450,31.3600,Metal1,154.8750,31.3600,9.464e-11
Metal1,154.6450,39.2000,Metal1,154.8750,39.2000,9.442e-11
Metal1,154.6450,47.0400,Metal1,154.8750,47.0400,9.754e-11
Metal1,154.6450,54.8800,Metal1,154.8750,54.8800,9.746e-11
Metal1,154.6450,62.7200,Metal1,154.8750,62.7200,9.835e-11
Metal1,154.6450,70.5600,Metal1,154.8750,70.5600,9.635e-11
Metal1,154.6450,78.4000,Metal1,154.8750,78.4000,9.397e-11
Metal1,154.6450,86.2400,Metal1,154.8750,86.2400,9.501e-11
Metal1,154.6450,133.2800,Metal1,154.8750,133.2800,1.706e-05
Metal1,154.6450,172.4800,Metal1,154.8750,172.4800,1.366e-09
Metal1,154.6450,180.3200,Metal1,154.8750,180.3200,1.988e-05
Metal1,154.7350,141.1200,Metal1,156.0450,141.1200,5.479e-06
Metal1,154.8750,23.5200,Metal1,155.2050,23.5200,9.420e-11
Metal1,154.8750,31.3600,Metal1,155.2050,31.3600,9.461e-11
Metal1,154.8750,39.2000,Metal1,155.2050,39.2000,9.442e-11
Metal1,154.8750,47.0400,Metal1,155.2050,47.0400,9.745e-11
Metal1,154.8750,54.8800,Metal1,155.2050,54.8800,9.739e-11
Metal1,154.8750,62.7200,Metal1,155.2050,62.7200,9.826e-11
Metal1,154.8750,70.5600,Metal1,155.2050,70.5600,9.630e-11
Metal1,154.8750,78.4000,Metal1,155.2050,78.4000,9.395e-11
Metal1,154.8750,86.2400,Metal1,155.2050,86.2400,9.503e-11
Metal1,154.8750,133.2800,Metal1,156.3300,133.2800,1.706e-05
Metal1,154.8750,172.4800,Metal1,155.2050,172.4800,6.306e-09
Metal1,154.8750,180.3200,Metal1,156.8850,180.3200,1.988e-05
Metal1,154.9100,203.8400,Metal1,155.2050,203.3800,6.329e-15
Metal1,154.9250,156.8000,Metal1,155.1550,156.8000,1.512e-05
Metal1,155.1550,156.8000,Metal1,155.2050,156.8000,1.512e-05
Metal1,155.2050,15.6800,Metal1,155.4350,15.6800,1.796e-11
Metal1,155.2050,23.5200,Metal1,155.4350,23.5200,1.113e-12
Metal1,155.2050,31.3600,Metal1,155.4350,31.3600,1.039e-12
Metal1,155.2050,39.2000,Metal1,155.4350,39.2000,9.650e-13
Metal1,155.2050,47.0400,Metal1,155.4350,47.0400,1.039e-12
Metal1,155.2050,54.8800,Metal1,155.4350,54.8800,1.039e-12
Metal1,155.2050,62.7200,Metal1,155.4350,62.7200,9.650e-13
Metal1,155.2050,70.5600,Metal1,155.4350,70.5600,1.039e-12
Metal1,155.2050,78.4000,Metal1,155.4350,78.4000,9.650e-13
Metal1,155.2050,86.2400,Metal1,155.4350,86.2400,1.113e-12
Metal1,155.2050,94.0800,Metal1,155.4350,94.0800,0.000e+00
Metal1,155.2050,101.9200,Metal1,155.4350,101.9200,1.819e-11
Metal1,155.2050,109.7600,Metal1,155.4350,109.7600,7.854e-12
Metal1,155.2050,117.6000,Metal1,155.4350,117.6000,1.803e-07
Metal1,155.2050,125.4400,Metal1,155.4350,125.4400,1.922e-10
Metal1,155.2050,156.8000,Metal1,155.4350,156.8000,1.859e-05
Metal1,155.2050,164.6400,Metal1,155.4350,164.6400,8.627e-08
Metal1,155.2050,172.4800,Metal1,155.4350,172.4800,1.354e-09
Metal1,155.2050,188.1600,Metal1,155.4350,188.1600,5.493e-12
Metal1,155.2050,196.0000,Metal1,155.4350,196.0000,9.260e-08
Metal1,155.2050,203.3800,Metal1,155.2500,204.4050,4.333e-15
Metal1,155.2050,211.6800,Metal1,155.4350,211.6800,4.626e-11
Metal1,155.2050,219.5200,Metal1,155.4350,219.5200,9.497e-07
Metal1,155.2500,204.4050,Metal1,155.4350,203.8400,4.201e-14
Metal1,155.4350,15.6800,Metal1,156.3250,15.6800,1.929e-13
Metal1,155.4350,23.5200,Metal1,156.8850,23.5200,1.098e-12
Metal1,155.4350,31.3600,Metal1,156.8850,31.3600,1.103e-12
Metal1,155.4350,39.2000,Metal1,156.8850,39.2000,1.111e-12
Metal1,155.4350,47.0400,Metal1,156.8850,47.0400,1.090e-12
Metal1,155.4350,54.8800,Metal1,156.8850,54.8800,1.115e-12
Metal1,155.4350,62.7200,Metal1,156.8850,62.7200,1.115e-12
Metal1,155.4350,70.5600,Metal1,156.8850,70.5600,1.107e-12
Metal1,155.4350,78.4000,Metal1,156.8850,78.4000,1.000e-12
Metal1,155.4350,86.2400,Metal1,156.8850,86.2400,1.111e-12
Metal1,155.4350,94.0800,Metal1,157.4450,94.0800,0.000e+00
Metal1,155.4350,101.9200,Metal1,156.3250,101.9200,1.818e-11
Metal1,155.4350,109.7600,Metal1,157.4450,109.7600,7.874e-12
Metal1,155.4350,117.6000,Metal1,157.0450,117.6000,2.587e-08
Metal1,155.4350,125.4400,Metal1,155.4700,125.4400,1.920e-10
Metal1,155.4350,156.8000,Metal1,157.4450,156.8000,1.225e-07
Metal1,155.4350,164.6400,Metal1,157.4450,164.6400,8.625e-08
Metal1,155.4350,172.4800,Metal1,156.8850,172.4800,1.354e-09
Metal1,155.4350,188.1600,Metal1,155.7650,188.1600,5.437e-12
Metal1,155.4350,196.0000,Metal1,155.7650,196.0000,9.260e-08
Metal1,155.4350,203.8400,Metal1,157.4450,203.8400,2.946e-15
Metal1,155.4350,211.6800,Metal1,157.4450,211.6800,4.624e-11
Metal1,155.4350,219.5200,Metal1,157.4450,219.5200,6.258e-09
Metal1,155.4700,125.4400,Metal1,155.8100,125.4400,1.461e-09
Metal1,155.7650,188.1600,Metal1,155.9950,188.1600,9.858e-11
Metal1,155.7650,196.0000,Metal1,155.9950,196.0000,5.915e-06
Metal1,155.8100,125.4400,Metal1,156.4900,125.4400,3.214e-08
Metal1,155.9250,148.9600,Metal1,156.1550,148.9600,8.693e-07
Metal1,155.9950,188.1600,Metal1,157.4450,188.1600,8.494e-13
Metal1,155.9950,196.0000,Metal1,156.9900,196.0000,5.915e-06
Metal1,156.0450,141.1200,Metal1,156.2750,141.1200,4.075e-06
Metal1,156.1550,148.9600,Metal1,159.0900,148.9600,2.392e-08
Metal1,156.2750,141.1200,Metal1,158.8300,141.1200,4.075e-06
Metal1,156.3250,15.6800,Metal1,156.5550,15.6800,8.017e-12
Metal1,156.3250,101.9200,Metal1,156.5550,101.9200,1.819e-11
Metal1,156.3300,133.2800,Metal1,156.6700,133.2800,7.334e-07
Metal1,156.4900,125.4400,Metal1,156.7200,125.4400,2.258e-09
Metal1,156.5550,15.6800,Metal1,157.4450,15.6800,1.876e-12
Metal1,156.5550,101.9200,Metal1,157.4450,101.9200,1.819e-11
Metal1,156.6700,133.2800,Metal1,156.8850,133.2800,7.334e-07
Metal1,156.7200,125.4400,Metal1,158.5300,125.4400,3.145e-11
Metal1,156.8850,23.5200,Metal1,157.1150,23.5200,2.524e-12
Metal1,156.8850,31.3600,Metal1,157.1150,31.3600,2.598e-12
Metal1,156.8850,39.2000,Metal1,157.1150,39.2000,2.524e-12
Metal1,156.8850,47.0400,Metal1,157.1150,47.0400,2.450e-12
Metal1,156.8850,54.8800,Metal1,157.1150,54.8800,2.524e-12
Metal1,156.8850,62.7200,Metal1,157.1150,62.7200,2.524e-12
Metal1,156.8850,70.5600,Metal1,157.1150,70.5600,2.450e-12
Metal1,156.8850,78.4000,Metal1,157.1150,78.4000,2.153e-12
Metal1,156.8850,86.2400,Metal1,157.1150,86.2400,2.450e-12
Metal1,156.8850,133.2800,Metal1,157.1150,133.2800,3.405e-10
Metal1,156.8850,172.4800,Metal1,157.1150,172.4800,5.099e-09
Metal1,156.8850,180.3200,Metal1,157.1150,180.3200,8.166e-07
Metal1,156.9900,196.0000,Metal1,157.3300,196.0000,7.556e-06
Metal1,157.0450,117.6000,Metal1,157.2750,117.6000,1.459e-07
Metal1,157.1150,23.5200,Metal1,157.4450,23.5200,2.530e-12
Metal1,157.1150,31.3600,Metal1,157.4450,31.3600,2.512e-12
Metal1,157.1150,39.2000,Metal1,157.4450,39.2000,2.584e-12
Metal1,157.1150,47.0400,Metal1,157.4450,47.0400,2.440e-12
Metal1,157.1150,54.8800,Metal1,157.4450,54.8800,2.530e-12
Metal1,157.1150,62.7200,Metal1,157.4450,62.7200,2.530e-12
Metal1,157.1150,70.5600,Metal1,157.4450,70.5600,2.548e-12
Metal1,157.1150,78.4000,Metal1,157.4450,78.4000,2.171e-12
Metal1,157.1150,86.2400,Metal1,157.4450,86.2400,2.584e-12
Metal1,157.1150,133.2800,Metal1,159.1250,133.2800,3.404e-10
Metal1,157.1150,172.4800,Metal1,157.4450,172.4800,5.098e-09
Metal1,157.1150,180.3200,Metal1,157.4500,180.3200,8.166e-07
Metal1,157.2750,117.6000,Metal1,157.4450,117.6000,1.459e-07
Metal1,157.3300,196.0000,Metal1,158.0050,196.0000,7.556e-06
Metal1,157.4450,15.6800,Metal1,157.6750,15.6800,5.790e-12
Metal1,157.4450,23.5200,Metal1,157.6750,23.5200,6.681e-13
Metal1,157.4450,31.3600,Metal1,157.6750,31.3600,7.423e-13
Metal1,157.4450,39.2000,Metal1,157.6750,39.2000,7.423e-13
Metal1,157.4450,47.0400,Metal1,157.6750,47.0400,6.681e-13
Metal1,157.4450,54.8800,Metal1,157.6750,54.8800,7.423e-13
Metal1,157.4450,62.7200,Metal1,157.6750,62.7200,6.681e-13
Metal1,157.4450,70.5600,Metal1,157.6750,70.5600,7.423e-13
Metal1,157.4450,78.4000,Metal1,157.6750,78.4000,5.938e-13
Metal1,157.4450,86.2400,Metal1,157.6750,86.2400,7.423e-13
Metal1,157.4450,94.0800,Metal1,157.6750,94.0800,3.681e-13
Metal1,157.4450,101.9200,Metal1,157.6750,101.9200,1.819e-11
Metal1,157.4450,109.7600,Metal1,157.6750,109.7600,2.894e-10
Metal1,157.4450,117.6000,Metal1,157.6750,117.6000,4.381e-07
Metal1,157.4450,156.8000,Metal1,157.6750,156.8000,1.859e-05
Metal1,157.4450,164.6400,Metal1,157.6750,164.6400,4.166e-07
Metal1,157.4450,172.4800,Metal1,157.6750,172.4800,1.711e-10
Metal1,157.4450,188.1600,Metal1,157.6750,188.1600,8.841e-11
Metal1,157.4450,203.8400,Metal1,157.6750,203.8400,7.423e-14
Metal1,157.4450,211.6800,Metal1,157.6750,211.6800,3.982e-10
Metal1,157.4450,219.5200,Metal1,157.6750,219.5200,9.496e-07
Metal1,157.4500,180.3200,Metal1,157.7900,180.3200,1.435e-07
Metal1,157.6750,15.6800,Metal1,158.3100,15.6800,5.753e-12
Metal1,157.6750,23.5200,Metal1,159.1250,23.5200,6.942e-13
Metal1,157.6750,31.3600,Metal1,159.1250,31.3600,6.860e-13
Metal1,157.6750,39.2000,Metal1,159.1250,39.2000,6.983e-13
Metal1,157.6750,47.0400,Metal1,159.1250,47.0400,6.656e-13
Metal1,157.6750,54.8800,Metal1,159.1250,54.8800,6.860e-13
Metal1,157.6750,62.7200,Metal1,159.1250,62.7200,6.901e-13
Metal1,157.6750,70.5600,Metal1,159.1250,70.5600,6.860e-13
Metal1,157.6750,78.4000,Metal1,159.1250,78.4000,5.921e-13
Metal1,157.6750,86.2400,Metal1,159.1250,86.2400,6.901e-13
Metal1,157.6750,94.0800,Metal1,159.6850,94.0800,1.178e-14
Metal1,157.6750,101.9200,Metal1,158.5650,101.9200,1.819e-11
Metal1,157.6750,109.7600,Metal1,159.6850,109.7600,2.893e-10
Metal1,157.6750,117.6000,Metal1,159.6850,117.6000,8.046e-10
Metal1,157.6750,156.8000,Metal1,158.5650,156.8000,1.859e-05
Metal1,157.6750,164.6400,Metal1,158.6700,164.6400,5.732e-06
Metal1,157.6750,172.4800,Metal1,159.1250,172.4800,1.511e-12
Metal1,157.6750,188.1600,Metal1,158.0050,188.1600,8.832e-11
Metal1,157.6750,203.8400,Metal1,159.6850,203.8400,8.838e-15
Metal1,157.6750,211.6800,Metal1,159.6850,211.6800,1.095e-11
Metal1,157.6750,219.5200,Metal1,158.3100,219.5200,9.496e-07
Metal1,157.7900,180.3200,Metal1,159.1250,180.3200,1.435e-07
Metal1,158.0050,188.1600,Metal1,158.2350,188.1600,6.976e-09
Metal1,158.0050,196.0000,Metal1,158.2350,196.0000,7.636e-06
Metal1,158.2350,188.1600,Metal1,159.8500,188.1600,6.954e-09
Metal1,158.2350,196.0000,Metal1,158.9850,196.0000,7.636e-06
Metal1,158.3100,15.6800,Metal1,158.6500,15.6800,3.656e-12
Metal1,158.3100,219.5200,Metal1,158.6500,219.5200,9.496e-07
Metal1,158.5300,125.4400,Metal1,158.7600,125.4400,6.342e-09
Metal1,158.5650,101.9200,Metal1,158.7950,101.9200,1.833e-11
Metal1,158.5650,156.8000,Metal1,158.7950,156.8000,1.746e-06
Metal1,158.6500,15.6800,Metal1,159.6850,15.6800,3.690e-12
Metal1,158.6500,219.5200,Metal1,160.8050,219.5200,9.496e-07
Metal1,158.6700,164.6400,Metal1,159.0100,164.6400,6.779e-06
Metal1,158.7600,125.4400,Metal1,160.4650,125.4400,6.342e-09
Metal1,158.7950,101.9200,Metal1,159.6850,101.9200,1.832e-11
Metal1,158.7950,156.8000,Metal1,159.8450,156.8000,5.785e-06
Metal1,158.8300,141.1200,Metal1,159.1700,141.1200,1.842e-07
Metal1,158.9850,196.0000,Metal1,159.2150,196.0000,3.427e-07
Metal1,159.0100,164.6400,Metal1,159.6850,164.6400,6.779e-06
Metal1,159.0900,148.9600,Metal1,159.3200,148.9600,5.119e-06
Metal1,159.1250,23.5200,Metal1,159.3550,23.5200,2.227e-13
Metal1,159.1250,31.3600,Metal1,159.3550,31.3600,7.423e-14
Metal1,159.1250,39.2000,Metal1,159.3550,39.2000,1.485e-13
Metal1,159.1250,47.0400,Metal1,159.3550,47.0400,7.423e-14
Metal1,159.1250,54.8800,Metal1,159.3550,54.8800,1.485e-13
Metal1,159.1250,62.7200,Metal1,159.3550,62.7200,7.423e-14
Metal1,159.1250,70.5600,Metal1,159.3550,70.5600,7.423e-14
Metal1,159.1250,78.4000,Metal1,159.3550,78.4000,7.423e-14
Metal1,159.1250,86.2400,Metal1,159.3550,86.2400,7.423e-14
Metal1,159.1250,133.2800,Metal1,159.3550,133.2800,8.408e-07
Metal1,159.1250,172.4800,Metal1,159.3550,172.4800,1.609e-10
Metal1,159.1250,180.3200,Metal1,159.3550,180.3200,6.420e-09
Metal1,159.1700,141.1200,Metal1,159.6850,141.1200,7.522e-10
Metal1,159.2150,196.0000,Metal1,163.0100,196.0000,6.069e-10
Metal1,159.3200,148.9600,Metal1,160.4050,148.9600,5.119e-06
Metal1,159.3550,23.5200,Metal1,159.6850,23.5200,3.158e-12
Metal1,159.3550,31.3600,Metal1,159.6850,31.3600,3.176e-12
Metal1,159.3550,39.2000,Metal1,159.6850,39.2000,3.194e-12
Metal1,159.3550,47.0400,Metal1,159.6850,47.0400,3.068e-12
Metal1,159.3550,54.8800,Metal1,159.6850,54.8800,3.176e-12
Metal1,159.3550,62.7200,Metal1,159.6850,62.7200,3.158e-12
Metal1,159.3550,70.5600,Metal1,159.6850,70.5600,3.158e-12
Metal1,159.3550,78.4000,Metal1,159.6850,78.4000,2.709e-12
Metal1,159.3550,86.2400,Metal1,159.6850,86.2400,3.194e-12
Metal1,159.3550,133.2800,Metal1,161.3650,133.2800,3.564e-08
Metal1,159.3550,172.4800,Metal1,159.6850,172.4800,1.608e-10
Metal1,159.3550,180.3200,Metal1,161.3650,180.3200,5.387e-08
Metal1,159.6850,15.6800,Metal1,159.9150,15.6800,2.227e-13
Metal1,159.6850,23.5200,Metal1,159.9150,23.5200,1.485e-13
Metal1,159.6850,31.3600,Metal1,159.9150,31.3600,1.485e-13
Metal1,159.6850,39.2000,Metal1,159.9150,39.2000,2.227e-13
Metal1,159.6850,47.0400,Metal1,159.9150,47.0400,2.227e-13
Metal1,159.6850,54.8800,Metal1,159.9150,54.8800,7.423e-14
Metal1,159.6850,62.7200,Metal1,159.9150,62.7200,1.485e-13
Metal1,159.6850,70.5600,Metal1,159.9150,70.5600,2.227e-13
Metal1,159.6850,78.4000,Metal1,159.9150,78.4000,2.969e-13
Metal1,159.6850,86.2400,Metal1,159.9150,86.2400,1.485e-13
Metal1,159.6850,94.0800,Metal1,159.9150,94.0800,3.681e-13
Metal1,159.6850,101.9200,Metal1,159.9150,101.9200,2.227e-13
Metal1,159.6850,109.7600,Metal1,159.9150,109.7600,1.792e-07
Metal1,159.6850,117.6000,Metal1,159.9150,117.6000,5.583e-06
Metal1,159.6850,141.1200,Metal1,159.9150,141.1200,5.411e-11
Metal1,159.6850,164.6400,Metal1,159.9150,164.6400,6.813e-06
Metal1,159.6850,172.4800,Metal1,159.9150,172.4800,7.494e-09
Metal1,159.6850,203.8400,Metal1,159.9050,204.4050,2.763e-12
Metal1,159.6850,211.6800,Metal1,159.9150,211.6800,4.018e-10
Metal1,159.8450,156.8000,Metal1,160.0750,156.8000,6.920e-06
Metal1,159.8500,188.1600,Metal1,160.0800,188.1600,4.335e-08
Metal1,159.9050,204.4050,Metal1,159.9150,203.3475,2.761e-12
Metal1,159.9150,15.6800,Metal1,160.8050,15.6800,1.537e-12
Metal1,159.9150,23.5200,Metal1,161.3650,23.5200,7.269e-13
Metal1,159.9150,31.3600,Metal1,161.3650,31.3600,7.310e-13
Metal1,159.9150,39.2000,Metal1,161.3650,39.2000,7.310e-13
Metal1,159.9150,47.0400,Metal1,161.3650,47.0400,7.024e-13
Metal1,159.9150,54.8800,Metal1,161.3650,54.8800,7.269e-13
Metal1,159.9150,62.7200,Metal1,161.3650,62.7200,7.228e-13
Metal1,159.9150,70.5600,Metal1,161.3650,70.5600,7.228e-13
Metal1,159.9150,78.4000,Metal1,161.3650,78.4000,6.248e-13
Metal1,159.9150,86.2400,Metal1,161.3650,86.2400,7.269e-13
Metal1,159.9150,94.0800,Metal1,161.9250,94.0800,4.713e-14
Metal1,159.9150,101.9200,Metal1,160.8050,101.9200,1.994e-11
Metal1,159.9150,109.7600,Metal1,161.9250,109.7600,4.582e-09
Metal1,159.9150,117.6000,Metal1,161.9250,117.6000,3.679e-08
Metal1,159.9150,141.1200,Metal1,161.9250,141.1200,2.622e-12
Metal1,159.9150,164.6400,Metal1,160.6650,164.6400,6.813e-06
Metal1,159.9150,172.4800,Metal1,160.9650,172.4800,1.045e-07
Metal1,159.9150,203.3475,Metal1,160.1350,203.8400,2.694e-08
Metal1,159.9150,211.6800,Metal1,161.9250,211.6800,1.014e-11
Metal1,160.0750,156.8000,Metal1,160.8050,156.8000,6.920e-06
Metal1,160.0800,188.1600,Metal1,160.2450,188.1600,4.335e-08
Metal1,160.1350,203.8400,Metal1,161.6450,203.8400,2.694e-08
Metal1,160.2450,188.1600,Metal1,160.4750,188.1600,1.277e-07
Metal1,160.4050,148.9600,Metal1,160.6350,148.9600,5.455e-08
Metal1,160.4650,125.4400,Metal1,160.6950,125.4400,5.051e-06
Metal1,160.4750,188.1600,Metal1,161.8900,188.1600,1.306e-09
Metal1,160.6350,148.9600,Metal1,161.9250,148.9600,5.581e-10
Metal1,160.6650,164.6400,Metal1,160.8950,164.6400,4.897e-06
Metal1,160.6950,125.4400,Metal1,160.8050,125.4400,5.051e-06
Metal1,160.8050,15.6800,Metal1,161.0350,15.6800,1.410e-12
Metal1,160.8050,101.9200,Metal1,161.0350,101.9200,1.819e-11
Metal1,160.8050,125.4400,Metal1,161.0350,125.4400,8.111e-07
Metal1,160.8050,156.8000,Metal1,161.0350,156.8000,5.887e-06
Metal1,160.8050,219.5200,Metal1,161.0350,219.5200,3.011e-09
Metal1,160.8950,164.6400,Metal1,161.9250,164.6400,4.897e-06
Metal1,160.9650,172.4800,Metal1,161.1950,172.4800,1.252e-07
Metal1,161.0350,15.6800,Metal1,161.9250,15.6800,1.404e-12
Metal1,161.0350,101.9200,Metal1,161.9250,101.9200,1.819e-11
Metal1,161.0350,125.4400,Metal1,162.2050,125.4400,8.111e-07
Metal1,161.0350,156.8000,Metal1,161.9850,156.8000,5.887e-06
Metal1,161.0350,219.5200,Metal1,163.0450,219.5200,3.011e-09
Metal1,161.1950,172.4800,Metal1,161.9250,172.4800,1.252e-07
Metal1,161.3650,23.5200,Metal1,161.5950,23.5200,2.524e-12
Metal1,161.3650,31.3600,Metal1,161.5950,31.3600,2.524e-12
Metal1,161.3650,39.2000,Metal1,161.5950,39.2000,2.450e-12
Metal1,161.3650,47.0400,Metal1,161.5950,47.0400,2.450e-12
Metal1,161.3650,54.8800,Metal1,161.5950,54.8800,2.524e-12
Metal1,161.3650,62.7200,Metal1,161.5950,62.7200,2.524e-12
Metal1,161.3650,70.5600,Metal1,161.5950,70.5600,2.450e-12
Metal1,161.3650,78.4000,Metal1,161.5950,78.4000,2.153e-12
Metal1,161.3650,86.2400,Metal1,161.5950,86.2400,2.524e-12
Metal1,161.3650,133.2800,Metal1,161.5950,133.2800,1.191e-07
Metal1,161.3650,180.3200,Metal1,161.5950,180.3200,4.382e-08
Metal1,161.5950,23.5200,Metal1,161.9250,23.5200,2.548e-12
Metal1,161.5950,31.3600,Metal1,161.9250,31.3600,2.566e-12
Metal1,161.5950,39.2000,Metal1,161.9250,39.2000,2.566e-12
Metal1,161.5950,47.0400,Metal1,161.9250,47.0400,2.458e-12
Metal1,161.5950,54.8800,Metal1,161.9250,54.8800,2.548e-12
Metal1,161.5950,62.7200,Metal1,161.9250,62.7200,2.548e-12
Metal1,161.5950,70.5600,Metal1,161.9250,70.5600,2.548e-12
Metal1,161.5950,78.4000,Metal1,161.9250,78.4000,2.171e-12
Metal1,161.5950,86.2400,Metal1,161.9250,86.2400,2.566e-12
Metal1,161.5950,133.2800,Metal1,162.7500,133.2800,1.191e-07
Metal1,161.5950,180.3200,Metal1,163.6050,180.3200,4.382e-08
Metal1,161.6450,203.8400,Metal1,161.8750,203.8400,1.158e-05
Metal1,161.8750,203.8400,Metal1,161.9250,203.8400,1.158e-05
Metal1,161.8900,188.1600,Metal1,162.1200,188.1600,1.522e-07
Metal1,161.9250,15.6800,Metal1,162.1550,15.6800,1.410e-12
Metal1,161.9250,23.5200,Metal1,162.1550,23.5200,6.681e-13
Metal1,161.9250,31.3600,Metal1,162.1550,31.3600,7.423e-13
Metal1,161.9250,39.2000,Metal1,162.1550,39.2000,6.681e-13
Metal1,161.9250,47.0400,Metal1,162.1550,47.0400,6.681e-13
Metal1,161.9250,54.8800,Metal1,162.1550,54.8800,7.423e-13
Metal1,161.9250,62.7200,Metal1,162.1550,62.7200,6.681e-13
Metal1,161.9250,70.5600,Metal1,162.1550,70.5600,7.423e-13
Metal1,161.9250,78.4000,Metal1,162.1550,78.4000,5.938e-13
Metal1,161.9250,86.2400,Metal1,162.1550,86.2400,6.681e-13
Metal1,161.9250,94.0800,Metal1,162.1550,94.0800,2.062e-11
Metal1,161.9250,101.9200,Metal1,162.1550,101.9200,1.811e-11
Metal1,161.9250,109.7600,Metal1,162.1550,109.7600,5.086e-09
Metal1,161.9250,117.6000,Metal1,162.1550,117.6000,1.799e-08
Metal1,161.9250,141.1200,Metal1,162.1550,141.1200,7.423e-10
Metal1,161.9250,148.9600,Metal1,162.1550,148.9600,5.455e-08
Metal1,161.9250,164.6400,Metal1,162.1550,164.6400,2.163e-06
Metal1,161.9250,172.4800,Metal1,162.1550,172.4800,1.189e-06
Metal1,161.9250,203.8400,Metal1,162.1550,203.8400,8.324e-07
Metal1,161.9250,211.6800,Metal1,162.1550,211.6800,7.768e-11
Metal1,161.9850,156.8000,Metal1,162.2150,156.8000,1.660e-07
Metal1,162.1200,188.1600,Metal1,162.4850,188.1600,1.522e-07
Metal1,162.1550,15.6800,Metal1,163.0450,15.6800,1.410e-12
Metal1,162.1550,23.5200,Metal1,163.6050,23.5200,6.820e-13
Metal1,162.1550,31.3600,Metal1,163.6050,31.3600,6.779e-13
Metal1,162.1550,39.2000,Metal1,163.6050,39.2000,6.820e-13
Metal1,162.1550,47.0400,Metal1,163.6050,47.0400,6.575e-13
Metal1,162.1550,54.8800,Metal1,163.6050,54.8800,6.779e-13
Metal1,162.1550,62.7200,Metal1,163.6050,62.7200,6.860e-13
Metal1,162.1550,70.5600,Metal1,163.6050,70.5600,6.779e-13
Metal1,162.1550,78.4000,Metal1,163.6050,78.4000,5.799e-13
Metal1,162.1550,86.2400,Metal1,163.6050,86.2400,6.860e-13
Metal1,162.1550,94.0800,Metal1,164.1650,94.0800,5.037e-13
Metal1,162.1550,101.9200,Metal1,163.0450,101.9200,1.813e-11
Metal1,162.1550,109.7600,Metal1,164.1650,109.7600,5.065e-09
Metal1,162.1550,117.6000,Metal1,164.1650,117.6000,1.797e-08
Metal1,162.1550,141.1200,Metal1,163.8250,141.1200,7.223e-10
Metal1,162.1550,148.9600,Metal1,162.5900,148.9600,5.455e-08
Metal1,162.1550,164.6400,Metal1,164.4700,164.6400,2.163e-06
Metal1,162.1550,172.4800,Metal1,164.1650,172.4800,5.137e-08
Metal1,162.1550,203.8400,Metal1,164.1650,203.8400,4.091e-08
Metal1,162.1550,211.6800,Metal1,164.1650,211.6800,5.669e-11
Metal1,162.2050,125.4400,Metal1,162.4350,125.4400,1.496e-06
Metal1,162.2150,156.8000,Metal1,163.0450,156.8000,2.625e-09
Metal1,162.4350,125.4400,Metal1,163.0450,125.4400,1.496e-06
Metal1,162.4850,188.1600,Metal1,162.6450,187.5950,1.233e-05
Metal1,162.5900,148.9600,Metal1,162.9300,148.9600,2.392e-09
Metal1,162.6450,187.5950,Metal1,162.7150,188.7050,1.233e-05
Metal1,162.7150,188.7050,Metal1,162.8750,188.1600,7.791e-08
Metal1,162.7500,133.2800,Metal1,163.0900,133.2800,3.531e-07
Metal1,162.8750,188.1600,Metal1,164.4700,188.1600,1.172e-05
Metal1,162.9300,148.9600,Metal1,164.4700,148.9600,8.546e-09
Metal1,163.0100,196.0000,Metal1,163.2400,196.0000,3.989e-09
Metal1,163.0450,15.6800,Metal1,163.2750,15.6800,0.000e+00
Metal1,163.0450,101.9200,Metal1,163.2750,101.9200,2.739e-11
Metal1,163.0450,125.4400,Metal1,163.2750,125.4400,5.425e-09
Metal1,163.0450,156.8000,Metal1,163.2750,156.8000,1.660e-07
Metal1,163.0450,219.5200,Metal1,163.2750,219.5200,2.165e-10
Metal1,163.0900,133.2800,Metal1,163.6050,133.2800,3.531e-07
Metal1,163.2400,196.0000,Metal1,163.3100,196.0000,3.989e-09
Metal1,163.2750,15.6800,Metal1,164.1650,15.6800,1.537e-12
Metal1,163.2750,101.9200,Metal1,164.1650,101.9200,1.752e-11
Metal1,163.2750,125.4400,Metal1,164.4700,125.4400,5.425e-09
Metal1,163.2750,156.8000,Metal1,164.4050,156.8000,3.069e-10
Metal1,163.2750,219.5200,Metal1,165.2850,219.5200,1.063e-11
Metal1,163.3100,196.0000,Metal1,163.6500,196.0000,7.195e-10
Metal1,163.6050,23.5200,Metal1,163.8350,23.5200,2.375e-12
Metal1,163.6050,31.3600,Metal1,163.8350,31.3600,2.375e-12
Metal1,163.6050,39.2000,Metal1,163.8350,39.2000,2.375e-12
Metal1,163.6050,47.0400,Metal1,163.8350,47.0400,2.301e-12
Metal1,163.6050,54.8800,Metal1,163.8350,54.8800,2.375e-12
Metal1,163.6050,62.7200,Metal1,163.8350,62.7200,2.375e-12
Metal1,163.6050,70.5600,Metal1,163.8350,70.5600,2.301e-12
Metal1,163.6050,78.4000,Metal1,163.8350,78.4000,2.004e-12
Metal1,163.6050,86.2400,Metal1,163.8350,86.2400,2.375e-12
Metal1,163.6050,133.2800,Metal1,163.8350,133.2800,1.298e-05
Metal1,163.6050,180.3200,Metal1,163.8350,180.3200,2.522e-06
Metal1,163.6500,196.0000,Metal1,164.4700,196.0000,1.193e-08
Metal1,163.8250,141.1200,Metal1,164.0550,141.1200,6.667e-08
Metal1,163.8350,23.5200,Metal1,164.1650,23.5200,2.386e-12
Metal1,163.8350,31.3600,Metal1,164.1650,31.3600,2.368e-12
Metal1,163.8350,39.2000,Metal1,164.1650,39.2000,2.386e-12
Metal1,163.8350,47.0400,Metal1,164.1650,47.0400,2.279e-12
Metal1,163.8350,54.8800,Metal1,164.1650,54.8800,2.386e-12
Metal1,163.8350,62.7200,Metal1,164.1650,62.7200,2.368e-12
Metal1,163.8350,70.5600,Metal1,164.1650,70.5600,2.386e-12
Metal1,163.8350,78.4000,Metal1,164.1650,78.4000,1.992e-12
Metal1,163.8350,86.2400,Metal1,164.1650,86.2400,2.386e-12
Metal1,163.8350,133.2800,Metal1,164.4700,133.2800,1.298e-05
Metal1,163.8350,180.3200,Metal1,163.8700,180.3200,2.522e-06
Metal1,163.8700,180.3200,Metal1,164.2100,180.3200,1.580e-05
Metal1,164.0550,141.1200,Metal1,164.4700,141.1200,6.667e-08
Metal1,164.1650,15.6800,Metal1,164.3950,15.6800,1.410e-12
Metal1,164.1650,23.5200,Metal1,164.3950,23.5200,1.069e-11
Metal1,164.1650,31.3600,Metal1,164.3950,31.3600,1.054e-11
Metal1,164.1650,39.2000,Metal1,164.3950,39.2000,1.061e-11
Metal1,164.1650,47.0400,Metal1,164.3950,47.0400,1.061e-11
Metal1,164.1650,54.8800,Metal1,164.3950,54.8800,1.061e-11
Metal1,164.1650,62.7200,Metal1,164.3950,62.7200,1.061e-11
Metal1,164.1650,70.5600,Metal1,164.3950,70.5600,1.061e-11
Metal1,164.1650,78.4000,Metal1,164.3950,78.4000,1.069e-11
Metal1,164.1650,86.2400,Metal1,164.3950,86.2400,1.061e-11
Metal1,164.1650,94.0800,Metal1,164.3950,94.0800,1.061e-11
Metal1,164.1650,101.9200,Metal1,164.3950,101.9200,1.069e-11
Metal1,164.1650,109.7600,Metal1,164.3950,109.7600,3.647e-09
Metal1,164.1650,117.6000,Metal1,164.3950,117.6000,7.690e-11
Metal1,164.1650,172.4800,Metal1,164.3950,172.4800,2.638e-09
Metal1,164.1650,203.8400,Metal1,164.3950,203.8400,1.158e-05
Metal1,164.1650,211.6800,Metal1,164.3950,211.6800,1.424e-08
Metal1,164.2100,180.3200,Metal1,164.4700,180.3200,1.580e-05
Metal1,164.3950,15.6800,Metal1,165.2850,15.6800,1.397e-12
Metal1,164.3950,23.5200,Metal1,164.4700,23.5200,1.058e-11
Metal1,164.3950,31.3600,Metal1,164.4700,31.3600,1.058e-11
Metal1,164.3950,39.2000,Metal1,164.4700,39.2000,1.058e-11
Metal1,164.3950,47.0400,Metal1,164.4700,47.0400,1.058e-11
Metal1,164.3950,54.8800,Metal1,164.4700,54.8800,1.058e-11
Metal1,164.3950,62.7200,Metal1,164.4700,62.7200,1.058e-11
Metal1,164.3950,70.5600,Metal1,164.4700,70.5600,1.058e-11
Metal1,164.3950,78.4000,Metal1,164.4700,78.4000,1.058e-11
Metal1,164.3950,86.2400,Metal1,164.4700,86.2400,1.058e-11
Metal1,164.3950,94.0800,Metal1,164.4700,94.0800,1.058e-11
Metal1,164.3950,101.9200,Metal1,164.4700,101.9200,1.066e-11
Metal1,164.3950,109.7600,Metal1,164.4700,109.7600,3.647e-09
Metal1,164.3950,117.6000,Metal1,164.4700,117.6000,7.690e-11
Metal1,164.3950,172.4800,Metal1,164.4700,172.4800,2.638e-09
Metal1,164.3950,203.8400,Metal1,164.4700,203.8400,1.158e-05
Metal1,164.3950,211.6800,Metal1,164.4700,211.6800,1.424e-08
Metal1,164.4050,156.8000,Metal1,164.4700,157.0850,3.069e-10
Metal1,164.4700,23.5200,Metal1,164.8100,23.5200,7.976e-13
Metal1,164.4700,31.3600,Metal1,164.8100,31.3600,7.312e-13
Metal1,164.4700,39.2000,Metal1,164.8100,39.2000,7.312e-13
Metal1,164.4700,47.0400,Metal1,164.8100,47.0400,7.312e-13
Metal1,164.4700,54.8800,Metal1,164.8100,54.8800,6.647e-13
Metal1,164.4700,62.7200,Metal1,164.8100,62.7200,7.312e-13
Metal1,164.4700,70.5600,Metal1,164.8100,70.5600,7.312e-13
Metal1,164.4700,78.4000,Metal1,164.8100,78.4000,7.312e-13
Metal1,164.4700,86.2400,Metal1,164.8100,86.2400,7.312e-13
Metal1,164.4700,94.0800,Metal1,164.8100,94.0800,6.647e-13
Metal1,164.4700,101.9200,Metal1,164.8100,101.9200,6.647e-13
Metal1,164.4700,109.7600,Metal1,164.8100,109.7600,3.636e-09
Metal1,164.4700,117.6000,Metal1,164.8100,117.6000,6.560e-11
Metal1,164.4700,125.4400,Metal1,164.8100,125.4400,5.414e-09
Metal1,164.4700,133.2800,Metal1,164.8100,133.2800,1.298e-05
Metal1,164.4700,141.1200,Metal1,164.8100,141.1200,6.666e-08
Metal1,164.4700,148.9600,Metal1,164.8100,148.9600,8.535e-09
Metal1,164.4700,157.0850,Metal1,164.6350,155.9550,7.715e-09
Metal1,164.4700,164.6400,Metal1,164.8100,164.6400,2.163e-06
Metal1,164.4700,172.4800,Metal1,164.8100,172.4800,2.626e-09
Metal1,164.4700,180.3200,Metal1,164.8100,180.3200,1.580e-05
Metal1,164.4700,188.1600,Metal1,164.8100,188.1600,1.172e-05
Metal1,164.4700,196.0000,Metal1,164.8100,196.0000,1.193e-08
Metal1,164.4700,203.8400,Metal1,164.8100,203.8400,1.158e-05
Metal1,164.4700,211.6800,Metal1,164.8100,211.6800,1.423e-08
Metal1,164.6350,155.9550,Metal1,164.8100,156.8000,7.705e-09
Metal1,164.8100,23.5200,Metal1,166.4050,23.5200,7.128e-13
Metal1,164.8100,31.3600,Metal1,166.4050,31.3600,7.091e-13
Metal1,164.8100,39.2000,Metal1,166.4050,39.2000,7.091e-13
Metal1,164.8100,47.0400,Metal1,166.4050,47.0400,6.942e-13
Metal1,164.8100,54.8800,Metal1,166.4050,54.8800,6.979e-13
Metal1,164.8100,62.7200,Metal1,166.4050,62.7200,6.979e-13
Metal1,164.8100,70.5600,Metal1,166.4050,70.5600,6.979e-13
Metal1,164.8100,78.4000,Metal1,166.4050,78.4000,7.016e-13
Metal1,164.8100,86.2400,Metal1,166.4050,86.2400,7.016e-13
Metal1,164.8100,94.0800,Metal1,166.4050,94.0800,7.016e-13
Metal1,164.8100,101.9200,Metal1,166.4050,101.9200,6.274e-13
Metal1,164.8100,109.7600,Metal1,166.4050,109.7600,3.626e-09
Metal1,164.8100,117.6000,Metal1,166.4050,117.6000,6.564e-11
Metal1,164.8100,125.4400,Metal1,165.2850,125.4400,5.414e-09
Metal1,164.8100,133.2800,Metal1,166.9650,133.2800,7.984e-08
Metal1,164.8100,141.1200,Metal1,165.5650,141.1200,6.666e-08
Metal1,164.8100,148.9600,Metal1,164.8850,148.9600,8.535e-09
Metal1,164.8100,156.8000,Metal1,166.6450,156.8000,7.705e-09
Metal1,164.8100,164.6400,Metal1,164.9900,164.6400,2.163e-06
Metal1,164.8100,172.4800,Metal1,166.4050,172.4800,2.626e-09
Metal1,164.8100,180.3200,Metal1,166.9650,180.3200,9.717e-08
Metal1,164.8100,188.1600,Metal1,166.9650,188.1600,7.204e-08
Metal1,164.8100,196.0000,Metal1,166.9650,196.0000,1.193e-08
Metal1,164.8100,203.8400,Metal1,166.9650,203.8400,1.158e-05
Metal1,164.8100,211.6800,Metal1,166.4050,211.6800,1.423e-08
Metal1,164.8850,148.9600,Metal1,165.1150,148.9600,2.199e-06
Metal1,164.9900,164.6400,Metal1,165.3300,164.6400,9.775e-08
Metal1,165.1150,148.9600,Metal1,166.9650,148.9600,2.199e-06
Metal1,165.2850,15.6800,Metal1,165.5150,15.6800,1.410e-12
Metal1,165.2850,125.4400,Metal1,165.5150,125.4400,1.032e-08
Metal1,165.2850,219.5200,Metal1,165.5150,219.5200,3.010e-09
Metal1,165.3300,164.6400,Metal1,166.9650,164.6400,5.152e-10
Metal1,165.5150,15.6800,Metal1,166.4050,15.6800,1.397e-12
Metal1,165.5150,125.4400,Metal1,167.1250,125.4400,1.030e-08
Metal1,165.5150,219.5200,Metal1,167.5250,219.5200,3.010e-09
Metal1,165.5650,141.1200,Metal1,165.7950,141.1200,1.359e-05
Metal1,165.7950,141.1200,Metal1,166.9650,141.1200,1.359e-05
Metal1,166.4050,15.6800,Metal1,166.6350,15.6800,1.410e-12
Metal1,166.4050,23.5200,Metal1,166.6350,23.5200,7.839e-11
Metal1,166.4050,31.3600,Metal1,166.6350,31.3600,7.957e-11
Metal1,166.4050,39.2000,Metal1,166.6350,39.2000,7.891e-11
Metal1,166.4050,47.0400,Metal1,166.6350,47.0400,8.180e-11
Metal1,166.4050,54.8800,Metal1,166.6350,54.8800,8.180e-11
Metal1,166.4050,62.7200,Metal1,166.6350,62.7200,8.217e-11
Metal1,166.4050,70.5600,Metal1,166.6350,70.5600,8.128e-11
Metal1,166.4050,78.4000,Metal1,166.6350,78.4000,7.987e-11
Metal1,166.4050,86.2400,Metal1,166.6350,86.2400,8.046e-11
Metal1,166.4050,94.0800,Metal1,166.6350,94.0800,8.032e-11
Metal1,166.4050,101.9200,Metal1,166.6350,101.9200,8.143e-11
Metal1,166.4050,109.7600,Metal1,166.6350,109.7600,1.003e-06
Metal1,166.4050,117.6000,Metal1,166.6350,117.6000,5.433e-10
Metal1,166.4050,172.4800,Metal1,166.6350,172.4800,7.813e-07
Metal1,166.4050,211.6800,Metal1,166.6350,211.6800,3.953e-06
Metal1,166.6350,15.6800,Metal1,167.5250,15.6800,1.417e-12
Metal1,166.6350,23.5200,Metal1,166.9650,23.5200,7.841e-11
Metal1,166.6350,31.3600,Metal1,166.9650,31.3600,7.954e-11
Metal1,166.6350,39.2000,Metal1,166.9650,39.2000,7.884e-11
Metal1,166.6350,47.0400,Metal1,166.9650,47.0400,8.184e-11
Metal1,166.6350,54.8800,Metal1,166.9650,54.8800,8.173e-11
Metal1,166.6350,62.7200,Metal1,166.9650,62.7200,8.211e-11
Metal1,166.6350,70.5600,Metal1,166.9650,70.5600,8.123e-11
Metal1,166.6350,78.4000,Metal1,166.9650,78.4000,7.992e-11
Metal1,166.6350,86.2400,Metal1,166.9650,86.2400,8.042e-11
Metal1,166.6350,94.0800,Metal1,166.9650,94.0800,8.040e-11
Metal1,166.6350,101.9200,Metal1,166.9650,101.9200,8.134e-11
Metal1,166.6350,109.7600,Metal1,168.1900,109.7600,1.003e-06
Metal1,166.6350,117.6000,Metal1,166.9650,117.6000,5.433e-10
Metal1,166.6350,172.4800,Metal1,166.9650,172.4800,7.813e-07
Metal1,166.6350,211.6800,Metal1,166.9650,211.6800,3.953e-06
Metal1,166.6450,156.8000,Metal1,166.8750,156.8000,1.024e-05
Metal1,166.8750,156.8000,Metal1,166.9650,156.8000,1.024e-05
Metal1,166.9650,23.5200,Metal1,167.1950,23.5200,2.093e-11
Metal1,166.9650,31.3600,Metal1,167.1950,31.3600,2.123e-11
Metal1,166.9650,39.2000,Metal1,167.1950,39.2000,2.108e-11
Metal1,166.9650,47.0400,Metal1,167.1950,47.0400,2.182e-11
Metal1,166.9650,54.8800,Metal1,167.1950,54.8800,2.182e-11
Metal1,166.9650,62.7200,Metal1,167.1950,62.7200,2.190e-11
Metal1,166.9650,70.5600,Metal1,167.1950,70.5600,2.167e-11
Metal1,166.9650,78.4000,Metal1,167.1950,78.4000,2.130e-11
Metal1,166.9650,86.2400,Metal1,167.1950,86.2400,2.145e-11
Metal1,166.9650,94.0800,Metal1,167.1950,94.0800,2.138e-11
Metal1,166.9650,101.9200,Metal1,167.1950,101.9200,2.175e-11
Metal1,166.9650,117.6000,Metal1,167.1950,117.6000,1.468e-10
Metal1,166.9650,133.2800,Metal1,167.1950,133.2800,1.298e-05
Metal1,166.9650,141.1200,Metal1,167.1950,141.1200,4.313e-08
Metal1,166.9650,148.9600,Metal1,167.1950,148.9600,2.337e-07
Metal1,166.9650,156.8000,Metal1,167.1950,156.8000,7.358e-07
Metal1,166.9650,164.6400,Metal1,167.1950,164.6400,3.704e-11
Metal1,166.9650,172.4800,Metal1,167.1950,172.4800,4.006e-08
Metal1,166.9650,180.3200,Metal1,167.1950,180.3200,1.580e-05
Metal1,166.9650,188.1600,Metal1,167.1950,188.1600,1.172e-05
Metal1,166.9650,196.0000,Metal1,167.1950,196.0000,1.466e-09
Metal1,166.9650,203.8400,Metal1,167.1950,203.8400,4.782e-07
Metal1,166.9650,211.6800,Metal1,167.1950,211.6800,2.027e-07
Metal1,167.1250,125.4400,Metal1,167.3550,125.4400,6.504e-08
Metal1,167.1950,23.5200,Metal1,168.6450,23.5200,2.092e-11
Metal1,167.1950,31.3600,Metal1,168.6450,31.3600,2.122e-11
Metal1,167.1950,39.2000,Metal1,168.6450,39.2000,2.103e-11
Metal1,167.1950,47.0400,Metal1,168.6450,47.0400,2.183e-11
Metal1,167.1950,54.8800,Metal1,168.6450,54.8800,2.181e-11
Metal1,167.1950,62.7200,Metal1,168.6450,62.7200,2.191e-11
Metal1,167.1950,70.5600,Metal1,168.6450,70.5600,2.168e-11
Metal1,167.1950,78.4000,Metal1,168.6450,78.4000,2.133e-11
Metal1,167.1950,86.2400,Metal1,168.6450,86.2400,2.146e-11
Metal1,167.1950,94.0800,Metal1,168.6450,94.0800,2.144e-11
Metal1,167.1950,101.9200,Metal1,168.6450,101.9200,2.170e-11
Metal1,167.1950,117.6000,Metal1,168.6450,117.6000,1.468e-10
Metal1,167.1950,133.2800,Metal1,168.6450,133.2800,1.298e-05
Metal1,167.1950,141.1200,Metal1,169.2050,141.1200,4.313e-08
Metal1,167.1950,148.9600,Metal1,167.5250,148.9600,1.065e-06
Metal1,167.1950,156.8000,Metal1,169.2050,156.8000,3.616e-08
Metal1,167.1950,164.6400,Metal1,169.2050,164.6400,1.791e-12
Metal1,167.1950,172.4800,Metal1,168.6450,172.4800,2.219e-07
Metal1,167.1950,180.3200,Metal1,169.3100,180.3200,1.580e-05
Metal1,167.1950,188.1600,Metal1,167.5250,188.1600,1.172e-05
Metal1,167.1950,196.0000,Metal1,168.3050,196.0000,3.240e-08
Metal1,167.1950,203.8400,Metal1,167.5300,203.8400,4.782e-07
Metal1,167.1950,211.6800,Metal1,168.6450,211.6800,1.122e-06
Metal1,167.3550,125.4400,Metal1,167.5250,125.4400,6.504e-08
Metal1,167.5250,15.6800,Metal1,167.7550,15.6800,2.227e-13
Metal1,167.5250,125.4400,Metal1,167.7550,125.4400,9.492e-08
Metal1,167.5250,148.9600,Metal1,167.7550,148.9600,5.875e-08
Metal1,167.5250,188.1600,Metal1,167.7550,188.1600,1.003e-06
Metal1,167.5250,219.5200,Metal1,167.7550,219.5200,9.496e-07
Metal1,167.5300,203.8400,Metal1,167.8700,203.8400,8.431e-08
Metal1,167.7550,15.6800,Metal1,168.6450,15.6800,2.195e-13
Metal1,167.7550,125.4400,Metal1,169.7650,125.4400,4.263e-09
Metal1,167.7550,148.9600,Metal1,169.2050,148.9600,2.441e-07
Metal1,167.7550,188.1600,Metal1,169.3100,188.1600,1.003e-06
Metal1,167.7550,219.5200,Metal1,169.7650,219.5200,6.258e-09
Metal1,167.8700,203.8400,Metal1,169.2050,203.8400,8.431e-08
Metal1,168.1900,109.7600,Metal1,168.5300,109.7600,5.856e-06
Metal1,168.3050,196.0000,Metal1,168.5350,196.0000,4.817e-08
Metal1,168.5300,109.7600,Metal1,168.6450,109.7600,5.856e-06
Metal1,168.5350,196.0000,Metal1,169.2050,196.0000,4.817e-08
Metal1,168.6450,15.6800,Metal1,168.8750,15.6800,2.401e-10
Metal1,168.6450,23.5200,Metal1,168.8750,23.5200,7.853e-11
Metal1,168.6450,31.3600,Metal1,168.8750,31.3600,7.957e-11
Metal1,168.6450,39.2000,Metal1,168.8750,39.2000,7.883e-11
Metal1,168.6450,47.0400,Metal1,168.8750,47.0400,8.195e-11
Metal1,168.6450,54.8800,Metal1,168.8750,54.8800,8.188e-11
Metal1,168.6450,62.7200,Metal1,168.8750,62.7200,8.217e-11
Metal1,168.6450,70.5600,Metal1,168.8750,70.5600,8.128e-11
Metal1,168.6450,78.4000,Metal1,168.8750,78.4000,8.002e-11
Metal1,168.6450,86.2400,Metal1,168.8750,86.2400,8.054e-11
Metal1,168.6450,94.0800,Metal1,168.8750,94.0800,8.046e-11
Metal1,168.6450,101.9200,Metal1,168.8750,101.9200,8.143e-11
Metal1,168.6450,109.7600,Metal1,168.8750,109.7600,1.178e-06
Metal1,168.6450,117.6000,Metal1,168.8750,117.6000,3.771e-11
Metal1,168.6450,133.2800,Metal1,168.8750,133.2800,2.149e-06
Metal1,168.6450,172.4800,Metal1,168.8750,172.4800,8.056e-07
Metal1,168.6450,211.6800,Metal1,168.8750,211.6800,4.076e-06
Metal1,168.8750,15.6800,Metal1,169.7650,15.6800,3.473e-12
Metal1,168.8750,23.5200,Metal1,169.2050,23.5200,7.843e-11
Metal1,168.8750,31.3600,Metal1,169.2050,31.3600,7.956e-11
Metal1,168.8750,39.2000,Metal1,169.2050,39.2000,7.888e-11
Metal1,168.8750,47.0400,Metal1,169.2050,47.0400,8.186e-11
Metal1,168.8750,54.8800,Metal1,169.2050,54.8800,8.180e-11
Metal1,168.8750,62.7200,Metal1,169.2050,62.7200,8.216e-11
Metal1,168.8750,70.5600,Metal1,169.2050,70.5600,8.126e-11
Metal1,168.8750,78.4000,Metal1,169.2050,78.4000,7.999e-11
Metal1,168.8750,86.2400,Metal1,169.2050,86.2400,8.042e-11
Metal1,168.8750,94.0800,Metal1,169.2050,94.0800,8.040e-11
Metal1,168.8750,101.9200,Metal1,169.2050,101.9200,8.135e-11
Metal1,168.8750,109.7600,Metal1,170.1850,109.7600,1.178e-06
Metal1,168.8750,117.6000,Metal1,169.2050,117.6000,6.725e-10
Metal1,168.8750,133.2800,Metal1,169.8700,133.2800,2.149e-06
Metal1,168.8750,172.4800,Metal1,169.2050,172.4800,8.056e-07
Metal1,168.8750,211.6800,Metal1,169.2050,211.6800,4.076e-06
Metal1,169.2050,23.5200,Metal1,169.4350,23.5200,8.908e-13
Metal1,169.2050,31.3600,Metal1,169.4350,31.3600,1.039e-12
Metal1,169.2050,39.2000,Metal1,169.4350,39.2000,1.039e-12
Metal1,169.2050,47.0400,Metal1,169.4350,47.0400,9.650e-13
Metal1,169.2050,54.8800,Metal1,169.4350,54.8800,8.908e-13
Metal1,169.2050,62.7200,Metal1,169.4350,62.7200,9.650e-13
Metal1,169.2050,70.5600,Metal1,169.4350,70.5600,1.039e-12
Metal1,169.2050,78.4000,Metal1,169.4350,78.4000,8.908e-13
Metal1,169.2050,86.2400,Metal1,169.4350,86.2400,1.039e-12
Metal1,169.2050,94.0800,Metal1,169.4350,94.0800,8.908e-13
Metal1,169.2050,101.9200,Metal1,169.4350,101.9200,1.039e-12
Metal1,169.2050,117.6000,Metal1,169.4350,117.6000,3.719e-11
Metal1,169.2050,141.1200,Metal1,169.4350,141.1200,1.357e-09
Metal1,169.2050,148.9600,Metal1,169.4350,148.9600,8.901e-07
Metal1,169.2050,156.8000,Metal1,169.4350,156.8000,3.317e-08
Metal1,169.2050,164.6400,Metal1,169.4350,164.6400,5.070e-10
Metal1,169.2050,172.4800,Metal1,169.4350,172.4800,1.809e-06
Metal1,169.2050,196.0000,Metal1,169.4350,196.0000,9.249e-08
Metal1,169.2050,203.8400,Metal1,169.4350,203.8400,3.772e-09
Metal1,169.2050,211.6800,Metal1,169.4350,211.6800,9.152e-06
Metal1,169.3100,180.3200,Metal1,169.6500,180.3200,1.968e-07
Metal1,169.3100,188.1600,Metal1,169.6500,188.1600,5.613e-06
Metal1,169.4350,23.5200,Metal1,170.8850,23.5200,9.311e-13
Metal1,169.4350,31.3600,Metal1,170.8850,31.3600,1.041e-12
Metal1,169.4350,39.2000,Metal1,170.8850,39.2000,1.013e-12
Metal1,169.4350,47.0400,Metal1,170.8850,47.0400,1.062e-12
Metal1,169.4350,54.8800,Metal1,170.8850,54.8800,1.054e-12
Metal1,169.4350,62.7200,Metal1,170.8850,62.7200,1.049e-12
Metal1,169.4350,70.5600,Metal1,170.8850,70.5600,1.049e-12
Metal1,169.4350,78.4000,Metal1,170.8850,78.4000,1.017e-12
Metal1,169.4350,86.2400,Metal1,170.8850,86.2400,1.041e-12
Metal1,169.4350,94.0800,Metal1,170.8850,94.0800,1.049e-12
Metal1,169.4350,101.9200,Metal1,170.8850,101.9200,1.049e-12
Metal1,169.4350,117.6000,Metal1,170.8850,117.6000,1.548e-10
Metal1,169.4350,141.1200,Metal1,171.4450,141.1200,4.560e-11
Metal1,169.4350,148.9600,Metal1,169.7650,148.9600,8.901e-07
Metal1,169.4350,156.8000,Metal1,171.4450,156.8000,3.316e-08
Metal1,169.4350,164.6400,Metal1,169.9850,164.6400,5.069e-10
Metal1,169.4350,172.4800,Metal1,170.8850,172.4800,3.398e-07
Metal1,169.4350,196.0000,Metal1,170.0450,196.0000,9.249e-08
Metal1,169.4350,203.8400,Metal1,171.4450,203.8400,3.164e-08
Metal1,169.4350,211.6800,Metal1,170.8850,211.6800,2.548e-09
Metal1,169.6500,180.3200,Metal1,169.7650,180.3200,1.968e-07
Metal1,169.6500,188.1600,Metal1,169.7650,188.1600,5.613e-06
Metal1,169.7650,15.6800,Metal1,169.9950,15.6800,2.300e-10
Metal1,169.7650,125.4400,Metal1,169.9950,125.4400,6.094e-09
Metal1,169.7650,148.9600,Metal1,169.9950,148.9600,2.199e-06
Metal1,169.7650,180.3200,Metal1,169.9950,180.3200,1.673e-08
Metal1,169.7650,188.1600,Metal1,169.9950,188.1600,3.157e-07
Metal1,169.7650,219.5200,Metal1,169.9950,219.5200,9.496e-07
Metal1,169.8700,133.2800,Metal1,170.2100,133.2800,2.664e-06
Metal1,169.9850,164.6400,Metal1,170.2150,164.6400,7.849e-08
Metal1,169.9950,15.6800,Metal1,170.8850,15.6800,2.200e-10
Metal1,169.9950,125.4400,Metal1,172.0050,125.4400,6.094e-09
Metal1,169.9950,148.9600,Metal1,171.4450,148.9600,2.004e-08
Metal1,169.9950,180.3200,Metal1,171.3050,180.3200,3.677e-08
Metal1,169.9950,188.1600,Metal1,171.3050,188.1600,1.204e-06
Metal1,169.9950,219.5200,Metal1,171.7500,219.5200,9.496e-07
Metal1,170.0450,196.0000,Metal1,170.2750,196.0000,1.521e-05
Metal1,170.1850,109.7600,Metal1,170.4150,109.7600,8.662e-09
Metal1,170.2100,133.2800,Metal1,170.8850,133.2800,2.664e-06
Metal1,170.2150,164.6400,Metal1,171.7250,164.6400,7.848e-08
Metal1,170.2750,196.0000,Metal1,172.6700,196.0000,1.521e-05
Metal1,170.4150,109.7600,Metal1,170.8850,109.7600,8.662e-09
Metal1,170.8850,15.6800,Metal1,171.1150,15.6800,6.532e-12
Metal1,170.8850,23.5200,Metal1,171.1150,23.5200,2.153e-12
Metal1,170.8850,31.3600,Metal1,171.1150,31.3600,2.524e-12
Metal1,170.8850,39.2000,Metal1,171.1150,39.2000,2.375e-12
Metal1,170.8850,47.0400,Metal1,171.1150,47.0400,2.598e-12
Metal1,170.8850,54.8800,Metal1,171.1150,54.8800,2.598e-12
Metal1,170.8850,62.7200,Metal1,171.1150,62.7200,2.524e-12
Metal1,170.8850,70.5600,Metal1,171.1150,70.5600,2.524e-12
Metal1,170.8850,78.4000,Metal1,171.1150,78.4000,2.375e-12
Metal1,170.8850,86.2400,Metal1,171.1150,86.2400,2.524e-12
Metal1,170.8850,94.0800,Metal1,171.1150,94.0800,2.524e-12
Metal1,170.8850,101.9200,Metal1,171.1150,101.9200,2.524e-12
Metal1,170.8850,109.7600,Metal1,171.1150,109.7600,2.798e-11
Metal1,170.8850,117.6000,Metal1,171.1150,117.6000,5.399e-10
Metal1,170.8850,133.2800,Metal1,171.1150,133.2800,2.095e-08
Metal1,170.8850,172.4800,Metal1,171.1150,172.4800,1.154e-06
Metal1,170.8850,211.6800,Metal1,171.1150,211.6800,2.797e-07
Metal1,171.1150,15.6800,Metal1,171.7500,15.6800,6.574e-12
Metal1,171.1150,23.5200,Metal1,171.4450,23.5200,2.171e-12
Metal1,171.1150,31.3600,Metal1,171.4450,31.3600,2.566e-12
Metal1,171.1150,39.2000,Metal1,171.4450,39.2000,2.458e-12
Metal1,171.1150,47.0400,Metal1,171.4450,47.0400,2.584e-12
Metal1,171.1150,54.8800,Metal1,171.4450,54.8800,2.548e-12
Metal1,171.1150,62.7200,Metal1,171.4450,62.7200,2.548e-12
Metal1,171.1150,70.5600,Metal1,171.4450,70.5600,2.548e-12
Metal1,171.1150,78.4000,Metal1,171.4450,78.4000,2.458e-12
Metal1,171.1150,86.2400,Metal1,171.4450,86.2400,2.530e-12
Metal1,171.1150,94.0800,Metal1,171.4450,94.0800,2.566e-12
Metal1,171.1150,101.9200,Metal1,171.4450,101.9200,2.548e-12
Metal1,171.1150,109.7600,Metal1,173.1250,109.7600,2.795e-11
Metal1,171.1150,117.6000,Metal1,171.4450,117.6000,5.399e-10
Metal1,171.1150,133.2800,Metal1,171.8650,133.2800,2.957e-06
Metal1,171.1150,172.4800,Metal1,171.4450,172.4800,1.154e-06
Metal1,171.1150,211.6800,Metal1,171.4450,211.6800,2.797e-07
Metal1,171.3050,180.3200,Metal1,171.5350,180.3200,7.829e-08
Metal1,171.3050,188.1600,Metal1,171.5350,188.1600,2.602e-06
Metal1,171.4450,23.5200,Metal1,171.6750,23.5200,5.938e-13
Metal1,171.4450,31.3600,Metal1,171.6750,31.3600,6.681e-13
Metal1,171.4450,39.2000,Metal1,171.6750,39.2000,6.681e-13
Metal1,171.4450,47.0400,Metal1,171.6750,47.0400,7.423e-13
Metal1,171.4450,54.8800,Metal1,171.6750,54.8800,7.423e-13
Metal1,171.4450,62.7200,Metal1,171.6750,62.7200,7.423e-13
Metal1,171.4450,70.5600,Metal1,171.6750,70.5600,6.681e-13
Metal1,171.4450,78.4000,Metal1,171.6750,78.4000,6.681e-13
Metal1,171.4450,86.2400,Metal1,171.6750,86.2400,7.423e-13
Metal1,171.4450,94.0800,Metal1,171.6750,94.0800,7.423e-13
Metal1,171.4450,101.9200,Metal1,171.6750,101.9200,6.681e-13
Metal1,171.4450,117.6000,Metal1,171.6750,117.6000,1.445e-10
Metal1,171.4450,141.1200,Metal1,171.6750,141.1200,5.418e-09
Metal1,171.4450,148.9600,Metal1,171.6750,148.9600,2.199e-06
Metal1,171.4450,156.8000,Metal1,171.6750,156.8000,6.445e-08
Metal1,171.4450,172.4800,Metal1,171.6750,172.4800,3.146e-07
Metal1,171.4450,203.8400,Metal1,171.6750,203.8400,2.603e-08
Metal1,171.4450,211.6800,Metal1,171.6750,211.6800,9.152e-06
Metal1,171.5350,180.3200,Metal1,172.0050,180.3200,7.829e-08
Metal1,171.5350,188.1600,Metal1,172.0050,188.1600,2.602e-06
Metal1,171.6750,23.5200,Metal1,173.1250,23.5200,5.921e-13
Metal1,171.6750,31.3600,Metal1,173.1250,31.3600,6.983e-13
Metal1,171.6750,39.2000,Metal1,173.1250,39.2000,6.656e-13
Metal1,171.6750,47.0400,Metal1,173.1250,47.0400,7.024e-13
Metal1,171.6750,54.8800,Metal1,173.1250,54.8800,6.942e-13
Metal1,171.6750,62.7200,Metal1,173.1250,62.7200,6.901e-13
Metal1,171.6750,70.5600,Metal1,173.1250,70.5600,6.942e-13
Metal1,171.6750,78.4000,Metal1,173.1250,78.4000,6.656e-13
Metal1,171.6750,86.2400,Metal1,173.1250,86.2400,6.942e-13
Metal1,171.6750,94.0800,Metal1,173.1250,94.0800,6.942e-13
Metal1,171.6750,101.9200,Metal1,173.1250,101.9200,6.942e-13
Metal1,171.6750,117.6000,Metal1,173.1250,117.6000,1.445e-10
Metal1,171.6750,141.1200,Metal1,173.6850,141.1200,3.567e-11
Metal1,171.6750,148.9600,Metal1,173.2900,148.9600,2.199e-06
Metal1,171.6750,156.8000,Metal1,172.5700,156.8000,8.669e-07
Metal1,171.6750,172.4800,Metal1,173.1250,172.4800,3.146e-07
Metal1,171.6750,203.8400,Metal1,173.6850,203.8400,2.603e-08
Metal1,171.6750,211.6800,Metal1,173.2900,211.6800,9.152e-06
Metal1,171.7250,164.6400,Metal1,171.9550,164.6400,1.896e-05
Metal1,171.7500,15.6800,Metal1,172.0900,15.6800,2.858e-12
Metal1,171.7500,219.5200,Metal1,172.0900,219.5200,9.496e-07
Metal1,171.8650,133.2800,Metal1,172.0950,133.2800,1.912e-06
Metal1,171.9550,164.6400,Metal1,173.1300,164.6400,1.896e-05
Metal1,172.0050,125.4400,Metal1,172.2350,125.4400,3.642e-10
Metal1,172.0050,180.3200,Metal1,172.2350,180.3200,8.176e-08
Metal1,172.0050,188.1600,Metal1,172.2350,188.1600,4.152e-09
Metal1,172.0900,15.6800,Metal1,173.1250,15.6800,2.872e-12
Metal1,172.0900,219.5200,Metal1,174.4050,219.5200,9.496e-07
Metal1,172.0950,133.2800,Metal1,173.1250,133.2800,1.912e-06
Metal1,172.2350,125.4400,Metal1,174.2450,125.4400,3.642e-10
Metal1,172.2350,180.3200,Metal1,174.2450,180.3200,5.388e-10
Metal1,172.2350,188.1600,Metal1,174.2450,188.1600,4.152e-09
Metal1,172.5700,156.8000,Metal1,172.9100,156.8000,8.540e-07
Metal1,172.6700,196.0000,Metal1,173.0100,196.0000,8.162e-08
Metal1,172.9100,156.8000,Metal1,173.6850,156.8000,8.540e-07
Metal1,173.0100,196.0000,Metal1,173.6850,196.0000,8.162e-08
Metal1,173.1250,15.6800,Metal1,173.3550,15.6800,3.192e-12
Metal1,173.1250,23.5200,Metal1,173.3550,23.5200,1.485e-13
Metal1,173.1250,31.3600,Metal1,173.3550,31.3600,1.485e-13
Metal1,173.1250,39.2000,Metal1,173.3550,39.2000,7.423e-14
Metal1,173.1250,47.0400,Metal1,173.3550,47.0400,1.485e-13
Metal1,173.1250,54.8800,Metal1,173.3550,54.8800,7.423e-14
Metal1,173.1250,62.7200,Metal1,173.3550,62.7200,1.485e-13
Metal1,173.1250,70.5600,Metal1,173.3550,70.5600,1.485e-13
Metal1,173.1250,78.4000,Metal1,173.3550,78.4000,1.485e-13
Metal1,173.1250,86.2400,Metal1,173.3550,86.2400,1.485e-13
Metal1,173.1250,94.0800,Metal1,173.3550,94.0800,1.485e-13
Metal1,173.1250,101.9200,Metal1,173.3550,101.9200,1.485e-13
Metal1,173.1250,109.7600,Metal1,173.3550,109.7600,1.561e-10
Metal1,173.1250,117.6000,Metal1,173.3550,117.6000,5.861e-10
Metal1,173.1250,133.2800,Metal1,173.3550,133.2800,4.400e-09
Metal1,173.1250,172.4800,Metal1,173.3550,172.4800,4.734e-08
Metal1,173.1300,164.6400,Metal1,173.4700,164.6400,7.421e-08
Metal1,173.2900,148.9600,Metal1,173.5200,148.9600,3.036e-07
Metal1,173.2900,211.6800,Metal1,173.5200,211.6800,1.253e-06
Metal1,173.3550,15.6800,Metal1,174.2450,15.6800,4.885e-11
Metal1,173.3550,23.5200,Metal1,173.6850,23.5200,2.709e-12
Metal1,173.3550,31.3600,Metal1,173.6850,31.3600,3.194e-12
Metal1,173.3550,39.2000,Metal1,173.6850,39.2000,3.068e-12
Metal1,173.3550,47.0400,Metal1,173.6850,47.0400,3.212e-12
Metal1,173.3550,54.8800,Metal1,173.6850,54.8800,3.212e-12
Metal1,173.3550,62.7200,Metal1,173.6850,62.7200,3.176e-12
Metal1,173.3550,70.5600,Metal1,173.6850,70.5600,3.194e-12
Metal1,173.3550,78.4000,Metal1,173.6850,78.4000,3.068e-12
Metal1,173.3550,86.2400,Metal1,173.6850,86.2400,3.194e-12
Metal1,173.3550,94.0800,Metal1,173.6850,94.0800,3.194e-12
Metal1,173.3550,101.9200,Metal1,173.6850,101.9200,3.176e-12
Metal1,173.3550,109.7600,Metal1,174.5100,109.7600,2.152e-09
Metal1,173.3550,117.6000,Metal1,173.6850,117.6000,5.862e-10
Metal1,173.3550,133.2800,Metal1,175.3650,133.2800,4.400e-09
Metal1,173.3550,172.4800,Metal1,175.3650,172.4800,9.795e-10
Metal1,173.4700,164.6400,Metal1,174.9700,164.6400,7.420e-08
Metal1,173.5200,148.9600,Metal1,175.3300,148.9600,6.549e-09
Metal1,173.5200,211.6800,Metal1,175.3300,211.6800,2.592e-08
Metal1,173.6850,23.5200,Metal1,173.9150,23.5200,1.485e-13
Metal1,173.6850,31.3600,Metal1,173.9150,31.3600,7.423e-14
Metal1,173.6850,39.2000,Metal1,173.9150,39.2000,2.227e-13
Metal1,173.6850,47.0400,Metal1,173.9150,47.0400,2.227e-13
Metal1,173.6850,54.8800,Metal1,173.9150,54.8800,7.423e-14
Metal1,173.6850,62.7200,Metal1,173.9150,62.7200,1.485e-13
Metal1,173.6850,70.5600,Metal1,173.9150,70.5600,1.485e-13
Metal1,173.6850,78.4000,Metal1,173.9150,78.4000,7.423e-14
Metal1,173.6850,86.2400,Metal1,173.9150,86.2400,2.227e-13
Metal1,173.6850,94.0800,Metal1,173.9150,94.0800,2.227e-13
Metal1,173.6850,101.9200,Metal1,173.9150,101.9200,1.485e-13
Metal1,173.6850,117.6000,Metal1,173.9150,117.6000,2.782e-09
Metal1,173.6850,141.1200,Metal1,173.9150,141.1200,4.831e-08
Metal1,173.6850,156.8000,Metal1,173.9150,156.8000,2.430e-08
Metal1,173.6850,196.0000,Metal1,173.9150,196.0000,8.872e-09
Metal1,173.6850,203.8400,Metal1,173.9150,203.8400,1.389e-06
Metal1,173.9150,23.5200,Metal1,175.3650,23.5200,6.166e-13
Metal1,173.9150,31.3600,Metal1,175.3650,31.3600,7.269e-13
Metal1,173.9150,39.2000,Metal1,175.3650,39.2000,7.065e-13
Metal1,173.9150,47.0400,Metal1,175.3650,47.0400,7.350e-13
Metal1,173.9150,54.8800,Metal1,175.3650,54.8800,7.269e-13
Metal1,173.9150,62.7200,Metal1,175.3650,62.7200,7.269e-13
Metal1,173.9150,70.5600,Metal1,175.3650,70.5600,7.310e-13
Metal1,173.9150,78.4000,Metal1,175.3650,78.4000,6.983e-13
Metal1,173.9150,86.2400,Metal1,175.3650,86.2400,7.350e-13
Metal1,173.9150,94.0800,Metal1,175.3650,94.0800,7.350e-13
Metal1,173.9150,101.9200,Metal1,175.3650,101.9200,7.269e-13
Metal1,173.9150,117.6000,Metal1,175.3650,117.6000,2.772e-09
Metal1,173.9150,141.1200,Metal1,174.4050,141.1200,4.409e-07
Metal1,173.9150,156.8000,Metal1,175.9250,156.8000,2.430e-08
Metal1,173.9150,196.0000,Metal1,174.6650,196.0000,4.228e-08
Metal1,173.9150,203.8400,Metal1,173.9500,203.8400,1.389e-06
Metal1,173.9500,203.8400,Metal1,174.2900,203.8400,7.505e-06
Metal1,174.2450,15.6800,Metal1,174.4750,15.6800,4.461e-11
Metal1,174.2450,125.4400,Metal1,174.4750,125.4400,2.195e-07
Metal1,174.2450,180.3200,Metal1,174.4750,180.3200,8.175e-08
Metal1,174.2450,188.1600,Metal1,174.4750,188.1600,1.293e-06
Metal1,174.2900,203.8400,Metal1,175.9250,203.8400,6.071e-08
Metal1,174.4050,141.1200,Metal1,174.6350,141.1200,1.902e-08
Metal1,174.4050,219.5200,Metal1,174.6350,219.5200,9.043e-08
Metal1,174.4750,15.6800,Metal1,175.3650,15.6800,4.453e-11
Metal1,174.4750,125.4400,Metal1,176.4850,125.4400,5.617e-09
Metal1,174.4750,180.3200,Metal1,174.9650,180.3200,8.175e-08
Metal1,174.4750,188.1600,Metal1,175.6300,188.1600,1.293e-06
Metal1,174.5100,109.7600,Metal1,174.8500,109.7600,1.178e-10
Metal1,174.6350,141.1200,Metal1,175.9250,141.1200,1.698e-07
Metal1,174.6350,219.5200,Metal1,179.2850,219.5200,3.389e-07
Metal1,174.6650,196.0000,Metal1,174.8950,196.0000,2.722e-08
Metal1,174.8500,109.7600,Metal1,175.3650,109.7600,4.759e-09
Metal1,174.8950,196.0000,Metal1,175.9250,196.0000,2.722e-08
Metal1,174.9650,180.3200,Metal1,175.1950,180.3200,1.152e-08
Metal1,174.9700,164.6400,Metal1,175.2000,164.6400,5.221e-09
Metal1,175.1950,180.3200,Metal1,175.6300,180.3200,1.152e-08
Metal1,175.2000,164.6400,Metal1,177.0100,164.6400,1.961e-10
Metal1,175.3300,148.9600,Metal1,175.5600,148.9600,3.916e-08
Metal1,175.3300,211.6800,Metal1,175.5600,211.6800,3.914e-07
Metal1,175.3650,15.6800,Metal1,175.5950,15.6800,4.491e-11
Metal1,175.3650,23.5200,Metal1,175.5950,23.5200,2.153e-12
Metal1,175.3650,31.3600,Metal1,175.5950,31.3600,2.524e-12
Metal1,175.3650,39.2000,Metal1,175.5950,39.2000,2.450e-12
Metal1,175.3650,47.0400,Metal1,175.5950,47.0400,2.524e-12
Metal1,175.3650,54.8800,Metal1,175.5950,54.8800,2.450e-12
Metal1,175.3650,62.7200,Metal1,175.5950,62.7200,2.598e-12
Metal1,175.3650,70.5600,Metal1,175.5950,70.5600,2.524e-12
Metal1,175.3650,78.4000,Metal1,175.5950,78.4000,2.450e-12
Metal1,175.3650,86.2400,Metal1,175.5950,86.2400,2.524e-12
Metal1,175.3650,94.0800,Metal1,175.5950,94.0800,2.598e-12
Metal1,175.3650,101.9200,Metal1,175.5950,101.9200,2.524e-12
Metal1,175.3650,109.7600,Metal1,175.5950,109.7600,9.501e-12
Metal1,175.3650,117.6000,Metal1,175.5950,117.6000,6.756e-07
Metal1,175.3650,133.2800,Metal1,175.5950,133.2800,3.300e-06
Metal1,175.3650,172.4800,Metal1,175.5950,172.4800,2.908e-09
Metal1,175.5600,148.9600,Metal1,176.4500,148.9600,3.916e-08
Metal1,175.5600,211.6800,Metal1,175.8900,211.6800,3.914e-07
Metal1,175.5950,15.6800,Metal1,176.4850,15.6800,4.487e-11
Metal1,175.5950,23.5200,Metal1,175.9250,23.5200,2.189e-12
Metal1,175.5950,31.3600,Metal1,175.9250,31.3600,2.566e-12
Metal1,175.5950,39.2000,Metal1,175.9250,39.2000,2.494e-12
Metal1,175.5950,47.0400,Metal1,175.9250,47.0400,2.584e-12
Metal1,175.5950,54.8800,Metal1,175.9250,54.8800,2.566e-12
Metal1,175.5950,62.7200,Metal1,175.9250,62.7200,2.548e-12
Metal1,175.5950,70.5600,Metal1,175.9250,70.5600,2.566e-12
Metal1,175.5950,78.4000,Metal1,175.9250,78.4000,2.458e-12
Metal1,175.5950,86.2400,Metal1,175.9250,86.2400,2.584e-12
Metal1,175.5950,94.0800,Metal1,175.9250,94.0800,2.566e-12
Metal1,175.5950,101.9200,Metal1,175.9250,101.9200,2.548e-12
Metal1,175.5950,109.7600,Metal1,177.6050,109.7600,9.571e-12
Metal1,175.5950,117.6000,Metal1,177.1500,117.6000,6.756e-07
Metal1,175.5950,133.2800,Metal1,176.1900,133.2800,3.300e-06
Metal1,175.5950,172.4800,Metal1,177.0100,172.4800,2.908e-09
Metal1,175.6300,180.3200,Metal1,175.9700,180.3200,2.327e-08
Metal1,175.6300,188.1600,Metal1,175.9700,188.1600,5.669e-08
Metal1,175.8900,211.6800,Metal1,176.1200,211.6800,8.787e-06
Metal1,175.9250,23.5200,Metal1,176.1550,23.5200,5.938e-13
Metal1,175.9250,31.3600,Metal1,176.1550,31.3600,6.681e-13
Metal1,175.9250,39.2000,Metal1,176.1550,39.2000,6.681e-13
Metal1,175.9250,47.0400,Metal1,176.1550,47.0400,7.423e-13
Metal1,175.9250,54.8800,Metal1,176.1550,54.8800,7.423e-13
Metal1,175.9250,62.7200,Metal1,176.1550,62.7200,7.423e-13
Metal1,175.9250,70.5600,Metal1,176.1550,70.5600,7.423e-13
Metal1,175.9250,78.4000,Metal1,176.1550,78.4000,6.681e-13
Metal1,175.9250,86.2400,Metal1,176.1550,86.2400,6.681e-13
Metal1,175.9250,94.0800,Metal1,176.1550,94.0800,7.423e-13
Metal1,175.9250,101.9200,Metal1,176.1550,101.9200,6.681e-13
Metal1,175.9250,141.1200,Metal1,176.1550,141.1200,5.088e-10
Metal1,175.9250,156.8000,Metal1,176.1550,156.8000,8.519e-06
Metal1,175.9250,196.0000,Metal1,176.1550,196.0000,1.211e-08
Metal1,175.9250,203.8400,Metal1,176.1550,203.8400,7.505e-06
Metal1,175.9700,180.3200,Metal1,178.4700,180.3200,9.061e-09
Metal1,175.9700,188.1600,Metal1,176.4850,188.1600,1.416e-08
Metal1,176.1200,211.6800,Metal1,177.6050,211.6800,8.787e-06
Metal1,176.1550,23.5200,Metal1,177.6050,23.5200,5.921e-13
Metal1,176.1550,31.3600,Metal1,177.6050,31.3600,6.901e-13
Metal1,176.1550,39.2000,Metal1,177.6050,39.2000,6.575e-13
Metal1,176.1550,47.0400,Metal1,177.6050,47.0400,6.901e-13
Metal1,176.1550,54.8800,Metal1,177.6050,54.8800,6.820e-13
Metal1,176.1550,62.7200,Metal1,177.6050,62.7200,6.901e-13
Metal1,176.1550,70.5600,Metal1,177.6050,70.5600,6.860e-13
Metal1,176.1550,78.4000,Metal1,177.6050,78.4000,6.575e-13
Metal1,176.1550,86.2400,Metal1,177.6050,86.2400,6.901e-13
Metal1,176.1550,94.0800,Metal1,177.6050,94.0800,6.860e-13
Metal1,176.1550,101.9200,Metal1,177.6050,101.9200,6.820e-13
Metal1,176.1550,141.1200,Metal1,178.1650,141.1200,5.186e-10
Metal1,176.1550,156.8000,Metal1,178.4700,156.8000,3.768e-08
Metal1,176.1550,196.0000,Metal1,178.4700,196.0000,1.208e-08
Metal1,176.1550,203.8400,Metal1,176.6450,203.8400,7.505e-06
Metal1,176.1900,133.2800,Metal1,176.5300,133.2800,1.651e-07
Metal1,176.4500,148.9600,Metal1,176.6800,148.9600,1.835e-06
Metal1,176.4850,15.6800,Metal1,176.7150,15.6800,3.711e-13
Metal1,176.4850,125.4400,Metal1,176.7150,125.4400,3.803e-09
Metal1,176.4850,188.1600,Metal1,176.7150,188.1600,9.614e-09
Metal1,176.5300,133.2800,Metal1,177.6050,133.2800,4.345e-09
Metal1,176.6450,203.8400,Metal1,176.8750,203.8400,9.594e-07
Metal1,176.6800,148.9600,Metal1,177.6050,148.9600,1.835e-06
Metal1,176.7150,15.6800,Metal1,177.6050,15.6800,4.905e-11
Metal1,176.7150,125.4400,Metal1,178.4700,125.4400,3.793e-09
Metal1,176.7150,188.1600,Metal1,178.4700,188.1600,9.604e-09
Metal1,176.8750,203.8400,Metal1,178.4700,203.8400,6.166e-06
Metal1,177.0100,164.6400,Metal1,177.2400,164.6400,4.840e-08
Metal1,177.0100,172.4800,Metal1,177.2400,172.4800,1.198e-08
Metal1,177.1500,117.6000,Metal1,177.4900,117.6000,3.940e-06
Metal1,177.2400,164.6400,Metal1,178.4700,164.6400,4.794e-08
Metal1,177.2400,172.4800,Metal1,177.6050,172.4800,1.198e-08
Metal1,177.4900,117.6000,Metal1,177.6050,117.6000,3.940e-06
Metal1,177.6050,15.6800,Metal1,177.8350,15.6800,1.321e-11
Metal1,177.6050,23.5200,Metal1,177.8350,23.5200,2.078e-12
Metal1,177.6050,31.3600,Metal1,177.8350,31.3600,2.450e-12
Metal1,177.6050,39.2000,Metal1,177.8350,39.2000,2.301e-12
Metal1,177.6050,47.0400,Metal1,177.8350,47.0400,2.375e-12
Metal1,177.6050,54.8800,Metal1,177.8350,54.8800,2.375e-12
Metal1,177.6050,62.7200,Metal1,177.8350,62.7200,2.375e-12
Metal1,177.6050,70.5600,Metal1,177.8350,70.5600,2.375e-12
Metal1,177.6050,78.4000,Metal1,177.8350,78.4000,2.227e-12
Metal1,177.6050,86.2400,Metal1,177.8350,86.2400,2.301e-12
Metal1,177.6050,94.0800,Metal1,177.8350,94.0800,2.301e-12
Metal1,177.6050,101.9200,Metal1,177.8350,101.9200,2.375e-12
Metal1,177.6050,109.7600,Metal1,177.8350,109.7600,1.741e-09
Metal1,177.6050,117.6000,Metal1,177.8350,117.6000,9.664e-07
Metal1,177.6050,133.2800,Metal1,177.8350,133.2800,3.546e-07
Metal1,177.6050,148.9600,Metal1,177.8350,148.9600,1.319e-07
Metal1,177.6050,172.4800,Metal1,177.8350,172.4800,1.470e-06
Metal1,177.6050,211.6800,Metal1,177.8350,211.6800,3.165e-08
Metal1,177.8350,15.6800,Metal1,178.4700,15.6800,1.314e-11
Metal1,177.8350,23.5200,Metal1,178.1650,23.5200,1.992e-12
Metal1,177.8350,31.3600,Metal1,178.1650,31.3600,2.386e-12
Metal1,177.8350,39.2000,Metal1,178.1650,39.2000,2.279e-12
Metal1,177.8350,47.0400,Metal1,178.1650,47.0400,2.422e-12
Metal1,177.8350,54.8800,Metal1,178.1650,54.8800,2.404e-12
Metal1,177.8350,62.7200,Metal1,178.1650,62.7200,2.386e-12
Metal1,177.8350,70.5600,Metal1,178.1650,70.5600,2.422e-12
Metal1,177.8350,78.4000,Metal1,178.1650,78.4000,2.297e-12
Metal1,177.8350,86.2400,Metal1,178.1650,86.2400,2.404e-12
Metal1,177.8350,94.0800,Metal1,178.1650,94.0800,2.404e-12
Metal1,177.8350,101.9200,Metal1,178.1650,101.9200,2.386e-12
Metal1,177.8350,109.7600,Metal1,178.4700,109.7600,1.741e-09
Metal1,177.8350,117.6000,Metal1,178.4700,117.6000,9.664e-07
Metal1,177.8350,133.2800,Metal1,178.4700,133.2800,3.546e-07
Metal1,177.8350,148.9600,Metal1,178.4700,148.9600,7.403e-09
Metal1,177.8350,172.4800,Metal1,178.4700,172.4800,1.470e-06
Metal1,177.8350,211.6800,Metal1,178.4700,211.6800,3.165e-08
Metal1,178.1650,23.5200,Metal1,178.3950,23.5200,1.061e-11
Metal1,178.1650,31.3600,Metal1,178.3950,31.3600,1.054e-11
Metal1,178.1650,39.2000,Metal1,178.3950,39.2000,1.054e-11
Metal1,178.1650,47.0400,Metal1,178.3950,47.0400,1.054e-11
Metal1,178.1650,54.8800,Metal1,178.3950,54.8800,1.054e-11
Metal1,178.1650,62.7200,Metal1,178.3950,62.7200,1.061e-11
Metal1,178.1650,70.5600,Metal1,178.3950,70.5600,1.054e-11
Metal1,178.1650,78.4000,Metal1,178.3950,78.4000,1.054e-11
Metal1,178.1650,86.2400,Metal1,178.3950,86.2400,1.054e-11
Metal1,178.1650,94.0800,Metal1,178.3950,94.0800,1.054e-11
Metal1,178.1650,101.9200,Metal1,178.3950,101.9200,1.054e-11
Metal1,178.1650,141.1200,Metal1,178.3950,141.1200,6.339e-09
Metal1,178.3950,23.5200,Metal1,178.4700,23.5200,1.058e-11
Metal1,178.3950,31.3600,Metal1,178.4700,31.3600,1.050e-11
Metal1,178.3950,39.2000,Metal1,178.4700,39.2000,1.050e-11
Metal1,178.3950,47.0400,Metal1,178.4700,47.0400,1.050e-11
Metal1,178.3950,54.8800,Metal1,178.4700,54.8800,1.058e-11
Metal1,178.3950,62.7200,Metal1,178.4700,62.7200,1.050e-11
Metal1,178.3950,70.5600,Metal1,178.4700,70.5600,1.058e-11
Metal1,178.3950,78.4000,Metal1,178.4700,78.4000,1.050e-11
Metal1,178.3950,86.2400,Metal1,178.4700,86.2400,1.050e-11
Metal1,178.3950,94.0800,Metal1,178.4700,94.0800,1.050e-11
Metal1,178.3950,101.9200,Metal1,178.4700,101.9200,1.050e-11
Metal1,178.3950,141.1200,Metal1,178.4700,141.1200,6.339e-09
Metal1,178.4700,15.6800,Metal1,178.7250,16.5250,2.895e-12
Metal1,178.4700,23.5200,Metal1,178.8100,23.5200,7.976e-13
Metal1,178.4700,31.3600,Metal1,178.8100,31.3600,7.312e-13
Metal1,178.4700,39.2000,Metal1,178.8100,39.2000,7.312e-13
Metal1,178.4700,47.0400,Metal1,178.8100,47.0400,7.312e-13
Metal1,178.4700,54.8800,Metal1,178.8100,54.8800,7.976e-13
Metal1,178.4700,62.7200,Metal1,178.8100,62.7200,7.976e-13
Metal1,178.4700,70.5600,Metal1,178.8100,70.5600,7.976e-13
Metal1,178.4700,78.4000,Metal1,178.8100,78.4000,7.312e-13
Metal1,178.4700,86.2400,Metal1,178.8100,86.2400,7.312e-13
Metal1,178.4700,94.0800,Metal1,178.8100,94.0800,7.312e-13
Metal1,178.4700,101.9200,Metal1,178.8100,101.9200,7.976e-13
Metal1,178.4700,109.7600,Metal1,178.8100,109.7600,1.732e-09
Metal1,178.4700,117.6000,Metal1,178.8100,117.6000,9.664e-07
Metal1,178.4700,125.4400,Metal1,178.7250,126.2850,3.783e-09
Metal1,178.4700,133.2800,Metal1,178.8100,133.2800,3.546e-07
Metal1,178.4700,141.1200,Metal1,178.8100,141.1200,6.328e-09
Metal1,178.4700,148.9600,Metal1,178.8100,148.9600,7.393e-09
Metal1,178.4700,156.8000,Metal1,178.8100,156.8000,3.767e-08
Metal1,178.4700,164.6400,Metal1,178.8100,164.6400,4.793e-08
Metal1,178.4700,172.4800,Metal1,178.8100,172.4800,1.470e-06
Metal1,178.4700,180.3200,Metal1,178.8100,180.3200,9.052e-09
Metal1,178.4700,188.1600,Metal1,178.8100,188.1600,9.593e-09
Metal1,178.4700,196.0000,Metal1,178.8100,196.0000,1.207e-08
Metal1,178.4700,203.8400,Metal1,178.8100,203.8400,6.166e-06
Metal1,178.4700,211.6800,Metal1,178.8100,211.6800,3.164e-08
Metal1,178.7250,16.5250,Metal1,178.8100,15.1150,2.894e-12
Metal1,178.7250,126.2850,Metal1,178.8100,124.8750,3.783e-09
Metal1,178.8100,15.1150,Metal1,178.9550,15.6800,2.811e-13
Metal1,178.8100,23.5200,Metal1,180.4050,23.5200,7.685e-13
Metal1,178.8100,31.3600,Metal1,180.4050,31.3600,7.685e-13
Metal1,178.8100,39.2000,Metal1,180.4050,39.2000,7.647e-13
Metal1,178.8100,47.0400,Metal1,180.4050,47.0400,7.647e-13
Metal1,178.8100,54.8800,Metal1,180.4050,54.8800,7.610e-13
Metal1,178.8100,62.7200,Metal1,180.4050,62.7200,7.610e-13
Metal1,178.8100,70.5600,Metal1,180.4050,70.5600,7.536e-13
Metal1,178.8100,78.4000,Metal1,180.4050,78.4000,7.647e-13
Metal1,178.8100,86.2400,Metal1,180.4050,86.2400,7.722e-13
Metal1,178.8100,94.0800,Metal1,180.4050,94.0800,7.685e-13
Metal1,178.8100,101.9200,Metal1,180.4050,101.9200,7.573e-13
Metal1,178.8100,109.7600,Metal1,179.5050,109.7600,1.732e-09
Metal1,178.8100,117.6000,Metal1,179.1450,117.6000,9.664e-07
Metal1,178.8100,124.8750,Metal1,178.9550,125.4400,5.888e-06
Metal1,178.8100,133.2800,Metal1,180.9650,133.2800,3.546e-07
Metal1,178.8100,141.1200,Metal1,180.4050,141.1200,6.328e-09
Metal1,178.8100,148.9600,Metal1,179.8450,148.9600,7.393e-09
Metal1,178.8100,156.8000,Metal1,178.9900,156.8000,3.767e-08
Metal1,178.8100,164.6400,Metal1,179.5500,164.6400,4.793e-08
Metal1,178.8100,172.4800,Metal1,179.8450,172.4800,1.470e-06
Metal1,178.8100,180.3200,Metal1,180.6250,180.3200,9.052e-09
Metal1,178.8100,188.1600,Metal1,180.6250,188.1600,9.593e-09
Metal1,178.8100,196.0000,Metal1,178.9900,196.0000,1.207e-08
Metal1,178.8100,203.8400,Metal1,180.9650,203.8400,6.166e-06
Metal1,178.8100,211.6800,Metal1,179.8450,211.6800,3.164e-08
Metal1,178.9550,15.6800,Metal1,180.9650,15.6800,2.857e-13
Metal1,178.9550,125.4400,Metal1,181.5300,125.4400,5.888e-06
Metal1,178.9900,156.8000,Metal1,179.3300,156.8000,6.160e-06
Metal1,178.9900,196.0000,Metal1,179.3300,196.0000,2.075e-08
Metal1,179.1450,117.6000,Metal1,179.3750,117.6000,3.640e-09
Metal1,179.2850,219.5200,Metal1,179.5150,219.5200,2.435e-08
Metal1,179.3300,156.8000,Metal1,180.9650,156.8000,6.160e-06
Metal1,179.3300,196.0000,Metal1,180.9650,196.0000,4.472e-07
Metal1,179.3750,117.6000,Metal1,180.9650,117.6000,3.023e-11
Metal1,179.5050,109.7600,Metal1,179.7350,109.7600,1.679e-08
Metal1,179.5150,219.5200,Metal1,181.5250,219.5200,1.197e-09
Metal1,179.5500,164.6400,Metal1,179.8900,164.6400,1.485e-05
Metal1,179.7350,109.7600,Metal1,180.9650,109.7600,1.800e-10
Metal1,179.8450,148.9600,Metal1,180.0750,148.9600,1.835e-06
Metal1,179.8450,172.4800,Metal1,180.0750,172.4800,1.339e-07
Metal1,179.8450,211.6800,Metal1,180.0750,211.6800,3.379e-09
Metal1,179.8900,164.6400,Metal1,180.9650,164.6400,1.820e-07
Metal1,180.0750,148.9600,Metal1,180.5650,148.9600,1.835e-06
Metal1,180.0750,172.4800,Metal1,180.9650,172.4800,4.000e-07
Metal1,180.0750,211.6800,Metal1,180.9650,211.6800,1.555e-08
Metal1,180.4050,23.5200,Metal1,180.6350,23.5200,6.391e-11
Metal1,180.4050,31.3600,Metal1,180.6350,31.3600,6.332e-11
Metal1,180.4050,39.2000,Metal1,180.6350,39.2000,6.376e-11
Metal1,180.4050,47.0400,Metal1,180.6350,47.0400,6.458e-11
Metal1,180.4050,54.8800,Metal1,180.6350,54.8800,6.451e-11
Metal1,180.4050,62.7200,Metal1,180.6350,62.7200,6.599e-11
Metal1,180.4050,70.5600,Metal1,180.6350,70.5600,6.510e-11
Metal1,180.4050,78.4000,Metal1,180.6350,78.4000,6.376e-11
Metal1,180.4050,86.2400,Metal1,180.6350,86.2400,6.324e-11
Metal1,180.4050,94.0800,Metal1,180.6350,94.0800,6.347e-11
Metal1,180.4050,101.9200,Metal1,180.6350,101.9200,6.517e-11
Metal1,180.4050,141.1200,Metal1,180.5100,140.5550,6.328e-09
Metal1,180.5100,140.5550,Metal1,180.6350,141.4650,4.823e-06
Metal1,180.5650,148.9600,Metal1,180.7950,148.9600,1.245e-07
Metal1,180.6250,180.3200,Metal1,180.8550,180.3200,6.495e-06
Metal1,180.6250,188.1600,Metal1,180.8550,188.1600,4.228e-06
Metal1,180.6350,23.5200,Metal1,180.9650,23.5200,6.390e-11
Metal1,180.6350,31.3600,Metal1,180.9650,31.3600,6.337e-11
Metal1,180.6350,39.2000,Metal1,180.9650,39.2000,6.373e-11
Metal1,180.6350,47.0400,Metal1,180.9650,47.0400,6.456e-11
Metal1,180.6350,54.8800,Metal1,180.9650,54.8800,6.449e-11
Metal1,180.6350,62.7200,Metal1,180.9650,62.7200,6.594e-11
Metal1,180.6350,70.5600,Metal1,180.9650,70.5600,6.504e-11
Metal1,180.6350,78.4000,Metal1,180.9650,78.4000,6.373e-11
Metal1,180.6350,86.2400,Metal1,180.9650,86.2400,6.321e-11
Metal1,180.6350,94.0800,Metal1,180.9650,94.0800,6.339e-11
Metal1,180.6350,101.9200,Metal1,180.9650,101.9200,6.515e-11
Metal1,180.6350,141.4650,Metal1,180.8500,141.1200,3.545e-09
Metal1,180.7950,148.9600,Metal1,180.9650,148.9600,1.245e-07
Metal1,180.8500,141.1200,Metal1,182.5050,141.1200,3.545e-09
Metal1,180.8550,180.3200,Metal1,180.9650,180.3200,6.495e-06
Metal1,180.8550,188.1600,Metal1,180.9650,188.1600,4.228e-06
Metal1,180.9650,15.6800,Metal1,181.1950,15.6800,1.976e-11
Metal1,180.9650,23.5200,Metal1,181.1950,23.5200,1.700e-11
Metal1,180.9650,31.3600,Metal1,181.1950,31.3600,1.685e-11
Metal1,180.9650,39.2000,Metal1,181.1950,39.2000,1.700e-11
Metal1,180.9650,47.0400,Metal1,181.1950,47.0400,1.722e-11
Metal1,180.9650,54.8800,Metal1,181.1950,54.8800,1.722e-11
Metal1,180.9650,62.7200,Metal1,181.1950,62.7200,1.759e-11
Metal1,180.9650,70.5600,Metal1,181.1950,70.5600,1.730e-11
Metal1,180.9650,78.4000,Metal1,181.1950,78.4000,1.700e-11
Metal1,180.9650,86.2400,Metal1,181.1950,86.2400,1.685e-11
Metal1,180.9650,94.0800,Metal1,181.1950,94.0800,1.692e-11
Metal1,180.9650,101.9200,Metal1,181.1950,101.9200,1.737e-11
Metal1,180.9650,109.7600,Metal1,181.1950,109.7600,1.678e-08
Metal1,180.9650,117.6000,Metal1,181.1950,117.6000,3.631e-09
Metal1,180.9650,133.2800,Metal1,181.1850,133.8450,1.623e-08
Metal1,180.9650,148.9600,Metal1,181.1950,148.9600,2.297e-07
Metal1,180.9650,156.8000,Metal1,181.1950,156.8000,1.953e-08
Metal1,180.9650,164.6400,Metal1,181.1950,164.6400,1.485e-05
Metal1,180.9650,172.4800,Metal1,181.1950,172.4800,3.616e-07
Metal1,180.9650,180.3200,Metal1,181.1950,180.3200,3.835e-07
Metal1,180.9650,188.1600,Metal1,181.1950,188.1600,6.789e-07
Metal1,180.9650,196.0000,Metal1,181.1950,196.0000,1.122e-09
Metal1,180.9650,203.8400,Metal1,181.1950,203.8400,8.151e-08
Metal1,180.9650,211.6800,Metal1,181.1950,211.6800,9.501e-12
Metal1,181.1850,133.8450,Metal1,181.1950,132.7875,1.623e-08
Metal1,181.1950,15.6800,Metal1,183.2050,15.6800,9.721e-14
Metal1,181.1950,23.5200,Metal1,182.6450,23.5200,1.705e-11
Metal1,181.1950,31.3600,Metal1,182.6450,31.3600,1.691e-11
Metal1,181.1950,39.2000,Metal1,182.6450,39.2000,1.700e-11
Metal1,181.1950,47.0400,Metal1,182.6450,47.0400,1.722e-11
Metal1,181.1950,54.8800,Metal1,182.6450,54.8800,1.721e-11
Metal1,181.1950,62.7200,Metal1,182.6450,62.7200,1.759e-11
Metal1,181.1950,70.5600,Metal1,182.6450,70.5600,1.736e-11
Metal1,181.1950,78.4000,Metal1,182.6450,78.4000,1.700e-11
Metal1,181.1950,86.2400,Metal1,182.6450,86.2400,1.686e-11
Metal1,181.1950,94.0800,Metal1,182.6450,94.0800,1.691e-11
Metal1,181.1950,101.9200,Metal1,182.6450,101.9200,1.738e-11
Metal1,181.1950,109.7600,Metal1,181.2450,109.7600,1.678e-08
Metal1,181.1950,117.6000,Metal1,182.8100,117.6000,3.622e-09
Metal1,181.1950,132.7875,Metal1,181.4150,133.2800,1.637e-08
Metal1,181.1950,148.9600,Metal1,183.2050,148.9600,1.026e-08
Metal1,181.1950,156.8000,Metal1,183.2050,156.8000,1.953e-08
Metal1,181.1950,164.6400,Metal1,182.7500,164.6400,1.485e-05
Metal1,181.1950,172.4800,Metal1,182.0850,172.4800,3.616e-07
Metal1,181.1950,180.3200,Metal1,182.3650,180.3200,1.139e-06
Metal1,181.1950,188.1600,Metal1,182.3650,188.1600,6.789e-07
Metal1,181.1950,196.0000,Metal1,183.2050,196.0000,1.122e-09
Metal1,181.1950,203.8400,Metal1,181.5250,203.8400,8.151e-08
Metal1,181.1950,211.6800,Metal1,182.0850,211.6800,1.542e-08
Metal1,181.2450,109.7600,Metal1,181.4750,109.7600,6.109e-07
Metal1,181.4150,133.2800,Metal1,182.9250,133.2800,1.637e-08
Metal1,181.4750,109.7600,Metal1,183.3650,109.7600,6.109e-07
Metal1,181.5250,203.8400,Metal1,181.7550,203.8400,4.593e-09
Metal1,181.5250,219.5200,Metal1,181.7550,219.5200,3.389e-07
Metal1,181.5300,125.4400,Metal1,181.8700,125.4400,2.961e-07
Metal1,181.7550,203.8400,Metal1,183.2050,203.8400,4.593e-09
Metal1,181.7550,219.5200,Metal1,183.7650,219.5200,2.233e-09
Metal1,181.8700,125.4400,Metal1,185.4100,125.4400,4.762e-10
Metal1,182.0850,172.4800,Metal1,182.3150,172.4800,7.087e-07
Metal1,182.0850,211.6800,Metal1,182.3150,211.6800,1.447e-08
Metal1,182.3150,172.4800,Metal1,182.8050,172.4800,7.087e-07
Metal1,182.3150,211.6800,Metal1,183.2050,211.6800,1.447e-08
Metal1,182.3650,180.3200,Metal1,182.5950,180.3200,2.000e-06
Metal1,182.3650,188.1600,Metal1,182.5950,188.1600,1.253e-06
Metal1,182.5050,141.1200,Metal1,182.6450,141.3375,3.424e-06
Metal1,182.5950,180.3200,Metal1,183.2050,180.3200,2.000e-06
Metal1,182.5950,188.1600,Metal1,183.2050,188.1600,1.253e-06
Metal1,182.6450,23.5200,Metal1,182.8750,23.5200,6.399e-11
Metal1,182.6450,31.3600,Metal1,182.8750,31.3600,6.339e-11
Metal1,182.6450,39.2000,Metal1,182.8750,39.2000,6.384e-11
Metal1,182.6450,47.0400,Metal1,182.8750,47.0400,6.458e-11
Metal1,182.6450,54.8800,Metal1,182.8750,54.8800,6.458e-11
Metal1,182.6450,62.7200,Metal1,182.8750,62.7200,6.599e-11
Metal1,182.6450,70.5600,Metal1,182.8750,70.5600,6.510e-11
Metal1,182.6450,78.4000,Metal1,182.8750,78.4000,6.384e-11
Metal1,182.6450,86.2400,Metal1,182.8750,86.2400,6.324e-11
Metal1,182.6450,94.0800,Metal1,182.8750,94.0800,6.354e-11
Metal1,182.6450,101.9200,Metal1,182.8750,101.9200,6.517e-11
Metal1,182.6450,141.3375,Metal1,182.7350,140.5550,3.424e-06
Metal1,182.7350,140.5550,Metal1,182.8750,141.1200,4.735e-06
Metal1,182.7500,164.6400,Metal1,183.0900,164.6400,5.421e-08
Metal1,182.8050,172.4800,Metal1,183.0350,172.4800,1.715e-07
Metal1,182.8100,117.6000,Metal1,183.0400,117.6000,4.766e-10
Metal1,182.8750,23.5200,Metal1,183.2050,23.5200,6.391e-11
Metal1,182.8750,31.3600,Metal1,183.2050,31.3600,6.341e-11
Metal1,182.8750,39.2000,Metal1,183.2050,39.2000,6.375e-11
Metal1,182.8750,47.0400,Metal1,183.2050,47.0400,6.458e-11
Metal1,182.8750,54.8800,Metal1,183.2050,54.8800,6.452e-11
Metal1,182.8750,62.7200,Metal1,183.2050,62.7200,6.599e-11
Metal1,182.8750,70.5600,Metal1,183.2050,70.5600,6.504e-11
Metal1,182.8750,78.4000,Metal1,183.2050,78.4000,6.372e-11
Metal1,182.8750,86.2400,Metal1,183.2050,86.2400,6.321e-11
Metal1,182.8750,94.0800,Metal1,183.2050,94.0800,6.339e-11
Metal1,182.8750,101.9200,Metal1,183.2050,101.9200,6.519e-11
Metal1,182.8750,141.1200,Metal1,184.8850,141.1200,4.735e-06
Metal1,182.9250,133.2800,Metal1,183.1550,133.2800,7.056e-06
Metal1,183.0350,172.4800,Metal1,183.2050,172.4800,1.715e-07
Metal1,183.0400,117.6000,Metal1,183.4700,117.6000,4.765e-10
Metal1,183.0900,164.6400,Metal1,184.7450,164.6400,5.421e-08
Metal1,183.1550,133.2800,Metal1,183.2050,133.2800,7.056e-06
Metal1,183.2050,15.6800,Metal1,183.4350,15.6800,1.841e-11
Metal1,183.2050,23.5200,Metal1,183.4350,23.5200,9.650e-13
Metal1,183.2050,31.3600,Metal1,183.4350,31.3600,9.650e-13
Metal1,183.2050,39.2000,Metal1,183.4350,39.2000,8.908e-13
Metal1,183.2050,47.0400,Metal1,183.4350,47.0400,9.650e-13
Metal1,183.2050,54.8800,Metal1,183.4350,54.8800,9.650e-13
Metal1,183.2050,62.7200,Metal1,183.4350,62.7200,8.165e-13
Metal1,183.2050,70.5600,Metal1,183.4350,70.5600,1.039e-12
Metal1,183.2050,78.4000,Metal1,183.4350,78.4000,9.650e-13
Metal1,183.2050,86.2400,Metal1,183.4350,86.2400,9.650e-13
Metal1,183.2050,94.0800,Metal1,183.4350,94.0800,9.650e-13
Metal1,183.2050,101.9200,Metal1,183.4350,101.9200,9.650e-13
Metal1,183.2050,133.2800,Metal1,183.4350,133.2800,5.059e-07
Metal1,183.2050,148.9600,Metal1,183.4350,148.9600,3.259e-11
Metal1,183.2050,156.8000,Metal1,183.4350,156.8000,8.841e-11
Metal1,183.2050,172.4800,Metal1,183.4350,172.4800,5.652e-07
Metal1,183.2050,180.3200,Metal1,183.4350,180.3200,9.634e-06
Metal1,183.2050,188.1600,Metal1,183.4350,188.1600,9.037e-08
Metal1,183.2050,196.0000,Metal1,183.4350,196.0000,9.323e-08
Metal1,183.2050,203.8400,Metal1,183.4350,203.8400,1.565e-08
Metal1,183.2050,211.6800,Metal1,183.4350,211.6800,4.542e-08
Metal1,183.3650,109.7600,Metal1,183.5950,109.7600,4.288e-08
Metal1,183.4350,15.6800,Metal1,185.1900,15.6800,8.576e-12
Metal1,183.4350,23.5200,Metal1,184.8850,23.5200,9.760e-13
Metal1,183.4350,31.3600,Metal1,184.8850,31.3600,9.637e-13
Metal1,183.4350,39.2000,Metal1,184.8850,39.2000,9.760e-13
Metal1,183.4350,47.0400,Metal1,184.8850,47.0400,9.760e-13
Metal1,183.4350,54.8800,Metal1,184.8850,54.8800,9.719e-13
Metal1,183.4350,62.7200,Metal1,184.8850,62.7200,9.841e-13
Metal1,183.4350,70.5600,Metal1,184.8850,70.5600,9.882e-13
Metal1,183.4350,78.4000,Metal1,184.8850,78.4000,9.760e-13
Metal1,183.4350,86.2400,Metal1,184.8850,86.2400,9.801e-13
Metal1,183.4350,94.0800,Metal1,184.8850,94.0800,9.719e-13
Metal1,183.4350,101.9200,Metal1,184.8850,101.9200,9.841e-13
Metal1,183.4350,133.2800,Metal1,185.4450,133.2800,9.575e-09
Metal1,183.4350,148.9600,Metal1,185.4450,148.9600,3.256e-11
Metal1,183.4350,156.8000,Metal1,184.8850,156.8000,8.839e-11
Metal1,183.4350,172.4800,Metal1,185.4450,172.4800,2.479e-08
Metal1,183.4350,180.3200,Metal1,185.4450,180.3200,6.349e-08
Metal1,183.4350,188.1600,Metal1,185.4450,188.1600,9.065e-09
Metal1,183.4350,196.0000,Metal1,183.9850,196.0000,1.303e-06
Metal1,183.4350,203.8400,Metal1,183.7650,203.8400,1.565e-08
Metal1,183.4350,211.6800,Metal1,184.3250,211.6800,4.542e-08
Metal1,183.4700,117.6000,Metal1,183.8100,117.6000,9.542e-10
Metal1,183.5950,109.7600,Metal1,184.8850,109.7600,1.517e-10
Metal1,183.7650,203.8400,Metal1,183.9950,203.8400,8.010e-10
Metal1,183.7650,219.5200,Metal1,183.9950,219.5200,3.388e-07
Metal1,183.8100,117.6000,Metal1,184.8500,117.6000,1.360e-10
Metal1,183.9850,196.0000,Metal1,184.2150,196.0000,5.218e-07
Metal1,183.9950,203.8400,Metal1,185.4450,203.8400,4.468e-09
Metal1,183.9950,219.5200,Metal1,185.1900,219.5200,3.388e-07
Metal1,184.2150,196.0000,Metal1,185.4450,196.0000,5.218e-07
Metal1,184.3250,211.6800,Metal1,184.5550,211.6800,8.787e-06
Metal1,184.5550,211.6800,Metal1,185.4450,211.6800,1.297e-07
Metal1,184.7450,164.6400,Metal1,184.9750,164.6400,2.153e-10
Metal1,184.8500,117.6000,Metal1,185.0800,117.6000,1.043e-10
Metal1,184.8850,23.5200,Metal1,185.1150,23.5200,2.524e-12
Metal1,184.8850,31.3600,Metal1,185.1150,31.3600,2.450e-12
Metal1,184.8850,39.2000,Metal1,185.1150,39.2000,2.524e-12
Metal1,184.8850,47.0400,Metal1,185.1150,47.0400,2.524e-12
Metal1,184.8850,54.8800,Metal1,185.1150,54.8800,2.524e-12
Metal1,184.8850,62.7200,Metal1,185.1150,62.7200,2.524e-12
Metal1,184.8850,70.5600,Metal1,185.1150,70.5600,2.598e-12
Metal1,184.8850,78.4000,Metal1,185.1150,78.4000,2.524e-12
Metal1,184.8850,86.2400,Metal1,185.1150,86.2400,2.598e-12
Metal1,184.8850,94.0800,Metal1,185.1150,94.0800,2.524e-12
Metal1,184.8850,101.9200,Metal1,185.1150,101.9200,2.598e-12
Metal1,184.8850,109.7600,Metal1,185.1150,109.7600,5.196e-13
Metal1,184.8850,141.1200,Metal1,185.1150,141.1200,5.191e-08
Metal1,184.8850,156.8000,Metal1,185.1150,156.8000,1.344e-11
Metal1,184.9750,164.6400,Metal1,185.4450,164.6400,2.153e-10
Metal1,185.0800,117.6000,Metal1,187.1250,117.6000,1.044e-10
Metal1,185.1150,23.5200,Metal1,185.4450,23.5200,2.548e-12
Metal1,185.1150,31.3600,Metal1,185.4450,31.3600,2.548e-12
Metal1,185.1150,39.2000,Metal1,185.4450,39.2000,2.566e-12
Metal1,185.1150,47.0400,Metal1,185.4450,47.0400,2.566e-12
Metal1,185.1150,54.8800,Metal1,185.4450,54.8800,2.566e-12
Metal1,185.1150,62.7200,Metal1,185.4450,62.7200,2.548e-12
Metal1,185.1150,70.5600,Metal1,185.4450,70.5600,2.584e-12
Metal1,185.1150,78.4000,Metal1,185.4450,78.4000,2.584e-12
Metal1,185.1150,86.2400,Metal1,185.4450,86.2400,2.584e-12
Metal1,185.1150,94.0800,Metal1,185.4450,94.0800,2.566e-12
Metal1,185.1150,101.9200,Metal1,185.4450,101.9200,2.566e-12
Metal1,185.1150,109.7600,Metal1,187.1250,109.7600,4.920e-13
Metal1,185.1150,141.1200,Metal1,186.8300,141.1200,5.191e-08
Metal1,185.1150,156.8000,Metal1,185.4450,156.8000,1.342e-11
Metal1,185.1900,15.6800,Metal1,185.4450,14.8350,1.337e-12
Metal1,185.1900,219.5200,Metal1,185.5300,219.5200,3.388e-07
Metal1,185.4100,125.4400,Metal1,185.6400,125.4400,4.231e-08
Metal1,185.4450,14.8350,Metal1,185.5300,16.2450,1.338e-12
Metal1,185.4450,23.5200,Metal1,185.6750,23.5200,6.681e-13
Metal1,185.4450,31.3600,Metal1,185.6750,31.3600,7.423e-13
Metal1,185.4450,39.2000,Metal1,185.6750,39.2000,7.423e-13
Metal1,185.4450,47.0400,Metal1,185.6750,47.0400,7.423e-13
Metal1,185.4450,54.8800,Metal1,185.6750,54.8800,6.681e-13
Metal1,185.4450,62.7200,Metal1,185.6750,62.7200,6.681e-13
Metal1,185.4450,70.5600,Metal1,185.6750,70.5600,7.423e-13
Metal1,185.4450,78.4000,Metal1,185.6750,78.4000,7.423e-13
Metal1,185.4450,86.2400,Metal1,185.6750,86.2400,7.423e-13
Metal1,185.4450,94.0800,Metal1,185.6750,94.0800,7.423e-13
Metal1,185.4450,101.9200,Metal1,185.6750,101.9200,7.423e-13
Metal1,185.4450,133.2800,Metal1,185.6750,133.2800,2.400e-06
Metal1,185.4450,148.9600,Metal1,185.6750,148.9600,1.473e-12
Metal1,185.4450,156.8000,Metal1,185.6750,156.8000,4.008e-12
Metal1,185.4450,164.6400,Metal1,185.6750,164.6400,1.544e-11
Metal1,185.4450,172.4800,Metal1,185.6750,172.4800,7.868e-11
Metal1,185.4450,180.3200,Metal1,185.6750,180.3200,9.634e-06
Metal1,185.4450,188.1600,Metal1,185.6750,188.1600,2.661e-06
Metal1,185.4450,196.0000,Metal1,185.6750,196.0000,5.106e-06
Metal1,185.4450,203.8400,Metal1,185.6750,203.8400,1.558e-08
Metal1,185.4450,211.6800,Metal1,185.6750,211.6800,8.787e-06
Metal1,185.5300,16.2450,Metal1,185.6750,15.6800,0.000e+00
Metal1,185.5300,219.5200,Metal1,187.6850,219.5200,3.388e-07
Metal1,185.6400,125.4400,Metal1,187.9500,125.4400,4.098e-09
Metal1,185.6750,15.6800,Metal1,187.6850,15.6800,2.946e-15
Metal1,185.6750,23.5200,Metal1,187.1250,23.5200,6.942e-13
Metal1,185.6750,31.3600,Metal1,187.1250,31.3600,6.942e-13
Metal1,185.6750,39.2000,Metal1,187.1250,39.2000,6.942e-13
Metal1,185.6750,47.0400,Metal1,187.1250,47.0400,6.983e-13
Metal1,185.6750,54.8800,Metal1,187.1250,54.8800,7.024e-13
Metal1,185.6750,62.7200,Metal1,187.1250,62.7200,6.942e-13
Metal1,185.6750,70.5600,Metal1,187.1250,70.5600,7.024e-13
Metal1,185.6750,78.4000,Metal1,187.1250,78.4000,6.983e-13
Metal1,185.6750,86.2400,Metal1,187.1250,86.2400,7.024e-13
Metal1,185.6750,94.0800,Metal1,187.1250,94.0800,6.901e-13
Metal1,185.6750,101.9200,Metal1,187.1250,101.9200,6.983e-13
Metal1,185.6750,133.2800,Metal1,186.5650,133.2800,2.400e-06
Metal1,185.6750,148.9600,Metal1,187.6850,148.9600,2.062e-14
Metal1,185.6750,156.8000,Metal1,187.1250,156.8000,4.018e-12
Metal1,185.6750,164.6400,Metal1,187.6850,164.6400,7.365e-13
Metal1,185.6750,172.4800,Metal1,187.6850,172.4800,7.866e-11
Metal1,185.6750,180.3200,Metal1,186.0050,180.3200,9.634e-06
Metal1,185.6750,188.1600,Metal1,186.0050,188.1600,2.661e-06
Metal1,185.6750,196.0000,Metal1,185.7250,196.0000,5.106e-06
Metal1,185.6750,203.8400,Metal1,186.0050,203.8400,1.558e-08
Metal1,185.6750,211.6800,Metal1,186.5650,211.6800,8.787e-06
Metal1,185.7250,196.0000,Metal1,185.9550,196.0000,4.124e-07
Metal1,185.9550,196.0000,Metal1,187.6850,196.0000,4.124e-07
Metal1,186.0050,180.3200,Metal1,186.2350,180.3200,7.800e-07
Metal1,186.0050,188.1600,Metal1,186.2350,188.1600,1.364e-07
Metal1,186.0050,203.8400,Metal1,186.2350,203.8400,4.236e-09
Metal1,186.2350,180.3200,Metal1,187.7900,180.3200,1.259e-06
Metal1,186.2350,188.1600,Metal1,187.6850,188.1600,7.556e-07
Metal1,186.2350,203.8400,Metal1,187.6850,203.8400,4.236e-09
Metal1,186.5650,133.2800,Metal1,186.7950,133.2800,1.390e-08
Metal1,186.5650,211.6800,Metal1,186.7950,211.6800,8.474e-07
Metal1,186.7950,133.2800,Metal1,187.6850,133.2800,2.594e-06
Metal1,186.7950,211.6800,Metal1,187.2300,211.6800,3.047e-06
Metal1,186.8300,141.1200,Metal1,187.1250,141.5800,2.112e-09
Metal1,187.1250,23.5200,Metal1,187.3550,23.5200,1.485e-13
Metal1,187.1250,31.3600,Metal1,187.3550,31.3600,2.227e-13
Metal1,187.1250,39.2000,Metal1,187.3550,39.2000,7.423e-14
Metal1,187.1250,47.0400,Metal1,187.3550,47.0400,2.227e-13
Metal1,187.1250,54.8800,Metal1,187.3550,54.8800,2.227e-13
Metal1,187.1250,62.7200,Metal1,187.3550,62.7200,1.485e-13
Metal1,187.1250,70.5600,Metal1,187.3550,70.5600,2.227e-13
Metal1,187.1250,78.4000,Metal1,187.3550,78.4000,7.423e-14
Metal1,187.1250,86.2400,Metal1,187.3550,86.2400,1.485e-13
Metal1,187.1250,94.0800,Metal1,187.3550,94.0800,1.485e-13
Metal1,187.1250,101.9200,Metal1,187.3550,101.9200,1.485e-13
Metal1,187.1250,109.7600,Metal1,187.3550,109.7600,2.524e-12
Metal1,187.1250,117.6000,Metal1,187.3550,117.6000,4.714e-11
Metal1,187.1250,141.5800,Metal1,187.1700,140.5550,2.112e-09
Metal1,187.1250,156.8000,Metal1,187.3550,156.8000,1.039e-12
Metal1,187.1700,140.5550,Metal1,187.3550,141.1200,1.691e-08
Metal1,187.2300,211.6800,Metal1,187.5700,211.6800,9.344e-07
Metal1,187.3550,23.5200,Metal1,187.6850,23.5200,3.194e-12
Metal1,187.3550,31.3600,Metal1,187.6850,31.3600,3.158e-12
Metal1,187.3550,39.2000,Metal1,187.6850,39.2000,3.212e-12
Metal1,187.3550,47.0400,Metal1,187.6850,47.0400,3.176e-12
Metal1,187.3550,54.8800,Metal1,187.6850,54.8800,3.194e-12
Metal1,187.3550,62.7200,Metal1,187.6850,62.7200,3.176e-12
Metal1,187.3550,70.5600,Metal1,187.6850,70.5600,3.194e-12
Metal1,187.3550,78.4000,Metal1,187.6850,78.4000,3.212e-12
Metal1,187.3550,86.2400,Metal1,187.6850,86.2400,3.230e-12
Metal1,187.3550,94.0800,Metal1,187.6850,94.0800,3.176e-12
Metal1,187.3550,101.9200,Metal1,187.6850,101.9200,3.212e-12
Metal1,187.3550,109.7600,Metal1,188.2450,109.7600,3.558e-11
Metal1,187.3550,117.6000,Metal1,188.4650,117.6000,4.719e-11
Metal1,187.3550,141.1200,Metal1,189.3650,141.1200,5.572e-11
Metal1,187.3550,156.8000,Metal1,187.6850,156.8000,1.839e-11
Metal1,187.5700,211.6800,Metal1,188.8050,211.6800,9.344e-07
Metal1,187.6850,15.6800,Metal1,187.9150,15.6800,3.681e-13
Metal1,187.6850,23.5200,Metal1,187.9150,23.5200,2.227e-13
Metal1,187.6850,31.3600,Metal1,187.9150,31.3600,2.969e-13
Metal1,187.6850,39.2000,Metal1,187.9150,39.2000,2.969e-13
Metal1,187.6850,47.0400,Metal1,187.9150,47.0400,2.227e-13
Metal1,187.6850,54.8800,Metal1,187.9150,54.8800,1.485e-13
Metal1,187.6850,62.7200,Metal1,187.9150,62.7200,2.227e-13
Metal1,187.6850,70.5600,Metal1,187.9150,70.5600,2.227e-13
Metal1,187.6850,78.4000,Metal1,187.9150,78.4000,2.969e-13
Metal1,187.6850,86.2400,Metal1,187.9150,86.2400,2.227e-13
Metal1,187.6850,94.0800,Metal1,187.9150,94.0800,2.227e-13
Metal1,187.6850,101.9200,Metal1,187.9150,101.9200,1.485e-13
Metal1,187.6850,133.2800,Metal1,187.9150,133.2800,2.433e-06
Metal1,187.6850,148.9600,Metal1,187.9150,148.9600,1.841e-12
Metal1,187.6850,156.8000,Metal1,187.9150,156.8000,1.039e-12
Metal1,187.6850,164.6400,Metal1,187.9150,164.6400,2.063e-10
Metal1,187.6850,172.4800,Metal1,187.9150,172.4800,4.663e-12
Metal1,187.6850,188.1600,Metal1,187.9150,188.1600,2.744e-06
Metal1,187.6850,196.0000,Metal1,187.9150,196.0000,7.791e-06
Metal1,187.6850,203.8400,Metal1,187.9150,203.8400,1.060e-09
Metal1,187.6850,219.5200,Metal1,187.9150,219.5200,1.074e-09
Metal1,187.7900,180.3200,Metal1,188.1300,180.3200,6.973e-06
Metal1,187.9150,15.6800,Metal1,189.9250,15.6800,1.473e-14
Metal1,187.9150,23.5200,Metal1,189.3650,23.5200,7.350e-13
Metal1,187.9150,31.3600,Metal1,189.3650,31.3600,7.391e-13
Metal1,187.9150,39.2000,Metal1,189.3650,39.2000,7.391e-13
Metal1,187.9150,47.0400,Metal1,189.3650,47.0400,7.350e-13
Metal1,187.9150,54.8800,Metal1,189.3650,54.8800,7.310e-13
Metal1,187.9150,62.7200,Metal1,189.3650,62.7200,7.350e-13
Metal1,187.9150,70.5600,Metal1,189.3650,70.5600,7.350e-13
Metal1,187.9150,78.4000,Metal1,189.3650,78.4000,7.391e-13
Metal1,187.9150,86.2400,Metal1,189.3650,86.2400,7.432e-13
Metal1,187.9150,94.0800,Metal1,189.3650,94.0800,7.310e-13
Metal1,187.9150,101.9200,Metal1,189.3650,101.9200,7.310e-13
Metal1,187.9150,133.2800,Metal1,188.8050,133.2800,2.433e-06
Metal1,187.9150,148.9600,Metal1,189.9250,148.9600,4.124e-14
Metal1,187.9150,156.8000,Metal1,189.3650,156.8000,4.239e-12
Metal1,187.9150,164.6400,Metal1,189.0700,164.6400,2.063e-10
Metal1,187.9150,172.4800,Metal1,189.9250,172.4800,2.651e-14
Metal1,187.9150,188.1600,Metal1,188.2450,188.1600,2.744e-06
Metal1,187.9150,196.0000,Metal1,189.3650,196.0000,1.284e-06
Metal1,187.9150,203.8400,Metal1,188.2450,203.8400,1.904e-08
Metal1,187.9150,219.5200,Metal1,189.9250,219.5200,1.074e-09
Metal1,187.9500,125.4400,Metal1,188.2450,125.0250,1.470e-06
Metal1,188.1300,180.3200,Metal1,188.2450,180.3200,6.973e-06
Metal1,188.2450,109.7600,Metal1,188.4750,109.7600,3.244e-11
Metal1,188.2450,125.0250,Metal1,188.2900,126.0050,1.470e-06
Metal1,188.2450,180.3200,Metal1,188.4750,180.3200,1.403e-06
Metal1,188.2450,188.1600,Metal1,188.4750,188.1600,6.160e-06
Metal1,188.2450,203.8400,Metal1,188.4750,203.8400,1.794e-08
Metal1,188.2900,126.0050,Metal1,188.4750,125.4400,5.328e-09
Metal1,188.4650,117.6000,Metal1,188.6950,117.6000,7.236e-11
Metal1,188.4750,109.7600,Metal1,189.3650,109.7600,3.244e-11
Metal1,188.4750,125.4400,Metal1,190.4850,125.4400,4.862e-09
Metal1,188.4750,180.3200,Metal1,189.7850,180.3200,1.403e-06
Metal1,188.4750,188.1600,Metal1,189.9250,188.1600,1.715e-09
Metal1,188.4750,203.8400,Metal1,189.9250,203.8400,3.360e-09
Metal1,188.6950,117.6000,Metal1,189.3650,117.6000,7.231e-11
Metal1,188.8050,133.2800,Metal1,189.0350,133.2800,7.427e-06
Metal1,188.8050,211.6800,Metal1,189.0350,211.6800,4.806e-06
Metal1,189.0350,133.2800,Metal1,191.0450,133.2800,1.885e-08
Metal1,189.0350,211.6800,Metal1,189.2250,211.6800,4.806e-06
Metal1,189.0700,164.6400,Metal1,189.4100,164.6400,1.862e-10
Metal1,189.2250,211.6800,Metal1,189.4550,211.6800,1.418e-08
Metal1,189.3650,23.5200,Metal1,189.5950,23.5200,2.524e-12
Metal1,189.3650,31.3600,Metal1,189.5950,31.3600,2.524e-12
Metal1,189.3650,39.2000,Metal1,189.5950,39.2000,2.524e-12
Metal1,189.3650,47.0400,Metal1,189.5950,47.0400,2.524e-12
Metal1,189.3650,54.8800,Metal1,189.5950,54.8800,2.524e-12
Metal1,189.3650,62.7200,Metal1,189.5950,62.7200,2.524e-12
Metal1,189.3650,70.5600,Metal1,189.5950,70.5600,2.524e-12
Metal1,189.3650,78.4000,Metal1,189.5950,78.4000,2.524e-12
Metal1,189.3650,86.2400,Metal1,189.5950,86.2400,2.672e-12
Metal1,189.3650,94.0800,Metal1,189.5950,94.0800,2.524e-12
Metal1,189.3650,101.9200,Metal1,189.5950,101.9200,2.598e-12
Metal1,189.3650,109.7600,Metal1,189.5950,109.7600,3.244e-11
Metal1,189.3650,117.6000,Metal1,189.5950,117.6000,7.935e-11
Metal1,189.3650,141.1200,Metal1,189.5950,141.1200,3.043e-12
Metal1,189.3650,156.8000,Metal1,189.5950,156.8000,1.477e-11
Metal1,189.3650,196.0000,Metal1,189.5950,196.0000,2.883e-07
Metal1,189.4100,164.6400,Metal1,189.9250,164.6400,1.647e-10
Metal1,189.4550,211.6800,Metal1,191.0450,211.6800,1.178e-10
Metal1,189.5950,23.5200,Metal1,189.9250,23.5200,2.584e-12
Metal1,189.5950,31.3600,Metal1,189.9250,31.3600,2.602e-12
Metal1,189.5950,39.2000,Metal1,189.9250,39.2000,2.602e-12
Metal1,189.5950,47.0400,Metal1,189.9250,47.0400,2.584e-12
Metal1,189.5950,54.8800,Metal1,189.9250,54.8800,2.584e-12
Metal1,189.5950,62.7200,Metal1,189.9250,62.7200,2.584e-12
Metal1,189.5950,70.5600,Metal1,189.9250,70.5600,2.602e-12
Metal1,189.5950,78.4000,Metal1,189.9250,78.4000,2.584e-12
Metal1,189.5950,86.2400,Metal1,189.9250,86.2400,2.620e-12
Metal1,189.5950,94.0800,Metal1,189.9250,94.0800,2.566e-12
Metal1,189.5950,101.9200,Metal1,189.9250,101.9200,2.566e-12
Metal1,189.5950,109.7600,Metal1,190.4850,109.7600,3.247e-11
Metal1,189.5950,117.6000,Metal1,190.2050,117.6000,7.933e-11
Metal1,189.5950,141.1200,Metal1,191.6050,141.1200,2.863e-12
Metal1,189.5950,156.8000,Metal1,189.9250,156.8000,1.479e-11
Metal1,189.5950,196.0000,Metal1,189.9250,196.0000,5.311e-06
Metal1,189.7850,180.3200,Metal1,190.0150,180.3200,6.266e-11
Metal1,189.9250,15.6800,Metal1,190.1550,15.6800,3.681e-13
Metal1,189.9250,23.5200,Metal1,190.1550,23.5200,7.423e-13
Metal1,189.9250,31.3600,Metal1,190.1550,31.3600,6.681e-13
Metal1,189.9250,39.2000,Metal1,190.1550,39.2000,6.681e-13
Metal1,189.9250,47.0400,Metal1,190.1550,47.0400,7.423e-13
Metal1,189.9250,54.8800,Metal1,190.1550,54.8800,6.681e-13
Metal1,189.9250,62.7200,Metal1,190.1550,62.7200,7.423e-13
Metal1,189.9250,70.5600,Metal1,190.1550,70.5600,6.681e-13
Metal1,189.9250,78.4000,Metal1,190.1550,78.4000,7.423e-13
Metal1,189.9250,86.2400,Metal1,190.1550,86.2400,7.423e-13
Metal1,189.9250,94.0800,Metal1,190.1550,94.0800,7.423e-13
Metal1,189.9250,101.9200,Metal1,190.1550,101.9200,6.681e-13
Metal1,189.9250,148.9600,Metal1,190.1550,148.9600,2.233e-11
Metal1,189.9250,156.8000,Metal1,190.1550,156.8000,4.676e-12
Metal1,189.9250,164.6400,Metal1,190.1550,164.6400,4.648e-09
Metal1,189.9250,172.4800,Metal1,190.1550,172.4800,2.037e-11
Metal1,189.9250,188.1600,Metal1,190.1550,188.1600,1.883e-07
Metal1,189.9250,196.0000,Metal1,190.1550,196.0000,1.196e-06
Metal1,189.9250,203.8400,Metal1,190.1550,203.8400,1.141e-08
Metal1,189.9250,219.5200,Metal1,190.1550,219.5200,7.727e-11
Metal1,190.0150,180.3200,Metal1,190.4850,180.3200,6.266e-11
Metal1,190.1550,15.6800,Metal1,192.1650,15.6800,8.838e-15
Metal1,190.1550,23.5200,Metal1,191.6050,23.5200,6.901e-13
Metal1,190.1550,31.3600,Metal1,191.6050,31.3600,6.942e-13
Metal1,190.1550,39.2000,Metal1,191.6050,39.2000,6.942e-13
Metal1,190.1550,47.0400,Metal1,191.6050,47.0400,6.901e-13
Metal1,190.1550,54.8800,Metal1,191.6050,54.8800,6.983e-13
Metal1,190.1550,62.7200,Metal1,191.6050,62.7200,6.860e-13
Metal1,190.1550,70.5600,Metal1,191.6050,70.5600,6.942e-13
Metal1,190.1550,78.4000,Metal1,191.6050,78.4000,6.901e-13
Metal1,190.1550,86.2400,Metal1,191.6050,86.2400,7.024e-13
Metal1,190.1550,94.0800,Metal1,191.6050,94.0800,6.860e-13
Metal1,190.1550,101.9200,Metal1,191.6050,101.9200,6.983e-13
Metal1,190.1550,148.9600,Metal1,192.1650,148.9600,1.302e-12
Metal1,190.1550,156.8000,Metal1,191.6050,156.8000,4.614e-12
Metal1,190.1550,164.6400,Metal1,192.4700,164.6400,4.627e-09
Metal1,190.1550,172.4800,Metal1,192.1650,172.4800,5.509e-13
Metal1,190.1550,188.1600,Metal1,190.4850,188.1600,1.883e-07
Metal1,190.1550,196.0000,Metal1,191.6050,196.0000,1.196e-06
Metal1,190.1550,203.8400,Metal1,190.4850,203.8400,1.141e-08
Metal1,190.1550,219.5200,Metal1,192.1650,219.5200,3.794e-12
Metal1,190.2050,117.6000,Metal1,190.4350,117.6000,4.414e-11
Metal1,190.4350,117.6000,Metal1,191.6050,117.6000,4.413e-11
Metal1,190.4850,109.7600,Metal1,190.7150,109.7600,3.259e-11
Metal1,190.4850,125.4400,Metal1,190.7150,125.4400,1.470e-06
Metal1,190.4850,180.3200,Metal1,190.7150,180.3200,2.893e-09
Metal1,190.4850,188.1600,Metal1,190.7150,188.1600,6.160e-06
Metal1,190.4850,203.8400,Metal1,190.7150,203.8400,3.160e-09
Metal1,190.7150,109.7600,Metal1,191.6050,109.7600,3.261e-11
Metal1,190.7150,125.4400,Metal1,192.4700,125.4400,1.439e-09
Metal1,190.7150,180.3200,Metal1,192.4700,180.3200,2.883e-09
Metal1,190.7150,188.1600,Metal1,192.4700,188.1600,6.160e-06
Metal1,190.7150,203.8400,Metal1,192.1650,203.8400,3.150e-09
Metal1,191.0450,133.2800,Metal1,191.1500,132.7150,1.885e-08
Metal1,191.0450,211.6800,Metal1,191.2750,211.6800,1.417e-08
Metal1,191.1500,132.7150,Metal1,191.2750,133.6250,7.427e-06
Metal1,191.2750,133.6250,Metal1,191.4900,133.2800,2.081e-08
Metal1,191.2750,211.6800,Metal1,192.4700,211.6800,1.416e-08
Metal1,191.4900,133.2800,Metal1,192.4700,133.2800,2.080e-08
Metal1,191.6050,23.5200,Metal1,191.8350,23.5200,2.375e-12
Metal1,191.6050,31.3600,Metal1,191.8350,31.3600,2.375e-12
Metal1,191.6050,39.2000,Metal1,191.8350,39.2000,2.301e-12
Metal1,191.6050,47.0400,Metal1,191.8350,47.0400,2.375e-12
Metal1,191.6050,54.8800,Metal1,191.8350,54.8800,2.450e-12
Metal1,191.6050,62.7200,Metal1,191.8350,62.7200,2.301e-12
Metal1,191.6050,70.5600,Metal1,191.8350,70.5600,2.375e-12
Metal1,191.6050,78.4000,Metal1,191.8350,78.4000,2.375e-12
Metal1,191.6050,86.2400,Metal1,191.8350,86.2400,2.450e-12
Metal1,191.6050,94.0800,Metal1,191.8350,94.0800,2.375e-12
Metal1,191.6050,101.9200,Metal1,191.8350,101.9200,2.375e-12
Metal1,191.6050,109.7600,Metal1,191.8350,109.7600,1.225e-11
Metal1,191.6050,117.6000,Metal1,191.8350,117.6000,5.938e-12
Metal1,191.6050,141.1200,Metal1,191.8250,140.5550,9.600e-10
Metal1,191.6050,156.8000,Metal1,191.8350,156.8000,1.363e-10
Metal1,191.6050,196.0000,Metal1,191.8350,196.0000,7.791e-06
Metal1,191.8250,140.5550,Metal1,191.8350,141.6125,9.600e-10
Metal1,191.8350,23.5200,Metal1,192.1650,23.5200,2.404e-12
Metal1,191.8350,31.3600,Metal1,192.1650,31.3600,2.422e-12
Metal1,191.8350,39.2000,Metal1,192.1650,39.2000,2.422e-12
Metal1,191.8350,47.0400,Metal1,192.1650,47.0400,2.422e-12
Metal1,191.8350,54.8800,Metal1,192.1650,54.8800,2.404e-12
Metal1,191.8350,62.7200,Metal1,192.1650,62.7200,2.422e-12
Metal1,191.8350,70.5600,Metal1,192.1650,70.5600,2.404e-12
Metal1,191.8350,78.4000,Metal1,192.1650,78.4000,2.422e-12
Metal1,191.8350,86.2400,Metal1,192.1650,86.2400,2.422e-12
Metal1,191.8350,94.0800,Metal1,192.1650,94.0800,2.404e-12
Metal1,191.8350,101.9200,Metal1,192.1650,101.9200,2.440e-12
Metal1,191.8350,109.7600,Metal1,192.4700,109.7600,1.219e-11
Metal1,191.8350,117.6000,Metal1,192.4700,117.6000,5.921e-12
Metal1,191.8350,141.6125,Metal1,192.0550,141.1200,1.417e-08
Metal1,191.8350,156.8000,Metal1,192.1650,156.8000,1.362e-10
Metal1,191.8350,196.0000,Metal1,192.4700,196.0000,7.791e-06
Metal1,192.0550,141.1200,Metal1,192.4700,141.1200,1.417e-08
Metal1,192.1650,15.6800,Metal1,192.3950,15.6800,0.000e+00
Metal1,192.1650,23.5200,Metal1,192.3950,23.5200,1.054e-11
Metal1,192.1650,31.3600,Metal1,192.3950,31.3600,1.054e-11
Metal1,192.1650,39.2000,Metal1,192.3950,39.2000,1.054e-11
Metal1,192.1650,47.0400,Metal1,192.3950,47.0400,1.047e-11
Metal1,192.1650,54.8800,Metal1,192.3950,54.8800,1.047e-11
Metal1,192.1650,62.7200,Metal1,192.3950,62.7200,1.054e-11
Metal1,192.1650,70.5600,Metal1,192.3950,70.5600,1.054e-11
Metal1,192.1650,78.4000,Metal1,192.3950,78.4000,1.047e-11
Metal1,192.1650,86.2400,Metal1,192.3950,86.2400,1.054e-11
Metal1,192.1650,94.0800,Metal1,192.3950,94.0800,1.054e-11
Metal1,192.1650,101.9200,Metal1,192.3950,101.9200,1.054e-11
Metal1,192.1650,148.9600,Metal1,192.3950,148.9600,5.769e-10
Metal1,192.1650,156.8000,Metal1,192.3950,156.8000,9.588e-09
Metal1,192.1650,172.4800,Metal1,192.3950,172.4800,1.054e-11
Metal1,192.1650,203.8400,Metal1,192.3950,203.8400,9.608e-09
Metal1,192.1650,219.5200,Metal1,192.3950,219.5200,1.074e-09
Metal1,192.3950,15.6800,Metal1,194.4050,15.6800,2.062e-14
Metal1,192.3950,23.5200,Metal1,192.4700,23.5200,1.042e-11
Metal1,192.3950,31.3600,Metal1,192.4700,31.3600,1.042e-11
Metal1,192.3950,39.2000,Metal1,192.4700,39.2000,1.042e-11
Metal1,192.3950,47.0400,Metal1,192.4700,47.0400,1.042e-11
Metal1,192.3950,54.8800,Metal1,192.4700,54.8800,1.042e-11
Metal1,192.3950,62.7200,Metal1,192.4700,62.7200,1.042e-11
Metal1,192.3950,70.5600,Metal1,192.4700,70.5600,1.042e-11
Metal1,192.3950,78.4000,Metal1,192.4700,78.4000,1.050e-11
Metal1,192.3950,86.2400,Metal1,192.4700,86.2400,1.042e-11
Metal1,192.3950,94.0800,Metal1,192.4700,94.0800,1.050e-11
Metal1,192.3950,101.9200,Metal1,192.4700,101.9200,1.042e-11
Metal1,192.3950,148.9600,Metal1,192.4700,148.9600,5.768e-10
Metal1,192.3950,156.8000,Metal1,192.4700,156.8000,9.588e-09
Metal1,192.3950,172.4800,Metal1,192.4700,172.4800,1.042e-11
Metal1,192.3950,203.8400,Metal1,192.4700,203.8400,9.608e-09
Metal1,192.3950,219.5200,Metal1,194.4050,219.5200,1.074e-09
Metal1,192.4700,23.5200,Metal1,192.8100,23.5200,7.976e-13
Metal1,192.4700,31.3600,Metal1,192.8100,31.3600,8.641e-13
Metal1,192.4700,39.2000,Metal1,192.8100,39.2000,8.641e-13
Metal1,192.4700,47.0400,Metal1,192.8100,47.0400,7.976e-13
Metal1,192.4700,54.8800,Metal1,192.8100,54.8800,7.976e-13
Metal1,192.4700,62.7200,Metal1,192.8100,62.7200,7.976e-13
Metal1,192.4700,70.5600,Metal1,192.8100,70.5600,7.976e-13
Metal1,192.4700,78.4000,Metal1,192.8100,78.4000,8.641e-13
Metal1,192.4700,86.2400,Metal1,192.8100,86.2400,7.976e-13
Metal1,192.4700,94.0800,Metal1,192.8100,94.0800,8.641e-13
Metal1,192.4700,101.9200,Metal1,192.8100,101.9200,7.976e-13
Metal1,192.4700,109.7600,Metal1,192.7250,108.9150,1.954e-12
Metal1,192.4700,117.6000,Metal1,192.8100,117.6000,3.456e-12
Metal1,192.4700,125.4400,Metal1,192.7250,124.5950,1.429e-09
Metal1,192.4700,133.2800,Metal1,192.8100,133.2800,2.079e-08
Metal1,192.4700,141.1200,Metal1,192.8100,141.1200,1.416e-08
Metal1,192.4700,148.9600,Metal1,192.8100,148.9600,5.656e-10
Metal1,192.4700,156.8000,Metal1,192.8100,156.8000,9.577e-09
Metal1,192.4700,164.6400,Metal1,192.8100,164.6400,4.616e-09
Metal1,192.4700,172.4800,Metal1,192.8100,172.4800,7.976e-13
Metal1,192.4700,180.3200,Metal1,192.8100,180.3200,2.872e-09
Metal1,192.4700,188.1600,Metal1,192.8100,188.1600,6.160e-06
Metal1,192.4700,196.0000,Metal1,192.8100,196.0000,7.791e-06
Metal1,192.4700,203.8400,Metal1,192.8100,203.8400,9.597e-09
Metal1,192.4700,211.6800,Metal1,192.8100,211.6800,1.415e-08
Metal1,192.7250,108.9150,Metal1,192.8100,110.3250,1.953e-12
Metal1,192.7250,124.5950,Metal1,192.8100,126.0050,1.429e-09
Metal1,192.8100,23.5200,Metal1,194.4050,23.5200,8.279e-13
Metal1,192.8100,31.3600,Metal1,194.4050,31.3600,8.241e-13
Metal1,192.8100,39.2000,Metal1,194.4050,39.2000,8.204e-13
Metal1,192.8100,47.0400,Metal1,194.4050,47.0400,8.130e-13
Metal1,192.8100,54.8800,Metal1,194.4050,54.8800,8.167e-13
Metal1,192.8100,62.7200,Metal1,194.4050,62.7200,8.167e-13
Metal1,192.8100,70.5600,Metal1,194.4050,70.5600,8.204e-13
Metal1,192.8100,78.4000,Metal1,194.4050,78.4000,8.167e-13
Metal1,192.8100,86.2400,Metal1,194.4050,86.2400,8.241e-13
Metal1,192.8100,94.0800,Metal1,194.4050,94.0800,8.279e-13
Metal1,192.8100,101.9200,Metal1,194.4050,101.9200,8.167e-13
Metal1,192.8100,110.3250,Metal1,192.9550,109.7600,3.292e-14
Metal1,192.8100,117.6000,Metal1,193.8450,117.6000,3.518e-12
Metal1,192.8100,126.0050,Metal1,192.9550,125.4400,1.470e-06
Metal1,192.8100,133.2800,Metal1,193.1450,133.2800,2.079e-08
Metal1,192.8100,141.1200,Metal1,193.5650,141.1200,1.416e-08
Metal1,192.8100,148.9600,Metal1,194.4050,148.9600,5.656e-10
Metal1,192.8100,156.8000,Metal1,194.4050,156.8000,9.577e-09
Metal1,192.8100,164.6400,Metal1,194.0650,164.6400,4.616e-09
Metal1,192.8100,172.4800,Metal1,194.4050,172.4800,8.093e-13
Metal1,192.8100,180.3200,Metal1,194.1100,180.3200,2.873e-09
Metal1,192.8100,188.1600,Metal1,193.2900,188.1600,6.160e-06
Metal1,192.8100,196.0000,Metal1,193.4500,196.0000,7.791e-06
Metal1,192.8100,203.8400,Metal1,194.4050,203.8400,9.597e-09
Metal1,192.8100,211.6800,Metal1,193.5500,211.6800,1.415e-08
Metal1,192.9550,109.7600,Metal1,194.9650,109.7600,3.535e-14
Metal1,192.9550,125.4400,Metal1,193.4450,125.4400,1.470e-06
Metal1,193.1450,133.2800,Metal1,193.3750,133.2800,8.038e-11
Metal1,193.2900,188.1600,Metal1,193.6300,188.1600,5.591e-07
Metal1,193.3750,133.2800,Metal1,194.9650,133.2800,8.035e-11
Metal1,193.4450,125.4400,Metal1,193.6750,125.4400,1.032e-07
Metal1,193.4500,196.0000,Metal1,193.6800,196.0000,7.018e-07
Metal1,193.5500,211.6800,Metal1,193.8900,211.6800,6.410e-10
Metal1,193.5650,141.1200,Metal1,193.7950,141.1200,5.557e-06
Metal1,193.6300,188.1600,Metal1,194.0050,188.1600,5.591e-07
Metal1,193.6750,125.4400,Metal1,194.9650,125.4400,1.155e-10
Metal1,193.6800,196.0000,Metal1,195.4900,196.0000,1.491e-08
Metal1,193.7950,141.1200,Metal1,194.9650,141.1200,5.557e-06
Metal1,193.8450,117.6000,Metal1,194.0750,117.6000,7.423e-13
Metal1,193.8900,211.6800,Metal1,194.9650,211.6800,3.937e-11
Metal1,194.0050,188.1600,Metal1,194.2350,188.1600,3.562e-08
Metal1,194.0650,164.6400,Metal1,194.2950,164.6400,2.611e-06
Metal1,194.0750,117.6000,Metal1,194.9650,117.6000,1.358e-11
Metal1,194.1100,180.3200,Metal1,194.4500,180.3200,3.278e-10
Metal1,194.2350,188.1600,Metal1,198.8850,188.1600,5.156e-08
Metal1,194.2950,164.6400,Metal1,194.9650,164.6400,2.611e-06
Metal1,194.4050,15.6800,Metal1,194.6350,15.6800,1.325e-11
Metal1,194.4050,23.5200,Metal1,194.6350,23.5200,4.788e-11
Metal1,194.4050,31.3600,Metal1,194.6350,31.3600,4.728e-11
Metal1,194.4050,39.2000,Metal1,194.6350,39.2000,4.766e-11
Metal1,194.4050,47.0400,Metal1,194.6350,47.0400,4.855e-11
Metal1,194.4050,54.8800,Metal1,194.6350,54.8800,4.847e-11
Metal1,194.4050,62.7200,Metal1,194.6350,62.7200,4.996e-11
Metal1,194.4050,70.5600,Metal1,194.6350,70.5600,4.907e-11
Metal1,194.4050,78.4000,Metal1,194.6350,78.4000,4.766e-11
Metal1,194.4050,86.2400,Metal1,194.6350,86.2400,4.714e-11
Metal1,194.4050,94.0800,Metal1,194.6350,94.0800,4.743e-11
Metal1,194.4050,101.9200,Metal1,194.6350,101.9200,4.907e-11
Metal1,194.4050,148.9600,Metal1,194.6350,148.9600,1.574e-07
Metal1,194.4050,156.8000,Metal1,194.6350,156.8000,2.661e-06
Metal1,194.4050,172.4800,Metal1,194.6350,172.4800,4.788e-11
Metal1,194.4050,203.8400,Metal1,194.6350,203.8400,2.663e-06
Metal1,194.4050,219.5200,Metal1,194.6350,219.5200,3.388e-07
Metal1,194.4500,180.3200,Metal1,194.9650,180.3200,4.382e-09
Metal1,194.6350,15.6800,Metal1,196.6450,15.6800,5.597e-14
Metal1,194.6350,23.5200,Metal1,194.9650,23.5200,4.778e-11
Metal1,194.6350,31.3600,Metal1,194.9650,31.3600,4.728e-11
Metal1,194.6350,39.2000,Metal1,194.9650,39.2000,4.766e-11
Metal1,194.6350,47.0400,Metal1,194.9650,47.0400,4.846e-11
Metal1,194.6350,54.8800,Metal1,194.9650,54.8800,4.841e-11
Metal1,194.6350,62.7200,Metal1,194.9650,62.7200,4.986e-11
Metal1,194.6350,70.5600,Metal1,194.9650,70.5600,4.898e-11
Metal1,194.6350,78.4000,Metal1,194.9650,78.4000,4.766e-11
Metal1,194.6350,86.2400,Metal1,194.9650,86.2400,4.710e-11
Metal1,194.6350,94.0800,Metal1,194.9650,94.0800,4.732e-11
Metal1,194.6350,101.9200,Metal1,194.9650,101.9200,4.906e-11
Metal1,194.6350,148.9600,Metal1,194.9650,148.9600,1.574e-07
Metal1,194.6350,156.8000,Metal1,194.9650,156.8000,2.661e-06
Metal1,194.6350,172.4800,Metal1,194.9650,172.4800,4.769e-11
Metal1,194.6350,203.8400,Metal1,194.9650,203.8400,2.663e-06
Metal1,194.6350,219.5200,Metal1,196.6450,219.5200,2.233e-09
Metal1,194.9650,23.5200,Metal1,195.1950,23.5200,1.277e-11
Metal1,194.9650,31.3600,Metal1,195.1950,31.3600,1.254e-11
Metal1,194.9650,39.2000,Metal1,195.1950,39.2000,1.269e-11
Metal1,194.9650,47.0400,Metal1,195.1950,47.0400,1.299e-11
Metal1,194.9650,54.8800,Metal1,195.1950,54.8800,1.292e-11
Metal1,194.9650,62.7200,Metal1,195.1950,62.7200,1.329e-11
Metal1,194.9650,70.5600,Metal1,195.1950,70.5600,1.306e-11
Metal1,194.9650,78.4000,Metal1,195.1950,78.4000,1.277e-11
Metal1,194.9650,86.2400,Metal1,195.1950,86.2400,1.254e-11
Metal1,194.9650,94.0800,Metal1,195.1950,94.0800,1.262e-11
Metal1,194.9650,101.9200,Metal1,195.1950,101.9200,1.306e-11
Metal1,194.9650,109.7600,Metal1,195.1950,109.7600,2.332e-12
Metal1,194.9650,117.6000,Metal1,195.1950,117.6000,1.240e-11
Metal1,194.9650,125.4400,Metal1,195.1950,125.4400,3.711e-13
Metal1,194.9650,133.2800,Metal1,195.1950,133.2800,1.485e-13
Metal1,194.9650,141.1200,Metal1,195.1950,141.1200,3.993e-07
Metal1,194.9650,148.9600,Metal1,195.1950,148.9600,8.071e-09
Metal1,194.9650,156.8000,Metal1,195.1950,156.8000,1.364e-07
Metal1,194.9650,164.6400,Metal1,195.1950,164.6400,4.294e-08
Metal1,194.9650,172.4800,Metal1,195.1950,172.4800,1.269e-11
Metal1,194.9650,180.3200,Metal1,195.1950,180.3200,3.150e-10
Metal1,194.9650,203.8400,Metal1,195.1950,203.8400,1.366e-07
Metal1,194.9650,211.6800,Metal1,195.1950,211.6800,2.821e-12
Metal1,195.1950,23.5200,Metal1,196.6450,23.5200,1.275e-11
Metal1,195.1950,31.3600,Metal1,196.6450,31.3600,1.261e-11
Metal1,195.1950,39.2000,Metal1,196.6450,39.2000,1.272e-11
Metal1,195.1950,47.0400,Metal1,196.6450,47.0400,1.294e-11
Metal1,195.1950,54.8800,Metal1,196.6450,54.8800,1.292e-11
Metal1,195.1950,62.7200,Metal1,196.6450,62.7200,1.330e-11
Metal1,195.1950,70.5600,Metal1,196.6450,70.5600,1.308e-11
Metal1,195.1950,78.4000,Metal1,196.6450,78.4000,1.272e-11
Metal1,195.1950,86.2400,Metal1,196.6450,86.2400,1.257e-11
Metal1,195.1950,94.0800,Metal1,196.6450,94.0800,1.263e-11
Metal1,195.1950,101.9200,Metal1,196.6450,101.9200,1.309e-11
Metal1,195.1950,109.7600,Metal1,197.2050,109.7600,5.892e-14
Metal1,195.1950,117.6000,Metal1,196.0850,117.6000,1.238e-11
Metal1,195.1950,125.4400,Metal1,197.2050,125.4400,3.712e-13
Metal1,195.1950,133.2800,Metal1,197.2050,133.2800,2.327e-13
Metal1,195.1950,141.1200,Metal1,197.2050,141.1200,1.962e-08
Metal1,195.1950,148.9600,Metal1,196.6450,148.9600,4.469e-08
Metal1,195.1950,156.8000,Metal1,196.6450,156.8000,7.556e-07
Metal1,195.1950,164.6400,Metal1,195.8050,164.6400,3.210e-06
Metal1,195.1950,172.4800,Metal1,196.6450,172.4800,1.274e-11
Metal1,195.1950,180.3200,Metal1,197.2050,180.3200,1.545e-11
Metal1,195.1950,203.8400,Metal1,196.6450,203.8400,7.563e-07
Metal1,195.1950,211.6800,Metal1,197.2050,211.6800,1.119e-13
Metal1,195.4900,196.0000,Metal1,195.7200,196.0000,7.427e-06
Metal1,195.7200,196.0000,Metal1,197.7650,196.0000,7.427e-06
Metal1,195.8050,164.6400,Metal1,196.0350,164.6400,1.606e-06
Metal1,196.0350,164.6400,Metal1,197.2050,164.6400,1.606e-06
Metal1,196.0850,117.6000,Metal1,196.3150,117.6000,1.232e-11
Metal1,196.3150,117.6000,Metal1,197.2050,117.6000,1.239e-11
Metal1,196.6450,15.6800,Metal1,196.8750,15.6800,1.265e-10
Metal1,196.6450,23.5200,Metal1,196.8750,23.5200,4.788e-11
Metal1,196.6450,31.3600,Metal1,196.8750,31.3600,4.736e-11
Metal1,196.6450,39.2000,Metal1,196.8750,39.2000,4.773e-11
Metal1,196.6450,47.0400,Metal1,196.8750,47.0400,4.862e-11
Metal1,196.6450,54.8800,Metal1,196.8750,54.8800,4.847e-11
Metal1,196.6450,62.7200,Metal1,196.8750,62.7200,4.988e-11
Metal1,196.6450,70.5600,Metal1,196.8750,70.5600,4.907e-11
Metal1,196.6450,78.4000,Metal1,196.8750,78.4000,4.780e-11
Metal1,196.6450,86.2400,Metal1,196.8750,86.2400,4.721e-11
Metal1,196.6450,94.0800,Metal1,196.8750,94.0800,4.736e-11
Metal1,196.6450,101.9200,Metal1,196.8750,101.9200,4.914e-11
Metal1,196.6450,148.9600,Metal1,196.8750,148.9600,1.623e-07
Metal1,196.6450,156.8000,Metal1,196.8750,156.8000,2.744e-06
Metal1,196.6450,172.4800,Metal1,196.8750,172.4800,4.773e-11
Metal1,196.6450,203.8400,Metal1,196.8750,203.8400,2.746e-06
Metal1,196.6450,219.5200,Metal1,196.8750,219.5200,3.388e-07
Metal1,196.8750,15.6800,Metal1,198.6300,15.6800,1.162e-10
Metal1,196.8750,23.5200,Metal1,197.2050,23.5200,4.787e-11
Metal1,196.8750,31.3600,Metal1,197.2050,31.3600,4.732e-11
Metal1,196.8750,39.2000,Metal1,197.2050,39.2000,4.771e-11
Metal1,196.8750,47.0400,Metal1,197.2050,47.0400,4.855e-11
Metal1,196.8750,54.8800,Metal1,197.2050,54.8800,4.848e-11
Metal1,196.8750,62.7200,Metal1,197.2050,62.7200,4.994e-11
Metal1,196.8750,70.5600,Metal1,197.2050,70.5600,4.906e-11
Metal1,196.8750,78.4000,Metal1,197.2050,78.4000,4.775e-11
Metal1,196.8750,86.2400,Metal1,197.2050,86.2400,4.721e-11
Metal1,196.8750,94.0800,Metal1,197.2050,94.0800,4.739e-11
Metal1,196.8750,101.9200,Metal1,197.2050,101.9200,4.915e-11
Metal1,196.8750,148.9600,Metal1,197.2050,148.9600,1.623e-07
Metal1,196.8750,156.8000,Metal1,197.2050,156.8000,2.744e-06
Metal1,196.8750,172.4800,Metal1,197.2050,172.4800,4.776e-11
Metal1,196.8750,203.8400,Metal1,197.2050,203.8400,2.746e-06
Metal1,196.8750,219.5200,Metal1,198.6300,219.5200,3.388e-07
Metal1,197.2050,23.5200,Metal1,197.4350,23.5200,8.165e-13
Metal1,197.2050,31.3600,Metal1,197.4350,31.3600,7.423e-13
Metal1,197.2050,39.2000,Metal1,197.4350,39.2000,8.165e-13
Metal1,197.2050,47.0400,Metal1,197.4350,47.0400,7.423e-13
Metal1,197.2050,54.8800,Metal1,197.4350,54.8800,8.165e-13
Metal1,197.2050,62.7200,Metal1,197.4350,62.7200,8.908e-13
Metal1,197.2050,70.5600,Metal1,197.4350,70.5600,8.165e-13
Metal1,197.2050,78.4000,Metal1,197.4350,78.4000,7.423e-13
Metal1,197.2050,86.2400,Metal1,197.4350,86.2400,6.681e-13
Metal1,197.2050,94.0800,Metal1,197.4350,94.0800,8.165e-13
Metal1,197.2050,101.9200,Metal1,197.4350,101.9200,7.423e-13
Metal1,197.2050,109.7600,Metal1,197.4350,109.7600,1.227e-13
Metal1,197.2050,117.6000,Metal1,197.4350,117.6000,1.240e-11
Metal1,197.2050,125.4400,Metal1,197.4350,125.4400,2.301e-12
Metal1,197.2050,133.2800,Metal1,197.4350,133.2800,7.274e-12
Metal1,197.2050,141.1200,Metal1,197.4350,141.1200,4.843e-07
Metal1,197.2050,148.9600,Metal1,197.4350,148.9600,3.644e-07
Metal1,197.2050,156.8000,Metal1,197.4350,156.8000,6.160e-06
Metal1,197.2050,164.6400,Metal1,197.4350,164.6400,7.427e-06
Metal1,197.2050,172.4800,Metal1,197.4350,172.4800,7.423e-13
Metal1,197.2050,180.3200,Metal1,197.4350,180.3200,4.375e-09
Metal1,197.2050,203.8400,Metal1,197.4350,203.8400,6.166e-06
Metal1,197.2050,211.6800,Metal1,197.4350,211.6800,3.073e-11
Metal1,197.4350,23.5200,Metal1,198.8850,23.5200,8.208e-13
Metal1,197.4350,31.3600,Metal1,198.8850,31.3600,7.963e-13
Metal1,197.4350,39.2000,Metal1,198.8850,39.2000,8.167e-13
Metal1,197.4350,47.0400,Metal1,198.8850,47.0400,7.922e-13
Metal1,197.4350,54.8800,Metal1,198.8850,54.8800,7.963e-13
Metal1,197.4350,62.7200,Metal1,198.8850,62.7200,9.311e-13
Metal1,197.4350,70.5600,Metal1,198.8850,70.5600,8.657e-13
Metal1,197.4350,78.4000,Metal1,198.8850,78.4000,7.922e-13
Metal1,197.4350,86.2400,Metal1,198.8850,86.2400,7.963e-13
Metal1,197.4350,94.0800,Metal1,198.8850,94.0800,7.963e-13
Metal1,197.4350,101.9200,Metal1,198.8850,101.9200,8.045e-13
Metal1,197.4350,109.7600,Metal1,199.4450,109.7600,0.000e+00
Metal1,197.4350,117.6000,Metal1,198.3250,117.6000,1.239e-11
Metal1,197.4350,125.4400,Metal1,198.3250,125.4400,2.302e-12
Metal1,197.4350,133.2800,Metal1,197.4700,133.2800,7.444e-12
Metal1,197.4350,141.1200,Metal1,198.9900,141.1200,4.843e-07
Metal1,197.4350,148.9600,Metal1,198.8850,148.9600,6.006e-08
Metal1,197.4350,156.8000,Metal1,198.8850,156.8000,6.160e-06
Metal1,197.4350,164.6400,Metal1,199.4450,164.6400,4.894e-08
Metal1,197.4350,172.4800,Metal1,198.8850,172.4800,7.922e-13
Metal1,197.4350,180.3200,Metal1,199.1050,180.3200,1.550e-09
Metal1,197.4350,203.8400,Metal1,198.8850,203.8400,6.166e-06
Metal1,197.4350,211.6800,Metal1,198.5450,211.6800,3.077e-11
Metal1,197.4700,133.2800,Metal1,197.8100,133.2800,2.647e-13
Metal1,197.7650,196.0000,Metal1,197.9950,196.0000,7.946e-07
Metal1,197.8100,133.2800,Metal1,199.4450,133.2800,5.722e-13
Metal1,197.9950,196.0000,Metal1,198.3250,196.0000,3.670e-06
Metal1,198.3250,117.6000,Metal1,198.5550,117.6000,1.232e-11
Metal1,198.3250,125.4400,Metal1,198.5550,125.4400,2.301e-12
Metal1,198.3250,196.0000,Metal1,198.5550,196.0000,7.878e-07
Metal1,198.5450,211.6800,Metal1,198.7750,211.6800,1.134e-08
Metal1,198.5550,117.6000,Metal1,199.4450,117.6000,1.239e-11
Metal1,198.5550,125.4400,Metal1,199.4450,125.4400,2.282e-12
Metal1,198.5550,196.0000,Metal1,200.0050,196.0000,7.878e-07
Metal1,198.6300,15.6800,Metal1,198.8850,14.8350,1.063e-10
Metal1,198.6300,219.5200,Metal1,198.9700,219.5200,3.388e-07
Metal1,198.7750,211.6800,Metal1,199.4450,211.6800,2.211e-10
Metal1,198.8850,14.8350,Metal1,198.9700,16.2450,1.063e-10
Metal1,198.8850,23.5200,Metal1,199.1150,23.5200,2.227e-12
Metal1,198.8850,31.3600,Metal1,199.1150,31.3600,2.153e-12
Metal1,198.8850,39.2000,Metal1,199.1150,39.2000,2.227e-12
Metal1,198.8850,47.0400,Metal1,199.1150,47.0400,2.153e-12
Metal1,198.8850,54.8800,Metal1,199.1150,54.8800,2.153e-12
Metal1,198.8850,62.7200,Metal1,199.1150,62.7200,2.598e-12
Metal1,198.8850,70.5600,Metal1,199.1150,70.5600,2.375e-12
Metal1,198.8850,78.4000,Metal1,199.1150,78.4000,2.153e-12
Metal1,198.8850,86.2400,Metal1,199.1150,86.2400,2.153e-12
Metal1,198.8850,94.0800,Metal1,199.1150,94.0800,2.227e-12
Metal1,198.8850,101.9200,Metal1,199.1150,101.9200,2.153e-12
Metal1,198.8850,148.9600,Metal1,199.1150,148.9600,1.348e-08
Metal1,198.8850,156.8000,Metal1,199.1150,156.8000,4.411e-07
Metal1,198.8850,172.4800,Metal1,199.1150,172.4800,2.153e-12
Metal1,198.8850,188.1600,Metal1,199.1150,188.1600,9.945e-08
Metal1,198.8850,203.8400,Metal1,199.1150,203.8400,5.143e-07
Metal1,198.9700,16.2450,Metal1,199.1150,15.6800,2.026e-13
Metal1,198.9700,219.5200,Metal1,201.1250,219.5200,2.083e-09
Metal1,198.9900,141.1200,Metal1,199.3300,141.1200,2.658e-06
Metal1,199.1050,180.3200,Metal1,199.3350,180.3200,1.354e-08
Metal1,199.1150,15.6800,Metal1,201.1250,15.6800,2.062e-13
Metal1,199.1150,23.5200,Metal1,199.4450,23.5200,2.279e-12
Metal1,199.1150,31.3600,Metal1,199.4450,31.3600,2.171e-12
Metal1,199.1150,39.2000,Metal1,199.4450,39.2000,2.261e-12
Metal1,199.1150,47.0400,Metal1,199.4450,47.0400,2.171e-12
Metal1,199.1150,54.8800,Metal1,199.4450,54.8800,2.171e-12
Metal1,199.1150,62.7200,Metal1,199.4450,62.7200,2.656e-12
Metal1,199.1150,70.5600,Metal1,199.4450,70.5600,2.422e-12
Metal1,199.1150,78.4000,Metal1,199.4450,78.4000,2.171e-12
Metal1,199.1150,86.2400,Metal1,199.4450,86.2400,2.189e-12
Metal1,199.1150,94.0800,Metal1,199.4450,94.0800,2.189e-12
Metal1,199.1150,101.9200,Metal1,199.4450,101.9200,2.189e-12
Metal1,199.1150,148.9600,Metal1,199.4450,148.9600,2.484e-07
Metal1,199.1150,156.8000,Metal1,201.1250,156.8000,6.303e-10
Metal1,199.1150,172.4800,Metal1,199.4450,172.4800,2.153e-12
Metal1,199.1150,188.1600,Metal1,199.7100,188.1600,2.922e-08
Metal1,199.1150,203.8400,Metal1,200.6700,203.8400,5.143e-07
Metal1,199.3300,141.1200,Metal1,199.4450,141.1200,2.658e-06
Metal1,199.3350,180.3200,Metal1,199.4450,180.3200,1.354e-08
Metal1,199.4450,23.5200,Metal1,199.6750,23.5200,6.681e-13
Metal1,199.4450,31.3600,Metal1,199.6750,31.3600,5.938e-13
Metal1,199.4450,39.2000,Metal1,199.6750,39.2000,5.938e-13
Metal1,199.4450,47.0400,Metal1,199.6750,47.0400,5.938e-13
Metal1,199.4450,54.8800,Metal1,199.6750,54.8800,5.938e-13
Metal1,199.4450,62.7200,Metal1,199.6750,62.7200,7.423e-13
Metal1,199.4450,70.5600,Metal1,199.6750,70.5600,6.681e-13
Metal1,199.4450,78.4000,Metal1,199.6750,78.4000,5.938e-13
Metal1,199.4450,86.2400,Metal1,199.6750,86.2400,5.938e-13
Metal1,199.4450,94.0800,Metal1,199.6750,94.0800,6.681e-13
Metal1,199.4450,101.9200,Metal1,199.6750,101.9200,6.681e-13
Metal1,199.4450,109.7600,Metal1,199.6750,109.7600,1.227e-13
Metal1,199.4450,117.6000,Metal1,199.6750,117.6000,1.240e-11
Metal1,199.4450,125.4400,Metal1,199.6750,125.4400,2.301e-12
Metal1,199.4450,133.2800,Metal1,199.6750,133.2800,0.000e+00
Metal1,199.4450,141.1200,Metal1,199.6750,141.1200,1.495e-07
Metal1,199.4450,148.9600,Metal1,199.6750,148.9600,5.595e-08
Metal1,199.4450,164.6400,Metal1,199.6750,164.6400,8.069e-07
Metal1,199.4450,172.4800,Metal1,199.6750,172.4800,5.938e-13
Metal1,199.4450,180.3200,Metal1,199.6750,180.3200,1.945e-08
Metal1,199.4450,211.6800,Metal1,199.6750,211.6800,1.133e-08
Metal1,199.6750,23.5200,Metal1,201.1250,23.5200,6.166e-13
Metal1,199.6750,31.3600,Metal1,201.1250,31.3600,5.880e-13
Metal1,199.6750,39.2000,Metal1,201.1250,39.2000,6.166e-13
Metal1,199.6750,47.0400,Metal1,201.1250,47.0400,5.962e-13
Metal1,199.6750,54.8800,Metal1,201.1250,54.8800,5.880e-13
Metal1,199.6750,62.7200,Metal1,201.1250,62.7200,7.187e-13
Metal1,199.6750,70.5600,Metal1,201.1250,70.5600,6.575e-13
Metal1,199.6750,78.4000,Metal1,201.1250,78.4000,5.921e-13
Metal1,199.6750,86.2400,Metal1,201.1250,86.2400,5.962e-13
Metal1,199.6750,94.0800,Metal1,201.1250,94.0800,5.921e-13
Metal1,199.6750,101.9200,Metal1,201.1250,101.9200,5.880e-13
Metal1,199.6750,109.7600,Metal1,201.6850,109.7600,2.946e-15
Metal1,199.6750,117.6000,Metal1,200.5650,117.6000,1.239e-11
Metal1,199.6750,125.4400,Metal1,200.5650,125.4400,2.295e-12
Metal1,199.6750,133.2800,Metal1,201.6850,133.2800,0.000e+00
Metal1,199.6750,141.1200,Metal1,200.9850,141.1200,5.701e-07
Metal1,199.6750,148.9600,Metal1,201.1250,148.9600,5.594e-08
Metal1,199.6750,164.6400,Metal1,201.6850,164.6400,2.713e-08
Metal1,199.6750,172.4800,Metal1,201.1250,172.4800,5.921e-13
Metal1,199.6750,180.3200,Metal1,200.8450,180.3200,1.944e-08
Metal1,199.6750,211.6800,Metal1,200.2850,211.6800,1.133e-08
Metal1,199.7100,188.1600,Metal1,200.0500,188.1600,2.291e-08
Metal1,200.0050,196.0000,Metal1,200.2350,196.0000,2.969e-06
Metal1,200.0500,188.1600,Metal1,201.1250,188.1600,2.291e-08
Metal1,200.2350,196.0000,Metal1,200.5650,196.0000,2.969e-06
Metal1,200.2850,211.6800,Metal1,200.5150,211.6800,1.365e-06
Metal1,200.5150,211.6800,Metal1,201.8450,211.6800,1.365e-06
Metal1,200.5650,117.6000,Metal1,200.7950,117.6000,1.247e-11
Metal1,200.5650,125.4400,Metal1,200.7950,125.4400,0.000e+00
Metal1,200.5650,196.0000,Metal1,200.7950,196.0000,2.132e-07
Metal1,200.6700,203.8400,Metal1,201.0100,203.8400,2.874e-06
Metal1,200.7950,117.6000,Metal1,201.6850,117.6000,1.247e-11
Metal1,200.7950,125.4400,Metal1,201.6850,125.4400,2.515e-12
Metal1,200.7950,196.0000,Metal1,202.8050,196.0000,8.280e-09
Metal1,200.8450,180.3200,Metal1,201.0750,180.3200,4.079e-06
Metal1,200.9850,141.1200,Metal1,201.2150,141.1200,1.232e-06
Metal1,201.0100,203.8400,Metal1,201.1250,203.8400,2.874e-06
Metal1,201.0750,180.3200,Metal1,202.8100,180.3200,4.079e-06
Metal1,201.1250,15.6800,Metal1,201.3550,15.6800,3.436e-12
Metal1,201.1250,23.5200,Metal1,201.3550,23.5200,7.423e-14
Metal1,201.1250,31.3600,Metal1,201.3550,31.3600,1.485e-13
Metal1,201.1250,39.2000,Metal1,201.3550,39.2000,1.485e-13
Metal1,201.1250,47.0400,Metal1,201.3550,47.0400,2.227e-13
Metal1,201.1250,54.8800,Metal1,201.3550,54.8800,1.485e-13
Metal1,201.1250,62.7200,Metal1,201.3550,62.7200,1.485e-13
Metal1,201.1250,70.5600,Metal1,201.3550,70.5600,2.227e-13
Metal1,201.1250,78.4000,Metal1,201.3550,78.4000,7.423e-14
Metal1,201.1250,86.2400,Metal1,201.3550,86.2400,2.227e-13
Metal1,201.1250,94.0800,Metal1,201.3550,94.0800,2.227e-13
Metal1,201.1250,101.9200,Metal1,201.3550,101.9200,1.485e-13
Metal1,201.1250,148.9600,Metal1,201.3550,148.9600,3.643e-07
Metal1,201.1250,156.8000,Metal1,201.1300,157.3650,6.303e-10
Metal1,201.1250,172.4800,Metal1,201.3550,172.4800,1.485e-13
Metal1,201.1250,188.1600,Metal1,201.3550,188.1600,1.470e-06
Metal1,201.1250,203.8400,Metal1,201.3550,203.8400,1.617e-07
Metal1,201.1250,219.5200,Metal1,201.3550,219.5200,3.388e-07
Metal1,201.1300,157.3650,Metal1,201.3550,156.3325,7.417e-09
Metal1,201.2150,141.1200,Metal1,201.6850,141.1200,1.232e-06
Metal1,201.3550,15.6800,Metal1,203.3650,15.6800,9.721e-14
Metal1,201.3550,23.5200,Metal1,201.6850,23.5200,2.871e-12
Metal1,201.3550,31.3600,Metal1,201.6850,31.3600,2.709e-12
Metal1,201.3550,39.2000,Metal1,201.6850,39.2000,2.835e-12
Metal1,201.3550,47.0400,Metal1,201.6850,47.0400,2.674e-12
Metal1,201.3550,54.8800,Metal1,201.6850,54.8800,2.691e-12
Metal1,201.3550,62.7200,Metal1,201.6850,62.7200,3.302e-12
Metal1,201.3550,70.5600,Metal1,201.6850,70.5600,2.996e-12
Metal1,201.3550,78.4000,Metal1,201.6850,78.4000,2.709e-12
Metal1,201.3550,86.2400,Metal1,201.6850,86.2400,2.709e-12
Metal1,201.3550,94.0800,Metal1,201.6850,94.0800,2.727e-12
Metal1,201.3550,101.9200,Metal1,201.6850,101.9200,2.727e-12
Metal1,201.3550,148.9600,Metal1,202.9700,148.9600,3.643e-07
Metal1,201.3550,156.3325,Metal1,201.4700,156.8000,7.417e-09
Metal1,201.3550,172.4800,Metal1,201.6850,172.4800,2.709e-12
Metal1,201.3550,188.1600,Metal1,202.9650,188.1600,1.470e-06
Metal1,201.3550,203.8400,Metal1,202.6650,203.8400,6.165e-07
Metal1,201.3550,219.5200,Metal1,204.5825,219.5200,3.388e-07
Metal1,201.4700,156.8000,Metal1,202.9650,156.8000,7.408e-09
Metal1,201.6850,23.5200,Metal1,201.9150,23.5200,1.485e-13
Metal1,201.6850,31.3600,Metal1,201.9150,31.3600,1.485e-13
Metal1,201.6850,39.2000,Metal1,201.9150,39.2000,1.485e-13
Metal1,201.6850,47.0400,Metal1,201.9150,47.0400,2.227e-13
Metal1,201.6850,54.8800,Metal1,201.9150,54.8800,2.227e-13
Metal1,201.6850,62.7200,Metal1,201.9150,62.7200,2.227e-13
Metal1,201.6850,70.5600,Metal1,201.9150,70.5600,2.227e-13
Metal1,201.6850,78.4000,Metal1,201.9150,78.4000,2.969e-13
Metal1,201.6850,86.2400,Metal1,201.9150,86.2400,1.485e-13
Metal1,201.6850,94.0800,Metal1,201.9150,94.0800,7.423e-14
Metal1,201.6850,101.9200,Metal1,201.9150,101.9200,1.485e-13
Metal1,201.6850,109.7600,Metal1,201.9150,109.7600,2.454e-12
Metal1,201.6850,117.6000,Metal1,201.9150,117.6000,7.423e-14
Metal1,201.6850,125.4400,Metal1,201.9150,125.4400,7.423e-14
Metal1,201.6850,133.2800,Metal1,201.9150,133.2800,1.485e-13
Metal1,201.6850,141.1200,Metal1,201.9150,141.1200,1.966e-09
Metal1,201.6850,164.6400,Metal1,201.9150,164.6400,7.427e-06
Metal1,201.6850,172.4800,Metal1,201.9150,172.4800,2.227e-13
Metal1,201.8450,211.6800,Metal1,202.0750,211.6800,9.760e-08
Metal1,201.9150,23.5200,Metal1,203.3650,23.5200,6.575e-13
Metal1,201.9150,31.3600,Metal1,203.3650,31.3600,6.248e-13
Metal1,201.9150,39.2000,Metal1,203.3650,39.2000,6.493e-13
Metal1,201.9150,47.0400,Metal1,203.3650,47.0400,6.166e-13
Metal1,201.9150,54.8800,Metal1,203.3650,54.8800,6.248e-13
Metal1,201.9150,62.7200,Metal1,203.3650,62.7200,7.595e-13
Metal1,201.9150,70.5600,Metal1,203.3650,70.5600,6.942e-13
Metal1,201.9150,78.4000,Metal1,203.3650,78.4000,6.248e-13
Metal1,201.9150,86.2400,Metal1,203.3650,86.2400,6.248e-13
Metal1,201.9150,94.0800,Metal1,203.3650,94.0800,6.289e-13
Metal1,201.9150,101.9200,Metal1,203.3650,101.9200,6.289e-13
Metal1,201.9150,109.7600,Metal1,203.9250,109.7600,2.946e-14
Metal1,201.9150,117.6000,Metal1,202.8050,117.6000,1.357e-11
Metal1,201.9150,125.4400,Metal1,202.8050,125.4400,2.508e-12
Metal1,201.9150,133.2800,Metal1,202.4650,133.2800,1.679e-12
Metal1,201.9150,141.1200,Metal1,203.9250,141.1200,1.966e-09
Metal1,201.9150,164.6400,Metal1,202.3500,164.6400,7.427e-06
Metal1,201.9150,172.4800,Metal1,203.3650,172.4800,6.248e-13
Metal1,202.0750,211.6800,Metal1,203.9250,211.6800,1.853e-10
Metal1,202.3500,164.6400,Metal1,202.6900,164.6400,1.090e-07
Metal1,202.4650,133.2800,Metal1,202.6950,133.2800,6.801e-13
Metal1,202.6650,203.8400,Metal1,202.8950,203.8400,1.332e-06
Metal1,202.6900,164.6400,Metal1,203.9250,164.6400,1.164e-09
Metal1,202.6950,133.2800,Metal1,203.9250,133.2800,6.740e-13
Metal1,202.8050,117.6000,Metal1,203.0350,117.6000,1.254e-11
Metal1,202.8050,125.4400,Metal1,203.0350,125.4400,2.301e-12
Metal1,202.8050,196.0000,Metal1,203.0350,196.0000,2.300e-06
Metal1,202.8100,180.3200,Metal1,203.1500,180.3200,1.307e-08
Metal1,202.8950,203.8400,Metal1,203.3650,203.8400,1.332e-06
Metal1,202.9650,156.8000,Metal1,203.1950,156.8000,4.182e-08
Metal1,202.9650,188.1600,Metal1,203.1950,188.1600,1.032e-07
Metal1,202.9700,148.9600,Metal1,203.2000,148.9600,4.896e-08
Metal1,203.0350,117.6000,Metal1,203.9250,117.6000,1.258e-11
Metal1,203.0350,125.4400,Metal1,203.9250,125.4400,2.289e-12
Metal1,203.0350,196.0000,Metal1,203.4700,196.0000,2.300e-06
Metal1,203.1500,180.3200,Metal1,204.4850,180.3200,1.292e-10
Metal1,203.1950,156.8000,Metal1,206.4700,156.8000,1.701e-07
Metal1,203.1950,188.1600,Metal1,205.6050,188.1600,3.808e-13
Metal1,203.2000,148.9600,Metal1,205.0100,148.9600,1.028e-09
Metal1,203.3650,15.6800,Metal1,203.5950,15.6800,3.436e-12
Metal1,203.3650,23.5200,Metal1,203.5950,23.5200,2.227e-12
Metal1,203.3650,31.3600,Metal1,203.5950,31.3600,2.153e-12
Metal1,203.3650,39.2000,Metal1,203.5950,39.2000,2.227e-12
Metal1,203.3650,47.0400,Metal1,203.5950,47.0400,2.153e-12
Metal1,203.3650,54.8800,Metal1,203.5950,54.8800,2.153e-12
Metal1,203.3650,62.7200,Metal1,203.5950,62.7200,2.598e-12
Metal1,203.3650,70.5600,Metal1,203.5950,70.5600,2.375e-12
Metal1,203.3650,78.4000,Metal1,203.5950,78.4000,2.153e-12
Metal1,203.3650,86.2400,Metal1,203.5950,86.2400,2.153e-12
Metal1,203.3650,94.0800,Metal1,203.5950,94.0800,2.227e-12
Metal1,203.3650,101.9200,Metal1,203.5950,101.9200,2.153e-12
Metal1,203.3650,172.4800,Metal1,203.5950,172.4800,2.153e-12
Metal1,203.3650,203.8400,Metal1,203.5950,203.8400,1.598e-09
Metal1,203.4700,196.0000,Metal1,203.8100,196.0000,8.363e-07
Metal1,203.5950,15.6800,Metal1,205.6050,15.6800,7.659e-14
Metal1,203.5950,23.5200,Metal1,203.9250,23.5200,2.333e-12
Metal1,203.5950,31.3600,Metal1,203.9250,31.3600,2.189e-12
Metal1,203.5950,39.2000,Metal1,203.9250,39.2000,2.261e-12
Metal1,203.5950,47.0400,Metal1,203.9250,47.0400,2.153e-12
Metal1,203.5950,54.8800,Metal1,203.9250,54.8800,2.171e-12
Metal1,203.5950,62.7200,Metal1,203.9250,62.7200,2.656e-12
Metal1,203.5950,70.5600,Metal1,203.9250,70.5600,2.440e-12
Metal1,203.5950,78.4000,Metal1,203.9250,78.4000,2.153e-12
Metal1,203.5950,86.2400,Metal1,203.9250,86.2400,2.189e-12
Metal1,203.5950,94.0800,Metal1,203.9250,94.0800,2.207e-12
Metal1,203.5950,101.9200,Metal1,203.9250,101.9200,2.207e-12
Metal1,203.5950,172.4800,Metal1,203.9250,172.4800,2.153e-12
Metal1,203.5950,203.8400,Metal1,205.6050,203.8400,1.598e-09
Metal1,203.8100,196.0000,Metal1,205.0450,196.0000,8.363e-07
Metal1,203.9250,23.5200,Metal1,204.1550,23.5200,6.681e-13
Metal1,203.9250,31.3600,Metal1,204.1550,31.3600,6.681e-13
Metal1,203.9250,39.2000,Metal1,204.1550,39.2000,5.938e-13
Metal1,203.9250,47.0400,Metal1,204.1550,47.0400,5.196e-13
Metal1,203.9250,54.8800,Metal1,204.1550,54.8800,5.196e-13
Metal1,203.9250,62.7200,Metal1,204.1550,62.7200,6.681e-13
Metal1,203.9250,70.5600,Metal1,204.1550,70.5600,6.681e-13
Metal1,203.9250,78.4000,Metal1,204.1550,78.4000,5.196e-13
Metal1,203.9250,86.2400,Metal1,204.1550,86.2400,5.938e-13
Metal1,203.9250,94.0800,Metal1,204.1550,94.0800,6.681e-13
Metal1,203.9250,101.9200,Metal1,204.1550,101.9200,5.196e-13
Metal1,203.9250,109.7600,Metal1,204.1550,109.7600,2.074e-11
Metal1,203.9250,117.6000,Metal1,204.1550,117.6000,1.759e-11
Metal1,203.9250,125.4400,Metal1,204.1550,125.4400,2.375e-12
Metal1,203.9250,133.2800,Metal1,204.1550,133.2800,6.606e-12
Metal1,203.9250,141.1200,Metal1,204.1550,141.1200,6.120e-07
Metal1,203.9250,164.6400,Metal1,204.1550,164.6400,1.089e-07
Metal1,203.9250,172.4800,Metal1,204.1550,172.4800,5.196e-13
Metal1,203.9250,211.6800,Metal1,204.1550,211.6800,2.589e-08
Metal1,204.1550,23.5200,Metal1,205.6050,23.5200,6.166e-13
Metal1,204.1550,31.3600,Metal1,205.6050,31.3600,5.758e-13
Metal1,204.1550,39.2000,Metal1,205.6050,39.2000,6.085e-13
Metal1,204.1550,47.0400,Metal1,205.6050,47.0400,5.840e-13
Metal1,204.1550,54.8800,Metal1,205.6050,54.8800,5.840e-13
Metal1,204.1550,62.7200,Metal1,205.6050,62.7200,7.105e-13
Metal1,204.1550,70.5600,Metal1,205.6050,70.5600,6.493e-13
Metal1,204.1550,78.4000,Metal1,205.6050,78.4000,5.840e-13
Metal1,204.1550,86.2400,Metal1,205.6050,86.2400,5.840e-13
Metal1,204.1550,94.0800,Metal1,205.6050,94.0800,5.840e-13
Metal1,204.1550,101.9200,Metal1,205.6050,101.9200,5.880e-13
Metal1,204.1550,109.7600,Metal1,206.1650,109.7600,4.242e-13
Metal1,204.1550,117.6000,Metal1,205.0450,117.6000,1.796e-13
Metal1,204.1550,125.4400,Metal1,205.0450,125.4400,2.355e-12
Metal1,204.1550,133.2800,Metal1,204.2050,133.2800,6.632e-12
Metal1,204.1550,141.1200,Metal1,205.3100,141.1200,6.120e-07
Metal1,204.1550,164.6400,Metal1,204.3450,164.6400,1.089e-07
Metal1,204.1550,172.4800,Metal1,205.6050,172.4800,5.799e-13
Metal1,204.1550,211.6800,Metal1,205.7700,211.6800,2.587e-08
Metal1,204.2050,133.2800,Metal1,204.4350,133.2800,5.441e-13
Metal1,204.3450,164.6400,Metal1,204.5750,164.6400,2.060e-10
Metal1,204.4350,133.2800,Metal1,206.1650,133.2800,5.339e-13
Metal1,204.4850,180.3200,Metal1,204.7150,180.3200,1.306e-08
Metal1,204.5750,164.6400,Metal1,206.4700,164.6400,1.859e-10
Metal1,204.5825,219.5200,Metal1,207.8100,219.5200,3.388e-07
Metal1,204.7150,180.3200,Metal1,206.4700,180.3200,1.305e-08
Metal1,205.0100,148.9600,Metal1,205.2400,148.9600,4.190e-09
Metal1,205.0450,117.6000,Metal1,205.2750,117.6000,7.571e-12
Metal1,205.0450,125.4400,Metal1,205.2750,125.4400,6.755e-12
Metal1,205.0450,196.0000,Metal1,205.2750,196.0000,4.290e-06
Metal1,205.2400,148.9600,Metal1,206.1300,148.9600,4.180e-09
Metal1,205.2750,117.6000,Metal1,206.1650,117.6000,2.368e-12
Metal1,205.2750,125.4400,Metal1,206.1650,125.4400,3.094e-12
Metal1,205.2750,196.0000,Metal1,205.4650,196.0000,4.290e-06
Metal1,205.3100,141.1200,Metal1,205.6500,141.1200,2.766e-08
Metal1,205.4650,196.0000,Metal1,205.6950,196.0000,8.600e-09
Metal1,205.6050,15.6800,Metal1,205.8350,15.6800,6.258e-12
Metal1,205.6050,23.5200,Metal1,205.8350,23.5200,2.078e-12
Metal1,205.6050,31.3600,Metal1,205.8350,31.3600,2.004e-12
Metal1,205.6050,39.2000,Metal1,205.8350,39.2000,2.078e-12
Metal1,205.6050,47.0400,Metal1,205.8350,47.0400,1.930e-12
Metal1,205.6050,54.8800,Metal1,205.8350,54.8800,1.930e-12
Metal1,205.6050,62.7200,Metal1,205.8350,62.7200,2.450e-12
Metal1,205.6050,70.5600,Metal1,205.8350,70.5600,2.227e-12
Metal1,205.6050,78.4000,Metal1,205.8350,78.4000,2.004e-12
Metal1,205.6050,86.2400,Metal1,205.8350,86.2400,2.004e-12
Metal1,205.6050,94.0800,Metal1,205.8350,94.0800,1.930e-12
Metal1,205.6050,101.9200,Metal1,205.8350,101.9200,2.004e-12
Metal1,205.6050,172.4800,Metal1,205.8350,172.4800,1.930e-12
Metal1,205.6050,188.1600,Metal1,205.8350,188.1600,6.413e-11
Metal1,205.6050,203.8400,Metal1,205.8350,203.8400,8.283e-07
Metal1,205.6500,141.1200,Metal1,206.4700,141.1200,6.658e-11
Metal1,205.6950,196.0000,Metal1,206.4700,196.0000,8.590e-09
Metal1,205.7700,211.6800,Metal1,206.0000,211.6800,2.650e-10
Metal1,205.8350,15.6800,Metal1,206.4700,15.6800,6.285e-12
Metal1,205.8350,23.5200,Metal1,206.1650,23.5200,2.135e-12
Metal1,205.8350,31.3600,Metal1,206.1650,31.3600,1.992e-12
Metal1,205.8350,39.2000,Metal1,206.1650,39.2000,2.117e-12
Metal1,205.8350,47.0400,Metal1,206.1650,47.0400,2.010e-12
Metal1,205.8350,54.8800,Metal1,206.1650,54.8800,2.046e-12
Metal1,205.8350,62.7200,Metal1,206.1650,62.7200,2.494e-12
Metal1,205.8350,70.5600,Metal1,206.1650,70.5600,2.243e-12
Metal1,205.8350,78.4000,Metal1,206.1650,78.4000,2.028e-12
Metal1,205.8350,86.2400,Metal1,206.1650,86.2400,2.010e-12
Metal1,205.8350,94.0800,Metal1,206.1650,94.0800,2.046e-12
Metal1,205.8350,101.9200,Metal1,206.1650,101.9200,2.028e-12
Metal1,205.8350,172.4800,Metal1,206.1650,172.4800,1.992e-12
Metal1,205.8350,188.1600,Metal1,206.4700,188.1600,6.411e-11
Metal1,205.8350,203.8400,Metal1,206.4700,203.8400,8.283e-07
Metal1,206.0000,211.6800,Metal1,206.4700,211.6800,2.651e-10
Metal1,206.1300,148.9600,Metal1,206.3600,148.9600,7.643e-11
Metal1,206.1650,23.5200,Metal1,206.3950,23.5200,1.039e-11
Metal1,206.1650,31.3600,Metal1,206.3950,31.3600,1.047e-11
Metal1,206.1650,39.2000,Metal1,206.3950,39.2000,1.047e-11
Metal1,206.1650,47.0400,Metal1,206.3950,47.0400,1.047e-11
Metal1,206.1650,54.8800,Metal1,206.3950,54.8800,1.047e-11
Metal1,206.1650,62.7200,Metal1,206.3950,62.7200,1.047e-11
Metal1,206.1650,70.5600,Metal1,206.3950,70.5600,1.047e-11
Metal1,206.1650,78.4000,Metal1,206.3950,78.4000,1.047e-11
Metal1,206.1650,86.2400,Metal1,206.3950,86.2400,1.047e-11
Metal1,206.1650,94.0800,Metal1,206.3950,94.0800,1.047e-11
Metal1,206.1650,101.9200,Metal1,206.3950,101.9200,1.047e-11
Metal1,206.1650,109.7600,Metal1,206.3950,109.7600,1.039e-11
Metal1,206.1650,117.6000,Metal1,206.3950,117.6000,1.047e-11
Metal1,206.1650,125.4400,Metal1,206.3950,125.4400,1.047e-11
Metal1,206.1650,133.2800,Metal1,206.3950,133.2800,1.047e-11
Metal1,206.1650,172.4800,Metal1,206.3950,172.4800,1.047e-11
Metal1,206.3600,148.9600,Metal1,206.4700,148.9600,7.644e-11
Metal1,206.3950,23.5200,Metal1,206.4700,23.5200,1.042e-11
Metal1,206.3950,31.3600,Metal1,206.4700,31.3600,1.042e-11
Metal1,206.3950,39.2000,Metal1,206.4700,39.2000,1.042e-11
Metal1,206.3950,47.0400,Metal1,206.4700,47.0400,1.034e-11
Metal1,206.3950,54.8800,Metal1,206.4700,54.8800,1.034e-11
Metal1,206.3950,62.7200,Metal1,206.4700,62.7200,1.034e-11
Metal1,206.3950,70.5600,Metal1,206.4700,70.5600,1.034e-11
Metal1,206.3950,78.4000,Metal1,206.4700,78.4000,1.034e-11
Metal1,206.3950,86.2400,Metal1,206.4700,86.2400,1.034e-11
Metal1,206.3950,94.0800,Metal1,206.4700,94.0800,1.042e-11
Metal1,206.3950,101.9200,Metal1,206.4700,101.9200,1.042e-11
Metal1,206.3950,109.7600,Metal1,206.4700,109.7600,1.042e-11
Metal1,206.3950,117.6000,Metal1,206.4700,117.6000,1.042e-11
Metal1,206.3950,125.4400,Metal1,206.4700,125.4400,1.034e-11
Metal1,206.3950,133.2800,Metal1,206.4700,133.2800,1.042e-11
Metal1,206.3950,172.4800,Metal1,206.4700,172.4800,1.042e-11
Metal1,206.4700,15.6800,Metal1,206.8100,15.6800,3.190e-12
Metal1,206.4700,23.5200,Metal1,206.8100,23.5200,9.306e-13
Metal1,206.4700,31.3600,Metal1,206.8100,31.3600,8.641e-13
Metal1,206.4700,39.2000,Metal1,206.8100,39.2000,8.641e-13
Metal1,206.4700,47.0400,Metal1,206.8100,47.0400,8.641e-13
Metal1,206.4700,54.8800,Metal1,206.8100,54.8800,8.641e-13
Metal1,206.4700,62.7200,Metal1,206.8100,62.7200,8.641e-13
Metal1,206.4700,70.5600,Metal1,206.8100,70.5600,8.641e-13
Metal1,206.4700,78.4000,Metal1,206.8100,78.4000,8.641e-13
Metal1,206.4700,86.2400,Metal1,206.8100,86.2400,7.976e-13
Metal1,206.4700,94.0800,Metal1,206.8100,94.0800,8.641e-13
Metal1,206.4700,101.9200,Metal1,206.8100,101.9200,9.306e-13
Metal1,206.4700,109.7600,Metal1,206.8100,109.7600,9.306e-13
Metal1,206.4700,117.6000,Metal1,206.8100,117.6000,9.306e-13
Metal1,206.4700,125.4400,Metal1,206.8100,125.4400,8.641e-13
Metal1,206.4700,133.2800,Metal1,206.8100,133.2800,8.641e-13
Metal1,206.4700,141.1200,Metal1,206.8100,141.1200,5.716e-11
Metal1,206.4700,148.9600,Metal1,206.8100,148.9600,6.707e-11
Metal1,206.4700,156.8000,Metal1,206.8100,156.8000,1.701e-07
Metal1,206.4700,164.6400,Metal1,206.8100,164.6400,1.765e-10
Metal1,206.4700,172.4800,Metal1,206.8100,172.4800,9.306e-13
Metal1,206.4700,180.3200,Metal1,206.8100,180.3200,1.304e-08
Metal1,206.4700,188.1600,Metal1,206.8100,188.1600,5.470e-11
Metal1,206.4700,196.0000,Metal1,206.8100,196.0000,8.581e-09
Metal1,206.4700,203.8400,Metal1,206.8100,203.8400,8.283e-07
Metal1,206.4700,211.6800,Metal1,206.8100,211.6800,2.550e-10
Metal1,206.8100,15.6800,Metal1,207.8450,15.6800,3.152e-12
Metal1,206.8100,23.5200,Metal1,208.4050,23.5200,8.761e-13
Metal1,206.8100,31.3600,Metal1,208.4050,31.3600,8.798e-13
Metal1,206.8100,39.2000,Metal1,208.4050,39.2000,8.761e-13
Metal1,206.8100,47.0400,Metal1,208.4050,47.0400,8.798e-13
Metal1,206.8100,54.8800,Metal1,208.4050,54.8800,8.724e-13
Metal1,206.8100,62.7200,Metal1,208.4050,62.7200,8.724e-13
Metal1,206.8100,70.5600,Metal1,208.4050,70.5600,8.724e-13
Metal1,206.8100,78.4000,Metal1,208.4050,78.4000,8.724e-13
Metal1,206.8100,86.2400,Metal1,208.4050,86.2400,8.761e-13
Metal1,206.8100,94.0800,Metal1,208.4050,94.0800,8.724e-13
Metal1,206.8100,101.9200,Metal1,208.4050,101.9200,8.724e-13
Metal1,206.8100,109.7600,Metal1,208.4050,109.7600,8.650e-13
Metal1,206.8100,117.6000,Metal1,208.4050,117.6000,8.761e-13
Metal1,206.8100,125.4400,Metal1,208.4050,125.4400,8.798e-13
Metal1,206.8100,133.2800,Metal1,208.4050,133.2800,8.687e-13
Metal1,206.8100,141.1200,Metal1,208.9650,141.1200,5.715e-11
Metal1,206.8100,148.9600,Metal1,208.9650,148.9600,6.706e-11
Metal1,206.8100,156.8000,Metal1,207.4450,156.8000,1.701e-07
Metal1,206.8100,164.6400,Metal1,208.6700,164.6400,1.765e-10
Metal1,206.8100,172.4800,Metal1,208.4050,172.4800,8.798e-13
Metal1,206.8100,180.3200,Metal1,208.9650,180.3200,4.133e-11
Metal1,206.8100,188.1600,Metal1,207.8450,188.1600,5.467e-11
Metal1,206.8100,196.0000,Metal1,208.9650,196.0000,8.581e-09
Metal1,206.8100,203.8400,Metal1,206.9900,203.8400,8.283e-07
Metal1,206.8100,211.6800,Metal1,207.8100,211.6800,2.037e-12
Metal1,206.9900,203.8400,Metal1,207.3300,203.8400,3.650e-08
Metal1,207.3300,203.8400,Metal1,207.4450,203.8400,3.650e-08
Metal1,207.4450,156.8000,Metal1,207.5500,157.3450,1.701e-07
Metal1,207.4450,203.8400,Metal1,207.6750,203.8400,4.262e-08
Metal1,207.5500,157.3450,Metal1,207.6750,156.3850,2.618e-07
Metal1,207.6750,156.3850,Metal1,207.8900,156.8000,1.038e-06
Metal1,207.6750,203.8400,Metal1,211.9850,203.8400,1.690e-09
Metal1,207.8100,211.6800,Metal1,208.0400,211.6800,5.431e-11
Metal1,207.8100,219.5200,Metal1,208.0400,219.5200,4.945e-11
Metal1,207.8450,15.6800,Metal1,208.0750,15.6800,8.165e-11
Metal1,207.8450,188.1600,Metal1,208.0750,188.1600,6.235e-12
Metal1,207.8900,156.8000,Metal1,212.3250,156.8000,4.098e-11
Metal1,208.0400,211.6800,Metal1,208.9650,211.6800,5.421e-11
Metal1,208.0400,219.5200,Metal1,210.6450,219.5200,2.273e-13
Metal1,208.0750,15.6800,Metal1,208.9650,15.6800,8.173e-11
Metal1,208.0750,188.1600,Metal1,208.9650,188.1600,6.207e-12
Metal1,208.4050,23.5200,Metal1,208.6350,23.5200,3.207e-11
Metal1,208.4050,31.3600,Metal1,208.6350,31.3600,3.207e-11
Metal1,208.4050,39.2000,Metal1,208.6350,39.2000,3.207e-11
Metal1,208.4050,47.0400,Metal1,208.6350,47.0400,3.207e-11
Metal1,208.4050,54.8800,Metal1,208.6350,54.8800,3.207e-11
Metal1,208.4050,62.7200,Metal1,208.6350,62.7200,3.207e-11
Metal1,208.4050,70.5600,Metal1,208.6350,70.5600,3.207e-11
Metal1,208.4050,78.4000,Metal1,208.6350,78.4000,3.207e-11
Metal1,208.4050,86.2400,Metal1,208.6350,86.2400,3.207e-11
Metal1,208.4050,94.0800,Metal1,208.6350,94.0800,3.207e-11
Metal1,208.4050,101.9200,Metal1,208.6350,101.9200,3.207e-11
Metal1,208.4050,109.7600,Metal1,208.6350,109.7600,3.207e-11
Metal1,208.4050,117.6000,Metal1,208.6350,117.6000,3.207e-11
Metal1,208.4050,125.4400,Metal1,208.6350,125.4400,3.207e-11
Metal1,208.4050,133.2800,Metal1,208.6350,133.2800,3.207e-11
Metal1,208.4050,172.4800,Metal1,208.6350,172.4800,3.207e-11
Metal1,208.6350,23.5200,Metal1,208.9650,23.5200,3.210e-11
Metal1,208.6350,31.3600,Metal1,208.9650,31.3600,3.208e-11
Metal1,208.6350,39.2000,Metal1,208.9650,39.2000,3.205e-11
Metal1,208.6350,47.0400,Metal1,208.9650,47.0400,3.208e-11
Metal1,208.6350,54.8800,Metal1,208.9650,54.8800,3.208e-11
Metal1,208.6350,62.7200,Metal1,208.9650,62.7200,3.206e-11
Metal1,208.6350,70.5600,Metal1,208.9650,70.5600,3.205e-11
Metal1,208.6350,78.4000,Metal1,208.9650,78.4000,3.206e-11
Metal1,208.6350,86.2400,Metal1,208.9650,86.2400,3.206e-11
Metal1,208.6350,94.0800,Metal1,208.9650,94.0800,3.205e-11
Metal1,208.6350,101.9200,Metal1,208.9650,101.9200,3.206e-11
Metal1,208.6350,109.7600,Metal1,208.9650,109.7600,3.206e-11
Metal1,208.6350,117.6000,Metal1,208.9650,117.6000,3.208e-11
Metal1,208.6350,125.4400,Metal1,208.9650,125.4400,3.206e-11
Metal1,208.6350,133.2800,Metal1,208.9650,133.2800,3.208e-11
Metal1,208.6350,172.4800,Metal1,208.9650,172.4800,3.208e-11
Metal1,208.6700,164.6400,Metal1,208.9650,164.1800,1.076e-13
Metal1,208.9650,15.6800,Metal1,209.1950,15.6800,1.789e-11
Metal1,208.9650,23.5200,Metal1,209.1950,23.5200,8.536e-12
Metal1,208.9650,31.3600,Metal1,209.1950,31.3600,8.536e-12
Metal1,208.9650,39.2000,Metal1,209.1950,39.2000,8.536e-12
Metal1,208.9650,47.0400,Metal1,209.1950,47.0400,8.536e-12
Metal1,208.9650,54.8800,Metal1,209.1950,54.8800,8.536e-12
Metal1,208.9650,62.7200,Metal1,209.1950,62.7200,8.536e-12
Metal1,208.9650,70.5600,Metal1,209.1950,70.5600,8.611e-12
Metal1,208.9650,78.4000,Metal1,209.1950,78.4000,8.536e-12
Metal1,208.9650,86.2400,Metal1,209.1950,86.2400,8.536e-12
Metal1,208.9650,94.0800,Metal1,209.1950,94.0800,8.536e-12
Metal1,208.9650,101.9200,Metal1,209.1950,101.9200,8.536e-12
Metal1,208.9650,109.7600,Metal1,209.1950,109.7600,8.536e-12
Metal1,208.9650,117.6000,Metal1,209.1950,117.6000,8.536e-12
Metal1,208.9650,125.4400,Metal1,209.1950,125.4400,8.536e-12
Metal1,208.9650,133.2800,Metal1,209.1950,133.2800,8.536e-12
Metal1,208.9650,141.1200,Metal1,209.1950,141.1200,8.165e-13
Metal1,208.9650,148.9600,Metal1,209.1950,148.9600,1.227e-13
Metal1,208.9650,164.1800,Metal1,209.0100,165.2050,9.878e-14
Metal1,208.9650,172.4800,Metal1,209.1950,172.4800,8.536e-12
Metal1,208.9650,180.3200,Metal1,209.1950,180.3200,1.960e-11
Metal1,208.9650,188.1600,Metal1,209.1950,188.1600,5.864e-12
Metal1,208.9650,196.0000,Metal1,209.1950,196.0000,2.180e-09
Metal1,208.9650,211.6800,Metal1,209.1950,211.6800,6.309e-12
Metal1,209.0100,165.2050,Metal1,209.1950,164.6400,6.463e-14
Metal1,209.1950,15.6800,Metal1,210.0850,15.6800,1.929e-13
Metal1,209.1950,23.5200,Metal1,210.6450,23.5200,8.559e-12
Metal1,209.1950,31.3600,Metal1,210.6450,31.3600,8.563e-12
Metal1,209.1950,39.2000,Metal1,210.6450,39.2000,8.559e-12
Metal1,209.1950,47.0400,Metal1,210.6450,47.0400,8.559e-12
Metal1,209.1950,54.8800,Metal1,210.6450,54.8800,8.563e-12
Metal1,209.1950,62.7200,Metal1,210.6450,62.7200,8.563e-12
Metal1,209.1950,70.5600,Metal1,210.6450,70.5600,8.555e-12
Metal1,209.1950,78.4000,Metal1,210.6450,78.4000,8.559e-12
Metal1,209.1950,86.2400,Metal1,210.6450,86.2400,8.563e-12
Metal1,209.1950,94.0800,Metal1,210.6450,94.0800,8.563e-12
Metal1,209.1950,101.9200,Metal1,210.6450,101.9200,8.559e-12
Metal1,209.1950,109.7600,Metal1,210.6450,109.7600,8.563e-12
Metal1,209.1950,117.6000,Metal1,210.6450,117.6000,8.563e-12
Metal1,209.1950,125.4400,Metal1,210.6450,125.4400,8.559e-12
Metal1,209.1950,133.2800,Metal1,210.6450,133.2800,8.559e-12
Metal1,209.1950,141.1200,Metal1,210.3050,141.1200,8.535e-13
Metal1,209.1950,148.9600,Metal1,211.2050,148.9600,1.031e-13
Metal1,209.1950,164.6400,Metal1,211.2050,164.6400,7.365e-14
Metal1,209.1950,172.4800,Metal1,210.6450,172.4800,8.563e-12
Metal1,209.1950,180.3200,Metal1,209.2300,180.3200,1.979e-11
Metal1,209.1950,188.1600,Metal1,210.0850,188.1600,5.841e-12
Metal1,209.1950,196.0000,Metal1,209.7900,196.0000,2.180e-09
Metal1,209.1950,211.6800,Metal1,210.0850,211.6800,6.287e-12
Metal1,209.2300,180.3200,Metal1,209.5700,180.3200,1.536e-12
Metal1,209.5700,180.3200,Metal1,211.2050,180.3200,1.485e-12
Metal1,209.7900,196.0000,Metal1,210.1300,196.0000,3.847e-11
Metal1,210.0850,15.6800,Metal1,210.3150,15.6800,7.868e-12
Metal1,210.0850,188.1600,Metal1,210.3150,188.1600,0.000e+00
Metal1,210.0850,211.6800,Metal1,210.3150,211.6800,5.938e-12
Metal1,210.1300,196.0000,Metal1,211.2050,196.0000,1.326e-09
Metal1,210.3050,141.1200,Metal1,210.5350,141.1200,8.161e-13
Metal1,210.3150,15.6800,Metal1,211.2050,15.6800,2.009e-12
Metal1,210.3150,188.1600,Metal1,211.2050,188.1600,6.400e-12
Metal1,210.3150,211.6800,Metal1,211.2050,211.6800,5.928e-12
Metal1,210.5350,141.1200,Metal1,211.2050,141.1200,8.307e-13
Metal1,210.6450,23.5200,Metal1,210.8750,23.5200,3.214e-11
Metal1,210.6450,31.3600,Metal1,210.8750,31.3600,3.214e-11
Metal1,210.6450,39.2000,Metal1,210.8750,39.2000,3.214e-11
Metal1,210.6450,47.0400,Metal1,210.8750,47.0400,3.214e-11
Metal1,210.6450,54.8800,Metal1,210.8750,54.8800,3.214e-11
Metal1,210.6450,62.7200,Metal1,210.8750,62.7200,3.214e-11
Metal1,210.6450,70.5600,Metal1,210.8750,70.5600,3.207e-11
Metal1,210.6450,78.4000,Metal1,210.8750,78.4000,3.214e-11
Metal1,210.6450,86.2400,Metal1,210.8750,86.2400,3.214e-11
Metal1,210.6450,94.0800,Metal1,210.8750,94.0800,3.214e-11
Metal1,210.6450,101.9200,Metal1,210.8750,101.9200,3.214e-11
Metal1,210.6450,109.7600,Metal1,210.8750,109.7600,3.207e-11
Metal1,210.6450,117.6000,Metal1,210.8750,117.6000,3.214e-11
Metal1,210.6450,125.4400,Metal1,210.8750,125.4400,3.207e-11
Metal1,210.6450,133.2800,Metal1,210.8750,133.2800,3.214e-11
Metal1,210.6450,172.4800,Metal1,210.8750,172.4800,3.207e-11
Metal1,210.6450,219.5200,Metal1,210.8750,219.5200,3.897e-11
Metal1,210.8750,23.5200,Metal1,211.2050,23.5200,3.212e-11
Metal1,210.8750,31.3600,Metal1,211.2050,31.3600,3.214e-11
Metal1,210.8750,39.2000,Metal1,211.2050,39.2000,3.212e-11
Metal1,210.8750,47.0400,Metal1,211.2050,47.0400,3.215e-11
Metal1,210.8750,54.8800,Metal1,211.2050,54.8800,3.214e-11
Metal1,210.8750,62.7200,Metal1,211.2050,62.7200,3.214e-11
Metal1,210.8750,70.5600,Metal1,211.2050,70.5600,3.215e-11
Metal1,210.8750,78.4000,Metal1,211.2050,78.4000,3.210e-11
Metal1,210.8750,86.2400,Metal1,211.2050,86.2400,3.215e-11
Metal1,210.8750,94.0800,Metal1,211.2050,94.0800,3.214e-11
Metal1,210.8750,101.9200,Metal1,211.2050,101.9200,3.212e-11
Metal1,210.8750,109.7600,Metal1,211.2050,109.7600,3.215e-11
Metal1,210.8750,117.6000,Metal1,211.2050,117.6000,3.215e-11
Metal1,210.8750,125.4400,Metal1,211.2050,125.4400,3.214e-11
Metal1,210.8750,133.2800,Metal1,211.2050,133.2800,3.212e-11
Metal1,210.8750,172.4800,Metal1,211.2050,172.4800,3.217e-11
Metal1,210.8750,219.5200,Metal1,212.0700,219.5200,3.076e-11
Metal1,211.2050,15.6800,Metal1,211.4350,15.6800,3.711e-13
Metal1,211.2050,23.5200,Metal1,211.4350,23.5200,2.375e-12
Metal1,211.2050,31.3600,Metal1,211.4350,31.3600,2.375e-12
Metal1,211.2050,39.2000,Metal1,211.4350,39.2000,2.450e-12
Metal1,211.2050,47.0400,Metal1,211.4350,47.0400,2.301e-12
Metal1,211.2050,54.8800,Metal1,211.4350,54.8800,2.450e-12
Metal1,211.2050,62.7200,Metal1,211.4350,62.7200,2.450e-12
Metal1,211.2050,70.5600,Metal1,211.4350,70.5600,2.450e-12
Metal1,211.2050,78.4000,Metal1,211.4350,78.4000,2.450e-12
Metal1,211.2050,86.2400,Metal1,211.4350,86.2400,2.301e-12
Metal1,211.2050,94.0800,Metal1,211.4350,94.0800,2.450e-12
Metal1,211.2050,101.9200,Metal1,211.4350,101.9200,2.450e-12
Metal1,211.2050,109.7600,Metal1,211.4350,109.7600,2.375e-12
Metal1,211.2050,117.6000,Metal1,211.4350,117.6000,2.450e-12
Metal1,211.2050,125.4400,Metal1,211.4350,125.4400,2.450e-12
Metal1,211.2050,133.2800,Metal1,211.4350,133.2800,2.375e-12
Metal1,211.2050,141.1200,Metal1,211.4350,141.1200,7.423e-14
Metal1,211.2050,148.9600,Metal1,211.4350,148.9600,2.454e-13
Metal1,211.2050,164.6400,Metal1,211.4350,164.6400,1.485e-13
Metal1,211.2050,172.4800,Metal1,211.4350,172.4800,2.450e-12
Metal1,211.2050,180.3200,Metal1,211.4350,180.3200,1.485e-13
Metal1,211.2050,188.1600,Metal1,211.4350,188.1600,7.423e-14
Metal1,211.2050,196.0000,Metal1,211.4350,196.0000,9.472e-11
Metal1,211.2050,211.6800,Metal1,211.4350,211.6800,1.485e-13
Metal1,211.4350,15.6800,Metal1,212.0700,15.6800,6.080e-12
Metal1,211.4350,23.5200,Metal1,212.8850,23.5200,1.107e-12
Metal1,211.4350,31.3600,Metal1,212.8850,31.3600,1.103e-12
Metal1,211.4350,39.2000,Metal1,212.8850,39.2000,1.098e-12
Metal1,211.4350,47.0400,Metal1,212.8850,47.0400,1.107e-12
Metal1,211.4350,54.8800,Metal1,212.8850,54.8800,1.103e-12
Metal1,211.4350,62.7200,Metal1,212.8850,62.7200,1.103e-12
Metal1,211.4350,70.5600,Metal1,212.8850,70.5600,1.103e-12
Metal1,211.4350,78.4000,Metal1,212.8850,78.4000,1.103e-12
Metal1,211.4350,86.2400,Metal1,212.8850,86.2400,1.107e-12
Metal1,211.4350,94.0800,Metal1,212.8850,94.0800,1.103e-12
Metal1,211.4350,101.9200,Metal1,212.8850,101.9200,1.103e-12
Metal1,211.4350,109.7600,Metal1,212.8850,109.7600,1.103e-12
Metal1,211.4350,117.6000,Metal1,212.8850,117.6000,1.103e-12
Metal1,211.4350,125.4400,Metal1,212.8850,125.4400,1.098e-12
Metal1,211.4350,133.2800,Metal1,212.8850,133.2800,1.107e-12
Metal1,211.4350,141.1200,Metal1,212.0450,141.1200,1.068e-12
Metal1,211.4350,148.9600,Metal1,213.4450,148.9600,0.000e+00
Metal1,211.4350,164.6400,Metal1,213.4450,164.6400,0.000e+00
Metal1,211.4350,172.4800,Metal1,212.8850,172.4800,1.103e-12
Metal1,211.4350,180.3200,Metal1,213.4450,180.3200,2.946e-15
Metal1,211.4350,188.1600,Metal1,212.3250,188.1600,6.367e-12
Metal1,211.4350,196.0000,Metal1,213.4450,196.0000,3.606e-12
Metal1,211.4350,211.6800,Metal1,212.3250,211.6800,6.480e-12
Metal1,211.9850,203.8400,Metal1,212.2150,203.8400,1.081e-11
Metal1,212.0450,141.1200,Metal1,212.2750,141.1200,4.761e-13
Metal1,212.0700,15.6800,Metal1,212.4100,15.6800,3.323e-12
Metal1,212.0700,219.5200,Metal1,212.4100,219.5200,2.014e-11
Metal1,212.2150,203.8400,Metal1,212.3250,203.8400,1.087e-11
Metal1,212.2750,141.1200,Metal1,213.4450,141.1200,5.213e-13
Metal1,212.3250,156.8000,Metal1,212.5550,156.8000,2.524e-12
Metal1,212.3250,188.1600,Metal1,212.5550,188.1600,5.716e-12
Metal1,212.3250,203.8400,Metal1,212.5550,203.8400,1.061e-11
Metal1,212.3250,211.6800,Metal1,212.5550,211.6800,0.000e+00
Metal1,212.4100,15.6800,Metal1,213.4450,15.6800,3.370e-12
Metal1,212.4100,219.5200,Metal1,214.5650,219.5200,2.014e-11
Metal1,212.5550,156.8000,Metal1,213.4450,156.8000,2.428e-12
Metal1,212.5550,188.1600,Metal1,213.4450,188.1600,5.815e-12
Metal1,212.5550,203.8400,Metal1,213.7250,203.8400,1.062e-11
Metal1,212.5550,211.6800,Metal1,213.4450,211.6800,6.447e-12
Metal1,212.8850,23.5200,Metal1,213.1150,23.5200,2.227e-13
Metal1,212.8850,31.3600,Metal1,213.1150,31.3600,1.485e-13
Metal1,212.8850,39.2000,Metal1,213.1150,39.2000,2.227e-13
Metal1,212.8850,47.0400,Metal1,213.1150,47.0400,1.485e-13
Metal1,212.8850,54.8800,Metal1,213.1150,54.8800,1.485e-13
Metal1,212.8850,62.7200,Metal1,213.1150,62.7200,2.227e-13
Metal1,212.8850,70.5600,Metal1,213.1150,70.5600,2.227e-13
Metal1,212.8850,78.4000,Metal1,213.1150,78.4000,1.485e-13
Metal1,212.8850,86.2400,Metal1,213.1150,86.2400,1.485e-13
Metal1,212.8850,94.0800,Metal1,213.1150,94.0800,1.485e-13
Metal1,212.8850,101.9200,Metal1,213.1150,101.9200,1.485e-13
Metal1,212.8850,109.7600,Metal1,213.1150,109.7600,2.227e-13
Metal1,212.8850,117.6000,Metal1,213.1150,117.6000,2.969e-13
Metal1,212.8850,125.4400,Metal1,213.1150,125.4400,2.227e-13
Metal1,212.8850,133.2800,Metal1,213.1150,133.2800,2.227e-13
Metal1,212.8850,172.4800,Metal1,213.1150,172.4800,1.485e-13
Metal1,213.1150,23.5200,Metal1,213.4450,23.5200,4.647e-12
Metal1,213.1150,31.3600,Metal1,213.4450,31.3600,4.683e-12
Metal1,213.1150,39.2000,Metal1,213.4450,39.2000,4.629e-12
Metal1,213.1150,47.0400,Metal1,213.4450,47.0400,4.665e-12
Metal1,213.1150,54.8800,Metal1,213.4450,54.8800,4.665e-12
Metal1,213.1150,62.7200,Metal1,213.4450,62.7200,4.647e-12
Metal1,213.1150,70.5600,Metal1,213.4450,70.5600,4.647e-12
Metal1,213.1150,78.4000,Metal1,213.4450,78.4000,4.683e-12
Metal1,213.1150,86.2400,Metal1,213.4450,86.2400,4.683e-12
Metal1,213.1150,94.0800,Metal1,213.4450,94.0800,4.683e-12
Metal1,213.1150,101.9200,Metal1,213.4450,101.9200,4.665e-12
Metal1,213.1150,109.7600,Metal1,213.4450,109.7600,4.647e-12
Metal1,213.1150,117.6000,Metal1,213.4450,117.6000,4.629e-12
Metal1,213.1150,125.4400,Metal1,213.4450,125.4400,4.629e-12
Metal1,213.1150,133.2800,Metal1,213.4450,133.2800,4.629e-12
Metal1,213.1150,172.4800,Metal1,213.4450,172.4800,4.665e-12
Metal1,213.4450,15.6800,Metal1,213.6750,15.6800,1.366e-11
Metal1,213.4450,23.5200,Metal1,213.6750,23.5200,9.650e-13
Metal1,213.4450,31.3600,Metal1,213.6750,31.3600,1.039e-12
Metal1,213.4450,39.2000,Metal1,213.6750,39.2000,1.039e-12
Metal1,213.4450,47.0400,Metal1,213.6750,47.0400,1.039e-12
Metal1,213.4450,54.8800,Metal1,213.6750,54.8800,1.039e-12
Metal1,213.4450,62.7200,Metal1,213.6750,62.7200,9.650e-13
Metal1,213.4450,70.5600,Metal1,213.6750,70.5600,1.039e-12
Metal1,213.4450,78.4000,Metal1,213.6750,78.4000,1.039e-12
Metal1,213.4450,86.2400,Metal1,213.6750,86.2400,1.039e-12
Metal1,213.4450,94.0800,Metal1,213.6750,94.0800,1.039e-12
Metal1,213.4450,101.9200,Metal1,213.6750,101.9200,1.039e-12
Metal1,213.4450,109.7600,Metal1,213.6750,109.7600,1.039e-12
Metal1,213.4450,117.6000,Metal1,213.6750,117.6000,9.650e-13
Metal1,213.4450,125.4400,Metal1,213.6750,125.4400,1.039e-12
Metal1,213.4450,133.2800,Metal1,213.6750,133.2800,9.650e-13
Metal1,213.4450,141.1200,Metal1,213.6750,141.1200,7.423e-14
Metal1,213.4450,148.9600,Metal1,213.6750,148.9600,2.454e-13
Metal1,213.4450,156.8000,Metal1,213.6750,156.8000,7.423e-14
Metal1,213.4450,164.6400,Metal1,213.6650,165.2050,3.843e-15
Metal1,213.4450,172.4800,Metal1,213.6750,172.4800,1.039e-12
Metal1,213.4450,180.3200,Metal1,213.6750,180.3200,1.930e-12
Metal1,213.4450,188.1600,Metal1,213.6750,188.1600,5.790e-12
Metal1,213.4450,196.0000,Metal1,213.6750,196.0000,1.189e-09
Metal1,213.4450,211.6800,Metal1,213.6750,211.6800,5.864e-12
Metal1,213.6650,165.2050,Metal1,213.6750,164.1475,8.212e-15
Metal1,213.6750,15.6800,Metal1,214.5650,15.6800,1.365e-11
Metal1,213.6750,23.5200,Metal1,215.1250,23.5200,1.009e-12
Metal1,213.6750,31.3600,Metal1,215.1250,31.3600,1.013e-12
Metal1,213.6750,39.2000,Metal1,215.1250,39.2000,1.005e-12
Metal1,213.6750,47.0400,Metal1,215.1250,47.0400,1.009e-12
Metal1,213.6750,54.8800,Metal1,215.1250,54.8800,1.005e-12
Metal1,213.6750,62.7200,Metal1,215.1250,62.7200,1.009e-12
Metal1,213.6750,70.5600,Metal1,215.1250,70.5600,1.000e-12
Metal1,213.6750,78.4000,Metal1,215.1250,78.4000,1.017e-12
Metal1,213.6750,86.2400,Metal1,215.1250,86.2400,1.009e-12
Metal1,213.6750,94.0800,Metal1,215.1250,94.0800,1.009e-12
Metal1,213.6750,101.9200,Metal1,215.1250,101.9200,1.000e-12
Metal1,213.6750,109.7600,Metal1,215.1250,109.7600,1.005e-12
Metal1,213.6750,117.6000,Metal1,215.1250,117.6000,1.005e-12
Metal1,213.6750,125.4400,Metal1,215.1250,125.4400,1.000e-12
Metal1,213.6750,133.2800,Metal1,215.1250,133.2800,1.000e-12
Metal1,213.6750,141.1200,Metal1,215.6850,141.1200,1.326e-13
Metal1,213.6750,148.9600,Metal1,215.6850,148.9600,6.775e-14
Metal1,213.6750,156.8000,Metal1,214.5650,156.8000,2.355e-12
Metal1,213.6750,164.1475,Metal1,213.8950,164.6400,1.763e-14
Metal1,213.6750,172.4800,Metal1,215.1250,172.4800,1.005e-12
Metal1,213.6750,180.3200,Metal1,215.1250,180.3200,1.903e-12
Metal1,213.6750,188.1600,Metal1,214.5650,188.1600,5.808e-12
Metal1,213.6750,196.0000,Metal1,214.7850,196.0000,1.189e-09
Metal1,213.6750,211.6800,Metal1,214.5650,211.6800,5.881e-12
Metal1,213.7250,203.8400,Metal1,213.9550,203.8400,1.911e-11
Metal1,213.8950,164.6400,Metal1,215.4050,164.6400,7.843e-15
Metal1,213.9550,203.8400,Metal1,214.5650,203.8400,1.907e-11
Metal1,214.5650,15.6800,Metal1,214.7950,15.6800,1.485e-13
Metal1,214.5650,156.8000,Metal1,214.7950,156.8000,1.485e-13
Metal1,214.5650,188.1600,Metal1,214.7950,188.1600,6.013e-12
Metal1,214.5650,203.8400,Metal1,214.7950,203.8400,2.672e-12
Metal1,214.5650,211.6800,Metal1,214.7950,211.6800,5.864e-12
Metal1,214.5650,219.5200,Metal1,214.7950,219.5200,1.410e-12
Metal1,214.7850,196.0000,Metal1,215.0150,196.0000,1.844e-09
Metal1,214.7950,15.6800,Metal1,215.6850,15.6800,1.479e-11
Metal1,214.7950,156.8000,Metal1,215.6850,156.8000,2.362e-12
Metal1,214.7950,188.1600,Metal1,215.6850,188.1600,6.074e-12
Metal1,214.7950,203.8400,Metal1,216.8050,203.8400,5.008e-14
Metal1,214.7950,211.6800,Metal1,215.6850,211.6800,5.875e-12
Metal1,214.7950,219.5200,Metal1,216.8050,219.5200,3.830e-14
Metal1,215.0150,196.0000,Metal1,215.6850,196.0000,1.844e-09
Metal1,215.1250,23.5200,Metal1,215.3550,23.5200,2.895e-12
Metal1,215.1250,31.3600,Metal1,215.3550,31.3600,2.969e-12
Metal1,215.1250,39.2000,Metal1,215.3550,39.2000,2.895e-12
Metal1,215.1250,47.0400,Metal1,215.3550,47.0400,2.969e-12
Metal1,215.1250,54.8800,Metal1,215.3550,54.8800,2.895e-12
Metal1,215.1250,62.7200,Metal1,215.3550,62.7200,2.895e-12
Metal1,215.1250,70.5600,Metal1,215.3550,70.5600,2.895e-12
Metal1,215.1250,78.4000,Metal1,215.3550,78.4000,2.969e-12
Metal1,215.1250,86.2400,Metal1,215.3550,86.2400,2.895e-12
Metal1,215.1250,94.0800,Metal1,215.3550,94.0800,2.969e-12
Metal1,215.1250,101.9200,Metal1,215.3550,101.9200,2.895e-12
Metal1,215.1250,109.7600,Metal1,215.3550,109.7600,2.895e-12
Metal1,215.1250,117.6000,Metal1,215.3550,117.6000,2.895e-12
Metal1,215.1250,125.4400,Metal1,215.3550,125.4400,2.895e-12
Metal1,215.1250,133.2800,Metal1,215.3550,133.2800,2.895e-12
Metal1,215.1250,172.4800,Metal1,215.3550,172.4800,2.969e-12
Metal1,215.1250,180.3200,Metal1,215.3550,180.3200,3.711e-13
Metal1,215.3550,23.5200,Metal1,215.6850,23.5200,2.979e-12
Metal1,215.3550,31.3600,Metal1,215.6850,31.3600,2.979e-12
Metal1,215.3550,39.2000,Metal1,215.6850,39.2000,2.979e-12
Metal1,215.3550,47.0400,Metal1,215.6850,47.0400,2.961e-12
Metal1,215.3550,54.8800,Metal1,215.6850,54.8800,2.979e-12
Metal1,215.3550,62.7200,Metal1,215.6850,62.7200,2.979e-12
Metal1,215.3550,70.5600,Metal1,215.6850,70.5600,2.979e-12
Metal1,215.3550,78.4000,Metal1,215.6850,78.4000,2.979e-12
Metal1,215.3550,86.2400,Metal1,215.6850,86.2400,2.979e-12
Metal1,215.3550,94.0800,Metal1,215.6850,94.0800,2.961e-12
Metal1,215.3550,101.9200,Metal1,215.6850,101.9200,2.961e-12
Metal1,215.3550,109.7600,Metal1,215.6850,109.7600,2.961e-12
Metal1,215.3550,117.6000,Metal1,215.6850,117.6000,2.961e-12
Metal1,215.3550,125.4400,Metal1,215.6850,125.4400,2.961e-12
Metal1,215.3550,133.2800,Metal1,215.6850,133.2800,2.943e-12
Metal1,215.3550,172.4800,Metal1,215.6850,172.4800,2.961e-12
Metal1,215.3550,180.3200,Metal1,215.6850,180.3200,7.823e-12
Metal1,215.4050,164.6400,Metal1,215.6350,164.6400,4.897e-12
Metal1,215.6350,164.6400,Metal1,215.6850,164.6400,4.737e-12
Metal1,215.6850,15.6800,Metal1,215.9150,15.6800,1.381e-11
Metal1,215.6850,23.5200,Metal1,215.9150,23.5200,5.203e-11
Metal1,215.6850,31.3600,Metal1,215.9150,31.3600,5.203e-11
Metal1,215.6850,39.2000,Metal1,215.9150,39.2000,5.196e-11
Metal1,215.6850,47.0400,Metal1,215.9150,47.0400,5.203e-11
Metal1,215.6850,54.8800,Metal1,215.9150,54.8800,5.196e-11
Metal1,215.6850,62.7200,Metal1,215.9150,62.7200,5.203e-11
Metal1,215.6850,70.5600,Metal1,215.9150,70.5600,5.196e-11
Metal1,215.6850,78.4000,Metal1,215.9150,78.4000,5.203e-11
Metal1,215.6850,86.2400,Metal1,215.9150,86.2400,5.203e-11
Metal1,215.6850,94.0800,Metal1,215.9150,94.0800,5.203e-11
Metal1,215.6850,101.9200,Metal1,215.9150,101.9200,5.203e-11
Metal1,215.6850,109.7600,Metal1,215.9150,109.7600,5.203e-11
Metal1,215.6850,117.6000,Metal1,215.9150,117.6000,5.196e-11
Metal1,215.6850,125.4400,Metal1,215.9150,125.4400,5.203e-11
Metal1,215.6850,133.2800,Metal1,215.9150,133.2800,5.203e-11
Metal1,215.6850,141.1200,Metal1,215.9150,141.1200,6.136e-12
Metal1,215.6850,148.9600,Metal1,215.9150,148.9600,4.320e-11
Metal1,215.6850,156.8000,Metal1,215.9150,156.8000,2.078e-12
Metal1,215.6850,164.6400,Metal1,215.9150,164.6400,3.088e-11
Metal1,215.6850,172.4800,Metal1,215.9150,172.4800,5.203e-11
Metal1,215.6850,180.3200,Metal1,215.9150,180.3200,3.860e-11
Metal1,215.6850,188.1600,Metal1,215.9150,188.1600,3.244e-11
Metal1,215.6850,196.0000,Metal1,215.9150,196.0000,2.034e-09
Metal1,215.6850,211.6800,Metal1,215.9150,211.6800,6.087e-12
Metal1,215.9150,15.6800,Metal1,216.8050,15.6800,1.380e-11
Metal1,215.9150,23.5200,Metal1,217.3650,23.5200,5.309e-14
Metal1,215.9150,31.3600,Metal1,217.3650,31.3600,5.309e-14
Metal1,215.9150,39.2000,Metal1,217.3650,39.2000,5.717e-14
Metal1,215.9150,47.0400,Metal1,217.3650,47.0400,5.309e-14
Metal1,215.9150,54.8800,Metal1,217.3650,54.8800,5.309e-14
Metal1,215.9150,62.7200,Metal1,217.3650,62.7200,5.309e-14
Metal1,215.9150,70.5600,Metal1,217.3650,70.5600,5.717e-14
Metal1,215.9150,78.4000,Metal1,217.3650,78.4000,5.309e-14
Metal1,215.9150,86.2400,Metal1,217.3650,86.2400,5.717e-14
Metal1,215.9150,94.0800,Metal1,217.3650,94.0800,5.309e-14
Metal1,215.9150,101.9200,Metal1,217.3650,101.9200,5.309e-14
Metal1,215.9150,109.7600,Metal1,217.3650,109.7600,5.717e-14
Metal1,215.9150,117.6000,Metal1,217.3650,117.6000,5.717e-14
Metal1,215.9150,125.4400,Metal1,217.3650,125.4400,5.309e-14
Metal1,215.9150,133.2800,Metal1,217.3650,133.2800,5.309e-14
Metal1,215.9150,141.1200,Metal1,217.9250,141.1200,4.713e-14
Metal1,215.9150,148.9600,Metal1,217.9250,148.9600,1.061e-13
Metal1,215.9150,156.8000,Metal1,216.8050,156.8000,2.049e-12
Metal1,215.9150,164.6400,Metal1,217.9250,164.6400,1.738e-13
Metal1,215.9150,172.4800,Metal1,217.3650,172.4800,5.309e-14
Metal1,215.9150,180.3200,Metal1,217.3650,180.3200,2.981e-13
Metal1,215.9150,188.1600,Metal1,216.8050,188.1600,3.242e-11
Metal1,215.9150,196.0000,Metal1,216.5250,196.0000,2.034e-09
Metal1,215.9150,211.6800,Metal1,216.8050,211.6800,6.134e-12
Metal1,216.5250,196.0000,Metal1,216.7550,196.0000,3.081e-11
Metal1,216.7550,196.0000,Metal1,217.9250,196.0000,2.935e-13
Metal1,216.8050,15.6800,Metal1,217.0350,15.6800,3.147e-11
Metal1,216.8050,156.8000,Metal1,217.0350,156.8000,1.744e-11
Metal1,216.8050,188.1600,Metal1,217.0350,188.1600,3.786e-12
Metal1,216.8050,203.8400,Metal1,217.0350,203.8400,6.681e-13
Metal1,216.8050,211.6800,Metal1,217.0350,211.6800,3.140e-11
Metal1,216.8050,219.5200,Metal1,217.0350,219.5200,9.724e-12
Metal1,217.0350,15.6800,Metal1,217.9250,15.6800,3.925e-13
Metal1,217.0350,156.8000,Metal1,217.9250,156.8000,1.863e-13
Metal1,217.0350,188.1600,Metal1,217.9250,188.1600,2.062e-13
Metal1,217.0350,203.8400,Metal1,217.3650,203.8400,6.998e-13
Metal1,217.0350,211.6800,Metal1,217.9250,211.6800,3.925e-13
Metal1,217.0350,219.5200,Metal1,219.0450,219.5200,3.535e-14
Metal1,217.3650,23.5200,Metal1,217.5950,23.5200,9.650e-13
Metal1,217.3650,31.3600,Metal1,217.5950,31.3600,9.650e-13
Metal1,217.3650,39.2000,Metal1,217.5950,39.2000,9.650e-13
Metal1,217.3650,47.0400,Metal1,217.5950,47.0400,9.650e-13
Metal1,217.3650,54.8800,Metal1,217.5950,54.8800,9.650e-13
Metal1,217.3650,62.7200,Metal1,217.5950,62.7200,9.650e-13
Metal1,217.3650,70.5600,Metal1,217.5950,70.5600,9.650e-13
Metal1,217.3650,78.4000,Metal1,217.5950,78.4000,9.650e-13
Metal1,217.3650,86.2400,Metal1,217.5950,86.2400,9.650e-13
Metal1,217.3650,94.0800,Metal1,217.5950,94.0800,9.650e-13
Metal1,217.3650,101.9200,Metal1,217.5950,101.9200,9.650e-13
Metal1,217.3650,109.7600,Metal1,217.5950,109.7600,8.908e-13
Metal1,217.3650,117.6000,Metal1,217.5950,117.6000,9.650e-13
Metal1,217.3650,125.4400,Metal1,217.5950,125.4400,8.908e-13
Metal1,217.3650,133.2800,Metal1,217.5950,133.2800,1.039e-12
Metal1,217.3650,172.4800,Metal1,217.5950,172.4800,9.650e-13
Metal1,217.3650,180.3200,Metal1,217.5950,180.3200,2.153e-12
Metal1,217.3650,203.8400,Metal1,217.5950,203.8400,9.353e-12
Metal1,217.5950,23.5200,Metal1,217.9250,23.5200,9.689e-13
Metal1,217.5950,31.3600,Metal1,217.9250,31.3600,9.869e-13
Metal1,217.5950,39.2000,Metal1,217.9250,39.2000,9.689e-13
Metal1,217.5950,47.0400,Metal1,217.9250,47.0400,9.689e-13
Metal1,217.5950,54.8800,Metal1,217.9250,54.8800,9.689e-13
Metal1,217.5950,62.7200,Metal1,217.9250,62.7200,9.689e-13
Metal1,217.5950,70.5600,Metal1,217.9250,70.5600,9.510e-13
Metal1,217.5950,78.4000,Metal1,217.9250,78.4000,9.689e-13
Metal1,217.5950,86.2400,Metal1,217.9250,86.2400,9.510e-13
Metal1,217.5950,94.0800,Metal1,217.9250,94.0800,9.689e-13
Metal1,217.5950,101.9200,Metal1,217.9250,101.9200,9.689e-13
Metal1,217.5950,109.7600,Metal1,217.9250,109.7600,9.689e-13
Metal1,217.5950,117.6000,Metal1,217.9250,117.6000,9.510e-13
Metal1,217.5950,125.4400,Metal1,217.9250,125.4400,9.869e-13
Metal1,217.5950,133.2800,Metal1,217.9250,133.2800,9.869e-13
Metal1,217.5950,172.4800,Metal1,217.9250,172.4800,9.869e-13
Metal1,217.5950,180.3200,Metal1,217.9250,180.3200,2.153e-12
Metal1,217.5950,203.8400,Metal1,219.0450,203.8400,6.615e-13
Metal1,217.9250,15.6800,Metal1,218.1550,15.6800,2.138e-11
Metal1,217.9250,23.5200,Metal1,218.1550,23.5200,3.088e-11
Metal1,217.9250,31.3600,Metal1,218.1550,31.3600,3.088e-11
Metal1,217.9250,39.2000,Metal1,218.1550,39.2000,3.088e-11
Metal1,217.9250,47.0400,Metal1,218.1550,47.0400,3.088e-11
Metal1,217.9250,54.8800,Metal1,218.1550,54.8800,3.088e-11
Metal1,217.9250,62.7200,Metal1,218.1550,62.7200,3.088e-11
Metal1,217.9250,70.5600,Metal1,218.1550,70.5600,3.088e-11
Metal1,217.9250,78.4000,Metal1,218.1550,78.4000,3.088e-11
Metal1,217.9250,86.2400,Metal1,218.1550,86.2400,3.088e-11
Metal1,217.9250,94.0800,Metal1,218.1550,94.0800,3.088e-11
Metal1,217.9250,101.9200,Metal1,218.1550,101.9200,3.088e-11
Metal1,217.9250,109.7600,Metal1,218.1550,109.7600,3.088e-11
Metal1,217.9250,117.6000,Metal1,218.1550,117.6000,3.088e-11
Metal1,217.9250,125.4400,Metal1,218.1550,125.4400,3.088e-11
Metal1,217.9250,133.2800,Metal1,218.1550,133.2800,3.088e-11
Metal1,217.9250,141.1200,Metal1,218.1550,141.1200,2.086e-11
Metal1,217.9250,148.9600,Metal1,218.1550,148.9600,2.086e-11
Metal1,217.9250,156.8000,Metal1,218.1550,156.8000,7.349e-12
Metal1,217.9250,164.6400,Metal1,218.1550,164.6400,2.145e-11
Metal1,217.9250,172.4800,Metal1,218.1550,172.4800,3.088e-11
Metal1,217.9250,180.3200,Metal1,218.1550,180.3200,3.088e-11
Metal1,217.9250,188.1600,Metal1,218.1550,188.1600,8.759e-12
Metal1,217.9250,196.0000,Metal1,218.1550,196.0000,2.086e-11
Metal1,217.9250,211.6800,Metal1,218.1550,211.6800,2.145e-11
Metal1,218.1550,15.6800,Metal1,219.0450,15.6800,7.984e-14
Metal1,218.1550,156.8000,Metal1,219.0450,156.8000,2.521e-12
Metal1,218.1550,164.6400,Metal1,219.0450,164.6400,7.984e-14
Metal1,218.1550,188.1600,Metal1,219.0450,188.1600,1.104e-12
Metal1,218.1550,211.6800,Metal1,219.0450,211.6800,7.318e-14
Metal1,219.0450,15.6800,Metal1,219.2750,15.6800,0.000e+00
Metal1,219.0450,156.8000,Metal1,219.2750,156.8000,0.000e+00
Metal1,219.0450,164.6400,Metal1,219.2750,164.6400,0.000e+00
Metal1,219.0450,188.1600,Metal1,219.2750,188.1600,0.000e+00
Metal1,219.0450,203.8400,Metal1,219.2750,203.8400,0.000e+00
Metal1,219.0450,211.6800,Metal1,219.2750,211.6800,0.000e+00
Metal1,219.0450,219.5200,Metal1,219.2750,219.5200,0.000e+00
Metal2,103.2000,15.6800,Metal3,103.2000,15.6800,5.145e-05
Metal2,103.2000,23.5200,Metal3,103.2000,23.5200,6.011e-10
Metal2,103.2000,31.3600,Metal3,103.2000,31.3600,6.071e-10
Metal2,103.2000,39.2000,Metal3,103.2000,39.2000,5.969e-10
Metal2,103.2000,47.0400,Metal3,103.2000,47.0400,3.521e-05
Metal2,103.2000,54.8800,Metal3,103.2000,54.8800,5.997e-10
Metal2,103.2000,62.7200,Metal3,103.2000,62.7200,4.437e-05
Metal2,103.2000,70.5600,Metal3,103.2000,70.5600,4.443e-05
Metal2,103.2000,78.4000,Metal3,103.2000,78.4000,4.998e-05
Metal2,103.2000,86.2400,Metal3,103.2000,86.2400,4.471e-05
Metal2,103.2000,94.0800,Metal3,103.2000,94.0800,5.401e-05
Metal2,103.2000,101.9200,Metal3,103.2000,101.9200,1.119e-04
Metal2,103.2000,109.7600,Metal3,103.2000,109.7600,3.324e-05
Metal2,103.2000,117.6000,Metal3,103.2000,117.6000,3.211e-05
Metal2,103.2000,125.4400,Metal3,103.2000,125.4400,4.672e-05
Metal2,103.2000,133.2800,Metal3,103.2000,133.2800,8.680e-05
Metal2,103.2000,141.1200,Metal3,103.2000,141.1200,1.391e-04
Metal2,103.2000,148.9600,Metal3,103.2000,148.9600,6.869e-05
Metal2,103.2000,156.8000,Metal3,103.2000,156.8000,7.619e-05
Metal2,103.2000,164.6400,Metal3,103.2000,164.6400,1.006e-04
Metal2,103.2000,172.4800,Metal3,103.2000,172.4800,8.443e-05
Metal2,103.2000,180.3200,Metal3,103.2000,180.3200,5.852e-05
Metal2,103.2000,188.1600,Metal3,103.2000,188.1600,4.863e-05
Metal2,103.2000,196.0000,Metal3,103.2000,196.0000,8.254e-05
Metal2,103.2000,203.8400,Metal3,103.2000,203.8400,8.354e-05
Metal2,103.2000,211.6800,Metal3,103.2000,211.6800,9.378e-05
Metal2,103.2000,219.5200,Metal3,103.2000,219.5200,4.297e-05
Metal3,103.2000,15.6800,Metal4,103.2000,15.6800,5.145e-05
Metal3,103.2000,23.5200,Metal4,103.2000,23.5200,6.011e-10
Metal3,103.2000,31.3600,Metal4,103.2000,29.3800,6.071e-10
Metal3,103.2000,39.2000,Metal4,103.2000,39.2000,5.969e-10
Metal3,103.2000,47.0400,Metal4,103.2000,46.1800,3.521e-05
Metal3,103.2000,54.8800,Metal4,103.2000,54.8800,5.997e-10
Metal3,103.2000,62.7200,Metal4,103.2000,62.7200,4.437e-05
Metal3,103.2000,70.5600,Metal4,103.2000,68.5800,4.443e-05
Metal3,103.2000,78.4000,Metal4,103.2000,78.4000,4.998e-05
Metal3,103.2000,86.2400,Metal4,103.2000,85.3800,4.471e-05
Metal3,103.2000,94.0800,Metal4,103.2000,94.0800,5.401e-05
Metal3,103.2000,101.9200,Metal4,103.2000,101.9200,1.119e-04
Metal3,103.2000,109.7600,Metal4,103.2000,107.7800,3.324e-05
Metal3,103.2000,117.6000,Metal4,103.2000,117.6000,3.211e-05
Metal3,103.2000,125.4400,Metal4,103.2000,124.5800,4.672e-05
Metal3,103.2000,133.2800,Metal4,103.2000,133.2800,8.680e-05
Metal3,103.2000,141.1200,Metal4,103.2000,141.1200,1.391e-04
Metal3,103.2000,148.9600,Metal4,103.2000,146.9800,6.869e-05
Metal3,103.2000,156.8000,Metal4,103.2000,156.8000,7.619e-05
Metal3,103.2000,164.6400,Metal4,103.2000,163.7800,1.006e-04
Metal3,103.2000,172.4800,Metal4,103.2000,172.4800,8.443e-05
Metal3,103.2000,180.3200,Metal4,103.2000,180.3200,5.852e-05
Metal3,103.2000,188.1600,Metal4,103.2000,186.1800,4.863e-05
Metal3,103.2000,196.0000,Metal4,103.2000,196.0000,8.254e-05
Metal3,103.2000,203.8400,Metal4,103.2000,202.9800,8.354e-05
Metal3,103.2000,211.6800,Metal4,103.2000,211.6800,9.378e-05
Metal3,103.2000,219.5200,Metal4,103.2000,219.5200,4.297e-05
Metal4,103.2000,15.6800,Metal4,103.2000,23.5200,5.145e-05
Metal4,103.2000,23.5200,Metal4,103.2000,29.3800,5.145e-05
Metal4,103.2000,29.3800,Metal4,103.2000,34.9800,5.145e-05
Metal4,103.2000,34.9800,Metal4,103.2000,39.2000,5.145e-05
Metal4,103.2000,39.2000,Metal4,103.2000,46.1800,0.000e+00
Metal4,103.2000,46.1800,Metal4,103.2000,51.7800,0.000e+00
Metal4,103.2000,51.7800,Metal4,103.2000,54.8800,0.000e+00
Metal4,103.2000,54.8800,Metal4,103.2000,62.7200,0.000e+00
Metal4,103.2000,62.7200,Metal4,103.2000,68.5800,0.000e+00
Metal4,103.2000,68.5800,Metal4,103.2000,74.1800,0.000e+00
Metal4,103.2000,74.1800,Metal4,103.2000,78.4000,0.000e+00
Metal4,103.2000,78.4000,Metal4,103.2000,85.3800,0.000e+00
Metal4,103.2000,85.3800,Metal4,103.2000,90.9800,0.000e+00
Metal4,103.2000,90.9800,Metal4,103.2000,94.0800,0.000e+00
Metal4,103.2000,94.0800,Metal4,103.2000,101.9200,1.007e-14
Metal4,103.2000,101.9200,Metal4,103.2000,107.7800,1.078e-03
Metal4,103.2000,107.7800,Metal4,103.2000,113.3800,1.045e-03
Metal4,103.2000,113.3800,Metal4,103.2000,117.6000,1.045e-03
Metal4,103.2000,117.6000,Metal4,103.2000,124.5800,1.013e-03
Metal4,103.2000,124.5800,Metal4,103.2000,130.1800,9.658e-04
Metal4,103.2000,130.1800,Metal4,103.2000,133.2800,9.658e-04
Metal4,103.2000,133.2800,Metal4,103.2000,141.1200,8.790e-04
Metal4,103.2000,141.1200,Metal4,103.2000,146.9800,7.399e-04
Metal4,103.2000,146.9800,Metal4,103.2000,152.5800,6.712e-04
Metal4,103.2000,152.5800,Metal4,103.2000,156.8000,6.712e-04
Metal4,103.2000,156.8000,Metal4,103.2000,163.7800,5.950e-04
Metal4,103.2000,163.7800,Metal4,103.2000,169.3800,4.944e-04
Metal4,103.2000,169.3800,Metal4,103.2000,172.4800,4.944e-04
Metal4,103.2000,172.4800,Metal4,103.2000,180.3200,4.100e-04
Metal4,103.2000,180.3200,Metal4,103.2000,186.1800,3.515e-04
Metal4,103.2000,186.1800,Metal4,103.2000,191.7800,3.028e-04
Metal4,103.2000,191.7800,Metal4,103.2000,196.0000,3.028e-04
Metal4,103.2000,196.0000,Metal4,103.2000,202.9800,2.203e-04
Metal4,103.2000,202.9800,Metal4,103.2000,208.5800,1.368e-04
Metal4,103.2000,208.5800,Metal4,103.2000,211.6800,1.368e-04
Metal4,103.2000,211.6800,Metal4,103.2000,219.5200,4.297e-05
