           

VIBEICTDF _359__C STR

241. Executing SAT pass (solving SAT problems in the circuit).
Using SAT solver `kissat`.

Setting up SAT problem:
Import set-constraint: \f1._359__C = 1'0
Final constraint equation: \f1._359__C = 1'0
Imported 2705 cells to SAT database.
Import proof-constraint: \trig = 1'0
Final proof equation: \trig = 1'0
Import show expression: \clk
Import show expression: \rst
Import show expression: \x
Import show expression: \y

Solving problem with 12568 variables and 32006 clauses..
SAT proof finished - no model found: SUCCESS!

                  /$$$$$$      /$$$$$$$$     /$$$$$$$    
                 /$$__  $$    | $$_____/    | $$__  $$   
                | $$  \ $$    | $$          | $$  \ $$   
                | $$  | $$    | $$$$$       | $$  | $$   
                | $$  | $$    | $$__/       | $$  | $$   
                | $$/$$ $$    | $$          | $$  | $$   
                |  $$$$$$/ /$$| $$$$$$$$ /$$| $$$$$$$//$$
                 \____ $$$|__/|________/|__/|_______/|__/
                       \__/                              

VIBEICTDF _239__A1 STF

242. Executing SAT pass (solving SAT problems in the circuit).
Using SAT solver `kissat`.

Setting up SAT problem:
Import set-constraint: \f1._239__A1 = 1'1
Final constraint equation: \f1._239__A1 = 1'1
Imported 2705 cells to SAT database.
Import proof-constraint: \trig = 1'0
Final proof equation: \trig = 1'0
Import show expression: \clk
Import show expression: \rst
Import show expression: \x
Import show expression: \y

Solving problem with 12568 variables and 32006 clauses..
SAT proof finished - no model found: SUCCESS!

                  /$$$$$$      /$$$$$$$$     /$$$$$$$    
                 /$$__  $$    | $$_____/    | $$__  $$   
                | $$  \ $$    | $$          | $$  \ $$   
                | $$  | $$    | $$$$$       | $$  | $$   
                | $$  | $$    | $$__/       | $$  | $$   
                | $$/$$ $$    | $$          | $$  | $$   
                |  $$$$$$/ /$$| $$$$$$$$ /$$| $$$$$$$//$$
                 \____ $$$|__/|________/|__/|_______/|__/
                       \__/                              

VIBEICTDF _0544_ STR

243. Executing SAT pass (solving SAT problems in the circuit).
Using SAT solver `kissat`.

Setting up SAT problem:
Import set-constraint: \f1._0544_ = 1'0
Final constraint equation: \f1._0544_ = 1'0
Imported 2705 cells to SAT database.
Import proof-constraint: \trig = 1'0
Final proof equation: \trig = 1'0
Import show expression: \clk
Import show expression: \rst
Import show expression: \x
Import show expression: \y

Solving problem with 12568 variables and 32006 clauses..
SAT proof finished - model found: FAIL!

   ______                   ___       ___       _ _            _ _ 
  (_____ \                 / __)     / __)     (_) |          | | |
   _____) )___ ___   ___ _| |__    _| |__ _____ _| | _____  __| | |
  |  ____/ ___) _ \ / _ (_   __)  (_   __|____ | | || ___ |/ _  |_|
  | |   | |  | |_| | |_| || |       | |  / ___ | | || ____( (_| |_ 
  |_|   |_|   \___/ \___/ |_|       |_|  \_____|_|\_)_____)\____|_|


  Signal Name             Dec       Hex                                 Bin
  --------------- ----------- --------- -----------------------------------
  \clk                      0         0                                   0
  \rst                      0         0                                   0
  \x               2013331456  78010000    01111000000000010000000000000000
  \y                        1         1                                   1
VIBEICTDF _290__A2 STF

244. Executing SAT pass (solving SAT problems in the circuit).
Using SAT solver `kissat`.

Setting up SAT problem:
Import set-constraint: \f1._290__A2 = 1'1
Final constraint equation: \f1._290__A2 = 1'1
Imported 2705 cells to SAT database.
Import proof-constraint: \trig = 1'0
Final proof equation: \trig = 1'0
Import show expression: \clk
Import show expression: \rst
Import show expression: \x
Import show expression: \y

Solving problem with 12568 variables and 32006 clauses..
SAT proof finished - no model found: SUCCESS!

                  /$$$$$$      /$$$$$$$$     /$$$$$$$    
                 /$$__  $$    | $$_____/    | $$__  $$   
                | $$  \ $$    | $$          | $$  \ $$   
                | $$  | $$    | $$$$$       | $$  | $$   
                | $$  | $$    | $$__/       | $$  | $$   
                | $$/$$ $$    | $$          | $$  | $$   
                |  $$$$$$/ /$$| $$$$$$$$ /$$| $$$$$$$//$$
                 \____ $$$|__/|________/|__/|_______/|__/
                       \__/                              

VIBEICTDF _0980_ STR

245. Executing SAT pass (solving SAT problems in the circuit).
Using SAT solver `kissat`.

Setting up SAT problem:
Import set-constraint: \f1._0980_ = 1'0
Final constraint equation: \f1._0980_ = 1'0
Imported 2705 cells to SAT database.
Import proof-constraint: \trig = 1'0
Final proof equation: \trig = 1'0
Import show expression: \clk
Import show expression: \rst
Import show expression: \x
Import show expression: \y

Solving problem with 12568 variables and 32006 clauses..
SAT proof finished - model found: FAIL!

   ______                   ___       ___       _ _            _ _ 
  (_____ \                 / __)     / __)     (_) |          | | |
   _____) )___ ___   ___ _| |__    _| |__ _____ _| | _____  __| | |
  |  ____/ ___) _ \ / _ (_   __)  (_   __|____ | | || ___ |/ _  |_|
  | |   | |  | |_| | |_| || |       | |  / ___ | | || ____( (_| |_ 
  |_|   |_|   \___/ \___/ |_|       |_|  \_____|_|\_)_____)\____|_|


  Signal Name             Dec       Hex                                 Bin
  --------------- ----------- --------- -----------------------------------
  \clk                      1         1                                   1
  \rst                      0         0                                   0
  \x                       -1  ffffffff    11111111111111111111111111111111
  \y                        1         1                                   1
VIBEICTDF _0762_ STR

246. Executing SAT pass (solving SAT problems in the circuit).
Using SAT solver `kissat`.

Setting up SAT problem:
Import set-constraint: \f1._0762_ = 1'0
Final constraint equation: \f1._0762_ = 1'0
Imported 2705 cells to SAT database.
Import proof-constraint: \trig = 1'0
Final proof equation: \trig = 1'0
Import show expression: \clk
Import show expression: \rst
Import show expression: \x
Import show expression: \y

Solving problem with 12568 variables and 32006 clauses..
SAT proof finished - model found: FAIL!

   ______                   ___       ___       _ _            _ _ 
  (_____ \                 / __)     / __)     (_) |          | | |
   _____) )___ ___   ___ _| |__    _| |__ _____ _| | _____  __| | |
  |  ____/ ___) _ \ / _ (_   __)  (_   __|____ | | || ___ |/ _  |_|
  | |   | |  | |_| | |_| || |       | |  / ___ | | || ____( (_| |_ 
  |_|   |_|   \___/ \___/ |_|       |_|  \_____|_|\_)_____)\____|_|


  Signal Name             Dec       Hex                                 Bin
  --------------- ----------- --------- -----------------------------------
  \clk                      1         1                                   1
  \rst                      0         0                                   0
  \x                       -1  ffffffff    11111111111111111111111111111111
  \y                        1         1                                   1
VIBEICTDF _348__C STF

247. Executing SAT pass (solving SAT problems in the circuit).
Using SAT solver `kissat`.

Setting up SAT problem:
Import set-constraint: \f1._348__C = 1'1
Final constraint equation: \f1._348__C = 1'1
Imported 2705 cells to SAT database.
Import proof-constraint: \trig = 1'0
Final proof equation: \trig = 1'0
Import show expression: \clk
Import show expression: \rst
Import show expression: \x
Import show expression: \y

Solving problem with 12568 variables and 32006 clauses..
SAT proof finished - no model found: SUCCESS!

                  /$$$$$$      /$$$$$$$$     /$$$$$$$    
                 /$$__  $$    | $$_____/    | $$__  $$   
                | $$  \ $$    | $$          | $$  \ $$   
                | $$  | $$    | $$$$$       | $$  | $$   
                | $$  | $$    | $$__/       | $$  | $$   
                | $$/$$ $$    | $$          | $$  | $$   
                |  $$$$$$/ /$$| $$$$$$$$ /$$| $$$$$$$//$$
                 \____ $$$|__/|________/|__/|_______/|__/
                       \__/                              

VIBEICTDF _222__A1 STR

248. Executing SAT pass (solving SAT problems in the circuit).
Using SAT solver `kissat`.

Setting up SAT problem:
Import set-constraint: \f1._222__A1 = 1'0
Final constraint equation: \f1._222__A1 = 1'0
Imported 2705 cells to SAT database.
Import proof-constraint: \trig = 1'0
Final proof equation: \trig = 1'0
Import show expression: \clk
Import show expression: \rst
Import show expression: \x
Import show expression: \y

Solving problem with 12568 variables and 32006 clauses..
SAT proof finished - no model found: SUCCESS!

                  /$$$$$$      /$$$$$$$$     /$$$$$$$    
                 /$$__  $$    | $$_____/    | $$__  $$   
                | $$  \ $$    | $$          | $$  \ $$   
                | $$  | $$    | $$$$$       | $$  | $$   
                | $$  | $$    | $$__/       | $$  | $$   
                | $$/$$ $$    | $$          | $$  | $$   
                |  $$$$$$/ /$$| $$$$$$$$ /$$| $$$$$$$//$$
                 \____ $$$|__/|________/|__/|_______/|__/
                       \__/                              

VIBEICTDF _0653_ STR

249. Executing SAT pass (solving SAT problems in the circuit).
Using SAT solver `kissat`.

Setting up SAT problem:
Import set-constraint: \f1._0653_ = 1'0
Final constraint equation: \f1._0653_ = 1'0
Imported 2705 cells to SAT database.
Import proof-constraint: \trig = 1'0
Final proof equation: \trig = 1'0
Import show expression: \clk
Import show expression: \rst
Import show expression: \x
Import show expression: \y

Solving problem with 12568 variables and 32006 clauses..
SAT proof finished - model found: FAIL!

   ______                   ___       ___       _ _            _ _ 
  (_____ \                 / __)     / __)     (_) |          | | |
   _____) )___ ___   ___ _| |__    _| |__ _____ _| | _____  __| | |
  |  ____/ ___) _ \ / _ (_   __)  (_   __|____ | | || ___ |/ _  |_|
  | |   | |  | |_| | |_| || |       | |  / ___ | | || ____( (_| |_ 
  |_|   |_|   \___/ \___/ |_|       |_|  \_____|_|\_)_____)\____|_|


  Signal Name             Dec       Hex                                 Bin
  --------------- ----------- --------- -----------------------------------
  \clk                      0         0                                   0
  \rst                      0         0                                   0
  \x               2013265936  78000010    01111000000000000000000000010000
  \y                        1         1                                   1
VIBEICTDF _323__ZN STF

250. Executing SAT pass (solving SAT problems in the circuit).
Using SAT solver `kissat`.

Setting up SAT problem:
Import set-constraint: \f1._323__ZN = 1'1
Final constraint equation: \f1._323__ZN = 1'1
Imported 2705 cells to SAT database.
Import proof-constraint: \trig = 1'0
Final proof equation: \trig = 1'0
Import show expression: \clk
Import show expression: \rst
Import show expression: \x
Import show expression: \y

Solving problem with 12568 variables and 32006 clauses..
SAT proof finished - no model found: SUCCESS!

                  /$$$$$$      /$$$$$$$$     /$$$$$$$    
                 /$$__  $$    | $$_____/    | $$__  $$   
                | $$  \ $$    | $$          | $$  \ $$   
                | $$  | $$    | $$$$$       | $$  | $$   
                | $$  | $$    | $$__/       | $$  | $$   
                | $$/$$ $$    | $$          | $$  | $$   
                |  $$$$$$/ /$$| $$$$$$$$ /$$| $$$$$$$//$$
                 \____ $$$|__/|________/|__/|_______/|__/
                       \__/                              

VIBEICTDF _1089_ STR

251. Executing SAT pass (solving SAT problems in the circuit).
Using SAT solver `kissat`.

Setting up SAT problem:
Import set-constraint: \f1._1089_ = 1'0
Final constraint equation: \f1._1089_ = 1'0
Imported 2705 cells to SAT database.
Import proof-constraint: \trig = 1'0
Final proof equation: \trig = 1'0
Import show expression: \clk
Import show expression: \rst
Import show expression: \x
Import show expression: \y

Solving problem with 12568 variables and 32006 clauses..
SAT proof finished - no model found: SUCCESS!

                  /$$$$$$      /$$$$$$$$     /$$$$$$$    
                 /$$__  $$    | $$_____/    | $$__  $$   
                | $$  \ $$    | $$          | $$  \ $$   
                | $$  | $$    | $$$$$       | $$  | $$   
                | $$  | $$    | $$__/       | $$  | $$   
                | $$/$$ $$    | $$          | $$  | $$   
                |  $$$$$$/ /$$| $$$$$$$$ /$$| $$$$$$$//$$
                 \____ $$$|__/|________/|__/|_______/|__/
                       \__/                              

VIBEICTDF _0871_ STR

252. Executing SAT pass (solving SAT problems in the circuit).
Using SAT solver `kissat`.

Setting up SAT problem:
Import set-constraint: \f1._0871_ = 1'0
Final constraint equation: \f1._0871_ = 1'0
Imported 2705 cells to SAT database.
Import proof-constraint: \trig = 1'0
Final proof equation: \trig = 1'0
Import show expression: \clk
Import show expression: \rst
Import show expression: \x
Import show expression: \y

Solving problem with 12567 variables and 32003 clauses..
SAT proof finished - model found: FAIL!

   ______                   ___       ___       _ _            _ _ 
  (_____ \                 / __)     / __)     (_) |          | | |
   _____) )___ ___   ___ _| |__    _| |__ _____ _| | _____  __| | |
  |  ____/ ___) _ \ / _ (_   __)  (_   __|____ | | || ___ |/ _  |_|
  | |   | |  | |_| | |_| || |       | |  / ___ | | || ____( (_| |_ 
  |_|   |_|   \___/ \___/ |_|       |_|  \_____|_|\_)_____)\____|_|


  Signal Name             Dec       Hex                                 Bin
  --------------- ----------- --------- -----------------------------------
  \clk                      1         1                                   1
  \rst                      0         0                                   0
  \x                       -1  ffffffff    11111111111111111111111111111111
  \y                        1         1                                   1
VIBEICTDF _373__C STF

253. Executing SAT pass (solving SAT problems in the circuit).
Using SAT solver `kissat`.

Setting up SAT problem:
Import set-constraint: \f1._373__C = 1'1
Final constraint equation: \f1._373__C = 1'1
Imported 2705 cells to SAT database.
Import proof-constraint: \trig = 1'0
Final proof equation: \trig = 1'0
Import show expression: \clk
Import show expression: \rst
Import show expression: \x
Import show expression: \y

Solving problem with 12568 variables and 32006 clauses..
SAT proof finished - no model found: SUCCESS!

                  /$$$$$$      /$$$$$$$$     /$$$$$$$    
                 /$$__  $$    | $$_____/    | $$__  $$   
                | $$  \ $$    | $$          | $$  \ $$   
                | $$  | $$    | $$$$$       | $$  | $$   
                | $$  | $$    | $$__/       | $$  | $$   
                | $$/$$ $$    | $$          | $$  | $$   
                |  $$$$$$/ /$$| $$$$$$$$ /$$| $$$$$$$//$$
                 \____ $$$|__/|________/|__/|_______/|__/
                       \__/                              

VIBEICTDF _256__A2 STR

254. Executing SAT pass (solving SAT problems in the circuit).
Using SAT solver `kissat`.

Setting up SAT problem:
Import set-constraint: \f1._256__A2 = 1'0
Final constraint equation: \f1._256__A2 = 1'0
Imported 2705 cells to SAT database.
Import proof-constraint: \trig = 1'0
Final proof equation: \trig = 1'0
Import show expression: \clk
Import show expression: \rst
Import show expression: \x
Import show expression: \y

Solving problem with 12568 variables and 32006 clauses..
SAT proof finished - no model found: SUCCESS!

                  /$$$$$$      /$$$$$$$$     /$$$$$$$    
                 /$$__  $$    | $$_____/    | $$__  $$   
                | $$  \ $$    | $$          | $$  \ $$   
                | $$  | $$    | $$$$$       | $$  | $$   
                | $$  | $$    | $$__/       | $$  | $$   
                | $$/$$ $$    | $$          | $$  | $$   
                |  $$$$$$/ /$$| $$$$$$$$ /$$| $$$$$$$//$$
                 \____ $$$|__/|________/|__/|_______/|__/
                       \__/                              

VIBEICTDF _0476_ STR

255. Executing SAT pass (solving SAT problems in the circuit).
Using SAT solver `kissat`.

Setting up SAT problem:
Import set-constraint: \f1._0476_ = 1'0
Final constraint equation: \f1._0476_ = 1'0
Imported 2705 cells to SAT database.
Import proof-constraint: \trig = 1'0
Final proof equation: \trig = 1'0
Import show expression: \clk
Import show expression: \rst
Import show expression: \x
Import show expression: \y

Solving problem with 12568 variables and 32006 clauses..
SAT proof finished - model found: FAIL!

   ______                   ___       ___       _ _            _ _ 
  (_____ \                 / __)     / __)     (_) |          | | |
   _____) )___ ___   ___ _| |__    _| |__ _____ _| | _____  __| | |
  |  ____/ ___) _ \ / _ (_   __)  (_   __|____ | | || ___ |/ _  |_|
  | |   | |  | |_| | |_| || |       | |  / ___ | | || ____( (_| |_ 
  |_|   |_|   \___/ \___/ |_|       |_|  \_____|_|\_)_____)\____|_|


  Signal Name             Dec       Hex                                 Bin
  --------------- ----------- --------- -----------------------------------
  \clk                      1         1                                   1
  \rst                      0         0                                   0
  \x                       -1  ffffffff    11111111111111111111111111111111
  \y                        1         1                                   1
VIBEICTDF _269__A1 STR

256. Executing SAT pass (solving SAT problems in the circuit).
Using SAT solver `kissat`.

Setting up SAT problem:
Import set-constraint: \f1._269__A1 = 1'0
Final constraint equation: \f1._269__A1 = 1'0
Imported 2705 cells to SAT database.
Import proof-constraint: \trig = 1'0
Final proof equation: \trig = 1'0
Import show expression: \clk
Import show expression: \rst
Import show expression: \x
Import show expression: \y

Solving problem with 12568 variables and 32006 clauses..
SAT proof finished - no model found: SUCCESS!

                  /$$$$$$      /$$$$$$$$     /$$$$$$$    
                 /$$__  $$    | $$_____/    | $$__  $$   
                | $$  \ $$    | $$          | $$  \ $$   
                | $$  | $$    | $$$$$       | $$  | $$   
                | $$  | $$    | $$__/       | $$  | $$   
                | $$/$$ $$    | $$          | $$  | $$   
                |  $$$$$$/ /$$| $$$$$$$$ /$$| $$$$$$$//$$
                 \____ $$$|__/|________/|__/|_______/|__/
                       \__/                              

VIBEICTDF _0912_ STR

257. Executing SAT pass (solving SAT problems in the circuit).
Using SAT solver `kissat`.

Setting up SAT problem:
Import set-constraint: \f1._0912_ = 1'0
Final constraint equation: \f1._0912_ = 1'0
Imported 2705 cells to SAT database.
Import proof-constraint: \trig = 1'0
Final proof equation: \trig = 1'0
Import show expression: \clk
Import show expression: \rst
Import show expression: \x
Import show expression: \y

Solving problem with 12568 variables and 32006 clauses..
SAT proof finished - model found: FAIL!

   ______                   ___       ___       _ _            _ _ 
  (_____ \                 / __)     / __)     (_) |          | | |
   _____) )___ ___   ___ _| |__    _| |__ _____ _| | _____  __| | |
  |  ____/ ___) _ \ / _ (_   __)  (_   __|____ | | || ___ |/ _  |_|
  | |   | |  | |_| | |_| || |       | |  / ___ | | || ____( (_| |_ 
  |_|   |_|   \___/ \___/ |_|       |_|  \_____|_|\_)_____)\____|_|


  Signal Name             Dec       Hex                                 Bin
  --------------- ----------- --------- -----------------------------------
  \clk                      1         1                                   1
  \rst                      0         0                                   0
  \x                    24577      6001    00000000000000000110000000000001
  \y                        0         0                                   0
VIBEICTDF _384__A3 STF

258. Executing SAT pass (solving SAT problems in the circuit).
Using SAT solver `kissat`.

Setting up SAT problem:
Import set-constraint: \f1._384__A3 = 1'1
Final constraint equation: \f1._384__A3 = 1'1
Imported 2705 cells to SAT database.
Import proof-constraint: \trig = 1'0
Final proof equation: \trig = 1'0
Import show expression: \clk
Import show expression: \rst
Import show expression: \x
Import show expression: \y

Solving problem with 12568 variables and 32006 clauses..
SAT proof finished - no model found: SUCCESS!

                  /$$$$$$      /$$$$$$$$     /$$$$$$$    
                 /$$__  $$    | $$_____/    | $$__  $$   
                | $$  \ $$    | $$          | $$  \ $$   
                | $$  | $$    | $$$$$       | $$  | $$   
                | $$  | $$    | $$__/       | $$  | $$   
                | $$/$$ $$    | $$          | $$  | $$   
                |  $$$$$$/ /$$| $$$$$$$$ /$$| $$$$$$$//$$
                 \____ $$$|__/|________/|__/|_______/|__/
                       \__/                              

VIBEICTDF _0694_ STR

259. Executing SAT pass (solving SAT problems in the circuit).
Using SAT solver `kissat`.

Setting up SAT problem:
Import set-constraint: \f1._0694_ = 1'0
Final constraint equation: \f1._0694_ = 1'0
Imported 2705 cells to SAT database.
Import proof-constraint: \trig = 1'0
Final proof equation: \trig = 1'0
Import show expression: \clk
Import show expression: \rst
Import show expression: \x
Import show expression: \y

Solving problem with 12567 variables and 32003 clauses..
SAT proof finished - model found: FAIL!

   ______                   ___       ___       _ _            _ _ 
  (_____ \                 / __)     / __)     (_) |          | | |
   _____) )___ ___   ___ _| |__    _| |__ _____ _| | _____  __| | |
  |  ____/ ___) _ \ / _ (_   __)  (_   __|____ | | || ___ |/ _  |_|
  | |   | |  | |_| | |_| || |       | |  / ___ | | || ____( (_| |_ 
  |_|   |_|   \___/ \___/ |_|       |_|  \_____|_|\_)_____)\____|_|


  Signal Name             Dec       Hex                                 Bin
  --------------- ----------- --------- -----------------------------------
  \clk                      1         1                                   1
  \rst                      0         0                                   0
  \x               1140850687  43ffffff    01000011111111111111111111111111
  \y                        0         0                                   0
VIBEICTDF _334__A2 STR

260. Executing SAT pass (solving SAT problems in the circuit).
Using SAT solver `kissat`.

Setting up SAT problem:
Import set-constraint: \f1._334__A2 = 1'0
Final constraint equation: \f1._334__A2 = 1'0
Imported 2705 cells to SAT database.
Import proof-constraint: \trig = 1'0
Final proof equation: \trig = 1'0
Import show expression: \clk
Import show expression: \rst
Import show expression: \x
Import show expression: \y

Solving problem with 12567 variables and 32003 clauses..
SAT proof finished - model found: FAIL!

   ______                   ___       ___       _ _            _ _ 
  (_____ \                 / __)     / __)     (_) |          | | |
   _____) )___ ___   ___ _| |__    _| |__ _____ _| | _____  __| | |
  |  ____/ ___) _ \ / _ (_   __)  (_   __|____ | | || ___ |/ _  |_|
  | |   | |  | |_| | |_| || |       | |  / ___ | | || ____( (_| |_ 
  |_|   |_|   \___/ \___/ |_|       |_|  \_____|_|\_)_____)\____|_|


  Signal Name             Dec       Hex                                 Bin
  --------------- ----------- --------- -----------------------------------
  \clk                      1         1                                   1
  \rst                      0         0                                   0
  \x               -134217729  f7ffffff    11110111111111111111111111111111
  \y                        1         1                                   1
VIBEICTDF _201__A1 STR

261. Executing SAT pass (solving SAT problems in the circuit).
Using SAT solver `kissat`.

Setting up SAT problem:
Import set-constraint: \f1._201__A1 = 1'0
Final constraint equation: \f1._201__A1 = 1'0
Imported 2705 cells to SAT database.
Import proof-constraint: \trig = 1'0
Final proof equation: \trig = 1'0
Import show expression: \clk
Import show expression: \rst
Import show expression: \x
Import show expression: \y

Solving problem with 12568 variables and 32006 clauses..
SAT proof finished - no model found: SUCCESS!

                  /$$$$$$      /$$$$$$$$     /$$$$$$$    
                 /$$__  $$    | $$_____/    | $$__  $$   
                | $$  \ $$    | $$          | $$  \ $$   
                | $$  | $$    | $$$$$       | $$  | $$   
                | $$  | $$    | $$__/       | $$  | $$   
                | $$/$$ $$    | $$          | $$  | $$   
                |  $$$$$$/ /$$| $$$$$$$$ /$$| $$$$$$$//$$
                 \____ $$$|__/|________/|__/|_______/|__/
                       \__/                              

VIBEICTDF _0585_ STR

262. Executing SAT pass (solving SAT problems in the circuit).
Using SAT solver `kissat`.

Setting up SAT problem:
Import set-constraint: \f1._0585_ = 1'0
Final constraint equation: \f1._0585_ = 1'0
Imported 2705 cells to SAT database.
Import proof-constraint: \trig = 1'0
Final proof equation: \trig = 1'0
Import show expression: \clk
Import show expression: \rst
Import show expression: \x
Import show expression: \y

Solving problem with 12567 variables and 32003 clauses..
SAT proof finished - model found: FAIL!

   ______                   ___       ___       _ _            _ _ 
  (_____ \                 / __)     / __)     (_) |          | | |
   _____) )___ ___   ___ _| |__    _| |__ _____ _| | _____  __| | |
  |  ____/ ___) _ \ / _ (_   __)  (_   __|____ | | || ___ |/ _  |_|
  | |   | |  | |_| | |_| || |       | |  / ___ | | || ____( (_| |_ 
  |_|   |_|   \___/ \___/ |_|       |_|  \_____|_|\_)_____)\____|_|


  Signal Name             Dec       Hex                                 Bin
  --------------- ----------- --------- -----------------------------------
  \clk                      1         1                                   1
  \rst                      0         0                                   0
  \x               2147483647  7fffffff    01111111111111111111111111111111
  \y                        0         0                                   0
VIBEICTDF _303__A1 STR

263. Executing SAT pass (solving SAT problems in the circuit).
Using SAT solver `kissat`.

Setting up SAT problem:
Import set-constraint: \f1._303__A1 = 1'0
Final constraint equation: \f1._303__A1 = 1'0
Imported 2705 cells to SAT database.
Import proof-constraint: \trig = 1'0
Final proof equation: \trig = 1'0
Import show expression: \clk
Import show expression: \rst
Import show expression: \x
Import show expression: \y

Solving problem with 12568 variables and 32006 clauses..
SAT proof finished - no model found: SUCCESS!

                  /$$$$$$      /$$$$$$$$     /$$$$$$$    
                 /$$__  $$    | $$_____/    | $$__  $$   
                | $$  \ $$    | $$          | $$  \ $$   
                | $$  | $$    | $$$$$       | $$  | $$   
                | $$  | $$    | $$__/       | $$  | $$   
                | $$/$$ $$    | $$          | $$  | $$   
                |  $$$$$$/ /$$| $$$$$$$$ /$$| $$$$$$$//$$
                 \____ $$$|__/|________/|__/|_______/|__/
                       \__/                              

VIBEICTDF _1021_ STR

264. Executing SAT pass (solving SAT problems in the circuit).
Using SAT solver `kissat`.

Setting up SAT problem:
Import set-constraint: \f1._1021_ = 1'0
Final constraint equation: \f1._1021_ = 1'0
Imported 2705 cells to SAT database.
Import proof-constraint: \trig = 1'0
Final proof equation: \trig = 1'0
Import show expression: \clk
Import show expression: \rst
Import show expression: \x
Import show expression: \y

Solving problem with 12568 variables and 32006 clauses..
SAT proof finished - no model found: SUCCESS!

                  /$$$$$$      /$$$$$$$$     /$$$$$$$    
                 /$$__  $$    | $$_____/    | $$__  $$   
                | $$  \ $$    | $$          | $$  \ $$   
                | $$  | $$    | $$$$$       | $$  | $$   
                | $$  | $$    | $$__/       | $$  | $$   
                | $$/$$ $$    | $$          | $$  | $$   
                |  $$$$$$/ /$$| $$$$$$$$ /$$| $$$$$$$//$$
                 \____ $$$|__/|________/|__/|_______/|__/
                       \__/                              

VIBEICTDF _0803_ STR

265. Executing SAT pass (solving SAT problems in the circuit).
Using SAT solver `kissat`.

Setting up SAT problem:
Import set-constraint: \f1._0803_ = 1'0
Final constraint equation: \f1._0803_ = 1'0
Imported 2705 cells to SAT database.
Import proof-constraint: \trig = 1'0
Final proof equation: \trig = 1'0
Import show expression: \clk
Import show expression: \rst
Import show expression: \x
Import show expression: \y

Solving problem with 12567 variables and 32003 clauses..
SAT proof finished - model found: FAIL!

   ______                   ___       ___       _ _            _ _ 
  (_____ \                 / __)     / __)     (_) |          | | |
   _____) )___ ___   ___ _| |__    _| |__ _____ _| | _____  __| | |
  |  ____/ ___) _ \ / _ (_   __)  (_   __|____ | | || ___ |/ _  |_|
  | |   | |  | |_| | |_| || |       | |  / ___ | | || ____( (_| |_ 
  |_|   |_|   \___/ \___/ |_|       |_|  \_____|_|\_)_____)\____|_|


  Signal Name             Dec       Hex                                 Bin
  --------------- ----------- --------- -----------------------------------
  \clk                      1         1                                   1
  \rst                      0         0                                   0
  \x                 50331649   3000001    00000011000000000000000000000001
  \y                        0         0                                   0
VIBEICTDF _356__ZN STR

266. Executing SAT pass (solving SAT problems in the circuit).
Using SAT solver `kissat`.

Setting up SAT problem:
Import set-constraint: \f1._356__ZN = 1'0
Final constraint equation: \f1._356__ZN = 1'0
Imported 2705 cells to SAT database.
Import proof-constraint: \trig = 1'0
Final proof equation: \trig = 1'0
Import show expression: \clk
Import show expression: \rst
Import show expression: \x
Import show expression: \y

Solving problem with 12568 variables and 32006 clauses..
SAT proof finished - no model found: SUCCESS!

                  /$$$$$$      /$$$$$$$$     /$$$$$$$    
                 /$$__  $$    | $$_____/    | $$__  $$   
                | $$  \ $$    | $$          | $$  \ $$   
                | $$  | $$    | $$$$$       | $$  | $$   
                | $$  | $$    | $$__/       | $$  | $$   
                | $$/$$ $$    | $$          | $$  | $$   
                |  $$$$$$/ /$$| $$$$$$$$ /$$| $$$$$$$//$$
                 \____ $$$|__/|________/|__/|_______/|__/
                       \__/                              

VIBEICTDF _235__A1 STR

267. Executing SAT pass (solving SAT problems in the circuit).
Using SAT solver `kissat`.

Setting up SAT problem:
Import set-constraint: \f1._235__A1 = 1'0
Final constraint equation: \f1._235__A1 = 1'0
Imported 2705 cells to SAT database.
Import proof-constraint: \trig = 1'0
Final proof equation: \trig = 1'0
Import show expression: \clk
Import show expression: \rst
Import show expression: \x
Import show expression: \y

Solving problem with 12568 variables and 32006 clauses..
SAT proof finished - no model found: SUCCESS!

                  /$$$$$$      /$$$$$$$$     /$$$$$$$    
                 /$$__  $$    | $$_____/    | $$__  $$   
                | $$  \ $$    | $$          | $$  \ $$   
                | $$  | $$    | $$$$$       | $$  | $$   
                | $$  | $$    | $$__/       | $$  | $$   
                | $$/$$ $$    | $$          | $$  | $$   
                |  $$$$$$/ /$$| $$$$$$$$ /$$| $$$$$$$//$$
                 \____ $$$|__/|________/|__/|_______/|__/
                       \__/                              

VIBEICTDF _0530_ STF

268. Executing SAT pass (solving SAT problems in the circuit).
Using SAT solver `kissat`.

Setting up SAT problem:
Import set-constraint: \f1._0530_ = 1'1
Final constraint equation: \f1._0530_ = 1'1
Imported 2705 cells to SAT database.
Import proof-constraint: \trig = 1'0
Final proof equation: \trig = 1'0
Import show expression: \clk
Import show expression: \rst
Import show expression: \x
Import show expression: \y

Solving problem with 12567 variables and 32003 clauses..
SAT proof finished - model found: FAIL!

   ______                   ___       ___       _ _            _ _ 
  (_____ \                 / __)     / __)     (_) |          | | |
   _____) )___ ___   ___ _| |__    _| |__ _____ _| | _____  __| | |
  |  ____/ ___) _ \ / _ (_   __)  (_   __|____ | | || ___ |/ _  |_|
  | |   | |  | |_| | |_| || |       | |  / ___ | | || ____( (_| |_ 
  |_|   |_|   \___/ \___/ |_|       |_|  \_____|_|\_)_____)\____|_|


  Signal Name             Dec       Hex                                 Bin
  --------------- ----------- --------- -----------------------------------
  \clk                      1         1                                   1
  \rst                      0         0                                   0
  \x                       -1  ffffffff    11111111111111111111111111111111
  \y                        1         1                                   1
VIBEICTDF _286__A1 STF

269. Executing SAT pass (solving SAT problems in the circuit).
Using SAT solver `kissat`.

Setting up SAT problem:
Import set-constraint: \f1._286__A1 = 1'1
Final constraint equation: \f1._286__A1 = 1'1
Imported 2705 cells to SAT database.
Import proof-constraint: \trig = 1'0
Final proof equation: \trig = 1'0
Import show expression: \clk
Import show expression: \rst
Import show expression: \x
Import show expression: \y

Solving problem with 12568 variables and 32006 clauses..
SAT proof finished - no model found: SUCCESS!

                  /$$$$$$      /$$$$$$$$     /$$$$$$$    
                 /$$__  $$    | $$_____/    | $$__  $$   
                | $$  \ $$    | $$          | $$  \ $$   
                | $$  | $$    | $$$$$       | $$  | $$   
                | $$  | $$    | $$__/       | $$  | $$   
                | $$/$$ $$    | $$          | $$  | $$   
                |  $$$$$$/ /$$| $$$$$$$$ /$$| $$$$$$$//$$
                 \____ $$$|__/|________/|__/|_______/|__/
                       \__/                              

VIBEICTDF _0966_ STF

270. Executing SAT pass (solving SAT problems in the circuit).
Using SAT solver `kissat`.

Setting up SAT problem:
Import set-constraint: \f1._0966_ = 1'1
Final constraint equation: \f1._0966_ = 1'1
Imported 2705 cells to SAT database.
Import proof-constraint: \trig = 1'0
Final proof equation: \trig = 1'0
Import show expression: \clk
Import show expression: \rst
Import show expression: \x
Import show expression: \y

Solving problem with 12567 variables and 32003 clauses..
SAT proof finished - no model found: SUCCESS!

                  /$$$$$$      /$$$$$$$$     /$$$$$$$    
                 /$$__  $$    | $$_____/    | $$__  $$   
                | $$  \ $$    | $$          | $$  \ $$   
                | $$  | $$    | $$$$$       | $$  | $$   
                | $$  | $$    | $$__/       | $$  | $$   
                | $$/$$ $$    | $$          | $$  | $$   
                |  $$$$$$/ /$$| $$$$$$$$ /$$| $$$$$$$//$$
                 \____ $$$|__/|________/|__/|_______/|__/
                       \__/                              

VIBEICTDF _0748_ STF

271. Executing SAT pass (solving SAT problems in the circuit).
Using SAT solver `kissat`.

Setting up SAT problem:
Import set-constraint: \f1._0748_ = 1'1
Final constraint equation: \f1._0748_ = 1'1
Imported 2705 cells to SAT database.
Import proof-constraint: \trig = 1'0
Final proof equation: \trig = 1'0
Import show expression: \clk
Import show expression: \rst
Import show expression: \x
Import show expression: \y

Solving problem with 12567 variables and 32003 clauses..
SAT proof finished - no model found: SUCCESS!

                  /$$$$$$      /$$$$$$$$     /$$$$$$$    
                 /$$__  $$    | $$_____/    | $$__  $$   
                | $$  \ $$    | $$          | $$  \ $$   
                | $$  | $$    | $$$$$       | $$  | $$   
                | $$  | $$    | $$__/       | $$  | $$   
                | $$/$$ $$    | $$          | $$  | $$   
                |  $$$$$$/ /$$| $$$$$$$$ /$$| $$$$$$$//$$
                 \____ $$$|__/|________/|__/|_______/|__/
                       \__/                              

VIBEICTDF _345__ZN STF

272. Executing SAT pass (solving SAT problems in the circuit).
Using SAT solver `kissat`.

Setting up SAT problem:
Import set-constraint: \f1._345__ZN = 1'1
Final constraint equation: \f1._345__ZN = 1'1
Imported 2705 cells to SAT database.
Import proof-constraint: \trig = 1'0
Final proof equation: \trig = 1'0
Import show expression: \clk
Import show expression: \rst
Import show expression: \x
Import show expression: \y

Solving problem with 12568 variables and 32006 clauses..
SAT proof finished - no model found: SUCCESS!

                  /$$$$$$      /$$$$$$$$     /$$$$$$$    
                 /$$__  $$    | $$_____/    | $$__  $$   
                | $$  \ $$    | $$          | $$  \ $$   
                | $$  | $$    | $$$$$       | $$  | $$   
                | $$  | $$    | $$__/       | $$  | $$   
                | $$/$$ $$    | $$          | $$  | $$   
                |  $$$$$$/ /$$| $$$$$$$$ /$$| $$$$$$$//$$
                 \____ $$$|__/|________/|__/|_______/|__/
                       \__/                              

VIBEICTDF _217__ZN STF

273. Executing SAT pass (solving SAT problems in the circuit).
Using SAT solver `kissat`.

Setting up SAT problem:
Import set-constraint: \f1._217__ZN = 1'1
Final constraint equation: \f1._217__ZN = 1'1
Imported 2705 cells to SAT database.
Import proof-constraint: \trig = 1'0
Final proof equation: \trig = 1'0
Import show expression: \clk
Import show expression: \rst
Import show expression: \x
Import show expression: \y

Solving problem with 12568 variables and 32006 clauses..
SAT proof finished - no model found: SUCCESS!

                  /$$$$$$      /$$$$$$$$     /$$$$$$$    
                 /$$__  $$    | $$_____/    | $$__  $$   
                | $$  \ $$    | $$          | $$  \ $$   
                | $$  | $$    | $$$$$       | $$  | $$   
                | $$  | $$    | $$__/       | $$  | $$   
                | $$/$$ $$    | $$          | $$  | $$   
                |  $$$$$$/ /$$| $$$$$$$$ /$$| $$$$$$$//$$
                 \____ $$$|__/|________/|__/|_______/|__/
                       \__/                              

VIBEICTDF _0639_ STF

274. Executing SAT pass (solving SAT problems in the circuit).
Using SAT solver `kissat`.

Setting up SAT problem:
Import set-constraint: \f1._0639_ = 1'1
Final constraint equation: \f1._0639_ = 1'1
Imported 2705 cells to SAT database.
Import proof-constraint: \trig = 1'0
Final proof equation: \trig = 1'0
Import show expression: \clk
Import show expression: \rst
Import show expression: \x
Import show expression: \y

Solving problem with 12569 variables and 32007 clauses..
SAT proof finished - model found: FAIL!

   ______                   ___       ___       _ _            _ _ 
  (_____ \                 / __)     / __)     (_) |          | | |
   _____) )___ ___   ___ _| |__    _| |__ _____ _| | _____  __| | |
  |  ____/ ___) _ \ / _ (_   __)  (_   __|____ | | || ___ |/ _  |_|
  | |   | |  | |_| | |_| || |       | |  / ___ | | || ____( (_| |_ 
  |_|   |_|   \___/ \___/ |_|       |_|  \_____|_|\_)_____)\____|_|


  Signal Name             Dec       Hex                                 Bin
  --------------- ----------- --------- -----------------------------------
  \clk                      0         0                                   0
  \rst                      0         0                                   0
  \x               2013265952  78000020    01111000000000000000000000100000
  \y                        1         1                                   1
VIBEICTDF _320__A1 STF

275. Executing SAT pass (solving SAT problems in the circuit).
Using SAT solver `kissat`.

Setting up SAT problem:
Import set-constraint: \f1._320__A1 = 1'1
Final constraint equation: \f1._320__A1 = 1'1
Imported 2705 cells to SAT database.
Import proof-constraint: \trig = 1'0
Final proof equation: \trig = 1'0
Import show expression: \clk
Import show expression: \rst
Import show expression: \x
Import show expression: \y

Solving problem with 12568 variables and 32006 clauses..
SAT proof finished - no model found: SUCCESS!

                  /$$$$$$      /$$$$$$$$     /$$$$$$$    
                 /$$__  $$    | $$_____/    | $$__  $$   
                | $$  \ $$    | $$          | $$  \ $$   
                | $$  | $$    | $$$$$       | $$  | $$   
                | $$  | $$    | $$__/       | $$  | $$   
                | $$/$$ $$    | $$          | $$  | $$   
                |  $$$$$$/ /$$| $$$$$$$$ /$$| $$$$$$$//$$
                 \____ $$$|__/|________/|__/|_______/|__/
                       \__/                              

VIBEICTDF _1075_ STF

276. Executing SAT pass (solving SAT problems in the circuit).
Using SAT solver `kissat`.

Setting up SAT problem:
Import set-constraint: \f1._1075_ = 1'1
Final constraint equation: \f1._1075_ = 1'1
Imported 2705 cells to SAT database.
Import proof-constraint: \trig = 1'0
Final proof equation: \trig = 1'0
Import show expression: \clk
Import show expression: \rst
Import show expression: \x
Import show expression: \y

Solving problem with 12567 variables and 32003 clauses..
SAT proof finished - model found: FAIL!

   ______                   ___       ___       _ _            _ _ 
  (_____ \                 / __)     / __)     (_) |          | | |
   _____) )___ ___   ___ _| |__    _| |__ _____ _| | _____  __| | |
  |  ____/ ___) _ \ / _ (_   __)  (_   __|____ | | || ___ |/ _  |_|
  | |   | |  | |_| | |_| || |       | |  / ___ | | || ____( (_| |_ 
  |_|   |_|   \___/ \___/ |_|       |_|  \_____|_|\_)_____)\____|_|


  Signal Name             Dec       Hex                                 Bin
  --------------- ----------- --------- -----------------------------------
  \clk                      1         1                                   1
  \rst                      0         0                                   0
  \x               -536870913  dfffffff    11011111111111111111111111111111
  \y                        1         1                                   1
VIBEICTDF _0857_ STF

277. Executing SAT pass (solving SAT problems in the circuit).
Using SAT solver `kissat`.

Setting up SAT problem:
Import set-constraint: \f1._0857_ = 1'1
Final constraint equation: \f1._0857_ = 1'1
Imported 2705 cells to SAT database.
Import proof-constraint: \trig = 1'0
Final proof equation: \trig = 1'0
Import show expression: \clk
Import show expression: \rst
Import show expression: \x
Import show expression: \y

Solving problem with 12567 variables and 32003 clauses..
SAT proof finished - model found: FAIL!

   ______                   ___       ___       _ _            _ _ 
  (_____ \                 / __)     / __)     (_) |          | | |
   _____) )___ ___   ___ _| |__    _| |__ _____ _| | _____  __| | |
  |  ____/ ___) _ \ / _ (_   __)  (_   __|____ | | || ___ |/ _  |_|
  | |   | |  | |_| | |_| || |       | |  / ___ | | || ____( (_| |_ 
  |_|   |_|   \___/ \___/ |_|       |_|  \_____|_|\_)_____)\____|_|


  Signal Name             Dec       Hex                                 Bin
  --------------- ----------- --------- -----------------------------------
  \clk                      1         1                                   1
  \rst                      0         0                                   0
  \x                  -262145  fffbffff    11111111111110111111111111111111
  \y                        1         1                                   1
VIBEICTDF _370__Z STF

278. Executing SAT pass (solving SAT problems in the circuit).
Using SAT solver `kissat`.

Setting up SAT problem:
Import set-constraint: \f1._370__Z = 1'1
Final constraint equation: \f1._370__Z = 1'1
Imported 2705 cells to SAT database.
Import proof-constraint: \trig = 1'0
Final proof equation: \trig = 1'0
Import show expression: \clk
Import show expression: \rst
Import show expression: \x
Import show expression: \y

Solving problem with 12568 variables and 32006 clauses..
SAT proof finished - no model found: SUCCESS!

                  /$$$$$$      /$$$$$$$$     /$$$$$$$    
                 /$$__  $$    | $$_____/    | $$__  $$   
                | $$  \ $$    | $$          | $$  \ $$   
                | $$  | $$    | $$$$$       | $$  | $$   
                | $$  | $$    | $$__/       | $$  | $$   
                | $$/$$ $$    | $$          | $$  | $$   
                |  $$$$$$/ /$$| $$$$$$$$ /$$| $$$$$$$//$$
                 \____ $$$|__/|________/|__/|_______/|__/
                       \__/                              

VIBEICTDF _251__Z STF

279. Executing SAT pass (solving SAT problems in the circuit).
Using SAT solver `kissat`.

Setting up SAT problem:
Import set-constraint: \f1._251__Z = 1'1
Final constraint equation: \f1._251__Z = 1'1
Imported 2705 cells to SAT database.
Import proof-constraint: \trig = 1'0
Final proof equation: \trig = 1'0
Import show expression: \clk
Import show expression: \rst
Import show expression: \x
Import show expression: \y

Solving problem with 12568 variables and 32006 clauses..
SAT proof finished - no model found: SUCCESS!

                  /$$$$$$      /$$$$$$$$     /$$$$$$$    
                 /$$__  $$    | $$_____/    | $$__  $$   
                | $$  \ $$    | $$          | $$  \ $$   
                | $$  | $$    | $$$$$       | $$  | $$   
                | $$  | $$    | $$__/       | $$  | $$   
                | $$/$$ $$    | $$          | $$  | $$   
                |  $$$$$$/ /$$| $$$$$$$$ /$$| $$$$$$$//$$
                 \____ $$$|__/|________/|__/|_______/|__/
                       \__/                              

VIBEICTDF _0503_ STR

280. Executing SAT pass (solving SAT problems in the circuit).
Using SAT solver `kissat`.

Setting up SAT problem:
Import set-constraint: \f1._0503_ = 1'0
Final constraint equation: \f1._0503_ = 1'0
Imported 2705 cells to SAT database.
Import proof-constraint: \trig = 1'0
Final proof equation: \trig = 1'0
Import show expression: \clk
Import show expression: \rst
Import show expression: \x
Import show expression: \y

Solving problem with 12568 variables and 32006 clauses..
SAT proof finished - model found: FAIL!

   ______                   ___       ___       _ _            _ _ 
  (_____ \                 / __)     / __)     (_) |          | | |
   _____) )___ ___   ___ _| |__    _| |__ _____ _| | _____  __| | |
  |  ____/ ___) _ \ / _ (_   __)  (_   __|____ | | || ___ |/ _  |_|
  | |   | |  | |_| | |_| || |       | |  / ___ | | || ____( (_| |_ 
  |_|   |_|   \___/ \___/ |_|       |_|  \_____|_|\_)_____)\____|_|


  Signal Name             Dec       Hex                                 Bin
  --------------- ----------- --------- -----------------------------------
  \clk                      1         1                                   1
  \rst                      0         0                                   0
  \x                       -1  ffffffff    11111111111111111111111111111111
  \y                        1         1                                   1
VIBEICTDF _277__A2 STF

281. Executing SAT pass (solving SAT problems in the circuit).
Using SAT solver `kissat`.

Setting up SAT problem:
Import set-constraint: \f1._277__A2 = 1'1
Final constraint equation: \f1._277__A2 = 1'1
Imported 2705 cells to SAT database.
Import proof-constraint: \trig = 1'0
Final proof equation: \trig = 1'0
Import show expression: \clk
Import show expression: \rst
Import show expression: \x
Import show expression: \y

Solving problem with 12567 variables and 32003 clauses..
SAT proof finished - model found: FAIL!

   ______                   ___       ___       _ _            _ _ 
  (_____ \                 / __)     / __)     (_) |          | | |
   _____) )___ ___   ___ _| |__    _| |__ _____ _| | _____  __| | |
  |  ____/ ___) _ \ / _ (_   __)  (_   __|____ | | || ___ |/ _  |_|
  | |   | |  | |_| | |_| || |       | |  / ___ | | || ____( (_| |_ 
  |_|   |_|   \___/ \___/ |_|       |_|  \_____|_|\_)_____)\____|_|


  Signal Name             Dec       Hex                                 Bin
  --------------- ----------- --------- -----------------------------------
  \clk                      1         1                                   1
  \rst                      0         0                                   0
  \x                       -1  ffffffff    11111111111111111111111111111111
  \y                        1         1                                   1
VIBEICTDF _0939_ STR

282. Executing SAT pass (solving SAT problems in the circuit).
Using SAT solver `kissat`.

Setting up SAT problem:
Import set-constraint: \f1._0939_ = 1'0
Final constraint equation: \f1._0939_ = 1'0
Imported 2705 cells to SAT database.
Import proof-constraint: \trig = 1'0
Final proof equation: \trig = 1'0
Import show expression: \clk
Import show expression: \rst
Import show expression: \x
Import show expression: \y

Solving problem with 12568 variables and 32006 clauses..
SAT proof finished - no model found: SUCCESS!

                  /$$$$$$      /$$$$$$$$     /$$$$$$$    
                 /$$__  $$    | $$_____/    | $$__  $$   
                | $$  \ $$    | $$          | $$  \ $$   
                | $$  | $$    | $$$$$       | $$  | $$   
                | $$  | $$    | $$__/       | $$  | $$   
                | $$/$$ $$    | $$          | $$  | $$   
                |  $$$$$$/ /$$| $$$$$$$$ /$$| $$$$$$$//$$
                 \____ $$$|__/|________/|__/|_______/|__/
                       \__/                              

VIBEICTDF _391__ZN STF

283. Executing SAT pass (solving SAT problems in the circuit).
Using SAT solver `kissat`.

Setting up SAT problem:
Import set-constraint: \f1._391__ZN = 1'1
Final constraint equation: \f1._391__ZN = 1'1
Imported 2705 cells to SAT database.
Import proof-constraint: \trig = 1'0
Final proof equation: \trig = 1'0
Import show expression: \clk
Import show expression: \rst
Import show expression: \x
Import show expression: \y

Solving problem with 12568 variables and 32006 clauses..
SAT proof finished - no model found: SUCCESS!

                  /$$$$$$      /$$$$$$$$     /$$$$$$$    
                 /$$__  $$    | $$_____/    | $$__  $$   
                | $$  \ $$    | $$          | $$  \ $$   
                | $$  | $$    | $$$$$       | $$  | $$   
                | $$  | $$    | $$__/       | $$  | $$   
                | $$/$$ $$    | $$          | $$  | $$   
                |  $$$$$$/ /$$| $$$$$$$$ /$$| $$$$$$$//$$
                 \____ $$$|__/|________/|__/|_______/|__/
                       \__/                              

VIBEICTDF _0721_ STR

284. Executing SAT pass (solving SAT problems in the circuit).
Using SAT solver `kissat`.

Setting up SAT problem:
Import set-constraint: \f1._0721_ = 1'0
Final constraint equation: \f1._0721_ = 1'0
Imported 2705 cells to SAT database.
Import proof-constraint: \trig = 1'0
Final proof equation: \trig = 1'0
Import show expression: \clk
Import show expression: \rst
Import show expression: \x
Import show expression: \y

Solving problem with 12568 variables and 32006 clauses..
SAT proof finished - model found: FAIL!

   ______                   ___       ___       _ _            _ _ 
  (_____ \                 / __)     / __)     (_) |          | | |
   _____) )___ ___   ___ _| |__    _| |__ _____ _| | _____  __| | |
  |  ____/ ___) _ \ / _ (_   __)  (_   __|____ | | || ___ |/ _  |_|
  | |   | |  | |_| | |_| || |       | |  / ___ | | || ____( (_| |_ 
  |_|   |_|   \___/ \___/ |_|       |_|  \_____|_|\_)_____)\____|_|


  Signal Name             Dec       Hex                                 Bin
  --------------- ----------- --------- -----------------------------------
  \clk                      1         1                                   1
  \rst                      0         0                                   0
  \x               2013265920  78000000    01111000000000000000000000000000
  \y                        1         1                                   1
VIBEICTDF _340__B STF

285. Executing SAT pass (solving SAT problems in the circuit).
Using SAT solver `kissat`.

Setting up SAT problem:
Import set-constraint: \f1._340__B = 1'1
Final constraint equation: \f1._340__B = 1'1
Imported 2705 cells to SAT database.
Import proof-constraint: \trig = 1'0
Final proof equation: \trig = 1'0
Import show expression: \clk
Import show expression: \rst
Import show expression: \x
Import show expression: \y

Solving problem with 12566 variables and 32000 clauses..
SAT proof finished - model found: FAIL!

   ______                   ___       ___       _ _            _ _ 
  (_____ \                 / __)     / __)     (_) |          | | |
   _____) )___ ___   ___ _| |__    _| |__ _____ _| | _____  __| | |
  |  ____/ ___) _ \ / _ (_   __)  (_   __|____ | | || ___ |/ _  |_|
  | |   | |  | |_| | |_| || |       | |  / ___ | | || ____( (_| |_ 
  |_|   |_|   \___/ \___/ |_|       |_|  \_____|_|\_)_____)\____|_|


  Signal Name             Dec       Hex                                 Bin
  --------------- ----------- --------- -----------------------------------
  \clk                      1         1                                   1
  \rst                      0         0                                   0
  \x                       -1  ffffffff    11111111111111111111111111111111
  \y                        1         1                                   1
VIBEICTDF _209__A2 STF

286. Executing SAT pass (solving SAT problems in the circuit).
Using SAT solver `kissat`.

Setting up SAT problem:
Import set-constraint: \f1._209__A2 = 1'1
Final constraint equation: \f1._209__A2 = 1'1
Imported 2705 cells to SAT database.
Import proof-constraint: \trig = 1'0
Final proof equation: \trig = 1'0
Import show expression: \clk
Import show expression: \rst
Import show expression: \x
Import show expression: \y

Solving problem with 12568 variables and 32006 clauses..
SAT proof finished - no model found: SUCCESS!

                  /$$$$$$      /$$$$$$$$     /$$$$$$$    
                 /$$__  $$    | $$_____/    | $$__  $$   
                | $$  \ $$    | $$          | $$  \ $$   
                | $$  | $$    | $$$$$       | $$  | $$   
                | $$  | $$    | $$__/       | $$  | $$   
                | $$/$$ $$    | $$          | $$  | $$   
                |  $$$$$$/ /$$| $$$$$$$$ /$$| $$$$$$$//$$
                 \____ $$$|__/|________/|__/|_______/|__/
                       \__/                              

VIBEICTDF _0612_ STR

287. Executing SAT pass (solving SAT problems in the circuit).
Using SAT solver `kissat`.

Setting up SAT problem:
Import set-constraint: \f1._0612_ = 1'0
Final constraint equation: \f1._0612_ = 1'0
Imported 2705 cells to SAT database.
Import proof-constraint: \trig = 1'0
Final proof equation: \trig = 1'0
Import show expression: \clk
Import show expression: \rst
Import show expression: \x
Import show expression: \y

Solving problem with 12567 variables and 32003 clauses..
SAT proof finished - model found: FAIL!

   ______                   ___       ___       _ _            _ _ 
  (_____ \                 / __)     / __)     (_) |          | | |
   _____) )___ ___   ___ _| |__    _| |__ _____ _| | _____  __| | |
  |  ____/ ___) _ \ / _ (_   __)  (_   __|____ | | || ___ |/ _  |_|
  | |   | |  | |_| | |_| || |       | |  / ___ | | || ____( (_| |_ 
  |_|   |_|   \___/ \___/ |_|       |_|  \_____|_|\_)_____)\____|_|


  Signal Name             Dec       Hex                                 Bin
  --------------- ----------- --------- -----------------------------------
  \clk                      1         1                                   1
  \rst                      0         0                                   0
  \x               2147483647  7fffffff    01111111111111111111111111111111
  \y                        0         0                                   0
VIBEICTDF _311__A3 STF

288. Executing SAT pass (solving SAT problems in the circuit).
Using SAT solver `kissat`.

Setting up SAT problem:
Import set-constraint: \f1._311__A3 = 1'1
Final constraint equation: \f1._311__A3 = 1'1
Imported 2705 cells to SAT database.
Import proof-constraint: \trig = 1'0
Final proof equation: \trig = 1'0
Import show expression: \clk
Import show expression: \rst
Import show expression: \x
Import show expression: \y

Solving problem with 12564 variables and 31994 clauses..
SAT proof finished - model found: FAIL!

   ______                   ___       ___       _ _            _ _ 
  (_____ \                 / __)     / __)     (_) |          | | |
   _____) )___ ___   ___ _| |__    _| |__ _____ _| | _____  __| | |
  |  ____/ ___) _ \ / _ (_   __)  (_   __|____ | | || ___ |/ _  |_|
  | |   | |  | |_| | |_| || |       | |  / ___ | | || ____( (_| |_ 
  |_|   |_|   \___/ \___/ |_|       |_|  \_____|_|\_)_____)\____|_|


  Signal Name             Dec       Hex                                 Bin
  --------------- ----------- --------- -----------------------------------
  \clk                      0         0                                   0
  \rst                      0         0                                   0
  \x               2013265928  78000008    01111000000000000000000000001000
  \y                        1         1                                   1
VIBEICTDF _1048_ STR

289. Executing SAT pass (solving SAT problems in the circuit).
Using SAT solver `kissat`.

Setting up SAT problem:
Import set-constraint: \f1._1048_ = 1'0
Final constraint equation: \f1._1048_ = 1'0
Imported 2705 cells to SAT database.
Import proof-constraint: \trig = 1'0
Final proof equation: \trig = 1'0
Import show expression: \clk
Import show expression: \rst
Import show expression: \x
Import show expression: \y

Solving problem with 12568 variables and 32006 clauses..
SAT proof finished - no model found: SUCCESS!

                  /$$$$$$      /$$$$$$$$     /$$$$$$$    
                 /$$__  $$    | $$_____/    | $$__  $$   
                | $$  \ $$    | $$          | $$  \ $$   
                | $$  | $$    | $$$$$       | $$  | $$   
                | $$  | $$    | $$__/       | $$  | $$   
                | $$/$$ $$    | $$          | $$  | $$   
                |  $$$$$$/ /$$| $$$$$$$$ /$$| $$$$$$$//$$
                 \____ $$$|__/|________/|__/|_______/|__/
                       \__/                              

VIBEICTDF _0830_ STR

290. Executing SAT pass (solving SAT problems in the circuit).
Using SAT solver `kissat`.

Setting up SAT problem:
Import set-constraint: \f1._0830_ = 1'0
Final constraint equation: \f1._0830_ = 1'0
Imported 2705 cells to SAT database.
Import proof-constraint: \trig = 1'0
Final proof equation: \trig = 1'0
Import show expression: \clk
Import show expression: \rst
Import show expression: \x
Import show expression: \y

Solving problem with 12568 variables and 32006 clauses..
SAT proof finished - model found: FAIL!

   ______                   ___       ___       _ _            _ _ 
  (_____ \                 / __)     / __)     (_) |          | | |
   _____) )___ ___   ___ _| |__    _| |__ _____ _| | _____  __| | |
  |  ____/ ___) _ \ / _ (_   __)  (_   __|____ | | || ___ |/ _  |_|
  | |   | |  | |_| | |_| || |       | |  / ___ | | || ____( (_| |_ 
  |_|   |_|   \___/ \___/ |_|       |_|  \_____|_|\_)_____)\____|_|


  Signal Name             Dec       Hex                                 Bin
  --------------- ----------- --------- -----------------------------------
  \clk                      1         1                                   1
  \rst                      0         0                                   0
  \x                       -1  ffffffff    11111111111111111111111111111111
  \y                        1         1                                   1
VIBEICTDF _362__B STF

291. Executing SAT pass (solving SAT problems in the circuit).
Using SAT solver `kissat`.

Setting up SAT problem:
Import set-constraint: \f1._362__B = 1'1
Final constraint equation: \f1._362__B = 1'1
Imported 2705 cells to SAT database.
Import proof-constraint: \trig = 1'0
Final proof equation: \trig = 1'0
Import show expression: \clk
Import show expression: \rst
Import show expression: \x
Import show expression: \y

Solving problem with 12568 variables and 32006 clauses..
SAT proof finished - no model found: SUCCESS!

                  /$$$$$$      /$$$$$$$$     /$$$$$$$    
                 /$$__  $$    | $$_____/    | $$__  $$   
                | $$  \ $$    | $$          | $$  \ $$   
                | $$  | $$    | $$$$$       | $$  | $$   
                | $$  | $$    | $$__/       | $$  | $$   
                | $$/$$ $$    | $$          | $$  | $$   
                |  $$$$$$/ /$$| $$$$$$$$ /$$| $$$$$$$//$$
                 \____ $$$|__/|________/|__/|_______/|__/
                       \__/                              

VIBEICTDF _243__A2 STF

292. Executing SAT pass (solving SAT problems in the circuit).
Using SAT solver `kissat`.

Setting up SAT problem:
Import set-constraint: \f1._243__A2 = 1'1
Final constraint equation: \f1._243__A2 = 1'1
Imported 2705 cells to SAT database.
Import proof-constraint: \trig = 1'0
Final proof equation: \trig = 1'0
Import show expression: \clk
Import show expression: \rst
Import show expression: \x
Import show expression: \y

Solving problem with 12568 variables and 32006 clauses..
SAT proof finished - no model found: SUCCESS!

                  /$$$$$$      /$$$$$$$$     /$$$$$$$    
                 /$$__  $$    | $$_____/    | $$__  $$   
                | $$  \ $$    | $$          | $$  \ $$   
                | $$  | $$    | $$$$$       | $$  | $$   
                | $$  | $$    | $$__/       | $$  | $$   
                | $$/$$ $$    | $$          | $$  | $$   
                |  $$$$$$/ /$$| $$$$$$$$ /$$| $$$$$$$//$$
                 \____ $$$|__/|________/|__/|_______/|__/
                       \__/                              

VIBEICTDF _0557_ STF

293. Executing SAT pass (solving SAT problems in the circuit).
Using SAT solver `kissat`.

Setting up SAT problem:
Import set-constraint: \f1._0557_ = 1'1
Final constraint equation: \f1._0557_ = 1'1
Imported 2705 cells to SAT database.
Import proof-constraint: \trig = 1'0
Final proof equation: \trig = 1'0
Import show expression: \clk
Import show expression: \rst
Import show expression: \x
Import show expression: \y

Solving problem with 12567 variables and 32003 clauses..
SAT proof finished - model found: FAIL!

   ______                   ___       ___       _ _            _ _ 
  (_____ \                 / __)     / __)     (_) |          | | |
   _____) )___ ___   ___ _| |__    _| |__ _____ _| | _____  __| | |
  |  ____/ ___) _ \ / _ (_   __)  (_   __|____ | | || ___ |/ _  |_|
  | |   | |  | |_| | |_| || |       | |  / ___ | | || ____( (_| |_ 
  |_|   |_|   \___/ \___/ |_|       |_|  \_____|_|\_)_____)\____|_|


  Signal Name             Dec       Hex                                 Bin
  --------------- ----------- --------- -----------------------------------
  \clk                      1         1                                   1
  \rst                      0         0                                   0
  \x                       -1  ffffffff    11111111111111111111111111111111
  \y                        1         1                                   1
VIBEICTDF _294__ZN STR

294. Executing SAT pass (solving SAT problems in the circuit).
Using SAT solver `kissat`.

Setting up SAT problem:
Import set-constraint: \f1._294__ZN = 1'0
Final constraint equation: \f1._294__ZN = 1'0
Imported 2705 cells to SAT database.
Import proof-constraint: \trig = 1'0
Final proof equation: \trig = 1'0
Import show expression: \clk
Import show expression: \rst
Import show expression: \x
Import show expression: \y

Solving problem with 12568 variables and 32006 clauses..
SAT proof finished - no model found: SUCCESS!

                  /$$$$$$      /$$$$$$$$     /$$$$$$$    
                 /$$__  $$    | $$_____/    | $$__  $$   
                | $$  \ $$    | $$          | $$  \ $$   
                | $$  | $$    | $$$$$       | $$  | $$   
                | $$  | $$    | $$__/       | $$  | $$   
                | $$/$$ $$    | $$          | $$  | $$   
                |  $$$$$$/ /$$| $$$$$$$$ /$$| $$$$$$$//$$
                 \____ $$$|__/|________/|__/|_______/|__/
                       \__/                              

VIBEICTDF _0993_ STF

295. Executing SAT pass (solving SAT problems in the circuit).
Using SAT solver `kissat`.

Setting up SAT problem:
Import set-constraint: \f1._0993_ = 1'1
Final constraint equation: \f1._0993_ = 1'1
Imported 2705 cells to SAT database.
Import proof-constraint: \trig = 1'0
Final proof equation: \trig = 1'0
Import show expression: \clk
Import show expression: \rst
Import show expression: \x
Import show expression: \y

Solving problem with 12569 variables and 32007 clauses..
SAT proof finished - model found: FAIL!

   ______                   ___       ___       _ _            _ _ 
  (_____ \                 / __)     / __)     (_) |          | | |
   _____) )___ ___   ___ _| |__    _| |__ _____ _| | _____  __| | |
  |  ____/ ___) _ \ / _ (_   __)  (_   __|____ | | || ___ |/ _  |_|
  | |   | |  | |_| | |_| || |       | |  / ___ | | || ____( (_| |_ 
  |_|   |_|   \___/ \___/ |_|       |_|  \_____|_|\_)_____)\____|_|


  Signal Name             Dec       Hex                                 Bin
  --------------- ----------- --------- -----------------------------------
  \clk                      1         1                                   1
  \rst                      0         0                                   0
  \x                      -33  ffffffdf    11111111111111111111111111011111
  \y                        1         1                                   1
VIBEICTDF _0775_ STF

296. Executing SAT pass (solving SAT problems in the circuit).
Using SAT solver `kissat`.

Setting up SAT problem:
Import set-constraint: \f1._0775_ = 1'1
Final constraint equation: \f1._0775_ = 1'1
Imported 2705 cells to SAT database.
Import proof-constraint: \trig = 1'0
Final proof equation: \trig = 1'0
Import show expression: \clk
Import show expression: \rst
Import show expression: \x
Import show expression: \y

Solving problem with 12569 variables and 32007 clauses..
SAT proof finished - no model found: SUCCESS!

                  /$$$$$$      /$$$$$$$$     /$$$$$$$    
                 /$$__  $$    | $$_____/    | $$__  $$   
                | $$  \ $$    | $$          | $$  \ $$   
                | $$  | $$    | $$$$$       | $$  | $$   
                | $$  | $$    | $$__/       | $$  | $$   
                | $$/$$ $$    | $$          | $$  | $$   
                |  $$$$$$/ /$$| $$$$$$$$ /$$| $$$$$$$//$$
                 \____ $$$|__/|________/|__/|_______/|__/
                       \__/                              

VIBEICTDF _351__B STR

297. Executing SAT pass (solving SAT problems in the circuit).
Using SAT solver `kissat`.

Setting up SAT problem:
Import set-constraint: \f1._351__B = 1'0
Final constraint equation: \f1._351__B = 1'0
Imported 2705 cells to SAT database.
Import proof-constraint: \trig = 1'0
Final proof equation: \trig = 1'0
Import show expression: \clk
Import show expression: \rst
Import show expression: \x
Import show expression: \y

Solving problem with 12566 variables and 32000 clauses..
SAT proof finished - model found: FAIL!

   ______                   ___       ___       _ _            _ _ 
  (_____ \                 / __)     / __)     (_) |          | | |
   _____) )___ ___   ___ _| |__    _| |__ _____ _| | _____  __| | |
  |  ____/ ___) _ \ / _ (_   __)  (_   __|____ | | || ___ |/ _  |_|
  | |   | |  | |_| | |_| || |       | |  / ___ | | || ____( (_| |_ 
  |_|   |_|   \___/ \___/ |_|       |_|  \_____|_|\_)_____)\____|_|


  Signal Name             Dec       Hex                                 Bin
  --------------- ----------- --------- -----------------------------------
  \clk                      0         0                                   0
  \rst                      0         0                                   0
  \x               2013270016  78001000    01111000000000000001000000000000
  \y                        1         1                                   1
VIBEICTDF _226__A3 STR

298. Executing SAT pass (solving SAT problems in the circuit).
Using SAT solver `kissat`.

Setting up SAT problem:
Import set-constraint: \f1._226__A3 = 1'0
Final constraint equation: \f1._226__A3 = 1'0
Imported 2705 cells to SAT database.
Import proof-constraint: \trig = 1'0
Final proof equation: \trig = 1'0
Import show expression: \clk
Import show expression: \rst
Import show expression: \x
Import show expression: \y

Solving problem with 12564 variables and 31994 clauses..
SAT proof finished - model found: FAIL!

   ______                   ___       ___       _ _            _ _ 
  (_____ \                 / __)     / __)     (_) |          | | |
   _____) )___ ___   ___ _| |__    _| |__ _____ _| | _____  __| | |
  |  ____/ ___) _ \ / _ (_   __)  (_   __|____ | | || ___ |/ _  |_|
  | |   | |  | |_| | |_| || |       | |  / ___ | | || ____( (_| |_ 
  |_|   |_|   \___/ \___/ |_|       |_|  \_____|_|\_)_____)\____|_|


  Signal Name             Dec       Hex                                 Bin
  --------------- ----------- --------- -----------------------------------
  \clk                      1         1                                   1
  \rst                      0         0                                   0
  \x                  1048577    100001    00000000000100000000000000000001
  \y                        0         0                                   0
VIBEICTDF _0666_ STF

299. Executing SAT pass (solving SAT problems in the circuit).
Using SAT solver `kissat`.

Setting up SAT problem:
Import set-constraint: \f1._0666_ = 1'1
Final constraint equation: \f1._0666_ = 1'1
Imported 2705 cells to SAT database.
Import proof-constraint: \trig = 1'0
Final proof equation: \trig = 1'0
Import show expression: \clk
Import show expression: \rst
Import show expression: \x
Import show expression: \y

Solving problem with 12569 variables and 32007 clauses..
SAT proof finished - model found: FAIL!

   ______                   ___       ___       _ _            _ _ 
  (_____ \                 / __)     / __)     (_) |          | | |
   _____) )___ ___   ___ _| |__    _| |__ _____ _| | _____  __| | |
  |  ____/ ___) _ \ / _ (_   __)  (_   __|____ | | || ___ |/ _  |_|
  | |   | |  | |_| | |_| || |       | |  / ___ | | || ____( (_| |_ 
  |_|   |_|   \___/ \___/ |_|       |_|  \_____|_|\_)_____)\____|_|


  Signal Name             Dec       Hex                                 Bin
  --------------- ----------- --------- -----------------------------------
  \clk                      0         0                                   0
  \rst                      0         0                                   0
  \x               2013265924  78000004    01111000000000000000000000000100
  \y                        1         1                                   1
VIBEICTDF _327__A2 STR

300. Executing SAT pass (solving SAT problems in the circuit).
Using SAT solver `kissat`.

Setting up SAT problem:
Import set-constraint: \f1._327__A2 = 1'0
Final constraint equation: \f1._327__A2 = 1'0
Imported 2705 cells to SAT database.
Import proof-constraint: \trig = 1'0
Final proof equation: \trig = 1'0
Import show expression: \clk
Import show expression: \rst
Import show expression: \x
Import show expression: \y

Solving problem with 12568 variables and 32006 clauses..
SAT proof finished - no model found: SUCCESS!

                  /$$$$$$      /$$$$$$$$     /$$$$$$$    
                 /$$__  $$    | $$_____/    | $$__  $$   
                | $$  \ $$    | $$          | $$  \ $$   
                | $$  | $$    | $$$$$       | $$  | $$   
                | $$  | $$    | $$__/       | $$  | $$   
                | $$/$$ $$    | $$          | $$  | $$   
                |  $$$$$$/ /$$| $$$$$$$$ /$$| $$$$$$$//$$
                 \____ $$$|__/|________/|__/|_______/|__/
                       \__/                              

VIBEICTDF _1103_ STR

301. Executing SAT pass (solving SAT problems in the circuit).
Using SAT solver `kissat`.

Setting up SAT problem:
Import set-constraint: \f1._1103_ = 1'0
Final constraint equation: \f1._1103_ = 1'0
Imported 2705 cells to SAT database.
Import proof-constraint: \trig = 1'0
Final proof equation: \trig = 1'0
Import show expression: \clk
Import show expression: \rst
Import show expression: \x
Import show expression: \y

Solving problem with 12568 variables and 32006 clauses..
SAT proof finished - model found: FAIL!

   ______                   ___       ___       _ _            _ _ 
  (_____ \                 / __)     / __)     (_) |          | | |
   _____) )___ ___   ___ _| |__    _| |__ _____ _| | _____  __| | |
  |  ____/ ___) _ \ / _ (_   __)  (_   __|____ | | || ___ |/ _  |_|
  | |   | |  | |_| | |_| || |       | |  / ___ | | || ____( (_| |_ 
  |_|   |_|   \___/ \___/ |_|       |_|  \_____|_|\_)_____)\____|_|


  Signal Name             Dec       Hex                                 Bin
  --------------- ----------- --------- -----------------------------------
  \clk                      1         1                                   1
  \rst                      0         0                                   0
  \x               2013265920  78000000    01111000000000000000000000000000
  \y                        1         1                                   1
VIBEICTDF _0884_ STF

302. Executing SAT pass (solving SAT problems in the circuit).
Using SAT solver `kissat`.

Setting up SAT problem:
Import set-constraint: \f1._0884_ = 1'1
Final constraint equation: \f1._0884_ = 1'1
Imported 2705 cells to SAT database.
Import proof-constraint: \trig = 1'0
Final proof equation: \trig = 1'0
Import show expression: \clk
Import show expression: \rst
Import show expression: \x
Import show expression: \y

Solving problem with 12567 variables and 32003 clauses..
SAT proof finished - model found: FAIL!

   ______                   ___       ___       _ _            _ _ 
  (_____ \                 / __)     / __)     (_) |          | | |
   _____) )___ ___   ___ _| |__    _| |__ _____ _| | _____  __| | |
  |  ____/ ___) _ \ / _ (_   __)  (_   __|____ | | || ___ |/ _  |_|
  | |   | |  | |_| | |_| || |       | |  / ___ | | || ____( (_| |_ 
  |_|   |_|   \___/ \___/ |_|       |_|  \_____|_|\_)_____)\____|_|


  Signal Name             Dec       Hex                                 Bin
  --------------- ----------- --------- -----------------------------------
  \clk                      1         1                                   1
  \rst                      0         0                                   0
  \x                    32769      8001    00000000000000001000000000000001
  \y                        0         0                                   0
VIBEICTDF _377__A2 STR

303. Executing SAT pass (solving SAT problems in the circuit).
Using SAT solver `kissat`.

Setting up SAT problem:
Import set-constraint: \f1._377__A2 = 1'0
Final constraint equation: \f1._377__A2 = 1'0
Imported 2705 cells to SAT database.
Import proof-constraint: \trig = 1'0
Final proof equation: \trig = 1'0
Import show expression: \clk
Import show expression: \rst
Import show expression: \x
Import show expression: \y

Solving problem with 12567 variables and 32003 clauses..
SAT proof finished - model found: FAIL!

   ______                   ___       ___       _ _            _ _ 
  (_____ \                 / __)     / __)     (_) |          | | |
   _____) )___ ___   ___ _| |__    _| |__ _____ _| | _____  __| | |
  |  ____/ ___) _ \ / _ (_   __)  (_   __|____ | | || ___ |/ _  |_|
  | |   | |  | |_| | |_| || |       | |  / ___ | | || ____( (_| |_ 
  |_|   |_|   \___/ \___/ |_|       |_|  \_____|_|\_)_____)\____|_|


  Signal Name             Dec       Hex                                 Bin
  --------------- ----------- --------- -----------------------------------
  \clk                      1         1                                   1
  \rst                      0         0                                   0
  \x              -1073741823  c0000001    11000000000000000000000000000001
  \y                        0         0                                   0
VIBEICTDF _260__ZN STR

304. Executing SAT pass (solving SAT problems in the circuit).
Using SAT solver `kissat`.

Setting up SAT problem:
Import set-constraint: \f1._260__ZN = 1'0
Final constraint equation: \f1._260__ZN = 1'0
Imported 2705 cells to SAT database.
Import proof-constraint: \trig = 1'0
Final proof equation: \trig = 1'0
Import show expression: \clk
Import show expression: \rst
Import show expression: \x
Import show expression: \y

Solving problem with 12568 variables and 32006 clauses..
SAT proof finished - no model found: SUCCESS!

                  /$$$$$$      /$$$$$$$$     /$$$$$$$    
                 /$$__  $$    | $$_____/    | $$__  $$   
                | $$  \ $$    | $$          | $$  \ $$   
                | $$  | $$    | $$$$$       | $$  | $$   
                | $$  | $$    | $$__/       | $$  | $$   
                | $$/$$ $$    | $$          | $$  | $$   
                |  $$$$$$/ /$$| $$$$$$$$ /$$| $$$$$$$//$$
                 \____ $$$|__/|________/|__/|_______/|__/
                       \__/                              

VIBEICTDF _0469_ STR

305. Executing SAT pass (solving SAT problems in the circuit).
Using SAT solver `kissat`.

Setting up SAT problem:
Import set-constraint: \f1._0469_ = 1'0
Final constraint equation: \f1._0469_ = 1'0
Imported 2705 cells to SAT database.
Import proof-constraint: \trig = 1'0
Final proof equation: \trig = 1'0
Import show expression: \clk
Import show expression: \rst
Import show expression: \x
Import show expression: \y

Solving problem with 12567 variables and 32003 clauses..
SAT proof finished - no model found: SUCCESS!

                  /$$$$$$      /$$$$$$$$     /$$$$$$$    
                 /$$__  $$    | $$_____/    | $$__  $$   
                | $$  \ $$    | $$          | $$  \ $$   
                | $$  | $$    | $$$$$       | $$  | $$   
                | $$  | $$    | $$__/       | $$  | $$   
                | $$/$$ $$    | $$          | $$  | $$   
                |  $$$$$$/ /$$| $$$$$$$$ /$$| $$$$$$$//$$
                 \____ $$$|__/|________/|__/|_______/|__/
                       \__/                              

VIBEICTDF _266__Z STF

306. Executing SAT pass (solving SAT problems in the circuit).
Using SAT solver `kissat`.

Setting up SAT problem:
Import set-constraint: \f1._266__Z = 1'1
Final constraint equation: \f1._266__Z = 1'1
Imported 2705 cells to SAT database.
Import proof-constraint: \trig = 1'0
Final proof equation: \trig = 1'0
Import show expression: \clk
Import show expression: \rst
Import show expression: \x
Import show expression: \y

Solving problem with 12568 variables and 32006 clauses..
SAT proof finished - no model found: SUCCESS!

                  /$$$$$$      /$$$$$$$$     /$$$$$$$    
                 /$$__  $$    | $$_____/    | $$__  $$   
                | $$  \ $$    | $$          | $$  \ $$   
                | $$  | $$    | $$$$$       | $$  | $$   
                | $$  | $$    | $$__/       | $$  | $$   
                | $$/$$ $$    | $$          | $$  | $$   
                |  $$$$$$/ /$$| $$$$$$$$ /$$| $$$$$$$//$$
                 \____ $$$|__/|________/|__/|_______/|__/
                       \__/                              

VIBEICTDF _0905_ STR

307. Executing SAT pass (solving SAT problems in the circuit).
Using SAT solver `kissat`.

Setting up SAT problem:
Import set-constraint: \f1._0905_ = 1'0
Final constraint equation: \f1._0905_ = 1'0
Imported 2705 cells to SAT database.
Import proof-constraint: \trig = 1'0
Final proof equation: \trig = 1'0
Import show expression: \clk
Import show expression: \rst
Import show expression: \x
Import show expression: \y

Solving problem with 12568 variables and 32006 clauses..
SAT proof finished - model found: FAIL!

   ______                   ___       ___       _ _            _ _ 
  (_____ \                 / __)     / __)     (_) |          | | |
   _____) )___ ___   ___ _| |__    _| |__ _____ _| | _____  __| | |
  |  ____/ ___) _ \ / _ (_   __)  (_   __|____ | | || ___ |/ _  |_|
  | |   | |  | |_| | |_| || |       | |  / ___ | | || ____( (_| |_ 
  |_|   |_|   \___/ \___/ |_|       |_|  \_____|_|\_)_____)\____|_|


  Signal Name             Dec       Hex                                 Bin
  --------------- ----------- --------- -----------------------------------
  \clk                      1         1                                   1
  \rst                      0         0                                   0
  \x                       -1  ffffffff    11111111111111111111111111111111
  \y                        1         1                                   1
VIBEICTDF _382__Z STF

308. Executing SAT pass (solving SAT problems in the circuit).
Using SAT solver `kissat`.

Setting up SAT problem:
Import set-constraint: \f1._382__Z = 1'1
Final constraint equation: \f1._382__Z = 1'1
Imported 2705 cells to SAT database.
Import proof-constraint: \trig = 1'0
Final proof equation: \trig = 1'0
Import show expression: \clk
Import show expression: \rst
Import show expression: \x
Import show expression: \y

Solving problem with 12568 variables and 32006 clauses..
SAT proof finished - no model found: SUCCESS!

                  /$$$$$$      /$$$$$$$$     /$$$$$$$    
                 /$$__  $$    | $$_____/    | $$__  $$   
                | $$  \ $$    | $$          | $$  \ $$   
                | $$  | $$    | $$$$$       | $$  | $$   
                | $$  | $$    | $$__/       | $$  | $$   
                | $$/$$ $$    | $$          | $$  | $$   
                |  $$$$$$/ /$$| $$$$$$$$ /$$| $$$$$$$//$$
                 \____ $$$|__/|________/|__/|_______/|__/
                       \__/                              

VIBEICTDF _0687_ STR

309. Executing SAT pass (solving SAT problems in the circuit).
Using SAT solver `kissat`.

Setting up SAT problem:
Import set-constraint: \f1._0687_ = 1'0
Final constraint equation: \f1._0687_ = 1'0
Imported 2705 cells to SAT database.
Import proof-constraint: \trig = 1'0
Final proof equation: \trig = 1'0
Import show expression: \clk
Import show expression: \rst
Import show expression: \x
Import show expression: \y

Solving problem with 12568 variables and 32006 clauses..
SAT proof finished - model found: FAIL!

   ______                   ___       ___       _ _            _ _ 
  (_____ \                 / __)     / __)     (_) |          | | |
   _____) )___ ___   ___ _| |__    _| |__ _____ _| | _____  __| | |
  |  ____/ ___) _ \ / _ (_   __)  (_   __|____ | | || ___ |/ _  |_|
  | |   | |  | |_| | |_| || |       | |  / ___ | | || ____( (_| |_ 
  |_|   |_|   \___/ \___/ |_|       |_|  \_____|_|\_)_____)\____|_|


  Signal Name             Dec       Hex                                 Bin
  --------------- ----------- --------- -----------------------------------
  \clk                      1         1                                   1
  \rst                      0         0                                   0
  \x              -1073741825  bfffffff    10111111111111111111111111111111
  \y                        1         1                                   1
VIBEICTDF _332__B1 STF

310. Executing SAT pass (solving SAT problems in the circuit).
Using SAT solver `kissat`.

Setting up SAT problem:
Import set-constraint: \f1._332__B1 = 1'1
Final constraint equation: \f1._332__B1 = 1'1
Imported 2705 cells to SAT database.
Import proof-constraint: \trig = 1'0
Final proof equation: \trig = 1'0
Import show expression: \clk
Import show expression: \rst
Import show expression: \x
Import show expression: \y

Solving problem with 12568 variables and 32006 clauses..
SAT proof finished - no model found: SUCCESS!

                  /$$$$$$      /$$$$$$$$     /$$$$$$$    
                 /$$__  $$    | $$_____/    | $$__  $$   
                | $$  \ $$    | $$          | $$  \ $$   
                | $$  | $$    | $$$$$       | $$  | $$   
                | $$  | $$    | $$__/       | $$  | $$   
                | $$/$$ $$    | $$          | $$  | $$   
                |  $$$$$$/ /$$| $$$$$$$$ /$$| $$$$$$$//$$
                 \____ $$$|__/|________/|__/|_______/|__/
                       \__/                              

VIBEICTDF _198__ZN STR

311. Executing SAT pass (solving SAT problems in the circuit).
Using SAT solver `kissat`.

Setting up SAT problem:
Import set-constraint: \f1._198__ZN = 1'0
Final constraint equation: \f1._198__ZN = 1'0
Imported 2705 cells to SAT database.
Import proof-constraint: \trig = 1'0
Final proof equation: \trig = 1'0
Import show expression: \clk
Import show expression: \rst
Import show expression: \x
Import show expression: \y

Solving problem with 12568 variables and 32006 clauses..
SAT proof finished - no model found: SUCCESS!

                  /$$$$$$      /$$$$$$$$     /$$$$$$$    
                 /$$__  $$    | $$_____/    | $$__  $$   
                | $$  \ $$    | $$          | $$  \ $$   
                | $$  | $$    | $$$$$       | $$  | $$   
                | $$  | $$    | $$__/       | $$  | $$   
                | $$/$$ $$    | $$          | $$  | $$   
                |  $$$$$$/ /$$| $$$$$$$$ /$$| $$$$$$$//$$
                 \____ $$$|__/|________/|__/|_______/|__/
                       \__/                              

VIBEICTDF _0578_ STR

312. Executing SAT pass (solving SAT problems in the circuit).
Using SAT solver `kissat`.

Setting up SAT problem:
Import set-constraint: \f1._0578_ = 1'0
Final constraint equation: \f1._0578_ = 1'0
Imported 2705 cells to SAT database.
Import proof-constraint: \trig = 1'0
Final proof equation: \trig = 1'0
Import show expression: \clk
Import show expression: \rst
Import show expression: \x
Import show expression: \y

Solving problem with 12567 variables and 32003 clauses..
SAT proof finished - model found: FAIL!

   ______                   ___       ___       _ _            _ _ 
  (_____ \                 / __)     / __)     (_) |          | | |
   _____) )___ ___   ___ _| |__    _| |__ _____ _| | _____  __| | |
  |  ____/ ___) _ \ / _ (_   __)  (_   __|____ | | || ___ |/ _  |_|
  | |   | |  | |_| | |_| || |       | |  / ___ | | || ____( (_| |_ 
  |_|   |_|   \___/ \___/ |_|       |_|  \_____|_|\_)_____)\____|_|


  Signal Name             Dec       Hex                                 Bin
  --------------- ----------- --------- -----------------------------------
  \clk                      1         1                                   1
  \rst                      0         0                                   0
  \x                    -4097  ffffefff    11111111111111111110111111111111
  \y                        1         1                                   1
VIBEICTDF _301__A1 STF

313. Executing SAT pass (solving SAT problems in the circuit).
Using SAT solver `kissat`.

Setting up SAT problem:
Import set-constraint: \f1._301__A1 = 1'1
Final constraint equation: \f1._301__A1 = 1'1
Imported 2705 cells to SAT database.
Import proof-constraint: \trig = 1'0
Final proof equation: \trig = 1'0
Import show expression: \clk
Import show expression: \rst
Import show expression: \x
Import show expression: \y

Solving problem with 12568 variables and 32006 clauses..
SAT proof finished - no model found: SUCCESS!

                  /$$$$$$      /$$$$$$$$     /$$$$$$$    
                 /$$__  $$    | $$_____/    | $$__  $$   
                | $$  \ $$    | $$          | $$  \ $$   
                | $$  | $$    | $$$$$       | $$  | $$   
                | $$  | $$    | $$__/       | $$  | $$   
                | $$/$$ $$    | $$          | $$  | $$   
                |  $$$$$$/ /$$| $$$$$$$$ /$$| $$$$$$$//$$
                 \____ $$$|__/|________/|__/|_______/|__/
                       \__/                              

VIBEICTDF _1014_ STR

314. Executing SAT pass (solving SAT problems in the circuit).
Using SAT solver `kissat`.

Setting up SAT problem:
Import set-constraint: \f1._1014_ = 1'0
Final constraint equation: \f1._1014_ = 1'0
Imported 2705 cells to SAT database.
Import proof-constraint: \trig = 1'0
Final proof equation: \trig = 1'0
Import show expression: \clk
Import show expression: \rst
Import show expression: \x
Import show expression: \y

Solving problem with 12568 variables and 32006 clauses..
SAT proof finished - no model found: SUCCESS!

                  /$$$$$$      /$$$$$$$$     /$$$$$$$    
                 /$$__  $$    | $$_____/    | $$__  $$   
                | $$  \ $$    | $$          | $$  \ $$   
                | $$  | $$    | $$$$$       | $$  | $$   
                | $$  | $$    | $$__/       | $$  | $$   
                | $$/$$ $$    | $$          | $$  | $$   
                |  $$$$$$/ /$$| $$$$$$$$ /$$| $$$$$$$//$$
                 \____ $$$|__/|________/|__/|_______/|__/
                       \__/                              

VIBEICTDF _0796_ STR

315. Executing SAT pass (solving SAT problems in the circuit).
Using SAT solver `kissat`.

Setting up SAT problem:
Import set-constraint: \f1._0796_ = 1'0
Final constraint equation: \f1._0796_ = 1'0
Imported 2705 cells to SAT database.
Import proof-constraint: \trig = 1'0
Final proof equation: \trig = 1'0
Import show expression: \clk
Import show expression: \rst
Import show expression: \x
Import show expression: \y

Solving problem with 12568 variables and 32006 clauses..
SAT proof finished - no model found: SUCCESS!

                  /$$$$$$      /$$$$$$$$     /$$$$$$$    
                 /$$__  $$    | $$_____/    | $$__  $$   
                | $$  \ $$    | $$          | $$  \ $$   
                | $$  | $$    | $$$$$       | $$  | $$   
                | $$  | $$    | $$__/       | $$  | $$   
                | $$/$$ $$    | $$          | $$  | $$   
                |  $$$$$$/ /$$| $$$$$$$$ /$$| $$$$$$$//$$
                 \____ $$$|__/|________/|__/|_______/|__/
                       \__/                              

VIBEICTDF _355__B STF

316. Executing SAT pass (solving SAT problems in the circuit).
Using SAT solver `kissat`.

Setting up SAT problem:
Import set-constraint: \f1._355__B = 1'1
Final constraint equation: \f1._355__B = 1'1
Imported 2705 cells to SAT database.
Import proof-constraint: \trig = 1'0
Final proof equation: \trig = 1'0
Import show expression: \clk
Import show expression: \rst
Import show expression: \x
Import show expression: \y

Solving problem with 12566 variables and 32000 clauses..
SAT proof finished - model found: FAIL!

   ______                   ___       ___       _ _            _ _ 
  (_____ \                 / __)     / __)     (_) |          | | |
   _____) )___ ___   ___ _| |__    _| |__ _____ _| | _____  __| | |
  |  ____/ ___) _ \ / _ (_   __)  (_   __|____ | | || ___ |/ _  |_|
  | |   | |  | |_| | |_| || |       | |  / ___ | | || ____( (_| |_ 
  |_|   |_|   \___/ \___/ |_|       |_|  \_____|_|\_)_____)\____|_|


  Signal Name             Dec       Hex                                 Bin
  --------------- ----------- --------- -----------------------------------
  \clk                      1         1                                   1
  \rst                      0         0                                   0
  \x                       -1  ffffffff    11111111111111111111111111111111
  \y                        1         1                                   1
VIBEICTDF _232__ZN STF

317. Executing SAT pass (solving SAT problems in the circuit).
Using SAT solver `kissat`.

Setting up SAT problem:
Import set-constraint: \f1._232__ZN = 1'1
Final constraint equation: \f1._232__ZN = 1'1
Imported 2705 cells to SAT database.
Import proof-constraint: \trig = 1'0
Final proof equation: \trig = 1'0
Import show expression: \clk
Import show expression: \rst
Import show expression: \x
Import show expression: \y

Solving problem with 12568 variables and 32006 clauses..
SAT proof finished - no model found: SUCCESS!

                  /$$$$$$      /$$$$$$$$     /$$$$$$$    
                 /$$__  $$    | $$_____/    | $$__  $$   
                | $$  \ $$    | $$          | $$  \ $$   
                | $$  | $$    | $$$$$       | $$  | $$   
                | $$  | $$    | $$__/       | $$  | $$   
                | $$/$$ $$    | $$          | $$  | $$   
                |  $$$$$$/ /$$| $$$$$$$$ /$$| $$$$$$$//$$
                 \____ $$$|__/|________/|__/|_______/|__/
                       \__/                              

VIBEICTDF _0523_ STF

318. Executing SAT pass (solving SAT problems in the circuit).
Using SAT solver `kissat`.

Setting up SAT problem:
Import set-constraint: \f1._0523_ = 1'1
Final constraint equation: \f1._0523_ = 1'1
Imported 2705 cells to SAT database.
Import proof-constraint: \trig = 1'0
Final proof equation: \trig = 1'0
Import show expression: \clk
Import show expression: \rst
Import show expression: \x
Import show expression: \y

Solving problem with 12569 variables and 32007 clauses..
SAT proof finished - no model found: SUCCESS!

                  /$$$$$$      /$$$$$$$$     /$$$$$$$    
                 /$$__  $$    | $$_____/    | $$__  $$   
                | $$  \ $$    | $$          | $$  \ $$   
                | $$  | $$    | $$$$$       | $$  | $$   
                | $$  | $$    | $$__/       | $$  | $$   
                | $$/$$ $$    | $$          | $$  | $$   
                |  $$$$$$/ /$$| $$$$$$$$ /$$| $$$$$$$//$$
                 \____ $$$|__/|________/|__/|_______/|__/
                       \__/                              

VIBEICTDF _284__A1 STR

319. Executing SAT pass (solving SAT problems in the circuit).
Using SAT solver `kissat`.

Setting up SAT problem:
Import set-constraint: \f1._284__A1 = 1'0
Final constraint equation: \f1._284__A1 = 1'0
Imported 2705 cells to SAT database.
Import proof-constraint: \trig = 1'0
Final proof equation: \trig = 1'0
Import show expression: \clk
Import show expression: \rst
Import show expression: \x
Import show expression: \y

Solving problem with 12568 variables and 32006 clauses..
SAT proof finished - no model found: SUCCESS!

                  /$$$$$$      /$$$$$$$$     /$$$$$$$    
                 /$$__  $$    | $$_____/    | $$__  $$   
                | $$  \ $$    | $$          | $$  \ $$   
                | $$  | $$    | $$$$$       | $$  | $$   
                | $$  | $$    | $$__/       | $$  | $$   
                | $$/$$ $$    | $$          | $$  | $$   
                |  $$$$$$/ /$$| $$$$$$$$ /$$| $$$$$$$//$$
                 \____ $$$|__/|________/|__/|_______/|__/
                       \__/                              

VIBEICTDF _0959_ STF

320. Executing SAT pass (solving SAT problems in the circuit).
Using SAT solver `kissat`.

Setting up SAT problem:
Import set-constraint: \f1._0959_ = 1'1
Final constraint equation: \f1._0959_ = 1'1
Imported 2705 cells to SAT database.
Import proof-constraint: \trig = 1'0
Final proof equation: \trig = 1'0
Import show expression: \clk
Import show expression: \rst
Import show expression: \x
Import show expression: \y

Solving problem with 12567 variables and 32003 clauses..
SAT proof finished - no model found: SUCCESS!

                  /$$$$$$      /$$$$$$$$     /$$$$$$$    
                 /$$__  $$    | $$_____/    | $$__  $$   
                | $$  \ $$    | $$          | $$  \ $$   
                | $$  | $$    | $$$$$       | $$  | $$   
                | $$  | $$    | $$__/       | $$  | $$   
                | $$/$$ $$    | $$          | $$  | $$   
                |  $$$$$$/ /$$| $$$$$$$$ /$$| $$$$$$$//$$
                 \____ $$$|__/|________/|__/|_______/|__/
                       \__/                              

VIBEICTDF _0741_ STF

321. Executing SAT pass (solving SAT problems in the circuit).
Using SAT solver `kissat`.

Setting up SAT problem:
Import set-constraint: \f1._0741_ = 1'1
Final constraint equation: \f1._0741_ = 1'1
Imported 2705 cells to SAT database.
Import proof-constraint: \trig = 1'0
Final proof equation: \trig = 1'0
Import show expression: \clk
Import show expression: \rst
Import show expression: \x
Import show expression: \y

Solving problem with 12567 variables and 32003 clauses..
SAT proof finished - model found: FAIL!

   ______                   ___       ___       _ _            _ _ 
  (_____ \                 / __)     / __)     (_) |          | | |
   _____) )___ ___   ___ _| |__    _| |__ _____ _| | _____  __| | |
  |  ____/ ___) _ \ / _ (_   __)  (_   __|____ | | || ___ |/ _  |_|
  | |   | |  | |_| | |_| || |       | |  / ___ | | || ____( (_| |_ 
  |_|   |_|   \___/ \___/ |_|       |_|  \_____|_|\_)_____)\____|_|


  Signal Name             Dec       Hex                                 Bin
  --------------- ----------- --------- -----------------------------------
  \clk                      1         1                                   1
  \rst                      0         0                                   0
  \x               -268435457  efffffff    11101111111111111111111111111111
  \y                        1         1                                   1
VIBEICTDF _344__C STR

322. Executing SAT pass (solving SAT problems in the circuit).
Using SAT solver `kissat`.

Setting up SAT problem:
Import set-constraint: \f1._344__C = 1'0
Final constraint equation: \f1._344__C = 1'0
Imported 2705 cells to SAT database.
Import proof-constraint: \trig = 1'0
Final proof equation: \trig = 1'0
Import show expression: \clk
Import show expression: \rst
Import show expression: \x
Import show expression: \y

Solving problem with 12568 variables and 32006 clauses..
SAT proof finished - no model found: SUCCESS!

                  /$$$$$$      /$$$$$$$$     /$$$$$$$    
                 /$$__  $$    | $$_____/    | $$__  $$   
                | $$  \ $$    | $$          | $$  \ $$   
                | $$  | $$    | $$$$$       | $$  | $$   
                | $$  | $$    | $$__/       | $$  | $$   
                | $$/$$ $$    | $$          | $$  | $$   
                |  $$$$$$/ /$$| $$$$$$$$ /$$| $$$$$$$//$$
                 \____ $$$|__/|________/|__/|_______/|__/
                       \__/                              

VIBEICTDF _215__ZN STF

323. Executing SAT pass (solving SAT problems in the circuit).
Using SAT solver `kissat`.

Setting up SAT problem:
Import set-constraint: \f1._215__ZN = 1'1
Final constraint equation: \f1._215__ZN = 1'1
Imported 2705 cells to SAT database.
Import proof-constraint: \trig = 1'0
Final proof equation: \trig = 1'0
Import show expression: \clk
Import show expression: \rst
Import show expression: \x
Import show expression: \y

Solving problem with 12568 variables and 32006 clauses..
SAT proof finished - no model found: SUCCESS!

                  /$$$$$$      /$$$$$$$$     /$$$$$$$    
                 /$$__  $$    | $$_____/    | $$__  $$   
                | $$  \ $$    | $$          | $$  \ $$   
                | $$  | $$    | $$$$$       | $$  | $$   
                | $$  | $$    | $$__/       | $$  | $$   
                | $$/$$ $$    | $$          | $$  | $$   
                |  $$$$$$/ /$$| $$$$$$$$ /$$| $$$$$$$//$$
                 \____ $$$|__/|________/|__/|_______/|__/
                       \__/                              

VIBEICTDF _0632_ STF

324. Executing SAT pass (solving SAT problems in the circuit).
Using SAT solver `kissat`.

Setting up SAT problem:
Import set-constraint: \f1._0632_ = 1'1
Final constraint equation: \f1._0632_ = 1'1
Imported 2705 cells to SAT database.
Import proof-constraint: \trig = 1'0
Final proof equation: \trig = 1'0
Import show expression: \clk
Import show expression: \rst
Import show expression: \x
Import show expression: \y

Solving problem with 12569 variables and 32007 clauses..
SAT proof finished - model found: FAIL!

   ______                   ___       ___       _ _            _ _ 
  (_____ \                 / __)     / __)     (_) |          | | |
   _____) )___ ___   ___ _| |__    _| |__ _____ _| | _____  __| | |
  |  ____/ ___) _ \ / _ (_   __)  (_   __|____ | | || ___ |/ _  |_|
  | |   | |  | |_| | |_| || |       | |  / ___ | | || ____( (_| |_ 
  |_|   |_|   \___/ \___/ |_|       |_|  \_____|_|\_)_____)\____|_|


  Signal Name             Dec       Hex                                 Bin
  --------------- ----------- --------- -----------------------------------
  \clk                      1         1                                   1
  \rst                      0         0                                   0
  \x                      193        c1    00000000000000000000000011000001
  \y                        0         0                                   0
VIBEICTDF _318__A1 STR

325. Executing SAT pass (solving SAT problems in the circuit).
Using SAT solver `kissat`.

Setting up SAT problem:
Import set-constraint: \f1._318__A1 = 1'0
Final constraint equation: \f1._318__A1 = 1'0
Imported 2705 cells to SAT database.
Import proof-constraint: \trig = 1'0
Final proof equation: \trig = 1'0
Import show expression: \clk
Import show expression: \rst
Import show expression: \x
Import show expression: \y

Solving problem with 12568 variables and 32006 clauses..
SAT proof finished - no model found: SUCCESS!

                  /$$$$$$      /$$$$$$$$     /$$$$$$$    
                 /$$__  $$    | $$_____/    | $$__  $$   
                | $$  \ $$    | $$          | $$  \ $$   
                | $$  | $$    | $$$$$       | $$  | $$   
                | $$  | $$    | $$__/       | $$  | $$   
                | $$/$$ $$    | $$          | $$  | $$   
                |  $$$$$$/ /$$| $$$$$$$$ /$$| $$$$$$$//$$
                 \____ $$$|__/|________/|__/|_______/|__/
                       \__/                              

VIBEICTDF _1068_ STF

326. Executing SAT pass (solving SAT problems in the circuit).
Using SAT solver `kissat`.

Setting up SAT problem:
Import set-constraint: \f1._1068_ = 1'1
Final constraint equation: \f1._1068_ = 1'1
Imported 2705 cells to SAT database.
Import proof-constraint: \trig = 1'0
Final proof equation: \trig = 1'0
Import show expression: \clk
Import show expression: \rst
Import show expression: \x
Import show expression: \y

Solving problem with 12569 variables and 32007 clauses..
SAT proof finished - model found: FAIL!

   ______                   ___       ___       _ _            _ _ 
  (_____ \                 / __)     / __)     (_) |          | | |
   _____) )___ ___   ___ _| |__    _| |__ _____ _| | _____  __| | |
  |  ____/ ___) _ \ / _ (_   __)  (_   __|____ | | || ___ |/ _  |_|
  | |   | |  | |_| | |_| || |       | |  / ___ | | || ____( (_| |_ 
  |_|   |_|   \___/ \___/ |_|       |_|  \_____|_|\_)_____)\____|_|


  Signal Name             Dec       Hex                                 Bin
  --------------- ----------- --------- -----------------------------------
  \clk                      0         0                                   0
  \rst                      0         0                                   0
  \x              -2080374785  83ffffff    10000011111111111111111111111111
  \y                        0         0                                   0
VIBEICTDF _0850_ STF

327. Executing SAT pass (solving SAT problems in the circuit).
Using SAT solver `kissat`.

Setting up SAT problem:
Import set-constraint: \f1._0850_ = 1'1
Final constraint equation: \f1._0850_ = 1'1
Imported 2705 cells to SAT database.
Import proof-constraint: \trig = 1'0
Final proof equation: \trig = 1'0
Import show expression: \clk
Import show expression: \rst
Import show expression: \x
Import show expression: \y

Solving problem with 12567 variables and 32003 clauses..
SAT proof finished - model found: FAIL!

   ______                   ___       ___       _ _            _ _ 
  (_____ \                 / __)     / __)     (_) |          | | |
   _____) )___ ___   ___ _| |__    _| |__ _____ _| | _____  __| | |
  |  ____/ ___) _ \ / _ (_   __)  (_   __|____ | | || ___ |/ _  |_|
  | |   | |  | |_| | |_| || |       | |  / ___ | | || ____( (_| |_ 
  |_|   |_|   \___/ \___/ |_|       |_|  \_____|_|\_)_____)\____|_|


  Signal Name             Dec       Hex                                 Bin
  --------------- ----------- --------- -----------------------------------
  \clk                      1         1                                   1
  \rst                      0         0                                   0
  \x                   524289     80001    00000000000010000000000000000001
  \y                        0         0                                   0
VIBEICTDF _368__Z STR

328. Executing SAT pass (solving SAT problems in the circuit).
Using SAT solver `kissat`.

Setting up SAT problem:
Import set-constraint: \f1._368__Z = 1'0
Final constraint equation: \f1._368__Z = 1'0
Imported 2705 cells to SAT database.
Import proof-constraint: \trig = 1'0
Final proof equation: \trig = 1'0
Import show expression: \clk
Import show expression: \rst
Import show expression: \x
Import show expression: \y

Solving problem with 12568 variables and 32006 clauses..
SAT proof finished - no model found: SUCCESS!

                  /$$$$$$      /$$$$$$$$     /$$$$$$$    
                 /$$__  $$    | $$_____/    | $$__  $$   
                | $$  \ $$    | $$          | $$  \ $$   
                | $$  | $$    | $$$$$       | $$  | $$   
                | $$  | $$    | $$__/       | $$  | $$   
                | $$/$$ $$    | $$          | $$  | $$   
                |  $$$$$$/ /$$| $$$$$$$$ /$$| $$$$$$$//$$
                 \____ $$$|__/|________/|__/|_______/|__/
                       \__/                              

VIBEICTDF _250__A1 STR

329. Executing SAT pass (solving SAT problems in the circuit).
Using SAT solver `kissat`.

Setting up SAT problem:
Import set-constraint: \f1._250__A1 = 1'0
Final constraint equation: \f1._250__A1 = 1'0
Imported 2705 cells to SAT database.
Import proof-constraint: \trig = 1'0
Final proof equation: \trig = 1'0
Import show expression: \clk
Import show expression: \rst
Import show expression: \x
Import show expression: \y

Solving problem with 12568 variables and 32006 clauses..
SAT proof finished - no model found: SUCCESS!

                  /$$$$$$      /$$$$$$$$     /$$$$$$$    
                 /$$__  $$    | $$_____/    | $$__  $$   
                | $$  \ $$    | $$          | $$  \ $$   
                | $$  | $$    | $$$$$       | $$  | $$   
                | $$  | $$    | $$__/       | $$  | $$   
                | $$/$$ $$    | $$          | $$  | $$   
                |  $$$$$$/ /$$| $$$$$$$$ /$$| $$$$$$$//$$
                 \____ $$$|__/|________/|__/|_______/|__/
                       \__/                              

VIBEICTDF _0496_ STR

330. Executing SAT pass (solving SAT problems in the circuit).
Using SAT solver `kissat`.

Setting up SAT problem:
Import set-constraint: \f1._0496_ = 1'0
Final constraint equation: \f1._0496_ = 1'0
Imported 2705 cells to SAT database.
Import proof-constraint: \trig = 1'0
Final proof equation: \trig = 1'0
Import show expression: \clk
Import show expression: \rst
Import show expression: \x
Import show expression: \y

Solving problem with 12567 variables and 32003 clauses..
SAT proof finished - no model found: SUCCESS!

                  /$$$$$$      /$$$$$$$$     /$$$$$$$    
                 /$$__  $$    | $$_____/    | $$__  $$   
                | $$  \ $$    | $$          | $$  \ $$   
                | $$  | $$    | $$$$$       | $$  | $$   
                | $$  | $$    | $$__/       | $$  | $$   
                | $$/$$ $$    | $$          | $$  | $$   
                |  $$$$$$/ /$$| $$$$$$$$ /$$| $$$$$$$//$$
                 \____ $$$|__/|________/|__/|_______/|__/
                       \__/                              

VIBEICTDF _275__A2 STF

331. Executing SAT pass (solving SAT problems in the circuit).
Using SAT solver `kissat`.

Setting up SAT problem:
Import set-constraint: \f1._275__A2 = 1'1
Final constraint equation: \f1._275__A2 = 1'1
Imported 2705 cells to SAT database.
Import proof-constraint: \trig = 1'0
Final proof equation: \trig = 1'0
Import show expression: \clk
Import show expression: \rst
Import show expression: \x
Import show expression: \y

Solving problem with 12568 variables and 32006 clauses..
SAT proof finished - no model found: SUCCESS!

                  /$$$$$$      /$$$$$$$$     /$$$$$$$    
                 /$$__  $$    | $$_____/    | $$__  $$   
                | $$  \ $$    | $$          | $$  \ $$   
                | $$  | $$    | $$$$$       | $$  | $$   
                | $$  | $$    | $$__/       | $$  | $$   
                | $$/$$ $$    | $$          | $$  | $$   
                |  $$$$$$/ /$$| $$$$$$$$ /$$| $$$$$$$//$$
                 \____ $$$|__/|________/|__/|_______/|__/
                       \__/                              

VIBEICTDF _0932_ STF

332. Executing SAT pass (solving SAT problems in the circuit).
Using SAT solver `kissat`.

Setting up SAT problem:
Import set-constraint: \f1._0932_ = 1'1
Final constraint equation: \f1._0932_ = 1'1
Imported 2705 cells to SAT database.
Import proof-constraint: \trig = 1'0
Final proof equation: \trig = 1'0
Import show expression: \clk
Import show expression: \rst
Import show expression: \x
Import show expression: \y

Solving problem with 12567 variables and 32003 clauses..
SAT proof finished - model found: FAIL!

   ______                   ___       ___       _ _            _ _ 
  (_____ \                 / __)     / __)     (_) |          | | |
   _____) )___ ___   ___ _| |__    _| |__ _____ _| | _____  __| | |
  |  ____/ ___) _ \ / _ (_   __)  (_   __|____ | | || ___ |/ _  |_|
  | |   | |  | |_| | |_| || |       | |  / ___ | | || ____( (_| |_ 
  |_|   |_|   \___/ \___/ |_|       |_|  \_____|_|\_)_____)\____|_|


  Signal Name             Dec       Hex                                 Bin
  --------------- ----------- --------- -----------------------------------
  \clk                      1         1                                   1
  \rst                      0         0                                   0
  \x                    -2049  fffff7ff    11111111111111111111011111111111
  \y                        1         1                                   1
VIBEICTDF _389__ZN STF

333. Executing SAT pass (solving SAT problems in the circuit).
Using SAT solver `kissat`.

Setting up SAT problem:
Import set-constraint: \f1._389__ZN = 1'1
Final constraint equation: \f1._389__ZN = 1'1
Imported 2705 cells to SAT database.
Import proof-constraint: \trig = 1'0
Final proof equation: \trig = 1'0
Import show expression: \clk
Import show expression: \rst
Import show expression: \x
Import show expression: \y

Solving problem with 12568 variables and 32006 clauses..
SAT proof finished - no model found: SUCCESS!

                  /$$$$$$      /$$$$$$$$     /$$$$$$$    
                 /$$__  $$    | $$_____/    | $$__  $$   
                | $$  \ $$    | $$          | $$  \ $$   
                | $$  | $$    | $$$$$       | $$  | $$   
                | $$  | $$    | $$__/       | $$  | $$   
                | $$/$$ $$    | $$          | $$  | $$   
                |  $$$$$$/ /$$| $$$$$$$$ /$$| $$$$$$$//$$
                 \____ $$$|__/|________/|__/|_______/|__/
                       \__/                              

VIBEICTDF _0714_ STF

334. Executing SAT pass (solving SAT problems in the circuit).
Using SAT solver `kissat`.

Setting up SAT problem:
Import set-constraint: \f1._0714_ = 1'1
Final constraint equation: \f1._0714_ = 1'1
Imported 2705 cells to SAT database.
Import proof-constraint: \trig = 1'0
Final proof equation: \trig = 1'0
Import show expression: \clk
Import show expression: \rst
Import show expression: \x
Import show expression: \y

Solving problem with 12569 variables and 32007 clauses..
SAT proof finished - no model found: SUCCESS!

                  /$$$$$$      /$$$$$$$$     /$$$$$$$    
                 /$$__  $$    | $$_____/    | $$__  $$   
                | $$  \ $$    | $$          | $$  \ $$   
                | $$  | $$    | $$$$$       | $$  | $$   
                | $$  | $$    | $$__/       | $$  | $$   
                | $$/$$ $$    | $$          | $$  | $$   
                |  $$$$$$/ /$$| $$$$$$$$ /$$| $$$$$$$//$$
                 \____ $$$|__/|________/|__/|_______/|__/
                       \__/                              

VIBEICTDF _339__A1 STF

335. Executing SAT pass (solving SAT problems in the circuit).
Using SAT solver `kissat`.

Setting up SAT problem:
Import set-constraint: \f1._339__A1 = 1'1
Final constraint equation: \f1._339__A1 = 1'1
Imported 2705 cells to SAT database.
Import proof-constraint: \trig = 1'0
Final proof equation: \trig = 1'0
Import show expression: \clk
Import show expression: \rst
Import show expression: \x
Import show expression: \y

Solving problem with 12568 variables and 32006 clauses..
SAT proof finished - no model found: SUCCESS!

                  /$$$$$$      /$$$$$$$$     /$$$$$$$    
                 /$$__  $$    | $$_____/    | $$__  $$   
                | $$  \ $$    | $$          | $$  \ $$   
                | $$  | $$    | $$$$$       | $$  | $$   
                | $$  | $$    | $$__/       | $$  | $$   
                | $$/$$ $$    | $$          | $$  | $$   
                |  $$$$$$/ /$$| $$$$$$$$ /$$| $$$$$$$//$$
                 \____ $$$|__/|________/|__/|_______/|__/
                       \__/                              

VIBEICTDF _207__A1 STF

336. Executing SAT pass (solving SAT problems in the circuit).
Using SAT solver `kissat`.

Setting up SAT problem:
Import set-constraint: \f1._207__A1 = 1'1
Final constraint equation: \f1._207__A1 = 1'1
Imported 2705 cells to SAT database.
Import proof-constraint: \trig = 1'0
Final proof equation: \trig = 1'0
Import show expression: \clk
Import show expression: \rst
Import show expression: \x
Import show expression: \y

Solving problem with 12568 variables and 32006 clauses..
SAT proof finished - no model found: SUCCESS!

                  /$$$$$$      /$$$$$$$$     /$$$$$$$    
                 /$$__  $$    | $$_____/    | $$__  $$   
                | $$  \ $$    | $$          | $$  \ $$   
                | $$  | $$    | $$$$$       | $$  | $$   
                | $$  | $$    | $$__/       | $$  | $$   
                | $$/$$ $$    | $$          | $$  | $$   
                |  $$$$$$/ /$$| $$$$$$$$ /$$| $$$$$$$//$$
                 \____ $$$|__/|________/|__/|_______/|__/
                       \__/                              

VIBEICTDF _0605_ STF

337. Executing SAT pass (solving SAT problems in the circuit).
Using SAT solver `kissat`.

Setting up SAT problem:
Import set-constraint: \f1._0605_ = 1'1
Final constraint equation: \f1._0605_ = 1'1
Imported 2705 cells to SAT database.
Import proof-constraint: \trig = 1'0
Final proof equation: \trig = 1'0
Import show expression: \clk
Import show expression: \rst
Import show expression: \x
Import show expression: \y

Solving problem with 12569 variables and 32007 clauses..
SAT proof finished - model found: FAIL!

   ______                   ___       ___       _ _            _ _ 
  (_____ \                 / __)     / __)     (_) |          | | |
   _____) )___ ___   ___ _| |__    _| |__ _____ _| | _____  __| | |
  |  ____/ ___) _ \ / _ (_   __)  (_   __|____ | | || ___ |/ _  |_|
  | |   | |  | |_| | |_| || |       | |  / ___ | | || ____( (_| |_ 
  |_|   |_|   \___/ \___/ |_|       |_|  \_____|_|\_)_____)\____|_|


  Signal Name             Dec       Hex                                 Bin
  --------------- ----------- --------- -----------------------------------
  \clk                      1         1                                   1
  \rst                      0         0                                   0
  \x                     1537       601    00000000000000000000011000000001
  \y                        0         0                                   0
VIBEICTDF _309__A2 STF

338. Executing SAT pass (solving SAT problems in the circuit).
Using SAT solver `kissat`.

Setting up SAT problem:
Import set-constraint: \f1._309__A2 = 1'1
Final constraint equation: \f1._309__A2 = 1'1
Imported 2705 cells to SAT database.
Import proof-constraint: \trig = 1'0
Final proof equation: \trig = 1'0
Import show expression: \clk
Import show expression: \rst
Import show expression: \x
Import show expression: \y

Solving problem with 12568 variables and 32006 clauses..
SAT proof finished - no model found: SUCCESS!

                  /$$$$$$      /$$$$$$$$     /$$$$$$$    
                 /$$__  $$    | $$_____/    | $$__  $$   
                | $$  \ $$    | $$          | $$  \ $$   
                | $$  | $$    | $$$$$       | $$  | $$   
                | $$  | $$    | $$__/       | $$  | $$   
                | $$/$$ $$    | $$          | $$  | $$   
                |  $$$$$$/ /$$| $$$$$$$$ /$$| $$$$$$$//$$
                 \____ $$$|__/|________/|__/|_______/|__/
                       \__/                              

VIBEICTDF _1041_ STF

339. Executing SAT pass (solving SAT problems in the circuit).
Using SAT solver `kissat`.

Setting up SAT problem:
Import set-constraint: \f1._1041_ = 1'1
Final constraint equation: \f1._1041_ = 1'1
Imported 2705 cells to SAT database.
Import proof-constraint: \trig = 1'0
Final proof equation: \trig = 1'0
Import show expression: \clk
Import show expression: \rst
Import show expression: \x
Import show expression: \y

Solving problem with 12569 variables and 32007 clauses..
SAT proof finished - model found: FAIL!

   ______                   ___       ___       _ _            _ _ 
  (_____ \                 / __)     / __)     (_) |          | | |
   _____) )___ ___   ___ _| |__    _| |__ _____ _| | _____  __| | |
  |  ____/ ___) _ \ / _ (_   __)  (_   __|____ | | || ___ |/ _  |_|
  | |   | |  | |_| | |_| || |       | |  / ___ | | || ____( (_| |_ 
  |_|   |_|   \___/ \___/ |_|       |_|  \_____|_|\_)_____)\____|_|


  Signal Name             Dec       Hex                                 Bin
  --------------- ----------- --------- -----------------------------------
  \clk                      1         1                                   1
  \rst                      0         0                                   0
  \x                        5         5    00000000000000000000000000000101
  \y                        0         0                                   0
VIBEICTDF _0823_ STF

340. Executing SAT pass (solving SAT problems in the circuit).
Using SAT solver `kissat`.

Setting up SAT problem:
Import set-constraint: \f1._0823_ = 1'1
Final constraint equation: \f1._0823_ = 1'1
Imported 2705 cells to SAT database.
Import proof-constraint: \trig = 1'0
Final proof equation: \trig = 1'0
Import show expression: \clk
Import show expression: \rst
Import show expression: \x
Import show expression: \y

Solving problem with 12569 variables and 32007 clauses..
SAT proof finished - model found: FAIL!

   ______                   ___       ___       _ _            _ _ 
  (_____ \                 / __)     / __)     (_) |          | | |
   _____) )___ ___   ___ _| |__    _| |__ _____ _| | _____  __| | |
  |  ____/ ___) _ \ / _ (_   __)  (_   __|____ | | || ___ |/ _  |_|
  | |   | |  | |_| | |_| || |       | |  / ___ | | || ____( (_| |_ 
  |_|   |_|   \___/ \___/ |_|       |_|  \_____|_|\_)_____)\____|_|


  Signal Name             Dec       Hex                                 Bin
  --------------- ----------- --------- -----------------------------------
  \clk                      1         1                                   1
  \rst                      0         0                                   0
  \x                 -4194305  ffbfffff    11111111101111111111111111111111
  \y                        1         1                                   1
VIBEICTDF _360__ZN STF

341. Executing SAT pass (solving SAT problems in the circuit).
Using SAT solver `kissat`.

Setting up SAT problem:
Import set-constraint: \f1._360__ZN = 1'1
Final constraint equation: \f1._360__ZN = 1'1
Imported 2705 cells to SAT database.
Import proof-constraint: \trig = 1'0
Final proof equation: \trig = 1'0
Import show expression: \clk
Import show expression: \rst
Import show expression: \x
Import show expression: \y

Solving problem with 12568 variables and 32006 clauses..
SAT proof finished - no model found: SUCCESS!

                  /$$$$$$      /$$$$$$$$     /$$$$$$$    
                 /$$__  $$    | $$_____/    | $$__  $$   
                | $$  \ $$    | $$          | $$  \ $$   
                | $$  | $$    | $$$$$       | $$  | $$   
                | $$  | $$    | $$__/       | $$  | $$   
                | $$/$$ $$    | $$          | $$  | $$   
                |  $$$$$$/ /$$| $$$$$$$$ /$$| $$$$$$$//$$
                 \____ $$$|__/|________/|__/|_______/|__/
                       \__/                              

VIBEICTDF _241__A2 STF

342. Executing SAT pass (solving SAT problems in the circuit).
Using SAT solver `kissat`.

Setting up SAT problem:
Import set-constraint: \f1._241__A2 = 1'1
Final constraint equation: \f1._241__A2 = 1'1
Imported 2705 cells to SAT database.
Import proof-constraint: \trig = 1'0
Final proof equation: \trig = 1'0
Import show expression: \clk
Import show expression: \rst
Import show expression: \x
Import show expression: \y

Solving problem with 12568 variables and 32006 clauses..
SAT proof finished - no model found: SUCCESS!

                  /$$$$$$      /$$$$$$$$     /$$$$$$$    
                 /$$__  $$    | $$_____/    | $$__  $$   
                | $$  \ $$    | $$          | $$  \ $$   
                | $$  | $$    | $$$$$       | $$  | $$   
                | $$  | $$    | $$__/       | $$  | $$   
                | $$/$$ $$    | $$          | $$  | $$   
                |  $$$$$$/ /$$| $$$$$$$$ /$$| $$$$$$$//$$
                 \____ $$$|__/|________/|__/|_______/|__/
                       \__/                              

VIBEICTDF _0551_ STR

343. Executing SAT pass (solving SAT problems in the circuit).
Using SAT solver `kissat`.

Setting up SAT problem:
Import set-constraint: \f1._0551_ = 1'0
Final constraint equation: \f1._0551_ = 1'0
Imported 2705 cells to SAT database.
Import proof-constraint: \trig = 1'0
Final proof equation: \trig = 1'0
Import show expression: \clk
Import show expression: \rst
Import show expression: \x
Import show expression: \y

Solving problem with 12567 variables and 32003 clauses..
SAT proof finished - model found: FAIL!

   ______                   ___       ___       _ _            _ _ 
  (_____ \                 / __)     / __)     (_) |          | | |
   _____) )___ ___   ___ _| |__    _| |__ _____ _| | _____  __| | |
  |  ____/ ___) _ \ / _ (_   __)  (_   __|____ | | || ___ |/ _  |_|
  | |   | |  | |_| | |_| || |       | |  / ___ | | || ____( (_| |_ 
  |_|   |_|   \___/ \___/ |_|       |_|  \_____|_|\_)_____)\____|_|


  Signal Name             Dec       Hex                                 Bin
  --------------- ----------- --------- -----------------------------------
  \clk                      1         1                                   1
  \rst                      0         0                                   0
  \x                   -32769  ffff7fff    11111111111111110111111111111111
  \y                        1         1                                   1
VIBEICTDF _292__A2 STR

344. Executing SAT pass (solving SAT problems in the circuit).
Using SAT solver `kissat`.

Setting up SAT problem:
Import set-constraint: \f1._292__A2 = 1'0
Final constraint equation: \f1._292__A2 = 1'0
Imported 2705 cells to SAT database.
Import proof-constraint: \trig = 1'0
Final proof equation: \trig = 1'0
Import show expression: \clk
Import show expression: \rst
Import show expression: \x
Import show expression: \y

Solving problem with 12567 variables and 32003 clauses..
SAT proof finished - model found: FAIL!

   ______                   ___       ___       _ _            _ _ 
  (_____ \                 / __)     / __)     (_) |          | | |
   _____) )___ ___   ___ _| |__    _| |__ _____ _| | _____  __| | |
  |  ____/ ___) _ \ / _ (_   __)  (_   __|____ | | || ___ |/ _  |_|
  | |   | |  | |_| | |_| || |       | |  / ___ | | || ____( (_| |_ 
  |_|   |_|   \___/ \___/ |_|       |_|  \_____|_|\_)_____)\____|_|


  Signal Name             Dec       Hex                                 Bin
  --------------- ----------- --------- -----------------------------------
  \clk                      1         1                                   1
  \rst                      0         0                                   0
  \x                       -1  ffffffff    11111111111111111111111111111111
  \y                        1         1                                   1
VIBEICTDF _0987_ STR

345. Executing SAT pass (solving SAT problems in the circuit).
Using SAT solver `kissat`.

Setting up SAT problem:
Import set-constraint: \f1._0987_ = 1'0
Final constraint equation: \f1._0987_ = 1'0
Imported 2705 cells to SAT database.
Import proof-constraint: \trig = 1'0
Final proof equation: \trig = 1'0
Import show expression: \clk
Import show expression: \rst
Import show expression: \x
Import show expression: \y

Solving problem with 12568 variables and 32006 clauses..
SAT proof finished - model found: FAIL!

   ______                   ___       ___       _ _            _ _ 
  (_____ \                 / __)     / __)     (_) |          | | |
   _____) )___ ___   ___ _| |__    _| |__ _____ _| | _____  __| | |
  |  ____/ ___) _ \ / _ (_   __)  (_   __|____ | | || ___ |/ _  |_|
  | |   | |  | |_| | |_| || |       | |  / ___ | | || ____( (_| |_ 
  |_|   |_|   \___/ \___/ |_|       |_|  \_____|_|\_)_____)\____|_|


  Signal Name             Dec       Hex                                 Bin
  --------------- ----------- --------- -----------------------------------
  \clk                      1         1                                   1
  \rst                      0         0                                   0
  \x                       97        61    00000000000000000000000001100001
  \y                        0         0                                   0
VIBEICTDF _0769_ STR

346. Executing SAT pass (solving SAT problems in the circuit).
Using SAT solver `kissat`.

Setting up SAT problem:
Import set-constraint: \f1._0769_ = 1'0
Final constraint equation: \f1._0769_ = 1'0
Imported 2705 cells to SAT database.
Import proof-constraint: \trig = 1'0
Final proof equation: \trig = 1'0
Import show expression: \clk
Import show expression: \rst
Import show expression: \x
Import show expression: \y

Solving problem with 12568 variables and 32006 clauses..
SAT proof finished - model found: FAIL!

   ______                   ___       ___       _ _            _ _ 
  (_____ \                 / __)     / __)     (_) |          | | |
   _____) )___ ___   ___ _| |__    _| |__ _____ _| | _____  __| | |
  |  ____/ ___) _ \ / _ (_   __)  (_   __|____ | | || ___ |/ _  |_|
  | |   | |  | |_| | |_| || |       | |  / ___ | | || ____( (_| |_ 
  |_|   |_|   \___/ \___/ |_|       |_|  \_____|_|\_)_____)\____|_|


  Signal Name             Dec       Hex                                 Bin
  --------------- ----------- --------- -----------------------------------
  \clk                      1         1                                   1
  \rst                      0         0                                   0
  \x               2013265920  78000000    01111000000000000000000000000000
  \y                        1         1                                   1
VIBEICTDF _350__A1 STR

347. Executing SAT pass (solving SAT problems in the circuit).
Using SAT solver `kissat`.

Setting up SAT problem:
Import set-constraint: \f1._350__A1 = 1'0
Final constraint equation: \f1._350__A1 = 1'0
Imported 2705 cells to SAT database.
Import proof-constraint: \trig = 1'0
Final proof equation: \trig = 1'0
Import show expression: \clk
Import show expression: \rst
Import show expression: \x
Import show expression: \y

Solving problem with 12568 variables and 32006 clauses..
SAT proof finished - no model found: SUCCESS!

                  /$$$$$$      /$$$$$$$$     /$$$$$$$    
                 /$$__  $$    | $$_____/    | $$__  $$   
                | $$  \ $$    | $$          | $$  \ $$   
                | $$  | $$    | $$$$$       | $$  | $$   
                | $$  | $$    | $$__/       | $$  | $$   
                | $$/$$ $$    | $$          | $$  | $$   
                |  $$$$$$/ /$$| $$$$$$$$ /$$| $$$$$$$//$$
                 \____ $$$|__/|________/|__/|_______/|__/
                       \__/                              

VIBEICTDF _224__A2 STR

348. Executing SAT pass (solving SAT problems in the circuit).
Using SAT solver `kissat`.

Setting up SAT problem:
Import set-constraint: \f1._224__A2 = 1'0
Final constraint equation: \f1._224__A2 = 1'0
Imported 2705 cells to SAT database.
Import proof-constraint: \trig = 1'0
Final proof equation: \trig = 1'0
Import show expression: \clk
Import show expression: \rst
Import show expression: \x
Import show expression: \y

Solving problem with 12568 variables and 32006 clauses..
SAT proof finished - no model found: SUCCESS!

                  /$$$$$$      /$$$$$$$$     /$$$$$$$    
                 /$$__  $$    | $$_____/    | $$__  $$   
                | $$  \ $$    | $$          | $$  \ $$   
                | $$  | $$    | $$$$$       | $$  | $$   
                | $$  | $$    | $$__/       | $$  | $$   
                | $$/$$ $$    | $$          | $$  | $$   
                |  $$$$$$/ /$$| $$$$$$$$ /$$| $$$$$$$//$$
                 \____ $$$|__/|________/|__/|_______/|__/
                       \__/                              

VIBEICTDF _0660_ STR

349. Executing SAT pass (solving SAT problems in the circuit).
Using SAT solver `kissat`.

Setting up SAT problem:
Import set-constraint: \f1._0660_ = 1'0
Final constraint equation: \f1._0660_ = 1'0
Imported 2705 cells to SAT database.
Import proof-constraint: \trig = 1'0
Final proof equation: \trig = 1'0
Import show expression: \clk
Import show expression: \rst
Import show expression: \x
Import show expression: \y

Solving problem with 12567 variables and 32003 clauses..
SAT proof finished - model found: FAIL!

   ______                   ___       ___       _ _            _ _ 
  (_____ \                 / __)     / __)     (_) |          | | |
   _____) )___ ___   ___ _| |__    _| |__ _____ _| | _____  __| | |
  |  ____/ ___) _ \ / _ (_   __)  (_   __|____ | | || ___ |/ _  |_|
  | |   | |  | |_| | |_| || |       | |  / ___ | | || ____( (_| |_ 
  |_|   |_|   \___/ \___/ |_|       |_|  \_____|_|\_)_____)\____|_|


  Signal Name             Dec       Hex                                 Bin
  --------------- ----------- --------- -----------------------------------
  \clk                      1         1                                   1
  \rst                      0         0                                   0
  \x                       -9  fffffff7    11111111111111111111111111110111
  \y                        1         1                                   1
VIBEICTDF _325__ZN STR

350. Executing SAT pass (solving SAT problems in the circuit).
Using SAT solver `kissat`.

Setting up SAT problem:
Import set-constraint: \f1._325__ZN = 1'0
Final constraint equation: \f1._325__ZN = 1'0
Imported 2705 cells to SAT database.
Import proof-constraint: \trig = 1'0
Final proof equation: \trig = 1'0
Import show expression: \clk
Import show expression: \rst
Import show expression: \x
Import show expression: \y

Solving problem with 12568 variables and 32006 clauses..
SAT proof finished - no model found: SUCCESS!

                  /$$$$$$      /$$$$$$$$     /$$$$$$$    
                 /$$__  $$    | $$_____/    | $$__  $$   
                | $$  \ $$    | $$          | $$  \ $$   
                | $$  | $$    | $$$$$       | $$  | $$   
                | $$  | $$    | $$__/       | $$  | $$   
                | $$/$$ $$    | $$          | $$  | $$   
                |  $$$$$$/ /$$| $$$$$$$$ /$$| $$$$$$$//$$
                 \____ $$$|__/|________/|__/|_______/|__/
                       \__/                              

VIBEICTDF _1096_ STR

351. Executing SAT pass (solving SAT problems in the circuit).
Using SAT solver `kissat`.

Setting up SAT problem:
Import set-constraint: \f1._1096_ = 1'0
Final constraint equation: \f1._1096_ = 1'0
Imported 2705 cells to SAT database.
Import proof-constraint: \trig = 1'0
Final proof equation: \trig = 1'0
Import show expression: \clk
Import show expression: \rst
Import show expression: \x
Import show expression: \y

Solving problem with 12568 variables and 32006 clauses..
SAT proof finished - model found: FAIL!

   ______                   ___       ___       _ _            _ _ 
  (_____ \                 / __)     / __)     (_) |          | | |
   _____) )___ ___   ___ _| |__    _| |__ _____ _| | _____  __| | |
  |  ____/ ___) _ \ / _ (_   __)  (_   __|____ | | || ___ |/ _  |_|
  | |   | |  | |_| | |_| || |       | |  / ___ | | || ____( (_| |_ 
  |_|   |_|   \___/ \___/ |_|       |_|  \_____|_|\_)_____)\____|_|


  Signal Name             Dec       Hex                                 Bin
  --------------- ----------- --------- -----------------------------------
  \clk                      1         1                                   1
  \rst                      0         0                                   0
  \x              -2080374785  83ffffff    10000011111111111111111111111111
  \y                        0         0                                   0
VIBEICTDF _0878_ STR

352. Executing SAT pass (solving SAT problems in the circuit).
Using SAT solver `kissat`.

Setting up SAT problem:
Import set-constraint: \f1._0878_ = 1'0
Final constraint equation: \f1._0878_ = 1'0
Imported 2705 cells to SAT database.
Import proof-constraint: \trig = 1'0
Final proof equation: \trig = 1'0
Import show expression: \clk
Import show expression: \rst
Import show expression: \x
Import show expression: \y

Solving problem with 12568 variables and 32006 clauses..
SAT proof finished - no model found: SUCCESS!

                  /$$$$$$      /$$$$$$$$     /$$$$$$$    
                 /$$__  $$    | $$_____/    | $$__  $$   
                | $$  \ $$    | $$          | $$  \ $$   
                | $$  | $$    | $$$$$       | $$  | $$   
                | $$  | $$    | $$__/       | $$  | $$   
                | $$/$$ $$    | $$          | $$  | $$   
                |  $$$$$$/ /$$| $$$$$$$$ /$$| $$$$$$$//$$
                 \____ $$$|__/|________/|__/|_______/|__/
                       \__/                              

VIBEICTDF _375__B STR

353. Executing SAT pass (solving SAT problems in the circuit).
Using SAT solver `kissat`.

Setting up SAT problem:
Import set-constraint: \f1._375__B = 1'0
Final constraint equation: \f1._375__B = 1'0
Imported 2705 cells to SAT database.
Import proof-constraint: \trig = 1'0
Final proof equation: \trig = 1'0
Import show expression: \clk
Import show expression: \rst
Import show expression: \x
Import show expression: \y

Solving problem with 12566 variables and 32000 clauses..
SAT proof finished - model found: FAIL!

   ______                   ___       ___       _ _            _ _ 
  (_____ \                 / __)     / __)     (_) |          | | |
   _____) )___ ___   ___ _| |__    _| |__ _____ _| | _____  __| | |
  |  ____/ ___) _ \ / _ (_   __)  (_   __|____ | | || ___ |/ _  |_|
  | |   | |  | |_| | |_| || |       | |  / ___ | | || ____( (_| |_ 
  |_|   |_|   \___/ \___/ |_|       |_|  \_____|_|\_)_____)\____|_|


  Signal Name             Dec       Hex                                 Bin
  --------------- ----------- --------- -----------------------------------
  \clk                      1         1                                   1
  \rst                      0         0                                   0
  \x                       -1  ffffffff    11111111111111111111111111111111
  \y                        1         1                                   1
VIBEICTDF _258__A2 STR

354. Executing SAT pass (solving SAT problems in the circuit).
Using SAT solver `kissat`.

Setting up SAT problem:
Import set-constraint: \f1._258__A2 = 1'0
Final constraint equation: \f1._258__A2 = 1'0
Imported 2705 cells to SAT database.
Import proof-constraint: \trig = 1'0
Final proof equation: \trig = 1'0
Import show expression: \clk
Import show expression: \rst
Import show expression: \x
Import show expression: \y

Solving problem with 12568 variables and 32006 clauses..
SAT proof finished - no model found: SUCCESS!

                  /$$$$$$      /$$$$$$$$     /$$$$$$$    
                 /$$__  $$    | $$_____/    | $$__  $$   
                | $$  \ $$    | $$          | $$  \ $$   
                | $$  | $$    | $$$$$       | $$  | $$   
                | $$  | $$    | $$__/       | $$  | $$   
                | $$/$$ $$    | $$          | $$  | $$   
                |  $$$$$$/ /$$| $$$$$$$$ /$$| $$$$$$$//$$
                 \____ $$$|__/|________/|__/|_______/|__/
                       \__/                              

VIBEICTDF _0482_ STF

355. Executing SAT pass (solving SAT problems in the circuit).
Using SAT solver `kissat`.

Setting up SAT problem:
Import set-constraint: \f1._0482_ = 1'1
Final constraint equation: \f1._0482_ = 1'1
Imported 2705 cells to SAT database.
Import proof-constraint: \trig = 1'0
Final proof equation: \trig = 1'0
Import show expression: \clk
Import show expression: \rst
Import show expression: \x
Import show expression: \y

Solving problem with 12567 variables and 32003 clauses..
SAT proof finished - model found: FAIL!

   ______                   ___       ___       _ _            _ _ 
  (_____ \                 / __)     / __)     (_) |          | | |
   _____) )___ ___   ___ _| |__    _| |__ _____ _| | _____  __| | |
  |  ____/ ___) _ \ / _ (_   __)  (_   __|____ | | || ___ |/ _  |_|
  | |   | |  | |_| | |_| || |       | |  / ___ | | || ____( (_| |_ 
  |_|   |_|   \___/ \___/ |_|       |_|  \_____|_|\_)_____)\____|_|


  Signal Name             Dec       Hex                                 Bin
  --------------- ----------- --------- -----------------------------------
  \clk                      1         1                                   1
  \rst                      0         0                                   0
  \x                       -1  ffffffff    11111111111111111111111111111111
  \y                        1         1                                   1
VIBEICTDF _271__A2 STR

356. Executing SAT pass (solving SAT problems in the circuit).
Using SAT solver `kissat`.

Setting up SAT problem:
Import set-constraint: \f1._271__A2 = 1'0
Final constraint equation: \f1._271__A2 = 1'0
Imported 2705 cells to SAT database.
Import proof-constraint: \trig = 1'0
Final proof equation: \trig = 1'0
Import show expression: \clk
Import show expression: \rst
Import show expression: \x
Import show expression: \y

Solving problem with 12568 variables and 32006 clauses..
SAT proof finished - no model found: SUCCESS!

                  /$$$$$$      /$$$$$$$$     /$$$$$$$    
                 /$$__  $$    | $$_____/    | $$__  $$   
                | $$  \ $$    | $$          | $$  \ $$   
                | $$  | $$    | $$$$$       | $$  | $$   
                | $$  | $$    | $$__/       | $$  | $$   
                | $$/$$ $$    | $$          | $$  | $$   
                |  $$$$$$/ /$$| $$$$$$$$ /$$| $$$$$$$//$$
                 \____ $$$|__/|________/|__/|_______/|__/
                       \__/                              

VIBEICTDF _0919_ STR

357. Executing SAT pass (solving SAT problems in the circuit).
Using SAT solver `kissat`.

Setting up SAT problem:
Import set-constraint: \f1._0919_ = 1'0
Final constraint equation: \f1._0919_ = 1'0
Imported 2705 cells to SAT database.
Import proof-constraint: \trig = 1'0
Final proof equation: \trig = 1'0
Import show expression: \clk
Import show expression: \rst
Import show expression: \x
Import show expression: \y

Solving problem with 12568 variables and 32006 clauses..
SAT proof finished - no model found: SUCCESS!

                  /$$$$$$      /$$$$$$$$     /$$$$$$$    
                 /$$__  $$    | $$_____/    | $$__  $$   
                | $$  \ $$    | $$          | $$  \ $$   
                | $$  | $$    | $$$$$       | $$  | $$   
                | $$  | $$    | $$__/       | $$  | $$   
                | $$/$$ $$    | $$          | $$  | $$   
                |  $$$$$$/ /$$| $$$$$$$$ /$$| $$$$$$$//$$
                 \____ $$$|__/|________/|__/|_______/|__/
                       \__/                              

VIBEICTDF _386__A2 STR

358. Executing SAT pass (solving SAT problems in the circuit).
Using SAT solver `kissat`.

Setting up SAT problem:
Import set-constraint: \f1._386__A2 = 1'0
Final constraint equation: \f1._386__A2 = 1'0
Imported 2705 cells to SAT database.
Import proof-constraint: \trig = 1'0
Final proof equation: \trig = 1'0
Import show expression: \clk
Import show expression: \rst
Import show expression: \x
Import show expression: \y

Solving problem with 12568 variables and 32006 clauses..
SAT proof finished - no model found: SUCCESS!

                  /$$$$$$      /$$$$$$$$     /$$$$$$$    
                 /$$__  $$    | $$_____/    | $$__  $$   
                | $$  \ $$    | $$          | $$  \ $$   
                | $$  | $$    | $$$$$       | $$  | $$   
                | $$  | $$    | $$__/       | $$  | $$   
                | $$/$$ $$    | $$          | $$  | $$   
                |  $$$$$$/ /$$| $$$$$$$$ /$$| $$$$$$$//$$
                 \____ $$$|__/|________/|__/|_______/|__/
                       \__/                              

VIBEICTDF _0700_ STF

359. Executing SAT pass (solving SAT problems in the circuit).
Using SAT solver `kissat`.

Setting up SAT problem:
Import set-constraint: \f1._0700_ = 1'1
Final constraint equation: \f1._0700_ = 1'1
Imported 2705 cells to SAT database.
Import proof-constraint: \trig = 1'0
Final proof equation: \trig = 1'0
Import show expression: \clk
Import show expression: \rst
Import show expression: \x
Import show expression: \y

Solving problem with 12567 variables and 32003 clauses..
SAT proof finished - no model found: SUCCESS!

                  /$$$$$$      /$$$$$$$$     /$$$$$$$    
                 /$$__  $$    | $$_____/    | $$__  $$   
                | $$  \ $$    | $$          | $$  \ $$   
                | $$  | $$    | $$$$$       | $$  | $$   
                | $$  | $$    | $$__/       | $$  | $$   
                | $$/$$ $$    | $$          | $$  | $$   
                |  $$$$$$/ /$$| $$$$$$$$ /$$| $$$$$$$//$$
                 \____ $$$|__/|________/|__/|_______/|__/
                       \__/                              

VIBEICTDF _335__ZN STR

360. Executing SAT pass (solving SAT problems in the circuit).
Using SAT solver `kissat`.

Setting up SAT problem:
Import set-constraint: \f1._335__ZN = 1'0
Final constraint equation: \f1._335__ZN = 1'0
Imported 2705 cells to SAT database.
Import proof-constraint: \trig = 1'0
Final proof equation: \trig = 1'0
Import show expression: \clk
Import show expression: \rst
Import show expression: \x
Import show expression: \y

Solving problem with 12568 variables and 32006 clauses..
SAT proof finished - no model found: SUCCESS!

                  /$$$$$$      /$$$$$$$$     /$$$$$$$    
                 /$$__  $$    | $$_____/    | $$__  $$   
                | $$  \ $$    | $$          | $$  \ $$   
                | $$  | $$    | $$$$$       | $$  | $$   
                | $$  | $$    | $$__/       | $$  | $$   
                | $$/$$ $$    | $$          | $$  | $$   
                |  $$$$$$/ /$$| $$$$$$$$ /$$| $$$$$$$//$$
                 \____ $$$|__/|________/|__/|_______/|__/
                       \__/                              

VIBEICTDF _203__A1 STR

361. Executing SAT pass (solving SAT problems in the circuit).
Using SAT solver `kissat`.

Setting up SAT problem:
Import set-constraint: \f1._203__A1 = 1'0
Final constraint equation: \f1._203__A1 = 1'0
Imported 2705 cells to SAT database.
Import proof-constraint: \trig = 1'0
Final proof equation: \trig = 1'0
Import show expression: \clk
Import show expression: \rst
Import show expression: \x
Import show expression: \y

Solving problem with 12568 variables and 32006 clauses..
SAT proof finished - no model found: SUCCESS!

                  /$$$$$$      /$$$$$$$$     /$$$$$$$    
                 /$$__  $$    | $$_____/    | $$__  $$   
                | $$  \ $$    | $$          | $$  \ $$   
                | $$  | $$    | $$$$$       | $$  | $$   
                | $$  | $$    | $$__/       | $$  | $$   
                | $$/$$ $$    | $$          | $$  | $$   
                |  $$$$$$/ /$$| $$$$$$$$ /$$| $$$$$$$//$$
                 \____ $$$|__/|________/|__/|_______/|__/
                       \__/                              

VIBEICTDF _0591_ STF

362. Executing SAT pass (solving SAT problems in the circuit).
Using SAT solver `kissat`.

Setting up SAT problem:
Import set-constraint: \f1._0591_ = 1'1
Final constraint equation: \f1._0591_ = 1'1
Imported 2705 cells to SAT database.
Import proof-constraint: \trig = 1'0
Final proof equation: \trig = 1'0
Import show expression: \clk
Import show expression: \rst
Import show expression: \x
Import show expression: \y

Solving problem with 12565 variables and 31997 clauses..
SAT proof finished - model found: FAIL!

   ______                   ___       ___       _ _            _ _ 
  (_____ \                 / __)     / __)     (_) |          | | |
   _____) )___ ___   ___ _| |__    _| |__ _____ _| | _____  __| | |
  |  ____/ ___) _ \ / _ (_   __)  (_   __|____ | | || ___ |/ _  |_|
  | |   | |  | |_| | |_| || |       | |  / ___ | | || ____( (_| |_ 
  |_|   |_|   \___/ \___/ |_|       |_|  \_____|_|\_)_____)\____|_|


  Signal Name             Dec       Hex                                 Bin
  --------------- ----------- --------- -----------------------------------
  \clk                      1         1                                   1
  \rst                      0         0                                   0
  \x                    -2049  fffff7ff    11111111111111111111011111111111
  \y                        1         1                                   1
VIBEICTDF _305__A2 STR

363. Executing SAT pass (solving SAT problems in the circuit).
Using SAT solver `kissat`.

Setting up SAT problem:
Import set-constraint: \f1._305__A2 = 1'0
Final constraint equation: \f1._305__A2 = 1'0
Imported 2705 cells to SAT database.
Import proof-constraint: \trig = 1'0
Final proof equation: \trig = 1'0
Import show expression: \clk
Import show expression: \rst
Import show expression: \x
Import show expression: \y

Solving problem with 12568 variables and 32006 clauses..
SAT proof finished - no model found: SUCCESS!

                  /$$$$$$      /$$$$$$$$     /$$$$$$$    
                 /$$__  $$    | $$_____/    | $$__  $$   
                | $$  \ $$    | $$          | $$  \ $$   
                | $$  | $$    | $$$$$       | $$  | $$   
                | $$  | $$    | $$__/       | $$  | $$   
                | $$/$$ $$    | $$          | $$  | $$   
                |  $$$$$$/ /$$| $$$$$$$$ /$$| $$$$$$$//$$
                 \____ $$$|__/|________/|__/|_______/|__/
                       \__/                              

VIBEICTDF _1028_ STR

364. Executing SAT pass (solving SAT problems in the circuit).
Using SAT solver `kissat`.

Setting up SAT problem:
Import set-constraint: \f1._1028_ = 1'0
Final constraint equation: \f1._1028_ = 1'0
Imported 2705 cells to SAT database.
Import proof-constraint: \trig = 1'0
Final proof equation: \trig = 1'0
Import show expression: \clk
Import show expression: \rst
Import show expression: \x
Import show expression: \y

Solving problem with 12567 variables and 32003 clauses..
SAT proof finished - model found: FAIL!

   ______                   ___       ___       _ _            _ _ 
  (_____ \                 / __)     / __)     (_) |          | | |
   _____) )___ ___   ___ _| |__    _| |__ _____ _| | _____  __| | |
  |  ____/ ___) _ \ / _ (_   __)  (_   __|____ | | || ___ |/ _  |_|
  | |   | |  | |_| | |_| || |       | |  / ___ | | || ____( (_| |_ 
  |_|   |_|   \___/ \___/ |_|       |_|  \_____|_|\_)_____)\____|_|


  Signal Name             Dec       Hex                                 Bin
  --------------- ----------- --------- -----------------------------------
  \clk                      1         1                                   1
  \rst                      0         0                                   0
  \x                       -2  fffffffe    11111111111111111111111111111110
  \y                        1         1                                   1
VIBEICTDF _0809_ STF

365. Executing SAT pass (solving SAT problems in the circuit).
Using SAT solver `kissat`.

Setting up SAT problem:
Import set-constraint: \f1._0809_ = 1'1
Final constraint equation: \f1._0809_ = 1'1
Imported 2705 cells to SAT database.
Import proof-constraint: \trig = 1'0
Final proof equation: \trig = 1'0
Import show expression: \clk
Import show expression: \rst
Import show expression: \x
Import show expression: \y

Solving problem with 12567 variables and 32003 clauses..
SAT proof finished - no model found: SUCCESS!

                  /$$$$$$      /$$$$$$$$     /$$$$$$$    
                 /$$__  $$    | $$_____/    | $$__  $$   
                | $$  \ $$    | $$          | $$  \ $$   
                | $$  | $$    | $$$$$       | $$  | $$   
                | $$  | $$    | $$__/       | $$  | $$   
                | $$/$$ $$    | $$          | $$  | $$   
                |  $$$$$$/ /$$| $$$$$$$$ /$$| $$$$$$$//$$
                 \____ $$$|__/|________/|__/|_______/|__/
                       \__/                              

VIBEICTDF _358__A2 STR

366. Executing SAT pass (solving SAT problems in the circuit).
Using SAT solver `kissat`.

Setting up SAT problem:
Import set-constraint: \f1._358__A2 = 1'0
Final constraint equation: \f1._358__A2 = 1'0
Imported 2705 cells to SAT database.
Import proof-constraint: \trig = 1'0
Final proof equation: \trig = 1'0
Import show expression: \clk
Import show expression: \rst
Import show expression: \x
Import show expression: \y

Solving problem with 12567 variables and 32003 clauses..
SAT proof finished - model found: FAIL!

   ______                   ___       ___       _ _            _ _ 
  (_____ \                 / __)     / __)     (_) |          | | |
   _____) )___ ___   ___ _| |__    _| |__ _____ _| | _____  __| | |
  |  ____/ ___) _ \ / _ (_   __)  (_   __|____ | | || ___ |/ _  |_|
  | |   | |  | |_| | |_| || |       | |  / ___ | | || ____( (_| |_ 
  |_|   |_|   \___/ \___/ |_|       |_|  \_____|_|\_)_____)\____|_|


  Signal Name             Dec       Hex                                 Bin
  --------------- ----------- --------- -----------------------------------
  \clk                      1         1                                   1
  \rst                      0         0                                   0
  \x                      -33  ffffffdf    11111111111111111111111111011111
  \y                        1         1                                   1
VIBEICTDF _237__A1 STR

367. Executing SAT pass (solving SAT problems in the circuit).
Using SAT solver `kissat`.

Setting up SAT problem:
Import set-constraint: \f1._237__A1 = 1'0
Final constraint equation: \f1._237__A1 = 1'0
Imported 2705 cells to SAT database.
Import proof-constraint: \trig = 1'0
Final proof equation: \trig = 1'0
Import show expression: \clk
Import show expression: \rst
Import show expression: \x
Import show expression: \y

Solving problem with 12568 variables and 32006 clauses..
SAT proof finished - no model found: SUCCESS!

                  /$$$$$$      /$$$$$$$$     /$$$$$$$    
                 /$$__  $$    | $$_____/    | $$__  $$   
                | $$  \ $$    | $$          | $$  \ $$   
                | $$  | $$    | $$$$$       | $$  | $$   
                | $$  | $$    | $$__/       | $$  | $$   
                | $$/$$ $$    | $$          | $$  | $$   
                |  $$$$$$/ /$$| $$$$$$$$ /$$| $$$$$$$//$$
                 \____ $$$|__/|________/|__/|_______/|__/
                       \__/                              

VIBEICTDF _0537_ STR

368. Executing SAT pass (solving SAT problems in the circuit).
Using SAT solver `kissat`.

Setting up SAT problem:
Import set-constraint: \f1._0537_ = 1'0
Final constraint equation: \f1._0537_ = 1'0
Imported 2705 cells to SAT database.
Import proof-constraint: \trig = 1'0
Final proof equation: \trig = 1'0
Import show expression: \clk
Import show expression: \rst
Import show expression: \x
Import show expression: \y

Solving problem with 12565 variables and 31997 clauses..
SAT proof finished - model found: FAIL!

   ______                   ___       ___       _ _            _ _ 
  (_____ \                 / __)     / __)     (_) |          | | |
   _____) )___ ___   ___ _| |__    _| |__ _____ _| | _____  __| | |
  |  ____/ ___) _ \ / _ (_   __)  (_   __|____ | | || ___ |/ _  |_|
  | |   | |  | |_| | |_| || |       | |  / ___ | | || ____( (_| |_ 
  |_|   |_|   \___/ \___/ |_|       |_|  \_____|_|\_)_____)\____|_|


  Signal Name             Dec       Hex                                 Bin
  --------------- ----------- --------- -----------------------------------
  \clk                      1         1                                   1
  \rst                      0         0                                   0
  \x                       -1  ffffffff    11111111111111111111111111111111
  \y                        1         1                                   1
VIBEICTDF _288__A1 STF

369. Executing SAT pass (solving SAT problems in the circuit).
Using SAT solver `kissat`.

Setting up SAT problem:
Import set-constraint: \f1._288__A1 = 1'1
Final constraint equation: \f1._288__A1 = 1'1
Imported 2705 cells to SAT database.
Import proof-constraint: \trig = 1'0
Final proof equation: \trig = 1'0
Import show expression: \clk
Import show expression: \rst
Import show expression: \x
Import show expression: \y

Solving problem with 12568 variables and 32006 clauses..
SAT proof finished - no model found: SUCCESS!

                  /$$$$$$      /$$$$$$$$     /$$$$$$$    
                 /$$__  $$    | $$_____/    | $$__  $$   
                | $$  \ $$    | $$          | $$  \ $$   
                | $$  | $$    | $$$$$       | $$  | $$   
                | $$  | $$    | $$__/       | $$  | $$   
                | $$/$$ $$    | $$          | $$  | $$   
                |  $$$$$$/ /$$| $$$$$$$$ /$$| $$$$$$$//$$
                 \____ $$$|__/|________/|__/|_______/|__/
                       \__/                              

VIBEICTDF _0973_ STF

370. Executing SAT pass (solving SAT problems in the circuit).
Using SAT solver `kissat`.

Setting up SAT problem:
Import set-constraint: \f1._0973_ = 1'1
Final constraint equation: \f1._0973_ = 1'1
Imported 2705 cells to SAT database.
Import proof-constraint: \trig = 1'0
Final proof equation: \trig = 1'0
Import show expression: \clk
Import show expression: \rst
Import show expression: \x
Import show expression: \y

Solving problem with 12569 variables and 32007 clauses..
SAT proof finished - model found: FAIL!

   ______                   ___       ___       _ _            _ _ 
  (_____ \                 / __)     / __)     (_) |          | | |
   _____) )___ ___   ___ _| |__    _| |__ _____ _| | _____  __| | |
  |  ____/ ___) _ \ / _ (_   __)  (_   __|____ | | || ___ |/ _  |_|
  | |   | |  | |_| | |_| || |       | |  / ___ | | || ____( (_| |_ 
  |_|   |_|   \___/ \___/ |_|       |_|  \_____|_|\_)_____)\____|_|


  Signal Name             Dec       Hex                                 Bin
  --------------- ----------- --------- -----------------------------------
  \clk                      1         1                                   1
  \rst                      0         0                                   0
  \x                     -129  ffffff7f    11111111111111111111111101111111
  \y                        1         1                                   1
VIBEICTDF _0755_ STR

371. Executing SAT pass (solving SAT problems in the circuit).
Using SAT solver `kissat`.

Setting up SAT problem:
Import set-constraint: \f1._0755_ = 1'0
Final constraint equation: \f1._0755_ = 1'0
Imported 2705 cells to SAT database.
Import proof-constraint: \trig = 1'0
Final proof equation: \trig = 1'0
Import show expression: \clk
Import show expression: \rst
Import show expression: \x
Import show expression: \y

Solving problem with 12567 variables and 32003 clauses..
SAT proof finished - model found: FAIL!

   ______                   ___       ___       _ _            _ _ 
  (_____ \                 / __)     / __)     (_) |          | | |
   _____) )___ ___   ___ _| |__    _| |__ _____ _| | _____  __| | |
  |  ____/ ___) _ \ / _ (_   __)  (_   __|____ | | || ___ |/ _  |_|
  | |   | |  | |_| | |_| || |       | |  / ___ | | || ____( (_| |_ 
  |_|   |_|   \___/ \___/ |_|       |_|  \_____|_|\_)_____)\____|_|


  Signal Name             Dec       Hex                                 Bin
  --------------- ----------- --------- -----------------------------------
  \clk                      0         0                                   0
  \rst                      0         0                                   0
  \x               -134217729  f7ffffff    11110111111111111111111111111111
  \y                        1         1                                   1
VIBEICTDF _347__A2 STF

372. Executing SAT pass (solving SAT problems in the circuit).
Using SAT solver `kissat`.

Setting up SAT problem:
Import set-constraint: \f1._347__A2 = 1'1
Final constraint equation: \f1._347__A2 = 1'1
Imported 2705 cells to SAT database.
Import proof-constraint: \trig = 1'0
Final proof equation: \trig = 1'0
Import show expression: \clk
Import show expression: \rst
Import show expression: \x
Import show expression: \y

Solving problem with 12567 variables and 32003 clauses..
SAT proof finished - model found: FAIL!

   ______                   ___       ___       _ _            _ _ 
  (_____ \                 / __)     / __)     (_) |          | | |
   _____) )___ ___   ___ _| |__    _| |__ _____ _| | _____  __| | |
  |  ____/ ___) _ \ / _ (_   __)  (_   __|____ | | || ___ |/ _  |_|
  | |   | |  | |_| | |_| || |       | |  / ___ | | || ____( (_| |_ 
  |_|   |_|   \___/ \___/ |_|       |_|  \_____|_|\_)_____)\____|_|


  Signal Name             Dec       Hex                                 Bin
  --------------- ----------- --------- -----------------------------------
  \clk                      1         1                                   1
  \rst                      0         0                                   0
  \x                   196609     30001    00000000000000110000000000000001
  \y                        0         0                                   0
VIBEICTDF _220__A1 STF

373. Executing SAT pass (solving SAT problems in the circuit).
Using SAT solver `kissat`.

Setting up SAT problem:
Import set-constraint: \f1._220__A1 = 1'1
Final constraint equation: \f1._220__A1 = 1'1
Imported 2705 cells to SAT database.
Import proof-constraint: \trig = 1'0
Final proof equation: \trig = 1'0
Import show expression: \clk
Import show expression: \rst
Import show expression: \x
Import show expression: \y

Solving problem with 12568 variables and 32006 clauses..
SAT proof finished - no model found: SUCCESS!

                  /$$$$$$      /$$$$$$$$     /$$$$$$$    
                 /$$__  $$    | $$_____/    | $$__  $$   
                | $$  \ $$    | $$          | $$  \ $$   
                | $$  | $$    | $$$$$       | $$  | $$   
                | $$  | $$    | $$__/       | $$  | $$   
                | $$/$$ $$    | $$          | $$  | $$   
                |  $$$$$$/ /$$| $$$$$$$$ /$$| $$$$$$$//$$
                 \____ $$$|__/|________/|__/|_______/|__/
                       \__/                              

VIBEICTDF _0646_ STR

374. Executing SAT pass (solving SAT problems in the circuit).
Using SAT solver `kissat`.

Setting up SAT problem:
Import set-constraint: \f1._0646_ = 1'0
Final constraint equation: \f1._0646_ = 1'0
Imported 2705 cells to SAT database.
Import proof-constraint: \trig = 1'0
Final proof equation: \trig = 1'0
Import show expression: \clk
Import show expression: \rst
Import show expression: \x
Import show expression: \y

Solving problem with 12568 variables and 32006 clauses..
SAT proof finished - no model found: SUCCESS!

                  /$$$$$$      /$$$$$$$$     /$$$$$$$    
                 /$$__  $$    | $$_____/    | $$__  $$   
                | $$  \ $$    | $$          | $$  \ $$   
                | $$  | $$    | $$$$$       | $$  | $$   
                | $$  | $$    | $$__/       | $$  | $$   
                | $$/$$ $$    | $$          | $$  | $$   
                |  $$$$$$/ /$$| $$$$$$$$ /$$| $$$$$$$//$$
                 \____ $$$|__/|________/|__/|_______/|__/
                       \__/                              

VIBEICTDF _322__A1 STF

375. Executing SAT pass (solving SAT problems in the circuit).
Using SAT solver `kissat`.

Setting up SAT problem:
Import set-constraint: \f1._322__A1 = 1'1
Final constraint equation: \f1._322__A1 = 1'1
Imported 2705 cells to SAT database.
Import proof-constraint: \trig = 1'0
Final proof equation: \trig = 1'0
Import show expression: \clk
Import show expression: \rst
Import show expression: \x
Import show expression: \y

Solving problem with 12568 variables and 32006 clauses..
SAT proof finished - no model found: SUCCESS!

                  /$$$$$$      /$$$$$$$$     /$$$$$$$    
                 /$$__  $$    | $$_____/    | $$__  $$   
                | $$  \ $$    | $$          | $$  \ $$   
                | $$  | $$    | $$$$$       | $$  | $$   
                | $$  | $$    | $$__/       | $$  | $$   
                | $$/$$ $$    | $$          | $$  | $$   
                |  $$$$$$/ /$$| $$$$$$$$ /$$| $$$$$$$//$$
                 \____ $$$|__/|________/|__/|_______/|__/
                       \__/                              

VIBEICTDF _1082_ STF

376. Executing SAT pass (solving SAT problems in the circuit).
Using SAT solver `kissat`.

Setting up SAT problem:
Import set-constraint: \f1._1082_ = 1'1
Final constraint equation: \f1._1082_ = 1'1
Imported 2705 cells to SAT database.
Import proof-constraint: \trig = 1'0
Final proof equation: \trig = 1'0
Import show expression: \clk
Import show expression: \rst
Import show expression: \x
Import show expression: \y

Solving problem with 12567 variables and 32003 clauses..
SAT proof finished - no model found: SUCCESS!

                  /$$$$$$      /$$$$$$$$     /$$$$$$$    
                 /$$__  $$    | $$_____/    | $$__  $$   
                | $$  \ $$    | $$          | $$  \ $$   
                | $$  | $$    | $$$$$       | $$  | $$   
                | $$  | $$    | $$__/       | $$  | $$   
                | $$/$$ $$    | $$          | $$  | $$   
                |  $$$$$$/ /$$| $$$$$$$$ /$$| $$$$$$$//$$
                 \____ $$$|__/|________/|__/|_______/|__/
                       \__/                              

VIBEICTDF _0864_ STR

377. Executing SAT pass (solving SAT problems in the circuit).
Using SAT solver `kissat`.

Setting up SAT problem:
Import set-constraint: \f1._0864_ = 1'0
Final constraint equation: \f1._0864_ = 1'0
Imported 2705 cells to SAT database.
Import proof-constraint: \trig = 1'0
Final proof equation: \trig = 1'0
Import show expression: \clk
Import show expression: \rst
Import show expression: \x
Import show expression: \y

Solving problem with 12568 variables and 32006 clauses..
SAT proof finished - model found: FAIL!

   ______                   ___       ___       _ _            _ _ 
  (_____ \                 / __)     / __)     (_) |          | | |
   _____) )___ ___   ___ _| |__    _| |__ _____ _| | _____  __| | |
  |  ____/ ___) _ \ / _ (_   __)  (_   __|____ | | || ___ |/ _  |_|
  | |   | |  | |_| | |_| || |       | |  / ___ | | || ____( (_| |_ 
  |_|   |_|   \___/ \___/ |_|       |_|  \_____|_|\_)_____)\____|_|


  Signal Name             Dec       Hex                                 Bin
  --------------- ----------- --------- -----------------------------------
  \clk                      0         0                                   0
  \rst                      0         0                                   0
  \x               2013396992  78020000    01111000000000100000000000000000
  \y                        1         1                                   1
VIBEICTDF _372__A2 STF

378. Executing SAT pass (solving SAT problems in the circuit).
Using SAT solver `kissat`.

Setting up SAT problem:
Import set-constraint: \f1._372__A2 = 1'1
Final constraint equation: \f1._372__A2 = 1'1
Imported 2705 cells to SAT database.
Import proof-constraint: \trig = 1'0
Final proof equation: \trig = 1'0
Import show expression: \clk
Import show expression: \rst
Import show expression: \x
Import show expression: \y

Solving problem with 12567 variables and 32003 clauses..
SAT proof finished - model found: FAIL!

   ______                   ___       ___       _ _            _ _ 
  (_____ \                 / __)     / __)     (_) |          | | |
   _____) )___ ___   ___ _| |__    _| |__ _____ _| | _____  __| | |
  |  ____/ ___) _ \ / _ (_   __)  (_   __|____ | | || ___ |/ _  |_|
  | |   | |  | |_| | |_| || |       | |  / ___ | | || ____( (_| |_ 
  |_|   |_|   \___/ \___/ |_|       |_|  \_____|_|\_)_____)\____|_|


  Signal Name             Dec       Hex                                 Bin
  --------------- ----------- --------- -----------------------------------
  \clk                      1         1                                   1
  \rst                      0         0                                   0
  \x                        7         7    00000000000000000000000000000111
  \y                        0         0                                   0
VIBEICTDF _254__A1 STF

379. Executing SAT pass (solving SAT problems in the circuit).
Using SAT solver `kissat`.

Setting up SAT problem:
Import set-constraint: \f1._254__A1 = 1'1
Final constraint equation: \f1._254__A1 = 1'1
Imported 2705 cells to SAT database.
Import proof-constraint: \trig = 1'0
Final proof equation: \trig = 1'0
Import show expression: \clk
Import show expression: \rst
Import show expression: \x
Import show expression: \y

Solving problem with 12568 variables and 32006 clauses..
SAT proof finished - no model found: SUCCESS!

                  /$$$$$$      /$$$$$$$$     /$$$$$$$    
                 /$$__  $$    | $$_____/    | $$__  $$   
                | $$  \ $$    | $$          | $$  \ $$   
                | $$  | $$    | $$$$$       | $$  | $$   
                | $$  | $$    | $$__/       | $$  | $$   
                | $$/$$ $$    | $$          | $$  | $$   
                |  $$$$$$/ /$$| $$$$$$$$ /$$| $$$$$$$//$$
                 \____ $$$|__/|________/|__/|_______/|__/
                       \__/                              

VIBEICTDF _0510_ STR

380. Executing SAT pass (solving SAT problems in the circuit).
Using SAT solver `kissat`.

Setting up SAT problem:
Import set-constraint: \f1._0510_ = 1'0
Final constraint equation: \f1._0510_ = 1'0
Imported 2705 cells to SAT database.
Import proof-constraint: \trig = 1'0
Final proof equation: \trig = 1'0
Import show expression: \clk
Import show expression: \rst
Import show expression: \x
Import show expression: \y

Solving problem with 12565 variables and 31997 clauses..
SAT proof finished - model found: FAIL!

   ______                   ___       ___       _ _            _ _ 
  (_____ \                 / __)     / __)     (_) |          | | |
   _____) )___ ___   ___ _| |__    _| |__ _____ _| | _____  __| | |
  |  ____/ ___) _ \ / _ (_   __)  (_   __|____ | | || ___ |/ _  |_|
  | |   | |  | |_| | |_| || |       | |  / ___ | | || ____( (_| |_ 
  |_|   |_|   \___/ \___/ |_|       |_|  \_____|_|\_)_____)\____|_|


  Signal Name             Dec       Hex                                 Bin
  --------------- ----------- --------- -----------------------------------
  \clk                      1         1                                   1
  \rst                      0         0                                   0
  \x                       -1  ffffffff    11111111111111111111111111111111
  \y                        1         1                                   1
VIBEICTDF _279__ZN STR

381. Executing SAT pass (solving SAT problems in the circuit).
Using SAT solver `kissat`.

Setting up SAT problem:
Import set-constraint: \f1._279__ZN = 1'0
Final constraint equation: \f1._279__ZN = 1'0
Imported 2705 cells to SAT database.
Import proof-constraint: \trig = 1'0
Final proof equation: \trig = 1'0
Import show expression: \clk
Import show expression: \rst
Import show expression: \x
Import show expression: \y

Solving problem with 12568 variables and 32006 clauses..
SAT proof finished - no model found: SUCCESS!

                  /$$$$$$      /$$$$$$$$     /$$$$$$$    
                 /$$__  $$    | $$_____/    | $$__  $$   
                | $$  \ $$    | $$          | $$  \ $$   
                | $$  | $$    | $$$$$       | $$  | $$   
                | $$  | $$    | $$__/       | $$  | $$   
                | $$/$$ $$    | $$          | $$  | $$   
                |  $$$$$$/ /$$| $$$$$$$$ /$$| $$$$$$$//$$
                 \____ $$$|__/|________/|__/|_______/|__/
                       \__/                              

VIBEICTDF _0946_ STR

382. Executing SAT pass (solving SAT problems in the circuit).
Using SAT solver `kissat`.

Setting up SAT problem:
Import set-constraint: \f1._0946_ = 1'0
Final constraint equation: \f1._0946_ = 1'0
Imported 2705 cells to SAT database.
Import proof-constraint: \trig = 1'0
Final proof equation: \trig = 1'0
Import show expression: \clk
Import show expression: \rst
Import show expression: \x
Import show expression: \y

Solving problem with 12568 variables and 32006 clauses..
SAT proof finished - no model found: SUCCESS!

                  /$$$$$$      /$$$$$$$$     /$$$$$$$    
                 /$$__  $$    | $$_____/    | $$__  $$   
                | $$  \ $$    | $$          | $$  \ $$   
                | $$  | $$    | $$$$$       | $$  | $$   
                | $$  | $$    | $$__/       | $$  | $$   
                | $$/$$ $$    | $$          | $$  | $$   
                |  $$$$$$/ /$$| $$$$$$$$ /$$| $$$$$$$//$$
                 \____ $$$|__/|________/|__/|_______/|__/
                       \__/                              

VIBEICTDF _393__A3 STF

383. Executing SAT pass (solving SAT problems in the circuit).
Using SAT solver `kissat`.

Setting up SAT problem:
Import set-constraint: \f1._393__A3 = 1'1
Final constraint equation: \f1._393__A3 = 1'1
Imported 2705 cells to SAT database.
Import proof-constraint: \trig = 1'0
Final proof equation: \trig = 1'0
Import show expression: \clk
Import show expression: \rst
Import show expression: \x
Import show expression: \y

Solving problem with 12567 variables and 32003 clauses..
SAT proof finished - model found: FAIL!

   ______                   ___       ___       _ _            _ _ 
  (_____ \                 / __)     / __)     (_) |          | | |
   _____) )___ ___   ___ _| |__    _| |__ _____ _| | _____  __| | |
  |  ____/ ___) _ \ / _ (_   __)  (_   __|____ | | || ___ |/ _  |_|
  | |   | |  | |_| | |_| || |       | |  / ___ | | || ____( (_| |_ 
  |_|   |_|   \___/ \___/ |_|       |_|  \_____|_|\_)_____)\____|_|


  Signal Name             Dec       Hex                                 Bin
  --------------- ----------- --------- -----------------------------------
  \clk                      1         1                                   1
  \rst                      0         0                                   0
  \x                 67108865   4000001    00000100000000000000000000000001
  \y                        0         0                                   0
VIBEICTDF _0728_ STR

384. Executing SAT pass (solving SAT problems in the circuit).
Using SAT solver `kissat`.

Setting up SAT problem:
Import set-constraint: \f1._0728_ = 1'0
Final constraint equation: \f1._0728_ = 1'0
Imported 2705 cells to SAT database.
Import proof-constraint: \trig = 1'0
Final proof equation: \trig = 1'0
Import show expression: \clk
Import show expression: \rst
Import show expression: \x
Import show expression: \y

Solving problem with 12568 variables and 32006 clauses..
SAT proof finished - no model found: SUCCESS!

                  /$$$$$$      /$$$$$$$$     /$$$$$$$    
                 /$$__  $$    | $$_____/    | $$__  $$   
                | $$  \ $$    | $$          | $$  \ $$   
                | $$  | $$    | $$$$$       | $$  | $$   
                | $$  | $$    | $$__/       | $$  | $$   
                | $$/$$ $$    | $$          | $$  | $$   
                |  $$$$$$/ /$$| $$$$$$$$ /$$| $$$$$$$//$$
                 \____ $$$|__/|________/|__/|_______/|__/
                       \__/                              

VIBEICTDF _341__ZN STF

385. Executing SAT pass (solving SAT problems in the circuit).
Using SAT solver `kissat`.

Setting up SAT problem:
Import set-constraint: \f1._341__ZN = 1'1
Final constraint equation: \f1._341__ZN = 1'1
Imported 2705 cells to SAT database.
Import proof-constraint: \trig = 1'0
Final proof equation: \trig = 1'0
Import show expression: \clk
Import show expression: \rst
Import show expression: \x
Import show expression: \y

Solving problem with 12568 variables and 32006 clauses..
SAT proof finished - no model found: SUCCESS!

                  /$$$$$$      /$$$$$$$$     /$$$$$$$    
                 /$$__  $$    | $$_____/    | $$__  $$   
                | $$  \ $$    | $$          | $$  \ $$   
                | $$  | $$    | $$$$$       | $$  | $$   
                | $$  | $$    | $$__/       | $$  | $$   
                | $$/$$ $$    | $$          | $$  | $$   
                |  $$$$$$/ /$$| $$$$$$$$ /$$| $$$$$$$//$$
                 \____ $$$|__/|________/|__/|_______/|__/
                       \__/                              

VIBEICTDF _211__A3 STR

386. Executing SAT pass (solving SAT problems in the circuit).
Using SAT solver `kissat`.

Setting up SAT problem:
Import set-constraint: \f1._211__A3 = 1'0
Final constraint equation: \f1._211__A3 = 1'0
Imported 2705 cells to SAT database.
Import proof-constraint: \trig = 1'0
Final proof equation: \trig = 1'0
Import show expression: \clk
Import show expression: \rst
Import show expression: \x
Import show expression: \y

Solving problem with 12564 variables and 31994 clauses..
SAT proof finished - model found: FAIL!

   ______                   ___       ___       _ _            _ _ 
  (_____ \                 / __)     / __)     (_) |          | | |
   _____) )___ ___   ___ _| |__    _| |__ _____ _| | _____  __| | |
  |  ____/ ___) _ \ / _ (_   __)  (_   __|____ | | || ___ |/ _  |_|
  | |   | |  | |_| | |_| || |       | |  / ___ | | || ____( (_| |_ 
  |_|   |_|   \___/ \___/ |_|       |_|  \_____|_|\_)_____)\____|_|


  Signal Name             Dec       Hex                                 Bin
  --------------- ----------- --------- -----------------------------------
  \clk                      1         1                                   1
  \rst                      0         0                                   0
  \x                  8388609    800001    00000000100000000000000000000001
  \y                        0         0                                   0
VIBEICTDF _0619_ STR

387. Executing SAT pass (solving SAT problems in the circuit).
Using SAT solver `kissat`.

Setting up SAT problem:
Import set-constraint: \f1._0619_ = 1'0
Final constraint equation: \f1._0619_ = 1'0
Imported 2705 cells to SAT database.
Import proof-constraint: \trig = 1'0
Final proof equation: \trig = 1'0
Import show expression: \clk
Import show expression: \rst
Import show expression: \x
Import show expression: \y

Solving problem with 12568 variables and 32006 clauses..
SAT proof finished - no model found: SUCCESS!

                  /$$$$$$      /$$$$$$$$     /$$$$$$$    
                 /$$__  $$    | $$_____/    | $$__  $$   
                | $$  \ $$    | $$          | $$  \ $$   
                | $$  | $$    | $$$$$       | $$  | $$   
                | $$  | $$    | $$__/       | $$  | $$   
                | $$/$$ $$    | $$          | $$  | $$   
                |  $$$$$$/ /$$| $$$$$$$$ /$$| $$$$$$$//$$
                 \____ $$$|__/|________/|__/|_______/|__/
                       \__/                              

VIBEICTDF _313__ZN STR

388. Executing SAT pass (solving SAT problems in the circuit).
Using SAT solver `kissat`.

Setting up SAT problem:
Import set-constraint: \f1._313__ZN = 1'0
Final constraint equation: \f1._313__ZN = 1'0
Imported 2705 cells to SAT database.
Import proof-constraint: \trig = 1'0
Final proof equation: \trig = 1'0
Import show expression: \clk
Import show expression: \rst
Import show expression: \x
Import show expression: \y

Solving problem with 12568 variables and 32006 clauses..
SAT proof finished - no model found: SUCCESS!

                  /$$$$$$      /$$$$$$$$     /$$$$$$$    
                 /$$__  $$    | $$_____/    | $$__  $$   
                | $$  \ $$    | $$          | $$  \ $$   
                | $$  | $$    | $$$$$       | $$  | $$   
                | $$  | $$    | $$__/       | $$  | $$   
                | $$/$$ $$    | $$          | $$  | $$   
                |  $$$$$$/ /$$| $$$$$$$$ /$$| $$$$$$$//$$
                 \____ $$$|__/|________/|__/|_______/|__/
                       \__/                              

VIBEICTDF _1055_ STR

389. Executing SAT pass (solving SAT problems in the circuit).
Using SAT solver `kissat`.

Setting up SAT problem:
Import set-constraint: \f1._1055_ = 1'0
Final constraint equation: \f1._1055_ = 1'0
Imported 2705 cells to SAT database.
Import proof-constraint: \trig = 1'0
Final proof equation: \trig = 1'0
Import show expression: \clk
Import show expression: \rst
Import show expression: \x
Import show expression: \y

Solving problem with 12568 variables and 32006 clauses..
SAT proof finished - model found: FAIL!

   ______                   ___       ___       _ _            _ _ 
  (_____ \                 / __)     / __)     (_) |          | | |
   _____) )___ ___   ___ _| |__    _| |__ _____ _| | _____  __| | |
  |  ____/ ___) _ \ / _ (_   __)  (_   __|____ | | || ___ |/ _  |_|
  | |   | |  | |_| | |_| || |       | |  / ___ | | || ____( (_| |_ 
  |_|   |_|   \___/ \___/ |_|       |_|  \_____|_|\_)_____)\____|_|


  Signal Name             Dec       Hex                                 Bin
  --------------- ----------- --------- -----------------------------------
  \clk                      1         1                                   1
  \rst                      0         0                                   0
  \x                       -1  ffffffff    11111111111111111111111111111111
  \y                        1         1                                   1
VIBEICTDF _0837_ STR

390. Executing SAT pass (solving SAT problems in the circuit).
Using SAT solver `kissat`.

Setting up SAT problem:
Import set-constraint: \f1._0837_ = 1'0
Final constraint equation: \f1._0837_ = 1'0
Imported 2705 cells to SAT database.
Import proof-constraint: \trig = 1'0
Final proof equation: \trig = 1'0
Import show expression: \clk
Import show expression: \rst
Import show expression: \x
Import show expression: \y

Solving problem with 12568 variables and 32006 clauses..
SAT proof finished - model found: FAIL!

   ______                   ___       ___       _ _            _ _ 
  (_____ \                 / __)     / __)     (_) |          | | |
   _____) )___ ___   ___ _| |__    _| |__ _____ _| | _____  __| | |
  |  ____/ ___) _ \ / _ (_   __)  (_   __|____ | | || ___ |/ _  |_|
  | |   | |  | |_| | |_| || |       | |  / ___ | | || ____( (_| |_ 
  |_|   |_|   \___/ \___/ |_|       |_|  \_____|_|\_)_____)\____|_|


  Signal Name             Dec       Hex                                 Bin
  --------------- ----------- --------- -----------------------------------
  \clk                      1         1                                   1
  \rst                      0         0                                   0
  \x                  3145729    300001    00000000001100000000000000000001
  \y                        0         0                                   0
VIBEICTDF _364__A2 STF

391. Executing SAT pass (solving SAT problems in the circuit).
Using SAT solver `kissat`.

Setting up SAT problem:
Import set-constraint: \f1._364__A2 = 1'1
Final constraint equation: \f1._364__A2 = 1'1
Imported 2705 cells to SAT database.
Import proof-constraint: \trig = 1'0
Final proof equation: \trig = 1'0
Import show expression: \clk
Import show expression: \rst
Import show expression: \x
Import show expression: \y

Solving problem with 12568 variables and 32006 clauses..
SAT proof finished - no model found: SUCCESS!

                  /$$$$$$      /$$$$$$$$     /$$$$$$$    
                 /$$__  $$    | $$_____/    | $$__  $$   
                | $$  \ $$    | $$          | $$  \ $$   
                | $$  | $$    | $$$$$       | $$  | $$   
                | $$  | $$    | $$__/       | $$  | $$   
                | $$/$$ $$    | $$          | $$  | $$   
                |  $$$$$$/ /$$| $$$$$$$$ /$$| $$$$$$$//$$
                 \____ $$$|__/|________/|__/|_______/|__/
                       \__/                              

VIBEICTDF _245__ZN STR

392. Executing SAT pass (solving SAT problems in the circuit).
Using SAT solver `kissat`.

Setting up SAT problem:
Import set-constraint: \f1._245__ZN = 1'0
Final constraint equation: \f1._245__ZN = 1'0
Imported 2705 cells to SAT database.
Import proof-constraint: \trig = 1'0
Final proof equation: \trig = 1'0
Import show expression: \clk
Import show expression: \rst
Import show expression: \x
Import show expression: \y

Solving problem with 12568 variables and 32006 clauses..
SAT proof finished - no model found: SUCCESS!

                  /$$$$$$      /$$$$$$$$     /$$$$$$$    
                 /$$__  $$    | $$_____/    | $$__  $$   
                | $$  \ $$    | $$          | $$  \ $$   
                | $$  | $$    | $$$$$       | $$  | $$   
                | $$  | $$    | $$__/       | $$  | $$   
                | $$/$$ $$    | $$          | $$  | $$   
                |  $$$$$$/ /$$| $$$$$$$$ /$$| $$$$$$$//$$
                 \____ $$$|__/|________/|__/|_______/|__/
                       \__/                              

VIBEICTDF _0564_ STF

393. Executing SAT pass (solving SAT problems in the circuit).
Using SAT solver `kissat`.

Setting up SAT problem:
Import set-constraint: \f1._0564_ = 1'1
Final constraint equation: \f1._0564_ = 1'1
Imported 2705 cells to SAT database.
Import proof-constraint: \trig = 1'0
Final proof equation: \trig = 1'0
Import show expression: \clk
Import show expression: \rst
Import show expression: \x
Import show expression: \y

Solving problem with 12565 variables and 31997 clauses..
SAT proof finished - model found: FAIL!

   ______                   ___       ___       _ _            _ _ 
  (_____ \                 / __)     / __)     (_) |          | | |
   _____) )___ ___   ___ _| |__    _| |__ _____ _| | _____  __| | |
  |  ____/ ___) _ \ / _ (_   __)  (_   __|____ | | || ___ |/ _  |_|
  | |   | |  | |_| | |_| || |       | |  / ___ | | || ____( (_| |_ 
  |_|   |_|   \___/ \___/ |_|       |_|  \_____|_|\_)_____)\____|_|


  Signal Name             Dec       Hex                                 Bin
  --------------- ----------- --------- -----------------------------------
  \clk                      1         1                                   1
  \rst                      0         0                                   0
  \x                   -16385  ffffbfff    11111111111111111011111111111111
  \y                        1         1                                   1
VIBEICTDF _296__A3 STF

394. Executing SAT pass (solving SAT problems in the circuit).
Using SAT solver `kissat`.

Setting up SAT problem:
Import set-constraint: \f1._296__A3 = 1'1
Final constraint equation: \f1._296__A3 = 1'1
Imported 2705 cells to SAT database.
Import proof-constraint: \trig = 1'0
Final proof equation: \trig = 1'0
Import show expression: \clk
Import show expression: \rst
Import show expression: \x
Import show expression: \y

Solving problem with 12564 variables and 31994 clauses..
SAT proof finished - model found: FAIL!

   ______                   ___       ___       _ _            _ _ 
  (_____ \                 / __)     / __)     (_) |          | | |
   _____) )___ ___   ___ _| |__    _| |__ _____ _| | _____  __| | |
  |  ____/ ___) _ \ / _ (_   __)  (_   __|____ | | || ___ |/ _  |_|
  | |   | |  | |_| | |_| || |       | |  / ___ | | || ____( (_| |_ 
  |_|   |_|   \___/ \___/ |_|       |_|  \_____|_|\_)_____)\____|_|


  Signal Name             Dec       Hex                                 Bin
  --------------- ----------- --------- -----------------------------------
  \clk                      0         0                                   0
  \rst                      0         0                                   0
  \x               2013265984  78000040    01111000000000000000000001000000
  \y                        1         1                                   1
VIBEICTDF _1000_ STF

395. Executing SAT pass (solving SAT problems in the circuit).
Using SAT solver `kissat`.

Setting up SAT problem:
Import set-constraint: \f1._1000_ = 1'1
Final constraint equation: \f1._1000_ = 1'1
Imported 2705 cells to SAT database.
Import proof-constraint: \trig = 1'0
Final proof equation: \trig = 1'0
Import show expression: \clk
Import show expression: \rst
Import show expression: \x
Import show expression: \y

Solving problem with 12567 variables and 32003 clauses..
SAT proof finished - model found: FAIL!

   ______                   ___       ___       _ _            _ _ 
  (_____ \                 / __)     / __)     (_) |          | | |
   _____) )___ ___   ___ _| |__    _| |__ _____ _| | _____  __| | |
  |  ____/ ___) _ \ / _ (_   __)  (_   __|____ | | || ___ |/ _  |_|
  | |   | |  | |_| | |_| || |       | |  / ___ | | || ____( (_| |_ 
  |_|   |_|   \___/ \___/ |_|       |_|  \_____|_|\_)_____)\____|_|


  Signal Name             Dec       Hex                                 Bin
  --------------- ----------- --------- -----------------------------------
  \clk                      1         1                                   1
  \rst                      0         0                                   0
  \x                       17        11    00000000000000000000000000010001
  \y                        0         0                                   0
VIBEICTDF _0782_ STF

396. Executing SAT pass (solving SAT problems in the circuit).
Using SAT solver `kissat`.

Setting up SAT problem:
Import set-constraint: \f1._0782_ = 1'1
Final constraint equation: \f1._0782_ = 1'1
Imported 2705 cells to SAT database.
Import proof-constraint: \trig = 1'0
Final proof equation: \trig = 1'0
Import show expression: \clk
Import show expression: \rst
Import show expression: \x
Import show expression: \y

Solving problem with 12567 variables and 32003 clauses..
SAT proof finished - model found: FAIL!

   ______                   ___       ___       _ _            _ _ 
  (_____ \                 / __)     / __)     (_) |          | | |
   _____) )___ ___   ___ _| |__    _| |__ _____ _| | _____  __| | |
  |  ____/ ___) _ \ / _ (_   __)  (_   __|____ | | || ___ |/ _  |_|
  | |   | |  | |_| | |_| || |       | |  / ___ | | || ____( (_| |_ 
  |_|   |_|   \___/ \___/ |_|       |_|  \_____|_|\_)_____)\____|_|


  Signal Name             Dec       Hex                                 Bin
  --------------- ----------- --------- -----------------------------------
  \clk                      1         1                                   1
  \rst                      0         0                                   0
  \x               2080374784  7c000000    01111100000000000000000000000000
  \y                        1         1                                   1
VIBEICTDF _352__ZN STR

397. Executing SAT pass (solving SAT problems in the circuit).
Using SAT solver `kissat`.

Setting up SAT problem:
Import set-constraint: \f1._352__ZN = 1'0
Final constraint equation: \f1._352__ZN = 1'0
Imported 2705 cells to SAT database.
Import proof-constraint: \trig = 1'0
Final proof equation: \trig = 1'0
Import show expression: \clk
Import show expression: \rst
Import show expression: \x
Import show expression: \y

Solving problem with 12568 variables and 32006 clauses..
SAT proof finished - no model found: SUCCESS!

                  /$$$$$$      /$$$$$$$$     /$$$$$$$    
                 /$$__  $$    | $$_____/    | $$__  $$   
                | $$  \ $$    | $$          | $$  \ $$   
                | $$  | $$    | $$$$$       | $$  | $$   
                | $$  | $$    | $$__/       | $$  | $$   
                | $$/$$ $$    | $$          | $$  | $$   
                |  $$$$$$/ /$$| $$$$$$$$ /$$| $$$$$$$//$$
                 \____ $$$|__/|________/|__/|_______/|__/
                       \__/                              

VIBEICTDF _228__A2 STF

398. Executing SAT pass (solving SAT problems in the circuit).
Using SAT solver `kissat`.

Setting up SAT problem:
Import set-constraint: \f1._228__A2 = 1'1
Final constraint equation: \f1._228__A2 = 1'1
Imported 2705 cells to SAT database.
Import proof-constraint: \trig = 1'0
Final proof equation: \trig = 1'0
Import show expression: \clk
Import show expression: \rst
Import show expression: \x
Import show expression: \y

Solving problem with 12568 variables and 32006 clauses..
SAT proof finished - no model found: SUCCESS!

                  /$$$$$$      /$$$$$$$$     /$$$$$$$    
                 /$$__  $$    | $$_____/    | $$__  $$   
                | $$  \ $$    | $$          | $$  \ $$   
                | $$  | $$    | $$$$$       | $$  | $$   
                | $$  | $$    | $$__/       | $$  | $$   
                | $$/$$ $$    | $$          | $$  | $$   
                |  $$$$$$/ /$$| $$$$$$$$ /$$| $$$$$$$//$$
                 \____ $$$|__/|________/|__/|_______/|__/
                       \__/                              

VIBEICTDF _0673_ STF

399. Executing SAT pass (solving SAT problems in the circuit).
Using SAT solver `kissat`.

Setting up SAT problem:
Import set-constraint: \f1._0673_ = 1'1
Final constraint equation: \f1._0673_ = 1'1
Imported 2705 cells to SAT database.
Import proof-constraint: \trig = 1'0
Final proof equation: \trig = 1'0
Import show expression: \clk
Import show expression: \rst
Import show expression: \x
Import show expression: \y

Solving problem with 12567 variables and 32003 clauses..
SAT proof finished - no model found: SUCCESS!

                  /$$$$$$      /$$$$$$$$     /$$$$$$$    
                 /$$__  $$    | $$_____/    | $$__  $$   
                | $$  \ $$    | $$          | $$  \ $$   
                | $$  | $$    | $$$$$       | $$  | $$   
                | $$  | $$    | $$__/       | $$  | $$   
                | $$/$$ $$    | $$          | $$  | $$   
                |  $$$$$$/ /$$| $$$$$$$$ /$$| $$$$$$$//$$
                 \____ $$$|__/|________/|__/|_______/|__/
                       \__/                              

VIBEICTDF _329__A1 STF

400. Executing SAT pass (solving SAT problems in the circuit).
Using SAT solver `kissat`.

Setting up SAT problem:
Import set-constraint: \f1._329__A1 = 1'1
Final constraint equation: \f1._329__A1 = 1'1
Imported 2705 cells to SAT database.
Import proof-constraint: \trig = 1'0
Final proof equation: \trig = 1'0
Import show expression: \clk
Import show expression: \rst
Import show expression: \x
Import show expression: \y

Solving problem with 12568 variables and 32006 clauses..
SAT proof finished - no model found: SUCCESS!

                  /$$$$$$      /$$$$$$$$     /$$$$$$$    
                 /$$__  $$    | $$_____/    | $$__  $$   
                | $$  \ $$    | $$          | $$  \ $$   
                | $$  | $$    | $$$$$       | $$  | $$   
                | $$  | $$    | $$__/       | $$  | $$   
                | $$/$$ $$    | $$          | $$  | $$   
                |  $$$$$$/ /$$| $$$$$$$$ /$$| $$$$$$$//$$
                 \____ $$$|__/|________/|__/|_______/|__/
                       \__/                              

VIBEICTDF _1109_ STF

401. Executing SAT pass (solving SAT problems in the circuit).
Using SAT solver `kissat`.

Setting up SAT problem:
Import set-constraint: \f1._1109_ = 1'1
Final constraint equation: \f1._1109_ = 1'1
Imported 2705 cells to SAT database.
Import proof-constraint: \trig = 1'0
Final proof equation: \trig = 1'0
Import show expression: \clk
Import show expression: \rst
Import show expression: \x
Import show expression: \y

Solving problem with 12567 variables and 32003 clauses..
SAT proof finished - model found: FAIL!

   ______                   ___       ___       _ _            _ _ 
  (_____ \                 / __)     / __)     (_) |          | | |
   _____) )___ ___   ___ _| |__    _| |__ _____ _| | _____  __| | |
  |  ____/ ___) _ \ / _ (_   __)  (_   __|____ | | || ___ |/ _  |_|
  | |   | |  | |_| | |_| || |       | |  / ___ | | || ____( (_| |_ 
  |_|   |_|   \___/ \___/ |_|       |_|  \_____|_|\_)_____)\____|_|


  Signal Name             Dec       Hex                                 Bin
  --------------- ----------- --------- -----------------------------------
  \clk                      1         1                                   1
  \rst                      0         0                                   0
  \x               2080374784  7c000000    01111100000000000000000000000000
  \y                        1         1                                   1
VIBEICTDF _0891_ STF

402. Executing SAT pass (solving SAT problems in the circuit).
Using SAT solver `kissat`.

Setting up SAT problem:
Import set-constraint: \f1._0891_ = 1'1
Final constraint equation: \f1._0891_ = 1'1
Imported 2705 cells to SAT database.
Import proof-constraint: \trig = 1'0
Final proof equation: \trig = 1'0
Import show expression: \clk
Import show expression: \rst
Import show expression: \x
Import show expression: \y

Solving problem with 12569 variables and 32007 clauses..
SAT proof finished - model found: FAIL!

   ______                   ___       ___       _ _            _ _ 
  (_____ \                 / __)     / __)     (_) |          | | |
   _____) )___ ___   ___ _| |__    _| |__ _____ _| | _____  __| | |
  |  ____/ ___) _ \ / _ (_   __)  (_   __|____ | | || ___ |/ _  |_|
  | |   | |  | |_| | |_| || |       | |  / ___ | | || ____( (_| |_ 
  |_|   |_|   \___/ \___/ |_|       |_|  \_____|_|\_)_____)\____|_|


  Signal Name             Dec       Hex                                 Bin
  --------------- ----------- --------- -----------------------------------
  \clk                      1         1                                   1
  \rst                      0         0                                   0
  \x                    32769      8001    00000000000000001000000000000001
  \y                        0         0                                   0
VIBEICTDF _379__A2 STR

403. Executing SAT pass (solving SAT problems in the circuit).
Using SAT solver `kissat`.

Setting up SAT problem:
Import set-constraint: \f1._379__A2 = 1'0
Final constraint equation: \f1._379__A2 = 1'0
Imported 2705 cells to SAT database.
Import proof-constraint: \trig = 1'0
Final proof equation: \trig = 1'0
Import show expression: \clk
Import show expression: \rst
Import show expression: \x
Import show expression: \y

Solving problem with 12568 variables and 32006 clauses..
SAT proof finished - no model found: SUCCESS!

                  /$$$$$$      /$$$$$$$$     /$$$$$$$    
                 /$$__  $$    | $$_____/    | $$__  $$   
                | $$  \ $$    | $$          | $$  \ $$   
                | $$  | $$    | $$$$$       | $$  | $$   
                | $$  | $$    | $$__/       | $$  | $$   
                | $$/$$ $$    | $$          | $$  | $$   
                |  $$$$$$/ /$$| $$$$$$$$ /$$| $$$$$$$//$$
                 \____ $$$|__/|________/|__/|_______/|__/
                       \__/                              

VIBEICTDF _262__A2 STF

404. Executing SAT pass (solving SAT problems in the circuit).
Using SAT solver `kissat`.

Setting up SAT problem:
Import set-constraint: \f1._262__A2 = 1'1
Final constraint equation: \f1._262__A2 = 1'1
Imported 2705 cells to SAT database.
Import proof-constraint: \trig = 1'0
Final proof equation: \trig = 1'0
Import show expression: \clk
Import show expression: \rst
Import show expression: \x
Import show expression: \y

Solving problem with 12567 variables and 32003 clauses..
SAT proof finished - model found: FAIL!

   ______                   ___       ___       _ _            _ _ 
  (_____ \                 / __)     / __)     (_) |          | | |
   _____) )___ ___   ___ _| |__    _| |__ _____ _| | _____  __| | |
  |  ____/ ___) _ \ / _ (_   __)  (_   __|____ | | || ___ |/ _  |_|
  | |   | |  | |_| | |_| || |       | |  / ___ | | || ____( (_| |_ 
  |_|   |_|   \___/ \___/ |_|       |_|  \_____|_|\_)_____)\____|_|


  Signal Name             Dec       Hex                                 Bin
  --------------- ----------- --------- -----------------------------------
  \clk                      1         1                                   1
  \rst                      0         0                                   0
  \x                       -1  ffffffff    11111111111111111111111111111111
  \y                        1         1                                   1

End of script. Logfile hash: 4858d8dab7, time: 23.13s, user: 14.00s, system: 0.79s, MEM: 45.33 MB peak
Yosys 0.68+ (git sha1 962993c2a, Release, GNU /usr/bin/c++ 13.3.0) [github.com/vibeic/yosys at HEAD]
Time spent: 85% 400x sat (18 sec), 12% 401x design (2 sec), ...

