<?xml version="1.0" encoding="utf-8"?>
<report-database>
 <description>Main DRC Run Report at</description>
 <original-file/>
 <generator>drc: script='/foss/pdks/ihp-sg13g2/libs.tech/klayout/tech/drc/ihp-sg13g2.drc'</generator>
 <top-cell>spm</top-cell>
 <tags>
 </tags>
 <categories>
  <category>
   <name>NW.b</name>
   <description>5.1.NW.b : Min. NWell space or notch (same net). NWell regions separated by less than this value will be merged. is 0.62 um</description>
   <categories>
   </categories>
  </category>
  <category>
   <name>NW.b1</name>
   <description>5.1.NW.b1 : Min. PWell width between NWell regions (different net)  is 1.8 um</description>
   <categories>
   </categories>
  </category>
  <category>
   <name>NW.f1</name>
   <description>5.1.NW.f1 : Min. NWell space to substrate tie in P+Activ inside ThickGateOx = 0.62 um</description>
   <categories>
   </categories>
  </category>
  <category>
   <name>NW.f1.digibnd</name>
   <description>5.1.NW.f1.digibnd : Min. NWell space to substrate tie in P+Activ inside ThickGateOx (Inside DigiBnd) = 0.24 um</description>
   <categories>
   </categories>
  </category>
  <category>
   <name>PWB.e</name>
   <description>5.2. PWB.e Min. PWell:block space to (N+Activ not inside ThickGateOx) in PWell is 0.31 um</description>
   <categories>
   </categories>
  </category>
  <category>
   <name>PWB.e1</name>
   <description>5.2. PWB.e1 Min. PWell:block space to (N+Activ inside ThickGateOx) in PWell is 0.62 um</description>
   <categories>
   </categories>
  </category>
  <category>
   <name>PWB.f</name>
   <description>5.2. PWB.f Min. PWell:block space to (P+Activ not inside ThickGateOx) in PWell is 0.24 um</description>
   <categories>
   </categories>
  </category>
  <category>
   <name>PWB.f1</name>
   <description>5.2. PWB.f1 Min. PWell:block space to (P+Activ inside ThickGateOx) in PWell 0.62 um</description>
   <categories>
   </categories>
  </category>
  <category>
   <name>NBL.b</name>
   <description>5.3.NBL.b : Min. nBuLay space or notch (same net) is 1.5 um</description>
   <categories>
   </categories>
  </category>
  <category>
   <name>NBL.c</name>
   <description>5.3.NBL.c : Min. PWell width between nBuLay regions (different net) is 3.2 um</description>
   <categories>
   </categories>
  </category>
  <category>
   <name>NBL.d</name>
   <description>5.3.NBL.d : Min. PWell width between nBuLay and NWell (different net) is 2.2 um</description>
   <categories>
   </categories>
  </category>
  <category>
   <name>NBL.e</name>
   <description>5.3.NBL.e : Min. nBuLay space to unrelated N+Activ is 1.0 um</description>
   <categories>
   </categories>
  </category>
  <category>
   <name>NBL.f</name>
   <description>5.3.NBL.f : Min. nBuLay space to unrelated P+Activ is 0.5 um</description>
   <categories>
   </categories>
  </category>
  <category>
   <name>Act.a</name>
   <description>5.5. Act.a : Min. Activ width : 0.15 µm</description>
   <categories>
   </categories>
  </category>
  <category>
   <name>Act.b</name>
   <description>5.5. Act.b : Min. Activ (drawing + filler) space or notch: 0.21 µm.</description>
   <categories>
   </categories>
  </category>
  <category>
   <name>AFil.c1</name>
   <description>5.6. AFil.c1 Min. Activ:filler space to Activ is 0.42 um</description>
   <categories>
   </categories>
  </category>
  <category>
   <name>AFil.c</name>
   <description>5.6. AFil.c Min. Activ:filler space to Cont, GatPoly is 1.1 um</description>
   <categories>
   </categories>
  </category>
  <category>
   <name>AFil.d</name>
   <description>5.6. AFil.d Min. Activ:filler space to NWell, nBuLay is 1.0 um</description>
   <categories>
   </categories>
  </category>
  <category>
   <name>AFil.e</name>
   <description>5.6. AFil.e Min. Activ:filler space to TRANS is 1.0 um</description>
   <categories>
   </categories>
  </category>
  <category>
   <name>AFil.j</name>
   <description>5.6. AFil.j Min. nSD:block and SalBlock enclosure of Activ:filler inside PWell:block is 0.25 um</description>
   <categories>
   </categories>
  </category>
  <category>
   <name>TGO.f</name>
   <description>5.7. TGO.f : Min. ThickGateOx width: 0.86 µm</description>
   <categories>
   </categories>
  </category>
  <category>
   <name>Gat.a</name>
   <description>5.8. Gat.a : Min. GatPoly width: 0.13 µm</description>
   <categories>
   </categories>
  </category>
  <category>
   <name>Gat.b</name>
   <description>5.8. Gat.b : Min. GatPoly (drawing + filler) space or notch: 0.18 µm.</description>
   <categories>
   </categories>
  </category>
  <category>
   <name>Gat.d</name>
   <description>5.8. Gat.d :Min. GatPoly space to Activ: 0.07 µm.</description>
   <categories>
   </categories>
  </category>
  <category>
   <name>Gat.a1</name>
   <description>5.8. Gat.a1 Min. GatPoly width for channel length of 1.2V NFET is 0.13 um</description>
   <categories>
   </categories>
  </category>
  <category>
   <name>Gat.a2</name>
   <description>5.8. Gat.a2 Min. GatPoly width for channel length of 1.2V PFET is 0.13 um</description>
   <categories>
   </categories>
  </category>
  <category>
   <name>Gat.g</name>
   <description>5.8. Gat.g Min. GatPoly width for 45-degree bent shapes if the bend GatPoly,length is &gt; 0.39 µm is 0.16 um</description>
   <categories>
   </categories>
  </category>
  <category>
   <name>GFil.d</name>
   <description>5.9. GFil.d : Min. GatPoly:filler space to Activ, GatPoly, Cont, pSD, nSD:block, SalBlock is 1.1 um</description>
   <categories>
   </categories>
  </category>
  <category>
   <name>GFil.e</name>
   <description>5.9. GFil.e Min. GatPoly:filler space to NWell, nBuLay is 1.1 um</description>
   <categories>
   </categories>
  </category>
  <category>
   <name>GFil.i</name>
   <description>5.9. GFil.i Max. GatPoly:nofill area (µm²) is 400.0 um x 400.0 um</description>
   <categories>
   </categories>
  </category>
  <category>
   <name>pSD.c1</name>
   <description>5.10. pSD.c1 Min. pSD enclosure of P+Activ in PWell is 0.03 um</description>
   <categories>
   </categories>
  </category>
  <category>
   <name>Cnt.a</name>
   <description>5.14. Cnt.a : Min. and max. Cont width: 0.16 µm</description>
   <categories>
   </categories>
  </category>
  <category>
   <name>Cnt.b</name>
   <description>5.14. Cnt.b : Min. Cont space: 0.18 µm</description>
   <categories>
   </categories>
  </category>
  <category>
   <name>Cnt.c</name>
   <description>5.14. Cnt.c Min. Activ enclosure of Cont is 0.07 um</description>
   <categories>
   </categories>
  </category>
  <category>
   <name>Cnt.c.digibnd</name>
   <description>8.1.2. Cnt.c.digibnd Min. Activ enclosure of Cont (Inside DigiBnd) is 0.05 um</description>
   <categories>
   </categories>
  </category>
  <category>
   <name>Cnt.c.SRAM</name>
   <description>8.3. Cnt.c.SRAM Min. Activ enclosure of Cont (Inside SRAM) is 0.006 um</description>
   <categories>
   </categories>
  </category>
  <category>
   <name>Cnt.d</name>
   <description>5.14. Cnt.d Min. GatPoly enclosure of Cont is 0.07 um</description>
   <categories>
   </categories>
  </category>
  <category>
   <name>Cnt.e</name>
   <description>5.14. Cnt.e Min. Cont on GatPoly space to Activ is 0.14 um</description>
   <categories>
   </categories>
  </category>
  <category>
   <name>Cnt.g1</name>
   <description>5.14. Cnt.g1 Min. pSD space to Cont on nSD-Activ is 0.09 um</description>
   <categories>
   </categories>
  </category>
  <category>
   <name>Cnt.g2</name>
   <description>5.14. Cnt.g2 Min. pSD overlap of Cont on pSD-Activ is 0.09 um</description>
   <categories>
   </categories>
  </category>
  <category>
   <name>CntB.a</name>
   <description>5.15. CntB.a Min. and max. ContBar width is 0.16 um</description>
   <categories>
   </categories>
  </category>
  <category>
   <name>CntB.a1</name>
   <description>5.15. CntB.a1 Min. ContBar length is 0.34 um</description>
   <categories>
   </categories>
  </category>
  <category>
   <name>CntB.b1</name>
   <description>5.15. CntB.b1 Min. ContBar space with common run &gt; 5.0 µm is 0.36 um</description>
   <categories>
   </categories>
  </category>
  <category>
   <name>CntB.h1</name>
   <description>5.15. CntB.h1 Min. Metal1 enclosure of ContBar is 0.05 um</description>
   <categories>
   </categories>
  </category>
  <category>
   <name>npn13G2.bR</name>
   <description>6.1.3. npn13G2.bR : Max. recommended total number of npn13G2 emitters per chip is 4000</description>
   <categories>
   </categories>
  </category>
  <category>
   <name>npn13G2L.cR</name>
   <description>6.1.3. npn13G2L.cR : Max. recommended total number of npn13G2L emitters per chip is 800</description>
   <categories>
   </categories>
  </category>
  <category>
   <name>npn13G2V.cR</name>
   <description>6.1.3. npn13G2V.cR : Max. recommended total number of npn13G2V emitters per chip is 800</description>
   <categories>
   </categories>
  </category>
  <category>
   <name>Sdiod.b</name>
   <description>6.7. Sdiod.b : Min. and max. nSD:block enclosure of ContBar = 0.4 um</description>
   <categories>
   </categories>
  </category>
  <category>
   <name>Sdiod.c</name>
   <description>6.7. Sdiod.c : Min. and max. SalBlock enclosure of ContBar = 0.45 um</description>
   <categories>
   </categories>
  </category>
  <category>
   <name>Sdiod.d</name>
   <description>6.7. Sdiod.d : Min. and max. ContBar width inside nBuLay is 0.3 um</description>
   <categories>
   </categories>
  </category>
  <category>
   <name>Sdiod.e</name>
   <description>6.7. Sdiod.e : Min. and max. ContBar length inside nBuLay is 1.0 um</description>
   <categories>
   </categories>
  </category>
  <category>
   <name>LU.b</name>
   <description>7.2. LU.b : Max. space from any portion of N+Activ inside PWell to an pSD-PWell tie is 20.0 um</description>
   <categories>
   </categories>
  </category>
  <category>
   <name>M1.a</name>
   <description>5.16. M1.a: Min. Metal1 width: 0.16 μm.</description>
   <categories>
   </categories>
  </category>
  <category>
   <name>M1.b</name>
   <description>5.16. M1.b: Min. Metal1 (drawing + filler) space or notch: 0.18 μm.</description>
   <categories>
   </categories>
  </category>
  <category>
   <name>M1.e</name>
   <description>5.16. M1.e Min. space of Metal1 lines if, at least one line is wider than 0.15 µm and the parallel run is more than 1.0 µm is 0.22 um</description>
   <categories>
   </categories>
  </category>
  <category>
   <name>M1.f</name>
   <description>5.16. M1.f Min. space of Metal1 lines if, at least one line is wider than 5.0 µm and the parallel run is more than 10.0 µm is 0.6 um</description>
   <categories>
   </categories>
  </category>
  <category>
   <name>M1.g</name>
   <description>5.16. M1.g Min. 45-degree bent Metal1 width if the bent metal length is &gt; 0.5 µm is 0.2 um</description>
   <categories>
   </categories>
  </category>
  <category>
   <name>M1.i</name>
   <description>5.16. M1.i Min. space of Metal1 lines of which at least one is bent by 45-degree is 0.22 um</description>
   <categories>
   </categories>
  </category>
  <category>
   <name>M2.a</name>
   <description>5.17. M2.a: Min. Metal2 width: 0.2 μm.</description>
   <categories>
   </categories>
  </category>
  <category>
   <name>M2.b</name>
   <description>5.17. M2.b: Min. Metal2 (drawing + filler) space or notch: 0.21 μm.</description>
   <categories>
   </categories>
  </category>
  <category>
   <name>M2.e</name>
   <description>5.17. M2.e Min. space of Metal2 lines if, at least one line is wider than 0.195 µm and the parallel run is more than 1.0 µm is 0.24 um</description>
   <categories>
   </categories>
  </category>
  <category>
   <name>M2.f</name>
   <description>5.17. M2.f Min. space of Metal2 lines if, at least one line is wider than 5.0 µm and the parallel run is more than 10.0 µm is 0.6 um</description>
   <categories>
   </categories>
  </category>
  <category>
   <name>M2.g</name>
   <description>5.17. M2.g Min. 45-degree bent Metal2 width if the bent metal length is &gt; 0.5 µm is 0.24 um</description>
   <categories>
   </categories>
  </category>
  <category>
   <name>M2.i</name>
   <description>5.17. M2.i Min. space of Metal2 lines of which at least one is bent by 45-degree is 0.24 um</description>
   <categories>
   </categories>
  </category>
  <category>
   <name>M3.a</name>
   <description>5.17. M3.a: Min. Metal3 width: 0.2 μm.</description>
   <categories>
   </categories>
  </category>
  <category>
   <name>M3.b</name>
   <description>5.17. M3.b: Min. Metal3 (drawing + filler) space or notch: 0.21 μm.</description>
   <categories>
   </categories>
  </category>
  <category>
   <name>M3.e</name>
   <description>5.17. M3.e Min. space of Metal3 lines if, at least one line is wider than 0.195 µm and the parallel run is more than 1.0 µm is 0.24 um</description>
   <categories>
   </categories>
  </category>
  <category>
   <name>M3.f</name>
   <description>5.17. M3.f Min. space of Metal3 lines if, at least one line is wider than 5.0 µm and the parallel run is more than 10.0 µm is 0.6 um</description>
   <categories>
   </categories>
  </category>
  <category>
   <name>M3.g</name>
   <description>5.17. M3.g Min. 45-degree bent Metal3 width if the bent metal length is &gt; 0.5 µm is 0.24 um</description>
   <categories>
   </categories>
  </category>
  <category>
   <name>M3.i</name>
   <description>5.17. M3.i Min. space of Metal3 lines of which at least one is bent by 45-degree is 0.24 um</description>
   <categories>
   </categories>
  </category>
  <category>
   <name>M4.a</name>
   <description>5.17. M4.a: Min. Metal4 width: 0.2 μm.</description>
   <categories>
   </categories>
  </category>
  <category>
   <name>M4.b</name>
   <description>5.17. M4.b: Min. Metal4 (drawing + filler) space or notch: 0.21 μm.</description>
   <categories>
   </categories>
  </category>
  <category>
   <name>M4.e</name>
   <description>5.17. M4.e Min. space of Metal4 lines if, at least one line is wider than 0.195 µm and the parallel run is more than 1.0 µm is 0.24 um</description>
   <categories>
   </categories>
  </category>
  <category>
   <name>M4.f</name>
   <description>5.17. M4.f Min. space of Metal4 lines if, at least one line is wider than 5.0 µm and the parallel run is more than 10.0 µm is 0.6 um</description>
   <categories>
   </categories>
  </category>
  <category>
   <name>M4.g</name>
   <description>5.17. M4.g Min. 45-degree bent Metal4 width if the bent metal length is &gt; 0.5 µm is 0.24 um</description>
   <categories>
   </categories>
  </category>
  <category>
   <name>M4.i</name>
   <description>5.17. M4.i Min. space of Metal4 lines of which at least one is bent by 45-degree is 0.24 um</description>
   <categories>
   </categories>
  </category>
  <category>
   <name>M5.a</name>
   <description>5.17. M5.a: Min. Metal5 width: 0.2 μm.</description>
   <categories>
   </categories>
  </category>
  <category>
   <name>M5.b</name>
   <description>5.17. M5.b: Min. Metal5 (drawing + filler) space or notch: 0.21 μm.</description>
   <categories>
   </categories>
  </category>
  <category>
   <name>M5.e</name>
   <description>5.17. M5.e Min. space of Metal5 lines if, at least one line is wider than 0.195 µm and the parallel run is more than 1.0 µm is 0.24 um</description>
   <categories>
   </categories>
  </category>
  <category>
   <name>M5.f</name>
   <description>5.17. M5.f Min. space of Metal5 lines if, at least one line is wider than 5.0 µm and the parallel run is more than 10.0 µm is 0.6 um</description>
   <categories>
   </categories>
  </category>
  <category>
   <name>M5.g</name>
   <description>5.17. M5.g Min. 45-degree bent Metal5 width if the bent metal length is &gt; 0.5 µm is 0.24 um</description>
   <categories>
   </categories>
  </category>
  <category>
   <name>M5.i</name>
   <description>5.17. M5.i Min. space of Metal5 lines of which at least one is bent by 45-degree is 0.24 um</description>
   <categories>
   </categories>
  </category>
  <category>
   <name>M1Fil.c</name>
   <description>5.18. M1Fil.c : Min. Metal1:filler space to Metal1 is 0.42 um</description>
   <categories>
   </categories>
  </category>
  <category>
   <name>M1Fil.a2</name>
   <description>5.18. M1Fil.a2 : Max. Metal1:filler width is 5.0 um</description>
   <categories>
   </categories>
  </category>
  <category>
   <name>M2Fil.c</name>
   <description>5.18. M2Fil.c : Min. Metal2:filler space to Metal2 is 0.42 um</description>
   <categories>
   </categories>
  </category>
  <category>
   <name>M2Fil.a2</name>
   <description>5.18. M2Fil.a2 : Max. Metal2:filler width is 5.0 um</description>
   <categories>
   </categories>
  </category>
  <category>
   <name>M3Fil.c</name>
   <description>5.18. M3Fil.c : Min. Metal3:filler space to Metal3 is 0.42 um</description>
   <categories>
   </categories>
  </category>
  <category>
   <name>M3Fil.a2</name>
   <description>5.18. M3Fil.a2 : Max. Metal3:filler width is 5.0 um</description>
   <categories>
   </categories>
  </category>
  <category>
   <name>M4Fil.c</name>
   <description>5.18. M4Fil.c : Min. Metal4:filler space to Metal4 is 0.42 um</description>
   <categories>
   </categories>
  </category>
  <category>
   <name>M4Fil.a2</name>
   <description>5.18. M4Fil.a2 : Max. Metal4:filler width is 5.0 um</description>
   <categories>
   </categories>
  </category>
  <category>
   <name>M5Fil.c</name>
   <description>5.18. M5Fil.c : Min. Metal5:filler space to Metal5 is 0.42 um</description>
   <categories>
   </categories>
  </category>
  <category>
   <name>M5Fil.a2</name>
   <description>5.18. M5Fil.a2 : Max. Metal5:filler width is 5.0 um</description>
   <categories>
   </categories>
  </category>
  <category>
   <name>V1.a</name>
   <description>5.19. V1.a : Min. and max. Via1 width: 0.19 µm</description>
   <categories>
   </categories>
  </category>
  <category>
   <name>V1.b</name>
   <description>5.19. V1.b : Min. Via1 space: 0.22 µm</description>
   <categories>
   </categories>
  </category>
  <category>
   <name>V1.c</name>
   <description>5.19.  V1.c Min. Metal1 enclosure of Via1 is 0.01 um</description>
   <categories>
   </categories>
  </category>
  <category>
   <name>V2.a</name>
   <description>5.20. V2.a : Min. and max. Via2 width: 0.19 µm</description>
   <categories>
   </categories>
  </category>
  <category>
   <name>V2.b</name>
   <description>5.20. V2.b : Min. Via2 space: 0.22 µm</description>
   <categories>
   </categories>
  </category>
  <category>
   <name>V2.c</name>
   <description>5.20. V2.c : Min. Metal2 enclosure of Via2 is 0.005 µm</description>
   <categories>
   </categories>
  </category>
  <category>
   <name>V3.a</name>
   <description>5.20. V3.a : Min. and max. Via3 width: 0.19 µm</description>
   <categories>
   </categories>
  </category>
  <category>
   <name>V3.b</name>
   <description>5.20. V3.b : Min. Via3 space: 0.22 µm</description>
   <categories>
   </categories>
  </category>
  <category>
   <name>V3.c</name>
   <description>5.20. V3.c : Min. Metal3 enclosure of Via3 is 0.005 µm</description>
   <categories>
   </categories>
  </category>
  <category>
   <name>V4.a</name>
   <description>5.20. V4.a : Min. and max. Via4 width: 0.19 µm</description>
   <categories>
   </categories>
  </category>
  <category>
   <name>V4.b</name>
   <description>5.20. V4.b : Min. Via4 space: 0.22 µm</description>
   <categories>
   </categories>
  </category>
  <category>
   <name>V4.c</name>
   <description>5.20. V4.c : Min. Metal4 enclosure of Via4 is 0.005 µm</description>
   <categories>
   </categories>
  </category>
  <category>
   <name>TV1.a</name>
   <description>5.21. TV1.a : Min. and max. TopVia1 width: 0.42 µm</description>
   <categories>
   </categories>
  </category>
  <category>
   <name>TV1.b</name>
   <description>5.21. TV1.b : Min. TopVia1 space: 0.42 µm</description>
   <categories>
   </categories>
  </category>
  <category>
   <name>TV1.c</name>
   <description>5.21. TV1.c : Min. Metal5 enclosure of TopVia1 is 0.1 um</description>
   <categories>
   </categories>
  </category>
  <category>
   <name>TV1.d</name>
   <description>5.21. TV1.d : Min. TopMetal1 enclosure of TopVia1 is 0.42 um</description>
   <categories>
   </categories>
  </category>
  <category>
   <name>TM1.a</name>
   <description>5.22. TM1.a: Min. TopMetal1 width: 1.64 μm.</description>
   <categories>
   </categories>
  </category>
  <category>
   <name>TM1.b</name>
   <description>5.22. TM1.b: Min. TopMetal1 (drawing + filler) space or notch: 1.64 μm.</description>
   <categories>
   </categories>
  </category>
  <category>
   <name>TM1Fil.c</name>
   <description>5.23. TM1Fil.c : Min. TopMetal1:filler space to TopMetal1 is 3.0 um</description>
   <categories>
   </categories>
  </category>
  <category>
   <name>TM1Fil.a1</name>
   <description>5.23. TM1Fil.a1 : Max. TopMetal1:filler width is 10.0 um</description>
   <categories>
   </categories>
  </category>
  <category>
   <name>TV2.a</name>
   <description>5.24. TV2.a : Min. and max. TopVia2 width: 0.9 µm</description>
   <categories>
   </categories>
  </category>
  <category>
   <name>TV2.b</name>
   <description>5.24. TV2.b : Min. TopVia2 space: 1.06 µm</description>
   <categories>
   </categories>
  </category>
  <category>
   <name>TV2.c</name>
   <description>5.24. TV2.c : Min. TopMetal1 enclosure of TopVia2 is 0.5 um</description>
   <categories>
   </categories>
  </category>
  <category>
   <name>TV2.d</name>
   <description>5.24. TV2.d : Min. TopMetal2 enclosure of TopVia2 is 0.5 um</description>
   <categories>
   </categories>
  </category>
  <category>
   <name>TM2.a</name>
   <description>5.25. TM2.a: Min. TopMetal2 width: 2.0 μm.</description>
   <categories>
   </categories>
  </category>
  <category>
   <name>TM2.b</name>
   <description>5.25. TM2.b: Min. TopMetal2 (drawing + filler) space or notch: 2.0 μm.</description>
   <categories>
   </categories>
  </category>
  <category>
   <name>TM2.bR</name>
   <description>5.25. TM2.bR : Min. space of TopMetal2 lines if, at least one line is wider than 2.5 µm
                    and the parallel run is more than 50.0 µm is 5.0 um</description>
   <categories>
   </categories>
  </category>
  <category>
   <name>TM2Fil.c</name>
   <description>5.26. TM2Fil.c : Min. TopMetal2:filler space to TopMetal2 is 3.0 um</description>
   <categories>
   </categories>
  </category>
  <category>
   <name>TM2Fil.a1</name>
   <description>5.26. TM2Fil.a1 : Max. TopMetal2:filler width is 10.0 um</description>
   <categories>
   </categories>
  </category>
  <category>
   <name>Pas.a</name>
   <description>5.27. Pas.a:Min. Passiv width: 2.1 µm</description>
   <categories>
   </categories>
  </category>
  <category>
   <name>Pas.b</name>
   <description>5.27. Pas.b: Min. Passiv space or notch: 3.5 µm</description>
   <categories>
   </categories>
  </category>
  <category>
   <name>Pas.c</name>
   <description>5.27. Pas.c : Min. TopMetal2 enclosure of Passiv [Not checked outside of sealring (edge-seal-passive)] is 2.1 um </description>
   <categories>
   </categories>
  </category>
  <category>
   <name>Padc.a</name>
   <description>6.9. Padc.a : CuPillarPad size is 35.0 um</description>
   <categories>
   </categories>
  </category>
  <category>
   <name>Padc.b</name>
   <description>6.9. Padc.b : Min. CuPillarPad space is 40.0 um</description>
   <categories>
   </categories>
  </category>
  <category>
   <name>Padc.c</name>
   <description>6.9. Padc.c : Min. TopMetal2 (within dfpad) enclosure of CuPillarPad is 7.5 um</description>
   <categories>
   </categories>
  </category>
  <category>
   <name>padc.f</name>
   <description>6.9.2. Padc.f: Allowed passivation opening shape Circle</description>
   <categories>
   </categories>
  </category>
  <category>
   <name>Pad.m</name>
   <description>6.9. Pad.m : SBumpPad and CuPillarPad in same layout not allowed</description>
   <categories>
   </categories>
  </category>
  <category>
   <name>Pad.fR_M1</name>
   <description>6.9. Pad.fR_M1 : Min. recommended M1 exit length is 7.0 um</description>
   <categories>
   </categories>
  </category>
  <category>
   <name>Pad.fR_M2</name>
   <description>6.9. Pad.fR_M2 : Min. recommended M2 exit length is 7.0 um</description>
   <categories>
   </categories>
  </category>
  <category>
   <name>Pad.fR_M3</name>
   <description>6.9. Pad.fR_M3 : Min. recommended M3 exit length is 7.0 um</description>
   <categories>
   </categories>
  </category>
  <category>
   <name>Pad.fR_M4</name>
   <description>6.9. Pad.fR_M4 : Min. recommended M4 exit length is 7.0 um</description>
   <categories>
   </categories>
  </category>
  <category>
   <name>Pad.fR_M5</name>
   <description>6.9. Pad.fR_M5 : Min. recommended M5 exit length is 7.0 um</description>
   <categories>
   </categories>
  </category>
  <category>
   <name>Pad.fR_TM1</name>
   <description>6.9. Pad.fR_TM1 : Min. recommended TM1 exit length is 7.0 um</description>
   <categories>
   </categories>
  </category>
  <category>
   <name>Pad.fR_TM2</name>
   <description>6.9. Pad.fR_TM2 : Min. recommended TM2 exit length is 7.0 um</description>
   <categories>
   </categories>
  </category>
  <category>
   <name>Pad.i</name>
   <description>6.9. Pad.i : dfpad without TopMetal2 not allowed</description>
   <categories>
   </categories>
  </category>
  <category>
   <name>Padb.a</name>
   <description>6.9. Padb.a : SBumpPad size is 60.0 um</description>
   <categories>
   </categories>
  </category>
  <category>
   <name>Padb.b</name>
   <description>6.9. Padb.b : Min. SBumpPad space is 70.0 um</description>
   <categories>
   </categories>
  </category>
  <category>
   <name>Padb.c</name>
   <description>6.9. Padb.c : Min. TopMetal2 (within dfpad) enclosure of SBumpPad is 10.0 um</description>
   <categories>
   </categories>
  </category>
  <category>
   <name>padb.f</name>
   <description>6.9. Padb.f: Allowed passivation opening shape Octagon , Circle</description>
   <categories>
   </categories>
  </category>
  <category>
   <name>Padb.d</name>
   <description>6.9. Padb.d : Min. SBumpPad space to EdgeSeal is 50.0 um</description>
   <categories>
   </categories>
  </category>
  <category>
   <name>Seal.n</name>
   <description>6.10. seal.n : Sealring must be enclosed by an unbroken Passiv ring</description>
   <categories>
   </categories>
  </category>
  <category>
   <name>Seal.b_metal1</name>
   <description>6.10. Seal.b_metal1 : Min. Activ space to EdgeSeal-metal1 is 4.9 um</description>
   <categories>
   </categories>
  </category>
  <category>
   <name>Seal.b_metal2</name>
   <description>6.10. Seal.b_metal2 : Min. Activ space to EdgeSeal-metal2 is 4.9 um</description>
   <categories>
   </categories>
  </category>
  <category>
   <name>Seal.b_metal3</name>
   <description>6.10. Seal.b_metal3 : Min. Activ space to EdgeSeal-metal3 is 4.9 um</description>
   <categories>
   </categories>
  </category>
  <category>
   <name>Seal.b_metal4</name>
   <description>6.10. Seal.b_metal4 : Min. Activ space to EdgeSeal-metal4 is 4.9 um</description>
   <categories>
   </categories>
  </category>
  <category>
   <name>Seal.b_metal5</name>
   <description>6.10. Seal.b_metal5 : Min. Activ space to EdgeSeal-metal5 is 4.9 um</description>
   <categories>
   </categories>
  </category>
  <category>
   <name>Seal.b_topmetal1</name>
   <description>6.10. Seal.b_topmetal1 : Min. Activ space to EdgeSeal-topmetal1 is 4.9 um</description>
   <categories>
   </categories>
  </category>
  <category>
   <name>Seal.b_topmetal2</name>
   <description>6.10. Seal.b_topmetal2 : Min. Activ space to EdgeSeal-topmetal2 is 4.9 um</description>
   <categories>
   </categories>
  </category>
  <category>
   <name>Seal.b_activ</name>
   <description>6.10. Seal.b_activ : Min. Activ space to EdgeSeal-activ is 4.9 um</description>
   <categories>
   </categories>
  </category>
  <category>
   <name>Seal.b_psd</name>
   <description>6.10. Seal.b_psd : Min. Activ space to EdgeSeal-psd is 4.9 um</description>
   <categories>
   </categories>
  </category>
  <category>
   <name>Seal.k</name>
   <description>6.10. Seal.k : Min. EdgeSeal 45-degree corner length is 21.0 um</description>
   <categories>
   </categories>
  </category>
  <category>
   <name>Seal.m</name>
   <description>6.10. Seal.m : Only one sealring per chip allowed</description>
   <categories>
   </categories>
  </category>
  <category>
   <name>MIM.c</name>
   <description>6.11. MIM.c : Min. Metal5 enclosure of MIM is 0.6 um</description>
   <categories>
   </categories>
  </category>
  <category>
   <name>MIM.d</name>
   <description>6.11. MIM.d : Min. MIM enclosure of TopVia1 is 0.36 um</description>
   <categories>
   </categories>
  </category>
  <category>
   <name>Slt.e1_M1</name>
   <description>7.3. Slt.e1_M1 : No M1:slit required on MIM</description>
   <categories>
   </categories>
  </category>
  <category>
   <name>Slt.e1_M2</name>
   <description>7.3. Slt.e1_M2 : No M2:slit required on MIM</description>
   <categories>
   </categories>
  </category>
  <category>
   <name>Slt.e1_M3</name>
   <description>7.3. Slt.e1_M3 : No M3:slit required on MIM</description>
   <categories>
   </categories>
  </category>
  <category>
   <name>Slt.e1_M4</name>
   <description>7.3. Slt.e1_M4 : No M4:slit required on MIM</description>
   <categories>
   </categories>
  </category>
  <category>
   <name>Slt.e1_M5</name>
   <description>7.3. Slt.e1_M5 : No M5:slit required on MIM</description>
   <categories>
   </categories>
  </category>
  <category>
   <name>Slt.e1_TM1</name>
   <description>7.3. Slt.e1_TM1 : No TM1:slit required on MIM</description>
   <categories>
   </categories>
  </category>
  <category>
   <name>Slt.e1_TM2</name>
   <description>7.3. Slt.e1_TM2 : No TM2:slit required on MIM</description>
   <categories>
   </categories>
  </category>
  <category>
   <name>LBE.a</name>
   <description>9.1. LBE.a: Min. LBE width: 100.0 µm</description>
   <categories>
   </categories>
  </category>
  <category>
   <name>LBE.b</name>
   <description>9.1. LBE.b: Max. LBE width: 1500.0 µm.</description>
   <categories>
   </categories>
  </category>
  <category>
   <name>LBE.b1</name>
   <description>9.1. LBE.b1: Max. LBE area (µm²): 250000.0 .um</description>
   <categories>
   </categories>
  </category>
  <category>
   <name>LBE.c</name>
   <description>9.1. LBE.c: Min. LBE space or notch: 100.0 µm</description>
   <categories>
   </categories>
  </category>
  <category>
   <name>LBE.d</name>
   <description>9.1. LBE.d: Min. LBE space to inner edge of EdgeSeal: 150.0 µm</description>
   <categories>
   </categories>
  </category>
  <category>
   <name>LBE.h</name>
   <description>9.1. LBE.h: No LBE ring allowed.</description>
   <categories>
   </categories>
  </category>
  <category>
   <name>Pin.a</name>
   <description>Pin.a : 7.4. Pin.a: Min. activ enclosure of activ:pin = 0um</description>
   <categories>
   </categories>
  </category>
  <category>
   <name>Pin.b</name>
   <description>Pin.b : 7.4. Pin.b: Min. gatpoly enclosure of gatpoly:pin = 0um</description>
   <categories>
   </categories>
  </category>
  <category>
   <name>Pin.e</name>
   <description>Pin.e : 7.4. Pin.e: Min. metal1 enclosure of metal1:pin = 0um</description>
   <categories>
   </categories>
  </category>
  <category>
   <name>Pin.f_M2</name>
   <description>Pin.f_M2 : 7.4. Pin.f_M2: Min. metal2 enclosure of metal2:pin = 0um</description>
   <categories>
   </categories>
  </category>
  <category>
   <name>Pin.f_M3</name>
   <description>Pin.f_M3 : 7.4. Pin.f_M3: Min. metal3 enclosure of metal3:pin = 0um</description>
   <categories>
   </categories>
  </category>
  <category>
   <name>Pin.f_M4</name>
   <description>Pin.f_M4 : 7.4. Pin.f_M4: Min. metal4 enclosure of metal4:pin = 0um</description>
   <categories>
   </categories>
  </category>
  <category>
   <name>Pin.f_M5</name>
   <description>Pin.f_M5 : 7.4. Pin.f_M5: Min. metal5 enclosure of metal5:pin = 0um</description>
   <categories>
   </categories>
  </category>
  <category>
   <name>Pin.g</name>
   <description>Pin.g : 7.4. Pin.g: Min. topmetal1 enclosure of topmetal1:pin = 0um</description>
   <categories>
   </categories>
  </category>
  <category>
   <name>Pin.h</name>
   <description>Pin.h : 7.4. Pin.h: Min. topmetal2 enclosure of topmetal2:pin = 0um</description>
   <categories>
   </categories>
  </category>
  <category>
   <name>activ_drw_Offgrid</name>
   <description>3.1 activ_drw_Offgrid: activ_drw layer is Offgrid (All features are on a drawing grid of 5 nm)</description>
   <categories>
   </categories>
  </category>
  <category>
   <name>activ_pin_Offgrid</name>
   <description>3.1 activ_pin_Offgrid: activ_pin layer is Offgrid (All features are on a drawing grid of 5 nm)</description>
   <categories>
   </categories>
  </category>
  <category>
   <name>activ_mask_Offgrid</name>
   <description>3.1 activ_mask_Offgrid: activ_mask layer is Offgrid (All features are on a drawing grid of 5 nm)</description>
   <categories>
   </categories>
  </category>
  <category>
   <name>activ_filler_Offgrid</name>
   <description>3.1 activ_filler_Offgrid: activ_filler layer is Offgrid (All features are on a drawing grid of 5 nm)</description>
   <categories>
   </categories>
  </category>
  <category>
   <name>activ_nofill_Offgrid</name>
   <description>3.1 activ_nofill_Offgrid: activ_nofill layer is Offgrid (All features are on a drawing grid of 5 nm)</description>
   <categories>
   </categories>
  </category>
  <category>
   <name>activ_opc_Offgrid</name>
   <description>3.1 activ_opc_Offgrid: activ_opc layer is Offgrid (All features are on a drawing grid of 5 nm)</description>
   <categories>
   </categories>
  </category>
  <category>
   <name>activ_iopc_Offgrid</name>
   <description>3.1 activ_iopc_Offgrid: activ_iopc layer is Offgrid (All features are on a drawing grid of 5 nm)</description>
   <categories>
   </categories>
  </category>
  <category>
   <name>activ_noqrc_Offgrid</name>
   <description>3.1 activ_noqrc_Offgrid: activ_noqrc layer is Offgrid (All features are on a drawing grid of 5 nm)</description>
   <categories>
   </categories>
  </category>
  <category>
   <name>biwind_drw_Offgrid</name>
   <description>3.1 biwind_drw_Offgrid: biwind_drw layer is Offgrid (All features are on a drawing grid of 5 nm)</description>
   <categories>
   </categories>
  </category>
  <category>
   <name>biwind_opc_Offgrid</name>
   <description>3.1 biwind_opc_Offgrid: biwind_opc layer is Offgrid (All features are on a drawing grid of 5 nm)</description>
   <categories>
   </categories>
  </category>
  <category>
   <name>pemwind_drw_Offgrid</name>
   <description>3.1 pemwind_drw_Offgrid: pemwind_drw layer is Offgrid (All features are on a drawing grid of 5 nm)</description>
   <categories>
   </categories>
  </category>
  <category>
   <name>gatpoly_drw_Offgrid</name>
   <description>3.1 gatpoly_drw_Offgrid: gatpoly_drw layer is Offgrid (All features are on a drawing grid of 5 nm)</description>
   <categories>
   </categories>
  </category>
  <category>
   <name>gatpoly_pin_Offgrid</name>
   <description>3.1 gatpoly_pin_Offgrid: gatpoly_pin layer is Offgrid (All features are on a drawing grid of 5 nm)</description>
   <categories>
   </categories>
  </category>
  <category>
   <name>gatpoly_filler_Offgrid</name>
   <description>3.1 gatpoly_filler_Offgrid: gatpoly_filler layer is Offgrid (All features are on a drawing grid of 5 nm)</description>
   <categories>
   </categories>
  </category>
  <category>
   <name>gatpoly_nofill_Offgrid</name>
   <description>3.1 gatpoly_nofill_Offgrid: gatpoly_nofill layer is Offgrid (All features are on a drawing grid of 5 nm)</description>
   <categories>
   </categories>
  </category>
  <category>
   <name>gatpoly_opc_Offgrid</name>
   <description>3.1 gatpoly_opc_Offgrid: gatpoly_opc layer is Offgrid (All features are on a drawing grid of 5 nm)</description>
   <categories>
   </categories>
  </category>
  <category>
   <name>gatpoly_iopc_Offgrid</name>
   <description>3.1 gatpoly_iopc_Offgrid: gatpoly_iopc layer is Offgrid (All features are on a drawing grid of 5 nm)</description>
   <categories>
   </categories>
  </category>
  <category>
   <name>gatpoly_noqrc_Offgrid</name>
   <description>3.1 gatpoly_noqrc_Offgrid: gatpoly_noqrc layer is Offgrid (All features are on a drawing grid of 5 nm)</description>
   <categories>
   </categories>
  </category>
  <category>
   <name>cont_drw_Offgrid</name>
   <description>3.1 cont_drw_Offgrid: cont_drw layer is Offgrid (All features are on a drawing grid of 5 nm)</description>
   <categories>
   </categories>
  </category>
  <category>
   <name>cont_opc_Offgrid</name>
   <description>3.1 cont_opc_Offgrid: cont_opc layer is Offgrid (All features are on a drawing grid of 5 nm)</description>
   <categories>
   </categories>
  </category>
  <category>
   <name>nsd_drw_Offgrid</name>
   <description>3.1 nsd_drw_Offgrid: nsd_drw layer is Offgrid (All features are on a drawing grid of 5 nm)</description>
   <categories>
   </categories>
  </category>
  <category>
   <name>nsd_block_Offgrid</name>
   <description>3.1 nsd_block_Offgrid: nsd_block layer is Offgrid (All features are on a drawing grid of 5 nm)</description>
   <categories>
   </categories>
  </category>
  <category>
   <name>metal1_drw_Offgrid</name>
   <description>3.1 metal1_drw_Offgrid: metal1_drw layer is Offgrid (All features are on a drawing grid of 5 nm)</description>
   <categories>
   </categories>
  </category>
  <category>
   <name>metal1_pin_Offgrid</name>
   <description>3.1 metal1_pin_Offgrid: metal1_pin layer is Offgrid (All features are on a drawing grid of 5 nm)</description>
   <categories>
   </categories>
  </category>
  <category>
   <name>metal1_mask_Offgrid</name>
   <description>3.1 metal1_mask_Offgrid: metal1_mask layer is Offgrid (All features are on a drawing grid of 5 nm)</description>
   <categories>
   </categories>
  </category>
  <category>
   <name>metal1_filler_Offgrid</name>
   <description>3.1 metal1_filler_Offgrid: metal1_filler layer is Offgrid (All features are on a drawing grid of 5 nm)</description>
   <categories>
   </categories>
  </category>
  <category>
   <name>metal1_nofill_Offgrid</name>
   <description>3.1 metal1_nofill_Offgrid: metal1_nofill layer is Offgrid (All features are on a drawing grid of 5 nm)</description>
   <categories>
   </categories>
  </category>
  <category>
   <name>metal1_slit_Offgrid</name>
   <description>3.1 metal1_slit_Offgrid: metal1_slit layer is Offgrid (All features are on a drawing grid of 5 nm)</description>
   <categories>
   </categories>
  </category>
  <category>
   <name>metal1_opc_Offgrid</name>
   <description>3.1 metal1_opc_Offgrid: metal1_opc layer is Offgrid (All features are on a drawing grid of 5 nm)</description>
   <categories>
   </categories>
  </category>
  <category>
   <name>metal1_noqrc_Offgrid</name>
   <description>3.1 metal1_noqrc_Offgrid: metal1_noqrc layer is Offgrid (All features are on a drawing grid of 5 nm)</description>
   <categories>
   </categories>
  </category>
  <category>
   <name>metal1_res_Offgrid</name>
   <description>3.1 metal1_res_Offgrid: metal1_res layer is Offgrid (All features are on a drawing grid of 5 nm)</description>
   <categories>
   </categories>
  </category>
  <category>
   <name>metal1_iprobe_Offgrid</name>
   <description>3.1 metal1_iprobe_Offgrid: metal1_iprobe layer is Offgrid (All features are on a drawing grid of 5 nm)</description>
   <categories>
   </categories>
  </category>
  <category>
   <name>metal1_diffprb_Offgrid</name>
   <description>3.1 metal1_diffprb_Offgrid: metal1_diffprb layer is Offgrid (All features are on a drawing grid of 5 nm)</description>
   <categories>
   </categories>
  </category>
  <category>
   <name>passiv_drw_Offgrid</name>
   <description>3.1 passiv_drw_Offgrid: passiv_drw layer is Offgrid (All features are on a drawing grid of 5 nm)</description>
   <categories>
   </categories>
  </category>
  <category>
   <name>passiv_pin_Offgrid</name>
   <description>3.1 passiv_pin_Offgrid: passiv_pin layer is Offgrid (All features are on a drawing grid of 5 nm)</description>
   <categories>
   </categories>
  </category>
  <category>
   <name>passiv_pillar_Offgrid</name>
   <description>3.1 passiv_pillar_Offgrid: passiv_pillar layer is Offgrid (All features are on a drawing grid of 5 nm)</description>
   <categories>
   </categories>
  </category>
  <category>
   <name>passiv_sbump_Offgrid</name>
   <description>3.1 passiv_sbump_Offgrid: passiv_sbump layer is Offgrid (All features are on a drawing grid of 5 nm)</description>
   <categories>
   </categories>
  </category>
  <category>
   <name>passiv_pdl_Offgrid</name>
   <description>3.1 passiv_pdl_Offgrid: passiv_pdl layer is Offgrid (All features are on a drawing grid of 5 nm)</description>
   <categories>
   </categories>
  </category>
  <category>
   <name>metal2_drw_Offgrid</name>
   <description>3.1 metal2_drw_Offgrid: metal2_drw layer is Offgrid (All features are on a drawing grid of 5 nm)</description>
   <categories>
   </categories>
  </category>
  <category>
   <name>metal2_pin_Offgrid</name>
   <description>3.1 metal2_pin_Offgrid: metal2_pin layer is Offgrid (All features are on a drawing grid of 5 nm)</description>
   <categories>
   </categories>
  </category>
  <category>
   <name>metal2_mask_Offgrid</name>
   <description>3.1 metal2_mask_Offgrid: metal2_mask layer is Offgrid (All features are on a drawing grid of 5 nm)</description>
   <categories>
   </categories>
  </category>
  <category>
   <name>metal2_filler_Offgrid</name>
   <description>3.1 metal2_filler_Offgrid: metal2_filler layer is Offgrid (All features are on a drawing grid of 5 nm)</description>
   <categories>
   </categories>
  </category>
  <category>
   <name>metal2_nofill_Offgrid</name>
   <description>3.1 metal2_nofill_Offgrid: metal2_nofill layer is Offgrid (All features are on a drawing grid of 5 nm)</description>
   <categories>
   </categories>
  </category>
  <category>
   <name>metal2_slit_Offgrid</name>
   <description>3.1 metal2_slit_Offgrid: metal2_slit layer is Offgrid (All features are on a drawing grid of 5 nm)</description>
   <categories>
   </categories>
  </category>
  <category>
   <name>metal2_opc_Offgrid</name>
   <description>3.1 metal2_opc_Offgrid: metal2_opc layer is Offgrid (All features are on a drawing grid of 5 nm)</description>
   <categories>
   </categories>
  </category>
  <category>
   <name>metal2_noqrc_Offgrid</name>
   <description>3.1 metal2_noqrc_Offgrid: metal2_noqrc layer is Offgrid (All features are on a drawing grid of 5 nm)</description>
   <categories>
   </categories>
  </category>
  <category>
   <name>metal2_res_Offgrid</name>
   <description>3.1 metal2_res_Offgrid: metal2_res layer is Offgrid (All features are on a drawing grid of 5 nm)</description>
   <categories>
   </categories>
  </category>
  <category>
   <name>metal2_iprobe_Offgrid</name>
   <description>3.1 metal2_iprobe_Offgrid: metal2_iprobe layer is Offgrid (All features are on a drawing grid of 5 nm)</description>
   <categories>
   </categories>
  </category>
  <category>
   <name>metal2_diffprb_Offgrid</name>
   <description>3.1 metal2_diffprb_Offgrid: metal2_diffprb layer is Offgrid (All features are on a drawing grid of 5 nm)</description>
   <categories>
   </categories>
  </category>
  <category>
   <name>baspoly_drw_Offgrid</name>
   <description>3.1 baspoly_drw_Offgrid: baspoly_drw layer is Offgrid (All features are on a drawing grid of 5 nm)</description>
   <categories>
   </categories>
  </category>
  <category>
   <name>baspoly_pin_Offgrid</name>
   <description>3.1 baspoly_pin_Offgrid: baspoly_pin layer is Offgrid (All features are on a drawing grid of 5 nm)</description>
   <categories>
   </categories>
  </category>
  <category>
   <name>psd_drw_Offgrid</name>
   <description>3.1 psd_drw_Offgrid: psd_drw layer is Offgrid (All features are on a drawing grid of 5 nm)</description>
   <categories>
   </categories>
  </category>
  <category>
   <name>nldb_drw_Offgrid</name>
   <description>3.1 nldb_drw_Offgrid: nldb_drw layer is Offgrid (All features are on a drawing grid of 5 nm)</description>
   <categories>
   </categories>
  </category>
  <category>
   <name>via1_drw_Offgrid</name>
   <description>3.1 via1_drw_Offgrid: via1_drw layer is Offgrid (All features are on a drawing grid of 5 nm)</description>
   <categories>
   </categories>
  </category>
  <category>
   <name>backmetal1_drw_Offgrid</name>
   <description>3.1 backmetal1_drw_Offgrid: backmetal1_drw layer is Offgrid (All features are on a drawing grid of 5 nm)</description>
   <categories>
   </categories>
  </category>
  <category>
   <name>backmetal1_pin_Offgrid</name>
   <description>3.1 backmetal1_pin_Offgrid: backmetal1_pin layer is Offgrid (All features are on a drawing grid of 5 nm)</description>
   <categories>
   </categories>
  </category>
  <category>
   <name>backmetal1_mask_Offgrid</name>
   <description>3.1 backmetal1_mask_Offgrid: backmetal1_mask layer is Offgrid (All features are on a drawing grid of 5 nm)</description>
   <categories>
   </categories>
  </category>
  <category>
   <name>backmetal1_filler_Offgrid</name>
   <description>3.1 backmetal1_filler_Offgrid: backmetal1_filler layer is Offgrid (All features are on a drawing grid of 5 nm)</description>
   <categories>
   </categories>
  </category>
  <category>
   <name>backmetal1_nofill_Offgrid</name>
   <description>3.1 backmetal1_nofill_Offgrid: backmetal1_nofill layer is Offgrid (All features are on a drawing grid of 5 nm)</description>
   <categories>
   </categories>
  </category>
  <category>
   <name>backmetal1_slit_Offgrid</name>
   <description>3.1 backmetal1_slit_Offgrid: backmetal1_slit layer is Offgrid (All features are on a drawing grid of 5 nm)</description>
   <categories>
   </categories>
  </category>
  <category>
   <name>backmetal1_opc_Offgrid</name>
   <description>3.1 backmetal1_opc_Offgrid: backmetal1_opc layer is Offgrid (All features are on a drawing grid of 5 nm)</description>
   <categories>
   </categories>
  </category>
  <category>
   <name>backmetal1_noqrc_Offgrid</name>
   <description>3.1 backmetal1_noqrc_Offgrid: backmetal1_noqrc layer is Offgrid (All features are on a drawing grid of 5 nm)</description>
   <categories>
   </categories>
  </category>
  <category>
   <name>backmetal1_res_Offgrid</name>
   <description>3.1 backmetal1_res_Offgrid: backmetal1_res layer is Offgrid (All features are on a drawing grid of 5 nm)</description>
   <categories>
   </categories>
  </category>
  <category>
   <name>backmetal1_iprobe_Offgrid</name>
   <description>3.1 backmetal1_iprobe_Offgrid: backmetal1_iprobe layer is Offgrid (All features are on a drawing grid of 5 nm)</description>
   <categories>
   </categories>
  </category>
  <category>
   <name>backmetal1_diffprb_Offgrid</name>
   <description>3.1 backmetal1_diffprb_Offgrid: backmetal1_diffprb layer is Offgrid (All features are on a drawing grid of 5 nm)</description>
   <categories>
   </categories>
  </category>
  <category>
   <name>backpassiv_drw_Offgrid</name>
   <description>3.1 backpassiv_drw_Offgrid: backpassiv_drw layer is Offgrid (All features are on a drawing grid of 5 nm)</description>
   <categories>
   </categories>
  </category>
  <category>
   <name>salblock_drw_Offgrid</name>
   <description>3.1 salblock_drw_Offgrid: salblock_drw layer is Offgrid (All features are on a drawing grid of 5 nm)</description>
   <categories>
   </categories>
  </category>
  <category>
   <name>via2_drw_Offgrid</name>
   <description>3.1 via2_drw_Offgrid: via2_drw layer is Offgrid (All features are on a drawing grid of 5 nm)</description>
   <categories>
   </categories>
  </category>
  <category>
   <name>metal3_drw_Offgrid</name>
   <description>3.1 metal3_drw_Offgrid: metal3_drw layer is Offgrid (All features are on a drawing grid of 5 nm)</description>
   <categories>
   </categories>
  </category>
  <category>
   <name>metal3_pin_Offgrid</name>
   <description>3.1 metal3_pin_Offgrid: metal3_pin layer is Offgrid (All features are on a drawing grid of 5 nm)</description>
   <categories>
   </categories>
  </category>
  <category>
   <name>metal3_mask_Offgrid</name>
   <description>3.1 metal3_mask_Offgrid: metal3_mask layer is Offgrid (All features are on a drawing grid of 5 nm)</description>
   <categories>
   </categories>
  </category>
  <category>
   <name>metal3_filler_Offgrid</name>
   <description>3.1 metal3_filler_Offgrid: metal3_filler layer is Offgrid (All features are on a drawing grid of 5 nm)</description>
   <categories>
   </categories>
  </category>
  <category>
   <name>metal3_nofill_Offgrid</name>
   <description>3.1 metal3_nofill_Offgrid: metal3_nofill layer is Offgrid (All features are on a drawing grid of 5 nm)</description>
   <categories>
   </categories>
  </category>
  <category>
   <name>metal3_slit_Offgrid</name>
   <description>3.1 metal3_slit_Offgrid: metal3_slit layer is Offgrid (All features are on a drawing grid of 5 nm)</description>
   <categories>
   </categories>
  </category>
  <category>
   <name>metal3_opc_Offgrid</name>
   <description>3.1 metal3_opc_Offgrid: metal3_opc layer is Offgrid (All features are on a drawing grid of 5 nm)</description>
   <categories>
   </categories>
  </category>
  <category>
   <name>metal3_noqrc_Offgrid</name>
   <description>3.1 metal3_noqrc_Offgrid: metal3_noqrc layer is Offgrid (All features are on a drawing grid of 5 nm)</description>
   <categories>
   </categories>
  </category>
  <category>
   <name>metal3_res_Offgrid</name>
   <description>3.1 metal3_res_Offgrid: metal3_res layer is Offgrid (All features are on a drawing grid of 5 nm)</description>
   <categories>
   </categories>
  </category>
  <category>
   <name>metal3_iprobe_Offgrid</name>
   <description>3.1 metal3_iprobe_Offgrid: metal3_iprobe layer is Offgrid (All features are on a drawing grid of 5 nm)</description>
   <categories>
   </categories>
  </category>
  <category>
   <name>metal3_diffprb_Offgrid</name>
   <description>3.1 metal3_diffprb_Offgrid: metal3_diffprb layer is Offgrid (All features are on a drawing grid of 5 nm)</description>
   <categories>
   </categories>
  </category>
  <category>
   <name>nwell_drw_Offgrid</name>
   <description>3.1 nwell_drw_Offgrid: nwell_drw layer is Offgrid (All features are on a drawing grid of 5 nm)</description>
   <categories>
   </categories>
  </category>
  <category>
   <name>nwell_pin_Offgrid</name>
   <description>3.1 nwell_pin_Offgrid: nwell_pin layer is Offgrid (All features are on a drawing grid of 5 nm)</description>
   <categories>
   </categories>
  </category>
  <category>
   <name>nbulay_drw_Offgrid</name>
   <description>3.1 nbulay_drw_Offgrid: nbulay_drw layer is Offgrid (All features are on a drawing grid of 5 nm)</description>
   <categories>
   </categories>
  </category>
  <category>
   <name>nbulay_pin_Offgrid</name>
   <description>3.1 nbulay_pin_Offgrid: nbulay_pin layer is Offgrid (All features are on a drawing grid of 5 nm)</description>
   <categories>
   </categories>
  </category>
  <category>
   <name>nbulay_block_Offgrid</name>
   <description>3.1 nbulay_block_Offgrid: nbulay_block layer is Offgrid (All features are on a drawing grid of 5 nm)</description>
   <categories>
   </categories>
  </category>
  <category>
   <name>pwell_drw_Offgrid</name>
   <description>3.1 pwell_drw_Offgrid: pwell_drw layer is Offgrid (All features are on a drawing grid of 5 nm)</description>
   <categories>
   </categories>
  </category>
  <category>
   <name>pwell_pin_Offgrid</name>
   <description>3.1 pwell_pin_Offgrid: pwell_pin layer is Offgrid (All features are on a drawing grid of 5 nm)</description>
   <categories>
   </categories>
  </category>
  <category>
   <name>pwell_block_Offgrid</name>
   <description>3.1 pwell_block_Offgrid: pwell_block layer is Offgrid (All features are on a drawing grid of 5 nm)</description>
   <categories>
   </categories>
  </category>
  <category>
   <name>emwind_drw_Offgrid</name>
   <description>3.1 emwind_drw_Offgrid: emwind_drw layer is Offgrid (All features are on a drawing grid of 5 nm)</description>
   <categories>
   </categories>
  </category>
  <category>
   <name>emwind_opc_Offgrid</name>
   <description>3.1 emwind_opc_Offgrid: emwind_opc layer is Offgrid (All features are on a drawing grid of 5 nm)</description>
   <categories>
   </categories>
  </category>
  <category>
   <name>deepco_drw_Offgrid</name>
   <description>3.1 deepco_drw_Offgrid: deepco_drw layer is Offgrid (All features are on a drawing grid of 5 nm)</description>
   <categories>
   </categories>
  </category>
  <category>
   <name>mim_drw_Offgrid</name>
   <description>3.1 mim_drw_Offgrid: mim_drw layer is Offgrid (All features are on a drawing grid of 5 nm)</description>
   <categories>
   </categories>
  </category>
  <category>
   <name>substrate_drw_Offgrid</name>
   <description>3.1 substrate_drw_Offgrid: substrate_drw layer is Offgrid (All features are on a drawing grid of 5 nm)</description>
   <categories>
   </categories>
  </category>
  <category>
   <name>ic_drw_Offgrid</name>
   <description>3.1 ic_drw_Offgrid: ic_drw layer is Offgrid (All features are on a drawing grid of 5 nm)</description>
   <categories>
   </categories>
  </category>
  <category>
   <name>via3_drw_Offgrid</name>
   <description>3.1 via3_drw_Offgrid: via3_drw layer is Offgrid (All features are on a drawing grid of 5 nm)</description>
   <categories>
   </categories>
  </category>
  <category>
   <name>pldb_drw_Offgrid</name>
   <description>3.1 pldb_drw_Offgrid: pldb_drw layer is Offgrid (All features are on a drawing grid of 5 nm)</description>
   <categories>
   </categories>
  </category>
  <category>
   <name>metal4_drw_Offgrid</name>
   <description>3.1 metal4_drw_Offgrid: metal4_drw layer is Offgrid (All features are on a drawing grid of 5 nm)</description>
   <categories>
   </categories>
  </category>
  <category>
   <name>metal4_pin_Offgrid</name>
   <description>3.1 metal4_pin_Offgrid: metal4_pin layer is Offgrid (All features are on a drawing grid of 5 nm)</description>
   <categories>
   </categories>
  </category>
  <category>
   <name>metal4_mask_Offgrid</name>
   <description>3.1 metal4_mask_Offgrid: metal4_mask layer is Offgrid (All features are on a drawing grid of 5 nm)</description>
   <categories>
   </categories>
  </category>
  <category>
   <name>metal4_filler_Offgrid</name>
   <description>3.1 metal4_filler_Offgrid: metal4_filler layer is Offgrid (All features are on a drawing grid of 5 nm)</description>
   <categories>
   </categories>
  </category>
  <category>
   <name>metal4_nofill_Offgrid</name>
   <description>3.1 metal4_nofill_Offgrid: metal4_nofill layer is Offgrid (All features are on a drawing grid of 5 nm)</description>
   <categories>
   </categories>
  </category>
  <category>
   <name>metal4_slit_Offgrid</name>
   <description>3.1 metal4_slit_Offgrid: metal4_slit layer is Offgrid (All features are on a drawing grid of 5 nm)</description>
   <categories>
   </categories>
  </category>
  <category>
   <name>metal4_opc_Offgrid</name>
   <description>3.1 metal4_opc_Offgrid: metal4_opc layer is Offgrid (All features are on a drawing grid of 5 nm)</description>
   <categories>
   </categories>
  </category>
  <category>
   <name>metal4_noqrc_Offgrid</name>
   <description>3.1 metal4_noqrc_Offgrid: metal4_noqrc layer is Offgrid (All features are on a drawing grid of 5 nm)</description>
   <categories>
   </categories>
  </category>
  <category>
   <name>metal4_res_Offgrid</name>
   <description>3.1 metal4_res_Offgrid: metal4_res layer is Offgrid (All features are on a drawing grid of 5 nm)</description>
   <categories>
   </categories>
  </category>
  <category>
   <name>metal4_iprobe_Offgrid</name>
   <description>3.1 metal4_iprobe_Offgrid: metal4_iprobe layer is Offgrid (All features are on a drawing grid of 5 nm)</description>
   <categories>
   </categories>
  </category>
  <category>
   <name>metal4_diffprb_Offgrid</name>
   <description>3.1 metal4_diffprb_Offgrid: metal4_diffprb layer is Offgrid (All features are on a drawing grid of 5 nm)</description>
   <categories>
   </categories>
  </category>
  <category>
   <name>via4_drw_Offgrid</name>
   <description>3.1 via4_drw_Offgrid: via4_drw layer is Offgrid (All features are on a drawing grid of 5 nm)</description>
   <categories>
   </categories>
  </category>
  <category>
   <name>metal5_drw_Offgrid</name>
   <description>3.1 metal5_drw_Offgrid: metal5_drw layer is Offgrid (All features are on a drawing grid of 5 nm)</description>
   <categories>
   </categories>
  </category>
  <category>
   <name>metal5_pin_Offgrid</name>
   <description>3.1 metal5_pin_Offgrid: metal5_pin layer is Offgrid (All features are on a drawing grid of 5 nm)</description>
   <categories>
   </categories>
  </category>
  <category>
   <name>metal5_mask_Offgrid</name>
   <description>3.1 metal5_mask_Offgrid: metal5_mask layer is Offgrid (All features are on a drawing grid of 5 nm)</description>
   <categories>
   </categories>
  </category>
  <category>
   <name>metal5_filler_Offgrid</name>
   <description>3.1 metal5_filler_Offgrid: metal5_filler layer is Offgrid (All features are on a drawing grid of 5 nm)</description>
   <categories>
   </categories>
  </category>
  <category>
   <name>metal5_nofill_Offgrid</name>
   <description>3.1 metal5_nofill_Offgrid: metal5_nofill layer is Offgrid (All features are on a drawing grid of 5 nm)</description>
   <categories>
   </categories>
  </category>
  <category>
   <name>metal5_slit_Offgrid</name>
   <description>3.1 metal5_slit_Offgrid: metal5_slit layer is Offgrid (All features are on a drawing grid of 5 nm)</description>
   <categories>
   </categories>
  </category>
  <category>
   <name>metal5_opc_Offgrid</name>
   <description>3.1 metal5_opc_Offgrid: metal5_opc layer is Offgrid (All features are on a drawing grid of 5 nm)</description>
   <categories>
   </categories>
  </category>
  <category>
   <name>metal5_noqrc_Offgrid</name>
   <description>3.1 metal5_noqrc_Offgrid: metal5_noqrc layer is Offgrid (All features are on a drawing grid of 5 nm)</description>
   <categories>
   </categories>
  </category>
  <category>
   <name>metal5_res_Offgrid</name>
   <description>3.1 metal5_res_Offgrid: metal5_res layer is Offgrid (All features are on a drawing grid of 5 nm)</description>
   <categories>
   </categories>
  </category>
  <category>
   <name>metal5_iprobe_Offgrid</name>
   <description>3.1 metal5_iprobe_Offgrid: metal5_iprobe layer is Offgrid (All features are on a drawing grid of 5 nm)</description>
   <categories>
   </categories>
  </category>
  <category>
   <name>metal5_diffprb_Offgrid</name>
   <description>3.1 metal5_diffprb_Offgrid: metal5_diffprb layer is Offgrid (All features are on a drawing grid of 5 nm)</description>
   <categories>
   </categories>
  </category>
  <category>
   <name>prboundary_drw_Offgrid</name>
   <description>3.1 prboundary_drw_Offgrid: prboundary_drw layer is Offgrid (All features are on a drawing grid of 5 nm)</description>
   <categories>
   </categories>
  </category>
  <category>
   <name>exchange0_drw_Offgrid</name>
   <description>3.1 exchange0_drw_Offgrid: exchange0_drw layer is Offgrid (All features are on a drawing grid of 5 nm)</description>
   <categories>
   </categories>
  </category>
  <category>
   <name>exchange0_pin_Offgrid</name>
   <description>3.1 exchange0_pin_Offgrid: exchange0_pin layer is Offgrid (All features are on a drawing grid of 5 nm)</description>
   <categories>
   </categories>
  </category>
  <category>
   <name>exchange1_drw_Offgrid</name>
   <description>3.1 exchange1_drw_Offgrid: exchange1_drw layer is Offgrid (All features are on a drawing grid of 5 nm)</description>
   <categories>
   </categories>
  </category>
  <category>
   <name>exchange1_pin_Offgrid</name>
   <description>3.1 exchange1_pin_Offgrid: exchange1_pin layer is Offgrid (All features are on a drawing grid of 5 nm)</description>
   <categories>
   </categories>
  </category>
  <category>
   <name>exchange2_drw_Offgrid</name>
   <description>3.1 exchange2_drw_Offgrid: exchange2_drw layer is Offgrid (All features are on a drawing grid of 5 nm)</description>
   <categories>
   </categories>
  </category>
  <category>
   <name>exchange2_pin_Offgrid</name>
   <description>3.1 exchange2_pin_Offgrid: exchange2_pin layer is Offgrid (All features are on a drawing grid of 5 nm)</description>
   <categories>
   </categories>
  </category>
  <category>
   <name>exchange3_drw_Offgrid</name>
   <description>3.1 exchange3_drw_Offgrid: exchange3_drw layer is Offgrid (All features are on a drawing grid of 5 nm)</description>
   <categories>
   </categories>
  </category>
  <category>
   <name>exchange3_pin_Offgrid</name>
   <description>3.1 exchange3_pin_Offgrid: exchange3_pin layer is Offgrid (All features are on a drawing grid of 5 nm)</description>
   <categories>
   </categories>
  </category>
  <category>
   <name>exchange4_drw_Offgrid</name>
   <description>3.1 exchange4_drw_Offgrid: exchange4_drw layer is Offgrid (All features are on a drawing grid of 5 nm)</description>
   <categories>
   </categories>
  </category>
  <category>
   <name>exchange4_pin_Offgrid</name>
   <description>3.1 exchange4_pin_Offgrid: exchange4_pin layer is Offgrid (All features are on a drawing grid of 5 nm)</description>
   <categories>
   </categories>
  </category>
  <category>
   <name>isonwell_drw_Offgrid</name>
   <description>3.1 isonwell_drw_Offgrid: isonwell_drw layer is Offgrid (All features are on a drawing grid of 5 nm)</description>
   <categories>
   </categories>
  </category>
  <category>
   <name>thickgateox_drw_Offgrid</name>
   <description>3.1 thickgateox_drw_Offgrid: thickgateox_drw layer is Offgrid (All features are on a drawing grid of 5 nm)</description>
   <categories>
   </categories>
  </category>
  <category>
   <name>pempoly_drw_Offgrid</name>
   <description>3.1 pempoly_drw_Offgrid: pempoly_drw layer is Offgrid (All features are on a drawing grid of 5 nm)</description>
   <categories>
   </categories>
  </category>
  <category>
   <name>fbe_drw_Offgrid</name>
   <description>3.1 fbe_drw_Offgrid: fbe_drw layer is Offgrid (All features are on a drawing grid of 5 nm)</description>
   <categories>
   </categories>
  </category>
  <category>
   <name>empoly_drw_Offgrid</name>
   <description>3.1 empoly_drw_Offgrid: empoly_drw layer is Offgrid (All features are on a drawing grid of 5 nm)</description>
   <categories>
   </categories>
  </category>
  <category>
   <name>ldmos_drw_Offgrid</name>
   <description>3.1 ldmos_drw_Offgrid: ldmos_drw layer is Offgrid (All features are on a drawing grid of 5 nm)</description>
   <categories>
   </categories>
  </category>
  <category>
   <name>pbiwind_drw_Offgrid</name>
   <description>3.1 pbiwind_drw_Offgrid: pbiwind_drw layer is Offgrid (All features are on a drawing grid of 5 nm)</description>
   <categories>
   </categories>
  </category>
  <category>
   <name>colopen_drw_Offgrid</name>
   <description>3.1 colopen_drw_Offgrid: colopen_drw layer is Offgrid (All features are on a drawing grid of 5 nm)</description>
   <categories>
   </categories>
  </category>
  <category>
   <name>extblock_drw_Offgrid</name>
   <description>3.1 extblock_drw_Offgrid: extblock_drw layer is Offgrid (All features are on a drawing grid of 5 nm)</description>
   <categories>
   </categories>
  </category>
  <category>
   <name>nldd_drw_Offgrid</name>
   <description>3.1 nldd_drw_Offgrid: nldd_drw layer is Offgrid (All features are on a drawing grid of 5 nm)</description>
   <categories>
   </categories>
  </category>
  <category>
   <name>pldd_drw_Offgrid</name>
   <description>3.1 pldd_drw_Offgrid: pldd_drw layer is Offgrid (All features are on a drawing grid of 5 nm)</description>
   <categories>
   </categories>
  </category>
  <category>
   <name>next_drw_Offgrid</name>
   <description>3.1 next_drw_Offgrid: next_drw layer is Offgrid (All features are on a drawing grid of 5 nm)</description>
   <categories>
   </categories>
  </category>
  <category>
   <name>pext_drw_Offgrid</name>
   <description>3.1 pext_drw_Offgrid: pext_drw layer is Offgrid (All features are on a drawing grid of 5 nm)</description>
   <categories>
   </categories>
  </category>
  <category>
   <name>nexthv_drw_Offgrid</name>
   <description>3.1 nexthv_drw_Offgrid: nexthv_drw layer is Offgrid (All features are on a drawing grid of 5 nm)</description>
   <categories>
   </categories>
  </category>
  <category>
   <name>pexthv_drw_Offgrid</name>
   <description>3.1 pexthv_drw_Offgrid: pexthv_drw layer is Offgrid (All features are on a drawing grid of 5 nm)</description>
   <categories>
   </categories>
  </category>
  <category>
   <name>graphgate_drw_Offgrid</name>
   <description>3.1 graphgate_drw_Offgrid: graphgate_drw layer is Offgrid (All features are on a drawing grid of 5 nm)</description>
   <categories>
   </categories>
  </category>
  <category>
   <name>mempad_drw_Offgrid</name>
   <description>3.1 mempad_drw_Offgrid: mempad_drw layer is Offgrid (All features are on a drawing grid of 5 nm)</description>
   <categories>
   </categories>
  </category>
  <category>
   <name>topvia1_drw_Offgrid</name>
   <description>3.1 topvia1_drw_Offgrid: topvia1_drw layer is Offgrid (All features are on a drawing grid of 5 nm)</description>
   <categories>
   </categories>
  </category>
  <category>
   <name>topmetal1_drw_Offgrid</name>
   <description>3.1 topmetal1_drw_Offgrid: topmetal1_drw layer is Offgrid (All features are on a drawing grid of 5 nm)</description>
   <categories>
   </categories>
  </category>
  <category>
   <name>topmetal1_pin_Offgrid</name>
   <description>3.1 topmetal1_pin_Offgrid: topmetal1_pin layer is Offgrid (All features are on a drawing grid of 5 nm)</description>
   <categories>
   </categories>
  </category>
  <category>
   <name>topmetal1_mask_Offgrid</name>
   <description>3.1 topmetal1_mask_Offgrid: topmetal1_mask layer is Offgrid (All features are on a drawing grid of 5 nm)</description>
   <categories>
   </categories>
  </category>
  <category>
   <name>topmetal1_filler_Offgrid</name>
   <description>3.1 topmetal1_filler_Offgrid: topmetal1_filler layer is Offgrid (All features are on a drawing grid of 5 nm)</description>
   <categories>
   </categories>
  </category>
  <category>
   <name>topmetal1_nofill_Offgrid</name>
   <description>3.1 topmetal1_nofill_Offgrid: topmetal1_nofill layer is Offgrid (All features are on a drawing grid of 5 nm)</description>
   <categories>
   </categories>
  </category>
  <category>
   <name>topmetal1_slit_Offgrid</name>
   <description>3.1 topmetal1_slit_Offgrid: topmetal1_slit layer is Offgrid (All features are on a drawing grid of 5 nm)</description>
   <categories>
   </categories>
  </category>
  <category>
   <name>topmetal1_noqrc_Offgrid</name>
   <description>3.1 topmetal1_noqrc_Offgrid: topmetal1_noqrc layer is Offgrid (All features are on a drawing grid of 5 nm)</description>
   <categories>
   </categories>
  </category>
  <category>
   <name>topmetal1_res_Offgrid</name>
   <description>3.1 topmetal1_res_Offgrid: topmetal1_res layer is Offgrid (All features are on a drawing grid of 5 nm)</description>
   <categories>
   </categories>
  </category>
  <category>
   <name>topmetal1_iprobe_Offgrid</name>
   <description>3.1 topmetal1_iprobe_Offgrid: topmetal1_iprobe layer is Offgrid (All features are on a drawing grid of 5 nm)</description>
   <categories>
   </categories>
  </category>
  <category>
   <name>topmetal1_diffprb_Offgrid</name>
   <description>3.1 topmetal1_diffprb_Offgrid: topmetal1_diffprb layer is Offgrid (All features are on a drawing grid of 5 nm)</description>
   <categories>
   </categories>
  </category>
  <category>
   <name>inldpwl_drw_Offgrid</name>
   <description>3.1 inldpwl_drw_Offgrid: inldpwl_drw layer is Offgrid (All features are on a drawing grid of 5 nm)</description>
   <categories>
   </categories>
  </category>
  <category>
   <name>polyres_drw_Offgrid</name>
   <description>3.1 polyres_drw_Offgrid: polyres_drw layer is Offgrid (All features are on a drawing grid of 5 nm)</description>
   <categories>
   </categories>
  </category>
  <category>
   <name>polyres_pin_Offgrid</name>
   <description>3.1 polyres_pin_Offgrid: polyres_pin layer is Offgrid (All features are on a drawing grid of 5 nm)</description>
   <categories>
   </categories>
  </category>
  <category>
   <name>vmim_drw_Offgrid</name>
   <description>3.1 vmim_drw_Offgrid: vmim_drw layer is Offgrid (All features are on a drawing grid of 5 nm)</description>
   <categories>
   </categories>
  </category>
  <category>
   <name>nbulaycut_drw_Offgrid</name>
   <description>3.1 nbulaycut_drw_Offgrid: nbulaycut_drw layer is Offgrid (All features are on a drawing grid of 5 nm)</description>
   <categories>
   </categories>
  </category>
  <category>
   <name>antmetal1_drw_Offgrid</name>
   <description>3.1 antmetal1_drw_Offgrid: antmetal1_drw layer is Offgrid (All features are on a drawing grid of 5 nm)</description>
   <categories>
   </categories>
  </category>
  <category>
   <name>topvia2_drw_Offgrid</name>
   <description>3.1 topvia2_drw_Offgrid: topvia2_drw layer is Offgrid (All features are on a drawing grid of 5 nm)</description>
   <categories>
   </categories>
  </category>
  <category>
   <name>topmetal2_drw_Offgrid</name>
   <description>3.1 topmetal2_drw_Offgrid: topmetal2_drw layer is Offgrid (All features are on a drawing grid of 5 nm)</description>
   <categories>
   </categories>
  </category>
  <category>
   <name>topmetal2_pin_Offgrid</name>
   <description>3.1 topmetal2_pin_Offgrid: topmetal2_pin layer is Offgrid (All features are on a drawing grid of 5 nm)</description>
   <categories>
   </categories>
  </category>
  <category>
   <name>topmetal2_mask_Offgrid</name>
   <description>3.1 topmetal2_mask_Offgrid: topmetal2_mask layer is Offgrid (All features are on a drawing grid of 5 nm)</description>
   <categories>
   </categories>
  </category>
  <category>
   <name>topmetal2_filler_Offgrid</name>
   <description>3.1 topmetal2_filler_Offgrid: topmetal2_filler layer is Offgrid (All features are on a drawing grid of 5 nm)</description>
   <categories>
   </categories>
  </category>
  <category>
   <name>topmetal2_nofill_Offgrid</name>
   <description>3.1 topmetal2_nofill_Offgrid: topmetal2_nofill layer is Offgrid (All features are on a drawing grid of 5 nm)</description>
   <categories>
   </categories>
  </category>
  <category>
   <name>topmetal2_slit_Offgrid</name>
   <description>3.1 topmetal2_slit_Offgrid: topmetal2_slit layer is Offgrid (All features are on a drawing grid of 5 nm)</description>
   <categories>
   </categories>
  </category>
  <category>
   <name>topmetal2_noqrc_Offgrid</name>
   <description>3.1 topmetal2_noqrc_Offgrid: topmetal2_noqrc layer is Offgrid (All features are on a drawing grid of 5 nm)</description>
   <categories>
   </categories>
  </category>
  <category>
   <name>topmetal2_res_Offgrid</name>
   <description>3.1 topmetal2_res_Offgrid: topmetal2_res layer is Offgrid (All features are on a drawing grid of 5 nm)</description>
   <categories>
   </categories>
  </category>
  <category>
   <name>topmetal2_iprobe_Offgrid</name>
   <description>3.1 topmetal2_iprobe_Offgrid: topmetal2_iprobe layer is Offgrid (All features are on a drawing grid of 5 nm)</description>
   <categories>
   </categories>
  </category>
  <category>
   <name>topmetal2_diffprb_Offgrid</name>
   <description>3.1 topmetal2_diffprb_Offgrid: topmetal2_diffprb layer is Offgrid (All features are on a drawing grid of 5 nm)</description>
   <categories>
   </categories>
  </category>
  <category>
   <name>snsring_drw_Offgrid</name>
   <description>3.1 snsring_drw_Offgrid: snsring_drw layer is Offgrid (All features are on a drawing grid of 5 nm)</description>
   <categories>
   </categories>
  </category>
  <category>
   <name>sensor_drw_Offgrid</name>
   <description>3.1 sensor_drw_Offgrid: sensor_drw layer is Offgrid (All features are on a drawing grid of 5 nm)</description>
   <categories>
   </categories>
  </category>
  <category>
   <name>snsarms_drw_Offgrid</name>
   <description>3.1 snsarms_drw_Offgrid: snsarms_drw layer is Offgrid (All features are on a drawing grid of 5 nm)</description>
   <categories>
   </categories>
  </category>
  <category>
   <name>snscmosvia_drw_Offgrid</name>
   <description>3.1 snscmosvia_drw_Offgrid: snscmosvia_drw layer is Offgrid (All features are on a drawing grid of 5 nm)</description>
   <categories>
   </categories>
  </category>
  <category>
   <name>colwind_drw_Offgrid</name>
   <description>3.1 colwind_drw_Offgrid: colwind_drw layer is Offgrid (All features are on a drawing grid of 5 nm)</description>
   <categories>
   </categories>
  </category>
  <category>
   <name>flm_drw_Offgrid</name>
   <description>3.1 flm_drw_Offgrid: flm_drw layer is Offgrid (All features are on a drawing grid of 5 nm)</description>
   <categories>
   </categories>
  </category>
  <category>
   <name>hafniumox_drw_Offgrid</name>
   <description>3.1 hafniumox_drw_Offgrid: hafniumox_drw layer is Offgrid (All features are on a drawing grid of 5 nm)</description>
   <categories>
   </categories>
  </category>
  <category>
   <name>memvia_drw_Offgrid</name>
   <description>3.1 memvia_drw_Offgrid: memvia_drw layer is Offgrid (All features are on a drawing grid of 5 nm)</description>
   <categories>
   </categories>
  </category>
  <category>
   <name>thinfilmres_drw_Offgrid</name>
   <description>3.1 thinfilmres_drw_Offgrid: thinfilmres_drw layer is Offgrid (All features are on a drawing grid of 5 nm)</description>
   <categories>
   </categories>
  </category>
  <category>
   <name>rfmem_drw_Offgrid</name>
   <description>3.1 rfmem_drw_Offgrid: rfmem_drw layer is Offgrid (All features are on a drawing grid of 5 nm)</description>
   <categories>
   </categories>
  </category>
  <category>
   <name>snsbotvia_drw_Offgrid</name>
   <description>3.1 snsbotvia_drw_Offgrid: snsbotvia_drw layer is Offgrid (All features are on a drawing grid of 5 nm)</description>
   <categories>
   </categories>
  </category>
  <category>
   <name>snstopvia_drw_Offgrid</name>
   <description>3.1 snstopvia_drw_Offgrid: snstopvia_drw layer is Offgrid (All features are on a drawing grid of 5 nm)</description>
   <categories>
   </categories>
  </category>
  <category>
   <name>deepvia_drw_Offgrid</name>
   <description>3.1 deepvia_drw_Offgrid: deepvia_drw layer is Offgrid (All features are on a drawing grid of 5 nm)</description>
   <categories>
   </categories>
  </category>
  <category>
   <name>fgetch_drw_Offgrid</name>
   <description>3.1 fgetch_drw_Offgrid: fgetch_drw layer is Offgrid (All features are on a drawing grid of 5 nm)</description>
   <categories>
   </categories>
  </category>
  <category>
   <name>ctrgat_drw_Offgrid</name>
   <description>3.1 ctrgat_drw_Offgrid: ctrgat_drw layer is Offgrid (All features are on a drawing grid of 5 nm)</description>
   <categories>
   </categories>
  </category>
  <category>
   <name>fgimp_drw_Offgrid</name>
   <description>3.1 fgimp_drw_Offgrid: fgimp_drw layer is Offgrid (All features are on a drawing grid of 5 nm)</description>
   <categories>
   </categories>
  </category>
  <category>
   <name>emwihv_drw_Offgrid</name>
   <description>3.1 emwihv_drw_Offgrid: emwihv_drw layer is Offgrid (All features are on a drawing grid of 5 nm)</description>
   <categories>
   </categories>
  </category>
  <category>
   <name>lbe_drw_Offgrid</name>
   <description>3.1 lbe_drw_Offgrid: lbe_drw layer is Offgrid (All features are on a drawing grid of 5 nm)</description>
   <categories>
   </categories>
  </category>
  <category>
   <name>alcustop_drw_Offgrid</name>
   <description>3.1 alcustop_drw_Offgrid: alcustop_drw layer is Offgrid (All features are on a drawing grid of 5 nm)</description>
   <categories>
   </categories>
  </category>
  <category>
   <name>activ_drw_Acute</name>
   <description>3.2 activ_drw_Acute: acute corner angle below 87.0 degree is not allowed.</description>
   <categories>
   </categories>
  </category>
  <category>
   <name>activ_pin_Acute</name>
   <description>3.2 activ_pin_Acute: acute corner angle below 87.0 degree is not allowed.</description>
   <categories>
   </categories>
  </category>
  <category>
   <name>activ_mask_Acute</name>
   <description>3.2 activ_mask_Acute: acute corner angle below 87.0 degree is not allowed.</description>
   <categories>
   </categories>
  </category>
  <category>
   <name>activ_filler_Acute</name>
   <description>3.2 activ_filler_Acute: acute corner angle below 87.0 degree is not allowed.</description>
   <categories>
   </categories>
  </category>
  <category>
   <name>activ_nofill_Acute</name>
   <description>3.2 activ_nofill_Acute: acute corner angle below 87.0 degree is not allowed.</description>
   <categories>
   </categories>
  </category>
  <category>
   <name>activ_opc_Acute</name>
   <description>3.2 activ_opc_Acute: acute corner angle below 87.0 degree is not allowed.</description>
   <categories>
   </categories>
  </category>
  <category>
   <name>activ_iopc_Acute</name>
   <description>3.2 activ_iopc_Acute: acute corner angle below 87.0 degree is not allowed.</description>
   <categories>
   </categories>
  </category>
  <category>
   <name>activ_noqrc_Acute</name>
   <description>3.2 activ_noqrc_Acute: acute corner angle below 87.0 degree is not allowed.</description>
   <categories>
   </categories>
  </category>
  <category>
   <name>biwind_drw_Acute</name>
   <description>3.2 biwind_drw_Acute: acute corner angle below 87.0 degree is not allowed.</description>
   <categories>
   </categories>
  </category>
  <category>
   <name>biwind_opc_Acute</name>
   <description>3.2 biwind_opc_Acute: acute corner angle below 87.0 degree is not allowed.</description>
   <categories>
   </categories>
  </category>
  <category>
   <name>pemwind_drw_Acute</name>
   <description>3.2 pemwind_drw_Acute: acute corner angle below 87.0 degree is not allowed.</description>
   <categories>
   </categories>
  </category>
  <category>
   <name>gatpoly_drw_Acute</name>
   <description>3.2 gatpoly_drw_Acute: acute corner angle below 87.0 degree is not allowed.</description>
   <categories>
   </categories>
  </category>
  <category>
   <name>gatpoly_pin_Acute</name>
   <description>3.2 gatpoly_pin_Acute: acute corner angle below 87.0 degree is not allowed.</description>
   <categories>
   </categories>
  </category>
  <category>
   <name>gatpoly_filler_Acute</name>
   <description>3.2 gatpoly_filler_Acute: acute corner angle below 87.0 degree is not allowed.</description>
   <categories>
   </categories>
  </category>
  <category>
   <name>gatpoly_nofill_Acute</name>
   <description>3.2 gatpoly_nofill_Acute: acute corner angle below 87.0 degree is not allowed.</description>
   <categories>
   </categories>
  </category>
  <category>
   <name>gatpoly_opc_Acute</name>
   <description>3.2 gatpoly_opc_Acute: acute corner angle below 87.0 degree is not allowed.</description>
   <categories>
   </categories>
  </category>
  <category>
   <name>gatpoly_iopc_Acute</name>
   <description>3.2 gatpoly_iopc_Acute: acute corner angle below 87.0 degree is not allowed.</description>
   <categories>
   </categories>
  </category>
  <category>
   <name>gatpoly_noqrc_Acute</name>
   <description>3.2 gatpoly_noqrc_Acute: acute corner angle below 87.0 degree is not allowed.</description>
   <categories>
   </categories>
  </category>
  <category>
   <name>cont_drw_Acute</name>
   <description>3.2 cont_drw_Acute: acute corner angle below 87.0 degree is not allowed.</description>
   <categories>
   </categories>
  </category>
  <category>
   <name>cont_opc_Acute</name>
   <description>3.2 cont_opc_Acute: acute corner angle below 87.0 degree is not allowed.</description>
   <categories>
   </categories>
  </category>
  <category>
   <name>nsd_drw_Acute</name>
   <description>3.2 nsd_drw_Acute: acute corner angle below 87.0 degree is not allowed.</description>
   <categories>
   </categories>
  </category>
  <category>
   <name>nsd_block_Acute</name>
   <description>3.2 nsd_block_Acute: acute corner angle below 87.0 degree is not allowed.</description>
   <categories>
   </categories>
  </category>
  <category>
   <name>metal1_drw_Acute</name>
   <description>3.2 metal1_drw_Acute: acute corner angle below 87.0 degree is not allowed.</description>
   <categories>
   </categories>
  </category>
  <category>
   <name>metal1_pin_Acute</name>
   <description>3.2 metal1_pin_Acute: acute corner angle below 87.0 degree is not allowed.</description>
   <categories>
   </categories>
  </category>
  <category>
   <name>metal1_mask_Acute</name>
   <description>3.2 metal1_mask_Acute: acute corner angle below 87.0 degree is not allowed.</description>
   <categories>
   </categories>
  </category>
  <category>
   <name>metal1_filler_Acute</name>
   <description>3.2 metal1_filler_Acute: acute corner angle below 87.0 degree is not allowed.</description>
   <categories>
   </categories>
  </category>
  <category>
   <name>metal1_nofill_Acute</name>
   <description>3.2 metal1_nofill_Acute: acute corner angle below 87.0 degree is not allowed.</description>
   <categories>
   </categories>
  </category>
  <category>
   <name>metal1_slit_Acute</name>
   <description>3.2 metal1_slit_Acute: acute corner angle below 87.0 degree is not allowed.</description>
   <categories>
   </categories>
  </category>
  <category>
   <name>metal1_opc_Acute</name>
   <description>3.2 metal1_opc_Acute: acute corner angle below 87.0 degree is not allowed.</description>
   <categories>
   </categories>
  </category>
  <category>
   <name>metal1_noqrc_Acute</name>
   <description>3.2 metal1_noqrc_Acute: acute corner angle below 87.0 degree is not allowed.</description>
   <categories>
   </categories>
  </category>
  <category>
   <name>metal1_res_Acute</name>
   <description>3.2 metal1_res_Acute: acute corner angle below 87.0 degree is not allowed.</description>
   <categories>
   </categories>
  </category>
  <category>
   <name>metal1_iprobe_Acute</name>
   <description>3.2 metal1_iprobe_Acute: acute corner angle below 87.0 degree is not allowed.</description>
   <categories>
   </categories>
  </category>
  <category>
   <name>metal1_diffprb_Acute</name>
   <description>3.2 metal1_diffprb_Acute: acute corner angle below 87.0 degree is not allowed.</description>
   <categories>
   </categories>
  </category>
  <category>
   <name>passiv_drw_Acute</name>
   <description>3.2 passiv_drw_Acute: acute corner angle below 87.0 degree is not allowed.</description>
   <categories>
   </categories>
  </category>
  <category>
   <name>passiv_pin_Acute</name>
   <description>3.2 passiv_pin_Acute: acute corner angle below 87.0 degree is not allowed.</description>
   <categories>
   </categories>
  </category>
  <category>
   <name>passiv_pillar_Acute</name>
   <description>3.2 passiv_pillar_Acute: acute corner angle below 87.0 degree is not allowed.</description>
   <categories>
   </categories>
  </category>
  <category>
   <name>passiv_sbump_Acute</name>
   <description>3.2 passiv_sbump_Acute: acute corner angle below 87.0 degree is not allowed.</description>
   <categories>
   </categories>
  </category>
  <category>
   <name>passiv_pdl_Acute</name>
   <description>3.2 passiv_pdl_Acute: acute corner angle below 87.0 degree is not allowed.</description>
   <categories>
   </categories>
  </category>
  <category>
   <name>metal2_drw_Acute</name>
   <description>3.2 metal2_drw_Acute: acute corner angle below 87.0 degree is not allowed.</description>
   <categories>
   </categories>
  </category>
  <category>
   <name>metal2_pin_Acute</name>
   <description>3.2 metal2_pin_Acute: acute corner angle below 87.0 degree is not allowed.</description>
   <categories>
   </categories>
  </category>
  <category>
   <name>metal2_mask_Acute</name>
   <description>3.2 metal2_mask_Acute: acute corner angle below 87.0 degree is not allowed.</description>
   <categories>
   </categories>
  </category>
  <category>
   <name>metal2_filler_Acute</name>
   <description>3.2 metal2_filler_Acute: acute corner angle below 87.0 degree is not allowed.</description>
   <categories>
   </categories>
  </category>
  <category>
   <name>metal2_nofill_Acute</name>
   <description>3.2 metal2_nofill_Acute: acute corner angle below 87.0 degree is not allowed.</description>
   <categories>
   </categories>
  </category>
  <category>
   <name>metal2_slit_Acute</name>
   <description>3.2 metal2_slit_Acute: acute corner angle below 87.0 degree is not allowed.</description>
   <categories>
   </categories>
  </category>
  <category>
   <name>metal2_opc_Acute</name>
   <description>3.2 metal2_opc_Acute: acute corner angle below 87.0 degree is not allowed.</description>
   <categories>
   </categories>
  </category>
  <category>
   <name>metal2_noqrc_Acute</name>
   <description>3.2 metal2_noqrc_Acute: acute corner angle below 87.0 degree is not allowed.</description>
   <categories>
   </categories>
  </category>
  <category>
   <name>metal2_res_Acute</name>
   <description>3.2 metal2_res_Acute: acute corner angle below 87.0 degree is not allowed.</description>
   <categories>
   </categories>
  </category>
  <category>
   <name>metal2_iprobe_Acute</name>
   <description>3.2 metal2_iprobe_Acute: acute corner angle below 87.0 degree is not allowed.</description>
   <categories>
   </categories>
  </category>
  <category>
   <name>metal2_diffprb_Acute</name>
   <description>3.2 metal2_diffprb_Acute: acute corner angle below 87.0 degree is not allowed.</description>
   <categories>
   </categories>
  </category>
  <category>
   <name>baspoly_drw_Acute</name>
   <description>3.2 baspoly_drw_Acute: acute corner angle below 87.0 degree is not allowed.</description>
   <categories>
   </categories>
  </category>
  <category>
   <name>baspoly_pin_Acute</name>
   <description>3.2 baspoly_pin_Acute: acute corner angle below 87.0 degree is not allowed.</description>
   <categories>
   </categories>
  </category>
  <category>
   <name>psd_drw_Acute</name>
   <description>3.2 psd_drw_Acute: acute corner angle below 87.0 degree is not allowed.</description>
   <categories>
   </categories>
  </category>
  <category>
   <name>nldb_drw_Acute</name>
   <description>3.2 nldb_drw_Acute: acute corner angle below 87.0 degree is not allowed.</description>
   <categories>
   </categories>
  </category>
  <category>
   <name>via1_drw_Acute</name>
   <description>3.2 via1_drw_Acute: acute corner angle below 87.0 degree is not allowed.</description>
   <categories>
   </categories>
  </category>
  <category>
   <name>backmetal1_drw_Acute</name>
   <description>3.2 backmetal1_drw_Acute: acute corner angle below 87.0 degree is not allowed.</description>
   <categories>
   </categories>
  </category>
  <category>
   <name>backmetal1_pin_Acute</name>
   <description>3.2 backmetal1_pin_Acute: acute corner angle below 87.0 degree is not allowed.</description>
   <categories>
   </categories>
  </category>
  <category>
   <name>backmetal1_mask_Acute</name>
   <description>3.2 backmetal1_mask_Acute: acute corner angle below 87.0 degree is not allowed.</description>
   <categories>
   </categories>
  </category>
  <category>
   <name>backmetal1_filler_Acute</name>
   <description>3.2 backmetal1_filler_Acute: acute corner angle below 87.0 degree is not allowed.</description>
   <categories>
   </categories>
  </category>
  <category>
   <name>backmetal1_nofill_Acute</name>
   <description>3.2 backmetal1_nofill_Acute: acute corner angle below 87.0 degree is not allowed.</description>
   <categories>
   </categories>
  </category>
  <category>
   <name>backmetal1_slit_Acute</name>
   <description>3.2 backmetal1_slit_Acute: acute corner angle below 87.0 degree is not allowed.</description>
   <categories>
   </categories>
  </category>
  <category>
   <name>backmetal1_opc_Acute</name>
   <description>3.2 backmetal1_opc_Acute: acute corner angle below 87.0 degree is not allowed.</description>
   <categories>
   </categories>
  </category>
  <category>
   <name>backmetal1_noqrc_Acute</name>
   <description>3.2 backmetal1_noqrc_Acute: acute corner angle below 87.0 degree is not allowed.</description>
   <categories>
   </categories>
  </category>
  <category>
   <name>backmetal1_res_Acute</name>
   <description>3.2 backmetal1_res_Acute: acute corner angle below 87.0 degree is not allowed.</description>
   <categories>
   </categories>
  </category>
  <category>
   <name>backmetal1_iprobe_Acute</name>
   <description>3.2 backmetal1_iprobe_Acute: acute corner angle below 87.0 degree is not allowed.</description>
   <categories>
   </categories>
  </category>
  <category>
   <name>backmetal1_diffprb_Acute</name>
   <description>3.2 backmetal1_diffprb_Acute: acute corner angle below 87.0 degree is not allowed.</description>
   <categories>
   </categories>
  </category>
  <category>
   <name>backpassiv_drw_Acute</name>
   <description>3.2 backpassiv_drw_Acute: acute corner angle below 87.0 degree is not allowed.</description>
   <categories>
   </categories>
  </category>
  <category>
   <name>salblock_drw_Acute</name>
   <description>3.2 salblock_drw_Acute: acute corner angle below 87.0 degree is not allowed.</description>
   <categories>
   </categories>
  </category>
  <category>
   <name>via2_drw_Acute</name>
   <description>3.2 via2_drw_Acute: acute corner angle below 87.0 degree is not allowed.</description>
   <categories>
   </categories>
  </category>
  <category>
   <name>metal3_drw_Acute</name>
   <description>3.2 metal3_drw_Acute: acute corner angle below 87.0 degree is not allowed.</description>
   <categories>
   </categories>
  </category>
  <category>
   <name>metal3_pin_Acute</name>
   <description>3.2 metal3_pin_Acute: acute corner angle below 87.0 degree is not allowed.</description>
   <categories>
   </categories>
  </category>
  <category>
   <name>metal3_mask_Acute</name>
   <description>3.2 metal3_mask_Acute: acute corner angle below 87.0 degree is not allowed.</description>
   <categories>
   </categories>
  </category>
  <category>
   <name>metal3_filler_Acute</name>
   <description>3.2 metal3_filler_Acute: acute corner angle below 87.0 degree is not allowed.</description>
   <categories>
   </categories>
  </category>
  <category>
   <name>metal3_nofill_Acute</name>
   <description>3.2 metal3_nofill_Acute: acute corner angle below 87.0 degree is not allowed.</description>
   <categories>
   </categories>
  </category>
  <category>
   <name>metal3_slit_Acute</name>
   <description>3.2 metal3_slit_Acute: acute corner angle below 87.0 degree is not allowed.</description>
   <categories>
   </categories>
  </category>
  <category>
   <name>metal3_opc_Acute</name>
   <description>3.2 metal3_opc_Acute: acute corner angle below 87.0 degree is not allowed.</description>
   <categories>
   </categories>
  </category>
  <category>
   <name>metal3_noqrc_Acute</name>
   <description>3.2 metal3_noqrc_Acute: acute corner angle below 87.0 degree is not allowed.</description>
   <categories>
   </categories>
  </category>
  <category>
   <name>metal3_res_Acute</name>
   <description>3.2 metal3_res_Acute: acute corner angle below 87.0 degree is not allowed.</description>
   <categories>
   </categories>
  </category>
  <category>
   <name>metal3_iprobe_Acute</name>
   <description>3.2 metal3_iprobe_Acute: acute corner angle below 87.0 degree is not allowed.</description>
   <categories>
   </categories>
  </category>
  <category>
   <name>metal3_diffprb_Acute</name>
   <description>3.2 metal3_diffprb_Acute: acute corner angle below 87.0 degree is not allowed.</description>
   <categories>
   </categories>
  </category>
  <category>
   <name>nwell_drw_Acute</name>
   <description>3.2 nwell_drw_Acute: acute corner angle below 87.0 degree is not allowed.</description>
   <categories>
   </categories>
  </category>
  <category>
   <name>nwell_pin_Acute</name>
   <description>3.2 nwell_pin_Acute: acute corner angle below 87.0 degree is not allowed.</description>
   <categories>
   </categories>
  </category>
  <category>
   <name>nbulay_drw_Acute</name>
   <description>3.2 nbulay_drw_Acute: acute corner angle below 87.0 degree is not allowed.</description>
   <categories>
   </categories>
  </category>
  <category>
   <name>nbulay_pin_Acute</name>
   <description>3.2 nbulay_pin_Acute: acute corner angle below 87.0 degree is not allowed.</description>
   <categories>
   </categories>
  </category>
  <category>
   <name>nbulay_block_Acute</name>
   <description>3.2 nbulay_block_Acute: acute corner angle below 87.0 degree is not allowed.</description>
   <categories>
   </categories>
  </category>
  <category>
   <name>pwell_drw_Acute</name>
   <description>3.2 pwell_drw_Acute: acute corner angle below 87.0 degree is not allowed.</description>
   <categories>
   </categories>
  </category>
  <category>
   <name>pwell_pin_Acute</name>
   <description>3.2 pwell_pin_Acute: acute corner angle below 87.0 degree is not allowed.</description>
   <categories>
   </categories>
  </category>
  <category>
   <name>pwell_block_Acute</name>
   <description>3.2 pwell_block_Acute: acute corner angle below 87.0 degree is not allowed.</description>
   <categories>
   </categories>
  </category>
  <category>
   <name>emwind_drw_Acute</name>
   <description>3.2 emwind_drw_Acute: acute corner angle below 87.0 degree is not allowed.</description>
   <categories>
   </categories>
  </category>
  <category>
   <name>emwind_opc_Acute</name>
   <description>3.2 emwind_opc_Acute: acute corner angle below 87.0 degree is not allowed.</description>
   <categories>
   </categories>
  </category>
  <category>
   <name>deepco_drw_Acute</name>
   <description>3.2 deepco_drw_Acute: acute corner angle below 87.0 degree is not allowed.</description>
   <categories>
   </categories>
  </category>
  <category>
   <name>mim_drw_Acute</name>
   <description>3.2 mim_drw_Acute: acute corner angle below 87.0 degree is not allowed.</description>
   <categories>
   </categories>
  </category>
  <category>
   <name>substrate_drw_Acute</name>
   <description>3.2 substrate_drw_Acute: acute corner angle below 87.0 degree is not allowed.</description>
   <categories>
   </categories>
  </category>
  <category>
   <name>ic_drw_Acute</name>
   <description>3.2 ic_drw_Acute: acute corner angle below 87.0 degree is not allowed.</description>
   <categories>
   </categories>
  </category>
  <category>
   <name>via3_drw_Acute</name>
   <description>3.2 via3_drw_Acute: acute corner angle below 87.0 degree is not allowed.</description>
   <categories>
   </categories>
  </category>
  <category>
   <name>pldb_drw_Acute</name>
   <description>3.2 pldb_drw_Acute: acute corner angle below 87.0 degree is not allowed.</description>
   <categories>
   </categories>
  </category>
  <category>
   <name>metal4_drw_Acute</name>
   <description>3.2 metal4_drw_Acute: acute corner angle below 87.0 degree is not allowed.</description>
   <categories>
   </categories>
  </category>
  <category>
   <name>metal4_pin_Acute</name>
   <description>3.2 metal4_pin_Acute: acute corner angle below 87.0 degree is not allowed.</description>
   <categories>
   </categories>
  </category>
  <category>
   <name>metal4_mask_Acute</name>
   <description>3.2 metal4_mask_Acute: acute corner angle below 87.0 degree is not allowed.</description>
   <categories>
   </categories>
  </category>
  <category>
   <name>metal4_filler_Acute</name>
   <description>3.2 metal4_filler_Acute: acute corner angle below 87.0 degree is not allowed.</description>
   <categories>
   </categories>
  </category>
  <category>
   <name>metal4_nofill_Acute</name>
   <description>3.2 metal4_nofill_Acute: acute corner angle below 87.0 degree is not allowed.</description>
   <categories>
   </categories>
  </category>
  <category>
   <name>metal4_slit_Acute</name>
   <description>3.2 metal4_slit_Acute: acute corner angle below 87.0 degree is not allowed.</description>
   <categories>
   </categories>
  </category>
  <category>
   <name>metal4_opc_Acute</name>
   <description>3.2 metal4_opc_Acute: acute corner angle below 87.0 degree is not allowed.</description>
   <categories>
   </categories>
  </category>
  <category>
   <name>metal4_noqrc_Acute</name>
   <description>3.2 metal4_noqrc_Acute: acute corner angle below 87.0 degree is not allowed.</description>
   <categories>
   </categories>
  </category>
  <category>
   <name>metal4_res_Acute</name>
   <description>3.2 metal4_res_Acute: acute corner angle below 87.0 degree is not allowed.</description>
   <categories>
   </categories>
  </category>
  <category>
   <name>metal4_iprobe_Acute</name>
   <description>3.2 metal4_iprobe_Acute: acute corner angle below 87.0 degree is not allowed.</description>
   <categories>
   </categories>
  </category>
  <category>
   <name>metal4_diffprb_Acute</name>
   <description>3.2 metal4_diffprb_Acute: acute corner angle below 87.0 degree is not allowed.</description>
   <categories>
   </categories>
  </category>
  <category>
   <name>via4_drw_Acute</name>
   <description>3.2 via4_drw_Acute: acute corner angle below 87.0 degree is not allowed.</description>
   <categories>
   </categories>
  </category>
  <category>
   <name>metal5_drw_Acute</name>
   <description>3.2 metal5_drw_Acute: acute corner angle below 87.0 degree is not allowed.</description>
   <categories>
   </categories>
  </category>
  <category>
   <name>metal5_pin_Acute</name>
   <description>3.2 metal5_pin_Acute: acute corner angle below 87.0 degree is not allowed.</description>
   <categories>
   </categories>
  </category>
  <category>
   <name>metal5_mask_Acute</name>
   <description>3.2 metal5_mask_Acute: acute corner angle below 87.0 degree is not allowed.</description>
   <categories>
   </categories>
  </category>
  <category>
   <name>metal5_filler_Acute</name>
   <description>3.2 metal5_filler_Acute: acute corner angle below 87.0 degree is not allowed.</description>
   <categories>
   </categories>
  </category>
  <category>
   <name>metal5_nofill_Acute</name>
   <description>3.2 metal5_nofill_Acute: acute corner angle below 87.0 degree is not allowed.</description>
   <categories>
   </categories>
  </category>
  <category>
   <name>metal5_slit_Acute</name>
   <description>3.2 metal5_slit_Acute: acute corner angle below 87.0 degree is not allowed.</description>
   <categories>
   </categories>
  </category>
  <category>
   <name>metal5_opc_Acute</name>
   <description>3.2 metal5_opc_Acute: acute corner angle below 87.0 degree is not allowed.</description>
   <categories>
   </categories>
  </category>
  <category>
   <name>metal5_noqrc_Acute</name>
   <description>3.2 metal5_noqrc_Acute: acute corner angle below 87.0 degree is not allowed.</description>
   <categories>
   </categories>
  </category>
  <category>
   <name>metal5_res_Acute</name>
   <description>3.2 metal5_res_Acute: acute corner angle below 87.0 degree is not allowed.</description>
   <categories>
   </categories>
  </category>
  <category>
   <name>metal5_iprobe_Acute</name>
   <description>3.2 metal5_iprobe_Acute: acute corner angle below 87.0 degree is not allowed.</description>
   <categories>
   </categories>
  </category>
  <category>
   <name>metal5_diffprb_Acute</name>
   <description>3.2 metal5_diffprb_Acute: acute corner angle below 87.0 degree is not allowed.</description>
   <categories>
   </categories>
  </category>
  <category>
   <name>prboundary_drw_Acute</name>
   <description>3.2 prboundary_drw_Acute: acute corner angle below 87.0 degree is not allowed.</description>
   <categories>
   </categories>
  </category>
  <category>
   <name>exchange0_drw_Acute</name>
   <description>3.2 exchange0_drw_Acute: acute corner angle below 87.0 degree is not allowed.</description>
   <categories>
   </categories>
  </category>
  <category>
   <name>exchange0_pin_Acute</name>
   <description>3.2 exchange0_pin_Acute: acute corner angle below 87.0 degree is not allowed.</description>
   <categories>
   </categories>
  </category>
  <category>
   <name>exchange1_drw_Acute</name>
   <description>3.2 exchange1_drw_Acute: acute corner angle below 87.0 degree is not allowed.</description>
   <categories>
   </categories>
  </category>
  <category>
   <name>exchange1_pin_Acute</name>
   <description>3.2 exchange1_pin_Acute: acute corner angle below 87.0 degree is not allowed.</description>
   <categories>
   </categories>
  </category>
  <category>
   <name>exchange2_drw_Acute</name>
   <description>3.2 exchange2_drw_Acute: acute corner angle below 87.0 degree is not allowed.</description>
   <categories>
   </categories>
  </category>
  <category>
   <name>exchange2_pin_Acute</name>
   <description>3.2 exchange2_pin_Acute: acute corner angle below 87.0 degree is not allowed.</description>
   <categories>
   </categories>
  </category>
  <category>
   <name>exchange3_drw_Acute</name>
   <description>3.2 exchange3_drw_Acute: acute corner angle below 87.0 degree is not allowed.</description>
   <categories>
   </categories>
  </category>
  <category>
   <name>exchange3_pin_Acute</name>
   <description>3.2 exchange3_pin_Acute: acute corner angle below 87.0 degree is not allowed.</description>
   <categories>
   </categories>
  </category>
  <category>
   <name>exchange4_drw_Acute</name>
   <description>3.2 exchange4_drw_Acute: acute corner angle below 87.0 degree is not allowed.</description>
   <categories>
   </categories>
  </category>
  <category>
   <name>exchange4_pin_Acute</name>
   <description>3.2 exchange4_pin_Acute: acute corner angle below 87.0 degree is not allowed.</description>
   <categories>
   </categories>
  </category>
  <category>
   <name>isonwell_drw_Acute</name>
   <description>3.2 isonwell_drw_Acute: acute corner angle below 87.0 degree is not allowed.</description>
   <categories>
   </categories>
  </category>
  <category>
   <name>thickgateox_drw_Acute</name>
   <description>3.2 thickgateox_drw_Acute: acute corner angle below 87.0 degree is not allowed.</description>
   <categories>
   </categories>
  </category>
  <category>
   <name>pempoly_drw_Acute</name>
   <description>3.2 pempoly_drw_Acute: acute corner angle below 87.0 degree is not allowed.</description>
   <categories>
   </categories>
  </category>
  <category>
   <name>fbe_drw_Acute</name>
   <description>3.2 fbe_drw_Acute: acute corner angle below 87.0 degree is not allowed.</description>
   <categories>
   </categories>
  </category>
  <category>
   <name>empoly_drw_Acute</name>
   <description>3.2 empoly_drw_Acute: acute corner angle below 87.0 degree is not allowed.</description>
   <categories>
   </categories>
  </category>
  <category>
   <name>ldmos_drw_Acute</name>
   <description>3.2 ldmos_drw_Acute: acute corner angle below 87.0 degree is not allowed.</description>
   <categories>
   </categories>
  </category>
  <category>
   <name>pbiwind_drw_Acute</name>
   <description>3.2 pbiwind_drw_Acute: acute corner angle below 87.0 degree is not allowed.</description>
   <categories>
   </categories>
  </category>
  <category>
   <name>colopen_drw_Acute</name>
   <description>3.2 colopen_drw_Acute: acute corner angle below 87.0 degree is not allowed.</description>
   <categories>
   </categories>
  </category>
  <category>
   <name>extblock_drw_Acute</name>
   <description>3.2 extblock_drw_Acute: acute corner angle below 87.0 degree is not allowed.</description>
   <categories>
   </categories>
  </category>
  <category>
   <name>nldd_drw_Acute</name>
   <description>3.2 nldd_drw_Acute: acute corner angle below 87.0 degree is not allowed.</description>
   <categories>
   </categories>
  </category>
  <category>
   <name>pldd_drw_Acute</name>
   <description>3.2 pldd_drw_Acute: acute corner angle below 87.0 degree is not allowed.</description>
   <categories>
   </categories>
  </category>
  <category>
   <name>next_drw_Acute</name>
   <description>3.2 next_drw_Acute: acute corner angle below 87.0 degree is not allowed.</description>
   <categories>
   </categories>
  </category>
  <category>
   <name>pext_drw_Acute</name>
   <description>3.2 pext_drw_Acute: acute corner angle below 87.0 degree is not allowed.</description>
   <categories>
   </categories>
  </category>
  <category>
   <name>nexthv_drw_Acute</name>
   <description>3.2 nexthv_drw_Acute: acute corner angle below 87.0 degree is not allowed.</description>
   <categories>
   </categories>
  </category>
  <category>
   <name>pexthv_drw_Acute</name>
   <description>3.2 pexthv_drw_Acute: acute corner angle below 87.0 degree is not allowed.</description>
   <categories>
   </categories>
  </category>
  <category>
   <name>graphgate_drw_Acute</name>
   <description>3.2 graphgate_drw_Acute: acute corner angle below 87.0 degree is not allowed.</description>
   <categories>
   </categories>
  </category>
  <category>
   <name>mempad_drw_Acute</name>
   <description>3.2 mempad_drw_Acute: acute corner angle below 87.0 degree is not allowed.</description>
   <categories>
   </categories>
  </category>
  <category>
   <name>topvia1_drw_Acute</name>
   <description>3.2 topvia1_drw_Acute: acute corner angle below 87.0 degree is not allowed.</description>
   <categories>
   </categories>
  </category>
  <category>
   <name>topmetal1_drw_Acute</name>
   <description>3.2 topmetal1_drw_Acute: acute corner angle below 87.0 degree is not allowed.</description>
   <categories>
   </categories>
  </category>
  <category>
   <name>topmetal1_pin_Acute</name>
   <description>3.2 topmetal1_pin_Acute: acute corner angle below 87.0 degree is not allowed.</description>
   <categories>
   </categories>
  </category>
  <category>
   <name>topmetal1_mask_Acute</name>
   <description>3.2 topmetal1_mask_Acute: acute corner angle below 87.0 degree is not allowed.</description>
   <categories>
   </categories>
  </category>
  <category>
   <name>topmetal1_filler_Acute</name>
   <description>3.2 topmetal1_filler_Acute: acute corner angle below 87.0 degree is not allowed.</description>
   <categories>
   </categories>
  </category>
  <category>
   <name>topmetal1_nofill_Acute</name>
   <description>3.2 topmetal1_nofill_Acute: acute corner angle below 87.0 degree is not allowed.</description>
   <categories>
   </categories>
  </category>
  <category>
   <name>topmetal1_slit_Acute</name>
   <description>3.2 topmetal1_slit_Acute: acute corner angle below 87.0 degree is not allowed.</description>
   <categories>
   </categories>
  </category>
  <category>
   <name>topmetal1_noqrc_Acute</name>
   <description>3.2 topmetal1_noqrc_Acute: acute corner angle below 87.0 degree is not allowed.</description>
   <categories>
   </categories>
  </category>
  <category>
   <name>topmetal1_res_Acute</name>
   <description>3.2 topmetal1_res_Acute: acute corner angle below 87.0 degree is not allowed.</description>
   <categories>
   </categories>
  </category>
  <category>
   <name>topmetal1_iprobe_Acute</name>
   <description>3.2 topmetal1_iprobe_Acute: acute corner angle below 87.0 degree is not allowed.</description>
   <categories>
   </categories>
  </category>
  <category>
   <name>topmetal1_diffprb_Acute</name>
   <description>3.2 topmetal1_diffprb_Acute: acute corner angle below 87.0 degree is not allowed.</description>
   <categories>
   </categories>
  </category>
  <category>
   <name>inldpwl_drw_Acute</name>
   <description>3.2 inldpwl_drw_Acute: acute corner angle below 87.0 degree is not allowed.</description>
   <categories>
   </categories>
  </category>
  <category>
   <name>polyres_drw_Acute</name>
   <description>3.2 polyres_drw_Acute: acute corner angle below 87.0 degree is not allowed.</description>
   <categories>
   </categories>
  </category>
  <category>
   <name>polyres_pin_Acute</name>
   <description>3.2 polyres_pin_Acute: acute corner angle below 87.0 degree is not allowed.</description>
   <categories>
   </categories>
  </category>
  <category>
   <name>vmim_drw_Acute</name>
   <description>3.2 vmim_drw_Acute: acute corner angle below 87.0 degree is not allowed.</description>
   <categories>
   </categories>
  </category>
  <category>
   <name>nbulaycut_drw_Acute</name>
   <description>3.2 nbulaycut_drw_Acute: acute corner angle below 87.0 degree is not allowed.</description>
   <categories>
   </categories>
  </category>
  <category>
   <name>antmetal1_drw_Acute</name>
   <description>3.2 antmetal1_drw_Acute: acute corner angle below 87.0 degree is not allowed.</description>
   <categories>
   </categories>
  </category>
  <category>
   <name>topvia2_drw_Acute</name>
   <description>3.2 topvia2_drw_Acute: acute corner angle below 87.0 degree is not allowed.</description>
   <categories>
   </categories>
  </category>
  <category>
   <name>topmetal2_drw_Acute</name>
   <description>3.2 topmetal2_drw_Acute: acute corner angle below 87.0 degree is not allowed.</description>
   <categories>
   </categories>
  </category>
  <category>
   <name>topmetal2_pin_Acute</name>
   <description>3.2 topmetal2_pin_Acute: acute corner angle below 87.0 degree is not allowed.</description>
   <categories>
   </categories>
  </category>
  <category>
   <name>topmetal2_mask_Acute</name>
   <description>3.2 topmetal2_mask_Acute: acute corner angle below 87.0 degree is not allowed.</description>
   <categories>
   </categories>
  </category>
  <category>
   <name>topmetal2_filler_Acute</name>
   <description>3.2 topmetal2_filler_Acute: acute corner angle below 87.0 degree is not allowed.</description>
   <categories>
   </categories>
  </category>
  <category>
   <name>topmetal2_nofill_Acute</name>
   <description>3.2 topmetal2_nofill_Acute: acute corner angle below 87.0 degree is not allowed.</description>
   <categories>
   </categories>
  </category>
  <category>
   <name>topmetal2_slit_Acute</name>
   <description>3.2 topmetal2_slit_Acute: acute corner angle below 87.0 degree is not allowed.</description>
   <categories>
   </categories>
  </category>
  <category>
   <name>topmetal2_noqrc_Acute</name>
   <description>3.2 topmetal2_noqrc_Acute: acute corner angle below 87.0 degree is not allowed.</description>
   <categories>
   </categories>
  </category>
  <category>
   <name>topmetal2_res_Acute</name>
   <description>3.2 topmetal2_res_Acute: acute corner angle below 87.0 degree is not allowed.</description>
   <categories>
   </categories>
  </category>
  <category>
   <name>topmetal2_iprobe_Acute</name>
   <description>3.2 topmetal2_iprobe_Acute: acute corner angle below 87.0 degree is not allowed.</description>
   <categories>
   </categories>
  </category>
  <category>
   <name>topmetal2_diffprb_Acute</name>
   <description>3.2 topmetal2_diffprb_Acute: acute corner angle below 87.0 degree is not allowed.</description>
   <categories>
   </categories>
  </category>
  <category>
   <name>snsring_drw_Acute</name>
   <description>3.2 snsring_drw_Acute: acute corner angle below 87.0 degree is not allowed.</description>
   <categories>
   </categories>
  </category>
  <category>
   <name>sensor_drw_Acute</name>
   <description>3.2 sensor_drw_Acute: acute corner angle below 87.0 degree is not allowed.</description>
   <categories>
   </categories>
  </category>
  <category>
   <name>snsarms_drw_Acute</name>
   <description>3.2 snsarms_drw_Acute: acute corner angle below 87.0 degree is not allowed.</description>
   <categories>
   </categories>
  </category>
  <category>
   <name>snscmosvia_drw_Acute</name>
   <description>3.2 snscmosvia_drw_Acute: acute corner angle below 87.0 degree is not allowed.</description>
   <categories>
   </categories>
  </category>
  <category>
   <name>colwind_drw_Acute</name>
   <description>3.2 colwind_drw_Acute: acute corner angle below 87.0 degree is not allowed.</description>
   <categories>
   </categories>
  </category>
  <category>
   <name>flm_drw_Acute</name>
   <description>3.2 flm_drw_Acute: acute corner angle below 87.0 degree is not allowed.</description>
   <categories>
   </categories>
  </category>
  <category>
   <name>hafniumox_drw_Acute</name>
   <description>3.2 hafniumox_drw_Acute: acute corner angle below 87.0 degree is not allowed.</description>
   <categories>
   </categories>
  </category>
  <category>
   <name>memvia_drw_Acute</name>
   <description>3.2 memvia_drw_Acute: acute corner angle below 87.0 degree is not allowed.</description>
   <categories>
   </categories>
  </category>
  <category>
   <name>thinfilmres_drw_Acute</name>
   <description>3.2 thinfilmres_drw_Acute: acute corner angle below 87.0 degree is not allowed.</description>
   <categories>
   </categories>
  </category>
  <category>
   <name>rfmem_drw_Acute</name>
   <description>3.2 rfmem_drw_Acute: acute corner angle below 87.0 degree is not allowed.</description>
   <categories>
   </categories>
  </category>
  <category>
   <name>snsbotvia_drw_Acute</name>
   <description>3.2 snsbotvia_drw_Acute: acute corner angle below 87.0 degree is not allowed.</description>
   <categories>
   </categories>
  </category>
  <category>
   <name>snstopvia_drw_Acute</name>
   <description>3.2 snstopvia_drw_Acute: acute corner angle below 87.0 degree is not allowed.</description>
   <categories>
   </categories>
  </category>
  <category>
   <name>deepvia_drw_Acute</name>
   <description>3.2 deepvia_drw_Acute: acute corner angle below 87.0 degree is not allowed.</description>
   <categories>
   </categories>
  </category>
  <category>
   <name>fgetch_drw_Acute</name>
   <description>3.2 fgetch_drw_Acute: acute corner angle below 87.0 degree is not allowed.</description>
   <categories>
   </categories>
  </category>
  <category>
   <name>ctrgat_drw_Acute</name>
   <description>3.2 ctrgat_drw_Acute: acute corner angle below 87.0 degree is not allowed.</description>
   <categories>
   </categories>
  </category>
  <category>
   <name>fgimp_drw_Acute</name>
   <description>3.2 fgimp_drw_Acute: acute corner angle below 87.0 degree is not allowed.</description>
   <categories>
   </categories>
  </category>
  <category>
   <name>emwihv_drw_Acute</name>
   <description>3.2 emwihv_drw_Acute: acute corner angle below 87.0 degree is not allowed.</description>
   <categories>
   </categories>
  </category>
  <category>
   <name>lbe_drw_Acute</name>
   <description>3.2 lbe_drw_Acute: acute corner angle below 87.0 degree is not allowed.</description>
   <categories>
   </categories>
  </category>
  <category>
   <name>alcustop_drw_Acute</name>
   <description>3.2 alcustop_drw_Acute: acute corner angle below 87.0 degree is not allowed.</description>
   <categories>
   </categories>
  </category>
  <category>
   <name>cont_drw_Angle90</name>
   <description>3.2 cont_drw_Angle90: only orthogonal edges (0/90 degree) are allowed.</description>
   <categories>
   </categories>
  </category>
  <category>
   <name>via1_drw_Angle90</name>
   <description>3.2 via1_drw_Angle90: only orthogonal edges (0/90 degree) are allowed.</description>
   <categories>
   </categories>
  </category>
  <category>
   <name>via2_drw_Angle90</name>
   <description>3.2 via2_drw_Angle90: only orthogonal edges (0/90 degree) are allowed.</description>
   <categories>
   </categories>
  </category>
  <category>
   <name>via3_drw_Angle90</name>
   <description>3.2 via3_drw_Angle90: only orthogonal edges (0/90 degree) are allowed.</description>
   <categories>
   </categories>
  </category>
  <category>
   <name>via4_drw_Angle90</name>
   <description>3.2 via4_drw_Angle90: only orthogonal edges (0/90 degree) are allowed.</description>
   <categories>
   </categories>
  </category>
  <category>
   <name>vmim_drw_Angle90</name>
   <description>3.2 vmim_drw_Angle90: only orthogonal edges (0/90 degree) are allowed.</description>
   <categories>
   </categories>
  </category>
  <category>
   <name>topvia1_drw_Angle90</name>
   <description>3.2 topvia1_drw_Angle90: only orthogonal edges (0/90 degree) are allowed.</description>
   <categories>
   </categories>
  </category>
  <category>
   <name>topvia2_drw_Angle90</name>
   <description>3.2 topvia2_drw_Angle90: only orthogonal edges (0/90 degree) are allowed.</description>
   <categories>
   </categories>
  </category>
  <category>
   <name>gatpoly_drw_Angle45</name>
   <description>3.2 gatpoly_drw_Angle45: only 0/45/90 degree edges are allowed.</description>
   <categories>
   </categories>
  </category>
  <category>
   <name>activ_drw_Angle45</name>
   <description>3.2 activ_drw_Angle45: only 0/45/90 degree edges are allowed.</description>
   <categories>
   </categories>
  </category>
  <category>
   <name>metal1_drw_Angle45</name>
   <description>3.2 metal1_drw_Angle45: only 0/45/90 degree edges are allowed.</description>
   <categories>
   </categories>
  </category>
  <category>
   <name>metal2_drw_Angle45</name>
   <description>3.2 metal2_drw_Angle45: only 0/45/90 degree edges are allowed.</description>
   <categories>
   </categories>
  </category>
  <category>
   <name>metal3_drw_Angle45</name>
   <description>3.2 metal3_drw_Angle45: only 0/45/90 degree edges are allowed.</description>
   <categories>
   </categories>
  </category>
  <category>
   <name>metal4_drw_Angle45</name>
   <description>3.2 metal4_drw_Angle45: only 0/45/90 degree edges are allowed.</description>
   <categories>
   </categories>
  </category>
  <category>
   <name>metal5_drw_Angle45</name>
   <description>3.2 metal5_drw_Angle45: only 0/45/90 degree edges are allowed.</description>
   <categories>
   </categories>
  </category>
  <category>
   <name>topmetal1_drw_Angle45</name>
   <description>3.2 topmetal1_drw_Angle45: only 0/45/90 degree edges are allowed.</description>
   <categories>
   </categories>
  </category>
  <category>
   <name>topmetal2_drw_Angle45</name>
   <description>3.2 topmetal2_drw_Angle45: only 0/45/90 degree edges are allowed.</description>
   <categories>
   </categories>
  </category>
  <category>
   <name>forbidden.biwind</name>
   <description>forbidden.biwind : 3.2. biwind is forbidden in designs submitted for all 0.13 um techs.</description>
   <categories>
   </categories>
  </category>
  <category>
   <name>forbidden.pemwind</name>
   <description>forbidden.pemwind : 3.2. pemwind is forbidden in designs submitted for all 0.13 um techs.</description>
   <categories>
   </categories>
  </category>
  <category>
   <name>forbidden.baspoly</name>
   <description>forbidden.baspoly : 3.2. baspoly is forbidden in designs submitted for all 0.13 um techs.</description>
   <categories>
   </categories>
  </category>
  <category>
   <name>forbidden.deepco</name>
   <description>forbidden.deepco : 3.2. deepco is forbidden in designs submitted for all 0.13 um techs.</description>
   <categories>
   </categories>
  </category>
  <category>
   <name>forbidden.pempoly</name>
   <description>forbidden.pempoly : 3.2. pempoly is forbidden in designs submitted for all 0.13 um techs.</description>
   <categories>
   </categories>
  </category>
  <category>
   <name>forbidden.empoly</name>
   <description>forbidden.empoly : 3.2. empoly is forbidden in designs submitted for all 0.13 um techs.</description>
   <categories>
   </categories>
  </category>
  <category>
   <name>forbidden.ldmos</name>
   <description>forbidden.ldmos : 3.2. ldmos is forbidden in designs submitted for all 0.13 um techs.</description>
   <categories>
   </categories>
  </category>
  <category>
   <name>forbidden.pbiwind</name>
   <description>forbidden.pbiwind : 3.2. pbiwind is forbidden in designs submitted for all 0.13 um techs.</description>
   <categories>
   </categories>
  </category>
  <category>
   <name>forbidden.nodrc</name>
   <description>forbidden.nodrc : 3.2. nodrc is forbidden in designs submitted for all 0.13 um techs.</description>
   <categories>
   </categories>
  </category>
  <category>
   <name>forbidden.flash</name>
   <description>forbidden.flash : 3.2. flash is forbidden in designs submitted for all 0.13 um techs.</description>
   <categories>
   </categories>
  </category>
  <category>
   <name>forbidden.colwind</name>
   <description>forbidden.colwind : 3.2. colwind is forbidden in designs submitted for all 0.13 um techs.</description>
   <categories>
   </categories>
  </category>
 </categories>
 <cells>
  <cell>
   <name>spm</name>
   <variant/>
   <layout-name/>
   <references>
   </references>
  </cell>
 </cells>
 <items>
 </items>
</report-database>
