Node0 Layer,Node0 X location,Node0 Y location,Node1 Layer,Node1 X location,Node1 Y location,Current
Metal1,10.2100,15.1200,Metal1,10.4800,15.1200,1.084e-14
Metal1,10.2100,68.0400,Metal1,10.4800,68.0400,0.000e+00
Metal1,10.2650,83.1600,Metal1,10.5250,83.1600,1.136e-14
Metal1,10.4800,15.1200,Metal1,11.1450,15.1200,2.177e-15
Metal1,10.4800,68.0400,Metal1,11.1450,68.0400,8.706e-15
Metal1,10.5250,83.1600,Metal1,11.3000,83.1600,8.404e-15
Metal1,11.1450,15.1200,Metal1,11.3700,14.0750,1.785e-13
Metal1,11.1450,68.0400,Metal1,11.4850,67.3700,1.226e-12
Metal1,11.3000,83.1600,Metal1,12.2350,83.1600,2.239e-12
Metal1,11.3700,14.0750,Metal1,11.4850,15.1120,1.789e-13
Metal1,11.4850,15.1120,Metal1,11.6300,14.4500,2.069e-10
Metal1,11.4850,67.3700,Metal1,11.8700,68.0400,3.293e-10
Metal1,11.6300,14.4500,Metal1,11.8700,15.1200,1.276e-07
Metal1,11.8700,15.1200,Metal1,12.6150,15.1200,1.276e-07
Metal1,11.8700,68.0400,Metal1,12.1350,68.0400,3.294e-10
Metal1,12.0000,52.9200,Metal1,14.4670,52.9200,8.478e-14
Metal1,12.0000,75.6000,Metal1,17.8900,75.6000,1.157e-13
Metal1,12.0000,98.2800,Metal1,15.8400,98.2800,9.423e-14
Metal1,12.0000,105.8400,Metal1,15.8400,105.8400,9.423e-14
Metal1,12.0000,113.4000,Metal1,15.8400,113.4000,9.423e-14
Metal1,12.0000,120.9600,Metal1,15.8400,120.9600,9.423e-14
Metal1,12.0000,128.5200,Metal1,15.8400,128.5200,9.423e-14
Metal1,12.0000,136.0800,Metal1,15.8400,136.0800,9.423e-14
Metal1,12.0000,143.6400,Metal1,15.8400,143.6400,9.423e-14
Metal1,12.0000,151.2000,Metal1,15.8400,151.2000,9.423e-14
Metal1,12.0000,158.7600,Metal1,15.8400,158.7600,9.423e-14
Metal1,12.1350,68.0400,Metal1,12.3950,68.0400,8.851e-09
Metal1,12.2350,83.1600,Metal1,13.0250,83.1600,2.239e-12
Metal1,12.3950,68.0400,Metal1,14.6150,68.0400,3.607e-07
Metal1,12.6150,15.1200,Metal1,12.8750,15.1200,1.007e-08
Metal1,12.8750,15.1200,Metal1,12.9350,15.1200,1.007e-08
Metal1,12.9350,15.1200,Metal1,13.2600,15.1200,3.701e-10
Metal1,13.0250,83.1600,Metal1,13.2850,83.1600,6.588e-10
Metal1,13.2600,15.1200,Metal1,14.6150,15.1200,4.880e-07
Metal1,13.2850,83.1600,Metal1,13.6550,83.1600,6.588e-10
Metal1,13.6550,83.1600,Metal1,13.9150,83.1600,7.418e-10
Metal1,13.9150,83.1600,Metal1,14.0500,83.1600,7.418e-10
Metal1,14.0500,22.6800,Metal1,14.3200,22.6800,1.388e-12
Metal1,14.0500,45.3600,Metal1,14.3200,45.3600,1.388e-12
Metal1,14.0500,83.1600,Metal1,14.3200,83.1600,3.302e-11
Metal1,14.0500,90.7200,Metal1,14.3200,90.7200,1.084e-14
Metal1,14.0550,30.2400,Metal1,14.3150,30.2400,8.835e-09
Metal1,14.1050,60.4800,Metal1,14.3650,60.4800,2.271e-14
Metal1,14.2400,37.8000,Metal1,14.5000,37.8000,5.696e-12
Metal1,14.3150,30.2400,Metal1,16.0550,30.2400,3.603e-07
Metal1,14.3200,22.6800,Metal1,14.9850,22.6800,3.132e-11
Metal1,14.3200,45.3600,Metal1,14.9850,45.3600,3.133e-11
Metal1,14.3200,83.1600,Metal1,14.9850,83.1600,1.654e-13
Metal1,14.3200,90.7200,Metal1,14.9850,90.7200,6.530e-15
Metal1,14.3650,60.4800,Metal1,15.1400,60.4800,8.404e-15
Metal1,14.4670,52.9200,Metal1,18.8550,52.9200,6.713e-14
Metal1,14.5000,37.8000,Metal1,15.2800,37.8000,5.707e-12
Metal1,14.6150,15.1200,Metal1,14.8750,15.1200,6.259e-10
Metal1,14.6150,68.0400,Metal1,14.6850,68.7000,3.607e-07
Metal1,14.6850,68.7000,Metal1,14.8750,67.7350,3.214e-10
Metal1,14.8750,15.1200,Metal1,17.3450,15.1200,6.258e-10
Metal1,14.8750,67.7350,Metal1,14.9450,68.0400,3.214e-10
Metal1,14.9450,68.0400,Metal1,15.7050,68.0400,3.214e-10
Metal1,14.9850,22.6800,Metal1,15.0950,21.6350,3.132e-11
Metal1,14.9850,45.3600,Metal1,15.0950,44.3150,3.133e-11
Metal1,14.9850,83.1600,Metal1,15.3250,82.4900,1.538e-12
Metal1,14.9850,90.7200,Metal1,15.3250,90.0500,1.229e-12
Metal1,15.0950,21.6350,Metal1,15.3250,22.6700,1.529e-10
Metal1,15.0950,44.3150,Metal1,15.3250,45.3500,1.529e-10
Metal1,15.1400,60.4800,Metal1,16.0750,60.4800,2.261e-12
Metal1,15.2800,37.8000,Metal1,15.5400,37.8000,1.482e-09
Metal1,15.3250,22.6700,Metal1,15.3550,22.0100,4.645e-08
Metal1,15.3250,45.3500,Metal1,15.3550,44.6900,4.645e-08
Metal1,15.3250,82.4900,Metal1,15.7100,83.1600,4.119e-10
Metal1,15.3250,90.0500,Metal1,15.7100,90.7200,3.297e-10
Metal1,15.3550,22.0100,Metal1,15.7100,22.6800,4.645e-08
Metal1,15.3550,44.6900,Metal1,15.7100,45.3600,4.645e-08
Metal1,15.5400,37.8000,Metal1,16.3100,37.8000,1.482e-09
Metal1,15.7050,68.0400,Metal1,15.9650,68.0400,2.870e-09
Metal1,15.7100,22.6800,Metal1,15.9750,22.6800,4.645e-08
Metal1,15.7100,45.3600,Metal1,15.9750,45.3600,4.645e-08
Metal1,15.7100,83.1600,Metal1,16.3850,83.1600,4.119e-10
Metal1,15.7100,90.7200,Metal1,15.9750,90.7200,3.298e-10
Metal1,15.8400,98.2800,Metal1,19.6800,98.2800,2.831e-13
Metal1,15.8400,105.8400,Metal1,21.7300,105.8400,3.043e-13
Metal1,15.8400,113.4000,Metal1,19.6800,113.4000,2.829e-13
Metal1,15.8400,120.9600,Metal1,19.6800,120.9600,2.829e-13
Metal1,15.8400,128.5200,Metal1,19.6800,128.5200,2.831e-13
Metal1,15.8400,136.0800,Metal1,19.6800,136.0800,3.671e-13
Metal1,15.8400,143.6400,Metal1,19.6800,143.6400,2.829e-13
Metal1,15.8400,151.2000,Metal1,19.6800,151.2000,2.829e-13
Metal1,15.8400,158.7600,Metal1,19.6800,158.7600,2.831e-13
Metal1,15.9650,68.0400,Metal1,17.3450,68.0400,2.870e-09
Metal1,15.9750,22.6800,Metal1,16.2350,22.6800,6.557e-09
Metal1,15.9750,45.3600,Metal1,16.2350,45.3600,6.557e-09
Metal1,15.9750,90.7200,Metal1,16.2350,90.7200,8.851e-09
Metal1,16.0550,30.2400,Metal1,16.3150,30.2400,7.218e-09
Metal1,16.0750,60.4800,Metal1,16.8650,60.4800,2.231e-12
Metal1,16.2350,22.6800,Metal1,17.8250,22.6800,3.139e-07
Metal1,16.2350,45.3600,Metal1,17.8250,45.3600,3.139e-07
Metal1,16.2350,90.7200,Metal1,19.6800,90.7200,3.607e-07
Metal1,16.3100,37.8000,Metal1,16.5700,37.8000,4.003e-07
Metal1,16.3150,30.2400,Metal1,18.1350,30.2400,7.218e-09
Metal1,16.3850,83.1600,Metal1,16.5550,83.1600,2.305e-07
Metal1,16.5550,83.1600,Metal1,16.6950,83.1600,2.305e-07
Metal1,16.5700,37.8000,Metal1,16.9300,37.8000,4.003e-07
Metal1,16.6950,83.1600,Metal1,16.9550,83.1600,9.881e-09
Metal1,16.8650,60.4800,Metal1,17.1250,60.4800,6.587e-10
Metal1,16.9300,37.8000,Metal1,17.2000,37.8000,1.781e-08
Metal1,16.9550,83.1600,Metal1,19.6300,83.1600,1.753e-08
Metal1,17.1250,60.4800,Metal1,17.4600,60.4800,6.587e-10
Metal1,17.2000,37.8000,Metal1,17.8650,37.8000,9.372e-11
Metal1,17.3450,15.1200,Metal1,17.5150,15.1200,7.500e-13
Metal1,17.3450,68.0400,Metal1,17.5150,68.0400,1.895e-08
Metal1,17.4600,60.4800,Metal1,17.7300,60.4800,3.173e-09
Metal1,17.5150,15.1200,Metal1,20.1600,15.1200,7.604e-13
Metal1,17.5150,68.0400,Metal1,18.1350,68.0400,1.895e-08
Metal1,17.7300,60.4800,Metal1,18.1350,60.4800,3.173e-09
Metal1,17.8250,22.6800,Metal1,17.9950,22.6800,2.977e-10
Metal1,17.8250,45.3600,Metal1,17.9400,45.7100,1.951e-08
Metal1,17.8650,37.8000,Metal1,18.2050,38.4700,1.495e-09
Metal1,17.8900,75.6000,Metal1,18.1600,75.6000,2.169e-14
Metal1,17.9400,45.7100,Metal1,17.9950,44.7300,1.951e-08
Metal1,17.9950,22.6800,Metal1,21.3600,22.6800,2.976e-10
Metal1,17.9950,44.7300,Metal1,18.2100,45.3600,4.802e-11
Metal1,18.1350,30.2400,Metal1,18.3950,30.2400,3.093e-08
Metal1,18.1350,60.4800,Metal1,18.3950,60.4800,1.131e-08
Metal1,18.1350,68.0400,Metal1,18.3950,68.0400,6.344e-10
Metal1,18.1600,75.6000,Metal1,18.8250,75.6000,8.706e-15
Metal1,18.2050,38.4700,Metal1,18.5900,37.8000,4.007e-07
Metal1,18.2100,45.3600,Metal1,20.2000,45.3600,4.198e-10
Metal1,18.3950,30.2400,Metal1,18.7850,30.2400,3.093e-08
Metal1,18.3950,60.4800,Metal1,19.7200,60.4800,1.896e-09
Metal1,18.3950,68.0400,Metal1,20.5950,68.0400,5.277e-09
Metal1,18.5900,37.8000,Metal1,19.5750,37.8000,4.007e-07
Metal1,18.7850,30.2400,Metal1,18.9550,30.2400,2.054e-07
Metal1,18.8250,75.6000,Metal1,19.1650,76.2700,1.224e-12
Metal1,18.8550,52.9200,Metal1,19.1150,52.9200,8.835e-09
Metal1,18.9550,30.2400,Metal1,22.0800,30.2400,4.553e-09
Metal1,19.1150,52.9200,Metal1,20.8550,52.9200,3.603e-07
Metal1,19.1650,76.2700,Metal1,19.5500,75.6000,3.291e-10
Metal1,19.5500,75.6000,Metal1,21.0250,75.6000,5.831e-10
Metal1,19.5750,37.8000,Metal1,19.6300,38.4770,4.007e-07
Metal1,19.6300,38.4770,Metal1,19.8350,37.3050,1.014e-10
Metal1,19.6300,83.1600,Metal1,19.8900,83.1600,1.157e-08
Metal1,19.6800,90.7200,Metal1,25.6250,90.7200,3.607e-07
Metal1,19.6800,98.2800,Metal1,23.5200,98.2800,4.715e-13
Metal1,19.6800,113.4000,Metal1,22.2670,113.4000,4.493e-13
Metal1,19.6800,120.9600,Metal1,25.5700,120.9600,4.930e-13
Metal1,19.6800,128.5200,Metal1,23.5200,128.5200,4.715e-13
Metal1,19.6800,136.0800,Metal1,23.5200,136.0800,5.556e-13
Metal1,19.6800,143.6400,Metal1,23.5200,143.6400,4.715e-13
Metal1,19.6800,151.2000,Metal1,23.5200,151.2000,5.034e-13
Metal1,19.6800,158.7600,Metal1,23.5200,158.7600,4.715e-13
Metal1,19.7200,60.4800,Metal1,19.9800,60.4800,5.275e-07
Metal1,19.8350,37.3050,Metal1,19.8900,37.8000,1.014e-10
Metal1,19.8900,37.8000,Metal1,20.6500,37.8000,2.586e-09
Metal1,19.8900,83.1600,Metal1,20.6500,83.1600,2.071e-09
Metal1,19.9800,60.4800,Metal1,20.5600,60.4800,5.275e-07
Metal1,20.1600,15.1200,Metal1,25.0100,15.1200,7.630e-12
Metal1,20.2000,45.3600,Metal1,20.4600,45.3600,2.572e-07
Metal1,20.4600,45.3600,Metal1,21.0750,45.3600,2.572e-07
Metal1,20.5600,60.4800,Metal1,20.8200,60.4800,1.172e-08
Metal1,20.5950,68.0400,Metal1,20.8550,68.0400,1.119e-08
Metal1,20.6500,37.8000,Metal1,21.2500,37.8000,4.953e-07
Metal1,20.6500,83.1600,Metal1,21.2500,83.1600,2.069e-07
Metal1,20.8200,60.4800,Metal1,21.0700,60.4800,1.172e-08
Metal1,20.8550,52.9200,Metal1,21.1150,52.9200,4.621e-10
Metal1,20.8550,68.0400,Metal1,22.5900,68.0400,4.235e-10
Metal1,21.0250,75.6000,Metal1,21.2850,75.6000,2.647e-07
Metal1,21.0700,60.4800,Metal1,21.3300,60.4800,2.370e-08
Metal1,21.0750,45.3600,Metal1,21.3350,45.3600,3.521e-08
Metal1,21.1150,52.9200,Metal1,23.5850,52.9200,4.621e-10
Metal1,21.2500,37.8000,Metal1,23.4250,37.8000,1.878e-09
Metal1,21.2500,83.1600,Metal1,22.2150,83.1600,2.069e-07
Metal1,21.2850,75.6000,Metal1,24.0000,75.6000,2.647e-07
Metal1,21.3300,60.4800,Metal1,22.0900,60.4800,3.059e-09
Metal1,21.3350,45.3600,Metal1,23.0700,45.3600,9.153e-10
Metal1,21.3600,22.6800,Metal1,25.4900,22.6800,2.402e-12
Metal1,21.7300,105.8400,Metal1,22.0000,105.8400,2.169e-14
Metal1,22.0000,105.8400,Metal1,22.6650,105.8400,6.530e-15
Metal1,22.0800,30.2400,Metal1,26.4500,30.2400,1.357e-11
Metal1,22.0900,60.4800,Metal1,22.6900,60.4800,6.957e-07
Metal1,22.2150,83.1600,Metal1,22.4750,83.1600,1.310e-09
Metal1,22.2670,113.4000,Metal1,27.3600,113.4000,5.047e-13
Metal1,22.4750,83.1600,Metal1,24.0500,83.1600,1.535e-07
Metal1,22.5900,68.0400,Metal1,22.8500,68.0400,6.858e-10
Metal1,22.6650,105.8400,Metal1,23.0050,105.1700,1.230e-12
Metal1,22.6900,60.4800,Metal1,24.8650,60.4800,2.476e-09
Metal1,22.8500,68.0400,Metal1,25.0100,68.0400,6.858e-10
Metal1,23.0050,105.1700,Metal1,23.3900,105.8400,3.301e-10
Metal1,23.0700,45.3600,Metal1,23.3300,45.3600,1.592e-08
Metal1,23.3300,45.3600,Metal1,24.8800,45.3600,1.592e-08
Metal1,23.3900,105.8400,Metal1,23.6550,105.8400,3.302e-10
Metal1,23.4250,37.8000,Metal1,23.6850,37.8000,7.617e-07
Metal1,23.5200,98.2800,Metal1,26.0550,98.2800,5.438e-13
Metal1,23.5200,128.5200,Metal1,27.3600,128.5200,6.398e-13
Metal1,23.5200,136.0800,Metal1,27.3600,136.0800,7.444e-13
Metal1,23.5200,143.6400,Metal1,27.3600,143.6400,6.602e-13
Metal1,23.5200,151.2000,Metal1,27.3600,151.2000,6.919e-13
Metal1,23.5200,158.7600,Metal1,27.3600,158.7600,6.602e-13
Metal1,23.5850,52.9200,Metal1,23.7550,52.9200,4.522e-13
Metal1,23.6550,105.8400,Metal1,23.9150,105.8400,8.851e-09
Metal1,23.6850,37.8000,Metal1,26.4000,37.8000,7.617e-07
Metal1,23.7550,52.9200,Metal1,27.1200,52.9200,4.476e-13
Metal1,23.9150,105.8400,Metal1,25.6550,105.8400,3.607e-07
Metal1,24.0000,75.6000,Metal1,26.7750,75.6000,2.647e-07
Metal1,24.0500,83.1600,Metal1,24.2150,83.8270,4.675e-07
Metal1,24.2150,83.8270,Metal1,24.3150,82.5000,4.675e-07
Metal1,24.3150,82.5000,Metal1,24.4750,83.1600,1.384e-06
Metal1,24.4750,83.1600,Metal1,25.2250,83.1600,1.384e-06
Metal1,24.8650,60.4800,Metal1,25.1250,60.4800,9.618e-07
Metal1,24.8800,45.3600,Metal1,25.1400,45.3600,3.098e-09
Metal1,25.0100,15.1200,Metal1,25.2750,15.1200,1.137e-08
Metal1,25.0100,68.0400,Metal1,25.2750,68.0400,1.344e-08
Metal1,25.1250,60.4800,Metal1,27.5350,60.4800,9.618e-07
Metal1,25.1400,45.3600,Metal1,25.4900,45.3600,8.322e-08
Metal1,25.2250,83.1600,Metal1,25.4850,83.1600,2.334e-06
Metal1,25.2750,15.1200,Metal1,26.1850,15.1200,1.137e-08
Metal1,25.2750,68.0400,Metal1,26.1850,68.0400,1.344e-08
Metal1,25.4850,83.1600,Metal1,26.9450,83.1600,2.334e-06
Metal1,25.4900,22.6800,Metal1,25.7550,22.6800,2.750e-09
Metal1,25.4900,45.3600,Metal1,25.7550,45.3600,4.295e-09
Metal1,25.5700,120.9600,Metal1,25.8400,120.9600,3.253e-14
Metal1,25.6250,90.7200,Metal1,25.8850,90.7200,1.395e-09
Metal1,25.6550,105.8400,Metal1,25.9150,105.8400,4.627e-10
Metal1,25.7550,22.6800,Metal1,26.6650,22.6800,2.750e-09
Metal1,25.7550,45.3600,Metal1,26.5300,45.3600,4.295e-09
Metal1,25.8400,120.9600,Metal1,26.5050,120.9600,8.706e-15
Metal1,25.8850,90.7200,Metal1,26.6600,90.7200,1.395e-09
Metal1,25.9150,105.8400,Metal1,28.3850,105.8400,4.625e-10
Metal1,26.0550,98.2800,Metal1,26.3150,98.2800,8.835e-09
Metal1,26.1850,15.1200,Metal1,26.4450,15.1200,3.426e-06
Metal1,26.1850,68.0400,Metal1,26.4450,68.0400,4.049e-06
Metal1,26.3150,98.2800,Metal1,28.0550,98.2800,3.603e-07
Metal1,26.4000,37.8000,Metal1,29.4650,37.8000,7.617e-07
Metal1,26.4450,15.1200,Metal1,29.2000,15.1200,3.426e-06
Metal1,26.4450,68.0400,Metal1,29.5700,68.0400,4.049e-06
Metal1,26.4500,30.2400,Metal1,26.7150,30.2400,1.367e-08
Metal1,26.5050,120.9600,Metal1,26.8450,120.2900,1.230e-12
Metal1,26.5300,45.3600,Metal1,26.6650,44.6900,4.295e-09
Metal1,26.6600,90.7200,Metal1,27.5950,90.7200,1.232e-09
Metal1,26.6650,22.6800,Metal1,26.7750,23.4100,2.750e-09
Metal1,26.6650,44.6900,Metal1,26.8000,46.0900,1.786e-09
Metal1,26.7150,30.2400,Metal1,27.6250,30.2400,1.367e-08
Metal1,26.7750,23.4100,Metal1,26.9250,22.0020,3.145e-09
Metal1,26.7750,75.6000,Metal1,27.0350,75.6000,2.566e-08
Metal1,26.8000,46.0900,Metal1,26.9250,45.3600,1.786e-09
Metal1,26.8450,120.2900,Metal1,27.2300,120.9600,3.301e-10
Metal1,26.9250,22.0020,Metal1,27.0350,22.6800,3.145e-09
Metal1,26.9250,45.3600,Metal1,27.4650,45.3600,9.768e-11
Metal1,26.9450,83.1600,Metal1,27.1150,83.1600,2.029e-09
Metal1,27.0350,22.6800,Metal1,28.9800,22.6800,3.317e-06
Metal1,27.0350,75.6000,Metal1,29.7150,75.6000,2.883e-07
Metal1,27.1150,83.1600,Metal1,30.6400,83.1600,2.028e-09
Metal1,27.1200,52.9200,Metal1,31.2500,52.9200,1.013e-11
Metal1,27.2300,120.9600,Metal1,27.4950,120.9600,3.302e-10
Metal1,27.3600,113.4000,Metal1,31.2000,113.4000,5.584e-13
Metal1,27.3600,128.5200,Metal1,31.2000,128.5200,8.283e-13
Metal1,27.3600,136.0800,Metal1,31.2000,136.0800,9.327e-13
Metal1,27.3600,143.6400,Metal1,31.2000,143.6400,9.125e-13
Metal1,27.3600,151.2000,Metal1,31.2000,151.2000,8.805e-13
Metal1,27.3600,158.7600,Metal1,31.2000,158.7600,8.488e-13
Metal1,27.4650,45.3600,Metal1,27.8050,44.6900,1.459e-08
Metal1,27.4950,120.9600,Metal1,27.7550,120.9600,8.851e-09
Metal1,27.5350,60.4800,Metal1,29.9450,60.4800,9.618e-07
Metal1,27.5950,90.7200,Metal1,28.3850,90.7200,1.232e-09
Metal1,27.6250,30.2400,Metal1,27.8850,30.2400,4.119e-06
Metal1,27.7550,120.9600,Metal1,29.4950,120.9600,3.607e-07
Metal1,27.8050,44.6900,Metal1,28.1900,45.3600,3.911e-06
Metal1,27.8850,30.2400,Metal1,30.3270,30.2400,4.119e-06
Metal1,28.0550,98.2800,Metal1,28.3150,98.2800,4.619e-10
Metal1,28.1900,45.3600,Metal1,29.6100,45.3600,3.911e-06
Metal1,28.3150,98.2800,Metal1,30.7850,98.2800,4.619e-10
Metal1,28.3850,90.7200,Metal1,28.6450,90.7200,3.613e-07
Metal1,28.3850,105.8400,Metal1,28.5550,105.8400,5.625e-13
Metal1,28.5550,105.8400,Metal1,31.2000,105.8400,5.653e-13
Metal1,28.6450,90.7200,Metal1,29.1300,90.7200,3.613e-07
Metal1,28.9800,22.6800,Metal1,29.2500,22.6800,1.418e-07
Metal1,29.1300,90.7200,Metal1,29.3900,90.7200,3.874e-08
Metal1,29.2000,15.1200,Metal1,29.4600,15.1200,3.200e-07
Metal1,29.2500,22.6800,Metal1,31.2400,22.6800,6.098e-09
Metal1,29.3900,90.7200,Metal1,30.4750,90.7200,4.867e-07
Metal1,29.4600,15.1200,Metal1,32.0750,15.1200,3.524e-06
Metal1,29.4650,37.8000,Metal1,29.7250,37.8000,2.947e-09
Metal1,29.4950,120.9600,Metal1,29.7550,120.9600,4.627e-10
Metal1,29.5700,68.0400,Metal1,29.8300,68.0400,4.809e-06
Metal1,29.6100,45.3600,Metal1,29.8700,45.3600,3.632e-07
Metal1,29.7150,75.6000,Metal1,29.9750,75.6000,1.332e-08
Metal1,29.7250,37.8000,Metal1,30.5000,37.8000,2.947e-09
Metal1,29.7550,120.9600,Metal1,32.2250,120.9600,4.625e-10
Metal1,29.8300,68.0400,Metal1,32.6400,68.0400,4.809e-06
Metal1,29.8700,45.3600,Metal1,30.9550,45.3600,4.037e-06
Metal1,29.9450,60.4800,Metal1,30.2050,60.4800,3.721e-09
Metal1,29.9750,75.6000,Metal1,31.7100,75.6000,9.880e-10
Metal1,30.2050,60.4800,Metal1,30.9800,60.4800,3.721e-09
Metal1,30.3270,30.2400,Metal1,32.7700,30.2400,4.119e-06
Metal1,30.4750,90.7200,Metal1,30.7350,90.7200,1.918e-09
Metal1,30.5000,37.8000,Metal1,31.4350,37.8000,2.600e-09
Metal1,30.6400,83.1600,Metal1,30.9000,83.1600,4.383e-09
Metal1,30.7350,90.7200,Metal1,31.4950,90.7200,1.918e-09
Metal1,30.7850,98.2800,Metal1,30.9550,98.2800,1.695e-10
Metal1,30.9000,83.1600,Metal1,34.6100,83.1600,1.824e-10
Metal1,30.9550,45.3600,Metal1,31.2150,45.3600,1.588e-08
Metal1,30.9550,98.2800,Metal1,33.2500,98.2800,1.697e-10
Metal1,30.9800,60.4800,Metal1,31.9150,60.4800,3.282e-09
Metal1,31.2000,105.8400,Metal1,36.0500,105.8400,8.597e-12
Metal1,31.2000,113.4000,Metal1,34.4550,113.4000,7.064e-13
Metal1,31.2000,128.5200,Metal1,35.0400,128.5200,1.017e-12
Metal1,31.2000,136.0800,Metal1,35.0400,136.0800,1.121e-12
Metal1,31.2000,143.6400,Metal1,35.0400,143.6400,1.101e-12
Metal1,31.2000,151.2000,Metal1,35.0400,151.2000,1.069e-12
Metal1,31.2000,158.7600,Metal1,35.0400,158.7600,1.037e-12
Metal1,31.2150,45.3600,Metal1,31.9750,45.3600,1.588e-08
Metal1,31.2400,22.6800,Metal1,31.5000,22.6800,3.594e-06
Metal1,31.2500,52.9200,Metal1,31.5150,52.9200,1.286e-08
Metal1,31.4350,37.8000,Metal1,32.2250,37.8000,2.600e-09
Metal1,31.4950,90.7200,Metal1,31.7550,90.7200,7.798e-11
Metal1,31.5000,22.6800,Metal1,31.8100,22.6800,3.594e-06
Metal1,31.5150,52.9200,Metal1,32.4250,52.9200,1.286e-08
Metal1,31.7100,75.6000,Metal1,31.9700,75.6000,5.146e-07
Metal1,31.7550,90.7200,Metal1,32.5150,90.7200,5.001e-11
Metal1,31.8100,22.6800,Metal1,32.0800,22.6800,1.400e-06
Metal1,31.9150,60.4800,Metal1,32.7050,60.4800,3.282e-09
Metal1,31.9700,75.6000,Metal1,33.3000,75.6000,5.146e-07
Metal1,31.9750,45.3600,Metal1,32.2350,45.3600,5.541e-09
Metal1,32.0750,15.1200,Metal1,34.6900,15.1200,3.524e-06
Metal1,32.0800,22.6800,Metal1,32.1150,22.6800,1.400e-06
Metal1,32.1150,22.6800,Metal1,32.3750,22.6800,2.004e-06
Metal1,32.2250,37.8000,Metal1,32.4850,37.8000,7.624e-07
Metal1,32.2250,120.9600,Metal1,32.3950,120.9600,5.625e-13
Metal1,32.2350,45.3600,Metal1,32.7750,45.3600,1.558e-07
Metal1,32.3750,22.6800,Metal1,32.7450,22.6800,1.734e-08
Metal1,32.3950,120.9600,Metal1,35.0400,120.9600,5.639e-13
Metal1,32.4250,52.9200,Metal1,32.6850,52.9200,3.876e-06
Metal1,32.4850,37.8000,Metal1,33.0150,37.8000,7.624e-07
Metal1,32.5150,90.7200,Metal1,32.7750,90.7200,1.168e-08
Metal1,32.6400,68.0400,Metal1,35.7050,68.0400,4.809e-06
Metal1,32.6850,52.9200,Metal1,33.7300,52.9200,3.876e-06
Metal1,32.7050,60.4800,Metal1,32.9650,60.4800,9.624e-07
Metal1,32.7450,22.6800,Metal1,33.0850,23.3500,6.429e-10
Metal1,32.7700,30.2400,Metal1,33.0400,30.2400,1.833e-07
Metal1,32.7750,45.3600,Metal1,32.9950,45.5920,7.565e-09
Metal1,32.7750,90.7200,Metal1,33.5350,90.7200,1.168e-08
Metal1,32.9650,60.4800,Metal1,33.2550,60.4800,9.624e-07
Metal1,32.9950,45.5920,Metal1,33.0350,44.6200,7.565e-09
Metal1,33.0150,37.8000,Metal1,33.2750,37.8000,8.212e-08
Metal1,33.0350,44.6200,Metal1,33.2550,45.3600,5.695e-08
Metal1,33.0400,30.2400,Metal1,33.7050,30.2400,9.641e-10
Metal1,33.0850,23.3500,Metal1,33.4700,22.6800,1.896e-07
Metal1,33.2500,98.2800,Metal1,33.5200,98.2800,5.790e-12
Metal1,33.2550,45.3600,Metal1,34.0150,45.3600,1.400e-07
Metal1,33.2550,60.4800,Metal1,33.5150,60.4800,5.603e-08
Metal1,33.2750,37.8000,Metal1,35.2750,37.8000,1.008e-06
Metal1,33.3000,75.6000,Metal1,33.5700,75.6000,2.201e-08
Metal1,33.4700,22.6800,Metal1,34.1100,22.6800,2.025e-08
Metal1,33.5150,60.4800,Metal1,35.2550,60.4800,1.323e-06
Metal1,33.5200,98.2800,Metal1,34.1850,98.2800,2.998e-10
Metal1,33.5350,90.7200,Metal1,33.7950,90.7200,2.961e-06
Metal1,33.5700,75.6000,Metal1,35.5600,75.6000,1.328e-09
Metal1,33.7050,30.2400,Metal1,34.0450,29.5700,1.537e-08
Metal1,33.7300,52.9200,Metal1,34.0000,52.9200,1.725e-07
Metal1,33.7950,90.7200,Metal1,35.8950,90.7200,2.961e-06
Metal1,34.0000,52.9200,Metal1,34.6650,52.9200,9.073e-10
Metal1,34.0150,45.3600,Metal1,34.2750,45.3600,6.871e-06
Metal1,34.0450,29.5700,Metal1,34.4300,30.2400,4.119e-06
Metal1,34.1100,22.6800,Metal1,34.3700,22.6800,3.827e-06
Metal1,34.1850,98.2800,Metal1,34.5250,98.9500,4.626e-10
Metal1,34.2750,45.3600,Metal1,34.7750,45.3600,6.871e-06
Metal1,34.3700,22.6800,Metal1,34.4550,22.6800,3.827e-06
Metal1,34.4300,30.2400,Metal1,35.3300,30.2400,4.119e-06
Metal1,34.4550,22.6800,Metal1,34.7150,22.6800,3.562e-07
Metal1,34.4550,113.4000,Metal1,34.7150,113.4000,1.080e-09
Metal1,34.5250,98.9500,Metal1,34.9100,98.2800,6.207e-08
Metal1,34.6100,83.1600,Metal1,34.8750,83.1600,2.395e-08
Metal1,34.6650,52.9200,Metal1,35.0050,53.5900,1.446e-08
Metal1,34.6900,15.1200,Metal1,34.9600,15.1200,1.568e-07
Metal1,34.7150,22.6800,Metal1,36.6600,22.6800,3.850e-06
Metal1,34.7150,113.4000,Metal1,37.6200,113.4000,2.329e-08
Metal1,34.7750,45.3600,Metal1,35.0350,45.3600,8.812e-09
Metal1,34.8750,83.1600,Metal1,35.7850,83.1600,2.395e-08
Metal1,34.9100,98.2800,Metal1,36.3300,98.2800,6.207e-08
Metal1,34.9600,15.1200,Metal1,35.6250,15.1200,8.250e-10
Metal1,35.0050,53.5900,Metal1,35.3900,52.9200,3.876e-06
Metal1,35.0350,45.3600,Metal1,37.5050,45.3600,8.812e-09
Metal1,35.0400,120.9600,Metal1,39.8900,120.9600,7.337e-12
Metal1,35.0400,128.5200,Metal1,38.8800,128.5200,1.205e-12
Metal1,35.0400,136.0800,Metal1,38.8800,136.0800,1.322e-12
Metal1,35.0400,143.6400,Metal1,38.8800,143.6400,1.290e-12
Metal1,35.0400,151.2000,Metal1,38.8800,151.2000,1.258e-12
Metal1,35.0400,158.7600,Metal1,38.8800,158.7600,1.226e-12
Metal1,35.2550,60.4800,Metal1,35.5150,60.4800,1.696e-09
Metal1,35.2750,37.8000,Metal1,35.5350,37.8000,3.972e-09
Metal1,35.3300,30.2400,Metal1,35.5900,30.2400,6.249e-06
Metal1,35.3900,52.9200,Metal1,37.2500,52.9200,3.876e-06
Metal1,35.5150,60.4800,Metal1,37.9850,60.4800,1.696e-09
Metal1,35.5350,37.8000,Metal1,36.2950,37.8000,3.972e-09
Metal1,35.5600,75.6000,Metal1,35.8200,75.6000,7.917e-07
Metal1,35.5900,30.2400,Metal1,36.8800,30.2400,6.249e-06
Metal1,35.6250,15.1200,Metal1,35.9650,15.7900,1.315e-08
Metal1,35.7050,68.0400,Metal1,35.9650,68.0400,1.861e-08
Metal1,35.7850,83.1600,Metal1,36.0450,83.1600,7.216e-06
Metal1,35.8200,75.6000,Metal1,37.8150,75.6000,7.917e-07
Metal1,35.8950,90.7200,Metal1,36.1550,90.7200,2.758e-07
Metal1,35.9650,15.7900,Metal1,36.3500,15.1200,3.525e-06
Metal1,35.9650,68.0400,Metal1,36.7400,68.0400,1.861e-08
Metal1,36.0450,83.1600,Metal1,38.5150,83.1600,7.216e-06
Metal1,36.0500,105.8400,Metal1,36.3150,105.8400,1.281e-08
Metal1,36.1550,90.7200,Metal1,39.5400,90.7200,2.984e-06
Metal1,36.2950,37.8000,Metal1,36.5550,37.8000,2.447e-10
Metal1,36.3150,105.8400,Metal1,37.2250,105.8400,1.281e-08
Metal1,36.3300,98.2800,Metal1,36.5900,98.2800,5.518e-11
Metal1,36.3500,15.1200,Metal1,37.2900,15.1200,3.525e-06
Metal1,36.5550,37.8000,Metal1,37.3150,37.8000,2.204e-09
Metal1,36.5900,98.2800,Metal1,37.8400,98.2800,6.327e-08
Metal1,36.6600,22.6800,Metal1,36.9100,23.3100,4.736e-10
Metal1,36.7400,68.0400,Metal1,37.6750,68.0400,1.640e-08
Metal1,36.8800,30.2400,Metal1,36.9150,29.5700,6.249e-06
Metal1,36.9100,23.3100,Metal1,36.9300,22.1850,4.736e-10
Metal1,36.9150,29.5700,Metal1,37.1400,30.9100,9.241e-10
Metal1,36.9300,22.1850,Metal1,37.1700,22.6800,1.659e-10
Metal1,37.1400,30.9100,Metal1,37.1750,30.2400,9.241e-10
Metal1,37.1700,22.6800,Metal1,37.9300,22.6800,9.332e-11
Metal1,37.1750,30.2400,Metal1,38.9100,30.2400,1.534e-08
Metal1,37.2250,105.8400,Metal1,37.4850,105.8400,3.860e-06
Metal1,37.2500,52.9200,Metal1,37.5100,52.9200,4.576e-06
Metal1,37.2900,15.1200,Metal1,37.5500,15.1200,3.279e-07
Metal1,37.3150,37.8000,Metal1,37.3900,38.5400,2.204e-09
Metal1,37.3900,38.5400,Metal1,37.5750,37.3050,1.922e-09
Metal1,37.4850,105.8400,Metal1,40.3200,105.8400,3.860e-06
Metal1,37.5050,45.3600,Metal1,37.6750,45.3600,1.060e-11
Metal1,37.5100,52.9200,Metal1,39.2550,52.9200,4.576e-06
Metal1,37.5500,15.1200,Metal1,38.7750,15.1200,3.652e-06
Metal1,37.5750,37.3050,Metal1,37.6500,37.8000,1.922e-09
Metal1,37.6200,113.4000,Metal1,37.8400,114.0300,5.102e-12
Metal1,37.6500,37.8000,Metal1,38.3350,37.8000,6.622e-09
Metal1,37.6750,45.3600,Metal1,40.3200,45.3600,1.060e-11
Metal1,37.6750,68.0400,Metal1,38.4650,68.0400,1.640e-08
Metal1,37.8150,75.6000,Metal1,38.0750,75.6000,8.462e-08
Metal1,37.8400,98.2800,Metal1,38.1000,98.2800,1.028e-08
Metal1,37.8400,114.0300,Metal1,37.8900,112.7300,5.102e-12
Metal1,37.8900,112.7300,Metal1,38.1000,113.4000,2.235e-10
Metal1,37.9300,22.6800,Metal1,38.5300,22.6800,2.403e-08
Metal1,37.9850,60.4800,Metal1,38.1550,60.4800,6.737e-11
Metal1,38.0750,75.6000,Metal1,39.1700,75.6000,1.032e-06
Metal1,38.1000,98.2800,Metal1,38.4500,98.2800,1.600e-07
Metal1,38.1000,113.4000,Metal1,39.7350,113.4000,1.896e-07
Metal1,38.1550,60.4800,Metal1,42.6400,60.4800,6.728e-11
Metal1,38.3350,37.8000,Metal1,38.4100,38.2600,6.622e-09
Metal1,38.4100,38.2600,Metal1,38.5950,37.3070,1.498e-08
Metal1,38.4500,98.2800,Metal1,38.7150,98.2800,1.038e-09
Metal1,38.4650,68.0400,Metal1,38.7250,68.0400,4.810e-06
Metal1,38.5150,83.1600,Metal1,40.9850,83.1600,7.216e-06
Metal1,38.5300,22.6800,Metal1,38.9200,22.6800,2.403e-08
Metal1,38.5950,37.3070,Metal1,39.0100,37.8000,3.547e-06
Metal1,38.7150,98.2800,Metal1,39.5950,98.2800,1.038e-09
Metal1,38.7250,68.0400,Metal1,39.0950,68.0400,4.810e-06
Metal1,38.7750,15.1200,Metal1,39.0350,15.1200,3.505e-07
Metal1,38.8800,128.5200,Metal1,42.7200,128.5200,1.394e-12
Metal1,38.8800,136.0800,Metal1,42.7200,136.0800,1.510e-12
Metal1,38.8800,143.6400,Metal1,42.7200,143.6400,1.478e-12
Metal1,38.8800,151.2000,Metal1,42.7200,151.2000,1.446e-12
Metal1,38.8800,158.7600,Metal1,42.7200,158.7600,1.415e-12
Metal1,38.9100,30.2400,Metal1,39.1700,30.2400,6.583e-06
Metal1,38.9200,22.6800,Metal1,39.1800,22.6800,4.197e-06
Metal1,39.0100,37.8000,Metal1,40.6500,37.8000,3.547e-06
Metal1,39.0350,15.1200,Metal1,40.9350,15.1200,3.903e-06
Metal1,39.0950,68.0400,Metal1,39.3550,68.0400,6.168e-09
Metal1,39.1700,30.2400,Metal1,41.7300,30.2400,6.583e-06
Metal1,39.1700,75.6000,Metal1,39.4300,75.6000,1.793e-06
Metal1,39.1800,22.6800,Metal1,39.5750,22.6800,4.197e-06
Metal1,39.2550,52.9200,Metal1,39.5150,52.9200,4.256e-07
Metal1,39.3550,68.0400,Metal1,41.8250,68.0400,6.168e-09
Metal1,39.4300,75.6000,Metal1,40.0550,75.6000,1.793e-06
Metal1,39.5150,52.9200,Metal1,41.9400,52.9200,4.599e-06
Metal1,39.5400,90.7200,Metal1,39.8100,90.7200,1.275e-07
Metal1,39.5750,22.6800,Metal1,39.8350,22.6800,2.444e-07
Metal1,39.5950,98.2800,Metal1,39.6250,99.0020,1.038e-09
Metal1,39.6250,99.0020,Metal1,39.8550,97.5500,8.108e-10
Metal1,39.7350,113.4000,Metal1,39.8800,112.7220,4.383e-08
Metal1,39.8100,90.7200,Metal1,41.8000,90.7200,5.531e-09
Metal1,39.8350,22.6800,Metal1,40.7050,22.6800,8.289e-10
Metal1,39.8550,97.5500,Metal1,39.8850,98.2800,8.108e-10
Metal1,39.8800,112.7220,Metal1,39.9950,114.0300,4.383e-08
Metal1,39.8850,98.2800,Metal1,40.6150,98.2800,8.108e-10
Metal1,39.8900,120.9600,Metal1,40.1550,120.9600,1.093e-08
Metal1,39.9950,114.0300,Metal1,40.1400,113.4000,1.631e-07
Metal1,40.0550,75.6000,Metal1,40.3150,75.6000,3.245e-07
Metal1,40.1400,113.4000,Metal1,40.7550,113.4000,6.409e-07
Metal1,40.1550,120.9600,Metal1,41.0650,120.9600,1.093e-08
Metal1,40.3150,75.6000,Metal1,40.4550,75.6000,3.245e-07
Metal1,40.3200,45.3600,Metal1,45.1700,45.3600,2.309e-11
Metal1,40.3200,105.8400,Metal1,44.1600,105.8400,3.860e-06
Metal1,40.4550,75.6000,Metal1,40.7150,75.6000,7.078e-09
Metal1,40.6150,98.2800,Metal1,40.8750,98.2800,2.171e-08
Metal1,40.6500,37.8000,Metal1,40.9100,37.8000,2.848e-07
Metal1,40.7050,22.6800,Metal1,40.9650,22.6800,2.148e-08
Metal1,40.7150,75.6000,Metal1,42.7850,75.6000,3.583e-08
Metal1,40.7550,113.4000,Metal1,41.0150,113.4000,2.954e-08
Metal1,40.8750,98.2800,Metal1,41.2350,98.2800,2.171e-08
Metal1,40.9100,37.8000,Metal1,44.0650,37.8000,3.965e-06
Metal1,40.9350,15.1200,Metal1,41.1950,15.1200,2.002e-07
Metal1,40.9650,22.6800,Metal1,42.3050,22.6800,2.148e-08
Metal1,40.9850,83.1600,Metal1,41.2450,83.1600,2.792e-08
Metal1,41.0150,113.4000,Metal1,42.6700,113.4000,6.689e-10
Metal1,41.0650,120.9600,Metal1,41.3250,120.9600,3.294e-06
Metal1,41.1950,15.1200,Metal1,44.6400,15.1200,4.263e-06
Metal1,41.2350,98.2800,Metal1,41.4950,98.2800,4.572e-08
Metal1,41.2450,83.1600,Metal1,42.0200,83.1600,2.792e-08
Metal1,41.3250,120.9600,Metal1,44.1600,120.9600,3.294e-06
Metal1,41.4950,98.2800,Metal1,41.6350,98.2800,4.572e-08
Metal1,41.6350,98.2800,Metal1,41.8950,98.2800,1.165e-08
Metal1,41.7300,30.2400,Metal1,44.2900,30.2400,6.583e-06
Metal1,41.8000,90.7200,Metal1,42.0600,90.7200,3.261e-06
Metal1,41.8250,68.0400,Metal1,41.9950,68.0400,5.239e-12
Metal1,41.8950,98.2800,Metal1,42.6550,98.2800,1.165e-08
Metal1,41.9400,52.9200,Metal1,42.2100,52.9200,1.965e-07
Metal1,41.9950,68.0400,Metal1,45.8400,68.0400,5.141e-12
Metal1,42.0200,83.1600,Metal1,42.9550,83.1600,2.461e-08
Metal1,42.0600,90.7200,Metal1,42.3700,90.7200,3.261e-06
Metal1,42.2100,52.9200,Metal1,44.2000,52.9200,8.280e-09
Metal1,42.3050,22.6800,Metal1,42.4750,22.6800,2.048e-11
Metal1,42.3700,90.7200,Metal1,42.6400,90.7200,1.451e-07
Metal1,42.4750,22.6800,Metal1,45.8400,22.6800,2.038e-11
Metal1,42.6400,60.4800,Metal1,42.9000,60.4800,4.399e-09
Metal1,42.6400,90.7200,Metal1,43.3050,90.7200,7.633e-10
Metal1,42.6550,98.2800,Metal1,42.9150,98.2800,7.407e-08
Metal1,42.6700,113.4000,Metal1,42.7500,112.9050,6.689e-10
Metal1,42.7200,128.5200,Metal1,45.1870,128.5200,1.585e-12
Metal1,42.7200,136.0800,Metal1,46.5600,136.0800,1.699e-12
Metal1,42.7200,143.6400,Metal1,46.5600,143.6400,1.667e-12
Metal1,42.7200,151.2000,Metal1,46.5600,151.2000,1.635e-12
Metal1,42.7200,158.7600,Metal1,46.5600,158.7600,1.603e-12
Metal1,42.7500,112.9050,Metal1,42.9300,113.7300,7.427e-10
Metal1,42.7850,75.6000,Metal1,42.9550,75.6000,8.627e-09
Metal1,42.9000,60.4800,Metal1,45.6500,60.4800,2.331e-10
Metal1,42.9150,98.2800,Metal1,43.2300,98.2800,7.407e-08
Metal1,42.9300,113.7300,Metal1,43.0100,113.4000,7.427e-10
Metal1,42.9550,75.6000,Metal1,44.1100,75.6000,8.627e-09
Metal1,42.9550,83.1600,Metal1,43.7450,83.1600,2.461e-08
Metal1,43.0100,113.4000,Metal1,43.6900,113.4000,4.459e-09
Metal1,43.2300,98.2800,Metal1,43.4900,98.2800,6.219e-06
Metal1,43.3050,90.7200,Metal1,43.6450,91.3900,1.217e-08
Metal1,43.4900,98.2800,Metal1,45.5500,98.2800,6.219e-06
Metal1,43.6450,91.3900,Metal1,44.0300,90.7200,3.261e-06
Metal1,43.6900,113.4000,Metal1,44.2900,113.4000,9.385e-07
Metal1,43.7450,83.1600,Metal1,44.0050,83.1600,7.217e-06
Metal1,44.0050,83.1600,Metal1,45.5050,83.1600,3.179e-08
Metal1,44.0300,90.7200,Metal1,45.4950,90.7200,3.261e-06
Metal1,44.0650,37.8000,Metal1,44.3250,37.8000,4.231e-06
Metal1,44.1100,75.6000,Metal1,44.3700,75.6000,3.161e-10
Metal1,44.1600,105.8400,Metal1,48.0000,105.8400,3.860e-06
Metal1,44.1600,120.9600,Metal1,48.6150,120.9600,3.294e-06
Metal1,44.2000,52.9200,Metal1,44.4600,52.9200,4.876e-06
Metal1,44.2900,30.2400,Metal1,44.5600,30.2400,2.929e-07
Metal1,44.2900,113.4000,Metal1,46.4650,113.4000,3.200e-09
Metal1,44.3250,37.8000,Metal1,47.0400,37.8000,4.231e-06
Metal1,44.3700,75.6000,Metal1,45.1300,75.6000,2.360e-10
Metal1,44.4600,52.9200,Metal1,48.6100,52.9200,4.876e-06
Metal1,44.5600,30.2400,Metal1,45.2250,30.2400,1.541e-09
Metal1,44.6400,15.1200,Metal1,48.2650,15.1200,4.263e-06
Metal1,45.1300,75.6000,Metal1,45.7300,75.6000,5.581e-08
Metal1,45.1700,45.3600,Metal1,45.4350,45.3600,3.440e-08
Metal1,45.1870,128.5200,Metal1,50.4000,128.5200,1.651e-12
Metal1,45.2250,30.2400,Metal1,45.5650,30.9100,2.457e-08
Metal1,45.4350,45.3600,Metal1,46.3450,45.3600,3.440e-08
Metal1,45.4950,90.7200,Metal1,45.7550,90.7200,3.139e-07
Metal1,45.5050,83.1600,Metal1,45.7650,83.1600,7.480e-06
Metal1,45.5500,98.2800,Metal1,45.8100,98.2800,4.434e-08
Metal1,45.5650,30.9100,Metal1,45.9500,30.2400,6.583e-06
Metal1,45.6500,60.4800,Metal1,45.9150,60.4800,1.444e-08
Metal1,45.7300,75.6000,Metal1,50.4500,75.6000,5.154e-11
Metal1,45.7550,90.7200,Metal1,47.6500,90.7200,3.505e-06
Metal1,45.7650,83.1600,Metal1,48.4300,83.1600,7.480e-06
Metal1,45.8100,98.2800,Metal1,45.9850,98.2800,3.159e-09
Metal1,45.8400,22.6800,Metal1,49.9700,22.6800,2.088e-11
Metal1,45.8400,68.0400,Metal1,49.7700,68.0400,1.222e-11
Metal1,45.9150,60.4800,Metal1,46.8250,60.4800,1.444e-08
Metal1,45.9500,30.2400,Metal1,46.2650,30.2400,6.583e-06
Metal1,45.9850,98.2800,Metal1,46.2450,98.2800,2.203e-07
Metal1,46.2450,98.2800,Metal1,46.5700,98.2800,6.658e-08
Metal1,46.2650,30.2400,Metal1,46.5250,30.2400,4.447e-09
Metal1,46.3450,45.3600,Metal1,46.6050,45.3600,1.037e-05
Metal1,46.4650,113.4000,Metal1,46.7250,113.4000,1.203e-06
Metal1,46.5250,30.2400,Metal1,47.3000,30.2400,4.447e-09
Metal1,46.5600,136.0800,Metal1,50.4000,136.0800,1.887e-12
Metal1,46.5600,143.6400,Metal1,50.4000,143.6400,1.856e-12
Metal1,46.5600,151.2000,Metal1,50.4000,151.2000,1.824e-12
Metal1,46.5600,158.7600,Metal1,50.4000,158.7600,1.792e-12
Metal1,46.5700,98.2800,Metal1,47.1700,98.2800,6.552e-06
Metal1,46.6050,45.3600,Metal1,47.6550,45.3600,1.037e-05
Metal1,46.7250,113.4000,Metal1,51.4900,113.4000,1.203e-06
Metal1,46.8250,60.4800,Metal1,47.0850,60.4800,4.352e-06
Metal1,47.0400,37.8000,Metal1,51.4900,37.8000,4.231e-06
Metal1,47.0850,60.4800,Metal1,48.4350,60.4800,4.352e-06
Metal1,47.1700,98.2800,Metal1,48.6950,98.2800,6.552e-06
Metal1,47.3000,30.2400,Metal1,47.4150,29.1970,4.447e-09
Metal1,47.4150,29.1970,Metal1,47.6750,29.1970,1.051e-09
Metal1,47.6500,90.7200,Metal1,47.9200,90.7200,1.560e-07
Metal1,47.6550,45.3600,Metal1,47.9150,45.3600,5.172e-07
Metal1,47.6750,29.1970,Metal1,48.2350,30.2400,1.662e-10
Metal1,47.9150,45.3600,Metal1,49.6550,45.3600,1.073e-05
Metal1,47.9200,90.7200,Metal1,48.5850,90.7200,8.206e-10
Metal1,48.0000,105.8400,Metal1,51.4470,105.8400,3.860e-06
Metal1,48.2350,30.2400,Metal1,49.0250,30.2400,2.696e-08
Metal1,48.2650,15.1200,Metal1,50.8800,15.1200,4.263e-06
Metal1,48.4300,83.1600,Metal1,51.0950,83.1600,7.480e-06
Metal1,48.4350,60.4800,Metal1,48.6950,60.4800,2.008e-07
Metal1,48.5850,90.7200,Metal1,48.9250,91.3900,1.308e-08
Metal1,48.6100,52.9200,Metal1,48.8800,52.9200,2.170e-07
Metal1,48.6150,120.9600,Metal1,48.8750,120.9600,1.704e-07
Metal1,48.6950,60.4800,Metal1,50.4300,60.4800,8.946e-09
Metal1,48.6950,98.2800,Metal1,48.9550,98.2800,8.402e-09
Metal1,48.8750,120.9600,Metal1,50.0500,120.9600,3.654e-06
Metal1,48.8800,52.9200,Metal1,49.5450,52.9200,1.141e-09
Metal1,48.9250,91.3900,Metal1,49.3100,90.7200,3.506e-06
Metal1,48.9550,98.2800,Metal1,51.4250,98.2800,8.402e-09
Metal1,49.0250,30.2400,Metal1,49.2850,30.2400,6.605e-06
Metal1,49.2850,30.2400,Metal1,49.5750,30.2400,6.605e-06
Metal1,49.3100,90.7200,Metal1,49.5750,90.7200,3.506e-06
Metal1,49.5450,52.9200,Metal1,49.8850,53.5900,1.820e-08
Metal1,49.5750,30.2400,Metal1,49.6550,30.0070,6.605e-06
Metal1,49.5750,90.7200,Metal1,49.8350,90.7200,1.808e-07
Metal1,49.6550,30.0070,Metal1,49.8350,30.9000,1.910e-10
Metal1,49.6550,45.3600,Metal1,49.9150,45.3600,1.376e-08
Metal1,49.7700,68.0400,Metal1,50.0300,68.0400,1.475e-08
Metal1,49.8350,30.9000,Metal1,49.9150,30.2400,1.910e-10
Metal1,49.8350,90.7200,Metal1,53.2800,90.7200,3.866e-06
Metal1,49.8850,53.5900,Metal1,50.2700,52.9200,4.876e-06
Metal1,49.9150,30.2400,Metal1,52.3850,30.2400,9.615e-09
Metal1,49.9150,45.3600,Metal1,52.3850,45.3600,1.376e-08
Metal1,49.9700,22.6800,Metal1,50.2350,22.6800,2.648e-08
Metal1,50.0300,68.0400,Metal1,51.5100,68.0400,1.475e-08
Metal1,50.0500,120.9600,Metal1,50.3200,120.9600,5.843e-07
Metal1,50.2350,22.6800,Metal1,51.1450,22.6800,2.648e-08
Metal1,50.2700,52.9200,Metal1,52.7050,52.9200,1.337e-08
Metal1,50.3200,120.9600,Metal1,50.6150,120.9600,5.843e-07
Metal1,50.4000,128.5200,Metal1,54.2400,128.5200,1.727e-12
Metal1,50.4000,136.0800,Metal1,54.2400,136.0800,2.076e-12
Metal1,50.4000,143.6400,Metal1,54.2400,143.6400,2.044e-12
Metal1,50.4000,151.2000,Metal1,54.2400,151.2000,2.012e-12
Metal1,50.4000,158.7600,Metal1,54.2400,158.7600,1.980e-12
Metal1,50.4300,60.4800,Metal1,50.6900,60.4800,4.580e-06
Metal1,50.4500,75.6000,Metal1,50.7150,75.6000,1.893e-08
Metal1,50.6150,120.9600,Metal1,50.8750,120.9600,2.954e-06
Metal1,50.6900,60.4800,Metal1,51.9700,60.4800,4.580e-06
Metal1,50.7150,75.6000,Metal1,51.6250,75.6000,1.893e-08
Metal1,50.8750,120.9600,Metal1,50.9850,120.9600,8.263e-08
Metal1,50.8800,15.1200,Metal1,55.3350,15.1200,4.263e-06
Metal1,50.9850,120.9600,Metal1,51.3250,120.2900,1.256e-10
Metal1,51.0950,83.1600,Metal1,51.3550,83.1600,9.456e-09
Metal1,51.1450,22.6800,Metal1,51.4050,22.6800,7.981e-06
Metal1,51.3250,120.2900,Metal1,51.7100,120.9600,1.163e-07
Metal1,51.3550,83.1600,Metal1,53.8250,83.1600,9.456e-09
Metal1,51.4050,22.6800,Metal1,53.8900,22.6800,7.981e-06
Metal1,51.4250,98.2800,Metal1,51.5950,98.2800,4.550e-10
Metal1,51.4470,105.8400,Metal1,54.2400,105.8400,3.860e-06
Metal1,51.4900,37.8000,Metal1,51.7600,37.8000,1.883e-07
Metal1,51.4900,113.4000,Metal1,51.7600,113.4000,2.087e-07
Metal1,51.5100,68.0400,Metal1,51.7800,68.0400,7.065e-06
Metal1,51.5950,98.2800,Metal1,55.3350,98.2800,4.549e-10
Metal1,51.6250,75.6000,Metal1,51.8850,75.6000,5.704e-06
Metal1,51.7100,120.9600,Metal1,52.6950,120.9600,1.163e-07
Metal1,51.7600,37.8000,Metal1,52.4250,37.8000,9.905e-10
Metal1,51.7600,113.4000,Metal1,52.0250,113.4000,2.087e-07
Metal1,51.7800,68.0400,Metal1,54.3020,68.0400,7.065e-06
Metal1,51.8850,75.6000,Metal1,52.9350,75.6000,5.704e-06
Metal1,51.9700,60.4800,Metal1,52.2400,60.4800,3.839e-08
Metal1,52.0250,113.4000,Metal1,52.2850,113.4000,9.862e-07
Metal1,52.2400,60.4800,Metal1,52.7500,60.4800,3.839e-08
Metal1,52.2850,113.4000,Metal1,52.4250,113.4000,2.194e-08
Metal1,52.3850,30.2400,Metal1,52.5550,30.2400,1.226e-10
Metal1,52.3850,45.3600,Metal1,52.5550,45.3600,1.406e-11
Metal1,52.4250,37.8000,Metal1,52.7650,37.1300,1.579e-08
Metal1,52.4250,113.4000,Metal1,52.7650,112.7300,4.998e-11
Metal1,52.5550,30.2400,Metal1,55.3300,30.2400,1.226e-10
Metal1,52.5550,45.3600,Metal1,55.6800,45.3600,1.406e-11
Metal1,52.6950,120.9600,Metal1,52.9550,120.9600,1.867e-08
Metal1,52.7050,52.9200,Metal1,52.9650,52.9200,5.140e-06
Metal1,52.7500,60.4800,Metal1,52.9050,59.9850,9.291e-10
Metal1,52.7650,37.1300,Metal1,53.1500,37.8000,4.231e-06
Metal1,52.7650,112.7300,Metal1,53.0600,112.7300,8.542e-09
Metal1,52.9050,59.9850,Metal1,53.0100,61.5250,9.291e-10
Metal1,52.9350,75.6000,Metal1,53.1950,75.6000,2.885e-07
Metal1,52.9550,120.9600,Metal1,53.3450,120.9600,1.867e-08
Metal1,52.9650,52.9200,Metal1,53.8900,52.9200,5.140e-06
Metal1,53.0100,61.5250,Metal1,53.2450,61.1500,1.052e-08
Metal1,53.0600,112.7300,Metal1,53.1500,114.4420,8.542e-09
Metal1,53.1500,37.8000,Metal1,54.1600,37.8000,4.231e-06
Metal1,53.1500,114.4420,Metal1,53.9950,113.4000,7.023e-07
Metal1,53.1950,75.6000,Metal1,55.0950,75.6000,6.064e-06
Metal1,53.2450,61.1500,Metal1,53.6300,60.4800,2.478e-08
Metal1,53.2800,90.7200,Metal1,57.1200,90.7200,3.866e-06
Metal1,53.3450,120.9600,Metal1,53.5150,120.9600,1.183e-07
Metal1,53.5150,120.9600,Metal1,56.0800,120.9600,2.701e-09
Metal1,53.6300,60.4800,Metal1,53.7700,60.4800,2.478e-08
Metal1,53.7700,60.4800,Metal1,54.3700,60.4800,4.648e-06
Metal1,53.8250,83.1600,Metal1,53.9950,83.1600,1.058e-07
Metal1,53.8900,22.6800,Metal1,56.3750,22.6800,7.981e-06
Metal1,53.8900,52.9200,Metal1,54.1600,52.9200,2.287e-07
Metal1,53.9950,83.1600,Metal1,55.9700,83.1600,1.058e-07
Metal1,53.9950,113.4000,Metal1,54.6150,113.4000,7.023e-07
Metal1,54.1600,37.8000,Metal1,54.4200,37.8000,3.938e-07
Metal1,54.1600,52.9200,Metal1,54.8250,52.9200,1.203e-09
Metal1,54.2400,105.8400,Metal1,58.0800,105.8400,3.860e-06
Metal1,54.2400,128.5200,Metal1,58.0800,128.5200,1.915e-12
Metal1,54.2400,136.0800,Metal1,58.0800,136.0800,2.265e-12
Metal1,54.2400,143.6400,Metal1,58.0800,143.6400,2.233e-12
Metal1,54.2400,151.2000,Metal1,58.0800,151.2000,2.201e-12
Metal1,54.2400,158.7600,Metal1,58.0800,158.7600,2.276e-12
Metal1,54.3020,68.0400,Metal1,56.8250,68.0400,7.065e-06
Metal1,54.3700,60.4800,Metal1,54.4550,60.4800,4.648e-06
Metal1,54.4200,37.8000,Metal1,56.0000,37.8000,4.321e-06
Metal1,54.4550,60.4800,Metal1,54.7150,60.4800,1.399e-07
Metal1,54.6150,113.4000,Metal1,54.7850,112.7220,9.763e-08
Metal1,54.7150,60.4800,Metal1,55.5750,60.4800,1.399e-07
Metal1,54.7850,112.7220,Metal1,54.8750,114.0750,9.763e-08
Metal1,54.8250,52.9200,Metal1,55.1650,53.5900,1.918e-08
Metal1,54.8750,114.0750,Metal1,55.0450,113.4000,4.041e-07
Metal1,55.0450,113.4000,Metal1,55.3350,113.4000,4.041e-07
Metal1,55.0950,75.6000,Metal1,55.3550,75.6000,5.637e-07
Metal1,55.1650,53.5900,Metal1,55.5500,52.9200,5.141e-06
Metal1,55.3300,30.2400,Metal1,55.6000,30.2400,2.705e-09
Metal1,55.3350,15.1200,Metal1,55.5950,15.1200,2.179e-07
Metal1,55.3350,98.2800,Metal1,55.5950,98.2800,1.767e-08
Metal1,55.3350,113.4000,Metal1,55.5950,113.4000,7.991e-08
Metal1,55.3550,75.6000,Metal1,56.1150,75.6000,6.086e-06
Metal1,55.5500,52.9200,Metal1,56.0800,52.9200,5.141e-06
Metal1,55.5750,60.4800,Metal1,55.8350,60.4800,1.548e-09
Metal1,55.5950,15.1200,Metal1,57.4950,15.1200,4.623e-06
Metal1,55.5950,98.2800,Metal1,57.3350,98.2800,1.801e-07
Metal1,55.5950,113.4000,Metal1,57.3350,113.4000,1.810e-06
Metal1,55.6000,30.2400,Metal1,56.2650,30.2400,2.850e-10
Metal1,55.6800,45.3600,Metal1,60.0500,45.3600,3.510e-11
Metal1,55.8350,60.4800,Metal1,57.1850,60.4800,1.065e-07
Metal1,55.9700,83.1600,Metal1,56.2300,83.1600,2.035e-06
Metal1,56.0000,37.8000,Metal1,56.2600,37.8000,6.223e-07
Metal1,56.0800,52.9200,Metal1,56.3400,52.9200,4.810e-07
Metal1,56.0800,120.9600,Metal1,56.3400,120.9600,4.701e-09
Metal1,56.1150,75.6000,Metal1,56.3750,75.6000,2.808e-07
Metal1,56.2300,83.1600,Metal1,58.8600,83.1600,1.044e-08
Metal1,56.2600,37.8000,Metal1,56.9600,37.8000,6.223e-07
Metal1,56.2650,30.2400,Metal1,56.6050,29.5700,2.286e-10
Metal1,56.3400,52.9200,Metal1,59.5200,52.9200,5.306e-06
Metal1,56.3400,120.9600,Metal1,57.7800,120.9600,1.999e-07
Metal1,56.3750,22.6800,Metal1,56.6350,22.6800,1.033e-08
Metal1,56.3750,75.6000,Metal1,58.1100,75.6000,1.232e-08
Metal1,56.6050,29.5700,Metal1,56.9900,30.2400,6.100e-08
Metal1,56.6350,22.6800,Metal1,59.1050,22.6800,1.033e-08
Metal1,56.8250,68.0400,Metal1,57.0850,68.0400,5.457e-09
Metal1,56.9600,37.8000,Metal1,57.2200,37.8000,1.801e-06
Metal1,56.9900,30.2400,Metal1,57.3000,30.2400,6.100e-08
Metal1,57.0850,68.0400,Metal1,57.8600,68.0400,5.457e-09
Metal1,57.1200,90.7200,Metal1,60.9600,90.7200,3.866e-06
Metal1,57.1850,60.4800,Metal1,57.3550,60.4800,2.950e-07
Metal1,57.2200,37.8000,Metal1,57.4050,37.8000,1.801e-06
Metal1,57.3000,30.2400,Metal1,57.5700,30.2400,2.587e-09
Metal1,57.3350,98.2800,Metal1,57.5950,98.2800,2.022e-07
Metal1,57.3350,113.4000,Metal1,57.5950,113.4000,3.840e-09
Metal1,57.3550,60.4800,Metal1,57.7350,60.4800,2.950e-07
Metal1,57.4050,37.8000,Metal1,57.6650,37.8000,5.908e-07
Metal1,57.4950,15.1200,Metal1,57.7550,15.1200,4.300e-07
Metal1,57.5700,30.2400,Metal1,59.5600,30.2400,3.531e-10
Metal1,57.5950,98.2800,Metal1,59.0900,98.2800,2.022e-07
Metal1,57.5950,113.4000,Metal1,60.0650,113.4000,3.839e-09
Metal1,57.6650,37.8000,Metal1,58.3650,37.8000,5.908e-07
Metal1,57.7350,60.4800,Metal1,57.9950,60.4800,5.630e-09
Metal1,57.7550,15.1200,Metal1,59.7050,15.1200,4.644e-06
Metal1,57.7800,120.9600,Metal1,58.0500,120.9600,8.521e-09
Metal1,57.8600,68.0400,Metal1,58.0000,66.9970,5.457e-09
Metal1,57.9950,60.4800,Metal1,60.6150,60.4800,6.537e-08
Metal1,58.0000,66.9970,Metal1,58.2600,66.9970,9.263e-09
Metal1,58.0500,120.9600,Metal1,60.0400,120.9600,1.127e-10
Metal1,58.0800,105.8400,Metal1,61.4800,105.8400,3.860e-06
Metal1,58.0800,128.5200,Metal1,61.4800,128.5200,1.994e-12
Metal1,58.0800,136.0800,Metal1,61.4800,136.0800,2.344e-12
Metal1,58.0800,143.6400,Metal1,61.4800,143.6400,2.312e-12
Metal1,58.0800,151.2000,Metal1,61.4800,151.2000,2.279e-12
Metal1,58.0800,158.7600,Metal1,61.4800,158.7600,2.355e-12
Metal1,58.1100,75.6000,Metal1,58.3700,75.6000,6.303e-06
Metal1,58.2600,66.9970,Metal1,58.7950,68.0400,1.429e-08
Metal1,58.3650,37.8000,Metal1,58.6250,37.8000,1.474e-06
Metal1,58.3700,75.6000,Metal1,59.7000,75.6000,6.303e-06
Metal1,58.6250,37.8000,Metal1,58.8600,37.8000,1.474e-06
Metal1,58.7950,68.0400,Metal1,59.5850,68.0400,1.429e-08
Metal1,58.8600,37.8000,Metal1,59.1200,37.8000,4.129e-08
Metal1,58.8600,83.1600,Metal1,61.4900,83.1600,1.044e-08
Metal1,59.0900,98.2800,Metal1,59.3550,98.2800,3.916e-07
Metal1,59.1050,22.6800,Metal1,59.2750,22.6800,7.103e-08
Metal1,59.1200,37.8000,Metal1,59.8200,37.8000,4.129e-08
Metal1,59.2750,22.6800,Metal1,61.0900,22.6800,7.103e-08
Metal1,59.3550,98.2800,Metal1,60.0650,98.2800,3.916e-07
Metal1,59.5200,52.9200,Metal1,62.7950,52.9200,4.558e-06
Metal1,59.5200,52.9200,Metal2,61.4800,52.9200,9.864e-06
Metal1,59.5600,30.2400,Metal1,59.8200,30.2400,2.189e-07
Metal1,59.5850,68.0400,Metal1,59.8450,68.0400,7.157e-06
Metal1,59.7000,75.6000,Metal1,59.9700,75.6000,6.678e-07
Metal1,59.7050,15.1200,Metal1,59.9650,15.1200,1.102e-06
Metal1,59.8200,30.2400,Metal1,60.0500,30.2400,2.189e-07
Metal1,59.8200,37.8000,Metal1,59.8400,38.3000,4.129e-08
Metal1,59.8400,38.3000,Metal1,60.0800,37.0600,1.150e-09
Metal1,59.8450,68.0400,Metal1,60.2150,68.0400,7.157e-06
Metal1,59.9650,15.1200,Metal1,60.6650,15.1200,1.102e-06
Metal1,59.9700,75.6000,Metal1,61.9600,75.6000,1.876e-08
Metal1,59.9700,75.6000,Metal2,61.4800,75.6000,9.369e-06
Metal1,60.0400,120.9600,Metal1,60.3000,120.9600,7.754e-08
Metal1,60.0500,30.2400,Metal1,60.3150,30.2400,3.448e-08
Metal1,60.0500,45.3600,Metal1,60.3150,45.3600,4.711e-08
Metal1,60.0650,98.2800,Metal1,60.2350,98.2800,3.578e-06
Metal1,60.0650,113.4000,Metal1,60.2350,113.4000,1.184e-06
Metal1,60.0800,37.0600,Metal1,60.1000,37.8000,1.150e-09
Metal1,60.1000,37.8000,Metal1,60.6650,37.8000,1.523e-06
Metal1,60.2150,68.0400,Metal1,60.4750,68.0400,1.524e-05
Metal1,60.2350,98.2800,Metal1,60.2650,98.2800,3.578e-06
Metal1,60.2350,113.4000,Metal1,61.3900,113.4000,1.184e-06
Metal1,60.2650,98.2800,Metal1,60.5250,98.2800,1.476e-05
Metal1,60.3000,120.9600,Metal1,60.9150,120.9600,7.754e-08
Metal1,60.3150,30.2400,Metal1,61.2250,30.2400,3.448e-08
Metal1,60.3150,45.3600,Metal1,61.2250,45.3600,4.711e-08
Metal1,60.4750,68.0400,Metal1,62.9450,68.0400,4.111e-07
Metal1,60.4750,68.0400,Metal2,61.4800,68.0400,1.565e-05
Metal1,60.5250,98.2800,Metal1,62.7750,98.2800,5.508e-07
Metal1,60.5250,98.2800,Metal2,61.4800,98.2800,1.531e-05
Metal1,60.6150,60.4800,Metal1,60.8750,60.4800,5.808e-07
Metal1,60.6650,15.1200,Metal1,60.7400,14.4420,1.102e-06
Metal1,60.6650,37.8000,Metal1,60.8600,38.4770,7.670e-08
Metal1,60.7400,14.4420,Metal1,60.9250,16.1620,1.294e-06
Metal1,60.8600,38.4770,Metal1,60.9250,37.0600,7.670e-08
Metal1,60.8750,60.4800,Metal1,63.1700,60.4800,2.860e-07
Metal1,60.8750,60.4800,Metal2,61.4800,60.4800,1.231e-05
Metal1,60.9150,120.9600,Metal1,61.0100,120.2900,7.754e-08
Metal1,60.9250,16.1620,Metal1,61.6750,15.1200,8.244e-06
Metal1,60.9250,16.1620,Metal2,61.4800,15.1200,2.485e-05
Metal1,60.9250,37.0600,Metal1,61.1200,37.8000,3.700e-06
Metal1,60.9600,90.7200,Metal1,64.8000,90.7200,7.845e-06
Metal1,60.9600,90.7200,Metal2,61.4800,90.7200,1.171e-05
Metal1,61.0100,120.2900,Metal1,61.1750,121.6270,1.367e-06
Metal1,61.0900,22.6800,Metal1,61.3600,22.6800,9.001e-07
Metal1,61.1200,37.8000,Metal1,61.7000,37.8000,9.122e-06
Metal1,61.1200,37.8000,Metal2,61.4800,37.8000,1.282e-05
Metal1,61.1750,121.6270,Metal1,61.2750,120.9600,1.367e-06
Metal1,61.2250,30.2400,Metal1,61.4850,30.2400,1.906e-06
Metal1,61.2250,30.2400,Metal2,61.4800,30.2400,1.208e-05
Metal1,61.2250,45.3600,Metal1,61.4850,45.3600,7.070e-06
Metal1,61.2250,45.3600,Metal2,61.4800,45.3600,2.127e-05
Metal1,61.2750,120.9600,Metal1,62.1850,120.9600,9.752e-06
Metal1,61.2750,120.9600,Metal2,61.4800,120.9600,1.112e-05
Metal1,61.3600,22.6800,Metal1,62.0250,22.6800,9.431e-08
Metal1,61.3600,22.6800,Metal2,61.4800,22.6800,2.026e-05
Metal1,61.3900,113.4000,Metal1,61.6500,113.4000,2.841e-07
Metal1,61.3900,113.4000,Metal2,61.4800,113.4000,8.693e-06
Metal1,61.4800,105.8400,Metal1,65.4100,105.8400,2.616e-06
Metal1,61.4800,105.8400,Metal2,61.4800,105.8400,6.476e-06
Metal1,61.4800,128.5200,Metal1,65.7600,128.5200,2.523e-07
Metal1,61.4800,128.5200,Metal2,61.4800,128.5200,2.523e-07
Metal1,61.4800,136.0800,Metal1,65.7600,136.0800,3.582e-08
Metal1,61.4800,136.0800,Metal2,61.4800,136.0800,3.583e-08
Metal1,61.4800,143.6400,Metal1,65.7600,143.6400,3.557e-08
Metal1,61.4800,143.6400,Metal2,61.4800,143.6400,3.557e-08
Metal1,61.4800,151.2000,Metal1,65.7600,151.2000,3.539e-08
Metal1,61.4800,151.2000,Metal2,61.4800,151.2000,3.539e-08
Metal1,61.4800,158.7600,Metal1,65.7600,158.7600,3.531e-08
Metal1,61.4800,158.7600,Metal2,61.4800,158.7600,3.531e-08
Metal1,61.4850,30.2400,Metal1,63.9700,30.2400,1.906e-06
Metal1,61.4850,45.3600,Metal1,62.8000,45.3600,7.070e-06
Metal1,61.4900,83.1600,Metal1,61.7550,83.1600,2.001e-06
Metal1,61.4900,83.1600,Metal2,61.4800,83.1600,1.684e-05
Metal1,61.6500,113.4000,Metal1,62.4100,113.4000,3.284e-08
Metal1,61.6750,15.1200,Metal1,61.7000,15.1200,8.244e-06
Metal1,61.7000,15.1200,Metal1,62.4650,14.0770,8.609e-06
Metal1,61.7000,37.8000,Metal1,62.6350,37.8000,5.654e-08
Metal1,61.7550,83.1600,Metal1,62.5350,83.1600,2.001e-06
Metal1,61.9600,75.6000,Metal1,62.2200,75.6000,2.789e-06
Metal1,62.0250,22.6800,Metal1,62.3650,23.3500,7.566e-08
Metal1,62.1850,120.9600,Metal1,62.4450,120.9600,4.965e-08
Metal1,62.2200,75.6000,Metal1,66.7200,75.6000,2.789e-06
Metal1,62.3650,23.3500,Metal1,62.7500,22.6800,7.460e-08
Metal1,62.4100,113.4000,Metal1,63.0100,113.4000,7.440e-06
Metal1,62.4450,120.9600,Metal1,62.9100,120.9600,4.965e-08
Metal1,62.4650,14.0770,Metal1,62.6350,15.7950,9.523e-07
Metal1,62.5350,83.1600,Metal1,62.6650,83.3920,2.001e-06
Metal1,62.6350,15.7950,Metal1,62.7250,15.1200,9.523e-07
Metal1,62.6350,37.8000,Metal1,63.4250,37.8000,5.654e-08
Metal1,62.6650,83.3920,Metal1,62.7950,82.4300,9.853e-07
Metal1,62.7250,15.1200,Metal1,63.0600,15.1200,9.523e-07
Metal1,62.7500,22.6800,Metal1,63.2800,22.6800,7.460e-08
Metal1,62.7750,98.2800,Metal1,63.0350,98.2800,5.002e-08
Metal1,62.7950,52.9200,Metal1,65.7600,52.9200,4.558e-06
Metal1,62.7950,82.4300,Metal1,62.9250,83.1600,1.306e-06
Metal1,62.8000,45.3600,Metal1,63.0600,45.3600,6.435e-07
Metal1,62.9100,120.9600,Metal1,63.1700,120.9600,3.905e-06
Metal1,62.9250,83.1600,Metal1,64.5350,83.1600,3.932e-06
Metal1,62.9450,68.0400,Metal1,63.1150,68.0400,3.202e-10
Metal1,63.0100,113.4000,Metal1,65.1850,113.4000,4.239e-10
Metal1,63.0350,98.2800,Metal1,66.1600,98.2800,2.900e-08
Metal1,63.0600,15.1200,Metal1,63.3300,15.1200,1.464e-05
Metal1,63.0600,45.3600,Metal1,65.4100,45.3600,6.907e-06
Metal1,63.1150,68.0400,Metal1,67.3300,68.0400,3.203e-10
Metal1,63.1700,60.4800,Metal1,63.4300,60.4800,3.572e-07
Metal1,63.1700,120.9600,Metal1,66.2400,120.9600,3.905e-06
Metal1,63.2800,22.6800,Metal1,63.5400,22.6800,2.828e-09
Metal1,63.3300,15.1200,Metal1,63.4250,15.1200,1.464e-05
Metal1,63.4250,15.1200,Metal1,63.6850,15.1200,4.606e-06
Metal1,63.4250,37.8000,Metal1,63.6850,37.8000,7.522e-06
Metal1,63.4300,60.4800,Metal1,64.8500,60.4800,3.572e-07
Metal1,63.5400,22.6800,Metal1,64.9300,22.6800,1.317e-08
Metal1,63.6850,15.1200,Metal1,64.1600,15.1200,4.606e-06
Metal1,63.6850,37.8000,Metal1,64.8150,37.8000,7.522e-06
Metal1,63.9700,30.2400,Metal1,64.2400,30.2400,8.482e-08
Metal1,64.1600,15.1200,Metal1,64.4200,15.1200,3.834e-08
Metal1,64.2400,30.2400,Metal1,64.9050,30.2400,4.462e-10
Metal1,64.4200,15.1200,Metal1,65.2000,15.1200,3.834e-08
Metal1,64.5350,83.1600,Metal1,64.7950,83.1600,5.046e-09
Metal1,64.7950,83.1600,Metal1,67.2650,83.1600,5.046e-09
Metal1,64.8000,90.7200,Metal1,68.0100,90.7200,7.845e-06
Metal1,64.8150,37.8000,Metal1,65.0750,37.8000,5.269e-07
Metal1,64.8500,60.4800,Metal1,65.1150,60.4800,7.356e-09
Metal1,64.9050,30.2400,Metal1,65.2450,29.5700,7.112e-09
Metal1,64.9300,22.6800,Metal1,65.2000,22.6800,5.859e-10
Metal1,65.0750,37.8000,Metal1,65.4650,37.8000,5.269e-07
Metal1,65.1150,60.4800,Metal1,66.0250,60.4800,7.356e-09
Metal1,65.1850,113.4000,Metal1,65.4450,113.4000,9.391e-09
Metal1,65.2000,15.1200,Metal1,65.3200,14.7900,1.423e-08
Metal1,65.2000,22.6800,Metal1,65.8650,22.6800,3.089e-12
Metal1,65.2450,29.5700,Metal1,65.6300,30.2400,1.906e-06
Metal1,65.3200,14.7900,Metal1,65.4600,15.7500,4.604e-06
Metal1,65.4100,45.3600,Metal1,65.6550,46.0300,9.113e-10
Metal1,65.4100,105.8400,Metal1,65.6800,105.8400,1.164e-07
Metal1,65.4450,113.4000,Metal1,67.7300,113.4000,9.391e-09
Metal1,65.4600,15.7500,Metal1,65.5800,15.1200,4.604e-06
Metal1,65.4650,37.8000,Metal1,65.7250,37.8000,3.451e-06
Metal1,65.5800,15.1200,Metal1,66.0800,15.1200,4.604e-06
Metal1,65.6300,30.2400,Metal1,65.8950,30.2400,1.906e-06
Metal1,65.6550,46.0300,Metal1,65.6800,44.6820,9.113e-10
Metal1,65.6800,44.6820,Metal1,65.9150,45.3600,1.643e-10
Metal1,65.6800,105.8400,Metal1,66.3450,105.8400,6.124e-10
Metal1,65.7250,37.8000,Metal1,66.5000,37.8000,2.943e-07
Metal1,65.7600,52.9200,Metal1,69.2500,52.9200,4.558e-06
Metal1,65.7600,128.5200,Metal1,69.6000,128.5200,2.523e-07
Metal1,65.7600,136.0800,Metal1,69.6000,136.0800,3.582e-08
Metal1,65.7600,143.6400,Metal1,69.6000,143.6400,3.556e-08
Metal1,65.7600,151.2000,Metal1,69.6000,151.2000,3.539e-08
Metal1,65.7600,158.7600,Metal1,69.6000,158.7600,3.531e-08
Metal1,65.8650,22.6800,Metal1,66.2050,23.3500,5.037e-11
Metal1,65.8950,30.2400,Metal1,66.1550,30.2400,8.462e-08
Metal1,65.9150,45.3600,Metal1,66.3450,45.3600,3.405e-10
Metal1,66.0250,60.4800,Metal1,66.2850,60.4800,2.574e-06
Metal1,66.0800,15.1200,Metal1,66.2300,15.7170,3.857e-06
Metal1,66.1550,30.2400,Metal1,68.4500,30.2400,1.545e-06
Metal1,66.1600,98.2800,Metal1,66.4200,98.2800,1.781e-09
Metal1,66.2050,23.3500,Metal1,66.5900,22.6800,1.350e-08
Metal1,66.2300,15.7170,Metal1,66.3400,14.4200,3.857e-06
Metal1,66.2400,120.9600,Metal1,69.1200,120.9600,3.905e-06
Metal1,66.2850,60.4800,Metal1,69.1200,60.4800,2.574e-06
Metal1,66.3400,14.4200,Metal1,66.4900,15.1200,1.106e-05
Metal1,66.3450,45.3600,Metal1,66.6850,46.0300,2.561e-08
Metal1,66.3450,105.8400,Metal1,66.6850,105.1700,9.762e-09
Metal1,66.4200,98.2800,Metal1,67.7300,98.2800,6.769e-08
Metal1,66.4900,15.1200,Metal1,66.8500,15.1200,1.106e-05
Metal1,66.5000,37.8000,Metal1,67.4350,37.8000,1.187e-06
Metal1,66.5900,22.6800,Metal1,66.7700,22.6800,1.350e-08
Metal1,66.6850,46.0300,Metal1,67.0700,45.3600,6.885e-06
Metal1,66.6850,105.1700,Metal1,67.0700,105.8400,2.616e-06
Metal1,66.7200,75.6000,Metal1,70.5600,75.6000,2.789e-06
Metal1,66.7700,22.6800,Metal1,67.0350,22.6800,3.069e-08
Metal1,66.8500,15.1200,Metal1,67.1200,15.1200,1.616e-07
Metal1,67.0350,22.6800,Metal1,67.9450,22.6800,3.069e-08
Metal1,67.0700,45.3600,Metal1,67.3350,45.3600,6.885e-06
Metal1,67.0700,105.8400,Metal1,68.0100,105.8400,2.616e-06
Metal1,67.1200,15.1200,Metal1,67.4850,15.1200,1.616e-07
Metal1,67.2650,83.1600,Metal1,67.4350,83.1600,2.601e-09
Metal1,67.3300,68.0400,Metal1,67.6000,68.0400,4.552e-10
Metal1,67.3350,45.3600,Metal1,67.5950,45.3600,9.106e-07
Metal1,67.4350,37.8000,Metal1,67.4700,37.8000,1.187e-06
Metal1,67.4350,83.1600,Metal1,68.5350,83.1600,2.601e-09
Metal1,67.4700,37.8000,Metal1,67.6700,37.8000,4.287e-07
Metal1,67.4850,15.1200,Metal1,67.7450,15.1200,2.791e-07
Metal1,67.5950,45.3600,Metal1,67.8950,45.3600,9.106e-07
Metal1,67.6000,68.0400,Metal1,68.2650,68.0400,2.389e-12
Metal1,67.6700,37.8000,Metal1,68.2250,37.8000,4.287e-07
Metal1,67.7300,98.2800,Metal1,67.9150,98.9470,1.280e-09
Metal1,67.7300,113.4000,Metal1,67.9950,113.4000,1.015e-08
Metal1,67.7450,15.1200,Metal1,67.7850,15.1200,2.791e-07
Metal1,67.7850,15.1200,Metal1,68.1250,14.4500,6.289e-10
Metal1,67.8950,45.3600,Metal1,68.1550,45.3600,5.393e-06
Metal1,67.9150,98.9470,Metal1,67.9950,97.5570,1.280e-09
Metal1,67.9450,22.6800,Metal1,68.0800,21.9500,9.262e-06
Metal1,67.9950,97.5570,Metal1,68.1750,98.2800,4.555e-10
Metal1,67.9950,113.4000,Metal1,68.9050,113.4000,1.015e-08
Metal1,68.0100,90.7200,Metal1,68.2700,90.7200,7.111e-07
Metal1,68.0100,105.8400,Metal1,68.2700,105.8400,2.333e-07
Metal1,68.0800,21.9500,Metal1,68.2050,23.3500,9.262e-06
Metal1,68.1250,14.4500,Metal1,68.5100,15.1200,1.105e-07
Metal1,68.1550,45.3600,Metal1,69.4500,45.3600,2.213e-07
Metal1,68.1750,98.2800,Metal1,68.9050,98.2800,4.555e-10
Metal1,68.2050,23.3500,Metal1,68.3400,22.6800,2.732e-08
Metal1,68.2250,37.8000,Metal1,68.4850,37.8000,5.887e-06
Metal1,68.2650,68.0400,Metal1,68.6050,68.7100,3.695e-11
Metal1,68.2700,90.7200,Metal1,69.3550,90.7200,7.719e-06
Metal1,68.2700,105.8400,Metal1,71.0400,105.8400,2.490e-06
Metal1,68.3400,22.6800,Metal1,69.4400,22.6800,9.099e-06
Metal1,68.4500,30.2400,Metal1,68.7100,30.2400,2.066e-07
Metal1,68.4850,37.8000,Metal1,68.8750,37.8000,5.887e-06
Metal1,68.5100,15.1200,Metal1,68.9400,15.1200,1.105e-07
Metal1,68.5350,83.1600,Metal1,68.7950,83.1600,8.418e-10
Metal1,68.6050,68.7100,Metal1,68.9900,68.0400,9.901e-09
Metal1,68.7100,30.2400,Metal1,69.8150,30.2400,2.066e-07
Metal1,68.7950,83.1600,Metal1,71.3300,83.1600,8.905e-07
Metal1,68.8750,37.8000,Metal1,68.9700,37.0770,5.887e-06
Metal1,68.9050,98.2800,Metal1,68.9350,99.0100,4.555e-10
Metal1,68.9050,113.4000,Metal1,69.1650,113.4000,3.050e-06
Metal1,68.9350,99.0100,Metal1,69.1650,97.7450,5.862e-10
Metal1,68.9400,15.1200,Metal1,69.2000,15.1200,1.932e-05
Metal1,68.9700,37.0770,Metal1,69.1350,38.4620,8.663e-11
Metal1,68.9900,68.0400,Metal1,70.2150,68.0400,9.901e-09
Metal1,69.1200,60.4800,Metal1,75.0650,60.4800,2.574e-06
Metal1,69.1200,120.9600,Metal1,73.3350,120.9600,3.905e-06
Metal1,69.1350,38.4620,Metal1,69.2300,37.8000,8.663e-11
Metal1,69.1650,97.7450,Metal1,69.1950,98.2800,5.862e-10
Metal1,69.1650,113.4000,Metal1,71.1750,113.4000,3.050e-06
Metal1,69.1950,98.2800,Metal1,69.9550,98.2800,1.701e-12
Metal1,69.2000,15.1200,Metal1,70.3700,15.1200,1.932e-05
Metal1,69.2300,37.8000,Metal1,69.8950,37.8000,2.725e-08
Metal1,69.2500,52.9200,Metal1,69.5200,52.9200,2.028e-07
Metal1,69.3550,90.7200,Metal1,69.6150,90.7200,3.042e-08
Metal1,69.4400,22.6800,Metal1,69.7000,22.6800,6.562e-07
Metal1,69.4500,45.3600,Metal1,69.7100,45.3600,1.449e-08
Metal1,69.5200,52.9200,Metal1,70.1850,52.9200,1.067e-09
Metal1,69.6000,128.5200,Metal1,73.4400,128.5200,2.523e-07
Metal1,69.6000,136.0800,Metal1,73.4400,136.0800,3.582e-08
Metal1,69.6000,143.6400,Metal1,73.4400,143.6400,3.556e-08
Metal1,69.6000,151.2000,Metal1,73.4400,151.2000,3.539e-08
Metal1,69.6000,158.7600,Metal1,73.4400,158.7600,3.531e-08
Metal1,69.6150,90.7200,Metal1,70.3750,90.7200,3.042e-08
Metal1,69.7000,22.6800,Metal1,70.3700,22.6800,6.562e-07
Metal1,69.7100,45.3600,Metal1,70.6250,45.3600,9.593e-08
Metal1,69.8150,30.2400,Metal1,70.0750,30.2400,2.648e-10
Metal1,69.8950,37.8000,Metal1,70.1550,37.8000,3.235e-08
Metal1,69.9550,98.2800,Metal1,70.2150,98.2800,1.861e-10
Metal1,70.0750,30.2400,Metal1,72.5450,30.2400,2.649e-10
Metal1,70.1550,37.8000,Metal1,70.4000,37.8000,3.235e-08
Metal1,70.1850,52.9200,Metal1,70.5250,53.5900,1.701e-08
Metal1,70.2150,68.0400,Metal1,70.4750,68.0400,7.145e-08
Metal1,70.2150,98.2800,Metal1,70.9750,98.2800,1.860e-10
Metal1,70.3700,15.1200,Metal1,70.4000,14.7850,1.932e-05
Metal1,70.3700,22.6800,Metal1,70.6300,22.6800,1.425e-06
Metal1,70.3750,90.7200,Metal1,70.6350,90.7200,1.209e-09
Metal1,70.4000,14.7850,Metal1,70.6300,15.8600,4.622e-09
Metal1,70.4000,37.8000,Metal1,70.6600,37.8000,3.158e-08
Metal1,70.4750,68.0400,Metal1,70.6100,68.0400,7.145e-08
Metal1,70.5250,53.5900,Metal1,70.9100,52.9200,4.558e-06
Metal1,70.5600,75.6000,Metal1,74.4000,75.6000,2.789e-06
Metal1,70.6100,68.0400,Metal1,70.8750,68.0400,2.745e-07
Metal1,70.6250,45.3600,Metal1,70.7950,45.3600,1.380e-06
Metal1,70.6300,15.8600,Metal1,70.6600,15.1200,4.622e-09
Metal1,70.6300,22.6800,Metal1,70.8450,22.6800,1.425e-06
Metal1,70.6350,90.7200,Metal1,71.3950,90.7200,9.313e-11
Metal1,70.6600,15.1200,Metal1,71.4200,15.1200,7.642e-08
Metal1,70.6600,37.8000,Metal1,70.9150,37.8000,3.158e-08
Metal1,70.7950,45.3600,Metal1,71.0550,45.3600,5.437e-09
Metal1,70.8450,22.6800,Metal1,71.1050,22.6800,1.297e-08
Metal1,70.8750,68.0400,Metal1,71.7850,68.0400,4.454e-09
Metal1,70.9100,52.9200,Metal1,71.6550,52.9200,4.558e-06
Metal1,70.9150,37.8000,Metal1,71.1750,37.8000,8.739e-09
Metal1,70.9750,98.2800,Metal1,70.9950,97.8200,1.860e-10
Metal1,70.9950,97.8200,Metal1,71.2350,98.9500,4.220e-10
Metal1,71.0400,105.8400,Metal1,74.5200,105.8400,2.490e-06
Metal1,71.0550,45.3600,Metal1,71.8150,45.3600,5.437e-09
Metal1,71.1050,22.6800,Metal1,72.3000,22.6800,1.297e-08
Metal1,71.1750,37.8000,Metal1,71.8050,37.8000,8.739e-09
Metal1,71.1750,113.4000,Metal1,71.4350,113.4000,1.407e-07
Metal1,71.2350,98.9500,Metal1,71.2550,98.2800,4.220e-10
Metal1,71.2550,98.2800,Metal1,71.7000,98.2800,4.220e-10
Metal1,71.3300,83.1600,Metal1,71.5900,83.1600,8.342e-07
Metal1,71.3950,90.7200,Metal1,71.6550,90.7200,2.069e-08
Metal1,71.4200,15.1200,Metal1,71.6800,15.1200,1.797e-05
Metal1,71.4350,113.4000,Metal1,73.1750,113.4000,2.690e-06
Metal1,71.5900,83.1600,Metal1,73.6200,83.1600,8.342e-07
Metal1,71.6550,52.9200,Metal1,71.9150,52.9200,2.147e-07
Metal1,71.6550,90.7200,Metal1,72.4150,90.7200,2.069e-08
Metal1,71.6800,15.1200,Metal1,72.2900,15.1200,1.797e-05
Metal1,71.7000,98.2800,Metal1,71.9700,98.2800,3.592e-08
Metal1,71.7850,68.0400,Metal1,72.0450,68.0400,4.631e-06
Metal1,71.8050,37.8000,Metal1,71.9350,38.3000,8.739e-09
Metal1,71.8150,45.3600,Metal1,72.0750,45.3600,2.147e-10
Metal1,71.9150,52.9200,Metal1,73.6550,52.9200,4.197e-06
Metal1,71.9350,38.3000,Metal1,72.0650,37.3400,6.420e-09
Metal1,71.9700,98.2800,Metal1,72.9900,98.2800,2.640e-09
Metal1,72.0450,68.0400,Metal1,72.2150,68.0400,4.631e-06
Metal1,72.0650,37.3400,Metal1,72.1950,37.8000,1.953e-08
Metal1,72.0750,45.3600,Metal1,72.8350,45.3600,1.745e-11
Metal1,72.1950,37.8000,Metal1,72.6100,37.8000,1.953e-08
Metal1,72.2150,68.0400,Metal1,72.4750,68.0400,1.507e-08
Metal1,72.2900,15.1200,Metal1,72.5500,15.1200,1.689e-05
Metal1,72.3000,22.6800,Metal1,72.5600,22.6800,6.522e-06
Metal1,72.4150,90.7200,Metal1,72.6750,90.7200,5.245e-06
Metal1,72.4750,68.0400,Metal1,73.1450,68.0400,1.507e-08
Metal1,72.5450,30.2400,Metal1,72.7150,30.2400,2.537e-13
Metal1,72.5500,15.1200,Metal1,73.0950,15.1200,1.689e-05
Metal1,72.5600,22.6800,Metal1,73.0900,22.6800,6.522e-06
Metal1,72.6100,37.8000,Metal1,72.8800,37.8000,1.919e-08
Metal1,72.6750,90.7200,Metal1,73.3600,90.7200,5.245e-06
Metal1,72.7150,30.2400,Metal1,75.8400,30.2400,2.622e-13
Metal1,72.8350,45.3600,Metal1,73.0950,45.3600,4.318e-09
Metal1,72.8800,37.8000,Metal1,73.2600,37.8000,1.919e-08
Metal1,72.9900,98.2800,Metal1,73.2500,98.2800,1.102e-08
Metal1,73.0900,22.6800,Metal1,73.3600,22.6800,2.902e-07
Metal1,73.0950,15.1200,Metal1,73.3550,15.1200,8.196e-07
Metal1,73.0950,45.3600,Metal1,73.8550,45.3600,4.318e-09
Metal1,73.1450,68.0400,Metal1,73.4050,68.0400,8.301e-11
Metal1,73.1750,113.4000,Metal1,73.4350,113.4000,8.325e-09
Metal1,73.2500,98.2800,Metal1,73.9600,98.2800,1.102e-08
Metal1,73.2600,37.8000,Metal1,73.5200,37.8000,8.108e-08
Metal1,73.3350,120.9600,Metal1,73.5950,120.9600,3.509e-07
Metal1,73.3550,15.1200,Metal1,74.2100,15.1200,1.653e-05
Metal1,73.3600,22.6800,Metal1,74.0250,22.6800,1.527e-09
Metal1,73.3600,90.7200,Metal1,73.6200,90.7200,4.785e-07
Metal1,73.4050,68.0400,Metal1,74.1800,68.0400,8.301e-11
Metal1,73.4350,113.4000,Metal1,74.1050,113.4000,8.325e-09
Metal1,73.4400,128.5200,Metal1,77.2800,128.5200,2.523e-07
Metal1,73.4400,136.0800,Metal1,77.2800,136.0800,3.582e-08
Metal1,73.4400,143.6400,Metal1,77.2800,143.6400,3.556e-08
Metal1,73.4400,151.2000,Metal1,77.2800,151.2000,3.539e-08
Metal1,73.4400,158.7600,Metal1,77.2800,158.7600,3.531e-08
Metal1,73.5200,37.8000,Metal1,73.5450,37.8000,8.108e-08
Metal1,73.5450,37.8000,Metal1,73.8850,37.1300,1.070e-08
Metal1,73.5950,120.9600,Metal1,75.7350,120.9600,3.659e-06
Metal1,73.6200,83.1600,Metal1,73.8900,83.1600,5.502e-08
Metal1,73.6200,90.7200,Metal1,76.8000,90.7200,5.148e-06
Metal1,73.6550,52.9200,Metal1,73.9150,52.9200,5.081e-09
Metal1,73.8550,45.3600,Metal1,74.1150,45.3600,1.095e-06
Metal1,73.8850,37.1300,Metal1,74.2400,37.1300,2.788e-06
Metal1,73.8900,83.1600,Metal1,74.9300,83.1600,4.555e-07
Metal1,73.9150,52.9200,Metal1,75.4900,52.9200,5.081e-09
Metal1,73.9600,98.2800,Metal1,74.2200,98.2800,1.131e-06
Metal1,74.0250,22.6800,Metal1,74.3650,22.0100,2.434e-08
Metal1,74.1050,113.4000,Metal1,74.3650,113.4000,4.858e-11
Metal1,74.1150,45.3600,Metal1,78.2900,45.3600,8.506e-10
Metal1,74.1800,68.0400,Metal1,74.9450,66.9970,6.460e-09
Metal1,74.2100,15.1200,Metal1,74.4700,15.1200,1.546e-05
Metal1,74.2200,98.2800,Metal1,74.5300,98.2800,1.131e-06
Metal1,74.2400,37.1300,Metal1,74.2700,38.3970,2.788e-06
Metal1,74.2700,38.3970,Metal1,74.5000,37.8000,9.202e-09
Metal1,74.3650,22.0100,Metal1,74.7500,22.6800,6.521e-06
Metal1,74.3650,113.4000,Metal1,75.1400,113.4000,4.857e-11
Metal1,74.4000,75.6000,Metal1,78.2400,75.6000,2.789e-06
Metal1,74.4700,15.1200,Metal1,75.6500,15.1200,1.546e-05
Metal1,74.5000,37.8000,Metal1,74.5800,37.8000,9.202e-09
Metal1,74.5200,105.8400,Metal1,77.2800,105.8400,2.490e-06
Metal1,74.5300,98.2800,Metal1,74.8000,98.2800,5.034e-08
Metal1,74.5800,37.8000,Metal1,74.8500,37.8000,1.241e-09
Metal1,74.7500,22.6800,Metal1,76.6100,22.6800,6.521e-06
Metal1,74.8000,98.2800,Metal1,75.4650,98.2800,2.648e-10
Metal1,74.8500,37.8000,Metal1,75.6450,37.8000,1.241e-09
Metal1,74.9300,83.1600,Metal1,75.1950,83.1600,6.299e-07
Metal1,74.9450,66.9970,Metal1,75.1150,68.0400,1.109e-09
Metal1,75.0650,60.4800,Metal1,75.3250,60.4800,9.960e-09
Metal1,75.1150,68.0400,Metal1,75.9050,68.0400,1.109e-09
Metal1,75.1400,113.4000,Metal1,75.9050,112.3570,4.272e-09
Metal1,75.1950,83.1600,Metal1,75.8800,83.1600,6.299e-07
Metal1,75.3250,60.4800,Metal1,76.1000,60.4800,9.960e-09
Metal1,75.4650,98.2800,Metal1,75.8050,98.9500,4.223e-09
Metal1,75.4900,52.9200,Metal1,75.7600,52.9200,2.788e-10
Metal1,75.6450,37.8000,Metal1,75.9050,37.8000,1.317e-09
Metal1,75.6500,15.1200,Metal1,75.9100,15.1200,1.455e-05
Metal1,75.7350,120.9600,Metal1,75.9950,120.9600,3.385e-07
Metal1,75.7600,52.9200,Metal1,76.3850,52.9200,1.185e-09
Metal1,75.8050,98.9500,Metal1,76.1900,98.2800,1.132e-06
Metal1,75.8400,30.2400,Metal1,80.2100,30.2400,8.059e-12
Metal1,75.8800,83.1600,Metal1,76.1050,82.5300,2.617e-08
Metal1,75.9050,37.8000,Metal1,76.8400,37.8000,1.317e-09
Metal1,75.9050,68.0400,Metal1,76.1650,68.0400,6.840e-09
Metal1,75.9050,112.3570,Metal1,76.0750,113.4000,7.352e-10
Metal1,75.9100,15.1200,Metal1,76.1300,15.1200,1.455e-05
Metal1,75.9950,120.9600,Metal1,79.1050,120.9600,3.636e-06
Metal1,76.0750,113.4000,Metal1,76.8650,113.4000,7.352e-10
Metal1,76.1000,60.4800,Metal1,77.0350,60.4800,8.776e-09
Metal1,76.1050,82.5300,Metal1,76.1400,83.8900,2.617e-08
Metal1,76.1300,15.1200,Metal1,76.3900,15.1200,1.348e-05
Metal1,76.1400,83.8900,Metal1,76.3650,83.1600,1.027e-06
Metal1,76.1650,68.0400,Metal1,76.6950,68.0400,6.840e-09
Metal1,76.1900,98.2800,Metal1,77.7100,98.2800,1.132e-06
Metal1,76.3650,83.1600,Metal1,76.4500,83.1600,1.027e-06
Metal1,76.3850,52.9200,Metal1,76.4250,53.2700,1.185e-09
Metal1,76.3900,15.1200,Metal1,77.0150,15.1200,1.348e-05
Metal1,76.4250,53.2700,Metal1,76.5550,51.8750,1.123e-09
Metal1,76.4500,83.1600,Metal1,76.7200,83.1600,4.569e-08
Metal1,76.5550,51.8750,Metal1,76.7650,52.2500,5.424e-12
Metal1,76.6100,22.6800,Metal1,76.8700,22.6800,5.446e-06
Metal1,76.6950,68.0400,Metal1,76.9550,68.0400,4.465e-10
Metal1,76.7200,83.1600,Metal1,77.3850,83.1600,2.221e-10
Metal1,76.7650,52.2500,Metal1,77.1500,52.9200,2.442e-09
Metal1,76.8000,90.7200,Metal1,79.9150,90.7200,5.148e-06
Metal1,76.8400,37.8000,Metal1,77.1000,37.8000,7.153e-08
Metal1,76.8650,113.4000,Metal1,77.1250,113.4000,2.658e-09
Metal1,76.8700,22.6800,Metal1,78.5300,22.6800,5.446e-06
Metal1,76.9550,68.0400,Metal1,79.8600,68.0400,2.622e-08
Metal1,77.0150,15.1200,Metal1,77.2750,15.1200,7.152e-07
Metal1,77.0350,60.4800,Metal1,77.8250,60.4800,8.776e-09
Metal1,77.1000,37.8000,Metal1,77.3600,37.8000,2.301e-06
Metal1,77.1250,113.4000,Metal1,78.1900,113.4000,2.658e-09
Metal1,77.1500,52.9200,Metal1,78.6150,52.9200,2.442e-09
Metal1,77.2750,15.1200,Metal1,78.0500,15.1200,7.152e-07
Metal1,77.2800,105.8400,Metal1,80.7700,105.8400,2.490e-06
Metal1,77.2800,128.5200,Metal1,80.2950,128.5200,2.523e-07
Metal1,77.2800,136.0800,Metal1,81.1200,136.0800,3.582e-08
Metal1,77.2800,143.6400,Metal1,81.1200,143.6400,3.556e-08
Metal1,77.2800,151.2000,Metal1,81.1200,151.2000,3.539e-08
Metal1,77.2800,158.7600,Metal1,81.1200,158.7600,3.531e-08
Metal1,77.3600,37.8000,Metal1,77.6000,37.8000,2.301e-06
Metal1,77.3850,83.1600,Metal1,77.7150,82.1150,7.067e-11
Metal1,77.6000,37.8000,Metal1,77.8600,37.8000,2.531e-08
Metal1,77.7100,98.2800,Metal1,77.9700,98.2800,4.283e-08
Metal1,77.7150,82.1150,Metal1,77.7250,83.1600,7.067e-11
Metal1,77.7250,83.1600,Metal1,77.9750,82.4900,9.960e-10
Metal1,77.8250,60.4800,Metal1,78.0850,60.4800,2.573e-06
Metal1,77.8600,37.8000,Metal1,78.1600,37.8000,2.531e-08
Metal1,77.9700,98.2800,Metal1,78.7300,98.2800,5.285e-09
Metal1,77.9750,82.4900,Metal1,78.1100,83.1600,9.960e-10
Metal1,78.0500,15.1200,Metal1,78.3100,15.1200,3.605e-07
Metal1,78.0850,60.4800,Metal1,78.6400,60.4800,2.573e-06
Metal1,78.1100,83.1600,Metal1,79.7100,83.1600,2.551e-09
Metal1,78.1600,37.8000,Metal1,78.4200,37.8000,1.198e-08
Metal1,78.1900,113.4000,Metal1,78.4500,113.4000,8.962e-11
Metal1,78.2400,75.6000,Metal1,82.0800,75.6000,2.789e-06
Metal1,78.2900,45.3600,Metal1,78.5550,45.3600,3.310e-09
Metal1,78.3100,15.1200,Metal1,79.7450,15.1200,3.605e-07
Metal1,78.4200,37.8000,Metal1,78.6200,37.8000,1.198e-08
Metal1,78.4500,113.4000,Metal1,79.2100,113.4000,2.793e-10
Metal1,78.5300,22.6800,Metal1,78.7900,22.6800,4.544e-06
Metal1,78.5550,45.3600,Metal1,79.4650,45.3600,3.310e-09
Metal1,78.6150,52.9200,Metal1,78.8750,52.9200,6.667e-10
Metal1,78.6200,37.8000,Metal1,78.8800,37.8000,1.941e-06
Metal1,78.6400,60.4800,Metal1,78.9000,60.4800,2.325e-07
Metal1,78.7300,98.2800,Metal1,79.3300,98.2800,1.200e-06
Metal1,78.7900,22.6800,Metal1,80.4500,22.6800,4.544e-06
Metal1,78.8750,52.9200,Metal1,82.2600,52.9200,1.311e-08
Metal1,78.8800,37.8000,Metal1,81.6000,37.8000,1.941e-06
Metal1,78.9000,60.4800,Metal1,81.6000,60.4800,2.477e-06
Metal1,79.1050,120.9600,Metal1,79.3650,120.9600,3.371e-06
Metal1,79.2100,113.4000,Metal1,79.8100,113.4000,5.665e-11
Metal1,79.3300,98.2800,Metal1,79.5850,98.2800,3.321e-08
Metal1,79.3650,120.9600,Metal1,79.8950,120.9600,3.371e-06
Metal1,79.4650,45.3600,Metal1,79.7250,45.3600,9.985e-07
Metal1,79.5850,98.2800,Metal1,79.8450,98.2800,1.465e-06
Metal1,79.7100,83.1600,Metal1,79.9700,83.1600,1.256e-06
Metal1,79.7250,45.3600,Metal1,82.9600,45.3600,9.985e-07
Metal1,79.7450,15.1200,Metal1,79.9150,15.1200,1.067e-06
Metal1,79.8100,113.4000,Metal1,83.5700,113.4000,5.665e-11
Metal1,79.8450,98.2800,Metal1,80.5350,98.2800,1.465e-06
Metal1,79.8600,68.0400,Metal1,80.1300,68.0400,1.101e-09
Metal1,79.8950,120.9600,Metal1,80.1550,120.9600,5.267e-08
Metal1,79.9150,15.1200,Metal1,79.9700,15.1200,1.067e-06
Metal1,79.9150,90.7200,Metal1,82.5600,90.7200,5.148e-06
Metal1,79.9700,15.1200,Metal1,80.2300,15.1200,8.676e-09
Metal1,79.9700,83.1600,Metal1,80.5450,83.1600,1.557e-08
Metal1,80.1300,68.0400,Metal1,82.1200,68.0400,4.087e-10
Metal1,80.1550,120.9600,Metal1,81.0750,120.9600,5.267e-08
Metal1,80.2100,30.2400,Metal1,80.4750,30.2400,1.082e-08
Metal1,80.2300,15.1200,Metal1,81.8900,15.1200,8.676e-09
Metal1,80.2950,128.5200,Metal1,80.5550,128.5200,3.536e-09
Metal1,80.4500,22.6800,Metal1,80.7100,22.6800,3.468e-06
Metal1,80.4750,30.2400,Metal1,81.3850,30.2400,1.082e-08
Metal1,80.5350,98.2800,Metal1,80.7950,98.2800,1.473e-07
Metal1,80.5450,83.1600,Metal1,80.8050,83.1600,1.521e-06
Metal1,80.5550,128.5200,Metal1,84.0000,128.5200,1.081e-07
Metal1,80.7100,22.6800,Metal1,82.3700,22.6800,3.468e-06
Metal1,80.7700,105.8400,Metal1,81.0400,105.8400,1.108e-07
Metal1,80.7950,98.2800,Metal1,84.4800,98.2800,1.710e-06
Metal1,80.8050,83.1600,Metal1,82.0300,83.1600,1.521e-06
Metal1,81.0400,105.8400,Metal1,81.7050,105.8400,5.830e-10
Metal1,81.0750,120.9600,Metal1,81.3350,120.9600,9.746e-10
Metal1,81.1200,136.0800,Metal1,84.9600,136.0800,3.582e-08
Metal1,81.1200,143.6400,Metal1,84.9600,143.6400,3.556e-08
Metal1,81.1200,151.2000,Metal1,84.9600,151.2000,3.539e-08
Metal1,81.1200,158.7600,Metal1,84.9600,158.7600,3.531e-08
Metal1,81.3350,120.9600,Metal1,82.6250,120.9600,3.150e-08
Metal1,81.3850,30.2400,Metal1,81.6450,30.2400,3.261e-06
Metal1,81.6000,37.8000,Metal1,84.6150,37.8000,1.941e-06
Metal1,81.6000,60.4800,Metal1,85.4400,60.4800,2.477e-06
Metal1,81.6450,30.2400,Metal1,84.4800,30.2400,3.261e-06
Metal1,81.7050,105.8400,Metal1,82.0450,105.1700,9.293e-09
Metal1,81.8900,15.1200,Metal1,82.1500,15.1200,1.084e-06
Metal1,82.0300,83.1600,Metal1,82.2900,83.1600,5.739e-08
Metal1,82.0450,105.1700,Metal1,82.4300,105.8400,2.490e-06
Metal1,82.0800,75.6000,Metal1,85.9200,75.6000,2.789e-06
Metal1,82.1200,68.0400,Metal1,82.3800,68.0400,2.514e-07
Metal1,82.1500,15.1200,Metal1,83.8100,15.1200,8.472e-07
Metal1,82.2600,52.9200,Metal1,82.5300,52.9200,6.704e-10
Metal1,82.2900,83.1600,Metal1,83.0500,83.1600,2.149e-09
Metal1,82.3700,22.6800,Metal1,82.6300,22.6800,2.566e-06
Metal1,82.3800,68.0400,Metal1,82.6100,68.0400,2.514e-07
Metal1,82.4300,105.8400,Metal1,83.1750,105.8400,2.490e-06
Metal1,82.5300,52.9200,Metal1,84.0500,52.9200,2.883e-08
Metal1,82.5600,90.7200,Metal1,86.2100,90.7200,5.148e-06
Metal1,82.6100,68.0400,Metal1,82.8750,68.0400,3.798e-09
Metal1,82.6250,120.9600,Metal1,82.7950,120.9600,1.182e-07
Metal1,82.6300,22.6800,Metal1,84.2900,22.6800,2.566e-06
Metal1,82.7950,120.9600,Metal1,83.0700,120.9600,1.182e-07
Metal1,82.8750,68.0400,Metal1,83.7850,68.0400,3.798e-09
Metal1,82.9600,45.3600,Metal1,83.2200,45.3600,8.522e-08
Metal1,83.0500,83.1600,Metal1,83.1750,83.6520,2.149e-09
Metal1,83.0700,120.9600,Metal1,83.3300,120.9600,2.681e-08
Metal1,83.1750,83.6520,Metal1,83.4350,83.6520,1.074e-08
Metal1,83.1750,105.8400,Metal1,83.4350,105.8400,1.133e-07
Metal1,83.2200,45.3600,Metal1,84.6100,45.3600,8.524e-07
Metal1,83.3300,120.9600,Metal1,84.6600,120.9600,2.681e-08
Metal1,83.4350,83.6520,Metal1,83.6500,83.1600,1.074e-08
Metal1,83.4350,105.8400,Metal1,85.1750,105.8400,2.130e-06
Metal1,83.5700,113.4000,Metal1,83.8350,113.4000,2.918e-09
Metal1,83.6500,83.1600,Metal1,84.8550,83.1600,1.950e-06
Metal1,83.7850,68.0400,Metal1,84.0450,68.0400,1.396e-06
Metal1,83.8100,15.1200,Metal1,84.0700,15.1200,6.988e-08
Metal1,83.8350,113.4000,Metal1,84.7450,113.4000,2.918e-09
Metal1,84.0000,128.5200,Metal1,87.8400,128.5200,1.081e-07
Metal1,84.0450,68.0400,Metal1,85.3950,68.0400,1.396e-06
Metal1,84.0500,52.9200,Metal1,84.3150,52.9200,1.593e-07
Metal1,84.0700,15.1200,Metal1,85.7300,15.1200,6.988e-08
Metal1,84.2900,22.6800,Metal1,84.5500,22.6800,1.490e-06
Metal1,84.3150,52.9200,Metal1,84.5200,52.9200,1.593e-07
Metal1,84.4800,30.2400,Metal1,89.4100,30.2400,3.261e-06
Metal1,84.4800,98.2800,Metal1,88.3200,98.2800,1.710e-06
Metal1,84.5200,52.9200,Metal1,84.7800,52.9200,7.859e-08
Metal1,84.5500,22.6800,Metal1,86.2100,22.6800,1.490e-06
Metal1,84.6100,45.3600,Metal1,84.8800,45.3600,3.793e-08
Metal1,84.6150,37.8000,Metal1,84.8750,37.8000,8.633e-08
Metal1,84.6600,120.9600,Metal1,84.9300,120.9600,1.641e-08
Metal1,84.7450,113.4000,Metal1,85.0050,113.4000,8.792e-07
Metal1,84.7800,52.9200,Metal1,85.2250,52.9200,7.859e-08
Metal1,84.8550,83.1600,Metal1,85.1150,83.1600,7.869e-07
Metal1,84.8750,37.8000,Metal1,86.6150,37.8000,1.580e-06
Metal1,84.8800,45.3600,Metal1,85.5450,45.3600,1.995e-10
Metal1,84.9300,120.9600,Metal1,86.9200,120.9600,6.474e-10
Metal1,84.9600,136.0800,Metal1,88.8000,136.0800,3.582e-08
Metal1,84.9600,143.6400,Metal1,88.8000,143.6400,3.556e-08
Metal1,84.9600,151.2000,Metal1,88.8000,151.2000,3.539e-08
Metal1,84.9600,158.7600,Metal1,88.8000,158.7600,3.530e-08
Metal1,85.0050,113.4000,Metal1,88.5050,113.4000,8.792e-07
Metal1,85.1150,83.1600,Metal1,85.1750,83.1600,7.869e-07
Metal1,85.1750,83.1600,Metal1,85.4350,83.1600,1.369e-06
Metal1,85.1750,105.8400,Metal1,85.4350,105.8400,2.731e-09
Metal1,85.2250,52.9200,Metal1,85.4850,52.9200,9.895e-07
Metal1,85.3950,68.0400,Metal1,85.6550,68.0400,6.439e-08
Metal1,85.4350,83.1600,Metal1,87.9050,83.1600,3.882e-08
Metal1,85.4350,105.8400,Metal1,87.9050,105.8400,2.731e-09
Metal1,85.4400,60.4800,Metal1,89.2800,60.4800,2.477e-06
Metal1,85.4850,52.9200,Metal1,86.7200,52.9200,9.895e-07
Metal1,85.5450,45.3600,Metal1,85.8850,46.0300,3.180e-09
Metal1,85.6550,68.0400,Metal1,87.3900,68.0400,2.304e-09
Metal1,85.7300,15.1200,Metal1,85.9900,15.1200,1.006e-06
Metal1,85.8850,46.0300,Metal1,86.2700,45.3600,8.521e-07
Metal1,85.9200,75.6000,Metal1,89.4100,75.6000,2.789e-06
Metal1,85.9900,15.1200,Metal1,87.4100,15.1200,1.006e-06
Metal1,86.2100,22.6800,Metal1,86.4700,22.6800,5.883e-07
Metal1,86.2100,90.7200,Metal1,86.4700,90.7200,4.528e-06
Metal1,86.2700,45.3600,Metal1,87.2000,45.3600,8.521e-07
Metal1,86.4700,22.6800,Metal1,87.0100,22.6800,5.883e-07
Metal1,86.4700,90.7200,Metal1,87.5450,90.7200,4.528e-06
Metal1,86.6150,37.8000,Metal1,86.8750,37.8000,2.027e-09
Metal1,86.7200,52.9200,Metal1,86.9800,52.9200,2.645e-09
Metal1,86.8750,37.8000,Metal1,89.3450,37.8000,2.027e-09
Metal1,86.9200,120.9600,Metal1,87.1800,120.9600,5.439e-08
Metal1,86.9800,52.9200,Metal1,88.1250,52.9200,2.645e-09
Metal1,87.0100,22.6800,Metal1,87.2800,22.6800,2.618e-08
Metal1,87.1800,120.9600,Metal1,87.7600,120.9600,5.439e-08
Metal1,87.2000,45.3600,Metal1,87.4600,45.3600,4.214e-08
Metal1,87.2800,22.6800,Metal1,87.9450,22.6800,1.376e-10
Metal1,87.3900,68.0400,Metal1,87.6500,68.0400,1.167e-06
Metal1,87.4100,15.1200,Metal1,87.6500,15.7870,1.591e-07
Metal1,87.4600,45.3600,Metal1,88.2200,45.3600,2.648e-09
Metal1,87.5450,90.7200,Metal1,87.8050,90.7200,1.752e-08
Metal1,87.6500,15.7870,Metal1,87.6750,14.7850,1.591e-07
Metal1,87.6500,68.0400,Metal1,90.0200,68.0400,1.167e-06
Metal1,87.6750,14.7850,Metal1,87.9100,15.1200,2.294e-06
Metal1,87.7600,120.9600,Metal1,88.0200,120.9600,5.563e-10
Metal1,87.8050,90.7200,Metal1,88.5800,90.7200,1.752e-08
Metal1,87.8400,128.5200,Metal1,91.6800,128.5200,1.081e-07
Metal1,87.9050,83.1600,Metal1,88.0750,83.1600,3.693e-11
Metal1,87.9050,105.8400,Metal1,88.0750,105.8400,2.482e-12
Metal1,87.9100,15.1200,Metal1,88.5850,15.1200,2.294e-06
Metal1,87.9450,22.6800,Metal1,88.1300,23.7250,2.166e-09
Metal1,88.0200,120.9600,Metal1,89.4650,120.9600,4.231e-08
Metal1,88.0750,83.1600,Metal1,91.4400,83.1600,3.682e-11
Metal1,88.0750,105.8400,Metal1,91.4400,105.8400,2.589e-12
Metal1,88.1250,52.9200,Metal1,88.3850,52.9200,1.657e-09
Metal1,88.1300,23.7250,Metal1,88.2850,23.0150,1.727e-09
Metal1,88.2200,45.3600,Metal1,88.4800,45.3600,5.806e-07
Metal1,88.2850,23.0150,Metal1,88.3900,23.3500,4.878e-07
Metal1,88.3200,98.2800,Metal1,92.1600,98.2800,1.710e-06
Metal1,88.3850,52.9200,Metal1,89.5800,52.9200,1.657e-09
Metal1,88.3900,23.3500,Metal1,88.6700,22.6800,4.878e-07
Metal1,88.4800,45.3600,Metal1,89.6000,45.3600,5.806e-07
Metal1,88.5050,113.4000,Metal1,88.7650,113.4000,3.402e-09
Metal1,88.5800,90.7200,Metal1,89.5150,90.7200,1.544e-08
Metal1,88.5850,15.1200,Metal1,88.8450,15.1200,3.163e-06
Metal1,88.6700,22.6800,Metal1,89.5700,22.6800,4.878e-07
Metal1,88.7650,113.4000,Metal1,89.5400,113.4000,3.402e-09
Metal1,88.8000,136.0800,Metal1,92.6400,136.0800,3.582e-08
Metal1,88.8000,143.6400,Metal1,92.6400,143.6400,3.556e-08
Metal1,88.8000,151.2000,Metal1,92.6400,151.2000,3.539e-08
Metal1,88.8000,158.7600,Metal1,92.6400,158.7600,3.530e-08
Metal1,88.8450,15.1200,Metal1,89.5700,15.1200,3.163e-06
Metal1,89.2800,60.4800,Metal1,92.9300,60.4800,2.477e-06
Metal1,89.3450,37.8000,Metal1,89.5150,37.8000,1.919e-12
Metal1,89.4100,30.2400,Metal1,89.6800,30.2400,1.451e-07
Metal1,89.4100,75.6000,Metal1,89.6800,75.6000,1.241e-07
Metal1,89.4650,120.9600,Metal1,89.7250,120.9600,3.707e-08
Metal1,89.5150,37.8000,Metal1,92.8800,37.8000,1.918e-12
Metal1,89.5150,90.7200,Metal1,90.3050,90.7200,1.544e-08
Metal1,89.5400,113.4000,Metal1,90.4750,113.4000,3.000e-09
Metal1,89.5700,15.1200,Metal1,89.8300,15.1200,2.087e-06
Metal1,89.5700,22.6800,Metal1,89.8300,22.6800,1.195e-06
Metal1,89.5800,52.9200,Metal1,89.8400,52.9200,6.484e-07
Metal1,89.6000,45.3600,Metal1,89.8600,45.3600,1.549e-09
Metal1,89.6800,30.2400,Metal1,90.3450,30.2400,7.635e-10
Metal1,89.6800,75.6000,Metal1,90.3450,75.6000,6.529e-10
Metal1,89.7250,120.9600,Metal1,90.2900,120.9600,3.707e-08
Metal1,89.8300,15.1200,Metal1,90.6700,15.1200,2.087e-06
Metal1,89.8300,22.6800,Metal1,90.0500,22.6800,1.195e-06
Metal1,89.8400,52.9200,Metal1,90.4550,52.9200,6.484e-07
Metal1,89.8600,45.3600,Metal1,91.0050,45.3600,1.549e-09
Metal1,90.0200,68.0400,Metal1,90.2800,68.0400,1.402e-09
Metal1,90.0500,22.6800,Metal1,90.3100,22.6800,2.270e-06
Metal1,90.2800,68.0400,Metal1,91.0400,68.0400,1.402e-09
Metal1,90.2900,120.9600,Metal1,90.5000,121.6270,1.554e-09
Metal1,90.3050,90.7200,Metal1,90.5650,90.7200,4.527e-06
Metal1,90.3100,22.6800,Metal1,91.5750,22.6800,2.270e-06
Metal1,90.3450,30.2400,Metal1,90.6850,30.9100,1.217e-08
Metal1,90.3450,75.6000,Metal1,90.6850,74.9300,1.041e-08
Metal1,90.4550,52.9200,Metal1,90.7150,52.9200,1.768e-07
Metal1,90.4750,113.4000,Metal1,91.2650,113.4000,3.000e-09
Metal1,90.5000,121.6270,Metal1,90.5550,119.9170,1.554e-09
Metal1,90.5550,119.9170,Metal1,91.4350,120.9600,4.220e-08
Metal1,90.5650,90.7200,Metal1,90.8550,90.7200,4.527e-06
Metal1,90.6700,15.1200,Metal1,90.9300,15.1200,7.871e-08
Metal1,90.6850,30.9100,Metal1,91.0700,30.2400,3.262e-06
Metal1,90.6850,74.9300,Metal1,91.0700,75.6000,2.789e-06
Metal1,90.7150,52.9200,Metal1,91.8150,52.9200,1.768e-07
Metal1,90.8550,90.7200,Metal1,91.1150,90.7200,2.132e-07
Metal1,90.9300,15.1200,Metal1,91.6100,15.1200,2.041e-09
Metal1,91.0050,45.3600,Metal1,91.2650,45.3600,5.907e-11
Metal1,91.0400,68.0400,Metal1,91.1500,68.5500,1.402e-09
Metal1,91.0700,30.2400,Metal1,91.5750,30.2400,3.262e-06
Metal1,91.0700,75.6000,Metal1,91.8100,75.6000,2.789e-06
Metal1,91.1150,90.7200,Metal1,92.0650,90.7200,2.749e-08
Metal1,91.1500,68.5500,Metal1,91.3000,67.5450,4.464e-11
Metal1,91.2650,45.3600,Metal1,92.4600,45.3600,5.906e-11
Metal1,91.2650,113.4000,Metal1,91.5250,113.4000,8.798e-07
Metal1,91.3000,67.5450,Metal1,91.4100,68.0400,4.464e-11
Metal1,91.4100,68.0400,Metal1,92.0600,68.0400,1.307e-10
Metal1,91.4350,120.9600,Metal1,91.4650,120.9600,4.220e-08
Metal1,91.4400,83.1600,Metal1,95.5700,83.1600,1.492e-11
Metal1,91.4400,105.8400,Metal1,95.5700,105.8400,3.579e-12
Metal1,91.4650,120.9600,Metal1,91.7250,120.9600,4.252e-08
Metal1,91.5250,113.4000,Metal1,92.4500,113.4000,8.798e-07
Metal1,91.5750,22.6800,Metal1,91.8350,22.6800,2.169e-07
Metal1,91.5750,30.2400,Metal1,91.8350,30.2400,3.036e-07
Metal1,91.6100,15.1200,Metal1,91.6900,14.6170,2.041e-09
Metal1,91.6800,128.5200,Metal1,95.5200,128.5200,1.081e-07
Metal1,91.6900,14.6170,Metal1,91.8700,15.6120,5.341e-12
Metal1,91.7250,120.9600,Metal1,92.2250,120.9600,4.252e-08
Metal1,91.8100,75.6000,Metal1,92.0800,75.6000,2.190e-08
Metal1,91.8150,52.9200,Metal1,92.0750,52.9200,1.671e-10
Metal1,91.8350,22.6800,Metal1,94.4800,22.6800,2.405e-06
Metal1,91.8350,30.2400,Metal1,93.7800,30.2400,3.281e-06
Metal1,91.8700,15.6120,Metal1,92.2900,15.1200,2.087e-06
Metal1,92.0600,68.0400,Metal1,92.1700,68.7100,1.307e-10
Metal1,92.0650,90.7200,Metal1,92.3250,90.7200,3.901e-06
Metal1,92.0750,52.9200,Metal1,93.1850,52.9200,1.836e-07
Metal1,92.0800,75.6000,Metal1,92.5350,75.6000,2.190e-08
Metal1,92.1600,98.2800,Metal1,96.6600,98.2800,1.710e-06
Metal1,92.1700,68.7100,Metal1,92.3200,67.5470,1.271e-10
Metal1,92.2250,120.9600,Metal1,92.4850,120.9600,1.663e-07
Metal1,92.2900,15.1200,Metal1,94.3700,15.1200,3.519e-09
Metal1,92.3200,67.5470,Metal1,92.7700,68.0400,5.422e-10
Metal1,92.3250,90.7200,Metal1,93.0150,90.7200,3.901e-06
Metal1,92.4500,113.4000,Metal1,92.7100,113.4000,1.501e-06
Metal1,92.4600,45.3600,Metal1,92.7200,45.3600,2.476e-08
Metal1,92.4850,120.9600,Metal1,92.7750,120.9600,1.663e-07
Metal1,92.5350,75.6000,Metal1,92.7450,74.9220,1.429e-10
Metal1,92.6400,136.0800,Metal1,96.4800,136.0800,3.582e-08
Metal1,92.6400,143.6400,Metal1,96.4800,143.6400,3.556e-08
Metal1,92.6400,151.2000,Metal1,96.4800,151.2000,3.539e-08
Metal1,92.6400,158.7600,Metal1,96.4800,158.7600,3.530e-08
Metal1,92.7100,113.4000,Metal1,93.7300,113.4000,1.501e-06
Metal1,92.7200,45.3600,Metal1,94.9600,45.3600,2.476e-08
Metal1,92.7450,74.9220,Metal1,92.7950,76.6450,1.429e-10
Metal1,92.7700,68.0400,Metal1,93.0800,68.0400,5.422e-10
Metal1,92.7750,120.9600,Metal1,93.0350,120.9600,1.699e-08
Metal1,92.7950,76.6450,Metal1,93.0850,76.2700,1.148e-08
Metal1,92.8800,37.8000,Metal1,97.0100,37.8000,3.493e-12
Metal1,92.9300,60.4800,Metal1,93.1900,60.4800,1.970e-06
Metal1,93.0150,90.7200,Metal1,93.2750,90.7200,1.322e-06
Metal1,93.0350,120.9600,Metal1,94.7750,120.9600,5.266e-07
Metal1,93.0800,68.0400,Metal1,93.3400,68.0400,1.004e-09
Metal1,93.0850,76.2700,Metal1,93.4700,75.6000,2.544e-06
Metal1,93.1850,52.9200,Metal1,93.3550,52.9200,1.742e-10
Metal1,93.1900,60.4800,Metal1,94.6950,60.4800,1.970e-06
Metal1,93.2750,90.7200,Metal1,93.3350,90.7200,1.322e-06
Metal1,93.3350,90.7200,Metal1,93.5950,90.7200,2.270e-06
Metal1,93.3400,68.0400,Metal1,94.1000,68.0400,1.004e-09
Metal1,93.3550,52.9200,Metal1,96.7200,52.9200,1.741e-10
Metal1,93.4700,75.6000,Metal1,95.3300,75.6000,2.544e-06
Metal1,93.5950,90.7200,Metal1,96.0650,90.7200,6.447e-08
Metal1,93.7300,113.4000,Metal1,94.0000,113.4000,6.678e-08
Metal1,93.7800,30.2400,Metal1,94.0500,30.2400,4.445e-08
Metal1,94.0000,113.4000,Metal1,94.6650,113.4000,3.270e-10
Metal1,94.0500,30.2400,Metal1,94.2100,30.2400,4.445e-08
Metal1,94.1000,68.0400,Metal1,94.3600,68.0400,2.609e-07
Metal1,94.2100,30.2400,Metal1,94.4800,30.2400,3.406e-09
Metal1,94.3600,68.0400,Metal1,94.9450,68.0400,1.414e-09
Metal1,94.3700,15.1200,Metal1,94.4650,14.7850,3.519e-09
Metal1,94.4650,14.7850,Metal1,94.6300,15.4500,7.654e-07
Metal1,94.4800,22.6800,Metal1,94.6900,22.0100,1.853e-09
Metal1,94.4800,30.2400,Metal1,95.1450,30.2400,1.397e-10
Metal1,94.6300,15.4500,Metal1,94.7250,15.1200,7.654e-07
Metal1,94.6650,113.4000,Metal1,94.9350,112.3550,5.880e-10
Metal1,94.6900,22.0100,Metal1,94.7400,23.3500,1.853e-09
Metal1,94.6950,60.4800,Metal1,94.9550,60.4800,8.778e-08
Metal1,94.7250,15.1200,Metal1,96.2900,15.1200,7.654e-07
Metal1,94.7400,23.3500,Metal1,94.9600,22.6800,6.169e-09
Metal1,94.7750,120.9600,Metal1,95.0350,120.9600,6.754e-10
Metal1,94.9350,112.3550,Metal1,95.0050,113.4070,5.880e-10
Metal1,94.9450,68.0400,Metal1,95.1200,67.7100,4.269e-09
Metal1,94.9550,60.4800,Metal1,96.6950,60.4800,1.610e-06
Metal1,94.9600,22.6800,Metal1,95.6250,22.6800,1.246e-08
Metal1,94.9600,45.3600,Metal1,95.2200,45.3600,1.021e-08
Metal1,95.0050,113.4070,Metal1,95.1950,112.7300,3.429e-09
Metal1,95.0350,120.9600,Metal1,97.5050,120.9600,6.754e-10
Metal1,95.1200,67.7100,Metal1,95.2050,68.5500,4.269e-09
Metal1,95.1450,30.2400,Metal1,95.4850,29.5700,4.623e-11
Metal1,95.1950,112.7300,Metal1,95.3900,113.4000,3.429e-09
Metal1,95.2050,68.5500,Metal1,95.3800,68.0400,1.066e-11
Metal1,95.2200,45.3600,Metal1,96.1850,45.3600,1.971e-07
Metal1,95.3300,75.6000,Metal1,95.5900,75.6000,2.004e-06
Metal1,95.3800,68.0400,Metal1,96.1350,68.0400,5.476e-11
Metal1,95.3900,113.4000,Metal1,96.9100,113.4000,1.746e-06
Metal1,95.4850,29.5700,Metal1,95.8700,30.2400,1.253e-08
Metal1,95.5200,128.5200,Metal1,99.3600,128.5200,1.081e-07
Metal1,95.5700,83.1600,Metal1,95.8350,83.1600,1.889e-08
Metal1,95.5700,105.8400,Metal1,95.8350,105.8400,4.545e-09
Metal1,95.5900,75.6000,Metal1,95.7350,75.6000,2.004e-06
Metal1,95.6250,22.6800,Metal1,95.9650,23.3500,9.617e-09
Metal1,95.7350,75.6000,Metal1,95.9950,75.6000,2.570e-09
Metal1,95.8350,83.1600,Metal1,96.7450,83.1600,1.889e-08
Metal1,95.8350,105.8400,Metal1,96.7450,105.8400,4.545e-09
Metal1,95.8700,30.2400,Metal1,96.0400,30.2400,1.253e-08
Metal1,95.9650,23.3500,Metal1,96.2150,23.3500,2.565e-06
Metal1,95.9950,75.6000,Metal1,98.4650,75.6000,2.570e-09
Metal1,96.0400,30.2400,Metal1,96.3000,30.2400,3.562e-06
Metal1,96.0650,90.7200,Metal1,96.2350,90.7200,5.585e-08
Metal1,96.1350,68.0400,Metal1,96.1400,67.8070,5.476e-11
Metal1,96.1400,67.8070,Metal1,96.3950,68.5500,2.501e-11
Metal1,96.1850,45.3600,Metal1,96.4450,45.3600,2.652e-09
Metal1,96.2150,23.3500,Metal1,96.3500,22.0200,5.324e-08
Metal1,96.2350,90.7200,Metal1,96.4300,90.7200,5.585e-08
Metal1,96.2900,15.1200,Metal1,96.5500,15.1200,3.104e-07
Metal1,96.3000,30.2400,Metal1,96.8000,30.2400,3.562e-06
Metal1,96.3500,22.0200,Metal1,96.4750,22.6800,5.324e-08
Metal1,96.3950,68.5500,Metal1,96.4000,68.0400,2.501e-11
Metal1,96.4000,68.0400,Metal1,97.1600,68.0400,3.038e-09
Metal1,96.4300,90.7200,Metal1,96.6900,90.7200,2.102e-09
Metal1,96.4450,45.3600,Metal1,96.6100,45.3600,2.652e-09
Metal1,96.4750,22.6800,Metal1,97.7600,22.6800,5.324e-08
Metal1,96.4800,136.0800,Metal1,100.3200,136.0800,3.582e-08
Metal1,96.4800,143.6400,Metal1,100.3200,143.6400,3.556e-08
Metal1,96.4800,151.2000,Metal1,100.3200,151.2000,3.539e-08
Metal1,96.4800,158.7600,Metal1,100.3200,158.7600,3.530e-08
Metal1,96.5500,15.1200,Metal1,96.6150,15.1200,3.104e-07
Metal1,96.6100,45.3600,Metal1,96.8800,45.3600,2.097e-11
Metal1,96.6150,15.1200,Metal1,96.8750,15.1200,2.406e-08
Metal1,96.6600,98.2800,Metal1,96.9300,98.2800,7.308e-08
Metal1,96.6900,90.7200,Metal1,97.4500,90.7200,4.498e-11
Metal1,96.6950,60.4800,Metal1,96.9550,60.4800,2.419e-09
Metal1,96.7200,52.9200,Metal1,100.8500,52.9200,9.091e-12
Metal1,96.7450,83.1600,Metal1,97.0050,83.1600,5.694e-06
Metal1,96.7450,105.8400,Metal1,97.0050,105.8400,1.370e-06
Metal1,96.8000,30.2400,Metal1,97.0600,30.2400,4.891e-09
Metal1,96.8750,15.1200,Metal1,98.2100,15.1200,6.707e-07
Metal1,96.8800,45.3600,Metal1,97.2200,45.3600,2.097e-11
Metal1,96.9100,113.4000,Metal1,97.1700,113.4000,6.607e-08
Metal1,96.9300,98.2800,Metal1,98.9200,98.2800,3.364e-09
Metal1,96.9550,60.4800,Metal1,99.0100,60.4800,2.419e-09
Metal1,97.0050,83.1600,Metal1,99.8400,83.1600,5.694e-06
Metal1,97.0050,105.8400,Metal1,99.8400,105.8400,1.370e-06
Metal1,97.0100,37.8000,Metal1,97.2750,37.8000,4.434e-09
Metal1,97.0600,30.2400,Metal1,98.2050,30.2400,4.891e-09
Metal1,97.1600,68.0400,Metal1,97.4200,68.0400,1.172e-11
Metal1,97.1700,113.4000,Metal1,97.9300,113.4000,7.996e-09
Metal1,97.2200,45.3600,Metal1,97.5450,44.3170,6.565e-12
Metal1,97.2750,37.8000,Metal1,98.1850,37.8000,4.434e-09
Metal1,97.4200,68.0400,Metal1,98.1800,68.0400,1.172e-11
Metal1,97.4500,90.7200,Metal1,98.0500,90.7200,1.268e-08
Metal1,97.5050,120.9600,Metal1,97.6750,120.9600,7.500e-13
Metal1,97.5450,44.3170,Metal1,97.8850,44.9870,1.010e-11
Metal1,97.6750,120.9600,Metal1,101.0400,120.9600,6.482e-13
Metal1,97.7600,22.6800,Metal1,98.0200,22.6800,2.580e-09
Metal1,97.8850,44.9870,Metal1,98.1550,46.0300,1.343e-10
Metal1,97.9300,113.4000,Metal1,98.5300,113.4000,1.814e-06
Metal1,98.0200,22.6800,Metal1,98.7800,22.6800,9.160e-10
Metal1,98.0500,90.7200,Metal1,99.0100,90.7200,1.268e-08
Metal1,98.1550,46.0300,Metal1,98.2700,45.3600,1.343e-10
Metal1,98.1800,68.0400,Metal1,98.4400,68.0400,5.911e-13
Metal1,98.1850,37.8000,Metal1,98.4450,37.8000,1.336e-06
Metal1,98.2050,30.2400,Metal1,98.4650,30.2400,5.563e-09
Metal1,98.2100,15.1200,Metal1,98.4700,15.1200,1.746e-06
Metal1,98.2700,45.3600,Metal1,98.9450,45.3600,1.342e-10
Metal1,98.4400,68.0400,Metal1,99.2000,68.0400,5.942e-13
Metal1,98.4450,37.8000,Metal1,102.9050,37.8000,1.336e-06
Metal1,98.4650,30.2400,Metal1,99.6600,30.2400,5.563e-09
Metal1,98.4650,75.6000,Metal1,98.6350,75.6000,2.438e-12
Metal1,98.4700,15.1200,Metal1,99.1700,15.1200,1.746e-06
Metal1,98.5300,113.4000,Metal1,100.7050,113.4000,5.818e-09
Metal1,98.6350,75.6000,Metal1,102.0000,75.6000,2.433e-12
Metal1,98.7800,22.6800,Metal1,98.9450,23.4200,2.180e-07
Metal1,98.9200,98.2800,Metal1,99.1800,98.2800,1.988e-06
Metal1,98.9450,23.4200,Metal1,99.0400,22.3300,6.784e-11
Metal1,98.9450,45.3600,Metal1,99.0950,44.6850,1.981e-07
Metal1,99.0100,60.4800,Metal1,99.2800,60.4800,4.965e-10
Metal1,99.0100,90.7200,Metal1,99.2800,90.7200,1.284e-09
Metal1,99.0400,22.3300,Metal1,99.1150,22.6800,6.784e-11
Metal1,99.0950,44.6850,Metal1,99.2050,46.0200,1.981e-07
Metal1,99.1150,22.6800,Metal1,102.4800,22.6800,6.786e-11
Metal1,99.1700,15.1200,Metal1,99.4300,15.1200,2.648e-06
Metal1,99.1800,98.2800,Metal1,99.7950,98.2800,1.988e-06
Metal1,99.2000,68.0400,Metal1,99.4600,68.0400,1.422e-10
Metal1,99.2050,46.0200,Metal1,99.3550,45.3600,1.626e-07
Metal1,99.2800,60.4800,Metal1,99.4250,60.4800,4.966e-10
Metal1,99.2800,90.7200,Metal1,99.9450,90.7200,7.270e-11
Metal1,99.3550,45.3600,Metal1,99.4950,45.3600,1.626e-07
Metal1,99.3600,128.5200,Metal1,103.2000,128.5200,1.081e-07
Metal1,99.4250,60.4800,Metal1,99.5950,60.4800,1.436e-09
Metal1,99.4300,15.1200,Metal1,100.1300,15.1200,2.648e-06
Metal1,99.4600,68.0400,Metal1,100.2200,68.0400,1.420e-10
Metal1,99.4950,45.3600,Metal1,99.7550,45.3600,8.636e-10
Metal1,99.5950,60.4800,Metal1,99.9450,60.4800,1.313e-11
Metal1,99.6600,30.2400,Metal1,99.9200,30.2400,4.246e-06
Metal1,99.7550,45.3600,Metal1,101.4100,45.3600,1.978e-07
Metal1,99.7950,98.2800,Metal1,100.0550,98.2800,9.172e-08
Metal1,99.8400,83.1600,Metal1,103.6800,83.1600,5.694e-06
Metal1,99.8400,105.8400,Metal1,103.6800,105.8400,1.370e-06
Metal1,99.9200,30.2400,Metal1,100.7200,30.2400,4.246e-06
Metal1,99.9450,60.4800,Metal1,100.2850,59.8100,5.350e-13
Metal1,99.9450,90.7200,Metal1,100.2850,90.0500,1.235e-11
Metal1,100.0550,98.2800,Metal1,101.7900,98.2800,4.321e-09
Metal1,100.1300,15.1200,Metal1,100.3900,15.1200,3.550e-06
Metal1,100.2200,68.0400,Metal1,100.4800,68.0400,3.682e-08
Metal1,100.2850,59.8100,Metal1,100.6700,60.4800,1.564e-10
Metal1,100.2850,90.0500,Metal1,100.6700,90.7200,3.238e-09
Metal1,100.3200,136.0800,Metal1,104.1600,136.0800,3.582e-08
Metal1,100.3200,143.6400,Metal1,104.1600,143.6400,3.556e-08
Metal1,100.3200,151.2000,Metal1,104.1600,151.2000,3.539e-08
Metal1,100.3200,158.7600,Metal1,104.1600,158.7600,3.530e-08
Metal1,100.3900,15.1200,Metal1,102.0500,15.1200,3.550e-06
Metal1,100.4800,68.0400,Metal1,101.2400,68.0400,3.682e-08
Metal1,100.6700,60.4800,Metal1,102.1350,60.4800,1.564e-10
Metal1,100.6700,90.7200,Metal1,101.9950,90.7200,3.238e-09
Metal1,100.7050,113.4000,Metal1,100.9650,113.4000,2.080e-06
Metal1,100.7200,30.2400,Metal1,100.9800,30.2400,3.948e-07
Metal1,100.8500,52.9200,Metal1,101.1150,52.9200,1.136e-08
Metal1,100.9650,113.4000,Metal1,102.6750,113.4000,2.080e-06
Metal1,100.9800,30.2400,Metal1,104.1600,30.2400,4.330e-06
Metal1,101.0400,120.9600,Metal1,105.1700,120.9600,1.053e-11
Metal1,101.1150,52.9200,Metal1,102.0250,52.9200,1.136e-08
Metal1,101.2400,68.0400,Metal1,101.5000,68.0400,9.547e-06
Metal1,101.4100,45.3600,Metal1,101.6800,45.3600,4.992e-08
Metal1,101.5000,68.0400,Metal1,107.5200,68.0400,9.547e-06
Metal1,101.6800,45.3600,Metal1,101.8250,45.3600,4.992e-08
Metal1,101.7900,98.2800,Metal1,102.0500,98.2800,2.217e-06
Metal1,101.8250,45.3600,Metal1,101.9950,45.3600,1.465e-07
Metal1,101.9950,45.3600,Metal1,102.3450,45.3600,1.340e-09
Metal1,101.9950,90.7200,Metal1,102.2550,90.7200,1.049e-11
Metal1,102.0000,75.6000,Metal1,106.1300,75.6000,3.908e-12
Metal1,102.0250,52.9200,Metal1,102.2850,52.9200,3.425e-06
Metal1,102.0500,15.1200,Metal1,102.3100,15.1200,5.038e-06
Metal1,102.0500,98.2800,Metal1,102.1600,98.2800,2.217e-06
Metal1,102.1350,60.4800,Metal1,102.3950,60.4800,1.067e-09
Metal1,102.1600,98.2800,Metal1,102.4200,98.2800,2.086e-07
Metal1,102.2550,90.7200,Metal1,103.0150,90.7200,1.049e-11
Metal1,102.2850,52.9200,Metal1,105.1200,52.9200,3.425e-06
Metal1,102.3100,15.1200,Metal1,103.9700,15.1200,5.038e-06
Metal1,102.3450,45.3600,Metal1,102.6850,44.6900,1.204e-12
Metal1,102.3950,60.4800,Metal1,104.5600,60.4800,3.089e-08
Metal1,102.4200,98.2800,Metal1,103.9150,98.2800,2.314e-06
Metal1,102.4800,22.6800,Metal1,106.6100,22.6800,1.651e-11
Metal1,102.6750,113.4000,Metal1,102.9350,113.4000,9.596e-08
Metal1,102.6850,44.6900,Metal1,103.0700,45.3600,1.663e-09
Metal1,102.9050,37.8000,Metal1,103.1650,37.8000,5.170e-09
Metal1,102.9350,113.4000,Metal1,104.6700,113.4000,4.501e-09
Metal1,103.0150,90.7200,Metal1,103.2750,90.7200,5.743e-10
Metal1,103.0700,45.3600,Metal1,104.4900,45.3600,1.663e-09
Metal1,103.1650,37.8000,Metal1,103.9400,37.8000,5.170e-09
Metal1,103.2000,128.5200,Metal1,107.0400,128.5200,1.081e-07
Metal1,103.2750,90.7200,Metal1,103.7300,90.7200,1.451e-08
Metal1,103.6800,83.1600,Metal1,107.5200,83.1600,5.694e-06
Metal1,103.6800,105.8400,Metal1,107.1270,105.8400,1.370e-06
Metal1,103.7300,90.7200,Metal1,103.9950,90.7200,6.071e-08
Metal1,103.9150,98.2800,Metal1,104.0550,99.0020,8.786e-10
Metal1,103.9400,37.8000,Metal1,104.8750,37.8000,4.559e-09
Metal1,103.9700,15.1200,Metal1,104.2300,15.1200,6.114e-06
Metal1,103.9950,90.7200,Metal1,104.0350,90.7200,6.071e-08
Metal1,104.0350,90.7200,Metal1,104.2950,90.7200,9.901e-09
Metal1,104.0550,99.0020,Metal1,104.1750,97.6020,8.786e-10
Metal1,104.1600,30.2400,Metal1,108.0000,30.2400,4.330e-06
Metal1,104.1600,136.0800,Metal1,108.0000,136.0800,3.582e-08
Metal1,104.1600,143.6400,Metal1,108.0000,143.6400,3.556e-08
Metal1,104.1600,151.2000,Metal1,108.0000,151.2000,3.539e-08
Metal1,104.1600,158.7600,Metal1,108.0000,158.7600,3.530e-08
Metal1,104.1750,97.6020,Metal1,104.3150,98.2800,3.287e-11
Metal1,104.2300,15.1200,Metal1,104.5700,15.1200,6.114e-06
Metal1,104.2950,90.7200,Metal1,104.9050,90.7200,9.901e-09
Metal1,104.3150,98.2800,Metal1,104.9350,98.2800,2.243e-08
Metal1,104.4900,45.3600,Metal1,104.7500,45.3600,5.879e-09
Metal1,104.5600,60.4800,Metal1,104.8200,60.4800,1.607e-09
Metal1,104.5700,15.1200,Metal1,104.8300,15.1200,4.961e-07
Metal1,104.6700,113.4000,Metal1,104.9300,113.4000,2.309e-06
Metal1,104.7500,45.3600,Metal1,105.8350,45.3600,1.931e-06
Metal1,104.8200,60.4800,Metal1,106.7400,60.4800,6.580e-08
Metal1,104.8300,15.1200,Metal1,105.8900,15.1200,6.930e-06
Metal1,104.8750,37.8000,Metal1,105.6650,37.8000,4.559e-09
Metal1,104.9050,90.7200,Metal1,105.0550,91.4500,1.327e-10
Metal1,104.9300,113.4000,Metal1,106.2600,113.4000,2.309e-06
Metal1,104.9350,98.2800,Metal1,105.1950,98.2800,8.893e-10
Metal1,105.0550,91.4500,Metal1,105.1650,90.2600,1.327e-10
Metal1,105.1200,52.9200,Metal1,108.4500,52.9200,3.425e-06
Metal1,105.1650,90.2600,Metal1,105.3150,90.7200,2.386e-06
Metal1,105.1700,120.9600,Metal1,105.4350,120.9600,1.336e-08
Metal1,105.1950,98.2800,Metal1,105.9550,98.2800,1.976e-11
Metal1,105.3150,90.7200,Metal1,105.7300,90.7200,2.386e-06
Metal1,105.4350,120.9600,Metal1,106.3450,120.9600,1.336e-08
Metal1,105.6650,37.8000,Metal1,105.9250,37.8000,1.337e-06
Metal1,105.7300,90.7200,Metal1,106.0000,90.7200,1.572e-08
Metal1,105.8350,45.3600,Metal1,106.0950,45.3600,7.609e-09
Metal1,105.8900,15.1200,Metal1,106.1500,15.1200,8.006e-06
Metal1,105.9250,37.8000,Metal1,106.4800,37.8000,1.337e-06
Metal1,105.9550,98.2800,Metal1,106.2150,98.2800,3.758e-09
Metal1,106.0000,90.7200,Metal1,106.4100,90.7200,1.572e-08
Metal1,106.0950,45.3600,Metal1,106.8550,45.3600,7.609e-09
Metal1,106.1300,75.6000,Metal1,106.3950,75.6000,4.962e-09
Metal1,106.1500,15.1200,Metal1,106.8500,15.1200,8.006e-06
Metal1,106.2150,98.2800,Metal1,106.8900,98.2800,3.758e-09
Metal1,106.2600,113.4000,Metal1,106.5300,113.4000,7.347e-09
Metal1,106.3450,120.9600,Metal1,106.6050,120.9600,4.026e-06
Metal1,106.3950,75.6000,Metal1,107.3050,75.6000,4.962e-09
Metal1,106.4100,90.7200,Metal1,106.6650,91.3820,3.510e-13
Metal1,106.4800,37.8000,Metal1,106.7400,37.8000,1.267e-07
Metal1,106.5300,113.4000,Metal1,107.4400,113.4000,7.347e-09
Metal1,106.6050,120.9600,Metal1,108.2150,120.9600,4.026e-06
Metal1,106.6100,22.6800,Metal1,106.8750,22.6800,2.089e-08
Metal1,106.6650,91.3820,Metal1,106.6700,89.6750,3.509e-13
Metal1,106.6700,89.6750,Metal1,107.0050,90.0500,1.687e-08
Metal1,106.7400,37.8000,Metal1,107.2250,37.8000,1.414e-06
Metal1,106.7400,60.4800,Metal1,107.0100,60.4800,3.702e-07
Metal1,106.8500,15.1200,Metal1,107.1100,15.1200,9.081e-06
Metal1,106.8550,45.3600,Metal1,107.1150,45.3600,3.011e-10
Metal1,106.8750,22.6800,Metal1,107.7850,22.6800,2.089e-08
Metal1,106.8900,98.2800,Metal1,106.9750,97.6170,3.758e-09
Metal1,106.9750,97.6170,Metal1,107.1500,98.7400,6.097e-09
Metal1,107.0050,90.0500,Metal1,107.3900,90.7200,2.512e-06
Metal1,107.0100,60.4800,Metal1,107.0900,60.4800,3.702e-07
Metal1,107.0400,128.5200,Metal1,110.8800,128.5200,1.081e-07
Metal1,107.0900,60.4800,Metal1,107.3550,60.4800,8.225e-07
Metal1,107.1100,15.1200,Metal1,107.8100,15.1200,9.081e-06
Metal1,107.1150,45.3600,Metal1,107.8750,45.3600,7.833e-12
Metal1,107.1270,105.8400,Metal1,111.3600,105.8400,1.370e-06
Metal1,107.1500,98.7400,Metal1,107.2350,98.2800,6.097e-09
Metal1,107.2250,37.8000,Metal1,107.4850,37.8000,8.722e-10
Metal1,107.2350,98.2800,Metal1,107.7350,98.2800,4.937e-06
Metal1,107.3050,75.6000,Metal1,107.5650,75.6000,1.495e-06
Metal1,107.3550,60.4800,Metal1,108.2650,60.4800,6.298e-08
Metal1,107.3900,90.7200,Metal1,108.6150,90.7200,2.512e-06
Metal1,107.4400,113.4000,Metal1,107.7000,113.4000,3.415e-09
Metal1,107.4850,37.8000,Metal1,108.2600,37.8000,8.722e-10
Metal1,107.5200,68.0400,Metal1,111.3600,68.0400,9.547e-06
Metal1,107.5200,83.1600,Metal1,110.7750,83.1600,5.694e-06
Metal1,107.5650,75.6000,Metal1,108.1800,75.6000,1.495e-06
Metal1,107.7000,113.4000,Metal1,108.5200,113.4000,1.126e-08
Metal1,107.7350,98.2800,Metal1,107.9950,98.2800,9.320e-08
Metal1,107.7850,22.6800,Metal1,108.0450,22.6800,6.295e-06
Metal1,107.8100,15.1200,Metal1,108.0700,15.1200,1.016e-05
Metal1,107.8750,45.3600,Metal1,108.1350,45.3600,2.143e-09
Metal1,107.9950,98.2800,Metal1,109.5750,98.2800,9.320e-08
Metal1,108.0000,30.2400,Metal1,111.8400,30.2400,4.330e-06
Metal1,108.0000,136.0800,Metal1,111.8400,136.0800,3.582e-08
Metal1,108.0000,143.6400,Metal1,111.8400,143.6400,3.556e-08
Metal1,108.0000,151.2000,Metal1,111.8400,151.2000,3.539e-08
Metal1,108.0000,158.7600,Metal1,111.8400,158.7600,3.530e-08
Metal1,108.0450,22.6800,Metal1,109.1750,22.6800,6.295e-06
Metal1,108.0700,15.1200,Metal1,109.0950,15.1200,1.016e-05
Metal1,108.1350,45.3600,Metal1,108.8950,45.3600,2.143e-09
Metal1,108.1800,75.6000,Metal1,108.4500,75.6000,6.392e-08
Metal1,108.2150,120.9600,Metal1,108.4750,120.9600,1.701e-07
Metal1,108.2600,37.8000,Metal1,108.3750,36.7570,8.722e-10
Metal1,108.2650,60.4800,Metal1,108.5250,60.4800,1.222e-07
Metal1,108.3750,36.7570,Metal1,108.6350,36.7570,1.197e-08
Metal1,108.4500,52.9200,Metal1,110.8800,52.9200,3.425e-06
Metal1,108.4500,75.6000,Metal1,110.4400,75.6000,2.999e-09
Metal1,108.4750,120.9600,Metal1,109.5750,120.9600,1.701e-07
Metal1,108.5200,113.4000,Metal1,108.7800,113.4000,2.684e-06
Metal1,108.5250,60.4800,Metal1,109.0000,60.4800,1.222e-07
Metal1,108.6150,90.7200,Metal1,108.8750,90.7200,1.320e-07
Metal1,108.6350,36.7570,Metal1,109.1950,37.8000,4.475e-10
Metal1,108.7800,113.4000,Metal1,109.3350,113.4000,2.684e-06
Metal1,108.8750,90.7200,Metal1,110.6150,90.7200,2.872e-06
Metal1,108.8950,45.3600,Metal1,109.1550,45.3600,5.433e-07
Metal1,109.0000,60.4800,Metal1,109.2600,60.4800,1.721e-06
Metal1,109.0950,15.1200,Metal1,109.3550,15.1200,1.327e-07
Metal1,109.1550,45.3600,Metal1,109.4900,45.3600,5.433e-07
Metal1,109.1750,22.6800,Metal1,109.4350,22.6800,3.889e-09
Metal1,109.1950,37.8000,Metal1,109.9850,37.8000,6.399e-09
Metal1,109.2600,60.4800,Metal1,109.8750,60.4800,1.721e-06
Metal1,109.3350,113.4000,Metal1,109.5950,113.4000,2.501e-07
Metal1,109.3550,15.1200,Metal1,109.7300,15.1200,1.327e-07
Metal1,109.4350,22.6800,Metal1,111.0100,22.6800,3.889e-09
Metal1,109.4900,45.3600,Metal1,109.5750,46.0270,5.433e-07
Metal1,109.5750,46.0270,Metal1,109.7550,45.1270,2.774e-10
Metal1,109.5750,98.2800,Metal1,109.8350,98.2800,4.265e-09
Metal1,109.5750,120.9600,Metal1,109.8350,120.9600,4.937e-10
Metal1,109.5950,113.4000,Metal1,111.4900,113.4000,2.707e-06
Metal1,109.7300,15.1200,Metal1,109.9900,15.1200,1.159e-05
Metal1,109.7550,45.1270,Metal1,109.8350,45.3600,2.774e-10
Metal1,109.8350,45.3600,Metal1,110.6650,45.3600,3.171e-08
Metal1,109.8350,98.2800,Metal1,110.4650,98.2800,2.671e-07
Metal1,109.8350,120.9600,Metal1,110.9450,120.9600,1.902e-07
Metal1,109.8750,60.4800,Metal1,110.1350,60.4800,1.304e-07
Metal1,109.9850,37.8000,Metal1,110.2450,37.8000,1.433e-06
Metal1,109.9900,15.1200,Metal1,111.6500,15.1200,1.159e-05
Metal1,110.1350,60.4800,Metal1,110.7850,60.4800,2.063e-11
Metal1,110.2450,37.8000,Metal1,110.6350,37.8000,1.433e-06
Metal1,110.4400,75.6000,Metal1,110.7000,75.6000,1.773e-06
Metal1,110.4650,98.2800,Metal1,110.6350,98.2800,3.205e-10
Metal1,110.6150,90.7200,Metal1,110.8750,90.7200,3.683e-09
Metal1,110.6350,37.8000,Metal1,110.7300,38.5220,1.433e-06
Metal1,110.6350,98.2800,Metal1,113.2800,98.2800,3.205e-10
Metal1,110.6650,45.3600,Metal1,110.9250,45.3600,6.940e-06
Metal1,110.7000,75.6000,Metal1,111.3150,75.6000,1.773e-06
Metal1,110.7300,38.5220,Metal1,110.8950,37.1370,4.997e-11
Metal1,110.7750,83.1600,Metal1,111.0350,83.1600,5.294e-07
Metal1,110.7850,60.4800,Metal1,111.0450,60.4800,1.345e-07
Metal1,110.8750,90.7200,Metal1,113.3450,90.7200,3.683e-09
Metal1,110.8800,52.9200,Metal1,114.6150,52.9200,3.425e-06
Metal1,110.8800,128.5200,Metal1,114.7200,128.5200,1.081e-07
Metal1,110.8950,37.1370,Metal1,110.9900,37.8000,4.997e-11
Metal1,110.9250,45.3600,Metal1,111.5750,45.3600,6.940e-06
Metal1,110.9450,120.9600,Metal1,111.1150,120.9600,1.805e-10
Metal1,110.9900,37.8000,Metal1,111.6550,37.8000,1.077e-08
Metal1,111.0100,22.6800,Metal1,111.2800,22.6800,3.130e-10
Metal1,111.0350,83.1600,Metal1,113.2000,83.1600,5.717e-06
Metal1,111.0450,60.4800,Metal1,111.8700,60.4800,9.211e-09
Metal1,111.1150,120.9600,Metal1,114.4800,120.9600,1.804e-10
Metal1,111.2800,22.6800,Metal1,111.9050,22.6800,3.147e-09
Metal1,111.3150,75.6000,Metal1,111.5750,75.6000,8.183e-08
Metal1,111.3600,68.0400,Metal1,115.2000,68.0400,9.547e-06
Metal1,111.3600,105.8400,Metal1,117.2500,105.8400,1.370e-06
Metal1,111.4900,113.4000,Metal1,111.7600,113.4000,1.205e-07
Metal1,111.5750,45.3600,Metal1,111.8350,45.3600,8.900e-09
Metal1,111.5750,75.6000,Metal1,113.3100,75.6000,3.901e-09
Metal1,111.6500,15.1200,Metal1,111.9100,15.1200,1.357e-05
Metal1,111.6550,37.8000,Metal1,111.9150,37.8000,5.578e-07
Metal1,111.7600,113.4000,Metal1,112.4250,113.4000,6.337e-10
Metal1,111.8350,45.3600,Metal1,114.3050,45.3600,8.899e-09
Metal1,111.8400,30.2400,Metal1,117.7300,30.2400,4.330e-06
Metal1,111.8400,136.0800,Metal1,115.6800,136.0800,3.582e-08
Metal1,111.8400,143.6400,Metal1,115.6800,143.6400,3.556e-08
Metal1,111.8400,151.2000,Metal1,115.6800,151.2000,3.539e-08
Metal1,111.8400,158.7600,Metal1,115.6800,158.7600,3.530e-08
Metal1,111.8700,60.4800,Metal1,112.1300,60.4800,2.215e-06
Metal1,111.9050,22.6800,Metal1,111.9450,22.3300,3.147e-09
Metal1,111.9100,15.1200,Metal1,113.4150,15.1200,1.357e-05
Metal1,111.9150,37.8000,Metal1,112.0200,37.8000,5.578e-07
Metal1,111.9450,22.3300,Metal1,112.0750,23.7250,2.983e-09
Metal1,112.0200,37.8000,Metal1,112.2900,37.8000,1.403e-06
Metal1,112.0750,23.7250,Metal1,112.2850,23.3500,2.013e-11
Metal1,112.1300,60.4800,Metal1,112.7500,60.4800,2.215e-06
Metal1,112.2850,23.3500,Metal1,112.6700,22.6800,1.911e-09
Metal1,112.2900,37.8000,Metal1,112.6750,37.8000,1.995e-09
Metal1,112.4250,113.4000,Metal1,112.7650,114.0700,1.010e-08
Metal1,112.6700,22.6800,Metal1,114.4300,22.6800,1.911e-09
Metal1,112.6750,37.8000,Metal1,112.9350,37.8000,1.642e-06
Metal1,112.7500,60.4800,Metal1,113.0100,60.4800,8.383e-08
Metal1,112.7650,114.0700,Metal1,113.1500,113.4000,2.707e-06
Metal1,112.9350,37.8000,Metal1,113.6950,37.8000,1.340e-07
Metal1,113.0100,60.4800,Metal1,113.7700,60.4800,1.007e-08
Metal1,113.1500,113.4000,Metal1,113.8950,113.4000,2.707e-06
Metal1,113.2000,83.1600,Metal1,113.4600,83.1600,5.309e-07
Metal1,113.2800,98.2800,Metal1,118.1300,98.2800,1.854e-11
Metal1,113.3100,75.6000,Metal1,113.5700,75.6000,2.003e-06
Metal1,113.3450,90.7200,Metal1,113.5150,90.7200,3.507e-12
Metal1,113.4150,15.1200,Metal1,113.5700,15.3520,2.338e-07
Metal1,113.4600,83.1600,Metal1,114.8500,83.1600,5.814e-06
Metal1,113.5150,90.7200,Metal1,116.8800,90.7200,3.506e-12
Metal1,113.5700,15.3520,Metal1,113.6750,14.7850,2.338e-07
Metal1,113.5700,75.6000,Metal1,114.1450,75.6000,2.393e-08
Metal1,113.6750,14.7850,Metal1,113.8300,15.1200,8.419e-07
Metal1,113.6950,37.8000,Metal1,113.9550,37.8000,2.950e-07
Metal1,113.7700,60.4800,Metal1,114.3700,60.4800,2.284e-06
Metal1,113.8300,15.1200,Metal1,115.4150,15.1200,1.501e-05
Metal1,113.8950,113.4000,Metal1,114.1550,113.4000,1.416e-07
Metal1,113.9550,37.8000,Metal1,114.2800,37.8000,2.950e-07
Metal1,114.1450,75.6000,Metal1,114.4050,75.6000,2.268e-06
Metal1,114.1550,113.4000,Metal1,115.8950,113.4000,3.068e-06
Metal1,114.2800,37.8000,Metal1,114.5400,37.8000,4.312e-06
Metal1,114.3050,45.3600,Metal1,114.4750,45.3600,9.099e-12
Metal1,114.3700,60.4800,Metal1,115.4900,60.4800,2.284e-06
Metal1,114.4050,75.6000,Metal1,115.6300,75.6000,2.268e-06
Metal1,114.4300,22.6800,Metal1,114.6900,22.6800,2.281e-07
Metal1,114.4750,45.3600,Metal1,117.6000,45.3600,9.097e-12
Metal1,114.4800,120.9600,Metal1,118.6100,120.9600,1.928e-11
Metal1,114.5400,37.8000,Metal1,115.0400,37.8000,4.312e-06
Metal1,114.6150,52.9200,Metal1,114.8750,52.9200,3.291e-07
Metal1,114.6900,22.6800,Metal1,115.4500,22.6800,2.473e-08
Metal1,114.7200,128.5200,Metal1,118.5600,128.5200,1.081e-07
Metal1,114.8500,83.1600,Metal1,115.1200,83.1600,2.587e-07
Metal1,114.8750,52.9200,Metal1,117.7350,52.9200,3.670e-06
Metal1,115.0400,37.8000,Metal1,115.3000,37.8000,4.194e-08
Metal1,115.1200,83.1600,Metal1,115.7850,83.1600,1.361e-09
Metal1,115.2000,68.0400,Metal1,119.0400,68.0400,9.547e-06
Metal1,115.3000,37.8000,Metal1,115.5200,37.8000,4.194e-08
Metal1,115.4150,15.1200,Metal1,115.6750,15.1200,1.924e-08
Metal1,115.4500,22.6800,Metal1,115.7100,22.6800,9.528e-11
Metal1,115.4900,60.4800,Metal1,115.7500,60.4800,4.171e-06
Metal1,115.5200,37.8000,Metal1,115.7800,37.8000,2.085e-09
Metal1,115.6300,75.6000,Metal1,115.8900,75.6000,8.582e-08
Metal1,115.6750,15.1200,Metal1,118.1450,15.1200,1.924e-08
Metal1,115.6800,136.0800,Metal1,119.5200,136.0800,3.582e-08
Metal1,115.6800,143.6400,Metal1,119.5200,143.6400,3.556e-08
Metal1,115.6800,151.2000,Metal1,119.5200,151.2000,3.539e-08
Metal1,115.6800,158.7600,Metal1,119.5200,158.7600,3.530e-08
Metal1,115.7100,22.6800,Metal1,116.4700,22.6800,9.528e-11
Metal1,115.7500,60.4800,Metal1,116.8550,60.4800,4.171e-06
Metal1,115.7800,37.8000,Metal1,116.4450,37.8000,3.440e-10
Metal1,115.7850,83.1600,Metal1,116.1250,82.4900,2.170e-08
Metal1,115.8900,75.6000,Metal1,116.6500,75.6000,1.030e-08
Metal1,115.8950,113.4000,Metal1,116.1550,113.4000,1.407e-07
Metal1,116.1250,82.4900,Metal1,116.5100,83.1600,5.814e-06
Metal1,116.1550,113.4000,Metal1,117.0150,113.4000,1.407e-07
Metal1,116.4450,37.8000,Metal1,116.5400,38.3000,3.440e-10
Metal1,116.4700,22.6800,Metal1,116.7300,22.6800,3.607e-12
Metal1,116.5100,83.1600,Metal1,117.8900,83.1600,5.814e-06
Metal1,116.5400,38.3000,Metal1,116.7050,37.0600,1.273e-07
Metal1,116.6500,75.6000,Metal1,117.2500,75.6000,2.336e-06
Metal1,116.7050,37.0600,Metal1,116.8000,37.8000,1.273e-07
Metal1,116.7300,22.6800,Metal1,117.4900,22.6800,5.713e-15
Metal1,116.8000,37.8000,Metal1,117.4400,37.8000,1.273e-07
Metal1,116.8550,60.4800,Metal1,117.1150,60.4800,5.349e-09
Metal1,116.8800,90.7200,Metal1,121.0100,90.7200,1.518e-11
Metal1,117.0150,113.4000,Metal1,117.2750,113.4000,1.705e-09
Metal1,117.1150,60.4800,Metal1,119.5850,60.4800,5.349e-09
Metal1,117.2500,75.6000,Metal1,118.4550,75.6000,2.336e-06
Metal1,117.2500,105.8400,Metal1,117.5200,105.8400,6.095e-08
Metal1,117.2750,113.4000,Metal1,118.6250,113.4000,1.040e-07
Metal1,117.4400,37.8000,Metal1,117.7000,37.8000,3.418e-06
Metal1,117.4900,22.6800,Metal1,117.7500,22.6800,4.619e-12
Metal1,117.5200,105.8400,Metal1,118.1850,105.8400,3.206e-10
Metal1,117.6000,45.3600,Metal1,121.9700,45.3600,2.433e-11
Metal1,117.7000,37.8000,Metal1,117.9000,37.8000,3.418e-06
Metal1,117.7300,30.2400,Metal1,118.0000,30.2400,1.927e-07
Metal1,117.7350,52.9200,Metal1,117.9950,52.9200,1.888e-07
Metal1,117.7500,22.6800,Metal1,118.5100,22.6800,4.623e-12
Metal1,117.8900,83.1600,Metal1,118.1500,83.1600,7.944e-06
Metal1,117.9000,37.8000,Metal1,118.1600,37.8000,1.217e-06
Metal1,117.9950,52.9200,Metal1,120.4800,52.9200,4.030e-06
Metal1,118.0000,30.2400,Metal1,118.6650,30.2400,1.014e-09
Metal1,118.1300,98.2800,Metal1,118.3950,98.2800,2.731e-08
Metal1,118.1450,15.1200,Metal1,118.3150,15.1200,3.761e-10
Metal1,118.1500,83.1600,Metal1,119.8100,83.1600,7.944e-06
Metal1,118.1600,37.8000,Metal1,118.8450,37.8000,1.217e-06
Metal1,118.1850,105.8400,Metal1,118.5250,105.1700,5.112e-09
Metal1,118.3150,15.1200,Metal1,122.8000,15.1200,3.760e-10
Metal1,118.3950,98.2800,Metal1,119.3050,98.2800,2.731e-08
Metal1,118.4550,75.6000,Metal1,118.7150,75.6000,3.051e-08
Metal1,118.5100,22.6800,Metal1,118.7700,22.6800,1.200e-09
Metal1,118.5250,105.1700,Metal1,118.9100,105.8400,1.370e-06
Metal1,118.5600,128.5200,Metal1,121.7020,128.5200,1.081e-07
Metal1,118.6100,120.9600,Metal1,118.8750,120.9600,2.429e-08
Metal1,118.6250,113.4000,Metal1,118.7950,113.4000,9.629e-09
Metal1,118.6650,30.2400,Metal1,119.0050,30.9100,1.616e-08
Metal1,118.7150,75.6000,Metal1,119.1700,75.6000,3.051e-08
Metal1,118.7700,22.6800,Metal1,119.5300,22.6800,1.200e-09
Metal1,118.7950,113.4000,Metal1,119.9500,113.4000,9.629e-09
Metal1,118.8450,37.8000,Metal1,119.1050,37.8000,1.642e-08
Metal1,118.8750,120.9600,Metal1,119.7850,120.9600,2.429e-08
Metal1,118.9100,105.8400,Metal1,120.2900,105.8400,1.370e-06
Metal1,119.0050,30.9100,Metal1,119.3900,30.2400,4.330e-06
Metal1,119.0400,68.0400,Metal1,122.2100,68.0400,9.547e-06
Metal1,119.1050,37.8000,Metal1,120.3000,37.8000,1.642e-08
Metal1,119.1700,75.6000,Metal1,119.4400,75.6000,1.148e-07
Metal1,119.3050,98.2800,Metal1,119.5650,98.2800,8.230e-06
Metal1,119.3900,30.2400,Metal1,120.4000,30.2400,4.330e-06
Metal1,119.4400,75.6000,Metal1,120.1050,75.6000,6.042e-10
Metal1,119.5200,136.0800,Metal1,123.3600,136.0800,3.582e-08
Metal1,119.5200,143.6400,Metal1,123.3600,143.6400,3.556e-08
Metal1,119.5200,151.2000,Metal1,123.3600,151.2000,3.539e-08
Metal1,119.5200,158.7600,Metal1,123.3600,158.7600,3.530e-08
Metal1,119.5300,22.6800,Metal1,119.5700,23.3500,1.200e-09
Metal1,119.5650,98.2800,Metal1,121.2500,98.2800,8.230e-06
Metal1,119.5700,23.3500,Metal1,119.7900,22.0120,5.424e-09
Metal1,119.5850,60.4800,Metal1,119.7550,60.4800,6.430e-12
Metal1,119.7550,60.4800,Metal1,122.4000,60.4800,6.436e-12
Metal1,119.7850,120.9600,Metal1,120.0450,120.9600,7.320e-06
Metal1,119.7900,22.0120,Metal1,119.8350,22.6800,5.424e-09
Metal1,119.8100,83.1600,Metal1,120.0700,83.1600,1.002e-05
Metal1,119.8350,22.6800,Metal1,120.7450,22.6800,5.424e-09
Metal1,119.9500,113.4000,Metal1,120.2100,113.4000,3.533e-10
Metal1,120.0450,120.9600,Metal1,122.8800,120.9600,7.320e-06
Metal1,120.0700,83.1600,Metal1,122.7670,83.1600,1.002e-05
Metal1,120.1050,75.6000,Metal1,120.4450,74.9300,9.633e-09
Metal1,120.2100,113.4000,Metal1,120.9700,113.4000,2.489e-10
Metal1,120.2900,105.8400,Metal1,120.5500,105.8400,1.910e-06
Metal1,120.3000,37.8000,Metal1,120.5600,37.8000,5.237e-06
Metal1,120.4000,30.2400,Metal1,120.6600,30.2400,4.059e-07
Metal1,120.4450,74.9300,Metal1,120.6950,74.9300,2.581e-06
Metal1,120.4800,52.9200,Metal1,124.3200,52.9200,4.030e-06
Metal1,120.5500,105.8400,Metal1,122.9800,105.8400,1.910e-06
Metal1,120.5600,37.8000,Metal1,121.6550,37.8000,5.237e-06
Metal1,120.6600,30.2400,Metal1,123.4950,30.2400,4.485e-06
Metal1,120.6950,74.9300,Metal1,120.8300,76.2600,6.383e-08
Metal1,120.7450,22.6800,Metal1,121.0050,22.6800,1.382e-05
Metal1,120.8300,76.2600,Metal1,120.9550,75.6000,6.383e-08
Metal1,120.9550,75.6000,Metal1,121.5750,75.6000,6.382e-08
Metal1,120.9700,113.4000,Metal1,121.5700,113.4000,5.888e-08
Metal1,121.0050,22.6800,Metal1,122.6900,22.6800,1.382e-05
Metal1,121.0100,90.7200,Metal1,121.2750,90.7200,1.926e-08
Metal1,121.2500,98.2800,Metal1,121.5100,98.2800,8.737e-06
Metal1,121.2750,90.7200,Metal1,122.1850,90.7200,1.926e-08
Metal1,121.5100,98.2800,Metal1,124.3200,98.2800,8.737e-06
Metal1,121.5700,113.4000,Metal1,123.7450,113.4000,3.937e-10
Metal1,121.5750,75.6000,Metal1,121.8350,75.6000,5.705e-09
Metal1,121.6550,37.8000,Metal1,121.9150,37.8000,6.715e-09
Metal1,121.7020,128.5200,Metal1,126.2400,128.5200,1.081e-07
Metal1,121.8350,75.6000,Metal1,123.4250,75.6000,2.965e-07
Metal1,121.9150,37.8000,Metal1,124.3850,37.8000,6.715e-09
Metal1,121.9700,45.3600,Metal1,122.2350,45.3600,3.267e-08
Metal1,122.1850,90.7200,Metal1,122.4450,90.7200,5.805e-06
Metal1,122.2100,68.0400,Metal1,122.4700,68.0400,1.013e-05
Metal1,122.2350,45.3600,Metal1,123.1450,45.3600,3.267e-08
Metal1,122.4000,60.4800,Metal1,127.2500,60.4800,1.709e-11
Metal1,122.4450,90.7200,Metal1,124.4550,90.7200,5.805e-06
Metal1,122.4700,68.0400,Metal1,125.2800,68.0400,1.013e-05
Metal1,122.6900,22.6800,Metal1,122.9500,22.6800,1.445e-05
Metal1,122.7670,83.1600,Metal1,125.4650,83.1600,1.002e-05
Metal1,122.8000,15.1200,Metal1,123.0600,15.1200,4.246e-08
Metal1,122.8800,120.9600,Metal1,126.7200,120.9600,7.320e-06
Metal1,122.9500,22.6800,Metal1,124.0250,22.6800,1.445e-05
Metal1,122.9800,105.8400,Metal1,125.4100,105.8400,1.910e-06
Metal1,123.0600,15.1200,Metal1,125.0900,15.1200,3.771e-07
Metal1,123.1450,45.3600,Metal1,123.4050,45.3600,9.844e-06
Metal1,123.3600,136.0800,Metal1,127.2000,136.0800,3.582e-08
Metal1,123.3600,143.6400,Metal1,127.2000,143.6400,3.556e-08
Metal1,123.3600,151.2000,Metal1,127.2000,151.2000,3.539e-08
Metal1,123.3600,158.7600,Metal1,127.2000,158.7600,3.530e-08
Metal1,123.4050,45.3600,Metal1,125.0900,45.3600,9.844e-06
Metal1,123.4250,75.6000,Metal1,123.5950,75.6000,2.816e-10
Metal1,123.4950,30.2400,Metal1,123.7550,30.2400,2.288e-07
Metal1,123.5950,75.6000,Metal1,126.9600,75.6000,2.815e-10
Metal1,123.7450,113.4000,Metal1,124.0050,113.4000,8.307e-10
Metal1,123.7550,30.2400,Metal1,127.2000,30.2400,4.846e-06
Metal1,124.0050,113.4000,Metal1,126.2900,113.4000,8.307e-10
Metal1,124.0250,22.6800,Metal1,124.2850,22.6800,5.589e-08
Metal1,124.2850,22.6800,Metal1,125.0600,22.6800,5.589e-08
Metal1,124.3200,52.9200,Metal1,127.3300,52.9200,4.030e-06
Metal1,124.3200,98.2800,Metal1,128.1600,98.2800,8.737e-06
Metal1,124.3850,37.8000,Metal1,124.5550,37.8000,6.386e-12
Metal1,124.4550,90.7200,Metal1,124.7150,90.7200,2.935e-07
Metal1,124.5550,37.8000,Metal1,127.9200,37.8000,6.389e-12
Metal1,124.7150,90.7200,Metal1,126.4550,90.7200,6.166e-06
Metal1,125.0600,22.6800,Metal1,125.9950,22.6800,4.926e-08
Metal1,125.0900,15.1200,Metal1,125.3500,15.1200,1.360e-06
Metal1,125.0900,45.3600,Metal1,125.3500,45.3600,1.042e-05
Metal1,125.2800,68.0400,Metal1,129.1200,68.0400,1.013e-05
Metal1,125.3500,15.1200,Metal1,125.8100,15.1200,1.360e-06
Metal1,125.3500,45.3600,Metal1,128.1600,45.3600,1.042e-05
Metal1,125.4100,105.8400,Metal1,125.6800,105.8400,8.498e-08
Metal1,125.4650,83.1600,Metal1,125.7250,83.1600,3.875e-08
Metal1,125.6800,105.8400,Metal1,126.3450,105.8400,4.471e-10
Metal1,125.7250,83.1600,Metal1,126.5000,83.1600,3.875e-08
Metal1,125.8100,15.1200,Metal1,126.0750,15.1200,7.171e-08
Metal1,125.9950,22.6800,Metal1,126.7850,22.6800,4.926e-08
Metal1,126.0750,15.1200,Metal1,126.9850,15.1200,7.171e-08
Metal1,126.2400,128.5200,Metal1,130.0800,128.5200,1.081e-07
Metal1,126.2900,113.4000,Metal1,126.5550,113.4000,2.371e-08
Metal1,126.3450,105.8400,Metal1,126.6850,105.1700,7.128e-09
Metal1,126.4550,90.7200,Metal1,126.7150,90.7200,7.906e-09
Metal1,126.5000,83.1600,Metal1,127.4350,83.1600,3.416e-08
Metal1,126.5550,113.4000,Metal1,127.4650,113.4000,2.371e-08
Metal1,126.6850,105.1700,Metal1,127.0700,105.8400,1.910e-06
Metal1,126.7150,90.7200,Metal1,129.1850,90.7200,7.906e-09
Metal1,126.7200,120.9600,Metal1,129.7350,120.9600,7.320e-06
Metal1,126.7850,22.6800,Metal1,127.0450,22.6800,1.445e-05
Metal1,126.9600,75.6000,Metal1,131.0900,75.6000,3.261e-10
Metal1,126.9850,15.1200,Metal1,127.2450,15.1200,2.025e-05
Metal1,127.0450,22.6800,Metal1,127.9700,22.6800,1.445e-05
Metal1,127.0700,105.8400,Metal1,129.2500,105.8400,1.910e-06
Metal1,127.2000,30.2400,Metal1,131.0400,30.2400,4.846e-06
Metal1,127.2000,136.0800,Metal1,131.0400,136.0800,3.582e-08
Metal1,127.2000,143.6400,Metal1,131.0400,143.6400,3.556e-08
Metal1,127.2000,151.2000,Metal1,131.0400,151.2000,3.539e-08
Metal1,127.2000,158.7600,Metal1,131.0400,158.7600,3.530e-08
Metal1,127.2450,15.1200,Metal1,129.4400,15.1200,2.025e-05
Metal1,127.2500,60.4800,Metal1,127.5150,60.4800,2.545e-08
Metal1,127.3300,52.9200,Metal1,127.6000,52.9200,1.793e-07
Metal1,127.4350,83.1600,Metal1,128.2250,83.1600,3.416e-08
Metal1,127.4650,113.4000,Metal1,127.7250,113.4000,7.146e-06
Metal1,127.5150,60.4800,Metal1,128.4250,60.4800,2.545e-08
Metal1,127.6000,52.9200,Metal1,128.2650,52.9200,9.434e-10
Metal1,127.7250,113.4000,Metal1,128.7700,113.4000,7.146e-06
Metal1,127.9200,37.8000,Metal1,132.0500,37.8000,2.268e-11
Metal1,127.9700,22.6800,Metal1,128.2300,22.6800,1.497e-05
Metal1,128.1600,45.3600,Metal1,131.9820,45.3600,1.042e-05
Metal1,128.1600,98.2800,Metal1,130.9350,98.2800,8.737e-06
Metal1,128.2250,83.1600,Metal1,128.4850,83.1600,1.002e-05
Metal1,128.2300,22.6800,Metal1,128.9600,22.6800,1.497e-05
Metal1,128.2650,52.9200,Metal1,128.6050,53.5900,1.504e-08
Metal1,128.4250,60.4800,Metal1,128.6850,60.4800,7.670e-06
Metal1,128.4850,83.1600,Metal1,128.8250,83.1600,1.002e-05
Metal1,128.6050,53.5900,Metal1,128.9900,52.9200,4.030e-06
Metal1,128.6850,60.4800,Metal1,128.9300,60.4800,7.670e-06
Metal1,128.7700,113.4000,Metal1,129.0400,113.4000,3.180e-07
Metal1,128.8250,83.1600,Metal1,129.0150,82.4820,1.047e-08
Metal1,128.9300,60.4800,Metal1,129.1900,60.4800,8.290e-06
Metal1,128.9600,22.6800,Metal1,129.2200,22.6800,4.006e-08
Metal1,128.9900,52.9200,Metal1,130.5100,52.9200,4.030e-06
Metal1,129.0150,82.4820,Metal1,129.0850,83.8370,1.047e-08
Metal1,129.0400,113.4000,Metal1,129.7050,113.4000,1.557e-09
Metal1,129.0850,83.8370,Metal1,129.2750,83.1600,4.629e-10
Metal1,129.1200,68.0400,Metal1,132.6650,68.0400,1.013e-05
Metal1,129.1850,90.7200,Metal1,129.3550,90.7200,2.836e-10
Metal1,129.1900,60.4800,Metal1,130.2600,60.4800,8.290e-06
Metal1,129.2200,22.6800,Metal1,130.3650,22.6800,4.006e-08
Metal1,129.2500,105.8400,Metal1,129.5050,106.5100,2.554e-11
Metal1,129.2750,83.1600,Metal1,129.8600,83.1600,2.341e-07
Metal1,129.3550,90.7200,Metal1,132.6600,90.7200,2.836e-10
Metal1,129.4400,15.1200,Metal1,129.7000,15.1200,1.003e-06
Metal1,129.5050,106.5100,Metal1,129.5200,105.5100,2.554e-11
Metal1,129.5200,105.5100,Metal1,129.7650,105.8400,1.313e-08
Metal1,129.7000,15.1200,Metal1,130.4600,15.1200,9.153e-08
Metal1,129.7050,113.4000,Metal1,129.9750,112.3550,2.799e-09
Metal1,129.7350,120.9600,Metal1,129.9950,120.9600,3.678e-07
Metal1,129.7650,105.8400,Metal1,130.1850,105.8400,1.624e-10
Metal1,129.8600,83.1600,Metal1,130.7950,83.1600,4.501e-08
Metal1,129.9750,112.3550,Metal1,130.0450,113.4070,2.799e-09
Metal1,129.9950,120.9600,Metal1,131.7350,120.9600,7.680e-06
Metal1,130.0450,113.4070,Metal1,130.2350,112.7300,1.512e-08
Metal1,130.0800,128.5200,Metal1,133.9200,128.5200,1.081e-07
Metal1,130.1850,105.8400,Metal1,130.5250,106.5100,8.118e-09
Metal1,130.2350,112.7300,Metal1,130.4300,113.4000,1.512e-08
Metal1,130.2600,60.4800,Metal1,130.5300,60.4800,1.434e-07
Metal1,130.3650,22.6800,Metal1,130.6250,22.6800,3.949e-08
Metal1,130.4300,113.4000,Metal1,131.2200,113.4000,7.169e-06
Metal1,130.4600,15.1200,Metal1,130.7200,15.1200,2.052e-05
Metal1,130.5100,52.9200,Metal1,130.7700,52.9200,1.525e-07
Metal1,130.5250,106.5100,Metal1,130.9100,105.8400,2.176e-06
Metal1,130.5300,60.4800,Metal1,130.9950,60.4800,1.434e-07
Metal1,130.6250,22.6800,Metal1,131.8200,22.6800,3.949e-08
Metal1,130.7200,15.1200,Metal1,131.1700,15.1200,2.052e-05
Metal1,130.7700,52.9200,Metal1,131.5300,52.9200,1.808e-08
Metal1,130.7950,83.1600,Metal1,131.3700,83.1600,4.501e-08
Metal1,130.9100,105.8400,Metal1,131.4700,105.8400,2.176e-06
Metal1,130.9350,98.2800,Metal1,131.1950,98.2800,8.117e-07
Metal1,130.9950,60.4800,Metal1,131.2550,60.4800,3.682e-07
Metal1,131.0400,30.2400,Metal1,135.0650,30.2400,4.846e-06
Metal1,131.0400,136.0800,Metal1,134.8800,136.0800,3.582e-08
Metal1,131.0400,143.6400,Metal1,134.8800,143.6400,3.556e-08
Metal1,131.0400,151.2000,Metal1,134.8800,151.2000,3.539e-08
Metal1,131.0400,158.7600,Metal1,134.8800,158.7600,3.530e-08
Metal1,131.0900,75.6000,Metal1,131.3550,75.6000,4.136e-07
Metal1,131.1700,15.1200,Metal1,131.4400,15.1200,9.133e-07
Metal1,131.1950,98.2800,Metal1,133.3950,98.2800,8.760e-06
Metal1,131.2200,113.4000,Metal1,131.4900,113.4000,4.464e-08
Metal1,131.2550,60.4800,Metal1,132.5200,60.4800,2.014e-08
Metal1,131.3550,75.6000,Metal1,131.9500,75.6000,4.136e-07
Metal1,131.3700,83.1600,Metal1,131.5850,83.8220,4.863e-11
Metal1,131.4400,15.1200,Metal1,132.1050,15.1200,4.804e-09
Metal1,131.4700,105.8400,Metal1,131.7300,105.8400,1.764e-08
Metal1,131.4900,113.4000,Metal1,132.4350,113.4000,4.464e-08
Metal1,131.5300,52.9200,Metal1,131.8950,53.4120,4.099e-06
Metal1,131.5850,83.8220,Metal1,131.6300,82.4850,4.863e-11
Metal1,131.6300,82.4850,Metal1,131.8450,83.1600,1.039e-05
Metal1,131.7300,105.8400,Metal1,132.1350,105.8400,1.764e-08
Metal1,131.7350,120.9600,Metal1,131.9950,120.9600,9.867e-09
Metal1,131.8200,22.6800,Metal1,132.0800,22.6800,1.548e-05
Metal1,131.8450,83.1600,Metal1,132.7150,83.1600,1.039e-05
Metal1,131.8950,53.4120,Metal1,132.1300,52.2420,1.947e-09
Metal1,131.9500,75.6000,Metal1,132.2100,75.6000,1.888e-06
Metal1,131.9820,45.3600,Metal1,135.8400,45.3600,1.042e-05
Metal1,131.9950,120.9600,Metal1,134.4650,120.9600,9.867e-09
Metal1,132.0500,37.8000,Metal1,132.3150,37.8000,2.878e-08
Metal1,132.0800,22.6800,Metal1,136.4500,22.6800,1.548e-05
Metal1,132.1050,15.1200,Metal1,132.4450,15.7900,7.659e-08
Metal1,132.1300,52.2420,Metal1,132.1550,52.9200,1.947e-09
Metal1,132.1350,105.8400,Metal1,132.3950,105.8400,1.902e-08
Metal1,132.1550,52.9200,Metal1,134.3050,52.9200,1.353e-08
Metal1,132.2100,75.6000,Metal1,132.2650,75.6000,1.888e-06
Metal1,132.2650,75.6000,Metal1,132.5250,75.6000,4.139e-06
Metal1,132.3150,37.8000,Metal1,133.2250,37.8000,2.878e-08
Metal1,132.3950,105.8400,Metal1,132.4900,105.8400,1.902e-08
Metal1,132.4350,113.4000,Metal1,132.6950,113.4000,2.361e-08
Metal1,132.4450,15.7900,Metal1,132.8300,15.1200,2.052e-05
Metal1,132.4900,105.8400,Metal1,133.0900,105.8400,2.604e-06
Metal1,132.5200,60.4800,Metal1,132.7800,60.4800,2.833e-07
Metal1,132.5250,75.6000,Metal1,132.9700,75.6000,7.686e-08
Metal1,132.6600,90.7200,Metal1,132.9300,90.7200,1.288e-08
Metal1,132.6650,68.0400,Metal1,132.9250,68.0400,3.921e-08
Metal1,132.6950,113.4000,Metal1,133.4800,113.4000,2.361e-08
Metal1,132.7150,83.1600,Metal1,132.9750,83.1600,9.705e-08
Metal1,132.7800,60.4800,Metal1,132.9900,60.4800,2.833e-07
Metal1,132.8300,15.1200,Metal1,134.2400,15.1200,2.052e-05
Metal1,132.9250,68.0400,Metal1,133.7000,68.0400,3.921e-08
Metal1,132.9300,90.7200,Metal1,134.9200,90.7200,6.051e-11
Metal1,132.9700,75.6000,Metal1,133.5700,75.6000,6.509e-06
Metal1,132.9750,83.1600,Metal1,133.3450,83.1600,6.139e-10
Metal1,132.9900,60.4800,Metal1,133.2500,60.4800,8.797e-06
Metal1,133.0900,105.8400,Metal1,134.1350,105.8400,2.604e-06
Metal1,133.2250,37.8000,Metal1,133.4850,37.8000,8.672e-06
Metal1,133.2500,60.4800,Metal1,133.3600,60.4800,8.797e-06
Metal1,133.3450,83.1600,Metal1,133.6050,83.1600,1.680e-07
Metal1,133.3600,60.4800,Metal1,133.6200,60.4800,8.145e-07
Metal1,133.3950,98.2800,Metal1,133.6550,98.2800,7.407e-08
Metal1,133.4800,113.4000,Metal1,133.7400,113.4000,6.022e-07
Metal1,133.4850,37.8000,Metal1,134.7750,37.8000,8.672e-06
Metal1,133.5700,75.6000,Metal1,134.5800,75.6000,6.509e-06
Metal1,133.6050,83.1600,Metal1,133.7350,83.1600,1.680e-07
Metal1,133.6200,60.4800,Metal1,134.7750,60.4800,8.893e-06
Metal1,133.6550,98.2800,Metal1,134.0500,98.2800,7.407e-08
Metal1,133.7000,68.0400,Metal1,134.6350,68.0400,3.456e-08
Metal1,133.7350,83.1600,Metal1,133.9950,83.1600,6.663e-09
Metal1,133.7400,113.4000,Metal1,134.4300,113.4000,3.874e-08
Metal1,133.9200,128.5200,Metal1,137.0800,128.5200,1.081e-07
Metal1,133.9950,83.1600,Metal1,134.7550,83.1600,2.485e-10
Metal1,134.0500,98.2800,Metal1,134.3200,98.2800,3.896e-08
Metal1,134.1350,105.8400,Metal1,134.2950,106.5000,5.365e-08
Metal1,134.2400,15.1200,Metal1,134.5000,15.1200,1.166e-07
Metal1,134.2950,106.5000,Metal1,134.3950,105.1620,5.365e-08
Metal1,134.3050,52.9200,Metal1,134.5650,52.9200,4.609e-06
Metal1,134.3200,98.2800,Metal1,134.9850,98.2800,4.461e-09
Metal1,134.3950,105.1620,Metal1,134.5550,105.8400,2.392e-10
Metal1,134.4300,113.4000,Metal1,134.6900,113.4000,7.676e-06
Metal1,134.4650,120.9600,Metal1,134.6350,120.9600,1.375e-08
Metal1,134.5000,15.1200,Metal1,135.6450,15.1200,1.166e-07
Metal1,134.5550,105.8400,Metal1,136.8650,105.8400,1.909e-07
Metal1,134.5650,52.9200,Metal1,136.9750,52.9200,4.609e-06
Metal1,134.5800,75.6000,Metal1,134.8500,75.6000,1.289e-09
Metal1,134.6350,68.0400,Metal1,135.4250,68.0400,3.456e-08
Metal1,134.6350,120.9600,Metal1,137.0800,120.9600,1.375e-08
Metal1,134.6900,113.4000,Metal1,136.2400,113.4000,7.676e-06
Metal1,134.7550,83.1600,Metal1,135.0150,83.1600,5.179e-08
Metal1,134.7750,37.8000,Metal1,135.0350,37.8000,8.160e-07
Metal1,134.7750,60.4800,Metal1,135.0350,60.4800,8.263e-07
Metal1,134.8500,75.6000,Metal1,135.3150,75.6000,1.289e-09
Metal1,134.8800,136.0800,Metal1,138.7200,136.0800,6.600e-10
Metal1,134.8800,136.0800,Metal2,137.0800,136.0800,3.516e-08
Metal1,134.8800,143.6400,Metal1,138.7200,143.6400,6.604e-10
Metal1,134.8800,143.6400,Metal2,137.0800,143.6400,3.490e-08
Metal1,134.8800,151.2000,Metal1,138.7200,151.2000,6.604e-10
Metal1,134.8800,151.2000,Metal2,137.0800,151.2000,3.473e-08
Metal1,134.8800,158.7600,Metal1,138.7200,158.7600,6.604e-10
Metal1,134.8800,158.7600,Metal2,137.0800,158.7600,3.464e-08
Metal1,134.9200,90.7200,Metal1,135.1800,90.7200,2.419e-08
Metal1,134.9850,98.2800,Metal1,135.3250,98.9500,3.854e-09
Metal1,135.0150,83.1600,Metal1,135.7750,83.1600,5.179e-08
Metal1,135.0350,37.8000,Metal1,137.7100,37.8000,4.831e-06
Metal1,135.0350,37.8000,Metal2,137.0800,37.8000,1.375e-05
Metal1,135.0350,60.4800,Metal1,136.9300,60.4800,8.917e-06
Metal1,135.0650,30.2400,Metal1,135.3250,30.2400,4.659e-08
Metal1,135.1800,90.7200,Metal1,135.7600,90.7200,2.419e-08
Metal1,135.3150,75.6000,Metal1,135.5750,75.6000,1.528e-07
Metal1,135.3250,30.2400,Metal1,136.1000,30.2400,4.659e-08
Metal1,135.3250,98.9500,Metal1,135.3900,98.9500,1.029e-06
Metal1,135.3900,98.9500,Metal1,135.6500,98.9500,8.990e-06
Metal1,135.4250,68.0400,Metal1,135.6850,68.0400,1.014e-05
Metal1,135.5750,75.6000,Metal1,136.8400,75.6000,3.440e-08
Metal1,135.6450,15.1200,Metal1,135.9050,15.1200,2.319e-05
Metal1,135.6500,98.9500,Metal1,135.7100,98.2800,8.990e-06
Metal1,135.6850,68.0400,Metal1,136.2400,68.0400,1.014e-05
Metal1,135.7100,98.2800,Metal1,136.1700,98.2800,8.990e-06
Metal1,135.7600,90.7200,Metal1,136.0200,90.7200,2.225e-09
Metal1,135.7750,83.1600,Metal1,136.0350,83.1600,1.313e-05
Metal1,135.8400,45.3600,Metal1,138.6150,45.3600,1.042e-05
Metal1,135.9050,15.1200,Metal1,137.1000,15.1200,1.611e-06
Metal1,135.9050,15.1200,Metal2,137.0800,15.1200,2.480e-05
Metal1,136.0200,90.7200,Metal1,136.8500,90.7200,7.250e-08
Metal1,136.0350,83.1600,Metal1,140.1600,83.1600,3.312e-10
Metal1,136.0350,83.1600,Metal2,137.0800,83.1600,1.313e-05
Metal1,136.1000,30.2400,Metal1,137.0350,30.2400,7.236e-06
Metal1,136.1700,98.2800,Metal1,136.4300,98.2800,8.272e-07
Metal1,136.2400,68.0400,Metal1,136.5000,68.0400,9.378e-07
Metal1,136.2400,113.4000,Metal1,136.5000,113.4000,7.113e-07
Metal1,136.4300,98.2800,Metal1,137.0350,98.2800,9.115e-06
Metal1,136.4500,22.6800,Metal1,136.7200,22.6800,2.687e-06
Metal1,136.5000,68.0400,Metal1,139.6800,68.0400,6.502e-13
Metal1,136.5000,68.0400,Metal2,137.0800,68.0400,1.023e-05
Metal1,136.5000,113.4000,Metal1,139.6800,113.4000,7.230e-13
Metal1,136.5000,113.4000,Metal2,137.0800,113.4000,7.773e-06
Metal1,136.7200,22.6800,Metal1,136.9850,22.6800,2.687e-06
Metal1,136.8400,75.6000,Metal1,137.1000,75.6000,2.304e-07
Metal1,136.8400,75.6000,Metal2,137.0800,75.6000,1.033e-05
Metal1,136.8500,90.7200,Metal1,137.1150,90.7200,1.720e-07
Metal1,136.8500,90.7200,Metal2,137.0800,90.7200,1.333e-05
Metal1,136.8650,105.8400,Metal1,137.0350,105.8400,6.222e-06
Metal1,136.9300,60.4800,Metal1,137.2000,60.4800,1.466e-07
Metal1,136.9300,60.4800,Metal2,137.0800,60.4800,1.221e-05
Metal1,136.9750,52.9200,Metal1,139.3850,52.9200,4.609e-06
Metal1,136.9850,22.6800,Metal1,137.2450,22.6800,1.270e-05
Metal1,136.9850,22.6800,Metal2,137.0800,22.6800,1.956e-05
Metal1,137.0350,30.2400,Metal1,137.8250,30.2400,1.532e-06
Metal1,137.0350,30.2400,Metal2,137.0800,30.2400,8.767e-06
Metal1,137.0350,98.2800,Metal1,137.2950,98.2800,9.751e-09
Metal1,137.0350,98.2800,Metal2,137.0800,98.2800,1.159e-05
Metal1,137.0350,105.8400,Metal1,140.4000,105.8400,1.270e-07
Metal1,137.0350,105.8400,Metal2,137.0800,105.8400,6.349e-06
Metal1,137.0800,120.9600,Metal1,142.1300,120.9600,6.832e-09
Metal1,137.0800,120.9600,Metal2,137.0800,120.9600,1.061e-05
Metal1,137.0800,128.5200,Metal1,141.6000,128.5200,6.605e-10
Metal1,137.0800,128.5200,Metal2,137.0800,128.5200,1.087e-07
Metal1,137.1000,15.1200,Metal1,137.3600,15.1200,4.055e-06
Metal1,137.1000,75.6000,Metal1,137.3100,75.6000,2.304e-07
Metal1,137.1150,90.7200,Metal1,137.4100,90.7200,1.720e-07
Metal1,137.2000,60.4800,Metal1,137.8650,60.4800,7.714e-10
Metal1,137.2450,22.6800,Metal1,137.3850,22.6800,2.824e-07
Metal1,137.2950,98.2800,Metal1,138.0550,98.2800,9.751e-09
Metal1,137.3100,75.6000,Metal1,137.5700,75.6000,3.318e-06
Metal1,137.3600,15.1200,Metal1,137.9400,15.1200,4.055e-06
Metal1,137.3850,22.6800,Metal1,137.7250,22.0100,6.846e-10
Metal1,137.4100,90.7200,Metal1,137.6800,90.7200,2.237e-08
Metal1,137.5700,75.6000,Metal1,137.6550,75.6000,3.318e-06
Metal1,137.6550,75.6000,Metal1,137.9150,75.6000,3.068e-07
Metal1,137.6800,90.7200,Metal1,138.0250,90.7200,2.237e-08
Metal1,137.7100,37.8000,Metal1,137.9700,37.8000,4.840e-08
Metal1,137.7250,22.0100,Metal1,138.0200,22.0100,9.895e-08
Metal1,137.8250,30.2400,Metal1,138.0850,30.2400,3.921e-06
Metal1,137.8650,60.4800,Metal1,138.2050,59.8100,1.230e-08
Metal1,137.9150,75.6000,Metal1,139.8100,75.6000,3.294e-06
Metal1,137.9400,15.1200,Metal1,138.2100,15.1200,1.376e-08
Metal1,137.9700,37.8000,Metal1,138.3700,37.8000,4.840e-08
Metal1,138.0200,22.0100,Metal1,138.1100,23.7220,9.895e-08
Metal1,138.0250,90.7200,Metal1,138.2850,90.7200,8.005e-08
Metal1,138.0550,98.2800,Metal1,138.3150,98.2800,3.863e-10
Metal1,138.0850,30.2400,Metal1,138.6150,30.2400,3.921e-06
Metal1,138.1100,23.7220,Metal1,138.9550,22.6800,4.161e-09
Metal1,138.2050,59.8100,Metal1,138.5900,60.4800,3.295e-06
Metal1,138.2100,15.1200,Metal1,139.1200,15.1200,1.376e-08
Metal1,138.2850,90.7200,Metal1,138.3450,90.7200,8.005e-08
Metal1,138.3150,98.2800,Metal1,139.0750,98.2800,1.647e-12
Metal1,138.3450,90.7200,Metal1,138.6850,90.0500,1.259e-08
Metal1,138.3700,37.8000,Metal1,138.6400,37.8000,4.959e-10
Metal1,138.5900,60.4800,Metal1,138.8500,60.4800,3.295e-06
Metal1,138.6150,30.2400,Metal1,138.8750,30.2400,3.627e-07
Metal1,138.6150,45.3600,Metal1,138.8750,45.3600,7.860e-07
Metal1,138.6150,45.3600,Metal2,137.0800,45.3600,1.890e-05
Metal1,138.6400,37.8000,Metal1,138.7300,37.8000,4.959e-10
Metal1,138.6850,90.0500,Metal1,139.0700,90.7200,3.294e-06
Metal1,138.7200,136.0800,Metal1,142.5600,136.0800,6.597e-10
Metal1,138.7200,143.6400,Metal1,142.5600,143.6400,6.601e-10
Metal1,138.7200,151.2000,Metal1,142.5600,151.2000,6.601e-10
Metal1,138.7200,158.7600,Metal1,142.5600,158.7600,6.601e-10
Metal1,138.7300,37.8000,Metal1,139.3050,38.2920,2.871e-10
Metal1,138.8500,60.4800,Metal1,139.1200,60.4800,5.129e-07
Metal1,138.8750,30.2400,Metal1,140.8200,30.2400,3.898e-06
Metal1,138.8750,45.3600,Metal1,141.0750,45.3600,8.459e-06
Metal1,138.9550,22.6800,Metal1,139.6300,22.6800,4.161e-09
Metal1,139.0700,90.7200,Metal1,139.4150,90.7200,3.294e-06
Metal1,139.0750,98.2800,Metal1,139.3350,98.2800,1.312e-12
Metal1,139.1200,15.1200,Metal1,139.3800,15.1200,5.641e-09
Metal1,139.1200,60.4800,Metal1,139.4150,60.4800,5.129e-07
Metal1,139.3050,38.2920,Metal1,139.3300,36.7550,2.871e-10
Metal1,139.3300,36.7550,Metal1,139.6450,37.1300,2.927e-08
Metal1,139.3350,98.2800,Metal1,140.0950,98.2800,1.312e-12
Metal1,139.3800,15.1200,Metal1,140.2000,15.1200,1.375e-08
Metal1,139.3850,52.9200,Metal1,139.6450,52.9200,1.623e-08
Metal1,139.3850,52.9200,Metal2,137.0800,52.9200,8.470e-06
Metal1,139.4150,60.4800,Metal1,139.6750,60.4800,2.589e-06
Metal1,139.4150,90.7200,Metal1,139.6750,90.7200,2.561e-07
Metal1,139.6300,22.6800,Metal1,139.7450,22.1850,4.161e-09
Metal1,139.6450,37.1300,Metal1,140.0300,37.8000,4.763e-06
Metal1,139.6450,52.9200,Metal1,140.4200,52.9200,1.623e-08
Metal1,139.6750,60.4800,Metal1,139.7850,60.4800,7.240e-08
Metal1,139.6750,90.7200,Metal1,140.2950,90.7200,2.561e-07
Metal1,139.6800,68.0400,Metal1,143.5200,68.0400,6.958e-13
Metal1,139.6800,113.4000,Metal1,143.5200,113.4000,6.954e-13
Metal1,139.7450,22.1850,Metal1,139.8900,23.3550,2.419e-09
Metal1,139.7850,60.4800,Metal1,140.1250,61.1500,4.504e-10
Metal1,139.8100,75.6000,Metal1,139.8950,74.9300,3.294e-06
Metal1,139.8900,23.3550,Metal1,140.0050,22.6800,2.419e-09
Metal1,139.8950,74.9300,Metal1,140.0800,76.2600,6.629e-11
Metal1,140.0050,22.6800,Metal1,140.5350,22.6800,4.777e-07
Metal1,140.0300,37.8000,Metal1,140.3400,37.8000,4.763e-06
Metal1,140.0800,76.2600,Metal1,140.1550,75.6000,6.629e-11
Metal1,140.0950,98.2800,Metal1,140.3550,98.2800,3.308e-10
Metal1,140.1250,61.1500,Metal1,140.5100,60.4800,1.931e-07
Metal1,140.1550,75.6000,Metal1,140.7450,75.6000,3.275e-12
Metal1,140.1600,83.1600,Metal1,144.0000,83.1600,3.311e-10
Metal1,140.2000,15.1200,Metal1,140.4600,15.1200,3.678e-06
Metal1,140.2950,90.7200,Metal1,140.5550,90.7200,3.725e-09
Metal1,140.3400,37.8000,Metal1,140.6100,37.8000,2.086e-07
Metal1,140.3550,98.2800,Metal1,143.0400,98.2800,3.307e-10
Metal1,140.4000,105.8400,Metal1,144.5300,105.8400,1.001e-10
Metal1,140.4200,52.9200,Metal1,141.3550,52.9200,3.469e-07
Metal1,140.4600,15.1200,Metal1,141.0150,15.1200,3.678e-06
Metal1,140.5100,60.4800,Metal1,141.2550,60.4800,1.931e-07
Metal1,140.5350,22.6800,Metal1,140.6500,23.3570,4.777e-07
Metal1,140.5550,90.7200,Metal1,142.1450,90.7200,1.042e-07
Metal1,140.6100,37.8000,Metal1,141.5050,37.8000,5.504e-10
Metal1,140.6500,23.3570,Metal1,140.7950,22.1870,4.170e-07
Metal1,140.7450,75.6000,Metal1,141.0850,74.9300,5.331e-10
Metal1,140.7950,22.1870,Metal1,141.2500,22.6800,3.116e-06
Metal1,140.8200,30.2400,Metal1,141.0900,30.2400,1.665e-07
Metal1,141.0150,15.1200,Metal1,141.2750,15.1200,3.403e-07
Metal1,141.0750,45.3600,Metal1,141.3350,45.3600,3.902e-07
Metal1,141.0850,74.9300,Metal1,141.4700,75.6000,1.429e-07
Metal1,141.0900,30.2400,Metal1,143.0800,30.2400,6.181e-09
Metal1,141.2500,22.6800,Metal1,143.4250,22.6800,1.085e-08
Metal1,141.2550,60.4800,Metal1,141.5150,60.4800,6.352e-10
Metal1,141.2750,15.1200,Metal1,144.1420,15.1200,3.656e-06
Metal1,141.3350,45.3600,Metal1,143.0700,45.3600,1.613e-08
Metal1,141.3550,52.9200,Metal1,141.7300,52.9200,3.469e-07
Metal1,141.4700,75.6000,Metal1,141.7350,75.6000,1.429e-07
Metal1,141.5050,37.8000,Metal1,141.7650,37.8000,1.435e-08
Metal1,141.5150,60.4800,Metal1,142.1450,60.4800,1.672e-07
Metal1,141.6000,128.5200,Metal1,145.4400,128.5200,6.605e-10
Metal1,141.7300,52.9200,Metal1,142.0000,52.9200,8.324e-07
Metal1,141.7350,75.6000,Metal1,141.9950,75.6000,1.828e-09
Metal1,141.7650,37.8000,Metal1,142.6000,37.8000,1.435e-08
Metal1,141.9950,75.6000,Metal1,142.6250,75.6000,2.175e-07
Metal1,142.0000,52.9200,Metal1,142.1450,52.9200,8.324e-07
Metal1,142.1300,120.9600,Metal1,142.3950,120.9600,2.376e-11
Metal1,142.1450,52.9200,Metal1,142.4050,52.9200,2.681e-06
Metal1,142.1450,60.4800,Metal1,142.3150,60.4800,2.006e-10
Metal1,142.1450,90.7200,Metal1,142.3150,90.7200,9.891e-11
Metal1,142.3150,60.4800,Metal1,144.9600,60.4800,2.006e-10
Metal1,142.3150,90.7200,Metal1,145.6800,90.7200,9.881e-11
Metal1,142.3950,120.9600,Metal1,143.3050,120.9600,2.377e-11
Metal1,142.4050,52.9200,Metal1,142.6650,52.9200,4.775e-09
Metal1,142.5600,136.0800,Metal1,146.4000,136.0800,6.595e-10
Metal1,142.5600,143.6400,Metal1,146.4000,143.6400,6.599e-10
Metal1,142.5600,151.2000,Metal1,146.4000,151.2000,6.599e-10
Metal1,142.5600,158.7600,Metal1,146.4000,158.7600,6.599e-10
Metal1,142.6000,37.8000,Metal1,142.7750,37.1700,4.220e-06
Metal1,142.6250,75.6000,Metal1,142.7950,75.6000,2.608e-10
Metal1,142.6650,52.9200,Metal1,142.7750,51.8750,4.775e-09
Metal1,142.7750,37.1700,Metal1,142.8600,38.4600,4.220e-06
Metal1,142.7750,51.8750,Metal1,143.0050,52.9100,6.258e-09
Metal1,142.7950,75.6000,Metal1,145.4400,75.6000,2.608e-10
Metal1,142.8600,38.4600,Metal1,143.0350,37.8000,1.517e-07
Metal1,143.0050,52.9100,Metal1,143.0350,52.2500,2.054e-08
Metal1,143.0350,37.8000,Metal1,143.6550,37.8000,1.517e-07
Metal1,143.0350,52.2500,Metal1,143.3900,52.9200,2.054e-08
Metal1,143.0400,98.2800,Metal1,146.4000,98.2800,3.308e-10
Metal1,143.0700,45.3600,Metal1,143.3300,45.3600,8.229e-06
Metal1,143.0800,30.2400,Metal1,143.3400,30.2400,3.620e-06
Metal1,143.3050,120.9600,Metal1,143.5650,120.9600,3.301e-10
Metal1,143.3300,45.3600,Metal1,144.8800,45.3600,8.229e-06
Metal1,143.3400,30.2400,Metal1,143.9550,30.2400,3.620e-06
Metal1,143.3900,52.9200,Metal1,144.6150,52.9200,2.054e-08
Metal1,143.4250,22.6800,Metal1,143.6850,22.6800,3.500e-06
Metal1,143.5200,68.0400,Metal1,147.3600,68.0400,5.072e-13
Metal1,143.5200,113.4000,Metal1,147.3600,113.4000,5.070e-13
Metal1,143.5650,120.9600,Metal1,146.4000,120.9600,3.301e-10
Metal1,143.6550,37.8000,Metal1,143.9150,37.8000,1.395e-09
Metal1,143.6850,22.6800,Metal1,148.4500,22.6800,3.500e-06
Metal1,143.9150,37.8000,Metal1,145.5050,37.8000,2.086e-07
Metal1,143.9550,30.2400,Metal1,144.2150,30.2400,1.670e-07
Metal1,144.0000,83.1600,Metal1,147.8400,83.1600,3.308e-10
Metal1,144.1420,15.1200,Metal1,147.0100,15.1200,3.656e-06
Metal1,144.2150,30.2400,Metal1,145.9500,30.2400,6.658e-09
Metal1,144.5300,105.8400,Metal1,144.7950,105.8400,3.614e-12
Metal1,144.6150,52.9200,Metal1,144.8750,52.9200,7.828e-09
Metal1,144.7950,105.8400,Metal1,145.7050,105.8400,3.615e-12
Metal1,144.8750,52.9200,Metal1,145.5050,52.9200,3.398e-07
Metal1,144.8800,45.3600,Metal1,145.1400,45.3600,7.534e-07
Metal1,144.9600,60.4800,Metal1,149.8100,60.4800,1.324e-13
Metal1,145.1400,45.3600,Metal1,146.6350,45.3600,8.133e-06
Metal1,145.4400,75.6000,Metal1,150.2900,75.6000,1.743e-13
Metal1,145.4400,128.5200,Metal1,149.2800,128.5200,6.603e-10
Metal1,145.5050,37.8000,Metal1,145.6750,37.8000,1.979e-10
Metal1,145.5050,52.9200,Metal1,145.6750,52.9200,4.076e-10
Metal1,145.6750,37.8000,Metal1,149.0400,37.8000,1.978e-10
Metal1,145.6750,52.9200,Metal1,148.3200,52.9200,4.076e-10
Metal1,145.6800,90.7200,Metal1,149.8100,90.7200,7.710e-14
Metal1,145.7050,105.8400,Metal1,145.9650,105.8400,9.891e-10
Metal1,145.9500,30.2400,Metal1,146.2100,30.2400,3.391e-06
Metal1,145.9650,105.8400,Metal1,148.8000,105.8400,9.891e-10
Metal1,146.2100,30.2400,Metal1,147.7600,30.2400,3.391e-06
Metal1,146.4000,98.2800,Metal1,150.2400,98.2800,3.309e-10
Metal1,146.4000,120.9600,Metal1,150.2400,120.9600,3.300e-10
Metal1,146.4000,136.0800,Metal1,150.2400,136.0800,6.593e-10
Metal1,146.4000,143.6400,Metal1,150.2400,143.6400,6.597e-10
Metal1,146.4000,151.2000,Metal1,150.2400,151.2000,6.597e-10
Metal1,146.4000,158.7600,Metal1,150.2400,158.7600,6.598e-10
Metal1,146.6350,45.3600,Metal1,146.8950,45.3600,8.806e-08
Metal1,146.8950,45.3600,Metal1,147.2100,45.3600,8.806e-08
Metal1,147.0100,15.1200,Metal1,147.2800,15.1200,1.627e-07
Metal1,147.2100,45.3600,Metal1,147.4700,45.3600,2.320e-09
Metal1,147.2800,15.1200,Metal1,147.9450,15.1200,8.558e-10
Metal1,147.3600,68.0400,Metal1,151.0500,68.0400,4.099e-13
Metal1,147.3600,113.4000,Metal1,151.0500,113.4000,4.097e-13
Metal1,147.4700,45.3600,Metal1,147.6550,45.3600,3.728e-08
Metal1,147.6550,45.3600,Metal1,147.9150,45.3600,1.368e-09
Metal1,147.7600,30.2400,Metal1,148.0200,30.2400,3.078e-07
Metal1,147.8400,83.1600,Metal1,151.6800,83.1600,3.306e-10
Metal1,147.9150,45.3600,Metal1,148.5550,45.3600,2.736e-09
Metal1,147.9450,15.1200,Metal1,148.2850,15.7900,1.364e-08
Metal1,148.0200,30.2400,Metal1,150.4370,30.2400,3.294e-06
Metal1,148.2850,15.7900,Metal1,148.5050,15.7900,3.656e-06
Metal1,148.3200,52.9200,Metal1,153.1700,52.9200,2.725e-13
Metal1,148.4500,22.6800,Metal1,148.7200,22.6800,1.558e-07
Metal1,148.5050,15.7900,Metal1,148.6700,14.4420,2.682e-09
Metal1,148.5550,45.3600,Metal1,148.6750,46.0820,2.736e-09
Metal1,148.6700,14.4420,Metal1,148.7650,15.1200,2.682e-09
Metal1,148.6750,46.0820,Metal1,148.8150,44.6200,7.573e-13
Metal1,148.7200,22.6800,Metal1,149.3850,22.6800,8.193e-10
Metal1,148.7650,15.1200,Metal1,149.5400,15.1200,2.682e-09
Metal1,148.8000,105.8400,Metal1,152.6400,105.8400,9.890e-10
Metal1,148.8150,44.6200,Metal1,148.9350,45.3600,7.572e-13
Metal1,148.9350,45.3600,Metal1,149.5750,45.3600,7.576e-13
Metal1,149.0400,37.8000,Metal1,153.1700,37.8000,7.861e-13
Metal1,149.2800,128.5200,Metal1,153.1200,128.5200,6.601e-10
Metal1,149.3850,22.6800,Metal1,149.7250,22.0100,1.306e-08
Metal1,149.5400,15.1200,Metal1,149.9750,14.0770,2.682e-09
Metal1,149.5750,45.3600,Metal1,149.6950,45.8950,7.570e-13
Metal1,149.6950,45.8950,Metal1,149.8350,44.9000,1.871e-09
Metal1,149.7250,22.0100,Metal1,150.1100,22.6800,3.500e-06
Metal1,149.8100,60.4800,Metal1,150.0750,60.4800,3.283e-12
Metal1,149.8100,90.7200,Metal1,150.0750,90.7200,1.091e-12
Metal1,149.8350,44.9000,Metal1,149.9550,45.3600,1.871e-09
Metal1,149.9550,45.3600,Metal1,150.5700,45.3600,3.673e-11
Metal1,149.9750,14.0770,Metal1,150.2350,14.0770,3.746e-09
Metal1,150.0750,60.4800,Metal1,150.9850,60.4800,3.279e-12
Metal1,150.0750,90.7200,Metal1,150.9850,90.7200,1.096e-12
Metal1,150.1100,22.6800,Metal1,150.9350,22.6800,3.500e-06
Metal1,150.2350,14.0770,Metal1,150.4750,15.1200,3.746e-09
Metal1,150.2400,98.2800,Metal1,154.0800,98.2800,3.307e-10
Metal1,150.2400,120.9600,Metal1,153.6870,120.9600,3.298e-10
Metal1,150.2400,136.0800,Metal1,154.0800,136.0800,6.591e-10
Metal1,150.2400,143.6400,Metal1,154.0800,143.6400,6.596e-10
Metal1,150.2400,151.2000,Metal1,154.0800,151.2000,6.596e-10
Metal1,150.2400,158.7600,Metal1,154.0800,158.7600,6.596e-10
Metal1,150.2900,75.6000,Metal1,150.5550,75.6000,1.091e-12
Metal1,150.4370,30.2400,Metal1,152.8550,30.2400,3.294e-06
Metal1,150.4750,15.1200,Metal1,151.2650,15.1200,3.746e-09
Metal1,150.5550,75.6000,Metal1,151.4650,75.6000,1.094e-12
Metal1,150.5700,45.3600,Metal1,150.5950,44.6970,3.674e-11
Metal1,150.5950,44.6970,Metal1,150.8300,46.1000,3.080e-11
Metal1,150.8300,46.1000,Metal1,150.8550,45.3600,3.080e-11
Metal1,150.8550,45.3600,Metal1,151.6150,45.3600,1.131e-08
Metal1,150.9350,22.6800,Metal1,151.1950,22.6800,4.488e-09
Metal1,150.9850,60.4800,Metal1,151.2450,60.4800,9.887e-10
Metal1,150.9850,90.7200,Metal1,151.2450,90.7200,3.300e-10
Metal1,151.0500,68.0400,Metal1,155.0400,68.0400,3.920e-13
Metal1,151.0500,113.4000,Metal1,155.0400,113.4000,3.918e-13
Metal1,151.1950,22.6800,Metal1,153.6650,22.6800,4.488e-09
Metal1,151.2450,60.4800,Metal1,154.0800,60.4800,9.887e-10
Metal1,151.2450,90.7200,Metal1,154.0800,90.7200,3.300e-10
Metal1,151.2650,15.1200,Metal1,151.5250,15.1200,2.523e-07
Metal1,151.4650,75.6000,Metal1,151.7250,75.6000,3.301e-10
Metal1,151.5250,15.1200,Metal1,151.8150,15.1200,2.523e-07
Metal1,151.6150,45.3600,Metal1,151.8750,45.3600,2.934e-06
Metal1,151.6800,83.1600,Metal1,155.5200,83.1600,3.303e-10
Metal1,151.7250,75.6000,Metal1,154.5600,75.6000,3.301e-10
Metal1,151.8150,15.1200,Metal1,152.0750,15.1200,3.538e-09
Metal1,151.8750,45.3600,Metal1,152.8550,45.3600,2.934e-06
Metal1,152.0750,15.1200,Metal1,152.7050,15.1200,1.080e-07
Metal1,152.6400,105.8400,Metal1,156.4800,105.8400,9.888e-10
Metal1,152.7050,15.1200,Metal1,152.8750,15.1200,2.066e-09
Metal1,152.8550,30.2400,Metal1,153.1150,30.2400,2.431e-08
Metal1,152.8550,45.3600,Metal1,153.1150,45.3600,3.762e-09
Metal1,152.8750,15.1200,Metal1,153.7350,15.1200,2.066e-09
Metal1,153.1150,30.2400,Metal1,153.2500,30.2400,2.431e-08
Metal1,153.1150,45.3600,Metal1,155.5850,45.3600,3.762e-09
Metal1,153.1200,128.5200,Metal1,156.9600,128.5200,6.599e-10
Metal1,153.1700,37.8000,Metal1,153.4350,37.8000,1.196e-09
Metal1,153.1700,52.9200,Metal1,153.4350,52.9200,1.091e-12
Metal1,153.2500,30.2400,Metal1,153.5200,30.2400,1.082e-09
Metal1,153.4350,37.8000,Metal1,154.3450,37.8000,1.196e-09
Metal1,153.4350,52.9200,Metal1,154.3450,52.9200,1.094e-12
Metal1,153.5200,30.2400,Metal1,154.1850,30.2400,5.684e-12
Metal1,153.6650,22.6800,Metal1,153.8350,22.6800,4.158e-12
Metal1,153.6870,120.9600,Metal1,157.9200,120.9600,3.301e-10
Metal1,153.7350,15.1200,Metal1,153.9950,15.1200,8.734e-09
Metal1,153.8350,22.6800,Metal1,157.2000,22.6800,4.258e-12
Metal1,153.9950,15.1200,Metal1,157.1820,15.1200,1.830e-10
Metal1,154.0800,60.4800,Metal1,156.8350,60.4800,9.887e-10
Metal1,154.0800,90.7200,Metal1,157.5270,90.7200,3.299e-10
Metal1,154.0800,98.2800,Metal1,157.9200,98.2800,3.305e-10
Metal1,154.0800,136.0800,Metal1,157.9200,136.0800,6.590e-10
Metal1,154.0800,143.6400,Metal1,157.9200,143.6400,6.594e-10
Metal1,154.0800,151.2000,Metal1,157.9200,151.2000,6.594e-10
Metal1,154.0800,158.7600,Metal1,157.9200,158.7600,6.594e-10
Metal1,154.1850,30.2400,Metal1,154.5250,29.5700,8.950e-11
Metal1,154.3450,37.8000,Metal1,154.6050,37.8000,3.603e-07
Metal1,154.3450,52.9200,Metal1,154.6050,52.9200,3.305e-10
Metal1,154.5250,29.5700,Metal1,154.9100,30.2400,2.398e-08
Metal1,154.5600,75.6000,Metal1,157.2870,75.6000,3.300e-10
Metal1,154.6050,37.8000,Metal1,155.6550,37.8000,3.603e-07
Metal1,154.6050,52.9200,Metal1,157.4400,52.9200,3.306e-10
Metal1,154.9100,30.2400,Metal1,155.1750,30.2400,2.398e-08
Metal1,155.0400,68.0400,Metal1,158.8800,68.0400,2.827e-13
Metal1,155.0400,113.4000,Metal1,158.8800,113.4000,2.823e-13
Metal1,155.1750,30.2400,Metal1,155.4350,30.2400,6.513e-08
Metal1,155.4350,30.2400,Metal1,155.5850,30.2400,6.513e-08
Metal1,155.5200,83.1600,Metal1,159.3600,83.1600,3.302e-10
Metal1,155.5850,30.2400,Metal1,155.7550,30.2400,2.653e-07
Metal1,155.5850,45.3600,Metal1,155.7550,45.3600,3.463e-12
Metal1,155.6550,37.8000,Metal1,155.9150,37.8000,8.835e-09
Metal1,155.7550,30.2400,Metal1,158.8800,30.2400,5.909e-09
Metal1,155.7550,45.3600,Metal1,159.1200,45.3600,3.570e-12
Metal1,155.9150,37.8000,Metal1,158.8800,37.8000,2.780e-13
Metal1,156.4800,105.8400,Metal1,162.4250,105.8400,9.888e-10
Metal1,156.8350,60.4800,Metal1,162.4250,60.4800,9.886e-10
Metal1,156.9600,128.5200,Metal1,162.8500,128.5200,6.597e-10
Metal1,157.1820,15.1200,Metal1,160.3700,15.1200,1.830e-10
Metal1,157.2000,22.6800,Metal1,161.3300,22.6800,4.206e-15
Metal1,157.2870,75.6000,Metal1,162.8500,75.6000,3.300e-10
Metal1,157.4400,52.9200,Metal1,163.3300,52.9200,3.303e-10
Metal1,157.5270,90.7200,Metal1,163.8100,90.7200,3.300e-10
Metal1,157.9200,98.2800,Metal1,163.8100,98.2800,3.303e-10
Metal1,157.9200,120.9600,Metal1,163.8100,120.9600,3.300e-10
Metal1,157.9200,136.0800,Metal1,163.8100,136.0800,6.587e-10
Metal1,157.9200,143.6400,Metal1,163.8100,143.6400,6.592e-10
Metal1,157.9200,151.2000,Metal1,163.8100,151.2000,6.592e-10
Metal1,157.9200,158.7600,Metal1,163.8100,158.7600,6.592e-10
Metal1,158.8800,30.2400,Metal1,163.2500,30.2400,4.401e-12
Metal1,158.8800,37.8000,Metal1,162.7200,37.8000,1.276e-13
Metal1,158.8800,68.0400,Metal1,162.7200,68.0400,9.404e-14
Metal1,158.8800,113.4000,Metal1,162.7200,113.4000,9.423e-14
Metal1,159.1200,45.3600,Metal1,163.2500,45.3600,7.184e-15
Metal1,159.3600,83.1600,Metal1,163.3300,83.1600,3.302e-10
Metal1,160.3700,15.1200,Metal1,160.6350,15.1200,1.575e-12
Metal1,160.6350,15.1200,Metal1,161.5450,15.1200,1.588e-12
Metal1,161.3300,22.6800,Metal1,161.5950,22.6800,1.091e-12
Metal1,161.5450,15.1200,Metal1,161.8050,15.1200,6.611e-10
Metal1,161.5950,22.6800,Metal1,162.5050,22.6800,1.094e-12
Metal1,161.8050,15.1200,Metal1,162.8500,15.1200,6.611e-10
Metal1,162.4250,60.4800,Metal1,162.6850,60.4800,1.908e-12
Metal1,162.4250,105.8400,Metal1,162.6850,105.8400,1.794e-12
Metal1,162.5050,22.6800,Metal1,162.7650,22.6800,3.300e-10
Metal1,162.6850,60.4800,Metal1,163.4600,60.4800,1.908e-12
Metal1,162.6850,105.8400,Metal1,163.3300,105.8400,1.791e-12
Metal1,162.7200,37.8000,Metal1,165.3600,37.8000,5.409e-13
Metal1,162.7650,22.6800,Metal1,163.8100,22.6800,3.300e-10
Metal1,162.8500,15.1200,Metal1,163.1200,15.1200,1.378e-11
Metal1,162.8500,75.6000,Metal1,163.1200,75.6000,1.469e-11
Metal1,162.8500,128.5200,Metal1,163.1200,128.5200,2.935e-11
Metal1,163.1200,15.1200,Metal1,163.3300,15.1200,1.378e-11
Metal1,163.1200,75.6000,Metal1,163.7850,75.6000,6.965e-14
Metal1,163.1200,128.5200,Metal1,163.7850,128.5200,5.985e-14
Metal1,163.2500,30.2400,Metal1,163.5150,30.2400,2.203e-14
Metal1,163.2500,45.3600,Metal1,163.5150,45.3600,5.630e-12
Metal1,163.3300,15.1200,Metal1,163.6000,15.1200,2.436e-11
Metal1,163.3300,52.9200,Metal1,163.6000,52.9200,1.470e-11
Metal1,163.3300,83.1600,Metal1,163.6000,83.1600,1.468e-11
Metal1,163.3300,105.8400,Metal1,163.4600,105.1700,1.792e-12
Metal1,163.4600,60.4800,Metal1,163.8100,61.5220,1.908e-12
Metal1,163.4600,105.1700,Metal1,163.6000,106.8820,1.960e-13
Metal1,163.5150,30.2400,Metal1,164.4250,30.2400,1.352e-14
Metal1,163.5150,45.3600,Metal1,163.8100,45.3600,5.635e-12
Metal1,163.6000,15.1200,Metal1,163.7850,15.1200,3.990e-13
Metal1,163.6000,52.9200,Metal1,164.2650,52.9200,7.074e-14
Metal1,163.6000,83.1600,Metal1,164.2650,83.1600,7.074e-14
Metal1,163.6000,106.8820,Metal1,164.2650,106.8820,1.436e-13
Metal1,163.7850,15.1200,Metal1,164.1250,15.7900,1.092e-12
Metal1,163.7850,75.6000,Metal1,164.1250,74.9300,1.669e-15
Metal1,163.7850,128.5200,Metal1,163.8100,127.4750,6.091e-14
Metal1,163.8100,22.6800,Metal1,164.0800,22.6800,1.468e-11
Metal1,163.8100,45.3600,Metal1,164.0800,45.3600,2.407e-12
Metal1,163.8100,61.5220,Metal1,164.0800,61.5220,5.651e-13
Metal1,163.8100,90.7200,Metal1,164.0800,90.7200,1.468e-11
Metal1,163.8100,98.2800,Metal1,164.0800,98.2800,1.470e-11
Metal1,163.8100,120.9600,Metal1,164.0800,120.9600,1.468e-11
Metal1,163.8100,127.4750,Metal1,164.0800,127.4750,2.829e-13
Metal1,163.8100,136.0800,Metal1,164.0800,136.0800,2.594e-11
Metal1,163.8100,143.6400,Metal1,164.0800,143.6400,2.600e-11
Metal1,163.8100,151.2000,Metal1,164.0800,151.2000,2.600e-11
Metal1,163.8100,158.7600,Metal1,164.0800,158.7600,2.600e-11
Metal1,164.0800,22.6800,Metal1,164.7450,22.6800,7.074e-14
Metal1,164.0800,45.3600,Metal1,164.4250,45.3600,2.417e-12
Metal1,164.0800,61.5220,Metal1,164.3950,60.4800,5.972e-13
Metal1,164.0800,90.7200,Metal1,164.7450,90.7200,7.183e-14
Metal1,164.0800,98.2800,Metal1,164.7450,98.2800,7.074e-14
Metal1,164.0800,120.9600,Metal1,164.7450,120.9600,7.074e-14
Metal1,164.0800,127.4750,Metal1,164.1250,127.8500,2.852e-13
Metal1,164.0800,136.0800,Metal1,164.7450,136.0800,6.421e-14
Metal1,164.0800,143.6400,Metal1,164.7450,143.6400,6.203e-14
Metal1,164.0800,151.2000,Metal1,164.7450,151.2000,6.312e-14
Metal1,164.0800,158.7600,Metal1,164.7450,158.7600,6.421e-14
Metal1,164.1250,15.7900,Metal1,164.2650,15.7900,2.323e-11
Metal1,164.1250,74.9300,Metal1,164.5100,75.6000,1.796e-13
Metal1,164.1250,127.8500,Metal1,164.5100,128.5200,2.758e-12
Metal1,164.2650,15.7900,Metal1,164.5100,14.0750,1.551e-14
Metal1,164.2650,52.9200,Metal1,164.6050,53.5900,0.000e+00
Metal1,164.2650,83.1600,Metal1,164.6050,83.8300,1.669e-15
Metal1,164.2650,106.8820,Metal1,164.3950,104.7950,1.477e-13
Metal1,164.3950,60.4800,Metal1,164.7450,60.4800,4.135e-15
Metal1,164.3950,104.7950,Metal1,164.6050,105.1700,8.290e-15
Metal1,164.4250,30.2400,Metal1,164.6850,30.2400,2.404e-14
Metal1,164.4250,45.3600,Metal1,164.6850,45.3600,8.281e-12
Metal1,164.5100,14.0750,Metal1,164.6050,14.4500,1.542e-14
Metal1,164.5100,128.5200,Metal1,164.7450,128.5200,4.311e-14
Metal1,164.6050,14.4500,Metal1,164.9900,15.1200,1.796e-13
Metal1,164.6050,53.5900,Metal1,164.9900,52.9200,4.348e-14
Metal1,164.6050,83.8300,Metal1,164.9900,83.1600,1.805e-13
Metal1,164.6050,105.1700,Metal1,164.9900,105.8400,2.195e-12
Metal1,164.6850,45.3600,Metal1,164.7450,45.3600,8.274e-12
Metal1,164.7450,22.6800,Metal1,165.0850,22.0100,8.347e-16
Metal1,164.7450,45.3600,Metal1,165.0850,46.0300,3.088e-14
Metal1,164.7450,60.4800,Metal1,165.0850,59.8100,2.103e-13
Metal1,164.7450,90.7200,Metal1,165.0850,91.3900,8.347e-16
Metal1,164.7450,98.2800,Metal1,165.0850,97.6100,8.347e-16
Metal1,164.7450,120.9600,Metal1,165.0850,120.2900,8.347e-16
Metal1,164.7450,128.5200,Metal1,165.0850,129.1900,8.347e-16
Metal1,164.7450,136.0800,Metal1,165.0850,136.0800,2.235e-14
Metal1,164.7450,143.6400,Metal1,165.0850,143.6400,4.470e-14
Metal1,164.7450,151.2000,Metal1,165.0850,151.2000,2.235e-14
Metal1,164.7450,158.7600,Metal1,165.0850,158.7600,2.235e-14
Metal1,164.9900,105.8400,Metal1,165.1850,105.8400,2.197e-12
Metal1,165.0850,22.0100,Metal1,165.4700,22.6800,0.000e+00
Metal1,165.0850,46.0300,Metal1,165.4700,45.3600,0.000e+00
Metal1,165.0850,59.8100,Metal1,165.1850,59.8100,5.677e-11
Metal1,165.0850,91.3900,Metal1,165.4700,90.7200,0.000e+00
Metal1,165.0850,97.6100,Metal1,165.4700,98.2800,0.000e+00
Metal1,165.0850,120.2900,Metal1,165.4700,120.9600,0.000e+00
Metal1,165.0850,129.1900,Metal1,165.4700,128.5200,0.000e+00
Metal1,165.0850,136.0800,Metal1,165.4700,136.0800,0.000e+00
Metal1,165.0850,143.6400,Metal1,165.4700,143.6400,0.000e+00
Metal1,165.0850,151.2000,Metal1,165.4700,151.2000,0.000e+00
Metal1,165.0850,158.7600,Metal1,165.4700,158.7600,0.000e+00
Metal1,165.1850,59.8100,Metal1,165.4450,59.8100,0.000e+00
Metal1,165.1850,105.8400,Metal1,165.4450,105.8400,0.000e+00
Metal1,165.4450,59.8100,Metal1,165.4700,60.4800,0.000e+00
Metal2,61.4800,15.1200,Metal3,61.4800,15.1200,2.485e-05
Metal2,61.4800,22.6800,Metal3,61.4800,22.6800,2.026e-05
Metal2,61.4800,30.2400,Metal3,61.4800,30.2400,1.208e-05
Metal2,61.4800,37.8000,Metal3,61.4800,37.8000,1.282e-05
Metal2,61.4800,45.3600,Metal3,61.4800,45.3600,2.127e-05
Metal2,61.4800,52.9200,Metal3,61.4800,52.9200,9.864e-06
Metal2,61.4800,60.4800,Metal3,61.4800,60.4800,1.231e-05
Metal2,61.4800,68.0400,Metal3,61.4800,68.0400,1.565e-05
Metal2,61.4800,75.6000,Metal3,61.4800,75.6000,9.369e-06
Metal2,61.4800,83.1600,Metal3,61.4800,83.1600,1.684e-05
Metal2,61.4800,90.7200,Metal3,61.4800,90.7200,1.171e-05
Metal2,61.4800,98.2800,Metal3,61.4800,98.2800,1.531e-05
Metal2,61.4800,105.8400,Metal3,61.4800,105.8400,6.476e-06
Metal2,61.4800,113.4000,Metal3,61.4800,113.4000,8.693e-06
Metal2,61.4800,120.9600,Metal3,61.4800,120.9600,1.112e-05
Metal2,61.4800,128.5200,Metal3,61.4800,128.5200,2.523e-07
Metal2,61.4800,136.0800,Metal3,61.4800,136.0800,3.583e-08
Metal2,61.4800,143.6400,Metal3,61.4800,143.6400,3.557e-08
Metal2,61.4800,151.2000,Metal3,61.4800,151.2000,3.539e-08
Metal2,61.4800,158.7600,Metal3,61.4800,158.7600,3.531e-08
Metal2,137.0800,15.1200,Metal3,137.0800,15.1200,2.480e-05
Metal2,137.0800,22.6800,Metal3,137.0800,22.6800,1.956e-05
Metal2,137.0800,30.2400,Metal3,137.0800,30.2400,8.767e-06
Metal2,137.0800,37.8000,Metal3,137.0800,37.8000,1.375e-05
Metal2,137.0800,45.3600,Metal3,137.0800,45.3600,1.890e-05
Metal2,137.0800,52.9200,Metal3,137.0800,52.9200,8.470e-06
Metal2,137.0800,60.4800,Metal3,137.0800,60.4800,1.221e-05
Metal2,137.0800,68.0400,Metal3,137.0800,68.0400,1.023e-05
Metal2,137.0800,75.6000,Metal3,137.0800,75.6000,1.033e-05
Metal2,137.0800,83.1600,Metal3,137.0800,83.1600,1.313e-05
Metal2,137.0800,90.7200,Metal3,137.0800,90.7200,1.333e-05
Metal2,137.0800,98.2800,Metal3,137.0800,98.2800,1.159e-05
Metal2,137.0800,105.8400,Metal3,137.0800,105.8400,6.349e-06
Metal2,137.0800,113.4000,Metal3,137.0800,113.4000,7.773e-06
Metal2,137.0800,120.9600,Metal3,137.0800,120.9600,1.061e-05
Metal2,137.0800,128.5200,Metal3,137.0800,128.5200,1.087e-07
Metal2,137.0800,136.0800,Metal3,137.0800,136.0800,3.516e-08
Metal2,137.0800,143.6400,Metal3,137.0800,143.6400,3.490e-08
Metal2,137.0800,151.2000,Metal3,137.0800,151.2000,3.473e-08
Metal2,137.0800,158.7600,Metal3,137.0800,158.7600,3.464e-08
Metal3,61.4800,15.1200,Metal4,61.4800,15.1200,2.485e-05
Metal3,61.4800,22.6800,Metal4,61.4800,22.6800,2.026e-05
Metal3,61.4800,30.2400,Metal4,61.4800,30.2400,1.208e-05
Metal3,61.4800,37.8000,Metal4,61.4800,37.8000,1.282e-05
Metal3,61.4800,45.3600,Metal4,61.4800,45.3600,2.127e-05
Metal3,61.4800,52.9200,Metal4,61.4800,52.9200,9.864e-06
Metal3,61.4800,60.4800,Metal4,61.4800,60.4800,1.231e-05
Metal3,61.4800,68.0400,Metal4,61.4800,68.0400,1.565e-05
Metal3,61.4800,75.6000,Metal4,61.4800,75.6000,9.369e-06
Metal3,61.4800,83.1600,Metal4,61.4800,83.1600,1.684e-05
Metal3,61.4800,90.7200,Metal4,61.4800,90.7200,1.171e-05
Metal3,61.4800,98.2800,Metal4,61.4800,98.2800,1.531e-05
Metal3,61.4800,105.8400,Metal4,61.4800,105.8400,6.476e-06
Metal3,61.4800,113.4000,Metal4,61.4800,113.4000,8.693e-06
Metal3,61.4800,120.9600,Metal4,61.4800,120.9600,1.112e-05
Metal3,61.4800,128.5200,Metal4,61.4800,128.5200,2.523e-07
Metal3,61.4800,136.0800,Metal4,61.4800,136.0800,3.583e-08
Metal3,61.4800,143.6400,Metal4,61.4800,143.6400,3.557e-08
Metal3,61.4800,151.2000,Metal4,61.4800,151.2000,3.539e-08
Metal3,61.4800,158.7600,Metal4,61.4800,158.7600,3.531e-08
Metal3,137.0800,15.1200,Metal4,137.0800,15.1200,2.480e-05
Metal3,137.0800,22.6800,Metal4,137.0800,22.6800,1.956e-05
Metal3,137.0800,30.2400,Metal4,137.0800,30.2400,8.767e-06
Metal3,137.0800,37.8000,Metal4,137.0800,37.8000,1.375e-05
Metal3,137.0800,45.3600,Metal4,137.0800,45.3600,1.890e-05
Metal3,137.0800,52.9200,Metal4,137.0800,52.9200,8.470e-06
Metal3,137.0800,60.4800,Metal4,137.0800,60.4800,1.221e-05
Metal3,137.0800,68.0400,Metal4,137.0800,68.0400,1.023e-05
Metal3,137.0800,75.6000,Metal4,137.0800,75.6000,1.033e-05
Metal3,137.0800,83.1600,Metal4,137.0800,83.1600,1.313e-05
Metal3,137.0800,90.7200,Metal4,137.0800,90.7200,1.333e-05
Metal3,137.0800,98.2800,Metal4,137.0800,98.2800,1.159e-05
Metal3,137.0800,105.8400,Metal4,137.0800,105.8400,6.349e-06
Metal3,137.0800,113.4000,Metal4,137.0800,113.4000,7.773e-06
Metal3,137.0800,120.9600,Metal4,137.0800,120.9600,1.061e-05
Metal3,137.0800,128.5200,Metal4,137.0800,128.5200,1.087e-07
Metal3,137.0800,136.0800,Metal4,137.0800,136.0800,3.516e-08
Metal3,137.0800,143.6400,Metal4,137.0800,143.6400,3.490e-08
Metal3,137.0800,151.2000,Metal4,137.0800,151.2000,3.473e-08
Metal3,137.0800,158.7600,Metal4,137.0800,158.7600,3.464e-08
Metal4,61.4800,15.1200,Metal5,61.4800,15.1200,2.485e-05
Metal4,61.4800,22.6800,Metal5,61.4800,22.6800,2.026e-05
Metal4,61.4800,30.2400,Metal5,61.4800,30.2400,1.208e-05
Metal4,61.4800,37.8000,Metal5,61.4800,37.8000,1.282e-05
Metal4,61.4800,45.3600,Metal5,61.4800,45.3600,2.127e-05
Metal4,61.4800,52.9200,Metal5,61.4800,52.9200,9.864e-06
Metal4,61.4800,60.4800,Metal5,61.4800,60.4800,1.231e-05
Metal4,61.4800,68.0400,Metal5,61.4800,68.0400,1.565e-05
Metal4,61.4800,75.6000,Metal5,61.4800,75.6000,9.369e-06
Metal4,61.4800,83.1600,Metal5,61.4800,83.1600,1.684e-05
Metal4,61.4800,90.7200,Metal5,61.4800,90.7200,1.171e-05
Metal4,61.4800,98.2800,Metal5,61.4800,98.2800,1.531e-05
Metal4,61.4800,105.8400,Metal5,61.4800,105.8400,6.476e-06
Metal4,61.4800,113.4000,Metal5,61.4800,113.4000,8.693e-06
Metal4,61.4800,120.9600,Metal5,61.4800,120.9600,1.112e-05
Metal4,61.4800,128.5200,Metal5,61.4800,128.5200,2.523e-07
Metal4,61.4800,136.0800,Metal5,61.4800,136.0800,3.583e-08
Metal4,61.4800,143.6400,Metal5,61.4800,143.6400,3.557e-08
Metal4,61.4800,151.2000,Metal5,61.4800,151.2000,3.539e-08
Metal4,61.4800,158.7600,Metal5,61.4800,158.7600,3.531e-08
Metal4,137.0800,15.1200,Metal5,137.0800,15.1200,2.480e-05
Metal4,137.0800,22.6800,Metal5,137.0800,22.6800,1.956e-05
Metal4,137.0800,30.2400,Metal5,137.0800,30.2400,8.767e-06
Metal4,137.0800,37.8000,Metal5,137.0800,37.8000,1.375e-05
Metal4,137.0800,45.3600,Metal5,137.0800,45.3600,1.890e-05
Metal4,137.0800,52.9200,Metal5,137.0800,52.9200,8.470e-06
Metal4,137.0800,60.4800,Metal5,137.0800,60.4800,1.221e-05
Metal4,137.0800,68.0400,Metal5,137.0800,68.0400,1.023e-05
Metal4,137.0800,75.6000,Metal5,137.0800,75.6000,1.033e-05
Metal4,137.0800,83.1600,Metal5,137.0800,83.1600,1.313e-05
Metal4,137.0800,90.7200,Metal5,137.0800,90.7200,1.333e-05
Metal4,137.0800,98.2800,Metal5,137.0800,98.2800,1.159e-05
Metal4,137.0800,105.8400,Metal5,137.0800,105.8400,6.349e-06
Metal4,137.0800,113.4000,Metal5,137.0800,113.4000,7.773e-06
Metal4,137.0800,120.9600,Metal5,137.0800,120.9600,1.061e-05
Metal4,137.0800,128.5200,Metal5,137.0800,128.5200,1.087e-07
Metal4,137.0800,136.0800,Metal5,137.0800,136.0800,3.516e-08
Metal4,137.0800,143.6400,Metal5,137.0800,143.6400,3.490e-08
Metal4,137.0800,151.2000,Metal5,137.0800,151.2000,3.473e-08
Metal4,137.0800,158.7600,Metal5,137.0800,158.7600,3.464e-08
Metal5,61.4800,15.1200,TopMetal1,61.4800,15.1200,2.485e-05
Metal5,61.4800,22.6800,TopMetal1,61.4800,22.6800,2.026e-05
Metal5,61.4800,30.2400,TopMetal1,61.4800,30.2400,1.208e-05
Metal5,61.4800,37.8000,TopMetal1,61.4800,37.8000,1.282e-05
Metal5,61.4800,45.3600,TopMetal1,61.4800,45.3600,2.127e-05
Metal5,61.4800,52.9200,TopMetal1,61.4800,52.9200,9.864e-06
Metal5,61.4800,60.4800,TopMetal1,61.4800,60.4800,1.231e-05
Metal5,61.4800,68.0400,TopMetal1,61.4800,68.0400,1.565e-05
Metal5,61.4800,75.6000,TopMetal1,61.4800,75.6000,9.369e-06
Metal5,61.4800,83.1600,TopMetal1,61.4800,83.1600,1.684e-05
Metal5,61.4800,90.7200,TopMetal1,61.4800,90.7200,1.171e-05
Metal5,61.4800,98.2800,TopMetal1,61.4800,98.2800,1.531e-05
Metal5,61.4800,105.8400,TopMetal1,61.4800,105.8400,6.476e-06
Metal5,61.4800,113.4000,TopMetal1,61.4800,113.4000,8.693e-06
Metal5,61.4800,120.9600,TopMetal1,61.4800,120.9600,1.112e-05
Metal5,61.4800,128.5200,TopMetal1,61.4800,128.5200,2.523e-07
Metal5,61.4800,136.0800,TopMetal1,61.4800,136.0800,3.583e-08
Metal5,61.4800,143.6400,TopMetal1,61.4800,143.6400,3.557e-08
Metal5,61.4800,151.2000,TopMetal1,61.4800,151.2000,3.539e-08
Metal5,61.4800,158.7600,TopMetal1,61.4800,158.7600,3.531e-08
Metal5,137.0800,15.1200,TopMetal1,137.0800,15.1200,2.480e-05
Metal5,137.0800,22.6800,TopMetal1,137.0800,22.6800,1.956e-05
Metal5,137.0800,30.2400,TopMetal1,137.0800,30.2400,8.767e-06
Metal5,137.0800,37.8000,TopMetal1,137.0800,37.8000,1.375e-05
Metal5,137.0800,45.3600,TopMetal1,137.0800,45.3600,1.890e-05
Metal5,137.0800,52.9200,TopMetal1,137.0800,52.9200,8.470e-06
Metal5,137.0800,60.4800,TopMetal1,137.0800,60.4800,1.221e-05
Metal5,137.0800,68.0400,TopMetal1,137.0800,68.0400,1.023e-05
Metal5,137.0800,75.6000,TopMetal1,137.0800,75.6000,1.033e-05
Metal5,137.0800,83.1600,TopMetal1,137.0800,83.1600,1.313e-05
Metal5,137.0800,90.7200,TopMetal1,137.0800,90.7200,1.333e-05
Metal5,137.0800,98.2800,TopMetal1,137.0800,98.2800,1.159e-05
Metal5,137.0800,105.8400,TopMetal1,137.0800,105.8400,6.349e-06
Metal5,137.0800,113.4000,TopMetal1,137.0800,113.4000,7.773e-06
Metal5,137.0800,120.9600,TopMetal1,137.0800,120.9600,1.061e-05
Metal5,137.0800,128.5200,TopMetal1,137.0800,128.5200,1.087e-07
Metal5,137.0800,136.0800,TopMetal1,137.0800,136.0800,3.516e-08
Metal5,137.0800,143.6400,TopMetal1,137.0800,143.6400,3.490e-08
Metal5,137.0800,151.2000,TopMetal1,137.0800,151.2000,3.473e-08
Metal5,137.0800,158.7600,TopMetal1,137.0800,158.7600,3.464e-08
TopMetal1,61.4800,15.1200,TopMetal1,61.4800,22.6800,2.485e-05
TopMetal1,61.4800,22.6800,TopMetal1,61.4800,30.2400,4.510e-05
TopMetal1,61.4800,30.2400,TopMetal1,61.4800,37.8000,5.718e-05
TopMetal1,61.4800,37.8000,TopMetal1,61.4800,45.3600,7.000e-05
TopMetal1,61.4800,45.3600,TopMetal1,61.4800,52.9200,9.127e-05
TopMetal1,61.4800,52.9200,TopMetal1,61.4800,60.4800,1.011e-04
TopMetal1,61.4800,60.4800,TopMetal1,61.4800,68.0400,9.599e-05
TopMetal1,61.4800,60.4800,TopMetal2,61.4800,62.7400,2.094e-04
TopMetal1,61.4800,68.0400,TopMetal1,61.4800,75.6000,8.035e-05
TopMetal1,61.4800,75.6000,TopMetal1,61.4800,83.1600,7.098e-05
TopMetal1,61.4800,83.1600,TopMetal1,61.4800,90.7200,5.413e-05
TopMetal1,61.4800,90.7200,TopMetal1,61.4800,98.2800,4.242e-05
TopMetal1,61.4800,98.2800,TopMetal1,61.4800,105.8400,2.711e-05
TopMetal1,61.4800,105.8400,TopMetal1,61.4800,113.4000,2.063e-05
TopMetal1,61.4800,113.4000,TopMetal1,61.4800,120.9600,1.194e-05
TopMetal1,61.4800,120.9600,TopMetal1,61.4800,128.5200,8.209e-07
TopMetal1,61.4800,128.5200,TopMetal1,61.4800,136.0800,5.686e-07
TopMetal1,61.4800,136.0800,TopMetal1,61.4800,143.6400,1.063e-07
TopMetal1,61.4800,136.0800,TopMetal2,61.4800,138.3400,4.265e-07
TopMetal1,61.4800,143.6400,TopMetal1,61.4800,151.2000,7.070e-08
TopMetal1,61.4800,151.2000,TopMetal1,61.4800,158.7600,3.531e-08
TopMetal1,137.0800,15.1200,TopMetal1,137.0800,22.6800,2.480e-05
TopMetal1,137.0800,22.6800,TopMetal1,137.0800,30.2400,4.436e-05
TopMetal1,137.0800,30.2400,TopMetal1,137.0800,37.8000,5.313e-05
TopMetal1,137.0800,37.8000,TopMetal1,137.0800,45.3600,6.688e-05
TopMetal1,137.0800,45.3600,TopMetal1,137.0800,52.9200,8.578e-05
TopMetal1,137.0800,52.9200,TopMetal1,137.0800,60.4800,9.425e-05
TopMetal1,137.0800,60.4800,TopMetal1,137.0800,68.0400,8.289e-05
TopMetal1,137.0800,60.4800,TopMetal2,135.3800,62.7400,1.894e-04
TopMetal1,137.0800,68.0400,TopMetal1,137.0800,75.6000,7.266e-05
TopMetal1,137.0800,75.6000,TopMetal1,137.0800,83.1600,6.233e-05
TopMetal1,137.0800,83.1600,TopMetal1,137.0800,90.7200,4.920e-05
TopMetal1,137.0800,90.7200,TopMetal1,137.0800,98.2800,3.587e-05
TopMetal1,137.0800,98.2800,TopMetal1,137.0800,105.8400,2.428e-05
TopMetal1,137.0800,105.8400,TopMetal1,137.0800,113.4000,1.793e-05
TopMetal1,137.0800,113.4000,TopMetal1,137.0800,120.9600,1.016e-05
TopMetal1,137.0800,120.9600,TopMetal1,137.0800,128.5200,4.572e-07
TopMetal1,137.0800,128.5200,TopMetal1,137.0800,136.0800,5.660e-07
TopMetal1,137.0800,136.0800,TopMetal1,137.0800,143.6400,1.043e-07
TopMetal1,137.0800,136.0800,TopMetal2,135.3800,138.3400,4.265e-07
TopMetal1,137.0800,143.6400,TopMetal1,137.0800,151.2000,6.937e-08
TopMetal1,137.0800,151.2000,TopMetal1,137.0800,158.7600,3.464e-08
TopMetal2,61.4800,62.7400,TopMetal2,75.3800,62.7400,0.000e+00
TopMetal2,61.4800,138.3400,TopMetal2,75.3800,138.3400,4.265e-07
TopMetal2,75.3800,62.7400,TopMetal2,85.3800,62.7400,0.000e+00
TopMetal2,75.3800,138.3400,TopMetal2,85.3800,138.3400,4.265e-07
TopMetal2,85.3800,62.7400,TopMetal2,95.3800,62.7400,3.369e-15
TopMetal2,85.3800,138.3400,TopMetal2,95.3800,138.3400,4.265e-07
TopMetal2,95.3800,62.7400,TopMetal2,105.3800,62.7400,1.894e-04
TopMetal2,95.3800,138.3400,TopMetal2,105.3800,138.3400,4.265e-07
TopMetal2,105.3800,62.7400,TopMetal2,115.3800,62.7400,1.894e-04
TopMetal2,105.3800,138.3400,TopMetal2,115.3800,138.3400,4.265e-07
TopMetal2,115.3800,62.7400,TopMetal2,125.3800,62.7400,1.894e-04
TopMetal2,115.3800,138.3400,TopMetal2,125.3800,138.3400,4.265e-07
TopMetal2,125.3800,62.7400,TopMetal2,135.3800,62.7400,1.894e-04
TopMetal2,125.3800,138.3400,TopMetal2,135.3800,138.3400,4.265e-07
