
Cell sky130_fd_sc_hd__conb_1 (0) disconnected node: VGND
Cell sky130_fd_sc_hd__conb_1 (0) disconnected node: VNB
Cell sky130_fd_sc_hd__conb_1 (0) disconnected node: VPB
Cell sky130_fd_sc_hd__conb_1 (0) disconnected node: VPWR
Cell sky130_fd_sc_hd__conb_1 (0) disconnected node: HI
Cell sky130_fd_sc_hd__conb_1 (0) disconnected node: LO
Warning: Equate pins:  cell sky130_fd_sc_hd__conb_1 is a placeholder, treated as a black box.

Subcircuit pins:
Circuit 1: sky130_fd_sc_hd__conb_1         |Circuit 2: sky130_fd_sc_hd__conb_1         
-------------------------------------------|-------------------------------------------
VGND                                       |VGND                                       
VNB                                        |VNB                                        
VPB                                        |VPB                                        
VPWR                                       |VPWR                                       
LO                                         |LO                                         
HI                                         |(no matching pin)                          
---------------------------------------------------------------------------------------
Cell pin lists are equivalent.
Device classes sky130_fd_sc_hd__conb_1 and sky130_fd_sc_hd__conb_1 are equivalent.

Cell sky130_fd_sc_hd__a221oi_1 (0) disconnected node: A1
Cell sky130_fd_sc_hd__a221oi_1 (0) disconnected node: A2
Cell sky130_fd_sc_hd__a221oi_1 (0) disconnected node: B1
Cell sky130_fd_sc_hd__a221oi_1 (0) disconnected node: B2
Cell sky130_fd_sc_hd__a221oi_1 (0) disconnected node: C1
Cell sky130_fd_sc_hd__a221oi_1 (0) disconnected node: VGND
Cell sky130_fd_sc_hd__a221oi_1 (0) disconnected node: VNB
Cell sky130_fd_sc_hd__a221oi_1 (0) disconnected node: VPB
Cell sky130_fd_sc_hd__a221oi_1 (0) disconnected node: VPWR
Cell sky130_fd_sc_hd__a221oi_1 (0) disconnected node: Y
Warning: Equate pins:  cell sky130_fd_sc_hd__a221oi_1 is a placeholder, treated as a black box.

Subcircuit pins:
Circuit 1: sky130_fd_sc_hd__a221oi_1       |Circuit 2: sky130_fd_sc_hd__a221oi_1       
-------------------------------------------|-------------------------------------------
A1                                         |A1                                         
A2                                         |A2                                         
B1                                         |B1                                         
B2                                         |B2                                         
C1                                         |C1                                         
VGND                                       |VGND                                       
VNB                                        |VNB                                        
VPB                                        |VPB                                        
VPWR                                       |VPWR                                       
Y                                          |Y                                          
---------------------------------------------------------------------------------------
Cell pin lists are equivalent.
Device classes sky130_fd_sc_hd__a221oi_1 and sky130_fd_sc_hd__a221oi_1 are equivalent.

Cell sky130_fd_sc_hd__clkbuf_16 (0) disconnected node: A
Cell sky130_fd_sc_hd__clkbuf_16 (0) disconnected node: VGND
Cell sky130_fd_sc_hd__clkbuf_16 (0) disconnected node: VNB
Cell sky130_fd_sc_hd__clkbuf_16 (0) disconnected node: VPB
Cell sky130_fd_sc_hd__clkbuf_16 (0) disconnected node: VPWR
Cell sky130_fd_sc_hd__clkbuf_16 (0) disconnected node: X
Warning: Equate pins:  cell sky130_fd_sc_hd__clkbuf_16 is a placeholder, treated as a black box.

Subcircuit pins:
Circuit 1: sky130_fd_sc_hd__clkbuf_16      |Circuit 2: sky130_fd_sc_hd__clkbuf_16      
-------------------------------------------|-------------------------------------------
A                                          |A                                          
VGND                                       |VGND                                       
VNB                                        |VNB                                        
VPB                                        |VPB                                        
VPWR                                       |VPWR                                       
X                                          |X                                          
---------------------------------------------------------------------------------------
Cell pin lists are equivalent.
Device classes sky130_fd_sc_hd__clkbuf_16 and sky130_fd_sc_hd__clkbuf_16 are equivalent.

Cell sky130_fd_sc_hd__edfxtp_1 (0) disconnected node: CLK
Cell sky130_fd_sc_hd__edfxtp_1 (0) disconnected node: D
Cell sky130_fd_sc_hd__edfxtp_1 (0) disconnected node: DE
Cell sky130_fd_sc_hd__edfxtp_1 (0) disconnected node: VGND
Cell sky130_fd_sc_hd__edfxtp_1 (0) disconnected node: VNB
Cell sky130_fd_sc_hd__edfxtp_1 (0) disconnected node: VPB
Cell sky130_fd_sc_hd__edfxtp_1 (0) disconnected node: VPWR
Cell sky130_fd_sc_hd__edfxtp_1 (0) disconnected node: Q
Warning: Equate pins:  cell sky130_fd_sc_hd__edfxtp_1 is a placeholder, treated as a black box.

Subcircuit pins:
Circuit 1: sky130_fd_sc_hd__edfxtp_1       |Circuit 2: sky130_fd_sc_hd__edfxtp_1       
-------------------------------------------|-------------------------------------------
CLK                                        |CLK                                        
D                                          |D                                          
DE                                         |DE                                         
VGND                                       |VGND                                       
VNB                                        |VNB                                        
VPB                                        |VPB                                        
VPWR                                       |VPWR                                       
Q                                          |Q                                          
---------------------------------------------------------------------------------------
Cell pin lists are equivalent.
Device classes sky130_fd_sc_hd__edfxtp_1 and sky130_fd_sc_hd__edfxtp_1 are equivalent.

Cell sky130_fd_sc_hd__and3_1 (0) disconnected node: A
Cell sky130_fd_sc_hd__and3_1 (0) disconnected node: B
Cell sky130_fd_sc_hd__and3_1 (0) disconnected node: C
Cell sky130_fd_sc_hd__and3_1 (0) disconnected node: VGND
Cell sky130_fd_sc_hd__and3_1 (0) disconnected node: VNB
Cell sky130_fd_sc_hd__and3_1 (0) disconnected node: VPB
Cell sky130_fd_sc_hd__and3_1 (0) disconnected node: VPWR
Cell sky130_fd_sc_hd__and3_1 (0) disconnected node: X
Warning: Equate pins:  cell sky130_fd_sc_hd__and3_1 is a placeholder, treated as a black box.

Subcircuit pins:
Circuit 1: sky130_fd_sc_hd__and3_1         |Circuit 2: sky130_fd_sc_hd__and3_1         
-------------------------------------------|-------------------------------------------
A                                          |A                                          
B                                          |B                                          
C                                          |C                                          
VGND                                       |VGND                                       
VNB                                        |VNB                                        
VPB                                        |VPB                                        
VPWR                                       |VPWR                                       
X                                          |X                                          
---------------------------------------------------------------------------------------
Cell pin lists are equivalent.
Device classes sky130_fd_sc_hd__and3_1 and sky130_fd_sc_hd__and3_1 are equivalent.

Cell sky130_fd_sc_hd__nor2_1 (0) disconnected node: A
Cell sky130_fd_sc_hd__nor2_1 (0) disconnected node: B
Cell sky130_fd_sc_hd__nor2_1 (0) disconnected node: VGND
Cell sky130_fd_sc_hd__nor2_1 (0) disconnected node: VNB
Cell sky130_fd_sc_hd__nor2_1 (0) disconnected node: VPB
Cell sky130_fd_sc_hd__nor2_1 (0) disconnected node: VPWR
Cell sky130_fd_sc_hd__nor2_1 (0) disconnected node: Y
Warning: Equate pins:  cell sky130_fd_sc_hd__nor2_1 is a placeholder, treated as a black box.

Subcircuit pins:
Circuit 1: sky130_fd_sc_hd__nor2_1         |Circuit 2: sky130_fd_sc_hd__nor2_1         
-------------------------------------------|-------------------------------------------
A                                          |A                                          
B                                          |B                                          
VGND                                       |VGND                                       
VNB                                        |VNB                                        
VPB                                        |VPB                                        
VPWR                                       |VPWR                                       
Y                                          |Y                                          
---------------------------------------------------------------------------------------
Cell pin lists are equivalent.
Device classes sky130_fd_sc_hd__nor2_1 and sky130_fd_sc_hd__nor2_1 are equivalent.

Cell sky130_fd_sc_hd__buf_6 (0) disconnected node: A
Cell sky130_fd_sc_hd__buf_6 (0) disconnected node: VGND
Cell sky130_fd_sc_hd__buf_6 (0) disconnected node: VNB
Cell sky130_fd_sc_hd__buf_6 (0) disconnected node: VPB
Cell sky130_fd_sc_hd__buf_6 (0) disconnected node: VPWR
Cell sky130_fd_sc_hd__buf_6 (0) disconnected node: X
Warning: Equate pins:  cell sky130_fd_sc_hd__buf_6 is a placeholder, treated as a black box.

Subcircuit pins:
Circuit 1: sky130_fd_sc_hd__buf_6          |Circuit 2: sky130_fd_sc_hd__buf_6          
-------------------------------------------|-------------------------------------------
A                                          |A                                          
VGND                                       |VGND                                       
VNB                                        |VNB                                        
VPB                                        |VPB                                        
VPWR                                       |VPWR                                       
X                                          |X                                          
---------------------------------------------------------------------------------------
Cell pin lists are equivalent.
Device classes sky130_fd_sc_hd__buf_6 and sky130_fd_sc_hd__buf_6 are equivalent.

Cell sky130_fd_sc_hd__clkbuf_4 (0) disconnected node: A
Cell sky130_fd_sc_hd__clkbuf_4 (0) disconnected node: VGND
Cell sky130_fd_sc_hd__clkbuf_4 (0) disconnected node: VNB
Cell sky130_fd_sc_hd__clkbuf_4 (0) disconnected node: VPB
Cell sky130_fd_sc_hd__clkbuf_4 (0) disconnected node: VPWR
Cell sky130_fd_sc_hd__clkbuf_4 (0) disconnected node: X
Warning: Equate pins:  cell sky130_fd_sc_hd__clkbuf_4 is a placeholder, treated as a black box.

Subcircuit pins:
Circuit 1: sky130_fd_sc_hd__clkbuf_4       |Circuit 2: sky130_fd_sc_hd__clkbuf_4       
-------------------------------------------|-------------------------------------------
A                                          |A                                          
VGND                                       |VGND                                       
VNB                                        |VNB                                        
VPB                                        |VPB                                        
VPWR                                       |VPWR                                       
X                                          |X                                          
---------------------------------------------------------------------------------------
Cell pin lists are equivalent.
Device classes sky130_fd_sc_hd__clkbuf_4 and sky130_fd_sc_hd__clkbuf_4 are equivalent.

Cell sky130_fd_sc_hd__clkbuf_8 (0) disconnected node: A
Cell sky130_fd_sc_hd__clkbuf_8 (0) disconnected node: VGND
Cell sky130_fd_sc_hd__clkbuf_8 (0) disconnected node: VNB
Cell sky130_fd_sc_hd__clkbuf_8 (0) disconnected node: VPB
Cell sky130_fd_sc_hd__clkbuf_8 (0) disconnected node: VPWR
Cell sky130_fd_sc_hd__clkbuf_8 (0) disconnected node: X
Warning: Equate pins:  cell sky130_fd_sc_hd__clkbuf_8 is a placeholder, treated as a black box.

Subcircuit pins:
Circuit 1: sky130_fd_sc_hd__clkbuf_8       |Circuit 2: sky130_fd_sc_hd__clkbuf_8       
-------------------------------------------|-------------------------------------------
A                                          |A                                          
VGND                                       |VGND                                       
VNB                                        |VNB                                        
VPB                                        |VPB                                        
VPWR                                       |VPWR                                       
X                                          |X                                          
---------------------------------------------------------------------------------------
Cell pin lists are equivalent.
Device classes sky130_fd_sc_hd__clkbuf_8 and sky130_fd_sc_hd__clkbuf_8 are equivalent.

Cell sky130_fd_sc_hd__clkbuf_2 (0) disconnected node: A
Cell sky130_fd_sc_hd__clkbuf_2 (0) disconnected node: VGND
Cell sky130_fd_sc_hd__clkbuf_2 (0) disconnected node: VNB
Cell sky130_fd_sc_hd__clkbuf_2 (0) disconnected node: VPB
Cell sky130_fd_sc_hd__clkbuf_2 (0) disconnected node: VPWR
Cell sky130_fd_sc_hd__clkbuf_2 (0) disconnected node: X
Warning: Equate pins:  cell sky130_fd_sc_hd__clkbuf_2 is a placeholder, treated as a black box.

Subcircuit pins:
Circuit 1: sky130_fd_sc_hd__clkbuf_2       |Circuit 2: sky130_fd_sc_hd__clkbuf_2       
-------------------------------------------|-------------------------------------------
A                                          |A                                          
VGND                                       |VGND                                       
VNB                                        |VNB                                        
VPB                                        |VPB                                        
VPWR                                       |VPWR                                       
X                                          |X                                          
---------------------------------------------------------------------------------------
Cell pin lists are equivalent.
Device classes sky130_fd_sc_hd__clkbuf_2 and sky130_fd_sc_hd__clkbuf_2 are equivalent.

Cell sky130_fd_sc_hd__dfxtp_4 (0) disconnected node: CLK
Cell sky130_fd_sc_hd__dfxtp_4 (0) disconnected node: D
Cell sky130_fd_sc_hd__dfxtp_4 (0) disconnected node: VGND
Cell sky130_fd_sc_hd__dfxtp_4 (0) disconnected node: VNB
Cell sky130_fd_sc_hd__dfxtp_4 (0) disconnected node: VPB
Cell sky130_fd_sc_hd__dfxtp_4 (0) disconnected node: VPWR
Cell sky130_fd_sc_hd__dfxtp_4 (0) disconnected node: Q
Warning: Equate pins:  cell sky130_fd_sc_hd__dfxtp_4 is a placeholder, treated as a black box.

Subcircuit pins:
Circuit 1: sky130_fd_sc_hd__dfxtp_4        |Circuit 2: sky130_fd_sc_hd__dfxtp_4        
-------------------------------------------|-------------------------------------------
CLK                                        |CLK                                        
D                                          |D                                          
VGND                                       |VGND                                       
VNB                                        |VNB                                        
VPB                                        |VPB                                        
VPWR                                       |VPWR                                       
Q                                          |Q                                          
---------------------------------------------------------------------------------------
Cell pin lists are equivalent.
Device classes sky130_fd_sc_hd__dfxtp_4 and sky130_fd_sc_hd__dfxtp_4 are equivalent.

Cell sky130_fd_sc_hd__buf_16 (0) disconnected node: A
Cell sky130_fd_sc_hd__buf_16 (0) disconnected node: VGND
Cell sky130_fd_sc_hd__buf_16 (0) disconnected node: VNB
Cell sky130_fd_sc_hd__buf_16 (0) disconnected node: VPB
Cell sky130_fd_sc_hd__buf_16 (0) disconnected node: VPWR
Cell sky130_fd_sc_hd__buf_16 (0) disconnected node: X
Warning: Equate pins:  cell sky130_fd_sc_hd__buf_16 is a placeholder, treated as a black box.

Subcircuit pins:
Circuit 1: sky130_fd_sc_hd__buf_16         |Circuit 2: sky130_fd_sc_hd__buf_16         
-------------------------------------------|-------------------------------------------
A                                          |A                                          
VGND                                       |VGND                                       
VNB                                        |VNB                                        
VPB                                        |VPB                                        
VPWR                                       |VPWR                                       
X                                          |X                                          
---------------------------------------------------------------------------------------
Cell pin lists are equivalent.
Device classes sky130_fd_sc_hd__buf_16 and sky130_fd_sc_hd__buf_16 are equivalent.

Cell sky130_fd_sc_hd__diode_2 (0) disconnected node: DIODE
Cell sky130_fd_sc_hd__diode_2 (0) disconnected node: VGND
Cell sky130_fd_sc_hd__diode_2 (0) disconnected node: VNB
Cell sky130_fd_sc_hd__diode_2 (0) disconnected node: VPB
Cell sky130_fd_sc_hd__diode_2 (0) disconnected node: VPWR
Warning: Equate pins:  cell sky130_fd_sc_hd__diode_2 is a placeholder, treated as a black box.

Subcircuit pins:
Circuit 1: sky130_fd_sc_hd__diode_2        |Circuit 2: sky130_fd_sc_hd__diode_2        
-------------------------------------------|-------------------------------------------
DIODE                                      |DIODE                                      
VGND                                       |VGND                                       
VNB                                        |VNB                                        
VPB                                        |VPB                                        
VPWR                                       |VPWR                                       
---------------------------------------------------------------------------------------
Cell pin lists are equivalent.
Device classes sky130_fd_sc_hd__diode_2 and sky130_fd_sc_hd__diode_2 are equivalent.

Cell sky130_fd_sc_hd__buf_12 (0) disconnected node: A
Cell sky130_fd_sc_hd__buf_12 (0) disconnected node: VGND
Cell sky130_fd_sc_hd__buf_12 (0) disconnected node: VNB
Cell sky130_fd_sc_hd__buf_12 (0) disconnected node: VPB
Cell sky130_fd_sc_hd__buf_12 (0) disconnected node: VPWR
Cell sky130_fd_sc_hd__buf_12 (0) disconnected node: X
Warning: Equate pins:  cell sky130_fd_sc_hd__buf_12 is a placeholder, treated as a black box.

Subcircuit pins:
Circuit 1: sky130_fd_sc_hd__buf_12         |Circuit 2: sky130_fd_sc_hd__buf_12         
-------------------------------------------|-------------------------------------------
A                                          |A                                          
VGND                                       |VGND                                       
VNB                                        |VNB                                        
VPB                                        |VPB                                        
VPWR                                       |VPWR                                       
X                                          |X                                          
---------------------------------------------------------------------------------------
Cell pin lists are equivalent.
Device classes sky130_fd_sc_hd__buf_12 and sky130_fd_sc_hd__buf_12 are equivalent.

Cell sky130_fd_sc_hd__a22oi_1 (0) disconnected node: A1
Cell sky130_fd_sc_hd__a22oi_1 (0) disconnected node: A2
Cell sky130_fd_sc_hd__a22oi_1 (0) disconnected node: B1
Cell sky130_fd_sc_hd__a22oi_1 (0) disconnected node: B2
Cell sky130_fd_sc_hd__a22oi_1 (0) disconnected node: VGND
Cell sky130_fd_sc_hd__a22oi_1 (0) disconnected node: VNB
Cell sky130_fd_sc_hd__a22oi_1 (0) disconnected node: VPB
Cell sky130_fd_sc_hd__a22oi_1 (0) disconnected node: VPWR
Cell sky130_fd_sc_hd__a22oi_1 (0) disconnected node: Y
Warning: Equate pins:  cell sky130_fd_sc_hd__a22oi_1 is a placeholder, treated as a black box.

Subcircuit pins:
Circuit 1: sky130_fd_sc_hd__a22oi_1        |Circuit 2: sky130_fd_sc_hd__a22oi_1        
-------------------------------------------|-------------------------------------------
A1                                         |A1                                         
A2                                         |A2                                         
B1                                         |B1                                         
B2                                         |B2                                         
VGND                                       |VGND                                       
VNB                                        |VNB                                        
VPB                                        |VPB                                        
VPWR                                       |VPWR                                       
Y                                          |Y                                          
---------------------------------------------------------------------------------------
Cell pin lists are equivalent.
Device classes sky130_fd_sc_hd__a22oi_1 and sky130_fd_sc_hd__a22oi_1 are equivalent.

Cell sky130_fd_sc_hd__and4_2 (0) disconnected node: A
Cell sky130_fd_sc_hd__and4_2 (0) disconnected node: B
Cell sky130_fd_sc_hd__and4_2 (0) disconnected node: C
Cell sky130_fd_sc_hd__and4_2 (0) disconnected node: D
Cell sky130_fd_sc_hd__and4_2 (0) disconnected node: VGND
Cell sky130_fd_sc_hd__and4_2 (0) disconnected node: VNB
Cell sky130_fd_sc_hd__and4_2 (0) disconnected node: VPB
Cell sky130_fd_sc_hd__and4_2 (0) disconnected node: VPWR
Cell sky130_fd_sc_hd__and4_2 (0) disconnected node: X
Warning: Equate pins:  cell sky130_fd_sc_hd__and4_2 is a placeholder, treated as a black box.

Subcircuit pins:
Circuit 1: sky130_fd_sc_hd__and4_2         |Circuit 2: sky130_fd_sc_hd__and4_2         
-------------------------------------------|-------------------------------------------
A                                          |A                                          
B                                          |B                                          
C                                          |C                                          
D                                          |D                                          
VGND                                       |VGND                                       
VNB                                        |VNB                                        
VPB                                        |VPB                                        
VPWR                                       |VPWR                                       
X                                          |X                                          
---------------------------------------------------------------------------------------
Cell pin lists are equivalent.
Device classes sky130_fd_sc_hd__and4_2 and sky130_fd_sc_hd__and4_2 are equivalent.

Cell sky130_fd_sc_hd__nand2_4 (0) disconnected node: A
Cell sky130_fd_sc_hd__nand2_4 (0) disconnected node: B
Cell sky130_fd_sc_hd__nand2_4 (0) disconnected node: VGND
Cell sky130_fd_sc_hd__nand2_4 (0) disconnected node: VNB
Cell sky130_fd_sc_hd__nand2_4 (0) disconnected node: VPB
Cell sky130_fd_sc_hd__nand2_4 (0) disconnected node: VPWR
Cell sky130_fd_sc_hd__nand2_4 (0) disconnected node: Y
Warning: Equate pins:  cell sky130_fd_sc_hd__nand2_4 is a placeholder, treated as a black box.

Subcircuit pins:
Circuit 1: sky130_fd_sc_hd__nand2_4        |Circuit 2: sky130_fd_sc_hd__nand2_4        
-------------------------------------------|-------------------------------------------
A                                          |A                                          
B                                          |B                                          
VGND                                       |VGND                                       
VNB                                        |VNB                                        
VPB                                        |VPB                                        
VPWR                                       |VPWR                                       
Y                                          |Y                                          
---------------------------------------------------------------------------------------
Cell pin lists are equivalent.
Device classes sky130_fd_sc_hd__nand2_4 and sky130_fd_sc_hd__nand2_4 are equivalent.

Cell sky130_fd_sc_hd__buf_4 (0) disconnected node: A
Cell sky130_fd_sc_hd__buf_4 (0) disconnected node: VGND
Cell sky130_fd_sc_hd__buf_4 (0) disconnected node: VNB
Cell sky130_fd_sc_hd__buf_4 (0) disconnected node: VPB
Cell sky130_fd_sc_hd__buf_4 (0) disconnected node: VPWR
Cell sky130_fd_sc_hd__buf_4 (0) disconnected node: X
Warning: Equate pins:  cell sky130_fd_sc_hd__buf_4 is a placeholder, treated as a black box.

Subcircuit pins:
Circuit 1: sky130_fd_sc_hd__buf_4          |Circuit 2: sky130_fd_sc_hd__buf_4          
-------------------------------------------|-------------------------------------------
A                                          |A                                          
VGND                                       |VGND                                       
VNB                                        |VNB                                        
VPB                                        |VPB                                        
VPWR                                       |VPWR                                       
X                                          |X                                          
---------------------------------------------------------------------------------------
Cell pin lists are equivalent.
Device classes sky130_fd_sc_hd__buf_4 and sky130_fd_sc_hd__buf_4 are equivalent.

Cell sky130_fd_sc_hd__a31oi_1 (0) disconnected node: A1
Cell sky130_fd_sc_hd__a31oi_1 (0) disconnected node: A2
Cell sky130_fd_sc_hd__a31oi_1 (0) disconnected node: A3
Cell sky130_fd_sc_hd__a31oi_1 (0) disconnected node: B1
Cell sky130_fd_sc_hd__a31oi_1 (0) disconnected node: VGND
Cell sky130_fd_sc_hd__a31oi_1 (0) disconnected node: VNB
Cell sky130_fd_sc_hd__a31oi_1 (0) disconnected node: VPB
Cell sky130_fd_sc_hd__a31oi_1 (0) disconnected node: VPWR
Cell sky130_fd_sc_hd__a31oi_1 (0) disconnected node: Y
Warning: Equate pins:  cell sky130_fd_sc_hd__a31oi_1 is a placeholder, treated as a black box.

Subcircuit pins:
Circuit 1: sky130_fd_sc_hd__a31oi_1        |Circuit 2: sky130_fd_sc_hd__a31oi_1        
-------------------------------------------|-------------------------------------------
A1                                         |A1                                         
A2                                         |A2                                         
A3                                         |A3                                         
B1                                         |B1                                         
VGND                                       |VGND                                       
VNB                                        |VNB                                        
VPB                                        |VPB                                        
VPWR                                       |VPWR                                       
Y                                          |Y                                          
---------------------------------------------------------------------------------------
Cell pin lists are equivalent.
Device classes sky130_fd_sc_hd__a31oi_1 and sky130_fd_sc_hd__a31oi_1 are equivalent.

Cell sky130_fd_sc_hd__and2_0 (0) disconnected node: A
Cell sky130_fd_sc_hd__and2_0 (0) disconnected node: B
Cell sky130_fd_sc_hd__and2_0 (0) disconnected node: VGND
Cell sky130_fd_sc_hd__and2_0 (0) disconnected node: VNB
Cell sky130_fd_sc_hd__and2_0 (0) disconnected node: VPB
Cell sky130_fd_sc_hd__and2_0 (0) disconnected node: VPWR
Cell sky130_fd_sc_hd__and2_0 (0) disconnected node: X
Warning: Equate pins:  cell sky130_fd_sc_hd__and2_0 is a placeholder, treated as a black box.

Subcircuit pins:
Circuit 1: sky130_fd_sc_hd__and2_0         |Circuit 2: sky130_fd_sc_hd__and2_0         
-------------------------------------------|-------------------------------------------
A                                          |A                                          
B                                          |B                                          
VGND                                       |VGND                                       
VNB                                        |VNB                                        
VPB                                        |VPB                                        
VPWR                                       |VPWR                                       
X                                          |X                                          
---------------------------------------------------------------------------------------
Cell pin lists are equivalent.
Device classes sky130_fd_sc_hd__and2_0 and sky130_fd_sc_hd__and2_0 are equivalent.

Cell sky130_fd_sc_hd__dfxtp_2 (0) disconnected node: CLK
Cell sky130_fd_sc_hd__dfxtp_2 (0) disconnected node: D
Cell sky130_fd_sc_hd__dfxtp_2 (0) disconnected node: VGND
Cell sky130_fd_sc_hd__dfxtp_2 (0) disconnected node: VNB
Cell sky130_fd_sc_hd__dfxtp_2 (0) disconnected node: VPB
Cell sky130_fd_sc_hd__dfxtp_2 (0) disconnected node: VPWR
Cell sky130_fd_sc_hd__dfxtp_2 (0) disconnected node: Q
Warning: Equate pins:  cell sky130_fd_sc_hd__dfxtp_2 is a placeholder, treated as a black box.

Subcircuit pins:
Circuit 1: sky130_fd_sc_hd__dfxtp_2        |Circuit 2: sky130_fd_sc_hd__dfxtp_2        
-------------------------------------------|-------------------------------------------
CLK                                        |CLK                                        
D                                          |D                                          
VGND                                       |VGND                                       
VNB                                        |VNB                                        
VPB                                        |VPB                                        
VPWR                                       |VPWR                                       
Q                                          |Q                                          
---------------------------------------------------------------------------------------
Cell pin lists are equivalent.
Device classes sky130_fd_sc_hd__dfxtp_2 and sky130_fd_sc_hd__dfxtp_2 are equivalent.

Cell sky130_fd_sc_hd__and2_4 (0) disconnected node: A
Cell sky130_fd_sc_hd__and2_4 (0) disconnected node: B
Cell sky130_fd_sc_hd__and2_4 (0) disconnected node: VGND
Cell sky130_fd_sc_hd__and2_4 (0) disconnected node: VNB
Cell sky130_fd_sc_hd__and2_4 (0) disconnected node: VPB
Cell sky130_fd_sc_hd__and2_4 (0) disconnected node: VPWR
Cell sky130_fd_sc_hd__and2_4 (0) disconnected node: X
Warning: Equate pins:  cell sky130_fd_sc_hd__and2_4 is a placeholder, treated as a black box.

Subcircuit pins:
Circuit 1: sky130_fd_sc_hd__and2_4         |Circuit 2: sky130_fd_sc_hd__and2_4         
-------------------------------------------|-------------------------------------------
A                                          |A                                          
B                                          |B                                          
VGND                                       |VGND                                       
VNB                                        |VNB                                        
VPB                                        |VPB                                        
VPWR                                       |VPWR                                       
X                                          |X                                          
---------------------------------------------------------------------------------------
Cell pin lists are equivalent.
Device classes sky130_fd_sc_hd__and2_4 and sky130_fd_sc_hd__and2_4 are equivalent.

Cell sky130_fd_sc_hd__nand2_1 (0) disconnected node: A
Cell sky130_fd_sc_hd__nand2_1 (0) disconnected node: B
Cell sky130_fd_sc_hd__nand2_1 (0) disconnected node: VGND
Cell sky130_fd_sc_hd__nand2_1 (0) disconnected node: VNB
Cell sky130_fd_sc_hd__nand2_1 (0) disconnected node: VPB
Cell sky130_fd_sc_hd__nand2_1 (0) disconnected node: VPWR
Cell sky130_fd_sc_hd__nand2_1 (0) disconnected node: Y
Warning: Equate pins:  cell sky130_fd_sc_hd__nand2_1 is a placeholder, treated as a black box.

Subcircuit pins:
Circuit 1: sky130_fd_sc_hd__nand2_1        |Circuit 2: sky130_fd_sc_hd__nand2_1        
-------------------------------------------|-------------------------------------------
A                                          |A                                          
B                                          |B                                          
VGND                                       |VGND                                       
VNB                                        |VNB                                        
VPB                                        |VPB                                        
VPWR                                       |VPWR                                       
Y                                          |Y                                          
---------------------------------------------------------------------------------------
Cell pin lists are equivalent.
Device classes sky130_fd_sc_hd__nand2_1 and sky130_fd_sc_hd__nand2_1 are equivalent.

Cell sky130_fd_sc_hd__a21o_1 (0) disconnected node: A1
Cell sky130_fd_sc_hd__a21o_1 (0) disconnected node: A2
Cell sky130_fd_sc_hd__a21o_1 (0) disconnected node: B1
Cell sky130_fd_sc_hd__a21o_1 (0) disconnected node: VGND
Cell sky130_fd_sc_hd__a21o_1 (0) disconnected node: VNB
Cell sky130_fd_sc_hd__a21o_1 (0) disconnected node: VPB
Cell sky130_fd_sc_hd__a21o_1 (0) disconnected node: VPWR
Cell sky130_fd_sc_hd__a21o_1 (0) disconnected node: X
Warning: Equate pins:  cell sky130_fd_sc_hd__a21o_1 is a placeholder, treated as a black box.

Subcircuit pins:
Circuit 1: sky130_fd_sc_hd__a21o_1         |Circuit 2: sky130_fd_sc_hd__a21o_1         
-------------------------------------------|-------------------------------------------
A1                                         |A1                                         
A2                                         |A2                                         
B1                                         |B1                                         
VGND                                       |VGND                                       
VNB                                        |VNB                                        
VPB                                        |VPB                                        
VPWR                                       |VPWR                                       
X                                          |X                                          
---------------------------------------------------------------------------------------
Cell pin lists are equivalent.
Device classes sky130_fd_sc_hd__a21o_1 and sky130_fd_sc_hd__a21o_1 are equivalent.

Cell sky130_fd_sc_hd__and4_1 (0) disconnected node: A
Cell sky130_fd_sc_hd__and4_1 (0) disconnected node: B
Cell sky130_fd_sc_hd__and4_1 (0) disconnected node: C
Cell sky130_fd_sc_hd__and4_1 (0) disconnected node: D
Cell sky130_fd_sc_hd__and4_1 (0) disconnected node: VGND
Cell sky130_fd_sc_hd__and4_1 (0) disconnected node: VNB
Cell sky130_fd_sc_hd__and4_1 (0) disconnected node: VPB
Cell sky130_fd_sc_hd__and4_1 (0) disconnected node: VPWR
Cell sky130_fd_sc_hd__and4_1 (0) disconnected node: X
Warning: Equate pins:  cell sky130_fd_sc_hd__and4_1 is a placeholder, treated as a black box.

Subcircuit pins:
Circuit 1: sky130_fd_sc_hd__and4_1         |Circuit 2: sky130_fd_sc_hd__and4_1         
-------------------------------------------|-------------------------------------------
A                                          |A                                          
B                                          |B                                          
C                                          |C                                          
D                                          |D                                          
VGND                                       |VGND                                       
VNB                                        |VNB                                        
VPB                                        |VPB                                        
VPWR                                       |VPWR                                       
X                                          |X                                          
---------------------------------------------------------------------------------------
Cell pin lists are equivalent.
Device classes sky130_fd_sc_hd__and4_1 and sky130_fd_sc_hd__and4_1 are equivalent.

Cell sky130_fd_sc_hd__a21oi_1 (0) disconnected node: A1
Cell sky130_fd_sc_hd__a21oi_1 (0) disconnected node: A2
Cell sky130_fd_sc_hd__a21oi_1 (0) disconnected node: B1
Cell sky130_fd_sc_hd__a21oi_1 (0) disconnected node: VGND
Cell sky130_fd_sc_hd__a21oi_1 (0) disconnected node: VNB
Cell sky130_fd_sc_hd__a21oi_1 (0) disconnected node: VPB
Cell sky130_fd_sc_hd__a21oi_1 (0) disconnected node: VPWR
Cell sky130_fd_sc_hd__a21oi_1 (0) disconnected node: Y
Warning: Equate pins:  cell sky130_fd_sc_hd__a21oi_1 is a placeholder, treated as a black box.

Subcircuit pins:
Circuit 1: sky130_fd_sc_hd__a21oi_1        |Circuit 2: sky130_fd_sc_hd__a21oi_1        
-------------------------------------------|-------------------------------------------
A1                                         |A1                                         
A2                                         |A2                                         
B1                                         |B1                                         
VGND                                       |VGND                                       
VNB                                        |VNB                                        
VPB                                        |VPB                                        
VPWR                                       |VPWR                                       
Y                                          |Y                                          
---------------------------------------------------------------------------------------
Cell pin lists are equivalent.
Device classes sky130_fd_sc_hd__a21oi_1 and sky130_fd_sc_hd__a21oi_1 are equivalent.

Cell sky130_fd_sc_hd__a221oi_2 (0) disconnected node: A1
Cell sky130_fd_sc_hd__a221oi_2 (0) disconnected node: A2
Cell sky130_fd_sc_hd__a221oi_2 (0) disconnected node: B1
Cell sky130_fd_sc_hd__a221oi_2 (0) disconnected node: B2
Cell sky130_fd_sc_hd__a221oi_2 (0) disconnected node: C1
Cell sky130_fd_sc_hd__a221oi_2 (0) disconnected node: VGND
Cell sky130_fd_sc_hd__a221oi_2 (0) disconnected node: VNB
Cell sky130_fd_sc_hd__a221oi_2 (0) disconnected node: VPB
Cell sky130_fd_sc_hd__a221oi_2 (0) disconnected node: VPWR
Cell sky130_fd_sc_hd__a221oi_2 (0) disconnected node: Y
Warning: Equate pins:  cell sky130_fd_sc_hd__a221oi_2 is a placeholder, treated as a black box.

Subcircuit pins:
Circuit 1: sky130_fd_sc_hd__a221oi_2       |Circuit 2: sky130_fd_sc_hd__a221oi_2       
-------------------------------------------|-------------------------------------------
A1                                         |A1                                         
A2                                         |A2                                         
B1                                         |B1                                         
B2                                         |B2                                         
C1                                         |C1                                         
VGND                                       |VGND                                       
VNB                                        |VNB                                        
VPB                                        |VPB                                        
VPWR                                       |VPWR                                       
Y                                          |Y                                          
---------------------------------------------------------------------------------------
Cell pin lists are equivalent.
Device classes sky130_fd_sc_hd__a221oi_2 and sky130_fd_sc_hd__a221oi_2 are equivalent.

Cell sky130_fd_sc_hd__buf_2 (0) disconnected node: A
Cell sky130_fd_sc_hd__buf_2 (0) disconnected node: VGND
Cell sky130_fd_sc_hd__buf_2 (0) disconnected node: VNB
Cell sky130_fd_sc_hd__buf_2 (0) disconnected node: VPB
Cell sky130_fd_sc_hd__buf_2 (0) disconnected node: VPWR
Cell sky130_fd_sc_hd__buf_2 (0) disconnected node: X
Warning: Equate pins:  cell sky130_fd_sc_hd__buf_2 is a placeholder, treated as a black box.

Subcircuit pins:
Circuit 1: sky130_fd_sc_hd__buf_2          |Circuit 2: sky130_fd_sc_hd__buf_2          
-------------------------------------------|-------------------------------------------
A                                          |A                                          
VGND                                       |VGND                                       
VNB                                        |VNB                                        
VPB                                        |VPB                                        
VPWR                                       |VPWR                                       
X                                          |X                                          
---------------------------------------------------------------------------------------
Cell pin lists are equivalent.
Device classes sky130_fd_sc_hd__buf_2 and sky130_fd_sc_hd__buf_2 are equivalent.

Cell sky130_fd_sc_hd__o21ai_0 (0) disconnected node: A1
Cell sky130_fd_sc_hd__o21ai_0 (0) disconnected node: A2
Cell sky130_fd_sc_hd__o21ai_0 (0) disconnected node: B1
Cell sky130_fd_sc_hd__o21ai_0 (0) disconnected node: VGND
Cell sky130_fd_sc_hd__o21ai_0 (0) disconnected node: VNB
Cell sky130_fd_sc_hd__o21ai_0 (0) disconnected node: VPB
Cell sky130_fd_sc_hd__o21ai_0 (0) disconnected node: VPWR
Cell sky130_fd_sc_hd__o21ai_0 (0) disconnected node: Y
Warning: Equate pins:  cell sky130_fd_sc_hd__o21ai_0 is a placeholder, treated as a black box.

Subcircuit pins:
Circuit 1: sky130_fd_sc_hd__o21ai_0        |Circuit 2: sky130_fd_sc_hd__o21ai_0        
-------------------------------------------|-------------------------------------------
A1                                         |A1                                         
A2                                         |A2                                         
B1                                         |B1                                         
VGND                                       |VGND                                       
VNB                                        |VNB                                        
VPB                                        |VPB                                        
VPWR                                       |VPWR                                       
Y                                          |Y                                          
---------------------------------------------------------------------------------------
Cell pin lists are equivalent.
Device classes sky130_fd_sc_hd__o21ai_0 and sky130_fd_sc_hd__o21ai_0 are equivalent.

Cell sky130_fd_sc_hd__bufinv_16 (0) disconnected node: A
Cell sky130_fd_sc_hd__bufinv_16 (0) disconnected node: VGND
Cell sky130_fd_sc_hd__bufinv_16 (0) disconnected node: VNB
Cell sky130_fd_sc_hd__bufinv_16 (0) disconnected node: VPB
Cell sky130_fd_sc_hd__bufinv_16 (0) disconnected node: VPWR
Cell sky130_fd_sc_hd__bufinv_16 (0) disconnected node: Y
Warning: Equate pins:  cell sky130_fd_sc_hd__bufinv_16 is a placeholder, treated as a black box.

Subcircuit pins:
Circuit 1: sky130_fd_sc_hd__bufinv_16      |Circuit 2: sky130_fd_sc_hd__bufinv_16      
-------------------------------------------|-------------------------------------------
A                                          |A                                          
VGND                                       |VGND                                       
VNB                                        |VNB                                        
VPB                                        |VPB                                        
VPWR                                       |VPWR                                       
Y                                          |(no matching pin)                          
---------------------------------------------------------------------------------------
Cell pin lists are equivalent.
Device classes sky130_fd_sc_hd__bufinv_16 and sky130_fd_sc_hd__bufinv_16 are equivalent.

Cell sky130_fd_sc_hd__mux2_1 (0) disconnected node: A0
Cell sky130_fd_sc_hd__mux2_1 (0) disconnected node: A1
Cell sky130_fd_sc_hd__mux2_1 (0) disconnected node: S
Cell sky130_fd_sc_hd__mux2_1 (0) disconnected node: VGND
Cell sky130_fd_sc_hd__mux2_1 (0) disconnected node: VNB
Cell sky130_fd_sc_hd__mux2_1 (0) disconnected node: VPB
Cell sky130_fd_sc_hd__mux2_1 (0) disconnected node: VPWR
Cell sky130_fd_sc_hd__mux2_1 (0) disconnected node: X
Warning: Equate pins:  cell sky130_fd_sc_hd__mux2_1 is a placeholder, treated as a black box.

Subcircuit pins:
Circuit 1: sky130_fd_sc_hd__mux2_1         |Circuit 2: sky130_fd_sc_hd__mux2_1         
-------------------------------------------|-------------------------------------------
A0                                         |A0                                         
A1                                         |A1                                         
S                                          |S                                          
VGND                                       |VGND                                       
VNB                                        |VNB                                        
VPB                                        |VPB                                        
VPWR                                       |VPWR                                       
X                                          |X                                          
---------------------------------------------------------------------------------------
Cell pin lists are equivalent.
Device classes sky130_fd_sc_hd__mux2_1 and sky130_fd_sc_hd__mux2_1 are equivalent.

Cell sky130_fd_sc_hd__o21ai_2 (0) disconnected node: A1
Cell sky130_fd_sc_hd__o21ai_2 (0) disconnected node: A2
Cell sky130_fd_sc_hd__o21ai_2 (0) disconnected node: B1
Cell sky130_fd_sc_hd__o21ai_2 (0) disconnected node: VGND
Cell sky130_fd_sc_hd__o21ai_2 (0) disconnected node: VNB
Cell sky130_fd_sc_hd__o21ai_2 (0) disconnected node: VPB
Cell sky130_fd_sc_hd__o21ai_2 (0) disconnected node: VPWR
Cell sky130_fd_sc_hd__o21ai_2 (0) disconnected node: Y
Warning: Equate pins:  cell sky130_fd_sc_hd__o21ai_2 is a placeholder, treated as a black box.

Subcircuit pins:
Circuit 1: sky130_fd_sc_hd__o21ai_2        |Circuit 2: sky130_fd_sc_hd__o21ai_2        
-------------------------------------------|-------------------------------------------
A1                                         |A1                                         
A2                                         |A2                                         
B1                                         |B1                                         
VGND                                       |VGND                                       
VNB                                        |VNB                                        
VPB                                        |VPB                                        
VPWR                                       |VPWR                                       
Y                                          |Y                                          
---------------------------------------------------------------------------------------
Cell pin lists are equivalent.
Device classes sky130_fd_sc_hd__o21ai_2 and sky130_fd_sc_hd__o21ai_2 are equivalent.

Cell sky130_fd_sc_hd__nor3b_4 (0) disconnected node: A
Cell sky130_fd_sc_hd__nor3b_4 (0) disconnected node: B
Cell sky130_fd_sc_hd__nor3b_4 (0) disconnected node: C_N
Cell sky130_fd_sc_hd__nor3b_4 (0) disconnected node: VGND
Cell sky130_fd_sc_hd__nor3b_4 (0) disconnected node: VNB
Cell sky130_fd_sc_hd__nor3b_4 (0) disconnected node: VPB
Cell sky130_fd_sc_hd__nor3b_4 (0) disconnected node: VPWR
Cell sky130_fd_sc_hd__nor3b_4 (0) disconnected node: Y
Warning: Equate pins:  cell sky130_fd_sc_hd__nor3b_4 is a placeholder, treated as a black box.

Subcircuit pins:
Circuit 1: sky130_fd_sc_hd__nor3b_4        |Circuit 2: sky130_fd_sc_hd__nor3b_4        
-------------------------------------------|-------------------------------------------
A                                          |A                                          
B                                          |B                                          
C_N                                        |C_N                                        
VGND                                       |VGND                                       
VNB                                        |VNB                                        
VPB                                        |VPB                                        
VPWR                                       |VPWR                                       
Y                                          |Y                                          
---------------------------------------------------------------------------------------
Cell pin lists are equivalent.
Device classes sky130_fd_sc_hd__nor3b_4 and sky130_fd_sc_hd__nor3b_4 are equivalent.

Cell sky130_fd_sc_hd__bufinv_8 (0) disconnected node: A
Cell sky130_fd_sc_hd__bufinv_8 (0) disconnected node: VGND
Cell sky130_fd_sc_hd__bufinv_8 (0) disconnected node: VNB
Cell sky130_fd_sc_hd__bufinv_8 (0) disconnected node: VPB
Cell sky130_fd_sc_hd__bufinv_8 (0) disconnected node: VPWR
Cell sky130_fd_sc_hd__bufinv_8 (0) disconnected node: Y
Warning: Equate pins:  cell sky130_fd_sc_hd__bufinv_8 is a placeholder, treated as a black box.

Subcircuit pins:
Circuit 1: sky130_fd_sc_hd__bufinv_8       |Circuit 2: sky130_fd_sc_hd__bufinv_8       
-------------------------------------------|-------------------------------------------
A                                          |A                                          
VGND                                       |VGND                                       
VNB                                        |VNB                                        
VPB                                        |VPB                                        
VPWR                                       |VPWR                                       
Y                                          |(no matching pin)                          
---------------------------------------------------------------------------------------
Cell pin lists are equivalent.
Device classes sky130_fd_sc_hd__bufinv_8 and sky130_fd_sc_hd__bufinv_8 are equivalent.

Cell sky130_fd_sc_hd__o21a_1 (0) disconnected node: A1
Cell sky130_fd_sc_hd__o21a_1 (0) disconnected node: A2
Cell sky130_fd_sc_hd__o21a_1 (0) disconnected node: B1
Cell sky130_fd_sc_hd__o21a_1 (0) disconnected node: VGND
Cell sky130_fd_sc_hd__o21a_1 (0) disconnected node: VNB
Cell sky130_fd_sc_hd__o21a_1 (0) disconnected node: VPB
Cell sky130_fd_sc_hd__o21a_1 (0) disconnected node: VPWR
Cell sky130_fd_sc_hd__o21a_1 (0) disconnected node: X
Warning: Equate pins:  cell sky130_fd_sc_hd__o21a_1 is a placeholder, treated as a black box.

Subcircuit pins:
Circuit 1: sky130_fd_sc_hd__o21a_1         |Circuit 2: sky130_fd_sc_hd__o21a_1         
-------------------------------------------|-------------------------------------------
A1                                         |A1                                         
A2                                         |A2                                         
B1                                         |B1                                         
VGND                                       |VGND                                       
VNB                                        |VNB                                        
VPB                                        |VPB                                        
VPWR                                       |VPWR                                       
X                                          |X                                          
---------------------------------------------------------------------------------------
Cell pin lists are equivalent.
Device classes sky130_fd_sc_hd__o21a_1 and sky130_fd_sc_hd__o21a_1 are equivalent.

Cell sky130_fd_sc_hd__inv_2 (0) disconnected node: A
Cell sky130_fd_sc_hd__inv_2 (0) disconnected node: VGND
Cell sky130_fd_sc_hd__inv_2 (0) disconnected node: VNB
Cell sky130_fd_sc_hd__inv_2 (0) disconnected node: VPB
Cell sky130_fd_sc_hd__inv_2 (0) disconnected node: VPWR
Cell sky130_fd_sc_hd__inv_2 (0) disconnected node: Y
Warning: Equate pins:  cell sky130_fd_sc_hd__inv_2 is a placeholder, treated as a black box.

Subcircuit pins:
Circuit 1: sky130_fd_sc_hd__inv_2          |Circuit 2: sky130_fd_sc_hd__inv_2          
-------------------------------------------|-------------------------------------------
A                                          |A                                          
VGND                                       |VGND                                       
VNB                                        |VNB                                        
VPB                                        |VPB                                        
VPWR                                       |VPWR                                       
Y                                          |(no matching pin)                          
---------------------------------------------------------------------------------------
Cell pin lists are equivalent.
Device classes sky130_fd_sc_hd__inv_2 and sky130_fd_sc_hd__inv_2 are equivalent.

Cell sky130_fd_sc_hd__or4_2 (0) disconnected node: A
Cell sky130_fd_sc_hd__or4_2 (0) disconnected node: B
Cell sky130_fd_sc_hd__or4_2 (0) disconnected node: C
Cell sky130_fd_sc_hd__or4_2 (0) disconnected node: D
Cell sky130_fd_sc_hd__or4_2 (0) disconnected node: VGND
Cell sky130_fd_sc_hd__or4_2 (0) disconnected node: VNB
Cell sky130_fd_sc_hd__or4_2 (0) disconnected node: VPB
Cell sky130_fd_sc_hd__or4_2 (0) disconnected node: VPWR
Cell sky130_fd_sc_hd__or4_2 (0) disconnected node: X
Warning: Equate pins:  cell sky130_fd_sc_hd__or4_2 is a placeholder, treated as a black box.

Subcircuit pins:
Circuit 1: sky130_fd_sc_hd__or4_2          |Circuit 2: sky130_fd_sc_hd__or4_2          
-------------------------------------------|-------------------------------------------
A                                          |A                                          
B                                          |B                                          
C                                          |C                                          
D                                          |D                                          
VGND                                       |VGND                                       
VNB                                        |VNB                                        
VPB                                        |VPB                                        
VPWR                                       |VPWR                                       
X                                          |X                                          
---------------------------------------------------------------------------------------
Cell pin lists are equivalent.
Device classes sky130_fd_sc_hd__or4_2 and sky130_fd_sc_hd__or4_2 are equivalent.

Cell sky130_fd_sc_hd__o221ai_1 (0) disconnected node: A1
Cell sky130_fd_sc_hd__o221ai_1 (0) disconnected node: A2
Cell sky130_fd_sc_hd__o221ai_1 (0) disconnected node: B1
Cell sky130_fd_sc_hd__o221ai_1 (0) disconnected node: B2
Cell sky130_fd_sc_hd__o221ai_1 (0) disconnected node: C1
Cell sky130_fd_sc_hd__o221ai_1 (0) disconnected node: VGND
Cell sky130_fd_sc_hd__o221ai_1 (0) disconnected node: VNB
Cell sky130_fd_sc_hd__o221ai_1 (0) disconnected node: VPB
Cell sky130_fd_sc_hd__o221ai_1 (0) disconnected node: VPWR
Cell sky130_fd_sc_hd__o221ai_1 (0) disconnected node: Y
Warning: Equate pins:  cell sky130_fd_sc_hd__o221ai_1 is a placeholder, treated as a black box.

Subcircuit pins:
Circuit 1: sky130_fd_sc_hd__o221ai_1       |Circuit 2: sky130_fd_sc_hd__o221ai_1       
-------------------------------------------|-------------------------------------------
A1                                         |A1                                         
A2                                         |A2                                         
B1                                         |B1                                         
B2                                         |B2                                         
C1                                         |C1                                         
VGND                                       |VGND                                       
VNB                                        |VNB                                        
VPB                                        |VPB                                        
VPWR                                       |VPWR                                       
Y                                          |Y                                          
---------------------------------------------------------------------------------------
Cell pin lists are equivalent.
Device classes sky130_fd_sc_hd__o221ai_1 and sky130_fd_sc_hd__o221ai_1 are equivalent.

Cell sky130_fd_sc_hd__a41oi_1 (0) disconnected node: A1
Cell sky130_fd_sc_hd__a41oi_1 (0) disconnected node: A2
Cell sky130_fd_sc_hd__a41oi_1 (0) disconnected node: A3
Cell sky130_fd_sc_hd__a41oi_1 (0) disconnected node: A4
Cell sky130_fd_sc_hd__a41oi_1 (0) disconnected node: B1
Cell sky130_fd_sc_hd__a41oi_1 (0) disconnected node: VGND
Cell sky130_fd_sc_hd__a41oi_1 (0) disconnected node: VNB
Cell sky130_fd_sc_hd__a41oi_1 (0) disconnected node: VPB
Cell sky130_fd_sc_hd__a41oi_1 (0) disconnected node: VPWR
Cell sky130_fd_sc_hd__a41oi_1 (0) disconnected node: Y
Warning: Equate pins:  cell sky130_fd_sc_hd__a41oi_1 is a placeholder, treated as a black box.

Subcircuit pins:
Circuit 1: sky130_fd_sc_hd__a41oi_1        |Circuit 2: sky130_fd_sc_hd__a41oi_1        
-------------------------------------------|-------------------------------------------
A1                                         |A1                                         
A2                                         |A2                                         
A3                                         |A3                                         
A4                                         |A4                                         
B1                                         |B1                                         
VGND                                       |VGND                                       
VNB                                        |VNB                                        
VPB                                        |VPB                                        
VPWR                                       |VPWR                                       
Y                                          |Y                                          
---------------------------------------------------------------------------------------
Cell pin lists are equivalent.
Device classes sky130_fd_sc_hd__a41oi_1 and sky130_fd_sc_hd__a41oi_1 are equivalent.

Cell sky130_fd_sc_hd__o22a_1 (0) disconnected node: A1
Cell sky130_fd_sc_hd__o22a_1 (0) disconnected node: A2
Cell sky130_fd_sc_hd__o22a_1 (0) disconnected node: B1
Cell sky130_fd_sc_hd__o22a_1 (0) disconnected node: B2
Cell sky130_fd_sc_hd__o22a_1 (0) disconnected node: VGND
Cell sky130_fd_sc_hd__o22a_1 (0) disconnected node: VNB
Cell sky130_fd_sc_hd__o22a_1 (0) disconnected node: VPB
Cell sky130_fd_sc_hd__o22a_1 (0) disconnected node: VPWR
Cell sky130_fd_sc_hd__o22a_1 (0) disconnected node: X
Warning: Equate pins:  cell sky130_fd_sc_hd__o22a_1 is a placeholder, treated as a black box.

Subcircuit pins:
Circuit 1: sky130_fd_sc_hd__o22a_1         |Circuit 2: sky130_fd_sc_hd__o22a_1         
-------------------------------------------|-------------------------------------------
A1                                         |A1                                         
A2                                         |A2                                         
B1                                         |B1                                         
B2                                         |B2                                         
VGND                                       |VGND                                       
VNB                                        |VNB                                        
VPB                                        |VPB                                        
VPWR                                       |VPWR                                       
X                                          |X                                          
---------------------------------------------------------------------------------------
Cell pin lists are equivalent.
Device classes sky130_fd_sc_hd__o22a_1 and sky130_fd_sc_hd__o22a_1 are equivalent.

Cell sky130_fd_sc_hd__o21ai_4 (0) disconnected node: A1
Cell sky130_fd_sc_hd__o21ai_4 (0) disconnected node: A2
Cell sky130_fd_sc_hd__o21ai_4 (0) disconnected node: B1
Cell sky130_fd_sc_hd__o21ai_4 (0) disconnected node: VGND
Cell sky130_fd_sc_hd__o21ai_4 (0) disconnected node: VNB
Cell sky130_fd_sc_hd__o21ai_4 (0) disconnected node: VPB
Cell sky130_fd_sc_hd__o21ai_4 (0) disconnected node: VPWR
Cell sky130_fd_sc_hd__o21ai_4 (0) disconnected node: Y
Warning: Equate pins:  cell sky130_fd_sc_hd__o21ai_4 is a placeholder, treated as a black box.

Subcircuit pins:
Circuit 1: sky130_fd_sc_hd__o21ai_4        |Circuit 2: sky130_fd_sc_hd__o21ai_4        
-------------------------------------------|-------------------------------------------
A1                                         |A1                                         
A2                                         |A2                                         
B1                                         |B1                                         
VGND                                       |VGND                                       
VNB                                        |VNB                                        
VPB                                        |VPB                                        
VPWR                                       |VPWR                                       
Y                                          |Y                                          
---------------------------------------------------------------------------------------
Cell pin lists are equivalent.
Device classes sky130_fd_sc_hd__o21ai_4 and sky130_fd_sc_hd__o21ai_4 are equivalent.

Cell sky130_fd_sc_hd__or4_1 (0) disconnected node: A
Cell sky130_fd_sc_hd__or4_1 (0) disconnected node: B
Cell sky130_fd_sc_hd__or4_1 (0) disconnected node: C
Cell sky130_fd_sc_hd__or4_1 (0) disconnected node: D
Cell sky130_fd_sc_hd__or4_1 (0) disconnected node: VGND
Cell sky130_fd_sc_hd__or4_1 (0) disconnected node: VNB
Cell sky130_fd_sc_hd__or4_1 (0) disconnected node: VPB
Cell sky130_fd_sc_hd__or4_1 (0) disconnected node: VPWR
Cell sky130_fd_sc_hd__or4_1 (0) disconnected node: X
Warning: Equate pins:  cell sky130_fd_sc_hd__or4_1 is a placeholder, treated as a black box.

Subcircuit pins:
Circuit 1: sky130_fd_sc_hd__or4_1          |Circuit 2: sky130_fd_sc_hd__or4_1          
-------------------------------------------|-------------------------------------------
A                                          |A                                          
B                                          |B                                          
C                                          |C                                          
D                                          |D                                          
VGND                                       |VGND                                       
VNB                                        |VNB                                        
VPB                                        |VPB                                        
VPWR                                       |VPWR                                       
X                                          |X                                          
---------------------------------------------------------------------------------------
Cell pin lists are equivalent.
Device classes sky130_fd_sc_hd__or4_1 and sky130_fd_sc_hd__or4_1 are equivalent.

Cell sky130_fd_sc_hd__nor2_8 (0) disconnected node: A
Cell sky130_fd_sc_hd__nor2_8 (0) disconnected node: B
Cell sky130_fd_sc_hd__nor2_8 (0) disconnected node: VGND
Cell sky130_fd_sc_hd__nor2_8 (0) disconnected node: VNB
Cell sky130_fd_sc_hd__nor2_8 (0) disconnected node: VPB
Cell sky130_fd_sc_hd__nor2_8 (0) disconnected node: VPWR
Cell sky130_fd_sc_hd__nor2_8 (0) disconnected node: Y
Warning: Equate pins:  cell sky130_fd_sc_hd__nor2_8 is a placeholder, treated as a black box.

Subcircuit pins:
Circuit 1: sky130_fd_sc_hd__nor2_8         |Circuit 2: sky130_fd_sc_hd__nor2_8         
-------------------------------------------|-------------------------------------------
A                                          |A                                          
B                                          |B                                          
VGND                                       |VGND                                       
VNB                                        |VNB                                        
VPB                                        |VPB                                        
VPWR                                       |VPWR                                       
Y                                          |Y                                          
---------------------------------------------------------------------------------------
Cell pin lists are equivalent.
Device classes sky130_fd_sc_hd__nor2_8 and sky130_fd_sc_hd__nor2_8 are equivalent.

Cell sky130_fd_sc_hd__a211oi_2 (0) disconnected node: A1
Cell sky130_fd_sc_hd__a211oi_2 (0) disconnected node: A2
Cell sky130_fd_sc_hd__a211oi_2 (0) disconnected node: B1
Cell sky130_fd_sc_hd__a211oi_2 (0) disconnected node: C1
Cell sky130_fd_sc_hd__a211oi_2 (0) disconnected node: VGND
Cell sky130_fd_sc_hd__a211oi_2 (0) disconnected node: VNB
Cell sky130_fd_sc_hd__a211oi_2 (0) disconnected node: VPB
Cell sky130_fd_sc_hd__a211oi_2 (0) disconnected node: VPWR
Cell sky130_fd_sc_hd__a211oi_2 (0) disconnected node: Y
Warning: Equate pins:  cell sky130_fd_sc_hd__a211oi_2 is a placeholder, treated as a black box.

Subcircuit pins:
Circuit 1: sky130_fd_sc_hd__a211oi_2       |Circuit 2: sky130_fd_sc_hd__a211oi_2       
-------------------------------------------|-------------------------------------------
A1                                         |A1                                         
A2                                         |A2                                         
B1                                         |B1                                         
C1                                         |C1                                         
VGND                                       |VGND                                       
VNB                                        |VNB                                        
VPB                                        |VPB                                        
VPWR                                       |VPWR                                       
Y                                          |Y                                          
---------------------------------------------------------------------------------------
Cell pin lists are equivalent.
Device classes sky130_fd_sc_hd__a211oi_2 and sky130_fd_sc_hd__a211oi_2 are equivalent.

Cell sky130_fd_sc_hd__buf_8 (0) disconnected node: A
Cell sky130_fd_sc_hd__buf_8 (0) disconnected node: VGND
Cell sky130_fd_sc_hd__buf_8 (0) disconnected node: VNB
Cell sky130_fd_sc_hd__buf_8 (0) disconnected node: VPB
Cell sky130_fd_sc_hd__buf_8 (0) disconnected node: VPWR
Cell sky130_fd_sc_hd__buf_8 (0) disconnected node: X
Warning: Equate pins:  cell sky130_fd_sc_hd__buf_8 is a placeholder, treated as a black box.

Subcircuit pins:
Circuit 1: sky130_fd_sc_hd__buf_8          |Circuit 2: sky130_fd_sc_hd__buf_8          
-------------------------------------------|-------------------------------------------
A                                          |A                                          
VGND                                       |VGND                                       
VNB                                        |VNB                                        
VPB                                        |VPB                                        
VPWR                                       |VPWR                                       
X                                          |X                                          
---------------------------------------------------------------------------------------
Cell pin lists are equivalent.
Device classes sky130_fd_sc_hd__buf_8 and sky130_fd_sc_hd__buf_8 are equivalent.

Cell sky130_fd_sc_hd__a211oi_1 (0) disconnected node: A1
Cell sky130_fd_sc_hd__a211oi_1 (0) disconnected node: A2
Cell sky130_fd_sc_hd__a211oi_1 (0) disconnected node: B1
Cell sky130_fd_sc_hd__a211oi_1 (0) disconnected node: C1
Cell sky130_fd_sc_hd__a211oi_1 (0) disconnected node: VGND
Cell sky130_fd_sc_hd__a211oi_1 (0) disconnected node: VNB
Cell sky130_fd_sc_hd__a211oi_1 (0) disconnected node: VPB
Cell sky130_fd_sc_hd__a211oi_1 (0) disconnected node: VPWR
Cell sky130_fd_sc_hd__a211oi_1 (0) disconnected node: Y
Warning: Equate pins:  cell sky130_fd_sc_hd__a211oi_1 is a placeholder, treated as a black box.

Subcircuit pins:
Circuit 1: sky130_fd_sc_hd__a211oi_1       |Circuit 2: sky130_fd_sc_hd__a211oi_1       
-------------------------------------------|-------------------------------------------
A1                                         |A1                                         
A2                                         |A2                                         
B1                                         |B1                                         
C1                                         |C1                                         
VGND                                       |VGND                                       
VNB                                        |VNB                                        
VPB                                        |VPB                                        
VPWR                                       |VPWR                                       
Y                                          |Y                                          
---------------------------------------------------------------------------------------
Cell pin lists are equivalent.
Device classes sky130_fd_sc_hd__a211oi_1 and sky130_fd_sc_hd__a211oi_1 are equivalent.

Cell sky130_fd_sc_hd__nand2b_2 (0) disconnected node: A_N
Cell sky130_fd_sc_hd__nand2b_2 (0) disconnected node: B
Cell sky130_fd_sc_hd__nand2b_2 (0) disconnected node: VGND
Cell sky130_fd_sc_hd__nand2b_2 (0) disconnected node: VNB
Cell sky130_fd_sc_hd__nand2b_2 (0) disconnected node: VPB
Cell sky130_fd_sc_hd__nand2b_2 (0) disconnected node: VPWR
Cell sky130_fd_sc_hd__nand2b_2 (0) disconnected node: Y
Warning: Equate pins:  cell sky130_fd_sc_hd__nand2b_2 is a placeholder, treated as a black box.

Subcircuit pins:
Circuit 1: sky130_fd_sc_hd__nand2b_2       |Circuit 2: sky130_fd_sc_hd__nand2b_2       
-------------------------------------------|-------------------------------------------
A_N                                        |A_N                                        
B                                          |B                                          
VGND                                       |VGND                                       
VNB                                        |VNB                                        
VPB                                        |VPB                                        
VPWR                                       |VPWR                                       
Y                                          |Y                                          
---------------------------------------------------------------------------------------
Cell pin lists are equivalent.
Device classes sky130_fd_sc_hd__nand2b_2 and sky130_fd_sc_hd__nand2b_2 are equivalent.

Cell sky130_fd_sc_hd__buf_1 (0) disconnected node: A
Cell sky130_fd_sc_hd__buf_1 (0) disconnected node: VGND
Cell sky130_fd_sc_hd__buf_1 (0) disconnected node: VNB
Cell sky130_fd_sc_hd__buf_1 (0) disconnected node: VPB
Cell sky130_fd_sc_hd__buf_1 (0) disconnected node: VPWR
Cell sky130_fd_sc_hd__buf_1 (0) disconnected node: X
Warning: Equate pins:  cell sky130_fd_sc_hd__buf_1 is a placeholder, treated as a black box.

Subcircuit pins:
Circuit 1: sky130_fd_sc_hd__buf_1          |Circuit 2: sky130_fd_sc_hd__buf_1          
-------------------------------------------|-------------------------------------------
A                                          |A                                          
VGND                                       |VGND                                       
VNB                                        |VNB                                        
VPB                                        |VPB                                        
VPWR                                       |VPWR                                       
X                                          |X                                          
---------------------------------------------------------------------------------------
Cell pin lists are equivalent.
Device classes sky130_fd_sc_hd__buf_1 and sky130_fd_sc_hd__buf_1 are equivalent.

Cell sky130_fd_sc_hd__nor2b_4 (0) disconnected node: A
Cell sky130_fd_sc_hd__nor2b_4 (0) disconnected node: B_N
Cell sky130_fd_sc_hd__nor2b_4 (0) disconnected node: VGND
Cell sky130_fd_sc_hd__nor2b_4 (0) disconnected node: VNB
Cell sky130_fd_sc_hd__nor2b_4 (0) disconnected node: VPB
Cell sky130_fd_sc_hd__nor2b_4 (0) disconnected node: VPWR
Cell sky130_fd_sc_hd__nor2b_4 (0) disconnected node: Y
Warning: Equate pins:  cell sky130_fd_sc_hd__nor2b_4 is a placeholder, treated as a black box.

Subcircuit pins:
Circuit 1: sky130_fd_sc_hd__nor2b_4        |Circuit 2: sky130_fd_sc_hd__nor2b_4        
-------------------------------------------|-------------------------------------------
A                                          |A                                          
B_N                                        |B_N                                        
VGND                                       |VGND                                       
VNB                                        |VNB                                        
VPB                                        |VPB                                        
VPWR                                       |VPWR                                       
Y                                          |Y                                          
---------------------------------------------------------------------------------------
Cell pin lists are equivalent.
Device classes sky130_fd_sc_hd__nor2b_4 and sky130_fd_sc_hd__nor2b_4 are equivalent.

Cell sky130_fd_sc_hd__nor3_2 (0) disconnected node: A
Cell sky130_fd_sc_hd__nor3_2 (0) disconnected node: B
Cell sky130_fd_sc_hd__nor3_2 (0) disconnected node: C
Cell sky130_fd_sc_hd__nor3_2 (0) disconnected node: VGND
Cell sky130_fd_sc_hd__nor3_2 (0) disconnected node: VNB
Cell sky130_fd_sc_hd__nor3_2 (0) disconnected node: VPB
Cell sky130_fd_sc_hd__nor3_2 (0) disconnected node: VPWR
Cell sky130_fd_sc_hd__nor3_2 (0) disconnected node: Y
Warning: Equate pins:  cell sky130_fd_sc_hd__nor3_2 is a placeholder, treated as a black box.

Subcircuit pins:
Circuit 1: sky130_fd_sc_hd__nor3_2         |Circuit 2: sky130_fd_sc_hd__nor3_2         
-------------------------------------------|-------------------------------------------
A                                          |A                                          
B                                          |B                                          
C                                          |C                                          
VGND                                       |VGND                                       
VNB                                        |VNB                                        
VPB                                        |VPB                                        
VPWR                                       |VPWR                                       
Y                                          |Y                                          
---------------------------------------------------------------------------------------
Cell pin lists are equivalent.
Device classes sky130_fd_sc_hd__nor3_2 and sky130_fd_sc_hd__nor3_2 are equivalent.

Cell sky130_fd_sc_hd__and2_1 (0) disconnected node: A
Cell sky130_fd_sc_hd__and2_1 (0) disconnected node: B
Cell sky130_fd_sc_hd__and2_1 (0) disconnected node: VGND
Cell sky130_fd_sc_hd__and2_1 (0) disconnected node: VNB
Cell sky130_fd_sc_hd__and2_1 (0) disconnected node: VPB
Cell sky130_fd_sc_hd__and2_1 (0) disconnected node: VPWR
Cell sky130_fd_sc_hd__and2_1 (0) disconnected node: X
Warning: Equate pins:  cell sky130_fd_sc_hd__and2_1 is a placeholder, treated as a black box.

Subcircuit pins:
Circuit 1: sky130_fd_sc_hd__and2_1         |Circuit 2: sky130_fd_sc_hd__and2_1         
-------------------------------------------|-------------------------------------------
A                                          |A                                          
B                                          |B                                          
VGND                                       |VGND                                       
VNB                                        |VNB                                        
VPB                                        |VPB                                        
VPWR                                       |VPWR                                       
X                                          |X                                          
---------------------------------------------------------------------------------------
Cell pin lists are equivalent.
Device classes sky130_fd_sc_hd__and2_1 and sky130_fd_sc_hd__and2_1 are equivalent.

Cell sky130_fd_sc_hd__clkbuf_1 (0) disconnected node: A
Cell sky130_fd_sc_hd__clkbuf_1 (0) disconnected node: VGND
Cell sky130_fd_sc_hd__clkbuf_1 (0) disconnected node: VNB
Cell sky130_fd_sc_hd__clkbuf_1 (0) disconnected node: VPB
Cell sky130_fd_sc_hd__clkbuf_1 (0) disconnected node: VPWR
Cell sky130_fd_sc_hd__clkbuf_1 (0) disconnected node: X
Warning: Equate pins:  cell sky130_fd_sc_hd__clkbuf_1 is a placeholder, treated as a black box.

Subcircuit pins:
Circuit 1: sky130_fd_sc_hd__clkbuf_1       |Circuit 2: sky130_fd_sc_hd__clkbuf_1       
-------------------------------------------|-------------------------------------------
A                                          |A                                          
VGND                                       |VGND                                       
VNB                                        |VNB                                        
VPB                                        |VPB                                        
VPWR                                       |VPWR                                       
X                                          |X                                          
---------------------------------------------------------------------------------------
Cell pin lists are equivalent.
Device classes sky130_fd_sc_hd__clkbuf_1 and sky130_fd_sc_hd__clkbuf_1 are equivalent.

Cell sky130_fd_sc_hd__o21ai_1 (0) disconnected node: A1
Cell sky130_fd_sc_hd__o21ai_1 (0) disconnected node: A2
Cell sky130_fd_sc_hd__o21ai_1 (0) disconnected node: B1
Cell sky130_fd_sc_hd__o21ai_1 (0) disconnected node: VGND
Cell sky130_fd_sc_hd__o21ai_1 (0) disconnected node: VNB
Cell sky130_fd_sc_hd__o21ai_1 (0) disconnected node: VPB
Cell sky130_fd_sc_hd__o21ai_1 (0) disconnected node: VPWR
Cell sky130_fd_sc_hd__o21ai_1 (0) disconnected node: Y
Warning: Equate pins:  cell sky130_fd_sc_hd__o21ai_1 is a placeholder, treated as a black box.

Subcircuit pins:
Circuit 1: sky130_fd_sc_hd__o21ai_1        |Circuit 2: sky130_fd_sc_hd__o21ai_1        
-------------------------------------------|-------------------------------------------
A1                                         |A1                                         
A2                                         |A2                                         
B1                                         |B1                                         
VGND                                       |VGND                                       
VNB                                        |VNB                                        
VPB                                        |VPB                                        
VPWR                                       |VPWR                                       
Y                                          |Y                                          
---------------------------------------------------------------------------------------
Cell pin lists are equivalent.
Device classes sky130_fd_sc_hd__o21ai_1 and sky130_fd_sc_hd__o21ai_1 are equivalent.

Cell sky130_fd_sc_hd__and2_2 (0) disconnected node: A
Cell sky130_fd_sc_hd__and2_2 (0) disconnected node: B
Cell sky130_fd_sc_hd__and2_2 (0) disconnected node: VGND
Cell sky130_fd_sc_hd__and2_2 (0) disconnected node: VNB
Cell sky130_fd_sc_hd__and2_2 (0) disconnected node: VPB
Cell sky130_fd_sc_hd__and2_2 (0) disconnected node: VPWR
Cell sky130_fd_sc_hd__and2_2 (0) disconnected node: X
Warning: Equate pins:  cell sky130_fd_sc_hd__and2_2 is a placeholder, treated as a black box.

Subcircuit pins:
Circuit 1: sky130_fd_sc_hd__and2_2         |Circuit 2: sky130_fd_sc_hd__and2_2         
-------------------------------------------|-------------------------------------------
A                                          |A                                          
B                                          |B                                          
VGND                                       |VGND                                       
VNB                                        |VNB                                        
VPB                                        |VPB                                        
VPWR                                       |VPWR                                       
X                                          |X                                          
---------------------------------------------------------------------------------------
Cell pin lists are equivalent.
Device classes sky130_fd_sc_hd__and2_2 and sky130_fd_sc_hd__and2_2 are equivalent.

Cell sky130_fd_sc_hd__xnor2_1 (0) disconnected node: A
Cell sky130_fd_sc_hd__xnor2_1 (0) disconnected node: B
Cell sky130_fd_sc_hd__xnor2_1 (0) disconnected node: VGND
Cell sky130_fd_sc_hd__xnor2_1 (0) disconnected node: VNB
Cell sky130_fd_sc_hd__xnor2_1 (0) disconnected node: VPB
Cell sky130_fd_sc_hd__xnor2_1 (0) disconnected node: VPWR
Cell sky130_fd_sc_hd__xnor2_1 (0) disconnected node: Y
Warning: Equate pins:  cell sky130_fd_sc_hd__xnor2_1 is a placeholder, treated as a black box.

Subcircuit pins:
Circuit 1: sky130_fd_sc_hd__xnor2_1        |Circuit 2: sky130_fd_sc_hd__xnor2_1        
-------------------------------------------|-------------------------------------------
A                                          |A                                          
B                                          |B                                          
VGND                                       |VGND                                       
VNB                                        |VNB                                        
VPB                                        |VPB                                        
VPWR                                       |VPWR                                       
Y                                          |Y                                          
---------------------------------------------------------------------------------------
Cell pin lists are equivalent.
Device classes sky130_fd_sc_hd__xnor2_1 and sky130_fd_sc_hd__xnor2_1 are equivalent.

Cell sky130_fd_sc_hd__a31o_1 (0) disconnected node: A1
Cell sky130_fd_sc_hd__a31o_1 (0) disconnected node: A2
Cell sky130_fd_sc_hd__a31o_1 (0) disconnected node: A3
Cell sky130_fd_sc_hd__a31o_1 (0) disconnected node: B1
Cell sky130_fd_sc_hd__a31o_1 (0) disconnected node: VGND
Cell sky130_fd_sc_hd__a31o_1 (0) disconnected node: VNB
Cell sky130_fd_sc_hd__a31o_1 (0) disconnected node: VPB
Cell sky130_fd_sc_hd__a31o_1 (0) disconnected node: VPWR
Cell sky130_fd_sc_hd__a31o_1 (0) disconnected node: X
Warning: Equate pins:  cell sky130_fd_sc_hd__a31o_1 is a placeholder, treated as a black box.

Subcircuit pins:
Circuit 1: sky130_fd_sc_hd__a31o_1         |Circuit 2: sky130_fd_sc_hd__a31o_1         
-------------------------------------------|-------------------------------------------
A1                                         |A1                                         
A2                                         |A2                                         
A3                                         |A3                                         
B1                                         |B1                                         
VGND                                       |VGND                                       
VNB                                        |VNB                                        
VPB                                        |VPB                                        
VPWR                                       |VPWR                                       
X                                          |X                                          
---------------------------------------------------------------------------------------
Cell pin lists are equivalent.
Device classes sky130_fd_sc_hd__a31o_1 and sky130_fd_sc_hd__a31o_1 are equivalent.

Cell sky130_fd_sc_hd__nand3_1 (0) disconnected node: A
Cell sky130_fd_sc_hd__nand3_1 (0) disconnected node: B
Cell sky130_fd_sc_hd__nand3_1 (0) disconnected node: C
Cell sky130_fd_sc_hd__nand3_1 (0) disconnected node: VGND
Cell sky130_fd_sc_hd__nand3_1 (0) disconnected node: VNB
Cell sky130_fd_sc_hd__nand3_1 (0) disconnected node: VPB
Cell sky130_fd_sc_hd__nand3_1 (0) disconnected node: VPWR
Cell sky130_fd_sc_hd__nand3_1 (0) disconnected node: Y
Warning: Equate pins:  cell sky130_fd_sc_hd__nand3_1 is a placeholder, treated as a black box.

Subcircuit pins:
Circuit 1: sky130_fd_sc_hd__nand3_1        |Circuit 2: sky130_fd_sc_hd__nand3_1        
-------------------------------------------|-------------------------------------------
A                                          |A                                          
B                                          |B                                          
C                                          |C                                          
VGND                                       |VGND                                       
VNB                                        |VNB                                        
VPB                                        |VPB                                        
VPWR                                       |VPWR                                       
Y                                          |Y                                          
---------------------------------------------------------------------------------------
Cell pin lists are equivalent.
Device classes sky130_fd_sc_hd__nand3_1 and sky130_fd_sc_hd__nand3_1 are equivalent.

Cell sky130_fd_sc_hd__mux2_8 (0) disconnected node: A0
Cell sky130_fd_sc_hd__mux2_8 (0) disconnected node: A1
Cell sky130_fd_sc_hd__mux2_8 (0) disconnected node: S
Cell sky130_fd_sc_hd__mux2_8 (0) disconnected node: VGND
Cell sky130_fd_sc_hd__mux2_8 (0) disconnected node: VNB
Cell sky130_fd_sc_hd__mux2_8 (0) disconnected node: VPB
Cell sky130_fd_sc_hd__mux2_8 (0) disconnected node: VPWR
Cell sky130_fd_sc_hd__mux2_8 (0) disconnected node: X
Warning: Equate pins:  cell sky130_fd_sc_hd__mux2_8 is a placeholder, treated as a black box.

Subcircuit pins:
Circuit 1: sky130_fd_sc_hd__mux2_8         |Circuit 2: sky130_fd_sc_hd__mux2_8         
-------------------------------------------|-------------------------------------------
A0                                         |A0                                         
A1                                         |A1                                         
S                                          |S                                          
VGND                                       |VGND                                       
VNB                                        |VNB                                        
VPB                                        |VPB                                        
VPWR                                       |VPWR                                       
X                                          |X                                          
---------------------------------------------------------------------------------------
Cell pin lists are equivalent.
Device classes sky130_fd_sc_hd__mux2_8 and sky130_fd_sc_hd__mux2_8 are equivalent.

Cell sky130_fd_sc_hd__nor3_1 (0) disconnected node: A
Cell sky130_fd_sc_hd__nor3_1 (0) disconnected node: B
Cell sky130_fd_sc_hd__nor3_1 (0) disconnected node: C
Cell sky130_fd_sc_hd__nor3_1 (0) disconnected node: VGND
Cell sky130_fd_sc_hd__nor3_1 (0) disconnected node: VNB
Cell sky130_fd_sc_hd__nor3_1 (0) disconnected node: VPB
Cell sky130_fd_sc_hd__nor3_1 (0) disconnected node: VPWR
Cell sky130_fd_sc_hd__nor3_1 (0) disconnected node: Y
Warning: Equate pins:  cell sky130_fd_sc_hd__nor3_1 is a placeholder, treated as a black box.

Subcircuit pins:
Circuit 1: sky130_fd_sc_hd__nor3_1         |Circuit 2: sky130_fd_sc_hd__nor3_1         
-------------------------------------------|-------------------------------------------
A                                          |A                                          
B                                          |B                                          
C                                          |C                                          
VGND                                       |VGND                                       
VNB                                        |VNB                                        
VPB                                        |VPB                                        
VPWR                                       |VPWR                                       
Y                                          |Y                                          
---------------------------------------------------------------------------------------
Cell pin lists are equivalent.
Device classes sky130_fd_sc_hd__nor3_1 and sky130_fd_sc_hd__nor3_1 are equivalent.

Cell user_project_wrapper (0) disconnected node: analog_io[0]
Cell user_project_wrapper (0) disconnected node: analog_io[10]
Cell user_project_wrapper (0) disconnected node: analog_io[11]
Cell user_project_wrapper (0) disconnected node: analog_io[12]
Cell user_project_wrapper (0) disconnected node: analog_io[13]
Cell user_project_wrapper (0) disconnected node: analog_io[14]
Cell user_project_wrapper (0) disconnected node: analog_io[15]
Cell user_project_wrapper (0) disconnected node: analog_io[16]
Cell user_project_wrapper (0) disconnected node: analog_io[17]
Cell user_project_wrapper (0) disconnected node: analog_io[18]
Cell user_project_wrapper (0) disconnected node: analog_io[19]
Cell user_project_wrapper (0) disconnected node: analog_io[1]
Cell user_project_wrapper (0) disconnected node: analog_io[20]
Cell user_project_wrapper (0) disconnected node: analog_io[21]
Cell user_project_wrapper (0) disconnected node: analog_io[22]
Cell user_project_wrapper (0) disconnected node: analog_io[23]
Cell user_project_wrapper (0) disconnected node: analog_io[24]
Cell user_project_wrapper (0) disconnected node: analog_io[25]
Cell user_project_wrapper (0) disconnected node: analog_io[26]
Cell user_project_wrapper (0) disconnected node: analog_io[27]
Cell user_project_wrapper (0) disconnected node: analog_io[28]
Cell user_project_wrapper (0) disconnected node: analog_io[2]
Cell user_project_wrapper (0) disconnected node: analog_io[3]
Cell user_project_wrapper (0) disconnected node: analog_io[4]
Cell user_project_wrapper (0) disconnected node: analog_io[5]
Cell user_project_wrapper (0) disconnected node: analog_io[6]
Cell user_project_wrapper (0) disconnected node: analog_io[7]
Cell user_project_wrapper (0) disconnected node: analog_io[8]
Cell user_project_wrapper (0) disconnected node: analog_io[9]
Cell user_project_wrapper (0) disconnected node: io_in[0]
Cell user_project_wrapper (0) disconnected node: io_in[10]
Cell user_project_wrapper (0) disconnected node: io_in[11]
Cell user_project_wrapper (0) disconnected node: io_in[12]
Cell user_project_wrapper (0) disconnected node: io_in[13]
Cell user_project_wrapper (0) disconnected node: io_in[14]
Cell user_project_wrapper (0) disconnected node: io_in[15]
Cell user_project_wrapper (0) disconnected node: io_in[16]
Cell user_project_wrapper (0) disconnected node: io_in[17]
Cell user_project_wrapper (0) disconnected node: io_in[18]
Cell user_project_wrapper (0) disconnected node: io_in[19]
Cell user_project_wrapper (0) disconnected node: io_in[1]
Cell user_project_wrapper (0) disconnected node: io_in[20]
Cell user_project_wrapper (0) disconnected node: io_in[21]
Cell user_project_wrapper (0) disconnected node: io_in[22]
Cell user_project_wrapper (0) disconnected node: io_in[23]
Cell user_project_wrapper (0) disconnected node: io_in[24]
Cell user_project_wrapper (0) disconnected node: io_in[25]
Cell user_project_wrapper (0) disconnected node: io_in[26]
Cell user_project_wrapper (0) disconnected node: io_in[27]
Cell user_project_wrapper (0) disconnected node: io_in[28]
Cell user_project_wrapper (0) disconnected node: io_in[29]
Cell user_project_wrapper (0) disconnected node: io_in[2]
Cell user_project_wrapper (0) disconnected node: io_in[30]
Cell user_project_wrapper (0) disconnected node: io_in[31]
Cell user_project_wrapper (0) disconnected node: io_in[32]
Cell user_project_wrapper (0) disconnected node: io_in[33]
Cell user_project_wrapper (0) disconnected node: io_in[34]
Cell user_project_wrapper (0) disconnected node: io_in[35]
Cell user_project_wrapper (0) disconnected node: io_in[36]
Cell user_project_wrapper (0) disconnected node: io_in[37]
Cell user_project_wrapper (0) disconnected node: io_in[3]
Cell user_project_wrapper (0) disconnected node: io_in[4]
Cell user_project_wrapper (0) disconnected node: io_in[5]
Cell user_project_wrapper (0) disconnected node: io_in[6]
Cell user_project_wrapper (0) disconnected node: io_in[7]
Cell user_project_wrapper (0) disconnected node: io_in[8]
Cell user_project_wrapper (0) disconnected node: io_in[9]
Cell user_project_wrapper (0) disconnected node: la_data_in[0]
Cell user_project_wrapper (0) disconnected node: la_data_in[100]
Cell user_project_wrapper (0) disconnected node: la_data_in[101]
Cell user_project_wrapper (0) disconnected node: la_data_in[102]
Cell user_project_wrapper (0) disconnected node: la_data_in[103]
Cell user_project_wrapper (0) disconnected node: la_data_in[104]
Cell user_project_wrapper (0) disconnected node: la_data_in[105]
Cell user_project_wrapper (0) disconnected node: la_data_in[106]
Cell user_project_wrapper (0) disconnected node: la_data_in[107]
Cell user_project_wrapper (0) disconnected node: la_data_in[108]
Cell user_project_wrapper (0) disconnected node: la_data_in[109]
Cell user_project_wrapper (0) disconnected node: la_data_in[10]
Cell user_project_wrapper (0) disconnected node: la_data_in[110]
Cell user_project_wrapper (0) disconnected node: la_data_in[111]
Cell user_project_wrapper (0) disconnected node: la_data_in[112]
Cell user_project_wrapper (0) disconnected node: la_data_in[113]
Cell user_project_wrapper (0) disconnected node: la_data_in[114]
Cell user_project_wrapper (0) disconnected node: la_data_in[115]
Cell user_project_wrapper (0) disconnected node: la_data_in[116]
Cell user_project_wrapper (0) disconnected node: la_data_in[117]
Cell user_project_wrapper (0) disconnected node: la_data_in[118]
Cell user_project_wrapper (0) disconnected node: la_data_in[119]
Cell user_project_wrapper (0) disconnected node: la_data_in[11]
Cell user_project_wrapper (0) disconnected node: la_data_in[120]
Cell user_project_wrapper (0) disconnected node: la_data_in[121]
Cell user_project_wrapper (0) disconnected node: la_data_in[122]
Cell user_project_wrapper (0) disconnected node: la_data_in[123]
Cell user_project_wrapper (0) disconnected node: la_data_in[124]
Cell user_project_wrapper (0) disconnected node: la_data_in[125]
Cell user_project_wrapper (0) disconnected node: la_data_in[126]
Cell user_project_wrapper (0) disconnected node: la_data_in[127]
Cell user_project_wrapper (0) disconnected node: la_data_in[12]
Cell user_project_wrapper (0) disconnected node: la_data_in[13]
Cell user_project_wrapper (0) disconnected node: la_data_in[14]
Cell user_project_wrapper (0) disconnected node: la_data_in[15]
Cell user_project_wrapper (0) disconnected node: la_data_in[16]
Cell user_project_wrapper (0) disconnected node: la_data_in[17]
Cell user_project_wrapper (0) disconnected node: la_data_in[18]
Cell user_project_wrapper (0) disconnected node: la_data_in[19]
Cell user_project_wrapper (0) disconnected node: la_data_in[1]
Cell user_project_wrapper (0) disconnected node: la_data_in[20]
Cell user_project_wrapper (0) disconnected node: la_data_in[21]
Cell user_project_wrapper (0) disconnected node: la_data_in[22]
Cell user_project_wrapper (0) disconnected node: la_data_in[23]
Cell user_project_wrapper (0) disconnected node: la_data_in[24]
Cell user_project_wrapper (0) disconnected node: la_data_in[25]
Cell user_project_wrapper (0) disconnected node: la_data_in[26]
Cell user_project_wrapper (0) disconnected node: la_data_in[27]
Cell user_project_wrapper (0) disconnected node: la_data_in[28]
Cell user_project_wrapper (0) disconnected node: la_data_in[29]
Cell user_project_wrapper (0) disconnected node: la_data_in[2]
Cell user_project_wrapper (0) disconnected node: la_data_in[30]
Cell user_project_wrapper (0) disconnected node: la_data_in[31]
Cell user_project_wrapper (0) disconnected node: la_data_in[32]
Cell user_project_wrapper (0) disconnected node: la_data_in[33]
Cell user_project_wrapper (0) disconnected node: la_data_in[34]
Cell user_project_wrapper (0) disconnected node: la_data_in[35]
Cell user_project_wrapper (0) disconnected node: la_data_in[36]
Cell user_project_wrapper (0) disconnected node: la_data_in[37]
Cell user_project_wrapper (0) disconnected node: la_data_in[38]
Cell user_project_wrapper (0) disconnected node: la_data_in[39]
Cell user_project_wrapper (0) disconnected node: la_data_in[3]
Cell user_project_wrapper (0) disconnected node: la_data_in[40]
Cell user_project_wrapper (0) disconnected node: la_data_in[41]
Cell user_project_wrapper (0) disconnected node: la_data_in[42]
Cell user_project_wrapper (0) disconnected node: la_data_in[43]
Cell user_project_wrapper (0) disconnected node: la_data_in[44]
Cell user_project_wrapper (0) disconnected node: la_data_in[45]
Cell user_project_wrapper (0) disconnected node: la_data_in[46]
Cell user_project_wrapper (0) disconnected node: la_data_in[47]
Cell user_project_wrapper (0) disconnected node: la_data_in[4]
Cell user_project_wrapper (0) disconnected node: la_data_in[5]
Cell user_project_wrapper (0) disconnected node: la_data_in[66]
Cell user_project_wrapper (0) disconnected node: la_data_in[67]
Cell user_project_wrapper (0) disconnected node: la_data_in[68]
Cell user_project_wrapper (0) disconnected node: la_data_in[69]
Cell user_project_wrapper (0) disconnected node: la_data_in[6]
Cell user_project_wrapper (0) disconnected node: la_data_in[70]
Cell user_project_wrapper (0) disconnected node: la_data_in[71]
Cell user_project_wrapper (0) disconnected node: la_data_in[72]
Cell user_project_wrapper (0) disconnected node: la_data_in[73]
Cell user_project_wrapper (0) disconnected node: la_data_in[74]
Cell user_project_wrapper (0) disconnected node: la_data_in[75]
Cell user_project_wrapper (0) disconnected node: la_data_in[76]
Cell user_project_wrapper (0) disconnected node: la_data_in[77]
Cell user_project_wrapper (0) disconnected node: la_data_in[78]
Cell user_project_wrapper (0) disconnected node: la_data_in[79]
Cell user_project_wrapper (0) disconnected node: la_data_in[7]
Cell user_project_wrapper (0) disconnected node: la_data_in[80]
Cell user_project_wrapper (0) disconnected node: la_data_in[81]
Cell user_project_wrapper (0) disconnected node: la_data_in[82]
Cell user_project_wrapper (0) disconnected node: la_data_in[83]
Cell user_project_wrapper (0) disconnected node: la_data_in[84]
Cell user_project_wrapper (0) disconnected node: la_data_in[85]
Cell user_project_wrapper (0) disconnected node: la_data_in[86]
Cell user_project_wrapper (0) disconnected node: la_data_in[87]
Cell user_project_wrapper (0) disconnected node: la_data_in[88]
Cell user_project_wrapper (0) disconnected node: la_data_in[89]
Cell user_project_wrapper (0) disconnected node: la_data_in[8]
Cell user_project_wrapper (0) disconnected node: la_data_in[90]
Cell user_project_wrapper (0) disconnected node: la_data_in[91]
Cell user_project_wrapper (0) disconnected node: la_data_in[92]
Cell user_project_wrapper (0) disconnected node: la_data_in[93]
Cell user_project_wrapper (0) disconnected node: la_data_in[94]
Cell user_project_wrapper (0) disconnected node: la_data_in[95]
Cell user_project_wrapper (0) disconnected node: la_data_in[96]
Cell user_project_wrapper (0) disconnected node: la_data_in[97]
Cell user_project_wrapper (0) disconnected node: la_data_in[98]
Cell user_project_wrapper (0) disconnected node: la_data_in[99]
Cell user_project_wrapper (0) disconnected node: la_data_in[9]
Cell user_project_wrapper (0) disconnected node: la_oenb[0]
Cell user_project_wrapper (0) disconnected node: la_oenb[100]
Cell user_project_wrapper (0) disconnected node: la_oenb[101]
Cell user_project_wrapper (0) disconnected node: la_oenb[102]
Cell user_project_wrapper (0) disconnected node: la_oenb[103]
Cell user_project_wrapper (0) disconnected node: la_oenb[104]
Cell user_project_wrapper (0) disconnected node: la_oenb[105]
Cell user_project_wrapper (0) disconnected node: la_oenb[106]
Cell user_project_wrapper (0) disconnected node: la_oenb[107]
Cell user_project_wrapper (0) disconnected node: la_oenb[108]
Cell user_project_wrapper (0) disconnected node: la_oenb[109]
Cell user_project_wrapper (0) disconnected node: la_oenb[10]
Cell user_project_wrapper (0) disconnected node: la_oenb[110]
Cell user_project_wrapper (0) disconnected node: la_oenb[111]
Cell user_project_wrapper (0) disconnected node: la_oenb[112]
Cell user_project_wrapper (0) disconnected node: la_oenb[113]
Cell user_project_wrapper (0) disconnected node: la_oenb[114]
Cell user_project_wrapper (0) disconnected node: la_oenb[115]
Cell user_project_wrapper (0) disconnected node: la_oenb[116]
Cell user_project_wrapper (0) disconnected node: la_oenb[117]
Cell user_project_wrapper (0) disconnected node: la_oenb[118]
Cell user_project_wrapper (0) disconnected node: la_oenb[119]
Cell user_project_wrapper (0) disconnected node: la_oenb[11]
Cell user_project_wrapper (0) disconnected node: la_oenb[120]
Cell user_project_wrapper (0) disconnected node: la_oenb[121]
Cell user_project_wrapper (0) disconnected node: la_oenb[122]
Cell user_project_wrapper (0) disconnected node: la_oenb[123]
Cell user_project_wrapper (0) disconnected node: la_oenb[124]
Cell user_project_wrapper (0) disconnected node: la_oenb[125]
Cell user_project_wrapper (0) disconnected node: la_oenb[126]
Cell user_project_wrapper (0) disconnected node: la_oenb[127]
Cell user_project_wrapper (0) disconnected node: la_oenb[12]
Cell user_project_wrapper (0) disconnected node: la_oenb[13]
Cell user_project_wrapper (0) disconnected node: la_oenb[14]
Cell user_project_wrapper (0) disconnected node: la_oenb[15]
Cell user_project_wrapper (0) disconnected node: la_oenb[16]
Cell user_project_wrapper (0) disconnected node: la_oenb[17]
Cell user_project_wrapper (0) disconnected node: la_oenb[18]
Cell user_project_wrapper (0) disconnected node: la_oenb[19]
Cell user_project_wrapper (0) disconnected node: la_oenb[1]
Cell user_project_wrapper (0) disconnected node: la_oenb[20]
Cell user_project_wrapper (0) disconnected node: la_oenb[21]
Cell user_project_wrapper (0) disconnected node: la_oenb[22]
Cell user_project_wrapper (0) disconnected node: la_oenb[23]
Cell user_project_wrapper (0) disconnected node: la_oenb[24]
Cell user_project_wrapper (0) disconnected node: la_oenb[25]
Cell user_project_wrapper (0) disconnected node: la_oenb[26]
Cell user_project_wrapper (0) disconnected node: la_oenb[27]
Cell user_project_wrapper (0) disconnected node: la_oenb[28]
Cell user_project_wrapper (0) disconnected node: la_oenb[29]
Cell user_project_wrapper (0) disconnected node: la_oenb[2]
Cell user_project_wrapper (0) disconnected node: la_oenb[30]
Cell user_project_wrapper (0) disconnected node: la_oenb[31]
Cell user_project_wrapper (0) disconnected node: la_oenb[32]
Cell user_project_wrapper (0) disconnected node: la_oenb[33]
Cell user_project_wrapper (0) disconnected node: la_oenb[34]
Cell user_project_wrapper (0) disconnected node: la_oenb[35]
Cell user_project_wrapper (0) disconnected node: la_oenb[36]
Cell user_project_wrapper (0) disconnected node: la_oenb[37]
Cell user_project_wrapper (0) disconnected node: la_oenb[38]
Cell user_project_wrapper (0) disconnected node: la_oenb[39]
Cell user_project_wrapper (0) disconnected node: la_oenb[3]
Cell user_project_wrapper (0) disconnected node: la_oenb[40]
Cell user_project_wrapper (0) disconnected node: la_oenb[41]
Cell user_project_wrapper (0) disconnected node: la_oenb[42]
Cell user_project_wrapper (0) disconnected node: la_oenb[43]
Cell user_project_wrapper (0) disconnected node: la_oenb[44]
Cell user_project_wrapper (0) disconnected node: la_oenb[45]
Cell user_project_wrapper (0) disconnected node: la_oenb[46]
Cell user_project_wrapper (0) disconnected node: la_oenb[47]
Cell user_project_wrapper (0) disconnected node: la_oenb[4]
Cell user_project_wrapper (0) disconnected node: la_oenb[5]
Cell user_project_wrapper (0) disconnected node: la_oenb[66]
Cell user_project_wrapper (0) disconnected node: la_oenb[67]
Cell user_project_wrapper (0) disconnected node: la_oenb[68]
Cell user_project_wrapper (0) disconnected node: la_oenb[69]
Cell user_project_wrapper (0) disconnected node: la_oenb[6]
Cell user_project_wrapper (0) disconnected node: la_oenb[70]
Cell user_project_wrapper (0) disconnected node: la_oenb[71]
Cell user_project_wrapper (0) disconnected node: la_oenb[72]
Cell user_project_wrapper (0) disconnected node: la_oenb[73]
Cell user_project_wrapper (0) disconnected node: la_oenb[74]
Cell user_project_wrapper (0) disconnected node: la_oenb[75]
Cell user_project_wrapper (0) disconnected node: la_oenb[76]
Cell user_project_wrapper (0) disconnected node: la_oenb[77]
Cell user_project_wrapper (0) disconnected node: la_oenb[78]
Cell user_project_wrapper (0) disconnected node: la_oenb[79]
Cell user_project_wrapper (0) disconnected node: la_oenb[7]
Cell user_project_wrapper (0) disconnected node: la_oenb[80]
Cell user_project_wrapper (0) disconnected node: la_oenb[81]
Cell user_project_wrapper (0) disconnected node: la_oenb[82]
Cell user_project_wrapper (0) disconnected node: la_oenb[83]
Cell user_project_wrapper (0) disconnected node: la_oenb[84]
Cell user_project_wrapper (0) disconnected node: la_oenb[85]
Cell user_project_wrapper (0) disconnected node: la_oenb[86]
Cell user_project_wrapper (0) disconnected node: la_oenb[87]
Cell user_project_wrapper (0) disconnected node: la_oenb[88]
Cell user_project_wrapper (0) disconnected node: la_oenb[89]
Cell user_project_wrapper (0) disconnected node: la_oenb[8]
Cell user_project_wrapper (0) disconnected node: la_oenb[90]
Cell user_project_wrapper (0) disconnected node: la_oenb[91]
Cell user_project_wrapper (0) disconnected node: la_oenb[92]
Cell user_project_wrapper (0) disconnected node: la_oenb[93]
Cell user_project_wrapper (0) disconnected node: la_oenb[94]
Cell user_project_wrapper (0) disconnected node: la_oenb[95]
Cell user_project_wrapper (0) disconnected node: la_oenb[96]
Cell user_project_wrapper (0) disconnected node: la_oenb[97]
Cell user_project_wrapper (0) disconnected node: la_oenb[98]
Cell user_project_wrapper (0) disconnected node: la_oenb[99]
Cell user_project_wrapper (0) disconnected node: la_oenb[9]
Cell user_project_wrapper (0) disconnected node: tck
Cell user_project_wrapper (0) disconnected node: test
Cell user_project_wrapper (0) disconnected node: user_clock2
Cell user_project_wrapper (0) disconnected node: wbs_adr_i[0]
Cell user_project_wrapper (0) disconnected node: wbs_adr_i[10]
Cell user_project_wrapper (0) disconnected node: wbs_adr_i[11]
Cell user_project_wrapper (0) disconnected node: wbs_adr_i[12]
Cell user_project_wrapper (0) disconnected node: wbs_adr_i[13]
Cell user_project_wrapper (0) disconnected node: wbs_adr_i[14]
Cell user_project_wrapper (0) disconnected node: wbs_adr_i[15]
Cell user_project_wrapper (0) disconnected node: wbs_adr_i[16]
Cell user_project_wrapper (0) disconnected node: wbs_adr_i[17]
Cell user_project_wrapper (0) disconnected node: wbs_adr_i[18]
Cell user_project_wrapper (0) disconnected node: wbs_adr_i[19]
Cell user_project_wrapper (0) disconnected node: wbs_adr_i[1]
Cell user_project_wrapper (0) disconnected node: wbs_adr_i[20]
Cell user_project_wrapper (0) disconnected node: wbs_adr_i[21]
Cell user_project_wrapper (0) disconnected node: wbs_adr_i[22]
Cell user_project_wrapper (0) disconnected node: wbs_adr_i[23]
Cell user_project_wrapper (0) disconnected node: wbs_adr_i[24]
Cell user_project_wrapper (0) disconnected node: wbs_adr_i[25]
Cell user_project_wrapper (0) disconnected node: wbs_adr_i[26]
Cell user_project_wrapper (0) disconnected node: wbs_adr_i[27]
Cell user_project_wrapper (0) disconnected node: wbs_adr_i[28]
Cell user_project_wrapper (0) disconnected node: wbs_adr_i[29]
Cell user_project_wrapper (0) disconnected node: wbs_adr_i[2]
Cell user_project_wrapper (0) disconnected node: wbs_adr_i[30]
Cell user_project_wrapper (0) disconnected node: wbs_adr_i[31]
Cell user_project_wrapper (0) disconnected node: wbs_adr_i[3]
Cell user_project_wrapper (0) disconnected node: wbs_adr_i[4]
Cell user_project_wrapper (0) disconnected node: wbs_adr_i[5]
Cell user_project_wrapper (0) disconnected node: wbs_adr_i[6]
Cell user_project_wrapper (0) disconnected node: wbs_adr_i[7]
Cell user_project_wrapper (0) disconnected node: wbs_adr_i[8]
Cell user_project_wrapper (0) disconnected node: wbs_adr_i[9]
Cell user_project_wrapper (0) disconnected node: wbs_dat_i[16]
Cell user_project_wrapper (0) disconnected node: wbs_dat_i[17]
Cell user_project_wrapper (0) disconnected node: wbs_dat_i[18]
Cell user_project_wrapper (0) disconnected node: wbs_dat_i[19]
Cell user_project_wrapper (0) disconnected node: wbs_dat_i[20]
Cell user_project_wrapper (0) disconnected node: wbs_dat_i[21]
Cell user_project_wrapper (0) disconnected node: wbs_dat_i[22]
Cell user_project_wrapper (0) disconnected node: wbs_dat_i[23]
Cell user_project_wrapper (0) disconnected node: wbs_dat_i[24]
Cell user_project_wrapper (0) disconnected node: wbs_dat_i[25]
Cell user_project_wrapper (0) disconnected node: wbs_dat_i[26]
Cell user_project_wrapper (0) disconnected node: wbs_dat_i[27]
Cell user_project_wrapper (0) disconnected node: wbs_dat_i[28]
Cell user_project_wrapper (0) disconnected node: wbs_dat_i[29]
Cell user_project_wrapper (0) disconnected node: wbs_dat_i[30]
Cell user_project_wrapper (0) disconnected node: wbs_dat_i[31]
Cell user_project_wrapper (0) disconnected node: wbs_sel_i[2]
Cell user_project_wrapper (0) disconnected node: wbs_sel_i[3]
Cell user_project_wrapper (1) disconnected node: tck
Cell user_project_wrapper (1) disconnected node: test
Cell user_project_wrapper (1) disconnected node: user_clock2
Cell user_project_wrapper (1) disconnected node: analog_io[28]
Cell user_project_wrapper (1) disconnected node: analog_io[27]
Cell user_project_wrapper (1) disconnected node: analog_io[26]
Cell user_project_wrapper (1) disconnected node: analog_io[25]
Cell user_project_wrapper (1) disconnected node: analog_io[24]
Cell user_project_wrapper (1) disconnected node: analog_io[23]
Cell user_project_wrapper (1) disconnected node: analog_io[22]
Cell user_project_wrapper (1) disconnected node: analog_io[21]
Cell user_project_wrapper (1) disconnected node: analog_io[20]
Cell user_project_wrapper (1) disconnected node: analog_io[19]
Cell user_project_wrapper (1) disconnected node: analog_io[18]
Cell user_project_wrapper (1) disconnected node: analog_io[17]
Cell user_project_wrapper (1) disconnected node: analog_io[16]
Cell user_project_wrapper (1) disconnected node: analog_io[15]
Cell user_project_wrapper (1) disconnected node: analog_io[14]
Cell user_project_wrapper (1) disconnected node: analog_io[13]
Cell user_project_wrapper (1) disconnected node: analog_io[12]
Cell user_project_wrapper (1) disconnected node: analog_io[11]
Cell user_project_wrapper (1) disconnected node: analog_io[10]
Cell user_project_wrapper (1) disconnected node: analog_io[9]
Cell user_project_wrapper (1) disconnected node: analog_io[8]
Cell user_project_wrapper (1) disconnected node: analog_io[7]
Cell user_project_wrapper (1) disconnected node: analog_io[6]
Cell user_project_wrapper (1) disconnected node: analog_io[5]
Cell user_project_wrapper (1) disconnected node: analog_io[4]
Cell user_project_wrapper (1) disconnected node: analog_io[3]
Cell user_project_wrapper (1) disconnected node: analog_io[2]
Cell user_project_wrapper (1) disconnected node: analog_io[1]
Cell user_project_wrapper (1) disconnected node: analog_io[0]
Cell user_project_wrapper (1) disconnected node: io_in[37]
Cell user_project_wrapper (1) disconnected node: io_in[36]
Cell user_project_wrapper (1) disconnected node: io_in[35]
Cell user_project_wrapper (1) disconnected node: io_in[34]
Cell user_project_wrapper (1) disconnected node: io_in[33]
Cell user_project_wrapper (1) disconnected node: io_in[32]
Cell user_project_wrapper (1) disconnected node: io_in[31]
Cell user_project_wrapper (1) disconnected node: io_in[30]
Cell user_project_wrapper (1) disconnected node: io_in[29]
Cell user_project_wrapper (1) disconnected node: io_in[28]
Cell user_project_wrapper (1) disconnected node: io_in[27]
Cell user_project_wrapper (1) disconnected node: io_in[26]
Cell user_project_wrapper (1) disconnected node: io_in[25]
Cell user_project_wrapper (1) disconnected node: io_in[24]
Cell user_project_wrapper (1) disconnected node: io_in[23]
Cell user_project_wrapper (1) disconnected node: io_in[22]
Cell user_project_wrapper (1) disconnected node: io_in[21]
Cell user_project_wrapper (1) disconnected node: io_in[20]
Cell user_project_wrapper (1) disconnected node: io_in[19]
Cell user_project_wrapper (1) disconnected node: io_in[18]
Cell user_project_wrapper (1) disconnected node: io_in[17]
Cell user_project_wrapper (1) disconnected node: io_in[16]
Cell user_project_wrapper (1) disconnected node: io_in[15]
Cell user_project_wrapper (1) disconnected node: io_in[14]
Cell user_project_wrapper (1) disconnected node: io_in[13]
Cell user_project_wrapper (1) disconnected node: io_in[12]
Cell user_project_wrapper (1) disconnected node: io_in[11]
Cell user_project_wrapper (1) disconnected node: io_in[10]
Cell user_project_wrapper (1) disconnected node: io_in[9]
Cell user_project_wrapper (1) disconnected node: io_in[8]
Cell user_project_wrapper (1) disconnected node: io_in[7]
Cell user_project_wrapper (1) disconnected node: io_in[6]
Cell user_project_wrapper (1) disconnected node: io_in[5]
Cell user_project_wrapper (1) disconnected node: io_in[4]
Cell user_project_wrapper (1) disconnected node: io_in[3]
Cell user_project_wrapper (1) disconnected node: io_in[2]
Cell user_project_wrapper (1) disconnected node: io_in[1]
Cell user_project_wrapper (1) disconnected node: io_in[0]
Cell user_project_wrapper (1) disconnected node: la_data_in[127]
Cell user_project_wrapper (1) disconnected node: la_data_in[126]
Cell user_project_wrapper (1) disconnected node: la_data_in[125]
Cell user_project_wrapper (1) disconnected node: la_data_in[124]
Cell user_project_wrapper (1) disconnected node: la_data_in[123]
Cell user_project_wrapper (1) disconnected node: la_data_in[122]
Cell user_project_wrapper (1) disconnected node: la_data_in[121]
Cell user_project_wrapper (1) disconnected node: la_data_in[120]
Cell user_project_wrapper (1) disconnected node: la_data_in[119]
Cell user_project_wrapper (1) disconnected node: la_data_in[118]
Cell user_project_wrapper (1) disconnected node: la_data_in[117]
Cell user_project_wrapper (1) disconnected node: la_data_in[116]
Cell user_project_wrapper (1) disconnected node: la_data_in[115]
Cell user_project_wrapper (1) disconnected node: la_data_in[114]
Cell user_project_wrapper (1) disconnected node: la_data_in[113]
Cell user_project_wrapper (1) disconnected node: la_data_in[112]
Cell user_project_wrapper (1) disconnected node: la_data_in[111]
Cell user_project_wrapper (1) disconnected node: la_data_in[110]
Cell user_project_wrapper (1) disconnected node: la_data_in[109]
Cell user_project_wrapper (1) disconnected node: la_data_in[108]
Cell user_project_wrapper (1) disconnected node: la_data_in[107]
Cell user_project_wrapper (1) disconnected node: la_data_in[106]
Cell user_project_wrapper (1) disconnected node: la_data_in[105]
Cell user_project_wrapper (1) disconnected node: la_data_in[104]
Cell user_project_wrapper (1) disconnected node: la_data_in[103]
Cell user_project_wrapper (1) disconnected node: la_data_in[102]
Cell user_project_wrapper (1) disconnected node: la_data_in[101]
Cell user_project_wrapper (1) disconnected node: la_data_in[100]
Cell user_project_wrapper (1) disconnected node: la_data_in[99]
Cell user_project_wrapper (1) disconnected node: la_data_in[98]
Cell user_project_wrapper (1) disconnected node: la_data_in[97]
Cell user_project_wrapper (1) disconnected node: la_data_in[96]
Cell user_project_wrapper (1) disconnected node: la_data_in[95]
Cell user_project_wrapper (1) disconnected node: la_data_in[94]
Cell user_project_wrapper (1) disconnected node: la_data_in[93]
Cell user_project_wrapper (1) disconnected node: la_data_in[92]
Cell user_project_wrapper (1) disconnected node: la_data_in[91]
Cell user_project_wrapper (1) disconnected node: la_data_in[90]
Cell user_project_wrapper (1) disconnected node: la_data_in[89]
Cell user_project_wrapper (1) disconnected node: la_data_in[88]
Cell user_project_wrapper (1) disconnected node: la_data_in[87]
Cell user_project_wrapper (1) disconnected node: la_data_in[86]
Cell user_project_wrapper (1) disconnected node: la_data_in[85]
Cell user_project_wrapper (1) disconnected node: la_data_in[84]
Cell user_project_wrapper (1) disconnected node: la_data_in[83]
Cell user_project_wrapper (1) disconnected node: la_data_in[82]
Cell user_project_wrapper (1) disconnected node: la_data_in[81]
Cell user_project_wrapper (1) disconnected node: la_data_in[80]
Cell user_project_wrapper (1) disconnected node: la_data_in[79]
Cell user_project_wrapper (1) disconnected node: la_data_in[78]
Cell user_project_wrapper (1) disconnected node: la_data_in[77]
Cell user_project_wrapper (1) disconnected node: la_data_in[76]
Cell user_project_wrapper (1) disconnected node: la_data_in[75]
Cell user_project_wrapper (1) disconnected node: la_data_in[74]
Cell user_project_wrapper (1) disconnected node: la_data_in[73]
Cell user_project_wrapper (1) disconnected node: la_data_in[72]
Cell user_project_wrapper (1) disconnected node: la_data_in[71]
Cell user_project_wrapper (1) disconnected node: la_data_in[70]
Cell user_project_wrapper (1) disconnected node: la_data_in[69]
Cell user_project_wrapper (1) disconnected node: la_data_in[68]
Cell user_project_wrapper (1) disconnected node: la_data_in[67]
Cell user_project_wrapper (1) disconnected node: la_data_in[66]
Cell user_project_wrapper (1) disconnected node: la_data_in[47]
Cell user_project_wrapper (1) disconnected node: la_data_in[46]
Cell user_project_wrapper (1) disconnected node: la_data_in[45]
Cell user_project_wrapper (1) disconnected node: la_data_in[44]
Cell user_project_wrapper (1) disconnected node: la_data_in[43]
Cell user_project_wrapper (1) disconnected node: la_data_in[42]
Cell user_project_wrapper (1) disconnected node: la_data_in[41]
Cell user_project_wrapper (1) disconnected node: la_data_in[40]
Cell user_project_wrapper (1) disconnected node: la_data_in[39]
Cell user_project_wrapper (1) disconnected node: la_data_in[38]
Cell user_project_wrapper (1) disconnected node: la_data_in[37]
Cell user_project_wrapper (1) disconnected node: la_data_in[36]
Cell user_project_wrapper (1) disconnected node: la_data_in[35]
Cell user_project_wrapper (1) disconnected node: la_data_in[34]
Cell user_project_wrapper (1) disconnected node: la_data_in[33]
Cell user_project_wrapper (1) disconnected node: la_data_in[32]
Cell user_project_wrapper (1) disconnected node: la_data_in[31]
Cell user_project_wrapper (1) disconnected node: la_data_in[30]
Cell user_project_wrapper (1) disconnected node: la_data_in[29]
Cell user_project_wrapper (1) disconnected node: la_data_in[28]
Cell user_project_wrapper (1) disconnected node: la_data_in[27]
Cell user_project_wrapper (1) disconnected node: la_data_in[26]
Cell user_project_wrapper (1) disconnected node: la_data_in[25]
Cell user_project_wrapper (1) disconnected node: la_data_in[24]
Cell user_project_wrapper (1) disconnected node: la_data_in[23]
Cell user_project_wrapper (1) disconnected node: la_data_in[22]
Cell user_project_wrapper (1) disconnected node: la_data_in[21]
Cell user_project_wrapper (1) disconnected node: la_data_in[20]
Cell user_project_wrapper (1) disconnected node: la_data_in[19]
Cell user_project_wrapper (1) disconnected node: la_data_in[18]
Cell user_project_wrapper (1) disconnected node: la_data_in[17]
Cell user_project_wrapper (1) disconnected node: la_data_in[16]
Cell user_project_wrapper (1) disconnected node: la_data_in[15]
Cell user_project_wrapper (1) disconnected node: la_data_in[14]
Cell user_project_wrapper (1) disconnected node: la_data_in[13]
Cell user_project_wrapper (1) disconnected node: la_data_in[12]
Cell user_project_wrapper (1) disconnected node: la_data_in[11]
Cell user_project_wrapper (1) disconnected node: la_data_in[10]
Cell user_project_wrapper (1) disconnected node: la_data_in[9]
Cell user_project_wrapper (1) disconnected node: la_data_in[8]
Cell user_project_wrapper (1) disconnected node: la_data_in[7]
Cell user_project_wrapper (1) disconnected node: la_data_in[6]
Cell user_project_wrapper (1) disconnected node: la_data_in[5]
Cell user_project_wrapper (1) disconnected node: la_data_in[4]
Cell user_project_wrapper (1) disconnected node: la_data_in[3]
Cell user_project_wrapper (1) disconnected node: la_data_in[2]
Cell user_project_wrapper (1) disconnected node: la_data_in[1]
Cell user_project_wrapper (1) disconnected node: la_data_in[0]
Cell user_project_wrapper (1) disconnected node: la_oenb[127]
Cell user_project_wrapper (1) disconnected node: la_oenb[126]
Cell user_project_wrapper (1) disconnected node: la_oenb[125]
Cell user_project_wrapper (1) disconnected node: la_oenb[124]
Cell user_project_wrapper (1) disconnected node: la_oenb[123]
Cell user_project_wrapper (1) disconnected node: la_oenb[122]
Cell user_project_wrapper (1) disconnected node: la_oenb[121]
Cell user_project_wrapper (1) disconnected node: la_oenb[120]
Cell user_project_wrapper (1) disconnected node: la_oenb[119]
Cell user_project_wrapper (1) disconnected node: la_oenb[118]
Cell user_project_wrapper (1) disconnected node: la_oenb[117]
Cell user_project_wrapper (1) disconnected node: la_oenb[116]
Cell user_project_wrapper (1) disconnected node: la_oenb[115]
Cell user_project_wrapper (1) disconnected node: la_oenb[114]
Cell user_project_wrapper (1) disconnected node: la_oenb[113]
Cell user_project_wrapper (1) disconnected node: la_oenb[112]
Cell user_project_wrapper (1) disconnected node: la_oenb[111]
Cell user_project_wrapper (1) disconnected node: la_oenb[110]
Cell user_project_wrapper (1) disconnected node: la_oenb[109]
Cell user_project_wrapper (1) disconnected node: la_oenb[108]
Cell user_project_wrapper (1) disconnected node: la_oenb[107]
Cell user_project_wrapper (1) disconnected node: la_oenb[106]
Cell user_project_wrapper (1) disconnected node: la_oenb[105]
Cell user_project_wrapper (1) disconnected node: la_oenb[104]
Cell user_project_wrapper (1) disconnected node: la_oenb[103]
Cell user_project_wrapper (1) disconnected node: la_oenb[102]
Cell user_project_wrapper (1) disconnected node: la_oenb[101]
Cell user_project_wrapper (1) disconnected node: la_oenb[100]
Cell user_project_wrapper (1) disconnected node: la_oenb[99]
Cell user_project_wrapper (1) disconnected node: la_oenb[98]
Cell user_project_wrapper (1) disconnected node: la_oenb[97]
Cell user_project_wrapper (1) disconnected node: la_oenb[96]
Cell user_project_wrapper (1) disconnected node: la_oenb[95]
Cell user_project_wrapper (1) disconnected node: la_oenb[94]
Cell user_project_wrapper (1) disconnected node: la_oenb[93]
Cell user_project_wrapper (1) disconnected node: la_oenb[92]
Cell user_project_wrapper (1) disconnected node: la_oenb[91]
Cell user_project_wrapper (1) disconnected node: la_oenb[90]
Cell user_project_wrapper (1) disconnected node: la_oenb[89]
Cell user_project_wrapper (1) disconnected node: la_oenb[88]
Cell user_project_wrapper (1) disconnected node: la_oenb[87]
Cell user_project_wrapper (1) disconnected node: la_oenb[86]
Cell user_project_wrapper (1) disconnected node: la_oenb[85]
Cell user_project_wrapper (1) disconnected node: la_oenb[84]
Cell user_project_wrapper (1) disconnected node: la_oenb[83]
Cell user_project_wrapper (1) disconnected node: la_oenb[82]
Cell user_project_wrapper (1) disconnected node: la_oenb[81]
Cell user_project_wrapper (1) disconnected node: la_oenb[80]
Cell user_project_wrapper (1) disconnected node: la_oenb[79]
Cell user_project_wrapper (1) disconnected node: la_oenb[78]
Cell user_project_wrapper (1) disconnected node: la_oenb[77]
Cell user_project_wrapper (1) disconnected node: la_oenb[76]
Cell user_project_wrapper (1) disconnected node: la_oenb[75]
Cell user_project_wrapper (1) disconnected node: la_oenb[74]
Cell user_project_wrapper (1) disconnected node: la_oenb[73]
Cell user_project_wrapper (1) disconnected node: la_oenb[72]
Cell user_project_wrapper (1) disconnected node: la_oenb[71]
Cell user_project_wrapper (1) disconnected node: la_oenb[70]
Cell user_project_wrapper (1) disconnected node: la_oenb[69]
Cell user_project_wrapper (1) disconnected node: la_oenb[68]
Cell user_project_wrapper (1) disconnected node: la_oenb[67]
Cell user_project_wrapper (1) disconnected node: la_oenb[66]
Cell user_project_wrapper (1) disconnected node: la_oenb[47]
Cell user_project_wrapper (1) disconnected node: la_oenb[46]
Cell user_project_wrapper (1) disconnected node: la_oenb[45]
Cell user_project_wrapper (1) disconnected node: la_oenb[44]
Cell user_project_wrapper (1) disconnected node: la_oenb[43]
Cell user_project_wrapper (1) disconnected node: la_oenb[42]
Cell user_project_wrapper (1) disconnected node: la_oenb[41]
Cell user_project_wrapper (1) disconnected node: la_oenb[40]
Cell user_project_wrapper (1) disconnected node: la_oenb[39]
Cell user_project_wrapper (1) disconnected node: la_oenb[38]
Cell user_project_wrapper (1) disconnected node: la_oenb[37]
Cell user_project_wrapper (1) disconnected node: la_oenb[36]
Cell user_project_wrapper (1) disconnected node: la_oenb[35]
Cell user_project_wrapper (1) disconnected node: la_oenb[34]
Cell user_project_wrapper (1) disconnected node: la_oenb[33]
Cell user_project_wrapper (1) disconnected node: la_oenb[32]
Cell user_project_wrapper (1) disconnected node: la_oenb[31]
Cell user_project_wrapper (1) disconnected node: la_oenb[30]
Cell user_project_wrapper (1) disconnected node: la_oenb[29]
Cell user_project_wrapper (1) disconnected node: la_oenb[28]
Cell user_project_wrapper (1) disconnected node: la_oenb[27]
Cell user_project_wrapper (1) disconnected node: la_oenb[26]
Cell user_project_wrapper (1) disconnected node: la_oenb[25]
Cell user_project_wrapper (1) disconnected node: la_oenb[24]
Cell user_project_wrapper (1) disconnected node: la_oenb[23]
Cell user_project_wrapper (1) disconnected node: la_oenb[22]
Cell user_project_wrapper (1) disconnected node: la_oenb[21]
Cell user_project_wrapper (1) disconnected node: la_oenb[20]
Cell user_project_wrapper (1) disconnected node: la_oenb[19]
Cell user_project_wrapper (1) disconnected node: la_oenb[18]
Cell user_project_wrapper (1) disconnected node: la_oenb[17]
Cell user_project_wrapper (1) disconnected node: la_oenb[16]
Cell user_project_wrapper (1) disconnected node: la_oenb[15]
Cell user_project_wrapper (1) disconnected node: la_oenb[14]
Cell user_project_wrapper (1) disconnected node: la_oenb[13]
Cell user_project_wrapper (1) disconnected node: la_oenb[12]
Cell user_project_wrapper (1) disconnected node: la_oenb[11]
Cell user_project_wrapper (1) disconnected node: la_oenb[10]
Cell user_project_wrapper (1) disconnected node: la_oenb[9]
Cell user_project_wrapper (1) disconnected node: la_oenb[8]
Cell user_project_wrapper (1) disconnected node: la_oenb[7]
Cell user_project_wrapper (1) disconnected node: la_oenb[6]
Cell user_project_wrapper (1) disconnected node: la_oenb[5]
Cell user_project_wrapper (1) disconnected node: la_oenb[4]
Cell user_project_wrapper (1) disconnected node: la_oenb[3]
Cell user_project_wrapper (1) disconnected node: la_oenb[2]
Cell user_project_wrapper (1) disconnected node: la_oenb[1]
Cell user_project_wrapper (1) disconnected node: la_oenb[0]
Cell user_project_wrapper (1) disconnected node: wbs_adr_i[31]
Cell user_project_wrapper (1) disconnected node: wbs_adr_i[30]
Cell user_project_wrapper (1) disconnected node: wbs_adr_i[29]
Cell user_project_wrapper (1) disconnected node: wbs_adr_i[28]
Cell user_project_wrapper (1) disconnected node: wbs_adr_i[27]
Cell user_project_wrapper (1) disconnected node: wbs_adr_i[26]
Cell user_project_wrapper (1) disconnected node: wbs_adr_i[25]
Cell user_project_wrapper (1) disconnected node: wbs_adr_i[24]
Cell user_project_wrapper (1) disconnected node: wbs_adr_i[23]
Cell user_project_wrapper (1) disconnected node: wbs_adr_i[22]
Cell user_project_wrapper (1) disconnected node: wbs_adr_i[21]
Cell user_project_wrapper (1) disconnected node: wbs_adr_i[20]
Cell user_project_wrapper (1) disconnected node: wbs_adr_i[19]
Cell user_project_wrapper (1) disconnected node: wbs_adr_i[18]
Cell user_project_wrapper (1) disconnected node: wbs_adr_i[17]
Cell user_project_wrapper (1) disconnected node: wbs_adr_i[16]
Cell user_project_wrapper (1) disconnected node: wbs_adr_i[15]
Cell user_project_wrapper (1) disconnected node: wbs_adr_i[14]
Cell user_project_wrapper (1) disconnected node: wbs_adr_i[13]
Cell user_project_wrapper (1) disconnected node: wbs_adr_i[12]
Cell user_project_wrapper (1) disconnected node: wbs_adr_i[11]
Cell user_project_wrapper (1) disconnected node: wbs_adr_i[10]
Cell user_project_wrapper (1) disconnected node: wbs_adr_i[9]
Cell user_project_wrapper (1) disconnected node: wbs_adr_i[8]
Cell user_project_wrapper (1) disconnected node: wbs_adr_i[7]
Cell user_project_wrapper (1) disconnected node: wbs_adr_i[6]
Cell user_project_wrapper (1) disconnected node: wbs_adr_i[5]
Cell user_project_wrapper (1) disconnected node: wbs_adr_i[4]
Cell user_project_wrapper (1) disconnected node: wbs_adr_i[3]
Cell user_project_wrapper (1) disconnected node: wbs_adr_i[2]
Cell user_project_wrapper (1) disconnected node: wbs_adr_i[1]
Cell user_project_wrapper (1) disconnected node: wbs_adr_i[0]
Cell user_project_wrapper (1) disconnected node: wbs_dat_i[31]
Cell user_project_wrapper (1) disconnected node: wbs_dat_i[30]
Cell user_project_wrapper (1) disconnected node: wbs_dat_i[29]
Cell user_project_wrapper (1) disconnected node: wbs_dat_i[28]
Cell user_project_wrapper (1) disconnected node: wbs_dat_i[27]
Cell user_project_wrapper (1) disconnected node: wbs_dat_i[26]
Cell user_project_wrapper (1) disconnected node: wbs_dat_i[25]
Cell user_project_wrapper (1) disconnected node: wbs_dat_i[24]
Cell user_project_wrapper (1) disconnected node: wbs_dat_i[23]
Cell user_project_wrapper (1) disconnected node: wbs_dat_i[22]
Cell user_project_wrapper (1) disconnected node: wbs_dat_i[21]
Cell user_project_wrapper (1) disconnected node: wbs_dat_i[20]
Cell user_project_wrapper (1) disconnected node: wbs_dat_i[19]
Cell user_project_wrapper (1) disconnected node: wbs_dat_i[18]
Cell user_project_wrapper (1) disconnected node: wbs_dat_i[17]
Cell user_project_wrapper (1) disconnected node: wbs_dat_i[16]
Cell user_project_wrapper (1) disconnected node: wbs_sel_i[3]
Cell user_project_wrapper (1) disconnected node: wbs_sel_i[2]
Removing zero-valued device r from cell user_project_wrapper (0) makes a better match
Removing zero-valued device r from cell user_project_wrapper (0) makes a better match
Removing zero-valued device r from cell user_project_wrapper (0) makes a better match
Removing zero-valued device r from cell user_project_wrapper (0) makes a better match
Removing zero-valued device r from cell user_project_wrapper (0) makes a better match
Removing zero-valued device r from cell user_project_wrapper (0) makes a better match
Removing zero-valued device r from cell user_project_wrapper (0) makes a better match
Removing zero-valued device r from cell user_project_wrapper (0) makes a better match
Removing zero-valued device r from cell user_project_wrapper (0) makes a better match
Removing zero-valued device r from cell user_project_wrapper (0) makes a better match
Removing zero-valued device r from cell user_project_wrapper (0) makes a better match
Removing zero-valued device r from cell user_project_wrapper (0) makes a better match
Removing zero-valued device r from cell user_project_wrapper (0) makes a better match
Removing zero-valued device r from cell user_project_wrapper (0) makes a better match
Removing zero-valued device r from cell user_project_wrapper (0) makes a better match
Removing zero-valued device r from cell user_project_wrapper (0) makes a better match
Removing zero-valued device r from cell user_project_wrapper (0) makes a better match
Removing zero-valued device r from cell user_project_wrapper (0) makes a better match
Removing zero-valued device r from cell user_project_wrapper (0) makes a better match
Removing zero-valued device r from cell user_project_wrapper (0) makes a better match
Removing zero-valued device r from cell user_project_wrapper (0) makes a better match
Removing zero-valued device r from cell user_project_wrapper (0) makes a better match
Removing zero-valued device r from cell user_project_wrapper (0) makes a better match
Removing zero-valued device r from cell user_project_wrapper (0) makes a better match
Removing zero-valued device r from cell user_project_wrapper (0) makes a better match
Removing zero-valued device r from cell user_project_wrapper (0) makes a better match
Removing zero-valued device r from cell user_project_wrapper (0) makes a better match
Removing zero-valued device r from cell user_project_wrapper (0) makes a better match
Removing zero-valued device r from cell user_project_wrapper (0) makes a better match
Removing zero-valued device r from cell user_project_wrapper (0) makes a better match
Removing zero-valued device r from cell user_project_wrapper (0) makes a better match
Removing zero-valued device r from cell user_project_wrapper (0) makes a better match
Removing zero-valued device r from cell user_project_wrapper (0) makes a better match
Removing zero-valued device r from cell user_project_wrapper (0) makes a better match
Removing zero-valued device r from cell user_project_wrapper (0) makes a better match
Removing zero-valued device r from cell user_project_wrapper (0) makes a better match
Removing zero-valued device r from cell user_project_wrapper (0) makes a better match
Removing zero-valued device r from cell user_project_wrapper (0) makes a better match
Removing zero-valued device r from cell user_project_wrapper (0) makes a better match
Removing zero-valued device r from cell user_project_wrapper (0) makes a better match
Removing zero-valued device r from cell user_project_wrapper (0) makes a better match
Removing zero-valued device r from cell user_project_wrapper (0) makes a better match
Removing zero-valued device r from cell user_project_wrapper (0) makes a better match
Removing zero-valued device r from cell user_project_wrapper (0) makes a better match
Removing zero-valued device r from cell user_project_wrapper (0) makes a better match
Removing zero-valued device r from cell user_project_wrapper (0) makes a better match
Removing zero-valued device r from cell user_project_wrapper (0) makes a better match
Removing zero-valued device r from cell user_project_wrapper (0) makes a better match
Removing zero-valued device r from cell user_project_wrapper (0) makes a better match
Removing zero-valued device r from cell user_project_wrapper (0) makes a better match
Removing zero-valued device r from cell user_project_wrapper (0) makes a better match
Removing zero-valued device r from cell user_project_wrapper (0) makes a better match
Removing zero-valued device r from cell user_project_wrapper (0) makes a better match
Removing zero-valued device r from cell user_project_wrapper (0) makes a better match
Removing zero-valued device r from cell user_project_wrapper (0) makes a better match
Removing zero-valued device r from cell user_project_wrapper (0) makes a better match
Removing zero-valued device r from cell user_project_wrapper (0) makes a better match
Removing zero-valued device r from cell user_project_wrapper (0) makes a better match
Removing zero-valued device r from cell user_project_wrapper (0) makes a better match
Removing zero-valued device r from cell user_project_wrapper (0) makes a better match
Removing zero-valued device r from cell user_project_wrapper (0) makes a better match
Removing zero-valued device r from cell user_project_wrapper (0) makes a better match
Removing zero-valued device r from cell user_project_wrapper (0) makes a better match
Removing zero-valued device r from cell user_project_wrapper (0) makes a better match
Removing zero-valued device r from cell user_project_wrapper (0) makes a better match
Removing zero-valued device r from cell user_project_wrapper (0) makes a better match
Removing zero-valued device r from cell user_project_wrapper (0) makes a better match
Removing zero-valued device r from cell user_project_wrapper (0) makes a better match
Removing zero-valued device r from cell user_project_wrapper (0) makes a better match
Removing zero-valued device r from cell user_project_wrapper (0) makes a better match
Removing zero-valued device r from cell user_project_wrapper (0) makes a better match
Removing zero-valued device r from cell user_project_wrapper (0) makes a better match
Removing zero-valued device r from cell user_project_wrapper (0) makes a better match
Removing zero-valued device r from cell user_project_wrapper (0) makes a better match
Removing zero-valued device r from cell user_project_wrapper (0) makes a better match
Making another compare attempt.

Cell user_project_wrapper (0) disconnected node: analog_io[0]
Cell user_project_wrapper (0) disconnected node: analog_io[10]
Cell user_project_wrapper (0) disconnected node: analog_io[11]
Cell user_project_wrapper (0) disconnected node: analog_io[12]
Cell user_project_wrapper (0) disconnected node: analog_io[13]
Cell user_project_wrapper (0) disconnected node: analog_io[14]
Cell user_project_wrapper (0) disconnected node: analog_io[15]
Cell user_project_wrapper (0) disconnected node: analog_io[16]
Cell user_project_wrapper (0) disconnected node: analog_io[17]
Cell user_project_wrapper (0) disconnected node: analog_io[18]
Cell user_project_wrapper (0) disconnected node: analog_io[19]
Cell user_project_wrapper (0) disconnected node: analog_io[1]
Cell user_project_wrapper (0) disconnected node: analog_io[20]
Cell user_project_wrapper (0) disconnected node: analog_io[21]
Cell user_project_wrapper (0) disconnected node: analog_io[22]
Cell user_project_wrapper (0) disconnected node: analog_io[23]
Cell user_project_wrapper (0) disconnected node: analog_io[24]
Cell user_project_wrapper (0) disconnected node: analog_io[25]
Cell user_project_wrapper (0) disconnected node: analog_io[26]
Cell user_project_wrapper (0) disconnected node: analog_io[27]
Cell user_project_wrapper (0) disconnected node: analog_io[28]
Cell user_project_wrapper (0) disconnected node: analog_io[2]
Cell user_project_wrapper (0) disconnected node: analog_io[3]
Cell user_project_wrapper (0) disconnected node: analog_io[4]
Cell user_project_wrapper (0) disconnected node: analog_io[5]
Cell user_project_wrapper (0) disconnected node: analog_io[6]
Cell user_project_wrapper (0) disconnected node: analog_io[7]
Cell user_project_wrapper (0) disconnected node: analog_io[8]
Cell user_project_wrapper (0) disconnected node: analog_io[9]
Cell user_project_wrapper (0) disconnected node: io_in[0]
Cell user_project_wrapper (0) disconnected node: io_in[10]
Cell user_project_wrapper (0) disconnected node: io_in[11]
Cell user_project_wrapper (0) disconnected node: io_in[12]
Cell user_project_wrapper (0) disconnected node: io_in[13]
Cell user_project_wrapper (0) disconnected node: io_in[14]
Cell user_project_wrapper (0) disconnected node: io_in[15]
Cell user_project_wrapper (0) disconnected node: io_in[16]
Cell user_project_wrapper (0) disconnected node: io_in[17]
Cell user_project_wrapper (0) disconnected node: io_in[18]
Cell user_project_wrapper (0) disconnected node: io_in[19]
Cell user_project_wrapper (0) disconnected node: io_in[1]
Cell user_project_wrapper (0) disconnected node: io_in[20]
Cell user_project_wrapper (0) disconnected node: io_in[21]
Cell user_project_wrapper (0) disconnected node: io_in[22]
Cell user_project_wrapper (0) disconnected node: io_in[23]
Cell user_project_wrapper (0) disconnected node: io_in[24]
Cell user_project_wrapper (0) disconnected node: io_in[25]
Cell user_project_wrapper (0) disconnected node: io_in[26]
Cell user_project_wrapper (0) disconnected node: io_in[27]
Cell user_project_wrapper (0) disconnected node: io_in[28]
Cell user_project_wrapper (0) disconnected node: io_in[29]
Cell user_project_wrapper (0) disconnected node: io_in[2]
Cell user_project_wrapper (0) disconnected node: io_in[30]
Cell user_project_wrapper (0) disconnected node: io_in[31]
Cell user_project_wrapper (0) disconnected node: io_in[32]
Cell user_project_wrapper (0) disconnected node: io_in[33]
Cell user_project_wrapper (0) disconnected node: io_in[34]
Cell user_project_wrapper (0) disconnected node: io_in[35]
Cell user_project_wrapper (0) disconnected node: io_in[36]
Cell user_project_wrapper (0) disconnected node: io_in[37]
Cell user_project_wrapper (0) disconnected node: io_in[3]
Cell user_project_wrapper (0) disconnected node: io_in[4]
Cell user_project_wrapper (0) disconnected node: io_in[5]
Cell user_project_wrapper (0) disconnected node: io_in[6]
Cell user_project_wrapper (0) disconnected node: io_in[7]
Cell user_project_wrapper (0) disconnected node: io_in[8]
Cell user_project_wrapper (0) disconnected node: io_in[9]
Cell user_project_wrapper (0) disconnected node: la_data_in[0]
Cell user_project_wrapper (0) disconnected node: la_data_in[100]
Cell user_project_wrapper (0) disconnected node: la_data_in[101]
Cell user_project_wrapper (0) disconnected node: la_data_in[102]
Cell user_project_wrapper (0) disconnected node: la_data_in[103]
Cell user_project_wrapper (0) disconnected node: la_data_in[104]
Cell user_project_wrapper (0) disconnected node: la_data_in[105]
Cell user_project_wrapper (0) disconnected node: la_data_in[106]
Cell user_project_wrapper (0) disconnected node: la_data_in[107]
Cell user_project_wrapper (0) disconnected node: la_data_in[108]
Cell user_project_wrapper (0) disconnected node: la_data_in[109]
Cell user_project_wrapper (0) disconnected node: la_data_in[10]
Cell user_project_wrapper (0) disconnected node: la_data_in[110]
Cell user_project_wrapper (0) disconnected node: la_data_in[111]
Cell user_project_wrapper (0) disconnected node: la_data_in[112]
Cell user_project_wrapper (0) disconnected node: la_data_in[113]
Cell user_project_wrapper (0) disconnected node: la_data_in[114]
Cell user_project_wrapper (0) disconnected node: la_data_in[115]
Cell user_project_wrapper (0) disconnected node: la_data_in[116]
Cell user_project_wrapper (0) disconnected node: la_data_in[117]
Cell user_project_wrapper (0) disconnected node: la_data_in[118]
Cell user_project_wrapper (0) disconnected node: la_data_in[119]
Cell user_project_wrapper (0) disconnected node: la_data_in[11]
Cell user_project_wrapper (0) disconnected node: la_data_in[120]
Cell user_project_wrapper (0) disconnected node: la_data_in[121]
Cell user_project_wrapper (0) disconnected node: la_data_in[122]
Cell user_project_wrapper (0) disconnected node: la_data_in[123]
Cell user_project_wrapper (0) disconnected node: la_data_in[124]
Cell user_project_wrapper (0) disconnected node: la_data_in[125]
Cell user_project_wrapper (0) disconnected node: la_data_in[126]
Cell user_project_wrapper (0) disconnected node: la_data_in[127]
Cell user_project_wrapper (0) disconnected node: la_data_in[12]
Cell user_project_wrapper (0) disconnected node: la_data_in[13]
Cell user_project_wrapper (0) disconnected node: la_data_in[14]
Cell user_project_wrapper (0) disconnected node: la_data_in[15]
Cell user_project_wrapper (0) disconnected node: la_data_in[16]
Cell user_project_wrapper (0) disconnected node: la_data_in[17]
Cell user_project_wrapper (0) disconnected node: la_data_in[18]
Cell user_project_wrapper (0) disconnected node: la_data_in[19]
Cell user_project_wrapper (0) disconnected node: la_data_in[1]
Cell user_project_wrapper (0) disconnected node: la_data_in[20]
Cell user_project_wrapper (0) disconnected node: la_data_in[21]
Cell user_project_wrapper (0) disconnected node: la_data_in[22]
Cell user_project_wrapper (0) disconnected node: la_data_in[23]
Cell user_project_wrapper (0) disconnected node: la_data_in[24]
Cell user_project_wrapper (0) disconnected node: la_data_in[25]
Cell user_project_wrapper (0) disconnected node: la_data_in[26]
Cell user_project_wrapper (0) disconnected node: la_data_in[27]
Cell user_project_wrapper (0) disconnected node: la_data_in[28]
Cell user_project_wrapper (0) disconnected node: la_data_in[29]
Cell user_project_wrapper (0) disconnected node: la_data_in[2]
Cell user_project_wrapper (0) disconnected node: la_data_in[30]
Cell user_project_wrapper (0) disconnected node: la_data_in[31]
Cell user_project_wrapper (0) disconnected node: la_data_in[32]
Cell user_project_wrapper (0) disconnected node: la_data_in[33]
Cell user_project_wrapper (0) disconnected node: la_data_in[34]
Cell user_project_wrapper (0) disconnected node: la_data_in[35]
Cell user_project_wrapper (0) disconnected node: la_data_in[36]
Cell user_project_wrapper (0) disconnected node: la_data_in[37]
Cell user_project_wrapper (0) disconnected node: la_data_in[38]
Cell user_project_wrapper (0) disconnected node: la_data_in[39]
Cell user_project_wrapper (0) disconnected node: la_data_in[3]
Cell user_project_wrapper (0) disconnected node: la_data_in[40]
Cell user_project_wrapper (0) disconnected node: la_data_in[41]
Cell user_project_wrapper (0) disconnected node: la_data_in[42]
Cell user_project_wrapper (0) disconnected node: la_data_in[43]
Cell user_project_wrapper (0) disconnected node: la_data_in[44]
Cell user_project_wrapper (0) disconnected node: la_data_in[45]
Cell user_project_wrapper (0) disconnected node: la_data_in[46]
Cell user_project_wrapper (0) disconnected node: la_data_in[47]
Cell user_project_wrapper (0) disconnected node: la_data_in[4]
Cell user_project_wrapper (0) disconnected node: la_data_in[5]
Cell user_project_wrapper (0) disconnected node: la_data_in[66]
Cell user_project_wrapper (0) disconnected node: la_data_in[67]
Cell user_project_wrapper (0) disconnected node: la_data_in[68]
Cell user_project_wrapper (0) disconnected node: la_data_in[69]
Cell user_project_wrapper (0) disconnected node: la_data_in[6]
Cell user_project_wrapper (0) disconnected node: la_data_in[70]
Cell user_project_wrapper (0) disconnected node: la_data_in[71]
Cell user_project_wrapper (0) disconnected node: la_data_in[72]
Cell user_project_wrapper (0) disconnected node: la_data_in[73]
Cell user_project_wrapper (0) disconnected node: la_data_in[74]
Cell user_project_wrapper (0) disconnected node: la_data_in[75]
Cell user_project_wrapper (0) disconnected node: la_data_in[76]
Cell user_project_wrapper (0) disconnected node: la_data_in[77]
Cell user_project_wrapper (0) disconnected node: la_data_in[78]
Cell user_project_wrapper (0) disconnected node: la_data_in[79]
Cell user_project_wrapper (0) disconnected node: la_data_in[7]
Cell user_project_wrapper (0) disconnected node: la_data_in[80]
Cell user_project_wrapper (0) disconnected node: la_data_in[81]
Cell user_project_wrapper (0) disconnected node: la_data_in[82]
Cell user_project_wrapper (0) disconnected node: la_data_in[83]
Cell user_project_wrapper (0) disconnected node: la_data_in[84]
Cell user_project_wrapper (0) disconnected node: la_data_in[85]
Cell user_project_wrapper (0) disconnected node: la_data_in[86]
Cell user_project_wrapper (0) disconnected node: la_data_in[87]
Cell user_project_wrapper (0) disconnected node: la_data_in[88]
Cell user_project_wrapper (0) disconnected node: la_data_in[89]
Cell user_project_wrapper (0) disconnected node: la_data_in[8]
Cell user_project_wrapper (0) disconnected node: la_data_in[90]
Cell user_project_wrapper (0) disconnected node: la_data_in[91]
Cell user_project_wrapper (0) disconnected node: la_data_in[92]
Cell user_project_wrapper (0) disconnected node: la_data_in[93]
Cell user_project_wrapper (0) disconnected node: la_data_in[94]
Cell user_project_wrapper (0) disconnected node: la_data_in[95]
Cell user_project_wrapper (0) disconnected node: la_data_in[96]
Cell user_project_wrapper (0) disconnected node: la_data_in[97]
Cell user_project_wrapper (0) disconnected node: la_data_in[98]
Cell user_project_wrapper (0) disconnected node: la_data_in[99]
Cell user_project_wrapper (0) disconnected node: la_data_in[9]
Cell user_project_wrapper (0) disconnected node: la_oenb[0]
Cell user_project_wrapper (0) disconnected node: la_oenb[100]
Cell user_project_wrapper (0) disconnected node: la_oenb[101]
Cell user_project_wrapper (0) disconnected node: la_oenb[102]
Cell user_project_wrapper (0) disconnected node: la_oenb[103]
Cell user_project_wrapper (0) disconnected node: la_oenb[104]
Cell user_project_wrapper (0) disconnected node: la_oenb[105]
Cell user_project_wrapper (0) disconnected node: la_oenb[106]
Cell user_project_wrapper (0) disconnected node: la_oenb[107]
Cell user_project_wrapper (0) disconnected node: la_oenb[108]
Cell user_project_wrapper (0) disconnected node: la_oenb[109]
Cell user_project_wrapper (0) disconnected node: la_oenb[10]
Cell user_project_wrapper (0) disconnected node: la_oenb[110]
Cell user_project_wrapper (0) disconnected node: la_oenb[111]
Cell user_project_wrapper (0) disconnected node: la_oenb[112]
Cell user_project_wrapper (0) disconnected node: la_oenb[113]
Cell user_project_wrapper (0) disconnected node: la_oenb[114]
Cell user_project_wrapper (0) disconnected node: la_oenb[115]
Cell user_project_wrapper (0) disconnected node: la_oenb[116]
Cell user_project_wrapper (0) disconnected node: la_oenb[117]
Cell user_project_wrapper (0) disconnected node: la_oenb[118]
Cell user_project_wrapper (0) disconnected node: la_oenb[119]
Cell user_project_wrapper (0) disconnected node: la_oenb[11]
Cell user_project_wrapper (0) disconnected node: la_oenb[120]
Cell user_project_wrapper (0) disconnected node: la_oenb[121]
Cell user_project_wrapper (0) disconnected node: la_oenb[122]
Cell user_project_wrapper (0) disconnected node: la_oenb[123]
Cell user_project_wrapper (0) disconnected node: la_oenb[124]
Cell user_project_wrapper (0) disconnected node: la_oenb[125]
Cell user_project_wrapper (0) disconnected node: la_oenb[126]
Cell user_project_wrapper (0) disconnected node: la_oenb[127]
Cell user_project_wrapper (0) disconnected node: la_oenb[12]
Cell user_project_wrapper (0) disconnected node: la_oenb[13]
Cell user_project_wrapper (0) disconnected node: la_oenb[14]
Cell user_project_wrapper (0) disconnected node: la_oenb[15]
Cell user_project_wrapper (0) disconnected node: la_oenb[16]
Cell user_project_wrapper (0) disconnected node: la_oenb[17]
Cell user_project_wrapper (0) disconnected node: la_oenb[18]
Cell user_project_wrapper (0) disconnected node: la_oenb[19]
Cell user_project_wrapper (0) disconnected node: la_oenb[1]
Cell user_project_wrapper (0) disconnected node: la_oenb[20]
Cell user_project_wrapper (0) disconnected node: la_oenb[21]
Cell user_project_wrapper (0) disconnected node: la_oenb[22]
Cell user_project_wrapper (0) disconnected node: la_oenb[23]
Cell user_project_wrapper (0) disconnected node: la_oenb[24]
Cell user_project_wrapper (0) disconnected node: la_oenb[25]
Cell user_project_wrapper (0) disconnected node: la_oenb[26]
Cell user_project_wrapper (0) disconnected node: la_oenb[27]
Cell user_project_wrapper (0) disconnected node: la_oenb[28]
Cell user_project_wrapper (0) disconnected node: la_oenb[29]
Cell user_project_wrapper (0) disconnected node: la_oenb[2]
Cell user_project_wrapper (0) disconnected node: la_oenb[30]
Cell user_project_wrapper (0) disconnected node: la_oenb[31]
Cell user_project_wrapper (0) disconnected node: la_oenb[32]
Cell user_project_wrapper (0) disconnected node: la_oenb[33]
Cell user_project_wrapper (0) disconnected node: la_oenb[34]
Cell user_project_wrapper (0) disconnected node: la_oenb[35]
Cell user_project_wrapper (0) disconnected node: la_oenb[36]
Cell user_project_wrapper (0) disconnected node: la_oenb[37]
Cell user_project_wrapper (0) disconnected node: la_oenb[38]
Cell user_project_wrapper (0) disconnected node: la_oenb[39]
Cell user_project_wrapper (0) disconnected node: la_oenb[3]
Cell user_project_wrapper (0) disconnected node: la_oenb[40]
Cell user_project_wrapper (0) disconnected node: la_oenb[41]
Cell user_project_wrapper (0) disconnected node: la_oenb[42]
Cell user_project_wrapper (0) disconnected node: la_oenb[43]
Cell user_project_wrapper (0) disconnected node: la_oenb[44]
Cell user_project_wrapper (0) disconnected node: la_oenb[45]
Cell user_project_wrapper (0) disconnected node: la_oenb[46]
Cell user_project_wrapper (0) disconnected node: la_oenb[47]
Cell user_project_wrapper (0) disconnected node: la_oenb[4]
Cell user_project_wrapper (0) disconnected node: la_oenb[5]
Cell user_project_wrapper (0) disconnected node: la_oenb[66]
Cell user_project_wrapper (0) disconnected node: la_oenb[67]
Cell user_project_wrapper (0) disconnected node: la_oenb[68]
Cell user_project_wrapper (0) disconnected node: la_oenb[69]
Cell user_project_wrapper (0) disconnected node: la_oenb[6]
Cell user_project_wrapper (0) disconnected node: la_oenb[70]
Cell user_project_wrapper (0) disconnected node: la_oenb[71]
Cell user_project_wrapper (0) disconnected node: la_oenb[72]
Cell user_project_wrapper (0) disconnected node: la_oenb[73]
Cell user_project_wrapper (0) disconnected node: la_oenb[74]
Cell user_project_wrapper (0) disconnected node: la_oenb[75]
Cell user_project_wrapper (0) disconnected node: la_oenb[76]
Cell user_project_wrapper (0) disconnected node: la_oenb[77]
Cell user_project_wrapper (0) disconnected node: la_oenb[78]
Cell user_project_wrapper (0) disconnected node: la_oenb[79]
Cell user_project_wrapper (0) disconnected node: la_oenb[7]
Cell user_project_wrapper (0) disconnected node: la_oenb[80]
Cell user_project_wrapper (0) disconnected node: la_oenb[81]
Cell user_project_wrapper (0) disconnected node: la_oenb[82]
Cell user_project_wrapper (0) disconnected node: la_oenb[83]
Cell user_project_wrapper (0) disconnected node: la_oenb[84]
Cell user_project_wrapper (0) disconnected node: la_oenb[85]
Cell user_project_wrapper (0) disconnected node: la_oenb[86]
Cell user_project_wrapper (0) disconnected node: la_oenb[87]
Cell user_project_wrapper (0) disconnected node: la_oenb[88]
Cell user_project_wrapper (0) disconnected node: la_oenb[89]
Cell user_project_wrapper (0) disconnected node: la_oenb[8]
Cell user_project_wrapper (0) disconnected node: la_oenb[90]
Cell user_project_wrapper (0) disconnected node: la_oenb[91]
Cell user_project_wrapper (0) disconnected node: la_oenb[92]
Cell user_project_wrapper (0) disconnected node: la_oenb[93]
Cell user_project_wrapper (0) disconnected node: la_oenb[94]
Cell user_project_wrapper (0) disconnected node: la_oenb[95]
Cell user_project_wrapper (0) disconnected node: la_oenb[96]
Cell user_project_wrapper (0) disconnected node: la_oenb[97]
Cell user_project_wrapper (0) disconnected node: la_oenb[98]
Cell user_project_wrapper (0) disconnected node: la_oenb[99]
Cell user_project_wrapper (0) disconnected node: la_oenb[9]
Cell user_project_wrapper (0) disconnected node: tck
Cell user_project_wrapper (0) disconnected node: test
Cell user_project_wrapper (0) disconnected node: user_clock2
Cell user_project_wrapper (0) disconnected node: wbs_adr_i[0]
Cell user_project_wrapper (0) disconnected node: wbs_adr_i[10]
Cell user_project_wrapper (0) disconnected node: wbs_adr_i[11]
Cell user_project_wrapper (0) disconnected node: wbs_adr_i[12]
Cell user_project_wrapper (0) disconnected node: wbs_adr_i[13]
Cell user_project_wrapper (0) disconnected node: wbs_adr_i[14]
Cell user_project_wrapper (0) disconnected node: wbs_adr_i[15]
Cell user_project_wrapper (0) disconnected node: wbs_adr_i[16]
Cell user_project_wrapper (0) disconnected node: wbs_adr_i[17]
Cell user_project_wrapper (0) disconnected node: wbs_adr_i[18]
Cell user_project_wrapper (0) disconnected node: wbs_adr_i[19]
Cell user_project_wrapper (0) disconnected node: wbs_adr_i[1]
Cell user_project_wrapper (0) disconnected node: wbs_adr_i[20]
Cell user_project_wrapper (0) disconnected node: wbs_adr_i[21]
Cell user_project_wrapper (0) disconnected node: wbs_adr_i[22]
Cell user_project_wrapper (0) disconnected node: wbs_adr_i[23]
Cell user_project_wrapper (0) disconnected node: wbs_adr_i[24]
Cell user_project_wrapper (0) disconnected node: wbs_adr_i[25]
Cell user_project_wrapper (0) disconnected node: wbs_adr_i[26]
Cell user_project_wrapper (0) disconnected node: wbs_adr_i[27]
Cell user_project_wrapper (0) disconnected node: wbs_adr_i[28]
Cell user_project_wrapper (0) disconnected node: wbs_adr_i[29]
Cell user_project_wrapper (0) disconnected node: wbs_adr_i[2]
Cell user_project_wrapper (0) disconnected node: wbs_adr_i[30]
Cell user_project_wrapper (0) disconnected node: wbs_adr_i[31]
Cell user_project_wrapper (0) disconnected node: wbs_adr_i[3]
Cell user_project_wrapper (0) disconnected node: wbs_adr_i[4]
Cell user_project_wrapper (0) disconnected node: wbs_adr_i[5]
Cell user_project_wrapper (0) disconnected node: wbs_adr_i[6]
Cell user_project_wrapper (0) disconnected node: wbs_adr_i[7]
Cell user_project_wrapper (0) disconnected node: wbs_adr_i[8]
Cell user_project_wrapper (0) disconnected node: wbs_adr_i[9]
Cell user_project_wrapper (0) disconnected node: wbs_dat_i[16]
Cell user_project_wrapper (0) disconnected node: wbs_dat_i[17]
Cell user_project_wrapper (0) disconnected node: wbs_dat_i[18]
Cell user_project_wrapper (0) disconnected node: wbs_dat_i[19]
Cell user_project_wrapper (0) disconnected node: wbs_dat_i[20]
Cell user_project_wrapper (0) disconnected node: wbs_dat_i[21]
Cell user_project_wrapper (0) disconnected node: wbs_dat_i[22]
Cell user_project_wrapper (0) disconnected node: wbs_dat_i[23]
Cell user_project_wrapper (0) disconnected node: wbs_dat_i[24]
Cell user_project_wrapper (0) disconnected node: wbs_dat_i[25]
Cell user_project_wrapper (0) disconnected node: wbs_dat_i[26]
Cell user_project_wrapper (0) disconnected node: wbs_dat_i[27]
Cell user_project_wrapper (0) disconnected node: wbs_dat_i[28]
Cell user_project_wrapper (0) disconnected node: wbs_dat_i[29]
Cell user_project_wrapper (0) disconnected node: wbs_dat_i[30]
Cell user_project_wrapper (0) disconnected node: wbs_dat_i[31]
Cell user_project_wrapper (0) disconnected node: wbs_sel_i[2]
Cell user_project_wrapper (0) disconnected node: wbs_sel_i[3]
Cell user_project_wrapper (1) disconnected node: tck
Cell user_project_wrapper (1) disconnected node: test
Cell user_project_wrapper (1) disconnected node: user_clock2
Cell user_project_wrapper (1) disconnected node: analog_io[28]
Cell user_project_wrapper (1) disconnected node: analog_io[27]
Cell user_project_wrapper (1) disconnected node: analog_io[26]
Cell user_project_wrapper (1) disconnected node: analog_io[25]
Cell user_project_wrapper (1) disconnected node: analog_io[24]
Cell user_project_wrapper (1) disconnected node: analog_io[23]
Cell user_project_wrapper (1) disconnected node: analog_io[22]
Cell user_project_wrapper (1) disconnected node: analog_io[21]
Cell user_project_wrapper (1) disconnected node: analog_io[20]
Cell user_project_wrapper (1) disconnected node: analog_io[19]
Cell user_project_wrapper (1) disconnected node: analog_io[18]
Cell user_project_wrapper (1) disconnected node: analog_io[17]
Cell user_project_wrapper (1) disconnected node: analog_io[16]
Cell user_project_wrapper (1) disconnected node: analog_io[15]
Cell user_project_wrapper (1) disconnected node: analog_io[14]
Cell user_project_wrapper (1) disconnected node: analog_io[13]
Cell user_project_wrapper (1) disconnected node: analog_io[12]
Cell user_project_wrapper (1) disconnected node: analog_io[11]
Cell user_project_wrapper (1) disconnected node: analog_io[10]
Cell user_project_wrapper (1) disconnected node: analog_io[9]
Cell user_project_wrapper (1) disconnected node: analog_io[8]
Cell user_project_wrapper (1) disconnected node: analog_io[7]
Cell user_project_wrapper (1) disconnected node: analog_io[6]
Cell user_project_wrapper (1) disconnected node: analog_io[5]
Cell user_project_wrapper (1) disconnected node: analog_io[4]
Cell user_project_wrapper (1) disconnected node: analog_io[3]
Cell user_project_wrapper (1) disconnected node: analog_io[2]
Cell user_project_wrapper (1) disconnected node: analog_io[1]
Cell user_project_wrapper (1) disconnected node: analog_io[0]
Cell user_project_wrapper (1) disconnected node: io_in[37]
Cell user_project_wrapper (1) disconnected node: io_in[36]
Cell user_project_wrapper (1) disconnected node: io_in[35]
Cell user_project_wrapper (1) disconnected node: io_in[34]
Cell user_project_wrapper (1) disconnected node: io_in[33]
Cell user_project_wrapper (1) disconnected node: io_in[32]
Cell user_project_wrapper (1) disconnected node: io_in[31]
Cell user_project_wrapper (1) disconnected node: io_in[30]
Cell user_project_wrapper (1) disconnected node: io_in[29]
Cell user_project_wrapper (1) disconnected node: io_in[28]
Cell user_project_wrapper (1) disconnected node: io_in[27]
Cell user_project_wrapper (1) disconnected node: io_in[26]
Cell user_project_wrapper (1) disconnected node: io_in[25]
Cell user_project_wrapper (1) disconnected node: io_in[24]
Cell user_project_wrapper (1) disconnected node: io_in[23]
Cell user_project_wrapper (1) disconnected node: io_in[22]
Cell user_project_wrapper (1) disconnected node: io_in[21]
Cell user_project_wrapper (1) disconnected node: io_in[20]
Cell user_project_wrapper (1) disconnected node: io_in[19]
Cell user_project_wrapper (1) disconnected node: io_in[18]
Cell user_project_wrapper (1) disconnected node: io_in[17]
Cell user_project_wrapper (1) disconnected node: io_in[16]
Cell user_project_wrapper (1) disconnected node: io_in[15]
Cell user_project_wrapper (1) disconnected node: io_in[14]
Cell user_project_wrapper (1) disconnected node: io_in[13]
Cell user_project_wrapper (1) disconnected node: io_in[12]
Cell user_project_wrapper (1) disconnected node: io_in[11]
Cell user_project_wrapper (1) disconnected node: io_in[10]
Cell user_project_wrapper (1) disconnected node: io_in[9]
Cell user_project_wrapper (1) disconnected node: io_in[8]
Cell user_project_wrapper (1) disconnected node: io_in[7]
Cell user_project_wrapper (1) disconnected node: io_in[6]
Cell user_project_wrapper (1) disconnected node: io_in[5]
Cell user_project_wrapper (1) disconnected node: io_in[4]
Cell user_project_wrapper (1) disconnected node: io_in[3]
Cell user_project_wrapper (1) disconnected node: io_in[2]
Cell user_project_wrapper (1) disconnected node: io_in[1]
Cell user_project_wrapper (1) disconnected node: io_in[0]
Cell user_project_wrapper (1) disconnected node: la_data_in[127]
Cell user_project_wrapper (1) disconnected node: la_data_in[126]
Cell user_project_wrapper (1) disconnected node: la_data_in[125]
Cell user_project_wrapper (1) disconnected node: la_data_in[124]
Cell user_project_wrapper (1) disconnected node: la_data_in[123]
Cell user_project_wrapper (1) disconnected node: la_data_in[122]
Cell user_project_wrapper (1) disconnected node: la_data_in[121]
Cell user_project_wrapper (1) disconnected node: la_data_in[120]
Cell user_project_wrapper (1) disconnected node: la_data_in[119]
Cell user_project_wrapper (1) disconnected node: la_data_in[118]
Cell user_project_wrapper (1) disconnected node: la_data_in[117]
Cell user_project_wrapper (1) disconnected node: la_data_in[116]
Cell user_project_wrapper (1) disconnected node: la_data_in[115]
Cell user_project_wrapper (1) disconnected node: la_data_in[114]
Cell user_project_wrapper (1) disconnected node: la_data_in[113]
Cell user_project_wrapper (1) disconnected node: la_data_in[112]
Cell user_project_wrapper (1) disconnected node: la_data_in[111]
Cell user_project_wrapper (1) disconnected node: la_data_in[110]
Cell user_project_wrapper (1) disconnected node: la_data_in[109]
Cell user_project_wrapper (1) disconnected node: la_data_in[108]
Cell user_project_wrapper (1) disconnected node: la_data_in[107]
Cell user_project_wrapper (1) disconnected node: la_data_in[106]
Cell user_project_wrapper (1) disconnected node: la_data_in[105]
Cell user_project_wrapper (1) disconnected node: la_data_in[104]
Cell user_project_wrapper (1) disconnected node: la_data_in[103]
Cell user_project_wrapper (1) disconnected node: la_data_in[102]
Cell user_project_wrapper (1) disconnected node: la_data_in[101]
Cell user_project_wrapper (1) disconnected node: la_data_in[100]
Cell user_project_wrapper (1) disconnected node: la_data_in[99]
Cell user_project_wrapper (1) disconnected node: la_data_in[98]
Cell user_project_wrapper (1) disconnected node: la_data_in[97]
Cell user_project_wrapper (1) disconnected node: la_data_in[96]
Cell user_project_wrapper (1) disconnected node: la_data_in[95]
Cell user_project_wrapper (1) disconnected node: la_data_in[94]
Cell user_project_wrapper (1) disconnected node: la_data_in[93]
Cell user_project_wrapper (1) disconnected node: la_data_in[92]
Cell user_project_wrapper (1) disconnected node: la_data_in[91]
Cell user_project_wrapper (1) disconnected node: la_data_in[90]
Cell user_project_wrapper (1) disconnected node: la_data_in[89]
Cell user_project_wrapper (1) disconnected node: la_data_in[88]
Cell user_project_wrapper (1) disconnected node: la_data_in[87]
Cell user_project_wrapper (1) disconnected node: la_data_in[86]
Cell user_project_wrapper (1) disconnected node: la_data_in[85]
Cell user_project_wrapper (1) disconnected node: la_data_in[84]
Cell user_project_wrapper (1) disconnected node: la_data_in[83]
Cell user_project_wrapper (1) disconnected node: la_data_in[82]
Cell user_project_wrapper (1) disconnected node: la_data_in[81]
Cell user_project_wrapper (1) disconnected node: la_data_in[80]
Cell user_project_wrapper (1) disconnected node: la_data_in[79]
Cell user_project_wrapper (1) disconnected node: la_data_in[78]
Cell user_project_wrapper (1) disconnected node: la_data_in[77]
Cell user_project_wrapper (1) disconnected node: la_data_in[76]
Cell user_project_wrapper (1) disconnected node: la_data_in[75]
Cell user_project_wrapper (1) disconnected node: la_data_in[74]
Cell user_project_wrapper (1) disconnected node: la_data_in[73]
Cell user_project_wrapper (1) disconnected node: la_data_in[72]
Cell user_project_wrapper (1) disconnected node: la_data_in[71]
Cell user_project_wrapper (1) disconnected node: la_data_in[70]
Cell user_project_wrapper (1) disconnected node: la_data_in[69]
Cell user_project_wrapper (1) disconnected node: la_data_in[68]
Cell user_project_wrapper (1) disconnected node: la_data_in[67]
Cell user_project_wrapper (1) disconnected node: la_data_in[66]
Cell user_project_wrapper (1) disconnected node: la_data_in[47]
Cell user_project_wrapper (1) disconnected node: la_data_in[46]
Cell user_project_wrapper (1) disconnected node: la_data_in[45]
Cell user_project_wrapper (1) disconnected node: la_data_in[44]
Cell user_project_wrapper (1) disconnected node: la_data_in[43]
Cell user_project_wrapper (1) disconnected node: la_data_in[42]
Cell user_project_wrapper (1) disconnected node: la_data_in[41]
Cell user_project_wrapper (1) disconnected node: la_data_in[40]
Cell user_project_wrapper (1) disconnected node: la_data_in[39]
Cell user_project_wrapper (1) disconnected node: la_data_in[38]
Cell user_project_wrapper (1) disconnected node: la_data_in[37]
Cell user_project_wrapper (1) disconnected node: la_data_in[36]
Cell user_project_wrapper (1) disconnected node: la_data_in[35]
Cell user_project_wrapper (1) disconnected node: la_data_in[34]
Cell user_project_wrapper (1) disconnected node: la_data_in[33]
Cell user_project_wrapper (1) disconnected node: la_data_in[32]
Cell user_project_wrapper (1) disconnected node: la_data_in[31]
Cell user_project_wrapper (1) disconnected node: la_data_in[30]
Cell user_project_wrapper (1) disconnected node: la_data_in[29]
Cell user_project_wrapper (1) disconnected node: la_data_in[28]
Cell user_project_wrapper (1) disconnected node: la_data_in[27]
Cell user_project_wrapper (1) disconnected node: la_data_in[26]
Cell user_project_wrapper (1) disconnected node: la_data_in[25]
Cell user_project_wrapper (1) disconnected node: la_data_in[24]
Cell user_project_wrapper (1) disconnected node: la_data_in[23]
Cell user_project_wrapper (1) disconnected node: la_data_in[22]
Cell user_project_wrapper (1) disconnected node: la_data_in[21]
Cell user_project_wrapper (1) disconnected node: la_data_in[20]
Cell user_project_wrapper (1) disconnected node: la_data_in[19]
Cell user_project_wrapper (1) disconnected node: la_data_in[18]
Cell user_project_wrapper (1) disconnected node: la_data_in[17]
Cell user_project_wrapper (1) disconnected node: la_data_in[16]
Cell user_project_wrapper (1) disconnected node: la_data_in[15]
Cell user_project_wrapper (1) disconnected node: la_data_in[14]
Cell user_project_wrapper (1) disconnected node: la_data_in[13]
Cell user_project_wrapper (1) disconnected node: la_data_in[12]
Cell user_project_wrapper (1) disconnected node: la_data_in[11]
Cell user_project_wrapper (1) disconnected node: la_data_in[10]
Cell user_project_wrapper (1) disconnected node: la_data_in[9]
Cell user_project_wrapper (1) disconnected node: la_data_in[8]
Cell user_project_wrapper (1) disconnected node: la_data_in[7]
Cell user_project_wrapper (1) disconnected node: la_data_in[6]
Cell user_project_wrapper (1) disconnected node: la_data_in[5]
Cell user_project_wrapper (1) disconnected node: la_data_in[4]
Cell user_project_wrapper (1) disconnected node: la_data_in[3]
Cell user_project_wrapper (1) disconnected node: la_data_in[2]
Cell user_project_wrapper (1) disconnected node: la_data_in[1]
Cell user_project_wrapper (1) disconnected node: la_data_in[0]
Cell user_project_wrapper (1) disconnected node: la_oenb[127]
Cell user_project_wrapper (1) disconnected node: la_oenb[126]
Cell user_project_wrapper (1) disconnected node: la_oenb[125]
Cell user_project_wrapper (1) disconnected node: la_oenb[124]
Cell user_project_wrapper (1) disconnected node: la_oenb[123]
Cell user_project_wrapper (1) disconnected node: la_oenb[122]
Cell user_project_wrapper (1) disconnected node: la_oenb[121]
Cell user_project_wrapper (1) disconnected node: la_oenb[120]
Cell user_project_wrapper (1) disconnected node: la_oenb[119]
Cell user_project_wrapper (1) disconnected node: la_oenb[118]
Cell user_project_wrapper (1) disconnected node: la_oenb[117]
Cell user_project_wrapper (1) disconnected node: la_oenb[116]
Cell user_project_wrapper (1) disconnected node: la_oenb[115]
Cell user_project_wrapper (1) disconnected node: la_oenb[114]
Cell user_project_wrapper (1) disconnected node: la_oenb[113]
Cell user_project_wrapper (1) disconnected node: la_oenb[112]
Cell user_project_wrapper (1) disconnected node: la_oenb[111]
Cell user_project_wrapper (1) disconnected node: la_oenb[110]
Cell user_project_wrapper (1) disconnected node: la_oenb[109]
Cell user_project_wrapper (1) disconnected node: la_oenb[108]
Cell user_project_wrapper (1) disconnected node: la_oenb[107]
Cell user_project_wrapper (1) disconnected node: la_oenb[106]
Cell user_project_wrapper (1) disconnected node: la_oenb[105]
Cell user_project_wrapper (1) disconnected node: la_oenb[104]
Cell user_project_wrapper (1) disconnected node: la_oenb[103]
Cell user_project_wrapper (1) disconnected node: la_oenb[102]
Cell user_project_wrapper (1) disconnected node: la_oenb[101]
Cell user_project_wrapper (1) disconnected node: la_oenb[100]
Cell user_project_wrapper (1) disconnected node: la_oenb[99]
Cell user_project_wrapper (1) disconnected node: la_oenb[98]
Cell user_project_wrapper (1) disconnected node: la_oenb[97]
Cell user_project_wrapper (1) disconnected node: la_oenb[96]
Cell user_project_wrapper (1) disconnected node: la_oenb[95]
Cell user_project_wrapper (1) disconnected node: la_oenb[94]
Cell user_project_wrapper (1) disconnected node: la_oenb[93]
Cell user_project_wrapper (1) disconnected node: la_oenb[92]
Cell user_project_wrapper (1) disconnected node: la_oenb[91]
Cell user_project_wrapper (1) disconnected node: la_oenb[90]
Cell user_project_wrapper (1) disconnected node: la_oenb[89]
Cell user_project_wrapper (1) disconnected node: la_oenb[88]
Cell user_project_wrapper (1) disconnected node: la_oenb[87]
Cell user_project_wrapper (1) disconnected node: la_oenb[86]
Cell user_project_wrapper (1) disconnected node: la_oenb[85]
Cell user_project_wrapper (1) disconnected node: la_oenb[84]
Cell user_project_wrapper (1) disconnected node: la_oenb[83]
Cell user_project_wrapper (1) disconnected node: la_oenb[82]
Cell user_project_wrapper (1) disconnected node: la_oenb[81]
Cell user_project_wrapper (1) disconnected node: la_oenb[80]
Cell user_project_wrapper (1) disconnected node: la_oenb[79]
Cell user_project_wrapper (1) disconnected node: la_oenb[78]
Cell user_project_wrapper (1) disconnected node: la_oenb[77]
Cell user_project_wrapper (1) disconnected node: la_oenb[76]
Cell user_project_wrapper (1) disconnected node: la_oenb[75]
Cell user_project_wrapper (1) disconnected node: la_oenb[74]
Cell user_project_wrapper (1) disconnected node: la_oenb[73]
Cell user_project_wrapper (1) disconnected node: la_oenb[72]
Cell user_project_wrapper (1) disconnected node: la_oenb[71]
Cell user_project_wrapper (1) disconnected node: la_oenb[70]
Cell user_project_wrapper (1) disconnected node: la_oenb[69]
Cell user_project_wrapper (1) disconnected node: la_oenb[68]
Cell user_project_wrapper (1) disconnected node: la_oenb[67]
Cell user_project_wrapper (1) disconnected node: la_oenb[66]
Cell user_project_wrapper (1) disconnected node: la_oenb[47]
Cell user_project_wrapper (1) disconnected node: la_oenb[46]
Cell user_project_wrapper (1) disconnected node: la_oenb[45]
Cell user_project_wrapper (1) disconnected node: la_oenb[44]
Cell user_project_wrapper (1) disconnected node: la_oenb[43]
Cell user_project_wrapper (1) disconnected node: la_oenb[42]
Cell user_project_wrapper (1) disconnected node: la_oenb[41]
Cell user_project_wrapper (1) disconnected node: la_oenb[40]
Cell user_project_wrapper (1) disconnected node: la_oenb[39]
Cell user_project_wrapper (1) disconnected node: la_oenb[38]
Cell user_project_wrapper (1) disconnected node: la_oenb[37]
Cell user_project_wrapper (1) disconnected node: la_oenb[36]
Cell user_project_wrapper (1) disconnected node: la_oenb[35]
Cell user_project_wrapper (1) disconnected node: la_oenb[34]
Cell user_project_wrapper (1) disconnected node: la_oenb[33]
Cell user_project_wrapper (1) disconnected node: la_oenb[32]
Cell user_project_wrapper (1) disconnected node: la_oenb[31]
Cell user_project_wrapper (1) disconnected node: la_oenb[30]
Cell user_project_wrapper (1) disconnected node: la_oenb[29]
Cell user_project_wrapper (1) disconnected node: la_oenb[28]
Cell user_project_wrapper (1) disconnected node: la_oenb[27]
Cell user_project_wrapper (1) disconnected node: la_oenb[26]
Cell user_project_wrapper (1) disconnected node: la_oenb[25]
Cell user_project_wrapper (1) disconnected node: la_oenb[24]
Cell user_project_wrapper (1) disconnected node: la_oenb[23]
Cell user_project_wrapper (1) disconnected node: la_oenb[22]
Cell user_project_wrapper (1) disconnected node: la_oenb[21]
Cell user_project_wrapper (1) disconnected node: la_oenb[20]
Cell user_project_wrapper (1) disconnected node: la_oenb[19]
Cell user_project_wrapper (1) disconnected node: la_oenb[18]
Cell user_project_wrapper (1) disconnected node: la_oenb[17]
Cell user_project_wrapper (1) disconnected node: la_oenb[16]
Cell user_project_wrapper (1) disconnected node: la_oenb[15]
Cell user_project_wrapper (1) disconnected node: la_oenb[14]
Cell user_project_wrapper (1) disconnected node: la_oenb[13]
Cell user_project_wrapper (1) disconnected node: la_oenb[12]
Cell user_project_wrapper (1) disconnected node: la_oenb[11]
Cell user_project_wrapper (1) disconnected node: la_oenb[10]
Cell user_project_wrapper (1) disconnected node: la_oenb[9]
Cell user_project_wrapper (1) disconnected node: la_oenb[8]
Cell user_project_wrapper (1) disconnected node: la_oenb[7]
Cell user_project_wrapper (1) disconnected node: la_oenb[6]
Cell user_project_wrapper (1) disconnected node: la_oenb[5]
Cell user_project_wrapper (1) disconnected node: la_oenb[4]
Cell user_project_wrapper (1) disconnected node: la_oenb[3]
Cell user_project_wrapper (1) disconnected node: la_oenb[2]
Cell user_project_wrapper (1) disconnected node: la_oenb[1]
Cell user_project_wrapper (1) disconnected node: la_oenb[0]
Cell user_project_wrapper (1) disconnected node: wbs_adr_i[31]
Cell user_project_wrapper (1) disconnected node: wbs_adr_i[30]
Cell user_project_wrapper (1) disconnected node: wbs_adr_i[29]
Cell user_project_wrapper (1) disconnected node: wbs_adr_i[28]
Cell user_project_wrapper (1) disconnected node: wbs_adr_i[27]
Cell user_project_wrapper (1) disconnected node: wbs_adr_i[26]
Cell user_project_wrapper (1) disconnected node: wbs_adr_i[25]
Cell user_project_wrapper (1) disconnected node: wbs_adr_i[24]
Cell user_project_wrapper (1) disconnected node: wbs_adr_i[23]
Cell user_project_wrapper (1) disconnected node: wbs_adr_i[22]
Cell user_project_wrapper (1) disconnected node: wbs_adr_i[21]
Cell user_project_wrapper (1) disconnected node: wbs_adr_i[20]
Cell user_project_wrapper (1) disconnected node: wbs_adr_i[19]
Cell user_project_wrapper (1) disconnected node: wbs_adr_i[18]
Cell user_project_wrapper (1) disconnected node: wbs_adr_i[17]
Cell user_project_wrapper (1) disconnected node: wbs_adr_i[16]
Cell user_project_wrapper (1) disconnected node: wbs_adr_i[15]
Cell user_project_wrapper (1) disconnected node: wbs_adr_i[14]
Cell user_project_wrapper (1) disconnected node: wbs_adr_i[13]
Cell user_project_wrapper (1) disconnected node: wbs_adr_i[12]
Cell user_project_wrapper (1) disconnected node: wbs_adr_i[11]
Cell user_project_wrapper (1) disconnected node: wbs_adr_i[10]
Cell user_project_wrapper (1) disconnected node: wbs_adr_i[9]
Cell user_project_wrapper (1) disconnected node: wbs_adr_i[8]
Cell user_project_wrapper (1) disconnected node: wbs_adr_i[7]
Cell user_project_wrapper (1) disconnected node: wbs_adr_i[6]
Cell user_project_wrapper (1) disconnected node: wbs_adr_i[5]
Cell user_project_wrapper (1) disconnected node: wbs_adr_i[4]
Cell user_project_wrapper (1) disconnected node: wbs_adr_i[3]
Cell user_project_wrapper (1) disconnected node: wbs_adr_i[2]
Cell user_project_wrapper (1) disconnected node: wbs_adr_i[1]
Cell user_project_wrapper (1) disconnected node: wbs_adr_i[0]
Cell user_project_wrapper (1) disconnected node: wbs_dat_i[31]
Cell user_project_wrapper (1) disconnected node: wbs_dat_i[30]
Cell user_project_wrapper (1) disconnected node: wbs_dat_i[29]
Cell user_project_wrapper (1) disconnected node: wbs_dat_i[28]
Cell user_project_wrapper (1) disconnected node: wbs_dat_i[27]
Cell user_project_wrapper (1) disconnected node: wbs_dat_i[26]
Cell user_project_wrapper (1) disconnected node: wbs_dat_i[25]
Cell user_project_wrapper (1) disconnected node: wbs_dat_i[24]
Cell user_project_wrapper (1) disconnected node: wbs_dat_i[23]
Cell user_project_wrapper (1) disconnected node: wbs_dat_i[22]
Cell user_project_wrapper (1) disconnected node: wbs_dat_i[21]
Cell user_project_wrapper (1) disconnected node: wbs_dat_i[20]
Cell user_project_wrapper (1) disconnected node: wbs_dat_i[19]
Cell user_project_wrapper (1) disconnected node: wbs_dat_i[18]
Cell user_project_wrapper (1) disconnected node: wbs_dat_i[17]
Cell user_project_wrapper (1) disconnected node: wbs_dat_i[16]
Cell user_project_wrapper (1) disconnected node: wbs_sel_i[3]
Cell user_project_wrapper (1) disconnected node: wbs_sel_i[2]
Class user_project_wrapper (0):  Merged 42 parallel devices.
Class user_project_wrapper (1):  Merged 52 parallel devices.
Cell user_project_wrapper (0) disconnected node: analog_io[0]
Cell user_project_wrapper (0) disconnected node: analog_io[10]
Cell user_project_wrapper (0) disconnected node: analog_io[11]
Cell user_project_wrapper (0) disconnected node: analog_io[12]
Cell user_project_wrapper (0) disconnected node: analog_io[13]
Cell user_project_wrapper (0) disconnected node: analog_io[14]
Cell user_project_wrapper (0) disconnected node: analog_io[15]
Cell user_project_wrapper (0) disconnected node: analog_io[16]
Cell user_project_wrapper (0) disconnected node: analog_io[17]
Cell user_project_wrapper (0) disconnected node: analog_io[18]
Cell user_project_wrapper (0) disconnected node: analog_io[19]
Cell user_project_wrapper (0) disconnected node: analog_io[1]
Cell user_project_wrapper (0) disconnected node: analog_io[20]
Cell user_project_wrapper (0) disconnected node: analog_io[21]
Cell user_project_wrapper (0) disconnected node: analog_io[22]
Cell user_project_wrapper (0) disconnected node: analog_io[23]
Cell user_project_wrapper (0) disconnected node: analog_io[24]
Cell user_project_wrapper (0) disconnected node: analog_io[25]
Cell user_project_wrapper (0) disconnected node: analog_io[26]
Cell user_project_wrapper (0) disconnected node: analog_io[27]
Cell user_project_wrapper (0) disconnected node: analog_io[28]
Cell user_project_wrapper (0) disconnected node: analog_io[2]
Cell user_project_wrapper (0) disconnected node: analog_io[3]
Cell user_project_wrapper (0) disconnected node: analog_io[4]
Cell user_project_wrapper (0) disconnected node: analog_io[5]
Cell user_project_wrapper (0) disconnected node: analog_io[6]
Cell user_project_wrapper (0) disconnected node: analog_io[7]
Cell user_project_wrapper (0) disconnected node: analog_io[8]
Cell user_project_wrapper (0) disconnected node: analog_io[9]
Cell user_project_wrapper (0) disconnected node: io_in[0]
Cell user_project_wrapper (0) disconnected node: io_in[10]
Cell user_project_wrapper (0) disconnected node: io_in[11]
Cell user_project_wrapper (0) disconnected node: io_in[12]
Cell user_project_wrapper (0) disconnected node: io_in[13]
Cell user_project_wrapper (0) disconnected node: io_in[14]
Cell user_project_wrapper (0) disconnected node: io_in[15]
Cell user_project_wrapper (0) disconnected node: io_in[16]
Cell user_project_wrapper (0) disconnected node: io_in[17]
Cell user_project_wrapper (0) disconnected node: io_in[18]
Cell user_project_wrapper (0) disconnected node: io_in[19]
Cell user_project_wrapper (0) disconnected node: io_in[1]
Cell user_project_wrapper (0) disconnected node: io_in[20]
Cell user_project_wrapper (0) disconnected node: io_in[21]
Cell user_project_wrapper (0) disconnected node: io_in[22]
Cell user_project_wrapper (0) disconnected node: io_in[23]
Cell user_project_wrapper (0) disconnected node: io_in[24]
Cell user_project_wrapper (0) disconnected node: io_in[25]
Cell user_project_wrapper (0) disconnected node: io_in[26]
Cell user_project_wrapper (0) disconnected node: io_in[27]
Cell user_project_wrapper (0) disconnected node: io_in[28]
Cell user_project_wrapper (0) disconnected node: io_in[29]
Cell user_project_wrapper (0) disconnected node: io_in[2]
Cell user_project_wrapper (0) disconnected node: io_in[30]
Cell user_project_wrapper (0) disconnected node: io_in[31]
Cell user_project_wrapper (0) disconnected node: io_in[32]
Cell user_project_wrapper (0) disconnected node: io_in[33]
Cell user_project_wrapper (0) disconnected node: io_in[34]
Cell user_project_wrapper (0) disconnected node: io_in[35]
Cell user_project_wrapper (0) disconnected node: io_in[36]
Cell user_project_wrapper (0) disconnected node: io_in[37]
Cell user_project_wrapper (0) disconnected node: io_in[3]
Cell user_project_wrapper (0) disconnected node: io_in[4]
Cell user_project_wrapper (0) disconnected node: io_in[5]
Cell user_project_wrapper (0) disconnected node: io_in[6]
Cell user_project_wrapper (0) disconnected node: io_in[7]
Cell user_project_wrapper (0) disconnected node: io_in[8]
Cell user_project_wrapper (0) disconnected node: io_in[9]
Cell user_project_wrapper (0) disconnected node: la_data_in[0]
Cell user_project_wrapper (0) disconnected node: la_data_in[100]
Cell user_project_wrapper (0) disconnected node: la_data_in[101]
Cell user_project_wrapper (0) disconnected node: la_data_in[102]
Cell user_project_wrapper (0) disconnected node: la_data_in[103]
Cell user_project_wrapper (0) disconnected node: la_data_in[104]
Cell user_project_wrapper (0) disconnected node: la_data_in[105]
Cell user_project_wrapper (0) disconnected node: la_data_in[106]
Cell user_project_wrapper (0) disconnected node: la_data_in[107]
Cell user_project_wrapper (0) disconnected node: la_data_in[108]
Cell user_project_wrapper (0) disconnected node: la_data_in[109]
Cell user_project_wrapper (0) disconnected node: la_data_in[10]
Cell user_project_wrapper (0) disconnected node: la_data_in[110]
Cell user_project_wrapper (0) disconnected node: la_data_in[111]
Cell user_project_wrapper (0) disconnected node: la_data_in[112]
Cell user_project_wrapper (0) disconnected node: la_data_in[113]
Cell user_project_wrapper (0) disconnected node: la_data_in[114]
Cell user_project_wrapper (0) disconnected node: la_data_in[115]
Cell user_project_wrapper (0) disconnected node: la_data_in[116]
Cell user_project_wrapper (0) disconnected node: la_data_in[117]
Cell user_project_wrapper (0) disconnected node: la_data_in[118]
Cell user_project_wrapper (0) disconnected node: la_data_in[119]
Cell user_project_wrapper (0) disconnected node: la_data_in[11]
Cell user_project_wrapper (0) disconnected node: la_data_in[120]
Cell user_project_wrapper (0) disconnected node: la_data_in[121]
Cell user_project_wrapper (0) disconnected node: la_data_in[122]
Cell user_project_wrapper (0) disconnected node: la_data_in[123]
Cell user_project_wrapper (0) disconnected node: la_data_in[124]
Cell user_project_wrapper (0) disconnected node: la_data_in[125]
Cell user_project_wrapper (0) disconnected node: la_data_in[126]
Cell user_project_wrapper (0) disconnected node: la_data_in[127]
Cell user_project_wrapper (0) disconnected node: la_data_in[12]
Cell user_project_wrapper (0) disconnected node: la_data_in[13]
Cell user_project_wrapper (0) disconnected node: la_data_in[14]
Cell user_project_wrapper (0) disconnected node: la_data_in[15]
Cell user_project_wrapper (0) disconnected node: la_data_in[16]
Cell user_project_wrapper (0) disconnected node: la_data_in[17]
Cell user_project_wrapper (0) disconnected node: la_data_in[18]
Cell user_project_wrapper (0) disconnected node: la_data_in[19]
Cell user_project_wrapper (0) disconnected node: la_data_in[1]
Cell user_project_wrapper (0) disconnected node: la_data_in[20]
Cell user_project_wrapper (0) disconnected node: la_data_in[21]
Cell user_project_wrapper (0) disconnected node: la_data_in[22]
Cell user_project_wrapper (0) disconnected node: la_data_in[23]
Cell user_project_wrapper (0) disconnected node: la_data_in[24]
Cell user_project_wrapper (0) disconnected node: la_data_in[25]
Cell user_project_wrapper (0) disconnected node: la_data_in[26]
Cell user_project_wrapper (0) disconnected node: la_data_in[27]
Cell user_project_wrapper (0) disconnected node: la_data_in[28]
Cell user_project_wrapper (0) disconnected node: la_data_in[29]
Cell user_project_wrapper (0) disconnected node: la_data_in[2]
Cell user_project_wrapper (0) disconnected node: la_data_in[30]
Cell user_project_wrapper (0) disconnected node: la_data_in[31]
Cell user_project_wrapper (0) disconnected node: la_data_in[32]
Cell user_project_wrapper (0) disconnected node: la_data_in[33]
Cell user_project_wrapper (0) disconnected node: la_data_in[34]
Cell user_project_wrapper (0) disconnected node: la_data_in[35]
Cell user_project_wrapper (0) disconnected node: la_data_in[36]
Cell user_project_wrapper (0) disconnected node: la_data_in[37]
Cell user_project_wrapper (0) disconnected node: la_data_in[38]
Cell user_project_wrapper (0) disconnected node: la_data_in[39]
Cell user_project_wrapper (0) disconnected node: la_data_in[3]
Cell user_project_wrapper (0) disconnected node: la_data_in[40]
Cell user_project_wrapper (0) disconnected node: la_data_in[41]
Cell user_project_wrapper (0) disconnected node: la_data_in[42]
Cell user_project_wrapper (0) disconnected node: la_data_in[43]
Cell user_project_wrapper (0) disconnected node: la_data_in[44]
Cell user_project_wrapper (0) disconnected node: la_data_in[45]
Cell user_project_wrapper (0) disconnected node: la_data_in[46]
Cell user_project_wrapper (0) disconnected node: la_data_in[47]
Cell user_project_wrapper (0) disconnected node: la_data_in[4]
Cell user_project_wrapper (0) disconnected node: la_data_in[5]
Cell user_project_wrapper (0) disconnected node: la_data_in[66]
Cell user_project_wrapper (0) disconnected node: la_data_in[67]
Cell user_project_wrapper (0) disconnected node: la_data_in[68]
Cell user_project_wrapper (0) disconnected node: la_data_in[69]
Cell user_project_wrapper (0) disconnected node: la_data_in[6]
Cell user_project_wrapper (0) disconnected node: la_data_in[70]
Cell user_project_wrapper (0) disconnected node: la_data_in[71]
Cell user_project_wrapper (0) disconnected node: la_data_in[72]
Cell user_project_wrapper (0) disconnected node: la_data_in[73]
Cell user_project_wrapper (0) disconnected node: la_data_in[74]
Cell user_project_wrapper (0) disconnected node: la_data_in[75]
Cell user_project_wrapper (0) disconnected node: la_data_in[76]
Cell user_project_wrapper (0) disconnected node: la_data_in[77]
Cell user_project_wrapper (0) disconnected node: la_data_in[78]
Cell user_project_wrapper (0) disconnected node: la_data_in[79]
Cell user_project_wrapper (0) disconnected node: la_data_in[7]
Cell user_project_wrapper (0) disconnected node: la_data_in[80]
Cell user_project_wrapper (0) disconnected node: la_data_in[81]
Cell user_project_wrapper (0) disconnected node: la_data_in[82]
Cell user_project_wrapper (0) disconnected node: la_data_in[83]
Cell user_project_wrapper (0) disconnected node: la_data_in[84]
Cell user_project_wrapper (0) disconnected node: la_data_in[85]
Cell user_project_wrapper (0) disconnected node: la_data_in[86]
Cell user_project_wrapper (0) disconnected node: la_data_in[87]
Cell user_project_wrapper (0) disconnected node: la_data_in[88]
Cell user_project_wrapper (0) disconnected node: la_data_in[89]
Cell user_project_wrapper (0) disconnected node: la_data_in[8]
Cell user_project_wrapper (0) disconnected node: la_data_in[90]
Cell user_project_wrapper (0) disconnected node: la_data_in[91]
Cell user_project_wrapper (0) disconnected node: la_data_in[92]
Cell user_project_wrapper (0) disconnected node: la_data_in[93]
Cell user_project_wrapper (0) disconnected node: la_data_in[94]
Cell user_project_wrapper (0) disconnected node: la_data_in[95]
Cell user_project_wrapper (0) disconnected node: la_data_in[96]
Cell user_project_wrapper (0) disconnected node: la_data_in[97]
Cell user_project_wrapper (0) disconnected node: la_data_in[98]
Cell user_project_wrapper (0) disconnected node: la_data_in[99]
Cell user_project_wrapper (0) disconnected node: la_data_in[9]
Cell user_project_wrapper (0) disconnected node: la_oenb[0]
Cell user_project_wrapper (0) disconnected node: la_oenb[100]
Cell user_project_wrapper (0) disconnected node: la_oenb[101]
Cell user_project_wrapper (0) disconnected node: la_oenb[102]
Cell user_project_wrapper (0) disconnected node: la_oenb[103]
Cell user_project_wrapper (0) disconnected node: la_oenb[104]
Cell user_project_wrapper (0) disconnected node: la_oenb[105]
Cell user_project_wrapper (0) disconnected node: la_oenb[106]
Cell user_project_wrapper (0) disconnected node: la_oenb[107]
Cell user_project_wrapper (0) disconnected node: la_oenb[108]
Cell user_project_wrapper (0) disconnected node: la_oenb[109]
Cell user_project_wrapper (0) disconnected node: la_oenb[10]
Cell user_project_wrapper (0) disconnected node: la_oenb[110]
Cell user_project_wrapper (0) disconnected node: la_oenb[111]
Cell user_project_wrapper (0) disconnected node: la_oenb[112]
Cell user_project_wrapper (0) disconnected node: la_oenb[113]
Cell user_project_wrapper (0) disconnected node: la_oenb[114]
Cell user_project_wrapper (0) disconnected node: la_oenb[115]
Cell user_project_wrapper (0) disconnected node: la_oenb[116]
Cell user_project_wrapper (0) disconnected node: la_oenb[117]
Cell user_project_wrapper (0) disconnected node: la_oenb[118]
Cell user_project_wrapper (0) disconnected node: la_oenb[119]
Cell user_project_wrapper (0) disconnected node: la_oenb[11]
Cell user_project_wrapper (0) disconnected node: la_oenb[120]
Cell user_project_wrapper (0) disconnected node: la_oenb[121]
Cell user_project_wrapper (0) disconnected node: la_oenb[122]
Cell user_project_wrapper (0) disconnected node: la_oenb[123]
Cell user_project_wrapper (0) disconnected node: la_oenb[124]
Cell user_project_wrapper (0) disconnected node: la_oenb[125]
Cell user_project_wrapper (0) disconnected node: la_oenb[126]
Cell user_project_wrapper (0) disconnected node: la_oenb[127]
Cell user_project_wrapper (0) disconnected node: la_oenb[12]
Cell user_project_wrapper (0) disconnected node: la_oenb[13]
Cell user_project_wrapper (0) disconnected node: la_oenb[14]
Cell user_project_wrapper (0) disconnected node: la_oenb[15]
Cell user_project_wrapper (0) disconnected node: la_oenb[16]
Cell user_project_wrapper (0) disconnected node: la_oenb[17]
Cell user_project_wrapper (0) disconnected node: la_oenb[18]
Cell user_project_wrapper (0) disconnected node: la_oenb[19]
Cell user_project_wrapper (0) disconnected node: la_oenb[1]
Cell user_project_wrapper (0) disconnected node: la_oenb[20]
Cell user_project_wrapper (0) disconnected node: la_oenb[21]
Cell user_project_wrapper (0) disconnected node: la_oenb[22]
Cell user_project_wrapper (0) disconnected node: la_oenb[23]
Cell user_project_wrapper (0) disconnected node: la_oenb[24]
Cell user_project_wrapper (0) disconnected node: la_oenb[25]
Cell user_project_wrapper (0) disconnected node: la_oenb[26]
Cell user_project_wrapper (0) disconnected node: la_oenb[27]
Cell user_project_wrapper (0) disconnected node: la_oenb[28]
Cell user_project_wrapper (0) disconnected node: la_oenb[29]
Cell user_project_wrapper (0) disconnected node: la_oenb[2]
Cell user_project_wrapper (0) disconnected node: la_oenb[30]
Cell user_project_wrapper (0) disconnected node: la_oenb[31]
Cell user_project_wrapper (0) disconnected node: la_oenb[32]
Cell user_project_wrapper (0) disconnected node: la_oenb[33]
Cell user_project_wrapper (0) disconnected node: la_oenb[34]
Cell user_project_wrapper (0) disconnected node: la_oenb[35]
Cell user_project_wrapper (0) disconnected node: la_oenb[36]
Cell user_project_wrapper (0) disconnected node: la_oenb[37]
Cell user_project_wrapper (0) disconnected node: la_oenb[38]
Cell user_project_wrapper (0) disconnected node: la_oenb[39]
Cell user_project_wrapper (0) disconnected node: la_oenb[3]
Cell user_project_wrapper (0) disconnected node: la_oenb[40]
Cell user_project_wrapper (0) disconnected node: la_oenb[41]
Cell user_project_wrapper (0) disconnected node: la_oenb[42]
Cell user_project_wrapper (0) disconnected node: la_oenb[43]
Cell user_project_wrapper (0) disconnected node: la_oenb[44]
Cell user_project_wrapper (0) disconnected node: la_oenb[45]
Cell user_project_wrapper (0) disconnected node: la_oenb[46]
Cell user_project_wrapper (0) disconnected node: la_oenb[47]
Cell user_project_wrapper (0) disconnected node: la_oenb[4]
Cell user_project_wrapper (0) disconnected node: la_oenb[5]
Cell user_project_wrapper (0) disconnected node: la_oenb[66]
Cell user_project_wrapper (0) disconnected node: la_oenb[67]
Cell user_project_wrapper (0) disconnected node: la_oenb[68]
Cell user_project_wrapper (0) disconnected node: la_oenb[69]
Cell user_project_wrapper (0) disconnected node: la_oenb[6]
Cell user_project_wrapper (0) disconnected node: la_oenb[70]
Cell user_project_wrapper (0) disconnected node: la_oenb[71]
Cell user_project_wrapper (0) disconnected node: la_oenb[72]
Cell user_project_wrapper (0) disconnected node: la_oenb[73]
Cell user_project_wrapper (0) disconnected node: la_oenb[74]
Cell user_project_wrapper (0) disconnected node: la_oenb[75]
Cell user_project_wrapper (0) disconnected node: la_oenb[76]
Cell user_project_wrapper (0) disconnected node: la_oenb[77]
Cell user_project_wrapper (0) disconnected node: la_oenb[78]
Cell user_project_wrapper (0) disconnected node: la_oenb[79]
Cell user_project_wrapper (0) disconnected node: la_oenb[7]
Cell user_project_wrapper (0) disconnected node: la_oenb[80]
Cell user_project_wrapper (0) disconnected node: la_oenb[81]
Cell user_project_wrapper (0) disconnected node: la_oenb[82]
Cell user_project_wrapper (0) disconnected node: la_oenb[83]
Cell user_project_wrapper (0) disconnected node: la_oenb[84]
Cell user_project_wrapper (0) disconnected node: la_oenb[85]
Cell user_project_wrapper (0) disconnected node: la_oenb[86]
Cell user_project_wrapper (0) disconnected node: la_oenb[87]
Cell user_project_wrapper (0) disconnected node: la_oenb[88]
Cell user_project_wrapper (0) disconnected node: la_oenb[89]
Cell user_project_wrapper (0) disconnected node: la_oenb[8]
Cell user_project_wrapper (0) disconnected node: la_oenb[90]
Cell user_project_wrapper (0) disconnected node: la_oenb[91]
Cell user_project_wrapper (0) disconnected node: la_oenb[92]
Cell user_project_wrapper (0) disconnected node: la_oenb[93]
Cell user_project_wrapper (0) disconnected node: la_oenb[94]
Cell user_project_wrapper (0) disconnected node: la_oenb[95]
Cell user_project_wrapper (0) disconnected node: la_oenb[96]
Cell user_project_wrapper (0) disconnected node: la_oenb[97]
Cell user_project_wrapper (0) disconnected node: la_oenb[98]
Cell user_project_wrapper (0) disconnected node: la_oenb[99]
Cell user_project_wrapper (0) disconnected node: la_oenb[9]
Cell user_project_wrapper (0) disconnected node: tck
Cell user_project_wrapper (0) disconnected node: test
Cell user_project_wrapper (0) disconnected node: user_clock2
Cell user_project_wrapper (0) disconnected node: wbs_adr_i[0]
Cell user_project_wrapper (0) disconnected node: wbs_adr_i[10]
Cell user_project_wrapper (0) disconnected node: wbs_adr_i[11]
Cell user_project_wrapper (0) disconnected node: wbs_adr_i[12]
Cell user_project_wrapper (0) disconnected node: wbs_adr_i[13]
Cell user_project_wrapper (0) disconnected node: wbs_adr_i[14]
Cell user_project_wrapper (0) disconnected node: wbs_adr_i[15]
Cell user_project_wrapper (0) disconnected node: wbs_adr_i[16]
Cell user_project_wrapper (0) disconnected node: wbs_adr_i[17]
Cell user_project_wrapper (0) disconnected node: wbs_adr_i[18]
Cell user_project_wrapper (0) disconnected node: wbs_adr_i[19]
Cell user_project_wrapper (0) disconnected node: wbs_adr_i[1]
Cell user_project_wrapper (0) disconnected node: wbs_adr_i[20]
Cell user_project_wrapper (0) disconnected node: wbs_adr_i[21]
Cell user_project_wrapper (0) disconnected node: wbs_adr_i[22]
Cell user_project_wrapper (0) disconnected node: wbs_adr_i[23]
Cell user_project_wrapper (0) disconnected node: wbs_adr_i[24]
Cell user_project_wrapper (0) disconnected node: wbs_adr_i[25]
Cell user_project_wrapper (0) disconnected node: wbs_adr_i[26]
Cell user_project_wrapper (0) disconnected node: wbs_adr_i[27]
Cell user_project_wrapper (0) disconnected node: wbs_adr_i[28]
Cell user_project_wrapper (0) disconnected node: wbs_adr_i[29]
Cell user_project_wrapper (0) disconnected node: wbs_adr_i[2]
Cell user_project_wrapper (0) disconnected node: wbs_adr_i[30]
Cell user_project_wrapper (0) disconnected node: wbs_adr_i[31]
Cell user_project_wrapper (0) disconnected node: wbs_adr_i[3]
Cell user_project_wrapper (0) disconnected node: wbs_adr_i[4]
Cell user_project_wrapper (0) disconnected node: wbs_adr_i[5]
Cell user_project_wrapper (0) disconnected node: wbs_adr_i[6]
Cell user_project_wrapper (0) disconnected node: wbs_adr_i[7]
Cell user_project_wrapper (0) disconnected node: wbs_adr_i[8]
Cell user_project_wrapper (0) disconnected node: wbs_adr_i[9]
Cell user_project_wrapper (0) disconnected node: wbs_dat_i[16]
Cell user_project_wrapper (0) disconnected node: wbs_dat_i[17]
Cell user_project_wrapper (0) disconnected node: wbs_dat_i[18]
Cell user_project_wrapper (0) disconnected node: wbs_dat_i[19]
Cell user_project_wrapper (0) disconnected node: wbs_dat_i[20]
Cell user_project_wrapper (0) disconnected node: wbs_dat_i[21]
Cell user_project_wrapper (0) disconnected node: wbs_dat_i[22]
Cell user_project_wrapper (0) disconnected node: wbs_dat_i[23]
Cell user_project_wrapper (0) disconnected node: wbs_dat_i[24]
Cell user_project_wrapper (0) disconnected node: wbs_dat_i[25]
Cell user_project_wrapper (0) disconnected node: wbs_dat_i[26]
Cell user_project_wrapper (0) disconnected node: wbs_dat_i[27]
Cell user_project_wrapper (0) disconnected node: wbs_dat_i[28]
Cell user_project_wrapper (0) disconnected node: wbs_dat_i[29]
Cell user_project_wrapper (0) disconnected node: wbs_dat_i[30]
Cell user_project_wrapper (0) disconnected node: wbs_dat_i[31]
Cell user_project_wrapper (0) disconnected node: wbs_sel_i[2]
Cell user_project_wrapper (0) disconnected node: wbs_sel_i[3]
Cell user_project_wrapper (1) disconnected node: tck
Cell user_project_wrapper (1) disconnected node: test
Cell user_project_wrapper (1) disconnected node: user_clock2
Cell user_project_wrapper (1) disconnected node: analog_io[28]
Cell user_project_wrapper (1) disconnected node: analog_io[27]
Cell user_project_wrapper (1) disconnected node: analog_io[26]
Cell user_project_wrapper (1) disconnected node: analog_io[25]
Cell user_project_wrapper (1) disconnected node: analog_io[24]
Cell user_project_wrapper (1) disconnected node: analog_io[23]
Cell user_project_wrapper (1) disconnected node: analog_io[22]
Cell user_project_wrapper (1) disconnected node: analog_io[21]
Cell user_project_wrapper (1) disconnected node: analog_io[20]
Cell user_project_wrapper (1) disconnected node: analog_io[19]
Cell user_project_wrapper (1) disconnected node: analog_io[18]
Cell user_project_wrapper (1) disconnected node: analog_io[17]
Cell user_project_wrapper (1) disconnected node: analog_io[16]
Cell user_project_wrapper (1) disconnected node: analog_io[15]
Cell user_project_wrapper (1) disconnected node: analog_io[14]
Cell user_project_wrapper (1) disconnected node: analog_io[13]
Cell user_project_wrapper (1) disconnected node: analog_io[12]
Cell user_project_wrapper (1) disconnected node: analog_io[11]
Cell user_project_wrapper (1) disconnected node: analog_io[10]
Cell user_project_wrapper (1) disconnected node: analog_io[9]
Cell user_project_wrapper (1) disconnected node: analog_io[8]
Cell user_project_wrapper (1) disconnected node: analog_io[7]
Cell user_project_wrapper (1) disconnected node: analog_io[6]
Cell user_project_wrapper (1) disconnected node: analog_io[5]
Cell user_project_wrapper (1) disconnected node: analog_io[4]
Cell user_project_wrapper (1) disconnected node: analog_io[3]
Cell user_project_wrapper (1) disconnected node: analog_io[2]
Cell user_project_wrapper (1) disconnected node: analog_io[1]
Cell user_project_wrapper (1) disconnected node: analog_io[0]
Cell user_project_wrapper (1) disconnected node: io_in[37]
Cell user_project_wrapper (1) disconnected node: io_in[36]
Cell user_project_wrapper (1) disconnected node: io_in[35]
Cell user_project_wrapper (1) disconnected node: io_in[34]
Cell user_project_wrapper (1) disconnected node: io_in[33]
Cell user_project_wrapper (1) disconnected node: io_in[32]
Cell user_project_wrapper (1) disconnected node: io_in[31]
Cell user_project_wrapper (1) disconnected node: io_in[30]
Cell user_project_wrapper (1) disconnected node: io_in[29]
Cell user_project_wrapper (1) disconnected node: io_in[28]
Cell user_project_wrapper (1) disconnected node: io_in[27]
Cell user_project_wrapper (1) disconnected node: io_in[26]
Cell user_project_wrapper (1) disconnected node: io_in[25]
Cell user_project_wrapper (1) disconnected node: io_in[24]
Cell user_project_wrapper (1) disconnected node: io_in[23]
Cell user_project_wrapper (1) disconnected node: io_in[22]
Cell user_project_wrapper (1) disconnected node: io_in[21]
Cell user_project_wrapper (1) disconnected node: io_in[20]
Cell user_project_wrapper (1) disconnected node: io_in[19]
Cell user_project_wrapper (1) disconnected node: io_in[18]
Cell user_project_wrapper (1) disconnected node: io_in[17]
Cell user_project_wrapper (1) disconnected node: io_in[16]
Cell user_project_wrapper (1) disconnected node: io_in[15]
Cell user_project_wrapper (1) disconnected node: io_in[14]
Cell user_project_wrapper (1) disconnected node: io_in[13]
Cell user_project_wrapper (1) disconnected node: io_in[12]
Cell user_project_wrapper (1) disconnected node: io_in[11]
Cell user_project_wrapper (1) disconnected node: io_in[10]
Cell user_project_wrapper (1) disconnected node: io_in[9]
Cell user_project_wrapper (1) disconnected node: io_in[8]
Cell user_project_wrapper (1) disconnected node: io_in[7]
Cell user_project_wrapper (1) disconnected node: io_in[6]
Cell user_project_wrapper (1) disconnected node: io_in[5]
Cell user_project_wrapper (1) disconnected node: io_in[4]
Cell user_project_wrapper (1) disconnected node: io_in[3]
Cell user_project_wrapper (1) disconnected node: io_in[2]
Cell user_project_wrapper (1) disconnected node: io_in[1]
Cell user_project_wrapper (1) disconnected node: io_in[0]
Cell user_project_wrapper (1) disconnected node: la_data_in[127]
Cell user_project_wrapper (1) disconnected node: la_data_in[126]
Cell user_project_wrapper (1) disconnected node: la_data_in[125]
Cell user_project_wrapper (1) disconnected node: la_data_in[124]
Cell user_project_wrapper (1) disconnected node: la_data_in[123]
Cell user_project_wrapper (1) disconnected node: la_data_in[122]
Cell user_project_wrapper (1) disconnected node: la_data_in[121]
Cell user_project_wrapper (1) disconnected node: la_data_in[120]
Cell user_project_wrapper (1) disconnected node: la_data_in[119]
Cell user_project_wrapper (1) disconnected node: la_data_in[118]
Cell user_project_wrapper (1) disconnected node: la_data_in[117]
Cell user_project_wrapper (1) disconnected node: la_data_in[116]
Cell user_project_wrapper (1) disconnected node: la_data_in[115]
Cell user_project_wrapper (1) disconnected node: la_data_in[114]
Cell user_project_wrapper (1) disconnected node: la_data_in[113]
Cell user_project_wrapper (1) disconnected node: la_data_in[112]
Cell user_project_wrapper (1) disconnected node: la_data_in[111]
Cell user_project_wrapper (1) disconnected node: la_data_in[110]
Cell user_project_wrapper (1) disconnected node: la_data_in[109]
Cell user_project_wrapper (1) disconnected node: la_data_in[108]
Cell user_project_wrapper (1) disconnected node: la_data_in[107]
Cell user_project_wrapper (1) disconnected node: la_data_in[106]
Cell user_project_wrapper (1) disconnected node: la_data_in[105]
Cell user_project_wrapper (1) disconnected node: la_data_in[104]
Cell user_project_wrapper (1) disconnected node: la_data_in[103]
Cell user_project_wrapper (1) disconnected node: la_data_in[102]
Cell user_project_wrapper (1) disconnected node: la_data_in[101]
Cell user_project_wrapper (1) disconnected node: la_data_in[100]
Cell user_project_wrapper (1) disconnected node: la_data_in[99]
Cell user_project_wrapper (1) disconnected node: la_data_in[98]
Cell user_project_wrapper (1) disconnected node: la_data_in[97]
Cell user_project_wrapper (1) disconnected node: la_data_in[96]
Cell user_project_wrapper (1) disconnected node: la_data_in[95]
Cell user_project_wrapper (1) disconnected node: la_data_in[94]
Cell user_project_wrapper (1) disconnected node: la_data_in[93]
Cell user_project_wrapper (1) disconnected node: la_data_in[92]
Cell user_project_wrapper (1) disconnected node: la_data_in[91]
Cell user_project_wrapper (1) disconnected node: la_data_in[90]
Cell user_project_wrapper (1) disconnected node: la_data_in[89]
Cell user_project_wrapper (1) disconnected node: la_data_in[88]
Cell user_project_wrapper (1) disconnected node: la_data_in[87]
Cell user_project_wrapper (1) disconnected node: la_data_in[86]
Cell user_project_wrapper (1) disconnected node: la_data_in[85]
Cell user_project_wrapper (1) disconnected node: la_data_in[84]
Cell user_project_wrapper (1) disconnected node: la_data_in[83]
Cell user_project_wrapper (1) disconnected node: la_data_in[82]
Cell user_project_wrapper (1) disconnected node: la_data_in[81]
Cell user_project_wrapper (1) disconnected node: la_data_in[80]
Cell user_project_wrapper (1) disconnected node: la_data_in[79]
Cell user_project_wrapper (1) disconnected node: la_data_in[78]
Cell user_project_wrapper (1) disconnected node: la_data_in[77]
Cell user_project_wrapper (1) disconnected node: la_data_in[76]
Cell user_project_wrapper (1) disconnected node: la_data_in[75]
Cell user_project_wrapper (1) disconnected node: la_data_in[74]
Cell user_project_wrapper (1) disconnected node: la_data_in[73]
Cell user_project_wrapper (1) disconnected node: la_data_in[72]
Cell user_project_wrapper (1) disconnected node: la_data_in[71]
Cell user_project_wrapper (1) disconnected node: la_data_in[70]
Cell user_project_wrapper (1) disconnected node: la_data_in[69]
Cell user_project_wrapper (1) disconnected node: la_data_in[68]
Cell user_project_wrapper (1) disconnected node: la_data_in[67]
Cell user_project_wrapper (1) disconnected node: la_data_in[66]
Cell user_project_wrapper (1) disconnected node: la_data_in[47]
Cell user_project_wrapper (1) disconnected node: la_data_in[46]
Cell user_project_wrapper (1) disconnected node: la_data_in[45]
Cell user_project_wrapper (1) disconnected node: la_data_in[44]
Cell user_project_wrapper (1) disconnected node: la_data_in[43]
Cell user_project_wrapper (1) disconnected node: la_data_in[42]
Cell user_project_wrapper (1) disconnected node: la_data_in[41]
Cell user_project_wrapper (1) disconnected node: la_data_in[40]
Cell user_project_wrapper (1) disconnected node: la_data_in[39]
Cell user_project_wrapper (1) disconnected node: la_data_in[38]
Cell user_project_wrapper (1) disconnected node: la_data_in[37]
Cell user_project_wrapper (1) disconnected node: la_data_in[36]
Cell user_project_wrapper (1) disconnected node: la_data_in[35]
Cell user_project_wrapper (1) disconnected node: la_data_in[34]
Cell user_project_wrapper (1) disconnected node: la_data_in[33]
Cell user_project_wrapper (1) disconnected node: la_data_in[32]
Cell user_project_wrapper (1) disconnected node: la_data_in[31]
Cell user_project_wrapper (1) disconnected node: la_data_in[30]
Cell user_project_wrapper (1) disconnected node: la_data_in[29]
Cell user_project_wrapper (1) disconnected node: la_data_in[28]
Cell user_project_wrapper (1) disconnected node: la_data_in[27]
Cell user_project_wrapper (1) disconnected node: la_data_in[26]
Cell user_project_wrapper (1) disconnected node: la_data_in[25]
Cell user_project_wrapper (1) disconnected node: la_data_in[24]
Cell user_project_wrapper (1) disconnected node: la_data_in[23]
Cell user_project_wrapper (1) disconnected node: la_data_in[22]
Cell user_project_wrapper (1) disconnected node: la_data_in[21]
Cell user_project_wrapper (1) disconnected node: la_data_in[20]
Cell user_project_wrapper (1) disconnected node: la_data_in[19]
Cell user_project_wrapper (1) disconnected node: la_data_in[18]
Cell user_project_wrapper (1) disconnected node: la_data_in[17]
Cell user_project_wrapper (1) disconnected node: la_data_in[16]
Cell user_project_wrapper (1) disconnected node: la_data_in[15]
Cell user_project_wrapper (1) disconnected node: la_data_in[14]
Cell user_project_wrapper (1) disconnected node: la_data_in[13]
Cell user_project_wrapper (1) disconnected node: la_data_in[12]
Cell user_project_wrapper (1) disconnected node: la_data_in[11]
Cell user_project_wrapper (1) disconnected node: la_data_in[10]
Cell user_project_wrapper (1) disconnected node: la_data_in[9]
Cell user_project_wrapper (1) disconnected node: la_data_in[8]
Cell user_project_wrapper (1) disconnected node: la_data_in[7]
Cell user_project_wrapper (1) disconnected node: la_data_in[6]
Cell user_project_wrapper (1) disconnected node: la_data_in[5]
Cell user_project_wrapper (1) disconnected node: la_data_in[4]
Cell user_project_wrapper (1) disconnected node: la_data_in[3]
Cell user_project_wrapper (1) disconnected node: la_data_in[2]
Cell user_project_wrapper (1) disconnected node: la_data_in[1]
Cell user_project_wrapper (1) disconnected node: la_data_in[0]
Cell user_project_wrapper (1) disconnected node: la_oenb[127]
Cell user_project_wrapper (1) disconnected node: la_oenb[126]
Cell user_project_wrapper (1) disconnected node: la_oenb[125]
Cell user_project_wrapper (1) disconnected node: la_oenb[124]
Cell user_project_wrapper (1) disconnected node: la_oenb[123]
Cell user_project_wrapper (1) disconnected node: la_oenb[122]
Cell user_project_wrapper (1) disconnected node: la_oenb[121]
Cell user_project_wrapper (1) disconnected node: la_oenb[120]
Cell user_project_wrapper (1) disconnected node: la_oenb[119]
Cell user_project_wrapper (1) disconnected node: la_oenb[118]
Cell user_project_wrapper (1) disconnected node: la_oenb[117]
Cell user_project_wrapper (1) disconnected node: la_oenb[116]
Cell user_project_wrapper (1) disconnected node: la_oenb[115]
Cell user_project_wrapper (1) disconnected node: la_oenb[114]
Cell user_project_wrapper (1) disconnected node: la_oenb[113]
Cell user_project_wrapper (1) disconnected node: la_oenb[112]
Cell user_project_wrapper (1) disconnected node: la_oenb[111]
Cell user_project_wrapper (1) disconnected node: la_oenb[110]
Cell user_project_wrapper (1) disconnected node: la_oenb[109]
Cell user_project_wrapper (1) disconnected node: la_oenb[108]
Cell user_project_wrapper (1) disconnected node: la_oenb[107]
Cell user_project_wrapper (1) disconnected node: la_oenb[106]
Cell user_project_wrapper (1) disconnected node: la_oenb[105]
Cell user_project_wrapper (1) disconnected node: la_oenb[104]
Cell user_project_wrapper (1) disconnected node: la_oenb[103]
Cell user_project_wrapper (1) disconnected node: la_oenb[102]
Cell user_project_wrapper (1) disconnected node: la_oenb[101]
Cell user_project_wrapper (1) disconnected node: la_oenb[100]
Cell user_project_wrapper (1) disconnected node: la_oenb[99]
Cell user_project_wrapper (1) disconnected node: la_oenb[98]
Cell user_project_wrapper (1) disconnected node: la_oenb[97]
Cell user_project_wrapper (1) disconnected node: la_oenb[96]
Cell user_project_wrapper (1) disconnected node: la_oenb[95]
Cell user_project_wrapper (1) disconnected node: la_oenb[94]
Cell user_project_wrapper (1) disconnected node: la_oenb[93]
Cell user_project_wrapper (1) disconnected node: la_oenb[92]
Cell user_project_wrapper (1) disconnected node: la_oenb[91]
Cell user_project_wrapper (1) disconnected node: la_oenb[90]
Cell user_project_wrapper (1) disconnected node: la_oenb[89]
Cell user_project_wrapper (1) disconnected node: la_oenb[88]
Cell user_project_wrapper (1) disconnected node: la_oenb[87]
Cell user_project_wrapper (1) disconnected node: la_oenb[86]
Cell user_project_wrapper (1) disconnected node: la_oenb[85]
Cell user_project_wrapper (1) disconnected node: la_oenb[84]
Cell user_project_wrapper (1) disconnected node: la_oenb[83]
Cell user_project_wrapper (1) disconnected node: la_oenb[82]
Cell user_project_wrapper (1) disconnected node: la_oenb[81]
Cell user_project_wrapper (1) disconnected node: la_oenb[80]
Cell user_project_wrapper (1) disconnected node: la_oenb[79]
Cell user_project_wrapper (1) disconnected node: la_oenb[78]
Cell user_project_wrapper (1) disconnected node: la_oenb[77]
Cell user_project_wrapper (1) disconnected node: la_oenb[76]
Cell user_project_wrapper (1) disconnected node: la_oenb[75]
Cell user_project_wrapper (1) disconnected node: la_oenb[74]
Cell user_project_wrapper (1) disconnected node: la_oenb[73]
Cell user_project_wrapper (1) disconnected node: la_oenb[72]
Cell user_project_wrapper (1) disconnected node: la_oenb[71]
Cell user_project_wrapper (1) disconnected node: la_oenb[70]
Cell user_project_wrapper (1) disconnected node: la_oenb[69]
Cell user_project_wrapper (1) disconnected node: la_oenb[68]
Cell user_project_wrapper (1) disconnected node: la_oenb[67]
Cell user_project_wrapper (1) disconnected node: la_oenb[66]
Cell user_project_wrapper (1) disconnected node: la_oenb[47]
Cell user_project_wrapper (1) disconnected node: la_oenb[46]
Cell user_project_wrapper (1) disconnected node: la_oenb[45]
Cell user_project_wrapper (1) disconnected node: la_oenb[44]
Cell user_project_wrapper (1) disconnected node: la_oenb[43]
Cell user_project_wrapper (1) disconnected node: la_oenb[42]
Cell user_project_wrapper (1) disconnected node: la_oenb[41]
Cell user_project_wrapper (1) disconnected node: la_oenb[40]
Cell user_project_wrapper (1) disconnected node: la_oenb[39]
Cell user_project_wrapper (1) disconnected node: la_oenb[38]
Cell user_project_wrapper (1) disconnected node: la_oenb[37]
Cell user_project_wrapper (1) disconnected node: la_oenb[36]
Cell user_project_wrapper (1) disconnected node: la_oenb[35]
Cell user_project_wrapper (1) disconnected node: la_oenb[34]
Cell user_project_wrapper (1) disconnected node: la_oenb[33]
Cell user_project_wrapper (1) disconnected node: la_oenb[32]
Cell user_project_wrapper (1) disconnected node: la_oenb[31]
Cell user_project_wrapper (1) disconnected node: la_oenb[30]
Cell user_project_wrapper (1) disconnected node: la_oenb[29]
Cell user_project_wrapper (1) disconnected node: la_oenb[28]
Cell user_project_wrapper (1) disconnected node: la_oenb[27]
Cell user_project_wrapper (1) disconnected node: la_oenb[26]
Cell user_project_wrapper (1) disconnected node: la_oenb[25]
Cell user_project_wrapper (1) disconnected node: la_oenb[24]
Cell user_project_wrapper (1) disconnected node: la_oenb[23]
Cell user_project_wrapper (1) disconnected node: la_oenb[22]
Cell user_project_wrapper (1) disconnected node: la_oenb[21]
Cell user_project_wrapper (1) disconnected node: la_oenb[20]
Cell user_project_wrapper (1) disconnected node: la_oenb[19]
Cell user_project_wrapper (1) disconnected node: la_oenb[18]
Cell user_project_wrapper (1) disconnected node: la_oenb[17]
Cell user_project_wrapper (1) disconnected node: la_oenb[16]
Cell user_project_wrapper (1) disconnected node: la_oenb[15]
Cell user_project_wrapper (1) disconnected node: la_oenb[14]
Cell user_project_wrapper (1) disconnected node: la_oenb[13]
Cell user_project_wrapper (1) disconnected node: la_oenb[12]
Cell user_project_wrapper (1) disconnected node: la_oenb[11]
Cell user_project_wrapper (1) disconnected node: la_oenb[10]
Cell user_project_wrapper (1) disconnected node: la_oenb[9]
Cell user_project_wrapper (1) disconnected node: la_oenb[8]
Cell user_project_wrapper (1) disconnected node: la_oenb[7]
Cell user_project_wrapper (1) disconnected node: la_oenb[6]
Cell user_project_wrapper (1) disconnected node: la_oenb[5]
Cell user_project_wrapper (1) disconnected node: la_oenb[4]
Cell user_project_wrapper (1) disconnected node: la_oenb[3]
Cell user_project_wrapper (1) disconnected node: la_oenb[2]
Cell user_project_wrapper (1) disconnected node: la_oenb[1]
Cell user_project_wrapper (1) disconnected node: la_oenb[0]
Cell user_project_wrapper (1) disconnected node: wbs_adr_i[31]
Cell user_project_wrapper (1) disconnected node: wbs_adr_i[30]
Cell user_project_wrapper (1) disconnected node: wbs_adr_i[29]
Cell user_project_wrapper (1) disconnected node: wbs_adr_i[28]
Cell user_project_wrapper (1) disconnected node: wbs_adr_i[27]
Cell user_project_wrapper (1) disconnected node: wbs_adr_i[26]
Cell user_project_wrapper (1) disconnected node: wbs_adr_i[25]
Cell user_project_wrapper (1) disconnected node: wbs_adr_i[24]
Cell user_project_wrapper (1) disconnected node: wbs_adr_i[23]
Cell user_project_wrapper (1) disconnected node: wbs_adr_i[22]
Cell user_project_wrapper (1) disconnected node: wbs_adr_i[21]
Cell user_project_wrapper (1) disconnected node: wbs_adr_i[20]
Cell user_project_wrapper (1) disconnected node: wbs_adr_i[19]
Cell user_project_wrapper (1) disconnected node: wbs_adr_i[18]
Cell user_project_wrapper (1) disconnected node: wbs_adr_i[17]
Cell user_project_wrapper (1) disconnected node: wbs_adr_i[16]
Cell user_project_wrapper (1) disconnected node: wbs_adr_i[15]
Cell user_project_wrapper (1) disconnected node: wbs_adr_i[14]
Cell user_project_wrapper (1) disconnected node: wbs_adr_i[13]
Cell user_project_wrapper (1) disconnected node: wbs_adr_i[12]
Cell user_project_wrapper (1) disconnected node: wbs_adr_i[11]
Cell user_project_wrapper (1) disconnected node: wbs_adr_i[10]
Cell user_project_wrapper (1) disconnected node: wbs_adr_i[9]
Cell user_project_wrapper (1) disconnected node: wbs_adr_i[8]
Cell user_project_wrapper (1) disconnected node: wbs_adr_i[7]
Cell user_project_wrapper (1) disconnected node: wbs_adr_i[6]
Cell user_project_wrapper (1) disconnected node: wbs_adr_i[5]
Cell user_project_wrapper (1) disconnected node: wbs_adr_i[4]
Cell user_project_wrapper (1) disconnected node: wbs_adr_i[3]
Cell user_project_wrapper (1) disconnected node: wbs_adr_i[2]
Cell user_project_wrapper (1) disconnected node: wbs_adr_i[1]
Cell user_project_wrapper (1) disconnected node: wbs_adr_i[0]
Cell user_project_wrapper (1) disconnected node: wbs_dat_i[31]
Cell user_project_wrapper (1) disconnected node: wbs_dat_i[30]
Cell user_project_wrapper (1) disconnected node: wbs_dat_i[29]
Cell user_project_wrapper (1) disconnected node: wbs_dat_i[28]
Cell user_project_wrapper (1) disconnected node: wbs_dat_i[27]
Cell user_project_wrapper (1) disconnected node: wbs_dat_i[26]
Cell user_project_wrapper (1) disconnected node: wbs_dat_i[25]
Cell user_project_wrapper (1) disconnected node: wbs_dat_i[24]
Cell user_project_wrapper (1) disconnected node: wbs_dat_i[23]
Cell user_project_wrapper (1) disconnected node: wbs_dat_i[22]
Cell user_project_wrapper (1) disconnected node: wbs_dat_i[21]
Cell user_project_wrapper (1) disconnected node: wbs_dat_i[20]
Cell user_project_wrapper (1) disconnected node: wbs_dat_i[19]
Cell user_project_wrapper (1) disconnected node: wbs_dat_i[18]
Cell user_project_wrapper (1) disconnected node: wbs_dat_i[17]
Cell user_project_wrapper (1) disconnected node: wbs_dat_i[16]
Cell user_project_wrapper (1) disconnected node: wbs_sel_i[3]
Cell user_project_wrapper (1) disconnected node: wbs_sel_i[2]
Subcircuit summary:
Circuit 1: user_project_wrapper            |Circuit 2: user_project_wrapper            
-------------------------------------------|-------------------------------------------
sky130_fd_sc_hd__conb_1 (132)              |sky130_fd_sc_hd__conb_1 (132)              
sky130_fd_sc_hd__a221oi_1 (1)              |sky130_fd_sc_hd__a221oi_1 (1)              
sky130_fd_sc_hd__clkbuf_16 (37)            |sky130_fd_sc_hd__clkbuf_16 (37)            
sky130_fd_sc_hd__edfxtp_1 (16)             |sky130_fd_sc_hd__edfxtp_1 (16)             
sky130_fd_sc_hd__and3_1 (2)                |sky130_fd_sc_hd__and3_1 (2)                
sky130_fd_sc_hd__nor2_1 (34)               |sky130_fd_sc_hd__nor2_1 (34)               
sky130_fd_sc_hd__buf_6 (91)                |sky130_fd_sc_hd__buf_6 (91)                
sky130_fd_sc_hd__clkbuf_4 (81)             |sky130_fd_sc_hd__clkbuf_4 (81)             
sky130_fd_sc_hd__clkbuf_8 (141)            |sky130_fd_sc_hd__clkbuf_8 (141)            
sky130_fd_sc_hd__clkbuf_2 (27)             |sky130_fd_sc_hd__clkbuf_2 (27)             
sky130_fd_sc_hd__dfxtp_4 (16)              |sky130_fd_sc_hd__dfxtp_4 (16)              
sky130_fd_sc_hd__buf_16 (20)               |sky130_fd_sc_hd__buf_16 (20)               
sky130_fd_sc_hd__diode_2 (69->27)          |sky130_fd_sc_hd__diode_2 (69->17) **Mismat 
sky130_fd_sc_hd__buf_12 (2)                |sky130_fd_sc_hd__buf_12 (2)                
sky130_fd_sc_hd__a22oi_1 (7)               |sky130_fd_sc_hd__a22oi_1 (7)               
sky130_fd_sc_hd__and4_2 (2)                |sky130_fd_sc_hd__and4_2 (2)                
sky130_fd_sc_hd__nand2_4 (2)               |sky130_fd_sc_hd__nand2_4 (2)               
sky130_fd_sc_hd__buf_4 (5)                 |sky130_fd_sc_hd__buf_4 (5)                 
sky130_fd_sc_hd__a31oi_1 (4)               |sky130_fd_sc_hd__a31oi_1 (4)               
sky130_fd_sc_hd__and2_0 (2)                |sky130_fd_sc_hd__and2_0 (2)                
sky130_fd_sc_hd__dfxtp_2 (1)               |sky130_fd_sc_hd__dfxtp_2 (1)               
sky130_fd_sc_hd__and2_4 (1)                |sky130_fd_sc_hd__and2_4 (1)                
sky130_fd_sc_hd__nand2_1 (11)              |sky130_fd_sc_hd__nand2_1 (11)              
sky130_fd_sc_hd__a21o_1 (1)                |sky130_fd_sc_hd__a21o_1 (1)                
sky130_fd_sc_hd__and4_1 (2)                |sky130_fd_sc_hd__and4_1 (2)                
sky130_fd_sc_hd__a21oi_1 (24)              |sky130_fd_sc_hd__a21oi_1 (24)              
sky130_fd_sc_hd__a221oi_2 (2)              |sky130_fd_sc_hd__a221oi_2 (2)              
sky130_fd_sc_hd__buf_2 (7)                 |sky130_fd_sc_hd__buf_2 (7)                 
sky130_fd_sc_hd__o21ai_0 (5)               |sky130_fd_sc_hd__o21ai_0 (5)               
sky130_fd_sc_hd__bufinv_16 (1)             |sky130_fd_sc_hd__bufinv_16 (1)             
sky130_fd_sc_hd__mux2_1 (34)               |sky130_fd_sc_hd__mux2_1 (34)               
sky130_fd_sc_hd__o21ai_2 (6)               |sky130_fd_sc_hd__o21ai_2 (6)               
sky130_fd_sc_hd__nor3b_4 (4)               |sky130_fd_sc_hd__nor3b_4 (4)               
sky130_fd_sc_hd__bufinv_8 (1)              |sky130_fd_sc_hd__bufinv_8 (1)              
sky130_fd_sc_hd__o21a_1 (2)                |sky130_fd_sc_hd__o21a_1 (2)                
sky130_fd_sc_hd__inv_2 (1)                 |sky130_fd_sc_hd__inv_2 (1)                 
sky130_fd_sc_hd__or4_2 (1)                 |sky130_fd_sc_hd__or4_2 (1)                 
sky130_fd_sc_hd__o221ai_1 (4)              |sky130_fd_sc_hd__o221ai_1 (4)              
sky130_fd_sc_hd__a41oi_1 (2)               |sky130_fd_sc_hd__a41oi_1 (2)               
sky130_fd_sc_hd__o22a_1 (9)                |sky130_fd_sc_hd__o22a_1 (9)                
sky130_fd_sc_hd__o21ai_4 (6)               |sky130_fd_sc_hd__o21ai_4 (6)               
sky130_fd_sc_hd__or4_1 (1)                 |sky130_fd_sc_hd__or4_1 (1)                 
sky130_fd_sc_hd__nor2_8 (1)                |sky130_fd_sc_hd__nor2_8 (1)                
sky130_fd_sc_hd__a211oi_2 (1)              |sky130_fd_sc_hd__a211oi_2 (1)              
sky130_fd_sc_hd__buf_8 (5)                 |sky130_fd_sc_hd__buf_8 (5)                 
sky130_fd_sc_hd__a211oi_1 (5)              |sky130_fd_sc_hd__a211oi_1 (5)              
sky130_fd_sc_hd__nand2b_2 (1)              |sky130_fd_sc_hd__nand2b_2 (1)              
sky130_fd_sc_hd__buf_1 (9)                 |sky130_fd_sc_hd__buf_1 (9)                 
sky130_fd_sc_hd__nor2b_4 (1)               |sky130_fd_sc_hd__nor2b_4 (1)               
sky130_fd_sc_hd__nor3_2 (6)                |sky130_fd_sc_hd__nor3_2 (6)                
sky130_fd_sc_hd__and2_1 (1)                |sky130_fd_sc_hd__and2_1 (1)                
sky130_fd_sc_hd__clkbuf_1 (9)              |sky130_fd_sc_hd__clkbuf_1 (9)              
sky130_fd_sc_hd__o21ai_1 (3)               |sky130_fd_sc_hd__o21ai_1 (3)               
sky130_fd_sc_hd__and2_2 (1)                |sky130_fd_sc_hd__and2_2 (1)                
sky130_fd_sc_hd__xnor2_1 (1)               |sky130_fd_sc_hd__xnor2_1 (1)               
sky130_fd_sc_hd__a31o_1 (1)                |sky130_fd_sc_hd__a31o_1 (1)                
sky130_fd_sc_hd__nand3_1 (1)               |sky130_fd_sc_hd__nand3_1 (1)               
sky130_fd_sc_hd__mux2_8 (1)                |sky130_fd_sc_hd__mux2_8 (1)                
sky130_fd_sc_hd__nor3_1 (1)                |sky130_fd_sc_hd__nor3_1 (1)                
Number of devices: 823 **Mismatch**        |Number of devices: 813 **Mismatch**        
Number of nets: 1215 **Mismatch**          |Number of nets: 858 **Mismatch**           
---------------------------------------------------------------------------------------
NET mismatches: Class fragments follow (with fanout counts):
Circuit 1: user_project_wrapper            |Circuit 2: user_project_wrapper            

---------------------------------------------------------------------------------------
Net: wire148/VPB                           |Net: net472                                
  sky130_fd_sc_hd__clkbuf_16/VPB = 1       |  sky130_fd_sc_hd__diode_2/DIODE = 1       
                                           |  sky130_fd_sc_hd__clkbuf_4/A = 1          
                                           |  sky130_fd_sc_hd__clkbuf_2/X = 1          
                                           |                                           
Net: wire145/VPB                           |Net: net119                                
  sky130_fd_sc_hd__clkbuf_16/VPB = 1       |  sky130_fd_sc_hd__diode_2/DIODE = 1       
                                           |  sky130_fd_sc_hd__mux2_1/A1 = 1           
                                           |  sky130_fd_sc_hd__clkbuf_2/X = 1          
                                           |                                           
Net: wire18/VPB                            |Net: spare_tielo                           
  sky130_fd_sc_hd__clkbuf_16/VPB = 1       |  sky130_fd_sc_hd__diode_2/DIODE = 1       
                                           |  sky130_fd_sc_hd__conb_1/LO = 1           
                                           |                                           
Net: wb_clk_i                              |Net: wb_clk_i                              
  sky130_fd_sc_hd__diode_2/DIODE = 3       |  sky130_fd_sc_hd__diode_2/DIODE = 1       
  sky130_fd_sc_hd__mux2_1/A1 = 1           |  sky130_fd_sc_hd__mux2_1/A1 = 1           
                                           |                                           
Net: VPWR                                  |Net: VPWR                                  
  sky130_fd_sc_hd__diode_2/VPWR = 27       |  sky130_fd_sc_hd__diode_2/VPWR = 17       
  sky130_fd_sc_hd__nor2_1/VPWR = 34        |  sky130_fd_sc_hd__nor2_1/VPWR = 34        
  sky130_fd_sc_hd__nor3_2/VPWR = 6         |  sky130_fd_sc_hd__nor3_2/VPWR = 6         
  sky130_fd_sc_hd__nor3b_4/VPWR = 4        |  sky130_fd_sc_hd__nor3b_4/VPWR = 4        
  sky130_fd_sc_hd__o21ai_0/VPWR = 5        |  sky130_fd_sc_hd__o21ai_0/VPWR = 5        
  sky130_fd_sc_hd__nand2_1/VPWR = 11       |  sky130_fd_sc_hd__nand2_1/VPWR = 11       
  sky130_fd_sc_hd__o221ai_1/VPWR = 4       |  sky130_fd_sc_hd__o221ai_1/VPWR = 4       
  sky130_fd_sc_hd__a21oi_1/VPWR = 24       |  sky130_fd_sc_hd__a21oi_1/VPWR = 24       
  sky130_fd_sc_hd__a211oi_1/VPWR = 5       |  sky130_fd_sc_hd__a211oi_1/VPWR = 5       
  sky130_fd_sc_hd__o21ai_2/VPWR = 6        |  sky130_fd_sc_hd__o21ai_2/VPWR = 6        
  sky130_fd_sc_hd__o22a_1/VPWR = 9         |  sky130_fd_sc_hd__o22a_1/VPWR = 9         
  sky130_fd_sc_hd__o21a_1/VPWR = 2         |  sky130_fd_sc_hd__o21a_1/VPWR = 2         
  sky130_fd_sc_hd__xnor2_1/VPWR = 1        |  sky130_fd_sc_hd__xnor2_1/VPWR = 1        
  sky130_fd_sc_hd__o21ai_4/VPWR = 6        |  sky130_fd_sc_hd__o21ai_4/VPWR = 6        
  sky130_fd_sc_hd__a211oi_2/VPWR = 1       |  sky130_fd_sc_hd__a211oi_2/VPWR = 1       
  sky130_fd_sc_hd__nor3_1/VPWR = 1         |  sky130_fd_sc_hd__nor3_1/VPWR = 1         
  sky130_fd_sc_hd__mux2_8/VPWR = 1         |  sky130_fd_sc_hd__mux2_8/VPWR = 1         
  sky130_fd_sc_hd__mux2_1/VPWR = 34        |  sky130_fd_sc_hd__mux2_1/VPWR = 34        
  sky130_fd_sc_hd__and2_1/VPWR = 1         |  sky130_fd_sc_hd__and2_1/VPWR = 1         
  sky130_fd_sc_hd__nor2b_4/VPWR = 1        |  sky130_fd_sc_hd__nor2b_4/VPWR = 1        
  sky130_fd_sc_hd__nand2b_2/VPWR = 1       |  sky130_fd_sc_hd__nand2b_2/VPWR = 1       
  sky130_fd_sc_hd__nor2_8/VPWR = 1         |  sky130_fd_sc_hd__nor2_8/VPWR = 1         
  sky130_fd_sc_hd__a22oi_1/VPWR = 7        |  sky130_fd_sc_hd__a22oi_1/VPWR = 7        
  sky130_fd_sc_hd__or4_1/VPWR = 1          |  sky130_fd_sc_hd__or4_1/VPWR = 1          
  sky130_fd_sc_hd__a31oi_1/VPWR = 4        |  sky130_fd_sc_hd__a31oi_1/VPWR = 4        
  sky130_fd_sc_hd__a41oi_1/VPWR = 2        |  sky130_fd_sc_hd__a41oi_1/VPWR = 2        
  sky130_fd_sc_hd__or4_2/VPWR = 1          |  sky130_fd_sc_hd__or4_2/VPWR = 1          
  sky130_fd_sc_hd__and2_4/VPWR = 1         |  sky130_fd_sc_hd__and2_4/VPWR = 1         
  sky130_fd_sc_hd__nand2_4/VPWR = 2        |  sky130_fd_sc_hd__nand2_4/VPWR = 2        
  sky130_fd_sc_hd__o21ai_1/VPWR = 3        |  sky130_fd_sc_hd__o21ai_1/VPWR = 3        
  sky130_fd_sc_hd__and3_1/VPWR = 2         |  sky130_fd_sc_hd__and3_1/VPWR = 2         
  sky130_fd_sc_hd__and4_1/VPWR = 2         |  sky130_fd_sc_hd__and4_1/VPWR = 2         
  sky130_fd_sc_hd__and2_0/VPWR = 2         |  sky130_fd_sc_hd__and2_0/VPWR = 2         
  sky130_fd_sc_hd__and4_2/VPWR = 2         |  sky130_fd_sc_hd__and4_2/VPWR = 2         
  sky130_fd_sc_hd__nand3_1/VPWR = 1        |  sky130_fd_sc_hd__nand3_1/VPWR = 1        
  sky130_fd_sc_hd__a31o_1/VPWR = 1         |  sky130_fd_sc_hd__a31o_1/VPWR = 1         
  sky130_fd_sc_hd__and2_2/VPWR = 1         |  sky130_fd_sc_hd__and2_2/VPWR = 1         
  sky130_fd_sc_hd__a221oi_2/VPWR = 2       |  sky130_fd_sc_hd__a221oi_2/VPWR = 2       
  sky130_fd_sc_hd__a21o_1/VPWR = 1         |  sky130_fd_sc_hd__a21o_1/VPWR = 1         
  sky130_fd_sc_hd__a221oi_1/VPWR = 1       |  sky130_fd_sc_hd__a221oi_1/VPWR = 1       
  sky130_fd_sc_hd__dfxtp_4/VPWR = 16       |  sky130_fd_sc_hd__dfxtp_4/VPWR = 16       
  sky130_fd_sc_hd__dfxtp_2/VPWR = 1        |  sky130_fd_sc_hd__dfxtp_2/VPWR = 1        
  sky130_fd_sc_hd__edfxtp_1/VPWR = 16      |  sky130_fd_sc_hd__edfxtp_1/VPWR = 16      
  sky130_fd_sc_hd__conb_1/VPWR = 132       |  sky130_fd_sc_hd__conb_1/VPWR = 132       
  sky130_fd_sc_hd__clkbuf_16/VPWR = 37     |  sky130_fd_sc_hd__clkbuf_16/VPWR = 37     
  sky130_fd_sc_hd__bufinv_16/VPWR = 1      |  sky130_fd_sc_hd__bufinv_16/VPWR = 1      
  sky130_fd_sc_hd__bufinv_8/VPWR = 1       |  sky130_fd_sc_hd__bufinv_8/VPWR = 1       
  sky130_fd_sc_hd__inv_2/VPWR = 1          |  sky130_fd_sc_hd__inv_2/VPWR = 1          
  sky130_fd_sc_hd__buf_6/VPWR = 91         |  sky130_fd_sc_hd__buf_6/VPWR = 91         
  sky130_fd_sc_hd__clkbuf_4/VPWR = 81      |  sky130_fd_sc_hd__clkbuf_4/VPWR = 81      
  sky130_fd_sc_hd__buf_2/VPWR = 7          |  sky130_fd_sc_hd__buf_2/VPWR = 7          
  sky130_fd_sc_hd__buf_4/VPWR = 5          |  sky130_fd_sc_hd__buf_4/VPWR = 5          
  sky130_fd_sc_hd__clkbuf_2/VPWR = 27      |  sky130_fd_sc_hd__clkbuf_2/VPWR = 27      
  sky130_fd_sc_hd__buf_12/VPWR = 2         |  sky130_fd_sc_hd__buf_12/VPWR = 2         
  sky130_fd_sc_hd__clkbuf_8/VPWR = 141     |  sky130_fd_sc_hd__clkbuf_8/VPWR = 141     
  sky130_fd_sc_hd__buf_1/VPWR = 9          |  sky130_fd_sc_hd__buf_1/VPWR = 9          
  sky130_fd_sc_hd__clkbuf_1/VPWR = 9       |  sky130_fd_sc_hd__clkbuf_1/VPWR = 9       
  sky130_fd_sc_hd__buf_8/VPWR = 5          |  sky130_fd_sc_hd__buf_8/VPWR = 5          
  sky130_fd_sc_hd__buf_16/VPWR = 20        |  sky130_fd_sc_hd__buf_16/VPWR = 20        
  sky130_fd_sc_hd__inv_2/VPB = 1           |                                           
  sky130_fd_sc_hd__buf_2/VPB = 2           |                                           
  sky130_fd_sc_hd__a31oi_1/VPB = 1         |                                           
  sky130_fd_sc_hd__a21oi_1/VPB = 11        |                                           
  sky130_fd_sc_hd__clkbuf_16/VPB = 18      |                                           
  sky130_fd_sc_hd__nor2_1/VPB = 11         |                                           
  sky130_fd_sc_hd__o221ai_1/VPB = 3        |                                           
  sky130_fd_sc_hd__and3_1/VPB = 1          |                                           
  sky130_fd_sc_hd__a41oi_1/VPB = 2         |                                           
  sky130_fd_sc_hd__nand2_4/VPB = 2         |                                           
  sky130_fd_sc_hd__nand2_1/VPB = 5         |                                           
  sky130_fd_sc_hd__edfxtp_1/VPB = 16       |                                           
  sky130_fd_sc_hd__o22a_1/VPB = 3          |                                           
  sky130_fd_sc_hd__o21ai_4/VPB = 6         |                                           
  sky130_fd_sc_hd__bufinv_8/VPB = 1        |                                           
  sky130_fd_sc_hd__clkbuf_8/VPB = 18       |                                           
  sky130_fd_sc_hd__and2_0/VPB = 2          |                                           
  sky130_fd_sc_hd__o21ai_2/VPB = 4         |                                           
  sky130_fd_sc_hd__nor2_8/VPB = 1          |                                           
  sky130_fd_sc_hd__and4_2/VPB = 2          |                                           
  sky130_fd_sc_hd__nor3b_4/VPB = 4         |                                           
  sky130_fd_sc_hd__o21a_1/VPB = 1          |                                           
  sky130_fd_sc_hd__clkbuf_4/VPB = 14       |                                           
  sky130_fd_sc_hd__a22oi_1/VPB = 2         |                                           
  sky130_fd_sc_hd__o21ai_0/VPB = 3         |                                           
  sky130_fd_sc_hd__a21o_1/VPB = 1          |                                           
  sky130_fd_sc_hd__nor3_2/VPB = 4          |                                           
  sky130_fd_sc_hd__a221oi_1/VPB = 1        |                                           
  sky130_fd_sc_hd__and2_1/VPB = 1          |                                           
  sky130_fd_sc_hd__conb_1/VPB = 112        |                                           
  sky130_fd_sc_hd__buf_1/VPB = 1           |                                           
  sky130_fd_sc_hd__mux2_1/VPB = 25         |                                           
  sky130_fd_sc_hd__a221oi_2/VPB = 1        |                                           
  sky130_fd_sc_hd__o21ai_1/VPB = 2         |                                           
  sky130_fd_sc_hd__diode_2/VPB = 4         |                                           
  sky130_fd_sc_hd__and2_2/VPB = 1          |                                           
  sky130_fd_sc_hd__buf_4/VPB = 3           |                                           
  sky130_fd_sc_hd__xnor2_1/VPB = 1         |                                           
  sky130_fd_sc_hd__bufinv_16/VPB = 1       |                                           
  sky130_fd_sc_hd__a31o_1/VPB = 1          |                                           
  sky130_fd_sc_hd__and2_4/VPB = 1          |                                           
  sky130_fd_sc_hd__nand3_1/VPB = 1         |                                           
  sky130_fd_sc_hd__buf_6/VPB = 15          |                                           
  sky130_fd_sc_hd__mux2_8/VPB = 1          |                                           
  sky130_fd_sc_hd__and4_1/VPB = 1          |                                           
  sky130_fd_sc_hd__buf_16/VPB = 5          |                                           
  sky130_fd_sc_hd__buf_8/VPB = 1           |                                           
  sky130_fd_sc_hd__dfxtp_4/VPB = 15        |                                           
  sky130_fd_sc_hd__a211oi_1/VPB = 1        |                                           
                                           |                                           
Net: VGND                                  |Net: VGND                                  
  sky130_fd_sc_hd__diode_2/VGND = 27       |  sky130_fd_sc_hd__diode_2/VGND = 17       
  sky130_fd_sc_hd__nor2_1/VGND = 34        |  sky130_fd_sc_hd__nor2_1/VGND = 34        
  sky130_fd_sc_hd__nor3_2/VGND = 6         |  sky130_fd_sc_hd__nor3_2/VGND = 6         
  sky130_fd_sc_hd__nor3b_4/VGND = 4        |  sky130_fd_sc_hd__nor3b_4/VGND = 4        
  sky130_fd_sc_hd__o21ai_0/VGND = 5        |  sky130_fd_sc_hd__o21ai_0/VGND = 5        
  sky130_fd_sc_hd__nand2_1/VGND = 11       |  sky130_fd_sc_hd__nand2_1/VGND = 11       
  sky130_fd_sc_hd__o221ai_1/VGND = 4       |  sky130_fd_sc_hd__o221ai_1/VGND = 4       
  sky130_fd_sc_hd__a21oi_1/VGND = 24       |  sky130_fd_sc_hd__a21oi_1/VGND = 24       
  sky130_fd_sc_hd__a211oi_1/VGND = 5       |  sky130_fd_sc_hd__a211oi_1/VGND = 5       
  sky130_fd_sc_hd__o21ai_2/VGND = 6        |  sky130_fd_sc_hd__o21ai_2/VGND = 6        
  sky130_fd_sc_hd__o22a_1/VGND = 9         |  sky130_fd_sc_hd__o22a_1/VGND = 9         
  sky130_fd_sc_hd__o21a_1/VGND = 2         |  sky130_fd_sc_hd__o21a_1/VGND = 2         
  sky130_fd_sc_hd__xnor2_1/VGND = 1        |  sky130_fd_sc_hd__xnor2_1/VGND = 1        
  sky130_fd_sc_hd__o21ai_4/VGND = 6        |  sky130_fd_sc_hd__o21ai_4/VGND = 6        
  sky130_fd_sc_hd__a211oi_2/VGND = 1       |  sky130_fd_sc_hd__a211oi_2/VGND = 1       
  sky130_fd_sc_hd__nor3_1/VGND = 1         |  sky130_fd_sc_hd__nor3_1/VGND = 1         
  sky130_fd_sc_hd__mux2_8/VGND = 1         |  sky130_fd_sc_hd__mux2_8/VGND = 1         
  sky130_fd_sc_hd__mux2_1/VGND = 34        |  sky130_fd_sc_hd__mux2_1/VGND = 34        
  sky130_fd_sc_hd__and2_1/VGND = 1         |  sky130_fd_sc_hd__and2_1/VGND = 1         
  sky130_fd_sc_hd__nor2b_4/VGND = 1        |  sky130_fd_sc_hd__nor2b_4/VGND = 1        
  sky130_fd_sc_hd__nand2b_2/VGND = 1       |  sky130_fd_sc_hd__nand2b_2/VGND = 1       
  sky130_fd_sc_hd__nor2_8/VGND = 1         |  sky130_fd_sc_hd__nor2_8/VGND = 1         
  sky130_fd_sc_hd__a22oi_1/VGND = 7        |  sky130_fd_sc_hd__a22oi_1/VGND = 7        
  sky130_fd_sc_hd__or4_1/VGND = 1          |  sky130_fd_sc_hd__or4_1/VGND = 1          
  sky130_fd_sc_hd__a31oi_1/VGND = 4        |  sky130_fd_sc_hd__a31oi_1/VGND = 4        
  sky130_fd_sc_hd__a41oi_1/VGND = 2        |  sky130_fd_sc_hd__a41oi_1/VGND = 2        
  sky130_fd_sc_hd__or4_2/VGND = 1          |  sky130_fd_sc_hd__or4_2/VGND = 1          
  sky130_fd_sc_hd__and2_4/VGND = 1         |  sky130_fd_sc_hd__and2_4/VGND = 1         
  sky130_fd_sc_hd__nand2_4/VGND = 2        |  sky130_fd_sc_hd__nand2_4/VGND = 2        
  sky130_fd_sc_hd__o21ai_1/VGND = 3        |  sky130_fd_sc_hd__o21ai_1/VGND = 3        
  sky130_fd_sc_hd__and3_1/VGND = 2         |  sky130_fd_sc_hd__and3_1/VGND = 2         
  sky130_fd_sc_hd__and4_1/VGND = 2         |  sky130_fd_sc_hd__and4_1/VGND = 2         
  sky130_fd_sc_hd__and2_0/VGND = 2         |  sky130_fd_sc_hd__and2_0/VGND = 2         
  sky130_fd_sc_hd__and4_2/VGND = 2         |  sky130_fd_sc_hd__and4_2/VGND = 2         
  sky130_fd_sc_hd__nand3_1/VGND = 1        |  sky130_fd_sc_hd__nand3_1/VGND = 1        
  sky130_fd_sc_hd__a31o_1/VGND = 1         |  sky130_fd_sc_hd__a31o_1/VGND = 1         
  sky130_fd_sc_hd__and2_2/VGND = 1         |  sky130_fd_sc_hd__and2_2/VGND = 1         
  sky130_fd_sc_hd__a221oi_2/VGND = 2       |  sky130_fd_sc_hd__a221oi_2/VGND = 2       
  sky130_fd_sc_hd__a21o_1/VGND = 1         |  sky130_fd_sc_hd__a21o_1/VGND = 1         
  sky130_fd_sc_hd__a221oi_1/VGND = 1       |  sky130_fd_sc_hd__a221oi_1/VGND = 1       
  sky130_fd_sc_hd__dfxtp_4/VGND = 16       |  sky130_fd_sc_hd__dfxtp_4/VGND = 16       
  sky130_fd_sc_hd__dfxtp_2/VGND = 1        |  sky130_fd_sc_hd__dfxtp_2/VGND = 1        
  sky130_fd_sc_hd__edfxtp_1/VGND = 16      |  sky130_fd_sc_hd__edfxtp_1/VGND = 16      
  sky130_fd_sc_hd__conb_1/VGND = 132       |  sky130_fd_sc_hd__conb_1/VGND = 132       
  sky130_fd_sc_hd__clkbuf_16/VGND = 37     |  sky130_fd_sc_hd__clkbuf_16/VGND = 37     
  sky130_fd_sc_hd__bufinv_16/VGND = 1      |  sky130_fd_sc_hd__bufinv_16/VGND = 1      
  sky130_fd_sc_hd__bufinv_8/VGND = 1       |  sky130_fd_sc_hd__bufinv_8/VGND = 1       
  sky130_fd_sc_hd__inv_2/VGND = 1          |  sky130_fd_sc_hd__inv_2/VGND = 1          
  sky130_fd_sc_hd__buf_6/VGND = 91         |  sky130_fd_sc_hd__buf_6/VGND = 91         
  sky130_fd_sc_hd__clkbuf_4/VGND = 81      |  sky130_fd_sc_hd__clkbuf_4/VGND = 81      
  sky130_fd_sc_hd__buf_2/VGND = 7          |  sky130_fd_sc_hd__buf_2/VGND = 7          
  sky130_fd_sc_hd__buf_4/VGND = 5          |  sky130_fd_sc_hd__buf_4/VGND = 5          
  sky130_fd_sc_hd__clkbuf_2/VGND = 27      |  sky130_fd_sc_hd__clkbuf_2/VGND = 27      
  sky130_fd_sc_hd__buf_12/VGND = 2         |  sky130_fd_sc_hd__buf_12/VGND = 2         
  sky130_fd_sc_hd__clkbuf_8/VGND = 141     |  sky130_fd_sc_hd__clkbuf_8/VGND = 141     
  sky130_fd_sc_hd__buf_1/VGND = 9          |  sky130_fd_sc_hd__buf_1/VGND = 9          
  sky130_fd_sc_hd__clkbuf_1/VGND = 9       |  sky130_fd_sc_hd__clkbuf_1/VGND = 9       
  sky130_fd_sc_hd__buf_8/VGND = 5          |  sky130_fd_sc_hd__buf_8/VGND = 5          
  sky130_fd_sc_hd__buf_16/VGND = 20        |  sky130_fd_sc_hd__buf_16/VGND = 20        
  sky130_fd_sc_hd__bufinv_16/VNB = 1       |                                           
  sky130_fd_sc_hd__clkbuf_8/VNB = 141      |                                           
  sky130_fd_sc_hd__mux2_1/VNB = 34         |                                           
  sky130_fd_sc_hd__and3_1/VNB = 2          |                                           
  sky130_fd_sc_hd__o21ai_2/VNB = 6         |                                           
  sky130_fd_sc_hd__a221oi_1/VNB = 1        |                                           
  sky130_fd_sc_hd__nor3b_4/VNB = 4         |                                           
  sky130_fd_sc_hd__nand2_1/VNB = 11        |                                           
  sky130_fd_sc_hd__bufinv_8/VNB = 1        |                                           
  sky130_fd_sc_hd__nor2_1/VNB = 34         |                                           
  sky130_fd_sc_hd__o21a_1/VNB = 2          |                                           
  sky130_fd_sc_hd__a21o_1/VNB = 1          |                                           
  sky130_fd_sc_hd__inv_2/VNB = 1           |                                           
  sky130_fd_sc_hd__a221oi_2/VNB = 2        |                                           
  sky130_fd_sc_hd__or4_2/VNB = 1           |                                           
  sky130_fd_sc_hd__buf_12/VNB = 2          |                                           
  sky130_fd_sc_hd__o221ai_1/VNB = 4        |                                           
  sky130_fd_sc_hd__diode_2/VNB = 27        |                                           
  sky130_fd_sc_hd__a41oi_1/VNB = 2         |                                           
  sky130_fd_sc_hd__conb_1/VNB = 132        |                                           
  sky130_fd_sc_hd__o22a_1/VNB = 9          |                                           
  sky130_fd_sc_hd__buf_6/VNB = 91          |                                           
  sky130_fd_sc_hd__o21ai_4/VNB = 6         |                                           
  sky130_fd_sc_hd__buf_16/VNB = 20         |                                           
  sky130_fd_sc_hd__or4_1/VNB = 1           |                                           
  sky130_fd_sc_hd__dfxtp_4/VNB = 16        |                                           
  sky130_fd_sc_hd__nor2_8/VNB = 1          |                                           
  sky130_fd_sc_hd__and4_1/VNB = 2          |                                           
  sky130_fd_sc_hd__a211oi_2/VNB = 1        |                                           
  sky130_fd_sc_hd__o21ai_0/VNB = 5         |                                           
  sky130_fd_sc_hd__buf_8/VNB = 5           |                                           
  sky130_fd_sc_hd__nand2_4/VNB = 2         |                                           
  sky130_fd_sc_hd__a211oi_1/VNB = 5        |                                           
  sky130_fd_sc_hd__dfxtp_2/VNB = 1         |                                           
  sky130_fd_sc_hd__nand2b_2/VNB = 1        |                                           
  sky130_fd_sc_hd__buf_2/VNB = 7           |                                           
  sky130_fd_sc_hd__buf_1/VNB = 9           |                                           
  sky130_fd_sc_hd__clkbuf_2/VNB = 27       |                                           
  sky130_fd_sc_hd__nor2b_4/VNB = 1         |                                           
  sky130_fd_sc_hd__and2_0/VNB = 2          |                                           
  sky130_fd_sc_hd__nor3_2/VNB = 6          |                                           
  sky130_fd_sc_hd__a31oi_1/VNB = 4         |                                           
  sky130_fd_sc_hd__and2_1/VNB = 1          |                                           
  sky130_fd_sc_hd__clkbuf_16/VNB = 37      |                                           
  sky130_fd_sc_hd__clkbuf_1/VNB = 9        |                                           
  sky130_fd_sc_hd__a22oi_1/VNB = 7         |                                           
  sky130_fd_sc_hd__o21ai_1/VNB = 3         |                                           
  sky130_fd_sc_hd__and2_4/VNB = 1          |                                           
  sky130_fd_sc_hd__and2_2/VNB = 1          |                                           
  sky130_fd_sc_hd__and4_2/VNB = 2          |                                           
  sky130_fd_sc_hd__xnor2_1/VNB = 1         |                                           
  sky130_fd_sc_hd__buf_4/VNB = 5           |                                           
  sky130_fd_sc_hd__a31o_1/VNB = 1          |                                           
  sky130_fd_sc_hd__a21oi_1/VNB = 24        |                                           
  sky130_fd_sc_hd__nand3_1/VNB = 1         |                                           
  sky130_fd_sc_hd__edfxtp_1/VNB = 16       |                                           
  sky130_fd_sc_hd__mux2_8/VNB = 1          |                                           
  sky130_fd_sc_hd__clkbuf_4/VNB = 81       |                                           
  sky130_fd_sc_hd__nor3_1/VNB = 1          |                                           
                                           |                                           
Net: wire159/VPB                           |Net: VPB                                   
  sky130_fd_sc_hd__clkbuf_16/VPB = 1       |  sky130_fd_sc_hd__diode_2/VPB = 17        
                                           |  sky130_fd_sc_hd__nor2_1/VPB = 34         
                                           |  sky130_fd_sc_hd__nor3_2/VPB = 6          
                                           |  sky130_fd_sc_hd__nor3b_4/VPB = 4         
                                           |  sky130_fd_sc_hd__o21ai_0/VPB = 5         
                                           |  sky130_fd_sc_hd__nand2_1/VPB = 11        
                                           |  sky130_fd_sc_hd__o221ai_1/VPB = 4        
                                           |  sky130_fd_sc_hd__a21oi_1/VPB = 24        
                                           |  sky130_fd_sc_hd__a211oi_1/VPB = 5        
                                           |  sky130_fd_sc_hd__o21ai_2/VPB = 6         
                                           |  sky130_fd_sc_hd__o22a_1/VPB = 9          
                                           |  sky130_fd_sc_hd__o21a_1/VPB = 2          
                                           |  sky130_fd_sc_hd__xnor2_1/VPB = 1         
                                           |  sky130_fd_sc_hd__o21ai_4/VPB = 6         
                                           |  sky130_fd_sc_hd__a211oi_2/VPB = 1        
                                           |  sky130_fd_sc_hd__nor3_1/VPB = 1          
                                           |  sky130_fd_sc_hd__mux2_8/VPB = 1          
                                           |  sky130_fd_sc_hd__mux2_1/VPB = 34         
                                           |  sky130_fd_sc_hd__and2_1/VPB = 1          
                                           |  sky130_fd_sc_hd__nor2b_4/VPB = 1         
                                           |  sky130_fd_sc_hd__nand2b_2/VPB = 1        
                                           |  sky130_fd_sc_hd__nor2_8/VPB = 1          
                                           |  sky130_fd_sc_hd__a22oi_1/VPB = 7         
                                           |  sky130_fd_sc_hd__or4_1/VPB = 1           
                                           |  sky130_fd_sc_hd__a31oi_1/VPB = 4         
                                           |  sky130_fd_sc_hd__a41oi_1/VPB = 2         
                                           |  sky130_fd_sc_hd__or4_2/VPB = 1           
                                           |  sky130_fd_sc_hd__and2_4/VPB = 1          
                                           |  sky130_fd_sc_hd__nand2_4/VPB = 2         
                                           |  sky130_fd_sc_hd__o21ai_1/VPB = 3         
                                           |  sky130_fd_sc_hd__and3_1/VPB = 2          
                                           |  sky130_fd_sc_hd__and4_1/VPB = 2          
                                           |  sky130_fd_sc_hd__and2_0/VPB = 2          
                                           |  sky130_fd_sc_hd__and4_2/VPB = 2          
                                           |  sky130_fd_sc_hd__nand3_1/VPB = 1         
                                           |  sky130_fd_sc_hd__a31o_1/VPB = 1          
                                           |  sky130_fd_sc_hd__and2_2/VPB = 1          
                                           |  sky130_fd_sc_hd__a221oi_2/VPB = 2        
                                           |  sky130_fd_sc_hd__a21o_1/VPB = 1          
                                           |  sky130_fd_sc_hd__a221oi_1/VPB = 1        
                                           |  sky130_fd_sc_hd__dfxtp_4/VPB = 16        
                                           |  sky130_fd_sc_hd__dfxtp_2/VPB = 1         
                                           |  sky130_fd_sc_hd__edfxtp_1/VPB = 16       
                                           |  sky130_fd_sc_hd__conb_1/VPB = 132        
                                           |  sky130_fd_sc_hd__clkbuf_16/VPB = 37      
                                           |  sky130_fd_sc_hd__bufinv_16/VPB = 1       
                                           |  sky130_fd_sc_hd__bufinv_8/VPB = 1        
                                           |  sky130_fd_sc_hd__inv_2/VPB = 1           
                                           |  sky130_fd_sc_hd__buf_6/VPB = 91          
                                           |  sky130_fd_sc_hd__clkbuf_4/VPB = 81       
                                           |  sky130_fd_sc_hd__buf_2/VPB = 7           
                                           |  sky130_fd_sc_hd__buf_4/VPB = 5           
                                           |  sky130_fd_sc_hd__clkbuf_2/VPB = 27       
                                           |  sky130_fd_sc_hd__buf_12/VPB = 2          
                                           |  sky130_fd_sc_hd__clkbuf_8/VPB = 141      
                                           |  sky130_fd_sc_hd__buf_1/VPB = 9           
                                           |  sky130_fd_sc_hd__clkbuf_1/VPB = 9        
                                           |  sky130_fd_sc_hd__buf_8/VPB = 5           
                                           |  sky130_fd_sc_hd__buf_16/VPB = 20         
                                           |                                           
Net: wire30/VPB                            |Net: VNB                                   
  sky130_fd_sc_hd__clkbuf_16/VPB = 1       |  sky130_fd_sc_hd__diode_2/VNB = 17        
                                           |  sky130_fd_sc_hd__nor2_1/VNB = 34         
                                           |  sky130_fd_sc_hd__nor3_2/VNB = 6          
                                           |  sky130_fd_sc_hd__nor3b_4/VNB = 4         
                                           |  sky130_fd_sc_hd__o21ai_0/VNB = 5         
                                           |  sky130_fd_sc_hd__nand2_1/VNB = 11        
                                           |  sky130_fd_sc_hd__o221ai_1/VNB = 4        
                                           |  sky130_fd_sc_hd__a21oi_1/VNB = 24        
                                           |  sky130_fd_sc_hd__a211oi_1/VNB = 5        
                                           |  sky130_fd_sc_hd__o21ai_2/VNB = 6         
                                           |  sky130_fd_sc_hd__o22a_1/VNB = 9          
                                           |  sky130_fd_sc_hd__o21a_1/VNB = 2          
                                           |  sky130_fd_sc_hd__xnor2_1/VNB = 1         
                                           |  sky130_fd_sc_hd__o21ai_4/VNB = 6         
                                           |  sky130_fd_sc_hd__a211oi_2/VNB = 1        
                                           |  sky130_fd_sc_hd__nor3_1/VNB = 1          
                                           |  sky130_fd_sc_hd__mux2_8/VNB = 1          
                                           |  sky130_fd_sc_hd__mux2_1/VNB = 34         
                                           |  sky130_fd_sc_hd__and2_1/VNB = 1          
                                           |  sky130_fd_sc_hd__nor2b_4/VNB = 1         
                                           |  sky130_fd_sc_hd__nand2b_2/VNB = 1        
                                           |  sky130_fd_sc_hd__nor2_8/VNB = 1          
                                           |  sky130_fd_sc_hd__a22oi_1/VNB = 7         
                                           |  sky130_fd_sc_hd__or4_1/VNB = 1           
                                           |  sky130_fd_sc_hd__a31oi_1/VNB = 4         
                                           |  sky130_fd_sc_hd__a41oi_1/VNB = 2         
                                           |  sky130_fd_sc_hd__or4_2/VNB = 1           
                                           |  sky130_fd_sc_hd__and2_4/VNB = 1          
                                           |  sky130_fd_sc_hd__nand2_4/VNB = 2         
                                           |  sky130_fd_sc_hd__o21ai_1/VNB = 3         
                                           |  sky130_fd_sc_hd__and3_1/VNB = 2          
                                           |  sky130_fd_sc_hd__and4_1/VNB = 2          
                                           |  sky130_fd_sc_hd__and2_0/VNB = 2          
                                           |  sky130_fd_sc_hd__and4_2/VNB = 2          
                                           |  sky130_fd_sc_hd__nand3_1/VNB = 1         
                                           |  sky130_fd_sc_hd__a31o_1/VNB = 1          
                                           |  sky130_fd_sc_hd__and2_2/VNB = 1          
                                           |  sky130_fd_sc_hd__a221oi_2/VNB = 2        
                                           |  sky130_fd_sc_hd__a21o_1/VNB = 1          
                                           |  sky130_fd_sc_hd__a221oi_1/VNB = 1        
                                           |  sky130_fd_sc_hd__dfxtp_4/VNB = 16        
                                           |  sky130_fd_sc_hd__dfxtp_2/VNB = 1         
                                           |  sky130_fd_sc_hd__edfxtp_1/VNB = 16       
                                           |  sky130_fd_sc_hd__conb_1/VNB = 132        
                                           |  sky130_fd_sc_hd__clkbuf_16/VNB = 37      
                                           |  sky130_fd_sc_hd__bufinv_16/VNB = 1       
                                           |  sky130_fd_sc_hd__bufinv_8/VNB = 1        
                                           |  sky130_fd_sc_hd__inv_2/VNB = 1           
                                           |  sky130_fd_sc_hd__buf_6/VNB = 91          
                                           |  sky130_fd_sc_hd__clkbuf_4/VNB = 81       
                                           |  sky130_fd_sc_hd__buf_2/VNB = 7           
                                           |  sky130_fd_sc_hd__buf_4/VNB = 5           
                                           |  sky130_fd_sc_hd__clkbuf_2/VNB = 27       
                                           |  sky130_fd_sc_hd__buf_12/VNB = 2          
                                           |  sky130_fd_sc_hd__clkbuf_8/VNB = 141      
                                           |  sky130_fd_sc_hd__buf_1/VNB = 9           
                                           |  sky130_fd_sc_hd__clkbuf_1/VNB = 9        
                                           |  sky130_fd_sc_hd__buf_8/VNB = 5           
                                           |  sky130_fd_sc_hd__buf_16/VNB = 20         
                                           |                                           
Net: wire163/VPB                           |(no matching net)                          
  sky130_fd_sc_hd__clkbuf_16/VPB = 1       |                                           
                                           |                                           
Net: wire303/VPB                           |(no matching net)                          
  sky130_fd_sc_hd__buf_6/VPB = 1           |                                           
                                           |                                           
Net: wire167/VPB                           |(no matching net)                          
  sky130_fd_sc_hd__buf_6/VPB = 1           |                                           
                                           |                                           
Net: wire212/VPB                           |(no matching net)                          
  sky130_fd_sc_hd__buf_6/VPB = 1           |                                           
                                           |                                           
Net: wire168/VPB                           |(no matching net)                          
  sky130_fd_sc_hd__buf_6/VPB = 1           |                                           
                                           |                                           
Net: wire307/VPB                           |(no matching net)                          
  sky130_fd_sc_hd__buf_6/VPB = 1           |                                           
                                           |                                           
Net: wire331/VPB                           |(no matching net)                          
  sky130_fd_sc_hd__buf_6/VPB = 1           |                                           
                                           |                                           
Net: wire354/VPB                           |(no matching net)                          
  sky130_fd_sc_hd__buf_6/VPB = 1           |                                           
                                           |                                           
Net: wire306/VPB                           |(no matching net)                          
  sky130_fd_sc_hd__buf_6/VPB = 1           |                                           
                                           |                                           
Net: wire330/VPB                           |(no matching net)                          
  sky130_fd_sc_hd__buf_6/VPB = 1           |                                           
                                           |                                           
Net: wire442/VPB                           |(no matching net)                          
  sky130_fd_sc_hd__buf_6/VPB = 1           |                                           
                                           |                                           
Net: wire234/VPB                           |(no matching net)                          
  sky130_fd_sc_hd__buf_6/VPB = 1           |                                           
                                           |                                           
Net: wire278/VPB                           |(no matching net)                          
  sky130_fd_sc_hd__buf_6/VPB = 1           |                                           
                                           |                                           
Net: wire343/VPB                           |(no matching net)                          
  sky130_fd_sc_hd__buf_6/VPB = 1           |                                           
                                           |                                           
Net: wire291/VPB                           |(no matching net)                          
  sky130_fd_sc_hd__buf_6/VPB = 1           |                                           
                                           |                                           
Net: wire175/VPB                           |(no matching net)                          
  sky130_fd_sc_hd__buf_6/VPB = 1           |                                           
                                           |                                           
Net: wire451/VPB                           |(no matching net)                          
  sky130_fd_sc_hd__buf_6/VPB = 1           |                                           
                                           |                                           
Net: wire454/VPB                           |(no matching net)                          
  sky130_fd_sc_hd__buf_6/VPB = 1           |                                           
                                           |                                           
Net: wire271/VPB                           |(no matching net)                          
  sky130_fd_sc_hd__buf_6/VPB = 1           |                                           
                                           |                                           
Net: wire272/VPB                           |(no matching net)                          
  sky130_fd_sc_hd__buf_6/VPB = 1           |                                           
                                           |                                           
Net: wire224/VPB                           |(no matching net)                          
  sky130_fd_sc_hd__buf_6/VPB = 1           |                                           
                                           |                                           
Net: wire294/VPB                           |(no matching net)                          
  sky130_fd_sc_hd__buf_6/VPB = 1           |                                           
                                           |                                           
Net: wire241/VPB                           |(no matching net)                          
  sky130_fd_sc_hd__buf_6/VPB = 1           |                                           
                                           |                                           
Net: wire402/VPB                           |(no matching net)                          
  sky130_fd_sc_hd__buf_6/VPB = 1           |                                           
                                           |                                           
Net: wire324/VPB                           |(no matching net)                          
  sky130_fd_sc_hd__buf_6/VPB = 1           |                                           
                                           |                                           
Net: wire263/VPB                           |(no matching net)                          
  sky130_fd_sc_hd__buf_6/VPB = 1           |                                           
                                           |                                           
Net: wire252/VPB                           |(no matching net)                          
  sky130_fd_sc_hd__buf_6/VPB = 1           |                                           
                                           |                                           
Net: wire256/VPB                           |(no matching net)                          
  sky130_fd_sc_hd__buf_6/VPB = 1           |                                           
                                           |                                           
Net: wire268/VPB                           |(no matching net)                          
  sky130_fd_sc_hd__buf_6/VPB = 1           |                                           
                                           |                                           
Net: wire445/VPB                           |(no matching net)                          
  sky130_fd_sc_hd__buf_6/VPB = 1           |                                           
                                           |                                           
Net: wire264/VPB                           |(no matching net)                          
  sky130_fd_sc_hd__buf_6/VPB = 1           |                                           
                                           |                                           
Net: wire446/VPB                           |(no matching net)                          
  sky130_fd_sc_hd__buf_6/VPB = 1           |                                           
                                           |                                           
Net: wire213/VPB                           |(no matching net)                          
  sky130_fd_sc_hd__buf_6/VPB = 1           |                                           
                                           |                                           
Net: wire425/VPB                           |(no matching net)                          
  sky130_fd_sc_hd__buf_6/VPB = 1           |                                           
                                           |                                           
Net: wire415/VPB                           |(no matching net)                          
  sky130_fd_sc_hd__buf_6/VPB = 1           |                                           
                                           |                                           
Net: wire429/VPB                           |(no matching net)                          
  sky130_fd_sc_hd__buf_6/VPB = 1           |                                           
                                           |                                           
Net: wire211/VPB                           |(no matching net)                          
  sky130_fd_sc_hd__buf_6/VPB = 1           |                                           
                                           |                                           
Net: wire184/VPB                           |(no matching net)                          
  sky130_fd_sc_hd__buf_6/VPB = 1           |                                           
                                           |                                           
Net: wire200/VPB                           |(no matching net)                          
  sky130_fd_sc_hd__buf_6/VPB = 1           |                                           
                                           |                                           
Net: wire173/VPB                           |(no matching net)                          
  sky130_fd_sc_hd__buf_6/VPB = 1           |                                           
                                           |                                           
Net: wire255/VPB                           |(no matching net)                          
  sky130_fd_sc_hd__buf_6/VPB = 1           |                                           
                                           |                                           
Net: wire279/VPB                           |(no matching net)                          
  sky130_fd_sc_hd__buf_6/VPB = 1           |                                           
                                           |                                           
Net: wire417/VPB                           |(no matching net)                          
  sky130_fd_sc_hd__buf_6/VPB = 1           |                                           
                                           |                                           
Net: wire214/VPB                           |(no matching net)                          
  sky130_fd_sc_hd__buf_6/VPB = 1           |                                           
                                           |                                           
Net: wire203/VPB                           |(no matching net)                          
  sky130_fd_sc_hd__buf_6/VPB = 1           |                                           
                                           |                                           
Net: wire407/VPB                           |(no matching net)                          
  sky130_fd_sc_hd__buf_6/VPB = 1           |                                           
                                           |                                           
Net: wire227/VPB                           |(no matching net)                          
  sky130_fd_sc_hd__buf_6/VPB = 1           |                                           
                                           |                                           
Net: wire239/VPB                           |(no matching net)                          
  sky130_fd_sc_hd__buf_6/VPB = 1           |                                           
                                           |                                           
Net: wire372/VPB                           |(no matching net)                          
  sky130_fd_sc_hd__buf_6/VPB = 1           |                                           
                                           |                                           
Net: wire313/VPB                           |(no matching net)                          
  sky130_fd_sc_hd__buf_6/VPB = 1           |                                           
                                           |                                           
Net: wire314/VPB                           |(no matching net)                          
  sky130_fd_sc_hd__clkbuf_4/VPB = 1        |                                           
                                           |                                           
Net: wire169/VPB                           |(no matching net)                          
  sky130_fd_sc_hd__clkbuf_4/VPB = 1        |                                           
                                           |                                           
Net: wire308/VPB                           |(no matching net)                          
  sky130_fd_sc_hd__clkbuf_4/VPB = 1        |                                           
                                           |                                           
Net: wire464/VPB                           |(no matching net)                          
  sky130_fd_sc_hd__clkbuf_4/VPB = 1        |                                           
                                           |                                           
Net: wire332/VPB                           |(no matching net)                          
  sky130_fd_sc_hd__clkbuf_4/VPB = 1        |                                           
                                           |                                           
Net: wire326/VPB                           |(no matching net)                          
  sky130_fd_sc_hd__clkbuf_4/VPB = 1        |                                           
                                           |                                           
Net: wire286/VPB                           |(no matching net)                          
  sky130_fd_sc_hd__clkbuf_4/VPB = 1        |                                           
                                           |                                           
Net: wire393/VPB                           |(no matching net)                          
  sky130_fd_sc_hd__clkbuf_4/VPB = 1        |                                           
                                           |                                           
Net: wire362/VPB                           |(no matching net)                          
  sky130_fd_sc_hd__clkbuf_4/VPB = 1        |                                           
                                           |                                           
Net: wire208/VPB                           |(no matching net)                          
  sky130_fd_sc_hd__clkbuf_4/VPB = 1        |                                           
                                           |                                           
Net: wire172/VPB                           |(no matching net)                          
  sky130_fd_sc_hd__clkbuf_4/VPB = 1        |                                           
                                           |                                           
Net: wire356/VPB                           |(no matching net)                          
  sky130_fd_sc_hd__clkbuf_4/VPB = 1        |                                           
                                           |                                           
Net: wire440/VPB                           |(no matching net)                          
  sky130_fd_sc_hd__clkbuf_4/VPB = 1        |                                           
                                           |                                           
Net: wire462/VPB                           |(no matching net)                          
  sky130_fd_sc_hd__clkbuf_4/VPB = 1        |                                           
                                           |                                           
Net: input118/VPB                          |(no matching net)                          
  sky130_fd_sc_hd__clkbuf_4/VPB = 1        |                                           
                                           |                                           
Net: wire430/VPB                           |(no matching net)                          
  sky130_fd_sc_hd__clkbuf_4/VPB = 1        |                                           
                                           |                                           
Net: wire416/VPB                           |(no matching net)                          
  sky130_fd_sc_hd__clkbuf_4/VPB = 1        |                                           
                                           |                                           
Net: wire420/VPB                           |(no matching net)                          
  sky130_fd_sc_hd__clkbuf_4/VPB = 1        |                                           
                                           |                                           
Net: wire428/VPB                           |(no matching net)                          
  sky130_fd_sc_hd__clkbuf_4/VPB = 1        |                                           
                                           |                                           
Net: wire432/VPB                           |(no matching net)                          
  sky130_fd_sc_hd__clkbuf_4/VPB = 1        |                                           
                                           |                                           
Net: wire438/VPB                           |(no matching net)                          
  sky130_fd_sc_hd__clkbuf_4/VPB = 1        |                                           
                                           |                                           
Net: wire410/VPB                           |(no matching net)                          
  sky130_fd_sc_hd__clkbuf_4/VPB = 1        |                                           
                                           |                                           
Net: wire434/VPB                           |(no matching net)                          
  sky130_fd_sc_hd__clkbuf_4/VPB = 1        |                                           
                                           |                                           
Net: wire406/VPB                           |(no matching net)                          
  sky130_fd_sc_hd__clkbuf_4/VPB = 1        |                                           
                                           |                                           
Net: wire465/VPB                           |(no matching net)                          
  sky130_fd_sc_hd__clkbuf_4/VPB = 1        |                                           
                                           |                                           
Net: wire202/VPB                           |(no matching net)                          
  sky130_fd_sc_hd__clkbuf_4/VPB = 1        |                                           
                                           |                                           
Net: wire320/VPB                           |(no matching net)                          
  sky130_fd_sc_hd__clkbuf_4/VPB = 1        |                                           
                                           |                                           
Net: wire187/VPB                           |(no matching net)                          
  sky130_fd_sc_hd__clkbuf_4/VPB = 1        |                                           
                                           |                                           
Net: wire453/VPB                           |(no matching net)                          
  sky130_fd_sc_hd__clkbuf_4/VPB = 1        |                                           
                                           |                                           
Net: wire422/VPB                           |(no matching net)                          
  sky130_fd_sc_hd__clkbuf_4/VPB = 1        |                                           
                                           |                                           
Net: wire424/VPB                           |(no matching net)                          
  sky130_fd_sc_hd__clkbuf_4/VPB = 1        |                                           
                                           |                                           
Net: wire371/VPB                           |(no matching net)                          
  sky130_fd_sc_hd__clkbuf_4/VPB = 1        |                                           
                                           |                                           
Net: wire412/VPB                           |(no matching net)                          
  sky130_fd_sc_hd__clkbuf_4/VPB = 1        |                                           
                                           |                                           
Net: wire404/VPB                           |(no matching net)                          
  sky130_fd_sc_hd__clkbuf_4/VPB = 1        |                                           
                                           |                                           
Net: wire426/VPB                           |(no matching net)                          
  sky130_fd_sc_hd__clkbuf_4/VPB = 1        |                                           
                                           |                                           
Net: wire223/VPB                           |(no matching net)                          
  sky130_fd_sc_hd__clkbuf_4/VPB = 1        |                                           
                                           |                                           
Net: wire408/VPB                           |(no matching net)                          
  sky130_fd_sc_hd__clkbuf_4/VPB = 1        |                                           
                                           |                                           
Net: wire219/VPB                           |(no matching net)                          
  sky130_fd_sc_hd__clkbuf_4/VPB = 1        |                                           
                                           |                                           
Net: wire191/VPB                           |(no matching net)                          
  sky130_fd_sc_hd__clkbuf_4/VPB = 1        |                                           
                                           |                                           
Net: wire192/VPB                           |(no matching net)                          
  sky130_fd_sc_hd__clkbuf_4/VPB = 1        |                                           
                                           |                                           
Net: wire193/VPB                           |(no matching net)                          
  sky130_fd_sc_hd__clkbuf_4/VPB = 1        |                                           
                                           |                                           
Net: wire196/VPB                           |(no matching net)                          
  sky130_fd_sc_hd__clkbuf_4/VPB = 1        |                                           
                                           |                                           
Net: wire336/VPB                           |(no matching net)                          
  sky130_fd_sc_hd__clkbuf_8/VPB = 1        |                                           
                                           |                                           
Net: wire312/VPB                           |(no matching net)                          
  sky130_fd_sc_hd__clkbuf_8/VPB = 1        |                                           
                                           |                                           
Net: wire305/VPB                           |(no matching net)                          
  sky130_fd_sc_hd__clkbuf_8/VPB = 1        |                                           
                                           |                                           
Net: wire329/VPB                           |(no matching net)                          
  sky130_fd_sc_hd__clkbuf_8/VPB = 1        |                                           
                                           |                                           
Net: wire290/VPB                           |(no matching net)                          
  sky130_fd_sc_hd__clkbuf_8/VPB = 1        |                                           
                                           |                                           
Net: wire270/VPB                           |(no matching net)                          
  sky130_fd_sc_hd__clkbuf_8/VPB = 1        |                                           
                                           |                                           
Net: wire250/VPB                           |(no matching net)                          
  sky130_fd_sc_hd__clkbuf_8/VPB = 1        |                                           
                                           |                                           
Net: wire262/VPB                           |(no matching net)                          
  sky130_fd_sc_hd__clkbuf_8/VPB = 1        |                                           
                                           |                                           
Net: wire246/VPB                           |(no matching net)                          
  sky130_fd_sc_hd__clkbuf_8/VPB = 1        |                                           
                                           |                                           
Net: wire401/VPB                           |(no matching net)                          
  sky130_fd_sc_hd__clkbuf_8/VPB = 1        |                                           
                                           |                                           
Net: wire233/VPB                           |(no matching net)                          
  sky130_fd_sc_hd__clkbuf_8/VPB = 1        |                                           
                                           |                                           
Net: wire277/VPB                           |(no matching net)                          
  sky130_fd_sc_hd__clkbuf_8/VPB = 1        |                                           
                                           |                                           
Net: wire236/VPB                           |(no matching net)                          
  sky130_fd_sc_hd__clkbuf_8/VPB = 1        |                                           
                                           |                                           
Net: wire258/VPB                           |(no matching net)                          
  sky130_fd_sc_hd__clkbuf_8/VPB = 1        |                                           
                                           |                                           
Net: wire226/VPB                           |(no matching net)                          
  sky130_fd_sc_hd__clkbuf_8/VPB = 1        |                                           
                                           |                                           
Net: wire387/VPB                           |(no matching net)                          
  sky130_fd_sc_hd__clkbuf_8/VPB = 1        |                                           
                                           |                                           
Net: wire323/VPB                           |(no matching net)                          
  sky130_fd_sc_hd__clkbuf_8/VPB = 1        |                                           
                                           |                                           
Net: wire325/VPB                           |(no matching net)                          
  sky130_fd_sc_hd__clkbuf_8/VPB = 1        |                                           
                                           |                                           
Net: wire201/VPB                           |(no matching net)                          
  sky130_fd_sc_hd__clkbuf_8/VPB = 1        |                                           
                                           |                                           
Net: wire369/VPB                           |(no matching net)                          
  sky130_fd_sc_hd__clkbuf_8/VPB = 1        |                                           
                                           |                                           
Net: wire304/VPB                           |(no matching net)                          
  sky130_fd_sc_hd__clkbuf_8/VPB = 1        |                                           
                                           |                                           
Net: wire273/VPB                           |(no matching net)                          
  sky130_fd_sc_hd__clkbuf_8/VPB = 1        |                                           
                                           |                                           
Net: wire257/VPB                           |(no matching net)                          
  sky130_fd_sc_hd__clkbuf_8/VPB = 1        |                                           
                                           |                                           
Net: wire269/VPB                           |(no matching net)                          
  sky130_fd_sc_hd__clkbuf_8/VPB = 1        |                                           
                                           |                                           
Net: wire215/VPB                           |(no matching net)                          
  sky130_fd_sc_hd__clkbuf_8/VPB = 1        |                                           
                                           |                                           
Net: wire385/VPB                           |(no matching net)                          
  sky130_fd_sc_hd__clkbuf_8/VPB = 1        |                                           
                                           |                                           
Net: wire327/VPB                           |(no matching net)                          
  sky130_fd_sc_hd__clkbuf_8/VPB = 1        |                                           
                                           |                                           
Net: wire179/VPB                           |(no matching net)                          
  sky130_fd_sc_hd__clkbuf_8/VPB = 1        |                                           
                                           |                                           
Net: wire209/VPB                           |(no matching net)                          
  sky130_fd_sc_hd__clkbuf_8/VPB = 1        |                                           
                                           |                                           
Net: wire328/VPB                           |(no matching net)                          
  sky130_fd_sc_hd__clkbuf_8/VPB = 1        |                                           
                                           |                                           
Net: wire470/VPB                           |(no matching net)                          
  sky130_fd_sc_hd__clkbuf_8/VPB = 1        |                                           
                                           |                                           
Net: wire261/VPB                           |(no matching net)                          
  sky130_fd_sc_hd__clkbuf_8/VPB = 1        |                                           
                                           |                                           
Net: wire249/VPB                           |(no matching net)                          
  sky130_fd_sc_hd__clkbuf_8/VPB = 1        |                                           
                                           |                                           
Net: wire216/VPB                           |(no matching net)                          
  sky130_fd_sc_hd__clkbuf_8/VPB = 1        |                                           
                                           |                                           
Net: wire217/VPB                           |(no matching net)                          
  sky130_fd_sc_hd__clkbuf_8/VPB = 1        |                                           
                                           |                                           
Net: wire391/VPB                           |(no matching net)                          
  sky130_fd_sc_hd__clkbuf_8/VPB = 1        |                                           
                                           |                                           
Net: wire382/VPB                           |(no matching net)                          
  sky130_fd_sc_hd__clkbuf_8/VPB = 1        |                                           
                                           |                                           
Net: wire390/VPB                           |(no matching net)                          
  sky130_fd_sc_hd__clkbuf_8/VPB = 1        |                                           
                                           |                                           
Net: wire380/VPB                           |(no matching net)                          
  sky130_fd_sc_hd__clkbuf_8/VPB = 1        |                                           
                                           |                                           
Net: wire364/VPB                           |(no matching net)                          
  sky130_fd_sc_hd__clkbuf_8/VPB = 1        |                                           
                                           |                                           
Net: wire386/VPB                           |(no matching net)                          
  sky130_fd_sc_hd__clkbuf_8/VPB = 1        |                                           
                                           |                                           
Net: wire310/VPB                           |(no matching net)                          
  sky130_fd_sc_hd__clkbuf_8/VPB = 1        |                                           
                                           |                                           
Net: wire365/VPB                           |(no matching net)                          
  sky130_fd_sc_hd__clkbuf_8/VPB = 1        |                                           
                                           |                                           
Net: wire311/VPB                           |(no matching net)                          
  sky130_fd_sc_hd__clkbuf_8/VPB = 1        |                                           
                                           |                                           
Net: wire335/VPB                           |(no matching net)                          
  sky130_fd_sc_hd__clkbuf_8/VPB = 1        |                                           
                                           |                                           
Net: wire319/VPB                           |(no matching net)                          
  sky130_fd_sc_hd__clkbuf_8/VPB = 1        |                                           
                                           |                                           
Net: wire285/VPB                           |(no matching net)                          
  sky130_fd_sc_hd__clkbuf_8/VPB = 1        |                                           
                                           |                                           
Net: wire361/VPB                           |(no matching net)                          
  sky130_fd_sc_hd__clkbuf_8/VPB = 1        |                                           
                                           |                                           
Net: wire392/VPB                           |(no matching net)                          
  sky130_fd_sc_hd__clkbuf_8/VPB = 1        |                                           
                                           |                                           
Net: wire218/VPB                           |(no matching net)                          
  sky130_fd_sc_hd__clkbuf_8/VPB = 1        |                                           
                                           |                                           
Net: wire370/VPB                           |(no matching net)                          
  sky130_fd_sc_hd__clkbuf_8/VPB = 1        |                                           
                                           |                                           
Net: wire309/VPB                           |(no matching net)                          
  sky130_fd_sc_hd__clkbuf_8/VPB = 1        |                                           
                                           |                                           
Net: wire450/VPB                           |(no matching net)                          
  sky130_fd_sc_hd__clkbuf_8/VPB = 1        |                                           
                                           |                                           
Net: wire441/VPB                           |(no matching net)                          
  sky130_fd_sc_hd__clkbuf_8/VPB = 1        |                                           
                                           |                                           
Net: wire260/VPB                           |(no matching net)                          
  sky130_fd_sc_hd__clkbuf_8/VPB = 1        |                                           
                                           |                                           
Net: wire466/VPB                           |(no matching net)                          
  sky130_fd_sc_hd__clkbuf_8/VPB = 1        |                                           
                                           |                                           
Net: wire220/VPB                           |(no matching net)                          
  sky130_fd_sc_hd__clkbuf_8/VPB = 1        |                                           
                                           |                                           
Net: wire232/VPB                           |(no matching net)                          
  sky130_fd_sc_hd__clkbuf_8/VPB = 1        |                                           
                                           |                                           
Net: wire248/VPB                           |(no matching net)                          
  sky130_fd_sc_hd__clkbuf_8/VPB = 1        |                                           
                                           |                                           
Net: wire431/VPB                           |(no matching net)                          
  sky130_fd_sc_hd__clkbuf_8/VPB = 1        |                                           
                                           |                                           
Net: wire437/VPB                           |(no matching net)                          
  sky130_fd_sc_hd__clkbuf_8/VPB = 1        |                                           
                                           |                                           
Net: wire433/VPB                           |(no matching net)                          
  sky130_fd_sc_hd__clkbuf_8/VPB = 1        |                                           
                                           |                                           
Net: wire409/VPB                           |(no matching net)                          
  sky130_fd_sc_hd__clkbuf_8/VPB = 1        |                                           
                                           |                                           
Net: wire405/VPB                           |(no matching net)                          
  sky130_fd_sc_hd__clkbuf_8/VPB = 1        |                                           
                                           |                                           
Net: wire421/VPB                           |(no matching net)                          
  sky130_fd_sc_hd__clkbuf_8/VPB = 1        |                                           
                                           |                                           
Net: wire423/VPB                           |(no matching net)                          
  sky130_fd_sc_hd__clkbuf_8/VPB = 1        |                                           
                                           |                                           
Net: wire411/VPB                           |(no matching net)                          
  sky130_fd_sc_hd__clkbuf_8/VPB = 1        |                                           
                                           |                                           
Net: wire427/VPB                           |(no matching net)                          
  sky130_fd_sc_hd__clkbuf_8/VPB = 1        |                                           
                                           |                                           
Net: wire419/VPB                           |(no matching net)                          
  sky130_fd_sc_hd__clkbuf_8/VPB = 1        |                                           
                                           |                                           
Net: wire240/VPB                           |(no matching net)                          
  sky130_fd_sc_hd__clkbuf_8/VPB = 1        |                                           
                                           |                                           
Net: wire400/VPB                           |(no matching net)                          
  sky130_fd_sc_hd__clkbuf_8/VPB = 1        |                                           
                                           |                                           
Net: wire274/VPB                           |(no matching net)                          
  sky130_fd_sc_hd__clkbuf_8/VPB = 1        |                                           
                                           |                                           
Net: wire456/VPB                           |(no matching net)                          
  sky130_fd_sc_hd__clkbuf_8/VPB = 1        |                                           
                                           |                                           
Net: wire242/VPB                           |(no matching net)                          
  sky130_fd_sc_hd__clkbuf_8/VPB = 1        |                                           
                                           |                                           
Net: wire342/VPB                           |(no matching net)                          
  sky130_fd_sc_hd__clkbuf_8/VPB = 1        |                                           
                                           |                                           
Net: wire253/VPB                           |(no matching net)                          
  sky130_fd_sc_hd__clkbuf_8/VPB = 1        |                                           
                                           |                                           
Net: wire435/VPB                           |(no matching net)                          
  sky130_fd_sc_hd__clkbuf_8/VPB = 1        |                                           
                                           |                                           
Net: wire468/VPB                           |(no matching net)                          
  sky130_fd_sc_hd__clkbuf_8/VPB = 1        |                                           
                                           |                                           
Net: wire276/VPB                           |(no matching net)                          
  sky130_fd_sc_hd__clkbuf_8/VPB = 1        |                                           
                                           |                                           
Net: wire204/VPB                           |(no matching net)                          
  sky130_fd_sc_hd__clkbuf_8/VPB = 1        |                                           
                                           |                                           
Net: wire238/VPB                           |(no matching net)                          
  sky130_fd_sc_hd__clkbuf_8/VPB = 1        |                                           
                                           |                                           
Net: wire389/VPB                           |(no matching net)                          
  sky130_fd_sc_hd__clkbuf_8/VPB = 1        |                                           
                                           |                                           
Net: wire197/VPB                           |(no matching net)                          
  sky130_fd_sc_hd__clkbuf_8/VPB = 1        |                                           
                                           |                                           
Net: wire379/VPB                           |(no matching net)                          
  sky130_fd_sc_hd__clkbuf_8/VPB = 1        |                                           
                                           |                                           
Net: wire144/VPB                           |(no matching net)                          
  sky130_fd_sc_hd__buf_16/VPB = 1          |                                           
                                           |                                           
Net: wire157/VPB                           |(no matching net)                          
  sky130_fd_sc_hd__buf_16/VPB = 1          |                                           
                                           |                                           
Net: wire160/VPB                           |(no matching net)                          
  sky130_fd_sc_hd__buf_16/VPB = 1          |                                           
                                           |                                           
Net: wire152/VPB                           |(no matching net)                          
  sky130_fd_sc_hd__buf_16/VPB = 1          |                                           
                                           |                                           
Net: wire165/VPB                           |(no matching net)                          
  sky130_fd_sc_hd__buf_16/VPB = 1          |                                           
                                           |                                           
Net: wire147/VPB                           |(no matching net)                          
  sky130_fd_sc_hd__buf_16/VPB = 1          |                                           
                                           |                                           
Net: wire149/VPB                           |(no matching net)                          
  sky130_fd_sc_hd__buf_16/VPB = 1          |                                           
                                           |                                           
Net: wire161/VPB                           |(no matching net)                          
  sky130_fd_sc_hd__buf_16/VPB = 1          |                                           
                                           |                                           
Net: wire24/VPB                            |(no matching net)                          
  sky130_fd_sc_hd__buf_16/VPB = 1          |                                           
                                           |                                           
Net: ANTENNA_5/VPB                         |(no matching net)                          
  sky130_fd_sc_hd__diode_2/VPB = 1         |                                           
                                           |                                           
Net: ANTENNA_9/VPB                         |(no matching net)                          
  sky130_fd_sc_hd__diode_2/VPB = 1         |                                           
                                           |                                           
Net: ANTENNA_64/VPB                        |(no matching net)                          
  sky130_fd_sc_hd__diode_2/VPB = 1         |                                           
                                           |                                           
Net: ANTENNA_68/VPB                        |(no matching net)                          
  sky130_fd_sc_hd__diode_2/VPB = 1         |                                           
                                           |                                           
Net: ANTENNA_13/VPB                        |(no matching net)                          
  sky130_fd_sc_hd__diode_2/VPB = 1         |                                           
                                           |                                           
Net: ANTENNA_19/VPB                        |(no matching net)                          
  sky130_fd_sc_hd__diode_2/VPB = 1         |                                           
                                           |                                           
Net: ANTENNA_17/VPB                        |(no matching net)                          
  sky130_fd_sc_hd__diode_2/VPB = 1         |                                           
                                           |                                           
Net: ANTENNA_15/VPB                        |(no matching net)                          
  sky130_fd_sc_hd__diode_2/VPB = 1         |                                           
                                           |                                           
Net: _292_/VPB                             |(no matching net)                          
  sky130_fd_sc_hd__a31oi_1/VPB = 1         |                                           
                                           |                                           
Net: wire349/VPB                           |(no matching net)                          
  sky130_fd_sc_hd__clkbuf_2/VPB = 1        |                                           
                                           |                                           
Net: wire458/VPB                           |(no matching net)                          
  sky130_fd_sc_hd__clkbuf_2/VPB = 1        |                                           
                                           |                                           
Net: wire396/VPB                           |(no matching net)                          
  sky130_fd_sc_hd__clkbuf_2/VPB = 1        |                                           
                                           |                                           
Net: wire472/VPB                           |(no matching net)                          
  sky130_fd_sc_hd__clkbuf_2/VPB = 1        |                                           
                                           |                                           
Net: input83/VPB                           |(no matching net)                          
  sky130_fd_sc_hd__clkbuf_2/VPB = 1        |                                           
                                           |                                           
Net: wire436/VPB                           |(no matching net)                          
  sky130_fd_sc_hd__clkbuf_2/VPB = 1        |                                           
                                           |                                           
Net: wire267/VPB                           |(no matching net)                          
  sky130_fd_sc_hd__clkbuf_2/VPB = 1        |                                           
                                           |                                           
Net: wire449/VPB                           |(no matching net)                          
  sky130_fd_sc_hd__clkbuf_2/VPB = 1        |                                           
                                           |                                           
Net: input99/VPB                           |(no matching net)                          
  sky130_fd_sc_hd__clkbuf_2/VPB = 1        |                                           
                                           |                                           
Net: wire190/VPB                           |(no matching net)                          
  sky130_fd_sc_hd__clkbuf_2/VPB = 1        |                                           
                                           |                                           
Net: wire350/VPB                           |(no matching net)                          
  sky130_fd_sc_hd__clkbuf_2/VPB = 1        |                                           
                                           |                                           
Net: wire398/VPB                           |(no matching net)                          
  sky130_fd_sc_hd__clkbuf_2/VPB = 1        |                                           
                                           |                                           
Net: _257_/VPB                             |(no matching net)                          
  sky130_fd_sc_hd__a21oi_1/VPB = 1         |                                           
                                           |                                           
Net: _316_/VPB                             |(no matching net)                          
  sky130_fd_sc_hd__a21oi_1/VPB = 1         |                                           
                                           |                                           
Net: _256_/VPB                             |(no matching net)                          
  sky130_fd_sc_hd__nand2_1/VPB = 1         |                                           
                                           |                                           
Net: _265_/VPB                             |(no matching net)                          
  sky130_fd_sc_hd__nand2_1/VPB = 1         |                                           
                                           |                                           
Net: _315_/VPB                             |(no matching net)                          
  sky130_fd_sc_hd__nand2_1/VPB = 1         |                                           
                                           |                                           
Net: _239_/VPB                             |(no matching net)                          
  sky130_fd_sc_hd__nor2_1/VPB = 1          |                                           
                                           |                                           
Net: _307_/VPB                             |(no matching net)                          
  sky130_fd_sc_hd__nor2_1/VPB = 1          |                                           
                                           |                                           
Net: _238_/VPB                             |(no matching net)                          
  sky130_fd_sc_hd__a22oi_1/VPB = 1         |                                           
                                           |                                           
Net: _236_/VPB                             |(no matching net)                          
  sky130_fd_sc_hd__nor2_1/VPB = 1          |                                           
                                           |                                           
Net: _235_/VPB                             |(no matching net)                          
  sky130_fd_sc_hd__nor2_1/VPB = 1          |                                           
                                           |                                           
Net: _234_/VPB                             |(no matching net)                          
  sky130_fd_sc_hd__nor2_1/VPB = 1          |                                           
                                           |                                           
Net: _245_/VPB                             |(no matching net)                          
  sky130_fd_sc_hd__nor2_1/VPB = 1          |                                           
                                           |                                           
Net: _241_/VPB                             |(no matching net)                          
  sky130_fd_sc_hd__nor2_1/VPB = 1          |                                           
                                           |                                           
Net: _219_/VPB                             |(no matching net)                          
  sky130_fd_sc_hd__nor2_1/VPB = 1          |                                           
                                           |                                           
Net: _226_/VPB                             |(no matching net)                          
  sky130_fd_sc_hd__nor2_1/VPB = 1          |                                           
                                           |                                           
Net: wire471/VPB                           |(no matching net)                          
  sky130_fd_sc_hd__buf_2/VPB = 1           |                                           
                                           |                                           
Net: wire418/VPB                           |(no matching net)                          
  sky130_fd_sc_hd__buf_2/VPB = 1           |                                           
                                           |                                           
Net: wire205/VPB                           |(no matching net)                          
  sky130_fd_sc_hd__buf_2/VPB = 1           |                                           
                                           |                                           
Net: wire198/VPB                           |(no matching net)                          
  sky130_fd_sc_hd__buf_2/VPB = 1           |                                           
                                           |                                           
Net: fanout40/VPB                          |(no matching net)                          
  sky130_fd_sc_hd__buf_6/VPB = 1           |                                           
                                           |                                           
Net: _517_/VPB                             |(no matching net)                          
  sky130_fd_sc_hd__mux2_1/VPB = 1          |                                           
                                           |                                           
Net: _523_/VPB                             |(no matching net)                          
  sky130_fd_sc_hd__mux2_1/VPB = 1          |                                           
                                           |                                           
Net: wire293/VPB                           |(no matching net)                          
  sky130_fd_sc_hd__buf_8/VPB = 1           |                                           
                                           |                                           
Net: wire254/VPB                           |(no matching net)                          
  sky130_fd_sc_hd__buf_8/VPB = 1           |                                           
                                           |                                           
Net: wire295/VPB                           |(no matching net)                          
  sky130_fd_sc_hd__buf_8/VPB = 1           |                                           
                                           |                                           
Net: wire275/VPB                           |(no matching net)                          
  sky130_fd_sc_hd__buf_8/VPB = 1           |                                           
                                           |                                           
Net: _301_/VPB                             |(no matching net)                          
  sky130_fd_sc_hd__o21ai_0/VPB = 1         |                                           
                                           |                                           
Net: _213_/VPB                             |(no matching net)                          
  sky130_fd_sc_hd__nor2_1/VPB = 1          |                                           
                                           |                                           
Net: _211_/VPB                             |(no matching net)                          
  sky130_fd_sc_hd__o22a_1/VPB = 1          |                                           
                                           |                                           
Net: _197_/VPB                             |(no matching net)                          
  sky130_fd_sc_hd__o22a_1/VPB = 1          |                                           
                                           |                                           
Net: _311_/VPB                             |(no matching net)                          
  sky130_fd_sc_hd__o22a_1/VPB = 1          |                                           
                                           |                                           
Net: wire210/VPB                           |(no matching net)                          
  sky130_fd_sc_hd__clkbuf_1/VPB = 1        |                                           
                                           |                                           
Net: wire180/VPB                           |(no matching net)                          
  sky130_fd_sc_hd__clkbuf_1/VPB = 1        |                                           
                                           |                                           
Net: wire403/VPB                           |(no matching net)                          
  sky130_fd_sc_hd__clkbuf_1/VPB = 1        |                                           
                                           |                                           
Net: wire237/VPB                           |(no matching net)                          
  sky130_fd_sc_hd__clkbuf_1/VPB = 1        |                                           
                                           |                                           
Net: wire229/VPB                           |(no matching net)                          
  sky130_fd_sc_hd__clkbuf_1/VPB = 1        |                                           
                                           |                                           
Net: wire287/VPB                           |(no matching net)                          
  sky130_fd_sc_hd__clkbuf_4/VPB = 1        |                                           
                                           |                                           
Net: _353_/VPB                             |(no matching net)                          
  sky130_fd_sc_hd__conb_1/VPB = 1          |                                           
                                           |                                           
Net: spare_nor2_0/VPB                      |(no matching net)                          
  sky130_fd_sc_hd__conb_1/VPB = 1          |                                           
                                           |                                           
Net: _266_/VPB                             |(no matching net)                          
  sky130_fd_sc_hd__o21ai_2/VPB = 1         |                                           
                                           |                                           
Net: _179_/VPB                             |(no matching net)                          
  sky130_fd_sc_hd__a21oi_1/VPB = 1         |                                           
                                           |                                           
Net: _208_/VPB                             |(no matching net)                          
  sky130_fd_sc_hd__a21oi_1/VPB = 1         |                                           
                                           |                                           
Net: _264_/VPB                             |(no matching net)                          
  sky130_fd_sc_hd__nor2_1/VPB = 1          |                                           
                                           |                                           
Net: _312_/VPB                             |(no matching net)                          
  sky130_fd_sc_hd__nor2_1/VPB = 1          |                                           
                                           |                                           
Net: _195_/VPB                             |(no matching net)                          
  sky130_fd_sc_hd__a211oi_1/VPB = 1        |                                           
                                           |                                           
Net: _528_/VPB                             |(no matching net)                          
  sky130_fd_sc_hd__mux2_1/VPB = 1          |                                           
                                           |                                           
Net: _524_/VPB                             |(no matching net)                          
  sky130_fd_sc_hd__mux2_1/VPB = 1          |                                           
                                           |                                           
Net: _260_/VPB                             |(no matching net)                          
  sky130_fd_sc_hd__a21oi_1/VPB = 1         |                                           
                                           |                                           
Net: _209_/VPB                             |(no matching net)                          
  sky130_fd_sc_hd__a211oi_1/VPB = 1        |                                           
                                           |                                           
Net: _221_/VPB                             |(no matching net)                          
  sky130_fd_sc_hd__nor3_1/VPB = 1          |                                           
                                           |                                           
Net: input140/VPB                          |(no matching net)                          
  sky130_fd_sc_hd__buf_4/VPB = 1           |                                           
                                           |                                           
Net: spare_dff_0/D                         |(no matching net)                          
  sky130_fd_sc_hd__diode_2/DIODE = 7       |                                           
  sky130_fd_sc_hd__conb_1/LO = 1           |                                           
                                           |                                           
Net: wire297/VPB                           |(no matching net)                          
  sky130_fd_sc_hd__buf_16/VPB = 2          |                                           
  sky130_fd_sc_hd__clkbuf_4/VPB = 1        |                                           
                                           |                                           
Net: _539_/VPB                             |(no matching net)                          
  sky130_fd_sc_hd__nand2_1/VPB = 1         |                                           
  sky130_fd_sc_hd__mux2_1/VPB = 1          |                                           
  sky130_fd_sc_hd__a21oi_1/VPB = 1         |                                           
                                           |                                           
Net: wire459/VPB                           |(no matching net)                          
  sky130_fd_sc_hd__buf_16/VPB = 1          |                                           
  sky130_fd_sc_hd__buf_6/VPB = 1           |                                           
  sky130_fd_sc_hd__clkbuf_1/VPB = 1        |                                           
                                           |                                           
Net: _470_/VPB                             |(no matching net)                          
  sky130_fd_sc_hd__buf_6/VPB = 1           |                                           
  sky130_fd_sc_hd__clkbuf_8/VPB = 1        |                                           
  sky130_fd_sc_hd__conb_1/VPB = 1          |                                           
                                           |                                           
Net: _472_/VPB                             |(no matching net)                          
  sky130_fd_sc_hd__buf_6/VPB = 2           |                                           
  sky130_fd_sc_hd__conb_1/VPB = 1          |                                           
                                           |                                           
Net: input119/VPB                          |(no matching net)                          
  sky130_fd_sc_hd__clkbuf_4/VPB = 2        |                                           
  sky130_fd_sc_hd__clkbuf_2/VPB = 1        |                                           
                                           |                                           
Net: _479_/VPB                             |(no matching net)                          
  sky130_fd_sc_hd__clkbuf_4/VPB = 1        |                                           
  sky130_fd_sc_hd__buf_6/VPB = 1           |                                           
  sky130_fd_sc_hd__conb_1/VPB = 1          |                                           
                                           |                                           
Net: _302_/VPB                             |(no matching net)                          
  sky130_fd_sc_hd__nor2_1/VPB = 1          |                                           
  sky130_fd_sc_hd__nand2_1/VPB = 1         |                                           
  sky130_fd_sc_hd__o21ai_0/VPB = 1         |                                           
                                           |                                           
Net: _263_/VPB                             |(no matching net)                          
  sky130_fd_sc_hd__nand2b_2/VPB = 1        |                                           
  sky130_fd_sc_hd__nor2_1/VPB = 2          |                                           
                                           |                                           
Net: wire185/VPB                           |(no matching net)                          
  sky130_fd_sc_hd__diode_2/VPB = 2         |                                           
  sky130_fd_sc_hd__clkbuf_4/VPB = 1        |                                           
                                           |                                           
Net: input87/VPB                           |(no matching net)                          
  sky130_fd_sc_hd__buf_1/VPB = 3           |                                           
                                           |                                           
Net: input98/VPB                           |(no matching net)                          
  sky130_fd_sc_hd__buf_1/VPB = 1           |                                           
  sky130_fd_sc_hd__clkbuf_2/VPB = 2        |                                           
                                           |                                           
Net: wire363/VPB                           |(no matching net)                          
  sky130_fd_sc_hd__buf_6/VPB = 1           |                                           
  sky130_fd_sc_hd__clkbuf_8/VPB = 2        |                                           
                                           |                                           
Net: wire26/VPB                            |(no matching net)                          
  sky130_fd_sc_hd__buf_6/VPB = 2           |                                           
  sky130_fd_sc_hd__clkbuf_16/VPB = 1       |                                           
                                           |                                           
Net: wire347/VPB                           |(no matching net)                          
  sky130_fd_sc_hd__clkbuf_2/VPB = 1        |                                           
  sky130_fd_sc_hd__diode_2/VPB = 1         |                                           
                                           |                                           
Net: wire348/VPB                           |(no matching net)                          
  sky130_fd_sc_hd__clkbuf_2/VPB = 1        |                                           
  sky130_fd_sc_hd__diode_2/VPB = 1         |                                           
                                           |                                           
Net: wire346/VPB                           |(no matching net)                          
  sky130_fd_sc_hd__diode_2/VPB = 1         |                                           
  sky130_fd_sc_hd__clkbuf_2/VPB = 1        |                                           
                                           |                                           
Net: wire395/VPB                           |(no matching net)                          
  sky130_fd_sc_hd__diode_2/VPB = 1         |                                           
  sky130_fd_sc_hd__clkbuf_2/VPB = 1        |                                           
                                           |                                           
Net: wire397/VPB                           |(no matching net)                          
  sky130_fd_sc_hd__diode_2/VPB = 1         |                                           
  sky130_fd_sc_hd__clkbuf_2/VPB = 1        |                                           
                                           |                                           
Net: wire358/VPB                           |(no matching net)                          
  sky130_fd_sc_hd__clkbuf_8/VPB = 2        |                                           
                                           |                                           
Net: wire318/VPB                           |(no matching net)                          
  sky130_fd_sc_hd__clkbuf_8/VPB = 2        |                                           
                                           |                                           
Net: wire377/VPB                           |(no matching net)                          
  sky130_fd_sc_hd__clkbuf_8/VPB = 2        |                                           
                                           |                                           
Net: wire315/VPB                           |(no matching net)                          
  sky130_fd_sc_hd__clkbuf_8/VPB = 2        |                                           
                                           |                                           
Net: wire317/VPB                           |(no matching net)                          
  sky130_fd_sc_hd__clkbuf_8/VPB = 2        |                                           
                                           |                                           
Net: wire357/VPB                           |(no matching net)                          
  sky130_fd_sc_hd__clkbuf_8/VPB = 2        |                                           
                                           |                                           
Net: wire452/VPB                           |(no matching net)                          
  sky130_fd_sc_hd__clkbuf_8/VPB = 2        |                                           
                                           |                                           
Net: wire282/VPB                           |(no matching net)                          
  sky130_fd_sc_hd__clkbuf_8/VPB = 2        |                                           
                                           |                                           
Net: wire467/VPB                           |(no matching net)                          
  sky130_fd_sc_hd__clkbuf_8/VPB = 2        |                                           
                                           |                                           
Net: wire225/VPB                           |(no matching net)                          
  sky130_fd_sc_hd__clkbuf_8/VPB = 2        |                                           
                                           |                                           
Net: wire469/VPB                           |(no matching net)                          
  sky130_fd_sc_hd__clkbuf_8/VPB = 2        |                                           
                                           |                                           
Net: wire288/VPB                           |(no matching net)                          
  sky130_fd_sc_hd__clkbuf_8/VPB = 2        |                                           
                                           |                                           
Net: wire374/VPB                           |(no matching net)                          
  sky130_fd_sc_hd__clkbuf_8/VPB = 2        |                                           
                                           |                                           
Net: wire186/VPB                           |(no matching net)                          
  sky130_fd_sc_hd__buf_6/VPB = 1           |                                           
  sky130_fd_sc_hd__clkbuf_8/VPB = 1        |                                           
                                           |                                           
Net: wire359/VPB                           |(no matching net)                          
  sky130_fd_sc_hd__clkbuf_8/VPB = 1        |                                           
  sky130_fd_sc_hd__buf_6/VPB = 1           |                                           
                                           |                                           
Net: wire292/VPB                           |(no matching net)                          
  sky130_fd_sc_hd__clkbuf_8/VPB = 1        |                                           
  sky130_fd_sc_hd__buf_6/VPB = 1           |                                           
                                           |                                           
Net: wire375/VPB                           |(no matching net)                          
  sky130_fd_sc_hd__clkbuf_8/VPB = 1        |                                           
  sky130_fd_sc_hd__buf_6/VPB = 1           |                                           
                                           |                                           
Net: wire194/VPB                           |(no matching net)                          
  sky130_fd_sc_hd__buf_6/VPB = 1           |                                           
  sky130_fd_sc_hd__clkbuf_8/VPB = 1        |                                           
                                           |                                           
Net: wire376/VPB                           |(no matching net)                          
  sky130_fd_sc_hd__buf_6/VPB = 1           |                                           
  sky130_fd_sc_hd__clkbuf_8/VPB = 1        |                                           
                                           |                                           
Net: wire206/VPB                           |(no matching net)                          
  sky130_fd_sc_hd__buf_6/VPB = 1           |                                           
  sky130_fd_sc_hd__clkbuf_4/VPB = 1        |                                           
                                           |                                           
Net: wire461/VPB                           |(no matching net)                          
  sky130_fd_sc_hd__buf_6/VPB = 1           |                                           
  sky130_fd_sc_hd__clkbuf_4/VPB = 1        |                                           
                                           |                                           
Net: wire443/VPB                           |(no matching net)                          
  sky130_fd_sc_hd__clkbuf_4/VPB = 1        |                                           
  sky130_fd_sc_hd__buf_6/VPB = 1           |                                           
                                           |                                           
Net: input124/VPB                          |(no matching net)                          
  sky130_fd_sc_hd__clkbuf_16/VPB = 2       |                                           
                                           |                                           
Net: input134/VPB                          |(no matching net)                          
  sky130_fd_sc_hd__clkbuf_16/VPB = 2       |                                           
                                           |                                           
Net: input139/VPB                          |(no matching net)                          
  sky130_fd_sc_hd__clkbuf_16/VPB = 2       |                                           
                                           |                                           
Net: input131/VPB                          |(no matching net)                          
  sky130_fd_sc_hd__buf_12/VPB = 1          |                                           
  sky130_fd_sc_hd__clkbuf_16/VPB = 1       |                                           
                                           |                                           
Net: wire338/VPB                           |(no matching net)                          
  sky130_fd_sc_hd__buf_16/VPB = 1          |                                           
  sky130_fd_sc_hd__clkbuf_4/VPB = 1        |                                           
                                           |                                           
Net: wire207/VPB                           |(no matching net)                          
  sky130_fd_sc_hd__clkbuf_4/VPB = 1        |                                           
  sky130_fd_sc_hd__clkbuf_8/VPB = 1        |                                           
                                           |                                           
Net: wire455/VPB                           |(no matching net)                          
  sky130_fd_sc_hd__clkbuf_8/VPB = 1        |                                           
  sky130_fd_sc_hd__clkbuf_4/VPB = 1        |                                           
                                           |                                           
Net: wire316/VPB                           |(no matching net)                          
  sky130_fd_sc_hd__buf_6/VPB = 2           |                                           
                                           |                                           
Net: wire259/VPB                           |(no matching net)                          
  sky130_fd_sc_hd__buf_6/VPB = 2           |                                           
                                           |                                           
Net: _542_/VPB                             |(no matching net)                          
  sky130_fd_sc_hd__dfxtp_2/VPB = 1         |                                           
  sky130_fd_sc_hd__mux2_1/VPB = 1          |                                           
                                           |                                           
Net: input102/VPB                          |(no matching net)                          
  sky130_fd_sc_hd__clkbuf_4/VPB = 2        |                                           
                                           |                                           
Net: input116/VPB                          |(no matching net)                          
  sky130_fd_sc_hd__clkbuf_4/VPB = 2        |                                           
                                           |                                           
Net: wire444/VPB                           |(no matching net)                          
  sky130_fd_sc_hd__clkbuf_4/VPB = 2        |                                           
                                           |                                           
Net: _190_/VPB                             |(no matching net)                          
  sky130_fd_sc_hd__nand2_1/VPB = 1         |                                           
  sky130_fd_sc_hd__o221ai_1/VPB = 1        |                                           
                                           |                                           
Net: wire158/VPB                           |(no matching net)                          
  sky130_fd_sc_hd__buf_16/VPB = 2          |                                           
                                           |                                           
Net: _309_/VPB                             |(no matching net)                          
  sky130_fd_sc_hd__a221oi_2/VPB = 1        |                                           
  sky130_fd_sc_hd__a22oi_1/VPB = 1         |                                           
                                           |                                           
Net: _290_/VPB                             |(no matching net)                          
  sky130_fd_sc_hd__nor2_1/VPB = 1          |                                           
  sky130_fd_sc_hd__o22a_1/VPB = 1          |                                           
                                           |                                           
Net: _273_/VPB                             |(no matching net)                          
  sky130_fd_sc_hd__and3_1/VPB = 1          |                                           
  sky130_fd_sc_hd__a21oi_1/VPB = 1         |                                           
                                           |                                           
Net: _255_/VPB                             |(no matching net)                          
  sky130_fd_sc_hd__o21ai_2/VPB = 1         |                                           
  sky130_fd_sc_hd__diode_2/VPB = 1         |                                           
                                           |                                           
Net: _170_/VPB                             |(no matching net)                          
  sky130_fd_sc_hd__nor2_1/VPB = 1          |                                           
  sky130_fd_sc_hd__nor3_2/VPB = 1          |                                           
                                           |                                           
Net: _473_/VPB                             |(no matching net)                          
  sky130_fd_sc_hd__clkbuf_16/VPB = 1       |                                           
  sky130_fd_sc_hd__conb_1/VPB = 1          |                                           
                                           |                                           
Net: _471_/VPB                             |(no matching net)                          
  sky130_fd_sc_hd__conb_1/VPB = 1          |                                           
  sky130_fd_sc_hd__clkbuf_16/VPB = 1       |                                           
                                           |                                           
Net: _271_/VPB                             |(no matching net)                          
  sky130_fd_sc_hd__a21oi_1/VPB = 1         |                                           
  sky130_fd_sc_hd__clkbuf_1/VPB = 1        |                                           
                                           |                                           
Net: _478_/VPB                             |(no matching net)                          
  sky130_fd_sc_hd__conb_1/VPB = 2          |                                           
                                           |                                           
Net: _482_/VPB                             |(no matching net)                          
  sky130_fd_sc_hd__conb_1/VPB = 2          |                                           
                                           |                                           
Net: _480_/VPB                             |(no matching net)                          
  sky130_fd_sc_hd__conb_1/VPB = 2          |                                           
                                           |                                           
Net: _253_/VPB                             |(no matching net)                          
  sky130_fd_sc_hd__or4_2/VPB = 1           |                                           
  sky130_fd_sc_hd__a31oi_1/VPB = 1         |                                           
                                           |                                           
Net: _278_/VPB                             |(no matching net)                          
  sky130_fd_sc_hd__a21oi_1/VPB = 1         |                                           
  sky130_fd_sc_hd__and4_1/VPB = 1          |                                           
                                           |                                           
Net: _198_/VPB                             |(no matching net)                          
  sky130_fd_sc_hd__nor2_1/VPB = 2          |                                           
                                           |                                           
Net: wire463/VPB                           |(no matching net)                          
  sky130_fd_sc_hd__clkbuf_8/VPB = 1        |                                           
  sky130_fd_sc_hd__clkbuf_16/VPB = 1       |                                           
                                           |                                           
Net: _180_/VPB                             |(no matching net)                          
  sky130_fd_sc_hd__a211oi_1/VPB = 1        |                                           
  sky130_fd_sc_hd__a21oi_1/VPB = 1         |                                           
                                           |                                           
Net: wire399/VPB                           |(no matching net)                          
  sky130_fd_sc_hd__buf_6/VPB = 1           |                                           
  sky130_fd_sc_hd__clkbuf_8/VPB = 1        |                                           
                                           |                                           
Net: _522_/VPB                             |(no matching net)                          
  sky130_fd_sc_hd__buf_12/VPB = 1          |                                           
  sky130_fd_sc_hd__mux2_1/VPB = 1          |                                           
                                           |                                           
Net: wire345/VPB                           |(no matching net)                          
  sky130_fd_sc_hd__diode_2/VPB = 1         |                                           
  sky130_fd_sc_hd__clkbuf_4/VPB = 1        |                                           
                                           |                                           
Net: wire266/VPB                           |(no matching net)                          
  sky130_fd_sc_hd__clkbuf_4/VPB = 1        |                                           
  sky130_fd_sc_hd__diode_2/VPB = 1         |                                           
                                           |                                           
Net: input85/VPB                           |(no matching net)                          
  sky130_fd_sc_hd__clkbuf_2/VPB = 1        |                                           
  sky130_fd_sc_hd__buf_1/VPB = 1           |                                           
                                           |                                           
Net: wire265/VPB                           |(no matching net)                          
  sky130_fd_sc_hd__diode_2/VPB = 1         |                                           
  sky130_fd_sc_hd__buf_2/VPB = 1           |                                           
                                           |                                           
Net: _243_/VPB                             |(no matching net)                          
  sky130_fd_sc_hd__clkbuf_4/VPB = 1        |                                           
  sky130_fd_sc_hd__nor2_1/VPB = 1          |                                           
                                           |                                           
Net: _314_/VPB                             |(no matching net)                          
  sky130_fd_sc_hd__o21ai_1/VPB = 1         |                                           
  sky130_fd_sc_hd__a31oi_1/VPB = 1         |                                           
                                           |                                           
Net: _543_/VPB                             |(no matching net)                          
  sky130_fd_sc_hd__mux2_1/VPB = 1          |                                           
  sky130_fd_sc_hd__nor2_1/VPB = 1          |                                           
                                           |                                           
Net: _242_/VPB                             |(no matching net)                          
  sky130_fd_sc_hd__nor2_1/VPB = 1          |                                           
  sky130_fd_sc_hd__diode_2/VPB = 1         |                                           
                                           |                                           
Net: _225_/VPB                             |(no matching net)                          
  sky130_fd_sc_hd__o22a_1/VPB = 1          |                                           
  sky130_fd_sc_hd__a211oi_1/VPB = 1        |                                           
                                           |                                           
Net: _299_/VPB                             |(no matching net)                          
  sky130_fd_sc_hd__o21a_1/VPB = 1          |                                           
  sky130_fd_sc_hd__a21oi_1/VPB = 1         |                                           
                                           |                                           
Net: wire344/VPB                           |(no matching net)                          
  sky130_fd_sc_hd__clkbuf_16/VPB = 1       |                                           
  sky130_fd_sc_hd__clkbuf_1/VPB = 1        |                                           
                                           |                                           
Net: wire195/VPB                           |(no matching net)                          
  sky130_fd_sc_hd__clkbuf_1/VPB = 1        |                                           
  sky130_fd_sc_hd__clkbuf_4/VPB = 1        |                                           
                                           |                                           
Net: _477_/VPB                             |(no matching net)                          
  sky130_fd_sc_hd__buf_6/VPB = 1           |                                           
  sky130_fd_sc_hd__buf_4/VPB = 1           |                                           
  sky130_fd_sc_hd__conb_1/VPB = 2          |                                           
                                           |                                           
Net: _481_/VPB                             |(no matching net)                          
  sky130_fd_sc_hd__buf_6/VPB = 1           |                                           
  sky130_fd_sc_hd__clkbuf_4/VPB = 1        |                                           
  sky130_fd_sc_hd__conb_1/VPB = 2          |                                           
                                           |                                           
Net: _240_/VPB                             |(no matching net)                          
  sky130_fd_sc_hd__buf_6/VPB = 1           |                                           
  sky130_fd_sc_hd__nor2b_4/VPB = 1         |                                           
  sky130_fd_sc_hd__clkbuf_2/VPB = 1        |                                           
  sky130_fd_sc_hd__nor2_1/VPB = 1          |                                           
                                           |                                           
Net: _533_/VPB                             |(no matching net)                          
  sky130_fd_sc_hd__a21oi_1/VPB = 1         |                                           
  sky130_fd_sc_hd__mux2_1/VPB = 1          |                                           
  sky130_fd_sc_hd__dfxtp_4/VPB = 1         |                                           
  sky130_fd_sc_hd__diode_2/VPB = 1         |                                           
                                           |                                           
Net: _483_/VPB                             |(no matching net)                          
  sky130_fd_sc_hd__buf_6/VPB = 1           |                                           
  sky130_fd_sc_hd__conb_1/VPB = 3          |                                           
                                           |                                           
Net: _218_/VPB                             |(no matching net)                          
  sky130_fd_sc_hd__o22a_1/VPB = 1          |                                           
  sky130_fd_sc_hd__a211oi_2/VPB = 1        |                                           
  sky130_fd_sc_hd__a21oi_1/VPB = 1         |                                           
  sky130_fd_sc_hd__nor3_2/VPB = 1          |                                           
                                           |                                           
Net: wire472/X                             |(no matching net)                          
  sky130_fd_sc_hd__clkbuf_2/X = 1          |                                           
  sky130_fd_sc_hd__diode_2/DIODE = 2       |                                           
  sky130_fd_sc_hd__clkbuf_4/A = 1          |                                           
                                           |                                           
Net: _250_/VPB                             |(no matching net)                          
  sky130_fd_sc_hd__or4_1/VPB = 1           |                                           
  sky130_fd_sc_hd__a22oi_1/VPB = 3         |                                           
                                           |                                           
Net: _549_/A1                              |(no matching net)                          
  sky130_fd_sc_hd__clkbuf_2/X = 1          |                                           
  sky130_fd_sc_hd__mux2_1/A1 = 1           |                                           
  sky130_fd_sc_hd__diode_2/DIODE = 2       |                                           
                                           |                                           
Net: input91/VPB                           |(no matching net)                          
  sky130_fd_sc_hd__clkbuf_2/VPB = 2        |                                           
  sky130_fd_sc_hd__buf_1/VPB = 2           |                                           
                                           |                                           
Net: wire164/VPB                           |(no matching net)                          
  sky130_fd_sc_hd__clkbuf_16/VPB = 1       |                                           
                                           |                                           
Net: input95/VPB                           |(no matching net)                          
  sky130_fd_sc_hd__buf_1/VPB = 1           |                                           
  sky130_fd_sc_hd__clkbuf_2/VPB = 3        |                                           
                                           |                                           
Net: wire176/VPB                           |(no matching net)                          
  sky130_fd_sc_hd__diode_2/VPB = 2         |                                           
  sky130_fd_sc_hd__clkbuf_4/VPB = 2        |                                           
---------------------------------------------------------------------------------------
DEVICE mismatches: Class fragments follow (with node fanout counts):
Circuit 1: user_project_wrapper            |Circuit 2: user_project_wrapper            

---------------------------------------------------------------------------------------
Instance: sky130_fd_sc_hd__diode_2:ANTENNA |Instance: ANTENNA_10                       
  DIODE = 8                                |  DIODE = 2                                
  VGND = 1646                              |  VGND = 813                               
  VNB = 1646                               |  VNB = 813                                
  VPB = 1                                  |  VPB = 813                                
  VPWR = 1157                              |  VPWR = 813                               
                                           |                                           
Instance: sky130_fd_sc_hd__diode_2:ANTENNA |Instance: ANTENNA_24                       
  DIODE = 8                                |  DIODE = 3                                
  VGND = 1646                              |  VGND = 813                               
  VNB = 1646                               |  VNB = 813                                
  VPB = 1157                               |  VPB = 813                                
  VPWR = 1157                              |  VPWR = 813                               
                                           |                                           
Instance: sky130_fd_sc_hd__diode_2:ANTENNA |Instance: ANTENNA_3                        
  DIODE = 8                                |  DIODE = 3                                
  VGND = 1646                              |  VGND = 813                               
  VNB = 1646                               |  VNB = 813                                
  VPB = 1                                  |  VPB = 813                                
  VPWR = 1157                              |  VPWR = 813                               
                                           |                                           
Instance: sky130_fd_sc_hd__diode_2:ANTENNA |Instance: ANTENNA_39                       
  DIODE = 4                                |  DIODE = 2                                
  VGND = 1646                              |  VGND = 813                               
  VNB = 1646                               |  VNB = 813                                
  VPB = 1                                  |  VPB = 813                                
  VPWR = 1157                              |  VPWR = 813                               
                                           |                                           
Instance: sky130_fd_sc_hd__diode_2:ANTENNA |(no matching instance)                     
  DIODE = 4                                |                                           
  VGND = 1646                              |                                           
  VNB = 1646                               |                                           
  VPB = 1157                               |                                           
  VPWR = 1157                              |                                           
                                           |                                           
Instance: sky130_fd_sc_hd__diode_2:ANTENNA |(no matching instance)                     
  DIODE = 4                                |                                           
  VGND = 1646                              |                                           
  VNB = 1646                               |                                           
  VPB = 1                                  |                                           
  VPWR = 1157                              |                                           
                                           |                                           
Instance: sky130_fd_sc_hd__diode_2:ANTENNA |(no matching instance)                     
  DIODE = 8                                |                                           
  VGND = 1646                              |                                           
  VNB = 1646                               |                                           
  VPB = 1                                  |                                           
  VPWR = 1157                              |                                           
                                           |                                           
Instance: sky130_fd_sc_hd__diode_2:ANTENNA |(no matching instance)                     
  DIODE = 4                                |                                           
  VGND = 1646                              |                                           
  VNB = 1646                               |                                           
  VPB = 4                                  |                                           
  VPWR = 1157                              |                                           
                                           |                                           
Instance: sky130_fd_sc_hd__diode_2:ANTENNA |(no matching instance)                     
  DIODE = 8                                |                                           
  VGND = 1646                              |                                           
  VNB = 1646                               |                                           
  VPB = 1                                  |                                           
  VPWR = 1157                              |                                           
                                           |                                           
Instance: sky130_fd_sc_hd__diode_2:ANTENNA |(no matching instance)                     
  DIODE = 4                                |                                           
  VGND = 1646                              |                                           
  VNB = 1646                               |                                           
  VPB = 3                                  |                                           
  VPWR = 1157                              |                                           
                                           |                                           
Instance: sky130_fd_sc_hd__diode_2:ANTENNA |(no matching instance)                     
  DIODE = 4                                |                                           
  VGND = 1646                              |                                           
  VNB = 1646                               |                                           
  VPB = 4                                  |                                           
  VPWR = 1157                              |                                           
                                           |                                           
Instance: sky130_fd_sc_hd__diode_2:ANTENNA |(no matching instance)                     
  DIODE = 8                                |                                           
  VGND = 1646                              |                                           
  VNB = 1646                               |                                           
  VPB = 1                                  |                                           
  VPWR = 1157                              |                                           
                                           |                                           
Instance: sky130_fd_sc_hd__diode_2:ANTENNA |(no matching instance)                     
  DIODE = 8                                |                                           
  VGND = 1646                              |                                           
  VNB = 1646                               |                                           
  VPB = 1                                  |                                           
  VPWR = 1157                              |                                           
                                           |                                           
Instance: sky130_fd_sc_hd__diode_2:ANTENNA |(no matching instance)                     
  DIODE = 4                                |                                           
  VGND = 1646                              |                                           
  VNB = 1646                               |                                           
  VPB = 2                                  |                                           
  VPWR = 1157                              |                                           
---------------------------------------------------------------------------------------
Netlists do not match.
Port matching may fail to disambiguate symmetries.

Subcircuit pins:
Circuit 1: user_project_wrapper            |Circuit 2: user_project_wrapper            
-------------------------------------------|-------------------------------------------
VGND                                       |(no pin, node is net472)                   
VPWR                                       |(no pin, node is net119)                   
Cell pin lists are equivalent.
Device classes user_project_wrapper and user_project_wrapper are equivalent.

Final result: Netlists do not match.
Port matching may fail to disambiguate symmetries.
