cls,kind,file,line,seconds,direct,callee,enclosing,failing_verdict
A,subprocess timeout=,plugin/mcp-eda/src/devices/fpga/terasic-de10lite/driver.py,230,20,yes,run,mode_detect,TimeoutExpired escapes -> process crashes / test ERRORs -> recorded as a defect
A,subprocess timeout=,plugin/mcp-eda/src/devices/fpga/terasic-de10lite/driver.py,245,20,yes,run,mode_detect,TimeoutExpired escapes -> process crashes / test ERRORs -> recorded as a defect
A,subprocess timeout=,plugin/mcp-eda/src/devices/fpga/terasic-de10lite/driver.py,911,110,yes,run,mode_program,TimeoutExpired escapes -> process crashes / test ERRORs -> recorded as a defect
A,subprocess timeout=,plugin/mcp-eda/src/devices/fpga/terasic-de10lite/driver.py,1128,30,yes,run,mode_adc_read,TimeoutExpired escapes -> process crashes / test ERRORs -> recorded as a defect
A,subprocess timeout=,plugin/mcp-eda/test/test_eda_doctor_container_ceiling.py,53,60,yes,subprocess.run,_run,TimeoutExpired escapes -> process crashes / test ERRORs -> recorded as a defect
A,subprocess timeout=,plugin/mcp-eda/test/test_eda_equiv_script.py,114,60,yes,subprocess.run,_yosys_equiv,TimeoutExpired escapes -> process crashes / test ERRORs -> recorded as a defect
A,subprocess timeout=,plugin/mcp-eda/test/test_eda_lvs_netgen_verdict_and_magic_ports.py,159,30,yes,subprocess.run,_node_classify,TimeoutExpired escapes -> process crashes / test ERRORs -> recorded as a defect
A,subprocess timeout=,plugin/mcp-eda/test/test_eda_lvs_netgen_verdict_and_magic_ports.py,244,30,yes,subprocess.run,test_resolve_layout_top_flat_alignment,TimeoutExpired escapes -> process crashes / test ERRORs -> recorded as a defect
A,subprocess timeout=,plugin/mcp-eda/test/test_eda_lvs_netgen_verdict_and_magic_ports.py,260,30,yes,subprocess.run,test_stdcell_spice_path_per_pdk,TimeoutExpired escapes -> process crashes / test ERRORs -> recorded as a defect
A,subprocess timeout=,plugin/mcp-eda/test/test_eda_lvs_netgen_verdict_and_magic_ports.py,281,30,yes,subprocess.run,test_build_netgen_lvs_tcl_loads_stdcell_into_schematic,TimeoutExpired escapes -> process crashes / test ERRORs -> recorded as a defect
A,subprocess timeout=,plugin/mcp-eda/test/test_exec_timeout_kills_the_tool_in_the_container.py,103,60,yes,subprocess.run,_drive,TimeoutExpired escapes -> process crashes / test ERRORs -> recorded as a defect
A,subprocess timeout=,plugin/mcp-eda/test/test_exec_timeout_kills_the_tool_in_the_container.py,187,30,yes,subprocess.run,_container_up,TimeoutExpired escapes -> process crashes / test ERRORs -> recorded as a defect
A,subprocess timeout=,plugin/mcp-eda/test/test_exec_timeout_kills_the_tool_in_the_container.py,224,30,yes,subprocess.run,test_on_real_docker_only_the_inner_timeout_leaves_nothing_behind,TimeoutExpired escapes -> process crashes / test ERRORs -> recorded as a defect
A,subprocess timeout=,plugin/mcp-eda/test/test_exec_timeout_kills_the_tool_in_the_container.py,234,30,yes,subprocess.run,test_on_real_docker_only_the_inner_timeout_leaves_nothing_behind,TimeoutExpired escapes -> process crashes / test ERRORs -> recorded as a defect
A,subprocess timeout=,plugin/mcp-eda/test/test_exec_timeout_kills_the_tool_in_the_container.py,253,60,yes,subprocess.run,test_on_real_docker_only_the_inner_timeout_leaves_nothing_behind,TimeoutExpired escapes -> process crashes / test ERRORs -> recorded as a defect
A,subprocess timeout=,plugin/mcp-eda/test/test_g_antenna_reroute_thread_parallel.py,41,30,yes,subprocess.run,_node,TimeoutExpired escapes -> process crashes / test ERRORs -> recorded as a defect
A,subprocess timeout=,plugin/mcp-eda/test/test_manifest_required_metrics.py,87,60,yes,subprocess.run,_gate,TimeoutExpired escapes -> process crashes / test ERRORs -> recorded as a defect
A,subprocess timeout=,plugin/mcp-eda/test/test_manifest_required_metrics.py,222,60,yes,subprocess.run,_parse,TimeoutExpired escapes -> process crashes / test ERRORs -> recorded as a defect
A,subprocess timeout=,plugin/mcp-eda/test/test_mcp_live_probe.py,107,timeout,call-through,self.recv,request,TimeoutExpired escapes -> process crashes / test ERRORs -> recorded as a defect
A,subprocess timeout=,plugin/mcp-eda/test/test_mcp_live_probe.py,174,30,call-through,p.request,check_resource_read,TimeoutExpired escapes -> process crashes / test ERRORs -> recorded as a defect
A,subprocess timeout=,plugin/mcp-eda/test/test_mcp_tool_honesty.py,121,30,yes,subprocess.run,_eval_match,TimeoutExpired escapes -> process crashes / test ERRORs -> recorded as a defect
A,subprocess timeout=,plugin/mcp-eda/test/test_mcp_tool_honesty.py,256,30,yes,subprocess.run,test_sta_verdict_is_not_the_exit_code,TimeoutExpired escapes -> process crashes / test ERRORs -> recorded as a defect
A,subprocess timeout=,plugin/mcp-eda/test/test_mcp_tool_honesty.py,300,30,yes,subprocess.run,test_the_sta_manifest_status_distinguishes_pass_violation_and_unconstrained,TimeoutExpired escapes -> process crashes / test ERRORs -> recorded as a defect
A,subprocess timeout=,plugin/mcp-eda/test/test_mcp_tool_honesty.py,314,30,yes,subprocess.run,test_sta_error_regex_catches_openroad_errors,TimeoutExpired escapes -> process crashes / test ERRORs -> recorded as a defect
A,subprocess timeout=,plugin/mcp-eda/test/test_mcp_tool_honesty.py,321,30,yes,subprocess.run,test_sta_error_regex_catches_openroad_errors,TimeoutExpired escapes -> process crashes / test ERRORs -> recorded as a defect
A,subprocess timeout=,plugin/mcp-eda/test/test_mcp_tool_honesty.py,341,30,yes,subprocess.run,test_sta_slack_regex_matches_real_opensta_output,TimeoutExpired escapes -> process crashes / test ERRORs -> recorded as a defect
A,subprocess timeout=,plugin/mcp-eda/test/test_mcp_tool_honesty.py,384,30,yes,subprocess.run,test_sta_clockless_fixture_parses_as_unconstrained,TimeoutExpired escapes -> process crashes / test ERRORs -> recorded as a defect
A,subprocess timeout=,plugin/mcp-eda/test/test_no_unguarded_burn_sentinel.py,59,_BOUND_S,yes,subprocess.run,_run_sentinel,TimeoutExpired escapes -> process crashes / test ERRORs -> recorded as a defect
A,subprocess timeout=,plugin/mcp-eda/test/test_no_unguarded_burn_sentinel.py,176,_BOUND_S,yes,subprocess.run,test_zero_denominator_refuses_instead_of_certifying,TimeoutExpired escapes -> process crashes / test ERRORs -> recorded as a defect
A,subprocess timeout=,plugin/mcp-eda/test/test_openroad_exit_truth.py,81,30,yes,subprocess.run,_node,TimeoutExpired escapes -> process crashes / test ERRORs -> recorded as a defect
A,subprocess timeout=,plugin/mcp-eda/test/test_openroad_exit_truth.py,402,30,yes,subprocess.run,_assertion_tcl,TimeoutExpired escapes -> process crashes / test ERRORs -> recorded as a defect
A,subprocess timeout=,plugin/mcp-eda/test/test_openroad_exit_truth.py,432,60,yes,subprocess.run,_run_trio,TimeoutExpired escapes -> process crashes / test ERRORs -> recorded as a defect
A,subprocess timeout=,plugin/mcp-eda/test/test_restart_eda_pinned_default.py,53,180,yes,subprocess.run,_resolve,TimeoutExpired escapes -> process crashes / test ERRORs -> recorded as a defect
A,subprocess timeout=,plugin/mcp-eda/test/test_sta_evidence_and_conjunction.py,82,60,yes,subprocess.run,_evaluate,TimeoutExpired escapes -> process crashes / test ERRORs -> recorded as a defect
A,subprocess timeout=,plugin/mcp-eda/test/test_sta_linkage_rule_not_a_size_test.py,105,60,yes,subprocess.run,_js,TimeoutExpired escapes -> process crashes / test ERRORs -> recorded as a defect
A,subprocess timeout=,plugin/mcp-eda/test/test_v0_114_6_command_injection_guards.py,84,30,yes,subprocess.run,test_validators_reject_injection_and_accept_legit,TimeoutExpired escapes -> process crashes / test ERRORs -> recorded as a defect
A,subprocess timeout=,plugin/mcp-eda/test/test_v1_3_53_mcp_antenna_loop_parity.py,66,30,yes,subprocess.run,_emit,TimeoutExpired escapes -> process crashes / test ERRORs -> recorded as a defect
A,subprocess timeout=,plugin/mcp-eda/test/test_v1_3_53_mcp_antenna_loop_parity.py,130,60,yes,subprocess.run,test_antenna_block_parses_and_evaluates_in_tclsh,TimeoutExpired escapes -> process crashes / test ERRORs -> recorded as a defect
A,subprocess timeout=,plugin/programs/_container_exec.py,129,int(deadline_s) + int(client_grace_s),yes,subprocess.run,run_in_container,TimeoutExpired escapes -> process crashes / test ERRORs -> recorded as a defect
A,subprocess timeout=,plugin/programs/_corpus_location.py,267,timeout,yes,subprocess.run,not_a_checkout_reason,handler records a FAILING verdict
A,subprocess timeout=,plugin/programs/_docker_watchdog.py,134,timeout,call-through,read_job_pid,container_cpu_seconds,TimeoutExpired escapes -> process crashes / test ERRORs -> recorded as a defect
A,subprocess timeout=,plugin/programs/_docker_watchdog.py,145,timeout,call-through,docker_exec_raw,container_cpu_seconds,TimeoutExpired escapes -> process crashes / test ERRORs -> recorded as a defect
A,subprocess timeout=,plugin/programs/_docker_watchdog.py,153,timeout,call-through,docker_exec_raw,container_cpu_seconds,TimeoutExpired escapes -> process crashes / test ERRORs -> recorded as a defect
A,subprocess timeout=,plugin/programs/_docker_watchdog.py,452,stall_grace_s,call-through,?,run_docker_supervised,TimeoutExpired escapes -> process crashes / test ERRORs -> recorded as a defect
A,subprocess timeout=,plugin/programs/_eda_image.py,130,timeout,yes,subprocess.run,_run,TimeoutExpired escapes -> process crashes / test ERRORs -> recorded as a defect
A,subprocess timeout=,plugin/programs/_klayout_launch.py,222,30,yes,subprocess.run,exists,handler records a FAILING verdict
A,subprocess timeout=,plugin/programs/_klayout_launch.py,232,30,yes,subprocess.run,_container_has_klayout,handler records a FAILING verdict
A,subprocess timeout=,plugin/programs/_owned_process_supervisor.py,667,stall_grace_s,call-through,?,run_owned,handler records a FAILING verdict
A,subprocess timeout=,plugin/programs/_owned_process_supervisor.py,915,args.stall_grace,call-through,?,main,TimeoutExpired escapes -> process crashes / test ERRORs -> recorded as a defect
A,subprocess timeout=,plugin/programs/_path_layout.py,798,timeout,yes,subprocess.run,emit_final_summary,handler records a FAILING verdict
A,subprocess timeout=,plugin/programs/_published_tree.py,112,timeout,yes,subprocess.run,_index,handler records a FAILING verdict
A,subprocess timeout=,plugin/programs/_published_tree.py,165,timeout,yes,subprocess.run,_blobs,handler records a FAILING verdict
A,subprocess timeout=,plugin/programs/_watchdog.py,391,stall_grace_s,call-through,?,run_supervised,TimeoutExpired escapes -> process crashes / test ERRORs -> recorded as a defect
A,subprocess timeout=,plugin/programs/acceptance_evidence_in_fix_comment_check.py,170,30,call-through,urllib.request.urlopen,_fetch_issue_body,TimeoutExpired escapes -> process crashes / test ERRORs -> recorded as a defect
A,subprocess timeout=,plugin/programs/acceptance_evidence_in_fix_comment_check.py,194,30,call-through,urllib.request.urlopen,_fetch_issue_comments,TimeoutExpired escapes -> process crashes / test ERRORs -> recorded as a defect
A,subprocess timeout=,plugin/programs/analog_a3_netlist_emit.py,877,300,yes,subprocess.run,verify_with_checkers,handler records a FAILING verdict
A,subprocess timeout=,plugin/programs/analog_a3_netlist_emit.py,898,60,yes,subprocess.run,_docker_ok,handler records a FAILING verdict
A,subprocess timeout=,plugin/programs/analog_hardmacro_gds_emit.py,208,timeout,yes,subprocess.run,_run,handler records a FAILING verdict
A,subprocess timeout=,plugin/programs/analog_hardmacro_gds_emit.py,235,60,call-through,_run,open,TimeoutExpired escapes -> process crashes / test ERRORs -> recorded as a defect
A,subprocess timeout=,plugin/programs/analog_hardmacro_gds_emit.py,252,120,call-through,_run,put,TimeoutExpired escapes -> process crashes / test ERRORs -> recorded as a defect
A,subprocess timeout=,plugin/programs/analog_hardmacro_gds_emit.py,273,120,call-through,_run,get,TimeoutExpired escapes -> process crashes / test ERRORs -> recorded as a defect
A,subprocess timeout=,plugin/programs/analog_hardmacro_gds_emit.py,279,timeout,call-through,_run,sh,TimeoutExpired escapes -> process crashes / test ERRORs -> recorded as a defect
A,subprocess timeout=,plugin/programs/analog_hardmacro_gds_emit.py,280,timeout,call-through,_run,sh,TimeoutExpired escapes -> process crashes / test ERRORs -> recorded as a defect
A,subprocess timeout=,plugin/programs/analog_hardmacro_gds_emit.py,284,60,call-through,self.sh,exists,TimeoutExpired escapes -> process crashes / test ERRORs -> recorded as a defect
A,subprocess timeout=,plugin/programs/analog_hardmacro_gds_emit.py,288,60,call-through,_run,close,TimeoutExpired escapes -> process crashes / test ERRORs -> recorded as a defect
A,subprocess timeout=,plugin/programs/analog_hardmacro_gds_emit.py,449,120,call-through,stage.sh,pdk_manufacturing_grid_um,TimeoutExpired escapes -> process crashes / test ERRORs -> recorded as a defect
A,subprocess timeout=,plugin/programs/analog_hardmacro_gds_emit.py,689,60,call-through,stage.sh,run,TimeoutExpired escapes -> process crashes / test ERRORs -> recorded as a defect
A,subprocess timeout=,plugin/programs/analog_one_shot_runner.py,777,1800,yes,subprocess.run,step_for_block,TimeoutExpired escapes -> process crashes / test ERRORs -> recorded as a defect
A,subprocess timeout=,plugin/programs/analog_one_shot_runner.py,851,1800,yes,subprocess.run,step_for_block,TimeoutExpired escapes -> process crashes / test ERRORs -> recorded as a defect
A,subprocess timeout=,plugin/programs/analog_one_shot_runner.py,923,600,yes,subprocess.run,step_for_block,TimeoutExpired escapes -> process crashes / test ERRORs -> recorded as a defect
A,subprocess timeout=,plugin/programs/analog_one_shot_runner.py,942,1800,yes,subprocess.run,step_for_block,TimeoutExpired escapes -> process crashes / test ERRORs -> recorded as a defect
A,subprocess timeout=,plugin/programs/analog_one_shot_runner.py,1009,1800,yes,subprocess.run,step_for_block,TimeoutExpired escapes -> process crashes / test ERRORs -> recorded as a defect
A,subprocess timeout=,plugin/programs/analog_one_shot_runner.py,1046,1800,yes,subprocess.run,step_for_block,TimeoutExpired escapes -> process crashes / test ERRORs -> recorded as a defect
A,subprocess timeout=,plugin/programs/analog_one_shot_runner.py,1065,1800,yes,subprocess.run,step_for_block,TimeoutExpired escapes -> process crashes / test ERRORs -> recorded as a defect
A,subprocess timeout=,plugin/programs/analog_real_corner_sweep.py,815,timeout,call-through,?,_docker,TimeoutExpired escapes -> process crashes / test ERRORs -> recorded as a defect
A,subprocess timeout=,plugin/programs/artefact_defect_close_check.py,174,timeout,yes,subprocess.run,_git,handler records a FAILING verdict
A,subprocess timeout=,plugin/programs/artefact_defect_close_check.py,510,120,call-through,gh_json,fetch_recent_closed,TimeoutExpired escapes -> process crashes / test ERRORs -> recorded as a defect
A,subprocess timeout=,plugin/programs/attestation_preflight_check.py,138,300,yes,subprocess.run,tracked_drift,TimeoutExpired escapes -> process crashes / test ERRORs -> recorded as a defect
A,subprocess timeout=,plugin/programs/attestation_preflight_check.py,149,300,yes,subprocess.run,untracked,TimeoutExpired escapes -> process crashes / test ERRORs -> recorded as a defect
A,subprocess timeout=,plugin/programs/attestation_preflight_check.py,178,120,yes,subprocess.run,main,TimeoutExpired escapes -> process crashes / test ERRORs -> recorded as a defect
A,subprocess timeout=,plugin/programs/benchmark_run_manifest.py,302,30,yes,subprocess.run,changed_run_dirs,TimeoutExpired escapes -> process crashes / test ERRORs -> recorded as a defect
A,subprocess timeout=,plugin/programs/bit_level_full_stack_tb_check.py,690,900,yes,subprocess.run,_maybe_run,handler records a FAILING verdict
A,subprocess timeout=,plugin/programs/caravel_wrapper_harden_driver.py,134,60,call-through,runner,docker_image_available,TimeoutExpired escapes -> process crashes / test ERRORs -> recorded as a defect
A,subprocess timeout=,plugin/programs/caravel_wrapper_harden_driver.py,383,timeout,call-through,runner,run_harden,TimeoutExpired escapes -> process crashes / test ERRORs -> recorded as a defect
A,subprocess timeout=,plugin/programs/caravel_wrapper_harden_driver.py,550,timeout,call-through,runner,run_merge,TimeoutExpired escapes -> process crashes / test ERRORs -> recorded as a defect
A,subprocess timeout=,plugin/programs/caravel_wrapper_harden_driver.py,622,timeout,call-through,runner,run_xor,TimeoutExpired escapes -> process crashes / test ERRORs -> recorded as a defect
A,subprocess timeout=,plugin/programs/ci_ran_at_all_check.py,112,30,yes,subprocess.run,_repo_slug,TimeoutExpired escapes -> process crashes / test ERRORs -> recorded as a defect
A,subprocess timeout=,plugin/programs/ci_ran_at_all_check.py,124,30,yes,subprocess.run,_head_sha,TimeoutExpired escapes -> process crashes / test ERRORs -> recorded as a defect
A,subprocess timeout=,plugin/programs/citation_routing_is_true_check.py,252,None,call-through,_corpus.not_a_checkout_reason,semantic_progress_units,TimeoutExpired escapes -> process crashes / test ERRORs -> recorded as a defect
A,subprocess timeout=,plugin/programs/citation_routing_is_true_check.py,312,None if semantic else 60,call-through,_corpus.not_a_checkout_reason,main,TimeoutExpired escapes -> process crashes / test ERRORs -> recorded as a defect
A,subprocess timeout=,plugin/programs/cmd_response_conformance_check.py,101,600,yes,subprocess.run,run_hook,TimeoutExpired escapes -> process crashes / test ERRORs -> recorded as a defect
A,subprocess timeout=,plugin/programs/competing_pr_claim_groups.py,437,SUBPROCESS_TIMEOUT_S,yes,subprocess.run,claimants_from_rev_range,TimeoutExpired escapes -> process crashes / test ERRORs -> recorded as a defect
A,subprocess timeout=,plugin/programs/crosslayer_rewrite_equivalence.py,739,args.timeout,call-through,_run_yosys_equiv,main,TimeoutExpired escapes -> process crashes / test ERRORs -> recorded as a defect
A,subprocess timeout=,plugin/programs/crosslayer_rewrite_equivalence.py,768,args.timeout,call-through,_run_yosys_equiv,main,TimeoutExpired escapes -> process crashes / test ERRORs -> recorded as a defect
A,subprocess timeout=,plugin/programs/design_one_shot_runner.py,280,600,yes,subprocess.run,_eco_remediate_with_hint,handler records a FAILING verdict
A,except Timeout,plugin/programs/design_one_shot_runner.py,287,(handler),handler,subprocess.TimeoutExpired,_eco_remediate_with_hint,"return False, (""phase1 regen timed out (600s); "" ""leaving loop to declare FAIL_ECO_INERT"")"
A,subprocess timeout=,plugin/programs/design_one_shot_runner.py,627,10,call-through,_docker_exec,_tool_in_container,TimeoutExpired escapes -> process crashes / test ERRORs -> recorded as a defect
A,subprocess timeout=,plugin/programs/design_one_shot_runner.py,1072,timeout,call-through,_run,_run_iverilog_stage,TimeoutExpired escapes -> process crashes / test ERRORs -> recorded as a defect
A,subprocess timeout=,plugin/programs/design_one_shot_runner.py,1079,timeout,call-through,_docker_exec,_run_iverilog_stage,TimeoutExpired escapes -> process crashes / test ERRORs -> recorded as a defect
A,subprocess timeout=,plugin/programs/design_one_shot_runner.py,1180,10,call-through,_run,_container_has_quartus_sh,TimeoutExpired escapes -> process crashes / test ERRORs -> recorded as a defect
A,subprocess timeout=,plugin/programs/design_one_shot_runner.py,1362,600,call-through,_run,step_phase1,TimeoutExpired escapes -> process crashes / test ERRORs -> recorded as a defect
A,subprocess timeout=,plugin/programs/design_one_shot_runner.py,1740,120,yes,subprocess.run,_try_deterministic_rtl_dispatch,handler records a FAILING verdict
A,subprocess timeout=,plugin/programs/design_one_shot_runner.py,1816,60,yes,subprocess.run,_try_serial_parallel_mul_rtl,handler records a FAILING verdict
A,subprocess timeout=,plugin/programs/design_one_shot_runner.py,6970,1200,call-through,_docker_exec,step_professional_tb_gen,TimeoutExpired escapes -> process crashes / test ERRORs -> recorded as a defect
A,subprocess timeout=,plugin/programs/design_one_shot_runner.py,7680,30,call-through,_docker_exec,_verilator_sim_escape,TimeoutExpired escapes -> process crashes / test ERRORs -> recorded as a defect
A,subprocess timeout=,plugin/programs/design_one_shot_runner.py,7703,60,call-through,_run,_verilator_sim_escape,TimeoutExpired escapes -> process crashes / test ERRORs -> recorded as a defect
A,subprocess timeout=,plugin/programs/design_one_shot_runner.py,7707,30,call-through,_docker_exec,_verilator_sim_escape,TimeoutExpired escapes -> process crashes / test ERRORs -> recorded as a defect
A,subprocess timeout=,plugin/programs/design_one_shot_runner.py,7721,60,call-through,_run,_verilator_sim_escape,TimeoutExpired escapes -> process crashes / test ERRORs -> recorded as a defect
A,subprocess timeout=,plugin/programs/design_one_shot_runner.py,7749,600,call-through,_docker_exec,_verilator_sim_escape,TimeoutExpired escapes -> process crashes / test ERRORs -> recorded as a defect
A,subprocess timeout=,plugin/programs/design_one_shot_runner.py,7753,30,call-through,_docker_exec,_verilator_sim_escape,TimeoutExpired escapes -> process crashes / test ERRORs -> recorded as a defect
A,subprocess timeout=,plugin/programs/design_one_shot_runner.py,7783,30,call-through,_docker_exec,_verilator_sim_escape,TimeoutExpired escapes -> process crashes / test ERRORs -> recorded as a defect
A,subprocess timeout=,plugin/programs/design_one_shot_runner.py,7790,30,call-through,_docker_exec,_verilator_sim_escape,TimeoutExpired escapes -> process crashes / test ERRORs -> recorded as a defect
A,subprocess timeout=,plugin/programs/design_one_shot_runner.py,7940,120,call-through,_run_iverilog_stage,_iverilog_compile_with_sv_fallback,TimeoutExpired escapes -> process crashes / test ERRORs -> recorded as a defect
A,subprocess timeout=,plugin/programs/design_one_shot_runner.py,7961,30,call-through,_docker_exec,_iverilog_compile_with_sv_fallback,TimeoutExpired escapes -> process crashes / test ERRORs -> recorded as a defect
A,subprocess timeout=,plugin/programs/design_one_shot_runner.py,7966,60,call-through,_run,_iverilog_compile_with_sv_fallback,TimeoutExpired escapes -> process crashes / test ERRORs -> recorded as a defect
A,subprocess timeout=,plugin/programs/design_one_shot_runner.py,7970,30,call-through,_docker_exec,_iverilog_compile_with_sv_fallback,TimeoutExpired escapes -> process crashes / test ERRORs -> recorded as a defect
A,subprocess timeout=,plugin/programs/design_one_shot_runner.py,8014,60,call-through,_run,_iverilog_compile_with_sv_fallback,TimeoutExpired escapes -> process crashes / test ERRORs -> recorded as a defect
A,subprocess timeout=,plugin/programs/design_one_shot_runner.py,8033,300,call-through,_docker_exec,_iverilog_compile_with_sv_fallback,TimeoutExpired escapes -> process crashes / test ERRORs -> recorded as a defect
A,subprocess timeout=,plugin/programs/design_one_shot_runner.py,8040,30,call-through,_docker_exec,_iverilog_compile_with_sv_fallback,TimeoutExpired escapes -> process crashes / test ERRORs -> recorded as a defect
A,subprocess timeout=,plugin/programs/design_one_shot_runner.py,8045,60,call-through,_run,_iverilog_compile_with_sv_fallback,TimeoutExpired escapes -> process crashes / test ERRORs -> recorded as a defect
A,subprocess timeout=,plugin/programs/design_one_shot_runner.py,8050,30,call-through,_docker_exec,_iverilog_compile_with_sv_fallback,TimeoutExpired escapes -> process crashes / test ERRORs -> recorded as a defect
A,subprocess timeout=,plugin/programs/design_one_shot_runner.py,8101,120,call-through,_run_iverilog_stage,_iverilog_compile_with_sv_fallback,TimeoutExpired escapes -> process crashes / test ERRORs -> recorded as a defect
A,subprocess timeout=,plugin/programs/design_one_shot_runner.py,8149,timeout,call-through,_run_iverilog_stage,_sim_run_or_reuse,TimeoutExpired escapes -> process crashes / test ERRORs -> recorded as a defect
A,subprocess timeout=,plugin/programs/design_one_shot_runner.py,8673,300,yes,subprocess.run,step_crosslayer_rewrite_fidelity,handler records a FAILING verdict
A,subprocess timeout=,plugin/programs/design_one_shot_runner.py,8737,300,yes,subprocess.run,step_slot_pad_budget,handler records a FAILING verdict
A,subprocess timeout=,plugin/programs/design_one_shot_runner.py,9020,300,call-through,_sim_run_or_reuse,_run_oracle_tb,TimeoutExpired escapes -> process crashes / test ERRORs -> recorded as a defect
A,subprocess timeout=,plugin/programs/design_one_shot_runner.py,9266,120,call-through,_sim_run_or_reuse,_reference_tb_generic_full_stack,TimeoutExpired escapes -> process crashes / test ERRORs -> recorded as a defect
A,subprocess timeout=,plugin/programs/design_one_shot_runner.py,10209,120,call-through,_sim_run_or_reuse,step_reference_tb,TimeoutExpired escapes -> process crashes / test ERRORs -> recorded as a defect
A,subprocess timeout=,plugin/programs/design_one_shot_runner.py,10981,30,call-through,_docker_exec,_phase2_container_workdir,TimeoutExpired escapes -> process crashes / test ERRORs -> recorded as a defect
A,subprocess timeout=,plugin/programs/design_one_shot_runner.py,11050,60,call-through,_run,_phase2_sv_synth_fallback,TimeoutExpired escapes -> process crashes / test ERRORs -> recorded as a defect
A,subprocess timeout=,plugin/programs/design_one_shot_runner.py,11063,60,call-through,_run,_phase2_sv_synth_fallback,TimeoutExpired escapes -> process crashes / test ERRORs -> recorded as a defect
A,subprocess timeout=,plugin/programs/design_one_shot_runner.py,11141,600,call-through,_docker_exec,_phase2_sv_synth_fallback,TimeoutExpired escapes -> process crashes / test ERRORs -> recorded as a defect
A,subprocess timeout=,plugin/programs/design_one_shot_runner.py,11182,30,call-through,_docker_exec,_phase2_sv_synth_fallback,TimeoutExpired escapes -> process crashes / test ERRORs -> recorded as a defect
A,subprocess timeout=,plugin/programs/design_one_shot_runner.py,11202,60,call-through,_run,_phase2_retrieve_netlist,TimeoutExpired escapes -> process crashes / test ERRORs -> recorded as a defect
A,subprocess timeout=,plugin/programs/design_one_shot_runner.py,12066,_synth_to,call-through,_run,step_yosys_synth,TimeoutExpired escapes -> process crashes / test ERRORs -> recorded as a defect
A,subprocess timeout=,plugin/programs/design_one_shot_runner.py,12078,_synth_to,call-through,_run,step_yosys_synth,TimeoutExpired escapes -> process crashes / test ERRORs -> recorded as a defect
A,subprocess timeout=,plugin/programs/design_one_shot_runner.py,12095,60,call-through,_run,step_yosys_synth,TimeoutExpired escapes -> process crashes / test ERRORs -> recorded as a defect
A,subprocess timeout=,plugin/programs/design_one_shot_runner.py,12106,60,call-through,_run,step_yosys_synth,TimeoutExpired escapes -> process crashes / test ERRORs -> recorded as a defect
A,subprocess timeout=,plugin/programs/design_one_shot_runner.py,12124,_synth_to,call-through,_run,step_yosys_synth,TimeoutExpired escapes -> process crashes / test ERRORs -> recorded as a defect
A,subprocess timeout=,plugin/programs/design_one_shot_runner.py,12134,30,call-through,_run,step_yosys_synth,TimeoutExpired escapes -> process crashes / test ERRORs -> recorded as a defect
A,subprocess timeout=,plugin/programs/design_one_shot_runner.py,12533,120,call-through,_run,step_qsf_gen,TimeoutExpired escapes -> process crashes / test ERRORs -> recorded as a defect
A,subprocess timeout=,plugin/programs/design_one_shot_runner.py,12585,60,call-through,_run,step_sdc_gen,TimeoutExpired escapes -> process crashes / test ERRORs -> recorded as a defect
A,subprocess timeout=,plugin/programs/design_one_shot_runner.py,12620,60,call-through,_run,step_otp_image_check,TimeoutExpired escapes -> process crashes / test ERRORs -> recorded as a defect
A,subprocess timeout=,plugin/programs/design_one_shot_runner.py,12701,1800,call-through,_run,step_fpga_compile,TimeoutExpired escapes -> process crashes / test ERRORs -> recorded as a defect
A,subprocess timeout=,plugin/programs/design_one_shot_runner.py,12810,300,call-through,_run,step_fpga_burn,TimeoutExpired escapes -> process crashes / test ERRORs -> recorded as a defect
A,subprocess timeout=,plugin/programs/design_one_shot_runner.py,13086,30,call-through,_run,step_usb_hid_tester_verify,TimeoutExpired escapes -> process crashes / test ERRORs -> recorded as a defect
A,subprocess timeout=,plugin/programs/design_one_shot_runner.py,13089,60,call-through,_run,step_usb_hid_tester_verify,TimeoutExpired escapes -> process crashes / test ERRORs -> recorded as a defect
A,subprocess timeout=,plugin/programs/design_one_shot_runner.py,13115,30,call-through,_run,step_usb_hid_tester_verify,TimeoutExpired escapes -> process crashes / test ERRORs -> recorded as a defect
A,subprocess timeout=,plugin/programs/design_one_shot_runner.py,13119,30,call-through,_run,step_usb_hid_tester_verify,TimeoutExpired escapes -> process crashes / test ERRORs -> recorded as a defect
A,subprocess timeout=,plugin/programs/design_one_shot_runner.py,13123,60,call-through,_run,step_usb_hid_tester_verify,TimeoutExpired escapes -> process crashes / test ERRORs -> recorded as a defect
A,subprocess timeout=,plugin/programs/design_one_shot_runner.py,13186,7200,call-through,_run,step_phase3,TimeoutExpired escapes -> process crashes / test ERRORs -> recorded as a defect
A,subprocess timeout=,plugin/programs/design_one_shot_runner.py,14936,900,call-through,_run,_verilator_stage_exec,TimeoutExpired escapes -> process crashes / test ERRORs -> recorded as a defect
A,subprocess timeout=,plugin/programs/design_one_shot_runner.py,14943,900,call-through,_docker_exec,_verilator_stage_exec,TimeoutExpired escapes -> process crashes / test ERRORs -> recorded as a defect
A,subprocess timeout=,plugin/programs/design_one_shot_runner.py,15987,budget,call-through,_run,step_final_audit,TimeoutExpired escapes -> process crashes / test ERRORs -> recorded as a defect
A,subprocess timeout=,plugin/programs/deterministic_emit_chain.py,468,timeout,call-through,emit_block_report,emit_would_be_blocked,TimeoutExpired escapes -> process crashes / test ERRORs -> recorded as a defect
A,subprocess timeout=,plugin/programs/die_density_fill_gen.py,211,timeout,call-through,runner.run,measure,TimeoutExpired escapes -> process crashes / test ERRORs -> recorded as a defect
A,subprocess timeout=,plugin/programs/die_density_fill_gen.py,238,timeout,call-through,runner.run,census,TimeoutExpired escapes -> process crashes / test ERRORs -> recorded as a defect
A,subprocess timeout=,plugin/programs/die_density_fill_gen.py,276,timeout,call-through,runner.run_argv,sibling_passes,TimeoutExpired escapes -> process crashes / test ERRORs -> recorded as a defect
A,subprocess timeout=,plugin/programs/die_density_fill_gen.py,442,timeout,call-through,runner.run,run,TimeoutExpired escapes -> process crashes / test ERRORs -> recorded as a defect
A,subprocess timeout=,plugin/programs/die_finishing_gen.py,502,120,call-through,runner.run_argv,_read_remote,TimeoutExpired escapes -> process crashes / test ERRORs -> recorded as a defect
A,subprocess timeout=,plugin/programs/die_finishing_gen.py,533,60,call-through,runner.run_argv,derive_tech,TimeoutExpired escapes -> process crashes / test ERRORs -> recorded as a defect
A,subprocess timeout=,plugin/programs/die_finishing_gen.py,1036,3600,call-through,runner.run_argv,run,TimeoutExpired escapes -> process crashes / test ERRORs -> recorded as a defect
A,subprocess timeout=,plugin/programs/die_finishing_gen.py,1064,1800,call-through,runner.run,run,TimeoutExpired escapes -> process crashes / test ERRORs -> recorded as a defect
A,subprocess timeout=,plugin/programs/digital_hardmacro_gen.py,590,60,call-through,self.sh,has_magic,TimeoutExpired escapes -> process crashes / test ERRORs -> recorded as a defect
A,subprocess timeout=,plugin/programs/digital_hardmacro_gen.py,600,60,call-through,self.sh,magic_version,TimeoutExpired escapes -> process crashes / test ERRORs -> recorded as a defect
A,subprocess timeout=,plugin/programs/digital_hardmacro_gen.py,602,60,call-through,_sh,magic_version,TimeoutExpired escapes -> process crashes / test ERRORs -> recorded as a defect
A,subprocess timeout=,plugin/programs/digital_hardmacro_gen.py,615,60,call-through,self.sh,_ls,TimeoutExpired escapes -> process crashes / test ERRORs -> recorded as a defect
A,subprocess timeout=,plugin/programs/digital_hardmacro_gen.py,644,60,call-through,_sh,open,TimeoutExpired escapes -> process crashes / test ERRORs -> recorded as a defect
A,subprocess timeout=,plugin/programs/digital_hardmacro_gen.py,660,300,call-through,_sh,put,TimeoutExpired escapes -> process crashes / test ERRORs -> recorded as a defect
A,subprocess timeout=,plugin/programs/digital_hardmacro_gen.py,680,300,call-through,_sh,get,TimeoutExpired escapes -> process crashes / test ERRORs -> recorded as a defect
A,subprocess timeout=,plugin/programs/digital_hardmacro_gen.py,686,timeout,call-through,_sh,sh,TimeoutExpired escapes -> process crashes / test ERRORs -> recorded as a defect
A,subprocess timeout=,plugin/programs/digital_hardmacro_gen.py,702,60,call-through,_sh,close,TimeoutExpired escapes -> process crashes / test ERRORs -> recorded as a defect
A,subprocess timeout=,plugin/programs/digital_hardmacro_gen.py,864,timeout_s,call-through,site.sh,_write_lef_in_container,TimeoutExpired escapes -> process crashes / test ERRORs -> recorded as a defect
A,subprocess timeout=,plugin/programs/doc_extract.py,66,120,yes,subprocess.run,extract_pdf,handler records a FAILING verdict
A,subprocess timeout=,plugin/programs/doc_table_row_placement_check.py,146,300,yes,subprocess.run,tracked_markdown,TimeoutExpired escapes -> process crashes / test ERRORs -> recorded as a defect
A,subprocess timeout=,plugin/programs/dual_track_select.py,147,"min(timeout, 120)",call-through,_elaborates,select,TimeoutExpired escapes -> process crashes / test ERRORs -> recorded as a defect
A,subprocess timeout=,plugin/programs/dynamic_ir_vectored_emit.py,584,1800,yes,subprocess.run,emit,handler records a FAILING verdict
A,except Timeout,plugin/programs/dynamic_ir_vectored_emit.py,588,(handler),handler,"(subprocess.TimeoutExpired, FileNotFoundError, OSError)",emit,"payload = {""status"": ""ERROR_TOOL"", ""dynamic_ir_report_emitted"": False, ""reason"": f""openroad run failed: {e}""} out_json.write_text(json.dumps(payload, indent=2) + ""\n"") return 1, payload"
A,subprocess timeout=,plugin/programs/eda_image_preflight.py,100,300,yes,subprocess.run,probe_image,TimeoutExpired escapes -> process crashes / test ERRORs -> recorded as a defect
A,subprocess timeout=,plugin/programs/eda_image_preflight.py,361,60,yes,subprocess.run,_image_pullable,TimeoutExpired escapes -> process crashes / test ERRORs -> recorded as a defect
A,subprocess timeout=,plugin/programs/evidence_citation_resolves_check.py,908,None if semantic else 60,call-through,_corpus.not_a_checkout_reason,main,TimeoutExpired escapes -> process crashes / test ERRORs -> recorded as a defect
A,subprocess timeout=,plugin/programs/fastercap_extract.py,1006,a.timeout if a.timeout != 600 else 180,call-through,extract_whole_design,_main,TimeoutExpired escapes -> process crashes / test ERRORs -> recorded as a defect
A,subprocess timeout=,plugin/programs/fastercap_extract.py,1017,a.timeout,call-through,extract,_main,TimeoutExpired escapes -> process crashes / test ERRORs -> recorded as a defect
A,subprocess timeout=,plugin/programs/fault_atpg_run.py,1334,120,call-through,_run_docker,_fault_supports_transition,TimeoutExpired escapes -> process crashes / test ERRORs -> recorded as a defect
A,subprocess timeout=,plugin/programs/fault_atpg_run.py,1560,t,call-through,_run_docker,run_fault,TimeoutExpired escapes -> process crashes / test ERRORs -> recorded as a defect
A,subprocess timeout=,plugin/programs/fault_atpg_run.py,1632,120,call-through,_run_docker,run_fault,TimeoutExpired escapes -> process crashes / test ERRORs -> recorded as a defect
A,subprocess timeout=,plugin/programs/fault_atpg_run.py,1813,_atpg_wall,call-through,_run_docker,run_fault,TimeoutExpired escapes -> process crashes / test ERRORs -> recorded as a defect
A,subprocess timeout=,plugin/programs/fault_scan_chain_insert.py,575,t,call-through,_fatpg._run_docker,run_chain,TimeoutExpired escapes -> process crashes / test ERRORs -> recorded as a defect
A,subprocess timeout=,plugin/programs/fault_scan_chain_insert.py,654,timeout,call-through,_fatpg._run_docker,run_chain,TimeoutExpired escapes -> process crashes / test ERRORs -> recorded as a defect
A,subprocess timeout=,plugin/programs/fault_scan_chain_insert.py,918,args.timeout,call-through,run_chain,main,TimeoutExpired escapes -> process crashes / test ERRORs -> recorded as a defect
A,subprocess timeout=,plugin/programs/final_report_generate.py,1722,audit_timeout_s,call-through,_run_audit,_render,TimeoutExpired escapes -> process crashes / test ERRORs -> recorded as a defect
A,subprocess timeout=,plugin/programs/flow_compliance_check.py,3124,gate_budget,yes,subprocess.run,__check_program_exit_zero,handler records a FAILING verdict
A,except Timeout,plugin/programs/flow_compliance_check.py,3168,(handler),handler,subprocess.TimeoutExpired,__check_program_exit_zero,"return False, (f""program TIMED OUT after {gate_budget}s — timeout "" f""is NOT a verdict (INCONCLUSIVE; raise "" f""{_pl.GATE_TIMEOUT_ENV} to extend): {cmd_str}"")"
A,subprocess timeout=,plugin/programs/flow_compliance_check.py,3841,60,yes,subprocess.run,_run_yosys_gates,handler records a FAILING verdict
A,except Timeout,plugin/programs/flow_compliance_check.py,3846,(handler),handler,subprocess.TimeoutExpired,_run_yosys_gates,"return False, [ f""FAIL: yosys_hilomap_required_check timed out on "" f""{ys_rel} — cannot verify techmap→hilomap→write_verilog "" f""ordering, so PnR is unsafe. Re-run the check manually."" ]"
A,subprocess timeout=,plugin/programs/flow_compliance_check.py,3877,60,yes,subprocess.run,_run_yosys_gates,handler records a FAILING verdict
A,except Timeout,plugin/programs/flow_compliance_check.py,3882,(handler),handler,subprocess.TimeoutExpired,_run_yosys_gates,"reasons.append( f""FAIL: yosys_script_template_check timed out on "" f""{ys_rel} — cannot verify -sv/-flatten/hilomap are "" f""present; treat as fail for strict gating."" )"
A,subprocess timeout=,plugin/programs/flow_compliance_check.py,7324,60,yes,subprocess.run,_run_structural_rtl_gates,handler records a FAILING verdict
A,except Timeout,plugin/programs/flow_compliance_check.py,7331,(handler),handler,subprocess.TimeoutExpired,_run_structural_rtl_gates,"return _p0_gate_record(gate_name, ""FAIL"", ""timed out"", {""timeout_s"": 60})"
A,subprocess timeout=,plugin/programs/flow_compliance_check.py,7607,30,yes,subprocess.run,_program_accepts_flag,handler records a FAILING verdict
A,subprocess timeout=,plugin/programs/fmeda_fault_injection_coverage.py,1234,args.timeout,call-through,run_injection_iverilog,run,TimeoutExpired escapes -> process crashes / test ERRORs -> recorded as a defect
A,subprocess timeout=,plugin/programs/formal_property_run.py,1514,args.timeout,yes,run,main,TimeoutExpired escapes -> process crashes / test ERRORs -> recorded as a defect
A,subprocess timeout=,plugin/programs/fresh_agent_rtl_bug_density_metric.py,78,30,yes,subprocess.run,_git,handler records a FAILING verdict
A,except Timeout,plugin/programs/fresh_agent_rtl_bug_density_metric.py,82,(handler),handler,"(FileNotFoundError, subprocess.TimeoutExpired)",_git,"return 1, str(exc)"
A,subprocess timeout=,plugin/programs/gate_discloses_denominator_check.py,695,timeout,call-through,audit_ci,audit,TimeoutExpired escapes -> process crashes / test ERRORs -> recorded as a defect
A,subprocess timeout=,plugin/programs/gate_discloses_denominator_check.py,1116,a.timeout,call-through,audit_project_gates,_main_project_population,TimeoutExpired escapes -> process crashes / test ERRORs -> recorded as a defect
A,subprocess timeout=,plugin/programs/gate_discloses_denominator_check.py,1206,a.timeout,call-through,audit_ci,main,TimeoutExpired escapes -> process crashes / test ERRORs -> recorded as a defect
A,subprocess timeout=,plugin/programs/gate_host_independence_check.py,467,timeout,yes,subprocess.run,_run_gate,TimeoutExpired escapes -> process crashes / test ERRORs -> recorded as a defect
A,subprocess timeout=,plugin/programs/gate_host_independence_check.py,536,120,yes,subprocess.run,_unregister_worktree,TimeoutExpired escapes -> process crashes / test ERRORs -> recorded as a defect
A,subprocess timeout=,plugin/programs/gate_host_independence_check.py,546,120,yes,subprocess.run,_unregister_worktree,TimeoutExpired escapes -> process crashes / test ERRORs -> recorded as a defect
A,subprocess timeout=,plugin/programs/gate_host_independence_check.py,548,120,yes,subprocess.run,_unregister_worktree,TimeoutExpired escapes -> process crashes / test ERRORs -> recorded as a defect
A,subprocess timeout=,plugin/programs/gate_host_independence_check.py,562,120,yes,subprocess.run,_release_scratch,TimeoutExpired escapes -> process crashes / test ERRORs -> recorded as a defect
A,subprocess timeout=,plugin/programs/gate_host_independence_check.py,641,120,yes,subprocess.run,sweep_abandoned_scratch,TimeoutExpired escapes -> process crashes / test ERRORs -> recorded as a defect
A,subprocess timeout=,plugin/programs/gate_host_independence_check.py,876,120,yes,subprocess.run,_repair_checkout,TimeoutExpired escapes -> process crashes / test ERRORs -> recorded as a defect
A,subprocess timeout=,plugin/programs/gate_host_independence_check.py,986,timeout,yes,subprocess.run,audit,TimeoutExpired escapes -> process crashes / test ERRORs -> recorded as a defect
A,subprocess timeout=,plugin/programs/gate_red_since_check.py,401,60,yes,subprocess.run,load_ledger_from_ref,handler records a FAILING verdict
A,subprocess timeout=,plugin/programs/gatekeeper_review.py,1545,stall_grace,call-through,?,repo_hygiene_gate,TimeoutExpired escapes -> process crashes / test ERRORs -> recorded as a defect
A,subprocess timeout=,plugin/programs/gds_antenna_deck_check.py,204,1800,call-through,runner.run,run,TimeoutExpired escapes -> process crashes / test ERRORs -> recorded as a defect
A,subprocess timeout=,plugin/programs/general_precheck.py,920,args.timeout,call-through,evaluate,main,TimeoutExpired escapes -> process crashes / test ERRORs -> recorded as a defect
A,subprocess timeout=,plugin/programs/generated_artifact_conflict_resolve.py,240,SUBPROCESS_TIMEOUT_S,yes,subprocess.run,_git,TimeoutExpired escapes -> process crashes / test ERRORs -> recorded as a defect
A,subprocess timeout=,plugin/programs/handoff_bundle_check.py,333,60,yes,subprocess.run,_git_apply_check,handler records a FAILING verdict
A,except Timeout,plugin/programs/handoff_bundle_check.py,338,(handler),handler,subprocess.TimeoutExpired,_git_apply_check,"return False, ""`git apply --check` timed out"""
A,subprocess timeout=,plugin/programs/image_gated_verification_check.py,144,timeout,yes,subprocess.run,image_is_readable,handler records a FAILING verdict
A,except Timeout,plugin/programs/image_gated_verification_check.py,155,(handler),handler,subprocess.TimeoutExpired,image_is_readable,"return False, f""reading {_PROBE_PATH} out of {image} timed out at {timeout}s"""
A,subprocess timeout=,plugin/programs/input_doc_pdk_claim_vs_installed_pdk_check.py,761,_CONTAINER_DEADLINE_S,call-through,?,_docker_exec,handler records a FAILING verdict
A,subprocess timeout=,plugin/programs/ip_catalog_reproduce_pull.py,46,120,yes,subprocess.run,_git_clone_shallow,handler records a FAILING verdict
A,subprocess timeout=,plugin/programs/ip_catalog_upstream_audit.py,318,120,yes,subprocess.run,audit_upstream,TimeoutExpired escapes -> process crashes / test ERRORs -> recorded as a defect
A,subprocess timeout=,plugin/programs/l4_systemrdl_export.py,1433,None,call-through,_corpus_location.not_a_checkout_reason,_l4_documents,TimeoutExpired escapes -> process crashes / test ERRORs -> recorded as a defect
A,subprocess timeout=,plugin/programs/l4_systemrdl_export.py,1437,None if semantic_strict else 180,call-through,_published_tree.published_paths,_l4_documents,TimeoutExpired escapes -> process crashes / test ERRORs -> recorded as a defect
A,subprocess timeout=,plugin/programs/landing_is_one_commit_check.py,83,120,yes,subprocess.run,_git,handler records a FAILING verdict
A,subprocess timeout=,plugin/programs/landing_noop_verdict_check.py,120,300,yes,subprocess.run,_git,TimeoutExpired escapes -> process crashes / test ERRORs -> recorded as a defect
A,subprocess timeout=,plugin/programs/landing_pytest_runtime_preflight.py,114,300,yes,subprocess.run,_run,TimeoutExpired escapes -> process crashes / test ERRORs -> recorded as a defect
A,subprocess timeout=,plugin/programs/landing_worktree_is_clean_check.py,134,120,yes,subprocess.run,_git,TimeoutExpired escapes -> process crashes / test ERRORs -> recorded as a defect
A,subprocess timeout=,plugin/programs/lec_run.py,1284,timeout,yes,subprocess.run,_docker,TimeoutExpired escapes -> process crashes / test ERRORs -> recorded as a defect
A,subprocess timeout=,plugin/programs/lec_run.py,1295,60,call-through,_docker,_docker_exec3,handler records a FAILING verdict
A,subprocess timeout=,plugin/programs/lec_run.py,1303,30,call-through,_docker,_container_available,handler records a FAILING verdict
A,subprocess timeout=,plugin/programs/lec_run.py,1310,30,call-through,_docker,_container_file_exists,handler records a FAILING verdict
A,subprocess timeout=,plugin/programs/lec_run.py,2423,_attempt_budget,call-through,run_yosys_equiv,main,TimeoutExpired escapes -> process crashes / test ERRORs -> recorded as a defect
A,subprocess timeout=,plugin/programs/matrix_mutation_ledger.py,2630,timeout,yes,subprocess.run,_run_cell,handler records a FAILING verdict
A,except Timeout,plugin/programs/matrix_mutation_ledger.py,2636,(handler),handler,subprocess.TimeoutExpired,_run_cell,"return None, _decoded(exc.stdout) + _decoded(exc.stderr), ( f""the cell exceeded its {timeout}s bound and was killed, so "" f""pytest never recorded it — this arm was NOT MEASURED. That "" f""is not eviden"
A,subprocess timeout=,plugin/programs/matrix_mutation_ledger.py,2690,timeout,call-through,replay_artefact,replay,TimeoutExpired escapes -> process crashes / test ERRORs -> recorded as a defect
A,subprocess timeout=,plugin/programs/matrix_mutation_ledger.py,2795,fcc._pl.gate_timeout_s(),yes,subprocess.run,_run_gate,TimeoutExpired escapes -> process crashes / test ERRORs -> recorded as a defect
A,subprocess timeout=,plugin/programs/matrix_mutation_ledger.py,3203,a.timeout,call-through,replay_many,main,TimeoutExpired escapes -> process crashes / test ERRORs -> recorded as a defect
A,subprocess timeout=,plugin/programs/metal_fill_emit.py,370,3600,call-through,runner.run,run,TimeoutExpired escapes -> process crashes / test ERRORs -> recorded as a defect
A,subprocess timeout=,plugin/programs/mixed_signal_top_lvs_run.py,436,timeout,yes,subprocess.run,_docker_exec_raw,handler records a FAILING verdict
A,subprocess timeout=,plugin/programs/mixed_signal_top_lvs_run.py,473,15,call-through,_docker_exec,_project_reachable,TimeoutExpired escapes -> process crashes / test ERRORs -> recorded as a defect
A,subprocess timeout=,plugin/programs/mixed_signal_top_lvs_run.py,517,10,call-through,_docker_exec,_tool_ok,TimeoutExpired escapes -> process crashes / test ERRORs -> recorded as a defect
A,subprocess timeout=,plugin/programs/mixed_signal_top_lvs_run.py,746,10,call-through,_docker_exec,run,TimeoutExpired escapes -> process crashes / test ERRORs -> recorded as a defect
A,subprocess timeout=,plugin/programs/mpw_precheck_driver.py,502,args.timeout,call-through,drive,main,TimeoutExpired escapes -> process crashes / test ERRORs -> recorded as a defect
A,subprocess timeout=,plugin/programs/open_issue_claim_scan.py,148,_GH_TIMEOUT,call-through,_gh,_declared_open_count,TimeoutExpired escapes -> process crashes / test ERRORs -> recorded as a defect
A,subprocess timeout=,plugin/programs/open_issue_claim_scan.py,171,_GH_TIMEOUT,call-through,_gh,scan,TimeoutExpired escapes -> process crashes / test ERRORs -> recorded as a defect
A,subprocess timeout=,plugin/programs/org_duplicate_fork_check.py,163,180,call-through,_gh,find_duplicates,TimeoutExpired escapes -> process crashes / test ERRORs -> recorded as a defect
A,subprocess timeout=,plugin/programs/org_open_work_poll.py,88,60,call-through,_gh,search_index_health,TimeoutExpired escapes -> process crashes / test ERRORs -> recorded as a defect
A,subprocess timeout=,plugin/programs/org_open_work_poll.py,109,120,call-through,_gh,repos,TimeoutExpired escapes -> process crashes / test ERRORs -> recorded as a defect
A,subprocess timeout=,plugin/programs/org_open_work_poll.py,147,60,call-through,_gh,poll,TimeoutExpired escapes -> process crashes / test ERRORs -> recorded as a defect
A,subprocess timeout=,plugin/programs/org_open_work_poll.py,163,60,call-through,_gh,poll,TimeoutExpired escapes -> process crashes / test ERRORs -> recorded as a defect
A,subprocess timeout=,plugin/programs/path_delay_fault_atpg_run.py,446,timeout,call-through,_tdf._run_in_docker,_run_opensta_paths,TimeoutExpired escapes -> process crashes / test ERRORs -> recorded as a defect
A,subprocess timeout=,plugin/programs/path_delay_fault_atpg_run.py,566,"min(timeout, 120)",call-through,_tdf._liberty_structure_text,run_pdf_atpg,TimeoutExpired escapes -> process crashes / test ERRORs -> recorded as a defect
A,subprocess timeout=,plugin/programs/path_delay_fault_atpg_run.py,573,"min(timeout, 300)",call-through,_tdf._ensure_cut,run_pdf_atpg,TimeoutExpired escapes -> process crashes / test ERRORs -> recorded as a defect
A,subprocess timeout=,plugin/programs/path_delay_fault_atpg_run.py,586,"min(timeout, 300)",call-through,_tdf._gate_levelise,run_pdf_atpg,TimeoutExpired escapes -> process crashes / test ERRORs -> recorded as a defect
A,subprocess timeout=,plugin/programs/path_delay_fault_atpg_run.py,643,"min(timeout, 600)",call-through,_run_opensta_paths,run_pdf_atpg,TimeoutExpired escapes -> process crashes / test ERRORs -> recorded as a defect
A,subprocess timeout=,plugin/programs/path_delay_fault_atpg_run.py,712,"min(timeout, 120)",call-through,_tdf._detect_sat_solver,run_pdf_atpg,TimeoutExpired escapes -> process crashes / test ERRORs -> recorded as a defect
A,subprocess timeout=,plugin/programs/path_delay_fault_atpg_run.py,719,timeout,call-through,_tdf._run_in_docker,run_pdf_atpg,TimeoutExpired escapes -> process crashes / test ERRORs -> recorded as a defect
A,subprocess timeout=,plugin/programs/path_delay_fault_atpg_run.py,871,args.timeout,call-through,run_pdf_atpg,main,TimeoutExpired escapes -> process crashes / test ERRORs -> recorded as a defect
A,subprocess timeout=,plugin/programs/pdk_fpga_gds_reverify_runner.py,83,timeout,yes,subprocess.run,_step,TimeoutExpired escapes -> process crashes / test ERRORs -> recorded as a defect
A,subprocess timeout=,plugin/programs/pdk_fpga_gds_reverify_runner.py,226,1800,call-through,_step,run_pre_compile,TimeoutExpired escapes -> process crashes / test ERRORs -> recorded as a defect
A,subprocess timeout=,plugin/programs/pdk_fpga_gds_reverify_runner.py,275,120,call-through,_step,run_post_compile_only,TimeoutExpired escapes -> process crashes / test ERRORs -> recorded as a defect
A,subprocess timeout=,plugin/programs/pdk_yosys_flatten_for_quartus.py,125,600,yes,subprocess.run,_main,TimeoutExpired escapes -> process crashes / test ERRORs -> recorded as a defect
A,subprocess timeout=,plugin/programs/pdk_yosys_flatten_for_quartus.py,139,120,yes,subprocess.run,_main,TimeoutExpired escapes -> process crashes / test ERRORs -> recorded as a defect
A,except Timeout,plugin/programs/phase1_doc_one_shot_runner.py,461,(handler),handler,_V1_6_580_StepTimeout,_v1_6_580_run_step_with_watchdog,"stub = { ""phase1_step_timeout"": True, ""step_name"": step_name, ""layer"": layer_name, ""timeout_s"": int(timeout_s), ""error"": str(e), ""extraction_strategy"": ""step_timeout_stub_v1_6_580"", } _v1_6_580_write_"
A,subprocess timeout=,plugin/programs/phase1_doc_one_shot_runner.py,507,60,call-through,_run,extract_pdf,TimeoutExpired escapes -> process crashes / test ERRORs -> recorded as a defect
A,subprocess timeout=,plugin/programs/phase1_doc_one_shot_runner.py,604,60,call-through,_run,extract_doc_legacy,TimeoutExpired escapes -> process crashes / test ERRORs -> recorded as a defect
A,subprocess timeout=,plugin/programs/phase1_doc_one_shot_runner.py,607,60,call-through,_run,extract_doc_legacy,TimeoutExpired escapes -> process crashes / test ERRORs -> recorded as a defect
A,subprocess timeout=,plugin/programs/phase1_doc_one_shot_runner.py,60248,_PHASE1_STEP_TIMEOUT_S,call-through,_v1_6_580_run_step_with_watchdog,main,TimeoutExpired escapes -> process crashes / test ERRORs -> recorded as a defect
A,subprocess timeout=,plugin/programs/phase1_doc_one_shot_runner.py,60299,60,yes,subprocess.run,main,TimeoutExpired escapes -> process crashes / test ERRORs -> recorded as a defect
A,subprocess timeout=,plugin/programs/phase1_gate_contract_check.py,168,10,yes,subprocess.run,check_gate,TimeoutExpired escapes -> process crashes / test ERRORs -> recorded as a defect
A,subprocess timeout=,plugin/programs/phase1_gate_contract_check.py,181,10,yes,subprocess.run,check_gate,TimeoutExpired escapes -> process crashes / test ERRORs -> recorded as a defect
A,subprocess timeout=,plugin/programs/phase1_one_shot_runner.py,294,600,yes,subprocess.run,step_ingest_render,TimeoutExpired escapes -> process crashes / test ERRORs -> recorded as a defect
A,subprocess timeout=,plugin/programs/phase1_one_shot_runner.py,529,600,yes,subprocess.run,_run_expert_track,handler records a FAILING verdict
A,except Timeout,plugin/programs/phase1_one_shot_runner.py,532,(handler),handler,subprocess.TimeoutExpired,_run_expert_track,"print("" ERROR: the expert track timed out — a timeout is not a "" ""verdict, and an unevaluated track cannot pass"", file=sys.stderr) return 1"
A,subprocess timeout=,plugin/programs/phase1_one_shot_runner.py,684,600,yes,subprocess.run,_run_step_0_5ic,handler records a FAILING verdict
A,except Timeout,plugin/programs/phase1_one_shot_runner.py,686,(handler),handler,subprocess.TimeoutExpired,_run_step_0_5ic,"print(f"" ERROR: {name} timed out — a timeout is not a "" f""verdict, and an undispatched producer cannot pass"", file=sys.stderr) return 1"
A,subprocess timeout=,plugin/programs/phase3_one_shot_runner.py,1101,grace,call-through,?,_docker_exec,TimeoutExpired escapes -> process crashes / test ERRORs -> recorded as a defect
A,subprocess timeout=,plugin/programs/phase3_one_shot_runner.py,1185,timeout,call-through,_dwd.container_cpu_seconds,_container_cpu_seconds,TimeoutExpired escapes -> process crashes / test ERRORs -> recorded as a defect
A,subprocess timeout=,plugin/programs/phase3_one_shot_runner.py,1222,10,call-through,_docker_exec,_tool_in_path,TimeoutExpired escapes -> process crashes / test ERRORs -> recorded as a defect
A,subprocess timeout=,plugin/programs/phase3_one_shot_runner.py,8047,60,yes,subprocess.run,_stage_asap7_merged_liberty,TimeoutExpired escapes -> process crashes / test ERRORs -> recorded as a defect
A,subprocess timeout=,plugin/programs/phase3_one_shot_runner.py,8232,60,call-through,_docker_exec_raw,_registry_glob_one,TimeoutExpired escapes -> process crashes / test ERRORs -> recorded as a defect
A,subprocess timeout=,plugin/programs/phase3_one_shot_runner.py,8235,60,call-through,_docker_exec_raw,_registry_glob_one,TimeoutExpired escapes -> process crashes / test ERRORs -> recorded as a defect
A,subprocess timeout=,plugin/programs/phase3_one_shot_runner.py,8249,60,call-through,_docker_exec_raw,_registry_glob_one,TimeoutExpired escapes -> process crashes / test ERRORs -> recorded as a defect
A,subprocess timeout=,plugin/programs/phase3_one_shot_runner.py,8280,60,call-through,_docker_exec_raw,_pdk_config_from_registry,TimeoutExpired escapes -> process crashes / test ERRORs -> recorded as a defect
A,subprocess timeout=,plugin/programs/phase3_one_shot_runner.py,20471,600,yes,subprocess.run,step_pad_ring_gen,TimeoutExpired escapes -> process crashes / test ERRORs -> recorded as a defect
A,subprocess timeout=,plugin/programs/phase3_one_shot_runner.py,22434,300,yes,subprocess.run,_decap_route_short_guard,handler records a FAILING verdict
A,subprocess timeout=,plugin/programs/phase3_one_shot_runner.py,24070,3600,yes,subprocess.run,_die_finishing,handler records a FAILING verdict
A,except Timeout,plugin/programs/phase3_one_shot_runner.py,24072,(handler),handler,"(OSError, subprocess.TimeoutExpired)",_die_finishing,"return False, f""die finishing NONFATAL: {exc}"""
A,subprocess timeout=,plugin/programs/phase3_one_shot_runner.py,24191,3600,yes,subprocess.run,_die_density_fill,handler records a FAILING verdict
A,except Timeout,plugin/programs/phase3_one_shot_runner.py,24193,(handler),handler,"(OSError, subprocess.TimeoutExpired)",_die_density_fill,"return False, f""die density fill NONFATAL: {exc}"""
A,subprocess timeout=,plugin/programs/phase3_one_shot_runner.py,24263,3600,yes,subprocess.run,_density_metal_fill,handler records a FAILING verdict
A,except Timeout,plugin/programs/phase3_one_shot_runner.py,24268,(handler),handler,"(OSError, subprocess.TimeoutExpired)",_density_metal_fill,"return False, f""density fill NONFATAL: {exc}"""
A,subprocess timeout=,plugin/programs/phase3_one_shot_runner.py,27050,30,call-through,_docker_exec,_svrfdrc_supports_threads,handler records a FAILING verdict
A,subprocess timeout=,plugin/programs/phase3_one_shot_runner.py,27073,30,call-through,_docker_exec,_svrfdrc_supports_cell_aware_feol,handler records a FAILING verdict
A,subprocess timeout=,plugin/programs/phase3_one_shot_runner.py,28050,30,call-through,_docker_exec,_lvs_extraction_input_capability,TimeoutExpired escapes -> process crashes / test ERRORs -> recorded as a defect
A,subprocess timeout=,plugin/programs/phase3_one_shot_runner.py,28312,10,call-through,_docker_exec,step_lvs,TimeoutExpired escapes -> process crashes / test ERRORs -> recorded as a defect
A,subprocess timeout=,plugin/programs/phase3_one_shot_runner.py,30956,600,call-through,_run_declared_signoff_gate,step_drv_promotion_corroboration,TimeoutExpired escapes -> process crashes / test ERRORs -> recorded as a defect
A,subprocess timeout=,plugin/programs/phase3_one_shot_runner.py,32690,30,call-through,_docker_exec,_hardmacro_pdk_dir,TimeoutExpired escapes -> process crashes / test ERRORs -> recorded as a defect
A,subprocess timeout=,plugin/programs/phase3_one_shot_runner.py,40330,300,yes,subprocess.run,_emit_thermal_screen,handler records a FAILING verdict
A,subprocess timeout=,plugin/programs/policy_direction_pin_check.py,912,30,yes,subprocess.run,_git_show_head,TimeoutExpired escapes -> process crashes / test ERRORs -> recorded as a defect
A,subprocess timeout=,plugin/programs/policy_direction_pin_check.py,1225,120,yes,subprocess.run,_unregister_parallel_worktree,TimeoutExpired escapes -> process crashes / test ERRORs -> recorded as a defect
A,subprocess timeout=,plugin/programs/policy_direction_pin_check.py,1227,120,yes,subprocess.run,_unregister_parallel_worktree,TimeoutExpired escapes -> process crashes / test ERRORs -> recorded as a defect
A,subprocess timeout=,plugin/programs/policy_direction_pin_check.py,1234,120,yes,subprocess.run,_release_parallel_worktree,TimeoutExpired escapes -> process crashes / test ERRORs -> recorded as a defect
A,subprocess timeout=,plugin/programs/ppa_area_threshold_check.py,1056,10,call-through,_run,_container_running,TimeoutExpired escapes -> process crashes / test ERRORs -> recorded as a defect
A,subprocess timeout=,plugin/programs/ppa_area_threshold_check.py,1066,10,call-through,_run,_container_mounts,TimeoutExpired escapes -> process crashes / test ERRORs -> recorded as a defect
A,subprocess timeout=,plugin/programs/ppa_area_threshold_check.py,1141,30,call-through,_docker_exec,synth_stat_in_container,TimeoutExpired escapes -> process crashes / test ERRORs -> recorded as a defect
A,subprocess timeout=,plugin/programs/ppa_area_threshold_check.py,1145,60,call-through,_run,synth_stat_in_container,TimeoutExpired escapes -> process crashes / test ERRORs -> recorded as a defect
A,subprocess timeout=,plugin/programs/ppa_area_threshold_check.py,1156,20,call-through,_docker_exec,synth_stat_in_container,TimeoutExpired escapes -> process crashes / test ERRORs -> recorded as a defect
A,subprocess timeout=,plugin/programs/published_record_staleness_check.py,481,60,yes,subprocess.run,_target_deliberately_untracked,TimeoutExpired escapes -> process crashes / test ERRORs -> recorded as a defect
A,subprocess timeout=,plugin/programs/pytest_per_file_junit.py,1979,stall_after,call-through,?,_run_progress_supervised,TimeoutExpired escapes -> process crashes / test ERRORs -> recorded as a defect
A,subprocess timeout=,plugin/programs/regression_issue_intake_check.py,91,30,call-through,urllib.request.urlopen,_fetch_issue_body,TimeoutExpired escapes -> process crashes / test ERRORs -> recorded as a defect
A,subprocess timeout=,plugin/programs/repo_hygiene_parallel.py,1102,args.stall_grace,call-through,?,main,TimeoutExpired escapes -> process crashes / test ERRORs -> recorded as a defect
A,subprocess timeout=,plugin/programs/repo_hygiene_parallel.py,1229,args.stall_grace,call-through,?,main,TimeoutExpired escapes -> process crashes / test ERRORs -> recorded as a defect
A,subprocess timeout=,plugin/programs/repo_hygiene_parallel.py,1346,args.stall_grace,call-through,?,main,TimeoutExpired escapes -> process crashes / test ERRORs -> recorded as a defect
A,subprocess timeout=,plugin/programs/rtl_hygiene_lint.py,6766,120,yes,_sp.run,main,handler records a FAILING verdict
A,subprocess timeout=,plugin/programs/sdd_atpg_run.py,351,args.timeout,call-through,_pdf.run_pdf_atpg,_acquire_dt2,TimeoutExpired escapes -> process crashes / test ERRORs -> recorded as a defect
A,subprocess timeout=,plugin/programs/sdf_gate_sim.py,549,timeout,yes,subprocess.run,_docker,TimeoutExpired escapes -> process crashes / test ERRORs -> recorded as a defect
A,subprocess timeout=,plugin/programs/shape_b_sample_export.py,362,120,yes,subprocess.run,guard_export,TimeoutExpired escapes -> process crashes / test ERRORs -> recorded as a defect
A,subprocess timeout=,plugin/programs/si_mcf_sta.py,767,timeout,call-through,_docker_exec,_run_sta_slack,TimeoutExpired escapes -> process crashes / test ERRORs -> recorded as a defect
A,subprocess timeout=,plugin/programs/si_mcf_sta.py,841,timeout,call-through,_docker_exec,_run_windows,TimeoutExpired escapes -> process crashes / test ERRORs -> recorded as a defect
A,subprocess timeout=,plugin/programs/si_mcf_sta.py,1082,args.timeout,call-through,run,_cmd_run,TimeoutExpired escapes -> process crashes / test ERRORs -> recorded as a defect
A,subprocess timeout=,plugin/programs/spice_correlation_check.py,780,timeout,yes,subprocess.run,_run_ngspice_in,handler records a FAILING verdict
A,subprocess timeout=,plugin/programs/spice_correlation_check.py,1692,timeout,yes,subprocess.run,_run_opensta_in,handler records a FAILING verdict
A,subprocess timeout=,plugin/programs/sta_engine_parity_check.py,148,300,call-through,_run,_probe,TimeoutExpired escapes -> process crashes / test ERRORs -> recorded as a defect
A,subprocess timeout=,plugin/programs/sta_engine_parity_check.py,218,300,call-through,_run,_equivalence,TimeoutExpired escapes -> process crashes / test ERRORs -> recorded as a defect
A,subprocess timeout=,plugin/programs/suite_write_guard.py,158,timeout,yes,subprocess.run,_git,handler records a FAILING verdict
A,except Timeout,plugin/programs/suite_write_guard.py,161,(handler),handler,subprocess.TimeoutExpired,_git,"raise NotChecked(f""git timed out after {timeout}s: {' '.join(args)}"")"
A,subprocess timeout=,plugin/programs/suite_write_guard.py,440,_DISCOVERY_TIMEOUT_S,call-through,_git,_repo_root,TimeoutExpired escapes -> process crashes / test ERRORs -> recorded as a defect
A,subprocess timeout=,plugin/programs/suite_write_guard.py,443,_DISCOVERY_TIMEOUT_S,call-through,_git,_repo_root,TimeoutExpired escapes -> process crashes / test ERRORs -> recorded as a defect
A,subprocess timeout=,plugin/programs/sweep_reach_survey.py,357,args.timeout,call-through,survey,main,TimeoutExpired escapes -> process crashes / test ERRORs -> recorded as a defect
A,subprocess timeout=,plugin/programs/tapeout_precheck.py,736,args.timeout,call-through,evaluate,main,TimeoutExpired escapes -> process crashes / test ERRORs -> recorded as a defect
A,subprocess timeout=,plugin/programs/tapeout_readiness_check.py,1136,args.timeout,call-through,evaluate,main,TimeoutExpired escapes -> process crashes / test ERRORs -> recorded as a defect
A,subprocess timeout=,plugin/programs/tb_vcs_only_construct_remediate.py,304,timeout,yes,subprocess.run,golden_still_passes,TimeoutExpired escapes -> process crashes / test ERRORs -> recorded as a defect
A,subprocess timeout=,plugin/programs/tester_oracle_health_check.py,123,timeout,yes,subprocess.run,run_cmd,TimeoutExpired escapes -> process crashes / test ERRORs -> recorded as a defect
A,except Timeout,plugin/programs/tester_oracle_health_check.py,179,(handler),handler,subprocess.TimeoutExpired,check_oracle,"findings.append(Finding( severity=""ERROR"", category=""BURN_FAIL"", message=f""burn_command timed out after {timeout}s"", details=burn_cmd, )) return findings, report_extras"
A,except Timeout,plugin/programs/tester_oracle_health_check.py,217,(handler),handler,subprocess.TimeoutExpired,check_oracle,"findings.append(Finding( severity=""ERROR"", category=""TESTER_FAIL"", message=f""tester_command timed out after {timeout}s"", details=tester_cmd, )) return findings, report_extras"
A,subprocess timeout=,plugin/programs/tests/_analog_producer_fixture.py,76,60,yes,subprocess.run,run_prog,TimeoutExpired escapes -> process crashes / test ERRORs -> recorded as a defect
A,subprocess timeout=,plugin/programs/tests/test_902_sim_container_banner_suppressed.py,64,30,call-through,dosr._docker_exec_raw,test_sim_docker_exec_passes_the_images_quiet_knob,TimeoutExpired escapes -> process crashes / test ERRORs -> recorded as a defect
A,subprocess timeout=,plugin/programs/tests/test_902_sim_container_banner_suppressed.py,85,30,call-through,dosr._docker_exec_raw,test_guard_docker_exec_still_dispatches_unchanged,TimeoutExpired escapes -> process crashes / test ERRORs -> recorded as a defect
A,subprocess timeout=,plugin/programs/tests/test_902_sim_toolchain_provenance.py,159,_T,call-through,dosr._run_iverilog_stage,test_902_stage_dispatches_into_container_when_host_also_has_iverilog,TimeoutExpired escapes -> process crashes / test ERRORs -> recorded as a defect
A,subprocess timeout=,plugin/programs/tests/test_902_sim_toolchain_provenance.py,182,_T,call-through,dosr._run_iverilog_stage,test_902_host_fallback_when_container_cannot_see_the_run_tree,TimeoutExpired escapes -> process crashes / test ERRORs -> recorded as a defect
A,subprocess timeout=,plugin/programs/tests/test_902_sim_toolchain_provenance.py,205,_T,call-through,dosr._run_iverilog_stage,test_902_host_fallback_is_recorded_as_diverged,TimeoutExpired escapes -> process crashes / test ERRORs -> recorded as a defect
A,subprocess timeout=,plugin/programs/tests/test_902_sim_toolchain_provenance.py,238,_T,call-through,dosr._run_iverilog_stage,test_902_container_execution_is_recorded_as_match,TimeoutExpired escapes -> process crashes / test ERRORs -> recorded as a defect
A,subprocess timeout=,plugin/programs/tests/test_902_sim_toolchain_provenance.py,258,_T,call-through,dosr._run_iverilog_stage,test_902_no_container_is_unpinned_not_match,TimeoutExpired escapes -> process crashes / test ERRORs -> recorded as a defect
A,subprocess timeout=,plugin/programs/tests/test_902_sim_toolchain_provenance.py,277,_T,call-through,dosr._run_iverilog_stage,test_902_compile_and_run_tools_are_both_recorded,TimeoutExpired escapes -> process crashes / test ERRORs -> recorded as a defect
A,subprocess timeout=,plugin/programs/tests/test_902_sim_toolchain_provenance.py,279,_T,call-through,dosr._sim_run_or_reuse,test_902_compile_and_run_tools_are_both_recorded,TimeoutExpired escapes -> process crashes / test ERRORs -> recorded as a defect
A,subprocess timeout=,plugin/programs/tests/test_902_sim_toolchain_provenance.py,301,_T,call-through,dosr._run_iverilog_stage,test_902_aggregate_lands_under_reports_of_the_owning_project,TimeoutExpired escapes -> process crashes / test ERRORs -> recorded as a defect
A,subprocess timeout=,plugin/programs/tests/test_902_sim_toolchain_provenance.py,329,_T,yes,subprocess.run,test_902_version_probe_reads_a_banner_written_to_stderr,TimeoutExpired escapes -> process crashes / test ERRORs -> recorded as a defect
A,subprocess timeout=,plugin/programs/tests/test_902_sim_toolchain_provenance.py,352,_T,call-through,dosr._run_iverilog_stage,test_902_guard_true_host_mode_still_runs_on_the_host,TimeoutExpired escapes -> process crashes / test ERRORs -> recorded as a defect
A,subprocess timeout=,plugin/programs/tests/test_902_sim_toolchain_provenance.py,373,_T,call-through,dosr._run_iverilog_stage,test_902_guard_container_only_iverilog_still_dispatches,TimeoutExpired escapes -> process crashes / test ERRORs -> recorded as a defect
A,subprocess timeout=,plugin/programs/tests/test_902_sim_toolchain_provenance.py,405,_T,call-through,dosr._sim_run_or_reuse,test_902_guard_verilator_escape_still_never_runs_vvp,TimeoutExpired escapes -> process crashes / test ERRORs -> recorded as a defect
A,subprocess timeout=,plugin/programs/tests/test_a_certified_measurement_names_its_subject.py,181,60,yes,subprocess.run,_run,TimeoutExpired escapes -> process crashes / test ERRORs -> recorded as a defect
A,subprocess timeout=,plugin/programs/tests/test_a_gate_that_cannot_judge_must_not_retier_the_step.py,95,55,yes,subprocess.run,_audit,TimeoutExpired escapes -> process crashes / test ERRORs -> recorded as a defect
A,subprocess timeout=,plugin/programs/tests/test_a_runner_summary_may_not_vouch_for_the_tool_output.py,123,_CLI_BOUND_S,yes,subprocess.run,_audit,TimeoutExpired escapes -> process crashes / test ERRORs -> recorded as a defect
A,subprocess timeout=,plugin/programs/tests/test_a_signoff_report_must_be_about_this_design.py,112,_CLI_BOUND_S,yes,subprocess.run,_audit,TimeoutExpired escapes -> process crashes / test ERRORs -> recorded as a defect
A,subprocess timeout=,plugin/programs/tests/test_a_signoff_report_must_be_about_this_design.py,237,_CLI_BOUND_S,yes,subprocess.run,_lvs_audit,TimeoutExpired escapes -> process crashes / test ERRORs -> recorded as a defect
A,subprocess timeout=,plugin/programs/tests/test_adversarial_agent.py,320,_CLI_BOUND_S,yes,subprocess.run,test_the_cli_reports_the_forgery_and_exits_1,TimeoutExpired escapes -> process crashes / test ERRORs -> recorded as a defect
A,subprocess timeout=,plugin/programs/tests/test_adversarial_agent.py,334,_CLI_BOUND_S,yes,subprocess.run,test_the_json_report_round_trips,TimeoutExpired escapes -> process crashes / test ERRORs -> recorded as a defect
A,subprocess timeout=,plugin/programs/tests/test_aid_class_rtl_gen_self_guard.py,36,60,yes,subprocess.run,_run,TimeoutExpired escapes -> process crashes / test ERRORs -> recorded as a defect
A,subprocess timeout=,plugin/programs/tests/test_aid_class_rtl_gen_yosys_compat.py,93,60,yes,subprocess.run,_run,TimeoutExpired escapes -> process crashes / test ERRORs -> recorded as a defect
A,subprocess timeout=,plugin/programs/tests/test_analog_corner_margin_check.py,75,30,yes,subprocess.run,run_cli,TimeoutExpired escapes -> process crashes / test ERRORs -> recorded as a defect
A,subprocess timeout=,plugin/programs/tests/test_analog_corner_margin_check.py,242,30,yes,subprocess.run,test_not_a_directory_exits_2,TimeoutExpired escapes -> process crashes / test ERRORs -> recorded as a defect
A,subprocess timeout=,plugin/programs/tests/test_analog_corner_margin_check.py,255,30,yes,subprocess.run,test_json_report_written,TimeoutExpired escapes -> process crashes / test ERRORs -> recorded as a defect
A,subprocess timeout=,plugin/programs/tests/test_analog_one_shot_runner.py,38,timeout,yes,subprocess.run,_run,TimeoutExpired escapes -> process crashes / test ERRORs -> recorded as a defect
A,subprocess timeout=,plugin/programs/tests/test_analog_unmeasured_is_not_a_skip.py,39,55,yes,subprocess.run,_rc,TimeoutExpired escapes -> process crashes / test ERRORs -> recorded as a defect
A,subprocess timeout=,plugin/programs/tests/test_atomic_output.py,81,_BOUND_S,yes,subprocess.run,_sigkill_writer,TimeoutExpired escapes -> process crashes / test ERRORs -> recorded as a defect
A,subprocess timeout=,plugin/programs/tests/test_atomic_output.py,300,_BOUND_S,yes,subprocess.run,test_the_shared_report_writer_now_publishes_atomically,TimeoutExpired escapes -> process crashes / test ERRORs -> recorded as a defect
A,subprocess timeout=,plugin/programs/tests/test_atomic_write_pr_attribution.py,122,45,yes,subprocess.run,git,TimeoutExpired escapes -> process crashes / test ERRORs -> recorded as a defect
A,subprocess timeout=,plugin/programs/tests/test_atomic_write_pr_attribution.py,173,60,yes,subprocess.run,run,TimeoutExpired escapes -> process crashes / test ERRORs -> recorded as a defect
A,subprocess timeout=,plugin/programs/tests/test_attestation_frontend_intermediate_not_a_chip_artefact.py,255,_GATE_TIMEOUT_S,yes,subprocess.run,test_reverse_gate_still_exits_1_for_an_unattested_real_netlist,TimeoutExpired escapes -> process crashes / test ERRORs -> recorded as a defect
A,subprocess timeout=,plugin/programs/tests/test_attestation_frontend_intermediate_not_a_chip_artefact.py,317,_GATE_TIMEOUT_S,yes,subprocess.run,test_gate_exits_vacuous_when_only_the_intermediate_is_present,TimeoutExpired escapes -> process crashes / test ERRORs -> recorded as a defect
A,subprocess timeout=,plugin/programs/tests/test_attestation_preflight_check.py,36,120,yes,subprocess.run,_git,TimeoutExpired escapes -> process crashes / test ERRORs -> recorded as a defect
A,subprocess timeout=,plugin/programs/tests/test_attestation_preflight_check.py,57,600,yes,subprocess.run,_run,TimeoutExpired escapes -> process crashes / test ERRORs -> recorded as a defect
A,subprocess timeout=,plugin/programs/tests/test_attestation_preflight_check.py,95,600,yes,subprocess.run,test_the_flag_is_read_from_the_environment_not_from_this_interpreter,TimeoutExpired escapes -> process crashes / test ERRORs -> recorded as a defect
A,subprocess timeout=,plugin/programs/tests/test_attestation_preflight_check.py,213,600,yes,subprocess.run,test_reverting_the_residue_walk_lets_the_stray_bytecode_pass,TimeoutExpired escapes -> process crashes / test ERRORs -> recorded as a defect
A,subprocess timeout=,plugin/programs/tests/test_backlog_v5.py,48,30,yes,subprocess.run,test_r1_dead_turnaround_constant,TimeoutExpired escapes -> process crashes / test ERRORs -> recorded as a defect
A,subprocess timeout=,plugin/programs/tests/test_backlog_v5.py,64,30,yes,subprocess.run,test_r4_dead_timing_constant_warn,TimeoutExpired escapes -> process crashes / test ERRORs -> recorded as a defect
A,subprocess timeout=,plugin/programs/tests/test_backlog_v5.py,224,30,yes,subprocess.run,test_r5_missing_response_delay,TimeoutExpired escapes -> process crashes / test ERRORs -> recorded as a defect
A,subprocess timeout=,plugin/programs/tests/test_backlog_v5.py,262,30,yes,subprocess.run,test_r5_wrong_reference_event,TimeoutExpired escapes -> process crashes / test ERRORs -> recorded as a defect
A,subprocess timeout=,plugin/programs/tests/test_backlog_v5.py,296,30,yes,subprocess.run,test_t1_verdict_pass,TimeoutExpired escapes -> process crashes / test ERRORs -> recorded as a defect
A,subprocess timeout=,plugin/programs/tests/test_backlog_v5.py,314,30,yes,subprocess.run,test_t1_verdict_fail_no_response,TimeoutExpired escapes -> process crashes / test ERRORs -> recorded as a defect
A,subprocess timeout=,plugin/programs/tests/test_benchmark_keyword_hook.py,26,5,yes,subprocess.run,_run_with_prompt,TimeoutExpired escapes -> process crashes / test ERRORs -> recorded as a defect
A,subprocess timeout=,plugin/programs/tests/test_benchmark_keyword_hook.py,152,5,yes,subprocess.run,test_keyword_only_in_non_prompt_envelope_field_does_not_trigger,TimeoutExpired escapes -> process crashes / test ERRORs -> recorded as a defect
A,subprocess timeout=,plugin/programs/tests/test_bidirectional_controls_are_executed.py,58,_TIMEOUT_S,yes,subprocess.run,_run,TimeoutExpired escapes -> process crashes / test ERRORs -> recorded as a defect
A,subprocess timeout=,plugin/programs/tests/test_blocker_list_report_contract.py,85,_FCC_TIMEOUT_S,yes,subprocess.run,_run_probe,TimeoutExpired escapes -> process crashes / test ERRORs -> recorded as a defect
A,subprocess timeout=,plugin/programs/tests/test_blocker_list_report_contract.py,169,_FCC_TIMEOUT_S,yes,subprocess.run,test_no_classification_can_move_a_verdict,TimeoutExpired escapes -> process crashes / test ERRORs -> recorded as a defect
A,subprocess timeout=,plugin/programs/tests/test_blocker_list_report_contract.py,253,_FCC_TIMEOUT_S,yes,subprocess.run,test_membership_in_the_oss_table_alone_does_not_make_a_blocker_a_missing_capability,TimeoutExpired escapes -> process crashes / test ERRORs -> recorded as a defect
A,subprocess timeout=,plugin/programs/tests/test_bringup_plan_gen.py,28,timeout,yes,subprocess.run,_run,TimeoutExpired escapes -> process crashes / test ERRORs -> recorded as a defect
A,subprocess timeout=,plugin/programs/tests/test_bundled_attribution_notice_check.py,184,_T,yes,subprocess.run,test_it_runs_as_a_cli,TimeoutExpired escapes -> process crashes / test ERRORs -> recorded as a defect
A,subprocess timeout=,plugin/programs/tests/test_capture_routing_consistency.py,135,30,yes,subprocess.run,test_end_to_end_emit_smoke,TimeoutExpired escapes -> process crashes / test ERRORs -> recorded as a defect
A,subprocess timeout=,plugin/programs/tests/test_capture_routing_consistency.py,174,30,yes,subprocess.run,test_bucket_t_emit_and_gate,TimeoutExpired escapes -> process crashes / test ERRORs -> recorded as a defect
A,subprocess timeout=,plugin/programs/tests/test_capture_routing_consistency.py,187,30,yes,subprocess.run,test_bucket_t_emit_and_gate,TimeoutExpired escapes -> process crashes / test ERRORs -> recorded as a defect
A,subprocess timeout=,plugin/programs/tests/test_check_version_sync_with_commit.py,75,30,yes,subprocess.run,_run,TimeoutExpired escapes -> process crashes / test ERRORs -> recorded as a defect
A,subprocess timeout=,plugin/programs/tests/test_checker_execution_wiring_audit.py,218,_CLI_S,yes,subprocess.run,_cli,TimeoutExpired escapes -> process crashes / test ERRORs -> recorded as a defect
A,subprocess timeout=,plugin/programs/tests/test_checker_population_is_structural_not_filename_shaped_census.py,74,900,yes,subprocess.run,_run,TimeoutExpired escapes -> process crashes / test ERRORs -> recorded as a defect
A,subprocess timeout=,plugin/programs/tests/test_checker_population_is_structural_not_filename_shaped_census.py,194,900,yes,subprocess.run,test_a_missing_tree_is_undetermined_not_a_pass,TimeoutExpired escapes -> process crashes / test ERRORs -> recorded as a defect
A,subprocess timeout=,plugin/programs/tests/test_checker_population_is_structural_not_filename_shaped_census.py,200,900,yes,subprocess.run,test_a_bad_invocation_is_rc_3,TimeoutExpired escapes -> process crashes / test ERRORs -> recorded as a defect
A,subprocess timeout=,plugin/programs/tests/test_checkout_write_attribution_needs_an_exclusive_window.py,154,_T,call-through,G.audit,_run_with_peers,TimeoutExpired escapes -> process crashes / test ERRORs -> recorded as a defect
A,subprocess timeout=,plugin/programs/tests/test_checkout_write_attribution_needs_an_exclusive_window.py,157,_SYNC_S,call-through,t.join,_run_with_peers,TimeoutExpired escapes -> process crashes / test ERRORs -> recorded as a defect
A,subprocess timeout=,plugin/programs/tests/test_checkout_write_attribution_needs_an_exclusive_window.py,274,_T,call-through,G.audit,test_a_genuinely_host_dependent_gate_is_still_caught_under_four_lanes,TimeoutExpired escapes -> process crashes / test ERRORs -> recorded as a defect
A,subprocess timeout=,plugin/programs/tests/test_chip_agnostic_strictness_is_declared_not_hidden.py,298,_TIMEOUT * 5,yes,subprocess.run,test_the_gate_discloses_them_on_the_pass_path,TimeoutExpired escapes -> process crashes / test ERRORs -> recorded as a defect
A,subprocess timeout=,plugin/programs/tests/test_chip_agnostic_strictness_is_declared_not_hidden.py,351,_TIMEOUT,yes,subprocess.run,test_the_control_the_disclosure_does_not_fire_when_nothing_declares,TimeoutExpired escapes -> process crashes / test ERRORs -> recorded as a defect
A,subprocess timeout=,plugin/programs/tests/test_ci_harness_timeout_ceiling_check.py,204,_T,yes,subprocess.run,test_a_checkout_with_no_harness_source_refuses_the_outer_ones,TimeoutExpired escapes -> process crashes / test ERRORs -> recorded as a defect
A,subprocess timeout=,plugin/programs/tests/test_ci_harness_timeout_ceiling_check.py,305,_T,yes,subprocess.run,test_semantic_landing_harness_has_no_elapsed_ceiling,TimeoutExpired escapes -> process crashes / test ERRORs -> recorded as a defect
A,subprocess timeout=,plugin/programs/tests/test_ci_harness_timeout_ceiling_check.py,319,_T,yes,subprocess.run,test_half_migrated_semantic_lane_is_a_failure,TimeoutExpired escapes -> process crashes / test ERRORs -> recorded as a defect
A,subprocess timeout=,plugin/programs/tests/test_ci_harness_timeout_ceiling_check.py,334,_T,yes,subprocess.run,test_semantic_driver_must_disable_output_and_total_ceiling,TimeoutExpired escapes -> process crashes / test ERRORs -> recorded as a defect
A,subprocess timeout=,plugin/programs/tests/test_ci_harness_timeout_ceiling_check.py,348,_T,yes,subprocess.run,test_an_extra_direct_pytest_lane_cannot_bypass_semantic_supervision,TimeoutExpired escapes -> process crashes / test ERRORs -> recorded as a defect
A,subprocess timeout=,plugin/programs/tests/test_ci_harness_timeout_ceiling_check.py,364,_T,yes,subprocess.run,test_alias_forms_cannot_hide_a_direct_pytest_lane,TimeoutExpired escapes -> process crashes / test ERRORs -> recorded as a defect
A,subprocess timeout=,plugin/programs/tests/test_ci_harness_timeout_ceiling_check.py,390,_T,yes,subprocess.run,test_echoed_driver_words_and_comment_only_contract_are_not_execution,TimeoutExpired escapes -> process crashes / test ERRORs -> recorded as a defect
A,subprocess timeout=,plugin/programs/tests/test_ci_harness_timeout_ceiling_check.py,401,_T,yes,subprocess.run,test_removing_every_semantic_lane_is_not_legacy_success,TimeoutExpired escapes -> process crashes / test ERRORs -> recorded as a defect
A,subprocess timeout=,plugin/programs/tests/test_ci_harness_timeout_ceiling_check.py,425,_T,yes,subprocess.run,test_a_driver_command_in_dead_control_flow_is_not_a_lane,TimeoutExpired escapes -> process crashes / test ERRORs -> recorded as a defect
A,subprocess timeout=,plugin/programs/tests/test_ci_harness_timeout_ceiling_check.py,438,_T,yes,subprocess.run,test_an_unconditional_early_return_before_the_lane_is_refused,TimeoutExpired escapes -> process crashes / test ERRORs -> recorded as a defect
A,subprocess timeout=,plugin/programs/tests/test_ci_harness_timeout_ceiling_check.py,455,_T,yes,subprocess.run,test_an_exact_lane_call_cannot_be_made_dead,TimeoutExpired escapes -> process crashes / test ERRORs -> recorded as a defect
A,subprocess timeout=,plugin/programs/tests/test_ci_harness_timeout_ceiling_check.py,469,_T,yes,subprocess.run,test_a_top_level_early_exit_cannot_skip_every_lane,TimeoutExpired escapes -> process crashes / test ERRORs -> recorded as a defect
A,subprocess timeout=,plugin/programs/tests/test_ci_harness_timeout_ceiling_check.py,482,_T,yes,subprocess.run,test_a_post_lane_success_exit_cannot_launder_a_red_lane,TimeoutExpired escapes -> process crashes / test ERRORs -> recorded as a defect
A,subprocess timeout=,plugin/programs/tests/test_ci_harness_timeout_ceiling_check.py,500,_T,yes,subprocess.run,test_a_lane_cannot_be_redefined_before_its_reviewed_call,TimeoutExpired escapes -> process crashes / test ERRORs -> recorded as a defect
A,subprocess timeout=,plugin/programs/tests/test_ci_harness_timeout_ceiling_check.py,520,_T,yes,subprocess.run,test_an_unused_well_shaped_driver_helper_is_not_execution,TimeoutExpired escapes -> process crashes / test ERRORs -> recorded as a defect
A,subprocess timeout=,plugin/programs/tests/test_ci_harness_timeout_ceiling_check.py,532,_T,yes,subprocess.run,test_a_shell_comment_cannot_supply_the_aggregate_subject_command,TimeoutExpired escapes -> process crashes / test ERRORs -> recorded as a defect
A,subprocess timeout=,plugin/programs/tests/test_ci_harness_timeout_ceiling_check.py,565,_T,yes,subprocess.run,test_a_never_called_nested_function_cannot_own_the_lane,TimeoutExpired escapes -> process crashes / test ERRORs -> recorded as a defect
A,subprocess timeout=,plugin/programs/tests/test_ci_harness_timeout_ceiling_check.py,598,_T,yes,subprocess.run,test_no_workflow_is_rc_2_and_says_it_is_not_a_pass,TimeoutExpired escapes -> process crashes / test ERRORs -> recorded as a defect
A,subprocess timeout=,plugin/programs/tests/test_ci_harness_timeout_ceiling_check.py,610,_T,yes,subprocess.run,test_an_empty_tree_discloses_that_it_examined_nothing,TimeoutExpired escapes -> process crashes / test ERRORs -> recorded as a defect
A,subprocess timeout=,plugin/programs/tests/test_ci_harness_timeout_ceiling_check.py,726,_T,yes,subprocess.run,test_the_advisory_population_is_printed_with_its_denominator,TimeoutExpired escapes -> process crashes / test ERRORs -> recorded as a defect
A,subprocess timeout=,plugin/programs/tests/test_ci_harness_timeout_ceiling_check.py,789,_T_TREE,yes,subprocess.run,test_each_root_prints_its_own_file_count,TimeoutExpired escapes -> process crashes / test ERRORs -> recorded as a defect
A,subprocess timeout=,plugin/programs/tests/test_ci_harness_timeout_ceiling_check.py,1063,_T,yes,subprocess.run,test_the_marked_population_is_printed_with_its_value,TimeoutExpired escapes -> process crashes / test ERRORs -> recorded as a defect
A,subprocess timeout=,plugin/programs/tests/test_ci_harness_timeout_ceiling_check.py,1088,_T_TREE,yes,subprocess.run,test_the_shipped_tree_is_clean,TimeoutExpired escapes -> process crashes / test ERRORs -> recorded as a defect
A,subprocess timeout=,plugin/programs/tests/test_ci_harness_timeout_ceiling_check.py,1112,_T_TREE,yes,subprocess.run,test_an_injected_offender_makes_the_shipped_program_fail,TimeoutExpired escapes -> process crashes / test ERRORs -> recorded as a defect
A,subprocess timeout=,plugin/programs/tests/test_ci_harness_timeout_ceiling_check.py,1120,_T_TREE,yes,subprocess.run,test_an_injected_offender_makes_the_shipped_program_fail,TimeoutExpired escapes -> process crashes / test ERRORs -> recorded as a defect
A,subprocess timeout=,plugin/programs/tests/test_ci_harness_timeout_ceiling_check.py,1142,_T_TREE,yes,subprocess.run,test_an_injected_offender_SPELLED_AS_A_PARAMETER_also_fails,TimeoutExpired escapes -> process crashes / test ERRORs -> recorded as a defect
A,subprocess timeout=,plugin/programs/tests/test_ci_harness_timeout_ceiling_check.py,1170,_T_TREE,yes,subprocess.run,test_the_json_record_carries_what_the_text_says,TimeoutExpired escapes -> process crashes / test ERRORs -> recorded as a defect
A,subprocess timeout=,plugin/programs/tests/test_ci_harness_timeout_ceiling_check.py,1290,_T_TREE,yes,subprocess.run,test_the_advisory_residual_does_not_grow_unreviewed,TimeoutExpired escapes -> process crashes / test ERRORs -> recorded as a defect
A,subprocess timeout=,plugin/programs/tests/test_ci_harness_timeout_ceiling_check.py,1322,_T_TREE,yes,subprocess.run,test_a_recorded_advisory_that_stopped_existing_is_deleted,TimeoutExpired escapes -> process crashes / test ERRORs -> recorded as a defect
A,subprocess timeout=,plugin/programs/tests/test_ci_harness_timeout_ceiling_check.py,1353,_T,yes,subprocess.run,test_the_gate_is_declared_in_the_hygiene_set,TimeoutExpired escapes -> process crashes / test ERRORs -> recorded as a defect
A,subprocess timeout=,plugin/programs/tests/test_ci_harness_timeout_ceiling_check.py,1411,_T,yes,subprocess.run,test_a_marker_cannot_raise_the_ceiling_past_the_driver_stall_window,TimeoutExpired escapes -> process crashes / test ERRORs -> recorded as a defect
A,subprocess timeout=,plugin/programs/tests/test_ci_harness_timeout_ceiling_check.py,1443,_T,yes,subprocess.run,test_a_zero_marker_is_no_item_bound_not_a_bound_of_zero,TimeoutExpired escapes -> process crashes / test ERRORs -> recorded as a defect
A,subprocess timeout=,plugin/programs/tests/test_ci_harness_timeout_ceiling_check.py,1469,_T,yes,subprocess.run,test_an_unreadable_stall_window_refuses_rather_than_passes,TimeoutExpired escapes -> process crashes / test ERRORs -> recorded as a defect
A,subprocess timeout=,plugin/programs/tests/test_ci_harness_timeout_ceiling_check.py,1494,_T,yes,subprocess.run,test_the_pass_sentence_does_not_outrun_what_was_checked,TimeoutExpired escapes -> process crashes / test ERRORs -> recorded as a defect
A,subprocess timeout=,plugin/programs/tests/test_ci_harness_timeout_ceiling_check.py,1560,_T,yes,subprocess.run,_advisory,TimeoutExpired escapes -> process crashes / test ERRORs -> recorded as a defect
A,subprocess timeout=,plugin/programs/tests/test_citation_routing_clone_visibility.py,81,60,yes,subprocess.run,_git,TimeoutExpired escapes -> process crashes / test ERRORs -> recorded as a defect
A,subprocess timeout=,plugin/programs/tests/test_clkbuf_downsize_legalize_recovery.py,101,60,yes,subprocess.run,_run,TimeoutExpired escapes -> process crashes / test ERRORs -> recorded as a defect
A,subprocess timeout=,plugin/programs/tests/test_clkbuf_downsize_legalize_recovery.py,159,60,yes,subprocess.run,test_no_op_when_default_window_legalizes,TimeoutExpired escapes -> process crashes / test ERRORs -> recorded as a defect
A,subprocess timeout=,plugin/programs/tests/test_clkbuf_downsize_legalize_recovery.py,228,60,yes,subprocess.run,test_downsize_diagnostic_speaks_when_the_swap_throws,TimeoutExpired escapes -> process crashes / test ERRORs -> recorded as a defect
A,subprocess timeout=,plugin/programs/tests/test_clock_plan_freshness.py,352,60,yes,subprocess.run,_run_gate,TimeoutExpired escapes -> process crashes / test ERRORs -> recorded as a defect
A,subprocess timeout=,plugin/programs/tests/test_clock_scale_consistency_check.py,12,10,yes,subprocess.run,_run,TimeoutExpired escapes -> process crashes / test ERRORs -> recorded as a defect
A,subprocess timeout=,plugin/programs/tests/test_cmd_protocol_crc_verify.py,12,30,yes,subprocess.run,_run,TimeoutExpired escapes -> process crashes / test ERRORs -> recorded as a defect
A,subprocess timeout=,plugin/programs/tests/test_container_banner_suppressed_at_source.py,79,30,call-through,R._docker_exec_raw,test_docker_exec_raw_sets_the_quiet_knob,TimeoutExpired escapes -> process crashes / test ERRORs -> recorded as a defect
A,subprocess timeout=,plugin/programs/tests/test_container_banner_suppressed_at_source.py,87,30,call-through,R._docker_exec_raw,test_quiet_flag_precedes_the_container_name,TimeoutExpired escapes -> process crashes / test ERRORs -> recorded as a defect
A,subprocess timeout=,plugin/programs/tests/test_container_banner_suppressed_at_source.py,95,30,call-through,R._docker_exec_raw,test_command_is_still_passed_through_unchanged,TimeoutExpired escapes -> process crashes / test ERRORs -> recorded as a defect
A,subprocess timeout=,plugin/programs/tests/test_container_banner_suppressed_at_source.py,104,30,call-through,R._docker_exec_raw,test_container_name_still_correct,TimeoutExpired escapes -> process crashes / test ERRORs -> recorded as a defect
A,subprocess timeout=,plugin/programs/tests/test_container_banner_suppressed_at_source.py,112,30,call-through,R._docker_exec_raw,test_no_other_env_is_injected,TimeoutExpired escapes -> process crashes / test ERRORs -> recorded as a defect
A,subprocess timeout=,plugin/programs/tests/test_container_login_banner_parse_check.py,55,_CLI_TIMEOUT_S,yes,subprocess.run,test_the_repo_itself_is_clean,TimeoutExpired escapes -> process crashes / test ERRORs -> recorded as a defect
A,subprocess timeout=,plugin/programs/tests/test_container_login_banner_parse_check.py,112,_CLI_TIMEOUT_S,yes,subprocess.run,test_an_empty_population_is_not_reported_as_clean,TimeoutExpired escapes -> process crashes / test ERRORs -> recorded as a defect
A,subprocess timeout=,plugin/programs/tests/test_container_memory_ceiling.py,113,60,yes,subprocess.run,_cli,TimeoutExpired escapes -> process crashes / test ERRORs -> recorded as a defect
A,subprocess timeout=,plugin/programs/tests/test_container_memory_ceiling.py,141,60,yes,subprocess.run,test_the_cli_refuses_rather_than_printing_nothing_when_it_cannot_tell,TimeoutExpired escapes -> process crashes / test ERRORs -> recorded as a defect
A,subprocess timeout=,plugin/programs/tests/test_container_memory_ceiling.py,182,120,yes,subprocess.run,test_the_ceiling_is_reachable_from_every_program_that_uses_it,TimeoutExpired escapes -> process crashes / test ERRORs -> recorded as a defect
A,subprocess timeout=,plugin/programs/tests/test_content_pinned_authority_verified_only_at_merge.py,46,300,yes,subprocess.run,_run,TimeoutExpired escapes -> process crashes / test ERRORs -> recorded as a defect
A,subprocess timeout=,plugin/programs/tests/test_content_pinned_authority_verified_only_at_merge.py,125,300,yes,subprocess.run,test_a_bad_invocation_is_rc_3,TimeoutExpired escapes -> process crashes / test ERRORs -> recorded as a defect
A,subprocess timeout=,plugin/programs/tests/test_content_pinned_authority_verified_only_at_merge.py,134,900,yes,subprocess.run,test_the_shipped_tree_runs_advisory_and_states_its_denominator,TimeoutExpired escapes -> process crashes / test ERRORs -> recorded as a defect
A,subprocess timeout=,plugin/programs/tests/test_contradictory_corpus_and_project_dir_is_refused.py,80,55,yes,subprocess.run,_run,TimeoutExpired escapes -> process crashes / test ERRORs -> recorded as a defect
A,subprocess timeout=,plugin/programs/tests/test_control_substance_check.py,42,45,yes,subprocess.run,run_pytest,TimeoutExpired escapes -> process crashes / test ERRORs -> recorded as a defect
A,subprocess timeout=,plugin/programs/tests/test_control_substance_check.py,60,30,yes,subprocess.run,cli,TimeoutExpired escapes -> process crashes / test ERRORs -> recorded as a defect
A,subprocess timeout=,plugin/programs/tests/test_corner_coverage_audit.py,26,30,yes,subprocess.run,run_cli,TimeoutExpired escapes -> process crashes / test ERRORs -> recorded as a defect
A,subprocess timeout=,plugin/programs/tests/test_corpus_location.py,66,60,yes,subprocess.run,_git,TimeoutExpired escapes -> process crashes / test ERRORs -> recorded as a defect
A,subprocess timeout=,plugin/programs/tests/test_corpus_write_guard.py,83,_T,yes,subprocess.run,_run,TimeoutExpired escapes -> process crashes / test ERRORs -> recorded as a defect
A,subprocess timeout=,plugin/programs/tests/test_corpus_write_guard.py,234,_T,yes,subprocess.run,test_the_real_hygiene_lane_writes_nothing_into_benchmark_data,TimeoutExpired escapes -> process crashes / test ERRORs -> recorded as a defect
A,subprocess timeout=,plugin/programs/tests/test_corpus_write_guard.py,243,_CORPUS_GATE_T,yes,subprocess.run,test_the_real_hygiene_lane_writes_nothing_into_benchmark_data,TimeoutExpired escapes -> process crashes / test ERRORs -> recorded as a defect
A,subprocess timeout=,plugin/programs/tests/test_corpus_write_guard.py,280,_T,yes,subprocess.run,test_the_hygiene_lane_declares_a_host_independent_number_of_gates,TimeoutExpired escapes -> process crashes / test ERRORs -> recorded as a defect
A,subprocess timeout=,plugin/programs/tests/test_corpus_write_guard.py,348,_T,yes,subprocess.run,test_the_tracked_cells_are_still_reached,TimeoutExpired escapes -> process crashes / test ERRORs -> recorded as a defect
A,subprocess timeout=,plugin/programs/tests/test_corpus_write_guard.py,354,_T,yes,subprocess.run,test_the_tracked_cells_are_still_reached,TimeoutExpired escapes -> process crashes / test ERRORs -> recorded as a defect
A,subprocess timeout=,plugin/programs/tests/test_coverage_closure.py,52,timeout,yes,subprocess.run,_run,TimeoutExpired escapes -> process crashes / test ERRORs -> recorded as a defect
A,subprocess timeout=,plugin/programs/tests/test_covered_by.py,237,1800,call-through,C.subprocess.TimeoutExpired,test_a_subprocess_bound_overrun_is_a_refusal_not_an_exception,TimeoutExpired escapes -> process crashes / test ERRORs -> recorded as a defect
A,subprocess timeout=,plugin/programs/tests/test_crash_safe_scratch.py,63,_SPAWN_TIMEOUT_S,call-through,child.wait,test_a_live_owner_is_never_reaped,TimeoutExpired escapes -> process crashes / test ERRORs -> recorded as a defect
A,subprocess timeout=,plugin/programs/tests/test_crash_safe_scratch.py,72,_SPAWN_TIMEOUT_S,call-through,child.wait,test_a_SIGKILLed_owners_directory_is_reaped_by_the_next_run,TimeoutExpired escapes -> process crashes / test ERRORs -> recorded as a defect
A,subprocess timeout=,plugin/programs/tests/test_crash_safe_scratch.py,85,_SPAWN_TIMEOUT_S,call-through,child.wait,test_reserve_reaps_before_it_allocates,TimeoutExpired escapes -> process crashes / test ERRORs -> recorded as a defect
A,subprocess timeout=,plugin/programs/tests/test_crash_safe_scratch.py,103,_SPAWN_TIMEOUT_S,call-through,child.wait,test_a_reaped_directory_gets_its_external_registration_dropped,TimeoutExpired escapes -> process crashes / test ERRORs -> recorded as a defect
A,subprocess timeout=,plugin/programs/tests/test_crash_safe_scratch.py,160,_SPAWN_TIMEOUT_S,call-through,child.wait,test_an_old_directory_a_process_still_references_is_kept,TimeoutExpired escapes -> process crashes / test ERRORs -> recorded as a defect
A,subprocess timeout=,plugin/programs/tests/test_crash_safe_scratch.py,188,_SPAWN_TIMEOUT_S,call-through,child.wait,test_a_LOCKED_directory_is_still_decided_when_the_legacy_branch_is_off,TimeoutExpired escapes -> process crashes / test ERRORs -> recorded as a defect
A,subprocess timeout=,plugin/programs/tests/test_crash_safe_scratch.py,354,1.5,call-through,t.join,test_a_second_reaper_waits_for_the_first,TimeoutExpired escapes -> process crashes / test ERRORs -> recorded as a defect
A,subprocess timeout=,plugin/programs/tests/test_crash_safe_scratch.py,361,30,call-through,t.join,test_a_second_reaper_waits_for_the_first,TimeoutExpired escapes -> process crashes / test ERRORs -> recorded as a defect
A,subprocess timeout=,plugin/programs/tests/test_crash_safe_scratch.py,365,30,call-through,holder.wait,test_a_second_reaper_waits_for_the_first,TimeoutExpired escapes -> process crashes / test ERRORs -> recorded as a defect
A,subprocess timeout=,plugin/programs/tests/test_cvdp_gate.py,801,60,yes,_sp.run,_yosys_probe_blob,TimeoutExpired escapes -> process crashes / test ERRORs -> recorded as a defect
A,subprocess timeout=,plugin/programs/tests/test_cvdp_gate.py,828,60,yes,_sp.run,_host_yosys_version,TimeoutExpired escapes -> process crashes / test ERRORs -> recorded as a defect
A,subprocess timeout=,plugin/programs/tests/test_cvdp_width_resolution.py,51,10,yes,subprocess.run,_have_iverilog,handler records a FAILING verdict
A,subprocess timeout=,plugin/programs/tests/test_cvdp_width_resolution.py,64,60,yes,subprocess.run,_iverilog_run,TimeoutExpired escapes -> process crashes / test ERRORs -> recorded as a defect
A,subprocess timeout=,plugin/programs/tests/test_cvdp_width_resolution.py,68,60,yes,subprocess.run,_iverilog_run,TimeoutExpired escapes -> process crashes / test ERRORs -> recorded as a defect
A,subprocess timeout=,plugin/programs/tests/test_d3_git_that_errored_is_not_an_empty_tree.py,49,60,yes,subprocess.run,_git_fails_here,TimeoutExpired escapes -> process crashes / test ERRORs -> recorded as a defect
A,subprocess timeout=,plugin/programs/tests/test_d6_single_cell_probe_is_lazy.py,247,_NESTED_PYTEST_TIMEOUT_S,yes,subprocess.run,_probes_a_real_session_builds,TimeoutExpired escapes -> process crashes / test ERRORs -> recorded as a defect
A,subprocess timeout=,plugin/programs/tests/test_d9_content_checker_wiring.py,166,_PROGRAM_TIMEOUT_S,yes,subprocess.run,_run,TimeoutExpired escapes -> process crashes / test ERRORs -> recorded as a defect
A,subprocess timeout=,plugin/programs/tests/test_debug_first_pass.py,31,timeout,yes,subprocess.run,_run,TimeoutExpired escapes -> process crashes / test ERRORs -> recorded as a defect
A,subprocess timeout=,plugin/programs/tests/test_declaration_searched_only_inside_a_truncated_window.py,141,300,yes,subprocess.run,_run,TimeoutExpired escapes -> process crashes / test ERRORs -> recorded as a defect
A,subprocess timeout=,plugin/programs/tests/test_declaration_searched_only_inside_a_truncated_window.py,248,300,yes,subprocess.run,test_a_missing_tree_is_undetermined_not_a_pass,TimeoutExpired escapes -> process crashes / test ERRORs -> recorded as a defect
A,subprocess timeout=,plugin/programs/tests/test_declaration_searched_only_inside_a_truncated_window.py,254,300,yes,subprocess.run,test_a_bad_invocation_is_rc_3,TimeoutExpired escapes -> process crashes / test ERRORs -> recorded as a defect
A,subprocess timeout=,plugin/programs/tests/test_declaration_searched_only_inside_a_truncated_window.py,263,1800,yes,subprocess.run,test_the_shipped_tree_passes_its_own_rule,TimeoutExpired escapes -> process crashes / test ERRORs -> recorded as a defect
A,subprocess timeout=,plugin/programs/tests/test_declared_invocation_accepted_by_its_own_parser.py,101,600,yes,subprocess.run,_run,TimeoutExpired escapes -> process crashes / test ERRORs -> recorded as a defect
A,subprocess timeout=,plugin/programs/tests/test_declared_invocation_accepted_by_its_own_parser.py,181,300,yes,subprocess.run,test_a_missing_tree_is_undetermined_not_a_pass,TimeoutExpired escapes -> process crashes / test ERRORs -> recorded as a defect
A,subprocess timeout=,plugin/programs/tests/test_declared_invocation_accepted_by_its_own_parser.py,187,300,yes,subprocess.run,test_a_bad_invocation_is_rc_3,TimeoutExpired escapes -> process crashes / test ERRORs -> recorded as a defect
A,subprocess timeout=,plugin/programs/tests/test_declared_invocation_accepted_by_its_own_parser.py,211,1800,yes,subprocess.run,test_the_shipped_tree_passes_its_own_rule,TimeoutExpired escapes -> process crashes / test ERRORs -> recorded as a defect
A,subprocess timeout=,plugin/programs/tests/test_declared_pdk_is_the_pdk_used.py,21,30,yes,subprocess.run,_run,TimeoutExpired escapes -> process crashes / test ERRORs -> recorded as a defect
A,subprocess timeout=,plugin/programs/tests/test_declared_pdk_is_the_pdk_used.py,154,30,yes,subprocess.run,test_the_refusal_is_machine_readable,TimeoutExpired escapes -> process crashes / test ERRORs -> recorded as a defect
A,subprocess timeout=,plugin/programs/tests/test_declared_pdk_is_the_pdk_used.py,197,30,yes,subprocess.run,test_a_wrong_pdk_still_reports_a_wrong_pdk,TimeoutExpired escapes -> process crashes / test ERRORs -> recorded as a defect
A,subprocess timeout=,plugin/programs/tests/test_declared_pdk_is_the_pdk_used.py,210,30,yes,subprocess.run,test_a_pass_records_the_field_too,TimeoutExpired escapes -> process crashes / test ERRORs -> recorded as a defect
A,subprocess timeout=,plugin/programs/tests/test_declared_pdk_is_the_pdk_used.py,242,55,yes,_sp.run,_run_decl,TimeoutExpired escapes -> process crashes / test ERRORs -> recorded as a defect
A,subprocess timeout=,plugin/programs/tests/test_declared_pdk_target_reads_the_canonical_l19.py,255,30,yes,subprocess.run,_gate,TimeoutExpired escapes -> process crashes / test ERRORs -> recorded as a defect
A,subprocess timeout=,plugin/programs/tests/test_denial_that_constitutes_the_value_it_appears_to_negate.py,188,300,yes,subprocess.run,_run,TimeoutExpired escapes -> process crashes / test ERRORs -> recorded as a defect
A,subprocess timeout=,plugin/programs/tests/test_denial_that_constitutes_the_value_it_appears_to_negate.py,229,300,yes,subprocess.run,test_a_missing_tree_is_undetermined_not_a_pass,TimeoutExpired escapes -> process crashes / test ERRORs -> recorded as a defect
A,subprocess timeout=,plugin/programs/tests/test_denial_that_constitutes_the_value_it_appears_to_negate.py,235,300,yes,subprocess.run,test_a_bad_invocation_is_rc_3,TimeoutExpired escapes -> process crashes / test ERRORs -> recorded as a defect
A,subprocess timeout=,plugin/programs/tests/test_denial_that_constitutes_the_value_it_appears_to_negate.py,244,1800,yes,subprocess.run,test_the_shipped_tree_passes_its_own_rule,TimeoutExpired escapes -> process crashes / test ERRORs -> recorded as a defect
A,subprocess timeout=,plugin/programs/tests/test_derived_corpus_figure.py,255,_SWEEP_TIMEOUT_S,yes,subprocess.run,test_the_sweep_reaches_the_whole_programs_tree,TimeoutExpired escapes -> process crashes / test ERRORs -> recorded as a defect
A,subprocess timeout=,plugin/programs/tests/test_design_content_is_load_bearing.py,56,60,yes,subprocess.run,_run,TimeoutExpired escapes -> process crashes / test ERRORs -> recorded as a defect
A,subprocess timeout=,plugin/programs/tests/test_design_input_digest.py,446,_SUBPROC_TIMEOUT,yes,subprocess.run,_run_fcc,TimeoutExpired escapes -> process crashes / test ERRORs -> recorded as a defect
A,subprocess timeout=,plugin/programs/tests/test_design_input_digest.py,569,_SUBPROC_TIMEOUT,yes,subprocess.run,test_the_audit_survives_a_digest_that_cannot_be_computed,TimeoutExpired escapes -> process crashes / test ERRORs -> recorded as a defect
A,subprocess timeout=,plugin/programs/tests/test_design_one_shot_runner.py,45,timeout,yes,subprocess.run,_run,TimeoutExpired escapes -> process crashes / test ERRORs -> recorded as a defect
A,subprocess timeout=,plugin/programs/tests/test_dft_atpg_mapped_netlist_and_cut.py,133,60,call-through,tdf._ensure_cut,test_ensure_cut_reuses_a_valid_cut,TimeoutExpired escapes -> process crashes / test ERRORs -> recorded as a defect
A,subprocess timeout=,plugin/programs/tests/test_dft_atpg_mapped_netlist_and_cut.py,156,60,call-through,tdf._ensure_cut,test_ensure_cut_regenerates_a_degenerate_cut,TimeoutExpired escapes -> process crashes / test ERRORs -> recorded as a defect
A,subprocess timeout=,plugin/programs/tests/test_dft_atpg_mapped_netlist_and_cut.py,177,60,call-through,tdf._ensure_cut,test_ensure_cut_reuses_zero_pair_cut_on_combinational_source,TimeoutExpired escapes -> process crashes / test ERRORs -> recorded as a defect
A,subprocess timeout=,plugin/programs/tests/test_dft_transition_atpg_timeout_is_a_budget_not_a_capability.py,105,1800,call-through,subprocess.TimeoutExpired,,TimeoutExpired escapes -> process crashes / test ERRORs -> recorded as a defect
A,subprocess timeout=,plugin/programs/tests/test_die_density_fill_gen.py,389,120,yes,subprocess.run,test_the_program_runs_standalone_and_refuses_without_a_project,TimeoutExpired escapes -> process crashes / test ERRORs -> recorded as a defect
A,subprocess timeout=,plugin/programs/tests/test_die_finishing_step_265ic.py,218,timeout,yes,subprocess.run,run_argv,TimeoutExpired escapes -> process crashes / test ERRORs -> recorded as a defect
A,subprocess timeout=,plugin/programs/tests/test_die_finishing_step_265ic.py,223,timeout,call-through,self.run_argv,run,TimeoutExpired escapes -> process crashes / test ERRORs -> recorded as a defect
A,subprocess timeout=,plugin/programs/tests/test_doc_table_row_placement_check.py,53,600,yes,subprocess.run,_run,TimeoutExpired escapes -> process crashes / test ERRORs -> recorded as a defect
A,subprocess timeout=,plugin/programs/tests/test_doc_table_row_placement_check.py,156,120,yes,subprocess.run,test_reverting_the_delimiter_rule_lets_the_fragment_pass,TimeoutExpired escapes -> process crashes / test ERRORs -> recorded as a defect
A,subprocess timeout=,plugin/programs/tests/test_docker_exec_timeout_bytes.py,30,1,call-through,subprocess.TimeoutExpired,test_docker_exec_timeout_bytes_stdout_returns_str,TimeoutExpired escapes -> process crashes / test ERRORs -> recorded as a defect
A,subprocess timeout=,plugin/programs/tests/test_docker_exec_timeout_bytes.py,34,1,call-through,_docker_exec,test_docker_exec_timeout_bytes_stdout_returns_str,TimeoutExpired escapes -> process crashes / test ERRORs -> recorded as a defect
A,subprocess timeout=,plugin/programs/tests/test_docker_exec_timeout_bytes.py,59,2,call-through,subprocess.TimeoutExpired,test_docker_exec_none_streams_become_empty_str,TimeoutExpired escapes -> process crashes / test ERRORs -> recorded as a defect
A,subprocess timeout=,plugin/programs/tests/test_docker_exec_timeout_bytes.py,62,2,call-through,_docker_exec,test_docker_exec_none_streams_become_empty_str,TimeoutExpired escapes -> process crashes / test ERRORs -> recorded as a defect
A,subprocess timeout=,plugin/programs/tests/test_docker_exec_timeout_bytes.py,71,1,call-through,subprocess.TimeoutExpired,test_overutil_extract_consumes_docker_exec_timeout_output,TimeoutExpired escapes -> process crashes / test ERRORs -> recorded as a defect
A,subprocess timeout=,plugin/programs/tests/test_docker_exec_timeout_bytes.py,74,1,call-through,_docker_exec,test_overutil_extract_consumes_docker_exec_timeout_output,TimeoutExpired escapes -> process crashes / test ERRORs -> recorded as a defect
A,subprocess timeout=,plugin/programs/tests/test_docker_watchdog.py,104,1800,call-through,?,test_run_docker_supervised_threads_callbacks_and_wraps,TimeoutExpired escapes -> process crashes / test ERRORs -> recorded as a defect
A,subprocess timeout=,plugin/programs/tests/test_drc_vacuous_streaming_bounded.py,178,60,yes,subprocess.run,_peak_rss_kib,TimeoutExpired escapes -> process crashes / test ERRORs -> recorded as a defect
A,subprocess timeout=,plugin/programs/tests/test_drv_escalation_donttouch_and_signoff_gate.py,309,60,yes,subprocess.run,test_dont_touch_restore_protects_tie_driver_and_locked_insts,TimeoutExpired escapes -> process crashes / test ERRORs -> recorded as a defect
A,subprocess timeout=,plugin/programs/tests/test_drv_escalation_donttouch_and_signoff_gate.py,336,60,yes,subprocess.run,test_restore_fragment_is_valid_tcl_standalone,TimeoutExpired escapes -> process crashes / test ERRORs -> recorded as a defect
A,subprocess timeout=,plugin/programs/tests/test_dt1_atpg_wall_budget_scaling.py,175,1,call-through,tdf._run_in_docker,test_run_in_docker_salvages_partial_stdout_on_timeout,TimeoutExpired escapes -> process crashes / test ERRORs -> recorded as a defect
A,subprocess timeout=,plugin/programs/tests/test_emit_final_summary.py,62,1,call-through,emit_final_summary,test_helper_returns_false_on_timeout,TimeoutExpired escapes -> process crashes / test ERRORs -> recorded as a defect
A,subprocess timeout=,plugin/programs/tests/test_emitter_population_pin_check.py,205,600,yes,subprocess.run,_run,TimeoutExpired escapes -> process crashes / test ERRORs -> recorded as a defect
A,subprocess timeout=,plugin/programs/tests/test_emitter_population_pin_check.py,234,900,yes,subprocess.run,real_run,TimeoutExpired escapes -> process crashes / test ERRORs -> recorded as a defect
A,subprocess timeout=,plugin/programs/tests/test_emitter_population_pin_check.py,1112,120,yes,subprocess.run,test_the_polarity_baseline_refuses_to_grow,TimeoutExpired escapes -> process crashes / test ERRORs -> recorded as a defect
A,subprocess timeout=,plugin/programs/tests/test_emitter_population_pin_check.py,3368,120,yes,subprocess.run,test_a_programs_directory_that_does_not_exist_is_rc3,TimeoutExpired escapes -> process crashes / test ERRORs -> recorded as a defect
A,subprocess timeout=,plugin/programs/tests/test_emitter_population_pin_check.py,3376,120,yes,subprocess.run,test_an_unknown_flag_is_rc3_not_argparse_2,TimeoutExpired escapes -> process crashes / test ERRORs -> recorded as a defect
A,subprocess timeout=,plugin/programs/tests/test_emitter_population_pin_check.py,3407,600,yes,subprocess.run,test_reverting_the_comparison_lets_the_disagreement_pass,TimeoutExpired escapes -> process crashes / test ERRORs -> recorded as a defect
A,subprocess timeout=,plugin/programs/tests/test_enhancement_emit.py,35,30,yes,subprocess.run,run,TimeoutExpired escapes -> process crashes / test ERRORs -> recorded as a defect
A,subprocess timeout=,plugin/programs/tests/test_enhancement_emit.py,684,30,yes,subprocess.run,_run_capture,TimeoutExpired escapes -> process crashes / test ERRORs -> recorded as a defect
A,subprocess timeout=,plugin/programs/tests/test_est0104_recovery_after_netlist_edit.py,62,60,yes,subprocess.run,_run_tcl,TimeoutExpired escapes -> process crashes / test ERRORs -> recorded as a defect
A,subprocess timeout=,plugin/programs/tests/test_evidence_citation_resolves_check.py,36,60,yes,subprocess.run,_run,TimeoutExpired escapes -> process crashes / test ERRORs -> recorded as a defect
A,subprocess timeout=,plugin/programs/tests/test_evidence_citation_resolves_check.py,173,60,yes,subprocess.run,test_shipped_baseline_matches_the_shipped_tree,TimeoutExpired escapes -> process crashes / test ERRORs -> recorded as a defect
A,subprocess timeout=,plugin/programs/tests/test_evidence_citation_resolves_check.py,188,60,yes,subprocess.run,test_out_of_scope_tree_is_disclosed_not_silently_dropped,TimeoutExpired escapes -> process crashes / test ERRORs -> recorded as a defect
A,subprocess timeout=,plugin/programs/tests/test_evidence_citation_resolves_check.py,220,60,yes,subprocess.run,_git,TimeoutExpired escapes -> process crashes / test ERRORs -> recorded as a defect
A,subprocess timeout=,plugin/programs/tests/test_evidence_index_remedy_names_its_repo.py,36,60,yes,subprocess.run,_run,TimeoutExpired escapes -> process crashes / test ERRORs -> recorded as a defect
A,subprocess timeout=,plugin/programs/tests/test_expert_track_schema_mismatch_is_not_a_pass.py,182,60,yes,subprocess.run,_run_track,TimeoutExpired escapes -> process crashes / test ERRORs -> recorded as a defect
A,subprocess timeout=,plugin/programs/tests/test_explicit_argument_outranks_the_environment_pointer_census.py,87,300,yes,subprocess.run,_run,TimeoutExpired escapes -> process crashes / test ERRORs -> recorded as a defect
A,subprocess timeout=,plugin/programs/tests/test_explicit_argument_outranks_the_environment_pointer_census.py,135,300,yes,subprocess.run,test_a_missing_tree_is_undetermined_not_a_pass,TimeoutExpired escapes -> process crashes / test ERRORs -> recorded as a defect
A,subprocess timeout=,plugin/programs/tests/test_explicit_argument_outranks_the_environment_pointer_census.py,141,300,yes,subprocess.run,test_a_bad_invocation_is_rc_3,TimeoutExpired escapes -> process crashes / test ERRORs -> recorded as a defect
A,subprocess timeout=,plugin/programs/tests/test_explicit_argument_outranks_the_environment_pointer_census.py,150,1800,yes,subprocess.run,test_the_shipped_tree_passes_its_own_rule,TimeoutExpired escapes -> process crashes / test ERRORs -> recorded as a defect
A,subprocess timeout=,plugin/programs/tests/test_explicit_argument_outranks_the_environment_pointer_census.py,165,1800,yes,subprocess.run,test_the_census_never_blocks_by_default,TimeoutExpired escapes -> process crashes / test ERRORs -> recorded as a defect
A,subprocess timeout=,plugin/programs/tests/test_explicit_argument_outranks_the_environment_pointer_census.py,185,900,yes,subprocess.run,test_a_count_over_an_empty_population_is_undetermined,TimeoutExpired escapes -> process crashes / test ERRORs -> recorded as a defect
A,subprocess timeout=,plugin/programs/tests/test_flow_a8_gds_substance_gate.py,141,60,yes,subprocess.run,_run,TimeoutExpired escapes -> process crashes / test ERRORs -> recorded as a defect
A,subprocess timeout=,plugin/programs/tests/test_flow_compliance_grades_its_own_blocker_list.py,62,_CEILING_S,yes,subprocess.run,test_a_real_run_publishes_the_guard_verdict_and_it_is_clean,TimeoutExpired escapes -> process crashes / test ERRORs -> recorded as a defect
A,subprocess timeout=,plugin/programs/tests/test_flow_compliance_read_only.py,45,_T,yes,subprocess.run,_drive,TimeoutExpired escapes -> process crashes / test ERRORs -> recorded as a defect
A,subprocess timeout=,plugin/programs/tests/test_flow_compliance_read_only.py,153,_T,yes,subprocess.run,test_read_only_refuses_rather_than_falling_back_to_writing,TimeoutExpired escapes -> process crashes / test ERRORs -> recorded as a defect
A,subprocess timeout=,plugin/programs/tests/test_flow_dashboard_web.py,442,5,call-through,urllib.request.urlopen,test_live_fleet_card_route,TimeoutExpired escapes -> process crashes / test ERRORs -> recorded as a defect
A,subprocess timeout=,plugin/programs/tests/test_flow_dashboard_web.py,447,5,call-through,urllib.request.urlopen,test_live_fleet_card_route,TimeoutExpired escapes -> process crashes / test ERRORs -> recorded as a defect
A,subprocess timeout=,plugin/programs/tests/test_flow_dashboard_web.py,489,5,call-through,urllib.request.urlopen,test_live_fleet_server_drilldown,TimeoutExpired escapes -> process crashes / test ERRORs -> recorded as a defect
A,subprocess timeout=,plugin/programs/tests/test_flow_dashboard_web.py,491,5,call-through,urllib.request.urlopen,test_live_fleet_server_drilldown,TimeoutExpired escapes -> process crashes / test ERRORs -> recorded as a defect
A,subprocess timeout=,plugin/programs/tests/test_flow_dashboard_web.py,496,5,call-through,urllib.request.urlopen,test_live_fleet_server_drilldown,TimeoutExpired escapes -> process crashes / test ERRORs -> recorded as a defect
A,subprocess timeout=,plugin/programs/tests/test_flow_dashboard_web.py,499,5,call-through,urllib.request.urlopen,test_live_fleet_server_drilldown,TimeoutExpired escapes -> process crashes / test ERRORs -> recorded as a defect
A,subprocess timeout=,plugin/programs/tests/test_flow_dashboard_web.py,505,5,call-through,urllib.request.urlopen,test_live_fleet_server_drilldown,TimeoutExpired escapes -> process crashes / test ERRORs -> recorded as a defect
A,subprocess timeout=,plugin/programs/tests/test_flow_dashboard_web.py,535,5,call-through,urllib.request.urlopen,test_live_server_serves_html_and_json,TimeoutExpired escapes -> process crashes / test ERRORs -> recorded as a defect
A,subprocess timeout=,plugin/programs/tests/test_flow_dashboard_web.py,540,5,call-through,urllib.request.urlopen,test_live_server_serves_html_and_json,TimeoutExpired escapes -> process crashes / test ERRORs -> recorded as a defect
A,subprocess timeout=,plugin/programs/tests/test_flow_dashboard_web.py,546,5,call-through,urllib.request.urlopen,test_live_server_serves_html_and_json,TimeoutExpired escapes -> process crashes / test ERRORs -> recorded as a defect
A,subprocess timeout=,plugin/programs/tests/test_flow_dependency_graph_check.py,29,30,yes,subprocess.run,_run,TimeoutExpired escapes -> process crashes / test ERRORs -> recorded as a defect
A,subprocess timeout=,plugin/programs/tests/test_flow_gate_grid.py,30,30,yes,subprocess.run,_run,TimeoutExpired escapes -> process crashes / test ERRORs -> recorded as a defect
A,subprocess timeout=,plugin/programs/tests/test_flow_gate_grid.py,323,900,yes,subprocess.run,_grid,TimeoutExpired escapes -> process crashes / test ERRORs -> recorded as a defect
A,subprocess timeout=,plugin/programs/tests/test_flow_output_substance.py,367,600,yes,subprocess.run,_cli,TimeoutExpired escapes -> process crashes / test ERRORs -> recorded as a defect
A,subprocess timeout=,plugin/programs/tests/test_flow_phase_scope_is_total_and_disclosed.py,93,60,yes,subprocess.run,_program_scope,TimeoutExpired escapes -> process crashes / test ERRORs -> recorded as a defect
A,subprocess timeout=,plugin/programs/tests/test_flow_phase_scope_is_total_and_disclosed.py,161,60,yes,subprocess.run,test_the_both_phase_overlap_is_disclosed_in_the_output,TimeoutExpired escapes -> process crashes / test ERRORs -> recorded as a defect
A,subprocess timeout=,plugin/programs/tests/test_flow_phase_scope_is_total_and_disclosed.py,171,60,yes,subprocess.run,test_the_disclosure_names_the_overlapping_steps,TimeoutExpired escapes -> process crashes / test ERRORs -> recorded as a defect
A,subprocess timeout=,plugin/programs/tests/test_flow_step37_gds_provenance_declaration.py,347,60,yes,subprocess.run,test_guard_coarse_mode_remains_a_public_api,TimeoutExpired escapes -> process crashes / test ERRORs -> recorded as a defect
A,subprocess timeout=,plugin/programs/tests/test_flow_step8_sdc_validator_declaration.py,185,60,yes,subprocess.run,_run_prog,TimeoutExpired escapes -> process crashes / test ERRORs -> recorded as a defect
A,subprocess timeout=,plugin/programs/tests/test_flow_step_can_fail_check.py,19,30,yes,subprocess.run,_run,TimeoutExpired escapes -> process crashes / test ERRORs -> recorded as a defect
A,subprocess timeout=,plugin/programs/tests/test_fmeda_fault_injection_coverage.py,506,INNER_TIMEOUT_S,yes,subprocess.run,test_the_vacuous_token_line_survives_the_consumers_stdout_window,TimeoutExpired escapes -> process crashes / test ERRORs -> recorded as a defect
A,subprocess timeout=,plugin/programs/tests/test_fmeda_fault_injection_coverage.py,593,INNER_TIMEOUT_S,call-through,fi.run_injection_iverilog,test_the_skip_guard_is_the_code_paths_own_decision,TimeoutExpired escapes -> process crashes / test ERRORs -> recorded as a defect
A,measured elapsed vs literal,plugin/programs/tests/test_fmeda_fault_injection_coverage.py,604,elapsed Lt 5,assert,,test_the_skip_guard_is_the_code_paths_own_decision,a wall-clock number decides the test verdict
A,subprocess timeout=,plugin/programs/tests/test_formal_env_unavailable_actionable.py,79,60,yes,subprocess.run,_run_formal,TimeoutExpired escapes -> process crashes / test ERRORs -> recorded as a defect
A,subprocess timeout=,plugin/programs/tests/test_formal_env_unavailable_actionable.py,96,60,yes,subprocess.run,_docker_container_running,handler records a FAILING verdict
A,subprocess timeout=,plugin/programs/tests/test_formal_env_unavailable_actionable.py,193,60,yes,subprocess.run,test_absent_env_gate_fails_but_names_the_gap,TimeoutExpired escapes -> process crashes / test ERRORs -> recorded as a defect
A,subprocess timeout=,plugin/programs/tests/test_formal_env_unavailable_actionable.py,275,60,yes,subprocess.run,_compliance,TimeoutExpired escapes -> process crashes / test ERRORs -> recorded as a defect
A,subprocess timeout=,plugin/programs/tests/test_formal_harness_hierarchy_scan.py,59,_GEN_TIMEOUT_S,yes,subprocess.run,_run,TimeoutExpired escapes -> process crashes / test ERRORs -> recorded as a defect
A,subprocess timeout=,plugin/programs/tests/test_formal_run_is_bounded_not_the_host.py,123,30,call-through,F.classify_resource_stop,test_a_deadline_stop_names_the_wall_clock_and_its_limit,TimeoutExpired escapes -> process crashes / test ERRORs -> recorded as a defect
A,subprocess timeout=,plugin/programs/tests/test_formal_run_is_bounded_not_the_host.py,131,900,call-through,F.classify_resource_stop,test_a_memory_stop_names_the_address_space_and_its_limit,TimeoutExpired escapes -> process crashes / test ERRORs -> recorded as a defect
A,subprocess timeout=,plugin/programs/tests/test_formal_run_is_bounded_not_the_host.py,193,900,call-through,_run,test_a_memory_stop_is_inconclusive_and_names_what_ran_out,TimeoutExpired escapes -> process crashes / test ERRORs -> recorded as a defect
A,subprocess timeout=,plugin/programs/tests/test_formal_run_is_bounded_not_the_host.py,215,30,call-through,_run,test_a_deadline_stop_is_inconclusive_and_names_the_wall_clock,TimeoutExpired escapes -> process crashes / test ERRORs -> recorded as a defect
A,subprocess timeout=,plugin/programs/tests/test_formal_run_is_bounded_not_the_host.py,228,30,call-through,_run,test_a_real_counterexample_survives_a_later_resource_stop,TimeoutExpired escapes -> process crashes / test ERRORs -> recorded as a defect
A,subprocess timeout=,plugin/programs/tests/test_formal_run_is_bounded_not_the_host.py,271,123,call-through,_run,test_the_caller_can_grant_a_ceiling_and_it_is_the_one_dispatched,TimeoutExpired escapes -> process crashes / test ERRORs -> recorded as a defect
A,subprocess timeout=,plugin/programs/tests/test_formal_run_is_bounded_not_the_host.py,312,1,call-through,F._run_group_bounded,test_the_deadline_kills_the_whole_process_group,TimeoutExpired escapes -> process crashes / test ERRORs -> recorded as a defect
A,measured elapsed vs literal,plugin/programs/tests/test_formal_run_is_bounded_not_the_host.py,315,elapsed Lt 3.0,assert,,test_the_deadline_kills_the_whole_process_group,a wall-clock number decides the test verdict
A,subprocess timeout=,plugin/programs/tests/test_formal_run_is_bounded_not_the_host.py,324,30,call-through,F._run_group_bounded,test_a_command_that_finishes_inside_the_deadline_is_untouched,TimeoutExpired escapes -> process crashes / test ERRORs -> recorded as a defect
A,subprocess timeout=,plugin/programs/tests/test_fpga_on_board_attestation_check.py,13,15,yes,subprocess.run,_run,TimeoutExpired escapes -> process crashes / test ERRORs -> recorded as a defect
A,subprocess timeout=,plugin/programs/tests/test_fpga_on_board_waiver_needs_waivers_json.py,38,60,yes,subprocess.run,_run,TimeoutExpired escapes -> process crashes / test ERRORs -> recorded as a defect
A,subprocess timeout=,plugin/programs/tests/test_fpga_qsf_lint_denominator.py,45,45,yes,subprocess.run,_run,TimeoutExpired escapes -> process crashes / test ERRORs -> recorded as a defect
A,subprocess timeout=,plugin/programs/tests/test_fpga_test_harness_gen.py,29,timeout,yes,subprocess.run,_run,TimeoutExpired escapes -> process crashes / test ERRORs -> recorded as a defect
A,subprocess timeout=,plugin/programs/tests/test_fpga_wrapper_input_polluter_check.py,13,20,yes,subprocess.run,_run,TimeoutExpired escapes -> process crashes / test ERRORs -> recorded as a defect
A,subprocess timeout=,plugin/programs/tests/test_fpga_wrapper_input_polluter_check.py,34,10,yes,subprocess.run,test_help_works,TimeoutExpired escapes -> process crashes / test ERRORs -> recorded as a defect
A,subprocess timeout=,plugin/programs/tests/test_fpga_wrapper_input_polluter_check.py,43,10,yes,subprocess.run,test_missing_rtl_arg_returns_2,TimeoutExpired escapes -> process crashes / test ERRORs -> recorded as a defect
A,subprocess timeout=,plugin/programs/tests/test_g_antenna_reroute_thread_parallel.py,156,60,yes,subprocess.run,test_full_pnr_tcl_with_threads_still_parses,TimeoutExpired escapes -> process crashes / test ERRORs -> recorded as a defect
A,subprocess timeout=,plugin/programs/tests/test_gate_cli_entry_survives_weakening.py,198,60,yes,sp.run,test_the_default_run_never_touches_the_shipped_programs_tree,TimeoutExpired escapes -> process crashes / test ERRORs -> recorded as a defect
A,subprocess timeout=,plugin/programs/tests/test_gate_cli_entry_survives_weakening.py,202,_PROBE_TIMEOUT_S,yes,sp.run,test_the_default_run_never_touches_the_shipped_programs_tree,TimeoutExpired escapes -> process crashes / test ERRORs -> recorded as a defect
A,subprocess timeout=,plugin/programs/tests/test_gate_cli_entry_survives_weakening.py,250,_PROBE_TIMEOUT_S,call-through,t.join,test_the_probe_FUNCTION_never_touches_the_shipped_tree_either,TimeoutExpired escapes -> process crashes / test ERRORs -> recorded as a defect
A,subprocess timeout=,plugin/programs/tests/test_gate_cli_entry_survives_weakening.py,359,_PROBE_TIMEOUT_S,call-through,child.wait,test_a_SIGKILL_mid_probe_leaves_the_repository_byte_identical,TimeoutExpired escapes -> process crashes / test ERRORs -> recorded as a defect
A,subprocess timeout=,plugin/programs/tests/test_gate_cli_entry_survives_weakening.py,387,_PROBE_TIMEOUT_S,yes,sp.run,test_there_is_no_flag_that_mutates_the_shipped_tree,TimeoutExpired escapes -> process crashes / test ERRORs -> recorded as a defect
A,subprocess timeout=,plugin/programs/tests/test_gate_cli_entry_survives_weakening.py,412,_PROBE_TIMEOUT_S,yes,sp.run,test_the_probe_can_still_report_SILENT,TimeoutExpired escapes -> process crashes / test ERRORs -> recorded as a defect
A,subprocess timeout=,plugin/programs/tests/test_gate_denominator_absent_fixture.py,118,60,call-through,G._drive_on_absent_project,test_the_fixture_fails_the_revision_that_carried_the_defect,TimeoutExpired escapes -> process crashes / test ERRORs -> recorded as a defect
A,subprocess timeout=,plugin/programs/tests/test_gate_discloses_denominator.py,136,10,call-through,G.audit_ci,test_a_host_excluded_gate_is_not_indirectly_launched_by_the_meta_sweep,TimeoutExpired escapes -> process crashes / test ERRORs -> recorded as a defect
A,subprocess timeout=,plugin/programs/tests/test_gate_host_independence.py,136,_T,call-through,G.audit,test_a_modified_TRACKED_file_is_refused_not_reported_as_findings,TimeoutExpired escapes -> process crashes / test ERRORs -> recorded as a defect
A,subprocess timeout=,plugin/programs/tests/test_gate_host_independence.py,155,_T,call-through,G.audit,test_539_an_UNTRACKED_leftover_no_longer_blocks_the_probe,TimeoutExpired escapes -> process crashes / test ERRORs -> recorded as a defect
A,subprocess timeout=,plugin/programs/tests/test_gate_host_independence.py,168,_T,call-through,G.audit,test_539_a_gate_reading_an_UNTRACKED_leftover_is_CAUGHT,TimeoutExpired escapes -> process crashes / test ERRORs -> recorded as a defect
A,subprocess timeout=,plugin/programs/tests/test_gate_host_independence.py,187,_T,call-through,G.audit,test_a_gate_that_reads_an_IGNORED_leftover_is_caught,TimeoutExpired escapes -> process crashes / test ERRORs -> recorded as a defect
A,subprocess timeout=,plugin/programs/tests/test_gate_host_independence.py,205,_T,call-through,G.audit,test_539_two_identical_trees_are_NOT_CHECKED_rather_than_a_pass,TimeoutExpired escapes -> process crashes / test ERRORs -> recorded as a defect
A,subprocess timeout=,plugin/programs/tests/test_gate_host_independence.py,228,_T,call-through,G.audit,test_539_the_clean_worktree_ROUTE_reports_NOT_CHECKED_not_PASS,TimeoutExpired escapes -> process crashes / test ERRORs -> recorded as a defect
A,subprocess timeout=,plugin/programs/tests/test_gate_host_independence.py,235,_T,call-through,G.audit,test_539_the_clean_worktree_ROUTE_reports_NOT_CHECKED_not_PASS,TimeoutExpired escapes -> process crashes / test ERRORs -> recorded as a defect
A,subprocess timeout=,plugin/programs/tests/test_gate_host_independence.py,252,_T,call-through,G.audit,test_539_the_stimulus_is_reported_ON_THE_PASS_LINE,TimeoutExpired escapes -> process crashes / test ERRORs -> recorded as a defect
A,subprocess timeout=,plugin/programs/tests/test_gate_host_independence.py,286,_T,call-through,G.audit,test_an_empty_gate_list_is_NOT_a_pass,TimeoutExpired escapes -> process crashes / test ERRORs -> recorded as a defect
A,subprocess timeout=,plugin/programs/tests/test_gate_host_independence.py,409,_T,call-through,G.audit,test_539_the_probe_ITSELF_leaves_the_numerator_and_is_NAMED,TimeoutExpired escapes -> process crashes / test ERRORs -> recorded as a defect
A,subprocess timeout=,plugin/programs/tests/test_gate_host_independence.py,441,_T,call-through,G.audit,test_539_a_declared_gate_leaves_the_numerator_but_not_the_denominator,TimeoutExpired escapes -> process crashes / test ERRORs -> recorded as a defect
A,subprocess timeout=,plugin/programs/tests/test_gate_host_independence.py,469,_T,call-through,G.audit,test_539_a_DETACHED_directive_does_not_exclude,TimeoutExpired escapes -> process crashes / test ERRORs -> recorded as a defect
A,subprocess timeout=,plugin/programs/tests/test_gate_host_independence.py,503,2,call-through,G.audit,test_a_gate_that_cannot_be_driven_is_its_own_state_not_a_crash,TimeoutExpired escapes -> process crashes / test ERRORs -> recorded as a defect
A,subprocess timeout=,plugin/programs/tests/test_gate_host_independence.py,530,_T,call-through,G.audit,test_a_gate_that_echoes_its_own_root_is_not_host_dependent,TimeoutExpired escapes -> process crashes / test ERRORs -> recorded as a defect
A,subprocess timeout=,plugin/programs/tests/test_gate_host_independence.py,540,_T,call-through,G.audit,test_a_real_difference_still_survives_normalisation,TimeoutExpired escapes -> process crashes / test ERRORs -> recorded as a defect
A,subprocess timeout=,plugin/programs/tests/test_gate_host_independence.py,569,_T,call-through,G.audit,test_different_finding_identities_cannot_cancel_behind_the_same_count,TimeoutExpired escapes -> process crashes / test ERRORs -> recorded as a defect
A,subprocess timeout=,plugin/programs/tests/test_gate_host_independence.py,615,_T,call-through,G.audit,test_a_clean_run_leaves_no_scratch_behind,TimeoutExpired escapes -> process crashes / test ERRORs -> recorded as a defect
A,subprocess timeout=,plugin/programs/tests/test_gate_host_independence.py,695,_T,yes,subprocess.run,test_a_SIGKILLED_run_is_cleaned_up_by_the_NEXT_run,TimeoutExpired escapes -> process crashes / test ERRORs -> recorded as a defect
A,subprocess timeout=,plugin/programs/tests/test_gate_host_independence.py,702,_T,call-through,child.wait,test_a_SIGKILLED_run_is_cleaned_up_by_the_NEXT_run,TimeoutExpired escapes -> process crashes / test ERRORs -> recorded as a defect
A,subprocess timeout=,plugin/programs/tests/test_gate_host_independence.py,715,_T,yes,subprocess.run,test_a_SIGKILLED_run_is_cleaned_up_by_the_NEXT_run,TimeoutExpired escapes -> process crashes / test ERRORs -> recorded as a defect
A,subprocess timeout=,plugin/programs/tests/test_gate_host_independence.py,747,_T,call-through,child.wait,test_a_LIVE_peers_scratch_is_never_reaped,TimeoutExpired escapes -> process crashes / test ERRORs -> recorded as a defect
A,subprocess timeout=,plugin/programs/tests/test_gate_host_independence.py,758,_T,call-through,G.audit,test_the_sweep_runs_even_when_the_probe_refuses,TimeoutExpired escapes -> process crashes / test ERRORs -> recorded as a defect
A,subprocess timeout=,plugin/programs/tests/test_gate_host_independence.py,832,_T,call-through,held.wait,test_the_peer_detector_sees_a_real_process,TimeoutExpired escapes -> process crashes / test ERRORs -> recorded as a defect
A,subprocess timeout=,plugin/programs/tests/test_gate_host_independence.py,895,_T,call-through,G.audit,test_a_ONE_OFF_disagreement_is_not_reported_as_host_dependence,TimeoutExpired escapes -> process crashes / test ERRORs -> recorded as a defect
A,subprocess timeout=,plugin/programs/tests/test_gate_host_independence.py,908,_T,call-through,G.audit,test_a_ONE_OFF_disagreement_is_NAMED_rather_than_silently_dropped,TimeoutExpired escapes -> process crashes / test ERRORs -> recorded as a defect
A,subprocess timeout=,plugin/programs/tests/test_gate_host_independence.py,928,_T,call-through,G.audit,test_a_STABLE_disagreement_is_still_host_dependence,TimeoutExpired escapes -> process crashes / test ERRORs -> recorded as a defect
A,subprocess timeout=,plugin/programs/tests/test_gate_host_independence.py,953,_T,call-through,G.audit,test_the_reproduce_step_costs_nothing_when_the_arms_AGREE,TimeoutExpired escapes -> process crashes / test ERRORs -> recorded as a defect
A,subprocess timeout=,plugin/programs/tests/test_gate_host_independence.py,977,_T,call-through,G.audit,test_the_outer_checkout_attestation_replaces_the_duplicate_arm_A,TimeoutExpired escapes -> process crashes / test ERRORs -> recorded as a defect
A,subprocess timeout=,plugin/programs/tests/test_gate_host_independence.py,1041,_T,call-through,G.audit,test_a_missing_checkout_attestation_is_a_named_refusal,TimeoutExpired escapes -> process crashes / test ERRORs -> recorded as a defect
A,subprocess timeout=,plugin/programs/tests/test_gate_host_independence.py,1071,_T,call-through,G.audit,test_reused_and_fresh_arms_preserve_the_same_stdout_stderr_order,TimeoutExpired escapes -> process crashes / test ERRORs -> recorded as a defect
A,subprocess timeout=,plugin/programs/tests/test_gate_host_independence.py,1175,_T,call-through,G.audit,test_a_quoted_multiword_argument_stays_ONE_argument,TimeoutExpired escapes -> process crashes / test ERRORs -> recorded as a defect
A,subprocess timeout=,plugin/programs/tests/test_gate_host_independence.py,1193,_T,call-through,G.audit,test_a_RECORD_FOR_A_DIFFERENT_COMMAND_IS_STILL_REFUSED,TimeoutExpired escapes -> process crashes / test ERRORs -> recorded as a defect
A,subprocess timeout=,plugin/programs/tests/test_gate_host_independence.py,1233,_T,call-through,G.audit,test_a_PLUGIN_scoped_gates_absolute_argv_is_not_a_wrong_command,TimeoutExpired escapes -> process crashes / test ERRORs -> recorded as a defect
A,subprocess timeout=,plugin/programs/tests/test_gate_host_independence.py,1244,_T,call-through,G.audit,test_a_declaration_the_shell_cannot_split_is_NAMED_not_a_crash,TimeoutExpired escapes -> process crashes / test ERRORs -> recorded as a defect
A,subprocess timeout=,plugin/programs/tests/test_gate_is_wired.py,45,55,yes,subprocess.run,_run,TimeoutExpired escapes -> process crashes / test ERRORs -> recorded as a defect
A,subprocess timeout=,plugin/programs/tests/test_gate_is_wired.py,332,55,yes,subprocess.run,test_the_shipped_register_still_refuses_to_GROW,TimeoutExpired escapes -> process crashes / test ERRORs -> recorded as a defect
A,subprocess timeout=,plugin/programs/tests/test_gate_is_wired.py,339,55,yes,subprocess.run,test_the_shipped_register_still_refuses_to_GROW,TimeoutExpired escapes -> process crashes / test ERRORs -> recorded as a defect
A,subprocess timeout=,plugin/programs/tests/test_gate_proof_vocabulary_has_a_producer.py,111,300,yes,subprocess.run,test_a_missing_tree_is_undetermined_not_a_pass,TimeoutExpired escapes -> process crashes / test ERRORs -> recorded as a defect
A,subprocess timeout=,plugin/programs/tests/test_gate_proof_vocabulary_has_a_producer.py,117,300,yes,subprocess.run,test_a_bad_invocation_is_rc_3,TimeoutExpired escapes -> process crashes / test ERRORs -> recorded as a defect
A,subprocess timeout=,plugin/programs/tests/test_gate_proof_vocabulary_has_a_producer.py,135,900,yes,subprocess.run,test_the_shipped_tree_is_GREEN_and_the_population_is_not_empty,TimeoutExpired escapes -> process crashes / test ERRORs -> recorded as a defect
A,subprocess timeout=,plugin/programs/tests/test_gate_proof_vocabulary_has_a_producer.py,197,900,yes,subprocess.run,test_a_tree_whose_axis_is_produced_EXITS_ZERO,TimeoutExpired escapes -> process crashes / test ERRORs -> recorded as a defect
A,subprocess timeout=,plugin/programs/tests/test_gate_proof_vocabulary_has_a_producer.py,208,900,yes,subprocess.run,test_the_same_tree_with_the_name_UNPRODUCED_is_refused,TimeoutExpired escapes -> process crashes / test ERRORs -> recorded as a defect
A,subprocess timeout=,plugin/programs/tests/test_gate_red_since_check.py,244,60,yes,subprocess.run,_cli,TimeoutExpired escapes -> process crashes / test ERRORs -> recorded as a defect
A,subprocess timeout=,plugin/programs/tests/test_gate_red_since_rows.py,737,120,yes,subprocess.run,_cli,TimeoutExpired escapes -> process crashes / test ERRORs -> recorded as a defect
A,subprocess timeout=,plugin/programs/tests/test_gate_skip_routing_check.py,212,60,yes,subprocess.run,test_a_flag_only_gate_is_enumerated_exactly_like_a_positional_one,TimeoutExpired escapes -> process crashes / test ERRORs -> recorded as a defect
A,subprocess timeout=,plugin/programs/tests/test_gate_skip_routing_check.py,597,60,yes,subprocess.run,test_a_new_gate_with_an_unrouted_skip_fails_the_shipped_check,TimeoutExpired escapes -> process crashes / test ERRORs -> recorded as a defect
A,subprocess timeout=,plugin/programs/tests/test_gate_skip_routing_check.py,608,60,yes,subprocess.run,test_the_shipped_tree_is_clean_under_the_ratchet,TimeoutExpired escapes -> process crashes / test ERRORs -> recorded as a defect
A,subprocess timeout=,plugin/programs/tests/test_gate_skip_routing_check.py,622,60,yes,subprocess.run,test_the_published_residual_is_not_zero_and_says_so,TimeoutExpired escapes -> process crashes / test ERRORs -> recorded as a defect
A,subprocess timeout=,plugin/programs/tests/test_gate_skip_routing_check.py,635,60,yes,subprocess.run,test_strict_mode_fails_on_the_residual,TimeoutExpired escapes -> process crashes / test ERRORs -> recorded as a defect
A,subprocess timeout=,plugin/programs/tests/test_gate_skip_routing_check.py,684,60,yes,subprocess.run,test_marketplace_sync_missing_manifest_reaches_rc_two,TimeoutExpired escapes -> process crashes / test ERRORs -> recorded as a defect
A,subprocess timeout=,plugin/programs/tests/test_gate_skip_routing_check.py,697,60,yes,subprocess.run,test_marketplace_sync_manifest_without_plugins_array_reaches_rc_two,TimeoutExpired escapes -> process crashes / test ERRORs -> recorded as a defect
A,subprocess timeout=,plugin/programs/tests/test_gate_skip_routing_check.py,725,60,yes,subprocess.run,test_marketplace_sync_zero_comparisons_reaches_rc_two,TimeoutExpired escapes -> process crashes / test ERRORs -> recorded as a defect
A,subprocess timeout=,plugin/programs/tests/test_gate_skip_routing_check.py,750,60,yes,subprocess.run,test_marketplace_sync_still_passes_when_it_compares_something,TimeoutExpired escapes -> process crashes / test ERRORs -> recorded as a defect
A,subprocess timeout=,plugin/programs/tests/test_gate_skip_routing_check.py,774,60,yes,subprocess.run,test_marketplace_sync_still_fails_on_real_drift,TimeoutExpired escapes -> process crashes / test ERRORs -> recorded as a defect
A,subprocess timeout=,plugin/programs/tests/test_gate_skip_routing_check.py,851,60,yes,subprocess.run,test_marketplace_sync_landing_usages_are_unaffected,TimeoutExpired escapes -> process crashes / test ERRORs -> recorded as a defect
A,subprocess timeout=,plugin/programs/tests/test_gatekeeper_grades_the_prefix_control.py,50,_CEILING_S,yes,subprocess.run,_control_report,TimeoutExpired escapes -> process crashes / test ERRORs -> recorded as a defect
A,subprocess timeout=,plugin/programs/tests/test_gatekeeper_review.py,591,1.0,call-through,gk._run_program,test_a_driven_program_that_overruns_is_STOPPED,TimeoutExpired escapes -> process crashes / test ERRORs -> recorded as a defect
A,measured elapsed vs literal,plugin/programs/tests/test_gatekeeper_review.py,593,elapsed Lt 15,assert,,test_a_driven_program_that_overruns_is_STOPPED,a wall-clock number decides the test verdict
A,subprocess timeout=,plugin/programs/tests/test_gatekeeper_review.py,601,1.0,call-through,gk._run_program,test_an_overrun_is_NEVER_reported_as_a_clean_result,TimeoutExpired escapes -> process crashes / test ERRORs -> recorded as a defect
A,subprocess timeout=,plugin/programs/tests/test_gatekeeper_review.py,614,60.0,call-through,gk._run_program,test_a_program_that_finishes_INSIDE_the_bound_still_returns_its_own_rc,TimeoutExpired escapes -> process crashes / test ERRORs -> recorded as a defect
A,subprocess timeout=,plugin/programs/tests/test_gatekeeper_review.py,620,60.0,call-through,gk._run_program,test_a_program_that_finishes_INSIDE_the_bound_still_returns_its_own_rc,TimeoutExpired escapes -> process crashes / test ERRORs -> recorded as a defect
A,subprocess timeout=,plugin/programs/tests/test_gatekeeper_stamp_works_in_a_worktree.py,94,30,yes,subprocess.run,test_it_resolves_to_a_real_directory_here,TimeoutExpired escapes -> process crashes / test ERRORs -> recorded as a defect
A,subprocess timeout=,plugin/programs/tests/test_gatekeeper_stamp_works_in_a_worktree.py,107,30,yes,subprocess.run,test_a_worktree_gets_its_own_stamp_not_a_shared_one,TimeoutExpired escapes -> process crashes / test ERRORs -> recorded as a defect
A,subprocess timeout=,plugin/programs/tests/test_gds_geometry_signoff_wiring.py,168,60,yes,subprocess.run,_run,TimeoutExpired escapes -> process crashes / test ERRORs -> recorded as a defect
A,subprocess timeout=,plugin/programs/tests/test_gds_geometry_signoff_wiring.py,340,60,call-through,runner.run,_antenna_project,TimeoutExpired escapes -> process crashes / test ERRORs -> recorded as a defect
A,subprocess timeout=,plugin/programs/tests/test_gds_geometry_signoff_wiring.py,455,60,call-through,runner.run,test_density_fill_raises_a_sparse_layer_to_target,TimeoutExpired escapes -> process crashes / test ERRORs -> recorded as a defect
A,subprocess timeout=,plugin/programs/tests/test_generated_artifact_conflict_resolve.py,92,TIMEOUT,yes,subprocess.run,_run,TimeoutExpired escapes -> process crashes / test ERRORs -> recorded as a defect
A,subprocess timeout=,plugin/programs/tests/test_generated_artifact_conflict_resolve.py,99,TIMEOUT,yes,subprocess.run,_regen,TimeoutExpired escapes -> process crashes / test ERRORs -> recorded as a defect
A,subprocess timeout=,plugin/programs/tests/test_generated_artifact_conflict_resolve.py,202,TIMEOUT,yes,subprocess.run,test_green_derived_only_conflict_is_resolved,TimeoutExpired escapes -> process crashes / test ERRORs -> recorded as a defect
A,subprocess timeout=,plugin/programs/tests/test_generated_test_list_min_guard.py,47,120,yes,subprocess.run,_run,TimeoutExpired escapes -> process crashes / test ERRORs -> recorded as a defect
A,subprocess timeout=,plugin/programs/tests/test_generated_test_list_min_guard.py,174,120,yes,subprocess.run,test_reverting_the_minimum_to_an_emptiness_test_lets_the_shrunken_list_pass,TimeoutExpired escapes -> process crashes / test ERRORs -> recorded as a defect
A,subprocess timeout=,plugin/programs/tests/test_gh_cli.py,46,1,call-through,subprocess.TimeoutExpired,test_a_timeout_is_126_and_names_itself,TimeoutExpired escapes -> process crashes / test ERRORs -> recorded as a defect
A,subprocess timeout=,plugin/programs/tests/test_gh_cli.py,48,1,call-through,_gh_cli.gh,test_a_timeout_is_126_and_names_itself,TimeoutExpired escapes -> process crashes / test ERRORs -> recorded as a defect
A,subprocess timeout=,plugin/programs/tests/test_hardmacro_supply_globalconnect.py,261,60,yes,subprocess.run,_run_tclsh,TimeoutExpired escapes -> process crashes / test ERRORs -> recorded as a defect
A,subprocess timeout=,plugin/programs/tests/test_hdl_declaration_scan_strips_comments.py,38,55,yes,subprocess.run,_blob,TimeoutExpired escapes -> process crashes / test ERRORs -> recorded as a defect
A,subprocess timeout=,plugin/programs/tests/test_hdl_declaration_scan_strips_comments.py,44,55,yes,subprocess.run,_fix_sha,TimeoutExpired escapes -> process crashes / test ERRORs -> recorded as a defect
A,subprocess timeout=,plugin/programs/tests/test_hspice_lib_ngspice_normalize.py,219,60,yes,subprocess.run,_verbatim_container,TimeoutExpired escapes -> process crashes / test ERRORs -> recorded as a defect
A,subprocess timeout=,plugin/programs/tests/test_hspice_lib_ngspice_normalize.py,262,60,yes,subprocess.run,test_ngspice_fail_to_pass_incontainer,TimeoutExpired escapes -> process crashes / test ERRORs -> recorded as a defect
A,subprocess timeout=,plugin/programs/tests/test_hygiene_finding_delta.py,148,60,yes,subprocess.run,_run,TimeoutExpired escapes -> process crashes / test ERRORs -> recorded as a defect
A,subprocess timeout=,plugin/programs/tests/test_hygiene_handover_is_in_process_only.py,142,60,yes,subprocess.run,test_the_flag_is_rejected_by_the_shipped_program,TimeoutExpired escapes -> process crashes / test ERRORs -> recorded as a defect
A,subprocess timeout=,plugin/programs/tests/test_hygiene_shard_aggregate.py,46,60,yes,subprocess.run,_run,TimeoutExpired escapes -> process crashes / test ERRORs -> recorded as a defect
A,subprocess timeout=,plugin/programs/tests/test_hygiene_shard_plan.py,31,60,yes,subprocess.run,_run,TimeoutExpired escapes -> process crashes / test ERRORs -> recorded as a defect
A,subprocess timeout=,plugin/programs/tests/test_ic_expert_identity_hooks.py,26,5,yes,subprocess.run,_run,TimeoutExpired escapes -> process crashes / test ERRORs -> recorded as a defect
A,subprocess timeout=,plugin/programs/tests/test_inconclusive_manifest_is_not_a_pass.py,43,120,yes,subprocess.run,_verify,TimeoutExpired escapes -> process crashes / test ERRORs -> recorded as a defect
A,subprocess timeout=,plugin/programs/tests/test_inconclusive_manifest_is_not_a_pass.py,51,120,yes,subprocess.run,_attest,TimeoutExpired escapes -> process crashes / test ERRORs -> recorded as a defect
A,subprocess timeout=,plugin/programs/tests/test_input_doc_pdk_claim_vs_installed_pdk.py,641,60,yes,subprocess.run,_cli,TimeoutExpired escapes -> process crashes / test ERRORs -> recorded as a defect
A,subprocess timeout=,plugin/programs/tests/test_interface_encoding_audit_vacuous.py,43,45,yes,subprocess.run,_run,TimeoutExpired escapes -> process crashes / test ERRORs -> recorded as a defect
A,subprocess timeout=,plugin/programs/tests/test_invocation_proved_by_parse_not_by_text.py,99,300,yes,subprocess.run,_run,TimeoutExpired escapes -> process crashes / test ERRORs -> recorded as a defect
A,subprocess timeout=,plugin/programs/tests/test_invocation_proved_by_parse_not_by_text.py,152,300,yes,subprocess.run,test_a_missing_tree_is_undetermined_not_a_pass,TimeoutExpired escapes -> process crashes / test ERRORs -> recorded as a defect
A,subprocess timeout=,plugin/programs/tests/test_invocation_proved_by_parse_not_by_text.py,158,300,yes,subprocess.run,test_a_bad_invocation_is_rc_3,TimeoutExpired escapes -> process crashes / test ERRORs -> recorded as a defect
A,subprocess timeout=,plugin/programs/tests/test_invocation_proved_by_parse_not_by_text.py,167,1800,yes,subprocess.run,test_the_shipped_tree_passes_its_own_rule,TimeoutExpired escapes -> process crashes / test ERRORs -> recorded as a defect
A,subprocess timeout=,plugin/programs/tests/test_issue1001_audit_that_measured_nothing_refuses.py,160,_ONE_CALL_S,yes,subprocess.run,test_empty_project_refuses_in_the_artefact_and_still_exits_1,TimeoutExpired escapes -> process crashes / test ERRORs -> recorded as a defect
A,subprocess timeout=,plugin/programs/tests/test_issue1001_audit_that_measured_nothing_refuses.py,199,_THREE_CALL_S,yes,subprocess.run,test_the_refused_artefact_is_no_longer_read_as_a_step_internal_fail,TimeoutExpired escapes -> process crashes / test ERRORs -> recorded as a defect
A,subprocess timeout=,plugin/programs/tests/test_issue1001_audit_that_measured_nothing_refuses.py,208,_THREE_CALL_S,yes,subprocess.run,test_the_refused_artefact_is_no_longer_read_as_a_step_internal_fail,TimeoutExpired escapes -> process crashes / test ERRORs -> recorded as a defect
A,subprocess timeout=,plugin/programs/tests/test_issue1001_audit_that_measured_nothing_refuses.py,219,_THREE_CALL_S,yes,subprocess.run,test_the_refused_artefact_is_no_longer_read_as_a_step_internal_fail,TimeoutExpired escapes -> process crashes / test ERRORs -> recorded as a defect
A,subprocess timeout=,plugin/programs/tests/test_issue1025_empty_corpus_sweep_blocks.py,62,55,yes,subprocess.run,_gate,TimeoutExpired escapes -> process crashes / test ERRORs -> recorded as a defect
A,subprocess timeout=,plugin/programs/tests/test_issue1025_empty_corpus_sweep_blocks.py,197,55,yes,subprocess.run,_suite,TimeoutExpired escapes -> process crashes / test ERRORs -> recorded as a defect
A,subprocess timeout=,plugin/programs/tests/test_issue1025_pin_check_survives_being_killed.py,90,60,call-through,proc.wait,test_sigterm_inside_the_mutation_window_restores_the_file,TimeoutExpired escapes -> process crashes / test ERRORs -> recorded as a defect
A,subprocess timeout=,plugin/programs/tests/test_issue1025_sweep_reports_its_own_vacuity.py,118,_BOUND_S,yes,subprocess.run,_run,TimeoutExpired escapes -> process crashes / test ERRORs -> recorded as a defect
A,subprocess timeout=,plugin/programs/tests/test_issue1025_vacuous_sweep_cannot_write_a_baseline.py,106,_GATE_TIMEOUT_S,yes,subprocess.run,_run,TimeoutExpired escapes -> process crashes / test ERRORs -> recorded as a defect
A,subprocess timeout=,plugin/programs/tests/test_issue1029_the_killer_must_clean_up.py,117,3.0,call-through,_drive_and_repair,test_a_gate_sigkilled_mid_write_is_undone_by_the_process_that_killed_it,TimeoutExpired escapes -> process crashes / test ERRORs -> recorded as a defect
A,subprocess timeout=,plugin/programs/tests/test_issue1029_the_killer_must_clean_up.py,154,3.0,call-through,_drive_and_repair,test_a_path_already_dirty_before_the_drive_is_never_touched,TimeoutExpired escapes -> process crashes / test ERRORs -> recorded as a defect
A,subprocess timeout=,plugin/programs/tests/test_issue1029_the_killer_must_clean_up.py,169,_T,call-through,_drive_and_repair,test_an_untracked_path_is_named_and_not_deleted,TimeoutExpired escapes -> process crashes / test ERRORs -> recorded as a defect
A,subprocess timeout=,plugin/programs/tests/test_issue1029_the_killer_must_clean_up.py,180,_T,call-through,_drive_and_repair,test_a_read_only_gate_produces_no_finding,TimeoutExpired escapes -> process crashes / test ERRORs -> recorded as a defect
A,subprocess timeout=,plugin/programs/tests/test_issue1029_the_killer_must_clean_up.py,192,_T,call-through,_drive_and_repair,test_a_gate_that_restores_cleanly_produces_no_finding,TimeoutExpired escapes -> process crashes / test ERRORs -> recorded as a defect
A,subprocess timeout=,plugin/programs/tests/test_issue1035_five_gates_declare_where_they_are_enforced.py,163,60,yes,subprocess.run,test_the_audit_exits_zero_and_names_none_of_the_five,TimeoutExpired escapes -> process crashes / test ERRORs -> recorded as a defect
A,subprocess timeout=,plugin/programs/tests/test_issue1076_input_doc_pdk_claim_is_reachable_from_ci.py,63,_BOUND_S,yes,subprocess.run,_cli,TimeoutExpired escapes -> process crashes / test ERRORs -> recorded as a defect
A,subprocess timeout=,plugin/programs/tests/test_issue1079_step_input_scope.py,79,120,call-through,?,_run,TimeoutExpired escapes -> process crashes / test ERRORs -> recorded as a defect
A,subprocess timeout=,plugin/programs/tests/test_issue1079_step_input_scope.py,140,120,call-through,?,test_a_non_python_child_is_not_covered,TimeoutExpired escapes -> process crashes / test ERRORs -> recorded as a defect
A,subprocess timeout=,plugin/programs/tests/test_issue1079_step_input_scope.py,163,120,call-through,?,test_a_child_that_skips_site_is_not_covered,TimeoutExpired escapes -> process crashes / test ERRORs -> recorded as a defect
A,subprocess timeout=,plugin/programs/tests/test_issue1080_step_metrics.py,63,_SUBPROC_S,yes,subprocess.run,_run,TimeoutExpired escapes -> process crashes / test ERRORs -> recorded as a defect
A,subprocess timeout=,plugin/programs/tests/test_issue1080_step_metrics.py,247,_SUBPROC_S,yes,subprocess.run,test_the_wired_gate_emits_its_own_metric,TimeoutExpired escapes -> process crashes / test ERRORs -> recorded as a defect
A,subprocess timeout=,plugin/programs/tests/test_issue1080_step_metrics.py,261,_SUBPROC_S,yes,subprocess.run,test_the_metrics_sink_cannot_change_the_gate_s_verdict,TimeoutExpired escapes -> process crashes / test ERRORs -> recorded as a defect
A,subprocess timeout=,plugin/programs/tests/test_issue1080_step_metrics.py,269,_SUBPROC_S,yes,subprocess.run,test_the_metrics_sink_cannot_change_the_gate_s_verdict,TimeoutExpired escapes -> process crashes / test ERRORs -> recorded as a defect
A,subprocess timeout=,plugin/programs/tests/test_issue110_antenna_stock_escalation_converge.py,90,60,yes,subprocess.run,_run,TimeoutExpired escapes -> process crashes / test ERRORs -> recorded as a defect
A,subprocess timeout=,plugin/programs/tests/test_issue1115b_three_channel_repairs.py,49,_T,yes,subprocess.run,_run,TimeoutExpired escapes -> process crashes / test ERRORs -> recorded as a defect
A,subprocess timeout=,plugin/programs/tests/test_issue1115c_perc_passes_zero_categories.py,45,_T,yes,subprocess.run,_run,TimeoutExpired escapes -> process crashes / test ERRORs -> recorded as a defect
A,subprocess timeout=,plugin/programs/tests/test_issue1128_image_gated_verifications.py,161,30,call-through,G.image_is_readable,test_the_probe_performs_the_same_read_the_gated_tests_perform,TimeoutExpired escapes -> process crashes / test ERRORs -> recorded as a defect
A,subprocess timeout=,plugin/programs/tests/test_issue1129_gatekeeper_prepare_landing.py,347,55,yes,subprocess.run,_land,TimeoutExpired escapes -> process crashes / test ERRORs -> recorded as a defect
A,subprocess timeout=,plugin/programs/tests/test_issue1130_wiring_population_parity.py,215,55,yes,subprocess.run,test_the_wiring_gates_state_their_denominator_on_a_clean_run,TimeoutExpired escapes -> process crashes / test ERRORs -> recorded as a defect
A,subprocess timeout=,plugin/programs/tests/test_issue1144_shard_aggregate.py,46,60,yes,subprocess.run,_run,TimeoutExpired escapes -> process crashes / test ERRORs -> recorded as a defect
A,subprocess timeout=,plugin/programs/tests/test_issue1181_ci_sweep_has_an_aggregate_bound.py,66,60,call-through,G.audit_ci,test_the_sweep_stops_at_its_budget,TimeoutExpired escapes -> process crashes / test ERRORs -> recorded as a defect
A,measured elapsed vs literal,plugin/programs/tests/test_issue1181_ci_sweep_has_an_aggregate_bound.py,70,elapsed Lt 20,assert,,test_the_sweep_stops_at_its_budget,a wall-clock number decides the test verdict
A,subprocess timeout=,plugin/programs/tests/test_issue1181_ci_sweep_has_an_aggregate_bound.py,78,60,call-through,G.audit_ci,test_a_truncated_sweep_is_NOT_CHECKED_and_never_PASS,TimeoutExpired escapes -> process crashes / test ERRORs -> recorded as a defect
A,subprocess timeout=,plugin/programs/tests/test_issue1181_ci_sweep_has_an_aggregate_bound.py,86,60,call-through,G.audit_ci,test_the_dropped_gates_are_NAMED_not_merely_counted,TimeoutExpired escapes -> process crashes / test ERRORs -> recorded as a defect
A,subprocess timeout=,plugin/programs/tests/test_issue1181_ci_sweep_has_an_aggregate_bound.py,96,60,call-through,G.audit_ci,test_an_untruncated_sweep_still_PASSES,TimeoutExpired escapes -> process crashes / test ERRORs -> recorded as a defect
A,subprocess timeout=,plugin/programs/tests/test_issue1181_ci_sweep_has_an_aggregate_bound.py,105,60,call-through,G.audit_ci,test_no_budget_is_the_previous_behaviour,TimeoutExpired escapes -> process crashes / test ERRORs -> recorded as a defect
A,subprocess timeout=,plugin/programs/tests/test_issue1181_ci_sweep_has_an_aggregate_bound.py,125,60,call-through,G.audit_ci,test_a_FINDING_outranks_truncation,TimeoutExpired escapes -> process crashes / test ERRORs -> recorded as a defect
A,subprocess timeout=,plugin/programs/tests/test_issue1181_ci_sweep_has_an_aggregate_bound.py,137,60,yes,subprocess.run,test_the_cli_exits_2_on_a_truncated_sweep,TimeoutExpired escapes -> process crashes / test ERRORs -> recorded as a defect
A,subprocess timeout=,plugin/programs/tests/test_issue1181_ci_sweep_has_an_aggregate_bound.py,149,60,yes,subprocess.run,test_the_json_record_discloses_truncation,TimeoutExpired escapes -> process crashes / test ERRORs -> recorded as a defect
A,subprocess timeout=,plugin/programs/tests/test_issue1181_ci_sweep_has_an_aggregate_bound.py,165,60,call-through,G.audit_ci,test_one_slow_gate_cannot_outlive_the_budget,TimeoutExpired escapes -> process crashes / test ERRORs -> recorded as a defect
A,measured elapsed vs literal,plugin/programs/tests/test_issue1181_ci_sweep_has_an_aggregate_bound.py,167,elapsed Lt 15,assert,,test_one_slow_gate_cannot_outlive_the_budget,a wall-clock number decides the test verdict
A,subprocess timeout=,plugin/programs/tests/test_issue1181_probe_budget_and_summary.py,140,_T,yes,subprocess.run,test_a_bound_the_work_fits_restores_the_summary,TimeoutExpired escapes -> process crashes / test ERRORs -> recorded as a defect
A,subprocess timeout=,plugin/programs/tests/test_issue1181_probe_budget_and_summary.py,212,30,call-through,G.audit_ci,test_an_exhausted_budget_is_a_NAMED_finding_not_a_quiet_shrink,TimeoutExpired escapes -> process crashes / test ERRORs -> recorded as a defect
A,subprocess timeout=,plugin/programs/tests/test_issue1181_probe_budget_and_summary.py,222,30,call-through,G.audit_ci,test_an_exhausted_budget_is_a_NAMED_finding_not_a_quiet_shrink,TimeoutExpired escapes -> process crashes / test ERRORs -> recorded as a defect
A,subprocess timeout=,plugin/programs/tests/test_issue1181_probe_budget_and_summary.py,249,30,call-through,G.audit_ci,test_a_generous_budget_does_not_fire,TimeoutExpired escapes -> process crashes / test ERRORs -> recorded as a defect
A,subprocess timeout=,plugin/programs/tests/test_issue1202_a_withdrawal_is_not_a_repair.py,71,_GATE_TIMEOUT_S,yes,subprocess.run,_run,TimeoutExpired escapes -> process crashes / test ERRORs -> recorded as a defect
A,subprocess timeout=,plugin/programs/tests/test_issue1223_the_population_is_the_artefact_not_the_name.py,69,_GATE_TIMEOUT_S,yes,subprocess.run,_run,TimeoutExpired escapes -> process crashes / test ERRORs -> recorded as a defect
A,subprocess timeout=,plugin/programs/tests/test_issue1235_coverage_gate_declares_where_it_is_enforced.py,121,60,yes,subprocess.run,test_the_audit_exits_zero_and_names_this_gate_as_neither_kind_of_debt,TimeoutExpired escapes -> process crashes / test ERRORs -> recorded as a defect
A,subprocess timeout=,plugin/programs/tests/test_issue1235_coverage_gate_declares_where_it_is_enforced.py,152,60,yes,subprocess.run,test_the_gate_still_exits_nonzero_when_the_report_is_missing,TimeoutExpired escapes -> process crashes / test ERRORs -> recorded as a defect
A,subprocess timeout=,plugin/programs/tests/test_issue1236_vacuous_tb_not_applicable_is_not_a_pass.py,99,_T,yes,subprocess.run,_run,TimeoutExpired escapes -> process crashes / test ERRORs -> recorded as a defect
A,subprocess timeout=,plugin/programs/tests/test_issue1241_problem_integrity_takes_a_corpus.py,244,120,yes,subprocess.run,test_an_internal_error_is_never_rc_1,TimeoutExpired escapes -> process crashes / test ERRORs -> recorded as a defect
A,subprocess timeout=,plugin/programs/tests/test_issue1241_refusal_names_no_flag_the_gate_lacks.py,129,120,yes,subprocess.run,test_no_program_tells_the_reader_to_pass_a_flag_it_does_not_have,TimeoutExpired escapes -> process crashes / test ERRORs -> recorded as a defect
A,subprocess timeout=,plugin/programs/tests/test_issue1241_refusal_names_no_flag_the_gate_lacks.py,134,120,yes,subprocess.run,test_no_program_tells_the_reader_to_pass_a_flag_it_does_not_have,TimeoutExpired escapes -> process crashes / test ERRORs -> recorded as a defect
A,subprocess timeout=,plugin/programs/tests/test_issue1241_refusal_names_no_flag_the_gate_lacks.py,153,120,yes,subprocess.run,test_the_gate_that_does_offer_the_flag_still_names_it,TimeoutExpired escapes -> process crashes / test ERRORs -> recorded as a defect
A,subprocess timeout=,plugin/programs/tests/test_issue1241_vendored_attribution_wired.py,71,_CEILING_S,yes,subprocess.run,audit_report,TimeoutExpired escapes -> process crashes / test ERRORs -> recorded as a defect
A,subprocess timeout=,plugin/programs/tests/test_issue1241_vendored_attribution_wired.py,109,_CEILING_S,yes,subprocess.run,test_the_audit_returns_a_clean_verdict,TimeoutExpired escapes -> process crashes / test ERRORs -> recorded as a defect
A,subprocess timeout=,plugin/programs/tests/test_issue1254_a_gate_that_could_not_look_must_not_pass.py,83,_GIT_TIMEOUT,yes,subprocess.run,_repo,TimeoutExpired escapes -> process crashes / test ERRORs -> recorded as a defect
A,subprocess timeout=,plugin/programs/tests/test_issue1254_a_gate_that_could_not_look_must_not_pass.py,141,_GIT_TIMEOUT,yes,subprocess.run,test_REVERSE_a_present_tree_with_nothing_changed_still_passes,TimeoutExpired escapes -> process crashes / test ERRORs -> recorded as a defect
A,subprocess timeout=,plugin/programs/tests/test_issue1254_a_gate_that_could_not_look_must_not_pass.py,143,_GIT_TIMEOUT,yes,subprocess.run,test_REVERSE_a_present_tree_with_nothing_changed_still_passes,TimeoutExpired escapes -> process crashes / test ERRORs -> recorded as a defect
A,subprocess timeout=,plugin/programs/tests/test_issue1254_a_gate_that_could_not_look_must_not_pass.py,256,60,yes,subprocess.run,_drive_hook,TimeoutExpired escapes -> process crashes / test ERRORs -> recorded as a defect
A,subprocess timeout=,plugin/programs/tests/test_issue1270_skill_only_reason_is_read.py,93,_CLI_S,yes,subprocess.run,_cli,TimeoutExpired escapes -> process crashes / test ERRORs -> recorded as a defect
A,subprocess timeout=,plugin/programs/tests/test_issue1283_probe_timeout_is_not_absence.py,81,7,call-through,NV.probe,_probe_with,TimeoutExpired escapes -> process crashes / test ERRORs -> recorded as a defect
A,subprocess timeout=,plugin/programs/tests/test_issue1283_probe_timeout_is_not_absence.py,236,60,yes,subprocess.run,_child_session,TimeoutExpired escapes -> process crashes / test ERRORs -> recorded as a defect
A,subprocess timeout=,plugin/programs/tests/test_issue1347_ppa_pr_scope_is_wired_into_the_merge_gate.py,308,_CHILD_TIMEOUT_S,call-through,_s.run,test_the_checker_really_exits_3_on_a_bad_invocation,TimeoutExpired escapes -> process crashes / test ERRORs -> recorded as a defect
A,subprocess timeout=,plugin/programs/tests/test_issue1347_slot_pad_budget_is_wired_into_the_flow.py,529,_CHILD_TIMEOUT_S,yes,subprocess.run,test_the_usage_tier_is_distinct_from_the_vacuous_one,TimeoutExpired escapes -> process crashes / test ERRORs -> recorded as a defect
A,subprocess timeout=,plugin/programs/tests/test_issue1347_slot_pad_budget_is_wired_into_the_flow.py,541,_CHILD_TIMEOUT_S,yes,subprocess.run,test_help_still_exits_zero_so_wrappers_do_not_read_it_as_failure,TimeoutExpired escapes -> process crashes / test ERRORs -> recorded as a defect
A,subprocess timeout=,plugin/programs/tests/test_issue1382_census_timeout_keeps_its_promise.py,62,2,yes,subprocess.run,test_a_timed_out_child_never_runs_its_finally,TimeoutExpired escapes -> process crashes / test ERRORs -> recorded as a defect
A,subprocess timeout=,plugin/programs/tests/test_issue1382_census_timeout_keeps_its_promise.py,84,60,yes,subprocess.run,repo,TimeoutExpired escapes -> process crashes / test ERRORs -> recorded as a defect
A,subprocess timeout=,plugin/programs/tests/test_issue1391_thrash_guard_watches_a_path_that_exists.py,61,_GIT_TIMEOUT,yes,subprocess.run,_git,TimeoutExpired escapes -> process crashes / test ERRORs -> recorded as a defect
A,subprocess timeout=,plugin/programs/tests/test_issue1391_thrash_guard_watches_a_path_that_exists.py,142,_GIT_TIMEOUT,yes,subprocess.run,test_a_real_staged_flip_is_rejected,TimeoutExpired escapes -> process crashes / test ERRORs -> recorded as a defect
A,subprocess timeout=,plugin/programs/tests/test_issue1391_thrash_guard_watches_a_path_that_exists.py,174,_GIT_TIMEOUT,yes,subprocess.run,test_an_acknowledged_flip_is_still_allowed,TimeoutExpired escapes -> process crashes / test ERRORs -> recorded as a defect
A,subprocess timeout=,plugin/programs/tests/test_issue1411_landing_wiring_and_rev_range.py,71,_TIMEOUT_S,yes,subprocess.run,_run,TimeoutExpired escapes -> process crashes / test ERRORs -> recorded as a defect
A,subprocess timeout=,plugin/programs/tests/test_issue1411_landing_wiring_and_rev_range.py,78,_TIMEOUT_S,yes,subprocess.run,_repo,TimeoutExpired escapes -> process crashes / test ERRORs -> recorded as a defect
A,subprocess timeout=,plugin/programs/tests/test_issue1412_replay_reads_the_cell_not_the_session.py,100,_T,yes,subprocess.run,_raw_pytest_rc,TimeoutExpired escapes -> process crashes / test ERRORs -> recorded as a defect
A,subprocess timeout=,plugin/programs/tests/test_issue1424_landing_gate_reaches_every_test_tree.py,83,_BOUND,yes,subprocess.run,_run,TimeoutExpired escapes -> process crashes / test ERRORs -> recorded as a defect
A,subprocess timeout=,plugin/programs/tests/test_issue1437_absent_iverilog_reaches_a_declared_verdict.py,183,30,call-through,M.run,test_gates_atomic_run_returns_127_not_a_traceback,TimeoutExpired escapes -> process crashes / test ERRORs -> recorded as a defect
A,subprocess timeout=,plugin/programs/tests/test_issue1437_absent_iverilog_reaches_a_declared_verdict.py,475,0,call-through,C.emit_would_be_blocked,test_a_clean_look_and_a_failed_look_are_not_the_same_value,TimeoutExpired escapes -> process crashes / test ERRORs -> recorded as a defect
A,subprocess timeout=,plugin/programs/tests/test_issue1437_absent_iverilog_reaches_a_declared_verdict.py,481,0,call-through,C.emit_block_report,test_a_clean_look_and_a_failed_look_are_not_the_same_value,TimeoutExpired escapes -> process crashes / test ERRORs -> recorded as a defect
A,subprocess timeout=,plugin/programs/tests/test_issue1446_scratch_root_guard.py,99,_BOUND,yes,subprocess.run,_a_work_tree,TimeoutExpired escapes -> process crashes / test ERRORs -> recorded as a defect
A,subprocess timeout=,plugin/programs/tests/test_issue1446_scratch_root_guard.py,130,_BOUND,yes,subprocess.run,_run_pytest,TimeoutExpired escapes -> process crashes / test ERRORs -> recorded as a defect
A,subprocess timeout=,plugin/programs/tests/test_issue1446_scratch_root_guard.py,273,_BOUND,yes,subprocess.run,test_the_cli_preflight_answers_the_same_question_as_the_hook,TimeoutExpired escapes -> process crashes / test ERRORs -> recorded as a defect
A,subprocess timeout=,plugin/programs/tests/test_issue1446_scratch_root_guard.py,280,_BOUND,yes,subprocess.run,test_the_cli_preflight_answers_the_same_question_as_the_hook,TimeoutExpired escapes -> process crashes / test ERRORs -> recorded as a defect
A,subprocess timeout=,plugin/programs/tests/test_issue1446_scratch_root_guard.py,292,_BOUND,yes,subprocess.run,test_the_cli_preflight_answers_the_same_question_as_the_hook,TimeoutExpired escapes -> process crashes / test ERRORs -> recorded as a defect
A,subprocess timeout=,plugin/programs/tests/test_issue1446_scratch_root_guard.py,367,_BOUND,yes,subprocess.run,_cli,TimeoutExpired escapes -> process crashes / test ERRORs -> recorded as a defect
A,subprocess timeout=,plugin/programs/tests/test_issue1476_nda_gate_cannot_be_blinded_by_one_byte.py,245,60,yes,subprocess.run,test_the_pass_banner_names_the_NDA_denominator,TimeoutExpired escapes -> process crashes / test ERRORs -> recorded as a defect
A,subprocess timeout=,plugin/programs/tests/test_issue1476_nda_gate_cannot_be_blinded_by_one_byte.py,270,60,yes,subprocess.run,test_an_unreadable_file_is_not_a_pass,TimeoutExpired escapes -> process crashes / test ERRORs -> recorded as a defect
A,subprocess timeout=,plugin/programs/tests/test_issue1498_hygiene_subset_rule_is_wired.py,546,_T,yes,subprocess.run,_cli,TimeoutExpired escapes -> process crashes / test ERRORs -> recorded as a defect
A,subprocess timeout=,plugin/programs/tests/test_issue1498_hygiene_subset_rule_is_wired.py,621,_T,yes,subprocess.run,test_end_to_end_the_record_says_when_it_was_not_asked,TimeoutExpired escapes -> process crashes / test ERRORs -> recorded as a defect
A,subprocess timeout=,plugin/programs/tests/test_issue1538_added_vs_pre_existing_ic_level_entries.py,79,_TIMEOUT,yes,subprocess.run,_git,TimeoutExpired escapes -> process crashes / test ERRORs -> recorded as a defect
A,subprocess timeout=,plugin/programs/tests/test_issue1538_added_vs_pre_existing_ic_level_entries.py,124,_TIMEOUT,yes,subprocess.run,_run,TimeoutExpired escapes -> process crashes / test ERRORs -> recorded as a defect
A,subprocess timeout=,plugin/programs/tests/test_issue1704_a_shrink_needs_a_stated_reason.py,102,60,yes,subprocess.run,_run,TimeoutExpired escapes -> process crashes / test ERRORs -> recorded as a defect
A,subprocess timeout=,plugin/programs/tests/test_issue1710_corpus_b_gates_find_the_moved_corpus.py,85,_GATE_TIMEOUT_S,yes,subprocess.run,_run,TimeoutExpired escapes -> process crashes / test ERRORs -> recorded as a defect
A,subprocess timeout=,plugin/programs/tests/test_issue1710_corpus_b_gates_find_the_moved_corpus.py,91,60,yes,subprocess.run,_git,TimeoutExpired escapes -> process crashes / test ERRORs -> recorded as a defect
A,subprocess timeout=,plugin/programs/tests/test_issue1710_corpus_reading_gates_find_the_moved_corpus.py,80,float('inf'),call-through,?,_atomic_owned,TimeoutExpired escapes -> process crashes / test ERRORs -> recorded as a defect
A,subprocess timeout=,plugin/programs/tests/test_issue1710_corpus_reading_gates_find_the_moved_corpus.py,239,1,call-through,?,test_atomic_api_rejects_a_progress_log_before_launch,TimeoutExpired escapes -> process crashes / test ERRORs -> recorded as a defect
A,subprocess timeout=,plugin/programs/tests/test_issue1710_evidence_gate_finds_the_moved_corpus.py,67,60,yes,subprocess.run,_run,TimeoutExpired escapes -> process crashes / test ERRORs -> recorded as a defect
A,subprocess timeout=,plugin/programs/tests/test_issue1710_evidence_index_after_the_corpus_moved.py,80,60,yes,subprocess.run,_run,TimeoutExpired escapes -> process crashes / test ERRORs -> recorded as a defect
A,subprocess timeout=,plugin/programs/tests/test_issue1710_symlink_gates_find_the_moved_corpus.py,74,60,yes,subprocess.run,_run,TimeoutExpired escapes -> process crashes / test ERRORs -> recorded as a defect
A,subprocess timeout=,plugin/programs/tests/test_issue1710_symlink_gates_find_the_moved_corpus.py,84,60,yes,subprocess.run,_git,TimeoutExpired escapes -> process crashes / test ERRORs -> recorded as a defect
A,subprocess timeout=,plugin/programs/tests/test_issue1710_symlink_gates_find_the_moved_corpus.py,374,60,yes,subprocess.run,_corpus_with_one_absolute_symlink,TimeoutExpired escapes -> process crashes / test ERRORs -> recorded as a defect
A,subprocess timeout=,plugin/programs/tests/test_issue193_custom_pdk_primary_selection_ngspice.py,346,60,yes,subprocess.run,_simulate,TimeoutExpired escapes -> process crashes / test ERRORs -> recorded as a defect
A,subprocess timeout=,plugin/programs/tests/test_issue204_dashboard_daemon_no_leak.py,153,5,call-through,proc.wait,_dashboard_daemon,TimeoutExpired escapes -> process crashes / test ERRORs -> recorded as a defect
A,subprocess timeout=,plugin/programs/tests/test_issue204_dashboard_daemon_no_leak.py,218,5,call-through,urllib.request.urlopen,test_two_dashboards_serve_on_distinct_ports,TimeoutExpired escapes -> process crashes / test ERRORs -> recorded as a defect
A,subprocess timeout=,plugin/programs/tests/test_issue204_dashboard_daemon_no_leak.py,245,5,call-through,urllib.request.urlopen,test_serve_records_actual_port_for_port_zero,TimeoutExpired escapes -> process crashes / test ERRORs -> recorded as a defect
A,subprocess timeout=,plugin/programs/tests/test_issue209_testbench_gen_not_vacuous.py,177,60,yes,subprocess.run,_simulate,TimeoutExpired escapes -> process crashes / test ERRORs -> recorded as a defect
A,subprocess timeout=,plugin/programs/tests/test_issue209_testbench_gen_not_vacuous.py,183,60,yes,subprocess.run,_simulate,TimeoutExpired escapes -> process crashes / test ERRORs -> recorded as a defect
A,subprocess timeout=,plugin/programs/tests/test_issue235_at_speed_atpg_disclosure.py,634,60,yes,subprocess.run,_fcc,TimeoutExpired escapes -> process crashes / test ERRORs -> recorded as a defect
A,subprocess timeout=,plugin/programs/tests/test_issue295_dpl_escalating_legalize.py,56,60,yes,subprocess.run,_run,TimeoutExpired escapes -> process crashes / test ERRORs -> recorded as a defect
A,subprocess timeout=,plugin/programs/tests/test_issue295_dpl_escalating_legalize.py,84,60,yes,subprocess.run,test_295_negative_control_pre_fix_behaviour_would_not_recover,TimeoutExpired escapes -> process crashes / test ERRORs -> recorded as a defect
A,subprocess timeout=,plugin/programs/tests/test_issue295_dpl_escalating_legalize.py,126,60,yes,subprocess.run,test_295_generated_tcl_is_syntactically_valid,TimeoutExpired escapes -> process crashes / test ERRORs -> recorded as a defect
A,subprocess timeout=,plugin/programs/tests/test_issue295_dpl_escalating_legalize.py,205,60,yes,subprocess.run,_run_fulldie,TimeoutExpired escapes -> process crashes / test ERRORs -> recorded as a defect
A,subprocess timeout=,plugin/programs/tests/test_issue295_dpl_escalating_legalize.py,263,60,yes,subprocess.run,test_337_common_path_never_reaches_the_full_die_rung,TimeoutExpired escapes -> process crashes / test ERRORs -> recorded as a defect
A,subprocess timeout=,plugin/programs/tests/test_issue295_dpl_escalating_legalize.py,282,60,yes,subprocess.run,test_296_emitted_post_hold_ladder_executes_and_recovers,TimeoutExpired escapes -> process crashes / test ERRORs -> recorded as a defect
A,subprocess timeout=,plugin/programs/tests/test_issue306_register_paydown.py,94,60,yes,subprocess.run,test_306_shipped_tree_is_green_against_its_register,TimeoutExpired escapes -> process crashes / test ERRORs -> recorded as a defect
A,subprocess timeout=,plugin/programs/tests/test_issue312_ai_subtrack_convergence.py,93,60,yes,subprocess.run,_run_track,TimeoutExpired escapes -> process crashes / test ERRORs -> recorded as a defect
A,subprocess timeout=,plugin/programs/tests/test_issue312_expert_parse_track_nvm_program_supply.py,377,60,yes,subprocess.run,_run_track,TimeoutExpired escapes -> process crashes / test ERRORs -> recorded as a defect
A,subprocess timeout=,plugin/programs/tests/test_issue316_gate_enforcement_baseline.py,34,60,yes,subprocess.run,_run,TimeoutExpired escapes -> process crashes / test ERRORs -> recorded as a defect
A,subprocess timeout=,plugin/programs/tests/test_issue316_layergates_on_published_cells.py,83,60,yes,subprocess.run,_run,TimeoutExpired escapes -> process crashes / test ERRORs -> recorded as a defect
A,subprocess timeout=,plugin/programs/tests/test_issue440_benchmark_evidence_index.py,107,60,yes,subprocess.run,_run,TimeoutExpired escapes -> process crashes / test ERRORs -> recorded as a defect
A,subprocess timeout=,plugin/programs/tests/test_issue449_nda_gates_refuse_an_empty_range.py,35,60,yes,subprocess.run,_run,TimeoutExpired escapes -> process crashes / test ERRORs -> recorded as a defect
A,subprocess timeout=,plugin/programs/tests/test_issue449_nda_gates_refuse_an_empty_range.py,96,60,yes,subprocess.run,test_empty_STDIN_is_still_allowed,TimeoutExpired escapes -> process crashes / test ERRORs -> recorded as a defect
A,subprocess timeout=,plugin/programs/tests/test_issue454_value_blocklist_and_name_gate_honesty.py,90,60,yes,subprocess.run,_run_cov_gate,TimeoutExpired escapes -> process crashes / test ERRORs -> recorded as a defect
A,subprocess timeout=,plugin/programs/tests/test_issue489_lvs_report_check_argv.py,65,60,yes,subprocess.run,_run,TimeoutExpired escapes -> process crashes / test ERRORs -> recorded as a defect
A,subprocess timeout=,plugin/programs/tests/test_issue490_drc_report_check_argv.py,89,60,yes,subprocess.run,_run,TimeoutExpired escapes -> process crashes / test ERRORs -> recorded as a defect
A,subprocess timeout=,plugin/programs/tests/test_issue490_drc_report_check_argv.py,616,60,yes,subprocess.run,test_the_docstring_does_not_claim_an_enforcement_tier_it_lacks,TimeoutExpired escapes -> process crashes / test ERRORs -> recorded as a defect
A,subprocess timeout=,plugin/programs/tests/test_issue492_gate_argv_conversions.py,143,60,yes,subprocess.run,test_every_adapter_produces_an_argv_its_gate_actually_accepts,TimeoutExpired escapes -> process crashes / test ERRORs -> recorded as a defect
A,subprocess timeout=,plugin/programs/tests/test_issue492_gate_argv_conversions.py,201,60,yes,subprocess.run,test_unreadable_rtl_file_is_not_reported_as_a_design_failure,TimeoutExpired escapes -> process crashes / test ERRORs -> recorded as a defect
A,subprocess timeout=,plugin/programs/tests/test_issue492_gate_argv_conversions.py,218,60,yes,subprocess.run,test_denominator_excludes_files_the_gate_could_not_read,TimeoutExpired escapes -> process crashes / test ERRORs -> recorded as a defect
A,subprocess timeout=,plugin/programs/tests/test_issue492_gate_argv_conversions.py,233,60,yes,subprocess.run,test_sibling_denominator_also_counts_only_what_it_read,TimeoutExpired escapes -> process crashes / test ERRORs -> recorded as a defect
A,subprocess timeout=,plugin/programs/tests/test_issue492_gate_argv_conversions.py,267,60,yes,subprocess.run,test_examined_nothing_is_rc2_not_pass,TimeoutExpired escapes -> process crashes / test ERRORs -> recorded as a defect
A,subprocess timeout=,plugin/programs/tests/test_issue492_gate_argv_conversions.py,281,60,yes,subprocess.run,test_examined_nothing_reads_as_a_genuine_skip_not_a_caller_defect,TimeoutExpired escapes -> process crashes / test ERRORs -> recorded as a defect
A,subprocess timeout=,plugin/programs/tests/test_issue494_readonly_gate_no_default_write.py,400,60,yes,subprocess.run,test_umbrella_argv_produces_no_tmp_artifact,TimeoutExpired escapes -> process crashes / test ERRORs -> recorded as a defect
A,subprocess timeout=,plugin/programs/tests/test_issue496_zero_denominator_gates.py,55,60,yes,subprocess.run,_run,TimeoutExpired escapes -> process crashes / test ERRORs -> recorded as a defect
A,subprocess timeout=,plugin/programs/tests/test_issue496_zero_denominator_gates.py,70,60,yes,subprocess.run,_summary,TimeoutExpired escapes -> process crashes / test ERRORs -> recorded as a defect
A,subprocess timeout=,plugin/programs/tests/test_issue496_zero_denominator_gates.py,455,60,yes,subprocess.run,test_l12_reports_a_real_denominator_when_given_its_input,TimeoutExpired escapes -> process crashes / test ERRORs -> recorded as a defect
A,subprocess timeout=,plugin/programs/tests/test_issue497_step3_reasons_is_a_derived_view.py,97,60,call-through,_rec,test_the_timeout_fail_has_no_message_separator,TimeoutExpired escapes -> process crashes / test ERRORs -> recorded as a defect
A,subprocess timeout=,plugin/programs/tests/test_issue511_empty_project_pass_disclosure.py,67,60,yes,subprocess.run,_run,TimeoutExpired escapes -> process crashes / test ERRORs -> recorded as a defect
A,subprocess timeout=,plugin/programs/tests/test_issue521_analog_signoff_skip_reaches_vacuous_tier.py,113,60,yes,subprocess.run,_run,TimeoutExpired escapes -> process crashes / test ERRORs -> recorded as a defect
A,subprocess timeout=,plugin/programs/tests/test_issue521_analog_signoff_skip_reaches_vacuous_tier.py,537,60,yes,subprocess.run,test_lead_pre_awake_silence_reproduces_and_is_now_vacuous,TimeoutExpired escapes -> process crashes / test ERRORs -> recorded as a defect
A,subprocess timeout=,plugin/programs/tests/test_issue521_analog_signoff_skip_reaches_vacuous_tier.py,565,60,yes,subprocess.run,test_lead_pre_awake_silence_still_fails_an_ungated_dispatcher,TimeoutExpired escapes -> process crashes / test ERRORs -> recorded as a defect
A,subprocess timeout=,plugin/programs/tests/test_issue521_analog_signoff_skip_reaches_vacuous_tier.py,577,60,yes,subprocess.run,test_lead_warn_acceptance_policy_reproduces_and_is_now_vacuous,TimeoutExpired escapes -> process crashes / test ERRORs -> recorded as a defect
A,subprocess timeout=,plugin/programs/tests/test_issue521_analog_signoff_skip_reaches_vacuous_tier.py,596,60,yes,subprocess.run,test_lead_warn_acceptance_policy_keeps_its_honest_pass,TimeoutExpired escapes -> process crashes / test ERRORs -> recorded as a defect
A,subprocess timeout=,plugin/programs/tests/test_issue524_waiver_evidence_independence.py,375,60,yes,subprocess.run,test_a_run_with_uncorroborated_evidence_still_produces_a_report,TimeoutExpired escapes -> process crashes / test ERRORs -> recorded as a defect
A,subprocess timeout=,plugin/programs/tests/test_issue524_waiver_evidence_independence.py,397,60,yes,subprocess.run,test_incomplete_waiver_still_gets_its_216_advisory,TimeoutExpired escapes -> process crashes / test ERRORs -> recorded as a defect
A,subprocess timeout=,plugin/programs/tests/test_issue526_waiver_id_ceiling_derived_from_flow.py,113,60,yes,subprocess.run,_run_fcc,TimeoutExpired escapes -> process crashes / test ERRORs -> recorded as a defect
A,subprocess timeout=,plugin/programs/tests/test_issue526_waiver_id_ceiling_derived_from_flow.py,291,60,yes,subprocess.run,test_strict_ids_restores_the_hard_exit_for_standalone_gate_use,TimeoutExpired escapes -> process crashes / test ERRORs -> recorded as a defect
A,subprocess timeout=,plugin/programs/tests/test_issue526_waiver_id_ceiling_derived_from_flow.py,293,60,yes,subprocess.run,test_strict_ids_restores_the_hard_exit_for_standalone_gate_use,TimeoutExpired escapes -> process crashes / test ERRORs -> recorded as a defect
A,subprocess timeout=,plugin/programs/tests/test_issue526_waiver_id_ceiling_derived_from_flow.py,558,10,yes,subprocess.run,_tracked_corpus_waivers,TimeoutExpired escapes -> process crashes / test ERRORs -> recorded as a defect
A,subprocess timeout=,plugin/programs/tests/test_issue529_unbound_waiver_disclosure.py,178,60,yes,subprocess.run,_run_report,TimeoutExpired escapes -> process crashes / test ERRORs -> recorded as a defect
A,subprocess timeout=,plugin/programs/tests/test_issue529_unbound_waiver_disclosure.py,551,60,yes,subprocess.run,test_the_hygiene_gates_consume_the_entry_and_ignore_its_tier,TimeoutExpired escapes -> process crashes / test ERRORs -> recorded as a defect
A,subprocess timeout=,plugin/programs/tests/test_issue538_merge_gate_covers_ci_hygiene.py,358,60,yes,subprocess.run,_list_record,TimeoutExpired escapes -> process crashes / test ERRORs -> recorded as a defect
A,subprocess timeout=,plugin/programs/tests/test_issue538_merge_gate_covers_ci_hygiene.py,952,60,yes,subprocess.run,test_the_cli_offers_no_way_to_skip_the_hygiene_set,TimeoutExpired escapes -> process crashes / test ERRORs -> recorded as a defect
A,subprocess timeout=,plugin/programs/tests/test_issue538_merge_gate_covers_ci_hygiene.py,1048,60,yes,subprocess.run,_run_fixture_script,TimeoutExpired escapes -> process crashes / test ERRORs -> recorded as a defect
A,subprocess timeout=,plugin/programs/tests/test_issue544_declared_signoff_gate_not_checked.py,303,_INNER_TIMEOUT_S,call-through,runner._run_declared_signoff_gate,test_rc2_from_a_declared_signoff_gate_does_not_release,TimeoutExpired escapes -> process crashes / test ERRORs -> recorded as a defect
A,subprocess timeout=,plugin/programs/tests/test_issue544_declared_signoff_gate_not_checked.py,317,_INNER_TIMEOUT_S,call-through,runner._run_declared_signoff_gate,test_rc2_stays_distinct_from_a_design_failure,TimeoutExpired escapes -> process crashes / test ERRORs -> recorded as a defect
A,subprocess timeout=,plugin/programs/tests/test_issue544_declared_signoff_gate_not_checked.py,347,_INNER_TIMEOUT_S,call-through,runner._run_declared_signoff_gate,test_every_non_verdict_exit_code_is_non_releasing,TimeoutExpired escapes -> process crashes / test ERRORs -> recorded as a defect
A,subprocess timeout=,plugin/programs/tests/test_issue544_declared_signoff_gate_not_checked.py,362,_INNER_TIMEOUT_S,call-through,runner._run_declared_signoff_gate,test_an_rc2_argparse_rejection_says_it_was_never_validly_invoked,TimeoutExpired escapes -> process crashes / test ERRORs -> recorded as a defect
A,subprocess timeout=,plugin/programs/tests/test_issue546_corpus_gates_enumerate_the_commit.py,63,60,yes,subprocess.run,_git_ignores,TimeoutExpired escapes -> process crashes / test ERRORs -> recorded as a defect
A,subprocess timeout=,plugin/programs/tests/test_issue546_corpus_gates_enumerate_the_commit.py,92,60,yes,subprocess.run,test_the_stimulus_is_real_and_invisible_to_the_usual_clean_check,TimeoutExpired escapes -> process crashes / test ERRORs -> recorded as a defect
A,subprocess timeout=,plugin/programs/tests/test_issue552_fork_downgrade_visibility.py,92,_T,yes,subprocess.run,test_the_program_runs_and_passes_on_the_shipped_tree,TimeoutExpired escapes -> process crashes / test ERRORs -> recorded as a defect
A,subprocess timeout=,plugin/programs/tests/test_issue552_fork_downgrade_visibility.py,100,_T,yes,subprocess.run,test_the_pass_line_discloses_that_the_registry_is_the_scope,TimeoutExpired escapes -> process crashes / test ERRORs -> recorded as a defect
A,subprocess timeout=,plugin/programs/tests/test_issue559_not_a_project_gate.py,71,45,yes,subprocess.run,test_gate_does_not_accept_a_project_positional,TimeoutExpired escapes -> process crashes / test ERRORs -> recorded as a defect
A,subprocess timeout=,plugin/programs/tests/test_issue559_not_a_project_gate.py,92,45,yes,subprocess.run,test_ready_gates_pass_from_the_plugin_directory,TimeoutExpired escapes -> process crashes / test ERRORs -> recorded as a defect
A,subprocess timeout=,plugin/programs/tests/test_issue559_polluter_conversion.py,68,45,yes,subprocess.run,_run_via_umbrella,TimeoutExpired escapes -> process crashes / test ERRORs -> recorded as a defect
A,subprocess timeout=,plugin/programs/tests/test_issue559_polluter_conversion.py,114,45,yes,subprocess.run,test_without_strict_the_same_input_passes,TimeoutExpired escapes -> process crashes / test ERRORs -> recorded as a defect
A,subprocess timeout=,plugin/programs/tests/test_issue559_port_type_without_space.py,84,60,yes,subprocess.run,_run,TimeoutExpired escapes -> process crashes / test ERRORs -> recorded as a defect
A,subprocess timeout=,plugin/programs/tests/test_issue559_semantic_argv_gates.py,66,30,yes,subprocess.run,test_gate_still_rejects_the_umbrella_argv,TimeoutExpired escapes -> process crashes / test ERRORs -> recorded as a defect
A,subprocess timeout=,plugin/programs/tests/test_issue559_semantic_argv_gates.py,84,30,yes,subprocess.run,test_recorded_required_flags_match_what_argparse_asks_for,TimeoutExpired escapes -> process crashes / test ERRORs -> recorded as a defect
A,subprocess timeout=,plugin/programs/tests/test_issue559_undecided_silence_last12.py,78,60,yes,subprocess.run,test_recorded_gate_still_rejects_the_umbrella_argv,TimeoutExpired escapes -> process crashes / test ERRORs -> recorded as a defect
A,subprocess timeout=,plugin/programs/tests/test_issue559_undecided_silence_last12.py,165,60,yes,subprocess.run,test_the_round7_four_are_rule_b_and_would_be_invisible_to_rule_a,TimeoutExpired escapes -> process crashes / test ERRORs -> recorded as a defect
A,subprocess timeout=,plugin/programs/tests/test_issue564_handshake_skip_exit.py,67,45,yes,subprocess.run,_run,TimeoutExpired escapes -> process crashes / test ERRORs -> recorded as a defect
A,subprocess timeout=,plugin/programs/tests/test_issue564_handshake_skip_exit.py,112,45,yes,subprocess.run,test_warn_only_still_suppresses,TimeoutExpired escapes -> process crashes / test ERRORs -> recorded as a defect
A,subprocess timeout=,plugin/programs/tests/test_issue564_honest_zero_census.py,99,_PROBE_BUDGET_S,call-through,G.audit_project_gates,test_census_is_reported_and_does_not_move_the_verdict,TimeoutExpired escapes -> process crashes / test ERRORs -> recorded as a defect
A,subprocess timeout=,plugin/programs/tests/test_issue564_honest_zero_census.py,113,_PROBE_BUDGET_S,call-through,G.audit_project_gates,test_each_census_entry_carries_its_evidence,TimeoutExpired escapes -> process crashes / test ERRORs -> recorded as a defect
A,subprocess timeout=,plugin/programs/tests/test_issue564_honest_zero_census.py,128,_PROBE_BUDGET_S,call-through,G.audit_project_gates,test_the_three_fixed_gates_are_no_longer_in_the_census,TimeoutExpired escapes -> process crashes / test ERRORs -> recorded as a defect
A,subprocess timeout=,plugin/programs/tests/test_issue564_regmap_zero_fields.py,48,45,yes,subprocess.run,_run,TimeoutExpired escapes -> process crashes / test ERRORs -> recorded as a defect
A,subprocess timeout=,plugin/programs/tests/test_issue564_waveform_denominator.py,35,45,yes,subprocess.run,_run,TimeoutExpired escapes -> process crashes / test ERRORs -> recorded as a defect
A,subprocess timeout=,plugin/programs/tests/test_issue564_zero_denominator_refuses.py,115,60,yes,subprocess.run,test_a_zero_file_scan_now_refuses,TimeoutExpired escapes -> process crashes / test ERRORs -> recorded as a defect
A,subprocess timeout=,plugin/programs/tests/test_issue564_zero_denominator_refuses.py,129,60,yes,subprocess.run,test_the_real_population_still_passes,TimeoutExpired escapes -> process crashes / test ERRORs -> recorded as a defect
A,subprocess timeout=,plugin/programs/tests/test_issue564_zero_denominator_refuses.py,146,60,yes,subprocess.run,test_an_empty_population_refuses_rather_than_passing,TimeoutExpired escapes -> process crashes / test ERRORs -> recorded as a defect
A,subprocess timeout=,plugin/programs/tests/test_issue564_zero_denominator_refuses.py,212,60,call-through,G.audit,test_a_stale_exemption_is_a_finding,TimeoutExpired escapes -> process crashes / test ERRORs -> recorded as a defect
A,subprocess timeout=,plugin/programs/tests/test_issue564_zero_denominator_refuses.py,248,60,call-through,G.audit,test_a_gate_that_states_a_zero_and_exits_zero_is_a_finding,TimeoutExpired escapes -> process crashes / test ERRORs -> recorded as a defect
A,subprocess timeout=,plugin/programs/tests/test_issue564_zero_denominator_refuses.py,259,60,call-through,G.audit,test_a_gate_that_states_a_zero_and_REFUSES_is_not,TimeoutExpired escapes -> process crashes / test ERRORs -> recorded as a defect
A,subprocess timeout=,plugin/programs/tests/test_issue564_zero_denominator_refuses.py,282,20,call-through,G.audit,test_the_prober_is_not_in_its_own_population,TimeoutExpired escapes -> process crashes / test ERRORs -> recorded as a defect
A,subprocess timeout=,plugin/programs/tests/test_issue564_zero_files_refuses.py,54,45,yes,subprocess.run,_run,TimeoutExpired escapes -> process crashes / test ERRORs -> recorded as a defect
A,subprocess timeout=,plugin/programs/tests/test_issue565_selection_discloses_what_it_dropped.py,48,_BUDGET_S,yes,subprocess.run,_git,TimeoutExpired escapes -> process crashes / test ERRORs -> recorded as a defect
A,subprocess timeout=,plugin/programs/tests/test_issue565_selection_discloses_what_it_dropped.py,144,_BUDGET_S,yes,subprocess.run,_cli,TimeoutExpired escapes -> process crashes / test ERRORs -> recorded as a defect
A,subprocess timeout=,plugin/programs/tests/test_issue569_est0104_refusal_is_not_a_pass.py,89,45,yes,subprocess.run,_run_tcl,TimeoutExpired escapes -> process crashes / test ERRORs -> recorded as a defect
A,subprocess timeout=,plugin/programs/tests/test_issue569_est0104_refusal_is_not_a_pass.py,154,45,yes,subprocess.run,test_the_emitted_block_is_syntactically_complete,TimeoutExpired escapes -> process crashes / test ERRORs -> recorded as a defect
A,subprocess timeout=,plugin/programs/tests/test_issue581_atpg_timeout_is_a_budget_not_a_capability.py,106,1800,call-through,subprocess.TimeoutExpired,,TimeoutExpired escapes -> process crashes / test ERRORs -> recorded as a defect
A,subprocess timeout=,plugin/programs/tests/test_issue581_atpg_timeout_is_a_budget_not_a_capability.py,131,1800,call-through,subprocess.TimeoutExpired,test_the_timeout_exception_carries_the_budget_value,TimeoutExpired escapes -> process crashes / test ERRORs -> recorded as a defect
A,subprocess timeout=,plugin/programs/tests/test_issue584_not_checked_is_load_bearing.py,108,60,yes,subprocess.run,_run,TimeoutExpired escapes -> process crashes / test ERRORs -> recorded as a defect
A,subprocess timeout=,plugin/programs/tests/test_issue584_not_checked_is_load_bearing.py,310,60,yes,subprocess.run,test_an_unreadable_clock_refuses_rather_than_making_exemptions_immortal,TimeoutExpired escapes -> process crashes / test ERRORs -> recorded as a defect
A,subprocess timeout=,plugin/programs/tests/test_issue584_not_checked_is_load_bearing.py,420,60,yes,subprocess.run,test_the_real_hygiene_script_declares_every_tolerance_it_takes,TimeoutExpired escapes -> process crashes / test ERRORs -> recorded as a defect
A,subprocess timeout=,plugin/programs/tests/test_issue586_tapcell_master_must_be_explicit.py,106,30,yes,subprocess.run,_run_gate,TimeoutExpired escapes -> process crashes / test ERRORs -> recorded as a defect
A,subprocess timeout=,plugin/programs/tests/test_issue586_tapcell_master_must_be_explicit.py,237,60,yes,subprocess.run,test_the_declared_master_exists_in_that_pdks_own_lef,TimeoutExpired escapes -> process crashes / test ERRORs -> recorded as a defect
A,subprocess timeout=,plugin/programs/tests/test_issue587_report_belongs_to_project.py,68,60,yes,subprocess.run,_run,TimeoutExpired escapes -> process crashes / test ERRORs -> recorded as a defect
A,subprocess timeout=,plugin/programs/tests/test_issue590_auto_picks_the_furthest_phase.py,58,30,yes,subprocess.run,_run,TimeoutExpired escapes -> process crashes / test ERRORs -> recorded as a defect
A,subprocess timeout=,plugin/programs/tests/test_issue599_incomplete_and_substantive_tiers.py,182,60,yes,subprocess.run,test_the_yosys_gate_still_runs_and_says_something,TimeoutExpired escapes -> process crashes / test ERRORs -> recorded as a defect
A,subprocess timeout=,plugin/programs/tests/test_issue602_asap7_stack_matches_the_shipped_map.py,91,60,yes,subprocess.run,_shipped_map,TimeoutExpired escapes -> process crashes / test ERRORs -> recorded as a defect
A,subprocess timeout=,plugin/programs/tests/test_issue603_atpg_untestable_classify.py,95,60,yes,subprocess.run,_run,TimeoutExpired escapes -> process crashes / test ERRORs -> recorded as a defect
A,subprocess timeout=,plugin/programs/tests/test_issue603_atpg_untestable_classify.py,205,60,yes,subprocess.run,test_an_unreadable_netlist_refuses,TimeoutExpired escapes -> process crashes / test ERRORs -> recorded as a defect
A,subprocess timeout=,plugin/programs/tests/test_issue603_atpg_untestable_classify.py,239,60,yes,subprocess.run,_sky130_liberty,TimeoutExpired escapes -> process crashes / test ERRORs -> recorded as a defect
A,subprocess timeout=,plugin/programs/tests/test_issue603_atpg_untestable_classify.py,259,60,yes,subprocess.run,test_the_sha256_cut_netlist_classifies_a_small_minority,TimeoutExpired escapes -> process crashes / test ERRORs -> recorded as a defect
A,subprocess timeout=,plugin/programs/tests/test_issue613_gds_port_labels.py,177,60,yes,subprocess.run,_run,TimeoutExpired escapes -> process crashes / test ERRORs -> recorded as a defect
A,subprocess timeout=,plugin/programs/tests/test_issue614_skip_is_not_a_mismatch.py,71,60,yes,subprocess.run,_run_gate,TimeoutExpired escapes -> process crashes / test ERRORs -> recorded as a defect
A,subprocess timeout=,plugin/programs/tests/test_issue619_auditor_does_not_answer_for_an_unread_project.py,49,timeout,yes,subprocess.run,_run,TimeoutExpired escapes -> process crashes / test ERRORs -> recorded as a defect
A,subprocess timeout=,plugin/programs/tests/test_issue619_auditor_does_not_answer_for_an_unread_project.py,58,_BUDGET,call-through,_run,test_a_project_that_is_not_there_is_not_a_pass,TimeoutExpired escapes -> process crashes / test ERRORs -> recorded as a defect
A,subprocess timeout=,plugin/programs/tests/test_issue619_auditor_does_not_answer_for_an_unread_project.py,67,_BUDGET,call-through,_run,test_the_refusal_says_why_rather_than_only_that,TimeoutExpired escapes -> process crashes / test ERRORs -> recorded as a defect
A,subprocess timeout=,plugin/programs/tests/test_issue619_auditor_does_not_answer_for_an_unread_project.py,79,_BUDGET,call-through,_run,test_the_refusal_is_cheap,TimeoutExpired escapes -> process crashes / test ERRORs -> recorded as a defect
A,subprocess timeout=,plugin/programs/tests/test_issue619_auditor_does_not_answer_for_an_unread_project.py,127,20,call-through,G.audit,test_it_still_excludes_itself_from_its_own_probe,TimeoutExpired escapes -> process crashes / test ERRORs -> recorded as a defect
A,subprocess timeout=,plugin/programs/tests/test_issue623_atpg_deadline_is_enforced_in_the_container.py,89,10,call-through,_drive,test_the_engine_runs_under_a_container_side_deadline,TimeoutExpired escapes -> process crashes / test ERRORs -> recorded as a defect
A,subprocess timeout=,plugin/programs/tests/test_issue623_atpg_deadline_is_enforced_in_the_container.py,99,60,call-through,_drive,test_the_kill_escalation_comes_from_the_shared_constant,TimeoutExpired escapes -> process crashes / test ERRORs -> recorded as a defect
A,subprocess timeout=,plugin/programs/tests/test_issue623_atpg_deadline_is_enforced_in_the_container.py,109,10,call-through,F._run_docker,test_the_command_is_quoted_not_concatenated,TimeoutExpired escapes -> process crashes / test ERRORs -> recorded as a defect
A,subprocess timeout=,plugin/programs/tests/test_issue623_atpg_deadline_is_enforced_in_the_container.py,123,10,call-through,_drive,test_the_grace_extends_the_deadline,TimeoutExpired escapes -> process crashes / test ERRORs -> recorded as a defect
A,subprocess timeout=,plugin/programs/tests/test_issue623_atpg_deadline_is_enforced_in_the_container.py,131,7,call-through,_drive,test_the_default_grace_is_the_declared_constant,TimeoutExpired escapes -> process crashes / test ERRORs -> recorded as a defect
A,subprocess timeout=,plugin/programs/tests/test_issue623_atpg_deadline_is_enforced_in_the_container.py,139,45,call-through,_drive,test_a_zero_grace_is_honoured,TimeoutExpired escapes -> process crashes / test ERRORs -> recorded as a defect
A,subprocess timeout=,plugin/programs/tests/test_issue623_atpg_deadline_is_enforced_in_the_container.py,148,0,call-through,_drive,test_the_deadline_is_never_zero_or_negative,TimeoutExpired escapes -> process crashes / test ERRORs -> recorded as a defect
A,subprocess timeout=,plugin/programs/tests/test_issue623_atpg_deadline_is_enforced_in_the_container.py,158,10,call-through,_drive,test_the_client_wait_is_strictly_larger_than_the_container_deadline,TimeoutExpired escapes -> process crashes / test ERRORs -> recorded as a defect
A,subprocess timeout=,plugin/programs/tests/test_issue623_atpg_deadline_is_enforced_in_the_container.py,167,10,call-through,_drive,test_the_backstop_firing_names_what_it_means,TimeoutExpired escapes -> process crashes / test ERRORs -> recorded as a defect
A,subprocess timeout=,plugin/programs/tests/test_issue623_atpg_deadline_is_enforced_in_the_container.py,178,5,call-through,F._run_docker,test_a_missing_docker_still_says_so,TimeoutExpired escapes -> process crashes / test ERRORs -> recorded as a defect
A,subprocess timeout=,plugin/programs/tests/test_issue623_atpg_deadline_is_enforced_in_the_container.py,184,30,call-through,_drive,test_a_successful_run_is_passed_through,TimeoutExpired escapes -> process crashes / test ERRORs -> recorded as a defect
A,subprocess timeout=,plugin/programs/tests/test_issue623_atpg_deadline_is_enforced_in_the_container.py,194,30,call-through,_drive,test_an_expired_container_deadline_arrives_as_an_ordinary_rc,TimeoutExpired escapes -> process crashes / test ERRORs -> recorded as a defect
A,subprocess timeout=,plugin/programs/tests/test_issue623_atpg_deadline_is_enforced_in_the_container.py,203,5,call-through,F._run_docker,test_the_pdk_mount_is_still_wired,TimeoutExpired escapes -> process crashes / test ERRORs -> recorded as a defect
A,subprocess timeout=,plugin/programs/tests/test_issue623_atpg_deadline_is_enforced_in_the_container.py,211,30,call-through,_drive,test_an_image_without_timeout_degrades_loudly,TimeoutExpired escapes -> process crashes / test ERRORs -> recorded as a defect
A,subprocess timeout=,plugin/programs/tests/test_issue628_solver_is_bounded_not_the_client.py,118,45,call-through,_drive,test_the_deadline_is_enforced_inside_the_container,TimeoutExpired escapes -> process crashes / test ERRORs -> recorded as a defect
A,subprocess timeout=,plugin/programs/tests/test_issue628_solver_is_bounded_not_the_client.py,126,45,call-through,_drive,test_the_client_wait_is_strictly_larger_so_the_container_fires_first,TimeoutExpired escapes -> process crashes / test ERRORs -> recorded as a defect
A,subprocess timeout=,plugin/programs/tests/test_issue630_labels_on_a_layer_the_extractor_reads.py,280,60,yes,subprocess.run,test_the_gate_still_does_not_FAIL_on_an_off_layer_label,TimeoutExpired escapes -> process crashes / test ERRORs -> recorded as a defect
A,subprocess timeout=,plugin/programs/tests/test_issue635_benchmark_run_manifest.py,194,30,yes,subprocess.run,_repo,TimeoutExpired escapes -> process crashes / test ERRORs -> recorded as a defect
A,subprocess timeout=,plugin/programs/tests/test_issue636_gates_do_not_inherit_git_dir.py,74,30,yes,subprocess.run,test_the_premise_holds_a_real_gate_IS_git_dir_sensitive,TimeoutExpired escapes -> process crashes / test ERRORs -> recorded as a defect
A,subprocess timeout=,plugin/programs/tests/test_issue636_gates_do_not_inherit_git_dir.py,76,30,yes,subprocess.run,test_the_premise_holds_a_real_gate_IS_git_dir_sensitive,TimeoutExpired escapes -> process crashes / test ERRORs -> recorded as a defect
A,subprocess timeout=,plugin/programs/tests/test_issue636_prepush_gates_by_destination.py,124,30,yes,subprocess.run,test_a_multi_token_range_really_does_break_git_when_quoted,TimeoutExpired escapes -> process crashes / test ERRORs -> recorded as a defect
A,subprocess timeout=,plugin/programs/tests/test_issue636_prepush_gates_by_destination.py,129,30,yes,subprocess.run,test_a_multi_token_range_really_does_break_git_when_quoted,TimeoutExpired escapes -> process crashes / test ERRORs -> recorded as a defect
A,subprocess timeout=,plugin/programs/tests/test_issue636_prepush_gates_by_destination.py,131,30,yes,subprocess.run,test_a_multi_token_range_really_does_break_git_when_quoted,TimeoutExpired escapes -> process crashes / test ERRORs -> recorded as a defect
A,subprocess timeout=,plugin/programs/tests/test_issue636_prepush_gates_by_destination.py,153,55,yes,subprocess.run,test_the_checker_passes_unchanged_and_still_refuses_a_REGRESSION,TimeoutExpired escapes -> process crashes / test ERRORs -> recorded as a defect
A,subprocess timeout=,plugin/programs/tests/test_issue640_nda_gate_on_a_new_branch.py,58,30,yes,subprocess.run,_repo,TimeoutExpired escapes -> process crashes / test ERRORs -> recorded as a defect
A,subprocess timeout=,plugin/programs/tests/test_issue640_nda_gate_on_a_new_branch.py,88,30,yes,subprocess.run,test_a_new_branch_range_resolves_to_the_branchs_own_commits,TimeoutExpired escapes -> process crashes / test ERRORs -> recorded as a defect
A,subprocess timeout=,plugin/programs/tests/test_issue640_nda_gate_on_a_new_branch.py,121,30,yes,subprocess.run,test_a_root_commit_is_scanned_against_the_empty_tree,TimeoutExpired escapes -> process crashes / test ERRORs -> recorded as a defect
A,subprocess timeout=,plugin/programs/tests/test_issue643_the_bound_must_reach_the_simulation.py,124,30,call-through,S._bounded_vvp,test_the_container_route_bounds_the_tool_not_the_client,TimeoutExpired escapes -> process crashes / test ERRORs -> recorded as a defect
A,subprocess timeout=,plugin/programs/tests/test_issue643_the_bound_must_reach_the_simulation.py,143,60,call-through,S._bounded_vvp,test_the_inner_deadline_fires_before_the_host_one,TimeoutExpired escapes -> process crashes / test ERRORs -> recorded as a defect
A,subprocess timeout=,plugin/programs/tests/test_issue643_the_bound_must_reach_the_simulation.py,152,3,call-through,S._bounded_vvp,test_a_short_bound_does_not_become_a_nonpositive_one,TimeoutExpired escapes -> process crashes / test ERRORs -> recorded as a defect
A,subprocess timeout=,plugin/programs/tests/test_issue643_the_bound_must_reach_the_simulation.py,167,30,call-through,S._bounded_vvp,test_no_shell_is_interposed,TimeoutExpired escapes -> process crashes / test ERRORs -> recorded as a defect
A,subprocess timeout=,plugin/programs/tests/test_issue643_the_bound_must_reach_the_simulation.py,178,30,call-through,S._bounded_vvp,test_a_container_without_timeout_still_runs,TimeoutExpired escapes -> process crashes / test ERRORs -> recorded as a defect
A,subprocess timeout=,plugin/programs/tests/test_issue643_the_bound_must_reach_the_simulation.py,185,30,call-through,S._bounded_vvp,test_the_host_route_is_the_plain_call_it_always_was,TimeoutExpired escapes -> process crashes / test ERRORs -> recorded as a defect
A,subprocess timeout=,plugin/programs/tests/test_issue643_the_bound_must_reach_the_simulation.py,189,30,call-through,S._bounded_vvp,test_the_host_route_is_the_plain_call_it_always_was,TimeoutExpired escapes -> process crashes / test ERRORs -> recorded as a defect
A,subprocess timeout=,plugin/programs/tests/test_issue643_the_bound_must_reach_the_simulation.py,218,30,call-through,S._bounded_vvp,test_an_ordinary_nonzero_rc_is_still_an_ordinary_result,TimeoutExpired escapes -> process crashes / test ERRORs -> recorded as a defect
A,subprocess timeout=,plugin/programs/tests/test_issue654_unrouted_layout_must_not_certify.py,168,30,yes,subprocess.run,_handoff,TimeoutExpired escapes -> process crashes / test ERRORs -> recorded as a defect
A,subprocess timeout=,plugin/programs/tests/test_issue655_post_run_audit_is_wired.py,69,55,yes,subprocess.run,test_it_runs_and_writes_a_report,TimeoutExpired escapes -> process crashes / test ERRORs -> recorded as a defect
A,subprocess timeout=,plugin/programs/tests/test_issue655_post_run_audit_is_wired.py,83,55,yes,subprocess.run,test_an_unreadable_run_is_not_a_green_report,TimeoutExpired escapes -> process crashes / test ERRORs -> recorded as a defect
A,subprocess timeout=,plugin/programs/tests/test_issue693_fpga_signaltap_family.py,238,30,yes,subprocess.run,test_nothing_examined_exits_2_and_declares_a_visible_skip,TimeoutExpired escapes -> process crashes / test ERRORs -> recorded as a defect
A,subprocess timeout=,plugin/programs/tests/test_issue712_prose_polarity.py,326,55,yes,subprocess.run,test_no_baseline_is_CANNOT_DETERMINE_not_a_pass,TimeoutExpired escapes -> process crashes / test ERRORs -> recorded as a defect
A,subprocess timeout=,plugin/programs/tests/test_issue712_prose_polarity.py,336,55,yes,subprocess.run,test_a_NEW_polarity_blind_extractor_FAILS,TimeoutExpired escapes -> process crashes / test ERRORs -> recorded as a defect
A,subprocess timeout=,plugin/programs/tests/test_issue712_prose_polarity.py,340,55,yes,subprocess.run,test_a_NEW_polarity_blind_extractor_FAILS,TimeoutExpired escapes -> process crashes / test ERRORs -> recorded as a defect
A,subprocess timeout=,plugin/programs/tests/test_issue712_prose_polarity.py,363,55,yes,subprocess.run,test_an_exemption_removes_the_name_without_touching_the_baseline,TimeoutExpired escapes -> process crashes / test ERRORs -> recorded as a defect
A,subprocess timeout=,plugin/programs/tests/test_issue712_prose_polarity.py,692,55,yes,subprocess.run,test_the_gate_is_GREEN_on_the_tree_that_ships,TimeoutExpired escapes -> process crashes / test ERRORs -> recorded as a defect
A,subprocess timeout=,plugin/programs/tests/test_issue758_pre_layout_sta_is_scoped.py,132,60,yes,subprocess.run,test_the_scope_is_what_decides_the_verdict,TimeoutExpired escapes -> process crashes / test ERRORs -> recorded as a defect
A,subprocess timeout=,plugin/programs/tests/test_issue762_macro_non_seq_arc_surfaced_early.py,196,55,yes,subprocess.run,_run,TimeoutExpired escapes -> process crashes / test ERRORs -> recorded as a defect
A,subprocess timeout=,plugin/programs/tests/test_issue762_macro_non_seq_arc_surfaced_early.py,593,55,yes,subprocess.run,_run_hold,TimeoutExpired escapes -> process crashes / test ERRORs -> recorded as a defect
A,subprocess timeout=,plugin/programs/tests/test_issue766_eco_repairs_the_design_that_failed.py,262,60,yes,subprocess.run,test_the_emitted_deck_parses_and_evaluates_in_a_real_tclsh,TimeoutExpired escapes -> process crashes / test ERRORs -> recorded as a defect
A,subprocess timeout=,plugin/programs/tests/test_issue773_all_zero_delta_needs_post_layout_evidence.py,136,55,yes,subprocess.run,_run,TimeoutExpired escapes -> process crashes / test ERRORs -> recorded as a defect
A,subprocess timeout=,plugin/programs/tests/test_issue785_absence_is_not_non_applicability.py,214,_GATE_TIMEOUT_S,yes,subprocess.run,_run,TimeoutExpired escapes -> process crashes / test ERRORs -> recorded as a defect
A,subprocess timeout=,plugin/programs/tests/test_issue805_waveform_content_classification.py,65,60,yes,subprocess.run,_run,TimeoutExpired escapes -> process crashes / test ERRORs -> recorded as a defect
A,subprocess timeout=,plugin/programs/tests/test_issue822_duplicate_pattern_at_emit.py,88,60,yes,subprocess.run,_emit,TimeoutExpired escapes -> process crashes / test ERRORs -> recorded as a defect
A,subprocess timeout=,plugin/programs/tests/test_issue833_analog_l5_vacuous_reaches_umbrella.py,92,_GATE_TIMEOUT_S,yes,subprocess.run,_run,TimeoutExpired escapes -> process crashes / test ERRORs -> recorded as a defect
A,subprocess timeout=,plugin/programs/tests/test_issue834_attestation_vacuous_reaches_umbrella.py,70,_GATE_TIMEOUT_S,yes,subprocess.run,_run_gate,TimeoutExpired escapes -> process crashes / test ERRORs -> recorded as a defect
A,subprocess timeout=,plugin/programs/tests/test_issue901_structured_vacuity_reaches_the_step_verdict.py,128,_CALL_TIMEOUT,yes,subprocess.run,_audit,TimeoutExpired escapes -> process crashes / test ERRORs -> recorded as a defect
A,subprocess timeout=,plugin/programs/tests/test_issue904_standin_disclosure_refuted_by_native_pdk.py,124,_TIMEOUT_S,yes,subprocess.run,_run,TimeoutExpired escapes -> process crashes / test ERRORs -> recorded as a defect
A,subprocess timeout=,plugin/programs/tests/test_issue905_ic_level_layout_contract.py,105,_TIMEOUT,yes,subprocess.run,_run,TimeoutExpired escapes -> process crashes / test ERRORs -> recorded as a defect
A,subprocess timeout=,plugin/programs/tests/test_issue905_ic_level_layout_contract.py,255,_TIMEOUT,yes,subprocess.run,_git,TimeoutExpired escapes -> process crashes / test ERRORs -> recorded as a defect
A,subprocess timeout=,plugin/programs/tests/test_issue905_ic_level_layout_contract.py,282,_TIMEOUT,yes,subprocess.run,test_guard_legacy_strays_are_grandfathered_by_changed_since,TimeoutExpired escapes -> process crashes / test ERRORs -> recorded as a defect
A,subprocess timeout=,plugin/programs/tests/test_issue905_ic_level_layout_contract.py,303,_TIMEOUT,yes,subprocess.run,test_bug_newly_added_ic_level_output_is_caught_by_changed_since,TimeoutExpired escapes -> process crashes / test ERRORs -> recorded as a defect
A,subprocess timeout=,plugin/programs/tests/test_issue905_the_last_two_ic_level_entries.py,188,60,yes,subprocess.run,_run_gate,TimeoutExpired escapes -> process crashes / test ERRORs -> recorded as a defect
A,subprocess timeout=,plugin/programs/tests/test_issue922_growth_rationale_has_memory.py,34,_TIMEOUT_S,yes,subprocess.run,_run,TimeoutExpired escapes -> process crashes / test ERRORs -> recorded as a defect
A,subprocess timeout=,plugin/programs/tests/test_issue922_rationale_scope.py,47,_TIMEOUT_S,yes,subprocess.run,_run,TimeoutExpired escapes -> process crashes / test ERRORs -> recorded as a defect
A,subprocess timeout=,plugin/programs/tests/test_issue923_flow_stage_single_declaration.py,49,_TIMEOUT,yes,subprocess.run,_run,TimeoutExpired escapes -> process crashes / test ERRORs -> recorded as a defect
A,subprocess timeout=,plugin/programs/tests/test_issue923_flow_stage_single_declaration.py,235,_TIMEOUT,yes,subprocess.run,test_a_zero_denominator_refuses_rather_than_passing,TimeoutExpired escapes -> process crashes / test ERRORs -> recorded as a defect
A,subprocess timeout=,plugin/programs/tests/test_issue923_flow_stage_single_declaration.py,268,_TIMEOUT,yes,subprocess.run,test_the_only_stages_consumer_is_indifferent_to_the_roster,TimeoutExpired escapes -> process crashes / test ERRORs -> recorded as a defect
A,subprocess timeout=,plugin/programs/tests/test_issue957_loop_gate_states_its_denominator.py,142,_T,yes,subprocess.run,_published_corpus,TimeoutExpired escapes -> process crashes / test ERRORs -> recorded as a defect
A,subprocess timeout=,plugin/programs/tests/test_issue957_loop_gate_states_its_denominator.py,169,_T,yes,subprocess.run,_list_run,TimeoutExpired escapes -> process crashes / test ERRORs -> recorded as a defect
A,subprocess timeout=,plugin/programs/tests/test_issue957_loop_gate_states_its_denominator.py,280,_T,yes,subprocess.run,_run_fixture,TimeoutExpired escapes -> process crashes / test ERRORs -> recorded as a defect
A,subprocess timeout=,plugin/programs/tests/test_issue967_empty_ic_unit_examined_nothing.py,133,_TIMEOUT,yes,subprocess.run,_run,TimeoutExpired escapes -> process crashes / test ERRORs -> recorded as a defect
A,subprocess timeout=,plugin/programs/tests/test_issue967_empty_ic_unit_examined_nothing.py,142,_TIMEOUT,yes,subprocess.run,_git,TimeoutExpired escapes -> process crashes / test ERRORs -> recorded as a defect
A,subprocess timeout=,plugin/programs/tests/test_issue968_948_growth_population.py,70,_TIMEOUT_S,yes,subprocess.run,_run,TimeoutExpired escapes -> process crashes / test ERRORs -> recorded as a defect
A,subprocess timeout=,plugin/programs/tests/test_issue972_census_probe_and_rollup.py,275,60,yes,subprocess.run,test_an_empty_tree_is_refused_as_a_zero_denominator_and_refused_fast,TimeoutExpired escapes -> process crashes / test ERRORs -> recorded as a defect
A,subprocess timeout=,plugin/programs/tests/test_l19_pdk_floorplan_contract_check.py,43,60,yes,subprocess.run,_run,TimeoutExpired escapes -> process crashes / test ERRORs -> recorded as a defect
A,subprocess timeout=,plugin/programs/tests/test_l21_macro_supply_rail_declared_check.py,190,60,yes,subprocess.run,_run,TimeoutExpired escapes -> process crashes / test ERRORs -> recorded as a defect
A,subprocess timeout=,plugin/programs/tests/test_l21_macro_supply_rail_declared_check.py,340,60,yes,subprocess.run,test_json_report_is_written,TimeoutExpired escapes -> process crashes / test ERRORs -> recorded as a defect
A,subprocess timeout=,plugin/programs/tests/test_l21_macro_supply_rail_declared_check.py,395,60,yes,subprocess.run,test_untyped_abstract_degrades_to_a_partial_check_not_a_louder_skip,TimeoutExpired escapes -> process crashes / test ERRORs -> recorded as a defect
A,subprocess timeout=,plugin/programs/tests/test_l21_macro_supply_rail_declared_check.py,446,60,yes,subprocess.run,test_an_abstract_that_types_its_pins_and_has_no_supply_still_skips,TimeoutExpired escapes -> process crashes / test ERRORs -> recorded as a defect
A,subprocess timeout=,plugin/programs/tests/test_l6_state_to_state_edge_is_not_discarded.py,97,60,yes,subprocess.run,_run_phase1,TimeoutExpired escapes -> process crashes / test ERRORs -> recorded as a defect
A,subprocess timeout=,plugin/programs/tests/test_l8_sta_clock_period_design_owned_check.py,69,60,yes,subprocess.run,_run,TimeoutExpired escapes -> process crashes / test ERRORs -> recorded as a defect
A,subprocess timeout=,plugin/programs/tests/test_l8_sta_clock_period_design_owned_check.py,249,60,yes,subprocess.run,test_json_report_is_written,TimeoutExpired escapes -> process crashes / test ERRORs -> recorded as a defect
A,subprocess timeout=,plugin/programs/tests/test_l9_absence_marker_is_read.py,42,45,yes,subprocess.run,_run,TimeoutExpired escapes -> process crashes / test ERRORs -> recorded as a defect
A,subprocess timeout=,plugin/programs/tests/test_l9_bullet_submodule_rejects_reserved_word.py,91,60,yes,subprocess.run,_emitted_submodule_names,TimeoutExpired escapes -> process crashes / test ERRORs -> recorded as a defect
A,subprocess timeout=,plugin/programs/tests/test_l9_submodule_name_must_be_written_by_its_source.py,113,60,yes,subprocess.run,_run_phase1,TimeoutExpired escapes -> process crashes / test ERRORs -> recorded as a defect
A,subprocess timeout=,plugin/programs/tests/test_l_doc_field_producer_check.py,42,60,yes,subprocess.run,_run,TimeoutExpired escapes -> process crashes / test ERRORs -> recorded as a defect
A,subprocess timeout=,plugin/programs/tests/test_l_doc_field_producer_check.py,151,60,yes,subprocess.run,test_shipped_tree_passes_against_its_recorded_debt,TimeoutExpired escapes -> process crashes / test ERRORs -> recorded as a defect
A,subprocess timeout=,plugin/programs/tests/test_l_doc_generator_stamp.py,95,60,yes,subprocess.run,_run_phase1,TimeoutExpired escapes -> process crashes / test ERRORs -> recorded as a defect
A,subprocess timeout=,plugin/programs/tests/test_l_doc_generator_stamp.py,488,60,yes,subprocess.run,test_no_l_document_write_escapes_the_chokepoint,TimeoutExpired escapes -> process crashes / test ERRORs -> recorded as a defect
A,subprocess timeout=,plugin/programs/tests/test_l_doc_path_portability_check.py,341,60,yes,subprocess.run,test_the_gate_speaks_the_cli_the_runner_loop_uses,TimeoutExpired escapes -> process crashes / test ERRORs -> recorded as a defect
A,subprocess timeout=,plugin/programs/tests/test_landing_is_one_commit_published_split.py,59,30,yes,subprocess.run,_git,TimeoutExpired escapes -> process crashes / test ERRORs -> recorded as a defect
A,subprocess timeout=,plugin/programs/tests/test_landing_is_one_commit_published_split.py,102,60,yes,subprocess.run,_run,TimeoutExpired escapes -> process crashes / test ERRORs -> recorded as a defect
A,subprocess timeout=,plugin/programs/tests/test_landing_merge_verdict.py,895,_T,yes,subprocess.run,_cli,TimeoutExpired escapes -> process crashes / test ERRORs -> recorded as a defect
A,subprocess timeout=,plugin/programs/tests/test_landing_merge_verdict.py,1212,_T,yes,subprocess.run,test_a_base_arm_asked_for_files_that_produced_no_report_is_refused,TimeoutExpired escapes -> process crashes / test ERRORs -> recorded as a defect
A,subprocess timeout=,plugin/programs/tests/test_landing_merge_verdict.py,1303,_T,yes,subprocess.run,test_cli_returns_two_when_the_candidate_report_is_absent,TimeoutExpired escapes -> process crashes / test ERRORs -> recorded as a defect
A,subprocess timeout=,plugin/programs/tests/test_landing_merge_verdict.py,1495,_T,yes,subprocess.run,test_a_missing_receipt_quotes_the_arms_own_refusal_not_only_the_symptom,TimeoutExpired escapes -> process crashes / test ERRORs -> recorded as a defect
A,subprocess timeout=,plugin/programs/tests/test_landing_merge_verdict.py,1504,_T,yes,subprocess.run,test_a_missing_receipt_quotes_the_arms_own_refusal_not_only_the_symptom,TimeoutExpired escapes -> process crashes / test ERRORs -> recorded as a defect
A,subprocess timeout=,plugin/programs/tests/test_landing_merge_verdict.py,1546,_T,yes,subprocess.run,test_reading_one_arms_exit_code_cannot_byte_compile_the_shared_runtime,TimeoutExpired escapes -> process crashes / test ERRORs -> recorded as a defect
A,subprocess timeout=,plugin/programs/tests/test_landing_merge_verdict.py,1600,_T,yes,subprocess.run,test_the_version_deferral_still_refuses_a_backwards_version,TimeoutExpired escapes -> process crashes / test ERRORs -> recorded as a defect
A,subprocess timeout=,plugin/programs/tests/test_landing_merge_verdict.py,1886,_T,yes,subprocess.run,_git,TimeoutExpired escapes -> process crashes / test ERRORs -> recorded as a defect
A,subprocess timeout=,plugin/programs/tests/test_landing_merge_verdict.py,2105,_T,yes,subprocess.run,_verify,TimeoutExpired escapes -> process crashes / test ERRORs -> recorded as a defect
A,subprocess timeout=,plugin/programs/tests/test_landing_merge_verdict.py,2170,_T,yes,subprocess.run,_routed_activation_repo,TimeoutExpired escapes -> process crashes / test ERRORs -> recorded as a defect
A,subprocess timeout=,plugin/programs/tests/test_landing_merge_verdict.py,2359,_T,yes,subprocess.run,test_end_to_end_a_green_test_cannot_move_b1_to_another_commit,TimeoutExpired escapes -> process crashes / test ERRORs -> recorded as a defect
A,subprocess timeout=,plugin/programs/tests/test_landing_merge_verdict.py,2431,_T,yes,subprocess.run,test_end_to_end_index_flags_cannot_hide_changed_b1_bytes,TimeoutExpired escapes -> process crashes / test ERRORs -> recorded as a defect
A,subprocess timeout=,plugin/programs/tests/test_landing_merge_verdict.py,2498,_T,yes,subprocess.run,test_end_to_end_replace_refs_cannot_redefine_the_verified_tree,TimeoutExpired escapes -> process crashes / test ERRORs -> recorded as a defect
A,subprocess timeout=,plugin/programs/tests/test_landing_merge_verdict.py,2565,_T,yes,subprocess.run,test_end_to_end_mutable_base_cache_is_disabled_and_remeasured,TimeoutExpired escapes -> process crashes / test ERRORs -> recorded as a defect
A,subprocess timeout=,plugin/programs/tests/test_landing_merge_verdict.py,2717,_T,yes,proc.communicate,test_end_to_end_candidate_wave_precedes_parallel_isolated_base_wave,handler records a FAILING verdict
A,except Timeout,plugin/programs/tests/test_landing_merge_verdict.py,2718,(handler),handler,subprocess.TimeoutExpired,test_end_to_end_candidate_wave_precedes_parallel_isolated_base_wave,"proc.kill() stdout, stderr = proc.communicate() pytest.fail(f""the verifier never finished:\n{stdout}\n{stderr}"")"
A,subprocess timeout=,plugin/programs/tests/test_landing_merge_verdict.py,2867,_T,yes,proc.communicate,test_end_to_end_candidate_cannot_prewrite_base_wave_artifacts,handler records a FAILING verdict
A,except Timeout,plugin/programs/tests/test_landing_merge_verdict.py,2868,(handler),handler,subprocess.TimeoutExpired,test_end_to_end_candidate_cannot_prewrite_base_wave_artifacts,"proc.kill() stdout, stderr = proc.communicate() pytest.fail(f""the verifier never finished:\n{stdout}\n{stderr}"")"
A,subprocess timeout=,plugin/programs/tests/test_landing_merge_verdict.py,2936,_T,yes,proc.communicate,_verify_watching_the_run_dir,handler records a FAILING verdict
A,except Timeout,plugin/programs/tests/test_landing_merge_verdict.py,2937,(handler),handler,subprocess.TimeoutExpired,_verify_watching_the_run_dir,"proc.kill() stdout, stderr = proc.communicate() pytest.fail(f""the verifier never finished:\n{stdout}\n{stderr}"")"
A,subprocess timeout=,plugin/programs/tests/test_landing_merge_verdict.py,3031,_T,yes,subprocess.run,test_end_to_end_b2_corpus_mutation_is_post_attested_and_norecord,TimeoutExpired escapes -> process crashes / test ERRORs -> recorded as a defect
A,subprocess timeout=,plugin/programs/tests/test_landing_merge_verdict.py,3131,_T,yes,subprocess.run,_assert_interruption_cleans_every_parallel_arm,TimeoutExpired escapes -> process crashes / test ERRORs -> recorded as a defect
A,subprocess timeout=,plugin/programs/tests/test_landing_merge_verdict.py,3290,_T,yes,subprocess.run,_reassert,TimeoutExpired escapes -> process crashes / test ERRORs -> recorded as a defect
A,subprocess timeout=,plugin/programs/tests/test_landing_merge_verdict.py,3326,_T,yes,subprocess.run,_repacked_commit,TimeoutExpired escapes -> process crashes / test ERRORs -> recorded as a defect
A,subprocess timeout=,plugin/programs/tests/test_landing_merge_verdict.py,3336,_T,yes,subprocess.run,_rebind,TimeoutExpired escapes -> process crashes / test ERRORs -> recorded as a defect
A,subprocess timeout=,plugin/programs/tests/test_landing_merge_verdict.py,3397,_T,yes,subprocess.run,test_actual_push_shape_is_refused_before_any_expensive_arm,TimeoutExpired escapes -> process crashes / test ERRORs -> recorded as a defect
A,subprocess timeout=,plugin/programs/tests/test_landing_merge_verdict.py,3426,_T,yes,subprocess.run,test_actual_push_shape_is_refused_before_any_expensive_arm,TimeoutExpired escapes -> process crashes / test ERRORs -> recorded as a defect
A,subprocess timeout=,plugin/programs/tests/test_landing_noop_verdict_check.py,27,120,yes,subprocess.run,_git,TimeoutExpired escapes -> process crashes / test ERRORs -> recorded as a defect
A,subprocess timeout=,plugin/programs/tests/test_landing_noop_verdict_check.py,66,300,yes,subprocess.run,_run,TimeoutExpired escapes -> process crashes / test ERRORs -> recorded as a defect
A,subprocess timeout=,plugin/programs/tests/test_landing_noop_verdict_check.py,290,300,yes,subprocess.run,test_reverting_the_refusal_makes_the_partial_land_pass,TimeoutExpired escapes -> process crashes / test ERRORs -> recorded as a defect
A,subprocess timeout=,plugin/programs/tests/test_landing_worktree_is_clean.py,30,60,yes,subprocess.run,_git,TimeoutExpired escapes -> process crashes / test ERRORs -> recorded as a defect
A,subprocess timeout=,plugin/programs/tests/test_landing_worktree_is_clean.py,35,60,yes,subprocess.run,_run,TimeoutExpired escapes -> process crashes / test ERRORs -> recorded as a defect
A,subprocess timeout=,plugin/programs/tests/test_layer_demand_zero_needs_evidence.py,160,60,yes,subprocess.run,_run,TimeoutExpired escapes -> process crashes / test ERRORs -> recorded as a defect
A,subprocess timeout=,plugin/programs/tests/test_layer_membership_is_declared_not_inferred_from_a_filename_prefix.py,65,300,yes,subprocess.run,_run,TimeoutExpired escapes -> process crashes / test ERRORs -> recorded as a defect
A,subprocess timeout=,plugin/programs/tests/test_layer_membership_is_declared_not_inferred_from_a_filename_prefix.py,111,300,yes,subprocess.run,test_a_missing_tree_is_undetermined_not_a_pass,TimeoutExpired escapes -> process crashes / test ERRORs -> recorded as a defect
A,subprocess timeout=,plugin/programs/tests/test_layer_membership_is_declared_not_inferred_from_a_filename_prefix.py,117,300,yes,subprocess.run,test_a_bad_invocation_is_rc_3,TimeoutExpired escapes -> process crashes / test ERRORs -> recorded as a defect
A,subprocess timeout=,plugin/programs/tests/test_layer_membership_is_declared_not_inferred_from_a_filename_prefix.py,132,1800,yes,subprocess.run,test_the_shipped_tree_is_RED_and_that_is_the_point,TimeoutExpired escapes -> process crashes / test ERRORs -> recorded as a defect
A,subprocess timeout=,plugin/programs/tests/test_layer_membership_is_declared_not_inferred_from_a_filename_prefix.py,184,900,yes,subprocess.run,test_no_test_files_read_is_undetermined_not_a_pass,TimeoutExpired escapes -> process crashes / test ERRORs -> recorded as a defect
A,subprocess timeout=,plugin/programs/tests/test_lec_include_hub_aggregator.py,241,30,yes,subprocess.run,_yosys_available,handler records a FAILING verdict
A,subprocess timeout=,plugin/programs/tests/test_lec_include_hub_aggregator.py,274,60,yes,subprocess.run,test_single_unit_does_not_break_a_macro_redefining_design,TimeoutExpired escapes -> process crashes / test ERRORs -> recorded as a defect
A,subprocess timeout=,plugin/programs/tests/test_lec_include_hub_aggregator.py,298,60,yes,subprocess.run,test_hub_design_elaborates_after_the_fix,TimeoutExpired escapes -> process crashes / test ERRORs -> recorded as a defect
A,subprocess timeout=,plugin/programs/tests/test_lec_post_layout_check.py,162,30,yes,subprocess.run,_container_sees,handler records a FAILING verdict
A,subprocess timeout=,plugin/programs/tests/test_lec_post_layout_check.py,192,60,yes,subprocess.run,_run_equiv_in_container,TimeoutExpired escapes -> process crashes / test ERRORs -> recorded as a defect
A,subprocess timeout=,plugin/programs/tests/test_lec_run.py,215,60,call-through,lec_run.run_yosys_equiv,test_container_timeout_rc_reattaches_budget_marker,TimeoutExpired escapes -> process crashes / test ERRORs -> recorded as a defect
A,subprocess timeout=,plugin/programs/tests/test_lec_run.py,232,10,call-through,lec_run.run_yosys_equiv,test_container_clean_rc_does_not_fabricate_marker,TimeoutExpired escapes -> process crashes / test ERRORs -> recorded as a defect
A,subprocess timeout=,plugin/programs/tests/test_lec_run.py,242,10,call-through,lec_run.run_yosys_equiv,test_container_tool_error_rc1_does_not_fabricate_marker,TimeoutExpired escapes -> process crashes / test ERRORs -> recorded as a defect
A,subprocess timeout=,plugin/programs/tests/test_lec_run.py,255,10,call-through,lec_run.run_yosys_equiv,test_container_timeout_rc_with_recorded_mismatch_still_fails,TimeoutExpired escapes -> process crashes / test ERRORs -> recorded as a defect
A,subprocess timeout=,plugin/programs/tests/test_lec_run.py,814,30,yes,subprocess.run,_mounted_workdir,handler records a FAILING verdict
A,subprocess timeout=,plugin/programs/tests/test_lec_run.py,835,60,yes,subprocess.run,_yosys,TimeoutExpired escapes -> process crashes / test ERRORs -> recorded as a defect
A,subprocess timeout=,plugin/programs/tests/test_lec_run.py,906,30,yes,subprocess.run,test_urandom_simblock_plus_async_reaches_verdict_via_synthesis_define,TimeoutExpired escapes -> process crashes / test ERRORs -> recorded as a defect
A,subprocess timeout=,plugin/programs/tests/test_lec_run.py,963,30,yes,subprocess.run,test_async_reset_reaches_verdict_on_slang_path_in_container,TimeoutExpired escapes -> process crashes / test ERRORs -> recorded as a defect
A,subprocess timeout=,plugin/programs/tests/test_lec_run.py,1124,30,yes,subprocess.run,test_widened_trigger_still_reports_a_corrupted_sv_design_as_not_equivalent,TimeoutExpired escapes -> process crashes / test ERRORs -> recorded as a defect
A,subprocess timeout=,plugin/programs/tests/test_lec_run.py,1629,600,call-through,_drive_lec,test_e2e_a_ground_out_proof_stops_instead_of_starting_over,TimeoutExpired escapes -> process crashes / test ERRORs -> recorded as a defect
A,subprocess timeout=,plugin/programs/tests/test_lec_run.py,1651,600,call-through,_drive_lec,test_e2e_b_a_real_gold_read_failure_still_recovers,TimeoutExpired escapes -> process crashes / test ERRORs -> recorded as a defect
A,subprocess timeout=,plugin/programs/tests/test_lec_run.py,1670,7195,call-through,_drive_lec,test_e2e_c_a_normal_problem_is_unchanged,TimeoutExpired escapes -> process crashes / test ERRORs -> recorded as a defect
A,subprocess timeout=,plugin/programs/tests/test_lec_run.py,1688,5,call-through,_drive_lec,test_e2e_a_tight_operator_budget_still_runs_once,TimeoutExpired escapes -> process crashes / test ERRORs -> recorded as a defect
A,subprocess timeout=,plugin/programs/tests/test_level_hysteresis_flag_oracle_check.py,124,60,yes,subprocess.run,run,TimeoutExpired escapes -> process crashes / test ERRORs -> recorded as a defect
A,subprocess timeout=,plugin/programs/tests/test_local_clone_does_not_borrow_objects_census.py,86,300,yes,subprocess.run,_run,TimeoutExpired escapes -> process crashes / test ERRORs -> recorded as a defect
A,subprocess timeout=,plugin/programs/tests/test_local_clone_does_not_borrow_objects_census.py,94,120,yes,subprocess.run,_git,TimeoutExpired escapes -> process crashes / test ERRORs -> recorded as a defect
A,subprocess timeout=,plugin/programs/tests/test_local_clone_does_not_borrow_objects_census.py,184,300,yes,subprocess.run,test_a_missing_tree_is_undetermined_not_a_pass,TimeoutExpired escapes -> process crashes / test ERRORs -> recorded as a defect
A,subprocess timeout=,plugin/programs/tests/test_local_clone_does_not_borrow_objects_census.py,190,300,yes,subprocess.run,test_a_bad_invocation_is_rc_3,TimeoutExpired escapes -> process crashes / test ERRORs -> recorded as a defect
A,subprocess timeout=,plugin/programs/tests/test_local_clone_does_not_borrow_objects_census.py,199,1800,yes,subprocess.run,test_the_shipped_tree_passes_its_own_rule,TimeoutExpired escapes -> process crashes / test ERRORs -> recorded as a defect
A,subprocess timeout=,plugin/programs/tests/test_local_clone_does_not_borrow_objects_census.py,214,1800,yes,subprocess.run,test_the_census_never_blocks_by_default,TimeoutExpired escapes -> process crashes / test ERRORs -> recorded as a defect
A,subprocess timeout=,plugin/programs/tests/test_local_clone_does_not_borrow_objects_census.py,238,900,yes,subprocess.run,test_a_count_over_an_empty_population_is_undetermined,TimeoutExpired escapes -> process crashes / test ERRORs -> recorded as a defect
A,subprocess timeout=,plugin/programs/tests/test_macro_obs_def_continuation_paths.py,325,60,yes,subprocess.run,_drive,TimeoutExpired escapes -> process crashes / test ERRORs -> recorded as a defect
A,subprocess timeout=,plugin/programs/tests/test_macro_obs_gate_enforcement_declared.py,119,60,yes,subprocess.run,test_the_audit_exits_zero_and_names_neither_gate_as_debt,TimeoutExpired escapes -> process crashes / test ERRORs -> recorded as a defect
A,subprocess timeout=,plugin/programs/tests/test_magic_illegal_overlap_check.py,358,180,yes,subprocess.run,test_real_magic_writes_a_dump_this_parser_reads,TimeoutExpired escapes -> process crashes / test ERRORs -> recorded as a defect
A,subprocess timeout=,plugin/programs/tests/test_manifest_leak_check.py,15,10,yes,subprocess.run,_run,TimeoutExpired escapes -> process crashes / test ERRORs -> recorded as a defect
A,subprocess timeout=,plugin/programs/tests/test_marketplace_version_sync_check.py,55,30,yes,subprocess.run,_run,TimeoutExpired escapes -> process crashes / test ERRORs -> recorded as a defect
A,subprocess timeout=,plugin/programs/tests/test_matrix_63x8_census_freshness.py,301,_CLI_TIMEOUT_S,yes,subprocess.run,test_the_generator_cli_can_go_red_and_green,TimeoutExpired escapes -> process crashes / test ERRORs -> recorded as a defect
A,measured elapsed vs literal,plugin/programs/tests/test_matrix_63x8_coverage.py,604,elapsed Gt 0.8,assert,,test_live_collection_relays_finite_semantic_progress_past_old_bound,a wall-clock number decides the test verdict
A,measured elapsed vs literal,plugin/programs/tests/test_matrix_63x8_coverage.py,630,elapsed Lt 3,assert,,test_live_collection_chatty_import_without_events_fails_closed,a wall-clock number decides the test verdict
A,subprocess timeout=,plugin/programs/tests/test_matrix_63x8_coverage.py,1680,0.1,call-through,relay_queue.get,_run_outcome_reports,TimeoutExpired escapes -> process crashes / test ERRORs -> recorded as a defect
A,measured elapsed vs literal,plugin/programs/tests/test_matrix_63x8_coverage.py,2010,elapsed Lt 6,assert,,test_nested_outcome_chatty_import_without_pytest_events_fails_closed,a wall-clock number decides the test verdict
A,subprocess timeout=,plugin/programs/tests/test_matrix_63x8_figure_coverage.py,120,timeout,yes,subprocess.run,_run,TimeoutExpired escapes -> process crashes / test ERRORs -> recorded as a defect
A,subprocess timeout=,plugin/programs/tests/test_matrix_artefact_mutation_channel.py,148,_ARTEFACT_REPLAY_TIMEOUT_S,call-through,L.replay_many,replay_results,TimeoutExpired escapes -> process crashes / test ERRORs -> recorded as a defect
A,subprocess timeout=,plugin/programs/tests/test_matrix_artefact_mutation_channel.py,550,_GIT_TIMEOUT_S,yes,subprocess.run,test_the_replay_never_mutates_the_published_run,TimeoutExpired escapes -> process crashes / test ERRORs -> recorded as a defect
A,subprocess timeout=,plugin/programs/tests/test_matrix_artefact_mutation_channel.py,757,_GIT_TIMEOUT_S,yes,subprocess.run,test_the_canary_run_is_never_written_by_this_repository,TimeoutExpired escapes -> process crashes / test ERRORs -> recorded as a defect
A,subprocess timeout=,plugin/programs/tests/test_matrix_d3_outputs_produced.py,1047,60,yes,subprocess.run,tracked_under,TimeoutExpired escapes -> process crashes / test ERRORs -> recorded as a defect
A,subprocess timeout=,plugin/programs/tests/test_matrix_d3_outputs_produced.py,1620,60,yes,subprocess.run,produce_live,TimeoutExpired escapes -> process crashes / test ERRORs -> recorded as a defect
A,subprocess timeout=,plugin/programs/tests/test_matrix_d3_outputs_produced.py,3748,60,yes,subprocess.run,test_d3_the_compliance_audit_does_not_create_declared_outputs,TimeoutExpired escapes -> process crashes / test ERRORs -> recorded as a defect
A,subprocess timeout=,plugin/programs/tests/test_matrix_d3_outputs_produced.py,4959,60,yes,subprocess.run,test_d3_the_publish_scope_is_what_the_publisher_actually_stages,TimeoutExpired escapes -> process crashes / test ERRORs -> recorded as a defect
A,subprocess timeout=,plugin/programs/tests/test_matrix_d6_skip_discipline.py,820,_SUBPROCESS_TIMEOUT_S,yes,subprocess.run,_run_scenario,TimeoutExpired escapes -> process crashes / test ERRORs -> recorded as a defect
A,subprocess timeout=,plugin/programs/tests/test_matrix_d6_skip_discipline.py,1288,_SUBPROCESS_TIMEOUT_S,yes,subprocess.run,_reachability,TimeoutExpired escapes -> process crashes / test ERRORs -> recorded as a defect
A,subprocess timeout=,plugin/programs/tests/test_matrix_d6_skip_discipline.py,1970,_SUBPROCESS_TIMEOUT_S,yes,subprocess.run,_headline_and_counts,TimeoutExpired escapes -> process crashes / test ERRORs -> recorded as a defect
A,subprocess timeout=,plugin/programs/tests/test_matrix_d9_verdict_consumed.py,344,_SUBPROCESS_TIMEOUT_S,yes,subprocess.run,_run_checker,TimeoutExpired escapes -> process crashes / test ERRORs -> recorded as a defect
A,subprocess timeout=,plugin/programs/tests/test_matrix_mutation_ledger.py,728,_PYTEST_TIMEOUT_S,yes,subprocess.run,test_the_gate_itself_reddens_on_a_grown_flow,TimeoutExpired escapes -> process crashes / test ERRORs -> recorded as a defect
A,subprocess timeout=,plugin/programs/tests/test_matrix_mutation_ledger.py,1064,7,call-through,L.replay_many,test_replay_many_reports_only_finite_completed_units_in_result_order,TimeoutExpired escapes -> process crashes / test ERRORs -> recorded as a defect
A,subprocess timeout=,plugin/programs/tests/test_matrix_mutation_ledger.py,1125,REPLAY_TIMEOUT,call-through,L.replay_many,test_a_cut_off_replay_omits_unstarted_pairs_and_never_a_verdict,TimeoutExpired escapes -> process crashes / test ERRORs -> recorded as a defect
A,subprocess timeout=,plugin/programs/tests/test_matrix_mutation_ledger.py,1130,REPLAY_TIMEOUT,call-through,L.replay_many,test_a_cut_off_replay_omits_unstarted_pairs_and_never_a_verdict,TimeoutExpired escapes -> process crashes / test ERRORs -> recorded as a defect
A,subprocess timeout=,plugin/programs/tests/test_matrix_mutation_ledger.py,1137,REPLAY_TIMEOUT,call-through,L.replay_many,test_a_cut_off_replay_omits_unstarted_pairs_and_never_a_verdict,TimeoutExpired escapes -> process crashes / test ERRORs -> recorded as a defect
A,subprocess timeout=,plugin/programs/tests/test_matrix_mutation_ledger.py,1392,REPLAY_TIMEOUT,call-through,L.replay_many,replay_results,TimeoutExpired escapes -> process crashes / test ERRORs -> recorded as a defect
A,subprocess timeout=,plugin/programs/tests/test_matrix_mutation_ledger.py,2018,_PYTEST_TIMEOUT_S,yes,subprocess.run,test_the_cell_test_addresses_are_real_pytest_nodes,TimeoutExpired escapes -> process crashes / test ERRORs -> recorded as a defect
A,subprocess timeout=,plugin/programs/tests/test_measured_empty_corpus_is_not_a_broken_pointer.py,180,60,yes,subprocess.run,test_a_correct_pointer_no_longer_kills_collection,TimeoutExpired escapes -> process crashes / test ERRORs -> recorded as a defect
A,subprocess timeout=,plugin/programs/tests/test_measured_empty_corpus_is_not_a_broken_pointer.py,284,60,yes,subprocess.run,_git,TimeoutExpired escapes -> process crashes / test ERRORs -> recorded as a defect
A,subprocess timeout=,plugin/programs/tests/test_metric_constant_across_differing_arms_is_not_measured.py,51,300,yes,subprocess.run,_run,TimeoutExpired escapes -> process crashes / test ERRORs -> recorded as a defect
A,subprocess timeout=,plugin/programs/tests/test_metric_constant_across_differing_arms_is_not_measured.py,108,300,yes,subprocess.run,test_a_missing_tree_is_undetermined_not_a_pass,TimeoutExpired escapes -> process crashes / test ERRORs -> recorded as a defect
A,subprocess timeout=,plugin/programs/tests/test_metric_constant_across_differing_arms_is_not_measured.py,114,300,yes,subprocess.run,test_a_bad_invocation_is_rc_3,TimeoutExpired escapes -> process crashes / test ERRORs -> recorded as a defect
A,subprocess timeout=,plugin/programs/tests/test_metric_constant_across_differing_arms_is_not_measured.py,129,900,yes,subprocess.run,test_the_shipped_tree_is_RED_and_names_the_corroborated_axis,TimeoutExpired escapes -> process crashes / test ERRORs -> recorded as a defect
A,subprocess timeout=,plugin/programs/tests/test_module_port_audit_header_shapes.py,182,45,yes,subprocess.run,test_a_genuinely_absent_port_is_still_reported,TimeoutExpired escapes -> process crashes / test ERRORs -> recorded as a defect
A,subprocess timeout=,plugin/programs/tests/test_module_port_audit_header_shapes.py,284,60,yes,subprocess.run,test_the_multi_dimensional_port_is_the_one_a_real_mismatch_is_caught_on,TimeoutExpired escapes -> process crashes / test ERRORs -> recorded as a defect
A,subprocess timeout=,plugin/programs/tests/test_mount_root_is_measured_not_named.py,337,120,yes,subprocess.run,_run_flattener,TimeoutExpired escapes -> process crashes / test ERRORs -> recorded as a defect
A,subprocess timeout=,plugin/programs/tests/test_named_empty_corpus_is_not_a_wrong_pointer.py,51,60,yes,subprocess.run,_git,TimeoutExpired escapes -> process crashes / test ERRORs -> recorded as a defect
A,subprocess timeout=,plugin/programs/tests/test_named_empty_corpus_is_not_a_wrong_pointer.py,80,300,yes,subprocess.run,_run,TimeoutExpired escapes -> process crashes / test ERRORs -> recorded as a defect
A,subprocess timeout=,plugin/programs/tests/test_neutered_gate_tree_check.py,33,_CLI_TIMEOUT_S,yes,subprocess.run,_cli,TimeoutExpired escapes -> process crashes / test ERRORs -> recorded as a defect
A,subprocess timeout=,plugin/programs/tests/test_neutered_gate_tree_check.py,163,_CLI_TIMEOUT_S,yes,subprocess.run,test_the_checker_is_wired_into_the_hygiene_lane,TimeoutExpired escapes -> process crashes / test ERRORs -> recorded as a defect
A,subprocess timeout=,plugin/programs/tests/test_no_instrument_lets_a_traceback_escape.py,125,900,yes,subprocess.run,test_no_traceback_escapes_on_a_hostile_tree,TimeoutExpired escapes -> process crashes / test ERRORs -> recorded as a defect
A,subprocess timeout=,plugin/programs/tests/test_not_verified_tier.py,78,55,yes,subprocess.run,_run_probe,TimeoutExpired escapes -> process crashes / test ERRORs -> recorded as a defect
A,subprocess timeout=,plugin/programs/tests/test_oe_pattern_check_token_boundary.py,101,60,yes,subprocess.run,_run,TimeoutExpired escapes -> process crashes / test ERRORs -> recorded as a defect
A,subprocess timeout=,plugin/programs/tests/test_oe_pattern_check_vacuous.py,50,45,yes,subprocess.run,_run,TimeoutExpired escapes -> process crashes / test ERRORs -> recorded as a defect
A,subprocess timeout=,plugin/programs/tests/test_only_the_declaring_step_writes_its_output_census.py,100,300,yes,subprocess.run,_run,TimeoutExpired escapes -> process crashes / test ERRORs -> recorded as a defect
A,subprocess timeout=,plugin/programs/tests/test_only_the_declaring_step_writes_its_output_census.py,162,1800,yes,subprocess.run,test_self_test_passes_on_the_shipped_flow,TimeoutExpired escapes -> process crashes / test ERRORs -> recorded as a defect
A,subprocess timeout=,plugin/programs/tests/test_only_the_declaring_step_writes_its_output_census.py,180,300,yes,subprocess.run,test_a_missing_tree_is_undetermined_not_a_pass,TimeoutExpired escapes -> process crashes / test ERRORs -> recorded as a defect
A,subprocess timeout=,plugin/programs/tests/test_only_the_declaring_step_writes_its_output_census.py,186,300,yes,subprocess.run,test_a_bad_invocation_is_rc_3,TimeoutExpired escapes -> process crashes / test ERRORs -> recorded as a defect
A,subprocess timeout=,plugin/programs/tests/test_only_the_declaring_step_writes_its_output_census.py,195,1800,yes,subprocess.run,test_the_shipped_tree_passes_its_own_rule,TimeoutExpired escapes -> process crashes / test ERRORs -> recorded as a defect
A,subprocess timeout=,plugin/programs/tests/test_only_the_declaring_step_writes_its_output_census.py,212,1800,yes,subprocess.run,test_the_census_never_blocks_by_default,TimeoutExpired escapes -> process crashes / test ERRORs -> recorded as a defect
A,subprocess timeout=,plugin/programs/tests/test_openroad_tcl_deprecation_check_gate.py,34,45,yes,subprocess.run,_run,TimeoutExpired escapes -> process crashes / test ERRORs -> recorded as a defect
A,subprocess timeout=,plugin/programs/tests/test_orchestrator_log_order_under_redirect.py,65,_PROBE_TIMEOUT_S,yes,subprocess.run,_redirected_order,TimeoutExpired escapes -> process crashes / test ERRORs -> recorded as a defect
A,subprocess timeout=,plugin/programs/tests/test_orchestrator_log_order_under_redirect.py,104,_PROBE_TIMEOUT_S,yes,subprocess.run,test_each_orchestrator_line_buffers_its_own_stream,TimeoutExpired escapes -> process crashes / test ERRORs -> recorded as a defect
A,subprocess timeout=,plugin/programs/tests/test_org_duplicate_fork_check.py,64,60,call-through,D._gh,_enumerate_from_the_installed_fake,TimeoutExpired escapes -> process crashes / test ERRORs -> recorded as a defect
A,subprocess timeout=,plugin/programs/tests/test_organic381_artefact_defect_close_requires_the_artefact.py,189,60,yes,subprocess.run,_git,TimeoutExpired escapes -> process crashes / test ERRORs -> recorded as a defect
A,subprocess timeout=,plugin/programs/tests/test_organic381_artefact_defect_close_requires_the_artefact.py,222,60,yes,subprocess.run,_run,TimeoutExpired escapes -> process crashes / test ERRORs -> recorded as a defect
A,subprocess timeout=,plugin/programs/tests/test_organic381_artefact_defect_close_requires_the_artefact.py,306,60,yes,subprocess.run,test_a_sweep_without_an_issue_corpus_says_skipped_not_pass,TimeoutExpired escapes -> process crashes / test ERRORs -> recorded as a defect
A,subprocess timeout=,plugin/programs/tests/test_organic381_artefact_defect_close_requires_the_artefact.py,322,60,yes,subprocess.run,_toplevel,TimeoutExpired escapes -> process crashes / test ERRORs -> recorded as a defect
A,subprocess timeout=,plugin/programs/tests/test_organic381_artefact_defect_close_requires_the_artefact.py,413,60,yes,subprocess.run,test_real_history_the_sweep_is_quiet_on_this_repo,TimeoutExpired escapes -> process crashes / test ERRORs -> recorded as a defect
A,subprocess timeout=,plugin/programs/tests/test_organic_20260705_cvdp_module_name_prose_and_l9_backfill.py,153,60,yes,subprocess.run,test_end_to_end_phase1_populates_l9_top_module_and_ports,TimeoutExpired escapes -> process crashes / test ERRORs -> recorded as a defect
A,subprocess timeout=,plugin/programs/tests/test_organic_chip_agnostic_reports_its_denominator.py,44,60,yes,subprocess.run,_run,TimeoutExpired escapes -> process crashes / test ERRORs -> recorded as a defect
A,subprocess timeout=,plugin/programs/tests/test_otp_image_nonzero_check.py,40,30,yes,subprocess.run,_run,TimeoutExpired escapes -> process crashes / test ERRORs -> recorded as a defect
A,subprocess timeout=,plugin/programs/tests/test_p0_disposition_backing.py,281,30,yes,subprocess.run,_run,TimeoutExpired escapes -> process crashes / test ERRORs -> recorded as a defect
A,subprocess timeout=,plugin/programs/tests/test_pad_ring.py,1737,600,yes,subprocess.run,test_the_placer_agrees_with_the_orientation_constants,TimeoutExpired escapes -> process crashes / test ERRORs -> recorded as a defect
A,subprocess timeout=,plugin/programs/tests/test_pad_ring.py,2126,900,yes,subprocess.run,_measure_placer_orientations,TimeoutExpired escapes -> process crashes / test ERRORs -> recorded as a defect
A,subprocess timeout=,plugin/programs/tests/test_pass_voided_by_dependency.py,51,30,yes,subprocess.run,_run,TimeoutExpired escapes -> process crashes / test ERRORs -> recorded as a defect
A,subprocess timeout=,plugin/programs/tests/test_pass_voided_by_dependency.py,129,55,yes,subprocess.run,_run_probe,TimeoutExpired escapes -> process crashes / test ERRORs -> recorded as a defect
A,subprocess timeout=,plugin/programs/tests/test_path_step_matrix_ic_and_ip.py,472,600,yes,subprocess.run,_run_gate,TimeoutExpired escapes -> process crashes / test ERRORs -> recorded as a defect
A,subprocess timeout=,plugin/programs/tests/test_path_step_matrix_ic_and_ip.py,665,120.0,call-through,TP.evaluate,test_a_self_tapeout_on_a_shuttle_pdk_is_refused_at_37_5ic,TimeoutExpired escapes -> process crashes / test ERRORs -> recorded as a defect
A,subprocess timeout=,plugin/programs/tests/test_path_step_matrix_ic_and_ip.py,1070,300,yes,subprocess.run,_drive_step_0_5ic,TimeoutExpired escapes -> process crashes / test ERRORs -> recorded as a defect
A,subprocess timeout=,plugin/programs/tests/test_pdk_registry_asset_half_reads_the_pinned_image.py,217,60,yes,subprocess.run,test_the_program_still_runs_end_to_end,TimeoutExpired escapes -> process crashes / test ERRORs -> recorded as a defect
A,subprocess timeout=,plugin/programs/tests/test_perc_corpus_sweep.py,120,60,yes,subprocess.run,test_cli_json_array,TimeoutExpired escapes -> process crashes / test ERRORs -> recorded as a defect
A,subprocess timeout=,plugin/programs/tests/test_perc_corpus_sweep.py,235,60,yes,subprocess.run,test_cli_vintage_only_flag,TimeoutExpired escapes -> process crashes / test ERRORs -> recorded as a defect
A,subprocess timeout=,plugin/programs/tests/test_phase1_issue12_v1681_scaffold_purge.py,68,60,yes,subprocess.run,_run_runner,TimeoutExpired escapes -> process crashes / test ERRORs -> recorded as a defect
A,subprocess timeout=,plugin/programs/tests/test_phase1_issue15_l10_l11_residual.py,54,60,yes,subprocess.run,_run_runner,TimeoutExpired escapes -> process crashes / test ERRORs -> recorded as a defect
A,subprocess timeout=,plugin/programs/tests/test_phase1_layer_demand_probe.py,83,45,yes,subprocess.run,_run,TimeoutExpired escapes -> process crashes / test ERRORs -> recorded as a defect
A,subprocess timeout=,plugin/programs/tests/test_phase1_one_shot_runner.py,69,timeout,yes,subprocess.run,_run,TimeoutExpired escapes -> process crashes / test ERRORs -> recorded as a defect
A,subprocess timeout=,plugin/programs/tests/test_phase1_one_shot_runner.py,122,_RUN_TIMEOUT_S,call-through,_run,test_reverse_one_staged_input_and_the_same_run_completes,TimeoutExpired escapes -> process crashes / test ERRORs -> recorded as a defect
A,subprocess timeout=,plugin/programs/tests/test_phase1_one_shot_runner.py,149,_RUN_TIMEOUT_S,call-through,_run,test_integration_report_shape,TimeoutExpired escapes -> process crashes / test ERRORs -> recorded as a defect
A,subprocess timeout=,plugin/programs/tests/test_phase1_open_backlog_fixes.py,62,30,call-through,p1doc._v1_6_580_run_step_with_watchdog,test_watchdog_raising_step_writes_stub_and_continues,TimeoutExpired escapes -> process crashes / test ERRORs -> recorded as a defect
A,subprocess timeout=,plugin/programs/tests/test_phase1_open_backlog_fixes.py,77,30,call-through,p1doc._v1_6_580_run_step_with_watchdog,test_watchdog_success_passes_through,TimeoutExpired escapes -> process crashes / test ERRORs -> recorded as a defect
A,subprocess timeout=,plugin/programs/tests/test_phase1_open_backlog_fixes.py,96,30,call-through,p1doc._v1_6_580_run_step_with_watchdog,test_watchdog_does_not_clobber_a_real_doc,TimeoutExpired escapes -> process crashes / test ERRORs -> recorded as a defect
A,subprocess timeout=,plugin/programs/tests/test_phase1_planned_consumer_starved_check.py,98,60,yes,subprocess.run,_run,TimeoutExpired escapes -> process crashes / test ERRORs -> recorded as a defect
A,subprocess timeout=,plugin/programs/tests/test_phase3_backend_step.py,29,timeout,yes,subprocess.run,_run,TimeoutExpired escapes -> process crashes / test ERRORs -> recorded as a defect
A,subprocess timeout=,plugin/programs/tests/test_phase3_one_shot_runner.py,89,timeout,yes,subprocess.run,_run,TimeoutExpired escapes -> process crashes / test ERRORs -> recorded as a defect
A,subprocess timeout=,plugin/programs/tests/test_phase3_routability_driven_placement.py,198,60,yes,subprocess.run,test_full_tcl_parses_in_tclsh,TimeoutExpired escapes -> process crashes / test ERRORs -> recorded as a defect
A,subprocess timeout=,plugin/programs/tests/test_phase3_routability_driven_placement.py,265,60,yes,subprocess.run,test_openroad_accepts_routability_driven_flag,TimeoutExpired escapes -> process crashes / test ERRORs -> recorded as a defect
A,subprocess timeout=,plugin/programs/tests/test_pnr_tool_fatal_signal_and_checkpoint_resume.py,888,30,yes,subprocess.run,_tcl_evals,TimeoutExpired escapes -> process crashes / test ERRORs -> recorded as a defect
A,subprocess timeout=,plugin/programs/tests/test_population_guard_asserts_equality_not_a_floor.py,95,300,yes,subprocess.run,_run,TimeoutExpired escapes -> process crashes / test ERRORs -> recorded as a defect
A,subprocess timeout=,plugin/programs/tests/test_population_guard_asserts_equality_not_a_floor.py,155,300,yes,subprocess.run,test_a_missing_tree_is_undetermined_not_a_pass,TimeoutExpired escapes -> process crashes / test ERRORs -> recorded as a defect
A,subprocess timeout=,plugin/programs/tests/test_population_guard_asserts_equality_not_a_floor.py,161,300,yes,subprocess.run,test_a_bad_invocation_is_rc_3,TimeoutExpired escapes -> process crashes / test ERRORs -> recorded as a defect
A,subprocess timeout=,plugin/programs/tests/test_population_guard_asserts_equality_not_a_floor.py,170,1800,yes,subprocess.run,test_the_shipped_tree_passes_its_own_rule,TimeoutExpired escapes -> process crashes / test ERRORs -> recorded as a defect
A,subprocess timeout=,plugin/programs/tests/test_population_pin_without_its_member_set.py,98,300,yes,subprocess.run,_run,TimeoutExpired escapes -> process crashes / test ERRORs -> recorded as a defect
A,subprocess timeout=,plugin/programs/tests/test_population_pin_without_its_member_set.py,156,300,yes,subprocess.run,test_a_missing_tree_is_undetermined_not_a_pass,TimeoutExpired escapes -> process crashes / test ERRORs -> recorded as a defect
A,subprocess timeout=,plugin/programs/tests/test_population_pin_without_its_member_set.py,162,300,yes,subprocess.run,test_a_bad_invocation_is_rc_3,TimeoutExpired escapes -> process crashes / test ERRORs -> recorded as a defect
A,subprocess timeout=,plugin/programs/tests/test_population_pin_without_its_member_set.py,171,1800,yes,subprocess.run,test_the_shipped_tree_passes_its_own_rule,TimeoutExpired escapes -> process crashes / test ERRORs -> recorded as a defect
A,subprocess timeout=,plugin/programs/tests/test_ppa_ablation_check.py,65,CLI_TIMEOUT_S,yes,subprocess.run,run,TimeoutExpired escapes -> process crashes / test ERRORs -> recorded as a defect
A,subprocess timeout=,plugin/programs/tests/test_ppa_ablation_check.py,389,CLI_TIMEOUT_S,yes,subprocess.run,test_a_bound_landing_redirects_the_corpus_and_says_so,TimeoutExpired escapes -> process crashes / test ERRORs -> recorded as a defect
A,subprocess timeout=,plugin/programs/tests/test_ppa_backend_openroad.py,348,120,yes,subprocess.run,_cli,TimeoutExpired escapes -> process crashes / test ERRORs -> recorded as a defect
A,subprocess timeout=,plugin/programs/tests/test_ppa_closure_run_cli.py,43,300,yes,subprocess.run,run,TimeoutExpired escapes -> process crashes / test ERRORs -> recorded as a defect
A,subprocess timeout=,plugin/programs/tests/test_ppa_contract_fixtures.py,142,CLI_TIMEOUT_S,yes,subprocess.run,run_cli,TimeoutExpired escapes -> process crashes / test ERRORs -> recorded as a defect
A,subprocess timeout=,plugin/programs/tests/test_ppa_contract_stability.py,61,CLI_TIMEOUT_S,yes,subprocess.run,_build,TimeoutExpired escapes -> process crashes / test ERRORs -> recorded as a defect
A,subprocess timeout=,plugin/programs/tests/test_ppa_corpus_mode.py,78,CLI_TIMEOUT_S,yes,subprocess.run,gate,TimeoutExpired escapes -> process crashes / test ERRORs -> recorded as a defect
A,subprocess timeout=,plugin/programs/tests/test_ppa_exemption_coverage_claim_is_measured.py,229,600,yes,subprocess.run,test_every_stated_coverage_number_is_the_one_the_gate_reports,TimeoutExpired escapes -> process crashes / test ERRORs -> recorded as a defect
A,subprocess timeout=,plugin/programs/tests/test_ppa_exemption_coverage_claim_is_measured.py,315,600,yes,subprocess.run,test_a_declaration_that_says_it_passes_is_on_a_gate_that_passes,TimeoutExpired escapes -> process crashes / test ERRORs -> recorded as a defect
A,subprocess timeout=,plugin/programs/tests/test_ppa_layer_backend_seam.py,70,timeout,yes,subprocess.run,_run,TimeoutExpired escapes -> process crashes / test ERRORs -> recorded as a defect
A,subprocess timeout=,plugin/programs/tests/test_ppa_layer_exit_contract.py,69,timeout,yes,subprocess.run,_run,TimeoutExpired escapes -> process crashes / test ERRORs -> recorded as a defect
A,subprocess timeout=,plugin/programs/tests/test_ppa_layer_internal_error_is_not_a_finding.py,80,timeout,yes,subprocess.run,_run,TimeoutExpired escapes -> process crashes / test ERRORs -> recorded as a defect
A,subprocess timeout=,plugin/programs/tests/test_ppa_layer_vacuous_population.py,67,timeout,yes,subprocess.run,_run,TimeoutExpired escapes -> process crashes / test ERRORs -> recorded as a defect
A,subprocess timeout=,plugin/programs/tests/test_practical_notes_specificity_check.py,91,20,yes,subprocess.run,_run,TimeoutExpired escapes -> process crashes / test ERRORs -> recorded as a defect
A,subprocess timeout=,plugin/programs/tests/test_practical_notes_specificity_check.py,109,10,yes,subprocess.run,test_help_works,TimeoutExpired escapes -> process crashes / test ERRORs -> recorded as a defect
A,subprocess timeout=,plugin/programs/tests/test_practical_notes_specificity_check.py,240,10,yes,subprocess.run,test_invalid_path_errors,TimeoutExpired escapes -> process crashes / test ERRORs -> recorded as a defect
A,subprocess timeout=,plugin/programs/tests/test_pre_push_failure_excerpt_shows_the_finding.py,91,60,yes,subprocess.run,_run,TimeoutExpired escapes -> process crashes / test ERRORs -> recorded as a defect
A,subprocess timeout=,plugin/programs/tests/test_pre_push_failure_excerpt_shows_the_finding.py,170,60,yes,subprocess.run,_run_strict,TimeoutExpired escapes -> process crashes / test ERRORs -> recorded as a defect
A,subprocess timeout=,plugin/programs/tests/test_program_inventory_no_drift.py,168,180,yes,subprocess.run,test_an_untracked_stray_module_does_not_move_any_count,TimeoutExpired escapes -> process crashes / test ERRORs -> recorded as a defect
A,subprocess timeout=,plugin/programs/tests/test_program_inventory_no_drift.py,239,600,yes,subprocess.run,test_check_mode_exits_zero_on_the_committed_tree,TimeoutExpired escapes -> process crashes / test ERRORs -> recorded as a defect
A,subprocess timeout=,plugin/programs/tests/test_program_reachability_check.py,83,30,yes,subprocess.run,_run,TimeoutExpired escapes -> process crashes / test ERRORs -> recorded as a defect
A,subprocess timeout=,plugin/programs/tests/test_programs_index_freshness.py,53,60,yes,subprocess.run,test_index_is_fresh,TimeoutExpired escapes -> process crashes / test ERRORs -> recorded as a defect
A,subprocess timeout=,plugin/programs/tests/test_prose_polarity_census.py,58,600,yes,subprocess.run,_run,TimeoutExpired escapes -> process crashes / test ERRORs -> recorded as a defect
A,subprocess timeout=,plugin/programs/tests/test_protocol_reference_tb_pass_check.py,265,60,call-through,_run,test_passing_rtl_pass,TimeoutExpired escapes -> process crashes / test ERRORs -> recorded as a defect
A,subprocess timeout=,plugin/programs/tests/test_protocol_reference_tb_pass_check.py,280,60,call-through,_run,test_silent_rtl_fail,TimeoutExpired escapes -> process crashes / test ERRORs -> recorded as a defect
A,subprocess timeout=,plugin/programs/tests/test_protocol_reference_tb_pass_check.py,296,60,call-through,_run,test_wrong_opcode_fail,TimeoutExpired escapes -> process crashes / test ERRORs -> recorded as a defect
A,subprocess timeout=,plugin/programs/tests/test_protocol_reference_tb_pass_check.py,355,60,call-through,_run,test_with_legacy_waiver_still_fails,TimeoutExpired escapes -> process crashes / test ERRORs -> recorded as a defect
A,subprocess timeout=,plugin/programs/tests/test_protocol_reference_tb_pass_check.py,370,60,call-through,_run,test_device_br_stub_violation,TimeoutExpired escapes -> process crashes / test ERRORs -> recorded as a defect
A,subprocess timeout=,plugin/programs/tests/test_protocol_reference_tb_pass_check.py,437,60,call-through,_run,test_wave35_scenarios_run_on_silent_stub,TimeoutExpired escapes -> process crashes / test ERRORs -> recorded as a defect
A,subprocess timeout=,plugin/programs/tests/test_provenance_check.py,14,15,yes,subprocess.run,_run_check,TimeoutExpired escapes -> process crashes / test ERRORs -> recorded as a defect
A,subprocess timeout=,plugin/programs/tests/test_provenance_check.py,115,15,yes,subprocess.run,test_logger_and_checker_roundtrip,TimeoutExpired escapes -> process crashes / test ERRORs -> recorded as a defect
A,subprocess timeout=,plugin/programs/tests/test_provenance_logger.py,16,30,yes,subprocess.run,_run_logger,TimeoutExpired escapes -> process crashes / test ERRORs -> recorded as a defect
A,subprocess timeout=,plugin/programs/tests/test_provenance_value_is_resolved_not_constant_census.py,86,300,yes,subprocess.run,_run,TimeoutExpired escapes -> process crashes / test ERRORs -> recorded as a defect
A,subprocess timeout=,plugin/programs/tests/test_provenance_value_is_resolved_not_constant_census.py,137,300,yes,subprocess.run,test_a_missing_tree_is_undetermined_not_a_pass,TimeoutExpired escapes -> process crashes / test ERRORs -> recorded as a defect
A,subprocess timeout=,plugin/programs/tests/test_provenance_value_is_resolved_not_constant_census.py,143,300,yes,subprocess.run,test_a_bad_invocation_is_rc_3,TimeoutExpired escapes -> process crashes / test ERRORs -> recorded as a defect
A,subprocess timeout=,plugin/programs/tests/test_provenance_value_is_resolved_not_constant_census.py,152,1800,yes,subprocess.run,test_the_shipped_tree_passes_its_own_rule,TimeoutExpired escapes -> process crashes / test ERRORs -> recorded as a defect
A,subprocess timeout=,plugin/programs/tests/test_provenance_value_is_resolved_not_constant_census.py,167,1800,yes,subprocess.run,test_the_census_never_blocks_by_default,TimeoutExpired escapes -> process crashes / test ERRORs -> recorded as a defect
A,subprocess timeout=,plugin/programs/tests/test_published_absence_claim_is_rechecked_against_the_tree.py,57,300,yes,subprocess.run,_run,TimeoutExpired escapes -> process crashes / test ERRORs -> recorded as a defect
A,subprocess timeout=,plugin/programs/tests/test_published_absence_claim_is_rechecked_against_the_tree.py,109,300,yes,subprocess.run,test_a_missing_tree_is_undetermined_not_a_pass,TimeoutExpired escapes -> process crashes / test ERRORs -> recorded as a defect
A,subprocess timeout=,plugin/programs/tests/test_published_absence_claim_is_rechecked_against_the_tree.py,115,300,yes,subprocess.run,test_a_bad_invocation_is_rc_3,TimeoutExpired escapes -> process crashes / test ERRORs -> recorded as a defect
A,subprocess timeout=,plugin/programs/tests/test_published_absence_claim_is_rechecked_against_the_tree.py,125,1800,yes,subprocess.run,test_the_shipped_tree_is_green_over_a_NON_EMPTY_population,TimeoutExpired escapes -> process crashes / test ERRORs -> recorded as a defect
A,subprocess timeout=,plugin/programs/tests/test_published_corpus_helper.py,58,60,yes,subprocess.run,_in_subprocess,TimeoutExpired escapes -> process crashes / test ERRORs -> recorded as a defect
A,subprocess timeout=,plugin/programs/tests/test_published_record_staleness_check.py,123,60,yes,subprocess.run,_run,TimeoutExpired escapes -> process crashes / test ERRORs -> recorded as a defect
A,subprocess timeout=,plugin/programs/tests/test_published_record_staleness_check.py,481,60,yes,subprocess.run,test_re_reviewing_the_rules_clears_the_drift,TimeoutExpired escapes -> process crashes / test ERRORs -> recorded as a defect
A,subprocess timeout=,plugin/programs/tests/test_published_record_staleness_check.py,705,60,yes,subprocess.run,test_the_shipped_register_is_current,TimeoutExpired escapes -> process crashes / test ERRORs -> recorded as a defect
A,subprocess timeout=,plugin/programs/tests/test_published_record_staleness_check.py,724,60,yes,subprocess.run,test_adjudicator_agrees_with_what_the_real_gate_emits,TimeoutExpired escapes -> process crashes / test ERRORs -> recorded as a defect
A,subprocess timeout=,plugin/programs/tests/test_published_record_staleness_check.py,1042,60,yes,subprocess.run,test_the_real_corpus_is_not_written_to,TimeoutExpired escapes -> process crashes / test ERRORs -> recorded as a defect
A,subprocess timeout=,plugin/programs/tests/test_published_record_staleness_check.py,1046,60,yes,subprocess.run,test_the_real_corpus_is_not_written_to,TimeoutExpired escapes -> process crashes / test ERRORs -> recorded as a defect
A,subprocess timeout=,plugin/programs/tests/test_pytest_per_file_junit.py,465,_T,yes,subprocess.run,_run_driver,TimeoutExpired escapes -> process crashes / test ERRORs -> recorded as a defect
A,measured elapsed vs literal,plugin/programs/tests/test_pytest_per_file_junit.py,626,elapsed Gt 0.9,assert,,test_silent_pytest_boundaries_keep_a_long_session_alive,a wall-clock number decides the test verdict
A,measured elapsed vs literal,plugin/programs/tests/test_pytest_per_file_junit.py,653,elapsed Gt 0.9,assert,,test_finite_domain_checkpoints_keep_one_long_test_item_alive,a wall-clock number decides the test verdict
A,measured elapsed vs literal,plugin/programs/tests/test_pytest_per_file_junit.py,674,elapsed Gt 4.5,assert,,test_nested_validated_progress_is_relayed_to_the_outer_session,a wall-clock number decides the test verdict
A,measured elapsed vs literal,plugin/programs/tests/test_pytest_per_file_junit.py,696,elapsed Gt 0.8,assert,,test_nested_collect_progress_is_relayed_to_the_outer_session,a wall-clock number decides the test verdict
A,measured elapsed vs literal,plugin/programs/tests/test_pytest_per_file_junit.py,771,elapsed Gt 0.8,assert,,test_progressing_collection_may_outlive_many_stall_windows,a wall-clock number decides the test verdict
A,measured elapsed vs literal,plugin/programs/tests/test_pytest_per_file_junit.py,805,elapsed Lt 3,assert,,test_collect_import_activity_without_semantic_transition_is_norecord,a wall-clock number decides the test verdict
A,subprocess timeout=,plugin/programs/tests/test_pytest_per_file_junit.py,1124,15,yes,driver.communicate,test_term_during_cleanup_cancels_before_fallback_and_leaves_zero,TimeoutExpired escapes -> process crashes / test ERRORs -> recorded as a defect
A,subprocess timeout=,plugin/programs/tests/test_pytest_per_file_junit.py,1135,5,call-through,driver.wait,test_term_during_cleanup_cancels_before_fallback_and_leaves_zero,TimeoutExpired escapes -> process crashes / test ERRORs -> recorded as a defect
A,subprocess timeout=,plugin/programs/tests/test_pytest_per_file_junit.py,1180,15,call-through,driver.wait,test_driver_signal_cleanup_reaps_the_active_detached_descendant,TimeoutExpired escapes -> process crashes / test ERRORs -> recorded as a defect
A,measured elapsed vs literal,plugin/programs/tests/test_pytest_per_file_junit.py,1583,elapsed Lt 18,assert,,test_systemic_import_hang_recovery_is_bounded_parallel_not_serial,a wall-clock number decides the test verdict
A,subprocess timeout=,plugin/programs/tests/test_pytest_per_file_junit.py,1641,15,call-through,driver.wait,test_signal_during_parallel_fallback_reaps_detached_descendant,TimeoutExpired escapes -> process crashes / test ERRORs -> recorded as a defect
A,subprocess timeout=,plugin/programs/tests/test_pytest_per_file_junit.py,1650,5,call-through,driver.wait,test_signal_during_parallel_fallback_reaps_detached_descendant,TimeoutExpired escapes -> process crashes / test ERRORs -> recorded as a defect
A,subprocess timeout=,plugin/programs/tests/test_pytest_per_file_junit.py,2248,_T,yes,subprocess.run,_run_driver_in,TimeoutExpired escapes -> process crashes / test ERRORs -> recorded as a defect
A,subprocess timeout=,plugin/programs/tests/test_pytest_per_file_junit.py,2319,_T,yes,subprocess.run,test_a_maxfail_prefix_is_named_and_still_refused,TimeoutExpired escapes -> process crashes / test ERRORs -> recorded as a defect
A,subprocess timeout=,plugin/programs/tests/test_pytest_per_file_junit.py,2345,_T,yes,subprocess.run,test_a_real_stall_is_not_reclassified_as_a_truncation,TimeoutExpired escapes -> process crashes / test ERRORs -> recorded as a defect
A,subprocess timeout=,plugin/programs/tests/test_pytest_per_file_junit.py,2370,_T,yes,subprocess.run,test_a_zero_collecting_file_is_not_reclassified_as_a_truncation,TimeoutExpired escapes -> process crashes / test ERRORs -> recorded as a defect
A,subprocess timeout=,plugin/programs/tests/test_qsf_gen.py,52,30,yes,subprocess.run,test_qsf_gen_l9_only,TimeoutExpired escapes -> process crashes / test ERRORs -> recorded as a defect
A,subprocess timeout=,plugin/programs/tests/test_qsf_gen.py,73,30,yes,subprocess.run,test_qsf_gen_with_wrapper,TimeoutExpired escapes -> process crashes / test ERRORs -> recorded as a defect
A,subprocess timeout=,plugin/programs/tests/test_qsf_gen.py,93,30,yes,subprocess.run,test_qsf_skip_when_same_name_present,TimeoutExpired escapes -> process crashes / test ERRORs -> recorded as a defect
A,subprocess timeout=,plugin/programs/tests/test_qsf_gen.py,105,30,yes,subprocess.run,test_qsf_force_overwrites,TimeoutExpired escapes -> process crashes / test ERRORs -> recorded as a defect
A,subprocess timeout=,plugin/programs/tests/test_qsf_gen_open_drain_from_l9.py,43,30,yes,subprocess.run,_run,TimeoutExpired escapes -> process crashes / test ERRORs -> recorded as a defect
A,subprocess timeout=,plugin/programs/tests/test_r7_surface_residue_def_units_and_second_declared_target.py,93,60,yes,subprocess.run,_run_sdc_gen,TimeoutExpired escapes -> process crashes / test ERRORs -> recorded as a defect
A,subprocess timeout=,plugin/programs/tests/test_r7_surface_residue_def_units_and_second_declared_target.py,223,60,yes,subprocess.run,_run_pdk_gate,TimeoutExpired escapes -> process crashes / test ERRORs -> recorded as a defect
A,subprocess timeout=,plugin/programs/tests/test_rc2_names_the_artefact_it_awaits_not_the_one_it_read.py,53,600,yes,subprocess.run,_run,TimeoutExpired escapes -> process crashes / test ERRORs -> recorded as a defect
A,subprocess timeout=,plugin/programs/tests/test_rc2_over_a_nonempty_population_names_the_artefact.py,187,600,yes,subprocess.run,_run,TimeoutExpired escapes -> process crashes / test ERRORs -> recorded as a defect
A,subprocess timeout=,plugin/programs/tests/test_reference_control_resolved_through_a_mutable_ref.py,91,300,yes,subprocess.run,_run,TimeoutExpired escapes -> process crashes / test ERRORs -> recorded as a defect
A,subprocess timeout=,plugin/programs/tests/test_reference_control_resolved_through_a_mutable_ref.py,151,300,yes,subprocess.run,test_a_missing_tree_is_undetermined_not_a_pass,TimeoutExpired escapes -> process crashes / test ERRORs -> recorded as a defect
A,subprocess timeout=,plugin/programs/tests/test_reference_control_resolved_through_a_mutable_ref.py,157,300,yes,subprocess.run,test_a_bad_invocation_is_rc_3,TimeoutExpired escapes -> process crashes / test ERRORs -> recorded as a defect
A,subprocess timeout=,plugin/programs/tests/test_reference_control_resolved_through_a_mutable_ref.py,166,900,yes,subprocess.run,test_the_shipped_tree_passes_its_own_rule,TimeoutExpired escapes -> process crashes / test ERRORs -> recorded as a defect
A,subprocess timeout=,plugin/programs/tests/test_reference_control_resolved_through_a_mutable_ref.py,187,900,yes,subprocess.run,test_an_empty_population_is_undetermined_not_a_pass,TimeoutExpired escapes -> process crashes / test ERRORs -> recorded as a defect
A,subprocess timeout=,plugin/programs/tests/test_reference_tb_iverilog_container_aware.py,203,_T_PATCHED,call-through,dosr._sim_run_or_reuse,test_stage_runs_vvp_in_container_too,TimeoutExpired escapes -> process crashes / test ERRORs -> recorded as a defect
A,subprocess timeout=,plugin/programs/tests/test_reference_tb_iverilog_container_aware.py,222,_T_PATCHED,call-through,dosr._sim_run_or_reuse,test_sim_run_or_reuse_host_default_is_backward_compatible,TimeoutExpired escapes -> process crashes / test ERRORs -> recorded as a defect
A,subprocess timeout=,plugin/programs/tests/test_reference_tb_iverilog_container_aware.py,234,_T_PATCHED,call-through,dosr._sim_run_or_reuse,test_verilator_sva_reuse_never_runs_vvp,TimeoutExpired escapes -> process crashes / test ERRORs -> recorded as a defect
A,subprocess timeout=,plugin/programs/tests/test_registry_is_the_iteration_domain.py,92,300,yes,subprocess.run,_run,TimeoutExpired escapes -> process crashes / test ERRORs -> recorded as a defect
A,subprocess timeout=,plugin/programs/tests/test_registry_is_the_iteration_domain.py,156,300,yes,subprocess.run,test_a_missing_tree_is_undetermined_not_a_pass,TimeoutExpired escapes -> process crashes / test ERRORs -> recorded as a defect
A,subprocess timeout=,plugin/programs/tests/test_registry_is_the_iteration_domain.py,172,300,yes,subprocess.run,test_a_bad_invocation_is_rc_3,TimeoutExpired escapes -> process crashes / test ERRORs -> recorded as a defect
A,subprocess timeout=,plugin/programs/tests/test_registry_is_the_iteration_domain.py,189,1800,yes,subprocess.run,test_the_run_states_the_clause_reach_not_only_the_findings,TimeoutExpired escapes -> process crashes / test ERRORs -> recorded as a defect
A,subprocess timeout=,plugin/programs/tests/test_registry_is_the_iteration_domain.py,255,900,yes,subprocess.run,test_the_shipped_tree_passes_its_own_rule,TimeoutExpired escapes -> process crashes / test ERRORs -> recorded as a defect
A,subprocess timeout=,plugin/programs/tests/test_repo_hygiene_parallel.py,405,0.3,call-through,?,test_worker_waits_for_completion_while_progress_events_keep_advancing,TimeoutExpired escapes -> process crashes / test ERRORs -> recorded as a defect
A,subprocess timeout=,plugin/programs/tests/test_repo_hygiene_parallel.py,418,0.3,call-through,?,test_worker_classifies_silent_idle_process_as_stalled_not_timed_out,TimeoutExpired escapes -> process crashes / test ERRORs -> recorded as a defect
A,subprocess timeout=,plugin/programs/tests/test_repo_hygiene_parallel.py,445,0.25,call-through,?,test_output_and_cpu_cannot_renew_attestation_progress,TimeoutExpired escapes -> process crashes / test ERRORs -> recorded as a defect
A,subprocess timeout=,plugin/programs/tests/test_repo_hygiene_parallel.py,471,0.25,call-through,?,test_unassigned_self_hashed_attestations_cannot_renew_progress,TimeoutExpired escapes -> process crashes / test ERRORs -> recorded as a defect
A,subprocess timeout=,plugin/programs/tests/test_repo_hygiene_parallel.py,495,0.3,call-through,?,test_inflight_partial_attestation_is_not_permanently_poisoned,TimeoutExpired escapes -> process crashes / test ERRORs -> recorded as a defect
A,subprocess timeout=,plugin/programs/tests/test_repo_hygiene_parallel.py,517,0.3,call-through,?,test_launch_critical_section_does_not_block_term_in_the_job,TimeoutExpired escapes -> process crashes / test ERRORs -> recorded as a defect
A,subprocess timeout=,plugin/programs/tests/test_repo_hygiene_parallel.py,529,0.3,call-through,?,test_parallel_runs_keep_each_helpers_wait_status_isolated,TimeoutExpired escapes -> process crashes / test ERRORs -> recorded as a defect
A,subprocess timeout=,plugin/programs/tests/test_repo_hygiene_parallel.py,629,0.25,call-through,?,_stalling_tree,TimeoutExpired escapes -> process crashes / test ERRORs -> recorded as a defect
A,subprocess timeout=,plugin/programs/tests/test_repo_hygiene_parallel.py,688,0.25,call-through,?,test_pidfd_unavailable_refuses_before_launch,TimeoutExpired escapes -> process crashes / test ERRORs -> recorded as a defect
A,subprocess timeout=,plugin/programs/tests/test_repo_hygiene_parallel.py,787,1,call-through,?,test_transient_incomplete_census_cannot_publish_zero_with_live_descendant,TimeoutExpired escapes -> process crashes / test ERRORs -> recorded as a defect
A,subprocess timeout=,plugin/programs/tests/test_repo_hygiene_parallel.py,925,0.15,call-through,?,test_dispatcher_returns_rc2_when_reaper_reports_termination_pending,TimeoutExpired escapes -> process crashes / test ERRORs -> recorded as a defect
A,subprocess timeout=,plugin/programs/tests/test_repo_hygiene_parallel.py,955,0.15,call-through,?,test_pending_sidecar_failure_keeps_cleanup_owned_and_returns_rc2,TimeoutExpired escapes -> process crashes / test ERRORs -> recorded as a defect
A,subprocess timeout=,plugin/programs/tests/test_report_audit_step_scoping.py,81,60,yes,subprocess.run,_run,TimeoutExpired escapes -> process crashes / test ERRORs -> recorded as a defect
A,subprocess timeout=,plugin/programs/tests/test_report_wrappers.py,29,10,yes,subprocess.run,_run_wrapper,TimeoutExpired escapes -> process crashes / test ERRORs -> recorded as a defect
A,subprocess timeout=,plugin/programs/tests/test_reported_evidence_is_the_reported_run.py,59,60,yes,subprocess.run,_run,TimeoutExpired escapes -> process crashes / test ERRORs -> recorded as a defect
A,subprocess timeout=,plugin/programs/tests/test_reset_alias_tri0_driven_reset_port_bug.py,171,60,yes,subprocess.run,test_additive_wrapper_reset_matrix_behaves,TimeoutExpired escapes -> process crashes / test ERRORs -> recorded as a defect
A,subprocess timeout=,plugin/programs/tests/test_reset_alias_tri0_driven_reset_port_bug.py,235,60,yes,subprocess.run,test_sv2v_with_dyosys_strips_tri_from_wrapper,TimeoutExpired escapes -> process crashes / test ERRORs -> recorded as a defect
A,subprocess timeout=,plugin/programs/tests/test_reset_alias_tri0_driven_reset_port_bug.py,242,60,yes,subprocess.run,test_sv2v_with_dyosys_strips_tri_from_wrapper,TimeoutExpired escapes -> process crashes / test ERRORs -> recorded as a defect
A,subprocess timeout=,plugin/programs/tests/test_retired_pytest_plugin_request_check.py,47,_T,yes,subprocess.run,_run,TimeoutExpired escapes -> process crashes / test ERRORs -> recorded as a defect
A,subprocess timeout=,plugin/programs/tests/test_rollup_states_its_published_cell_count.py,60,300,yes,subprocess.run,_rollup,TimeoutExpired escapes -> process crashes / test ERRORs -> recorded as a defect
A,subprocess timeout=,plugin/programs/tests/test_root_relative_gate_pattern_does_not_abort_the_audit.py,77,55,yes,subprocess.run,_run,TimeoutExpired escapes -> process crashes / test ERRORs -> recorded as a defect
A,subprocess timeout=,plugin/programs/tests/test_round15_rs232_clear_control.py,180,60,yes,subprocess.run,_run_gate,TimeoutExpired escapes -> process crashes / test ERRORs -> recorded as a defect
A,subprocess timeout=,plugin/programs/tests/test_routed_checker_semantic_progress.py,108,5,call-through,?,test_real_checker_rc_and_output_are_identical_under_semantic_parent,TimeoutExpired escapes -> process crashes / test ERRORs -> recorded as a defect
A,subprocess timeout=,plugin/programs/tests/test_routed_checker_semantic_progress.py,166,5,call-through,?,test_macro_duplicate_master_keeps_historical_lef_order_under_semantics,TimeoutExpired escapes -> process crashes / test ERRORs -> recorded as a defect
A,subprocess timeout=,plugin/programs/tests/test_routed_checker_semantic_progress.py,183,0.2,call-through,?,test_same_size_change_between_parent_plan_and_child_is_norecord,TimeoutExpired escapes -> process crashes / test ERRORs -> recorded as a defect
A,subprocess timeout=,plugin/programs/tests/test_routed_checker_semantic_progress.py,354,1,call-through,?,test_malformed_gds_cannot_fall_back_to_a_path_reopening_parser,TimeoutExpired escapes -> process crashes / test ERRORs -> recorded as a defect
A,subprocess timeout=,plugin/programs/tests/test_routed_checker_semantic_progress.py,395,0.2,call-through,?,test_cross_checkout_acceptance_inode_is_not_normalised_into_progress,TimeoutExpired escapes -> process crashes / test ERRORs -> recorded as a defect
A,subprocess timeout=,plugin/programs/tests/test_routed_checker_semantic_progress.py,420,0.09,call-through,?,test_slow_exact_checker_manifest_relays_past_one_stall_window,TimeoutExpired escapes -> process crashes / test ERRORs -> recorded as a defect
A,measured elapsed vs literal,plugin/programs/tests/test_routed_checker_semantic_progress.py,427,elapsed Gt 0.09,assert,,test_slow_exact_checker_manifest_relays_past_one_stall_window,a wall-clock number decides the test verdict
A,subprocess timeout=,plugin/programs/tests/test_routed_checker_semantic_progress.py,443,0.1,call-through,?,test_silent_chatty_and_busy_activity_cannot_renew_checker_manifest,TimeoutExpired escapes -> process crashes / test ERRORs -> recorded as a defect
A,subprocess timeout=,plugin/programs/tests/test_routed_checker_semantic_progress.py,468,0.12,call-through,?,test_forged_nonce_cannot_renew_checker_manifest,TimeoutExpired escapes -> process crashes / test ERRORs -> recorded as a defect
A,subprocess timeout=,plugin/programs/tests/test_routed_checker_semantic_progress.py,500,0.12,call-through,?,test_malformed_order_duplicate_and_missing_terminal_are_norecord,TimeoutExpired escapes -> process crashes / test ERRORs -> recorded as a defect
A,measured elapsed vs literal,plugin/programs/tests/test_router_reads_rtl_embedded_in_the_prompt.py,129,elapsed Lt 2.0,assert,,test_the_detector_cannot_be_made_to_hang_on_a_hostile_prompt,a wall-clock number decides the test verdict
A,subprocess timeout=,plugin/programs/tests/test_rtllm_capture_delayed_clock_toggle.py,92,30,yes,subprocess.run,test_cli_fix_wires_the_repair_into_the_canonical_emit_path,TimeoutExpired escapes -> process crashes / test ERRORs -> recorded as a defect
A,subprocess timeout=,plugin/programs/tests/test_rtllm_capture_delayed_clock_toggle.py,237,30,yes,subprocess.run,test_fix_reproduces_same_timestamp_official_sampling_semantics,TimeoutExpired escapes -> process crashes / test ERRORs -> recorded as a defect
A,subprocess timeout=,plugin/programs/tests/test_rtllm_capture_delayed_clock_toggle.py,241,30,yes,subprocess.run,test_fix_reproduces_same_timestamp_official_sampling_semantics,TimeoutExpired escapes -> process crashes / test ERRORs -> recorded as a defect
A,subprocess timeout=,plugin/programs/tests/test_rtllm_capture_tb_dialect_fallback.py,61,30,yes,subprocess.run,test_tb_owned_reserved_word_retries_g2005_and_requires_marker,TimeoutExpired escapes -> process crashes / test ERRORs -> recorded as a defect
A,subprocess timeout=,plugin/programs/tests/test_run_isolation.py,362,_CLI_TIMEOUT_S,yes,subprocess.run,test_the_cli_reports_pass_with_its_denominator,TimeoutExpired escapes -> process crashes / test ERRORs -> recorded as a defect
A,subprocess timeout=,plugin/programs/tests/test_run_isolation.py,370,_CLI_TIMEOUT_S,yes,subprocess.run,test_the_cli_refuses_a_subpath_it_cannot_see,TimeoutExpired escapes -> process crashes / test ERRORs -> recorded as a defect
A,subprocess timeout=,plugin/programs/tests/test_score_cocotb_functional_verdict_parser.py,250,60,yes,subprocess.run,test_priority_encoder_functional_pass_with_coverage_gate_flagged,TimeoutExpired escapes -> process crashes / test ERRORs -> recorded as a defect
A,subprocess timeout=,plugin/programs/tests/test_sdc_gen.py,44,30,yes,subprocess.run,test_sdc_gen_l9_only,TimeoutExpired escapes -> process crashes / test ERRORs -> recorded as a defect
A,subprocess timeout=,plugin/programs/tests/test_sdc_gen.py,60,30,yes,subprocess.run,test_sdc_gen_with_wrapper,TimeoutExpired escapes -> process crashes / test ERRORs -> recorded as a defect
A,subprocess timeout=,plugin/programs/tests/test_sdc_gen.py,74,30,yes,subprocess.run,test_sdc_period_from_clock_mhz,TimeoutExpired escapes -> process crashes / test ERRORs -> recorded as a defect
A,subprocess timeout=,plugin/programs/tests/test_sdc_search_root_misdirection.py,118,60,yes,subprocess.run,_run,TimeoutExpired escapes -> process crashes / test ERRORs -> recorded as a defect
A,subprocess timeout=,plugin/programs/tests/test_sdc_validator_check.py,36,timeout,yes,subprocess.run,_run,TimeoutExpired escapes -> process crashes / test ERRORs -> recorded as a defect
A,subprocess timeout=,plugin/programs/tests/test_sdc_validator_exit_contract.py,70,60,yes,subprocess.run,_run,TimeoutExpired escapes -> process crashes / test ERRORs -> recorded as a defect
A,subprocess timeout=,plugin/programs/tests/test_sdc_validator_sets_aside_superseded_generator_decks.py,147,_GATE_TIMEOUT_S,yes,subprocess.run,_validate,TimeoutExpired escapes -> process crashes / test ERRORs -> recorded as a defect
A,subprocess timeout=,plugin/programs/tests/test_sdc_validator_sets_aside_superseded_generator_decks.py,337,_GATE_TIMEOUT_S,yes,subprocess.run,test_the_generator_banner_the_consumer_looks_for_is_the_one_it_writes,TimeoutExpired escapes -> process crashes / test ERRORs -> recorded as a defect
A,subprocess timeout=,plugin/programs/tests/test_self_audit_doc_claim_consistency_check.py,49,10,yes,subprocess.run,_run,TimeoutExpired escapes -> process crashes / test ERRORs -> recorded as a defect
A,subprocess timeout=,plugin/programs/tests/test_self_audit_doc_claim_consistency_check.py,60,10,yes,subprocess.run,test_help_works,TimeoutExpired escapes -> process crashes / test ERRORs -> recorded as a defect
A,subprocess timeout=,plugin/programs/tests/test_self_audit_doc_claim_consistency_check.py,67,10,yes,subprocess.run,test_invalid_path_returns_2,TimeoutExpired escapes -> process crashes / test ERRORs -> recorded as a defect
A,subprocess timeout=,plugin/programs/tests/test_semantic_child_progress.py,33,grace,call-through,?,_semantic,TimeoutExpired escapes -> process crashes / test ERRORs -> recorded as a defect
A,subprocess timeout=,plugin/programs/tests/test_semantic_child_progress.py,334,None,call-through,_corpus_location.not_a_checkout_reason,test_semantic_checkout_probe_has_no_inner_duration_verdict,TimeoutExpired escapes -> process crashes / test ERRORs -> recorded as a defect
A,subprocess timeout=,plugin/programs/tests/test_semantic_child_progress.py,338,1,call-through,_corpus_location.not_a_checkout_reason,test_semantic_checkout_probe_has_no_inner_duration_verdict,TimeoutExpired escapes -> process crashes / test ERRORs -> recorded as a defect
A,subprocess timeout=,plugin/programs/tests/test_semantic_child_progress.py,341,1,call-through,_published_tree.published_paths,test_semantic_checkout_probe_has_no_inner_duration_verdict,TimeoutExpired escapes -> process crashes / test ERRORs -> recorded as a defect
A,subprocess timeout=,plugin/programs/tests/test_semantic_child_progress.py,353,None,call-through,_published_tree.published_paths,test_strict_published_index_accepts_exact_tracked_symlink_blobs,TimeoutExpired escapes -> process crashes / test ERRORs -> recorded as a defect
A,subprocess timeout=,plugin/programs/tests/test_semantic_child_progress.py,373,0.14,call-through,?,test_chatty_hung_l4_git_probe_is_semantic_norecord_not_a_disk_verdict,TimeoutExpired escapes -> process crashes / test ERRORs -> recorded as a defect
A,subprocess timeout=,plugin/programs/tests/test_shapec_emit_blocking_rules.py,159,60,yes,subprocess.run,_run_gate,TimeoutExpired escapes -> process crashes / test ERRORs -> recorded as a defect
A,subprocess timeout=,plugin/programs/tests/test_shapec_emit_blocking_rules.py,247,60,yes,subprocess.run,_run_fold_gate,TimeoutExpired escapes -> process crashes / test ERRORs -> recorded as a defect
A,subprocess timeout=,plugin/programs/tests/test_ship_drv_wire_length_escalation.py,104,60,yes,subprocess.run,_run_tclsh,TimeoutExpired escapes -> process crashes / test ERRORs -> recorded as a defect
A,subprocess timeout=,plugin/programs/tests/test_ship_postroute_convergence.py,147,60,yes,subprocess.run,test_convergence_loop_parses_and_bounds_iterations,TimeoutExpired escapes -> process crashes / test ERRORs -> recorded as a defect
A,subprocess timeout=,plugin/programs/tests/test_ship_postroute_convergence.py,193,60,yes,subprocess.run,test_convergence_loop_iterates_when_slack_stays_negative,TimeoutExpired escapes -> process crashes / test ERRORs -> recorded as a defect
A,subprocess timeout=,plugin/programs/tests/test_ship_postroute_convergence.py,221,60,yes,subprocess.run,test_noop_guard_skips_the_reroute_when_the_repair_changed_nothing,TimeoutExpired escapes -> process crashes / test ERRORs -> recorded as a defect
A,subprocess timeout=,plugin/programs/tests/test_ship_repair_drv_closure_loop.py,48,60,yes,subprocess.run,_run_tclsh,TimeoutExpired escapes -> process crashes / test ERRORs -> recorded as a defect
A,subprocess timeout=,plugin/programs/tests/test_shipped_path_portability_check.py,268,60,yes,sp.run,test_a_pass_reports_how_many_files_it_read,TimeoutExpired escapes -> process crashes / test ERRORs -> recorded as a defect
A,subprocess timeout=,plugin/programs/tests/test_shipped_path_portability_check.py,281,60,yes,sp.run,test_scanning_zero_files_is_NOT_a_pass,TimeoutExpired escapes -> process crashes / test ERRORs -> recorded as a defect
A,subprocess timeout=,plugin/programs/tests/test_shipped_path_portability_check.py,295,60,yes,sp.run,test_a_real_violation_is_still_reported,TimeoutExpired escapes -> process crashes / test ERRORs -> recorded as a defect
A,subprocess timeout=,plugin/programs/tests/test_si_mcf_not_run_is_not_a_design_failure.py,174,60,yes,subprocess.run,_run,TimeoutExpired escapes -> process crashes / test ERRORs -> recorded as a defect
A,subprocess timeout=,plugin/programs/tests/test_si_vacuity_must_be_waived_at_tapeout.py,1362,60,yes,subprocess.run,_run_si_gate,TimeoutExpired escapes -> process crashes / test ERRORs -> recorded as a defect
A,subprocess timeout=,plugin/programs/tests/test_si_zero_coupling_fixture_transition.py,120,60,yes,subprocess.run,_run,TimeoutExpired escapes -> process crashes / test ERRORs -> recorded as a defect
A,subprocess timeout=,plugin/programs/tests/test_si_zero_coupling_fixture_transition.py,385,60,yes,subprocess.run,test_a_run_that_never_started_is_not_credited_as_a_skip,TimeoutExpired escapes -> process crashes / test ERRORs -> recorded as a defect
A,subprocess timeout=,plugin/programs/tests/test_si_zero_coupling_is_not_a_signoff.py,174,60,yes,subprocess.run,_run,TimeoutExpired escapes -> process crashes / test ERRORs -> recorded as a defect
A,subprocess timeout=,plugin/programs/tests/test_si_zero_coupling_is_not_a_signoff.py,571,60,yes,subprocess.run,test_a_refused_invocation_is_not_credited_as_a_skip,TimeoutExpired escapes -> process crashes / test ERRORs -> recorded as a defect
A,subprocess timeout=,plugin/programs/tests/test_signoff_worst_path_evidence.py,212,_TCLSH_TIMEOUT_S,yes,subprocess.run,_run_tcl,TimeoutExpired escapes -> process crashes / test ERRORs -> recorded as a defect
A,subprocess timeout=,plugin/programs/tests/test_signoff_worst_path_evidence.py,329,_DOCKER_CP_TIMEOUT_S,yes,subprocess.run,test_report_checks_contract_matches_the_real_opensta,TimeoutExpired escapes -> process crashes / test ERRORs -> recorded as a defect
A,subprocess timeout=,plugin/programs/tests/test_signoff_worst_path_evidence.py,336,_DOCKER_EXEC_TIMEOUT_S,yes,subprocess.run,test_report_checks_contract_matches_the_real_opensta,TimeoutExpired escapes -> process crashes / test ERRORs -> recorded as a defect
A,subprocess timeout=,plugin/programs/tests/test_silence_is_not_cheaper_than_disclosure.py,128,60,yes,subprocess.run,_run,TimeoutExpired escapes -> process crashes / test ERRORs -> recorded as a defect
A,subprocess timeout=,plugin/programs/tests/test_slot_pad_budget_check.py,932,_CHILD_TIMEOUT_S,yes,subprocess.run,test_every_exit_code_the_program_returns_is_documented,TimeoutExpired escapes -> process crashes / test ERRORs -> recorded as a defect
A,subprocess timeout=,plugin/programs/tests/test_slot_pad_budget_check.py,965,_CHILD_TIMEOUT_S,yes,subprocess.run,test_help_is_a_success_not_a_failure,TimeoutExpired escapes -> process crashes / test ERRORs -> recorded as a defect
A,subprocess timeout=,plugin/programs/tests/test_slot_pad_budget_check.py,991,_CHILD_TIMEOUT_S,yes,subprocess.run,test_the_undecided_line_carries_the_disclosed_skip_marker,TimeoutExpired escapes -> process crashes / test ERRORs -> recorded as a defect
A,subprocess timeout=,plugin/programs/tests/test_spare_safe_routing_clear.py,55,60,yes,subprocess.run,_run,TimeoutExpired escapes -> process crashes / test ERRORs -> recorded as a defect
A,subprocess timeout=,plugin/programs/tests/test_spawned_gate_whose_status_is_discarded.py,98,300,yes,subprocess.run,_run,TimeoutExpired escapes -> process crashes / test ERRORs -> recorded as a defect
A,subprocess timeout=,plugin/programs/tests/test_spawned_gate_whose_status_is_discarded.py,155,300,yes,subprocess.run,test_a_missing_tree_is_undetermined_not_a_pass,TimeoutExpired escapes -> process crashes / test ERRORs -> recorded as a defect
A,subprocess timeout=,plugin/programs/tests/test_spawned_gate_whose_status_is_discarded.py,161,300,yes,subprocess.run,test_a_bad_invocation_is_rc_3,TimeoutExpired escapes -> process crashes / test ERRORs -> recorded as a defect
A,subprocess timeout=,plugin/programs/tests/test_spawned_gate_whose_status_is_discarded.py,177,1800,yes,subprocess.run,test_the_run_states_each_clause_population_not_only_its_findings,TimeoutExpired escapes -> process crashes / test ERRORs -> recorded as a defect
A,subprocess timeout=,plugin/programs/tests/test_spawned_gate_whose_status_is_discarded.py,221,1800,yes,subprocess.run,test_the_shipped_tree_passes_its_own_rule,TimeoutExpired escapes -> process crashes / test ERRORs -> recorded as a defect
A,subprocess timeout=,plugin/programs/tests/test_spef_coupling_disclosure.py,80,60,yes,subprocess.run,_run,TimeoutExpired escapes -> process crashes / test ERRORs -> recorded as a defect
A,subprocess timeout=,plugin/programs/tests/test_spef_full_file_scan.py,104,60,yes,subprocess.run,_run,TimeoutExpired escapes -> process crashes / test ERRORs -> recorded as a defect
A,subprocess timeout=,plugin/programs/tests/test_spef_full_file_scan.py,197,60,yes,subprocess.run,test_d1_missing_extracted_dir_still_fails,TimeoutExpired escapes -> process crashes / test ERRORs -> recorded as a defect
A,subprocess timeout=,plugin/programs/tests/test_spef_full_scan_and_coupling_disclosure.py,120,60,yes,subprocess.run,_run,TimeoutExpired escapes -> process crashes / test ERRORs -> recorded as a defect
A,subprocess timeout=,plugin/programs/tests/test_sta_continue_on_error_guard.py,44,600,yes,subprocess.run,_run,TimeoutExpired escapes -> process crashes / test ERRORs -> recorded as a defect
A,subprocess timeout=,plugin/programs/tests/test_sta_corner_record_basis_not_merged.py,60,60,yes,subprocess.run,_run,TimeoutExpired escapes -> process crashes / test ERRORs -> recorded as a defect
A,subprocess timeout=,plugin/programs/tests/test_staged_macro_aware_synth_define.py,311,60,yes,subprocess.run,test_conditional_walker_agrees_with_a_real_preprocessor,TimeoutExpired escapes -> process crashes / test ERRORs -> recorded as a defect
A,subprocess timeout=,plugin/programs/tests/test_staged_macro_aware_synth_define.py,430,60,yes,subprocess.run,test_e2e_netlist_matches_the_decision,TimeoutExpired escapes -> process crashes / test ERRORs -> recorded as a defect
A,subprocess timeout=,plugin/programs/tests/test_staged_macro_aware_synth_define.py,434,60,yes,subprocess.run,test_e2e_netlist_matches_the_decision,TimeoutExpired escapes -> process crashes / test ERRORs -> recorded as a defect
A,subprocess timeout=,plugin/programs/tests/test_staged_macro_aware_synth_define.py,445,60,yes,subprocess.run,test_e2e_netlist_matches_the_decision,TimeoutExpired escapes -> process crashes / test ERRORs -> recorded as a defect
A,subprocess timeout=,plugin/programs/tests/test_staged_macro_aware_synth_define.py,451,60,yes,subprocess.run,test_e2e_netlist_matches_the_decision,TimeoutExpired escapes -> process crashes / test ERRORs -> recorded as a defect
A,subprocess timeout=,plugin/programs/tests/test_step23_25_signoff_gates_wired.py,118,_INNER_TIMEOUT_S,yes,subprocess.run,_run,TimeoutExpired escapes -> process crashes / test ERRORs -> recorded as a defect
A,subprocess timeout=,plugin/programs/tests/test_step23_25_signoff_gates_wired.py,320,_INNER_TIMEOUT_S,call-through,R._run_declared_signoff_gate,test_a_checker_fault_is_not_a_design_failure_and_is_not_neutral_either,TimeoutExpired escapes -> process crashes / test ERRORs -> recorded as a defect
A,subprocess timeout=,plugin/programs/tests/test_step23_25_signoff_gates_wired.py,337,_INNER_TIMEOUT_S,call-through,R._run_declared_signoff_gate,test_a_missing_project_is_not_fabricated_into_existence,TimeoutExpired escapes -> process crashes / test ERRORs -> recorded as a defect
A,subprocess timeout=,plugin/programs/tests/test_step6_fpga_test_harness_declaration.py,110,60,yes,subprocess.run,test_premise_program_writes_one_wrapper_under_the_rtl_dir,TimeoutExpired escapes -> process crashes / test ERRORs -> recorded as a defect
A,subprocess timeout=,plugin/programs/tests/test_step6_fpga_test_harness_declaration.py,133,60,yes,subprocess.run,test_premise_template_is_fixed_and_reads_nothing_from_the_project,TimeoutExpired escapes -> process crashes / test ERRORs -> recorded as a defect
A,subprocess timeout=,plugin/programs/tests/test_step_internal_fail_bubble_up_check.py,307,_BOUND_S,yes,subprocess.run,_sweep,TimeoutExpired escapes -> process crashes / test ERRORs -> recorded as a defect
A,subprocess timeout=,plugin/programs/tests/test_step_internal_fail_bubble_up_check.py,414,_BOUND_S,yes,subprocess.run,test_the_shipped_register_agrees_with_the_shipped_corpus,TimeoutExpired escapes -> process crashes / test ERRORs -> recorded as a defect
A,subprocess timeout=,plugin/programs/tests/test_step_internal_fail_bubble_up_check.py,436,_BOUND_S,yes,subprocess.run,test_a_sweep_of_a_DIFFERENT_root_is_refused_not_answered,TimeoutExpired escapes -> process crashes / test ERRORs -> recorded as a defect
A,subprocess timeout=,plugin/programs/tests/test_steps_view_every_orchestrator.py,240,_RUN_TIMEOUT_S,yes,subprocess.run,test_real_orchestrator_run_leaves_the_tree,TimeoutExpired escapes -> process crashes / test ERRORs -> recorded as a defect
A,subprocess timeout=,plugin/programs/tests/test_steps_view_every_orchestrator.py,309,1,call-through,_pl.emit_steps_view,test_collector_timeout_is_recorded,TimeoutExpired escapes -> process crashes / test ERRORs -> recorded as a defect
A,subprocess timeout=,plugin/programs/tests/test_steps_view_every_orchestrator.py,325,_RUN_TIMEOUT_S,yes,subprocess.run,test_run_survives_a_view_that_cannot_be_built,TimeoutExpired escapes -> process crashes / test ERRORs -> recorded as a defect
A,subprocess timeout=,plugin/programs/tests/test_steps_view_every_orchestrator.py,344,_RUN_TIMEOUT_S,yes,subprocess.run,_gate,TimeoutExpired escapes -> process crashes / test ERRORs -> recorded as a defect
A,subprocess timeout=,plugin/programs/tests/test_submission_template_check.py,561,180,yes,subprocess.run,test_the_program_runs_as_the_flow_spawns_it,TimeoutExpired escapes -> process crashes / test ERRORs -> recorded as a defect
A,subprocess timeout=,plugin/programs/tests/test_suite_write_guard.py,130,_T,yes,subprocess.run,_nested_pytest,TimeoutExpired escapes -> process crashes / test ERRORs -> recorded as a defect
A,subprocess timeout=,plugin/programs/tests/test_suite_write_guard.py,276,_T,yes,subprocess.run,test_cannot_look_exits_2_and_never_0,TimeoutExpired escapes -> process crashes / test ERRORs -> recorded as a defect
A,subprocess timeout=,plugin/programs/tests/test_suite_write_guard.py,298,_T,yes,subprocess.run,test_a_non_repo_is_not_checked_rather_than_clean,TimeoutExpired escapes -> process crashes / test ERRORs -> recorded as a defect
A,subprocess timeout=,plugin/programs/tests/test_suite_write_guard.py,315,_T,yes,subprocess.run,test_cli_snapshot_then_compare_names_the_writer,TimeoutExpired escapes -> process crashes / test ERRORs -> recorded as a defect
A,subprocess timeout=,plugin/programs/tests/test_suite_write_guard.py,324,_T,yes,subprocess.run,test_cli_snapshot_then_compare_names_the_writer,TimeoutExpired escapes -> process crashes / test ERRORs -> recorded as a defect
A,subprocess timeout=,plugin/programs/tests/test_suite_write_guard.py,584,_T,yes,subprocess.run,test_a_detached_copy_inside_an_ambient_repo_is_NOT_CHECKED_not_blocked,TimeoutExpired escapes -> process crashes / test ERRORs -> recorded as a defect
A,subprocess timeout=,plugin/programs/tests/test_suite_write_guard.py,639,_T,yes,subprocess.run,test_the_SAME_discovery_door_still_reddens_a_real_checkout,TimeoutExpired escapes -> process crashes / test ERRORs -> recorded as a defect
A,subprocess timeout=,plugin/programs/tests/test_sweep_reach_aggregation_control.py,125,45,call-through,srv.survey,_verdicts,TimeoutExpired escapes -> process crashes / test ERRORs -> recorded as a defect
A,subprocess timeout=,plugin/programs/tests/test_sweep_reach_aggregation_control.py,160,45,call-through,srv.survey,test_the_two_are_distinguishable_in_the_published_ratio,TimeoutExpired escapes -> process crashes / test ERRORs -> recorded as a defect
A,subprocess timeout=,plugin/programs/tests/test_sweep_reach_aggregation_control.py,262,45,call-through,srv.survey,test_empty_corpus_mode_runs_and_publishes_its_own_denominator,TimeoutExpired escapes -> process crashes / test ERRORs -> recorded as a defect
A,subprocess timeout=,plugin/programs/tests/test_sweep_reach_aggregation_control.py,272,45,call-through,srv.survey,test_the_populated_corpus_is_the_default_and_is_labelled,TimeoutExpired escapes -> process crashes / test ERRORs -> recorded as a defect
A,subprocess timeout=,plugin/programs/tests/test_sweep_reach_aggregation_control.py,283,45,call-through,srv.survey,test_the_two_corpora_are_not_the_same_measurement,TimeoutExpired escapes -> process crashes / test ERRORs -> recorded as a defect
A,subprocess timeout=,plugin/programs/tests/test_sweep_reach_aggregation_control.py,284,45,call-through,srv.survey,test_the_two_corpora_are_not_the_same_measurement,TimeoutExpired escapes -> process crashes / test ERRORs -> recorded as a defect
A,subprocess timeout=,plugin/programs/tests/test_sweep_reach_aggregation_control.py,353,45,yes,subprocess.run,_run,TimeoutExpired escapes -> process crashes / test ERRORs -> recorded as a defect
A,subprocess timeout=,plugin/programs/tests/test_sweep_reach_aggregation_control.py,382,45,call-through,srv.survey,test_the_aggregation_decision_point_is_entered_on_real_programs,TimeoutExpired escapes -> process crashes / test ERRORs -> recorded as a defect
A,subprocess timeout=,plugin/programs/tests/test_sweep_reach_aggregation_control.py,422,45,call-through,srv.survey,test_the_published_ratio_moves_when_the_rule_is_removed,TimeoutExpired escapes -> process crashes / test ERRORs -> recorded as a defect
A,subprocess timeout=,plugin/programs/tests/test_sweep_reach_contract.py,96,60,yes,subprocess.run,_run,TimeoutExpired escapes -> process crashes / test ERRORs -> recorded as a defect
A,subprocess timeout=,plugin/programs/tests/test_synth_frontend_shared.py,318,60,call-through,p2._run,test_sv2v_prepass_lets_iverilog_compile,TimeoutExpired escapes -> process crashes / test ERRORs -> recorded as a defect
A,subprocess timeout=,plugin/programs/tests/test_synth_frontend_shared.py,328,60,call-through,p2._run,test_sv2v_prepass_lets_iverilog_compile,TimeoutExpired escapes -> process crashes / test ERRORs -> recorded as a defect
A,subprocess timeout=,plugin/programs/tests/test_synth_wrapper_gen.py,29,timeout,yes,subprocess.run,_run,TimeoutExpired escapes -> process crashes / test ERRORs -> recorded as a defect
A,subprocess timeout=,plugin/programs/tests/test_tapeout_precheck_two_arms.py,208,120.0,call-through,TP.evaluate,test_t1_our_arm_runs_on_a_project_with_no_operator_template,TimeoutExpired escapes -> process crashes / test ERRORs -> recorded as a defect
A,subprocess timeout=,plugin/programs/tests/test_tapeout_precheck_two_arms.py,224,120.0,call-through,TP.evaluate,test_t2_a_pdk_with_no_shuttle_is_one_fewer_arm_not_a_failure,TimeoutExpired escapes -> process crashes / test ERRORs -> recorded as a defect
A,subprocess timeout=,plugin/programs/tests/test_tapeout_precheck_two_arms.py,241,120.0,call-through,TP.evaluate,test_t7_the_operator_artefact_exists_even_when_nobody_asked,TimeoutExpired escapes -> process crashes / test ERRORs -> recorded as a defect
A,subprocess timeout=,plugin/programs/tests/test_tapeout_precheck_two_arms.py,257,120.0,call-through,TP.evaluate,test_t3_registry_says_yes_but_nothing_fetched_is_not_determined,TimeoutExpired escapes -> process crashes / test ERRORs -> recorded as a defect
A,subprocess timeout=,plugin/programs/tests/test_tapeout_precheck_two_arms.py,282,120.0,call-through,TP.evaluate,test_t3_a_missing_operator_arm_alone_is_enough_to_refuse,TimeoutExpired escapes -> process crashes / test ERRORs -> recorded as a defect
A,subprocess timeout=,plugin/programs/tests/test_tapeout_precheck_two_arms.py,298,120.0,call-through,TP.evaluate,test_t3_the_same_project_with_the_template_fetched_can_pass,TimeoutExpired escapes -> process crashes / test ERRORs -> recorded as a defect
A,subprocess timeout=,plugin/programs/tests/test_tapeout_precheck_two_arms.py,320,120.0,call-through,TP.evaluate,test_t3_the_not_fetched_case_is_a_different_artefact_from_the_no_shuttle_case,TimeoutExpired escapes -> process crashes / test ERRORs -> recorded as a defect
A,subprocess timeout=,plugin/programs/tests/test_tapeout_precheck_two_arms.py,321,120.0,call-through,TP.evaluate,test_t3_the_not_fetched_case_is_a_different_artefact_from_the_no_shuttle_case,TimeoutExpired escapes -> process crashes / test ERRORs -> recorded as a defect
A,subprocess timeout=,plugin/programs/tests/test_tapeout_precheck_two_arms.py,335,120.0,call-through,TP.evaluate,test_t3_a_pdk_nobody_declared_is_not_determined_never_not_applicable,TimeoutExpired escapes -> process crashes / test ERRORs -> recorded as a defect
A,subprocess timeout=,plugin/programs/tests/test_tapeout_precheck_two_arms.py,349,120.0,call-through,TP.evaluate,test_t4_both_arms_run_when_the_template_was_fetched,TimeoutExpired escapes -> process crashes / test ERRORs -> recorded as a defect
A,subprocess timeout=,plugin/programs/tests/test_tapeout_precheck_two_arms.py,367,120.0,call-through,TP.evaluate,test_t4_a_forced_disagreement_fails_the_step,TimeoutExpired escapes -> process crashes / test ERRORs -> recorded as a defect
A,subprocess timeout=,plugin/programs/tests/test_tapeout_precheck_two_arms.py,394,120.0,call-through,TP.evaluate,test_t4_the_disagreement_fails_in_the_other_direction_too,TimeoutExpired escapes -> process crashes / test ERRORs -> recorded as a defect
A,subprocess timeout=,plugin/programs/tests/test_tapeout_precheck_two_arms.py,407,120.0,call-through,TP.evaluate,test_t5_agreement_is_not_reported_as_disagreement,TimeoutExpired escapes -> process crashes / test ERRORs -> recorded as a defect
A,subprocess timeout=,plugin/programs/tests/test_tapeout_precheck_two_arms.py,427,120.0,call-through,TP.evaluate,test_t5_an_undetermined_on_one_side_is_an_absence_not_a_disagreement,TimeoutExpired escapes -> process crashes / test ERRORs -> recorded as a defect
A,subprocess timeout=,plugin/programs/tests/test_tapeout_precheck_two_arms.py,441,120.0,call-through,TP.evaluate,test_t6_every_finding_names_its_authority,TimeoutExpired escapes -> process crashes / test ERRORs -> recorded as a defect
A,subprocess timeout=,plugin/programs/tests/test_tapeout_precheck_two_arms.py,458,120.0,call-through,TP.evaluate,test_t6_the_summary_line_states_the_denominator,TimeoutExpired escapes -> process crashes / test ERRORs -> recorded as a defect
A,subprocess timeout=,plugin/programs/tests/test_tapeout_precheck_two_arms.py,473,120.0,call-through,TP.evaluate,test_a_clean_two_arm_run_passes_and_rc_is_zero,TimeoutExpired escapes -> process crashes / test ERRORs -> recorded as a defect
A,subprocess timeout=,plugin/programs/tests/test_tapeout_precheck_two_arms.py,487,120.0,call-through,TP.evaluate,test_an_arm_that_writes_no_report_is_an_error_not_a_pass,TimeoutExpired escapes -> process crashes / test ERRORs -> recorded as a defect
A,subprocess timeout=,plugin/programs/tests/test_tapeout_precheck_two_arms.py,504,120.0,call-through,TP.evaluate,test_the_operator_artefact_exists_even_when_the_arm_ERRORED,TimeoutExpired escapes -> process crashes / test ERRORs -> recorded as a defect
A,subprocess timeout=,plugin/programs/tests/test_testbench_gen.py,55,timeout,yes,subprocess.run,_run,TimeoutExpired escapes -> process crashes / test ERRORs -> recorded as a defect
A,subprocess timeout=,plugin/programs/tests/test_the_adversarial_ratchet_follows_the_corpus_pointer.py,153,300,yes,subprocess.run,test_the_generator_refuses_rather_than_publishing_an_empty_finding_set,TimeoutExpired escapes -> process crashes / test ERRORs -> recorded as a defect
A,subprocess timeout=,plugin/programs/tests/test_the_analog_track_counts_toward_overall.py,92,45,yes,subprocess.run,_flow_audit,TimeoutExpired escapes -> process crashes / test ERRORs -> recorded as a defect
A,subprocess timeout=,plugin/programs/tests/test_the_contradiction_scan_has_only_one_direction.py,90,_TIMEOUT,yes,subprocess.run,test_the_disclosure_reaches_the_console_on_the_pass_path,TimeoutExpired escapes -> process crashes / test ERRORs -> recorded as a defect
A,subprocess timeout=,plugin/programs/tests/test_the_eda_image_is_resolved_not_remembered.py,739,300,yes,subprocess.run,_run_gate,TimeoutExpired escapes -> process crashes / test ERRORs -> recorded as a defect
A,subprocess timeout=,plugin/programs/tests/test_the_exclusion_roster_can_still_fault_a_stale_entry.py,149,60,yes,subprocess.run,test_the_shipped_roster_faults_nothing_on_this_tree,TimeoutExpired escapes -> process crashes / test ERRORs -> recorded as a defect
A,subprocess timeout=,plugin/programs/tests/test_the_fill_and_antenna_producers_name_what_they_measured.py,138,_CLI_BOUND_S,yes,subprocess.run,_gate,TimeoutExpired escapes -> process crashes / test ERRORs -> recorded as a defect
A,subprocess timeout=,plugin/programs/tests/test_three_orphan_checkers_have_a_machine_runner.py,62,_CEILING_S,yes,subprocess.run,audit_report,TimeoutExpired escapes -> process crashes / test ERRORs -> recorded as a defect
A,subprocess timeout=,plugin/programs/tests/test_three_orphan_checkers_have_a_machine_runner.py,85,_CEILING_S,yes,subprocess.run,test_the_audit_returns_a_clean_verdict,TimeoutExpired escapes -> process crashes / test ERRORs -> recorded as a defect
A,subprocess timeout=,plugin/programs/tests/test_three_orphan_checkers_have_a_machine_runner.py,99,_CEILING_S,yes,subprocess.run,test_the_two_tree_scoped_checkers_are_declared_gates,TimeoutExpired escapes -> process crashes / test ERRORs -> recorded as a defect
A,subprocess timeout=,plugin/programs/tests/test_tool_diagnostic_id_gate.py,59,55,yes,subprocess.run,_run,TimeoutExpired escapes -> process crashes / test ERRORs -> recorded as a defect
A,subprocess timeout=,plugin/programs/tests/test_tool_diagnostic_id_gate.py,971,55,yes,subprocess.run,test_a_failed_emit_is_a_FAILURE_not_a_quiet_zero,TimeoutExpired escapes -> process crashes / test ERRORs -> recorded as a defect
A,subprocess timeout=,plugin/programs/tests/test_tool_diagnostic_id_gate.py,977,55,yes,subprocess.run,test_a_failed_emit_is_a_FAILURE_not_a_quiet_zero,TimeoutExpired escapes -> process crashes / test ERRORs -> recorded as a defect
A,subprocess timeout=,plugin/programs/tests/test_tool_diagnostic_id_gate.py,995,55,yes,subprocess.run,test_NO_BASELINE_still_emits_the_metric_and_still_exits_2,TimeoutExpired escapes -> process crashes / test ERRORs -> recorded as a defect
A,subprocess timeout=,plugin/programs/tests/test_tools_and_integration.py,230,30,yes,subprocess.run,test_every_skill_empty_output_fails_audit,TimeoutExpired escapes -> process crashes / test ERRORs -> recorded as a defect
A,subprocess timeout=,plugin/programs/tests/test_tracked_symlink_portability_check.py,23,60,yes,subprocess.run,_git,TimeoutExpired escapes -> process crashes / test ERRORs -> recorded as a defect
A,subprocess timeout=,plugin/programs/tests/test_tracked_symlink_portability_check.py,43,60,yes,subprocess.run,_run,TimeoutExpired escapes -> process crashes / test ERRORs -> recorded as a defect
A,subprocess timeout=,plugin/programs/tests/test_tracked_symlink_portability_check.py,114,60,yes,subprocess.run,test_371_shipped_tree_is_clean,TimeoutExpired escapes -> process crashes / test ERRORs -> recorded as a defect
A,subprocess timeout=,plugin/programs/tests/test_two_gates_declare_where_their_verdict_is_consumed.py,182,_TIMEOUT,yes,subprocess.run,test_the_audit_exits_zero_and_names_neither_gate,TimeoutExpired escapes -> process crashes / test ERRORs -> recorded as a defect
A,subprocess timeout=,plugin/programs/tests/test_two_gates_declare_where_their_verdict_is_consumed.py,373,_TIMEOUT,yes,subprocess.run,test_the_area_gate_reaches_only_incomplete_through_its_own_flow_clause,TimeoutExpired escapes -> process crashes / test ERRORs -> recorded as a defect
A,subprocess timeout=,plugin/programs/tests/test_two_gates_declare_where_their_verdict_is_consumed.py,393,_TIMEOUT,yes,subprocess.run,test_the_area_gate_itself_is_not_vacuous,TimeoutExpired escapes -> process crashes / test ERRORs -> recorded as a defect
A,subprocess timeout=,plugin/programs/tests/test_two_gates_declare_where_their_verdict_is_consumed.py,563,_TIMEOUT,yes,subprocess.run,test_the_gate_reaches_a_real_verdict_once_the_unit_is_established,TimeoutExpired escapes -> process crashes / test ERRORs -> recorded as a defect
A,subprocess timeout=,plugin/programs/tests/test_two_gates_declare_where_their_verdict_is_consumed.py,569,_TIMEOUT,yes,subprocess.run,test_the_gate_reaches_a_real_verdict_once_the_unit_is_established,TimeoutExpired escapes -> process crashes / test ERRORs -> recorded as a defect
A,subprocess timeout=,plugin/programs/tests/test_two_gates_declare_where_their_verdict_is_consumed.py,630,_TIMEOUT,yes,subprocess.run,test_the_document_generator_carries_a_verdict_not_only_documents,TimeoutExpired escapes -> process crashes / test ERRORs -> recorded as a defect
A,subprocess timeout=,plugin/programs/tests/test_two_gates_declare_where_their_verdict_is_consumed.py,681,_TIMEOUT,yes,subprocess.run,test_the_inline_signoff_table_still_cannot_call_the_document_generator,TimeoutExpired escapes -> process crashes / test ERRORs -> recorded as a defect
A,subprocess timeout=,plugin/programs/tests/test_two_gates_declare_where_their_verdict_is_consumed.py,852,_TIMEOUT,yes,subprocess.run,test_the_verdict_the_wiring_consumes_really_is_rc_one,TimeoutExpired escapes -> process crashes / test ERRORs -> recorded as a defect
A,subprocess timeout=,plugin/programs/tests/test_two_gates_declare_where_their_verdict_is_consumed.py,856,_TIMEOUT,yes,subprocess.run,test_the_verdict_the_wiring_consumes_really_is_rc_one,TimeoutExpired escapes -> process crashes / test ERRORs -> recorded as a defect
A,subprocess timeout=,plugin/programs/tests/test_two_gates_over_one_artefact_cannot_disagree.py,371,60,yes,subprocess.run,_run,TimeoutExpired escapes -> process crashes / test ERRORs -> recorded as a defect
A,subprocess timeout=,plugin/programs/tests/test_two_input_selectors_given_together_must_refuse.py,97,300,yes,subprocess.run,_run,TimeoutExpired escapes -> process crashes / test ERRORs -> recorded as a defect
A,subprocess timeout=,plugin/programs/tests/test_two_input_selectors_given_together_must_refuse.py,146,300,yes,subprocess.run,test_a_missing_tree_is_undetermined_not_a_pass,TimeoutExpired escapes -> process crashes / test ERRORs -> recorded as a defect
A,subprocess timeout=,plugin/programs/tests/test_two_input_selectors_given_together_must_refuse.py,152,300,yes,subprocess.run,test_a_bad_invocation_is_rc_3,TimeoutExpired escapes -> process crashes / test ERRORs -> recorded as a defect
A,subprocess timeout=,plugin/programs/tests/test_two_input_selectors_given_together_must_refuse.py,161,1800,yes,subprocess.run,test_the_shipped_tree_passes_its_own_rule,TimeoutExpired escapes -> process crashes / test ERRORs -> recorded as a defect
A,subprocess timeout=,plugin/programs/tests/test_umbrella_keeps_the_gates_own_skip_reason.py,170,120,yes,subprocess.run,_run_gate,TimeoutExpired escapes -> process crashes / test ERRORs -> recorded as a defect
A,subprocess timeout=,plugin/programs/tests/test_unplaceable_master_width_cap.py,218,60,yes,subprocess.run,_run_cap,TimeoutExpired escapes -> process crashes / test ERRORs -> recorded as a defect
A,subprocess timeout=,plugin/programs/tests/test_unplaceable_master_width_cap.py,387,60,yes,subprocess.run,test_a_broken_odb_degrades_to_the_prior_behaviour,TimeoutExpired escapes -> process crashes / test ERRORs -> recorded as a defect
A,subprocess timeout=,plugin/programs/tests/test_unplaceable_master_width_cap.py,401,60,yes,subprocess.run,test_negative_control_the_recovery_is_not_the_stubs,TimeoutExpired escapes -> process crashes / test ERRORs -> recorded as a defect
A,subprocess timeout=,plugin/programs/tests/test_unplaceable_master_width_cap.py,487,60,yes,subprocess.run,_run_ladder,TimeoutExpired escapes -> process crashes / test ERRORs -> recorded as a defect
A,subprocess timeout=,plugin/programs/tests/test_unplaceable_master_width_cap.py,544,60,yes,subprocess.run,_run_cap_named,TimeoutExpired escapes -> process crashes / test ERRORs -> recorded as a defect
A,subprocess timeout=,plugin/programs/tests/test_v0_2_100_issue488_reachability_path.py,38,60,yes,subprocess.run,test_reachability_tests_run_not_skip_on_source,TimeoutExpired escapes -> process crashes / test ERRORs -> recorded as a defect
A,subprocess timeout=,plugin/programs/tests/test_v0_2_101_issue489_body_lint.py,50,30,yes,subprocess.run,_run,TimeoutExpired escapes -> process crashes / test ERRORs -> recorded as a defect
A,subprocess timeout=,plugin/programs/tests/test_v0_2_102_issue490_491_l9_ports.py,389,60,yes,subprocess.run,test_full_e2e_l3_table_to_l9_canonical_key_then_gate_pass,TimeoutExpired escapes -> process crashes / test ERRORs -> recorded as a defect
A,subprocess timeout=,plugin/programs/tests/test_v0_2_43_blindness_and_lesson_digest.py,115,60,yes,subprocess.run,test_setup_renders_lessons_md_end_to_end,TimeoutExpired escapes -> process crashes / test ERRORs -> recorded as a defect
A,subprocess timeout=,plugin/programs/tests/test_v0_2_43_emit_blocking_port_rules.py,110,60,yes,subprocess.run,_run_gate,TimeoutExpired escapes -> process crashes / test ERRORs -> recorded as a defect
A,subprocess timeout=,plugin/programs/tests/test_v0_2_44_blindness_audit.py,106,60,yes,subprocess.run,_run_cli,TimeoutExpired escapes -> process crashes / test ERRORs -> recorded as a defect
A,subprocess timeout=,plugin/programs/tests/test_v0_2_44_blindness_audit.py,155,60,yes,subprocess.run,test_score_front_door_refuses_on_violation,TimeoutExpired escapes -> process crashes / test ERRORs -> recorded as a defect
A,subprocess timeout=,plugin/programs/tests/test_v0_2_44_blindness_audit.py,165,60,yes,subprocess.run,test_score_front_door_passes_audit_then_proceeds,TimeoutExpired escapes -> process crashes / test ERRORs -> recorded as a defect
A,subprocess timeout=,plugin/programs/tests/test_v0_2_46_transcripts_ladder_canonical.py,52,60,yes,subprocess.run,_setup_run,TimeoutExpired escapes -> process crashes / test ERRORs -> recorded as a defect
A,subprocess timeout=,plugin/programs/tests/test_v0_2_46_transcripts_ladder_canonical.py,70,60,yes,subprocess.run,_score,TimeoutExpired escapes -> process crashes / test ERRORs -> recorded as a defect
A,subprocess timeout=,plugin/programs/tests/test_v0_2_50_msbfirst_direction_rule.py,201,60,yes,subprocess.run,_run_gate,TimeoutExpired escapes -> process crashes / test ERRORs -> recorded as a defect
A,subprocess timeout=,plugin/programs/tests/test_v0_2_53_moore_output_reset_gated.py,185,60,yes,subprocess.run,_run_gate,TimeoutExpired escapes -> process crashes / test ERRORs -> recorded as a defect
A,subprocess timeout=,plugin/programs/tests/test_v0_2_55_phase1_flat_generated_docs.py,51,60,yes,subprocess.run,_run_engine,TimeoutExpired escapes -> process crashes / test ERRORs -> recorded as a defect
A,subprocess timeout=,plugin/programs/tests/test_v0_2_55_phase1_flat_generated_docs.py,95,60,yes,subprocess.run,test_runner_prompt_mode_emits_flat_and_precheck_passes,TimeoutExpired escapes -> process crashes / test ERRORs -> recorded as a defect
A,subprocess timeout=,plugin/programs/tests/test_v0_2_55_phase1_flat_generated_docs.py,106,60,yes,subprocess.run,test_runner_prompt_mode_emits_flat_and_precheck_passes,TimeoutExpired escapes -> process crashes / test ERRORs -> recorded as a defect
A,subprocess timeout=,plugin/programs/tests/test_v0_2_55_phase1_flat_generated_docs.py,121,60,yes,subprocess.run,test_precheck_names_nested_path_explicitly,TimeoutExpired escapes -> process crashes / test ERRORs -> recorded as a defect
A,subprocess timeout=,plugin/programs/tests/test_v0_2_58_phase1_engine_bundle.py,133,60,yes,subprocess.run,test_bundled_class_kb_resolves_self_anchored,TimeoutExpired escapes -> process crashes / test ERRORs -> recorded as a defect
A,subprocess timeout=,plugin/programs/tests/test_v0_2_58_phase1_engine_bundle.py,190,60,yes,subprocess.run,test_install_smoke_bare_cache_layout,TimeoutExpired escapes -> process crashes / test ERRORs -> recorded as a defect
A,subprocess timeout=,plugin/programs/tests/test_v0_2_62_l9_ports_and_submodule_pollution.py,111,60,yes,subprocess.run,test_path_b_project_five_ports_zero_phantom_submodules,TimeoutExpired escapes -> process crashes / test ERRORs -> recorded as a defect
A,subprocess timeout=,plugin/programs/tests/test_v0_2_64_evidence_integrity.py,262,60,yes,subprocess.run,test_zero_byte_handoff_member_hard_fails,TimeoutExpired escapes -> process crashes / test ERRORs -> recorded as a defect
A,subprocess timeout=,plugin/programs/tests/test_v0_2_96_issue469_audit_timeout.py,94,1,call-through,g._run_audit,test_run_audit_timeout_yields_named_verdict,TimeoutExpired escapes -> process crashes / test ERRORs -> recorded as a defect
A,subprocess timeout=,plugin/programs/tests/test_v0_2_96_issue469_audit_timeout.py,261,g.AUDIT_TIMEOUT_DEFAULT_S,call-through,g._run_audit,test_small_run_dir_keeps_real_overall,TimeoutExpired escapes -> process crashes / test ERRORs -> recorded as a defect
A,subprocess timeout=,plugin/programs/tests/test_v0_2_97_issue480_blindness_audit.py,152,60,yes,subprocess.run,_run_cli,TimeoutExpired escapes -> process crashes / test ERRORs -> recorded as a defect
A,subprocess timeout=,plugin/programs/tests/test_v0_2_97_issue480_blindness_audit.py,241,60,yes,subprocess.run,_score,TimeoutExpired escapes -> process crashes / test ERRORs -> recorded as a defect
A,subprocess timeout=,plugin/programs/tests/test_v0_2_98_issue485_narrative_acceptance.py,76,30,yes,subprocess.run,_run,TimeoutExpired escapes -> process crashes / test ERRORs -> recorded as a defect
A,subprocess timeout=,plugin/programs/tests/test_v0_3_18_issue517_leaf_typo_alias.py,162,60,yes,subprocess.run,test_emit_alias_and_both_spellings_elaborate,TimeoutExpired escapes -> process crashes / test ERRORs -> recorded as a defect
A,subprocess timeout=,plugin/programs/tests/test_v0_3_18_issue517_leaf_typo_alias.py,231,60,yes,subprocess.run,test_parameterized_wrapper_elaborates_both_spellings,TimeoutExpired escapes -> process crashes / test ERRORs -> recorded as a defect
A,subprocess timeout=,plugin/programs/tests/test_v0_3_18_issue518_reset_clock_variant_alias.py,161,60,yes,subprocess.run,test_emit_and_tb_variant_elaborates,TimeoutExpired escapes -> process crashes / test ERRORs -> recorded as a defect
A,subprocess timeout=,plugin/programs/tests/test_v0_3_18_issue518_reset_clock_variant_alias.py,232,60,yes,subprocess.run,test_step_wired_binding_repro_elaborates,TimeoutExpired escapes -> process crashes / test ERRORs -> recorded as a defect
A,subprocess timeout=,plugin/programs/tests/test_v0_3_18_issue518_reset_clock_variant_alias.py,271,60,yes,subprocess.run,test_step_parameterized_top_forwards_params,TimeoutExpired escapes -> process crashes / test ERRORs -> recorded as a defect
A,subprocess timeout=,plugin/programs/tests/test_v0_3_18_issue518_reset_clock_variant_alias.py,347,60,yes,subprocess.run,test_step_thin_wrapper_parent_still_aliases_and_rewires,TimeoutExpired escapes -> process crashes / test ERRORs -> recorded as a defect
A,subprocess timeout=,plugin/programs/tests/test_v0_3_18_issue518_reset_clock_variant_alias.py,390,60,yes,subprocess.run,test_step_round3_multimodule_top_aliases_and_tb_elaborates,TimeoutExpired escapes -> process crashes / test ERRORs -> recorded as a defect
A,subprocess timeout=,plugin/programs/tests/test_v0_3_18_issue518_reset_clock_variant_alias.py,420,60,yes,subprocess.run,test_step_round4_runner_chip_top_name_resolves_author_leaf,TimeoutExpired escapes -> process crashes / test ERRORs -> recorded as a defect
A,subprocess timeout=,plugin/programs/tests/test_v0_3_18_issue518_reset_clock_variant_alias.py,466,60,yes,subprocess.run,test_step_round4_real_workdir_shape_with_chip_top_present,TimeoutExpired escapes -> process crashes / test ERRORs -> recorded as a defect
A,subprocess timeout=,plugin/programs/tests/test_v0_3_18_issue518_reset_clock_variant_alias.py,544,60,yes,subprocess.run,test_step_round4_authored_chip_top_still_aliases_directly,TimeoutExpired escapes -> process crashes / test ERRORs -> recorded as a defect
A,subprocess timeout=,plugin/programs/tests/test_v0_3_18_issue518_reset_clock_variant_alias.py,616,60,yes,subprocess.run,test_step_comment_module_header_does_not_eat_rename,TimeoutExpired escapes -> process crashes / test ERRORs -> recorded as a defect
A,subprocess timeout=,plugin/programs/tests/test_v0_3_18_issue518_reset_clock_variant_alias.py,694,60,yes,subprocess.run,test_step_skips_when_top_is_genuine_leaf_submodule,TimeoutExpired escapes -> process crashes / test ERRORs -> recorded as a defect
A,subprocess timeout=,plugin/programs/tests/test_v0_3_18_issue520_port_convention_corpus.py,173,60,yes,subprocess.run,test_graceful_idiom_elaborates_connected_and_unconnected,TimeoutExpired escapes -> process crashes / test ERRORs -> recorded as a defect
A,subprocess timeout=,plugin/programs/tests/test_v0_3_1_issue497_identity_sweep.py,94,60,yes,subprocess.run,_build_phase1_reports,TimeoutExpired escapes -> process crashes / test ERRORs -> recorded as a defect
A,subprocess timeout=,plugin/programs/tests/test_v0_3_1_issue498_runner_lock.py,173,timeout,yes,subprocess.run,_run_runner,TimeoutExpired escapes -> process crashes / test ERRORs -> recorded as a defect
A,subprocess timeout=,plugin/programs/tests/test_v0_3_26_issue525_audit_timeouts.py,108,k.get('timeout'),call-through,subprocess.TimeoutExpired,test_gate_timeout_message_says_not_a_verdict,TimeoutExpired escapes -> process crashes / test ERRORs -> recorded as a defect
A,subprocess timeout=,plugin/programs/tests/test_v0_3_26_issue525_audit_timeouts.py,122,k.get('timeout'),call-through,subprocess.TimeoutExpired,test_gate_budget_honors_env,TimeoutExpired escapes -> process crashes / test ERRORs -> recorded as a defect
A,subprocess timeout=,plugin/programs/tests/test_v0_3_26_issue525_audit_timeouts.py,134,k.get('timeout'),call-through,subprocess.TimeoutExpired,test_phase23_self_audit_timeout_no_crash,TimeoutExpired escapes -> process crashes / test ERRORs -> recorded as a defect
A,subprocess timeout=,plugin/programs/tests/test_v0_3_26_issue525_audit_timeouts.py,219,1,call-through,P2._run,test_run_timeout_partial_stdout_is_str,TimeoutExpired escapes -> process crashes / test ERRORs -> recorded as a defect
A,subprocess timeout=,plugin/programs/tests/test_v0_3_26_issue526_odb_rect_accessor.py,62,30,yes,subprocess.run,test_dual_accessor_probe_executes_on_both_api_generations,TimeoutExpired escapes -> process crashes / test ERRORs -> recorded as a defect
A,subprocess timeout=,plugin/programs/tests/test_v0_3_2_issue491r2_multitable.py,59,60,yes,subprocess.run,_run_doc_runner,TimeoutExpired escapes -> process crashes / test ERRORs -> recorded as a defect
A,subprocess timeout=,plugin/programs/tests/test_v0_3_2_issue491r2_multitable.py,66,60,yes,subprocess.run,_run_gate,TimeoutExpired escapes -> process crashes / test ERRORs -> recorded as a defect
A,subprocess timeout=,plugin/programs/tests/test_v0_3_2_issue497r2_gate_json_stamp.py,110,60,yes,subprocess.run,_run_real_gate_checkers,TimeoutExpired escapes -> process crashes / test ERRORs -> recorded as a defect
A,measured elapsed vs literal,plugin/programs/tests/test_v0_3_37_issue548_pnr_timeouts.py,111,elapsed Lt 10.0,assert,,test_reset_dependency_check_pattern_b_large_netlist_under_10s,a wall-clock number decides the test verdict
A,subprocess timeout=,plugin/programs/tests/test_v0_3_38_issue573_argparse_help.py,20,60,yes,subprocess.run,test_phase1_doc_runner_help_exits_zero,TimeoutExpired escapes -> process crashes / test ERRORs -> recorded as a defect
A,subprocess timeout=,plugin/programs/tests/test_v0_3_39_issue581_pnr_tcl_syntax.py,38,60,yes,subprocess.run,_run_tclsh,TimeoutExpired escapes -> process crashes / test ERRORs -> recorded as a defect
A,subprocess timeout=,plugin/programs/tests/test_v0_3_39_issue583_phase1_mode_priority.py,129,60,yes,subprocess.run,test_run_all_honors_ic_name_end_state,TimeoutExpired escapes -> process crashes / test ERRORs -> recorded as a defect
A,subprocess timeout=,plugin/programs/tests/test_v0_3_39_issue583r2_icname_docs_path.py,32,60,yes,subprocess.run,_run_dispatcher,TimeoutExpired escapes -> process crashes / test ERRORs -> recorded as a defect
A,subprocess timeout=,plugin/programs/tests/test_v0_3_3_issue491r3_header_vocab.py,98,60,yes,subprocess.run,test_e2e_real_vocab_docs_to_l9_gate_pass,TimeoutExpired escapes -> process crashes / test ERRORs -> recorded as a defect
A,subprocess timeout=,plugin/programs/tests/test_v0_3_3_issue491r3_header_vocab.py,107,60,yes,subprocess.run,test_e2e_real_vocab_docs_to_l9_gate_pass,TimeoutExpired escapes -> process crashes / test ERRORs -> recorded as a defect
A,subprocess timeout=,plugin/programs/tests/test_v0_3_4_issue491r4_optional_pin.py,141,60,yes,subprocess.run,test_e2e_real_rows_optional_pin_gate_passes,TimeoutExpired escapes -> process crashes / test ERRORs -> recorded as a defect
A,subprocess timeout=,plugin/programs/tests/test_v0_3_4_issue491r4_optional_pin.py,150,60,yes,subprocess.run,test_e2e_real_rows_optional_pin_gate_passes,TimeoutExpired escapes -> process crashes / test ERRORs -> recorded as a defect
A,subprocess timeout=,plugin/programs/tests/test_v0_3_4_issue491r4_optional_pin.py,166,60,yes,subprocess.run,test_e2e_required_pin_missing_still_fails,TimeoutExpired escapes -> process crashes / test ERRORs -> recorded as a defect
A,subprocess timeout=,plugin/programs/tests/test_v0_3_4_issue491r4_optional_pin.py,170,60,yes,subprocess.run,test_e2e_required_pin_missing_still_fails,TimeoutExpired escapes -> process crashes / test ERRORs -> recorded as a defect
A,subprocess timeout=,plugin/programs/tests/test_v0_3_4_issue499_reopen_binding.py,177,30,yes,subprocess.run,_run,TimeoutExpired escapes -> process crashes / test ERRORs -> recorded as a defect
A,subprocess timeout=,plugin/programs/tests/test_v0_3_4_issue499_reopen_binding.py,339,30,yes,subprocess.run,test_missing_reopen_file_is_usage_error,TimeoutExpired escapes -> process crashes / test ERRORs -> recorded as a defect
A,subprocess timeout=,plugin/programs/tests/test_v0_3_4_issue501_verbatim_lessons.py,180,60,yes,subprocess.run,test_touched_skill_compliance_tests_green,TimeoutExpired escapes -> process crashes / test ERRORs -> recorded as a defect
A,subprocess timeout=,plugin/programs/tests/test_v0_3_9_issue507_lvs_terminal_verdict.py,125,60,yes,subprocess.run,test_e2e_real_spm_artifact_fails_with_json,TimeoutExpired escapes -> process crashes / test ERRORs -> recorded as a defect
A,subprocess timeout=,plugin/programs/tests/test_v0_3_9_issue507_lvs_terminal_verdict.py,138,60,yes,subprocess.run,test_wrapper_forwards_json_flag,TimeoutExpired escapes -> process crashes / test ERRORs -> recorded as a defect
A,subprocess timeout=,plugin/programs/tests/test_v1916_the_tree_must_not_move_under_the_gates.py,67,60,yes,subprocess.run,_repo,TimeoutExpired escapes -> process crashes / test ERRORs -> recorded as a defect
A,subprocess timeout=,plugin/programs/tests/test_v1916_the_tree_must_not_move_under_the_gates.py,72,60,yes,subprocess.run,_repo,TimeoutExpired escapes -> process crashes / test ERRORs -> recorded as a defect
A,subprocess timeout=,plugin/programs/tests/test_v1916_the_tree_must_not_move_under_the_gates.py,74,60,yes,subprocess.run,_repo,TimeoutExpired escapes -> process crashes / test ERRORs -> recorded as a defect
A,subprocess timeout=,plugin/programs/tests/test_v1916_the_tree_must_not_move_under_the_gates.py,80,30,yes,subprocess.run,_run,TimeoutExpired escapes -> process crashes / test ERRORs -> recorded as a defect
A,subprocess timeout=,plugin/programs/tests/test_v1916_the_tree_must_not_move_under_the_gates.py,113,60,yes,subprocess.run,test_a_new_commit_moves_it,TimeoutExpired escapes -> process crashes / test ERRORs -> recorded as a defect
A,subprocess timeout=,plugin/programs/tests/test_v1916_the_tree_must_not_move_under_the_gates.py,126,60,yes,subprocess.run,test_it_is_stable_across_a_pytest_run,TimeoutExpired escapes -> process crashes / test ERRORs -> recorded as a defect
A,subprocess timeout=,plugin/programs/tests/test_v1916_the_tree_must_not_move_under_the_gates.py,128,60,yes,subprocess.run,test_it_is_stable_across_a_pytest_run,TimeoutExpired escapes -> process crashes / test ERRORs -> recorded as a defect
A,subprocess timeout=,plugin/programs/tests/test_v1916_the_tree_must_not_move_under_the_gates.py,131,60,yes,subprocess.run,test_it_is_stable_across_a_pytest_run,TimeoutExpired escapes -> process crashes / test ERRORs -> recorded as a defect
A,subprocess timeout=,plugin/programs/tests/test_v1916_the_tree_must_not_move_under_the_gates.py,133,60,yes,subprocess.run,test_it_is_stable_across_a_pytest_run,TimeoutExpired escapes -> process crashes / test ERRORs -> recorded as a defect
A,subprocess timeout=,plugin/programs/tests/test_v1916_the_tree_must_not_move_under_the_gates.py,136,60,yes,subprocess.run,test_it_is_stable_across_a_pytest_run,TimeoutExpired escapes -> process crashes / test ERRORs -> recorded as a defect
A,subprocess timeout=,plugin/programs/tests/test_v1916_the_tree_must_not_move_under_the_gates.py,157,60,yes,subprocess.run,test_expect_after_the_tree_moved_refuses,TimeoutExpired escapes -> process crashes / test ERRORs -> recorded as a defect
A,subprocess timeout=,plugin/programs/tests/test_v1916_the_tree_must_not_move_under_the_gates.py,328,60,yes,subprocess.run,test_the_stamp_path_expression_RESOLVES_and_is_per_worktree,TimeoutExpired escapes -> process crashes / test ERRORs -> recorded as a defect
A,subprocess timeout=,plugin/programs/tests/test_v1916_the_tree_must_not_move_under_the_gates.py,333,60,yes,subprocess.run,test_the_stamp_path_expression_RESOLVES_and_is_per_worktree,TimeoutExpired escapes -> process crashes / test ERRORs -> recorded as a defect
A,subprocess timeout=,plugin/programs/tests/test_v1_0_18_issue621_derived_artefact_gen_order.py,38,60,yes,subprocess.run,_run,TimeoutExpired escapes -> process crashes / test ERRORs -> recorded as a defect
A,subprocess timeout=,plugin/programs/tests/test_v1_0_37_issue644_power_pair_split.py,135,60,yes,subprocess.run,test_end_to_end_final_l9_emits_two_legal_rails,TimeoutExpired escapes -> process crashes / test ERRORs -> recorded as a defect
A,subprocess timeout=,plugin/programs/tests/test_v1_0_37_issue647_phantom_bit_scalar_suppress.py,93,60,yes,subprocess.run,test_end_to_end_single_io_in_row_no_phantoms,TimeoutExpired escapes -> process crashes / test ERRORs -> recorded as a defect
A,subprocess timeout=,plugin/programs/tests/test_v1_0_43_issue646_round2_project_name_wins.py,82,60,yes,subprocess.run,test_end_to_end_phase1_uses_declaration,TimeoutExpired escapes -> process crashes / test ERRORs -> recorded as a defect
A,subprocess timeout=,plugin/programs/tests/test_v1_0_43_issue648_round2_codespan_submodule.py,90,60,yes,subprocess.run,test_end_to_end_exact_submodules_no_prose_leak,TimeoutExpired escapes -> process crashes / test ERRORs -> recorded as a defect
A,subprocess timeout=,plugin/programs/tests/test_v1_0_43_issue648_round2_codespan_submodule.py,114,60,yes,subprocess.run,test_real_caravel_round3_artifact_if_present,TimeoutExpired escapes -> process crashes / test ERRORs -> recorded as a defect
A,subprocess timeout=,plugin/programs/tests/test_v1_0_55_issue689_variant_alias_additive_contract_aware.py,253,60,yes,subprocess.run,test_step_facet1_contract_declares_reset_skips_and_elaborates,TimeoutExpired escapes -> process crashes / test ERRORs -> recorded as a defect
A,subprocess timeout=,plugin/programs/tests/test_v1_0_55_issue689_variant_alias_additive_contract_aware.py,287,60,yes,subprocess.run,test_step_facet2_up_down_counter_contract_preserves_reset,TimeoutExpired escapes -> process crashes / test ERRORs -> recorded as a defect
A,subprocess timeout=,plugin/programs/tests/test_v1_0_55_issue689_variant_alias_additive_contract_aware.py,327,60,yes,subprocess.run,test_step_facet1_clock_shape_contract_preserves_clock,TimeoutExpired escapes -> process crashes / test ERRORs -> recorded as a defect
A,subprocess timeout=,plugin/programs/tests/test_v1_0_55_issue689_variant_alias_additive_contract_aware.py,371,60,yes,subprocess.run,test_noleak_step_no_contract_legit_alias_still_fires,TimeoutExpired escapes -> process crashes / test ERRORs -> recorded as a defect
A,subprocess timeout=,plugin/programs/tests/test_v1_0_58_issue695_iface_conformance_v2.py,67,60,yes,subprocess.run,_run_cli,TimeoutExpired escapes -> process crashes / test ERRORs -> recorded as a defect
A,subprocess timeout=,plugin/programs/tests/test_v1_0_58_issue695_iface_conformance_v2.py,197,60,yes,subprocess.run,test_gate_is_blind_opens_only_prompt_and_rtl,TimeoutExpired escapes -> process crashes / test ERRORs -> recorded as a defect
A,subprocess timeout=,plugin/programs/tests/test_v1_0_58_issue695_iface_conformance_v2.py,213,60,yes,subprocess.run,test_empty_rtl_refused_rc2,TimeoutExpired escapes -> process crashes / test ERRORs -> recorded as a defect
A,subprocess timeout=,plugin/programs/tests/test_v1_0_58_issue695_iface_conformance_v2.py,266,60,yes,subprocess.run,test_chip_agnostic_source,TimeoutExpired escapes -> process crashes / test ERRORs -> recorded as a defect
A,subprocess timeout=,plugin/programs/tests/test_v1_0_61_issue697_spec_coverage_check.py,59,60,yes,subprocess.run,_run,TimeoutExpired escapes -> process crashes / test ERRORs -> recorded as a defect
A,subprocess timeout=,plugin/programs/tests/test_v1_0_62_issue699_spec_timing_encoding_section.py,59,60,yes,subprocess.run,test_chip_agnostic_no_design_literal,TimeoutExpired escapes -> process crashes / test ERRORs -> recorded as a defect
A,subprocess timeout=,plugin/programs/tests/test_v1_0_63_issue700_diff_verify_harness.py,70,60,yes,subprocess.run,_run_cli,TimeoutExpired escapes -> process crashes / test ERRORs -> recorded as a defect
A,subprocess timeout=,plugin/programs/tests/test_v1_0_63_issue700_diff_verify_harness.py,277,60,yes,subprocess.run,test_chip_agnostic_source_guard,TimeoutExpired escapes -> process crashes / test ERRORs -> recorded as a defect
A,subprocess timeout=,plugin/programs/tests/test_v1_0_63_issue703_verilator_escape_vvp_guard.py,76,_T_PATCHED,call-through,R._sim_run_or_reuse,test_verilator_sva_reuses_stdout_without_vvp,TimeoutExpired escapes -> process crashes / test ERRORs -> recorded as a defect
A,subprocess timeout=,plugin/programs/tests/test_v1_0_63_issue703_verilator_escape_vvp_guard.py,103,_T_PATCHED,call-through,R._sim_run_or_reuse,test_iverilog_path_still_runs_vvp,TimeoutExpired escapes -> process crashes / test ERRORs -> recorded as a defect
A,subprocess timeout=,plugin/programs/tests/test_v1_0_63_issue703_verilator_escape_vvp_guard.py,126,_T_PATCHED,call-through,R._sim_run_or_reuse,test_verilator_sva_without_marker_does_not_fake_pass,TimeoutExpired escapes -> process crashes / test ERRORs -> recorded as a defect
A,subprocess timeout=,plugin/programs/tests/test_v1_0_64_issue705_latency_conformance.py,152,60,yes,subprocess.run,_run_cli,TimeoutExpired escapes -> process crashes / test ERRORs -> recorded as a defect
A,measured elapsed vs literal,plugin/programs/tests/test_v1_0_64_issue705_latency_conformance.py,467,elapsed Lt 10.0,assert,,test_huge_expect_rejected_fast_rc2,a wall-clock number decides the test verdict
A,subprocess timeout=,plugin/programs/tests/test_v1_0_64_issue705_latency_conformance.py,503,60,yes,subprocess.run,test_source_is_chip_agnostic,TimeoutExpired escapes -> process crashes / test ERRORs -> recorded as a defect
A,subprocess timeout=,plugin/programs/tests/test_v1_0_65_issue706_field_count_sidecar_merge.py,191,60,yes,sp.run,test_chip_agnostic_guard,TimeoutExpired escapes -> process crashes / test ERRORs -> recorded as a defect
A,subprocess timeout=,plugin/programs/tests/test_v1_0_66_issue707_shapeb_port_reorder.py,251,60,yes,subprocess.run,test_chip_agnostic_guard,TimeoutExpired escapes -> process crashes / test ERRORs -> recorded as a defect
A,subprocess timeout=,plugin/programs/tests/test_v1_0_67_issue708_reused_ip_rtl_only_fsm_cap.py,223,60,yes,subprocess.run,test_subprocess_endstate_pass_with_waivers,TimeoutExpired escapes -> process crashes / test ERRORs -> recorded as a defect
A,subprocess timeout=,plugin/programs/tests/test_v1_0_67_issue708_reused_ip_rtl_only_fsm_cap.py,838,60,yes,subprocess.run,test_chip_agnostic_guard,TimeoutExpired escapes -> process crashes / test ERRORs -> recorded as a defect
A,subprocess timeout=,plugin/programs/tests/test_v1_0_68_issue707r2_shapeb_tb_inferred_order.py,306,60,yes,subprocess.run,test_chip_agnostic_guard,TimeoutExpired escapes -> process crashes / test ERRORs -> recorded as a defect
A,subprocess timeout=,plugin/programs/tests/test_v1_0_68_issue709_runtime_golden_audit_name_canonicalization.py,164,60,yes,subprocess.run,test_chip_agnostic_guard,TimeoutExpired escapes -> process crashes / test ERRORs -> recorded as a defect
A,subprocess timeout=,plugin/programs/tests/test_v1_0_71_issue707r3_scoreside_port_permutation.py,543,60,yes,subprocess.run,test_chip_agnostic_guard,TimeoutExpired escapes -> process crashes / test ERRORs -> recorded as a defect
A,subprocess timeout=,plugin/programs/tests/test_v1_0_78_issue726_iface_conformance_scoping.py,63,60,yes,subprocess.run,_run_cli,TimeoutExpired escapes -> process crashes / test ERRORs -> recorded as a defect
A,subprocess timeout=,plugin/programs/tests/test_v1_0_78_issue726_iface_conformance_scoping.py,180,60,yes,subprocess.run,test_context_does_not_appear_in_files_read_unless_passed,TimeoutExpired escapes -> process crashes / test ERRORs -> recorded as a defect
A,subprocess timeout=,plugin/programs/tests/test_v1_0_78_issue726_iface_conformance_scoping.py,240,60,yes,subprocess.run,test_chip_agnostic_source,TimeoutExpired escapes -> process crashes / test ERRORs -> recorded as a defect
A,subprocess timeout=,plugin/programs/tests/test_v1_0_78_issue729_ppa_area_threshold.py,83,10,yes,subprocess.run,_container_up,handler records a FAILING verdict
A,subprocess timeout=,plugin/programs/tests/test_v1_0_80_issue737_cell_count_reporter.py,291,_PROBE_TIMEOUT_S,yes,subprocess.run,_yosys_stat_json_support,TimeoutExpired escapes -> process crashes / test ERRORs -> recorded as a defect
A,subprocess timeout=,plugin/programs/tests/test_v1_0_80_issue737_cell_count_reporter.py,329,60,yes,subprocess.run,test_end_to_end_real_yosys,TimeoutExpired escapes -> process crashes / test ERRORs -> recorded as a defect
A,subprocess timeout=,plugin/programs/tests/test_v1_0_80_issue737_cell_count_reporter.py,483,_PROBE_TIMEOUT_S,yes,subprocess.run,test_end_to_end_real_yosys_hierarchical,TimeoutExpired escapes -> process crashes / test ERRORs -> recorded as a defect
A,subprocess timeout=,plugin/programs/tests/test_v1_0_80_issue737_cell_count_reporter.py,514,60,yes,subprocess.run,test_end_to_end_real_yosys_hierarchical,TimeoutExpired escapes -> process crashes / test ERRORs -> recorded as a defect
A,subprocess timeout=,plugin/programs/tests/test_v1_0_80_issue739_ppa_unreachable_target_escape.py,72,10,yes,subprocess.run,_container_up,handler records a FAILING verdict
A,subprocess timeout=,plugin/programs/tests/test_v1_0_80_issue740_finer_gates.py,69,60,yes,subprocess.run,_lint_warn,TimeoutExpired escapes -> process crashes / test ERRORs -> recorded as a defect
A,subprocess timeout=,plugin/programs/tests/test_v1_0_80_issue740_finer_gates.py,136,60,yes,subprocess.run,test_g4_acceptance_rtl_actually_compiles_and_is_genuinely_multidriven,TimeoutExpired escapes -> process crashes / test ERRORs -> recorded as a defect
A,subprocess timeout=,plugin/programs/tests/test_v1_0_80_issue740_finer_gates.py,198,60,yes,subprocess.run,test_g3_cli_second_output_is_advisory_does_not_change_rc,TimeoutExpired escapes -> process crashes / test ERRORs -> recorded as a defect
A,subprocess timeout=,plugin/programs/tests/test_v1_0_80_issue740_finer_gates.py,205,60,yes,subprocess.run,test_g3_cli_second_output_is_advisory_does_not_change_rc,TimeoutExpired escapes -> process crashes / test ERRORs -> recorded as a defect
A,subprocess timeout=,plugin/programs/tests/test_v1_0_80_issue740_finer_gates.py,374,60,yes,subprocess.run,test_g2_not_applicable_when_no_clause,TimeoutExpired escapes -> process crashes / test ERRORs -> recorded as a defect
A,subprocess timeout=,plugin/programs/tests/test_v1_0_80_issue740_finer_gates.py,407,60,yes,subprocess.run,test_g2_good_rtl_passes_bug_rtl_blocks,TimeoutExpired escapes -> process crashes / test ERRORs -> recorded as a defect
A,subprocess timeout=,plugin/programs/tests/test_v1_0_80_issue740_finer_gates.py,412,60,yes,subprocess.run,test_g2_good_rtl_passes_bug_rtl_blocks,TimeoutExpired escapes -> process crashes / test ERRORs -> recorded as a defect
A,subprocess timeout=,plugin/programs/tests/test_v1_0_80_issue740_finer_gates.py,417,60,yes,subprocess.run,test_g2_good_rtl_passes_bug_rtl_blocks,TimeoutExpired escapes -> process crashes / test ERRORs -> recorded as a defect
A,subprocess timeout=,plugin/programs/tests/test_v1_0_80_issue740_finer_gates.py,486,60,yes,subprocess.run,test_g2_offset_repro_returns_not_applicable_not_block,TimeoutExpired escapes -> process crashes / test ERRORs -> recorded as a defect
A,subprocess timeout=,plugin/programs/tests/test_v1_0_80_issue740_finer_gates.py,507,60,yes,subprocess.run,test_g2_clean_relation_still_catches_wrong_rtl_after_fix,TimeoutExpired escapes -> process crashes / test ERRORs -> recorded as a defect
A,subprocess timeout=,plugin/programs/tests/test_v1_0_80_issue740_finer_gates.py,511,60,yes,subprocess.run,test_g2_clean_relation_still_catches_wrong_rtl_after_fix,TimeoutExpired escapes -> process crashes / test ERRORs -> recorded as a defect
A,subprocess timeout=,plugin/programs/tests/test_v1_0_80_issue740_finer_gates.py,520,60,yes,subprocess.run,test_chip_agnostic_source,TimeoutExpired escapes -> process crashes / test ERRORs -> recorded as a defect
A,subprocess timeout=,plugin/programs/tests/test_v1_0_80_issue740_g4_nwriter_disjoint_slice_remediation.py,69,60,yes,subprocess.run,_run_lint_warn,TimeoutExpired escapes -> process crashes / test ERRORs -> recorded as a defect
A,subprocess timeout=,plugin/programs/tests/test_v1_0_80_issue740_g4_nwriter_disjoint_slice_remediation.py,118,60,yes,subprocess.run,test_caseE_verilator_ground_truth_zero_multidriven,TimeoutExpired escapes -> process crashes / test ERRORs -> recorded as a defect
A,subprocess timeout=,plugin/programs/tests/test_v1_0_80_issue740_g4_nwriter_disjoint_slice_remediation.py,189,60,yes,subprocess.run,test_chip_agnostic_source,TimeoutExpired escapes -> process crashes / test ERRORs -> recorded as a defect
A,subprocess timeout=,plugin/programs/tests/test_v1_0_80_issue742_shapeb_binding_contracts.py,94,60,yes,subprocess.run,_iverilog_errors_on_unknown_param,handler records a FAILING verdict
A,subprocess timeout=,plugin/programs/tests/test_v1_0_80_issue742_shapeb_binding_contracts.py,215,60,yes,subprocess.run,test_facetA_prefix_reproduces_compile_error_pre_fix,TimeoutExpired escapes -> process crashes / test ERRORs -> recorded as a defect
A,subprocess timeout=,plugin/programs/tests/test_v1_0_80_issue742_shapeb_binding_contracts.py,362,60,yes,subprocess.run,test_facetB_prefix_reproduces_param_not_found,TimeoutExpired escapes -> process crashes / test ERRORs -> recorded as a defect
A,subprocess timeout=,plugin/programs/tests/test_v1_0_80_issue742_shapeb_binding_contracts.py,485,60,yes,subprocess.run,test_facetB_injected_dut_compiles_and_passes,TimeoutExpired escapes -> process crashes / test ERRORs -> recorded as a defect
A,subprocess timeout=,plugin/programs/tests/test_v1_0_80_issue742_shapeb_binding_contracts.py,488,60,yes,subprocess.run,test_facetB_injected_dut_compiles_and_passes,TimeoutExpired escapes -> process crashes / test ERRORs -> recorded as a defect
A,subprocess timeout=,plugin/programs/tests/test_v1_0_80_issue742_shapeb_binding_contracts.py,496,60,yes,subprocess.run,test_chip_agnostic_guard,TimeoutExpired escapes -> process crashes / test ERRORs -> recorded as a defect
A,subprocess timeout=,plugin/programs/tests/test_v1_0_83_issue518r2_colon_form_arstn.py,195,60,yes,subprocess.run,test_runner_gate_arstn_design_elaborates_against_hidden_tb,TimeoutExpired escapes -> process crashes / test ERRORs -> recorded as a defect
A,subprocess timeout=,plugin/programs/tests/test_v1_0_83_issue518r2_colon_form_arstn.py,199,60,yes,subprocess.run,test_runner_gate_arstn_design_elaborates_against_hidden_tb,TimeoutExpired escapes -> process crashes / test ERRORs -> recorded as a defect
A,subprocess timeout=,plugin/programs/tests/test_v1_0_83_issue742r2_apply_order_inline_comment.py,207,60,yes,subprocess.run,test_apply_order_reordered_rtl_compiles_against_positional_tb,TimeoutExpired escapes -> process crashes / test ERRORs -> recorded as a defect
A,subprocess timeout=,plugin/programs/tests/test_v1_0_83_issue742r2_apply_order_inline_comment.py,211,60,yes,subprocess.run,test_apply_order_reordered_rtl_compiles_against_positional_tb,TimeoutExpired escapes -> process crashes / test ERRORs -> recorded as a defect
A,subprocess timeout=,plugin/programs/tests/test_v1_0_83_issue742r2_apply_order_inline_comment.py,249,60,yes,subprocess.run,test_prefix_inline_comment_reproduces_compile_error,TimeoutExpired escapes -> process crashes / test ERRORs -> recorded as a defect
A,subprocess timeout=,plugin/programs/tests/test_v1_0_83_issue756_ppa_disjunctive_clauses.py,72,10,yes,subprocess.run,_container_up,handler records a FAILING verdict
A,subprocess timeout=,plugin/programs/tests/test_v1_0_85_issue766_nonansi_body_ports.py,173,60,yes,subprocess.run,_run_lcc,TimeoutExpired escapes -> process crashes / test ERRORs -> recorded as a defect
A,subprocess timeout=,plugin/programs/tests/test_v1_0_85_issue767_unpacked_array_tb.py,201,60,yes,subprocess.run,_run_lcc,TimeoutExpired escapes -> process crashes / test ERRORs -> recorded as a defect
A,subprocess timeout=,plugin/programs/tests/test_v1_0_85_issue768_ppa_reachability_submission_independent.py,77,10,yes,subprocess.run,_container_up,handler records a FAILING verdict
A,subprocess timeout=,plugin/programs/tests/test_v1_0_85_issue769_ppa_generic_meets_target.py,68,10,yes,subprocess.run,_container_up,handler records a FAILING verdict
A,subprocess timeout=,plugin/programs/tests/test_v1_0_86_issue771_ppa_metric_window.py,87,10,yes,subprocess.run,_container_up,handler records a FAILING verdict
A,subprocess timeout=,plugin/programs/tests/test_v1_0_87_issue770r2_latency_arbiter_onehot.py,177,60,yes,subprocess.run,_run_cli,TimeoutExpired escapes -> process crashes / test ERRORs -> recorded as a defect
A,subprocess timeout=,plugin/programs/tests/test_v1_0_87_issue770r2_latency_arbiter_onehot.py,345,60,yes,subprocess.run,test_478_endstate_fp_passes_via_subprocess,TimeoutExpired escapes -> process crashes / test ERRORs -> recorded as a defect
A,subprocess timeout=,plugin/programs/tests/test_v1_0_87_issue770r2_latency_arbiter_onehot.py,364,60,yes,subprocess.run,test_478_endstate_unreachable_still_blocks_via_subprocess,TimeoutExpired escapes -> process crashes / test ERRORs -> recorded as a defect
A,subprocess timeout=,plugin/programs/tests/test_v1_0_87_issue774_prunable_tail_dup_crashgate.py,229,60,yes,subprocess.run,test_endstate_real_program_subprocess_returncode,TimeoutExpired escapes -> process crashes / test ERRORs -> recorded as a defect
A,subprocess timeout=,plugin/programs/tests/test_v1_0_87_issue774_prunable_tail_dup_crashgate.py,260,60,yes,subprocess.run,test_endstate_clean_program_subprocess_returncode_zero,TimeoutExpired escapes -> process crashes / test ERRORs -> recorded as a defect
A,subprocess timeout=,plugin/programs/tests/test_v1_0_93_issue784_emit_assert_discriminators.py,579,60,yes,subprocess.run,_run_cli,TimeoutExpired escapes -> process crashes / test ERRORs -> recorded as a defect
A,subprocess timeout=,plugin/programs/tests/test_v1_0_93_issue784_emit_assert_discriminators.py,642,60,yes,subprocess.run,_run_gate,TimeoutExpired escapes -> process crashes / test ERRORs -> recorded as a defect
A,subprocess timeout=,plugin/programs/tests/test_v1_11_84_solve_end_to_end.py,55,3600,yes,subprocess.run,solved,TimeoutExpired escapes -> process crashes / test ERRORs -> recorded as a defect
A,subprocess timeout=,plugin/programs/tests/test_v1_1_0_issue689_oversuppresses_518_reset_n_alias.py,137,60,yes,subprocess.run,test_792_rescue_sequence_detector_canonical_binding_now_elaborates,TimeoutExpired escapes -> process crashes / test ERRORs -> recorded as a defect
A,subprocess timeout=,plugin/programs/tests/test_v1_1_0_issue689_oversuppresses_518_reset_n_alias.py,140,60,yes,subprocess.run,test_792_rescue_sequence_detector_canonical_binding_now_elaborates,TimeoutExpired escapes -> process crashes / test ERRORs -> recorded as a defect
A,subprocess timeout=,plugin/programs/tests/test_v1_1_0_issue689_oversuppresses_518_reset_n_alias.py,177,60,yes,subprocess.run,test_792_noregression_spec_binding_and_canon_rescue,TimeoutExpired escapes -> process crashes / test ERRORs -> recorded as a defect
A,subprocess timeout=,plugin/programs/tests/test_v1_1_0_issue689_oversuppresses_518_reset_n_alias.py,240,60,yes,subprocess.run,test_792_additive_wrapper_synth_reads_under_yosys,TimeoutExpired escapes -> process crashes / test ERRORs -> recorded as a defect
A,subprocess timeout=,plugin/programs/tests/test_v1_1_1_issue787_latency_conformance_multibit_datapath.py,234,60,yes,subprocess.run,_run_cli,TimeoutExpired escapes -> process crashes / test ERRORs -> recorded as a defect
A,subprocess timeout=,plugin/programs/tests/test_v1_1_26_sync_reset_next_state_redundant_gate.py,311,60,yes,subprocess.run,_run_gate,TimeoutExpired escapes -> process crashes / test ERRORs -> recorded as a defect
A,subprocess timeout=,plugin/programs/tests/test_v1_1_76_behavioral_fsm.py,271,60,yes,subprocess.run,test_directional_bump_fall_gate_replaces_wrong_authored_toggle,TimeoutExpired escapes -> process crashes / test ERRORs -> recorded as a defect
A,subprocess timeout=,plugin/programs/tests/test_v1_1_76_comb_advanced.py,407,60,yes,subprocess.run,test_host_score_zero_mismatch,TimeoutExpired escapes -> process crashes / test ERRORs -> recorded as a defect
A,subprocess timeout=,plugin/programs/tests/test_v1_1_77_conway_2d.py,292,60,yes,subprocess.run,test_host_score_prob144_zero_mismatch,TimeoutExpired escapes -> process crashes / test ERRORs -> recorded as a defect
A,subprocess timeout=,plugin/programs/tests/test_v1_1_77_conway_2d.py,363,60,yes,subprocess.run,test_host_score_generality_4x4_b3s23,TimeoutExpired escapes -> process crashes / test ERRORs -> recorded as a defect
A,subprocess timeout=,plugin/programs/tests/test_v1_1_77_gshare_predictor.py,74,60,yes,subprocess.run,_host_score,TimeoutExpired escapes -> process crashes / test ERRORs -> recorded as a defect
A,subprocess timeout=,plugin/programs/tests/test_v1_1_83_new_canonicals.py,97,60,yes,subprocess.run,_host,TimeoutExpired escapes -> process crashes / test ERRORs -> recorded as a defect
A,subprocess timeout=,plugin/programs/tests/test_v1_1_84_arith_prose_fold.py,102,60,yes,subprocess.run,test_host_pass,TimeoutExpired escapes -> process crashes / test ERRORs -> recorded as a defect
A,subprocess timeout=,plugin/programs/tests/test_v1_1_85_fsm_detector_fold.py,228,60,yes,subprocess.run,_host_pass,TimeoutExpired escapes -> process crashes / test ERRORs -> recorded as a defect
A,subprocess timeout=,plugin/programs/tests/test_v1_1_85_seq_mult_latency.py,174,60,yes,subprocess.run,test_host_pass_parsed_latency,TimeoutExpired escapes -> process crashes / test ERRORs -> recorded as a defect
A,subprocess timeout=,plugin/programs/tests/test_v1_3_46_antenna_loop_and_librelane_captable.py,46,60,yes,subprocess.run,_run_tclsh,TimeoutExpired escapes -> process crashes / test ERRORs -> recorded as a defect
A,subprocess timeout=,plugin/programs/tests/test_v1_3_47_antenna_escalation_reroute.py,58,60,yes,subprocess.run,_run_tclsh,TimeoutExpired escapes -> process crashes / test ERRORs -> recorded as a defect
A,subprocess timeout=,plugin/programs/tests/test_v1_3_47_stall_watchdog.py,103,10,call-through,R._docker_exec,test_docker_exec_no_marker_uses_raw,TimeoutExpired escapes -> process crashes / test ERRORs -> recorded as a defect
A,subprocess timeout=,plugin/programs/tests/test_v1_3_47_stall_watchdog.py,120,1800,call-through,?,test_docker_exec_with_marker_uses_watchdog,TimeoutExpired escapes -> process crashes / test ERRORs -> recorded as a defect
A,subprocess timeout=,plugin/programs/tests/test_v1_3_49_repo_root_marketplace_sync.py,92,30,yes,subprocess.run,_run,TimeoutExpired escapes -> process crashes / test ERRORs -> recorded as a defect
A,subprocess timeout=,plugin/programs/tests/test_v1_3_50_forkadapt_batch.py,197,60,yes,subprocess.run,_run_tclsh,TimeoutExpired escapes -> process crashes / test ERRORs -> recorded as a defect
A,subprocess timeout=,plugin/programs/tests/test_v1_3_52_r6_sparse_die_welltie.py,278,60,yes,subprocess.run,test_live_emitted_block_ties_wells_and_prunes,TimeoutExpired escapes -> process crashes / test ERRORs -> recorded as a defect
A,subprocess timeout=,plugin/programs/tests/test_v1_3_83_commercial_signoff_bridge.py,336,5,call-through,urllib.request.urlopen,test_dashboard_serve_retries_ports_and_records_url,TimeoutExpired escapes -> process crashes / test ERRORs -> recorded as a defect
A,subprocess timeout=,plugin/programs/tests/test_v1_3_85_chip_top_vl_tri_outermost.py,204,60,yes,subprocess.run,test_autoemit_moves_pull_to_outermost_face_end_to_end,TimeoutExpired escapes -> process crashes / test ERRORs -> recorded as a defect
A,subprocess timeout=,plugin/programs/tests/test_v1_3_85_chip_top_vl_tri_outermost.py,251,60,yes,subprocess.run,test_two_level_chain_resets_under_verilator,TimeoutExpired escapes -> process crashes / test ERRORs -> recorded as a defect
A,subprocess timeout=,plugin/programs/tests/test_v1_3_88_issue119_chip_top_reemit_pull_restore.py,146,60,yes,subprocess.run,test_reemit_restores_pull_and_design_resets,TimeoutExpired escapes -> process crashes / test ERRORs -> recorded as a defect
A,subprocess timeout=,plugin/programs/tests/test_v1_4_21_dft_atpg_liberty_resolver.py,147,60,call-through,tdf._ensure_cut,test_sky130_fault_cut_produces_real_scan_pairs,TimeoutExpired escapes -> process crashes / test ERRORs -> recorded as a defect
A,subprocess timeout=,plugin/programs/tests/test_v1_4_observable_capability_probes.py,79,timeout,yes,subprocess.run,_dexec,TimeoutExpired escapes -> process crashes / test ERRORs -> recorded as a defect
A,subprocess timeout=,plugin/programs/tests/test_v1_7_72_issue499_hdl_ingest_and_code_literals.py,375,60,yes,subprocess.run,_run,TimeoutExpired escapes -> process crashes / test ERRORs -> recorded as a defect
A,subprocess timeout=,plugin/programs/tests/test_v1_7_80_issue514_electrical_sentence_boundary.py,268,60,yes,subprocess.run,_rc,TimeoutExpired escapes -> process crashes / test ERRORs -> recorded as a defect
A,subprocess timeout=,plugin/programs/tests/test_vacuous_exit_corpus_census.py,41,_T,yes,subprocess.run,_run,TimeoutExpired escapes -> process crashes / test ERRORs -> recorded as a defect
A,subprocess timeout=,plugin/programs/tests/test_verilator_coverage_is_measured_not_claimed.py,106,900,yes,subprocess.run,_measure,TimeoutExpired escapes -> process crashes / test ERRORs -> recorded as a defect
A,subprocess timeout=,plugin/programs/tests/test_vibe_ic_one_shot_runner.py,54,timeout,yes,subprocess.run,_run,TimeoutExpired escapes -> process crashes / test ERRORs -> recorded as a defect
A,subprocess timeout=,plugin/programs/tests/test_vibe_ic_one_shot_runner.py,157,90,yes,subprocess.run,test_need_phase1_auto_detects_prompt_input,TimeoutExpired escapes -> process crashes / test ERRORs -> recorded as a defect
A,subprocess timeout=,plugin/programs/tests/test_vibe_ic_one_shot_runner.py,227,timeout,yes,subprocess.run,_run_env,TimeoutExpired escapes -> process crashes / test ERRORs -> recorded as a defect
A,subprocess timeout=,plugin/programs/tests/test_w4_absent_condition_is_not_a_pass.py,151,_T,yes,subprocess.run,_origin_main_fcc,TimeoutExpired escapes -> process crashes / test ERRORs -> recorded as a defect
A,subprocess timeout=,plugin/programs/tests/test_w4_absent_condition_is_not_a_pass.py,290,_T,yes,subprocess.run,_run_reachability,TimeoutExpired escapes -> process crashes / test ERRORs -> recorded as a defect
A,subprocess timeout=,plugin/programs/tests/test_w4_absent_condition_is_not_a_pass.py,333,_T,yes,subprocess.run,test_static_gate_reports_the_undeclared_set_in_its_json,TimeoutExpired escapes -> process crashes / test ERRORs -> recorded as a defect
A,subprocess timeout=,plugin/programs/tests/test_w4_absent_condition_is_not_a_pass.py,553,_T,yes,subprocess.run,test_static_gate_covers_the_advisory_surface_too,TimeoutExpired escapes -> process crashes / test ERRORs -> recorded as a defect
A,subprocess timeout=,plugin/programs/tests/test_w6_pdk_revision_is_recorded.py,143,120,yes,subprocess.run,test_a_tree_that_states_no_revision_is_not_determined_and_exits_1,TimeoutExpired escapes -> process crashes / test ERRORs -> recorded as a defect
A,subprocess timeout=,plugin/programs/tests/test_w6_pdk_revision_is_recorded.py,286,180,yes,subprocess.run,_publish,TimeoutExpired escapes -> process crashes / test ERRORs -> recorded as a defect
A,subprocess timeout=,plugin/programs/tests/test_wall_clock_bound_standing_in_for_a_verdict.py,99,300,yes,subprocess.run,_run,TimeoutExpired escapes -> process crashes / test ERRORs -> recorded as a defect
A,subprocess timeout=,plugin/programs/tests/test_wall_clock_bound_standing_in_for_a_verdict.py,149,300,yes,subprocess.run,test_a_missing_tree_is_undetermined_not_a_pass,TimeoutExpired escapes -> process crashes / test ERRORs -> recorded as a defect
A,subprocess timeout=,plugin/programs/tests/test_wall_clock_bound_standing_in_for_a_verdict.py,155,300,yes,subprocess.run,test_a_bad_invocation_is_rc_3,TimeoutExpired escapes -> process crashes / test ERRORs -> recorded as a defect
A,subprocess timeout=,plugin/programs/tests/test_wall_clock_bound_standing_in_for_a_verdict.py,164,1800,yes,subprocess.run,test_the_shipped_tree_runs_advisory_and_states_its_denominator,TimeoutExpired escapes -> process crashes / test ERRORs -> recorded as a defect
A,subprocess timeout=,plugin/programs/tests/test_wall_clock_bound_standing_in_for_a_verdict.py,186,900,yes,subprocess.run,test_an_empty_population_is_undetermined_not_a_pass,TimeoutExpired escapes -> process crashes / test ERRORs -> recorded as a defect
A,subprocess timeout=,plugin/programs/tests/test_watchdog.py,114,timeout,call-through,subprocess.TimeoutExpired,wait,TimeoutExpired escapes -> process crashes / test ERRORs -> recorded as a defect
A,subprocess timeout=,plugin/programs/tests/test_watchdog.py,130,100,call-through,?,test_supervise_hung_is_stalled_with_fake_clock,TimeoutExpired escapes -> process crashes / test ERRORs -> recorded as a defect
A,subprocess timeout=,plugin/programs/tests/test_watchdog.py,156,100,call-through,?,test_supervise_progressing_runs_to_natural_exit,TimeoutExpired escapes -> process crashes / test ERRORs -> recorded as a defect
A,subprocess timeout=,plugin/programs/tests/test_watchdog.py,180,100,call-through,?,test_supervise_ceiling_backstops_cpu_burning_loop,TimeoutExpired escapes -> process crashes / test ERRORs -> recorded as a defect
A,subprocess timeout=,plugin/programs/tests/test_watchdog.py,198,1.0,call-through,?,test_run_supervised_progressing_output_not_killed,TimeoutExpired escapes -> process crashes / test ERRORs -> recorded as a defect
A,subprocess timeout=,plugin/programs/tests/test_watchdog.py,215,0.4,call-through,?,test_run_supervised_can_ignore_chatty_output_and_watch_domain_events,TimeoutExpired escapes -> process crashes / test ERRORs -> recorded as a defect
A,subprocess timeout=,plugin/programs/tests/test_watchdog.py,225,1.0,call-through,?,test_run_supervised_hung_is_stalled,TimeoutExpired escapes -> process crashes / test ERRORs -> recorded as a defect
A,measured elapsed vs literal,plugin/programs/tests/test_watchdog.py,230,res.elapsed_s Lt 6.0,assert,,test_run_supervised_hung_is_stalled,a wall-clock number decides the test verdict
A,subprocess timeout=,plugin/programs/tests/test_watchdog.py,243,1.5,call-through,?,test_run_supervised_cpu_silent_not_killed_before_ceiling,TimeoutExpired escapes -> process crashes / test ERRORs -> recorded as a defect
A,measured elapsed vs literal,plugin/programs/tests/test_watchdog.py,248,res.elapsed_s Gt 2.5,assert,,test_run_supervised_cpu_silent_not_killed_before_ceiling,a wall-clock number decides the test verdict
A,subprocess timeout=,plugin/programs/tests/test_watchdog.py,252,5.0,call-through,?,test_run_supervised_fast_normal_natural_rc_no_kill,TimeoutExpired escapes -> process crashes / test ERRORs -> recorded as a defect
A,subprocess timeout=,plugin/programs/tests/test_watchdog.py,261,5.0,call-through,?,test_run_supervised_nonzero_rc_propagates,TimeoutExpired escapes -> process crashes / test ERRORs -> recorded as a defect
A,subprocess timeout=,plugin/programs/tests/test_watchdog.py,274,5.0,call-through,?,test_run_supervised_bytes_output_decoded_to_str,TimeoutExpired escapes -> process crashes / test ERRORs -> recorded as a defect
A,subprocess timeout=,plugin/programs/tests/test_watchdog.py,282,5.0,call-through,?,test_run_supervised_launch_error_returns_127,TimeoutExpired escapes -> process crashes / test ERRORs -> recorded as a defect
A,subprocess timeout=,plugin/programs/tests/test_watchdog.py,296,1.0,call-through,?,test_run_supervised_custom_kill_callback_invoked,TimeoutExpired escapes -> process crashes / test ERRORs -> recorded as a defect
A,subprocess timeout=,plugin/programs/tests/test_watchdog.py,332,10000,call-through,?,_abort_harness,TimeoutExpired escapes -> process crashes / test ERRORs -> recorded as a defect
A,subprocess timeout=,plugin/programs/tests/test_wave76_skill_md_chip_agnostic.py,132,30,yes,subprocess.run,test_audit_tool_runs_clean,TimeoutExpired escapes -> process crashes / test ERRORs -> recorded as a defect
A,subprocess timeout=,plugin/programs/tests/test_wave80_mixed_signal_otp_aid_acceptance.py,44,60,yes,subprocess.run,_run,TimeoutExpired escapes -> process crashes / test ERRORs -> recorded as a defect
A,subprocess timeout=,plugin/programs/tests/test_wrapper_argv_forwarding.py,101,60,yes,subprocess.run,_run,TimeoutExpired escapes -> process crashes / test ERRORs -> recorded as a defect
A,subprocess timeout=,plugin/programs/tests/test_xlsx_extract.py,13,15,yes,subprocess.run,_run,TimeoutExpired escapes -> process crashes / test ERRORs -> recorded as a defect
A,subprocess timeout=,plugin/programs/tracked_symlink_portability_check.py,239,60,yes,subprocess.run,main,TimeoutExpired escapes -> process crashes / test ERRORs -> recorded as a defect
A,subprocess timeout=,plugin/programs/tracked_symlink_target_present_check.py,163,60,yes,subprocess.run,_repo_root,TimeoutExpired escapes -> process crashes / test ERRORs -> recorded as a defect
A,subprocess timeout=,plugin/programs/tracked_symlink_target_present_check.py,176,60,yes,subprocess.run,_git_toplevel,TimeoutExpired escapes -> process crashes / test ERRORs -> recorded as a defect
A,subprocess timeout=,plugin/programs/tracked_symlink_target_present_check.py,189,180,yes,subprocess.run,tracked_symlinks,TimeoutExpired escapes -> process crashes / test ERRORs -> recorded as a defect
A,subprocess timeout=,plugin/programs/tracked_symlink_target_present_check.py,208,180,yes,subprocess.run,tracked_path_count,TimeoutExpired escapes -> process crashes / test ERRORs -> recorded as a defect
A,subprocess timeout=,plugin/programs/tracked_symlink_target_present_check.py,224,180,yes,subprocess.run,broken,TimeoutExpired escapes -> process crashes / test ERRORs -> recorded as a defect
A,subprocess timeout=,plugin/programs/tracked_symlink_target_present_check.py,277,60,yes,subprocess.run,_is_ignored,TimeoutExpired escapes -> process crashes / test ERRORs -> recorded as a defect
A,subprocess timeout=,plugin/programs/transition_fault_atpg_run.py,578,timeout,call-through,_run_in_docker,_ensure_cut,TimeoutExpired escapes -> process crashes / test ERRORs -> recorded as a defect
A,subprocess timeout=,plugin/programs/transition_fault_atpg_run.py,628,timeout,call-through,_run_in_docker,_gate_levelise,TimeoutExpired escapes -> process crashes / test ERRORs -> recorded as a defect
A,subprocess timeout=,plugin/programs/transition_fault_atpg_run.py,1029,"min(timeout, 120)",call-through,_liberty_structure_text,run_tdf_atpg,TimeoutExpired escapes -> process crashes / test ERRORs -> recorded as a defect
A,subprocess timeout=,plugin/programs/transition_fault_atpg_run.py,1036,"min(timeout, 300)",call-through,_ensure_cut,run_tdf_atpg,TimeoutExpired escapes -> process crashes / test ERRORs -> recorded as a defect
A,subprocess timeout=,plugin/programs/transition_fault_atpg_run.py,1048,"min(timeout, 300)",call-through,_gate_levelise,run_tdf_atpg,TimeoutExpired escapes -> process crashes / test ERRORs -> recorded as a defect
A,subprocess timeout=,plugin/programs/transition_fault_atpg_run.py,1181,"min(timeout, 120)",call-through,_detect_sat_solver,run_tdf_atpg,TimeoutExpired escapes -> process crashes / test ERRORs -> recorded as a defect
A,subprocess timeout=,plugin/programs/transition_fault_atpg_run.py,1191,"max(30, int(wall))",call-through,_run_in_docker,run_tdf_atpg,TimeoutExpired escapes -> process crashes / test ERRORs -> recorded as a defect
A,subprocess timeout=,plugin/programs/transition_fault_atpg_run.py,1485,args.timeout,call-through,run_tdf_atpg,main,TimeoutExpired escapes -> process crashes / test ERRORs -> recorded as a defect
A,subprocess timeout=,plugin/programs/verilator_timing_fallback_check.py,125,300,yes,subprocess.run,adjudicate,handler records a FAILING verdict
A,except Timeout,plugin/programs/verilator_timing_fallback_check.py,130,(handler),handler,subprocess.TimeoutExpired,adjudicate,"return 1, (""VERILATOR_BUILD_TIMEOUT: Verilator build exceeded 300s → "" ""cannot adjudicate; the FLOOR-D stands."")"
A,subprocess timeout=,plugin/programs/verilator_timing_fallback_check.py,144,120,yes,subprocess.run,adjudicate,handler records a FAILING verdict
A,except Timeout,plugin/programs/verilator_timing_fallback_check.py,146,(handler),handler,subprocess.TimeoutExpired,adjudicate,"return 1, (""VERILATOR_SIM_TIMEOUT: the golden's TB did not finish within "" ""120s under Verilator → no faithful pass; the FLOOR-D stands."")"
A,subprocess timeout=,plugin/tools/phase1_engine/nl_ingest.py,803,timeout,call-through,urllib.request.urlopen,call_anthropic_extract,TimeoutExpired escapes -> process crashes / test ERRORs -> recorded as a defect
A,subprocess timeout=,plugin/tools/phase1_engine/tests/test_typical_scaffolds_retired.py,454,60,yes,subprocess.run,test_the_defaults_dir_resolves_from_a_cwd_OUTSIDE_the_repo,TimeoutExpired escapes -> process crashes / test ERRORs -> recorded as a defect
A,subprocess timeout=,tools/ci/gatekeeper_status_poller.py,105,timeout,yes,subprocess.run,_run,TimeoutExpired escapes -> process crashes / test ERRORs -> recorded as a defect
A,subprocess timeout=,tools/ci/protected_landing_transition.py,1252,180,yes,subprocess.run,build_push_preflight_receipt,TimeoutExpired escapes -> process crashes / test ERRORs -> recorded as a defect
A,subprocess timeout=,tools/ci/protected_landing_transition.py,1263,180,yes,subprocess.run,build_push_preflight_receipt,TimeoutExpired escapes -> process crashes / test ERRORs -> recorded as a defect
A,subprocess timeout=,tools/ci/routed_def_corpus.py,326,operational_grace,call-through,?,_manifest,TimeoutExpired escapes -> process crashes / test ERRORs -> recorded as a defect
A,subprocess timeout=,tools/ci/staged_version_claim_check.py,244,60,yes,subprocess.run,_diff_unified_zero,TimeoutExpired escapes -> process crashes / test ERRORs -> recorded as a defect
A,subprocess timeout=,tools/ci/test_check_version_sync_with_commit.py,44,60,yes,subprocess.run,_run,TimeoutExpired escapes -> process crashes / test ERRORs -> recorded as a defect
A,subprocess timeout=,tools/ci/test_landing_runtime_preflight_gate.py,207,_HEAVY,yes,subprocess.run,_runnerless_python,TimeoutExpired escapes -> process crashes / test ERRORs -> recorded as a defect
A,subprocess timeout=,tools/ci/test_landing_runtime_preflight_gate.py,217,_QUICK,yes,subprocess.run,_runnerless_python,TimeoutExpired escapes -> process crashes / test ERRORs -> recorded as a defect
A,subprocess timeout=,tools/ci/test_landing_runtime_preflight_gate.py,233,_QUICK,yes,subprocess.run,_real_site_dir,TimeoutExpired escapes -> process crashes / test ERRORs -> recorded as a defect
A,subprocess timeout=,tools/ci/test_landing_runtime_preflight_gate.py,343,_HEAVY,yes,subprocess.run,_run_block,TimeoutExpired escapes -> process crashes / test ERRORs -> recorded as a defect
A,subprocess timeout=,tools/ci/test_landing_runtime_preflight_gate.py,485,_QUICK,yes,subprocess.run,test_an_inner_bound_is_a_real_bound,TimeoutExpired escapes -> process crashes / test ERRORs -> recorded as a defect
A,subprocess timeout=,tools/ci/test_landing_runtime_preflight_gate.py,495,1,yes,subprocess.run,test_an_inner_bound_is_a_real_bound,TimeoutExpired escapes -> process crashes / test ERRORs -> recorded as a defect
A,subprocess timeout=,tools/ci/test_phase_b_activated_parity.py,153,_GIT_BOUND,yes,subprocess.run,_git,TimeoutExpired escapes -> process crashes / test ERRORs -> recorded as a defect
A,subprocess timeout=,tools/ci/test_phase_b_activated_parity.py,166,_GIT_BOUND,yes,subprocess.run,_git_bytes,TimeoutExpired escapes -> process crashes / test ERRORs -> recorded as a defect
A,subprocess timeout=,tools/ci/test_run_suite_in_eda_image.py,73,timeout,yes,subprocess.run,_run,TimeoutExpired escapes -> process crashes / test ERRORs -> recorded as a defect
A,subprocess timeout=,tools/ci/test_staged_version_claim_check.py,29,10,yes,subprocess.run,_run,TimeoutExpired escapes -> process crashes / test ERRORs -> recorded as a defect
A,subprocess timeout=,tools/ci/test_trusted_test_selection.py,227,60,yes,subprocess.run,test_nested_progress_schedule_matches_live_pytest_collection,TimeoutExpired escapes -> process crashes / test ERRORs -> recorded as a defect
A,subprocess timeout=,tools/core_agent/claim.py,62,60,yes,subprocess.run,_gh_post,TimeoutExpired escapes -> process crashes / test ERRORs -> recorded as a defect
A,subprocess timeout=,tools/core_agent/claim.py,89,60,yes,subprocess.run,_gh_list,TimeoutExpired escapes -> process crashes / test ERRORs -> recorded as a defect
A,subprocess timeout=,tools/flow_runner.py,358,300,yes,subprocess.run,run_phase2,TimeoutExpired escapes -> process crashes / test ERRORs -> recorded as a defect
A,subprocess timeout=,tools/gen_flow_gate_header.py,100,14400,yes,subprocess.run,run_suite,TimeoutExpired escapes -> process crashes / test ERRORs -> recorded as a defect
A,subprocess timeout=,tools/gen_matrix_63x8_census.py,621,_GIT_LS_TIMEOUT_S,yes,subprocess.run,tracked_corpus_files,handler records a FAILING verdict
A,subprocess timeout=,tools/ic_collector/collector_v2.py,116,45,yes,subprocess.run,download_pdf,handler records a FAILING verdict
A,subprocess timeout=,tools/ic_collector/db_importer.py,39,10,yes,subprocess.run,run_sql,TimeoutExpired escapes -> process crashes / test ERRORs -> recorded as a defect
A,subprocess timeout=,tools/issue_state_notify.py,118,20,call-through,urllib.request.urlopen,_http_json,TimeoutExpired escapes -> process crashes / test ERRORs -> recorded as a defect
A,subprocess timeout=,tools/liar_census.py,3557,timeout,call-through,CorpusCtx,corpus_pass,TimeoutExpired escapes -> process crashes / test ERRORs -> recorded as a defect
A,subprocess timeout=,tools/minio_store.py,48,30,yes,subprocess.run,mc_cmd,TimeoutExpired escapes -> process crashes / test ERRORs -> recorded as a defect
A,subprocess timeout=,tools/phase1_engine/nl_ingest.py,803,timeout,call-through,urllib.request.urlopen,call_anthropic_extract,TimeoutExpired escapes -> process crashes / test ERRORs -> recorded as a defect
A,subprocess timeout=,tools/phase1_engine/tests/test_typical_scaffolds_retired.py,454,60,yes,subprocess.run,test_the_defaults_dir_resolves_from_a_cwd_OUTSIDE_the_repo,TimeoutExpired escapes -> process crashes / test ERRORs -> recorded as a defect
A,except Timeout,tools/phase1_menu.py,374,(handler),handler,subprocess.TimeoutExpired,_regen_datasheet,"print(f"" Error: Timed out after 120s"") self._log(""Datasheet re-generation: TIMEOUT"") return ""failed"""
A,except Timeout,tools/phase1_menu.py,423,(handler),handler,subprocess.TimeoutExpired,_regen_appnote,"print(f"" Error: Timed out after 120s"") return ""failed"""
A,subprocess timeout=,tools/pipeline_run.py,155,120,yes,subprocess.run,_run_yosys_synth,handler records a FAILING verdict
A,except Timeout,tools/pipeline_run.py,176,(handler),handler,subprocess.TimeoutExpired,_run_yosys_synth,"return False, 0, ""Yosys synthesis timed out"""
A,subprocess timeout=,tools/test_d9_corpus_baseline.py,244,2,call-through,d9.run_cell,test_timeout_kills_the_whole_process_group,TimeoutExpired escapes -> process crashes / test ERRORs -> recorded as a defect
A,subprocess timeout=,tools/test_gatekeeper_land_lanes.py,216,timeout,yes,subprocess.run,_run,TimeoutExpired escapes -> process crashes / test ERRORs -> recorded as a defect
A,subprocess timeout=,tools/test_gatekeeper_land_lanes.py,342,60,call-through,_run,test_the_exit_trap_leaves_no_lane_descendant_alive,TimeoutExpired escapes -> process crashes / test ERRORs -> recorded as a defect
A,subprocess timeout=,tools/test_gatekeeper_land_lanes.py,537,60,yes,subprocess.run,test_the_pipe_form_really_does_lose_a_match,TimeoutExpired escapes -> process crashes / test ERRORs -> recorded as a defect
A,subprocess timeout=,tools/test_gatekeeper_land_review_budget.py,63,60,yes,subprocess.run,_drive,TimeoutExpired escapes -> process crashes / test ERRORs -> recorded as a defect
A,subprocess timeout=,tools/test_gatekeeper_land_review_budget.py,212,60,yes,subprocess.run,_drive_through_run,TimeoutExpired escapes -> process crashes / test ERRORs -> recorded as a defect
A,subprocess timeout=,tools/test_gatekeeper_land_review_budget.py,305,60,yes,subprocess.run,_review_argv,TimeoutExpired escapes -> process crashes / test ERRORs -> recorded as a defect
A,subprocess timeout=,tools/test_issue_state_notify.py,110,10,yes,subprocess.run,_run_classifier_cli,TimeoutExpired escapes -> process crashes / test ERRORs -> recorded as a defect
A,subprocess timeout=,tools/test_liar_census.py,677,_T,yes,subprocess.run,test_the_mutation_replaces_the_verdict_and_keeps_every_side_effect,TimeoutExpired escapes -> process crashes / test ERRORs -> recorded as a defect
A,subprocess timeout=,tools/test_liar_census.py,794,_T,yes,subprocess.run,test_the_mutation_never_writes_inside_the_checkout,TimeoutExpired escapes -> process crashes / test ERRORs -> recorded as a defect
A,subprocess timeout=,tools/tests/test_gen_flow_gate_header_liveness.py,40,30,yes,subprocess.run,_run,TimeoutExpired escapes -> process crashes / test ERRORs -> recorded as a defect
B,except Timeout,plugin/mcp-eda/src/devices/fpga/terasic-de10lite/driver.py,136,(handler),handler,subprocess.TimeoutExpired,run,"return 124, e.stdout or """", (e.stderr or """") + f""\n[timeout after {timeout_s}s]"""
B,except Timeout,plugin/programs/_klayout_launch.py,135,(handler),handler,subprocess.TimeoutExpired,run,"return 124, """", f""klayout timed out after {timeout}s"""
B,except Timeout,plugin/programs/_klayout_launch.py,148,(handler),handler,subprocess.TimeoutExpired,run_argv,"return 124, """", f""command timed out after {timeout}s"""
B,except Timeout,plugin/programs/_klayout_launch.py,196,(handler),handler,subprocess.TimeoutExpired,run,"return 124, """", f""klayout (container) timed out after {timeout}s"""
B,except Timeout,plugin/programs/_klayout_launch.py,211,(handler),handler,subprocess.TimeoutExpired,run_argv,"return 124, """", f""command (container) timed out after {timeout}s"""
B,subprocess timeout=,plugin/programs/_ppa/closure.py,1268,600,yes,subprocess.run,measure,handler records UNKNOWN/NOT_MEASURED
B,except Timeout,plugin/programs/_run_isolation.py,303,(handler),handler,subprocess.TimeoutExpired,run_against_copy,"rc, out, err = 124, (e.stdout or b"""").decode(errors=""replace""), \ f""timeout after {timeout}s"""
B,subprocess timeout=,plugin/programs/analog_a3_netlist_emit.py,915,120,yes,subprocess.run,verify_with_ngspice,handler records UNKNOWN/NOT_MEASURED
B,subprocess timeout=,plugin/programs/analog_a3_netlist_emit.py,922,300,yes,subprocess.run,verify_with_ngspice,handler records UNKNOWN/NOT_MEASURED
B,subprocess timeout=,plugin/programs/analog_a3_netlist_emit.py,931,120,yes,subprocess.run,verify_with_ngspice,handler records UNKNOWN/NOT_MEASURED
B,subprocess timeout=,plugin/programs/analog_a3_netlist_emit.py,959,900,yes,subprocess.run,verify_with_ngspice,handler records UNKNOWN/NOT_MEASURED
B,except Timeout,plugin/programs/atomic_write_pr_attribution.py,116,(handler),handler,subprocess.TimeoutExpired,_run,"return 124, b"""", f""timeout after {timeout}s: {' '.join(args)}"".encode()"
B,except Timeout,plugin/programs/caravel_wrapper_harden_driver.py,122,(handler),handler,subprocess.TimeoutExpired,default_runner,"def _dec(x): if x is None: return """" return x.decode(""utf-8"", ""replace"") if isinstance(x, bytes) else str(x) return 124, _dec(e.stdout), f""timeout after {timeout}s"""
B,except Timeout,plugin/programs/clause_smoke_tb.py,391,(handler),handler,subprocess.TimeoutExpired,_run,"out = e.stdout if isinstance(out, bytes): out = out.decode(""utf-8"", ""replace"") return 124, out or """", ""timeout"""
B,except Timeout,plugin/programs/design_one_shot_runner.py,422,(handler),handler,subprocess.TimeoutExpired,_run,"partial = e.stdout if isinstance(partial, bytes): partial = partial.decode(errors=""replace"") return 124, partial or """", f""TIMEOUT after {timeout}s: {e}"""
B,except Timeout,plugin/programs/design_one_shot_runner.py,570,(handler),handler,subprocess.TimeoutExpired,_docker_exec_raw,"partial = e.stdout if isinstance(partial, bytes): partial = partial.decode(errors=""replace"") return 124, partial or """", f""TIMEOUT after {timeout}s: {e}"""
B,subprocess timeout=,plugin/programs/design_one_shot_runner.py,14387,1800,yes,subprocess.run,step_dft_lec_chain,handler records UNKNOWN/NOT_MEASURED
B,except Timeout,plugin/programs/design_one_shot_runner.py,14577,(handler),handler,subprocess.TimeoutExpired,step_dft_lec_chain,"_to = getattr(exc, ""timeout"", None) _dft_disclose_skip( dft_dir / ""dft_atpg_not_run.json"", f""Fault ATPG exceeded its wall budget of {_to}s — the engine was "" f""running, not unable. This is a BUDGET ou"
B,subprocess timeout=,plugin/programs/design_one_shot_runner.py,14689,_tdf_atpg_subprocess_timeout_s(),yes,subprocess.run,step_dft_lec_chain,handler records UNKNOWN/NOT_MEASURED
B,except Timeout,plugin/programs/design_one_shot_runner.py,14712,(handler),handler,subprocess.TimeoutExpired,step_dft_lec_chain,"_to = getattr(exc, ""timeout"", None) _dft_disclose_skip( _tdf_not_run, f""transition-delay-fault ATPG exceeded its wall budget of {_to}s — "" f""the SAT engine was running, not unable. This is a BUDGET ou"
B,subprocess timeout=,plugin/programs/design_one_shot_runner.py,14770,600,call-through,_docker_exec,step_dft_lec_chain,handler records UNKNOWN/NOT_MEASURED
B,subprocess timeout=,plugin/programs/design_one_shot_runner.py,14854,_LEC_PRODUCER_TIMEOUT_S,yes,subprocess.run,step_dft_lec_chain,handler records UNKNOWN/NOT_MEASURED
B,except Timeout,plugin/programs/diff_verify_harness.py,418,(handler),handler,subprocess.TimeoutExpired,_run,"out = e.stdout if isinstance(out, bytes): out = out.decode(""utf-8"", ""replace"") return 124, out or """", ""timeout"""
B,except Timeout,plugin/programs/digital_hardmacro_gen.py,542,(handler),handler,subprocess.TimeoutExpired,_sh,"return 124, """", f""timed out after {timeout}s"""
B,except Timeout,plugin/programs/fault_atpg_run.py,1269,(handler),handler,subprocess.TimeoutExpired,_run_docker,"return 124, """", ( f""docker client backstop fired after "" f""{deadline + _CE.CLIENT_GRACE_S}s: the container-side deadline "" f""({deadline}s) did not fire first, so the container — not the "" f""engine — i"
B,subprocess timeout=,plugin/programs/flow_gate_grid.py,329,300,yes,subprocess.run,_delegate,handler records UNKNOWN/NOT_MEASURED
B,except Timeout,plugin/programs/flow_gate_grid.py,331,(handler),handler,subprocess.TimeoutExpired,_delegate,"return 2, f""{program.name} exceeded the 300s delegate budget"""
B,except Timeout,plugin/programs/fmeda_fault_injection_coverage.py,859,(handler),handler,subprocess.TimeoutExpired,_run_injection_host,"return 124, """", ""iverilog/vvp timed out"""
B,except Timeout,plugin/programs/fmeda_fault_injection_coverage.py,900,(handler),handler,subprocess.TimeoutExpired,run_injection_iverilog,"return 124, """", ""iverilog/vvp timed out"""
B,subprocess timeout=,plugin/programs/gatekeeper_review.py,2017,timeout,yes,subprocess.run,_run_program,handler records UNKNOWN/NOT_MEASURED
B,except Timeout,plugin/programs/general_precheck.py,405,(handler),handler,subprocess.TimeoutExpired,default_runner,"return 124, """", ""[timeout]"""
B,except Timeout,plugin/programs/harness_exact_selfverify.py,249,(handler),handler,subprocess.TimeoutExpired,_run,"return 124, """", ""timeout"""
B,except Timeout,plugin/programs/latency_conformance_check.py,1883,(handler),handler,subprocess.TimeoutExpired,_run,"out = e.stdout if isinstance(out, bytes): out = out.decode(""utf-8"", ""replace"") return 124, out or """", ""timeout"""
B,except Timeout,plugin/programs/mpw_precheck_driver.py,241,(handler),handler,subprocess.TimeoutExpired,default_docker_runner,"out = e.stdout or """" err = e.stderr or """" if isinstance(out, bytes): out = out.decode(""utf-8"", ""replace"") if isinstance(err, bytes): err = err.decode(""utf-8"", ""replace"") return 124, out, err + ""\n[tim"
B,except Timeout,plugin/programs/nda_diff_scan_check.py,177,(handler),handler,subprocess.TimeoutExpired,_git,"return 124, """", (f""git {' '.join(args)[:120]} did not return within "" f""{_GIT_TIMEOUT_S}s"")"
B,except Timeout,plugin/programs/phase1_doc_one_shot_runner.py,502,(handler),handler,subprocess.TimeoutExpired,_run,"return 124, """", f""TIMEOUT after {timeout}s"""
B,subprocess timeout=,plugin/programs/phase1_doc_one_shot_runner.py,60415,120,yes,subprocess.run,main,handler records UNKNOWN/NOT_MEASURED
B,subprocess timeout=,plugin/programs/phase1_doc_one_shot_runner.py,64410,300,yes,subprocess.run,main,handler records UNKNOWN/NOT_MEASURED
B,subprocess timeout=,plugin/programs/phase1_doc_one_shot_runner.py,64467,300,yes,subprocess.run,main,handler records UNKNOWN/NOT_MEASURED
B,except Timeout,plugin/programs/phase1_verify_aggregate.py,169,(handler),handler,subprocess.TimeoutExpired,_run_check,"return CheckResult(name=name, exit_code=124, stdout_tail="""", stderr_tail=""timeout"")"
B,except Timeout,plugin/programs/phase23_completion_self_audit_check.py,81,(handler),handler,subprocess.TimeoutExpired,_run_compliance,"partial = (e.stdout or """") if isinstance(partial, bytes): partial = partial.decode(errors=""replace"") return 124, (f""Overall: AUDIT_TIMEOUT\n"" f""AUDIT TIMEOUT after {budget}s — the compliance audit "" f"
B,except Timeout,plugin/programs/phase3_one_shot_runner.py,1017,(handler),handler,subprocess.TimeoutExpired,_docker_exec_raw,"return (124, _as_text(e.stdout), f""TIMEOUT after {timeout}s: {e}"")"
B,subprocess timeout=,plugin/programs/phase3_one_shot_runner.py,11951,120,yes,subprocess.run,step_synth,handler records UNKNOWN/NOT_MEASURED
B,subprocess timeout=,plugin/programs/phase3_one_shot_runner.py,29967,_ILLEGAL_OVERLAP_GATE_TIMEOUT,yes,subprocess.run,_run_illegal_overlap_gate,handler records UNKNOWN/NOT_MEASURED
B,subprocess timeout=,plugin/programs/phase3_one_shot_runner.py,32189,timeout_s,yes,subprocess.run,run_at_speed_atpg_producers,handler records UNKNOWN/NOT_MEASURED
B,subprocess timeout=,plugin/programs/phase3_one_shot_runner.py,32744,1800,yes,subprocess.run,step_digital_hardmacro_gen,handler records UNKNOWN/NOT_MEASURED
B,subprocess timeout=,plugin/programs/phase3_one_shot_runner.py,32832,120,yes,subprocess.run,step_tapeout_docs_gen,handler records UNKNOWN/NOT_MEASURED
B,except Timeout,plugin/programs/ppa_area_threshold_check.py,1040,(handler),handler,subprocess.TimeoutExpired,_run,"out = e.stdout if isinstance(out, bytes): out = out.decode(""utf-8"", ""replace"") return 124, out or """", ""timeout"""
B,except Timeout,plugin/programs/ppa_area_threshold_check.py,1106,(handler),handler,subprocess.TimeoutExpired,_docker_exec_raw,"partial = e.stdout if isinstance(partial, bytes): partial = partial.decode(""utf-8"", ""replace"") return 124, partial or """", f""TIMEOUT after {timeout}s"""
B,except Timeout,plugin/programs/protocol_reference_tb_pass_check.py,414,(handler),handler,subprocess.TimeoutExpired,run_iverilog,"return ("""", ""iverilog timed out"", 124, """", 0)"
B,except Timeout,plugin/programs/protocol_reference_tb_pass_check.py,431,(handler),handler,subprocess.TimeoutExpired,run_iverilog,"run_out = """" if e.stdout: run_out = (e.stdout if isinstance(e.stdout, str) else e.stdout.decode(""utf-8"", errors=""ignore"")) return (compile_stdout, compile_stderr, compile_rc, run_out, 124)"
B,except Timeout,plugin/programs/rtl_review_aggregate.py,232,(handler),handler,subprocess.TimeoutExpired,_run_program_json,"return 124, """", f""timeout running {program_name}"""
B,subprocess timeout=,plugin/programs/scratch_root_guard.py,359,_GIT_TIMEOUT,yes,subprocess.run,work_tree_state,handler records UNKNOWN/NOT_MEASURED
B,except Timeout,plugin/programs/si_mcf_sta.py,734,(handler),handler,subprocess.TimeoutExpired,_docker_exec,"so = e.stdout or """" se = e.stderr or """" so = so.decode(""utf-8"", ""replace"") if isinstance(so, bytes) else so se = se.decode(""utf-8"", ""replace"") if isinstance(se, bytes) else se return 124, so, se"
B,except Timeout,plugin/programs/tapeout_precheck.py,276,(handler),handler,subprocess.TimeoutExpired,default_runner,"return 124, """", ""[timeout]"""
B,except Timeout,plugin/programs/tapeout_readiness_check.py,648,(handler),handler,subprocess.TimeoutExpired,default_runner,"out, err = e.stdout or """", e.stderr or """" if isinstance(out, bytes): out = out.decode(""utf-8"", ""replace"") if isinstance(err, bytes): err = err.decode(""utf-8"", ""replace"") return 124, out, err + ""\n[tim"
B,subprocess timeout=,plugin/programs/tests/test_enhancement_emit.py,1225,30,yes,_sp.run,_cvdp_design_leaf_names,handler records UNKNOWN/NOT_MEASURED
B,subprocess timeout=,plugin/programs/tests/test_enhancement_emit.py,1411,30,call-through,_sp2.run,_cvdp_cell_ids_in_tracked_paths,handler records UNKNOWN/NOT_MEASURED
B,subprocess timeout=,plugin/programs/tests/test_extraction_input_capability_check.py,78,45,yes,subprocess.run,_real_tech,handler records UNKNOWN/NOT_MEASURED
B,except Timeout,plugin/programs/tests/test_extraction_input_capability_check.py,82,(handler),handler,"(subprocess.TimeoutExpired, FileNotFoundError, OSError)",_real_tech,"skip_not_verified(f""could not read the tech file out of the "" f""image: {type(exc).__name__}"", PULL_REMEDY)"
B,subprocess timeout=,plugin/programs/tests/test_private_project_codename_sanitize.py,126,60,yes,subprocess.run,test_no_real_codename_literal_in_plugin_tree,handler records UNKNOWN/NOT_MEASURED
B,except Timeout,plugin/programs/tests/test_private_project_codename_sanitize.py,129,(handler),handler,"(FileNotFoundError, subprocess.TimeoutExpired)",test_no_real_codename_literal_in_plugin_tree,"import pytest pytest.skip(""git not available"")"
B,subprocess timeout=,plugin/programs/tests/test_source_chip_agnostic_check.py,180,60,yes,subprocess.run,test_git_grep_sku_is_zero,handler records UNKNOWN/NOT_MEASURED
B,except Timeout,plugin/programs/tests/test_source_chip_agnostic_check.py,183,(handler),handler,"(FileNotFoundError, subprocess.TimeoutExpired)",test_git_grep_sku_is_zero,"pytest.skip(""git not available"")"
B,except Timeout,plugin/programs/transition_fault_atpg_run.py,493,(handler),handler,subprocess.TimeoutExpired,_run_in_docker,"out = _as_text(getattr(exc, ""stdout"", """") or getattr(exc, ""output"", """")) err = _as_text(getattr(exc, ""stderr"", """")) # Reap the orphaned container so its yosys stops burning a CPU. try: subprocess.run("
B,subprocess timeout=,plugin/programs/verilog_selfcheck_lint.py,147,120,yes,subprocess.run,selfcheck_lint,handler records UNKNOWN/NOT_MEASURED
B,except Timeout,plugin/programs/verilog_selfcheck_lint.py,162,(handler),handler,subprocess.TimeoutExpired,selfcheck_lint,"return {""status"": ""SKIP"", ""returncode"": None, ""warnings"": [], ""n_warnings"": 0, ""codes"": [], ""verilator"": binpath, ""raw"": """", ""skip_reason"": ""verilator timed out""}"
B,subprocess timeout=,plugin/programs/waiver_template_gen.py,121,120,yes,subprocess.run,_run_flow_compliance,handler records UNKNOWN/NOT_MEASURED
B,subprocess timeout=,plugin/programs/worked_example_sequence_oracle_check.py,240,60,yes,subprocess.run,analyze,handler records UNKNOWN/NOT_MEASURED
B,subprocess timeout=,plugin/programs/worked_example_sequence_oracle_check.py,251,60,yes,subprocess.run,analyze,handler records UNKNOWN/NOT_MEASURED
B,except Timeout,tools/core_agent/covered_by.py,174,(handler),handler,subprocess.TimeoutExpired,_run,"return """", 124"
B,except Timeout,tools/liar_census.py,822,(handler),handler,subprocess.TimeoutExpired,_run,"return 124, ""<TIMEOUT>"""
B,except Timeout,tools/liar_census.py,2810,(handler),handler,subprocess.TimeoutExpired,_run_traced,"return 124, ""<TIMEOUT>"", None"
B,subprocess timeout=,tools/test_liar_census.py,2526,_T,yes,subprocess.run,test_the_flow_has_NOT_shrunk_since_the_literal_was_last_moved,handler records UNKNOWN/NOT_MEASURED
B,except Timeout,tools/test_liar_census.py,2531,(handler),handler,subprocess.TimeoutExpired,test_the_flow_has_NOT_shrunk_since_the_literal_was_last_moved,"pytest.skip(f""`git show` did not answer within {_T}s — the flow blob at "" f""{_SHRINK_PIN} could not be read, so nothing is claimed here"")"
B,subprocess timeout=,tools/test_liar_census.py,2580,_T,yes,subprocess.run,test_the_1_6x_clause_was_REHOMED_and_not_retired,handler records UNKNOWN/NOT_MEASURED
B,except Timeout,tools/test_liar_census.py,2585,(handler),handler,subprocess.TimeoutExpired,test_the_1_6x_clause_was_REHOMED_and_not_retired,"pytest.skip(f""`git show` did not answer within {_T}s — the flow blob at "" f""{_REHOME_PIN} could not be read, so nothing is claimed here"")"
C,shell timeout,plugin/mcp-eda/test/test_devices_registry.sh,157,,shell,,,"out=$(echo '{}' | timeout 10 ""$drv"" --json-args - 2>/dev/null || true)"
C,shell timeout,plugin/mcp-eda/test/test_devices_registry.sh,226,,shell,,,"body=$(echo 'not-valid-json{' | timeout 10 ""$drv"" --mode ""$first_mode"" --json-args - 2>/dev/null)"
C,shell timeout,plugin/mcp-eda/test/test_devices_registry.sh,228,,shell,,,"body=$(echo 'not-valid-json{' | timeout 10 ""$drv"" --json-args - 2>/dev/null)"
C,shell timeout,plugin/mcp-eda/test/test_devices_registry.sh,260,,shell,,,"body=$(echo '{""vid"":1,""pid"":2}' | timeout 10 ""$keysight_drv"" --mode capture --json-args - 2>/dev/null)"
C,shell timeout,plugin/mcp-eda/test/test_devices_registry.sh,280,,shell,,,"body=$(echo '{}' | timeout 10 ""$de10_drv"" --mode program --json-args - 2>/dev/null)"
C,shell timeout,plugin/mcp-eda/test/test_devices_registry.sh,399,,shell,,,"out=$(echo '{}' | timeout 15 ""$drv"" --mode ""$rmode"" --json-args - 2>/dev/null || true)"
C,measured elapsed vs literal,plugin/programs/_ppa/closure.py,854,ceilings.wall_seconds LtE 0,config,,_load_actuator,"constant-vs-constant / validity check, no wall clock"
C,measured elapsed vs literal,plugin/programs/phase1_doc_one_shot_runner.py,34397,cur_s LtE 0,config,,_neg_md_line_is_table_row,"constant-vs-constant / validity check, no wall clock"
C,measured elapsed vs literal,plugin/programs/provenance_output_hash_completeness_check.py,375,len(secs) Lt 3,config,,_detect_synthetic_timing,"constant-vs-constant / validity check, no wall clock"
C,measured elapsed vs literal,plugin/programs/spice_correlation_check.py,1448,spice_s LtE 0,config,,run_commercial_pdk_path_correlation,"constant-vs-constant / validity check, no wall clock"
C,measured elapsed vs literal,plugin/programs/spice_correlation_check.py,1774,spice_s LtE 0,config,,_stitch_sim_correlate_path,"constant-vs-constant / validity check, no wall clock"
C,measured elapsed vs literal,plugin/programs/tests/test_container_exec_deadline.py,44,ce.CLIENT_GRACE_S Gt 0,config,,test_client_backstop_is_strictly_longer_than_the_container_deadline,"constant-vs-constant / validity check, no wall clock"
C,measured elapsed vs literal,plugin/programs/tests/test_dt1_atpg_wall_budget_scaling.py,50,"tdf._scaled_wall_budget(1800, flops) GtE 1800",config,,test_wall_never_below_floor,"constant-vs-constant / validity check, no wall clock"
C,measured elapsed vs literal,plugin/programs/tests/test_dt1_atpg_wall_budget_scaling.py,80,"tdf._scaled_wall_budget(6000, 100) GtE 6000",config,,test_wall_floor_is_honoured_when_caller_raises_timeout,"constant-vs-constant / validity check, no wall clock"
C,measured elapsed vs literal,plugin/programs/tests/test_input_doc_pdk_claim_vs_installed_pdk.py,497,gate._CONTAINER_DEADLINE_S + _container_exec.CLIENT_GRACE_S LtE 60,config,,test_the_container_round_trip_carries_a_container_side_deadline,"constant-vs-constant / validity check, no wall clock"
C,measured elapsed vs literal,plugin/programs/tests/test_issue1283_probe_timeout_is_not_absence.py,138,NV.PROBE_TIMEOUT_S LtE 60,config,,test_the_probe_budget_respects_the_harness_ceiling,"constant-vs-constant / validity check, no wall clock"
C,measured elapsed vs literal,plugin/programs/tests/test_issue640_nda_gate_on_a_new_branch.py,169,N._GIT_TIMEOUT_S LtE 60,config,,test_every_git_call_is_bounded,"constant-vs-constant / validity check, no wall clock"
C,measured elapsed vs literal,plugin/programs/tests/test_lec_run.py,1230,lec_run.DEFAULT_YOSYS_TIMEOUT_S GtE 3600,config,,test_yosys_budget_is_tunable_and_defaults_above_the_runner_observed_need,"constant-vs-constant / validity check, no wall clock"
C,measured elapsed vs literal,plugin/programs/tests/test_matrix_63x8_coverage.py,588,files * file_seconds Gt 0.8,config,,test_live_collection_relays_finite_semantic_progress_past_old_bound,"constant-vs-constant / validity check, no wall clock"
C,measured elapsed vs literal,plugin/programs/tests/test_v0_2_96_issue469_audit_timeout.py,200,g.AUDIT_TIMEOUT_DEFAULT_S Gt 180,config,,test_resolve_timeout_default_raised_from_180,"constant-vs-constant / validity check, no wall clock"
C,measured elapsed vs literal,plugin/programs/tests/test_v0_3_26_issue525_audit_timeouts.py,149,inner + _pl.OUTER_TIMEOUT_MARGIN_S Gt 240,config,,test_outer_summary_budget_exceeds_inner,"constant-vs-constant / validity check, no wall clock"
C,measured elapsed vs literal,plugin/programs/tests/test_v0_3_26_issue525_audit_timeouts.py,150,_pl.OUTER_TIMEOUT_MARGIN_S Gt 0,config,,test_outer_summary_budget_exceeds_inner,"constant-vs-constant / validity check, no wall clock"
C,measured elapsed vs literal,plugin/programs/vibe_ic_entry_guard.py,207,duration GtE 0,config,,_valid_phase1_step,"constant-vs-constant / validity check, no wall clock"
C,shell timeout,tools/ci/pre_commit_check.sh,62,,shell,,,"RESULT=$(cd ""$DIR"" && timeout 30 python3 -c """
C,shell timeout,tools/ci/repo_hygiene_gates.sh,1434,,shell,,,# harness bound cannot fail as a TEST. `--timeout-method=thread` takes the
C,shell timeout,tools/ci/repo_hygiene_gates.sh,1545,,shell,,,# the ONLY bound: the `-p pytest_timeout --timeout=180 --timeout-method=thread`
C,shell timeout,tools/ci/repo_hygiene_gates.sh,1580,,shell,,,"# retirement: `--timeout-method=thread` kills the SESSION, so the run that"
C,measured elapsed vs literal,tools/liar_census.py,1814,self.seconds LtE 0,config,,affords,"constant-vs-constant / validity check, no wall clock"
C,measured elapsed vs literal,tools/liar_census.py,1919,budget.seconds Gt 0,config,,prewarm_mutation_cache,"constant-vs-constant / validity check, no wall clock"
C,shell timeout,tools/mass_ic_collector.sh,18,,shell,,,"wget -q --no-check-certificate --timeout=15 --tries=2 -O ""$PDF_DIR/${NAME}.pdf"" ""$URL"" 2>/dev/null"
C,shell timeout,tools/resolve_generated_conflicts.sh,42,,shell,,,"# `--timeout=180`, so a larger bound loses the whole session rather than one"
C,measured elapsed vs literal,tools/vibe_ic_log.py,163,e.duration_sec Gt 0,config,,print_entries,"constant-vs-constant / validity check, no wall clock"
NOT_MEASURED,subprocess timeout=,plugin/mcp-eda/src/devices/fpga/terasic-de10lite/driver.py,117,5,yes,subprocess.run,find_quartus_pgm,handler matched neither vocabulary - NOT CLASSIFIED
NOT_MEASURED,subprocess timeout=,plugin/mcp-eda/src/devices/fpga/terasic-de10lite/driver.py,134,timeout_s,yes,subprocess.run,run,handler matched neither vocabulary - NOT CLASSIFIED
NOT_MEASURED,subprocess timeout=,plugin/mcp-eda/src/devices/fpga/terasic-de10lite/driver.py,344,timeout_s,yes,subprocess.run,_run_post_burn_scope_check,handler matched neither vocabulary - NOT CLASSIFIED
NOT_MEASURED,except Timeout,plugin/mcp-eda/src/devices/fpga/terasic-de10lite/driver.py,346,(handler),handler,subprocess.TimeoutExpired,_run_post_burn_scope_check,"return {""name"": check.get(""name"", ""unnamed""), ""success"": False, ""error"": f""scope check timeout {timeout_s}s""}"
NOT_MEASURED,subprocess timeout=,plugin/mcp-eda/src/devices/fpga/terasic-de10lite/driver.py,385,timeout_s,yes,subprocess.run,_run_rtl_precheck_gate,handler matched neither vocabulary - NOT CLASSIFIED
NOT_MEASURED,except Timeout,plugin/mcp-eda/src/devices/fpga/terasic-de10lite/driver.py,387,(handler),handler,subprocess.TimeoutExpired,_run_rtl_precheck_gate,"return -2, {""precheck_error"": f""gate timeout {timeout_s}s""}"
NOT_MEASURED,subprocess timeout=,plugin/mcp-eda/src/devices/fpga/terasic-de10lite/driver.py,543,timeout_s,yes,subprocess.run,_run_flow_compliance_pre_burn,handler matched neither vocabulary - NOT CLASSIFIED
NOT_MEASURED,except Timeout,plugin/mcp-eda/src/devices/fpga/terasic-de10lite/driver.py,547,(handler),handler,subprocess.TimeoutExpired,_run_flow_compliance_pre_burn,"return -2, { ""flow_compliance_error"": f""audit timeout {timeout_s}s"", }"
NOT_MEASURED,subprocess timeout=,plugin/mcp-eda/test/test_exec_timeout_kills_the_tool_in_the_container.py,245,4,yes,subprocess.run,test_on_real_docker_only_the_inner_timeout_leaves_nothing_behind,handler matched neither vocabulary - NOT CLASSIFIED
NOT_MEASURED,except Timeout,plugin/mcp-eda/test/test_exec_timeout_kills_the_tool_in_the_container.py,247,(handler),handler,subprocess.TimeoutExpired,test_on_real_docker_only_the_inner_timeout_leaves_nothing_behind,pass
NOT_MEASURED,subprocess timeout=,plugin/mcp-eda/test/test_mcp_live_probe.py,79,3,call-through,self.proc.wait,stop,handler matched neither vocabulary - NOT CLASSIFIED
NOT_MEASURED,except Timeout,plugin/mcp-eda/test/test_mcp_live_probe.py,80,(handler),handler,subprocess.TimeoutExpired,stop,self.proc.kill()
NOT_MEASURED,subprocess timeout=,plugin/programs/_designs_root.py,159,20,yes,subprocess.check_output,container_mounts,handler matched neither vocabulary - NOT CLASSIFIED
NOT_MEASURED,subprocess timeout=,plugin/programs/_docker_watchdog.py,291,timeout,call-through,docker_exec_raw,read_job_pid,handler matched neither vocabulary - NOT CLASSIFIED
NOT_MEASURED,subprocess timeout=,plugin/programs/_docker_watchdog.py,328,timeout,call-through,docker_exec_raw,kill_supervised_job,handler matched neither vocabulary - NOT CLASSIFIED
NOT_MEASURED,subprocess timeout=,plugin/programs/_docker_watchdog.py,332,timeout,call-through,docker_exec_raw,kill_supervised_job,handler matched neither vocabulary - NOT CLASSIFIED
NOT_MEASURED,subprocess timeout=,plugin/programs/_docker_watchdog.py,345,timeout,call-through,docker_exec_raw,cleanup_job_pidfile,handler matched neither vocabulary - NOT CLASSIFIED
NOT_MEASURED,subprocess timeout=,plugin/programs/_eda_image.py,336,60,call-through,_run,registry_version_label,handler matched neither vocabulary - NOT CLASSIFIED
NOT_MEASURED,subprocess timeout=,plugin/programs/_gh_cli.py,36,timeout,yes,subprocess.run,gh,handler matched neither vocabulary - NOT CLASSIFIED
NOT_MEASURED,subprocess timeout=,plugin/programs/_klayout_launch.py,55,15,yes,subprocess.run,_container_mounts,handler matched neither vocabulary - NOT CLASSIFIED
NOT_MEASURED,subprocess timeout=,plugin/programs/_klayout_launch.py,132,timeout,yes,subprocess.run,run,handler matched neither vocabulary - NOT CLASSIFIED
NOT_MEASURED,subprocess timeout=,plugin/programs/_klayout_launch.py,146,timeout,yes,subprocess.run,run_argv,handler matched neither vocabulary - NOT CLASSIFIED
NOT_MEASURED,subprocess timeout=,plugin/programs/_klayout_launch.py,194,timeout,yes,subprocess.run,run,handler matched neither vocabulary - NOT CLASSIFIED
NOT_MEASURED,subprocess timeout=,plugin/programs/_klayout_launch.py,209,timeout,yes,subprocess.run,run_argv,handler matched neither vocabulary - NOT CLASSIFIED
NOT_MEASURED,subprocess timeout=,plugin/programs/_path_layout.py,896,timeout,yes,subprocess.run,emit_steps_view,handler matched neither vocabulary - NOT CLASSIFIED
NOT_MEASURED,except Timeout,plugin/programs/_path_layout.py,901,(handler),handler,subprocess.TimeoutExpired,emit_steps_view,"rec[""status""] = ""TIMEOUT"" rec[""error""] = (f""step_output_collector exceeded {timeout}s "" f""on {project}"")"
NOT_MEASURED,subprocess timeout=,plugin/programs/_ppa/closure.py,1496,actuator.ceilings.wall_seconds,yes,subprocess.run,run_controller,handler matched neither vocabulary - NOT CLASSIFIED
NOT_MEASURED,except Timeout,plugin/programs/_ppa/closure.py,1502,(handler),handler,subprocess.TimeoutExpired,run_controller,"it.actuator_rc = None it.actuator_note = ( f""actuator exceeded its declared wall_seconds ceiling "" f""({actuator.ceilings.wall_seconds}s) and was killed"")"
NOT_MEASURED,subprocess timeout=,plugin/programs/_ppa/provenance.py,263,timeout_s,yes,subprocess.run,_docker_label_reader,handler matched neither vocabulary - NOT CLASSIFIED
NOT_MEASURED,subprocess timeout=,plugin/programs/_run_isolation.py,298,timeout,yes,subprocess.run,run_against_copy,handler matched neither vocabulary - NOT CLASSIFIED
NOT_MEASURED,subprocess timeout=,plugin/programs/_watchdog.py,195,timeout,call-through,proc.wait,_default_wait,handler matched neither vocabulary - NOT CLASSIFIED
NOT_MEASURED,except Timeout,plugin/programs/_watchdog.py,196,(handler),handler,subprocess.TimeoutExpired,_default_wait,return None
NOT_MEASURED,subprocess timeout=,plugin/programs/_watchdog.py,399,60,call-through,proc.wait,run_supervised,handler matched neither vocabulary - NOT CLASSIFIED
NOT_MEASURED,subprocess timeout=,plugin/programs/adversarial_agent.py,256,timeout,yes,subprocess.run,_run_gate,handler matched neither vocabulary - NOT CLASSIFIED
NOT_MEASURED,except Timeout,plugin/programs/adversarial_agent.py,259,(handler),handler,subprocess.TimeoutExpired,_run_gate,return None
NOT_MEASURED,subprocess timeout=,plugin/programs/analog_a3_netlist_emit.py,986,120,yes,subprocess.run,verify_with_ngspice,handler matched neither vocabulary - NOT CLASSIFIED
NOT_MEASURED,subprocess timeout=,plugin/programs/analog_a6_native_pv.py,77,timeout,yes,subprocess.run,_docker_exec,handler matched neither vocabulary - NOT CLASSIFIED
NOT_MEASURED,subprocess timeout=,plugin/programs/analog_one_shot_runner.py,716,1800,yes,subprocess.run,step_for_block,handler matched neither vocabulary - NOT CLASSIFIED
NOT_MEASURED,subprocess timeout=,plugin/programs/analog_one_shot_runner.py,767,300,yes,subprocess.run,step_for_block,handler matched neither vocabulary - NOT CLASSIFIED
NOT_MEASURED,subprocess timeout=,plugin/programs/analog_one_shot_runner.py,846,1800,yes,subprocess.run,step_for_block,handler matched neither vocabulary - NOT CLASSIFIED
NOT_MEASURED,subprocess timeout=,plugin/programs/analog_pdk_availability.py,119,60,yes,subprocess.run,_docker_lister,handler matched neither vocabulary - NOT CLASSIFIED
NOT_MEASURED,subprocess timeout=,plugin/programs/analog_pdk_deck_context.py,1011,30,yes,subprocess.run,container_reader,handler matched neither vocabulary - NOT CLASSIFIED
NOT_MEASURED,subprocess timeout=,plugin/programs/artefact_defect_close_check.py,491,timeout,yes,subprocess.run,gh_json,handler matched neither vocabulary - NOT CLASSIFIED
NOT_MEASURED,subprocess timeout=,plugin/programs/atomic_write_pr_attribution.py,113,timeout,yes,subprocess.run,_run,handler matched neither vocabulary - NOT CLASSIFIED
NOT_MEASURED,subprocess timeout=,plugin/programs/benchmark_evidence_publish.py,744,55,yes,subprocess.run,_git_tracked,handler matched neither vocabulary - NOT CLASSIFIED
NOT_MEASURED,subprocess timeout=,plugin/programs/benchmark_evidence_publish.py,1817,30,yes,subprocess.run,_git_ignored,handler matched neither vocabulary - NOT CLASSIFIED
NOT_MEASURED,except Timeout,plugin/programs/benchmark_evidence_publish.py,1821,(handler),handler,"(OSError, subprocess.TimeoutExpired)",_git_ignored,return set()
NOT_MEASURED,subprocess timeout=,plugin/programs/benchmark_evidence_structure_check.py,672,60,yes,subprocess.run,_changed_file_set,handler matched neither vocabulary - NOT CLASSIFIED
NOT_MEASURED,subprocess timeout=,plugin/programs/benchmark_evidence_structure_check.py,678,60,yes,subprocess.run,_changed_file_set,handler matched neither vocabulary - NOT CLASSIFIED
NOT_MEASURED,subprocess timeout=,plugin/programs/benchmark_evidence_structure_check.py,823,60,yes,subprocess.run,_baseline_rev,handler matched neither vocabulary - NOT CLASSIFIED
NOT_MEASURED,subprocess timeout=,plugin/programs/benchmark_evidence_structure_check.py,853,60,yes,subprocess.run,ic_level_entry_names_at,handler matched neither vocabulary - NOT CLASSIFIED
NOT_MEASURED,subprocess timeout=,plugin/programs/benchmark_setup.py,30,5,yes,subprocess.run,_docker_ps,handler matched neither vocabulary - NOT CLASSIFIED
NOT_MEASURED,subprocess timeout=,plugin/programs/caravel_wrapper_harden_driver.py,115,timeout,yes,subprocess.run,default_runner,handler matched neither vocabulary - NOT CLASSIFIED
NOT_MEASURED,subprocess timeout=,plugin/programs/changelog_metric_reproducibility_check.py,125,30,yes,subprocess.run,_git_diff_corpus,handler matched neither vocabulary - NOT CLASSIFIED
NOT_MEASURED,subprocess timeout=,plugin/programs/checker_execution_wiring_audit.py,1167,timeout,yes,subprocess.run,measure_triage,handler matched neither vocabulary - NOT CLASSIFIED
NOT_MEASURED,except Timeout,plugin/programs/checker_execution_wiring_audit.py,1170,(handler),handler,subprocess.TimeoutExpired,measure_triage,"out[name] = f""no-arg run TIMED OUT after {timeout}s"" continue"
NOT_MEASURED,subprocess timeout=,plugin/programs/checkpoint_gate_check.py,206,120,yes,subprocess.run,_run_json_tool,handler matched neither vocabulary - NOT CLASSIFIED
NOT_MEASURED,subprocess timeout=,plugin/programs/checkpoint_gate_check.py,331,120,yes,subprocess.run,_l_layer_check,handler matched neither vocabulary - NOT CLASSIFIED
NOT_MEASURED,subprocess timeout=,plugin/programs/ci_ran_at_all_check.py,98,timeout,yes,subprocess.run,_gh,handler matched neither vocabulary - NOT CLASSIFIED
NOT_MEASURED,subprocess timeout=,plugin/programs/ci_targeted_test_select.py,723,120,yes,subprocess.run,_repo_files,handler matched neither vocabulary - NOT CLASSIFIED
NOT_MEASURED,subprocess timeout=,plugin/programs/ci_targeted_test_select.py,1588,60,yes,subprocess.run,_git_changed_files,handler matched neither vocabulary - NOT CLASSIFIED
NOT_MEASURED,subprocess timeout=,plugin/programs/ci_targeted_test_select.py,1605,30,yes,subprocess.run,_repo_root,handler matched neither vocabulary - NOT CLASSIFIED
NOT_MEASURED,subprocess timeout=,plugin/programs/clause_smoke_tb.py,388,timeout,yes,subprocess.run,_run,handler matched neither vocabulary - NOT CLASSIFIED
NOT_MEASURED,subprocess timeout=,plugin/programs/clock_divider_ratio_oracle_check.py,401,60,yes,subprocess.run,_measure,handler matched neither vocabulary - NOT CLASSIFIED
NOT_MEASURED,subprocess timeout=,plugin/programs/clock_divider_ratio_oracle_check.py,409,60,yes,subprocess.run,_measure,handler matched neither vocabulary - NOT CLASSIFIED
NOT_MEASURED,subprocess timeout=,plugin/programs/container_image_provenance.py,72,30,yes,subprocess.run,inspect_container,handler matched neither vocabulary - NOT CLASSIFIED
NOT_MEASURED,subprocess timeout=,plugin/programs/container_image_provenance.py,109,30,yes,subprocess.run,_resolve_image_id,handler matched neither vocabulary - NOT CLASSIFIED
NOT_MEASURED,subprocess timeout=,plugin/programs/declared_invocation_accepted_by_its_own_parser.py,130,_PER_CLAUSE_TIMEOUT_S,yes,subprocess.run,_drive,handler matched neither vocabulary - NOT CLASSIFIED
NOT_MEASURED,except Timeout,plugin/programs/declared_invocation_accepted_by_its_own_parser.py,132,(handler),handler,subprocess.TimeoutExpired,_drive,return None
NOT_MEASURED,subprocess timeout=,plugin/programs/design_one_shot_runner.py,413,timeout,yes,subprocess.run,_run,handler matched neither vocabulary - NOT CLASSIFIED
NOT_MEASURED,subprocess timeout=,plugin/programs/design_one_shot_runner.py,486,10,yes,subprocess.run,_container_mounts,handler matched neither vocabulary - NOT CLASSIFIED
NOT_MEASURED,subprocess timeout=,plugin/programs/design_one_shot_runner.py,567,timeout,yes,subprocess.run,_docker_exec_raw,handler matched neither vocabulary - NOT CLASSIFIED
NOT_MEASURED,subprocess timeout=,plugin/programs/design_one_shot_runner.py,858,30,call-through,_docker_exec,_probe_tool_identity,handler matched neither vocabulary - NOT CLASSIFIED
NOT_MEASURED,subprocess timeout=,plugin/programs/design_one_shot_runner.py,860,30,call-through,_run,_probe_tool_identity,handler matched neither vocabulary - NOT CLASSIFIED
NOT_MEASURED,subprocess timeout=,plugin/programs/design_one_shot_runner.py,1108,5,yes,subprocess.run,_find_host_quartus_sh,handler matched neither vocabulary - NOT CLASSIFIED
NOT_MEASURED,subprocess timeout=,plugin/programs/design_one_shot_runner.py,4645,120,call-through,_run,_rcvar_flat_compiles,handler matched neither vocabulary - NOT CLASSIFIED
NOT_MEASURED,subprocess timeout=,plugin/programs/design_one_shot_runner.py,11155,60,call-through,_run,_phase2_sv_synth_fallback,handler matched neither vocabulary - NOT CLASSIFIED
NOT_MEASURED,subprocess timeout=,plugin/programs/design_one_shot_runner.py,11161,60,call-through,_run,_phase2_sv_synth_fallback,handler matched neither vocabulary - NOT CLASSIFIED
NOT_MEASURED,subprocess timeout=,plugin/programs/design_one_shot_runner.py,12347,60,yes,subprocess.run,step_yosys_synth,handler matched neither vocabulary - NOT CLASSIFIED
NOT_MEASURED,except Timeout,plugin/programs/design_one_shot_runner.py,12357,(handler),handler,"(subprocess.TimeoutExpired, OSError)",step_yosys_synth,snc = None
NOT_MEASURED,subprocess timeout=,plugin/programs/design_one_shot_runner.py,14328,1800,yes,subprocess.run,step_dft_lec_chain,handler matched neither vocabulary - NOT CLASSIFIED
NOT_MEASURED,subprocess timeout=,plugin/programs/design_one_shot_runner.py,14447,300,yes,subprocess.run,step_dft_lec_chain,handler matched neither vocabulary - NOT CLASSIFIED
NOT_MEASURED,subprocess timeout=,plugin/programs/design_one_shot_runner.py,15110,120,yes,subprocess.run,step_arith_declaration_emit,handler matched neither vocabulary - NOT CLASSIFIED
NOT_MEASURED,subprocess timeout=,plugin/programs/design_one_shot_runner.py,15449,300,call-through,_fpr.run,step_emit_phase2_manifests,handler matched neither vocabulary - NOT CLASSIFIED
NOT_MEASURED,subprocess timeout=,plugin/programs/deterministic_emit_chain.py,406,timeout,yes,_sp.run,emit_block_report,handler matched neither vocabulary - NOT CLASSIFIED
NOT_MEASURED,subprocess timeout=,plugin/programs/diff_verify_harness.py,415,timeout,yes,subprocess.run,_run,handler matched neither vocabulary - NOT CLASSIFIED
NOT_MEASURED,subprocess timeout=,plugin/programs/digital_hardmacro_gen.py,539,timeout,yes,subprocess.run,_sh,handler matched neither vocabulary - NOT CLASSIFIED
NOT_MEASURED,subprocess timeout=,plugin/programs/digital_hardmacro_gen.py,692,int(timeout),call-through,?,sh,handler matched neither vocabulary - NOT CLASSIFIED
NOT_MEASURED,subprocess timeout=,plugin/programs/doc_extract.py,145,180,yes,subprocess.run,extract_office_libreoffice,handler matched neither vocabulary - NOT CLASSIFIED
NOT_MEASURED,subprocess timeout=,plugin/programs/doc_extract.py,166,180,yes,subprocess.run,extract_office_libreoffice,handler matched neither vocabulary - NOT CLASSIFIED
NOT_MEASURED,subprocess timeout=,plugin/programs/dual_track_select.py,66,timeout,yes,subprocess.run,_probe,handler matched neither vocabulary - NOT CLASSIFIED
NOT_MEASURED,except Timeout,plugin/programs/dual_track_select.py,72,(handler),handler,subprocess.TimeoutExpired,_probe,"return UNCHECKABLE, f""{argv[0]!r} did not answer within {timeout}s"""
NOT_MEASURED,subprocess timeout=,plugin/programs/extraction_coverage_check.py,134,600,yes,subprocess.run,_ensure_extracted_docs,handler matched neither vocabulary - NOT CLASSIFIED
NOT_MEASURED,subprocess timeout=,plugin/programs/fastercap_extract.py,498,30,yes,subprocess.run,_fastercap_available,handler matched neither vocabulary - NOT CLASSIFIED
NOT_MEASURED,subprocess timeout=,plugin/programs/fastercap_extract.py,516,timeout,yes,subprocess.run,_run_fastercap,handler matched neither vocabulary - NOT CLASSIFIED
NOT_MEASURED,subprocess timeout=,plugin/programs/fastercap_extract.py,519,timeout,yes,subprocess.run,_run_fastercap,handler matched neither vocabulary - NOT CLASSIFIED
NOT_MEASURED,subprocess timeout=,plugin/programs/fault_atpg_run.py,685,60,call-through,_run_docker,_atpg_liberty_container_path,handler matched neither vocabulary - NOT CLASSIFIED
NOT_MEASURED,subprocess timeout=,plugin/programs/fault_atpg_run.py,1266,deadline + _CE.CLIENT_GRACE_S,yes,subprocess.run,_run_docker,handler matched neither vocabulary - NOT CLASSIFIED
NOT_MEASURED,subprocess timeout=,plugin/programs/fault_atpg_run.py,1660,180,call-through,_run_docker,run_fault,handler matched neither vocabulary - NOT CLASSIFIED
NOT_MEASURED,subprocess timeout=,plugin/programs/fault_atpg_run.py,1879,120,call-through,_run_docker,run_fault,handler matched neither vocabulary - NOT CLASSIFIED
NOT_MEASURED,subprocess timeout=,plugin/programs/final_report_generate.py,630,eff_timeout,yes,subprocess.run,_run_audit,handler matched neither vocabulary - NOT CLASSIFIED
NOT_MEASURED,except Timeout,plugin/programs/final_report_generate.py,635,(handler),handler,subprocess.TimeoutExpired,_run_audit,"prev_marker = prior_marker or _previous_snapshot_marker(project) prev_note = (f"" Last clean snapshot: {prev_marker}."" if prev_marker else "" No prior clean snapshot is available."") text = ( f""Overall: "
NOT_MEASURED,subprocess timeout=,plugin/programs/fix_surface_classify.py,419,60,yes,subprocess.run,_git,handler matched neither vocabulary - NOT CLASSIFIED
NOT_MEASURED,subprocess timeout=,plugin/programs/flow_dashboard_data.py,735,600,yes,subprocess.run,_run_compliance,handler matched neither vocabulary - NOT CLASSIFIED
NOT_MEASURED,subprocess timeout=,plugin/programs/fmeda_fault_injection_coverage.py,850,timeout,yes,subprocess.run,_run_injection_host,handler matched neither vocabulary - NOT CLASSIFIED
NOT_MEASURED,subprocess timeout=,plugin/programs/fmeda_fault_injection_coverage.py,856,left,yes,subprocess.run,_run_injection_host,handler matched neither vocabulary - NOT CLASSIFIED
NOT_MEASURED,subprocess timeout=,plugin/programs/fmeda_fault_injection_coverage.py,897,timeout,yes,subprocess.run,run_injection_iverilog,handler matched neither vocabulary - NOT CLASSIFIED
NOT_MEASURED,subprocess timeout=,plugin/programs/formal_property_run.py,708,60,yes,subprocess.run,detect_engines,handler matched neither vocabulary - NOT CLASSIFIED
NOT_MEASURED,except Timeout,plugin/programs/formal_property_run.py,714,(handler),handler,"(subprocess.TimeoutExpired, FileNotFoundError)",detect_engines,found = set() reachable = False
NOT_MEASURED,subprocess timeout=,plugin/programs/formal_property_run.py,917,_CE.DEFAULT_KILL_GRACE_S,call-through,proc.wait,_kill_process_group,handler matched neither vocabulary - NOT CLASSIFIED
NOT_MEASURED,except Timeout,plugin/programs/formal_property_run.py,919,(handler),handler,subprocess.TimeoutExpired,_kill_process_group,continue
NOT_MEASURED,subprocess timeout=,plugin/programs/formal_property_run.py,935,timeout,yes,proc.communicate,_run_group_bounded,handler matched neither vocabulary - NOT CLASSIFIED
NOT_MEASURED,except Timeout,plugin/programs/formal_property_run.py,937,(handler),handler,subprocess.TimeoutExpired,_run_group_bounded,"_kill_process_group(proc) try: out, _ = proc.communicate(timeout=_CE.CLIENT_GRACE_S) except subprocess.TimeoutExpired: # pragma: no cover - group is dead out = """" return _CE.TIMEOUT_EXPIRED_RC, out or"
NOT_MEASURED,subprocess timeout=,plugin/programs/formal_property_run.py,940,_CE.CLIENT_GRACE_S,yes,proc.communicate,_run_group_bounded,handler matched neither vocabulary - NOT CLASSIFIED
NOT_MEASURED,except Timeout,plugin/programs/formal_property_run.py,941,(handler),handler,subprocess.TimeoutExpired,_run_group_bounded,"out = """""
NOT_MEASURED,subprocess timeout=,plugin/programs/formal_property_run.py,1020,timeout,yes,subprocess.run,_run_sby,handler matched neither vocabulary - NOT CLASSIFIED
NOT_MEASURED,except Timeout,plugin/programs/formal_property_run.py,1031,(handler),handler,subprocess.TimeoutExpired,_run_sby,"out = e.stdout or """" err = e.stderr or """" if isinstance(out, bytes): out = out.decode(""utf-8"", ""replace"") if isinstance(err, bytes): err = err.decode(""utf-8"", ""replace"") return out + err + f""\n[formal"
NOT_MEASURED,subprocess timeout=,plugin/programs/gate_cli_mutation_probe.py,239,timeout,yes,subprocess.run,probe,handler matched neither vocabulary - NOT CLASSIFIED
NOT_MEASURED,except Timeout,plugin/programs/gate_cli_mutation_probe.py,245,(handler),handler,subprocess.TimeoutExpired,probe,"state = ""TIMEOUT"""
NOT_MEASURED,subprocess timeout=,plugin/programs/gate_discloses_denominator_check.py,644,per_gate,yes,subprocess.run,audit_ci,handler matched neither vocabulary - NOT CLASSIFIED
NOT_MEASURED,except Timeout,plugin/programs/gate_discloses_denominator_check.py,646,(handler),handler,subprocess.TimeoutExpired,audit_ci,"if per_gate < timeout: return (""budget"", label, f""aggregate budget of {budget:g}s ran out while "" f""this gate was running (vibe-ic#1181)"") return (""unrunnable"", label, str(exc))"
NOT_MEASURED,subprocess timeout=,plugin/programs/gate_discloses_denominator_check.py,721,timeout,yes,subprocess.run,_drive_on_empty_project,handler matched neither vocabulary - NOT CLASSIFIED
NOT_MEASURED,except Timeout,plugin/programs/gate_discloses_denominator_check.py,724,(handler),handler,subprocess.TimeoutExpired,_drive_on_empty_project,"return {""gate"": prog.stem, ""rc"": None, ""disclosed"": None, ""unrunnable"": f""exceeded the {timeout}s probe budget""}"
NOT_MEASURED,subprocess timeout=,plugin/programs/gate_discloses_denominator_check.py,833,timeout,yes,subprocess.run,_drive_on_absent_project,handler matched neither vocabulary - NOT CLASSIFIED
NOT_MEASURED,except Timeout,plugin/programs/gate_discloses_denominator_check.py,835,(handler),handler,subprocess.TimeoutExpired,_drive_on_absent_project,"return {""gate"": prog.stem, ""rc"": None, ""unrunnable"": f""exceeded the {timeout}s probe budget""}"
NOT_MEASURED,subprocess timeout=,plugin/programs/gate_host_independence_check.py,498,timeout,yes,subprocess.run,checkout_dirt,handler matched neither vocabulary - NOT CLASSIFIED
NOT_MEASURED,subprocess timeout=,plugin/programs/gate_host_independence_check.py,789,120,yes,subprocess.run,_checkout_dirty_paths,handler matched neither vocabulary - NOT CLASSIFIED
NOT_MEASURED,subprocess timeout=,plugin/programs/gate_host_independence_check.py,1541,"max(timeout * len(labels), timeout)",yes,proc.communicate,parallel_audit,handler matched neither vocabulary - NOT CLASSIFIED
NOT_MEASURED,except Timeout,plugin/programs/gate_host_independence_check.py,1544,(handler),handler,subprocess.TimeoutExpired,parallel_audit,"proc.kill() out, err = proc.communicate() return i, labels, json_path, proc.returncode, out, err, exc"
NOT_MEASURED,subprocess timeout=,plugin/programs/gate_red_since_check.py,322,30,yes,subprocess.run,repository_is_shallow,handler matched neither vocabulary - NOT CLASSIFIED
NOT_MEASURED,subprocess timeout=,plugin/programs/gate_red_since_check.py,330,30,yes,subprocess.run,repository_is_shallow,handler matched neither vocabulary - NOT CLASSIFIED
NOT_MEASURED,subprocess timeout=,plugin/programs/gate_red_since_check.py,344,30,yes,subprocess.run,_describe_ref,handler matched neither vocabulary - NOT CLASSIFIED
NOT_MEASURED,subprocess timeout=,plugin/programs/gate_red_since_check.py,701,60,yes,subprocess.run,git_commit_date,handler matched neither vocabulary - NOT CLASSIFIED
NOT_MEASURED,subprocess timeout=,plugin/programs/gatekeeper_prepare_landing.py,298,timeout_s,yes,proc.communicate,_default_census_writer,handler matched neither vocabulary - NOT CLASSIFIED
NOT_MEASURED,except Timeout,plugin/programs/gatekeeper_prepare_landing.py,299,(handler),handler,subprocess.TimeoutExpired,_default_census_writer,"timed_out = True # Kill the WHOLE writer group, not only its Python parent. The # census drives nested pytest processes; restoring while one of # them is still alive lets an orphan write the tracked t"
NOT_MEASURED,subprocess timeout=,plugin/programs/gatekeeper_prepare_landing.py,310,5,yes,proc.communicate,_default_census_writer,handler matched neither vocabulary - NOT CLASSIFIED
NOT_MEASURED,except Timeout,plugin/programs/gatekeeper_prepare_landing.py,311,(handler),handler,subprocess.TimeoutExpired,_default_census_writer,"try: os.killpg(proc.pid, signal.SIGKILL) except ProcessLookupError: pass stdout, stderr = proc.communicate()"
NOT_MEASURED,subprocess timeout=,plugin/programs/gatekeeper_review.py,1535,2,call-through,proc.wait,repo_hygiene_gate,handler matched neither vocabulary - NOT CLASSIFIED
NOT_MEASURED,except Timeout,plugin/programs/gatekeeper_review.py,1536,(handler),handler,subprocess.TimeoutExpired,repo_hygiene_gate,pass
NOT_MEASURED,subprocess timeout=,plugin/programs/gatekeeper_review.py,1676,120,yes,subprocess.run,_declared_labels,handler matched neither vocabulary - NOT CLASSIFIED
NOT_MEASURED,except Timeout,plugin/programs/gatekeeper_review.py,2019,(handler),handler,subprocess.TimeoutExpired,_run_program,"def _txt(v) -> str: if v is None: return """" return v.decode(""utf-8"", ""replace"") if isinstance(v, bytes) else v return 124, _txt(exc.stdout), ( f""{prog.name}: exceeded the {timeout:g}s bound and was st"
NOT_MEASURED,subprocess timeout=,plugin/programs/gen_program_inventory.py,157,180,yes,subprocess.run,_tracked_under_plugin,handler matched neither vocabulary - NOT CLASSIFIED
NOT_MEASURED,subprocess timeout=,plugin/programs/general_precheck.py,403,timeout,yes,subprocess.run,default_runner,handler matched neither vocabulary - NOT CLASSIFIED
NOT_MEASURED,subprocess timeout=,plugin/programs/generated_artifact_conflict_resolve.py,299,SUBPROCESS_TIMEOUT_S,yes,subprocess.run,resolve,handler matched neither vocabulary - NOT CLASSIFIED
NOT_MEASURED,except Timeout,plugin/programs/generated_artifact_conflict_resolve.py,303,(handler),handler,subprocess.TimeoutExpired,resolve,"return Verdict( 2, f""{rel}: {' '.join(art.regenerate)} exceeded the "" f""{SUBPROCESS_TIMEOUT_S}s inner bound. That bound is a ceiling "" f""set by the landing harness, not an estimate — this generator "" "
NOT_MEASURED,subprocess timeout=,plugin/programs/generated_artifact_conflict_resolve.py,339,SUBPROCESS_TIMEOUT_S,yes,subprocess.run,resolve,handler matched neither vocabulary - NOT CLASSIFIED
NOT_MEASURED,subprocess timeout=,plugin/programs/gh_enumerate_all.py,81,timeout,yes,subprocess.run,_gh_graphql,handler matched neither vocabulary - NOT CLASSIFIED
NOT_MEASURED,subprocess timeout=,plugin/programs/harness_exact_selfverify.py,246,timeout,yes,subprocess.run,_run,handler matched neither vocabulary - NOT CLASSIFIED
NOT_MEASURED,subprocess timeout=,plugin/programs/input_doc_pdk_claim_vs_installed_pdk_check.py,706,_IMAGE_PROBE_TIMEOUT_S,yes,subprocess.run,start_pinned_container,handler matched neither vocabulary - NOT CLASSIFIED
NOT_MEASURED,subprocess timeout=,plugin/programs/input_doc_pdk_claim_vs_installed_pdk_check.py,717,_IMAGE_START_TIMEOUT_S,yes,subprocess.run,start_pinned_container,handler matched neither vocabulary - NOT CLASSIFIED
NOT_MEASURED,subprocess timeout=,plugin/programs/input_doc_pdk_claim_vs_installed_pdk_check.py,736,_IMAGE_STOP_TIMEOUT_S,yes,subprocess.run,start_pinned_container,handler matched neither vocabulary - NOT CLASSIFIED
NOT_MEASURED,subprocess timeout=,plugin/programs/ip_catalog_pull.py,481,120,yes,subprocess.run,_git_clone_to_cache,handler matched neither vocabulary - NOT CLASSIFIED
NOT_MEASURED,subprocess timeout=,plugin/programs/ip_catalog_pull.py,488,30,yes,subprocess.run,_git_clone_to_cache,handler matched neither vocabulary - NOT CLASSIFIED
NOT_MEASURED,subprocess timeout=,plugin/programs/ip_catalog_reproduce_pull.py,69,60,yes,subprocess.run,_git_clone_shallow,handler matched neither vocabulary - NOT CLASSIFIED
NOT_MEASURED,subprocess timeout=,plugin/programs/ip_catalog_reproduce_pull.py,73,30,yes,subprocess.run,_git_clone_shallow,handler matched neither vocabulary - NOT CLASSIFIED
NOT_MEASURED,subprocess timeout=,plugin/programs/ip_catalog_reproduce_pull.py,77,30,yes,subprocess.run,_git_clone_shallow,handler matched neither vocabulary - NOT CLASSIFIED
NOT_MEASURED,subprocess timeout=,plugin/programs/ip_catalog_upstream_audit.py,271,30,yes,subprocess.run,audit_upstream,handler matched neither vocabulary - NOT CLASSIFIED
NOT_MEASURED,except Timeout,plugin/programs/ip_catalog_upstream_audit.py,283,(handler),handler,subprocess.TimeoutExpired,audit_upstream,"return { ""ip_name"": ip_name, ""ok"": False, ""stage"": ""upstream_timeout"", ""issue"": ""git ls-remote timed out (30s)"", }"
NOT_MEASURED,subprocess timeout=,plugin/programs/landing_unselectable_pytest_corpus.py,221,60,yes,subprocess.run,tracked_test_files,handler matched neither vocabulary - NOT CLASSIFIED
NOT_MEASURED,subprocess timeout=,plugin/programs/latency_conformance_check.py,1880,timeout,yes,subprocess.run,_run,handler matched neither vocabulary - NOT CLASSIFIED
NOT_MEASURED,subprocess timeout=,plugin/programs/lec_run.py,1820,timeout,call-through,_docker,run_yosys_equiv,handler matched neither vocabulary - NOT CLASSIFIED
NOT_MEASURED,except Timeout,plugin/programs/lec_run.py,1824,(handler),handler,subprocess.TimeoutExpired,run_yosys_equiv,"out = exc.stdout or """" if isinstance(out, bytes): out = out.decode(""utf-8"", ""replace"") return (bool(_strip_login_banner(out).strip()), _strip_login_banner(out) + f""\n{_TIMEOUT_MARKER} after {timeout}s"
NOT_MEASURED,subprocess timeout=,plugin/programs/level_hysteresis_flag_oracle_check.py,307,120,yes,subprocess.run,simulate,handler matched neither vocabulary - NOT CLASSIFIED
NOT_MEASURED,except Timeout,plugin/programs/level_hysteresis_flag_oracle_check.py,312,(handler),handler,subprocess.TimeoutExpired,simulate,"return None, ""compile timeout"""
NOT_MEASURED,subprocess timeout=,plugin/programs/level_hysteresis_flag_oracle_check.py,318,120,yes,subprocess.run,simulate,handler matched neither vocabulary - NOT CLASSIFIED
NOT_MEASURED,except Timeout,plugin/programs/level_hysteresis_flag_oracle_check.py,320,(handler),handler,subprocess.TimeoutExpired,simulate,"return None, ""sim timeout"""
NOT_MEASURED,subprocess timeout=,plugin/programs/mpw_precheck_driver.py,214,60,yes,subprocess.run,default_image_resolver,handler matched neither vocabulary - NOT CLASSIFIED
NOT_MEASURED,subprocess timeout=,plugin/programs/mpw_precheck_driver.py,223,1800,yes,subprocess.run,default_image_resolver,handler matched neither vocabulary - NOT CLASSIFIED
NOT_MEASURED,subprocess timeout=,plugin/programs/mpw_precheck_driver.py,239,timeout,yes,subprocess.run,default_docker_runner,handler matched neither vocabulary - NOT CLASSIFIED
NOT_MEASURED,subprocess timeout=,plugin/programs/nda_diff_scan_check.py,173,_GIT_TIMEOUT_S,yes,subprocess.run,_git,handler matched neither vocabulary - NOT CLASSIFIED
NOT_MEASURED,subprocess timeout=,plugin/programs/not_verified_tier.py,237,timeout,yes,subprocess.run,probe,handler matched neither vocabulary - NOT CLASSIFIED
NOT_MEASURED,except Timeout,plugin/programs/not_verified_tier.py,238,(handler),handler,subprocess.TimeoutExpired,probe,"out = (PROBE_UNANSWERED, f""`{printed}` did not answer within {timeout}s"")"
NOT_MEASURED,subprocess timeout=,plugin/programs/p0_gate_invocability_drift_check.py,179,GATE_TIMEOUT_S,yes,subprocess.run,_why_rejected,handler matched neither vocabulary - NOT CLASSIFIED
NOT_MEASURED,except Timeout,plugin/programs/p0_gate_invocability_drift_check.py,181,(handler),handler,subprocess.TimeoutExpired,_why_rejected,return None # got past parsing into real work
NOT_MEASURED,subprocess timeout=,plugin/programs/p0_gate_invocability_drift_check.py,280,GATE_TIMEOUT_S,yes,subprocess.run,_required_flags,handler matched neither vocabulary - NOT CLASSIFIED
NOT_MEASURED,subprocess timeout=,plugin/programs/pdk_registry_selectable_check.py,205,30,yes,subprocess.run,_pdk_masking_mounts,handler matched neither vocabulary - NOT CLASSIFIED
NOT_MEASURED,subprocess timeout=,plugin/programs/pdk_revision_resolve.py,247,timeout,yes,subprocess.run,_sh,handler matched neither vocabulary - NOT CLASSIFIED
NOT_MEASURED,subprocess timeout=,plugin/programs/pdk_via_patch_meets_layer_min_width_check.py,282,600,yes,subprocess.run,stage_from_image,handler matched neither vocabulary - NOT CLASSIFIED
NOT_MEASURED,subprocess timeout=,plugin/programs/phase1_coverage_report_gen.py,98,600,yes,subprocess.run,_ensure_extracted_docs,handler matched neither vocabulary - NOT CLASSIFIED
NOT_MEASURED,subprocess timeout=,plugin/programs/phase1_doc_one_shot_runner.py,497,timeout,yes,subprocess.run,_run,handler matched neither vocabulary - NOT CLASSIFIED
NOT_MEASURED,subprocess timeout=,plugin/programs/phase1_doc_one_shot_runner.py,574,180,call-through,_run,_libreoffice_convert_to_text,handler matched neither vocabulary - NOT CLASSIFIED
NOT_MEASURED,subprocess timeout=,plugin/programs/phase1_doc_one_shot_runner.py,590,180,call-through,_run,_libreoffice_convert_to_text,handler matched neither vocabulary - NOT CLASSIFIED
NOT_MEASURED,subprocess timeout=,plugin/programs/phase1_doc_one_shot_runner.py,50899,120,yes,subprocess.run,emit_coverage_report,handler matched neither vocabulary - NOT CLASSIFIED
NOT_MEASURED,subprocess timeout=,plugin/programs/phase1_doc_one_shot_runner.py,60872,120,yes,subprocess.run,main,handler matched neither vocabulary - NOT CLASSIFIED
NOT_MEASURED,subprocess timeout=,plugin/programs/phase1_verify_aggregate.py,162,120,yes,subprocess.run,_run_check,handler matched neither vocabulary - NOT CLASSIFIED
NOT_MEASURED,subprocess timeout=,plugin/programs/phase23_completion_self_audit_check.py,79,budget,yes,subprocess.run,_run_compliance,handler matched neither vocabulary - NOT CLASSIFIED
NOT_MEASURED,subprocess timeout=,plugin/programs/phase2_verify_aggregate.py,99,180,yes,subprocess.run,_run_check,handler matched neither vocabulary - NOT CLASSIFIED
NOT_MEASURED,except Timeout,plugin/programs/phase2_verify_aggregate.py,104,(handler),handler,"(subprocess.TimeoutExpired, FileNotFoundError)",_run_check,"return CheckResult(name=label, exit_code=127, stdout_tail=f""error: {e}"")"
NOT_MEASURED,subprocess timeout=,plugin/programs/phase3_one_shot_runner.py,298,10,yes,subprocess.run,_container_mounts,handler matched neither vocabulary - NOT CLASSIFIED
NOT_MEASURED,subprocess timeout=,plugin/programs/phase3_one_shot_runner.py,746,25,call-through,_docker_exec_raw,_tool_version,handler matched neither vocabulary - NOT CLASSIFIED
NOT_MEASURED,subprocess timeout=,plugin/programs/phase3_one_shot_runner.py,1014,timeout,yes,subprocess.run,_docker_exec_raw,handler matched neither vocabulary - NOT CLASSIFIED
NOT_MEASURED,subprocess timeout=,plugin/programs/phase3_one_shot_runner.py,2328,120,call-through,_docker_exec,_liberty_drv_limits,handler matched neither vocabulary - NOT CLASSIFIED
NOT_MEASURED,subprocess timeout=,plugin/programs/phase3_one_shot_runner.py,2635,120,call-through,_docker_exec,_liberty_declares_cell,handler matched neither vocabulary - NOT CLASSIFIED
NOT_MEASURED,subprocess timeout=,plugin/programs/phase3_one_shot_runner.py,7953,120,yes,subprocess.run,_container_file_text,handler matched neither vocabulary - NOT CLASSIFIED
NOT_MEASURED,subprocess timeout=,plugin/programs/phase3_one_shot_runner.py,9070,30,yes,subprocess.run,_v1_6_604_read_text_or_container_cat,handler matched neither vocabulary - NOT CLASSIFIED
NOT_MEASURED,subprocess timeout=,plugin/programs/phase3_one_shot_runner.py,13178,60,yes,subprocess.run,_flow_default_max_fanout,handler matched neither vocabulary - NOT CLASSIFIED
NOT_MEASURED,subprocess timeout=,plugin/programs/phase3_one_shot_runner.py,13601,120,call-through,_docker_exec,_resolve_auto_die_um,handler matched neither vocabulary - NOT CLASSIFIED
NOT_MEASURED,subprocess timeout=,plugin/programs/phase3_one_shot_runner.py,15524,120,yes,subprocess.run,_emit_spare_cell_coverage,handler matched neither vocabulary - NOT CLASSIFIED
NOT_MEASURED,subprocess timeout=,plugin/programs/phase3_one_shot_runner.py,18319,30,call-through,_docker_exec_raw,_openroad_supports_postroute_spef_repair,handler matched neither vocabulary - NOT CLASSIFIED
NOT_MEASURED,subprocess timeout=,plugin/programs/phase3_one_shot_runner.py,18342,60,call-through,_docker_exec_raw,_openroad_supports_postroute_spef_repair,handler matched neither vocabulary - NOT CLASSIFIED
NOT_MEASURED,subprocess timeout=,plugin/programs/phase3_one_shot_runner.py,25710,600,yes,subprocess.run,_gds_substance_gate,handler matched neither vocabulary - NOT CLASSIFIED
NOT_MEASURED,subprocess timeout=,plugin/programs/phase3_one_shot_runner.py,27022,30,call-through,_docker_exec,_svrfdrc_bin_container,handler matched neither vocabulary - NOT CLASSIFIED
NOT_MEASURED,subprocess timeout=,plugin/programs/phase3_one_shot_runner.py,27136,900,call-through,_docker_exec,_build_cell_aware_feol_cfg,handler matched neither vocabulary - NOT CLASSIFIED
NOT_MEASURED,subprocess timeout=,plugin/programs/phase3_one_shot_runner.py,30598,60,call-through,_docker_exec,_discover_container_corner_libs,handler matched neither vocabulary - NOT CLASSIFIED
NOT_MEASURED,subprocess timeout=,plugin/programs/phase3_one_shot_runner.py,31433,timeout,yes,subprocess.run,_run_declared_signoff_gate,handler matched neither vocabulary - NOT CLASSIFIED
NOT_MEASURED,except Timeout,plugin/programs/phase3_one_shot_runner.py,32746,(handler),handler,"(OSError, subprocess.TimeoutExpired)",step_digital_hardmacro_gen,"return StepResult(""digital_hardmacro_gen"", ""ENV_UNAVAILABLE"", time.time() - t0, f""producer did not complete: {exc}"")"
NOT_MEASURED,except Timeout,plugin/programs/phase3_one_shot_runner.py,32834,(handler),handler,"(OSError, subprocess.TimeoutExpired)",step_tapeout_docs_gen,"return StepResult(""tapeout_docs_gen"", ""ENV_UNAVAILABLE"", time.time() - t0, f""producer did not complete: {exc}"")"
NOT_MEASURED,subprocess timeout=,plugin/programs/phase3_one_shot_runner.py,33025,60,yes,subprocess.run,step_canonicalize_artefacts,handler matched neither vocabulary - NOT CLASSIFIED
NOT_MEASURED,subprocess timeout=,plugin/programs/phase3_one_shot_runner.py,33789,1800,yes,subprocess.run,step_canonicalize_artefacts,handler matched neither vocabulary - NOT CLASSIFIED
NOT_MEASURED,subprocess timeout=,plugin/programs/phase3_one_shot_runner.py,33826,300,yes,subprocess.run,step_canonicalize_artefacts,handler matched neither vocabulary - NOT CLASSIFIED
NOT_MEASURED,subprocess timeout=,plugin/programs/phase3_one_shot_runner.py,34191,1800,yes,subprocess.run,step_canonicalize_artefacts,handler matched neither vocabulary - NOT CLASSIFIED
NOT_MEASURED,subprocess timeout=,plugin/programs/phase3_one_shot_runner.py,42424,120,yes,subprocess.run,main,handler matched neither vocabulary - NOT CLASSIFIED
NOT_MEASURED,subprocess timeout=,plugin/programs/phase3_one_shot_runner.py,42444,55,yes,subprocess.run,main,handler matched neither vocabulary - NOT CLASSIFIED
NOT_MEASURED,subprocess timeout=,plugin/programs/phase3_one_shot_runner.py,42544,_pl.audit_timeout_s(project) + 120,call-through,_sp_fc.run,main,handler matched neither vocabulary - NOT CLASSIFIED
NOT_MEASURED,subprocess timeout=,plugin/programs/phase3_verify_aggregate.py,129,180,yes,subprocess.run,_run_check,handler matched neither vocabulary - NOT CLASSIFIED
NOT_MEASURED,except Timeout,plugin/programs/phase3_verify_aggregate.py,133,(handler),handler,"(subprocess.TimeoutExpired, FileNotFoundError)",_run_check,"return CheckResult(name=name, exit_code=127, stdout_tail=f""error: {e}"")"
NOT_MEASURED,subprocess timeout=,plugin/programs/plugin_change_pytest_gate.py,133,30,yes,subprocess.run,_git_changed_py,handler matched neither vocabulary - NOT CLASSIFIED
NOT_MEASURED,subprocess timeout=,plugin/programs/plugin_change_pytest_gate.py,136,30,yes,subprocess.run,_git_changed_py,handler matched neither vocabulary - NOT CLASSIFIED
NOT_MEASURED,subprocess timeout=,plugin/programs/policy_direction_pin_check.py,928,30,yes,subprocess.run,leftover_signature,handler matched neither vocabulary - NOT CLASSIFIED
NOT_MEASURED,subprocess timeout=,plugin/programs/policy_direction_pin_check.py,1306,180,yes,subprocess.run,verify_pins_parallel,handler matched neither vocabulary - NOT CLASSIFIED
NOT_MEASURED,subprocess timeout=,plugin/programs/ppa_area_threshold_check.py,1037,timeout,yes,subprocess.run,_run,handler matched neither vocabulary - NOT CLASSIFIED
NOT_MEASURED,subprocess timeout=,plugin/programs/ppa_area_threshold_check.py,1103,timeout,yes,subprocess.run,_docker_exec_raw,handler matched neither vocabulary - NOT CLASSIFIED
NOT_MEASURED,subprocess timeout=,plugin/programs/pr_base_reachability_check.py,108,55,yes,subprocess.run,load_from_gh,handler matched neither vocabulary - NOT CLASSIFIED
NOT_MEASURED,subprocess timeout=,plugin/programs/pr_base_reachability_check.py,182,30,yes,subprocess.run,_git,handler matched neither vocabulary - NOT CLASSIFIED
NOT_MEASURED,subprocess timeout=,plugin/programs/prepared_checkout_states_the_revision_it_holds.py,82,30,yes,subprocess.run,_git,handler matched neither vocabulary - NOT CLASSIFIED
NOT_MEASURED,subprocess timeout=,plugin/programs/prompt_example_selftest.py,934,60,yes,subprocess.run,_compile_run,handler matched neither vocabulary - NOT CLASSIFIED
NOT_MEASURED,except Timeout,plugin/programs/prompt_example_selftest.py,936,(handler),handler,subprocess.TimeoutExpired,_compile_run,"return ""timeout"", ""vvp timed out"""
NOT_MEASURED,subprocess timeout=,plugin/programs/protocol_reference_tb_pass_check.py,409,timeout_compile,yes,subprocess.run,run_iverilog,handler matched neither vocabulary - NOT CLASSIFIED
NOT_MEASURED,subprocess timeout=,plugin/programs/protocol_reference_tb_pass_check.py,425,timeout_run,yes,subprocess.run,run_iverilog,handler matched neither vocabulary - NOT CLASSIFIED
NOT_MEASURED,subprocess timeout=,plugin/programs/provenance_logger.py,113,30,yes,subprocess.run,_capture_version,handler matched neither vocabulary - NOT CLASSIFIED
NOT_MEASURED,subprocess timeout=,plugin/programs/published_record_staleness_check.py,456,120,yes,subprocess.run,_tracked_paths,handler matched neither vocabulary - NOT CLASSIFIED
NOT_MEASURED,subprocess timeout=,plugin/programs/pytest_per_file_junit.py,2719,0.1,call-through,job.proc.wait,_run_fallback_batch,handler matched neither vocabulary - NOT CLASSIFIED
NOT_MEASURED,except Timeout,plugin/programs/pytest_per_file_junit.py,2720,(handler),handler,"(subprocess.TimeoutExpired, ChildProcessError)",_run_fallback_batch,pass
NOT_MEASURED,subprocess timeout=,plugin/programs/ramp_waveform_oracle_check.py,255,120,yes,subprocess.run,_simulate,handler matched neither vocabulary - NOT CLASSIFIED
NOT_MEASURED,subprocess timeout=,plugin/programs/ramp_waveform_oracle_check.py,261,180,yes,subprocess.run,_simulate,handler matched neither vocabulary - NOT CLASSIFIED
NOT_MEASURED,subprocess timeout=,plugin/programs/regmap_transaction_tb_gen.py,703,600,yes,subprocess.run,generate,handler matched neither vocabulary - NOT CLASSIFIED
NOT_MEASURED,subprocess timeout=,plugin/programs/retired_pytest_plugin_request_check.py,179,120,yes,subprocess.run,_git_tracked,handler matched neither vocabulary - NOT CLASSIFIED
NOT_MEASURED,subprocess timeout=,plugin/programs/rtl_precheck_gate.py,151,timeout_s,yes,subprocess.run,_run_one,handler matched neither vocabulary - NOT CLASSIFIED
NOT_MEASURED,except Timeout,plugin/programs/rtl_precheck_gate.py,154,(handler),handler,subprocess.TimeoutExpired,_run_one,"return AuditorResult( name=auditor.name, passed=False, exit_code=-2, stderr_tail=f""timeout after {timeout_s}s"", )"
NOT_MEASURED,subprocess timeout=,plugin/programs/rtl_review_aggregate.py,229,300,yes,subprocess.run,_run_program_json,handler matched neither vocabulary - NOT CLASSIFIED
NOT_MEASURED,subprocess timeout=,plugin/programs/sdd_atpg_run.py,373,args.timeout,call-through,_tdf.run_tdf_atpg,_acquire_dt1,handler matched neither vocabulary - NOT CLASSIFIED
NOT_MEASURED,subprocess timeout=,plugin/programs/sdf_gate_sim.py,448,120,call-through,_docker,_read_container_files,handler matched neither vocabulary - NOT CLASSIFIED
NOT_MEASURED,subprocess timeout=,plugin/programs/sdf_gate_sim.py,708,600,call-through,_docker,run,handler matched neither vocabulary - NOT CLASSIFIED
NOT_MEASURED,subprocess timeout=,plugin/programs/sdf_gate_sim.py,719,600,call-through,_docker,run,handler matched neither vocabulary - NOT CLASSIFIED
NOT_MEASURED,subprocess timeout=,plugin/programs/sdf_gate_sim.py,752,600,call-through,_docker,run,handler matched neither vocabulary - NOT CLASSIFIED
NOT_MEASURED,subprocess timeout=,plugin/programs/sdf_gate_sim.py,760,600,call-through,_docker,run,handler matched neither vocabulary - NOT CLASSIFIED
NOT_MEASURED,subprocess timeout=,plugin/programs/semantic_spec_floor_check.py,176,timeout,yes,subprocess.run,simulate_golden,handler matched neither vocabulary - NOT CLASSIFIED
NOT_MEASURED,subprocess timeout=,plugin/programs/semantic_spec_floor_check.py,180,timeout,yes,subprocess.run,simulate_golden,handler matched neither vocabulary - NOT CLASSIFIED
NOT_MEASURED,subprocess timeout=,plugin/programs/semantic_spec_floor_check.py,359,timeout,yes,subprocess.run,_probe_golden_mux,handler matched neither vocabulary - NOT CLASSIFIED
NOT_MEASURED,subprocess timeout=,plugin/programs/semantic_spec_floor_check.py,363,timeout,yes,subprocess.run,_probe_golden_mux,handler matched neither vocabulary - NOT CLASSIFIED
NOT_MEASURED,subprocess timeout=,plugin/programs/shape_b_sample_export.py,1140,120,yes,subprocess.run,_compiles_with_tb,handler matched neither vocabulary - NOT CLASSIFIED
NOT_MEASURED,subprocess timeout=,plugin/programs/si_mcf_sta.py,630,30,yes,subprocess.run,_container_mounts,handler matched neither vocabulary - NOT CLASSIFIED
NOT_MEASURED,subprocess timeout=,plugin/programs/si_mcf_sta.py,732,timeout,yes,subprocess.run,_docker_exec,handler matched neither vocabulary - NOT CLASSIFIED
NOT_MEASURED,subprocess timeout=,plugin/programs/signoff_cell_aware_feol_cfg.py,301,600,yes,subprocess.run,_docker_standalone_runner,handler matched neither vocabulary - NOT CLASSIFIED
NOT_MEASURED,subprocess timeout=,plugin/programs/source_chip_agnostic_check.py,228,120,yes,subprocess.run,_git_ignored_prefixes,handler matched neither vocabulary - NOT CLASSIFIED
NOT_MEASURED,subprocess timeout=,plugin/programs/spice_correlation_check.py,760,60,yes,subprocess.run,_resolve_ngspice,handler matched neither vocabulary - NOT CLASSIFIED
NOT_MEASURED,subprocess timeout=,plugin/programs/spice_correlation_check.py,1673,60,yes,subprocess.run,_resolve_opensta,handler matched neither vocabulary - NOT CLASSIFIED
NOT_MEASURED,subprocess timeout=,plugin/programs/sta_engine_parity_check.py,123,timeout,yes,subprocess.run,_run,handler matched neither vocabulary - NOT CLASSIFIED
NOT_MEASURED,subprocess timeout=,plugin/programs/step_repro_bundle.py,97,20,yes,subprocess.run,_git,handler matched neither vocabulary - NOT CLASSIFIED
NOT_MEASURED,subprocess timeout=,plugin/programs/sweep_reach_survey.py,268,timeout,yes,subprocess.run,survey,handler matched neither vocabulary - NOT CLASSIFIED
NOT_MEASURED,except Timeout,plugin/programs/sweep_reach_survey.py,273,(handler),handler,subprocess.TimeoutExpired,survey,"rc, out, err = ""TIMEOUT"", """", """""
NOT_MEASURED,subprocess timeout=,plugin/programs/tapeout_precheck.py,274,timeout,yes,subprocess.run,default_runner,handler matched neither vocabulary - NOT CLASSIFIED
NOT_MEASURED,subprocess timeout=,plugin/programs/tapeout_readiness_check.py,605,60,yes,subprocess.run,default_image_resolver,handler matched neither vocabulary - NOT CLASSIFIED
NOT_MEASURED,subprocess timeout=,plugin/programs/tapeout_readiness_check.py,621,60,yes,subprocess.run,default_image_resolver,handler matched neither vocabulary - NOT CLASSIFIED
NOT_MEASURED,subprocess timeout=,plugin/programs/tapeout_readiness_check.py,631,3600,yes,subprocess.run,default_image_resolver,handler matched neither vocabulary - NOT CLASSIFIED
NOT_MEASURED,subprocess timeout=,plugin/programs/tapeout_readiness_check.py,646,timeout,yes,subprocess.run,default_runner,handler matched neither vocabulary - NOT CLASSIFIED
NOT_MEASURED,subprocess timeout=,plugin/programs/tests/_control_corpus_replay.py,143,timeout,yes,subprocess.run,replay_one,handler matched neither vocabulary - NOT CLASSIFIED
NOT_MEASURED,except Timeout,plugin/programs/tests/_control_corpus_replay.py,149,(handler),handler,subprocess.TimeoutExpired,replay_one,"return {**rec, ""status"": ""timeout""}"
NOT_MEASURED,subprocess timeout=,plugin/programs/tests/_published_corpus.py,187,60,yes,subprocess.run,_index_publishes_cells,handler matched neither vocabulary - NOT CLASSIFIED
NOT_MEASURED,subprocess timeout=,plugin/programs/tests/_real_data.py,181,55,yes,subprocess.run,_tracked,handler matched neither vocabulary - NOT CLASSIFIED
NOT_MEASURED,subprocess timeout=,plugin/programs/tests/matrix_d4_probe.py,260,PROBE_TIMEOUT_S,yes,subprocess.run,probe_cli,handler matched neither vocabulary - NOT CLASSIFIED
NOT_MEASURED,except Timeout,plugin/programs/tests/matrix_d4_probe.py,268,(handler),handler,subprocess.TimeoutExpired,probe_cli,"return CliProbe(command, program, None, """", None, True)"
NOT_MEASURED,subprocess timeout=,plugin/programs/tests/matrix_d7_write_record.py,412,_LS_TREE_TIMEOUT_S,yes,subprocess.run,_git_tracked,handler matched neither vocabulary - NOT CLASSIFIED
NOT_MEASURED,except Timeout,plugin/programs/tests/test_dft_transition_atpg_timeout_is_a_budget_not_a_capability.py,117,(handler),handler,subprocess.TimeoutExpired,test_python_dispatches_the_two_transition_arms_as_written,"return ""budget"""
NOT_MEASURED,subprocess timeout=,plugin/programs/tests/test_gate_cli_entry_survives_weakening.py,89,60,yes,subprocess.run,_changed_gate_programs,handler matched neither vocabulary - NOT CLASSIFIED
NOT_MEASURED,subprocess timeout=,plugin/programs/tests/test_gate_cli_entry_survives_weakening.py,110,60,yes,subprocess.run,_dirty,handler matched neither vocabulary - NOT CLASSIFIED
NOT_MEASURED,subprocess timeout=,plugin/programs/tests/test_hspice_lib_ngspice_normalize.py,205,30,yes,subprocess.run,_verbatim_container,handler matched neither vocabulary - NOT CLASSIFIED
NOT_MEASURED,subprocess timeout=,plugin/programs/tests/test_hspice_lib_ngspice_normalize.py,212,30,yes,subprocess.run,_verbatim_container,handler matched neither vocabulary - NOT CLASSIFIED
NOT_MEASURED,subprocess timeout=,plugin/programs/tests/test_issue1029_the_killer_must_clean_up.py,98,timeout,yes,subprocess.run,_drive_and_repair,handler matched neither vocabulary - NOT CLASSIFIED
NOT_MEASURED,subprocess timeout=,plugin/programs/tests/test_issue1029_the_killer_must_clean_up.py,136,3.0,yes,subprocess.run,test_without_the_repair_the_mutation_survives,handler matched neither vocabulary - NOT CLASSIFIED
NOT_MEASURED,except Timeout,plugin/programs/tests/test_issue1029_the_killer_must_clean_up.py,138,(handler),handler,subprocess.TimeoutExpired,test_without_the_repair_the_mutation_survives,pass
NOT_MEASURED,subprocess timeout=,plugin/programs/tests/test_issue1181_probe_budget_and_summary.py,101,_KILL_S,yes,subprocess.run,test_a_session_killed_for_outliving_its_bound_loses_the_earned_result,handler matched neither vocabulary - NOT CLASSIFIED
NOT_MEASURED,except Timeout,plugin/programs/tests/test_issue1181_probe_budget_and_summary.py,106,(handler),handler,subprocess.TimeoutExpired,test_a_session_killed_for_outliving_its_bound_loses_the_earned_result,killed = True
NOT_MEASURED,subprocess timeout=,plugin/programs/tests/test_issue193_custom_pdk_primary_selection_ngspice.py,315,30,yes,subprocess.run,_verbatim_ngspice_container,handler matched neither vocabulary - NOT CLASSIFIED
NOT_MEASURED,subprocess timeout=,plugin/programs/tests/test_issue193_custom_pdk_primary_selection_ngspice.py,322,30,yes,subprocess.run,_verbatim_ngspice_container,handler matched neither vocabulary - NOT CLASSIFIED
NOT_MEASURED,subprocess timeout=,plugin/programs/tests/test_issue193_custom_pdk_primary_selection_ngspice.py,326,60,yes,subprocess.run,_verbatim_ngspice_container,handler matched neither vocabulary - NOT CLASSIFIED
NOT_MEASURED,subprocess timeout=,plugin/programs/tests/test_issue204_dashboard_daemon_no_leak.py,147,5,call-through,proc.wait,_dashboard_daemon,handler matched neither vocabulary - NOT CLASSIFIED
NOT_MEASURED,except Timeout,plugin/programs/tests/test_issue204_dashboard_daemon_no_leak.py,148,(handler),handler,subprocess.TimeoutExpired,_dashboard_daemon,"try: os.killpg(os.getpgid(proc.pid), signal.SIGKILL) except (ProcessLookupError, PermissionError): proc.kill() proc.wait(timeout=5)"
NOT_MEASURED,subprocess timeout=,plugin/programs/tests/test_issue377_l9_submodule_verdict_follows_the_examined_set.py,201,60,yes,subprocess.run,_published_l9_docs,handler matched neither vocabulary - NOT CLASSIFIED
NOT_MEASURED,except Timeout,plugin/programs/tests/test_issue581_atpg_timeout_is_a_budget_not_a_capability.py,120,(handler),handler,subprocess.TimeoutExpired,test_python_dispatches_the_two_arms_as_written,"return ""budget"""
NOT_MEASURED,subprocess timeout=,plugin/programs/tests/test_issue643_the_bound_must_reach_the_simulation.py,205,30,call-through,S._bounded_vvp,test_the_container_deadline_is_reported_as_a_timeout,handler matched neither vocabulary - NOT CLASSIFIED
NOT_MEASURED,except Timeout,plugin/programs/tests/test_issue643_the_bound_must_reach_the_simulation.py,206,(handler),handler,subprocess.TimeoutExpired,test_the_container_deadline_is_reported_as_a_timeout,assert e.timeout == 30
NOT_MEASURED,subprocess timeout=,plugin/programs/tests/test_matrix_d6_skip_discipline.py,754,_SUBPROCESS_TIMEOUT_S,yes,subprocess.run,_run_targetless_clauses,handler matched neither vocabulary - NOT CLASSIFIED
NOT_MEASURED,subprocess timeout=,plugin/programs/tests/test_matrix_d6_skip_discipline.py,1895,_SUBPROCESS_TIMEOUT_S,yes,subprocess.run,_first_vacuous_gate_program,handler matched neither vocabulary - NOT CLASSIFIED
NOT_MEASURED,subprocess timeout=,plugin/programs/tests/test_pytest_per_file_junit.py,507,_SINGLE_SESSION_KILL,yes,subprocess.run,test_one_session_loses_the_whole_record_and_per_file_does_not,handler matched neither vocabulary - NOT CLASSIFIED
NOT_MEASURED,except Timeout,plugin/programs/tests/test_pytest_per_file_junit.py,515,(handler),handler,subprocess.TimeoutExpired,test_one_session_loses_the_whole_record_and_per_file_does_not,killed = True
NOT_MEASURED,subprocess timeout=,plugin/programs/tests/test_signoff_worst_path_evidence.py,295,_DOCKER_PS_TIMEOUT_S,yes,subprocess.run,_live_container,handler matched neither vocabulary - NOT CLASSIFIED
NOT_MEASURED,subprocess timeout=,plugin/programs/tests/test_staged_macro_aware_synth_define.py,393,30,yes,subprocess.run,_yosys_container,handler matched neither vocabulary - NOT CLASSIFIED
NOT_MEASURED,subprocess timeout=,plugin/programs/tests/test_v1_0_52_gap1_via_analyzer_sky130_unnumbered_cut.py,140,60,yes,subprocess.run,_sky130_nom_tlef,handler matched neither vocabulary - NOT CLASSIFIED
NOT_MEASURED,subprocess timeout=,plugin/programs/toolchain_profile.py,150,timeout,yes,subprocess.run,tool_version,handler matched neither vocabulary - NOT CLASSIFIED
NOT_MEASURED,subprocess timeout=,plugin/programs/tracked_json_yaml_parses_check.py,76,120,yes,subprocess.run,_index_entries,handler matched neither vocabulary - NOT CLASSIFIED
NOT_MEASURED,subprocess timeout=,plugin/programs/tracked_json_yaml_parses_check.py,108,300,yes,subprocess.run,_read_blobs,handler matched neither vocabulary - NOT CLASSIFIED
NOT_MEASURED,subprocess timeout=,plugin/programs/tracked_symlink_portability_check.py,129,300,yes,subprocess.run,tracked_symlinks,handler matched neither vocabulary - NOT CLASSIFIED
NOT_MEASURED,subprocess timeout=,plugin/programs/transition_fault_atpg_run.py,490,timeout,yes,subprocess.run,_run_in_docker,handler matched neither vocabulary - NOT CLASSIFIED
NOT_MEASURED,subprocess timeout=,plugin/programs/transition_fault_atpg_run.py,503,30,yes,subprocess.run,_run_in_docker,handler matched neither vocabulary - NOT CLASSIFIED
NOT_MEASURED,subprocess timeout=,plugin/programs/transition_fault_atpg_run.py,690,timeout,call-through,_run_in_docker,_liberty_structure_text,handler matched neither vocabulary - NOT CLASSIFIED
NOT_MEASURED,subprocess timeout=,plugin/programs/transition_fault_atpg_run.py,795,"min(int(timeout), 120)",call-through,_run_in_docker,_detect_sat_solver,handler matched neither vocabulary - NOT CLASSIFIED
NOT_MEASURED,subprocess timeout=,plugin/programs/triage_note_answers_the_question_check.py,120,45,yes,subprocess.run,required_args,handler matched neither vocabulary - NOT CLASSIFIED
NOT_MEASURED,subprocess timeout=,plugin/programs/vibe_ic_one_shot_runner.py,301,45,yes,subprocess.run,_cli_snapshot,handler matched neither vocabulary - NOT CLASSIFIED
NOT_MEASURED,subprocess timeout=,tools/ci/gate_mutation_fixtures.py,238,timeout,yes,subprocess.run,invoke,handler matched neither vocabulary - NOT CLASSIFIED
NOT_MEASURED,except Timeout,tools/ci/gate_mutation_fixtures.py,242,(handler),handler,subprocess.TimeoutExpired,invoke,"return Outcome(-1, f""TIMEOUT after {timeout}s: {e}"", argv, str(subject))"
NOT_MEASURED,subprocess timeout=,tools/ci/gatekeeper_status_poller.py,308,timeout,call-through,_run,run_gate,handler matched neither vocabulary - NOT CLASSIFIED
NOT_MEASURED,except Timeout,tools/ci/gatekeeper_status_poller.py,311,(handler),handler,subprocess.TimeoutExpired,run_gate,"out = (e.stdout or b"""").decode(errors=""replace"") if isinstance(e.stdout, bytes) else (e.stdout or """") log.write_text(out + f""\n\n!! TIMEOUT after {timeout}s\n"") return ""error"", f""gate TIMED OUT after "
NOT_MEASURED,except Timeout,tools/ci/staged_version_claim_check.py,548,(handler),handler,"(RuntimeError, FileNotFoundError, subprocess.TimeoutExpired)",main,"print(f"" ERROR: git diff failed: {exc}"", file=sys.stderr) return 2"
NOT_MEASURED,subprocess timeout=,tools/core_agent/covered_by.py,172,1800,yes,subprocess.run,_run,handler matched neither vocabulary - NOT CLASSIFIED
NOT_MEASURED,subprocess timeout=,tools/d9_corpus_baseline.py,571,timeout,yes,subprocess.run,probe_mutators,handler matched neither vocabulary - NOT CLASSIFIED
NOT_MEASURED,except Timeout,tools/d9_corpus_baseline.py,574,(handler),handler,"(subprocess.TimeoutExpired, OSError)",probe_mutators,pass
NOT_MEASURED,subprocess timeout=,tools/d9_corpus_baseline.py,608,5,call-through,proc.wait,_kill_process_group,handler matched neither vocabulary - NOT CLASSIFIED
NOT_MEASURED,except Timeout,tools/d9_corpus_baseline.py,610,(handler),handler,subprocess.TimeoutExpired,_kill_process_group,continue
NOT_MEASURED,subprocess timeout=,tools/d9_corpus_baseline.py,661,timeout,yes,p.communicate,run_cell,handler matched neither vocabulary - NOT CLASSIFIED
NOT_MEASURED,except Timeout,tools/d9_corpus_baseline.py,663,(handler),handler,subprocess.TimeoutExpired,run_cell,"_kill_process_group(p) # Drain, so the pipes close and no writer is left mid-write. The # group is already signalled, so this cannot block on the timeout # again -- but it is bounded anyway rather tha"
NOT_MEASURED,subprocess timeout=,tools/d9_corpus_baseline.py,669,15,yes,p.communicate,run_cell,handler matched neither vocabulary - NOT CLASSIFIED
NOT_MEASURED,except Timeout,tools/d9_corpus_baseline.py,670,(handler),handler,subprocess.TimeoutExpired,run_cell,"p.kill() out, err = """", """""
NOT_MEASURED,subprocess timeout=,tools/d9_flow_gate_reality.py,292,timeout,yes,subprocess.run,probe_writers,handler matched neither vocabulary - NOT CLASSIFIED
NOT_MEASURED,except Timeout,tools/d9_flow_gate_reality.py,295,(handler),handler,"(subprocess.TimeoutExpired, OSError)",probe_writers,pass
NOT_MEASURED,subprocess timeout=,tools/d9_flow_gate_reality.py,315,timeout,yes,subprocess.run,_drive,handler matched neither vocabulary - NOT CLASSIFIED
NOT_MEASURED,except Timeout,tools/d9_flow_gate_reality.py,319,(handler),handler,subprocess.TimeoutExpired,_drive,"rc, out, err = ""TIMEOUT"", """", """""
NOT_MEASURED,subprocess timeout=,tools/gen_adversarial_findings.py,35,30,yes,subprocess.run,,handler matched neither vocabulary - NOT CLASSIFIED
NOT_MEASURED,subprocess timeout=,tools/ic_collector/extractor.py,41,30,yes,subprocess.run,pdf_to_text,handler matched neither vocabulary - NOT CLASSIFIED
NOT_MEASURED,subprocess timeout=,tools/liar_census.py,818,timeout,yes,subprocess.run,_run,handler matched neither vocabulary - NOT CLASSIFIED
NOT_MEASURED,subprocess timeout=,tools/liar_census.py,1528,timeout,yes,subprocess.run,_run_selection,handler matched neither vocabulary - NOT CLASSIFIED
NOT_MEASURED,except Timeout,tools/liar_census.py,1530,(handler),handler,"(subprocess.TimeoutExpired, OSError)",_run_selection,return None
NOT_MEASURED,subprocess timeout=,tools/liar_census.py,2807,timeout,yes,subprocess.run,_run_traced,handler matched neither vocabulary - NOT CLASSIFIED
NOT_MEASURED,subprocess timeout=,tools/liar_census.py,3001,"max(timeout, 300)",yes,subprocess.run,_flow_step_status,handler matched neither vocabulary - NOT CLASSIFIED
NOT_MEASURED,except Timeout,tools/liar_census.py,3007,(handler),handler,"(subprocess.TimeoutExpired, OSError, ValueError)",_flow_step_status,return None
NOT_MEASURED,subprocess timeout=,tools/phase1_menu.py,355,120,yes,subprocess.run,_regen_datasheet,handler matched neither vocabulary - NOT CLASSIFIED
NOT_MEASURED,subprocess timeout=,tools/phase1_menu.py,408,120,yes,subprocess.run,_regen_appnote,handler matched neither vocabulary - NOT CLASSIFIED
NOT_MEASURED,subprocess timeout=,tools/phase2_menu.py,626,30,yes,subprocess.run,_run_pnr_doctor,handler matched neither vocabulary - NOT CLASSIFIED
NOT_MEASURED,except Timeout,tools/phase2_menu.py,630,(handler),handler,subprocess.TimeoutExpired,_run_pnr_doctor,"print(f"" pnr-doctor timed out."")"
NOT_MEASURED,subprocess timeout=,tools/pipeline_run.py,98,timeout,yes,subprocess.run,_run_tool,handler matched neither vocabulary - NOT CLASSIFIED
NOT_MEASURED,except Timeout,tools/pipeline_run.py,103,(handler),handler,subprocess.TimeoutExpired,_run_tool,"return -1, """", f""Timeout after {timeout}s"""
NOT_MEASURED,subprocess timeout=,tools/pipeline_run.py,522,10,yes,subprocess.run,run_phase3,handler matched neither vocabulary - NOT CLASSIFIED
NOT_MEASURED,except Timeout,tools/pipeline_run.py,525,(handler),handler,"(FileNotFoundError, subprocess.TimeoutExpired)",run_phase3,pass
NOT_MEASURED,subprocess timeout=,tools/salvage_landed_probe.py,208,timeout,yes,subprocess.run,run,handler matched neither vocabulary - NOT CLASSIFIED
NOT_MEASURED,except Timeout,tools/salvage_landed_probe.py,210,(handler),handler,subprocess.TimeoutExpired,run,"return """""
NOT_MEASURED,subprocess timeout=,tools/vacuous_exit_corpus_census.py,97,_TIMEOUT_S,yes,subprocess.run,clause_rc,handler matched neither vocabulary - NOT CLASSIFIED
