00000000 00000000 00000000
00000000 deadbeef 00000000
cafebabe 00000000 00000000
ffffffff ffffffff 00000001
00000001 00000001 00000001
00000001 ffffffff ffffffff
ffffffff 00000001 ffffffff
80000000 80000000 00000000
80000000 00000001 80000000
00000001 80000000 80000000
7fffffff 7fffffff 00000001
ffffffff 80000000 80000000
00000003 ffffffff fffffffd
6aa79987 bb91433a 999e1d96
029a7245 d1f6f86c db290d1c
d340bbcd cd8778e7 298c8dfb
4c73a942 daea58ba 388ba9f4
5e503a67 ee897110 51ea1d70
3193ca54 452ec40a 15c63748
90e5e945 6facaa50 9a1cb790
29645f8b 5f811cb9 9e073f73
1fcff454 dfc9e3b1 66626a14
6ed4e94b 42d6cb5c 04344ff4
8fe46024 a091250e d4c675f8
2ca1c789 9c9cea0c 0b74946c
8d9fe5b9 2fd2b7a4 70686984
5adad121 bcf74d7a 200596ba
f543bbcf bb9d58e4 1bd56c5c
175f0cd2 87f26aee f230df3c
fa882692 bc428d42 bdfc5ba4
6980a81f 95c5fb98 34153768
8101e89a 2aa4857e c3707dcc
25ece845 34a9af41 ed7b2485
b80e3b0d 13ed748b 0484f40f
30a1f6d5 d64a3ce0 eb23e660
57708107 527122dc 47e8d004
06057c82 7576714a f7775f94
56eaa301 06e0f458 2ae4fc58
f7acee22 82bde024 37c93cc8
fa928906 b0d26ee6 9d73af64
be99854a 6a5ccc2c a331e0b8
00e266d0 01b5577d e08ce390
f0b37868 a9f559fc 390eae60
deea959e 29ef41d0 ab18ae60
c555663f 94820a06 4dfcdb7a
2dcaabd5 495cfa4f 8ae508bb
1978cec0 a70ce1b5 2120edc0
6a1eccda 1b1bcf72 c2597f14
e2b2848b ae711399 b7e28813
93fd7234 2e80dbd5 64928144
bc90a6ec 600027e8 6c8539e0
3b8d0e76 f5cdb941 90c1f1f6
860a7da1 9893588c a45f0c0c
b59a5969 e9c329a8 91977de8
d3285151 5473da68 390302e8
ce9fb6a8 0a4de3e4 25bda5a0
3b788b66 1eab5cd8 90f04610
df8960ad 7fcd33d2 fa7cc4ea
3764b52e bcb8a084 823a2bb8
cd4944b6 c18c6da1 16ddb476
8e1a11f0 ab721ab0 a49eb500
2f927291 41fad296 b46412f6
96af0dea 6f055718 59b5d3f0
84ab5616 ea80db06 d5a8d684
f56ae7ea 213f191f 652def56
0aa25068 fad2b6c5 1961d008
2a04f77a 4d23bed5 2d7c7482
fbb91133 dd533730 8fee2e90
d50b612b 026530cd 684bdf6f
26784184 f70ae8c0 c0b8c300
3aa725cb 5987baf1 29dd121b
8a04f74f 578b2426 5068d1ba
282fe557 62d1c049 ebb0a5cf
52e1fbb0 03499f84 ed0816c0
0ca02f4d 0f967bcc 407db05c
b6307bad 71f2f9c4 ebf3f574
141cb03e 635a8ce2 61817ebc
fe9e6246 cc905983 6a969fd2
ebaa7701 2df2b7c8 a430afc8
c9f0b072 02ff5f56 cde3944c
c5bc647a b65b9045 b7a9b4e2
5e2503dd 372139f3 957bdfc7
adbfb00e 8334bb82 2dc9a11c
c2e1dac4 1f1af1fa e36a2768
7b142708 9f318042 3f3e1010
0fc01b11 03898f4e cabfbe2e
a0485922 7de6002d db43aafa
53650fc7 c5a0ff6d 2c1ef0bb
9c2ecc16 f74fd9ec daecca48
6bbb69f5 ec2fc96a 11c63c72
f3d90ebd 8cc05570 2a9b33b0
339bb47e 5d41eb25 fe2ec036
c4d3c54c a9b04e95 e59efd3c
b2d4f32a 1e8fcb74 a5c67d08
8e7ae9af 26501578 df78e508
147de9b0 7eb14f84 9eb9cec0
2a3a4667 e47b342b 7d93bf4d
f79fcaa0 55e6fa5a 45cd7c40
3b0b6398 34085693 b7bf4048
29ddf4c7 29aa57a5 d5646543
49cdbec7 266fdf5c 0168e884
8980bb2c 17314875 d3e5eb1c
85056138 b21ab98f 00f2c648
00da5a80 2583bf90 33d86800
00d0bac4 a85dffca 07f09aa8
7efe369a e2cce77b de2131fe
2f529fb3 d5d3cee2 d2fc0606
9b852cbc ef0e1c77 d2145b64
cc6812b6 d9c1aa99 a7d60ac6
188b2694 43a7c488 7a01cea0
8152a2c5 c00187a6 d2306ebe
67f8ab1f 10ed0260 4a4969a0
ca5b2579 c05f69af 5e943eb7
f46d4e1d 75fb4415 ed261c61
6aae0b74 2e93761b e53ead3c
3e46cc1c eb3f4d0a a90c6518
e0e3a17d 2f2faab7 84e8725b
06fb8a80 5f774422 9fb26500
549968e7 2d0bc102 6e35f8ce
650ffbcf 2d87bab8 6d9a62c8
2d9059c6 92573b50 f016afe0
ae103641 d2cf5d1d cc1ac25d
84ad1903 e4b1455b c858b311
3fba91d2 f5ce6011 830e6ef2
69cacc7b 836170c2 50bfc536
b11f43a4 6ae36852 51ea4a88
5330d7c5 1ec1db44 a313d754
11552ddf a4cc1ad0 2591eb30
75e38718 be5a4452 8133a5b0
31efbef6 a0ce08bb 620c2db2
9f0e5690 923c7324 38a6dc40
33af061b bfc84365 1cbe79a7
22910c37 87ed24ba d3059bf6
e4daa2e7 3bb5a287 74b515d1
548dc214 915f892f bc4f55ac
4ad48431 2017a69d b273d80d
89cb56b8 82a4e5f2 24aa91f0
b1817b72 c5795f45 f79793ba
abc67790 e4384beb 3bb6f130
cc638bb9 0f27e5e8 66621ca8
428b2d1b c6f736f0 250afb50
6d47be83 0b4634e6 79f9c5b2
5d2c805c cc9a502c 731acfd0
84459a03 8930dd5b 96425611
92f4b20d 1b897889 005e60f5
a11908e0 c24281d3 6edb30a0
11656edb 27fafa5d fef9238f
5f081999 e15e16c1 367c7259
b56471c8 a282bbfa dac43550
090b3597 4661d077 e7f79931
bf0976bd 71afc8ad 165be5b9
af973c3d 5e622929 cd386ac5
66dbcc44 4ea838f2 1515f848
72fce34d 9c4172e6 8ef9812e
43abd549 4fd550c3 3b47469b
bcba851b 7e14fe2e a9b0b4da
7afbd9be 0ce4ad11 3216db9e
43df86ae 72101a3f 4e8fd0d2
0783a82e 383a0301 bce8322e
58569a9b 22d57caa d55cbeee
ebc6222b 00855e6b 0cb311f9
ad17d536 f8373eeb c91dcc92
a0277bbf cdf91845 2e05427b
ef12d18e 1548e270 cb2b0a20
07d5ba92 1c6e7bd0 3107bca0
9a3a9565 df44c5b4 2ffbc404
301d8a84 dcea2252 6283e648
659e23c2 7d933dcd 508ddc5a
2e8cc39e 45caa283 d67e15da
596091d6 3563c1a6 7652e6c4
e6c0bc68 4cd68a77 8817a458
b9b34ee7 50b7da40 b5256fc0
d8a69224 63663481 27f6f424
1352e69d 9de9feb5 1851d301
4d04125f 5e4fd35a fbe3c266
c8bec05c dd6f3010 23e145c0
0a5b0380 6b547c70 43838800
3091a72b 29183eca 287251ee
14f4913e 249176da 8f5442cc
d14b5d87 4e779665 574a0043
3b747bc0 55348124 f1bd2700
6c9e62ea 336e875c ada0f218
038c130b 265ffc9c bf2f6eb4
1d1940b1 f3a30d70 37084a70
83954252 0812193f 2ef9542e
ca9353f8 ff45ddff a215bc08
574d8811 64631da1 f2bf7fb1
51c0d297 ddd1ddbf bcf079a9
0a72aa2d 3dc9a075 c718e691
19806fe8 7c113308 30b6b740
2605125c 941164e4 3fcc49f0
34cd4fcd 4257f1be 712c3726
91e19cb8 88488c9c 1af02020
5be070a1 288bfbe3 d5dcb9c3
fa4c529b bdc20b73 c04bc4a1
48bb6e3a 09bb3670 e99e7560
db35227e df176b4f b6224ee2
177e844c 180f72c1 edbf954c
87111aa9 35136f41 ad720be9
8caa597d 811348f1 f6d066ad
a8448d68 f6198f9b eba6b5f8
68feb082 fb105a95 246a6faa
86242766 03e50e54 6e428178
c71eb812 851e1ad7 459a6b1e
26cf6137 96a4087e 16579112
88183610 534aad58 f57b6580
968c80b9 c334629e c492442e
c81d4cd4 e6665e8a b6794248
29e8fa09 751d0db6 10593766
6a2254b2 708a8d14 bb48a7e8
064a2c49 5f2b18db dcddba73
a99d4575 0700937b 00728e37
de372e88 637068fc 1cb90de0
5a80c814 ac9548a8 806ced20
d0f6cbf1 8a7901dc d9cc341c
a8748eb2 9822a58c e35ac358
045ca36e 51b98cae 88d53cc4
7861a5c5 70096402 19713f8a
0bb58d76 51aaceff 0808dc8a
502f5232 63b4d323 185f72d6
ccf6aec9 4c6872e9 140296f1
201e280d 61352eec 3eb041fc
90bc0ea2 9f5e1c8c b5edb898
0e851ffb 91fc7f59 bd39a343
1c1d86c8 7c75deae 305b0bf0
f3c10a10 1e62f07b d14ed5b0
18ae2765 9d6285d6 21b6676e
2c92bdc3 0883bd31 10f84953
f0a8c3b4 0d1c6a5e cab06418
4f10da2e d5c29cea 2737760c
376bec48 866b4614 492225a0
18b15165 75dfcbf8 974cf0d8
7fcf8723 7816be63 788f3c89
0f137e3f 6c610ed7 242578e9
38556b58 e72c9f16 c022e190
38dcc11f 545b909d de08e003
bec1e4d9 c8d9d94e fe00ab1e
29815fda 621970b3 6faf656e
96903191 8b1423d4 0083df14
3ddf7bbc ffcf61d3 fe1937f4
fe6b0ff4 af9fe017 3e1feeec
fd9a7775 78b8c927 9e6b0fd3
ec81acf1 2e2ff777 1c62eb07
e66be00f 355e35a7 064444c9
8dbee3ab 930a4425 46be53b7
ee4c8dc6 8d189aad 6f94eace
a3cddd00 36c0c591 f2ab2d00
28cdd5ec ac3a241f ea7a1794
bb7b32aa 749871e6 eefc8ebc
d96ad6e5 c24fdd1b 04735b27
03b31836 a68e3fc8 68d43430
31e63801 12be1040 7fcc1040
c8c7e57f e65325f3 fc17328d
c49ee908 11db117a 230c95d0
8f8236d5 cece975d 760b8e61
1f4fb4da 182ec3da 4fce0fa4
43e7a280 911cf7d9 53223e80
3c57d6b5 36adde62 8c22274a
fb078b3b 47125412 475d2626
39aee1d2 7f6752de 137b181c
5ec0533a bbf3ee6e e211aeec
b064752d 725d1d43 26e9c3c7
a9c54447 674ecffa ab7c1656
8febd89d 3fc732df 73cb5ac3
a692beb2 735aa0ba be61cd54
dd710d12 d64bc69f d9990a2e
e9f8fce2 81229d6a 0c334f94
1bc32d7f 84a44b31 200bea4f
07b67cf8 834bea75 d949cd58
e9e11005 8a4aa219 968fba7d
e9072678 ae4e9557 a361eac8
5e33e84f 3d242bf4 ff9ab04c
66528d2b 7e436521 de97298b
af56411d 15195c64 39ecdb54
6be805e9 772ec801 0f640de9
1c6c5239 53e7dea9 5f3eb5a1
3fccf7de 71b80aa5 465a6e16
4dc094bf 6cb4c454 1f5f0aac
90f23ccc 1fe63943 32375564
2bd47c69 37cc830d a8200c55
ba87b56c 9dea7b52 045b0098
f8441762 ebb0a108 9e355d10
62852c25 4321068e 24ac5a86
92002619 e17cd1f1 fe5a4689
a2e109c5 c70060a0 534ffb20
cc488391 2d0e9515 a5742fe5
a10d9421 016ef2f6 604189b6
843aac11 bb6f97af 05f8a69f
b872d885 46ba6fa6 14fc113e
0614cf0a ce6c5f5f 5ec58ab6
f0964600 7ab46ca8 8025f000
e60ccaa1 55119369 9d4a8f09
b19e0934 a195da8d 772559a4
339d4eca ca55c919 1a4b4bba
a02798f9 4d5de2dc 0e8847fc
0733213d ba24c040 244a0f40
65cfa1b3 5df551bb d823c0c1
372273f9 efa99845 57861a1d
8fad43b3 fc6bc316 d3462a62
401c00ae 3afe889c 0a10da08
179fb78f eb872685 0ca2974b
cb3aae05 343b335b 0daddac7
4053559f eb147d31 a62e066f
8f492c25 017f5b4b 087c15d7
043c8620 26bde4db 4cdb3d60
903f13f6 95004140 41d67380
ca0c42b7 edc3c715 5742ba03
c8f548aa 2220718f 2f56a0f6
541152cc 36939b01 6456d6cc
20df15ca d66d12fb 0d44910e
9c06a6cb 9f7c054d ee96220f
4e774658 829c95a2 a10bbbb0
492b4442 076c3a39 b1f126b2
35ca0e23 6dc189f6 611d50a2
64b0bca6 ebea6318 9b41e190
aea505cf 94bf5aba e961fe66
66cb8cc8 ca7d2bef b65606b8
a57d91e1 a3f27015 acd16775
ba52b147 a916ec77 f2f7dc01
cf72b4f6 70ae3c94 6fee4638
921f5cff 8ffe04db 344a8a25
fd85667a 47acc900 6d6dca00
8087e48a 484fef17 c1285e66
8984dc16 12b8fbf5 9bc0330e
a887f62a 7a2ff98e ef8f654c
f8a76ffd d9820ed4 66429384
b3b2cbcd 7b8837d1 e2a96d5d
eab59d63 a6201eeb 9b8913e1
289e1e65 e63ad718 3b3bac78
6c08115f 0c294e6b d8e134b5
b4197a6f 192c0628 9eedbb58
bb9342f9 e663e86a bbf6631a
d47c1e66 1e8624c2 57b9614c
44300023 a9d9f37d 143c4a17
50914063 e34eb93e e1df22fa
69a83797 bb613f0c b6c7c414
64722c12 7a100178 dcd0ba70
17bb14e0 fb3a4c43 1ae8f6a0
63c759a1 b03a0928 97c6aa28
a4739077 1f051604 bb8b7bdc
bd4decd4 6e4f7825 10b29aa4
3ad92147 fd827148 75cfb2f8
9ee4b994 01de1970 5c88a4c0
c0485eea 75771499 a37101da
27d052c6 a07f3451 b9f468a6
03aaa714 5b1fbb60 5f764380
28fdf260 d770c3c3 530ebf20
adce60d5 4515aa49 f6a00ebd
e9cf5a2c 24fa44c2 820e0558
63239fb3 290ff88e 86f4fd4a
4fdf180a 528fa701 7a239e0a
a09455f9 99cfde30 13b50cb0
50f1a7f9 6e0e643c 8bdea25c
0a09b32a 5aab95e6 1b0c69bc
3ecae88b b0d1e97c 816a2654
99bd1c73 dcec8696 1fb6dd62
75326aea 06d854f9 3a8ec59a
58ce5ecf abda7eb4 050a8b8c
6464d50c 7f7122ae 9f206628
231a38f7 9b67a4f9 6960a43f
c4749137 c3dc81c4 d6afe51c
5fc098d2 dd211fd8 1a145f30
b0a2271c d58950d7 3e639884
915ad20e d37c2ad4 8e743f98
e66db8a4 4c75e9eb 76b9c28c
cbe3dbfb 8c27824a 6cd00c8e
21ddaeaa 7fb7b1cc 73f0b978
73908493 b12217a1 e8529573
02da8028 775da1f0 3df94d80
c14d9e9b 5e1ae444 7f9e2d2c
3b12f20f 68d20166 44cc80fa
fa01b328 78c7af70 8e4eb980
39b59fc4 9de0893b 7edbb62c
821a34f5 570df529 de51f43d
7dd8b881 4ba4bd43 ed9386c3
d3cbf93c f861c43f d9c045c4
985d2c96 3a8539ef 23d8060a
e18fa87c 6a597af4 5e53ae30
51d3eedf ea1d172e a3cdf512
18f4b94b 26628839 a1a319b3
2f8aeea3 88a92928 cf886478
0bd942ef c2b855c3 637f570d
b51615aa fc3ddb5c 79fa3718
afa197c8 f2385750 10d46680
c1317fb6 1f794f99 24047dc6
c7e78f6f 6311a309 ead6b7e7
200a66e7 5ed9ab67 e2bab3f1
106c43e5 334df055 fe7a3b09
a8b96db7 370efb18 f0f6b628
004b2398 187c554e 87565050
5649a54a 42c602b0 d12836e0
96710d51 3fbe8d9c c257ba5c
a7059d52 89cbcbc4 f61278c8
9d97ca0f 46e23f85 b5d3aacb
f30b5c8d 9d0be60f e5e01a43
f980d39a 92b388c7 2c3c4cb6
4f7f6297 58c20099 218fec3f
50a35350 644699bd 2d3f5210
057c0a95 94bd5da3 81d3dddf
1efddfab 96b58901 519762ab
702c3179 70b49936 cbf7c086
a447845c 50c64b4d 7c71c3ac
3c558f74 414f2690 5c37e940
19747caa 2bd443a5 af7cd792
af5877ef 4a39cba3 96a5e22d
ac168bca 0f92baa6 876368fc
801930d1 20f0b586 c0a35266
2415529d 871f7a4a 638bb362
3268c382 b382533b c38c34f6
44a235f9 36038224 2e230904
da50cc93 41556875 d9d8372f
ed183287 5bc358bb fbe0509d
0c12d0e2 1460dd5e a9fbccfc
efcf8205 b386d7bc f033aeac
e9a5d980 242f4052 3bffab00
caf93eda bdbaded4 d74d1888
3bb823fd b6328ae0 69efdf60
f78cac5a 0b6cf607 866f3276
cf0493b7 d2e2b32f baae1399
23adc778 050908a0 16106b00
0929281b 24da1b33 1d6bd661
60c4660f 6ca3cca1 ac65236f
945dd4a8 6bbc936b 47b45a38
064f911e 2c558da1 21edc9de
f4620a1f 2787716e 57f10852
ac3c9f36 82912b83 eb598aa2
84453ca5 24efffa5 0a137159
7def675f d1e5f958 2cd1efa8
1ad0d2e8 5b3fb0b6 008d70f0
bf6e7138 132aaa59 9fc48c78
bdd5166c 27ecb44a d2ec6b38
05bdd52a 12654fd2 5812d274
ce962b35 d9c63bb0 fb30eb70
5ab53e0c 21d43150 f773afc0
eee19f67 5c60d954 6cc69ccc
5791bb3e f5c2b29f f2b06782
363c894f 4b66d6d6 cbdcd20a
32217226 8aa02a2e 527cbed4
54dff401 67e06920 5ef2e920
121ba84a 54e12729 4e1b39da
2999b2fe 4054ba94 f44006d8
78f7191a ee4ab6f0 81040460
8d5caed4 2b69b9ff 1a9d592c
8eba5d44 b735fc2d 75a554f4
21cafaf1 62786d2b fce8c37b
064ccb9d 71c0641b ac62cd8f
258fa0bc e24b43ff 10364f44
e64413d6 4194cec7 94999f5a
22e74a70 c534f3b9 138d1af0
af047c91 278cbf54 fcb50e94
8e351c43 bc00ea1e 6a0e8dda
999e5af3 40bb56ab fed56251
efd8ec36 b10c3341 85aabbb6
41733742 4a312a09 dbbfc552
b3da3e45 0095b6dd a9d5cf91
847d757c 908add57 69e6f924
5e588964 b6222fea d56ef168
66ae380e 8d9738df 5447e432
33cdf4e5 60708c0f af2e956b
19d04c51 e671ebcb 23fbdf3b
ebddd1c5 1be683f5 7b9f9089
a3ebff88 8a0c93a3 2d5ecb98
2b7b4988 76c3b06e 241f1870
cd98d2b3 8076bd99 526613fb
2f4a2c95 1333af20 8e6e6da0
a98a055a d5f42ca9 a0d1006a
962e6366 1bebcf08 34749530
cbf989a7 1b989716 0fcb555a
6989803e 26eecccb afde192a
f4888312 c220e249 44e34422
b8161c0d 0ba1f89a 5ba677d2
72fdd732 a2ee090a 1ef729f4
1efe5021 6777ea15 8671bcb5
4212fe1e 491da37f 369f2ae2
21e1955f 86241e47 906d8f59
856ae792 39a47467 fa7953be
ce4c7883 eb8fcd8e 3d18bfaa
bdff7106 2d2349f6 ec8351c4
a31755ce 19102e1c 82d86688
6d462306 25b4e6ee 18e3f394
47496f02 3e71b5ac 4cb4ff58
cdcb062d 1ea6b1db b321657f
abd48af3 50640a54 e61715bc
a9e207cc 6567439d f6bd2c1c
8ee73ac7 f608f14e 49013fa2
ca683efc bd72fbfa f7c69618
96c0ac9e c936b68e 10ec13a4
436a0355 36a7ba1c 80771f4c
5fa05719 63f86177 3fc0f59f
4f4b07fa 01576015 541b6782
4aaae79b f8954f90 b2d21c30
e5fee7e1 e4649c7c b4a96cfc
b628a71e b59f2afe 6962bbc4
9d16a2e7 6eeb5a46 b582c12a
736e8d9c 6b20a4ea 3d456098
7c4253f8 fda9bb1e 89d3ff10
1aea83b4 797547d3 7f15795c
797c585f 385a2ac4 43193ebc
967b368c 0bc9139e dd040e68
59ab4802 2cb53dd0 ecbcfba0
81d9ffad 308e1f19 5635eae5
ffd1813d 3803447e 6b28d006
e9b9c10c c0408f65 3c1eddbc
13b7cfe9 e73cb03e 1f108a6e
f22e8d04 fc851080 332ac200
cb63180b 9531a7db a38fbe69
cff2e88b dcc2b419 c7907193
cdfa82cc 8dfdc5a9 60a354ac
356a42d2 2d6c37e1 e157d892
21cbfbb1 2ce49e87 4d8cf857
a4557ab7 01314fdf bb5b5e69
d3efd804 e16a1c6c 9a7791b0
1a1b570d 2105884b 8c8268cf
03ae7f66 e9570d90 1049d760
f26d3796 c1d859d8 810a0c90
e8f71c89 0f06c3ab 8a026a83
42edb01a 1f3d72b3 c0cfb62e
d43c9553 887a682a b028379e
4c700291 f4f1e313 9d17c3c3
d76ddbd0 d081600e be400560
03522956 7b45bb9d 83c32bbe
9bbf7879 95aba85f 58f01ce7
39899271 56a51738 4b152fb8
a2c7e288 17d81233 d67fb118
066a9ce3 03574b4e 2a974e2a
a5b097a1 69751214 b20a2a94
198bca4c 4f2324e0 1f27b280
719112b2 f9bfb0fa b954a1d4
11e9b143 12ce8079 aa0048ab
6233807f f3b347bb 6a0f15c5
27ef13d4 7380d74c caa0eef0
53f5f446 f97f789a 112fc21c
783520ea bd62f04e ca9f674c
a8bbb0dc 24cbe22c e0d89dd0
a23486ac d45f04cd 1ffe87bc
8606921b 6012789c 2663b074
da4dc647 3f9f3c1a 0577c736
692b6a86 dafc409f 2480a93a
24e70171 6ebced25 ceb4d255
af6e9b34 d65e326c 1211a1f0
5b6fb089 b4254958 1f88c018
ef4d13f6 39a94e7f 26b7db0a
63e36cc6 f2a96ce4 e3266858
038b91bf 763309b4 794f314c
5806e203 1e55e4a4 eab275ec
f5ab784f b2b5f7db 989f2495
7a5d5578 e7e13ecd fde88118
d2a65ac0 e53cd52d 75bfb3c0
5e32707c 1eaaba64 abc60870
9bc13045 45f667ae 930891e6
136f7155 86a920e8 da465508
33d5a363 06bcb467 608a58d5
1aa1ef88 fd109341 2028e988
670af55e a7dd0ec7 d715e012
52cc7d4c fc5d91ba 50271538
8ecc5be0 7e95160d 89a5ea60
a615b313 2ea91b2a 2afd621e
3d6c0fc7 bfefae08 91e2c038
44a5fd85 6d756b7c 2026636c
064b1a31 25b53388 e7c2ad08
1f257ac4 2bbb887f f5fc073c
61a68546 3bc8f4d6 98ea2084
e6341dc5 1be482dc 965b9f4c
3032a90c ba387e2e 4aee4828
6865bdbd a83a134d f88118d9
03485898 301b6955 9b63c278
96ba515b 72648243 5d9f80d1
6bba14c3 809dd7e8 23a995b8
54c97acc 904321ea 5c628a78
63cc5822 6b90f722 334c8284
45d19134 eb70f5ac bb8452f0
687813ae 0dcdf9a0 ae868ac0
2f4d5b09 a7f50242 cb448a52
b66a0a27 b7687c73 4f657385
eee1fde0 f96ab812 391cd9c0
e8245c3e 18d74b68 3ddda330
5dcdfd9b 716b7128 ffea0b38
02fa05fc 4ebb72a7 6ed81f64
c4d75981 0c80f81f 4148ce9f
7627e018 a972377b f8fdd388
8b950784 d189f20c 35bb2230
a7e22dc4 1a9c3ea7 171152dc
cfc54daa c2d4f4ed 8c76ee62
8497ecfa 726dbc45 896c7762
6f3650a7 ce632838 6310bc88
21a71880 e6cbd02c fa203600
0ab73e49 15e35cba db407d0a
2a584a86 cfbb2ed6 0d146004
27982d8d 70541db3 8ed4d297
f0d855c4 f31c92e6 30b6d618
911d35be 70385c39 b0613f4e
0705ecc9 fb400a34 edb3f2d4
51771a11 dbadb38c fcd9244c
6977c12c 53a50432 3dc46a98
d5a015fb 57ef25a8 2690b3b8
69cc641f 8fb96e16 95fcecaa
8bfc4c02 7d11bf38 e2081e70
4398c5c0 a2942223 5b268940
52b97d3d 6c8a340b 7a4ac59f
146a5006 2df22817 25ba208a
c86e5c95 3fa4afa8 f42a9cc8
7d2d7ad5 7b604a7b b13b9657
bb3c9a4d c33515f4 075c6264
92797bc1 89266458 75bfee58
16c8603a 56a69628 d94d0510
44d2fdde 8b38996b f079c9ca
51f67ea8 ce2b3a10 6e51fa80
c87cc18e 7b8cb68d 31f98f36
58b33aed fc5560a5 3e4edac1
f73421ae 8d20026a cf994e0c
cbf39474 4f5255c0 3021db00
b0d56336 db1ce4e1 83d04a76
88167112 5a63c31c 088b13f8
b13fb0d8 2e97e332 37a81230
56b68d24 131a6034 13aa2b50
1a2ba47e 7549192e 74d5dca4
dbb6f76b 6f041779 8c618e93
75a4a698 ca35b618 8357ae40
f55000ce 736e8e83 cae6ad6a
bb62f10c b645f04b 2833de84
930a65f9 343a6f02 56b5c2f2
6d54e37a 3926a4ed 876cbff2
afa6229a c3d6eddd ab3070f2
3e0c74b6 d150ccf2 a3a75c0c
5a6ae931 75968472 6b8f1bd2
51d3d881 6f8cad64 759bbf64
d18d3551 68283e7d c184a68d
f32824cc 867369e5 49a4967c
18e0bf2e c9813042 01f7e9dc
0645f5cf b6029608 45d4f878
5a4a0c77 baf250bc b0c45764
aec07c1b ea7e5e67 c04dd8dd
70104df0 d8e9107c bc34c040
c292c576 05c1c267 aea6de7a
f7d92738 cd1a2f2b 535cde68
aa91acfc 3e285d5c 4791b690
aa846fbb 09a6c0f3 35c44e81
24a62fb6 5f8c4403 3426e722
95c516b3 da2cff68 7e7185b8
a0aa965b 000cd68c 833e4bc4
31f9699d cf820d58 6cd346f8
06a151cd 4a72a118 c2db9838
ad9f4215 657512e0 9a984c60
fe46d0bf 8050868e d83bc3f2
a58c5ef7 2e235f2d 8eaf5a6b
33661310 b0a35c65 194f4550
ded3245d 54d71130 db1bfe70
514e02a7 d553153b f2574f7d
576056fc 6c1a619b 8de22694
d03e6c91 3eadde9e 24a9bf7e
cb4b5a3c 317f0daf 0bdbbb04
ee5f9415 778760e3 105b2e9f
e27e124e d52c4e1c 3ac5c488
009afd80 3bb11ba1 7fb5ed80
3a8ed2f8 e3d8cee6 73551ad0
953645f3 d75d20f0 29e6f3d0
3b55c13c cb1458ae 7b65f6c8
d9e0681a 7180f4c4 3a087be8
bc8092de 2d30d773 38ba6bba
c18ba2db 0a7fcc9f d425aa05
f1a4b5eb f0543848 ff3a9218
b52a290e d67a8ad0 310ee760
f6a2e47e eeac66f0 c8686a20
776c72a0 23812085 3c4b8d20
22c6aea5 775ed7dc 9300a8cc
8440047e aa68dc66 348e1234
f2dff75f 5a44b74a 69ce6a76
9d3dc4a0 3a2be06f 80b44160
5278e154 0793b580 62fd0e00
1937e00d 289706b0 d55556f0
2257da2c deead637 6578a774
1f639a72 c66050e8 a9479750
b5ef6903 1ec91300 92263900
54139fa9 986cc6c5 93e2930d
6f4266db 94200242 ab4c3a76
f9bb3ec6 e377b1ca 44306e3c
550684d6 c6b6d5a5 2dddabee
a74c0c5b 82199445 7986f087
595bd045 35f724cc 5a06aafc
62b7ed03 160214ba 342c702e
6d2ea70b 329930a6 87256122
71cf3794 350dd951 1f3109d4
1dec5ba8 28dee432 157b86d0
a44b6c34 2d0b0b96 4c13a278
8e655e41 5f3efdcf 44db738f
1c94e04a cd73b8f4 4258f688
f9752ab7 1fd36267 96533da1
fcac6f18 a4e56a61 e3ce0818
46615df7 24815791 098c29e7
57342568 edf62400 8f32a000
c7d85759 38ef0942 24efa5f2
81959cb5 db2589d4 ddeba2e4
9109cf35 f6c7446c cb607e5c
c3b0b374 7a62eb07 88f8642c
c06ce5d5 07870684 cbdc7fd4
43ef6894 4733b4ea 4fd9a748
7cb49bdf 5524f714 f6dc566c
cf79caef 0017b014 2c812aac
e201e908 53fc5a69 5a956448
ddb9d47a bfdff49f f1353fc6
ccb80541 81859134 4c1fe234
a8816af0 8fa0ebef 03fd2610
06af294d bfc3c324 45be75d4
5da011f9 9bd3e984 8a1fe564
b5852144 c4aba75e c80192f8
3e31d47f 05ac5b89 3f87dcf7
101ec5cf b5f1fc70 eb0d4e90
980ed82d 2c10167a fc76e372
c4b1d722 38018fd0 6eccc9a0
ff031b6e 5ca7d9f8 1a04d090
ba6c13a1 4ad92e9a be03bcda
72dde967 767eeb7c b3709ae4
0833de21 096525ea ca88cf2a
ae0e7a56 c974a4a3 0e8efcc2
e474c7b4 e3e07ddd 97d34a64
849c052c 12096715 ed6d209c
900a84ed 90b33ad4 ec8ac644
179a9a9f c8a9ca09 1d67e597
521f7012 37fe28d9 9604cf42
9793a78e 6cfc5266 88483e94
cd8b849c fc89ca9b 11986274
53161279 846f8450 bee329d0
d4edde9b 040d9c89 a0d194f3
9694462b 1ba4655b 82efe849
8e111833 dd7a0c6f f5d9e21d
3370d614 9ed4dd16 7511a9b8
b1f22914 4d4810f7 64d6e24c
23112147 2234e24d dbf3b05b
6ba274ac 95e98312 ffac3818
e2f273ae fd51b369 2c621c5e
de2fe871 febbf21f 1a12f7af
f1cb4496 b4d2b1c6 48aec204
3192b67e c057dd5e 603bc844
e78c4fbd dbee1796 1816b3be
77ff5a31 546df17b 8675768b
2a194e78 6b4669e1 fe3d2f78
e5798cb8 5eb1cf8c a279bca0
f3432825 c4e0f800 8343d800
f9247991 21bf7188 d9389608
5bc3fbee eb479184 abc1b4b8
39941027 726d332c a3458bb4
ecb7f594 c183a4f3 caaceb7c
b6793d24 e32dc2be f9a4a8b8
eced809f 6db729c0 6062ee40
babb060e e327263b 2222793a
fc10fb67 7eb25cbe ae919a72
bae27ed8 bf0c39fc 7f52f4a0
d1e3e958 4d48aeb5 677dcb38
ec4064ba 3fea1f75 9da48f02
6e036c95 1589282a ea441872
eb7af428 3f30ce35 506cbc48
69e8f4d2 db17fd4b e6114386
f604a162 2f085fe0 050093c0
8acbea0c 951546a7 7c00f5d4
a40fa769 831e7757 6171b3af
027ff6a2 9b35e377 c6b74b4e
56e3bcd6 ba1ba52f 2317994a
466566bf 7c1b3cf4 36dfb20c
031245de ae88c5c1 627a825e
50232394 6d8f6ce7 06638a8c
41d79d43 7bd077a8 670958f8
1bd87002 e7099481 e6e39902
416f4dc9 565e5643 9a10e19b
dc414427 c0af4325 c0ee0ea3
372c9673 8bbc8e2b ed650f51
b32b1983 01e0fa79 9be8fceb
fded7619 cde45c2e 2a60347e
02531423 a6635373 766264b9
b609c223 5fc02edc c8852014
2268fce0 28cc3c51 00fc82e0
2f500f76 a894ad5c 7b704c68
4ed527fa 67101d23 024bc92e
eafd304f 821dd04e e757e812
e051e684 b25b8476 598850d8
177d77a4 73fb3d10 57258e40
ca457754 97d69e40 bd3bad00
15a6f4c4 f7b8dc40 ecf5a100
5bd39232 61688478 78de4f70
fff2b8c7 e91d638c e3bd01d4
e12f2f06 b6a3eb27 d32cabea
1c184d2c 90c8418c 93426010
912bb38f c0f3dcf2 7a5ba12e
6baa9a7e 135a4610 0b341be0
acd3ae70 1bc59a07 1ce92510
dbd15e9d b4a4e34e a1440ad6
8ec2d65c 2af33cde 088773c8
eea0417d 092edb82 6edd307a
e57a304e ac7a379d 697c61d6
29d97a83 505d528a aa11009e
0e94d324 fb4f7101 33e3b724
32af3dc6 3fa7d6c3 1f4991d2
8206760a d34eace1 d40876ca
b1e9d4d3 b3873620 54641c60
dab5602e 9b321e46 b1d9b094
bb27f9e6 361688f1 6b287186
a782b4d9 a150a5b8 a151d8f8
99d99f15 1c3c5d9a 30a053a2
a7736adb b3665c16 9293e2d2
666da13a 265f73b6 81e3ad3c
a9ad3759 5e993f74 454cfb54
d6152c92 b21e2be9 24de16e2
db4100e1 610f97bd 84b15d1d
b7f686d6 489bbd05 6ceea02e
acf51fb2 c9d33491 a2fd1bd2
1284c454 0659425e 4091bed8
53f5761e 514fc647 13b0f652
74a2e62d 19ac4ece 8872ee36
4e9b3903 006f039b 21f38dd1
32c113db 46de9f91 c49b440b
5fea9435 bfd2b346 5e3f957e
d55ed3f5 07a19aa4 bc562af4
44682735 5cb37d89 ecf0dc5d
ef7f3054 a05b0426 377e7c78
019eb6f9 71895a75 5e1e29cd
6c055de7 ef7e0ac4 ca78eadc
b8a72bdf 8379113f 64749ae1
c13cd642 7bff99c7 b415ff4e
030e0b38 830ce9d4 7e774260
1d7ab8fe f410d2ae 5d0a18a4
121f988e 869e72e2 8d77e95c
90ae12b3 c2acb2ed 306bc5b7
183f3c2e e3fb1fa1 b3286aee
6578aece c12bff5b f29f553a
48401613 d691e09b 34e0fd81
1a3bfa27 a4267716 4039a05a
5febfef2 bc81c282 bcfcdae4
6f7db472 17c8ea7d 8e614faa
940fcb48 f295cf55 4f85b6e8
5863b483 6aa77b8c 3db6a8a4
11a34fe5 ef8c07c3 62d11e6f
5437186b 89d1bf81 bd5622eb
b1b077d8 c0d3f5a9 f738d598
00ea73f3 9ca32f89 707aaa0b
8596c3e6 563148bb bf3fc902
04ff718e f94424f8 0b25f990
dd3d1def d5f9396b 0cacb9e5
32587011 68d0e2d5 ec544025
889b20b9 a8b02b45 c77ee4dd
1763ed7d 50cf7c10 f55a63d0
8c1bcee6 443aa2ba 5d3ddf1c
caf743fd f75111a7 70de270b
ea221823 55190a9c fc231354
ca2a9834 adcb49b4 2095d890
e4c8d264 4cc19f30 edb78ec0
01fde7c5 7c48960f 7f16028b
ce481f6f 2eb2cee6 2b458fba
0c8c0205 62c486eb 43687897
dedcd7df 49d498d1 6e24a50f
ff0f1f1d e5ba21bf cb5cf3a3
b7b7b884 2e882a60 c74ad980
9b387062 d8a2b623 26a10966
bbb46da1 bfe07ac0 cf70f2c0
16362f4b cee9b6bf 7d4f9af5
dd09cc14 fd2743dd 3cea6944
16609388 bc588908 f8b86440
3d1e1dc8 858a4b59 0801f288
452376e5 d8269336 d0be934e
b0057bde feeeeb2c b60a1428
64c2e918 02c9cba5 b44e4478
62c9e058 cfc0f921 813b8358
80821978 e0b9b65d 95169098
c0d87731 d916b2a8 d8244a28
d6fef511 632108df 69f101cf
d858e4f3 e38f9fcc f9c65ea4
4883a49b 12e2b95e f92073ea
0d6ac205 ec15ced9 ce077c3d
18258c3d f57c2841 4dfe237d
1d6d886d a35a4e77 6acda0ab
bee50520 d8f4e54e e9dd2fc0
159189ae 3bba78d6 629ea774
c1a92b93 26aabb9d 19321a27
00757294 f383a63c 618ed2b0
afd9009d c10b2089 9ef3f405
3f500c42 32c583a3 99079406
a51b2b48 2f616fac 544d4c60
c2a248f2 5a44f1d1 21715f92
a7910651 51bf5bfd 7f01090d
12f16492 3cc4b3b3 3fe36816
054f0333 c66d2a84 81fb044c
61f7485b 5b79408a 2d66c10e
e831ab26 1416f0d3 9ea7b052
76e86032 3256e65d 0da3de2a
43461245 8bfd6b14 104d4464
787cc1d4 a69ab1e9 fd17fdf4
d2096be4 c0d28fac e2a0d930
3503bc7a 6c26339c 7eef2858
1f977141 339119e6 44f01966
eb20948f d2065ec7 8639fd29
6c90d0f3 cf6ff176 75d21302
719ca25f 95f598c3 3aa3165d
4f97e214 76c9f6b5 f3561024
3e95219d 67bfa16d aec60cd9
dca89456 5dc4da6b 989f3bf2
cd703c9a 84233586 76599a9c
4109d699 c228c129 4f44b781
b9982747 997c0eb7 734df5c1
eb46488e 64a80c5a 174c29ec
6af0c24c 8e39ec95 9c2b263c
fb20f987 a1652cf4 5f9408ac
173f2478 02ab85c3 cf331f68
d6758507 54ef811b 53f68ebd
d9ce55a0 1d73a315 d551e620
40938e2b ceb380e0 4a42e5a0
46de7d17 839787ae 0cc126a2
459fa677 a68c3b99 9adbea1f
22f80c21 8155cc75 4cfcd715
cfa485c1 a9485ae7 3bc28b27
b2c8cec4 6deee66a 1f21b528
c9bb7a24 7437a327 a810877c
a4618037 e76ca5f8 ce4ba848
42eb35fb f044c5d1 493d38eb
164f1c29 632e63e4 60b6ef84
422adf82 41c10f44 997dfc88
c9ceed79 684cac8c 0ca32a2c
05072dba 82a519be 5bad1a0c
888f7fdc 87bad801 86491fdc
5248ba31 62c9b781 6637d9b1
49dbd548 28c0eaef 1b2fee38
55b2b6e9 f648b7b0 03264f30
97756f37 f7c6959d 524a37bb
2b3f54fb 3d5b1302 0e064af6
28b751bc daa8da85 fe378eac
d97d4b3a 5d5d8690 51ecaca0
c125cc68 1e077821 64881968
5c190788 30a724c4 71f0e420
3fb0418b 6931888a 86702cee
95a5d2e9 2481868d 44242055
eeb737cd 5a80844c 4faa44dc
c9c22937 0ee4d2be bae5b4d2
716eeab0 e9757354 7e4211c0
a27327c1 99afe233 8bf84d73
5bf790ce d9a410dd 3fbce1d6
b594f2c9 13411847 e31b2dbf
84960e32 afa36509 14b639c2
06f5a56f 7f3e7534 d063558c
ac878ce4 b29fac22 0645e648
df1fd19d f936c174 03905824
7c1690b9 15b935de 0a38cd6e
28f8ae93 d9ab07a8 e7299578
4da9b3fd 9a62903e 5d31e746
31406a4e a9c7fedc 5d76bf08
d706fbf5 bae59810 fa323750
bc447134 892cdf9a 28b86548
4c1f215b 388583f4 b8045bbc
4d73d943 cea2b33c 8e76c4b4
205649c3 89ea381d 51270317
70b523fa dff20253 bd569e0e
f9dfaae2 27e11f44 13bcc208
c1c4ba5c 1583394f 8247fe64
ef80b34c 5bc28316 54674c88
130b155b dd7056bb 89152b79
ecef50d5 0570d681 f859c955
e9b06113 2ddda2ac c4563ec4
cf92b892 9079682e 445a7a3c
20ccecde fafa2202 95db55bc
de6d5f8c 0d562268 182768e0
fa63ff4c 16d9b144 957f5c30
bd86ff4e bda3cc2f 83e50752
83ba0ab1 2f521153 fbb93863
57ca794f bfba9313 dc155ddd
e0e14b25 b524c4ee 49303066
9938fc79 f4de4557 b3586a1f
52b1f085 d0ddc356 04cd1bae
150e0fc9 eaa96d2e eaf06b1e
0473c97c 14325113 01903034
b3b6577a d097440e fc2b30ac
4bae3daf 61e02bb8 f1b8bac8
21d897b1 70d03590 910cf890
4e98b84d dcbc1211 79a5a71d
76492afb 6d3c5f9d a3a680ef
d8d9d0d6 414c8290 ec1a2460
79632dcf 284ade7b ea368475
20f6f444 f2ddd77f e85c49bc
d416f1f3 161c25b4 c9ae3ddc
aca9ff34 66bfc09c d6ca83b0
8bc50b6e 62a75b44 bc292338
e5fbb9e5 57ae5970 4e67f130
67bef8be b6f1d3ba 06a3540c
631b7444 e3a55181 dc731a44
0e04cd26 00518045 16e44b3e
b21cfaab 404e7c05 a415b957
9f291728 47cd0b3f 92236ad8
f28f0b1f 4065efcf d046ef11
0201cf49 2f557b59 cb762361
69b20e82 c6605a4e ca1a1f9c
6ff8c4cd cc25936e c3874716
6a53497a 28aa74a1 76b07dba
0b16f9d5 fe5d3092 ba536b7a
d08a2252 fb3c3451 7be583f2
0b002f21 cbd8da8a 051381ca
a3e2bff2 f1f41a4d 175a4fca
5001ec9f 89edbb72 2ee683ce
6cb44b7b 7dfb836b c2947d69
d6838d7d 78b9b5ad d144fe79
34457bcc 3a834d72 be917cd8
82f1aa57 cbcd2fc2 fe140eee
4447f8b3 fac03e45 29e1623f
9c2ec7d9 62c3f523 6bf2ffab
8b50be0c a086488b 54929084
aad722c5 487b2e04 7042f114
1870654f dd938831 c2b25c1f
a1f5e58c 689a3e2f 3ff50cb4
a9841730 e1486c02 c2506e60
11580326 f07c4595 f77b131e
f81d3cae 56c6cb0c 3310d228
d9cc64b7 c4df892c a8703e74
cb09d063 91d37b0c 102e55a4
c953bdc9 1c906a4f 8a7ccb07
80084086 cd9d7fd7 7f1eaa8a
ea543b7c c7d11e26 9bb55c68
27aecb19 fc11537e 4c8a114e
be645536 64b229dd c5cf359e
fa05428f b7cc4d65 7c0c456b
1010c4ae 41d90d1f b182a712
a616ab86 21326c97 4de7b40a
f92421b8 584a274f 62796fc8
244b6c64 0c0f0bd3 31aea26c
8f239172 1d8f75de 8aff3adc
e5da5783 4f93b4a5 587b836f
43857ab7 f08d788c a54fe414
35c31c64 6c2797e1 d976efe4
b7bcf69f a9c33027 3e246239
cb581bea ea0b1d45 e0f70812
f114169e 9659c781 89a2379e
a70dda53 eafd5eaf eaa9b8bd
0dc90ea2 ed0a835e 7ea4457c
d2386068 ff4f0755 af72da88
493550d9 58cb737e afa245ce
9042ae7b 2bfc64fc 77dfcd14
b88c031d 36f21415 23248561
fa681ff3 4df20df7 2ecc2a75
8d274633 783dcebc e57b9774
251035fa 54dca4ca 0c36bf44
83012ac9 c3d42658 be348b18
8e0f9192 b503f3df 7573642e
c089541d 5f8d6fd4 142b3b04
30e9396c bc085b0e af8a87e8
8d37297c 81ffbf0c 950d75d0
0cb5b61b 6dcd545c 83ad4db4
fc29e8ac 0b700637 57b504f4
05ca90a2 f810536d 1e441afa
8a808e5b 0b138afe 320b4c4a
2cb0a5fa a0b78efd 0c5ab412
4655ff2c c8cbb1ab 28c2de64
66f98eca be648705 50144ff2
40ca5f70 f08231eb acea0bd0
42d83358 e4605cb9 a1b0ba98
4f03fdf0 16180227 80178f90
7fcb4450 6514fcf3 4b7097f0
f4d9952f f73e5930 080b4fd0
358dc220 3b083271 c47cf020
2c324e1f 40e77e7c 68ca1904
0afae967 84fbbffc f71e9a64
ea6742b6 ef08f901 59fa48b6
c87626ca b5f482d2 3b2665b4
d49f1398 bca3cd5d ba42d638
264947ba 52e0a95c 796f90d8
7100f49c a20507e7 7d98fcc4
abe659fb 6d15fc03 04dd21f1
88053f55 0c60aed3 693ef90f
bb79c7bf 0ccc9c25 6e86429b
31b8093f 112101d7 d9b802e9
e70f3950 fde13dc9 7aec0fd0
978a3443 ced4a1d4 9acd6a7c
9ca4645f 85d2560c 425a9e74
9605ee64 48c243b3 3b51dbec
71612f02 82007da8 dfbad350
033817ea bd56468f ed7b57b6
29ea4e1b ea9975eb ebeb09c9
7b3007c1 0c36a4d4 77740fd4
14f7fe3e 92bddf07 a905f5b2
9852cad8 13bea5ab b05ab648
30a57700 ca035847 c3cc0100
af44314d 0c276f14 616f3d04
67aea4a6 1d5d093b a757c842
a858aa71 b839ebfb 9e8dd7cb
431080c7 579c20c0 76bd7540
1fe4d874 52df20e6 f7b4f838
aa10e9b9 0ee52afc 5f7b6c1c
d354e14b c72f7456 1e5eab32
36036bd6 cb071ef2 1ab9044c
0961fd04 1f4086ea 9b015da8
de5df81c 837abc50 10ea18c0
c0d56f54 d90ebc92 02132de8
c4524bf3 62d23522 6ffd6546
ca6adfca af045245 5fa50572
6ad1180b f29adebb 36341a09
f3780c77 cae3d730 6c7f4750
cebd2682 aaf5f0c1 5f1de802
c1793522 2bfea539 a0f7be92
f0cd59c4 0527cfb7 af3ca71c
e879269f c7d2a5aa bdc62096
90a4121e fe106b81 5c1fab1e
0e749162 edc35d5f 2db88d5e
970a5937 8f7655d4 5c8b248c
7ee723c7 a7fa477f d0ecf0b9
0454a030 70e9d005 a37e20f0
50733268 e14ad1df 1a8fd098
d1fab645 e8cba589 075d03ed
9ff2891a 501d379a fb4d0fa4
ee263645 cb44a1c1 b4444f05
c1833945 91d306bb b7117367
2f8a7020 c8f33458 e4bd0b00
b6998543 a50c4a5d 246ec757
0c026d59 7e2b4c94 d5d0a374
de8e926f bf59289e 5c76b882
4b55917a 67fc83fe d26fc50c
f8957f19 f1443bb4 890c2094
0c35bd9c 718956ca 04960518
be10ce5b bd7312ee c4033e9a
19f24690 d229c308 c861e480
dcf17a46 800d5590 aafc0560
d1400ecd d96b8972 6b214c4a
8323a6ad 86eeaaf4 2d7fbee4
902c240f 437193e3 0777964d
384d6561 a9db6a1d 2fb9a5fd
5d4c92e7 15457ed9 517937cf
25f949b7 b9e73012 2c7a7ede
64bc3fc9 ddbd2cf0 67d75870
2350510f 14a4c5b4 bc75898c
a257397e f7f8770d 0e377d66
7e30c577 f367078c bff33e14
5af913e1 d73906f0 8412e8f0
58a450a0 77fb1a09 3ad715a0
f3b2ca8e 9ee9f693 bd8cc38a
f2a45fda 79f92dca 9f96f404
faaf2270 4b29f852 496587e0
5cd21fa4 263e0c83 5ab9e0ec
14fe3b31 3dda9cf3 ee1e0b83
29ab3a7c bbfba911 b98ebe3c
dc452094 479e4d19 74e4b274
59d6e963 0dae879b 627c83f1
25a4fe8b c100ef46 1fc15f02
f4a59fe9 ad630584 ada10124
391c0167 47c4e840 4c21b1c0
8f716b9d b24026f1 f0ff9ccd
69df377f b053b24b 87289035
235b7490 7db87268 2e8f7a80
5f4a45c5 102cce3e 25fd6bb6
c9d3dad9 8b5276f6 84f65286
8b0216dd 9fc054ab f2a5c99f
db9890f3 ae05ab90 6d62d9b0
041bfcbf 07736c38 778cddc8
1b996d88 b532b0c8 97bb1240
6e9e5c75 423c0474 6e9fb904
a4623af0 04445cfe ce64ba20
6954aebc b5ad9a32 84b338b8
46a87104 0a508f06 3853e218
d0798eb1 9129c4fa c34ddcda
da52e31e a0cbe076 01b8efd4
a6321418 eab8be6f 9be08668
21e8769a f4c1b5ef 35fb9bc6
bdac1ff4 96d0eb87 f559d5ac
9b8ad964 fa08d78d bb2cb814
bc1cc28d 1d938bb4 91d25a24
bc51612e 9202150b c2d3f2fa
9033765b a356cd52 19d4c826
626aa926 85feff18 0a30b590
d660c6a9 550be77d a6c67f85
ecec8feb 13355785 b876a217
f38c9423 02f78930 19678190
4db3a1e5 0be18e45 b67ca8b9
36225db2 d112ecfb aa95f586
314ddb79 aa65c139 9d8916f1
ae4db4e2 4f5e2ba6 3cc1408c
f6dbc8b9 af795a46 1b1aec96
3d2d124f a00158a8 162e2bd8
7303c7de 0156ee14 82b00158
8b8d675a e0e0e0a8 7dfa9310
6a9e4210 2707e2b4 ec089340
8c74cbfb 28b9f34e 4998677a
5ef349f2 b1b6c28a 713b4074
96373932 ca286d9d 07085daa
fa62c865 00cfa085 dc3c3c79
c39ed773 3d12af6e 309e306a
f6805721 988af12c bfdf0aac
6bd4ea7e bcd22bfa f4ac290c
2644c157 ea0664a4 6d9bd7bc
33bee1d1 aadc6b49 636cbf99
3b40b10a a1358a1b 1054100e
c5167914 d1a2d5a9 c13b9234
391f5081 cf877375 ef80bdf5
8faecd34 9bad53ab ce6eedbc
ed6064ef 09d6c14a 10bf5c16
6bd879fb a187a0e6 5f177782
3cb22d61 61e9e3d4 50139754
e3312878 2454ee6d 96edcb18
faa2a45c 37debf69 711e0dbc
116cc97e 10eee882 a2fc81fc
d2965ad8 62a0c4d2 53e3e530
f96a367b 94598e41 4af30f3b
4be14dca fb687df2 66072af4
5bb4e58a 2e9d55b4 1d0a3708
3119d9f6 94156719 4b664306
3783dde6 cc0df37a 2d27119c
c4fecde2 b295c054 b68f0e28
71126e4f 75b8d612 bf49cb8e
4f2d5d59 7caf22d7 715637bf
5d52f0c3 7e819413 2c9b9a79
e84bb27c 0959e58b 40ded554
ff2be088 b80f98ff 21fd6778
51d197ea 8ae2932d fca71222
446d8a6d 29a24141 3defd2ad
44f3423b 39b46724 46570d4c
c8b3dedf 5d2da8e0 d7d85b20
e8a5d0f9 7d7cdec5 a06dbd9d
315c6843 73a2e2c7 06463215
1ad099a6 266c7981 91c4e2a6
552e35fa 2a0eb3cc 283cd138
d488d8ee 3a3a6885 152563a6
d8eda45b a401d26f f037e975
f338bafe 329c7251 c700465e
6b8b9200 fc7e2199 203c4200
0b14c33c 4894f12e 483690c8
0bbc1959 c0d1f208 9f7fecc8
ce77677e 22e1ecf2 f205fd1c
5ff11405 dc1f4d24 b98751b4
2b9c97e9 67f824b3 6c92fbeb
4825a144 7f0003fe c239cd78
199fceae 4bcdf0b0 eaf737a0
ea92a279 aa4903b0 ab381e30
6e1faffa dfd86b87 92334ad6
813eb34e 6a5ece5c 09753408
332f652e 74c2af11 512c2a0e
85ce146b d9e45406 a3d39682
40f1ee69 7cb27a45 6dd54c4d
f0667a7a d00c9410 22ee2fa0
dd7f4c6e b04a7387 b542b802
b7f4c0d2 01ca1056 0ff9e68c
9071d491 0b1497f3 16c24ca3
bb0318d9 0fb60b98 8d2e13d8
15af5636 df2b667f 236748ca
5c9f9792 2d226e52 09a348c4
e193a72e 167506cd 752df3d6
ca88343b c2883c09 805faa13
50cef8b6 1f1b7e17 6633ec5a
625e73d6 983f7e75 03d844ce
23ad22b6 ecff83d4 7f6de0b8
00358afb b5ea0570 a391b4d0
f337aa46 1f02b231 10984366
2f3ae815 cc2a8d66 12be095e
cd1127c5 c1c729d8 34fb1b38
2db16ec5 d1a4eba6 4cf0aabe
748371dc e38c29b0 7fea8340
8b51f5a1 b54aa00f 38dc046f
2f52e55d 2582186b 776095df
47f6320f 536f34b9 949638d7
23a5e737 c267d814 792d784c
00f9ea53 00e562a6 ea00b7d2
5e3f7cff 8a3581da 96d7f026
d6e196cf d9ca9fbf e5501571
385811c3 b6289c5b 1a992451
6ec9e7d8 487045e2 683be4b0
64bf4b50 2fb4eceb 7947e270
83d7ac4f bf1a05fd f388d513
36d7cb47 9adace89 cf84eaff
0c20deef 745f2312 5f7b59ce
548b691c 983c7ebf f44f33e4
fab3ac09 a19721ce 0810983e
9489de93 201205f2 220345f6
73b71c63 63731524 548d1cec
4b60ac39 ea584cb5 4c12b04d
b77f7115 2759c562 d41b730a
25f12adf 68a577c2 156b25fe
9d1823aa 5159a7c4 35d93428
7fe33d3f 434c9e33 65c6158d
118d3c47 4264ab9d f49d648b
803eb4de 3fa07788 f42347f0
56ab7f83 0cecd99f e45e3d5d
02ad640a 153977f6 4458c79c
7314f5c1 53389e6c d1bccb6c
3433451c 0f1d2c38 b343ee20
1b5d1cb2 311ff84c defef4d8
afc05c88 7f63b805 f1db8ea8
8db12911 94c6b27d f534df4d
640b8a34 fba992e0 573e9580
b4592f2f 7af664d5 a1cc9e1b
e0719620 138e0879 4820f520
5d9646f4 cb7cd9f3 11fa2d9c
86bdf8ac 10bcc157 61592e74
e41a16b1 3f3f3725 b7344e95
44333ced 33e98233 45da7d37
7399489e c45d60e2 e1f35b7c
7c82a621 2536769e e12bbe5e
5c4abedf 47aac516 0c64022a
8f7b24a9 d71ec6f7 e8f9150f
c999ed28 94ef02c9 060d8468
df2d6fcb ce30c5dc 12234974
69a44d87 0a64b9b9 a27e958f
48893baf 95bb4324 91c0319c
c48d0c10 1d8a747e f7832fe0
b4128749 fc81b008 655f6a48
462c63fe 1833cc6e 425b5f24
717fd726 7a73755a 1658015c
3f48b131 ea92068f e5b4205f
860cf851 98112e65 cd1d85f5
3565ed3b 456598fe ff43688a
1222fb0d e7188abc 713d5f8c
43bf72a4 fb18f04a 9c30e368
164bcdb7 c3f83772 e53bec7e
4cb5d49a 32970da8 0df55710
540dcea3 09e21111 a6898bd3
4f873509 885660ae 5acf6c1e
edfb9e89 16653013 2973742b
c38ca5b7 4eb850fb 8c37aa6d
42e913da eb34b2cd caba7992
e7af67d8 be23278d d6f619f8
7b726b51 51f58d63 17e01d53
03df08fd b5b24011 24f8d8cd
782a40f2 823bfda0 b85dc140
15840381 02c8d618 1e162a18
4654b6e4 772ebf35 9cf5f934
f5ff1c26 00af32fd 2e983d8e
881b22d6 0fffb655 b8f0b50e
fc286297 19ee0f14 78508ccc
712924d3 6c430972 7dd6d0f6
55563c62 b53c662a cd2cf414
3aba4a63 65270caa 1f4709be
3f5a43c1 6a8372fe a37e2b7e
c57ebeb0 45e6b166 1477aa20
974251a7 3f4d1d3c 9f060e24
dc657123 b3a284e9 f7d004db
7ac7d80a d2c9ede9 96bee31a
decf5580 8023d8a6 1b157100
e68ad706 46ef0a17 85798d8a
12f559f6 83ef1c91 7178dc56
ab1312ef 733f5bc7 c95facc9
13248a2c 05db20b2 f0519298
5a6864ce 6ca56f5e 56d055a4
209b5872 baa3076b 04ef15a6
a1f124f6 a696c149 26c50026
1fc7912b 98de8db9 4d769713
1681e7ea 44e83d02 755691d4
bc64a0f8 f539fc0d cec84c98
ada5c068 fb6c5e42 c541cad0
d891be9e 8723fa48 9ebde870
e8ab8da0 226a46de 91be90c0
b67f13f9 dc24c4ab fd30fb53
d4273ffc 1dd1a822 b7efdf78
49d141f2 d822d8d7 8086923e
75277fd2 10e1f15f 208f20ee
8b9939e7 7fd89a2d 2aac239b
65d106d5 a636373d ba3463c1
76566c3a f3fc3939 2e6f02ea
7b4ac650 9035d214 07151e40
8477a7f7 eeb39318 345f9428
09e358a4 6405ccdd 7f1a3594
25fc9bf4 1a2e1a70 143302c0
c59506c8 96cb606f 1ec0f0b8
dd852880 4f61ef82 a6ee1100
350d4e27 856f5c1c bb739044
1cb87039 ec4c8d0d e81917e5
3be06806 5cae1e54 cde6d5f8
e0fa901b 6e359abd 4343a1ef
717a9013 b325c354 b3b4bf3c
fab177c0 18772047 60703640
7f16640d 7f340410 109a74d0
1db89551 8f449cd3 e2a46dc3
c3dd1273 6ff2db24 f794f92c
1ea65d32 b56e1eb1 156e4b92
b23fc6ff bf60e503 04616ffd
ff05f8f3 e4554419 9264dbbb
be988ae9 c475c96d cc811635
d052c468 e302ba1b dc3e46f8
6cf29859 3e3750c6 5c5ca4d6
0ff4c38d 7d8029e8 48a2ccc8
39c9479b 9415e9e5 5ef020a7
dbdfc8c2 90e90794 146f5e28
c9eeeafb c850b588 b9804c58
9304d784 cc9c4288 de928620
33ac90cd c2114259 6bf03145
7a4e4006 f8baf532 1aea3f2c
d19e37c7 dede6fa7 48f7abd1
1be7cc00 55dc9170 cff54000
e7306c65 720de2f2 c698a17a
140a0251 007020ed d0fe44fd
b8b3506d be7765c5 2962e4e1
04abd189 6a730614 3ee094b4
dadc36f8 987e464a c8bfb3b0
509e0fe3 4df03128 058cee78
8d2b4ea8 9fb5defa 5f488010
0b377d01 4ca53108 d64e1908
aab865de 2098fea8 39e51db0
ff4f4cc9 52442841 fe85e709
4d5de81f 98399319 915c7807
d6898913 493127cf 14babb5d
26ba6393 279d076c e5820704
09621a3f 90de93c2 a40c10be
aace1be5 dce28a88 44b243a8
45521336 6eebc014 cf640038
b7006703 7d96be16 d93f1442
10acef3f 5042e32a 72c21d56
2221597d e2324b21 ffee281d
50e70815 f866b6ab da6f5407
84cea357 72c433e9 d738ff2f
3d7705f5 444b61d9 05ece1ad
205cffe0 f809a5ab 8dea4aa0
1c972534 92d0d4af 98617e8c
5dd5428e c778f3f4 72003958
0fef620f b641c441 e2aa61cf
8aaaf566 7e034d77 f579c06a
0783049a dc205a94 529ccd08
85304093 f99f99ea aaffe15e
5120f8e4 391dd0e6 a3acdcd8
0a1caf90 43fa3b45 78d181d0
05a91495 b681a9a6 974eb59e
9500f466 1dcb4fb4 6af951b8
b63c7149 8653a6a5 97155a0d
2e1e293a 842fa3aa 4ded4e84
922f196c 8a6caf24 b2906730
15c60fcb e09f7c18 694ccf08
773b7a3a 0d1f16ea d7e4b504
d109220f 111921b1 072b7b5f
30675e7b 7e929572 242ba9c6
76f853c8 a4ddeaec 1d2a0c60
e7315eaa 5b083346 70abc07c
4496bf91 0aba51f6 74d2f656
c8560172 7ef0d7b6 1f3bc50c
13e3ffa4 8ebecd51 929236e4
46281671 c72c61b9 95e508a9
c6cdb4e2 032f5069 ae63d0b2
de258987 148f145f bd159519
4a7931eb fe0c9b46 3f60ef42
69413977 b50b33ac 516250f4
54df5409 b3eba4b0 daa28a30
313d4f9f 7ee83fe1 c7931bbf
54628b91 f263d571 48b24001
d6d218eb f59b4f21 840ebb4b
92f9255c 827a7d6a 083f6418
d7fd4521 c8eee4b6 2c4e8976
921a72a5 d3640839 22ecaebd
ad605bb5 fc06766a 866966f2
8e097265 caa719b2 00a0673a
36559029 436b93c2 4ac1ca12
7d94d995 3007693f d7f2a8ab
582db578 93ee81f1 a9094df8
3a9d5728 ac46d112 4827c8d0
50e2184c faa49fe9 d38f512c
eb75f03d 01bda825 07bcc0d1
f6794272 3caf2987 89844c1e
f7cca730 4d3c0021 90a18d30
8b704c66 e9fc57e0 36a18340
46857629 e087527e a5284a2e
5d7795af e8fce08d 0e1a9163
4bf2015a 8e128177 4480fad6
f64fe13a 509a6cb5 7662b602
dd1c2be7 cc49fdda ba3fadb6
c9941b1f e6c80437 a9764fa9
85256e76 ccef1422 c3c3e3ac
7c3366c6 45cbaa33 bd7ef572
bc5b2908 c805f171 0305a488
e3ca3c88 62a4f85b baa74458
b775cfe6 56bfe52a dce6d9bc
f283e37e e5233c06 68a2dcf4
9a64c945 0c992159 3138ddfd
d6d29fad 05ed9cfa 57265af2
9b4c2ede cddf332c 77d04828
8cad51da 757f52a0 adb0fc40
d240b82c 50d55e41 22aaeb2c
72524320 ef94b5ae 8bdf3fc0
d802eacd ff1da709 4b7efc35
41f8f9a7 eb3b76a9 26ecc93f
f9972998 e0c4f5e9 adc35358
bb4e0326 f1b66286 eb0e31e4
31feefa8 3cbe667b d7aa15b8
af2b8893 8aac5210 e53b9f30
49f1e96b 7a841d19 f93cea73
18d4df00 db39f321 ea1dbf00
21c801a5 66196534 ac636e84
6ef4be5d be024190 10bab150
f2c326fb e8d2c663 43843511
3cce4995 2c094de6 dfb4ecde
8b02679e a7ffaa60 0217c740
7091e4d0 fefaf153 aad4ff70
2ba174e5 fb4c8fbd a17b3811
b1fa19eb 6b1fd939 fd1cf853
4ddb1e37 82d64b8e 915edf82
0b9a5cf1 acf0b292 00989372
d9802c36 3c1db231 6a640256
c3169464 1a3ba1fb d582620c
0bf4531c d0f83ed9 915b3abc
73cdb7a7 e30078fa 99fba116
51a9e20f b2a6614b 4f26e965
a803e055 d5cfff83 f42b767f
504a2c84 ea7dd77d e40e9874
b3081a05 674bd9f1 0b25bbb5
0bb70268 570a3f72 b126aa50
e868941a b21dd4e2 a1ea46f4
a595e4f3 a1fcaf86 562bf432
65f83fdd 640c8914 23ee4244
d174237a c7c21f77 25bc43b6
bd8cf740 22d11893 6a5ff9c0
503754f8 c4f2b41b 90045628
17017797 35b4d769 0435ddef
a37b3b69 4ef80e69 56831c11
6cab3554 b05533a3 c186b07c
de0fd1c7 5e1891b3 f7896525
26647457 d467be42 4f3f906e
d4b07ace 3047c0da 2985136c
d8037f4c f4b88d88 9d987c60
347c7988 71ae0e72 d0838e90
416f005a f976f612 f7a08254
9d2eefd9 03fce184 f19d64e4
48d87545 11249bb0 36856670
7c96359f 12b3bc29 ef9c5a77
885d7123 eb1182b2 e8bf7056
648763b9 e50f4e41 1b99aff9
1fadb028 dd1079ac eb7542e0
48b8d081 1a878fc0 d51b6fc0
cfa3a0dd 0eb71718 3ec5efb8
cc98f4df 7451e2b2 d116210e
19f68581 612d27d8 cf044bd8
b175dd40 805ae5ad 2410c440
e122195a 14fb42c9 718d1baa
9c503837 0333cdf5 adbed7a3
f5f81406 5a2048a7 d736bfea
96d4c064 677c341b 8bf49a8c
77e7c715 a1306718 07c41cf8
66c064dc 3daf119d 291476ec
9574489f 203bc530 1e54f8d0
a9374fec be7374bc 63d9a150
fe117e39 a7d70f31 d89d7fe9
264c0f45 a99f5898 eb43c8f8
53459b95 79d9e83d 3ae21a81
e4cc8686 daad6de3 fb3056d2
afaafa4b a0a05e3e a230282a
4edb0f16 30333996 1c18bce4
900d9939 0ab3442f 6c0d4577
1010520e ad0b966a 33702dcc
267896b5 7822cd13 47ac206f
09e287f6 f5942f6f e8671daa
d87e3ff4 00ba7715 e95dab04
22d83a59 cf05060d f1160c85
5f598095 99755f85 91501869
544fea5d 9996a090 46ebf450
b2564cb9 888d8a93 76cec83b
12bbac94 f28900a6 68e5e7f8
024d81c0 232c5204 69c58700
2c0622cb 4d9b5427 d842e8ed
91726e8d 1a6c520c 6e42589c
5a902b16 bb642fc9 79b2de46
137c7183 bc7b44f9 c022346b
493676c3 19387f37 c54640e5
43ce23e4 abd0b1cd 48236194
ba216465 0dd439f4 1bd22d44
b6a76423 ba697871 972e9b73
051ef180 c0a1da96 3b488100
d5c78b88 d4ae6372 d441ba90
1b51061e 4cec1026 aa10c874
6653782b a6d088c0 9b60f840
6c79f598 fbb9f91f 457d9568
07a1a610 d93cd982 6199e420
1b9c3dd2 06d9f45a f2dbe3d4
bde6cd41 0e2c63dc 48e486dc
b02ad40a 7196f9a1 1b09144a
c9f1f6c3 a900db32 2a5b0316
f80ab2fa d64cc065 00ac1ca2
e3725f62 49fd6ca0 9d92f540
4cfaec35 40da4ef0 045797b0
a832a799 e3d43d6a 2c9cda5a
a8d1853a 2e821e2b fc422cbe
3a30422b da28d5ce ee9b059a
c281121f 4b3831ae f3fa4012
e8db8ddf 8d45c3fa b39468c6
9750b0db 73c7593d f6f3472f
c80fe0f2 c9d7efda 1dc57c14
47ecd8a3 30240c2e 0da2914a
d836bfd5 0fb00e4a dbc11992
54b25c58 dad7fa7a 0915f1f0
4dd58eac 3294c4ba 21d558f8
90693d1d 1168127a f93b29d2
9c8913a6 c5fdc94d deb63eee
77457810 16e01d3c 40e1f3c0
d4f0a8a6 e4c8ae53 365781d2
c129b697 83ffc57e 51731152
868456ba 54bdeced 97c9c232
e234481c fac146af a290f324
669ded75 0daca0e7 c8866493
63af6d3d b4b0d05d bd6c3f29
faf9bf7c 7e2e79c8 8ee734e0
506e86b8 50b27709 60724478
221e8d7d 9ae6cfa5 02674491
dad727d6 59ecc6da e34f703c
b0745d7b 5fe96c8a f01d484e
522ae751 b2a5d8fa da473d1a
cea226ab 01cdfd53 e0b88871
ada26718 26717573 4aaa47c8
73dbd1d7 2699daf7 4d478c71
87a5b5b3 ddedd8f0 ba605fd0
f32eddf8 c2a45160 28aeb500
8a537539 f8a6ec7f ca6db347
1a9aa1b4 aaf5bfb9 e1a82714
707005df 2c3ab456 3248c4ea
4dc56320 2b24ed14 20b05e80
f57c174b a636be19 9e39f053
6ff2e5a6 190ff580 19f4b100
6669d64f 95631176 1791076a
c3fccf97 f66a6e62 b68059ce
c3fe3264 b613620a cca43fe8
1467aa12 e99bbddd 80f31b8a
ae1214a4 8c988de9 55331d44
ef106004 2f85342e e68610b8
94a4de5e 7f4a5d17 28c42072
46f1db76 5df0d168 e30c7df0
eeb63dd2 d00aa094 f232fd68
10940528 48d91572 253e93d0
7d61acaa ba4944ac eff72a38
32a66add 00262e46 9d82ee6e
8e01b344 f0b6f998 2ab79460
66b50326 1787b709 14a74656
e197f816 127d614a 79ac0c5c
12a2ed35 93b7c514 d5275124
770ae586 d00ff89f d0f85e3a
49d1d326 7f98154c 592ccd48
1beeec36 2fc84181 318ebd36
d83c0405 57cdc2cb dda3f9f7
a63a4956 6b3b7144 baac70d8
5a0b1832 9f8f8e80 bee5d500
88393fc9 74c2e0cb 87877463
728c2dda 76aae3b7 1da114d6
0f513f28 2f1eaf78 76f1f2c0
546929ac 23dd2461 4330fa2c
08abc89e 99b59aa0 07c26ec0
1962ab5b 06fb22ab 33e38bc9
d96cb05f 3fd0ed29 1fe03237
c80abfc4 17c94a28 8a009ea0
4be17f7d 39076216 2999cebe
0485022e 34b3be1d 18d96336
e1a6a9a2 e314229b a9183916
115b8848 36293ed9 e51ff508
3e7556bf b89beafd c8e650c3
d93e0cd4 2fa4717e 7403e458
92ff7fb7 858d3675 7e80f8a3
7050a56a fe1760f0 9228d360
c7ee27ff 9ebafbca b4689436
eb0dc9d0 18825ea4 a08fa940
93cc6793 cbe2b690 7562c4b0
ebec4a05 bd9f2407 57f9ba23
11a2bca4 c2a46a73 6f46a5ac
84fcb6cb 9f65c21a 3747669e
afbb4cc6 dedd37a7 db9b9f2a
d89f61cc 7e0d3a05 b6a120fc
79cbee2c a5474997 686807f4
a1011a55 d3da50dd d1904b61
49ee1a6d 684e0c48 496a8aa8
bad91ca5 0828a525 929f7cd9
9418f18f 2747764f fab37521
fd6ecb43 a35db995 12b6b8ff
87389119 bfa2c977 be0a139f
314860fa 9e90c2ed 521f3b72
cb068cee d4c47c21 565372ae
7375f1f4 dc69ab5d a78ae1a4
2182cc52 75acba7a c1e0f314
f65baa65 cd5ac974 62d482c4
7ec93dfa 2e31da8e 7b4144ac
2afc123b dfcecaf5 1a1a0077
33917f98 4b2dda29 1eacdf58
41167226 1ce800f0 9f7b03a0
ed4c4b75 5a8ec3e5 5f9f9ea9
d007a51e 1bfd24ae d1107264
08eeca62 f9b0826c 7ce32558
b360902c fcc6c749 08a3508c
540f0c34 e8ddd08a 32ead408
700436b3 a4e4c940 b36c37c0
be319102 d0f83bdd b725a4ba
4b027195 070598db e970a277
4ac3809b 403adac9 1221f7b3
ee4c0920 ec0b8ee6 29bff2c0
c9bc5a4c fccf4a1a c2af23b8
d4c8db41 d2dd080d ae2a2a4d
be398e14 13409faa 1276c548
f5b222c6 fdccfc09 614620f6
c1341f26 a6cc0b3f 3f724c5a
beedd5a2 ae7b72be 5e7cb23c
4a86e712 ef3bc71e a894121c
b4659bf0 ce4129dd b9a10e30
efe1c7fd dc8229b8 8dc942d8
92222a2e f786545a 0bedec2c
b7cfb64f 57d8c014 d09d7e2c
2cda2ece 09065210 0774e8e0
77193b2f 58024273 9ff5b41d
87875d50 3590d6ca 25d08120
bae24e59 664dae40 90991440
84e11ce0 f381997e 1dee1640
3c91310c ccecfe83 d4060124
fc62a4e9 61ed1f2e 4066d8de
7bc8c50e 08b63d97 62549142
1e4b4982 8efa2a03 99e53086
d7526179 4201870a 6e179dba
5da195a7 d50b7434 9dcf11ec
f37b41ab 366185a8 c5cbef38
07ce731c 44d8aa91 13ffcadc
c30554fb 98c16914 8580969c
adfb2124 84b31d7e d08763b8
b720c163 8dfa8ec0 e583f440
09651464 994b9a95 03650634
811a9ae5 7ca1691f e1c5aebb
81198137 dbf0dd79 3a2a8dff
4c9eb5b8 6957efec 077e4da0
16b02b7f f197e877 6a385009
9d01bc3e 352d0c92 8cb6435c
5db09523 efc84f40 1a8315c0
fc4529aa bdd02b84 0dc909a8
3bee8d66 f5769f4a 47cb397c
6406bbc1 e36218dc 9a4571dc
a88f02b7 9121b0f0 58875b90
225ef463 2e5303d8 23145c88
266e93aa 2e98d2c0 c1003380
16afc2e2 14b29b77 1fd66d0e
d90b994c 0c68efbb 3676ee84
c930babe 77ae2f79 497525ce
1e54f4c5 11bdc95b 46d2af07
47e7eacc fe6a4eac 99d3e910
a9acfe1e 0bff58f0 f36a8c20
0ed63ffc c98b36f4 ef882430
0f860e77 79d5d649 c55499ef
305917ce 794003a5 8633c1c6
c6d13423 1047237d 53fc3e17
3f93dbd8 83e93e14 66637ce0
bf44874d f0cb93de b12d8bc6
29d6a95b b3cd58fd 623ba6ef
a2570dc5 fb8b52b2 63e7acfa
aca3b40b c11a317e e226b86a
a3a15996 7a9db1fb 6b218c12
2c9ca1c9 79d69310 f9b68790
77298cd8 8729e335 fa15b0b8
40aabcd2 cc101865 aa302eda
52bab88f a132b8db f550aa55
5509229d c9ce600a deac3a22
e8c7898c 4b7cdaa9 3aab056c
2fa32a9d 42734111 362eb16d
6545848b d26b9fb5 33920b47
c82a9a69 2c6a31ad 67d271f5
14602ebb 1c70d71a bed3cbfe
c719d65b 9e90e341 33d21e1b
e7aba38b be8edd41 dfdd854b
9eaa4fc2 92478933 836ab5a6
ecdb3cce f1dff577 d08c69c2
74735375 6f2b202a 45015132
c75223a4 aeedbe4f efa0b79c
ff02d524 391e80a7 c3a30a7c
7ec213ce 84f4666e e3a09684
7403f467 684d6272 884d43de
f3e053de 5308bcd3 586c27fa
b21e1911 db947ae9 7e2aea79
81220a1a dfa6e6d0 b3979120
655bf15f 81a5e127 b1614479
b797b5dc 014c2e19 09ce4a7c
f8ec6ad7 1af3ee95 ed031123
80f07818 c2eb7be3 4cf60548
76c18834 d86c555a 58332648
81e64406 a60eccee de9c0594
0a7b0873 23bd518f be4d1b3d
d2e4a275 5e4e7636 54c232ae
b959aea9 7ff8b5ec 51e280cc
a0a2993e f8c3ae3d 9520a7c6
b28a01dd 0db4d76c c22d643c
cefeba54 b55a0310 d1a2a140
6ef70fcb 01c2af17 9ed4303d
9267dc34 e7c52727 806277ec
3da4873b 219d301a a63fcbfe
8e95ca4e b24fcf82 30b7cd9c
a6947282 21feaf23 9f8e85c6
901158fd 1cd064c6 2dbda7ae
320abc90 62f36ffa a2ee94a0
47395eae 21281bdf 5125d392
0a2adc2d 791b2db0 03ea47f0
6ba66e4b 9ae3f4ff c66858b5
940240ef 6d9ea6db ea8a8675
5a861198 2439c465 a73550f8
ab585a0e f10fc9b3 a24df5ca
625068bb f549e71b c14ec8b9
785b36b7 c4ed8088 4f3b9138
33a3b14a 8e883d45 27ad6af2
884b59b7 cc60c456 f2a03f7a
3778175a 83bac8bb 5c5b5ebe
388a507c fcb2653b 9fd97894
6dcecf97 c939c1c2 e8d9276e
a3119fb2 5fd8a030 634d3160
83c002dd f340ffd0 cd1c7690
3a50568a ba2636ca 122164e4
920b7727 109004ab 3175330d
b3d6c77e 1f4ee373 46c4579a
366f7e1a c465e7ac d5f42f78
1eedcd87 0af5dc6d 8013867b
de228ac4 0eefb296 71b596d8
579ce315 b6225d52 25895dba
8fae33fd a96efc41 521e3f3d
7d096f86 e66785bb 7fbf14e2
82fdcaec b4f11cdb c97a67e4
50744cd7 28295ebc b00e5fe4
26b91ba6 f59a0323 f67db9b2
b2c7e5e0 211bad14 2c965580
add257b8 f7730c0e 4d456c10
efb331ee cc299fd1 a46c954e
7f66c846 23a7848a e4560dbc
d9aeda80 0d0c3438 e0a1cc00
80cc4d7c ace39412 301d22b8
fcdfcbd7 1774c92c dbeed7f4
2ac0c897 4f4d4b64 1c7d97fc
4cd3e67b 1a408658 703b9c48
c516807a 8eb11552 7a192914
6c039a09 110dc25d 637ec745
9032c4a9 92dde4f8 103a07b8
e2e99bd9 e69c12ea c4b9b65a
36ae0f47 8cc25658 acc51a68
10d2103b e7fe6c53 6a7e2721
04790a5e cf963d6c cf9cc5a8
9e5c313a 53a398fb 278cb3de
f211e467 0420e4da 3b883bb6
3d508fc6 2b1c8b59 0aba7dd6
81626f47 b742618d 00af311b
6d8316dc a797af76 16d0ed68
7e504b28 1758de61 eb592a28
d2bf390b 9f90ead2 9630d906
e2c38af7 5ff0389a 2097a096
959d29dc 604aaa5c bbdf2310
7906a8a4 9be31d74 6d8afe50
e83de10a 96118631 a54d4eea
718b97ae c75ba5b5 6d4f6406
4da2a7d4 199dedc5 f48e6a24
7a6e40e7 dbffce0a c3a16b06
a94ef712 bd6dbcab 91da4106
3c0fede2 7daf0a57 0032abce
bec0e676 80018759 f10e5906
5faaf1ac 020a49af ed7d4094
0f5df83d e156a49c 91c8592c
b2ac7073 cc3ffca7 9d7b8f05
e2918e99 13690873 2b98d6bb
e8c555ee a32a54a4 81a92478
fb6091d6 c69ea718 16444610
0c325a36 00b82e82 1497836c
f942c52e e1717d5e 9819dce4
e691342a b385b924 d2efafe8
e3ffe84e 73d6af07 6700ac22
0207a734 f2cab10b 77f7233c
abc90327 d2e46557 7c4a7541
32909d73 76dcc440 ad8768c0
e6a49fc8 6cd6cd73 6116eed8
468870dc 9bf2a181 3db33adc
0ea06b14 8d6b7d67 fc2fd90c
96586d05 f4212990 8cd81fd0
b14477ad 2d12e4cc 104f71dc
887a687c c731c547 70166664
695f7575 36912b1f 008ee02b
1168b2d0 47fe17bb 39eb4df0
b92c4ac6 3d45c8ad 12b737ce
022028d6 7e3df5c6 7af26384
9440abbe 5ff939f6 6a305694
18fc1d33 79531259 fc3cbcbb
7495b62e 7fd42925 83e8b2a6
95031682 224d34a3 8aa3bcc6
3f0aa5e3 92668c0e d3bf366a
c123498f ede71713 44434e9d
418cde7f a0f05809 b17f7a77
ddb584ab 9dbfa777 5381387d
648d7c42 8d598835 883fc9aa
afdbe51b f1486067 11fb4ddd
73838833 e847d37f b5a79a4d
51e20f64 e58b618e e2856d78
17c6a071 83dc9098 8c4ad318
9c96d19c 6f044ca7 d70d0cc4
0d3354dd 0ca321b9 8cbfd0b5
77f1a54a 5318f198 3104cdf0
6801fab7 ed3ef765 15007b33
4aca277d 314baff6 8ddf651e
40609fd3 19d6aa6f 49696a7d
7cb25ab0 9bcadc71 6f8947b0
e193950d a8fec576 f69fb4fe
cb4a0870 428af7d1 d1f4f370
4ea50c02 d7f76ad5 0a39d1aa
98429a10 46fc93ce cbcf28e0
a16bcd38 b69b2fd1 a497d2b8
b8e8104e 058115ad bb776ab6
a00959cf 23e7b7ef 6eb6d141
102acac7 5e4d67f3 a00f8be5
24b47d97 798297a1 b1450cf7
c9e0f69d f8cabe8c 0df163dc
43279b15 94bc5aa3 b629205f
918358a6 e3734a88 49f91430
0da3c739 a44ac71c e841193c
94c6b6b9 d3f26919 3e3bb911
49b57988 f66454ab f138cdd8
0ab93f5c 5b5d51e6 f7e708a8
03d30d0f 56e99a91 0d0c6b7f
3d15e6fc 05c2ffff a0de1904
8415f77f f63a0a28 9bdfa1d8
c094a2a3 706d5bb6 4ee290e2
07d8ba3e f9ed3f5f f8a85f02
81e22da2 d02f7077 54d8164e
55cc4d9c feea5b3f 75758d64
9b7103f8 f2711f32 3c05ce70
b39716b8 928cedba b86ed9b0
158cf7ed 2aeba2d5 9bbd4231
3f57a2cf 95f7c2a2 0f8ee4fe
de72d6ab fd17f9e3 3afdaca1
a9e7d579 4d79dfd7 efd9af9f
2ab96a8b ef351e80 eaf88f80
89be5b08 f8f2d8e9 c89f9a48
5d18eeca 18222e57 c53572a6
2786ce3e 734ac5d4 f0448158
6804acbf b3066bda 21a8efa6
87c9e17b 275cf48d fa4e6cbf
a8354521 07260522 8b52d362
e20db2d0 41578e35 fab56510
461d096c 547ecc44 d66090b0
fd026191 1edd10d6 de439f36
5e248f7a 2198b0ce ce7f542c
a5c6c374 39a2fe43 1c5a3f5c
6536c0d2 422a2ca5 6be25f5a
72eeed87 4d921c27 b65ef391
afea1bcd f8cb480b 0a6fd9cf
bde47066 f66aa25d 1959610e
117b4787 f4e6c80d 226e19db
05cb64d1 c0bb81bd 29a1bf4d
58e39385 ed1251fb a928b867
514268cc 86fe7595 67f43abc
7227db2d fa05389b 0ff48c3f
f1efafa9 3e68234c e2d4412c
4d0a40cd f35404f1 89ee34fd
3a3074ba 5ede443b cd784ede
6e5a2122 8de43c64 7740e948
5537abbd af4817f6 6415029e
69675337 6df12385 a4d5c093
86946375 31692225 58a4e9e9
1cfc66b7 f3ef5561 6396ae57
c1a27a4b 5a065bb8 2a028ee8
a21581e7 7a91c225 6363d463
c0e7284a 1c781e01 d24fd44a
70c59f26 127d024e 4902c994
2cf59b4e 5ec310e0 a106c440
be114e46 973d88fd f95d8b2e
df53cbfe ac5fc649 d9ed9f6e
e455cbf4 4a786e78 083a7260
b8dbdffb b1b29118 26002a88
201f0438 684e5019 dd68e978
4b073056 e3d9ed74 e1e784f8
b0ba3f36 220b36c6 dcb447c4
0a452623 4726c281 f1f0bda3
48783ba2 c54ed29c 9f8b3ab8
630449ee 6ae685ee 40396144
cbe0c570 1df15550 e63be300
06f0fbb8 e52b9a51 09945538
4618802a d785776b 8ba3178e
a3157071 c2756898 900dab18
0134fc1b 75a3395d 189298cf
4f08f4bb 92e46137 fc336f2d
bc67b79e bd96532d fb5780c6
7710214b 639cbaad 78cafdaf
be10aac4 f18378d3 5e149f8c
3ed847b5 19f3a151 a5568545
b6a18337 4ce14ecd 1ca7d50b
28238d0f 04379346 edf12f1a
a11a8931 8f2f7391 baa7b7c1
ca29ed54 f0521d84 c268e350
10040a4c c5746b2a 77677478
47e9c19f 4b42e57b 27814265
54c30ea5 e64b3cb4 d8ebf804
e24a112f 9bf43b32 1a39302e
11a74f45 e8fd1319 0369dcbd
6949ab21 3839ed4d 30ef05ed
feca0256 fc38c777 a287effa
178d4b63 f4f36dad fe8e18e7
f48b1b85 34a8c8b8 84c3af98
12a9d0fb bc7d5ead 560d639f
8b1a6b67 2df1f530 94b4b650
73061c57 6af99b72 82804bbe
aef338d5 2f592174 7d963584
4924be8d 90694b64 ce02be14
78bbed53 63e59942 d588ca66
dde7a739 19bab085 9cbb109d
29a2f335 40c501c7 68674333
e52a5b6d 35d2a05b 7f9c9fbf
185e3ec7 5d1e539c 0e1ac644
2ca54358 bce2e058 076c2640
395a154c 8c788a48 3c70f560
89bd5fcf 1e6a2e8f e5b5b6a1
4f6babc0 1c980644 98a01f00
786773d9 4a1fe798 983c97d8
0f40d6cf 78f48d27 ce7cbc89
4d316d82 6b27c1e5 5593f74a
014d9d44 f944f23c 96eb23f0
1f38f9ba c5616caf 22c72e26
a8872526 89655287 2728c30a
8ea84cc4 f28d8ca6 1b10f718
76537b75 6bf4c986 0e257c3e
0680c9bf 9c4d0f1a 4759ae66
c22d4d69 a2455357 fccb59af
1918921c 4ac0f2ae f5d1c708
b2eff18f 605b193b 29b8a2f5
682681b9 b8318415 3275082d
df527e4b 298b0a8a 3120026e
18eeba07 e661220f f158d469
59f0607f bcf51615 a68dd46b
0ab7b6c3 881f8e2a 632125fe
eff8041d 656030e0 75a90960
9d8b91c5 db0e1a89 fc45046d
56b6a476 f8aff667 222f8f7a
2944f627 f7ae775a 802caab6
e4188e17 00922001 fef96e17
5afd5f15 37054fe0 2c73ad60
2035b29b e57d9424 6f7db9cc
77fbd4c2 ae63d3bc d0522478
5d08472d 2c1aed74 c836e964
d191be73 5142a0d9 38384f7b
0f717f92 1cc296b1 d2dcbff2
c4391601 472b451a 49e5811a
e38d5f2f 1a8f2b61 e8cef5cf
0f75a790 06559913 79b07fb0
adfcd95b 136dad54 4298d0dc
b9d9812a 8c1895c3 3ccad4fe
c202fb44 93c618e0 6cc23b80
de4805eb 002e5c29 8be366a3
77a2236e 255f9c5c d7adc388
a59ece19 2be16d81 69bf7f99
96481642 9ecd5313 156b0ce6
70f3252d e4cde755 c04ff2f1
223d3f71 5d320b2c f552c26c
8af529fb fb03923a e46da8de
86de1896 b26234e4 f0385d98
587a7a92 66ddc20a 41b56db4
bab6e815 9c08b5fe a0391dd6
e316206e 75b73c13 7ee0302a
82546269 0125b4e6 0f2f3e56
60edb72a 188eb427 724c6f66
82600f2f 978281d2 c951238e
bccdc276 644f3981 0e654376
4d3b0f64 cd4e7a55 8e69c434
d33cd6e6 63718f23 aae1db72
a9275f09 193e9dcd 7efd9f35
b3e61b6d d80d55a0 33755520
986c5bbe 617246d0 51bc7e60
11404648 55325522 43ef3d90
a5906621 4993cf03 c138e163
dddf2867 4cdfccbc 89ccbfa4
ab1a623c 922af68d edc5c30c
d78fe37c f49ff840 c25cff00
2538cd08 f05f14bb 367a64d8
74735e93 bc1330dc adc9d654
b7bb09ff 984ba21e 39f389e2
f26564dc 0264e82c aac4b5d0
1550a06e cd3c138f 93b9c772
346f28cb 11aee858 f827fdc8
3d2c6084 c912cec6 7344de18
4111078f db4b0a01 77419d8f
a5e33880 55c25fd4 03224a00
690e8c2f 9c3a209f 7834f131
ec60d346 198b0ed2 bffd236c
acd4fd59 3dcefcb0 8e6fc930
b213c20e c52359e2 61d22e5c
e7fe098d 7300cfa9 e76d5115
dc60bea6 f24f5453 f32647d2
073badf6 2fd639f6 d2b8f064
6c70afba 2ae6d6e5 98cead62
a65de7f9 19438fcb 68360973
b9430c34 9a9576a3 3f94bd1c
e765688d 7fd85aba f0678872
346d9e04 e58560d8 03d2d360
7edef695 5d490b58 a2ba2a38
e64f1a03 6d5fef58 f296be08
2fa0477b 390cb3d6 9ebac1d2
0af27a51 ae61bcd5 94444165
6ca2f882 3a2e8434 34998268
2cb29120 b34ef8e6 bcc562c0
08a884fe 11cad08b 6dfa95ea
64e0e816 055d8ea6 e890b244
a2a5eb6b 9dae9b17 b42bef9d
a4f79021 f1bb88cf 41da12af
db3f8856 5eb105d4 a5bc9538
481a4ed2 91c0b6e7 d3466b7e
46c71d20 806bce99 b2d02820
e7415354 4869be47 6c6a744c
0e25bf38 4b28209a 835c07b0
98769af3 4a48e7b2 daa101f6
22f43819 ce6b790b 7f753a13
c234858d 44640310 5fecffd0
1dcc6888 509a1878 836dbfc0
d619bc9e aef84c35 1462f4b6
4a9a5226 89beac56 0d3d20c4
ee691d35 9efe4c1e d5932836
a1a99a78 9dbb8e92 b410a870
c52f859c 8bac8243 36192fd4
33f53032 40d2f29e e1e702dc
abfca369 2c600748 9ae5d488
a817ddbe c9a17d64 f3166438
6675cb91 deb4a118 90054698
8e0c71c2 bc46eeca 3aa01f14
896427e8 50a8b3bd 2718ae48
d774f276 94346d65 4457e68e
ff7adb07 3e58f40d 0e67cb5b
d1df3701 159a852a 91cc8b2a
7f97ea4e 25184d09 6b20b2be
19d6cf8b e4fc0cb2 21ead2a6
a1ddbaea 29084189 3d6e713a
f908bf3e 995d9789 f601ea2e
36fcf281 537102b6 efaa69b6
22825b76 5fa2c200 73fb6c00
30abcd22 1ab5fb73 cc577c46
16e76c18 f24157fa 25d3b770
83204977 02b29498 88626aa8
3394f27d bdaa4628 19961188
e2c3570c 90df79c1 dcdd4c0c
e4268b85 60b34c1c d3a1be8c
df05188e a574f74c c68c4c28
88500e24 e18fabd3 5d89b3ac
72cef032 946ac9ee 93ae907c
aaa426da a801a745 4a70aec2
67dcde2e 9d2d28d9 d10584fe
905a3a0f 3242a15d 15288673
0ffbbd53 f06448ce 6e3db0ca
8ca2755a 01bff967 81a7c136
8f764a0a acc45c20 d90cd940
37963730 16f952b9 16eb41b0
2e20581b 73db20d1 33844e0b
6ff6bf53 22bdcb2b be6ff3f1
e6724500 f2f75cf0 aeecb000
fe36a34f 6479a44e 819b5e12
b57c7cd0 4a29b35a f6595120
541ce258 764fb47d ca6864f8
543c56c3 b7a9ddba f67860ae
ed0c8d5a ad486d66 5e7fa3dc
4444eff3 1781c564 7606b9ec
99114ec4 f5155867 931e10dc
b8d4419d 7baf5a69 b7731b65
481f634b 2a0fc619 7141b453
ed3d2745 c7acec40 b4d96d40
400eb273 d43ae36b 786e8f11
fdece443 c6a18902 2224a386
b4bad7b9 7b4a6f30 250ba9b0
87107ceb b4ce98e0 b9b2d5a0
93c8660e 64639a00 7cce6c00
e467d788 c9269b18 0f6b8cc0
db87074a f67e3680 f1794100
0b02fb86 dae8919f 94c11e3a
51777a18 652136c0 8274a200
025255f6 3ba2d669 df4ce5e6
6c1448de fb701e83 3a0b4d9a
b4a3d451 6a96e588 756b4008
63a7f4c9 d01001df 13d30417
90170fe3 bc2fe159 fba808eb
29d9a4f0 0a26fc8c fd027340
3497b6dd 56e7e197 9ca0195b
54fbc45e e377f8c9 419a3dce
4151b580 adb03cc7 350e1680
b6727977 1b579c37 c90d9c91
c7b9f4c0 8bbc51a6 56057480
4f0d76d4 9d16f69a b8813388
d670e267 a914f4ff e147b099
59cc988f 8e1f7656 445e2a0a
d513d678 597a7ef8 1bf6d440
b39a466b 7121b531 c31c217b
80133656 3f0c5512 186c600c
c4be79e0 29e90ee2 e7b1d7c0
c9f0cd75 ab77f72f 11d49b7b
386ff16a dcbfafa4 e3d41de8
e5fce33a 2812d0c5 7e4dfba2
578a664c bcc03b3a 43eeb138
0ffb3817 53b63020 6f4552e0
fde49d54 5c23d216 0d306d38
fdfeb0bf 9fe20a0a 88785d76
a9ccbae6 1515a19d 16f7450e
0b267876 ffe45cd0 b5a447e0
0318dc6d b0f5fe9f 7b760db3
c80bc8b0 b5c16052 3bb84860
b0fcaedd 219db9b3 1594f987
d77ed3aa cc55286a cb083464
f5ab1a33 4b6cdb57 db138855
a0953075 9b8cf734 e70abac4
d00ac5a1 f23de0dd 4f967bfd
5da9917f 46609e65 e552c91b
6808f279 2c1bd097 010c555f
9debebb5 98adfdc9 e77ef21d
4ed66e48 a6987d2a cdc73fd0
a78cafdf 0d85a07a 78d23046
e1f910e3 c0c26c4f db01fa0d
7298acc4 94ff3b0e db669eb8
e3dc0994 92a120ca bae60ec8
c37a5c39 c0daa1c7 30a7894f
42c796c5 078b624b 382795b7
1162f628 f4d65003 06856278
50e47ae8 34375489 ca71e628
988548b0 7798b123 f9faa010
94d0d0d8 1b990432 ed242a30
2982e58f 881551ec 7c08ded4
af6cacea ae3a4330 8ea5a9e0
51882319 bf187ad1 62369169
6234b0d6 a4673698 aab02310
1ce18761 045df227 4a9251c7
b5bfa617 024a1be9 d29897ef
3fd47023 87c8fee7 704be995
33ef5e63 5d3311b7 ca1a0bc5
e54327b8 ec7078bd bdb292d8
5568ede4 42921fcf 38aef75c
cebc2fbc 9ddfac9e e8fbc608
0edfd252 f50d6bed 7a47fbea
81064f31 9efac14c a36d738c
a54bb1e4 26ffedfc d44f3070
b45a5fc1 70611c1e bd31549e
76daf5a0 2ff1647a c7eb8e40
2c24a263 97658f35 1059eb7f
8b26ffc9 59fcb4ea 485b21ba
e2222021 62e1eaa4 ee3bbf24
4b67bcfa b654c797 dc1ecd76
681919ca 098ba97a 48aaa444
a9f2aafc 438f68c6 7dea9ee8
5a016a71 bd937497 46f3fca7
a6456f7a 26018646 5ad0575c
6add4ee6 83491e2e 54992154
29fb5da4 813e936a 0a91f1e8
7a653e5c 10961280 9ae9a600
0fd1657f b62cf145 1fd0ea3b
147bd92f 2ff15472 d8a922ee
6e1f5dee 13e0ced1 ff71334e
576213e8 19ffcdaa 0d2a0010
cd7a7031 335d48b4 6e71aa74
0dac4428 195e4532 08b417d0
58b2952c d9f658ce 67432968
9a3a35bb 05f8c32f 5bc54e55
91f1443c 3d0d6632 655b3bb8
9eb4bf0d 0e7b8ee6 599bdbae
93a72c30 8e0f181c 093d5540
f6eb05ff fb07c00f eb3d99f1
3951d4f8 c0dbbb40 4b2e6600
818dc3e8 4d80da14 93e6de20
1349e3f9 80e86908 027840c8
c395a527 f71c284a 9c53d546
8c68e814 59431f14 5d888d90
f73aec3f 616f72f2 4138618e
1d8d333b 4677329a 4d5f577e
89b9c5ae 6d153aee 6ec533c4
44a55adb f6000408 2c9642d8
6b80ae22 ecc429bc 386b52f8
ed89da4a 5039b2d1 81ccaa6a
3ad34163 91097123 aa39a389
21ef595d 5b2c151e 075d19e6
6757596d efe8935b b22e60bf
45690bce 8c821c4c bf160928
c52170ce ff0c435e 9e7555a4
b682abe6 a0c26d42 b52d3f4c
4369f638 003cc7cf 96339f48
d6c65fd2 76fb62cd ac6f1f2a
3c24f5c2 f9bc3001 56b155c2
1038770d c2ef78bc 6068858c
2ba1f06b 3493b94d efe3a32f
93b304db 79cac49a 413697be
c5e64a92 0cec4e7f ee8f7a6e
b79ff00b d8d264ad c1df836f
291588e5 ab11d00a 284668f2
648dbcea f98b268c 349c0bf8
d1b3b786 2042e512 9259c56c
a253316f 803775e3 1435906d
c47f3b5c dcfb4f00 86856400
270bd33b ceef0399 279fef43
cd59885b 219adae2 48e5de56
2bd094f5 9e1d68e0 28c6de60
07daa154 035650ef d5bedd6c
7ad186ab eb2b21fc 80559b54
a56b54e2 584d984d b3a8b7fa
a244f134 9b492e7f 275f00cc
7c729738 5471bac5 25c50e18
2eb09bd6 e550fc0f b69fc98a
91295469 3b7551a9 aefaf251
7957f152 ae93cf5e f881ea1c
003d9b13 b9ed33fc ce206fb4
43559500 0cfced5f e3b34b00
624ffeef 0bedd05b 39d4cef5
bb7c5e8f c8e1fb57 7ba95799
f91d2607 51b23a6f 461f1309
fa514043 ea322843 00644989
9161e0c3 cc081932 5e28f116
5a595dbb ce2c31bd 650efe0f
db83cf3e f9343819 abcccd0e
ccc0a206 1fbf3a94 a08d0778
f5d050fa a0283fdf 4b740fc6
414fcdca ad8acb4e 9f63e18c
ff6b8ff3 aaf7fd37 6ed41435
97af2310 12ab47c1 7972df10
a50a8a46 e0154a65 c0dec99e
3bf80ecc bd9738e4 027dcdb0
ec1c48e0 852a6171 44d90ae0
25072af2 17f24c1b 5f455f86
b0ada4a8 dbceca39 91c63968
ed20a4af 39d7818e 41108812
cd7f49d9 bccb0ad3 43df57db
369e3c28 aded1a95 953d1348
faded3f8 008ae5a7 3ea91ec8
d75b5eea 49e7dd48 d1c8b3d0
fede9d87 0f05fd8c 600f90d4
ccf7cbc1 0bcb6a1d af7afedd
f2fb7abe 51d236be 30652d04
37dc4393 21b76bc5 4dd3711f
365b4423 623c101c 0471a3d4
3d341d3b dd24bb3b 37a8d599
79c0f979 74d0c496 9c62d0e6
2df8a1c1 681d92d5 c6fba795
e74f18f9 dd4079c2 dffe9db2
d5711b83 7a848f37 a7371625
57837374 ba43e86e 3a78bbd8
419919d5 16f4f4b7 be147b43
22c6448c e1d4ce83 268dbba4
34edb27c 25292a89 d458dc5c
45e90b9c 7332b66c 8509cdd0
5064fe2e e6822779 c9d125be
b4229f20 e63f3809 d0e69820
0f64cd29 43f315d5 8c9e101d
8f00b4f5 10d23f3d 00ad6961
cf2ec3f6 da226daa 0129df5c
3dc6290d 9adb25c0 e8acaac0
a1dfad35 da9155f9 f417118d
4381d67d b796d6e8 bf34df48
e5092150 d2fdace9 23c111d0
8026cc14 5459e41c 14f42230
5de424e6 a46178b9 1e507a36
ec32eed4 12647007 f0b147cc
8376775a ad70f74b da3ccd5e
62108521 a4d067dc 3a92af5c
2fe26eb7 a9f28617 4b49bc71
1bfd702e 5a28b104 5db58eb8
5021270c 37796680 4ece4e00
0626bc1b 75ceb8fe a65c0aca
dde78035 0d8df269 2956afbd
e5bc9294 0538d43a 2a7bc588
d73bccc9 b6ef199c 15176b7c
7b74e779 f1e17f8f 4f7b5397
5a76398b 7059fee4 afb629cc
49a6e7a2 8a2d4add df84cada
231c0d12 ba724544 c8fd52c8
49b14be9 f20a526c 1a36a84c
4f48a102 125070e1 e9e662c2
80daa02a 258b5e41 072016aa
30a98864 5958a4fa c74f41a8
8646f2fe 9df88531 bbe2789e
7f7cd630 b9fc2cca 949141e0
23fd24b0 0959db53 2aa57510
9411d3a4 efec1fc0 6d2f9700
e7dc14ae 4b86aecc 2682bea8
c13de33b 6dd2a2e4 ca4fb68c
8aadb546 d19381e4 483fb858
3f3bf235 5955d04b 13f40587
b7605d56 c34177c3 aea01282
3d21457a 90311f5d 28da0352
d92a71a2 6dc351e2 add29304
4709cbd4 ffbcafbd 00416784
3198f6c2 b18697d6 faf6b42c
c74031ef 0443e330 15dd49d0
35ee8885 b5e807da 3463e442
4784183b 61b84f44 87f8a4ac
b262e473 48fdad96 77fa9262
6215556a 6fba28f5 38c74e72
64ebd984 f03613d7 e51079dc
ea3dfe0f e8f718ba b954fee6
de1f5d55 3f2cc1a6 a34f9a1e
fdef0313 4a3a3f38 8e585928
8f051128 ad4da7d8 2b7f91c0
60c23d9a fb567770 4f598960
96ff7510 8bd08ad2 5fa8a720
68acd885 d6e43bc6 d00a1dde
f74650a3 29957864 9722e7ac
437b8dbe 35a1172c 2d766ea8
d397d1f9 13537e47 f72eca0f
c97a9caf bcde7a52 5bb3960e
476a77c1 b8215a31 415bc5f1
c7b4edbe a54356ac a4278fa8
b150907f d1f722d3 f220f6ad
cc045f2e be1e5617 17c20122
8437221d f9561a1b 36058b0f
2480b90f 3deee90d a1ea0cc3
7b8965e5 cbe88418 5bf3a178
f477d495 eb913609 0e72e73d
e8355fe2 2944ae5f 1d0230de
51c581c2 fff0b78c cba4a418
a60b7c1b 4c7d3d7a 7b3a93de
075fc7b9 edb0967e 545ab30e
b8703b23 49be4e09 8cf0be3b
951f7dca 3b44e7bd 7a692422
637f00f1 9b816ac4 28118284
457556d2 65ab6628 73333cd0
1545836e 05d0c089 7425d5de
3d1b7751 099b7d94 d42e87d4
6db81bde b7f253e9 9776570e
6cb5477e 56b71687 56cf8772
2780be21 1b94fa3a 12eb4d7a
b1ddc939 017585cd d831bfa5
029c1cb0 f9da720a 3cbf7ee0
2dbc0471 a8fc615f bdb076ef
48b7f3a0 d48b9546 baf8bdc0
2d34973e fbea49f4 1decd518
d00a0a93 bcdf9993 a022ed69
f3971a2f cad6d759 8fcf9357
78646fdf 4addc145 34ec461b
55ca3d45 a1c0c4aa 27f583d2
d7d83a06 2548d4e9 b389c776
c1dd8e08 5d46ab1d b2286ee8
a67bc4b8 fb9e92f3 6f3caaa8
ec5b2b24 7f9b6367 5529477c
12f0ea5e 97f70d07 532f2e92
978b99d6 02e34771 b10b4176
449472de 1207f927 96696dd2
f78ded69 a5df5fe9 76be0b91
1093f7aa 302e996b bd691e0e
e2781ed2 ee682acf 957f5fce
ea77fddd 2142f9de f9f41aa6
0eaf3a62 61e8ec6f f29ca87e
e280dcc4 fc6fbd49 62b7a7e4
817fcd38 1e2f5779 e16e0778
e655916a aa9d256f cf205ef6
77df3cea cfc1e6e6 65b4f63c
fab7a1f3 2acb292f ba57a69d
50d35b5b 0caa8284 efcd50ec
3155c9a8 a0b8fa61 692f78a8
a1f654de c4fbfbfc 215b3488
f9b7bf89 515d46a8 0cba27e8
4164503b d19f77cd fe44ac3f
afc3db34 e2f02af4 11637590
43e49522 8f38df4f aee2a37e
5f39236f 8942d27f a607a211
9d464919 57dfd1df 8dae15c7
c512aef1 5660e191 9bb6e781
7ec0ad7b 3e657a49 33251613
ee32e3cc 2f0a05fa f61d7138
a7807564 70b8ec44 0a375e90
090bfbd6 bd529daf 312f654a
9d632dc8 b2cd8b05 a5f37ce8
08f8a6fb 90fae14f 909c2275
3dc85d67 77429cc4 5be046dc
88f0b1ac 60ce507b 7b931da4
68a91e00 79330593 60b23a00
af9ede1f 26bf20c9 12a14657
686a4ca5 76483c79 e09ce5fd
cf4f0c9a 8d1e9d2e 06fab5ac
8d91f731 215dfb29 e78aa1d9
97c86e54 520c8d82 8c7c4aa8
9d57b758 4ad13d9e 21ab2050
809891a0 d845151d 555a9f20
885f290c fc631e7e f5499be8
01908298 c3ad204a 8cd0bff0
2626ff63 7637bfe5 b9b2508f
4ffaa355 fddd5d59 dcd9a98d
3a726b55 566ec1cc 829e9cbc
312f90c8 cc099b15 4c97f868
b13f07e6 fa72204e 029d2814
713ea9c1 5989b8cc 393afdcc
295a2ee6 ac7f580b 931913e2
a7ae5e20 258a5d39 0b449520
2d270ce3 caa319ad a62ee067
4cb58bb0 29db90b2 245e2060
3356f9a4 30938713 c646032c
ad854b2d 8e67a814 3cda6784
81092196 4b23bf6d 4a7436de
0366aa22 90c3dc1d 54bc7dda
b4b6da90 b45d5689 c9975710
2ded981b 9e1bf9f7 1e09050d
42e588e5 1ab5d7df 17d3927b
1a5c675a 43733f17 172a6f16
98a02d3a db9fd6e5 221cf0e2
8e7b2a19 7b5f233d 6c6172f5
4052a0fe e735687e c0a86d04
fecf18a9 a71c2bfa 90de780a
6615c68a df15504f ce156496
222c61f6 dae29055 4702e6ae
cd039ac2 a15e5c22 5b5445c4
833457fe 4ff4bf5d f7c27946
771c8620 2c26541e ba1a37c0
9b11e57f 390e2a2d 05be2d53
793f9a84 aa528acb 9502aeac
6ece92ee 7fe97523 5c02dc8a
0b3036b6 8f479813 4b8a1f82
cc4117f2 1a79a62a 9d96d9b4
8ce9b553 b3a0b9f3 02c018c9
b6aa86aa 8c6f99e3 3f6702be
0f08aab2 59b499b6 c555bc8c
7905d370 6a0f1fa0 1bceb600
57a83c8b a76c2911 fb82483b
86a102ef 70330121 21614fcf
b1e4b8cd eaa98d68 a008fc48
419b8a4e 96928006 e3483dd4
bc0f285c dd42c501 39d5f45c
b2151f1d 6dd245fe 4121afc6
1234ad92 22ec46ca 2b9ee134
dbcd2f96 e655b9ab aa402f32
a011e192 ebff72fb 9e692e26
44dfbd6b d61d94f2 5c21eb26
e4954909 7c138d4c dd36a3ac
0b5033ab 0519f74b 150c2019
930a72bd 33e8177d 5eb10149
da5c78f6 bb847981 ce9d39f6
b98945c6 435c4559 65af9fd6
e9c01007 13a93c16 33e2049a
7c546cc8 57392253 b659d4d8
e9ffb7aa c7247d35 48870832
0bd68423 61d72e3b 8293be11
d3648e3f c7576aea 2d391b96
3123be78 155363a5 179a2b58
a5aac514 53d44b50 7daa7240
fdd95d7f 6b0d567c cf24f384
7fae0280 d15ffec1 562ae280
d887aa6e 359ba345 b4aef9a6
ae8cfddd dbd05907 1cacc60b
d86db2fb 19fb139f 8f83cae5
0106c0f4 22d2d832 96478fa8
7c86cc1b 851080f7 54cc6e0d
a6834087 b8c485b7 a7b54381
b9ab543b fce82cc1 d61ca47b
f04a5339 1da6abc8 cb9e1788
2e5b9839 f6d8188f b1875fd7
86256186 87b4fb69 e82b61f6
9f36cc1f 28f959e9 57fd8f37
6627fa64 05be25cf 2bbbeadc
eb0484a1 e4b72e2d 52b73e4d
81115c74 2519c4f9 9fffbcd4
12e7407a 8b7b9859 194bda6a
a431ed95 fe3b14cd f9e1e451
bebbd873 8fbf013c 2aac2df4
b2fc9098 a3ae243f 9fccf568
7d387b9a dfd5d51a b3b5afa4
77b6a8a6 9ece7e3a 2ff7e99c
daac57ec 72218f9d ce3abfbc
b3c78ad3 72ba9f35 fad6caaf
b47ccb8e d83f0098 120adc50
d1914c9b 5ccee943 707a1f91
1a783613 3c33c439 27f3963b
b3290d45 b0d40596 34741f6e
daf7e8f4 8059f2fa 2d242648
bbb4e7ac b0e61ea7 0ab14934
f1b66eb2 bc1d74b2 fd2b9fc4
6535fb18 0a181a93 13bf9ec8
c179e905 ecc24ddc 21a4c14c
c3de7a4d cf1db79c 82b891ec
bf3de8d7 0826873b 00f80a8d
839a85a1 2f3910ef d575d14f
7b5f1207 5a52ed71 b4e57017
ebf35449 d222c326 73041dd6
38127692 be438ffb ae8bcf26
5142d48f 91bc69f4 f4e53f4c
2b3a629f 279d4176 7476d44a
d8326804 fda7aeac 532c9ab0
d5effad4 ecf5f0d0 4b068c40
5b559822 d98f4071 83cea702
66684d2c 9bf181d4 a7af1470
c9cbc72e a463a31e e47da164
a3d1c368 b7dd8ea6 9d306570
6e5deae4 265e8651 2c62aa24
f37a61f1 56409571 26468061
87ca42d4 866d4d5a ff794288
180c33d2 b55e94da 097588d4
5e17893d 50eeb06c 86fdd5bc
5a6a6d1a a797143f e10ce166
26b376b0 974b53ca 4ea6b6e0
a03e9a96 3df6998b b6859572
8d8bdd84 718eb82a e36137a8
b415241d 3e0e74d9 39dec095
e8549e92 a94c9722 3a1d2d64
364acff5 92f000d3 6f5966ef
470b722b 7bf4b95c 479a1a74
a359668e 552b880c 86863ea8
bce7b6aa 16c14992 2166a6f4
b08fdf0a 74af0fd5 559c2952
0de72080 196b9606 d5f5c300
c9e9e13a b1b888ea cb1eaf04
3e1859a5 b3185b13 0a244e3f
12a53a69 c41b3d76 8426f166
f7bc8063 bec6fe58 f6c05c08
1d46acca 051ccb14 2ca1adc8
f261752a 1532d684 c66585a8
367d33d9 4dede994 b9777a74
34c84e48 baa80cff a67159b8
e9f8357f 15691c46 7bcf84ba
ba9bf0b9 0b28355e 5e00b0ee
f55ac806 1ef709af 9be0f21a
0a16edc0 216b9d22 861a5380
aeb2f709 d7555fdd cf2899c5
6f2a9a5b fe29b438 486cbfe8
46d96051 8e6f0f7e 4cc126de
6d474f06 e3dcd27f f05b1ffa
cd4c5c92 de9a1d52 b4c630c4
77697e79 472cc8cf 44e7cbd7
ee620bbf 5614ed49 d3c12c77
eff0dec2 5d026aea 45ebf154
9adeced6 a4d5e901 952d94d6
1eea5aa2 a36fb60a 43d4b654
21bfab0a ed3a2c68 a9873410
89ec4e9e 3f598020 9bc6d3c0
d3f3ad7c 3ba42c86 8ace1ee8
fff8932c 619a6144 6242c3b0
b7bd4049 c5117e7b df6ad113
003e5b86 449992cb 0cbaff42
e81843da e6aceab8 71ee08b0
9788b38a 60df133e fda4b96c
20abb3d4 39b784c7 aebe19cc
b3802872 8920fcc7 c0afa89e
f02905db 63624b73 d5faca61
4614969b b9535a52 86cbbba6
92ee17f9 2b46027c 68998e9c
a0e733ab 115d0ebb 4dd517e9
9ad2f58d c41cd4d1 e8ff3c1d
564fab1f 033b29e5 c4d109bb
8c9c5018 ef4bd883 b6993c48
ebcdff7c 5638bb6f 43115ac4
8d2a665c 0000c630 431e5940
2b2593cf 36ea7229 6a0cda27
9242dca9 ecba6710 29bfc990
beb036b5 aba96705 a3f0e489
13d53ff5 016d6414 09f5b324
dcc3ae0c 9e01b5ed d1429d1c
79bca7d1 46acb889 a50006d9
36ea879d ad98c1c9 8c99d745
390b985a 505af534 5ecd1448
148d8c06 d50ed5e5 ce733f5e
d98d82de a055767d a8213a66
d1bb2007 35b28c73 44713725
6a0e59ec 44ff1956 49ae4148
fc771615 48ffedf5 c4549319
3907da81 561eb488 c2ecc888
00d9ade0 62444639 a582f6e0
d4685acc 713a247d 01f1059c
c2b5af21 5c88e342 32a96982
2e89f28d eb60a660 4ae262e0
51c2105c 6bf60945 0849a4cc
14849040 b6d4b6cd a1b50340
8e83f056 4ea6bf13 0fdf0062
882b607a 84f224df d2ae3246
a1d61013 2451eab4 3737ab5c
d7aefb40 5aad39d5 b4c84c40
d8da96c5 2aefc73e 840ea6b6
57e49aa7 453b1e72 9569705e
6b6c2e57 3266440e 10e3a4c2
26f7b5ec 88604ce4 d7201630
957be3b7 4f083471 bca8afc7
63414183 97e3ead2 6d927b76
b21c9200 1cbdbeea cc797400
4dca6048 0c029f6b 55f2f618
5c435244 d2b98dd0 46264b40
a681a732 2e9eaf2c 6c6fea98
266fc051 cc069ecf 1af47f7f
3c9577c3 4c0ff217 a5111885
8ece2362 8d03af02 6bf244c4
aa313599 bdbfcc0b 78fa3993
1f3041b0 1d150230 8cffb100
6915d555 1c49dd8c 72580b7c
73fe0a1d 64c1ad03 fcacb757
67ef686d 6c81c1dd d2545319
11879622 ec082fbd deba151a
af9bde82 6850af24 97a62848
b2bc5769 79b22f8b 0851bd03
3f1e2d71 d3c928e9 fa4a03d9
893a8d6b 40856eae a72718ba
d3e1aa4e ad255c33 a26ef58a
bdcc15be b691f14f 171093a2
0275a58d 2365c467 a7b68fbb
5161ea14 d4338dd7 79249acc
38b5f606 5f8480d1 5ca8dae6
de6386c3 d7311daa 84ae947e
b2f7627d 72616779 1aead815
bff3f17a 2db5dd33 02516d4e
0367ff21 fd929a45 98539de5
bec56525 858f5193 b904c93f
244ea5ab 73e840a3 bb763be1
2f348f15 c0b87592 887632fa
76dac72e 59f4f470 5b66fc20
9b9a1525 7a844f5f d3c843bb
4109859c 0303b203 c6d708d4
dcae225e 6cbfbebf 2f8f6822
bafbfd82 a6625697 499033ae
f733c7f3 9960a974 6896051c
24ec093a 3bfe2b4c 212b7b38
78a065dc 69d3a246 aca51228
5de05e85 64120e33 92381a7f
657fe36d a9d1f9b2 981e26ca
19917494 639aeb4c 7a3a77f0
e79439ce 2e906e3d 67084a16
1fe35c6d 5a9982d1 0cb2cefd
0d342a98 eadaa2ce d85e7650
045ef661 d46174f6 e9a5b536
ca9b0666 29196e6f 6bed9a3a
de822c67 8df93d6e 8bb29f42
52cc678d 240fbd4f 5aca0d83
30bd9eb4 13fe88c5 10d2c084
47c714d7 53db8e2e dc4200a2
6e785a83 70478328 43742d78
9d0c66e7 94de6bbb af63b7bd
441d4264 ecf00e14 59aaa7d0
bd7c9e05 c46b971a 9ff3ff82
bc297920 feaf3e62 a0161e40
edd9d535 5f7be485 af85f889
f07c9157 4447f7df 17de8bc9
beba46e6 b3722574 bd135e38
f0fe3d6c 8b3bf30e 4e18dfe8
c798a135 611040cb 96a51507
6302085c 29be8713 5bd722d4
06463062 ab208324 4ee0f3c8
37373678 3587114e 0eb89090
f1e38ed1 34c27fb8 6dca5538
a94e2372 7b2a4872 f577d8c4
d16d146c a5bffc64 074a4a30
0e94b24b 0efd4491 0fb3e87b
c92b8682 1ef5097b 260e3276
47c04e2f b7323098 87053be8
4b7ea2cf 2b591589 29171bc7
6faafb9b 8d02b688 37ebdc58
d56f44e4 bfbc209f 2c28499c
b54ef5b6 58d3c93f b25c5dca
fcfda14f ef0e6caf 84c09901
01861d6f 4dc5b952 71a5a48e
6fd2e766 3b2f00ac 1f6d7888
9e6a3b17 7cda273b 27121f4d
72a4eeec 8a984034 995b87f0
63a67b0d 0042813a 31136df2
e5c74e29 2627dce3 05248a5b
824ae3a9 1079d7af 21458f87
26f3b7c4 c98d5cd0 5703bf40
6341654e 76da9537 9b6f29c2
6587a530 9188b61b 163e8c10
4929a990 0939fda1 00d6f390
198a60b6 5e20f65c 1169a568
d66336ec 19c97459 a8ad080c
b2ed61b4 0d1e627d d4679ce4
f9011bbf aeae7b28 1e531ad8
b07d4996 fec673c1 1486dc16
7faecc8b 98c9e373 7c082371
ebcfd19b 01369d6b d51aaac9
9d493a6e 8aadc179 54ff8bfe
e2a455a1 958ca74f ad9e73af
e375661d 686e62c9 30ba46c5
7bf6fe14 bf73814b d66083dc
364719e4 791ffe2d fccbc514
581825a1 c82e25af 40dffe0f
e20732c7 716d239d 1016590b
6b0c15bc db517e26 8af9c1e8
64fa1e50 e92c7214 4ac9fe40
3898a002 683e7fcc 617c7f98
c57e630f c7f69cb8 d09e56c8
006acdf7 c467ab3a 6a27a6f6
ddf8ccb3 e189725e 2b4ddfba
2954361b bfb3199d 8bced18f
36c1b608 5d3cb942 ac5cb610
4680ecf8 4f47d130 ba6ae680
6d3ee4f2 b8bea314 704bf8e8
9512dce5 e6f03c77 8c3a5a73
bfd22dae 66b8fe97 d75b95a2
7b654e34 39a041ef 60ef368c
acb3d8ac b9d9d232 38a96998
0a35424a c33b63be d137d0ec
9da79935 720c3b1e e26f2b36
9589b067 15d89f0a a5d8dd06
132847b4 1ac1afee af2ab558
f80582b0 adef91ed ae6facf0
98f19ecd 412d70b6 684995be
7af03362 11d1ea2e 1b22cf9c
35b4254d 1c648214 ab180404
852bc0d6 b82786f1 75ba8d76
d9658ad6 adfa76ca 8b1a30dc
b26ed825 32b7cb60 8b6964e0
161131ba 4d2feba7 41032e56
50565ef1 7dfe50b1 6980f4a1
ebbcc9d1 e6a0c0ce 31e7262e
1b9ed9fc 316fc723 026eb174
a09269d6 ff7e585e 8b786c94
de532f58 c511150a 5efa1170
ae779fdd 4fe11dfb 50a2c6af
a23dd286 91cf9a66 f5a07d64
09a83fcb bdb95c1e 91576dca
48c4cec5 b6b3be22 5d58ac2a
3cb3ce94 c2288a3f 4cbb9e6c
42907b07 40e0313d ea19a7ab
a9a20961 5fe3124c 10c69acc
526afbd9 6376c25d 04bdefd5
04568a75 5b2d0d4e a4f720a6
0d7fe63d e696a6a8 80f8a608
697c5b67 c3f1782c ed2efdb4
6e839247 e02f1af4 ad4ba1ac
8e9579f0 0d25ce6f ea9eff10
50dfcef4 a98144b9 41a95e54
ccd6d642 5fd3a627 9a0f700e
edf3c19b fa536a30 af1f7b10
e5d7c1fd 707aa476 4c4b7e9e
f0f99219 9ca426b0 8b482730
60b602cd c37c2e47 09479cdb
72a232a8 66381f32 0c903cd0
e010659f dcf0e639 88037a67
2af24fd4 80ac9aa2 93cc0c28
e629d5b9 af1f113c 1166605c
d0e7d3ca 43a4bfe8 d483a510
4e992668 2f30813f cf8adb98
00d05ab5 9525122c 3f59511c
87578547 90aa38d5 321f6c13
32587338 5bb986c2 9ecea070
2ffa3438 966b0107 ed73a588
621f93b6 d2cf0c52 a533d84c
67fc4a87 496549e2 a43d4a2e
be934164 52d8b762 6c7d8448
b2196e8d aead0e36 80b207be
ce0bb18c dd37f71b 049dcdc4
c72b0bf1 2ecc8939 3405a1a9
667a2fa1 ea4ed8e6 d704a2a6
5959fa5a cb81e6c5 1e848342
6159b159 52f68121 ac73b579
86386c44 766a39e0 2da1df80
7ba19e03 419361fe 65f2e9fa
918089e9 e192ac9e 99dfa9ce
ea919272 c47689a9 8a04af42
5b8a19ac 1fe80483 17f1d304
8fa56018 29346c3a ace1e570
3103ded2 9130a405 2931e21a
91db988c e10ad6ef bf0072b4
9505431f 8b5e2e88 973d3a78
ad133f5e 98a2be4d 414dd346
734434bf 0560571a 657a4466
2340c859 e9247440 587e6a40
59caae8d 4610d3f3 c011e6d7
46637467 e2ee9d14 a3ea430c
2ff01151 0e68de90 9cf5fb90
ecf96da2 e71dfcab 6be1b336
b3c6a520 39e5a295 2cbc5ba0
f11ad23c 3a155f08 53c6d5e0
f15c6328 128d10cf 5ceead58
45c8cd47 0ffd4baf 90932089
4dbdc790 82168899 8ed0c510
7efe5d9a b33f312b bb8a32de
684c0b7c e326623a 66081218
6b689751 a891dbb9 f4e8a489
15914fce c0ce203a c4a9d4ac
ec6b9026 e8569ec6 1aecf164
dc0f3831 f7ff658b bd3dd79b
954aae80 1b89d5d2 7cf3a500
60e91512 581d08cc 156f5a58
98e88729 890f4bba 14f236ca
8a15e094 3a369775 eaaeefa4
60f5956d 36eb9ae4 3faba714
ba732534 ca71714b e71bda3c
418f7454 84b4a693 c5de443c
5d54d95d e455286a e6f98882
d41f1a4f 81243f66 adf9ec7a
b77f6044 89321823 38b8894c
333ecdf8 c10f2752 0506c170
558026c4 475c683f 64b92a3c
85029fa3 d75357bb b4040111
28c84733 64d6e8ff 90a723cd
bd60a885 c20a69d3 1afb729f
9edfc5ab 9086cb12 44fc7f06
5d4b2352 c9a59fa3 37a16b36
549224fb f2a7c5fc 1c0e8e14
2fd7a6d7 2f746b92 7e25039e
319e608a 14d6110b 21934fee
92718641 d0987fbd f6025cfd
8b276779 8d894e69 19714ea1
d75018b3 d9ebcddf 19dddaed
cce60c44 ed40fd53 cdb52e0c
bae1816b aded3ed4 7f26169c
945537ae a76d0e38 52c5b210
3c54727d 8a6fdafd 8f269789
70f1dfda a8d5a973 b9d078ee
e522f800 6aa25d75 5d135800
c86270c9 ad2fffdf 25ff7617
becb831f 095263ca 57387376
e26e49a6 5f96fa78 98e2a1d0
d63fc0df 228df857 6b5593c9
41282a51 691c6c1e 6e6b217e
e85ac781 f920f5bf a5c94e3f
f8f47d0e 6d548823 ea7488ea
9749f501 5262f165 6c359a65
940b3304 bbfec5d2 9969ed48
d5396c39 b22f116e ef53497e
ce2a0ae3 46df76e1 21b53383
e62866c3 4aa9f6d6 6d404902
77d36bb7 f453201e d0927f72
ded23ea0 4fab94f8 9cc12b00
70ceaeb5 aaebe857 36b86783
71ccfd2c b7cc9a50 136b95c0
7e958775 0756c63b 8788b5f7
98e8e525 12c129ab cb28fcb7
0724c043 6988d436 8f900a22
3aa8444e f51f2667 7f490f62
d8f5774f 60f8ddf1 5b9c845f
08a359c0 a8cd069f 104f3e40
e3591a4f 7a05df65 799d322b
ed35646e b7c662ea 9253e88c
778d43e1 8d3fe098 38a42d98
e33ee8e9 90dbb5b6 58b952a6
e750f5ee 5dc032fc 6c3a9248
62486991 a2d05835 c517b305
c690a9a8 78dffdb7 726c4f18
3510d1bc c521c22b 5dffb294
6549e486 6992970b 3a63dbc2
2c6580bf 611f7668 c8b55798
4eb951ba afb96ec6 b9dd21dc
f9fad0aa 184a84c5 f2be3ad2
a329b163 d0a0e297 5a110765
5369b8b5 4a37dbd6 2c463e4e
187bf310 d4eb714b 424a45b0
dac7617d 97e4a620 30773da0
eebc1d64 9f41635c 1d5c3bf0
fd09e2d6 2be12ad8 6fa48090
0cac903d 7a3f74d5 4df2a6c1
cac8e709 52d5810f 3aae1287
4e0bd4c7 54da4565 787a9583
322402d0 b92cc4d6 480199e0
7df75fd1 1be2e4b4 84c782f4
4e60bc4b 557cf823 88f66641
ee0fff7c 32b42037 008f63a4
26d3a915 0f789c67 1709d373
5d62de10 973c5d7e 5d151be0
2a9b8989 d2517a0d 2fca45f5
b7bbc209 7bf47632 b1b00bc2
7e37d293 3431d36f e6e676bd
7cad37a0 84119f0a a5f08c40
e63d90e6 e9ee059c 8d2cca28
9710756c fa5123a4 a5c4fd30
83013ee0 5dcd7a69 0cd989e0
dc8866ef 1c71d85d c7e60cd3
967f2a7a 747037dd 1b47e152
e65672f7 b2c7f410 e6fb9b70
a51023d7 689832ba b4620836
b9874c4d 15dfc56d e465bdc9
874eb319 ac62f9d6 038f07e6
1d1787db 936be6b5 3f3acfd7
9592662c b082cfed fb7e2abc
e09b7137 e5c23c10 76edf770
c1027733 ca249bdb 9c73d9a1
f514dc42 076eb813 a137c8e6
417b04a1 038fff93 9c2f0773
dc50d662 fe929810 443b9620
2a97b4aa 6e9b2e67 d46e3c66
0362ab92 85da900d a0d8d66a
09ccfdf0 c664241d c1ae8430
35013444 735d3c69 8e725fe4
39821911 160a1b71 8bbbdb81
c8aeae1e 23534868 35a92c30
82691327 9873ec34 1d84d7ec
dfbc9496 00370267 6a42f45a
5cb23aa0 50502752 2a052740
265ab036 6de5186e 99cac734
49b27555 f6c591e6 43338f5e
3128d9c1 6f4893ea 51a8dd6a
c4b15961 4503e136 8e1a1b76
f048336d fc550dd9 b7012065
8bba21bf 0c9a1e3b 44c02905
8d7264ff 6ccdaba7 23493759
904dd6a8 5dbb2567 240fa598
b29ded5b 7152933a 5939079e
d4ef03db ac64e428 ca53a638
d33d0222 5f271153 7b19f306
7221d33d cbd59909 5b30e225
80821502 3bac483f c943bb7e
7710ce0c 5d423a91 ba4b6ccc
29d2498e 06756ff9 cd541d1e
12f43cf5 2956c23d 51b23061
d280bb45 8762218e 6ef5c546
70fb08c7 a18ff10d 1e2bc91b
2c3ada54 1387843c 14aa7bb0
0a5b4a4a 50e32ff8 cab18db0
0622edc4 4b6fa6f7 15dc801c
6e16b40d 12cd3be4 60205a94
924eeed7 24e71191 dc928ec7
eac490e4 31ee9e16 d6492b98
c23c0a0b 12eae5fb 19e7afc9
674438ad 0b7387a3 9f0a5127
95fb4ec4 7b5782da 469c9ae8
05362118 db1744e7 95ca3ca8
294f8065 489d3366 7232473e
7066c440 4c6f6fa7 f9e1c5c0
9722fd5d 946264ed 57f6e319
ada52322 9565e337 630bb24e
eb831a9b 6691c8a1 5e07d37b
5c23b794 4fbf9220 86955a80
64df7fc1 578fcf21 aceb86e1
240db071 c0c82456 a1b129f6
47c12afd 4911ebea e8d48a42
30ae3c84 0548df7a 92dfd2e8
d2f31604 65264f3c 4d5c64f0
9f6b4db9 9654838b 5ebcde73
c9c7146e 917790eb 025fa0fa
10984fe7 1db22e79 eff7462f
7a154452 ee1449e5 d7e97f5a
a73eafb3 965c4246 eac430f2
389b6e05 304f85bb fd3cf6a7
88bc115c cf4c2afa edd20bd8
0a5bee90 7d5700e6 b1885560
a5a61d8c a11c27ba f081cbb8
9a10889c 649be1ab 17905c34
a50a3633 84bdc398 15000748
0a79046f 7ec90371 279f41ff
8bb8e3c1 84db516c cc2b266c
5cf0f260 d2ca634e 7ee4f940
3b0a73e5 5a692462 1d3991aa
fcd92815 71ca29bf 530244ab
860475bc b2c0e4a8 f0c8b360
b5026387 f30fc67d 350e02eb
7e6bf810 ed4bd446 77a31460
e41cb27e 47805099 7dee0d4e
2a2a69b4 65bc02a3 d204b59c
7c3daa4d f60e713e 9d513ba6
b3886e6d 4489d920 22fd32a0
2c2fa95a f4059566 6f50dbdc
24da7ffe 0bdc396e 64aa8d24
7d282c6e 7a09d0d2 4aebd23c
89705c52 ea55c1e5 4256675a
df707854 ff350586 bc9c9ff8
a48bfe90 8b1a14bb 2cc63330
3c33078d 4072a261 b6e7166d
54266f10 f9825fce f0444ee0
d54f2d1b c9310f53 a17b34c1
29bceec2 43d8e02b 8d55da96
4ff3f05a d52166d9 d524984a
52258e14 b416b257 4d4530cc
99e7b0e0 4eea73f5 4bf0e660
b74952fe c5205660 33207340
27875ce5 055aebc0 094de2c0
6f43edc0 959c980d 9c9d12c0
dc5be9a6 f2a0bbb0 969ce420
a840efab a219f11b 7e2c4209
dc6c3afa a6bda62a fe91c904
da335501 ae339a41 e55e2f41
86a0573e 848b52bb 09bb964a
466efc94 40f5433b 0152f21c
51334465 3e230327 c86b9a63
871dd1ad f82ddeea d07eae22
e79db927 aadb7a83 fa4f54f5
47860f02 1440b020 03934040
c94f5101 0ad59139 2f5f9a39
42059d53 b5d97083 480ed179
3ce662d8 42decdab 925afe48
0dea00b0 efd8643d 9d86e9f0
649e8266 a402cc8d 18031a2e
cf17b931 f09cde28 b8296da8
6a9fb178 d7efec4b eb6b9e28
9f1adff9 d0a45ff6 a874a046
16735453 c3ecb03f c5ded06d
5039badd 54fa5a9f 1f5ec143
85cccb9d 890346c5 5e1c9dd1
0377d928 e4f4419c 254b7c60
478e8663 9557cf92 5897b176
d0cb4f3a cbbf1076 0cf024bc
19ebef92 f7a48adb b382a5e6
c960853e 495fb908 2b4ff7f0
a2d452a1 bb6b2da8 522786a8
3aede9f1 43dc0cc7 14042657
2dad52a5 dfa19878 0715b558
ab5588ca 365e7579 e91df97a
910f3fd7 a75b44d8 643ff968
58534557 f9852d2a c60cab46
ce8262f3 2991b282 7da63566
8b9c8aee cc08781a 8e75ac2c
ede0cbb9 e0142a3f 36327c87
580615df b8bdbb29 f89665b7
71a9622a 0a5b6a08 38de7550
d51feb21 7ec9aeac be2b682c
4ee5edc7 6d508cfc 718ee3e4
c3a7ece6 95dfcddf 22558a5a
c7fc296e d636d705 5fec3126
a815b074 33c08bb7 61501eec
9a225c89 4f598512 231eaea2
de8fb6e0 f4d3b041 8ad76ee0
2c856b6d 9884a162 0fd6acba
f56507d0 a6de003d 1f72dc90
de0c6797 e64388ae 49fba0a2
5916ed87 f643748d 5996ff5b
00abc7d1 6b8bce7b 66ce2f6b
fffd3fbc 62a49b6b 20e07794
e4d6fa6f 336482b7 b1356359
a3c00335 78c7588d 880efc31
f9611dc8 a5747d23 ea71ba58
28023b12 0fcb0d2f 5aaec24e
4e4a05dc 0ba91de9 f645413c
6521902e c2674b4a ef73274c
2a737bc6 a2014e33 6c7dfc72
2d4eb72a 9bedd8a0 bb9fea40
dc5bdfc4 50e5b521 c7616c44
82e70b68 800693b5 7d57c888
687a5d96 7c495641 fa482716
68b21cf4 abf75e2e 220ecbd8
b362c25f 8d02de51 3e8be20f
b3d071d5 682e13e4 9a5e30b4
6655dd6c b09c724d 323db17c
1a70072e d660b498 9cd09b50
52e6d01f 9d008753 9b95d30d
4d0ca4ef ec55bfe3 d89f90ed
2dd535aa 286b78ae 1620298c
96193c40 9c5e5c51 af231040
f4adfe22 bdd5e97f 4ae804de
94381fac aff4a925 3cf51fdc
0d58bfd9 46bb697b 49d72e43
23b25a7b c9b688bf 4894d9c5
ef5817f9 2fd69c37 dbaee27f
fa35eef6 4e493af6 c01d5c64
60c5f5e7 37b2a29e 9b67f292
743ab749 6de348a2 ab6f8432
448b2776 78a6b3cf 9fa06a6a
ae2208d5 d07a614d 8b175d11
e8584dbb 82f8d184 2825bf6c
95f2c742 60ba4b6c e8c065d8
b5063b30 e5d0a26c 57155840
02df8707 f66a495b 65dbfe7d
dc659b60 423a758f 8084aaa0
8d55f622 22db3069 297e53f2
0a809293 9ceacb15 5f24970f
55c75290 d08f27b6 77b8a260
bce7be33 26d2f78d 3bfcf717
349cfec9 7040b019 b4bf11a1
cdc544fb d5b5c888 0b27bd58
9d0d6b6b 9077ca2f 8af626a5
a4c33293 e48059ca 141b02fe
e43af2f0 d4cfeac6 97b745a0
e8fbacc9 8ece800a 77f73fda
50d2fa53 53761042 514bb966
233825b6 dd68430a 82001b1c
b20ba8fa 4eb046fb 1983091e
bf7b91a2 149213e2 ed499704
463a05d9 505e7156 29c0bfe6
68670fbd 2fe8ad41 1e15b7fd
d9efc40f d525b90c 4d1707b4
2ab79352 829c16fe 92c5375c
19299424 81aaab85 5c7602b4
f092f3a5 bec0a811 9b6675f5
02cabaae b7952d2d 29b96696
360e95b1 9b18f5df 3f8eca2f
05595ad4 572c50c2 a28914a8
73c6a9c6 0568154a 99ca513c
b1fcc65f f306a7ef e39f2bb1
389d8080 cd66f938 47709c00
20b06840 4fad0750 3d3a5400
80a8430e c310fca2 e75c36dc
36b57e99 8f80f946 41436ed6
91ee8d66 cd1978b3 590aae52
6da67942 eb012789 19d1f252
43c3a54a 4edfcece 7de68d8c
d1086c09 6ddeead7 c5a0f58f
43ccf05c 9f3a5cd2 dd563b78
8f1dc0e9 3fb0a87a b1f6d70a
0a108a6c 7de3e740 eace0f00
df0120d3 2deafacd c5d356f7
2f21bf0d 54780df8 317cbd98
a91522fb c5e5dffe 9df85a0a
fe2a8442 0e9716e9 9afe0c12
38a1c03d 8ab0511d a41613e9
b1be4049 1406e2eb 541b7503
1220fedb e0e86def 8fc92d75
ebf1959d ff178178 29bd3e98
a93af5b4 462eaa55 b6151cc4
b562c414 15466fc6 5ee05378
0aab2213 936f4d89 de11f32b
6236b92b 51a4f028 e0b13eb8
986a92ad 6e5c967d ea26fc79
417481a7 f06df703 f190a5f5
c1352ebb adc75efc 69dfaa14
911dea77 c0269313 0084bbd5
363b1596 31854012 827b048c
ddb711e2 64b43cb3 ca1a7906
a53f0ae7 eb25d354 cf0ef8cc
3fc004e7 b5c709dc abc15584
595f528f 10e07cb1 240558df
ab0c9e0a 63eff5ad 141c5ec2
a3d6f67e cea36513 4e6e015a
6ea7ff4d b55ae004 ec155d34
aa7e3833 a9698176 e86a9a82
0fa069d8 3f3eb6a1 a97220d8
3aa5f1f5 f340d780 bd6dbd80
1892c25b 7a62a77c 68b58114
afdb0a62 1ed2ce43 491293a6
b893057b eb216787 1a9760dd
b4c18a70 f83490a7 66e04f10
a111a194 7897a49e 62b08958
5613189f 05cd8191 328c110f
81a2878a 273ca31a 7126a204
6d24eaa0 9a30bcec f855cb80
24dc85f0 c9696c0f 90dd1910
cf9febdd f13f09dd f4bc62c9
22476915 6dc68f50 d1419190
480a2bbb f4c654e8 ae32fd78
be56448e d2ecf472 aaa9df3c
dd1b9329 19958cc7 9cc6d0df
18db13dd 909a0d85 4cc58ad1
c4974810 2a1a435f 7d9fedf0
3da74898 3013f6ba 6e94ce70
e9ec6e3c f8ee795f 2a9f4444
19516148 23146633 e9991158
fda2de8b b76bb075 45884587
474ac0d4 b9cfe69f 90183bac
415eec8d 1fc50e68 db00cf48
d4727ed0 f1cd8565 a99e1810
55dc2d74 7b070e7b 45722ebc
2987b10e 2bfe2561 5ee51c4e
4daf87db 753f8fcb 2cf90fa9
ef2dd5fb 3ccd1599 e2f17a03
8d654753 48d3d5c3 19e66339
7cb00453 1b238e1d 1aaf8767
8fe44009 244a8dae 4b027b1e
1c0815d3 d8a8f0c9 f146f2ab
90d23330 c3ed8e95 d62c6af0
b64239a8 eb62ece7 cd38e698
00a02c1e 5e0343c2 ed4748bc
2fb20a9e 0f75425a c78a778c
ed91ad6b 6f594090 bc7f4c30
7e3a4844 40b678f3 838a788c
4393c604 b66ccfb7 2d6fc8dc
9c816082 6d4430dc bdcf4fb8
64f23d39 d811be21 f5733259
0d1a7e10 e9d07d2c 2d1b7ac0
f43e9589 39c4b27a e7b0854a
58b7dfc0 37629d21 1b6c97c0
7716de72 5bd04eee f1a989fc
5c57248b b9e0d7c3 f2b192e1
cf1ba670 89665651 12494970
5c796562 c8715be8 454fb6d0
55d50b6e 10351e77 1b253422
738ef31f ac785ffa b059ed46
f954ecc9 3b5ee505 1b466ced
e69b404e df51d1cf 81b6ad12
0dcd9eeb 62da01d3 7836e6b1
ee3562cd 55b151a4 df332854
99061e6a c5355ff8 6128ccb0
24f6c5c9 97eadb4d 92267075
53fabb6b 4bc651df ca781d35
ac823394 932615ff 27e4846c
ef6176e6 605a78cf 4c66f3fa
c801774d 5249a92a 76f467a2
57bd1deb 7758caed f978208f
7c32b77b 86f6632e a043891a
c56273f4 170ffda6 01bb5438
97469319 081ed426 eb3889b6
89088518 380ec9d9 6008a958
0f1f5fa8 25aec38e 95740730
2b4c6ab2 359e65f2 c8311644
22194a2d 66963f11 e14cfffd
3956b35e 2ce52ad0 6af52860
b2182b1b 5656fe1e 66abd72a
8c5af01e 525beb91 f0978afe
7a9441f3 b193e7dc 0073f1d4
8e4d03fd f3cd6409 6edcf7e5
29ee569b a383f952 42e580a6
2acf9ada 4eb26291 d072297a
9ddacacb a233805a c0c1cb5e
f8e8d3e5 4c5f65c2 1a04ec8a
30252dfb 7e00812b 5c6a3429
8848fc09 b5fb4b7f 77deab77
3401e51b ce017fb5 551a6117
0f83b284 9afa8768 7d8c21a0
facac898 e164f8c3 6e2a0bc8
c77dea66 e72bef2a b19faebc
cedb6391 4386497d a169f6cd
a7553561 30b11436 0c35d676
11e1e6d1 5df78395 a23f4aa5
5b462c2d cc385a7f 792fbc53
fc4c2360 3ccb92b4 5ed59f80
7a60d98d d6e5ab79 023902a5
b5fa7d84 1b468b09 a60d15a4
f5913658 02c6144f d81ea528
b68c9089 eb7f546b e3245d43
2e6a13e5 7f60cda6 1b97477e
e97d20ff bcc5f5b6 67c4804a
bd321694 6625fe5f 236138ec
3d55afdf c4f54db7 aa91cb69
0aad67e4 4edd78cd fd631194
52be0cbc 2c335466 2d5ac2e8
6d0d0fa6 0ab7f11a 0ab8dcdc
3fc82890 b27d5485 be9c52d0
6157d31f ec71f79b 718ebcc5
754c7879 1f4d1501 9e936579
36de040e fdc13abb 45a6223a
e3cd5b0b bd757430 7ec90e10
a42e0506 305e16b5 012c113e
f3facc4e 822a4705 735b9f86
9e79f6aa 96f59cc5 f2dc68d2
304e2ee1 d7ce46ef 29dd4a0f
114643fa 6c90dbcf c897d526
4ab98ee5 7e14742d 1741e241
8ced05f6 538acc44 48519d58
de87fa13 174e8f88 13b77718
d125201a 012c666f 185b4746
ebf9b91e c13c3f30 b46917a0
c3136a05 1ad20a50 324f5390
83a3aca5 a0d98487 48321f03
5bdd9917 880ab51e a41b33b2
273afc72 ab413975 4f1cc21a
026081cc 6b93ea80 33095e00
c769d7ea d9001b5c 2dcf4618
9cdb36f3 64203011 4f3c3623
4439663a e1d39ced 5f3cfbb2
1eca5ba9 83b085a4 5a718544
05a2ca6a 8d29eae7 afe389a6
75a94fec 4682cd78 da3572a0
3e475883 f8ea5f3b a4080331
db16dcda 0460dccc 75c355b8
11823372 40f214ba 066248d4
7cd3e45c d3314cc5 80760acc
76801533 dda51062 0f3a4d86
aa97d19d 03b50a84 ef7936f4
33318fef 3679e9e9 26138787
96cdd34a 538f847c 30fa7fd8
3f51a23b 7ad8fc67 d55259bd
66550bcd befb78fd b793c199
3986eec2 3a4581b3 85f2b3a6
d2c6c1b3 61fd19c2 647044a6
83c30747 dbf6d2e0 01d89c20
04216856 9a556f1d 54941bbe
7b3667ad 6be9d919 d1a6c4e5
d93f01b7 231905a7 2301b161
1b168280 a2fd9ea2 01499500
d78d9218 5155ecc0 46d3b200
ab6372d2 4f11e371 43a7e4b2
bf5819e0 01302b61 06ba6de0
bcf3606a 7a1a759d 6b169302
0800c088 29349454 f32dcca0
69453239 5e1d1b36 1f599b06
d5aa50e0 468e20f0 b607d200
b30c80b7 aa5cb7fc f8158524
c19932ac eaaf3df3 21121544
9e1b6939 4d70fb3b 7e6c2323
61705bc8 3d8cda4c 74e38f60
d58cb30b ece44d2c 9fd514e4
229e73b5 783e3210 fa569550
da5c15b1 03abb120 86bd1720
d47b050b ab927f2d 9a6657ef
7ba5755f 6fd1a355 6b3a758b
97b6c590 816f8b96 5bccf260
b74c39e0 4d919b95 fe484f60
051cbb2f ae99439f 82ec8f31
28c56222 a462c195 e2e1bfca
cdbd5281 57d4118b 721a5d0b
498de305 f8dec6ea af9d6092
686d22b5 63a77710 e5074e50
c525d0de 56267345 b4f905d6
af564e77 2c210cf8 78a09748
0e73149f 59aedec6 43f5d4fa
65adfe78 55541223 7a0e3a68
3a1b0dbd a5b144f7 906d755b
727262f8 ef0c766a 489b4ab0
644372f8 7a97b32e 2dca1090
5d5c9fbe da4056f4 d5721518
c7a90908 1203ce7c 663ccfe0
79cb0a98 43d688e2 05f01a30
a18dc236 de36c748 6d3a9930
34dc06e8 bb87f699 227b10a8
4eceee1c 2005de3e af25f2c8
7790a51b d1ea55f5 69edf9d7
9a3edfec 9458bd0d a9a29afc
6d26f652 5c0600cc 38f84958
c77042f9 aa34c659 1e67de91
5d5783da fc4714e2 67056e74
3cb195c5 cf97f60d 5d22e901
4d9483f2 13aec203 1936efd6
79a366d2 35699c8e b16d007c
d9855a8b 052ea322 c8568776
bdfb1a6f ea305761 bcf0bd0f
37c9e9c3 db3282cc 76b14d64
f68d826c 52ae2e0e 269489e8
e3903b17 695003ac 7bc8f874
a3e6be22 4dd9bb01 959b9422
841b451f 8bb41791 b573ef8f
dec7c84c 445c54bc 53c007d0
aca15a40 80fa3ede ea47c380
9c1a109b 419412bd 0905286f
0b26f805 2fc9d2f5 4aac76c9
861d9de8 6da9739a 01e83590
d8349ad2 cb9e6d27 698afffe
6bb98b9b b72fb611 7f07774b
f107de33 ab154cdf 9700b26d
5f9ecee7 3483e9cf a7ee8bc9
6c7bcd98 51ffa63a bdc52470
ccf69d31 83a9e411 18b91441
6f3c062c 1754b0f7 91983474
3273e625 3456e412 998d229a
9ef1c7a1 bfe62819 c673a6b9
17702539 031a5c36 b1d25606
1b648fbc fb0e3f6f d0419684
9f50bd76 7b35e686 d9e92fc4
88dfe841 6ead2eb2 49582b32
1e6818a6 e7442055 71bcef1e
698efd53 54418d4f e2b9e39d
042c971d c5f94ad5 a8fd1d21
dae41e16 5344919f 489125aa
d99c7a02 421d5d9c c9e71338
15078ed4 b541bb60 8ffe6b80
5b05af5a 58e3663c 0600f518
3f1c874b 738923bc 57959c14
a6aca165 fd1da609 e62a2a8d
8330709d ba3c3519 4dd78055
8ebaef2b a8c0daae caf92d3a
dc9fe968 4fc59a1a 4fae4490
92dd0eda ab38cdab fc3d7d9e
92831d95 d91ab830 03faa3f0
bab3a1d7 4457e763 66919725
3bbc132b ef9bce85 202b8f57
be133a33 4566d801 e6804233
edb1bff6 1602a2b8 f727a4d0
9d5a691b f291df1d a3176d0f
e98578b4 5d80a90f 8980e68c
512aa66f e0605ed3 18e3ef7d
50ec1ba4 d4e459a6 fcc5f058
91989d20 eaacd60d c998baa0
0edc468d f6d01e0d 62041b29
85d6b320 0bac6b21 b70b7720
1a56d6b1 4f4d8756 d6a07676
9754901b a08d562e d879f6da
f2878990 6f2fa647 d83a86f0
04d15b54 82f7cb16 33757538
564f05f5 ad384a7e 3135c096
045adbe0 05359ec6 575a4f40
582cb36f 9648a32b c6f9d0a5
572d1db3 e08c72bc fa3f8574
014c5453 c2bb1452 dfaa7e96
24ee0c18 2f5e54f8 bb639740
9f0ace7c d4d17aea c983d558
7c1ef45a c0ae8dab 8a6eca1e
afe983d0 3c1dd091 0ceca8d0
5b4f1e78 ff015db9 60b69cb8
b677a58f ba68b8bd dd6c0293
a3f7467e ebed7d5c 96eedb48
c5bfb46d 29322e60 4c993ee0
4cb156da 9bafc42d 9eb12c52
7d94b109 c79c6ee7 15b99d1f
12abc04c f686e107 267d0e14
5198176a 5ce08a23 b92a577e
80a60d20 e78a17ab cd58a460
d3c8ad65 fadc7213 b9e7d87f
ed669897 19155f77 b0b3f731
bcfd63e0 e0408f8d 9a5a2260
482ae5da 0703ba76 1654567c
6704a2b0 bc16414f 32dce450
c07b42df 52cefcdb 3cb7b8c5
e5007cf8 0f99ae8b e46c6aa8
ef575966 f6ad4f4c 70730448
5f2d3586 c58ff37d 66bb546e
5529997a e16b93ff 178eee86
beb7cacc 7d10ceab 92b49e44
80544f06 4bb97af5 dbae7cbe
d6ff055b dad3c8d2 81627ca6
6fee7bdf 5aefeece d441ff72
266e35db f1521f3c c5802454
63b64b5d 51d8d30e b78dc616
8c6e9a7c de5f445e cda9a988
b6ec4d0f 4ef45b65 2eeabbeb
606e9af8 f1c8b586 373675d0
f8b26c0b 4c2adf3e a521bfaa
252c2261 0afa07ae d5aa04ee
6502527f b9da8748 a94e2cb8
33b3f5f8 804e814d 2da2f398
29f88566 556beeac dea07488
dc3320aa f93391a9 2f1eda3a
ea2cfad7 4985d412 5796af1e
f41e93ac bb513948 d4e6d460
8ed07e23 a81798ec c03e1044
0af7828b 4230e34c 0a4c0244
09db2830 fc3e823a 81af7ae0
3d7761c9 ee02fc31 e9ad9379
f3fc179c 3babc77f b99dfa64
54ebb8da 345d1a62 e234e774
f2593495 ebe6cbef 02d83e1b
6134d321 266b8a40 ebcf9240
0acb9dfe 557deb39 cc64578e
c8c60d93 b97278df 0158bb0d
ba68f2c5 07ae0978 76a0b958
952eee91 4ce465ca c04b736a
8cf271fd 73fb0ebb a16419cf
b34d0107 73455016 e4d3469a
2c693b42 e768e7cb ccba8b56
57e3995e d9dc3d37 98395932
64c761d1 d4cd8c47 65276cf7
1fb62914 00bf2d67 6d6f0b0c
a016b0a6 b32003a6 39887da4
8d425e6f 75ce3eaa 994397b6
2704efe9 b010de71 afc9f3d9
ddf63e05 db49830b 81be3937
1554e3d5 2e98154b c3073867
605fa16a 165f2c31 e4621d4a
32cf3c42 dca0edb2 9020ffe4
c35e7546 a64c79ad e10b564e
2f42b35e 8acef18b 75b6e20a
11007a28 408a0be1 d03b1528
d1125f25 0a5f152f a4e880cb
5da34849 2500302f 5b87f567
bf58145e 7cac9f44 bf33caf8
b6b7e03d a360363c 8a456c4c
debbf781 e2ebc714 997f9d14
58e25beb faed2a3a dcec613e
cd584f32 cc7bf3b7 825312be
8543a6c9 0b557593 74cfa26b
d23e275c d3c28841 0e68de5c
46fa3b12 73d25794 9d814468
1c6e9d00 eaeb7519 738e5500
a3787d6b d012af3c 6f7f8a14
eab58644 3c6dd695 74d7fd94
4ed96638 dd3ea625 77441618
8ec9d141 8620d8fd 9422a53d
946005b3 eef38861 0e5240d3
14db98f2 2cb89b58 a7071930
9e381e45 c227aad5 cf4e0169
c90e48bc e7159978 63967420
4effabf6 9b6f525f b79f9c4a
02ee91ca 0acecd46 0c869f3c
56f8cea4 62b75587 f90d6c7c
6a497307 14b432ea ec868266
9a25def6 a3e5a6e3 52363822
2da74b0a 1b5f0cf3 1406b27e
0c83b05d 6984bb4b f15c9a3f
e3d4be1f 0fc979fa 22f55146
8db8bd7f 2e1c6e4f a9530c31
6de7d642 5b67dfbb e68b0036
c7baf988 8d727039 4c5d0f48
169d9daf adfaf660 30874ba0
af15531d 671078b4 f6c40864
d63c159b e364f994 2d4c409c
653dcf71 aa85cfde 960b42fe
66f8c152 c5f24bc8 2c7e0e10
ec27e493 edbc2716 523409a2
28186223 0988d47f 72f5ab5d
a2dd116d c1e39bae 2c75d716
7f04354a 1c6f8168 eba5f010
801c70d9 0f14e7c7 c7e387af
a39c61a9 368b6807 adb6539f
9437efb1 f9058c48 1e4535c8
ab9f3419 c672b8e3 24bf2a2b
3ffea1cb 55f3e14b 867dd179
c2224a0a a88b0c30 c55459e0
7207d730 71586802 3bfb2e60
40de53ab da21a1b2 543fb7e6
2912016e 6256f936 c4244b34
c0bb8edc 0346e4b5 f3fff18c
ebe3314e 4ea8dff5 c79121a6
dfcd8247 ad10dcd3 31c76485
ca01041c 90686370 3068a040
f6823d2a 40eea1ec 8593ccb8
f900753f 78d2d5f1 80a9cb4f
898db23e 39eeb29d 65796c06
ba39ccd0 1755e069 a5fb0150
14d08c89 827fc88c 99cee2ec
07ee6d85 6330336a c07ad812
1c274ed5 0482c8fc c87201ac
a01c63fe d680ff95 cb2034d6
f3059533 c9ed76f2 79438c36
79646cb6 c111acf0 b54632a0
ea3b1721 c6e48de5 31fcdd85
324aa0fc 9837c33b a5f70e14
b21d6d94 71a651a1 b625be14
a37e61f1 7f23d4ee 9b8da20e
22c49145 c2e3f9f9 1cac691d
4f4acc31 bd00e5fe c1de6d9e
b792b344 e3b52141 906f4844
8749bb37 fbdefe86 3f0a90ca
b3fecd38 3b0762db 0a10fee8
80c49be3 df2494d4 f5dc53fc
d37d9dba 6db9d75a 070aa964
9711863b d3c45cdf 4aad2165
931e0254 8045ba59 93c3d734
d55a3dfc 211d51c3 92e5f2f4
db21eccc 5cb30b4b 8ac123c4
a5b533d9 f8dcbcdd e5fd1e55
fe2d78e5 824c8a0b 9d1ba3d7
a35208af 6908f7a1 e9704f0f
df24da3a e51b61ce 6c7594ac
87c48696 8c5c2ddc 9e7406e8
d1078679 b3314d79 6829f431
5bb2e4cd 0353ecd5 cc3c5a91
6bee2efc e49d62bb 4584ca14
ae4b74f6 92379eaa bd257f5c
e936f2ae d1eab286 288c0314
d9cfef9a cec20d0b 69ce1d9e
e09462b5 1927750a 4d7b9412
a59cd929 3d4fe76c 2ec69c4c
ea24bc0f 219e4131 2509cddf
fe078902 3a4a7688 7bbbb510
27d71460 cb1b9146 fd79f240
48a3c2d0 18316985 b1cb8610
52faa154 c14e19df 3dabbc2c
7942a1ee 95e9d1ec 173e9568
d3f21e13 bc8977ca d5318ffe
e26afa72 59c9dacb e99bac66
a19b82ae 6a148274 746b92d8
1026af4d 04009e04 54cc4334
63ba7b16 2b2acef0 717b18a0
b0cb201e e7058cdd 678121e6
ddeb8fb1 c63a2831 bca428e1
24fdd4ef 816feca0 e1926960
ddc46a18 1cd40ad9 2382de58
cd929001 b8dfe5e6 f55d45e6
cbf5694f 5d32a068 81f22818
a659e4fa 7c720779 2514102a
feb87c97 9e9fc9b5 860ba5c3
bc514361 b94a94fa 7559e0ba
70666227 9c0f0932 11bb8a9e
fbc354dc b2a62dd7 c59ef0c4
85078806 81a43668 cb988670
f8cfcfcb 9c78bb19 343c93d3
9135e9ed e6c00c28 9723a908
c6a8064b 7bd7e7ea 85406d8e
b3bab95a 333501be 6cf0eacc
0618fe50 4da4f917 d6daa930
1efb7ed7 84b16014 49dd88cc
e2e35cf5 9751af2a 925dbb32
0d81c08c f27f6482 688e7718
6fad6e09 9b82c57b 7192cb53
8bdae698 42d86790 7e28dd80
dc1d260b 5c0eb758 88d0f0c8
381e1164 1114013f ed47ab9c
55b240f7 8ab8c14e 56d20242
d8edcc76 9002f43a c5accabc
6eac1685 9c70002f 37c8226b
be3df0f6 0002447e f869f114
243307a5 55a4f4b5 ea11aba9
b5e172f5 3bdd0549 f90990dd
7d2d4898 34e5f8f1 85ec9718
f4f22de0 1f4ef7ff c1bed220
6cd2b4d1 91f5cd9d e509412d
618e5887 2af43eef 14015809
4ef34641 bdda4db1 92af1ff1
33e26c71 94fde926 47fbf1c6
a17ab7c9 da31c716 9ce20a46
28646c45 ea37bb45 92fa9599
51124b9e 1d71279d c87b71e6
8082a466 d0322520 ee034ac0
daa1aa6a 7e8c7e1d b4287a02
36fa31c6 fec43405 749730de
27f9264d a33342ef 35d19be3
ec31b75f 508af8f7 96d1f4a9
b6b42791 b5948145 6b52bb15
60d38628 da976797 69563998
1489597d 47c6576e 621beeb6
51398dc6 2d04b077 5851070a
306fc7ce 9b7d312c 020ac568
12c44a16 24487402 054a8c2c
53db693e ddea46c5 3f4af0b6
631080fd 1112f8da 37ccef72
bad4f978 4964d64d e5795918
f811268d a09f5fd1 f4e1cc1d
4374d870 be2ae92f 5dd1ac90
3c90524b 5e1f2184 561b19ac
36cf7d22 ccd06f6f 7ed8ffbe
2dd22017 89347981 3bb90a97
b81ac20e e46d3f07 b672c062
908bc61e 513a035a d542008c
2b6e218e 170c1a02 daecaf1c
6cb69667 aa3141a4 30df80fc
6452ebbe 1602053f 7a7eb9c2
7c353fb5 2242645d 62e4d8c1
c0d35def 0763ea13 5ff96ebd
d73d3c47 8c2d2a74 001df62c
d1aa74dd 4dc3bb39 afa87435
7fdf8455 c69bf5ca ad7ac412
bf7e71be 2ac49bb1 36c2ae5e
fc619447 204a3858 d6808068
f296eb78 ec81d60d c1f84518
850c30e1 d701cccc e48b3f4c
d90b40f5 73ec7563 04e617bf
256f24f0 8e650159 2578c770
7df3a6bd f2872619 0f365675
7a1cb14d a55211cc a24d665c
75ac5c13 89e86718 fd6c46c8
9363d494 ea0b61e1 c8a5ea14
ef89aa62 697dd379 135a4e52
55f69f56 5db7d640 cb53b980
67cd1a74 0b5f9c0a d72db888
d469630b 30c6db5f a5582a15
84166f49 01c1716a c7724d3a
8ba6f319 2b6c3ffc 4fb6739c
e79c26c7 f3146b68 4830edd8
000d76c8 c2d94d11 4d270b48
70fd2e11 e38c451e bf61fafe
cd26685a 18f653ae 9a6c1b2c
8514dd74 f8896ec2 b40ba9e8
57bf353a 40a34999 5b6259aa
1b0bc396 e6d1dc64 1e234e98
ae8d3e67 c01af0c9 0ddc8edf
9c5828cc 2e8cb8de e95600e8
2172b0f1 01dceb76 b366ca16
004456d0 55724093 f591d970
86c3c87d 9a70425b 49f87e6f
8e3e906e c8986692 be8a32bc
c4dcd3c6 0334b210 2f44e860
99e92bd0 08dc331d 09e46690
087a6f55 7b3b0de4 444978b4
b38cfa3a 1b4c0a45 4dfdb5a2
53af9915 12f7778b 3dc3e167
b51a0221 ef83447a 1cd8c7ba
a9c1a32c be5a4c5b d9be10a4
ce01306a d4d1f4da ddb24244
4730a034 85b5192e d325dd58
6f90c8f2 229f0dd5 1ff97b5a
6bb6ff84 37d24af1 436ab344
7634c29e 2cc96343 4d20095a
5787f582 a911d734 16700c68
1101e45f a0e8cc79 e1f8a4e7
36926040 323fba5c 26491700
6b5443bf 577f6955 b784d56b
3b6208af 76584479 c1cc96b7
911e830a f7b0c863 b20c7cde
5a4d6367 6c68a38c 7e74f154
a473fa81 d5c11dfe 7eb428fe
35ae48e9 aa9940e2 43579db2
93be8775 71acf592 41e839ba
9417cfee 55fd06f4 39c7c2d8
f0dab866 5c5a2d10 fbf17460
c1bd01c6 5a8f8b0c 4e6c9748
e0bf0d75 c5c1f433 0d18324f
874e3c10 5e2e0245 bf6e5050
8d147503 eceb5566 2ec19e32
08a12485 e7dcfb8b 13993b37
7edd9c2c ef84356e ff3e36e8
729494a1 795f9d9c 32704f1c
116c9bb3 2f093b6d c96b8c37
6ceae0a5 0f09be1b 604d2767
7ca9c6db 4dc3b273 64599a61
79a40082 3d4ed04a 8b6dc594
ff823dcb 12d7bb33 35929871
14c31948 5da8d6d3 f3300658
87badc3e 6229f783 c10c85ba
4f9dfa87 f07d4e82 74795a8e
560a0a1f 7764b78a ebc19db6
6fb5a382 5bcb0793 fadb71a6
e630a6f4 3d987099 20fe87d4
df4dbda5 27930f78 434c9058
2acfb7d5 a43abb02 2b2a06aa
4baca353 1b12f724 72b20cac
99dbbd9d 964e104f fa7f5373
b12eb4eb dc677995 f23f5fc7
9a7dd471 ff5a2fe4 f0cbf3a4
438bde0e a3445ba1 189da0ce
adbc48c4 49cbde03 e7bad24c
7ae772de 032695bd 19af03e6
769f1db3 bae3f9b0 b5008610
eaedc9f8 a44d3485 fa284dd8
4529fbc6 d8c65a5f 383c0a7a
dabea2cd 926ce03e 611acda6
b03ab606 7b81941c d2ad60a8
afb27d13 116cd81f e7292d4d
5a15883f 1f334d70 a8f38e90
4f9b3f36 29522cec f7478dc8
b0e19c00 fe5393a0 ad958000
90c9fdb7 f5b584fe 549f1792
122e636c dcd57388 082a5560
22c1e9d9 c53d4ce8 c6dd58a8
b28898d1 1b23e329 a6f4cc79
05d1d676 1d545715 86d0b1ae
7c82a725 c60417f6 9d24f08e
1c6fdab8 c0c338d7 f3f0f088
afd8bec6 70359b65 bb03261e
4c2c7307 a8b8a25a 2d72de76
9eb5d28e ace2b5b1 92f0fa2e
5d0df078 afb24233 5d35d7e8
d2b014ba 3869bf2e 6b647f6c
09502064 f57243ed b8302894
f96efefd c1328bbe ef3e9ec6
b4739c25 724900a0 c8ce9720
01653aa8 94d0da52 6edfd9d0
13f1d6cd 680ebdae 212b5856
7a60edea feb1677c f1766358
e504ec3a a51953b0 7fa335e0
59648527 3e7b6779 1dd2a06f
004075c2 de223690 9cdd2920
cd3608e0 37ef07ff 4c30f720
29c8563f b5d55ad8 fcc5eb28
3c4efca1 52fcfa33 66ed8e13
c5a2ffb4 262cdd36 121053f8
96595a58 0e76c3c9 9088f718
e0c9c94c d897f92a 01b9f278
d10605c5 922ab18b f49456f7
05a1cbbe a3881956 e82fffd4
a0796e1e 165c9004 f69e9878
c8b8642d cc8bf15a 679094d2
91b4c82f 2afdd4fd 41e3c273
c7cbe128 009aa8a1 e50ada28
b309dccd aaad4441 6cb0840d
86ce9c63 1d8f34fb b6a47111
ddab0084 3c320b81 15f8ee84
b01138e9 c49c23cd 6a8e6d95
40ce7c1e f63787f5 67829ab6
91aa4b66 c710492b 077ac022
e418ffbf 70099497 8c5045a9
a569827c 312129f2 d19f3538
e1f03a71 5c5b30e4 a7143ca4
1898fa3b 541ff95c 4b825034
3ac660a1 b778e715 35ef3435
59bad883 d3ed4edc 74d0fa94
985de612 1e0d5c42 d1cdc8a4
3419c584 c876aff5 a5874354
16eebb8e 792758cd 1e4700b6
b7e22e48 235773b8 57d39bc0
77cf8694 c726d815 f38aea24
2fcaa93e 6ac0ffb0 54691ca0
f89e9b3e e126790a 36c65e6c
0534955f a83b6b92 b750e52e
afa8f736 5bdfb9f6 710d93e4
e6a76ca8 86b2ebd6 fd830c70
be077bdc 4573d49a 72e6b258
778ba276 0a515685 07750b4e
3d50e0f9 57848481 3925c179
a7d619dd e29d65e9 309abb25
294a2a81 8c7e8d71 8aa3cff1
f3606248 11b35543 3333a0d8
88bddcab 51c3f8a1 1e6e6f8b
63da72ad 7ec125b9 55dce005
74e465fb 4ce84ad7 20c433cd
f75595c1 29226788 a15a3588
1cf1bb98 8d48d04c 7aef3120
b8f38b42 cf040899 b0f04a72
249ffd51 5b3d4bdb 5b616f4b
4208a7ab 9493b192 c80dda86
3f1c2aaa 660b755e 9d255c6c
ac61274c 90ff1a1e f61452e8
a193d08c c5a2b16a cefd25f8
47e77471 2c21e1b8 8a440238
85d792b9 496d6321 d84c74d9
d16964a4 5ab49c3a 1684bd28
0dbad1cb d80c2d62 35e8feb6
6cce429b aeaf6e04 35cca46c
5ac6ef3a f231409d 05e93692
c3a32155 3bdc4a1a 423ff4a2
db63eb8e f8f4580b d99bef1a
d1d09cbe 48fe2f31 6a38e25e
6352e125 a12b51f3 971f6b1f
e49d476a 7a6c35fa 7618af84
c1b46e10 066f90d2 7cdb4920
895d8a93 c3c02774 65bf2f9c
e89d6630 0af1ec29 6e999db0
1292a89b 5e4a28fc d9843094
5673eea9 ea4ca447 933774df
be8f35a9 ec5fb271 663d3199
a91fa7bd 99cc2759 3e2b1bb5
f4de6789 cf35f339 d8291881
df90adcf 17e22c54 43169bec
a5b6a409 66fece84 c119d2a4
6d9ec3b5 fbbf26ee f5b1d046
6c37f1fe e9ac6d4d 2384ef66
f1bd6f9d 97751d54 658e6884
42c2fa1a 6f97fc99 a00f118a
402e55dc 655fb52e f3abf988
0393668d 3ed1e88e 6fcfaa36
1660ca27 a5ecf515 f65be833
d613fc15 96a14f1a c0071522
4f3eeea5 72003195 a54e7b09
5fc1dafb c7256f70 b609a2d0
f2f0a322 fc14e4b8 24e78870
3df3a403 7435761e e0c59a5a
e1104130 3ecb097d c84a8470
5960d3ac c5ee8388 2da97760
d9346e81 aed297f1 bb5c1e71
f2df4aa8 b85350b3 8dedb378
882e3729 41dd4f16 fe636486
e62ae04e 1e3db28a 79a9260c
51d0229b 6a2fe7b5 2fd75497
459c2631 714e009e 3a4d923e
c43cd561 1d1576b9 5845e919
bde4e1a7 04729305 3b694d43
ef429c37 95a0ce5f 08cc3a69
77602b51 bf46d415 b5e8a1a5
eac5604b 130cc2c1 a64a6e8b
0c2505ad c8eee729 c8e303b5
f4f96213 9d8d1e73 f0fc4889
368744ef 77afbfea fc745376
aefae409 c27737c1 a452d9c9
ec5156b6 d61a1497 b13c5d5a
dea9f55b 4db4003c 12d18154
93702ac7 4813ce32 33197cde
c3516067 aa42701b 74503add
6e065b63 c7ab7d73 879b6479
a78baf87 6018beb6 de3cfbfa
2d41ca46 11adc706 8b1527a4
247d3bbb d3c5df8b feee5389
cb8422bf fe8d6c8b e49a71b5
8a870384 264326dc 9a189d70
d3b6ea1e 5919a9c5 f73df716
113297d3 b113a6e6 69903992
2c0d865f 79ad0fb5 a5a2922b
baa33309 cbefbbaa ef0e76fa
8478ab29 f7a04a43 15aea5bb
2468e49f a98cdf7c ffe93e04
b34d30a0 eae7b3c5 13c64b20
8b961662 e4176183 97169626
3ff7be8c 467b94ae 89d07328
3fad8977 71c5dfef ed54ff19
a244050d 26c62616 e0a65d1e
fd8ba667 9664c410 1e5d4270
5a04709b 31773b9e 97be38aa
390ee88c f08f2773 0d53cae4
a510e54a e243c9aa 379d5d24
b0186021 0c639cbd 9556145d
ac0cb814 b142fca8 b6b47d20
6c8bc064 1b0b1e98 a3d1f360
d0f2b2a2 68732f45 eefbe3aa
48cd4257 57f59f95 e9eea5a3
d683c83e 363f1add ed5c2986
ebb569b3 498721f2 fc82fe36
f74876f5 2d16865e 04edebf6
87f49981 f6a70d11 8c30be91
397a7653 6c293abb b28e3ca1
ac111b72 24cd4463 1831e516
082bd292 26ba3410 1396d120
befcc5d6 1912dad6 b6d19ce4
4a469deb edf93afd 90244f3f
e0129ebb c12dab6e 99e61d5a
0a715f31 d677f0c9 b208ad79
ef867220 9c2eb758 738c1b00
6e5145cc 0be41bf6 82259608
50b80852 274c38a2 4c9f33e4
956e9ace 274351f0 fc964f20
fe0f2a08 0c37d8dc 8836dee0
dcee838d ef732c31 039a69fd
6fe09238 a4546412 714827f0
7f9db18f 9d13c282 2f3f889e
1eb62b3b 74be3cba d4473cde
95d194a6 59b2b5d9 3e2c5eb6
311e8f9f a03e3b20 576d98e0
159c084f 2694e019 2b2defb7
77dec42b 9551e1f1 bbbb777b
0f639e8b bee39efc 612adad4
5c84ff68 8180ff05 65019508
89e41184 53d4c65c 40d26370
d28b1b05 ab39969f a157b61b
50f14bf9 4c157d2d 33efefc5
ad510919 24382ddb 04642d63
4d4fb85a 81385f7e 5056224c
544ba969 c0aad2f8 f9fe3fb8
50f91709 70791bdf a1aa03d7
6dd81190 342b55ec 343500c0
13a84a05 5435a873 3c35883f
890a0a81 52988863 e30e97e3
e41d6870 afe9dba8 79945980
6a8ff428 d6188963 9314d378
9b607472 edb4c8ed 9d6cdd8a
8cfa162b 2b1be81c 9efa64b4
8cc80272 9b0ca0f8 86a19e70
0cfb3061 5d78ec37 4508d0d7
05667dc1 51581346 60b3b5c6
4a9fe308 2b6e76aa 26427350
dfaea119 fd26ba2d d1747b65
083c0e97 303b5623 f9e9b8a5
948d84c4 0c5f8257 ce3fa69c
248e6cef f25c5aa6 da8aa8fa
00dddb40 42787044 90da3d00
25cd6461 e6018f4e ca07c48e
ae2d67bf 8db71e3d 2f831a83
078102ba 6bcf6ede e372494c
760fa7ff fc48be94 2374616c
be75a667 1600e8b8 5d5cf208
a6b8a55a 74722a21 3302149a
66a7b3eb fc8a8c9c 95442734
e6917db0 831c1e23 61decf10
8cf171a7 64c1a4ed 133c339b
37d78401 ba6a020c af8c320c
31ee6fa6 1c37d95c 32fdd5a8
d5608e84 ee405762 d8656a88
3948817b 85e314f7 a62389ad
58b13214 14814de9 d16a9834
bf338830 bae720de 030619a0
92b052c8 1919c80d d1287428
62f0ce9e a54aeb38 42043c90
31a7405c b78fb6ba b2aa2ad8
09a8a180 85c40041 99d10180
6caf50a7 b31c5990 aceb6cf0
a216a5ed 117d0258 a6cde378
c6afb43a e784eefa a50beca4
190884ea d4f299de 3a071cec
654f71ba 04060940 b137f880
264c6b7b caf5b0f3 cf2595c1
de62439a 24445be4 9a73f328
6752edad 82b93065 ec4d3541
827813e7 723137cb eeb5692d
bf5d65bc 7d3c0ea3 98180eb4
9bc63030 ae070dc7 18d1e550
01376937 3cb235e7 9e0653a1
c62131eb c9b210c8 1573af98
0d409753 3519fc94 34682ffc
954adbcc 00eadac7 b4d49394
8857ff67 4461f3f2 8ca5345e
dc1ff168 ffae1e75 05938488
da9f0cb2 43b8df44 543e6d48
a6f486d8 2c02c96a 4ccf6d70
73f124e1 ae78c0d9 5a8902b9
1db4bce7 ff2bfc71 da87c5f7
4a7602da ff1cb798 07f38770
d6bd4d82 fcd15fc8 42c9cb90
5f36b98e 31f69909 8a4663fe
c7fd5706 ffb7a962 fcb8464c
6727b06d c75ec18f 0e33b9e3
32c5c295 0df736c6 4ac2ed3e
7cff642a 3437d547 3631b9a6
e9f6eb2a db2ec503 f068137e
e4301e33 338a2373 863c89e9
9476a45c 10f7e808 7d6c82e0
337a2bd2 78a8ba28 00bd6cd0
ff78fa8c dd8738fa eec74cb8
64aec4f1 e39f1aba ebaa911a
582e522e 2877f3ad f2b13316
468b24be f444abf2 7b8ba59c
3ef70148 46d5e6c3 a234a9d8
094b3896 f0cbcb86 02309084
63749af1 1be1cc0b ca4bb45b
65a69b4e 8f031e7b c129c27a
e2c3656b f7a55dc5 172bea57
b6e06c24 d1e878d0 2da8bd40
8a2ab0b0 63ffc8f0 f15f2500
f4f67856 124e9fb5 fd347ece
35524ffc 25b7598f ffed49c4
85e9e9f3 ae6999f6 9a440a82
f8e4e6c2 334d2bb8 65a27170
0545794e b2245955 323564e6
2c41f33c 93556b06 d121c768
26260236 a57996a9 4de919a6
2bdd87c4 712a55fb 5a70312c
7cc932ec cf8b7472 36cf9d18
9e7a6b4b 71681637 42fd7f1d
fc451e76 3d08b8c4 e4802258
5df80ab1 7a443b4f 5b06179f
f2c3bb16 14878818 1e573a10
32649b93 fd15b8a9 9e4b5c0b
16ae0799 8514213c d4b880dc
a69d9e86 4d633587 1ac256aa
d5aea634 8e170606 e0a91d38
a007d956 dfb27223 67a702c2
54011d1f 1f18233b ff24f325
83837361 36d366c9 31213d29
e8b1e6bc 33379aaa 915450d8
5206aea2 b76b64bd f6dc359a
eaa7ab7d 8efe5091 ca9531cd
9e2c5abb b39053a0 075355e0
3d197763 417b8f4a 629dcf9e
2b5ccff7 978df6d7 d6d50271
9a6775f8 2200ec2a a5b9fab0
a277f09e bfb95860 ebde8b40
92d34f71 ff4de9d9 3c692fc9
40a13271 752af418 9eba6e98
6b1511e2 61309f32 fc98dc24
b2fe3190 8edd86c9 40d64a10
738c7030 2e1a411a 699f94e0
12a6ae20 b26c05d5 7b9580a0
a930a770 9efc40d8 dd294680
317e5891 72a7d6b8 896fde38
e5ddb041 3eee9f22 d257c7a2
5c1c1a88 f3ac6d3d d55e3a68
874cb227 21320381 e65a3aa7
c1dfd79f d0455f90 6cc84a70
9246e6b9 4b76c916 c98514e6
2372c55e 206de948 36f01070
84abec47 6a7f696e 2301a582
f9bc060f 6edbb0a4 e173319c
78a71d3e 19424c77 4a58ffd2
15d57d47 30c31e42 62cd9e4e
e458cd39 69dd2eed e64b3bc5
a4339334 f5ff30b2 3c421a28
52bd9598 69f21619 210eabd8
f05cf017 48601de7 ebaf3fc1
369411c3 b6957e26 f3379cf2
b4026f80 c26aee38 cf316400
4d080f3c f0220e74 9e742f30
369add9f 76736384 e3fbc2fc
370f825c 4ae20ed5 56407e8c
93ca38c7 632a42e1 4d0534e7
c03a4682 1ebfba5d 0364113a
5596ae2b ea02d7da 18ec6d9e
ec71c7a6 88ec2c3b 49918b42
8ca5a9ab afe46ce9 e7a790a3
7a4fe39d d1e475dc 84825bec
9f6d3855 18982c28 19376948
8b70ddf4 34ed023b 0fa30f3c
c222dee3 3fd401e4 7ae9652c
eaf02900 d76dd4bb f461f300
dc0f655c 9ae87136 6a5cfd68
0891942b e0c18d60 b99e3f20
caf27c0c 4eb004f8 55185ba0
2f8c643a c5e33324 2923a628
bb1af113 e8071834 5797bfdc
0cb0a61e cad7b316 ca874094
2f50595c 45f5894c 5cb8c350
5d9f926f 6af1cd43 1985360d
3087bc24 58d08fb2 cdb8ed08
a6eb253b 4ac90a2d d01cd95f
99aea86d 8fe9ed99 b9849225
9dc75ab6 17f5a114 ddcd8c38
f322ceae 0be980ca d72c154c
104ccf98 c8f3dfcd c39fa4b8
8bc0f48b d96acfd9 90d9aed3
2030e641 e3e7f2d5 6a000615
4b16b449 bf4d4a27 b187911f
6886af1f dd47c893 92bfc6cd
c35e3af6 2afba983 595691e2
baa1dc7c d46b58b2 4029ee38
864b1fd3 db2c21a6 bd14d5d2
c643c70f 94ce4093 a4c10d9d
66cac8d2 2b8f5fea a92f7df4
542ccee2 4d23203e 3f9c5abc
7371f5a2 d2182cdd 2ac8e4da
e2a13c96 4bd7f231 a01c64b6
c0c23166 dd8b142d ee60a6ee
7afae344 cc6ce049 a9164e64
61f3391a d0395b0f 09569686
6c5da68a 9abb8496 738cbcdc
4c816612 8a702c2b 73273d06
84fb866d 4988b19e 7a165446
034824d6 077c1bf0 612d1aa0
f023e5ac 7d8aae53 0c765ec4
38e11a39 0e54c72f 256a1f77
4046baa8 5788da2a 07cdaf90
dfd0cb46 aaa156ca 120fe93c
1562c3d3 c534eb96 577d6ea2
7cbfbc40 99b7b190 8ec22400
39e7bf47 1c7cf9f0 1cb36190
2d5b7cae 26380204 86774eb8
32a68afa 8f03e868 c8890590
305fd10f 279de2c3 eebe7c6d
631fa1c4 b17d7072 7b8fc948
dc66e9f4 29f35619 3f40d0d4
f074e38e 6d779222 d64f34dc
a8402231 606f802f 281dc6ff
4da72a75 afa768d9 6945852d
56c4835e 49027530 e99e97a0
41006220 2251104a 1c5e5d40
59a4da6e 025b2fa4 32d02078
cf77bf72 484f2c75 8ad0171a
554e00aa 4045d6b1 dd4e918a
c586c7d3 2176635b a471a101
7f2f3201 f265f352 35f9f752
0340ffa6 b08673d6 dc1146c4
6e3c8b66 1cbb8216 337fc6c4
71f66a99 6babc3c0 53357dc0
b0e2b397 fc097e77 c214cd31
3f1ccdb1 26a285fa 08ffd3da
4deaddb3 e07283bf ab64018d
30991b57 e0186a92 cccb9d9e
c6555806 56e0aca1 1c1063c6
0aa4e902 34b00ba1 6119a042
d0d74ded d3998701 449448ed
8cab237c c3424fe1 0c5573fc
ac01d676 2fd41194 d405d238
649f853e bba14d42 0231fffc
b5022cff 8ab075f7 08f9f509
ad504f39 13b8c512 28946f02
aa8d25f3 94aef16c 1b6fc584
cb50eed9 7a363b71 318b70c9
f95cdc20 5640d7c8 956ad900
874a239a fa432e26 1cb4f4dc
0385dbe6 35d53bc1 15f6ca66
39dd4242 a4903bdc 458a26b8
28227adb 2eda389a a81bcfbe
82005aca 48fb0c97 86850526
32a587e8 c0383b19 d33cbda8
a5a83210 37ca9841 de0e3610
c9a339a8 be663461 377ef8a8
b19459cc 7e78eb2a d064ff78
3eef4ca1 1657a2b6 0d555c76
8771310c c77610d2 1d72fbd8
f4996eee cf274983 4367a1ca
a8f9c96d a90174c3 a3f6d207
699f3de4 e4fc55cd 70814394
06b8ffb4 154e9f8d 478da224
d4198fce ef4e4d08 73d17470
a56db57e 33c7de89 da0b646e
79c16fd3 271ad9cd f81e66f7
d03afdd4 ca1e9428 aace3920
ef092643 1f7846d8 3c969a88
2d3143d2 cf435600 1abe8c00
6c7b67e7 33462f00 163d6900
9fa27524 e5b0cd7f 0625f0dc
04fb13d5 20d2e2b4 0cc5fbc4
7bca0220 4f76587b c58a0560
dbed5448 dd63f444 5f370320
45225a90 7a0d924e e16db7e0
95dd227e 199b5eac 138770a8
aedc7a4a 9d26886b c01a6cee
cb6fb783 95e7b979 b9a067eb
d4b52481 cfcd0fa8 be5083a8
a9da5454 e09064b3 fbd9c6bc
bf9e91f2 264bb9c4 fac59f48
1704491a 093903cc 950f8eb8
3dbda9ce 6dd46773 601d298a
e28d4961 3304801f 8c5062bf
963749ad 1919d470 98187fb0
41644d12 2a93dab7 5daa6bde
6062bd09 8860bc31 a118cab9
71bc5fc1 33ffaf11 27364ad1
5ff95fa3 f5807290 d95c61b0
13beb2f7 58d4aca1 a7b88157
836b532c 9368cc9a a2b71878
61e94566 52d87760 60cc7040
0eb0ec21 7ea4869b 03dc3dfb
d43b3f1d 5ad4a05e 6b374ca6
2d09ef40 4084ff3b a39ae3c0
135deff3 34b0bfa6 f7ffe492
facd234a cbe0e54d 7f04cf42
d40c353b b8c93930 ad771e10
3a219bd4 f5e11786 4beb9cf8
e0efad89 ac9365e4 96989b04
dd5217f2 b7a8790b 04a86966
3269d0b9 0f3a6587 76100e8f
c54e396f fc9eded1 a12d259f
18a6e1c2 be6ea371 20c42ca2
cfb1f521 b372389e 5926825e
5f071361 21c1b29d 4ff1547d
3ef576ed 8cb2d00f 6dcc87e3
eddecc36 4f88885c ff3e1368
69b73a21 69ef42f5 37262395
9e89de23 d3a3a60c 1dca1ba4
641ea193 614c527c f93b5934
df5cbdf7 59a331ae 64aa64e2
d404db7e 930154a4 a09ff4b8
e76503cf f27c799f fcce3491
90afa5fa 6a63d3c1 8de72f7a
d5b3cabb eabf42ee 36efafda
761c3c7d 1cfd3f5c d8917fec
ff9b23b8 089e2787 38d0de08
97f4cd0c d4445b1e 3ac34b68
247312e3 6d37e281 aa6dea63
8b2525e7 b64bee00 dde9c200
b9655695 15cd7d3e f022b916
42f6082c 47dfbeda f1e79d78
c6624d2c 9e824b6e 63310ce8
b132877c 3fe8e9c2 91fa87f8
bc92f756 9a852a2f f73d84ca
952e9371 9f15f371 56c857e1
79308e4e 5d9a47f1 7f19996e
948a49c7 ad2046cd 76c97e5b
76ef401b 630aad5a 707cc87e
8cf1bd1e 5ee366c9 b0c1708e
73c1eb4e 399b57c0 8ea1fc80
3d2ce678 8935677d de7ed098
57b65056 ce8b2096 018fd264
8b5195f0 ac984c27 b8711790
3728c915 72cf61cb 238368a7
92447153 0a8c05bb 659966a1
0a6fd1b6 ef3142f6 e95a70e4
34f3ff8a 4aef201e 2a5f322c
41d4551a 0cce2ffa f7e6e164
0a7e3bd3 32cc79c7 b48b3c05
075861a7 01c2c176 abe9e9fa
7b70e57a e106f9d0 b5ca1d20
9ae6ef9b 4240065c f15bbdb4
a570e358 550c6e54 aada68e0
eb51e99a 1c06a00d 76c51cd2
65734a1d c13eafd2 d8429eca
97165d50 7f16ff7f efeafab0
203a1627 d132fb50 307d2930
433767e7 cc795ba5 34d414e3
0ec64181 08a6fe53 00eb3ad3
e3853b6c 3b0c0907 94cb6bf4
c2b1e69c 355dbb8a fa064418
b5a60c4f 4335a18c fde76a34
e8e49239 e09567e3 74af978b
bee62e6a f1b78238 9db1fb30
f53fdab3 4e059b0d ed277c17
cda021da e329ca08 81a112d0
259ad7c2 bc1b6564 0111d1c8
60f6c897 31e8227e 2ff2c852
64f8036c c2c2ac94 71868a70
8a8aff1b 6bc6cd94 fe861a9c
c525b2a9 03bace9e ccd2424e
a9a03d9f 35262c48 5042a8b8
6d39e663 a46922b3 fab03d39
af766e2f 4f2e7969 3f196847
f1fcc3c0 d7f019b7 6ecdae40
13852984 083b61b0 91b38ec0
21ad1676 c0485761 66679cb6
5033e976 2341cc9e 470a1ed4
2ccd24ef 0edfbd0a 7278e456
ce864b32 9578cf13 443502b6
d4f11a7d 55cdd8a7 0ebabf8b
33c217d7 786286fc 73d801a4
103e3136 b4de2886 dd123244
7212a793 8d276b8b 3a906dd1
30843a03 184d3781 95fee083
9b37e9fa 2e7e6b86 b31bf6dc
f2be6706 2c35be68 4a0e4e70
774657f8 d40c3724 626aa6e0
91f12010 39d2957d 7785f7d0
a249b390 8e3ad70d b22c0e50
1c77d975 8f6ef316 00fcbf0e
f9d729c4 58ac4d93 9dccef8c
2234f970 5f85eac2 7f5566e0
53521f27 cfcf695d ad25502b
974af6d1 6fcd1cbc 92691d7c
81280735 2d510830 108001f0
0435297f ed09f222 d8c090de
4b59c8bf e50e55ca 19f1d1b6
ab0a5d0c d8b8dece 9fa747a8
5518645d 00657b74 dff72924
0d92661f c32fc16f 9e28a671
bc7203b5 9543297c db30c8ac
173b7c6d 1f7544b8 909f6258
348caca7 de652972 de2ea15e
2c427843 bd53a52d 13eb52c7
fefdcad4 0d4f0374 dfcc6410
93d927ea 30ec6c35 e483fb72
76da60b8 9a80ba52 c838aaf0
ba91c162 45e9c782 778961c4
98ba08be b098039a ded37c4c
ec49b611 dce3fb55 c70f1ea5
35ce7d60 4e63ddbc 81fff280
48e4431c feb88ca0 677d4180
84584194 e0dfda39 3f6aa1f4
41daa0a8 c9252531 54590828
a95c4011 c8d37d20 4cd34f20
5e787e45 e4dee2f3 ffaec57f
0afbbe27 626682af 0a30caa9
7ddc9a43 3d53ec0c 3f45ff24
1f73069a 63b097dd 171188f2
be2c7452 a7ee6252 9100a644
b8b1257d 9192db4c 8df3101c
ba55fc8c 61b55e74 9cadd770
31b21957 3ec77ea6 a696406a
78766931 81aa5ade a334727e
2ec87ee1 400c6b54 595dacd4
b48a3e34 9298da2b a310babc
000203fb 16a03936 822fb9f2
ceb31b13 e9278895 df85da0f
fa9e6cde 7d0c657a 70db77cc
d2236815 5380e435 e3874059
b20ffbdf 74f841ae 21d8d092
9bce79a3 f870c481 b77c1723
745dd1a4 a17e8aa6 5a905858
90a1ceeb 3d7ec05f dde60935
81a09641 ccc42fb6 7984c136
5d905c06 0cb483ea 61432f7c
8b0be752 d6902278 6c6d5270
210322a2 a9110530 7f05a860
12aec834 1e8f0621 6e4506b4
4c0e9206 66e45d61 8de98246
f660a33b 94958858 25467448
9db64e23 68a8bcaa 1b69973e
ebc12d02 0a6d1793 f8d20626
b7d66bed 408b0a0f ff7694e3
c5490e7a 0f8741f7 ae7ff1b6
810b147b 67e399a8 f493f3b8
9cad5882 7d7908ab 62002ed6
07b4da67 1e497e10 d82b5870
18e34b18 61d4bed8 f9632c40
03d54aca 171e2db6 2174ad9c
6fe3a65a faa8c82b b443411e
09d2d65b ba567efa 7df81ede
29d7e838 f8a34249 b417a7f8
1a2fc931 d9bf8c0d 1b03037d
f0788bb0 afea4d2e 768d09a0
4c47fb8c 9e6efacc 932b2b90
3aed7ccd 2a96bbc5 9508c8c1
cfc50a25 97b486e5 f3957119
9acdaae9 672a072f d4a8bfc7
531a385c d1efc30a f1d84798
435a6669 8d51edf8 2c9b6ab8
e5664c63 ad1ecb7b 31533491
2bbf8ece b1500925 1d14e1c6
0b31892e 5ab8c46b 5fcb8e3a
69b5cde9 25f14a63 f42cfb1b
b260ceca 48ab532a 97db6b24
b0220326 0fc86449 329dbdd6
17931b96 c779c2bf b58f40ea
6f0e0ef9 913e863b 9d61c963
8f5bd1ef 59d3b256 1fcdb44a
b92bc298 b438f0c8 21de86c0
b2bae025 63ceca07 04bf5303
71878aac 27a8eed8 0228e920
c0a85f6d f112adfb 003c38df
7f0fee72 91a9dfbd aaba582a
1e07e68a 9cc622b7 eb0020a6
24e360cb 018b9f8c beb00404
1ff0654b 37bc795d ba493f3f
af768320 480c0e5d 5eb962a0
0421a26b 44c01593 5de30a71
3988b2fe f4a4e18d 9853d3e6
fd5ea74d 7efc5313 141061b7
d8615a71 11f2d0da 5c34d43a
80c70c7e 4b45f335 e2073016
1679214a 7e122da6 a09997fc
5fe8be2a 58c18aac b48c6838
36469057 e71dc1ec 16b9a734
41843b2a 418dd8c7 bfd76da6
824af1ed 3571ac46 d5a662ce
e11ce3ef 0061c66c ae0a02d4
1fd90276 01471819 99264d86
a2a35195 7d75283b 0a7c1557
221b14ca c2b47b32 5e4f1d74
25d4b958 f9976ce4 5a8e3260
8437f32f e99030d3 09263fbd
ce0d6dd3 38526b12 6f6ee9d6
467207f4 f8ebbefd ed94f424
9fae571e 57b23538 cb084490
e9773357 1c824290 a4774ef0
9401cd3d b7c66e9c 4f77472c
5e5720a3 d996b08d 26ef09c7
4d68eb25 4f24a4c0 c1880fc0
bf96236c 8ca07b40 3c0dbf00
ac65725b 8d7ca724 eef171cc
a8a57b29 da242857 673f42ef
a8e8c864 fa3255cc af90e3b0
a2886a5d ec3ecd09 727e3645
7e2ab27d cbac4269 cc836f45
f83e016a 400e7e17 66104c86
1b4923a4 88dc5f51 874e22e4
0d85a012 31a46cb8 151aa4f0
7e4ead5b dababfac 02515e24
eaa5fd1a ae5857ce e78580ec
6f2fe1f2 d4526394 939335e8
e8539187 975877b3 f27c8265
6cb20299 d3c6708c 6fd25bac
85b5200b 97d1b65a 6c7015de
bd0f6101 e33a649a 9a5ebe9a
ee15034f 27cc8570 bfdd7d90
8086814d 96e1d8d4 af290bc4
6d03b29c c9bd0a9d 596aa1ac
f2340215 201d3aed deffaf71
6786e19d f5602bd5 a6ff16a1
9e1236f5 e9dabc7c bad08aac
8e3ce730 7e6de9d7 f300d950
97fe6f46 a56a8f93 983dff32
0ead103b 5840231c 9ae5d774
a5cbdf9b 6334d8cb d9d117e9
9fb52624 f3d50c32 971f2308
e518f566 c4ca0a3b 80d28a82
dcfbdef0 9c2214f0 b56bc100
a80865be ff4a43aa 73204a2c
91ee3df4 22a51326 ae3a4e38
be8b02bc dbb0fa41 d73749bc
34f49750 926d5422 573258a0
04becae2 0e23bc3f 60d7e59e
afa53325 250bc22f fbad6dcb
64883189 9d68243f 092374b7
67e12094 3ce63726 be62a1f8
27439b6b f9afc489 17511843
3230f108 3b702aa4 7a65b920
8f687c9e e722ec4f b31c1cc2
69190fc7 a2b35501 b17b22c7
f448a161 8ebeb330 2a731530
8e13a40d bbb6be2a 03389022
4e946f8b 8cc96c74 d2742efc
565c7c3e 4339789d 34c34206
051eba44 49c5423d deabea34
cca4988b bb4f478a 92edc7ee
009f2792 22159d21 52c2a3d2
bf69b69a 8c510b84 3c14c568
10a95a02 ea14f00d 7923721a
24110035 0cf5fe83 01a0b11f
40c4d309 8a07cb06 37341536
4966aa35 d3717f23 c7de903f
201e7784 769dfa5c 6f9ddb70
67b4e160 e7419794 7ee1eb80
0ffa1bd5 e6131b09 5f89717d
1002c625 8b938376 aaeb440e
175b0317 074d0808 21dbd0b8
4c1ee4cb 764d2c55 f8a3db67
12667107 37870dde 44445f12
a35f045e 167c44d6 001e9e94
8b58c210 e83c814c 13e3acc0
d7894dc9 10ce4a13 d76adfeb
096fe883 92148a33 14ddf019
a228f48e b89525f2 9cb5b43c
226b1723 83d91b1b 726721b1
fa3dee01 ec318d82 a9ba6982
298d3701 aa08745d 77416f5d
3ce53b86 e600f8b8 3a6c9850
f1631844 2fa53253 bdb2260c
e2694634 d31f9c29 c5efee54
d4511135 9a31a5d3 6c0d57af
03436ac9 159c02c9 a64069d1
0a27b5ef ea8b8ec7 2a8dfec9
05839f40 80bd17a5 f3646440
85d282f6 c046eb38 d38877d0
ef2f0038 867046a7 4a387488
25c632b9 ff05c3ee 5b8312fe
5147ac5a b0269cbf c6dc6f26
7c9641e2 1110fc1a b03d28f4
8efa7b2e 3549cd70 c857ba20
f013b853 0724c843 6dd615b9
48c2527a 3261d07e c6e1b80c
5a089ee1 cdbebe6b 1f83660b
b0da7f4e 105fea9f ae045d72
60174f52 1d8c54ee a68aa63c
51397f78 24e0251c 9ab64920
8cedad3d 13e129f7 d3adeadb
32f7135a 577498ca 453ab504
5873fbb4 a36be8f7 443efaac
fb9f537e 881ed088 d93ebaf0
185a00da c1766f05 3e9c8a42
34834d61 6c9a23cb 100c9eeb
a012aef0 fbe51175 32d7e3b0
49a308ce a43331dc 35d4ff08
816abe1a 49460114 ec30f408
b1bae08e 4e90c03e c78ce264
279e8d99 8825582b e76b60b3
2b6ec7f8 865ad1cd 56279998
3934f96a acf3e76b add0e54e
b7a4ff1c ce028371 0497ef5c
9c9005cb 6eb69501 c8412ccb
fe753e55 ac2664fc a4608fac
57e89081 443b905c fa977e5c
7f92fc0c fcb8cb24 7728f5b0
2e7102e5 47449cff 68296e1b
f77a9a6a 3b5594fe 201c7d2c
b2dc2d91 1099f9c0 991d35c0
a5e2edd4 ce7aa0a4 090cdbd0
3011f980 02bca86c 4d514200
cf3fe083 1cf51d81 dcfdf903
d66590b0 7fca9456 38a45b20
220922e6 59203c8b f1e3dae2
22564c4f 979c2572 dc99662e
de1371a4 1c58c1fa 88099e28
896cdb96 bd06d818 9eff2610
c1c7b9cf 88b8f9a3 2aada5cd
efd66285 064150f7 88679e53
c6bc1184 0f02a729 6293ea24
28b1a29c 96bd31ff fe3cd564
2c7cceb7 f188eb32 5a5a5cbe
b5329fc2 4b21cea2 d49934c4
a1478cb6 85227b28 d1f56e70
de9c7abd b9eae229 912c8245
b9c37277 5f756cc2 b3c9f22e
4fd11dfa f09afe7c 8d6c9118
9c8f507d 442271f7 3567d59b
9cbcbacc 7e3953f8 06d119a0
f56e99df c2623425 d59b893b
faabc3cc 81e08039 d0a4986c
83751b97 31553991 989c3f87
73e9a433 5892c09a 22c906ae
a8609e8a c5d9b6da a7f71d84
82a663fb ac1b9d9c d82edbf4
7200a594 45fe6836 7c3f0d38
302c498f b6ea393a ad1f8166
2b7d7175 70259ca7 65e14f53
8a830120 3fa34457 7631e1e0
6932776f c416cfe4 bf0f1fdc
83f78b64 1dbcc0b5 a8008db4
bc7f183f eab03a5d 86fa14e3
2a959bf9 a3d364ca 2435567a
441b8539 ea7b22bf 949cf787
c9525c3f ab1e7bc9 885eb277
4e9d25a3 8fe2f49d 452570f7
5a8c78c5 43be991b b23479c7
e6e3a284 d3ac38b7 d4f60c5c
03d67bba 690894d1 49728ada
5e2519b7 407820ec 3b3294b4
2ce6e6c4 acc67c40 3d18a100
fb2ec24e 6055cd75 01dd43a6
ef7447b6 a0f1a217 5b299d5a
e789ff26 b9222b6d 1ca9052e
8260b293 ce87a6f6 723beb42
91ea7c83 f4f47595 a13e573f
9af7f379 80b8fcd0 7c18ee50
ba73b87f be281e02 1a5e52fe
ca2dcf3e 93fc412e 90e1fb24
ddbeab76 bb7a54c7 d7b600ba
9ad25270 a32daf78 26a13480
115e5768 93146772 3d4dc450
b6d4e05a 5f27e3e7 50bc3f36
6afb20a8 8c98a4ee 9a23fc30
839335ab 1dbae21c b6b8d4b4
c1254463 564bf1fe 035c0d3a
eab624ed d02d7f72 ef17048a
ab33d9ae dc7eb0cd 69d0f056
9faf77e4 6657219e c33c62b8
ff613637 3896f116 429e6fba
042f38e1 25189270 9d313470
b7a6f1d2 3f0b5d03 ded41f76
196cd1e3 861e572b ab356621
8e29f826 30e32211 2d708686
4196f51c 6964c640 6240ef00
5d3f4aae 1e16a111 ce1f638e
d574e6e6 773a2530 25668920
53314cee 6055eb64 8be686f8
e6d6d011 b9640588 63d2de08
a0d73110 817e535f aaa364f0
e72dac57 9480a395 19d0b3a3
a1ad3b6c 6532b3f8 f77614a0
9c1eb44c d6ba5f68 589972e0
8d7dffb6 b0ca3a31 86a92dd6
ea90f0b2 09b89332 4c7538c4
0270a164 8790af8b d5bafd4c
1c59cb30 a33335a1 7619b930
37d22cb4 c3e9b03b 28000d7c
e4635f63 d4a946ca 56d9561e
f6bd9b0a a42fb820 fdf89140
2c309686 f982b489 95e2c5b6
4945d551 fbdaa6ab 4bf2031b
785179ea c5b9b12e 2008b20c
3a5f2ac0 ed947633 f5aa0440
364a0985 b38efe28 37c972c8
2ef2dfd2 50692090 31ba2620
ce988c97 8e7cbbc8 b10422f8
23a12994 b76eebc7 4d0a2e0c
997a53d7 109cda5e 0d53def2
db92a2ed 2796a986 4e2dbd0e
3835f1ef f0e945dd 534e4653
6d90769c fbea9542 b2df6038
0441ba4e 32b04a72 36bf82bc
1defdbf2 7336f824 add95e08
6edc29fd 22c1de1f 9acf7ba3
9e20d8fc a4917218 ca708fa0
34573bb4 619a581a 6ba9f048
eb30e16c 2ae91360 b65b8c80
92b34750 e6f4aa1f a950c2b0
ff9d3688 08f00748 90350e40
7dc748af e521ebbc 37a10584
96ba7922 fd6e9a7d 6c87999a
ac9689f5 70ae3583 701e515f
a40a4eec cbd188ba 3c16b778
9473c57e aaba7a2e 027788a4
9d743e7f 1ee63491 d3a331ef
420e7ae1 a9cb54bd 7e6d8c1d
ba381382 efe338e0 df9b81c0
bfc379de 2a71da3c 9e959c08
9acba866 51b86e1f 9055385a
59019151 6651a2e9 410384b9
5bd762cc 37a74d1d 77318d1c
46acf44a fda6eb04 68efbf28
0a7bb46a 53218ca3 f317d77e
8c225c77 59cae19d 793d4bfb
df03cff6 0d2fc64f 712f70ea
8bb160e3 edfacb16 6dc05482
fafc54e7 9102ba49 68720bdf
941e5577 d7fc77b5 e550be23
08b6ef19 c3db65de 505b34ae
9b43bc1d b28154f6 616d47de
065438c5 36d09988 60bbe5a8
5a0815e0 432e83f4 81267980
fda446cb 06840ece 58bc115a
dbc732fb 5d5c9c96 aafcd312
63c187cb 8db2dde9 1784d6c3
30e97b1f 58aaeff0 3f6b5e10
1205652e 9fb52621 3b3cdeee
2373fda8 62978497 a64d3e18
38f5647e d8e04671 7c0bcf9e
d9479921 fb35f73d e9a353dd
57e7aa07 3bcde8b8 e5338d08
de1603fd 59165858 35ae56f8
eecea77b 493edfc1 b07a68bb
fdedb8ba b00ab155 c3eaefc2
515c2e10 9ce43788 cd1de880
c381b7fd f7fedaec 5a490f3c
ad3b0745 01d5eed6 018339ae
2703a0a9 c01f3fd5 8f05439d
c7de7db6 cb0d83cc d3de4f08
9fbc2503 150f3978 2e9c0468
1b582d86 0f1c9029 cf62aa76
6b70f76a 76ae87f1 bdddd0ca
4bbff3c3 a01771d9 b6d3b34b
7b6a7d56 60d1f880 71dffb00
3aaeaad1 dd13c50d 7ed4819d
30194159 1be0b01a d05dd30a
027d1b4d 69ca795c 269f34ac
a7cf71f5 6176c0c9 b346395d
4b9e4add a4be1adf 1683a883
4eafb227 c657c9b1 0f9bcbf7
a2e85fe6 86d6192d e27a516e
b8e2b15c 4a67dcc1 2756c65c
69a3acea 8637472d 99004b22
f8647990 ac4be5c0 8948fc00
270ddac9 d2c8b9d7 9ec5ffcf
3bb64ae4 0135b77b 6552f78c
c9c137e5 7f22b160 47844ae0
697d9e8c 81e2aa2c 10783810
26558246 2b84ede8 d530dd70
c9eb697c 3cbc7a1a 393dce98
141c2f90 68d544d4 36c9a340
dfc62f3e f74e9ed3 f865341a
53c60010 6410d0b1 0cf30b10
c268cf0b b81222b0 0a53cd90
62a99f52 d30f49cc e9675758
89e236d6 22b6b9e5 391fb36e
4a973f39 b90b7dfd 79cb5055
d82e5289 526626ae 94526f1e
5d71bf0a e0b7f331 2b420eea
1cbb438f b2601d13 1c2d369d
ef21a379 fab7dd6e d012b2fe
ca355efc 192bd583 71ab46f4
5136d467 13387b47 f9ca6591
6e5c85be e1b550ce 4594fee4
6a173526 d418a7b2 5b5ebe6c
2d841e8e 2dae38fe ca4960e4
cafdaae1 ec84378a 7478744a
c1412fd9 8b03361f 89879147
cbc85a80 0b83ad63 03237f80
2dadec4d 55ea3616 2c2c8c9e
5e04a3a2 4f97b2cc a8070918
adaedaa5 f0727e04 d3d2a094
194e3680 8c0ac430 c1643800
c2233fcf 2ea4bfc4 02344b7c
56f3ae99 e86b5cf0 b925ab70
005254d5 421a2645 d66a7b69
5826d4df af0084b3 19e9d3ed
e9756653 eeb08f2b 4df08cf1
5cdbd81d 0fddca05 8cdb1a91
51a12276 1e06c401 52c77a76
1cc01bd5 4fb5a448 907547e8
61cd7ce9 55acf9a1 aa462f89
18952248 e6ebd566 090990b0
02f12355 daa61038 02130a98
a4e26cb7 ffde3668 4e9cc458
cbd614ff 7a71fcb6 716cf14a
65b750d1 bc200e25 500a1c35
f0751ef5 af833b8b e0194607
80138f1f 58b77042 8ad175fe
7b1ede66 c9d81058 fc92d310
7ba276c9 c536d072 ca423582
e3a1081c af646c9d d81dc92c
834361ce 005d03d4 05c86898
68231d12 0ad287cc 0d13a858
4b8783b6 2fdf014f fbdf5b2a
80a4d61e 43def0c1 0d058c9e
98d8b85c 9891ca1c c548c210
70e8071d 04a498af f56a14d3
e69685da 71293099 b2f8df4a
07a726a6 7211bf14 cbeadef8
710721b3 e90430d9 972920bb
16dc475d ab938c92 9a0e8f0a
5dc23828 53f6927f 35d0abd8
d9a0efdc 0d55ced0 23d1eac0
f8c38b64 53ff22fc 1d9c7e70
55c823a4 4991acb9 6977f184
a1603241 6eb19926 1f414ea6
3a2fb068 7904ab86 396bce70
0b4a777b 24e46aed fef58adf
0680d8d9 ba2eb269 e29dd301
9b4b8533 dbef5b99 a418bc7b
929080b8 c4280ba9 f3ace178
d2b69193 860b0722 2d8b5a86
bfcb0243 da9c2d01 de04c943
32377316 1eedcb46 d2c9ea04
120c4683 008e8e56 fbe65a02
be973901 77c854f0 4c41c4f0
3d299926 2cf123ae f6fc49d4
cd33aaa2 d298cdf0 f443b1e0
8d9a7b83 1cd53d43 f6db8a49
d2301a30 e63d0321 05f1f030
2cc76b47 65aab959 ee009aaf
5b755abb 5656891e d220b4ea
e3d5fafc 3b82968f 2d8edac4
1d4df23a 895bc0db abf7b79e
816ff436 b145e895 f408136e
6caa88b3 4f76de0b cd6119b1
eff9c8cd 20325281 c739d94d
30811e23 9a1b4177 905ce545
a6bf1584 e0164668 56dad5a0
2996d0dc c9dcb9a1 5dd8565c
73d7abc4 fc599fd5 fd44a614
5b954473 848a29e2 f3bad886
2eaf8fd4 e5660523 c247cdfc
bdd7909d 9e98f100 b25bcd00
7029a434 78dafe6a f6719588
b9ec631c 5390ae64 1f73bef0
e06ec923 0d5c0441 c6d99de3
1e5a0282 3c63569f 87053abe
ed72aad4 4fa5a342 c0f906a8
f65cb635 07d2dac0 a32bc9c0
74175793 b4c889ab d04d2a31
08a7f530 6175e264 e70026c0
42484ce3 2e4865f4 1d16d75c
1ad36d65 e91a7db8 8da2f198
2bbc3f88 8de96a19 f2788448
46948e5b d0daa626 f7da2382
8e79532c 9a991fc7 9eadfb34
1899956f 0f8308d6 55db62ca
f1205a87 7e64dbe4 3cfe1d3c
779d97aa 961122cd 65a10722
40f7b03f 919bea58 21632ba8
05806274 5d42f73f bf7e268c
963bf0cb 536ef752 3cc0fe06
ce2b2402 934caf92 e8cfe724
db3a824d 531b180f 09c3da83
9e8d4461 09ff866a 1de8162a
8b8c2887 e4c5f6b5 c4ed6173
0516a3ae 37ad5a9a 03bfa2ac
64d941e6 23414f93 217cd112
fd1ebd73 34d6cba1 4ab15653
2d467158 379dc5aa b0f7fc70
d3d83e08 79d3ff22 711a3510
a4463d02 a1a446fb 9cd45cf6
acf5cac2 fb34a431 f6581722
7a258bb2 ea323c34 99221828
66a9fe13 2c51c5c4 12ae258c
c70cedea 9f47b459 9cad3e5a
b9730c0e c2249c8a 6155078c
8457478a 435114c4 e5138da8
0052f339 d201bbe8 98100ea8
700e92d2 b73d5898 a5295cb0
40f4e6f9 10d06237 ef58f17f
14b830e0 fc07425c c4eb5080
845bc06f 6a430a10 2e4d5cf0
63c019f2 1e50674b fb57f7e6
fe0a4206 1d0d9248 54d7fdb0
4b4a12f7 074b0323 78b67cc5
dd6bbafc 3d99dc0a 0781ddd8
269a183d fb6d70b6 fd20eb5e
8bded85e 6d654f4d 39e21646
5b1fcb4e a52666fe 8820cb64
0755d6d1 ae39fece f4bf3a2e
18cf5ef3 6252e99e 7d3dc4fa
91e6552f dfa56d14 508eaaac
de24561e 286c9e1b dfa3992a
07a55eb3 9f3c77a8 427f5a78
3196c0ea 47a4f4bc 967cb3d8
d0f08ad2 5d781c20 c9b05240
a4c57f2a 53ec0d35 fd1075b2
afc1c86e 32199792 987b30bc
89b19049 481ca916 5d7e9746
3e50825e cc880d8b 16458f0a
7eceb265 8fc2cff1 1e5f9c15
0b861ab7 714546b6 d6f8081a
db5d4e34 fa4bc642 69c66168
01cf962a 57481b8e 67cbb94c
0a6f2b1d b5ca5627 754d4f6b
89911b67 5d66ad09 3ba8919f
15766004 e0c73adb 51210b6c
5466e460 38eb6259 5f522560
c200b103 5f3d0072 af05d356
6b6509a1 6a1c60f2 20bb7a32
ad39f0fb d5320416 b2c4a192
42532143 6c663d00 539ef700
f58f7f2d 3ed2e5ba ffefa7b2
13705d69 d9861cdd f82e1fa5
9e627845 f42cd04a 3a0ad3f2
3507fe36 d9d9b0f9 55516286
68b72b68 cd4140a6 ff082570
4c90b528 3da6ec16 fb607170
00f60793 44a8a781 ff62b613
f7d12e8f b870a4dd 17f8cd73
b16cac37 5cf23434 ad0c272c
cc98d9c7 f25bc938 4c29e288
001721d3 3c777acf 45e7e79d
af9ca063 2e0b54b1 7e2c6073
a8e49211 44594a6d 47741b3d
301b17ba 1f4bf27c 630b5218
1345d4fe 104e6d48 ecb80d70
b0ba74f3 ca1efe1e 285cce7a
69cccfd4 f9ba86e2 cfa07128
5b7f9ee9 bb763b80 9bd52780
eb3d35bb 4727cce1 941a3d5b
dc12f0b0 e817eb30 c64eb100
33661cfe 380667fc ec22bc08
bfe190f5 7e63a4a2 9259af0a
055130b2 227c7718 77774eb0
4a31e2ef 916242d1 adb9e31f
0137b36e f1cc7486 6a1dc394
abc6d18a 175c0237 28f218a6
30f4e68b 52138bb3 d6bbac31
7fecfa95 b4fde874 23b99384
4de38291 8b5f3efd 4246274d
3a054536 b43b97c4 734dd758
c0f4f909 b13afa2a 886da57a
3d068138 e05701e6 c4615050
a0c289a5 989b53d1 a059deb5
971d012d 99d06b37 70490fab
ea106880 7c60d357 41b50380
2f3ee2e0 4c15cb88 13b02700
1ddd0a02 bf12978c e7eca718
bd9e2f6f 2ed0e423 4b0f582d
5c8351d1 6ec4c623 a93fd593
c943071d e197e691 e676156d
4c78d9ff cbde505d cc28e1a3
1745d40c 1c5d188a 6fe16e78
e97d55da 92b99dbe 873669cc
c22b4ba1 07b7df00 2df83f00
fa876d1c 908d0308 42eebce0
fe3c490a fba6c4b3 168eb9fe
2f8683ee 32304dc7 9fdf2402
109c31bb 494bbced f9e85e1f
3ccf4c0f 18ee1512 65c2940e
44192c9f e4905d9c 59fcf3e4
c8e1b898 f0657995 ef984878
b17ee819 430686d9 dda5d331
3958b9cc 3bb2c40c d240e590
aef15b2b 4a3d7b66 d236fc22
5f87370e 17474718 fbd40b50
f27fbdd6 7b948a22 a304926c
d7edd9c8 d4ace4bf e2cb9c38
1cbeb539 49927377 a390d87f
8d552037 168a0b39 37fc893f
2a6567cd ee0f4034 a18f55a4
de90669f fb3a7e23 a54649bd
f7437ebc 34422801 5f88debc
bc0ced75 887e444f 7ea65b1b
c44a3fab ac455709 2f565a03
2d874600 40ea4363 fea21200
5e4f3f4f b4985dc5 7fe36acb
fe88be3c 4a068d60 91766280
5ca33803 38b9bad2 b6c12076
cfff705f 20ba7c2e 9f5a3512
7c63f24d b5eee2b0 75348ef0
dc6ce2f8 77fc3bfd a40b7718
f468a2bb ef19c046 c7ebbf22
d8a6af4d 3d0b7b54 0e3a8444
ea5fa502 49d008b2 9748cb64
5cd10535 c4f60c96 c3a5890e
2229b346 274efbbf a936633a
c3932b11 867e7504 69597144
dfe137dc c91a9aa6 0ffc90a8
6badcedb 0ca057ee b9c2bc9a
600b3108 3ff6a6e7 01946e38
a62a2578 a4eb7900 30ddb800
f594e1a3 5ac210a6 d82a7fb2
1fd9d609 f48e11e4 22373904
cfd69032 e85294db 57ee42c6
cb38016d eee4f930 2ef74970
b3a1045b b31aab92 11fb44e6
cc4cd4d1 0f8dc4b9 ec92cf09
946d1ae2 d0ddad83 84197ba6
d3cfb938 d0b32081 b4fb5538
966e1bbb 06a600cc 3d001904
df804f89 01ed208c 6ef19eec
f0f9dca9 b5d333ed 3a91f375
0d0acf76 417c64d9 ba5bf306
9e305055 8c475b31 37609745
fa4e8bc2 5538b763 eeb7ba06
5ddecde3 b7903f04 60d6148c
05a6e50f 9b0e976b 69af9645
64b9dc0a db8dd0d9 23d5a47a
9601409a a2b2540c d0558f38
419247d7 fbe7b124 fc3ec13c
e77e5fc7 04a8c8f1 9f63a257
01e4ba0d b584784f ec7f8203
4bdc5051 40068298 0d7ed218
cfaf79c9 3bf201c1 b5c69989
3f7b375e fbaa8f90 77a8a6e0
2e920480 3e445496 6508a300
4e4a1d70 2af6a5e2 8c072ce0
318ffe00 13384b27 4c59b200
bc22abdd 15c61272 4574126a
dd09afd4 72dedf4b 13d82f1c
3a96ee66 61842fcb be0bc4e2
db32ef3b 033f8ef4 bdc3be3c
dae0b29f ba3b3e75 249924ab
665550c8 6a1c7cf1 4f51ec48
65e3179a 110bb324 5b0dffa8
e16c253a 594095ab fd679fbe
46ac8008 c22b8b55 b222daa8
af0b3f1a a9f34208 6e4cacd0
f2bcbe4f 5e28e5d7 71187f59
91b7b965 034250b2 b6b8783a
4004b30a 4ad877d9 67a5697a
8ba50363 8711737a 1bbc162e
92690fff efeb280c 078197f4
7b27cfc8 89847144 746a7920
354d6f51 0d3bd862 823bf502
057b5609 b0e91faa 118338fa
d5c5f6f2 c2a05c22 4449c424
00c5367a fecae9a1 02e04cba
af4240c5 f0d8cfc6 75d5635e
494ad98c 06a592e7 51d82554
4e409077 5d1d66db 4345ffcd
0cb7c721 975f5924 0a5179a4
913cee2e 80555164 186f97f8
32af220f 065dbd44 7c1d1efc
24f793a9 ec134720 0a715420
8903f574 e829e6d3 ec5d869c
612dd511 b29b9d6d 4f7a253d
5222973f 335f71e6 bd37b19a
3feacbeb 72a05e45 8a094057
6ef0c5b2 b6e897ca 43e7fc74
be766df0 e05f93c4 9fdcfbc0
f74be4b4 69a058ee c3ac7f58
82f75f66 2fda6c61 f2d62da6
53900370 17c86145 d69e5d30
2f914183 b780564d 8132b667
bd2ba608 c39bf5fc 9bb517e0
33038c25 dfeba8f7 6d5b7fb3
299aaa20 4bc25646 a1b144c0
96ed1ad8 fba8f94d 6a2d2af8
7e318918 6f48a06a 2cf1c3f0
0e66bd71 5a60bf95 cd8391c5
0018052a 2f4f9a2f c57a36b6
01334bc5 71113bca c2053072
4494b085 0b1dcbc6 a90afdde
d48007a0 aa216a7c 2ccbf180
cf20ead8 ac5ba890 b769d980
4b75295e ead5845c dea555c8
efef5226 5e8759bb bd6a37c2
6e15f867 a4e898c6 49d347aa
96262300 71a4afee 15618a00
bf8645f0 e4436639 32933270
1d0f76bb f9c75e9a 5743167e
2f151048 5aedd8ec 8fcfc260
d9e8b6dd 1189494a e2aee0e2
428361f7 0ca906c7 087bf101
be7dcc40 37bd1065 8fa59540
73755b71 f0f059fa 3755955a
52b6dc65 2e93a133 2f086d1f
f242c7fd 4c14fad9 4dac9775
a4a51723 0d6e5d75 f0e549ff
149bbd6a 69c8a23c d72d78d8
491cc247 e3fe68aa f377db26
3bf05ced 5074a0e6 3f6b9cee
f1b89c05 581a88b9 51cd679d
a356f797 11f16fa9 a5eaebaf
36de6aee d7a34d8d 16347b16
6995e1ca 18a7af08 fcce2450
1fa9166f a106b90e 420f7112
01d8a36a 6b9bebda afab7644
88696de0 f64a4a6f a2396420
67fa3020 30fe428f 54e921e0
59642950 2ff9a737 6a481030
d5574af4 a12a44bd 71632624
c710d576 ef8d4187 fc11873a
daed4b3a 4478d4a3 9292edee
ac2e9dbb b93b29a5 ee679c87
ed1f9bd8 ed14b3e2 94bf9cb0
d70bbd96 b45ba9da bc7977bc
69626116 d2e5f14a f883c65c
ba23cac3 db5431dd e3b15d57
34894eb1 c2f686d7 be97bca7
131aed29 281918fa bf88720a
00777807 3777ed09 ea92b33f
7068199f dc20928e 903ae432
4465249f 9f634853 8994978d
5ec74e19 27c6b01e 576256ee
b3bccdf6 ed8d84f4 d8a52678
08b364f5 52425700 78794300
aed04ed6 ab4a3227 0cfdce9a
62cb9b8e 9f91072b 76e202da
09d70eda e2c46f6a 2564ac44
7e13fa25 366f03c2 0b1cff0a
c0368c72 4068798f b52a55ae
28472421 ae30e2ff 20f21edf
b5e420cd 844da27b 53067c7f
e6b670d4 949fde3d d2fcba84
38f71a3a d445a0b1 ecdf621a
ebf36390 2d40a7f4 ddedd540
40147c93 45b98856 0e4af162
5fbb66cf ce71d620 92bce3e0
adb73d47 12ea9b7d c578e8ab
2baa5711 ba906555 07789da5
6cea78fd bbab855c 951debec
a770928d d63c416f 66115823
4f6bd122 456e0cf2 28554a24
14db14f2 f6ba6ff4 a2b8e4a8
c3c3d498 5c1d01dc b5574aa0
b6d7ccb9 bd1e40c9 154bfd41
38437fb2 2f2c1bf0 7e577ce0
5b6623c7 be01fbfa 3c9a0d56
35c3c67c 7ffdc3d8 29ebeca0
87519503 223cad5a 07156a0e
db365bb4 2964e5d4 cf5bf510
aa688d67 2f2b393f e083bb59
c61d63ad c1785cde 83669c06
a3935abd 2d096f1e 79419526
661689c5 937257df 0f2df59b
4271c23d ccc24520 c5ccb8a0
17bd1b19 068da371 657ee109
b1a9e114 f36e6c3c 015d30b0
5711dbec 038d96cf c3491bd4
08504f2f 38a25fbe 5cbb35e2
5b8337df 1466959d 2dd80ec3
e4a1af68 df9c01b5 c3606c88
a2edb49b 6b2a47c8 a13a1618
6ca0a62e 4ae48f09 db71899e
0e631618 12e561ed 50928c38
bfa299ef f31ae91c 73295d24
8fc8ed36 97432b05 7de6b40e
291e0db7 76f8f48b 9babde5d
a7dd47c0 c52375be 47460080
c95073dd e1a657aa 651b0bc2
339f4f70 8360613c 90700e40
f07fd211 2c5c6925 99be5575
9069c6c4 898074af ec5faffc
fe95ae55 4415f3a0 1300a420
3fc7ae15 5344c26d 868508f1
a203b4c9 5c1b0d59 d0ab0ee1
85e4de18 4b6b8f6b aac03c08
292ad286 f790378f e78662da
20e49741 28fd6820 9d425020
16a0f3af 37f27fd7 ce7e78f9
e3897337 b6e5c1c8 8d7179f8
f6be1f9e 212edeff b3308262
0a094da1 6ca0aee3 a9a343c3
7139439a ff1662b9 f37ece4a
98c51ed8 6765fa2b 3c731e48
8f4f61c9 6c9d5488 f286e6c8
972d61b0 01fefdb7 879bc4d0
aad3a659 fa20f0c6 40c618d6
365b7656 45a08fa3 d71662c2
02c9a4ad 63b87d0c da34311c
b610a94e 2c88899e a2533c24
fe0a6370 f93449de 661d2b20
e696c323 9053688d 34a8b247
f70aae8f d6ee3313 4983719d
48f1e6d3 3dbee2d5 d6a5538f
c2f3bff7 f73ec742 8be27eae
aaccbf21 5224202f 661f370f
0cd8f0d2 4882076a 9b0d74f4
7461b038 b35f3d7c 3316b320
38023064 cfeca30d b51c2114
bad2655d 8e669a8c b51760dc
421da521 8b220e8d e2bdc12d
8d78d5b3 6ded3a63 23dc3239
90af3201 49546a1e 3090461e
93deb9e1 f060ac69 ef9d6949
e83c3dda d89dc111 b553757a
1aed1974 8d0e8afe cf4fc918
b39522ae f6c7c433 1e8520aa
7b74b0f5 b33f68fb 4e980837
1d0a0595 897d4c7a 472fe502
eed6228f f20b5d4a 7e98f056
59073763 a1a7b977 fdf64a05
9e56d7aa 78e5b423 5095043e
460bf161 1f5119c8 02980cc8
1e56f851 afc5fe8e 93f31aee
d522d1b4 d1dc90f8 3a606660
1902d2c7 6cda03a4 7fbd5c7c
b88fece6 43c7a277 379aaaea
f8e97a57 8c188ae1 ad4f6c77
3b7cfae7 41bfc678 65fd4648
101a6a73 08726382 63ca8766
5802a547 40758b0d 3152f19b
1a9e9ab4 8fd8af41 41e653b4
ff02cb36 4771e1b0 735c2b20
1b30c215 afb55b10 9be29850
2b312d6b ac9b73bc 334d6b94
0a48fee7 21cb5dee fca3e5c2
ffc2fa46 0c3055b1 c8084866
99c02dde e4987d90 464f32e0
1482355f 96befa50 d75173b0
02d9d864 a4783239 ada4b644
6cff0e19 65d27aed e259f725
450b3a8b 3c881a8c 93ee2204
d6046e55 6c4825e4 23cc8cb4
c9e46b58 f8ff3f46 97880210
3f00f1fe d12d01cc 1d58d468
00d0a921 6fee42a6 de962d66
42cfa926 baa8ba60 8bb50a40
26d8fa0c 77e06343 71fc1524
3ae57a65 cec6e674 cc1033c4
38d06246 184ce4b5 7fa3d37e
aae53228 7a596897 6978d598
6ef04a87 adea9fe9 9163addf
e7552042 29638a8c 71773818
d0a599c7 432e6cfd c74aedab
7a990ee3 1766623a b1d2456e
7951cea9 6602a584 3bb37c24
81a58e53 46ff89c7 d7890d85
f92b2f27 3632ec99 29e5224f
6ba4251a c97d6eeb df513ade
6e664cc8 7a664b7a 7cef2f50
28ba2ccb e4ef7b05 dcad68f7
e61fa274 4710ace1 d633b7f4
cafcea19 2521ab58 81882b98
acd515a7 0b0d55f5 6e992bd3
c83af1ab b24b1830 c4ce5810
612878a5 ef83e3bf 279b521b
d3941951 e2c5d32a c47eea4a
34ab682c 86c41b2e 54795be8
00273f14 b0297c7b ef9cfe9c
ac0f87cf 44324f9d d2dd2af3
bfde6a90 93120ebb 7f6bb730
92b08688 8cbe8240 8962b200
89aa61f2 c8c23b51 1cdfc392
8bbdf458 22fa7b77 87a2dce8
09b54b68 bcbff097 5338fa58
8f86ed3a c68bbd85 d8bb1122
dd17c17c 57f8c043 4274a374
0517f4d3 c19bdf95 23f64bcf
420d8b76 93f01390 a9983460
84a9f1ca e29c8ea5 70bee332
65ab89b4 d36a3a31 b3902374
af355ada ad3919c9 534d9f2a
2797db5b 78921719 446f98e3
9ca23502 0ed588a2 81789b44
801a2e1b 288bb8b1 a3e648ab
c89ef648 b0ef9139 221b9e08
a2db870d 689eb09f b537d113
af5e9183 6c9246c5 1045cbcf
495e15f7 b0ee9fcf fe5a2bb9
ea4c2d93 a036471a 696265ee
5bf13547 a958b2e3 6d559bf5
9dce2e44 968fb17f 8741f7bc
557159e0 a8698d13 a2ca0ba0
d9e95982 0658d59a 0e890234
baeef06d 0251878d e2e0e709
9347f732 367936e9 9d468882
ee7f03a5 fdaaa759 421ae75d
e9a38d00 80beb3a3 c4b9c700
5de8c630 5811d17c 2fbd2f40
43784ea9 00fb7e18 a9b18dd8
52bf51c8 d31c94f2 9e02ef10
3eae30c4 e732a709 383792e4
49415986 5eabd5c8 9b0c6eb0
1b618ec4 b139be9b 49aae8ac
c3adbdfc 950e65f0 0e9e8840
5f6c7a93 70831f7f 82e19bed
db8cea9f 1fb8337f e0ee11e1
025135a2 7862bfa8 94531050
4dfa7983 b1b6f902 32475e06
f5daf988 8074810f d13226f8
de958f23 f7283ab1 ea4de533
fe94530f 664ab691 a165b57f
f88ce1cd da596cac 802f31bc
e371e78c ea0d1256 24a7a108
a5007e62 52181e06 2a02724c
f745b3b1 b38940fa d3b6bada
25303dd3 1ea63a96 891807a2
757bcae4 a1faf196 e7318598
9213e92c c13542a7 df3673b4
c80dc06d 91eed00f 877cd663
9604ad0b 8e0e4e58 8eeed5c8
330fa2e3 6ba2ae06 c7ba1b52
dee04ee4 82a2c201 8ef116e4
81f7cf7d 271a1086 a2606b6e
a4a3b012 ad81d87e 0831d8dc
02b1da70 17c94f83 d55b5750
fc4b2b29 b73456c3 8115a63b
06ce5f68 886c2482 fa1712d0
fc88d819 960e00b5 041ec9ad
a030f065 c31c616f 3a5a80cb
77f437bd b75ae388 fa9c3368
a504bf9f 25bfded2 6eb2126e
799736e7 712a5461 a9359987
eff6ee78 6726753b d6b5cda8
d08fb397 4f30e092 f4688c1e
035f1de0 e913191b bc9306a0
6dbf71e0 987b4fff 1c768e20
523d42e6 4497e2c9 34d29296
c78139d4 a2c8f841 2d750ed4
51de5417 e639db89 6509ad4f
59882fe8 d74ccfed 12b0f1c8
f1c78e55 15589ec2 494a526a
8f0e41c4 da89763f e0b6873c
5548d9d3 def519f9 8210793b
3d12706d cfb4c44d ac4344c9
025069be fd67603d 06427246
34cb02c3 6b6c280f 7b97a16d
33466a7c 29044aff f3dbe984
bee7e58d 4ffc0dcf 9df6c603
f55e8daf 6d179ec9 40684067
62a32d02 e94f392e c3f5885c
10170dbf 9d186fe1 9020e5df
054f613b ae419a4b 18b9fa49
fc41200a e2a2b655 28babf52
e22cc218 114bc523 d2830148
e093daac a3b46781 ec6c64ac
b771b9d7 49781c55 c4de3863
81cc4a4b 86db3643 e04c43a1
52cf3dca 5c43dea4 8836c168
59cbe933 3e165262 15239b86
7cc16027 9dd9bf1f ce36bdb9
3311e6c2 d857466e f2b8335c
6c95e05b bb44281b f008e199
f2285c1f 9ede9c9f 04161b41
852a9f3f fae66f93 8b1fc22d
84afc8de 91fb56cc 7938a4e8
7c0d36ed ce74324a 09f02a82
8180c571 ef777055 9ca9fe85
e480bb3b 8bb4161c bca78c74
a627defa c298bb90 6ebe0aa0
bc85e6cf 3f9b2730 6f99cfd0
ed322e22 df0855b8 34727270
c221f9a7 c50702d8 672ef2e8
b4df090b 80c2d8be c77ffe2a
d6a78a5f 0732ee77 2a13a429
6a22b168 5cce6470 1e2a3d80
9ca8caf3 ae6c908a 2daa16fe
43654217 2acf0c30 98ae7850
df709b59 d2d69920 19519c20
d1bfe4b7 457edfed 3bf4266b
799c5745 241f3171 e011ba75
a5ead71d 45cb903d 06f491e9
f541a788 447c80d0 5efc1e80
51372887 4deaf087 307aef31
938721fb a5c7ec31 014de50b
e0331146 547e5a9c 0ba522a8
83742e2d 50e484c6 c3beeace
149b4ed9 bcbe08ad a87910a5
32e59239 1e3cd122 2239f492
166a0894 0d494058 2ccbf2e0
5dde1740 b19a32dd a5c49240
101c48b6 216f282d 3d3f37fe
bcf6f283 cc227f1b 09c090d1
2bf01d21 6e4bca24 5b6b22a4
0353a832 6835b228 d25f0bd0
0ce84a32 35bb9e73 b6aa3076
09960483 5f1937d4 38fee17c
d35895d2 9588107c b9d5b1b8
09ae546d b4a05b7a fd36faf2
5f7b4a53 c7d6d5d8 cb3fc508
d7a42aaf b1e2a6e1 a874fdcf
d3f44e12 aa9bc09f 182ffd2e
474226e4 24a3f221 8b768b64
039c27c3 77c8c388 9296a898
d9ac0e9d 121ed0b1 0c3baa8d
a6ef7a53 d33999dc 3b63ba54
ea6beb57 b3341f0d 9ba67c6b
b131ddbe 2555d487 d3034732
c1caaf68 d202f62b 00696678
9e4d0e79 fecb163d df8dd8d5
ad2ece84 739db240 ca3f6900
9f30b3e2 4bca5f62 29b9ba84
1e58fb33 686b5c4f 0e0cd8bd
3f86aa71 c34b04d3 78c33f23
b9b0601c f135c9f4 b95d96b0
ef23e66e 6d9004d6 eb7c57f4
28b2cd8c 787c47bc aa20c6d0
30349f36 a422eed3 648f6d82
5062723c ef154ee2 58a320f8
90046af9 ea3a8ef2 6ded3d62
e1ca1189 9fad1f95 d350cbbd
28833864 8ec9f4f3 44d1d6ec
f3e37e41 0a8bf97d 732cdebd
7bb35f54 6576e637 cfe6f30c
0d7a8157 9d9a2a92 f26c099e
84a332fb 837136b0 8ebefe90
5ab4a0b9 a02f369c 81eff6bc
667584d6 a5cd7065 23d9086e
e61f80f0 9ed81df0 39a41100
07cfb3fa 4c0f8d11 ae91a59a
4b50e9cf 276229f2 322d2cae
8c0f0419 434056e8 8a3c1ca8
5a77150c d9493abc 96a42cd0
7e581135 2318225d 743f4a41
af739d32 1d4d7cfc a7fcf538
75fc314b 82555daa 6b47face
1716140a 979da6c0 d1af8380
8dab515a 92c5aa27 476128b6
0ebc667c 3c8930f7 735a21a4
58c5cabc ef8ad7a7 d3a324a4
c09a2a1f 8b23c49e 7ea2bb22
405ad3e5 1c0276f0 e69c34b0
3ad8cd8a e97b1974 319d9c88
305faaba 97aa1e37 b01379f6
057aca37 be6978c1 72eb3b77
93a9bc15 7e729032 684c8c1a
2ea7064a 245963eb 027b63ee
bb2c5303 e8d8e455 622e3bff
1191769d c057a2b5 88433701
1e928e9f bc2eff14 c415856c
a04527d5 b5d918e0 14cbd260
9d9ca501 cf2ca0e7 4aa583e7
48b6daa7 d18cca90 19b6c3f0
26a8a750 135d65a1 9223c950
d86aa060 3a65177e 1ec38f40
9e621edc 526c832a aeb3a418
79adf4ed 7b25c183 aeec0247
22907335 96d85f06 acdb5e3e
55817d1e 104beead b29d7146
9dd16633 3777a558 ad8f0088
25859744 cd55e092 f81fc4c8
8f06db24 e6fe0f2a a3af0fe8
dd5dfe5e c9675fdd 215b7926
6802d918 0477cd55 1af24cf8
89c61ca1 4cd125f3 94a171d3
6972cd56 080a06a5 5d2a5c6e
1f2de057 5880d96b fed6835d
8bff5d96 49c562a4 3bd96018
15373281 9ec961bc c3f4f7bc
e4be64d9 ce0bbd6b 1f5b5bb3
ed6332f9 59d936b2 c1caf722
eb721baf 5e61e516 0de0ec0a
df7b7a50 ec9565f1 0b0fb550
3f1f9129 c61b16b4 1dfe96d4
9a4019d7 4bbaa0c8 55708ff8
bf2e06f1 672ad6ed 91f3e31d
6f26f742 6189ca0c 493fab18
b253a71c 1d1ed744 60d8e770
a2379d5d 038ad34a a5e923e2
1214b421 22f4be47 72e27327
0c579ac0 bf0be2c5 bc4795c0
e6d51b7f 18f85f05 2265aa7b
e7360295 a57b183d 6eb39581
b8481e6c 5b21156c f8d7b190
8660fedf 08b3fd82 4710d03e
cbf06265 2d966dc0 b65cccc0
e9d9c2cb 92a783be d6b973aa
c0c45a95 07031487 215e6893
adf60855 0914e637 0efc2843
0c2d3afa 33af54ff 174dc706
40d2194d bf579910 aa6b99d0
555e4a26 6cb4412f c7db42fa
75335809 4cce0704 bf739f24
4acfe6a6 47553946 5e520764
cd04f325 199851f3 2799811f
fe64f888 6ef27f00 77db7800
64ae300b 0d70ed2f 52450105
cdd95213 cf916b98 e819ac48
505deca2 0f67392f 5e1c83be
c84de95f a8d2ab4e da8d8ff2
42dd919d f2ff52a3 011b00f7
597d2eec fcb949bf af534e14
31b149d2 662cdbd4 2d0fc7e8
88516b3b 0e65d944 c1cc7eac
4f11ab88 5954ded0 21bb4e80
e39995e9 4512bc3e 40ab6a6e
21887f2f c0b56c44 aa249c7c
e5a13373 58b961fe a08a9f1a
37c90639 d8f8679f a693cc67
37b6141c d18fc54a 4fbf5c18
b0329326 6f971d4d ff4b906e
ae46a798 bb4d6a2c a641be20
254e0008 a2f329f2 d9554f90
99416071 fb07cc28 79281da8
5e25b644 184a4a03 10c8cacc
9b8ad686 605e4d0f e4dcdfda
6c384948 75ae1406 a5fb57b0
7d3427ad 2dc13374 71f67164
19978876 23f5c585 a2aab34e
16e9bdf4 897e20e9 24946314
d997705e d2eab8fc dbc22c88
244e3842 a502d040 9bc7b080
d608d04b 717f82ca ccef712e
4ea63be3 e3b95eb4 e6ea759c
aee25cb3 e030a729 ae499dab
69c62399 5363bed7 42fe737f
7d50ef1a df9b4c51 18555f3a
40dce8e1 e928c3df f1fa3eff
4a03ae31 89bba0dc 5ed3521c
2792b94c 7adacdbd b86ca91c
ca56202d 7491ce02 800d765a
0410d372 d3298aff f200128e
df23cfe0 51c20f57 5619c520
c92e57ba 8617e0cf 76f1af66
4002a270 efbcd200 037fe000
33464cef a268f014 68b612ac
d2b349bd b5e30743 0f877777
6e7a1974 1aac7480 72854a00
37a0f8df b5d6a5d0 a89bf030
8aa9ecbc b1a9392b 645c9f94
ed823e75 b9f7b94c 71b017bc
de113bdd 127840c3 0fafd957
8acc917d 8c7efbdf 725e4ae3
8ca4f6a0 c8835b89 1bd2dba0
bb7c3a8a ca836396 be0baadc
56aff6ad b186f5e3 00a94c67
09ea8659 40c488a1 f001c5f9
8450c441 a45790a0 76f638a0
1c605aa9 21f89d54 03ef6474
48ebb597 e41dd87e d355c852
4f8277b1 ad1e54d7 399699a7
893d1dc3 71956fec 69bdfcc4
0b4b9dc2 3275c0fd ddb668ba
3c205553 83bf623c 9a2ac574
02e7115d be3d7de5 9555f131
dae1bbb4 05b06586 30f64438
fc8cc70a 71975e4b 7f39fbee
b54d9a29 8e927147 32f3da5f
04faf9c9 7d8992c0 b040f8c0
1ff4bbce e3f8ba73 c4f4098a
c234b49b 66124ef5 605e1257
79b798dd c4c5cbc0 b5fae4c0
b57324bc 8eaeeecd 9923328c
5a884d7d b780eb2f d7a7f8f3
ebfdfa03 c69d1cb6 33bf1222
4cf366c2 8774857c 98308ff8
9758655d 7b82906d 51e17899
9168cf67 eb41a27e 1afc42b2
44bcd8f4 37f91005 96937cc4
49474563 84865dd7 cce23d25
f52bb413 bc270b70 86c09950
ec84e6e9 95754711 b65af479
da7ea5f6 68871f16 91b50d24
b9c4b126 e82f34b4 884246b8
91e122b7 ef85ad84 3e9e915c
5225c407 ddd1d6ef 57d6dc89
1ab2d9f9 99e7ccd6 57e3a226
ef592e71 5c335206 097a48a6
c6edb671 c9fe1676 dc5dce16
42070ca9 b2a931f8 2dd19cb8
e207b6fb 4e638b97 bff8370d
94fdabab 27196579 51539ad3
17976b14 a3cf2d17 0d9922cc
523a6659 f28da587 81c855ef
3cbd8652 2ff1cc14 4709d668
c43b7f6d 2faa83a6 522b67ae
d344e9d9 4d9d2b6d 36b40465
a0ade0ca 10f8396c e417cf38
6fcc5b02 aaff4987 35b5900e
daa687fe 8cb08a54 ea938b58
67e75c68 00908e95 c96a7888
253882cc 35a0901e 21b213e8
a6dde5aa 82549833 ae59b0de
e809147b 67ce91b0 a2d1bf90
e3dd9c2e 694c390c 41d19028
d37218e5 23a411ff 7402011b
6ffaf714 be71915c 4bf71f30
7bbc834a 3dcb4b28 4d993190
a362ae2a 4af80a0d 03807c22
88fae762 a8c6b95c d12cf938
eb45b93c 3a75faf0 e8ae4040
add76c79 97fd0e83 4fc01feb
d8bf9347 8e82a643 1fb19595
9cea5509 c4d2665a 2da57b2a
105b0117 351b4c82 32f661ae
1436e140 c81cf8e0 7d3b1800
3ed2bc4f c423a165 8c5efa2b
97a13849 e7f56904 3b77d224
e2bb0fe2 ef1d7f62 63173284
e4a3a01b 99b5e221 4286797b
984477de 9bbd8038 73cf3890
443fffe0 fe5cc918 da66dd00
9743b735 b0c1910b 69a2e447
3e5f0586 27858de9 6324d4f6
8552b6f9 46eae807 f0aea8cf
7e20b533 b418cbf3 81837069
ef57d513 c4fd1eb4 b4810b5c
e76ec220 057f1f64 bea5b480
0ca4d5a4 a66386c5 f9183f34
d1b7a5cf 55c24a03 ecf2c76d
9a18bcd1 408945c6 25df5ea6
997090cc 02d8f6be d0cf7f68
72afe73e 479616c1 44d0a9be
e3cf2bd2 a73f8092 48bdfdc4
c6ed968e b2c01b11 eb27f96e
24fb19a2 c39e5aad 7caf467a
58cd323d b8c9b723 1cdc7957
404285bc 11d8ba34 b54dc230
38c6317f d4f34205 5c2eb57b
34be998a c3b3ec7e 24d8c9ec
abc37721 8f4bfb85 38053f25
5e1c9df0 87cfcb25 907023b0
3f9375f8 3d53bd43 d917f7e8
53e9a0f2 92f00b29 61352cc2
d82bc358 0c0f85d2 a28af630
2592798d d8208695 b3808d11
dec2152a 47f9e1da 81b9efc4
99cc0c18 8513f092 5f7d65b0
7a6e28f0 f1573e10 2e5caf00
29e67233 02ef3ae1 0d06ecd3
ff591b7a 0ce6af9b ec5808de
d419590e e1f381ed f7a17ff6
9ee9d7a7 97da3ef8 b9f95bc8
889857b3 6e67bde0 3110e3a0
9ccef8c0 feed1306 d3101480
6454add9 fa6ebd20 ac2cf020
072736c1 06c95251 567b2511
2fd4fb99 c7b9e250 b93cb1d0
563b10d1 fec739b2 8c473a52
1a3d8bbe 4ae333fa b86b518c
c24cbb58 719af3f5 5433d338
8d4e54f2 271680b7 5843b8fe
d707cdfb 1174cf10 c0c6d4b0
e28dd061 cf5bf349 b8b77ea9
9586175e 27a763b0 378b6aa0
a901e83f acc7cf2b cb15f395
383b1057 67deb06b 485da45d
1aa399b3 cab7fd40 74c153c0
bc08525e eb2a3693 87931ffa
dff636e9 d62659b0 7ef2c130
37349645 3e6b8eb3 49f6583f
d8d2f90e 2e5e713a 36df9b2c
6bca7326 b51662b5 797bf5de
957d3cfc 372a14e6 3ca07a68
e1ed1e8f 4353e455 884f817b
e6dcc549 4e942075 67c34a5d
d07c6487 7f7e4189 9b8a133f
d3e1ddd4 4e27e8a8 208db320
b24c8c75 d1118054 a01d9664
d4ef5222 18eac3a6 a1d3280c
d0ae2a96 429dfd74 78ff89f8
43fde066 a94adda7 b8d1708a
93c0886f e598a49f 68e3d8f1
0d170535 bd96de05 66051009
33c06864 0c96b09f 46dd961c
f008d367 7259770c b77dc9d4
2d92735e c0d71719 ff9cb62e
67994af0 648834a9 16eb3870
3455a066 0888b45d 9e12fd0e
3bf2bad0 1cf3f733 3709e770
697492e8 8b009bcd ff4c1bc8
17f54001 f5bd69c3 0ccd29c3
bdc39360 d21f3082 a192d6c0
38565f5e e2583c98 75f2a7d0
2608f077 92f9b321 e9093457
7540f792 c7f200ee 886a29bc
7957f536 ff478d76 2c93c4e4
67805e3e c534c067 c5ec6af2
f81244e0 29f64214 266f2180
f1c98b21 fc01b757 4513df37
da03cfa5 b79d3165 09708119
92d5ff2f 70e622ab 550fb265
21a97891 698e95f1 ad24e581
afb587d8 6e26b9d6 0afaa690
3e835bc1 af9c0b96 1e850e16
8ceeb673 fc9097d8 8bb7c608
260b6b8f 78767da6 dad691ba
ae48d5b7 cbae55a7 3fdb2d61
37514aca 1a1e6592 e68a5934
f0921260 32bbebaf b6d8afa0
c4926b38 995ba9b0 6259ae80
8f932afa 16f66897 417fe976
1c4bb2fe aa096484 1fe182f8
355dfcdd 34c49eb6 70162b1e
714f902b 637a18bb 90205769
b64035bd da30c22b 4af240bf
78755be9 cc6f79e6 37e8b456
e439c8ca c2787bfd 83447da2
8e8c9475 3a68e668 08056d88
422d5692 bef4e9d4 f07e92e8
347d9c76 24b27b0f cf94dcea
10891b2e dc643a81 8b371e2e
d08f6d9c b47bccf5 3e90364c
e32572f8 08fe0201 001b62f8
d6865c08 41100dda 4996c6d0
e46761d8 641e9d94 4a1608e0
d670d7e4 f13d9f88 175d4d20
7ebf0f81 66607076 39399576
6526e424 d4758060 751b8d80
986fa3dc 2cd1b3c2 2ac900b8
eefac246 c7621545 c4521ade
327b8960 56f501d6 67ae3640
f40f727c 6a52c030 5c7a7740
b7697e17 0c7b25c3 9da15e85
2305387c 1ef70ad3 19266634
07614d17 ec124790 c2babdf0
26470236 2c0d8641 47edd3b6
e233dfdd 491c5b73 8f0d1f47
4ca68e85 bad1741b 8aba4c07
cddde2af f7683c47 09c2e289
b4a104b9 624af815 fd429b2d
31c75574 daafa81b 4266233c
5665ee32 877f385f e4bc548e
3e8ecb30 48caf030 6d231900
1d8c2fe1 3b92a1e1 4ba495c1
5599c45b a7a2b339 321e5943
b2e45067 197ac856 d7997a9a
8119ce64 2692f09b e925b68c
8aaf4ac8 d2244f39 8d3b5e88
77279e88 8f3da6ba 01fd5ed0
a2e6bd0b 5f157b2d 164a83ef
8fa6836b 0f9ff0ad 13301f4f
261db362 5a755535 307fad4a
199020a3 1fc34ae0 a0b4aca0
5503a7a9 605a9df0 42a9d370
b4b2033e 6df38397 2682a392
cc8e7523 7718b2d4 b3b356fc
860a0801 2941a625 11e4ce25
dc27ccc2 bfdbea07 4e35ed4e
a98aad7d f8e07a8b 0a59c4df
d00ddbc4 a2b5edc0 486d4700
a17dbeeb dabd2198 29c4a688
e233dc62 49888258 1dcd85b0
50ddbfdc 7f9fc29c a029a210
3f0caf3d ba204ddf f661ff23
a2160cf3 8e611b38 7a437628
a3aaec89 67946886 f9c377b6
8d127e23 cfe0e773 bac03eb9
3ef68b3e 1ce0fd10 3544f9e0
bff72efe 4cdb8102 a9e65bfc
a77a9b6d 0063d829 60eddc75
75dc564f 94b503d9 2ea315f7
8e56dadd 9992f3e6 3ad2698e
4b543301 63ddd7f9 669872f9
63954186 c8442e4d dd42c94e
f7728cdc 58416cde 4c9ef6c8
242d1775 5a3fb3ef 354ab53b
7dfe0d31 2713ef38 2f86a1b8
9bd826c3 afe04546 172d2852
801a000d 3c3b6da1 b15e912d
752c4c48 fc0a717a 3f982250
19871c8e eaf9a1b0 17f6efa0
cc4e5220 e67188f3 8a18f460
1063a362 8027ea0c bbf13c98
5ce4949b 1b6fec6d 0e8729ff
65d795fc 9100b3b5 7b4c3f2c
2b881af8 3ca3e8c7 7b25b6c8
e3c62a4e f8e15b4b eaa61eda
d379d73a ba3ec0cc 2a8f0238
05dc4ac4 96c94a85 44f37fd4
09d42bed 4951a803 d54d0bc7
0f3ff293 635f74a1 6eaf2a73
3bcc1b81 958a2e02 0d136502
2c93167f 3367006a cf005096
78f86987 07a90784 86181a9c
208320cc d724227c 1a8efad0
0aa4cfc3 c7d1bad0 980f7c70
ffe8c0c9 731edb9f f109afd7
e3237bc5 77248221 4720fe65
13a1f2fa 378a0e79 d399842a
5805e5b0 cd1dc44a ea7f24e0
33ae469d 1af93267 759e132b
24ee3807 88e037f1 b06c3f97
8e56468e 85f6352d 7439ccf6
6f6542a5 600b8d08 fdf5f628
508b7d15 ef0f4cf9 b009e56d
7e858df3 720db48d 02b50ad7
7b2a20d6 cefb3b55 0060390e
0ac8f62f 759e3ebe 18c818e2
143d1a37 2fb36c52 b016999e
6ab9c6b0 ab2f78e4 2ce774c0
b4eba053 9e72f0cd 65f33277
cf4b64d0 0d7f32bd 578a0d90
669e6938 a284d72f 92535948
042f3a52 f8173ad5 dbe01a3a
dd2a9951 9c122ecd e65b53dd
0777e0c5 f7ab9617 200f9fb3
44f2ac3d 5ac1cb08 e226c0e8
96d59b74 4e0b4f38 efaecd60
7bd8d27d d23aa799 b03757b5
43a506e0 27554b56 7ad3ef40
9cb48915 18c01c72 4f23575a
2afedba4 d44a8bcf 72bda59c
c2d368bd 07b841e4 a4b94554
08b70c6d 976734d9 dc8aac65
08d39730 c77f9c5c 6cfb9540
52b83faa eeea7d77 a81f9a06
cc347ffe aa1d3950 acad8d60
da2aa09b c6c68851 c6b1290b
ead7d4b3 8dfbb3af 95c48f5d
68b4e509 7bdb6ac3 ea532fdb
ea80345e 40e065b2 f40d7f5c
618c8e8c 3a2bfb9e ae073e68
83b08c73 619b2c2b 136c5b51
329d7aea da29a2d6 eae6d39c
a177c4f1 cb9ceafe ccb5b11e
4347263b 3c512417 f96fbb4d
e0da83cd 3cc35e3a 9f0e2272
525c74ff 8ec75f00 b3a3a100
e9f523ec dc4536a0 6d663b80
8df13a07 25a0d4e1 cc71cc27
61225d7d a3be8f16 84f2dbbe
a6e3cb66 79d4f75a 1bccebdc
3b7d5fe0 a6e6f2e5 1f088360
7d5af1c1 aa757e8f 6fff08cf
727daf59 4cbe0715 6428d14d
3f79f3a8 9cafc55b 58b1e4b8
07ae06b8 244b8541 34954cb8
225220a8 4fdfc39a 7e9f9d10
cd0ea314 66571563 e3d5b4bc
049bb4f4 56fd57f3 176faf9c
55915515 6b31a23c 15ec3aec
34e8f786 15a8a009 e4d473b6
17cbf635 7d151789 229e855d
81ef71e6 36e43a04 3c63e398
e15416c0 b4c093a3 d19abc40
6f65fa27 1d6f3b1e 70834d92
f3224644 c953c01e 5ec33bf8
432ad35b 2b5ce21f 2e79ee05
ce236dc5 adc695bd d669b371
0512825e abadf30b ad10d40a
2cc9dda4 a464f3f9 d1cb4084
bd63f330 563124a1 d63eb130
0b0c90d8 c7d98c23 1105ed88
7b37fb0c 2fec81fd 9ee426dc
7bf3c46b e0b6bda2 ac574ab6
cde995c9 c93ea48b 89771823
a1ca6923 010ed87b 67e00bd1
beb91749 94b70cd5 3646cbbd
11570d24 758839fa c00fd928
2a1b72c8 f5695b06 3a79c8b0
93f4d13d 97fd0d15 55fe4301
83fabec7 d0274dd0 676ddcb0
ea1287b3 62067cce 08d5e60a
f1b50730 e72bb693 031f4090
d296963b 4ef106a0 8d2e46e0
c8c613be cd8e1f0e 109d1664
44b813e9 5e60e332 aafb7e82
943aeece f6434b92 417c8b7c
81d02965 f00099d8 a0604a38
ac02f432 6609e375 bda3f0da
47825024 9c89e42a 9e0535e8
6ffa6367 282f3119 34636c0f
3caf7c27 e8eea131 beed4a77
c158021d c870d442 4f208f7a
062455da e5ad1d5d 5f3ee232
d2c213fa 9ec8c119 cd536d6a
d5f0752b 05deadd8 745aeb48
1b9189f7 af7e5748 f763be78
d7257f99 d1b2cf76 1ed78786
2da57c34 c01e1019 5b046114
a7b7ccea 0df3b3a5 01dcb0d2
0ff01677 5d5a29b9 18ef4aff
480f05c3 26a3695f 84191e5d
930b50a8 878dd42e cf5b9e30
f396f83d 33482a0f 02ba8d93
a215bed1 c1af8b9f 7bfbfecf
2f0ca082 281a934e 33378d9c
0c4f1532 4a8d8870 8665d5e0
cec94642 66a6bad6 f418af2c
42c4c51a bdd86e94 a6631f08
7464770a d10bd952 b8839b34
b563fb95 f52a41fa 65f68482
b1a52d88 7c3e48e6 f6252830
310f4de6 e4dfe4c0 20354480
82ad1c06 8ead8f27 df149eea
f97aaeca 1744877b 23c6810e
548e99ff 366054a5 d410ed5b
96ba6a0c 82502101 da25f60c
6c164699 58e93221 21e9fbb9
06ada25a 89d92567 909d5436
efff2152 9df357b0 9e8fc660
5cfd1686 7667ceca dbbd99bc
fcaafac3 70d3f982 9b740206
7af3492b c5bcd065 0002cdf7
8973b72d af9309bd 7db5d139
4c1b62a0 85e6ab77 675bb860
0efc8bad 32c5ce71 1bffdd5d
c6b69e8e 61c9a39e 372845a4
42a10476 a7e8c451 614cc156
d2179c12 2c7dd7e4 3de41e08
a2211095 abf4939f 0412db8b
e885da8e 1cd02fc3 cc758c2a
574abad2 624e4e39 848b94c2
56a65db7 325a9426 bb35b52a
ab555afa b5f698bf b0ef5086
83c415b8 02bbe61e e9e5db90
f0466a65 8615caa8 d6728448
69203aa7 5947ab93 38003ae5
cf4b5b6e 17a32e56 46c87af4
411c10a8 955d380f c951b9d8
4a223c16 de11252b 77e545b2
9690bfb5 2683fed5 dc441799
8fd21f2d 3e1a1cf4 2040a2e4
3fdc2a60 2992d05d a02964e0
0f2adb8c 77491b16 81c2a208
0fa88ca9 9b12f219 134f7e81
5ba938da d54828b8 b1d2ecb0
5a7bd09b 4ab2a695 cd1aec37
6e81c0b7 56fb54bc 27f29264
75fb2c14 aba01303 eeb7003c
55a5808e 9c51c9ee c6bb0204
323cb3d4 6a7b8bd0 f5d23840
3b383052 01e3929f fe2ac6ee
7f912143 a8ffc511 40f8c473
f2c0e8d4 f9cf1646 6c2de1f8
f1f44fb0 d670344d 63abb7f0
e911fee5 ba251e0a 6fabcaf2
4becfb26 24c7c64b 1b36f822
521a833e e8e742f4 b40d1318
3dacf3b4 6d04e3a8 48688a20
dcdcacf4 be0bb542 7da91ae8
b81a5e15 8c84424b bacefa27
f1fa286d b0385832 08995d4a
23f429bf ab6160a0 6ea0b760
05e1f40b b80a62f5 9118c487
66572792 e8044b0a 764751b4
13fb82ac 5dcfcc29 c47cfd8c
79276e00 d5567e2f 9a613200
98657a01 d09eeba4 e49f13a4
fd956d77 90870fd7 63a9e7f1
72fa1940 94cfb659 31a64740
bde9548f 8787d2fb 9b8c3635
bf20bbb6 44ca79ae d6949bb4
add3253f 3fe83001 86e6f53f
8cb674a1 4659d813 f5eb7ff3
a5f11701 67f8815f c1070a5f
d871e684 2cfc8126 2000bb98
35671e9c 0c1099ee 80e9b108
08c6edb4 933ae716 785dd978
b7d4b271 9c02f754 cad79414
2675eebf c94ee4e7 723e8a59
c0d03ebc 4da3ebfc 74485510
6c3c68b3 8ff88530 1820a090
f0ab2465 9bcd3484 27844814
a883c006 07ea3c04 328c6818
5264a4d8 387695b0 74b30c80
25d19765 6dbc45c2 55cef38a
0b0b6c43 d654444f f94434ad
14e9eb4a 5b6d0e8f f60a7a56
7035b8a5 872bf058 f64928b8
b793ef80 163110af 9498b880
fe32bea0 1dc0251c 3b19f980
bd1c3fc9 10c6e8dc 038af8bc
874c1c77 fb200f19 e7f9c09f
947c9d2a b4311d4f 8d4c41f6
958173f0 f6ac162a 2c73a560
0eefdf55 8baf15fa 15ad1202
964b9060 955d3a5f 37a053a0
1140849c 90b16c50 0bf740c0
2922f82d 424bc599 ce0ff3e5
e390cb80 d75d2940 824a6000
4dcc1211 c0ad107f 4edb066f
aaa77c82 6fad9756 a08e81ac
525c2995 0c8ddddf 313ed9cb
33f2ef44 a83f45dc a0fef270
6e2fc08d 3588709c 853f05ec
9333bbc2 b7d8fa69 ff437692
ec0dd282 03b5b8b5 30fd45ea
931483bf c60969f8 419ff808
256e5c46 2f3fcdc7 07e7c86a
004e757b ef24fdc0 1f3eab40
84cd6062 60fa8d90 b1503120
17d2a8f1 6aeab7ef 0ab9ffff
54174310 1554b837 1a72e870
15016357 c374d1a5 f46b0e13
0dfc66d6 9d72a034 a0d6a378
c709d875 f3d510a7 9d4c8453
8b70d2cb 91ac6395 65933127
69a20ca0 9bb7b4cb 9ac082e0
a4415bd9 e5943d4d 30ff5545
d9655efa 98eda5c8 8adb5550
0539355c 88720be8 d41b4f60
ecb476d2 176c74cd 50f24e2a
bdc14ddb eb89abab 92534a49
9e7a7b28 cc3da2fb 1c8e1038
9b6fa35a 71e5d275 77877c22
d6690b0d 0714056f 3cc70ba3
9a8f5300 e03d87b9 0d57fb00
d9e3f852 bb188d14 c3449068
5959157f 57d34a43 0334563d
2f0a1476 1efbb55b bcbeb3f2
9db94dc1 7387553b 944d007b
bc48751c af112bc3 81b8e854
f511499f 8d19a1ae 34940912
da479b17 3ff4d478 18ebbec8
9b4bccf3 490627b7 a81a86b5
d192a241 3bec8696 1bc51816
b8347739 e5f1f0a6 db73bef6
99728c3d 029f8a23 4e250e57
b5033afe 8179fa49 a595de6e
239f9153 a6b0367b 816254e1
55c76a05 d0793b0f 287b5d4b
947b7f30 2538958f 9482fbd0
3907afc6 03bdb1aa 46d09f7c
47d97042 12eb4dc8 39398d90
0c2f40b3 bbc33dd0 32283870
01851042 423de0e4 ac763ac8
fd8527f2 12cbf50a 07542974
0e3a2e72 44fc2380 11a8cf00
1ebc46e1 ad2f3b55 a92863b5
a9b5f5f2 9444d04b cc6bade6
8fcc5c76 bdabf8a9 c84d59e6
20899169 c4dceba7 dc753e7f
8b60ae9b 963026fd a787912f
a31e690f dd373842 3a0b5dde
163b2dcc 14118e7a 6626fb38
c1bc3857 8e14ca01 eefcde57
2f69928b 76009767 6ae9f2ed
1b47bcc6 9c688f8f a7f50c9a
d20944c8 034bb20e 6cecd2f0
714e917e 819ae3a2 6286cbbc
1fd91705 ea76f901 758af405
af3a8994 a393ac9b a8dcbc9c
363a0dec cf3ec0a1 d81bc16c
88536826 22888338 e0ba3a50
1a01a10c 1e4e6998 95ad8b20
b12b32cc 091be247 cd572e94
a2f8a094 95a9dbd6 12e8d7b8
54692c70 a461d624 605fdfc0
15445558 45a5b161 079e2e58
ac197136 fd4bf0d6 40394324
4c675217 b68e1f93 4506ec35
dbd8e71e 8236cd29 e32409ce
f2160db8 c475a87d d2dd72d8
127c7cd7 031bb1e1 01675ff7
10785e07 1af2d46f 6aac9109
0a03a209 562317ca 67a7aa1a
031c8cff c39944dd c6807423
030a7206 1101422b 0c2cb302
f7ea2700 5c546241 6161e700
4b5c325d 89e5215a 3318b1b2
c0b235e9 8dce9931 1ad29299
a20ac413 75d251d8 a7b57308
b52f4220 7bd6963e 38f0c3c0
52ee15ac 0eadc0e8 c540a3e0
524576a9 ebe6a13c b6be189c
345f0492 da79b76d b5bb502a
07fdab3c 73f41c02 f7e5e678
8c6e5552 c1d599c0 12f7ff80
25b2e4d9 f2520c4d 290b0145
a0a3b362 d481a635 f497af4a
351082bf 153e8356 9bb5a92a
32cab459 934597f1 183146c9
48941d79 64ea9bf2 7e761f62
1bd37647 0d58d9af 88380989
7086ff9b 97b29b99 24379ca3
cf24cca9 116d5be2 5031c032
17729d1b 702a3bc2 c57e4776
ab710c15 099d9f7c 6723e52c
09765666 50936fb9 a28ca9b6
3e58e9ac fa42cd19 80258dcc
48508dbb fb5e9159 27f23103
5a7a82cd f9dec686 f011054e
c56241bd 74d98526 b5f1f30e
0681d0c1 b71085b9 28542079
702f33f5 8e75f517 e5f02403
624be2c5 15c43458 fbf9f7b8
46a08a4e d9e55f9a e5ac24ec
2805f43b cc3ced6d cf779c1f
39596236 7e7faa68 f451c1f0
91131c47 430000b7 49a936c1
da15142f e462147a 299d4a66
e7c1da37 f31f4dd2 0d508c1e
5f934a16 9d0f2e4a ed2d5e5c
0e00958e 721bbf31 1fab922e
4a30a86f e855c148 11860e38
b712e7e3 96ebf3c4 fbf702cc
5c4e457d 9fff0257 d5a7977b
6904423e 14a0cba1 aaf4d2fe
330846c8 c6975122 d576ae90
ddf9a5ec eb1b66df f8779094
a78dde34 ae8b612a 3cb42888
72c61fae b10bf988 588b1270
7af05759 e9a1194d 62caf6c5
0ec40ed9 9c6897f5 0a8c34ad
751702ee 4450654a 0f2ebecc
e1b16224 e639b232 9ce63308
99ae9bc7 dc8c9e73 0268cc65
ace356f5 2d12c4aa 0bc552b2
5711d700 928edbc1 29601700
737e3b9b d6c4fb60 48735320
ac6d397b f5fa400b 902e3849
7c2a92c4 dda37be9 1e0fc064
44d3f56d 24df5c1b 8c810e7f
26ec940f a4b0f4d2 d17fc04e
515a5e83 8ed71d87 2d61ae15
5f50e72f 2e5908f8 aef06d88
9c4cebad 7d26a876 facc29be
29cccc12 920f6e22 c5f0d664
d60e7952 fddf6765 fef3db5a
3663f030 03d20b5a 01d480e0
9c70ec62 e008787d 75015bda
a832947f 2ec204d4 6e72f52c
bb713b45 b67e6b26 608aa33e
ce77a1fd 6ff7333b 68f2bc4f
b12b7859 b01f28c2 d0861b72
226c9e9d 09d1f764 42a47054
5f4a7255 8ab460db a553aeb7
159702cb ce7563bd f75890df
f460f957 a80a4aa4 6b98e1bc
4d0a924e 4ec2a95f 349dc8f2
94917ba4 344d9d8d 8d48ad54
dd8fe7a2 9f8c62ea e6cdbe14
a6d14c29 069f1ed5 96882c1d
ed7b5aa6 661f39dc ab4adca8
7648cdad e5dc6946 b5f0324e
d7d8e17b dc5c3565 cb736c87
9a58b7db d7725555 8106c2b7
55c5614f 5f8ea926 535b98ba
6616b8bd 1559ddfd 3ca4bbc9
b3a4c553 7fb4224a bb320ffe
1c9e0d52 34b9ba41 6210f5d2
a7a714ea da08b323 aac779fe
8431f90c d4462fd1 22cd86cc
6a88d756 28be0721 bb5b1c16
1752a9d7 7ce62e11 222be947
a647f59c 11a36b90 5a765bc0
0bd3ecbd f382df08 98d208e8
2c7b23b1 9b9d17bb 9cb4f94b
fd5f655f 1259a40c e9709c74
0b5785e3 e567db28 928b1c78
edf0d4f4 d714c6e3 d0518c5c
7eee5756 aae5dfe4 e647b298
5778583a 34e5fd7e b04ebe8c
26237f2a d30c1cf7 42204986
e5b67926 95bf953f 3dc4ee5a
30bdd3d9 71cd916e e453f03e
ab8da3a6 3f6159ac 5cf4a988
7b4ea9a5 5b0094c4 894d4654
267df6b9 8cb9a3ce a52553de
22f45393 43959dc2 71f77c66
2e7d61d3 5048e3b3 22c17f89
10ce7b36 4747b7ec 3e672fc8
fd33bbdb d57cd7eb 16565f09
3da84b44 946cc6b5 d2e3cf14
f31b4a75 77f6249e d0be6836
42acfe08 a03113e1 106ddd08
83e416b2 ea1d1627 f7dcc11e
2cb50f5f a2d02257 d8c2d749
a517136a 40a99d12 13815f74
4b4cf394 785deac1 f86cea94
06a706f5 7df06758 a3e6f738
251a3691 d83e9ae0 cae0f8e0
6f665368 11aa17bb dc4d44f8
12b0d121 1d7fea74 93a5ecf4
16ed0c15 ab0367d7 cc3098a3
5d384125 433afbeb 2be513f7
9c82809d ead32b00 6f015f00
3cd59ea3 f7d24a2c 9b486204
a080dd2d f9368249 a18debd5
abfa58a8 989d7ab4 594e6620
bb381bc3 b999dc84 4354e48c
fca13719 4cf9c687 ecf2642f
f614011c 82654355 98fab24c
551c8b57 44e4b727 94706b41
8cec16c4 920357cb 073ea96c
eede170c 2aa29398 e8b19320
cc491f06 bf664a81 ea345e06
c27cb5f1 5e38577d a371bdad
defab240 c037ab0c 34911b00
7fddac0a 8f3aa0ae 04752ecc
5ce0257f 7fd47f36 d80de9ca
707f9861 9379efa9 1c572709
bcdd521d 9970eecf bafc5b73
6dee4549 d205099b 2c208433
18810208 13aa139c 7313d4e0
dfc01c66 5945b89e 4a78d6f4
209130ce b33dd84e 1880aec4
f1205dd8 619894c8 a7ca30c0
cbeae890 310330ef b59a1e70
78f5d622 e90d56f9 0ec6b312
fb690f48 e2e60203 0f09bdd8
2798b045 06ee42b4 b2f3ba84
4d4cb4fc b6e1cd0b f8b592d4
17a7662a a723e2f0 52dedb60
2ada94ef c3239150 9c56e9b0
6f529d87 25b339d4 3de282cc
10fd64e3 bdd0ca14 d4d6ffbc
b5b31a4c a48fdc91 357f350c
71c777ef 20be89c6 a2d7a9da
67cb7941 ec1ce4d1 2437e211
6b07d8a1 9958fa3f b0d3899f
4df85491 c5c562ae b7bdfc8e
d440c8fe 8a348aab 73372daa
2bb7c9af 509ed8b2 a1f7e3ae
b62d5706 08cbb7d5 2eb0b1fe
1fc1a21f 8c836edf c7328b01
bab1490e ddd47a94 00e6e818
5c0a768d fcbe1fd5 a1b5b651
28300fed e703092e f3f93196
c99787cc 94fd9c51 444e478c
13ec5f16 b5ece9f8 a5cf2350
c88af9fd a9021113 15e45ac7
5989e0bb a3711818 95899988
350bc046 ea7edc39 874df796
13decc93 61c10469 8f67344b
e0885ec2 33218275 bb73d2aa
11915b59 2bc57436 d08a98c6
d891770c f2a37fca 317ae378
3a314b96 18cdbadf 18f9d3aa
9977dd6c 64abcc23 96f955c4
88864fb2 5622e126 b19f466c
ac6ee12d 5c703285 ed45c661
66a41208 b52cdacf 77656478
74134393 d4647c25 3ceff83f
666f18b8 88c334a9 c484b178
9b5f9bd1 97d7070d a4a4a09d
b262150f 5632c9bd dbe05313
51be9f95 deb7a1fc a384cbac
e0659fc9 244b175f 7af45a97
fae3fee0 68e06ac3 8733e4a0
9191f76e 460c851e 91cf24e4
aa846435 8e00cca2 cda1a58a
da411a58 8aa999e8 87d677c0
bc65900c ccad2e71 50d2bd4c
c9c11cf9 d241422a 805ff2da
076b28c0 968dfdd1 e78204c0
7d1c81d4 5fe39c10 fbe14d40
e46d81c1 62a1e939 03db8cf9
9e41cc9c f1de1a6f 98978fa4
bb9481b1 794631fa bb3f87da
1e75d669 17e16ce7 1411c4bf
191945e3 1e406f28 f4005878
214bb8cc d98df110 120f98c0
3ebd0516 46b38eb1 cbe4b836
a9172416 433babb4 6c721178
b365478a 575ea65d 02da7922
20939fe8 010ecf57 1727efd8
edaf8f48 03d6f1db 39425a98
bf9367f1 6b636cd9 80ffc749
e3a1ad58 20454bd1 ed7f4cd8
8b36295e 7efb486e e0123664
918d5143 129cbe15 0dbb647f
296617ce dba2e661 b36e190e
65323f3a 59549b71 007e069a
a8869a3a 2483de42 40200ef4
fada6e69 e9000093 9c6d664b
c01b8451 1f17bd2b 4796069b
2edb9787 2a33472c 4aa97c34
cfe5f65c cc45da65 90508a4c
eb4b776a ece349f6 3a8ff9dc
2ddd2029 bd93f64a 7b5db1da
ee2affd4 3cb80205 8d36a724
e3e76153 4650cb2d a5c8ec97
c730de0c 5efbc015 1b4f36fc
04f34266 e5e36fa7 d2ec8a8a
deda27bd 0331ec3b 4b16648f
e8ccdc11 40e16a17 6877cf87
1b161634 87bb3514 544e8010
e8b84f20 cbee3760 cddd8c00
d3889625 db712f8a 0886baf2
31d379d4 e9cdc633 001f3d3c
3707303a 7daf2cd2 a9d58794
67d749b2 7b240300 68e51600
a3adb30b 51a5b1ae 39f14c7a
b444199d 4d8c88a7 00e41d6b
7ee9cefd 5b150475 91d88da1
6e418888 b09bfb15 76958b28
4da3d4c2 b9148192 a6cd18a4
14a787ba dc89102f bdc78b26
6dea9c28 26253b0f 04845e58
2a169174 3924bf6d 0a717a64
1e1bfbd5 41b9681b 9d2f1777
586d2f35 d0f610f7 9139dc23
82d36270 ee545099 abd8d4f0
f6d01d28 98d433d8 9a8791c0
8287c378 cf67760a 5aaef2b0
bcce0f80 c0f1f562 13376f00
12ca59ea 2e675faf 28d74cf6
ac604536 c730124a 8cd1cd9c
6f6fe71f 78737dc6 2f53e4fa
3e4189cc 1e5c3504 f7dd6330
c71de739 f1906d72 1fd43c62
579badb0 b7107cb2 fd600460
316f7998 59f97f3a 9d6bf470
c51c57b5 9a2de177 d613da23
e8680898 fc84edd6 a54be710
12f602d3 dfa20588 77459f18
bda990d9 55544cb6 c1c16646
8f86bfa1 0a3ec734 995313b4
d5775b01 9b166242 26b1d842
43ffee6a 87e0fcf9 955f3d1a
bc3debd1 4732552f 247cb05f
ea1aba9a d9475038 dadef1b0
3771c924 44664c57 53ba0b3c
c48d6634 83d54fc4 c4104bd0
63723b60 19e4f61f 116370a0
cf20357d f7fcc4b7 fb05f05b
484626b5 88654e51 ab666545
cb6a2119 01596990 8df6df10
36f4cd25 09418b58 32ee9bb8
a1ce2f08 d3896118 0e6e70c0
93ecc432 49ff103f e355684e
329b5d22 b9bc625b 6dd91f16
015aab0a 94fb49f3 9ea4347e
785bee42 f6971840 aa3fc080
ec244454 2ad8ff41 84250554
a7dd33e3 39587a0f a1b8384d
eac45e1b e2b7f6f3 a62045a1
baeade79 3e5d1241 193bfeb9
5f5fbe6a a9527ee0 8b72c8c0
e4906947 fd5aff03 b484f4d5
ac1e849f a44cce48 32813eb8
80be2640 c5792060 60565800
a1f41a7a 32aec645 46317ee2
2f94b3cd d54b2357 be2d21ab
8ba9e180 43a5fea5 69bb5780
7487393c ca068a1d c793d3cc
e797caff c3eda55f f23dafa1
51209c8d d12a3954 adb0c344
63a55782 2096263f 96d9d4fe
3f97fcad 138b3a8c 3f4c609c
e66a819c c1e40be1 221d9e1c
6ac01d7d a1416f04 1186a8f4
ee5c729f 6ad3d48f 039cb2d1
0fb95ff1 6dde54ec 225d862c
d730f612 d0e46e70 f72f63e0
a9dc9085 e954b997 0e2d5b73
fb656227 747a719c 64b106c4
52178be6 b49cbda3 9f6ee172
54e466cb 4a3e83bd 2063c4df
9002145f 623d69ea b4e495d6
4a6c4161 9972c07c 53aa6afc
a3f5327e ec92bed1 ca83bcde
ce4369dd c64cfa28 6b865c88
976a9170 2f73ecd1 c163fc70
2b1ac4a9 90cf6f74 380d6394
b4db54f8 75030c96 97676950
e8172256 0cdf612b b0cf5a72
d49a91c2 1b15ebea a4005154
ae8a414e 71b68aba 331b7eac
711147a8 5de8dbf1 31d12d28
1518a75c 223cd7cd 0adc48ac
a7151ac5 6d70a4fc 951c8dec
52de24ce 37747cbe 0a0b18e4
0df1fed3 913d4bce 59a9deca
0fa30f4a d1ee58e0 5cbad0c0
76bf723c 6234c230 84a6e340
216a06e6 1128954c fb6dea48
812cd8a5 88d6944d 89aa8da1
7a01e3b6 ad0f583b 1a600af2
f4a648de 02798478 9872a010
347c1560 2363136f 5b8364a0
b96615f9 85ad139a 514fb2ca
7690847b a46bedfc ac514814
0eda00c3 092f1220 2e1ace60
103dfa95 32cf7971 2f4708c5
40dadc1d 5dbef49b c4d4e98f
20b3cc78 6d3a6ef4 d86a7260
ab833574 f86d65a0 187c2c80
61edbb32 85c27bf4 656b71a8
9d0d44c8 2affdee2 7a942890
1ed13397 97bc2e3e 01d3a092
3cf1544d b4e42434 8973f3a4
a2f61eaa dc079bb8 141cf830
0476a957 47a0b466 2db8a4aa
620a6495 89ffb3c1 1b950355
4e3eab4c 6a0f07ba 11ab8938
e37b0ce9 c4892fdb 7e53d253
54d1f546 74dd5b51 ee0c7d26
e4897f98 eab3da53 5683ce48
fe806848 f1d98653 e73f7f58
3f95f7d2 acdb582f 525eaf8e
2705ef54 2441d53e f7e4da58
330075ae bd44ae8a 8673b3cc
848f156b 76f065fe 5fba772a
22185241 ec378135 e872c875
2a56dc99 ebf8bcbc 09025c5c
6357cdc6 ee4f3b6c b9917188
130c7336 0f0af451 8edbec16
1deeb733 b7f710d5 0a469d6f
10f6817c caf849d5 b026182c
68565570 1d4ae95d dd7ff9b0
9d7a4e62 d4ccc70b 75478c36
5ab02ca9 aa396306 6d0766f6
903971ee 9a7a904a 781ccecc
8679c5f0 12a0ad7e 10b29c20
bf6c56b6 0ab10cbb f809def2
16434d6a 68b1df4e ff3aec4c
3f9be0df 2942f876 042faeca
bfbad870 8d87f31e a667ad20
2a437e4d 7e62af09 df3013b5
c96cec21 58f3d639 61f72959
d6df9375 e0d1a0bf cf7d244b
b3a9001c 3802f5ee e470e608
7a020188 bb75a697 4f551738
867ae476 e6659393 f04ef1c2
6efab02e e13a25e0 af3cce40
1cf2c6a6 76504cb0 91c1da20
6eda09ab 48aacf0e e14bcc5a
44ceddb3 8fe820bf 1945c88d
9a80e6b8 0d002b18 7ad68940
642033c3 3c2fd732 ce8fe116
2fd358fc 51b14d57 14d309a4
0ae23576 223a3077 41e8f9da
8981c9be b5cb1f3f de08a7c2
3f255855 db0086f6 f11f5fae
00e2f5c8 751a684a d3c44bd0
909c7417 6773d05d 0e7ddc5b
ed2cb76c fab44661 880907ec
aac6a28e 9206c555 5a5f3f26
0bc55330 516a6363 7e5abb90
d1e8e12c 6d2d30b7 086d3674
1487a451 211bab27 80f72357
61a3cfd2 63c5044f d36669ce
e095978a 53e8f04a 3c5f2de4
406862f0 865d2b93 15bf1fd0
7a12c192 7f9a2b70 6e8c35e0
86b826a2 979873f8 b9f032f0
ae9832f8 ae896be1 e7ca73f8
726d9c35 948c6cd0 47f14710
db2b8e09 afe04ed4 34385d74
011d8aae 33807363 b4b8cb4a
a226d890 b8087f9f 400ff170
6a03d9b9 f65a4f32 35fa9d22
ac44ed34 29076925 fbac9c84
29089cbd baf76d0d 4c876e99
b69b38c0 e196b42d 3daff9c0
b95b2c48 1b89872c 3a8d9460
1dd5f43d 5181b5dc 494a056c
c67644ba 6f28234b b31b907e
d2f068b5 530bff85 3df9b109
becb384c 55f0a5c3 5354dde4
12987e86 dea48683 981ae292
3d9a2bec d422ff09 01839f4c
4985c426 3c29acf6 d86a0484
cce79aef 0604a5c4 2deaa9fc
d925f4c0 04435217 b90e7d40
06ac046c 346d4329 e8b0f94c
8d00b066 89ee7c32 7467dbec
fb2fa92c 52e9034c 322dbd10
69246d46 35bc0ac3 406bf852
c3659123 62724572 6aef1096
e667990e f620734c 8642ba28
bb693006 bc0295e4 eaae4358
bb26964f 6f0a0ea0 346c4360
006c2a68 b779f2f1 09123be8
61e951a7 be52e7a2 97d15cae
310ab17e ac972a6d fbfe3ea6
0041846e ddc72a6c c2dfea68
b966251c 099ecdba 63366258
95d0199b dc3e4b4b 4301e969
cf6efe94 c0bf30ed c9e96f04
33be0719 b0f1cd5b 6ec48ae3
4ea87b23 dd4dab34 c500641c
ac53bbc5 1e9d8e2a f5b51452
904be307 12648000 1e3f8000
d8ce38ab 854dbbf2 78c57aa6
69d87aea 1a53d0de 4b76b6ec
bc01fed1 d0b5a636 ed6c4616
0bec73d1 29efd13f 92dd216f
5ed992de 63ad1734 ea69c718
7e4b417f e8fa147e 182e2882
3b358da7 25f46b29 03f47cbf
ee44d217 93ab7905 b901f973
b400f44e de350474 cc65eb58
fea16f03 6dfc18c1 a810f943
e7e3c842 7dd34017 0fed7dee
385dd623 bd1632ae e19c61ca
daf3c30d ef026811 3a873bdd
b88a140c 952427ed ae92631c
15196cf9 4d0c2ef5 c396084d
199d0c1d e599887d 1e735229
1876491e 1aab0dbb c327eeea
ac35025c 01beaca1 07344bdc
1fec1340 48eeb859 ac68b140
51349c5a e07df118 3c116270
30ba190f 1a772a17 14cdb659
146f7c73 3b5d3597 d94d36d5
4418076d 45caa31b b8452f7f
2897a722 4a9e951b 87416a96
ecae8bd2 460f7443 a657bff6
efb43ca4 e8f8f2af 9c687c1c
20d0bbba bcc4637d 10ec97d2
32ffa172 4bbcb312 49941004
ee37e121 09bcd9c1 7331b2e1
560869df e84d5692 d4704b2e
45599b43 c908ee2e 398a300a
d0ad7357 c4b5a190 9f9d97f0
66769bdf 8a3bf9c8 8caaad38
c8a8e7c5 0151a3ed 6a460061
d105f0dd 62ddd922 54be525a
11af9e49 84c4aa8d 30baa835
8f1030c3 0fff72ef c5115c0d
564168ff a48e633c 1c6138c4
b74b7f69 027daedb 26745cd3
80f2b2e6 a83eed16 082e4dc4
70568fa8 f3e57115 65caf0c8
d9cb1eef 0c62d396 13011d0a
dc3d7e22 f4200af6 364488ac
d3bcde29 42f76cd6 992a0246
e66e2f38 c5cd1059 e719ea78
34f8d237 11a01261 9a6f84d7
555b644d 5ea84f4a f8e6c142
e987c378 8eb7854e fab2e690
8b841aaa a547460a 899986a4
0ebc75e9 7a65d114 91e96f34
f8e2f0c9 e5974bed ba32cd15
682bcf92 f3ad2dfb b21b2e26
6fa5ed13 8386940e d913f30a
b0517faa c4c2c010 0bab7aa0
fddd5667 00b95320 ef1d31e0
8f4df7c0 181f60ac 858a7500
7b937408 b6cb0454 8c8a32a0
3ab76481 71503360 e71b6360
1a898798 738144e0 5bf30500
14d987dc ae87059b 0c608e34
0bd824c8 4019f9f1 f9c92848
113a23e0 f74e14d3 cbf911a0
7252807a 647da617 284aa6f6
9c816e27 6aa60954 7aa183cc
84f8660d 881636a4 41c61e54
9e19b18a 3d062426 2003c27c
22fbf6ec ba06ce25 10a4981c
e9855870 742ad412 1afcf7e0
d86a8ea8 d4819fb4 5c2ea620
e2087ae0 52605db9 40c42be0
9a49dfb6 10ef4c82 82d7a26c
6c92aae6 104bf2b6 4734eb84
af578d3d 97616e4f 39d1cbd3
da2d16ae ad3453b3 5d3945aa
0fb35c55 0ae224d1 df745565
0e0ba468 d5208513 2c473bb8
1b8209ad a508aba6 8130d52e
1669a631 48a6d9c7 85c5b917
b1411114 dd8fd209 697801b4
000770e6 4eec74a6 8c036d24
ca4cf4d3 5178076a 6477245e
9bf571a9 fe1b6763 bb78f35b
96f32e65 a6f782e6 5d7df8be
67b3e6d4 95888482 710087a8
3f6241d5 f829ebf7 3d590b83
0cc8dde9 29e26cca 0ccf65da
caa19712 6ac38705 b288715a
02b1f538 898883a4 083cbfe0
7e3ebef8 882469a2 3ae890f0
161e1ff6 48cddbfa 26c0a83c
2148ed0c 38f13e96 f26fcd08
d35dc793 18c2bfd8 546d1108
728e489c 4b5f9c99 d12c753c
51895479 556b5699 59072251
bf72e79b bbf758ab 10eafc89
1967998b 44ea165c 4d7b1ff4
483f93ae 4cf1764b 278077fa
87f947d1 9d701b58 a0b3bad8
5bfd7957 3139a30f 737b8119
78fb4c42 844f2800 d4485000
9c99dad3 a366dee3 d1420319
277b6fda e349baf6 d30bdf7c
b152ddc1 78280368 206b5968
45c2008f 4f9d24e1 104999af
78477f9d 4896b08c dcd3b9dc
cd07baee a3e86cab 28b644fa
4d627e1b d786490b 18531e29
f7989c6e 2f562626 26d38c54
6d08061a 8dfce9d0 37aa9f20
a6855f3f 648432b3 3457e70d
e16ab2db 70155c49 1baab473
e3159a50 afd215fd 77a21110
0839ca1d c66ce2b6 8fbf4a9e
32daeb9b d5cb40ed 9a7bde7f
fac13755 165d25a8 e3ac98c8
4eac1cca dc483413 7d6f2afe
64696521 5916701b dd321a7b
af9c253f a6f33537 430f0b89
9f82a3d2 d587de7c ab1575b8
b5698039 6f26a3e5 3379fdfd
bf29717c fd594fb3 741b9db4
938a091c c89bb3ad 9c9abbec
4c0b72eb 41271efe f7a08f2a
bdaefbb7 3a7c3aac 793c94f4
82115868 ccd32960 4b61cf00
4bea629b 4be123b8 af2d1068
5eb955ed 6469e9dd 4768e299
64ff9ae1 826c9c33 7a38f6d3
658f0630 c45dab0f 7bf36cd0
bba8eb77 6c2b6147 ce0e6501
c477bcf3 cfeabf07 e85d77a5
236e8775 70f0c157 8c5f3dc3
f97cf65b b2c7de0a e341898e
0e0cb856 68d13182 fff411ac
bb09a742 8dc44032 5a3b2ae4
f080c20d 3e8a1aae 4c3b36d6
7f1f656e 79cbb0c3 d6dfe2ca
8203ca37 be13839f 84e9bd29
67da090d 386c363a 2ecacaf2
671f34f4 3ba567d7 86c7a4ec
e5483ea9 0eb397a0 f847d8a0
fea3eaee 471a0494 a49b8998
66edc325 4b0528cc d2ae497c
fa9d2617 76af1cd7 4dde8151
2ac3f8c1 7d81fa32 51740fb2
c8cf810d 191e7e0f 4a32f5c3
107604d2 646cce52 4e468744
e830a304 61a599fb 4eb138ec
48f658dc 131b4098 9bafc2a0
0d24f7d2 20840024 e17ad988
9c8c58a2 ca453320 3edd5a40
d392ca01 04fe5d9e 58f9099e
98b9a4ce 2968abd2 3b0ecafc
6d167a78 83943f30 31ba7e80
fabd6369 14bd69fe 0e33b32e
78e04a32 f20e0ad3 b67f1b36
4a1f264d f2cd6318 74645e38
431f28c5 e51d336f 26f2ec6b
7193c31d 40f2cf9b f0a5958f
c9668376 d1547d2d ededb9be
564286c2 ea928953 c05382e6
911170d5 8a6d92da 57e48f62
7ae77f8e 65b675fe 73f074e4
ae5ec3fc 4fd060ed f7f9f04c
ee59673c a80b6604 281b84f0
71a10a22 bb321d8e 161d78dc
f186dde4 9bc84680 0a3b4a00
3280faed 8fc4a55f 600bdef3
29d7492d 04eeedeb 7334d54f
8883187c 5fe4fc48 4368f2e0
08f78199 c213e39d 881025d5
7f2e0390 10c8e70f c1692570
8f1d0289 1fee381c f2183efc
2c6886f2 44dcb762 f872a6a4
36dc7206 5ba2ee33 29b84b32
5654fa51 1f213282 837bef22
d1ecd88d 765f0913 42840777
ddfd8807 a226e855 177e8253
083c354d 4a25e001 ad00954d
721e2974 b7605845 97e10c44
fd1fbcee 53c7b7c6 7d9c4214
a9cd2b46 32450093 d6add932
897bb9ab ba422a44 ed695f6c
8928a8e3 1fb049b9 4f9ac70b
212ffcf9 7584e9da 2d800d0a
50b0e691 181c5849 a18f9759
6be945d6 47776485 fff2e02e
15aad3cd dc2be532 ca42bf0a
842618da 5d3ef98a 81816f84
05589810 9be75b61 6b0f4e10
9b1836e4 5b0feb9f d1c9639c
d09dfee3 61583d3c 2bcbd434
616cd513 f8d2f63a d8fe884e
ba8128fa 8e075bfa d688e224
e399b485 4c134826 e57533be
5f05118f 4258cfb9 ab045157
1e59ca48 205ba2a3 0cc55bd8
467b5a16 83e8b777 d6ac9a3a
9d1c1023 3533f7eb c24d9521
d7101307 f0022ead ef561dbb
32f8b3c2 d69a6ee3 5e78c106
f881ad6b 130883f5 8c30b867
04b6ffd1 7e8bfac4 1668f604
e038f8c4 a29d880e 1f79bab8
94a187f7 abbdbff9 73e9883f
fed163e0 af2018cc 4c389680
c23a4533 2c7fafb2 fa1efa76
e33dbb17 b5e445a7 c42e3f01
ec0dc86d e0f76b89 d750d155
ce16ef10 f5cfc028 04d15a80
38210ec3 00a1bdca fa9e9cde
75ffeb1a 85edd54f 81a82f06
82f4564f b61f88d1 54e56e7f
25a1836f f8ef2904 b133d4bc
ee2e2cac 25b5ce8d c8fd02bc
4c9c4808 91a424f9 2b432fc8
23facaf2 56f2b692 f613ca04
42f2a35b b3a649d4 2f863a5c
1d60157e c5a1860c 25fef5e8
2afa41ba 9eb30e4a dcfd2bc4
f790a700 dd528d17 67fa0100
4b749a71 e44abda2 1e792882
19652e2a cfedf2be 319df72c
247164fb 31e9bf0b 1ea99bc9
b9bd01d9 a8a2d229 5e1b4dc1
1b5ed561 e4ce779d f666f37d
db24c4ff 337f3a29 f50652d7
6c22b35b 225ef778 1cbadfa8
400ed7ab 9de09867 2aa64dcd
1639c7eb 22aefeb4 0cb5bb3c
a53c63b0 4974f56f cc56a950
a1d130aa 728727dc 4bd5b818
448c7cd6 25262a63 049362c2
2c7bfbc4 179a3dea 4439d528
10004bec b74a9d41 e4db02ec
2eea5ca5 79c84d7b 66602447
788e80a8 dd996801 493ac0a8
04adb696 a23329fe c27b2ed4
141ebf06 6da95749 d8a582b6
bcdfdab3 4612547e bc86601a
6bc9845f 5825ab29 a86ca837
f863a3db e3a5b705 e13ac047
42522847 56f09d95 9914fc53
a20be8fe 611c0e75 6ff76016
2925236e ede17fd0 d46e5b60
9641f84d 0377b2be b666d326
3bed7501 e7ccf19b f7b7c89b
4409fbf6 17b66f8c c4997488
ffee903d 3e2b5a5c d8b047ec
024811e9 5a03f6e4 6920d984
b91b5452 78b6ee6e 546e773c
50436d8e c3a6c493 eaaca08a
be0270f6 deaa1ed4 fa9e5fb8
9a0bfb67 01b02bd9 d532674f
27ca6f25 34d94b79 d79b5f7d
3ef76a0d fc9181b6 4db2f23e
f11cd32f 6670d1c0 7c97c240
f916ff65 a02de6b7 bda64f33
231f2dc8 ea4fe3ca 4cea77d0
a23a85b3 b6f9ad1e dc50a1fa
6b1865e9 e910b8cb e52847c3
4640c599 3e0b439b 0881aea3
d00f0bdb 507ec49c 9408e574
22afa42e ee692bc8 b4a9fdf0
b03c20d8 a9996815 1b5e71b8
10e7883b dcf49834 7426b3fc
2859fc42 d100bf1f e81ac9fe
0635f6a6 1552d42a 5447ef3c
1e1f17ef d1623246 97ab395a
fe047f47 bf815074 9d96dc2c
c13d31bc 344334e7 008610a4
f038b224 87f201c7 56cc9dfc
db5503f0 293bf9e7 f2dafd90
0dc56486 95de3a43 7da3ab12
d901c01f ec76865b 30798505
54c20801 bc2757d6 bf1207d6
27c0cbbc 4d45f347 7d87f524
c7f5e8ac 1971d3f3 fd1d9f44
173a2446 cb9b7c39 cde5fb96
5abe35bf e48d92f4 ae25280c
b8d2a6f4 7b41be22 83d74468
a31363b2 5c5b877d 42508bea
c7185e7b 7f747447 174df01d
d3eebb64 dab2c9e5 79372474
a95991d8 31dc437f 223ae228
00e12a4c 1af0fcff e52bf1b4
85809ae4 1ef87c29 717f3e84
5bf6307e 5a15896d 2e1c13a6
9898cee8 e9fe3237 136dc3d8
a09a582c 14d0e668 fdab59e0
65c97441 23cec3a9 14d941e9
da824057 20b6de6b e616565d
2ac5307a ce215558 989b2bf0
2f08d5c6 5ffe9445 5d6c165e
a0254113 eb9ba9e0 900f7ba0
f34cc6aa 39371ab6 4d4880dc
2a3ab1c5 0cc625e5 fc907e39
a8f5e656 2746fda1 5cccda16
c3bfd236 39a493f3 a5618b42
578e2fdf eca119c7 a172fd59
de3210e5 f95d1440 56071d40
9f63a6fe 0ce5cb44 a519c578
87e0a6a6 0fe55c68 bba55b70
252ca477 7cc205e4 4126ccfc
7ee4dc62 4a2a79e5 2af775aa
769fdf2a 6be7d006 99f75afc
f8c10c55 0c4ac766 ba12fcde
8f373e1e 00b9f436 c089b254
b60affd3 48f4f53e ca9ae41a
cc1ace93 3a6bca25 4c50d93f
e689c3d8 aaf3e7fe 62703850
32410858 4a52d3f5 ce4d8438
359f32d0 7ad12d39 8830e050
cc440f50 00e403ed 8a701d10
442b72cb edb80d79 de4590f3
2f4c3046 e86d8b1a 29c0e91c
0ca5e129 81ae5697 e259952f
816287d1 275b323c afe9a6fc
84cd4546 4b278e97 412ab04a
32991ddc d8d6abe6 526ac7a8
f1415d41 5d153408 14511e08
21670cd8 e4385e3d fb855f78
4d4b42de 160f380c 1529b268
2c397529 5553764e 8ecd987e
5b9cd6ad 99e611c2 1b8a2c1a
e6d93099 9c987d82 5ddd62b2
e8eeec36 9cb6e1de d3304cd4
1fc879c9 78489b3d 6d09b7e5
4d7e3577 7c90a4e3 4819a485
06a866dd 96ff3467 d6c946eb
a267c606 e81fe82b bd9db302
9b6413ee 9d3a82f1 95419f0e
bbfffa17 c7579e65 0728dd13
771ff981 e45b454e 7ed8ca4e
280fd134 f7c4021e 294cec18
49076d66 ffb653a2 ffaf4c8c
f1d5ea99 c124fb03 e909c2cb
5483c659 46840650 1bb811d0
bfd3e0d3 65a24d78 2a76d9e8
b3156fd5 2db43d0d 46806ed1
d0e20699 95298677 8406271f
884a6bfd 4d02e1eb 76347e3f
5dc80a12 04723dc7 54ea1dfe
d2f907bf 3578c349 0671b277
4f059d99 eedc105e 0b656e2e
e5bc4ac7 94945ad7 6a78c321
9bca751b 1cd9e734 8cae267c
4a70d707 8f46d137 d2b4e981
21b6913f 5b1e53e6 e57feb9a
7a484d54 cc40dd4f 6c1160ec
4e8c8ae6 cd00f910 c9e26460
381fddf0 b42746df 2a01f410
11e742e5 dc9d53ad e66973c1
17ea09c7 b4dc7e4c 9d4ed914
ebdf34e1 97fefcdf 5dba8bff
f983e230 0c1aed0d fcf8ec70
b6c9a8c7 a6c23341 86a17f87
5043fc2f ec4cce79 d7040437
099f52bf 5b2c53da f75463a6
d3e44d2b bd757842 a8af0d16
6c3ec543 9606e5d6 847fd502
df9ffb00 9e09f37c ffbe9400
78df07ec ef46712f 21f9a054
84d90dda 76127524 572e94a8
29b4b999 bf0e9202 b2a0b532
b3e83d59 ecfa94c0 268f76c0
6fa7da90 9ec9349e 7d0e24e0
01479071 9ca8cd8b a6adea5b
70d86243 02a00c47 607e6495
fd3edb47 5b3c75ba 5b86c496
363dbc9a be2a175f ea1ed326
8437a165 4321fe11 36d8edb5
978380cb e9c93851 972b283b
b3dcf8d7 e47de48e 8f2c8342
2204158a bd4b3e18 5f0770f0
f5fd25d8 303f7c8e e0e79dd0
41d5c2e6 ec825da3 93b4a672
d63149ad 66b7fed3 0a645f97
8584ef09 c5b6fd6e 9cc09ade
acc871fe 332d5f0f 25b1efe2
205f7302 ab61e442 44cb6e84
65f7519a 7808bbf8 2d028b30
4aabbca8 800a9dec 8794f2e0
2d25a68f 1406ef86 db8eafda
0c84dadd 2ea0e999 e6b9f315
56073445 80a523d9 18b9bd7d
bbd2f629 058718aa 1dca4f3a
04ada7bb fc53bfad 2f1fde5f
9c743760 4c294267 476907a0
b3bf4847 08630ff6 1a809d3a
177a4ffd 86075963 3806e3d7
d202b7e1 c7bbb60f 753dbc2f
adbdf463 00c608c2 9e284b06
aeace007 d90d6f2f 563b2a49
e553ed82 90e3099b 87705fb6
9c104ad6 26bdb51d 36bfc83e
2a7dd6bb 0fdcf7c5 9ab8aae7
92afc43b 4bcac268 e9aa6df8
6732d55e 532b743d f0956f66
56f21bd5 a7fd6a49 7f1121bd
c30ff308 5c6f00e0 ee6ca700
01692b16 13de1e5f d827912a
bcf697a0 569a1847 7cdb0d60
02bc124e f2d48310 4db70ee0
598a0b9f 199d2114 71cb676c
0e64f1b7 4208aae3 87bddb45
6c900616 b5fa9d5a fdd9a1bc
3bd50235 35b2ece6 a142d79e
a9ae7616 39f16ed2 3890520c
6c8410d8 c47980c8 25b128c0
b760acec 6382b5fc f1451450
2f28caba 167b91b4 a6dfe4c8
1c743853 f435607a e9b0f78e
37b33258 4499de8c 523fd820
949c8c48 68f81b6e 83cfdef0
866a33e4 c7626740 6eb5b500
f12e3ace 8ef3d6de e0c932a4
213a04f2 87087131 bdd9c452
e00b5598 4cd43435 b19b9878
d8a2b6ee 9edc9a37 85887922
dbef9e18 aa8f7cf6 a83d8b10
0c8d8672 4135871c c8fad278
a8ef7c1e a295013a 6f343ccc
0d872dd3 b7fb174d f9a7bd77
efe4f66d 46850fbf 3ae53e53
25dde250 27dcebf2 273f5fa0
6baa94b8 c3087373 cc2f76a8
58d87422 40ce3466 51312d8c
17e61541 25bc0196 e7a1b516
79f621f9 c7809d79 23abc3b1
94cac300 9433f9bd ea5cf700
23f4b348 1e3ee121 8f8d6448
192dee6e 0da3796d d44a82d6
0b531f02 76f49418 97a01030
53fe6860 0faa8d4c fec3dc80
e45a68fc 0c60d7e2 b47c5278
29e1afdd 4b4c6c84 c32be9f4
7c3c61fc 501790e7 9f3e2a64
851c2a16 bc73925c f601abe8
682be3b3 f4f71059 4332593b
e9b63592 e3096177 062138de
5ade1ffe 7e015396 668418d4
55e2f581 cc5baf7f d245f9ff
fc72edf8 18e28da5 5814f8d8
153ff7b7 50fafcea 7d069146
beb2a701 15697572 264ad372
a0fdc6ee 1374b6cd 247d8096
9e97107b a6ad92c1 9c6892bb
84afc5dc 7f464d24 c562fef0
6a418412 75430a48 3c4bd910
3d9f2534 8dda0a56 3d328778
989e1d80 9c846272 b3b42300
615a8740 b2bdd49c a56b6b00
a4fd4176 4a4c3db4 e5b324f8
bfb83095 6132f1fb 516de717
9cd80823 4e05cb99 de3f9deb
8cc6b9c3 70ec6e6c 576c2844
12f233c6 b14866e4 d6070058
70c22c3d 4d11b921 240cc8dd
6d8d1591 21036699 a19ca9a9
4c81448d c0b68b3b 4e415b7f
5f17c061 3d553cce 13688a0e
658f4593 ac85cb9c 68d8f694
988dee6c a0579d69 2423064c
b2acd63f 8c8e7843 129b9a7d
b755c9e0 c0d2a9cb 9d0bf4a0
a86a39f1 1255f764 766b2924
0a5f5ec4 a4b75897 34f0459c
dde2094d 2e519e0c afb2f59c
c1098614 f0a62aa0 e6eb1480
3760313a 0c01da68 52396390
e9f0b7aa e4cda18b e457a34e
d8a87700 1f50d00e e9e68200
2d73b423 b8882d35 9a36723f
14bc22b8 33cd59a8 78e0c0c0
10ed8d09 e7067386 ffe8ddb6
d6070db5 7341ab99 6a54182d
0d4b22d3 38ee8c4d 9ecedd77
ca2176b9 c716bf49 9e04e1c1
6d49de7b 6f4ffa4f da04c5f5
76af99a6 fb1ef380 ca196500
4b4cc1ea 1332d26b addb00ce
ac9a7f4c 497fccba 58650d38
fc7540b6 53fa64cc 2e72a908
97365b2b c0865bf4 6ab92dfc
707294af b4dbfb85 0103d3eb
7e59a051 d66a3211 fccd7761
88a5359d e622ba31 5d6d550d
87d59bfd 6a258192 68fe734a
5136e4eb a483b092 bef11e06
b90744cf 5eda2dae a44f27b2
7aad5312 0f8b441e 9326841c
51a86432 0b33b5da b432ac94
7e45cad4 0d6de8f4 ba997210
b8fdd7cf cbf6e247 ecd59869
acd79ca5 a96787cb b5f739d7
7494d656 ce68ea42 6139de2c
ffcc3e9a df6308b2 99865714
1718dc12 9e0b64d5 7e6c22fa
7b04f82d f7b87853 02498e97
5714bf65 bf62946b 03fc6337
f699b29a 17b81502 bd8a0734
ec8614ab 51f2a4b6 b1363d92
77188f54 ccfe4fb8 5339f060
fa9d23c2 c40625cd c48cac5a
d77632c1 910305bd 4a843d7d
6d8a23c9 0d675a52 41b32062
a0d5a247 ecafa9db 016bb1bd
cf41c669 3710709b 39311193
3cd76c48 03fa9e68 42a86d40
a201fd68 e94fd962 8fa829d0
2262d814 ca61fcb4 21c79e10
c1e50c6c fb5d5c92 4c53e598
b69b9502 06db8003 7309bf06
57d3a93c 84a28fc8 e0dcbae0
9a90e418 65eb6548 7cc59ec0
a021aae2 f0cb95f9 ba6abfd2
8b45c5f6 51227e2b dcd35452
7dbc3643 7d718dd7 ed877945
310a6285 e8e7873c 66663a2c
f62c4975 a2de9a34 62a54dc4
d6248b27 e8d6f6ed 08264d1b
8cfbe5e1 d1d2fdff a4ab581f
312d9fce a176ae90 e33be7e0
19602c6f fc8b1a91 884170df
dad144c1 b62da5df c988491f
f3702f12 e2b6434e e34c0d7c
a1e816d1 f8472231 9c6b2001
06f7cdb3 bd4de857 f6781fd5
58a3ca27 9140f70f da647949
880a55d2 d7d45dcb 11475786
3ba2b368 c6d0285c 0f00b960
0f109c6c 049c39fe a71f3f28
aa6df943 7d94ca36 8b9d7222
e658fe21 69ce7011 42a55031
29f538d4 8a4e8eed 76233444
69666f86 b5ed0792 e686446c
eee8da97 dd0b8e4d c4c6816b
1ecfbf56 d032bfc2 97fc292c
4128d478 d5b265a3 2c42a068
0b10ae73 f57a5271 6c0bd6c3
f5e392ab 3090f16a 9d7db5ce
52edf612 5ffe44dd a0a6358a
195c4a30 6a2c424a c00dd1e0
68689fbe a20d5fdb 7d6e298a
67e73718 7b06a812 dcf99fb0
e655ca50 7fe34c61 d3816850
2f18cba7 80ecc668 8d89e5d8
5a2d4e5e da01f1f4 f4532f98
31bd04ac ef5ce332 93df6d98
a8dadab0 9bdac3c7 c0940ed0
246506cf 32f3c1fb bdacbbf5
86d4df2c 7fd8786e d93484e8
7a368d1f 8971250a 8a35fe36
e4dcd99f 946ed16c 49289e14
cbcb797d ab233762 d6155cda
6d8b0d5f 4f457a9b 832b5e85
08a96846 0738e702 a7b9fa8c
aa26be69 5fb1573b ff3c9133
48386f56 03461d2a b163021c
d8138e36 66ef5a18 6a3e5110
591d441f 792297fc af1b5784
2a6ac5c7 8418b382 592a940e
826c513e a7d6a4d4 c192ff58
fedf8ae1 40974979 60f9cd59
dbecfe7b d8dd5ac3 4f2c15b1
e7985332 0222b619 59a9abe2
a952feba 8c9bc6a0 f7811040
183d9e96 57e3127d c43efb3e
5d1c0501 0907bebd b56d6fbd
d4f20ace 6d5017f0 7842a320
2a2ca86d ff0d5999 dbc78e25
acd0c1d6 4d8d57d5 dc6f010e
ee80d735 1738b98f 2c15839b
83c6262f aa5cff78 13ceb708
6aba60d5 9b61bcca bde1d412
189aae2b c01c3ec9 145529c3
c9806591 1e22c67f c08288ef
4a717993 36b0af85 d61fa65f
1f117e4d adeda8a4 58607154
53be34d8 86a3b951 a8e6d058
5650bee4 c218d28a 717deee8
139f5044 c7e81d70 3b6ad1c0
ea8b10f6 a3dbe7c6 084f1844
f704553d 64f8af9a f5f7f9b2
5eadcd89 1bd25c78 e4b79438
db80ee19 8e132b6a 153bc95a
5dfb688f f4f2bfc4 aaacbe7c
60856db8 65a6ddfa 2f54fdb0
20783407 5cbd8a96 bfa5421a
e0ece894 0998766f 05cd102c
0470d608 a14dcd4b 10db1c58
3eea6dcf 7f80f7bb bdb0ef35
9e9236cd 058b2ab8 b8640558
815d6914 4774c0eb f89e755c
ccc1ea73 eefa06da c6ee57ee
b68b94c3 2d02fcd1 deea6733
637ff045 6ae5589d 7fc71251
f4852eff 2efe45c4 8ea4b63c
a0cb4975 f05ec637 6f734623
7d1f0ce8 45383e7f f2479718
b1e05e26 a4e89c22 039ba90c
563cbfb9 3e82d9bd 534f5c95
2b21e9d9 2b07edea aa6ca55a
c1795867 428de651 7b8c8297
46a07b09 807b7502 82cf1312
de1f0892 38524f64 06886708
0f127ed6 c912e6d1 dd19d0b6
4a20e458 cd508f78 f2783140
c3ef2e18 11df2a28 99d723c0
23ecfb6e e31bfcf8 23adda90
3e5ab84b 65067e28 4da3b5b8
c46d17ce 3cc3b586 5cd91bd4
86726816 11166d83 eac0a142
ccae6310 71bf5d84 dcd7e440
daf1cb73 d737fa23 5a721eb9
802cdcb6 cace4027 f4771fba
20d28c0c 56eca8ac 5c6df810
b201923f d69c3ddb 6f951ee5
4e6bcc6b d2bc8425 cf8fb777
c0757a57 93d04045 99efb973
18d8ae10 96ece4f6 b1fd8360
8b9be998 2cc7da28 4a6fefc0
4873947a fab6ec17 c1fecef6
0199ee98 28cd2196 97ab6510
252eb38d 0540dce5 0953c921
7d439697 8f1ac3e8 a54b7dd8
0fdd3a82 08b94fe6 ddc2aecc
fa474346 0936063c fb0b6868
ee2b7784 e14235c0 745ff700
2620aea5 7b452dcb 54167dd7
1187742b 2b18f722 221aeab6
097da57b 9a861f2f 917d4695
de28009f a1289572 4e04d1ce
2aadb266 df731fa1 dda98c26
933cc853 3f4db9a9 cddb39cb
4952598b 8c8d88b8 c85133e8
68199899 e9be5a1e b533abee
fb0c64c9 63e4ac18 5ae47ed8
bb708ddf 77d0c067 c2e054b9
d52a97c3 ea669f00 29f41d00
9d84c7ad 0c1b3d87 dfd8853b
9ff300ee aa4c81c7 1c05a702
6418d546 4b75b779 0b2fd816
e27e3e30 17dc5bd4 31e68fc0
b26b9f5e 2bf8150d 1099cdc6
9a15586b 762d1800 dd190800
178cd757 86bb346f a85c0ab9
ceb9b9a0 428762bd db8d4b20
d628ce4c abf30439 e8731eec
97a8210b 047605b8 b08ef6e8
4ed9a989 40896c9e 782d6e8e
8b0cc09a 39feb77a c48ddf64
3eeb2ee0 daf6ccba eb7a8ec0
b7ad4869 64874f32 8c8f8b82
95dc4fbb 80dec4fb 40375859
89b23cfa ff35f737 33e24fb6
82003b38 a4aa0873 9b245a28
1c8655b1 cb14ef60 29346160
ed64cd79 e4f70798 b9374ed8
197bca5e 2a5d9295 5e9c64b6
5e3c667a 15586061 9740943a
5920755d 046fbde3 55c0ba77
93a83c64 328c7a6b 72c8e5cc
c56393e5 c398c127 63a32ce3
40d1880e e3fc44ed 01e6acf6
569d56af a5de9584 33568d3c
959675f6 05855e33 2317d402
c8a9d765 1192437d fae79b51
85eacbac 1d775845 f740055c
ed40c19b 2baafda6 7141b982
7dcf37f0 bb1d1148 cb2eab80
71c0dc05 95b372ce 2baa4606
7f9000a9 4b9272fb 15dde7b3
36348398 a1dd0010 95803980
0d819684 373a3320 f7171c80
95826c0d 8767c524 b7b832d4
c9e3406f 4f37ef2e 88d634f2
826d6c18 f470e0c5 47492e78
610cdcee 246cb4fc 4068d248
678e658c cd7595b7 6ce11314
289f7612 d281c4ba dd539114
21c6d397 d1a7fe1b 246922ed
d41ebf9e 8a54727b a7f26cea
0de4a60c ca652726 dff879c8
3f25c31b 9e80a307 fcc286bd
547f5cc5 121d6d81 2afea045
c69f35e6 08e73c27 656d1e0a
d4e5d357 58a0fa03 ed747005
dcc7031c 7ff51d8d 02c2e26c
b2256486 f950a08a 26dbf03c
d40af95e ce46551d 7dbe75a6
8fd19759 7319d8fc 2cb5139c
d8224ee3 479e3318 be089e48
707da391 70991035 55e4ed05
7e575c53 fada7beb a03ba131
f203981b 8ea63d56 c3f58812
602aff8b 36721c4e 1ef3105a
6746a619 3f78f7fd 3dcc45b5
1ae04561 0fa7ee6e fe24fdae
a9912635 761b2d6a 2f6822f2
e4af91ed d06d991a d9f47712
624f58f1 995ef6f7 cb846687
c3e036f1 3996a505 310067b5
c51d5df7 7625c64b e4fa915d
c847f7f6 d08e89bd cb48b69e
581b204c 73f44ffd 5e365f1c
0a8bdba1 1658abc7 f3c44527
b7795f38 328dd4e1 265f1038
9cd3569d 06d4fa1d 8e8a21c9
c26a6ab0 280308a7 e6d118d0
0a768ce2 ffd29d0f 00bcdb3e
d2ba78a1 167ca07e 8727ff3e
049c0b1a 2aeb401b f419abbe
6d40bf98 6f9e7889 f945c858
7189bfe8 78c932f3 1a647938
6b87f6cc 9af56072 c85466d8
8931a017 eae8c5d3 5ef0a5f5
b84e5cba edef32f3 0424588e
cdfda36f 574f39b8 aff22ec8
ffcbe755 bae1df5f 9ee2e38b
49736ba2 db2218cb f2218976
68a960c1 2a4f28c8 c100bec8
779d2464 1e9dba15 05a8a434
a34e3f96 1a3c4388 5f5e09b0
e700d1fc 6b581174 3cf0e230
ce2c08dc e615b1f9 5d00b9fc
a3034e4a 63904add 561bf9e2
2ca93db9 1cdbd1a7 570e4caf
1ccffc64 dccf19c3 46ef042c
eb3bce93 aac50a23 145dfc19
cf0f655d 9f3455c3 2f4616d7
62c15bef 1f8ebbb3 3aecdd1d
a585f34a 5383dcf8 f3b547b0
4762712f 06ed1244 c49e5e7c
c4f761e9 b0f931c3 cdce2d7b
705592ca 0c69cc66 9feb747c
e679bb66 033d68d1 76d16e46
ef7d7de2 3bc05575 9ea6924a
b4bad7f1 7004b19a b77787fa
787d3344 23029a3e 31b15278
cfe0f975 0441d617 e8733783
fa2e0dab 91de78e3 228846a1
5c03950e b69d57d8 384385d0
661fb6df c7466fb9 e72fd827
3269fcec 7b7d8274 8db272f0
cc88647f 53e57399 95441ce7
385ce5d2 aacbdca4 a289b288
c60dc65c 97cb3f9e 2f4510c8
f209a540 67c223c7 719734c0
a11e0d7c 0a0de5c9 e9f4825c
254ea690 88aff757 ecdf8af0
8dc8a340 5712176a f63e5880
2118a317 94d03ec8 a16efbf8
68669cbd fb348e73 f66d3ee7
26e537b6 eb7f0df8 072c3650
6d29243d 175d51c8 f1c49ca8
b446ede8 2616ec02 adcfbbd0
3dd5d917 37428532 167b597e
615357db 1b9797b0 fd4b9390
28aceed3 9f69cfe6 62062e92
330903c6 10a82fcd 5fd95f8e
fde811f6 5e136d18 46a96d10
e46a94ff 50ea1ad0 4ad0f530
c146e42d e13ad35c 22bd172c
2763de7e bc8ebe07 24c09972
9a2f73dc b70fab1a 6919b858
9255e3d7 818fe151 66860e07
9bb47c15 d5fecdc7 267f4553
f18a053c aa4a0d42 a3316578
1e862329 6eb8bbef 5e61c647
4c0a443e 5bffa6f9 a1fe944e
793f0ea8 5df1b6c7 e897d498
2ca63dc8 271a57be 60b0d270
b002491c c9199654 37526530
49412590 4e7128c3 6f0e1cb0
022d1c8a 0127c79d 49dfc6a2
382a69fd c02116c9 2805f5a5
8731a0fc 71afcbf1 e8a4613c
e5d44473 5964b242 903d9ba6
93e236c7 b77fb3e7 0b259291
6f764f8b 68f40cca c79147ae
d53713a9 24d205c0 e1530bc0
d0985e2b f04caecd dec8a26f
594efe72 67164670 67ee7de0
b99ba0eb 06fb97c0 490c4d40
e611b04b 05889636 03df21d2
a0d25cc8 6927d00f 822defb8
ef4db850 5f1b87eb c8fa6170
8a3f9593 5e0905fe a52d46da
b177aee6 5e6fef58 0726d910
801d492a 01147ac9 6d2475fa
b714e77f e08ef952 824eadae
2924d53d 6e13555e 5fda8d66
33515c0c abdfa1d7 76abda14
4d3f0285 2abed7ba bb9b87a2
69c465e0 6de9d97a fad36cc0
7e727da2 d78b1eb4 982f51e8
fc27bcfa f6ddc2f6 cb370c3c
9c1dae3c c8b7a6f3 dc0b4af4
c679f1d5 1952868f f5ed93fb
ad70b51b c58543c8 dd7a8e18
6d43ee77 7c3814f6 1bf0725a
a9022387 c9ed5658 b3a69068
d42435dc 440146be ff762148
35abd7f1 1936e751 210fca41
442e91ec e3ddffd4 16a6eb70
c7647426 7259ba61 d6a99e66
533cd579 b9a91558 f84d4e98
25a98b02 968098d1 16f3aca2
83f93f23 653661f3 d6e53139
ea9b44ea 96dee72f 0c9cccf6
0f07eafb 391c1249 6e3ba793
e5dd30cf a220539c e17cdb24
99327e45 b3e03cbe 4471e336
6ae1883a f1128bd4 25d04e08
9f7b1951 64498cdc 3bbb0d9c
04ba67f0 d7ad9887 f9334f90
69cbd8bc c44b2d4c acb163d0
81d2bddb fa386b11 1a41248b
9c3b3f61 706d09e6 dec25a26
eae52b6a 35ee3820 ccb09d40
ed8e7ef9 5a6b2e75 c903c5cd
e5d72ccb 4410252d 38fc36af
52ac966e 8aa85987 9d7f9202
e0a5c201 855e5675 1c4c0075
43b7da7c b246bfbb 99371c94
15c0fd48 9c97af51 14ac5bc8
f531da07 db420f09 bd55133f
879200d4 42cd7441 e63645d4
1d925d67 a8d05b85 dfee2383
dab7a34f f9a29e77 3125abb9
0fd786b5 3bb4e82a 59b421b2
c23d9bc1 dafccdfe bad6167e
62dacd54 e4ecc847 7488924c
b987870d 47d1868d fcf33029
2ae6f6fb 58f0abc5 1e05b827
b733941d f58f5241 86bce55d
f502c83f 399ef1ce 64a271b2
43f99d4c cca4eff9 7c53f2ec
2515f6f2 1db1ae21 dcff5132
865d6fc1 f09f9015 ed65bad5
7a6ef195 fe8cfa34 29f09444
a90aa50f 9ca9f4a3 e200648d
4532ecbb 2435c27f 3a6026c5
a60d90ad 592fae46 54ce254e
efb3aa0d 43c08e86 111e38ce
014b83f5 7dbbc5ff 6bbafa0b
1d399985 deaa7ea8 cfae3548
f28f9c19 f9b97583 e0e54dcb
58abed31 5491f945 8ccc9735
661d483e 892deaa4 0fb0f3b8
5729c551 ad855297 0aec54c7
e4a06edd 378c0ce5 249187b1
d1b212ca 75921d53 3210f97e
47f22f92 ee032372 71102504
b2c49f89 ed52366a 6df2f4ba
1eda3260 9cb3f59f b4db29a0
77947b48 435a6d99 df8b5608
be6ff4d9 553e2e71 86f811c9
82d0f96e 84778b30 a8bf7ea0
877ea2fb 8aa98cb6 7adc2272
748a1996 34dbb3d6 56a74564
a9cf526e ff6261ef 36e5a2b2
0ccdb3b5 d7166206 802b803e
0ccdd52d e3aee08d f37bc9c9
98c86367 b20663d7 c1265081
75b3e0c5 61a9edd9 539ce7fd
79c44aea 0c35447d 1330bc42
d57d9557 5f358f83 99b20485
76f8fc0a 98db592a a106d3a4
885395ae 24adda99 4600a0fe
cf52876e 57c9e751 c8af1bce
5291ac2b aba909b5 e16f3d67
b3e379cf b7998639 e51f7917
4f6ec3a5 0bf57613 474f933f
fd50692f e10104ac 2bda6794
d03464d4 b7adf9fd 691dd984
78a7aa33 ae0bafd3 09bb2509
ae9dfc89 3fa847f8 6afea3b8
42c881a0 759ac287 44379b60
169b27ea 6cacf7e3 484f2a7e
5efa151d 0f528730 26504070
c590b119 e133847c 8e61ac1c
f584c7b2 4acae3cd 5edabf8a
5551cb32 32292a82 0de16364
4c1154c1 0d353451 efa80511
fbcca902 b6f43de7 7bd9face
f66caf6e 83b56095 81d15b06
a9bd2c0b b5c1307f a865e975
2bd0613d 670757fb fa0611cf
c40d56a4 9fa44e4b dd5e5a0c
92eff654 3bd27a4a 41a93c48
2351dcc9 1dddb7d9 d3bcd561
246e74af 6123197d d6411073
deaf8ac4 ab9a057c b0a50af0
5cbf6989 d72b6f1f 02f32e97
91916fb5 040f4c57 0531b283
beeccdf9 e2d85583 efa9136b
b51ec645 7e6f68d8 406e5238
7087edfc d467aee0 4b158480
48e08fab f3f50ba0 022d23e0
38405130 12ad4874 d16a49c0
5c0c66ba 688f94e2 603c3834
b3c194de 185bca86 91b51834
f32fa72a 2767c24b 0389cd4e
5ede2694 9ab1b0f0 5f1deac0
6aed13d3 0faef7c3 0720aeb9
d5c281d8 9bd932b8 79418340
e64a99dc 116c52ec b6de4ed0
0bc70e45 0cdea06a e52d0892
65164703 f4497ef6 3636b6e2
3f578b4c fb274e14 5bdc09f0
9b7079c7 59975bfc 01629ce4
ed292096 fc5be1d0 14604fe0
947119a9 f96e8669 7d6ffc51
a2ad31e3 fff7de63 594224c9
90da7ad2 95bcdf70 1ccaa9e0
4a2becc5 31637983 fc9245cf
bd2aa15c 9bad3c2d fd7bed2c
995eb662 6871c852 7014fb64
15fed42e c74019a5 dd773fa6
9fd1f359 a79e7068 07afcc28
2c1c28cb 5a7d5a21 df17a02b
ca1f6fab 27d7e6b5 fc2a95e7
bab6a956 070b396c 11759648
e93bde75 7afeb820 a975e6a0
a270cdff 6aace4f5 eac0410b
0d2a0f46 95b32cbb 444b3022
de8c6e31 e2ab01f3 a875c983
be97761c da11e3e2 3f4d18b8
d83c36ef 40a36743 8c09898d
6b00edcf 14ddc50b c7bd82e5
9f6763a0 9996537c bb212180
86aab89b eeaa2583 46f8de51
f4ee98f4 ef05b4a4 75298c50
a62ecdf6 a39351b9 cd3facc6
71a70bda 05ce1695 4caaa1e2
10dc068d 69cbd4e9 947dba55
2b20ab0e 4a633322 6ed481dc
45de696c 8e91a952 d3021098
751f22b2 f3873435 d45c56da
e4330891 1d898ef7 7e96b1e7
b4424e10 9a92337c aacaffc0
1a600a6e e129062b 07fe547a
ff87582b b51db068 3f786178
3a0d9473 02acf8ab 922590d1
2fa1e25d 388cabee 8d909176
617bad66 1cce6ad0 1a5d1ee0
5a1558cd 38a50aa7 ad85efbb
d29d1e27 52f39c2c 0e65f2b4
bf316ae7 0017a47e 5d8f99b2
58b62a41 37ad1476 a4318df6
2d949dfc 6eb7e65a c353f298
78b8b7c9 95fcc840 649efa40
3e34186d f52f0d9b 1bcb52ff
0db71462 54ae3284 d6fda688
e03bb8be 8d535854 a6b3ee58
694b1325 16592dab 5d604ab7
e2d25a19 30138c2b 8275ce33
ba1e0cff 0f1c8c03 fa599afd
6de147cb 0acd8648 3e7f7318
a5a7be30 730399ec c1de0440
d1daecc5 379e66d9 917f30fd
ce42377a b23b6c53 6bfd748e
d02a756f dd08e0d1 97e2ff9f
70953f53 c7fab724 e14f3cac
a1626a38 049c0d4a 3ff78c30
c74ee919 b4cc7281 e67c9799
a35d8180 c3b45bd4 1477be00
9654da70 1bc7957e fdf6b320
22634c39 789b9e8b d37890f3
c616804b f44c83eb ec9225d9
35d76910 eed263ed 352d73d0
79418348 9ad18857 80c9dd78
2d507b65 a12925a9 d4240ead
b50fbb03 dbc98e72 c117f156
80ca448c d5936466 2bc1ffc8
c53f2435 c7f2cb6b f0342927
a7addfed 71620f23 729e8067
37dcd024 d81e5e0c 76fef9b0
4a8c0c9c 59362f73 18224e14
6c5176c2 25783dd7 16a6f6ee
05479251 86359d43 f73bf833
0c7d6a1b 5d88de3e f5bb1c8a
243e1a3b 1277d26d b762911f
6deb9163 d2dfea83 6dace3a9
e2c73d19 87a12929 d66aca01
1a289722 675a5563 67d4bc26
122b439c ea1cca7d ff891b2c
67271f89 a0ab13e5 ddd9608d
87d8f2d3 1cabb4c7 6b521e05
0ae16d1c 62555ce1 85a2f59c
8b9c9678 907f7437 185ab3c8
7b20edd9 1385b2e8 27f56ea8
31eff144 6d353614 6ab73150
369a9b14 d44c6787 99dcd38c
7832e9af d8cac9c5 84be3aab
c708e0f7 4711a88b 56db3e1d
ab9d9660 de8d4f98 99d8e900
bf0f460a 093626ea 08778124
ae95738e fe3d28bd ab3a7fd6
0dd5ecab e1909867 00c7c0cd
ce433cd9 1fa66a7f e64309a7
09ffa2d8 9271b2c7 9649c5e8
2a866fbc 3915b7a4 5e6af870
82c8f6c5 a1932c1a 6af1ec02
0d3de40f 86a38a91 ec8b427f
c308f601 c422bfe7 1cc2b9e7
9c5f74e4 7211988f 51ddab5c
f96ae517 9942cd64 d622e7fc
d1981b78 653a4964 d06ff2e0
b0fb3534 919a2a87 007b966c
52f40077 f2e7a09c f65ba884
4b40c979 3800b0d7 35ec649f
f703d264 94e0e040 008c1900
87f5f043 79690199 6e67db0b
ff1f8a49 9e04140a a52d1ada
382e7e52 87883642 a431dd24
c7ea4c49 530ba512 03c76a22
e51286f0 27ab255f 61b0c310
0f593763 b225bdb4 7fee089c
9d31bb91 04190efe 44c307de
91d6ea36 34510667 ca0b7fba
98775ab9 e04f4e0b c9dc43f3
b086c2d5 c8efd4c6 6e6e14be
3c3917e4 2273338b 162e64cc
e6d9f20f c349f458 88e88128
d7c78cd9 250a1553 31ba775b
14a76fa6 daadcbbe e8fb7f34
902df418 1f9f4042 2bc6ee30
d556b4f6 e21d235b 5c6df572
e6dd3816 55e38f58 f7e19190
3fe622fe 15e7e5b0 34b744a0
29827dc3 6cc5c328 ed3e2f78
b058b63a f7e793b6 b40adb3c
a756e650 bd34a0d6 0ad686e0
703ce8a9 cb5e0790 3dad7e10
e76ddaec dc48f665 4116271c
1b58ee6d 250372f2 0084ed0a
dc98abf8 7467a558 cc19f540
fce2bf57 9185324a 121d4d26
0fa5bef7 4579134a a8d48866
f7683c04 e0bab5f8 7a50f7e0
ede7717e 9f9ce2d2 e4d4555c
c14b727c 62db174b d077ae54
c559f01c a0b1f13f bf8872e4
e9c59cd6 b5c766ef 3454afca
c6a9953d 48c64a82 7c6f6afa
0953e9f7 17956fc6 f71c0e0a
cd40268f d3ba9ebb 668e6c75
7815cea7 27233c56 2597901a
5d00786d 1cc3c2f0 32ba8030
2e2aa073 17412c5b ceedcce1
ae467f64 1afff9cd 2cf84714
bd86a74a cc0d547b b558a88e
f7b0834d 179c5615 8b82a351
e06eeb56 fdbeb83e bbd6ced4
115404cd 15ba4606 af3a2ace
101ab2eb bf5e1b08 58fe6058
d7ca59c4 eff76e29 1a169864
6a255ad6 a5b73741 d6fa0a56
2fb8c528 6e7052f5 4c7b7f48
844f9223 3c8abc72 559ec796
101c7109 8e834763 f3f4357b
5ed71679 ab147cfb c039a4a3
aafd93b4 5b2aebdd 9b06be64
60d91792 2b734140 71d7f680
581f74f7 021cbe12 44098b5e
cffd302c 24b238db feb9d5a4
fa42b087 24696fad 6cfad43b
d3b2274f 05869323 5c47bccd
57d2c4d7 e6c248d6 067b03ba
73bb05bb 7046dd66 f198b782
e8ba2da4 fe576c94 519f92d0
94d54b72 f5260867 d918eade
04f76051 b2a27648 b13a6cc8
4e787932 020f0e4b 11da3da6
75308abd 0ee724b4 c02f20e4
6e336006 f6610f92 02331d6c
ce1c3048 01f7de7b 56e1a298
b50d46c6 ee22044f 8e7fef1a
bb37c456 34c5c2f8 2efd5f50
8d3d44bc f52a531c 82d47890
a6e4f362 21984ff7 d232118e
0d1f659f 258acf22 e40d101e
58ac7e5a b34fa356 8a2bc03c
072264b7 78452d49 01d5e32f
cf50de94 d7b82be4 7fc917d0
11118a87 12b31e74 2493972c
3b45ec55 9c733ca1 a08c8d75
235d2f18 1b1b3763 31af5e48
49eb2bf1 27541531 92b22e21
f0e2ecb1 3469aff2 dee9be52
b957a86d fcc33549 96e49815
ab456f00 76c3f97f 0d691100
ced3b0ee 359e8d28 626abb30
263ab6b6 bda90600 5c6e4400
3569daac e3fa2cb4 cffb50f0
c080c73a 0392deb5 14e52802
c474db36 897db979 3d03a286
a5a0b597 78c0974c f011f9d4
5cbfb73b eb26a009 71045113
21bde4d3 b9eb61e7 eebe6d65
95d7d70b 57e2212e 54370efa
a1440851 8e65d051 833d71a1
0710c820 eb64a36a 28df3d40
f38f6701 f7fcb566 caf2bf66
9ddea537 3d9c1b8e d5707182
1da03f53 f54d36d8 4787f008
75971558 55424aae 518bf1d0
dad3e3e5 2f540a05 5f2e6579
3eeb3711 58c1011d 67ad4ded
b077e532 6547e3cb 8a2c14a6
0d145e1e 3968d61b 5203012a
138b8901 f8eac4ce c21702ce
5e6aa48f acdf18ba 0579f7e6
2d88537a 7221e59c c8790058
c6ff2cb5 4fdedc9c 2de0ca4c
78e3bc2b 368c03c6 24dc0a42
2e9e0b89 56c12bc4 f539d7e4
eaddb376 68d30659 b38a2806
b956b165 471e395b fc268be7
29facb39 3d80b979 45e63ef1
3e103e7e 7edf0d3c d2bd0b88
f3a2c101 6ee00ef6 53d384f6
2cbcc924 e1dcc57c 712a2170
0c6575bd 0c16462b cd7a74bf
63751d6d 8e2c1f89 ecf8f255
e082a7a7 ecd93a6f 03318769
c583b50c 5b35a454 eeaf17f0
006d5c9f 78e0db96 61704a2a
2d0c1e14 e56b4d89 36e41cb4
7b20c175 09ae2edb d24e8517
8c758a1f 9b47f53b efdf8025
a7aa5fca af66e726 e0357dfc
3b4e55fd 4229fe94 021fbc44
a3b985c5 05ad498e f72e6046
3713af80 f458a3fe 8246a100
309ce6a9 095e4c91 c066d1b9
2b747966 899cb546 cbd64fe4
f5437723 0accb65a 7e4ec44e
b1c991b2 7abb1319 93857062
571e4854 94f9b2c4 ab2dc850
c31c15c1 2dbcdba2 651ddf22
91dee702 6d78088e 03cc331c
7937749a be115a7c 40149e98
093b557b fe0b2680 22a3ff80
a2bbf20b 24d8cefb 90532ac9
4b6596ce 90a5399a 0c7695ec
74fe7079 8c09a8b4 5cf77d14
6102776f 21278c2c 86a63b14
36a36939 94297f1a 6becf6ca
a93d5e2d 8a54884c 0103dd5c
ae7cb4d5 46dca73e 4136be96
bec1901f 34744671 bae517af
918a4a06 719a5de6 2cbeaf64
c19e40f7 a6bef318 bfd28c28
25139eca 1bb8199a a77f3f84
250f3aff e918f1e0 62c5ae20
06a969f1 74c19203 c518afd3
dbbf548e 501229de 86721124
f5a4abaa 9e6928a5 62af3492
64cf5bee 2580f032 73af147c
231763eb 6078be06 24dcc182
5bac6276 11bf84d8 8841eb90
9c481a40 5d10ba0a 61e38680
7bbe879d b397b8c5 efb233d1
98919249 9016c345 a3f008ad
048083c1 464b9525 d2cd5fe5
a86de3c7 d3a35a84 8772689c
04790319 52e5d905 715a407d
f6ad57dc 18936d12 39ecd978
c8ba01b6 85adb74e d5e39f74
489f75ca 8bda2eae ff905b4c
2356c16b a48f1e26 00503fe2
ee0b09ca 3ac38646 1702693c
293119e6 347d2ffb c4339e82
53c0d751 f20b5e93 b9466183
3394ecc2 fcf47df2 1b4a8964
e42c3ba4 ead0305d 8c806a94
f11d7f35 1d6e7871 eb6bfe65
a4ee6d20 e0008c8e dfee07c0
ad374aaa 563fed45 5bdc81d2
6f4259bf 1a2e1de6 0019449a
8b908180 68e60c41 8ec2e180
33d628f5 666ea038 67b81598
e1d57af5 19560622 3a8a128a
dee4c3ce b0f37e57 d4a7ef02
798dc4c6 7048a3f3 9d8bd9f2
978c5c22 eb4ff268 e49b91d0
7612e68c 5caf599a 83395c38
e127fdbd e2ffc313 c581cc07
433d64a1 1b16d9d2 d37f0512
0cc7a645 a467eaab 211a2217
2b8a3274 7b3448b6 ce007e78
f045f6a7 eae6abf9 afd8756f
a736d49f ecd5134c 3259ec34
0b079bde e7629df1 09bce1fe
182309ac d008dd00 4cb97c00
2e813819 1efdf8f2 83343fa2
aa6923cc 6a829244 dfefda30
cf7a5300 5e6e634b c0ef5100
b30b6a4b 167cc2e5 be16eb17
de773bff b3d0c475 029da78b
9bace699 5deca863 d53d952b
8dc70706 b84e59ed e686968e
995af7f3 59e30693 88851289
e2765f87 362c6cbb 41f8bb9d
76ccdf9f e8420da2 53fe959e
556a1b86 78d84146 55108ca4
675efbdc 2db77135 0a1a408c
62479d67 45b6ec7e 0e946cb2
ce7d0320 3d4682ea b49b1b40
f3c3c130 a79ac185 c0388df0
ec9ab033 5d3c62cc 95abeea4
481a9fc7 9c378b48 53fefcf8
6201031d 8168a275 4f36c641
d797df1d 6d38e7fa bbfb0d52
5302951c 2461b2a8 b4fb5260
8556f608 a9dce57b 91bd5dd8
54a86e61 6615e5d6 237e0a16
0f4633d6 0f67d008 e9697eb0
3348dfab 52270ff1 65c294fb
e86cc8cb 49ba593b 295ed9c9
debe01ba b248ecd7 0b7aeb36
01b81ce9 b560776d e5349e35
851e8b44 4fdf4741 919d3844
f856731b 3eda416e 375d509a
695bb86d 2b947717 07fc3ccb
3f0d072a 0c6dccc1 ef69deaa
67845c16 9bed5eab 519796b2
4a08f007 9db09997 5289c321
faacccfd 4ef825cf 56725193
1a6a80a0 b07d1071 1f2cc6a0
6c1d59fc 155da8b8 54b20d20
b44fa22f 8c6dfd61 c777e6cf
a4f62af3 abf61093 b28bd989
b1f2bd31 84f2d6a4 05fa2964
7256b63d 523504c9 658f09e5
2e75f2f4 c1450ebc 01abc330
1fddaa35 a51f1922 a67ac80a
1f5588e4 6f3b6970 331d67c0
07d71690 f5fd761d 2413ee50
2df181b2 c35af22e bc9391fc
b63863a5 4fe72676 31ab6c0e
50a447ae 5d091e91 a890fd8e
901fb645 37583ee3 f4fb552f
3a011484 ac959a1c 9f49a670
0270be10 315c7aa4 a88d6240
62121517 78e74738 478efe08
4d60a7e0 60a577e9 8e61eae0
ae474d82 0423fc75 77a8646a
aa2ad526 24c8a707 75e79e0a
8cc0e0d2 f96dd0e1 679a3892
04ae1e67 cb1161b6 ff25a43a
c93d9888 72aa5715 4b33bb28
ad0c1bee 020cd4fd 3740b236
4a476b15 118eabc5 a8226e29
033710bb 8ab10bae ec70681a
c48c2aea c7bc04b7 1ab65546
4cbf7ca3 55c77a94 a1cebc3c
f4a8cfe6 d922ad43 af38d732
6ecd3db4 23b9b7d7 f88e7e2c
1e6790e8 a3c408d2 d71c1e50
8a3cd098 0123bca3 cab070c8
0f2f97cd 3580dfbb e47f75bf
d9e0e580 b0e98c7e 1bb2f500
9062c886 e6dfbf09 d7cf06b6
994790bd 60675a4f 92031c53
da3e1b18 91d9b9b9 27cdec58
03d9e6df 7e908516 291bb22a
e625101f 8081b105 be7dbf9b
58a5d67b c2593268 2e0627f8
6ee91f1f 628c1a5b fcfb3605
4e9d832b 5d75bb6b 7c4d3bf9
4ec1a9a1 8ac4ecd7 5649e237
e950ec0f be108891 072dac7f
8e59f263 3b1a9622 0b063326
1aeab97b 18bab2d0 5f0c39f0
498f293d e4f8d46e 70c23c36
2b4bc72e 67a08b37 712dc4e2
c1a38a66 799ee3df 522200da
2b8f4742 87281438 a938be70
d604edd8 d91bbf33 7e378a08
939d247e 3a2bee71 ed743f9e
56b9b129 901e03c7 6a3a31df
d6cca8ee 5bb8aa23 4b39248a
d1b3113d fcdee956 6bbe4f7e
389ed123 a050cc61 3dc52243
84edd146 a39ec1ce fd582c54
f3186b5f 3278f516 2563252a
01c676a5 9385e619 ddb2d41d
053fc7d6 1bf41270 d1ec79a0
8bdbe752 ba81311b fbca17a6
c927a284 0cc3b2a9 54b61124
88647270 9ea502d4 9e43a4c0
c0801f92 339e7a8d a7b8f76a
73fee588 1c434ea0 1bd6e500
0c835431 334ddd4e 456ef3ee
467c8326 dc1d938c 8eb48ac8
528b8561 60ff7f68 fb784e68
2ad241b1 1848dc65 a73006d5
09943d32 97485788 2b9c8090
adef89b3 ed999fe1 a9093353
2c9730c9 de043af4 d24c0994
5b9ac347 0cba3156 9af430da
ce920e5f 7dc90896 459e63aa
196cc9a3 7f431457 c6624265
e28e4ce3 1d7b1d7b a125a811
eb1506e2 d02cc393 d02919c6
1eddbf13 89ad8a99 465e705b
7818a1bc 9e23acf9 81539fdc
8e5a0d8d e1bb5cf1 32a46dbd
d8da6cf3 8b4d0928 460c90f8
4bb6c942 3cd36330 3b804260
0a2a89b7 265acd98 addf4fa8
806bb699 577e4f46 391b24d6
2edc7c89 2e0a6850 b2d892d0
760b1b46 a21b7f50 92623fe0
be03d380 9416d4d0 bb41d800
db0411a6 48f7bc88 0e494830
57324c66 ccd0765e 8e8f1174
4d0f0464 b9ddecae 46952bf8
d728a0c3 4454c9fb 670aba31
bee067fb f3f59c9f 10f488e5
b66e4f6a 9a7788f0 4fe0c360
609d7e69 c2744802 e65c84d2
76442ad3 155be04d bffa8177
ac5e0791 3c1e5be3 230f4093
17541f09 bc0a4686 08deb4b6
64e6e2b7 1a81de82 4a10d2ee
9bdd9410 621cdb08 be565080
e5d1f253 6956c36f 047f4afd
55e62189 aa36d36e a36c53de
fffcef9c 21417a4c 7be37a50
8b4b9b46 af84b2e2 74cdbfcc
5a52369b e8027c25 c58af867
1bc360a7 1fcc987a 7a933796
80ac22ab 13f98ced aba49c4f
a4735961 3821c5c5 0e0c6ca5
9caee857 19bb52e0 56042a20
50acb061 5aa769ca a5e1f58a
25a58c75 17d410c5 25106609
f33e3605 ba33c971 9bdec535
ff1172f9 32319d18 40ce7c58
5463b6e6 34a3bb68 4b8e4f70
9e6f2244 3d5aafee 83a65738
a336c2e7 e5ddfd16 09be0ada
4523d7c4 ec9c2840 0e1c9100
4824d108 330c7790 16404c80
1291ef93 85e9cbd8 cfe6b508
92ecea0a 57dec6a8 03295290
24386fd6 3a57b9ba 978ce77c
89634df6 0914dae8 cf9a22f0
6c95182b d3faea45 9744d197
2d4fa37e d83c5cb4 1c483c98
aa37bb51 9eb2c80e 15b5866e
e66c732a 370c4c32 9f56f634
9c7c0796 afb5afe1 394034d6
af9c02ad 2f64248a 690dc542
e6d09750 8b53b2b6 a07132e0
44f7c06e c5ad9a7f f100a292
e1af649e 76914ee1 9d4d92de
4a0ed962 926c4cd6 ea4acfec
836f9b1e 5c4e9373 2c58e87a
ada2752c 731b8fbf 6b4cffd4
b4d26cbd 1485449a eda89db2
e55857dc 1c3800a4 34b848f0
22edb968 c7abbf61 49dfd868
85e71372 72886e39 335e5062
a5d127ec 6e7d5980 85b10200
5bd866ba d6ff656f 02a1eca6
a37e5282 5c1b5a2c ee6de258
e41985e3 4da33c35 bb32ebff
e92e5806 c0f7b9f6 fdeeebc4
5e9b2e0c e917eda4 541e9bb0
e46ea0bd 0cf4fd40 80a6f840
b1b61705 61f4d1f1 cafac0b5
58aabf46 5a1bdab1 7d51db66
141e589f e9ede9e3 37c44bfd
945dc068 40234b14 5ce98020
5009f96e c076c7e0 4252c240
ed4c20a4 913f0989 973f3bc4
fcfe168a 959b3aa5 986dcaf2
6b569d1c 191791df 68f3b764
98227eed ec13a8fc 4cd7794c
540344e9 f094047f 0166d397
367f1a17 cf156a56 ac6349ba
83c83ba0 8e558e3c 8020b980
f52e01eb b0ab2734 a79c30bc
e0ffd3e6 d336b51f 645046da
b9125823 54c08b3a 7a42f8ee
a6df0623 e55526cf 61de284d
43804a14 caa9106f f8755eac
367568a0 0f8fc040 7d322800
c966a869 933b3b4a fbafe15a
8b556407 a854fa34 1b53276c
a23f2778 5f5e8d78 dc679840
cc9acb38 502b962d 4cb088d8
411fed4b b991b1d1 d89c953b
4a571734 d110c157 d35716ac
904832ed 71c6d41b 0217a2ff
5374213a 4cfa3f46 10925bdc
86982ab4 a66ec34f 82d4498c
6d540ba9 b3564054 f8441374
cbed9c36 9136c135 e45a0d2e
cfdb1195 6dc99eb2 fa292f9a
5020af1d cc0b651a aaa739f2
8cc28bd5 aa9decb5 12163999
cc07d990 1db417d2 5c3c6820
aff906fc e43148e7 99e82d64
ea96f706 be83fe47 b50876aa
f30af4e1 618e5fd0 9f9475d0
b714f42e 095248c9 78dca81e
c8b5b7f4 98535ce7 ee30ad2c
374cf84f baa1d4b6 9e08f42a
667ae220 c56c8e61 037d6e20
7e6dbb05 7fbaf173 74fcb83f
20f44544 30425dd8 26cc2560
885c025b 8e1c2ea1 063dd53b
6005cae0 66307f2a ea9868c0
159289d5 234be27a 25eab982
e1e556b4 fe829712 c7ac44a8
8d55361b db9ad65c ab1803b4
9c578363 c3dcd520 ad55cb60
35220f10 c4ca5451 1f580410
72deed1b 495a7459 016eaa63
4b1c34f3 f1f31a96 e590b462
c663315f dc9f721f 80004881
12c00a82 26e66af3 0d6fcd66
842345e3 bd5251fd b9aee457
d66dd473 ed6fa93f db24334d
b07e19f6 d006cb99 f5b79606
2a2eca10 a5181f42 cc080820
65941dd5 01d1e8ea 44514cb2
49c00bd6 6ed3ff6e b1b13ff4
8b7b6e69 6d811ae5 a6896ded
674f0a31 e1f3e26d 812998dd
0727cabc e2e0b491 6496047c
6fb47e48 5980ab64 5edb6c20
8d0caf30 9f2ccbbf 37a1c4d0
a0cd1024 46d46738 e42a03e0
3327537a 901894f8 bdcb6630
22d41ad1 05fe0d26 a1369806
44e0f342 e58d1f85 0bad5f4a
17775727 2c94f312 04aa25be
6332ba49 ef926b03 c216b1db
a9c2f455 c25a5ea0 ff71eb20
51330e2b 106b7dac 183183e4
a1251377 c957469d 038079fb
88d9a7b9 4e92d5a7 640b56af
46ad78bb c95c7c67 ac7a273d
aa0835ec a7122210 7644b6c0
cc0ce69c af485bee c9d7d908
fa9bdd55 9a6bd1d3 72b0d20f
8060265d 06e7985f 86607483
4f547b0d 77c562d9 51b84805
7888ea6a f59663cb 5354e00e
d261bc44 3c3a9dab 0f26756c
a741787f 6ca0f93c c4ebc4c4
79f1a994 3b9283ed 60e8ba04
148e6919 cb69aa01 949a0319
cd290e16 99c9537b 1790e692
90912336 91576dd3 80f80382
47c5ba7f bcb0feb8 40780d48
86277c9b 931bd409 8fecbd73
8f7ee846 eea2af7d e20b442e
29e6475d 3d69c555 8c8542e1
feed54d2 3688da81 eb6291d2
c670dcd4 7a9aaeed 4c1c8844
4b75f12c 317ec603 3a91db84
42852f40 1eb47b1d 3fca1a40
f742d3b1 4e0e6168 470a10e8
6c980b63 7295d326 269349b2
5272799e 1430fd01 9a439f9e
d22a1ddb 024c6368 3dabd1f8
298b94bc f36cbd13 557ad5f4
2610b3a7 6cc16585 427538c3
80256679 1e4c6fe8 f33f54a8
0aa8b273 e892229d eebeb687
cff26895 b6fe0792 eaf1b7fa
d9ed4aae f6882cb2 3043d4fc
a141f84c e8fe80cf 9be5c574
fd8960ab c0af9636 4e839612
950d5047 df26ad33 7470f925
4f9c511b b985882a c0c2a66e
195264f5 d69c0066 6a20399e
678a1a0d 36515bc5 c0a5ab01
5ff03645 7bf4db8e 966f2146
76098a62 1c5a122a 67bf9814
50600f8b 57c1260f ecba8b25
9eb6f315 1f705389 24e7e53d
7f7ea4fd 42a54bfc 2c11880c
3c23721e e1373401 51c38a1e
6efe8c46 e869cf81 ba674946
66fa9ab5 8aa531ec 2f4c43dc
455ffee4 820ace7e 2142ec38
8c6e28c9 4e94152c fe7b7f8c
0c61a979 74350213 989f85fb
39aa0c67 504174a2 e161852e
6bb22506 271ca7a6 0252ebe4
ad649a57 7cececa4 3eef13bc
1c2bd4f2 96af53b8 d2f983f0
c0c87ab3 57385da0 fe07b6e0
aa52a10d b0430084 e9020ab4
f73f2e9c 2ced1d64 b361e0f0
7c14c22b 5172533a e9cdeebe
3aede197 6f8f81be 17938512
d6648b0f 2d12383b d1a55475
3b3a6b1e 34ffa53f 054cb262
41b52104 0e5bd9fd 6d6a04f4
4b94d3e5 e0e9110f 8b379f6b
bef1d0e9 f74fc530 2a0178b0
0102919d d06292bd 840b0ae9
4acd0dd4 21b18022 59b9d628
b53c9125 c1d6792b 4bb4de37
d92201bc 51aeb082 4e3e2178
4aacbe00 a9ffce58 ee455000
a8d8034b ee9d372e 7e84b47a
713485ad 0e1b9cba d0dd8bb2
731cee5e 48bd4e1d 464da4a6
597933fe f585c441 9c8aab7e
d7478fa6 94f970d4 46919578
43891a14 3e356259 34c9b8f4
9b5c5d21 de6aa190 a8302390
bcacb23d a0f8c0d7 c5cf713b
e260052a 160c1f81 8cfab02a
83fa8d01 730d84dd bc0d3ddd
499e0043 5d012ba0 e40e6ae0
c53a980a 0ef118a5 4a6eee72
02dddb1c d06b8e6a 941a4198
0c6fcb00 3ee20fa4 ba830c00
13269fe8 54260c86 b2269370
4aa4776e d485f23c 1b97f9c8
da3a54dd 76a0dc71 5ccd618d
3e11b5c6 3bb08b22 762ca64c
ed87c2b1 627dd71b e4412fab
b8ba1b87 1422d4bf 259455b9
b1d64e79 acd24e6b 4bbdaa93
f99e9d21 998f2a12 115d7652
7ef63bcb 33276380 412a6680
f0145ccb 58d469c9 7a281e63
177fe8cf 79d56045 d8025fcb
44efe485 ea0832c2 ce9526ca
ce326a5d f62346b4 ad3f3764
a6123c57 8c0cab57 06949e91
bbeb5e55 87ae6bee 06053a06
2e58ce2f 1b167212 7b196d4e
85e9cd53 2e802be0 059099a0
512eef5d 0755e57f 4747f023
0f9a9b41 6fc059af 0a69ba6f
c47a6d39 d00c8c5e 875b46ee
4d69eb48 aabf319b 7fe23c98
1d67fbcb b376525c e09782f4
8d883227 80f13985 91a3bd43
78fd35ce 3c795f78 6406aa90
2395b655 a9f7501a 6f3214a2
ac8b221b 850f1a98 9aa7fe08
c63463b1 f7e33649 beeac379
ee7da23d 16860c2b 1ca31c3f
9cd78522 d1b27d09 13394832
a6345e32 fc97531e 3c2b3fdc
841b9f50 7dcab385 b7deb490
39e1f94e f74fae8a fc55680c
bd5e4647 7e8d6fc2 09050ace
d43375a8 fb43aa51 d361ca28
38c6f0dc c046f464 a76fc5f0
8e7deef5 3234fe68 3a042988
47189130 e17f3691 aa5a5c30
f6f39a09 810add21 aebaa029
65406730 9d7b5bfb 2ee33c10
f4442d13 1f9559ff 8ca380ed
e46a450d a28be422 b3abbfba
a6cbe6e3 91c6215a 13046ece
06703f49 a409f2c0 ed9378c0
01dba07c 29c5beaf a1aabcc4
73057a34 92efe82a 94312c88
82c3149b 5039aa7c e8afe914
c87af7e1 aa4ef107 2f459827
a6a137b8 034c293c 92558720
6bd3efc3 c689fac4 a7c2ff4c
19ce535b b6219db5 38babe57
de96815f cf1d2fc4 85be7dbc
207ccccf 7c53084c 36904574
1b2f7068 4f47726b c1ba4b78
4b598653 3a82dcce 959f6aca
38d3a744 28593652 9fb7ebc8
fd8c8e53 afbe1900 18801b00
1f921c6a 17844c43 d054e7be
c052269d c17ca121 85ebb73d
947b1660 9b8781a4 11c0b580
bf8373fd 51981ca1 bd939e1d
30d138e0 da0d8f94 bb1a0180
f9d33411 c41851b6 55386516
3b8997ff 6fc13f49 fee318b7
f5b29586 38ab5a3a a388fc5c
f63f6bc2 0c9c8f6d 086a3f9a
018710d5 bfc3b453 33df390f
9c66278c fb4e4f8e 978623a8
8c42d62b 0b399ba4 db103c8c
86915b1f a5d9efe7 598229f9
5a345c08 05484f67 7db77f38
605d14e9 e747a05b 79c70ed3
270b14cb 126bf805 76350ff7
268de413 ebd2659e 4f2442ba
cac170b1 416c725f dda3a3af
17d71765 30196164 08bf6874
b4ef1bc0 b7c8c152 2682a380
6376cef3 457d4666 a993e6d2
cbbd3c3b c905c773 1ffaeb81
572e83f0 95c3bef7 d39d6c90
fedaebba 5de42539 e6785e6a
a587f014 77df8e71 e59810d4
6b9dffe7 4b2f474a 960e09c6
117352d9 390b5e28 f2c39fe8
54613504 7fdb28f8 44dffbe0
15ba0887 4b957af4 e0f376ac
d4e97868 c5622db5 b30c6988
e096e643 ba18f360 b96ff220
f6a7eff5 98c3d13e 17322256
f2c30acd 87347932 e6d7010a
13025418 698684ec 9611e620
7b92c562 fb686857 e4e0e44e
1250156c 24d9dedb 75a1fb64
b77b403a 3a42f3b2 449db654
0221e080 c06e3e10 cd7d0800
24b546cc e2a081ab 35431644
7a210ee3 f4af3c84 41b5e10c
1db0a62e b4903218 1ae49050
08a8db54 4601415f e9adb82c
d0d99bfd 30808bc2 db1a94ba
c269f917 989cb060 350138a0
0669d709 7e4fc226 f271bd56
7dbc2f2f 0cddc6b4 e462870c
b6d851e1 ad4af17f 126f6f9f
b0735582 ffe24427 7f0c8ece
c4fc792d f195cee2 f4962fba
da226063 b94bf703 8167a629
a227870c 4e5910e8 076f22e0
83b95e4a c023ef30 25e6c3e0
3d3dd376 7bf85e26 5722b784
06a3cc74 feb1e486 d00854b8
3ba403d1 310ab0fc 9f3d71bc
59a62d77 2dc989c3 d55850a5
073e9ba2 2120e62b cd97b036
f1b4cd09 a3b8e33e f510a32e
730c6c0b 5e011ec4 0037026c
253de213 6eca4826 7bc2e6d2
2ab7146f 753521e4 9aab81dc
515c9e1d 00760dc4 e04e8734
4460eb1c ed0e8b94 ef382030
1abeb6f7 baa9a351 23e62927
9f791c0f 53a0f50b 286e8fa5
441eda07 4e01b078 20620348
b15ed0cf 967170b7 bb80d3f9
2458d854 98f800f0 84aacec0
ee4f3d20 0b035b01 30699d20
b6f9eede 137f5f68 0f4f6c30
67121ea4 56e4a8b6 8d0d6898
77ca4fd6 e66c5e3b d738fa52
a026c736 85fd304f 9faf99aa
f4d6008b f5c64903 572ba4a1
cba11a30 4e4e839d ecd39f70
865fd952 6635530f 9d0d51ce
4a1ae28e c0b76714 0ec2d518
af0223c2 9f6a1fcf 116367de
539c6c4e a8ecfeb6 ac926374
6e8189f5 9e915e46 21d8aefe
246a0ff2 99f52494 dc293fe8
8cc30fee 99145db8 8594e910
3a04b7e0 e698a1f3 771e69a0
5e749a66 88d8cb31 00d06f86
14350b44 25e20cb3 63a6108c
26e045f1 de20f3ec 75443d2c
2e6c4f55 153e9a09 f91debfd
083dbe1b 65272bbd 11a0e2ef
b4d20eba 0a341ed0 ca2dc320
19e9f596 e810e6d9 7355f026
14b39950 c262b2b0 6cb30700
feb81533 746bba97 f64c8f15
8fc6f548 1656713a fb885a50
c00cff6b 2d59fda5 3c005ef7
920cae82 609943fc 21d9cdf8
f5d95c7d 49e7b13e ed61d346
7d3b58b7 6bdc188e c1805d82
9bdb9a02 7ce3b600 a7436c00
2b325269 b37417d9 e5a34a01
ccd585ae ac03e5cf 1a45bdb2
1fc34b05 421d2070 18627230
56ab71fb 856c9f51 64edf56b
ec0d3c49 eb6a443d bc64c165
52c3270e a031628c 315ab7a8
4057f646 040965ed 060e9cce
6b7dc0c7 f1129948 489326f8
38e5223c 491e1ef5 6c54cb6c
7b99a4b3 fd2a4f5d 3d021207
09dd6470 db41127b 9edf21d0
0f517439 dc9eb130 e7cf33b0
8cdc9f69 f0d64374 4376b694
43e9ffd4 c271c0c5 5784de24
0471a3cc dda9b00a 8ab8a5f8
69bb3dc7 9a7b9cbc 23c3a224
ff549757 f685fc92 1d6af39e
397ed0a4 513c00b2 c49d1208
f2c4a5f0 956c693c 3f665440
62ed905e c7e6daf3 fae4153a
b81a3e00 4bc6598c c1e7e800
bc36a17f 654717a5 1cf17fdb
7ac37a59 24ddaeaf eb9e20d7
d4cf25b4 3012f68f 5499078c
dae78769 262473f2 91762c42
2e93c7d4 e4722650 4a3fea40
953d9f12 739c2a2a 9d2d0cf4
f820dbd7 f4d5d1f4 28af0fec
9122e8e5 42a1ce6d 654a6f81
7867c50f d8c20fb0 d9415b50
625eb71d 81f6fb52 f2be164a
6e4cc9b0 15b8412f 25ceb750
732ef141 4bee6830 003da430
34fdc037 12355b2f 974cd719
342387e3 e2ed2a01 3b95c5e3
2f77e2e2 0bc802dd e0d4a11a
5615a289 a6b3dc20 d62d0d20
3a954aa4 7f41c53a 77e71d28
c2f0c422 f29d09d7 9bf3ea8e
4bfa00b0 7bd9512f 324dd050
ac08193d ca36c843 ceb442f7
f0974462 641e8a94 edcc5ca8
e6d37ac3 e702ee13 a8596679
b60ebdca 565197c8 d6606bd0
ec1c0bf2 f851a729 53dac7c2
98b8a099 9d840837 389348df
f9fe2c03 177f48d2 a95df276
2b7bf5cd 9702b59b cf71c41f
e1a3184e 917e7ae9 3b6a4afe
b1183b5f 1acbc7c6 8939c47a
914480be c3453405 2db31bb6
667c8403 309d7015 67cf243f
9526caac acaad538 0d5571a0
ff6f9a25 75fa1675 c662a0e9
be737803 26071273 66641f59
7d9baaa5 5c511ce3 b1e75c4f
f28b148a d796646f 6d2fcfd6
d18061c4 10d93c00 360df000
3505916f 97aa88ea 790fe776
c611bdc1 5b083b40 2432eb40
1a7fdfac 46b091f6 b2d15b48
e8783970 e09aefea 48e41060
2bab1145 a82ca2e4 65250b74
f4225ad6 7bc8ce1a 39c56dbc
6840538a 06c92ccb 8cb7f66e
40370397 2ad7dfc9 21235a8f
2d6fb656 f7172fe3 28427842
c3ef008c 3ccfe55a eeb76d38
183ef661 f45f35b0 964a77b0
1b4f3adc e6378c41 909241dc
e822f90c 48f1bcdf b9a7c174
a1e4fb13 ea26f0e6 c1ed6312
9a18f956 9a6944e5 7ad7e1ee
c942c31b 124ec0a8 7e5e49b8
954c2805 6477f717 72c76b73
5cc1cec0 b705654d a69cefc0
7803b421 708bb3a9 0f4ffcc9
e2ce1e72 41b06916 e8935fcc
0530c171 5ae589ee aeee500e
5a8f7b0f 80e0b6d0 c330a630
bf3d45c8 5837ef6f ddaef9b8
1f36c40f bb4d076e d667a772
8089829d cd2c882d d18b5d99
23d828ef 33ff2e6b 35c50de5
439f0934 6ab7ed93 2c036cdc
bf120079 bafa8a2a 6d5f4dda
af97b02e 98cc9bc3 4cdf0d0a
499ead6a 5e22e650 85776d20
6419d2f2 5edaed01 ca77dcf2
331968be 3b874737 0cb432d2
0e844b2c 8f05e444 b9f327b0
ee6198bd 383bdf8a 1037f8e2
eb6b32c9 5d6270c8 47e99d08
f92217d3 737f7ccb ac401851
3b5f0c42 2d83bf91 6ac12f62
1cb3c362 4a5b6c8f a6ad7bbe
ccf541fa 273c37e8 fc088090
98604fbd 78983d7e e29f4806
c7678839 1ab6677d a7e272d5
6b5f8198 90de5c7f 78c3ea68
f5d165f9 6a633639 706d3a71
93e558e9 a07e963e 96520e6e
c2909f06 9247ed54 4156bbf8
4c7893f0 29d496c3 d9474fd0
38c3cfd9 8fb19c2c 0058f54c
b4682492 e15f2496 3e57f58c
ba1145b3 8071a1ab 6a622191
e923d14d e4ccd7cd 23d245a9
5c28d794 ac65ce9c 83c07630
3f2cda3f a59b58e5 ad49e25b
50dc3e10 26ada197 85c0ab70
2fc29e1b 15b5aecd 8665f59f
31ba44b7 51f7f0be bc3b8fd2
2fcf3da3 5379c5ae f45553ca
e3ea1d87 335edcf5 0d004633
e93c6657 129d015b 0639b7ed
b40f0c82 21e3ff3c 0a426c78
02d1a1d4 e950280f 71d19b6c
f23f9a82 0b9a1f1a d65f6f34
e7be3100 61333cea 2a54ca00
35f602d6 6bf0e1a1 42d5de96
61c690d6 64948e39 3d44f3a6
4e945569 2fc71584 5b1ca724
8a405183 e24866ac 1688f604
7a83254d aa8aa840 eec5db40
acda31f8 4dffc854 8caa2560
a36a38eb 15ad260b 87d25419
fcc5262e 1d7fe53a c6a3cc6c
b7ade00b 5aed1412 c7e99cc6
53234614 ccf39a32 ea07b7e8
9f8480d1 93aad231 c7d21a01
5d1fbd55 472a7ad5 3e9509b9
a99bc97b 96a813d9 9fb9ea43
7b960d81 a5e096fc 897ee0fc
c00dca48 ff902237 98540578
a592f390 c0966171 7a871290
978d82c7 0035300a 873f6bc6
41eec663 9e2fc9f8 df40eae8
4b598c1c 139fd539 61e77e3c
f855ae02 b497b442 4f9e4484
15b0334f df4b41f1 010c5c5f
ffe9a214 f191437a bc167988
3af69a4c beec7f71 0375cf8c
05dce324 7ab20d91 a0ad7b64
1b0d8ea1 6eccfd60 61569960
cc8d20b5 c0bca0a9 0287b77d
41791d45 b0711bc4 4245afd4
ae5215ef 73e0a3a1 73b6f84f
17f1c533 51c445b5 36232c0f
f6fdfe7a 9143066e c908346c
e2f953fe bc3bb54d 70ead966
7f2fa915 62294b04 11a4cb54
c74edc6b 28c01341 7da1e82b
fba76df6 cb4e00fe 43131a14
318c50dd 0f36ab61 81cc42bd
6de7b46f 10efe259 2678b897
1a99104d 8f48a61f 11c2e753
24325b17 c5352468 58073d58
5b3e17bc 189be3b2 7f0c34b8
7f7c630e 3eb0cd70 df5d8c20
c333496d 098ee598 569819b8
cd1c4532 37eea535 c1ef8d5a
a8dc270a d6e57034 e5be4e08
360fe9ec 7ba95f4a 59343238
36e14e03 395a93e9 6ae9b9bb
36c4cbfb 41072556 2674cd52
44b328da b99b5f36 3ff183fc
9028b8b6 597af349 0fad6de6
94f38dd6 e3211a54 a6e84638
5cc0ddae 46bb9467 53dbc902
e8874e7c 3e650414 46b811b0
606fa44e 0d96fb95 d2c71b66
46feb8fd 5cb660bd 5f4b72c9
537616f4 6a36c8a3 45973d5c
95f0a506 0487ef0d 6572fb4e
bd782247 413a9b3b 3286e35d
d489a922 ef4b8e96 2f6ff5ec
94f99cb8 058ab071 711cad38
0d8e3bc9 a8dd362d e721e855
edded10b 79250fef 8adbce45
d541e7ea 99bfdfa0 93cbc840
12358a1e 53e217ce 1ef9d624
1ef05ea1 ef94ef36 f32044f6
a9c983da 9d2dc051 baf837fa
56a672d2 ca1790f7 400ce89e
d49f9b0d 8f8e08f8 3bac9c98
c93b0dc3 702d9b5f 29862c5d
31cb5294 ea39283a b7ebd588
9d5d82e6 94d39f96 24a98cc4
f21ec9e7 8e32f925 81f2dd63
2652f326 34e977e0 1d316b40
40067632 88c0843b 4bef0586
b763edf5 74cbceab 9e8218a7
9ce3d1e2 7c73dda9 ff1ba832
5dec8db7 b25da486 6e1669ca
cc221cc4 733b9941 e50671c4
18220a7c b42dd0da 3d4dad98
d3f468ad 44f2c66d 2f905fa9
f8700f62 ff4e56cf d5a35c3e
80c1eef1 69888b83 f9022053
e7821971 2c0cb1c2 017a68a2
4a9d0c90 dcae52e5 56625cd0
83333873 afa0fd45 e077ddff
6c6a443c 6ff3b907 8b2b39a4
923a3e88 46a8ecce 95c3b170
58fe8a8c b06fb353 281acf64
fdc2319a 2dc29536 3689187c
ddcd7770 3c5fbf36 a803c1a0
0a5f18a7 d181a646 432407aa
f7694926 4a92d3f2 5c7d77ec
787bfc64 c35a4738 a546f1e0
b8287de5 6aa82bf2 53b4797a
5f91f916 78b591fa 6f30b57c
15e07d87 0ce337f2 8be3aa9e
c3cb5002 0efba1e3 088f33c6
82325edb 03f7be29 52c4bb13
44a2af46 07360a6d 76e15cce
20e45465 609676a6 e623477e
ccc035bb 6d8d7bd0 ecfb80f0
37e0d828 85e2e381 23486428
4022daea 412897ba c7031404
ee057b77 c529befb ca115fad
9bd6409c 96cd8054 67873330
dbb0c27e e3ddc293 baa92a5a
fd8fdab1 060f8235 823528a5
00dceaeb 06132d89 3cf606c3
2990dce6 fc71f807 627ada4a
ac452572 262c4240 4088c080
9db88e40 1e23b554 2fe1ed00
0177fe2e 89479908 df6b6f70
fcd0bf45 e3b918ce 69c56186
fc68c80a fc68345f 0f9443b6
1c532190 03ba5af5 67fbbed0
994a89ed fe2b87ff 50ca5e13
a94216d1 dc2f0dc6 10a542a6
ff6a1edf 5f60e380 230f2c80
02ed92cd 4e03dedc b7deee2c
652d9b1c 12efaeac c1353ed0
30b4268c a62481c7 d72682d4
8dd012df c7f55e87 9812d599
96f8b66b b7677481 a80967eb
a1c4c55a 3b4d48ce 9dea1e6c
a529bbab 900184f5 815fc6a7
62e1a680 cdab37a0 ff4d9000
21e5e9d1 baf17880 b04fe080
1e2503d8 876764ba d04d2af0
24d2dbb1 c12cea0a 60785eea
fc371bc6 5e07e189 df50e2f6
ad82c9fc 038eaeeb 2a20b254
57742376 470cac5c d9180668
f0ee3a2d d9c6106d 9cdf9529
135d1828 0daeb758 a774e5c0
8dbdcef0 b682d80b f3a26450
be297ffa 3f0839c0 626ea580
5d93f690 f95d47cf 56564e70
dfecf54a f4d82ee2 c1b3d754
a66b9768 16fb426b aef91878
c11a8cd1 f0f28e9e f610d6fe
21744d14 b35b3760 ea483380
8b15c50b 63c5cb48 43d62418
5ae8b07d 741b2f7b a762bf0f
f8e6e94f 75d9fd30 bed5d1d0
e25791d2 161cf5f7 3003ab9e
dcdf58a8 71fe34f4 0192a020
5ac58584 f1d81cfa 2aded2e8
8e1106df 0cf62cd9 67e72707
88102f19 d271f46d a7d0e1a5
bef36dcd b7cfee98 0460c7b8
cb6ce9a8 d26416c9 2a37e4e8
ba90d097 d2bd5632 f3d6777e
08b2c810 add958df 6e11c5f0
3def0bb6 5c07cb5f 43f8aa8a
e407dc7e 624a11a4 93199eb8
bf78a1c8 4c9ad566 5afbddb0
54a1b18e fed01c64 e5f4e378
187bfc7c 45df6048 bd9182e0
f3af34cd 3df4a73e 7c4484a6
a224265d da73bc8f 8c24b9f3
b2da9938 1ce631ba 92770ab0
6d8c56c1 bd0d99b0 1521fdb0
93eb97ff 54e364ec d7acbb14
5277d36d deafc591 f914a1bd
778d1696 151ba321 ee636b56
fbf35b2e 358e228e 2c9caf84
10fbe5bd 678450ef 136a8b73
0388a3c2 eb0289dd 8a1c307a
d1d35235 7875ba22 d2046d0a
e99e1bb9 221e2891 d8909bc9
09de7095 6eccfb88 1349e628
b2422224 ec34df09 ff608f44
030ba713 78257647 44fd1845
2b3f57df 51e5cd8e dffb50b2
1625a7dc 6834d952 7c094078
d70fe014 cac4db7f 9ce145ec
25f2bcce 283cf23a 7fc182ac
06c0b771 a7c8541f 14cf4aaf
d7ef9842 abb59978 26f8d0f0
ccbd143f 95aef574 27df778c
0f9126fa 317a6159 d65f46ea
3eaf5f82 40643c73 11f25f66
68ce560d 816d70fe 72e810e6
75887ee5 eac5ef47 ff8bfc83
1cd686f9 4deb66ec db1ea38c
4cba67e0 1833fac9 f96c4ee0
bcefc9bc d9e2950c df9fe0d0
e3e3d93c d8834458 a5ba9ca0
9d8e1224 ff4023f7 d58e6cbc
441ce142 92d0db38 44a4bc70
e8776b61 998ed9ea 3ffb5faa
66313c60 0d03f088 07e21300
1fd7c758 61197225 808cffb8
c2257f44 92c5e594 7fd96750
98f713a3 9478e11b bab95531
09cdb07c f1dca7dc 01748e90
586f2961 4fd35ee2 ed4725a2
437a2a95 1f75cc47 91e98b53
cdeec365 eefe90c6 58c9f01e
3ac1290b b1fdf190 0f297130
45dd47a4 aa7e5f20 03f6d080
6547959f 473c7d2e 512f8592
1fbbb371 a33e80a6 d5ccdb46
e6904107 45f8998d 1618ffdb
49d6cf8f bf676cda b40613c6
1bbf743b 6d7ab28b b2e32209
2324e58e 31afe193 b6039e8a
8abcdf9b 1fb50c77 35de350d
ba413af7 5c95b44e b318a342
5e34f6d6 8aace3d3 d04f3462
3e4af4df 87532c3e f58aa202
7344b53b 3d6d589c 1549b7f4
bf54eecf 19998708 b54d9f78
6a9f4121 d4043a09 2cdec429
5f76fad9 df826cc0 3441aec0
c5619c92 1064b186 1760e66c
bb5a1eea 7b1402f9 c72de59a
a96d0d26 d331fe4d ff1ea86e
5291b0be abd0f117 16d9bf12
6b67be1b 302601b5 a0198417
efe8b26a 5b99db15 0e1150b2
ec63f135 59057a9c d0e33e4c
ecadd75b b4898b4a 09e1a94e
5f60f59a f9da7554 8b33f888
c1a453ab f13183ee 1c5149fa
a70c55b3 2a859c95 a265f52f
d3bc396a 452440dd 7cc01082
d518f952 221f26ff 0dd084ae
b6b8d268 d981d5c9 6c95bba8
ee9eaa05 6c69bd1d 038bf391
1e6073da 49bf6463 0633f54e
0215f461 fed0f20d a8f11aed
12410f74 27864658 d34f07e0
533d4d74 157ace69 e5c01c94
44fcf596 e750859c 8e9c9568
463e73fc 4d5c5cf9 3efd601c
683a7c7f 4ce4533f 31ddd041
b1df6b0d 4202875b 3bf8e89f
a081fc42 38f8fe9d 37f1307a
5bb98546 fb001e1f 7b15577a
68525ea7 1ee14de9 7c3760ff
7f8df324 1aca4da4 eb799710
e3e3352b f938a000 75a2e000
03409e2b 1dfe7b1d 37fa93df
ad113226 3dc2c75c 9ef58fa8
3d8bd52d e271c571 98a1b9dd
6afa9262 0a37b10d f4fd30fa
3b160afa 5de6c1a0 3aa95640
9b77220f b02cf65a 4d306346
bc47c128 96cb8d1b fbac6738
4ee1f72c 6d9a4f4c 92d3f510
65f39b33 0315ace9 cb2d856b
08138618 6b21513d 6b2c8bb8
a60ced60 f2322cd5 7e4e00e0
1b6749c2 f8f7548d 164547da
40960c33 4341a749 beb1bf8b
47d1ab77 9f8d63b3 a674e935
d33584ff 5e8e2be0 339d3420
99f9e9bb b2a77b32 a5197f86
b4b76751 0f56fa6f eaa0e61f
0f92a3fb 7e339f2c f60e1424
69ac2db2 d6fe5915 a99ea19a
acbd664d 14182df9 ea6c09e5
08dabff2 cfccc802 9a828fe4
3156e1b4 7c8d056c 0333bbf0
3c45317b 2eb8da7a 4f84529e
e7a0c6be beae2303 cb324e3a
93c4b672 96e693ed 784c5d8a
598be8d1 5089df85 4d570395
5233578a a3127132 bd5f02f4
02c8612e 14232903 0133818a
edceff38 de8da792 ca6315f0
126ec3fa a2c8f9b0 b814e5e0
131bfda1 f3071d8c 6170f10c
7e98585d b148a5d8 28a67f78
8b8c4d8e 4ce27ca2 e3b5dbdc
2a89aa0c de8fc41f f190c774
4eed55cb 92332299 8eae3c53
1ab516d5 224ae297 828a81a3
606e40bc c2659976 59ae32a8
716ba2e5 caf4af5b d9e17267
1f006d78 4cd8ed8d 75d46318
8ac7f615 e306b723 4dbda7df
d53ac433 f530bfe1 d9987dd3
c85f70ae bf4399b6 cdbc19b4
6a37a202 ddf7e52c 0f69a258
6830258a 13d7dca1 ab7033ca
1b58bf62 30b0ff3a 8c1dfa34
68791f79 40a73659 a6ae7711
9bf08137 6a6ed2c3 5dd38ae5
b1f1e29a f1c3f723 4b02910e
be8017e1 2a59d696 ea3d13d6
7fdd3dc3 be7661a3 70273629
5853ea2f e74ab1ca d1b74816
cbe1c1ef 7b4bf4f3 5a27e1dd
f076b26e 32d47fda e6b083ac
70ddf930 daed2ccb 3848d910
42e773dd 01b0ec5d 31d4d349
3929d43c 8e23e6cb 350d3394
24366be8 dca809f6 e656d8f0
c700cae6 ead14fb2 7ef00dec
0735ec03 8c4886d3 2fd31879
2efc7153 4c1021f2 ae6ed376
68e51db4 a2d59053 81c1e15c
3b60fd06 2287ea31 3f01ea26
7dcb516a 35232880 bddf4500
e2a56522 bcd13a98 93dfc030
a9da8aa2 9e9f7dc7 d530ddee
74b06cf1 50d2597e 7267679e
f8308f10 bdc8c088 d9980080
030c323e 0aad6519 7be95e0e
7289ead5 00dfd726 643cbe9e
9784fd66 2e62e4dd 9489990e
a10a9b37 7ccc06f5 b29dd5a3
013ea857 1367c584 0bdabfdc
115b6639 4e476021 3aec8d59
10d5cb6f 0ff42617 a633c0f9
f483974c 3aa3c2ad 82f8d65c
4c6dfca0 bfbeb495 b0648920
52f0ed75 220dc19c c6c6e84c
1e7123d4 fb1efff5 e3cf75e4
14a3c6c0 8d95a9f2 0ec6a180
0f5cfce1 449fb95b 7c8b7cfb
90367072 18ace2fe 61e0351c
49527013 6bb2b7c6 821643b2
a6372e05 2ca38bb5 a42f4089
e80649df fad53581 7501645f
1378e05d 2a122a65 8c09c6b1
63b3ccac dc27cab9 eaa2a04c
49bada5b 1db5adc3 203ad251
0ac87204 71b18154 23fd6d50
4ec012c8 c5f0bfca f51209d0
f245af54 82306985 fadd8aa4
0296b86a 97ff4af7 48509246
befc719d 875b89c5 3edf72d1
e30d7b58 c0c55f30 7e04c880
739fa26a 18eaa191 4773a80a
9989dcd7 badf448d c4e0be6b
2d940627 c8a0775a 25464ab6
651d33f9 fdc105f1 063aca69
b8289072 ea78003e 8342fb9c
914ef48e 1e8edc8b 0accd11a
0e4ab9d9 5066e050 b66df3d0
c792de35 c80ea3e1 7a770b95
da58bd7b 95c0ea32 75c77006
1032d4bb 30ffc84e 9bf3e8fa
b66fc793 60bc5892 284e59d6
aa4cd1f2 1d55e023 9f8e7416
7b58dfc8 ca22c2f0 85775b80
be445ec7 7e1eea43 57d8b415
1ade805e 889dbdd9 b50635ae
fb1e9f87 5c5d6a45 d559e563
26a7bb89 3639b40e b489957e
55c2b488 dae653d3 d232e418
38f26b50 f6910250 58e82900
7879e5a6 7a05adc5 ae3ce6be
d8e49eb8 f239bccb 28d0fbe8
7e957e5e bd820e56 44dd9794
81a0eb5b 900e58a0 647460e0
91b0f383 3b546772 2ac22556
a06e7733 27156ea4 ca2b46ac
ddbef6fd e943073e d637bc46
6416a253 baff5500 82928f00
4e162988 54b8ab9d 2b155068
1783954c 39ecb217 28b141d4
c758dd82 1d8e875e a78ce3bc
d649f4e6 9d2fcafc 50448e68
13d87438 b664eb76 0e54f9d0
db987709 10abafb9 fd902c81
4c6b9c79 5220b542 1a7fe432
221e123c 8e85fb99 a105b9dc
4c28c649 00c4fb21 9b8f2269
758fc075 81ef0239 eebdc40d
7822d3a8 367e685d 67532408
e9a8c2a4 886f0302 52b57148
b55dd8af 795dcfb2 6c092aae
6e8e4df5 8abbf6f7 6e2da563
7d2e53b7 505e63c2 b4ad35ae
1c6ad0ec a5771deb 696c84a4
00a1a0b1 c501c5d9 bf5a6b09
eb95a0e7 ea55ebac 35ef2834
4d50d413 42b6a5cf 488dba5d
2da5e056 dc845697 3a8c36ba
5a06ff2a b4b0c820 ad18b540
a2ae5804 2e96057e c3df65f8
4395f311 ca763caa 7a61654a
d5ae9cac 08ae34a1 b78b782c
673c01d1 23e2e62c d57415ec
c2cf8c38 1d260ec2 23435270
06beed32 55887bbf 60f9fe4e
d810ba59 6f016798 564173d8
98ee3fc6 6f579bdb 9ab77062
b472b697 bd1480c2 d905de6e
88a19b77 1806acb6 84227a9a
726f1914 be19e7e5 e7f67ae4
7ef17729 e32eb8b9 0e8294a1
35cfe087 40d4875b 701800fd
3d9a953f be16b4f6 78e5b68a
d1b370f1 028efab5 07d83465
f86a73ef a6b4fc97 cef5a5f9
9ed5a142 72f625c8 50a08590
b52f2e0d 3dd88b09 f0a1ad75
ec06dde2 31612ced 0520423a
f5d2c007 b0afda39 483bb78f
a787a0c5 4de55b0f 1851728b
f809aeae 1153ed99 64ea7bfe
46fc18e3 80d4fdb1 54e18bf3
a2c30a4d bca85045 2051d6c1
ad8b252d e0a0bcb0 1b169af0
892f6e07 68f06cc5 927a9f63
afc45c51 1b825eaa 3e6d0bca
839e2e1e 60be1495 70ef2f76
f799443c 03ca7cff 6a1007c4
f952a8fd 68d3bce3 d8eca457
8ac6bd06 87cd848f 8648ae5a
e345c3c1 a59f58ff 57a7553f
58a07aa4 f7eeb1f6 5f793d98
d1086896 def49743 6ddbd942
28c291b2 123ddfb0 be183860
7ab98c20 ceb2f0af 0674c9e0
65858b80 df3dfda3 5c655280
986cdc17 6890a3a7 e4163801
34c1795d 40f2b790 f47fbf50
b24abfcd 615056d1 4885745d
b779d27c 5c1e0bb1 51cddbbc
7f676963 151c6f82 2f097146
3971e8d4 4360b9b2 0df51768
c26ec827 1a3db097 803ddf01
d24caca1 d07f27b2 5b7b8ef2
9a54ee40 f251f23c 57605700
ecd57838 b5ffa6b1 83546eb8
15bcece8 b0820bc2 65297fd0
17580e42 87e75d6c 81e1fdd8
64a93b08 c597dcce 68a06070
cd330ad2 55bc1d9b b2595726
503618d4 43c83ef4 6f330210
9c9a4260 bb60a9bb 3e7fdc20
9b1ea5be 27a8f379 1f7fb0ce
4f48cdaf 18ae6282 56a770de
84d87bda 1261ca0d d2524e12
826176cc 3d8b6944 b8613a30
9fa9fc0f c068655d b74a7c73
e8dd45ca d4f73bd4 74395948
7beb7a12 5dedb40f 614acf0e
3d40512f ca09a045 a5ba41ab
74443037 6353ed57 8aa44db1
34a97636 c1963c92 b9fe12cc
80335485 0a2f041a 88f3a982
3a44ab07 e578c294 27962e0c
109c17cc 1feb8fc7 a6e57394
95b5a125 dc5c4360 62951ce0
0a761976 d52e6aed 57146e3e
8e6553f9 7a416300 2bb24b00
84a06b7c ad8a02f0 5413bc40
6b7f5148 fc5f0cb8 4509cbc0
1c84e8e3 7505d720 7ba2c160
ce54a3e4 140a18dc 770237f0
3f138aa3 84070e36 36292862
6615e781 cef9d02d b86b81ad
6aa06562 d478bcd8 6fb982b0
6b07730d f9b15875 aaf10cf1
6e5a6595 4c1f1629 fa4012dd
ca8312b9 bc620d97 2215701f
1f7d4615 f0af0795 592f5d39
5bd6add6 d1dfd358 a67d2390
513647f9 5ad6fea3 451ee18b
b0dbdcad db19d5b5 85f3f751
e61b2fcc b26c676d ebde6ddc
6bc540ed b7b633e4 db1b0a14
702f7a10 df6fc780 dc8f7800
422e2166 b5b07efd 302735ce
79d20bc2 b51cdd33 0c36d1a6
2f0ab9a9 071c9879 87ca18e1
b496833b 5122f3a2 3ea60c56
79c1b4fb 49014c2a c37d352e
dee0ff4b 31c74fdd a55188bf
8e146780 c50bcd26 6068dd00
0543241c 1bb1f308 d0bbb4e0
c5ea3d58 6ab4ef69 6e385118
7b2d7771 fe287d9e 0109e4be
b9603c30 e97dfab7 9201e650
2ea6d8cd 4c97533b 95a96e3f
eda9cc24 ae6a5bea 97ad64e8
7d03cd88 d317a9d6 931497b0
9d5b8f80 51befeed 8724d980
96616fb3 8337ccf8 ebdbd968
b50fce27 3c787d95 e02407b3
98c893de d58dfbf4 6f6d9998
04567156 0aa26939 80278226
9c829173 eefff775 4d8f6e8f
e264704a f27ca7eb af4b59ee
f2f3d3ef f4e73dc0 5907e640
a8969c99 f3e9c97e fd56344e
7279e6b2 5825a794 3bb17ce8
c34595b3 d9e5813d 3c22dea7
c891103d 4f57c90c a447a7dc
009cbeda 032537cc 4d6aebb8
81adff0c d9976100 89b78c00
885df53f c2ed52ad 095fe993
75a3b663 842736e4 235c522c
58c2d220 6a8c9e96 6956dec0
2e162ede 22fe94c3 ea420b1a
c6ecd2fd 3c08dd20 33a6c8a0
4e1621f5 fffd8ffd 22f86a21
0ecff21a ea500086 2cf8b99c
051c089b 14fc61fb 36532af9
b509c187 543e5497 26f372a1
03a2af4a 6b96dc57 ae492a26
be2f04e3 b509bd7b c22df011
a145fc27 a35a6de4 e9672dbc
ba8a4579 f709adcf 7701f1d7
d9bb1a2a d2b61ad0 f6898620
95db7d36 b985413a c193143c
7b8f30a0 8ecd7acb e7d7cee0
62db4db7 b58acffc eb5d7924
5062c8de 4db432ba b5194d4c
4b1af332 8537851d bc2486aa
e79dce5f 42769eda 3f8a5ee6
36b4cf27 fbf74882 bdb529ce
e9f732fd c78d8b4c 6e6b821c
7279bd26 c122c391 57141486
03c24323 ac92fcc4 e8c7dacc
b764827d ed488e22 87e2aa9a
b5a874f9 ec8dbdc7 8d73c28f
fe27fef4 123ac634 7a988190
15299b3d f491737c 0270988c
a306e415 c127d5cc 397639bc
f63b511f b07973fe 9bf269c2
c3d743de 85e63497 8d361ff2
f78a7c33 3e8cb5a2 d556a746
1f54bee9 6563a76d 60ba4835
3758c6f6 40b77e2e 5dbad434
ae309fc3 f0b4b7bc d305b834
1f98b282 3f72a24c 7e2f4298
0459004e 8d3b6daa d03569cc
f1afe8f9 cfe4d3bc 4ef851dc
c13820b3 4b4576ff 973a144d
b73fa550 921349ed b0ffdb10
65369d78 be43ef69 c6d19e38
7d0a2bf2 c366d832 d97cc544
44b001d2 3c6602bd 07a0fc0a
72785845 65bb7eb4 6b770684
2831a3a7 e4c8e7dc ebcc5484
fd27db7d 345167a2 1315301a
bd1d1a5c 63cbc421 23e2d5dc
634fe223 57a9b123 fd611dc9
a6651b28 aeedd129 85650168
2cc57d84 553df6e0 afdeab80
0800fe3e 989a008b 19d60baa
9f0516ea 50aa83dd 39828602
47d3334f bb4dd937 98a0fcf9
4945ed6d d10211ed 525b0ae9
66473919 83da48f0 551e8f70
fed3912a 1c7e8362 daf21014
f7e3d030 904fac4b ee6e3e10
c84d41e5 698864e7 da1be9a3
8ca540d6 7dcda77c 56b501a8
d8ce32f1 3a35f4d5 12031685
4e15edcb d38de353 0cc619d1
eba3650e b6eee04e ab390a44
c3a66576 2d2971d6 fdc7e6a4
49c8c8f7 83315210 c932ad70
c465e846 7f9cfceb ded92042
6fdd9995 121947c0 d55882c0
3e64561d 10286550 59dc5a10
5f3ca14c 9e8741c5 a5b06b7c
64032881 dabba238 508d7e38
1fb964b9 c3dda6e1 f7f67c99
ea8dbf24 ba7215c7 3ae588fc
9a98c226 f9bb18bd 3cbce60e
a9a5d8ba 8240c880 06bdad00
06fdeb9c 10be5aad 9c35106c
1defd9f1 ec5a0b70 3206b470
9c7a6544 7f9c5d53 a3e8890c
9f4d9d3c 713398e4 c56fa970
dbef126d a0ba2687 fb00e57b
4f7f8db7 901de278 dca0fbc8
3769fec7 63e65cb8 c788a308
5b3adfb5 210bc73e cdeee0d6
fa974dd0 2f57dd9e e93e9660
ec91a10d 7bdbe8bf 7fb9f0b3
0c02198d 57841a33 b2b76917
b1758491 482026f6 52bae956
8f82e2aa e6b913b3 98311ade
fe3b9157 c3bca02a f1803846
9699e17d 7f32d29a e0f42f32
8775496f 045be1fe 525e6b22
b32a4d24 cf4bb5c7 e3f86afc
705403e8 0c1da185 8362ef88
80d4109a 0d4ad36b 40d5de5e
e112452b 678f193c 790e6914
59c06ea3 7190c2d9 16a54e2b
590201be f8834ec6 684f3cf4
4012218d ad8afa58 1a013a78
662ce612 cf013013 748a7356
e10e304b e1a5b772 682e1e66
1bb56167 694cc055 65da9733
74485d69 d630e319 cf953a41
90e23790 4845bca9 3ff46e10
2312d8fa fd62274f d3930b26
5dafead8 0aef613b ef2ef7c8
a90c94f8 fd7a44a7 b4f70dc8
6732367d 40d88a05 4ed27271
fae11c72 38180f86 1d2f91ac
e8908bcf 6ea3f36f 022f1bc1
d3ec740e a50b03b5 9e2437e6
3979f3c3 ac2b7f96 23239142
210ef9a9 90421231 cefdab59
2c9d2d5b b4e432db 3e5d92d9
d6a9b52b 7be085f7 777d237d
064b71bf d40fc256 1fbbf42a
a5fc5474 2c393d7c 442c8c30
e743758c d77219b0 81337c40
9e9ce7a3 e2082dad e7d83027
246e7c9c 80da12a2 ef85d2b8
c9589e90 aa11c5ad 6a77f750
d850e437 746d8c67 5cc4e621
6e4b9c3d e670f379 0fbabfd5
9501fc84 556479ef 84c5233c
bbb62a50 2a648bf2 026d6fa0
1485329c d29f868b 43b422b4
39a316ee eb8415b7 e12eea22
65ac8342 b6f3ea78 dc7ddaf0
8091eade 0d8cd072 8736f6dc
7f045c67 5314c932 d872eb1e
fa34b8da a675f498 a71f8970
5a93ec11 32e3aa0c 1ec55acc
9642a930 c5cfd75f 7ca418d0
9000aceb 921fe13e 6e996bea
4146f6c4 d67a6f77 8e63b11c
49997242 7cffc423 53332706
2217078d 921bb161 0cd1596d
b18c7605 b2b16891 b3f5e0d5
ad978408 99a8b5c9 d9905248
1a55e93b 2b8b8b87 14fa071d
e1d988bc d70c9a84 9d3b98f0
88ec5c17 a894453b 98976c4d
ad5168be 50564c4e 89ba51e4
5b571cf5 fc5206ab 805815a7
b7306ba4 086f34ef a82dce1c
c1ba4733 8541049b c7d8e7e1
25f0aa4b ded65145 c471a137
e1877a5a 9379ecfa a5a273e4
e7b43c7e b3e0d82f a5616b22
d071ceed 1f47541f ac68d2b3
a4dab0b1 f314af1b b2ada1ab
5470bb0d ce6a63f3 a8b99457
0d85ac78 da8a3cb5 0c9f10d8
1619853e caebc37b 4aab3eca
d95d6f8f 852fb2de 3cd92c02
93413ec7 1ec637f1 84d2da57
e7d9c99f 039b12a6 97aaeb1a
fad21e54 91afb8bc 8786a5b0
05041977 adf8832c 0c044574
12f5437d 48b0a016 7931ecbe
00fb82dc 2d16be58 ec7c43a0
075ae819 b7e3ac57 4100ac7f
638aac2c ed90fb7b 5f2fdd24
d1a8c5a7 6adc30fe ac076bb2
c2e9ef01 442bd3fd da5a06fd
9c40b9be ec2df5dc 07c87548
b52c104f 77786f9d 95204173
e183acb2 852a10c1 0e445232
dcda4ae8 5928e5e1 bd1d5de8
194b4d76 8230f34c 6f020108
a43eb3de 233096bb cad1772a
4fad9917 4076fa16 b1059dfa
465d1d48 939b9d2e d2486af0
5df5bb0e 537b8b15 8b72f226
1f8c247d bd1b45e0 82a49e60
c1af6bbc fd4709a4 ec4ea070
19e48132 7db886b4 163b0328
0998cb6f da2fb86d c7a76643
36840763 6fd59308 96bd1418
8da9a9e9 a558cf95 393b4b9d
8ab4d6a1 a0aac56a bef4c3aa
7441b92a c946d319 2184b31a
a4fcd26e c5e2000f 15ec5472
4ef71cb5 03b1bf88 49d74b28
e17bf1c4 24be4199 3aee4224
95b7f5bb fae937d5 5d0da197
e10a5b78 10f3556f 56c48108
94912b2a fa7b1536 00578cdc
d5ef2a20 db0aba53 2665e860
abe09600 5d6ef3a8 6dc47000
f86922f9 e970a931 e22612a9
50f1d096 32d8c810 44a23960
02b426e2 f3dfb8b3 c4c7a006
115d8bda 2adf355f 669107e6
85bf9425 bd8fa770 8f1ff330
0d5b72f2 2c352c1c 91dc2a78
c87a8853 160dd430 1e154b90
f2057721 f0565d03 c76d6263
ebe4ee83 432412bf ebff29bd
06637fc3 f444cec0 a73abc40
30ed306f 2ad393ef 01bcf4a1
7e12ed9e 35d2958d 1655d606
29c2dfff 18b0789f 3058a761
21847628 58d70e28 76c0a640
83db7a83 6bd0acc3 31ee55c9
01b571c9 477dd676 c4e578a6
1f2f76b9 1263680b 8ad041f3
9514f8a2 a50c4852 b83d33e4
509fd0d0 5de16712 0f105ea0
fbd1fd61 b9e7ffc5 af829aa5
dfcb649d bc432ea0 0c4a1820
7ee5b3ae 24558996 688565f4
97f1a87f 30dbad1c e1f140e4
2d9dcfca 717d6d3b 5479e58e
90589a74 b0d9ecb2 b85254a8
4c6364dc b7ca1633 9c0fffd4
b31edc4f e852224e d5f79e12
39361446 5244148c 51c08e48
fcfb58d6 687c8c1d 14b6183e
60e533ea 0a9c6b2c 3aafba38
fad9bac6 68cd6d59 eac63cd6
ea7d1917 af633d0d 2439c12b
0422a52e f6e1ddfd 6043f476
e6550bd9 fdbf26ed 28652de5
cd145fc5 a1676323 581546ef
f5f0dae5 409d83a2 60deb3ea
8d91e730 46576439 351b39b0
1968f054 b6576361 9a3f8bd4
5841a7c2 9fe99fba 147760f4
63f625a7 264ae2c4 81f841dc
240a2c92 c4e77f7e c8dc5ddc
dc2e4190 4700684c 185df6c0
e4fc2595 041d63c6 336eb03e
1201841b eef38c10 73f805b0
c53eb399 91740e76 630d2686
0c1c1224 bcd19515 944070f4
4f5e0d3a bac32644 42201f68
995e639e 7ebb6715 173cbdf6
9ff96fdd 4beca630 9c0a4770
59779ea7 df7b1337 ccb67ae1
ce173ad1 bbc5f6c0 d1c5f2c0
0c0be71d 61ce4554 1f88a684
7fa63d93 fab4ae4f 3b82ea5d
84cef0f1 f81b3c46 b2795de6
a54f2b5a e3db82da dd6c9ea4
c2ea83d1 c577ccd7 af264087
507ae82f 026348b5 a060613b
1da4a3fe 1f54010a 5e6a65ec
025ce446 dd95e2c2 16a8c90c
67b379fa 18039099 ccce866a
219df6dc ebe299d1 bcb8059c
42506dd3 64b57125 2849027f
63079de1 e6c1b53d 2811b39d
484ba806 787d4660 a73ea640
b1112fc3 d9f0cf67 3558e475
e87b6f14 8f89a137 3114714c
ca7188cd 28ed6b78 072ecf18
3a468dbd 69603dcb b1986ddf
44127c93 80ebb5d9 a0b0879b
e09882d9 c9a51b2a a5af5a9a
bd921067 0bff8772 354a9ede
aa343a0a e7d56375 4ca26492
c606aa1e 8eadf49d 6680ec66
19f49b41 eb73195f ee21f61f
67a70d3f a20fb1d9 0173c967
720b94c7 7babe0c6 551031ea
b9571855 d0eb66a6 4832a51e
a580df5a f184308c 90c30538
0d53d692 ebf45593 068aafd6
a05717d4 c0092508 6f9e62a0
eca05921 7f9adf0d aea245ad
7ffe8676 eb0c2594 681cca38
89585774 eaeb0902 7d3fc2e8
bc4ae647 8f14cf1d 8b3b7f0b
c7c27eb6 50fcd6bb 1c26b2f2
d654d47a 34b0f687 66c94856
d66015ad 0580354b ea232aaf
739f74ab 82993595 df294e87
82ed295b 4c0aeca9 b23e3113
416a1b43 40f2fd5d 25d31e57
36d88faa 4e05674b cd917cce
0524aa95 2d73e711 3f4ac6e5
febcbd8f 20656af9 957c9617
e34fb323 5ef316c8 53e1f558
fefe2cfa 7f503d26 7e923f1c
d83ff340 dc19795d 8a749e40
bac85b97 ca4bdf57 fd1ca951
6d9fe924 c59075a1 df5f13a4
72a81336 6f45f4ba 17fb6d3c
8f96344f 76d71d38 c5216448
887e65f9 3d3213c0 fffff5c0
9c6acb00 c4a24353 1fc0d100
4197504e a13d74c7 bd98c4a2
aaf9fe06 c303d223 fea0a6d2
b3e49702 0376aa76 5890eeec
e1820783 320c2f8f c7273f2d
eeeb2ec7 f1d0f701 31bd2fc7
2b0f6dd3 0b99fbce 7b3340ca
1020e931 921a5e77 35e663c7
53dfece9 ea9c55b0 5b983d30
d98ecd79 217c32f3 864aabdb
186e7872 a60a6e45 adfb72ba
c63e6644 80d6347f 82928bbc
a0b52012 971c1ad2 59ce22c4
797ebaf0 9112e80f 0cb67410
a6a849cd f696a14a 3f2d4242
a1f5af95 fa1981a2 f280314a
6fc634a3 e5b7da07 46c33e75
b1c7ed17 3d12ddf7 46309c31
edc887a1 bb756086 41685e46
861a6dbb 5e50034c 1391c484
111a3abb 3a27baf6 ce5d4db2
7911e51e edb5d241 2fb3c89e
e058e44c 4a50b8b3 11fe4124
41068ea1 66939d63 3774e543
e766c0e2 fbe95e30 41c92660
e20a9487 b1c6e179 5af4dacf
5433b702 889bcb77 045ea7ee
2300edc9 fb25ba07 12d78a7f
0f09a5fa 7ba06aa2 5d148c34
0e6a62c1 5674ada7 e196d8e7
096a7ac2 eb268fd0 6fe21ba0
40be6327 18d1f7ca 62bbddc6
c9c37249 21c0644e f1f1563e
b2dbb796 bee79b53 01be57a2
817a91c8 72b9b3df e73bd538
7d3d0535 aeb15b65 b991e4e9
b157613e 8591cd6d c5310d66
d815dcff 8f1ce823 f8284edd
5846eebd 4c034469 f4b91f85
0222e86e e8dbeafd 8b0e40b6
bbd3af6f f596d027 a1d3e9e9
fdcbec5b 197af53e 26f4550a
0fa3ac4b 5b8cd006 3bd6f9c2
ab9afe26 cff084f8 26d1ccd0
905db43d 0efcd690 4b6c6050
70f3fda7 7075928d 5a5ef2fb
38ba3a00 0c9ecfc7 79a91600
2539848d fac632b3 7a293897
3c824f54 4aa46bbd 3d2cad04
d3976e72 2449b7ab 1c9c4426
4619c7e6 1fa244c1 0c14cc66
8528ff6f 3cfa610e 476d0712
eb486206 683e58de 17eb1134
9d6e6ba5 d10d938d 4a0208e1
ad0a21b9 f38554e3 e3299b0b
d3612b59 668c88a6 dab563b6
f962aee7 3fa8a0ac dc35e334
eded8691 22e2a735 42f77305
481a7ce6 e6bb24f1 7a81ec86
f073d369 18e94216 c9063d06
f18ddaaa 1a7d553c bfdbb1d8
693fefe6 a4ceb4f7 e4722eea
8a1768b2 bad83324 bf562f08
044617d4 05b25f60 52889b80
9dec5329 e700f8ab 6c6b4463
c8d5ce62 877410a9 24735eb2
fa04865a 7b90ff09 1c9c5f2a
4e7dbb97 5227eebe 17b89c12
57c76bc5 f3543ffe 87066876
7bb31b53 57e19a6b ab3f59b1
b567d12f ddeac79a 9c055f46
a5493ed1 4132300b 2bbee2fb
6bac80f2 d655a87d e433c62a
692d0175 a2b0f33d d28b67e1
b1595e48 7a42beac 1a94c860
32519622 9cd1d5f4 216f6268
96daff3b be849eb8 fb59dc68
4ed8b13b 93e0c1b6 604b7af2
05bfb639 45588c81 bdd9feb9
fc6f2126 0faad36b 58012ce2
bce9d885 d1519db8 48f23098
478b6f4a 46bf476f f588c716
d4a734e4 de0d3a61 dceab264
394cb7bb a4da025f 1e25a465
11880c73 9e346a61 7b105593
af45c75d 5cdae505 08e515d1
37c8b63f d6584d42 1037ef3e
5c2dd776 07c9c591 e26ad7d6
3e5cc13d ed4e01ab 5e4c50bf
e3b69a52 36066330 39d6a560
8cc44bf1 3b8580a6 6c76be46
b726e895 2cf6ec7c b070042c
41163fcd 6da66842 7995bada
778ec6ca f9f924f4 dc83e088
787cbd6c 308bfe09 19f7d0cc
c6da85a7 adcc0f8f 3df97149
01029c90 b2496b4c 2946aac0
5841db55 77f6e69e ea61bc76
eecb14e3 ef1efb16 02885c82
83fccdc7 7b72b227 2235b751
53073eef a6e79792 63e9dd4e
f662186e fd7fe372 87ea6afc
e80edcd4 46410f42 bc995aa8
f6765b37 165fb636 b539579a
39de8dcd 8aedb128 b399e508
b926974c 953d4beb 8ddc26c4
e6bef3bf 10c3ce3a 89e3eb46
2aec5b20 ff09caa2 bd98ea40
15ebb997 c4f9743e 3f0e5e92
f50060cb 7c9bfb00 4dd00900
f94723b6 74b8e41f ae3b6b0a
91b42d64 eed5618f 650c3edc
e57af1a7 ca95e97d 5f2bfd8b
4a22e84e 8b679c7d 49fcf616
67634f2b 33038835 a81f3be7
223c105b 2ebb9861 eef13a7b
28217d44 8a72b1ce e2d6d0b8
833e3d33 c869aecf 5ed7263d
b4335aba 714251a9 b38fbeca
12e1ebd0 8d90aab1 49cc2ad0
9275089c 59ba2a1a 90a477d8
05b6d8d1 ccf2cd2e f40c528e
1e490406 a8e6cdde 48ee4b34
8e797738 f5af22d6 52a718d0
f5a954b8 444a2346 b0125250
152fed83 18236967 ef9c4ab5
a9c3c4a5 4e2131f3 3cbc3d9f
5f19ba31 d200da36 29fb0056
7d1b3739 1dfd2172 4091f062
6eba1103 6ace35d4 2605b57c
adaaf8ea 39932771 bcc1854a
c2e7bff8 8f632485 9e4d9bd8
d45a214a cec2aab1 7280282a
4ee13430 0159b095 11a45ff0
36b81be9 80451b4b 78aec043
18a91608 6cf45631 e563e788
2d6dfadf 402d05e7 fd56ba39
b4c32e4e 9a586c83 ae3999ea
82d34f48 fe75f29a 1ff7c150
d9044d57 016a0c1e ff272432
824bf589 fe686839 8c515381
d0072f1b 6349ff3b f946c039
43242474 a2191683 6df49f5c
7e57db9d ace1ce42 c65bf47a
236c7350 49c06e66 02c251e0
b393e56f b9a4b8ce 00066752
86269da1 b9f1189f ae53feff
d7fd1677 b49ef9e5 e9b0d773
154938c1 7133dfcb 28f3200b
21cca03b 532bc4bb 660f3719
b8d3244f 94e56c61 41fd15ef
c092a14b 000fddfc 98f984d4
19efaf48 70064ffe 4e972170
f812c190 570e1da4 91d15040
5a0d555d fc6a4f70 67af0bb0
28fdcc6b b7763b6c 7f80e624
424c7ef8 a18cee6e 02891e90
fc341b3a e85f4bc7 fb012816
383e8137 c58b7e0f 8b1fa439
4ee99c3b 744c6223 5542f211
4f75b386 50857107 45140eaa
373327ad 33e77a9b 10fc77bf
db26e89b fe57bc77 4894f40d
7f3b6cd3 7938453e 5de13a1a
0b6c10ed c1a0d579 91493105
b978e614 8287e3d2 d5bc7868
356158e5 73eb6c5f 59d798fb
2bcaa244 f79a6f89 84b45264
fb02bbd0 d3df6d7f ba82bc30
15be2e88 c6444016 f619ffb0
8aea559b 9e439779 f2d1e343
99a260c3 0383c801 4203b8c3
8a062faa 19875ad8 5e9ffb70
f07358fb d70aea1e e3a7db6a
f107120b 8020d804 7cb5902c
91d4353b 287f3daa 07df682e
18a4c6d2 b082fa91 3621b0f2
08f7c511 a63d75ad 478df17d
cf8ffc6a f68f1526 7a4a29bc
80e651e4 8a5e49ac 41d10930
54aca15b c2d0614d f100035f
52860411 a6b172bf 158d9aaf
b1f37309 e538825f e0ba4257
4cdb0c23 7caacafa e8bb782e
c509318f b06b9884 14ef75bc
69fac682 9b400f57 0c5b142e
128bbea8 a12fb9be 6956e8b0
5d4cc523 27db5048 352361d8
c537c974 10440081 23ec8374
db15f510 fbe408e6 77a2ac60
af035670 3cde21db 5b1f61d0
4d0f84f6 39764175 383e3a6e
121e19dc 1626881b a5919a34
76fd61da b8fae631 ab4d96ba
102e32c2 8aaffd05 3faeb7ca
51d1de67 601034ab cecc7acd
d99468f4 8dcea9fe b2e13618
a4583a12 6766150c 521232d8
aff098e3 6c75c270 f0dde950
66373280 d8c19d35 15e5f480
ac33e530 87469aaa 8d7511e0
dab10126 238fcd9d b2b3224e
d7c2fae5 69796440 9dfd2d40
222a0340 5e35b8c9 31928d40
65e9c4c6 89cab22a 7d67f47c
384ee089 f897190f 295b8907
92167f90 bcdf8903 9ef78eb0
1944c0b2 cce0c385 f33fb27a
9f9bfd50 6d64816c f3b42dc0
af58986b a87301f9 95d5ab13
75b5e143 ab177131 ce43b0d3
fe7ff40a 15fbe0fa 964b11c4
2233838e b860348e d48bd0c4
e3a39278 7ca2b380 01232400
aeada73d d05d9bc4 325ef9b4
234e3437 900a1307 bf298281
45d02d27 3c67d09c fe3c33c4
fc0528b9 a6fe67d5 213b50ed
278c3a32 383f14fe 73fba59c
bde25d67 9bd6b241 0c855527
a1621ab3 6095c294 4f22157c
6c018344 331ecda7 9912155c
50960119 a8af89ee 5a22663e
412a12bc 3e871d22 d4d9c8f8
f3dbb9c0 e74175ea bc7c8980
41483cb3 b61ee1e5 41f19f1f
23acadee 706902e5 b97171e6
1da00b45 bb259a40 b6c35340
a2162df1 c1aed704 13bc1ec4
ff8cd9d0 9d4321df 55358c30
a0043e8d 0712cc4f 0411a983
36f47db0 eba16bdc 06549340
d8b76e1c 385b677f 9440e3e4
d28af02b c4a2f63f 3a306c95
388a06ad def8a9b3 2482dff7
02973ff5 8ed9eac0 4e92e9c0
92a98eed 65e1c0d3 2c3f8d57
1d480042 6ee85fad 1990aa9a
3f7d18c5 1af22580 3f5adb80
47e2e05f bfd70009 d7c2e357
1e828497 c2c69637 0284f671
fea9e760 a615f03e 30f00940
f8765373 e24269ae 724ce32a
159feb62 7616936a 2eccbc94
f7bef8bb 6c478210 561b81b0
760ee3e3 eb29cc53 04c7c699
5f8d0660 5614c527 d3e3d8a0
5ad375a1 8de29af1 3af69691
795e6a3e 14d5b97e 34d51884
f22abda6 e95081fd 37ae130e
f6ff0878 20eda8c4 4fe93be0
ce7f3a20 e63869ff 569205e0
b3d6bc34 9697ad2f 9c47b18c
0454ac71 5c070697 dd135ca7
e488dc57 55daafce f9d6c702
ca3e3dfa d8e5b79c 1cdd7a58
1bd418e9 1253d6aa 3d3650ba
82a0a9e1 efece79d c03e35fd
80fc39fd 83b2b0ff ac05b303
228d01e8 d9dca7eb ff0f17f8
e97b53c0 e4e61e52 7bd15380
95c5e4a2 74362218 f516f330
598047fd 5ad3b341 b36f2e3d
4db666a4 477c03c5 2400e834
6268c0e2 04ad3100 eda54200
ab412339 0b6a8a9c 814830bc
93e83c09 271e7142 0c6d7352
2e2b5bf2 0b9a16b3 b7cc1636
833a9342 825055a1 835b8682
fced8a99 ab48f132 33e71ae2
f8013701 9f33252f 495f3e2f
a61e6183 40c20522 4d368266
105c2a37 d8ca3323 5068ba85
c72f89fd 74f7656c 909a07bc
5f6b364a dbd2dc96 e22d675c
8dee981d 7454fc0b 0481153f
e1966fad 35aa4256 8b361e1e
4e068890 1e79c877 cbc9faf0
e5e35e29 ce195d8e 4d541fbe
16ad81a0 2ff5cbb6 234407c0
7763891c 5ad1c143 1146fe54
6e731f3c fd79b3cd 0062f70c
cc8032a1 79ede8da 4b1a051a
3467da85 b13758f2 24dd49ba
398dbac2 491b3e4f 1a6d9dde
83fda57a 38b0f665 43f58522
c47e4ef9 09c728df 0aecb2e7
ecda68a4 3cbb56f9 9f62df84
19563426 29b48040 30580980
bade7735 6a2515d2 b6ee227a
71c600c5 d938356f 7b1b1e6b
9420019f d1f2f771 9aff202f
695e48b9 d485e3a4 16ffa184
d297aa42 99b156bf 3bfc333e
825c3302 5cbc71bc 9bb15778
59c60d20 5217b78e cd1d27c0
29a55124 3ffe2db0 0ea31cc0
09ad3027 95c255d2 a19c72fe
2be48d77 7a29ebcf a9b9a039
6d08d099 78371082 74627db2
186b4c56 ed9a7851 8f777736
b82e2819 34bad5f9 c26bcd51
7cc9098d 616b929f 933e5893
bcfe9050 0aad13aa 0bd1c520
51b53272 8fe9ccad 3367ef0a
82a24279 3a7755e8 935d6aa8
e4642766 81980fd1 1ea32446
ee44543c 099e2806 5bcb5968
a45ec59b 9cba8ff3 fcf52721
ca474402 d030dc81 8cbafd02
8c9bfde4 598e5f14 f7df71d0
ef441842 ed33fade ebe37d3c
23770104 2eab7d3b ad982fec
497d371e a8432270 e4f41920
e4176bcf 240d3fb4 b982be8c
6dfe8394 68764770 7c0f9cc0
5a763805 68cae606 910bce1e
356d6fac 89f20848 0edcc860
8cabd2af 8c70d75a a2e90a86
0ebbd0f5 340eaf99 637d5d6d
35d6f90a 34e2279f 13493336
a9fa3bdc 2eb90325 49da3acc
5490fd32 20bfc0b7 59d87ebe
0847e618 a4b07cdd 8a0542b8
4e8e329d b496686e 91a78776
4590a205 9fb17054 3acc59a4
64778175 59410734 38857ec4
5012fb77 2f88c45d 0fa4763b
547e13f9 eacb6a2c 2a6388cc
48574089 b4725be6 1356ae16
940cbc22 ed872787 b34e63ee
c4ea413c 4539f5e8 57158a60
994e0e14 4f831d9b 0a16ca1c
e8a8c641 1f304f8a 8b58ee0a
e0594b3d 5418fa32 16a243ea
189614e6 f25cecbf a1e59f9a
063322ac 3b947b51 37469c6c
47d625f2 d42360b9 d0122be2
16aac978 d777deb1 35935bf8
e942d09c 6f0c61da 5f40c0d8
1ee133e2 7b595696 5ef4526c
4b79f6ca c29af8d7 1405f3a6
a61e256d 23439767 50bb59db
66669a69 41618a88 e087a1c8
1badf0ff 583be393 54587f6d
3402bec1 b6df48cd cbf8088d
6639db1f 5bcd968e 174eb532
54ca7a01 b1742fee fa179bee
0012484d 2bd3fc59 8bfdeec5
e15cedd3 5d963d3d d871f247
c4ffee29 df9a7d05 cbf3abcd
79ca7789 fbcf78ad 30a1ff95
ea5ceac3 dea747da 9770ff0e
ab45f1d4 5c06de6e 1abbc118
6619c532 dd7360bf 96a2e04e
815b3626 58af6e99 94c1b0b6
475543bc 6ca59468 3df83460
72ada445 642acfc9 597bc52d
6282dfd1 254fb45b 5063834b
4688e1ba 5d593bef 717a9aa6
b1c65010 09701c8b ce6f38b0
53c87e67 04628641 37800227
d61b1550 a395ef9b 42db9770
f8b3be9d 22e3f15c 76414d6c
d94ea384 a1b8ef67 642c061c
467836c1 812a7c7f 6cd2a5bf
8d90ca26 0ace6057 8e96f2ea
b4efc026 65636cfb d8d36d42
13fa6d2c a5055508 43ef0560
a11fbf64 7e7b0ef2 39866488
4bd93ba7 a5a9ff90 10dbe6f0
1c16a53c 7a22e46e c6dc6fc8
876b8591 7c82a4ff d54cef6f
ddbf4c58 78b7ff68 75aaabc0
646b8171 a2d0260c 5810d74c
5ee3d3e2 2abda0d2 bd2b0f64
28a462e0 d32c5fa0 05eeec00
cd5cb1be 70b359b0 d15f40a0
5a740f00 535dc93a 11126600
b89e76ba f29c964e 473128ac
e8e42be9 221f97e0 a0c3dae0
47248695 1f7657ea 84cda732
7a2d2bce b4b686c7 9a7ee122
7197332f 0ae962f7 e6416059
279c68b9 89587f04 36fd69e4
0e1bea55 393249aa 05f5d972
c2d9bdf0 63cf9557 589c3c90
6897ab14 809d6db1 cff8ccd4
9633266b 1b1438ec f0ead2a4
26421ee0 40a4c9ca e1ea3cc0
78494a05 5f39fbc8 2af1bae8
5d34b0a4 785d1a10 38cfb240
fe3d2938 fbc22daf b07e0548
3f958187 61995d04 df13111c
09a52bef af50dec9 ea78c0a7
e5190d68 8552009d d3ad38c8
9ddc8e20 0459d485 926856a0
13b6258b 066ab99d 8564793f
cb87c2cb 8d59aee4 12e276cc
77343f75 348de859 821d17ad
0041de8b 45c41e7c b1681554
1199b3e0 f581de3a 4aaf00c0
b80d52cd 9bf848d2 0fcf942a
5df61bc6 6cff704f dd53321a
edb4bc50 d8451752 a25f81a0
17e3be79 66146612 835b9a82
adbff976 2f4eeb7c 0ef02728
8d627cf5 df435e2d 2350ed11
bcfd9fc3 e252616e a0f988ca
b7995ed5 55c1789c fd7ea1cc
05ed571c 63651009 3cd5cffc
2cb53132 3733c39c cdd91078
0e3fd456 76ccb913 07b6e862
3fbc137f e9b91689 f31a58f7
795b33c1 19f51bba 2b6df53a
ee8aa7ac 86f21a5e 34890928
39cedcf6 cedeb11a 771c86fc
48109d57 cccba16c f1f317b4
077a0b0c 9f3ffc5a efbbb238
77c3e435 6c12c24d e095cdf1
bf6337a6 8821f6e9 e52d2a16
ef22ea3a 341e36b8 794c95b0
dfc08ff5 e38f2ab4 93de6a44
24044011 60b0bed2 1eb92bf2
d5c2e5eb 099e6d17 5a71b71d
1e84e528 30a56700 aafb1800
6bafb340 465c0dbc ec21e300
02d790f2 871699a9 c8bb51c2
a747d706 15deee62 c89be44c
034d8694 1015298f 8cffe0ac
28d58cbd 5a27dbca cab1bc22
cea2dd7f 67148b49 c1a11e37
dfbd15da 6be7c87c ee5ee598
5b89cff1 1ac71604 645cf5c4
2dd7dea8 7caf8d5a 985ecf10
5b560989 0b222ab7 8f434aef
ae803a5b 815a003b 968b72f9
1a629d1e 89f0e168 be473230
a84d17ec 67ccf4e0 c251de80
7bfe139c 582d279c 563cb710
0da6a04b 09733470 76265cd0
90a350ad 58b4cc42 a008a89a
9d9d8633 6f012bf5 f07effcf
c856b201 df3b6488 30d1f488
43cbf59d 8aa2a16a 67457002
fb4ac79c f4d4fad8 0b36c3a0
3ae7c9ef e2bc4455 6a1d885b
48593dd6 4fe6f910 eafd0360
b0a0e5a3 85ad3ade 7db5115a
40e01513 cd620fcf deb3275d
5a5a3128 69948320 458d9d00
4b1d5054 b46b6f85 5f2b27a4
64ac441f de10c10c bb5e9074
d12f30af e5561a11 94de019f
a34eded1 4a75c1c4 bde32904
cf0180c5 0ed2725b a87a8007
0efca783 e1eacac6 3454ed52
48f2ca7f 6b836fa9 2211bed7
7e3cbcea f5c47f74 ea65b008
5bc7fc23 87f33964 2b7b48ac
078d219d 17062ed6 90b24f3e
7ad21c36 7a323a71 0faeafd6
4ab714ac 167b3424 6895d830
0ed14f9a 8861901e 72a7f40c
896c1c87 a8445920 ef4a7fe0
58936d89 11a8d518 f2dd41d8
ddd5b2fa 0c91fb42 cf2d4274
7a86059f b8ea2832 4a63f10e
650bd9ae 4c8befc0 b296b480
9b249293 c673bd20 eed1d960
b2e37d0f 36db32d8 843372a8
f61a98dd d34c174f de8d0733
72545a8e 1a8b5bca c9d9ee0c
7fe545b8 fa34ec0c 3464e4a0
598bb1c4 6d477843 ac3f664c
bf770c75 3c77fe19 075f4d6d
83f62402 ee7dcf8b 1ebd2b16
a0d399e0 4e54b495 20da0f60
fc6b9c48 26dd827a 8acd0a50
9bb1bf67 52b5fb67 3d00ff71
e81c416e 744c6974 084bc3d8
83aff902 bc0f1501 023b2302
513b7d7a ee36873b fb9d411e
cab70ab8 ad006c44 692478e0
1443a4bf 4849ced1 ac4231ef
7f28ffc2 40b5e68a b60c2a94
5c36049d 958bd23b 727ada2f
3bbaec78 646dfdcd 1f79f418
b80d47a3 06b6ba28 28019f78
9166fdfc 166e1f9f 92014384
885f0937 070d3bcd 14050e0b
e4c5f0b9 b10673e4 38c37fc4
379e71ff 38fea7b3 23290e4d
50827780 a5053f22 a23c5f00
3fb5a942 2841a2cf c2c1a05e
f138a7d8 c7809583 3dae9b88
675e4df2 2372a1a1 1d183732
6e222ec6 d8a45fbb 292ba4a2
a44ae1fa 97166c67 92f26396
20af5bdb 3fec52e1 786fe17b
e8d991da 2a000f1b 127e27fe
613a6b17 6e1ccab8 93011e88
7a5fdb81 b540bcba 641837ba
3b8db894 9a9008de edeab058
a6fce7f0 1adef365 741051b0
9c5cb39e a28a3531 ee1a173e
9d5eb25f ea8ca041 867aaa1f
f16db3e7 1bced134 bb0a21ec
ea348b96 f9a3978d c3c85b9e
fc460df2 f751a8cc e88becd8
21d79d59 c936e7ed f55dfa65
2da6d2e5 f3b6f390 55d3ffd0
039b7960 db8b3a56 76da8640
1fb75da8 f29835be ec3b4ab0
7f2faa49 3a7ecc7c f0b6a75c
c02f80ba 40693a43 5be2d4ae
ba2ec9c2 e280b29f 5058337e
3e7cbffa 5438daf9 09819e2a
e31812d6 3e8e1ada 1b1dc63c
21eed7bb 67b50b2f 4255a455
755448e9 0d5c9d2d 5943b5f5
a8d98f79 65cb8b50 66d688d0
5d769e5d 7c39ccb7 a4b2507b
e1bdc641 8f8925cd 9a68270d
40b5e57f 06facae9 84aa1697
57f8a5fa 893e165d 5023c7d2
feac1822 9637cb26 5ffc8b0c
f3babf82 3072de2b 8a54e6d6
b15d9f12 dc239993 044a1956
585f1240 dd2ca866 fcdb4580
f4f8fbe2 1f2c9457 db1441ce
82bdd5ab 6cb4c503 fde21801
17f4ea39 7477ecb3 3cab51db
482df3f2 31ad538b 4394ea66
ebf76ebe 6bdd22b7 8e9b65d2
7cb5ad13 2e5fe9c0 86d51940
d4798dd4 c18a7742 908c1ca8
5dd21a72 91ba127e bc19081c
79c5e3be 524fd94c 086daa68
7337ade0 1721f3d9 0e1e02e0
6cf5d828 9cea3ded 68aaa508
f2c9d310 5feb1622 46a16820
0c1a1b5f 16369a8c 42c81df4
17d8cde6 d6003350 e8c529e0
181fd2f9 647795ce 4525b15e
093743c3 2f8cf918 79bb0548
2e376207 04dbc6c4 3035775c
32dca539 23f039c2 5c6ee632
3a0d38e7 1b618b45 bffcc343
b81b01b2 7ded14c4 8c993448
8f398a74 3bdd712b b6eb757c
493beeed f966fab4 bce570a4
0b7e9d0f 8ce8f2bc ab0b8504
52e6507a 924ee886 36a8afdc
21108e3e 00c7a2f6 d21deb94
c2eb612b dbffa001 727b412b
55075cfd 9b7c14b2 ebee6bea
a1b38426 9d6d0a35 0f81d7de
da7f20c5 3cae22af b12790ab
5ca7cc40 44c8d410 51a1c400
c133771a 94ed036d 28610412
1744faac 50a9c3cb 3a2fca64
ad012803 8038ec3a 83cdd4ae
98e5db9f f6a6977e 08c6e142
730d6143 3f1c42e6 f16ca832
550a6fdf da5ab111 17709ccf
82fc7222 9eaf59b5 6168840a
d4ba4ab1 7fa3e3e4 03d878a4
3e36ed02 626b9f7b d56e1df6
f7573b89 98672b0d 828d08f5
5e505ca8 f2e6109f a8a40c58
a57871d9 8cf9845d 9f863fd5
b16f052b 94e6ae8b 4d6d0859
5577770f ce707e6c 038f9c54
a47d58fb 3ab96688 7f6e4758
355ff16e f7b54bd0 4e756360
a0ea7c1c b553bdce a3648a88
5637f228 49f63c18 4c7013c0
c9efa901 561ada17 ba8d0917
e46f024a db465ed1 2fb40a6a
e7bc9653 aba88385 fd5e921f
e8d3fc85 7c113b28 6d271bc8
19fa632d a42f6d1a 48eb3b92
68410dec 66c75716 ebc66648
6e22422e e3fd9976 6ecdff34
93265a74 3155be86 b9b970b8
74902dfd 4bf14c8e dfcd9e56
d4f407fa f97f1754 ebd01408
3f92d321 b8c22450 3a949e50
4f595d66 d783f6f7 e42b216a
2dfc9d26 57629380 1f176500
d5c64294 8d4b7b62 1d3e98a8
0f7feb60 2e303857 a1f5fda0
a9470712 be7c1476 5c02aa4c
29355873 2d115c63 320d8879
6e619605 d6fd8e9b 673d9b07
84292bf8 92d74a6b 813310a8
a37223bc 7e002d15 00a4fa6c
f9ce8b2e bba183a9 bc806b5e
8b88f827 874117b9 b72dd52f
46628a97 aca850b4 afb0a22c
3a291931 fcc6a082 f0836ae2
b0ad2b37 c513ff6a 2dd4adc6
1b3e1c0d e6190251 8623fa1d
6e5ecb9b 6bd2d086 99328322
bda2dc64 ab02cf1b 352a1a8c
dfdca9f2 7a60d199 006023a2
5a6164f7 946c5f52 7bde001e
a567a161 35e71ec9 b6ce1329
5581a1d2 92fd52dd 0747f64a
54d0e2e2 8e67f2b3 69764806
cbcb08ae e2ec4475 ae812f86
6d81cbd0 7d7c4b26 90ba30e0
94f9d4c6 6947e26b 0b2cbac2
1136d5f4 72219cef b9066ecc
70c5f087 a2478e01 5fa1d287
a944ec99 78608d47 59cde36f
d3b31f25 710635b8 4e0f0b98
9fe25d78 104dee0c 8e99f1a0
62df2854 aa6d3d9c 605c9730
4ac91c37 b72dc8b7 da792351
455a66de a5bb4794 64f50a58
efabcb74 de1f8524 2fe7e050
9993e27c 5fc25270 3536ce40
54df7f9f be0814ee 5cb911d2
3c1d5c4a 41ef2551 36b6e56a
90e8be15 e2823650 717dd490
95b7aeca 273d5a48 1b3e2cd0
83a49110 f373f59f 9c3a68f0
5d172506 90ea7af1 e1eab6a6
185632c0 b85ad657 2b37bf40
6c7c746c 7b16732a 99ff9db8
6b14132f d3e38b69 91536347
1c1c4409 7af4efc3 efa039db
988d7815 e4524e1f be71f08b
ddafd3f1 90f4f022 d9c01602
a0257c9c 19da0ce1 dba1d51c
19e212c2 af2c0aad 29da411a
2cc4c49d 0e17b8f8 0c0a5018
c232fbc8 19621b22 15e38890
34bf6e4b 87342eef 98c57205
39afdba1 dd69a0cf a080372f
761304ec cc64db84 23346db0
0d6e92ec 501b2270 cec79f40
f43b156f 248bbad3 798a507d
c0e00efc 4c982db7 f86d0224
dbdb288b df86cfb9 64eab173
742cf7b6 c666bc4a 116d429c
63a5a23a 408f99de 85fd584c
22fa0c71 16eaef99 6e58ee89
4982f9f6 8367bcf0 8e54fea0
793a3112 dd669172 08e10c04
e0f941c1 64298a64 2ab8b964
6dc2b519 e208c562 94ad9092
ee84a36d a866f843 90765d87
ccd21ecd 9ef9c1ed 832410c9
d5be15e0 fb59ff66 bc66d740
d12c09ef af1f1a31 17612cbf
13ac7546 b603e21e b18f8a34
e8cd5098 f6bc4041 afe77698
f23cdc22 7373be90 96e30f20
3022e953 ba85b2ce 887276ca
83c14595 32004b09 5b2e193d
f64855cb 4fb51234 6a40b33c
b9dd001b 802d8523 bf040ab1
ac8ef2b9 fd7563d7 f778645f
243efef1 b0582aa4 e106dc64
36ff5173 cab225a2 144d29c6
9aaf338c ace69f5f 97d014f4
e13ad511 26758a90 4eb80390
f47991f7 5dc3c736 fc40cb1a
7defa809 3c89ca41 1d41c449
71712b73 2c7ce07c c889abb4
3945fc9f c45406e1 9a9ac1bf
7d5a873f bf991c83 e1c5193d
0ac485eb 90fced1e 3656408a
d95b2cef 4e8c886a d45392f6
63b4b160 ba28a262 fa6aa6c0
abda6fa5 1c4d3b09 0309f3cd
6e8cbb7c 0070c7a1 f27f4cfc
5b2fe6b1 1d520ed3 b8cad1e3
0188f891 505bc338 56d7d2b8
436c958e 8b778c94 fb921e18
24b540ca ca159b5c a3ef9698
06f7f0fd b360a404 3821d7f4
3b94fd2d e7373101 bfb59a2d
7f2f6a6c 4f65526f a641bcd4
98198388 0b8a826b 46c509d8
a26d0dc8 a166581d 28c74fa8
92de400d ecf72695 41683591
23ee2fd7 f7582634 8a63a1ac
5f2da1d3 d0a1d3ba f93b7c4e
6dee6299 6bd03f0b 72d1e393
13386915 812cb15c 8d89488c
02218492 0b4dd60e 48914bfc
3a6cabd1 3a690ee6 41c0cbc6
0bd53ccd f0055e9d ee1a8fb9
2a28cb17 b025e28c 3bec5e94
0c16d817 b64632bd d35c06fb
557464c5 c168d8b0 6a137f70
0f696afc 87c691c7 5372e5e4
0be8ca89 41f34372 43b70c02
b6ba0504 93c361f4 c33f4bd0
b8fc4eeb c7872123 1b981521
d75ecfe0 3af973a3 a99ffba0
05dfa376 f7de200b cf5ec612
d0b51838 908a9af6 0cc6f5d0
e7e297fc 2933ac50 5820cec0
63fe3498 8073e4b2 8ddff1b0
f6ac2e05 fd12c523 664e23af
89b233a2 be4bcce7 9d67af2e
9632b924 6db045bc 95e6aa70
52cf0a7d 4182a5af 1dc4bc73
cefda0fb 1f071329 c56e6933
69475fd9 1134196b da4540b3
282f7c00 18ddfabc edf71000
98690855 7b459993 603395cf
83fbb46b 50badc27 f022704d
5e3b7122 4fa08672 46f02d24
301c0062 45bf6a14 0d769ba8
cf3079f9 437662a2 0f248192
32386c78 acd831fd 93c62a98
30f47aac 8e8c2fde d497f528
e84d6a10 bd53672e 16c57ee0
fc11947e c22b209e 329365c4
39c42845 b8c32d8b 1d24fe77
1fed8ca1 1dc86c44 cd3546c4
f1537456 a6df4545 a4c3892e
2f5816ee fbb3e133 3d1dbf6a
6150b722 1d98250e 9311eddc
2ff7e561 1bc98099 f20196f9
f9a50b74 1e94ec9a 8ae7d3c8
9c453f3e 8115d196 874aac54
331a9e97 c08596af 2c91e339
f7a0b136 9bd9e4bf c77e4f4a
7e29cac6 ae0162da cdfc789c
52d918e4 5ec9a2ae f45332f8
7c928770 e65d1a63 e21bc050
30ebc4ca e28f920d 330a3242
7d50ba01 d3944461 4892be61
3e55c4e6 4f606a9c 500b3828
d2459153 13d65648 26c4c158
26825682 870ea462 866c65c4
4beef13f c6026c46 2d9a8b3a
e0affd21 f6d6da8f af727f6f
4b4f2f6f 3ff56cf0 b87a4c10
da9fa907 4c380aae e2a728c2
ffb2e76d 70a91621 cce8330d
b56e7326 89d23fe4 8fe0e7d8
8ca606f5 d564a2f3 22b3a48f
bcc5e2a6 2250b716 8de62444
7857e278 81f7f6c0 af512a00
69b0e64e 44d26172 bc061cbc
a85b639b db5cd019 168eaa23
04366e3c b0b669a4 a4bd3a70
4e2d7c3d 321f9e98 73126a38
0b7a0e6b d438899e 2a74290a
aefff236 3822450b 7c73f652
14b3b420 bd692337 855c12e0
78f94d9b 5d4ef862 c6d7dd56
97e0c873 a704a929 de20056b
69388c16 657dddd3 9f487422
9a7e9280 c20891c4 8de2aa00
e3bda30a f1546110 ffe8faa0
1df8155a 76835cc7 dc92f0f6
60d32bf4 c239e7b9 3697ef54
a93724cf dae4f55b fb303095
ea07731f 8d4831c9 a09a5257
c51eb743 ddde9326 a8e4acf2
e627c077 7506c075 e64e3663
40bad1dc 50963d21 92fe795c
12c74842 522fe899 3ab3ff72
5357ab00 d5547e3f c4bd1500
de084552 ec68adbe 224bdcdc
51ba427f f119768a f6756276
9a4bb737 7adf84f5 83d7b3a3
092e101a 482d5b8d 92aa1c52
7f1d2a27 4de96b58 fb23ca68
ad89beb0 cc957fe9 8467de30
4c1799c2 e1a5c3a8 85a5ad50
d1d7f436 3b011ca1 fdbc7df6
538b3dfb 8bbc079a ddc925fe
c1404201 855c3f2c 44a5972c
27eefe38 cb1f99e3 6fa2e3a8
148bf699 7280e3fb af647303
c68b9dc1 5bf24ec9 2921aa89
4b9cd9c4 4c4e1809 e6a607e4
0f4158ef cadb6029 9d45de47
b9053767 3e38253e a0cd4df2
746112f0 ad1d619e f146a020
32e903d5 22b9f86f ddac015b
b6302601 a8de2a90 fe2f8a90
252a36a3 ba56efb7 c2f13b85
282a857f f2bae007 5a3ec679
309e767b a8446ba8 542f29b8
76caa81e dc1bfe0d 9e424d86
36015d68 c01909e5 7aa93608
e716628f 23c74130 2d61c9d0
3096de5c 141b774c 31dac750
844cee34 0f03aab7 7fc8cf2c
0c2a8b77 e031b810 28ad3f70
9436a986 1ec0ff73 dfeaa132
153c3cc5 2f293efd 79ccc4b1
aa5884e5 1920ce21 29f96785
3e2bf4e7 27533355 fe4755b3
f1e4bd53 ac7d886a e2d17c5e
bdbfcb3f 98f363ac fd42eb54
5a03382f 32078bc9 2351a1e7
10dc2c5d 6abcf4c2 b76e427a
385d5e22 3fedb8fe 8bc5d5bc
d9641894 694cdb7f 799ecd6c
cc8597a9 66febb12 c6db1ce2
90227d29 2cfae203 68efa97b
7c9427d9 ed24202d ea8a2125
f43ebd4c 2dc4f0b0 06c96440
b662a062 d4389e0a 3c46bfd4
6d605035 8845dd88 06b15d28
dfbbb86c 13ce2109 7b4767cc
d5e53d95 a0e1f5ae 05b47446
7977eccb b74ce8c2 24bd69d6
6547ff7e e2be4253 41ba51da
dd28ca93 3d2b75f2 c2d5adf6
7bf70dca 83fc3e97 e4e80e26
b96ecec2 259cc5ea cc9c4754
c0317823 036a0010 2a958230
4a6dd98e 2a177b43 1a092a2a
fbf227cb 376e4a87 926daa0d
d5b255a1 3c679c3c f1c12dbc
64036cf9 60280f73 87d48adb
a7093a3b da74dc93 791323e1
76013977 15195b7a 0ba1afb6
0687a500 16bc24dd e24d7100
d468f33d 5301bbc2 5b72e33a
1b25696a 51295aff 9d4d4496
187ed1fc a7026ae8 bdd8a460
d0da5163 a1d2f0cc 207baae4
9a81efff 6107c409 1949abf7
b6087b71 bd67d7a7 f6ab6db7
f87d04d7 a9b014ee 0b6b4be2
e61f7ee7 b67a0e26 95b3784a
d3885910 00a1ffc1 4d921510
eb7270f8 0829495c 170f5120
78a73871 d93722b9 4f9dcba9
842eb0bd 6e992691 a3a3290d
1d3b1072 fbafa74a febb1ef4
a86016d7 26768b53 34a824b5
64f164cf c7257707 7360faa9
524f76f6 6351ada6 d8c16184
8f8c8a3a e50bab0d fcf5c2f2
e8586c44 1968a52f 45a3b47c
4e3915bd 132ff800 51c21800
4f7e3a2a a5b46557 c8605646
a3159ac0 c3e1dfb5 62d3a9c0
d5d5b11d f2cecfac 651f727c
a2c17e34 5c97d2ef ccd77a8c
987d9683 1cd75aa1 c9eab663
bbfb79f6 d103c38a 2758209c
55982d1d 9e5e36d8 c8902e78
8e775bde c7edec49 473fda4e
abdfc9ac 04981cb4 c1889cf0
e38fa2cd 5c00355b 4cc34fdf
ed30f958 48a4f409 80c0a418
dd8c3554 1d7e015b 106448dc
cdd90aa3 e973196a 9021527e
d06d82da 324b1717 7a765796
36e04d06 b0548f8a 45e7df3c
fbef5b57 0105700d a2d0b36b
fe7e2fae 4b12b42b ccf45a3a
ab114f3b e0894478 cfbbcfa8
49e24f50 021646d4 81f98e40
70d4d767 7906523c 5a4b7a24
04a9b571 ceff7498 5489ef18
18c559be 2eeb8fa8 040e06b0
df026b41 17a7cc4a 3291ccca
4eb82d15 e39eeca5 f83a6a89
767e4cf1 cbd2582b 8a5bc47b
ed8cd4f5 791868e4 8be93234
002f8a04 f42cd668 595f69a0
9c9c0986 5aee8a3d 64e480ee
59c4eb09 3afd70ba b1cbb48a
b9c6a36a 31b60694 8606f548
73fccdee ce21dd12 753af0bc
fe6e8459 25e8dd07 2aee736f
c7024785 ea8b33e8 35874f88
04acd43f 413f2c5c 9d181aa4
b2ae5f08 f64043b7 cf8506b8
2fcc2843 73966920 664a8360
b728f879 7989bea9 7c36d5e1
6e6cbd9a dec91c85 ad255902
36286cf3 d437b661 e6fb0a13
7829a14d 41231909 e4be30b5
6cd85714 6540b65c 94a78330
f9325ff7 9675950b 9ce7e29d
90a444fe fde6b953 9d51ec5a
820d61e3 489ecdc0 83863140
aa24a16f 53b223ee 6c4e4232
a43572bb 9f553741 6a4f4e7b
2c6eb8df 7be7e16e 5e486ed2
1c264beb d10f45ca d6733e6e
260870bb a559481e 8cb4cdea
8fad35c1 c15c3579 975b5d39
a96029c5 35cf6b39 7729a3dd
74b2b5f9 55acad78 690a91b8
2a26e048 ea89cc52 51b53710
80c59ddd 68d62290 6cde2650
10ca4121 e7e5a28f 67b6436f
2608dfba fd1d33bc dd285a98
a7ef61c0 69f4d9d8 86d63a00
4c57050a 1cf9ef22 5ffd0154
fb36ebcc b85b5110 858e48c0
b8fbb13d 515ee676 c6a6801e
757ff7ea 5bcb3d85 4e1c8e92
e820100d a8342237 eba92ccb
13aeae85 307142ef 61c8382b
eadc8175 8553903e ac282a56
e43cdcae 5c3592c8 3d6da3f0
133e4841 cf30a539 889ffb79
ef7dd59b 3b694ebc 8d1117d4
c1ded87f d99d37ba 294f9546
1dde7c2f 7aaa32e6 275ac03a
65b4b925 5008193d 3b4cbad1
86bed01f 4ef135bd 5b2511e3
f3e0a7c9 8b3ffad4 c75c3c74
616775f2 57372a11 06368912
dffee0af f7fd1d8b 64cad205
99ab745a 7a256334 39d47048
a50cecc4 e62e0fe5 09a74754
379be1ca 7c94cc02 07ecbb94
ec89fc8c 158e9874 ae218f70
e38a0e13 87aca28f f0c9e29d
b393d6fb 13a3de92 218f4526
f7a9f253 37aa8304 95c6424c
09427078 667ab0cc 77741fa0
a37f6633 27c8e75b b0595921
d6719ef1 82553b40 f40e4740
a26a10e2 76ad4681 6cca4de2
04648e8e e1f6d54b be85e99a
c534fa9c e0a1c199 e9b5633c
ef9d0055 8ceab175 d9adebd9
58f88ffb 4c2c0e80 574bb780
99a2201c c6762df8 c99c0720
28e8a6ba 531abb5c e249c8d8
03388e9e cde6beb0 d8af50a0
7e934fd4 bcf977bc c37e2bb0
9566e0ed fed0fb12 46542faa
f724eccd 36e6bc4c 7b0ad8dc
4ee8e7fd c7a15dcf fbb77e93
59361737 4d516bbd 5c0a209b
ee007823 dbdf757f e0a0985d
9705b44a 017f129f edee2df6
81b35cda d0358315 c55c2be2
8f108907 97bbf794 e2e1f90c
76f7b967 2c9f036b 7bafb30d
445c696c 3e9c63a8 ff39f2e0
bd8ca184 329f96d1 3f6f34c4
a0e1e5d5 8328aae2 f254580a
7ffe8eb3 19f26ce1 4324ef53
6d6ce82d d6de45bc ab94a20c
3f4d2b17 a7f6b865 d9848813
af83bb07 7ff27eef f7a70d89
267203a5 f24c9818 5bd64f78
9b591b3c 808299b2 19b3cbb8
cf9d92b5 8adde302 9092a46a
2923d2e8 8e32c480 e0b31400
8e5a4f6a d1b2a7a4 dd5d05e8
f3ba7624 cb4cfdb0 75a2ccc0
a5b96ec7 931aea12 ab81affe
b9d61a83 d6ff72bc bb86ce34
93376ddf ced0f4fa 5009d7c6
40327daa d81c1099 b49fba9a
accd5eb6 7c849acf 42e1112a
466347a0 bb702f89 1b47b4a0
d562fd85 3eb53fd2 dca0b21a
94a9cf4f 406e41c7 81953569
603859d1 e88d2d12 8bdd0db2
d15206d8 9061a819 5d586b18
b548b1c2 78582f8e f1a5379c
fe344737 d82853fd b559365b
e81b0e5a 8ea32939 12a09c0a
f2c4d529 6ffe4849 dbc250b1
7800f8b6 3a041ddf c3dd448a
2c110d2d 112faf80 18cb5980
7a0e4e33 fc6e3043 6e520759
1aad0fc2 713d254a 1c879814
b1cdb836 8e4a5f2e 7def23b4
cfe01225 0245fe23 eb9c310f
ada19ac1 5e938941 4cac9401
856c3161 e6b3860b 0a51e52b
c34d2c7c c430a0ad 7e348fcc
cedc271c 10a5bdd6 69f45d68
ec70d733 6724d669 1658e5eb
7b9e0e53 e1fff263 6f570019
35a4d4ec e2c9703a c9cb7d78
4fbe1ab4 2145b2a0 6be5d880
1f283f1e 354af439 c0caa5ae
e6b282d3 603ade25 e90de27f
ccd0436e c25f9a7f 45b39f92
04abbd06 10ca2235 4d64ee3e
17e0f4b0 7b6c0b76 76745920
a40d1720 4fa6d630 92891600
9e2bae24 20abc344 1b4bad90
d0dfa761 f98d17bd d695499d
b088a72d 1392ba91 f587627d
a8bceb43 42ab3ed5 91eaf8bf
2f3198fb bfa5d4af 345e6f95
78344903 fb4699e7 9ea2acb5
f751a725 0565b6e2 0d82dcaa
4140de0d dce1e544 b1499c74
002e9eeb 9a2d88e3 3b12c261
b12c2802 ec5f9ce1 50ee61c2
b1f57a7f 3af0e1b4 7e53c04c
f5865b4a 72c1ad41 e9982fca
f79eccbc 5605e108 7693a1e0
58e64a3f cc0219ff d3221bc1
52b32749 603b1ef9 dcaec401
b36b2738 296d271c 9d89d220
1840b084 f371275d e0a83bf4
024650d6 e6883704 5a273d58
b7047f0e 3e981cb7 266c5b02
78d1534c bdbb03ec c976ae10
6eeddc97 5057e930 71afcb50
029687f3 c9e08849 74c5dc4b
e1795cb8 20b5bb78 e5b5de40
07a56587 26f8fd13 6b64f405
c65ec891 91bf8331 3df596c1
726750d3 ec23d3c9 8b955eab
3e7295fc a5eecd99 f0de6f9c
a5459927 0e2ccbe7 c6f31f31
3b0ef9c1 19d3f996 dec61016
a6cae833 cb153154 0e34f3bc
232b653b bb60ffee fb4de1da
a870ab07 f341dc82 6df7dd8e
7eeb1a98 f8309de6 73091c90
20ac39c2 1e6d4d92 c3324aa4
9c511155 f3d84587 97240cd3
9c8eb99f 5319d383 6d8e095d
2ca75e38 9a17807d a3dd0158
142d2283 2d664d24 30ec416c
16465dfe 24d8ff87 dd0b92f2
453b3343 c6a6b6b2 490d4696
09bf5b67 3654eb82 53dff74e
3358d6c5 5a62d631 90f3c9b5
051a67a4 0dda1f00 c834dc00
b589b659 927dae1e ab88dc6e
32757ace 5a077119 904fec1e
f52e942b accd2af4 df2346fc
e4be4119 655aec1c 289c2abc
3409c6cf a2531150 5c5edfb0
ec836a32 6b13aedf 205d7d8e
22bebf7f 3d008de6 89d8ff1a
096213b9 8da9cf51 301bd489
38dd3b8d a64e5e11 9584ba5d
8841ddfd 10823f84 0211b974
2de5e7a5 c1a68445 84668379
74790beb fa9e92c5 82fc31d7
5ff0e705 019f2c32 a5dcfafa
e4e65ea4 8c1455e2 a59c00c8
cb0aba86 4ebb71ca 06ae53bc
effe9b89 31f06431 6ded4939
08e8160a 23473ba1 91d02a4a
5c69c4bc 534fa70e b7236648
83b37b50 c235d025 04b1d290
5f3abe4e d012b7b0 37e897a0
6d8e3af4 d28eebcd 265b3164
4a1a5974 e98e7526 3d234b38
285c9a8a 4862ed1a cd4d7404
14746fd5 892d806b 6a063e07
5ff94277 bb9eab1a 31283d16
c39dd0d9 860c40ea a2a3265a
6af3d5d5 1a060e4b 501f4b67
e1ca38d0 5dbed1c2 ee00dda0
6840a48a 48ef00fa 3bf6aec4
d4f30999 103bcbc5 5de5b5bd
1b45a484 71b0699a 571f1b68
b52988e2 2e1b7797 35f6cb4e
2cbc3816 e9f74e74 c19a1df8
f1caf1fd bbf21fbc b48158cc
e1d48c6b ce3bf8b3 464ed6d1
07888b5b 255e82d2 d73086a6
34131aa3 4497148e 62d2826a
ec4993ae 2902bfc9 704fc59e
a05499c5 a339a8ec fec4099c
